No.,날짜,출처,제목,URL
1,20250402,커뮤니티,4/4 금정라... 남한산성갑니다,https://cafe.daum.net/Gangnam-guBicycle/bNTq/148
2,20250402,커뮤니티,[어린이날] 밸런스바이크 스트라이더 (4월3일 open),https://cafe.naver.com/gongz/13841?art=aW50ZXJuYWwtY2FmZS13ZWItc2VjdGlvbi1zZWFyY2gtbGlzdA.eyJ0eXAiOiJKV1QiLCJhbGciOiJIUzI1NiJ9.eyJjYWZlVHlwZSI6IkNBRkVfVVJMIiwiYXJ0aWNsZUlkIjoxMzg0MSwiY2FmZVVybCI6Imdvbmd6IiwiaXNzdWVkQXQiOjE3NDM2MDYwNDUwNTB9.tb6SsQYAU5eJuvpYOlzF3V_RSQ9NGCpCAD8ICB2h7zw
3,20250402,커뮤니티,쿠팡이츠 배민커넥트 라이더님 모십니다.,https://cafe.naver.com/1sejongcity/1789511?art=aW50ZXJuYWwtY2FmZS13ZWItc2VjdGlvbi1zZWFyY2gtbGlzdA.eyJ0eXAiOiJKV1QiLCJhbGciOiJIUzI1NiJ9.eyJjYWZlVHlwZSI6IkNBRkVfVVJMIiwiYXJ0aWNsZUlkIjoxNzg5NTExLCJjYWZlVXJsIjoiMXNlam9uZ2NpdHkiLCJpc3N1ZWRBdCI6MTc0MzYwNjY1ODM0Mn0.zKZTNhDm_XbYxIIVJZ3aYI0jibMyN-jWrkjQYhZXwzQ
4,20250402,커뮤니티,[앱 상품]삼천리자전거 초등고학년.중학생.고등학생 자전거,https://cafe.naver.com/joonggonara/1101077848?art=aW50ZXJuYWwtY2FmZS13ZWItc2VjdGlvbi1zZWFyY2gtbGlzdA.eyJ0eXAiOiJKV1QiLCJhbGciOiJIUzI1NiJ9.eyJjYWZlVHlwZSI6IkNBRkVfVVJMIiwiYXJ0aWNsZUlkIjoxMTAxMDc3ODQ4LCJjYWZlVXJsIjoiam9vbmdnb25hcmEiLCJpc3N1ZWRBdCI6MTc0MzYwNjA2MjM0NH0.xuXyo0Bxrap2zgbqfgO7Ru8JCJqbRuQfsqU6C9CWVS4
5,20250402,커뮤니티,영천시 자양면의 다양한 공공 일자리 및 부업 기회,https://cafe.naver.com/bsns43/308?art=aW50ZXJuYWwtY2FmZS13ZWItc2VjdGlvbi1zZWFyY2gtbGlzdA.eyJ0eXAiOiJKV1QiLCJhbGciOiJIUzI1NiJ9.eyJjYWZlVHlwZSI6IkNBRkVfVVJMIiwiYXJ0aWNsZUlkIjozMDgsImNhZmVVcmwiOiJic25zNDMiLCJpc3N1ZWRBdCI6MTc0MzYwNjM2MTA1MX0.CWqeVM2_PcvSvyKripCfDknwIUy1oopqRrWCsh413nk
6,20250402,커뮤니티,권외 가즈아,https://cafe.naver.com/haejukdl/147211?art=aW50ZXJuYWwtY2FmZS13ZWItc2VjdGlvbi1zZWFyY2gtbGlzdA.eyJ0eXAiOiJKV1QiLCJhbGciOiJIUzI1NiJ9.eyJjYWZlVHlwZSI6IkNBRkVfVVJMIiwiYXJ0aWNsZUlkIjoxNDcyMTEsImNhZmVVcmwiOiJoYWVqdWtkbCIsImlzc3VlZEF0IjoxNzQzNjA1OTYwMDQ4fQ.iUKi1ZPPQ2TgiDBkGv_6T4v1HB9obi0lw---WB-TKMY
7,20250402,커뮤니티,[ 2일차 쭌맘마 흠뻑쇼 챌린지] 4. 2.,https://cafe.naver.com/cantsb/2864250?art=aW50ZXJuYWwtY2FmZS13ZWItc2VjdGlvbi1zZWFyY2gtbGlzdA.eyJ0eXAiOiJKV1QiLCJhbGciOiJIUzI1NiJ9.eyJjYWZlVHlwZSI6IkNBRkVfVVJMIiwiYXJ0aWNsZUlkIjoyODY0MjUwLCJjYWZlVXJsIjoiY2FudHNiIiwiaXNzdWVkQXQiOjE3NDM2MDYzNTEwMzd9.Z9AuWZxACNI-FYCRTaboLS49nERnTjoKVIPB0Lvw4No
8,20250402,커뮤니티,★깨끗하고 안전한 연세 익스프레스! 초월읍 현장 사진입니다! ★,https://cafe.naver.com/easyup/1058680?art=aW50ZXJuYWwtY2FmZS13ZWItc2VjdGlvbi1zZWFyY2gtbGlzdA.eyJ0eXAiOiJKV1QiLCJhbGciOiJIUzI1NiJ9.eyJjYWZlVHlwZSI6IkNBRkVfVVJMIiwiYXJ0aWNsZUlkIjoxMDU4NjgwLCJjYWZlVXJsIjoiZWFzeXVwIiwiaXNzdWVkQXQiOjE3NDM2MDY0MDgwNjl9.yufxYKuVoioRpcXYdczqpZKxwBZaFNX9_doPQ4YyyDk
9,20250402,커뮤니티,[미국 비숍빌 (SC)] 비숍빌에서의 편안한 숙박: 아메리카 베스트 밸류 인 비숍빌 호텔 리뷰,https://cafe.naver.com/hoteltravel/312885?art=aW50ZXJuYWwtY2FmZS13ZWItc2VjdGlvbi1zZWFyY2gtbGlzdA.eyJ0eXAiOiJKV1QiLCJhbGciOiJIUzI1NiJ9.eyJjYWZlVHlwZSI6IkNBRkVfVVJMIiwiYXJ0aWNsZUlkIjozMTI4ODUsImNhZmVVcmwiOiJob3RlbHRyYXZlbCIsImlzc3VlZEF0IjoxNzQzNjA2MjU0Mjk1fQ.eGF3BW_f9EocXlRETcBMU41zZmfGoOLRiS0pt3LUpu8
10,20250402,커뮤니티,여의도 선발대들 혹시 지금 벚꽃 존나 피었음?,https://gall.dcinside.com/board/view/?id=pokemongo&no=2227585
11,20250402,커뮤니티,역시..굴러가는것은 휠이 중험~~~!!!,https://cafe.naver.com/mp3vilge/2233512?art=aW50ZXJuYWwtY2FmZS13ZWItc2VjdGlvbi1zZWFyY2gtbGlzdA.eyJ0eXAiOiJKV1QiLCJhbGciOiJIUzI1NiJ9.eyJjYWZlVHlwZSI6IkNBRkVfVVJMIiwiYXJ0aWNsZUlkIjoyMjMzNTEyLCJjYWZlVXJsIjoibXAzdmlsZ2UiLCJpc3N1ZWRBdCI6MTc0MzYwNTYzMjA3OH0.Fipp22sKpvEpKMQPqo-CkyEkV8j9f8RMP2D6V2g2vfM
12,20250402,커뮤니티,겨울철 무풍 타워형 온풍기로 안전한 난방을 준비하세요!,https://cafe.daum.net/junggoland/VUPI/385
13,20250402,커뮤니티,꽃길 달리기,https://cafe.naver.com/humanrace/146164?art=aW50ZXJuYWwtY2FmZS13ZWItc2VjdGlvbi1zZWFyY2gtbGlzdA.eyJ0eXAiOiJKV1QiLCJhbGciOiJIUzI1NiJ9.eyJjYWZlVHlwZSI6IkNBRkVfVVJMIiwiYXJ0aWNsZUlkIjoxNDYxNjQsImNhZmVVcmwiOiJodW1hbnJhY2UiLCJpc3N1ZWRBdCI6MTc0MzYwNTc3OTc3MX0.R8swUwOGVh31CP-iiLlsndvZHaXd-W44ycgn02a9m1A
14,20250402,커뮤니티,"파릿 분타 현지 투어 예약, 놓치면 후회할 정보!",https://cafe.naver.com/mymalaysiajourney/1448?art=aW50ZXJuYWwtY2FmZS13ZWItc2VjdGlvbi1zZWFyY2gtbGlzdA.eyJ0eXAiOiJKV1QiLCJhbGciOiJIUzI1NiJ9.eyJjYWZlVHlwZSI6IkNBRkVfVVJMIiwiYXJ0aWNsZUlkIjoxNDQ4LCJjYWZlVXJsIjoibXltYWxheXNpYWpvdXJuZXkiLCJpc3N1ZWRBdCI6MTc0MzYwNTc4OTM4NX0.QSTqC2TWZlvY-xXJ--196_3THwfh7qejQ8M640OJW0Q
15,20250402,커뮤니티,"[미국 웨슬리 채플 (FL)] 웨슬리 채플의 편안한 휴식처, 베스트웨스턴 웨슬리 채플 호텔에서의 완벽한 숙박 경험",https://cafe.naver.com/hoteltravel/312884?art=aW50ZXJuYWwtY2FmZS13ZWItc2VjdGlvbi1zZWFyY2gtbGlzdA.eyJ0eXAiOiJKV1QiLCJhbGciOiJIUzI1NiJ9.eyJjYWZlVHlwZSI6IkNBRkVfVVJMIiwiYXJ0aWNsZUlkIjozMTI4ODQsImNhZmVVcmwiOiJob3RlbHRyYXZlbCIsImlzc3VlZEF0IjoxNzQzNjA1Njk4OTY5fQ.g9lDNd8bdXcFmBcWllSn1Z8zX6Wj4L6dQmsyWMzMnq8
16,20250402,커뮤니티,4월 중장년 채용설명회 총정리! 대기업·중소기업 대거 참여,https://cafe.naver.com/aceseniortong/41?art=aW50ZXJuYWwtY2FmZS13ZWItc2VjdGlvbi1zZWFyY2gtbGlzdA.eyJ0eXAiOiJKV1QiLCJhbGciOiJIUzI1NiJ9.eyJjYWZlVHlwZSI6IkNBRkVfVVJMIiwiYXJ0aWNsZUlkIjo0MSwiY2FmZVVybCI6ImFjZXNlbmlvcnRvbmciLCJpc3N1ZWRBdCI6MTc0MzYwNTYxMzk3NX0.121mfUcvfuuxw8d1Uh7rV3aneiD-bdN7JZ00ebhKpsU
17,20250402,커뮤니티,호이안 망고보다 비싼 자전거 주차료ㅡㅡ;;;,https://cafe.naver.com/happyibook/5351724?art=aW50ZXJuYWwtY2FmZS13ZWItc2VjdGlvbi1zZWFyY2gtbGlzdA.eyJ0eXAiOiJKV1QiLCJhbGciOiJIUzI1NiJ9.eyJjYWZlVHlwZSI6IkNBRkVfVVJMIiwiYXJ0aWNsZUlkIjo1MzUxNzI0LCJjYWZlVXJsIjoiaGFwcHlpYm9vayIsImlzc3VlZEF0IjoxNzQzNjA1NDE1OTgwfQ.qaXcIVaxc0sonvPg7xHU6KDP-38jTCqREM0o8MaSIqE
18,20250402,커뮤니티,여의도 내일 갈건데 할만함?,https://gall.dcinside.com/board/view/?id=pokemongo&no=2227581
19,20250402,커뮤니티,서울의 자취방,https://cafe.naver.com/sumalco/12293?art=aW50ZXJuYWwtY2FmZS13ZWItc2VjdGlvbi1zZWFyY2gtbGlzdA.eyJ0eXAiOiJKV1QiLCJhbGciOiJIUzI1NiJ9.eyJjYWZlVHlwZSI6IkNBRkVfVVJMIiwiYXJ0aWNsZUlkIjoxMjI5MywiY2FmZVVybCI6InN1bWFsY28iLCJpc3N1ZWRBdCI6MTc0MzYwNTQ2MDExMX0.d-OUK9Pf_VcglkZDDgSFlVG7dKVJCinaZXCZr6hW3Bw
20,20250402,커뮤니티,"2025-03-08,꼬맹이신랑님께서 주최하였던 부산역 시작 라이딩 후기",https://cafe.naver.com/martinlab/3359?art=aW50ZXJuYWwtY2FmZS13ZWItc2VjdGlvbi1zZWFyY2gtbGlzdA.eyJ0eXAiOiJKV1QiLCJhbGciOiJIUzI1NiJ9.eyJjYWZlVHlwZSI6IkNBRkVfVVJMIiwiYXJ0aWNsZUlkIjozMzU5LCJjYWZlVXJsIjoibWFydGlubGFiIiwiaXNzdWVkQXQiOjE3NDM2MDUyODQxMDV9.I3ooGawmV44Lly2xM0lWnPCw3hLgZ5e6XWXmBKmxem4
21,20250402,커뮤니티,아이랑여행) 호이안에서 아이랑 할 수 있는 체험들,https://cafe.naver.com/warcraftgamemap/3020690?art=aW50ZXJuYWwtY2FmZS13ZWItc2VjdGlvbi1zZWFyY2gtbGlzdA.eyJ0eXAiOiJKV1QiLCJhbGciOiJIUzI1NiJ9.eyJjYWZlVHlwZSI6IkNBRkVfVVJMIiwiYXJ0aWNsZUlkIjozMDIwNjkwLCJjYWZlVXJsIjoid2FyY3JhZnRnYW1lbWFwIiwiaXNzdWVkQXQiOjE3NDM2MDUyNDE4ODR9.ACpC2ULHQ5BVXLITJdytUk3soBFvsCfEbhYQJC0dTUk
22,20250402,커뮤니티,20233345 정진수 자전거의 기아변속 원리와 변속기,https://cafe.daum.net/onyanglee/1LgN/935
23,20250402,커뮤니티,3월 럭키레이싱 이벤트 참여,https://cafe.naver.com/yanadoofit/21101?art=aW50ZXJuYWwtY2FmZS13ZWItc2VjdGlvbi1zZWFyY2gtbGlzdA.eyJ0eXAiOiJKV1QiLCJhbGciOiJIUzI1NiJ9.eyJjYWZlVHlwZSI6IkNBRkVfVVJMIiwiYXJ0aWNsZUlkIjoyMTEwMSwiY2FmZVVybCI6InlhbmFkb29maXQiLCJpc3N1ZWRBdCI6MTc0MzYwNTA0MDkwN30.w9Et9TwazbQXCBY_Kt1Zuoq6jYYSQyV1J5jpOwO618A
24,20250402,커뮤니티,저녁은 돈까스입니다^^,https://cafe.naver.com/sgoijapan/13508?art=aW50ZXJuYWwtY2FmZS13ZWItc2VjdGlvbi1zZWFyY2gtbGlzdA.eyJ0eXAiOiJKV1QiLCJhbGciOiJIUzI1NiJ9.eyJjYWZlVHlwZSI6IkNBRkVfVVJMIiwiYXJ0aWNsZUlkIjoxMzUwOCwiY2FmZVVybCI6InNnb2lqYXBhbiIsImlzc3VlZEF0IjoxNzQzNjA1MjgzMjI2fQ.jkOXiGw0KL4yJm5cs71LWpJMVBzQoIcHolIaJHURsSQ
25,20250402,커뮤니티,"[미국 사베이지 (MN)] 사베이지 퀄리티 인 호텔에서의 편안한 여행: 역사, 시설, 주변 명소까지 완벽한 가이드",https://cafe.naver.com/hoteltravel/312883?art=aW50ZXJuYWwtY2FmZS13ZWItc2VjdGlvbi1zZWFyY2gtbGlzdA.eyJ0eXAiOiJKV1QiLCJhbGciOiJIUzI1NiJ9.eyJjYWZlVHlwZSI6IkNBRkVfVVJMIiwiYXJ0aWNsZUlkIjozMTI4ODMsImNhZmVVcmwiOiJob3RlbHRyYXZlbCIsImlzc3VlZEF0IjoxNzQzNjA1MTUzMTc3fQ.kvtfWSw5nkA2H1DgLWvSCk7gTh5WeiViECtjo2gqpO4
26,20250402,커뮤니티,초3아이 자전거 파실분,https://cafe.naver.com/sugivillage/5561?art=aW50ZXJuYWwtY2FmZS13ZWItc2VjdGlvbi1zZWFyY2gtbGlzdA.eyJ0eXAiOiJKV1QiLCJhbGciOiJIUzI1NiJ9.eyJjYWZlVHlwZSI6IkNBRkVfVVJMIiwiYXJ0aWNsZUlkIjo1NTYxLCJjYWZlVXJsIjoic3VnaXZpbGxhZ2UiLCJpc3N1ZWRBdCI6MTc0MzYwNTI2Mzg2Mn0.ynrUsr0Xf-97BpBO5x-Cqir06CeYr0Y6sqhV4z5NxWo
27,20250402,커뮤니티,"네덜란드 여행: 차량 렌탈, 꼭 필요할까요? 알아보세요!",https://cafe.naver.com/indohotelstory/1461?art=aW50ZXJuYWwtY2FmZS13ZWItc2VjdGlvbi1zZWFyY2gtbGlzdA.eyJ0eXAiOiJKV1QiLCJhbGciOiJIUzI1NiJ9.eyJjYWZlVHlwZSI6IkNBRkVfVVJMIiwiYXJ0aWNsZUlkIjoxNDYxLCJjYWZlVXJsIjoiaW5kb2hvdGVsc3RvcnkiLCJpc3N1ZWRBdCI6MTc0MzYwNDkwNTkxM30.u8aNRUPXu-nqQl6OZte8EXXB2A7OXrB5vGcknHJ7szA
28,20250402,커뮤니티,축센한바퀴돌고,https://cafe.naver.com/dnjscl/347201?art=aW50ZXJuYWwtY2FmZS13ZWItc2VjdGlvbi1zZWFyY2gtbGlzdA.eyJ0eXAiOiJKV1QiLCJhbGciOiJIUzI1NiJ9.eyJjYWZlVHlwZSI6IkNBRkVfVVJMIiwiYXJ0aWNsZUlkIjozNDcyMDEsImNhZmVVcmwiOiJkbmpzY2wiLCJpc3N1ZWRBdCI6MTc0MzYwNDc5ODIxOX0.RPBhaWkxRYIVUrmrfX_LeMZS7RWkY6l3poCAo8Oxqxo
29,20250402,커뮤니티,가붕이들 중에 로드 자전거 타는 게이 있노?,https://cafe.naver.com/gajaeman/76706?art=aW50ZXJuYWwtY2FmZS13ZWItc2VjdGlvbi1zZWFyY2gtbGlzdA.eyJ0eXAiOiJKV1QiLCJhbGciOiJIUzI1NiJ9.eyJjYWZlVHlwZSI6IkNBRkVfVVJMIiwiYXJ0aWNsZUlkIjo3NjcwNiwiY2FmZVVybCI6ImdhamFlbWFuIiwiaXNzdWVkQXQiOjE3NDM2MDQ1NDY3ODR9.Y6J97iF1ojQImmyN9Jbs3hW-H0xq5DvPHP-uqADShbQ
30,20250402,커뮤니티,날이 너무 추워서 덜덜이요,https://cafe.naver.com/navercafezz/613413?art=aW50ZXJuYWwtY2FmZS13ZWItc2VjdGlvbi1zZWFyY2gtbGlzdA.eyJ0eXAiOiJKV1QiLCJhbGciOiJIUzI1NiJ9.eyJjYWZlVHlwZSI6IkNBRkVfVVJMIiwiYXJ0aWNsZUlkIjo2MTM0MTMsImNhZmVVcmwiOiJuYXZlcmNhZmV6eiIsImlzc3VlZEF0IjoxNzQzNjA0NDM1ODkzfQ.TT7dcdgXMR0rsubUUVT8AZM_57Q6kqi9zQD17xLVh2k
31,20250402,커뮤니티,경주 유명하다는 벚꽃명소는 다가봤어요,https://cafe.naver.com/loyaltylife/237002?art=aW50ZXJuYWwtY2FmZS13ZWItc2VjdGlvbi1zZWFyY2gtbGlzdA.eyJ0eXAiOiJKV1QiLCJhbGciOiJIUzI1NiJ9.eyJjYWZlVHlwZSI6IkNBRkVfVVJMIiwiYXJ0aWNsZUlkIjoyMzcwMDIsImNhZmVVcmwiOiJsb3lhbHR5bGlmZSIsImlzc3VlZEF0IjoxNzQzNjA0NjkxMTc4fQ.furAvmX6FbIQoBx2nQ_2HvUGHCxGnybgVLpmfkiLTDI
32,20250402,커뮤니티,아쉬움에 간단히 혼여 1일차 후기 남깁니다.,https://cafe.naver.com/ArticleRead.nhn?clubid=19885957&userDisplay=50&boardtype=L&articleid=1098849&referrerAllArticles=false
33,20250402,커뮤니티,팡이띠~2,https://cafe.naver.com/haejukdl/147209?art=aW50ZXJuYWwtY2FmZS13ZWItc2VjdGlvbi1zZWFyY2gtbGlzdA.eyJ0eXAiOiJKV1QiLCJhbGciOiJIUzI1NiJ9.eyJjYWZlVHlwZSI6IkNBRkVfVVJMIiwiYXJ0aWNsZUlkIjoxNDcyMDksImNhZmVVcmwiOiJoYWVqdWtkbCIsImlzc3VlZEF0IjoxNzQzNjA0MzM1NzMwfQ.iXOvD5Ue9Y0VsE7z5C5xqF6kS9-uIAJsnRBZwUwdDUs
34,20250402,커뮤니티,s25+ 케이스 커스텀 해봤습니다.,https://cafe.naver.com/anycallusershow/4967036?art=aW50ZXJuYWwtY2FmZS13ZWItc2VjdGlvbi1zZWFyY2gtbGlzdA.eyJ0eXAiOiJKV1QiLCJhbGciOiJIUzI1NiJ9.eyJjYWZlVHlwZSI6IkNBRkVfVVJMIiwiYXJ0aWNsZUlkIjo0OTY3MDM2LCJjYWZlVXJsIjoiYW55Y2FsbHVzZXJzaG93IiwiaXNzdWVkQXQiOjE3NDM2MDQ2MTU2NjR9.KQMF35vEPKQxbbwdGjISAlel-7iFCh5D84qcwz4PvHc
35,20250402,커뮤니티,내일 학원 도로연수 있습니다...,https://mlbpark.donga.com/mp/b.php?b=bullpen&id=202504020102370766
36,20250402,커뮤니티,턴 버지p20 팝니다 90만,https://cafe.naver.com/minivelobike/1219939?art=aW50ZXJuYWwtY2FmZS13ZWItc2VjdGlvbi1zZWFyY2gtbGlzdA.eyJ0eXAiOiJKV1QiLCJhbGciOiJIUzI1NiJ9.eyJjYWZlVHlwZSI6IkNBRkVfVVJMIiwiYXJ0aWNsZUlkIjoxMjE5OTM5LCJjYWZlVXJsIjoibWluaXZlbG9iaWtlIiwiaXNzdWVkQXQiOjE3NDM2MDQzNzU5MTR9.-XvRSuunsPrSCzSAvWaRk3EDR0a_URqqAK7x4v2CkAU
37,20250402,커뮤니티,경비팀에 관하여 경비실도 포함,https://cafe.naver.com/dsiparkclub1/471?art=aW50ZXJuYWwtY2FmZS13ZWItc2VjdGlvbi1zZWFyY2gtbGlzdA.eyJ0eXAiOiJKV1QiLCJhbGciOiJIUzI1NiJ9.eyJjYWZlVHlwZSI6IkNBRkVfVVJMIiwiYXJ0aWNsZUlkIjo0NzEsImNhZmVVcmwiOiJkc2lwYXJrY2x1YjEiLCJpc3N1ZWRBdCI6MTc0MzYwNDIzNjU5Nn0.RZutiJYIqE7U9IWMSM0_WfrJsL6jzQcFdnEWHpUKpDY
38,20250402,커뮤니티,싱가포르 자전거 투어,https://cafe.naver.com/zzop/3175028?art=aW50ZXJuYWwtY2FmZS13ZWItc2VjdGlvbi1zZWFyY2gtbGlzdA.eyJ0eXAiOiJKV1QiLCJhbGciOiJIUzI1NiJ9.eyJjYWZlVHlwZSI6IkNBRkVfVVJMIiwiYXJ0aWNsZUlkIjozMTc1MDI4LCJjYWZlVXJsIjoienpvcCIsImlzc3VlZEF0IjoxNzQzNjA0NDAyNTI2fQ.nxnQsrBq7Pky29rtI0aCHlvVv2q48h5VPFew4xcWdU8
39,20250402,커뮤니티,의왕 보은 환경측구수로관의 장점,https://cafe.naver.com/blackz0ofc/715?art=aW50ZXJuYWwtY2FmZS13ZWItc2VjdGlvbi1zZWFyY2gtbGlzdA.eyJ0eXAiOiJKV1QiLCJhbGciOiJIUzI1NiJ9.eyJjYWZlVHlwZSI6IkNBRkVfVVJMIiwiYXJ0aWNsZUlkIjo3MTUsImNhZmVVcmwiOiJibGFja3owb2ZjIiwiaXNzdWVkQXQiOjE3NDM2MDQ0MzYyNzV9.1wRtDpf76cuCeqpr-Y1WvMhg_OeG5ZyNTurQY4vr9F8
40,20250402,커뮤니티,이제 오토바이 갈아 탈 때가 된 거 같습니다,https://cafe.naver.com/ArticleRead.nhn?clubid=10312966&userDisplay=50&boardtype=L&articleid=8210333&referrerAllArticles=false
41,20250402,커뮤니티,"[미국 루이스버그 (PA)] 루이스버그에서의 완벽한 숙박 경험, 컨트리 인 앤 스위트 바이 칼슨",https://cafe.naver.com/hoteltravel/312881?art=aW50ZXJuYWwtY2FmZS13ZWItc2VjdGlvbi1zZWFyY2gtbGlzdA.eyJ0eXAiOiJKV1QiLCJhbGciOiJIUzI1NiJ9.eyJjYWZlVHlwZSI6IkNBRkVfVVJMIiwiYXJ0aWNsZUlkIjozMTI4ODEsImNhZmVVcmwiOiJob3RlbHRyYXZlbCIsImlzc3VlZEF0IjoxNzQzNjA0MTY4NjQ4fQ.dRey8g851mPeOVP0mzcgAlb4ifgQbgKaYjthPvUTRZI
42,20250402,커뮤니티,[앱 상품][판매완료]뉴에라 정품 MLB 모자 볼캡 베이스볼,https://cafe.naver.com/joonggonara/1101075674?art=aW50ZXJuYWwtY2FmZS13ZWItc2VjdGlvbi1zZWFyY2gtbGlzdA.eyJ0eXAiOiJKV1QiLCJhbGciOiJIUzI1NiJ9.eyJjYWZlVHlwZSI6IkNBRkVfVVJMIiwiYXJ0aWNsZUlkIjoxMTAxMDc1Njc0LCJjYWZlVXJsIjoiam9vbmdnb25hcmEiLCJpc3N1ZWRBdCI6MTc0MzYwNDEwODczNH0.tevOn797l47tbEeoayoUPgk741Q_yiMO5aT1VHklK0s
43,20250402,커뮤니티,엘베 내리려는데 잼민이가 자전거 들이밀길래 뭐라햇더니 학원쌤이 ㅈㄹ함,https://cafe.daum.net/ok1221/9a8f/63980849
44,20250402,커뮤니티,바람쐐러~,https://cafe.naver.com/bowsc/1994?art=aW50ZXJuYWwtY2FmZS13ZWItc2VjdGlvbi1zZWFyY2gtbGlzdA.eyJ0eXAiOiJKV1QiLCJhbGciOiJIUzI1NiJ9.eyJjYWZlVHlwZSI6IkNBRkVfVVJMIiwiYXJ0aWNsZUlkIjoxOTk0LCJjYWZlVXJsIjoiYm93c2MiLCJpc3N1ZWRBdCI6MTc0MzYwMzg4NjQ5NX0.VKZXvtITCVb-OGUNkOX1l_v-g_GprAJeu9RwGWRR-04
45,20250402,커뮤니티,[앱 상품]콘스탄틴 버나드2024 픽시,https://cafe.naver.com/joonggonara/1101075411?art=aW50ZXJuYWwtY2FmZS13ZWItc2VjdGlvbi1zZWFyY2gtbGlzdA.eyJ0eXAiOiJKV1QiLCJhbGciOiJIUzI1NiJ9.eyJjYWZlVHlwZSI6IkNBRkVfVVJMIiwiYXJ0aWNsZUlkIjoxMTAxMDc1NDExLCJjYWZlVXJsIjoiam9vbmdnb25hcmEiLCJpc3N1ZWRBdCI6MTc0MzYwMzg5MTUwN30.79nNRDFyzwaOYU5tJKLIRU0ZuLA2I8TMQ8hXneWzCMQ
46,20250402,커뮤니티,오늘은 학원을 빠졌다.,https://cafe.naver.com/foxghoststory/16384?art=aW50ZXJuYWwtY2FmZS13ZWItc2VjdGlvbi1zZWFyY2gtbGlzdA.eyJ0eXAiOiJKV1QiLCJhbGciOiJIUzI1NiJ9.eyJjYWZlVHlwZSI6IkNBRkVfVVJMIiwiYXJ0aWNsZUlkIjoxNjM4NCwiY2FmZVVybCI6ImZveGdob3N0c3RvcnkiLCJpc3N1ZWRBdCI6MTc0MzYwMzkxNjczMX0._9M-H8bdZ5GzffdF570tMdmYjljH_n9EFj35sPc1g6c
47,20250402,커뮤니티,43갤 여행가거나 곧기 싫다할때 모 태우시나요?,https://cafe.naver.com/imsanbu/74863559?art=aW50ZXJuYWwtY2FmZS13ZWItc2VjdGlvbi1zZWFyY2gtbGlzdA.eyJ0eXAiOiJKV1QiLCJhbGciOiJIUzI1NiJ9.eyJjYWZlVHlwZSI6IkNBRkVfVVJMIiwiYXJ0aWNsZUlkIjo3NDg2MzU1OSwiY2FmZVVybCI6Imltc2FuYnUiLCJpc3N1ZWRBdCI6MTc0MzYwMzUxNDE2OH0.Be0Fcyg8G017-9x7c1pQ56Ho_5cyebUBx4V0mnGT1VE
48,20250402,커뮤니티,가평에서의 경계석 활용 사례,https://cafe.naver.com/browneuqvv/832?art=aW50ZXJuYWwtY2FmZS13ZWItc2VjdGlvbi1zZWFyY2gtbGlzdA.eyJ0eXAiOiJKV1QiLCJhbGciOiJIUzI1NiJ9.eyJjYWZlVHlwZSI6IkNBRkVfVVJMIiwiYXJ0aWNsZUlkIjo4MzIsImNhZmVVcmwiOiJicm93bmV1cXZ2IiwiaXNzdWVkQXQiOjE3NDM2MDM5NjMxNTR9.g6m_nnp6HD9jPJKqs1iStSiV3rY1s4B7LVGFZXBnCa4
49,20250402,커뮤니티,"[미국 마리네트 (WI)] 마리네트 여행의 중심, 컨트리 인 앤 스위트 바이 칼슨 마리네트에서의 편안한 숙박",https://cafe.naver.com/hoteltravel/312880?art=aW50ZXJuYWwtY2FmZS13ZWItc2VjdGlvbi1zZWFyY2gtbGlzdA.eyJ0eXAiOiJKV1QiLCJhbGciOiJIUzI1NiJ9.eyJjYWZlVHlwZSI6IkNBRkVfVVJMIiwiYXJ0aWNsZUlkIjozMTI4ODAsImNhZmVVcmwiOiJob3RlbHRyYXZlbCIsImlzc3VlZEF0IjoxNzQzNjAzOTQ0Mzk0fQ.Mygk7j4z3qIat53dUdUXnj2TRC4fXFcxytSLAlzCVcY
50,20250402,커뮤니티,C반 김건희에게,https://cafe.naver.com/maincheongsol/73058?art=aW50ZXJuYWwtY2FmZS13ZWItc2VjdGlvbi1zZWFyY2gtbGlzdA.eyJ0eXAiOiJKV1QiLCJhbGciOiJIUzI1NiJ9.eyJjYWZlVHlwZSI6IkNBRkVfVVJMIiwiYXJ0aWNsZUlkIjo3MzA1OCwiY2FmZVVybCI6Im1haW5jaGVvbmdzb2wiLCJpc3N1ZWRBdCI6MTc0MzYwMzczNDE4OX0.sxUoAFVzvQP4uDvOyMf9JxLlYhWBLfgogKfOkQlUZh4
51,20250402,커뮤니티,여아 자전거 팝니다.,https://cafe.naver.com/hnmom/1835780?art=aW50ZXJuYWwtY2FmZS13ZWItc2VjdGlvbi1zZWFyY2gtbGlzdA.eyJ0eXAiOiJKV1QiLCJhbGciOiJIUzI1NiJ9.eyJjYWZlVHlwZSI6IkNBRkVfVVJMIiwiYXJ0aWNsZUlkIjoxODM1NzgwLCJjYWZlVXJsIjoiaG5tb20iLCJpc3N1ZWRBdCI6MTc0MzYwMzkyNTQ1Nn0.NLO70rCuJe_prsfVPwuzyUvBuW8sb2kAGGWSpQWPx2U
52,20250402,커뮤니티,팡이띠~,https://cafe.naver.com/haejukdl/147208?art=aW50ZXJuYWwtY2FmZS13ZWItc2VjdGlvbi1zZWFyY2gtbGlzdA.eyJ0eXAiOiJKV1QiLCJhbGciOiJIUzI1NiJ9.eyJjYWZlVHlwZSI6IkNBRkVfVVJMIiwiYXJ0aWNsZUlkIjoxNDcyMDgsImNhZmVVcmwiOiJoYWVqdWtkbCIsImlzc3VlZEF0IjoxNzQzNjAzOTM0OTk4fQ.Tj0o7bXPV9E0LcMaypnl_7X9ftytzO7TvHplRMhZkCI
53,20250402,커뮤니티,25/4/2 운동기록 (근전환 1시간 프로그램),https://cafe.naver.com/warmpooltriathlon/191?art=aW50ZXJuYWwtY2FmZS13ZWItc2VjdGlvbi1zZWFyY2gtbGlzdA.eyJ0eXAiOiJKV1QiLCJhbGciOiJIUzI1NiJ9.eyJjYWZlVHlwZSI6IkNBRkVfVVJMIiwiYXJ0aWNsZUlkIjoxOTEsImNhZmVVcmwiOiJ3YXJtcG9vbHRyaWF0aGxvbiIsImlzc3VlZEF0IjoxNzQzNjAzMzI2ODIzfQ.HZ3fsAVRBTyrA8mciPqI56tOAUVzB0FXuEQggsbKzW4
54,20250402,커뮤니티,24/4/2 뱃살타파-오늘도헬스장출석,https://cafe.naver.com/oneday15english/146249?art=aW50ZXJuYWwtY2FmZS13ZWItc2VjdGlvbi1zZWFyY2gtbGlzdA.eyJ0eXAiOiJKV1QiLCJhbGciOiJIUzI1NiJ9.eyJjYWZlVHlwZSI6IkNBRkVfVVJMIiwiYXJ0aWNsZUlkIjoxNDYyNDksImNhZmVVcmwiOiJvbmVkYXkxNWVuZ2xpc2giLCJpc3N1ZWRBdCI6MTc0MzYwMzM4MDkwOH0.ljN9dtA4j9AzmZfJ1-u7K5P35AGf8dzX-_vRaVgZB4Y
55,20250402,커뮤니티,"밥솥,빨래건조대,전기장판",https://cafe.naver.com/funnygagconcert/206691?art=aW50ZXJuYWwtY2FmZS13ZWItc2VjdGlvbi1zZWFyY2gtbGlzdA.eyJ0eXAiOiJKV1QiLCJhbGciOiJIUzI1NiJ9.eyJjYWZlVHlwZSI6IkNBRkVfVVJMIiwiYXJ0aWNsZUlkIjoyMDY2OTEsImNhZmVVcmwiOiJmdW5ueWdhZ2NvbmNlcnQiLCJpc3N1ZWRBdCI6MTc0MzYwMzM3MjUxNn0.bcOj2lWw5tbT6IuZSLz9rW28To--JyFV7QYglNDYwc0
56,20250402,커뮤니티,[미국 블루 리지 (GA)] 블루 리지에서의 편안한 여행: 아메리카 베스트 밸류 인 블루 릿지 호텔 후기,https://cafe.naver.com/hoteltravel/312879?art=aW50ZXJuYWwtY2FmZS13ZWItc2VjdGlvbi1zZWFyY2gtbGlzdA.eyJ0eXAiOiJKV1QiLCJhbGciOiJIUzI1NiJ9.eyJjYWZlVHlwZSI6IkNBRkVfVVJMIiwiYXJ0aWNsZUlkIjozMTI4NzksImNhZmVVcmwiOiJob3RlbHRyYXZlbCIsImlzc3VlZEF0IjoxNzQzNjAzMjg0ODE5fQ.psQTcyCDbDEUA7W2DwAIL1f_u03s1-RcA0ReP_cCTho
57,20250402,커뮤니티,로드 자전거 경사도 몇퍼까지 올라갈수있나요 ?,https://cafe.naver.com/bikecity/3001218?art=aW50ZXJuYWwtY2FmZS13ZWItc2VjdGlvbi1zZWFyY2gtbGlzdA.eyJ0eXAiOiJKV1QiLCJhbGciOiJIUzI1NiJ9.eyJjYWZlVHlwZSI6IkNBRkVfVVJMIiwiYXJ0aWNsZUlkIjozMDAxMjE4LCJjYWZlVXJsIjoiYmlrZWNpdHkiLCJpc3N1ZWRBdCI6MTc0MzYwMzA4NTE3MX0.fOn-NdC2AI3PAy_4elC25KXhHYegpsIuzjoPyYeajOI
58,20250402,커뮤니티,"대한민국 태안 호텔 추천! 수가솔방, 가성비 최고에 힐링까지 완벽!",https://cafe.naver.com/lifeup2024/5074?art=aW50ZXJuYWwtY2FmZS13ZWItc2VjdGlvbi1zZWFyY2gtbGlzdA.eyJ0eXAiOiJKV1QiLCJhbGciOiJIUzI1NiJ9.eyJjYWZlVHlwZSI6IkNBRkVfVVJMIiwiYXJ0aWNsZUlkIjo1MDc0LCJjYWZlVXJsIjoibGlmZXVwMjAyNCIsImlzc3VlZEF0IjoxNzQzNjAzMjA3MDAwfQ.kV5QJoTw87KjtXotpqPhqkTlcRRhCjwKOZtc-a12YQQ
59,20250402,커뮤니티,25.4.2 화 감사일기,https://cafe.naver.com/momenglishschool/28213?art=aW50ZXJuYWwtY2FmZS13ZWItc2VjdGlvbi1zZWFyY2gtbGlzdA.eyJ0eXAiOiJKV1QiLCJhbGciOiJIUzI1NiJ9.eyJjYWZlVHlwZSI6IkNBRkVfVVJMIiwiYXJ0aWNsZUlkIjoyODIxMywiY2FmZVVybCI6Im1vbWVuZ2xpc2hzY2hvb2wiLCJpc3N1ZWRBdCI6MTc0MzYwMzAzODY4OH0.QBDhkboqoWFTHfXRO_msxygpHcY30p5ltRCRgApwvfE
60,20250402,커뮤니티,눈물 나도록 사십시오,https://cafe.daum.net/boasboas/EJJV/9405
61,20250402,커뮤니티,가즈아,https://cafe.naver.com/haejukdl/147206?art=aW50ZXJuYWwtY2FmZS13ZWItc2VjdGlvbi1zZWFyY2gtbGlzdA.eyJ0eXAiOiJKV1QiLCJhbGciOiJIUzI1NiJ9.eyJjYWZlVHlwZSI6IkNBRkVfVVJMIiwiYXJ0aWNsZUlkIjoxNDcyMDYsImNhZmVVcmwiOiJoYWVqdWtkbCIsImlzc3VlZEF0IjoxNzQzNjAyNTQwNzkyfQ.az5kLdXTB4U1uC3tss4eiEw2h7HveXMU-wmaAtz_fcA
62,20250402,커뮤니티,4월운동~♡,https://cafe.naver.com/momsdabang/49628?art=aW50ZXJuYWwtY2FmZS13ZWItc2VjdGlvbi1zZWFyY2gtbGlzdA.eyJ0eXAiOiJKV1QiLCJhbGciOiJIUzI1NiJ9.eyJjYWZlVHlwZSI6IkNBRkVfVVJMIiwiYXJ0aWNsZUlkIjo0OTYyOCwiY2FmZVVybCI6Im1vbXNkYWJhbmciLCJpc3N1ZWRBdCI6MTc0MzYwMzQ0MjE0OX0.QIP1J7qFqlVfwXFaUajwpQ98phTof6IFxBz6m6NaG30
63,20250402,커뮤니티,La Extranjera Yoonseo,https://cafe.naver.com/heeram/25649?art=aW50ZXJuYWwtY2FmZS13ZWItc2VjdGlvbi1zZWFyY2gtbGlzdA.eyJ0eXAiOiJKV1QiLCJhbGciOiJIUzI1NiJ9.eyJjYWZlVHlwZSI6IkNBRkVfVVJMIiwiYXJ0aWNsZUlkIjoyNTY0OSwiY2FmZVVybCI6ImhlZXJhbSIsImlzc3VlZEF0IjoxNzQzNjAyODIzMzg2fQ.lIArEwrbZCzg_oZdjgVdY_zOC_YiunRRsEGqCffndUY
64,20250402,커뮤니티,초등 애들 삥뜯으려는 센중 남학생 두명 찾습니다!!!,https://cafe.naver.com/centumlove/44974?art=aW50ZXJuYWwtY2FmZS13ZWItc2VjdGlvbi1zZWFyY2gtbGlzdA.eyJ0eXAiOiJKV1QiLCJhbGciOiJIUzI1NiJ9.eyJjYWZlVHlwZSI6IkNBRkVfVVJMIiwiYXJ0aWNsZUlkIjo0NDk3NCwiY2FmZVVybCI6ImNlbnR1bWxvdmUiLCJpc3N1ZWRBdCI6MTc0MzYwMjUwMTUwNH0.rFjadF4sVw0fch47MyrPmGJq0ZfmkV8Jgh59eBqyybU
65,20250402,커뮤니티,"[대만 타이중] 타이중 미니호텔에서의 즐거운 여행 – 저렴한 가격에 최고의 위치, 서비스까지! ✨",https://cafe.naver.com/halfhotel/379352?art=aW50ZXJuYWwtY2FmZS13ZWItc2VjdGlvbi1zZWFyY2gtbGlzdA.eyJ0eXAiOiJKV1QiLCJhbGciOiJIUzI1NiJ9.eyJjYWZlVHlwZSI6IkNBRkVfVVJMIiwiYXJ0aWNsZUlkIjozNzkzNTIsImNhZmVVcmwiOiJoYWxmaG90ZWwiLCJpc3N1ZWRBdCI6MTc0MzYwMzQ1NTgyNH0.u6QXsrbcZyBHA7p2EiWx7L3tZoqnJvnc-FB5FeNkdC4
66,20250402,커뮤니티,2) 실내자전거,https://cafe.naver.com/happyvirus1986/433718?art=aW50ZXJuYWwtY2FmZS13ZWItc2VjdGlvbi1zZWFyY2gtbGlzdA.eyJ0eXAiOiJKV1QiLCJhbGciOiJIUzI1NiJ9.eyJjYWZlVHlwZSI6IkNBRkVfVVJMIiwiYXJ0aWNsZUlkIjo0MzM3MTgsImNhZmVVcmwiOiJoYXBweXZpcnVzMTk4NiIsImlzc3VlZEF0IjoxNzQzNjAyNTY1NzU5fQ.1FWfmBl0-EcjhqWNC3B9HZ-J40mlEw2CHB3AxcdkkuY
67,20250402,커뮤니티,피나렐로 프린스 블루스틸 판매처 문의,https://cafe.naver.com/bikecity/3001216?art=aW50ZXJuYWwtY2FmZS13ZWItc2VjdGlvbi1zZWFyY2gtbGlzdA.eyJ0eXAiOiJKV1QiLCJhbGciOiJIUzI1NiJ9.eyJjYWZlVHlwZSI6IkNBRkVfVVJMIiwiYXJ0aWNsZUlkIjozMDAxMjE2LCJjYWZlVXJsIjoiYmlrZWNpdHkiLCJpc3N1ZWRBdCI6MTc0MzYwMjc1MjIwNX0.U_mgVjHKrm2Hcn6EFmpirOx-pXfLKhbFrBS1sSdOQGE
68,20250402,커뮤니티,[앱 상품]세임바이크 몬스터 G09 전기자전거 배달세팅,https://cafe.naver.com/joonggonara/1101073877?art=aW50ZXJuYWwtY2FmZS13ZWItc2VjdGlvbi1zZWFyY2gtbGlzdA.eyJ0eXAiOiJKV1QiLCJhbGciOiJIUzI1NiJ9.eyJjYWZlVHlwZSI6IkNBRkVfVVJMIiwiYXJ0aWNsZUlkIjoxMTAxMDczODc3LCJjYWZlVXJsIjoiam9vbmdnb25hcmEiLCJpc3N1ZWRBdCI6MTc0MzYwMjQ3MzAyOX0.6RZcY0o26LyGx2zvOPeVyre33gtLt5ivDkxoGZRUS5E
69,20250402,커뮤니티,스위스 4박5일 일정을 참견 좀 부탁드립니다,https://cafe.naver.com/momsolleh/768029?art=aW50ZXJuYWwtY2FmZS13ZWItc2VjdGlvbi1zZWFyY2gtbGlzdA.eyJ0eXAiOiJKV1QiLCJhbGciOiJIUzI1NiJ9.eyJjYWZlVHlwZSI6IkNBRkVfVVJMIiwiYXJ0aWNsZUlkIjo3NjgwMjksImNhZmVVcmwiOiJtb21zb2xsZWgiLCJpc3N1ZWRBdCI6MTc0MzYwMjc0MTQxMX0.xtwHjn0B3rN8LnRBRb20hIzcyvgCNyI5rK057URi4cQ
70,20250402,커뮤니티,"우드바인 역에서 도보 1분,깨끗하고 넓은 방, $950 All Included, 가구포함, 4월 27일 입주 (조정가능)",https://cafe.daum.net/skc67/33dV/1154858
71,20250402,커뮤니티,당근 가격 책정좀요...,https://cafe.naver.com/bikecity/3001215?art=aW50ZXJuYWwtY2FmZS13ZWItc2VjdGlvbi1zZWFyY2gtbGlzdA.eyJ0eXAiOiJKV1QiLCJhbGciOiJIUzI1NiJ9.eyJjYWZlVHlwZSI6IkNBRkVfVVJMIiwiYXJ0aWNsZUlkIjozMDAxMjE1LCJjYWZlVXJsIjoiYmlrZWNpdHkiLCJpc3N1ZWRBdCI6MTc0MzYwMjUyNzAyMX0.Mmxq0uz1VWugW102ZDZE9VzSH_mosWjsXgrzv5reixA
72,20250402,커뮤니티,뒷 브레이크 끼룩끼룩 갈매기 소리 제거,https://cafe.naver.com/c400gt/81?art=aW50ZXJuYWwtY2FmZS13ZWItc2VjdGlvbi1zZWFyY2gtbGlzdA.eyJ0eXAiOiJKV1QiLCJhbGciOiJIUzI1NiJ9.eyJjYWZlVHlwZSI6IkNBRkVfVVJMIiwiYXJ0aWNsZUlkIjo4MSwiY2FmZVVybCI6ImM0MDBndCIsImlzc3VlZEF0IjoxNzQzNjAyNjI2MzM4fQ.7-sXTLz7-NTmfSWkaTQBOZubYT67MNyDX--j78gxMkE
73,20250402,커뮤니티,[입고완료] 할로밴드 스포츠 헤어밴드 땀흡수 스포츠 운동 밴드 HALO,https://cafe.naver.com/bicyclememoriescafe/3328?art=aW50ZXJuYWwtY2FmZS13ZWItc2VjdGlvbi1zZWFyY2gtbGlzdA.eyJ0eXAiOiJKV1QiLCJhbGciOiJIUzI1NiJ9.eyJjYWZlVHlwZSI6IkNBRkVfVVJMIiwiYXJ0aWNsZUlkIjozMzI4LCJjYWZlVXJsIjoiYmljeWNsZW1lbW9yaWVzY2FmZSIsImlzc3VlZEF0IjoxNzQzNjAyMTA3MjI1fQ.0YKvv82fyfa4z7IcVB3VhuYoDSHhvdUW34nJMf2ObzQ
74,20250402,커뮤니티,[앱 상품]예쁜 유아 세발자전거 트라이크ㅡ감성육아템,https://cafe.naver.com/joonggonara/1101073494?art=aW50ZXJuYWwtY2FmZS13ZWItc2VjdGlvbi1zZWFyY2gtbGlzdA.eyJ0eXAiOiJKV1QiLCJhbGciOiJIUzI1NiJ9.eyJjYWZlVHlwZSI6IkNBRkVfVVJMIiwiYXJ0aWNsZUlkIjoxMTAxMDczNDk0LCJjYWZlVXJsIjoiam9vbmdnb25hcmEiLCJpc3N1ZWRBdCI6MTc0MzYwMTg4OTI4OX0._r7Jel3klsJDCj_isMVOf0mDM_Bp_Hbc3G1sO1Fz_Do
75,20250402,커뮤니티,안장 높이,https://cafe.naver.com/ArticleRead.nhn?clubid=10000260&userDisplay=50&boardtype=L&articleid=3001214&referrerAllArticles=false
76,20250402,커뮤니티,[앱 상품]모토벨로 a9 전기자전거,https://cafe.naver.com/joonggonara/1101073196?art=aW50ZXJuYWwtY2FmZS13ZWItc2VjdGlvbi1zZWFyY2gtbGlzdA.eyJ0eXAiOiJKV1QiLCJhbGciOiJIUzI1NiJ9.eyJjYWZlVHlwZSI6IkNBRkVfVVJMIiwiYXJ0aWNsZUlkIjoxMTAxMDczMTk2LCJjYWZlVXJsIjoiam9vbmdnb25hcmEiLCJpc3N1ZWRBdCI6MTc0MzYwMjEwMTg3Nn0.czaH9SeY9c6gS_77HeeqRqIyN-pN8n6cRXOutg180lk
77,20250402,커뮤니티,무병장수,https://cafe.daum.net/mountclimb/tEK4/18
78,20250402,커뮤니티,**젊은 사람 노리는 요즘 ‘암’ **,https://cafe.naver.com/me153/25487?art=aW50ZXJuYWwtY2FmZS13ZWItc2VjdGlvbi1zZWFyY2gtbGlzdA.eyJ0eXAiOiJKV1QiLCJhbGciOiJIUzI1NiJ9.eyJjYWZlVHlwZSI6IkNBRkVfVVJMIiwiYXJ0aWNsZUlkIjoyNTQ4NywiY2FmZVVybCI6Im1lMTUzIiwiaXNzdWVkQXQiOjE3NDM2MDIyMDU0OTl9.oimqiihMv3qCVSLyl8okK4QlcrY0tFWwg9No5dnwhxY
79,20250402,커뮤니티,"새로 구입한 킥보드, 미니벨로, 전기자전거용 mips POC 헬멧. +ft 충격! 남성용 스커트 등산복?",https://cafe.naver.com/cycleofseongnam/34863?art=aW50ZXJuYWwtY2FmZS13ZWItc2VjdGlvbi1zZWFyY2gtbGlzdA.eyJ0eXAiOiJKV1QiLCJhbGciOiJIUzI1NiJ9.eyJjYWZlVHlwZSI6IkNBRkVfVVJMIiwiYXJ0aWNsZUlkIjozNDg2MywiY2FmZVVybCI6ImN5Y2xlb2ZzZW9uZ25hbSIsImlzc3VlZEF0IjoxNzQzNjAxOTk5NTEzfQ.N2CvSX3MnIysq2aD8KzGv1mxAJ1EhyrEJ8dAZc3iKUQ
80,20250402,커뮤니티,일본어 못하면서 혼자 미야코지마 다녀온 후기,https://cafe.naver.com/mindy7857/4235887?art=aW50ZXJuYWwtY2FmZS13ZWItc2VjdGlvbi1zZWFyY2gtbGlzdA.eyJ0eXAiOiJKV1QiLCJhbGciOiJIUzI1NiJ9.eyJjYWZlVHlwZSI6IkNBRkVfVVJMIiwiYXJ0aWNsZUlkIjo0MjM1ODg3LCJjYWZlVXJsIjoibWluZHk3ODU3IiwiaXNzdWVkQXQiOjE3NDM2MDIwMjE1NjV9.8PNiXa4nutMIoKeHZCqm-WMQm1J7cgx5ZozAQIqDxRw
81,20250402,커뮤니티,일본행 취소하길 잘했나?…‘인생샷’ 건지는 국내 핑크빛 여행지 5곳,https://cafe.naver.com/deboracay/242120?art=aW50ZXJuYWwtY2FmZS13ZWItc2VjdGlvbi1zZWFyY2gtbGlzdA.eyJ0eXAiOiJKV1QiLCJhbGciOiJIUzI1NiJ9.eyJjYWZlVHlwZSI6IkNBRkVfVVJMIiwiYXJ0aWNsZUlkIjoyNDIxMjAsImNhZmVVcmwiOiJkZWJvcmFjYXkiLCJpc3N1ZWRBdCI6MTc0MzYwMTk2Nzk5OH0.stHVWRMDqRG3GonxfMGcyIIVkj9-AoJlBEPYLUEXQUU
82,20250402,커뮤니티,아파트 커뮤니티 이용,https://cafe.naver.com/ArticleRead.nhn?clubid=27890454&userDisplay=50&boardtype=L&articleid=173380&referrerAllArticles=false
83,20250402,커뮤니티,1인 가구 자동차 추천,https://www.gezip.net/bbs/board.php?bo_table=anony&wr_id=1478811
84,20250402,커뮤니티,센드 위치..!,https://cafe.naver.com/sgoijapan/13507?art=aW50ZXJuYWwtY2FmZS13ZWItc2VjdGlvbi1zZWFyY2gtbGlzdA.eyJ0eXAiOiJKV1QiLCJhbGciOiJIUzI1NiJ9.eyJjYWZlVHlwZSI6IkNBRkVfVVJMIiwiYXJ0aWNsZUlkIjoxMzUwNywiY2FmZVVybCI6InNnb2lqYXBhbiIsImlzc3VlZEF0IjoxNzQzNjAxNjIxMTAzfQ.lPU1kWJy6Ns4VdgR7wJ6twAT9oL_fhx7FO5HP-aATIg
85,20250402,커뮤니티,"빌리 쉬르 메르 여행, 도시 간 이동 시간 예측 안내",https://cafe.naver.com/franceexplore/1309?art=aW50ZXJuYWwtY2FmZS13ZWItc2VjdGlvbi1zZWFyY2gtbGlzdA.eyJ0eXAiOiJKV1QiLCJhbGciOiJIUzI1NiJ9.eyJjYWZlVHlwZSI6IkNBRkVfVVJMIiwiYXJ0aWNsZUlkIjoxMzA5LCJjYWZlVXJsIjoiZnJhbmNlZXhwbG9yZSIsImlzc3VlZEF0IjoxNzQzNjAxNjU4ODQwfQ.tfIblnol1t-4L8MJAg9OnFqFiJ70cGacJAVAS3dQmFM
86,20250402,커뮤니티,자전거 타고 싶어요,https://cafe.naver.com/mktsesang/1180732?art=aW50ZXJuYWwtY2FmZS13ZWItc2VjdGlvbi1zZWFyY2gtbGlzdA.eyJ0eXAiOiJKV1QiLCJhbGciOiJIUzI1NiJ9.eyJjYWZlVHlwZSI6IkNBRkVfVVJMIiwiYXJ0aWNsZUlkIjoxMTgwNzMyLCJjYWZlVXJsIjoibWt0c2VzYW5nIiwiaXNzdWVkQXQiOjE3NDM2MDEzNzU4OTJ9.-S10s49ojxxintk6H32WWORgEwZUsoOPeveq0LlDAZ8
87,20250402,커뮤니티,티티카카 큐브 x10,https://cafe.naver.com/likebrompton/57772?art=aW50ZXJuYWwtY2FmZS13ZWItc2VjdGlvbi1zZWFyY2gtbGlzdA.eyJ0eXAiOiJKV1QiLCJhbGciOiJIUzI1NiJ9.eyJjYWZlVHlwZSI6IkNBRkVfVVJMIiwiYXJ0aWNsZUlkIjo1Nzc3MiwiY2FmZVVybCI6Imxpa2Vicm9tcHRvbiIsImlzc3VlZEF0IjoxNzQzNjAxMzczMzAzfQ.0qEms4N4ifY3ZW2nb8RDa42bm0NkBtgxTyEl-01J5ig
88,20250402,커뮤니티,[앱 상품][판매완료]18650중방전 SID 29E 2900mAh (20개),https://cafe.naver.com/joonggonara/1101072426?art=aW50ZXJuYWwtY2FmZS13ZWItc2VjdGlvbi1zZWFyY2gtbGlzdA.eyJ0eXAiOiJKV1QiLCJhbGciOiJIUzI1NiJ9.eyJjYWZlVHlwZSI6IkNBRkVfVVJMIiwiYXJ0aWNsZUlkIjoxMTAxMDcyNDI2LCJjYWZlVXJsIjoiam9vbmdnb25hcmEiLCJpc3N1ZWRBdCI6MTc0MzYwMTc2OTg1MH0.19nHFS48ZuzrEjx_OoV-05a6_ejKXTYO1UA3leU9WGw
89,20250402,커뮤니티,화롄 시내 중심의 실속있는 3.5성급 라마다 앙코르 바이 윈덤 화롄 솔직후기 ✨,https://cafe.naver.com/taiwantriptalk/5921?art=aW50ZXJuYWwtY2FmZS13ZWItc2VjdGlvbi1zZWFyY2gtbGlzdA.eyJ0eXAiOiJKV1QiLCJhbGciOiJIUzI1NiJ9.eyJjYWZlVHlwZSI6IkNBRkVfVVJMIiwiYXJ0aWNsZUlkIjo1OTIxLCJjYWZlVXJsIjoidGFpd2FudHJpcHRhbGsiLCJpc3N1ZWRBdCI6MTc0MzYwMTcwMTQ5NH0.SUvGycMcpnlDZARbbchJ-tVEbVG3_9q9GEfrkjqwEfQ
90,20250402,커뮤니티,[미국 오르톤빌 (MN)] 이코노 로지 오턴빌에서의 편안한 여행: 밀뱅크의 숨은 보석,https://cafe.naver.com/hoteltravel/312877?art=aW50ZXJuYWwtY2FmZS13ZWItc2VjdGlvbi1zZWFyY2gtbGlzdA.eyJ0eXAiOiJKV1QiLCJhbGciOiJIUzI1NiJ9.eyJjYWZlVHlwZSI6IkNBRkVfVVJMIiwiYXJ0aWNsZUlkIjozMTI4NzcsImNhZmVVcmwiOiJob3RlbHRyYXZlbCIsImlzc3VlZEF0IjoxNzQzNjAxNjk5ODU0fQ.6b0LdHbFEYmtRHDysIo_MJOZ2fKIFl3U2d9fjk-G5C8
91,20250402,커뮤니티,"은퇴, 불량한 반란: 얌전히 살기엔 인생이 너무 짧다",https://cafe.naver.com/booknbeanstalk/1337244?art=aW50ZXJuYWwtY2FmZS13ZWItc2VjdGlvbi1zZWFyY2gtbGlzdA.eyJ0eXAiOiJKV1QiLCJhbGciOiJIUzI1NiJ9.eyJjYWZlVHlwZSI6IkNBRkVfVVJMIiwiYXJ0aWNsZUlkIjoxMzM3MjQ0LCJjYWZlVXJsIjoiYm9va25iZWFuc3RhbGsiLCJpc3N1ZWRBdCI6MTc0MzYwMTcxNzAzNn0.yndx2p9ONytwNxY4wD1-5HdSAvvafAyXhj9oilbudu0
92,20250402,커뮤니티,소음순수술 받았는데 괜찮네요,https://cafe.naver.com/starcraftft/14905?art=aW50ZXJuYWwtY2FmZS13ZWItc2VjdGlvbi1zZWFyY2gtbGlzdA.eyJ0eXAiOiJKV1QiLCJhbGciOiJIUzI1NiJ9.eyJjYWZlVHlwZSI6IkNBRkVfVVJMIiwiYXJ0aWNsZUlkIjoxNDkwNSwiY2FmZVVybCI6InN0YXJjcmFmdGZ0IiwiaXNzdWVkQXQiOjE3NDM2MDE1NzY2NzZ9.0QxHkKLYda7N8Rclb6qqOWJAsmzfv7d0sAQCNJ1dOgg
93,20250402,커뮤니티,헤드셋 유격이 심하네요,https://cafe.naver.com/likebrompton/57771?art=aW50ZXJuYWwtY2FmZS13ZWItc2VjdGlvbi1zZWFyY2gtbGlzdA.eyJ0eXAiOiJKV1QiLCJhbGciOiJIUzI1NiJ9.eyJjYWZlVHlwZSI6IkNBRkVfVVJMIiwiYXJ0aWNsZUlkIjo1Nzc3MSwiY2FmZVVybCI6Imxpa2Vicm9tcHRvbiIsImlzc3VlZEF0IjoxNzQzNjAxMzE4NjA5fQ.R28GSzU9ycU2nuOg-IMXz3wqeCHoFjlahwq-NqLtHf8
94,20250402,커뮤니티,서울에서 경험해야 할 벚꽃 명소 TOP 10,https://cafe.naver.com/4mookja/4823?art=aW50ZXJuYWwtY2FmZS13ZWItc2VjdGlvbi1zZWFyY2gtbGlzdA.eyJ0eXAiOiJKV1QiLCJhbGciOiJIUzI1NiJ9.eyJjYWZlVHlwZSI6IkNBRkVfVVJMIiwiYXJ0aWNsZUlkIjo0ODIzLCJjYWZlVXJsIjoiNG1vb2tqYSIsImlzc3VlZEF0IjoxNzQzNjAxNDk2NjUyfQ.rQON4ulcPxrr44gT3aV3ewf4YDVlEtPwwvGIhU68rMs
95,20250402,커뮤니티,날이 춥네유 오늘은 여기까지 퇴근합니다 ^^~,https://cafe.naver.com/galaxysc/482236?art=aW50ZXJuYWwtY2FmZS13ZWItc2VjdGlvbi1zZWFyY2gtbGlzdA.eyJ0eXAiOiJKV1QiLCJhbGciOiJIUzI1NiJ9.eyJjYWZlVHlwZSI6IkNBRkVfVVJMIiwiYXJ0aWNsZUlkIjo0ODIyMzYsImNhZmVVcmwiOiJnYWxheHlzYyIsImlzc3VlZEF0IjoxNzQzNjAyMjIwNzYzfQ.6cysDVJb_GUQA4CH3zyEtxZuVBuIYrwH_ON3Oh-rx7Q
96,20250402,커뮤니티,자린이 체인간섭 소음 질문드려요,https://cafe.naver.com/bikecity/3001209?art=aW50ZXJuYWwtY2FmZS13ZWItc2VjdGlvbi1zZWFyY2gtbGlzdA.eyJ0eXAiOiJKV1QiLCJhbGciOiJIUzI1NiJ9.eyJjYWZlVHlwZSI6IkNBRkVfVVJMIiwiYXJ0aWNsZUlkIjozMDAxMjA5LCJjYWZlVXJsIjoiYmlrZWNpdHkiLCJpc3N1ZWRBdCI6MTc0MzYwMTE0OTMwN30.vo5tx3unbVRhWTsLv5IvOeb55lOybPtBtg9X8ja58HQ
97,20250402,커뮤니티,20213251 김승범 기어관련 과제,https://cafe.daum.net/onyanglee/1LgN/934
98,20250402,커뮤니티,[요시모토 코코나] 2025.04.02 오늘도 알찬 날,https://cafe.naver.com/bokua/429?art=aW50ZXJuYWwtY2FmZS13ZWItc2VjdGlvbi1zZWFyY2gtbGlzdA.eyJ0eXAiOiJKV1QiLCJhbGciOiJIUzI1NiJ9.eyJjYWZlVHlwZSI6IkNBRkVfVVJMIiwiYXJ0aWNsZUlkIjo0MjksImNhZmVVcmwiOiJib2t1YSIsImlzc3VlZEF0IjoxNzQzNjAxMTE0NzU0fQ.G4d7G-YptQjYiL9-Yck7orH8zsVCN7a7tOMPbq4MHwo
99,20250402,커뮤니티,계산됬네요,https://cafe.naver.com/haejukdl/147203?art=aW50ZXJuYWwtY2FmZS13ZWItc2VjdGlvbi1zZWFyY2gtbGlzdA.eyJ0eXAiOiJKV1QiLCJhbGciOiJIUzI1NiJ9.eyJjYWZlVHlwZSI6IkNBRkVfVVJMIiwiYXJ0aWNsZUlkIjoxNDcyMDMsImNhZmVVcmwiOiJoYWVqdWtkbCIsImlzc3VlZEF0IjoxNzQzNjAxMTIzNzEwfQ.pMkT-U8_7eIl6WDshDaLM9OSyJvui7fSC2omsr9p3B0
100,20250402,커뮤니티,어린이자전거 전문 매장,https://cafe.naver.com/hongsam09/6851635?art=aW50ZXJuYWwtY2FmZS13ZWItc2VjdGlvbi1zZWFyY2gtbGlzdA.eyJ0eXAiOiJKV1QiLCJhbGciOiJIUzI1NiJ9.eyJjYWZlVHlwZSI6IkNBRkVfVVJMIiwiYXJ0aWNsZUlkIjo2ODUxNjM1LCJjYWZlVXJsIjoiaG9uZ3NhbTA5IiwiaXNzdWVkQXQiOjE3NDM2MDExOTIzNDF9.pQEoUg4OeIZC0bb1FsSugGLgWYbELDslRgIf-9ueiwE
101,20250402,커뮤니티,제주도 한달살기 바닷가 도보 가능한 농가주택,https://cafe.naver.com/seogwipoguesthouse2/606907?art=aW50ZXJuYWwtY2FmZS13ZWItc2VjdGlvbi1zZWFyY2gtbGlzdA.eyJ0eXAiOiJKV1QiLCJhbGciOiJIUzI1NiJ9.eyJjYWZlVHlwZSI6IkNBRkVfVVJMIiwiYXJ0aWNsZUlkIjo2MDY5MDcsImNhZmVVcmwiOiJzZW9nd2lwb2d1ZXN0aG91c2UyIiwiaXNzdWVkQXQiOjE3NDM2MDEwMjk4MDJ9.uf6jzQoJndvZcdF0GDEoQsS3Ao_ogJG1HFqkXoLyInA
102,20250402,커뮤니티,지구 박물관 여행,https://cafe.naver.com/booknbeanstalk/1337242?art=aW50ZXJuYWwtY2FmZS13ZWItc2VjdGlvbi1zZWFyY2gtbGlzdA.eyJ0eXAiOiJKV1QiLCJhbGciOiJIUzI1NiJ9.eyJjYWZlVHlwZSI6IkNBRkVfVVJMIiwiYXJ0aWNsZUlkIjoxMzM3MjQyLCJjYWZlVXJsIjoiYm9va25iZWFuc3RhbGsiLCJpc3N1ZWRBdCI6MTc0MzYwMTEzNTAyNn0.EmHKpGdmD7h55Knn57G3XjwQQ-onqNgWnaNZ6xHeZPY
103,20250402,커뮤니티,[푸른별여행자] 2025년 4월 2일 감사일기,https://cafe.naver.com/wecando7/11475434?art=aW50ZXJuYWwtY2FmZS13ZWItc2VjdGlvbi1zZWFyY2gtbGlzdA.eyJ0eXAiOiJKV1QiLCJhbGciOiJIUzI1NiJ9.eyJjYWZlVHlwZSI6IkNBRkVfVVJMIiwiYXJ0aWNsZUlkIjoxMTQ3NTQzNCwiY2FmZVVybCI6IndlY2FuZG83IiwiaXNzdWVkQXQiOjE3NDM2MDExNTI0MjZ9.K8ZR-so7VS09hbgoamv19mIgKWBOQ-mXiMWW9W8i7VQ
104,20250402,커뮤니티,이솝우화 영어로 읽어라: 76. The Boy and the Mother 소년과 엄마; Spare the rod and spoil the child. 매를 아끼면 아이를 망친다.,https://cafe.naver.com/koreanpoetry/23133?art=aW50ZXJuYWwtY2FmZS13ZWItc2VjdGlvbi1zZWFyY2gtbGlzdA.eyJ0eXAiOiJKV1QiLCJhbGciOiJIUzI1NiJ9.eyJjYWZlVHlwZSI6IkNBRkVfVVJMIiwiYXJ0aWNsZUlkIjoyMzEzMywiY2FmZVVybCI6ImtvcmVhbnBvZXRyeSIsImlzc3VlZEF0IjoxNzQzNjAxMTAyNzk2fQ.JSYixdDg2UIaLE8bz3EBNz3VXc8BeTEZAsuZ6k2mMm8
105,20250402,커뮤니티,심장 건강 유지에 도움 되는 방법 9,https://cafe.naver.com/healthbyife/243?art=aW50ZXJuYWwtY2FmZS13ZWItc2VjdGlvbi1zZWFyY2gtbGlzdA.eyJ0eXAiOiJKV1QiLCJhbGciOiJIUzI1NiJ9.eyJjYWZlVHlwZSI6IkNBRkVfVVJMIiwiYXJ0aWNsZUlkIjoyNDMsImNhZmVVcmwiOiJoZWFsdGhieWlmZSIsImlzc3VlZEF0IjoxNzQzNjAxMDQ1NDY3fQ.xvSrwUxlxS33u6iiR_bFTjJMaCF7GKpWchHuowXdXio
106,20250402,커뮤니티,4/13(일)인생사진 찍으러 고~~~,https://cafe.naver.com/skibclub/12525?art=aW50ZXJuYWwtY2FmZS13ZWItc2VjdGlvbi1zZWFyY2gtbGlzdA.eyJ0eXAiOiJKV1QiLCJhbGciOiJIUzI1NiJ9.eyJjYWZlVHlwZSI6IkNBRkVfVVJMIiwiYXJ0aWNsZUlkIjoxMjUyNSwiY2FmZVVybCI6InNraWJjbHViIiwiaXNzdWVkQXQiOjE3NDM2MDEwMzczMjJ9.lB3oxHO1dlVmYyzJmdJDtDPNoAT_hsDvGH7UeJqKoe8
107,20250402,커뮤니티,여의도 가는 친구들 다 좋은데,https://gall.dcinside.com/board/view/?id=pokemongo&no=2227557
108,20250402,커뮤니티,와….진짜 내가 당할줄은….,https://cafe.naver.com/ArticleRead.nhn?clubid=12928625&userDisplay=50&boardtype=L&articleid=4691730&referrerAllArticles=false
109,20250402,커뮤니티,4월 운동 계획 대충 세워봄...,https://gall.dcinside.com/mgallery/board/view/?id=jogging&no=59882
110,20250402,커뮤니티,"2025년 4월, 봄철 국내여행의 매력",https://cafe.naver.com/4mookja/4812?art=aW50ZXJuYWwtY2FmZS13ZWItc2VjdGlvbi1zZWFyY2gtbGlzdA.eyJ0eXAiOiJKV1QiLCJhbGciOiJIUzI1NiJ9.eyJjYWZlVHlwZSI6IkNBRkVfVVJMIiwiYXJ0aWNsZUlkIjo0ODEyLCJjYWZlVXJsIjoiNG1vb2tqYSIsImlzc3VlZEF0IjoxNzQzNjAwODAyNTgyfQ.wyYrKUT805o98wEyRJRCROL3OOXiBdwJ-kbBJJo0NjI
111,20250402,커뮤니티,"[싱가포르] 싱가포르 여행의 숨은 보석, 프래그런스 호텔 - 루비 완벽 가이드",https://cafe.naver.com/hotelsinfo/79486?art=aW50ZXJuYWwtY2FmZS13ZWItc2VjdGlvbi1zZWFyY2gtbGlzdA.eyJ0eXAiOiJKV1QiLCJhbGciOiJIUzI1NiJ9.eyJjYWZlVHlwZSI6IkNBRkVfVVJMIiwiYXJ0aWNsZUlkIjo3OTQ4NiwiY2FmZVVybCI6ImhvdGVsc2luZm8iLCJpc3N1ZWRBdCI6MTc0MzYwMDgwOTEzN30.iZlZEgDMf848_or5_WaAWRrMs2l_WzGF6mx2p_Dssdw
112,20250402,커뮤니티,"[앱 상품]로드 자전거 카본 싯포스트, 시트포스트, 안장받침대",https://cafe.naver.com/joonggonara/1101071344?art=aW50ZXJuYWwtY2FmZS13ZWItc2VjdGlvbi1zZWFyY2gtbGlzdA.eyJ0eXAiOiJKV1QiLCJhbGciOiJIUzI1NiJ9.eyJjYWZlVHlwZSI6IkNBRkVfVVJMIiwiYXJ0aWNsZUlkIjoxMTAxMDcxMzQ0LCJjYWZlVXJsIjoiam9vbmdnb25hcmEiLCJpc3N1ZWRBdCI6MTc0MzYwMDYwNTE2MH0.LjJH6IRF3YZavWCIABR_J5XTPWxOT1-1FZvlSXYe5us
113,20250402,커뮤니티,한강공원에서 자전거를 타기 위해 필요한 능력,https://bbs.ruliweb.com/community/board/300143/read/70121987
114,20250402,커뮤니티,경산의 매력을 느껴보세요! 여행 필수 정보,https://cafe.naver.com/seniorcares/7377?art=aW50ZXJuYWwtY2FmZS13ZWItc2VjdGlvbi1zZWFyY2gtbGlzdA.eyJ0eXAiOiJKV1QiLCJhbGciOiJIUzI1NiJ9.eyJjYWZlVHlwZSI6IkNBRkVfVVJMIiwiYXJ0aWNsZUlkIjo3Mzc3LCJjYWZlVXJsIjoic2VuaW9yY2FyZXMiLCJpc3N1ZWRBdCI6MTc0MzYwMDc1ODA3Mn0.FDWePcYsQfJTwt4d7gA0VY2BchedFr-PO-HXM0gimx0
115,20250402,커뮤니티,목요야라,https://cafe.naver.com/browniky4n/815?art=aW50ZXJuYWwtY2FmZS13ZWItc2VjdGlvbi1zZWFyY2gtbGlzdA.eyJ0eXAiOiJKV1QiLCJhbGciOiJIUzI1NiJ9.eyJjYWZlVHlwZSI6IkNBRkVfVVJMIiwiYXJ0aWNsZUlkIjo4MTUsImNhZmVVcmwiOiJicm93bmlreTRuIiwiaXNzdWVkQXQiOjE3NDM2MDA3NzYzMTV9.9GRxylu55DZBoCPSM0oH5gfKgYPCOwltcrMdeEsRp4M
116,20250402,커뮤니티,렌트카 문의 (오사카-히메지-아리마온천/오사카-이네후나야-아마노하시다테),https://cafe.naver.com/jpnstory/3935995?art=aW50ZXJuYWwtY2FmZS13ZWItc2VjdGlvbi1zZWFyY2gtbGlzdA.eyJ0eXAiOiJKV1QiLCJhbGciOiJIUzI1NiJ9.eyJjYWZlVHlwZSI6IkNBRkVfVVJMIiwiYXJ0aWNsZUlkIjozOTM1OTk1LCJjYWZlVXJsIjoianBuc3RvcnkiLCJpc3N1ZWRBdCI6MTc0MzYwMDc2NDkyOX0.s1I6n4Y2u607DenR-jxwucUCUeSur9e9WkcONGjH164
117,20250402,커뮤니티,자이도서관관리,https://cafe.naver.com/grancityxione/45951?art=aW50ZXJuYWwtY2FmZS13ZWItc2VjdGlvbi1zZWFyY2gtbGlzdA.eyJ0eXAiOiJKV1QiLCJhbGciOiJIUzI1NiJ9.eyJjYWZlVHlwZSI6IkNBRkVfVVJMIiwiYXJ0aWNsZUlkIjo0NTk1MSwiY2FmZVVybCI6ImdyYW5jaXR5eGlvbmUiLCJpc3N1ZWRBdCI6MTc0MzYwMDQ0MzgzN30.atXyNvBZnaN6Bo_8UwGKmNpja38jA0SfAOzncOAQtB4
118,20250402,커뮤니티,자전거로 지나간 길 표시하는 어플 이름이 뭐임?,https://gall.dcinside.com/board/view/?id=bicycle&no=3751011
119,20250402,커뮤니티,[앱 상품]사하라접이식 자전거,https://cafe.naver.com/joonggonara/1101070844?art=aW50ZXJuYWwtY2FmZS13ZWItc2VjdGlvbi1zZWFyY2gtbGlzdA.eyJ0eXAiOiJKV1QiLCJhbGciOiJIUzI1NiJ9.eyJjYWZlVHlwZSI6IkNBRkVfVVJMIiwiYXJ0aWNsZUlkIjoxMTAxMDcwODQ0LCJjYWZlVXJsIjoiam9vbmdnb25hcmEiLCJpc3N1ZWRBdCI6MTc0MzYwMDU5ODU3NH0.7pKTLddUzzSL84Llx_CZMjB8wkL58xwlY2rAnwtCtJ4
120,20250402,커뮤니티,양산봉 정상,https://cafe.daum.net/mountclimb/tEK4/17
121,20250402,커뮤니티,"여의도 측구수로관, 전문가의 시공 노하우",https://cafe.naver.com/bluegrayzgilw/1138?art=aW50ZXJuYWwtY2FmZS13ZWItc2VjdGlvbi1zZWFyY2gtbGlzdA.eyJ0eXAiOiJKV1QiLCJhbGciOiJIUzI1NiJ9.eyJjYWZlVHlwZSI6IkNBRkVfVVJMIiwiYXJ0aWNsZUlkIjoxMTM4LCJjYWZlVXJsIjoiYmx1ZWdyYXl6Z2lsdyIsImlzc3VlZEF0IjoxNzQzNjAwMzcwNzIxfQ.bHU4pKyj_8Rh3ydWYU1cxB3oYU7ymc_8nJFeCPSroD4
122,20250402,커뮤니티,속초 문경 청주 경계석 조달 절차,https://cafe.naver.com/bluegrayej54t/720?art=aW50ZXJuYWwtY2FmZS13ZWItc2VjdGlvbi1zZWFyY2gtbGlzdA.eyJ0eXAiOiJKV1QiLCJhbGciOiJIUzI1NiJ9.eyJjYWZlVHlwZSI6IkNBRkVfVVJMIiwiYXJ0aWNsZUlkIjo3MjAsImNhZmVVcmwiOiJibHVlZ3JheWVqNTR0IiwiaXNzdWVkQXQiOjE3NDM2MDA1MjI5ODF9.c1JMGfLdY-0-sdSb6tfJf0cpzkUT8qCNt3k3N2Sdiss
123,20250402,커뮤니티,에메랄드임페리움 1.2 공략 #3-3,https://gall.dcinside.com/mgallery/board/view/?id=rayquaza&no=159643
124,20250402,커뮤니티,"유머	살 빼려고 자전거 샀는데 ...",https://yul-do.com/index.php?mid=humorissue&document_srl=83170557
125,20250402,커뮤니티,화롄 가성비 갑! 2성급 셀린스 비앤비 솔직후기 ✨,https://cafe.naver.com/taiwantriptalk/5918?art=aW50ZXJuYWwtY2FmZS13ZWItc2VjdGlvbi1zZWFyY2gtbGlzdA.eyJ0eXAiOiJKV1QiLCJhbGciOiJIUzI1NiJ9.eyJjYWZlVHlwZSI6IkNBRkVfVVJMIiwiYXJ0aWNsZUlkIjo1OTE4LCJjYWZlVXJsIjoidGFpd2FudHJpcHRhbGsiLCJpc3N1ZWRBdCI6MTc0MzYwMDM1MDIzMX0.aY6iYC7JE7eIm6Q-ylk5JefsB2ah0CtecyR6Pz40CNw
126,20250402,커뮤니티,오운완 실내자전거,https://cafe.naver.com/hikingf/9644?art=aW50ZXJuYWwtY2FmZS13ZWItc2VjdGlvbi1zZWFyY2gtbGlzdA.eyJ0eXAiOiJKV1QiLCJhbGciOiJIUzI1NiJ9.eyJjYWZlVHlwZSI6IkNBRkVfVVJMIiwiYXJ0aWNsZUlkIjo5NjQ0LCJjYWZlVXJsIjoiaGlraW5nZiIsImlzc3VlZEF0IjoxNzQzNjAwMDgwODI2fQ.KdccEMhqDVPzSSp-kdCWxvQDRtnLBb6TqIve_NScBeM
127,20250402,커뮤니티,머리핀너무귀여워요! 챙겨도되겠죠,https://cafe.naver.com/hongsam09/6851620?art=aW50ZXJuYWwtY2FmZS13ZWItc2VjdGlvbi1zZWFyY2gtbGlzdA.eyJ0eXAiOiJKV1QiLCJhbGciOiJIUzI1NiJ9.eyJjYWZlVHlwZSI6IkNBRkVfVVJMIiwiYXJ0aWNsZUlkIjo2ODUxNjIwLCJjYWZlVXJsIjoiaG9uZ3NhbTA5IiwiaXNzdWVkQXQiOjE3NDM2MDAyOTE5NDJ9.5Fhpfms8UHuLCHY0Z5zIkRe2Gp-eF6UpWIGCdmquOuc
128,20250402,커뮤니티,우미노 나카미치,https://cafe.naver.com/jpnstory/3935988?art=aW50ZXJuYWwtY2FmZS13ZWItc2VjdGlvbi1zZWFyY2gtbGlzdA.eyJ0eXAiOiJKV1QiLCJhbGciOiJIUzI1NiJ9.eyJjYWZlVHlwZSI6IkNBRkVfVVJMIiwiYXJ0aWNsZUlkIjozOTM1OTg4LCJjYWZlVXJsIjoianBuc3RvcnkiLCJpc3N1ZWRBdCI6MTc0MzYwMDA5ODYyNH0.r3UmMEoALtt8clhN9Aiom3eagZqTzPbljIdZCPjF3os
129,20250402,커뮤니티,[멀쩡한 허리 작살 내는 방법 ],https://cafe.naver.com/greeney1s4/31043?art=aW50ZXJuYWwtY2FmZS13ZWItc2VjdGlvbi1zZWFyY2gtbGlzdA.eyJ0eXAiOiJKV1QiLCJhbGciOiJIUzI1NiJ9.eyJjYWZlVHlwZSI6IkNBRkVfVVJMIiwiYXJ0aWNsZUlkIjozMTA0MywiY2FmZVVybCI6ImdyZWVuZXkxczQiLCJpc3N1ZWRBdCI6MTc0MzU5OTg4NTAzN30.5nnnxIvyREzlAGLUgq6BzJz89lQ6dYug_3shZIlEdt8
130,20250402,커뮤니티,[멀정한 허리 개작살 내는 방법 ],https://cafe.naver.com/lithiumbatterie/24007?art=aW50ZXJuYWwtY2FmZS13ZWItc2VjdGlvbi1zZWFyY2gtbGlzdA.eyJ0eXAiOiJKV1QiLCJhbGciOiJIUzI1NiJ9.eyJjYWZlVHlwZSI6IkNBRkVfVVJMIiwiYXJ0aWNsZUlkIjoyNDAwNywiY2FmZVVybCI6ImxpdGhpdW1iYXR0ZXJpZSIsImlzc3VlZEF0IjoxNzQzNTk5NzYzNTgyfQ.PVIm2SiiEU9IRG8g3NxVxZwctfu_bc25FfzaHvMn0jY
131,20250402,커뮤니티,[멀쩡한 허리 작살내는 방법],https://cafe.naver.com/diykorea7/46143?art=aW50ZXJuYWwtY2FmZS13ZWItc2VjdGlvbi1zZWFyY2gtbGlzdA.eyJ0eXAiOiJKV1QiLCJhbGciOiJIUzI1NiJ9.eyJjYWZlVHlwZSI6IkNBRkVfVVJMIiwiYXJ0aWNsZUlkIjo0NjE0MywiY2FmZVVybCI6ImRpeWtvcmVhNyIsImlzc3VlZEF0IjoxNzQzNjAwMzYxMTUxfQ.tPzJhKNr6LgBBIDVUZKwBwWLKi1uWQAZzoNBMizLK9c
132,20250402,커뮤니티,[러시아 튜멘] 더블트리 바이 힐튼 튜멘 호텔: 매력적인 여행지와 완벽한 숙박 경험,https://cafe.naver.com/hoteltravel/312874?art=aW50ZXJuYWwtY2FmZS13ZWItc2VjdGlvbi1zZWFyY2gtbGlzdA.eyJ0eXAiOiJKV1QiLCJhbGciOiJIUzI1NiJ9.eyJjYWZlVHlwZSI6IkNBRkVfVVJMIiwiYXJ0aWNsZUlkIjozMTI4NzQsImNhZmVVcmwiOiJob3RlbHRyYXZlbCIsImlzc3VlZEF0IjoxNzQzNjAwMzYzNTIzfQ.kZieZ2PlFATqKQXuyu7Ji6pkr2RMp00wrSDt91pLCjg
133,20250402,커뮤니티,[멀쩡한 허리 작살 내는 방법 ],https://cafe.naver.com/diymarket82/2132?art=aW50ZXJuYWwtY2FmZS13ZWItc2VjdGlvbi1zZWFyY2gtbGlzdA.eyJ0eXAiOiJKV1QiLCJhbGciOiJIUzI1NiJ9.eyJjYWZlVHlwZSI6IkNBRkVfVVJMIiwiYXJ0aWNsZUlkIjoyMTMyLCJjYWZlVXJsIjoiZGl5bWFya2V0ODIiLCJpc3N1ZWRBdCI6MTc0MzU5OTg4NTA1NH0.XIh4Y0oewBxmvHhLomPootAOpJp6PwhM7y9gaCtVtno
134,20250402,커뮤니티,[허리 작살내는 법] 허리 통증 유발 .,https://cafe.naver.com/diyhome1/163437?art=aW50ZXJuYWwtY2FmZS13ZWItc2VjdGlvbi1zZWFyY2gtbGlzdA.eyJ0eXAiOiJKV1QiLCJhbGciOiJIUzI1NiJ9.eyJjYWZlVHlwZSI6IkNBRkVfVVJMIiwiYXJ0aWNsZUlkIjoxNjM0MzcsImNhZmVVcmwiOiJkaXlob21lMSIsImlzc3VlZEF0IjoxNzQzNTk5NjgxMjgzfQ.GjGxKwTDYixV2NpEogosyGQX_7nBeysbsLoP4D-NL5g
135,20250402,커뮤니티,멀쩡한 허리 작살 내는 방법,https://cafe.naver.com/hssoon/407285?art=aW50ZXJuYWwtY2FmZS13ZWItc2VjdGlvbi1zZWFyY2gtbGlzdA.eyJ0eXAiOiJKV1QiLCJhbGciOiJIUzI1NiJ9.eyJjYWZlVHlwZSI6IkNBRkVfVVJMIiwiYXJ0aWNsZUlkIjo0MDcyODUsImNhZmVVcmwiOiJoc3Nvb24iLCJpc3N1ZWRBdCI6MTc0MzU5OTg0MTk4M30.D2XBd199iEXT-i6bo1zff9mSUuMu5dvyhRFcLnGS_b0
136,20250402,커뮤니티,통학용 자전거 추천부탁드립니다,https://gall.dcinside.com/board/view/?id=bicycle&no=3751009
137,20250402,커뮤니티,서서타는 실내자전거 운동 잘되나요?,https://cafe.naver.com/hongkong2/32968?art=aW50ZXJuYWwtY2FmZS13ZWItc2VjdGlvbi1zZWFyY2gtbGlzdA.eyJ0eXAiOiJKV1QiLCJhbGciOiJIUzI1NiJ9.eyJjYWZlVHlwZSI6IkNBRkVfVVJMIiwiYXJ0aWNsZUlkIjozMjk2OCwiY2FmZVVybCI6Imhvbmdrb25nMiIsImlzc3VlZEF0IjoxNzQzNjAwMjkxOTYzfQ.vr0S105WZ6teRgh7j9fHmu7fvPBpwXQtK9fvp51PzNY
138,20250402,커뮤니티,자전거 국토종주 vs 마라톤  어떤게 더 힘들다고 보냐??,https://gall.dcinside.com/board/view/?id=car_new1&no=10547170
139,20250402,커뮤니티,주절주절 고백문..😁✌️,https://cafe.daum.net/D-ESTER/Vw8A/44
140,20250402,커뮤니티,이사 하나봐요..!,https://cafe.naver.com/sgoijapan/13506?art=aW50ZXJuYWwtY2FmZS13ZWItc2VjdGlvbi1zZWFyY2gtbGlzdA.eyJ0eXAiOiJKV1QiLCJhbGciOiJIUzI1NiJ9.eyJjYWZlVHlwZSI6IkNBRkVfVVJMIiwiYXJ0aWNsZUlkIjoxMzUwNiwiY2FmZVVybCI6InNnb2lqYXBhbiIsImlzc3VlZEF0IjoxNzQzNTk5OTY4ODA0fQ.rqC2r07iXCCXlXCIh01nnjC5PCY7znA-eKTuIrMrTSw
141,20250402,커뮤니티,"☀️ 3대가 함께한 멋진날) 3-2. 올드타운, 그리고 입장료 논란, 바뮤사원, 못카페 (Mót)",https://cafe.naver.com/happyibook/5351534?art=aW50ZXJuYWwtY2FmZS13ZWItc2VjdGlvbi1zZWFyY2gtbGlzdA.eyJ0eXAiOiJKV1QiLCJhbGciOiJIUzI1NiJ9.eyJjYWZlVHlwZSI6IkNBRkVfVVJMIiwiYXJ0aWNsZUlkIjo1MzUxNTM0LCJjYWZlVXJsIjoiaGFwcHlpYm9vayIsImlzc3VlZEF0IjoxNzQzNjAwMjEwOTUxfQ.VvdSjmv1Dq-UpEKyV2vgGn1OCCFcPhszjZFcCRdQxYo
142,20250402,커뮤니티,"축구 슈팅, 킥, 패스 임펙트 포인트 찿아드립니다. 슈팅 교정 전문 트레이닝 센터 슈팅메카 ...!!",https://cafe.naver.com/forland/95782?art=aW50ZXJuYWwtY2FmZS13ZWItc2VjdGlvbi1zZWFyY2gtbGlzdA.eyJ0eXAiOiJKV1QiLCJhbGciOiJIUzI1NiJ9.eyJjYWZlVHlwZSI6IkNBRkVfVVJMIiwiYXJ0aWNsZUlkIjo5NTc4MiwiY2FmZVVybCI6ImZvcmxhbmQiLCJpc3N1ZWRBdCI6MTc0MzYwMDAzMTEzMn0.aZrqjIiNDK2PnCPmQ7-eo7RrMgFchRTO4nTGceZ-Lzc
143,20250402,커뮤니티,[앱 새상품]id221 c5 pro (단순개봉) 팝니다,https://cafe.naver.com/joonggonara/1101070152?art=aW50ZXJuYWwtY2FmZS13ZWItc2VjdGlvbi1zZWFyY2gtbGlzdA.eyJ0eXAiOiJKV1QiLCJhbGciOiJIUzI1NiJ9.eyJjYWZlVHlwZSI6IkNBRkVfVVJMIiwiYXJ0aWNsZUlkIjoxMTAxMDcwMTUyLCJjYWZlVXJsIjoiam9vbmdnb25hcmEiLCJpc3N1ZWRBdCI6MTc0MzYwMDAwNTc1Mn0.Laa_VvUb84I-BdvTIdJRYCUastA6zjhhHYo1VwG-X6c
144,20250402,커뮤니티,"화롄 로컬 감성 가득, 7만원대 실속 호텔 무나 호스텔 후기 ✨",https://cafe.naver.com/taiwantriptalk/5917?art=aW50ZXJuYWwtY2FmZS13ZWItc2VjdGlvbi1zZWFyY2gtbGlzdA.eyJ0eXAiOiJKV1QiLCJhbGciOiJIUzI1NiJ9.eyJjYWZlVHlwZSI6IkNBRkVfVVJMIiwiYXJ0aWNsZUlkIjo1OTE3LCJjYWZlVXJsIjoidGFpd2FudHJpcHRhbGsiLCJpc3N1ZWRBdCI6MTc0MzYwMDA5MDc4N30.-l8CL-JJq_4GyWGs_KrGVLMeJGbA_34myM7MnIUwHHM
145,20250402,커뮤니티,출석,https://cafe.naver.com/sgoijapan/13505?art=aW50ZXJuYWwtY2FmZS13ZWItc2VjdGlvbi1zZWFyY2gtbGlzdA.eyJ0eXAiOiJKV1QiLCJhbGciOiJIUzI1NiJ9.eyJjYWZlVHlwZSI6IkNBRkVfVVJMIiwiYXJ0aWNsZUlkIjoxMzUwNSwiY2FmZVVybCI6InNnb2lqYXBhbiIsImlzc3VlZEF0IjoxNzQzNjAwMDU5ODAxfQ.dF4md0qhqtf1zJLmobkC6rpiXsOX9xX6RClgzs0zDAI
146,20250402,커뮤니티,** 허리통증 주의 보( 허리통증에 안 좋은 동작들),https://cafe.naver.com/hellozlpa/46613?art=aW50ZXJuYWwtY2FmZS13ZWItc2VjdGlvbi1zZWFyY2gtbGlzdA.eyJ0eXAiOiJKV1QiLCJhbGciOiJIUzI1NiJ9.eyJjYWZlVHlwZSI6IkNBRkVfVVJMIiwiYXJ0aWNsZUlkIjo0NjYxMywiY2FmZVVybCI6ImhlbGxvemxwYSIsImlzc3VlZEF0IjoxNzQzNTk5NjQ3NjAxfQ.8SAMUE6N7Bq14S961Ut-mi5OxZqPazWm-l6lY8_m6FE
147,20250402,커뮤니티,팡코르 아일랜드_DoubleTree by Hilton Damai Laut Resort (더블트리 힐튼 다마이 라우트),https://cafe.naver.com/goodtourmalaysia/4546?art=aW50ZXJuYWwtY2FmZS13ZWItc2VjdGlvbi1zZWFyY2gtbGlzdA.eyJ0eXAiOiJKV1QiLCJhbGciOiJIUzI1NiJ9.eyJjYWZlVHlwZSI6IkNBRkVfVVJMIiwiYXJ0aWNsZUlkIjo0NTQ2LCJjYWZlVXJsIjoiZ29vZHRvdXJtYWxheXNpYSIsImlzc3VlZEF0IjoxNzQzNjAwMDc0ODU2fQ.oAz4tkRrN5gu1WGhV4oxvSN2r355CNGfP5XcUomBSE4
148,20250402,커뮤니티,퀵스핀 실내자전거,https://cafe.naver.com/woongchun12/172453?art=aW50ZXJuYWwtY2FmZS13ZWItc2VjdGlvbi1zZWFyY2gtbGlzdA.eyJ0eXAiOiJKV1QiLCJhbGciOiJIUzI1NiJ9.eyJjYWZlVHlwZSI6IkNBRkVfVVJMIiwiYXJ0aWNsZUlkIjoxNzI0NTMsImNhZmVVcmwiOiJ3b29uZ2NodW4xMiIsImlzc3VlZEF0IjoxNzQzNTk5NDY4MTQ4fQ.NEYh-RGPyF98U00VfJL7MHRAAI772aqJ3YeBevW5WG4
149,20250402,커뮤니티,Brompton MK1 #63,https://cafe.naver.com/brompton/359168?art=aW50ZXJuYWwtY2FmZS13ZWItc2VjdGlvbi1zZWFyY2gtbGlzdA.eyJ0eXAiOiJKV1QiLCJhbGciOiJIUzI1NiJ9.eyJjYWZlVHlwZSI6IkNBRkVfVVJMIiwiYXJ0aWNsZUlkIjozNTkxNjgsImNhZmVVcmwiOiJicm9tcHRvbiIsImlzc3VlZEF0IjoxNzQzNTk5NTg2Mzg4fQ.vuPDgHJO4olWAtVZwR-awt1NQ4GomlkKzRGsMansrAg
150,20250402,커뮤니티,저녁,https://cafe.naver.com/haejukdl/147200?art=aW50ZXJuYWwtY2FmZS13ZWItc2VjdGlvbi1zZWFyY2gtbGlzdA.eyJ0eXAiOiJKV1QiLCJhbGciOiJIUzI1NiJ9.eyJjYWZlVHlwZSI6IkNBRkVfVVJMIiwiYXJ0aWNsZUlkIjoxNDcyMDAsImNhZmVVcmwiOiJoYWVqdWtkbCIsImlzc3VlZEF0IjoxNzQzNTk5MjI4OTIzfQ.NR1nXv2WZ3rHU-xkjORMPNhuzNgHHB1aqukN55RXObw
151,20250402,커뮤니티,자전거 타고 계단 내려가는 흔한 외국인,https://cafe.daum.net/dotax/Elgq/4558431
152,20250402,커뮤니티,호이안 시타딘펄 자전거대여 가능한가요?,https://cafe.naver.com/happyibook/5351514?art=aW50ZXJuYWwtY2FmZS13ZWItc2VjdGlvbi1zZWFyY2gtbGlzdA.eyJ0eXAiOiJKV1QiLCJhbGciOiJIUzI1NiJ9.eyJjYWZlVHlwZSI6IkNBRkVfVVJMIiwiYXJ0aWNsZUlkIjo1MzUxNTE0LCJjYWZlVXJsIjoiaGFwcHlpYm9vayIsImlzc3VlZEF0IjoxNzQzNTk5MTY4NjkzfQ.jB5ELWQitTP0jvC-f7XXVY3ob4TcDBHuGAx5X3wJtUA
153,20250402,커뮤니티,여러가지 팔거나 나눔합니다,https://cafe.naver.com/kitchenerwaterloo/49364?art=aW50ZXJuYWwtY2FmZS13ZWItc2VjdGlvbi1zZWFyY2gtbGlzdA.eyJ0eXAiOiJKV1QiLCJhbGciOiJIUzI1NiJ9.eyJjYWZlVHlwZSI6IkNBRkVfVVJMIiwiYXJ0aWNsZUlkIjo0OTM2NCwiY2FmZVVybCI6ImtpdGNoZW5lcndhdGVybG9vIiwiaXNzdWVkQXQiOjE3NDM1OTkzODI4MDh9.ZtN9CfToepYflEwlPM9WToGI3pHxRuEBnOFKLvrg9l8
154,20250402,커뮤니티,부안군에서 알아보는 고지혈증 상담과 치료 병원,https://cafe.naver.com/dooly0206/1044?art=aW50ZXJuYWwtY2FmZS13ZWItc2VjdGlvbi1zZWFyY2gtbGlzdA.eyJ0eXAiOiJKV1QiLCJhbGciOiJIUzI1NiJ9.eyJjYWZlVHlwZSI6IkNBRkVfVVJMIiwiYXJ0aWNsZUlkIjoxMDQ0LCJjYWZlVXJsIjoiZG9vbHkwMjA2IiwiaXNzdWVkQXQiOjE3NDM1OTk3OTc4ODJ9.Y7Tt9pJmND8KviTElcSf4AHXj2gyqxcnlGLCthaBstI
155,20250402,커뮤니티,[앱 새상품]id221 c5 pro (단순개봉) 팝니다,https://cafe.naver.com/joonggonara/1101069581?art=aW50ZXJuYWwtY2FmZS13ZWItc2VjdGlvbi1zZWFyY2gtbGlzdA.eyJ0eXAiOiJKV1QiLCJhbGciOiJIUzI1NiJ9.eyJjYWZlVHlwZSI6IkNBRkVfVVJMIiwiYXJ0aWNsZUlkIjoxMTAxMDY5NTgxLCJjYWZlVXJsIjoiam9vbmdnb25hcmEiLCJpc3N1ZWRBdCI6MTc0MzU5OTI2NzAyOX0.vFSKfbjhsM_Sl6ge4wIFteM4SJkkYLcv_S_5ppLa-xA
156,20250402,커뮤니티,[앱 상품]18650삼성 고방전 30Q 3000mAh 10개,https://cafe.naver.com/joonggonara/1101069518?art=aW50ZXJuYWwtY2FmZS13ZWItc2VjdGlvbi1zZWFyY2gtbGlzdA.eyJ0eXAiOiJKV1QiLCJhbGciOiJIUzI1NiJ9.eyJjYWZlVHlwZSI6IkNBRkVfVVJMIiwiYXJ0aWNsZUlkIjoxMTAxMDY5NTE4LCJjYWZlVXJsIjoiam9vbmdnb25hcmEiLCJpc3N1ZWRBdCI6MTc0MzU5OTUxMzgyNn0.Y10pdS2I4j0ANNB7T1e5Yy2cvFGnGN8KdxPdM9FwkUY
157,20250402,커뮤니티,파타고니아 이스머스 아노락 ( Patagonia-ISTHMUS-ANORAK ),https://cafe.daum.net/danamania/Pz30/97915
158,20250402,커뮤니티,구매후 미루고 미루었던 마무리를 지었습니다..,https://cafe.naver.com/madisonbike/12170?art=aW50ZXJuYWwtY2FmZS13ZWItc2VjdGlvbi1zZWFyY2gtbGlzdA.eyJ0eXAiOiJKV1QiLCJhbGciOiJIUzI1NiJ9.eyJjYWZlVHlwZSI6IkNBRkVfVVJMIiwiYXJ0aWNsZUlkIjoxMjE3MCwiY2FmZVVybCI6Im1hZGlzb25iaWtlIiwiaXNzdWVkQXQiOjE3NDM1OTk1MDE3Njh9.4AuZPCW-Za7zE1lR-kLzzDJ0RM0di24wtHvZ5SMItHI
159,20250402,커뮤니티,하이브리즈 자전거 추천 부탁드립니답,https://cafe.naver.com/ArticleRead.nhn?clubid=10000260&userDisplay=50&boardtype=L&articleid=3001205&referrerAllArticles=false
160,20250402,커뮤니티,아무리 생각하고 짱구굴려도,https://cafe.naver.com/haejukdl/147199?art=aW50ZXJuYWwtY2FmZS13ZWItc2VjdGlvbi1zZWFyY2gtbGlzdA.eyJ0eXAiOiJKV1QiLCJhbGciOiJIUzI1NiJ9.eyJjYWZlVHlwZSI6IkNBRkVfVVJMIiwiYXJ0aWNsZUlkIjoxNDcxOTksImNhZmVVcmwiOiJoYWVqdWtkbCIsImlzc3VlZEF0IjoxNzQzNTk5MzE5NjY3fQ.qsLNE7R9-MPPlTsg4qniLT-_GhljGjuJAQ9Dq2aotkU
161,20250402,커뮤니티,[지금 가장 핫한]그루터기친구 U형 자전거 자물쇠,https://cafe.naver.com/lifepedia101/847?art=aW50ZXJuYWwtY2FmZS13ZWItc2VjdGlvbi1zZWFyY2gtbGlzdA.eyJ0eXAiOiJKV1QiLCJhbGciOiJIUzI1NiJ9.eyJjYWZlVHlwZSI6IkNBRkVfVVJMIiwiYXJ0aWNsZUlkIjo4NDcsImNhZmVVcmwiOiJsaWZlcGVkaWExMDEiLCJpc3N1ZWRBdCI6MTc0MzU5OTMxODU0Nn0.yXc5Dl115hqNiKm-DB5PiaW-AVJkVCyR58qxfe8bSk0
162,20250402,커뮤니티,[팀양갱]2025년4월3일(목) 20:20 미리내성지,https://cafe.naver.com/kskrm/2647?art=aW50ZXJuYWwtY2FmZS13ZWItc2VjdGlvbi1zZWFyY2gtbGlzdA.eyJ0eXAiOiJKV1QiLCJhbGciOiJIUzI1NiJ9.eyJjYWZlVHlwZSI6IkNBRkVfVVJMIiwiYXJ0aWNsZUlkIjoyNjQ3LCJjYWZlVXJsIjoia3Nrcm0iLCJpc3N1ZWRBdCI6MTc0MzU5OTA3MTkzNX0.hPK8AZnpadSo4-p02jitiCENTZkKKyTb50AFt0bGB4A
163,20250402,커뮤니티,일요일/ 대성리~ 춘천 트라이폴드 라이딩 + ft 다음주 주말에 오픈시즌 로드-라이딩 모임.,https://cafe.naver.com/cycleofseongnam/34862?art=aW50ZXJuYWwtY2FmZS13ZWItc2VjdGlvbi1zZWFyY2gtbGlzdA.eyJ0eXAiOiJKV1QiLCJhbGciOiJIUzI1NiJ9.eyJjYWZlVHlwZSI6IkNBRkVfVVJMIiwiYXJ0aWNsZUlkIjozNDg2MiwiY2FmZVVybCI6ImN5Y2xlb2ZzZW9uZ25hbSIsImlzc3VlZEF0IjoxNzQzNTk4OTE0MDQ2fQ.ffaFqJ6t5qepw3hke3Wm_SAcCUd9yxtoUM-CN5c84Cc
164,20250402,커뮤니티,😀童顔 동안 靑春 청춘 120세 人生 삶,https://cafe.daum.net/6062yk/6f3O/6649
165,20250402,커뮤니티,오운완(실내자전거30분/조깅40분),https://cafe.naver.com/line50/4258?art=aW50ZXJuYWwtY2FmZS13ZWItc2VjdGlvbi1zZWFyY2gtbGlzdA.eyJ0eXAiOiJKV1QiLCJhbGciOiJIUzI1NiJ9.eyJjYWZlVHlwZSI6IkNBRkVfVVJMIiwiYXJ0aWNsZUlkIjo0MjU4LCJjYWZlVXJsIjoibGluZTUwIiwiaXNzdWVkQXQiOjE3NDM1OTg5MDYyMDZ9.m-i978-y6PffCxR6cTcC1WTYfqDSzPdoLhghLyj8YbE
166,20250402,커뮤니티,서울의 숨겨진 벚꽃 명소 5곳 소개,https://cafe.naver.com/seniorcares/7357?art=aW50ZXJuYWwtY2FmZS13ZWItc2VjdGlvbi1zZWFyY2gtbGlzdA.eyJ0eXAiOiJKV1QiLCJhbGciOiJIUzI1NiJ9.eyJjYWZlVHlwZSI6IkNBRkVfVVJMIiwiYXJ0aWNsZUlkIjo3MzU3LCJjYWZlVXJsIjoic2VuaW9yY2FyZXMiLCJpc3N1ZWRBdCI6MTc0MzU5ODkwNzM2Nn0.2HH_aZjD2G6049tEzdR2L3NQ6ujt8aMWxBDYEg6RWcQ
167,20250402,커뮤니티,상암에서 오토바이 면허 취득하기: 절차와 팁,https://cafe.naver.com/seniorcares/7355?art=aW50ZXJuYWwtY2FmZS13ZWItc2VjdGlvbi1zZWFyY2gtbGlzdA.eyJ0eXAiOiJKV1QiLCJhbGciOiJIUzI1NiJ9.eyJjYWZlVHlwZSI6IkNBRkVfVVJMIiwiYXJ0aWNsZUlkIjo3MzU1LCJjYWZlVXJsIjoic2VuaW9yY2FyZXMiLCJpc3N1ZWRBdCI6MTc0MzU5ODk3MzczMH0.45ZEHNiORrwzPmxqA3yu0fHkAN1IbBVZ_9GJARyXqz0
168,20250402,커뮤니티,데상트 200명안에 드려면 어느정도 해야함?,https://gall.dcinside.com/board/view/?id=bicycle&no=3751008
169,20250402,커뮤니티,빽다방 소프트콘 기프티콘드려요 선착순아닙니다,https://cafe.naver.com/jinjululu/2582149?art=aW50ZXJuYWwtY2FmZS13ZWItc2VjdGlvbi1zZWFyY2gtbGlzdA.eyJ0eXAiOiJKV1QiLCJhbGciOiJIUzI1NiJ9.eyJjYWZlVHlwZSI6IkNBRkVfVVJMIiwiYXJ0aWNsZUlkIjoyNTgyMTQ5LCJjYWZlVXJsIjoiamluanVsdWx1IiwiaXNzdWVkQXQiOjE3NDM1OTg3NTIwMjF9.dFvIJgkyyWHCrbuCSjQhEmgnHamQ5DlC6-GiGZk-s5s
170,20250402,커뮤니티,4/2 자율운동,https://cafe.daum.net/mountclimb/tEK4/16
171,20250402,커뮤니티,"[미국 리마 (OH)] 리마(OH)에서의 편안한 여행, 컨트리 인 앤 스위트 바이 칼슨에서의 완벽한 숙박 경험",https://cafe.naver.com/hoteltravel/312872?art=aW50ZXJuYWwtY2FmZS13ZWItc2VjdGlvbi1zZWFyY2gtbGlzdA.eyJ0eXAiOiJKV1QiLCJhbGciOiJIUzI1NiJ9.eyJjYWZlVHlwZSI6IkNBRkVfVVJMIiwiYXJ0aWNsZUlkIjozMTI4NzIsImNhZmVVcmwiOiJob3RlbHRyYXZlbCIsImlzc3VlZEF0IjoxNzQzNTk4Nzg2NDQwfQ.U26aXdhFo0fhLUjOyINifIaxxgMqSY2zgRAZZjA4uQs
172,20250402,커뮤니티,✔ [길벗어린이] 지원이와 병관이 시리즈,https://cafe.naver.com/ahhyunluv/9901?art=aW50ZXJuYWwtY2FmZS13ZWItc2VjdGlvbi1zZWFyY2gtbGlzdA.eyJ0eXAiOiJKV1QiLCJhbGciOiJIUzI1NiJ9.eyJjYWZlVHlwZSI6IkNBRkVfVVJMIiwiYXJ0aWNsZUlkIjo5OTAxLCJjYWZlVXJsIjoiYWhoeXVubHV2IiwiaXNzdWVkQXQiOjE3NDM1OTg3NjEzOTB9.ZLHH8rmVy_D2O8sgOwrKgXWF_CLAkwPWX2WIu55XGpw
173,20250402,커뮤니티,마쓰야마 마트 질문!,https://cafe.naver.com/jpnstory/3935962?art=aW50ZXJuYWwtY2FmZS13ZWItc2VjdGlvbi1zZWFyY2gtbGlzdA.eyJ0eXAiOiJKV1QiLCJhbGciOiJIUzI1NiJ9.eyJjYWZlVHlwZSI6IkNBRkVfVVJMIiwiYXJ0aWNsZUlkIjozOTM1OTYyLCJjYWZlVXJsIjoianBuc3RvcnkiLCJpc3N1ZWRBdCI6MTc0MzU5ODMxNTk2M30.VjJvM860VPA5XN4BOB4z2Pq835FEbq5ZRzezo_HJgIk
174,20250402,커뮤니티,[90-2] 김란희,https://cafe.naver.com/lifemschool/131606?art=aW50ZXJuYWwtY2FmZS13ZWItc2VjdGlvbi1zZWFyY2gtbGlzdA.eyJ0eXAiOiJKV1QiLCJhbGciOiJIUzI1NiJ9.eyJjYWZlVHlwZSI6IkNBRkVfVVJMIiwiYXJ0aWNsZUlkIjoxMzE2MDYsImNhZmVVcmwiOiJsaWZlbXNjaG9vbCIsImlzc3VlZEF0IjoxNzQzNTk4NTAyNzUwfQ.JKZNjT65gshk3xw-V_teD0LddT-ilW1x-JTDd__CWwY
175,20250402,커뮤니티,4월2일 학습기록 베리,https://cafe.naver.com/mommentoring/1667?art=aW50ZXJuYWwtY2FmZS13ZWItc2VjdGlvbi1zZWFyY2gtbGlzdA.eyJ0eXAiOiJKV1QiLCJhbGciOiJIUzI1NiJ9.eyJjYWZlVHlwZSI6IkNBRkVfVVJMIiwiYXJ0aWNsZUlkIjoxNjY3LCJjYWZlVXJsIjoibW9tbWVudG9yaW5nIiwiaXNzdWVkQXQiOjE3NDM1OTg1MzYyMzB9.j4vtpicpm3TmSTnA_PbDwSpP9egHybnkPDY8fRh32zQ
176,20250402,커뮤니티,이제 운동 시작 하려구요~^^,https://cafe.naver.com/frpolice/63665?art=aW50ZXJuYWwtY2FmZS13ZWItc2VjdGlvbi1zZWFyY2gtbGlzdA.eyJ0eXAiOiJKV1QiLCJhbGciOiJIUzI1NiJ9.eyJjYWZlVHlwZSI6IkNBRkVfVVJMIiwiYXJ0aWNsZUlkIjo2MzY2NSwiY2FmZVVybCI6ImZycG9saWNlIiwiaXNzdWVkQXQiOjE3NDM1OTg1MjYxMjd9.VExgP5qkcERI6h9sH1yPhRbXEjWL5VZrz1iSQ2ehzzg
177,20250402,커뮤니티,알바니아 장학수혜자,https://cafe.daum.net/durano1004/S6XV/14
178,20250402,커뮤니티,자전거 안전을 위한 CCTV 설치 필요성에 대해,https://cafe.naver.com/hillstate1212/6277?art=aW50ZXJuYWwtY2FmZS13ZWItc2VjdGlvbi1zZWFyY2gtbGlzdA.eyJ0eXAiOiJKV1QiLCJhbGciOiJIUzI1NiJ9.eyJjYWZlVHlwZSI6IkNBRkVfVVJMIiwiYXJ0aWNsZUlkIjo2Mjc3LCJjYWZlVXJsIjoiaGlsbHN0YXRlMTIxMiIsImlzc3VlZEF0IjoxNzQzNTk4NDQ3MTU2fQ.EK9qflMSjx353xYSZme9dKYs4EfOUUDKCyvfRGZLpT4
179,20250402,커뮤니티,자전거 공기주입기 수리 요(613동앞),https://cafe.naver.com/megatown1842/1425?art=aW50ZXJuYWwtY2FmZS13ZWItc2VjdGlvbi1zZWFyY2gtbGlzdA.eyJ0eXAiOiJKV1QiLCJhbGciOiJIUzI1NiJ9.eyJjYWZlVHlwZSI6IkNBRkVfVVJMIiwiYXJ0aWNsZUlkIjoxNDI1LCJjYWZlVXJsIjoibWVnYXRvd24xODQyIiwiaXNzdWVkQXQiOjE3NDM1OTgxODU2MDd9.jgu_xnGERgWUE3gQBrB_NMP_43qUPaaTux1rygrH0BA
180,20250402,커뮤니티,기상2700,https://cafe.naver.com/haejukdl/147195?art=aW50ZXJuYWwtY2FmZS13ZWItc2VjdGlvbi1zZWFyY2gtbGlzdA.eyJ0eXAiOiJKV1QiLCJhbGciOiJIUzI1NiJ9.eyJjYWZlVHlwZSI6IkNBRkVfVVJMIiwiYXJ0aWNsZUlkIjoxNDcxOTUsImNhZmVVcmwiOiJoYWVqdWtkbCIsImlzc3VlZEF0IjoxNzQzNTk4MDE1NDgyfQ.QyFq6pEoup_InkOKUazg5zC1eooljfzcIv19TLVJM_s
181,20250402,커뮤니티,제미나이와 함께 단어장으로 만들었음,https://arca.live/b/ellada/132927091
182,20250402,커뮤니티,우딜은 오토바이로 해도 되나요...?,https://cafe.naver.com/galaxysc/482227?art=aW50ZXJuYWwtY2FmZS13ZWItc2VjdGlvbi1zZWFyY2gtbGlzdA.eyJ0eXAiOiJKV1QiLCJhbGciOiJIUzI1NiJ9.eyJjYWZlVHlwZSI6IkNBRkVfVVJMIiwiYXJ0aWNsZUlkIjo0ODIyMjcsImNhZmVVcmwiOiJnYWxheHlzYyIsImlzc3VlZEF0IjoxNzQzNTk3ODQ2MTA1fQ.YJoyDS4fWFQjbeLXp9miLtsmcvXO3j3orXDQ6Fu3qMY
183,20250402,커뮤니티,대출3억있는데 테슬라 사고싶네요....,https://cafe.naver.com/dieselmania/45567459?art=aW50ZXJuYWwtY2FmZS13ZWItc2VjdGlvbi1zZWFyY2gtbGlzdA.eyJ0eXAiOiJKV1QiLCJhbGciOiJIUzI1NiJ9.eyJjYWZlVHlwZSI6IkNBRkVfVVJMIiwiYXJ0aWNsZUlkIjo0NTU2NzQ1OSwiY2FmZVVybCI6ImRpZXNlbG1hbmlhIiwiaXNzdWVkQXQiOjE3NDM1OTc4OTU5MDR9.uQZHBUMeOrvhMfa98iFN9JGVwquil1GK-BSfFyq2s7s
184,20250402,커뮤니티,자전거 안장 궁뎅이에 촥 감기는 그런 안장안나오나,https://gall.dcinside.com/board/view/?id=lgbt&no=9248530
185,20250402,커뮤니티,당뇨걸리고 1년 지났네요.,https://cafe.naver.com/dangsamo/1640496?art=aW50ZXJuYWwtY2FmZS13ZWItc2VjdGlvbi1zZWFyY2gtbGlzdA.eyJ0eXAiOiJKV1QiLCJhbGciOiJIUzI1NiJ9.eyJjYWZlVHlwZSI6IkNBRkVfVVJMIiwiYXJ0aWNsZUlkIjoxNjQwNDk2LCJjYWZlVXJsIjoiZGFuZ3NhbW8iLCJpc3N1ZWRBdCI6MTc0MzU5ODI2ODUzOX0.UzJkAA8_xN7gGsaaG5TfvrkOIDfIIbuPcGyEeVqg7is
186,20250402,커뮤니티,"광주지회, 교정봉사단 창립 및 봉사 활동 실시",https://cafe.daum.net/cafe.dauem/bymZ/7
187,20250402,커뮤니티,"삼성화재 다이렉트 자동차보험 마일리지 할인 특약, 당신에게 필요한 혜택!",https://cafe.naver.com/seniorcares/7341?art=aW50ZXJuYWwtY2FmZS13ZWItc2VjdGlvbi1zZWFyY2gtbGlzdA.eyJ0eXAiOiJKV1QiLCJhbGciOiJIUzI1NiJ9.eyJjYWZlVHlwZSI6IkNBRkVfVVJMIiwiYXJ0aWNsZUlkIjo3MzQxLCJjYWZlVXJsIjoic2VuaW9yY2FyZXMiLCJpc3N1ZWRBdCI6MTc0MzU5ODMyMDY0Mn0.-z5PSHBxCfVnhsVSQ_zUPrnl43ZO0A6wfC6iOqnHbaE
188,20250402,커뮤니티,자전거로 배달하지마라,https://gall.dcinside.com/mgallery/board/view/?id=bamin&no=1102037
189,20250402,커뮤니티,일방통행 전기자전거,https://cafe.naver.com/nds07/4691630?art=aW50ZXJuYWwtY2FmZS13ZWItc2VjdGlvbi1zZWFyY2gtbGlzdA.eyJ0eXAiOiJKV1QiLCJhbGciOiJIUzI1NiJ9.eyJjYWZlVHlwZSI6IkNBRkVfVVJMIiwiYXJ0aWNsZUlkIjo0NjkxNjMwLCJjYWZlVXJsIjoibmRzMDciLCJpc3N1ZWRBdCI6MTc0MzU5NzkzMzkwNX0.SfzaA8P-ogjc-jTVvS__Y6JQqxSeTmKsEwKB0pPtBvI
190,20250402,커뮤니티,운동 1일차....,https://cafe.naver.com/chosun07/25229?art=aW50ZXJuYWwtY2FmZS13ZWItc2VjdGlvbi1zZWFyY2gtbGlzdA.eyJ0eXAiOiJKV1QiLCJhbGciOiJIUzI1NiJ9.eyJjYWZlVHlwZSI6IkNBRkVfVVJMIiwiYXJ0aWNsZUlkIjoyNTIyOSwiY2FmZVVybCI6ImNob3N1bjA3IiwiaXNzdWVkQXQiOjE3NDM1OTc2NDY1NDN9.fBUt2wNhXyNOQdShNBqPOdHcxrZeVTkeJjCdCCtUqG8
191,20250402,커뮤니티,장문) Rx800plus에서 mp1000듀얼모터 기변3일째 상세 후기,https://gall.dcinside.com/mgallery/board/view/?id=wjsrlwkwjsrj&no=80078
192,20250402,커뮤니티,캠핑과 트라이폴드 자전거,https://cafe.naver.com/likebrompton/57768?art=aW50ZXJuYWwtY2FmZS13ZWItc2VjdGlvbi1zZWFyY2gtbGlzdA.eyJ0eXAiOiJKV1QiLCJhbGciOiJIUzI1NiJ9.eyJjYWZlVHlwZSI6IkNBRkVfVVJMIiwiYXJ0aWNsZUlkIjo1Nzc2OCwiY2FmZVVybCI6Imxpa2Vicm9tcHRvbiIsImlzc3VlZEF0IjoxNzQzNTk3OTY4OTkyfQ.XD3-WO3DU6aH41YaCtI7xh2PLAJS8swqRwx62wEJWuQ
193,20250402,커뮤니티,운전자의 사과 한마디로 인성이 좌지우지 됩니다.,https://www.bobaedream.co.kr/view?code=freeb&No=3244290&bm=1
194,20250402,커뮤니티,"[미국 스테이플스 (MN)] 스테이플스(MN) 여행, 아메리카스 베스트 밸류 인에서 편안한 숙박과 함께하는 특별한 시간",https://cafe.naver.com/hoteltravel/312870?art=aW50ZXJuYWwtY2FmZS13ZWItc2VjdGlvbi1zZWFyY2gtbGlzdA.eyJ0eXAiOiJKV1QiLCJhbGciOiJIUzI1NiJ9.eyJjYWZlVHlwZSI6IkNBRkVfVVJMIiwiYXJ0aWNsZUlkIjozMTI4NzAsImNhZmVVcmwiOiJob3RlbHRyYXZlbCIsImlzc3VlZEF0IjoxNzQzNTk4MDEwNTMyfQ.dgmQWZjmhGueBh0geN-WnyeSvk1zsRj6VFTd9w43VZo
195,20250402,커뮤니티,ADHD 막강한 시간의 힘(feat. 우리 애도 친구들이 생겼다!!!!!!)(펑예),https://cafe.naver.com/getampethskin/1242539?art=aW50ZXJuYWwtY2FmZS13ZWItc2VjdGlvbi1zZWFyY2gtbGlzdA.eyJ0eXAiOiJKV1QiLCJhbGciOiJIUzI1NiJ9.eyJjYWZlVHlwZSI6IkNBRkVfVVJMIiwiYXJ0aWNsZUlkIjoxMjQyNTM5LCJjYWZlVXJsIjoiZ2V0YW1wZXRoc2tpbiIsImlzc3VlZEF0IjoxNzQzNTk4Mzk1NzEyfQ.vaeoqhgnbxW2GJzMLG9gSDp8kMVM-WIEaBwnCIQIkoU
196,20250402,커뮤니티,개미 되고싶은 찰거머리 3년 몬지 몰겟는 헐,https://cafe.naver.com/ssunn1234/3465?art=aW50ZXJuYWwtY2FmZS13ZWItc2VjdGlvbi1zZWFyY2gtbGlzdA.eyJ0eXAiOiJKV1QiLCJhbGciOiJIUzI1NiJ9.eyJjYWZlVHlwZSI6IkNBRkVfVVJMIiwiYXJ0aWNsZUlkIjozNDY1LCJjYWZlVXJsIjoic3N1bm4xMjM0IiwiaXNzdWVkQXQiOjE3NDM1OTc3ODAwOTR9.-dOCXOf1jwguVGevhXU9iJ5Of5Qmz-ORu1xOPQ3el_Y
197,20250402,커뮤니티,자전거 분실.. 찾을수 있을까요,https://cafe.naver.com/ArticleRead.nhn?clubid=10298136&userDisplay=50&boardtype=L&articleid=33485644&referrerAllArticles=false
198,20250402,커뮤니티,고해성사,https://gall.dcinside.com/mgallery/board/view/?id=zuttomayo&no=193473
199,20250402,커뮤니티,4월7일 월요라이딩(맛난것 먹고 구경가요),https://cafe.daum.net/endbar/EP2/22280
200,20250402,커뮤니티,자전거 뭐 타세요?,https://cafe.naver.com/vistadong1/8952?art=aW50ZXJuYWwtY2FmZS13ZWItc2VjdGlvbi1zZWFyY2gtbGlzdA.eyJ0eXAiOiJKV1QiLCJhbGciOiJIUzI1NiJ9.eyJjYWZlVHlwZSI6IkNBRkVfVVJMIiwiYXJ0aWNsZUlkIjo4OTUyLCJjYWZlVXJsIjoidmlzdGFkb25nMSIsImlzc3VlZEF0IjoxNzQzNTk3Njk2NjA4fQ.KugKHR1njt5ikOs8eU7HSmHgnti-TbOU5_IDsrtZ5S8
201,20250402,커뮤니티,267일차 402일차 -나는 꾸준히 월천 이상의 수익을 이룬다,https://cafe.naver.com/toptrader7/418437?art=aW50ZXJuYWwtY2FmZS13ZWItc2VjdGlvbi1zZWFyY2gtbGlzdA.eyJ0eXAiOiJKV1QiLCJhbGciOiJIUzI1NiJ9.eyJjYWZlVHlwZSI6IkNBRkVfVVJMIiwiYXJ0aWNsZUlkIjo0MTg0MzcsImNhZmVVcmwiOiJ0b3B0cmFkZXI3IiwiaXNzdWVkQXQiOjE3NDM1OTc4MDgyNDN9.SKgCdHgTmbcE58dXmd7oMh_4pXKiaF2-p4ACTJuUCHk
202,20250402,커뮤니티,메가커피 쿠폰1장드려용 ㅎㅎ(효맘91님께 드림완료요),https://cafe.naver.com/jinjululu/2582141?art=aW50ZXJuYWwtY2FmZS13ZWItc2VjdGlvbi1zZWFyY2gtbGlzdA.eyJ0eXAiOiJKV1QiLCJhbGciOiJIUzI1NiJ9.eyJjYWZlVHlwZSI6IkNBRkVfVVJMIiwiYXJ0aWNsZUlkIjoyNTgyMTQxLCJjYWZlVXJsIjoiamluanVsdWx1IiwiaXNzdWVkQXQiOjE3NDM1OTgwMDY3MjN9.T2vuS-JAAHJHB4e9xXoWUxIEmQOSmsp7bZXj4OZ6B3U
203,20250402,커뮤니티,"티탄 리어프레임, 포크 괜찮나요?",https://cafe.naver.com/likebrompton/57766?art=aW50ZXJuYWwtY2FmZS13ZWItc2VjdGlvbi1zZWFyY2gtbGlzdA.eyJ0eXAiOiJKV1QiLCJhbGciOiJIUzI1NiJ9.eyJjYWZlVHlwZSI6IkNBRkVfVVJMIiwiYXJ0aWNsZUlkIjo1Nzc2NiwiY2FmZVVybCI6Imxpa2Vicm9tcHRvbiIsImlzc3VlZEF0IjoxNzQzNTk3MzUwMTQ0fQ.zd_Dqntzk40igZv1QxCINO8RpGpqOmEY7JnQjHAOUKU
204,20250402,커뮤니티,와 ㅈㄴ 현타옴,https://cafe.naver.com/brawlstars/1395712?art=aW50ZXJuYWwtY2FmZS13ZWItc2VjdGlvbi1zZWFyY2gtbGlzdA.eyJ0eXAiOiJKV1QiLCJhbGciOiJIUzI1NiJ9.eyJjYWZlVHlwZSI6IkNBRkVfVVJMIiwiYXJ0aWNsZUlkIjoxMzk1NzEyLCJjYWZlVXJsIjoiYnJhd2xzdGFycyIsImlzc3VlZEF0IjoxNzQzNTk4NTY2MTg0fQ.xwMcMj10q4S2i_qeGhZXk8sJPBcTO3iIYUuw9nzgXeY
205,20250402,커뮤니티,24회 합천 마라톤 대회를 다녀와서 ~~~~,https://cafe.naver.com/dalmaclub/8545?art=aW50ZXJuYWwtY2FmZS13ZWItc2VjdGlvbi1zZWFyY2gtbGlzdA.eyJ0eXAiOiJKV1QiLCJhbGciOiJIUzI1NiJ9.eyJjYWZlVHlwZSI6IkNBRkVfVVJMIiwiYXJ0aWNsZUlkIjo4NTQ1LCJjYWZlVXJsIjoiZGFsbWFjbHViIiwiaXNzdWVkQXQiOjE3NDM1OTczNTMyNzF9.MnRi3PP7KMLbIIfCmFMMPFH0Rbo1eIx2A1M6yZ5ud-Y
206,20250402,커뮤니티,"스리윌라이 수코타이 호텔, 수코타이 역사공원 바로 앞의 편리한 호텔",https://cafe.naver.com/wooritest/5800?art=aW50ZXJuYWwtY2FmZS13ZWItc2VjdGlvbi1zZWFyY2gtbGlzdA.eyJ0eXAiOiJKV1QiLCJhbGciOiJIUzI1NiJ9.eyJjYWZlVHlwZSI6IkNBRkVfVVJMIiwiYXJ0aWNsZUlkIjo1ODAwLCJjYWZlVXJsIjoid29vcml0ZXN0IiwiaXNzdWVkQXQiOjE3NDM1OTc4Mjc3MTR9.1BiPkDS9QgxcqBJbxlENhdhF9O-9tkpLxWN2LakoENI
207,20250402,커뮤니티,젊은이들의 무서운 심장질환,https://cafe.daum.net/chul4050love/Ongs/6347
208,20250402,커뮤니티,소하동 지타워 나 테크노 파크 건물 근처 자전거 주차 ✔️ 어떤가요 ??,https://cafe.naver.com/ilovegm1/2549751?art=aW50ZXJuYWwtY2FmZS13ZWItc2VjdGlvbi1zZWFyY2gtbGlzdA.eyJ0eXAiOiJKV1QiLCJhbGciOiJIUzI1NiJ9.eyJjYWZlVHlwZSI6IkNBRkVfVVJMIiwiYXJ0aWNsZUlkIjoyNTQ5NzUxLCJjYWZlVXJsIjoiaWxvdmVnbTEiLCJpc3N1ZWRBdCI6MTc0MzU5NzM0NTAzM30.IAaGgLN07qyQdsy3AnmExSMGY7Y_Tg6CoRm31K7XK_0
209,20250402,커뮤니티,"Chuan Fu Hotel (호텔)(대만, 펑위안) 특가 외_추천숙소",https://cafe.naver.com/tripnstory/8533?art=aW50ZXJuYWwtY2FmZS13ZWItc2VjdGlvbi1zZWFyY2gtbGlzdA.eyJ0eXAiOiJKV1QiLCJhbGciOiJIUzI1NiJ9.eyJjYWZlVHlwZSI6IkNBRkVfVVJMIiwiYXJ0aWNsZUlkIjo4NTMzLCJjYWZlVXJsIjoidHJpcG5zdG9yeSIsImlzc3VlZEF0IjoxNzQzNTk3Nzg4NTg1fQ.CixaSMnNJTWQfBXATR_iv2DUUHj3Z1STr2g3uCZcTO0
210,20250402,커뮤니티,[캐나다 클라링턴 (ON)] 베스트웨스턴 플러스 보우맨빌 호텔에서의 완벽한 여행: 편안함과 서비스가 가득한 숙소,https://cafe.naver.com/hoteltravel/312869?art=aW50ZXJuYWwtY2FmZS13ZWItc2VjdGlvbi1zZWFyY2gtbGlzdA.eyJ0eXAiOiJKV1QiLCJhbGciOiJIUzI1NiJ9.eyJjYWZlVHlwZSI6IkNBRkVfVVJMIiwiYXJ0aWNsZUlkIjozMTI4NjksImNhZmVVcmwiOiJob3RlbHRyYXZlbCIsImlzc3VlZEF0IjoxNzQzNTk3NDk2NjE4fQ._13Z_bLflZjrfCAb442bTyMpNP6FJRWaGZVVvgCXz0Q
211,20250402,커뮤니티,오늘은 외롭지 않은데,https://gall.dcinside.com/board/view/?id=slife&no=621528
212,20250402,커뮤니티,자출인증,https://cafe.naver.com/bikecity/3001199?art=aW50ZXJuYWwtY2FmZS13ZWItc2VjdGlvbi1zZWFyY2gtbGlzdA.eyJ0eXAiOiJKV1QiLCJhbGciOiJIUzI1NiJ9.eyJjYWZlVHlwZSI6IkNBRkVfVVJMIiwiYXJ0aWNsZUlkIjozMDAxMTk5LCJjYWZlVXJsIjoiYmlrZWNpdHkiLCJpc3N1ZWRBdCI6MTc0MzU5NzUyNTcxMX0.Fqb9solgEF8nWO4rspVTS-3Pehkk1cQ7vdp-HsVEap4
213,20250402,커뮤니티,직장동료들과. 자전거 라이딩,https://cafe.naver.com/move79/5511236?art=aW50ZXJuYWwtY2FmZS13ZWItc2VjdGlvbi1zZWFyY2gtbGlzdA.eyJ0eXAiOiJKV1QiLCJhbGciOiJIUzI1NiJ9.eyJjYWZlVHlwZSI6IkNBRkVfVVJMIiwiYXJ0aWNsZUlkIjo1NTExMjM2LCJjYWZlVXJsIjoibW92ZTc5IiwiaXNzdWVkQXQiOjE3NDM1OTcxMDc4NzR9.8auWBtH05hHVZL0rOHnYxusEms3xyI9_ggGm52c8WyU
214,20250402,커뮤니티,대천 지역의 식생블럭 시공 사례,https://cafe.naver.com/skyblue9gtln/828?art=aW50ZXJuYWwtY2FmZS13ZWItc2VjdGlvbi1zZWFyY2gtbGlzdA.eyJ0eXAiOiJKV1QiLCJhbGciOiJIUzI1NiJ9.eyJjYWZlVHlwZSI6IkNBRkVfVVJMIiwiYXJ0aWNsZUlkIjo4MjgsImNhZmVVcmwiOiJza3libHVlOWd0bG4iLCJpc3N1ZWRBdCI6MTc0MzU5NzEzMDI4OX0.cVyYH4Go3S73bbjHh0eGVccXr88R0BKrOLD-sbSZaeQ
215,20250402,커뮤니티,도둑반찬으로 외식느낌 내기~!!!,https://cafe.naver.com/gosannewtown/30493?art=aW50ZXJuYWwtY2FmZS13ZWItc2VjdGlvbi1zZWFyY2gtbGlzdA.eyJ0eXAiOiJKV1QiLCJhbGciOiJIUzI1NiJ9.eyJjYWZlVHlwZSI6IkNBRkVfVVJMIiwiYXJ0aWNsZUlkIjozMDQ5MywiY2FmZVVybCI6Imdvc2FubmV3dG93biIsImlzc3VlZEF0IjoxNzQzNTk2ODkwNTUyfQ.5CodQg5BGYemflStyqxmXYtI68ev9Rf2ut1GOMIYDSI
216,20250402,커뮤니티,일본 교토 가볼만한 곳 정복하기,https://cafe.naver.com/seniorcares/7326?art=aW50ZXJuYWwtY2FmZS13ZWItc2VjdGlvbi1zZWFyY2gtbGlzdA.eyJ0eXAiOiJKV1QiLCJhbGciOiJIUzI1NiJ9.eyJjYWZlVHlwZSI6IkNBRkVfVVJMIiwiYXJ0aWNsZUlkIjo3MzI2LCJjYWZlVXJsIjoic2VuaW9yY2FyZXMiLCJpc3N1ZWRBdCI6MTc0MzU5NzI4MDE0MX0.d6l-m_13dA8CLqKuSIXn9DfUFlAXipwHEBIUd_HgvaA
217,20250402,커뮤니티,화롄 시내 중심 6만원대 4성급 아파트먼트 꿀팁,https://cafe.naver.com/taiwantriptalk/5910?art=aW50ZXJuYWwtY2FmZS13ZWItc2VjdGlvbi1zZWFyY2gtbGlzdA.eyJ0eXAiOiJKV1QiLCJhbGciOiJIUzI1NiJ9.eyJjYWZlVHlwZSI6IkNBRkVfVVJMIiwiYXJ0aWNsZUlkIjo1OTEwLCJjYWZlVXJsIjoidGFpd2FudHJpcHRhbGsiLCJpc3N1ZWRBdCI6MTc0MzU5NzMxNzg2MX0.DK7dcvUps0IkgK6gcdMJszYcirX5_zy0qdXVO_wRcCw
218,20250402,커뮤니티,[앱 상품]자바 벨로체 L사이즈,https://cafe.naver.com/joonggonara/1101065739?art=aW50ZXJuYWwtY2FmZS13ZWItc2VjdGlvbi1zZWFyY2gtbGlzdA.eyJ0eXAiOiJKV1QiLCJhbGciOiJIUzI1NiJ9.eyJjYWZlVHlwZSI6IkNBRkVfVVJMIiwiYXJ0aWNsZUlkIjoxMTAxMDY1NzM5LCJjYWZlVXJsIjoiam9vbmdnb25hcmEiLCJpc3N1ZWRBdCI6MTc0MzU5NzA0MzUxNn0.n1R1yxtwrwFK_h0hAww1NyXsEC7BRiXZjZ1N7wkeWT4
219,20250402,커뮤니티,[앱 상품]삼천리 전기자전거 팬텀 Q SF 네오 플러스,https://cafe.naver.com/joonggonara/1101065690?art=aW50ZXJuYWwtY2FmZS13ZWItc2VjdGlvbi1zZWFyY2gtbGlzdA.eyJ0eXAiOiJKV1QiLCJhbGciOiJIUzI1NiJ9.eyJjYWZlVHlwZSI6IkNBRkVfVVJMIiwiYXJ0aWNsZUlkIjoxMTAxMDY1NjkwLCJjYWZlVXJsIjoiam9vbmdnb25hcmEiLCJpc3N1ZWRBdCI6MTc0MzU5NzA1NjA0OX0.7SEspFI9_YsU0LBaRgZ1h2hC4gYyUXWiypdQoY0kyK8
220,20250402,커뮤니티,"흥미돋 
'이산가족을 찾습니다' MC 이지연 아나운서와 상봉한 북에 있던 오빠의 정체",https://cafe.daum.net/_c21_/bbs_read?grpid=1IHuH&fldid=ReHf&datanum=5266102
221,20250402,커뮤니티,'이산가족을 찾습니다' MC 이지연 아나운서와 상봉한 북에 있던 오빠의 정체,https://cafe.daum.net/subdued20club/ReHf/5266102
222,20250402,커뮤니티,바이크스 se 등록합니다,https://cafe.naver.com/likebrompton/57764?art=aW50ZXJuYWwtY2FmZS13ZWItc2VjdGlvbi1zZWFyY2gtbGlzdA.eyJ0eXAiOiJKV1QiLCJhbGciOiJIUzI1NiJ9.eyJjYWZlVHlwZSI6IkNBRkVfVVJMIiwiYXJ0aWNsZUlkIjo1Nzc2NCwiY2FmZVVybCI6Imxpa2Vicm9tcHRvbiIsImlzc3VlZEF0IjoxNzQzNTk3MDA0MTAwfQ.3rKdvg8qyQjBJsxyfEDZHuxM0vRtiu22vJmfGNyjv3g
223,20250402,커뮤니티,덴마크/'코펜하겐',https://cafe.daum.net/nchesingo/ZocS/4698
224,20250402,커뮤니티,나의 재 자출...,https://cafe.naver.com/ArticleRead.nhn?clubid=10000260&userDisplay=50&boardtype=L&articleid=3001197&referrerAllArticles=false
225,20250402,커뮤니티,4/2(수) 자율운동,https://cafe.daum.net/mountclimb/tEK4/15
226,20250402,커뮤니티,가입인사 합니다.,https://cafe.naver.com/cephasridingclub/636?art=aW50ZXJuYWwtY2FmZS13ZWItc2VjdGlvbi1zZWFyY2gtbGlzdA.eyJ0eXAiOiJKV1QiLCJhbGciOiJIUzI1NiJ9.eyJjYWZlVHlwZSI6IkNBRkVfVVJMIiwiYXJ0aWNsZUlkIjo2MzYsImNhZmVVcmwiOiJjZXBoYXNyaWRpbmdjbHViIiwiaXNzdWVkQXQiOjE3NDM1OTYzMTU0MTh9.c0OQwc2okWmZJrDp8SK1qBk56WqBDgZels1rAeVo5gU
227,20250402,커뮤니티,남성 86년생 셀소 신청합니다..♡,https://cafe.naver.com/highsocial/52767?art=aW50ZXJuYWwtY2FmZS13ZWItc2VjdGlvbi1zZWFyY2gtbGlzdA.eyJ0eXAiOiJKV1QiLCJhbGciOiJIUzI1NiJ9.eyJjYWZlVHlwZSI6IkNBRkVfVVJMIiwiYXJ0aWNsZUlkIjo1Mjc2NywiY2FmZVVybCI6ImhpZ2hzb2NpYWwiLCJpc3N1ZWRBdCI6MTc0MzU5NjU2Mjc3M30.9JVsG6D3oOjG3tujYgTYJR9qVKLma0DKIcrWHBO3k0E
228,20250402,커뮤니티,4월2일(수)자율운동,https://cafe.daum.net/mountclimb/tEK4/14
229,20250402,커뮤니티,아이와 함께한 4박 6일 후기,https://cafe.naver.com/zzop/3174724?art=aW50ZXJuYWwtY2FmZS13ZWItc2VjdGlvbi1zZWFyY2gtbGlzdA.eyJ0eXAiOiJKV1QiLCJhbGciOiJIUzI1NiJ9.eyJjYWZlVHlwZSI6IkNBRkVfVVJMIiwiYXJ0aWNsZUlkIjozMTc0NzI0LCJjYWZlVXJsIjoienpvcCIsImlzc3VlZEF0IjoxNzQzNTk2NTkzMzYxfQ.pBTLG5jD5WKkV_ub2fHDQJ6CPRTxR17fYFPaOJ9u9DY
230,20250402,커뮤니티,힘과 운동 1,https://cafe.naver.com/blueqfrfs/65322?art=aW50ZXJuYWwtY2FmZS13ZWItc2VjdGlvbi1zZWFyY2gtbGlzdA.eyJ0eXAiOiJKV1QiLCJhbGciOiJIUzI1NiJ9.eyJjYWZlVHlwZSI6IkNBRkVfVVJMIiwiYXJ0aWNsZUlkIjo2NTMyMiwiY2FmZVVybCI6ImJsdWVxZnJmcyIsImlzc3VlZEF0IjoxNzQzNTk2MjU4Njc3fQ.ZiCrlElpCVnQGdzlZTg5o4xXh6O05l4qjo67rCpV5vY
231,20250402,커뮤니티,진주 주택매매 / 봉래동 2층주택,https://cafe.naver.com/antoni434/262618?art=aW50ZXJuYWwtY2FmZS13ZWItc2VjdGlvbi1zZWFyY2gtbGlzdA.eyJ0eXAiOiJKV1QiLCJhbGciOiJIUzI1NiJ9.eyJjYWZlVHlwZSI6IkNBRkVfVVJMIiwiYXJ0aWNsZUlkIjoyNjI2MTgsImNhZmVVcmwiOiJhbnRvbmk0MzQiLCJpc3N1ZWRBdCI6MTc0MzU5NjIwNTg1NX0._AWPZ9490fgFh2S9qw3zNFhySetXlbYTX9eiI50WUmI
232,20250402,커뮤니티,후쿠오카 벚꽃 여행기 마지막편,https://cafe.naver.com/brompton/359165?art=aW50ZXJuYWwtY2FmZS13ZWItc2VjdGlvbi1zZWFyY2gtbGlzdA.eyJ0eXAiOiJKV1QiLCJhbGciOiJIUzI1NiJ9.eyJjYWZlVHlwZSI6IkNBRkVfVVJMIiwiYXJ0aWNsZUlkIjozNTkxNjUsImNhZmVVcmwiOiJicm9tcHRvbiIsImlzc3VlZEF0IjoxNzQzNTk2NDM5NDUyfQ.O8chEpSIQ-zF9roH-cz7L4niOfFkD02o6rld-ewZK84
233,20250402,커뮤니티,익숙한 것들과의 작별,https://cafe.naver.com/haejukdl/147188?art=aW50ZXJuYWwtY2FmZS13ZWItc2VjdGlvbi1zZWFyY2gtbGlzdA.eyJ0eXAiOiJKV1QiLCJhbGciOiJIUzI1NiJ9.eyJjYWZlVHlwZSI6IkNBRkVfVVJMIiwiYXJ0aWNsZUlkIjoxNDcxODgsImNhZmVVcmwiOiJoYWVqdWtkbCIsImlzc3VlZEF0IjoxNzQzNTk2MTY1NjQ5fQ.2gA03QJr4mORgMidNkE8kA3bo1pOIxFkk4z-jNBBPfk
234,20250402,커뮤니티,[캐나다 가티노 (QC)] 레 스위트 빅토리아: 개티노에서의 편안한 휴식과 편리한 여행,https://cafe.naver.com/hoteltravel/312866?art=aW50ZXJuYWwtY2FmZS13ZWItc2VjdGlvbi1zZWFyY2gtbGlzdA.eyJ0eXAiOiJKV1QiLCJhbGciOiJIUzI1NiJ9.eyJjYWZlVHlwZSI6IkNBRkVfVVJMIiwiYXJ0aWNsZUlkIjozMTI4NjYsImNhZmVVcmwiOiJob3RlbHRyYXZlbCIsImlzc3VlZEF0IjoxNzQzNTk2MjkwOTIxfQ.MPCsA4IKDN9KO7pSGiWmpewHOjwrj27uP971awoBkzM
235,20250402,커뮤니티,48V(21700 5000mAh 13S3P) 배터리팩 자작,https://cafe.naver.com/lithiumbatterie/24006?art=aW50ZXJuYWwtY2FmZS13ZWItc2VjdGlvbi1zZWFyY2gtbGlzdA.eyJ0eXAiOiJKV1QiLCJhbGciOiJIUzI1NiJ9.eyJjYWZlVHlwZSI6IkNBRkVfVVJMIiwiYXJ0aWNsZUlkIjoyNDAwNiwiY2FmZVVybCI6ImxpdGhpdW1iYXR0ZXJpZSIsImlzc3VlZEF0IjoxNzQzNTk2MTM4NDIwfQ.q7Hvca2rrNaHxtZdAqpMzEoqIJtzLcKouV1MpFXV7Yk
236,20250402,커뮤니티,2022 트렉 에몬다 SLR 7 등록합니다~,https://cafe.naver.com/bikecity/3001195?art=aW50ZXJuYWwtY2FmZS13ZWItc2VjdGlvbi1zZWFyY2gtbGlzdA.eyJ0eXAiOiJKV1QiLCJhbGciOiJIUzI1NiJ9.eyJjYWZlVHlwZSI6IkNBRkVfVVJMIiwiYXJ0aWNsZUlkIjozMDAxMTk1LCJjYWZlVXJsIjoiYmlrZWNpdHkiLCJpc3N1ZWRBdCI6MTc0MzU5NjQ0NTA3N30.q3yF2BcXrLgml870uAVoXg8hjxCRM1LURG7r5Z-jgqk
237,20250402,커뮤니티,2025-04-02,https://cafe.naver.com/ArticleRead.nhn?clubid=27745269&userDisplay=50&boardtype=L&articleid=2671587&referrerAllArticles=false
238,20250402,커뮤니티,4월2일 목요일 전류리숭어회 먹구오기 급벙,https://cafe.daum.net/sampomtb/pvTp/1182
239,20250402,커뮤니티,아이의 집중력을 향상시키는 방법,https://cafe.naver.com/miomy/6659?art=aW50ZXJuYWwtY2FmZS13ZWItc2VjdGlvbi1zZWFyY2gtbGlzdA.eyJ0eXAiOiJKV1QiLCJhbGciOiJIUzI1NiJ9.eyJjYWZlVHlwZSI6IkNBRkVfVVJMIiwiYXJ0aWNsZUlkIjo2NjU5LCJjYWZlVXJsIjoibWlvbXkiLCJpc3N1ZWRBdCI6MTc0MzU5NjE0NjMwOX0.D483DvqBNtGO-W8yfZGMkrpDzsvgGahF82xKGtfeNTc
240,20250402,커뮤니티,BR3 스크램블러 차대번호등록합니다.,https://cafe.naver.com/eletricmotors/288211?art=aW50ZXJuYWwtY2FmZS13ZWItc2VjdGlvbi1zZWFyY2gtbGlzdA.eyJ0eXAiOiJKV1QiLCJhbGciOiJIUzI1NiJ9.eyJjYWZlVHlwZSI6IkNBRkVfVVJMIiwiYXJ0aWNsZUlkIjoyODgyMTEsImNhZmVVcmwiOiJlbGV0cmljbW90b3JzIiwiaXNzdWVkQXQiOjE3NDM1OTYyNjk2Njd9.lNoeooQPtOipVdpukXNc6__1KE-WeJUTIjjZgEkIPDE
241,20250402,커뮤니티,USJ 닌텐도 월드 혼자 가능할까요?!,https://cafe.naver.com/sgoijapan/13504?art=aW50ZXJuYWwtY2FmZS13ZWItc2VjdGlvbi1zZWFyY2gtbGlzdA.eyJ0eXAiOiJKV1QiLCJhbGciOiJIUzI1NiJ9.eyJjYWZlVHlwZSI6IkNBRkVfVVJMIiwiYXJ0aWNsZUlkIjoxMzUwNCwiY2FmZVVybCI6InNnb2lqYXBhbiIsImlzc3VlZEF0IjoxNzQzNTk2MTEyOTc5fQ.0-4K9YXW7sleFxbKna4QRd1KuB4QjPPiG7GYrHOuStE
242,20250402,커뮤니티,"공복혈당 500, 당화혈색소 12에서 약먹고",https://gall.dcinside.com/mgallery/board/view/?id=insulin&no=174032
243,20250402,커뮤니티,“하루 20분 막춤 추면 WHO 권장 운동량 달성”,https://cafe.daum.net/SoulDresser/FLTB/973118
244,20250402,커뮤니티,서울에서 만나는 벚꽃의 아름다움 - 2025년 벚꽃 시즌 가이드,https://cafe.naver.com/seniorcares/7309?art=aW50ZXJuYWwtY2FmZS13ZWItc2VjdGlvbi1zZWFyY2gtbGlzdA.eyJ0eXAiOiJKV1QiLCJhbGciOiJIUzI1NiJ9.eyJjYWZlVHlwZSI6IkNBRkVfVVJMIiwiYXJ0aWNsZUlkIjo3MzA5LCJjYWZlVXJsIjoic2VuaW9yY2FyZXMiLCJpc3N1ZWRBdCI6MTc0MzU5NjE0NDU0N30.FxaSARKXngebC_cFDsAAEwnUF_gg_wy3AxXD0ASkp54
245,20250402,커뮤니티,불란서 갬성 의류 애니모즈 신제품 입고,https://cafe.naver.com/clubdh/145574?art=aW50ZXJuYWwtY2FmZS13ZWItc2VjdGlvbi1zZWFyY2gtbGlzdA.eyJ0eXAiOiJKV1QiLCJhbGciOiJIUzI1NiJ9.eyJjYWZlVHlwZSI6IkNBRkVfVVJMIiwiYXJ0aWNsZUlkIjoxNDU1NzQsImNhZmVVcmwiOiJjbHViZGgiLCJpc3N1ZWRBdCI6MTc0MzU5NjA1MzcwMX0.03lxQ350QLqu6ATspDkZ7ldYBUUkWyTvv8euXZ2Zzts
246,20250402,커뮤니티,자전거로 시발 절대 못가는 거리 500원 1천 더주고 보내는게,https://gall.dcinside.com/mgallery/board/view/?id=bamin&no=1102010
247,20250402,커뮤니티,우리는 자랑스러운 대한민국의 '꼰대'들이다!,https://cafe.daum.net/hanilforum/6MFU/26892
248,20250402,커뮤니티,[앱 상품]엘파마 에포카 e2000d 2024년식 로드자전거 L,https://cafe.naver.com/joonggonara/1101064042?art=aW50ZXJuYWwtY2FmZS13ZWItc2VjdGlvbi1zZWFyY2gtbGlzdA.eyJ0eXAiOiJKV1QiLCJhbGciOiJIUzI1NiJ9.eyJjYWZlVHlwZSI6IkNBRkVfVVJMIiwiYXJ0aWNsZUlkIjoxMTAxMDY0MDQyLCJjYWZlVXJsIjoiam9vbmdnb25hcmEiLCJpc3N1ZWRBdCI6MTc0MzU5NTk2MzQyNX0.DXtq8QHPcpxu9LRlVF7z6ir3vnfz1tJPKs2gbMk07P0
249,20250402,커뮤니티,대한민국 국회는 왜 아직도 남아선호사상만 고집하는가,https://gall.dcinside.com/board/view/?id=stock_new2&no=8434570
250,20250402,커뮤니티,교토 후시미이나리 신샤,https://cafe.naver.com/sgoijapan/13503?art=aW50ZXJuYWwtY2FmZS13ZWItc2VjdGlvbi1zZWFyY2gtbGlzdA.eyJ0eXAiOiJKV1QiLCJhbGciOiJIUzI1NiJ9.eyJjYWZlVHlwZSI6IkNBRkVfVVJMIiwiYXJ0aWNsZUlkIjoxMzUwMywiY2FmZVVybCI6InNnb2lqYXBhbiIsImlzc3VlZEF0IjoxNzQzNTk1OTQzNDg1fQ.qK0xCB1FmIbLRAe0oY9l1AqL4FgQGkWu1VYB6ecYvU0
251,20250402,커뮤니티,[이데일리] 4월부터 교통카드 빅데이터 민간에 개방된다,https://cafe.naver.com/bujabra/1085?art=aW50ZXJuYWwtY2FmZS13ZWItc2VjdGlvbi1zZWFyY2gtbGlzdA.eyJ0eXAiOiJKV1QiLCJhbGciOiJIUzI1NiJ9.eyJjYWZlVHlwZSI6IkNBRkVfVVJMIiwiYXJ0aWNsZUlkIjoxMDg1LCJjYWZlVXJsIjoiYnVqYWJyYSIsImlzc3VlZEF0IjoxNzQzNTk1NzUwODQxfQ.dwm_mAH4CVfbCN23E1yUizl_TP4cpH0pNqLHVaZkl3g
252,20250402,커뮤니티,난 첫 도로주행 연습때 자전거튀어나옴ㅋㅋㅋㅋ,https://gall.dcinside.com/mini/board/view/?id=isekaidol&no=4104029
253,20250402,커뮤니티,오늘도 함께 걸어요..,https://cafe.daum.net/mountclimb/tEK4/13
254,20250402,커뮤니티,타이둥 대포촌 감성숙소 Cen Chi Xuan 솔직후기 ✨,https://cafe.naver.com/taiwantriptalk/5908?art=aW50ZXJuYWwtY2FmZS13ZWItc2VjdGlvbi1zZWFyY2gtbGlzdA.eyJ0eXAiOiJKV1QiLCJhbGciOiJIUzI1NiJ9.eyJjYWZlVHlwZSI6IkNBRkVfVVJMIiwiYXJ0aWNsZUlkIjo1OTA4LCJjYWZlVXJsIjoidGFpd2FudHJpcHRhbGsiLCJpc3N1ZWRBdCI6MTc0MzU5NTgxMTA2Mn0.MHZn9vljWNJnyGtSrOwdvk41wkrAeMRISQeet0dfAcY
255,20250402,커뮤니티,아는동생 고3아들 오토바이면허 준비운전하다 누가 신고해서 입건됐다는데(다들 운전학원에서 배워서 면허따나요??),https://cafe.naver.com/ArticleRead.nhn?clubid=11517255&userDisplay=50&boardtype=L&articleid=1199814&referrerAllArticles=false
256,20250402,커뮤니티,내 차를 스마트하게! 휴대용 무선 타이어 공기주입기 비교 및 추천,https://cafe.naver.com/lucksgood2162/787?art=aW50ZXJuYWwtY2FmZS13ZWItc2VjdGlvbi1zZWFyY2gtbGlzdA.eyJ0eXAiOiJKV1QiLCJhbGciOiJIUzI1NiJ9.eyJjYWZlVHlwZSI6IkNBRkVfVVJMIiwiYXJ0aWNsZUlkIjo3ODcsImNhZmVVcmwiOiJsdWNrc2dvb2QyMTYyIiwiaXNzdWVkQXQiOjE3NDM1OTU5MTMyNzh9.T0ZbOu2XpVcEi9GzHkGjpk945L2SHeAPYtnQKlYFNac
257,20250402,커뮤니티,오사카 여행,https://cafe.naver.com/sgoijapan/13502?art=aW50ZXJuYWwtY2FmZS13ZWItc2VjdGlvbi1zZWFyY2gtbGlzdA.eyJ0eXAiOiJKV1QiLCJhbGciOiJIUzI1NiJ9.eyJjYWZlVHlwZSI6IkNBRkVfVVJMIiwiYXJ0aWNsZUlkIjoxMzUwMiwiY2FmZVVybCI6InNnb2lqYXBhbiIsImlzc3VlZEF0IjoxNzQzNTk1NTA1NTAwfQ.GGOktxygXgprULSVC-TWITHrNSs02aAWBSXSMMtEa9g
258,20250402,커뮤니티,운동 매일 해도 암 못 피해?,http://www.instiz.net/name/62469386?category=1
259,20250402,커뮤니티,전동스쿠터 공동현관 바로 근처에다가 세워두는데 ㄱㅊ나,https://gall.dcinside.com/mgallery/board/view/?id=wjsrlwkwjsrj&no=80074
260,20250402,커뮤니티,오늘도 걷기…,https://cafe.daum.net/mountclimb/tEK4/12
261,20250402,커뮤니티,달토끼1996님 드림 감사합니다.,https://cafe.naver.com/chengnamomlife/2234704?art=aW50ZXJuYWwtY2FmZS13ZWItc2VjdGlvbi1zZWFyY2gtbGlzdA.eyJ0eXAiOiJKV1QiLCJhbGciOiJIUzI1NiJ9.eyJjYWZlVHlwZSI6IkNBRkVfVVJMIiwiYXJ0aWNsZUlkIjoyMjM0NzA0LCJjYWZlVXJsIjoiY2hlbmduYW1vbWxpZmUiLCJpc3N1ZWRBdCI6MTc0MzU5NTY1NTA3MH0.bMfrw4zqXDgvJeUZFORMwfJjDSpY_sYDIXRYVndp5mc
262,20250402,커뮤니티,헤레틱) 굿 (약스포),https://theqoo.net/movie/3677101051
263,20250402,커뮤니티,오늘 인상깊던 병신운전자들,https://gall.dcinside.com/board/view/?id=car_new1&no=10546932
264,20250402,커뮤니티,오사카 원더크루즈 예약 할려는데,https://cafe.naver.com/sgoijapan/13501?art=aW50ZXJuYWwtY2FmZS13ZWItc2VjdGlvbi1zZWFyY2gtbGlzdA.eyJ0eXAiOiJKV1QiLCJhbGciOiJIUzI1NiJ9.eyJjYWZlVHlwZSI6IkNBRkVfVVJMIiwiYXJ0aWNsZUlkIjoxMzUwMSwiY2FmZVVybCI6InNnb2lqYXBhbiIsImlzc3VlZEF0IjoxNzQzNTk1NTQ4OTQyfQ.CDkPK0Mavl9Lpsezb2bpfHQxcmart-1x-43xe4jKxwQ
265,20250402,커뮤니티,30문답이 되는지 모르고 지냈네요^^,https://cafe.naver.com/move79/5511201?art=aW50ZXJuYWwtY2FmZS13ZWItc2VjdGlvbi1zZWFyY2gtbGlzdA.eyJ0eXAiOiJKV1QiLCJhbGciOiJIUzI1NiJ9.eyJjYWZlVHlwZSI6IkNBRkVfVVJMIiwiYXJ0aWNsZUlkIjo1NTExMjAxLCJjYWZlVXJsIjoibW92ZTc5IiwiaXNzdWVkQXQiOjE3NDM1OTU1NDM3OTZ9.21N1cAo7J5nEP9YC6ycN1TPSJWhnGr3hnYBQCcFte8o
266,20250402,커뮤니티,"30~40만원 안팍으로 전기자전차 어케해보려는데, 스카닉vs마찰력부스트",https://gall.dcinside.com/mgallery/board/view/?id=wjsrlwkwjsrj&no=80073
267,20250402,커뮤니티,#롤렌바디티슈 신청,https://cafe.naver.com/bikecity/3001193?art=aW50ZXJuYWwtY2FmZS13ZWItc2VjdGlvbi1zZWFyY2gtbGlzdA.eyJ0eXAiOiJKV1QiLCJhbGciOiJIUzI1NiJ9.eyJjYWZlVHlwZSI6IkNBRkVfVVJMIiwiYXJ0aWNsZUlkIjozMDAxMTkzLCJjYWZlVXJsIjoiYmlrZWNpdHkiLCJpc3N1ZWRBdCI6MTc0MzU5NTUxOTQ1OX0.gIsgeW_hq5uiO5tMKZhpj0H4_1oUR3DBRhS9LgqMCpc
268,20250402,커뮤니티,전기자전거 48V(21700 5000mAh 13S3P) 배터리팩 자작 DIY,https://cafe.naver.com/dwarvesinshop/9986?art=aW50ZXJuYWwtY2FmZS13ZWItc2VjdGlvbi1zZWFyY2gtbGlzdA.eyJ0eXAiOiJKV1QiLCJhbGciOiJIUzI1NiJ9.eyJjYWZlVHlwZSI6IkNBRkVfVVJMIiwiYXJ0aWNsZUlkIjo5OTg2LCJjYWZlVXJsIjoiZHdhcnZlc2luc2hvcCIsImlzc3VlZEF0IjoxNzQzNTk1MTM5MjY2fQ.2n-FXMdzg-7Wh5MwkKnbmT0PwZIGvlxnOHtXCbeJyTQ
269,20250402,커뮤니티,차대번호 조회가 궁금합니다,https://corearoadbike.com/board/board.php?g_id=Menu01&t_id=Menu01Top1&no=1842274
270,20250402,커뮤니티,"“Bear in mind”, 이렇게 써야 진짜 영어 고수!",https://cafe.naver.com/lifeup2024/5043?art=aW50ZXJuYWwtY2FmZS13ZWItc2VjdGlvbi1zZWFyY2gtbGlzdA.eyJ0eXAiOiJKV1QiLCJhbGciOiJIUzI1NiJ9.eyJjYWZlVHlwZSI6IkNBRkVfVVJMIiwiYXJ0aWNsZUlkIjo1MDQzLCJjYWZlVXJsIjoibGlmZXVwMjAyNCIsImlzc3VlZEF0IjoxNzQzNTk1NDE1ODIxfQ.lm2gaj55hmPWbh2ziTVpPrKNZyVxDx5JHyhDduc-W7w
271,20250402,커뮤니티,교토 4월 날씨 좀 춥나요?,https://cafe.naver.com/sgoijapan/13500?art=aW50ZXJuYWwtY2FmZS13ZWItc2VjdGlvbi1zZWFyY2gtbGlzdA.eyJ0eXAiOiJKV1QiLCJhbGciOiJIUzI1NiJ9.eyJjYWZlVHlwZSI6IkNBRkVfVVJMIiwiYXJ0aWNsZUlkIjoxMzUwMCwiY2FmZVVybCI6InNnb2lqYXBhbiIsImlzc3VlZEF0IjoxNzQzNTk1NjY0MTUzfQ.joqWf1uOhMdIP45rcrEPXwbBgafwmjw46JatC8FtQUI
272,20250402,커뮤니티,논산시 연무읍 일자리센터와 시니어클럽의 구인구직 정보 탐색하기,https://cafe.naver.com/hhrthwrtjjj/3330?art=aW50ZXJuYWwtY2FmZS13ZWItc2VjdGlvbi1zZWFyY2gtbGlzdA.eyJ0eXAiOiJKV1QiLCJhbGciOiJIUzI1NiJ9.eyJjYWZlVHlwZSI6IkNBRkVfVVJMIiwiYXJ0aWNsZUlkIjozMzMwLCJjYWZlVXJsIjoiaGhydGh3cnRqamoiLCJpc3N1ZWRBdCI6MTc0MzU5NTY2MjMxN30.oBxaZLtek_47KPbowoJmupZAlbyXxNpjD5C9VQmilJI
273,20250402,커뮤니티,[앱 상품]로드자전거 리파인드7 105 di2,https://cafe.naver.com/joonggonara/1101062898?art=aW50ZXJuYWwtY2FmZS13ZWItc2VjdGlvbi1zZWFyY2gtbGlzdA.eyJ0eXAiOiJKV1QiLCJhbGciOiJIUzI1NiJ9.eyJjYWZlVHlwZSI6IkNBRkVfVVJMIiwiYXJ0aWNsZUlkIjoxMTAxMDYyODk4LCJjYWZlVXJsIjoiam9vbmdnb25hcmEiLCJpc3N1ZWRBdCI6MTc0MzU5NTU0ODE1MX0.szleaYquJHXB9M3Dyd-EV4WVA5d4Je1JX8-_Hh1OMHo
274,20250402,커뮤니티,근황,https://cafe.naver.com/ArticleRead.nhn?clubid=26913595&userDisplay=50&boardtype=L&articleid=348873&referrerAllArticles=false
275,20250402,커뮤니티,운동완료했어용^^,https://cafe.naver.com/momingrnyj/1862422?art=aW50ZXJuYWwtY2FmZS13ZWItc2VjdGlvbi1zZWFyY2gtbGlzdA.eyJ0eXAiOiJKV1QiLCJhbGciOiJIUzI1NiJ9.eyJjYWZlVHlwZSI6IkNBRkVfVVJMIiwiYXJ0aWNsZUlkIjoxODYyNDIyLCJjYWZlVXJsIjoibW9taW5ncm55aiIsImlzc3VlZEF0IjoxNzQzNTk1NDg0NTg3fQ.y45CMKLZy516PjnwugVrORcgAvS3OjmosNLRcXztEnQ
276,20250402,커뮤니티,형들 바쁜시간에 배민 고센연락 바로 오는방법 알아여?,https://cafe.naver.com/haejukdl/147186?art=aW50ZXJuYWwtY2FmZS13ZWItc2VjdGlvbi1zZWFyY2gtbGlzdA.eyJ0eXAiOiJKV1QiLCJhbGciOiJIUzI1NiJ9.eyJjYWZlVHlwZSI6IkNBRkVfVVJMIiwiYXJ0aWNsZUlkIjoxNDcxODYsImNhZmVVcmwiOiJoYWVqdWtkbCIsImlzc3VlZEF0IjoxNzQzNTk0ODUwODA5fQ.w_iUnz8-XmYiHn_X5DAb-8k71-mX9nQmxP9TdvWPhfs
277,20250402,커뮤니티,기타큐슈 쪽 자전거 대여 할려는데,https://cafe.naver.com/sgoijapan/13499?art=aW50ZXJuYWwtY2FmZS13ZWItc2VjdGlvbi1zZWFyY2gtbGlzdA.eyJ0eXAiOiJKV1QiLCJhbGciOiJIUzI1NiJ9.eyJjYWZlVHlwZSI6IkNBRkVfVVJMIiwiYXJ0aWNsZUlkIjoxMzQ5OSwiY2FmZVVybCI6InNnb2lqYXBhbiIsImlzc3VlZEF0IjoxNzQzNTk1MDQ0MTQ5fQ.rHbQFOxSsFOQ05kAiUuC1EqqGCFBbbxWOGvDQh5wwrg
278,20250402,커뮤니티,오늘도 좃동 90분이나햇다,https://gall.dcinside.com/mini/board/view/?id=snp500&no=1221985
279,20250402,커뮤니티,무주 그란폰도!?,https://cafe.naver.com/justtri/698?art=aW50ZXJuYWwtY2FmZS13ZWItc2VjdGlvbi1zZWFyY2gtbGlzdA.eyJ0eXAiOiJKV1QiLCJhbGciOiJIUzI1NiJ9.eyJjYWZlVHlwZSI6IkNBRkVfVVJMIiwiYXJ0aWNsZUlkIjo2OTgsImNhZmVVcmwiOiJqdXN0dHJpIiwiaXNzdWVkQXQiOjE3NDM1OTQ3NjQwMTd9.Ypcc43J2zJrVrBfHGpKjl4B0P483Y5yEzZYmZayqWAk
280,20250402,커뮤니티,자전거파손,https://cafe.naver.com/goldtown4761072/25932?art=aW50ZXJuYWwtY2FmZS13ZWItc2VjdGlvbi1zZWFyY2gtbGlzdA.eyJ0eXAiOiJKV1QiLCJhbGciOiJIUzI1NiJ9.eyJjYWZlVHlwZSI6IkNBRkVfVVJMIiwiYXJ0aWNsZUlkIjoyNTkzMiwiY2FmZVVybCI6ImdvbGR0b3duNDc2MTA3MiIsImlzc3VlZEF0IjoxNzQzNTk0OTYwMTgyfQ.9AvL4g0eHjI1ds9UBJMZvDeFdqINLlxtADBeZAX9iCU
281,20250402,커뮤니티,자전거 구매 조언좀 구합니다,https://corearoadbike.com/board/board.php?g_id=Menu01&t_id=Menu01Top1&no=1842272
282,20250402,커뮤니티,1503동옆 통로 관련 제안,https://cafe.naver.com/doraem15/427?art=aW50ZXJuYWwtY2FmZS13ZWItc2VjdGlvbi1zZWFyY2gtbGlzdA.eyJ0eXAiOiJKV1QiLCJhbGciOiJIUzI1NiJ9.eyJjYWZlVHlwZSI6IkNBRkVfVVJMIiwiYXJ0aWNsZUlkIjo0MjcsImNhZmVVcmwiOiJkb3JhZW0xNSIsImlzc3VlZEF0IjoxNzQzNTk0OTAyNzczfQ.Ck9xCHZQfnSBzvzIh_27dLrK3JxWsO6y-75bYHFgWys
283,20250402,커뮤니티,간사이 쓰루패스 제가 알고 있는게 맞는지 궁금합니다.,https://cafe.naver.com/sgoijapan/13498?art=aW50ZXJuYWwtY2FmZS13ZWItc2VjdGlvbi1zZWFyY2gtbGlzdA.eyJ0eXAiOiJKV1QiLCJhbGciOiJIUzI1NiJ9.eyJjYWZlVHlwZSI6IkNBRkVfVVJMIiwiYXJ0aWNsZUlkIjoxMzQ5OCwiY2FmZVVybCI6InNnb2lqYXBhbiIsImlzc3VlZEF0IjoxNzQzNTk0NzEzMjIwfQ.Fq8LQJX2rAYsGCpwtzmkOimoR1IvvWsVcGf7DjhfAwc
284,20250402,커뮤니티,전동 구동계 새제품/중고+파미 고민입니다,https://corearoadbike.com/board/board.php?g_id=Menu01&t_id=Menu01Top1&no=1842271
285,20250402,커뮤니티,시책추천 어린이 손바닥 동시: 전주 완산초 꼬마 시인들의 반짝이는 상상력✨,https://cafe.naver.com/bookhyanggi/9610?art=aW50ZXJuYWwtY2FmZS13ZWItc2VjdGlvbi1zZWFyY2gtbGlzdA.eyJ0eXAiOiJKV1QiLCJhbGciOiJIUzI1NiJ9.eyJjYWZlVHlwZSI6IkNBRkVfVVJMIiwiYXJ0aWNsZUlkIjo5NjEwLCJjYWZlVXJsIjoiYm9va2h5YW5nZ2kiLCJpc3N1ZWRBdCI6MTc0MzU5NDg0MDEwMn0.ClfjS8_TEc8sDywVaz6WItOpod94uKgp_p2WeeRsUzE
286,20250402,커뮤니티,"2025년 4월, 봄 여행을 위한 국내 추천 명소 6곳",https://cafe.naver.com/seniorcares/7289?art=aW50ZXJuYWwtY2FmZS13ZWItc2VjdGlvbi1zZWFyY2gtbGlzdA.eyJ0eXAiOiJKV1QiLCJhbGciOiJIUzI1NiJ9.eyJjYWZlVHlwZSI6IkNBRkVfVVJMIiwiYXJ0aWNsZUlkIjo3Mjg5LCJjYWZlVXJsIjoic2VuaW9yY2FyZXMiLCJpc3N1ZWRBdCI6MTc0MzU5NDc3MTk2OX0.KnrZW2ZSWu806eUvTtOrwSVAC34oCTXNULogIsjizSE
287,20250402,커뮤니티,48t에서 53t로 교체하는데 문제점,https://cafe.naver.com/eletricmotors/288209?art=aW50ZXJuYWwtY2FmZS13ZWItc2VjdGlvbi1zZWFyY2gtbGlzdA.eyJ0eXAiOiJKV1QiLCJhbGciOiJIUzI1NiJ9.eyJjYWZlVHlwZSI6IkNBRkVfVVJMIiwiYXJ0aWNsZUlkIjoyODgyMDksImNhZmVVcmwiOiJlbGV0cmljbW90b3JzIiwiaXNzdWVkQXQiOjE3NDM1OTQ1OTM1NDd9.B4bAEQYGXn1ODKSoInZEQrOD4OwZG4pAyyCzPHdACHw
288,20250402,커뮤니티,[앱 상품]스쿠터 전기자전거 오토바이크 헬맷 하이바,https://cafe.naver.com/joonggonara/1101062174?art=aW50ZXJuYWwtY2FmZS13ZWItc2VjdGlvbi1zZWFyY2gtbGlzdA.eyJ0eXAiOiJKV1QiLCJhbGciOiJIUzI1NiJ9.eyJjYWZlVHlwZSI6IkNBRkVfVVJMIiwiYXJ0aWNsZUlkIjoxMTAxMDYyMTc0LCJjYWZlVXJsIjoiam9vbmdnb25hcmEiLCJpc3N1ZWRBdCI6MTc0MzU5NDg0NTc4OH0.9L-SJhdPYpjkSo7QPjdKNWHPx1oXrpSGiwuCypFLNw8
289,20250402,커뮤니티,공항~ 시내로 가는방법 도쿄,https://cafe.naver.com/sgoijapan/13497?art=aW50ZXJuYWwtY2FmZS13ZWItc2VjdGlvbi1zZWFyY2gtbGlzdA.eyJ0eXAiOiJKV1QiLCJhbGciOiJIUzI1NiJ9.eyJjYWZlVHlwZSI6IkNBRkVfVVJMIiwiYXJ0aWNsZUlkIjoxMzQ5NywiY2FmZVVybCI6InNnb2lqYXBhbiIsImlzc3VlZEF0IjoxNzQzNTk0NDU3Nzk3fQ.mvDzK93QjfNrx5n7bBWLygpT_0eQZpOIIC6O65AHAbs
290,20250402,커뮤니티,출근9시~30분 저피 땡 8시30분,https://cafe.naver.com/galaxysc/482212?art=aW50ZXJuYWwtY2FmZS13ZWItc2VjdGlvbi1zZWFyY2gtbGlzdA.eyJ0eXAiOiJKV1QiLCJhbGciOiJIUzI1NiJ9.eyJjYWZlVHlwZSI6IkNBRkVfVVJMIiwiYXJ0aWNsZUlkIjo0ODIyMTIsImNhZmVVcmwiOiJnYWxheHlzYyIsImlzc3VlZEF0IjoxNzQzNTk0NTczMzU5fQ.JqnuP2MtaZOcvYQ8UeEsbNMBVJ0ZyKlX_lMyxUYGuXU
291,20250402,커뮤니티,배달고인물 형도 이건 모를걸여? 좀이따 시간나면 특수비밀 알려줄게여,https://cafe.naver.com/haejukdl/147185?art=aW50ZXJuYWwtY2FmZS13ZWItc2VjdGlvbi1zZWFyY2gtbGlzdA.eyJ0eXAiOiJKV1QiLCJhbGciOiJIUzI1NiJ9.eyJjYWZlVHlwZSI6IkNBRkVfVVJMIiwiYXJ0aWNsZUlkIjoxNDcxODUsImNhZmVVcmwiOiJoYWVqdWtkbCIsImlzc3VlZEF0IjoxNzQzNTk0MzMyNTA0fQ.R4BoIcg8ruSnB01iN6vIKSSjHhVF2ViXrzaKfJvTmWc
292,20250402,커뮤니티,"이춘희, 대통령실 세종시로 완전이전...노무현 신행정수도 건설완성",https://cafe.naver.com/1sejongcity/1789478?art=aW50ZXJuYWwtY2FmZS13ZWItc2VjdGlvbi1zZWFyY2gtbGlzdA.eyJ0eXAiOiJKV1QiLCJhbGciOiJIUzI1NiJ9.eyJjYWZlVHlwZSI6IkNBRkVfVVJMIiwiYXJ0aWNsZUlkIjoxNzg5NDc4LCJjYWZlVXJsIjoiMXNlam9uZ2NpdHkiLCJpc3N1ZWRBdCI6MTc0MzU5NDYxMDUxNn0.3PLSfPpFOtSAp3FxSuA2B0F10lIP--YTUYz-gFKwJkA
293,20250402,커뮤니티,[앱 상품][판매완료]스캇 스피드스터 50 로드자전거,https://cafe.naver.com/joonggonara/1101061838?art=aW50ZXJuYWwtY2FmZS13ZWItc2VjdGlvbi1zZWFyY2gtbGlzdA.eyJ0eXAiOiJKV1QiLCJhbGciOiJIUzI1NiJ9.eyJjYWZlVHlwZSI6IkNBRkVfVVJMIiwiYXJ0aWNsZUlkIjoxMTAxMDYxODM4LCJjYWZlVXJsIjoiam9vbmdnb25hcmEiLCJpc3N1ZWRBdCI6MTc0MzU5NDM2NTcyM30.v0NuUTrs2NY0_6fXtn2ssona8BsckYkllL_J_-RDgNk
294,20250402,커뮤니티,애플페이로 스이카나 파스모 둘중 뭐가 더 나을까요?!,https://cafe.naver.com/sgoijapan/13496?art=aW50ZXJuYWwtY2FmZS13ZWItc2VjdGlvbi1zZWFyY2gtbGlzdA.eyJ0eXAiOiJKV1QiLCJhbGciOiJIUzI1NiJ9.eyJjYWZlVHlwZSI6IkNBRkVfVVJMIiwiYXJ0aWNsZUlkIjoxMzQ5NiwiY2FmZVVybCI6InNnb2lqYXBhbiIsImlzc3VlZEF0IjoxNzQzNTk0MzQxNjczfQ.Tnp0dROs_H_AcGzetMpDvQ6GYwepAuZTNayUCjlT7Po
295,20250402,커뮤니티,21년 브롬톤 플레임라커 블랙에디션,https://cafe.naver.com/minivelobike/1219923?art=aW50ZXJuYWwtY2FmZS13ZWItc2VjdGlvbi1zZWFyY2gtbGlzdA.eyJ0eXAiOiJKV1QiLCJhbGciOiJIUzI1NiJ9.eyJjYWZlVHlwZSI6IkNBRkVfVVJMIiwiYXJ0aWNsZUlkIjoxMjE5OTIzLCJjYWZlVXJsIjoibWluaXZlbG9iaWtlIiwiaXNzdWVkQXQiOjE3NDM1OTQ2MjUyNzN9.RC23eyi9tounZeFzyO9JCMm0vsIB-_ZxqkMM51UOKLw
296,20250402,커뮤니티,엘파마 22년p8000 중고 vs 코메트 스피드마스터 새거 초보에게 조언 부탁드립니다.,https://cafe.naver.com/bikecity/3001191?art=aW50ZXJuYWwtY2FmZS13ZWItc2VjdGlvbi1zZWFyY2gtbGlzdA.eyJ0eXAiOiJKV1QiLCJhbGciOiJIUzI1NiJ9.eyJjYWZlVHlwZSI6IkNBRkVfVVJMIiwiYXJ0aWNsZUlkIjozMDAxMTkxLCJjYWZlVXJsIjoiYmlrZWNpdHkiLCJpc3N1ZWRBdCI6MTc0MzU5NDM4NzgxMX0.hNq1J9mLkqR9c8lBaz-G-32O8UYTSGQ8Ih9hZUlxPxg
297,20250402,커뮤니티,PAS제품샀는데 보험 궁금 질문이요 !!,https://gall.dcinside.com/mgallery/board/view/?id=wjsrlwkwjsrj&no=80070
298,20250402,커뮤니티,[미국 벤턴 (AR)] 벤턴 (AR) 베스트웨스턴 벤톤 인 호텔: 편안한 여행의 완벽한 선택,https://cafe.naver.com/hoteltravel/312863?art=aW50ZXJuYWwtY2FmZS13ZWItc2VjdGlvbi1zZWFyY2gtbGlzdA.eyJ0eXAiOiJKV1QiLCJhbGciOiJIUzI1NiJ9.eyJjYWZlVHlwZSI6IkNBRkVfVVJMIiwiYXJ0aWNsZUlkIjozMTI4NjMsImNhZmVVcmwiOiJob3RlbHRyYXZlbCIsImlzc3VlZEF0IjoxNzQzNTk0NjU1OTk1fQ.MYXtnaU9DFqbE_WEDfkyng9qiYw6mGh7fuhgIPBt2GA
299,20250402,커뮤니티,[앱 상품][판매완료]트렉 8500 MTB자전거,https://cafe.naver.com/joonggonara/1101061715?art=aW50ZXJuYWwtY2FmZS13ZWItc2VjdGlvbi1zZWFyY2gtbGlzdA.eyJ0eXAiOiJKV1QiLCJhbGciOiJIUzI1NiJ9.eyJjYWZlVHlwZSI6IkNBRkVfVVJMIiwiYXJ0aWNsZUlkIjoxMTAxMDYxNzE1LCJjYWZlVXJsIjoiam9vbmdnb25hcmEiLCJpc3N1ZWRBdCI6MTc0MzU5NDI3NDIwOX0.G4yhs8kuaGRSnYc5-N1ADj642BEcD5mr3TYOVse-nxM
300,20250402,커뮤니티,당신의 나이는 몇 살 입니까..................?.................좋은 글,https://cafe.daum.net/dyhaj69363/lyIj/3014
301,20250402,커뮤니티,롯데리아 불고기쿠폰,https://cafe.naver.com/jinjululu/2582125?art=aW50ZXJuYWwtY2FmZS13ZWItc2VjdGlvbi1zZWFyY2gtbGlzdA.eyJ0eXAiOiJKV1QiLCJhbGciOiJIUzI1NiJ9.eyJjYWZlVHlwZSI6IkNBRkVfVVJMIiwiYXJ0aWNsZUlkIjoyNTgyMTI1LCJjYWZlVXJsIjoiamluanVsdWx1IiwiaXNzdWVkQXQiOjE3NDM1OTQwNTY1MTl9.IeNqYbPsEHQ4amdW2ceUy_V55souEY3vbJMp-gVzlAk
302,20250402,커뮤니티,44레벨 농꾸완료…는아니지만*•̀ᴗ•́*,https://cafe.naver.com/tinyfarmremastered/3820?art=aW50ZXJuYWwtY2FmZS13ZWItc2VjdGlvbi1zZWFyY2gtbGlzdA.eyJ0eXAiOiJKV1QiLCJhbGciOiJIUzI1NiJ9.eyJjYWZlVHlwZSI6IkNBRkVfVVJMIiwiYXJ0aWNsZUlkIjozODIwLCJjYWZlVXJsIjoidGlueWZhcm1yZW1hc3RlcmVkIiwiaXNzdWVkQXQiOjE3NDM1OTQzMzg3NDV9.TUK-hCkow8FOWus8xDnDKmOxLiG3ZhN7g6vwDjrIRaU
303,20250402,커뮤니티,알림장(4월 2일 수요일),https://cafe.naver.com/saemmalcho/7862?art=aW50ZXJuYWwtY2FmZS13ZWItc2VjdGlvbi1zZWFyY2gtbGlzdA.eyJ0eXAiOiJKV1QiLCJhbGciOiJIUzI1NiJ9.eyJjYWZlVHlwZSI6IkNBRkVfVVJMIiwiYXJ0aWNsZUlkIjo3ODYyLCJjYWZlVXJsIjoic2FlbW1hbGNobyIsImlzc3VlZEF0IjoxNzQzNTk0MDI0NzE3fQ.j9mDKcJ65ZUIYS1T0yXOGaqZ--Z_PVtrNWZu5C8tA1o
304,20250402,커뮤니티,후코카 일정,https://cafe.naver.com/sgoijapan/13495?art=aW50ZXJuYWwtY2FmZS13ZWItc2VjdGlvbi1zZWFyY2gtbGlzdA.eyJ0eXAiOiJKV1QiLCJhbGciOiJIUzI1NiJ9.eyJjYWZlVHlwZSI6IkNBRkVfVVJMIiwiYXJ0aWNsZUlkIjoxMzQ5NSwiY2FmZVVybCI6InNnb2lqYXBhbiIsImlzc3VlZEF0IjoxNzQzNTkzOTQwOTM2fQ.9HJXZzAEBb68GyfPsG2lbh2KpOkl4k6XL4Z6GrRJwc8
305,20250402,커뮤니티,오사카 명소: 잊지 못할 여행의 시작,https://cafe.naver.com/4mookja/4706?art=aW50ZXJuYWwtY2FmZS13ZWItc2VjdGlvbi1zZWFyY2gtbGlzdA.eyJ0eXAiOiJKV1QiLCJhbGciOiJIUzI1NiJ9.eyJjYWZlVHlwZSI6IkNBRkVfVVJMIiwiYXJ0aWNsZUlkIjo0NzA2LCJjYWZlVXJsIjoiNG1vb2tqYSIsImlzc3VlZEF0IjoxNzQzNTk0Mjg2ODM3fQ.CmQ8zLBu95FRUs-oMaio1z1R2-jGJRkXM43potyPonk
306,20250402,커뮤니티,몰튼 TSR 리어 서스펜션 질문드립니다.,https://cafe.naver.com/moultonclub/47418?art=aW50ZXJuYWwtY2FmZS13ZWItc2VjdGlvbi1zZWFyY2gtbGlzdA.eyJ0eXAiOiJKV1QiLCJhbGciOiJIUzI1NiJ9.eyJjYWZlVHlwZSI6IkNBRkVfVVJMIiwiYXJ0aWNsZUlkIjo0NzQxOCwiY2FmZVVybCI6Im1vdWx0b25jbHViIiwiaXNzdWVkQXQiOjE3NDM1OTQxNjc4Mzd9.yuERXupmWHSJkGz1V1WcYtUAiIqdQcXxldvfywrn4JU
307,20250402,커뮤니티,일반자전거 배달 36건 12.1장 마무리,https://cafe.naver.com/nds07/4691468?art=aW50ZXJuYWwtY2FmZS13ZWItc2VjdGlvbi1zZWFyY2gtbGlzdA.eyJ0eXAiOiJKV1QiLCJhbGciOiJIUzI1NiJ9.eyJjYWZlVHlwZSI6IkNBRkVfVVJMIiwiYXJ0aWNsZUlkIjo0NjkxNDY4LCJjYWZlVXJsIjoibmRzMDciLCJpc3N1ZWRBdCI6MTc0MzU5NDI5NjAwM30.W9IhI23JjY1HCu5WH2x85UyT41vUxgoqxGpKZKZRsoY
308,20250402,커뮤니티,"[태국 방콕] 미라클 그랜드 컨벤션 호텔, 방콕 최고의 가성비 5성급 호텔! 내 경험을 바탕으로 한 완벽 가이드",https://cafe.naver.com/hotelsinfo/79471?art=aW50ZXJuYWwtY2FmZS13ZWItc2VjdGlvbi1zZWFyY2gtbGlzdA.eyJ0eXAiOiJKV1QiLCJhbGciOiJIUzI1NiJ9.eyJjYWZlVHlwZSI6IkNBRkVfVVJMIiwiYXJ0aWNsZUlkIjo3OTQ3MSwiY2FmZVVybCI6ImhvdGVsc2luZm8iLCJpc3N1ZWRBdCI6MTc0MzU5NDMzMDg0OH0.moWf2zNY852ozAv3kRSiDvrTfErx4tIjbMJ6x8Z20e4
309,20250402,커뮤니티,용인 처인구 고림동 리조트에서 가족과 함께하는 완벽한 주말 getaway 가이드,https://cafe.naver.com/nebulous77/690?art=aW50ZXJuYWwtY2FmZS13ZWItc2VjdGlvbi1zZWFyY2gtbGlzdA.eyJ0eXAiOiJKV1QiLCJhbGciOiJIUzI1NiJ9.eyJjYWZlVHlwZSI6IkNBRkVfVVJMIiwiYXJ0aWNsZUlkIjo2OTAsImNhZmVVcmwiOiJuZWJ1bG91czc3IiwiaXNzdWVkQXQiOjE3NDM1OTQzMjEzMTV9.wZx6u6_vQfRj1AX4yrz6qLwjshHjToR8S22Yq_muoeo
310,20250402,커뮤니티,"뼈, 관절 튼튼해야 노년 편안해…망치는 최악의 습관은?",https://cafe.naver.com/farmpoet/15876?art=aW50ZXJuYWwtY2FmZS13ZWItc2VjdGlvbi1zZWFyY2gtbGlzdA.eyJ0eXAiOiJKV1QiLCJhbGciOiJIUzI1NiJ9.eyJjYWZlVHlwZSI6IkNBRkVfVVJMIiwiYXJ0aWNsZUlkIjoxNTg3NiwiY2FmZVVybCI6ImZhcm1wb2V0IiwiaXNzdWVkQXQiOjE3NDM1OTQwNzUxMzR9._y-xFNWpbShnfHvbiGsPAc4PhA7p6sP-X8yr7C5C5Yg
311,20250402,커뮤니티,트래블월렛카드 컨택리스만 되는건지 궁금합니다.,https://cafe.naver.com/sgoijapan/13494?art=aW50ZXJuYWwtY2FmZS13ZWItc2VjdGlvbi1zZWFyY2gtbGlzdA.eyJ0eXAiOiJKV1QiLCJhbGciOiJIUzI1NiJ9.eyJjYWZlVHlwZSI6IkNBRkVfVVJMIiwiYXJ0aWNsZUlkIjoxMzQ5NCwiY2FmZVVybCI6InNnb2lqYXBhbiIsImlzc3VlZEF0IjoxNzQzNTkzOTM3Njc5fQ.YWFzTVCtP8hIZWUXc1es3mzRH47ex56jUK4qx7zTsV4
312,20250402,커뮤니티,따릉이 처음타봄,https://gall.dcinside.com/mgallery/board/view/?id=ehxosu&no=25846
313,20250402,커뮤니티,체지방 줄이려는데 유산소 무산소 잘 모르겠어서 질문해ㅠㅠ,https://theqoo.net/diet/3677058330
314,20250402,커뮤니티,커널시티 포장마차 거리,https://cafe.naver.com/sgoijapan/13493?art=aW50ZXJuYWwtY2FmZS13ZWItc2VjdGlvbi1zZWFyY2gtbGlzdA.eyJ0eXAiOiJKV1QiLCJhbGciOiJIUzI1NiJ9.eyJjYWZlVHlwZSI6IkNBRkVfVVJMIiwiYXJ0aWNsZUlkIjoxMzQ5MywiY2FmZVVybCI6InNnb2lqYXBhbiIsImlzc3VlZEF0IjoxNzQzNTkzNjY4MTkxfQ.vk2_1uOxOhSQZIWtg6f93akJ24tiF2sYimeyVFXs3j4
315,20250402,커뮤니티,자전거와 필라테스,https://corearoadbike.com/board/board.php?g_id=Menu01&t_id=Menu01Top1&no=1842265
316,20250402,커뮤니티,전현무 자전거 어때요? 실내자전거 해볼지 고민중이요,https://cafe.naver.com/devilserver3gi/48647?art=aW50ZXJuYWwtY2FmZS13ZWItc2VjdGlvbi1zZWFyY2gtbGlzdA.eyJ0eXAiOiJKV1QiLCJhbGciOiJIUzI1NiJ9.eyJjYWZlVHlwZSI6IkNBRkVfVVJMIiwiYXJ0aWNsZUlkIjo0ODY0NywiY2FmZVVybCI6ImRldmlsc2VydmVyM2dpIiwiaXNzdWVkQXQiOjE3NDM1OTM3MDczODh9.NyOM72e6NNLJnaiuq4Nh8gszQaIvor3VyZWJoNA89qU
317,20250402,커뮤니티,울테그라 di2 e-tube 관련,https://cafe.naver.com/bikecity/3001189?art=aW50ZXJuYWwtY2FmZS13ZWItc2VjdGlvbi1zZWFyY2gtbGlzdA.eyJ0eXAiOiJKV1QiLCJhbGciOiJIUzI1NiJ9.eyJjYWZlVHlwZSI6IkNBRkVfVVJMIiwiYXJ0aWNsZUlkIjozMDAxMTg5LCJjYWZlVXJsIjoiYmlrZWNpdHkiLCJpc3N1ZWRBdCI6MTc0MzU5MzYwMTQ1OH0.Notm7wwiFqBPSJtm2HdcuzCg3NFraGW5hf6I2Qq1ep8
318,20250402,커뮤니티,양심고백) 중학교때 친구 자전거 훔쳐봄,https://gall.dcinside.com/mgallery/board/view/?id=commercial_movie&no=1376568
319,20250402,커뮤니티,아 사치부리고 싶네요.,https://cafe.naver.com/ArticleRead.nhn?clubid=11262350&userDisplay=50&boardtype=L&articleid=45567096&referrerAllArticles=false
320,20250402,커뮤니티,"걷자잉, 4월 6일(일) 금남로 차 없는 거리",https://cafe.naver.com/pp04350/168288?art=aW50ZXJuYWwtY2FmZS13ZWItc2VjdGlvbi1zZWFyY2gtbGlzdA.eyJ0eXAiOiJKV1QiLCJhbGciOiJIUzI1NiJ9.eyJjYWZlVHlwZSI6IkNBRkVfVVJMIiwiYXJ0aWNsZUlkIjoxNjgyODgsImNhZmVVcmwiOiJwcDA0MzUwIiwiaXNzdWVkQXQiOjE3NDM1OTM2ODI5MDd9.6ehGBTju931ntSgKsNVM_tOOefsE7h90d6pKjDDA7sI
321,20250402,커뮤니티,25년6월6일~6월11일(5박6일):: 중국 압록강 백두산천지 라이딩.,https://cafe.daum.net/Parthers/f1Oe/3501
322,20250402,커뮤니티,다음주 출발예정인데,https://cafe.naver.com/sgoijapan/13492?art=aW50ZXJuYWwtY2FmZS13ZWItc2VjdGlvbi1zZWFyY2gtbGlzdA.eyJ0eXAiOiJKV1QiLCJhbGciOiJIUzI1NiJ9.eyJjYWZlVHlwZSI6IkNBRkVfVVJMIiwiYXJ0aWNsZUlkIjoxMzQ5MiwiY2FmZVVybCI6InNnb2lqYXBhbiIsImlzc3VlZEF0IjoxNzQzNTkzNTUyNzU4fQ.S8Zq7GqSN5NJ5GS0aIWN7dV0ZuCM1oLyU2thzPZB6BY
323,20250402,커뮤니티,자전거 찾아요,https://cafe.naver.com/dongtantwomom/2380034?art=aW50ZXJuYWwtY2FmZS13ZWItc2VjdGlvbi1zZWFyY2gtbGlzdA.eyJ0eXAiOiJKV1QiLCJhbGciOiJIUzI1NiJ9.eyJjYWZlVHlwZSI6IkNBRkVfVVJMIiwiYXJ0aWNsZUlkIjoyMzgwMDM0LCJjYWZlVXJsIjoiZG9uZ3RhbnR3b21vbSIsImlzc3VlZEF0IjoxNzQzNTkzMzQzNDAzfQ.Jxny4d-SMoUM_-A1UJWYjIZZX-FlJbxf5MNs9RSjlkw
324,20250402,커뮤니티,2025 보은 벚꽃길 축제,https://cafe.naver.com/pp04350/168287?art=aW50ZXJuYWwtY2FmZS13ZWItc2VjdGlvbi1zZWFyY2gtbGlzdA.eyJ0eXAiOiJKV1QiLCJhbGciOiJIUzI1NiJ9.eyJjYWZlVHlwZSI6IkNBRkVfVVJMIiwiYXJ0aWNsZUlkIjoxNjgyODcsImNhZmVVcmwiOiJwcDA0MzUwIiwiaXNzdWVkQXQiOjE3NDM1OTM0MjE0NTh9.PBo7Sgaa87KHiTJ0YVsa72YFfZW9RG8ENHyZeWdI6hA
325,20250402,커뮤니티,환전,https://cafe.naver.com/sgoijapan/13491?art=aW50ZXJuYWwtY2FmZS13ZWItc2VjdGlvbi1zZWFyY2gtbGlzdA.eyJ0eXAiOiJKV1QiLCJhbGciOiJIUzI1NiJ9.eyJjYWZlVHlwZSI6IkNBRkVfVVJMIiwiYXJ0aWNsZUlkIjoxMzQ5MSwiY2FmZVVybCI6InNnb2lqYXBhbiIsImlzc3VlZEF0IjoxNzQzNTkzMTc2MTU2fQ.Q99zab60x4zUSuozBHlLA7oVx_9sMTFjctFCZY1ias4
326,20250402,커뮤니티,아 고수님들 이거 뭐라고 해야나올까요? 스프링?,https://cafe.naver.com/likebrompton/57760?art=aW50ZXJuYWwtY2FmZS13ZWItc2VjdGlvbi1zZWFyY2gtbGlzdA.eyJ0eXAiOiJKV1QiLCJhbGciOiJIUzI1NiJ9.eyJjYWZlVHlwZSI6IkNBRkVfVVJMIiwiYXJ0aWNsZUlkIjo1Nzc2MCwiY2FmZVVybCI6Imxpa2Vicm9tcHRvbiIsImlzc3VlZEF0IjoxNzQzNTkzNjQ0OTMyfQ.npiI5-dO8-myXUTwqwNfU1l-tuS0n2Spb5QQVFptSng
327,20250402,커뮤니티,리튬이온배터리는 주로 언제 발화될까요?,https://cafe.naver.com/eletricmotors/288207?art=aW50ZXJuYWwtY2FmZS13ZWItc2VjdGlvbi1zZWFyY2gtbGlzdA.eyJ0eXAiOiJKV1QiLCJhbGciOiJIUzI1NiJ9.eyJjYWZlVHlwZSI6IkNBRkVfVVJMIiwiYXJ0aWNsZUlkIjoyODgyMDcsImNhZmVVcmwiOiJlbGV0cmljbW90b3JzIiwiaXNzdWVkQXQiOjE3NDM1OTM2NzI4MzJ9.FZQBMVXaQlvt7UQ2xBYO5WXPwthAkHhRnKsz717YUcQ
328,20250402,커뮤니티,오토바이 면허 취득 가이드 - 안전하고 합법적인 운전의 시작,https://cafe.naver.com/seniorcares/7267?art=aW50ZXJuYWwtY2FmZS13ZWItc2VjdGlvbi1zZWFyY2gtbGlzdA.eyJ0eXAiOiJKV1QiLCJhbGciOiJIUzI1NiJ9.eyJjYWZlVHlwZSI6IkNBRkVfVVJMIiwiYXJ0aWNsZUlkIjo3MjY3LCJjYWZlVXJsIjoic2VuaW9yY2FyZXMiLCJpc3N1ZWRBdCI6MTc0MzU5Mzg0NzQ4M30.kP9QadFZrJXKtoZVaLirt6_j0c0y_L9TdBDcPQOnOKQ
329,20250402,커뮤니티,6204동 주민분 자전거 찾아가세요~,https://cafe.naver.com/dasanjigeumdesian/2405?art=aW50ZXJuYWwtY2FmZS13ZWItc2VjdGlvbi1zZWFyY2gtbGlzdA.eyJ0eXAiOiJKV1QiLCJhbGciOiJIUzI1NiJ9.eyJjYWZlVHlwZSI6IkNBRkVfVVJMIiwiYXJ0aWNsZUlkIjoyNDA1LCJjYWZlVXJsIjoiZGFzYW5qaWdldW1kZXNpYW4iLCJpc3N1ZWRBdCI6MTc0MzU5MjkyMjM3OX0.RLIKod-Iv3knW-Y5MPanDgW3maMqzKMyZ3atqAC24qk
330,20250402,커뮤니티,배고파서 퇴각했는데,https://cafe.naver.com/haejukdl/147183?art=aW50ZXJuYWwtY2FmZS13ZWItc2VjdGlvbi1zZWFyY2gtbGlzdA.eyJ0eXAiOiJKV1QiLCJhbGciOiJIUzI1NiJ9.eyJjYWZlVHlwZSI6IkNBRkVfVVJMIiwiYXJ0aWNsZUlkIjoxNDcxODMsImNhZmVVcmwiOiJoYWVqdWtkbCIsImlzc3VlZEF0IjoxNzQzNTkzMzMyNzUzfQ.SDoYoxCPMKJcKW8h4UbnRHyrX78Qg0CF7nqDQG4sWag
331,20250402,커뮤니티,25년4월6일 천호벚꽃라이딩,https://cafe.naver.com/bbromptons/276?art=aW50ZXJuYWwtY2FmZS13ZWItc2VjdGlvbi1zZWFyY2gtbGlzdA.eyJ0eXAiOiJKV1QiLCJhbGciOiJIUzI1NiJ9.eyJjYWZlVHlwZSI6IkNBRkVfVVJMIiwiYXJ0aWNsZUlkIjoyNzYsImNhZmVVcmwiOiJiYnJvbXB0b25zIiwiaXNzdWVkQXQiOjE3NDM1OTMyODQwNTB9.EmHX2MY-uzkGeZVDL5BcpniFoKYTpo0kAFz4GL_MZ4c
332,20250402,커뮤니티,흠 호텔 미리 예약했더니,https://cafe.naver.com/sgoijapan/13490?art=aW50ZXJuYWwtY2FmZS13ZWItc2VjdGlvbi1zZWFyY2gtbGlzdA.eyJ0eXAiOiJKV1QiLCJhbGciOiJIUzI1NiJ9.eyJjYWZlVHlwZSI6IkNBRkVfVVJMIiwiYXJ0aWNsZUlkIjoxMzQ5MCwiY2FmZVVybCI6InNnb2lqYXBhbiIsImlzc3VlZEF0IjoxNzQzNTkzNTE2OTc1fQ.uzk0sooUP7Fvnwcp5Ig01usEog2MAdJ7PZ2EEXcrrGk
333,20250402,커뮤니티,'하얏트 리젠시' 룸 한 단계 업그레이드 | 하와이 신혼여행 호텔 프로모션,https://cafe.naver.com/fainsever1/61060?art=aW50ZXJuYWwtY2FmZS13ZWItc2VjdGlvbi1zZWFyY2gtbGlzdA.eyJ0eXAiOiJKV1QiLCJhbGciOiJIUzI1NiJ9.eyJjYWZlVHlwZSI6IkNBRkVfVVJMIiwiYXJ0aWNsZUlkIjo2MTA2MCwiY2FmZVVybCI6ImZhaW5zZXZlcjEiLCJpc3N1ZWRBdCI6MTc0MzU5MzM5NzcxM30.YCwlcmjw1JlTyKHZEvDH7W9Hjky1iUj4iQFwbHw2NQE
334,20250402,커뮤니티,탓워용  케이던스가너무낮다,https://gall.dcinside.com/mgallery/board/view/?id=cycle&no=897866
335,20250402,커뮤니티,이로하자카 타려다가 그만뒀다,https://gall.dcinside.com/mgallery/board/view/?id=cycle&no=897865
336,20250402,커뮤니티,우여곡절 끝에 자전거 구매 예약했네영,https://cafe.naver.com/ArticleRead.nhn?clubid=10000260&userDisplay=50&boardtype=L&articleid=3001186&referrerAllArticles=false
337,20250402,커뮤니티,Re: 1166-3,https://cafe.daum.net/drim2/WDQ8/23781
338,20250402,커뮤니티,후쿠오카 카고패스 예약할려는데,https://cafe.naver.com/sgoijapan/13489?art=aW50ZXJuYWwtY2FmZS13ZWItc2VjdGlvbi1zZWFyY2gtbGlzdA.eyJ0eXAiOiJKV1QiLCJhbGciOiJIUzI1NiJ9.eyJjYWZlVHlwZSI6IkNBRkVfVVJMIiwiYXJ0aWNsZUlkIjoxMzQ4OSwiY2FmZVVybCI6InNnb2lqYXBhbiIsImlzc3VlZEF0IjoxNzQzNTkyODAwNTQwfQ.OG_1dHn9khZlBwJjQRV5-oZx0ipIz85TSopTORRFonA
339,20250402,커뮤니티,나만 스램 크랭크 이렇게 푸는줄 알았는데,https://gall.dcinside.com/mgallery/board/view/?id=cycle&no=897863
340,20250402,커뮤니티,[미국 산호세 / 새너제이 (CA)] 산호세 공항 인 호텔에서 편안한 여행을 즐기세요 – 최고의 숙소와 다양한 즐길 거리,https://cafe.naver.com/hoteltravel/312860?art=aW50ZXJuYWwtY2FmZS13ZWItc2VjdGlvbi1zZWFyY2gtbGlzdA.eyJ0eXAiOiJKV1QiLCJhbGciOiJIUzI1NiJ9.eyJjYWZlVHlwZSI6IkNBRkVfVVJMIiwiYXJ0aWNsZUlkIjozMTI4NjAsImNhZmVVcmwiOiJob3RlbHRyYXZlbCIsImlzc3VlZEF0IjoxNzQzNTkzMTQ1ODA1fQ.jz-Mn8IE6zk4mvHY0RDvb2BqaihCKgmSvGUtm6m3jlU
341,20250402,커뮤니티,아들 자전거 잃어버렸어요 ㅠㅠ,https://cafe.naver.com/godeokmaman/170775?art=aW50ZXJuYWwtY2FmZS13ZWItc2VjdGlvbi1zZWFyY2gtbGlzdA.eyJ0eXAiOiJKV1QiLCJhbGciOiJIUzI1NiJ9.eyJjYWZlVHlwZSI6IkNBRkVfVVJMIiwiYXJ0aWNsZUlkIjoxNzA3NzUsImNhZmVVcmwiOiJnb2Rlb2ttYW1hbiIsImlzc3VlZEF0IjoxNzQzNTkyODUzNDQ0fQ.BXw9L_4VG_hOr3wqkfRDigwPuJoaFk9EWqkBx2B73P8
342,20250402,커뮤니티,종크 하카타 짐보관 질문드려봅니다.,https://cafe.naver.com/sgoijapan/13488?art=aW50ZXJuYWwtY2FmZS13ZWItc2VjdGlvbi1zZWFyY2gtbGlzdA.eyJ0eXAiOiJKV1QiLCJhbGciOiJIUzI1NiJ9.eyJjYWZlVHlwZSI6IkNBRkVfVVJMIiwiYXJ0aWNsZUlkIjoxMzQ4OCwiY2FmZVVybCI6InNnb2lqYXBhbiIsImlzc3VlZEF0IjoxNzQzNTkyNzg5NjU4fQ.PqiGiVSLiao6C_xaTzGXo3Y20h9ewsgVhlcX5Q3Nqjs
343,20250402,커뮤니티,마이크로 킥보드 찾고있어요 ~ (목동이음터 근처),https://cafe.naver.com/dongtantwomom/2380031?art=aW50ZXJuYWwtY2FmZS13ZWItc2VjdGlvbi1zZWFyY2gtbGlzdA.eyJ0eXAiOiJKV1QiLCJhbGciOiJIUzI1NiJ9.eyJjYWZlVHlwZSI6IkNBRkVfVVJMIiwiYXJ0aWNsZUlkIjoyMzgwMDMxLCJjYWZlVXJsIjoiZG9uZ3RhbnR3b21vbSIsImlzc3VlZEF0IjoxNzQzNTkyODY4NjAyfQ.vE6KNT4yuHvr5Xl3KG6j5u0fRVg6LxJXeio4vDrVjMU
344,20250402,커뮤니티,운동기록,https://cafe.daum.net/mountclimb/tEK4/11
345,20250402,커뮤니티,Re: ㅡ2,https://cafe.daum.net/drim2/WDQ8/23780
346,20250402,커뮤니티,울릉 대전 화성 시공의 미래 전망,https://cafe.naver.com/bluegray12vi9/919?art=aW50ZXJuYWwtY2FmZS13ZWItc2VjdGlvbi1zZWFyY2gtbGlzdA.eyJ0eXAiOiJKV1QiLCJhbGciOiJIUzI1NiJ9.eyJjYWZlVHlwZSI6IkNBRkVfVVJMIiwiYXJ0aWNsZUlkIjo5MTksImNhZmVVcmwiOiJibHVlZ3JheTEydmk5IiwiaXNzdWVkQXQiOjE3NDM1OTI5MzMzOTd9.4X3QNcfwvav89Ag61sdVtexkdOgmlY7_WuDPwyw3kb8
347,20250402,커뮤니티,자전거 장갑,https://cafe.naver.com/clubdh/145570?art=aW50ZXJuYWwtY2FmZS13ZWItc2VjdGlvbi1zZWFyY2gtbGlzdA.eyJ0eXAiOiJKV1QiLCJhbGciOiJIUzI1NiJ9.eyJjYWZlVHlwZSI6IkNBRkVfVVJMIiwiYXJ0aWNsZUlkIjoxNDU1NzAsImNhZmVVcmwiOiJjbHViZGgiLCJpc3N1ZWRBdCI6MTc0MzU5Mjk0MDYwNX0.DrVDgIw7LLYv3Eu996OWWeNFTwgzXhN2yyK2lE9uvMQ
348,20250402,커뮤니티,"여행가는달, 한동안 두근두근.",https://cafe.naver.com/pcuspe/267266?art=aW50ZXJuYWwtY2FmZS13ZWItc2VjdGlvbi1zZWFyY2gtbGlzdA.eyJ0eXAiOiJKV1QiLCJhbGciOiJIUzI1NiJ9.eyJjYWZlVHlwZSI6IkNBRkVfVVJMIiwiYXJ0aWNsZUlkIjoyNjcyNjYsImNhZmVVcmwiOiJwY3VzcGUiLCJpc3N1ZWRBdCI6MTc0MzU5MzExMDUxNX0.PzjHkQ7FeOWvQJA8kdOFe1jTaTEeDiSjtMDJXjM3a7A
349,20250402,커뮤니티,아놔~ 팡이이늠,https://cafe.naver.com/haejukdl/147181?art=aW50ZXJuYWwtY2FmZS13ZWItc2VjdGlvbi1zZWFyY2gtbGlzdA.eyJ0eXAiOiJKV1QiLCJhbGciOiJIUzI1NiJ9.eyJjYWZlVHlwZSI6IkNBRkVfVVJMIiwiYXJ0aWNsZUlkIjoxNDcxODEsImNhZmVVcmwiOiJoYWVqdWtkbCIsImlzc3VlZEF0IjoxNzQzNTkyODA4MzQ4fQ.JphBsokK83dmVMm58BF_1SN0ctizzfdS_DfVw5MH5zo
350,20250402,커뮤니티,자전거 타기 = 어깨 : 아 좋아! / 척추 : 아 좋아!,https://hygall.com/index.php?document_srl=626061176
351,20250402,커뮤니티,저녁석우시💛로운시,https://cafe.daum.net/officialROWOON/b8RF/8572
352,20250402,커뮤니티,화롄 현지 감성 가득한 Wuju Wusu BB 3성급 숙소 후기 ✨,https://cafe.naver.com/taiwantriptalk/5901?art=aW50ZXJuYWwtY2FmZS13ZWItc2VjdGlvbi1zZWFyY2gtbGlzdA.eyJ0eXAiOiJKV1QiLCJhbGciOiJIUzI1NiJ9.eyJjYWZlVHlwZSI6IkNBRkVfVVJMIiwiYXJ0aWNsZUlkIjo1OTAxLCJjYWZlVXJsIjoidGFpd2FudHJpcHRhbGsiLCJpc3N1ZWRBdCI6MTc0MzU5MzE1MjA5NH0.herOduAEjcjBOh6POQvMq9Ajs_ULO9Fe7Gr8gHql5Bk
353,20250402,커뮤니티,오토바이 면허 취득: 나만의 라이프스타일을 찾는 방법,https://cafe.naver.com/4mookja/4680?art=aW50ZXJuYWwtY2FmZS13ZWItc2VjdGlvbi1zZWFyY2gtbGlzdA.eyJ0eXAiOiJKV1QiLCJhbGciOiJIUzI1NiJ9.eyJjYWZlVHlwZSI6IkNBRkVfVVJMIiwiYXJ0aWNsZUlkIjo0NjgwLCJjYWZlVXJsIjoiNG1vb2tqYSIsImlzc3VlZEF0IjoxNzQzNTkyNzc5OTk4fQ.wmFthU9cb5dfpE4aHOK6a7tnbhL-iUoE5XRoFHrpoIM
354,20250402,커뮤니티,가족이 파워젤 갖다줬는데..,https://gall.dcinside.com/mgallery/board/view/?id=cycle&no=897860
355,20250402,커뮤니티,[미국 나파 (CA)] 나파 밸리에서의 완벽한 숙박: 3 팜스 나파 밸리 호텔 후기,https://cafe.naver.com/hoteltravel/312859?art=aW50ZXJuYWwtY2FmZS13ZWItc2VjdGlvbi1zZWFyY2gtbGlzdA.eyJ0eXAiOiJKV1QiLCJhbGciOiJIUzI1NiJ9.eyJjYWZlVHlwZSI6IkNBRkVfVVJMIiwiYXJ0aWNsZUlkIjozMTI4NTksImNhZmVVcmwiOiJob3RlbHRyYXZlbCIsImlzc3VlZEF0IjoxNzQzNTkzMTU5ODEwfQ.Vvv6m2QMSiPSp2IU2PXpPamgP2AIbhTo2N_XPWBtMII
356,20250402,커뮤니티,[앱 새상품][판매완료][빠른배송] 자전거라이트 속도계라이트 +마운트,https://cafe.naver.com/joonggonara/1101058582?art=aW50ZXJuYWwtY2FmZS13ZWItc2VjdGlvbi1zZWFyY2gtbGlzdA.eyJ0eXAiOiJKV1QiLCJhbGciOiJIUzI1NiJ9.eyJjYWZlVHlwZSI6IkNBRkVfVVJMIiwiYXJ0aWNsZUlkIjoxMTAxMDU4NTgyLCJjYWZlVXJsIjoiam9vbmdnb25hcmEiLCJpc3N1ZWRBdCI6MTc0MzU5MjgwNTIzNn0.2VkbdFipJhUuwS-SWmuQc9nzlRgviOO1wqC07rTrS7s
357,20250402,커뮤니티,[앱 상품]캐논데일 슈퍼식스 에보 105,https://cafe.naver.com/joonggonara/1101058470?art=aW50ZXJuYWwtY2FmZS13ZWItc2VjdGlvbi1zZWFyY2gtbGlzdA.eyJ0eXAiOiJKV1QiLCJhbGciOiJIUzI1NiJ9.eyJjYWZlVHlwZSI6IkNBRkVfVVJMIiwiYXJ0aWNsZUlkIjoxMTAxMDU4NDcwLCJjYWZlVXJsIjoiam9vbmdnb25hcmEiLCJpc3N1ZWRBdCI6MTc0MzU5MjY1NTY5NX0.QCPXRrOBM1VpnZF_KBD6iy6-YED3-AJRjD5xDg2CQDg
358,20250402,커뮤니티,유산소 운동과 심박수 질문드립니다.,https://cafe.naver.com/bikecity/3001185?art=aW50ZXJuYWwtY2FmZS13ZWItc2VjdGlvbi1zZWFyY2gtbGlzdA.eyJ0eXAiOiJKV1QiLCJhbGciOiJIUzI1NiJ9.eyJjYWZlVHlwZSI6IkNBRkVfVVJMIiwiYXJ0aWNsZUlkIjozMDAxMTg1LCJjYWZlVXJsIjoiYmlrZWNpdHkiLCJpc3N1ZWRBdCI6MTc0MzU5MjYzOTE4Mn0.WTDKzk5TQEvj0KsRiEEmt0Z1nMEsYyxxC58gKzUj9XI
359,20250402,커뮤니티,"허리 굵으면 치매 위험, 허벅지 가늘면 OO병…'줄자' 건강학 [건강한 가족]",https://cafe.naver.com/healthbyife/240?art=aW50ZXJuYWwtY2FmZS13ZWItc2VjdGlvbi1zZWFyY2gtbGlzdA.eyJ0eXAiOiJKV1QiLCJhbGciOiJIUzI1NiJ9.eyJjYWZlVHlwZSI6IkNBRkVfVVJMIiwiYXJ0aWNsZUlkIjoyNDAsImNhZmVVcmwiOiJoZWFsdGhieWlmZSIsImlzc3VlZEF0IjoxNzQzNTkyODQ5ODk4fQ.0kjNnq9KLyQZWdOjK8wyvRgX3uLYXpT1OHOoMYoUUVw
360,20250402,커뮤니티,일산에서 제2종 오토바이 면허 취득하기: 꿈을 이루는 그 길,https://cafe.naver.com/seniorcares/7249?art=aW50ZXJuYWwtY2FmZS13ZWItc2VjdGlvbi1zZWFyY2gtbGlzdA.eyJ0eXAiOiJKV1QiLCJhbGciOiJIUzI1NiJ9.eyJjYWZlVHlwZSI6IkNBRkVfVVJMIiwiYXJ0aWNsZUlkIjo3MjQ5LCJjYWZlVXJsIjoic2VuaW9yY2FyZXMiLCJpc3N1ZWRBdCI6MTc0MzU5MjUwNDE2Mn0.MGL4T0gS7oBPtYW0SPfM105tyFHRZMMNFp6eVcvIWn8
361,20250402,커뮤니티,배달 몰랐던 시대 탔던 제 출퇴근용 오토바이,https://cafe.naver.com/haejukdl/147180?art=aW50ZXJuYWwtY2FmZS13ZWItc2VjdGlvbi1zZWFyY2gtbGlzdA.eyJ0eXAiOiJKV1QiLCJhbGciOiJIUzI1NiJ9.eyJjYWZlVHlwZSI6IkNBRkVfVVJMIiwiYXJ0aWNsZUlkIjoxNDcxODAsImNhZmVVcmwiOiJoYWVqdWtkbCIsImlzc3VlZEF0IjoxNzQzNTkyMTk0Njk2fQ.G6GFGJNsnBsI5nN_-N6q92WwRGcvtHL0Q7SuOlk5BtQ
362,20250402,커뮤니티,워홀러들의 월평균 생활비 및 절약 하기,https://cafe.naver.com/bananawork/85167?art=aW50ZXJuYWwtY2FmZS13ZWItc2VjdGlvbi1zZWFyY2gtbGlzdA.eyJ0eXAiOiJKV1QiLCJhbGciOiJIUzI1NiJ9.eyJjYWZlVHlwZSI6IkNBRkVfVVJMIiwiYXJ0aWNsZUlkIjo4NTE2NywiY2FmZVVybCI6ImJhbmFuYXdvcmsiLCJpc3N1ZWRBdCI6MTc0MzU5MjI4NjU1OX0.MiJGMgGhKYAzZO1MDUBPksMiaCseMU33-R-ACBm2Uu0
363,20250402,커뮤니티,안양 업힐 모듬,https://cafe.naver.com/classicvintage/227244?art=aW50ZXJuYWwtY2FmZS13ZWItc2VjdGlvbi1zZWFyY2gtbGlzdA.eyJ0eXAiOiJKV1QiLCJhbGciOiJIUzI1NiJ9.eyJjYWZlVHlwZSI6IkNBRkVfVVJMIiwiYXJ0aWNsZUlkIjoyMjcyNDQsImNhZmVVcmwiOiJjbGFzc2ljdmludGFnZSIsImlzc3VlZEF0IjoxNzQzNTkyNDE5MjY2fQ.zAHJDNMjTlNn_azqFFNZHhOAIIL9KaeBSLeutc7Ywxg
364,20250402,커뮤니티,[앱 상품][판매완료]YOKII 팬츠 스커트 s~m 66 까지 레깅스 힙커버,https://cafe.naver.com/joonggonara/1101058042?art=aW50ZXJuYWwtY2FmZS13ZWItc2VjdGlvbi1zZWFyY2gtbGlzdA.eyJ0eXAiOiJKV1QiLCJhbGciOiJIUzI1NiJ9.eyJjYWZlVHlwZSI6IkNBRkVfVVJMIiwiYXJ0aWNsZUlkIjoxMTAxMDU4MDQyLCJjYWZlVXJsIjoiam9vbmdnb25hcmEiLCJpc3N1ZWRBdCI6MTc0MzU5MjI5MTAyN30.VqXtc_MsB6WMGkjIdjidEBqTxOb-fjnb5lWkiaoFxso
365,20250402,커뮤니티,16인치 전기자전거 추천좀,https://gall.dcinside.com/mgallery/board/view/?id=wjsrlwkwjsrj&no=80064
366,20250402,커뮤니티,고양시 피프티 내놔,https://cafe.daum.net/ok1221/9a8f/63976760
367,20250402,커뮤니티,실내 자전거 무릎 무리 안 가는 운동 진짜 맞음?,https://bbs.ruliweb.com/community/board/300143/read/70119701
368,20250402,커뮤니티,천안 전기는 거의 포설이야?,https://gall.dcinside.com/mgallery/board/view/?id=nogada&no=1085033
369,20250402,커뮤니티,운전 못하는 사람 왜하고 돌아다님,https://gall.dcinside.com/mgallery/board/view/?id=gist&no=5973
370,20250402,커뮤니티,내일부터 상당구 무심동로 일원 전면통제 합니다.,https://cafe.naver.com/technomomis/174048?art=aW50ZXJuYWwtY2FmZS13ZWItc2VjdGlvbi1zZWFyY2gtbGlzdA.eyJ0eXAiOiJKV1QiLCJhbGciOiJIUzI1NiJ9.eyJjYWZlVHlwZSI6IkNBRkVfVVJMIiwiYXJ0aWNsZUlkIjoxNzQwNDgsImNhZmVVcmwiOiJ0ZWNobm9tb21pcyIsImlzc3VlZEF0IjoxNzQzNTkxOTg2MDAxfQ.oqja3uopxvlHD-cBRsbaQgkjADEIxWlUrT9CYE0HrqM
371,20250402,커뮤니티,2025 벚꽃과 함께하는 청주 푸드트럭축제 기간 교통이 통제,https://cafe.naver.com/glflt1/66230?art=aW50ZXJuYWwtY2FmZS13ZWItc2VjdGlvbi1zZWFyY2gtbGlzdA.eyJ0eXAiOiJKV1QiLCJhbGciOiJIUzI1NiJ9.eyJjYWZlVHlwZSI6IkNBRkVfVVJMIiwiYXJ0aWNsZUlkIjo2NjIzMCwiY2FmZVVybCI6ImdsZmx0MSIsImlzc3VlZEF0IjoxNzQzNTkxOTc5MTAwfQ.tSn3Xgd_l0yMGLM3siEwa2-yAxOgfCZwYTTvEeCR2tY
372,20250402,커뮤니티,토레스 전기차가 잘나갑니까?,https://www.bobaedream.co.kr/view?code=national&No=2355912&bm=1
373,20250402,커뮤니티,[칼꽃일상] 퇴근하여 바로 작업실로...,https://cafe.naver.com/diymeka/28226?art=aW50ZXJuYWwtY2FmZS13ZWItc2VjdGlvbi1zZWFyY2gtbGlzdA.eyJ0eXAiOiJKV1QiLCJhbGciOiJIUzI1NiJ9.eyJjYWZlVHlwZSI6IkNBRkVfVVJMIiwiYXJ0aWNsZUlkIjoyODIyNiwiY2FmZVVybCI6ImRpeW1la2EiLCJpc3N1ZWRBdCI6MTc0MzU5MjMzNzExMn0.N3VL9MYzsiMfqo_pcYaTvtZUvmR4mvehs7WCBKCF7KE
374,20250402,커뮤니티,[인도네시아 자카르타] 풀맨 자카르타 인도네시아 호텔 완벽 리뷰! ✨,https://cafe.naver.com/halfhotel/379336?art=aW50ZXJuYWwtY2FmZS13ZWItc2VjdGlvbi1zZWFyY2gtbGlzdA.eyJ0eXAiOiJKV1QiLCJhbGciOiJIUzI1NiJ9.eyJjYWZlVHlwZSI6IkNBRkVfVVJMIiwiYXJ0aWNsZUlkIjozNzkzMzYsImNhZmVVcmwiOiJoYWxmaG90ZWwiLCJpc3N1ZWRBdCI6MTc0MzU5MTk1NDM3Nn0.Hval1-5gJ1ZgfkHVioNYhlnShiiiF6cTh9MhnR0-Crw
375,20250402,커뮤니티,앤아버 Traver Crossing 1b1b Sublet 구합니다 (5월 중순~8월 중순),https://cafe.naver.com/mikorean/53643?art=aW50ZXJuYWwtY2FmZS13ZWItc2VjdGlvbi1zZWFyY2gtbGlzdA.eyJ0eXAiOiJKV1QiLCJhbGciOiJIUzI1NiJ9.eyJjYWZlVHlwZSI6IkNBRkVfVVJMIiwiYXJ0aWNsZUlkIjo1MzY0MywiY2FmZVVybCI6Im1pa29yZWFuIiwiaXNzdWVkQXQiOjE3NDM1OTE2NzM5NDF9.S7vvIrYSTOAJ4ziFER3qBT2ZsgY3wRgdZKsf-N1vt3o
376,20250402,커뮤니티,키데 쓰루액슬모터 부착하였습니다.,https://cafe.naver.com/paulbike/16344?art=aW50ZXJuYWwtY2FmZS13ZWItc2VjdGlvbi1zZWFyY2gtbGlzdA.eyJ0eXAiOiJKV1QiLCJhbGciOiJIUzI1NiJ9.eyJjYWZlVHlwZSI6IkNBRkVfVVJMIiwiYXJ0aWNsZUlkIjoxNjM0NCwiY2FmZVVybCI6InBhdWxiaWtlIiwiaXNzdWVkQXQiOjE3NDM1OTE5MzY4Nzh9.Zp1tvA-Magg4d2i31XO2QJUZxco4_FC84dar9xCUyjM
377,20250402,커뮤니티,"폭염 잊게 하는 시원한 조망 횡성 최고봉. 태기산(泰岐山 1,261m)",https://cafe.naver.com/walkingcafe/6524?art=aW50ZXJuYWwtY2FmZS13ZWItc2VjdGlvbi1zZWFyY2gtbGlzdA.eyJ0eXAiOiJKV1QiLCJhbGciOiJIUzI1NiJ9.eyJjYWZlVHlwZSI6IkNBRkVfVVJMIiwiYXJ0aWNsZUlkIjo2NTI0LCJjYWZlVXJsIjoid2Fsa2luZ2NhZmUiLCJpc3N1ZWRBdCI6MTc0MzU5MTg1OTY3OH0.No9VuxSgPSzJptZjYAvHXsBHhbQm0e8f5w4dpCjds3s
378,20250402,커뮤니티,[앱 상품]YOKII 팬츠 스커트 s~m 66 까지 레깅스 힙커버,https://cafe.naver.com/joonggonara/1101057396?art=aW50ZXJuYWwtY2FmZS13ZWItc2VjdGlvbi1zZWFyY2gtbGlzdA.eyJ0eXAiOiJKV1QiLCJhbGciOiJIUzI1NiJ9.eyJjYWZlVHlwZSI6IkNBRkVfVVJMIiwiYXJ0aWNsZUlkIjoxMTAxMDU3Mzk2LCJjYWZlVXJsIjoiam9vbmdnb25hcmEiLCJpc3N1ZWRBdCI6MTc0MzU5MTg1OTY4NX0._HXqgDaeA4oO_5No1E87BJAu3DxHJZlNGJzyB7nInfQ
379,20250402,커뮤니티,혹시 피카부스트2 이것도 불법개조에 해당하는거임?,https://gall.dcinside.com/mgallery/board/view/?id=wjsrlwkwjsrj&no=80062
380,20250402,커뮤니티,"[미국 랜싱 (IL)] 슬립 인 호텔, 랜싱(IL)에서의 완벽한 여행 경험",https://cafe.naver.com/hoteltravel/312857?art=aW50ZXJuYWwtY2FmZS13ZWItc2VjdGlvbi1zZWFyY2gtbGlzdA.eyJ0eXAiOiJKV1QiLCJhbGciOiJIUzI1NiJ9.eyJjYWZlVHlwZSI6IkNBRkVfVVJMIiwiYXJ0aWNsZUlkIjozMTI4NTcsImNhZmVVcmwiOiJob3RlbHRyYXZlbCIsImlzc3VlZEF0IjoxNzQzNTkxNzQ4MzIyfQ.DuWRU_jaZuUM0ppuOZW3GlK1FL7v9wcUsEG6tZX2wFk
381,20250402,커뮤니티,비탑승중사고를 보장하는 운전자보험으로 변경 원합니다. 1만원이면 더 좋을것 같습니다.,https://cafe.naver.com/launcher01/28747?art=aW50ZXJuYWwtY2FmZS13ZWItc2VjdGlvbi1zZWFyY2gtbGlzdA.eyJ0eXAiOiJKV1QiLCJhbGciOiJIUzI1NiJ9.eyJjYWZlVHlwZSI6IkNBRkVfVVJMIiwiYXJ0aWNsZUlkIjoyODc0NywiY2FmZVVybCI6ImxhdW5jaGVyMDEiLCJpc3N1ZWRBdCI6MTc0MzU5MTk2MzYyMn0.LKKaMVpIq2C0ZgDB7gswvN3Ile2Nq_8Sb9MJzzJVb7U
382,20250402,커뮤니티,??? : 폭발 자전거는 모두 미인증,https://gall.dcinside.com/mgallery/board/view/?id=wjsrlwkwjsrj&no=80061
383,20250402,커뮤니티,경북도청 신도시 공영 전기자전거 타이소 이용하기 feat. 경북 산불,https://cafe.naver.com/6366360/8766?art=aW50ZXJuYWwtY2FmZS13ZWItc2VjdGlvbi1zZWFyY2gtbGlzdA.eyJ0eXAiOiJKV1QiLCJhbGciOiJIUzI1NiJ9.eyJjYWZlVHlwZSI6IkNBRkVfVVJMIiwiYXJ0aWNsZUlkIjo4NzY2LCJjYWZlVXJsIjoiNjM2NjM2MCIsImlzc3VlZEF0IjoxNzQzNTkxNzk4MzE4fQ.ZWE5f8IHqGiqocyeqf1SgQA3pxDFXVSIojTT8igB6qc
384,20250402,커뮤니티,4월에도 어김없이 미션 장난질 개 ㅈㅁ 새킈,https://cafe.naver.com/haejukdl/147178?art=aW50ZXJuYWwtY2FmZS13ZWItc2VjdGlvbi1zZWFyY2gtbGlzdA.eyJ0eXAiOiJKV1QiLCJhbGciOiJIUzI1NiJ9.eyJjYWZlVHlwZSI6IkNBRkVfVVJMIiwiYXJ0aWNsZUlkIjoxNDcxNzgsImNhZmVVcmwiOiJoYWVqdWtkbCIsImlzc3VlZEF0IjoxNzQzNTkxNjIxNDgzfQ.UkD6S84Fs2saSSyY9bauXSHdOtlChHsFBnRSAgSyOjg
385,20250402,커뮤니티,[앱 상품]자전거 트렉(TREC) 도마니 AL3 판매합니다~,https://cafe.naver.com/joonggonara/1101057177?art=aW50ZXJuYWwtY2FmZS13ZWItc2VjdGlvbi1zZWFyY2gtbGlzdA.eyJ0eXAiOiJKV1QiLCJhbGciOiJIUzI1NiJ9.eyJjYWZlVHlwZSI6IkNBRkVfVVJMIiwiYXJ0aWNsZUlkIjoxMTAxMDU3MTc3LCJjYWZlVXJsIjoiam9vbmdnb25hcmEiLCJpc3N1ZWRBdCI6MTc0MzU5MTc4MDMyOH0.WJKKXxtI3g1IJUsLJTnYDzvzC4f__9LMWPtkziGio6k
386,20250402,커뮤니티,문화누리카드로 삼천리자전거 자물쇠 살수있나용?,https://cafe.naver.com/ArticleRead.nhn?clubid=22243426&userDisplay=50&boardtype=L&articleid=1560339&referrerAllArticles=false
387,20250402,커뮤니티,이거 운동 되는거 맞나요??ㅜ,https://cafe.daum.net/slim/ORNW/19
388,20250402,커뮤니티,폭발 자전거 = 미인증 직구품,https://gall.dcinside.com/mgallery/board/view/?id=wjsrlwkwjsrj&no=80060
389,20250402,커뮤니티,"자연 속 힐링 공간, 고양 한강공원 방문 후기",https://cafe.naver.com/happy2goyang/4417?art=aW50ZXJuYWwtY2FmZS13ZWItc2VjdGlvbi1zZWFyY2gtbGlzdA.eyJ0eXAiOiJKV1QiLCJhbGciOiJIUzI1NiJ9.eyJjYWZlVHlwZSI6IkNBRkVfVVJMIiwiYXJ0aWNsZUlkIjo0NDE3LCJjYWZlVXJsIjoiaGFwcHkyZ295YW5nIiwiaXNzdWVkQXQiOjE3NDM1OTE2ODA1NDd9.lpVmGnZ6FGKTxzJD7JTPxcu5BEe9_jyRb5dhvpxWsmE
390,20250402,커뮤니티,자전거를 타보았어요,https://cafe.naver.com/ayymca/18038?art=aW50ZXJuYWwtY2FmZS13ZWItc2VjdGlvbi1zZWFyY2gtbGlzdA.eyJ0eXAiOiJKV1QiLCJhbGciOiJIUzI1NiJ9.eyJjYWZlVHlwZSI6IkNBRkVfVVJMIiwiYXJ0aWNsZUlkIjoxODAzOCwiY2FmZVVybCI6ImF5eW1jYSIsImlzc3VlZEF0IjoxNzQzNTkxMzM2MTkyfQ.wT_v2GKAISUKx7RIyv-9c9wooJ61wD4P9-4ly1v5ZHU
391,20250402,커뮤니티,따뜻한맘 ^^♡함께 해요,https://cafe.naver.com/lovesiheunggunja/431252?art=aW50ZXJuYWwtY2FmZS13ZWItc2VjdGlvbi1zZWFyY2gtbGlzdA.eyJ0eXAiOiJKV1QiLCJhbGciOiJIUzI1NiJ9.eyJjYWZlVHlwZSI6IkNBRkVfVVJMIiwiYXJ0aWNsZUlkIjo0MzEyNTIsImNhZmVVcmwiOiJsb3Zlc2loZXVuZ2d1bmphIiwiaXNzdWVkQXQiOjE3NDM1OTE2ODA2NDN9.Z6-6XkCtukw6IEYTqm8V9QfDa3Vq3kDpV3R-2-jdy3o
392,20250402,커뮤니티,배민아 너 정신 나갔냐?,https://cafe.naver.com/galaxysc/482202?art=aW50ZXJuYWwtY2FmZS13ZWItc2VjdGlvbi1zZWFyY2gtbGlzdA.eyJ0eXAiOiJKV1QiLCJhbGciOiJIUzI1NiJ9.eyJjYWZlVHlwZSI6IkNBRkVfVVJMIiwiYXJ0aWNsZUlkIjo0ODIyMDIsImNhZmVVcmwiOiJnYWxheHlzYyIsImlzc3VlZEF0IjoxNzQzNTkxMTU5Mjk3fQ.MoR_N0wIUzl4fRfGOP_MGaE7uXgPB9p7iwAfAUHN4JQ
393,20250402,커뮤니티,☀️다섯살 첫 자전거(몸놀이실에서),https://cafe.naver.com/ayymca/18037?art=aW50ZXJuYWwtY2FmZS13ZWItc2VjdGlvbi1zZWFyY2gtbGlzdA.eyJ0eXAiOiJKV1QiLCJhbGciOiJIUzI1NiJ9.eyJjYWZlVHlwZSI6IkNBRkVfVVJMIiwiYXJ0aWNsZUlkIjoxODAzNywiY2FmZVVybCI6ImF5eW1jYSIsImlzc3VlZEF0IjoxNzQzNTkxNDUxMTI5fQ.1xFVLkHQw7cIYxSyQ2imzKnPw7TwtLce8gO6yVOAXyI
394,20250402,커뮤니티,자전거..,https://cafe.daum.net/othersound/tE84/42
395,20250402,커뮤니티,바뀐 단가 방식으로 이틀 타보니 오토바이 분들이 왜 엉덩이 오래 붙이고 장시간 타는지 알겠습니다.,https://cafe.naver.com/nds07/4691356?art=aW50ZXJuYWwtY2FmZS13ZWItc2VjdGlvbi1zZWFyY2gtbGlzdA.eyJ0eXAiOiJKV1QiLCJhbGciOiJIUzI1NiJ9.eyJjYWZlVHlwZSI6IkNBRkVfVVJMIiwiYXJ0aWNsZUlkIjo0NjkxMzU2LCJjYWZlVXJsIjoibmRzMDciLCJpc3N1ZWRBdCI6MTc0MzU5MTM4MzU0MH0.pRFVPi5ujfzAqQNFRyPpBQaivPTuNDD_v83EHvvFslw
396,20250402,커뮤니티,"서울 벚꽃 명소, 봄의 아름다움을 만끽할 수 있는곳",https://cafe.naver.com/4mookja/4659?art=aW50ZXJuYWwtY2FmZS13ZWItc2VjdGlvbi1zZWFyY2gtbGlzdA.eyJ0eXAiOiJKV1QiLCJhbGciOiJIUzI1NiJ9.eyJjYWZlVHlwZSI6IkNBRkVfVVJMIiwiYXJ0aWNsZUlkIjo0NjU5LCJjYWZlVXJsIjoiNG1vb2tqYSIsImlzc3VlZEF0IjoxNzQzNTkxMzk4Nzg5fQ.baMXR27sK6JtWFwoFRJpVRXBLryrHwIuTMUGB8L3i8w
397,20250402,커뮤니티,"[미국 버지니아 비치 (VA)] 버지니아 비치의 매력적인 숙소, 컨트리 인 앤 스위트 바이 칼슨에서의 완벽한 여행",https://cafe.naver.com/hoteltravel/312856?art=aW50ZXJuYWwtY2FmZS13ZWItc2VjdGlvbi1zZWFyY2gtbGlzdA.eyJ0eXAiOiJKV1QiLCJhbGciOiJIUzI1NiJ9.eyJjYWZlVHlwZSI6IkNBRkVfVVJMIiwiYXJ0aWNsZUlkIjozMTI4NTYsImNhZmVVcmwiOiJob3RlbHRyYXZlbCIsImlzc3VlZEF0IjoxNzQzNTkxMzIyMDMwfQ.aeY-j03Zwfgl165PKhsekXwhHd2uDecWiuBYGOabMKY
398,20250402,커뮤니티,그동안 감사했습니다.... 너무 힘드네요 엠케이바이크 영업관련....,https://cafe.naver.com/clubod/13628?art=aW50ZXJuYWwtY2FmZS13ZWItc2VjdGlvbi1zZWFyY2gtbGlzdA.eyJ0eXAiOiJKV1QiLCJhbGciOiJIUzI1NiJ9.eyJjYWZlVHlwZSI6IkNBRkVfVVJMIiwiYXJ0aWNsZUlkIjoxMzYyOCwiY2FmZVVybCI6ImNsdWJvZCIsImlzc3VlZEF0IjoxNzQzNTkxMTA1Mjk5fQ.8ZxGoorgvyVyVHXje9imnkJ2oE9NBK8RZEijhEQPmdo
399,20250402,커뮤니티,전기 자전거 최고 존엄,https://gall.dcinside.com/mgallery/board/view/?id=wjsrlwkwjsrj&no=80059
400,20250402,커뮤니티,오늘 저녁에 수원역에서 북수원 가다가,http://cafe.daum.net/_c21_/bbs_read?grpid=1YmK3&fldid=ADrt&datanum=797140
401,20250402,커뮤니티,"타이난 대남 관광 중심의 실속있는 3성급 호텔, Fu Cheng Confucian Temple Homestay 후기 ✨",https://cafe.naver.com/taiwantriptalk/5897?art=aW50ZXJuYWwtY2FmZS13ZWItc2VjdGlvbi1zZWFyY2gtbGlzdA.eyJ0eXAiOiJKV1QiLCJhbGciOiJIUzI1NiJ9.eyJjYWZlVHlwZSI6IkNBRkVfVVJMIiwiYXJ0aWNsZUlkIjo1ODk3LCJjYWZlVXJsIjoidGFpd2FudHJpcHRhbGsiLCJpc3N1ZWRBdCI6MTc0MzU5MTIyMTg4OX0.lMQpjlg03O8ZukM5lfFnOeYxL-T8mQapJDvTp_ZL7-w
402,20250402,커뮤니티,필요하신분 계실까요,https://cafe.naver.com/jinjululu/2582111?art=aW50ZXJuYWwtY2FmZS13ZWItc2VjdGlvbi1zZWFyY2gtbGlzdA.eyJ0eXAiOiJKV1QiLCJhbGciOiJIUzI1NiJ9.eyJjYWZlVHlwZSI6IkNBRkVfVVJMIiwiYXJ0aWNsZUlkIjoyNTgyMTExLCJjYWZlVXJsIjoiamluanVsdWx1IiwiaXNzdWVkQXQiOjE3NDM1OTExNTU4MjF9.jAAeO5cSJw6xfkZhEnHpX8TZzBFri0F5WqJ-rWvhXuo
403,20250402,커뮤니티,실상은 봄이오는...,https://cafe.naver.com/move79/5511130?art=aW50ZXJuYWwtY2FmZS13ZWItc2VjdGlvbi1zZWFyY2gtbGlzdA.eyJ0eXAiOiJKV1QiLCJhbGciOiJIUzI1NiJ9.eyJjYWZlVHlwZSI6IkNBRkVfVVJMIiwiYXJ0aWNsZUlkIjo1NTExMTMwLCJjYWZlVXJsIjoibW92ZTc5IiwiaXNzdWVkQXQiOjE3NDM1OTA5OTcwNTN9.kHTUVFZJvrcF8r5JVb4_FC2aX-JCLrmjHIwmF7bBsaI
404,20250402,커뮤니티,트위터 전자 보면 솔직히 한번 타보고 싶긴함,https://gall.dcinside.com/mgallery/board/view/?id=wjsrlwkwjsrj&no=80057
405,20250402,커뮤니티,[앱 상품]메리다 스피더900,https://cafe.naver.com/joonggonara/1101056127?art=aW50ZXJuYWwtY2FmZS13ZWItc2VjdGlvbi1zZWFyY2gtbGlzdA.eyJ0eXAiOiJKV1QiLCJhbGciOiJIUzI1NiJ9.eyJjYWZlVHlwZSI6IkNBRkVfVVJMIiwiYXJ0aWNsZUlkIjoxMTAxMDU2MTI3LCJjYWZlVXJsIjoiam9vbmdnb25hcmEiLCJpc3N1ZWRBdCI6MTc0MzU5MTE5MzI5MH0.IYkZ3MJkTBtismRfLsBqfVGn-k35Zgn0n-FIReT-9kY
406,20250402,커뮤니티,[앱 상품]시마노SH-RP 101 자전거 슈즈  클릭,https://cafe.naver.com/joonggonara/1101056111?art=aW50ZXJuYWwtY2FmZS13ZWItc2VjdGlvbi1zZWFyY2gtbGlzdA.eyJ0eXAiOiJKV1QiLCJhbGciOiJIUzI1NiJ9.eyJjYWZlVHlwZSI6IkNBRkVfVVJMIiwiYXJ0aWNsZUlkIjoxMTAxMDU2MTExLCJjYWZlVXJsIjoiam9vbmdnb25hcmEiLCJpc3N1ZWRBdCI6MTc0MzU5MDc4OTA5N30.N0CZhfF83l2g6UtgmXDhAA39R_5FXaAZ5pe9HWSIokk
407,20250402,커뮤니티,하꼬버튜버의 큰손 이거 주인공 개 웃기네,https://arca.live/b/novelchannel/132915646
408,20250402,커뮤니티,ㅃ갑자기 자전거가 사고싶은데 말려조라,https://hygall.com/index.php?document_srl=626058710
409,20250402,커뮤니티,교통공원에 다녀왔어요,https://cafe.naver.com/3420342/181?art=aW50ZXJuYWwtY2FmZS13ZWItc2VjdGlvbi1zZWFyY2gtbGlzdA.eyJ0eXAiOiJKV1QiLCJhbGciOiJIUzI1NiJ9.eyJjYWZlVHlwZSI6IkNBRkVfVVJMIiwiYXJ0aWNsZUlkIjoxODEsImNhZmVVcmwiOiIzNDIwMzQyIiwiaXNzdWVkQXQiOjE3NDM1OTEwMzE4MTR9.rZSdWKl_7BATnkd8BfHp24E9mP8TeJ-ojp5xtdaZqjE
410,20250402,커뮤니티,냐옹이,https://cafe.naver.com/icfc0520/317002?art=aW50ZXJuYWwtY2FmZS13ZWItc2VjdGlvbi1zZWFyY2gtbGlzdA.eyJ0eXAiOiJKV1QiLCJhbGciOiJIUzI1NiJ9.eyJjYWZlVHlwZSI6IkNBRkVfVVJMIiwiYXJ0aWNsZUlkIjozMTcwMDIsImNhZmVVcmwiOiJpY2ZjMDUyMCIsImlzc3VlZEF0IjoxNzQzNTkxMjEyMzk0fQ.heylDC8pxEUOIMHQdxC444kjHjr8BRFQIJAcIIN4n54
411,20250402,커뮤니티,로드 가지고 시골 콘크리트길이나 정비안된 인도 타면 자전거 망가짐?,https://gall.dcinside.com/board/view/?id=bicycle&no=3751004
412,20250402,커뮤니티,자전거 6년정도 안탔는데 걍 팔아버릴가,https://bbs.ruliweb.com/community/board/300143/read/70119468
413,20250402,커뮤니티,오늘 너무쪽팔렸어요 ㅠㅠ,https://cafe.naver.com/ArticleRead.nhn?clubid=10050813&userDisplay=50&boardtype=L&articleid=38019877&referrerAllArticles=false
414,20250402,커뮤니티,고민하실 때가 시작할 때입니다!,https://cafe.naver.com/languagestudyabroad/81327?art=aW50ZXJuYWwtY2FmZS13ZWItc2VjdGlvbi1zZWFyY2gtbGlzdA.eyJ0eXAiOiJKV1QiLCJhbGciOiJIUzI1NiJ9.eyJjYWZlVHlwZSI6IkNBRkVfVVJMIiwiYXJ0aWNsZUlkIjo4MTMyNywiY2FmZVVybCI6Imxhbmd1YWdlc3R1ZHlhYnJvYWQiLCJpc3N1ZWRBdCI6MTc0MzU5MDg3NjQ3MH0.mSlD67dyJOd_EXrTDvnOxS3bDp4i7EC-DcafK-ExTtg
415,20250402,커뮤니티,"[미국 랭커스터 (PA)] 랭커스터에서 즐기는 편안하고 저렴한 여행, 아메리카스 베스트 밸류 인 랭커스터 호텔 리뷰",https://cafe.naver.com/hoteltravel/312855?art=aW50ZXJuYWwtY2FmZS13ZWItc2VjdGlvbi1zZWFyY2gtbGlzdA.eyJ0eXAiOiJKV1QiLCJhbGciOiJIUzI1NiJ9.eyJjYWZlVHlwZSI6IkNBRkVfVVJMIiwiYXJ0aWNsZUlkIjozMTI4NTUsImNhZmVVcmwiOiJob3RlbHRyYXZlbCIsImlzc3VlZEF0IjoxNzQzNTkwOTM2MzA2fQ.d_aoz7T0vZEujV_Ffvwelty0Z5m0bZFSnWA7s1FPStQ
416,20250402,커뮤니티,다들 대만 가보셨나요~? 날씨요정의 대만 여행기~,https://cafe.naver.com/fukuokaday/105617?art=aW50ZXJuYWwtY2FmZS13ZWItc2VjdGlvbi1zZWFyY2gtbGlzdA.eyJ0eXAiOiJKV1QiLCJhbGciOiJIUzI1NiJ9.eyJjYWZlVHlwZSI6IkNBRkVfVVJMIiwiYXJ0aWNsZUlkIjoxMDU2MTcsImNhZmVVcmwiOiJmdWt1b2thZGF5IiwiaXNzdWVkQXQiOjE3NDM1OTA2OTgxOTN9.eXQNij6mAsWujh7VuUhv1BYtV_cZeMn2egon2iIUvEY
417,20250402,커뮤니티,"[대만 타이중] 타이중 더 갤러리 호텔에서의 완벽한 휴식, 그 매력에 빠지다!",https://cafe.naver.com/halfhotel/379334?art=aW50ZXJuYWwtY2FmZS13ZWItc2VjdGlvbi1zZWFyY2gtbGlzdA.eyJ0eXAiOiJKV1QiLCJhbGciOiJIUzI1NiJ9.eyJjYWZlVHlwZSI6IkNBRkVfVVJMIiwiYXJ0aWNsZUlkIjozNzkzMzQsImNhZmVVcmwiOiJoYWxmaG90ZWwiLCJpc3N1ZWRBdCI6MTc0MzU5MDY4NDgyNX0.EeM4ZJe743BLdptcupNDp8Q_xbnc9ZDDcqs6dEfo-lQ
418,20250402,커뮤니티,[MTB] 4월7일 추읍산연수리 임도,https://cafe.naver.com/ypbiker/5000?art=aW50ZXJuYWwtY2FmZS13ZWItc2VjdGlvbi1zZWFyY2gtbGlzdA.eyJ0eXAiOiJKV1QiLCJhbGciOiJIUzI1NiJ9.eyJjYWZlVHlwZSI6IkNBRkVfVVJMIiwiYXJ0aWNsZUlkIjo1MDAwLCJjYWZlVXJsIjoieXBiaWtlciIsImlzc3VlZEF0IjoxNzQzNTkwMzA2OTY4fQ.C8Oly1i-MX6ZA05pbnH7qv30klGpvK7cKGlprbE5hZ4
419,20250402,커뮤니티,[수선화반] 4월 2일 활동내용,https://cafe.naver.com/soopichild/31738?art=aW50ZXJuYWwtY2FmZS13ZWItc2VjdGlvbi1zZWFyY2gtbGlzdA.eyJ0eXAiOiJKV1QiLCJhbGciOiJIUzI1NiJ9.eyJjYWZlVHlwZSI6IkNBRkVfVVJMIiwiYXJ0aWNsZUlkIjozMTczOCwiY2FmZVVybCI6InNvb3BpY2hpbGQiLCJpc3N1ZWRBdCI6MTc0MzU5MDcyMzE4OH0.aqW7EWqM5Sz7QCMF8u3vK8L_E-cCKjZtP4vRbusCsxc
420,20250402,커뮤니티,"보령시 주교면 리조트 완벽 가이드: 회원권, 조식, 예약 방법과 숨은 편의시설",https://cafe.naver.com/beautymoonstudy/724?art=aW50ZXJuYWwtY2FmZS13ZWItc2VjdGlvbi1zZWFyY2gtbGlzdA.eyJ0eXAiOiJKV1QiLCJhbGciOiJIUzI1NiJ9.eyJjYWZlVHlwZSI6IkNBRkVfVVJMIiwiYXJ0aWNsZUlkIjo3MjQsImNhZmVVcmwiOiJiZWF1dHltb29uc3R1ZHkiLCJpc3N1ZWRBdCI6MTc0MzU5MDQ3MDA3NH0.heuQObqLDLrP8-eP4Ofqr-HUwpbedgDNVl2XAn_wi6o
421,20250402,커뮤니티,당근에서 주워온 마실용 자이언트,https://cafe.naver.com/classicvintage/227242?art=aW50ZXJuYWwtY2FmZS13ZWItc2VjdGlvbi1zZWFyY2gtbGlzdA.eyJ0eXAiOiJKV1QiLCJhbGciOiJIUzI1NiJ9.eyJjYWZlVHlwZSI6IkNBRkVfVVJMIiwiYXJ0aWNsZUlkIjoyMjcyNDIsImNhZmVVcmwiOiJjbGFzc2ljdmludGFnZSIsImlzc3VlZEF0IjoxNzQzNTkwMzg1NzQzfQ.ZZVH4I_H5Mwb5nINWKeygkwWcnuHzGTogELsmgDEizY
422,20250402,커뮤니티,"[미국 뉴 브라운펠스 (TX)] 뉴브라운펠스에서의 완벽한 숙박, 아메리카스 베스트 밸류 인 뉴 브라운펠스 샌안토니오 호텔 후기",https://cafe.naver.com/hoteltravel/312854?art=aW50ZXJuYWwtY2FmZS13ZWItc2VjdGlvbi1zZWFyY2gtbGlzdA.eyJ0eXAiOiJKV1QiLCJhbGciOiJIUzI1NiJ9.eyJjYWZlVHlwZSI6IkNBRkVfVVJMIiwiYXJ0aWNsZUlkIjozMTI4NTQsImNhZmVVcmwiOiJob3RlbHRyYXZlbCIsImlzc3VlZEF0IjoxNzQzNTkwMTk4MDMwfQ.B8zhbTgBXE8zytvomG_98GvXPD5Yuznz9MeATjoPPNY
423,20250402,커뮤니티,신축 상가 내 교회 분양- 수진역 2번 출구,https://cafe.daum.net/Cplace/saPK/277
424,20250402,커뮤니티,화웨이 FreeArc 리뷰,https://cafe.naver.com/refurbishfactory/239930?art=aW50ZXJuYWwtY2FmZS13ZWItc2VjdGlvbi1zZWFyY2gtbGlzdA.eyJ0eXAiOiJKV1QiLCJhbGciOiJIUzI1NiJ9.eyJjYWZlVHlwZSI6IkNBRkVfVVJMIiwiYXJ0aWNsZUlkIjoyMzk5MzAsImNhZmVVcmwiOiJyZWZ1cmJpc2hmYWN0b3J5IiwiaXNzdWVkQXQiOjE3NDM1OTAxNDQzMzB9.bZWBNa-Kc_uN3ArEno9cBcGs0ObHgy3LUuqdFF1oozE
425,20250402,커뮤니티,오토바이 면허 종류와 안전 운전 준비,https://cafe.naver.com/seniorcares/7198?art=aW50ZXJuYWwtY2FmZS13ZWItc2VjdGlvbi1zZWFyY2gtbGlzdA.eyJ0eXAiOiJKV1QiLCJhbGciOiJIUzI1NiJ9.eyJjYWZlVHlwZSI6IkNBRkVfVVJMIiwiYXJ0aWNsZUlkIjo3MTk4LCJjYWZlVXJsIjoic2VuaW9yY2FyZXMiLCJpc3N1ZWRBdCI6MTc0MzU5MDIzMTE3OH0.3Eg31bcF7gwddH9qydgKgCdOc-axI6GX8Nvcq4IsTf4
426,20250402,커뮤니티,크게 반성하면서 짜는 일본 여행 계획,https://cafe.naver.com/ArticleRead.nhn?clubid=23318682&userDisplay=50&boardtype=L&articleid=359662&referrerAllArticles=false
427,20250402,커뮤니티,배민 배달원 위치 실시간으로 보이는거 귀여운것같음,https://cafe.daum.net/ok1221/9a8f/63975952
428,20250402,커뮤니티,경춘선 리뷰!,https://cafe.naver.com/railplanet/56017?art=aW50ZXJuYWwtY2FmZS13ZWItc2VjdGlvbi1zZWFyY2gtbGlzdA.eyJ0eXAiOiJKV1QiLCJhbGciOiJIUzI1NiJ9.eyJjYWZlVHlwZSI6IkNBRkVfVVJMIiwiYXJ0aWNsZUlkIjo1NjAxNywiY2FmZVVybCI6InJhaWxwbGFuZXQiLCJpc3N1ZWRBdCI6MTc0MzU4OTk3MjUyMn0.NLGC0YBrXNJufbBbShpRexRExh-dO1i-60nRZ9btYGU
429,20250402,커뮤니티,출똥,https://cafe.naver.com/haejukdl/147176?art=aW50ZXJuYWwtY2FmZS13ZWItc2VjdGlvbi1zZWFyY2gtbGlzdA.eyJ0eXAiOiJKV1QiLCJhbGciOiJIUzI1NiJ9.eyJjYWZlVHlwZSI6IkNBRkVfVVJMIiwiYXJ0aWNsZUlkIjoxNDcxNzYsImNhZmVVcmwiOiJoYWVqdWtkbCIsImlzc3VlZEF0IjoxNzQzNTg5OTIzNjc5fQ.uT1qf_pxlhB8XOInCXAZtKfghmJ4W5c88AYQvQ_rYtI
430,20250402,커뮤니티,제천 자전거 수리 잘하는 곳 추천,https://cafe.naver.com/cjpick/436?art=aW50ZXJuYWwtY2FmZS13ZWItc2VjdGlvbi1zZWFyY2gtbGlzdA.eyJ0eXAiOiJKV1QiLCJhbGciOiJIUzI1NiJ9.eyJjYWZlVHlwZSI6IkNBRkVfVVJMIiwiYXJ0aWNsZUlkIjo0MzYsImNhZmVVcmwiOiJjanBpY2siLCJpc3N1ZWRBdCI6MTc0MzU4OTkzMzM2MH0.LfQ07PuQJ72y_ZfcpTl79YQtevVXoLuAFks1LCnPyHE
431,20250402,커뮤니티,[미국 컬리지 스테이션 (TX)] 힐튼 가든 인 컬리지 역 호텔 리뷰 - 완벽한 여행을 위한 선택,https://cafe.naver.com/hoteltravel/312853?art=aW50ZXJuYWwtY2FmZS13ZWItc2VjdGlvbi1zZWFyY2gtbGlzdA.eyJ0eXAiOiJKV1QiLCJhbGciOiJIUzI1NiJ9.eyJjYWZlVHlwZSI6IkNBRkVfVVJMIiwiYXJ0aWNsZUlkIjozMTI4NTMsImNhZmVVcmwiOiJob3RlbHRyYXZlbCIsImlzc3VlZEF0IjoxNzQzNTkwMDAzMzUyfQ.r8J_3I9SVhauVKXw4Xey6uMbpzQDGXEmTXe0PujGFvU
432,20250402,커뮤니티,신축 상가 내 교회 분양- 수진역 2번 출구,https://cafe.naver.com/cplace/11930?art=aW50ZXJuYWwtY2FmZS13ZWItc2VjdGlvbi1zZWFyY2gtbGlzdA.eyJ0eXAiOiJKV1QiLCJhbGciOiJIUzI1NiJ9.eyJjYWZlVHlwZSI6IkNBRkVfVVJMIiwiYXJ0aWNsZUlkIjoxMTkzMCwiY2FmZVVybCI6ImNwbGFjZSIsImlzc3VlZEF0IjoxNzQzNTg5NzkzNzAxfQ.LGifXqOMMUk_Q_42Cm57-J46w6PmzTRrnz0mwqTDtaQ
433,20250402,커뮤니티,[경기도 여주쓰레기집청소 특수청소와 남한강 출렁다리 개통: 515m 다리와 600만 관광객 유치를 위한 이야기],https://cafe.naver.com/inflmo/193552?art=aW50ZXJuYWwtY2FmZS13ZWItc2VjdGlvbi1zZWFyY2gtbGlzdA.eyJ0eXAiOiJKV1QiLCJhbGciOiJIUzI1NiJ9.eyJjYWZlVHlwZSI6IkNBRkVfVVJMIiwiYXJ0aWNsZUlkIjoxOTM1NTIsImNhZmVVcmwiOiJpbmZsbW8iLCJpc3N1ZWRBdCI6MTc0MzU4OTcyNTc0OH0.XCwRxGcLpJMPmyURRP3jnfeCVY35LcieHVzNz_HDdR8
434,20250402,커뮤니티,남양주 사계절의 매력을 한눈에! 완벽 가이드로 즐기는 관광 명소,https://cafe.naver.com/kolonsportsnutrition/2691?art=aW50ZXJuYWwtY2FmZS13ZWItc2VjdGlvbi1zZWFyY2gtbGlzdA.eyJ0eXAiOiJKV1QiLCJhbGciOiJIUzI1NiJ9.eyJjYWZlVHlwZSI6IkNBRkVfVVJMIiwiYXJ0aWNsZUlkIjoyNjkxLCJjYWZlVXJsIjoia29sb25zcG9ydHNudXRyaXRpb24iLCJpc3N1ZWRBdCI6MTc0MzU4OTk2OTIzOX0.GoN08Tt_-HszL8_Rf-CGCJwqSrQTAJR2COpN8b5KfOo
435,20250402,커뮤니티,피아노드림,https://cafe.naver.com/jinjululu/2582106?art=aW50ZXJuYWwtY2FmZS13ZWItc2VjdGlvbi1zZWFyY2gtbGlzdA.eyJ0eXAiOiJKV1QiLCJhbGciOiJIUzI1NiJ9.eyJjYWZlVHlwZSI6IkNBRkVfVVJMIiwiYXJ0aWNsZUlkIjoyNTgyMTA2LCJjYWZlVXJsIjoiamluanVsdWx1IiwiaXNzdWVkQXQiOjE3NDM1ODk1ODM0MTh9.T0PQ97SUgqpf0OslL4Fl-gk24RSbWbKLvglvHzxAEI4
436,20250402,커뮤니티,20233337 한태희 mtb 자전거의 기어변속과 변속기,https://cafe.daum.net/onyanglee/1LgN/932
437,20250402,커뮤니티,오늘은) 운동,https://cafe.naver.com/baby8/2570621?art=aW50ZXJuYWwtY2FmZS13ZWItc2VjdGlvbi1zZWFyY2gtbGlzdA.eyJ0eXAiOiJKV1QiLCJhbGciOiJIUzI1NiJ9.eyJjYWZlVHlwZSI6IkNBRkVfVVJMIiwiYXJ0aWNsZUlkIjoyNTcwNjIxLCJjYWZlVXJsIjoiYmFieTgiLCJpc3N1ZWRBdCI6MTc0MzU4OTQ1MjQxMX0.PHN9yE1DizVwWcOUeKJ-QSkd03zi1T0t47kbJkLUu2k
438,20250402,커뮤니티,중풍의 전조 증상+***다양한 경고 보내는 '중풍' 평생 걸리지않는 예방법,https://cafe.daum.net/13happ13/DIfe/1791
439,20250402,커뮤니티,GTA5 자전거 모드 새버전 나왓다!,https://gall.dcinside.com/mgallery/board/view/?id=cycle&no=897831
440,20250402,커뮤니티,중풍의 전조 증상+***다양한 경고 보내는 '중풍' 평생 걸리지않는 예방법,https://cafe.daum.net/jysys0310/i9on/789
441,20250402,커뮤니티,[미국 댈러스 (TX)] 햄프턴 인 앤 스위트 맥키니 호텔 리뷰: 여행자들이 찾는 편안한 휴식처,https://cafe.naver.com/hoteltravel/312852?art=aW50ZXJuYWwtY2FmZS13ZWItc2VjdGlvbi1zZWFyY2gtbGlzdA.eyJ0eXAiOiJKV1QiLCJhbGciOiJIUzI1NiJ9.eyJjYWZlVHlwZSI6IkNBRkVfVVJMIiwiYXJ0aWNsZUlkIjozMTI4NTIsImNhZmVVcmwiOiJob3RlbHRyYXZlbCIsImlzc3VlZEF0IjoxNzQzNTg5MjA5NjUwfQ.u9wr204v9krc7yXYcpC5wxM35YU8qcT5dxn-ZQB7tZw
442,20250402,커뮤니티,저도 차관련 질문이요^^(팰리세이드),https://cafe.naver.com/sujilovemom/745126?art=aW50ZXJuYWwtY2FmZS13ZWItc2VjdGlvbi1zZWFyY2gtbGlzdA.eyJ0eXAiOiJKV1QiLCJhbGciOiJIUzI1NiJ9.eyJjYWZlVHlwZSI6IkNBRkVfVVJMIiwiYXJ0aWNsZUlkIjo3NDUxMjYsImNhZmVVcmwiOiJzdWppbG92ZW1vbSIsImlzc3VlZEF0IjoxNzQzNTkzMTEyMzIyfQ.PP0YDYvsWGpLRzgzCt22T8zoQDPS3ILUrQ-v-hhEGBM
443,20250402,커뮤니티,다집어치우고 돈쓰면 기분좋음,https://gall.dcinside.com/mgallery/board/view/?id=electricguitar&no=3423790
444,20250402,커뮤니티,전기자전거 배달로 하면 돈 어느 정도 버냐,https://gall.dcinside.com/board/view/?id=outofwork&no=461774
445,20250402,커뮤니티,가성비 전기자전거 추천 비아지오 V5 후기,https://cafe.naver.com/75sky/1143?art=aW50ZXJuYWwtY2FmZS13ZWItc2VjdGlvbi1zZWFyY2gtbGlzdA.eyJ0eXAiOiJKV1QiLCJhbGciOiJIUzI1NiJ9.eyJjYWZlVHlwZSI6IkNBRkVfVVJMIiwiYXJ0aWNsZUlkIjoxMTQzLCJjYWZlVXJsIjoiNzVza3kiLCJpc3N1ZWRBdCI6MTc0MzU4OTE5NTc2MX0.LZsr3dJBQjpqMWMOvHVYO6dZjeNpU6lyS84nzWA3RK0
446,20250402,커뮤니티,쿠팡깜미뜨는바람에 배3배차 싹다날림,https://cafe.naver.com/haejukdl/147174?art=aW50ZXJuYWwtY2FmZS13ZWItc2VjdGlvbi1zZWFyY2gtbGlzdA.eyJ0eXAiOiJKV1QiLCJhbGciOiJIUzI1NiJ9.eyJjYWZlVHlwZSI6IkNBRkVfVVJMIiwiYXJ0aWNsZUlkIjoxNDcxNzQsImNhZmVVcmwiOiJoYWVqdWtkbCIsImlzc3VlZEF0IjoxNzQzNTg5MTM0MzM1fQ.UPWeRLj10MHhZScPELfFCCGwOLmk-D4mh_xcSG2OMyk
447,20250402,커뮤니티,"스크랩 
흥미돋 
[윤후] 타고난 것 같은 후",https://cafe.daum.net/_c21_/bbs_read?grpid=1IHuH&fldid=ReHf&datanum=5265970
448,20250402,커뮤니티,형님들 쓰로틀 자전거 최고속도 낮추는 장치같은거 없나요,https://gall.dcinside.com/mgallery/board/view/?id=wjsrlwkwjsrj&no=80049
449,20250402,커뮤니티,[윤후] 타고난 것 같은 후,https://cafe.daum.net/subdued20club/ReHf/5265970
450,20250402,커뮤니티,자전거 타면 사라지는 질병 “7가지” 사이클타세요 부디!-시니어일상톡톡,https://cafe.daum.net/francisba/Sp5Z/78
451,20250402,커뮤니티,[앱 상품][판매완료]니욜 스템백 자전거가방,https://cafe.naver.com/joonggonara/1101053076?art=aW50ZXJuYWwtY2FmZS13ZWItc2VjdGlvbi1zZWFyY2gtbGlzdA.eyJ0eXAiOiJKV1QiLCJhbGciOiJIUzI1NiJ9.eyJjYWZlVHlwZSI6IkNBRkVfVVJMIiwiYXJ0aWNsZUlkIjoxMTAxMDUzMDc2LCJjYWZlVXJsIjoiam9vbmdnb25hcmEiLCJpc3N1ZWRBdCI6MTc0MzU4ODg4NDk1NH0.1Cx3DiY97CM8qA-SfCIDtoILn6r8cEW6H403FruR_0g
452,20250402,커뮤니티,"자갤러님들 안장 어떻게 앉으시나요,,",https://gall.dcinside.com/board/view/?id=bicycle&no=3751003
453,20250402,커뮤니티,[세일] 코르키 로드자전거 드롭바 전용 후사경 할인,https://cafe.naver.com/cjminivello/22452?art=aW50ZXJuYWwtY2FmZS13ZWItc2VjdGlvbi1zZWFyY2gtbGlzdA.eyJ0eXAiOiJKV1QiLCJhbGciOiJIUzI1NiJ9.eyJjYWZlVHlwZSI6IkNBRkVfVVJMIiwiYXJ0aWNsZUlkIjoyMjQ1MiwiY2FmZVVybCI6ImNqbWluaXZlbGxvIiwiaXNzdWVkQXQiOjE3NDM1ODg4OTkyMDB9.5RqCY15ouAMfbmcGVimXZhSFFgiSJnyzJfXwBzdWs7I
454,20250402,커뮤니티,나 작년에 전남대에서 알몸으로 자전거타는 흑인 봤음,https://gall.dcinside.com/mgallery/board/view/?id=hanmath&no=8620618
455,20250402,커뮤니티,캐니언 살려면 참고해라,https://gall.dcinside.com/mgallery/board/view/?id=mtb&no=2919
456,20250402,커뮤니티,"성주에서 즐기는 자연 속 캠핑의 매력, 추천 캠핑장 4곳",https://cafe.naver.com/dooly0206/1026?art=aW50ZXJuYWwtY2FmZS13ZWItc2VjdGlvbi1zZWFyY2gtbGlzdA.eyJ0eXAiOiJKV1QiLCJhbGciOiJIUzI1NiJ9.eyJjYWZlVHlwZSI6IkNBRkVfVVJMIiwiYXJ0aWNsZUlkIjoxMDI2LCJjYWZlVXJsIjoiZG9vbHkwMjA2IiwiaXNzdWVkQXQiOjE3NDM1ODkwNjQ4Njl9.7O0WKSK7Z6awXPxG-d7Czq9r7o-cOg1jDMARD49sPMw
457,20250402,커뮤니티,패브릭 카본 자전거 안장 Scoop Pro Flat 팝니다.,https://cafe.naver.com/minivelobike/1219906?art=aW50ZXJuYWwtY2FmZS13ZWItc2VjdGlvbi1zZWFyY2gtbGlzdA.eyJ0eXAiOiJKV1QiLCJhbGciOiJIUzI1NiJ9.eyJjYWZlVHlwZSI6IkNBRkVfVVJMIiwiYXJ0aWNsZUlkIjoxMjE5OTA2LCJjYWZlVXJsIjoibWluaXZlbG9iaWtlIiwiaXNzdWVkQXQiOjE3NDM1ODkwNzY4NTN9.F5eeo-yFDzP3XHcPEBEbbUUafdmgrCgg5WI4whlYOUM
458,20250402,커뮤니티,250402 씨앗도서관,https://cafe.daum.net/happyInstance/eVis/3970
459,20250402,커뮤니티,[미국 우드브리지 (VA)] 힐튼 가든 인 우드브릿지: 편안한 숙박과 우드브리지 탐험의 완벽한 시작점,https://cafe.naver.com/hoteltravel/312851?art=aW50ZXJuYWwtY2FmZS13ZWItc2VjdGlvbi1zZWFyY2gtbGlzdA.eyJ0eXAiOiJKV1QiLCJhbGciOiJIUzI1NiJ9.eyJjYWZlVHlwZSI6IkNBRkVfVVJMIiwiYXJ0aWNsZUlkIjozMTI4NTEsImNhZmVVcmwiOiJob3RlbHRyYXZlbCIsImlzc3VlZEF0IjoxNzQzNTg5MTAwOTU0fQ.PBQTuoFINpg_a4RPPz7H1-kqKO383OPF1-kK2v-zu18
460,20250402,커뮤니티,걸어다닐 공간이 없네요ㅠ,https://cafe.naver.com/tjnewtownmom/42225?art=aW50ZXJuYWwtY2FmZS13ZWItc2VjdGlvbi1zZWFyY2gtbGlzdA.eyJ0eXAiOiJKV1QiLCJhbGciOiJIUzI1NiJ9.eyJjYWZlVHlwZSI6IkNBRkVfVVJMIiwiYXJ0aWNsZUlkIjo0MjIyNSwiY2FmZVVybCI6InRqbmV3dG93bm1vbSIsImlzc3VlZEF0IjoxNzQzNTg4NzY5MTA0fQ.mfnh5yZOKm1Rm-IMN7fr4jDYHJmv48m292NsO7H3b90
461,20250402,커뮤니티,요즘 캠퍼스에서 자전거타면 시선느껴짐,https://gall.dcinside.com/mgallery/board/view/?id=electricguitar&no=3423763
462,20250402,커뮤니티,네네 이년 공원에서 자전거타고 뭐함,https://gall.dcinside.com/mgallery/board/view/?id=kizunaai&no=11690845
463,20250402,커뮤니티,오남역 서희스타힐스 분양 정보,https://cafe.daum.net/daewoo04jh/apTZ/6
464,20250402,커뮤니티,속리산 가는데 일정 추천좀요,https://cafe.naver.com/ArticleRead.nhn?clubid=12007870&userDisplay=50&boardtype=L&articleid=429800&referrerAllArticles=false
465,20250402,커뮤니티,추동은 아직 겨울~,https://cafe.naver.com/taboranovis/10497?art=aW50ZXJuYWwtY2FmZS13ZWItc2VjdGlvbi1zZWFyY2gtbGlzdA.eyJ0eXAiOiJKV1QiLCJhbGciOiJIUzI1NiJ9.eyJjYWZlVHlwZSI6IkNBRkVfVVJMIiwiYXJ0aWNsZUlkIjoxMDQ5NywiY2FmZVVybCI6InRhYm9yYW5vdmlzIiwiaXNzdWVkQXQiOjE3NDM1ODg3MzQxNzh9.F4IU8Ak8G6La_f57IZUGMg5GELL0w3ZRnM-EfDg0neY
466,20250402,커뮤니티,"오토바이 면허 취득 가이드: 종류, 과정, 안전 운전 팁",https://cafe.naver.com/seniorcares/7170?art=aW50ZXJuYWwtY2FmZS13ZWItc2VjdGlvbi1zZWFyY2gtbGlzdA.eyJ0eXAiOiJKV1QiLCJhbGciOiJIUzI1NiJ9.eyJjYWZlVHlwZSI6IkNBRkVfVVJMIiwiYXJ0aWNsZUlkIjo3MTcwLCJjYWZlVXJsIjoic2VuaW9yY2FyZXMiLCJpc3N1ZWRBdCI6MTc0MzU4ODg5MDg5MH0.P_56XoUaO3oLs8ZEQDeY0CjGhDnOFP5T5Nizyw_brMc
467,20250402,커뮤니티,"자전거 추천부탁드립니다(삼천리),(아버지선물)",https://gall.dcinside.com/board/view/?id=bicycle&no=3751002
468,20250402,커뮤니티,영월에서의 중하중그레이팅 시공 사례,https://cafe.naver.com/blueqdmtw/805?art=aW50ZXJuYWwtY2FmZS13ZWItc2VjdGlvbi1zZWFyY2gtbGlzdA.eyJ0eXAiOiJKV1QiLCJhbGciOiJIUzI1NiJ9.eyJjYWZlVHlwZSI6IkNBRkVfVVJMIiwiYXJ0aWNsZUlkIjo4MDUsImNhZmVVcmwiOiJibHVlcWRtdHciLCJpc3N1ZWRBdCI6MTc0MzU4ODc2OTEzN30.HVNPCoLQWLsWqWBrrm1nj_D8PTIgb_1wjKzryd3zmcY
469,20250402,커뮤니티,카본 자전거 비비자리 위쪽 패임 수리,https://cafe.naver.com/carbonclinic/1222?art=aW50ZXJuYWwtY2FmZS13ZWItc2VjdGlvbi1zZWFyY2gtbGlzdA.eyJ0eXAiOiJKV1QiLCJhbGciOiJIUzI1NiJ9.eyJjYWZlVHlwZSI6IkNBRkVfVVJMIiwiYXJ0aWNsZUlkIjoxMjIyLCJjYWZlVXJsIjoiY2FyYm9uY2xpbmljIiwiaXNzdWVkQXQiOjE3NDM1ODg0MjQ3MjF9.q2SNzML8uYouRi_KLcffGkBiSvHjxFCP4EHnbnFF1-w
470,20250402,커뮤니티,[앱 새상품][판매완료]CYCPLUS C3 자전거 속도/케이던스 센서 미개봉,https://cafe.naver.com/joonggonara/1101052290?art=aW50ZXJuYWwtY2FmZS13ZWItc2VjdGlvbi1zZWFyY2gtbGlzdA.eyJ0eXAiOiJKV1QiLCJhbGciOiJIUzI1NiJ9.eyJjYWZlVHlwZSI6IkNBRkVfVVJMIiwiYXJ0aWNsZUlkIjoxMTAxMDUyMjkwLCJjYWZlVXJsIjoiam9vbmdnb25hcmEiLCJpc3N1ZWRBdCI6MTc0MzU4ODkyOTg3MH0.4NiA4AQswnZTvb-8ZZUTQdwe-mx-9e2nAOSvGxt8Mu8
471,20250402,커뮤니티,김포시 고촌읍 스크린골프장의 매력과 추천 정보,https://cafe.naver.com/shypnosis/3256?art=aW50ZXJuYWwtY2FmZS13ZWItc2VjdGlvbi1zZWFyY2gtbGlzdA.eyJ0eXAiOiJKV1QiLCJhbGciOiJIUzI1NiJ9.eyJjYWZlVHlwZSI6IkNBRkVfVVJMIiwiYXJ0aWNsZUlkIjozMjU2LCJjYWZlVXJsIjoic2h5cG5vc2lzIiwiaXNzdWVkQXQiOjE3NDM1ODg1MzEwNTV9.foKGPBcBmTWr-9iHxnUu6-h1fMsNPHq4-6dPLSD6L_4
472,20250402,커뮤니티,네덜란드 여행: 날씨에 맞는 완벽한 옷차림 가이드,https://cafe.naver.com/taiwanhotelbooking/840?art=aW50ZXJuYWwtY2FmZS13ZWItc2VjdGlvbi1zZWFyY2gtbGlzdA.eyJ0eXAiOiJKV1QiLCJhbGciOiJIUzI1NiJ9.eyJjYWZlVHlwZSI6IkNBRkVfVVJMIiwiYXJ0aWNsZUlkIjo4NDAsImNhZmVVcmwiOiJ0YWl3YW5ob3RlbGJvb2tpbmciLCJpc3N1ZWRBdCI6MTc0MzU4ODE1NjA2MH0.HD6vvFMEdHJjTvP9zebmXogALYUGO0CD1Kizi3xDsmI
473,20250402,커뮤니티,가물어서 물줬어요,https://cafe.naver.com/happyparm/532702?art=aW50ZXJuYWwtY2FmZS13ZWItc2VjdGlvbi1zZWFyY2gtbGlzdA.eyJ0eXAiOiJKV1QiLCJhbGciOiJIUzI1NiJ9.eyJjYWZlVHlwZSI6IkNBRkVfVVJMIiwiYXJ0aWNsZUlkIjo1MzI3MDIsImNhZmVVcmwiOiJoYXBweXBhcm0iLCJpc3N1ZWRBdCI6MTc0MzU4ODI4MTE1OH0.IA5_LBoD1V1adADWwK3jXmn6GL289ejAD80nk_xcNWQ
474,20250402,커뮤니티,자전거 페달 분실^^;;,https://cafe.naver.com/yangsandb/43450?art=aW50ZXJuYWwtY2FmZS13ZWItc2VjdGlvbi1zZWFyY2gtbGlzdA.eyJ0eXAiOiJKV1QiLCJhbGciOiJIUzI1NiJ9.eyJjYWZlVHlwZSI6IkNBRkVfVVJMIiwiYXJ0aWNsZUlkIjo0MzQ1MCwiY2FmZVVybCI6InlhbmdzYW5kYiIsImlzc3VlZEF0IjoxNzQzNTg3OTQwMDgwfQ.OI3JYk_PNky14eIxXQdKkEW70JSZ1RrXlhRDh7k3HSQ
475,20250402,커뮤니티,[앱 상품][판매완료]서서타는 자전거 BOWQI 피트니스 자전거,https://cafe.naver.com/joonggonara/1101052029?art=aW50ZXJuYWwtY2FmZS13ZWItc2VjdGlvbi1zZWFyY2gtbGlzdA.eyJ0eXAiOiJKV1QiLCJhbGciOiJIUzI1NiJ9.eyJjYWZlVHlwZSI6IkNBRkVfVVJMIiwiYXJ0aWNsZUlkIjoxMTAxMDUyMDI5LCJjYWZlVXJsIjoiam9vbmdnb25hcmEiLCJpc3N1ZWRBdCI6MTc0MzU4ODM1NTU5N30.3I4hjIc5skPTRNyyktU2J0rF7rjmu5B9IBy49o5Vk_s
476,20250402,커뮤니티,일체형 핸들바에 벨 달고 싶으면,https://gall.dcinside.com/mgallery/board/view/?id=cycle&no=897819
477,20250402,커뮤니티,"경계석 시공의 중요성, 양주 아산 사례 연구",https://cafe.naver.com/bluehj7bj/1125?art=aW50ZXJuYWwtY2FmZS13ZWItc2VjdGlvbi1zZWFyY2gtbGlzdA.eyJ0eXAiOiJKV1QiLCJhbGciOiJIUzI1NiJ9.eyJjYWZlVHlwZSI6IkNBRkVfVVJMIiwiYXJ0aWNsZUlkIjoxMTI1LCJjYWZlVXJsIjoiYmx1ZWhqN2JqIiwiaXNzdWVkQXQiOjE3NDM1ODgzNDE2MzN9.zL9ryg2BC1qOA-glLBWsEoumxlBCYrZ7a17oRWZqNKQ
478,20250402,커뮤니티,비전타다 버그만 스트리트 기변한후기 (주관적),https://cafe.naver.com/ArticleRead.nhn?clubid=10312966&userDisplay=50&boardtype=L&articleid=8209647&referrerAllArticles=false
479,20250402,커뮤니티,프런트 브레이크 질문입니다,https://cafe.naver.com/likebrompton/57756?art=aW50ZXJuYWwtY2FmZS13ZWItc2VjdGlvbi1zZWFyY2gtbGlzdA.eyJ0eXAiOiJKV1QiLCJhbGciOiJIUzI1NiJ9.eyJjYWZlVHlwZSI6IkNBRkVfVVJMIiwiYXJ0aWNsZUlkIjo1Nzc1NiwiY2FmZVVybCI6Imxpa2Vicm9tcHRvbiIsImlzc3VlZEF0IjoxNzQzNTg4MDk5NTcyfQ.AwtWMXjH6uI6FLua6uY_dTZlWuetZakfj8KyWF74FJ4
480,20250402,커뮤니티,시흥 가볼만한 곳 베스트10,https://cafe.naver.com/4mookja/4606?art=aW50ZXJuYWwtY2FmZS13ZWItc2VjdGlvbi1zZWFyY2gtbGlzdA.eyJ0eXAiOiJKV1QiLCJhbGciOiJIUzI1NiJ9.eyJjYWZlVHlwZSI6IkNBRkVfVVJMIiwiYXJ0aWNsZUlkIjo0NjA2LCJjYWZlVXJsIjoiNG1vb2tqYSIsImlzc3VlZEF0IjoxNzQzNTg4Mjg1OTMwfQ.LW9UHZ_5ydItSj_pp_fjT1D1525SXqo9Nzokozy0dXY
481,20250402,커뮤니티,자전거 어떤거 살까요,https://cafe.naver.com/mom79/1366246?art=aW50ZXJuYWwtY2FmZS13ZWItc2VjdGlvbi1zZWFyY2gtbGlzdA.eyJ0eXAiOiJKV1QiLCJhbGciOiJIUzI1NiJ9.eyJjYWZlVHlwZSI6IkNBRkVfVVJMIiwiYXJ0aWNsZUlkIjoxMzY2MjQ2LCJjYWZlVXJsIjoibW9tNzkiLCJpc3N1ZWRBdCI6MTc0MzU4ODIyMTE5NX0.wf7OF5tyyFKJeoELBzAw3rYgiEWnQBRBmYRd5-avkAw
482,20250402,커뮤니티,자전거타다 앞으로 엎어져서 손바닥 쓸렸는데 의사간호사 선생님들 조언 좀 해주십사... (ㅎㅇㅈㅇ),http://www.instiz.net/name/62466611?category=1
483,20250402,커뮤니티,오산 지역에서의 수로관 프로젝트 사례,https://cafe.naver.com/bluegrayp5tpb/917?art=aW50ZXJuYWwtY2FmZS13ZWItc2VjdGlvbi1zZWFyY2gtbGlzdA.eyJ0eXAiOiJKV1QiLCJhbGciOiJIUzI1NiJ9.eyJjYWZlVHlwZSI6IkNBRkVfVVJMIiwiYXJ0aWNsZUlkIjo5MTcsImNhZmVVcmwiOiJibHVlZ3JheXA1dHBiIiwiaXNzdWVkQXQiOjE3NDM1ODgyNDg0NzJ9.5OIHox6uA2SYb8d8B-eifMrGZMS6d2aZnrbavMuyIbM
484,20250402,커뮤니티,러닝클럽 챌린져 모집합니다.!!,https://cafe.naver.com/everybodyfit/8343?art=aW50ZXJuYWwtY2FmZS13ZWItc2VjdGlvbi1zZWFyY2gtbGlzdA.eyJ0eXAiOiJKV1QiLCJhbGciOiJIUzI1NiJ9.eyJjYWZlVHlwZSI6IkNBRkVfVVJMIiwiYXJ0aWNsZUlkIjo4MzQzLCJjYWZlVXJsIjoiZXZlcnlib2R5Zml0IiwiaXNzdWVkQXQiOjE3NDM1ODc5ODI3OTh9.-_IdPV_vXGUPlnUc1-DjZ8zbciQ7rO6lcjOUyZxFnqk
485,20250402,커뮤니티,[진주금방][진주금][진주쥬얼리] 골드앤펄 (오늘의 라인업),https://cafe.naver.com/lgtabbook/669195?art=aW50ZXJuYWwtY2FmZS13ZWItc2VjdGlvbi1zZWFyY2gtbGlzdA.eyJ0eXAiOiJKV1QiLCJhbGciOiJIUzI1NiJ9.eyJjYWZlVHlwZSI6IkNBRkVfVVJMIiwiYXJ0aWNsZUlkIjo2NjkxOTUsImNhZmVVcmwiOiJsZ3RhYmJvb2siLCJpc3N1ZWRBdCI6MTc0MzU4ODA5MDk3Mn0.mxtcZf38FxEbbsPCMfZWSmAY7dO3Yo-rHWpT5shKyj0
486,20250402,커뮤니티,"자전거 헬멧, 장갑, 스탠드, 자물쇠 등 추천 요청..",https://gall.dcinside.com/mgallery/board/view/?id=cycle&no=897814
487,20250402,커뮤니티,25년/4월/6일 (일) 통일전망대갑니다 (서강대 프로방스 으로 돌아옵니다,https://cafe.daum.net/sampomtb/pvTp/1181
488,20250402,커뮤니티,"금액대비 훌륭한 진먼 섬 1.5성급 숙소, 진 시 푸 비앤비 후기",https://cafe.naver.com/taiwantriptalk/5889?art=aW50ZXJuYWwtY2FmZS13ZWItc2VjdGlvbi1zZWFyY2gtbGlzdA.eyJ0eXAiOiJKV1QiLCJhbGciOiJIUzI1NiJ9.eyJjYWZlVHlwZSI6IkNBRkVfVVJMIiwiYXJ0aWNsZUlkIjo1ODg5LCJjYWZlVXJsIjoidGFpd2FudHJpcHRhbGsiLCJpc3N1ZWRBdCI6MTc0MzU4ODAyMzEyNH0.38Ey-l2I5ijEIqmEHuQ0OqNS5XJR7jMdB7qrlMfQHoo
489,20250402,커뮤니티,"보행자 도로, 인도",https://cafe.daum.net/iianewtown/63JU/79705
490,20250402,커뮤니티,[미국 허미티지 (PA)] 허미티지 이코노 로지 호텔 완벽한 숙박 가이드,https://cafe.naver.com/hoteltravel/312849?art=aW50ZXJuYWwtY2FmZS13ZWItc2VjdGlvbi1zZWFyY2gtbGlzdA.eyJ0eXAiOiJKV1QiLCJhbGciOiJIUzI1NiJ9.eyJjYWZlVHlwZSI6IkNBRkVfVVJMIiwiYXJ0aWNsZUlkIjozMTI4NDksImNhZmVVcmwiOiJob3RlbHRyYXZlbCIsImlzc3VlZEF0IjoxNzQzNTg3ODg4OTAwfQ.MHbnzhp5OxiEqfcKmSHxJdhs9VZ_UJifuf-Ruj7VioY
491,20250402,커뮤니티,파손된 자전거로 바꿔가신분(동호수스티커 바꿔붙임 ),https://cafe.naver.com/goldtown4761072/25930?art=aW50ZXJuYWwtY2FmZS13ZWItc2VjdGlvbi1zZWFyY2gtbGlzdA.eyJ0eXAiOiJKV1QiLCJhbGciOiJIUzI1NiJ9.eyJjYWZlVHlwZSI6IkNBRkVfVVJMIiwiYXJ0aWNsZUlkIjoyNTkzMCwiY2FmZVVybCI6ImdvbGR0b3duNDc2MTA3MiIsImlzc3VlZEF0IjoxNzQzNTg3NzkyMzAwfQ.Be4KpmI16IvN0V5B79Sy3ELkxuqgA7TJLNncS2c2wjU
492,20250402,커뮤니티,[앱 상품]비아지오 m7 전기자전거 풀셋 판매,https://cafe.naver.com/joonggonara/1101051141?art=aW50ZXJuYWwtY2FmZS13ZWItc2VjdGlvbi1zZWFyY2gtbGlzdA.eyJ0eXAiOiJKV1QiLCJhbGciOiJIUzI1NiJ9.eyJjYWZlVHlwZSI6IkNBRkVfVVJMIiwiYXJ0aWNsZUlkIjoxMTAxMDUxMTQxLCJjYWZlVXJsIjoiam9vbmdnb25hcmEiLCJpc3N1ZWRBdCI6MTc0MzU4NzYzNjE5Mn0.bOwyj5S1AM7BPlnTDMqlxkH_BQhM5C5m9s18WYIrO4c
493,20250402,커뮤니티,(조언부탁)아파트 단지내 자전거와 오토바이 충돌사고,https://cafe.naver.com/uccch10/274244?art=aW50ZXJuYWwtY2FmZS13ZWItc2VjdGlvbi1zZWFyY2gtbGlzdA.eyJ0eXAiOiJKV1QiLCJhbGciOiJIUzI1NiJ9.eyJjYWZlVHlwZSI6IkNBRkVfVVJMIiwiYXJ0aWNsZUlkIjoyNzQyNDQsImNhZmVVcmwiOiJ1Y2NjaDEwIiwiaXNzdWVkQXQiOjE3NDM1ODc1OTY0MDF9.3DHn5jCD1qPSMQSKqLSOTSw70_i77yD_8qd6k63i_j0
494,20250402,커뮤니티,🌼건강생활지원센터 구강검진&건강교육🌸,https://cafe.daum.net/vudghkdnjsrhkd/mIAV/1584
495,20250402,커뮤니티,에휴,https://cafe.naver.com/chogca/1758022?art=aW50ZXJuYWwtY2FmZS13ZWItc2VjdGlvbi1zZWFyY2gtbGlzdA.eyJ0eXAiOiJKV1QiLCJhbGciOiJIUzI1NiJ9.eyJjYWZlVHlwZSI6IkNBRkVfVVJMIiwiYXJ0aWNsZUlkIjoxNzU4MDIyLCJjYWZlVXJsIjoiY2hvZ2NhIiwiaXNzdWVkQXQiOjE3NDM1ODc0OTcwMDh9.ONGaeqBfPPuRcrTILgDjxdpUwzOSKaA19HBOa1LKvzA
496,20250402,커뮤니티,난소암 3기말 진단후. . . .,https://cafe.naver.com/livehope/654337?art=aW50ZXJuYWwtY2FmZS13ZWItc2VjdGlvbi1zZWFyY2gtbGlzdA.eyJ0eXAiOiJKV1QiLCJhbGciOiJIUzI1NiJ9.eyJjYWZlVHlwZSI6IkNBRkVfVVJMIiwiYXJ0aWNsZUlkIjo2NTQzMzcsImNhZmVVcmwiOiJsaXZlaG9wZSIsImlzc3VlZEF0IjoxNzQzNTg3NTk2NDA2fQ.xhlU77LF880K8AE0LWbHUs9LISGrcGeauWxGbaN_3-M
497,20250402,커뮤니티,야구에 이어 4월 4일 8:0 스코어를 예고한 스포츠 소식,https://www.ddanzi.com/index.php?mid=free&document_srl=839194821
498,20250402,커뮤니티,바엔드 자전거벨 써본 사람있어?,https://gall.dcinside.com/mgallery/board/view/?id=cycle&no=897809
499,20250402,커뮤니티,집에서 살빠지는 운동기구,https://cafe.naver.com/ArticleRead.nhn?clubid=10298136&userDisplay=50&boardtype=L&articleid=33485047&referrerAllArticles=false
500,20250402,커뮤니티,로린이 자전거 고르기 찐막 투표 해줭,https://gall.dcinside.com/mgallery/board/view/?id=cycle&no=897806
501,20250402,인스타그램,우쿠렐레 한 달차 자전거 탄 풍경 - 너에게 난 나에게 넌 #우쿨렐레 #악기,https://www.instagram.com/p/DH8rq4TS6nK/
502,20250402,인스타그램,지브리가 이번엔 잘했네^^😍 with. #첫째아들램 #태오  #유튜브채널 #오뚜기네자전거   🔹️Ambassador🔹️   #재규어처럼_빠르게🐆 #랜드로버처럼_힘차게💨   @landrover_hanyoung #랜드로버 #재규어 #부산한영모터스  #랜드로버공식리테일러 #한영모터스   @hym_racing #한영모터스레이싱팀 #HYM레이싱팀   @astisports @timecycling_kr #TIMECYCLING #TIMEBICYCLES  #아스티스포츠 #타임알프듀에즈   @pertual_wheels #퍼츄얼휠   @pissei #피세이 @pissei_kr #피세이코리아 @albaoptics_kr  #알바옵틱스코리아   @whizbike_official  #위즈바이크카페 #멀티브랜드자전거매장   @janchanara_official #잔차나라   #iGPSPORT #iGS800 #자전거속도계 #sbisport @sbi_sports @igpsport_korea,https://www.instagram.com/p/DH8nlKKziuZ/
503,20250402,인스타그램,누군가를 가르친다는게 결코 쉽지만은 않지만 성장 하는걸 보면 그것만큼 뿌듯한게 없다 너희의 처음이 내가 된걸 후회하지 않도록 노력할께 아직은 처음이라 많이 어색하고 어설프지만 앞으로 화이팅하자🚴‍♀️🚴‍♂️  #대전  #세종  #사이클  #사이클아카데미  #자전거  #유소년,https://www.instagram.com/p/DH8mdxbSyaG/
504,20250402,인스타그램,Wood Bike • Carrera Pista   •  •  #ratbike #track #bicycle #einganggang #keirin #njs #columbus #pedalroom #fixedgear #픽시 #픽시자전거 #픽시드기 어 #스키딩 #자전거 #bikeporn #cycling #pistabike #sugino75 #sramomnium #idiotbikes #savethetrackbike #steelisreal #fixie #trackbike #fixiebike #fixedpoets #carrera #carrerabikes #carrerapista,https://www.instagram.com/p/DH8mJGAOlWH/
505,20250402,인스타그램,"#미미케이크  봄날의 자전거 피크닉을 떠나는 기분! 그 설렘을 담아 화사한 핑크와 연두의 생기넘치는 컬러들로 꽉 채워주었어요.  주인공 취향에 귀 기울이시고 신경써서 찾아주시는 부모님 마음 저도 잘 알기에, 늘 정갈하게 정성들여 만들어 드려요🫶  🚘떡케이크는 당일제작, 당일섭취해야하며 운반이 조심스러워서 택배는 불가해요😭 공방 픽업 또는 자동차퀵(카카오퀵 등)을 예약해 주세요.  🏷케이크정보 • 미미 케이크 • 2호사이즈(지름18cm) 높이추가 • 레터링, 숫자초, 풍선아트 추가  🎂모든 케이크는 백설기+앙금 조합이예요 🧸피규어는 최소 예약일 이틀 전까지 보내주세요 🕰100% 당일제작으로 픽업 6시간 내 드시면 좋아요 🗓오전 8:30부터 픽업 가능하며 주문이 많은 날 오전예약은 일찍 마감될 수 있으니 최소 2-4주 전 예약해주세요 🎨디자인 참고를 넘어 카피와 도용을 자제해주세요 🚪서울 동대문구 답십리로 69길 140 1층에 위치해요 🔎문의는 프로필 상단 링크를 눌러 상담신청해 주세요 📸원하는 케이크사진을 캡쳐해 날짜와 함께 문의주세요",https://www.instagram.com/p/DH8mIdZzSem/
506,20250402,인스타그램,자전거 타다  꽈당 성장판까지 다쳤다는.. 금식 후 폭식 하고 산책..  #손목골절 #동천동강병원 #개피곤해,https://www.instagram.com/p/DH8lmHuSBXW/
507,20250402,인스타그램,25. 3. 30 🌸🌸  #일상 #육아 #남매 #봄 #봄날 #벚꽃 #산책 #자전거 #타기 #동네산책 #주말,https://www.instagram.com/p/DH8lHVAzTv3/
508,20250402,인스타그램,드뎌!! 내몸에붙은 살들과 이별을 해보겠다!!! 신나는음악에 ㅋ 첨 타보는 스피닝자전거!!잼있넹 ㅋㅋ근데 이운동 하는게맞나? ㅋ  허벅지 누가 꽉!!찍고 도망간듯한데 ㅋㅋ . #해보자 #스피닝 #🤪🤪🤪,https://www.instagram.com/p/DH8lDgwzT0p/
509,20250402,인스타그램,4일간 자전거여행을 같이 하고 나면 일상으로 되돌아 오기가 힘들다.  섬사람의 숙명이랄까~,https://www.instagram.com/p/DH8kVQ0SXS1/
510,20250402,인스타그램,"작년 6월에 업무관련 미팅을 하다 사무실에서 난동을 핀 사람들 덕분에 피해자로 신고한 형사사건이 있었는데 재물손괴 혐의는 무혐의 처리되었고 업무방해죄는 처벌이 지난주에 나왔다. 검사 재배정만 세번 받길래 기대도 안하고 있었는데 그나마 가볍더라도 처벌이 된게 신기하긴 함.   증거라고 해봤자 사건 시각에 가해자들의 다리만 짤려서 찍힌 CCTV영상뿐이었는데, 증거 제출에 그래도 최대한 신속하게  협조했고 조사관의 이런 저런 질의 전화에 성실히 응했으며, 나말고 고객이었던 다른 피해자분의 신고내용도 중첩되어 검찰 송치가 된 것도 영향이 있었지 않았나 싶다. 물론 가해자는 전과가 있는 사람이었고 조사에도 불성실하게 응했을 테니 조사관이 유리하거나 도움되는 의견으로 검찰에 보내진 않았을수도 있겠고.   경찰조사를 살면서 몇번 .. 아니 여러번 경험해 본 바로는 내가 피해자라는 이유로 절대 경찰도 믿어선 안된다는 것이다. 경찰은 분명히 경찰의 입장이 있다. 나는 당연히 피해자의 편향이 있고 경찰은 피카츄 배를 만지거나 대충 화해시키고 끝내려는 좋은게 좋다는 중립기어 편향이 작동한다.   그리고 조사전엔 스스로 타임라인별로 서사를 적어보고 어느 지점에서 가해자의 가해행위가 정확히 일어났는지 짚어본 뒤 조사에 임하는 건 너무 당연한 것이다. 쫄면 절대 안된다. (쫄면은 수원 보영만두가 짱이다.)  이상 도로위 자전거 위협운전 사건의 피해자로 1년에 경찰서를 4번 가본 이의 짧은 경험담이었다.",https://www.instagram.com/p/DH8kmNqyWJv/
511,20250402,인스타그램,"🌸 지금, 부산 벚꽃 얼마나 폈을까? 🌸  대저생태공원에서 시작해 명지IC까지 약 12km 길게 펼쳐진 낙동강 30리 벚꽃길!  지금 거의 다 폈지만 쌀쌀한 날씨 때문에 아직 만개는 아니에요 ❄️  🚶‍♀️ 산책이나 자전거 타기에도 딱 좋아요! 📅 4/4~4/6 벚꽃축제도 열린다고 하니 이번 주말엔 더 화려한 벚꽃을 볼 수 있을지도!  ⭐️추천스팟 대저생태공원 명지IC부근  포근한 봄날, 벚꽃길 걸으며 좋은 시간 보내세요! 🌸💛  #벚꽃 #벚꽃명소 #벚꽃길 #부산벚꽃 #아이랑가볼만한곳 #아이랑갈만한곳 #부산아이랑가볼만한곳 #부산아이와가볼만한곳",https://www.instagram.com/p/DH8j_TayZON/
512,20250402,인스타그램,#우리우리💚 #우리두리🩷  김하루 다섯살 네번째 생일 축하해💚 드레스룸에 숨겨뒀던 베일에 싸인 생일선물! 오빠만 선물 줬다고 오열파티 벌인 김우리🙄 기어이 올라타봄...절레절레 거기 앉아서 뭘 어쩌게 ㅋㅋㅋ D+1462👶🏻 #48개월 #만4세  D+448👶🏻 #14개월  #김하루 #멋진하루 #김우리 #기쁜우리  #눈물의선물증정식 #네발자전거 #헬멧이왜케크냐....,https://www.instagram.com/p/DH8kDkly-7g/
513,20250402,인스타그램,"✨  25년도 2월 7박8일 일정 중 호짬에서의 3박4일  아버님 칠순을 맞아 떠났던 대가족 여행🧳  호치민에서 차타고 3시간 걸려 도착한 동네. 스페인 브랜드 호텔이어서 그랬는지, 스페인 중년분들만 가득했던 곳  눈 뜨면 조식당으로 밥먹으러 가고, 하루 종일 수영하고, 중간중간 라운지 가서 무제한 와인이랑 맥주, 핑거푸드 뿌시고 버기 타고 다녀도 되는데 걷는게 더 좋아서 산책하고, 리조트에서 빌려주는 자전거도 타고 다녔다.  밤마다 정원에서 키즈 영화상영을 해주는데 빈백에 앉아 팝콘 먹으며 영화보던 애기들이 넘 귀여웠다🍿  매 시간마다 프로그램도 빼곡히 차있어서 심심할 틈이 없었다.  아침 햇살이라기엔 음청 뜨거운 햇볕 쬐며 잔디밭 위에서 했던 요가는 사실 너무 힘들었어........🧘🏻‍♀️  차로 이동거리가 꽤 되어서 걱정했는데, 가족들 모두 좋아해줘서 다행이었다. 너-무 좋았던 멜리아 호짬.  🇻🇳",https://www.instagram.com/p/DH8hu23BLes/
514,20250402,인스타그램,천안와이짐 스피닝🚴🏻‍♀️ 25.04.02. 21시 델라쌤 수업 영상  #실내운동#실내자전거#사이클#스피닝#바이크#그룹운동#신나는운동#신나는음악#천안스피닝#두정동스피닝#spin#bike#spinning#재미있는영상#재미#일상#운동영상#다이어트#살빼기#오운완#먹자골목#운동맛집#그룹운동#30분운동,https://www.instagram.com/p/DH8hl0uhkSs/
515,20250402,인스타그램,천안와이짐 스피닝🚴🏻‍♀️ 25.04.02. 20시 포뇨쌤 수업 영상  #실내운동#실내자전거#사이클#스피닝#바이크#그룹운동#신나는운동#신나는음악#천안스피닝#두정동스피닝#spin#bike#spinning#재미있는영상#재미#일상#운동영상#다이어트#살빼기#오운완#먹자골목#운동맛집#그룹운동#30분운동,https://www.instagram.com/p/DH8hZKWBDJl/
516,20250402,인스타그램,#fukuoka #beppu #japan #여행1일차  자전거 없이 일본을 여행 온 지 5년 만인 듯합니다. '살짝 심심한 느낌이랄까… 그런데 왜 피곤한 거지??🤔' 오늘은 이동만 한 것 같아요.  내일은 좀 알차게 보내야겠어요.  #스기노이호텔 #스기노이소라칸 식사와 온천이 좋네요😊 #福岡 #別府 #温泉 #温湯 #いで湯 #スパ #suginoihotel,https://www.instagram.com/p/DH8gE7hyFXw/
517,20250402,인스타그램,오빠들아~~성질좀죽이고살자 😔😔 작은 헤프닝 속 즐거움 😅  #이멤버리멤버☝️✌  #잔차잘타고술잘마시는 #자덕그램🚴  #동네친구들❤️  #아파트주민모임  #자덕그램🚴  #일상 #동네오빠들  #내사람들❤️ #술5점대이상 #술로날이길수있는자환영😄 #자전거는3점대 #술은5점대😄 #자린이🚴🏻‍♀️  #자덕부부 #OVERPACE #삼겹살 #소맥한잔  #술도잘먹는 #폭삭먹었수다  #폭삭삭았수다🤦‍♀️,https://www.instagram.com/p/DH8fkT0v9AP/
518,20250402,인스타그램,GRC X 짱구는 못말려  2025 시즌은 짱구와 함께 즐거운 라이딩을!!!🚴‍♂️🚴‍♂️🚴‍♂️  프로필에서 스토어 바로가기 누르시면 편하게 구매 가능하십니다.  남녀 공용 사이즈로 여성 라이더분들께서는 한사이즈 낮추어 구매하시면 됩니다. 예) 기존 여성 S 착용 -> 공용 사이즈 XS 구매  ※ 해외 직배송 서비스로 GRC KOREA에서 한국 배송부터   A/S까지 모두 책임져 드립니다.  #grc #grckorea #cyclingwear #cycling #자전거 #라이딩 #grcgallery #gentlemanracingclub #greatriderclub #grccycling #ridewithgrc #짱구 #grcgallery #흰둥이 #액션가면 #초코비 #짱구는못말려,https://www.instagram.com/p/DH8e_pASCtL/
519,20250402,인스타그램,요즘 운동을 틈나는 시간 마다 한다 자전거를 타고 또 헬스가 땡기면 헬스를하고 그러다 공치고싶으면 골린이 놀이를 한다  요즘들어 생각한다 시간이 참빠르구나  하루가 너무 짧다 시간이 부족하다  하루하루 매시간이 그냥 보내면 안되겠다는걸  자전거를 타며 바람을 느끼고 차에서는 볼수없던  풍경을 보며 힘을 들여 페달을 밟아 오르막을 오르고 다시내리막이 있고 또 오르막이 있고 허벅지 터질거 같을때 자전거를 끌며 걷고 다시 편한 내리막이있고   진부한거 같지만 인생이 자전거 같다 ㅋㅋ 혼자 생각하며 요즘 이런 자연과 함께하는 자전거란 취미를 알려준  나의 멘토가 너무 고맙다  내가 인생에서 고민할때 나를 믿고 지지해주는 멘토 한둘만있어도 사람은 다시 감사하며 올라갈수있는거같다   이런일상 정말 그냥주어지는것이 아니다 노력해야 운동도 할수있고 자전거도 탈수있는거 같다 내일도 모레도 할일이 태산이다 바쁘게 움직이고 달려보자 더 열심히 살겠노라고!!  화이팅!!  #자전거 #봄바람 #취미 #삶 #인생 #감사  #노력,https://www.instagram.com/p/DH8e9PrzoEZ/
520,20250402,인스타그램,"자가 정비 중 파손된 부품과 중고로 구매한 #ORZ 경량 휠셋의 세팅이 이상하여 내방해 주셨습니다. 1) ORZ 리어휠 관련 1-1) 기존의 허브콘 조합으로는 브롬톤에 장착이 힘들어 동봉된 허브콘을 재조합하여 장착시도 하셨지만 실패 1-2) 114mm보다 넓은 허브 폭으로 세팅되어 리어휠이 드롭아웃 끝까지 안 들어가는 것을 확인 1-3) 4종류의 허브콘의 높이를 측정 후 조합하여 114mm에 근접하면서 드라이브사이드에 체인이 간섭 없는 값을 돌출 1-4) 허브바디에 구리스가 전혀 없는 것을 확인하여 구리스 도포 1-5) 허브콘 조합으로 찾은 디싱값이 논드라이브 사이드로 10mm 이상 치우쳐 있는 것을 확인하여 최대한 #트루잉  2) 리어힌지 관련 2-1) 자가로 리어힌지 볼트제거를 시도하다 파손됨 2-2) 특수 공구로 망가진 볼트를 제거 후 #브롬바커 티타늄 리어 스핀들세트로 교체(추후 자가 교체를 대비하여 록타이트는 소량도포 요청)  3) #MKS 실반투어링 넥스트이지 #탈착식페달 의 스틸 스핀들을 브롬바커 #티타늄스핀들 세트(원사이드)로 변경(381.8g-263.8g=118g 감량)  자가 정비를 진행하다 보면 공구의 퀄리티나 사용법이 잘못되어 부품이 파손될 수 있습니다. 이번 경우는 다행히 크게 파손되지 않아 어렵지 않게 조치되었습니다. DRZ 중고 휠셋경우 판매자가 논드라이브 사이드로 치우치게 디싱 했으며 콘을 조합하여 특이 세팅을 했다고 고지하고 판매글을 올린 것을 보고 구매하셨다고 합니다. 사기(;;)당하신 게 아니라서 다행이네요. 파손, 특이세팅, 경량 모두 진행되었으니 즐겁고 안전한 라이딩되세요~  더 다양한 작업사진과 부품들 무게사진을 보고 싶으시면 블로그에 방문해 주세요. 아이폰은 프로필 링크 에러가 있습니다 :(  디스크톤, 20인치 튜블리스톤등 독특한 콘셉트의 브롬톤도 제작, 수리하고 싶으시다면 방문해보세요~! 다양한 디스크, 티탄톤을 만나실수 있습니다. #티탄톤수리 #디스크톤 #케이브221 #cave221 #가방클 #브롬톤 #brompton #브롬톤개조 #20인치브롬톤#자전거#브롬핏",https://www.instagram.com/p/DH8e3LXzeU_/
521,20250402,인스타그램,구례 벚꽃길 자전거 출퇴근 2025.4.2.,https://www.instagram.com/p/DH8eCFrxn42/
522,20250402,인스타그램,#Workshop  #강따라  #강따라 workshop 가는길 #풋풋한 후배들이랑 즐거운시간 #자전거타고 소노펠리체 ... '준석아 내년에는 건강한 모습으로 함께가자~~~,https://www.instagram.com/p/DH8dqTtyA1Q/
523,20250402,인스타그램,#전천강  일 마치고 귀가하기 전 - 나른한 저녁햇살이 맘에들어 한참을 봄.  두타산과 청옥산의 골짜기엔 지난번에 내린 눈이 여즉 녹지않고 멀리서도 잘 보인다. 지금은 윤슬에 가려져서 안보이지만 ㅎ  #강원도 #동해시 #북평동 #전천교 #동해역KTX #동해선itx마음 #추암역 #봄바다 #동해바다여행 #산책로 #수변공원 #자전거길,https://www.instagram.com/p/DH8cn2EhBuS/
524,20250402,인스타그램,처음은 언제나 설레고 기특해 😊 혼자서 해내는 모습 지켜만봐줘도 되는걸... 이제 깨닳고 있는 엄마다. . 포기할줄만 알았는데 해냈어😙 . #너의첫자전거#두발자전거#너의처음을응원해#행복해,https://www.instagram.com/p/DH8dWG9hQqe/
525,20250402,인스타그램,"#도서제공   📖나는 빛나는 3학년이야✨️ 글  ㅣ곽유진 최은옥 김다노 우미옥 그림ㅣ서 영 출판ㅣ위즈덤 하우스  첫째가 3학년이 되었습니다.  1.2학년 때와는 또 다른 4.5학년 때와는 또 다른 빛나는 3학년이 되었습니다.✨️  3학년이 되어서 부쩍 몸도 마음도 마음이 커진 것 같아요.  3학년에 올라가니 확실히 2학년때랑은 다르다고. 아들이 이야기하더라고요. 공부도 다르고, 학교 규칙도 그렇고. 마음가짐도 좀 무거워보이는 것이 느껴져요.  다행히 다양하게 느껴지는 감정들을 당황하지않고, 제법 의젓한 아들의 모습, 형님의 모습도 보이고, 잘 받아들이고 있는 것 같아서 고맙고 대견스러웠어요.  학교 갈때마다 책 📚 한권을 들고 가는데, 3학년 아들이 《나는 빛나는 3학년이야》제목부터 반가워하더니 굉장히 궁금해했어요.  ✔️딱 좋은 나이 -곽유진 ✔️자전거 삼총사의 비밀 작전 -최은옥 ✔️라도와 해가 -김다노 ✔️숲에서 다람쥐가 -우미옥  ""엄마, 옛날엔 급식실에 가면 다 아는 친구들이어서 인사를 했었는데, 이 곳은 인사를 할 친구들이 없어.""  새로운 곳에 전학을 온 아들이《라도와 해가》를 읽고, 공감을 많이 했다고 해요. 낯선 곳에서 아는 사람 없다가, 친한친구들을 만나게 된 경험을 아들도 했거든요.  학교생활, 친구관계, 공부 등 공감하는 순간들이 많아서인지 아들이 두 번 세 번 재밌게 읽었어요.  아직 3학년인데, 벌써 3학년이나 되어 아직은 동생처럼 어린 것 같은데, 벌써 커다란 형이 되버린 것 같고, 엄마도 혼란스러운데 아이도 많이 혼란스럽겠죠?  이 책은 아들에게 힘을 실어주는 책인 것 같아요. 오늘도 아들이 씩씩하게 하루를 잘보내고, 잘 자라주고 있는 아들에게 잘했다고 말해주고 싶네요. 넌 존재 자체로 빛나는 3학년이야!  빛나는 3학년 친구들에게✨️ 3학년을 기다리고 있는 친구들에게 자신감을 주는 따뜻한 동화책❤️👏👏 모두가 꼭 읽어보았음 좋겠습니다.  🏷@wisdomhouse_kids  #성장동화책 #초등학생책추천 #초등학생3학년  #초등3학년 #초등학생추천도서 #초등추천도서  #초등추천동화 #위즈덤하우스 #도서리뷰 #지니요정도서리뷰",https://www.instagram.com/p/DH8dVJ7ztwX/
526,20250402,인스타그램,"S바 #블랙 #P라인 브롬톤에 피팅을 위해 티타늄 #로우라이저바 교체 진행했습니다. 1) S바는 낮다고 느끼셔서 20mm 정도 높은 #HNH 티타늄 로우라이저바로 교체  2) #브룩스 B17가죽안장도 불편하다고 느끼셔서 브롬톤 P라인 안장으로 교체  3) 제동시 리어브레이크에서 소음이 난다고 하셔서 림과 브레이크 슈 클리닝 후 토인세팅  브롬톤은 피팅할 수 있는 부분이 거의 없습니다. 그래서 대부분 몸을 자전거에 맞춰서 타게 되는데 핸들바 높이와 안장 조정으로 허리 부하, 손목 통증은 완화 가능합니다. 라이딩하는데 불편하시다면 안장과 핸들바 높이를 변경해 보시길 추천드립니다 :)  더 다양한 작업사진과 부품들 무게사진을 보고 싶으시면 블로그에 방문해 주세요. 아이폰은 프로필 링크 에러가 있습니다 :(  디스크톤, 20인치 튜블리스톤등 독특한 콘셉트의 브롬톤도 제작, 수리하고 싶으시다면 방문해보세요~! 다양한 디스크, 티탄톤을 만나실수 있습니다. #티탄톤수리 #디스크톤 #케이브221 #cave221 #가방클 #브롬톤 #brompton #브롬톤개조 #20인치브롬톤#자전거#브롬핏",https://www.instagram.com/p/DH8c6xQTnr_/
527,20250402,인스타그램,"🩵자이언트 라이트, 슈즈 35~40%할인🩵~4.30.   시즌을 맞아 라이딩 필수용품 자전거 라이트&슈즈 특별할인합니다!  재고 문의는 055.920.0721 카카오채널 <바이크팩토리 진주> 메세지보내기 및 구매하러가기  👉🏻@bikefactoryjinju 프로필상단링크 클릭!",https://www.instagram.com/p/DH8a4lDBIIr/
528,20250402,인스타그램,남편 출장간지 12일차   제가 처음 남편이 2달 출장갔을 때 든 생각이  ‘ 뭐 이까짓 쯤이야!’ 라고 호언장담을 했는데요.   생각보다 많~~~이 힘들었어요..😂  그래서  엄마의 불안정한 모습에 아이들도 많이 불안해했고  어린이집 선생님과 원장님과 상담을 하기도 했었어요.   그러면서 심리 상담을 받게 되었는데   알고보니 제가 너무 모든 것을  <완벽>하게 해내려고 제 속을 감추고 있었더라구요?!   뭐든 다 잘해내는 줄 알았던 저였는데  실수 없이 잘 하려고 애를 쓰고 있었던거 있죠ㅎㅎ   그러면서 마음을 조금 내려놓기로 한 다음  6주 출장을 떠난 남편을 보낸 제 마음은   ‘오히려 편하네’ 가 됬어요 ?! ㅋㅋㅋㅋㅋㅋㅋ  저녁도 안차려도되구요~  빨래도 자주 안해도 되구요~  애들이랑 삘받으면 저녁먹고 들어오면 되구요~   하원하고 삘 받은 김에  김밥 사서 공원가서 자전거도 타고 김밥도 먹고  문구점 가서 쇼핑도 하고 들어왔어요 ㅎㅎ  조금은 내려놓으면 편해지는 것들. 결혼 8년차에 깨닫게 되었는데  심리 상담이 저를 찾는데 도움이 많이 되었어요 !   이 부분에 대해서도 조만간 공유해드릴게요 소원이들위해❤️  여러분들은 어떠세요?  남편의 장기 출장.. 찬성인가요 반대이신가요 ?  댓글에 투표 해줘용🥺,https://www.instagram.com/p/DH8aPAHTyVV/
529,20250402,인스타그램,"브롬톤은 폴딩 때문에 일반 자전거와 다른 허브 폭을 가지고 있습니다. 따라서 스마트 로라 등 프런트, 리어 #드롭아웃 에 장착되는 제품에는 사용하기 힘듭니다. 이번 경우 매장에서 실내 테스트용으로 #로라 를 구입했는데 브롬톤에 맞지 않아 가공 요청을 하셨습니다.   1) 프런트 드롭아웃 고정부 폭측정 후 브롬톤 프런트휠 폭인 74mm와 차이값을 계산   2) QR 어댑터와 스루엑슬 어댑터를 절단하여 74mm로 세팅   3) QR 외경이 9mm로 브롬톤 드롭아웃 8mm와 안 맞아 고정 부분만 7.9mm로 절단   4) 전체 길이가 줄었지만 QR 나사산은 그대로이므로 스페이서를 제작하여 갭제거   유선으로 개조의견 주고받을 때만 해도 QR어댑터와 스루액슬 어댑터만 가공하면 끝날 줄 알았습니다. 하지만 역시나 브롬톤 튜닝은 쉽지 않군요. QR레버의 재질이 가공성이 너무 나빠서 전체 가공시간의 절반이상을 이 부품 가공에 소진되었습니다. 그래도 잘 개조되어 다행이네요. :)  ​",https://www.instagram.com/p/DH8Zh-rTTvG/
530,20250402,인스타그램,"날 따듯해지면 당장 자전거타러 가야할 후쿠오카 숨은 힐링 스팟 🥰  입장료가 있지만 관리가 정말 잘되어 있고 안에 동물원도 있어서 아이들이랑 가기도 좋아요! (동물원엔 강아지는 입장 불가)  자전거 대여는 유료이고 강아지랑 이용하려면 꼭 이동가방 있어야 하니 참고🫶🏻 벚꽃 시즌에 가면 더 좋겠죠...🌸  배타고 들어가세용!! 📍 우미노 나카미치 해변공원 18-25 Saitozaki, Higashi Ward, Fukuoka  #후쿠오카 #강아지랑일본여행 #🇯🇵",https://www.instagram.com/p/DH8XXWnBlj-/
531,20250402,인스타그램,BHD to me🎉  저는 재밌게 운동하고 놀고있답니다  아 저전거 왜이렇게 재밌지  @gorewear_korea_distributor  @kabuto.korea   . . . . . #hbdtome#fixedgear#저덕#자전거#cycling,https://www.instagram.com/p/DH8X_rBh2N8/
532,20250402,인스타그램,지난 주말 둘이 운동 나와 데이트~ 맛난거 먹고 게임도 하고  자전거 타고~~🚲 신나게 놀았어요~^^ 지유와의 시간이 소중한 순간~ #당진#해어름#딸과의시간❤️ #소중한시간#함께함에감사#자전거타기#해안길자전거,https://www.instagram.com/p/DH8WoHjSBob/
533,20250402,인스타그램,#이환이식단 🍙 매일 학원 끝나면 자전거 타고 온다고 저녁 늦게 드시는 아기콩 .. 너 자꾸 그러면 저녁 안준다 😂😂😂 . . . . @150.310 #오늘의메뉴 #현미밥 #오이무침 #계란장조림 #시금치무침 #햄김치찌개 #유아반찬 #유아식판식 #아기반찬 #양띠아들 #유아식단 #오늘의메뉴 #홈쿡 #엄마표요리 #저녁메뉴 #어린이식판 #foodstargram #키즈식단 #집밥 #어린이식단 #유아식단공유 #식단 #아들스타그램 #키즈식단 #집밥 #키즈푸드 #소통 #기록 #초딩밥상 #초딩맘,https://www.instagram.com/p/DH8TPlAT0iP/
534,20250402,인스타그램,"🏋️‍♀️천안 와이짐🚴🏻‍♀️  🌟 스피닝 등록 시 헬스 무료 이용 🌟 4명의 강사진으로 골라타는 스피닝 🌟 인스타, 유튜브, 블로그 이웃 구독 시    무료 체험 1회 가능  #두정동스피닝#천안스피닝#천안다이어트#두정동PT#천안와이짐#천안스피닝헬스장#천안헬스장#두정동헬스장#두정동헬스장추천#천안재활PT#천안재활PT추천#두정동재활PT추천#순환운동#30분운동#천안순환운동#그룹운동#다이어트#자전거#신나는운동#유산소운동#전신운동#재미있는운동#신나는운동#천안가성비PT#두정동먹자골목#bike#spin#spinning#diet",https://www.instagram.com/p/DH8RnHqBDbv/
535,20250402,인스타그램,. 오늘은 오랫만에 자전거 세차&정비 휠세척하고 구석구석 닦고 오일링까지 완료 내일은 어디로 라이딩갈까~😁,https://www.instagram.com/p/DH8RG09SR3S/
536,20250402,인스타그램,"짜잔~ ✨️ 드디어 <침몰가족> 저자께서 한국에 오십니다. 다큐멘터리  상영회가 열리거든요. 그전에 북토크를 준비했습니다. 진행은 한디디 작가, 통역은 박소영 번역가께서 하세요. 4월 24일(목) 오후 7시 책방곱셈, 신청링크는 댓글에 올릴게요. 공동육아에 관심있는 분들 모두모두 모여요~  가노 쓰치 (저자)  1994년 출생. 무사시대학 사회학부 미디어사회학과 졸업. 졸업 과제로 2015년부터 촬영한 다큐멘터리 영화 「침몰가족」이 PFF(PIA Film Festival)에서 심사위원 특별상을 수상하는 등 여러 영화제에서 호평받았다. 2019년에 졸업 과제 버전을 재편집한 극장판 「침몰가족」이 전국 상영관에서 개봉됐다. 현재 TV프로그램 제작 회사에서 다큐멘터리와 정보 프로그램을 제작 중이다. 배 여행과 자전거 여행을 좋아한다.   진행 ㅡ 한디디 (활동가)  자신이 문학소녀인 줄로 착각하고 국어국문학과에 진학. 시네마테크가 만들어지고 <키노>가 발간되던 시대적 분위기에 휩쓸려 영화공부를 하고 싶었으나 IMF 외환위기에 휩쓸려 임금노동자가 된다. 퇴근 후 이런저런 공부 모임과 사회운동에 참여했으며 ‘디디’라는 활동명을 사용한 건 아마 이즈음부터. 12년간의 임노동자 생활을 과감히 때려치우고 늦깎이 유학 후 불안정 노동자, 동아시아 도시 운동의 현장연구자, 소소한 커머너로 살아가고 있다. 작년에 <커먼즈란 무엇인가>를 집필, 최근엔 동료인 고병권샘과 함께 최애 인류학자 데이비드 그레이버의 <해적 계몽주의>를 번역했다 (개봉박두!)  통역 ㅡ 박소영 (번역가)  대학 졸업 후 사회 여러 현장을 취재하다가 두 언어를 잇는 매력에 이끌려 프리랜서 번역가로 활동 중이다. 옮긴 책으로는 『조선인학교의 일본인 교사』, 『마음의 상처를 치유하는 일』『영 케어러』, 『아빠는 즐거운 조울증』, 『1년 후 내가 이 세상에 없다면』 등이 있다.  - 🎈날짜와 시간 2025년 4월 24일(목) PM 7시  🎈장소 책방곱셈_서울시 마포구 성미산로29길 33 1층  🎈참가비 5천원 *계좌이체 카카오뱅크 3333-27-7554146 책방곱셈  *북토크 현장에서 도서 구매 가능합니다. *사전질문을 받습니다. 풍성한 북토크를 위해 저자에게 궁금한 질문을 적어주시면 감사하겠습니다.",https://www.instagram.com/p/DH8QdZ3zkDW/
537,20250402,인스타그램,천안와이짐 스피닝🚴🏻‍♂️ 25.04.02. 19시 카이쌤 수업 영상  #실내운동#실내자전거#사이클#스피닝#바이크#그룹운동#신나는운동#신나는음악#천안스피닝#두정동스피닝#spin#bike#spinning#재미있는영상#재미#일상#운동영상#다이어트#살빼기#오운완#먹자골목#운동맛집#그룹운동#30분운동,https://www.instagram.com/p/DH8QKeuBAYr/
538,20250402,인스타그램,"🚲 2024년식 브롬톤 할인 소식! 공식 프로모션은 종료됐지만, 할인은 아직 끝나지 않았습니다! 🔥  브롬톤을 노리고 있었던 분들, 지금이 기회예요. 인기 컬러 & 모델도 벨로하우스 매장에서 할인가에 구매 가능! 공식 프로모션은 끝났지만, 계속해서 특별한 혜택을 제공 중입니다.  🚴‍♂️ 2024년 시즌 마지막 찬스, 늦기 전에 확인해보세요! 벨로하우스 매장에는 다양한 자전거와 용품이 준비되어 있어 고객님께서 원하시는 맞춤 세팅이 가능합니다.  벨로하우스를 찾아주셔서 감사합니다.  #브롬톤 #브롬톤할인 #브롬톤세일 #브롬톤2024 #브롬톤커스텀 #브롬톤입문 #브롬톤라이프 #브롬톤타는사람들 #브롬톤자전거 #벨로하우스 #브롬톤특가 #브롬톤이벤트 #브롬톤매장 #브롬톤사은품 #미니벨로 #미니벨로입문 #접이식자전거 #자전거세일 #자전거할인 #브롬톤구매, #자전거, #미니벨로",https://www.instagram.com/p/DH8QMxYSnGW/
539,20250402,인스타그램,"#천안와이짐 #땀샘 폭발 #그룹PT#30분운동 전신 #근력 및 근지구력 운동, 심폐지구력 운동 준비 운동부터 정리 운동까지 28분이면 끝❗️  #실내운동#실내자전거#사이클#스피닝#바이크#그룹운동#신나는운동#신나는음악#천안스피닝#두정동스피닝#spin#bike#spinning#재미있는영상#재미#일상#운동영상#다이어트#살빼기#오운완#먹자골목#운동맛집#그룹운동#30분운동",https://www.instagram.com/p/DH8PqT6BLgx/
540,20250402,인스타그램,다이어트 58일차 식단은 계속된다 . #자전거 #자전거스타그램 #라이딩 #라이딩그램 #자덕 #자덕스타그램 #운동 #운동스타그램 #취미 #취미스타그램 #일상 #일상스타그램 #직장인 #직장인스타그램 #부산자전거 #양산자전거 #김해자전거 #부산자린이 #부산자전거모임 #부산라이딩 #자전거타는거북이 #다이어트 #다이어터 . #riding #bicycle #cycle #cycling #roadbike,https://www.instagram.com/p/DH8Ph0HSTq2/
541,20250402,인스타그램,"#천안와이짐 #땀샘 폭발 #그룹PT#30분운동 전신 #근력 및 근지구력 운동, 심폐지구력 운동 준비 운동부터 정리 운동까지 28분이면 끝❗️  #실내운동#실내자전거#사이클#스피닝#바이크#그룹운동#신나는운동#신나는음악#천안스피닝#두정동스피닝#spin#bike#spinning#재미있는영상#재미#일상#운동영상#다이어트#살빼기#오운완#먹자골목#운동맛집#그룹운동#30분운동",https://www.instagram.com/p/DH8Ph5eBYHm/
542,20250402,인스타그램,천안와이짐 스피닝🚴🏻‍♀️ 25.04.02. 10시 이슬쌤 수업 영상  #실내운동#실내자전거#사이클#스피닝#바이크#그룹운동#신나는운동#신나는음악#천안스피닝#두정동스피닝#spin#bike#spinning#재미있는영상#재미#일상#운동영상#다이어트#살빼기#오운완#먹자골목#운동맛집#그룹운동#30분운동,https://www.instagram.com/p/DH8PJ-phuXP/
543,20250402,인스타그램,"- 풍선 한~가득 불어 열심히 맞추며 논 날🎵 양면 테이프에 낙엽도 주워 붙이며 가을 만끽한 날🥰🥰🥰 올 봄에는 쫑쫑이 인라인, 왕왕이 자전거 섭렵하자!!😎😎 . #봄에올려보는가을기록 #찌니챠니",https://www.instagram.com/p/DH8PIcqzGvG/
544,20250402,인스타그램,"#대마도여행 3일차(2025.04.02) #대마도자전거여행  #히타카츠 #대마도친구야 에서 #전동자전거 를 빌려서 (09:00~13:30)  #나루타키폭포 (그동안 비가 내리지 않아 수량이 적음) 작은 포구마을 #아지로 #아지로의연흔 (밀물이라 부분적으로만 볼 수 있어서 아쉬웠음)  #미우다해수욕장 (풍경맛집)에서 에메랄드 바다빛에 취한 뒤, #푸드트럭 에서 #간식 으로 #젤리 와 #병우유 로 입을 즐겁게  #쓰시마해전러시아병사상륙지 를 들러 예뿌 포구마을 #니시도마리 를 거쳐 #친구야 에서 자전거 반납 후 #사누키새우우동 으로 점심해결  #대마도, #대마도여행코스, #쓰시마여행, #일본여행, #일본섬여행, #일본여행코스, #대마도가볼만한곳, #대마도가볼만한곳추천, #일본가볼만한곳, #일본가볼만한곳추천, #대마도자전거, #대마도여행중",https://www.instagram.com/p/DH8OhXhSBb4/
545,20250402,인스타그램,"20241012~20241013  새제자전거길 & 낙동강자전거길(충주 to 구미)  -1일차: 충주-수안보-소조령-연풍-이화령-문경(숙소)  -2일차: 문경-상주 상풍교(낙동강 코스 시작)-구미  3번째 넘는 이화령 천천히 올라가니 그리 어렵지 않네 ㅎㅎㅎ  내려갈 때 노면이 안 좋아 속도감을 즐길 수 없는 게 아쉬울 뿐  문경에는 유명한 마늘갈비가 있는데  이 동네 가면 꼭 먹을 가치가 있다.  *80경성갈비: 갈비살, 안창살도 유명해 2인분씩 해치움   (가격은 서울의 2/3 정도인 듯)  낙동강 코스는 편의점이나 식당이 드물게 나오니  제 때 보급하는 것이 중요한데 낙단보 가면  고기집들이 나온다. 저번에 가고 또 오네 ㅋ  (이번에 불고기 먹었는데 다음에 가면 오리도 시도할 예정)  #새제자전거길 #낙동강자전거길  #충주 #도담팔봉 #수안보 #수안보온천 #소조령 #연풍  #이화령 #상풍교 #경천대 #상주보 #낙단보 #구미보 #구미  #문경 #경성갈비 #80경성갈비 #마늘갈비 #갈비살 #안창살",https://www.instagram.com/p/DH8NlI4S_RW/
546,20250402,인스타그램,"[매장 휴무 안내]  안녕하세요.  따뜻한 봄바람을 따라 제주도로 자전거 여행을 다녀오게 되어, 이번 주 금요일부터 일요일까지 총 3일간 매장을 쉬게 되었습니다.  잠시의 휴식 이후, 더 건강하고 활기찬 모습으로 다시 찾아뵙겠습니다.  불편을 드려 죄송하며, 너른 양해 부탁드립니다.  문의 사항이 있으실 경우 아래 번호로 연락 주시기 바랍니다.  010-6868-4950  감사합니다.",https://www.instagram.com/p/DH8MOLXhAqa/
547,20250402,인스타그램,나는 마침내 자전거를 타고 페달을 밟았습니다1🕺😍🥰👻 나는 진짜 자전거 타는 사람이다🤭😊 #korea #road #day #happy #smile #v,https://www.instagram.com/p/DH8LW0vvaJR/
548,20250402,인스타그램,쿡커스텀   현재 쿡커스텀 공장과 기존의 암사동 매장을 한곳으로 합병하는 관계로  이사 공사중 입니다 4월10일부터 업무 개시 예정 입니다  이전 장소는  경기도 하남시 검단산로137번길 29-24 입니다  쿡커스텀 Since1995년  올해로30년  #쿡커스텀  #나만의디자인 #나만의자전거 #세상에하나뿐인자전거 #KOOKCUSTOM #road  #로드바이크  #커스텀페인팅 #카본프레임,https://www.instagram.com/p/DH8LIavyJMs/
549,20250402,인스타그램,"어제 쉬는 날이라 여주 산수유와 부천 진달래를 보러갈까 서울 꽃들을 보러 갈까 여러날 행복한 고민을 하다 서울꽃을 선택했다. 일단 서대문구 안산에서 벚꽃을 보고 인왕산과 응봉산 개나리를 보기로 하였다. 이번주말 안산 벚꽃축제라 조금 덜 핀 꽃들을 볼 생각에 가벼운 발걸음으로 안산을 올랐는데…에고고고…벚꽃이 하나도 안피었다. 이번 주말에도 덜 필듯이 옹다물고 있는 꽃봉오리들. 너무너무 아쉬워서 여주를 갈껄 그랬나, 지금이라도 여주를 가야하나 하며 무거운 발걸음을 옮겻다. 안산순환길은 총 7km로 두 시간이면 되는데 인왕산을 가려면 6.3km만 걷고 무악재하늘다리를 건너야해서 완주는 하지 못했다. 그래도 그 길은 참 좋았다. 인왕산 가는 길부터 개나리가 보이더니 산수유가 모여 있는 곳도 있어서 기분이 좋아졌다. 거제도서 예쁘고 건강한 개나리를 보고 온 터라 거제에서 개나리를 만났을 때보다는 설렘과 기쁨이 덜했지만 삭막한? 안산에서 걸어 온거라 인왕산 개나리도 반갑고 좋았다. 이 코스로 인왕산을 걸은건 첨이었는데 코스가 아기자기하고 쉽고 짧아서 등산 초보 친구들을 델고와도 좋겠다. 인왕산 기차바위를 듣어보기만 하고 가본적은 없어서 그쪽으로 해서 부암동으로 내려가자고 하였다. 기차바위를 막 지나니 아저씨들이 한창 작업중이셨다. 산이 탄 곳들을 정비하고 계셨다. 작년 이맘때 인왕산 불난 곳이 이곳이었나보다. 불에 탄 산을 보니 마음이 너무 아팠다. 지금도 남쪽 산들은 불에 괴로울텐데… ㅠㅠ 사람이 더 조심해야하는데…;; 부암동에서 윤동주동산을 거쳐 인왕산 숲속길로 해서 경복궁 역에 왔다. 경복궁 오는 길에 서촌을 통과하는데 상점이 많아 구경하다 뱀이 복을 삼키는 삽화가 예뻐 사진도 찍고, 너무 맘에드는 모자도 발견하여 내것과 짝것을 짝이 사 주었다. 기분좋다^^ 너무 맘에 드는 모자다~^^ 빨리 그 모자쓰고 산가고 싶다~ㅎㅎㅎ 산에서 커피랑 빵이랑 간식도 먹었는데 경복궁에 도착하니 출출하였다. 간단히 요기하고 지하철을 타고 옥수역으로 갔다. 응봉산은 응봉역에 있는데 옥수역에서 응봉역까지 가는게 경의중앙선이라 시간이 좀 걸려서 그냥 걸어가기로 했다. 작년 응봉산은 개나리는 절정이 지나고 벚꽃은 한참이라 참 예뻤는데 올해는 개나리만 절정이다. 벚꽃은 꽃망울을 야무지게 앙 다물었다. 다음주엔 피려나??? 하여튼 오늘은 개나리만 실컷 봤다. 응봉역에는 자전거타면 자주 들리는 도가니탕집이 있어 거기서 밥을 맛있게 먹었다. 오늘은 16km걸었다. 봄엔 마음이 급해진다. 꽃들이 순식간에 피고 져버리니 그 꽃들을 다보려고 욕심내서 그러나보다. 그래도 우짜냐. 눈 가득 꽃을 담고 싶으니…;;  #서울 #서대문구 #안산 #안산벚꽃길🌸 #인왕산 #개나리 #산수유 #응봉산 #봄 #꽃 #봄산행 #걷기좋아 #힐링타임",https://www.instagram.com/p/DH8Ky71hzA8/
550,20250402,인스타그램,"👍누비 프리미엄샵 미니스트라이크 출시!👍 베이비하우스 파주점😎 . ❤신상 누비 미니스트라이크 예약행사 ❤  ❣️가죽원단 적용! 프리미엄 프레임 적용! ❣️원톤색상적용! 고급형원단사용! ❣️고밀도 메모리폼 쿠션적용! ❣️원액션 조절가능한 안전벨트! ❣️유모차, 어시스트, 자전거단계 사용가능! ❣️마주보기, 차양높낮이 조절가능! ❣️부드러운 핸들링!  📍 누비미니스트라이크 추가사은품 벨, 컵홀더, 장바구니, 보조페달, 바스켓, 타보운전놀이장난감 구매후기 참여시 휴대폰거치대 증정 🎉 초특가 + 최다 사은품 증정 . 한정 기간 & 한정 수량🎉 계좌이체 & 카드결제 모두 가능! . . 📍출산바우처사용 가능 📍백화점상품권 사용 가능 📍계좌이체 및 택배가능 . 📍문의사항 전화 및 DM ☎ 031-942-2229  #베이비하우스 #베이비하우스파주 #타보유모차 #타보  #휴대용유모차 #오토폴딩유모차 #운정맘 #파주맘 #도치맘 #육아 #육아소통 #돌맘 #소통 #육아일상 #트라이크 #돌끝맘 #휴대용유모차 #신생아유모차 #킨텍스베이비페어 #베이비페어 #조동모임#누비자전거#타보자전거#자전거유모차#타보미니스트라이크#미니스트라이크#누비미니스트라이크#누비",https://www.instagram.com/p/DH8K4TXzg-d/
551,20250402,인스타그램,"👍누비 프리미엄샵 미니스트라이크 출시!👍 베이비하우스 파주점😎 . ❤신상 누비 미니스트라이크 예약행사 ❤  ❣️가죽원단 적용! 프리미엄 프레임 적용! ❣️원톤색상적용! 고급형원단사용! ❣️고밀도 메모리폼 쿠션적용! ❣️원액션 조절가능한 안전벨트! ❣️유모차, 어시스트, 자전거단계 사용가능! ❣️마주보기, 차양높낮이 조절가능! ❣️부드러운 핸들링!  📍 누비미니스트라이크 추가사은품 벨, 컵홀더, 장바구니, 보조페달, 바스켓, 타보운전놀이장난감 구매후기 참여시 휴대폰거치대 증정 🎉 초특가 + 최다 사은품 증정 . 한정 기간 & 한정 수량🎉 계좌이체 & 카드결제 모두 가능! . . 📍출산바우처사용 가능 📍백화점상품권 사용 가능 📍계좌이체 및 택배가능 . 📍문의사항 전화 및 DM ☎ 031-942-2229  #베이비하우스 #베이비하우스파주 #타보유모차 #타보  #휴대용유모차 #오토폴딩유모차 #운정맘 #파주맘 #도치맘 #육아 #육아소통 #돌맘 #소통 #육아일상 #트라이크 #돌끝맘 #휴대용유모차 #신생아유모차 #킨텍스베이비페어 #베이비페어 #조동모임#누비자전거#타보자전거#자전거유모차#타보미니스트라이크#미니스트라이크#누비미니스트라이크#누비",https://www.instagram.com/p/DH8KyRxzVYh/
552,20250402,인스타그램,자전거를 타고 떠나는 강원특별자치도 춘천 여행 🚴‍🌸  2025 강원 소셜크리에이터와 함께 춘천으로 떠나볼까요?😊  본편 보러가기 👉 https://www.youtube.com/watch?v=NfT6_773qXs&t=41s  #강원여행 #춘천라이딩 #강원특별자치도 #강원소셜크리에이터,https://www.instagram.com/p/DH8KkhOscP8/
553,20250402,인스타그램,"👍누비 프리미엄샵 미니스트라이크 출시!👍 베이비하우스 파주점😎 . ❤신상 누비 미니스트라이크 예약행사 ❤  ❣️가죽원단 적용! 프리미엄 프레임 적용! ❣️원톤색상적용! 고급형원단사용! ❣️고밀도 메모리폼 쿠션적용! ❣️원액션 조절가능한 안전벨트! ❣️유모차, 어시스트, 자전거단계 사용가능! ❣️마주보기, 차양높낮이 조절가능! ❣️부드러운 핸들링!  📍 누비미니스트라이크 추가사은품 벨, 컵홀더, 장바구니, 보조페달, 바스켓, 타보운전놀이장난감 구매후기 참여시 휴대폰거치대 증정 🎉 초특가 + 최다 사은품 증정 . 한정 기간 & 한정 수량🎉 계좌이체 & 카드결제 모두 가능! . . 📍출산바우처사용 가능 📍백화점상품권 사용 가능 📍계좌이체 및 택배가능 . 📍문의사항 전화 및 DM ☎ 031-942-2229  #베이비하우스 #베이비하우스파주 #타보유모차 #타보  #휴대용유모차 #오토폴딩유모차 #운정맘 #파주맘 #도치맘 #육아 #육아소통 #돌맘 #소통 #육아일상 #트라이크 #돌끝맘 #휴대용유모차 #신생아유모차 #킨텍스베이비페어 #베이비페어 #조동모임#누비자전거#타보자전거#자전거유모차#타보미니스트라이크#미니스트라이크#누비미니스트라이크#누비",https://www.instagram.com/p/DH8KjhxTlfM/
554,20250402,인스타그램,™️ 의미없는 진지함 오늘의 일정: 그냥 돌아 다니기  #자전거도로통행가능자토바이,https://www.instagram.com/p/DH8KGIXS0fN/
555,20250402,인스타그램,세상 나 혼자 즐거움🎶 분리수거도 즐겁고 지겨운 자전거 타기도 즐겁고 4km 뛰고와도 아직 에너지가 남는... 음악을 들으면 희한하게  흥이 넘치는 지구인ㅋㅋㅋ 이런적 있으신분 손✋️  😎5월 멋진 뉴프로필 찍으려고 전 운동과 메가실리엄 1포 하고 있어요 아침에 일어나 매일 신세계를 경험하지만 그 보다 더 좋은것 피부톤이 맑아진다는것 역시 속부터 다스리는게 맞습니다  🌟변비는 언제 모르게 없어져서 고민 리스트에 없다는 ✅️ 구매는 프로필 링크 . . . #메가실리엄#다이어트효소#다이어트#웃긴#funny #흥,https://www.instagram.com/p/DH8JYEUx5_Y/
556,20250402,인스타그램,"💡《기발한 생각 유레카》를 AI 도구에 넣어봤더니? · · 《기발한 생각 유레카》를 세계 최고의 AI들에게 한번 보여줬어요. 과연 이 똑똑한 AI들은 어떤 평가를 내릴까요? · · *ChatGPT는 과학과 역사의 연결고리를 발견했어요. ”AI 시대에서 과학은 생존의 기본 언어이고,  역사는 그 언어를 해석하는 지혜다.“  그러니까 둘 다 배워야 미래를 제대로 준비할 수 있다는 거죠! · · *DeepSeek은 더 깊이 들어갔어요.  ”과학적 사고와 역사적 통찰이 결합될 때,  AI 시대에서 차별화된 가치를 창출할 수 있다.“   과학은 삶을 바꾸는 열쇠,  역사는 미래를 예측하는 나침반이라니... 멋진 비유죠? · · *Claude는 더 실용적인 관점에서 바라봤어요.  ”자전거, 비누, 전구 같은 과거의 발명은  AI, 로봇, 양자컴퓨터 같은 오늘날의 기술이  우리의 삶을 어떻게 바꿀지 예측하게 한다.“   변화의 시대에 아이들이 주도적으로 살아가려면  이런 통찰력이 필요하다고 해요.  세 AI 모두 《기발한 생각 유레카》가 아이들에게  미래를 살아갈 지혜를 준다고 입을 모았어요.   AI도 인정한 이 책, 우리 아이들에게 어떨까요? · · *구성 및 대상 연령 📖 전 10권 (본 책 8권+문해력 활동책 2권)  👦 7세 이상  #기발한생각유레카 #steam교육 #steam책 #스팀교육 #스팀책육아 #steameducation #스팀북 #ai시대교육 #ai교육 #어린이과학 #어린이역사 #스마일북스 #ChatGPT #Claude #Deepseek #챗지피티 #클로드 #딥시크",https://www.instagram.com/p/DH8JIWAvMjS/
557,20250402,인스타그램,#자전거타는풍경,https://www.instagram.com/p/DH8Iy_CPc0j/
558,20250402,인스타그램,#천호자전거거리#천호자전거거리라이딩챌린지#천호자전거거리소문내기#라이딩챌린지,https://www.instagram.com/p/DH8ItLSxeKj/
559,20250402,인스타그램,250402 #런 #수영 #두탕 #챗gpt #지브리스타일 #유행은해봐야지😉 #벚꽃만개  . 청도 공설 운동장 벚꽃이 만개했네요. 🌸 🌸 🌸  . 요즘 유행한다고 해서 한번 해봄. 재밌네 😁 . #국가유공자 🇰🇷 #paratriathlon #국가대표 #장애인철인3종 #의족철인 #외발철인 #PTS3 #국내1위 #경북장애인사이클선수 #대구수성철인클럽 #아이언래빗75 #청도군자전거연맹 #백골수색대 #379기 #청도로또명당 . #후원 #보훈체육회 #보훈병원 #상이군경사이클연맹 #포스코 #STM슈트 #atomy,https://www.instagram.com/p/DH8IYFNvyLM/
560,20250402,인스타그램,"구미 동락공원 🌸벚꽃🌸 개화율 70%  ❗️강력추천 ""동락공원""  ✅️가족 ,연인 ,반려견 모두를 위한 공간  🔸️자전거 대여 무료 (신분증 必)  🔸️반려견 놀이터 무료 (등록된 반려견, 칩 必 ) 🔸️구미 과학관   ( 어린이들을 위한 체험및 3D, 4D 상영관 ) 🔸️그 외 다양한 볼거리 많이있음. 🔸️주차장 상당히 넓음!!  🔸️주소 : 경북 구미시 3공단1로 191   #동락공원 #동락공원애견놀이터 #동락공원벚꽃 #벚꽃  #koran #hiking #koreatravel #금오산인호",https://www.instagram.com/p/DH8HkKXRZlt/
561,20250402,인스타그램,언니들의 화려한 몸짓에 흠칫하며 뭐라도 올리래서 왼발 올림🦵🏻  후지 흑백갬성 너무 맘에 든다☺️ 카페가서 사진도 찍고  복귀는 호다닥🥐  올해 두번째 라이딩🧔🏻‍♀️ 역시 자전거는 재밌군🥹  📸 @asuka__hj,https://www.instagram.com/p/DH8HtzRyVEW/
562,20250402,인스타그램,"우리동네 벚꽃길 너무 이쁘지? 🌸 4월 2일 오늘자 #신풍리벚꽃길   온평주택에서 10분 거리 #제주벚꽃명소   드라이브 코스로도, 자전거라이딩으로도 끝없이 이어지는 #벚꽃터널   여긴 벚꽃잎이  흐드러지게 떨어질때오면 기절..   제주 벚꽃은 지금부터가 절정 😆  #슈퍼언니제주기록  #서귀포가볼만한곳 #제주여행코스  #신풍리벚꽃터널",https://www.instagram.com/p/DH8HO59hAmw/
563,20250402,인스타그램,"우리가 걷고, 뛰고, 앉을 때 무릎은 늘 우리 몸의 하중을 견디며  중요한 역할을 하고 있습니다.  하지만 반복되는  잘못된 자세나 무리한 움직임은 무릎 속 연골을 조금씩 약하게 만들 수 있어요.  ‘무릎연골연화증’은 무릎 앞쪽, 특히 슬개골 뒤편에 있는  연골이 약해지며 손상되는 상태를 말합니다. 관절을 부드럽게 움직이도록  돕는 이 연골이 약해지면  걷는 건 물론,  오랜 시간 앉아 있다  일어나는 것도 불편해질 수 있어요.  특히 이 증상은  운동을 자주 하는 청년부터,  관절이 약해지기 쉬운 중장년층까지 누구에게나 생길 수 있는데요.  계단을 내려갈 때 통증이 심하거나, 한 자세로 오래 앉아 있다가 일어날 때  무릎이 뻣뻣하고 아프다면, 또 운동 후에 유난히 무릎이 붓고  뜨거운 느낌이 있다면 한 번쯤 무릎연골의 상태를  확인해보는 것이 좋습니다.  처음엔 작은 통증으로 시작되지만 시간이 지날수록 움직임에 제한을 주고, 일상 속 사소한 동작들까지  불편하게 만들 수 있습니다.  때문에  허벅지 근육을 키워  무릎을 안정적으로 지지해주고, 수영이나 고정식 자전거처럼 관절에 무리를 주지 않는  유산소 운동을 추천드리기도 합니다. 스트레칭으로 유연성을 기르고, 자세를 바로잡는 것도  무릎 건강을 지키는 중요한 방법이죠.  그리고 무엇보다 중요한 건, 체중 조절입니다. 몸무게가 줄어들면  무릎이 받는 하중도  눈에 띄게 줄어들기 때문에 계단을 오르내리거나  오래 서 있을 때의 불편함도 줄어듭니다.  무릎은 우리가  매일 사용하는 관절이지만 한 번 손상되면 회복에  오랜 시간이 걸리기도 합니다.  그래서 더 조심스럽게,  더 꾸준히 관리하는 것이 필요합니다.  인친님들도 운동할때,  이상있으시면 꼭 체크해보세요~!  . . . . . #인천기운찬한방병원  #침치료 #약침치료 #추나요법 #무릎관리 #관절건강 #무릎재활 #평발교정 #체중관리운동",https://www.instagram.com/p/DH8HCFQps3T/
564,20250402,인스타그램,"이번주 벚꽃보러 어디가시나요?🌸 피드에 올라오는 사진, 영상보니 다가보고싶어요. 벚꽃놀이가서 자전거 타면 딸 태어나기전에 뒷자리는 제꺼였는데 이젠 딸이 내자리를🥲 이번주 꽃놀이 사진 많이 담아오세요🌼🌸🌼🌸",https://www.instagram.com/p/DH8Ga0qh2_u/
565,20250402,인스타그램,해동검도 다니는 애들은 다 잘생겻나🤣🤣 롤러장 에서 다치는사고가 났었지만  씩씩하게 아무일없는듯 이겨내고 롤러장 인싸 수호형아가 직접 자전거까지 가르켜주니 기분이 너무 좋았다는 라원이♡ 다솜아 수호진짜 너무 만능으로 잘 키워놨다ㅋㅋ 뒤에 애들델꼬 언니집에 오그랑^^,https://www.instagram.com/p/DH8Fk6tJgLf/
566,20250402,인스타그램,"<ASO 산소수>  봄의 시작🌸, 에너지도 Reset! 4월, 벚꽃과 함께 활짝 피는 새로운 나 운동도, 공부도, 일도 더 강한 에너지로 채우세요!   ASO 산소수, 남다른 충전  ✔ 최대 50,000배 높은 산소 함량 – 일반 생수와 차원이 다른 활력! ✔ 운동 퍼포먼스 UP – 빠른 회복까지! ✔ 고강도 운동 & 숙취 해소 필수템 – 가볍게 리프레시!  지금, ASO 산소수와 함께 4월을 더욱 활기차게 시작하세요  #astisports #asosport #aso산소수 #산소수  #러닝 #마라톤 #먹는산소 #러닝보급품 #마라톤보급품 #라이딩 #자전거 #축구 #홈트레이닝 #스키 #스노우보드 #스케이트 #스피드스케이팅 #대구fc",https://www.instagram.com/p/DH8Dxt5SDhh/
567,20250402,인스타그램,"✨ 도시의 액자 속 노을 ✨  노을이 지는 하늘 아래, 도시의 하루도 서서히 저물어 갑니다. 익숙한 한강의 풍경도 틀 속에서 다르게 보여지는거 같습니다.  📸 : 2020 제18회 아름다운 한강 사진 공모전 일반부문 우수상 🏞️ 작품명 : 액자 👨‍🎨 사진작가 : 유혜민  #국가물관리위원회 #한강 #사진 #사진공모전 #공모전 #도시 #저녁  #노을  #풍경 #운동 #자전거  #산책  #다리  #환경 #환경보호 #저녁풍경 #감성사진 #힐링사진 #생태계 #생태계보호",https://www.instagram.com/p/DH8DlRNvIT2/
568,20250402,인스타그램,"#2025프랑스영화주간 #아트나인  🎬 어느 파리 택배기사의 48시간 | 2024 | 보리스 로즈킨 난민 신청자 술래이만은 파리에서 자전거로 음식 배달을 한다. 합법적 거주권을 얻기 위한 중요한 면접에서 브로커가 조언한 가짜 이야기를 풀어 놓지만, 면접관은 진짜 이야기를 들려줄 것을 요구한다.  ⟡ 2024 칸국제영화제 주목할만한시선 부문 심사위원상 & 남우주연상 수상작 ⟡ 2024 부산국제영화제 초청작  📆 상영일정 4/7(월) 17:30 4/9(수) 20:00 *GV (w. 조지훈 무주산골영화제 프로그래머 & 정지혜 영화평론가) 4/13(일) 16:00  *지금 바로 메가박스 홈페이지 및 모바일 앱을 통해 예매 가능!",https://www.instagram.com/p/DH78wOgxEc5/
569,20250402,인스타그램,"#한강신도시호수공원  한강신도시 호수공원에서 힐링하세요! 🌿💙  김포에서 가장 아름다운 자연 명소 중 하나, 한강신도시 호수공원을 소개합니다! 🌊✨  🚶‍♀️ 탁 트인 호수 뷰와 함께 산책하기 딱 좋은 곳! 🌳 푸른 잔디밭에서 피크닉 즐기기! 🚴‍♂️ 자전거 타기 좋은 길도 마련되어 있어요! ☕️ 근처에 감성 카페들도 많아서 여유로운 하루 보내기 최고!  📸 감성 가득한 포토존도 많으니까, 김포에 오면 꼭 들러보세요!  ———  🙋🏻 #한강신도시호수공원  📍 경기 김포시 김포한강8로 302  ———  #아우어김포 우리의 김포, 김포를 아우르다",https://www.instagram.com/p/DH8DqBZylEM/
570,20250402,인스타그램,"#협찬 켐프 친환경 녹제거제 🌸 - 발암물질 걱정없는 친환경 제품으로 가정에서도 안전하게 사용 가능한 녹제거제, 보수코팅제!!  냄새가 거의 나지 않으며, 피부에 닿아도 위험하지않는 켐프 녹제거제!  동봉되어있는 설명서대로 따라하니 녹제거가 아주 잘되더라구요!  세수할때마다 보이는 녹... 신경쓰였는데!  고민해결!!  * 녹 제거 부위에 ROC.3 도포 후 10분~20분 정도 뒀다가 물로 세척, 필요 시 브러쉬나 안쓰는 칫솔로 문질러 주면 잘 지워집니다  @kempkorea  #협찬 #주식회사켐프 #kemp #녹제거 #녹제거제 #자전거녹제거 #화장실청소 #욕실청소 #자동차녹 #공구 #친환경 #인테리어",https://www.instagram.com/p/DH8C6QEpOGc/
571,20250402,인스타그램,"#협찬 켐프 친환경 녹제거제 🌼 - 발암물질 걱정없는 친환경 제품으로 가정에서도 안전하게 사용 가능한 녹제거제, 보수코팅제!!  냄새가 거의 나지 않으며, 피부에 닿아도 위험하지않는 켐프 녹제거제!  동봉되어있는 설명서대로 따라하니 녹제거가 아주 잘되더라구요!  세수할때마다 보이는 녹... 신경쓰였는데!  고민해결!!  * 녹 제거 부위에 ROC.3 도포 후 10분~20분 정도 뒀다가 물로 세척, 필요 시 브러쉬나 안쓰는 칫솔로 문질러 주면 잘 지워집니다  @kempkorea  #협찬 #주식회사켐프 #kemp #녹제거 #녹제거제 #자전거녹제거 #화장실청소 #욕실청소 #자동차녹 #공구 #친환경 #인테리어",https://www.instagram.com/p/DH8CpUtJi34/
572,20250402,인스타그램,"오랫만에 시집을 읽었습니다. <도넛을 나누는 기분> ... 무척 기대를 하며 책장을 넘기며 서성였는데요. 처음에는 그닥 공감되는 시를 찾을 수 없었습니다.  그러다 오늘 바람 쏘이러 나오면서 급하게 이 시집을 가방에 넣고 나왔는데요.  어릴적 동네에서 자전거를 타던 때를 생각나게하는 시를 찾았습니다. 자전거를 탈 때면 갈 수 없는 곳까지 가보자며 한없이 나아가지만 결국 끝까지 가지 못하곤 했는데요.  특히,  ""갈 수 있는 곳과 갈 수 없는 곳이 정해져 있어""라는 싯구는 이릴적 끝까지 가보겠다는 마음이 꺾이던 그 상황을 대신 말해 주는 것 같아 자꾸만 자전거 패달을 밟듯 반복해 읽게 됩니다.  <사유지>  조온윤   발 디디는 모든 곳에 주인이 있어  공사가 멈춘 공사장에도 고라니가 튀어나오는 뒷산에도 오래전부터 버려진 공터에도  내가 태어나기 전부터 갈 수 있는 곳과 갈 수 없는 곳이 정해져 있어 뾰족한 울타리와 철책으로 안 보이는 선분과 접근 금지! 팻말로   나는 누구의 것도 아닌 것 같은 경계석을 밟으며 집으로 가 잘못 밟으면 죽는 놀이를 하면서 가 담장과 주고받다 담장 너머로 날아간 공은 아직 돌려받지 못했어   그곳의 주인을 본 적 없거든 출입을 허락받을 수 없거든  겨울에 눈이 쌓여도 쓸지 않는 그곳을 보며 때로 궁금증이 생기곤 해   세상이 사유지라면 쌓인 눈의 주인은 누굴까?   경계 없는 하늘로부터 내려와 지상의 모든 경계를 지워 주는 이 눈의 주인은   한 번도 나타난 적 없다 해도 이곳을 공터처럼 버려두었다 해도   눈을 가져다 뭉치기 전에 눈사람의 영혼이 결백하도록  마음속으로 물어야겠지   실례합니다  이곳에 쌓잇 눈을 제가 가져다 써도 될까요?  #도넛을나누는기분 #시절시집 #책과여행의콜라보  #한강변 #시읽는시간  #창비 #사유지  #조온윤",https://www.instagram.com/p/DH8CFdqzmuv/
573,20250402,인스타그램,182번째레슨후기  올바른 발성은 노래에서만이 아닌 일상생활 속에도 큰 도움을 주는데요!  제대로 배워두면 평생 요긴하게 써먹을 수 있는 자전거나 수영과 같은 것이라고 생각이 됩니다!  좋은 목소리로 상대방에게 호감을 느끼게 하며 오랫동안 목이 아프지 않게 말을 할 수도 있고 노래를 잘하게 되는 것은 덤이죠 ㅎㅎ  남녀노소 초보자라면 누구든  편안하고 즐거운 분위기 속에서  올바른 발성의 기초부터 차근차근 학생분에게 딱 맞춘 레슨을 도와드리는 Ds보컬입니다!  [레슨 후 직접 남겨 주신 소중한 레슨 후기입니다]   ✉️ 유튜브 채널 : DS Vocal ✉️ 카카오톡 문의 : dsvocal  📞 이수점 : 0507-1397-6348 📞 구월점 : 0507-1311-0451  #고음 #두성 #보컬레슨 #무료레슨 #보컬트레이닝 #믹스보이스 #DS보컬,https://www.instagram.com/p/DH8B3CII4sH/
574,20250402,인스타그램,"🚴‍♂️ ENGINE11 CRIT-D – 전 컬러 입고 완료! 🖤✨ 사전예약해주신 분들부터 순차 출고 진행 중입니다! 기다려주셔서 진심으로 감사합니다.  사전예약을 하지 않으셨더라도,  원하시는 컬러와 사이즈가 있으시다면 지금 바로 문의 주세요! 재고 확인 후 도와드릴 수 있도록 하겠습니다.  저희 벨로하우스 매장에는  다양한 자전거와 용품이 준비되어 있어  고객님께서 원하시는 맞춤세팅이 가능하답니다.   벨로하우스를 찾아주셔서 감사합니다.  #ENGINE11 #CRITD #엔진11 #크릿디 #자전거입고 #벨로하우스 #벨로하우스송파 #벨로하우스검암 #픽시입고 #픽시자전거 #사전예약 #감성자전거 #자전거 #픽시",https://www.instagram.com/p/DH8Bz9ISkp1/
575,20250402,인스타그램,"🛴[개인형 이동장치 이용 안전수칙] 전동 킥보드 안전하게 이용합시다!  🚫면허증 필수 면허 미소지 시 (원동기장치 자전거 이상) 범칙금 10만 원  🚫동승 금지 동승자(2인 이상) 탑승 시 범칙금 4만 원  🚫안전모 착용 안전모 등 인명 보호장구 미착용 시 범칙금 2만 원  🚫어린이 운전금지 13세 미만 전동킥보드 이용 시 보호자에게 과태료 10만 원  🚫음주운전 금지 음주 후 전동킥보드 이용 시 범칙금 10만 원  🚫교통법규 준수 신호위반, 중앙선 침범, 보도 주행 시 범칙금 3만 원  ⚠️통행방법 자전거도로 통행(원칙) 또는 차도 우측 통행(보도 통행 불가)  ⚠️주의사항 ① 부모 및 타인의 신분증 · 면허증을 무단으로 도용하여 전동킥보드 이용 금지 ② 보행자와 차량의 통행에 방해되지 않도록 보도 및 차도 위 무단방치 금지  안전한 화순, 함께 만들어요!🙂",https://www.instagram.com/p/DH8BP5DyVOK/
576,20250402,인스타그램,"올해로 12년차 #팀판타시아 .  2014년 인연이 닿아 팀엘파마 MTB 동호인 후원선수 활동을 시작하게 되고 벌써 많은 세월이 흘러갔네요. 2021년부터는 #MBS크리에이터 활동도 하게 되며 로드사이클 및 각종 MBS의 휠셋과 타이어도 지원받아 사용해보며 자전거 라이더로서는 너무나 크고 다양한 혜택과 영광스러움을 함께하고 있습니다.  이번에 2025년 시즌 새 팀판타시아 팀복 긴팔져지와 반팔져지, 빕숏을 지급받아 입어보며 또 설레이는 이 기분.. ""항상 즐겁게 열심히 달려나가겠습니다, 감사드립니다!""  (뱃살땜에 배에 힘 빡 주고 숨참고 사진찍기)  #TeamFantasia  #mbscorporation  #엠비에스코퍼레이션  @mbscorporation @fantasiabikes  #동호인후원선수 #자전거타는남자",https://www.instagram.com/p/DH8A-x_hSR8/
577,20250402,인스타그램,"온천천 벚꽃 뷰🌸봄 한정 디저트 모음_제작지원  🚲추천 코스 동래역에서 자전거 대여 후  벚꽃길 따라 온천천 카페 거리에 방문하는 거 추천해요~  가는 길부터 너무 이쁘데요  세 곳 모두 2층 + 테라스 있어서  벚꽃보며 데이트 하기 좋은 곳이었어요   💗봄 한정 디저트💗 1️⃣.카페 비앤에서 리액트 팝업 중 부산 동래구 온천천로 447-2 매일 : 10:30 - 22:00 한정 메뉴-벚꽃 얼그레이 갸또 4월 19일 한정판매  2️⃣. 르쎄 부산 동래구 온천천로 467-1 매일 : 11:00 - 23:00 한정 메뉴- 딸기 갸또, 딸기 생크림, 딸기 초코크림  3️⃣. 카페 페페 부산 동래구 온천천로 431 1~2층 매일 : 11:00 - 22:00 한정 메뉴-산딸기 크림 잼  봄에 더 이쁜 @dongnae_official  . . #부산벚꽃명소 #부산벚꽃명소 #부산온천천 #부산데이트추천  #온천천벚꽃 #온천천카페추천 #온천천카페거리 #온천천데이트  #부산팝업스토어 #온천천디저트 #busancafe",https://www.instagram.com/p/DH7_okwTubY/
578,20250402,인스타그램,"🚲  안녕하세요 제이바이크 입니다 요즘 라이딩 하기 좋은 날씨가 아닐까 싶어요 최근에 기추한 턴 "" 벡트론 Q9 "" 저는 요즘 이 모델로 재미있게 자출중 입니다 :) 원래 시승 자전거는 운영하지 않지만 턴의 단단한 프레임과 강력하고 부드러운 보쉬 모터가 궁금하신 분들은 시승해보셔도되요 현재 벡트론 Q9 모델은 4,990,000원에서 할인가격 2,990,000원으로 구매 가능하십니다  매장 방문하시는 분들께 추천드리는 카페에요 저희 매장 인근에 있는 ""연소"" 카페 입니다 친절하시고 커피와 스콘이 맛있습니다 매장에서 유등천 자전거 도로가 가깝습니다 미니벨로 점검 받을 겸 오셔서 쇼핑도 하시고 ㅎㅎ 날씨 좋은 계절 카페,맛집 라이딩도 추천 드립니다^^  #턴 #벡트론Q9 #전기자전거 #미니벨로 #트라이폴드 #접이식자전거 #대전미니벨로 #세종미니벨로 #대전트라이폴드 #세종트라이폴드 #대전 #세종 #제이바이크  #대전카페 #연소  @yeonso_cafe",https://www.instagram.com/p/DH7_7ubBq0M/
579,20250402,인스타그램,"Knog Scout와 함께 자전거 도난 걱정 없는 라이딩을 즐기세요! 🚴‍♂️  Apple ‘나의 찾기(Find My)’ 앱과 완벽하게 연동되어 자전거의 위치를 실시간으로 트래킹할 수 있으며, 또한, 모션 감지 알람이 장착되어 도난 시 85dB의 강력한 경고음을 울려 안전을 지켜줍니다. 💡  간편한 설치, USB-C 충전식 배터리, 그리고 강력한 보안 기능까지! 이제, Knog Scout로 자전거를 더 스마트하고 안전하게 보호하세요. 🔒  👉 네이버 스마트스토어 #로터바이크 에서 구매 가능합니다.  👉 카카오톡 플러스 친구 ""트레이드랩""으로 문의주세요.   #knog #knogbike #노그 #bikelife #스카우트 #scout #자전거보안 #FindMy #라이딩 #라이딩그램 #사이클 #로드자전거 #로드 #트레이드랩 #tradelab",https://www.instagram.com/p/DH7_cW-vrUI/
580,20250402,인스타그램,오랜만에 부모님 댁에 자전거 타고 방문.^^  #자전거 #취미생활 #반백살라이프,https://www.instagram.com/p/DH7_YaCg-XY/
581,20250402,인스타그램,"오늘은 퇴근 후 뭐하시나유?!?! ㅎㅎ  운동할 계획이라면 애플페논 한 잔 타가세요🍏🍸  싱그런 풋사과 45개로 더 가벼워질 수 있어요💃  ⭕️ 체중 감소 ⭕️ 허리둘레 감소 ⭕️ BMI지수 감소 ⭕️ 엉덩이둘레 감소 ⭕️ 복부내장지방면적 감소 ⭕️ 총 복부지방면적 감소  건강한 루틴을 찾아보면 기상 후 양치 후 물 한잔✔️ 가벼운 운동이나 스트레칭✔️ 일정량 햇빛 보고✔️ 우선순위에 맞춰 하루를 계획하고✔️ 매일 책이나 신문 읽고✔️ 취침시간 일정하게 하기 추천✔️  이렇게 계획할 때  장소, 시간을 정확하게 할수록 지키기 쉽대요 !!  운동 계획할 때도,, > 저녁 식사 하고 > 애플페논을 한 잔 타서 마시며 > 러닝 30분 or 실내자전거 30분 or 계단 오르기  이렇게 구체적으로 정하고 지켜보세요 :)  오늘 전반전도 고생하셨쪄요 오늘 후반전도 힘내셔요💪🏻💪🏻❤️  #시앙제이",https://www.instagram.com/p/DH7_WwNxOUM/
582,20250402,인스타그램,"#봄이오나봄 🤍🌸  비글남매 양손 붙들고 등교,등원한날 아침에 정신없을까봐 걱정했는데 왠걸,, 7시쯤 일어나 아침 먹고 출근 준비하는동안 학교,유치원갈준비 끝낸 비글남매 진짜 평화 그 자체 나 너무 행복하고 감사해ㅠㅠㅠ#너희정말최고야👍  처음으로 유치원에 데려다줬는데 멀긴 멀구나~~캬캬  며칠전 자전거와 씽씽이타고 병원까지 다녀옴 진짜 너희랑 함께할때가 쩰 행복해 매 순간 보고싶은 내사랑들 너무너무 사랑해!!!!  #내전부 #자전거 #킥보드 #비글남매 #사랑그자체",https://www.instagram.com/p/DH7_TloT9-Q/
583,20250402,인스타그램,오랜만에 자전거 타니 몸이 엉망!,https://www.instagram.com/p/DH7_E-yJvRx/
584,20250402,인스타그램,요청디자인에 맞춰 제작한 미니케이크 ✨✨💕 자전거 그림넣어 귀엽게  제작해 드렸어요:)  . . . . #눌케이크,https://www.instagram.com/p/DH7-uPKTiLU/
585,20250402,인스타그램,"#협찬 @bale_resort   지난 주말에 다녀온 #보령발레리조트   따스한 자쿠지에서 몸을 녹인 시간도 좋았고 해변도로를 따라 드라이브하는 그 시간도  좋았고,   자전거 무료대여 및 갯벌체험 장비까지 무료도 대여 가능해서, 발레리조트에서 온종일 즐기기 좋았던 주말 여행,   보령에 다시 가더라도 또 가고싶은 #보령숙소 이렇게나마 #추억해봅니다   🏠 발레리조트 🌸 충청남도 보령시 해안로 450 발레리조트 🌸 자전거, 갯벌체험 장비 무료대여 🌸 네이버 예약시 25% 할인  #서해여행 #서해숙소 #보령바다 #보령갈곳 #보령가볼만한곳 #보령갯벌체험 #보령아이랑",https://www.instagram.com/p/DH78_sBPxIh/
586,20250402,인스타그램,다음주면 벌써 여의도 벚꽃 축제라면서요? 근데…벚꽃은 아직이예요🌸 2주 전에 자전거타고 한강 다녀왔는데 전혀 기미도 안보였구요. 지난주도 잠깐 들렀는데 날씨가 급 쌀쌀해져서 꽃망울이 맺혀있긴 했지만 필 생각은 안하더라구요(100그루 중 1그루는 피었..) 이번주 날씨가 좀 따뜻해지면 주말에나 피기 시작하려나 더현대와 연계해서 푸드트럭들 출동한다니 인파도 만만치 않을 듯 합니다.  우리아이들은 전정작업한 나뭇가지들 모아서 아늑한 나무집을 만들고 왔어요. 앞으로는 한강뷰에 뒤로는 63빌딩뷰라니 ㅎ 덕분에 이런 집에서도 (잠시) 머물러보는구나😄,https://www.instagram.com/p/DH79FnJPOBa/
587,20250402,인스타그램,- 신상구경 - . . 신상구경릴스 올릴때마다 시험검사맡는 학생같은 기분이 들어요 이번엔 놀이터 여러분 마음에 드는게 있을까... 맘에 안드는 아이는 창고에서 못나올텐데 어쩌지... 그 아이는 빙봉이처럼 잊혀지는거 아닐까...힝... . 물건 밀려있어서 예전 아이들이랑 섞여서 내보낼테니 풀셋 원하시는 분들이나 대리가챠 원하시는 분들은 디엠주세요!!! . 오늘도 고생했다 내자신...  비오기전에 집에가서 좀 씻자... . . #놀이터가챠 #놀이터가자❤️ #가챠는놀이터 #망원동놀이터 #망원동가챠 #가챠 #가챠샵 #신상가챠 #가챠맛집 #가챠구경 #신상구경 #비온다 #집에가야하는데 #내자전거,https://www.instagram.com/p/DH78T_SPHRA/
588,20250402,인스타그램,📌만경강문화관 만나는 날 4월 프로그램 안내📌 ​ ✅내용 : 마크라메 도어벨 만들기 ✅일정 : 2025. 4. 26.(토) 1회 9:30 / 2회 10:40 ✅장소 : 익산 만경강문화관 다목적실 ✅대상 : 회당 성인 15명 ✅신청 : 전화 063-859-7687 ✅신청기간 : 2025. 4. 3. 09:30~ 선착순  ✅체험비 : 무료(체험 당일 취소 및 무단결석 시 추후 프로그램 신청 불가) -------------------------------------------------------------------------- ※유의사항※ - 불참 시 예약 사전 취소 필수 - 예약 확인 여부 통화 불가 시 자동 취소 - 10분 이상 지각 시 자동 취소(현장접수자로 대체) ▶ 일부 예약자로 인한 피해를 줄이고자 함이니 양해 부탁드립니다.  #익산만경강문화관 #만경강문화관 #만경강 #익산만경강 #익산가볼만한곳 #만경강자전거길 #익산산책 #익산체험 #만경강전망대 #익산전망대 #만경강문화관전망대 #익산체험 #문화가있는날 #문화체험 #문화향유 #마크라메 #마크라메도어벨,https://www.instagram.com/p/DH78jWMhxmL/
589,20250402,인스타그램,. #수요라이딩 무정차라이딩 끝나고 🥖🥐🥯생각뿐😝 . . #원주사이클링아카데미 #원주자전거동호회  #원주로라방 #cycle #cycling #cyclinglife #로드바이크  #메리다레이싱팀 #odbike #met #MERIDA #scultura9000,https://www.instagram.com/p/DH77R68yDCs/
590,20250402,인스타그램,"3월 29일 (토) 부천시청 어울마당에서  2025. 부천시 청소년·청년 도약의날이 진행되었습니다!!  ▶️1부에서는  🔹부천의 청소년, 청년 활동의 성과를 함께 돌아보고 🔹청소년관계시설 협의체의 대표들이 모여 더의미있었던 부천시 청소년참여위원회 위촉식 🔹시장님, 의장님이 부천의 청소년·청년에게 보내는 응원 🔹부천의 젊은 시민의 권리를 보장하기 위한 공동선언  ▶️2부에는  🔹재밌는 소통 이벤트 🔹댄스, 외발자전거, 보컬공연까지! 알차게 마무리되었는데요!  부천시 청소년, 청년의 힘찬 도약을 응원하기 위해 와주신 모든 분들께 감사드리며 📣이번 도약의 날을 시작으로 더욱 널리 뻗어나갈 부천 청소년, 청년의 활약을 많은 기대와 관심을 가지고 지켜봐주시기 바랍니다! 📣  #부천시 #청소년도약의날 #청소년 #청년 #도약",https://www.instagram.com/p/DH76-4dSMaF/
591,20250402,인스타그램,#지브리 ~ 우리나라 모든 사람들이 여기에 푹 빠져 있는듯~  나도 이뻐지고 귀여울수 있다는  마음이 들게해줘서 좋아~~  #자덕 #자출족 #자전거 #만화 #쳇gpt #나도해봤다 #신기방기👀 #행복 #cyclist #guitarist,https://www.instagram.com/p/DH769lKSvNp/
592,20250402,인스타그램,"봄바람 살랑살랑 불고 옷은 얇아지고... 옆구리살은 삐져나오고... 저만 그런거 아니죠⁉️ 다이어트 또는 건강을 위해 운동이 필요하신 인친님들!! 래피즈 바이크 자신있게 추천드려요.  ✅층간소음 걱정없는 실내자전거! ✅접이식으로 자투리공간에 보관도 OK ✅복부, 허리, 허벅지까지 전신 운동가능  ➰틈새보관 끝판왕 래피즈 바이크-한정수량 앵콜오픈  실내자전거 빨래 건조대 될까봐 걱정되신다구요? 래피즈 바이크는 그럴일 절대없어요! ❌ 손잡이가 없는데다가 사용하지 않을땐 착착 접어서 틈새보관이 가능하니 신세계 아닌가요!!  운동하려고 맘먹기도 쉽지 않은데 밖에 나가서 운동하기는 더 힘들고 저는 계단타기는 죽어도 싫더라구요!  스쿼트 해보겠다고 맘먹고 시작했는데 자세 잡는것도 어렵고 몇개 하면 내일부터하자 하고 작심삼일 되는거… 저만 그런거 아니죠 ?  올해는 운동 해야지,, 건강 생각해야지 싶으시다면! 👉🏻 무조건 래피즈 바이크 추천드립니다!!  일반 실내 자전거는 손잡이때문에 기대어서 자전거를 타다보면 코어근육까지 잡아주기 쉽지 않거든요,  💫 래피즈 자전거는 손잡이가 없는 디자인으로 코어 근육단련은 기본이고 자전거를 타면서 중심을 잡아야 하다보니 ✔️복부, 허리, 허벅지까지 전신효과를 보실수있습니다  스쿼트 효과까지 더해져 한번에 유산소와 근력운동을 한번에 해결할 수 있는 래피즈바이크 ✨잇츠홈에서 특별 공구가로 가져온 만큼 기회 꼭 잡으셔서 운동과 건강 같이 챙겨보세요!  한뼘공간이면 틈새에 쏙 들어가니까 보관이 정말 좋은데 보관하지 않고 거치해두고 사용하셔도 거슬리지 않을만한 사이즈라서 저는 더 맘에들더라구요! 안장이 높낮이 조절도 되니까 초등 아이들부터 청소년까지 사용하기 좋더라구요!  🚴🏻공부하다 지친 몸을 래피즈 자전거로 순환시켜주고 저소음 설계로 밤늦게 타도 층간소음 걱정 없으니까~! 퇴근하고, 야식먹고 밤늦게 편하게 운동하세요  요즘은 라이딩 영상도 잘 되어있어서 유튜브 라이딩 영상과 음악 틀어놓으면 시간가는줄 모르고 한없이 타게되더라구요~!  확실히 손잡이가 없으니까 자세를 더 곧게 해줘서 바디라인도 곧아지는 효과까지! ✨  꾸준한 운동을 도와주는 래피즈 바이크 잇츠홈에서 만나보세요!  프로필에 구매링크 클릭하시면 구매 가능하세요.",https://www.instagram.com/p/DH76RH8TNBr/
593,20250402,인스타그램,"#전천제 2025.4.2  몇해전이었던가... 강풍에 벌룬아치가 쓰러지고 비바람까지 들이쳤었는데 올해는 어떨지.. 싶을 만큼 비소식이 앞서 있다. ㅎ  그러거나 말거나 숭어떼가 올라와서 강태공들은 마냥 신났고!  이런일에 별 감흥없는 나 인데, 이번엔 좀 마음이 쓰인다. 축제 핑게로라도 많이들 웃고 어깨펴고 왁자지껄 신난 얼마간의 위로가 있었으면 좋겠다.  언제 또 실컷 웃어보겠는가  #강원도 #동해시 #북평동 #전천강 #축제 #벗꽃축제 #산책로 #자전거길 #수변공원",https://www.instagram.com/p/DH745eSJuNg/
594,20250402,인스타그램,I’m lying 😂  #rapha #cycling #cyclingnz #charlesridenz #크라이스트처치 #자전거 #뉴질랜드 #라파,https://www.instagram.com/p/DH73ccPSOWr/
595,20250402,인스타그램,.  #4월  잭니 7바퀴  다음엔 몇바퀴 돌래요?  #bike#indoorcycling#cycling#cyclegirl#로드바이크 #자전거타는여자#로드타는여자#라이딩#운동하는여자#철인3종 #운동스타그램#자전거국토종주#셀카#wiawis#일상#즈위프트 #wattbike#와후키커롤러#사이클#운동#위아위스대리점#단발 #잭니클라우스#잭니#송도라이딩#수요팅#셀피#다이어트,https://www.instagram.com/p/DH74N8qSMI3/
596,20250402,인스타그램,"#도서협찬  📔 나는 빛나는 3학년이야  평범한 일상에 상상력을 더한 네 개의 단편, 반짝반짝 눈부신 3학년을 위한 동화집  _  ▪️글: 곽유진, 최은옥, 김다노, 우미옥 ▪️그림: 서영 ▪️제목: 나는 빛나는 3학년이야 ▪️출판사: 위즈덤하우스 ▪️발행일: 2025. 3. 19. ▪️쪽수: 124쪽 ▪️가격: 14,000원  학년 맞춤 동화 <굿바이 6학년>, <레벨 업 5학년>, <라이징 4학년>에 이어 존재 자체로 빛나는 10살 어린이들의 당찬 목소리를 담은 책 <나는 빛나는 3학년이야>가 출간됐다. '벌써'와 '아직' 사이에서 한 걸음씩 나아가는 3학년 아이들의 소중한 순간들을 만날 수 있는데, 이야기마다 사랑스러움이 가득하다. 믿고 보는 동화작가님들의 글은 줄글책 읽기 연습에도 딱이다. 이 책이 반짝이는 어린이들에게 자전거 삼총사나 고양이 전화기같은, 아니면 다람쥐가 준 열매같은 책이 됐으면 좋겠다.   📍혹시 이런 경험 있어? (중략) 당연히 있겠지. 아직 없다면 멀지 않은 날 일어날 테고. 마법 같은 일들은 종종 아무렇지 않게 찾아오잖아. 그러니까 너와 나, 우리는 참 행운아야. (90쪽)  _  ▪️딱 좋은 나이 (곽유진)   예빈이는 엄마의 '3학년이나 됐는데'와 '3학년밖에 안 됐는데'라는 말에 혼란스럽다. 직접 그린 캐릭터 그림으로 3학년만을 위한 스티커를 제작하는 일도 보호자의 도움이 필요했다. 도대체 3학년이 어때서 안 되는 일이 이렇게 많은 걸까.   📍하지만 이번엔 다르다. 아직 3학년밖에 안 됐지만 그림은 내가 평생 좋아할 일일지도 모른다는 생각이 들었다. (20쪽)  ▪️자전거 삼총사의 비밀 작전 (최은옥)  어디든 찰떡처럼 붙어 다니던 태호, 진수, 민아는 작은 오해로 다툰 뒤 멀어졌다. 언제 친했냐는 듯 칼바람을 내뿜으며 지내던 중, 태호와 진수는 자전거를 잃어버린 민아를 발견한다. 무서운 민아의 엄마를 떠올리며 다같이 자전거를 찾으러 다니는데 예전 기억이 떠올라 자꾸 웃음이 삐져나온다. 그제서야 셋은 마음 속에 꾹꾹 담아뒀던 말들을 꺼낸다.  ▪️라도와 해가 (김다노)  전학 온 나영이는 사투리를 쓴다며 놀리는 아이들 때문에 속상하다. 혼자인 것만 같은 기분이 들던 그때 고양이 전화기를 발견하는 나영이. 송수화기 너머에는 다정하게 손을 내미는 특별한 친구 '해가'가 있었다.   📍""내 이름은 김우연이야. 나영이를 기다렸어."" (66쪽)  ▪️숲에서 다람쥐가 (우미옥)  주연이와 은석이는 다람쥐를 찾으러 들어간 숲에서 말하는 다람쥐를 만난다. 아이들의 다정한 마음이 깊은 숲속을 마법이 가득한 공간으로 만들었을까? 막막한 상황에서도 용기를 잃지 않는 모습이 인상적이었던 동화.   📍""그래. 산에서는 신비한 일이 일어나기도 하지."" (117쪽)    #나는빛나는3학년이야 #곽유진 #최은옥 #김다노 #우미옥 #서영 #위즈덤하우스 #창작동화추천 #북스타그램  @wisdomhouse_kids  출판사로부터 지원받은 도서입니다.",https://www.instagram.com/p/DH727GtBWVr/
597,20250402,인스타그램,"지오스 빈티지 벨로체(사실 울테그라) 한창 탈때보다 몸무게가 5kg 늘었는것도 있지만.. 카본 자전거보다 전투적인 라이딩은 힘들다. 오늘의 총평 단점: 카본에 비해 떨어지는 승차감(핸들진동) 카본에 비해 무겁다, 비에 취약함 왜인지 모르겠지만 직진성이 떨어지고 좌우 벨런스가  안맞는 느낌..(왜그런걸까..휠은 괜찮아 보이는데..) 변속트러블. 체인이탈  장점 크로몰리만의 통통 튀는 탄력성(핸들진동)ㅋ 재미있다. 수평탑과 얇은 튜빙의 아름다움(클래식 개취)  #지오스 #gios  #giosjapan #로드자전거 #road #roadcycling #roadbike #classicroadbike #vintagebike",https://www.instagram.com/p/DH72xzxyzgZ/
598,20250402,인스타그램,"스포츠 촬영하기 딱이다🎬💕   오즈모 액션캠은 다양한 악세사리가 있는데요. 자전거에 거치해서 촬영하는건 물론이고, 손목에 착용하고 원하는 영상을 촬영할 수도 있습니다. 또한, 두손이 자유롭고 싶다면 체스트 마운트로 가슴에 착용도 가능하답니다😆👍   그리고 마이크를 연결하면  영상에 목소리도 깨끗하게 녹음할 수 있어요🥰   다양한 악세사리를 활용해서 손쉽게 촬영해보세요!   <영상에서 사용한 악세사리>  📌DJI Mic Min (마이크 미니) 📌Osmo 플렉시블 마운트 📌Osmo Action 360° 손목 스트랩    #스포츠광고 #운동광고 #운동릴스 #스포츠릴스 #릴스촬영  #actioncamera #roadcycling #오즈모 #액션카메라 #DJI오즈모액션5프로",https://www.instagram.com/p/DH71_AMSDiY/
599,20250402,인스타그램,#제품제공 이제 낮에는 너무 따뜻한 게 완전 봄이네요🤍 벚꽃도 많이 피고 정원에도 꽃들이 조금씩 얼굴을 보여주고 있어요🌸 아침에 운동도 다녀오고 집에 와서 자전거도 타고 정원도 정리했더니..  급 배가 고파서 냉장고에 있는 재료로 후다닥 당근라페 오픈 샌드위치랑 시원한 백도에이드 만들어서 첫 끼 해결했어요 이제 낮에는 시원한 에이드가 최고네요🍑  🏷️베버시티 @bevercity  #세미기업 #베버시티 #bevecity #베버시티마켓 #백도베이스 #청사과베이스 #복숭아에이드 #청사과에이드 #홈카페 #레시피추천,https://www.instagram.com/p/DH712Z-vePh/
600,20250402,인스타그램,1박2일 코스로 생축🎂🎊🎁🎉🥳 25. 4. 1. 우리집 귀염둥이 열두번째 생일 츄카츄카🩵🩵 만우절날 태어나서 많은 사람들이 생일 안까묵고 다들 기억해줘서 내 생일때보다 아들램 생일 축하메세지를 더 많이 받은 날😍 . 4월 2일 오늘은 학교 재량휴업일이라(생일기념이라고🤣🤣) 나도 자체휴업하고 같이 온천천 라이딩~~~~ 왕복 16키로 아들이랑 둘이서 너무너무 잼있었드아🚴‍♀️🚴‍♂️ . #만우절생일  #열두살생일 #사랑해아들  #자전거라이딩  #온천천라이딩  #엄마랑아들이랑,https://www.instagram.com/p/DH70kU2yowf/
601,20250402,인스타그램,"2025 엔진11 크릿디 물량 매장에 입고되었습니다.  크릿디 블루스킨 M, L 크릿디 에그플랜트 그레이 M, L 크릿디 네온차콜 S, M, L  1대씩 구매 가능합니다.  #돼지바이크 #엔진11 #엔진11크릿디 #픽시 #엔진11픽시 #2025엔진11크릿디 #엔진11크릿디2025 #픽시자전거 #픽시추천 #크릿디블루스킨 #크릿디에그플랜트그레이  #크릿디네온차콜 #2025픽시 #엔진11자전거  #인천픽시 #청라픽시샵 #인천엔진11 #크릿디픽시 #킹오트 #kot  #엔진11크릿디블루스킨 #엔진11크릿디에그플랜트그레이 #엔진11크릿디네온차콜  #engine11 #engine11critd #로잉컴퍼니  #엔진11대리점 #엔진11취급점 #엔진11매장",https://www.instagram.com/p/DH71NKxS4T7/
602,20250402,인스타그램,"무릎 통증에서 해방하는 방법🤗  무릎 통증 없애주는 운동 및 방법 5가지를 기억해보아요🗣️  1️⃣대퇴사두 스트레칭 : 과도하게 긴장된 골반에서 시작해 무릎뼈에 붙어 있는 근육 부위 스트레칭법  2️⃣루프밴드 힙 어브덕션 : 엉덩이 근육을 강화하고, 고관절 기능 활성화하는 운동  3️⃣운동시 무릎 보호대 착용 : 윤활액이 나오는 관절낭을 추위에서 보호하는 방법  4️⃣짐볼 레그컬 : 의자에 앉아있는 습관으로 짧아진 햄스트링 이완  5️⃣실내 자전거 : 부상에 대한 걱정없이 허벅지 근육 강화 돕는 운동법",https://www.instagram.com/p/DH70lh1T9yF/
603,20250402,인스타그램,"🌸 벚꽃시즌 한정 개방! SK인천석유화학 벚꽃동산 🌸  벚꽃 명소로 소문난 바로 그곳! 일 년 중 단 6일만, 벚꽃이 만개하는 이 시기에만 여러분께 문을 엽니다😊  📅개방 기간  2025년 4월 8일(화) ~ 4월 13일(일)  ⏰운영시간 오전 10시 ~ 오후 5시 (입장 마감 4시)  ✅이것만은 꼭 알고 가자!  1️⃣주차 불가 – 봉수대로 공사로 인해 주차장 이용 불가 – 대중교통 필수 이용 (※ 자차 이용 시 인근 주차 공간 없음)  2️⃣오시는 길 (대중교통) – 석남역(인천2호선, 서울7호선) 6번 출구에서 7, 43번 시내버스 탑승, 효성아파트 하차 후 도보 5분 – 가정역(인천2호선) 3번 출구에서 591번 시내버스 탑승, SK인천석유화학 정문 하차 – 청라국제도시, 동인천역에서 72번 시내버스 탑승, SK인천석유화학 정문 하차  3️⃣출입 제한 안내 – 개인형 이동장치 (자전거, 킥보드, 전동휠 등) 출입 불가 – 음식물 & 주류 반입 금지 – 반려동물 입장 불가 – 현장에 계단이 있어 유모차 이동이 다소 불편할 수 있습니다  벚꽃으로 가득 물든 산책로에서 일상 속 여유와 봄의 낭만을 한껏 느껴보세요🌸  #인천서구 #서구벚꽃 #서구벚꽃명소 #SK인천석유화학벚꽃동산 #벚꽃시즌한정 #인천봄나들이 #벚꽃데이트 #봄꽃산책 #2025벚꽃축제",https://www.instagram.com/p/DH70WnWpaq3/
604,20250402,인스타그램,#cycle ㅎㅎ 실사는 온화하고 엄지척해줬는데  만화에선 삿대질에 호랭이센세 모드네 ㅎㅎ . . . #로드#specialized #자전거#tarmac #로드바이크#자전거여행#운동#취미#라이딩#타막#roadbike#road#maap#사진#cyclelife#cycling#일상#일상공유#데일리#스냅#펠코너#감성#좋아요#쳇지피티#소통#지브리#피드#행복해#daily,https://www.instagram.com/p/DH7y-Gjvksj/
605,20250402,인스타그램,"#협찬  ROC-3 금속 표면 녹 제거제  1. ROC.3는 냄새가 거의 나지 않으며, 피부에 닿아도 위험하지 않아 장갑을 끼지 않고 사용할 수 있어요.  2. 동봉되어 있는 설명서대로 따라하니 녹제거가 아주 잘 되요. 가벼운 녹은 바로 없어지고 오래된 녹은 여러번 반복하면 좋을거 같아요.  3. 녹 제거 부위에 ROC.3 도포 후 10분~20분 정도 뒀다가 물로 세척, 필요 시 브러쉬나 안쓰는 칫솔로 문질러 주면 잘 지워져요. 꼭 물로 세척야해요!  4. 필요시 주식회사 켐프의 아연코팅제 GPLUS를 사용하면 투명코팅이 되어 녹의 재발을 방지해주고 내식성능을 높일 수 있어요.  5. 아무 제품이나 사용하지 말고, 주식회사 KEMP(켐프)의 제품처럼 친환경적이며, 안전한 제품을 사용해요!  6. 켐프의 제품 중 세라믹아연도금은 스테인레스 대체, 용융아연도금 대체로 활용되는 친환경 제품으로 철구조물 현장 보수에 많이 쓰이고 있다고 해요.   #주식회사켐프 #kemp #녹제거 #녹제거제 #자전거녹제거 #화장실청소 #욕실청소 #자동차녹 #공구 #친환경 #인테리어",https://www.instagram.com/p/DH7yEKdJfau/
606,20250402,인스타그램,"발리 사누르에는 안다즈,하얏트,마야 호텔이 3대장 으로 유명한데요. 저는 동남아 체인 브랜드인 마야 사누르 호텔에 방문해봤어요 해변과 바로 연결되어있어서 언제든 바다로 뛰쳐나갈 수 있는것이 장점이예요🏖 엄청 세련되거나 고급스럽다기보단 발리 특유의 평화롭고 조용한 분위기의 호텔이예요 저희는 제일 기본룸이었지만 넓고 룸컨디션도 깨끗! 외출하면 오후에 한번 더 들어와서 청소해주는것도 좋아요 5성급 호텔다운 초특급 친절함도 좋았구요 무엇보다 엄빠들이 키즈클럽에 애들 밀어놓고 나가는게 최고 부럽.....ㅋㅋㅋㅋㅋㅋ 선생님들이 엄청 잘 놀아주더라구요 조금만 더 크면 겨미도 가능하지 않을까 싶어요?  베이비체어 있는 자전거도 무료로 빌려줘서 비치워크를 신나게 달렸답니다🚴‍♀️ 안다즈나 하얏트에 비해 가격도 20만원대 정도로 훨씬 저렴해서 사누르에 간다면 다시 한번 방문할것 같아요",https://www.instagram.com/p/DH7xllJzo1x/
607,20250402,인스타그램,개나리도 보고 🌼벚꽃도 보고🌸 눈도 맞고 ❄️ 비도 맞았던 ☔️  스펙타클 4계절 체험 라이딩 🚲  이번주 라이딩은 제발 따뜻했으면 🥹🥹🥹  📸 @jae85281   #로드자전거 #사이클 #자전거 #라이딩 #양수라이딩 #두물머리라이딩 #cycling #roadcyclinglove #hjchelmet #에이치제이씨,https://www.instagram.com/p/DH7xpXMx8ja/
608,20250402,인스타그램,. . . #자전거투어링🚴  #일본종주중,https://www.instagram.com/p/DH7xaTcyo8i/
609,20250402,인스타그램,#20250402 #취미생활 로  나도 해 봄.^^  #자전거 #당구 #등산 #스노우보드 #캠핑  #챗gpt #지브리,https://www.instagram.com/p/DH7xI8Vy60m/
610,20250402,인스타그램,"#협찬  ROC-3 금속 표면 녹 제거제  1. ROC.3는 냄새가 거의 나지 않으며, 피부에 닿아도 위험하지 않아 장갑을 끼지 않고 사용할 수 있어요.  2. 동봉되어 있는 설명서대로 따라하니 녹제거가 아주 잘 되요. 가벼운 녹은 바로 없어지고 오래된 녹은 여러번 반복하면 좋을거 같아요.  3. 녹 제거 부위에 ROC.3 도포 후 10분~20분 정도 뒀다가 물로 세척, 필요 시 브러쉬나 안쓰는 칫솔로 문질러 주면 잘 지워져요. 꼭 물로 세척야해요!  4. 필요시 주식회사 켐프의 아연코팅제 GPLUS를 사용하면 투명코팅이 되어 녹의 재발을 방지해주고 내식성능을 높일 수 있어요.  5. 아무 제품이나 사용하지 말고, 주식회사 KEMP(켐프)의 제품처럼 친환경적이며, 안전한 제품을 사용해요!  6. 켐프의 제품 중 세라믹아연도금은 스테인레스 대체, 용융아연도금 대체로 활용되는 친환경 제품으로 철구조물 현장 보수에 많이 쓰이고 있다고 해요.   #주식회사켐프 #kemp #녹제거 #녹제거제 #자전거녹제거 #화장실청소 #욕실청소 #자동차녹 #공구 #친환경 #인테리어",https://www.instagram.com/p/DH7xPw8Je-j/
611,20250402,인스타그램,"⠀ 리저브 휠셋 3종 럭키 핫딜☘️☘️☘️ ⠀ 🚴 더 멀리. 더 빠르게. ⠀ 리저브는 복합 엔지니어링부터 공기 역학 및 고성능 자전거 설계분야까지 수십년간 쌓아온 경험을 바탕으로 2023년 3대 그랜드 투어에서 모두 우승하는 진기록을 세운 휠입니다. ⠀ 🏆 챔피언의 선택, 리저브 이제, 그 특별한 휠을 20% 할인된 가격으로 만나볼 수 있습니다. 새로운 속도를 경험할 준비가 되었다면, 지금 바로 문의하세요. ⠀ ⠀ ✅적용모델: 리저브 34|37, 40|44, 52|63 카본 휠셋 3종 (DT240 허브 모델) ✅기간: 25년 4월 2일 부터 (소진시 종료) ✅가격:̶3̶5̶0̶ -> 280만원 ✅구매처: 전국 메리다 스토어 ⠀ #리저브 #리저브휠 #자전거휠 #자전거휠추천 #휠 #이벤트 #봄이벤트 #라이딩 #로드자전거 #로드자전거휠",https://www.instagram.com/p/DH7xNuSSQax/
612,20250402,인스타그램,". .🔥🔥25년에  봄부터 날씨가 더워진다는 기사 보셨나요~~?!  이번 여름에는 더~욱더 덥다고 하네요ㅠㅠ  . .  이젠 선풍기없이 외출은 너무 힘들다구요!  열이 많은 아기들은  밖이든 집안이든 선풍기 필수예요 ❤️  . .  유모차, 아기자전거, 킥보드  어디든 고정해서 사용할 수 있답니다 🫶🏻 . .  전자파 걱정이 없는  네이버 판매량 1위 ! .  . . . 🍒몽쿨 유모차 선풍기 공구가로 만나보세요 : D  . .  ✨몽쿨유모차 선풍기 check point ✨  - 몽쿨 수면풍 기능  (유아의 호흡에 집중한 유아공학적인 바람)  - 자동회전 기능 - 위험 날개 없는 바람 - 만능 거치대 - 2025년 신형 BLDC모터 장착 - ABS소재 - 고성능 보호회로 장착 대용량 배터리 . . . .  🤍 공구기간: 04/01~14일(일)  🤍 배송기간: 오후 4시 이전 주문 당일출고  🍓 구매문의는 댓글, 디엠주세요",https://www.instagram.com/p/DH7xNNXTeb6/
613,20250402,인스타그램,오늘은 날씨가 느므 좋아서 아침에 자전거 타고 출근했더니 하루종일 컨디션이 좋네! 봄 맞다🌸🌸,https://www.instagram.com/p/DH7xFvMRAea/
614,20250402,인스타그램,. . . #자전거투어링🚴  #bicycle_photos  마지막을 향해…😭,https://www.instagram.com/p/DH7w-ZCS-ot/
615,20250402,인스타그램,🎧 운동할 때 딱! 순토 골전도 이어폰 4종 🔥 🔊 귀를 막지 않아 안전하게! 🎶 스포츠 활동에 음악을 더하다!  🏃‍♂️ 러닝 & 라이딩 🔼 순토 윙 🔦 LED 라이트 + 30시간 배터리 🔼 순토 소닉 ✨ 가볍고 스타일리시 + 10시간 사용  🏊‍♀️ 수영 & 철인3종 🔼 순토 아쿠아 🌊 수심 5m 방수 + 수영 자세 분석 🔼 순토 아쿠아 라이트 🏅 10분 충전 3시간 사용 + 32GB 음악 저장  📸 이미지 넘겨보며 비교해보세요!  #Suunto #순토 #골전도이어폰 #운동필수템 #러닝 #수영 #자전거,https://www.instagram.com/p/DH7wPqxu26h/
616,20250402,인스타그램,#chatgpt#로드자전거#일상#취미#cycling   따듯한날이 왔으면 좋겠다. 우리 같이 라이딩해요❤️,https://www.instagram.com/p/DH7vfMfPf1U/
617,20250402,인스타그램,사람 구경한 날 #⛱️🌊  #맨해튼비치 #😍 #🏖#california #일상 #바다#비치#beach#엘에이 #자전거#🚲,https://www.instagram.com/p/DH7uXxVRwIs/
618,20250402,인스타그램,익절이 올 봄 첫라이딩은 🐦🚲와 함께 금강 종주로에서 개시함  자전거 도로 되게 잘 되어 있어서 달릴 맛 남   이와중에 억새밭도 피해갈 수 없는 헤완얼의 법칙... 반삭해도 예쁨😍  #자전거 #금강자전거길 #부여 #부여자전거 #부여백마강 #백마강 #자전거길 #부여자전거길 #부여여행 #부여살이 #억새밭 #금강 #도플갱어 #라이딩  #lifewithoutatrendingaudio,https://www.instagram.com/p/DH7upOLzApV/
619,20250402,인스타그램,"🏁 2025 BWCK (Brompton World Championship Korea) 안내 🏁 전 세계 브롬톤 라이더들의 축제, 브롬톤 월드 챔피언십 코리아가 다시 돌아왔습니다!  📍 일시: 2025년 4월 26일 (토) 📍 장소: 경기 여주시 당남리섬 ⠀ 올해 벨로하우스가 BWCK에 함께합니다! 현장에서만 만날 수 있는 신제품 공개, 🎯 룰렛 이벤트, 🎁 사은품 증정, 그리고 브롬톤 유저라면 놓칠 수 없는 커스텀 악세사리 전시까지!  나만의 브롬톤, 디테일을 더하다.  벨로하우스 프리미엄 커스텀 파트! 행사 당일, 우리 당남리섬에서 만나요! ⠀ #BWCK2025 #벨로하우스 #브롬톤 #자전거축제 #바이크페스티벌 #당남리섬 #브롬톤커스텀 #이벤트가득 #BWCK #벨로하우스송파 #벨로하우스검암",https://www.instagram.com/p/DH7u-ltSTLw/
620,20250402,인스타그램,"250402"" 작년에 이어~ 유치원 납품. 미래 고객님들 안전하고 신나게 달려요! {지금, 여기서 행복할 것}🙋 🚲👍🚲👍🚲👍  #자전거납품 #유치원납품 #잠재고객 #딩고자전거 #김해자전거  #장유자전거  #자전거타는마을  #삼천리자전거_장유젤미점  #첼로자전거_장유젤미점  #예거자전거_장유젤미점  #몬드레커_장유젤미점 #다혼자전거_장유젤미점  #gt자전거_장유젤미점  #매주월요일휴무  #장유 #소통 #자덕  #산악자전거 #로드자전거 #고프로 #gopro  #shimano #sram",https://www.instagram.com/p/DH7t2rpyee_/
621,20250402,인스타그램,#챗지피티 #지브리 유행에 동참 #동네한바퀴 #포메라 #FMR #양산 #부산 #AXS #MTB #자전거 #라이딩 #OAKLEY #운동 #취미 #여행 #양산 #부산 #AXS #ETAP #양산가볼만한곳 #부산여행 #꿀잼 #데이트코스 #사진 #DTSWISS #SRAM #GIRO,https://www.instagram.com/p/DH7sKsbvZiw/
622,20250402,인스타그램,"안녕하세요. 위클 여의도점입니다.  꽃피는 봄날의 라이딩을 캐논데일 봄맞이 프로모션과 함께 준비해보세요.  다양한 장르의 캐논데일 자전거는 라이더의 봄날을 함께 달립니다.  ​ 🧭 기 간 - 2025년 4월 1일(화) ~ 4월 30일(수)  ​ 🎉 프로모션 혜택  - 캐논데일 완성차 최대 40% 할인 *특정 모델 구매 시 최대 167만원 상당의 선물 증정  ​봄맞이 프로모션은 전국 캐논데일 공식 대리점에서 진행되며, 캐논데일 자전거를 특별한 혜택으로 만나보실 수 있습니다.  포로모션 관련 문의는 위클 여의도점을 방문해주시거나 매장으로 연락주시면 안내해드리겠습니다^^  #위클 #위클여의도 #위클여의도점 #캐논데일 #봄 #프로모션 #LAB71 #슈퍼식스에보 #스카펠 #탑스톤",https://www.instagram.com/p/DH7rURSzb_E/
623,20250402,인스타그램,티비에 나오는 자전거타는 언냐가 무서운 꼬질이😊💕,https://www.instagram.com/p/DH7qB3VTvmU/
624,20250402,인스타그램,자전거길 234km완주를 목표로 오셨지만 나는 숨겨진 길을 살짝 보여드린다.  이게 진짜 자전거 여행이지 ㅎㅎㅎ,https://www.instagram.com/p/DH7pkivJ2XB/
625,20250402,인스타그램,#주권행사  #영주2투표소 #트렉자전거🚴  #파면 #8:0 #오늘도감사😂😍😋  #즐살그맞😂😂😂😂😂,https://www.instagram.com/p/DH7p3HCSDru/
626,20250402,인스타그램,"봄부터 날씨가 더워진다는 기사 보셨나요~~?! 작년에도 더워서 외출하기 너무 힘들었는데 이번 여름에는 더~욱더 덥다고 하네요ㅠㅠ 이젠 선풍기없이 외출은 너무 힘들다구요!  열이 많은 아기들은 밖이든 집안이든 선풍기 필수예요 ❤️  유모차, 아기자전거, 킥보드 어디든 고정해서 사용할 수 있답니다 🫶🏻  전자파 걱정이 없는 네이버 판매량 1위, 후기 만이천개 이상! 몽쿨 유모차 선풍기 공구가로 만나보세요 : D  ✨몽쿨유모차 선풍기 check point ✨  - 몽쿨 수면풍 기능 (유아의 호흡에 집중한 유아공학적인 바람) - 자동회전 기능 - 위험 날개 없는 바람 - 만능 거치대 - 2025년 신형 BLDC모터 장착 - ABS소재 - 고성능 보호회로 장착 대용량 배터리  🤍 공구기간: 04/01~05일(토) 🤍 배송기간: 오후 4시이전 주문 당일출고 ⠀ ⠀⠀⠀ 🍓 구매문의는 댓글, 디엠주세요",https://www.instagram.com/p/DH7pwgbyYhR/
627,20250402,인스타그램,"🌸 2025 경주 벚꽃 나들이 리벤지 성공기 🌸  올해 경주벚꽃여행은 원없이 즐겼던 때였어요  1️⃣ 지나가는 분들 덕택에 얻었던 황리단길 사진 팁! 화단의 수선화를 카메라 앞에 놓고 로우앵글로 촬영합니다‼️  이번에는 신라한복을 24시간 대여해서 다음날 오전까지 입을 수 있었는데요! (₩70,000)  다음날까지도 풀리지 않는 헤어스타일!  한복 안 입고 왔으면 억울했을 뻔😆  8️⃣ 올해 경주시 공영자전거 #타실라 를 타고 좀 멀리까지 발길닫는 대로 가보니 관광지가 아닌 경주시의 일상적인 풍경도 발견하고 여행의 묘미를 느꼈어요  9️⃣ 한옥이 멋진 월지브레드도 발견하고  🔟 북천의 벚꽂  풍경도 발견하고  12번 사진에서처럼 #표암 이라는 유적지도 발견했어요 표암은 화백회의를 열어 신라 건국을 논의한 역사적인 장소!  작년의 실패가 없었다면 올해의 완벽한 여행도 없었겠죠. 시행착오도 결국 여행의 일부!  #경주벚꽃 #경주여행 #gyeongjucherryblossom #벚꽃여행 #한복여행 #불국사 #동궁과월지 #벚꽃스팟 #경주가볼만한곳 #봄여행",https://www.instagram.com/p/DH7ppeyzf90/
628,20250402,인스타그램,내가 벚꽃을 보러 멀리가지 않는 이유  1. 나이 먹어서 귀찮다 2. 어디를 가던 벚꽃은 다 이쁘다 3. 명소는 사람이 너무 많다 4. 하남시 벚꽃길이 전국에서 제일 이쁘다  @hanam_city   ㅇㅈ..??  #봄 #벚꽃 #벚꽃나무 #벚꽃맛집 #하남 #하남시  #하남시벚꽃 #자전거도로 #덕풍천  #풍경 #출사,https://www.instagram.com/p/DH7pEstT9_-/
629,20250402,인스타그램,챗gpt에게 원피스스타일로 그려죠했더니 ㅋㅋ 원피스를 입혀주심🤣 #chatgpt  #자전거타는여자 #재미난다😆,https://www.instagram.com/p/DH7ocxPyQu2/
630,20250402,인스타그램,_  이틀동안 몸살로 죽게 아프다가 이제 조금 살아남 나이먹으니까 회복도 느리고 서럽네 진쨔ㅑㅑ😵 그래도 내일은 자전거 탈 수 있겠지?  #건강이최고 #감기조심하세요   _,https://www.instagram.com/p/DH7oXY-pmhb/
631,20250402,인스타그램,"#협찬 🍯오늘의 꿀템🍯 🎁 켐프 친환경 녹제거제 🎁 친환경으로 안전하게, 녹을 제거하는 스마트한 선택!🌱 켐프 친환경 녹제거제 사용해본 썰 푼다~~~!! 안녕하세요, 여러분! 루편이 들고온  켐프 친환경 녹제거제! 남성분들은 이거 진짜 좋아하실거라고 생각돼서 얼른 썰 풀어볼게요 ㅋㅋㅋ 이 제품은 환경을 생각한 안전한 성분으로 만들어져서 녹 제거가 필요할 때 정말 유용해요 세라믹 아연도금은 스테인레스 대체 및  용융 아연도금 대체로 활용되는 친환경 제품으로 철 구조물 현장 보수에 많이 쓰이고 있다고해요 마침 택배박스 칼이 작동하지 않을 정도로 녹이 슬어서 여기에 호다닥 뿌려봤습니다 이 제품의 가장 큰 장점은 바로 ROC.3라는 성분인데요 냄새가 거의 나지 않고, 피부에 닿아도 안전하다는 것이 정말 마음에 들었어요 사용 방법도 간단 녹 제거 부위에 도포한 후 10분에서 20분 정도 기다렸다가 물로 세척하면 되구요 필요할 경우 브러시나 안 쓰는 칫솔로 문질러주면 더욱 효과적이에요 마지막에 꼭 꼭 물로 헹궈주기!! 녹이 사라진 자리는 깨끗하고 반짝반짝해졌고 버리려던 칼의 새로운 변신이 괜히 즐겁더라구요 ㅋㅋ 이렇게 간편하게 녹을 제거할 수 있다니 캬~😍 또 켐프의 아연코팅제 GPLUS와 함께 사용하면 투명 코팅이돼 녹의 재발을 방지할 수 있다고 하니 미리 뿌려두는게 좋겠죠? 온 가족이 사용하는 물건에 뿌리는거니까 아무거나 사용하지말고 이런 친환경 제품을 사용하자구요💚 공식 인스타 계정 @kempkorea #주식회사켐프 #kemp #녹제거 #녹제거제 #자전거녹제거 #화장실청소 #욕실청소 #자동차녹 #공구 #친환경 #인테리어",https://www.instagram.com/p/DH7nifsy12r/
632,20250402,인스타그램,"살이 가장 빨리 빠지는 운동 Top 5 ⠀ 다이어트를 계획중이시라면 오늘 운동들을 위주로 하는 것을 추천드립니다 ✅ ⠀ 단시간내에 가장 많은 칼로리를 태울 수 있는 러닝, 자전거타기, 수영 줄넘기, 복싱 중에 어떤 운동을 가장 선호하시나요? ⠀ 이 영상을 같이 보여주고 싶은 친구들에게 공유해주세요 🚀 ⠀",https://www.instagram.com/p/DH7mbMZJQHG/
633,20250402,인스타그램,날이 좋아😍 팔당 자전거 타러 다음엔 양수리 까지 가야지!   #팔당역 #팔당라이딩 #자전거 #능내역  #면포도궁 #도너츠,https://www.instagram.com/p/DH7mcD8z5DI/
634,20250402,인스타그램,"🌸 2025 경주 벚꽃 나들이 리벤지 성공기 🌸 올해는 지나가는 분들 덕택에 발견한 경주 벚꽃사진 베스트스팟도 찾았고요, 이 베스트 스팟 여러분들께도 알려드리고 싶네요!   지금 경주 찾으신 분들 이 릴스보고 꼭 베스트샷 찾아보세요‼️  작년에 경주 당일치기 벚꽃 여행 대실패... (한복 입고 자전거 타다가 치마는 체인에 끼고, 삼각대는 버스에 놓고, 결국 불국사는 못 보고 황룡원 벚꽃  역광 사진만 남기고, 제대로 사진도 몇장 건진게 없는...)  그 한을 갚기 위해 1년간 벼르다 올해는 평일 1박 2일로 제대로 다녀왔죠!  너무 가열차게 놀아서 어제부터 감기몸살 기운이 찾아와서 오늘 이 좋은 날씨에 침대에서만 누워있어도... 사진과 영상 보니 행복하네요💝  #경주벚꽃 #경주여행 #gyeongjucherryblossom #벚꽃여행 #한복여행 #불국사 #동궁과월지 #벚꽃스팟 #경주가볼만한곳 #봄여행 #황룡원벚꽃 #경주벚꽃사진잘찍는법",https://www.instagram.com/p/DH7laegTa_j/
635,20250402,인스타그램,시즌온하고 슬슬 자전거가 재미 있어지고 있어‧₊˚ ⋅⊹ ࣪  코미디 그 자체인 홀릭오빠랑 약빤별이랑 한탕하고 올트에서 같이 수업받고 1년만에 뭉다예랑 라이딩❣️  #자전거 #사이클 #cycling #roadcycling  #써벨로 #cervelo #운동 #오운완,https://www.instagram.com/p/DH7lnTfS1A5/
636,20250402,인스타그램,GRC TECH XRD GLOVES   #grc #grckorea #cyclingwear #cycling #자전거 #라이딩 #grcgallery #Gentlemanracingclub #Greatriderclub #grccycling #ridewithgrc #cycling gloves #자전거장갑,https://www.instagram.com/p/DH7ldaSyqot/
637,20250402,인스타그램,@epiunni 라이딩 67km 우습제 사진찍고 공산면 보급하고 영산강도로타고 복귀 오늘도 국밥먹고 커피 냠냠냠 날씨 쥬기네🚴‍♂️👍👏🔥  #라이딩#부부라이딩#에피언니#자덕#자덕부부#운동스타그램#운동하는부부#오운완#새운완#목포#남악#무안#일상스타그램#기록스타그램#캐니언#에어로드#MVDP #펠라#파노말스튜디오#펠코너#일상#기록#운동#라파#cycling#목포자전거#목포라이딩#남악자전거#남악라이딩#무안자전거,https://www.instagram.com/p/DH7j1Rqvugk/
638,20250402,인스타그램,딩딩이의 첫 네발자전거 라이딩❤️  #6살언니,https://www.instagram.com/p/DH7jjjkSeph/
639,20250402,인스타그램,홍콩에서 브롬톤 투어😗☝️ 가기전에 직접 라이딩 코스도 짜보고 나름 열심히 계획을 세웠지만 막상 가보니 시내 자전거 주행은 난이도가 상당 했습니다😝😝 좌측 통행에 엄청난 교통량... 적응이 쉽지 않았지만 가끔씩 자전거 타는 현지인이 보일때 마다 용기를 내서 탔던것 같네요🤣  오전 침사추이 투어는 이동거리가 짧았지만 가는 곳곳 홍콩의 풍경을 만끽할수 있었습니다🤩🤩  📷@365_happy_day_lee @yong76056312  #홍콩 #hongkong #tsimshatsui #침사추이 #빅토리아하버 #시계탑 #브롬톤 #brompton #에그타르트 #파인애플번 #미슐랭 #딤섬 #라이딩 #투어 #자덕스타그램,https://www.instagram.com/p/DH7jI_pSWg1/
640,20250402,인스타그램,#자전거 #로드자전거 #자린이 #자덕 #라이딩그램 #라이딩스타그램 #riding #rodebike #cycle #cycling #cyclinglife,https://www.instagram.com/p/DH7iRPXSYFs/
641,20250402,인스타그램,"📢2025 4월 수원 새소식 알려드려요!! ⬇️자세한 내용은 더보기 눌러 확인⬇️  ☑️지킬앤하이드 전국투어, 수원에서도 공연 -25.7.25(금)~7.27(일) -경기아트센터 (효원로307번길 20) -공연 진행 캐스팅은 차후 공지될 예정  ☑️황구지천 벚꽃축제 축소 운영 -25.4.5(토)~4.6(일) -메인 행사를 제외한 버스킹 공연, 먹거리, 체험 부스 등은 정상적으로 운영될 예정  ☑️수원연등축제 -25.4.19(토) 11:00-21:30 -화성행궁광장, 장안문, 팔달문 일대 -체험프로그램, 콘서트, 연등행렬 예정  ☑️영통도서관 5층 규모로 개관 -기존에 있던 도서관은 5월까지 철거 후 6월부터 신축 도서관 착공 예정 -지하1층~지상4층, 1,573평 규모  ☑️19세 청년에게 문화예술 관람비 지원 -대상: 대한민국 19세 청년 (06.1.1~06.12.31 출생) -내용: 1인당 연 10~15만원 공연, 전시 관람비 지원 -신청기간: 25.3.6(목)~5.31(토) -신청방법: 청년문화예술패스 누리집 온라인 신청  ☑️행궁동, 광교산 일대 자전거 대여소 운영 -4월~11월 공영자전거대여소 운영 -위치: 화성행궁광장, 상광교 버스 정류장, 반딧불이 쉼터  *본 게시물은 2025년 4월1일 기준 작성되었으며, 세부사항은 변경될 수 있으니 참고 바랍니다.",https://www.instagram.com/p/DH7h0saPeaA/
642,20250402,인스타그램,"이번주에 꼭 가보세요!!🌸 (저장❤️공유❤️)  월요일(3.31)에 다녀왔어요. 아직 만개 전인데도 벚꽃이 너무 예쁘더라구요.  이번주에 만개할듯해요🌸🌸❤️  독수리자전거 타고 벚꽃터널에서 사진 꼬옥~찍으세요🌸🩷🩷  커플들도 많고 웨딩스냅촬영도 많이 하더라구요! 데이트하기에도 넘 좋은 곳이에요🌸  📍가야랜드 경남 김해시 인제로 368 가야랜드  운영시간 10:00~17:30(17시입장마감)  입장료 6,000원 #24개월미만무료  빅5 16,000원 / 자유이용권 23,000원  놀이기구마다 운영시간 있어요. (매표소에서 시간표 줘요.)  ✅️윤이네Tip  영유아들이 탈 수있는 놀이기구 많아요.  저희는 아윤이가 놀이기구를 무서워해서 입장료만 내고 들어가서  아윤이가 탈만한 놀이기구 1개씩 결제해서 탓어요. (1개 3,000원)  동물농장, 미니수족관, 쥬라기월드 입장 무료에요.  엄청 넓어요. (유모차 추천)  외부음식 반입금지❌️ (식당, 매점, 수유실 있어요.)  벚꽃도 너무 예쁘지만 놀이공원이 엄청 넓고 구경할것도 많고 영유아들 탈 놀이기구도 많아서 아윤이랑 경상도 내려갈때마다 갓엇어요. 집만 가까우면 자주 가지않을까 할 정도로 넘 좋아요👍👍  #가야랜드 #아이랑가볼만한곳 #김해",https://www.instagram.com/p/DH7hbS4z6Ar/
643,20250402,인스타그램,"#광고  초경량 스포츠 선글라스! 🕶️ 안쓴 것 처럼 편해서 장시간 야외운동에도👍  편광 렌즈로 햇빛이 강한 환경에서도 선명한 시야까지  테니스와 같은 액티브한 스포츠 활동에 좋아요!  자전거, 러닝, 골프 등 격렬한 움직임 ⁉️ 걱정마세요 흔들리지 않는 편안함🤭  오랜시간 착용해도 귀와 코에 피로감 없어요! 밀착력 테스트☑️  스포티한 스타일 까지 다양한 스포츠 웨어와 어울려요  무난한 컬러로 어디에든 잘어울린답니다🙌  #스포츠고글 #스포츠선글라스 #초경량고글 #비츠로만 @bitro_man",https://www.instagram.com/p/DH7grOTT_XP/
644,20250402,인스타그램,Repost @athenachan RCC sunday coffee ride🩷 支持 @tracylpling 🥳✌️  好感謝尋日嘅車友幫我影咗好多靚相啊！🫶 張張都好靚，所以我一次過po晒出嚟😹 封面相個位打卡真係好正😻  #자전거 #자전거타는여자  #hkgirl #hkinfluencer #athenacycling  #womencycling #グルメライド #hjcsports #DAREBikes #DAREBikesHK #myDARE #realride #enve #騎車港女 #hkcyclist  #slipstream #slipstreamjersey #cyclingjersey  #rccgroupride #rcccoffeeride  #femmecyclingasia,https://www.instagram.com/p/DH7g0r2CJ9F/
645,20250402,인스타그램,다양하게 재미나게 나만의 스타일로 세팅을 하기  재미난 테스트 가능하게 도움주신 #지비스 #TAVELO   #로드자전거전문 #킹바이크본점  즐겁게 테스트 중입니다  오늘도 즐겁게 운동하면서~~ 시작하네요,https://www.instagram.com/p/DH7gp1axavV/
646,20250402,인스타그램,Repost @jiyoungcycling # 벚꽃이 피려다 눈 오는거 보고 ☃️ 눈치보고나봐여😳  4월은 봄이니까 활짝 펴주라🌸  반빕 입고싶다규~  📸 @tigerbm0409  #cycling #cyclingtips #cyclinglife #cyclingpassion #bycicles #roadbike #자전거 #한강자전거 #자전거옷 #자전거고글 #남산자전거  #femmecyclingasia,https://www.instagram.com/p/DH7gpTBCNkF/
647,20250402,인스타그램,3콩스맘 러닝 🏃‍♀️   셀프 동기부여 후 부지런하게❤️‍🔥  요가-자전거-러닝-자전거 .....중간 없는 나😇  자전거 타고 공원 갔는데 차 타고 온 줄 알고 주차장에서 내 차 잠.깐. 찾음 (내 차가 안보여서 머리에 리모콘 대고 찾을뻔🙄) 습관이란 무섭죠...🫠  동마티만 너무 입어서 오늘은 한글런티로(대회티 돌려입기♾️ ) 뒷면이 더 예쁨🤍 . #3콩스맘러닝 #러닝 #러닝기록 #운동기록 #오런완 #조깅,https://www.instagram.com/p/DH7gEdEyKXF/
648,20250402,인스타그램,🚴🏻‍♀️  이번주도 드릉드릉🚴🏻‍♀️💨  대회사진 감사합니다🙏 @kumdibike @fixxnutrition.korea @동부mtb  🪖 @crnk_sports 👚 @psycle.official @vrtisticaibe   #고성그란폰도 #그란폰도 #고성 #라이딩 #자전거 #로드자전거 #cycling #roadcycling #riding,https://www.instagram.com/p/DH7fwCGvo4c/
649,20250402,인스타그램,"1977년 질베르투 Gilles Berthoud에 의해 설립된 베르투 사이클Berthoud Cycles은 프랑스 손에루아르 주의 플로흐빌르에 위치하고 있습니다. 베르투 사이클은 창업 초기부터 고객의 높은 수준의 요구를 충족시키기 위해 주문 제작 및 소량생산을 진행하고 있습니다.  자전거의 세계에서 베르투 사이클 Berthoud Cycles의 이름은 디자인및제조품질, 우아함 및내 구성이라는 키워드와 자연스럽게 연결됩니다.  @berthoud_cycles   #rubiworkshop #berthoudcycles 루비워크샵 #베르투사이클",https://www.instagram.com/p/DH7foc5TgEg/
650,20250402,인스타그램,3km 런.   4분30초대 페이스  숨차서 죽을뻔   예전엔 어떻게 뛰었지?  호흡만 괞찮다면  좋겠다  #3km러닝 #3km런 #3km달리기 #3km러닝완료  #4분35초페이스  #아식스노바블라스트4 #노바블라스트4 #아식스노바블라스트4 #나이키런클럽 #런데이 #런데이챌린지 #삼성헬스 #안양천자전거길 #pb를향해서  #안양천 #점심에운동 #점심러닝 #봄날러닝,https://www.instagram.com/p/DH7fmGHybQx/
651,20250402,인스타그램,"포아이 파워미터 (애플 나의 찾기 기능 탑재)  안녕하세요. 애플의 나의 찾기 기능이 드디어 한국에서 사용가능하게 되었습니다  포아이 파워미터 Precision3+ 제품은 애플의 나의 찾기 기능을 통해   나의 자전거가 어디 있는지 실시간으로 위치 확인이 가능합니다.  그리고 분실방지 기능도 있어서, 자전거가 나와 일정거리 이상 떨어지게 되면, 아이폰에 알람이 오는 기능도 나의 찾기 기능에서 가능합니다.  소중한 나의 자전거, 이제 포아이 파워미터로 지켜주세요  (*나의 찾기 기능은 아이폰에서만 가능합니다.)  포아이 파워미터는 프로필링크 잔차나라에서 포아이를 검색해주세요  #자전거#파워미터#포아이#포아이파워미터#애플#나의찾기#파인드마이#findmy#applefindmy#운동#자전거#분실방지#자전거찾기",https://www.instagram.com/p/DH7fUnHSiGl/
652,20250402,인스타그램,Daily Mechanic‘s Room👋🏻 @panaracer_world 파나레이서 브랜드의 그래블 & CX 장르 타이어 제품인 그래블 킹 SK 35C 타이어 제품이 교체 세팅 서비스를 통해 출고 되었습니다🤤👌🏻🦾 그래블 & CX & 트랙클로크로스 장르에 완벽히 부합하는 파나레이서 브랜드의 그래블 타이어 모델들을 미케닉스 룸 온 & 오프라인 스토어를 통해 만나보실 수 있습니다🤙🏻 문의는 SNS 또는 유선 문의 부탁드립니다🤩 🏠 - 서울시 마포구 합정동 369-33(성지5길 8) 1층 ☎️ - 010-4025-6574 💻 - http://smartstore.naver.com/mechanicsroom 📱 - @mechanics_room (Facebook & Instagram) ⏰ - 월~토 12:30~19:30(일요일 휴무) 👀 - blog.naver.com/episodlcal . #미케닉스룸 #파나레이서 #그래블킹 #파나레이서그래블킹 #그래블타이어 #그래블 #사이클크로스 #그래블타이어 #로드바이크 #로드자전거 #그래블바이크 #합정동자전거샵 #마포구자전거샵 #합정 #홍대 #panaracer #gravelking #panaracergravelking #sk #gravel #graveltires #tire #clincher #bicycle #fixie #fixedgear #fixieporn #roadbike #trackbike,https://www.instagram.com/p/DH7e9LFyBag/
653,20250402,인스타그램,봄날 자전거 나들이  #아들스타그램 #자전거스타그램 #지브리,https://www.instagram.com/p/DH7eh4aSyYd/
654,20250402,인스타그램,"경주 지금 가야할 벚꽃 명소 6곳🌸 이제는 어디든 가도 되는 경주💕  1️⃣미추왕릉(대릉원 안) 대릉원 안 목련 스팟만 있는게 아니예요. 미추왕릉에도 예쁜 벚꽃이 가득!  2️⃣대릉원 돌담길 여긴 벚꽃피면 무조건 가야할 곳! 4월 4일부터 6일까지는 차량통제 후 “대릉원 돌담길 벚꽃 축제”가 열리며, 12일부터 27일 매주 토•일요일은 “상생마켓”이 열린답니다. *쪽샘지구 임시주차장(인왕동737-3)  3️⃣월정교 월정교 배경으로 벚꽃과 함께 사진 남겨보세요! 계림-월성해자-첨성대까지 걷기 좋아요~ *월정교 공영주차장(교동 153-5)  4️⃣첨성대 첨성대를 손 위에 올려놓고 찍어보세요^^ 첨성대 주변을 대릉원-동궁과월지까지 걷기 좋고 연날리기, 피크닉도 가능! *쪽샘지구 임시주차장(인왕동737-3) *도로 주변 주차 가능  5️⃣황룡사 마루길 국립경주박물관 맞은편으로 자전거 타기도 좋은길인데 사람들 없어서 조용히 거닐기 좋아요! 동궁과 월지와 황룡사지황룡사지 역사문화관 함께 가기 좋아요! *주차장 구황동 779-2  6️⃣선덕여왕길 예쁜 벚꽃길에서 맨발 걷기 가능하답니다~ 4월 12일 선덕여왕길 왕벚꽃 맨발 축제도 열리니 참고하세요! (먹거리, 신라복체험 부스 운영)  ✅신라복 대여 돌담길 한복 @a1hanbok  대릉원 근처라 대여하고 돌아다니기 좋고 신라복 뿐만 다양한 한복도 있어요!",https://www.instagram.com/p/DH7dwMuBJtT/
655,20250402,인스타그램,타이완 콤으로 유명한 타이루거 협곡.  좋은 사람들과 좋은 곳에서.  역시 자전거는 즐거워😁 @lameda_korea @evr_korea @jante_loven_official  📸 @uujaduck,https://www.instagram.com/p/DH7dbsPRI77/
656,20250402,인스타그램,"안녕하세요~ 베네피아 포항점 입니다  ･ิ▽･ิ   #미니쿠퍼#전동푸쉬카#유아전동차  📍평범한 전동차는 저리가라!! 📍푸쉬카 & 전동차 두가지 버전으로 사용가능한 📍미니쿠퍼 전동푸쉬카 등장!! 📍블루투스 가능 📍LED라이트 📍프리미엄 가죽시트 📍배터리 잔량 확인가능 📍리모컨 , 페달 , 푸쉬 전부사용가능  📢전국 택배 가능 📢첫만남이용권 가능 📢포항사랑 가능 📢백화점 상품권 가능   자세한 문의는 매장방문이나   054)281-5883  또는  DM으로 문의 바랍니다.   #베네피아#포항#육아용품#출산용품#유모차#카시트#자전거#킥보드#웨건#하이체어#바운서#장난감#전동차#붕붕카#포항맘#경주맘#아기전동차#아기푸쉬카#전동푸쉬카#전동차#유아전동차#유아푸쉬카",https://www.instagram.com/p/DH7c8RzhnHZ/
657,20250402,인스타그램,#서울 #동대문구 #이문동 #자전거 #라이딩 #중랑천 #한강 #봄 #응봉산 #개나리 #노주공세가 #예열 #토포악발 #고사  [보아라. 나는 주 문왕의 아들이자. 주 무왕의 동생이며. 주 성왕의 숙부이다. 천하에서 나의 신분이 고귀하지 않느냐? 하지만 나는 평소에 한번 머리를 씻는 중에. 몇 번이나 젖은 머리카락을 움켜쥐고 현인을 만나고. 한번 식사를 하는 중에 몇 번이나 입안에서 씹던 음식을 뱉고 현자와 고수를 만났다. 내가 이렇게 처신해도 천하의 현인과 고수를 잃을까 걱정한다. 네가 노나라에 간 후 군주의 신분으로 다른 사람들을 낮잡아 봐서는 절대 안 되느니라.]  주공 단의 이 말에서 기원한 일목삼악발(一沐三握發) 일반삼토포(一飯三吐哺)는 천고의 고전이 되고. 천고의 미담으로 지금도 전해지고 있다. 그로부터 천년이 지난 후 후한 말기(일명 삼국지)의 조조(曹操) 맹덕은 주공 단을 사모하며. 예의로 현자를 대하고. 목 마른 사람이 물을 구하듯. 현자를 등용한 주공 단의 풍채를 기리며. 주공토포(周公吐哺) 천하귀심(天下歸心)이라는 시를 썼다. 이로 인해 어질고 근면한 주공 단의 이야기는 더욱 많이 사람들의 입에 올라 감탄을 자아냈으며. 주공 단은 후세 사람들이 우러르는. 도달하기 어려운 높은 기준이 되었다. (구글)  이사야 55장 9 이는 하늘이 땅보다 높음 같이 내 길은 너희의 길보다 높으며 내 생각은 너희의 생각보다 높음이니라,https://www.instagram.com/p/DH7c6abPWHd/
658,20250402,인스타그램,"📍고리    망원동, 초등학교 앞에 새로 생긴 카페예요. 아기자기하면서 짙은 우드톤의 내부가 보문 같은 분위기인데, 디저트가 너무 맛있더라구요.     폭신한 모닝빵의 오이샌드위치는, 저 크림치즈가 아주 맛있더라구요. 빵에 크림치즈만 발라 먹어도 맛있을, 산뜻하면서 은은하게 달달한 크림치즈였어요.     오이맛은 거의 안 느껴지고 시원한 아삭함만 더해줘서, 부담스럽지 않게 드실 수 있어요. 후추가 느끼함을 좀 잡아주고, 로즈마리 잎이 향긋함을 더해줘서 고급진 디저트예요.     음료로는 호박팥우유를 강추드립니다. 이게 진짜 맛있더라구요. 호박팥차를 냉침한 달달한 밀크티인데, 약간 그 단호박죽에 가끔 팥 들어갈 때 있잖아요. 그 팥 맛이랄까요? 암튼 매력적이라 추천드립니다.    여기 위치가 동교초등학교 바로 앞인데, 카페에 앉아서 하교하는 어린이들을 보고 있자니 마음이 뭔가 울컥하는 게 있더라구요.     자전거 타고 아이를 데리러 오신 할아버지, 하교하는 아이들을 데려가는 태권도 관장님....까마득히 잊고 있던 어린 시절의 풍경들이 꿈처럼 펼쳐지는 이 기분을 여러분도 느껴보시라고 이 영상도 현장소리를 빼지 않고 넣어봤습니다.  위치 : 서울 마포구 망원동 421-4",https://www.instagram.com/p/DH7cmpqhilr/
659,20250402,인스타그램,캐논데일 봄맞이 프로모션 #강서구캐논데일  #가양동자전거  #양천향교자전거  #자전거포강가,https://www.instagram.com/p/DH7b7-Ry_JK/
660,20250402,인스타그램,속보! 4번사진^^ 안성살구나무 개화율 40~60% 어제 살구꽃이 잘피고 있다고  이곳 처음 발견하신 누이가 사진찍어서 보내주셨네요 #살구나무 #가로등풍경  #자전거풍경  #폐가  #언덕살구나무 #또다시봄 #그때그추억 #안성 #소식 #살구나무추억 #추억소환 #2024,https://www.instagram.com/p/DH7bvv4BdJB/
661,20250402,인스타그램,"루틴에 진심인 JJJ의 비결?!🌸  -  저를 오래 봐오신 분들이라면 제가 '루틴&습관'에 꽤나 진심인 걸 알고 계실 텐데요! 종종 그 비결을 묻곤 하세요.   오늘 읽은 책 <나는 습관을 조금 바꾸기로 했다>에 잘 정리된 내용을 나누려고 합니다💕  . .  📌 습관 만들기 5가지 비결  1️⃣ 일단 시작하라👊  우선 그냥 '일단 시작하는 것'이 중요해요. 이런저런 생각과 고민은 나중에!  독서 습관을 만들고 싶다면? 어떤 책을 읽을지, 살지 빌릴지, 얼마나 읽을지 등을 고민하지 말고 눈앞의 책 펼치세요.  2️⃣ 글로 적어라✍️  머리 속 생각들을 글로 적어보세요. 생각보다 할 일이 많지 않다는 걸 알게 됩니다. 적은 것 중 '지금 당장' 할 수 있는 것부터 하루에 하나씩 해보세요.  3️⃣ 목표는 작게😉  목표는 '터무니없이 작게' 잡는 것이 비결입니다.  ▫️공부 습관? '일어나 책상에 앉기'부터 ▫️운동 습관? '운동화 신고 현관문 열기'부터  4️⃣ 매일 하라🎡  개인적으로 가장 중요한 포인트! 목표는 작아도 좋지만, 빈도는 줄이면 안 돼요.  저의 경우를 예로 들자면, ▫️신문 습관: 3개월간 매일 신문 표지만 만져봄 ▫️운동 습관: 매일 3분씩 실내 자전거에 앉았다 내림 ▫️일기 습관: '오늘 뭐했더라?'라는 한 문장이라도 매일 작성  5️⃣ 시간을 정하라⏰️  기본이 되는 시간 관리! 기상,취침시간부터 정해두면 하루가 심플해집니다.  ▫️만들고 싶은 습관 시간 배정: 아침 기상 직후 독서, 저녁 식사 후 산책 등 ▫️없애고 싶은 습관 시간 제한: TV 시청, SNS 사용 시간 등  이렇게 정해두면 '무엇을 해야 할지' 고민하며 낭비하는 시간을 줄일 수 있겠죠?  . .  만들고 싶은 습관이 있는 분들께 도움이 되길 바라며🙏✨️  -  #성공습관 #습관 #습관만들기 #습관의힘 #루틴 #아침루틴 #루틴만들기 #새해다짐 #책추천 #자기계발 #자기계발서 #필독서  #달콤_북스 @dalkom_books",https://www.instagram.com/p/DH7bGAlzJ5W/
662,20250402,인스타그램,- 할미할배 밭일 하시는 동안 산책  #반천자전거도로  #등산하는강아지 #반려견등산 #산린이 #초보등산러 #반려견트레킹 #트레킹 #차박 #캠핑 #차크닉 #캠크닉 #닥댕이 #닥스훈트 #공탄이 #닥스훈트그램 #댕스타그램 #멍멍이 #dogstagram #dachshund #rexspecs #렉스스펙스 #강아지고글 #프로산책러🐶 #산책노예🚶‍♀️,https://www.instagram.com/p/DH7bPCSzF_c/
663,20250402,인스타그램,4월2일 수요일 날씨☁️ 온도7도  미세먼지 보통 ☺️ 공복러닝완료🏃🏻‍♂️  오늘은 요즘 유행인 지브리스타일로 🩷💛💛💖 ㅎㅎ  엄마와 찍은사진 지브리스타일로 바꿧다 ㅋㅋ 근데  엄마는 똑같이 생겼는데 나는 안똑같이 생김 ㅋㅋㅋ🙈  그래도 신기하다 🩷💖🌸🌼💛 ㅎㅎ 내일도 지브리스타일로..  운동인증 올려야지 ㅋㅋㅋㅋ 🌸🌼😆😆🍀🌈🙌🏻  오늘도 내가달릴수 있은 속도와 거리로!🌸🌼💖  5km 달리고 🏃🏻‍♂️  2km 걸었다 🚶🏻‍♀️  오늘도 고생했어 홍 💛🩷💖  🌈🍀💖💛오늘음악은 제이레빗 - Happy Things 🍀💖🌼🌸  #운동 #달리기 #러닝 #러너#런닝 #런린이 #헬스 #헬린이 #등산 #라이딩 #자전거 #수영 #running #운동은다좋아 #다이어트스타그램 #다이어트 #나이키러닝 #nike  #성공 #런스타그램 #헬스타그램 #등산스타그램 #러닝스타그램 #런닝스타그램 #오운완 #운동소통 #챗gpt #지브리,https://www.instagram.com/p/DH7a3V6PKUT/
664,20250402,인스타그램,베가베리 자덕모의 자전거팀 베가베리 자전거팀은 엔듀로 젤과 함께합니다.  낳 좋은날 함께 로드 사이클을 즐겼습니다. 베가베리파워젤과 함께 날도 좋고 너무 즐거웠던 하루!  #베가베리자덕모의 #자덕모의,https://www.instagram.com/p/DH7ZRIiv_-p/
665,20250402,인스타그램,"도시 전체가 나의 런웨이  전기자전거를 타고  It’s our show time! 아무도 우리를 막을 수 없어 이 자유로운 도시에서 패션쇼를 즐겨보자  고온에서 단련된 ""크롬몰리강"" 프레임 오늘의 #OOTD 를 안정적으로 받쳐준다.  페달을 반복해서 밟으며 1-9단계의 전동 보조력과 함께 패션이 딱딱하지 않고 유연하게 움직인다.  옷장에 새 옷을 채우면서 차고에도 멋진 새 자전거가 필요하다는 것을 잊지 마세요😉  #SEic #전기자전거 #어반드라이브스타일  #팻바이크 #ebike #urbandrivestyle  #Unimoke #UDX #miniu",https://www.instagram.com/p/DH7aZHVI631/
666,20250402,인스타그램,날씨 좋오타~~  남자 혼자는...  자전거타는 남자 독거노인 그리고  나..   ㅋㅋㅋ,https://www.instagram.com/p/DH7aeDKPE0l/
667,20250402,인스타그램,"🇰🇷금융 투자분석: 현 주  ❤️항상 열심히 오직 회원님들의 수익을 위하여 노력하겠습니다❤️  • 회원님의 동의를 받은 100프로 실제후기사진입니다 •  ☑️원금을 잃지 않는 금융 ☑️실시간 수익 확인가능 ☑️리스크 제로   “ 전문성을 바탕으로 확실한 정보제공“   “ 당신은 특별하니까, 대우도 특별하게“   “ 인연을 소중히❤️ 합니다“ . . . . . .  💬문의는 프로필하단 상담링크로 주세요⤵️⤵️⤵️  #자전거블랙박스 #카메라가방 #캐논카메라 #소니카메라 #어린이카메라 #인스탁스 #후지필름 #즉석카메라 #라이카 #필름 #캐논 #빔프로젝터 #lgtv #dvd플레이어 #tv스탠드 #스마트tv #티비거치대 #삼성tv #삼성85인치tv #블루투스스피커 #블루투스이어폰 #무선이어폰 #우퍼스피커 #에어팟 #사운드바 #블루투스헤드셋 #에어팟프로2세대 #홈시어터 #무선헤드셋 #턴테이블",https://www.instagram.com/p/DH7aK8bybK5/
668,20250402,인스타그램,"계산역 4번출구 도보 2분 거리에 위치한 최고의 헬스장 ""샌드짐""입니다!  운동은 건강한 삶을 위한 필수 요소로, 많은 사람들이 운동의 중요성을 인식하고 있습니다. 하지만 하루에 오랫동안 운동하는 것과 짧더라도 매일 운동하는 것 중 무엇이 더 좋은지에 대한 고민은 여전히 많은 사람들에게 남아 있습니다. 이번 블로그 글에서는 이 두 가지 운동 방식의 장단점을 비교하고, 어떤 방법이 각 개인에게 더 적합할지를 알아보겠습니다.   1) 장시간 운동의 이점  1. **체력 및 지구력 향상**   2. **칼로리 소모**   3. **운동의 다양성**   4. **사회적 상호작용**   5. **정신적 건강 증진**    2) 짧더라도 매일 운동하는 것의 이점 1. **일관성 유지** -> 습관형성 도움 2. **부상의 리스크 감소**   3. **시간 관리**   4. **정신적 이점**   5. **사회적 상호작용 기회**    3) 어떤 스타일이 나에게 적합할까?   1. **개인의 목표**      체중 감량이나 체력 향상이 목표라면 하루에 오랫동안 운동하는 것이 효과적일 수 있습니다. 반면, 운동 습관을 형성하고 싶다면 짧더라도 매일 운동하는 것이 좋습니다. 각자의 목표에 따라 운동 방식이 달라질 수 있음을 기억해야 합니다.   2. **일정과 생활 패턴**   바쁜 일상 속에서 시간을 내기 힘든 경우, 짧은 운동이 더 현실적일 수 있습니다. 반면, 주말이나 여유로운 날에는 긴 운동을 계획하는 것이 좋습니다. 예를 들어, 평일에는 짧은 운동을 하고, 주말에는 긴 하이킹이나 자전거 타기를 계획할 수 있습니다.   3. **운동 경험**       운동 초보자라면 짧고 간단한 운동부터 시작하는 것이 좋습니다. 점차적으로 운동 시간을 늘려가는 것이 안전하고 효과적입니다. 예를 들어, 처음에는 10분간 걷기부터 시작해 점차 시간을 늘리는 방식이 좋습니다.   4. **신체 상태**      부상 경험이 있거나 특정 건강 문제가 있는 경우, 짧은 운동이 더 안전할 수 있습니다. 항상 자신의 건강 상태를 고려하여 운동 계획을 세우는 것이 중요합니다. 예를 들어, 무릎이 아프다면 낮은 강도의 운동부터 시작하는 것이 좋습니다.   결국, 하루 오랫동안 운동하는 것과 짧더라도 매일 운동하는 것은 각각의 장단점이 있습니다. 가장 중요한 것은 자신에게 맞는 운동 방식을 찾아 꾸준히 실천하는 것입니다. 운동은 장기적인 헬스케어의 일환으로, 꾸준함이 가장 큰 효과를 발휘하므로 일상에 잘 녹아들 수 있도록 애쓰는 것이 좋습니다.   자신의 몸 상태와 목표에 맞는 운동 계획을 세우고, 즐거운 운동 습관을 만들어가는 것이 중요합니다. 운동을 통해 더 건강하고 행복한 삶을 누리시길 바랍니다! 🌟 💖  운동은 단순히 몸을 건강하게 만드는 것이 아니라, 정신적으로도 많은 이점을 가져다줍니다. 그러니 오늘도 즐겁게 운동하세요! 😊💪  여러분의 건강과 목표를 ""샌드짐""이 응원합니다~!  #계산동헬스장 #계산동헬스 #계산역헬스 #계산역헬스장 #계산역피티 #계산역PT #계산동피티 #계산동PT #계양구헬스장 #계양구헬스 #계양구피티 #계양구PT #계양역헬스장 #계양역헬스 #계양역피티 #계양역PT #계산동맛집 #계산동핫플 #계산역맛집 #계산역핫플 #단기 #장기 #단타운동 #장타운동 #맞춤 #운동 #다이어트 #체력 #매일",https://www.instagram.com/p/DH7aAkMzlHS/
669,20250402,인스타그램,"오늘의 유용한 꿀팁은🍯  공복 유산소 효과 TIP 입니다🐝  <공복 유산소 효과 TIP>  1️⃣ 런닝 아침에 공복 상태에서 런닝 효과는  체지방을 빠르게 태우는데 효과적입니다  •런닝을 할때에는 심장과 무릎에 부담이 오기 때문에 시작전 적절한 스트레칭과 페이스 조절은 필수 입니다!  2️⃣실내 자전거 달리기보다 관절에 부담이 덜 가기 때문에 무릎이 약한 분들께 추천 드립니다  •또한 체지방을 태우는데 효과적이고 하체 단련에 도움이 됩니다  3️⃣ 계단운동(스텝밀) 계단오르기는 평지 걷기보다  1.5배 칼로리를 더 소모하는 효과가 있습니다  •유산소 운동과 전체적인 하체 근육 ,근력을 키워주며 활발한 신진대사에도 도움이 됩니다  4️⃣ 일립티컬 팔,다리,복부,엉덩이,다리까지 모든힘이 들어가기 때문에 전신 칼로리 소모에 효과적입니다  •코어 강화 및 밸런스 강화에도 도움이 됩니다  ———————————————————————————  비전 휘트니스 매탄점은 회원님들에게 최적화된  운동 루틴을 제공합니다!  ✅매탄동 유일무이한 24시간 헬스장🤗  🔎오늘의 운동 정보가 유익하다면 ➡️ 좋아요&공유  더 많은 정보가 궁금하다면? ➡️ 팔로우✨   #수원헬스장 #매탄동헬스장 #인계동헬스장 #인계동pt  #매탄동pt #영통구청헬스장 #비전휘트니스 #비전휘트니스매탄점 #영통헬스",https://www.instagram.com/p/DH7Yh5PPhhf/
670,20250402,인스타그램,"📌 패션비즈 주요 뉴스 🗓️ 4월 2일  1️⃣ ‘더카트골프→더카트’ 스포츠 라이프스타일 플랫폼으로 확장 코오롱인더스트리FnC부문(대표 유석진)에서 전개하는 골프 전문 온라인 셀렉숍 ‘더카트골프’가 4월부터 골프와 스포츠를 함께 제안하는 플랫폼으로 확장하며 플랫폼명을 ‘더카트(THE CART)’로 변경한다. 더카트는 2020년 국내 최초의 골프 전문 편집숍으로 출발해 스타일리시한 골프 문화와 감각적인 큐레이션을 제안하며 국내 골프웨어 시장의 트렌드를 주도해 왔다.  2️⃣ 배재석·정학재·최운식 등 패션계 빅맨들 이동… ‘새바람’ 일으키나? 올해 패션기업들의 임원 인사는 굉장히 소극적이다. 경기 상황을 고려해 최소한의 변화만을 시도하고 있다. 이 가운데서 비즈니스에 꼭 필요한 인재를 영입해 분위기 쇄신에 나선 기업들이 있는데, 올해 패션 시장에 새바람을 일으킬 빅맨들은 누가 있을까.   3️⃣ 감성코퍼레이션, 75억 규모 1차 자사주 매입 ‘주주가치 제고’  ‘스노우피크어패럴’ 실적 상승에 힘입어 작년 역대 최대 실적을 달성한 감성코퍼레이션(대표 김호선)이 주주가치 제고를 위해 자사주 취득에 나선다. 이번 자사주 매입은 지난해 발표한 기업가치 제고 계획의 일환으로 2025년부터 2027년까지 직전 사업연도 당기순이익의 50% 이상을 주주환원하기로 한 발표에 따라 추진한다.  4️⃣ 의류·자전거·F&B·메카닉... 브롬톤런던 ‘올인원’ 플래그십스토어 오픈  더네이쳐홀딩스(대표 박영준)의 ‘브롬톤런던’이 글로벌 자전거 브랜드 ‘브롬톤’과 협력해 전 세계 최초로 자전거부터 의류, F&B, 자전거 정비, 커뮤니티를 한 데 모은 올인원 스토어를 롯데프리미엄아울렛 의왕점에 선보인다.   5️⃣ ‘남성·여성 컬렉션 한곳에’ 수아레, 성수동 플래그십스토어 선봬 워드로브컴퍼니(대표 김명진)의 컨템퍼러리 캐주얼 브랜드 ‘수아레’가 오는 4일 서울 성수동 연무장길에 플래그십스토어를 신규 오픈한다. 이번 매장은 수아레 브랜드 본연의 정체성을 온전히 체험할 수 있는 공간으로 구성해 다양한 고객과 활발히 소통할 계획이다. 연무장길 핵심 입지에 자리한 만큼 단순한 제품 판매를 넘어 ‘브랜드 체험’과 ‘소비자 소통’에 중점을 두고 운영할 예정이다.  6️⃣ ‘금값 상승 영향?’ 국산 주얼리 소비 역대 최저치 기록  월곡주얼리산업진흥재단 월곡주얼리산업연구소(이하 월곡연구소)에서 공개한 ‘일반주얼리소비자조사2024’에 따르면 국산 일반주얼리 소비가 역대 최저 수준으로 감소했다. 경제 불확실성과 소비 심리 위축이 주요 요인으로 작용하며 일반 주얼리 소비가 심각한 침체 국면에 접어들고 있다.  7️⃣ 드파운드 한남 쇼룸, 외국인 몰린다... 방문객 70% 비중  하고하우스(대표 홍정우)의 투자 브랜드 ‘드파운드’ 한남동 쇼룸 방문객 약 70%가 외국인 쇼핑족이라고 확인됐다. 패션 브랜드 매장, 카페, 전시 등 다양한 인프라를 구축하고 있는 한남동은 최근 MZ세대 및 외국인 관광객의 필수 쇼핑 성지로 자리 잡고 있다.  8️⃣ 한섬 더캐시미어, 리빙·잡화 편집숍 ‘누크더캐시미어’ 본격 전개 한섬(대표 김민덕)은 현대백화점 무역센터점 5층에 자사 라이프스타일 셀렉트 스토어 ‘누크더캐시미어(nooc the CASHMERE)’의 정식 매장을 오픈했다. 누크더캐시미어는 토털 라이프스타일 브랜드 ‘더캐시미어’가 선보이는 첫 리빙·잡화 전문 편집 매장으로, 따뜻하고 아늑한 공간 속 ‘나만의 취향’을 완성시켜 준다는 콘셉트로 기획됐다.   9️⃣ 스포티앤리치, 롯데에비뉴엘 잠실점 오픈... 뉴욕 플래그십 그대로 롯데백화점(대표 정준호)이 미국 스포츠 컨템퍼러리 브랜드 ‘스포티앤리치(Sporty & Rich)’의 세계 첫 백화점 매장을 에비뉴엘 잠실점 5층에 공개했다. 편안함과 고급스러움을 지향한 스포티앤리치의 뉴욕 플래그십스토어를 그대로 재현한 백화점 공식 1호 매장이다.",https://www.instagram.com/p/DH7ZCX4S2tE/
671,20250402,인스타그램,"✅ 오늘 저녁 8시 프리즘 라이브로 나트랑 에어텔 얼리버드 초특가 시작됩니다❤️‍🔥❤️‍🔥❤️‍🔥 대구/부산 최초 리조트 2개를 즐길 수 있는 믹스 상품 ‼️ 오직 여기만 있으니 이 혜택 놓치지 않으셨음 좋겠어요 🥹  ✅ 제공 리조트 1. 빈펄비치프론트 (시내, 가성비호텔)  2. 알마리조트 (역대급 키캉스)  3. 그랑멜리아 (신상 럭셔리 호캉스)  ✅ 믹스상품  1. 빈펄비치프론트 + 알마리조트 2. 빈펄비치프론트 + 그랑멜리아  ………………………..  ✅ 지운맘 픽  시내 관광, 투어, 쇼핑과 휴양을 동시에 즐기실 수 있는 믹스(Mix) 상품을 추천드리는데요!   하루는 빈펄 비치프론트에서 빈원더스, 시내, 스노쿨링 스팟에서 관광 즐기시고 다음 리조트로 넘어가셔서 ‘레이트체크아웃’ 까지 즐기시면서 푸근하게 호캉스 하시는거 강추! 드립니다 🤗❤️‍🔥  /  1️⃣ 그랑멜리아  ▪️조용한 휴양과 시내와의 접근성이 좋아 마사지, 쇼핑 등 가능함 ▪️시내, 빈원더스에서 가까움 (그랩으로 15분~20분거리)  ▪️공항과의 거리는 50분 걸림 ▪️풀빌라 2베드로 한 객실로 이용이 가능함  ▪️다만 풀빌라이고 신축 럭셔리 리조트이다 보니 금액대는 조금 높은 편 (시간제한 없는 수영이 가능)  ▪️아이들 키즈클럽은 쿠킹클래스, 드로잉, 만들기 등 진행되며 닌텐도가 있음  ▪️온천 있음  ▪️자전거 무료대여  ▪️바로 뒤에 도씨어터라고 공연 볼 수 있음 (별도 유료) ▪️나트랑에서 몇개 없는 스노쿨이 가능한 프라이빗 비치가 있는데 카약, 패들보드 이용도 가능함.  ▪️열대어 가득 물고기가 더 보고 싶다면 도보 약 10분 거리 ’아미아나리조트 원데이패스‘라고 유명한 해변가 스노쿨링 스팟이 있음 (현장에서 구매, 1인 약 2만원 정도)  ▪️조식이 맛있기로 유명함  ▪️18시까지 레이트체크아웃 (짐보관 서비스 이용하시고 시내에서 저녁 드시고 쇼핑, 마사지 후 리조트로 복귀, 공항까지 픽업서비스 이용하셔서 가시면 됩니다!)  2️⃣ 알마리조트 ▪️다양한 액티비티와 리조트 내부 즐길거리 다양, 좀 더 활동적인 리조트를 원할 때 ▪️시내, 빈원더스까지는 그랩으로 약 40분 소요 ▪️공항과의 거리는 약 10분  ▪️성인5, 아이2일 경우 객실 2개로 진행됨 ▪️수영장만 12개 규모가 큼  ▪️아이들 놀거리가 엄청 많음. 키즈클럽도 쿠킹클래스, 나무심기, 트레져헌터 등 야외, 실내 다양하게 준비되어 있음.  ▪️워터파크 있어서 무제한 이용 가능  ▪️영화관, 과학관이 있음 ▪️플레이스테이션, VR, 탁구, 당구 등 이용 가능한 유스클럽이라고 있음  ▪️축구, 농구, 테니스, 실내골프장, 야외 미니골프 등 운동시설도 잘 되어 있는편 ▪️바닷가 모래놀이, 액티비티 즐길 수 있음  ▪️내부 식당이 많음 (5~6군데)  ▪️자정까지 레이트 체크아웃   3️⃣ 빈펄비치프론트  ▪️시내, 빈원더스, 호핑투어, 스노쿨링 스팟까지 접근성 👍 ▪️2박 이상 투숙 시 중식 1회 제공 ▪️나쨩비치 바로 앞 (전용 선베드 구비) ▪️바로 앞 불쇼로 유명한 세일링클럽 있음  ▪️바로 옆 빈컴플라자에서 크록스, 마트 쇼핑 가능  ▪️뷰 좋은 수영장 구비 ▪️18시까지 레이트 체크아웃   ………………………..  💌 구매완료 이벤트  1. 구매 전 고객 나트랑 준비물부터   20장 분량의 꿀팁, 일정표 pdf 나눔  2. 구매 전 고객 여행용 샤워기 필터 제공   💌 그 외의 문의나 구매 링크 못받으신 분들  ‘링크’ 댓글 남겨주시면 보내드릴게요 🤗❤️  늘 관심 주셔서 정말 감사드립니다!",https://www.instagram.com/p/DH7YLPaTk5D/
672,20250402,인스타그램,"🤩 이른 아침 아직 왜이리 춥죠?   #MCNSPORTS #반자주진해점 #스콜창원점 #MCN스폰선수 #MCN단체복 #MCN커스텀 #MCN자전거의류 #자전거팀복  #습관을만드는시간 #꾸준함과노력으로",https://www.instagram.com/p/DH7Xa_hylnD/
673,20250402,인스타그램,🚴🏻쓰시마섬 자전거투어🚴🏻‍♀️🌼🌸  #쓰시마섬 #대마도여행 #대마도자전거여행,https://www.instagram.com/p/DH7WmCgJ8P0/
674,20250402,인스타그램,"[댓글 이벤트] 4월 일정표 확인하세요🌷 어떤 제품이 가장 기다려지시나요😚 댓글 남겨주시는 5분께 신세계 상품권 5만원권을 보내드릴게요✨  ______________________  ① 앤리추얼 아르기닌&부스트 [4월3일-8일]  ☑ 뭘 해도 피곤하다면 ☑ 운동력 향상·운동 후 빠른 회복이 필요하다면 ☑ 업무·공부에 있어서 집중력이 필요하다면 ☑ 붓기·혈액순환 관리가 필요하다면 ☑ 음주 전·후 숙취 케어가 필요하다면 ☑ 모임·여행 등으로 인해 체력이 필요하다면  👉🏻 효과 확실한 앤리추얼 아르기닌&부스트 꼭 드셔보세요,,!  고객님께서 해주신 비유 중 하나가 아르기닌&부스트 먹으면 전기 자전거 탄 기분이라고,,🙊 이게 정말 정확한 표현이에요⚡️ 한두번만 발 굴러도 자전거가 알아서 슝슝 앞으로 쉽게 나가는 느낌!🚴‍♀️💨  평소 체력이 10중에 3이었다면 10까지 쓸 수 있도록 𝗕𝗼𝗼𝘀𝘁 𝘂𝗽 해주는 아르기닌&부스트는 내일 오전 11시에 만나요🫶🏻  🎁 선착순 이벤트도 있어요! 곧 피드 올릴게요✨  ______________________  ② 이지포뮬라 리얼 콜라겐 워킹팩 [4월 15일-20일]  딱 한번만 써도 느껴지는 확실한 효과에 약속 있는 전 날에는 집에 쌓여있는 수많은 팩을 제치고 이것만 쓰게 되실 거예요😚  인체가 생성하는 콜라겐과 구조적으로 100% 동일한 콜라겐! 보습·광채·모공 축소·리프팅의 효과 뿐만 아니라 피부 속에서 잠자던 콜라겐을 일하게 하는 콜라겐 워킹팩이에요✨  또한 피부 진정에도 탁월한 효과가 있어서 트러블·쉽게 붉어지는 피부에도 추천드립니다-  즉각적인 효과는 물론이고 다음날 아침 피부 광이 달라지는 경험! 이지포뮬라로 꼭 느껴보세요🤍  ______________________  ③ 크로이터 하우스 뷰티드링크 콜라겐 [4월 22일-27일]  먹어도 효과가 미미한 콜라겐 드시고 계시다면 임상으로 그 효과가 증명된 뷰티드링크 콜라겐 드셔보세요!  23년부터 꾸준하게 소개해 드리고 있는 뷰티드링크🍅 효과가 없다면,,이렇게 꾸준하게 소개해 드릴 수 없었겠죠?☺️ 이미 너무 많은 분들이 놀라운 효과를 경험한 뷰티드링크!  콜라겐이라고 다 똑같은 콜라겐이 아니에요! 뷰티드링크에는 세계 1위 콜라겐 전문 기업인 GELITA사의 특허받은 VERISOL® 콜라겐이 함유되어 있는데요-  💎 VERISOL® 콜라겐은 아래와 같은 임상을 받았어요.  ☑ 섭취 4주 후 부터 주름 유의미하게 감소·프로콜라겐 형성 증가 ☑ 섭취 8주 후 부터 피부 탄력 개선·눈가 주름 크게 감소   피부의 기본적인 보습, 탄력 개선을 위해서도 추천드리지만 → 특히 다치거나 시술 또는 수술을 해서 피부 회복이 필요한 분들 → 결혼식 등 중요한 일정이 있는 분들 → 출산 후 회복이 필요한 분들이 챙겨드시면 더 큰 효과를 경험할 수 있습니다💘  ______________________  ④ 오키드 블랭킷 마룰라 프로틴 헤어 스무스 [4월 29일-5월4일]  1차 판매 때 완판을 기록한 헤어 스무스가 돌아옵니다💫  바르자마자 모발에 싹 흡수되어 끈적임 1도 없이 실키한 머릿결을 완성시켜주는 헤어 스무스!  일반적인 에센스가 바르나 마나 한 효과였다면 오키드 블랭킷 헤어 스무스는 바른 직후 수분감이 500% 증가하여 모발 끝 갈라짐 손상 개선이 인증 된 제품이에요🪞  오일리한 헤어에센스와는 차원이 다른 산뜻한 마무리감이라서 습도가 높은 여름에도 기분 좋게 사용하실 수 있답니다🍃  심지어 향이,,,,누구나 반할만한 사랑스러운 비누향이라서🥹 향수 대신 사용하시는 것도 추천드려요🧼",https://www.instagram.com/p/DH7XAxPSFeH/
675,20250402,인스타그램,따라해봄 ㆍ ㆍ ㆍ ㆍ ㆍ ㆍ ㆍ #먹팔 #맞팔 #인친 #맛스타그램 #캠핑 #MTB #산악자전거 #등산 #맛집탄방 #먹방 #여행스타그램 #대한민국 #먹스타그램 #걷기 #셀카 #좋아요,https://www.instagram.com/p/DH7WvUZhlWj/
676,20250402,인스타그램,"작다고 무시하지 마! 한 손에 쏙! 초강력 미니 줌 라이트🔦  휴대성이 뛰어나 언제든지 가방이나 차에 넣고 다닐 수 있어 유용한 주피터 줌라이트!  이런분께 추천드립니다. ✅ 캠핑, 차박, 야외 활동을 자주 하는 분! ✅ 야간 낚시, 등산, 자전거 라이딩하는 분! ✅ 일상적인 휴대용 조명이 필요한 분! ✅ 비상 상황에 대비하고 싶은 분!  친구들에게도 꿀템을 공유해주세요 ❤  #미니줌라이트 #손전등 #LED라이트 #줌라이트 #전술라이트 #후레쉬 #캠핑라이트 #작업등 #휴대용라이트 #강력라이트 #캠핑용품 #차박용품 #등산필수템 #낚시용품 #야간산행 #서바이벌장비 #비상용품 #안전유도봉",https://www.instagram.com/p/DH7WZ8UogJ_/
677,20250402,인스타그램,"• 안녕하세요, HJC SPORTS 입니다.  지난 주말 강동구 천호동 자전거 거리에 새롭게 자리 잡은 HJC 라운지 서울의 그랜드 오프닝 이벤트가 진행되었습니다.  따뜻한 봄을 맞이해야 할 시기에 뜻밖에도 매서운 한겨울 같은 궃은 날씨 속에 눈과 비바람이 몰아쳤지만 많은 라이더 분들이 HJC 라운지를 찾아주셨습니다.  3월 31일부터 4월 30일까지는 퓨리온3 런칭 이벤트 기간으로 자전거를 타고 방문하시는 모든 분들께 음료 20% 할인 혜택과 매장 내 비치된 포토 키오스크를 통해 포토월 럭키드로우도 진행되오니 많은 관심 부탁드립니다.  2025 시즌도 HJC와 함께 안전하고 즐거운 라이딩 되시길 바라며 라이더 분들과 함께 할 수 있는 다채로운 이벤트로 찾아뵙겠습니다.  방문해 주신 모든 분들께 다시 한번 감사의 말씀 전합니다. Photo by @e.jenius__ @youngrider___  . #FORTHEMOMNET #HJCSPORTS #HJC라운지서울 #천호동자전거거리 #에이치제이씨",https://www.instagram.com/p/DH7WjwLSLWw/
678,20250402,인스타그램,"🌿✨ 봄바람을 따라 떠나는 가파도 청보리밭 여행! ✨🌿  지금 제주에서 가장 핫한 여행지! 📍 가파도 청보리밭에서 펼쳐지는 초록빛 향연 💚  🚢 가는 방법 ✔️ 제주 모슬포 운진항에서 배 타고 약 ⏳ 10분이면 도착! ✔️ 배편 예약 필수! 👉 가파도 여객선 예약  🌾 가파도 청보리밭이 특별한 이유? ✔️ 한국에서 가장 푸른 청보리밭을 만날 수 있는 곳! 💚 ✔️ 제주 본섬보다 미세먼지가 적고 공기가 맑음 🌬️✨ ✔️ 자전거🚴‍♀️, 도보🚶‍♂️로 섬 한 바퀴 도는 힐링 코스! ✔️ 봄 한정🌸 청보리 축제와 함께 즐기는 감성 여행!  📸 인생샷 명소 📍 청보리밭 사이 오솔길 – 푸른 바다와 보리밭이 한눈에! 📍 가파도 등대 – 푸른 하늘과 어우러진 감성 뷰 📍 해안도로 – 자전거 타며 시원한 바닷바람 맞기  💡 꿀팁! ✅ 청보리 절정 시기 👉 4월~5월 초 🌾 ✅ 카메라 필수! 📷 (초록빛 배경으로 감성 사진 남기기) ✅ 편한 신발👟 신고 걷기 좋은 코스! ✅ 배 시간 미리 확인하기 (날씨 따라 변동 가능!)  🛍️ 가파도 특산물 🍵 보리빵, 보리국수, 보리막걸리 꼭 맛보기! 🎁 기념품으로 청보리차, 보리떡 추천!  🌿 이번 주말, 가파도에서 초록빛 힐링 여행 떠나볼까요? 🌿  #가파도 #가파도청보리밭 #제주여행 #청보리축제 #국내여행 #힐링여행 #제주도 #여행스타그램 #푸른바다 #봄여행 #인생샷",https://www.instagram.com/p/DH7WXNzzCBW/
679,20250402,인스타그램,"4월에 가야할 서울핫플모음 22곳‼️  #종로포차거리 📍서울 종로구 돈의동 종로3가 ⏰17:00-03:00 (가게마다 영업시간 상이) 📝가게리스트 *산이슬 *서울의 밤 *짱포차(튀김집) *깐돌이  #여의도봄꽃축제 📍여의서로 벚꽃길 📅2025.04.08. (화) ~ 2025.04.12. (토) **축제 기간이 변경되었으니 꼭 참고해주세요!** @ydp_springflower  #신도림포스빌야장 📍서울 구로구 구로동 26 ✔️비오면 실내 식당 이용가능 📝가게리스트 *대장군-삼겹살,오겹살,갈매기살 *태경소곱창-곱창 *펍피맥-피자 *미술-직화 닭볶음탕, 수육김치찜 *포차처럼-국물닭발, 포차우동  #연희숲속쉼터 📍서울 서대문구 연희동  #석촌호수벚꽃축제 📍석촌호수 일대 📅2025.04.02. (수) ~ 2025.04.06. (일) @songpa_official  #한강무지개분수 📍한강공원 반포대교 📅4~10월 ⏰12:00~21:30 (매회 20분가동) @hangang.official  #롯데월드포켓몬월드어드벤처 📍서울특별시 송파구 올림픽로 240 📅2025.03.02.(일) ~ 2025.05.25.(일) ⚡렛츠 고! 포켓몬 스프링 캠프 (피카츄 퍼레이드) ⏰오전 11시 30분, 오후 3시 30분, 오후 5시 (주말 및 공휴일) -4월부터 1회 추가된 1일 3회 진행 -상황에 따라 예고없이 공연시간 변경 및 취소 가능 @happylotteworld  #대한민국맥주박람회 📍코엑스 B홀 📅2025.04.10. (목) ~ 2025.04.12. (토) ⏰10:00 ~ 18:00 @kibex.official  #서울어린이대공원 📍서울 광진구 능동 18 💸공원입장 무료 @seoul_children_grandpark  #서울숲튤립 📍뚝섬 서울숲 🌷가든페스타 📅2025.04.05. (토) ~ 2025.05.05. (월) @seoul_parks_official #창경궁물빛연화 📍서울 종로구 창경궁로 185 📅03.07~12.31. (휴궁일 월 미운영) ✔️기간별 미디어아트 상영 시간 상이 💸입장권 1,000원  @changgyeonggung_palace  #양재천 벚꽃 등 축제 📍양재천 벚꽃길 📅2025.04.03. (목) ~ 2025.04.27. (일) @seocho_korea  #서울연등회 📍조계사, 종로거리, 광화문광장 📅연등행렬 2025.04.26. (토) ~ 2025.04.27. (일) ⏰ 오후 7:00~9:30 -봉축점등식 2025.04.02 오후 7시 -점등기간 04.02.~05.06. @lotuslanternfestival  #덕수궁밤의석조전 📍서울 중구 세종대로 99  잔여석 및 전화 선착순 예매: 04. 02.(목) 14:00~ ✔️추첨 응모제 이후 진행되는 잔여석 예매 안내입니다. @deoksugung_korea  #서울용비쉼터 📍서울특별시 성동구 중랑천서자전거길 5 용비쉼터 ✔️이촌 한강공원과 중랑천 산책로가 만나는 지점에 위치 ✔️용비교 아래 그늘 벤치와 작은 테마정원 즐길 수 있음 ✔️편의점, 개방화장실 있음 🚇응봉역 또는 옥수역   #용산공원 📍서울 용산구 용산동4가 14 ⏰9:00-18:00 (월 정기휴무) -17시 입장마감 -월요일 공휴일인 경우 다음날 휴관  #종로갈매기살골목 📍서울 종로구 돈의동 7-1 ⏰가게마다 영업시간 상이 📝가게리스트 *미갈매기살 *광주집 *고창집 *진주대박집  #드론라이트쇼 📍뚝섬한강공원 📅2025년 4월~5월 예정 @seouldroneshow_official  #인왕산개나리 📍인왕산 무악재하늘다리 건너  #서울스프링페스타 📍서울광장, 광화문 광장, 덕수궁길, 월드컵경기장 등 서울 전역 📅2025.04.30. (수) ~ 2025.05.06. (화) 🧾라인업 : 엔시티위시, 하츠투하츠, 더보이즈, 엔믹스, 스테이씨, 투어스, 키키, 위하준 @seoulspringfesta_official  #홍제천인공폭포 📍서울 서대문구 연희동 @seodaemun_official  #국제베이커리페어 & #커피엑스포 📍코엑스 D홀 & A,B홀  📅2025.04.02. (수) ~ 2025.04.05. (토) ⏰10:00 ~ 18:00 (토 17:00) 온라인 사전등록: 1인 5,000원- @coexbakery",https://www.instagram.com/p/DH7WE7GqBpf/
680,20250402,인스타그램,"🎧 Micro Playlist 🎧  아이랑 보내는 하루하루, 작은 순간들도 음악처럼 기억에 남을 때가 있죠.  마이크로는 그런 일상에 살짝 리듬을 얹어주는 존재 같아요 🎵  ✔ 라이딩이 익숙해지는 첫 킥보드 ✔ 씽씽 달리는 자전거 위의 뿌듯한 얼굴 ✔ 색깔까지 아이 취향 저격인 헬멧 ✔ 여행갈 때마다 꺼내 드는 러기지 이지까지!  우리 아이의 플레이리스트엔 어떤 순간, 어떤 노래가 담겨 있을까요?  💬 마이크로와 함께한 순간에 듣고 싶은 노래 혹은 마이크로 하면 떠오르는 곡이 있나요? 댓글로 공유해주세요!  📍Micro PLAYLIST – 지금부터 시작해볼까요?",https://www.instagram.com/p/DH7Vuxtz3EL/
681,20250402,인스타그램,"#운동중사진 #자전거 #한강 #한남대교 아직 컨디션이 좋지 않은데다가 아침에 오뉴와의 실갱이로 힘이 빠져서 오늘은 좀 설렁설렁 타야지 하고 나왔는데,,  이게 또 타다보니 평소 페이스가 나오고 오히려 초중반에 빨리 안 달리니 후반까지도 꾸준한 페이스로 탈 수 있었다.  더군다나 오늘은 더 긴 거리를 탔다.   중랑교-한남대교 13km 30분- 좀만 더 가면 잠수교- 시간 좀 여유로울 때는 잠수교까지 가봐야겠다.   중랑천이 한강에 만나는 구간에서는 동 & 서 중 방향을 택할 수 있다.  동쪽으로 가면 성수랑 영동이 서쪽으로 한남이랑 반포잠수  한강 따라서는 아직 길게 타보진 않았으나  아직까지는 서쪽 길이 재밌다.  다리 밑으로 가긴 하나 길이 변화가 많아서 덜 지루하고 평소 못 보는 교각, 다리 밑 구조물 등을 볼 수 있어서 찍고픈 피사체가 참 많다.   같은 길로는 지루하니 일부로 다양하게 다녀보려 하는데 결국 집 쪽으로 오는 길은 항상 지날 수 밖에 없으니 조금 지루하다. 그래서 이런저런 생각이 더 많이 드는데 적어도 좋은 생각, 건강한 생각을 하려 애쓴다. 기도도 하고-  내일은 오뉴랑 실갱이 안하게 해주세옹- (그래도 짜증은 안냈음ㅎ)",https://www.instagram.com/p/DH7VJ8PzePF/
682,20250402,인스타그램,"⠀ 📣 팀 바레인 빅토리어스는 오늘, 론데 반 플란데렌을 앞두고 네 번째이자 마지막 리허설인 제79회 드와스 도어 플란데렌에 강력한 라인업과 함께 출전합니다! ⠀ @alberto__brt | @_romzes__ | @matmohoric | @andreapasqualon | @robert_stannard | @vladvanmechelen | @fred.w ⠀ 총 184km의 길이를 자랑하는 이번 코스는 로에세라르부터 시작하여 바레험에서 마무리되며, 총 10개의 등반과 7개의 그래블 구간으로 나뉘어 구성될 예정입니다. ⠀ ""우리 선수들이 더 잘할 수 있다는 것을 충분히 잘 알고 있으며, 이번 레이스에서 올바른 움직임을 통해 좋은 결과를 얻고 싶네요. 프레드가 팀의 리더로 활약해 줄 예정이며, 마테이는 병환 이후 최고의 컨디션을 유지하고 있진 못하지만, 중요한 순간에 팀을 이끌고 돕는 로드 캡틴으로서 중요한 역할을 해줄 것이라 믿고 있습니다."" ⠀ ⬆ 보다 자세한 내용은 상단의 프로필 링크를 참조해 주세요. ✅️ ⠀ @dwarsdoorvlaanderenofficial ⠀ #RideAsOne #rideforGino #ddv25 MERIDA. MORE BIKE. ⠀ 🚴 메리다 스컬트라 6000 KR * 소비자가 : 5,400,000 원 ⠀ 📌 가벼운 CF3 카본 프레임(약 997g - 사이즈 M)과 레이스에서 입증된 지오메트리 (리액토와 동일) 📌 시마노 105 Di2 전동 12단 그룹셋 📌 메리다 1P 일체형 카본 핸들바 📌 메리다 TEAM SL 45 카본 휠셋 📌 디스크 쿨러 및 와이어 포트 테크놀러지 ⠀ 2025년 메리다의 최신 기술력이 집약된 가장 공기역학적이며 편안한 로드레이서 ✅️ ⠀ 경량 레이싱 모델의 혈통 스컬트라. ⠀ 🙋‍♂️더이상 흠잡을 곳 없는 스펙과 가격의 하모니. 최고의 가성비 모델, 스컬트라 6000 KR을 지금 바로 주변의 메리다 공식 스토어를 통해 만나보세요 💚 ⠀ #메리다 #메리다코리아 #메리다바이크 #메리다자전거 #메리다스컬트라 #스컬트라 #스컬트라6000 #자전거 #로드바이크 #사이클 #로드자전거 #로드 #자전거추천 #로드추천 #로드바이크추천 #로드자전거추천 #카본로드추천 #카본로드바이크 #카본로드자전거 #카본로드 #시마노 #시마노di2 #올라운드자전거 ⠀",https://www.instagram.com/p/DH7VFUuSUxe/
683,20250402,인스타그램,#25042 #외발자전거출근,https://www.instagram.com/p/DH7Ug4RTsoo/
684,20250402,인스타그램,"📢2025 4월 수원 새소식 알려드려요!! ⬇️자세한 내용은 더보기 눌러 확인⬇️  ☑️지킬앤하이드 전국투어, 수원에서도 공연 -25.7.25(금)~7.27(일) -경기아트센터 (효원로307번길 20) -공연 진행 캐스팅은 차후 공지될 예정  ☑️황구지천 벚꽃축제 축소 운영 -25.4.5(토)~4.6(일) -메인 행사를 제외한 버스킹 공연, 먹거리, 체험 부스 등은 정상적으로 운영될 예정  ☑️수원연등축제 -25.4.19(토) 11:00-21:30 -화성행궁광장, 장안문, 팔달문 일대 -체험프로그램, 콘서트, 연등행렬 예정  ☑️영통도서관 5층 규모로 개관 -기존에 있던 도서관은 5월까지 철거 후 6월부터 신축 도서관 착공 예정 -지하1층~지상4층, 1,573평 규모  ☑️19세 청년에게 문화예술 관람비 지원 -대상: 대한민국 19세 청년 (06.1.1~06.12.31 출생) -내용: 1인당 연 10~15만원 공연, 전시 관람비 지원 -신청기간: 25.3.6(목)~5.31(토) -신청방법: 청년문화예술패스 누리집 온라인 신청  ☑️행궁동, 광교산 일대 자전거 대여소 운영 -4월~11월 공영자전거대여소 운영 -위치: 화성행궁광장, 상광교 버스 정류장, 반딧불이 쉼터  *본 게시물은 2025년 4월1일 기준 작성되었으며, 세부사항은 변경될 수 있으니 참고 바랍니다.",https://www.instagram.com/p/DH7UFs4syRP/
685,20250402,인스타그램,"#협찬 #체험단 맘앤리틀︱유아 어린이 보호세트  점점 따뜻해지는 날씨 밖에서 킥보드, 자전거 타기 좋은 계절이 왔어요🌼  우리 지후는 킥보드나 자전거를 탈 때 안전한 길로 다니지않고 꼭 울퉁불퉁하고 위험한 길로 다니는데요, 아들은 원래 이런건지,,?  그래서 늘 넘어져서 다칠까 걱정이었어서 올해는 보호대를 꼭 해줘야겠다 생각하고 있었는데 마침 맘앤리틀에서 보호대 세트를 체험해보게 되었어요  단단하고 강력한 쉘+충격 흡수 라이너 패드로 넘어져도 충격으로 보호할 수 있고 매쉬 재질로 되어 있어 뛰어난 통기성 덕분에 점점 더워지는 날씨에도 시원하게 착용할 수 있어 마음에 들더라구요 보호대 밴드가 잘 늘어나 통통한 아이에게도 편안하게 착용할 수 있고 벨크로 타입이라 흘러내림이 없어 좋았어요  보호대 기능은 말할것도 없이 좋고 소프트한 색감이라 엄마 취향저격에도 성공 .ᐟ   앞으로 킥보드, 자전거 탈 때 우리 아이 몸에 상처 날까 싶은 걱정은 조금 내려놔도 되겠어요 ⸜❤︎⸝‍  @momnlittle_official",https://www.instagram.com/p/DH7TyNASYR6/
686,20250402,인스타그램,🍱 4월2일 메뉴  치킨(후라이드.ㆍ양념) 두부조림 햄볶음 감자볶음  오이무침  미역줄기볶음  배추김치  양배추샐러드  각종반찬8종  *재료소진시 다른음식으로 대체되실수있는점 양해부탁드립니다     🍜후식-커피ㆍ매실ㆍ복숭아ㆍ파인애플  🍜라면ㆍ누룽지 셀프바이용  🍱위치:인천서구 뱃길1로 19 1층 한길한식뷔페   🍱오픈am7시~close7시  🍱단체석완비.대형주차장.동호회환영ㆍ단체급식ㆍ라이딩 바이크동호회ㆍ도시락ㆍ  🍱예약문의032.566.3634 8월21일 #인천# 아라동# 김포#  정서진# 케이터링#도시락#마전동#한식맛집 #먹스타그램#먹방#한식뷔페#드림파크#인천한식#오류동#당하동#원당#블로그#검단아라뱃길#영양사조리#급식#검단#왕길동 자전거#일반한식뷔페#7000원#가성비한식#맞팔#BUFFET 각종반찬8종(랜덤)    🍜후식-커피ㆍ매실ㆍ복숭아ㆍ파인애플  🍜라면ㆍ누룽지 셀프바이용  🍱위치:인천서구 뱃길1로 19 1층 한길한식뷔페   🍱오픈am7시~close7시  🍱단체석완비.대형주차장.동호회환영ㆍ단체급식ㆍ라이딩 바이크동호회ㆍ도시락ㆍ  🍱예약문의032.566.3634  #인천# 아라동# 김포#  정서진# 케이터링#도시락#마전동#한식맛집 #먹스타그램#먹방#한식뷔페#드림파크#인천한식#오류동#당하동#원당#블로그#검단아라뱃길#영양사조리#급식#검단#왕길동 자전거#일반한식뷔페#7000원#가성비한식#맞팔#buffetcasamentolimaevento,https://www.instagram.com/p/DH7TxCIzvwy/
687,20250402,인스타그램,"샬롬☝🏻이번 주 토요일은 울산CCC 대공원 하이킹이 있는 날입니다 ! 하이킹 참여하셔서 많은 순장,순원들과 함께 자전거도 타고, 많은 교제 나누며 좋은 시간 보내면 좋겠습니다 !! 🚲🌸❤️  🌷장소: 울산대공원 정문 🗓️일시: 2025년 4/5(토) 오전 9:30 💶회비: 10,000원  ✔️꼭 9시 30분까지 시간 맞춰서 울산대공원 정문으로 와주세요 ‼️  ✔️회비는 이번주 목요일까지 보내주세용  ✔️자전거 못타도 참여가능합니다😋  🎒준비물 : 편한 신발 , 기대하는 마음",https://www.instagram.com/p/DH7ToqyTIt7/
688,20250402,인스타그램,#시은라이프  봄이 왔나요? 우리 딸 얼굴에도 옷에도 신발에도 봄이🌸 친구랑 함께 유치원버스 기다리며 꽃 봉우리도 보고 꽃도 구경하고 매일 매일 보는 사이라서 친구맘과도 이야기 많이 하고 너무 좋다 나보다 어리지만 조근조근 조용한 목소리에 나를 잘 챙겨주는 좋은 사람 둘이 함께 기다리니 너무 좋구나 사이좋은 친구💝 잘 다녀와👋 봄이 와서 놀러 가고 싶지만 오빠의 시험과 엄마의 일로 주말에도 나들이 못가는 우리 딸 조금 미안하네  이번 주 성대경시 끝나면 엑스포공원이라도 나가자 자전거 놀이터 잘 놀고 오자🫶  #유치원친구 #등원샷 #등원룩 #봄이오나봄 #봄🌸 #둘째 #6살딸 #딸램 #사랑둥이 #내사랑 #남매맘 #8살차이 #워킹맘 #놀러가고싶다 #워킹맘의비애 #미안해딸😭,https://www.instagram.com/p/DH7TmNwzHXZ/
689,20250402,인스타그램,#자전거타기 🚲   바닥에 고정된 자전거라는 것만 빼면 #자신감뿜뿜 #다리살빼기 보다  자잘한 #잔지방제거 의미두고 #으샤으샤   #서울벚꽃명소 우리 동네 #꽃구경가자 💕,https://www.instagram.com/p/DH7TPbhTQdB/
690,20250402,인스타그램,2025년4월1일 송별회겸 회식 ㆍ ㆍ ㆍ ㆍ ㆍ ㆍ ㆍ ㆍ #먹팔 #맞팔 #인친 #맛스타그램 #캠핑 #MTB #산악자전거 #등산 #맛집탄방 #먹방 #여행스타그램 #대한민국 #먹스타그램 #걷기 #셀카 #좋아요,https://www.instagram.com/p/DH7S98PBLVj/
691,20250402,인스타그램,"• 안녕하세요, HJC SPORTS 입니다.  지난 주말 강동구 천호동 자전거 거리에 새롭게 자리 잡은 HJC 라운지 서울의 그랜드 오프닝 이벤트가 진행되었습니다.  따뜻한 봄을 맞이해야 할 시기에 뜻밖에도 매서운 한겨울 같은 궃은 날씨 속에 눈과 비바람이 몰아쳤지만 많은 라이더 분들이 HJC 라운지를 찾아주셨습니다.  3월 31일부터 4월 30일까지는 퓨리온3 런칭 이벤트 기간으로 자전거를 타고 방문하시는 모든 분들께 음료 20% 할인 혜택과 매장 내 비치된 포토 키오스크를 통해 포토월 럭키드로우도 진행되오니 많은 관심 부탁드립니다.  2025 시즌도 HJC와 함께 안전하고 즐거운 라이딩 되시길 바라며 라이더 분들과 함께 할 수 있는 다채로운 이벤트로 찾아뵙겠습니다.  방문해 주신 모든 분들께 다시 한번 감사의 말씀 전합니다. Photo by @e.jenius__ @youngrider___  . #FORTHEMOMNET #HJCSPORTS #HJC라운지서울 #천호동자전거거리 #에이치제이씨",https://www.instagram.com/p/DH7Sad9yq49/
692,20250402,인스타그램,#천기준대표   회사소송자료  #허위사실명예훼손 #허위사실유포 에 고소 #증거 로 사용됩니다 #금융치료 한다는말이지^^  이때 전임대표가 #역삼동아름 이라고  술집마담출신을 회사임원으로 데리고 올려고해서  실검1위 되고 #페라리 사줘서 #사건반장 에도 나오고 해서 난리도 아니었다  나는 그 후임 대표이사 로 갔으나 전임대표가 법무법인 선임해서 가처분신청등 해서 해임이 되지않는상태에 출근이 안되고 있었음  내가 대표이사실로 출근(이미 피드 많이함)  전임대표가 회사관련 승인결제를 해야해서 #김앤장 에서 #천기준대표 를 회장직속 경영혁신단장(전체총괄) 로 선임했고  회사에서 나를 대표이사를 못하기에(전임대표가 현 대표 타이틀 가지고 있어서 지가 승인을안해줌)   이때 피터지게 싸움  그때 소송자료고 결국 우리가 승소함   #네이버 에 역삼동 아름이 사건 검색하시면 자세히 잘나옵니다  내가 이들 다 내보냄   회장님과 개인적인 계약을 맺고 근무를 한것이다 (대표가 직인을 안주니)   이것을  #최정원불륜녀 가 악의적으로 내가 회장님과 개인적인 친분으로 용역을 했니 ㅋㅋㅋ 어떤 범죄자는 내가 대표이사실을.빌려쓴거니 ㅋㅋㅋ 애는 막장 수배범인가 ㅋㅋ 기업 대표이사실이 드라마 셋트장이냐?? 무식한것들   전부 #허위사실유포 #명예훼손 이고 우리 회장님 역시 #고소 하신다고 하니 판이 커지겠네요!! 여긴 김앤장에서  야무지게 고소들어갑니다 우째우째  ㅡ니들이 회사이름 다 적었더라 ㄷㄷㄷ  #불륜 에 이제 #형사처벌 까지 막장입니다   #경찰 조사에 저는 증거 다 제출 하오니 #키보드워리어 들 금융치료 그리고 #인생은실전  #전과자 되겠네요!!!  계속 #허위사실유포 해주세요 추가 고소 계속합니다^^  #감사합니다   클라스가 다른데 자꾸엮지마라 퇴물가수랑 한강에서 술이나 먹고 그놈 집에나 가고 같이 자전거 타고 데이트 하고  이게 전부 나와 아들을 속인건데 반성하나없이... 피해자인 나를 욕보이고 있음 ㅡㅡ  나와 아이는 뭔가요? 우리가 와이프 엄마를  최정원이랑 데이트 하라고 보냈나요?  진지하게 반성하세요!!   #최정원 #상간남소송  나와 #아들 이름으로 개인기부 한것도 많음  아들 #봉사점수 올려줄려고 저당시 나는 아이를 못보고 있을때임.... #맘찢  최정원 불륜배상금 받음 이렇게 기부 하고 공지하겠습니다!!!  한점 부끄럼 없는 아빠 천기준 드림  끝으로 여기 대표등은 그여성이 외도후 가출한 이후 이직을해서 결혼생활당시 일이 아니고 부부공동생활이 아님을 밝힙니다  제가 여기 대표를 했건 알바를 했건 최정원불륜과는 전혀 상관없는점 보심 불륜녀의 주장이 얼마나 터무니없는것을 아실것입니다!!! 오직 저에대한 허위사실 흠집내기일뿐입니다!!!!  이제 본인 치료에 집중하고 최정원이랑 내통은 그만하고(진심 이게 할짓인가???)  아들 케어 아들에게 집중해주길 아들 공부 봐주고 사랑주고 산책하고 하길...  내가 먼저 고소 하거나 소송한게.없음을 다시 밝힙니다  그여자의 잘못입니다. 최정원에게 #가스라이팅 당했는지는 모르겠으나 아직도 최씨 최씨 합니다 최정원에게 미안하다고합니다 니가 인간이가?? 깊은빡침... 최정원 제비한테 사과한다고??? 징하다 징해,https://www.instagram.com/p/DH7RLjrB9o3/
693,20250402,인스타그램,"✌️#오늘피부어떤데🫨  100프로 무기자차 썬스틱 어린이사용인증♡  무기자차는 바르면 뽀얘지는데 요건 손으로 안발라서 뭉침없어서 슥슥 편하다👍  메이크업베이스로도 좋네 톤을 고르게 맞춰줌😘  어제밤까지도 종아리가 튼튼해보였는데  오늘아침 유난히 종아리가 빈약하다;;;;;  내가 종아리 찌울라고 자전거를 을매나타는데 허벅지만 굵어지는ㅠㅜ 흑흑  중추신경이 손상된 건 참 인체의신비를 항상 몸소 체험하게 해 준다 😅  중력을 이기기가 얼마나 어려운지도ㅋㅋㅋㅋㅋ 무튼, 오늘도 난 화이팅!!!!   #뷰티앤커피  #오늘도즐겁게 #쇼핑하소서",https://www.instagram.com/p/DH7QqC0yNZ7/
694,20250402,인스타그램,"애정하는 나의 벚꽃명소🌸  지금 당장 달려가야 할 곳들로 모아봤어요!  #김해그때그집 벚꽃뷰 이자카야! 생연어도  맛있고 오픈시간에 가면 창가자리 여유있어요. #밀양읍성 이번주말 만개 예정, 성곽길 따라  거대한 벚꽃존이 만들어져 있어요 너무 예쁨! 창원 #커피가있는아침 창원에서 벚꽃으로 가장 유명한 곳이죠! 벚꽃나무로 둘러 쌓인 멋진 카페에요. #김해가야랜드 하늘자전거! 가야랜드 입구부터 풍성한 벚꽃나무를 만날 수 있어요. 오픈런 추천! (이번주말 만개예정) 김해 #헤이담 김수로왕릉 벚꽃뷰로 고즈넉한 분위기의 카페에요! 지금 예쁘게 만개했더라구요 김해 #장유도예카페 벚꽃카페 중 가장 예쁘다고  생각하는 곳. 4년째 가는 곳으로 지금 만개했어요! 김해 주촌 #크라운볼펜 사람없는 벚꽃명소 피크닉 하기 좋고 걸어서 회사 안쪽으로 들어가면 대학교 캠퍼스 느낌의 벚꽃명소를 만날 수 있어요  #벚꽃 #벚꽃명소 #김해벚꽃 #창원벚꽃 #밀양벚꽃  #경남벚꽃 #벚꽃카페 #국내여행",https://www.instagram.com/p/DH7D6AezcCM/
695,20250402,인스타그램,AI세상속에 살고있는 나  쫌 귀엽네요?ㅋㅋㅋㅋㅋ  다 들 해보셨나요??  @eoc_eyewear  @ukecycling_official  @vlcc.kr  @hjcsportskorea  #자전거#자전거타는여자#자전거의류 #eoc자전거고글#uke#자전거헬맷#AI#aiart #roadcycling#cyclingapparel #riding#womenonbike#koreangirl,https://www.instagram.com/p/DH7Q5UbBAad/
696,20250402,인스타그램,신곡 놓칠수없져😆  𝙇𝙐𝘾𝙔와 함께  달려달려🎵🔥  😉  𝙅𝘼𝘾𝙆𝙄𝙀🌟  오늘도 하루 50분만🖐  원조 재키와 함께 #오재완 🔥  ➖ 𝙅𝘼𝘾𝙆𝙄𝙀 𝘾𝙡𝙪𝙗 ➖  80개 오프라인 클럽🔊 카카오채널ㆍ네이버ㆍ다음ㆍ유투브  24시간 온라인 클럽🔊 구글앱ㆍ애플앱에서 👉재키앱설치  👉JACKIE CLUB & JACKIE FAMILY CLUB ㆍ 80 branches across the world wide  Welcome to Original indoor cycle dance&gymnastic club  ➖  #세계스피닝댄스발원지 #재키 #재키사이클  #재키클럽 #스피닝댄스 #재키패밀리클럽 #유산소운동 #자전거 #부천스피닝 #고덕동스피닝 #금천구스피닝 #동작구스피닝 #중랑구스피닝 #청북스피닝 #수원스피닝 #평택스피닝 #동탄스피닝 #다이어트 #스피닝 #飛輪 #indoorcycling #JackieCiclo #cicloindoor #ciclismoindoor  #KpopFitness #KpopWorkout  #CyclingToKpop  #SpinToKpop  #JackieCycleOriginal,https://www.instagram.com/p/DH7QRiKvOfm/
697,20250402,인스타그램,"BMC SLR 01 Five 울테그라 Di2 완성차 입고 되었습니다 !  자세한 문의는 DM혹은 전화,방문 부탁드립니다 해당 자전거 상세 스팩등은 블로그를 통해 확인 가능합니다 문의 :031-981-1999 주소 : 경기도 김포시 김포한강2로 42 에비뉴A동 17호 (장기동2031번지) 영업시간 월,화,수,목,금,토요일  10:00~20:00 일요일 10:00~19:00",https://www.instagram.com/p/DH7P9aUT9rv/
698,20250402,인스타그램,"비앙키 올트레 RC 프레임셋 입고 되었습니다 !  자세한 문의는 DM혹은 전화,방문 부탁드립니다 해당 자전거 상세 스팩등은 블로그를 통해 확인 가능합니다 문의 :031-981-1999 주소 : 경기도 김포시 김포한강2로 42 에비뉴A동 17호 (장기동2031번지) 영업시간 월,화,수,목,금,토요일  10:00~20:00 일요일 10:00~19:00",https://www.instagram.com/p/DH7P6A2z9JM/
699,20250402,인스타그램,"Pi rope 카본휠셋 입고 되었습니다 ! 자세한 문의는 DM혹은 전화,방문 부탁드립니다 해당 자전거 상세 스팩등은 블로그를 통해 확인 가능합니다 문의 :031-981-1999 주소 : 경기도 김포시 김포한강2로 42 에비뉴A동 17호 (장기동2031번지) 영업시간 월,화,수,목,금,토요일  10:00~20:00 일요일 10:00~19:00",https://www.instagram.com/p/DH7P2VFzelg/
700,20250402,인스타그램,"여기 있는 곳만 전부 다녀와도 4월 데이트코스 끝! 지금 가기좋은 서울핫플 모음💫  #종로포차거리 📍서울 종로구 돈의동 종로3가 ⏰17:00-03:00 (가게마다 영업시간 상이) 📝가게리스트 *산이슬 *서울의 밤 *짱포차(튀김집) *깐돌이  #여의도봄꽃축제 📍여의서로 벚꽃길 📅2025.04.08. (화) ~ 2025.04.12. (토) **축제 기간이 변경되었으니 꼭 참고해주세요!** @ydp_springflower  #신도림포스빌야장 📍서울 구로구 구로동 26 ✔️비오면 실내 식당 이용가능 📝가게리스트 *대장군-삼겹살,오겹살,갈매기살 *태경소곱창-곱창 *펍피맥-피자 *미술-직화 닭볶음탕, 수육김치찜 *포차처럼-국물닭발, 포차우동  #연희숲속쉼터 📍서울 서대문구 연희동  #석촌호수벚꽃축제 📍석촌호수 일대 📅2025.04.02. (수) ~ 2025.04.06. (일) @songpa_official  #한강무지개분수 📍한강공원 반포대교 📅4~10월 ⏰12:00~21:30 (매회 20분가동) @hangang.official  #롯데월드포켓몬월드어드벤처 📍서울특별시 송파구 올림픽로 240 📅2025.03.02.(일) ~ 2025.05.25.(일) ⚡렛츠 고! 포켓몬 스프링 캠프 (피카츄 퍼레이드) ⏰오전 11시 30분, 오후 3시 30분, 오후 5시 (주말 및 공휴일) -4월부터 1회 추가된 1일 3회 진행 -상황에 따라 예고없이 공연시간 변경 및 취소 가능 @happylotteworld  #대한민국맥주박람회 📍코엑스 B홀 📅2025.04.10. (목) ~ 2025.04.12. (토) ⏰10:00 ~ 18:00 @kibex.official  #서울어린이대공원 📍서울 광진구 능동 18 💸공원입장 무료 @seoul_children_grandpark  #서울숲튤립 📍뚝섬 서울숲 🌷가든페스타 📅2025.04.05. (토) ~ 2025.05.05. (월) @seoul_parks_official #창경궁물빛연화 📍서울 종로구 창경궁로 185 📅03.07~12.31. (휴궁일 월 미운영) ✔️기간별 미디어아트 상영 시간 상이 💸입장권 1,000원  @changgyeonggung_palace  #양재천 벚꽃 등 축제 📍양재천 벚꽃길 📅2025.04.03. (목) ~ 2025.04.27. (일) @seocho_korea  #서울연등회 📍조계사, 종로거리, 광화문광장 📅연등행렬 2025.04.26. (토) ~ 2025.04.27. (일) ⏰ 오후 7:00~9:30 -봉축점등식 2025.04.02 오후 7시 -점등기간 04.02.~05.06. @lotuslanternfestival  #덕수궁밤의석조전 📍서울 중구 세종대로 99  잔여석 및 전화 선착순 예매: 04. 02.(목) 14:00~ ✔️추첨 응모제 이후 진행되는 잔여석 예매 안내입니다. @deoksugung_korea  #서울용비쉼터 📍서울특별시 성동구 중랑천서자전거길 5 용비쉼터 ✔️이촌 한강공원과 중랑천 산책로가 만나는 지점에 위치 ✔️용비교 아래 그늘 벤치와 작은 테마정원 즐길 수 있음 ✔️편의점, 개방화장실 있음 🚇응봉역 또는 옥수역   #용산공원 📍서울 용산구 용산동4가 14 ⏰9:00-18:00 (월 정기휴무) -17시 입장마감 -월요일 공휴일인 경우 다음날 휴관  #종로갈매기살골목 📍서울 종로구 돈의동 7-1 ⏰가게마다 영업시간 상이 📝가게리스트 *미갈매기살 *광주집 *고창집 *진주대박집  #드론라이트쇼 📍뚝섬한강공원 📅2025년 4월~5월 예정 @seouldroneshow_official  #인왕산개나리 📍인왕산 무악재하늘다리 건너  #서울스프링페스타 📍서울광장, 광화문 광장, 덕수궁길, 월드컵경기장 등 서울 전역 📅2025.04.30. (수) ~ 2025.05.06. (화) 🧾라인업 : 엔시티위시, 하츠투하츠, 더보이즈, 엔믹스, 스테이씨, 투어스, 키키, 위하준 @seoulspringfesta_official  #홍제천인공폭포 📍서울 서대문구 연희동 @seodaemun_official  #국제베이커리페어 & #커피엑스포 📍코엑스 D홀 & A,B홀  📅2025.04.02. (수) ~ 2025.04.05. (토) ⏰10:00 ~ 18:00 (토 17:00) 온라인 사전등록: 1인 5,000원- @coexbakery",https://www.instagram.com/p/DH7P2QBMxUK/
701,20250402,인스타그램,오늘의배송 🚚  까시나 @cassinaofficial 마라룽가 소파와 캐피톨 컴플렉스 암체어 그리고 보위 테이블까지.   1973년 비코 마지스트레티(Vico Magistretti) 디자인 마라룽가 소파가 거실 전체의 중심을 잡아줍니다. 최초의 헤드레스트 무빙 시스템 소파로 자전거 체인의 원리를 적용해 등받이 부분을 반으로 접거나 완전히 펼쳐 사용자에게 맞춤형 편안함을 제공합니다. 헤드레스트를 세워 완전히 소파에 몸을 맡기도 안기듯 포근하게.   르 코르뷔지에(Le Corbusier) 가 1051년 설계 디자인한 인도 찬디가르 국회의사당(유네스코 문화유산) 건물을 위해 피에르 잔느레(Pierre Jeanneret) 디자인 캐피톨 콤플렉스 암체어. V를 뒤집어놓은 팔걸이와 다리 연결 크로스바가 시그니처 디자인 언어로 팔걸이를 감싸는 패딩과 넉넉한 시트 및 등받이 쿠션은 우아함과 심플하게 표현합니다.   파트리샤 우리퀴올라 디자인 보위 테이블은 블랙 컬러를 메인으로 높낮이가 다른 2개의 제품을 레이어드. 소파 옆 사이드 테이블은 샬롯 페리앙 디자인 메리벨 스툴입니다.   ▪️비블리오떼끄 1호점 1층 공간은 까시나 모노스토어로 월요일부터 토요일(일요일 휴무) 오전11시부터 오후 7시까지 열려있습니다. 온라인샵 까시나 브랜드 제품 둘러보기 🔎 www.bibliotheque.co.kr  #cassina #maralunga #maralungasofa #vicomagistretti #lecorbusier #pierrejeanneret #chalotteperriand#capitolcomplexarmchair #armchair #madeinitaly #cassinagwangju#bibliotheque_ #bibliothequeshop #까시나 #카시나 #마라룽가 #마라룽가소파 #까시나마라룽가 #비코마지스트레티 #르코르뷔지에 #피에르잔느레 #샬롯페리앙 #lc3 #까시나소파 #까시나광주 #캐피톨컴플렉스 #캐피톨콤플레스 #암체어 #라운지체어 #비블리오떼끄,https://www.instagram.com/p/DH7Puukzzio/
702,20250402,인스타그램,#20240922 #전주여행2 #전주창의체험관 #다양한체험과실험 #자전거와퀵보드까지 #알차게즐기기 #찐웃음 #예남매,https://www.instagram.com/p/DH7OsLnSqXb/
703,20250402,인스타그램,"광주시 “시민 곁으로 문화공연 찾아갑니다” - ACC상상마당·상무시민공원·쌍암공원 등 5곳서 매주 토요일 공연 - 시립예술단·공모 선정 민간단체 등 60차례 다채로운 무대 선사 - 대중교통·자전거·걸어서 공연장 찾아…‘대‧자‧보 정책’ 일상 안착  광주시가 올해도 광주 곳곳을 찾아 문화공연을 펼치며 일상에 지친 시민들에게 힐링과 휴식을 선물한다.  특히 이번 공연은 도시의 소음과 분주함에서 벗어나 평온함을 느낄 수 있고, 대중교통이나 자전거, 걸어서 찾아갈 수 있도록 5개 자치구 공원에서 공연을 펼쳐 광주시의 ‘대·자·보(대중교통·자전거·보행 중심) 도시’ 정책을 시민 일상에 안착시킨다.  광주광역시(시장 강기정)는 4월부터 11월까지 매주 토요일 동구 국립아시아문화전당(ACC) 상상마당, 서구 상무시민공원, 남구 푸른길공원, 북구 양산호수공원, 광산구 쌍암공원 등 5곳에서 ‘찾아가는 문화공연’을 연다.  올해 ‘찾아가는 문화공연’에서는 광주예술의전당 시립예술단(20회)과 광주문화재단 공모로 선정된 민간단체(40회) 등이 총 60차례 공연을 펼친다.  ‘찾아가는 문화공연’은 광주만의 특색있는 공연문화를 만들기 위한 ‘시민체감형 문화정책’의 하나이다.  특히 광주시립예술단이 오페라, 발레, 클래식, 창작 등 다채로운 장르의 공연을 선보여 시민들이 일상에서 수준 높은 문화공연을 접할 수 있도록 한다.  올해 ‘찾아가는 문화공연’의 첫 공연은 오는 5일 토요일 국립아시아문화전당(ACC) 상상마당과 푸른길공원, 쌍암공원에서 각각 열린다.  남구 푸른길공원에서는 광주시립창극단이 ‘풍류 in 광주’를 주제로 교방무, 판소리, 아쟁산조, 남도민요, 사물놀이 등 풍성한 무대를 선사한다. 동구 ACC상상마당에서는 여성 팝밴드 ‘원보틀’이 ‘북마크 온 원보틀’을 주제로 자작곡과 김광석 노래 등 커버곡들을 들려준다. 광산구 쌍암공원에서는 ‘외씨 버선’이 대중음악과 흥겨운 국악이 융합한 공연 ‘이 순간(AT THE MOMENT)’을 선보인다.  김성배 문화체육실장은 “문화예술은 지역사회의 활력을 높이는 중요한 요소”라며 “찾아가는 문화공연을 통해 시민들이 일상에서 더욱 다양한 문화공연을 즐길 수 있도록 최선을 다하겠다”고 말했다. <끝>  ※ 별첨 : 홍보포스터 및 공연일정  (문화정책관, 613-3180)  출처 : 광주광역시 #광주광역시 #2025소셜기자단 #gwangju #광주소셜기자단 #기회도시광주 #찾아기는문화공연",https://www.instagram.com/p/DH7OyJdzCj_/
704,20250402,인스타그램,🌺 두근두근~ 꽃이 피었나 봄! 아름다운 서울 봄꽃길을 소개합니다~  💗 도심 속 걷기 좋은 봄 꽃길 - 영등포 여의동·서로 (윤중로) - 청계천로 (청계2가~광교) - 워커힐길 - 월계로 (미아사거리~월계2교) - 우이천 자전거도로 - 벚꽃로 (독산역~가산디지털단지역)  💗 공원에서 봄을 만끽할 수 있는 꽃길 - 수성동계곡 - 응봉근린공원 (응봉산) - 망우리공원 (망우로91길 2) - 서울숲 - 서울 창포원 - 안산도시자연공원 (안산문화쉼터벚꽃길) - 서울대공원 꽃의 숲 산책로(서울대공원 지하철 입구~호숫가 둘레길)  💗 물길 따라 즐기는 봄 꽃길 - 중랑천 송정지구 (가람교~송정교) - 묵동교~장평교 (하천제방길) - 중랑천 광진장미정원 (장평교~텃밭) - 성북천 - 불광천변 (응암역~DMC역)  💗 산책길에 만나는 봄 꽃길 - 우이천벚꽃길산책로 (쌍한교~우이제3교) - 발바닥공원 (방학3동주민센터~벽산아파트 뒤) - 강서구청사거리 - 전농로10길  💗 서울의 아름다운 봄 꽃길은 서울시 홈페이지 스토리인서울 및 스마트서울맵 을 통해 손쉽게 검색하여 노선을 확인할 수 있습니다. - 스토리인서울 🔗 https://www.seoul.go.kr/story/springflowerway/pc.html?ver2025 - 스마트서울맵 🔗 https://map.seoul.go.kr/global/  💗 문의 : 다산콜센터 ☎️ 02-120  #120dasan_official #120다산콜재단 #120 #120다산콜센터 #다산콜센터 #서울시 #서울특별시 #서울시청 #아름다운서울봄꽃길 #서울 #봄꽃길 #도심속걷기 #공원 #물길 #산책길 #서울여행 #봄나들이 #봄 #나들이 #벚꽃 #주말나들이 #주말,https://www.instagram.com/p/DH7Nln2T7Lo/
705,20250402,인스타그램,대마도 삼나무숲을 자전거로 🚴🏻‍♀️🚴🏻  #🌲 #대마도자전거여행 #쓰시마여행,https://www.instagram.com/p/DH7MaHKzIZm/
706,20250402,인스타그램,풀뜯는 엄마옆에서 잠시 장난질 ㅋㅋㅋ 젊어보인다보 좋아하는 할미 😀😃😄😁😆  목요일은 오후도 영업합니다요♡♡  직접손질하고삶은 야들야들 #내장 매일아침마다삶은 다리 머릿고기   #맛돼지국밥#진주#진주가볼만한곳 #진주문산맛집#진주시래기국밥 #진주공군#금산맛집 #진주문산#충무공동맛집#진주혁신 #진주로컬맛집#진주노포맛집 #얼큰돼지국밥#진주월아산#진주벚꽃 #진주머릿고기구이#진주수육맛집 #진주뼈해장국#진주해장국맛집 #진주자전거도로맛집 엄마가계속풀을뜯어와서반찬이많아요 많이드세용#한식뷔페아님  시래기국 11시이전에오시면5000원!!!! 11시이후는 7000원입니다요🙂🙃🫠😉😊  머릿고기듬뿍 돼지국밥 드시러오세용🤩😘🥰😍 월아산로1057 055-753-8981 아침8시부터 영업합니다 목요일은 오전영업 오후영업(5시부터8시까지) 합니다 금요일쉬어요 2시이후로는 예약없으면도망갑니다요,https://www.instagram.com/p/DH7NYTjh7qq/
707,20250402,인스타그램,본격적인 라이딩의 계절이 왔네요! 밤에는 아직 쌀쌀하지만 오랜만에 많이 모였습니다!^^ #자전거 #취미 #운동,https://www.instagram.com/p/DH7NXcWBdOZ/
708,20250402,인스타그램,"살랑살랑 불어오는 바람에 봄기운 가득한 요즘 초록 초록 청보리밭으로 봄나들이 떠나보세요🌱  휙- 가볍게 자전거 타고 가다 보면🚲 끝없이 보이는 초록 물결과 노란 유채꽃, 보랏빛 갯무꽃에 마음이 말랑말랑  출출해지면 핫도그에 아이스크림 사서 먹어보고🍦 입안 가득 퍼지는 봄기운에  세상 걱정 다 사라지고 어느새 행복만 가득!😊  #가파도청보리축제 📅축제기간 : 4/4(금) ~ 5/6(화) 📞문의 : 가파리사무소 064-794-7130 📍제주특별자치도 서귀포시 대정읍 가파리 일원  ※여행 전, 정확한 정보를 다시 확인해 주세요. ※지난 축제 사진이 포함되어 있습니다. ※배 시간을 꼭 확인해 주세요.  📷 @wonee_e2 @alkong_sy life_better_by_sea_ @instarchive__63 @mi.yyyyy @sykim2662 님 제공  #2025여행가는달 #여행가는달 #4월 #봄나들이 #국내여행 #여행 #대한민국구석구석 #한국관광공사 #문화체육관광부 #축제 #청보리밭 #청보리축제 #제주축제 #유채꽃 #봄꽃 #봄꽃여행 #제주 #제주여행 #섬여행",https://www.instagram.com/p/DH7M9-jNmtJ/
709,20250402,인스타그램,# 벚꽃이 피려다 눈 오는거 보고 ☃️ 눈치보고나봐여😳  4월은 봄이니까 활짝 펴주라🌸  반빕 입고싶다규~  📸 @tigerbm0409  #cycling #cyclingtips #cyclinglife #cyclingpassion #bycicles #roadbike #자전거 #한강자전거 #자전거옷 #자전거고글 #남산자전거,https://www.instagram.com/p/DH7M2WwyN7J/
710,20250402,인스타그램,#자전거 #인스타그램 #일상 #로드바이크 #자덕 #운동 #구미 #자전거생활 #자린이성장기,https://www.instagram.com/p/DH7L_UbyZ3H/
711,20250402,인스타그램,"안녕하세요 머슬팩토리 혁신점 입니다 !  오늘은 봄이 찾아오며 가벼워지는 옷차림과 함께 몸도 가벼워지기위한 ! 다이어트에대해 알아보려 합니다 !!  💡실외운동 추천 ✔ 가벼운 조깅과 파워워킹 ✔등산&트래킹 ✔자전거 타기   💡실내운동추천  🏋️‍♀️전신순환운동  ​🧘‍♀️요가 & 필라테스  💡봄철 식단 추천  딸기 🍓  비타민 C가 풍부해 피부미용에 도움이 돼요!  주꾸미 🐙 저지방 고단백 식품으로 피로회복에 도움이 돼요!  두릅 & 냉이 & 달래 🌿 식이섬유가 풍부하고 혈당조절에 도움이 돼요!  💡성공을 위한 꿀팁  ✔물을 많이 마셔라! ✔식사시간은 규칙적으로 ! ✔꾸준한 운동을 습관화 하자 !!  목표는 단순히 살을 빼는 것이 아니라,  건강하고 활기찬 몸을 만드는 것이에요.  ​어제보다 나은 나를 만들기 위해, 오늘 작은 실천부터 시작해볼까요?  여러분의 건강하고 핏한 봄을 응원할게요! 💪🌿✨  더 구체적인 내용이 궁금하시다면? 블로그로 놀러와주세용❤  ✔국가/국제 공인 자격증 보유 ✔물리치료사 출신 트레이너 ✔교정 / 재활 운동 가능 ✔여성 전문 트레이너 항시 상주 ✔여성 전문 PT / 오전 PT 가능  자세한 사항은 문의 부탁 드립니다!  ☎문의전화 : 010-8269-6067 진주시 에나로142, 솔레어빌딩 9층  #진주헬스장#진주헬스#진주혁신헬스장#진주혁신#문산헬스장#진주pt#진주다이어트#진주바디프로필#진주운동#진주바프#진주운동맛집#바디프로필#시설좋은헬스장#기구많은헬스장#머슬팩토리#혁신머팩#진주여름준비#진주재활#진주부상예방#단체피티#여성피티#다이어트식단#프리미엄헬스장#운동하는남자#운동하는여자  ​",https://www.instagram.com/p/DH7LyUcSyIJ/
712,20250402,인스타그램,의외로 안무겁네요  사실 실내자전고 최고단계인 8단계가 힘들지않아서  모래주머니 산거거든요 광고아니고 찐으로 땀을 좀 더 흘릴까싶었는데..  의외로 덜 힘듬.. 2kg했으면 큰일날뻔.  인님 오늘 하루도 화이팅하세요 🤟❤️  #자전거그램 #실내자전거 #런닝스타그램 #홈트레이닝  #보니비맞춤형화장품 #영주시 #봉화군 #안동시 #예천군 #풍기읍 #경상북도 #화장품강사,https://www.instagram.com/p/DH7LKKDTth_/
713,20250402,인스타그램,"⭐️  <나는 빛나는 3학년이야>에는 네 편의 동화가 들어있다. '내가 빛나는 3학년이라고?' 하면서 관심 있어 할 3학년들과 '진짜 빛나는 3학년 맞아?'하면서 3학년 아이가 궁금한 부모가 읽으면 좋을 동화집이다.  1. 딱 좋은 나이 (곽유진)  [내 나이가 벌써 3학년이나 된 건지, 아직 3학년밖에 안 된 건지 모르겠다.]  첫 문장으로 3학년 어린이의 심경을 추측해 볼 수 있다. 그러고 보니 나도 주인공 예빈이의 엄마 같다. 아이를 보는 나의 시선도 하루에 여러 번 '3학년이나 됐는데'와 '3학년밖에 안 됐는데'를 오간다.   우리 집 3학년 어린이는 '재미'와 '즐거움'이  중요한 아이라서 <딱 좋은 나이>편을 가장 공감했다. 동화 속 예빈이가 잘하고 좋아하는 것이 캐릭터 그리기라면 우리 아들은 지하철, 기차 종이모형 만들기에 빠져있다. 예빈이처럼 자신이 잘 만든다고 생각한다. 나중에 전개도 도안을 만들고 공유해서 팔기도 하고 싶은 꿈은 팬시 작가가 되고 싶은 동화 속 예빈이와 닮았다.   작가는 좋아하는 게 많다는 건 언제든 꺼내 쓸 용기가 많이 있는 거라고 했다. 3학년 아이들이 좋아하는 걸 많이 만들었으면 좋겠다.  2. 자전거 삼총사의 비밀 작전(최은옥)  3학년은 확실히  또래 개념이 분명해지는 시기이다. 최은옥 작가의 <자전거 삼총사의 비밀 작전>에서는 어릴 때부터 단짝이었던 세 아이가 나온다. 세 아이는 작은 오해로 다툰 뒤 데면데면하게 지내던 어느 날, 태호와 진수는 자전거를 잃어버린 민아를 발견한다. 잔소리가 심한 민아 엄마를 떠올리며 세 아이는 힘을 모아 자전거를 찾으러 다닌다.   ""함께 달리니까 정말 정말 좋다!""  사건이 해결되고 다시 예전처럼 함께 자전거를 타고 신나게 달리는 세 아이의 모습이 감동적이다.   아이들에게는 싸우기도 하고 서먹해지는 순간도 있겠지만 소통하고 잘 해결하면 성장의 시간이 되겠다는 생각이 들었다.   3. 라도와 해가(김다노)  김다노 작가의 <라도와 해가>는 새로운 발걸음을 내딛는 아이들을 응원하는 동화다. 아이들은 주인공 나영이처럼 전학 가면 낯설기도 하고 사투리를 쓴다며 놀리는 듯해서 기분이 상할 수도 있다. 그럴 때는 어떻게 해야 할까? 현실에서는 속상한 마음을 털어놓을 '고양이 전화기'를 대체할 만한 게 뭐가 있을까?  이 동화를 읽은 어린이들이 작가의 말대로 '다른 사람이 나를 어떻게 볼까?'라는 걱정은 내려놓고 남들과 다른 점이 가장 나다운 거라고 생각하면 좋겠다.   4. 숲에서 다람쥐가(우미옥)  우미옥 작가의 <숲에서 다람쥐가>는 캠핑장에 놀러 간 주연이와 은석이가 다람쥐를 쫓아 깊은 숲속으로 들어가서 특별한 경험을 하는 이야기이다. 두 아이 앞에 펼쳐진 판타지 세계와 아이들의 반응이 흥미롭다.  이 동화를 읽고 나면 주연과 은석처럼 '말하는 다람쥐'를 만나고 싶어진다. 물론, 그런 건 실제로 없다고 단호하게 말하는 어린이도 있을 것이다. 하지만 상상 속에서는 무엇이든 가능하고 다 있다는 게 작가의 힌트다.  상상의 즐거움과 상상의 힘, 상상이 주는 행복을 믿는 작가는 어린이들에게 ""맘껏 상상해 봐.""라고 말하고 있다. . . .  이 동화집을 읽으면서 1,2학년이 학교에 심은 씨앗이라면  3학년은 새싹 단계구나라는 생각이 들었다. 새싹은 존재만으로 빛난다. 이제 땅 위로 나왔으니 자신감 넘칠 테지만 함께 커야 할 옆에 있는 새싹들이 있다는 것도 알게되는 학년일 것이다.   <나는 빛나는 3학년이야>는 저마다 빛나는 오늘을 살아가는 3학년들을 공감하고 응원하는 작가들의 마음이 담긴 책이다. 이 책을 읽고 지금 보내는 하루하루가 '빛나는 3학년 시절'이라는 것을 아이들이 알았으면 좋겠다.   ***위즈덤하우스 @wisdomhouse_kids 에서 보내주신 멋진 책입니다.***  #나는빛나는3학년이야 #위즈덤하우스  #곽유진 #최은옥 #김다노 #우미옥 글 #서영 그림 #초등추천동화책 #동화집 #다름이해 #배려 #성장담",https://www.instagram.com/p/DH7K65uTmT-/
714,20250402,인스타그램,부산에서 배로 한시간거리의 일본 쓰시마섬 투어를 다녀왔습니다. 가까운 이웃나라 일본 섬마을의 아름다운 자연과 아기자기하고 여유로운 문화를 느끼고 왔어요. 생생한 영상은 유튜브채널을 통해 곧 업데이트 할게요 :) 🌸🚴🏻‍♀️🚴🏻  #대마도라이딩 #쓰시마섬여행 #자덕부부 #자전거여행,https://www.instagram.com/p/DH7K1bCTR-7/
715,20250402,인스타그램,"#지자체지원 #나주 이번 봄에 전남 나주로 떠나야 함 👀✨ 필수 여행 스팟만 추려서 알려줄테니까 짝꿍이랑 늦기 전에 얼른 가쟈 (´ε｀ )♡  @@나주에서만 즐길 수 있는 것 만땅 !  #한수제  ♡ 나주의 대표적 벚꽃 명소! 봄 필수 여행지  #불회사  ♡ 자연의 아름다움과 고즈넉한 나주 풍경이 어우러진 곳  #목사내아  ♡ 나주의 감성이 들어간 전통 한옥 숙소로 추천!  #영산강정원  ♡ 양귀비꽃이 흐드러지게 핀 탁 트인 힐링 스팟  + 근교 영산강대교~나주대교 드라이브 코스 / 자전거길 / 곰탕거리 / 홍어거리 위치!👍  #산림연구원  ♡ 이국적인 포토 스팟이 있는 이색 데이트 코스로 추천! 💗  #한반도지형전망대  ♡ 한반도지형을 감상할 수 있는 전망대! 노을 질 때 강추!  #황포돛배체험  ♡ 오직 나주에서 즐길 수 있는 영산강 속 돛배 체험!  #국립나주숲체원  ♡ 대규모 데크길과 잔디밭이 구비되어, 힐링 프로그램도 참여하기 굿 bb  #다도로60  ♡ 100평 힐링카페와 6000평온로드, 오프로드 카트 체험 가능!  #나주곰탕거리  ♡ 오래 고아서 낸 ‘곰탕’을 다채롭게 즐길 수 있는 거리  #3917마중  ♡ 나주곰탕거리 근처 위치한 카페로, 복합문화공간으로 운영되는 곳  #대한민국구석구석 #나주가볼만한곳 #나주여행 #전남가볼만한곳 #나주벚꽃 #나주봄여행 #나주벚꽃스팟 #나주여행추천 #나주이색데이트 #나주데이트 #나주전망대 #나주카페",https://www.instagram.com/p/DH7KZI6TalM/
716,20250402,인스타그램,낙양읍성  거주하는 고양이  무엇인가  즐기는듯한  표정 ^^👍😍😙  ##사진소통 #사진여행 #차박여행 #차량여행 #나홀로여행 #자전거여행 #자덕 #일상소통 #일출사진 #일출명소 #사진에미치다 #사진찍집사 #사진취미 #사진잘찍는법#풍경사진 #노을사진,https://www.instagram.com/p/DH7KEuCSzH_/
717,20250402,인스타그램,등교 . 즐거운 자전거등교!😄😁🚲 잘 다녀와!!!👋👋👋👋👋,https://www.instagram.com/p/DH7IreKBCuY/
718,20250402,인스타그램,"#여호수아 1:9, 할렐루야 👍 굿데이입니당 아멘♡♡♡,   #하나님, #성경, #예수님, #기독교, #매일성경읽기, #믿음발전기록, #웨이트트레이닝, #diet, #홈트, #몸만들기, #중년남자, #유지어터, #아령,#하나님, #성경, #예수님, #기독교, #매일성경읽기, #믿음발전기록, #웨이트트레이닝, #diet, #홈트, #몸만들기, #중년남자, #유지어터, #아령, #실내자전거, #팔굽혀펴기, #운동조언, #운동동기부여, #캘리그라피, #키링 #편집디자인, #포토샵",https://www.instagram.com/p/DH7IwuzTsU6/
719,20250402,인스타그램,"Welcome to Death Road ☠️ ⠀ ⠀ 전날 “비와도 타요? ”, “네” 체험 당일, 신발 안에 물이 출렁일 정도로 비를 맞으며 죽음의 도로에서 산악 자전거를 5시간 동안 탔다. 브라질 여자 ‘카라오’를 제외하고, 가이드 포함해서 남자들은 (나, 리암, 세바스찬) 서로 추월하면서 경쟁이 붙어서 한번씩 뒹구르고(남자가 빨리 죽는 이유)… 유튜버인 ‘지미’ 는 중간에 포기, 크게 다친 사람은 없지만, 풍경에 맞아 죽을 뻔한 인생 액티비티였다. 🚴🏼",https://www.instagram.com/p/DH7IDoYJoqG/
720,20250402,인스타그램,"📍2025 서울신문-연천 DMZ 자전거 랠리  서울신문사가 경기도 연천에서 ‘2025 서울신문-연천 DMZ 자전거 랠리’를 개최합니다.   세계에서 유일한 비무장지대(DMZ)의 수려한 풍광과 역사적 가치를 느낄 수 있는 곳, 지하철 1호선 개통으로 더 가까워진 ‘연천’을 자전거로 달려 보세요. 임진강과 한탄강 그리고 민통선을 포함한 연천의 아름다운 코스를 즐길 수 있습니다.  ■ 대회명 : 2025 서울신문-연천 DMZ 자전거 랠리  ■ 대회일시 : 2025년 6월 21일(토) 오전 9시 출발  ■ 종목 : 로드사이클 및 로드MTB 개인전 및 클럽단체전(73㎞)  ■ 기념품 : 사일런스 고글, 연천쌀, 기념메달 등  ■ 참가접수 : 1500명 선착순 마감(www.sycrally.com)  ■ 참가비 : 7만 5000원  ■ 문의 : 02-2000-9312  ■ 주최 : 서울신문사  ■ 후원 : 연천군  #연천DMZ랠리 #자전거대회 #연천군",https://www.instagram.com/p/DH7IB9ch8tO/
721,20250402,인스타그램,쿠알로아랜치  여기 진짜 2만% 대만족+완전 재미남 ㅋㅋㅋㅋ E-bike 두시간 타는데 시간순삭!! 3시간짜리 탈걸😭 대자연 진짜 감탄이 절로 나오는데 거기가 티라노사우루스 등장했던 바로 그곳이라니 ㅋㅋㅋㅋㅋㅋ 완전 꿀잼  여기 살면서 e-bike 투어가이드 하면 나 진짜 잘할텐데😑 자전거 쌩쌩 잘 타는 조카 데리고 꼭 반드시 다시 와야지!!!  #쿠알로아랜치 #하와이 #오아후 #쥬라기공원촬영지  #kualoaranch #jurassicpark #hawaii #oahu  #두시간자전거셔틀버스포함25만원 #물가깡패  #주말없는하와이여행 #나홀로하와이 #하와이여행중,https://www.instagram.com/p/DH7HY0BzrQ5/
722,20250402,인스타그램,"#유나등교길 좋아하는 것이 많은 아이♡ She has many things she loves.  오늘은 유나가 친구들과 안가고 제차로 갔어요. 가는 길에 딱 이맘때 들어야 되는 장범준의 🌸 벚꽃노래 유나가 틀더니 흥얼거리면서 조수석의 거울을 내리고 썬팩트 꺼내 톡톡 바르고 블로셔도 붓으로 톡톡 슥슥 ㅋㅋ 립글로 마무리 ㅎㅎ 하... ㅎㅎ 중딩되니 화장하고 학교 가네요.  유나는 좋아하는게 많아요. 아침에 눈떠서 엄마 불러서 엄마냄새 맡고 일어나는거 좋아하고 기지개 켤때 엄마가 쭉쭉이 해주는거 아직도 좋아하고 일어나 꼬미 한번 안아주는거 좋아하고 아침에 일어나 해리포터 책 읽는거 좋아하고 화장실 갈때 해리포터 책 가져가서 읽는거 좋아하고 엄마밥 먹는거 좋아하고 딸기좋아하고 그릭요거트 좋아하고 새옷 온거 입어보는거 좋아하고 친구들과 수다떨고 노는거 좋아하고 혼자있는 시간에 누워서 발가락 까딱까딱 거리며 드라마나 영화보는거 좋아하고 다이소에서 뭔가 사와서 뜨개나 만들기 아직도 좋아하고 자전거 타는거 좋아하고 블루투스 음악 들으며 산책하는거 좋아하고 갑자기 엄마랑 서울이나 다른 지역 충동적으로 가는거 좋아하고 춤추는거 좋아해서 댄스학원도 자주가고 학교 댄스동아리도 연습 맨날가고 도전하는거 좋아해서 반장선거 초2때부터 맨날 나갔는데 떨어져도 매학년마다 나가더니 작년엔 부반장, 올해 중딩엔 드뎌 당당히 반장으로 뽑히고, 현재 중딩학교생활 너무 재밌어해서 신나게 다니고 있어요!  이거말고도 아마 좋아하는게 더 많을거에요.  저는요. 좋아하는게 많은 아이로 키우고 싶어요. 그래야 이 험난한 세상 살아갈 수 있다고 생각하거든요. 힘든일이 생겨도 이겨낼 힘이 생겨요.  그런데 아이가 좋아하는게 많으려면 부모가 그렇게 살고 있어야해요.  저는 유나보다도 좋아하는게 더 많은 부모에요. 저는 꾸준히 루틴을 지키며 좋아하는걸 계속 찾을거에요.  한 번 사는 인생 좋아하는거 다 해보고 갈거에요!  오늘도 우리 좋아하는걸 발견할 수 있는 그런 하루 보내보기로 해요♡  #유나맘생각  #좋은게많은아이 #좋은게많은부모  #행복하게사는법 #행복은가까운곳에",https://www.instagram.com/p/DH7HWY8yBnE/
723,20250402,인스타그램,경주 벚꽃 타실라타고 벚꽃 라이딩😁-1(25.03.30)  경주 공영 자전거 타실라를 타고 (일일대여료 1000원😁) 대릉원부터 오릉까지 벚꽃명소 라이딩🚴‍♀️ 다소 쌀쌀한 날씨에 잠시 주춤 했지만 달리는 공기는 상쾌하고  벚꽃은 넘 이뻤어😍 부산 명소도 많지만 남의 동네꽃이 더 이뻐보이는 법🤣😁  #경주 #경주벚꽃 #봄 #벚꽃명소  #대릉원돌담길  #첨성대 #월정교 #산스타그램  #여행스타그램,https://www.instagram.com/p/DH7GY3TzYzM/
724,20250402,인스타그램,"발리 라이딩 👀 아마도 마지막 묶음일듯!  한장한장 너무 좋다. 이번에도 메인 고르기 힘들었는데, 나의 선택이 맞았을지...심판을 기다립니다😆  화산 업힐 저 마지막 구간은...사진에서 보이는 것 처럼.. 힘들었다(15, 16번)  밀린 추억 마무리 중☺️🚴‍♂️ _  #운동가서여행하는약사 #쏘트래블 #발리라이딩    @putucycling @shaka_visual  #발리 #라이딩 #bali #balicycling #cycling #roadcycle #cyclingphotos #발리여행 #해외라이딩 #해외자전거 #roadcycle",https://www.instagram.com/p/DH7GU5dzjE9/
725,20250402,인스타그램,두근두근...드디어 다되어갑니다.!!  #자린이김대표 #로라방 #자전거성지 #구미시사이클연맹 #원사이클아카데미 #두근두근 #준비중 #곧오픈,https://www.instagram.com/p/DH7GEImSvlv/
726,20250402,인스타그램,#자전거 #고양이 #야옹이🐱🐈 #냥스타그램🐱🐾 #애교냥💕🐱🐈 #cat #chat #catstagram #cyclinglife #neko #bikestyle #ネコ #自転車  #猫#자전거라이딩🚲 #자전거 #로드자전거 #바이크  #엘파마레이다 #엘파마 #elfama #cyclinglife #cyclingphotos #cyclingstyle #roadbikes #bikestyle #bycicle #byciclephotography#자전거그램🚴‍♂️🚴‍♀️🚴,https://www.instagram.com/p/DH7FWMmBNa4/
727,20250402,인스타그램,날씨 참 좋다👍  #자출 #스캇 #스캇스케일rcsl #저스트라이드 #스캇대리점 #싱크로스 #스캇픽업대리점 #포항 #경주 #자전거 #브롬톤 #데어 #에잇린 #버디 #베스비 #링크유 #스트라이다 #브룩스,https://www.instagram.com/p/DH7FZu6TVEK/
728,20250402,인스타그램,"목련 목련은 등불을 켜듯이 피어난다. 꽃잎을 아직 오므리고 있을 때가 목련의 절정이다. 목련은 자의식에 가득 차 있다. 그 꽃은 존재의 중량감을 과시하면서 한사코 하늘을 향해 봉우리를 치켜올린다. 꽃이 질 때, 목련은 세상의 꽃 중에서 가장 남루하고 가장 참혹하다. 누렇게 말라 비틀어진 꽃잎은 누더기가 되어 나뭇가지에 너덜거리다가 바람에 날려 땅바닥에 떨어진다. 목련꽃은 냉큼 죽지 않고 한꺼번에 통째로 툭 떨어지지도 않는다. 나뭇가지에 매달린 채, 꽃잎 조각들은 저마다의 생로병사를 끝까지 치러낸다. 목련꽃의 죽음은 느리고도 무겁다. 천천히 진행되는 말기 암 환자처럼, 그 꽃은 죽음이 요구하는 모든 고통을 다 바치고 나서야 비로소 떨어진다. 펄썩, 소리를 내면서 무겁게 떨어진다.   김훈, <자전거 여행 1> 23~24쪽에서...  #목련 #목련의 절정 #목련의 죽음 #김훈 #자전거 여행 1 #포토에세이",https://www.instagram.com/p/DH7FAh-T_5Q/
729,20250402,인스타그램,올해는 열심히 달리고 싶다!!!! #라이딩 #자전거타고싶다,https://www.instagram.com/p/DH7EID6BEVO/
730,20250402,인스타그램,"#🐶#😍  #biscuit #띵동영어#재키쌤 @jackiego5  좋은 자료 감사합니다.♡  스티커 붙이는 재미에, 책도 골라 온다.♡ Woof, Woof Ruff! Bow wow! 멍멍이 짖는 소리가 대부분이라😅 더 재미있는 책 딴짓하며 듣는 것 같아서 내용을 물어보니, 알고 있네?🤭 자꾸 확인하고 싶은 엄마..😅 자제할게.😋  요즘 빠른 취침으로 컨디션 최고로,  아침에도 일찍 일어나는 라윤. 실내 자전거 타며 책 읽어 달라는 너.  눈 뜨자마자 자전거로 간다. ""너도 운동이 좋니?"" 나는 그렇게 싫던데...🤣  일주일 중 제일 힘든 수요일이지만, 오늘도 파이팅!!!  #일상기록#독서기록#icanread#myfirst#📚 #reading#bookstargam#책읽는우리집#🏡 #책스타그램#북스타그램#책육아#엄마표영어",https://www.instagram.com/p/DH7DtqMzJol/
731,20250402,인스타그램,250401 #오운완 #어제피드 회사➡️안양천➡️회사➡️안양천➡️과천➡️양재천➡️집  #4월1일 #만우절 거리 53.96km / 평속 22.0km  4월이다#🌷🌼🌻🌺🌹🌸💐 부지런히 꽃구경 하고 부지런히 라이딩 해야하는 #4월 이다 4월4일 좋은소식을 기다리며...#🥳 이번달 1000km목표로...#🤩 부지럼히 열심히 달려보자구 #🚴‍♀️🚴🚴‍♂️  #자전거타는남자 #자전거좋아하는남자 #운동소통 #운동일지 #relive #strava #안양천 #도림천 #양재천 #라이딩 #자덕 #자린이 #자전거 #좋아요반사 #좋반 #맞팔 #따릉이퇴근라이딩,https://www.instagram.com/p/DH7DR2uT43n/
732,20250402,인스타그램,고등학교 동창들과 살방 라이딩 창원기공 26회 편도우이는 다음부터 TT 갖고나오지마라 !!  #cyclinglife #cyclingroad #cyclingphotos #cyclelife #cycling #cycling #cycle #bikes #bikestagram #bycicles #trekmadone #trek #trekbikes #trekroadbike #트렉 #트렉자전거 #카스크 #kask #kaskhelmets,https://www.instagram.com/p/DH7CD4NTZqu/
733,20250402,인스타그램,ㅋㅋㅋㅋㅋ 천하무적 최만두  어제 관장님이 옷 주셔서 아빠가 세탁하고 오늘 입고 가는 만두  일찍 학교가는 이유? 친구들하고 놀려고 ㅋㅋㅋㅋㅋㅋㅋㅋㅋㅋㅋ  자전거에 물이 아니고.. 다른게 ㅋㅋㅋㅋㅋㅋㅋㅋㅋㅋ꼽혀져있어서 뭐냐니까 친구들 준다던데..  안보니까 모르겟네 ;;   진짜 아빠가 몰래 묵지마라카면 화 안내고  엄마가 한마디하면..ㅎ 사춘기니?  #천하무적태권도 #천하무적최민준,https://www.instagram.com/p/DH7BxmnTmEV/
734,20250402,인스타그램,#송추#소.말머리#리버스#행주#피지클라이딩클럽💕  #화요라이딩#업힐#페달링#상체자세코칭 . .  #소머리 업힐 영상.  아직 발목도 꺾이고 상체는 흔들림 ㅋ🚫  언제 부턴과 피팅값이 달라지고 댄싱 아닌 싯팅 으로 업힐을 하니 심히 힘듬.  왜 댄싱을 안 치는 거지?😂😂😂  #photobyme📸 @romanjeon 🙏😊  #team#stack#neverstop #콤부기레이싱클럽#피지클-행주 #@psycle.haengju #자전거타는여자  #운동하는여자 #trekemondasl5  #raphakorea  #pella#pasnormalstudios  #@843cncpt #falconerhelmet #crafts3100% #sworks7 #shimano#s-phyre,https://www.instagram.com/p/DH7AxiWzYK1/
735,20250402,인스타그램,사이클 + 헬스  오늘도 흠뻑쇼 한단계 업  머리띠 못챙겨 마스크로 대체 땀이 줄줄 떨어진다   체력소진  오늘은 적당히  꺼꾸리 (이가없음 잇몸으로) 내일을 위해 충전   내돈내산  포슘팔찌 선물용 강츄  은이든 금이든 팔찌차면  잃어버려서 . . . (크롬하츠)  찌부찌부  포슘스포츠팔찌는  안 잃어버리겠지  도망가지마   정신쭐 바짝 챙기자  #자전거타는여자 #운동일상그램 #운동하는여자 #운동기록 #싸이클로라방  #짱 #포슘엠버서더 @fosum_7942 @@fosum_friends #포슘프렌즈 #포슘코리아 #포에버마그네슘 #스포츠목걸이 #스포츠팔찌,https://www.instagram.com/p/DH7AQ54T34T/
736,20250402,인스타그램,"#수요팅🔥 #2025년 4월#2분기 시작이네요😊 내년을 위해 기록 남겨두기   #운동기록#두번째#풀코스#서울마라톤#동마#pb  ✔️지금 컨션 상태 by 가민  2021년 트런 시작후,  트런+러닝=한달 마일리지 300km뛰어본건 한번도 없는듯한데..😄😝 (거의 트런으로만 290이 최대같아요)  ✨나의 현 라이프 스탈 상태상 스케줄상(일 아이들 등등 가만하여) 마일리지 압박?!😝없이 즐기며 뛰는 월마일리지는 평균 200km내외 같고..🤔  러닝을 좀 우선순위로 집중해도 250km언저리  ✔️풀코스 싱글하려면  최소 주1회 인터벌 포인트 훈련과,  더불어 10km기록 단축하면서,  월 300km은 달려야 하는것으로 사료되오나..음..  일단 올봄 트런대회들 끝나고 츄라이?!😄😎  (근데 수영 자전거도..해야하고,,웨이트도 틈나면 수시로 해야하는데..말이쥬🤔..음 일단 5월 대회들 마무리되면 러닝집중 일정 짜보기요! )  ✨뭐든! #습관 만 만들면 그 이후는 크게 어렵지 않으니! 쭉 지속할 수 있는 루틴으로 점진적으로 무리없이 나아가는 방향으로 차근히 해봅시다^^😊",https://www.instagram.com/p/DH7AMHaT_aA/
737,20250402,인스타그램,"블로그에 시 앞부분을 인용했다.  시 앞부분이라는 글은 썼지만 출처에 시의 '일부'라는 내용을 빼놓았었다.  블로그 글을 본 시인님께서 직접 댓글로  연락을 주셔서 출처 내용을 수정할 수 있었다.   인터넷에 한번 잘못 게시되면 나중에는 수정이 불가능해서 댓글을 주셨다는 시인님의  연락을 받고 고개가 끄덕여졌다.   블로그에 내가 쓴 글을 자주 보고 수정한다.   ✍️ 인간의 삶은 자기 개선 노력과 자기 수용 사이의 균형 잡기다. p445 넥서스, 유발하라리 지음, 김명주 옮김  💌 글을 쓰고 남기는 것도 자기 개선과 수용 사이의  균형을 잡기 위한 노력이다. 그리고 글이나  다른 콘텐츠를 접할 때도 그대로 믿기 보다 내 물음표를 찾고 싶다.   믿음, 확신만큼 회의懷疑 의심에 대한 이야기도 필요하다. 이런 생각을 하던 지난주 극장에서 본 영화  '콘클라베'의 여운이 오래갔다.   ✍️ 신앙은 의심과 손잡고 있을 때 생명력을 얻을 수 있다  영화 콘클라베 중에서   💌 3월 봄바람 타고 기세 좋을 줄 알았는데 몸과 마음이 삐걱거리기도 했다. 나에게 힘을 준 것은  지난 기록이었다. 3년 전 이맘때 나는 코로나에 걸려 있었고 마찬가지로 기다렸던 봄인데 기운 없음을 토로하고 있었다.  3월은 꽃샘추위 같은 시기다. 겨울 가고 봄이 올듯 말듯 약 올리며 환절기, 신학기에 적응하느라 다소 피곤한.   다행히 주말에 집에서 혼자 있는 시간이 많이 생겨  푹 쉬기도 했다. 잘 쉬다 보니 자전거도 타볼까? 하는  의욕이 솔솔 피어났다. 그러고 보니 매년 4월이 되면  먼지 쌓인 자전거를 꺼내 타게 된다. 봄바람 느끼며 꽃 보니 다시 실실 웃음이 난다.   #블로그#글쓰기#수요일의모순#163회 #개선과수용사이 #3월지나#4월#日常小說#기록 #사진은#영화#콘클라베#책#상처없는계절 #내자전거#黑風#4월풍경",https://www.instagram.com/p/DH6_yjxTZVc/
738,20250402,인스타그램,아침부터 사진만 봐도 좋다  #벚꽃이랑 #파피루스화이트랑 찰떡일세 . . . . . .  #다쉘헬멧 #싸우전드헬멧 #브롬톤#파피루스화이트#미니벨로자전거#인생첫자전거#자린이#자린이성장중#자전거#브롬톤라이프#자전거찍는여자#내브로미#이뻐라😍#자주타자🚲#찐행복💕 #찰칵📷 #미니벨로#버디 #thousand #싸우전드헬멧 #brompton#bycicle#minivelo  #ブロンプトン #라이딩 #bromptonlife,https://www.instagram.com/p/DH6-571hYoU/
739,20250402,인스타그램,"4월 달력 보셨나요? 빨간날이 하나도 없는데   왜 분홍색 날은 있는 것 같죠..? 😳🌸     이제 진짜 몽글몽글 봄냄새도 나고 꽃도 피고    우리 또 5월에는 어린이날 가정의달... 6월부터는 여름 🥹 그 전에 달려봅시다!!     🌸 4월부터 매 달 1일, 뉴스레터가 발행됩니다!   쓰트롱마마x송희구 움직임 연구소   가 발행하는 [움직이는 아이는 흔들리지 않는다] 제 1호는 1일 새벽 6시 전체 발송 되었구요.   ✔️ 프로필 링크에 페이지 주소 걸어두었으니 신청 늦어서 메일 못받은 분들은    제 프로필 링크에 가보셔요!      🌸 송민기 선생님, 《아이 성장의 필수코스, 두발 자전거의 비밀》무료 특강 @rainbow_bikeclass   자전거가 아이들의 발달에 정말 중요하다는 사실 알고 계시죠?   특히 두발 자전거 타기는 거의 발달의 완성이라고 볼 수 있답니다 🚲   전문가가 알려주는 두 발 자전거 마스터하기! 무료 특강으로 준비했습니다 🙇🏻‍♀️     ♨️ 우리집을 온천명소로 만드는 <온샤 샤워 필터>   혹시 따끈따끈한 온천 좋아하시나요 💕   씻는 것에 예민하셨던 저희 친정엄마는 가족들과 전국 온천여행 다니기를 즐기셨어요.   이제 멀리 가지 않아도 매일 집에서 온천수로 피부관리 할 수 있다구요 😆    👶🏻 어린이날 특집 👶🏻   ✅️ 천체망원경 ✅️ 3D펜   아직 어린이지만 장난감 사주려니 좀 유치한 것 같고..   초등 친구들을 위한 특별한 어린이날 선물을 준비했습니다!     ⛱️ 여름맞이 & 어버이날 특집 ⛱️   ✅️ 바디스파 패치 2차 ✅️ 탄산슈가 파우더 클렌저   이제 곧 다가올 여름을 대비해 엄마들도 부모님들도 관리가 필요한 지금!   지난번 1차에서 친정엄마 선물로 인기를 끌었던 스파패치가 돌아옵니다 🌱   넣는 것보다 빼는 것이 중요한 시기, 보글보글 거품이 터지는 슈가 클렌저로 노폐물 빼보세요     🦶🏻 바른 성장을 돕는 <포랙스 깔창>   아이들 키는 부모님들의 아주아주 큰 관심사죠!   그런데 단순히 키만 큰다고 좋은 것이 아니에요 ❌️ 발목이 튼튼하고 균형이 맞지 않으면 바르게 성장할 수 없어요 🥲   어릴 때부터 관리하면 더 좋은!! 가성비도 대박인 깔창 기대해주세요 🫶🏻       다들 꽃놀이 다녀오셨나요? 🌸 짧은 봄이지만 흠뻑 취해 보셔요 🌷     ------------------------ 지금 이 피드를 보고 계신다면   🩷 좋아요 꾹 누르고 ✈️ 육아동지들 많이많이 공유해서   우리 아이들 살아갈 좋은 세상 만들어요 🙆🏻‍♀️     ⚜️삼형제 엄마가 전해주는⚜️  조금 특별한 인생 공부 👦🏻🧒🏻👶🏻   우리 아이 든든하게 키우고 엄마도 당당하게 독립하고 싶다면  ⬇️ '쓰트롱마마' 팔로우 ⬇️ @3trong_mama @3trong_mama   #쓰트롱마마 #쓰트롱엄마표 #4월일정 #어린이날선물 #어버이날선물",https://www.instagram.com/p/DH6-FAYzuNX/
740,20250402,인스타그램,7시 45분이다 얘야.... 작년에 자전거타다 다치고는 자전거 버려버림 😅 반년만에 다시 자전거 사줬다 신나서 가방메고 이 시간에 학교간다고 하길래... 자전거 신나고 타고 와서 학교 가라고 말렸다... 안전하게 타 아들❤️,https://www.instagram.com/p/DH6-C9-TM3u/
741,20250402,인스타그램,4.2. 수요 출근주 따릉이 ##에코러닝 #따릉이 #출근주 #불광동자전거길,https://www.instagram.com/p/DH68kr7zYJU/
742,20250402,인스타그램,"#지자체지원 #나주 이번 봄에 전남 나주로 떠나야 함 👀✨ 필수 여행 스팟만 추려서 알려줄테니까 짝꿍이랑 늦기 전에 얼른 가쟈 (´ε｀ )♡  @@나주에서만 즐길 수 있는 것 만땅 !  #한수제  ♡ 나주의 대표적 벚꽃 명소! 봄 필수 여행지  #불회사  ♡ 자연의 아름다움과 고즈넉한 나주 풍경이 어우러진 곳  #목사내아  ♡ 나주의 감성이 들어간 전통 한옥 숙소로 추천!  #영산강정원  ♡ 양귀비꽃이 흐드러지게 핀 탁 트인 힐링 스팟  + 근교 영산강대교~나주대교 드라이브 코스 / 자전거길 / 곰탕거리 / 홍어거리 위치!👍  #산림연구원  ♡ 이국적인 포토 스팟이 있는 이색 데이트 코스로 추천! 💗  #한반도지형전망대  ♡ 한반도지형을 감상할 수 있는 전망대! 노을 질 때 강추!  #황포돛배체험  ♡ 오직 나주에서 즐길 수 있는 영산강 속 돛배 체험!  #국립나주숲체원  ♡ 대규모 데크길과 잔디밭이 구비되어, 힐링 프로그램도 참여하기 굿 bb  #다도로60  ♡ 100평 힐링카페와 6000평온로드, 오프로드 카트 체험 가능!  #나주곰탕거리  ♡ 오래 고아서 낸 ‘곰탕’을 다채롭게 즐길 수 있는 거리  #3917마중  ♡ 나주곰탕거리 근처 위치한 카페로, 복합문화공간으로 운영되는 곳  #대한민국구석구석 #나주가볼만한곳 #나주여행 #전남가볼만한곳 #나주벚꽃 #나주봄여행 #나주벚꽃스팟 #나주여행추천 #나주이색데이트 #나주데이트 #나주전망대 #나주카페",https://www.instagram.com/p/DH68pzJzZ0g/
743,20250402,인스타그램,"#bikebusan #부산자전거학교 #부산시교육감재선거  2025.4.2 7:00 🌞버스   아침 학교가는 버스에서 곯아떨어지는 청소년들이 보인다. 잠 부족에는 여러 이유는 있지만, 아이들은 푹~ 충분히 꼭 자야한다.  ‘그때는 그렇지’ 가 아니라 최소한 어른둘은 ‘왜 하루 시작인 아침에 여전히  졸 수 밖에 없는지’ 문제 의식을 가져야 한다  중요한 문제일수록 복잡하고 해결도 어려워서 외면하기 쉽다. 그래도 방향성에 대한 견해를 가지는  어른이라면 이상적인 희망으로라도 투표는 해야한다.  투표합시다. 🦹‍♀️",https://www.instagram.com/p/DH68mD8zVDo/
744,20250402,인스타그램,"🚨 < 따릉이 스테이션 정리하기 > 𝐏𝐨𝐥𝐢𝐭𝐢𝐜𝐢𝐚𝐧 ━━━━━━━━━━━━━━━━━━ ❝ 의회 앞 따릉이 스테이션 자전거 정리를 하고, 바구니에 무단 투기되어 방치된 쓰레기를 치웠습니다. 🚲 기분 좋은 하루를 시작합니다.  ❞ 2025.4.2. 🌟 젊고 유능한 정치인 #국민의힘 #영등포을 斌星 #박현우 의원 씀. ・・・",https://www.instagram.com/p/DH671g6zSx9/
745,20250402,인스타그램,"🎯공구오픈)프랑스 내추럴 멀티클리너 샤다즐  와*즈 펀딩1위!  집에있는 묵을때 싹 다 지워보세요!! 주방 기름때와 인덕션, 가스레인지, 후드, 싱크볼 수전, 탄냄비 전자레인지 내부, 에어프라이어 화장실 욕조, 샤워부스, 변기 바닥장판에 아이들이 한 낙서 (유성펜 제외) 은악세사리, 가죽가방, 운동화, 타이어와 자전거 휠 등 만능세제라 오만곳에 다 쓰세요~  유해성분 없이 안전하고 깨끗한 친환경 세제 맨손으로 가용가능, 저가극 인증 완료 어지러움 메스꺼움 없는 은은한 유칼립투스향과 레몬향 오가닉 인증기관, 에코서트 인증완료  🩷 프로필 링크에서 구입가능~  #멀티클리너 #샤다즐",https://www.instagram.com/p/DH679Hzs7Zi/
746,20250402,인스타그램,상기오빠 달려~ . . 🚴🏽 @csk1209  . . #부산#사상#서면#광안리#해운대#송정#기장#양산#밀양 #운동#헬스#홈트#웨이트#유산소#다이어트 #자전거#로드자전거#로드바이크#싸이클링#라이딩 #써벨로#cervelo#써벨로솔로이스트 #챗지피티#chatgpt#지브리 #MAAP,https://www.instagram.com/p/DH66t5ATJbJ/
747,20250402,인스타그램,"(저장+공유✈️)  벚꽃이 활짝 피었수다🌸  무료 자전거를 대여해 벚꽃 터널 한바퀴 휙🤍 낭만한도 초과에요✨  자전거는 신분증만 확인 후 무료로 빌릴 수 있고  2인용 자전거, 네발자전거, 아동 자전거까지  종류도 다양하답니다👍  모래 놀이터, 밧줄 놀이터, 동물친구들도 있어  아이들이랑 벚꽃놀이 즐기기 너무 좋은 곳이에요🤍  봄날의 예쁜 순간을 남기고 싶은 분들에게 추천해요😘  🌸장소가 궁금하다면? ”꽃“ 댓글 남겨 주세요🌸  ྀི︶ ྀི︶ ྀིྀི︶ ྀི︶ ྀིྀི︶ ྀི︶ ྀིྀི︶ ྀི︶ ྀི  정보는 팔로워 분들과 나누고 있어요 신상놀이터, 핫플 정보는 해피지우🎀  ྀི︶ ྀི︶ ྀིྀི︶ ྀི︶ ྀིྀི︶ ྀི︶ ྀིྀི︶ ྀི︶ ྀི  #벚꽃터널 #경상도 #벚꽃명소 #대구근교",https://www.instagram.com/p/DH66XHczuox/
748,20250402,인스타그램,이제 봄인데 언제까지 기모 해녀복 날씨냐구 ..💨 얼른 따뜻해졌으면 좋겠다 ! 🖤  그리고 올해 봄은 작년보다 따뜻했으면 좋겠다 ❄️  • Sponsored  @tavelobikes.korea #테벨로 #테벨로바이크  #라이딩 #해녀복 #사이클 #로드자전거 #로드바이크,https://www.instagram.com/p/DH64EUyyw-Y/
749,20250402,인스타그램,져지 너므너므 ㄱㅇㅇ 💖🌸🌸  👕 @grckorea @grc.cycling 😎 @tag_eyewear_official   #자전거 #로드자전거 #사이클링 #자전거여행 #라이딩 #운동하는여자 #다이어트 #운동스타그램 #cycling #bikelife #roadbike #cyclinglife #bikeride,https://www.instagram.com/p/DH64FqZT1CJ/
750,20250402,인스타그램,자전거가 하나 더 생겼다. 와이프 미니벨로 사서 같이 타는데 이뻐서 지름 버디가 갖고싶은데 돈이없네 2년만 타고 버디사야지ㅋ 그래도 매디슨 뉴델타 넘 이쁘지요😘  #미니벨로 #질렀다 #로드잡는스피더500팝니다ㅠ #버디GT딱기달려 #매디슨뉴델타 #이쁜미니벨로,https://www.instagram.com/p/DH62APBTy8s/
751,20250402,인스타그램,난 자전거를 어릴때 초딩때부터 자가 수리는 해봤지만  요즘 자전거는 아프지 않게 나의 신체 싸이즈 팔다리 길이  셋팅 안하고 타면 저 처럼 바보됩니다 ㅋㅋ     나주빛가람 바이크에서 한시간동안 피팅후 타니까   탈만 해졌습니다   #홍수주의보  #빛가람바이크 #피팅 #중고차신차,https://www.instagram.com/p/DH60cQAT_Nc/
752,20250402,인스타그램,"오늘도 5시 기상 성공! 덤벨 흔들고 자전거 타고 아이 데리러 가기 전에 산책까지 완! 료! 운동한다고 살 빠졌냐고요? 아니요, 기분이 더 좋아졌어요! (그리고 살도 빠질 예정입니다)  #운동한척아님진짜함 #5시기상클럽 #기분전환운동 #canada  #감량중 #에너지충전 #엄마의하루 #릴스브이로그 #일상기록",https://www.instagram.com/p/DH6y7BKBOpD/
753,20250402,인스타그램,봉고3 판매 합니다 부득이히게  비수기에 자전거 이동 및 레이싱카트  실어 날랐는데 푸드트럭 집중해야 되서 가지고 있던 차량  24년 12월 16일 출고해서 현제 6200키로 길들이기 끝낸 상태입니다. 2.2. LPG터보 차량  블박 네이비 블루투스 썬팅  후방카메라 언더코팅 차바닥 핸들 열선  통풍시트 차선이탈방지  충돌방지 어시스트 썬루프. 없음  차에 투자 없이 바로 타실수 있습니다  159키로 리밋  힘은 리릿 풀면 200KM까지 탈수 있지만  아직 리밋은 손 안본. 상태입니다  팔리면 팔고 안팔리면 그냥   나두고  사용해도 무관입니다. 보유 차량 1톤3대중 탑차 1개 사륜 1톤대 푸드트럭. 한대  승합자 1대 승용차 1대 있어서  당분간 안타고 쓸일이 없을거같아서 판매 올려 봅니다   달리는거 좋아하시면  왠만한 승용차 빠릅니다 2.2터보 차량 차량가 2200만원 짜리 이고요   판매가격은 2000만원에서  현찰로 주시면 바로 추가 할인  가능합니다  많이 관심 부탁드립니다  다이소 주차중에  뺑소니  차량 때문에 뒤  오른쪽 살짝 흠찝 있고요   사시면 전체 세차후 판매 합니다 오토 차량이라서. 편합니다    취등세 다자녀 해택으로 100프로 면제 받았지만   다시 반환해야 되서 92만원 정도 다시 팔리면 상환해야 되는 상태입니다  마구 문의주세요  판매는 한달후에 가능 합니다,https://www.instagram.com/p/DH6wksxTEb0/
754,20250402,인스타그램,봉고3 판매 합니다 부득이히게  비수기에 자전거 이동 및 레이싱카트  실어 날랐는데 푸드트럭 집중해야 되서 가지고 있던 차량  24년 12월 16일 출고해서 현제 6200키로 길들이기 끝낸 상태입니다. 2.2. LPG터보 차량  블박 네이비 블루투스 썬팅  후방카메라 언더코팅 차바닥 핸들 열선  통풍시트 차선이탈방지  충돌방지 어시스트 썬루프. 없음  차에 투자 없이 바로 타실수 있습니다  159키로 리밋  힘은 리릿 풀면 200KM까지 탈수 있지만  아직 리밋은 손 안본. 상태입니다  팔리면 팔고 안팔리면 그냥   나두고  사용해도 무관입니다. 보유 차량 1톤3대중 탑차 1개 사륜 1톤대 푸드트럭. 한대  승합자 1대 승용차 1대 있어서  당분간 안타고 쓸일이 없을거같아서 판매 올려 봅니다   달리는거 좋아하시면  왠만한 승용차 빠릅니다 2.2터보 차량 차량가 2200만원 짜리 이고요   판매가격은 2000만원에서  현찰로 주시면 바로 추가 할인  가능합니다  많이 관심 부탁드립니다  다이소 주차중에  뺑소니  차량 때문에 뒤  오른쪽 살짝 흠찝 있고요   사시면 전체 세차후 판매 합니다 오토 차량이라서. 편합니다    취등세 다자녀 해택으로 100프로 면제 받았지만   다시 반환해야 되서 92만원 정도 다시 팔리면 상환해야 되는 상태입니다  마구 문의주세요  판매는 한달후에 가능 합니다,https://www.instagram.com/p/DH6wj3ET8WM/
755,20250402,인스타그램,Happy 벚꽃시즌 - -  저녁 식사 후 집앞 공원 산책로  일 집 일 집 반복 이였던 1.2.3월  4월 1일 어느덧 길가에는 벚꽃으로 활짝 만개  5살 딸랑구 3발 자전거 타는 모습이 주말 하루는 꼭 휴무 하고 쉬어야겠다 😂  오늘도 고생했어 @luv.ss  함께하면 즐거운 보물1.2호  #벚꽃,https://www.instagram.com/p/DH6uso9zw83/
756,20250402,인스타그램,#자전거,https://www.instagram.com/p/DH6s1k7TFFN/
757,20250402,인스타그램,"25년 4월 1일 이야기.  아들이 엄마가 요리해 해준다고 약속한 갈비찜이랑, 카레 생각에 태권도 마치고,아파트 놀이터에서 놀고 집으로 가는 길에 아들이 엄마가 요리 해준 음식 먹을 생각에 들떠 있었지만. 내가 저녁 9시까지 일 하느라 마트 장을 못 봐서 한우 갈비탕 2인분 포장 한걸 아내에게 얘기 하고, 저녁은 이 걸로 챙겨먹으라고,식탁위에 올려 놨고, 외부 출장을 나는 갔다.  아내가 오빠. 건희가 이거 아니라고 울었는데 갈비탕이랑,햄,계란 해서 입에 살짝 댔더니 맛있다고 나 보다  곱배기로 먹었다고. (둘다 웃음) 그리고 치과 치료 가서 이빨 빼면 본인이 이빨 가져가도 되냐고 물어서.. 아내는 가져가도 된다고  아들한테 말해줬다.  나:아내에게  건희가 이빨 빼면 왜?? 가져가는지 알아??  아내: ?? 아니 나:이빨 가져가서 집에 보관 하면 이빨 요정이 선물 준데. (여기서 2차 웃음)  아내가 아들한테 저녁 주고 피곤 했는지 아내가 동화책 2페이지 쓰고,읽기 하라고 숙제를 내줬다.  나는 퇴근하고 들어와 오늘 공부 한거 테스트 했은데. 2페이지 중에 5글자 빼곤 다 읽었다. 아들한테 틀린게 중요한게 아냐. 너가 스스로 공부 한게 진짜 공부고, 틀린걸 알았다는 것도 배움의 즐거움이야. 오늘 잘 했다고 칭찬해줬는데  아내랑 자면서 이런 저런 이야기가 나왔다. 아내가 엄마가 피곤 하니깐 공부 알아서 해. 말하니 아들이 엄마 깰까봐 조용히 자기 할거 하고 조용히 핸드폰 게임 및 유튜브 보면서 놀고 있었다고 말해.. 나 역시 놀랬다.  부모님의 자식일땐 부모의 마음을 몰랐고. 부모가 되보니 부모의 희생과 사랑을 알았고. 아들의 성장을 눈으로 보고,느끼니 아이에게도 보고 배운다는 걸 느꼈다.  우리 아들의 하루 루틴  1.기상 (세수,양치) 2.유치원 등,하원 3.태권도 수업 (본인이 좋아하는 운동) 4.귀가 후 옷정리 5.본인 세탁물 옷걸이에 정리 6.저녁 식사 후 산책 or자전거 타기 (날씨 좋을때) 7.한글 공부 (읽기,쓰기) 8.핸드폰 게임or유튜브 시청 9.내일 유치원 준비물 및 태권도복 미리 챙겨 놓기  나는 아들이 하는 모든 일에 스스로 할수 있는 환경을 만들어 주는 반면, 아내는 아들이 혼자 할수 있는 일도 도와주려 하는 일이 많다. 엄마는 알면서도, 희생하기 때문이다. 아빠는 절대 모른다.",https://www.instagram.com/p/DH6rIG9OfDJ/
758,20250402,인스타그램,#봄날🩷 #자전거타는여자  이제 진짜 #봄 이다😍😍  #멱살잡고끌고온봄 #시금치 #자장구 #자린이 #미니벨로 #중랑천 #중랑천죽순이,https://www.instagram.com/p/DH6oflZzD9Y/
759,20250402,인스타그램,"⛳ 골프 브랜드 순위 상위권 🏌🏌️‍♀️  말본 냉감 골프 팔토시 쿨링 스포츠 토시 자외선차단 여름 쿨토시 남자 여성 등산 자전거  3색상: 블랙, 화이트, 베이지  M: 입구너비 12.5cm x 총 길이 45cm L: 입구너비 13cm x 총 길이 46cm  저희 네이버스토어# ""샾SH"" 에 프리미엄 정품 골프브랜드 들이 모여있어요~ 시간 되실때 구경해보세요~🥰 (구매 전 문자 또는 톡톡(전화x) 주시면 재고확인 확실히 해드려요😊)  #malbon #malbongolf #말본골프 #골프용품 #골프선물 #필드용품 #골프악세사리 #골프팔토시 #골프쿨토시 #골프토시 #팔토시 #쿨토시 #스포츠토시 #20대 #30대 #40대 #50대 #60대이상 #냉감 #쿨링 #자외선차단 #등산 #자전거 #스포츠악세사리 #남성쿨토시 #여성쿨토시 #라운딩룩 #필드룩 #네이버스토어 #샾SH",https://www.instagram.com/p/DH6W4NqyfAi/
760,20250402,인스타그램,"⛳ 골프 브랜드 순위 상위권 🏌🏌️‍♀️  말본 냉감 골프 팔토시 쿨링 토시 자외선차단 여름 쿨토시 남자 여성 스포츠 등산 자전거  M: 입구너비 12.5cm x 총 길이 45cm L: 입구너비 13cm x 총 길이 46cm  저희 네이버스토어# ""샾SH"" 에 프리미엄 정품 골프브랜드 들이 모여있어요~ 시간 되실때 구경해보세요~🥰 (구매 전 문자 또는 톡톡(전화x) 주시면 재고확인 확실히 해드려요😊)  #malbon #malbongolf #말본골프 #골프용품 #골프선물 #필드용품 #골프악세사리 #골프팔토시 #골프쿨토시 #골프토시 #팔토시 #쿨토시 #스포츠토시 #20대 #30대 #40대 #50대 #60대이상 #냉감 #쿨링 #자외선차단 #등산 #자전거 #스포츠악세사리 #남성쿨토시 #여성쿨토시 #라운딩룩 #필드룩 #네이버스토어 #샾SH",https://www.instagram.com/p/DH6Wm9GSn4L/
761,20250402,인스타그램,"⛳ 골프 브랜드 순위 상위권 🏌🏌️‍♀️  말본 쿨링 토시 냉감 골프 팔토시 자외선차단 여름 쿨토시 남자 여성 스포츠 등산 자전거  M: 입구너비 12.5cm x 총 길이 45cm L: 입구너비 13cm x 총 길이 46cm  저희 네이버스토어# ""샾SH"" 에 프리미엄 정품 골프브랜드 들이 모여있어요~ 시간 되실때 구경해보세요~🥰 (구매 전 문자 또는 톡톡(전화x) 주시면 재고확인 확실히 해드려요😊)  #malbon #malbongolf #말본골프 #골프용품 #골프선물 #필드용품 #골프악세사리 #골프팔토시 #골프쿨토시 #골프토시 #팔토시 #쿨토시 #스포츠토시 #20대 #30대 #40대 #50대 #60대이상 #냉감 #쿨링 #자외선차단 #등산 #자전거 #스포츠악세사리 #남성쿨토시 #여성쿨토시 #라운딩룩 #필드룩 #네이버스토어 #샾SH",https://www.instagram.com/p/DH6WSmtyccT/
762,20250402,인스타그램,"⛳ 골프 브랜드 순위 상위권 🏌🏌️‍♀️  말본 골프 쿨링 냉감 팔토시 uv 자외선차단 쿨토시 남자 여성 여름 스포츠 토시 양손양팔  M: 입구너비 12.5cm x 총 길이 45cm L: 입구너비 13cm x 총 길이 46cm  저희 네이버스토어# ""샾SH"" 에 프리미엄 정품 골프브랜드 들이 모여있어요~ 시간 되실때 구경해보세요~🥰 (구매 전 문자 또는 톡톡(전화x) 주시면 재고확인 확실히 해드려요😊)  #malbon #malbongolf #말본골프 #골프용품 #골프선물 #필드용품 #골프악세사리 #골프팔토시 #골프쿨토시 #골프토시 #팔토시 #쿨토시 #스포츠토시 #20대 #30대 #40대 #50대 #60대이상 #냉감 #쿨링 #자외선차단 #등산 #자전거 #스포츠악세사리 #남성쿨토시 #여성쿨토시 #라운딩룩 #필드룩 #네이버스토어 #샾SH",https://www.instagram.com/p/DH6V9Z4SThd/
763,20250402,인스타그램,저는 면허가 없긴 한데 자전거는 잘 타요~,https://www.instagram.com/p/DH6TdoyTzAC/
764,20250402,인스타그램,원하는 자전거 나왔는데 팔릴까?ㅠㅠ 안팔리길 싹싹빈다ㅠㅠ,https://www.instagram.com/p/DH6R-M2PD-i/
765,20250402,인스타그램,"#지자체지원 #나주 이번 봄에 전남 나주로 떠나야 함 👀✨ 필수 여행 스팟만 추려서 알려줄테니까 짝꿍이랑 늦기 전에 얼른 가쟈 (´ε｀ )♡  @@나주에서만 즐길 수 있는 것 만땅 !  #한수제  ♡ 나주의 대표적 벚꽃 명소! 봄 필수 여행지  #불회사  ♡ 자연의 아름다움과 고즈넉한 나주 풍경이 어우러진 곳  #목사내아  ♡ 나주의 감성이 들어간 전통 한옥 숙소로 추천!  #영산강정원  ♡ 양귀비꽃이 흐드러지게 핀 탁 트인 힐링 스팟  + 근교 영산강대교~나주대교 드라이브 코스 / 자전거길 / 곰탕거리 / 홍어거리 위치!👍  #산림연구원  ♡ 이국적인 포토 스팟이 있는 이색 데이트 코스로 추천! 💗  #한반도지형전망대  ♡ 한반도지형을 감상할 수 있는 전망대! 노을 질 때 강추!  #황포돛배체험  ♡ 오직 나주에서 즐길 수 있는 영산강 속 돛배 체험!  #국립나주숲체원  ♡ 대규모 데크길과 잔디밭이 구비되어, 힐링 프로그램도 참여하기 굿 bb  #다도로60  ♡ 100평 힐링카페와 6000평온로드, 오프로드 카트 체험 가능!  #나주곰탕거리  ♡ 오래 고아서 낸 ‘곰탕’을 다채롭게 즐길 수 있는 거리  #3917마중  ♡ 나주곰탕거리 근처 위치한 카페로, 복합문화공간으로 운영되는 곳  #대한민국구석구석 #나주가볼만한곳 #나주여행 #전남가볼만한곳 #나주벚꽃 #나주봄여행 #나주벚꽃스팟 #나주여행추천 #나주이색데이트 #나주데이트 #나주전망대 #나주카페",https://www.instagram.com/p/DH6R3prTxgl/
766,20250402,인스타그램,천안와이짐 스피닝🚴🏻‍♂️ 25.04.01. 20시 카이쌤 수업 영상  #실내운동#실내자전거#사이클#스피닝#바이크#그룹운동#신나는운동#신나는음악#천안스피닝#두정동스피닝#spin#bike#spinning#재미있는영상#재미#일상#운동영상#다이어트#살빼기#오운완#먹자골목#운동맛집#그룹운동#30분운동,https://www.instagram.com/p/DH6QOIahQBe/
767,20250402,인스타그램,따릉아 잘가👋 나에게 새로운 친구가 생겼어 🚲 파란색을 어떻게 참아🌀🅿️Ⓜ️🛂 . . . #bike #bikelife #bikelifestyle #자전거  #streetwear #streetfashion #streetstyle #streetlook #outfit #outfits #outfittoday #styleinspiration #styleinspo #insperation #outfitinspiration,https://www.instagram.com/p/DH6QGynT4Oq/
768,20250402,인스타그램,물레는 자전거 타기와 같아서 하루만에 배우긴 어려워요. 손끝에서 느껴지는 감이 좀 필요합니다. 원데이 클래스 체험용으로 두껍게 작업하여 어렵지 않은 원통형으로 제작을 해보았어요. 흰색과 검은색을 겹쳐가며 제작을 하여서 이쁜 중형 사이즈 마블링 화분을 만들었습니다!☺️ 물레는 받지 않았었는데 두꺼워도 상관없는 화분이라면 체험도 가능할듯 하네요.   #도자기원데이클래스 #도자기체험 #도자기공방 #도자기 #원데이클래스,https://www.instagram.com/p/DH6Of4Rzprk/
769,20250402,인스타그램,타는거 안까먹었어😆 엉덩이 붙이고 앉아있을일이 많았단 핑계를 대보지만… 꽃이 폈는데 안타는건 예의가 아니지~🙄  오랜만에 타고와서 기절한듯 잔건… 안비밀! #벚꽃이랑 #파피루스화이트랑 찰떡일세 . . . . . .  #다쉘헬멧 #싸우전드헬멧 #브롬톤#파피루스화이트#미니벨로자전거#인생첫자전거#자린이#자린이성장중#자전거#브롬톤라이프#자전거찍는여자#내브로미#이뻐라😍#자주타자🚲#찐행복💕 #찰칵📷 #미니벨로#버디 #thousand #싸우전드헬멧 #brompton#bycicle#minivelo  #ブロンプトン #라이딩 #bromptonlife,https://www.instagram.com/p/DH6Nqh5B0sy/
770,20250402,인스타그램,"#매일그리기#서시그#소낙비#59#세명의라이더#2탄 . 건널목에서 만난 세 명의 자전거 라이더 큰 형아는 자전거도 크고 목소리도 크다. ""이제 집에 가서 좀 노닥거리고 놀다가.."" 오늘도 여기까지😁 .",https://www.instagram.com/p/DH6NjzrzSGm/
771,20250402,인스타그램,벚꽃🌸이 터널을 만들어 주는 곳 만개했어요  이번 주 절정일 것 같아요.  목요일(25.04.03)이나 금요일(25.04.04) 쯤 부터는 흩날리는 벚꽃길을 달릴 수 있을 것 같아요  📆 촬영일 25.04.01 📌장소 섬진강길 구례~화개장터  점심은 화개장터에서 재첩국&벚굴 드셔보세요~  #cherryblossom #벚꽃 #벚꽃길 #자전거 #라이딩 #자전거라이딩 #cycling #cycle ##cyclist,https://www.instagram.com/p/DH6L1A5SNxt/
772,20250402,인스타그램,"𝘼𝙂-𝙉𝙤.46 💿 𝙓𝙔 (정형돈&정승제) - 𝙇𝙀𝙁𝙏 𝙍𝙄𝙂𝙃𝙏  승제샘... 이거 저 안되는데요. 쉽다면서요  미친암기곡 나옴  이거 외우는 사람 👍👍👍  티아샘 미친 암기력😱  ㅡ  ▶️ DANCING  𝘊𝘩𝘰𝘳𝘦𝘰𝘨𝘳𝘢𝘱𝘩𝘺 𝘣𝘺 𝘼𝙇𝙀𝙓, 𝙏𝙄𝘼  𝘼𝙡𝙚𝙭, 𝙩𝙝𝙚 𝘾𝙮𝙘𝙡𝙚 𝘿𝙖𝙣𝙘𝙚 𝘾𝙝𝙤𝙧𝙚𝙤𝙜𝙧𝙖𝙥𝙝𝙚𝙧. 18년차 스피닝댄스 안무가 '알렉스'입니다. 그립변경, 음악, 표현, 화려하지 않지만 기본에 충실한 작품으로 만나요👆  𝘼𝙇𝙀𝙓𝙂𝙔𝙈 𝘊𝘠𝘊𝘓𝘌 𝘋𝘈𝘕𝘊𝘌  ㅡ  #알렉스짐 #agcycledance #스피닝댄스 #동탄그란비아스타 #동탄스피닝 #동탄역스피닝 #동2스피닝 #동탄2신도시스피닝 #2동탄스피닝 #실내사이클 #실내자전거 #사이클댄스 #화성동탄 #kpop #kcycle #kcycledance #정형돈 #정승제 #정승제쌤 #xy #LEFTRIGHT",https://www.instagram.com/p/DH6MDjDziuY/
773,20250402,인스타그램,#🚴‍♀️ 리커버리를 옥정재로 가는 dyo.........님들. 다 샤방해서 좋다고 할때 나는 아무말도 하지 못했다. (숨차서) ㅋㅋㅋㅋㅋㅋㅋㅋㅋㅋㅋㅋ 옥정재 가기도 전에 이미 다 털러서 댄싱하는데 다리 후들후들 거리고요😇 그래도 민폐되긴 싫어서 열심히 탔다🥹 됴님들 리커버리할때 나는 운동벙이다🔥 운동해야될땐 됴커버리🫠     #도그마F #피나렐로 #dogmaf #동탄자전거동호회 #동탄용인오산 #자전거타는여자 #라이딩일기 #라이딩 #봄 #자전거 #자덕 #자덕스타그램 #ride #cycle,https://www.instagram.com/p/DH6LT2Sy1fh/
774,20250402,인스타그램,#CountyDown #NorthernIreland #ScenicView #RoadCycling #CyclingLife #NatureLover #PeacefulMoment #ExploreIreland #IrishCountryside #CattleGrazing #아일랜드자전거 #다운패트릭 #자전거여행 #자연풍경 #아일랜드풍경 #힐링라이딩 #녹색초원 #사이클링스타그램 #아일랜드일상 #소들이평화롭게 #CyclingAdventure #RuralLife #SpringVibes #BikeRide #NaturePhotography #IrishLandscape #ActiveLife #CountryRoads #GreenFields #牧場風景,https://www.instagram.com/p/DH6LGwosjUa/
775,20250402,인스타그램,"🍓 구매문의는 댓글 ""선풍기"" 남겨주세요  벌써 한낮에는 날씨가 더워요  작년에도 더워서 외출하기 너무 힘들었는데 이번 여름에는 더~욱더 덥다고 하네요ㅠㅠ 이젠 선풍기없이 외출은 너무 힘들다구요!  열이 많은 아기들은 밖이든 집안이든 선풍기 필수예요 ❤️ 유모차, 아기자전거, 킥보드 어디든 고정해서 사용할 수 있답니다 🫶🏻  전자파 걱정이 없는 네이버 판매량 1위, 후기 만이천개 이상! 몽쿨 유모차 선풍기 공구가로 만나보세요   ✨몽쿨유모차 선풍기 check point ✨  - 몽쿨 수면풍 기능  (유아의 호흡에 집중한 유아공학적인 바람)  - 자동회전 기능  - 위험 날개 없는 바람  - 만능 거치대  - 2025년 신형 BLDC모터 장착  - ABS소재  - 고성능 보호회로 장착 대용량 배터리  🤍 공구기간: 04/01~14일(일)  🤍 배송기간: 오후 4시이전 주문 당일출고  🍓 구매문의는 댓글 ""선풍기"" 남겨주세요  #유모차선풍기 #아기선풍기 #외출필수템 #유아차선풍기 #자전거선풍기 #킥보드선풍기 #선풍기추천 #휴대용선풍기 #유모차선풍기추천 #아기바람 #육아템추천 #저소음선풍기 #신생아선풍기",https://www.instagram.com/p/DH6JegoSWq1/
776,20250402,인스타그램,"#협찬  . ROC.3는 냄새가 거의 나지 않으며, 피부에 닿아도 위험하지 않아요 동봉되어 있는 설명서대로 따라하니 녹제거가 아주 굳!!  녹 제거 부위에 ROC.3 도포 후 10분~20분 정도 뒀다가 물로 세척, 필요 시 브러쉬나 안쓰는 칫솔로 문질러 주면 잘 지워집니다. 꼭 물로 세척해야 해요!!  필요시 주식회사 켐프의 아연코팅제 GPLUS를 사용하면 투명코팅이 되어 녹의 재발을 방지해주고 내식성능을 높일 수 있어요  아무 제품이나 사용하지 말고, 주식회사 KEMP(켐프)의 제품처럼 친환경적이며, 안전한 제품을 사용해야 안전해요 명심!!  켐프의 제품 중 세라믹아연도금은 스테인레스 대체, 용융아연도금 대체로 활용되는 친환경 제품으로 철구조물 현장 보수에 많이 쓰이고 있어용  깔끔한 패키지 디자인. 친환경 제품. 뛰어난 제품력! 안심하고 사용 가능한 제품! . . . @kempkorea  . #주식회사켐프 #kemp #녹제거 #녹제거제 #자전거녹제거  #화장실청소 #욕실청소 #자동차녹 #공구 #친환경 #인테리어",https://www.instagram.com/p/DH6ILNBSFAZ/
777,20250401,인스타그램,"#신들의섬을걷는문화인류학자   “그게 진짜 이름이라고?“  이번엔 제대로 놀랐다. ”여기선 다 그래. 첫째는 와얀, 둘째는 마데, 셋째는 뇨만, 넷째는 크툿, 다시 와얀, 마데, 뇨만, 크툿……“ 그렇게 빙빙 돈다고 했다.  -전경린, <굿바이R>   🏝️  발리라는 지명은 <발리에서 생긴 일>이라는 드라마로 알게됐다. 그 드라마는 주인공들의 첫만남이 발리에서 이루어졌을 뿐인 그 시절의 전형적인(프론티어적인?) 후킹드라마였다. 진짜 발리에 대한 관심은 최근에 시작됐다. 바로 100페이지에 가까운 여행에세이처럼 읽혔던 전경린의 중편소설 덕분이다. 이니셜로 묘사했으나 그곳은 그곳일 수 밖에 없었다.   줄리아 로버츠, 그리고 문화인류학자 정정훈의 그곳. 여행을 좋아하는 친구들이 인증하는 곳이었으나 사진으로는 그리 끌리지 않았던 곳. 그네가 있는 곳.  <시티 오브 걸스>로 뒤늦게 알게 된 엘리자베스 길버트 원작의 영화 <먹고 기도하고 사랑하라>는 원래도 예술관광도시였던 발리를 더 유명하게 했다. 이 작품은 <굿바이R>에서도 암시되지만 <신들의 섬을 걷는 문화인류학자>에서는 명시된다.  🏄🏻‍♀️  <먹고 기도하고 사랑하라>에서 줄리아 로버츠가 연기한 주인공 리즈는 과거를 잊고 새 출발을 하기 위해 발리로 향한다. 스크린에 펼쳐진 발리의 첫 풍경은 파도가 바위에 부딪쳐 부서지는 청록색 바다와 논, 야자수, 밀림이 어우러진 장면이다. 이후 너무나 평온하고 고요하지만 한편으로는 생동감이 넘치는 농촌에서 리즈는 여유로운 표정으로 자전거를 탄다. 그녀의 주위는 이제 막 모내기가 끝난 초록 모가 어깨를 마주한 채 심겨 있다.  -206p, 사라지는 것들 사이에서 다시 떠오르는 것  🧘🏻‍♀️  저자 정정훈은 관광인류학과 문화정책 분야의 연구자가 되기 위해 인도네시아에서 여러 해 동안 현지 조사를 했다. 신들의 섬이라 알려진 인도네시아의 발리, 그 안에서도 우붓의 뉴꾸닝 마을을 찾아갔다.(앞날개) 문화인류학과 대학원생을 문화인류학자로 거듭나게 한 그곳에는 어떤 비밀이 있을까?  현지에 적응해가는 모습부터, 발리에서 육아하기, 그리고 발리인이 되어 발리여행하기, 무엇보다도 문화인류학자로 거듭나기 위한 현장조사와 인터뷰(의 과정)이 실렸다. 소설이 아니지만 소설적 긴장감(?)으로 다큐멘터리보다 흥미진진하고, 여행기보다는 학문적으로 진하다. 여행콘텐츠로도 충분히 흥미로웠던 중편소설 ‘굿바이R’과의 차별점이라면, 발리로의 초대에 그치지 않고 궁금증을 해소한다는 것, 문화인류학적 질문으로 독자의 시야를 넓힌다는 것. 사족이라면 사족이겠지만 비문학이 지루한 나도 키워드(걷는, 인류학, 발리)와 표지디자인에 혹해서 집어들었다가 하루만에 다 읽었다(재미있다)는 것.  🌾  뉴꾸닝 마을은 지리적으로 우붓 왕궁에서 남쪽으로 약 5킬로미터 거리에 있다. 우붓 중심가 남쪽에 위치한 원숭이 사원의 후문이 마을의 북쪽 구역에 맞닿아 있다. 뉴꾸닝이라는 마을 지명은 발리어로 노란 코코넛을 의미한다. 하지만 인근 다른 마을과 비교해 뉴꾸닝 마을 에 코코넛 나무가 두드러지게 많지는 않다.  -67p, 가족과 함께 발리로 돌아오다  네삐는 명상과 자기 성찰을 위해 마련된 날로 완전한 침묵의 날‘로 불린다. 이날은 발리인뿐만 아니라 발리섬에 있는 모든 사람에게 네 가지 금기 사항을 부여한다. 불과 램프를 켜지 않는다. 신체 활동과 일을 하지 않는다. 집 밖에 나가거나 여행하는 것도 안 된다. 재미를 목적으로 하는 어떠한 행위도 금지된다. 높은 영적 생산력, 즉 욕망을 억제하고, 마음을 수행하고, 자기 정화를 위해 영적 활동에 집중하는 것이다.  -245p, 네삐 데이, 어둠 속에 잠기는 날  📚 ___  📣 서평단 모집  기간: 4월 4일까지 인원: 5명 발표: 4월 4일, DM(회신마감 24시간) 서평 기한: 도서수령 후 14일   @saramin_books  @killzzang   ✔️ 두 계정 팔로우, 댓글로 ‘신청완료’ ✔️ 스토리 공유 + 친구태그  모든 이벤트는 ’공개계정‘만 참여 가능합니다🙏🏼  ___  🎁 응원단 럭키박스 추첨, 우수리뷰어 럭키박스 증정  #산책언니픽 #산책에세이 #문화인류학자",https://www.instagram.com/p/DH6HjW6T4to/
778,20250401,인스타그램,느즈막히나가서 자전거타고 바닷가따라 라이딩 #일상 #육아 #가족 #자전거라이딩 #싱가포르일상 #family #singapore,https://www.instagram.com/p/DH6HByrT7HZ/
779,20250401,인스타그램,"🏋️‍♀️천안 와이짐🚴🏻‍♀️  🌟 스피닝 등록 시 헬스 무료 이용 🌟 4명의 강사진으로 골라타는 스피닝 🌟 인스타, 유튜브, 블로그 이웃 구독 시    무료 체험 1회 가능  #두정동스피닝#천안스피닝#천안다이어트#두정동PT#천안와이짐#천안스피닝헬스장#천안헬스장#두정동헬스장#두정동헬스장추천#천안재활PT#천안재활PT추천#두정동재활PT추천#순환운동#30분운동#천안순환운동#그룹운동#다이어트#자전거#신나는운동#유산소운동#전신운동#재미있는운동#신나는운동#천안가성비PT#두정동먹자골목#bike#spin#spinning#diet",https://www.instagram.com/p/DH6Gs8KBoE5/
780,20250401,인스타그램,천천히 길게 타기 훈련 LSD 라이딩 야라도 이제 제법 따숩넹 옷차림도 가볍고 너무 좋다요~💯 #샤방야라 #lsd #오늘도달린다 #자전거는맨날타야제맛 #부부라이더 #자전거중독 #오늘도안라해요,https://www.instagram.com/p/DH6GTSNSscg/
781,20250401,인스타그램,"🏋️‍♀️천안 와이짐🚴🏻‍♀️  🌟 스피닝 등록 시 헬스 무료 이용 🌟 4명의 강사진으로 골라타는 스피닝 🌟 인스타, 유튜브, 블로그 이웃 구독 시    무료 체험 1회 가능  #두정동스피닝#천안스피닝#천안다이어트#두정동PT#천안와이짐#천안스피닝헬스장#천안헬스장#두정동헬스장#두정동헬스장추천#천안재활PT#천안재활PT추천#두정동재활PT추천#순환운동#30분운동#천안순환운동#그룹운동#다이어트#자전거#신나는운동#유산소운동#전신운동#재미있는운동#신나는운동#천안가성비PT#두정동먹자골목#bike#spin#spinning#diet",https://www.instagram.com/p/DH6GqZShK3d/
782,20250401,인스타그램,"#천안와이짐 #땀샘 폭발 #그룹PT#30분운동 전신 #근력 및 근지구력 운동, 심폐지구력 운동 준비 운동부터 정리 운동까지 28분이면 끝❗️  #실내운동#실내자전거#사이클#스피닝#바이크#그룹운동#신나는운동#신나는음악#천안스피닝#두정동스피닝#spin#bike#spinning#재미있는영상#재미#일상#운동영상#다이어트#살빼기#오운완#먹자골목#운동맛집#그룹운동#30분운동",https://www.instagram.com/p/DH6FRyehaJA/
783,20250401,인스타그램,"#천안와이짐 #땀샘 폭발 #그룹PT#30분운동 전신 #근력 및 근지구력 운동, 심폐지구력 운동 준비 운동부터 정리 운동까지 28분이면 끝❗️  #실내운동#실내자전거#사이클#스피닝#바이크#그룹운동#신나는운동#신나는음악#천안스피닝#두정동스피닝#spin#bike#spinning#재미있는영상#재미#일상#운동영상#다이어트#살빼기#오운완#먹자골목#운동맛집#그룹운동#30분운동",https://www.instagram.com/p/DH6FHIYhUzg/
784,20250401,인스타그램,"#천안와이짐 #땀샘 폭발 #그룹PT#30분운동 전신 #근력 및 근지구력 운동, 심폐지구력 운동 준비 운동부터 정리 운동까지 28분이면 끝❗️  #실내운동#실내자전거#사이클#스피닝#바이크#그룹운동#신나는운동#신나는음악#천안스피닝#두정동스피닝#spin#bike#spinning#재미있는영상#재미#일상#운동영상#다이어트#살빼기#오운완#먹자골목#운동맛집#그룹운동#30분운동",https://www.instagram.com/p/DH6E6vMB5Wx/
785,20250401,인스타그램,"여수 백야풀빌라&키즈에 다녀왔어요! ✨ 여수공항 근처라서 너무 편했답니다. 😍  시설이 정말 대박! 인피니티풀과 대형 풀빌라에서의 하루는 잊을 수 없을 것 같아요. 🏖️  1️⃣ 객실별 미온수 수영장과 워터슬라이드! 아이들이 너무 좋아해요! 🎉  2️⃣ 바베큐장도 완벽! 대형가스그릴로 숯과 연기에서 해방! 🍖  3️⃣ 매일 아침 건강한 백야 샌드위치와 주스! 🍽️  4️⃣ 몽돌해변에서 힐링하며 낚시도 즐길 수 있어요! 🎣   여수의 아름다운 오션뷰를 만끽하며 자전거 타고 드라이브도 하고, 백호산에서 일출도 놓치지 마세요! 🌅  이런 곳에서 온유 와 함께라니, 행복 그 자체! 💖  #백야풀빌라 #여수여행 #여수가족여행 #여수풀빌라 #여수공항 #여수인피니티풀 #여수밤바다 #여수키즈펜션 #여수데이트 #여수여행지 #여수힐링 #여수추억 #여수여행코스 #여수여행추천 #여수 #여수밤바다 #백야풀빌라&키즈 #백야풀빌라&키즈 #백야풀빌라&키즈 #백야풀빌라&키즈 #백야풀빌라&키즈 #백야풀빌라&키즈 #백야풀빌라&키즈 #수호기획컨설팅 #여수여행 #여수가족여행 #여수가볼만한곳 #여수데이트 #여수공항 #여수공항펜션 #여수풀빌라 #여수인피니티풀 #여수펜션 #여수밤바다 #여수공항숙소 #여수키즈펜션 #여수키즈풀빌라   @yeosu_baekya @onyou_j",https://www.instagram.com/p/DH6ER6iPkNI/
786,20250401,인스타그램,천안와이짐 스피닝🚴🏻‍♂️ 25.04.01. 19시 카이쌤 수업 영상  #실내운동#실내자전거#사이클#스피닝#바이크#그룹운동#신나는운동#신나는음악#천안스피닝#두정동스피닝#spin#bike#spinning#재미있는영상#재미#일상#운동영상#다이어트#살빼기#오운완#먹자골목#운동맛집#그룹운동#30분운동,https://www.instagram.com/p/DH6EPwaBu8K/
787,20250401,인스타그램,자덕은 자전거타며 하루를 마무리하지~ #자덕 #마무리 #즐겁다,https://www.instagram.com/p/DH6ERcjSC9B/
788,20250401,인스타그램,자전거를 친구의 추천으로 즐기기 시작하면서  궁금하면 구매하고 바꾸고 하면서  아마도 최소 150대 이상 자전거를 바꿔가며 즐기던 사람이라서 궁금하면 해봐야지~~  물론 내 후기가 모든 것의 기준은 아니라는 것은 분명하고  혼자 궁금해서 다양한 조합으로 진행하는 병림픽 수준 나만의 테스트  #tavelo #bikeahead 바이터보 세팅으로 과연 이 조합은 어떤 느낌일까~~  궁금함을 해결할 수 있게 도와주는  #킹바이크본점 031-556-2494  다양한 경험을 기반으로 방문하는 분들에게 최적의 조합을 추천하네요~~  일단 이 조합으호 샤방하게 라이딩 다녀올께요~~  수입사는 #지비스 입니다,https://www.instagram.com/p/DH6DPwkhLec/
789,20250401,인스타그램,"#지자체지원 #나주 이번 봄에 전남 나주로 떠나야 함 👀✨ 필수 여행 스팟만 추려서 알려줄테니까 짝꿍이랑 늦기 전에 얼른 가쟈 (´ε｀ )♡  @@나주에서만 즐길 수 있는 것 만땅 !  #한수제  ❤️ 나주의 대표적 벚꽃 명소! 봄 필수 여행지  #불회사  ❤️ 자연의 아름다움과 고즈넉한 나주 풍경이 어우러진 곳  #목사내아  ❤️ 나주의 감성이 들어간 전통 한옥 숙소로 추천!  #영산강정원  ❤️ 양귀비꽃이 흐드러지게 핀 탁 트인 힐링 스팟  + 근교 영산강대교~나주대교 드라이브 코스 / 자전거길 / 곰탕거리 / 홍어거리 위치!👍  #산림연구원  ❤️ 이국적인 포토 스팟이 있는 이색 데이트 코스로 추천! 💗  #한반도지형전망대  ❤️ 한반도지형을 감상할 수 있는 전망대! 노을 질 때 강추!  #황포돛배체험  ❤️ 오직 나주에서 즐길 수 있는 영산강 속 돛배 체험!  #국립나주숲체원  ❤️ 대규모 데크길과 잔디밭이 구비되어, 힐링 프로그램도 참여하기 굿 bb  #다도로60  ❤️ 100평 힐링카페와 6000평온로드, 오프로드 카트 체험 가능!  #나주곰탕거리  ❤️ 오래 고아서 낸 ‘곰탕’을 다채롭게 즐길 수 있는 거리  #3917마중  ❤️ 나주곰탕거리 근처 위치한 카페로, 복합문화공간으로 운영되는 곳  #대한민국구석구석 #나주가볼만한곳 #나주여행 #전남가볼만한곳 #나주벚꽃 #나주봄여행 #나주벚꽃스팟 #나주여행추천 #나주이색데이트 #나주데이트 #나주전망대 #나주카페",https://www.instagram.com/p/DH6DB7LzjQM/
790,20250401,인스타그램,. 정신없이지나간3월😳 봄이온줄알았는데🌷 한겨울이다시오고☃️ 이제폭염을기다리면될까유?🫨🥲 폭염이라도좋으니 따듯해졌으면🙏🏻 . #3월#3월기록#입학식#초등학교입학식#에버랜드#미리생일파티#두발자전거#판교#양평#청주,https://www.instagram.com/p/DH6C-2PzIEB/
791,20250401,인스타그램,#운동일지 수업 3시간 유산소하러 갔는데  왼무릎밑이 아프다 Like 제니 춰서  근가 보다 자전거 10분에  어깨 30분 사레레 4키로로~~ 무릎괜찮아서 20분 오르막걸었는데 아프다 ㅜ ㅜ  영상은 어제~~  핸폰이  신상이라 적나라하다 ㅋ  버티다 보니 몸무게는 내려가네 며칠 또 운동하고 안 먹기 시전해야지   봄맞이 새삥 스포츠브라 노랑노랑 이쁘다  내 콤플렉스 슴가가 좀 작아보이길 ~ 제발~~제발~~ 작아보이는 브라 찾아다님~~  #헬스#헬스타그램#헬스하는여자 #춤살살추자#지발,https://www.instagram.com/p/DH6C3uDzkWy/
792,20250401,인스타그램,"#대환장파티 3월 말인데.. 눈 맞고, 바람 맞고, 마지막은 비 싸다구.. 허허벌판 팔당 길이라 더 추웠던건.. 기분 탓이지? … #미친날씨 #지구가미쳤어요 #평범하게살자  #날씨가다했다 #자전거타기좋은날  #자전거 #자전거그램 #자덕 #자덕스타그램 #찐자덕",https://www.instagram.com/p/DH6BoZiSJxy/
793,20250401,인스타그램,"#삼천리자전거 #미리보기 #링크오픈  어린이날 전에 전부 배송받으실 수 있게 수량 췍! 배송 췍! 👌 가장 빠르게 일정 잡아서 진행합니동!!!!!!!  📍프로필링크 클릭! 미리보기+공구가 안내 링크 있어요!  ㅡㅡㅡㅡㅡㅡㅡㅡㅡㅡㅡㅡㅡㅡㅡㅡㅡㅡㅡㅡㅡㅡㅡㅡㅡㅡ  ✔️공구일정: 4/3 목요일 오전10시  ✔️무료배송  (순차배송으로 빨리 구매하시는 걸 추천드립니다!)  •미조립: 2~3일내 바로 배송 -90% 조립보다 15,000원 저렴 -근처 삼천리 매장에서 조립해야하며, 비용발생  •90%조립: 배송기간 2주 미조립으로 납품받아, 90프로 조립시 2시간 정도 소요! 하루에 배송가능한 수량이 한정적이예요!! 무조건 빨리 구매하셔야 빨리 받으실 수 있어요!!!  ✔️보나: 103cm / 로열티니핑 라벤더 18인치 ✔️시후: 101cm / 딩고 블루 18인치  ✔️자전거 바퀴 •14인치: 3-5세 (85-105cm) •16인치: 4-6세 (95-115cm) •18인치: 5-7세 (100-120cm) •20인치 이상: 7세 이상 (110~130cm)  ✔️알루미늄 vs 스틸 •알루미늄: 7kg으로 가볍고 녹이 안슬어서 관리하기 좋아요! •스틸은 내구성이 좋고 10kg으로 무거울 수 있음!  ✔️AS •삼천리는 워낙 유명 브랜드라서 전국 어디에서든 AS  ✔️공구품목 •2025년형 캐치티니핑 (16,18인치) 알루미늄 •2025년형 딩고 (14,16,18,20인치) 알루미늄 •2025년형 시크릿쥬쥬 •클로버(16,18,20인치) •루트(18,20인치) •하이킥 (14인치)  🎁구매인증 10명: 신세계상품권 1만원권🎁  ㅡㅡㅡㅡㅡㅡㅡㅡㅡㅡㅡㅡㅡㅡㅡㅡㅡㅡㅡㅡㅡㅡㅡㅡㅡㅡ",https://www.instagram.com/p/DH6CIghT93R/
794,20250401,인스타그램,부럽다.. #자동차릴스 #차쟁이스타그램 #cars #cars #carreals #차쟁이 #유머 #성공 #포르쉐 #911 #자전거,https://www.instagram.com/p/DH6B-ooymOW/
795,20250401,인스타그램,"엔진11 한정판 픽시 크릿디 디럭스 완성차 출고 👻 // 1,640,000원  평택 자전거 매장 바이크온  스페셜라이즈드, 피나렐로, 위아위스, 브롬톤, 버디, 스트라이다, BESV, LINK U, 엔진11,언노운 등 픽시 취급점 경기도 평택시 비전동 평택4로 61(비전동 756-13) 1층  [평택 여중 정문 건너편 , 매장 앞 주차 가능] ✔️ 제품 문의 010-7618-7033 ✔️ 영업시간 AM 11:00 ~ PM 20:00 ✔️매주 월요일 휴무 ​ 휴무날 또는 기타 부재 중일 때 네이버 톡톡, 인스타그램 DM 주시면 확인하는대로 답변드리겠습니다^^* . . . . . #엔진11픽시 #엔진11 #픽시 #크릿디 #엔진11한정판 #엔진11디럭스 #디럭스픽시 #엔진11크릿디 #엔진11신형 #평택엔진11  #송탄엔진11 #경기도픽시 #경기도엔진11 #안성엔진11 #안성픽시 #송탄픽시 #fixie #평택픽시 #ENGINE11 #2025엔진11크릿디 #둔포엔진11 #둔포픽시  #평택픽시 #크릿디신형 #pyeongtaekpixie #오산픽시 #오산엔진11 #수원엔진11 #동탄엔진11 #수원픽시 #동탄픽시  ​",https://www.instagram.com/p/DH6B9WwyweO/
796,20250401,인스타그램,"경주문화재단 SNS서포터즈로 활동하는 ktb_leeju입니다.  경주 대릉원 돌담길 축제가 이제 얼마남지 않았는데요~그래서 이번에는  ""경주 대릉원 돌담길 축제 톺아보기""를 전하려고 합니다.  ▶️경주 대릉원 돌담길 축제 톺아보기   4월 4일(금) ~ 6(일)  ㅡ QR 코드로 즐기기  QR 코드로 공연내용,체험놀이,음식주문을  다양하게 즐기기  ㅡ도로 위 놀이터(13:00~18:00) 포토존,플레잉존,아트존까지 남녀노소 모두가 즐기는 도로 위 놀이터  ㅡ친환경 체험.함께해 봄 폐플라스틱 놀이체험 게릴라 플로킹 등  다양한 환경 지키미 활동  ㅡ돌담길 마켓 그리고 레스토랑 경주 지역 공방과 푸드트럭의 다양한 먹거리  ㅡ파우더룸(13:00~20:00) 캐리어,자전거,유아차 보관   ㅡ라이트쇼(매일 밤 20시.21시 하루 두 번) 특별한 벚꽃 하늘을 볼 수 있는 대릉원돌담길!!  🌸봄!! 벚꽃 축제로 봄을 더 다뜻하고 즐겁고 느끼게 되는데요~ 매년 벚꽃을 만나지만 볼때마다 반갑고 예쁘기만 하더라고요. 올해도 기다리는 벚꽃 축제~~🌸 경주 대릉원 돌담길 축제가 몇칠 있으면 열리게 됩니다. 경주 대릉원 돌담길 축제 톺아봄으로 나의 예쁜 추억 사진을 위한 보관소가 준비되어 있어 예쁜 사진도 찍으면서 자유롭게 축제를 즐길수 있고, 다양한 공연,다양한 체험,다양한 먹거리와 좋은 곳에서 화려하고 아름다운 벚꽃 하늘을 눈으로 담을수 있는 라이트쇼까지 준비되어 있다니 경주 대릉원 돌담길 축제 톺아봄으로 어느덧 다가온 봄의 벛꽃 축제와 경주에서 좀  더 특별한 추억을 남길 수 있을것 같아 저도 기다려 지네요🌸🌸🌸🌸🌸  #경주대릉원돌담길축제#경주문화재단#경주여행#대릉원돌담길#경주축제#경주벚꽃#거리예술공연#라이트쇼#레스토랑#플리마켓#친환경#사진#신문고#QR코드#놀이터#파우더룸#벚꽃코인",https://www.instagram.com/p/DH6CAr_hPbJ/
797,20250401,인스타그램,Salsa Stem • Carrera Pista   •  •  #ratbike #track #bicycle #einganggang #keirin #njs #columbus #pedalroom #fixedgear #픽시 #픽시자전거 #픽시드기 어 #스키딩 #자전거 #bikeporn #cycling #pistabike #sugino75 #sramomnium #idiotbikes #savethetrackbike #steelisreal #fixie #trackbike #fixiebike #fixedpoets #carrera #carrerabikes #carrerapista,https://www.instagram.com/p/DH6B-YDuHIc/
798,20250401,인스타그램,"#PSB브레이크 #골드에디션 . . 포인트를 더하다 💛  📍글로벌 인증으로 검증된 3D 플로팅 기술 👉🏻 Red Dot Design Award 👉🏻 iF Design Award 👉🏻 Fit Sport Design Award  📍트레이드랩앰배서더 📍어럼바이크 📍브레데스테인타이어 📍바이크비트휠셋 📍로터투인파워&큐링 📍피에쓰비, 실카, 노그 📍피지클행주 📍아토벨로  #AURUMBikes #AURUMMagma #어럼  #어럼바이크  #로드자전거 #tradelab_official #트레이드랩 #bikebeat #massstabevodisc #rotor2inpower #vredestein #psb #knog #silca #아토벨로 #atovelo",https://www.instagram.com/p/DH6B5uby01j/
799,20250401,인스타그램,"엔진11 크릿디 인기컬러 블루스킨 출고 990,000원  자세한 자전거 정보는 블로그를 참고 부탁드리며 오늘도 바이크온을 찾아주셔서 감사합니다 😎  🤍 평택 자전거 매장 바이크온  스페셜라이즈드, 피나렐로, 위아위스, 브롬톤, 버디, 스트라이다, BESV, LINK U, 엔진11,언노운 등 픽시 취급점 경기도 평택시 비전동 평택4로 61(비전동 756-13) 1층  [평택 여중 정문 건너편 , 매장 앞 주차 가능] ✔️ 제품 문의 010-7618-7033 ✔️ 영업시간 AM 11:00 ~ PM 20:00 ✔️매주 월요일 휴무 ​ 휴무날 또는 기타 부재 중일 때 네이버 톡톡, 인스타그램 DM 주시면 확인하는대로 답변드리겠습니다^^* . . . . 엔진11 #엔진11크릿디 #픽시 #엔진11크릿디블루스킨 #평택픽시 #오산픽시 #수원픽시 #동탄픽시",https://www.instagram.com/p/DH6BydCy1Vi/
800,20250401,인스타그램,25.04.01  🟢오늘의 운동  ☆수업50분 3강 ☆실내자전거 60분  #일상 #기록 #운동 #취미 #습관 #홈트 #활력 #건강 #공복유산소 #코어운동 #전신운동 #복근운동 #유산소운동 #근력유산소 #workout #hometraining #필라테스 #스트레칭 #오운완 #실내자전거,https://www.instagram.com/p/DH6B0UShChj/
801,20250401,인스타그램,인간의 삶 전체는 단지 한순간에 불과하다. 인생을 즐기자. . #삼일절그란폰도 #운동그램🏃  #운동하는여자 #자전거취미  #취미생활 #건강한삶즐기기 #로드사이클 #운동취미 #욜로인생,https://www.instagram.com/p/DH6BcKcP5hI/
802,20250401,인스타그램,"유행따라하기  첫 chatgpt🤭 한영모터스, 랜드로버 영문 살아있눼ㅎ  똑똑해 나의 GPT! #chatgpt #지브리스튜디오  ----------------------------------------------------- 재규어처럼 빠르게 랜드로버처럼 힘차게!  @landrover_hanyoung #랜드로버 #재규어 #부산한영모터스  #랜드로버공식리테일러 #한영모터스  @hym_racing #한영모터스레이싱팀 #HYM레이싱팀  @whizbike_official  #위즈바이크카페 #멀티브랜드자전거매장 #네이버스토어 #위즈바이크스토어  @pissei_busan #피세이 #피세이부산 #피세이라이딩",https://www.instagram.com/p/DH6BWxABJOj/
803,20250401,인스타그램,🌈어느덧 4월첫날이네요~  5시기상 특새🙏 10시 다이어트댄스  수업후 혼자찐운동 💪 💪   팔뚝 시큰거림이 아직도 그렇긴한데ㅠㅠ 아주오랜만에 팔운동을 할수있어좋았네요~^^  스쿼트 50 와이드스쿼트 발뒤꿈치들기 50 상체운동 오20 왼20 내전근스트레칭 오20 왼20  점프런지 오50 왼50  복부운동 100 골반스트레칭  팔운동 50 레그레이즈 100 레그컬 50 가슴운동 60 어깨운동 30  천국의계단 30분  자전거 1시간   모두 4월두 화이팅입니다‼️‼️  #근력키우기 #체지방줄이기 #유산소 #건강한습관만들기 #오휘카운셀러 #스포벡휘트니스마포점 #인스타오류드디어해결,https://www.instagram.com/p/DH6AySbzBWz/
804,20250401,인스타그램,"언노운 픽시 싱귤러리티2 레드 출고🫠  평택 자전거 매장 바이크온  스페셜라이즈드, 피나렐로, 위아위스, 브롬톤, 버디, 스트라이다, BESV, LINK U, 엔진11,언노운 등 픽시 취급점 경기도 평택시 비전동 평택4로 61(비전동 756-13) 1층  [평택 여중 정문 건너편 , 매장 앞 주차 가능] ✔️ 제품 문의 010-7618-7033 ✔️ 영업시간 AM 11:00 ~ PM 20:00 ✔️매주 월요일 휴무  휴무날 또는 기타 부재 중일 때 네이버 톡톡, 인스타그램 DM 주시면 확인하는대로 답변드리겠습니다^^*  #언노운 #평택언노운 #안성언노운 #안성픽시 #평택자전거  #싱귤러리티2 #언노운픽시 #싱귤2  #언노운 #평택언노운 #경기도엔진11 #수원픽시 #언노운싱귤러리티2 #평택픽시  #평택자전거 #경기도픽시 #픽시  #소사벌자전거 #송탄픽시 #오산픽시 #용인픽시 #동탄픽시  #pyeongtaekbicycle #unknown #2025언노운LV3 #언노운LV3  #언노운신상 #PyeongtaekUnknown  #pyeongtaekfixie #경기도언노운 #평택언노운 ​",https://www.instagram.com/p/DH6AjdIyilr/
805,20250401,인스타그램,"아침부터 먹방 제대로〰️〰️하고! 등원했다가 하원은 엄마랑 같이! 오늘도 꼴찌였는데 다행히 운동장에서 놀고있는 친구 한명이 있었고 해가 길어져서 어둡지 않아서인지 시니가 기분좋다고 해주더라구요😀  축구하고 싶다고 해서 축구하고 자전거 타고 한바퀴 돌고 집 와서는 청포도랑 밤식빵이랑 바나나우유 먹고 마시기🍇🥐🥛  얼집쌤이 전화가 와서 시니 먹는 양이 많다고, 오늘은 반에 남은 반찬을 혼자 다 먹었다곸ㅋㅋㅋㅋ 밥도 고봉밥으로 주고 있고(다른 친구들보다 항상 많이 주신다고🫢) 연장반 가서 보면 제일 잘 먹고 있다고 하시더라구요....ㅋㅋㅋㅋㅋㅋㅋㅋ 그거 먹고 집와서도 엄청 먹어요 하니까 놀라셨어요... 안먹는것보단 잘 먹는게 낫다고 생각중... (사실 제가 많이 먹어요 선생님...ㅋㅋㅋㅋㅋㅋㅋㅋ)  오늘 씻으면서 다담주에 거제할무니 오시면 어떤걸로 어떻게 씻겨주세요라고 말할지 연습도 하고 ㅋㅋㅋㅋㅋㅋ(샴푸바, 바디워시, 폼클, 트리트먼트 순서까지 완벽) 시니랑 떨어져있을때 보라고 영상도 찍어줬는데 엄마는 또 운다,,,  갑자기 낳아줘서 고마워라니 ㅠㅠㅠㅠ 걱정하지말라니 ㅠㅠㅠㅠ 다 컸다 우리 시니,,🥹  방에 재우러 들어가서 손 잡아달라기에 손잡아주면서 이런 시간이 얼마안남았다 싶어서 또 눙물🥹 (평소에 잘해줬어야했는데ㅠㅠㅠㅠㅠㅠㅠ)  당분간은 매일매일이 소중할 예정,,, 화도 안내도록 해봐야지!!!!!!!!  마무리는 잘자는 우리 딸 사진✨ . . . . . #또니 #김시은 #생후1625일차 #쥐띠아기 #흰쥐띠아기",https://www.instagram.com/p/DH6A1L-PNch/
806,20250401,인스타그램,25.04.01. 화요일   아침시작은 함께 자전거로 등교  오늘은 자전거로 함께 하교까지 완료  매일 가는 줄넘기 학원 가는길은 언제나 즐겁고 ㅎㅎ  요즘 유행하는거 나도 한번 해봄  ㅋㅋ  #자전거로하루시작 #유행따라사는것 #98개월,https://www.instagram.com/p/DH6AvxLTnMX/
807,20250401,인스타그램,"승마보다 더 좋아했던 오토바이타기 .. 🏍️🏍️ 엄마아빠는 자전거 굴리다가 지쳤.. 아주 힘들었는데 우리 똥강아지들은 안간다고 , 시간제한에 감사했어요 ?  공간 하나하나 너무 다 예뻤던 밭디 🤎",https://www.instagram.com/p/DH6Akw6TSNZ/
808,20250401,인스타그램,장거리 운전은 너무 힘들다ㅋㅋㅋㅋ 오빠가 사준 쇠고기 녹는다녹아  그나저나 다오니라오니 자전거 사줘야겠군😙 친정와서 너무너무 좋다🥰😍 내일은 또 내새끼들이랑 뭐하구 놀지?  #밀양 #추천 #육아소통,https://www.instagram.com/p/DH6AbAZz74I/
809,20250401,인스타그램,"🔎나만 알고 싶은 역사 체험 학습🕵🏻‍♀️  교과서에서 많이 나오는 이곳에서 사냥꾼 체험 학교라니🏹 이곳은 선사시대의 유적과 유물을 보며 역사 공부도 할 수 있고 재밌는 이색 체험까지 할수 있어서  아이들이 너무 좋아했어요🩵 직접 무기 만들고 활 쏘면서 몸으로 체험하니 더 생생 하게 배울수 있었던 시간🙌🏻  이제 막 역사를 배우기 시작하는  3학년 첫째와 7세인 둘째도  재밌다고 또 오자고 하네요🤭  🛖선사 체험학습 (사전예약) ▫️70~90분 소요 ▫️체험비 13000원/1인 ▫️부모와 분리수업(참관가능) ▫️매달 주제가 바뀜 ▫️토,일 주말만 운영  🔍신석기아뜰리에 🔍고고학 꿈나무 발굴단  🔍신석기 장신구 공방 🔍선사 사냥꾼 학교   예약 방법이 궁금하시다면 “체험” 남겨주심 예약 링크 보내드릴게요 💌  📍 암사동 선사 유적 박물관 서울 강동구 올림픽로 875 ⏱️화~일 9:30~18:00 ⏱️매주 월요일 휴관  💳입장료 ▫️미취학 어린이, 다둥이 카드 소지자, 만65세이상 무료  ▫️성인(만19세~64세)500원, 청소년(만7세~18세) 300원  🎭선사예술가 특별전시관 (6/22까지) ▫️유럽후기 구석기 조각상, 동굴벽화, 신석기 예술품 전시  ▫박물관 옆에 바로 연결되어있음 ▫나만의 빗살무늬토기 만들기, 동굴 벽화 만들기 체험  🎧문화관광 해설 프로그램 ▫무료이용 ▫️방문 1일전까지 홈페이지 예약 ▫️회차당 30명 ▫️10시,12시,14시,16시 / 50분간 ▫️문의 02-3425-6520  💡방문 전 꿀팁 ▫️날좋을 때 피크닉하기 좋으니  간식 챙겨와서 구경하고 놀기 ▫️야외 휴게 공간 있음 ▫️야외 모래놀이 공간 있으나 도구는 없음 ▫️야외체험인 경우엔 기상 상황에 따라 옷입기 ▫️킥보드, 자전거 금지  🅿️주차정보  ▫️주차장 있음 ▫주차 종일권 경차 1000원, 소형 2000원, 대형 4000원 ▫️다둥이 카드 소지자 50% 감면 혜택  🌟근처 함께 가면 좋을곳 광나루 모두의 놀이터, 한강 공원   @twoyu._.mom 팔로우 하시고 아이와 가볼만한곳 알아가세요🩵 나중에라도 가실거라면 저장 꾸욱❤️ 같이가자!! 공유💌  #암사동선사유적박물관 #다둥이무료 #역사체험 #사냥꾼학교 #체험학습 #이색체험 #가성비체험 #무료박물관 #역사박물관 #가성비 #주말육아  #아이와가볼만한곳",https://www.instagram.com/p/DH6ACnKzjiN/
810,20250401,인스타그램,섬진강 라이딩 미칠듯이 달려가는 한무리 팩 뒤에 붙어 볼까 했더니 점점 사라져간다 ㅋ #라이딩 #자전거 #자전거라이딩 #섬진강 #섬진강라이딩 #벚꽃 #벚꽃라이딩 #섬진강벚꽃라이딩 #cycle #cycling #cyclist,https://www.instagram.com/p/DH5_erQy0Bb/
811,20250401,인스타그램,"오늘은 하랑이 모음집💖 두발자전거를 계속 해줘야지 해줘야지해놓고 하랑이자전거는 보조바퀴를 떼야하고 해온이 5살때 자전거는 바퀴 바람이 자꾸 빠져서 못태우다가 오늘 삼천리가서 바퀴 고무패킹 교체하고 연습하려고 태웠는데 바로 쭉쭉 타심🤣🤣🤣🤣🤣💖💖💖💖💖 운동신경 좋은건 알았지만 진짜.. 처음 타자마자 쭉쭉 가길래 영상도 못찍고 놀랬🤣 처음 영상이 놀래서 카메라 못들고 곧바로 처음 찍은 첫 영상! 우리 하똥그리 최고🫶🏻💖 ✨✨첫자전거연습 바로 성공👏🏻✨✨ 3월에 태어난 우리 하랑구❤️❤️❤️❤️ 생일파티 친구들,가족들과 5번 생파하고 4월됐네😁 더 건강히, 행복하게 쑥쑥 자라자🌱❤️❤️❤️ 사랑해사랑해사랑해❤️❤️❤️❤️ . . . #하랑이의하루📸#첫자전거#사랑해 💖💖💖",https://www.instagram.com/p/DH5_jFlT0gk/
812,20250401,인스타그램,"× @seoul_cleanbeauty_run_2025 #광고 와버렸네 달리기 좋은 계절이 와버렸어 🌸  요즘 차근차근 다시 달리기 시작했어요 전에는 냅따 뛰기만 했는데 근력이 없으면 한계가 있다는걸 깨닫고 헬스장가서 하체 운동도 열심히 하는중..! 자전거도 근력운동도 하다보니 재밌네요?  저는 한창 뛰기 좋은 4월 26일에 악새와 커플런을 신청해뒀어요 그날이 결혼기념일이더라고요?(우연의 일치) 노들섬을 달리는 코스라 같이 수다런하면서 경치구경하고 올게요  🌸 2025 서울클린뷰티런 서울시와 K-뷰티 브랜드가 함께하는 마라톤 대회  🏃‍♀️ 5km 마라톤 – 노들섬에서 출발해 한강대교를 달리는 코스! 🌳 러닝 후 플로깅 & 클린뷰티 체험 부스 운영 🎁 참가자 전원 8만원 상당 화장품 증정 🍧 완주하고나면 요아정을 준대요  🏁 대회 정보 📍 장소: 한강 노들섬 잔디마당 📍 일시: 4/26(토) 오전 10시 📍 참가비 : 40,000원 ⏳ 모집 일정 -추가 모집 중 ~ 04.04 (금) 22시  봄아 천천히 가주라 🌸🌸🌸 #서울뷰티런 #2025서울뷰티런 #노들섬러닝 #마라톤대회",https://www.instagram.com/p/DH5_lNMT1Ou/
813,20250401,인스타그램,"< HJC LOUNGE SEOUL GRAND OPENING > 행사🥳💕 눈비가 내려서 사복으로 다녀왔습니다.  #HJC라운지 는 요즘 제가 자주 이용하는 자전거카페이자 HJC 제품을 직접 체험할 수 있는 공간인데요. 바로 이곳에서 2025시즌 FURION3, CROSSOR 를 만나보실 수 있습니다.  지난 주말엔 퓨리온3 이벤트 행사를 진행해서 포토샷 럭키드로우와 포토월 이벤트 참여도 하고왔어요. 따끈따끈한 신상 헬멧 당첨자는 누가 될지?!! 두구두구두구! 💫  HJC 자전거 헬멧, 앞으로도 많은 관심 부탁드립니다🤍 (방문하니 깨알같이 들어가있는 향라이더 찾기 성공ㅎㅎㅎ) . . @hjcsportskorea @route6sports  #HJC #에이치제이씨 #자전거헬멧 #천호동 #천호자전거거리",https://www.instagram.com/p/DH5_Qq9TB9O/
814,20250401,인스타그램,스캔데이터 없이 작업하려니 어렵다.  #solidworks #3d #cad #reverseengineering #productdesign #industrialdesign #design #mechanicaldesign #mechanical #bicycle #roadbike #mount #garminmount #3dprinting #3dprinter #canyonbikes #canyonbike #솔리드웍스 #제품 #역설계 #로드 #로드바이크 #자전거 #자전거마운트 #가민마운트,https://www.instagram.com/p/DH5-9LLSx6N/
815,20250401,인스타그램,"BMW 키즈바이크 커밍쑨🚴🏻‍♀️ 어린이날 선물 특집이옵니다🎁 백화점에서 보셨던  제품을 최저가 공구로 만나보실 수 있도록 베리 나이쑤 타이밍 찌찌뽕으로 준비해왔어요 10만원~20만원까지 할인받아서 득템하세요 품절될수있어서 오픈런 추천드립니다  밸런스바이크가 10~20만원대인데  또 구입하지마시고 bmw 키즈바이크 하나로 해결하세요  채니때부터 잘 타고있는 bmw mini 세발자전거 10년도 더됐는데 여전히 뽀시래기가 잘 타고있어요 16인치로 업그레이드해주면서 이번에도 bmw를 선택했어요 고급스럽고 튼튼하고 as까지 확실하게 👍🏻  임마더픽은 다른거 아시죠? 다양한 유통경로가 있는데 어디서왔는지 투명하지 않으면 제안서 열어보지도 않아요 확실한 제품만 소개해드립니다.  ✔️정식 통관을 거친 수입 제품으로 독일 bmw 정식 부품 사용 (직구 제품은 기다려야하고 관부가세, as 문제 생기는 경우가있음) ✔️보조바퀴 탈착가능 4발 - 2발 ✔️안장높이 조절 가능, 무독성 손잡이 ✔️프레임,핸들봐, 스템까지 견고한 상급알루미늄 (부식과 습기에 강해서 오래탈 수 있음) ✔️안전한 서스펜션으로 충격흡수 탁월함 ✔️세이프 체인가드 - 옷, 신발이 말려들어가는 위험 방지  ✔️90-95% 조립후 출고 ✔️인체공학적 라이딩전용 안장  뽀시래기 자전거 처음타보는데 제법 잘타죠💯 실내자전거로 페달링 연습했더니 힘있게 팡팡 잘 구르더라구요  어린이날 선물 고민해결 자전거 뭐사줄까? 고민해결 임마더는 고민해결사💪🏻  ❓궁금하신점은 댓글이나 디엠주세요 🫶🏻댓글에 알림남겨주시면 오픈하고 알려드릴게요",https://www.instagram.com/p/DH59q2bz1ne/
816,20250401,인스타그램,One Thing . #마라톤  #철인3종 #자전거그램  #달리기 #러닝,https://www.instagram.com/p/DH59XYjSZSG/
817,20250401,인스타그램,#전주 도착하자마자  #야식 = #버거킹 헤헤헤 #자전거수리마을 #자전거찌든때제거 #오버홀,https://www.instagram.com/p/DH59beTyVhD/
818,20250401,인스타그램,"(저장) 청춘영화보다 낭만적인 보령여행 1박2일 코스🌊🍃  최근에 보령여행을 다녀왔는데 청춘영화만큼이나 낭만적인  도시더라구요..?💛 강릉, 속초처럼 붐비지도 않고 예쁜 바다  보며 여유부리기 가능! 당일치기도 좋지만 예쁜 곳이 많으니  1박2일로 여유롭게 다녀오시길 추천드려요 :)  Day1  📍죽도 상화원 섬 전체가 한국식 정원으로 꾸며져있어 바다보며 산책하기  좋은 명소🍃 죽도 초입 바닷가에 배들이 둥둥 떠있는데  그림 같은 풍경이니 사진 꼭 찍고오세요✨ ✅ 3월~11월 , 금~일요일+법정공휴일, 9:00-18:00 운영  🎫 입장권 1인 7,000원  📍성지2호점 싸이가 다녀가서 더 유명해진 줄서서 먹는 짬뽕 맛집🔥 저는 2호점으로 방문했고 토요일 낮기준 15-20분 정도 웨이팅  했어요! 국물맛부터 진한데다 불맛 최고.. 차돌짬뽕+유림만두 조합 추천드려요! * 대천 스카이바이크 현장발권이신 분들은 탑승권부터 끊고  식사하러 다녀오세요!  📍대천해수욕장 일몰이 예쁘기로 유명한 보령의 대표 해수욕장!  짚라인부터 스카이바이크, 여름에는 머드축제까지 열리는  곳이니 보령여행 필수코스로 넣어주세요🌊  📍대천해수욕장 스카이바이크 바다 위를 40여분간 달리며 윤슬을 감상할 수 있는 레일바이크🌊 전동으로 운영되서 편하고 이제 온라인으로 예매도 가능해요! 주말엔 미리 예약해서 꼭 타보세요 너무 예쁩니다✨  ⏰매일 10:00-17:00 *평일 12:00-14:00 휴게시간 🎫 2인승차권 22,000원  📍충청도 대천해수욕장부터 만남의광장까지 파노라마 통창뷰를 즐길 수  있는 카페☕️ 내부는 캠핑 분위기인데 여유롭고 조용해서  바다멍 때리기 좋더라구요! 카페에서 보는 윤슬이 정말 예뻐요✨  📍발레리조트 휴양지 컨셉의 발리감성 숙소로 전객실 오션뷰, 자쿠지가 있어서 온전히 쉬어가기 좋아요🍃 무료 자전거 대여, 갯벌체험도 가능, 아침에는 무료 조식도 주신답니다 :)  Day2  📍피자파티 그시절 캔모아, 한스델리 감성을 느낄 수 있는 정겨운 돈까스 맛집! 아는 맛이지만 계속 생각나는 피자돈까스는 필수🍕 느끼한 거 안좋아하시는 분들은 매운피자돈까스 추천!  📍보령중앙시장  여행에서 시장투어는 필수! 다른 곳보다 찐으로 로컬 감성이  풍기는 시장이었어요. 저는 5일장 날짜를 모르고 가서  토요일인데도 문닫은 가게가 많아 아쉬웠는데 5일장 때는  볼거리가 가득하다고 해요🥹  ✅ 매달 3일, 8일 5일장 열림  📍천북 청보리밭 드라마 ‘ 그해 우리는’ 촬영지인 낭만적인 청보리밭🌾  이제 푸릇푸릇한 청보리가 자라나는 중인데 맑은날 갔더니  너무 예뻤어요! 청보리밭 언덕 위에 카페가 있는데 입장권에  음료가 포함되어 있어요☕️  ✅청보리 절정 4월말~5월 🎫입장권 6,000원 (청보리밭만 관람), 8,000원 (청보리밭+ 카페음료 교환)  📍보령충청수영성 여기는 집 가기 전 노을지는 시간대에 꼭 가보세요🧡  오천항 인근에 자리잡은 성곽길인데 항구와 바다, 노을까지  함께 보니 낭만 그 자체였어요..! 주말에도 여유롭게 관광 가능  @a.0_daily 팔로우 하시고 실시간 여행 꿀팁 확인하세요 ◡̈  #보령 #보령여행 #보령여행코스 #1박2일여행 #당일치기여행 #봄여행 #대천여행 #보령가볼만한곳 #보령맛집 #보령카페 #대천맛집 #보령핫플 #서해바다 #봄여행지 #충청도여행 #모음집",https://www.instagram.com/p/DH59Q9vS225/
819,20250401,인스타그램,BMC SLR_01  사이브레이 및 엑스케이디 파워미터 장착 출고!!   작업 전  듀라에이스 크랭크 167.5 + 아시오마 파워미터  7.29kg   작업 후  사이브레이 167.5 + 엑스케이디 + 스러스트 SL 페달 7.06kg   따흑… 속도계 빼고 측정할껄 ㅠ   암튼 속도계 빼면 ㅎ 6kg 대 진입 했습니다!!   #싸이브레이 #엑스케이디 #스러스트sl #로드자전거경량화  #충주 #충주자전거 #충주자전거매장 #바이크피트,https://www.instagram.com/p/DH59PDwBMhv/
820,20250401,인스타그램,"#3월도전☘️  3월달에는 자전거 훈련과 러닝 기초훈련의 병행! 중심을 잡아줄 로잉 훈련!  창녕 MCT 참가! #팀아리랑  부상회복에 대한 교육 #컴프레스포트 #37degrees   에베레스트 등반과 RAAM 이야기 #강원산악연맹 #관동대학교산악부  야외교육 라이딩 시작! #느리게걷는운동교실  먹방과 요리! #우리가족 #우리현주 #이봄  꾸준한 운동으로 파워 ⚡️는 상승했지만, 뭔가 부족한 현재 모습이다.  함께 운동하는 소중한 친구들! #srs스튜디오   아프지말고 즐겁게 운동해요! #기적의마사지 #회복차   늘 감사합니다!  고맙습니다🙏",https://www.instagram.com/p/DH59Rw5SBja/
821,20250401,인스타그램,2025.4.1 82km  오늘은 수목원으로 안빠지고 자전거길 끝까지 갔다옴 뒤에서 영상을 찍어줘서 올려봄  모자달린 바람막이 입고 갔더니 달리는 내내 모자가 아주 거슬렸다 😅  시내에는 벚꽃이 만발인데 자전거길은 시골이라  벚꽃이 많이 안폈다 가다가 짜장면도 먹음 👍  #진주자전거길,https://www.instagram.com/p/DH58AWEyKw7/
822,20250401,인스타그램,"#혜블리들일상  오랜만에 #밭디목장카페 🐴🥕 말들에게 당근도 주고  비누방울도 하고 맛난 디저트도 먹고 신나게 오토바이, 자전거, 경운기도 타고 마지막으로 첫 #승마체험 ! 처음에는 무서워 하다가 승마 선생님께서 너무도 친절하게 가르쳐줘서 그런지 산책로 한바퀴 돌고 돌아올땐 달려서 오네 ㅋㅋㅋ  운 좋게 인형뽑기에서 두개나 뽑고! 넘 즐거운 하루였다☀️  #밭디  #지난피드  #제주아이와갈만한곳",https://www.instagram.com/p/DH58L7TT6IO/
823,20250401,인스타그램,"드디어  안장에 올라갔다  #안장통 #힘듬 #다시타보자  ◼ 4월 1일 훈련상태 ◼ 😮 훈련량 부족 (23) 🌳 체력 1, 피로 3, 균형 -2  ◼ 라이딩 종합 ◼ 🐶 자유로운 훈련 (적정강도) 🏷️ 적정강도 훈련, 지속성과 동기부여, 즐거움 📊 R파워 181, 강도 0.67, 훈련량 23 ✨ 회복시간 7 시간  ◼ 피크파워 분석 ◼ ⚡ 15초 345w (47%)  ⚡ 1분 266w (59%)  ⚡ 2분 230w (58%)  ⚡ 5분 213w (63%)  ⚡ 10분 201w (75%)  ⚡ 20분 175w (72%)   ◼ 파워영역 분석 ◼ ⚪ 1영역 57% (+11%) 🔵 2영역 24% (+1%) 🟢 3영역 4% (-8%) 🟡 4영역 7% (-1%) 🟠 5영역 5%  🔴 6영역 2% (-2%) ⭕ 7영역 0% (-2%)  ◼ 심박영역 분석 ◼ 🤍 1영역 1% 💙 2영역 7% 💚 3영역 22% 💛 4영역 61% 🧡 5영역 9%  ◼ 무산소운동 분석 ◼ 🕯️ 성냥개비 0.7 ⌛ 무산소 지속시간 3m 5s 🏋 무산소 운동량 6.1kJ 🔋 무산소 최대방전 13.4%  ◼ 에너지 대사 분석 ◼ 🔥 소모칼로리 281 🧀 지방연소 52.8% 🍞 탄수화물연소 47.2% ⏲ 지방감량추정 16g  #자전거 #자전거스타그램 #자덕 #자덕스타그램    #라이딩 #운동하는남자 #운동스타그램 #운동 #취미생활 #재밌다그램  #소통 #선팔 #맞팔 #좋아요 #취미 #cycling #sports #cycle #riding  #오운완  #cannondale #supersixevohimod #목포 #목포자전거 #행복  #힐링 #다이어트 #운동",https://www.instagram.com/p/DH58BvLydy_/
824,20250401,인스타그램,#의령장박마을  #벚꽃터널 💗 ㆍ 작년 마가렛🤍 꽃길로 유명했던 의령 #장박마을 둑방길🌿 지금 #벚꽃이 예쁘게 피고있어요🌸 (2025.03.31 개화상황 70~80%) 길고 긴 백리  #벚꽃길 다 못걸어요. #자전거  타고 달리고 싶은곳 🚴🚴‍♀️ ✅️ #벚꽃축제 도 해요.  (2025.04.05~06) 🚩 경남 의령군 화정면 화정로 294  화정면사무소 ㆍ #자전거길 #의령여행 #벚꽃볼만한곳 #의령가볼만한곳 #의령 #벚꽃맛집 #의령소바 #의령카페 #의령맛집,https://www.instagram.com/p/DH573NBpA8T/
825,20250401,인스타그램,PCL : 케케케케 오널은 그래프 예쁘게 그렸다. 다리가 몬가 안굴러가는 느낌이었는데- 잡생각말고 굴리니 굴러가는 magic 🧙🏾‍♂️✨  박코치님 옆에 있으면 싱기하게 파워도 올라가능 매직.... 덕분에 또 Vo2Max 나왔넼ㅋㅋㅋㅋㅋㅋㅋㅋㅋ🤣  크- 오늘 잘탔다 뿌듯혀 굿 쟙 잘했다 곶이은!!! ㅋㅋㅋㅋㅋㅋㅋㅋㅌㅇㅌㅌㅇㅇㅌㅇㅇㅌㅋㅋㅋㅋㅋㅋㅋㅋㅋㅋㅋㅋㅋㅋㅋ  그쳐? - @cineroong ✨🤳 - #cycling #cyclinglife #pcl #peakcyclinglab #q36_5 #큐삼육오 #자전거 #라이딩 #사이클링  야라는.. 나능 춥찔이라 더따뜻해지면!!! GO,https://www.instagram.com/p/DH56lZAy9Z9/
826,20250401,인스타그램,4月小旅行，讓自己放假充電。 第一天 抵達仁川機場—> 搭乘首爾站直達車—> 江陵KTX 第二航廈沒什麼人，不到10分就出關，值得讚賞。  ✔️海上腳踏車 강릉아나나비 자전거  ✔️鬼怪拍攝著名場景（恩卓呼喊孔侑的相遇）주문진방사제 ✔️BTS 巴士站🚌 BTS 버스정류장 ✔️嫩豆腐義式冰淇淋🍨 無敵海景3號店순두부젤라또  天空很藍，但好冷🤣🤣 （未完結）,https://www.instagram.com/p/DH56VmYzvaF/
827,20250401,인스타그램,#저녁마실 💚 점심겸 저녁을 전통시장에서 쭈꾸미 샤브에 볶음+밥까지 아들며느리에게 짐지우고 서식지 옆 공원에서 잠시 걷다^ 💚💖🎧📸 꼬맹이 자전거 요원들이 사진 찍는걸 보곤 자기들도 모델을 자처한다^,https://www.instagram.com/p/DH56UXZTd3W/
828,20250401,인스타그램,에코드라이브 타이탄600 출고 48V 13ah 최대350w 1회 주행거리: 최대35km  출퇴근용으로 구매 하셨습니다. 항상 안전운전 하시고 행복 하세요^^  대구 유통단지잔자관 썬모빌리티 전자관점 에서 디지털온누리 상품권 구매시 10프로 할인 됩니다. 온누리상품권도 가능 합니다.  영업시간 매일 10:00~19:30 오시기전 연락 부탁 드립니다.(010 7579 3288) 썬모빌리티 비산점: 서구 서대구로62길87 썬모빌리티 전자관점: 북구 유통단지로45  #썬모빌리티전자관점  #썬모빌리티비산점  #대구종합유통단지전자관 #대구타이탄600 #대구전기자전거  #대구전동스쿠터  #전기자전거  #전동스쿠터  #10프로할인  #대구디지털온누리상품권  #대구온누리상품권 #출퇴근용전동스쿠터,https://www.instagram.com/p/DH56FezBmVM/
829,20250401,인스타그램,"#지자체지원 #나주 이번 봄에 전남 나주로 떠나야 함 👀✨ 필수 여행 스팟만 추려서 알려줄테니까 짝꿍이랑 늦기 전에 얼른 가쟈 (´ε｀ )♡  @@나주에서만 즐길 수 있는 것 만땅 !  #한수제  ♡ 나주의 대표적 벚꽃 명소! 봄 필수 여행지  #불회사  ♡ 자연의 아름다움과 고즈넉한 나주 풍경이 어우러진 곳  #목사내아  ♡ 나주의 감성이 들어간 전통 한옥 숙소로 추천!  #영산강정원  ♡ 양귀비꽃이 흐드러지게 핀 탁 트인 힐링 스팟  + 근교 영산강대교~나주대교 드라이브 코스 / 자전거길 / 곰탕거리 / 홍어거리 위치!👍  #산림연구원  ♡ 이국적인 포토 스팟이 있는 이색 데이트 코스로 추천! 💗  #한반도지형전망대  ♡ 한반도지형을 감상할 수 있는 전망대! 노을 질 때 강추!  #황포돛배체험  ♡ 오직 나주에서 즐길 수 있는 영산강 속 돛배 체험!  #국립나주숲체원  ♡ 대규모 데크길과 잔디밭이 구비되어, 힐링 프로그램도 참여하기 굿 bb  #다도로60  ♡ 100평 힐링카페와 6000평온로드, 오프로드 카트 체험 가능!  #나주곰탕거리  ♡ 오래 고아서 낸 ‘곰탕’을 다채롭게 즐길 수 있는 거리  #3917마중  ♡ 나주곰탕거리 근처 위치한 카페로, 복합문화공간으로 운영되는 곳  #대한민국구석구석 #나주가볼만한곳 #나주여행 #전남가볼만한곳 #나주벚꽃 #나주봄여행 #나주벚꽃스팟 #나주여행추천 #나주이색데이트 #나주데이트 #나주전망대 #나주카페",https://www.instagram.com/p/DH56DCyyMe9/
830,20250401,인스타그램,. 새벽 출근 -> 퇴근 후 자전거 50km -> 자전거 후 수영 1500m . #철인3종#수영#자전거#러닝,https://www.instagram.com/p/DH555SfP5L9/
831,20250401,인스타그램,"픽시에 푹 빠진 아들에게 2년후 중학교 입학하면 원하는 모델 사주기로 약속하고 대신 조카가 타던 로타지오네를 누나집에서 가져와 열심히 타게 했는데 근 4개월간 열심히 타면서 큰 사고 없이 안전하게 타고 자전거 공부도 열심히 하는 모습에 결국 원하는 픽시 자전거를 사주게 되었다.  진정성 승리 ㅎㅎ 아들 ~ 안전하게, 재밌게 타라. 부럽다.  #엔진11 #engine11 #engine11critd",https://www.instagram.com/p/DH55uwnT9sl/
832,20250401,인스타그램,핑크의계절 🌸벚꽃에 계절이 온다 벚꽃이 내린다~~~~🌸🌸🌸🌸🌸 남산은 아직 멀었다🌸내려가자🤌대청호라이딩☝️  4월8일대청호 기나긴  벚꽃터널 라이딩을 갑니다🤟 편안하고 안락한 우등28인승 5588차량 마지막 탑승라이더 3분모십니다 운동보다 자전거를 가지고 놀다오는 여행입니다 대전 전문 현지 로컬 라이더가 직접 현장말투로 리딩에 참가해 주십니다 🌸 @kyungmu73  🚴‍♂️🚴‍♂️🚴‍♂️🤌서둘러 마감임박💋☝️,https://www.instagram.com/p/DH55Qb7ysnE/
833,20250401,인스타그램,"#협찬 ⠀ ‘필름사진과 닮아 있는 여행‘ ⠀ 전북 남원시에 위치한 한옥 호텔 ‘명지각1956‘에 다녀왔습니다. 1950년대 문을 열었던 명지호텔은 1980년대 초 ‘명지각’이라는 현판만 남긴 채 문을 닫았지만 스테이폴리오를 만나 현대적인 한옥 호텔로 다시 탄생했어요. 언제나처럼 필름카메라를 들고 다녀왔는데 천천히 기록하는 필름사진과도 닮아 있는 여행이어서 더욱 좋았습니다. ⠀ 새벽이면 처마 끝에 이슬이 맺히고, 해 질 무렵엔 은은한 노을이 한옥 지붕을 감싸는 곳. 명지각 1956은 바쁜 일상과 도심에서 벗어나 한옥의 정취 속에서 오롯이 나를 위한 쉼을 느낄 수 있는 곳이었어요. ⠀ 아늑하고 따뜻했던 객실은 스피커에서 라디오 주파수에 맞춰 나오는 명지각의 음악들이 더해져 더욱 포근하게 느껴졌습니다. 창 너머로 스며드는 햇살을 맞이하고, 사랑채에서 정성스레 준비된 조식을 즐기며 느긋한 아침을 맞아보세요. 낮에는 자전거를 타고 남원 요천의 벚꽃길을 달리거나, 숙소 바로 앞에 위치한 광한루에서 풍경을 감상하며 천천히 시간을 보내도 좋습니다. ⠀ 긴 하루의 끝에는 투숙객들은 위해 마련된 목욕탕 ‘련‘ 에서 따뜻한 물에 몸을 맡겨 보세요. 사우나, 샤워, 목욕과 향긋한 다도까지 즐긴 후엔 정갈한 반상차림으로 제공되는 모둠전과 청주 한 잔으로 속까지 채우며 하루를 마무리할 수 있습니다. ⠀ 아무런 계획이 없었던 여행이었어요. 별것 하지 않아서 여유롭다 못해 남는 시간들의 틈 사이사이로 쉼이 가득 차는 시간. 커피를 마시고 낮잠도 자다가, 산책을 하고, 목욕도 하고, 술 한잔 하는 시간들로 쉼을 경험했습니다. 경험하고 나니 ‘잘 먹고, 잘 쉬고. 잘 자는 것이 보약이다.‘라는 프로모션 문구가 더욱 좋아 이런 쉼에 자주 몸을 맡기고 싶어졌습니다. ⠀ 다시 일상을 살아갈 힘이 될 수 있도록, 깊이 있는 쉼을 통해 내 안의 균형을 되찾는 시간을 명지각1956에서 만나보세요. ⠀ 📌 전북 남원시 고샘길 57 명지각 본관 ☑️ 스테이폴리오에서 예약 및 이용 문의가 가능합니다. ☑️ 웰컴기프트 김부각과 전통주는 상시운영 부분이 아닌 프로모션 이벤트입니다. ⠀ ⠀ #스테이폴리오 #명지각1956",https://www.instagram.com/p/DH55GvzT_wr/
834,20250401,인스타그램,3월 자전거는 9번 탔다. 앞으로 11월까지 월 200씩 탈듯. 겨울에나 많이 타지ㅎ #velographic,https://www.instagram.com/p/DH55LchSHRu/
835,20250401,인스타그램,🌸  3월 @dalddaem  우리들의 서른아홉번째 발걸음  부상으로 부족하지만 감사하게 회복중이고  내가 내 두발로  달리기.걷기.실내자전거.그리고 하이킹  이렇게 서른아홉번째발걸음을 함께한다🤟  #달땜크루🤟#3월#서른아홉번째발걸음,https://www.instagram.com/p/DH54x1MvMiV/
836,20250401,인스타그램,가족행사로 연차내고 오전 중에 가족행사가 끝나 어머니 따라 서울에 놀러 갔다  매화가 이쁘게 핀곳이 없을까 찾다보니 증미역 근처의 매화근린 공원에 가봤다  이름이 매화근린공원이라 매화꽃이 가득한 공원을 상상했다 하지만 아주 작은 공원이었고 매화나무는 공원앞에 두그루가 있었다  조금은 실망했지만 그럴 수도 있지 생각하며 거기서 부터 걷기 시작했다  걷다보니 염창산이란 아주 작은 산에도 올랐다 그곳의 한강부도 나름 좋았다  걷는 것이 좀 부족하여 걷다보니 월드컵대교까지 걸었다  이전에 밤에 월드컵대교를 걸었을 때 너무나 아름다운 한강의 야경을 보고 놀았었다  낮에 월드컵대교는 처음이었다 낮의 월드컵대교는 밤과 다른 매력이 있었다  월드컵대교에 올라 가양대교 방면을 바라보면 해질녘 윤슬이 참 아름다웠다  다시 대교를 내려와 성수대교 방면으로 올라가니 멋진 여의도 뷰를 볼 수 있는 것도 좋았다  그렇게 오르락내리락 하다 보니 해가 지는 것까지 볼 수 있었다  올림픽대교에는 엘레베이터로 오를 수 있어 좋다 계단도 물론 있어서 계단이 좋은 사람은 계단으로도 오를 수있다  생각보다 적지 않은 사람들이 월드컵대교를 걷고 있었다 자전거로 건너는 사람들도 많았다  가끔은 강바람을 맞으며 다리 위를 걷는 것도 짧은 여행이 될 수 있는 것 같다,https://www.instagram.com/p/DH52TcqP1cC/
837,20250401,인스타그램,. 뭉클 그 잡채……….. 자전거라니………..,https://www.instagram.com/p/DH54qAJP9Vm/
838,20250401,인스타그램,"올해도 역시나 수성랜드로 출동🩵 이제 쫌 컸다고 수성랜드 안좋아할줄 알았는데 여전히 신나게 잘 놀다왔다! 내년에는 다른곳으로 가보자😆 ⠀ ⠀⠀⠀ ⠀⠀⠀⠀⠀⠀ ⠀⠀⠀ 주말에도 오전에는 하늘자전거 여유롭게 탔는데 오후되니 하늘자전거 찍으러 온 사람들이 많아져서 레일위에 교통체증이,,, 대신 다른 놀이기구들은 줄 거의 없음!!! ⠀ ⠀⠀⠀ ⠀⠀⠀⠀⠀⠀ ⠀⠀⠀ 📍아르떼수성랜드 (@suseongland) 📷25.03.29 촬영 ⠀ ⠀⠀⠀ ⠀⠀⠀⠀⠀⠀ ⠀⠀⠀ ⠀ ⠀⠀⠀ ⠀⠀⠀⠀⠀⠀ ⠀⠀⠀ ⠀ ⠀⠀⠀ ⠀⠀⠀⠀⠀⠀ ⠀⠀⠀ #콩깍지네여행_대구 #대구가볼만한곳 #대구아이와가볼만한곳 #대구벚꽃명소 #대구벚꽃 #대구실시간벚꽃 #아르떼수성랜드 #수성랜드 #대구수성못 #벚꽃데이트",https://www.instagram.com/p/DH53AbEztlV/
839,20250401,인스타그램,"#흥무로벚꽃길 (2024년 촬영본) 흥무로 벚꽃길은 2007년 건설교통부에서 ‘한국의 아름다운 길 100선’ 중 하나로 선정되었습니다. 도로 양쪽에 늘어선 벚나무들이 만개하여 벚꽃 터널을 형성하며, 드라이브나 산책을 즐기기에 최적의 장소로 알려져 있습니다. 또한, 야간에는 경관 조명이 설치되어 있어 낮과는 또 다른 매력을 느낄 수 있습니다. 자전거 도로도 잘 조성되어 있어 벚꽃 라이딩을 즐기기에도 좋습니다.",https://www.instagram.com/p/DH54SUzzMML/
840,20250401,인스타그램,"#피클라이딩 #송추운동벙 . . 오늘 참 많이 떠들어서 기분이 좋네요😄 말 많이 하면 행복한 로만😂  📍트레이드랩앰배서더 📍어럼바이크 📍브레데스테인타이어 📍바이크비트휠셋 📍로터투인파워&큐링 📍피에쓰비, 실카, 노그 📍피지클행주 📍아토벨로  #AURUMBikes #AURUMMagma #어럼  #어럼바이크  #로드자전거 #tradelab_official #트레이드랩 #bikebeat #massstabevodisc #rotor2inpower #vredestein #psb #knog #silca #아토벨로 #atovelo",https://www.instagram.com/p/DH54KRvSg7-/
841,20250401,인스타그램,올해 첫 잔차!  #roadcycling #자전거생활 #bmc,https://www.instagram.com/p/DH53pyQyQmY/
842,20250401,인스타그램,자전거 !!☹️😢,https://www.instagram.com/p/DH53idDSbcA/
843,20250401,인스타그램,#열심히말고꾸준히  #로드자전거 #trekmadoneslr8  #자린이 #로드여신꿈나무   내 목은 어디간겨???🙄 ㅋㅋㅋ  오늘은 🚴‍♀️ 잠실까지 다녀왔기!   대치유수지도 갔지✌️ 400m 한바퀴돌고 퍼짐 ㅋㅋㅋㅋ  돌아오는 길이 멀고도 멀었던 🥲오늘 그래도 늘긴는다  가민마운트 없고 속도 심박도 연결 없고 ㅎㅎ  없는게 더 나을판🤣,https://www.instagram.com/p/DH53jiHymqY/
844,20250401,인스타그램,. #전주#자전거#산악자전거#전주자전거#전주산악자전거#자덕#자덕스타그램#전주로드자전거#로드#로드자전거#bikebox#바이크박스#전주바이크박스#바이크박스인후점#road#roadbike#cycling#cycle#쿼드락#quadlock#쿼드락마운트#쿼드락스마트폰거치대 . . 스마트폰 거치대의 끝판왕인 쿼드락마운트가 입고 되었습니다.. . . 하나둘씩 판매되어서 품절된 제품들이 재 입고 되었죠! . . 내 소중한 스마트폰을 가장 안전하게 자전거에 장착할수 있는.. . . 쿼드락마운트 구입 문의 주세요~ 전북 쿼드락 정식대리점! . . 바이크박스인후점📱010 7155 8557,https://www.instagram.com/p/DH53GVZS0jM/
845,20250401,인스타그램,도시에서 자동차와 같은 호흡으로 자전거 주행. 아주 오랜만에 해봤다.  픽시 탈때 생각이 나서 옛생각에 잠겼다. 게다가 부산이라니.  게다가 바이크패킹이라니. 매번 산으로만 가려고 했는데 이것도 좋았다.,https://www.instagram.com/p/DH53BOiPcem/
846,20250401,인스타그램,"4월 1일 화요일 저녁운동완!!! 어제 월볼샷,스쿼트 때문에 하체가 너무 아팠음😵‍💫😵 감기기운이 살짝있어그런지 땀이 비오듯😭 . . . . . . . . . . #버피 #덤벨스내치 #박스스텝업 #줄넘기 #브이업 #플러터킥 #자전거크런치 #플랭크 . . . . . . . . . . 평균101 최고심박117❤️ . . . . . . . . . . . . . . . #오운완 #크린이 #크로스핏 #크로스핏포트 #crossfit #crossfit_port #wod #fitnessclass #운동스타그램  #성장일기 #운동기록 #건강하게운동하기",https://www.instagram.com/p/DH53BC1Pbsx/
847,20250401,인스타그램,"h stylist 발대식 🚘🖤 이렇게 사진을 잘 찍어주시면.. 다 올려버려요 ( ˃̶͈̀ロ˂̶͈́)੭ꠥ⁾⁾  어제 차를 인수받았습니다 저는 무슨 차를 받았을까요? commingsoon,,♡ (힌트: 나랑 찰떡임)  📷 @raulnoh_ 멋진사진 감사합니다 :)   #현대자동차 #h스타일리스트 #대외활동 #자전거타는여자 #운동하는여자 #웰니스 #웰니스라이프",https://www.instagram.com/p/DH52xMNvhV9/
848,20250401,인스타그램,"🌸 벚꽃 지금이 딱 절정 대구 동촌유원지 다녀왔어요!  금호강 따라 벚꽃이 가득 피어서 걸을 때마다 꽃잎이 흩날리는 게 진짜 영화 속 한 장면 같았어요 🎥🌸  📍 동촌유원지 벚꽃 명소  벚꽃터널 감성 폭발 자전거길 따라 벚꽃비 포토존 다양하고 예쁨 💯 가족, 친구, 연인 누구와 가도 좋아요!  🚗 주차는?  화랑교 북편 공영주차장 이용 주말엔 혼잡할 수 있어서 👉 이른 방문 or 평일 추천!  🍡 먹거리도 굿! 푸드트럭, 분식, 음료 부스까지 있어요 가볍게 벚꽃 피크닉도 가능! 돗자리 챙기면 더 좋아요 🙌  📷 지금 딱 가야 할 대구 벚꽃 스팟! 이번 주말 놓치지 마세요 🌸✨  #대구벚꽃 #동촌유원지 #동촌유원지벚꽃 #벚꽃명소 #봄산책 #벚꽃사진 #대구데이트코스 #벚꽃포토존 #금호강벚꽃길 #대구봄나들이",https://www.instagram.com/p/DH52V19hwMU/
849,20250401,인스타그램,#생일선물#딸스타그램#자전거#웃음함박#벌써#일상스타그램  아 기다리 고 기다리 던 선물 개봉박두!!!!!!!!,https://www.instagram.com/p/DH51Ue5JD8d/
850,20250401,인스타그램,"#협찬 #주식회사켐프  ▫️구매링크 : https://smartstore.naver.com/kemp  🐻‍❄️ “믿고 쓰는 켐프, 현장에서 먼저 인정한 클래스!” - 세라믹 아연도금 제품은 스테인리스나 용융아연도금의 대체제로도 사용될 만큼 기술력이 탄탄해요. 철구조물 현장 보수에도 자주 쓰일 정도로 성능은 이미 입증 완료. 기계나 철재 좋아하는 분들에겐 진짜 필수템!  🐻‍❄️ ROC.3 언박싱부터 감탄! - 패키지가 정말 깔끔하고, 설명서엔 순서가 친절하게 정리돼 있어서 그대로 따라 하면 끝! 도포하고 15분 정도 기다린 뒤, 흐르는 물에 헹궈주면 녹이 슥— 사라지는 마법! 브러쉬나 안 쓰는 칫솔로 살살 문지르면 효과 업! (※ 꼭 물로 마무리 세척 필요해요)  🐻‍❄️ 녹 제거 후에는 재발 방지까지 챙겨야죠? - 같은 브랜드의 GPLUS 아연코팅제로 마무리하면 투명 코팅으로 한 번 더 보호! 내식성까지 높여줘서 오래도록 안심할 수 있어요. 이 루틴, 진짜 강력 추천합니다.  🐻‍❄️ 환경도, 건강도 생각하는 켐프! - 독한 냄새 없이, 피부에 닿아도 걱정 없는 친환경 포뮬러 강한 성능은 기본, 안전성까지 챙겼다는 점에서 일반 제품과는 레벨이 달라요. 무작정 아무거나 쓰면 안 된다는 거, 이제 알겠죠?  🐻‍❄️ 결론은? 만족도 200% ♻️✨ 패키지부터 성능까지 완벽. 한 번 써보면 기분까지 개운해지는 녹 제거 루틴! 몸도 환경도 챙기는 스마트한 선택, 역시 켐프!  ◾️영업정보 ✔️네이버스토어 “켐프” 검색✨    ◾️상품정보 ✔️강력 녹제거 ROC3 록쓰리 켐프 자전거 자동차 금속 스텐 녹제거제 겔타입 : 18,000 (35%할인중)  @kempkorea  #kemp #녹제거 #녹제거제 #자전거녹제거 #화장실청소 #욕실청소 #자동차녹 #공구 #친환경 #인테리어 #켐프#ROC3녹제거제 #친환경세정제 #무자극녹제거 #녹제거꿀템 #GPLUS아연코팅제 #세라믹아연도금 #스테인레스대체 #철구조물보수 #공구러버필수템 #먹푸월드인증제품",https://www.instagram.com/p/DH502x0IsFK/
851,20250401,인스타그램,종만이의  유일한 운동기구 자전거  발바닥에 티눈 군더더기 때문에 슬리퍼가 편하다고 찾아올겸 운동도 할겸 하루포구에  쎈베과자 한봉자 들고  털레털레 오셨다 가셨다  오늘은  여자 이야기는 안하고 그냥 갔다  뭐  네가 알아서 할일이지 나도 종만이 사생활 침해 안하기로 마음 먹었다  나무아미타불 관세음보살 합장 ㅇㄱㄴ,https://www.instagram.com/p/DH505gPs3Y-/
852,20250401,인스타그램,"어제 하루 동안 전 세계적으로 120만 명이 ChatGPT의 이미지 변환 기능을 사용했다고 해요. 그만큼 핫한 기능이죠!  그런데 너무 많은 사람이 몰리다 보니 요즘엔 대기 시간도 길어지고, 저작권 문제로 인해 아예 사용이 불가능한 경우도 종종 생기더라고요.  특정 스타일도 마찬가지예요. 예를 들어 '지브리 스타일'처럼 인기 있는 키워드는 더 이상 직접적으로 사용할 수 없는 경우가 많아졌어요.  그래서 저도  비슷한 느낌을 줄 수 있는 프롬프트는 뭐가 있을까? 그렇게 여러 가지를 테스트해보다가, 영상에서 본 것처럼 “그림일기를 그릴 수 있게 해줘”, “일러스트 스타일로 바꿔줘” 라고 요청하니까, 꽤 귀엽고 자연스러운 결과가 나왔어요.  요즘은 정말 프롬프트 전쟁이네요. 누가 더 상황에 맞는 똑똑한 문장을 짜내느냐가 승부인 것 같아요.  Q: 지금 ‘지브리 스타일’이 안 된다면, 비슷한 느낌을 내려면 어떻게 프롬프트를 써야 할까?  A: ‘지브리 스타일’이라는 단어 자체는 콘텐츠 정책에 걸릴 수 있어요. 그래서 대신 비슷한 감성이나 분위기를 묘사하는 우회 표현을 사용해야 해요. 아래는 지브리 감성을 잘 담아낼 수 있는 프롬프트 예시입니다.  1. 배경 중심  ""부드러운 빛이 비추는 시골 풍경, 울창한 초록 식물들, 바람에 흔들리는 키 큰 풀들, 그리고 빨간 지붕의 작은 집. 전통 일본 애니메이션과 수채화 스타일에서 영감을 받은 그림.""  2. 캐릭터 중심  ""넓은 하늘 아래 들판에 서 있는 긴 드레스를 입은 소녀. 순수하고 호기심 어린 눈을 가진 캐릭터. 파스텔 톤의 색감으로 동화 같은 스타일로 그려진 따뜻한 그림.""  3. 일상적 분위기  ""조용한 마을의 평화로운 오후, 오래된 돌담집, 만개한 꽃들, 맑고 푸른 하늘. 고전적인 손그림 애니메이션 영화의 한 장면처럼 따뜻하고 향수를 불러일으키는 분위기.""  4. 동적인 장면  ""언덕을 자전거로 달리는 여행자. 머리카락은 바람에 휘날리고, 주변은 황금빛 들판과 석양으로 물든 하늘. 부드러운 붓터치와 몽환적인 색감으로 표현된 장면.""  활용 팁  “동화 같은”  “손그림 느낌의”  “따뜻한 색감”  “수채화 스타일”  “몽환적”  “향수를 자극하는”  이런 표현들을 함께 사용하면 지브리 느낌이 물씬 나는 이미지를 만들 수 있어요. 또 “전통 일본 애니메이션에서 영감을 받은” 이라는 표현은 지브리를 자연스럽게 우회 표현할 수 있는 좋은 문구랍니다.  #ChatGPT이미지변환 #AI그림일기 #프롬프트팁 #지브리스타일 #AI일러스트 #그림스타일변환 #ChatGPT활용법 #프롬프트전쟁 #그림일기스타일 #창의적프롬프트 #ChatGPT4o",https://www.instagram.com/p/DH50i4Fyg6L/
853,20250401,인스타그램,"작년 직장과 대학원을 병행하며 주1일밖에 시간이 없던 날 당일치기로밖에 볼 수 없었던 #경주벚꽂  하루밖에 안되는 시간 동안  ✅️#신라한복 도 경험하고, ✅️#황룡원벚꽃 도 촬영하고 ✅️#경주시공영자전거 #타실라 도 타보겠다는 야욕 아래 길을 떠났지만 주말의 많은 인파로 자전거 여행은 무리였고  #스불재 로 신라한복 오염사태까지 생겨 어찌어찌 겨우 복구시키는데 많은 시간을 허비, 한만 생겨서 1년 내내 원귀가 되었습니다👻  민지킴 구마의식 프로젝트를 위해 작년의 후회만 남았던 여행 경험을 죄다 한풀이를 위해 1박하고 드디어 원없이 경주 여행을 즐겼지만‼️  이튿날 감기만 안걸렸으면 더 즐거웠을텐데😆  ❓️여러분은 아쉬웠던 여행경험 복구하기 위해 다시 여행 가본 경험이 있나요?  #경주여행 #벚꽃여행 #황리단길벚꽃 #경주자전거여행 #벚꽃스팟 #경주벚꽃추천",https://www.instagram.com/p/DH5zxo5zNcs/
854,20250401,인스타그램,작년에 한강 산책하다 발견한  벚꽃카페 비에이. 알고 보니 한강 자전거 라이더들에게  성지 같은 카페라고 한다.  한강에서 불어오는 강바람에  날리는 벚꽃비 맞으며  마시는 커피 한 잔이면  세상 모든 걱정이 벚꽃잎과  함께 저멀리 날아간다.  올해도 저곳에 앉아 벚꽃비를 맞고 싶다.  드디어 힘들기도 지치기도 하면서 손꼽아 기다리던 선고일이 나왔다. 제발 기분 좋게 꽃구경하고 아무 생각 없이 차 한 잔 하던 평범한 일상을 돌려주시길 바랍니다.🙏  📍비에이 서울 강서구 양천로67길 93-23 1층 09:00 ~ 17:00 (월 휴무)  #비에이카페 #벚꽃카페 #서울벚꽃카페 #한강카페 #염창나들목 #염창카페 #hanrivercafe #seoulcherryblossom #bacafe,https://www.instagram.com/p/DH5zvSvSU5J/
855,20250401,인스타그램,"HJC 라운지 다녀오기💬 ⠀ ⠀ 급 떨어진 기온에 반빕을 다시 넣어두고 엠뵤 기모빕, 질렛과 긴팔 개시🥶 ⠀ 오돌돌 떨며 갔는데 막상 홍진 라운지 도착하니까 커피 주문은 아이스 ㅎ 딱 질렛 입고 체온 조절하기에 좋은 날씨였다! 물론 눈, 비를 내렸다 멈췄다 무한 반복하는 원망스러운 하늘 빼고😵 ⠀ 🧸 럭키드로우로 헬멧 뽑기를 기도 했지만 아쉽게도 머드가드 ㅠㅠ 집에 3개 있는데.. (HJC 머드가드 수집가 칭호 획득) ⠀ 남은 건 포토 카드 이벤트!! 당첨 되기를🙏🏻 ⠀ @hjcsportskorea  @route6sports  #HJCLOUNGESEOUL #에이치제이씨  ⠀ ⠀ ⠀ 📸 @yt_znk  ⠀ @vlcc.kr  @mbocycling.kr  ⠀ ⠀ ⠀ #자덕 #홍진 #애드왓 #사이클링 #자전거헬멧  #사이클링 #fixedgear #specialized #운동소통  #cycling #cyclinglife #imspecialized #sworks",https://www.instagram.com/p/DH5zhFpS-a9/
856,20250401,인스타그램,"어디든 꽃밭이다. 환하다. 순간순간 참 행복해지는 봄. . 힘듦,아픔,슬픔. 그런 감정은 어디에 명함도 못 내밀겠다. 봄기운 앞에서는. 너무나 따뜻하고,다정해서. 기대어 울고싶은 봄. . 퇴근길.산책길.드라이브길. 다 꽃길이다. . . .  #하늘 #구름의날들 #구름사진 #노을 #sky #제주바다 #자전거여행 #아름다운시절 #한라산 #자전거타기  #구름  #cloud  #제주풍경 #제주도여행 #서귀포여행  #제주살이 #jejudotravel #flower",https://www.instagram.com/p/DH5zb6ty3dv/
857,20250401,인스타그램,". FEATURE | 알고리즘의 선택을 받은 그녀, pami _____  요새 유튜브 알고리즘을 통해 타일랜드 푸켓 출신의 싱어송라이터 Pami(파미)가 주목받고 있어요. 그녀는 2017년 MBO 엔터테인먼트에서 데뷔한 후, 중국의 서바이벌 프로그램 ‘The Coming One’을 통해 프로젝트 그룹 ‘SIS’로 활동하며 활동 영역을 넓히고 있죠. 그리고 이제 2025년, 그녀는 ‘Pity Dirty’라는 곡으로 유튜브 알고리즘 속에서 많은 리스너들을 만나고 있어요. ‘Pity Dirty’는 달빛 아래 외로움, 그리고 누군가에게 기대고 싶은 순간을 담담하게 풀어낸 곡인데요. 자전거를 타는 모습을 은유로 활용해, 자유롭고도 솔직한 만남의 감정을 노래하고 있죠.  이 곡은 사랑이나 운명 같은 거창한 메시지보다는, 한순간의 기분, 밤공기 속에서 피어나는 감정에 집중하고 있어요. “How long can you hold me when we go for a ride”라는 반복적인 후렴은 단순하지만, 듣는 이로 하여금 자연스럽게 분위기에 빠져들게 하고요. 여기에 Pami 특유의 몽환적인 보컬과 세련된 리듬감이 더해져 긴장감과 여유를 동시에 느낄 수 있는 곡으로 완성되었어요.  ‘Pity Dirty’는 그녀가 직접 쓴 노랫말과 멜로디로 만들어진 만큼, Pami(파미)의 취향과 이야기가 고스란히 담긴 곡이에요. 이 곡을 통해 그녀는 평범한 순간도 음악으로 특별하게 만드는 능력을 보여주고 있어요. 유튜브와 SNS를 중심으로 입소문을 타고 있는 ‘Pity Dirty’는 지금 이 순간, 많은 사람들의 플레이리스트에 스며들고 있는 중이죠. 이번 곡을 시작으로, Pami가 앞으로 어떤 이야기를 들려줄지 기대를 해봐도 좋겠네요.  _____  세상과 음악 사이, 그 어딘가를 엿보다 👀 @melocookie_official  l 🎧 pami, “pity dirty”  #파미 #pami #pitydirty #notyet #lie",https://www.instagram.com/p/DH5zaDQzYeU/
858,20250401,인스타그램,#일상 #육아 #66개월 #어린이 #슬유생 #좋은좋 #주말육아 #왕할머니생신 #큰이모네 #외할미네 #여기저기 #이집저집 #홍길동놀이 #그림일기 #첫일기 #강렬함 #기승전아이스크림 .  큰이모네에서 만5세인생 처음으로 그리고 써본 그림일기 🎨  와... 진짜 예상도 못했지만 예상을 벗어나지 않는달까 ㅋㅋㅋ 아니 일주일내내 유치원도 안가고 여기저기 놀러만 다니고  맛있는것도 먹고 재밌는것만 하고 두발자전거도 띠었는데  결국 이 아이에게 남은것은 아이스크림 ㅋㅋㅋㅋㅋㅋㅋㅋㅋ 👍   #존조그램 #2017d #66m9d #존조 #오늘의존조 #순백의존조 #귀요미 #babystagram #패피베베 #이쁜내새끼 #두번째심장 #황금돼지 #백돼지,https://www.instagram.com/p/DH5zScLzLGR/
859,20250401,인스타그램,2025 SEASON ON🐍 올 한해도 행복한 추억 가득하길🌻 벌써부터 즐거움이 몰려온다!!!!!!!!!!!  자전거의 8할은 사람 언제나 좋은 사람들과 함께🫶  #scott #scottbikes #cyclinglife #cycling #cyclingfriends #cyclist #roadbike #bicycle #rapha #로드바이크 #로드싸이클 #싸이클 #자린이 #자덕 #운동하는여자 #자전거타는여자 #오운완 #🚲 #🚴‍♂️ #🚴‍♀️ #🚴,https://www.instagram.com/p/DH5zTFqyVqT/
860,20250401,인스타그램,"2025년 4세교재 [베베꿈틀] ⠀ 🩵놀이하며 배우는 통합놀이 활동 프로그램🩷 ⠀ 📣 3월의 베베꿈틀 교구는 바로 🚲 자전거❗️ ⠀ 아이들이 직접 자전거를 타며 자연스럽게 안전 교육을 배우고, 친구들과 상호작용할 수 있도록 감각적으로 구성된 교구✨️ ⠀ 🏁자전거 대회 놀이로 신나게 달리고, 웃고, 배우며 한 뼘 더 성장하는 🩵하늘 & 분홍반🩷 친구들❗️ ⠀ 즐겁게 놀이하며 자라나는 우리 아이들, 앞으로의 모습도 기대해주세요🥰",https://www.instagram.com/p/DH5yzHKyAGQ/
861,20250401,인스타그램,25.03.24  따뜻하고 바람솔솔불어  뭐할지 고민하다가  동물원 수족관 키즈까페 추울때 너무다녀서  첨으로 호수공원 애기들 자전거와 킥보드 간식싸들고 소풍   생각보다 로운이 루다 너무 즐겁게 좋은시간  아빠 너무 행복했어요 연발하는 로운이  소풍 자주 나와야겠댜  #파주   #일산   #일산호수공원   #소풍   #연년생,https://www.instagram.com/p/DH5yhoMPMsq/
862,20250401,인스타그램,"#협찬 요즘 날씨가 점점 더워지고 있어요.. 외출필수템으로 베베먼트 분리형 유모차 선풍기 쿨바니를 소개해드릴게요ᙏ̤̫  사용연령 0세 어린이 KC 인증, ROHS 인증, 전자파 인증을 받아 신생아도 사용 가능한 안전한 제품이에요.ᐟ.ᐟ  가장 좋았던건 디스플레이가 탑재되어 충전율, 풍량, 회전여부 확인이 가능해서 외출전에 체크하기 딱좋지요❤︎  5mm 촘촘한 안전망으로 아이 손가락 다칠 위험없고 고성능의 BLDC 모터로 소음은 최소화되었고 총 4단계풍량이 있고 회전버튼을 누르면 70도로 회전해요ꕀ  선풍기와 거치대가 분리되고 3개의 문어다리로 유모차 외, 카시트, 자전거, 킥보드, 차량 등 어디든 편리하게 고정할수있고 무드등기능이 있어서 수유등, 아기장난감등 다양하게 사용이 가능해요.  아기외출 필수템 유모차선풍기는 베베먼트로 준비해보세요.ᐟ.ᐟ  📢4/11일 베라쇼 온라인베페에서 만날 수 있습니다❤︎  🏷️ 𝑻𝒉𝒂𝒏𝒌𝒔 𝒕𝒐 @bebement_official  #베베먼트 #베라쇼크루 #베베먼트유모차선풍기 #쿨바니",https://www.instagram.com/p/DH5yNtGTyIn/
863,20250401,인스타그램,"[최저가] 81년전통 국내 1위 삼천리 자전거 오픈! 💥 25년 신상 딩고 디자인 인기만점 캐치티니핑 까지! ⠀​​ 이제 진짜 따뜻해지는 날씨 우리 아이들 매일 나가고 싶어 하죠? ​​​ 그래서 준비했어요!😆​ ⠀​​​​ 킥보드 이제 졸업하고 성장발달에 너무 좋은 자전거 타자! ⠀​​​​​ ✨​전국 삼천리 매장 어디든 AS 가능 ! ​ 매장, 네*버, 쿠* 어디에도 볼 수없던 최저가 가격 ! ​ 인기 많은 디자인은 벌써 품절 임박이니​ 서둘러 주문주세요💓​ ⠀​​​​​​​ ✔️​ 자전거 종류 - 2025년형 딩고(14,16,18,20인치) ​- 2025년형 캐치티니핑(하츄핑/로열)(16,18인치) ​- 2025년형 시크릿쥬쥬(16,18인치) - 클로버(16,18,20인치) - 루트(18,20인치) - 하이킥(14인치) ​​ ✔️​​ 자전거는 미조립 / 90% 조립 선택 가능 - 미조립 : 안전상 전문가 또는 매장 조립을 권장 - (추천)90% 조립 : 핸들, 페달, 보조바퀴 ​간단 셀프 조립​⠀⠀⠀⠀⠀⠀  🛒 공구일정 : 품절시까지 상시 주문 가능⠀  🤍 문의는 댓글에 [ 자전거 ] 남겨 주세요🤍     #아기자전거추천 #첫자전거",https://www.instagram.com/p/DH5yH6pv8dY/
864,20250401,인스타그램,"#팀GB 에디션 브롬톤에 #리어렉 을 장착했습니다.  1) #HNH 경량 리어렉(A타입/블랙) 추가  1-1) 기존 후면 반사판 그대로 이전장착  1-2) 브롬톤 오리지널 #이지휠 보다 베어링이 있어 월등히 잘 굴러가는 #1223 이지휠 SW2 2팩(블랙) 추가   2) 헤드셋이 풀려 있어 재조임   브롬톤 리어렉은 짐 올리는 용도보단 접어서 끌고 다닐 때 편리하며 폴딩 후 넘어지지 않는 지지대 역할이 더 크다고 생각합니다. 하지만 브롬톤 오리지널이지휠은 베어링 없는 잘 굴러가지 않는 구조이므로 베어링 있는 1223이지휠을 적극적으로 추천드립니다. 차이가 매우 크니 만족하실 겁니다. 항상 안전라이딩되세요 :)  더 다양한 작업사진과 부품들 무게사진을 보고 싶으시면 블로그에 방문해 주세요. 아이폰은 프로필 링크 에러가 있습니다 :(  디스크톤, 20인치 튜블리스톤등 독특한 콘셉트의 브롬톤도 제작, 수리하고 싶으시다면 방문해보세요~! 다양한 디스크, 티탄톤을 만나실수 있습니다. #티탄톤수리 #디스크톤 #케이브221 #cave221 #가방클 #브롬톤 #brompton #브롬톤개조 #20인치브롬톤#자전거#브롬핏",https://www.instagram.com/p/DH5yGslT02l/
865,20250401,인스타그램,아직 끝나지 않은 지한이생일 🥰 생일 축하해 많이 많이 많이 많이 ☺️☺️ 올해도 행복만 하렴 지한이는 🤲🏻  . . . #8살생일  #생일선물은자전거,https://www.instagram.com/p/DH5yBfOB0uW/
866,20250401,인스타그램,에휴 자전거 바꿔달라고 노래를 불러서 남편씨꺼 당근 팔고 하나삼ㅋㅋㅋㅋ . #픽시자전거,https://www.instagram.com/p/DH5yGZMz1zM/
867,20250401,인스타그램,"#저녁밥 가족 모두 감자탕 봄동겉절이,봄동무침,도토리묵 한식으로 차려진 저녁밥상 돌잔치 다음날 연차였던 제부는 저녁 먹고 다음날 출근 해야되니 집으로.  남편이 퇴근길에 동생네 가서 택배 받은 자전거 들고와 조립해줘서 잠깐 나가서 산책  푸시카 하나 두려고 했는데 없어도 되겠군 엄청 좋아하네👍  #13세아들 #11세딸 #남매맘 #초딩맘 #김포맘 #주부일상 #삼시세끼 #집밥 #홈쿡 #유아식단 #아이밥상 #식판샷 #엄마밥상 #저녁밥상 #가족밥상 #감자탕 #묵은지감자탕 #홈메이드감자탕 #엄마표감자탕 #봄동요리 #아기반찬 #아기밥 #아기밥상 #아기유아식 #애개육아 #조카육아",https://www.instagram.com/p/DH5xwAoTTwg/
868,20250401,인스타그램,칭구들 만나고 자전거 열심히 타죠따🐴  @batti_jeju  #밭디  #뭉발이랑_제주,https://www.instagram.com/p/DH5xc60TMjJ/
869,20250401,인스타그램,"오랫동안 애용하고 계신 보라톤을 중간점검하면서 부분 업그레이드 진행했습니다. 1) #중간점검 (각종볼트 토크확인, 브레이크 레버간격세팅, 각종 소모품 교체여부확인, 스포크텐션, 스프라켓 풀림 등)  1-1) 볼트 풀림 : 풀린 볼트 없음  1-2) 세팅 이상 : 프런트 브레이크 리턴불량, 프런트 케이블 하우징하단 파손, 리어 힌지 흔들림 감지  1-3) 기타 조치 : 리어샥, 브런트 브레이크, 힌지클램프 스프링부 구리스 도포, 프런트 브레이크 하우징 하단 교체  1-4) 소모품교체확인 : 체인 수명 70%, 브레이크슈 정상  1-5) 추가 요청 : 리어렉 위에 사람이 올라타고 주행하여 점검요청->리어랙 파손 없었으며 머드가드와 타이어 간격이 좁은 부분만 조정   2) 프런트 스포크 2개가 휘었으며 전체적으로 스포크 텐션이 낮은 것을 확인하여 #트루잉 작업   3) 업그레이드  3-1) 브롬톤 C라인 구형 안장을 에디션 안장으로 교체  3-2) 브롬톤 구형 #변속레버 를 신형 변속레버로 교체  3-3) 브롬톤 구형 브레이크 레버에 신형 변속레버를 장착 불가능 하므로 #HNH 브롬톤 벨 고정 아답타 2개(실버) 추가  3-4) 브롬톤 신현 변속레버에 맞는 케이블 방향을 위하여 브롬톤 신형 앵커리지로 교체  3-5) 라이딩 시 바지에 체인오일이 오염되는 것이 싫다고 하셔서 #라이트프로 48T 체인링을 H&H 가드 일체형 #체인링 (44T/블랙)으로 교체  3-6) #브룩스 슬랜더 가죽그립을 브롬톤 오리지널 러버그립 교체   C라인 보라톤으로 오랫동안 라이딩하셨는데 이번에 C라인 에디션을 추가 영입하면서 점검 요청하셨습니다. 브롬톤 신형 부품으로 일부 업그레이드 되었으며 중간점검 시 하자들이 있었지만 크게 파손된 부분은 없어서 다행이었습니다. 불편한 부분과 연식 때문에 염려되었던 부분을 모두 정비하였으니 25 시즌도 즐겁고 안전한 라이딩되세요~!   더 다양한 작업사진과 부품들 무게사진을 보고 싶으시면 블로그에 방문해 주세요. 아이폰은 프로필 링크 에러가 있습니다 :(  디스크톤, 20인치 튜블리스톤등 독특한 콘셉트의 브롬톤도 제작, 수리하고 싶으시다면 방문해보세요~! 다양한 디스크, 티탄톤을 만나실수 있습니다. #티탄톤수리 #디스크톤 #케이브221 #cave221 #가방클 #브롬톤 #brompton #브롬톤개조 #20인치브롬톤#자전거#브롬핏",https://www.instagram.com/p/DH5xOHWTJQh/
870,20250401,인스타그램,#라이딩  옥상 라이더 #즈위프트 라이딩🚴‍♂️  이번주 벚꽃라이딩을 위해서💪💪 . . . . . . . . . . . . . . . . . . . . . . #러닝스타그램#라이딩스타그램#퇴근#운동#스페셜라이즈드#자전거#런린이#헬스#등산#트레일러닝#라파#러너#마라톤#자덕#자린이#러닝#실내운동#홈짐#오운완#오하운#리커버리#근전환#zwift#cycling#🚴,https://www.instagram.com/p/DH5xInWzBd4/
871,20250401,인스타그램,이거 제것 맞아요? 아니 한명 더 들어가도될것 같자나욧!🤨 언짢은 표정의 단지 ㅎㅎㅎ  쏴리쏴리~ ㅎㅎ 자전거도 없음서 자전거용 사놓고  크기도 맞지 않음서 ㅎㅎ 그냥 안락한 카시트를 사주고 싶었을 뿐이고 솜댕이나 포켓 사이즈인걸 알면서도 삿을 뿐이고. 걍 디피용이다 하자~ㅎㅎㅎㅎㅎㅎㅎ  택배는 사랑잉께~ 언짢은 표정 풀어래잉~ ㅎㅎ  😅🙈오비츠11용 아님주의!!  #인형옷온라인클래스카페 #피포스돌#piposdoll #인형#구체관절 #핸드메이드#Handmade #파올라레이나 #Paolareinadoll#paolareina #인놀러#인형놀이#dollstargram #인형옷#인형신발#인형소품 #Doll#人形#パオラレイナ #関節人形#保拉雷納 #Jointdoll#ПаолаРейна #кукла#паоларэйна #Кукольный реквизит #리카#블라이스#오비11,https://www.instagram.com/p/DH5w9v5PvGz/
872,20250401,인스타그램,💚 자연과 멀어지면 병원과 가까워진다. [법정스님의 말씀] 한작가 제안으로 간직하게 된 아름다운 우리동네 스냅사진❥ 쌩~ 달리던 자전거를 멈추게 만든 봄내음 물씬한 한강공원:),https://www.instagram.com/p/DH5w8NQPXkU/
873,20250401,인스타그램,봄 속으로 빠져든다 4월의 봄은 꽃이 주인이다 어딜가도. 봄꽃들의 향연 미세먼지로 2%부족하지만 4월의 봄은  충만한 만족감을 선사한다 출사가기 좋은 4월이다 라이딩하기 좋은 4월이다 새로운 한달 4월을. 시작하여  #봄봄봄#봄의향연 #꽃들의계절 #4월의시작 #출사가기좋은날 #자전거라이딩#세미출사 #봄을담다#나들이,https://www.instagram.com/p/DH5w84xTEnW/
874,20250401,인스타그램,"2025.3.31_월요일#🎥#🎂 벚꽃이 휘날리던 3월에 태어나 봄을 닮은 따뜻한 아이가 어느덧 자라서 10살 승현이라니 건강하고 예쁘게 자라주어 고마워 아들🩵  주말 할머니의 첫 기일이라 승현이 생일 언급 금지였는데,  가족 모두가 남원에 다녀와서 우렁아빠와 승리는 풍선을 붙이느랴 고생하고, 엄마는 생일 미역국이라도 챙겨주려고 자전거 타고 고기랑 생일케이크 사러 다녀와서 부랴부랴 준비한 승현이의 생일상. 영어책에 나오는 주인공 Mary’s birthday surprise 처럼 준비하긴 했는데 부족했지만,  즐겁게 마무리한 2025년 3월 31일의 가족파티  둘째는 두시간이라는 짧은 시간내에  형아의 파티준비하는 과정이 힘들었던지,  “엄마! 돌아오는 내 생일날은 외식해도 괜찮아요!”  고마워! 둘째 (둘봄이) 꽃 승리야 사랑해! 첫째 (봄봄이) 승현왕자야 반짝반짝 빛나는 나의 다이아들  소박하고 평범한 일상을 그리는 일  그렇게 하루를  정성을 다해 살아가요. 연년생 아들과 살아가기를 함께  공감주실분 팔로우 좋아요💙  🩵 @twoyou_sunny . . . #봄이둘일상#happybirthday #10살생일#태어나줘서고마워 #연년생형제#승리형제",https://www.instagram.com/p/DH5uXEDT-ey/
875,20250401,인스타그램,#벚꽃라이딩 #바람싫어   🌸🚵‍♀️따르릉 따르릉 벚꽃라이딩 히힛 자전거 세우고 혼자 사진찍기놀이 지나가던 알록달록 트랙님 감사합니다😁 자전거 세우시고 사진찍어드릴까요 하시더라는..  #벚꽃#예뻐#낙동강종주길 #자이언트프로펠 #혼라이딩#쏠라  #대구#현풍테크노폴리스#1985년 #수영#마라톤#헬스#자전거#철인3종 #등산#운동하는여자#아들맘 #먹스타그램#비숑,https://www.instagram.com/p/DH5wcgoz9Ab/
876,20250401,인스타그램,"#팔당나들이 . . 오팔당가서 밥먹규, 면포도궁 티타임👋 면포도궁은 댕댕이 환영! ㅋㅋㅋ 아이유 겁나 힘들었는데 사진속 표정은 세상 해맑구나🤣 다리가 땡땡하더니 아이유 넘어가는데도 천근만근😭 바람막이 풀어헤치고 달리니깐 머리카락이 지퍼에 꼬여서 따갑닼ㅋㅋㅋㅋㅋ  땋아줘야지 ㅠㅠ  자꾸 까먹으면 조만간 머리카락 다 뜯길듯... . 오늘의 착장은 @lameda_korea 셋팅👍 날씨도 세상 화창하고 딱 적당히 따땃하니 넘 좋았다❤️ . 📸@pizza_rider35 . #라이딩스타그램 #한강라이딩 #라이딩그램 #로드타는여자 #로드자전거 #로드모임 #화요미 #자전거타는여자",https://www.instagram.com/p/DH5wSzlzky_/
877,20250401,인스타그램,"(저장/공유) 경주 벚꽃 여행 이걸로 종결🌸  ✨직접 가보고 좋았던 인생샷명소, 맛집 정리해놨으니 삿포로 계획중이신분들은 저장하시고 참고해주세요✨  📍Day1  -신라고택 숙소 <황리단길 10만원대 가성비 한옥숙소> -로드포레스트 <유럽+한옥 인테리어의 벚꽃뷰카페> -황룡원 <경주 벚꽃 1티어 인생샷 명소> -보문정 <벚꽃+호수+정자 산책하기 좋은 벚꽃 명소> -보문호 <자전거,스쿠터,차 한바퀴 돌기좋은 드라이브 코스> -포롱아밀 <황리단길 우대갈비 맛집> -바이닐바이브 <헤드셋끼고 듣는 lp카페> -동궁과월지 <경주 야경 명소> -오니 <분위기 좋은 황리단길 이자카야> -황남주택 <야장하기 좋은 황리단길 맛집>  📍Day2 -동궁 <순두부짬뽕> -대릉원 <벚꽃구경> -첨성대 <경주하면 빼먹을수없는 스팟 -황리단길 구경 -10원빵,황남쫀드기 먹어보기 -녹아 <말차라떼집> -월정교 <산책하기 좋은 벚꽃스팟>  더 많은 여행정보 @zzangu_pic 팔로우🤍 경주 여행정보🤍 #짱구픽_경주  -  #경주여행추천 #경주여행코스 #경주벚꽃 #경주벚꽃명소 #경주야경 #경주여행지 #벚꽃여행",https://www.instagram.com/p/DH5vpp7yXq_/
878,20250401,인스타그램,"너랑나랑 아이와 제주여행지🌼 차차와 세번째 제주도 여행도 성공적🥰  아이와 방문하기 좋았던 제주 여행지 공유해요 공유 및 저장하고 필요하실때 꺼내보세요💛  어제 올린 제주신화월드 10만원대 특가는 오늘까지♥️ (워터파크+놀이공원+수영장 무료 포함 5성급 리조트)  ▫️목장카페 밭디  넓은 초원에서 동물들과 교감하며 먹이 주기 체험과 승마, 자전거 타기 가능한 한적한 감성 목장 카페  ▫️너와의 첫 여행 감귤체험카페  감귤 따기 체험이 가능한 카페로 예쁜 포토존들 까지 (청귤 8-9월, 감귤 10-3월, 그외 꽃시즌)  ▫️아침미소목장  젖소 먹이 주기, 우유 짜기 체험 목장 유기농 우유 아이스크림, 카이막 등 맛볼 수 있음  ▫️헬로키티 아일랜드  헬로키티 테마로 꾸며진 실내 전시 및 키즈 카페 공간으로 볼거리가득! 산리오 좋아하는 아이들 꼭가보기!  ▫️뽀로로&타요 테마파크  뽀로로와 타요 캐릭터를 테마로 한 실내외 놀이공원 아이들 놀거리와 공연 등 다양해서 좋았던곳  ▫️녹산로 조랑말체험공원  제주 자연 속에서 조랑말 타기 체험을 할 수 있는 곳 벚꽃과 유채꽃과 어울러진 녹산로 풍경도 아름다움  ▫️에코랜드테마파크 알록달록 미니 기차 체험과 아름다운 자연풍경 자연 속 놀이시설을 갖춘 가족형 테마파크  ▫️휴애리 자연농원  계절마다 다양한 꽃 축제와 동물 먹이 주기 체험이  가능한 제주 대표 자연 체험 농원  ▫️카페 소색채본 유채풍경이 아름다운 지금 제주에서 가장 핫한 카페  #제주갈만한곳 #제주여행 #아이와제주여행 #아이와갈만한곳 #제주아이와갈만한곳 #제주카페추천 #제주유채꽃명소",https://www.instagram.com/p/DH5v3XVzT3K/
879,20250401,인스타그램,업힐도 놀면서 타면 재밋게 탈 수 있다구요 ➰  #업힐라이딩 #라이딩 #로드사이클 #자전거타는여자,https://www.instagram.com/p/DH5vGogyPAV/
880,20250401,인스타그램,"이미 그녀는 완성된 보석이었습니다. 💎 그러나 그녀는 멈추지 않았습니다. 더욱 빛나기 위해 저희 @bispoke_seoul 을 찾아주었고, 그 기대에 화답하기 위해 함께 연마를 시작했습니다.  그 순간, 그녀는 더욱 눈부신 빛을 발하기 시작했습니다. 빛나는 도전, 그리고 끊임없는 성장.  서울시청 여자사이클팀 송수민 선수 @s_suman03  당신의 열정과 도전을 응원합니다. 더 높이, 더 멀리, 더욱 찬란히 빛나길 바랍니다.🙌🏻  믿고 맡겨주신 @seoulcycling_womens 🇰🇷 구성은 코치님께도 @sungeun_gu84 감사 말씀 전합니다.👏🏻 . . . . . #비스포크서울 #bispokeseoul #서울로드바이크전문샵 #자전거피팅전문샵 #사이클의기본 #피팅의본질 #사이즈자세피팅 #사자피 #피팅보다자세 #자세보다사이즈 #자전거피팅 #바이크피팅 #비스포크피팅 #사이클컨설팅 #서울시청여자사이클팀 #송수민선수",https://www.instagram.com/p/DH5vgQbSGn4/
881,20250401,인스타그램,호시하나 리조트에 머무는 동안 두 가지 타입의 방에서 지냈다. 독채만 있는 리조트라 프라이빗하게 보낼 수 있어 좋았고 시내와 떨어져 조금 더 치앙마이의 자연을 가까이 만날 수 있는 곳이라 좋았다🍃새소리와 귀여운 고양이들과 함께 하는 여름방학 같은 순간들. 특히 대청마루 같은 공간이 참 좋았다. 리조트 체크 인 전 편의점 잔뜩 털어서 들뜬 맘으로 들어간 즐거운 기억이 떠오르네🧺 리조트 자전거도 빌려서 로컬식당도 가고🚲 휴식다운 휴식이었다 #시나치앙마이,https://www.instagram.com/p/DH5vB1OJtoX/
882,20250401,인스타그램,"지브리 필터 필요없는 경주 숨은 스팟🫧 🌸벚꽃과 🌼개나리 🚲자전거가 만나니 동화 같죠-!! 자전거를 타고 여기저기 돌아다닌 덕분에 만날 수 있었던 정말 그림같았던 곳...ᰔ 벚꽃 나무들 옆으로 자전거 길이 쭉 이어져있어서 타는 내내 행복하더라고요✨게다가 주민들만 운동하고 산책하러 나오는 곳이라서 관광객도 없음!!  매년 새로운 벚꽃 스팟 찾는 재미가 있는 벚꽃왕국,,경주💗  📍경주 알천",https://www.instagram.com/p/DH5uxt-hmHb/
883,20250401,인스타그램,"이미 그녀는 완성된 보석이었습니다. 💎 그러나 그녀는 멈추지 않았습니다. 더욱 빛나기 위해 저희 @bispoke_seoul 을 찾아주었고, 그 기대에 화답하기 위해 함께 연마를 시작했습니다.  그 순간, 그녀는 더욱 눈부신 빛을 발하기 시작했습니다. 빛나는 도전, 그리고 끊임없는 성장.  서울시청 여자사이클팀 송수민 선수 @s_suman03  당신의 열정과 도전을 응원합니다. 더 높이, 더 멀리, 더욱 찬란히 빛나길 바랍니다.🙌🏻  믿고 맡겨주신 @seoulcycling_womens 🇰🇷 구성은 코치님께도 @sungeun_gu84 감사 말씀 전합니다.👏🏻 . . . . . #비스포크서울 #bispokeseoul #서울로드바이크전문샵 #자전거피팅전문샵 #사이클의기본 #피팅의본질 #사이즈자세피팅 #사자피 #피팅보다자세 #자세보다사이즈 #자전거피팅 #바이크피팅 #비스포크피팅 #사이클컨설팅 #서울시청여자사이클팀 #송수민선수",https://www.instagram.com/p/DH5ucTESVK6/
884,20250401,인스타그램,"나도 한강 자전거 데이트 하고 싶은디  승연쌤이 해 준 머리하고 갈 곳이 없네,,  #koreangirl #fyp",https://www.instagram.com/p/DH5uKYoJg01/
885,20250401,인스타그램,이거 검정고무신에서 봤던 상황이랑 비슷한데??😂  1 - 자전거 도둑맞음(몇일동안 찾아다녀도 안보임) 2 - 자전거 가져갔던 사람이 우리 아파트에 타고와서 주차해놓음 3 - 딱 그 시간에 그 앞을 지나가다가 우연히 발견 4 - 다시 우리가 가져옴ㅋㅋㅋㅋ,https://www.instagram.com/p/DH5tdQCBYJs/
886,20250401,인스타그램,"지방에서 택배로 보내주신 #블루락커 #P라인 4단을 #7단 으로 업그레이드 진행했습니다.  1) 외장 4단을 #7단 구동계로 교체(교체 전 부품은 P라인 오리지널 부품)  1-1) 2~7단 용 #HNH 드레일러, 체인 텐셔너 세트(블랙)  1-2) 가성비 있는 H&H 7단 플라스틱 SQT #변속레버 (우측)  1-3) 11~28 구성으로 평지 업힐 모두 편안한 H&H 유니바디 7단 스프라켓(블랙)  1-4) #KMC 11단 체인  1-5) 1단 변속 시 리어브레이크 케이블과 체인이 접촉되므로 케이브 3D 브레이크 가이드 추가   2) 작은 내경 와셔로 세팅되어 변형되고 있던 리어 와셔를 정상적인 큰 내경 와셔로 교체  1단 스프라켓을 21T로 키워도 업힐이 힘들다면 더 큰 스프라켓으로 교체하여 가벼운 기어비로 변경하면 됩니다. 브롬톤 4단 드레일러는 최대 스프라켓 사이즈가 21T 이므로 더 큰 스프라켓은 서드파티 드레일러로 교체하면 됩니다. 서드파티 드레일러와 체인텐셔너는 7단까지 가능하므로 단수를 늘려주면 더 촘촘한 기어비를 구현하여 장거리, 업힐 라이딩에 피로도를 줄일 수 있습니다. 28T까지 커진 스프라켓으로 업힐도 쉽게 올라가실 겁니다. 에어캡으로 잘 포장해서 보내드렸으니 변경된 기어비로 즐거운 라이딩 하세요~!  더 다양한 작업사진과 부품들 무게사진을 보고 싶으시면 블로그에 방문해 주세요. 아이폰은 프로필 링크 에러가 있습니다 :(  디스크톤, 20인치 튜블리스톤등 독특한 콘셉트의 브롬톤도 제작, 수리하고 싶으시다면 방문해보세요~! 다양한 디스크, 티탄톤을 만나실수 있습니다. #티탄톤수리 #디스크톤 #케이브221 #cave221 #가방클 #브롬톤 #brompton #브롬톤개조 #20인치브롬톤#자전거#브롬핏",https://www.instagram.com/p/DH5tYo4Twp0/
887,20250401,인스타그램,여러분들은 자전거 타이어 바람 어떻게 넣으세요? 인친분 피드보고 저도 사용해봤는데 Cycplus AS2 Pro 신세계를 경험했습니다🤩 어렵게 펌프사용말고 스마트하게 가시죠! . . . . . . . #자덕 #사이클 #로드바이크 #픽스 #자전거 #자전거펑크  #cycle #cycling #roadbikes #bikes #cycplusas2pro #자전거펌프,https://www.instagram.com/p/DH5so6sSsud/
888,20250401,인스타그램,[ 퀄리스포츠의 2025년형 16인치 자토바이 엑스트론 미니 ]  컴팩트한 디자인과 강력한 성능으로 도심 주행과 휴대성을 중시하는 라이더들에게 최적화된 전기자전거입니다. 주요 특징은 다음과 같습니다:  강력한 모터와 배터리: 500W 출력의 모터와 48V 20Ah 삼성 셀 배터리를 탑재하여 최대 약 120km까지 주행이 가능합니다.   안정적인 주행: 16인치 4.0 팻타이어와 전·후방 서스펜션을 적용하여 다양한 노면에서 안정적이고 편안한 승차감을 제공합니다.   향상된 제동력: TEKTRO 유압식 디스크 브레이크를 적용하여 우수한 제동력을 제공합니다.   편의성: 컬러 LCD 계기판과 키박스가 추가되어 주행 정보 확인과 도난 방지 기능이 향상되었습니다.   이러한 특징들로 인해 엑스트론 미니는 휴대성과 성능을 모두 갖춘 전기자전거로 많은 사랑을 받고 있습니다.  2025년형 퀄리스포츠 엑스트론 미니 자토바이 출시  민재자전거 엑스트론 미니 블랙 골드 리미티드에디션 출시   본제품은 한정 수량으로 제작되었습니다.   🚲 용인 수지 죽전 MJBIKE [ 퀄리스포츠 ]  엑스트론 미니 🚲  ~ ☆ 민재자전거 ☆ ~  《《《 퀄리스포츠 전기자전거 용인 수지 죽전점 》》》  (  퀄리 엑스트론 미니 블랙골드 리미티드 에디션 출고 )  16인치 자토바이 입고 한정판 리미티드 에디션 입고  다른 판매점에서는 볼수  없습니다. 전국에서 딱 3곳에서 만나 보실수 있는 한정판 16인치 자토바이 입니다.  《《《 04월 01일 기준 엑스트론 시리즈 매장 재고 》》》  [프로S] 블랙 그레이 화이트  [ 프로 ] 화이트 블랙 그레이  [프로 미니] 화이트 20A 블랙 20A  [시티] 블랙 그레이  [투어] 블랙 그레이  [엑스트론 미니] 그레이 블랙골드 에디션   ♧ 16인치 엑스트론 미니 자토바이 블랙 골드펄 리미티드 에디션 ♧  한정판  입고 되었습니다. 제품이 한정    수량 이라서 빨리 오셔서 구입하셔야 합니다.  [  프레임 블랙색상에 골드펄이 들어가 있습니다. ]   ☆퀄리 엑스트론 시리즈 쭉~  출고중 입니다. ☆   올해 인기 많은 전기자전거 입니다. 가격 대비 가성비가 좋은 제품 입니다. 모터 48V500W 국산배터리 KTX 48V20Ah  ( 누구나 편하게 타실수 있는 20인치 광폭타이어 전기자전거 입니다.승차감이 좋고 높은 경사 언덕에서도 운행 하시는데 전혀 문제 없습니다. 국산 KTX배터리 레저용 마실용 배달용 출퇴근용으로 추천 드립니다. )  25년 퀄리 엑스트론 시리즈  인기는 계속 될 예정 입니다.  가성비 좋은 신제품이 계속 나옵니다. 연락주십시오.^^  ※ 전기자전거 전문 용인 수지점 ※ 민재자전거  ♧ 10개 브랜드 취급점 외 다수 ♧  《 매장에 엑스트론 시리즈 외 다수 제품 재고 있습니다. 전기자전거 80만원 초반 가격대 부터 매장 재고 보유 하고 있습니다. 》  ■ 자전거의 모든 것 MJBIKE ■  [ 자전거 전기자전거 판매 수리 정비 전문점 ]  ☆~즐겁고 안전한 자전거 운행을 도와드리는데 최선을 다하겠습니다.~☆ MJBIKE    MJBIKE 책임감을 가지고 판매 및 정비를 하고 있습니다.^^~  ■ MJBIKE 찾아오시는길 ■  용인시 수지구 대지로 3번길 41( 죽전동1080-5 )  < 죽전동성1차 후문 탄천길 옆 / 죽전체육공원 맞은편 / 죽전역10분거리 / 대지로3번길 자전거도로 옆>  ※ 문의전화 ※  031 - 265 - 3522  🔻 민재자전거 04월 매장 영업 시간 🔻  🚩  《월요일/화요일/수요일/목요일/금요일 》 --> 11시00분 ~ 19시00분  《 토요일 》 --> 10시30분 ~ 20시00분  🚩  휴무 :  매주 일요일   #MJBIKE #민재자전거 #죽전자전거 #수지자전거 #죽전전기자전거 #수지전기자전거 #전기자전거전문점 #수지전기자전거전문점 #죽전자전거수리 #수지자전거수리  #죽전전기자전거수리 #수지전기자전거수리 #자전거세차 #자전거수리 #엔진11 #예거자전거 #사바코리아 #비올리바이크 #매디슨바이크 #모토벨로 #AU테크 #퀄리스포츠 #벨로스타 #볼트몬스터 #마이벨로 #이지라이드 #에코드라이브 #볼트몬스터 #한국자전거정비협회,https://www.instagram.com/p/DH5tK4vSXPK/
889,20250401,인스타그램,"#협찬 × @wisdomhouse_kids  시간 마법으로 수많은 독자를 사로잡은 「십 년 가게」 일곱 번째 이야기  차분하고 단정해 보이는 겉모습과는 달리, 정리정돈에는 영 소질이 없는 십 년 가게 때문에 모든 일이 시작되었지요. 마법으로 교환해서 맡았거나 주인이 찾아가지 않아 거둔 물건들로 가게 안이 꽉 차 버렸거든요. 물건이 쌓이다 못해 천장까지 가득 차고, 입구를 막을 정도가 되자 고양이 집사 카라시는 폭발하고 말았어요. 물건을 정리하지 못하면 버려야 하는 긴급 상황! 그렇게 십 년 가게 최초로 깜짝 세일이 시작되었습니다.  사랑하는 여동생의 건강을 바라는 마음을 담아 키운 딸기, 아들을 향한 집착과 애증을 가득 담은 로켓 펜던트, 겉보기에는 녹슬고 낡았지만 놀라운 비밀을 감추고 있는 초록색 자전거 등 누군가의 운명을 완전히 바꿔 버릴 물건들이 십 년 가게에서 새로운 주인을 기다립니다. 게다가 뜻밖의 약혼 소식으로 마법 거리는 시끌시끌해지는데..  오래 간직하고 싶거나 버리지 못하는 누군가의 물건을 시간 마법으로 보관하는 곳 [십 년 가게] 간절한 마음과 수명반년을 준비해야 한다는점이 조금 무섭(?)기도 하더라구요. 십년 가게에 찾아오는 손님들의 이야기를 보며, 수명의 일부와 맞바꿀 만큼 소중한 가치가 나에게는 무엇인지 고민해 볼수 있을꺼 같아요.  ▶️ #위즈덤하우스 @wisdomhouse_kids  #나는엄마다7기 #나는엄마다 #십년가게 #십년가게7 #십년가게시리즈 #판타지소설 #초등추천도서  ✍이 책은 출판사에서 제공한 도서를 읽고 솔직하게 쓴 후기예요",https://www.instagram.com/p/DH5tAATp3wn/
890,20250401,인스타그램,"경주에서 만난 새로운 봄 #경주벚꽃 #오릉돌담길 🌸  어제 오후, 경주의 오릉 돌담길에서 올해 봄의 따뜻한 장면들을 담았습니다.  하얗게 피어난 벚꽃 아래, 자전거 소리, 바람 소리, 그리고 햇살까지 모든 게 잔잔하게 마음에 스며들던 시간이었습니다  이번 주말 혹은 평일, 조용한 봄 산책을 원하신다면 이 길 위를 추천드려요!  📍 경주, 오릉 돌담길 📸 2025.03.31 오후 (어제)  ——  A New Spring Found in Gyeongju, “Oreung Stone WallRoad” 🌸  Yesterday afternoon, I captured warm scenes of this year’s spring along the stone wall road near Oreung in Gyeongju.  Under the white blossoms, the sound of bicycles, the breeze, and the sunlight everything quietly settled into my heart.  If you’re looking for a peaceful spring walk, I recommend this path, whether it’s over the weekend or during the week.  📍 Gyeongju, Oreung Stone Wall Road 📸 Afternoon of Mar. 31, 2025 (Yesterday)",https://www.instagram.com/p/DH5s4aDxktX/
891,20250401,인스타그램,"벚꽃 보며 하늘자전거 탈 수 있는 가야랜드 🎡💗   너무 궁금했던 벚꽃에 둘러쌓일 수 있는 가야랜드의 하늘자전거  그러나 4.1일 기준 풍성하지 못해 조금 아쉬웠는데요 ㅠ (해가 잘드는 곳만 빵실)   이번주 내내 날이 따듯하니 이번 주말은 더더욱 빵실빵실 팝콘을 볼 수 있지 않을까해요!   하지만 주말엔 많은 인파가 몰릴 것으로 예상되느 빠르게 방문하는 것을 추천드리며 자전거는 생각외(?)로 힘드니 마음 단단히 먹고 탑승하기~!   🔖가야랜드  매일 10:00-17:30  입장권:7,000원 / 1회 탑승권 3,000원  탑승권은 입장 후 키오스크에서 구매가능",https://www.instagram.com/p/DH5s6U5Pzdn/
892,20250401,인스타그램,요새 바람이 너무한듯. 갈때는 측풍 ㅡㅡ 올땐 역풍 @@ 이러면 반칙!!! 생존의 에어로 ㅋㅋㅋ #마린마크포 #자덕 #자전거 #취미 #자덕스타그램 #자덕그램 #로드자전거 #운동 #취미스타그램 #운동스타그램 #일상 #일상그램 #오운완 #데일리 #데일리스타그램 #해병 #해병대 #대한민국해병대 #해병모자 #해병대스냅백 #해병비니 #해병양말 #해병대출신선물용 #해병대선후임동기모임선물용 #해병대남친선물 #좋아요 #좋아요그램 #좋아요반사 #좋반 #좋반테러,https://www.instagram.com/p/DH5s9JKv1WC/
893,20250401,인스타그램,"#_ 바이크팩  두 바퀴의 라이프를 위해 제작된 텐트 🚴‍♂️ 수상 경력에 빛나는 오리지널 제품에서 자전거 전용 기능, 넓은 헤드 공간, 한 손으로 쉽게 사용할 수 있는 지퍼와 모든 장비를 넣을 수 있는 진정한 직사각형 바닥 등 스마트한 디자인 디테일로 한 단계 업그레이드된 허바 허바 바이크팩 텐트를 만나보세요  #MSR#바이크팩 #올리브컬러텐트 #야외취침#알파인텐트  #백팩킹텐트#경량텐트 #시에라아웃도어광명점🌈",https://www.instagram.com/p/DH5su5Pvewv/
894,20250401,인스타그램,"봄부터 날씨가 더워진다는 기사 보셨나요~~?! 작년에도 더워서 외출하기 너무 힘들었는데 이번 여름에는 더~욱더 덥다고 하네요ㅠㅠ 이젠 선풍기없이 외출은 너무 힘들다구요!  열이 많은 아기들은 밖이든 집안이든 선풍기 필수예요 ❤️  유모차, 아기자전거, 킥보드 어디든 고정해서 사용할 수 있답니다 🫶🏻  전자파 걱정이 없는 네이버 판매량 1위, 후기 만이천개 이상! 몽쿨 유모차 선풍기 공구가로 만나보세요 : D  ✨몽쿨유모차 선풍기 check point ✨  - 몽쿨 수면풍 기능 (유아의 호흡에 집중한 유아공학적인 바람)  - 자동회전 기능  - 위험 날개 없는 바람  - 만능 거치대  - 2025년 신형 BLDC모터 장착  - ABS소재  - 고성능 보호회로 장착 대용량 배터리  🤍 공구기간: 04/01~14일(일) 🤍 배송기간: 오후 4시이전 주문 당일출고  🍓 구매문의는 댓글, 디엠주세요",https://www.instagram.com/p/DH5szL6SmmK/
895,20250401,인스타그램,발가는대로 마음가는대로 양평 20km 롸이딩🚴‍♀️with 승민🩵  4월 1일부터 허벅지 호달달...🫠😇  #자전거 #두물머리 #팔당,https://www.instagram.com/p/DH5sCLYS9b9/
896,20250401,인스타그램,". 바이크드림 칠곡점 문의 : 053-314-9199 트렉 도마니 AL2 출고 한지 30분만에  트렉 에몬다 SL5로 기변!!  도마니 미주행이라 반품 후 에몬다 출고되었습니다. 할인 행사 중인 에몬다 SL6 PRO, 에몬다 SL6 Etap, 에몬다 SL6 di2, 마돈 SL6 6세대, 마돈 SL6 7세대 등도 있으니 편하게 문의 주십시요^^ . #대구바이크드림 #바이크드림 #바이크드림칠곡점 #대구자전거 #로드바이크 #픽시 #MTB #칠곡자전거 #자전거추천 #어린이자전거 #대구트렉 #트렉로드바이크 #트렉MTB #대구엘파마 #엘파마 #로드너 #엘파마로드너 #트렉 #TREK #ELFAMA",https://www.instagram.com/p/DH5r4iWxxoz/
897,20250401,인스타그램,"2025 크릿디 블루스킨💙출고  국내 품절로 인해, 오랜 기다림을 보내고 도착한!! 2025년식 #엔진11 크릿디 모델이 출고되었습니다:)  ➿블루스킨 L사이즈➿ ➿스트랩 추가 장착➿  예약건 순서대로!! 출고하고 있습니다🔥 조금만 기다려주세요🥺  앞,뒤 브레이크 모두 장착하여, 출고하고 있습니다! 항상 안전하고 즐거운 라이딩 되시길🙏🏻  ⚙️고잔역 2번 출구(도보 5분) ⚙️영업시간 12:00~20:00 / 매주 일요일 휴무💡 📮1:1 오픈카톡: SBK심즈바이크 / ☎️070-4129-7803  #심즈바이크 #안산자전거 #안산픽시 #픽시 #픽시자전거 #크릿디 #블루스킨 #픽시추천",https://www.instagram.com/p/DH5ru4eSmDV/
898,20250401,인스타그램,"엔비 SES 4.5 DISC 이너드라이브 휠셋을 구매 하시면 포가차 TDF 우승 데칼킷을 증정 합니다. 스램XDR 또는 시마노HG 바디 즉시 출고 가능 합니다. 소비자가격 468만원 네이버에서 ""더사이클러리"" 또는 ""봉크마켓""을 검색하세요. . . 울산 엔비 공식 스토어 더사이클러리/봉크마켓 052)276-1002 . . #더사이클러리 #봉크마켓 #엔비ses4.5 #엔비휠셋 #카본휠셋 #자전거매장 #자전거휠셋 #울산자전거매장",https://www.instagram.com/p/DH5rtAfPYvP/
899,20250401,인스타그램,"함께 걷는 길🌱  나다운 것이 무엇인가에 대한 답은 어렵지 않았다.  그간 살아오면서 내 시선을 오래 잡아두었던 것들,   예컨대 골목 담벼락에 피어있는 능소화라든가,  길모퉁이에 멍하니 서 있는 자전거,  주황의 석양을 바라보는 연인의 뒷모습 같은 것들.  그런 시선이 하나둘 모여 나의 취향이 되었고  그런 취향이 하나둘 모여 나의 일부가 되었다.  그때마다 느꼈던 정서들은 일상의 정서로 스며들어  의식하지 못한 사이에 생경한 감정을 느끼게 했다.   하나의 색으로만 보였던 하루가 나다운 색으로 칠해져  보통의 날들이 조금은 소중해진 것이다. 요즘의 나는 사진을 찍을 때 이런 생각을 한다.  비록 내가 담기진 않지만 이건 나를 찍는 거라고.   내 존재의 일부가 한 장에 옮겨지는 거라고 힘주어 이야기한다.  덕분에 사진을 찍는 시간이 나를 알아가는 시간이 되고,  그 시간 동안 나의 세계가 조금 더 확장되는 경험을 한다.  #소란하지않은날_홍중규 #언니들의뒷모습을담으며",https://www.instagram.com/p/DH5rsAaS4cl/
900,20250401,인스타그램,"《기발한 생각 유레카!》를 AI 도구에 넣어봤더니? 🤖  《기발한 생각 유레카!》를 세계 최고의 AI들에게 한번 보여줬어요. 과연 이 똑똑한 AI들은 어떤 평가를 내릴까요? · · *ChatGPT는 과학과 역사의 연결고리를 발견했어요.  ”AI 시대에서 과학은 생존의 기본 언어이고,  역사는 그 언어를 해석하는 지혜다.“  그러니까 둘 다 배워야 미래를 제대로 준비할 수 있다는 거죠! · · *DeepSeek은 더 깊이 들어갔어요.   ”과학적 사고와 역사적 통찰이 결합될 때,  AI 시대에서 차별화된 가치를 창출할 수 있다.“   과학은 삶을 바꾸는 열쇠,  역사는 미래를 예측하는 나침반이라니... 멋진 비유죠? · · *Claude는 더 실용적인 관점에서 바라봤어요.   ”자전거, 비누, 전구 같은 과거의 발명은  AI, 로봇, 양자컴퓨터 같은 오늘날의 기술이  우리의 삶을 어떻게 바꿀지 예측하게 한다.“   변화의 시대에 아이들이 주도적으로 살아가려면  이런 통찰력이 필요하다고 해요.  세 AI 모두 《기발한 생각 유레카!》가 아이들에게  미래를 살아갈 지혜를 준다고 입을 모았어요.   AI도 인정한 유레카!, 우리 아이들에게 어떨까요?  *구성 및 추천 연령 📖 전 10권 (본 책 8권+문해력 활동책 2권)  👦 7세 이상  #기발한생각유레카 #steam교육 #steam책 #스팀교육 #스팀책육아 #steameducation #스팀북 #ai시대교육 #ai교육 #어린이과학 #어린이역사 #스마일북스 #chatgpt #claude #deepseek #챗지피티 #클로드 #딥시크",https://www.instagram.com/p/DH5rSqcxmwz/
901,20250401,인스타그램,#leon365 .  한결같은 내 모습 ^^  2025.03 2018.05 (첫 남산👟) .  photo @light___ ✨ . #남산 #라이딩 #자전거 #최고힘들어 #그동안_요가_어떻게_했니_몸땡아 #cycle #cycling #namsan #riding,https://www.instagram.com/p/DH5riC6pcIW/
902,20250401,인스타그램,#오운완 #자전거 #로드자전거 #자린이 #자덕 #라이딩그램 #라이딩스타그램 #riding #rodebike #cycle #cycling #cyclinglife,https://www.instagram.com/p/DH5rRAFygoz/
903,20250401,인스타그램,#자전거타는풍경,https://www.instagram.com/p/DH5rD1svks1/
904,20250401,인스타그램,성북천 ^^ 남기애선배님이 선물해준 로드자전거^^,https://www.instagram.com/p/DH5rBtgzBrW/
905,20250401,인스타그램,". #파비네테이블  안뇽하세요오🤗 다들 주말 잘 보내셨나용!! 벌써 화요일이지만 월요일처럼 인사하기🤣  어제는 뭔가 삭제된 듯한 기분이에용 인스타는 못왔지만, 하루끝에 뭔가 기분이 좋았어요! 월요병없는 월요일을 보낸기분!  이럴수가있나😮 제가 사실 날씨영향을 엄청나게 받는 사람 중 하나라 요즘 날씨가 너무 좋아서 그런가보다 하구이쏘용!  오늘도 무탈하게 하루를 보내고 퇴근!  간단하게 휘리릭 고기반찬, 참외샐러드 만들었어용 꽈리고추넣어서 간장소스에 졸여낸 목살요리는 편스토랑에 나왔던 이찬원님 레시피 참고했어용✌🏻 참외샐러드는 그냥 손가는대로 휘리릭 뚝딱 참외 속 긁어내고, 올리브유, 레몬즙, 통후추 갈갈🫶🏻  상큼한 음식, 시원한 음식도 자꾸 땡기고,  누구보다 잘 먹고 있는 요즘 봄이 오긴 했나봐요 가을은 가을이라, 겨울은 겨울이라 먹었었는데 올 봄은 또 봄이라고 먹고 있는 마법의 돼지력🐷  오늘도 일단 자전거는 타봅니당! 🚴🏻‍♀️건강한 돼지가 되어가는 중! ⁣ ⁣ ⁣ ⁣ ⁣ ⁣ ⁣ ⁣",https://www.instagram.com/p/DH5q8ipy3WR/
906,20250401,인스타그램,"🌱나를 위한 건 하나 없지만.... ⠀⠀⠀⠀⠀ 아침부터 열무얼갈이 김치 담그고 연근 조림하고.. 그 사이사이 이불 빨고 커텐 빨고.. ⠀⠀⠀⠀⠀ 날 좋으니 주말에 추워서 못 탄 자전거 태워주려 첫째 하교하고 자전거랑 간식 챙겨 둘째 학교로 데리러 갔다가 처인성 역사관 가서 퀴즈 풀고 선물 받고 한 시간 자전거 타고... ⠀⠀⠀⠀⠀ 집에 오자마자 또 밥 하고 국 끓이고 고등어 굽고 새우,청경채 볶고... ⠀⠀⠀⠀⠀ 나 종일 이게 뭐하는건가 싶다가 자르던 파프리카 하나 씹는데 왜케 달아??? ⠀⠀⠀⠀⠀ 애들도 맛있다며 식판 싹싹 비우니 그래.. 이거면 됐지.... 뭐......... (라고 위로 안되는 위로를...ㅋㅋㅋㅋ) ⠀⠀⠀⠀⠀ ⠀⠀⠀⠀⠀ 엄마는 이제 맥주 한 잔 해볼께.. 나의 힐링 🍺 ⠀⠀⠀⠀⠀ ⠀⠀⠀⠀⠀ ⠀⠀⠀⠀⠀ ⠀⠀⠀⠀⠀ #엄마의하루 #머리닿는순간자겠다 ⠀⠀⠀⠀⠀",https://www.instagram.com/p/DH5q6feSKtP/
907,20250401,인스타그램,저녁 홈트. 스네일클라이딩. 한시간 동안 14.99km. 땀을 쫙뺐다. #스네이클자전거 #저녁홈트 #건강한삶 #행복한삶 #홈트하는남자,https://www.instagram.com/p/DH5quKNPrf4/
908,20250401,인스타그램,🌸봄나들이 필수템😍🌸  유모차자전거 ' 타보 미니스트라이크' 25년형 프리미엄 입점진열완료!✨  🎁한정사은품 : 운전핸들장난감 📷 포토후기작성시 : 핸드폰거치대 증정!  매장에서 바로 구매해용😍  #청주베이비하우스 #육아용품 #매장에서만나요🙋‍  #유모차 #카시트 #유모차추천 #카시트추천  #타보 #타보미니스트라이크 #유모차자전거 #자전거 #유아자전거 #아기자전거  #첫만남지원금가맹점 #비대면구매가능 #무료배송  ❗ 전국 무료 배송 ❗ ❗ 방문없이 주문배송가능 ❗ ❗ 최저가 차액보상제 200%보상 ❗  😘부담스러워하지마시고 상담주시면 친절히 답변드립니다😘  오시는길 : 충북 청주시 청원구 충청대로270 DM문의 : 👌 👌 👌 👌 👌 👌 👌 카톡문의 : 프로필클릭 👌 👌 👌 👌 ☎️ : 043 241 3636,https://www.instagram.com/p/DH5qs05y6hj/
909,20250401,인스타그램,"🏷D+687 #인생687일차 👶💚 . . . #슬기로운어린이집생활👶🏩  👶 ""엄마 빠빠 👋"" 이제 정말 뒤도 안돌아보고 마중나온 친구들과 뛰어들어가 버리는 딸램... 등원도 쿨하게 잘하고 하원은 애틋하게 👶 : 엄마 엄마 ‼️ 😍😘 하며 뛰어와 엄마꼬옥 안아주는 딸. 너무너무 사랑스런 내딸램 •͜• ᰔᩚᰔᩚᰔᩚ  아유니가 책을 그렇게 좋아한다고... 오늘은 아유니가 책을 보고있는데 친구들이 전부 몰려들어 같이 보았다고 😍👍👍 누구닮았찌 ? 똑순이 🤭❤️  하원후 어제 약속한 엄마랑 공놀이 ⚽️⚽️ 바람이 쪼금 불긴 했지만, 자전거타고 산책도 하고 ~ 🕶  오늘의등원룩 @officialdunssweden  #오늘도고생했어❤️  #하루하루기특해👍",https://www.instagram.com/p/DH5qmWHTh_N/
910,20250401,인스타그램,"🏨  요즘 챗GPT를 너무 재밋게 활용하고 있다. 최근 과감하게 유료로 업그레이드 하고 매일 같이 자료를 조사하고 표를 만들어 달라고 요구하며 본전을 뽑고 있는데, 오늘을 말 하면 대구 사람들은 웬만하면 다 알만한 J 사장 이야기 글을 쓰다가 AI에게 이렇게 말했다.    ""브롬톤 자전거를 타고 식재료를 싣고 가게로 향하고 있는 남자 쉐프 사진 보여줘"" 했더니 첫번째 사진이 나왔다. 멋진 외국 쉐프의 모습니다.   그래서 ""40대 중반의 한국 남자 쉐프로 만들어 줘""했더니 다음 사진이 나왔다. 😂😂😂   이러니 AI와 친해질 수 밖에 없다.   #챗gpt #AI #핸즈커피이야기 #브롬톤라이프",https://www.instagram.com/p/DH5qO3wv8FA/
911,20250401,인스타그램,오늘도 열심히 걷고 자전거 타고 먹었고 쇼핑 또 했습니닷..🥹🌸🩷,https://www.instagram.com/p/DH5qLxYpX8h/
912,20250401,인스타그램,리런 핑크버전 +질렛  패드도 좋고 착용감도 좋고  감사합니다   @rerun.co.kr  샤방하게 회복 라이딩  복귀길 마루카페  동네 주민들이 운영하는 카페라 그런지 가격이 저렴하다 이제 자주가야지  #자덕 #사이클 #로드 #라이딩 #아산레이싱팀 #아산자덕 #SDCC #Cycling #리런 #rerun  #roadbike #자덕스타그램 #라이딩스타그램 #라이딩그램 #자덕그램 #자전거 #SDC  #삼성디스플레이사이클링클럽  #천안아산라이딩 #마루카페,https://www.instagram.com/p/DH5pvNyy94j/
913,20250401,인스타그램,초기화 극복을 위한 영종도 78km 라이딩 🚴🏻‍♀️  오늘도 흘렀다 😂😂😂  그래도 너무너무 재미난 내 사랑 자전거 ❤️  📸 @jjung___2g & @moon_woods8   자전거 : Cervelo R5 @cervelo_kr  휠셋 : Far sports EVO S5 @farsports_korea  헬멧 : Kabuto 퓨르레 @kabuto.korea,https://www.instagram.com/p/DH5psEjSag-/
914,20250401,인스타그램,작심 3일은 지나감 사랑의 하츄핑과 함께 운동! 무찌르자 내장지방 체지방! #실내자전거 #PONYPUPPY #무찌르자내장지방체지방,https://www.instagram.com/p/DH5pll8pwuW/
915,20250401,인스타그램,"동양의 그랜드캐년이라 불리는 중국의 태항산을 가기위해  인천 국제여객터미널에서 자전거 배에 싣고 라이딩 여정을 시작합니다  배는 출발 다음날 중국 청도항에  도착하여  청도에 있는 찐따이 맥주공장을 견학 합니다  1901년에 독일이 만든 맥주 공장이 찐띤이액주 공장이랍니다 맥주원액도 시음해봅니다 맛이 괜찮았습니다.ㅋㅋ  그리곤 청도가 있는 산둥성에서 산시성으로 이동합니다  중국 태항산은 산시성, 허베이성, 허난성 3성을 가로지르는  거대한 산악지형입니다. 태항산의 위치는 중국의 중요한 자연경관중 하나로,  절벽과 협곡이 어우러진 장엄한 풍경으로 유명하여 여러 명승지와 역사적인 장소가 있습니다.  태항산의 여행위치는 남북으로  약 400km에 걸처 뻗어 있으며, 동서로 약 20~70m의 폭을 가지고 있습니다.  이곳은 주로 석회암과 화강암으로 이루어진 험준한 절벽과 협곡 지형이 특징으로 중국의 그랜드 캐니언이라고도 불릴만큼 인상적인 풍경을 자랑합니다.  중국의 태항산 라이딩 다음회차도 올릴께요 기대해 주세요  💥저를 팔로우👩🏽‍🤝‍👩🏻하시고  좋아요도 꾹꾹 눌러주시고~❤ 다시보고 싶다면 저장📁  친구에게 알려주고 싶다면 공유✈️   감사합니다.  @digital_tutor_hyeyeon @digital_tutor_hyeyeon @digital_tutor_hyeyeon  #중국태항산 #중국그랜드캐년 #태항산A코스 #해외라이딩 #인생라이딩 #안혜연강사",https://www.instagram.com/p/DH5oZcUyx2f/
916,20250401,인스타그램,#베트남4박6일여행  #아버지와함께여행 #아버지칠순여행 #자전거인력거탑승 #나트랑씨클로투어  #나트랑여행기   나트랑 씨클로는 독특하고  전통적인 교통수단으로  천천히 나트랑 시내 주변경치를 구경할수가 있었서 관광목적으로 여행자들에게 인기있는 체험이다  재미있고 톡특한 경험을 할수가 있었던 씨클탑승이다 나트랑시내 교통상황은 혼돈속에 질서가 있는편이다,https://www.instagram.com/p/DH5ocU0P-dT/
917,20250401,인스타그램,천안와이짐 스피닝🚴🏻‍♀️ 25.04.01. 10시 이슬쌤 수업 영상  #실내운동#실내자전거#사이클#스피닝#바이크#그룹운동#신나는운동#신나는음악#천안스피닝#두정동스피닝#spin#bike#spinning#재미있는영상#재미#일상#운동영상#다이어트#살빼기#오운완#먹자골목#운동맛집#그룹운동#30분운동,https://www.instagram.com/p/DH5pHwNhrsS/
918,20250401,인스타그램,2024 XCO 월드챔피언에 빛나는 올 뉴 스칼펠  스칼펠 LAB71 XC 풀서스펜션 MTB  - LAB71 풀카본 프레임 - 스램 XX-SL AXS 무선 전동 변속 시스템 - 스램 레벨 얼티밋 4P 디스크 브레이크 - Reverb AXS 전동 가변 싯포스트 - 레프티 오초 카본 120 서스펜션 포크 - 락샥 SID Luxe 얼티밋 리어 샥 - 일체형 시스템바 XC-ONE  - DT Swiss XRC 1200 카본 휠셋  캐논데일 브랜드 스토어 1호 경태네 자전거 하남점에서 전시 및 판매 중입니다.  #캐논데일 #스칼펠 #cannondale #scalpel #경태네자전거하남점,https://www.instagram.com/p/DH5owWySKl4/
919,20250401,인스타그램,. 숨은자전거찾기 상식이 사라진 시대,https://www.instagram.com/p/DH5omR5BN8j/
920,20250401,인스타그램,"이번주 주말에 김해 가야하는 이유 ,,🎡🌸  📍가야랜드 @gayaland_angelpark.official   평일 놉 주말에 가세오 ! 현재 벚꽃 50% 만개🫧🌸 주말엔 만개해서 진짜 예쁠거 같지만 주말에는 웨이팅  지옥 시작 ,,,한시간 전부터 웨이팅 한다는 소식 듣고  평일에 방문해찌만 벚꽃이 덜 펴서 꽤나 아수워ㄸㅏ구  원래도 하늘 자전거 + 벚꽃 조합으로☁️유명한 곳인데  현재 기준으로 만개 안했는데도 예뿌니 사진 참고해서  타이밍 맞춰서 예뿌게 찍고오셔유 ⏰🤍  #은아_in김해",https://www.instagram.com/p/DH5obZWSpuY/
921,20250401,인스타그램,. 그녀의 어린이집생활 시간제 어린이집이라 2주에한번 사진을 모아서 보내주시는데 너무❤️ 귀여움 ㅋ ㅋ 오늘은 자전거타고 산책다녀왔다는데 ㅋ ㅋ 너무귀엽다  ❤️‍🔥❤️‍🔥❤️‍🔥  #26개월아기 #육아일기,https://www.instagram.com/p/DH5oHBoh-Dl/
922,20250401,인스타그램,이번 봄방학때 #자전거여행 을 계획중. 레오까지 함께 하기 위해 장비 구입 완료! 4일간 마인츠를 지나 #코블렌츠 까지!,https://www.instagram.com/p/DH5nwSgovvt/
923,20250401,인스타그램,"#지자체지원 #나주 이번 봄에 전남 나주로 떠나야 함 👀✨ 필수 여행 스팟만 추려서 알려줄테니까 짝꿍이랑 늦기 전에 얼른 가쟈 (´ε｀ )♡  @@나주에서만 즐길 수 있는 것 만땅 !  #한수제  ♡ 나주의 대표적 벚꽃 명소! 봄 필수 여행지  #불회사  ♡ 자연의 아름다움과 고즈넉한 나주 풍경이 어우러진 곳  #목사내아  ♡ 나주의 감성이 들어간 전통 한옥 숙소로 추천!  #영산강정원  ♡ 양귀비꽃이 흐드러지게 핀 탁 트인 힐링 스팟  + 근교 영산강대교~나주대교 드라이브 코스 / 자전거길 / 곰탕거리 / 홍어거리 위치!👍  #산림연구원  ♡ 이국적인 포토 스팟이 있는 이색 데이트 코스로 추천! 💗  #한반도지형전망대  ♡ 한반도지형을 감상할 수 있는 전망대! 노을 질 때 강추!  #황포돛배체험  ♡ 오직 나주에서 즐길 수 있는 영산강 속 돛배 체험!  #국립나주숲체원  ♡ 대규모 데크길과 잔디밭이 구비되어, 힐링 프로그램도 참여하기 굿 bb  #다도로60  ♡ 100평 힐링카페와 6000평온로드, 오프로드 카트 체험 가능!  #나주곰탕거리  ♡ 오래 고아서 낸 ‘곰탕’을 다채롭게 즐길 수 있는 거리  #3917마중  ♡ 나주곰탕거리 근처 위치한 카페로, 복합문화공간으로 운영되는 곳  #나주벚꽃스팟 #나주여행추천 #나주이색데이트 #나주데이트 #나주전망대 #대한민국구석구석 #나주가볼만한곳 #나주여행 #전남가볼만한곳 #나주벚꽃 #나주봄여행#나주카페",https://www.instagram.com/p/DH5ngocPkI7/
924,20250401,인스타그램,오늘 성수동에서 젤 행복한 사람 나야 나  자전거타기 좋은 날씨 너무 좋아 🌸🌸🌸,https://www.instagram.com/p/DH5nbvsy6Zd/
925,20250401,인스타그램,"무릎 통증에서 해방하는 방법🤗  무릎 통증 없애주는 운동 및 방법 5가지를 기억해보아요🗣️  1️⃣대퇴사두 스트레칭 : 과도하게 긴장된 골반에서 시작해 무릎뼈에 붙어 있는 근육 부위 스트레칭법  2️⃣루프밴드 힙 어브덕션 : 엉덩이 근육을 강화하고, 고관절 기능 활성화하는 운동  3️⃣운동시 무릎 보호대 착용 : 윤활액이 나오는 관절낭을 추위에서 보호하는 방법  4️⃣짐볼 레그컬 : 의자에 앉아있는 습관으로 짧아진 햄스트링 이완  5️⃣실내 자전거 : 부상에 대한 걱정없이 허벅지 근육 강화 돕는 운동법",https://www.instagram.com/p/DH5mpgHhue5/
926,20250401,인스타그램,"무릎 통증에서 해방하는 방법🤗  무릎 통증 없애주는 운동 및 방법 5가지를 기억해보아요🗣️  1️⃣대퇴사두 스트레칭 : 과도하게 긴장된 골반에서 시작해 무릎뼈에 붙어 있는 근육 부위 스트레칭법  2️⃣루프밴드 힙 어브덕션 : 엉덩이 근육을 강화하고, 고관절 기능 활성화하는 운동  3️⃣운동시 무릎 보호대 착용 : 윤활액이 나오는 관절낭을 추위에서 보호하는 방법  4️⃣짐볼 레그컬 : 의자에 앉아있는 습관으로 짧아진 햄스트링 이완  5️⃣실내 자전거 : 부상에 대한 걱정없이 허벅지 근육 강화 돕는 운동법",https://www.instagram.com/p/DH5mlfOhWJT/
927,20250401,인스타그램,"무릎 통증에서 해방하는 방법🤗  무릎 통증 없애주는 운동 및 방법 5가지를 기억해보아요🗣️  1️⃣대퇴사두 스트레칭 : 과도하게 긴장된 골반에서 시작해 무릎뼈에 붙어 있는 근육 부위 스트레칭법  2️⃣루프밴드 힙 어브덕션 : 엉덩이 근육을 강화하고, 고관절 기능 활성화하는 운동  3️⃣운동시 무릎 보호대 착용 : 윤활액이 나오는 관절낭을 추위에서 보호하는 방법  4️⃣짐볼 레그컬 : 의자에 앉아있는 습관으로 짧아진 햄스트링 이완  5️⃣실내 자전거 : 부상에 대한 걱정없이 허벅지 근육 강화 돕는 운동법",https://www.instagram.com/p/DH5miYvhLPD/
928,20250401,인스타그램,여기는 저녁7시쯤 되면 갑자기 띠용~~~!!! 하면서 음악이 들려 나가보면 저렇게 에어로빅을 하고있다 사람들이 따라 하기도 하고 공원주변 산책도 하고 자전거도 타면서 참 재미지다 나도 오늘은 나가서 따라하고 싶었는데 아직 용기가..^^ . #서래수 #동백호수공원 #저녁운동 #산책로 #드립커피#용인동백,https://www.instagram.com/p/DH5ls6wz5nh/
929,20250401,인스타그램,"🔧 KMC 체인 교체 가이드 – 쉽고 빠르게 교체하세요! 🚴‍♂️✨  KMC 왁스체인으로 더 부드럽고 편안한 라이딩을 경험해보요! 💨  아래에 있는 5단계만 기억하시면 새 체인으로 완벽 교체 가능! 👇  ✅ 1. 기존 체인 제거 ✅ 2. Missing Link 열고 새 체인 설치 ✅ 3. 드라이브트레인 클리닝 (깨끗한 체인이 더 오래갑니다!) ✅ 4. 체인 길이 조절 후 장착 ✅ 5. 변속 체크하고 출발 준비 완료! 🚴‍♀️💨  💡 Tip: KMC 왁스체인은 마찰을 줄이고, 더 깨끗한 라이딩을 가능하게 해줍니다. 이제 체인 오염 걱정 없이 달려보세요!  💬 혹시 체인 교체 꿀팁이 있나요?  댓글로 공유해 주세요! ⬇️  #KMC #KMCGO #왁스체인  #체인교체 #MTB #로드자전거 #클린라이딩 #자전거정비 #자전거필수템",https://www.instagram.com/p/DH5lu50vxvt/
930,20250401,인스타그램,#청주퀄리스포츠 #청주퀄리엑스트론 #청주퀄리전기자전거 #씨엔제이자전거  #씨엔제이바이크,https://www.instagram.com/p/DH5lqRKPjor/
931,20250401,인스타그램,#청주에이유테크 #청주AU테크 #청주스카닉전기자전거 #씨엔제이자전거 #씨엔제이바이크,https://www.instagram.com/p/DH5lSm_PaS1/
932,20250401,인스타그램,"서울에도 진출한, 지방의 노포 빵집 5곳!🥯  ✅️[군산] 이성당 한국에서 가장 오래된 빵집! 이성당이라는 상호는 1945년부터 사용했지만, 1910년에 개업한 ‘이즈모야’를 인수한 빵집이기 때문. 서울에는 롯데백화점 잠실점에 매장이 있어! 대표 메뉴: 단팥빵, 야채빵  ✅️[전주] PNB 풍년제과 ‘전주’하면 비빔밥 다음으로 PNB 풍년제과 아니겠어? 1951년, 직접 만든 전병을 자전거로 팔러 다니던 게 풍년제과의 시초. 서울에서는 현대백화점 목동점, 롯데백화점 본점에 입점해 있어. 대표 메뉴: 초코파이  ✅️[대구] 삼송빵집 1957년, 대구에서 시작된 삼송빵집. 대구 전역은 물론 서울에도 무려 10여 곳의 매장을 운영 중이야. 그 밖에 부산, 인천, 울산 등 주요 도시에도 진출해 있지! 대표 메뉴: 통옥수수빵, 오븐에 구운 고로케  ✅️[광주] 소맥베이커리 1982년 탄생해 궁전제과, 베비에르와 함께 광주 3대 빵집으로 불려. 그 중 유일하게 서울에 매장이 있는 곳이지! 신세계백화점 타임스퀘어점에 입점해 있어. 대표 메뉴: 콩크림빵  ✅️[부산] 옵스 부산 남천동에 본점이 있는 옵스는 1989년 문을 열었던 삼익제과가 전신이야. 부산 3대 빵집 중 하나로, 서울에서는 롯데백화점 본점에서 만날 수 있어. 대표 메뉴: 학원전, 슈크림빵  트렌디한 레트로 탐구생활!✨️ 오늘의 레트로 @retro.today_",https://www.instagram.com/p/DH5kppjvltg/
933,20250401,인스타그램,이집에선 로라탈 일이 없을줄 알고  로라도자장구도 맡기고 폰거치대도 다정리했는데 🤣  이리또 회귀했다 😂🐶 바테잎 감아야하는데 귀춚..  #상탈시급  #시작만멀쩡하게  #운동스타그램  #심박훈련  #케이던스  #자전거타는여자  @formera_sports_ 🤍🩶🖤 #포메라스포츠 #사이클의류 #사이클복 #선수용져지,https://www.instagram.com/p/DH5kJiIBcK9/
934,20250401,인스타그램,"브롬톤 C라인 익스플로어 with 랙 미드핸들바 출고 // 2,691,000원  ​ 평택 자전거 매장 바이크온  스페셜라이즈드, 피나렐로, 위아위스, 브롬톤, 버디, 스트라이다, BESV, LINK U, 엔진11,언노운 등 픽시 취급점 경기도 평택시 비전동 평택4로 61(비전동 756-13) 1층  [평택 여중 정문 건너편 , 매장 앞 주차 가능] ✔️ 제품 문의 010-7618-7033 ✔️ 영업시간 AM 11:00 ~ PM 20:00 ✔️매주 월요일 휴무 ​ 휴무날 또는 기타 부재 중일 때 네이버 톡톡, 인스타그램 DM 주시면 확인하는대로 답변드리겠습니다^^*   #브롬톤 #미니벨로 #영국미니벨로 #브롬톤C라인 #안성미니벨로 #고덕미니벨로 #평택미니벨로 #둔포미니벨로 #고덕브롬톤 #평택브롬톤 #오산브롬톤 #수원브롬톤 #동탄브롬톤 #둔포브롬톤 #브롬톤C라인익스플로어랙with미드핸들바 #오산미니벨로 #송탄미니벨로 #수원미니벨로 #동탄미니벨로 j",https://www.instagram.com/p/DH5jmLgygXb/
935,20250401,인스타그램,"[EASY PACK, EASY GO] 쉽게 챙겨서 쉽게 떠나세요.  ▪ CONVERTIBLE 짐 쌀 때나 이동할 때나 윗뚜껑만 열어서 정리할 수 있어 짐들이 뒤엉키지 않습니다. 저상설계되어 낮고 넓은 비율 덕분에 굴림성이 좋고 여분의 짐을 올려두기도 좋습니다.  ▪ T HANDLE™ 킥보드 같은 핸들 자전거 같은 TT HANDLE™ 의 단순버전. 여분의 짐을 걸어 둘 수 있고, 개성있게 커스텀하여 식별에도 좋습니다.  258개 파츠와 198개 리벳, 162가지 공정과 31명 전문가를 거친 완벽한 1피스를 소개합니다.  최소 30년 쓸 수 있는, 물려 줄 수 있는 그런 제품이길 바라고 만들었습니다.",https://www.instagram.com/p/DH5j9Rty_dE/
936,20250401,인스타그램,[봄맞이 찬스~ BIG 경품대축제!!] 총 40명 무작위추!첨! 당첨시 경품 3개중 선택가능!!  ◆전기자전거 ◆드론(DJI MINI 3) ◆닌텐도 스위치  ▷행사기간: 4/1~5/31 ▷추첨일시: 4월 20명 / 5월 20명 추첨,https://www.instagram.com/p/DH5jgHTRCAZ/
937,20250401,인스타그램,#4월1일 은 무슨날? #동네한바퀴 #포메라 #FMR #양산 #부산 #AXS #MTB #자전거 #라이딩 #OAKLEY #운동 #취미 #여행 #양산 #부산 #AXS #ETAP #양산가볼만한곳 #부산여행 #꿀잼 #데이트코스 #사진 #DTSWISS #SRAM #GIRO,https://www.instagram.com/p/DH5i7OVPgNa/
938,20250401,인스타그램,아니… 3월달 대단했ㄷㅏ. 이걸 어떻게 안남겨?? ㅋ 많이도 시간을 쓰고 오르고 갔구나!!!  #기록 #취미 #운동 #스트라바 #벨로그래픽  #자전거 #싸이클 #러닝 #등산,https://www.instagram.com/p/DH5i9UKzUME/
939,20250401,인스타그램,#선정릉역맛집 #햄버거맛집 #브롬톤타기밴드 #브롬톤 #브롬톤자전거 #Lexi burger&steak #수제버거맛집,https://www.instagram.com/p/DH5it0Up-eb/
940,20250401,인스타그램,<입고소식>써벨로 R5 x  파스포츠 알파 에디션. -R5 올라운드 최상급 프레임셋 : 800만원 -울테그라 di2 DISC 풀셋(24단) : 351만원 -파스포츠 F1S 일체형 핸들바 : 48만원 -파스포츠 하이퍼 X SL5 휠셋 : 152만원 -피직 아르고 R1 어뎁티브 안장 : 55만원 -피넬리 피제로 레이스 TT 타이어 : 20만원 -피직 템포 마이크로 텍스 바테잎 : 4만5천원 -토탈 웨이트 : 6.8kg(54size 기준) *권장 소비자가격 : 979만원 . . 현재 매장 진열되어 있습니다. 상담가능하며 즉시 출고 가능합니다. 언제든지 매장(052-276-1002)으로 연락 주세요. 감사합니다. . . 더사이클러리/봉크마켓 052)276-1002 . . #세파스 #써벨로R5파스포츠알파에디션 #써벨로R5 #울산써벨로 #자전거매장 #더사이클러리 #봉크마켓 #자전거수리 #자전거판매 #자전거추천 #로드자전거 #도로자전거 #싸이클,https://www.instagram.com/p/DH5i1OYvZxN/
941,20250401,인스타그램,체인 스프라켓 오래쓰기!!! 귀찮아 좀 늦었지만 봄 맞이 체인돌려쓰기 🤗  #xxsl #t-type구동계 #자전거체인  #에픽월드컵 #mtbride #mtb #산악자전거 #cyclinglife #cyclingshots,https://www.instagram.com/p/DH5it30yNkl/
942,20250401,인스타그램,"가장 먼저 를 눌러보세요 #유모차선풍기 #아기선풍기 #외출필수템 #유아차선풍기 #자전거선풍기 #킥보드선풍기 #선풍기추천 #휴대용선풍기 #유모차선풍기추천 #아기바람 #육아템추천 #저소음선풍기 #신생아선풍기  봄부터 날씨가 더워진다는 기사 보셨나요~~?! 작년에도 더워서 외출하기 너무 힘들었는데 이번 여름에는 더~욱더 덥다고 하네요ㅠㅠ  이젠 선풍기없이 외출은 너무 힘들다구요!  열이 많은 아기들은 밖이든 집안이든 선풍기 필수예요 ❤  유모차, 아기자전거, 킥보드 어디든 고정해서 사용할 수 있답니다 🫶🏻  전자파 걱정이 없는 네이버 판매량 1위, 후기 만이천개 이상! 몽쿨 유모차 선풍기 공구가로 만나보세요 : D  ✨몽쿨유모차 선풍기 check point ✨ - 몽쿨 수면풍 기능 (유아의 호흡에 집중한 유아공학적인 바람) - 자동회전 기능 - 위험 날개 없는 바람 - 만능 거치대 - 2025년 신형 BLDC모터 장착 - ABS소재 - 고성능 보호회로 장착 대용량 배터리  🤍 공구기간: 04/01~14일(일)  🤍 배송기간: 오후 4시이전 주문 당일출고 🍓 구매문의는 댓글, 디엠주세요",https://www.instagram.com/p/DH5ijoFJ9n4/
943,20250401,인스타그램,"마치 제가 판매자 얼굴 같아보이지만... 커미션은 없고요...😏 시클로베이션의 무려6년차 엠버서더로서  예전 영상들도 긁어모아서 자신있게 소개드립니다요  Presented proudly as an ambassador for 5 years, @ciclovation #ciclovation #시클로베이션 바테잎🎀  이번 픽은 전전전😂 바테잎이었던 #폴리터치코즈믹헤이즈 스타일의 [에머시스트] 색상입니다!  전전전 바테잎은 [에메랄드] 색상이었는데 그 터치감이 너무 좋았던 기억에 이번엔 에머시스트 색상으로! (영상 중에 나와요) 감아놓고 나니... 볼때마다 기분이 좋아지는건 덤.  폴리터치는 땀이 많이 나는 실내 트레이닝 때에도 미끄러짐 없이 좋았습니다.  궁금한 점이 있다면 댓글 주세요. 아는 한도 내에서 답해드릴게요🚴‍♂️  @velogic @ciclovation.kr 🎀 #ciclovationbartape #시클로베이션바테잎  #자전거 #cycling #bartape #roadcyling #로드자전거 #로드사이클 #바테잎 #자전거타는여자 #cyclinglife",https://www.instagram.com/p/DH5imZXyth_/
944,20250401,인스타그램,"<프로모션 출고>  스페셜라이즈드 타막 SL7 스포츠 56사이즈 GLOSS METALLIC SAPPHIRE / VIVID PINK  20% 할인 프로모션으로 학생 라이더 품에 안겼습니다.  ✅️Fact 9r 카본, Rider First Engineered 프레임 ✅️시마노 105 12단 그룹셋 ✅️한국인에게 잘 맞는 프레임 형상(지오메트리) ✅️편안하고 혈액순환 잘 되는 파워 안장  스페셜라이즈드 서울 서초점  02-575-1163/ 010-2171-1163   #타막프로모션 #타막스포츠 #로드입문추천 #사이클추천 #양재천자전거 #서초구자전거 #강남구자전거 #과천자전거",https://www.instagram.com/p/DH5iWZ_vwst/
945,20250401,인스타그램,size- #a4  tool- #ipad #procreate  #doodle #fractal #cycle #ride #그림  #인물화 #drawing #sketch #ipaddrawing #comic #만화  #자전거  #cycling #cyclingart #일러스트 #illustration #그림 #라이딩 #자덕 #illust,https://www.instagram.com/p/DH5iYcoyKY2/
946,20250401,인스타그램,"on_me  2025 인천시장배 전국 사이클 대회 촬영 그리고 사건개요📝 #2  글은 이전 피드에 이어서 적습니다.  그리고 스케줄 연속중에 2일 시간 내서 집 앞 경기장 가서 사진 촬영을 시작했음.  인천 소속 애기들만 진짜 잠깐  솔직히 한 10컷만 찍어 주려고 갔는데 목에다가 먼 퍼밋 같은걸 걸어주고 어디 들어가고 경기 룰을 설명함… 이때 알았음. 아… 나 망했구나…  그래도 살면서 나쁜짓은 안하고 살았는지 선수분들 관계자 분들 인사 나누고 소개받고 좀 찍다보니 일이 커짐…  주니어 애기들 관계자 분들 메세지 오고 자기들 사진도 있는지 문의가 막 오기 시작함. 자전거 죽기 살기로 타는 사람들이 계속 팔로 함…  일단 잠수 시전 했고… 인천 소속 그리고 친한 지인들만 찍기로 함.  그리고 카메라에는 1,000컷이 들어 있었음…  비록 인천 연맹 사무국장님께 촬영 약속은 했지만 컷수는 없었다는 사기 아닌 사기를 당했지만..  그래도 사진 나가고 좋아하는 모습에 내심 뿌듯함을 느낄 무렵…  엘리트들이랑 저 사무국장이 나주가 어쩌네 양양이 어쩌네 거긴 머가 맛있다는 둥 올거지???? 이런 소리 옆에서 시전 중이심…  일단 나도 밥은 벌어 먹고 살아야하니까 확답은 못하지만 머 스케줄이 되면  올해 또 한 두어번 정도는 시합장에서 우리나라 자전거 선수들의 멋진 모습 담아 주고 싶음.  촬영사기 아닌 사기는 당했지만 머 그래도 마음은 뿌듯했다 머 이런 소리.  그럼 이번 촬영 이야기는 끝.  Photo by @light___ #후진피플  #cyclinglife #cycling #cycle #cyclist #cycliste  #자전거 #벨로드롬 #자덕 #자전거스타그램 #촬영사기 #진짜사기당한거겠냐고 ㅋㅋㅋㅋ",https://www.instagram.com/p/DH5iXvVSTPC/
947,20250401,인스타그램,북악10회전 응원하러 갔다가 나도 해벌임 ㅋ 업힐 그까이꺼 🤪 #북악10회전 @clubzest  #cycling #cyclinglife #한강라이딩  #로드자전거 #자전거라이딩 #자전거그램  #사이클 #자덕스타그램 #운동하는여자  #자전거타는여자 #업힐왔서녕,https://www.instagram.com/p/DH5hw7cSmlS/
948,20250401,인스타그램,-@icc__seoul Social Ride🍓 따뜻한 날씨에 시우리를 다녀왔습니다. 많은 분들이 참석해 주셔서  즐겁게 탔습니다. 딸기농장 쥬스와 토스트는  역시나 자전거를 타고 가야 맛이 더하네요.🤣 오늘도 함께해 주셔서 감사합니다!!,https://www.instagram.com/p/DH5hrQOv0xv/
949,20250401,인스타그램,"🗽2025년 4월, 지금! 가기 좋은 뉴욕 가볼만한곳들 추천드려요 🩷  🚶 야외 활동 및 투어 - 뉴욕은 봄의 활기와 함께 다양한 행사와 명소를 즐길 수 있는 최적의 시기! 다양한 뉴욕의 야외 명소들을 즐겨보세요.  ▫️하이라인 파크 산책 : 옛 철도 고가를 공원으로 개조한 하이라인 파크는 봄철 산책에 안성맞춤! 주변의 현대적인 건축물과 예술 작품도 함께 감상할 수 있고 첼시마켓도 함께 들러보면 좋아요. ▫️자전거 투어 :  따뜻한 날씨를 만끽하며 센트럴 파크나 브루클린 브리지에서 자전거를 타보는 것도 추천합니다!  🎨 박물관 및 전시 - 쌀쌀한 날이나 비가 오는 날 방문하면 좋을 미술관, 박물관  ▫️메트로폴리탄 미술관 : 세계 3대 미술관 중 하나로, 다양한 시대와 문화의 예술 작품을 감상할 수 있습니다. 비가 오는 날이나 쌀쌀한 날씨에 방문하기 좋습니다.   ▫️휘트니 미술관 : Whitney Biennial 2024-2025 (휘트니 비엔날레)가 3월~8월 전시 중이지만, 4월은 붐비지 않아 여유롭게 관람 가능하답니다.   🌸 벚꽃 명소 - 아직은 날씨가 쌀쌀한 편이라 벚꽃이 아직이지만 곧 뉴욕의 여러 공원에서는 벚꽃이 만개하여 아름다운 풍경을 만날 수 있어요. ▫️센트럴 파크 : 도심 속에서 벚꽃을 감상할 수 있는 대표적인 장소로 벚꽃 시즌이 아니어도 지금부터 쭉 언제든 방문하기 좋아요! 베이글이나 커피 들고 피크닉을 즐겨보거나 산책로를 따라 만개한 벚꽃과 인생샷 찍어보세요. ▫️브루클린 식물원 : 다양한 종류의 벚꽃이 심어져 있어 화려한 봄 풍경을 만끽할 수 있습니다. 특히 ’사쿠라 마츠리‘ 축제가 열리며, 일본 문화를 체험할 수 있는 기회도 제공한다고 해요! ▫️루즈벨트 아일랜드 :  맨해튼과 퀸즈 사이에 위치한 섬으로 트램(케이블카)을 타고 가보시면 좋아요! 4월 중순~말 벚꽃 시즌 Roosevelt Island Cherry Blossoms에 맨해튼 스카이라인과 뉴욕 벚꽃을 즐겨보세요.  🎶 주요 공연 및 콘서트 - 4월에는 세계적인 아티스트들의 공연이 뉴욕에서 펼쳐집니다. ▫️데이식스 월드 투어 : 4월 19일 매디슨 스퀘어 가든에서 한국의 밴드 데이식스의 공연이 열립니다. 믿고 듣는 K-밴드 데이식스를 뉴욕에서 본다면, 한국인으로서 뿌듯해지는 경험🤘 ▫️태양의 서커스 ‘LUZIA’ (Cirque du Soleil) :  2025년 4월 4일부터 랜들스 아일랜드에서 공연을 진행해요. 멕시코 테마의 물과 공중 곡예가 결합된 환상적인 퍼포먼스를 만나볼 수 있습니다.   🌦️ 4월 뉴욕의 날씨 및 옷차림 - 4월의 뉴욕은 봄기운이 느껴지지만, 일교차가 크고 변덕스러운 날씨가 특징이에요. 평균 최고기온은 약 16°C, 최저 기온은 약 7°C로 비교적 쌀쌀할 수 있으니 가벼운 외투를 준비하시는 것이 좋습니다. 또한, 휴대용 우산을 지참하여 갑작스러운 비에 대비하시기 바라요!   다양한 행사와 아름다운 자연경관으로 가득한 4월의 뉴욕!  뉴욕 시내를 알차게 즐겨보고 싶다면 푸른투어의 뉴욕 시내투어와 함께해요💙",https://www.instagram.com/p/DH5hR-Sp5vI/
950,20250401,인스타그램,250401 #늦은리커버리 #TT코스 #바람쎄네 #수영도짧게 . 고성 사진 한장 찾음. 사진 찾다 눈이 😵‍💫 #고성공룡그란폰도 다녀와서 리커버리 하러 갔더만 바람이 이 정도 일 줄이야 😅 마무리는 수영으로 가볍게 🏊‍♂️ . @_jk_tri 동생과 함께 재미나게 타고 왔네요. . 꾸준함이 습관이 될 때 까지 @lsr_cycle_academy . #국가유공자 🇰🇷 #paratriathlon #국가대표 #장애인철인3종 #의족철인 #외발철인 #PTS3 #국내1위 #경북장애인사이클선수 #대구수성철인클럽 #아이언래빗75 #청도군자전거연맹 #백골수색대 #379기 #청도로또명당 . #후원 #보훈체육회 #보훈병원 #상이군경사이클연맹 #포스코 #STM슈트 #원사이클대구 #오투짐  #atomy #송파경희다복한의원,https://www.instagram.com/p/DH5hWo6vxKe/
951,20250401,인스타그램,"ㆍ  세발자전거온라인샵은 오프라인 스토어 재고와 함께 운영됩니다. 온라인 재고수량은 수시로 업데이트 되지만 오프라인 매장판매가 먼저 이뤄질경우 발송지연이 될수 있습니다.  급하게 구매하셔야 하는 물건은 ""톡톡""""dm""등의 연락수단으로 문의후 구입하시길 부탁드립니다.  리오더와.신상품 출고로 원활하게 운영되지 못하는점 죄송합니다.",https://www.instagram.com/p/DH5g9E0SQqE/
952,20250401,인스타그램,자전거 안장모양 / 20250220  #bicycle #road #bicycle_road #roadpoetry #riverside  #perspective #minimal #streets_storytelling #life_is_street #phogalphotos #street_photography #streetmoment #lightshadow #point #line #landscape #recordoflife #chaseinlight #colors_of_day #South_Korea,https://www.instagram.com/p/DH5g7JlygGk/
953,20250401,인스타그램,on_me  2025 인천시장배 전국 사이클 대회 촬영 그리고 그 사건개요📝 #1  촬영 사건개요를 쓰자면 일단 저는 흔히 부르는 마계인천 토박이 임.  사진을 업으로 하지만 성격 때문이지 팔자 때문인지 밖으로 나가는 촬영이 많고 그중에 운동 관련 촬영이 굉장히 많음.  실내 촬영은…. 거의 없… 말이 사진작가고 거의 노가다 임.  그렇게 하나 둘 선수나 브랜드 모델 등 많은 인연이 생겼고 술을 한잔 하다 실언을 함. 아니 했다고 함 ( 술 취해서 기억 안남… )  🍻 “내가 그래도 자전거 사진 찍고 인천 토박인데 인천 자전거 꿈나무들에게 먼가 도움이 되면 좋겠다~.” 기억은 없지만 대충 저런 말을 했다고 함.  기억에 없는 시간은 흐르고 흘러 2025년이 시작되고 인천 연맹 사무국장님이나 되시는 분이 내 기억에도 없는 말을 들먹이며 약속은 지켜라 시전.  그…랬어?? 그래… 스케줄 빼면 되는거 아냐?  그래 그럼 OK한거다!!  대충 몇장 찍는 거라고 생각했는데  왠 증명 사진을 보내라네?? 멀 신청하고 발급한다네? 그냥 관중석에서 몇장 찍는거 아니야?? 그건 모르고 일단 보내라 함.  그런데 아무리 핸드폰을 올려봐도 중이 자기 머리 못 깍는다고 사진작가가 증명사진이 없음.  그렇게 일단 태국 여행 때 찍은 태국 왕족 의상 체험 사진 보냄.  그렇게 나는 파쿠앙 쓰리랏차 작가가 됨…  뒷 이야기는 뒷편 가로 사진에서 이어 쓸게요.  Photo by @light___ #후진피플  #cyclinglife #cycling #cycle #cyclist #cycliste  #자전거 #벨로드롬 #자덕 #자전거스타그램 #촬영사기 #진짜사기당했겠냐고 ㅋㅋㅋㅋ,https://www.instagram.com/p/DH5g6DXyKXM/
954,20250401,인스타그램,2분기 엔진11 크릿디 라인업 입고  #엔진11 #대구자덕 #픽시 #엔진11크릿디  #대구픽시 #sogood #fixedgear #engine11critd  #달서구자전거 #달서구픽시,https://www.instagram.com/p/DH5guxeS2I2/
955,20250401,인스타그램,"@skreambikes magnum 풀 커스텀 후 출고 되었습니다!! 휠 빌드부터 파츠 하나하나 커스텀 조립 되었습니다💪🏼 . 픽시 커스텀엔 역시 백스테이지 @backstage_bike 12년차 경력 자부합니다. . 커스텀 조립, 휠 빌딩, 수리 언제나 환영입니다🙌🏼 . 백스테이지에서는 파격적인 공임 가격으로 정밀하고 섬세한 작업 및 정비 서비스를 느껴보실 수 있습니다.  .  문의는 👉 카카오톡 채널에서 “백스테이지”를 검색 후 채널 추가! 또는 인스타그램 (@backstage_bike) 프로핑 링크 클릭 후 추가! .  먼길 오시는 발걸음 헛되지 않게 오픈 시간 확인 하시고 와주시면 감사하겠습니다. ‼️오픈때마다 스토리 올라오니 확인하고 오시면 됩니다‼️ . 예약제 운영이 아니오니 언제든 편하게 방문 해주시면 됩니다.  .  ⭐️백스테이지 샵⭐️  🏠 서울시 송파구 삼전로13길 28 1층  📞 02-423-0351 📩 http://pf.kakao.com/_cMCxjn (카카오톡채널 추가) 📱 @backstage_bike (인스타그램)  ⏰ 365일 오전 11:00 ~ 오후 09:00  . #백스테이지 #자전거가게 #자전거 #픽시 #픽시샵 #서울 #송파구 #잠실 #정비 #미케닉 #커스텀 #빌딩 #허브 #트라보치 #mechanic #fixiedgearshop #parktool #fixie #fixiedgear #bikeshop #backstagebike #seoul #mentalbmx",https://www.instagram.com/p/DH5gv8axyCp/
956,20250401,인스타그램,입문용 로드의 정석 메리다 스컬트라 100! 1차 입고분 완판후 어렵게 구해왔습니다😭😭 다크그레이 xxs사이즈 화이트 s/m사이즈 각각 딱 1대씩 입고! 빠른 품절 예상됩니다 어서 문의주세요!😘 . . #자덕 #자린이 #자전거 #로드여신 #로드자전거 #메리다 #스컬트라100,https://www.instagram.com/p/DH5gZVUTSQk/
957,20250401,인스타그램,앱 개발자가 자덕이라는 카더라가 도는 이번 아이폰 “나의 찾기” 기능 업데이트! 친구랑 자전거 타는 분들이나 단체 라이딩 즐기는 분들은 꼭 한번 활용해보세요!📱😉  #쌍수르 #자덕스타그램 #아이폰,https://www.instagram.com/p/DH5gYOVxOeH/
958,20250401,인스타그램,"위즈덤 하우스의 학년별 도서를 정말 사랑하는데요! 드디어 3학년 이야기가 나왔습니다. ​ 지금 때 마침 3학년 아이들을 지도하게 된 터라  저희반 아이들이 책을 읽는 내내 겹쳐지더라구요~ ​ <3학년>은 👉🏻학교라는 시스템에 적응하고, 👉🏻친구와 어울려 놀줄알며,  👉🏻혼자 하고 싶은 것들이 생기는,  👉🏻본격적인 교과 수업이 시작되며 ‘학업’이라는 부담이 생기기 시작하는  👉🏻남이 어떻게 볼까 조금은 신경쓰는 👉🏻순수하고 여린 마음을 가진  👉🏻활달한 몸쓰기를 좋아하는  너무너무 귀여운 아이들이예요^^ ​ 이 책에는 3학년의 모습을 듬뿍 담고있는 이야기 4편이었어요. 저는 이 4개의 단편을 ✊🏻용기 라는 가치로 묶어보려고해요. ​ 1️⃣ 좋아하는 것에 도전 할 줄 아는 용기 : 3학년 밖에~ 이나의 사이에서 자신이 좋아하는 걸 찾아낸 예빈이, 3학년도 해낼 수 있다고!! 후회하지 않을 만큼 도전해보는 예빈이 이야기. ​ 2️⃣ 소중한 관계를 지킬 수 있는 용기 : 자전거 삼총사 사이에 빠지직 금이갔는데..?! 소중한 우정을 어떻게 지켜갈까?? ​ 3️⃣ 선입견을 인정하고 다름을 받아들이는 용기 : 모두가 익숙한 교실에 낯선 ‘나영’의 등장. 전라도에서 서울로 전학온 나영은 ‘라도’로 불리는데, 자신을 이상하게 보는 듯한 아이들과, 수상하게 오는 전화! 그렇게 풀려가는 비밀! ​ 4️⃣ 마음껏 상상할 수 있는 용기 : 상상력으로 탄생한 동화를 보며, 여러분은 어디까지 상상해보았나요? ​ 👦🏻👧🏻곧 3학년이 될, 이미 3학년인, 3학년이었던 아이들에게 추천해요~ ​ *위즈덤 하우스에서 책을 제공받아 솔직하게 작성합니다. ​ #나는빛나는3학년이야 #곽유진 #최은옥 #김다노 #우미옥 #서영 #위즈덤하우스 #3학년 #단편동화 #앤솔로지 #동화추천 #용기 #꿈 #우정 #hong_book_ee",https://www.instagram.com/p/DH5gsp7RUNO/
959,20250401,인스타그램,"[마감]  안녕하세요, #리브엠베서더휘영청 입니다!  🚴‍♀️ 변산반도 라이딩 투어 인원 모집 🚴‍♂️ ⠀ 5월 5일 어른이날! 라이딩 하기 딱 좋은 날씨에 변산반도 100km 라이딩 하실 멤버 구합니다! ⠀ 🟢 라이딩 벙짱 : 리브엠베서더 휘영청 🟢 모집 인원 : 4️⃣4명 선착순4️⃣ 🟢 코스 : 새만금 → 적벽강 → 슬지제빵소 → 바드재 → 부안시내 🟢 일정은 게시글 참조   🟢 난이도 : 평지+업힐 혼합 / 100키로 라이딩 경험자 ⠀ 💚 이런 분 함께해요  함께 열심히 타고 맛있게 먹고 놀다오고 싶은 분 포기 안하는 분(?) ⠀ 📩 참여 희망자는 DM 주세요! ⠀ #자전거투어 #변산반도라이딩 #리브엠베서더 #휘영투어 #100k라이딩",https://www.instagram.com/p/DH5gimUxiiF/
960,20250401,인스타그램,#영종도#로드자전거#남한산성#팔당#두물머리#시즌온#지옥  시즌온 제대로군.. 다리가 아직 무겁다,https://www.instagram.com/p/DH5gRbXRy-8/
961,20250401,인스타그램,"예거 가토4  정가 1,690,000 할인가 1,320,000  제품문의 02-851-6632  #예거자전거 #지엘엔코 #환이바이크 #그래블바이크 #자전거매장",https://www.instagram.com/p/DH5gNoFTNHA/
962,20250401,인스타그램,"🌞 2025 Cervélo Ride: 광나루 → 남산 🌞  완벽한 날씨 속에서 광나루 자전거 공원부터 남산까지, Cervélo 라이더들과 함께한 멋진 라이딩! 🚴‍♂️💨  라이더들과의 소통 덕분에 더 즐거운 시간이었습니다. 함께해주신 Cervélo 오너님들, 감사합니다! 🙌  📢 다음 라이드는 4월! 더 많은 라이더들과 함께 달릴 준비되셨나요? 써벨로 어드벤스드 라이드에서 곧 만나요! 🔥  #Cervélo #써벨로 #CervéloRide #남산라이딩 #광나루라이딩 #라이딩의즐거움",https://www.instagram.com/p/DH5gMJsS7M3/
963,20250401,인스타그램,"- 3월의 마지막 페이지를 넘기며 떠오른 단어는 ‘놀러와’입니다.  3월에는 정말 많은 글을 썼습니다.  3월에 도서관 이야기를 완성해 보려고 했는데, 그 에너지를 모두 이메일과 카카오톡과  기타 등등 글에 사용한 것 같습니다. 여러 형태의 섭외 글을 썼지만, 결론은 ’놀러와‘입니다.  여기, 칭다오라는 곳이 있습니다.  여기, 한국어를 모국어로 사용하는 독자가 있습니다. 여기, 한국을 그리워하는 이방인들이 있습니다.  여기, 아무도 남으라고 말한 적 없는데 남아서 향수에 취해 사는 사람들이 있습니다.  여기, 당신을 보고 싶어하는 사람이 있습니다. 여기, 내가 있습니다. 날 보러 와주세요.   저 멀리 외계에 신호를 보내는 사람처럼 이메일로,  SNS로,  카카오톡으로,  자신의 존재와 칭다오에 놀러오라는 신호를 보냈습니다.   3월을 섭외의 달로 정한 것처럼 3월에는 ’놀러와‘라는 말을 다양한 형태로 전했습니다.   놀러왔으면 좋겠습니다.  서로가 서로의 눈빛을 보고 나는 당신의 말과 글에 반했습니다,  저도 당신의 눈빛에 반했습니다, 하고  우정의 시간이 되면 좋겠습니다.   세대통합 독서모임 독자생존 4월의 책은 이훤 시인의 『청년이 시를 믿게 하였다』입니다.  매일 다양한 장르의 글을 보며 무너진 독서의 흐름을 다시 살려보시길 바랍니다. 4월은 만물이 소생하는 시기니까요.   아래 시는 방송인 김나영 님과 두 아이들에게 바친 시입니다. 김나영 님 채널에서 육성으로도 들어보시길 추천드립니다.  놀러와,  그리운 표정으로 삶을 그리고 있는 이방인의 도시에.  3월 소중한 마음 감사합니다.  4월과 5월의 마음은 임대료와 작가와의 만남에 보태겠습니다.   4월 6일은 도서관 개관 7주년이 되는 날입니다. 5년 안에 자립 못하면 ’망한다‘고 외치며 시작했는데, 2년을 더 운영했습니다.  덕분입니다. 도서관 운영 방식 등이 궁금하셨던 분들은 4월 5일(토) 오후 1시에 아주 짧은 강연(10분)으로 지금까지 운영했던 방식과 앞으로 나아갈 방향에 대해 이야기하려고 합니다. 자격은 없지만, 세바시라 생각하고 듣고 싶은 분들은 저에게 연락 주시면 미리 좌석을 마련하겠습니다.   📚  나는 아홉 살이 되었습니다 이준이는 나의 가장 친한 동생 엄마는 나의 가장 큰 집  엄마는 눈꺼풀이 얇아서 자주 웁니다 너에게 좋은 것을 줄게 말하면서 울고 자전거 타는 나를 보면서 웁니다  넘어지는 걸 두려워하면 안 돼 넘어지면서 배우는 거야  엄마는 카메라에 찍히는 사람 엄마를 모르는 사람들이 엄마를 기억합니다  작년에는 빨리 자란 이준이와 나를 보며 엄마가 말했습니다 엄마가 많이 많이 기억해놓을게 많이 기억하는 어른은 슬퍼지나봅니다  엄마는 크게 웃고 많이 웃습니다 눈 내리는 것처럼 웃어서 우리를 다 덮습니다  레고 블록처러 우리는 쌓이고  카메라 속에서  다시 조립되는 중입니다  이준이가 차를 두 번 어질렀는데 엄마는 세번째 차를 내려줍니다  엄마가 셋 셀 동안 그만하라고 했는데 나는 자꾸 늦습니다  엄마가 해준 말을 모았더니 커튼이 됐습니다  형아는 첫번째 아기라서 소중하고 너는 나의 마지막 아기라서 소중해  커튼을 잘라 방안에 불을 만듭니다  신우야 이준아 너희의 모국어가 될게 엄마라는 나라에 계속 놀러와  엄마를 배우는 동안 나의 지도가 늘어납니다  나는 그 나라를 좋아합니다  내가 제일 그리운 표정은  다 거기 삽니다  엄마도 여기 계속 놀러와 그냥 놀러와   _이훤,「4월 8일 동시와 시작 노트: 놀러와」『청년이 시를 믿게 하였다』(난다, 2025) 동시 전문  #놀러와 #칭다오경향도서관 #이훤시인 #청년이시를믿게하였다 #난다출판사",https://www.instagram.com/p/DH5gPfhxcpo/
964,20250401,인스타그램,"🪖 헬멧 종류 완전 정복! 풀페이스 vs 오픈페이스 vs 시스템헬멧 차이점 바이크 입문할 때 가장 많이 물어보는 질문 중 하나! “어떤 헬멧을 써야 할까요?” 오늘은 주행 스타일에 맞춰 선택할 수 있는 3가지 헬멧 종류와 그 차이점을 한눈에 정리해볼게요!🤓  ✅ 풀페이스 헬멧 가장 안전성이 높은 헬멧이에요. 턱까지 감싸줘서 고속주행 시 바람소음도 적고, 낙차 사고에도 얼굴 보호력이 강해요. ✔ 단점 : 답답함과 무게감, 여름엔 좀 더움!  ✅ 오픈페이스 헬멧 시야가 넓고 통풍이 잘돼요. 도심 주행이나 짧은 거리 위주 라이더들에게 인기 있는 타입! ✔ 단점 : 턱 보호가 없어 안전성은 다소 떨어질 수 있어요.  ✅ 시스템 헬멧 앞턱이 열리는 모듈러 구조로, 풀페이스의 안전성과 오픈페이스의 편의성을 동시에 갖춘 타입이에요. 헬멧 벗기 불편한 라이더들에게 특히 편하죠! ✔ 단점 : 구조상 무게는 다소 있는 편이에요.  🧼 헬멧 안 냄새 제거 TIP ✔ 탈부착 가능한 내피는 손세탁 & 완전건조! ✔ 탈부착 안될 경우엔 헬멧 전용 클리너 뿌려서 세척해주고, 탈취제 사용 ✔ 사용한 헬멧 안에는 숯이나 커피찌꺼기 넣어두면 탈취 효과 굿!  🌸 봄날 라이딩, 💦더위보다 냄새가 먼저 걱정되기 전에 헬멧 관리법까지 챙기자구요!  오늘도 안전하고 쾌적한 라이딩 되세요 🏍️💨  지금, 타바에서 중고 매물을 검색해보세요. 내 바이크, 자전거, 킥보드 매물 무료등록 및 인스타그램 광고를 하고싶다면 위치기반 바·자·킥 중고거래앱 #타바앱 에서!🤓😉  #헬멧종류 #헬멧 #풀페이스헬멧 #오픈페이스헬멧 #시스템헬멧 #헬멧선택 #오토바이 #헬멧냄새제거 #헬멧관리 #바이크장비 #바이크추천 #오토바이정보 #봄라이딩 #도심라이딩 #장거리라이딩 #주말라이딩 #바이크스타그램 #바이크라이프 #라이딩스타그램 #기변 #바이크 #초보라이더 #바이크타는여자 #바이크타는남자 #타바앱 #중고바이크 #밤바리 #낮바리",https://www.instagram.com/p/DH5gMhqRAP3/
965,20250401,인스타그램,농사(?)준비 끝  #뉴설악펜션 #자전거 #자전거여행#라이딩 #라이더 #라딩 #양양서핑 #소확행 #양양펜션 #양양여행  #설악해수욕장 #후진항 #양양맛집 #양양숙소 #양양시장 #양양장날 #낙산사 #정암해수욕장 #설악산#설악산단풍 #정암해수욕장 #비치마켓 #양양비치마켓 #양양가볼만한곳  #조용하고 가성비 좋은 펜션,https://www.instagram.com/p/DH5gFdphMis/
966,20250401,인스타그램,"🌞 2025 Cervélo Ride: 광나루 → 남산 🌞  완벽한 날씨 속에서 광나루 자전거 공원부터 남산까지, Cervélo 라이더들과 함께한 멋진 라이딩! 🚴‍♂️💨  라이더들과의 소통 덕분에 더 즐거운 시간이었습니다. 함께해주신 Cervélo 오너님들, 감사합니다! 🙌  📢 다음 라이드는 4월! 더 많은 라이더들과 함께 달릴 준비되셨나요? 써벨로 어드벤스드 라이드에서 곧 만나요! 🔥  #Cervélo #써벨로 #CervéloRide #남산라이딩 #광나루라이딩 #라이딩의즐거움",https://www.instagram.com/p/DH5f_86Sk3H/
967,20250401,인스타그램,"지로 재그 반장갑 정가 27,000  #스포츠온55 #환이바이크 #자전거반장갑 #자전거여름장갑 #자전거매장",https://www.instagram.com/p/DH5f58jT9pL/
968,20250401,인스타그램,#옥포 #옥포벚꽃길 #벚꽃 #날씨좋다  대구에 볼일 있어서 왔다가   타이밍 왕굿 👍  벚꽃 축제라서 사람들 많아요  가족들 연인들 부러움  공복에 너무 탔더니   집에 다와서 다행히 근육 경련이 나서  다행 힘들어서 죽는줄 ㅜㅜ  옷이 너무 노랑 노랑 해서  사람들 자꾸 쳐다 봄 ㅜㅜ  #벚꽃축제 #일상 #소통 #자전거  #운동 #노랑노랑 #공복유산소  #벚꽃길 #힐링 #스트레스풀기  #경치 #풍경,https://www.instagram.com/p/DH5fOUTphZ8/
969,20250401,인스타그램,벚꽂라이딩 양동마을왕복 권코치와 함께..  #싸이클#라이딩#양동마을 #벚꽃라이딩 #자전거라이딩,https://www.instagram.com/p/DH5fF4Pv1OQ/
970,20250401,인스타그램,[봄맞이 찬스~ BIG 경품대축제!!] 총 40명 무작위추!첨! 당첨시 경품 3개중 선택가능!!  ◆전기자전거 ◆드론(DJI MINI 3) ◆닌텐도 스위치  ▷행사기간: 4/1~5/31 ▷추첨일시: 4월 20명 / 5월 20명 추첨,https://www.instagram.com/p/DH5e8kMy68H/
971,20250401,인스타그램,2025.03.29  3월에 날이 좋아서 창포원 키즈카페 겸 나들이 가려고 미리 예약했는데... 하필 가는날 눈이 오다니... 그래도 실내에서 2시간 꽉꽉 채워 열심히 놀고 엄빠는 추웠지만 자전거 하나에 매우 만족하며 창포원 한바퀴 돌고 집에 돌아와서 꿀잠 잤던 토요일. 담에 날 좋을때 한번더 가보자. (마지막은 요즘 핫한 지×× 사진)  #인생876일차#거창창포원#키즈카페#3월에눈#공공형키즈카페#피자만30분째만듦#트램폴린재미에눈뜬날,https://www.instagram.com/p/DH5e_LXzCl_/
972,20250401,인스타그램,십 년 가게 사상 최초로 열리는 깜짝 세일에 초대합니다!  타지 님의 딸기🍓 에이라 님의 로켓 펜던트🚀 제론 님의 자전거🚲  누군가의 운명을 완전히 바꿔 버릴 물건들이  십 년 가게에서 새로운 주인을 기다리고 있어요.   소중한 물건들을 지키고 싶은  십 년 가게의 바람은 이루어질까요?,https://www.instagram.com/p/DH5eyr6vlFQ/
973,20250401,인스타그램,"인스타그램에서 보셨던 사진들 속 소품의 대부분은 스튜디오에 구비되어 있지만, 베이커리류, 뜯어져 있는 과자 등 사용기한이 정해져 있는 음식 혹은 스쿠버다이빙 용품, 자전거 등과 같은 전문용품은 손님께서 직접 준비해오신 소품입니다. 특별히 촬영 하고 싶은 컨셉에 필요하신 소품이 있다면 직접 준비해주세요.  승주님과 함께한 촬영입니다 🙂  .  #밸런스버튼  .  #balancebutton #당일보정 #바디프로필",https://www.instagram.com/p/DH5eyLMJNbC/
974,20250401,인스타그램,"🇰🇷종합 금융투자분석: 효 연  ❤️오직 고객님들의 수익을 위하여 노력하겠습니다❤️  ""안녕하세요"" 한마디가 여러분의 인생을 바꿀수 있습니다.  “차별화된 포트폴리오, 상위 1% 전문가”  “남들보다 한발 빠른 정보와 오랜 노하우 ”   "" 초보자 무경험자라도 참여 가능 ""  ☑️실시간 수익 확인가능 ☑️리스크 제로  이모든것을 놓치지 않기위해, 경제적 자유를 위해서라도 여러분과 함께 진정한 부자의 길로 들어서보려 합니다  • 1:1 맞춤형 무료 상담 —————————————————— 💬상담문의는 프로필하단 링크타고 문의해주세요〽️  #피팅클럽 #피팅모델구함 #대구골프피팅 #피팅샵 #분당골프피팅 #자전거피팅 #유아피팅모델 #피팅에잇 #피팅샷 #클럽피팅 #한복피팅 #돌드레스피팅 #골프피팅샵 #아동복피팅 #홈피팅아기모델 #키즈피팅모델 #웨딩드레스피팅 #의류모델 #의상협찬 #아동복피팅모델 #피팅룸 #아기피팅모델 #드레스피팅 #피팅촬영 #골프피팅",https://www.instagram.com/p/DH5eutvv1aQ/
975,20250401,인스타그램,"- #내돈내산 #로빈이첫바이크 #도쿄나인랭글러 #도쿄나인  - 아이들은 금방 자라니까 더 튼튼하고 좋은걸로!! 나도 첫자전거가 도쿄나인이었는데 울 빈이도 도쿄나인으로 개시🚲🖤 - 국내최초 18인치 펫바이크로 일반바퀴의 두배두께로  더 안정감있게 자전거 입문완료😉 한두번 패달을 굴려보더니 이해했다는듯 자유롭게 단지내 한바퀴! 무엇이든 처음 접하는 경험이 아이에게 성취감 획득이냐, 트라우마로 남느냐 좌우하는데 튼튼한 보조바퀴가 있어  두려움 극뽁!!!🖤 성취감 획득!!!🖤  - 매일 나가자고 하는 아이. 몸치 엄마가 처음 알려줬는데도 금새 터득하고 커브까지 자연스럽다.  - 언제가 가족라이딩 할 날을 고대하며 도쿄나인 오래 함께 하자🖤 -",https://www.instagram.com/p/DH5es1BvDMr/
976,20250401,인스타그램,여기저기 대전 구석구석 꽃구경하다 어릴때 살던동네가서 호돌이만두 먹으려 했는데 재료소진ㅋㅋ 하천 치우시는 중앙동 동사무소 아저씨 몰카찍고 오지마 라고 써있어서 가봄ㅋㅋㅋ 돌다리 건너다(자전거신발은 미끄러움)미끌미끌 스릴만점ㅎ 봄은 만우절과함께 시작된다.,https://www.instagram.com/p/DH5eRVJPKFs/
977,20250401,인스타그램,"🚲  안녕하세요 대전 에이스오픽스 공식 대리점 제이바이크 입니다 오늘 소개해드릴 자전거는 알루미늄 트라이폴드의 대표!! ""에이스오픽스 에어 라이트"" 네이비블루 색상 입니다 네이비 색상 프레임에 실버 파츠 조합 입니다 갈색 머드가드 플랩 포인트로 상당히 클래식한 느낌이구요 오리지널과 1대1 사이즈로 컴팩트하고 따로 튜닝하지 않아도 부드럽고 가벼운 외장 비비와 외장 6단 기어가 장착되어 있습니다 탈부착식 페달도 기본 장착되었습니다 알루미늄 프레임으로 부식에 강하고 굉장히 가볍습니다 매장 실측 페달 포함 9.7kg 나왔구요 가볍고 완성도 좋은 트라이폴드를 찾으신다면  에이스오픽스 에어 라이트 모델을 추천드립니다  ₩ 1,390,000  #에이스오픽스 #에이스오픽스에어라이트 #트라이폴드 #접이식자전거 #미니벨로 #대전미니벨로 #세종미니벨로 #대전트라이폴드 #세종트라이폴드 #대전 #세종 #제이바이크",https://www.instagram.com/p/DH5dSmwh3TB/
978,20250401,인스타그램,"예상치 못한 도로는 물론 악천후와도 싸워야 하는 랜도너, 포장 도로를 벗어나 나만의 길을 달리고 싶어하는 모험가, 단순한 카본 프레임 그 이상의 그래블 바이크를 찾는 이들에게 '콜나고 C68 그래블'은 가장 이상적인 자전거 입니다.   #콜나고 #콜나고C68그래블 #그래블바이크 #그래블자전거 #자전거 #랜도너 #랜도너스 #그래블 #오프로드 #비포장도로",https://www.instagram.com/p/DH5dM-gTHmu/
979,20250401,인스타그램,벚꽃 라이딩!  #벚꽃라이딩 #봄 #운동 #취미 #라이딩 #운동을합시다😎👊 #달리자 #포항 #똥바람 #힐링라이딩 #로드자전거 #다이어트,https://www.instagram.com/p/DH5dFmyBlqN/
980,20250401,인스타그램,#자전거 #운동 #자이언트 #mtb,https://www.instagram.com/p/DH5cvm9J5y1/
981,20250401,인스타그램,카피바라 아시나요??🤗  중2 아들이 처음 산 인형이 카피바라예요🤣🥰🎵🎶  자전거에 달고 다니겠다고 주문한 인형  전 이런 아들이 더 귀엽게 느껴지더라구요🦛🦔  용돈 8500원 투자한 인형😍  #카피바라그림 #카피바라 #인형 #일러스트그램 #동물그림 #오일파스텔그림 #오일파스텔드로잉 #capybara #animallover #drawing #illustration #oilpastel,https://www.instagram.com/p/DH5bz9lperU/
982,20250401,인스타그램,"South Korea, Yangpyeong 130km ride. What happens when a short ride turn into a long ride with a lot of hills. 😆  If you’ve not cycled in Korea yet, you’re missing out. 1000’s of km of untouched bicycle paths.  . 양평 130km  갑작 long ride 돼버렸어  . The boyssss @felix.lahiff @rasmusdoingthings  . @giantkorea @thesyn.cc . . . . #cyclingkorea #cyclekorea #cyclinglifestyle #자전거여행 #양평자전거 #양평여행 #bicyclelife #tourdekorea #cyclesync",https://www.instagram.com/p/DH5bh_5yYBx/
983,20250401,인스타그램,"Apr 1 2025 🚴🏼 화요 연차 라이딩 with @limsunhyung   수요일도 비와 토요일도 비와, 오늘 연차쓰길 잘한것 같다  따스한 햇빛 맞으며 커피&소금크와쏭 먹으니 힐링 제대로 하고 옴  같이 라이딩하며 멋진 사진과 영상 남겨주신 선형님 감사합니다~!👍👍 +오르소커피는 매주 화요일 쉽니다😊 . . . ◼ 4월 1일 훈련상태 ◼ 😨 오버트레이닝 주의 (1025) 🌳 체력 61, 피로 117, 균형 -56  ◼ 라이딩 종합 ◼ 🐶 자유로운 훈련 (적정강도) 🏷️ 적정강도 훈련, 지속성과 동기부여, 즐거움 🚵 힐클라임 라이딩 📊 R파워 152, 강도 0.64, 훈련량 127 ✨ 회복시간 31 시간 . . . #cycling  #cycle #cyclelife #사이클링 #라이딩 #자전거 #자덕 #자린이 #운동 #남사북 #카페라이딩  🚲 #refined 💻 #wahoobolt2 👀👀 #4iiiipowermeter",https://www.instagram.com/p/DH5b-SFyp5n/
984,20250401,인스타그램,Osmo Action 5 Pro 🎥  이번 자전거 여행에서 너무 잘 사용한 Osmo Action 5 Pro ✨  이전버전도 사용하고 있었기에 더욱 잘 느껴지는 차이점 덜렁거리는 저에게 최고로 와닿는 건…  # 고프로 #액션5프로 #고프로13 #DJI액션5프로 #액션5프로 #인스타360에이스프로2 #바이크카메라 #bikecamera #액션카메라,https://www.instagram.com/p/DH5bmr2SHot/
985,20250401,인스타그램,"[광주 효령타운 15주년] 광주 효령타운서 품격있는 노후 따뜻한 동행을 - 광주시, 개원 15주년 기념행사…새 슬로건 선포‧유공자 포상 - 강기정 시장 “어르신들 밝고 건강하고 활기차야 사회도 건강”  ‘품격있는 노후, 따뜻한 동행! 효령노인복지타운.’ 광주시가 효령노인복지타운의 새로운 슬로건을 선포하며, 개원 15주년을 축하했다.  광주광역시(시장 강기정)는 1일 북구 효령노인복지타운에서 ‘개원 15주년 기념식’을 개최했다. 그동안 효령타운이 걸어온 15년 발자취를 돌아보고, 지역사회와 함께 나아갈 미래를 다짐하는 행사였다.  이날 기념식에는 강기정 시장을 비롯해 신수정 광주시의회 의장, 이정선 광주시교육감, 효령노인복지타운 회원, 주민 등 약 1000여명이 참석했다.  이날 행사에서는 공모를 통해 선정된 새로운 구호(슬로건) ‘품격있는 노후, 따뜻한 동행! 효령노인복지타운’을 선포하고, 어르신들의 행복한 삶을 지원하는 복지타운의 역할과 가치를 되새겼다.  또 효령타운 발전에 기여한 박관용‧서형선 직원과 봉사활동 등 모범시민 조재태·전혜숙·노감천 씨에게 광주광역시장 표창이 수여됐다.  강기정 광주시장은 “어르신들이 밝고 건강하고 활기차야 우리 사회가 더욱 더 밝고 건강해진다”며 “빛고을타운과 효령타운에 이어 광산구에도 노인타운 건립을 시작한다. 광주는 어르신들이 살기 가장 좋은 도시, 대한민국 어르신들 복지의 표준을 만드는 도시가 되도록 최선을 다하겠다”고 밝혔다.  이날 행사에서는 연제힐스테이트어린이집 어린이들의 깜찍한 율동 무대, 라인댄스 회원들의 신나는 퍼포먼스 등 다채로운 공연이 이어져 행사 분위기를 돋웠다. 또 ㈔코리아문화예술단의 수준 높은 공연과 대·자·보(대중교통, 자전거, 보행 중심) 퍼포먼스도 선보였다.   부대행사도 다채롭게 펼쳐졌다. ‘효령장터’에서는 노인일자리 생산품을 홍보·판매하는 부스(남구‧북구‧광산구시니어클럽)와 건강관리 부스(조선간호대학교, 북구보건소, 신세계안과, 아로마치유마사지 동아리)가 마련돼 구강검진, 혈압·혈당 체크, 아로마 마사지 체험 등 다양한 프로그램이 제공됐다. 어르신들이 직접 참여하는 ‘어울림 노래한마당’도 열려 참석자들이 함께 어우러지며 행사 분위기를 더욱 달궜다.  효령노인복지타운은 노인일자리사업 특화시설로 등록회원은 1만4590여명이며, 일평균 1200여명의 어르신이 이용하고 있다. 노인일자리 사업 및 사회활동지원사업으로 10개 사업단 423명이 참여하고 있다. 노년사회화교육사업 59종 89개 반을 운영 중이며, 파크골프장‧작은도서관 등 다양한 시설을 갖췄다. <끝>  ※ 별첨 : 사진  (고령사회정책과, 613-3070)   출처 : 광주광역시 #광주광역시 #2025소셜기자단 #gwangju #광주소셜기자단 #기회도시광주 #효령노인복지타운",https://www.instagram.com/p/DH5bOVAznlg/
986,20250401,인스타그램,"수변공원 전체가 벚꽃으로 뒤덮인 동화같은 스팟🌸  밀양강을 따라 양옆으로 벚꽃터널이 펼쳐지는 곳🤍💗  벚꽃뿐만 아니라 조팝나무도 예쁘게 피어있어서 너무 예쁜 벚꽃 포인트에요..!!  벚꽃나무들 키가 정말 크고 터널처럼 풍성하게 피어있어서 지금 당장 가도 너무 예뻐요..🌸 +공원 자체가 정말 넓어서 피크닉하기도 딱🧺  다른 유명한 벚꽃스팟에 비해 사람도 적고 웨딩촬영도 하고 있더라구요!👰🏻‍♀️🤵🏻‍♂️ 천천히 강변따라 산책하기도 좋고 자전거 타기도 좋은 곳이니 데이트하러 다녀와보세요!🌿  벚꽃나무 아래서 함께 피크닉하고 싶은 사람에게 공유해주세요✨  📍밀양 삼문동 수변공원 (경상남도 밀양시 삼문동 694-4) 🅿️밀양 삼문 풋살경기장 ▫️주차장,화장실,피크닉 가능 ▫️25.03.31촬영📸  🌸팔로우하시면 더 많은 여행정보&꿀팁 빠르게 볼 수 있어요!🌸 . . . #밀양벚꽃 #밀양여행 #밀양가볼만한곳 #벚꽃놀이 #벚꽃구경 #삼문동수변공원 #숨은벚꽃명소 #밀양벚꽃명소",https://www.instagram.com/p/DH5bAMlPQfy/
987,20250401,인스타그램,#２０２４０５１９   일본 수산시장 다녀왔오요😚  사실은 천호동의 수산시장 컨셉의 가게 랍니다  오랜만에 주말 나들이♡  인생네컷도 남기고  잠을 이기지 못한 민서는 쪽잠💤  집에와서는 바로 자전거 연습 돌입했지유  진지한 표정도 참 귀여운 민떠씨😍  . . . #6살민떠기록🍒  #밀린피드올리는중  #우리가족추억남기기 #민서의매일을기록중  #2019년생#일상,https://www.instagram.com/p/DH5a_e1yazJ/
988,20250401,인스타그램,르노 트위지  트위지 전기차에 평판캐리어 그리고 그위에 장착한 자전거 캐리어!! 조 쪼꼬미에도 할수있는게 많아요.  문의 전화 010.9306.7759  올 스테인레스 스틸 작업! 내구성강한 열분체도장 마감! 🚗🚗🚗,https://www.instagram.com/p/DH5bBGvPwzX/
989,20250401,인스타그램,엄마랑 벚꽃보기🌸🌸❤️            엄마랑 자전거 타면서 벚꽃길 너무 좋았쟈냐🫶🏻  울 엄마는 내 사진에 진심이얍!🥰 오늘 만우절인데ㅋㅋㅋㅋㅋ넘어진것도 만우절 장난이라고 해줰ㅋㅋㅋㅋㅋㅋㅋㅋㅋㅋㅋㅋㅋㅋㅋㅋㅋㅋ추억이다ㅋㅋㅋㅋㅋㅋㅋ #엄마랑데이트 #벚꽃길 #자전거 #재밌다 ㅋㅋㅋㅋㅋㅋㅋ,https://www.instagram.com/p/DH5a9cmSgRo/
990,20250401,인스타그램,"첫 페달부터 특별하게, 우리 아이를 위한 카본 자전거  ✅ 국내 최고 카본 키즈 바이크 – 초경량 프레임으로 가볍고 튼튼! ✅ 어린이 제품 KC 인증 완료 – 믿고 탈 수 있는 안전한 자전거! ✅ 핸들 조향 60도 락 기능 – 과도한 조향 방지로 안전한 주행 가능! ✅ 더욱 튼튼한 광폭 타이어 – 충격 흡수로 안정적인 승차감! ✅ 최대 3년 무상 워런티 제공 – 프레임 3년, 구동계 6개월  👧 에이큐트 20인치 – 성장기 아이를 위한 최상의 선택! (권장 신장: 110-135cm)  📍 세파스 공식 스토어 및 전국 12개 대리점에서 만나보세요! 🛒 지금 바로 에이큐트를 경험하세요!  #어린이자전거 #카본자전거 #에이큐트 #세파스 #키즈바이크 #카본프레임 #첫자전거 #자전거추천",https://www.instagram.com/p/DH5alYQtvNn/
991,20250401,인스타그램,"#지자체지원 #나주 이번 봄에 전남 나주로 떠나야 함 👀✨ 필수 여행 스팟만 추려서 알려줄테니까 짝꿍이랑 늦기 전에 얼른 가쟈 (´ε｀ )♡  @@나주에서만 즐길 수 있는 것 만땅 !  #한수제  ♡ 나주의 대표적 벚꽃 명소! 봄 필수 여행지  #불회사  ♡ 자연의 아름다움과 고즈넉한 나주 풍경이 어우러진 곳  #목사내아  ♡ 나주의 감성이 들어간 전통 한옥 숙소로 추천!  #영산강정원  ♡ 양귀비꽃이 흐드러지게 핀 탁 트인 힐링 스팟   + 근교 영산강대교~나주대교 드라이브 코스 / 자전거길 / 곰탕거리 / 홍어거리 위치!👍  #산림연구원  ♡ 이국적인 포토 스팟이 있는 이색 데이트 코스로 추천! 💗  #한반도지형전망대  ♡ 한반도지형을 감상할 수 있는 전망대! 노을 질 때 강추!  #황포돛배체험  ♡ 오직 나주에서 즐길 수 있는 영산강 속 돛배 체험!  #국립나주숲체원  ♡ 대규모 데크길과 잔디밭이 구비되어, 힐링 프로그램도 참여하기 굿 bb  #다도로60  ♡ 100평 힐링카페와 6000평온로드, 오프로드 카트 체험 가능!  #나주곰탕거리  ♡ 오래 고아서 낸 ‘곰탕’을 다채롭게 즐길 수 있는 거리  #3917마중  ♡ 나주곰탕거리 근처 위치한 카페로, 복합문화공간으로 운영되는 곳  #대한민국구석구석 #나주가볼만한곳 #나주여행 #전남가볼만한곳 #나주벚꽃 #나주봄여행 #나주벚꽃스팟 #나주여행추천 #나주이색데이트 #나주데이트 #나주전망대 #나주카페",https://www.instagram.com/p/DH5aeGCyLJe/
992,20250401,인스타그램,"🎧 Micro Playlist 🎧  아이랑 보내는 하루하루, 작은 순간들도 음악처럼 기억에 남을 때가 있죠.  마이크로는 그런 일상에 살짝 리듬을 얹어주는 존재 같아요 🎵  ✔ 라이딩이 익숙해지는 첫 킥보드 ✔ 씽씽 달리는 자전거 위의 뿌듯한 얼굴 ✔ 색깔까지 아이 취향 저격인 헬멧 ✔ 여행갈 때마다 꺼내 드는 러기지 이지까지!  우리 아이의 플레이리스트엔 어떤 순간, 어떤 노래가 담겨 있을까요?  💬 마이크로와 함께한 순간에 듣고 싶은 노래 혹은 마이크로 하면 떠오르는 곡이 있나요? 댓글로 공유해주세요!  📍Micro PLAYLIST – 지금부터 시작해볼까요?",https://www.instagram.com/p/DH5ZwQGzees/
993,20250401,인스타그램,매일 차에 자전거 실어서  옌이 태워주려다가 허리가 나갔음😭 오랜만에 인스타들어오니 뭐가뭔지 모르겠..😅  #아줌마일상#48개월아기일상 #아기자전거산책 #하원후학원행 #아기일상 #추운데치마입어야겠냐,https://www.instagram.com/p/DH5YswOJ-nV/
994,20250401,인스타그램,☆ 부산 최대 피어싱 ☆ ☆ 부산 최초 피어싱 전문점 ☆ ☆ 경성대 jh 피어싱 ☆  주소 : 부산광역시 남구 용소로 14번길 23           1층  jh피어싱 전문점  주차 : 가능  연락처 :  010 4448 2731  카카오톡 : vhrlgofk  문의 및 예약은 전화 또는 카톡으로 해주세요  ● 현금 할인 이벤트 ●  현금 할인 이벤트 및  선물 이벤트 진행합니다  #piercing #jh피어싱 #부산가볼만한곳 #경대피어싱 #경성대피어싱 #부산귀뚫는곳 #엄마와딸 #해운대피어싱 #스트레스해소법 #부산피어싱 #부산가볼만한곳 #아이돌지망생 #부산맛집추천 #아이돌메이크업 #연극영화과  #광안리피어싱 #busanpiercing #커플자전거 #귓바퀴피어싱 #부산맘스타그램 #부산여행코스 #아웃컨츠 #아이방인테리어 #피어싱스타그램 #piercings  #광안리가볼만한곳 #outerconchpiercing #메이크업포에버 #부경대피어싱 #부산피어싱샵,https://www.instagram.com/p/DH5YmoBvF-n/
995,20250401,인스타그램,#남의동네 비건 맛집 식당 찾아가다가 공영주차장 바로 옆에 있는 자전거 수리점을 발견~!  서초구민들은 무료 수리라고 하니다👍 부품이 필요할 경우만 비용 들고요~ 세차장도 있고 태양광 공기주입기까지😲 서초구 주민분들 부러워요!!!  #자전거무상수리 #자전거스테이션 #서초자전거스테이션,https://www.instagram.com/p/DH5YZIPyJej/
996,20250401,인스타그램,"입문용 로드자전거로 추천드리는 <록스 피렌체 FR300>  - 2x8 16단 기어가 장착 - 기계식 디스크브레이크 - 풀 인터널 드롭바 (에어로 타입) - 센터홀방식 안장 - 2가지 사이즈 470(키158~175cm), 510(키170~189cm) - 3가지 색상 디자인 - 매장구매시 전문가 무료 조립 및 세팅까지 가능  #로드자전거 #로드자전거입문용  #중학생자전거 #고등학생자전거  #로드자전거추천 #가성비로드자전거",https://www.instagram.com/p/DH5YDubTSFC/
997,20250401,인스타그램,#제주여행#가파도#가파도_자전거일주#가파도_청보리맥주#가파도_모자구매,https://www.instagram.com/p/DH5YP39Peu7/
998,20250401,인스타그램,우리주니 두발자전거타기 성공🚲  #두발자전거 #저서저서🚲 #연병장에서만난고라니친구들,https://www.instagram.com/p/DH5Xv4fSqHt/
999,20250401,인스타그램,"빅주님이 주신 #베가베리 파워젤 옴뇸뇸😋  북악 7회전을 돌기 전에 힘내기 위해 먹었는데!! 맛있길래..계속 쪽쪽~쭈욱쭈욱, 쩝쩝ㅋㅋㅋㅋ  협찬을 받은 건 아니지만 받고 싶은 맛과 제형🥹 그리고 덜 끈적이기까지 하던데...  아무튼! 제가 서울까지가서 눈이 내렸던 저 날에!!! 거센 3D바람까지 맞아가며 북악을 7회전이나 했을까요😭  오늘 저녁 유튜브 #진격의자전거인 에 업로드 됩니다:-)  -  먹고 있는 파워젤 @vegavery_global  파워젤을 선물해 준 @kim.bigjoo",https://www.instagram.com/p/DH5XWxWxfBG/
1000,20250401,인스타그램,#  와 오늘 날씨 🐶덥네. 반반입고도 땀이 줄줄줄.. . . . #만우절 #📷by @h.ikary  ——————————————————————————— 𝐒𝐩𝐨𝐧𝐬𝐨𝐫𝐬:   #팩터 #factorbikes @factorbikes @glnco_official #블랙잉크 #Blackinc @blackinc @blackinc_korea #본트 #Bont @bontcycling.korea @bontcycling  #큐삼육오 #q36_5 @q36.5_korea @q36_5 #HJC @hjcsportskorea @hjcsports @route6sports  #시클로베이션 @ciclovation.kr #SUMC @velogic #코겔 #빅풀리 #kogel @tbl_bikes @kogel_kr  ——————————————————————————— #자전거 #사이클 #cycling #cyclinggirl #cyclingstyle #cyclinglife #cyclingapparel #cyclingphotos #cyclingaddict #cyclingshot #cyclingwear #cyclingkits,https://www.instagram.com/p/DH5XSjRSvaa/
1001,20250402,블로그,<봄봄봄 봄이 왔어요🎵> 대저생태공원 나들이🌸,https://blog.naver.com/PostView.nhn?blogId=myry_mydiary&logNo=223820106908
1002,20250402,블로그,로마 콜로세움 & 포로노 호텔·숙소 합리적으로 예약하고 싶다면? 가성비 추천 Pick Best 3,https://blog.naver.com/PostView.nhn?blogId=hotelsyouth&logNo=223820101761
1003,20250402,블로그,🌸 경주 벚꽃 명소 총정리! 인생샷 명소부터 조용한 힐링 스팟까지,https://blog.naver.com/PostView.nhn?blogId=wowgum300&logNo=223820095978
1004,20250402,블로그,청남대 꽃 문화축제 영춘제,https://blog.naver.com/PostView.nhn?blogId=munni1450&logNo=223820085712
1005,20250402,블로그,규칙적인 운동의 중요성과 실천 방법으로 변화되는 내 몸,https://blog.naver.com/PostView.nhn?blogId=secreto-&logNo=223820085284
1006,20250402,블로그,대구 벚꽃 명소 금호강 벚나무길 동촌유원지 맞은편 제일 예쁨,https://blog.naver.com/PostView.nhn?blogId=viva_eva&logNo=223820084126
1007,20250402,블로그,"아이랑 갈만한 곳:) 오산 맑음터공원 무료 자전거 대여하는 법, 오산e음",https://blog.naver.com/PostView.nhn?blogId=sjuunimami&logNo=223820078465
1008,20250402,블로그,마샬 윌렌 블랙  브래스 국내 고고 충격 진짜,https://blog.naver.com/PostView.nhn?blogId=pvkdwsdnl&logNo=223820060882
1009,20250402,블로그,남대문 수입명품 선글라스 및 도매 경점 믿을수 있는 38년 남도안경원에서,https://blog.naver.com/PostView.nhn?blogId=destinysii&logNo=223820033570
1010,20250402,블로그,세종시 가볼만한곳 대전 근교 벚꽃 드라이브 명소,https://blog.naver.com/PostView.nhn?blogId=angel100406&logNo=223820048000
1011,20250402,블로그,"3월 일상. 정리는 마음을 헛헛하게 하지만, 결국 필요한 일이다",https://blog.naver.com/PostView.nhn?blogId=won1ywon&logNo=223820045536
1012,20250402,블로그,🏝 또제주,https://blog.naver.com/PostView.nhn?blogId=kkkang_2&logNo=223820044840
1013,20250402,블로그,"용인 쌩쌩쌩 챌린지, 목표 달성했지만 선착순 지급?",https://blog.naver.com/PostView.nhn?blogId=park_mam&logNo=223820044244
1014,20250402,블로그,범용 자전거 휴대폰 거치대 스탠드 타격 핵특가,https://blog.naver.com/PostView.nhn?blogId=rgyvjibzw&logNo=223820043714
1015,20250402,블로그,"부여 한옥 스테이, 신선한옥펜션에서 특별한 하루 보내기",https://blog.naver.com/PostView.nhn?blogId=espia812&logNo=223820038365
1016,20250402,블로그,자전거 뺑소니 신고 방법 및 주의사항 완벽 정리,https://blog.naver.com/PostView.nhn?blogId=choinonlbag72&logNo=223820036108
1017,20250402,블로그,[까치글방] 수학 지능 : 인공지능은 할 수 없는 인간의 7가지 수학지능,https://blog.naver.com/PostView.nhn?blogId=julie0964&logNo=223820035967
1018,20250402,블로그,25.4.2 수요일 날씨 맑음,https://blog.naver.com/PostView.nhn?blogId=myguswls0326&logNo=223820034616
1019,20250402,블로그,"아름다운 벚꽃길 따라 설레어 ""봄"" :: 보은 벚꽃길 축제",https://blog.naver.com/PostView.nhn?blogId=yeogiyou&logNo=223819435891
1020,20250402,블로그,상봉역정형외과 계단만 오르면 무릎이 아픈 퇴행성관절염,https://blog.naver.com/PostView.nhn?blogId=jnbestos1&logNo=223820032855
1021,20250402,블로그,"2025년 1월(이안생일,그날의미술관,설날..)",https://blog.naver.com/PostView.nhn?blogId=tnqls9708&logNo=223820020272
1022,20250402,블로그,개강 5.5주차 기록,https://blog.naver.com/PostView.nhn?blogId=shooding1602&logNo=223820011004
1023,20250402,블로그,평택 내리문화공원 숲놀이터 연날리기 좋은곳,https://blog.naver.com/PostView.nhn?blogId=plainwater&logNo=223820010386
1024,20250402,블로그,2025.4.2. 이사오기 참 잘했다,https://blog.naver.com/PostView.nhn?blogId=arial2014&logNo=223820008247
1025,20250402,블로그,"3,4월 제주여행 3박 4일 코스 추천&현지인 맛집 추천 3-4일차",https://blog.naver.com/PostView.nhn?blogId=jmv__v&logNo=223820006371
1026,20250402,블로그,서울 근교 안양 벚꽃 명소 - 안양천 벚꽃길 : 4월 1일 상황,https://blog.naver.com/PostView.nhn?blogId=amaximum33&logNo=223820004098
1027,20250402,블로그,로스앤젤레스 롱비치 호텔 추천 BEST 4 | 여행을 위한 숙소의 소개를 확인하세요!!,https://blog.naver.com/PostView.nhn?blogId=hotelrecommender&logNo=223820003290
1028,20250402,블로그,근육량 증가를 위한 영양과 운동법 – 효과적인 몸 만들기 가이드,https://blog.naver.com/PostView.nhn?blogId=lovelysome640&logNo=223820003006
1029,20250402,블로그,흉추후만 뜻과 스트레칭 및 운동 방법,https://blog.naver.com/PostView.nhn?blogId=rhfleld111&logNo=223820001138
1030,20250402,블로그,서울숲 벚꽃 & 튤립 꽃사슴방사장 & 피크닉 성수동 가볼만한곳,https://blog.naver.com/PostView.nhn?blogId=bigway22&logNo=223819999316
1031,20250402,블로그,[문버드] 탁 트인 정원과 감성적인 인테리어의 양주 고읍 카페,https://blog.naver.com/PostView.nhn?blogId=hyejin1935&logNo=223819998020
1032,20250402,블로그,[구미캐노피하드탑] KGM 렉스턴스포츠 적재함 하드탑 | 코레일 업무용 차량 하드탑 | 티박스 기본 하드탑 | 적재함캐노피 | 쿨맨 TM T-BOX HARDTOP,https://blog.naver.com/PostView.nhn?blogId=thulecarpro&logNo=223819998002
1033,20250402,블로그,하남 하남시 덕풍동 망월동 미사동 유품정리 가정집폐기물 가구수거 쓰레기집 청소,https://blog.naver.com/PostView.nhn?blogId=ppgot&logNo=223819997743
1034,20250402,블로그,"인천논현 명품수선, 밑창보강부터 세탁까지 맡기는곳",https://blog.naver.com/PostView.nhn?blogId=leather_flex&logNo=223819997418
1035,20250402,블로그,당뇨병 수치 기준 및 초기증상 예방하려면,https://blog.naver.com/PostView.nhn?blogId=sleep_doctor&logNo=223819997061
1036,20250402,블로그,[250402] 그냥 한다,https://blog.naver.com/PostView.nhn?blogId=szhaowei7_&logNo=223819996396
1037,20250402,블로그,"20250402w  사람들과의 함께한 하루 (ft. 당근, 친구, 가족)",https://blog.naver.com/PostView.nhn?blogId=lalala_up&logNo=223819991338
1038,20250402,블로그,씨엠림 슬라 크람 호텔/리조트·숙소 합리적으로 예약하고 싶다면? 가성비 추천 Pick Best 3,https://blog.naver.com/PostView.nhn?blogId=hotelsyouth&logNo=223819988030
1039,20250402,블로그,🌸😴🌵,https://blog.naver.com/PostView.nhn?blogId=jiwo0o0_&logNo=223819987589
1040,20250402,블로그,"2025년 일산 호수공원 벚꽃 개화 시기와 절정 시기, 방문 꿀팁 총정리",https://blog.naver.com/PostView.nhn?blogId=smile8202&logNo=223819986593
1041,20250402,블로그,헤레틱 뜻 해래틱 헤래틱 해레틱 스포일러 후기 배우이름 결말 해석 의미 분석 수위 롯시 아트카드 쿠키,https://blog.naver.com/PostView.nhn?blogId=movie-gon&logNo=223819986420
1042,20250402,블로그,2025.1.~2. 6세(만4세) 일상 / 풍선 종이인형 / 양가 회동 / 이제 혼자서도 자전거 잘탐 스릴즐김ㅎㅎ,https://blog.naver.com/PostView.nhn?blogId=ahoho00&logNo=223819985632
1043,20250402,블로그,"혈당 스파이크, 안녕~ 이제 걱정 끝!",https://blog.naver.com/PostView.nhn?blogId=jangmi718&logNo=223819985008
1044,20250402,블로그,2025 한국 벚꽃 개화 시기: 전국 주요 벚꽃 명소와 개화 일정 완벽 정리,https://blog.naver.com/PostView.nhn?blogId=macyoo&logNo=223819983862
1045,20250402,블로그,자전거와 함께하는 암스테르담 운하 여행,https://blog.naver.com/PostView.nhn?blogId=secreto-&logNo=223819982118
1046,20250402,블로그,로즈마리의 기분 (포카치아 레시피),https://blog.naver.com/PostView.nhn?blogId=somusi&logNo=223819980155
1047,20250402,블로그,심장이 건강한 사람들의 공통 습관,https://blog.naver.com/PostView.nhn?blogId=wisehealthmanagement&logNo=223819975868
1048,20250402,블로그,늘솔길공원 양떼목장 피크닉,https://blog.naver.com/PostView.nhn?blogId=alivetruck&logNo=223819972567
1049,20250402,블로그,"〔신간 책〕저자 박철 그림 오정숙『영진설비 돈 갖다주기』(고래의숲, 2025)",https://blog.naver.com/PostView.nhn?blogId=usbjy&logNo=223819970335
1050,20250402,블로그,콜레스테롤 관리 방법 식습관 개선과 운동으로,https://blog.naver.com/PostView.nhn?blogId=kihui778&logNo=223819969915
1051,20250402,블로그,인천 서구 경인아라뱃길 매화동산 매화 명소 개화,https://blog.naver.com/PostView.nhn?blogId=baby2kpb2&logNo=223819969623
1052,20250402,블로그,영원히 이날을 기억하고 사랑함,https://blog.naver.com/PostView.nhn?blogId=junhhha&logNo=223819965280
1053,20250402,블로그,야외운동 필수템 해피센스 러닝벨트 후기 LED 안전등으로 완벽한 런닝벨트,https://blog.naver.com/PostView.nhn?blogId=joyfullife30&logNo=223819964937
1054,20250402,블로그,후쿠오카 (덕질을 곁들인) - 1,https://blog.naver.com/PostView.nhn?blogId=bianca_smyd&logNo=223819964739
1055,20250402,블로그,[영국 석사 일기] 3월-1,https://blog.naver.com/PostView.nhn?blogId=ohjl0118&logNo=223819962326
1056,20250402,블로그,대구 일박이일 여행 :: 맛집을 곁드린(2),https://blog.naver.com/PostView.nhn?blogId=jjyunh&logNo=223819958367
1057,20250402,블로그,4/2 - 오랜만의 자장구,https://blog.naver.com/PostView.nhn?blogId=fnvldhkcyvk&logNo=223819957488
1058,20250402,블로그,경매 공부를 시작해보자_서울시 노원구 경매사건(투자용),https://blog.naver.com/PostView.nhn?blogId=allofmylife01&logNo=223819955443
1059,20250402,블로그,2025. 4. 1. 화,https://blog.naver.com/PostView.nhn?blogId=jyang2_&logNo=223819954728
1060,20250402,블로그,나트랑 미니비치 호핑투어 vs 크레이지 파티호핑 투어,https://blog.naver.com/PostView.nhn?blogId=ycontr7676&logNo=223819951766
1061,20250402,블로그,25년 3월 둘째주,https://blog.naver.com/PostView.nhn?blogId=broaden_&logNo=223819951105
1062,20250402,블로그,"무릎 안쪽 통증, 원인별 해결 방법 알아보기",https://blog.naver.com/PostView.nhn?blogId=jeilhani&logNo=223819472630
1063,20250402,블로그,中島美嘉(나카시마 미카) - 僕が死のうと思ったのは(내가 죽으려고 생각했던 건) 가사/독음/번역,https://blog.naver.com/PostView.nhn?blogId=moomoodeath&logNo=223819947575
1064,20250402,블로그,대전 현대프리미엄 아울렛 주차 디즈니 실내데이트 놀곳 놀거리 벚꽃명소,https://blog.naver.com/PostView.nhn?blogId=trip_ayeonny&logNo=223819946768
1065,20250402,블로그,🚗당일치기 여행지 추천해 드릴게요!🚗,https://blog.naver.com/PostView.nhn?blogId=winnerfit0001&logNo=223819946152
1066,20250402,블로그,공복혈당장애 확인할 수 있어요.,https://blog.naver.com/PostView.nhn?blogId=protein7812a&logNo=223819943257
1067,20250402,블로그,🚶‍♀️ 2025년 서울 근교 걷기 좋은 산책길 BEST 7 🌼 봄바람 따라 가볍게 걷는 힐링 코스 추천!,https://blog.naver.com/PostView.nhn?blogId=odongsky&logNo=223819942462
1068,20250402,블로그,콜레스테롤 조절로 건강한 심혈관 만들기,https://blog.naver.com/PostView.nhn?blogId=llckesd&logNo=223818027266
1069,20250402,블로그,🌼하늘공원 – 서울의 자연을 만끽하는 최고의 힐링 명소(4월 추천),https://blog.naver.com/PostView.nhn?blogId=wwccoo1&logNo=223819937521
1070,20250402,블로그,"[스위스 이탈리아 여행] 프롤로그 4_유럽여행 준비물 리스트, 사전 예약/구매 리스트 (약간의 팁을 더한)",https://blog.naver.com/PostView.nhn?blogId=somsom2-&logNo=223819936317
1071,20250402,블로그,해당 포스팅은 직접 구매한 제품에 대한 후기로 이벤트 참여를 위해 작성한 글입니다. 멜킨 자전거에 대한 후기~~,https://blog.naver.com/PostView.nhn?blogId=crewjjw01&logNo=223819934396
1072,20250402,블로그,gr2 사진 기록,https://blog.naver.com/PostView.nhn?blogId=october_apricot_&logNo=223819933196
1073,20250402,블로그,"연희동오전운동은 크로스핏,그룹PT 동료와 함께♡",https://blog.naver.com/PostView.nhn?blogId=knr1156&logNo=223819932860
1074,20250402,블로그,전기 스쿠터 면허 취득 방법과 요건 안내,https://blog.naver.com/PostView.nhn?blogId=ms5hwig2rv5&logNo=223819931846
1075,20250402,블로그,포항 벚꽃 명소 환호공원 핫플레이스 스페이스워크,https://blog.naver.com/PostView.nhn?blogId=fjqenvy2883&logNo=223819930765
1076,20250402,블로그,반려견 공격성 원인.분석.예시(아픈 강아지 행동교정 다정114),https://blog.naver.com/PostView.nhn?blogId=lionanimall&logNo=223819927647
1077,20250402,블로그,[문정동 헬스장]가장 이상적인 체지방률은 얼마일까?,https://blog.naver.com/PostView.nhn?blogId=maeilfitness1&logNo=223819923908
1078,20250402,블로그,스램 신형 브레이크 모티브 [DOT 오일의 종말],https://blog.naver.com/PostView.nhn?blogId=cosa77&logNo=223819919497
1079,20250402,블로그,경주1박2일 꼭 가야 할 경주 벚꽃 명소 맞집7곳 추천코스 날씨까지,https://blog.naver.com/PostView.nhn?blogId=gustj_aldo&logNo=223819917185
1080,20250402,블로그,주 5일제 그거 어떻게 하는 건데....,https://blog.naver.com/PostView.nhn?blogId=ong__62_&logNo=223819916578
1081,20250402,블로그,대전역 성심당 주말 웨이팅 방문 후기 물품보관함 이용 가격,https://blog.naver.com/PostView.nhn?blogId=ahrtjd2&logNo=223819915670
1082,20250402,블로그,캐나다 로키_ 밴프 /재스퍼/ 레이크루이스 자전거여행 _ 개최 안내 _ 참가자 모집,https://blog.naver.com/PostView.nhn?blogId=bikely&logNo=223819914743
1083,20250402,블로그,나의 일상 이야기 - 2025.03,https://blog.naver.com/PostView.nhn?blogId=jooa890730&logNo=223812164344
1084,20250402,블로그,혜화헬스장 뱃살빼는데 효과적인 운동 알려드릴게요 !,https://blog.naver.com/PostView.nhn?blogId=bodychannel_37&logNo=223819912932
1085,20250402,블로그,"야핏무브 - 추천코드 X8QST9OT 움직이면 돈버는 앱, 앱테크, 만보기",https://blog.naver.com/PostView.nhn?blogId=coreaduk&logNo=223819911165
1086,20250402,블로그,03) 휴무 모음집,https://blog.naver.com/PostView.nhn?blogId=yunayume&logNo=223819910768
1087,20250402,블로그,3월,https://blog.naver.com/PostView.nhn?blogId=seora___lee&logNo=223819910741
1088,20250402,블로그,[서평] 낭만 복숭아_ 사랑은 한 가지 모양이 아닌 것 같아,https://blog.naver.com/PostView.nhn?blogId=syd05080&logNo=223819908309
1089,20250402,블로그,건강하고 행복하게  오래 살고 싶어요,https://blog.naver.com/PostView.nhn?blogId=myh106&logNo=223819908157
1090,20250402,블로그,실내 사이클링: 기분 전환과 체력 단련의 완벽한 조화,https://blog.naver.com/PostView.nhn?blogId=rlawuoh93&logNo=223819906751
1091,20250402,블로그,돌비 사운드 오픈형 블루투스 이어폰 : 클리어 아크3 음질굿,https://blog.naver.com/PostView.nhn?blogId=hyoni-style&logNo=223819906572
1092,20250402,블로그,나의 삶,https://blog.naver.com/PostView.nhn?blogId=ehdnjs7544&logNo=223819905761
1093,20250402,블로그,네이버 3행시,https://blog.naver.com/PostView.nhn?blogId=yesungcloud&logNo=223819905349
1094,20250402,블로그,상계역 중계2차 한화꿈에그린더퍼스트 아파트 내부 분위기 임장,https://blog.naver.com/PostView.nhn?blogId=mentoling&logNo=223819904909
1095,20250402,블로그,자전거 타면 사라지는 질병 “7가지” 사이클타세요 부디!-시니어일상톡톡,https://blog.naver.com/PostView.nhn?blogId=francisba&logNo=223819904514
1096,20250402,블로그,"겨울철 한정 봉봉 쇼콜라 사건, 요네자와 호노부 | 소시민 시리즈의 시작과 끝?",https://blog.naver.com/PostView.nhn?blogId=yasibaby&logNo=223818695527
1097,20250402,블로그,갈레 일루케티아 여행에서 호텔·숙소 실패하기 싫다면? 최고의 호텔 추천 Pick Bset 4,https://blog.naver.com/PostView.nhn?blogId=thehotelbooking&logNo=223819900124
1098,20250402,블로그,🌾 2025년 청보리 축제 일정 총정리 💚 초록 물결 따라 봄바람 걷는 힐링 여행 (4~5월 기준),https://blog.naver.com/PostView.nhn?blogId=odongsky&logNo=223819900037
1099,20250402,블로그,안산시 아파트매매 월피주공2단지 70형 아파트매매,https://blog.naver.com/PostView.nhn?blogId=newway2021&logNo=223819899318
1100,20250402,블로그,뚜벅이 대전 당일치기,https://blog.naver.com/PostView.nhn?blogId=mimyul&logNo=223819897281
1101,20250402,블로그,지방 빠르게 태우는 운동 3가지 헬스장에서 효과적으로 체지방 감량하기!,https://blog.naver.com/PostView.nhn?blogId=seung_209&logNo=223819895262
1102,20250402,블로그,2025 뚜르드 자전거 시륜제 후기 서울 자전거의류 브랜드 샵투어 라이딩,https://blog.naver.com/PostView.nhn?blogId=yeepi01&logNo=223819893883
1103,20250402,블로그,(브로바이크) bmc 팀머신 slr01 >>> 에스웍스 타막sl7 프레임 이식,https://blog.naver.com/PostView.nhn?blogId=kimbrobike&logNo=223819889586
1104,20250402,블로그,일본 카약 여행--히다카강,https://blog.naver.com/PostView.nhn?blogId=jo90110&logNo=223819889089
1105,20250402,블로그,경기도 가평 여행지 추천합니다. 참고 하세요,https://blog.naver.com/PostView.nhn?blogId=kimeongi&logNo=223819889042
1106,20250402,블로그,-5,https://blog.naver.com/PostView.nhn?blogId=uttatta_&logNo=223819888671
1107,20250402,블로그,25년 3월의 월간 기록 📝,https://blog.naver.com/PostView.nhn?blogId=poukzcv2845&logNo=223819888364
1108,20250402,블로그,영국 워홀 Ep.5🇬🇧 3/22~3/29,https://blog.naver.com/PostView.nhn?blogId=myeong1707&logNo=223819887894
1109,20250402,블로그,"더 뉴 레이 드라이브 와이즈 1 옵션, 전방 충돌 방지 보조, 차로 이탈 방지 보조, 차로 유지 보조 추가 작업.",https://blog.naver.com/PostView.nhn?blogId=ascrew&logNo=223819887778
1110,20250402,블로그,"서울의 숨은 벚꽃 명소, 양재천 벚꽃길 완벽 가이드! 🌸",https://blog.naver.com/PostView.nhn?blogId=yoiyoiyoi-&logNo=223819887100
1111,20250402,블로그,"가벼운 학습지(마이라이트) 일본어, 18주차 ( =LEVEL2, 6주차)(1)",https://blog.naver.com/PostView.nhn?blogId=jinajina0510&logNo=223819885934
1112,20250402,블로그,"⌚ 스마트한 일상을 위한 선택, 엑스핏 GTS 스마트워치 완전 정복!",https://blog.naver.com/PostView.nhn?blogId=itandtechking&logNo=223819885909
1113,20250402,블로그,ep.4 3월의 제철행복,https://blog.naver.com/PostView.nhn?blogId=nyeong_ing_&logNo=223819885467
1114,20250402,블로그,여주여행 여행지 추천합니다.,https://blog.naver.com/PostView.nhn?blogId=kimeongi&logNo=223819884822
1115,20250402,블로그,[일상 ] 봄 느끼기 STEP 1.2.3,https://blog.naver.com/PostView.nhn?blogId=leeyk6717&logNo=223819884397
1116,20250402,블로그,"51. 산티아고 놀고 먹고 쉬고, 산크리스토발 전망대",https://blog.naver.com/PostView.nhn?blogId=evergr&logNo=223819883632
1117,20250402,블로그,4월 2일 저녁 운동 기록,https://blog.naver.com/PostView.nhn?blogId=hbjeon9390&logNo=223819883433
1118,20250402,블로그,언노운 싱귤러리티2 레드 신형 픽시 출고! :: 평택 바이크온,https://blog.naver.com/PostView.nhn?blogId=bike_on&logNo=223819883407
1119,20250402,블로그,[인천논현역헬스장/굿바디핏] 대퇴골두 무형성 괴사 증상과 원인 예방법 알아보자!,https://blog.naver.com/PostView.nhn?blogId=goodbody-fit&logNo=223819879346
1120,20250402,블로그,디지털 노마드 [반드시 끝내는 힘 - 아옐릿 피시배크] _19일차,https://blog.naver.com/PostView.nhn?blogId=kojo2938&logNo=223815287086
1121,20250402,블로그,서문시장 야시장 영업시간 위치 주차 대구 먹거리 추천 메뉴,https://blog.naver.com/PostView.nhn?blogId=rin9041&logNo=223819877686
1122,20250402,블로그,카라이딩 샤오미 미지아 휴대용 감각 빨리 빨라,https://blog.naver.com/PostView.nhn?blogId=dybhfxqdv&logNo=223819877391
1123,20250402,블로그,직장인들의 삶이 뭔지 깨달은 카이,https://blog.naver.com/PostView.nhn?blogId=issues787&logNo=223819877304
1124,20250402,블로그,스텝181,https://blog.naver.com/PostView.nhn?blogId=thd8597&logNo=223819874419
1125,20250402,블로그,🚶‍♀️ 2025 서울 근교 산책길 추천 BEST 7 🌳 봄바람 따라 걷기 좋은 힐링 코스 모음,https://blog.naver.com/PostView.nhn?blogId=odongsky&logNo=223819874147
1126,20250402,블로그,[일상] #37. 얼마나 더 먹어야 (더보기),https://blog.naver.com/PostView.nhn?blogId=soone_park&logNo=223819872816
1127,20250402,블로그,부산 벚꽃 명소 정관 병산저수지 좌광천 나들이,https://blog.naver.com/PostView.nhn?blogId=unilove012&logNo=223819872780
1128,20250402,블로그,✅매일 해도 좋은 운동 vs PR 운동의 차이와 효과적인 활용법,https://blog.naver.com/PostView.nhn?blogId=massgym1&logNo=223819871877
1129,20250402,블로그,작은 습관이 피부를 바꾼다 건강한 피부를 위한 일상 루틴:)),https://blog.naver.com/PostView.nhn?blogId=ponda8111&logNo=223819870556
1130,20250402,블로그,당뇨공복혈당정상수치 범위와 정상수치 관리 유지하는 방법,https://blog.naver.com/PostView.nhn?blogId=jdiihd4074&logNo=223819404970
1131,20250402,블로그,리호202.,https://blog.naver.com/PostView.nhn?blogId=chhj0620&logNo=223819867556
1132,20250402,블로그,안산시 아파트매매 월피동 월피주공3단지 71형 아파트매매,https://blog.naver.com/PostView.nhn?blogId=newway2021&logNo=223819864574
1133,20250402,블로그,D+36 메론빵 맛있었다,https://blog.naver.com/PostView.nhn?blogId=chillybilly&logNo=223819863790
1134,20250402,블로그,운동과 수면의 관계! [스톤짐 범어점/대구 헬스장/수성구 헬스장/범어동 헬스장/대구 PT/수성구 PT/범어동 PT],https://blog.naver.com/PostView.nhn?blogId=stonegym&logNo=223819863578
1135,20250402,블로그,2025 벚꽃 만개 시기 서울 수도권 숨은 명소 총정리! 조용히 즐기는 봄꽃 코스,https://blog.naver.com/PostView.nhn?blogId=smartonic&logNo=223819863579
1136,20250402,블로그,"[수영강습] #2 첫번째 강습 메모, 시체놀이",https://blog.naver.com/PostView.nhn?blogId=kjeun0406&logNo=223819862941
1137,20250402,블로그,"아바이마을 갯배 운영시간, 주차, 요금 알려드릴게요",https://blog.naver.com/PostView.nhn?blogId=bbabam_b&logNo=223819862447
1138,20250402,블로그,교통사고 꿈의 의미와 해석 알아보기,https://blog.naver.com/PostView.nhn?blogId=ko88hgslh8gu&logNo=223819861608
1139,20250402,블로그,무릎 건강은 하루아침에 지켜지는 것이 아니다,https://blog.naver.com/PostView.nhn?blogId=mint_canvas&logNo=223819858661
1140,20250402,블로그,"비티알자전거 스탠드 펌프 BP-30, 1개, 블랙",https://blog.naver.com/PostView.nhn?blogId=earnfame72883&logNo=223819858304
1141,20250402,블로그,"[MNSQUARE] 대만출장,몰튼자전거,몰튼커스텀,몰튼정비",https://blog.naver.com/PostView.nhn?blogId=moultoneer&logNo=223819857287
1142,20250402,블로그,에스웍스 타막 레드불 보라한스그로헤 54사이즈 프레임세트,https://blog.naver.com/PostView.nhn?blogId=bravo77777&logNo=223819857150
1143,20250402,블로그,수중 자전거를 타는 지젤 번천과 호아킴 발렌테,https://blog.naver.com/PostView.nhn?blogId=nicegirl1987&logNo=223819283591
1144,20250402,블로그,고지혈증과 건강 목표의 중요성,https://blog.naver.com/PostView.nhn?blogId=cmy976_f&logNo=223814719544
1145,20250402,블로그,캐논데일 탑스톤 카본3 GRX 2x 쵸크 컬러 그래블 바이크가 입고되었습니다.,https://blog.naver.com/PostView.nhn?blogId=pista_bike&logNo=223819855728
1146,20250402,블로그,청주 무심천 벚꽃길 축제 시작 전 개화 상황 4/2 주차 맛집,https://blog.naver.com/PostView.nhn?blogId=jskoo88&logNo=223819855456
1147,20250402,블로그,250402,https://blog.naver.com/PostView.nhn?blogId=yuwonkyeong&logNo=223819854438
1148,20250402,블로그,"""메타 스마트글래스, 제2의 스마트폰이 될 수 있을까?""",https://blog.naver.com/PostView.nhn?blogId=godofmathematics&logNo=223819854318
1149,20250402,블로그,로망 출근,https://blog.naver.com/PostView.nhn?blogId=h5b6t&logNo=223819854176
1150,20250402,블로그,250331 풀코스 일주일 전 달리기 15km,https://blog.naver.com/PostView.nhn?blogId=zion5579&logNo=223819853271
1151,20250402,블로그,"지역살이를 꿈꾸지만, 가능할까?",https://blog.naver.com/PostView.nhn?blogId=gg_dongne&logNo=223819852303
1152,20250402,블로그,마쓰야마 여행일지 1편,https://blog.naver.com/PostView.nhn?blogId=mymagazine616&logNo=223819850825
1153,20250402,블로그,스페셜라이즈드 타막 SL7 스포츠 카본 드롭바 장착 출고,https://blog.naver.com/PostView.nhn?blogId=keumho41&logNo=223819850761
1154,20250402,블로그,[공유] 생각만으로 움직인다? 다음엔 사람이 AI의 생각대로 움직일 것이다.,https://blog.naver.com/PostView.nhn?blogId=qortmddhs&logNo=223819850536
1155,20250402,블로그,[공유] 생각만으로 움직인다? 다음엔 사람이 AI의 생각대로 움직일 것이다.,https://blog.naver.com/PostView.nhn?blogId=qortmddhs&logNo=223819850472
1156,20250402,블로그,산소를 공급하고 이산화탄소를 배출하는 중요한 역할을 하는 폐 건강을 지키는 생활 습관,https://blog.naver.com/PostView.nhn?blogId=doro12575&logNo=223819849658
1157,20250402,블로그,"금융업무 상암동 신한은 경유, 광화문 청계천 라이딩.",https://blog.naver.com/PostView.nhn?blogId=china21ldh&logNo=223819849359
1158,20250402,블로그,전국극점(동.서.남.북.중앙) 10박 11일 여행             (2021.10.05~2021.10.15)  5DAY,https://blog.naver.com/PostView.nhn?blogId=lslwinpuhaha&logNo=223819848896
1159,20250402,블로그,수영 강습 1년차에 다시 정리해 보는 수영 연습. 수영 접영 가르치려는 할머니,https://blog.naver.com/PostView.nhn?blogId=star21kj&logNo=223819847003
1160,20250402,블로그,구지 솔례단길:),https://blog.naver.com/PostView.nhn?blogId=eun_hwa_s2&logNo=223819846921
1161,20250402,블로그,"제다 알 마르와 호텔 Top 3, 만족스러운 숙박을 원한다면 주목하세요",https://blog.naver.com/PostView.nhn?blogId=hotel_pin&logNo=223819845808
1162,20250402,블로그,스램 브레이크 이슈정리 [DOT 오일 브레이크],https://blog.naver.com/PostView.nhn?blogId=cosa77&logNo=223819845371
1163,20250402,블로그,"프랑스 마지막 날 : 몽마르뜨 언덕, 메종키츠네, 마린몽타구 쇼핑",https://blog.naver.com/PostView.nhn?blogId=serrri&logNo=223819845075
1164,20250402,블로그,"피부를 위한 운동, 건강한 glow를 찾아서!",https://blog.naver.com/PostView.nhn?blogId=arokiromi&logNo=223819808177
1165,20250402,블로그,중고 자전거 매매의 장단점과 구매 시 유의사항,https://blog.naver.com/PostView.nhn?blogId=redcase1008&logNo=223819844815
1166,20250402,블로그,서울 강남 호텔 추천 Top 4 | 경비 걱정 끝! 사랑스러운 가성비 숙소,https://blog.naver.com/PostView.nhn?blogId=whatalovelytrip&logNo=223819842652
1167,20250402,블로그,암스테르담 시립 미술관 후기 ✨ Stedelijk Museum Amsterdam • 네덜란드 뮤지엄카드 뽕뽑기,https://blog.naver.com/PostView.nhn?blogId=22sz22&logNo=223819838620
1168,20250402,블로그,훼이 캐우 팰리스 1 호텔 (Huay Kaew Palace 1 Hotel) 치앙마이 숙소 예약,https://blog.naver.com/PostView.nhn?blogId=ep62cb2a&logNo=223819836994
1169,20250402,블로그,[상도동 헬스장] 야외 운동 추천! 봄 날씨 조오타~,https://blog.naver.com/PostView.nhn?blogId=bigbrogym7&logNo=223819835534
1170,20250402,블로그,"미사역 헬스장 미사 헬스 유산소머신 9개? 에어바이크, 스핀바이크, 무동력스테드밀",https://blog.naver.com/PostView.nhn?blogId=moon9793&logNo=223819833841
1171,20250402,블로그,"🏠서울숲 쌍용아파트 알아보기, 성수동1가 쌍용아파트 개발 호재, 성수쌍용 입지 분석! 준공업지역 추천아파트",https://blog.naver.com/PostView.nhn?blogId=ddoo22&logNo=223819832610
1172,20250402,블로그,"아이들의 웃음소리가 끊이지 않는 흙놀이 키즈카페, 목포 하이키즈룸!  😊",https://blog.naver.com/PostView.nhn?blogId=godus05&logNo=223819832142
1173,20250402,블로그,[공유] 아파트 필로티 구조 장단점 알아보기,https://blog.naver.com/PostView.nhn?blogId=horasoo&logNo=223819832061
1174,20250402,블로그,편안한 자전거 라이딩을 위한 안전 수칙,https://blog.naver.com/PostView.nhn?blogId=siriwoo15&logNo=223799235635
1175,20250402,블로그,오늘의 운동 👍,https://blog.naver.com/PostView.nhn?blogId=k1a1n9u&logNo=223819830974
1176,20250402,블로그,아파트 필로티 구조 장단점 알아보기,https://blog.naver.com/PostView.nhn?blogId=kiyaheueo&logNo=223819830960
1177,20250402,블로그,조각일상 모음_3,https://blog.naver.com/PostView.nhn?blogId=sugguggu&logNo=223819830583
1178,20250402,블로그,김명자 낙지마당 양수리점 : 양수역 라이딩 낙지볶음 맛집,https://blog.naver.com/PostView.nhn?blogId=beautifulandnormal&logNo=223819830165
1179,20250402,블로그,자전거용품 배달가방으로 부업 시작하기,https://blog.naver.com/PostView.nhn?blogId=yolk-&logNo=223819829918
1180,20250402,블로그,[천호동 헬스장] 계절별 운동 알아보기 🎈,https://blog.naver.com/PostView.nhn?blogId=urban9776&logNo=223819827866
1181,20250402,블로그,[수진동요가] 운동 초보자들에게 추천하는 운동 소개!,https://blog.naver.com/PostView.nhn?blogId=airayogamoran&logNo=223819826466
1182,20250402,블로그,25년형 매디슨 뉴델타10SE / 크게 달라진점,https://blog.naver.com/PostView.nhn?blogId=tolic&logNo=223819825959
1183,20250402,블로그,"벚꽃 라이딩, 벚꽃도 도심에서 먼저 핀다. 맞바람과 뒷바람 라이딩",https://blog.naver.com/PostView.nhn?blogId=star21kj&logNo=223819822729
1184,20250402,블로그,루앙프라방 여행: 영화 속 주인공처럼 럭셔리 호텔·숙소 Best 5,https://blog.naver.com/PostView.nhn?blogId=check-inn&logNo=223819822465
1185,20250402,블로그,"#51. Ha | 44MONTHS(44개월아기의 육아일기/발달,놀이,일상)",https://blog.naver.com/PostView.nhn?blogId=gkglgngpgh1021&logNo=223819822354
1186,20250402,블로그,샤오미 샤오미 스마트 미밴드 리얼 트렌드 불꽃,https://blog.naver.com/PostView.nhn?blogId=lfbyxbpxn&logNo=223819821308
1187,20250402,블로그,부산 초보운전연수 4일반 내돈내산 리얼후기,https://blog.naver.com/PostView.nhn?blogId=whimars1&logNo=223819820975
1188,20250402,블로그,최상의 서비스 | 서울 프레이저 플레이스 센트럴 서울 레지던스,https://blog.naver.com/PostView.nhn?blogId=korea_hotel_explorer&logNo=223819819694
1189,20250402,블로그,서울 야경 데이트 코스 추천,https://blog.naver.com/PostView.nhn?blogId=wowgo9&logNo=223819817849
1190,20250402,블로그,"[다이어트] 스위치온 다이어트 3일차, 체중계 보고 식겁함",https://blog.naver.com/PostView.nhn?blogId=djet_220125&logNo=223819817774
1191,20250402,블로그,하남 미사경정공원 주차정보 및 겹벚꽃 개화시기 서울근교 봄꽃구경 갈만한곳,https://blog.naver.com/PostView.nhn?blogId=patty5078&logNo=223819814401
1192,20250402,블로그,250329 한국란도너스 브레베 서울300K(서) 후기,https://blog.naver.com/PostView.nhn?blogId=aphase&logNo=223819811502
1193,20250402,블로그,"충청남도 당진시 서산프로바이크, 주차, 리뷰, 위치",https://blog.naver.com/PostView.nhn?blogId=cuidadolink&logNo=223819810939
1194,20250402,블로그,"네덜란드 일상 • 자전거 펑크, 마라샹궈 만들기, 유잼 에인트 호벤, 미키17(+더치 자막), 그리고 Cafe krom 고양이 • 2025년 3월 2주차",https://blog.naver.com/PostView.nhn?blogId=22sz22&logNo=223819808614
1195,20250402,블로그,자전거타구싶다🥺,https://blog.naver.com/PostView.nhn?blogId=andy030519&logNo=223819808183
1196,20250402,블로그,인천에서 프라이빗한 숙박을 원한다면? 레스티아 인천베이호텔 숙박 후기!,https://blog.naver.com/PostView.nhn?blogId=csj4409&logNo=223819808039
1197,20250402,블로그,나혼산 이주승 가방 백팩 레인스 시부 롤탑 럭색 방수백팩,https://blog.naver.com/PostView.nhn?blogId=vlc44h9x&logNo=223819730100
1198,20250402,블로그,3월 : Get the hell out,https://blog.naver.com/PostView.nhn?blogId=rockchin_g&logNo=223819807165
1199,20250402,블로그,[미드] 그레이 아나토미 시즌1~7 정주행,https://blog.naver.com/PostView.nhn?blogId=bookgrami&logNo=223819807094
1200,20250402,블로그,신축 상가 내 교회 분양- 수진역 2번 출구,https://blog.naver.com/PostView.nhn?blogId=c-place&logNo=223819805488
1201,20250402,블로그,짐팩토리 대구서구헬스장 해외프리미엄머신이 있는 헬스장,https://blog.naver.com/PostView.nhn?blogId=qowhdgus77&logNo=223819805348
1202,20250402,블로그,"드디어 벚꽃 시즌, 함께 벚꽃 구경 가요! 서울 벚꽃 명소 모음.zip",https://blog.naver.com/PostView.nhn?blogId=seoulcouncil&logNo=223819805015
1203,20250402,블로그,Himo Z20 Z20 Max 섬광 쏟아,https://blog.naver.com/PostView.nhn?blogId=lfbyxbpxn&logNo=223819804122
1204,20250402,블로그,"가을 가볼만한곳 추천! 인생샷 보장, 놓치면 후회할 가을 여행지!",https://blog.naver.com/PostView.nhn?blogId=6swjqvaslv__n_0&logNo=223819803363
1205,20250402,블로그,3월,https://blog.naver.com/PostView.nhn?blogId=jsh0445&logNo=223819801165
1206,20250402,블로그,[여행](대전) 벚꽃 봄나들이 명소 엑스포 아파트 단지 벚꽃 개화상황,https://blog.naver.com/PostView.nhn?blogId=think8711&logNo=223819800968
1207,20250402,블로그,"5세그림책추천 영웅을 찾습니다, 달려라 애니! 자전거 타고 세계속으로",https://blog.naver.com/PostView.nhn?blogId=miree0127&logNo=223819797759
1208,20250402,블로그,장자제 호텔 Top 6: 숙소 고민 끝! 엄선한 호텔  리스트 공개,https://blog.naver.com/PostView.nhn?blogId=traveller5615&logNo=223819797308
1209,20250402,블로그,가좌동헬스장 유산소운동 필수일까?,https://blog.naver.com/PostView.nhn?blogId=khy_97&logNo=223819796930
1210,20250402,블로그,"🍽 “대사 증후군, 방치하면 위험하다! 예방하는 생활 습관”",https://blog.naver.com/PostView.nhn?blogId=220527won&logNo=223819796209
1211,20250402,블로그,골든베이cc 가격: 1박 2일 골프 패키지 예약 및 날씨 2025.04.02,https://blog.naver.com/PostView.nhn?blogId=lsnleechan&logNo=223819241430
1212,20250402,블로그,보르도 현지인의 보르도 근교 여행지 추천 (2) : 듄 뒤 필라 Dune du Pilat [ by. 객원 에디터 dayE🪴 ],https://blog.naver.com/PostView.nhn?blogId=jesuisaseoul&logNo=223819102759
1213,20250402,블로그,루게릭 재활 -하남 강동 덕소 재활운동센터,https://blog.naver.com/PostView.nhn?blogId=omega7211&logNo=223819794069
1214,20250402,블로그,경기도어린이박물관 주차와 예약 식당 이용 후기,https://blog.naver.com/PostView.nhn?blogId=rlaalsgml357&logNo=223819793853
1215,20250402,블로그,손잡이를 고삐를 잡자 [일일서평#2] 세이노의 가르침,https://blog.naver.com/PostView.nhn?blogId=oppus&logNo=223819790365
1216,20250402,블로그,3월의 마지막 날,https://blog.naver.com/PostView.nhn?blogId=jicong_vv&logNo=223819789720
1217,20250402,블로그,"2025 SPOEX, 스포츠와 첨단 기술의 만남~ 역대급 규모에 역대급 흥행!",https://blog.naver.com/PostView.nhn?blogId=spotoday365&logNo=223819788388
1218,20250402,블로그,미사 스피닝 기초부터 탄탄하게 다이어트 효과 제대로!,https://blog.naver.com/PostView.nhn?blogId=tagocycle1&logNo=223819787330
1219,20250402,블로그,헬스장 1일차,https://blog.naver.com/PostView.nhn?blogId=yeonlight_&logNo=223819786860
1220,20250402,블로그,25.04.02 (수) 출근 라이딩 13.80km,https://blog.naver.com/PostView.nhn?blogId=romanzero&logNo=223819786584
1221,20250402,블로그,행궁동 사주 여담사주타로,https://blog.naver.com/PostView.nhn?blogId=parksoongaa&logNo=223819785777
1222,20250402,블로그,폭싹 속았수다를 보고 달곰씁쓸함을 느끼며,https://blog.naver.com/PostView.nhn?blogId=l-atelier_de_kelly&logNo=223819783943
1223,20250402,블로그,다양한 근지구력 테스트 방법 소개,https://blog.naver.com/PostView.nhn?blogId=bc80zirtm3f0&logNo=223818716195
1224,20250402,블로그,Hajulog18,https://blog.naver.com/PostView.nhn?blogId=hadahajulog&logNo=223819782659
1225,20250402,블로그,프리다이빙 전시회 : 2025 스포엑스(SPOEX),https://blog.naver.com/PostView.nhn?blogId=lurifdv_&logNo=223819781165
1226,20250402,블로그,"나에게 맞는 운동시작, 두암동 PT",https://blog.naver.com/PostView.nhn?blogId=sgym6&logNo=223819781045
1227,20250402,블로그,녹! 한 번 생기면 끝? 녹 방지의 진짜 해법 공개!,https://blog.naver.com/PostView.nhn?blogId=fluid_film&logNo=223819779940
1228,20250402,블로그,평택고덕신도시 에듀타운 지에스GS프라자 예체능학원계열추천,https://blog.naver.com/PostView.nhn?blogId=lodem4955&logNo=223819777730
1229,20250402,블로그,치앙마이에서 썸머 크리스마스    🎄낭만 가득,https://blog.naver.com/PostView.nhn?blogId=yangyang00000&logNo=223819777545
1230,20250402,블로그,250402 씨앗도서관,https://blog.naver.com/PostView.nhn?blogId=danielp4&logNo=223819777127
1231,20250402,블로그,체지방 줄이는법 체지방감량 체지방컷팅제,https://blog.naver.com/PostView.nhn?blogId=mskyes&logNo=223819776356
1232,20250402,블로그,루게릭  남양주 구리 중랑 센터재활운동사례,https://blog.naver.com/PostView.nhn?blogId=omega7211&logNo=223819775954
1233,20250402,블로그,"교통전문변호사, 교통사고 해결의 든든한 지원군!",https://blog.naver.com/PostView.nhn?blogId=1u42pef7plr&logNo=223819774274
1234,20250402,블로그,혈당 스파이크란? 증상부터 낮추는 방법까지 한 번에 정리!,https://blog.naver.com/PostView.nhn?blogId=tjdtldus2426&logNo=223819770628
1235,20250402,블로그,"대전 유성구, ‘다함께 안전하게’ 교통안전 선도도시 만든다",https://blog.naver.com/PostView.nhn?blogId=binggresmile&logNo=223819770242
1236,20250402,블로그,부천아파트경매 경기도 부천시 원미구 부천글로리아 아파트경매 입찰가 3.1억 원대!!!,https://blog.naver.com/PostView.nhn?blogId=masterrealty1&logNo=223816190996
1237,20250402,블로그,천안 벚꽃 축제가 열리는 벚꽃명소 상록리조트 상록랜드,https://blog.naver.com/PostView.nhn?blogId=ddani_tour&logNo=223819489233
1238,20250402,블로그,브롬톤 알루미늄 힌지클램프 세트 터치포인트 입고,https://blog.naver.com/PostView.nhn?blogId=solberg&logNo=223819768843
1239,20250402,블로그,"도심 속 여유, 따릉이와 함께한 평일 자전거 나들이",https://blog.naver.com/PostView.nhn?blogId=limehy&logNo=223819768265
1240,20250402,블로그,[역북동 필라테스 / 고림동 필라테스 / 삼가동 필라테스/ 처인구 필라테스] 체지방률 줄이는 효과적인 방법,https://blog.naver.com/PostView.nhn?blogId=dagym13&logNo=223819766054
1241,20250402,블로그,방콕여행/야나칸,https://blog.naver.com/PostView.nhn?blogId=picobakery&logNo=223819764152
1242,20250402,블로그,키후 월드트래블러 접이식 미니벨로 자전거 출고/청주자전거매장 지니바이크,https://blog.naver.com/PostView.nhn?blogId=ksj10302&logNo=223819764064
1243,20250402,블로그,2025년 4월 2일(수) 水曜 (헐티재/팔조령) 라이딩,https://blog.naver.com/PostView.nhn?blogId=kjg586&logNo=223819763783
1244,20250402,블로그,밀라노 포르타 비토리아 호텔 추천 | 파도처럼 흘러가다 만난 최고의 숙소 Best 4,https://blog.naver.com/PostView.nhn?blogId=swimofpado&logNo=223819761372
1245,20250402,블로그,대전스쿠터면허학원 어떤 기준부터 면허가 필요할까?,https://blog.naver.com/PostView.nhn?blogId=blwkrrk&logNo=223819761325
1246,20250402,블로그,샤오미 치사이클 무선 전동펌프 쫄깃 속공 딱밤,https://blog.naver.com/PostView.nhn?blogId=hncpwubyi&logNo=223819758500
1247,20250402,블로그,봄을 기다리며,https://blog.naver.com/PostView.nhn?blogId=p_p12&logNo=223819757933
1248,20250402,블로그,제주시 제주공항놀거리 제주전기자전거 쓩쓩렌탈샵 공항점 추천,https://blog.naver.com/PostView.nhn?blogId=codud3831&logNo=223819756246
1249,20250402,블로그,울산 최대 오토바이 매장 붐바이크 야마하 엔맥스125 엑스맥스300 입고 ~~,https://blog.naver.com/PostView.nhn?blogId=gen0486&logNo=223819755464
1250,20250402,블로그,모토벨로 전동핫플 사하구점에서  G8 PRO 전기자전거 산 후기,https://blog.naver.com/PostView.nhn?blogId=0903ljh&logNo=223819494431
1251,20250402,블로그,"시지 헬스[해리스짐] :: 실내자전거 VS 러닝머신, 지방 더 잘 태우는 승자는?",https://blog.naver.com/PostView.nhn?blogId=harris3234&logNo=223819753626
1252,20250402,블로그,어방동헬스장 4월 푸짐한 헬스 이벤트 안내,https://blog.naver.com/PostView.nhn?blogId=qkqhtjekd1&logNo=223819752913
1253,20250402,블로그,대구 벚꽃 명소 동촌유원지 만개,https://blog.naver.com/PostView.nhn?blogId=joie0320&logNo=223819752517
1254,20250402,블로그,제21회 포항가족과학축제 & 제23회 과학자와의 만남 개최 안내,https://blog.naver.com/PostView.nhn?blogId=ctce01&logNo=223819751882
1255,20250402,블로그,나의 레종데트르 ft. 우행꿈 책 수다,https://blog.naver.com/PostView.nhn?blogId=samadhi99240&logNo=223819748517
1256,20250402,블로그,"성신여대헬스, 성신여대pt l 머슬프렌즈짐에서 알려주는 건강한 라이프스타일 방법",https://blog.naver.com/PostView.nhn?blogId=musclefriendsgym2&logNo=223819745035
1257,20250402,블로그,칼퇴닷🔪,https://blog.naver.com/PostView.nhn?blogId=min_5252_&logNo=223819744808
1258,20250402,블로그,"비스포크 서울 엔비 SES 4.5 (INDR)-월드챔피언 에디션을 소개합니다.[비스포크서울,bispokeseoul,서울로드바이크전문샵,광진구로드바이크샵,자전거피팅전문,사이클컨설팅]",https://blog.naver.com/PostView.nhn?blogId=bispoke_seoul&logNo=223819744368
1259,20250402,블로그,Bali🏖️,https://blog.naver.com/PostView.nhn?blogId=sueyang0108&logNo=223819743555
1260,20250402,블로그,퇴근후엔 삼겹살에 쏘주지 그렇고 말고,https://blog.naver.com/PostView.nhn?blogId=ryt5uqg8&logNo=223819741735
1261,20250402,블로그,😍아라쌤 서울마포구 자전거강습 성공영상 (초6),https://blog.naver.com/PostView.nhn?blogId=lovegod565468&logNo=223819741692
1262,20250402,블로그,[일상]두 딸과 함께한 동네 라이딩,https://blog.naver.com/PostView.nhn?blogId=superjung531&logNo=223819741662
1263,20250402,블로그,꾸준함 그리고 인내,https://blog.naver.com/PostView.nhn?blogId=badasarang365&logNo=223819222931
1264,20250402,블로그,성북구헬스장 / 슈퍼짐 피트니스 / 위치가격주차,https://blog.naver.com/PostView.nhn?blogId=okja6829&logNo=223819740502
1265,20250402,블로그,"[공유] 2026년형 르노 아르카나 출시_Tce260 삭제하고 스타일리시한 에스프리 알핀 트림 추가_시작가 2,300만원",https://blog.naver.com/PostView.nhn?blogId=wltbdi3&logNo=223819739225
1266,20250402,블로그,현실 절약 끝판왕!,https://blog.naver.com/PostView.nhn?blogId=dnd04&logNo=223819738704
1267,20250402,블로그,[고덕헬스장]건강한 노년을 위한 신체활동 가이드: 체력 강화와 건강 유지 비법[1탄],https://blog.naver.com/PostView.nhn?blogId=soundbody_gym&logNo=223819738602
1268,20250402,블로그,"퀄리 스포츠, 엑스트론 프로 미니 출고 및 엑스트론EQ모델 예약 중",https://blog.naver.com/PostView.nhn?blogId=taeyoungbike&logNo=223819738576
1269,20250402,블로그,서울 한강 여의도 열기구 예약 및 체험 가이드,https://blog.naver.com/PostView.nhn?blogId=psfss911&logNo=223819737569
1270,20250402,블로그,팔뚝 지방흡입 부작용 군살 정리 효과,https://blog.naver.com/PostView.nhn?blogId=maximum6234&logNo=223819736867
1271,20250402,블로그,"[공유] [이벤트]든든한 보장, 행복한 금천 QUIZ 이벤트!🧡",https://blog.naver.com/PostView.nhn?blogId=wbtmrhkdlf&logNo=223819735873
1272,20250402,블로그,[Day 3]장거리 KTX 출퇴근(대전-서울) 일기,https://blog.naver.com/PostView.nhn?blogId=hyejin6549&logNo=223819735690
1273,20250402,블로그,"호주 워홀 Day 14_집에서 아무것도 안 하기, 밥솥 떡볶이, 우버잇츠",https://blog.naver.com/PostView.nhn?blogId=jiye125&logNo=223819735410
1274,20250402,블로그,브롬톤 자전거 재고1 M2LR 찬스 고정,https://blog.naver.com/PostView.nhn?blogId=vnwyadzhq&logNo=223819734183
1275,20250402,블로그,구미허리디스크 한의원 요통이 지속될 때,https://blog.naver.com/PostView.nhn?blogId=dbcks0p&logNo=223819733801
1276,20250402,블로그,여전히 잘 놀아요 ◡̈,https://blog.naver.com/PostView.nhn?blogId=hansol6554&logNo=223819733452
1277,20250402,블로그,< 안산중앙동헬스 / 안산중앙동PT > 숙취때문에 고생한 경험 있으시다면 주목 !!,https://blog.naver.com/PostView.nhn?blogId=eqfddevuic&logNo=223819732642
1278,20250402,블로그,인천교통사고한의원 인천한방병원에서                       건강한 라이프 스타일을 위한 관리법,https://blog.naver.com/PostView.nhn?blogId=twotwotwo0211&logNo=223819731911
1279,20250402,블로그,😍아라쌤 서울마포구 자전거강습 성공영상 (초6),https://blog.naver.com/PostView.nhn?blogId=lovegod565468&logNo=223819730460
1280,20250402,블로그,"가성비 좋은 귀걸이이어폰,  FEELS FEM1로 굿 통화",https://blog.naver.com/PostView.nhn?blogId=mbc1906&logNo=223819728648
1281,20250402,블로그,1월 집밥 및 가정생활 2,https://blog.naver.com/PostView.nhn?blogId=oxina2&logNo=223816593397
1282,20250402,블로그,혈액순환 안될때 증상과 좋은 음식 총정리,https://blog.naver.com/PostView.nhn?blogId=na_itda&logNo=223819486734
1283,20250402,블로그,안산다이어트클리닉 정밀 분석과 상담이 강점,https://blog.naver.com/PostView.nhn?blogId=celebrity1486&logNo=223819720051
1284,20250402,블로그,신형 모하비 루프렉용 유일캐리어 yi125wb 가로바 자전거캐리어에 최적화,https://blog.naver.com/PostView.nhn?blogId=anwlro7977&logNo=223818947742
1285,20250402,블로그,자양동헬스장에서의 운동 루틴 작성법,https://blog.naver.com/PostView.nhn?blogId=1hxflhvh&logNo=223819727853
1286,20250402,블로그,Mar,https://blog.naver.com/PostView.nhn?blogId=hwantt_&logNo=223819727423
1287,20250402,블로그,<나는 빛나는 3학년이야-위즈덤하우스> 저학년과 고학년의 사이 반짝이는 아이들이야기,https://blog.naver.com/PostView.nhn?blogId=yadajj&logNo=223819726997
1288,20250402,블로그,[도쿄 가볼만한곳] 요요기 공원 자전거 대여,https://blog.naver.com/PostView.nhn?blogId=iroiroses&logNo=223819725963
1289,20250402,블로그,"다카마쓰 쇼도시마 자전거 대여, 엔젤로드, 올리브공원까지",https://blog.naver.com/PostView.nhn?blogId=darami2023&logNo=223819724102
1290,20250402,블로그,심장마비 전조증상과 원인 예방 및 응급처치,https://blog.naver.com/PostView.nhn?blogId=kkkyyy312&logNo=223819720150
1291,20250402,블로그,🇨🇳상하이 여행기_3,https://blog.naver.com/PostView.nhn?blogId=ddonddon-&logNo=223819718172
1292,20250402,블로그,경주여행 [한화리조트 경주] 에톤 디럭스 숙박 후기,https://blog.naver.com/PostView.nhn?blogId=ayusi_33&logNo=223819718084
1293,20250402,블로그,인천/영종도 가볼만한곳 - 씨사이드파크,https://blog.naver.com/PostView.nhn?blogId=jejh11&logNo=223819715814
1294,20250402,블로그,😍아라쌤 인천송도자전거강습 성공영상(30대),https://blog.naver.com/PostView.nhn?blogId=lovegod565468&logNo=223819714704
1295,20250402,블로그,스포츠 마우스가드: 치아 손상의 보호자,https://blog.naver.com/PostView.nhn?blogId=o9b3wpwx3y&logNo=223819714514
1296,20250402,블로그,2025 삼천리자전거 하운드 시애틀20 접이식 자전거의 매력을 알아보자,https://blog.naver.com/PostView.nhn?blogId=y4ff68umoc8e9&logNo=223818626902
1297,20250402,블로그,"부산기장 2025 정관 벚꽃명소, 좌광천 개나리 꽃구경 (주차안내)",https://blog.naver.com/PostView.nhn?blogId=fromsol_&logNo=223819713383
1298,20250402,블로그,[입고] 2025 메리다 리액토 9000,https://blog.naver.com/PostView.nhn?blogId=solbike&logNo=223819713075
1299,20250402,블로그,재미있는 운동은 점핑!! 지루한 유산소는 가라 뱃살다이어트는 럭키점핑에서,https://blog.naver.com/PostView.nhn?blogId=lucky_jumping2023&logNo=223819712318
1300,20250402,블로그,울진 죽변스카이레일 솔직후기 / 내돈내산 죽변스카이레일맛집 추천과 울진대게빵까지,https://blog.naver.com/PostView.nhn?blogId=tjfgid07&logNo=223819710704
1301,20250402,블로그,"글로리존 자전거 고무 그립 손잡이, 검정, 2개",https://blog.naver.com/PostView.nhn?blogId=earnfame72883&logNo=223819708411
1302,20250402,블로그,음주운전 재발 방지 서약서 작성 및 실천 중요성 강조,https://blog.naver.com/PostView.nhn?blogId=choinonlbag72&logNo=223819708296
1303,20250402,블로그,"분당헬스장) ""여성 호르몬 변화에 따라 운동을 조절하는 스마트한 방법 ♥️""",https://blog.naver.com/PostView.nhn?blogId=successgym-b&logNo=223819708086
1304,20250402,블로그,관절염 치료방법은 어떻게 될까요?,https://blog.naver.com/PostView.nhn?blogId=doraemon024&logNo=223819707929
1305,20250402,블로그,주임재교회 아침만나                                                [주님께 내 '염려'를 다 맡기는 방법],https://blog.naver.com/PostView.nhn?blogId=100proshop&logNo=223819706653
1306,20250402,블로그,"소음순레이저수술, 왜 필요할까?",https://blog.naver.com/PostView.nhn?blogId=tailer4525&logNo=223819706348
1307,20250402,블로그,후쿠오카 식도락 여행기🍡,https://blog.naver.com/PostView.nhn?blogId=wonhsb&logNo=223819704113
1308,20250402,블로그,[평택/평택역] 안경점 글라스스토리 평택/ 평택 저렴한 곳/평택 싼 곳,https://blog.naver.com/PostView.nhn?blogId=tmxkdlffl93&logNo=223819703521
1309,20250402,블로그,"의정부다이어트, 건강한 다이어트를 위한 궁금증",https://blog.naver.com/PostView.nhn?blogId=uoneclinic&logNo=223819703481
1310,20250402,블로그,삼천리자전거 삼륜자전거출고 청주자전거/오창자전거/오창MTB,https://blog.naver.com/PostView.nhn?blogId=ochangmtb&logNo=223819703273
1311,20250402,블로그,로얄베이비자전거 로얄킹20인치 레드입니다.,https://blog.naver.com/PostView.nhn?blogId=skp6464&logNo=223819702883
1312,20250402,블로그,봄맞이 여행으로 다녀온 라이딩 평화누리 자전거길 2코스,https://blog.naver.com/PostView.nhn?blogId=seungju-507&logNo=223819702623
1313,20250402,블로그,경기도 용인 폐 자전거 & 방치 폐자전거 수거 완료 했습니다:),https://blog.naver.com/PostView.nhn?blogId=itsmybike&logNo=223819702539
1314,20250402,블로그,2025 트렉 FX3 : 도심 라이딩부터 장거리까지 완벽한 하이브리드 자전거,https://blog.naver.com/PostView.nhn?blogId=withbike1125&logNo=223819702085
1315,20250402,블로그,"[기회기자단] 기후도 살리고, 리워드도 받고, 건강도 챙기자!",https://blog.naver.com/PostView.nhn?blogId=gyeonggi_gov&logNo=223819691232
1316,20250402,블로그,아르떼 수성랜드 34개월 아이와 벚꽃놀이 솔직후기,https://blog.naver.com/PostView.nhn?blogId=muyoatssa&logNo=223819700501
1317,20250402,블로그,체중 감량을 위한 남성 운동 전략,https://blog.naver.com/PostView.nhn?blogId=jdhwu&logNo=223819698922
1318,20250402,블로그,여행이 즐거워지는 리장 인기 호텔·숙소 추천 Pick 5,https://blog.naver.com/PostView.nhn?blogId=check-inn&logNo=223819698604
1319,20250402,블로그,[출고] 브롬톤 C라인 익스플로어 with 렉 (M6R) 출고 안내            #광주브롬톤  #광주미니벨로  #광주접이식자전거,https://blog.naver.com/PostView.nhn?blogId=lespo5366&logNo=223819694938
1320,20250402,블로그,[경북/경주] 경주 당일 치기 벚꽃 여행 (부산-경주),https://blog.naver.com/PostView.nhn?blogId=bit0710&logNo=223819692805
1321,20250402,블로그,2025.03.,https://blog.naver.com/PostView.nhn?blogId=somgjuho&logNo=223819692607
1322,20250402,블로그,"241115_15Y / 14Y :: 중고 자동차 구입 & 일상(시호검도대회, 김장)",https://blog.naver.com/PostView.nhn?blogId=ilasylove&logNo=223819692038
1323,20250402,블로그,오창자전거출고 삼천리자전거출고 청주삼천리/오창삼천리/오창MTB,https://blog.naver.com/PostView.nhn?blogId=ochangmtb&logNo=223819691858
1324,20250402,블로그,반려견과 함께한 서울 응봉산 노란 개나리 꽃구경 (25.4.2일 촬영),https://blog.naver.com/PostView.nhn?blogId=im0gil&logNo=223819691595
1325,20250402,블로그,수원교통사고전문변호사 광교 뺑소니 대안은,https://blog.naver.com/PostView.nhn?blogId=bldbdcav6893&logNo=223819691555
1326,20250402,블로그,샤오미 m4 미밴드 4 스마트워치 특급 따끈,https://blog.naver.com/PostView.nhn?blogId=nixpnefbd&logNo=223819691454
1327,20250402,블로그,씨엠림 앙코르 내셔널 파크 호텔/리조트·숙소 럭셔리하게 즐기고 싶다면? 프리미엄 추천 Pick Top 3,https://blog.naver.com/PostView.nhn?blogId=thehotelbooking&logNo=223819691054
1328,20250402,블로그,백수린 <눈부신 안부>,https://blog.naver.com/PostView.nhn?blogId=kimwithme&logNo=223819690831
1329,20250402,블로그,청주에 운동기구점이 왜 이렇게 없냐며 어르신 내외분이 실내자전거를 구경오셨습니다. 키텍K6.6,https://blog.naver.com/PostView.nhn?blogId=jeilsp1933&logNo=223819689665
1330,20250402,블로그,무릎 아프다고? 체중 관리랑 식단부터 바꿔봐!,https://blog.naver.com/PostView.nhn?blogId=tax12720&logNo=223819689606
1331,20250402,블로그,김포주간보호센터/건강돌봄/힘뇌체조/실버웃음치료/미술치료/실버음악/4월2일 수요일 이야기~!,https://blog.naver.com/PostView.nhn?blogId=gimpodaycare&logNo=223819689162
1332,20250402,블로그,광주광역시 “시민 곁으로 문화공연 찾아갑니다”,https://blog.naver.com/PostView.nhn?blogId=oms0852&logNo=223819688706
1333,20250402,블로그,영원무역 '애물단지' 된 자전거 사업…올해도 '눈물의 할인판매',https://blog.naver.com/PostView.nhn?blogId=recsy&logNo=223819687008
1334,20250402,블로그,독일 2주 여행 도시 루트 코스 추천 비용 비자 유심까지 알아보기!,https://blog.naver.com/PostView.nhn?blogId=itbgear&logNo=223819686714
1335,20250402,블로그,『참 좋았더라』 – 김탁환 지음,https://blog.naver.com/PostView.nhn?blogId=jini243&logNo=223819686372
1336,20250402,블로그,자이언트 로드 바이크 세차 및 정비,https://blog.naver.com/PostView.nhn?blogId=x_tokebi&logNo=223819686227
1337,20250402,블로그,인천 계양구 서운동 에어컨설치업체 하는 업체는,https://blog.naver.com/PostView.nhn?blogId=extremely6762&logNo=223819686009
1338,20250402,블로그,디스크 관절염 관리 어떻게 해야할까?,https://blog.naver.com/PostView.nhn?blogId=timereturn21&logNo=223819063960
1339,20250402,블로그,[일본 교환학생] 여자미술대학(조시비) 기숙사 신청을 하다🏡 - 도쿄여학생회관,https://blog.naver.com/PostView.nhn?blogId=thdttl&logNo=223818323543
1340,20250402,블로그,아크로삼성 35평형 전세 파노라마 한강뷰 즉시 입주 가능,https://blog.naver.com/PostView.nhn?blogId=sdark1776&logNo=223819615590
1341,20250402,블로그,영상 콘텐츠 제작에서 콘티란 무엇인가?,https://blog.naver.com/PostView.nhn?blogId=kimpd63&logNo=223817758642
1342,20250402,블로그,술 안 마셔도 간에 지방이 낀다?,https://blog.naver.com/PostView.nhn?blogId=chani282&logNo=223813213751
1343,20250402,블로그,세종시 부동산 2025년 4월 움직임,https://blog.naver.com/PostView.nhn?blogId=shgmlwjd002&logNo=223819684648
1344,20250402,블로그,세종암요양병원 초기암 수술 후에도 생각해야 하는 이유,https://blog.naver.com/PostView.nhn?blogId=bomunsan5567&logNo=223819684479
1345,20250402,블로그,"2026년형 르노 아르카나 출시_Tce260 삭제하고 스타일리시한 에스프리 알핀 트림 추가_시작가 2,300만원",https://blog.naver.com/PostView.nhn?blogId=nbarice&logNo=223819683916
1346,20250402,블로그,이스탄불 여행 :: 발랏 알록달록 집들과 작별의 모스크 투어,https://blog.naver.com/PostView.nhn?blogId=alcoho1er&logNo=223819683482
1347,20250402,블로그,"프랑스 베르사유 궁전 티켓, 정원에서 자전거 타는 법까지!",https://blog.naver.com/PostView.nhn?blogId=didrod0012&logNo=223819678367
1348,20250402,블로그,[생활과건강 2025년 1학기 중간과제물] 1.고혈압은 원인에 따라 일차성 고혈압과 이차성 고혈압으로 나눌 수 있다. 각각에 작용하는 위험요인 및 특성을 설명하시오. 2.고혈압,https://blog.naver.com/PostView.nhn?blogId=danawareport&logNo=223819677832
1349,20250402,블로그,성산일출봉 제주의 웅장한 자연과 역사를 만나는 특별한 여행,https://blog.naver.com/PostView.nhn?blogId=uiatqwn8_9auj&logNo=223819675359
1350,20250402,블로그,2025.4.1.화. 병원(졸라39좌),https://blog.naver.com/PostView.nhn?blogId=moviekkk&logNo=223819674868
1351,20250402,블로그,자연이 들려주는 이야기,https://blog.naver.com/PostView.nhn?blogId=leekye_&logNo=223819674884
1352,20250402,블로그,다혼 SUV D6 - 생활형 특화 접이식 자전거 추천,https://blog.naver.com/PostView.nhn?blogId=bikeyalena33&logNo=223819674829
1353,20250402,블로그,10월 너무 길어요,https://blog.naver.com/PostView.nhn?blogId=everydaymoeumzip&logNo=223819674429
1354,20250402,블로그,어린이자전거 브레이크 정비 및 패드 교체 수리 - 삼천리자전거 원주혁신점,https://blog.naver.com/PostView.nhn?blogId=wjinnobike&logNo=223819674330
1355,20250402,블로그,[BROMPTON]브롬톤 G라인.RIDEA 브롬톤,https://blog.naver.com/PostView.nhn?blogId=takeoutbike&logNo=223819674143
1356,20250402,블로그,"2026 월드컵 예선 직관 후기 손흥민도 빡친 경기력, 이대로 괜찮나?",https://blog.naver.com/PostView.nhn?blogId=262baeala-e4&logNo=223819672956
1357,20250402,블로그,[주문진 숙소] 가격 대비 너무 만족스럽고 특히 깨끗했던! 스테이올라,https://blog.naver.com/PostView.nhn?blogId=stanleybay&logNo=223819672791
1358,20250402,블로그,CPS-BS픽스기어 기본 컴프레션 언더레이어 스포츠웨어 래쉬가드 MMA 러닝 크로스핏,https://blog.naver.com/PostView.nhn?blogId=pcwju_3027&logNo=223819672211
1359,20250402,블로그,시라쿠사 오르티기아 호텔 Top 4: 숙소 고민 끝! 엄선한 호텔  리스트 공개,https://blog.naver.com/PostView.nhn?blogId=traveller5615&logNo=223819670711
1360,20250402,블로그,창원 서서히 진행되는 퇴행성관절염,https://blog.naver.com/PostView.nhn?blogId=pf00mcjwy&logNo=223819670453
1361,20250402,블로그,유산소 운동 시 관절에 무리 가지 않게 하는 방법,https://blog.naver.com/PostView.nhn?blogId=doordie3504&logNo=223819309243
1362,20250402,블로그,모토벨로 G5PRO 블랙+Ogk 유아안장장착 출고-부천 두발이모빌리티,https://blog.naver.com/PostView.nhn?blogId=ckdbfkav&logNo=223819669721
1363,20250402,블로그,직원분들이 친절하게 잘 가르쳐주는 봉명동 헬스장 사이언스짐,https://blog.naver.com/PostView.nhn?blogId=qndjqdlwl&logNo=223819669087
1364,20250402,블로그,4월의 오전🌼,https://blog.naver.com/PostView.nhn?blogId=eatpraylove0102&logNo=223819669094
1365,20250402,블로그,아이캔더 스무스 마틴게일 젠틀리쉬 볼트 딩글댕글백 밀키웨이,https://blog.naver.com/PostView.nhn?blogId=dekiru90&logNo=223819669053
1366,20250402,블로그,백반증 관리: 자연스럽고 건강한 접근법,https://blog.naver.com/PostView.nhn?blogId=tlkfze3375&logNo=223819668675
1367,20250402,블로그,4월 1일 운동,https://blog.naver.com/PostView.nhn?blogId=bloodyflag&logNo=223819668343
1368,20250402,블로그,헌옷 방문 매입) 서대문구 헌옷 헌책 컴퓨터 주방집기 고철 운동기구 에어컨 오디오 소품 잡화 골프채 방문 수거,https://blog.naver.com/PostView.nhn?blogId=hunot45&logNo=223819667275
1369,20250402,블로그,"씽씽이놀이터 8살 아이랑 화성 동탄신리천공원_주차, 화장실",https://blog.naver.com/PostView.nhn?blogId=hare719&logNo=223819667039
1370,20250402,블로그,밝은미소노인복지센터 4월 2일 하루일상,https://blog.naver.com/PostView.nhn?blogId=hka1526&logNo=223819665794
1371,20250402,블로그,시설 내부를 소개 합니다♡,https://blog.naver.com/PostView.nhn?blogId=donghengdaycarecentr&logNo=223819665432
1372,20250402,블로그,일본 벚꽃 만개 실시간 오사카 벚꽃명소 피크닉,https://blog.naver.com/PostView.nhn?blogId=ptmj24&logNo=223819662333
1373,20250402,블로그,🌞“햇빛만으론 부족해요!” 비타민 D 주사로 장수하는 법 알려드림✨,https://blog.naver.com/PostView.nhn?blogId=money4family&logNo=223819660214
1374,20250402,블로그,경의중앙선 양수역,https://blog.naver.com/PostView.nhn?blogId=kauber1997&logNo=223819659004
1375,20250402,블로그,"콜나고 V4Rs 디스크 RVBK 로드 자전거 프레임, 콜나고 CC.01 일체형 전용 핸들바 이탈리아 직구 문의",https://blog.naver.com/PostView.nhn?blogId=raumcho&logNo=223819658931
1376,20250402,블로그,[신발주머니포함] PUJP 농구공가방 농구가방 케이스 농구화 주머니 볼백 슈즈백 짐색 신발 공가방 가격 비교 리뷰 추천,https://blog.naver.com/PostView.nhn?blogId=hb3okmzj6eyop48fmx&logNo=223819655227
1377,20250402,블로그,천 년 만에 대한민국 국보가 된 청주 용두사지 철당간,https://blog.naver.com/PostView.nhn?blogId=barunmam&logNo=223819654277
1378,20250402,블로그,평택시민기자단 | 평택 안중읍 공원 현화근린공원에서 봄기운을 느껴보세요!,https://blog.naver.com/PostView.nhn?blogId=pt_story&logNo=223819258665
1379,20250402,블로그,부랴부랴 적는 속초여행기🌊🐟,https://blog.naver.com/PostView.nhn?blogId=juhyuuuun&logNo=223819654120
1380,20250402,블로그,자전거 음주운전으로 인한 사고 사례 및 예방책,https://blog.naver.com/PostView.nhn?blogId=goiajdfo141&logNo=223819653573
1381,20250402,블로그,2025년 4월 1일 자전거 31.3km(강동->양평),https://blog.naver.com/PostView.nhn?blogId=kauber1997&logNo=223819653460
1382,20250402,블로그,제21회 포항가족과학축제 & 제23회 과학자와의 만남 개최 안내,https://blog.naver.com/PostView.nhn?blogId=yonghoonimel&logNo=223819652995
1383,20250402,블로그,[초특가 할인판매] 큐브 전기산악자전거 하이브리드 160 카본 eMTB (L 사이즈),https://blog.naver.com/PostView.nhn?blogId=ez_bike&logNo=223819652850
1384,20250402,블로그,"[50States, 50Fixes] At This Clinic in Hawaii, Nature Is the Medicine",https://blog.naver.com/PostView.nhn?blogId=golfecho&logNo=223819652494
1385,20250402,블로그,"청주 요실금! “갱년기 요실금, 그냥 참아야 할까요?”",https://blog.naver.com/PostView.nhn?blogId=my98479847&logNo=223819652328
1386,20250402,블로그,봄이 찾아 왔나 봄 _ 25년 3월의 한 달 기록,https://blog.naver.com/PostView.nhn?blogId=ps_mime&logNo=223819650176
1387,20250402,블로그,"당분과 충치, 여성의 치아 건강을 위한 운동, 구강 수술 후 회복기간",https://blog.naver.com/PostView.nhn?blogId=ndbrvdsnhr51514&logNo=223819650116
1388,20250402,블로그,걸어서 영산강 종주 (담양대나무숲 인증센터 -> 승촌보인증센터 -> 나주버스터미널),https://blog.naver.com/PostView.nhn?blogId=yoonyoonh&logNo=223819649549
1389,20250402,블로그,크랭크 유아헬멧 단독 공구 PREVIEW,https://blog.naver.com/PostView.nhn?blogId=hamham24&logNo=223819648488
1390,20250402,블로그,탈것에 대해 배워보아요,https://blog.naver.com/PostView.nhn?blogId=brainnow_cwcity7&logNo=223819646555
1391,20250402,블로그,"자전거 기계식 디스크 브레이크, 반유압식 캘리퍼로 쉽게 교체하는 방법",https://blog.naver.com/PostView.nhn?blogId=mindline&logNo=223819646530
1392,20250402,블로그,3월의 나면일기,https://blog.naver.com/PostView.nhn?blogId=kmh5182&logNo=223819646476
1393,20250402,블로그,꼬미토미 유모차선풍기 날개가 없어 안심이야,https://blog.naver.com/PostView.nhn?blogId=sobongg&logNo=223819644423
1394,20250402,블로그,역곡외과 하지정맥류 운동의 도움으로 증세 완화가 가능하려면,https://blog.naver.com/PostView.nhn?blogId=haruop341&logNo=223819644311
1395,20250402,블로그,감사릴레이 1897일차 / 자전거타기 1733일차 수다쟁이우기아찌,https://blog.naver.com/PostView.nhn?blogId=parker377&logNo=223819644212
1396,20250402,블로그,디포나인 체인 카라핀 칼라핀 신비의2311,https://blog.naver.com/PostView.nhn?blogId=ginobmolusv&logNo=223819644177
1397,20250402,블로그,매디슨바이크 제로컨셉105 11단출고 청주자전거/오창자전거/오창MTB,https://blog.naver.com/PostView.nhn?blogId=ochangmtb&logNo=223819643636
1398,20250402,블로그,깨끗한 생수 휘슬러워터는 미네랄워터 빙하수에요,https://blog.naver.com/PostView.nhn?blogId=namhj2007&logNo=223819640414
1399,20250402,블로그,'한국IT아카데미'에서 집중력 향상 중🧘‍♂️,https://blog.naver.com/PostView.nhn?blogId=nuenue126&logNo=223819639542
1400,20250402,블로그,평택 세교동 헬스장 / 파인핏2호점                                  / 다이어트 / 음식 / 유산소 운동,https://blog.naver.com/PostView.nhn?blogId=sozl172&logNo=223819639508
1401,20250402,블로그,🍓외국인 보유상위 코스피 종목 주식마감시황 [04/02(수)],https://blog.naver.com/PostView.nhn?blogId=smarthumanlife&logNo=223819638512
1402,20250402,블로그,"[출고] 2022 알톤 벤조 26 에디션 출고 [대구 경산 시지 자전거, 바이크드림 시지점]",https://blog.naver.com/PostView.nhn?blogId=ssaljin&logNo=223807050109
1403,20250402,블로그,후쿠오카 여행 아이랑가볼만한 곳 오호리공원 가는길,https://blog.naver.com/PostView.nhn?blogId=nemoyaya&logNo=223819205165
1404,20250402,블로그,지구력 운동이 뇌 건강에 던지는 질문은?,https://blog.naver.com/PostView.nhn?blogId=inn5112&logNo=223819313233
1405,20250402,블로그,중고자전거.MTB.전시용.전기자전거(도소매)덤핑 처리합니다,https://blog.naver.com/PostView.nhn?blogId=ppss7400&logNo=223819637631
1406,20250402,블로그,"건강한 다이어트 방법 균형 잡힌 식사, 적절한 운동 필수",https://blog.naver.com/PostView.nhn?blogId=kims91kr&logNo=223819637611
1407,20250402,블로그,[개인형 이동장치 이용 안전수칙] 전동 킥보드 안전하게 이용합시다!,https://blog.naver.com/PostView.nhn?blogId=cleanhwasun&logNo=223819635781
1408,20250402,블로그,"+2418, 8살 딸이랑 대학로 데이트 코스 완벽해",https://blog.naver.com/PostView.nhn?blogId=playsungko&logNo=223819634132
1409,20250402,블로그,중고자전거.MTB.전시용.전기자전거.생활용(도소매)패업합니다,https://blog.naver.com/PostView.nhn?blogId=ppss7400&logNo=223819633037
1410,20250402,블로그,"평택 벚꽃 만개시기와 개화 그리고 숨은 명소 (진위천 유원지, 사군자근린공원, 평택호 관광단지)",https://blog.naver.com/PostView.nhn?blogId=gagasudo5800&logNo=223819633033
1411,20250402,블로그,복직을 곁들인 현생,https://blog.naver.com/PostView.nhn?blogId=shinsh319&logNo=223819632512
1412,20250402,블로그,청주항문외과 항문에 혹이 만져질 때,https://blog.naver.com/PostView.nhn?blogId=rate3058&logNo=223819631876
1413,20250402,블로그,이동환고양시장에게 바란다. 일산 도시 발전방향,https://blog.naver.com/PostView.nhn?blogId=kthigh11&logNo=223819631848
1414,20250402,블로그,인생은 이런 예쁜 경험 하려고 사는 거야^^*,https://blog.naver.com/PostView.nhn?blogId=syme0&logNo=223819631421
1415,20250402,블로그,#102: 뉴욕 6일차 - 뉴욕의 낮과 밤 (1102),https://blog.naver.com/PostView.nhn?blogId=suna_annyeong&logNo=223819630958
1416,20250402,블로그,부산 벚꽃 명소 APEC나루공원 ~ 수영강변 산책로 🌸💖,https://blog.naver.com/PostView.nhn?blogId=zeroadj&logNo=223819630728
1417,20250402,블로그,밝은미소노인복지센터 3월 31일 하루일상,https://blog.naver.com/PostView.nhn?blogId=hka1526&logNo=223819630322
1418,20250402,블로그,실내사이클효과 바른 자세와 주의점은,https://blog.naver.com/PostView.nhn?blogId=seoulthefirst&logNo=223819627889
1419,20250402,블로그,제주도 봄여행 가볼만한곳 가파도 예약 방법과 배시간,https://blog.naver.com/PostView.nhn?blogId=agay33&logNo=223819627747
1420,20250402,블로그,"10년 넘은 에어컨을 처분하고 싶으신가요? 무상수거만 알고 계셨다면, 저희는 무료로 철거한 뒤 매입해드립니다.",https://blog.naver.com/PostView.nhn?blogId=kika2207&logNo=223819626029
1421,20250402,블로그,다이어트와 유산소 운동!! 다이어트의 중요성,https://blog.naver.com/PostView.nhn?blogId=kims90kr&logNo=223819625878
1422,20250402,블로그,천안견인장치 쏘렌토mq4 하이브리드 견인장치,https://blog.naver.com/PostView.nhn?blogId=x_pert_&logNo=223819625617
1423,20250402,블로그,오늘의 걷기 - 동네 탐방 -,https://blog.naver.com/PostView.nhn?blogId=hjlim0727&logNo=223819625438
1424,20250402,블로그,제주🌫️ - 2024.04,https://blog.naver.com/PostView.nhn?blogId=rylyl&logNo=223819624897
1425,20250402,블로그,"직장인이 할 수 있는 부업, 알바 현실적인 추천 리스트",https://blog.naver.com/PostView.nhn?blogId=perform7181&logNo=223819624869
1426,20250402,블로그,BMC 팀머신 분해정비,https://blog.naver.com/PostView.nhn?blogId=bbrokr&logNo=223819623478
1427,20250402,블로그,샤오미 워치 S3 정발 한국판 고정 딱밤 쏘다,https://blog.naver.com/PostView.nhn?blogId=xdubtosyi&logNo=223819623112
1428,20250402,블로그,자동차 매연과 건강과의 상관관계를 알아볼까요,https://blog.naver.com/PostView.nhn?blogId=kims89kr&logNo=223819622747
1429,20250402,블로그,신체활동 프로그램으로 '볼링' 즐기신 센텀효어르신데이케어센터입니다.,https://blog.naver.com/PostView.nhn?blogId=741-6163&logNo=223819621973
1430,20250402,블로그,광주 알톤 팻바이크 풀샥 500W 전기자전거 코디악 T20,https://blog.naver.com/PostView.nhn?blogId=goback84&logNo=223819621865
1431,20250402,블로그,부산경남 전기자전거 퀄리 엑스트론 프로 미니 전동핫플 금정점에 다녀왔어요,https://blog.naver.com/PostView.nhn?blogId=bobae4120&logNo=223819194544
1432,20250402,블로그,서울에서 가봐야 할 겹벚꽃 성지 5곳 완벽 정리와 다른 벚꽃 명소까지 리스트로 소개드립니다,https://blog.naver.com/PostView.nhn?blogId=vselka&logNo=223819621297
1433,20250402,블로그,성장판 골절의 특징 건강관리 허리통증  관절건강 스포츠 부상 예방,https://blog.naver.com/PostView.nhn?blogId=jjda2021&logNo=223819620758
1434,20250402,블로그,2025 청주시 무심천 감성 소풍 포토존 - 인증샷 이벤트,https://blog.naver.com/PostView.nhn?blogId=cjcityblog&logNo=223819620562
1435,20250402,블로그,대구군위경찰서 ‘찾아가는 교통안전교육’으로 교통사망사고 예방에 총력,https://blog.naver.com/PostView.nhn?blogId=egunwi&logNo=223819619847
1436,20250402,블로그,제주 닭머르 해변 산책,https://blog.naver.com/PostView.nhn?blogId=mioki812&logNo=223819619638
1437,20250402,블로그,휘슬러 여행에서 호텔·숙소 실패하기 싫다면? 최고의 호텔 추천 Pick Bset 5,https://blog.naver.com/PostView.nhn?blogId=thehotelbooking&logNo=223819618935
1438,20250402,블로그,거창 가볼만한곳 창포원 산책 열대식물원 관람 후기,https://blog.naver.com/PostView.nhn?blogId=sjyun1004&logNo=223819617745
1439,20250402,블로그,[EBS 중급중국어] 骑车乐趣 자전거타는즐거움,https://blog.naver.com/PostView.nhn?blogId=f_f123&logNo=223819615453
1440,20250402,블로그,이월,https://blog.naver.com/PostView.nhn?blogId=limmmda_&logNo=223819615346
1441,20250402,블로그,[주문진&춘천 여행 1박 2일] DAY 2 처음으로 가본 춘천의 스팟들,https://blog.naver.com/PostView.nhn?blogId=stanleybay&logNo=223819615322
1442,20250402,블로그,"자전거 헬멧 속 이너캡 쪽모자, 블랙, 1개",https://blog.naver.com/PostView.nhn?blogId=earnfame72883&logNo=223819615299
1443,20250402,블로그,건강에 좋은 유산소 운동!! 유산소 운동의 중요성,https://blog.naver.com/PostView.nhn?blogId=kims87kr&logNo=223819615194
1444,20250402,블로그,어린이 통학버스 안전교육 시험 답안,https://blog.naver.com/PostView.nhn?blogId=kslh12&logNo=223819614909
1445,20250402,블로그,이마트 중동점에 있는 부천 안경점 자전거 선글라스 구매,https://blog.naver.com/PostView.nhn?blogId=ivyfoody&logNo=223819614498
1446,20250402,블로그,화성 화성시 매송면 목동 반송동 가정폐기물 사무실폐기물 가구수거 대형쓰레기 청소,https://blog.naver.com/PostView.nhn?blogId=hhjht&logNo=223819614398
1447,20250402,블로그,매화의 향기가 가득한 분당중앙공원의 봄날 풍경,https://blog.naver.com/PostView.nhn?blogId=ststoh&logNo=223819613778
1448,20250402,블로그,부산 숨겨진 벚꽃 명소 좌광천 산책 코스로 추천,https://blog.naver.com/PostView.nhn?blogId=hoduunni0220&logNo=223819613448
1449,20250402,블로그,20250328 불국사~석굴암 트레일러닝 코스,https://blog.naver.com/PostView.nhn?blogId=dukelab&logNo=223819613028
1450,20250402,블로그,인천 논현동 주간보호 <소래어르신주야간센터> 웃음치료와 인지활동이 부모님께 어떤 효과가 있는지 알려드려요,https://blog.naver.com/PostView.nhn?blogId=sekeun1208&logNo=223819612472
1451,20250402,블로그,바다를 바라보며 휴식을 즐기기 좋은 인천 카라반!!,https://blog.naver.com/PostView.nhn?blogId=food_fashion_life&logNo=223819611371
1452,20250402,블로그,"【속보 15】 이춘희, ""대통령실 세종시로 완전이전...노무현 신행정수도 건설완성""",https://blog.naver.com/PostView.nhn?blogId=esejong1&logNo=223819611137
1453,20250402,블로그,평택 세교동 헬스장 / 파인핏2호점 /                     다이어트 / 음식 / 유산소 운동,https://blog.naver.com/PostView.nhn?blogId=fine_fit2&logNo=223819609658
1454,20250402,블로그,김포어린이한약 발달에 도움을,https://blog.naver.com/PostView.nhn?blogId=ceiling49375&logNo=223819609338
1455,20250402,블로그,동두천 생연동 송내동 유품정리 청소 쓰레기집 빈집정리,https://blog.naver.com/PostView.nhn?blogId=acks1997&logNo=223819608372
1456,20250402,블로그,"어르신 건강케어, 계양구주간보호센터에서 책임집니다!",https://blog.naver.com/PostView.nhn?blogId=cjdfk1003&logNo=223819607397
1457,20250402,블로그,중동(0): 여행준비&출발,https://blog.naver.com/PostView.nhn?blogId=n2604&logNo=223819607029
1458,20250402,블로그,이게 가능하다고????!!,https://blog.naver.com/PostView.nhn?blogId=sinae3313&logNo=223819606582
1459,20250402,블로그,서대문도시가스공사 배관 철거 홍제원현대 힐스테이트,https://blog.naver.com/PostView.nhn?blogId=gurrmsehghks&logNo=223819605936
1460,20250402,블로그,3월이 벌써 끝났다구요?,https://blog.naver.com/PostView.nhn?blogId=yonsan_&logNo=223819604763
1461,20250402,블로그,혈압 정상수치 건강한 생활을 위한 필수 정보!,https://blog.naver.com/PostView.nhn?blogId=sdw6323&logNo=223818676617
1462,20250402,블로그,혈행관리의 여정 9주간의 변신기록,https://blog.naver.com/PostView.nhn?blogId=rainrain0000&logNo=223819273284
1463,20250402,블로그,"순천주간보호센터/순천시주간보호센터<실버베이주야간보호센터> ""그림 색칠하기와 요가교실"" 오늘도 행복하고 즐거운 실버베이 어르신의 하루~",https://blog.naver.com/PostView.nhn?blogId=sbb2688&logNo=223819604048
1464,20250402,블로그,대구중구한의원 척추관협착증을 예방할 수 있는 방법,https://blog.naver.com/PostView.nhn?blogId=minhoiscomeback&logNo=223819603127
1465,20250402,블로그,25년 3월,https://blog.naver.com/PostView.nhn?blogId=ihatecheezbrgr&logNo=223819602813
1466,20250402,블로그,다카마쓰 여행 2일차 나오시마/미술관 투어,https://blog.naver.com/PostView.nhn?blogId=eru13&logNo=223819601637
1467,20250402,블로그,25년 3월의 왜노자 下,https://blog.naver.com/PostView.nhn?blogId=msyang2&logNo=223819600839
1468,20250402,블로그,트위터자전거 R15 EDS TX,https://blog.naver.com/PostView.nhn?blogId=arusma&logNo=223819600653
1469,20250402,블로그,일상생활에 운동을 녹여내는 법 ㅣ 헬스보이짐 권선점,https://blog.naver.com/PostView.nhn?blogId=healthboy32&logNo=223819600483
1470,20250402,블로그,위즈덤하우스 서평단 2 - 나는 빛나는 3학년이야,https://blog.naver.com/PostView.nhn?blogId=teacheol-&logNo=223819599407
1471,20250402,블로그,"24년 11월 후쿠오카 여행-오호리 공원, 공용자전거 챠리챠리, 돈까스 맛집, 교자 맛집, 야키토리 맛집",https://blog.naver.com/PostView.nhn?blogId=againnfirst&logNo=223819599278
1472,20250402,블로그,"아이랑 오사카,유니버셜,교토,고베,아리마온천 1일차",https://blog.naver.com/PostView.nhn?blogId=youngaemi&logNo=223819598702
1473,20250402,블로그,부산 화명 생태공원 튤립 꽃단지 주차 정보 2025,https://blog.naver.com/PostView.nhn?blogId=soonyeon79&logNo=223819598352
1474,20250402,블로그,별거 업능 나에 일쌍,https://blog.naver.com/PostView.nhn?blogId=ny030101&logNo=223819597152
1475,20250402,블로그,3월은 훠궈의 계절,https://blog.naver.com/PostView.nhn?blogId=a-_-a1215&logNo=223819597074
1476,20250402,블로그,단기간 다이어트 결혼식 앞둔 예비신부를 위한 꿀팁! 단기 다이어트 식단 소개,https://blog.naver.com/PostView.nhn?blogId=doong_onni&logNo=223819596575
1477,20250402,블로그,Present 6!,https://blog.naver.com/PostView.nhn?blogId=kani6802&logNo=223819596512
1478,20250402,블로그,트위터자전거 로드 R15 EDS TX 전자변속,https://blog.naver.com/PostView.nhn?blogId=arusma&logNo=223819596254
1479,20250402,블로그,오창자전거출고 입문급로드자전거 출고합니다 청주자전거/오창MTB,https://blog.naver.com/PostView.nhn?blogId=ochangmtb&logNo=223819596131
1480,20250402,블로그,누르-술탄 예실 디스트릭트 호텔 추천 | 파도처럼 흘러가다 만난 최고의 숙소 Best 4,https://blog.naver.com/PostView.nhn?blogId=swimofpado&logNo=223819595683
1481,20250402,블로그,.,https://blog.naver.com/PostView.nhn?blogId=minseo030730&logNo=223819594648
1482,20250402,블로그,샤오미 워치 S4 스마트워치 프리미엄 운동 파트너,https://blog.naver.com/PostView.nhn?blogId=hongmae1&logNo=223819593447
1483,20250402,블로그,[먹오프] 스텔스 튜블리스 펑쳐 플러그 45% OFF,https://blog.naver.com/PostView.nhn?blogId=cephas2&logNo=223819592054
1484,20250402,블로그,제주도 인기 야외관광지 김녕미로공원 방문기!,https://blog.naver.com/PostView.nhn?blogId=thebestmaze&logNo=223819591849
1485,20250402,블로그,물류인의 아침시작 “데일리 물류뉴스” 4월3일(목),https://blog.naver.com/PostView.nhn?blogId=acesu&logNo=223819590787
1486,20250402,블로그,[서점] 다다르다:책과 서점으로 느슨한 연결 반려동물 동반 가능 대전 서점,https://blog.naver.com/PostView.nhn?blogId=sweetbear-&logNo=223819590354
1487,20250402,블로그,"쿠팡 투잡 오프라인 3가지: 수입, 장단점 완벽 정리",https://blog.naver.com/PostView.nhn?blogId=dreamnist2&logNo=223819589417
1488,20250402,블로그,도로가 보상대상인 경우,https://blog.naver.com/PostView.nhn?blogId=knhc1691&logNo=223819588543
1489,20250402,블로그,[공유] [서평이벤트] 파란자전거 ▶ 지구 야옹족 탐구 보고서 1 10명 (~7),https://blog.naver.com/PostView.nhn?blogId=hkcho80&logNo=223819588406
1490,20250402,블로그,가을가볼만한곳 BEST 3! 낭만 가득한 가을 여행 떠나볼까요?,https://blog.naver.com/PostView.nhn?blogId=14e-zn&logNo=223819587849
1491,20250402,블로그,인플루언서의 주름 없는 피부 비결,https://blog.naver.com/PostView.nhn?blogId=ccwje&logNo=223819587660
1492,20250402,블로그,트위터자전거 워리어 데오레 6100,https://blog.naver.com/PostView.nhn?blogId=arusma&logNo=223819587147
1493,20250402,블로그,[안산 NEWS] 2025년 4월 주요행사 소식,https://blog.naver.com/PostView.nhn?blogId=cityansan&logNo=223819587143
1494,20250402,블로그,양산도우누리노인복지센터/★☆4/1 치매예방과 낙상위험에 대비할 수 있는 후마네트 걷기운동!! ☆★<양산주간보호/주간보호/방문요양/노인돌봄>,https://blog.naver.com/PostView.nhn?blogId=yssc19225&logNo=223819266916
1495,20250402,블로그,"영천여행 봄을 알려주는 벚꽃명소, 우로지생태공원",https://blog.naver.com/PostView.nhn?blogId=yeongcheonsi&logNo=223819563800
1496,20250402,블로그,오클리 박스터 스포츠 고글Oakley Bxtr 9280 02선글라스 흔들림 없는 시선 강탈!,https://blog.naver.com/PostView.nhn?blogId=twonine1978&logNo=223810977771
1497,20250402,블로그,도심형 초소형 2인승 전기차 ‘FT-Me’…원동기 면허로 운전 가능,https://blog.naver.com/PostView.nhn?blogId=thedrivekorea&logNo=223819562905
1498,20250402,블로그,"아침 공복 운동의 진실, 살이 빠질까 말까?",https://blog.naver.com/PostView.nhn?blogId=onetworhkswl&logNo=223819014195
1499,20250402,블로그,[안산PT 고잔동재활피티] 앞십자인대 손상(ACL) 특징과 관리법!,https://blog.naver.com/PostView.nhn?blogId=hurikane10&logNo=223819392933
1500,20250402,블로그,가족과 함께하는 2025년 경주 여행 가이드,https://blog.naver.com/PostView.nhn?blogId=hotplace2025&logNo=223813270494
1501,20250402,뉴스,[데스크 칼럼] 한국은행 디지털화폐 실험이 반가운 이유,https://n.news.naver.com/mnews/article/082/0001319340
1502,20250402,뉴스,“봄은 역시 밤이지” 호텔 테라스에서 즐기는 낮보다 낭만적인 봄밤,https://n.news.naver.com/mnews/article/009/0005469874
1503,20250402,뉴스,"구미경찰서, 금오천 일대 시민 대상 범죄 예방 캠페인",https://n.news.naver.com/mnews/article/277/0005571932
1504,20250402,뉴스,[밀착카메라] 어른 양말 신고 `씩씩`…산불로 집 잃은 7살 결이의 희망찾기,https://n.news.naver.com/mnews/article/437/0000435665
1505,20250402,뉴스,고성 현내면 해상서 80대 해녀 물질 작업 중 숨져,https://n.news.naver.com/mnews/article/087/0001108280
1506,20250402,뉴스,개청 45주년 맞아 전 세대 참여하는 시민 화합 2025 동해시민 생활 스포츠 대축전,https://n.news.naver.com/mnews/article/087/0001108265
1507,20250402,뉴스,"어촌어항공단 등 3개 기관, ‘어촌·어항·섬 연계 해양관광 활성화’ 맞손",https://n.news.naver.com/mnews/article/082/0001319328
1508,20250402,뉴스,"글로벌 톱모델 신현지, ‘길바닥 밥장사’ 출격!",https://m.entertain.naver.com/now/article/144/0001029866
1509,20250402,뉴스,"‘학 씨’ 열풍… 최대훈, 이제는 믿고 맡겨 놓은 배우(폭싹 속았수다)",https://m.entertain.naver.com/now/article/410/0001059399
1510,20250402,뉴스,"""좋은 기억만 가득"" 엑소 카이, 대체복무 시절 언급에 직원들 등판 [엑`s 이슈]",https://m.entertain.naver.com/now/article/311/0001846434
1511,20250402,뉴스,"엑소 카이, 軍 대체복무 잘했네..“늘 친절했고 좋은 기억만” 미담 댓글 ing [Oh!쎈 이슈]",https://m.entertain.naver.com/now/article/109/0005274323
1512,20250402,뉴스,학씨 아저씨에 스며들었다…`폭싹` 최대훈의 재발견,https://m.entertain.naver.com/now/article/015/0005114126
1513,20250402,뉴스,경기도 남양주 용암천 지방하천 1.7km구간 공사 준공,https://n.news.naver.com/mnews/article/031/0000921349
1514,20250402,뉴스,"광주 동구, 매달 첫째 주 금요일 `차 없는 출퇴근제`",https://n.news.naver.com/mnews/article/001/0015306615
1515,20250402,뉴스,"""카이 사회복무요원 시절 성실""vs""송민호 근무지 이탈"" 엇갈린 반응",https://m.entertain.naver.com/now/article/213/0001333001
1516,20250402,뉴스,"“우리 아빤 ‘학 씨’던데…”…‘폭싹’ 최대훈, 빌런→부친 거듭난 디테일",https://m.entertain.naver.com/now/article/241/0003425708
1517,20250402,뉴스,"광주 동구, 매달 첫주 금요일엔 `차 없는 출퇴근제`",https://n.news.naver.com/mnews/article/003/0013159730
1518,20250402,뉴스,"“쏘카, 잡아야 하는데”… 리브랜딩에도 힘 못 쓰는 ‘G카’",https://n.news.naver.com/mnews/article/366/0001066133
1519,20250402,뉴스,디지털 트윈 기반 GTX 환승센터에 2029년말까지 160억 투자 추진,https://n.news.naver.com/mnews/article/018/0005976952
1520,20250402,뉴스,남양주 용암천 지방하천 1.7km구간 공사 준공,https://n.news.naver.com/mnews/article/666/0000068762
1521,20250402,뉴스,"""여주 관광, 새로운 도약""…여주시, `여주여행자센터` 개소",https://n.news.naver.com/mnews/article/031/0000921300
1522,20250402,뉴스,"대전 유성구, ‘다함께 안전하게’ 교통안전 선도도시 만든다",https://n.news.naver.com/mnews/article/031/0000921294
1523,20250402,뉴스,"""진상도 이런 진상 없는데..묘하게 짠해""…`폭싹` 최대훈, `학씨`로 울고 웃겼다",https://m.entertain.naver.com/now/article/076/0004261386
1524,20250402,뉴스,"광주 동구 공직자들, `차 없는 출·퇴근제` 실시",https://n.news.naver.com/mnews/article/277/0005571798
1525,20250402,뉴스,광주 서구 소상공인 함께하는 힐링음악회 `새봄`…5~6일 광주천변,https://n.news.naver.com/mnews/article/421/0008168948
1526,20250402,뉴스,"보령시, `2025 자전거의 날` 행사 용역 착수보고회 개최",https://n.news.naver.com/mnews/article/629/0000378540
1527,20250402,뉴스,[뉴스1 PICK]尹 탄핵심판 선고 D-2…`헌재 앞 진공상태`,https://n.news.naver.com/mnews/article/421/0008168876
1528,20250402,뉴스,[인천 주요 뉴스]尹 선고일 지정·산불 여파…인천 벚꽃축제 취소·연기,https://n.news.naver.com/mnews/article/079/0004009256
1529,20250402,뉴스,"[수도권 주요 뉴스]경기도, 미 관세 피해 중소기업 특별 지원",https://n.news.naver.com/mnews/article/079/0004009255
1530,20250402,뉴스,"`성실 복무` 카이, 소집해제 후 본업→예능 `훨훨` [엑`s 이슈]",https://m.entertain.naver.com/now/article/311/0001846340
1531,20250402,뉴스,5월 3~4일은 보령에서 열리는 `자전거의 날`,https://n.news.naver.com/mnews/article/079/0004009250
1532,20250402,뉴스,"서울시장에게 묻는다, `한강`은 누구의 것인가",https://n.news.naver.com/mnews/article/047/0002468212
1533,20250402,뉴스,"""우리 아빤데?""…`폭싹` 최대훈 불러온 공감백배 `학씨` 열풍",https://m.entertain.naver.com/now/article/421/0008168585
1534,20250402,뉴스,"여주시, 남한강 출렁다리 개통 `600만 관광 시대` 연다",https://n.news.naver.com/mnews/article/417/0001068039
1535,20250402,뉴스,"광주 동구 공직자들, 자가용 대신 대중교통·자전거·도보로 출퇴근",https://n.news.naver.com/mnews/article/421/0008168486
1536,20250402,뉴스,통합 환승센터 개발…GTX·철도·버스 등 한 곳에서 한 번에 환승,https://n.news.naver.com/mnews/article/018/0005976743
1537,20250402,뉴스,"올해 자전거의 날 행사, 5월 3∼4일 대천해수욕장서 개최",https://n.news.naver.com/mnews/article/001/0015305688
1538,20250402,뉴스,尹 탄핵 심판 집회 안전 관리… 서울시 “의료진·구급차 배치”,https://n.news.naver.com/mnews/article/366/0001066031
1539,20250402,뉴스,"광주 서구, 5~6일 `새봄 힐링음악회`",https://n.news.naver.com/mnews/article/277/0005571651
1540,20250402,뉴스,일본행 취소하길 잘했나?…‘인생샷’ 건지는 국내 핑크빛 여행지 5곳,https://n.news.naver.com/mnews/article/009/0005469410
1541,20250402,뉴스,"[보령소식]시, 대형산불 피해지원 1900만원 성금 모금 등",https://n.news.naver.com/mnews/article/003/0013158769
1542,20250402,뉴스,"경기도, 남양주 용암천 지방하천 공사 마무리",https://n.news.naver.com/mnews/article/015/0005113968
1543,20250402,뉴스,"대전 유성구, 사망감소 교통안전…162억 투입 30개 사업",https://n.news.naver.com/mnews/article/003/0013158748
1544,20250402,뉴스,"`학씨 아저씨` 최대훈, 누가 빌런이래…우리 모두의 아버지 (`폭싹`)",https://m.entertain.naver.com/now/article/312/0000706638
1545,20250402,뉴스,"‘폭싹’ 최대훈, “학 씨”로 떴다 “누가 빌런이래? 우리 아빤데”",https://n.news.naver.com/mnews/article/016/0002451557
1546,20250402,뉴스,"""학 씨! 누가 빌런이래?""…`폭싹 속았수다` 최대훈, 밉상도 사랑스럽다",https://m.entertain.naver.com/now/article/416/0000312823
1547,20250402,뉴스,"서울시, 尹 탄핵 선고 대비 2400명 투입…3일간 총력 대응",https://n.news.naver.com/mnews/article/421/0008168007
1548,20250402,뉴스,"경기도, 남양주 ‘용암천 지방하천 1.7km 공사’ 준공",https://n.news.naver.com/mnews/article/382/0001187907
1549,20250402,뉴스,"톱모델 신현지, 스페인서 `길바닥 밥장사` 도전..4개 국어 `유창`",https://m.entertain.naver.com/now/article/109/0005274052
1550,20250402,뉴스,"‘폭싹 속았수다’ 최대훈, 그도 아버지였다…미워할 수 없는 매력",https://m.entertain.naver.com/now/article/144/0001029712
1551,20250402,뉴스,"USB-C로 충전하는 전기 자전거 나왔다...""새 트렌드 될까""",https://n.news.naver.com/mnews/article/092/0002369068
1552,20250402,뉴스,"4월 만개한 벚꽃 따라 즐기는 바다…어항공단, 봄 여행 어촌마을 9곳 추천",https://n.news.naver.com/mnews/article/119/0002940422
1553,20250402,뉴스,탄핵선고 앞둔 헌재부터 여의도까지 `따릉이 진공상태`,https://n.news.naver.com/mnews/article/047/0002468169
1554,20250402,뉴스,"광주광역시, 5곳서 매주 토요일 `찾아가는 문화공연` 펼친다",https://n.news.naver.com/mnews/article/014/0005330108
1555,20250402,뉴스,“칼 갈아드립니다”…울산 생활민원 서비스 만족도 1위,https://n.news.naver.com/mnews/article/009/0005469299
1556,20250402,뉴스,"‘길바닥 밥장사’ 신현지, 유창한 4개국어로 활약 예고",https://m.entertain.naver.com/now/article/009/0005469293
1557,20250402,뉴스,"“2025년 우리 꽃길만 걷자!” 어촌어항공단, 어촌 벚꽃 여행지 9곳 추천",https://n.news.naver.com/mnews/article/082/0001319157
1558,20250402,뉴스,뚜벅이·연인… 스토리 담긴 세종형 관광코스 나온다,https://n.news.naver.com/mnews/article/656/0000127042
1559,20250402,뉴스,SK인천석유화학 벚꽃동산 8~13일 개방,https://n.news.naver.com/mnews/article/003/0013158079
1560,20250402,뉴스,남양주 용암천 하천폭 확장·제방 보강…자전거도로 개설,https://n.news.naver.com/mnews/article/421/0008167656
1561,20250402,뉴스,자전거 팔고 고치더니 식당까지 하는 옷가게…`올인원숍` 내놓은 브롬톤,https://n.news.naver.com/mnews/article/015/0005113904
1562,20250402,뉴스,광주시 “시민 곁으로 문화공연 찾아갑니다”,https://n.news.naver.com/mnews/article/277/0005571514
1563,20250402,뉴스,"경기도, 남양주 용암천 지방하천 1.7㎞구간 공사 준공",https://n.news.naver.com/mnews/article/629/0000378341
1564,20250402,뉴스,"광주 곳곳 찾아가는 문화공연…""오페라·발레·클래식·국악""",https://n.news.naver.com/mnews/article/003/0013158000
1565,20250402,뉴스,"[오늘 광주] ""시민 곁으로 문화공연 찾아갑니다""",https://n.news.naver.com/mnews/article/417/0001067958
1566,20250402,뉴스,"담양군수 본투표 순조…""잘 아는 후보"" vs ""정치 바꿀 후보"" 열기 후끈",https://n.news.naver.com/mnews/article/079/0004009042
1567,20250402,뉴스,SK인천석유화학 벚꽃동산 4월 8일부터 6일 간 개방,https://n.news.naver.com/mnews/article/666/0000068717
1568,20250402,뉴스,"""꽃길만 걷자""…어촌어항공단, 어촌 벚꽃 여행지 9곳 추천",https://n.news.naver.com/mnews/article/003/0013157884
1569,20250402,뉴스,"“학씨” 부상길 열풍, ‘폭싹’ 최대훈 인생역작 제대로 떴다",https://m.entertain.naver.com/now/article/468/0001136708
1570,20250402,뉴스,"어촌어항공단, 벚꽃길과 푸른 바다 어우러진 어촌체험휴양마을 9곳 소개",https://n.news.naver.com/mnews/article/421/0008167423
1571,20250402,뉴스,"경기도, 남양주 용암천 1.7㎞ 정비사업 준공",https://n.news.naver.com/mnews/article/001/0015304660
1572,20250402,뉴스,남양주 용암천 지방하천 정비사업 완료…자전거 도로 개설,https://n.news.naver.com/mnews/article/417/0001067928
1573,20250402,뉴스,"""학 씨!"" 최대훈, `폭싹 속았수다` 최대 수혜자 등극",https://m.entertain.naver.com/now/article/109/0005273949
1574,20250402,뉴스,`폭싹` 최대훈 열연에…`학씨 아저씨` 미운 정 들 수밖에,https://m.entertain.naver.com/now/article/408/0000260285
1575,20250402,뉴스,[헬스가이드-맨발걷기] 건강 효과 많지만 감염·상처 주의…부드러운 지면에서 시작해야,https://n.news.naver.com/mnews/article/076/0004261207
1576,20250402,뉴스,"‘폭싹’ 최대훈, 빌런 인줄 알았는데 아버지였네",https://m.entertain.naver.com/now/article/396/0000704802
1577,20250402,뉴스,반월상 연골판 파열 후 생긴 무릎 통증… 방치하면 연골 손상까지,https://n.news.naver.com/mnews/article/396/0000704801
1578,20250402,뉴스,“2년간 SNS 끊고 김종인으로 살았다”...사회복무요원 ‘정석’을 보여준 ‘이 가수’,https://n.news.naver.com/mnews/article/009/0005469196
1579,20250402,뉴스,전기자전거로 횡단보도 건너던 20대…차에 치여 경상,https://n.news.naver.com/mnews/article/421/0008167290
1580,20250402,뉴스,"‘폭싹 속았수다’ 최대훈, 미워할 수 없는 학씨 열풍..그 시절 아버지에 짠내 폭발",https://m.entertain.naver.com/now/article/112/0003754584
1581,20250402,뉴스,"`폭싹 속았수다` 최대훈, 공감 백배 `부상길`로 이끈 `학 씨 열풍`",https://m.entertain.naver.com/now/article/108/0003316722
1582,20250402,뉴스,"`폭싹 속았수다` 최대훈, `학씨` 유행어 남겼다…독보적 존재감",https://m.entertain.naver.com/now/article/018/0005976418
1583,20250402,뉴스,[아미랑] 자연이 들려주는 이야기,https://n.news.naver.com/mnews/article/346/0000089808
1584,20250402,뉴스,"종합 모빌리티 기업 도약한 더스윙, 작년 매출 704억 원 ‘씽씽’",https://n.news.naver.com/mnews/article/021/0002700278
1585,20250402,뉴스,"‘학 씨’ 열풍 부른 최대훈, 누가 빌런이래? 누군가에겐 익숙한 아버지(폭싹 속았수다)",https://m.entertain.naver.com/now/article/609/0000970623
1586,20250402,뉴스,"울산시, OK생활민원 서비스의 날 `만족`…칼갈이·분갈이 인기만점",https://n.news.naver.com/mnews/article/421/0008167239
1587,20250402,뉴스,"진주시, 공공시설 인프라 확장 … 순자산 1조1000억원 증가",https://n.news.naver.com/mnews/article/277/0005571349
1588,20250402,뉴스,경기도 남양주 용암천 지방하천 1.7km구간 공사 준공,https://n.news.naver.com/mnews/article/021/0002700273
1589,20250402,뉴스,한국의 남쪽 바다에 수선화·튤립 섬이 있습니다 [신안특집],https://n.news.naver.com/mnews/article/094/0000012546
1590,20250402,뉴스,‘OK생활민원 현장서비스의 날’… 울산 시민 만족도 높다,https://n.news.naver.com/mnews/article/277/0005571315
1591,20250402,뉴스,[스포츠박사 기자의 스포츠용어 산책 1395] 사이클에서 왜 ‘동호인’이라고 말할까,https://sports.news.naver.com/news.nhn?oid=425&aid=0000162280
1592,20250402,뉴스,"""조선도시 활성화돼야"" 거제시장 재선거, 작업복 노동자 줄지어 투표",https://n.news.naver.com/mnews/article/421/0008167144
1593,20250402,뉴스,카이 “춤 샤워할 때만 춰…실력 돌아오는 데 시간 걸려” (살롱드립2),https://m.entertain.naver.com/now/article/241/0003425465
1594,20250402,뉴스,"울산시, `OK생활민원 현장서비스` 시민 만족도 높다",https://n.news.naver.com/mnews/article/003/0013157444
1595,20250402,뉴스,[건강플러스] 봄철 운동 후 발생할 수 있는 정형외과 질환 및 치료법,https://n.news.naver.com/mnews/article/088/0000939545
1596,20250402,뉴스,"연예인 사회복무원의 좋은 예..카이, SNS 2년간 싹 끊은 이유 (`살롱드립2`)",https://m.entertain.naver.com/now/article/109/0005273881
1597,20250402,뉴스,중랑구 “일요일엔 자전거 수리·세척 하세요”,https://n.news.naver.com/mnews/article/022/0004024215
1598,20250402,뉴스,‘유쾌 상쾌’ 세상 풍자 …‘만담 DNA’ 깨우다 [나의 삶 나의 길],https://n.news.naver.com/mnews/article/022/0004024184
1599,20250402,뉴스,[오늘의 주요일정]대전세종충남(4월2일 수요일),https://n.news.naver.com/mnews/article/003/0013157348
1600,20250402,뉴스,벚꽃 명소 서울랜드가 추천하는 `핫스팟`은?,https://n.news.naver.com/mnews/article/469/0000857121
1601,20250402,뉴스,"`길바닥 밥장사` 류수영, 장사 접을 위기…왜?",https://m.entertain.naver.com/now/article/003/0013157339
1602,20250402,뉴스,"부산 사하구 “무단 방치 자전거, 저소득층에 기증”",https://n.news.naver.com/mnews/article/020/0003625413
1603,20250402,뉴스,[도민시론┃법정] 적반하장,https://n.news.naver.com/mnews/article/654/0000113960
1604,20250402,뉴스,영원무역 `애물단지` 된 자전거 사업…올해도 `눈물의 할인판매`,https://n.news.naver.com/mnews/article/629/0000378254
1605,20250402,뉴스,"[르포] 거리 점령한 여야 `비방 현수막`…시민들 ""왜 봐야 하냐?""",https://n.news.naver.com/mnews/article/629/0000378250
1606,20250402,뉴스,알아서 물건 사고 식당 예약…아마존도 ‘AI 비서’ 내놨다,https://n.news.naver.com/mnews/article/025/0003431213
1607,20250401,뉴스,"류수영, 폐업 위기 맞았다…음식서 이물질 발견 ""여기서 마쳐야"" (`길바닥 밥장사`)",https://m.entertain.naver.com/now/article/312/0000706567
1608,20250401,뉴스,"[종합] 엑소 카이, 복무 중 78kg으로 증량 ""군 적금으로 주식 도전했다""(`살롱드립2`)",https://m.entertain.naver.com/now/article/312/0000706554
1609,20250401,뉴스,"메가박스, 4월 ‘메가 온리’, 6개 작품 단독 상영 확정···‘택시 드라이버’ ‘카우보이 비밥-천국의 문’ ‘아키라’ 등 상영",https://m.entertain.naver.com/now/article/144/0001029558
1610,20250401,뉴스,차도·인도 구분없이 난폭 질주…명지는 지금 ‘자전거와의 전쟁’,https://n.news.naver.com/mnews/article/658/0000102479
1611,20250401,뉴스,엑소 카이 “군 대체 복무 중 64kg→78kg 증량…댄서들이 ‘커이’라고” (‘살롱드립2’),https://m.entertain.naver.com/now/article/009/0005469093
1612,20250401,뉴스,"강동구, 자전거 벚꽃라이딩 챌린지",https://n.news.naver.com/mnews/article/011/0004468829
1613,20250401,뉴스,보은벚꽃 따라 봄의 향연 벚꽃축제,https://n.news.naver.com/mnews/article/656/0000126983
1614,20250401,뉴스,"공주경찰서, 청소년 등굣길 교통안전 캠페인",https://n.news.naver.com/mnews/article/656/0000126977
1615,20250401,뉴스,"프랑스, ‘페달 밟으며 공부합니다’",https://n.news.naver.com/mnews/article/056/0011922942
1616,20250401,뉴스,"엑소 카이, 군복무 중 62㎏→78㎏ 증량 “오랜만에 춤췄더니…” (살롱드립2)",https://m.entertain.naver.com/now/article/609/0000970501
1617,20250401,뉴스,[서초포럼] 네버랜드를 떠나야 할 시간,https://n.news.naver.com/mnews/article/014/0005329868
1618,20250401,뉴스,"`182cm.64kg` 카이 ""사회 복무때 78kg까지 증량"" 깜짝  (`살롱드립2`)",https://m.entertain.naver.com/now/article/109/0005273760
1619,20250401,뉴스,시민·경찰도 모르는 ‘킥보드 없는 거리’...서울시 QR 먹통,https://n.news.naver.com/mnews/article/092/0002369000
1620,20250401,뉴스,"[오늘의 주요일정] 대전·충남(2일, 수)",https://n.news.naver.com/mnews/article/421/0008166763
1621,20250401,뉴스,2025년 인천스페셜올림픽코리아 정기 이사회 개최,https://n.news.naver.com/mnews/article/666/0000068646
1622,20250401,뉴스,"`길바닥 밥장사` 류수영, 장사 접을 위기…신현지 ""환불하고 장사 마쳐야""",https://m.entertain.naver.com/now/article/018/0005976078
1623,20250401,뉴스,"녹색 늘리고, 오염 줄이고...보아오포럼이 주목한 `헬스산업`의 내일",https://n.news.naver.com/mnews/article/025/0003431137
1624,20250401,뉴스,"멜킨스포츠, `천국의 계단` 시리즈 특별 기획전 실시",https://sports.news.naver.com/news.nhn?oid=445&aid=0000282145
1625,20250401,뉴스,"`길바닥 밥장사` 류수영, 장사 시작하자마자 접을 위기?! 4차 티저 공개",https://m.entertain.naver.com/now/article/408/0000260214
1626,20250401,뉴스,"카카오 경영 관여 안해...`티머니모빌리티` 출범, 공공 인프라 강화",https://n.news.naver.com/mnews/article/018/0005975988
1627,20250401,뉴스,"효령노인복지타운 15주년 ""품격있는 노후 따뜻한 동행""",https://n.news.naver.com/mnews/article/421/0008166548
1628,20250401,뉴스,소똥으로 코팅한 차량…연비 낮추는 전통의 지혜?,https://n.news.naver.com/mnews/article/016/0002451058
1629,20250401,뉴스,[팩플] 아마존도 뛰어든 AI 에이전트…‘AI 비서’ 전쟁 치열해진다,https://n.news.naver.com/mnews/article/025/0003431117
1630,20250401,뉴스,"익산시 ""수요일엔 대중교통 타고 출근해요""",https://n.news.naver.com/mnews/article/001/0015303701
1631,20250401,뉴스,"건담→아키라, 4월에도 취향 저격…메가박스, 6개 작품 단독 상영",https://m.entertain.naver.com/now/article/018/0005975925
1632,20250401,뉴스,통영 사량도서 `사량해 산타섬` 이색등반대회 열린다,https://n.news.naver.com/mnews/article/658/0000102411
1633,20250401,뉴스,"피엘라벤, ‘호야’ 컬렉션 새로운 라이딩 스타일 제안",https://n.news.naver.com/mnews/article/144/0001029482
1634,20250401,뉴스,"광주 효령타운 15년… ""노인복지 표준도시 만든다""",https://n.news.naver.com/mnews/article/417/0001067772
1635,20250401,뉴스,"피엘라벤, 새로운 사이클링 컬렉션 ‘호야’ 론칭",https://sports.news.naver.com/news.nhn?oid=468&aid=0001136531
1636,20250401,뉴스,`덕심` 제대로 저격한다…`건담`부터 `카우보이 비밥`까지,https://m.entertain.naver.com/now/article/015/0005113505
1637,20250401,뉴스,"자전거를 더 재밌게…피엘라벤, ‘호야’ 컬렉션 공개",https://n.news.naver.com/mnews/article/382/0001187722
1638,20250401,뉴스,`구글 무임승차` 길 터주는 美 USTR 보고서…지도 내주고 망값 받지 마라?,https://n.news.naver.com/mnews/article/003/0013156298
1639,20250401,뉴스,"[진주소식]기품원, 지역 상생발전 사내 카페 개소 등",https://n.news.naver.com/mnews/article/003/0013156294
1640,20250401,뉴스,"고용주 살해한 직원, 사고사 위장하다 걸려… 검찰 ""무기징역 구형""",https://n.news.naver.com/mnews/article/417/0001067746
1641,20250401,뉴스,"`건담` 시리즈·`택시 드라이버` 개봉…메가박스, 4월 단독 상영작 라인업",https://m.entertain.naver.com/now/article/421/0008165999
1642,20250401,뉴스,스마트한 라이프스타일 IT기기로 봄 맞이 야외 활동 준비,https://n.news.naver.com/mnews/article/119/0002940020
1643,20250401,뉴스,[글로벌D리포트] 도둑 들끓는 미국…보고도 신고 않는 시민들,https://n.news.naver.com/mnews/article/055/0001245263
1644,20250401,뉴스,"자전거, 더 안전하게 이용하세요! 중랑구, 수리부터 교육까지 지원",https://n.news.naver.com/mnews/article/028/0002738599
1645,20250401,뉴스,도시 미관 해치던 무단 방치 자전거 수리해 저소득층에,https://n.news.naver.com/mnews/article/001/0015303025
1646,20250401,뉴스,"한국, ‘젊은 대장암’ 세계 1위 …빈혈, 가벼이 여겨선 안 돼",https://n.news.naver.com/mnews/article/020/0003625165
1647,20250401,뉴스,벚꽃길 라이딩,https://n.news.naver.com/mnews/article/421/0008165933
1648,20250401,뉴스,"[르포] 앞차 돌발 후진에 “빵빵”… 안전요원도 없는 中 로보택시, 운전 실력 놀랍네",https://n.news.naver.com/mnews/article/366/0001065738
1649,20250401,뉴스,"점점 길어지는 박찬대 수염, 투쟁 전사로? [런치정치]",https://n.news.naver.com/mnews/article/449/0000304169
1650,20250401,뉴스,"사행산업통합감독위원회, 건전화 평가에서 경정 S등급과 경륜 A등급 달성해",https://sports.news.naver.com/news.nhn?oid=468&aid=0001136493
1651,20250401,뉴스,통영 사량도서 `사량해 산타섬` 이색등반대회 열린다,https://n.news.naver.com/mnews/article/658/0000102390
1652,20250401,뉴스,강동구 4일부터 라이딩 챌린지,https://n.news.naver.com/mnews/article/021/0002700147
1653,20250401,뉴스,"메가박스, 4월 `메가 온리` 6개 작품 단독상영",https://n.news.naver.com/mnews/article/008/0005173991
1654,20250401,뉴스,"20일째 멈춘 광화문 따릉이, 탄핵선고 해도 재개 불투명",https://n.news.naver.com/mnews/article/047/0002468023
1655,20250401,뉴스,"[세종24시] 세종시, 올바른 자전거·개인 이동장치 이용 캠페인...안전 문화 확산 기대",https://n.news.naver.com/mnews/article/586/0000100361
1656,20250401,뉴스,"강동구, 벚꽃 라이딩 챌린지 개최",https://n.news.naver.com/mnews/article/028/0002738566
1657,20250401,뉴스,"증평 여행의 새로움, 스탬프투어로 색다르게",https://n.news.naver.com/mnews/article/421/0008165578
1658,20250401,뉴스,"멜킨스포츠, ‘대세’ 운동기구 ‘천국의계단’ 10주년 기념 특별 기획전 진행",https://n.news.naver.com/mnews/article/468/0001136476
1659,20250401,뉴스,"익산시 ""매월 첫 수요일은 대중교통 이용의 날""",https://n.news.naver.com/mnews/article/079/0004008640
1660,20250401,뉴스,"‘유채꽃 넘실’ 부산 대저동 갈까, ‘벚꽃 만발’ 구례 화엄사 향할까",https://n.news.naver.com/mnews/article/016/0002450849
1661,20250401,뉴스,`시내버스 타고` 출근한 정헌율 익산시장…매월 첫 수요일 `대중교통 이용`,https://n.news.naver.com/mnews/article/002/0002381050
1662,20250401,뉴스,"`택시 드라이버`→`아키라`까지…메가박스, 4월 단독 상영작 6편",https://m.entertain.naver.com/now/article/416/0000312787
1663,20250401,뉴스,"류수영, 해외서 위생문제 터졌다 ""환불 후 장사 중단"" 위기 (`길바닥 밥장사`) (`길바닥 밥장사`)",https://m.entertain.naver.com/now/article/076/0004260945
1664,20250401,뉴스,"광례, 애순, 금명…그들이 속은 세상, 그들이 수고한 세상 [이형석 칼럼]",https://m.entertain.naver.com/now/article/016/0002450798
1665,20250401,뉴스,"더스윙, 작년 매출 704억원…5년 연속 두자릿수 성장률",https://n.news.naver.com/mnews/article/008/0005173933
1666,20250401,뉴스,황강서 되살아난 `4대강 망령`... 2600억짜리 `황당 삽질`,https://n.news.naver.com/mnews/article/047/0002468015
1667,20250401,뉴스,"♥박하선 걱정…류수영, 요리 퍼포먼스 화려했지만 이물질 발견 `장사 접을 위기`",https://m.entertain.naver.com/now/article/415/0000036870
1668,20250401,뉴스,마틴 스콜세시  `택시 드라이버` 메가박스에서 만나다,https://m.entertain.naver.com/now/article/438/0000071958
1669,20250401,뉴스,고용주 살해하고 `자전거 사고사` 위장…항소심 무기징역 구형,https://n.news.naver.com/mnews/article/421/0008165432
1670,20250401,뉴스,`금전 갈등` 사장 살해 뒤 사고사 위장 종업원 2심도 무기징역 구형,https://n.news.naver.com/mnews/article/003/0013155227
1671,20250401,뉴스,"홈트레이닝 운동기구 브랜드 멜킨스포츠, 론칭 10주년 맞아 ‘특별 기획전’ 진행",https://sports.news.naver.com/news.nhn?oid=117&aid=0003928031
1672,20250401,뉴스,"메가박스, 4월 ‘메가 온리’로 6개 작품 단독 상영 확정",https://m.entertain.naver.com/now/article/382/0001187661
1673,20250401,뉴스,"[독자의눈] 픽시 자전거, 위험성 교육해야",https://n.news.naver.com/mnews/article/082/0001318924
1674,20250401,뉴스,"류수영 만든 삼겹살에 이물질이..장사 접을 위기 ""환불해 드려""(길바닥 밥장사)",https://m.entertain.naver.com/now/article/109/0005273479
1675,20250401,뉴스,"부산 사하구 무단 방치 자전거, 깨끗이 정비해 취약계층에 나눔",https://n.news.naver.com/mnews/article/020/0003625119
1676,20250401,뉴스,"놀이기구 타면서 벚꽃놀이를? 서울랜드, 이색 코스 공개",https://n.news.naver.com/mnews/article/145/0000021857
1677,20250401,뉴스,"류수영, 장사 접을 위기..식사하던 손님 입안에서 나온 무언가 [길바닥 밥장사]",https://m.entertain.naver.com/now/article/108/0003316407
1678,20250401,뉴스,"류수영, 음식에서 이물질 발견?…""환불하고 장사 마쳐야"" 긴급 상황 (길바닥 밥장사)",https://m.entertain.naver.com/now/article/311/0001845696
1679,20250401,뉴스,천하의 류수영 ‘밥장사’ 접을 위기…외국인 불편한 기색에 “환불해 드리자”,https://m.entertain.naver.com/now/article/609/0000970263
1680,20250401,뉴스,"봄바람 맞으며 달려볼까…강동구, 한강 일대서 `라이딩 챌린지`",https://sports.news.naver.com/news.nhn?oid=001&aid=0015302052
1681,20250401,뉴스,`벚꽃따라 설레어 봄` 보은서 이달 4~13일 축제,https://n.news.naver.com/mnews/article/421/0008165036
1682,20250401,뉴스,"더스윙, `공유킥보드` 기업 탈피…모빌리티 신사업 노린다",https://n.news.naver.com/mnews/article/138/0002193793
1683,20250401,뉴스,강동구 ‘천호자전거거리 벚꽃라이딩 챌린지’ 개최,https://n.news.naver.com/mnews/article/016/0002450602
1684,20250401,뉴스,"[이웃사랑]한국어 서툰 어머니, 어린 동생…어깨 무거운 소년 가장",https://n.news.naver.com/mnews/article/088/0000939286
1685,20250401,뉴스,‘벚꽃랜드’ 서울랜드의 벚꽃코스터·바이올린벚꽃·꽃축제 그리고 봄밤[함영훈의 멋·맛·쉼],https://n.news.naver.com/mnews/article/016/0002450584
1686,20250401,뉴스,‘르노 아르카나(XM3)’ 하이브리드가 2849만 9000원...‘에스프리 알핀’ 가세한 2026년형 출시,https://n.news.naver.com/mnews/article/109/0005273394
1687,20250401,뉴스,"국토부, `교통카드 빅데이터` 데이터안심구역에 개방",https://n.news.naver.com/mnews/article/629/0000377836
1688,20250401,뉴스,"용인특례시-용인건설보행안전원 협동조합, 건설사업장 보행안전원 운영 업무협약",https://n.news.naver.com/mnews/article/031/0000920722
1689,20250401,뉴스,"[MZ순경]""경찰서장까지 해보고 싶어요""…1등 순경의 포부",https://n.news.naver.com/mnews/article/277/0005570564
1690,20250401,뉴스,"""여기가 미국이야? 태안이야?""…차타고 떠난 캘리포니아 맛보기",https://n.news.naver.com/mnews/article/421/0008164793
1691,20250401,뉴스,"""오늘(1일)부터 교통카드 빅데이터 자유롭게 활용해요""",https://n.news.naver.com/mnews/article/119/0002939729
1692,20250401,뉴스,4월부터 교통카드 빅데이터 민간에 개방된다,https://n.news.naver.com/mnews/article/018/0005975267
1693,20250401,뉴스,`교통카드 빅데이터` 데이터안심구역에 개방…연구개발 활용,https://n.news.naver.com/mnews/article/003/0013154614
1694,20250401,뉴스,"대중교통 이용 시간 등 교통카드 데이터, 오늘부터 민간 개방",https://n.news.naver.com/mnews/article/079/0004008498
1695,20250401,뉴스,오늘부터 교통카드 빅데이터 개방…민간도 활용 가능,https://n.news.naver.com/mnews/article/016/0002450533
1696,20250401,뉴스,4월 1일부터 교통카드 빅데이터 개방,https://n.news.naver.com/mnews/article/014/0005329226
1697,20250401,뉴스,교통카드 빅데이터 개방…부르면 오는 공유버스 도입 길 열렸다,https://n.news.naver.com/mnews/article/011/0004468358
1698,20250401,뉴스,"국토부, 교통카드 빅데이터 개방…민간 활용 시대 개막",https://n.news.naver.com/mnews/article/421/0008164765
1699,20250401,뉴스,"`고양 하프마라톤` 여는 이동환 시장 ""다음엔 풀코스로""",https://n.news.naver.com/mnews/article/025/0003430986
1700,20250401,뉴스,[스포츠박사 기자의 스포츠용어 산책 1394] 왜 ‘경륜’이라 말할까,https://sports.news.naver.com/news.nhn?oid=425&aid=0000162230
1701,20250401,뉴스,목련 풍선 불어보세요 [김민철의 꽃이야기],https://n.news.naver.com/mnews/article/023/0003896758
1702,20250331,뉴스,"`황금종려상 2회` 다르덴 형제...`자전거 탄 소년`, 다시 극장으로",https://m.entertain.naver.com/now/article/445/0000281969
1703,20250331,뉴스,"[수원 소식] 수원시도서관, 도서관 주간 맞아 독서문화프로그램 운영",https://n.news.naver.com/mnews/article/119/0002939694
1704,20250331,뉴스,삼성SDI ‘원통형 46파이 배터리’ 양산,https://n.news.naver.com/mnews/article/032/0003360286
1705,20250331,뉴스,이 세계에서는 나도 박보검?…드라마 주인공 되는 법 [영상],https://m.entertain.naver.com/now/article/117/0003927858
1706,20250331,뉴스,"차세대 46파이 배터리 양산 삼성SDI, 美 고객사 공급",https://n.news.naver.com/mnews/article/009/0005468379
1707,20250331,뉴스,"춘천시, 봄맞이 춘천사이로248 및 임시주차장 대청소",https://n.news.naver.com/mnews/article/468/0001136326
1708,20250331,뉴스,춘천시 출렁다리 `춘천사이로248`·임시주차장 환경정비,https://n.news.naver.com/mnews/article/421/0008164544
1709,20250331,뉴스,쿠페형 SUV `르노 아르카나` 2026년형… 2300만원부터,https://n.news.naver.com/mnews/article/015/0005113135
1710,20250331,뉴스,"삼성SDI, 차세대 46파이 배터리 양산…美 고객사 공급",https://n.news.naver.com/mnews/article/009/0005468327
1711,20250331,뉴스,"더스윙, 지난해 매출액 700억…5년 연속 두 자릿수 성장률",https://n.news.naver.com/mnews/article/421/0008164496
1712,20250331,뉴스,의암호 출렁다리 춘천사이로248 편의시설 보강…봄철 환경 정비 완료,https://n.news.naver.com/mnews/article/087/0001107621
1713,20250331,뉴스,"더스윙, 작년 영업익 15억원...전년 대비 70%↓",https://n.news.naver.com/mnews/article/092/0002368807
1714,20250331,뉴스,"대전청, 4~5월 교통사망사고 특별관리기간…""암행순찰""",https://n.news.naver.com/mnews/article/003/0013154142
1715,20250331,뉴스,"김영환 지사 ""증평을 인공지능 도시로 만들 것""",https://n.news.naver.com/mnews/article/001/0015301219
1716,20250331,뉴스,"모빌리티 기업 더스윙, 작년 매출 700억원 돌파…""5년 연속 성장""",https://n.news.naver.com/mnews/article/003/0013154130
1717,20250331,뉴스,"더스윙, 작년 매출 700억 달성... 5년 연속 두 자릿수 성장률 기록",https://n.news.naver.com/mnews/article/119/0002939580
1718,20250331,뉴스,"[창원24시] 창원시, 폴란드에 글로벌 비즈센터 지정…유럽 수출 교두보 마련",https://n.news.naver.com/mnews/article/586/0000100316
1719,20250331,뉴스,"IT 전문기업 ‘모지세’, 아름다운가게에 헬스용품 등 기탁",https://n.news.naver.com/mnews/article/396/0000704606
1720,20250331,뉴스,[이슈플러스] 끝내 고정밀지도 반출하겠다는 구글…허가 신청서 살펴보니,https://n.news.naver.com/mnews/article/030/0003298564
1721,20250331,뉴스,"""광주 도심이 시험무대"" 창업기업 제품 실증지원 강화",https://n.news.naver.com/mnews/article/003/0013153929
1722,20250331,뉴스,"한강공원 자전거, 가족의 주말 나들이를 바꾸다",https://n.news.naver.com/mnews/article/020/0003624924
1723,20250331,뉴스,"강릉경찰서, 이륜차량 대상 선제적 안전활동 실시",https://n.news.naver.com/mnews/article/087/0001107548
1724,20250331,뉴스,춘천시 시민레저 아카데미 운영…체험·강습·리그전 진행,https://sports.news.naver.com/news.nhn?oid=001&aid=0015300826
1725,20250331,뉴스,"광주시, 창업기업 기술 실증 지원 규모 확대",https://n.news.naver.com/mnews/article/001/0015300758
1726,20250331,뉴스,분양가 부담 높아지는 가운데 `e편한세상 송도 더퍼스트비치` 비용 절감 혜택 제공 눈길,https://n.news.naver.com/mnews/article/029/0002944805
1727,20250331,뉴스,"춘천레저·태권도조직위, 2025 시민레저아카데미 교육 프로그램 시작",https://n.news.naver.com/mnews/article/468/0001136241
1728,20250331,뉴스,전기자전거로 보행자 치고 도망간 40대 징역형 집유,https://n.news.naver.com/mnews/article/421/0008163850
1729,20250331,뉴스,"“영등포 봄꽃, 이번엔 정원에서 만나요”",https://n.news.naver.com/mnews/article/023/0003896688
1730,20250331,뉴스,`46 원통형` 배터리 LG엔솔 vs 삼성SDI 경쟁 격화,https://n.news.naver.com/mnews/article/030/0003298462
1731,20250331,뉴스,"익산시, 내달 4~6일 `제8회 웅포벚꽃축제` 연다",https://n.news.naver.com/mnews/article/277/0005570209
1732,20250331,뉴스,“자전거도 타고 건강도 챙기고”…혜택 가득 ‘중구 라이딩’,https://n.news.naver.com/mnews/article/081/0003529448
1733,20250331,뉴스,"[진주소식]하이파이브봉사단, 이웃사랑 성금 기탁 등",https://n.news.naver.com/mnews/article/003/0013153141
1734,20250331,뉴스,"파주시민축구단, K3리그 홈 개막경기…시민과 함께한 축제의 장",https://n.news.naver.com/mnews/article/277/0005570182
1735,20250331,뉴스,무심천 벚꽃개화기 안전관리에 2100명 투입,https://n.news.naver.com/mnews/article/656/0000126709
1736,20250331,뉴스,"""저 카드발급 한 적 없다구요""…깜빡 내 손으로 `그 놈`에게 전화를 걸고 말았다",https://n.news.naver.com/mnews/article/003/0013152778
1737,20250331,뉴스,"유채꽃 넘실대는 부산 대저냐, 벚꽃 만발한 구례 화엄사냐…그것이 문제로다[함영훈의 멋·맛·쉼]",https://n.news.naver.com/mnews/article/016/0002450139
1738,20250331,뉴스,다르덴 형제 `자전거 탄 소년` 개봉....“사랑의 페달을 함께 밟아줄 사람이 나타났다”,https://m.entertain.naver.com/now/article/438/0000071931
1739,20250331,뉴스,"‘캐즘’ 빠져 허덕이던 국내 배터리 3사, 모처럼 ‘기지개’",https://n.news.naver.com/mnews/article/032/0003360128
1740,20250331,뉴스,"삼성SDI, 차세대 배터리 첫 생산…마무리 과제는?",https://n.news.naver.com/mnews/article/648/0000034861
1741,20250331,뉴스,"빙그레, 워터 타입 단백질 음료 2종 출시",https://n.news.naver.com/mnews/article/018/0005974608
1742,20250331,뉴스,"당진시, 전 시민 대상 ‘시민안전보험’ 가입",https://n.news.naver.com/mnews/article/629/0000377496
1743,20250331,뉴스,"수원시, 광교산·행궁광장에 자전거대여소 운영…다음달 개시",https://n.news.naver.com/mnews/article/021/0002699795
1744,20250331,뉴스,"빙그레, 단백질과 수분 보충 한 번에..더단백 청사과 백자몽 출시",https://n.news.naver.com/mnews/article/014/0005328703
1745,20250331,뉴스,"""만약 자전거였다면""…중국서 달리는 차에 `맨홀 뚜껑` 날벼락",https://n.news.naver.com/mnews/article/008/0005173210
1746,20250331,뉴스,"삼성SDI, 46파이 배터리 양산 시작…국내 업체 중 처음",https://n.news.naver.com/mnews/article/028/0002738341
1747,20250331,뉴스,"수원시,행궁동 1곳·광교산 2곳...공영자전거대여소 운영",https://n.news.naver.com/mnews/article/468/0001136177
1748,20250331,뉴스,[Why] ‘총기 불법’ 아이티에서 갱단이 활개치는 이유,https://n.news.naver.com/mnews/article/366/0001065336
1749,20250331,뉴스,"청주 무심천서 내주 벚꽃·푸드트럭축제…""안전관리 강화""",https://n.news.naver.com/mnews/article/001/0015299555
1750,20250331,뉴스,"수원시, 11월까지 행궁동·광교산서 공영자전거 대여",https://n.news.naver.com/mnews/article/629/0000377459
1751,20250331,뉴스,"‘강동엄마’ 박춘선 서울시의원, 가래여울한강~암사초록길 현장점검 실시",https://n.news.naver.com/mnews/article/081/0003529387
1752,20250331,뉴스,"수원시, 행궁동·광교산서 `공영자전거 대여소` 3곳 운영",https://n.news.naver.com/mnews/article/421/0008162727
1753,20250331,뉴스,"파주시민축구단, 3리그 홈 개막경기…시민과 함께 축제의 장",https://n.news.naver.com/mnews/article/021/0002699763
1754,20250331,뉴스,"서울 중구, 더 즐겁고 안전한 구민 라이딩 지원한다",https://n.news.naver.com/mnews/article/021/0002699724
1755,20250331,뉴스,"수원시, 4월부터 `공영자전거 대여소` 운영",https://n.news.naver.com/mnews/article/277/0005569859
1756,20250331,뉴스,‘알 수 없는 인생’... 그래서 현실의 미래는 ‘설렘’보다 ‘두려움’이 앞선다<일상이 뉴스다!>,https://n.news.naver.com/mnews/article/655/0000024351
1757,20250331,뉴스,[인터넷 와글와글] 중국서 맨홀 뚜껑 날아와 운전석 유리에 `쾅`,https://n.news.naver.com/mnews/article/057/0001879096
1758,20250331,뉴스,[와이라노] 한국선 ‘먹통’인 구글맵…美·구글 “정밀지도 달라”,https://n.news.naver.com/mnews/article/658/0000102219
1759,20250331,뉴스,[외국인 품는 산단]②퇴근 후 `핫플` 된 복합문화센터…대불산단은 변화 중,https://n.news.naver.com/mnews/article/277/0005569819
1760,20250331,뉴스,가평 에덴벚꽃길 축제 연분홍에 핑크를 더하다[함영훈의 멋·맛·쉼],https://n.news.naver.com/mnews/article/016/0002449854
1761,20250331,뉴스,"지연되는 탄핵 정국, 갈피 못잡는 한국 경제 [혼돈의 미국 그리고 한국④]",https://n.news.naver.com/mnews/article/050/0000088497
1762,20250331,뉴스,[스포츠박사 기자의 스포츠용어 산책 1393] 사이클 경기에서 왜 ‘추발’이라고 말할까,https://sports.news.naver.com/news.nhn?oid=425&aid=0000162168
1763,20250331,뉴스,[거버넌스워치] 영원무역 이사 보수한도 연쇄 증액 누구 위한 것?…후계자 성래은,https://n.news.naver.com/mnews/article/648/0000034848
1764,20250331,뉴스,"양주시, 사고 피해 안전망 확충…‘생활안전보험’ 갱신 가입",https://n.news.naver.com/mnews/article/021/0002699695
1765,20250331,뉴스,부산 해상교량 100㎞ 자전거대회 열린다,https://n.news.naver.com/mnews/article/081/0003529312
1766,20250331,뉴스,폐기물 너덜너덜… 이미래가 본 인류의 미래는,https://n.news.naver.com/mnews/article/020/0003624753
1767,20250331,뉴스,서부산 개발의 핵심… 주변에 산업단지 많아,https://n.news.naver.com/mnews/article/023/0003896553
1768,20250331,뉴스,"[박은정의 생활독성 이야기] 부메랑이 된 미세플라스틱, 더 이상 외면할 수 없는 진실",https://n.news.naver.com/mnews/article/025/0003430604
1769,20250331,뉴스,[이슈현장] 양양 낙산~하조대 연결도로 확포장 장기화,https://n.news.naver.com/mnews/article/654/0000113449
1770,20250330,뉴스,"김종환 깜짝 고백 ""♥아내 사기 결혼, 나이 속였다…동거 후 알아"" (가보자고) [종합]",https://m.entertain.naver.com/now/article/213/0001332535
1771,20250330,뉴스,"`임영웅 작곡가` 김종환, 반전 과거 ""과거 스피드스케이팅 선수 출신""[가보자고][★밤TView]",https://m.entertain.naver.com/now/article/108/0003315927
1772,20250330,뉴스,남편의 `하체 부실` 정황 포착했다면… `이 운동` 권해 보세요,https://n.news.naver.com/mnews/article/346/0000089677
1773,20250330,뉴스,"사근진해변 차로 확장공사 중, 여름 휴가철 교통체증 완화 기대",https://n.news.naver.com/mnews/article/087/0001107362
1774,20250330,뉴스,부담 없이 봄 여행 가세요…50만 명에게 경비 혜택,https://n.news.naver.com/mnews/article/396/0000704511
1775,20250330,뉴스,"최악의 괴물 산불, 우연이 아니다 [김백민의 해법기후]",https://n.news.naver.com/mnews/article/028/0002738284
1776,20250330,뉴스,“그래도 살아야지” 화마 휩쓴 경북 영덕 주민들 일상 찾으려 안간힘,https://n.news.naver.com/mnews/article/028/0002738280
1777,20250330,뉴스,"""인기는 돌고 돈다"" … 되살아나는 옛 관광지",https://n.news.naver.com/mnews/article/009/0005467510
1778,20250330,뉴스,주거·일자리·교육·문화 빌드업…청년이 머무는 도시로,https://n.news.naver.com/mnews/article/009/0005467490
1779,20250330,뉴스,춘곤증에 ‘꾸벅꾸벅’…3주 이상 간다면 건강 적신호?,https://n.news.naver.com/mnews/article/296/0000088112
1780,20250330,뉴스,중국서 갑자기 날아온 맨홀 뚜껑 `쾅`…달리던 차 앞 유리에 박혀,https://n.news.naver.com/mnews/article/422/0000726115
1781,20250330,뉴스,"KDS ""AI와 드론 활용해 마라톤 참가자 개별 영상 실시간 제작""",https://n.news.naver.com/mnews/article/092/0002368609
1782,20250330,뉴스,"봄의 향연, 충북에서 만나요…충북문화재단, 봄꽃 명소 11곳 소개",https://n.news.naver.com/mnews/article/018/0005973974
1783,20250330,뉴스,"꽃 피고 따스한 봄 불청객, 피로한 `춘곤증` 오래 간다면",https://n.news.naver.com/mnews/article/018/0005973950
1784,20250330,뉴스,27사단 해체로 지역경기 휘청…화천 사내면 재도약 청신호,https://n.news.naver.com/mnews/article/001/0015298052
1785,20250330,뉴스,바다 위를 달린다…10월 부산 7개 해상교량서 자전거 축제,https://n.news.naver.com/mnews/article/001/0015298013
1786,20250330,뉴스,[주말 PICK!] 나에게 맞는 운동시간은?…‘수면습관·운동목적·생활패턴’ 먼저 고려해야,https://n.news.naver.com/mnews/article/662/0000064945
1787,20250330,뉴스,4월 익산 벚꽃 시티투어 4차례 진행,https://n.news.naver.com/mnews/article/659/0000031769
1788,20250329,뉴스,"고양특례시, AI 기반으로 한 ‘스마트도시’ 조성에 박차",https://n.news.naver.com/mnews/article/021/0002699584
1789,20250329,뉴스,"`협상의 기술` 이제훈, 성동일의 500억 부채 어찌 막나?[오늘밤 TV]",https://m.entertain.naver.com/now/article/465/0000010608
1790,20250329,뉴스,46kg 안소희 “‘이 운동’ 3년째”…살 빠지고 스트레스 풀린다고?,https://n.news.naver.com/mnews/article/296/0000088098
1791,20250329,뉴스,"""양관식과 금명""..박보검, 예비 딸바보 실존",https://m.entertain.naver.com/now/article/109/0005271865
1792,20250329,뉴스,논 귀퉁이엔 분홍 꽃비 날리고 그렇게 나의 봄은 저물어갔다[조승리의 언제나 삶은 축제],https://n.news.naver.com/mnews/article/032/0003359868
1793,20250329,뉴스,"`협상의 기술` 이제훈 VS 장현성, 성동일의 심판대에 오른다",https://m.entertain.naver.com/now/article/477/0000542009
1794,20250329,뉴스,성동일 500억 대출 사실에…이제훈X장현성 진검승부 예고 (협상의 기술),https://m.entertain.naver.com/now/article/445/0000281692
1795,20250329,뉴스,"“마라톤, 근육 운동 병행해야 오래 즐겨요” [양종구의 100세 시대 건강법]",https://n.news.naver.com/mnews/article/020/0003624619
1796,20250329,뉴스,"`협상의 기술` 심판대 이제훈, 성동일 `500억 대출` 부채까지 해결할까",https://m.entertain.naver.com/now/article/437/0000435137
1797,20250329,뉴스,불모지 국내 시장서 `픽업트럭` 경쟁…`짐차` 이미지 벗었다,https://n.news.naver.com/mnews/article/422/0000725870
1798,20250329,뉴스,“말랐는데 고지혈증이라니”...콜레스테롤 잘 관리하는 방법은?,https://n.news.naver.com/mnews/article/296/0000088095
1799,20250329,뉴스,[자막뉴스] 생각만으로 움직인다... 마비 환자에 찾아온 기적,https://n.news.naver.com/mnews/article/052/0002172663
1800,20250329,뉴스,"‘협상의 기술’ 이제훈vs장현성, 성동일 심판대에 오르다",https://m.entertain.naver.com/now/article/609/0000969243
1801,20250329,뉴스,"이제훈vs장현성, ‘500억 불법 대출’ 성동일 심판대에 올라 (협상의 기술)",https://m.entertain.naver.com/now/article/382/0001187057
1802,20250329,뉴스,"젊은층도 앓는 ‘무릎관절염’, 예방과 치료법은?",https://n.news.naver.com/mnews/article/666/0000068362
1803,20250329,뉴스,인간의 한계 실험하는 ‘151㎞’…양양 그란폰도에 도전장 낸 철인들,https://n.news.naver.com/mnews/article/081/0003529120
1804,20250329,뉴스,[스포츠박사 기자의 스포츠용어 산책 1392] 사이클에서 왜 ‘BMX’라고 말할까,https://sports.news.naver.com/news.nhn?oid=425&aid=0000162069
1805,20250329,뉴스,"""여보, 봄나들이 가자""…벚꽃 마케팅에 지갑도 활짝",https://n.news.naver.com/mnews/article/008/0005172728
1806,20250329,뉴스,"‘봄기운 완연, 꽃내음 가득’… 인천 봄꽃 추천지 어디",https://n.news.naver.com/mnews/article/022/0004023177
1807,20250329,뉴스,"‘히융♥’ 김종민 “내 애칭=띠룩”..전현무, 과거 연애 소환 “나도 있어” 씁쓸 (‘전현무계획2’)",https://m.entertain.naver.com/now/article/109/0005271520
1808,20250329,뉴스,생각만으로 움직이는 로봇팔...장애 극복의 새 장 열리나,https://n.news.naver.com/mnews/article/052/0002172563
1809,20250328,뉴스,"전현무 한류스타였네, 영어·중국어·일어 능통에 “중화권만 가도 알아봐”(전현무계획2)",https://m.entertain.naver.com/now/article/609/0000969194
1810,20250328,뉴스,"전현무, 한류스타 가나..“중화권에서 좀 알아봐”  (‘전현무계획2’)",https://m.entertain.naver.com/now/article/109/0005271414
1811,20250328,뉴스,‘MBN Y포럼’ 청년들에 전한 응원 “세상을 물들여봐” [종합],https://m.entertain.naver.com/now/article/009/0005467113
1812,20250328,뉴스,"새엄마 괴롭히는 남편의 아들, 훈육 회피했던 속사정",https://m.entertain.naver.com/now/article/047/0002467665
1813,20250328,뉴스,"허윤진 “르세라핌 정체성, 두려움 안은 채 사랑하겠다는 것”[MBN Y포럼]",https://m.entertain.naver.com/now/article/009/0005467051
1814,20250328,뉴스,"[MBN Y 포럼] 미미미누 “입시 5수, 크리에이터는 보편성+특수성”",https://m.entertain.naver.com/now/article/009/0005467029
1815,20250328,뉴스,"익산시, 내달 5일부터 `벚꽃 시티투어` 운영",https://n.news.naver.com/mnews/article/277/0005569375
1816,20250328,뉴스,우종수 국수본부장 퇴임…경찰 계엄특수단장 후임은 백동흠 국장,https://n.news.naver.com/mnews/article/421/0008160261
1817,20250328,뉴스,"뒷담화 시작한 네 살, 진짜 형님 다섯 살",https://n.news.naver.com/mnews/article/047/0002467650
1818,20250328,뉴스,"[MBN Y포럼] 심으뜸 “100세 시대, 건강한 할머니 되려면…”",https://m.entertain.naver.com/now/article/009/0005466987
1819,20250328,뉴스,"충전해서 쓰는 스마트 골프볼, 휴대폰에 꽂으면 구속찍히는 스피드건",https://sports.news.naver.com/news.nhn?oid=011&aid=0004467332
1820,20250328,뉴스,"기장군 ‘창의과학 체험사업’, 부산 과학문화 선도한다",https://n.news.naver.com/mnews/article/658/0000102031
1821,20250328,뉴스,"‘최후의 수단’이라는 인공관절, 수술만큼 중요한 건 ‘재활’",https://n.news.naver.com/mnews/article/346/0000089624
1822,20250328,뉴스,"“아조씨 무시하네!” 추성훈, 심으뜸과 쉐도우 복싱 대결[MBN Y포럼]",https://m.entertain.naver.com/now/article/009/0005466947
1823,20250328,뉴스,"부여군의회, 제291회 임시회 개회…1회 추경 심의 등",https://n.news.naver.com/mnews/article/003/0013149638
1824,20250328,뉴스,"“첫째 子 자폐 진단” 받았는데... 이상인 셋째, 母 눈 찌르고 공격 행동",https://m.entertain.naver.com/now/article/022/0004023067
1825,20250328,뉴스,"[MBN Y포럼] 추성훈 “167cm된 사랑이, 공부·운동 안시켜”",https://m.entertain.naver.com/now/article/009/0005466913
1826,20250328,뉴스,"추성훈 “사랑이, 100만 구독자 축하無 이유는…”[MBN Y포럼]",https://m.entertain.naver.com/now/article/009/0005466909
1827,20250328,뉴스,유승민 대한체육회 회장 “단점 인정하고 장점 부각에 시간 쓰길”[MBN Y포럼],https://n.news.naver.com/mnews/article/009/0005466892
1828,20250328,뉴스,"부여군의회, 제291회 임시회 개회…14건 안건 심의",https://n.news.naver.com/mnews/article/629/0000377097
1829,20250328,뉴스,[안산소식]수자원공사와 상생발전 현장 간부회의 개최 등,https://n.news.naver.com/mnews/article/003/0013149465
1830,20250328,뉴스,"""흐드러지게 활짝 핀 익산시 `벚꽃 시티투어` 지금 예약하세요""",https://n.news.naver.com/mnews/article/002/0002380525
1831,20250328,뉴스,"[양주소식]시, `생활안전보험` 갱신 가입 등",https://n.news.naver.com/mnews/article/003/0013149317
1832,20250328,뉴스,[MBN Y포럼]진종오 의원 “목표없던 유년…희망 잃지 말고 꿈 이루길”,https://m.entertain.naver.com/now/article/009/0005466827
1833,20250328,뉴스,아파트 정문서 승용차가 중학생 추돌…“우회전 일시 정지 안 해”,https://n.news.naver.com/mnews/article/056/0011920781
1834,20250328,뉴스,흐드러진 4월의 봄날 `익산 벚꽃 시티투어` 달린다,https://n.news.naver.com/mnews/article/003/0013149242
1835,20250328,뉴스,"""벚꽃 구경 오세요"" 익산시, 4월 시티투어 운영",https://n.news.naver.com/mnews/article/001/0015296103
1836,20250328,뉴스,자전거·요트·해녀체험 해볼까… 제주는 ‘럭셔리 웰니스여행’ 성지,https://n.news.naver.com/mnews/article/081/0003528966
1837,20250328,뉴스,"[이 책 어때]세계 최초의 광고는 ""도망간 노예를 찾습니다""",https://n.news.naver.com/mnews/article/277/0005569122
1838,20250328,뉴스,"세종시, 올바른 자전거 문화 확산 캠페인 전개",https://n.news.naver.com/mnews/article/656/0000126482
1839,20250328,뉴스,우회전 차량이 `자전거 초교생` 충돌…40대 경찰 조사,https://n.news.naver.com/mnews/article/421/0008159296
1840,20250328,뉴스,강북구 자연·역사·전통시장 담은 `강북 감성길` 조성,https://n.news.naver.com/mnews/article/001/0015295774
1841,20250328,뉴스,"떠나는 국수본부장 ""힘차게 페달 밟아 달라""…당분간 수장 공석",https://n.news.naver.com/mnews/article/015/0005112045
1842,20250328,뉴스,"윤선예 부여군의원 ""자전거 친화도시 부여 조성해야""",https://n.news.naver.com/mnews/article/629/0000376945
1843,20250328,뉴스,"강북구, `강북 감성길` 조성…지하철역 연계 5개 산책로",https://n.news.naver.com/mnews/article/003/0013148620
1844,20250328,뉴스,지역사회와 손잡고  온실가스 감축 실천,https://n.news.naver.com/mnews/article/469/0000856310
1845,20250328,뉴스,올림픽대로·강변북로 이어 한강공원까지 AI 영상검지 확대한다,https://n.news.naver.com/mnews/article/030/0003297840
1846,20250328,뉴스,자동차도로 보행자 오진입 방지…서울시 `AI 검지기` 확대,https://n.news.naver.com/mnews/article/055/0001244204
1847,20250328,뉴스,"ST, 저전압 고출력 모터 애플리케이션 지원 턴키 레퍼런스 디자인 출시",https://n.news.naver.com/mnews/article/138/0002193606
1848,20250328,뉴스,"우종수 국가수사본부장 퇴임…""수사경찰, 멈추면 쓰러지는 자전거""",https://n.news.naver.com/mnews/article/629/0000376927
1849,20250328,뉴스,"광례, 애순, 민옥, 영란… 요망‘진’ 들을 위해! - 드라마 ‘폭싹 속았수다’ ",https://n.news.naver.com/mnews/article/310/0000124232
1850,20250328,뉴스,`비상계엄 수사 지휘` 우종수 국수본부장 퇴임…후임 당분간 공백,https://n.news.naver.com/mnews/article/025/0003430251
1851,20250328,뉴스,"우종수 국수본부장 ""수사구조 변화 초기 혼란 수습…노력 멈추지 말라""",https://n.news.naver.com/mnews/article/018/0005973033
1852,20250328,뉴스,"퇴임하는 우종수 국수본부장 ""경찰 수사가 돌아왔다""",https://n.news.naver.com/mnews/article/421/0008158892
1853,20250328,뉴스,우종수 국수본부장 퇴임…“신뢰받는 경찰 멈춰선 안 돼”,https://n.news.naver.com/mnews/article/277/0005568998
1854,20250328,뉴스,"`퇴임` 우종수 국가수사본부장 ""수사는 `두발자전거`…멈추면 쓰러져""",https://n.news.naver.com/mnews/article/008/0005172356
1855,20250328,뉴스,"`퇴임` 우종수 국수본부장 ""베테랑 형사 늘고 사건처리 빨라졌다""",https://n.news.naver.com/mnews/article/003/0013148354
1856,20250328,뉴스,‘최악 산불’ 보성‧구례 벚꽃축제 등 각종 행사 취소‧축소,https://n.news.naver.com/mnews/article/310/0000124227
1857,20250328,뉴스,"본격 등산 시즌, 아웃도어 마니아들은 어떤 장비를 쓸까?",https://n.news.naver.com/mnews/article/094/0000012536
1858,20250328,뉴스,"“제주, ‘폭싹’ 빠질 만하네”.. 티웨이 직항 타고 가오슝이 움직인다",https://n.news.naver.com/mnews/article/661/0000052704
1859,20250328,뉴스,[스포츠박사 기자의 스포츠용어 산책 1391] 왜 ‘MTB’라고 말할까,https://sports.news.naver.com/news.nhn?oid=425&aid=0000162016
1860,20250328,뉴스,"광례, 애순, 금명…그들이 속은 세상, 그들이 수고한 세상[이형석칼럼]",https://m.entertain.naver.com/now/article/016/0002448941
1861,20250328,뉴스,트럼프 관세 부과에도 전기차는 일제 랠리…왜?(종합2),https://n.news.naver.com/mnews/article/421/0008158525
1862,20250328,뉴스,"테슬라 0.39%-리비안 7.60%, 관세에도 전기차는 일제↑(종합)",https://n.news.naver.com/mnews/article/421/0008158516
1863,20250328,뉴스,"母 얼굴에 침뱉은 전처 子→전남편·전처 사망, 드라마급 재혼부부(이혼숙려캠프)[어제TV]",https://m.entertain.naver.com/now/article/609/0000968814
1864,20250328,뉴스,자동차 관세 25% 부과에도 리비안은 7.60% 급등,https://n.news.naver.com/mnews/article/421/0008158510
1865,20250328,뉴스,잡무 내몰리는 중장년… “재취업 훈련 지원 내실화를”,https://n.news.naver.com/mnews/article/022/0004022928
1866,20250328,뉴스,`AI 영상검지기` 서울 시내 100곳 확대…도로 사망사고 막는다,https://n.news.naver.com/mnews/article/629/0000376855
1867,20250328,뉴스,도로 진입 보행자 AI로 인식…`AI 영상검지기` 100곳 확대,https://n.news.naver.com/mnews/article/421/0008158484
1868,20250328,뉴스,"시흥시 ""공유자전거·전동킥보드 무단방치 신고·접수""",https://n.news.naver.com/mnews/article/003/0013148033
1869,20250328,뉴스,"서울시설공단, `AI 영상검지기` 확대…도로 사망사고 예방",https://n.news.naver.com/mnews/article/003/0013148015
1870,20250328,뉴스,자동차도로 보행자 오진입 방지…서울시 `AI 검지기` 확대,https://n.news.naver.com/mnews/article/001/0015294922
1871,20250328,뉴스,"깨어나라, 나의 라이딩 본능… 달려 보자, 자전거 성지 ‘천호’ [서울펀! 동네힙!]",https://n.news.naver.com/mnews/article/081/0003528844
1872,20250328,뉴스,"“40대 후반 맞아?”… 야노시호 ‘납작배’ 인증, ‘3가지 운동’ 덕분이라는데",https://n.news.naver.com/mnews/article/346/0000089585
1873,20250328,뉴스,‘반지의 제왕’ 작가의 동화 “결국엔 선이 승리한단다”,https://n.news.naver.com/mnews/article/081/0003528799
1874,20250328,뉴스,"""새엄마가 싸구려 사줬어""…결국 극단적 시도까지 `충격`",https://m.entertain.naver.com/now/article/008/0005172236
1875,20250328,뉴스,봄꽃 핀 영산강 따라 라이딩 한바퀴,https://n.news.naver.com/mnews/article/020/0003624380
1876,20250328,뉴스,"[BS현장] 내나라 여행박람회 찾은 장미란 차관… “지역관광, 위기 넘는 힘 될 것”",https://n.news.naver.com/mnews/article/396/0000704337
1877,20250328,뉴스,"[TF초점] 세이마이네임, `청정 필터` 그 자체",https://m.entertain.naver.com/now/article/629/0000376847
1878,20250327,뉴스,"`박하선♥` 류수영, 자전거 위에서 요리라니…""한식당 하나도 없어"" (`길바닥 밥장사`)",https://m.entertain.naver.com/now/article/312/0000705903
1879,20250327,뉴스,[이갑수의 일생의 일상]독도에 관한 명상,https://n.news.naver.com/mnews/article/032/0003359631
1880,20250327,뉴스,산불 피해 `역대 최악`…60대 산불감시원 숨진 채 발견,https://n.news.naver.com/mnews/article/055/0001244046
1881,20250327,뉴스,스크린 양궁·축구 … 스포츠 신기술 총출동,https://sports.news.naver.com/news.nhn?oid=009&aid=0005466478
1882,20250327,뉴스,"`길바닥 밥장사` 류수영, `어남선생` 레시피 레전드 찍는다",https://m.entertain.naver.com/now/article/018/0005972672
1883,20250327,뉴스,"문체부·관광공사, 3월 `여행가는 봄` 이어 4~5월 걷기·바다여행 캠페인 펼친다",https://n.news.naver.com/mnews/article/014/0005327561
1884,20250327,뉴스,`폭싹` 보며 눈물 흘리다 `협상의 기술`에 전 직장이 떠오른 까닭,https://m.entertain.naver.com/now/article/047/0002467535
1885,20250327,뉴스,방지턱 위 주차칸에 세워진 자전거…주차하려던 운전자가 한 행동? - 김명준의 뉴스파이터,https://n.news.naver.com/mnews/article/057/0001878659
1886,20250327,뉴스,"산불 일주일째, 비는 안 내려...이 시각 경남 산청",https://n.news.naver.com/mnews/article/052/0002171870
1887,20250327,뉴스,"KTC, 中 수출 전기 제품 인증 지원…GDCTC와 업무협약",https://n.news.naver.com/mnews/article/011/0004466933
1888,20250327,뉴스,[외신사진 속 이슈人] 극심한 화폐 신권 부족에 고통받는 가자 주민들,https://n.news.naver.com/mnews/article/029/0002944221
1889,20250327,뉴스,여주 신륵사 `여행자센터` 준공... 자전거 여행객 편의 제공,https://n.news.naver.com/mnews/article/047/0002467530
1890,20250327,뉴스,스크린 양궁·축구 … 스포츠 신기술 총출동,https://sports.news.naver.com/news.nhn?oid=009&aid=0005466297
1891,20250327,뉴스,청주 ‘미세먼지 도시’ 털고 ‘청정도시’ 거듭난다…1842억원 들여 청정도시 시동,https://n.news.naver.com/mnews/article/028/0002737883
1892,20250327,뉴스,류수영·파브리 브로맨스…`길바닥 밥장사` 4월8일 첫방,https://m.entertain.naver.com/now/article/003/0013147384
1893,20250327,뉴스,"한국환경공단, ISO 14001 인증… E·S·G 그랜드슬램",https://n.news.naver.com/mnews/article/025/0003429987
1894,20250327,뉴스,"어남선생 류수영, 하다하다 자전거 위에서도 요리 “간편 조리법 만들어”(길바닥 밥장사)",https://m.entertain.naver.com/now/article/609/0000968609
1895,20250327,뉴스,"서울 영등포구, `교통사고 10% 감소` 목표로 안전계획 추진",https://n.news.naver.com/mnews/article/119/0002938242
1896,20250327,뉴스,"서울 송파구 ""자전거 초보자, 주행·수리방법 무료로 알려드려요""",https://n.news.naver.com/mnews/article/119/0002938236
1897,20250327,뉴스,"‘GS글로벌’ BYD 1톤 전기트럭, 누적판매 1000대 돌파…출시 2년만 3배 성장",https://n.news.naver.com/mnews/article/009/0005466200
1898,20250327,뉴스,"교통사고 10% 감축 목표...영등포구, `교통안전 종합계획` 추진",https://n.news.naver.com/mnews/article/421/0008157580
1899,20250327,뉴스,"뷰런테크놀로지, 서울 은평구서 라이다 기반 교통·보행자 분석 실증 완료",https://n.news.naver.com/mnews/article/009/0005466187
1900,20250327,뉴스,"""괴물 산불에 빼앗긴 봄""…전국 꽃 축제 줄줄이 취소",https://n.news.naver.com/mnews/article/421/0008157459
1901,20250327,뉴스,여주 신륵사 관광지에 바이크텔 생긴다…31일 `여행자센터` 준공식,https://n.news.naver.com/mnews/article/421/0008157454
1902,20250327,뉴스,"서울 은평구, 스타트업 기술로 교통량 분석 ""데이터기반 정책수립""",https://n.news.naver.com/mnews/article/008/0005171968
1903,20250327,뉴스,"구례군, 영남 대형산불에 벚꽃축제 개막식 취소·행사 축소",https://n.news.naver.com/mnews/article/001/0015293741
1904,20250327,뉴스,화재 소식에 ‘불안’…미리 알아두면 좋은 화재 안전 수칙,https://n.news.naver.com/mnews/article/662/0000064764
1905,20250327,뉴스,[포토]자전거 여행 떠나요~,https://n.news.naver.com/mnews/article/018/0005972405
1906,20250327,뉴스,지역소멸 극복 위해 `30분 농촌생활권` 필요,https://n.news.naver.com/mnews/article/014/0005327330
1907,20250327,뉴스,"청주시, 초미세먼지 농도 17㎍/㎥ 목표…40개 관리계획 추진",https://n.news.naver.com/mnews/article/079/0004007020
1908,20250327,뉴스,"광주 서구, `주민참여예산` 공모 돌입",https://n.news.naver.com/mnews/article/277/0005568524
1909,20250327,뉴스,"전진선 양평군수, 한강청과 주요 현안 해결을 위한 협력 방안 논의",https://n.news.naver.com/mnews/article/031/0000919657
1910,20250327,뉴스,주택 앞 충전 중인 전기자전거에서 불‥`과충전` 추정,https://n.news.naver.com/mnews/article/214/0001414268
1911,20250327,뉴스,"전진선 군수 ""생태환경교육·규제 개선…한강청과 긴밀히 협력하겠다”",https://n.news.naver.com/mnews/article/277/0005568508
1912,20250327,뉴스,"부천시, 자전거 정비 실습으로 안전한 라이딩 지원",https://n.news.naver.com/mnews/article/031/0000919634
1913,20250327,뉴스,[양평 소식] 한강청과 남한강 자전거도로 이전 등 논의,https://n.news.naver.com/mnews/article/417/0001066706
1914,20250327,뉴스,"`대국민 법령 내비게이션` 법제처 서비스, 하루 평균 13만명 방문",https://n.news.naver.com/mnews/article/421/0008156948
1915,20250327,뉴스,`자전거 성지` 여주 신륵사 관광지에 `바이크텔` 등장,https://n.news.naver.com/mnews/article/018/0005972304
1916,20250327,뉴스,"황신혜, ""여행 중 먹는게 일상""…‘이 운동’ 꼭 하면서 몸매 관리?",https://n.news.naver.com/mnews/article/296/0000088030
1917,20250327,뉴스,자전거 여행 미리가기,https://n.news.naver.com/mnews/article/001/0015293013
1918,20250327,뉴스,"경남 고성경찰서, `그란폰도 대회` 다중 안전·교통대책 점검",https://sports.news.naver.com/news.nhn?oid=003&aid=0013146239
1919,20250327,뉴스,"시흥시 ""공유자전거·전동킥보드 무단방치 신고하세요""",https://n.news.naver.com/mnews/article/277/0005568426
1920,20250327,뉴스,"부산학생인성교육원, `초등 수상체험 과정` 운영",https://n.news.naver.com/mnews/article/088/0000938435
1921,20250327,뉴스,[시흥 소식] 미세먼지 제거용 살수차 4대 운행,https://n.news.naver.com/mnews/article/119/0002938061
1922,20250327,뉴스,"부산학생인성교육원, 초등 수상체험 과정 운영",https://n.news.naver.com/mnews/article/277/0005568398
1923,20250327,뉴스,"경기도, 오는 31일 여주 신륵사 여행자센터 준공",https://n.news.naver.com/mnews/article/032/0003359436
1924,20250327,뉴스,"이제훈, 빛나는 리더십 발휘…김대명→차강윤 `완벽 팀 호흡` (협상의 기술)",https://m.entertain.naver.com/now/article/311/0001843590
1925,20250327,뉴스,누군가에겐 여전히 까다로운 길 : 한강버스 선착장까지 가보니…,https://n.news.naver.com/mnews/article/665/0000004737
1926,20250327,뉴스,"전북연구원 ""30분 농촌생활권 구축 시급하다""",https://n.news.naver.com/mnews/article/003/0013146011
1927,20250327,뉴스,"경기도, 여주 신륵사 관광지 `바이크텔` 31일 준공",https://n.news.naver.com/mnews/article/417/0001066667
1928,20250327,뉴스,`제주~대만` 가오슝 직항 다시 뜬다…코로나19 이후 5년만,https://n.news.naver.com/mnews/article/421/0008156312
1929,20250327,뉴스,"담양군, 전국생활체전 대비 자원봉사자 교육",https://n.news.naver.com/mnews/article/277/0005568335
1930,20250327,뉴스,"경기도, 여주 신륵사 관광지내 ‘여행자센터’ 준공",https://n.news.naver.com/mnews/article/119/0002938018
1931,20250327,뉴스,"집근처 번진 불, 짐 싸둔 아내... 일촉즉발 상황입니다",https://n.news.naver.com/mnews/article/047/0002467425
1932,20250327,뉴스,미세먼지 걱정 없는 청정도시 청주만들기,https://n.news.naver.com/mnews/article/656/0000126302
1933,20250327,뉴스,라이다기술 ‘교통·보행량 분석’ 실증사업 성공,https://n.news.naver.com/mnews/article/016/0002448457
1934,20250327,뉴스,자전거·야구·기독교·애국심…100년 전 선교사가 조선에 전한 것들,https://n.news.naver.com/mnews/article/277/0005568311
1935,20250327,뉴스,"뷰런테크놀로지, 라이다 기반 교통·보행자 분석 실증 성공",https://n.news.naver.com/mnews/article/009/0005465898
1936,20250327,뉴스,"이제훈·김대명·안현호·차강윤, 11조 빚도 해결하는 팀워크 (협상의 기술)",https://m.entertain.naver.com/now/article/382/0001186705
1937,20250327,뉴스,`협상의 기술` 이제훈 M&A 팀 끈끈한 팀워크로 자체 최고 견인,https://m.entertain.naver.com/now/article/437/0000434868
1938,20250327,뉴스,"경기도, 여주 신륵사 ‘여행자센터’ 31일 준공",https://n.news.naver.com/mnews/article/629/0000376443
1939,20250327,뉴스,"부산시교육청학생인성교육원, 초등 수상체험 과정 운영",https://n.news.naver.com/mnews/article/421/0008156043
1940,20250327,뉴스,여주 신륵사관광지 여행자센터 준공…바이크텔도 운영,https://sports.news.naver.com/news.nhn?oid=001&aid=0015292369
1941,20250327,뉴스,여주 신륵사 관광지내 `여주시 여행자센터` 31일 준공,https://n.news.naver.com/mnews/article/002/0002380190
1942,20250327,뉴스,"이제훈 김대명→차강윤, 불가능을 가능케 한 M&A 팀 ‘도파민 풀충전’(협상의 기술)",https://m.entertain.naver.com/now/article/609/0000968350
1943,20250327,뉴스,“폭싹 빠졌수다” 대만 가오슝 여행리더들 제주 만끽,https://n.news.naver.com/mnews/article/016/0002448363
1944,20250327,뉴스,영산강 만봉천 물빛 자전거길 개통,https://n.news.naver.com/mnews/article/020/0003624132
1945,20250327,뉴스,"류수영 ""전소미, 해변에서 즉석 콘서트…매일이 이벤트"" (길바닥 밥장사)",https://m.entertain.naver.com/now/article/311/0001843518
1946,20250327,뉴스,"경기도, 여주 신륵사 `자전거 여행자센터` 31일 준공",https://n.news.naver.com/mnews/article/003/0013145445
1947,20250327,뉴스,"영등포구, 교통안전계획 시행 “교통사고 10% 줄일 것”",https://n.news.naver.com/mnews/article/016/0002448313
1948,20250327,뉴스,류수영♥파브리 이쯤되면 요리 브로맨스…박하선 인정할 듯 (길바닥 밥장사),https://m.entertain.naver.com/now/article/382/0001186687
1949,20250327,뉴스,"영산강청, 영산강 자전거길 만봉천 구간 개통",https://n.news.naver.com/mnews/article/660/0000082117
1950,20250327,뉴스,"진주 시민들, 마흔번째 `윤석열 파면` 외침",https://n.news.naver.com/mnews/article/047/0002467396
1951,20250327,뉴스,"교통사고 10% 줄인다…영등포구, 교통안전 계획 가동",https://n.news.naver.com/mnews/article/021/0002699056
1952,20250327,뉴스,‘여행가는 봄’ 왔다… 50만명에 여행 할인 혜택,https://n.news.naver.com/mnews/article/241/0003423759
1953,20250327,뉴스,영등포구 교통사고 10% 줄인 교통안전 계획 가동,https://n.news.naver.com/mnews/article/277/0005568076
1954,20250327,뉴스,여주 여행자센터 오는 31일 준공,https://n.news.naver.com/mnews/article/277/0005568074
1955,20250327,뉴스,"경주시, 대릉원‧오릉 등  봄꽃 명소 20선 선정",https://n.news.naver.com/mnews/article/016/0002448236
1956,20250327,뉴스,[스포츠박사 기자의 스포츠용어 산책 1390] 사이클에서 왜 ‘도로 경기’라고 말할까,https://sports.news.naver.com/news.nhn?oid=425&aid=0000161950
1957,20250327,뉴스,"‘2000년 1월 1일 0시’ 태어난 中20대 여성, `죽음의 시한폭탄`으로 사망 [헬스톡]",https://n.news.naver.com/mnews/article/014/0005327017
1958,20250327,뉴스,"최은경, 밤에 ‘이 음식’ 즐겨 폭풍 운동… 살 훅 찌우는 주범?",https://n.news.naver.com/mnews/article/346/0000089506
1959,20250326,뉴스,벼랑 위 ‘봄처녀’ 너머 신선이 노닐던 그림 같은 섬,https://n.news.naver.com/mnews/article/005/0001765714
1960,20250326,뉴스,화천 최전방 평화의 댐 가는 길 완전 개통됐다,https://n.news.naver.com/mnews/article/087/0001106767
1961,20250326,뉴스,"누구나 쉽게 정교한 일러스트 완성…오픈AI, ‘챗GPT-4o 이미지’ 출시",https://n.news.naver.com/mnews/article/032/0003359262
1962,20250326,뉴스,[근교산&그너머] <1408> 대구 용문산~닭지봉,https://n.news.naver.com/mnews/article/658/0000101760
1963,20250326,뉴스,"뼈, 관절 튼튼해야 노년 편안해…망치는 최악의 습관은?",https://n.news.naver.com/mnews/article/296/0000088003
1964,20250326,뉴스,영산강 물 위를 달리는 환상의 자전거길 `만봉천 물빛 자전거길` 개통,https://n.news.naver.com/mnews/article/014/0005326866
1965,20250326,뉴스,"동아오츠카, ‘2025 포카리스웨트 상주오픈 테니스 챔피언십’ 개최",https://sports.news.naver.com/news.nhn?oid=025&aid=0003429698
1966,20250326,뉴스,영산강 자전거길 중 나주 만봉천∼앙암바위 구간 개통,https://n.news.naver.com/mnews/article/421/0008155109
1967,20250326,뉴스,"[유미`s 픽] 오픈AI 新 무기 출격에 한숨 쉬는 美 기업, 주가 또 흔들릴까",https://n.news.naver.com/mnews/article/092/0002368208
1968,20250326,뉴스,"광주시, AI기업 지방투자 보조금 개선 등 규제 23건 발굴…개선 건의",https://n.news.naver.com/mnews/article/421/0008155068
1969,20250326,뉴스,나주 만봉천 자전거길 개통…영산강 따라 명품 코스,https://sports.news.naver.com/news.nhn?oid=001&aid=0015291281
1970,20250326,뉴스,나주 영산강변 바라보며 `자전거 여행길`,https://n.news.naver.com/mnews/article/277/0005567904
1971,20250326,뉴스,"한국환경공단, 환경경영시스템(ISO14001) 국제 인증 획득",https://n.news.naver.com/mnews/article/016/0002448124
1972,20250326,뉴스,"광주시, 불필요한 규제 23건 발굴…정부에 개선 건의",https://n.news.naver.com/mnews/article/003/0013144584
1973,20250326,뉴스,"이준석 ""선진국식 교육받은 세대가 지도자 돼야"" [짤e몽땅]",https://n.news.naver.com/mnews/article/057/0001878446
1974,20250326,뉴스,"광주시, 규제 23건 발굴…정부 등에 개선 건의",https://n.news.naver.com/mnews/article/079/0004006662
1975,20250326,뉴스,"미복귀 의대생, 탕핑과 탕잉 사이[유레카]",https://n.news.naver.com/mnews/article/028/0002737653
1976,20250326,뉴스,"고양시, AI 기반 미래형 `스마트도시` 도약",https://n.news.naver.com/mnews/article/215/0001203416
1977,20250326,뉴스,금강 뱃길 따라 학교·병원 … 조선 근대화 이끈 벽안의 선교사,https://n.news.naver.com/mnews/article/009/0005465522
1978,20250326,뉴스,"가자지구, 극심한 현금부족…찢어진 지폐 붙이고 동전 수선하고",https://n.news.naver.com/mnews/article/001/0015291137
1979,20250326,뉴스,"한국환경공단, ISO 14001 인증… ESG 선도기관 발돋움",https://n.news.naver.com/mnews/article/469/0000855884
1980,20250326,뉴스,출산 후 건강 회복 위해 3개월간 ‘이렇게’ 운동?,https://n.news.naver.com/mnews/article/296/0000087997
1981,20250326,뉴스,"""내 고향 하회마을, 마지막일수도""…뜬눈으로 밤샌 주민",https://n.news.naver.com/mnews/article/008/0005171279
1982,20250326,뉴스,"창원레포츠파크, 조직 개편으로 경영 효율성 극대화",https://n.news.naver.com/mnews/article/629/0000376245
1983,20250326,뉴스,"대구조달청, VR 자전거 등 지역기업 혁신제품 7개 선정",https://n.news.naver.com/mnews/article/088/0000938249
1984,20250326,뉴스,환경공단 `환경경영시스템(ISO14001)` 국제공인시험기관 인증…ESG 전 분야 획득,https://n.news.naver.com/mnews/article/030/0003297049
1985,20250326,뉴스,화천 평화의 댐 가는 길 완전 개통,https://n.news.naver.com/mnews/article/654/0000112841
1986,20250326,뉴스,"창원시, 올해 `누비자` 시설 확대…1㎞당 50원 지급 탄소중립제 도입",https://n.news.naver.com/mnews/article/658/0000101712
1987,20250326,뉴스,"""아프지만 행복한 백세인"" 30여년 연구로 깨달은 `슈퍼 노인`의 비결",https://n.news.naver.com/mnews/article/008/0005171225
1988,20250326,뉴스,"""혁신 기업 CEO 새 출발"" 이노비즈협회, 23기 최고경영자과정 입학식 개최",https://n.news.naver.com/mnews/article/014/0005326718
1989,20250326,뉴스,"고양시, 402억원 투입해 거점형 스마트도시 조성 추진",https://n.news.naver.com/mnews/article/030/0003297012
1990,20250326,뉴스,"경남 창원레포츠파크, `정원 감축·신규사업` 추진한다",https://n.news.naver.com/mnews/article/003/0013143835
1991,20250326,뉴스,화천 평화의댐 가는길 검문받지 않고 자유롭게 통행한다,https://n.news.naver.com/mnews/article/001/0015290424
1992,20250326,뉴스,"세종시, `이응패스` 신규 발급 어르신 이용방법 일부 개편",https://n.news.naver.com/mnews/article/656/0000126181
1993,20250326,뉴스,"경정-경륜, 9개 사행산업 사감위 건전화 평가서 각각 S, A등급 달성",https://sports.news.naver.com/news.nhn?oid=396&aid=0000704113
1994,20250326,뉴스,"오픈AI, 이용자 의도 따라 알아서 그려주는 이미지 생성 AI 모델 출시",https://n.news.naver.com/mnews/article/032/0003359120
1995,20250326,뉴스,안양시 시민안전보험 보장 확대 추진… 개물림·전동휠체어사고 포함,https://n.news.naver.com/mnews/article/666/0000068082
1996,20250326,뉴스,창원레포츠파크 경영 혁신 추진 … 지속 가능한 성장 기반 마련,https://n.news.naver.com/mnews/article/002/0002379996
1997,20250326,뉴스,"이온인터내셔널, `2025 스포엑스` 참가...첨단 웰니스 장비 출품",https://n.news.naver.com/mnews/article/117/0003925854
1998,20250326,뉴스,부산시의회 예결위 북극항로 용역비 복원 등 올해 추경안 의결,https://n.news.naver.com/mnews/article/658/0000101682
1999,20250326,뉴스,"창원레포츠파크, 자체 경영혁신안 추진···""지속 가능 성장 기반 구축""",https://n.news.naver.com/mnews/article/421/0008153542
2000,20250326,뉴스,"부산 북구, 구민안전보험 시행…상해의료비 등 지원",https://n.news.naver.com/mnews/article/003/0013143203
2001,20250402,유튜브,20인치 451 미니벨로 카본휠 안내! #접이식자전거 #미니벨로 #매디슨바이크 #매디슨뉴델타 #매디슨피콜로 #카본휠셋 #shorts,https://www.youtube.com/watch?v=l1MPIjd9kcU
2002,20250402,유튜브,20인치 451 미니벨로 카본휠 안내! #접이식자전거 #미니벨로 #매디슨바이크 #매디슨뉴델타 #매디슨피콜로 #카본휠셋 #shorts,https://www.youtube.com/watch?v=_XTV_F9GUno
2003,20250402,유튜브,NSR위례점 국토종주 2일차 이야기 방으로 자전거 휴대 가능한 친절한 숙소 직접 사용해보고 추천합니다 자전거 국토종주,https://www.youtube.com/watch?v=XZFsOKSQUq0
2004,20250402,유튜브,고객맞춤형 전동모빌리티를 만들어 드렸습니다. 결과는? #전기스쿠터 #전기자전거 #ebike #자토바이크,https://www.youtube.com/watch?v=XOqohNJ1saw
2005,20250402,유튜브,전기자전거 도로 통행 [황병준TV],https://www.youtube.com/watch?v=VlZJxqNatSI
2006,20250402,유튜브,20인치 451 미니벨로 카본휠 안내! #접이식자전거 #미니벨로 #매디슨바이크 #매디슨뉴델타 #매디슨피콜로 #카본휠셋,https://www.youtube.com/watch?v=S_n-QJ5IFdc
2007,20250402,유튜브,4.3~4.20 하남 스타필드 대규모 팝업행사 기기간에만 특가 진행되는 하이엔드급 모아펀스 전기자전거,https://www.youtube.com/watch?v=KSpsWeo380o
2008,20250402,유튜브,여유로운 주말 아침 스타벅스 장충라운지R  방문기 #전기스쿠터 #전기자전거 #ebike #자토바이크 #,https://www.youtube.com/watch?v=2d_-b75UNcU
2009,20250401,유튜브,좋은생각 전기자전거 매장 방문 고객님과의 대화 [황병준TV],https://www.youtube.com/watch?v=m2mXTK2DrD0
2010,20250401,유튜브,전기자전거 퀄리 엑스트론 eq 미니,https://www.youtube.com/watch?v=jZflb5bfYT4
2011,20250401,유튜브,#김대균토익킹 #춘천 집필장소 #춘천닭갈비 #감자만두 #자전거 그리고 #토익교재 집필 #의암호 #감사,https://www.youtube.com/watch?v=bEcDFcmUNhs
2012,20250401,유튜브,자전거 탈때 헬멧 꼭 써야할까?,https://www.youtube.com/watch?v=7DyTxVKsacs
2013,20250401,유튜브,자전거- 4 : 입덕의 첫 관문 아이유고개,https://www.youtube.com/watch?v=fSlrMbT9CXg
2014,20250401,유튜브,리컴번트 자전거로 달렸던 영산강종주 (담양에서 목포항까지),https://www.youtube.com/watch?v=bR4xYyZj5xs
2015,20250401,유튜브,24154회. 자전거 혼자 넘어져놓고 제 흉부를 가격하고 발로 찼습니다. 폭행죄 적용되나요?,https://www.youtube.com/watch?v=V0KNQwvq5F8
2016,20250401,유튜브,자전거 타고 가는 길.      #김인수여행수첩.        #낭만가객(산소남가수)       #볼거리여행.  #자전거여행.   #shorts.,https://www.youtube.com/watch?v=Gp6ilPd-_YQ
2017,20250331,유튜브,"전기자전거 파스센서, 토크센서 이해하기 [황병준TV]",https://www.youtube.com/watch?v=iGDhCpANyk0
2018,20250331,유튜브,20인치 비 접이식 전기자전거 퀄리 엑스트론 GT 좋은생각 전기자전거 [황병준TV],https://www.youtube.com/watch?v=hz4gfMCNw8A
2019,20250331,유튜브,지옥의 인터벌 실내자전거 프로그램 -5Kg 감량,https://www.youtube.com/watch?v=V4nCj9LSTss
2020,20250331,유튜브,BS미니2 핵가성비 전기자전거 순정상태 테스트 라이딩 이야기,https://www.youtube.com/watch?v=TzX-AzPafzA
2021,20250331,유튜브,예거 마리온 7x 105di2 #카본로드자전거,https://www.youtube.com/watch?v=SFro1EGQ0Vw
2022,20250331,유튜브,전기자전거로 홍대 배달하면 몇 건 가능? (전자프로젝트 16),https://www.youtube.com/watch?v=GLT5GeKbUJA
2023,20250331,유튜브,#20인치전기자전거 #타고내리기편한전기자전거 #이지라이드시티 #좋은생각전기자전거,https://www.youtube.com/watch?v=87QTtKequGI
2024,20250331,유튜브,예거 마리온 7x 105di2 #카본로드자전거 279만,https://www.youtube.com/watch?v=7IL829Hq1QU
2025,20250331,유튜브,자미남_자전거를 미치도록 좋아하는 남자 라이브 스트리밍 중,https://www.youtube.com/watch?v=wq19EdvSYks
2026,20250331,유튜브,부담 없이 탈 수 있는 입문용 로드 자전거 강력 추천드립니다. [오투휠스 판타스틱 로드],https://www.youtube.com/watch?v=uZZ0RwHr5ak
2027,20250331,유튜브,알톤 전기자전거 특가 2025 알텐 벤조 24 스페셜 시마노 7단 500W 13.4Ah,https://www.youtube.com/watch?v=uP-5TqhYrSE
2028,20250331,유튜브,브레이크패드이슈 병나발부는소리 ㅋㅋㅋㅋㅋㅋ너무안타서 난다니 그저웃지요 관상용말고 좀타자.. #factor #팩터오스트로뱀 #자덕 #레드도트 #로드사이클 #로드자전거,https://www.youtube.com/watch?v=u0gyTVNTr70
2029,20250331,유튜브,"봄날 강변 따라 자전거 타고 광안리 해변까지...""귀요미 버스커""",https://www.youtube.com/watch?v=jw-_UwlwvNc
2030,20250331,유튜브,실내자전거 스핀바이크운동 홈트자전거,https://www.youtube.com/watch?v=gB7cCP25RAk
2031,20250331,유튜브,자전거길에서 러닝은 좀... #cycling #러닝,https://www.youtube.com/watch?v=ez-wS3pQHCk
2032,20250331,유튜브,자전거 타고 가는 길.      #김인수여행수첩.      #낭만가객(아이리스가수)      #볼거리여행.   #자전거여행.   #shorts.,https://www.youtube.com/watch?v=ellGgBBCyDs
2033,20250331,유튜브,일반자전거랑 픽시 뭐가 다른데? feat.야스오,https://www.youtube.com/watch?v=cbA4R8MQADI
2034,20250331,유튜브,"오토바이야?자전거야? 자토바이야~!!🚲 입문용 전기자전거 출고부터 주행까지! 💚 면허유무,가격비교,성능,디자인까지 전기자전거에 대해 모두 알려드림!",https://www.youtube.com/watch?v=YFHbI1cJkdQ
2035,20250331,유튜브,[여주부동산tv] 일상이 캠핑같은 선물같은 예쁜집 쉼터 힐링 남한강변로 자전거도 탈수 있는 숲새권 전원주택 급매,https://www.youtube.com/watch?v=QsvD2Dy4ACE
2036,20250331,유튜브,제주도는 자전거로 맛봐야 제맛~!,https://www.youtube.com/watch?v=Q5GvXWnRzDA
2037,20250331,유튜브,"뱅글뱅글, 시간을 되돌리고 싶은 #고흥스테이 아름다운 #고흥 #외발자전거 #unicycle",https://www.youtube.com/watch?v=OY-giweXsvA
2038,20250331,유튜브,2025 대만 타이베이 자전거 전시회/Taipei International Cycle Show 2025 (Taipei International Cycle Show 2025),https://www.youtube.com/watch?v=Njk_ZtFMAQA
2039,20250331,유튜브,달나라를 자전거로 횡단,https://www.youtube.com/watch?v=L92mwShDfUc
2040,20250331,유튜브,서울자전거 따릉이 타고 멋진 우이천을 지나 출근!,https://www.youtube.com/watch?v=JBifqzNKQ4E
2041,20250331,유튜브,너에게 난 나에게 넌_자전거 탄 풍경 Song by 어글리더클링 At.Ground220 #너에게난나에게넌 #자전거탄풍경 #버스킹 #어글리더클링 #Ground220,https://www.youtube.com/watch?v=I6yDVbGulfI
2042,20250331,유튜브,5세 아들 자전거 가르치기 3일만에 완성!,https://www.youtube.com/watch?v=7nge_UEBb-s
2043,20250331,유튜브,자전거 운동을 하면 우리 몸에 미치는 놀라운 효과들이 있어요~ // 자전거 운동합시다~ 건강해집시다~,https://www.youtube.com/watch?v=1OMbUJU8R3k
2044,20250331,유튜브,"15년 전, 예티 브랜드의 역사를 기념하기 위해 첫 ’한정판‘자전거를 만들었습니다. 예티의 이정표를 기념하는 전통이 되었습니다. #예티사이클 #예티산악자전거 #한정판 #산악자전거",https://www.youtube.com/watch?v=0h78TRRgJH4
2045,20250331,유튜브,63 빌딩이 보이는 곳에서 자전거 타고 돌아가자,https://www.youtube.com/watch?v=xtf5FE0cUIs
2046,20250331,유튜브,자전거가 노벨 평화상을 받아야 하는 이유 – 알프레도 마티니,https://www.youtube.com/watch?v=wZ5vDRwWlvI
2047,20250331,유튜브,인생932일차! 자전거 퍼즐하면서 자전거 노래부르기~ #shorts #자전거 #따르릉 #31개월아기,https://www.youtube.com/watch?v=tQlLESYLrjc
2048,20250331,유튜브,"특,오전 인천부평구 시장역 옆 전기 자전거 많이 있네요 와",https://www.youtube.com/watch?v=s0kMXLdu3J0
2049,20250331,유튜브,2025 가장 인기있는 MTB자전거 추천 대박 가성비 베스트5! 후기 비교,https://www.youtube.com/watch?v=mx70kZzS4ms
2050,20250331,유튜브,자전거 위에서도 가능합니다ㅋㅋㅋ,https://www.youtube.com/watch?v=b8S36NJoL_k
2051,20250331,유튜브,국수역에서 장한평까지! 솔직한 저의 느낌을 알려드립니다. #접이식자전거 #미니벨로 #다혼미니벨로 #다혼 #바이키동대문점 #바이키 #바이키양재점,https://www.youtube.com/watch?v=Z9O_gWl18gU
2052,20250331,유튜브,당진아재 전기자전거 펫바이크 듀얼 업글전검토해야하는것 수리업체전용영상,https://www.youtube.com/watch?v=Z4Y2GSKE3xk
2053,20250331,유튜브,일단 자전거가 맞긴한거지??,https://www.youtube.com/watch?v=WZHayrejvj4
2054,20250331,유튜브,자전거 조심 하세요 운전 하시는 분들,https://www.youtube.com/watch?v=UnUZiKpUz-E
2055,20250331,유튜브,"전국 민폐 자전거들, 비상 걸린 상황ㅋㅋㅋ #shorts",https://www.youtube.com/watch?v=TmaG1mBKua8
2056,20250331,유튜브,한강에서 샐러드 포케 먹고 자전거 촬영하기,https://www.youtube.com/watch?v=Tlg-4zk6vRM
2057,20250331,유튜브,일반자전거 배달하면 겪게되는 12가지 상황 |배달시장 끝났습니다!!,https://www.youtube.com/watch?v=TQjcBUzOLv8
2058,20250331,유튜브,전기자전거 26인치 펫바이크  48V1000W 당진아재,https://www.youtube.com/watch?v=RKBz75uNF04
2059,20250331,유튜브,스마트폰자전거거치대 추천 판매순위 Top10 || 가격 평점 후기 비교,https://www.youtube.com/watch?v=NBx5nywSSBo
2060,20250331,유튜브,눈 맞은날  #자전거,https://www.youtube.com/watch?v=M_IW8nDHbhU
2061,20250331,유튜브,세계 최악의 자전거 대회,https://www.youtube.com/watch?v=IB6c6bQJHqM
2062,20250331,유튜브,전기자전거 함부로 탔다가 바로 끌려갑니다... #전기자전거 #전기MTB,https://www.youtube.com/watch?v=H90pQSj7XYo
2063,20250331,유튜브,2025 가장 많이 팔리는 MTB자전거 베스트5! 가성비 최고 제품 추천 및 평점 비교,https://www.youtube.com/watch?v=H-y5iuCRaFs
2064,20250331,유튜브,2025년 미니벨로자전거 추천! 불티나게 팔린다! 역대급 인기 가성비 완결판 인기제품 Best10,https://www.youtube.com/watch?v=GuAslyeBrgU
2065,20250331,유튜브,튀르키예 데린구유~너무 평화로운 영혼#자전거 타는아저씨#순간포착#고대유적지 방치됨,https://www.youtube.com/watch?v=Cp_UFTy0D1Q
2066,20250330,유튜브,새자전거 타고 공룡나라그란폰도 첫업힐 올라봤어요 #휠러코리아 #맥시스타이어,https://www.youtube.com/watch?v=ti-8755bOYw
2067,20250330,유튜브,외발자전거 #트라이얼 #난간주행 #저녁놀 ㅎㅎ,https://www.youtube.com/watch?v=sCUeef68V6o
2068,20250330,유튜브,디스크 휠 ㄷㄷ #픽시 #친구들 #자전거,https://www.youtube.com/watch?v=WA8-kxvGPzM
2069,20250330,유튜브,북한강자전거길 가이드 | 구간코스정보 | 교통편 | 숙소 | 보급 | 국토종주,https://www.youtube.com/watch?v=P0ygM9mSVko
2070,20250330,유튜브,순례길 역대급 고난 브롬톤로 최악의 길 100분 [자전거 산티아고 순례길 4],https://www.youtube.com/watch?v=zJZ_kSfNWcE
2071,20250330,유튜브,우리들의 자전거 사랑ㅎㅎ,https://www.youtube.com/watch?v=u5Nj1D9ejd4
2072,20250330,유튜브,자전거운동효과 #시니어일상톡톡 #운동#건강#행복,https://www.youtube.com/watch?v=saiJagf6tvM
2073,20250330,유튜브,자전거 어그로 #vtuber #배그 #배틀그라운드  #게임 #shorts,https://www.youtube.com/watch?v=qmxRQE_Uimw
2074,20250330,유튜브,외발자전거 #트라이얼 #싸이드호핑 #연습,https://www.youtube.com/watch?v=pARfVZeMS4Q
2075,20250330,유튜브,미리보는 호랑이100💥싱글11코스 ⛰광덕산⛰ 🇰🇷가장 힘들게 즐거운 하루! 6월 6일 #현충일  #함께타는MTB #호랑이100 #산악 #랠리 #MTB #자전거 #라이딩,https://www.youtube.com/watch?v=mHro_S8BqGc
2076,20250330,유튜브,외발자전거 타기 - 장거리 라이딩을 위한 준비운동!,https://www.youtube.com/watch?v=kc95vfESauQ
2077,20250330,유튜브,게임 VS 현실 게임 잘안될때 자전거타고 한강가서 화풀이 Roblox현실판!,https://www.youtube.com/watch?v=jbGWJDQDA3c
2078,20250330,유튜브,미리보는 호랑이100⛰싱글8코스 💥1km업힐~영어마을🏰 🇰🇷가장 힘들게 즐거운 하루! 6월 6일 #현충일  #함께타는MTB #호랑이100 #산악 #랠리 #MTB #자전거 #라이딩,https://www.youtube.com/watch?v=gzNVzOMCqoY
2079,20250330,유튜브,24143회. 자전거의 부모님이 과실 유무를 따지려고 하니 더 길길이 날뛰는 상황입니다. 저는 직진으로 주행했고 자전거를 미처 피할 수 없었는데 과실 비율을 알 수 있을까요?,https://www.youtube.com/watch?v=dXotOdOnFMI
2080,20250330,유튜브,외발자전거 #트라이얼 #한뼘난간 주행 ㅎㅎ,https://www.youtube.com/watch?v=dLk9EEkJV6I
2081,20250330,유튜브,나홀로 구례 자전거 여행 | 🌼산수유꽃 길 따라 당일치기 힐링 라이딩 l GPX,https://www.youtube.com/watch?v=YhVcRMiJj28
2082,20250330,유튜브,벨기에 자전거 축제 현장 #brusselslife #벨기에자전거#유럽자전거,https://www.youtube.com/watch?v=XsKWvMHYpAo
2083,20250330,유튜브,라오스 아침식사 맛집 이곳저곳 산책 등산 걷기 오토바이 렌트 자전거 렌트 걷다가 강남이발관 사장님 만남,https://www.youtube.com/watch?v=WlIbWNTjZUY
2084,20250330,유튜브,자전거타면근육이!!! #시니어일상톡톡#운동#자전거#근육,https://www.youtube.com/watch?v=VahQj18ih4E
2085,20250330,유튜브,안양천   한강 라이딩 / 자전거 산책일기 / AI 유감 / 봄꽃구경,https://www.youtube.com/watch?v=Ss2EbEAa6H8
2086,20250330,유튜브,여러분은 어떤 자전거 메이커를 선호하시나요?,https://www.youtube.com/watch?v=SO4I08mZGRo
2087,20250330,유튜브,자전거 또 펑크 났어요ㅠ,https://www.youtube.com/watch?v=LHcU4cRrdCU
2088,20250330,유튜브,외발자전거 #트라이얼 #싸이드호핑 #아! 무릎 😢,https://www.youtube.com/watch?v=KYu6pmMeTkg
2089,20250330,유튜브,"24147회. 어두운 밤, 역주행하는 자전거인데 게다가 스텔스??!!",https://www.youtube.com/watch?v=IohBTGUmr_4
2090,20250330,유튜브,저 혼자 따릉이 자전거 타고 훈련원공원을 가봤습니다.,https://www.youtube.com/watch?v=EBUJrsFvDgk
2091,20250330,유튜브,외발자전거 #트라이얼 #싸이드호핑 #간신히 😢,https://www.youtube.com/watch?v=DpP-c1JKYhc
2092,20250330,유튜브,(🇻🇦) 바티칸에 다녀왔습니다 - 유로자전거나라 프리미엄 바티칸투어(바티칸 박물관 & 베드로 성당 패스트트랙 최신정보) l 이탈리아 이상호 가이드 2025.03.24,https://www.youtube.com/watch?v=Di_dI1ejaCw
2093,20250330,유튜브,미리보는 호랑이100⛰싱글9코스🚗면허시험장🚌 🇰🇷가장 힘들게 즐거운 하루! 6월 6일 #현충일  #함께타는MTB #호랑이100 #산악 #랠리 #MTB #자전거 #라이딩,https://www.youtube.com/watch?v=BO4lQhLPPQs
2094,20250330,유튜브,2025 공룡나라 그란폰도 🔥 #자전거대회 #공룡나라그란폰도 #로드자전거,https://www.youtube.com/watch?v=95Qd1zCJ9JY
2095,20250330,유튜브,미리보는 호랑이100⛰싱글7코스👨‍🦲진덕사🏯 🇰🇷가장 힘들게 즐거운 하루! 6월 6일 #현충일  #함께타는MTB #호랑이100 #산악 #랠리 #MTB #자전거 #라이딩,https://www.youtube.com/watch?v=8gh4aTnnwV8
2096,20250330,유튜브,미리보는 호랑이100⛰싱글10코스 💥봉황산🦅 🇰🇷가장 힘들게 즐거운 하루! 6월 6일 #현충일  #함께타는MTB #호랑이100 #산악 #랠리 #MTB #자전거 #라이딩,https://www.youtube.com/watch?v=5bMPt2xkUWY
2097,20250330,유튜브,풋살팀 선수의 충격적인 필라테스 가격?! 1:1 레슨 한 달에 60만 원?😱 자전거 모임 '싸힐런스'의 숨겨진 뜻,https://www.youtube.com/watch?v=4R4GjRy3BPM
2098,20250330,유튜브,네발 자전거 타는 라이더ㅋㅋ🚴‍♂️잠시 웃고 가용~ #funny #cute #진해군항제,https://www.youtube.com/watch?v=2yijc7kDG3I
2099,20250330,유튜브,미리보는 호랑이100⛰싱글6코스 💥MJ싱글~OB싱글💥 🇰🇷가장 힘들게 즐거운 하루! 6월 6일 #현충일  #함께타는MTB #호랑이100 #산악 #랠리 #MTB #자전거 #라이딩,https://www.youtube.com/watch?v=0frurhuBlAE
2100,20250330,유튜브,#전동스쿠터 #오토바이 #바이크 #4륜바이크 #전기스쿠터 #꿀템 #라이딩 #스쿠터 #전기자전거 #자토바이 #꿀템추천 #추천템,https://www.youtube.com/watch?v=zwJWj8PwRd8
2101,20250330,유튜브,잘 타는 사람과 못타는 사람의 차이 #자전거 #라이딩 #cycling #고수,https://www.youtube.com/watch?v=zEUZHBcXXp0
2102,20250330,유튜브,BMX자전거 추천 판매순위 Top10 || 가격 평점 후기 비교,https://www.youtube.com/watch?v=yWgm_wF8hFA
2103,20250330,유튜브,2025년 인기 클래식자전거 검색순위  BEST 10,https://www.youtube.com/watch?v=yHPOzdLn1UE
2104,20250330,유튜브,2025년 인기 클래식자전거 검색순위 BEST 5,https://www.youtube.com/watch?v=y62YdsUQFfQ
2105,20250330,유튜브,자전거 타이어의 진화! 튜브리스의 장점과 MTB 필수 아이템 추천,https://www.youtube.com/watch?v=voeyEf1P09w
2106,20250330,유튜브,드디어 봄이 왔습니다. 성남에서 분당까지 자전거로 출퇴근 시작!,https://www.youtube.com/watch?v=vLVXrnGF-DU
2107,20250330,유튜브,가장 아름다운 접이식 자전거 미니벨로 스트라이다 16인치 5.1 QR + 10kg / 부산 명지 구프로바이크,https://www.youtube.com/watch?v=upqJx_zVWCk
2108,20250330,유튜브,살빼려고 자전거 타는사람들의 함정,https://www.youtube.com/watch?v=uOoDb2FzbVQ
2109,20250330,유튜브,매디슨 바이크 송파점 자전거 출고 후 안내사항! #매디슨바이크 #접이식자전거 #매디슨뉴델타 #매디슨피콜로 #접이식자전거 #미니벨로 #자전거라이딩 #shorts,https://www.youtube.com/watch?v=rcUXunvMFSQ
2110,20250330,유튜브,샤넬백보다  1500만원 짜리 자전거!! - 기변했습니다.,https://www.youtube.com/watch?v=nYnxzXSCkLk
2111,20250330,유튜브,자전거 라이더들이 극찬한 휴대용 펌프 BEST3! 공기 압축기도 이제 스마트하게,https://www.youtube.com/watch?v=nLrrsbosN4Y
2112,20250330,유튜브,매디슨 바이크 송파점 자전거 출고 후 안내사항! #매디슨바이크 #접이식자전거 #매디슨뉴델타 #매디슨피콜로 #접이식자전거 #미니벨로 #자전거라이딩,https://www.youtube.com/watch?v=n2j8fJ-E100
2113,20250330,유튜브,매디슨 바이크 송파점 자전거 출고 후 안내사항! #매디슨바이크 #접이식자전거 #매디슨뉴델타 #매디슨피콜로 #접이식자전거 #미니벨로 #자전거라이딩 #shorts,https://www.youtube.com/watch?v=n-feFvnt_O8
2114,20250330,유튜브,최초공개! 한국 자전거 의류 공장을 가보다│사이클링 의류  제작 과정까지 모두 오픈!│민디의 자전거 여행 Ep.192,https://www.youtube.com/watch?v=my2QYkwpHJg
2115,20250330,유튜브,미니벨로자전거 추천! 2025년 무조건 이거다!! 역대급 가성비 최신 인기제품TOP10✅,https://www.youtube.com/watch?v=lWcAAxegGXc
2116,20250330,유튜브,자전거 기부 입양하세요,https://www.youtube.com/watch?v=kDoXmEIm2CM
2117,20250330,유튜브,자전거방송,https://www.youtube.com/watch?v=jrIub4qoobE
2118,20250330,유튜브,챗gpt의 능력 어디까지인가?#챗gpt #운동하는여자 #챗gpt이미지 #지브리 #자전거타는여자 #자전거여행 #cycling,https://www.youtube.com/watch?v=jA8wH7qeY6s
2119,20250330,유튜브,가장 아름다운 접이식 자전거 미니벨로 스트라이다 16인치 5.1 QR + 10kg / 부산 명지 구프로바이크,https://www.youtube.com/watch?v=iW6EBOOBfOQ
2120,20250330,유튜브,자전거의 미래! 탄소 섬유 핸들 바로 속도와 편안함을 추구하다. #탄소섬유 #TT바 #철인3종경기 #하이엔드자전거부품,https://www.youtube.com/watch?v=iC0YUTWHTLw
2121,20250330,유튜브,"[자전거 탄 풍경] 250328 2025 문화광장콘서트 ""봄이 오는 소리” 공연 FULL 녹음(2)",https://www.youtube.com/watch?v=hsX_U7HaJJM
2122,20250330,유튜브,"자전거 타기, 뉴욕 센트럴파크",https://www.youtube.com/watch?v=fh49CC-Jfe4
2123,20250330,유튜브,전세계 독보적인 1위 보쉬CX 미드모터 를 장착한 독일 큐브사 의 emtb 전기자전거 동호회 유저 라이딩 후기~,https://www.youtube.com/watch?v=fLpwNj1u6zE
2124,20250330,유튜브,2025년 3월 현재 실시간 잘팔리는 자전거가방 외 BEST 10 추천템 지금보시죠~~,https://www.youtube.com/watch?v=exXxyUgpJ3Q
2125,20250330,유튜브,"산악자전거를 만나다! 도저히 감당하기 힘들다, 산에서 자전거를 즐긴다???",https://www.youtube.com/watch?v=c1Qn2Y2LbSg
2126,20250330,유튜브,윌리도 가능한 전기 자전거? 출력 깡패 디자인에 반하고 파워에 놀라는 쿠팝gs 40ah 배터리 l 쿠팝 러기드 l 쿠팝 콕스와 비교하지 말것,https://www.youtube.com/watch?v=bW_kYo9rvE8
2127,20250330,유튜브,매디슨 바이크 송파점 자전거 출고 후 안내사항! #매디슨바이크 #접이식자전거 #매디슨뉴델타 #매디슨피콜로 #접이식자전거 #미니벨로 #자전거라이딩 #shorts,https://www.youtube.com/watch?v=ZGgpuh5HvhU
2128,20250330,유튜브,하이브리드자전거 추천 판매순위 Top10 || 가격 평점 후기 비교,https://www.youtube.com/watch?v=Z5YaM4sdc4Y
2129,20250330,유튜브,여름이다 운동하자 실내자전거 유산소운동,https://www.youtube.com/watch?v=X4wlzDduNrA
2130,20250330,유튜브,"마음 치유되는 서정낭만 가득, 찬바람 아름다운 시골 자전거도보길 청둥오리  2쌍의 멋진 데이트 So rylical countryside road is healing my mind",https://www.youtube.com/watch?v=WiDJoAcH0Y4
2131,20250330,유튜브,성능은 같은데 가격은 반값? 알리 전기자전거 모음 | 알리익스프레스 | 추천순위 | 인기순위 | 구매후기 | 상품평 | 할인정보,https://www.youtube.com/watch?v=WCRKL11vaxo
2132,20250330,유튜브,"국가 지원 사업보다 더 많은 혜택 최대77만원  ""헌 자전거, 전기자전거, 전동스쿠터 가져오면 새 제품을 더 저렴하게!""",https://www.youtube.com/watch?v=SBgqUXyV71A
2133,20250330,유튜브,손놓고자전거타기,https://www.youtube.com/watch?v=Q0nZQQj5ThU
2134,20250330,유튜브,#퀄리엑스트론GT500w#비접이식전기자전거#퀄리스포츠부산판매점,https://www.youtube.com/watch?v=MsM8PQUUrvY
2135,20250330,유튜브,"비싼 전기자전거 꼭 ""이것""을 알고 구매하세요! #전기자전거 #전기자전거추천",https://www.youtube.com/watch?v=HnlF0FlcBWI
2136,20250330,유튜브,아동 자전거 추천 Top10 ll 가격 평점 후기 비교,https://www.youtube.com/watch?v=HGjcQDHxw5o
2137,20250330,유튜브,다혼 보드워크 P9HD 플러스! 비주얼 라인업의 완성체가 등장하다 #접이식자전거 #미니벨로 #다혼미니벨로 #다혼 #바이키 #바이키동대문점,https://www.youtube.com/watch?v=GEjFnCStfTU
2138,20250330,유튜브,오랜만에 스트릿 #픽시자전거 #로드자전거 #픽시라이딩 #픽시트릭 #fyp #추천 #fixedgear #fixed #대구 #구미 #시마노 #롤프 #알레스프린트 #스페셜라이즈드 #픽시,https://www.youtube.com/watch?v=DI3YPWArvFs
2139,20250330,유튜브,#꽃샘추위에_자전거_타기 #mwlee작사,https://www.youtube.com/watch?v=CKKOyQh0uQ8
2140,20250330,유튜브,퀄리전기자전거 추천 판매순위 Top10 || 가격 평점 후기 비교,https://www.youtube.com/watch?v=BHr977HEHs0
2141,20250330,유튜브,"자전거에서 넘어져 무릎 타박상, 붓고 물이 차, 무릎통증 제거를 위해 피떡제거, 1부항후 4사혈, 붓은 당처, 사혈침4세트, 10회씩…🍷1/2컵씩 총분량!! 무릎 자가치료❤️",https://www.youtube.com/watch?v=AXRpkdtXNiM
2142,20250330,유튜브,새롭게 탄생한 전기자전거 추천드립니다!~ #자전거 #접이식자전거 #투어라이딩 #bicycle #전기자전거 #전기자전거추천 #전기자전거배달 #퀄리바이크 #ebike  #출퇴근용,https://www.youtube.com/watch?v=94Vqfm6RgtE
2143,20250330,유튜브,딸아이에게 두.발. 자전거를 사준 한 남편,https://www.youtube.com/watch?v=8ATgCsJ8HGI
2144,20250330,유튜브,파츠매니저 아케인워리어 루프랙 스토리지박스 자전거캐리어 #자전거캐리어 #자전거 #루프랙 #아케인워리어 #캠핑 #캠핑용품,https://www.youtube.com/watch?v=6lJBiRBjScg
2145,20250330,유튜브,자전거 트레이닝 캠프 탁구장 바닥공사 6,https://www.youtube.com/watch?v=6UBXGOew4gg
2146,20250330,유튜브,EP34 자전거타면 손가락과 손바닥이 아프다. 통증 부위별 점검 포인트 2탄,https://www.youtube.com/watch?v=2z0QxLFjMMw
2147,20250330,유튜브,"자전거도로 엄청 좁음/도로통제 안됨/ (사람,자전거 막 지나감)/5km 참가자와 주로 겹침(속도 못냄)/피니쉬 지점 사람과 부딪칠뻔 😭 참가에 의미를 둔다 ㅠㅠ",https://www.youtube.com/watch?v=y15-aC5u23Y
2148,20250330,유튜브,미리보는 호랑이100⛰싱글1코스💥안산휴게소💥🇰🇷가장 힘들게 즐거운 하루! 6월 6일 #현충일  #함께타는MTB #호랑이 #100 #산악 #랠리 #MTB #자전거 #싱글 #라이딩,https://www.youtube.com/watch?v=lI3rJCOiJeo
2149,20250330,유튜브,🇰🇷가장 즐겁게 힘든 하루!👍 6월 6일 #현충일 미리보는 🐯💯호랑이100 ⛰산악랠리 싱글2코스💥[정지공원]  #함께타는MTB #산악 #랠리 #MTB #자전거 #싱글 #라이딩,https://www.youtube.com/watch?v=fvxBlLkMYt4
2150,20250330,유튜브,시마노 자전거 부품 역사,https://www.youtube.com/watch?v=brmryjxGK1w
2151,20250330,유튜브,커버력좋은 자전거 운동 고글 (펜디오의 신형 선글라스 - 밀로스),https://www.youtube.com/watch?v=PW9kmG_58UU
2152,20250330,유튜브,하둥이시리즈 20250330 자전거를 거의 다배운 하임이. 자전거배움#아빠가배워준자전거#내첫자전거 성공#초2자전거 도전기,https://www.youtube.com/watch?v=Efq-qU-jS8A
2153,20250330,유튜브,미리보는 호랑이100⛰싱글5코스💥군자산~윤솔다운💥🇰🇷가장 힘들게 즐거운 하루! 6월 6일 #현충일  #함께타는MTB #호랑이100 #산악 #랠리 #MTB #자전거 #싱글 #라이딩,https://www.youtube.com/watch?v=DSyHQjiIm10
2154,20250330,유튜브,미리보는 호랑이100⛰싱글4코스👮‍♂️역전의용사👮‍♂️🇰🇷가장 힘들게 즐거운 하루! 6월 6일 #현충일  #함께타는MTB #호랑이100 #산악 #랠리 #MTB #자전거 #라이딩,https://www.youtube.com/watch?v=CdEN0rnoX-o
2155,20250330,유튜브,미리보는 호랑이100⛰싱글3코스💥전설의 고향💥🇰🇷가장 힘들게 즐거운 하루! 6월 6일 #현충일  #함께타는MTB #호랑이 #100 #산악 #랠리 #MTB #자전거 #싱글 #라이딩,https://www.youtube.com/watch?v=Aj4LX_hkQlw
2156,20250329,유튜브,외발자전거 배우기 - 첫 라이딩의 설레임 ❤️,https://www.youtube.com/watch?v=MSGAZAPNAOI
2157,20250329,유튜브,대구에서 경주까지 자전거타고 가기 ( 86km/478m)ㅡ2025.03.26,https://www.youtube.com/watch?v=n8MyWCVSR2k
2158,20250329,유튜브,외발자전거 배우기 - 첫 라이딩 도전 ❤️,https://www.youtube.com/watch?v=HSpT4Pz8RaA
2159,20250329,유튜브,산다? 안산다? 미친가격 MTB(산악자전거) 여러분들이라면?,https://www.youtube.com/watch?v=1Ji3HCyVJeY
2160,20250329,유튜브,자이언트자전거 XTC Jr 24 아동용 자전거로 키 127cm 부터 가능해요,https://www.youtube.com/watch?v=v2IRaPrXiNI
2161,20250329,유튜브,일반인이 보는 로드 자전거,https://www.youtube.com/watch?v=v0bRZm_zBvY
2162,20250329,유튜브,철인3종경기 자전거 전자검차,https://www.youtube.com/watch?v=loaSMSS3uso
2163,20250329,유튜브,당근🥕에서 겟한 파란색 자전거🚴🏻‍♂,https://www.youtube.com/watch?v=jI8gnEEmQBE
2164,20250329,유튜브,면허증 없이 운행이 가능 하다고?13세 이상 중딩만 되면 누구나 O.K #전기자전거 #500w #자전거전용도로 #추천 #michaelblast,https://www.youtube.com/watch?v=hqnPr8GsFeg
2165,20250329,유튜브,북한강자전거길의 의암댐관리교 자전거 통과 #의암댐관리교 #북한강자전거라이딩 #의암호,https://www.youtube.com/watch?v=dyu5PL4-pbY
2166,20250329,유튜브,픽시자전거를 출고해보자!        #픽시 #자전거 #챌린지 #출고,https://www.youtube.com/watch?v=bh1xSzJKeNk
2167,20250329,유튜브,(배달)자전거가 쾅하고 부딪혔어요!#배민#쿠팡#배달#오토바이#고객요청사항#오배송#한문철#배달통#사고#비접촉,https://www.youtube.com/watch?v=_8wlwGF6Zxg
2168,20250329,유튜브,[MTB 자전거여행] 크로아티아 및 발칸반도 라이딩 1일차 모음 #rider #mtbtour #bikelover,https://www.youtube.com/watch?v=XfPAHsIxXkI
2169,20250329,유튜브,모토벨로 T3 세발전기자전거도 튜닝 가능하다? 얼마든지~ #전기스쿠터 #전기자전거 #automobile #ebike #자토바이크,https://www.youtube.com/watch?v=WB5KQvCGbEU
2170,20250329,유튜브,#자토바이 #전기자전거 #자전거 #오토바이 #꿀템 #생활꿀템 #라이딩 #전동자전거 #전기오토바이,https://www.youtube.com/watch?v=SNCSEjsl3oI
2171,20250329,유튜브,NSR자전거바지 완전 신제품  25 SS 신상 9부 레이지페달  롱팬츠 NSR위례점,https://www.youtube.com/watch?v=QWBYNoXMNw4
2172,20250329,유튜브,"[폭싹 속았수다 결말 해석] 자전거, 배, 집에 숨겨진 의미ㅣ학씨네와 비교되는 3가지 비밀",https://www.youtube.com/watch?v=QCih7NfBe0c
2173,20250329,유튜브,섬진강자전거길 한번에 보기 /벚꽃라이딩 /국토종주/섬진강자전거길종주,https://www.youtube.com/watch?v=PopdeGZppao
2174,20250329,유튜브,"자전거 짐 문제, 이걸로 끝ㅣ방수에 20L 대용량까지 ㄷㄷ",https://www.youtube.com/watch?v=OsXenz9MaFY
2175,20250329,유튜브,어느 색상이 제일 잘 어울려요?🤔 #자전거수트 #자전거의류,https://www.youtube.com/watch?v=K0m7lhf8CCQ
2176,20250329,유튜브,무장 강도 덕에 우연히 머물게 된 마을에서의 알찬 하루 🇲🇽 중남미 자전거 일주 (14),https://www.youtube.com/watch?v=IeTItH8tETM
2177,20250329,유튜브,전국 NO.1 전기자전거가 종로에⁉,https://www.youtube.com/watch?v=IYlYiyfhE0Q
2178,20250329,유튜브,남녀 모두에게 강추! 스쿠터와 자전거에 최적인 헬멧 리뷰 총집합 #오토바이헬멧  #안전장비   #레트로스타일  #경량헬멧,https://www.youtube.com/watch?v=GtSPOgJ0W48
2179,20250329,유튜브,[알리 인기상품] 케이블 타이 / Joyroom-범용 자전거 휴대폰 홀더 / Rocoren 케이블 홀더,https://www.youtube.com/watch?v=6kW9XXcTR4M
2180,20250329,유튜브,자전거도로 출입이 가능한 2025년형 '위페드' [F2]&[F3],https://www.youtube.com/watch?v=5gUL7jzcVQQ
2181,20250329,유튜브,"[자전거 탄 풍경] 250328 2025 문화광장콘서트 ""봄이 오는 소리” 공연 FULL 녹음(1)",https://www.youtube.com/watch?v=3DW15v1pspE
2182,20250329,유튜브,전기자전거 구입 전 꼭 봐야 하는 리뷰! 올여름 필수템인 전기자전거 추천,https://www.youtube.com/watch?v=uguqi5vRd_k
2183,20250329,유튜브,스포엑스 2025 자전거 업계 이대로 괜찮은가ㅣ자바바이크ㅣ부쉬맨 선크림ㅣ서울국제 스포츠레저산업전🚴🏻‍♂️,https://www.youtube.com/watch?v=uPdhi6NjPvw
2184,20250329,유튜브,전기자전거 BR3 헤리티지 바버  / 리미티드에디션  화이트/크롬 #전기자전거 #BR3,https://www.youtube.com/watch?v=n22C7Qtxr38
2185,20250329,유튜브,학의천 라이딩 | 초2 딸과 7살 아들 | 자전거 라이딩 | 봄꽃 감상하기 | 징검다리 놀이 | 노을 감상,https://www.youtube.com/watch?v=mfIx6YHOb5M
2186,20250329,유튜브,노견과 호수 위에서 자전거 타기,https://www.youtube.com/watch?v=mGKI2NUbi2w
2187,20250329,유튜브,브이로그 #175 중딩 로드자전거 언박싱🚲테무 고데기들 후기!💇🏻‍♀️오랜만에 사골국🦴,https://www.youtube.com/watch?v=kMVQshvpyIU
2188,20250329,유튜브,인스타360 X4 액션캠 자전거 라이딩 3인칭 편집,https://www.youtube.com/watch?v=hpjkbKPHiWU
2189,20250329,유튜브,EV3 버리고 전기자전거를 사야하나?,https://www.youtube.com/watch?v=fXAGk4H7Kok
2190,20250329,유튜브,접이식 자전거 특징 매력 장점 #랑케레이시 #X3000MAX #듀얼모터,https://www.youtube.com/watch?v=fRz-4hoiI5g
2191,20250329,유튜브,"도쿄 퇴근길 벚꽃놀이 현장! 벚꽃은 무료, 그런데 자전거 주차비가 ...",https://www.youtube.com/watch?v=c4imNsNYrvE
2192,20250329,유튜브,#입문용로드자전거 #엘파마에포카 #킹바이크본점,https://www.youtube.com/watch?v=ZIUeTrgjBpU
2193,20250329,유튜브,#낙동강벚꽃 #자전거라이딩 32km 풀영상/#강서낙동강변30리벚꽃길- 삼락 #낙동강정원벚꽃축제- #구포시장먹자골목,https://www.youtube.com/watch?v=WyzQbMSK_VI
2194,20250329,유튜브,불황에도 사람 넘치는 자전거 매장 (부산 펀바이크),https://www.youtube.com/watch?v=Wn26aX2ibmE
2195,20250329,유튜브,기분전환을 위해 자전거를 샀어요. 자전거타고 놀았어요~^^,https://www.youtube.com/watch?v=V-L2PRb8yZg
2196,20250329,유튜브,폴로앤바이크 윌리엄스 버그 픽시 자전거 그린 색상,https://www.youtube.com/watch?v=UHT2weEB-DE
2197,20250329,유튜브,멸망한 자전거의 세계,https://www.youtube.com/watch?v=TlcXv1onj10
2198,20250329,유튜브,스위스 알프스 고개를 자전거 타고 도전 버킷 리스트.,https://www.youtube.com/watch?v=Sv1XOcEhgxM
2199,20250329,유튜브,자전거 타고 가는 길.  #김인수여행수첩.  #낭만가객 (관객)  #볼거리여행.   #자전거여행.   #shorts.,https://www.youtube.com/watch?v=S9ev4Jb8KLY
2200,20250329,유튜브,"주택393번  전망좋은 주택  횡성읍 7분여 섬강 자전거 도로,둘레길 조성 된  단층(복층)남향 주택입니다 (내진 설계 적용)033-765-5998#횡성전원주택#남향주택#",https://www.youtube.com/watch?v=Rw_SIzAnRAg
2201,20250329,유튜브,입문용 로드 자전거 추천 엘파마 로드 자전거 에포카 e2000d [황병준TV],https://www.youtube.com/watch?v=QHwu8isSjdc
2202,20250329,유튜브,전기자전거 오르막 테스트 아차산 오르기 다른 화각 카메라 [황병준TV],https://www.youtube.com/watch?v=O8mDtetytUE
2203,20250329,유튜브,첫 네발자전거❤ 삼천리딩고 만4세 #육아기록,https://www.youtube.com/watch?v=O6Mnyfkv3k0
2204,20250329,유튜브,24134회. 밤에 스텔스 자전거. 블박차 과실이 있을까?,https://www.youtube.com/watch?v=Jy-1TSmX2cw
2205,20250329,유튜브,좋은생각 전기자전거 구매 관리 선택 등 여러 이야기 [황병준TV],https://www.youtube.com/watch?v=IYk8Q7uydi8
2206,20250329,유튜브,24135회. 밤에 자전거 타려면 이 정도는 보여야죠!,https://www.youtube.com/watch?v=HsVY0YHdf7A
2207,20250329,유튜브,Ocarina    자전거      파랑새앙상블   단장    유은경& 류희진ㆍ박종혜ㆍ 이은정ㆍ도현희#한태주#고양버스커즈#일산오카리나#오카리나앙상블#오카리나버스킹,https://www.youtube.com/watch?v=EQ6gaLfT4CE
2208,20250329,유튜브,Bicycle at SongDo Incheon 송도 아침 자전거 타고서.#자전거 #운동 #송도신도시 #인천 #incheon #bicycle #cycling #sports #bike,https://www.youtube.com/watch?v=DGThmA0Vt6s
2209,20250329,유튜브,도로 지형별 가장 빠른 자전거 종류.,https://www.youtube.com/watch?v=B3WnDWIlO_c
2210,20250329,유튜브,운동으로 혈당 낮추기 심박수 존2 존3 달리기 러닝 자전거 계단오르기 등,https://www.youtube.com/watch?v=8CY-ayLW7Vw
2211,20250329,유튜브,#낙동강하굿둑 자전거길인증센터,https://www.youtube.com/watch?v=7vupNA9CBGQ
2212,20250329,유튜브,갑자기 들어온 아가씨와 함께 #벚꽃길 #아가씨 #자전거사고,https://www.youtube.com/watch?v=59uAI4C3l3w
2213,20250329,유튜브,"자전거 대장 윤슬, 씽씽이도 제법 잘타는 윤준(1724 652)",https://www.youtube.com/watch?v=4IcK3Oa12ds
2214,20250329,유튜브,구리 #미음나루고개 15% 경사도 업힐 오르기🆙 자전거ㅣ사이클🚲,https://www.youtube.com/watch?v=2QqZqU0FMss
2215,20250329,유튜브,광복80주년  위대한 여정 / 25년 제1회 통일염원 대한반도평화로자전걸/ 서울-춘천-소양호 195km #한국자전거연합 #코리안드림천만캠페인,https://www.youtube.com/watch?v=-oyGkPYcawI
2216,20250329,유튜브,"보홀여행 🇵🇭 5박7일 몰아보기ㅣ셀프투어 총정리ㅣ나팔링, 로복강, 집라인, 초콜릿힐 ATV, 하늘자전거, 안경원숭이, 맹그로브숲, 히낙다난동굴, 헬스장추천, 스쿠터렌트",https://www.youtube.com/watch?v=sssMfzoGsIc
2217,20250329,유튜브,자전거핸드폰거치대 추천 판매순위 Top10 || 가격 평점 후기 비교,https://www.youtube.com/watch?v=peT_osOVpQU
2218,20250329,유튜브,다혼 스피드 P9HD 플러스 시승기! 그들의 느낌을 들어보았습니다! #자전거 #접이식자전거 #바이키 #바이키동대문점 #다혼미니벨로 #다혼 #바이키양재점 #투어라이딩,https://www.youtube.com/watch?v=kg-HfjjCcpk
2219,20250329,유튜브,천운을 다 쓴 자전거 주인,https://www.youtube.com/watch?v=jMWTjP16xW8
2220,20250329,유튜브,● 하이~ #핸즈프리라이딩 #HandsFreeRiding #자전거블랙박스 #한강라이딩 #고프로 #자전거손놓고타기 #한강시속20킬로 #과속로드퇴출 #봄라이딩,https://www.youtube.com/watch?v=hgXyTT1_Xq4
2221,20250329,유튜브,자전거도로 피 빨려고 불나방 모기떼들처럼 몰려드는 위험한 팩주행 만들어지는 과정?! 봄 시즌만 되면 왜 그럴까?! 아무생각 없이 자전거 따라 붙음 다쳐요!  #shorts,https://www.youtube.com/watch?v=hPvYH2Kjnrk
2222,20250329,유튜브,자전거 타면 전립선에 좋다? 안 좋다?,https://www.youtube.com/watch?v=dOVrKDRx8Y0
2223,20250329,유튜브,자전거장갑 추천 판매순위 Top10 || 가격 평점 후기 비교,https://www.youtube.com/watch?v=ZChO24Zny4A
2224,20250329,유튜브,거스토 듀로 프로 팀에디션 블랙 색상 출고 모델 소개 영상 입니다. #거스토듀로 #거스토#바이크성지 #자전거 #bicycle #투어라이딩 #가성비 #바이키양재점 #로드자전거,https://www.youtube.com/watch?v=RLQcXEfzAUw
2225,20250329,유튜브,쿠팡대란 유아용 자전거 BEST10 l 알뜰 l 품절 l 인기 l 제품 l 쿠팡 l 꿀템 l 리뷰,https://www.youtube.com/watch?v=RD21mhgWo9s
2226,20250329,유튜브,딸과 자전거 데이트🎶  드디어 딸이 두발 자전거를 타요🤗,https://www.youtube.com/watch?v=QcKEyp7rCgY
2227,20250329,유튜브,"대공원 명물, 사발이자전거, 연인끼리, 가족끼리, 친구끼리, 사발이는 잘도 돌아가네…💜❤️🧡",https://www.youtube.com/watch?v=NMCMTWd4AqM
2228,20250329,유튜브,🇺🇸 비현실적인 미국 서부 사막 라이딩 시작 (Feat. 데스밸리를 향해) 【미국 자전거 종단 9】,https://www.youtube.com/watch?v=MyJGlVX3x-g
2229,20250329,유튜브,16인치 미니벨로 1대장 !  가성비 접이식 자전거 #자전거 #접이식자전거 #미니벨로 #가성비 #티티카카 #한강 #마실,https://www.youtube.com/watch?v=Fm9qJ1dUUm8
2230,20250329,유튜브,🚴‍♂️ 한밤중 경복궁에서 시청까지 자전거 여행!,https://www.youtube.com/watch?v=9w1YTAAUxSE
2231,20250329,유튜브,그래블자전거 추천 판매순위 Top10 || 가격 평점 후기 비교,https://www.youtube.com/watch?v=9a7buGZykxg
2232,20250329,유튜브,16인치 자토바이 알톤 파이톤 16 소개영상 입니다. #전기자전거 #자토바이 #16인치전기자전거#자전거 #bicycle #바이크성지 #가성비 #투어라이딩 #바이키양재점,https://www.youtube.com/watch?v=8xzhwjjBX6Y
2233,20250329,유튜브,자전거 타는 도중 먹방ㅋㅋ,https://www.youtube.com/watch?v=2YXuX85KxNE
2234,20250329,유튜브,"인생 첫체험, 4발이, 보조바퀴떼고, 두바퀴로…자전거를 즐길 때까지…도전은 계속된다…💙",https://www.youtube.com/watch?v=-HR_Q41KNqk
2235,20250328,유튜브,일반인은 못 타는 자전거,https://www.youtube.com/watch?v=i68Cx78SkUI
2236,20250328,유튜브,bmx 라이딩 #bmxplus #bmx #bmxlife #bmxstreet #공유자전거 #자전거 #mtb #bikelife #cycling #bike,https://www.youtube.com/watch?v=uYYWAkTfYUE
2237,20250328,유튜브,bmx 바니홉 곧 1m 넘겠다 #bmxplus #bmx #bmxlife #bmxstreet #공유자전거 #자전거 #mtb #bikelife #cycling #bike,https://www.youtube.com/watch?v=h7JfskyOal0
2238,20250328,유튜브,#진달래#자전거#bike#황령산#금정산#쇼츠#shorts#동기부여#황령산금정산에봄꽂이활짝피었습니다,https://www.youtube.com/watch?v=zpRCyqE7HMc
2239,20250328,유튜브,이게 가능한가..ㅣ로드 자전거,https://www.youtube.com/watch?v=vS4wFxoqedE
2240,20250328,유튜브,#전기자전거 #자전거 #접이식 #꿀템추천 #꿀템 #전기스쿠터 #전동스쿠터 #전동킥보드 #핫템 #필수템 #일상 #라이더,https://www.youtube.com/watch?v=tOpC00xoOq4
2241,20250328,유튜브,#자물쇠 #자전거 #자전거도둑 #자전거자물쇠 #잠금장치 #잠금 #꿀템추천 #꿀템 #생활꿀템 #필수템 #핫템 #신박템,https://www.youtube.com/watch?v=iywu_TbZTOA
2242,20250328,유튜브,자전거는 잠깐타고 돌아다니기 바쁜 아들😅#아기브이로그 #아기숏츠 #일상 #baby #찐육아 #24개월아기 #아들일상,https://www.youtube.com/watch?v=fxum47qpFaQ
2243,20250328,유튜브,#천호동자전거길 #벨로라운지 #MBO #자전거타는여자 #자전거여행 #국토종주 #로드자전거 #bike #roadbike #downhill #mtb#운동하는여자,https://www.youtube.com/watch?v=ehuY60ORXAI
2244,20250328,유튜브,[자전거가 고놈의 뱃살도 조사 버릴 수가 있고] #폭싹속았수다 #netflix #shorts,https://www.youtube.com/watch?v=ZsgD_Mashik
2245,20250328,유튜브,"자전거 사고, 증거 없으면 억울합니다! (4월 7일까지 특별 이벤트 꼭 확인!!)",https://www.youtube.com/watch?v=Ytx6CyMJ3Vo
2246,20250328,유튜브,자전거 타고 제주도 여행 전에... 저희 패션 괜찮나요??,https://www.youtube.com/watch?v=X_fwOvD0Bxk
2247,20250328,유튜브,충동적으로 절대 전기자전거를 사면 안되는 이유! 전기자전거 구매요령 및 체크사항 총 정리!,https://www.youtube.com/watch?v=T6jmuGXhMMM
2248,20250328,유튜브,너에게 난 나에게 넌(자전거탄풍경 2001년곡) #영화클래식ost #손예진 #조인성 #조승우 #이수일과통기타 #guitar #cover #music #singer #7080,https://www.youtube.com/watch?v=IDAdWi_7_qg
2249,20250328,유튜브,너에게난 나에게넌 -자전거탄풍경(2001년곡),https://www.youtube.com/watch?v=Gwe2XifvSew
2250,20250328,유튜브,"접이식전기자전거 편안함에 기동성을 더하다 ㅣ출퇴근, 배달, 레저 어디서나 완벽한 전기 자전거 추천 BEST 3",https://www.youtube.com/watch?v=9_XOPI4E94g
2251,20250328,유튜브,"매디슨 미니벨로 뉴델타, 피콜로 접는법! 고객님 업로드 했습니다! #미니벨로 #접이식자전거 #매디슨바이크 #매디슨뉴델타  #매디슨바이크송파점 #자전거라이딩 #shorts",https://www.youtube.com/watch?v=6l-rCQfszZ0
2252,20250328,유튜브,남성 자전거 의류 BEST 3! 방수 자켓부터 MTB 바지까지 완벽추천,https://www.youtube.com/watch?v=-FwU6S6afm0
2253,20250328,유튜브,스틱아 가지마#자전거탄풍경#드럼연주#나에게넌나에게난,https://www.youtube.com/watch?v=yNRVIJod0xo
2254,20250328,유튜브,"""3개월에 3번 털려""…""자전거 8대, 10만 달러 피해""",https://www.youtube.com/watch?v=uzy_a9oGB2U
2255,20250328,유튜브,#전기자전거테스트 #좋은생각전기자전거,https://www.youtube.com/watch?v=uKpeePy_j8Q
2256,20250328,유튜브,전기자전거 배달하다가 홍대 계단지옥..😱 대참사 (전자프로젝트15),https://www.youtube.com/watch?v=t98T6R-FDcQ
2257,20250328,유튜브,입문용 그래블 추천 - 스캇 스피드스터 그래블 50 #벨로몬 #scottbikes #입문용자전거,https://www.youtube.com/watch?v=sgu2ruXbMc0
2258,20250328,유튜브,인기 자토바이! 팻바이크 자전거 2025 알톤 파이톤 16 48B 500W 15Ah,https://www.youtube.com/watch?v=q1ZlFEnxW60
2259,20250328,유튜브,자전거 타고 가는 길.        #김인수여행수첩.        #낭만가객(김홍순가수)    #볼거리여행.   #자전거여행.   #shorts.,https://www.youtube.com/watch?v=k-f5o0h34jc
2260,20250328,유튜브,지사중학교 점심시간 자전거 타기,https://www.youtube.com/watch?v=guv-cNdSaQY
2261,20250328,유튜브,24118회. 자전거 입장에선 없던 차가 갑자기 뚝 떨어진 격.,https://www.youtube.com/watch?v=c-xMUAM3OCA
2262,20250328,유튜브,회사가는길. #unicycle #외발자전거 #shorts #아라뱃길,https://www.youtube.com/watch?v=ZHAjt-ZlX4k
2263,20250328,유튜브,전기자전거 모터선 당진 아재 모터케이블,https://www.youtube.com/watch?v=Z2337ZTn430
2264,20250328,유튜브,"자전거탄 풍경-너에게난 나에게넌 드럼연주(드럼커버,7080드럼,더블킥연습,영등포문화원)",https://www.youtube.com/watch?v=X2O_OlcvNV4
2265,20250328,유튜브,마지막 2대 최대할인가👍벤츄라8.xt12단구동계 #입문용자전거 #자전거추천 #지슬아빠,https://www.youtube.com/watch?v=Wj9kcMFEA8I
2266,20250328,유튜브,[카머 멤버스] 자전거 유튜버 지니라이딩님,https://www.youtube.com/watch?v=WYPPqig6uKk
2267,20250328,유튜브,전기자전거계기판 EN06,https://www.youtube.com/watch?v=WEq0L0anGW0
2268,20250328,유튜브,확인 필수! 자전거 공기압,https://www.youtube.com/watch?v=UYdlgV-Zrhw
2269,20250328,유튜브,[입문자] 당신에게 '딱' 맞는 자전거 고르기 가이드,https://www.youtube.com/watch?v=RkK8t4-juuo
2270,20250328,유튜브,미니벨로 자전거 풀옵션 무료증정 놓치지 말고 이거사세요,https://www.youtube.com/watch?v=PxtviaPLYjs
2271,20250328,유튜브,듀라를 사면 자전거를 공짜로 준다는 트리곤 다크니스 에보 ( 동호회 자전거 리뷰 28탄 ),https://www.youtube.com/watch?v=Pq2NG0h-_PE
2272,20250328,유튜브,자전거 타기 ③ : 피팅과 에티켓.,https://www.youtube.com/watch?v=Pj3C5L2xGlA
2273,20250328,유튜브,교향곡의 전율이 느껴지는 뒤로가기👍 #외발자전거 #unicycle,https://www.youtube.com/watch?v=HIVy9kRdcSM
2274,20250328,유튜브,자전거 타기 ① : 시작이 팔 할이다,https://www.youtube.com/watch?v=Eq4CbYFR61E
2275,20250328,유튜브,"자출, 봄 라이딩도 NSR 자전거 가방과 함께! ✨ #자전거가방 #자출가방 #자전거악세사리",https://www.youtube.com/watch?v=CIJR0cenqWs
2276,20250328,유튜브,"[국회방송 민심탐험대 윤택이 뛴다!] 민심탐험대 사상 첫 자전거 출격, 홍성·예산 살리는 승부사가 등장! 촌사람 강승규 의원 2025.3.27",https://www.youtube.com/watch?v=Bwt53Mau_NU
2277,20250328,유튜브,자전거길에 왠 차가?,https://www.youtube.com/watch?v=B8oFbnZ309k
2278,20250328,유튜브,전기자전거 BR3 헤리티지 바버 언박싱 #전기자전거 #BR3,https://www.youtube.com/watch?v=B1IOZytqgAk
2279,20250328,유튜브,회사가는길.인스타360 무편집영상#unicycle #인스타360카메라#아라뱃길 #외발자전거라이딩,https://www.youtube.com/watch?v=B--fRYshfJ8
2280,20250328,유튜브,동춘서커스 단장님 ㅎ고인물 자전거 살벌하게 잘타심,https://www.youtube.com/watch?v=A0S_J_YH9-s
2281,20250328,유튜브,메모장 켜라 서울 벚꽃 구경 스팟 알려준다 #벚꽃 #음악회 #벚꽃축제 #노원구 #유태평양 #소향 #불암산 #압화 #자전거 #라이딩 #스팀세차 #벚꽃스팟,https://www.youtube.com/watch?v=87i56DpKk04
2282,20250328,유튜브,25년 로드 자전거 추천 1위 거스토 코브라 GUSTO COBRA [황병준TV],https://www.youtube.com/watch?v=6urtGXmvm6Y
2283,20250328,유튜브,자전거로 사람을 들이받아 사망사고 낸 경우 #변호사 #교통사고처리특례법위반 #손해배상전문변호사,https://www.youtube.com/watch?v=53otdNHim8U
2284,20250328,유튜브,#전기자전거작업리프트 #전동작업리프트 #자전거작업리프트 #제작문의,https://www.youtube.com/watch?v=2_XdU_w_K28
2285,20250328,유튜브,인스타360 촬영기법.#인스타360#unicycle #외발자전거라이딩 #아라뱃길,https://www.youtube.com/watch?v=2Gjn4i01tNw
2286,20250328,유튜브,자전거 타기 ② :  “페달은 젓는 것이다.”,https://www.youtube.com/watch?v=1L7KIqCR4t4
2287,20250328,유튜브,전기자전거 산악 다운힐 퀄리 엑스트론 프로 S [황병준TV],https://www.youtube.com/watch?v=-dklcfrC_0I
2288,20250328,유튜브,자전거 자체를 한 달 넘게 안 탔다..시즌온 양수 가보나연! #라이딩 #자전거,https://www.youtube.com/watch?v=zmzkbFq2TPA
2289,20250328,유튜브,자전거 카트리지 사각비비(내장BB) & 크랭크셋 분리 분해 조립 방법 (풀영상),https://www.youtube.com/watch?v=slE7apVTyzM
2290,20250328,유튜브,자전거 트레이닝 캠프 탁구장 바닥공사 5,https://www.youtube.com/watch?v=siwbCi7_PuM
2291,20250328,유튜브,실내자전거,https://www.youtube.com/watch?v=o_CKZ5OesH0
2292,20250328,유튜브,"NSR, 자전거기어비, Bicycle gear ratio, 평지라이딩, 언덕라이딩, 스프라켓, 기어비, 체인링",https://www.youtube.com/watch?v=oOQ9CT_JORE
2293,20250328,유튜브,이고진 실내자전거 M5 쇼파바이크 미니 헬스자전거,https://www.youtube.com/watch?v=ifynA8OHdeU
2294,20250328,유튜브,"툴레 에포스 자전거 캐리어 거치대 전용 카고박스 산투 출시! 캠핑,라이딩 한번에 즐기기 #툴레 #카고박스 #자전거캐리어 #에포스 #산투 #툴레산투 #툴레에포스",https://www.youtube.com/watch?v=adqpcvMNxTM
2295,20250328,유튜브,#이벤트 #위미바이크 후기 쓰고 반사 스트랩 무료로 받아 가세요 #미니벨로 #접이식자전거,https://www.youtube.com/watch?v=_76QmPLTJgI
2296,20250328,유튜브,저학년들의 로망 메리다 매츠 J. 20 + #자전거 #20인치 #메리다 #저학년 #학생 #작은키 #시마노 #유압식디스크 #승차감 #가성비 #할인 #강남서초,https://www.youtube.com/watch?v=YKvCy3M0xSc
2297,20250328,유튜브,전기자전거는 한 번쯤 경험해볼만 합니다,https://www.youtube.com/watch?v=YIR1iAXEHFU
2298,20250328,유튜브,"내 집 앞에 남한강이~🚴남한강 조망 + 자전거길 바로 앞! 충주 전원주택 1억8천, 캠핑장·KTX역 10분 거리!",https://www.youtube.com/watch?v=YG7VP_ln4hs
2299,20250328,유튜브,스페셜라이즈드 타막 SL8 팀 에디션🔥잘 타는 언니들이 타는 자전거,https://www.youtube.com/watch?v=SdW7pCIw7so
2300,20250328,유튜브,자전거 라이딩영상은 Insta360 Ace Pro 2로 찍어야하는 이유,https://www.youtube.com/watch?v=RyKAqXdtKjw
2301,20250328,유튜브,전국 NO.1 전기자전거를 사직동에서 한 번에 만나보세요,https://www.youtube.com/watch?v=P1sPDNN4OFU
2302,20250328,유튜브,김대균토익킹 의암호 자전거라이딩,https://www.youtube.com/watch?v=NAkEIxaAfXE
2303,20250328,유튜브,정말 잘 만들었네요 🔴 제동감지 로드 자전거 핸들바 라이트 후미등 리뷰 🚴‍♂️ 락브로스 #드롭바 #로드바이크,https://www.youtube.com/watch?v=FFKLtfutf_k
2304,20250328,유튜브,자전거 탄다구?액션캠 이거 써! 오즈모 액션5 프로,https://www.youtube.com/watch?v=EdTcsWeC72M
2305,20250328,유튜브,이고진 실내자전거 M5 쇼파바이크 미니 헬스자전거,https://www.youtube.com/watch?v=DLhWaFnku68
2306,20250328,유튜브,자전거와 전혀 어울리지 않지만..,https://www.youtube.com/watch?v=C7G-oxQBmeE
2307,20250328,유튜브,[알리 인기상품] 폰 마운트 스탠드 자전거 홀더 / WESTTUNE 미니 캠핑 테이블 / 캠핑 방수포 방수 텐트,https://www.youtube.com/watch?v=7RTp2AMHZRU
2308,20250328,유튜브,이고진 미니바이크 M2 헬스사이클 미니 실내자전거,https://www.youtube.com/watch?v=3dm8NMLbmqw
2309,20250328,유튜브,이고진 미니바이크 M2 헬스사이클 미니 실내자전거,https://www.youtube.com/watch?v=2mVJdAuJ8u4
2310,20250328,유튜브,자전거 타기 위한 발악  #괜찮아 #안괜찮아 #챌린지 #댄스,https://www.youtube.com/watch?v=10P8JgbJatw
2311,20250328,유튜브,실내자전거 2,https://www.youtube.com/watch?v=0YKFX8WQ9JY
2312,20250328,유튜브,안양천 산적단 두목 나블리 #자전거 #라이딩 #cycling,https://www.youtube.com/watch?v=kOKowNcu6uk
2313,20250328,유튜브,자전거를 타다가 길냥이와 부딪혀 넘어지면 누구책임?!,https://www.youtube.com/watch?v=YQhLxqyCQCc
2314,20250328,유튜브,너에게 난 나에겐 넌.. #shorts #힐링 #여행 #맛집 #부산 #해운대 #드라이브 #너에게난나에게넌 #자전거탄풍경,https://www.youtube.com/watch?v=ORr8di997Q0
2315,20250327,유튜브,"매디슨 미니벨로 뉴델타, 피콜로 접는법! 고객님 업로드 했습니다! #미니벨로 #접이식자전거 #매디슨바이크 #매디슨뉴델타 #매디슨피콜로 #매디슨바이크송파점 #자전거라이딩",https://www.youtube.com/watch?v=_qVPzD9MfFk
2316,20250327,유튜브,"라이딩의 계절이 왔습니다. 부부, 친구, 연인이 같이 타기 좋은 자전거 이건 어떠세요? #전기스쿠터 #전기자전거 #automobile #ebike #자토바이크 #퀄리 리",https://www.youtube.com/watch?v=GO_EkEtrax0
2317,20250327,유튜브,자전거 튜브 교체 하는법! 고객님 약속드린 영상 업데이트 합니다!#미니벨로 #접이식자전거 #매디슨바이크 #매디슨뉴델타 #매디슨피콜로 #자전거라이딩 #shorts,https://www.youtube.com/watch?v=E8nKpreQ2C4
2318,20250327,유튜브,자전거 튜브 교체 하는법! 고객님 약속드린 영상 업데이트 합니다!#미니벨로 #접이식자전거 #매디슨바이크 #매디슨뉴델타 #매디슨피콜로 #자전거라이딩,https://www.youtube.com/watch?v=4eCdg3yiqKU
2319,20250327,유튜브,"타고 내리기 편한 500w 전기자전거 텍시드, 어벤톤 신치2 [황병준TV]",https://www.youtube.com/watch?v=zIGRRLBfKB8
2320,20250327,유튜브,엑스라이더 X200 맥스 프로 #전기자전거#자토바이 #shorts,https://www.youtube.com/watch?v=wwu7uDR_77o
2321,20250327,유튜브,외발자전거 #트라이얼 #한발타기 #강약강약 #리듬감부족 #도전실패 😢,https://www.youtube.com/watch?v=wC64GEDdIdE
2322,20250327,유튜브,"요즘 가장 많이 팔린 접이식자전거 추천! 자전거 여행에 빠질수 없는 휴대용 갑! 보관도 쉽고 차량, 지하철도 탑승 가능!",https://www.youtube.com/watch?v=vQOH6gqCy2k
2323,20250327,유튜브,자전거가 한창 좋을 나이구나...,https://www.youtube.com/watch?v=tYhGsDZn9dk
2324,20250327,유튜브,카본MTB 자전거 추천 2025 예거 벤츄라 T5 29인치 12단,https://www.youtube.com/watch?v=sa6LyEUggX8
2325,20250327,유튜브,관절보호위해 자전거 운동부터 시작,https://www.youtube.com/watch?v=rgx4u6rQGuo
2326,20250327,유튜브,친환경 수상자전거 대회 동영상,https://www.youtube.com/watch?v=nkAUeib5TNw
2327,20250327,유튜브,내 자전거는 왜 항상 느릴까??,https://www.youtube.com/watch?v=nKt4-PnvbdY
2328,20250327,유튜브,[점진적 페달링] 자전거 운동 프로그램 70분용 3/27,https://www.youtube.com/watch?v=mysAGOJj8IY
2329,20250327,유튜브,대한민국 1% 자전거 타는 남편이 마음 먹으면...,https://www.youtube.com/watch?v=lGdfgd7ZLhE
2330,20250327,유튜브,미니벨로 브롬톤으로 산티아고 순례길 130km 솔직후기 너무힘들다 하지만  [자전거 스페인3],https://www.youtube.com/watch?v=khSHgDbP5GU
2331,20250327,유튜브,전기자전거 BR3 헤리티지 바버  언박싱 /미드모터 자토바이 너로 정했다 #전기자전거 #미드모터 #BR3,https://www.youtube.com/watch?v=fxTmIVpNCJc
2332,20250327,유튜브,전기자전거 펑크 긴급 수리! 이 방법이면 OK! 🔧🔥,https://www.youtube.com/watch?v=chF-H9faP-U
2333,20250327,유튜브,외발 이/에 푹빠진 청년들 #외발자전거 #unicycle,https://www.youtube.com/watch?v=c7GAMRFyYCs
2334,20250327,유튜브,ACEPEED 자전거 접이형 뒷박구니 C126 설치방법,https://www.youtube.com/watch?v=bTdkCdNgoGo
2335,20250327,유튜브,"12분 실내자전거 타기, 6주 중 3주 1일차 1번째 - 운동습관 만들기 좋음",https://www.youtube.com/watch?v=ZqkMXm8vf-k
2336,20250327,유튜브,전기자전거 미친 테스트 아차산 업힐을 오르자 퀄리 엑스트론 프로 S [황병준TV],https://www.youtube.com/watch?v=WyEkcqjBiDI
2337,20250327,유튜브,덴마크 공대에서 석사과정을 마치고 작은 자전거 하나로 호떡 장사를 시작한 한국 청년의 이야기 [사람과사람들]  | KBS 2017.07.19,https://www.youtube.com/watch?v=UEa-xRjhx7g
2338,20250327,유튜브,코끝을 스치는 바람이 따스한 봄🌱자전거 라이딩 어떠세요?🚲 다큐3일 '경춘선 전철' 20180325 | KBS 방송,https://www.youtube.com/watch?v=U8h69aiRy_g
2339,20250327,유튜브,"24116회. 가상의 중앙선 역주행에 너무 빨리 달려온 자전거, 백대빵 가능?",https://www.youtube.com/watch?v=Q72fspJ19Uc
2340,20250327,유튜브,외발자전거 #트라이얼 #난간주행 #아슬아슬 #뒤뚱뒤뚱 #균형감각 부족 😢,https://www.youtube.com/watch?v=KVY0kmSa6tk
2341,20250327,유튜브,#위험하다#위험하다니까#자전거,https://www.youtube.com/watch?v=FG7sDbNah8Q
2342,20250327,유튜브,아니 이 자전거는 뭐야? (GTA5 수상한 자전거 리뷰),https://www.youtube.com/watch?v=EVjVC7A4QrQ
2343,20250327,유튜브,방지턱 위 주차칸에 세워진 자전거…주차하려던 운전자가 한 행동? - 김명준의 뉴스파이터,https://www.youtube.com/watch?v=CvOhQlus3zY
2344,20250327,유튜브,전기자전거 퀄리스포츠 계기판 사용법,https://www.youtube.com/watch?v=CjitiQLjgGY
2345,20250327,유튜브,락샥커스텀업그레이드강추👍예거 벤츄라8 xt12단 입문용최고의가성비MTB#입문용자전거 #카본자전거 #예거벤츄라,https://www.youtube.com/watch?v=BE74ZcMhi1E
2346,20250327,유튜브,전기자전거 퀄리 엑스트론 프로 S 도로 오르막 테스트 [황병준TV],https://www.youtube.com/watch?v=ApX-H7BYs8k
2347,20250327,유튜브,전기자전거 퀄리 프로미니 출고세팅 과정,https://www.youtube.com/watch?v=8RQzwqR67e4
2348,20250327,유튜브,(SUB)자전거 언제 타는게 좋을까? 잘자요. 우리 자덕들.잠못드는 자덕들을위한 자몽젤리의 건강다큐.,https://www.youtube.com/watch?v=66O4ZKthQ6s
2349,20250327,유튜브,실내자전거🦵🦵 다이어트운동! 오늘도 나는 짧고 굵게~,https://www.youtube.com/watch?v=4wzp4GaNze4
2350,20250327,유튜브,외발자전거 #트라이얼 #싸이드호핑 #드랍 #체력고갈 #제로호핑,https://www.youtube.com/watch?v=3IjDcE6kJdM
2351,20250327,유튜브,벚꽃과 함께 달리다! 천호자전거거리 벚꽃 라이딩 챌린지,https://www.youtube.com/watch?v=zUUAzVvS4GA
2352,20250327,유튜브,자전거 타는 린나!  #국제커플 #국제연애 #국제커플브이로그 #러시아 #한러커플 #자전거 #첫경험 #전기자전거,https://www.youtube.com/watch?v=yLzsKUDcbbY
2353,20250327,유튜브,봄철 자전거 이용 증가!! 자전거 안전수칙!! 알아보기,https://www.youtube.com/watch?v=xhUoNBk_h_I
2354,20250327,유튜브,서울 200km 라이딩 중 낙차 / 골절? /  한강자전거길 / 한국랜도너스 서울 200K 서 브레베  / 랜도너스 입문자 추천 코스 / 서울 근교 추천 코스,https://www.youtube.com/watch?v=xX55u2jcE6E
2355,20250327,유튜브,스피닝자전거 추천 판매순위 Top10 || 가격 평점 후기 비교,https://www.youtube.com/watch?v=va2_FlPp4XE
2356,20250327,유튜브,(※시청자댓글) 저도 47살 퇴근 후 밤에 전기 자전거 타고 배달 부업 중입니다. 시간 당 1만원도 못 벌어요. 시간 당 3콜 7500원 벌어요.,https://www.youtube.com/watch?v=udveASgQJNU
2357,20250327,유튜브,2025 뉴 록키마운틴 경량 전기자전거 #가벼운기자전거 #인스팅트파워플레이 무료상담 전화 031 267 3477 ROCKYMOUNTAIN INSTINCT eMTB,https://www.youtube.com/watch?v=qjKcHvhrlIc
2358,20250327,유튜브,장시간 자전거를 타야하는 도로사이클 시합에서는 이런일이 종종 일어나는데...카메라맨이 쫌 너무했네 ㅋㅋ,https://www.youtube.com/watch?v=q98BOK8NJ8c
2359,20250327,유튜브,"세계의 누드 문화 일본 온천 혼탕 문화 그리고 슬로베니아의 완전 누드 혼탕 문화, 누드 자전거 축제, 누드 비치, 동성애 문화 등을 체험한 세계 자전거 여행자의 이야기",https://www.youtube.com/watch?v=pl6hwRAAVKo
2360,20250327,유튜브,감성에 주행성능을 더했다! 다혼 보드워크 P9HD #자전거 #접이식자전거 #미니벨로 #접이식미니벨로 #다혼 #보드워크 #가성비 #강남서초,https://www.youtube.com/watch?v=pbK-BYmPjbY
2361,20250327,유튜브,툴레 자전거 거치대 에포스 (3대용),https://www.youtube.com/watch?v=o7BjL9WxLm8
2362,20250327,유튜브,시마노 로드 클릿 정품으로 교체해 볼까요!! #대구자전거매장 #선데이모닝 #시마노로드클릿,https://www.youtube.com/watch?v=nHV666NZ05Y
2363,20250327,유튜브,자전거는 양치질이다 – 소피 오코네도,https://www.youtube.com/watch?v=nAJ8mWkXbio
2364,20250327,유튜브,윤석열 파면 티셔츠 입고 집회 현장 지키는 자전거 형님 #shorts #내란종식 #윤석열 #탄핵심판 #티셔츠,https://www.youtube.com/watch?v=i4sgYmVRvg4
2365,20250327,유튜브,"클릿 없이 조용이 ""로드자전거"" 타고 출퇴근 하는 방법 🚀 세팅 #토클립  #제팔토클립",https://www.youtube.com/watch?v=hgusViMk1ko
2366,20250327,유튜브,황문익 봉화군의원 전기자전거 보급 촉진 및 이용 활성화에 관한 조례안 발의,https://www.youtube.com/watch?v=gviARwCBkYs
2367,20250327,유튜브,자전거의 변화,https://www.youtube.com/watch?v=ZYd6EJlKxlA
2368,20250327,유튜브,20인치 크로몰리 접이식 다혼 보드워크 P9HD + 모델 출시 #접이식자전거 #미니벨로 #바이크성지 #자전거 #bicycle #가성비 #티티카카 #다혼미니벨로 #투어라이딩,https://www.youtube.com/watch?v=Yzh4tYqX2SI
2369,20250327,유튜브,유모차 거부하는 아이도 즐겁게 탈 수 있는 자전거 유모카🚘,https://www.youtube.com/watch?v=VzUDSXFvR9c
2370,20250327,유튜브,자전거 선수들이 쓰는 안장은?,https://www.youtube.com/watch?v=UjdizwQLxto
2371,20250327,유튜브,자전거길에서 ㅈ나 이기적인 전화 통화질은 좁아터진 자전거도로 보단 안전한 갓길이나 쉼터에서 하는게 어때?! #shorts,https://www.youtube.com/watch?v=UbH6ljaQjyU
2372,20250327,유튜브,풀버젼 시청은 고정댓글을 보시고 클릭해 주세요 #접이식자전거 #미니벨로 #바이크성지 #다혼미니벨로 #티티카카 #bicycle,https://www.youtube.com/watch?v=TvTq0NUEXK4
2373,20250327,유튜브,살 빠지는 최고의 유산소 운동! (feat.야핏 싸이클) #자전거 #자전거타기 #홈트레이닝,https://www.youtube.com/watch?v=TpDuczxjiig
2374,20250327,유튜브,[알리 인기상품] 오토바이 장갑 정품 가죽 남성용 / 자전거 전화 홀더 오토바이 전화 스탠드 / 라이더 레이싱 캐주얼신발,https://www.youtube.com/watch?v=TjfmZGrkxT8
2375,20250327,유튜브,자전거 vs 전동킥보드,https://www.youtube.com/watch?v=TdntEpJIKTU
2376,20250327,유튜브,트렉 e-MTB 레일7 출고 또 출고! 인기 전기 산악자전거 #ebike #emtb,https://www.youtube.com/watch?v=RQOO7i5sEGA
2377,20250327,유튜브,요즘 자전거 기함 가격,https://www.youtube.com/watch?v=RNtSH9ldlCU
2378,20250327,유튜브,● 강풍 #핸즈프리라이딩 #HandsFreeRiding #자전거블랙박스 #한강라이딩 #고프로 #자전거손놓고타기 #한강시속20킬로 #과속로드퇴출 #봄라이딩,https://www.youtube.com/watch?v=PHEuYsOBNq4
2379,20250327,유튜브,시각장애인 부부의 유일무이 동반 자전거,https://www.youtube.com/watch?v=NPFvizzjSxc
2380,20250327,유튜브,업힐 다음은 다운힐!! #cycle #cycling #MBO #자덕 #자전거타는여자,https://www.youtube.com/watch?v=KPyA5dfZgNk
2381,20250327,유튜브,[강동뉴스] 3월 넷째 주 #올림픽파크포레온 #3323번 #강동구보건소 유튜브 채널 운영 #천호자전거거리 #벚꽃라이딩 #자치회관 #프로그램,https://www.youtube.com/watch?v=JYbAEzWzn4w
2382,20250327,유튜브,베타 테스트 2 자전거 방 이야기,https://www.youtube.com/watch?v=JXPu9gTZ588
2383,20250327,유튜브,자전거=캠핑카 가격??!🤯 #자전거 #캠핑카,https://www.youtube.com/watch?v=IBV-m99nIXc
2384,20250327,유튜브,메리다 빅나인 XT 에디션 출고 #자전거 #바이크성지 #메리다빅나인xt#가성비 #투어라이딩,https://www.youtube.com/watch?v=F2A3-BcwNCI
2385,20250327,유튜브,판금 장인이 전기자전거를 개조하면 벌어지는일 🚴‍♂️⚡ ​ ⁨@metalprojetos⁩,https://www.youtube.com/watch?v=DIvPl_UNGkI
2386,20250327,유튜브,#페트나인전기자전거#무선전동구동계#EV05무선변속기#페드나인부산대리점#트위터전기자전거,https://www.youtube.com/watch?v=CLjJqMgYMNY
2387,20250327,유튜브,"침체된 국내 자전거 시장, 왜 한국판 다혼 미니벨로를 출시했을까? / 다혼스피드 P10 HD+",https://www.youtube.com/watch?v=AAiAh8JokS8
2388,20250327,유튜브,"자전거 타다 피곤할 때 내가 먹는 거 ,, NMN 궁금하지?",https://www.youtube.com/watch?v=5qd8F6gPzgU
2389,20250327,유튜브,자전거로 누려보는  암스테르담 #네덜란드 #베토벤 #현악4중주 #암스테르담,https://www.youtube.com/watch?v=4NAo8hWBeRo
2390,20250327,유튜브,남한강산책로 및 자전거 라이딩 코스가 걸어서 1분으로 차별화된 고퀄리티입지의 직영건축 한 양평전원주택급매/ 양평전원주택급매물/ 전원주택매매,https://www.youtube.com/watch?v=24tJbFmtoXQ
2391,20250327,유튜브,태양열 자전거 도로 3d디자인 영상 / 3d디자인 클릭 / interior 3d / enscape / sketchup,https://www.youtube.com/watch?v=tJOqOB-kIaA
2392,20250327,유튜브,장거리용 나비800k 자전거 라이트 전조등 듀얼마운트호환 신형C핀 USB충전,https://www.youtube.com/watch?v=i9J0O_Bfpdo
2393,20250327,유튜브,장거리용 나비800k 자전거 라이트 전조등 듀얼마운트호환 신형C핀 USB충전,https://www.youtube.com/watch?v=hfjCZ3i3670
2394,20250327,유튜브,"이것이 바로 부룬디의 삶입니다, 세계에서 가장 가난하고 더러운 나라, 자전거는 사치입니다",https://www.youtube.com/watch?v=YjTmflJ97OQ
2395,20250327,유튜브,#전동스쿠터 #스쿠터 #전기스쿠터 #접이식 #전기자전거 #전동 #꿀템 #전동킥보드 #생활꿀템 #어르신 #노인 #필수템 #편안한,https://www.youtube.com/watch?v=A6FOLAZCVTw
2396,20250327,유튜브,"🇿🇲 아프리카 속 중국 방문기 [아프리카 자전거 여행 28, 잠비아]",https://www.youtube.com/watch?v=7_9F6O5xKnk
2397,20250327,유튜브,자전거 처음 타는 옵션... 현실은 처참했다 😂 | 음주비행의 참교육 브이로그,https://www.youtube.com/watch?v=5R9txgoU3Y8
2398,20250327,유튜브,역대급 가성비 자토바이 배터리 1+1??? #전기자전거 #자토바이 #몬스터 #전기자전거추천,https://www.youtube.com/watch?v=xDTyJDrxA10
2399,20250327,유튜브,#요가 #필라테스 #홈트 #자전거타는여자 #자전거여행 #국토종주 #로드자전거 #러닝,https://www.youtube.com/watch?v=pUXDFdzD7aI
2400,20250327,유튜브,"모토벨로 G5, 아이들이 타고 내릴 때 안전한 쌍발스탠드로 바꾸기. #전기스쿠터 #전기자전거 #ebike #자토바이크 #automobile",https://www.youtube.com/watch?v=oBx_QZPbOlo
2401,20250327,유튜브,봄 기운 가득한 자전거 여행과 샌드커피 체험! MBN 250326 방송,https://www.youtube.com/watch?v=cHzxVjMW-oQ
2402,20250327,유튜브,❤️맘에 드는👍 내돈 내산 국산🇰🇷헬멧 LIBELLE 언박싱! 반품할까! ㅜㅜ;; #자전거 #헬멧 #라이딩 #올마 #MTB #E바이크 #페션,https://www.youtube.com/watch?v=WeYKcIERfS8
2403,20250327,유튜브,테슬라 모델x 자전거 도로까지 표시된다구?? #tesla #shorts,https://www.youtube.com/watch?v=NceHbDThj40
2404,20250327,유튜브,민심탐험대 사상 첫 자전거 출격?!🚴홍성·예산 살리는 승부사가 등장했다!✨| 민심탐험대 윤택이 뛴다! | 국회방송,https://www.youtube.com/watch?v=MGJCmo2v5DU
2405,20250327,유튜브,자전거 타고 가는 길.        #김인수여행수첩.        #낭만가객(김감독님)        #볼거리여행.   #자전거여행.   #shorts.,https://www.youtube.com/watch?v=IFJ1-E7Pycw
2406,20250327,유튜브,ZEEHO AE4SE 2025년식 신차 출고 튜닝 리뷰 전기스쿠터 테슬라 지호 배달대행 배민커넥트 쿠팡플러스 #shorts #zeeho #전기스쿠터 쇼바튜닝 #배달기사 전기자전거,https://www.youtube.com/watch?v=C6sMw8aMqb4
2407,20250327,유튜브,24109회. 자전거 및 보행자가 무조건 약자라서 100:0 이라는 보험사들의 관례적인 과실비율 인데 변호사님께서 그 부분이 맞다고 하면 인정하겠습니다,https://www.youtube.com/watch?v=3bFxOHXDjWk
2408,20250327,유튜브,2025년 (사)한국자전거연합 시륜제 (무사기원) 3.8토,https://www.youtube.com/watch?v=1CCxb47Roo0
2409,20250327,유튜브,2025 03 26.  유박사힐링. 자전거 타면 없어지는 질병 7 가지. 당뇨병........ ㅎㅎ,https://www.youtube.com/watch?v=0do_2NRCJ3g
2410,20250326,유튜브,"매디슨 미니벨로 뉴델타, 피콜로 접어서 밀고 가는법! #미니벨로 #접이식자전거 #매디슨바이크 #매디슨뉴델타 #매디슨피콜로 #shorts",https://www.youtube.com/watch?v=rEx27smDSkk
2411,20250326,유튜브,"매디슨 미니벨로 뉴델타, 피콜로 접어서 밀고 가는법! #미니벨로 #접이식자전거 #매디슨바이크 #매디슨뉴델타 #매디슨피콜로",https://www.youtube.com/watch?v=9jSJTu0zDIM
2412,20250326,유튜브,EOC변색고글 쓰고 자출😊 #cycling #cycle #trek #트렉 #마돈 #EOC #MBO #VLCC #자전거 #자출,https://www.youtube.com/watch?v=zLKleppVbK4
2413,20250326,유튜브,하루만에 자전거 배우기!! (가능? 😊),https://www.youtube.com/watch?v=v-REHdpf4zA
2414,20250326,유튜브,자전거 잘 탈수 있어서 기뻤다. 이제 살만 쏙~~ 옥~~ 빠지기를 바랄뿐이다.,https://www.youtube.com/watch?v=Z_GkwtxJe9s
2415,20250326,유튜브,MUQZI 하단 브래킷 스레드 태핑 도구 MTB 도로 자전거 BC 1.37 하단 브래킷 영어 스레드 수리 탭 자전거 나사 탭,https://www.youtube.com/watch?v=OxRwgDsirmQ
2416,20250326,유튜브,화순두부집사장의 매일 자전거타기 #자전거타기 #자전거 #전신운동 #유산소운동 #폐활량 #심폐운동 #하체운동 #허벅지운동 #자전거운동 #근력운동 #근육운동 #하체근육 #종아리근육,https://www.youtube.com/watch?v=FjsK_V2cLY0
2417,20250326,유튜브,다혼 K3 프라임 신규 모델 소개 드려요 #접이식자전거 #미니벨로 #바이크성지 #자전거 #bicycle #자전거 #가성비 #다혼미니벨로 #티티카카 #바이키양재점,https://www.youtube.com/watch?v=FCtbX3qzSXk
2418,20250326,유튜브,오랜만에 지인과 함께 로드 TT차 새벽 스트릿 라이딩 (빈) #대구 #동성로 #bmc #로드자전거 #ttbike #roadbike,https://www.youtube.com/watch?v=9jNG9odijow
2419,20250326,유튜브,● 미세먼지와 초미세먼지 #핸즈프리라이딩 #HandsFreeRiding #자전거블랙박스 #한강라이딩 #고프로 #자전거손놓고타기 #한강시속20킬로 #과속로드퇴출 #봄라이딩,https://www.youtube.com/watch?v=6FXV5qLFiQs
2420,20250326,유튜브,MUQZI 하단 브래킷 스레드 태핑 도구 MTB 도로 자전거 BC 1.37 하단 브래킷 영어 스레드 수리 탭 자전거 나사 탭,https://www.youtube.com/watch?v=4Almv0ewF2s
2421,20250326,유튜브,스페셜라이즈드 엔듀로 E-MTB / 산악 전기자전거 30% 할인소식,https://www.youtube.com/watch?v=-waNvD-T0p4
2422,20250326,유튜브,12일째 운동중~  오래만에 자전거를 다시  도전 해보았다.,https://www.youtube.com/watch?v=-BWxpFN4K3I
2423,20250326,유튜브,40도 날씨에 자전거를 30분 타고 왔어요.. #shorts #쇼츠,https://www.youtube.com/watch?v=nl5urJX0Xzg
2424,20250326,유튜브,#앵두걸스 #자밍 #다홍치마 #미스타킴 #미스타킴사단 #음원 #멜론 #최애곡 #아파트 #apt #커피 #스타벅스 #여자 #바다 #차 #KMB컴퍼니 #록시땅 #자전거 #천안신세계,https://www.youtube.com/watch?v=miIHca3ms7o
2425,20250326,유튜브,"외로운 노인은 어린 소녀의 자전거를 정성껏 고쳤고, 며칠 후, 그들의 인연은 아름다운 결실로 이어졌습니다.",https://www.youtube.com/watch?v=ivXQaaxKCWk
2426,20250326,유튜브,"최대77만원 지원 ""헌 자전거, 전기자전거, 전동스쿠터! 가져오면 새 제품으로 교환! 보상판매 이벤트 시작!""",https://www.youtube.com/watch?v=ekT5US8XnPI
2427,20250326,유튜브,픽시자전거 논란을 해명해보자!     #픽시 #자전거 #챌린지 #해명,https://www.youtube.com/watch?v=KUn64hrHo3M
2428,20250326,유튜브,"장원장, 자전거 입문했습니다 🚲 | 누나 집에서 자전거 받아오는 날",https://www.youtube.com/watch?v=F7kE1Fnxi2I
2429,20250326,유튜브,자전거 타면 무조건 알아야 할 자전거사고 과실비율 [325화],https://www.youtube.com/watch?v=DmwW8ntdD2E
2430,20250326,유튜브,"3억중후반 건축비만 받고 매매 양평전원주택급매물/생활편의시설 3분거리 양평전원주택/전철역5분,2차선100미터,하천변 자전거도로 산책로 120미터",https://www.youtube.com/watch?v=xz_-aVlQv28
2431,20250326,유튜브,미국 어벤톤 20인치 전기자전거 신치2 [황병준TV],https://www.youtube.com/watch?v=tQkjY14lndQ
2432,20250326,유튜브,#실내자전거운동 #더홈트 #12분운동 6주 중 2주 5일차 1번째 운동,https://www.youtube.com/watch?v=st-QuvcdV3s
2433,20250326,유튜브,이 세상에서 가장 무모한 자전거 도둑,https://www.youtube.com/watch?v=rdyJvIcYJ30
2434,20250326,유튜브,여기 자전거길인데.. #cycling #러닝,https://www.youtube.com/watch?v=q6vNrcx_AHE
2435,20250326,유튜브,타이어 글라이더 자전거 펑크 위기의 순간에 빛을 발휘하는 필수 공구! #타이어교체 #자전거튜브교체 #자전거수리,https://www.youtube.com/watch?v=luYs43qlXXA
2436,20250326,유튜브,헬멧 쓴 사람들은 과연?? #벨로모빌 #velomobile #자전거,https://www.youtube.com/watch?v=k45E_G1vZZY
2437,20250326,유튜브,아기를 위해 자전거를 조랍하였습니다.(호주는 자전거를 사면 부품을 조립해야합니다.)😂#혼혈아기 #한국 #호주 #11개월아기,https://www.youtube.com/watch?v=i_uXshR4fKQ
2438,20250326,유튜브,자전거 미는 아기.#혼혈아기 #한국 #호주 #11개월아기,https://www.youtube.com/watch?v=fElZWR7ZOSM
2439,20250326,유튜브,자전거 탄 아기.#혼혈아기 #한국 #호주 #11개월아기,https://www.youtube.com/watch?v=Zr4deSqClzc
2440,20250326,유튜브,#실내자전거운동 #더홈트 #12분운동 6주 중 2주 5일차 2번째 운동,https://www.youtube.com/watch?v=YPtQ89Y2QDI
2441,20250326,유튜브,"봄바람을 가르며, 천호자전거거리에서 벚꽃과 함께 라이딩! 천호자전거거리 벚꽃 라이딩 챌린지",https://www.youtube.com/watch?v=XqtAEORBh_0
2442,20250326,유튜브,뉴질랜드 남섬 가족여행 ep6 / 와나카호수 / 와나카에서자전거타기 / New zealand,https://www.youtube.com/watch?v=Wcdt3MhQ4uU
2443,20250326,유튜브,자전거에 이거 필요하긴 했음ㅋㅋ / 뇌울림T,https://www.youtube.com/watch?v=W1OshWe0Qa0
2444,20250326,유튜브,안양시가 부릅니다?! 😆🎤 (feat. 안양시 자전거 상설교육)🚴‍,https://www.youtube.com/watch?v=VxaOY84IFOw
2445,20250326,유튜브,"엄복동의 나라에서 자전거란,,,🚴 #이벤트 #구독자이벤트",https://www.youtube.com/watch?v=VDdg9SpJI9E
2446,20250326,유튜브,낡은 자전거 복원하기. feat 당근 5만원 와인빛 중고 미니벨로,https://www.youtube.com/watch?v=Uswx7cU2pHg
2447,20250326,유튜브,차와 자전거를 아끼신다면 트렁크에 자전거거치 다시한번생각해보세요!! #툴레,https://www.youtube.com/watch?v=U7EWqSbSamY
2448,20250326,유튜브,24108회. 블박차가 더 잘못했을까요? 자전거가 더 잘못했을까요?,https://www.youtube.com/watch?v=RtKQgDqv2AY
2449,20250326,유튜브,(※시청자댓글) 여기 서초동인데 이 근방 사시는 분들은 아실 겁니다. 중년 전기 자전거 라이더가 작년부터 엄청 늘었다는 것을...,https://www.youtube.com/watch?v=PDpIDj8BmCw
2450,20250326,유튜브,#실내자전거운동 #더홈트 #12분운동 6주 중 2주 5일차 3번째 운동,https://www.youtube.com/watch?v=ObLYpT4DPIA
2451,20250326,유튜브,BEST 입문용MTB 자전거 추천! 2025 엘파마 벤토르 V6100 12단 에어샥,https://www.youtube.com/watch?v=NwLRLCmfS_A
2452,20250326,유튜브,자전거 캐리어 진짜 튼튼하긴하네,https://www.youtube.com/watch?v=KYJOVTSjXjs
2453,20250326,유튜브,[네이처셀 주가전망]외국계 단기 세력 자전거래 통한 주가 변동 포착!! 대형 재료 앞두고 세력들 움직이기 시작합니다!!꼭 확인 하시고 최적 타이밍 잡으세요!! #네이처셀분석,https://www.youtube.com/watch?v=KCEV26LIywU
2454,20250326,유튜브,"2025년 신상품, TN8 PRO3가 따끈따끈 합니다. 달라진 점 보고가세요~#전기스쿠터 #전기자전거 #automobile #ebike #자토바이크 #모토벨로",https://www.youtube.com/watch?v=IXwiALksq7w
2455,20250326,유튜브,iGPSPORT 바이내비 속도계 2025년 자전거 네비게이션! 초슬림 디자인에 그냥 이건 스마트폰을 축소해 놨네요!😖 #igpsport #자전거속도계 #가민,https://www.youtube.com/watch?v=ACHk02JqAaA
2456,20250326,유튜브,전기자전거를 많이 팔긴 했나봐.. AI도 우리를 알아?,https://www.youtube.com/watch?v=9W4iEbNqkCg
2457,20250326,유튜브,귀요미들의 뒤로가기 battle #외발자전거 #unicycle,https://www.youtube.com/watch?v=6Jh6A0I0T6c
2458,20250326,유튜브,"이제, 마지막 1대 남았네요!! 배터리 걱정 없이, 펑크 걱정 없이.. 마음 놓고 편안하게 라이딩을 즐기세요~ / 세파스 리본 EBIKE / 전기자전거 / 카본자전거 / 지슬아빠~",https://www.youtube.com/watch?v=51XENQJfgrY
2459,20250326,유튜브,자전거가 두 대 이상이라면 이게 정답입니다 l 와후 키커 롤러 리뷰,https://www.youtube.com/watch?v=2H1tJ4DEhjs
2460,20250326,유튜브,전기자전거 퀄리스포츠 미니시리즈,https://www.youtube.com/watch?v=2D5Y30VeXB4
2461,20250326,유튜브,마지막 1대 남았네요😆#전기자전거 #전주자전거 #지슬아빠,https://www.youtube.com/watch?v=0Dlzpym8qto
2462,20250326,유튜브,"드디어, 우리 귀요미들 보조바퀴를 떼어버린 두발자전거를 탈수있어요. 이제 답답하고 속상할때 아빠랑 엄마랑 자전거타고 달리자. #자전거 #두발자전거 #네발자전거",https://www.youtube.com/watch?v=-4HI6AAuneU
2463,20250326,유튜브,산악외발자전거 #재밌는계단 #호핑제로도전 #페달링 #브레이크컨트롤 😂 😂,https://www.youtube.com/watch?v=y-RhHg0albc
2464,20250326,유튜브,자전거도로를 캐주얼하게 라이딩할거면 이걸로 종결 - #자이언트자전거 카본 하이브리드 패스트로드 AR 어드밴스 1 #자이언트스토어 #자이언트남양주 #별바이크,https://www.youtube.com/watch?v=s69O2x96PRo
2465,20250326,유튜브,지금 액션캠을 산다면 단연코 Insta360 Ace Pro 2 #Insta360AcePro2 #인스타360 #insta360 #사이클링 #자전거액션캠,https://www.youtube.com/watch?v=gycbs-WU5ok
2466,20250326,유튜브,추천 입문 엠티비 자전거 아스펜7 / 광주자전거매장 호바이크,https://www.youtube.com/watch?v=exly9IVgmLs
2467,20250326,유튜브,#유지우#정녕#일상브이로그 #아침햇살 #낙동강자전거길,https://www.youtube.com/watch?v=eCjT6o1qO4A
2468,20250326,유튜브,LEBYCEL MTB 도로 자전거 허브 베어링 제거 도구 자전거 허브 타워베이스 제거 도구 자전거 허브 베어링 수리 도구,https://www.youtube.com/watch?v=cT0yPEqGM2Q
2469,20250326,유튜브,내 자전거 휠이 부러 졌어요 #자전거 #휠 #기어,https://www.youtube.com/watch?v=c-CSollCCf0
2470,20250326,유튜브,자전거 라이더가 폭발한 진짜 이유 2025최신블랙박스모음집 I 그것이 블랙박스,https://www.youtube.com/watch?v=aWyt9MABZRA
2471,20250326,유튜브,#폭스샥 에어보충 #FOX샥 #FOXSHOX #자전거정비,https://www.youtube.com/watch?v=Z5LUkN-4PG8
2472,20250326,유튜브,ZTTO 강철 자전거 밑면 브래킷 스레드 태핑 도구 BC 1.37x24 자전거 프레임 BSA BB 영어 스레드 탭 수리 키트,https://www.youtube.com/watch?v=RQ3FNjydIhk
2473,20250326,유튜브,"ACRZ 유압 브레이크 피스톤 압축 도구, 산악 자전거 로드 바이크 도구",https://www.youtube.com/watch?v=QVRCzzS9uX0
2474,20250326,유튜브,ZTTO 강철 자전거 밑면 브래킷 스레드 태핑 도구 BC 1.37x24 자전거 프레임 BSA BB 영어 스레드 탭 수리 키트,https://www.youtube.com/watch?v=OQDhbseHcr8
2475,20250326,유튜브,코끼리자전거훈련2탄,https://www.youtube.com/watch?v=N-tpSCpMl_8
2476,20250326,유튜브,산악외발자전거 #나무계단 #쉽지않아  😭 😢 #무한도전,https://www.youtube.com/watch?v=K58hkxa5tq8
2477,20250326,유튜브,"전기자전거diy 추천 단순한 구매를 넘어선 가격, 품질, 판매량을 고려한 상품",https://www.youtube.com/watch?v=I5o8OrN2KZI
2478,20250326,유튜브,댄싱도 장르가 있다?! #자전거 #라이딩 #cycling #댄싱,https://www.youtube.com/watch?v=GRHM8EiSFUw
2479,20250326,유튜브,코끼리자전거 훈련중,https://www.youtube.com/watch?v=FzVQbmOoQEM
2480,20250326,유튜브,추락하는 자전거는 날개가 없다 – 알렉세이 세일,https://www.youtube.com/watch?v=F2xtb0N2wqU
2481,20250326,유튜브,2025년 인기 전동자전거 검색순위  BEST 10,https://www.youtube.com/watch?v=DQhx7rfoLoY
2482,20250326,유튜브,2025년 인기 전동자전거 검색순위 BEST 5,https://www.youtube.com/watch?v=BakQ2DQxKmM
2483,20250326,유튜브,#산악자전거 #학산라이딩 #학산정상 #다운휠 #산불조심 #산불진화 #산불예방 #산불,https://www.youtube.com/watch?v=6yiCUBaVm0c
2484,20250326,유튜브,첼로자전거 추천 판매순위 Top10 || 가격 평점 후기 비교,https://www.youtube.com/watch?v=6BM-yrmw59w
2485,20250326,유튜브,LEBYCEL MTB 도로 자전거 허브 베어링 제거 도구 자전거 허브 타워베이스 제거 도구 자전거 허브 베어링 수리 도구,https://www.youtube.com/watch?v=2z0uS-CdTio
2486,20250326,유튜브,주말마다 자전거 타는 아내 수상해서 추적했다,https://www.youtube.com/watch?v=1PC6jAQ54q0
2487,20250326,유튜브,하늘을 나는 자전거(가야테마파크),https://www.youtube.com/watch?v=1LdVtOdid5o
2488,20250326,유튜브,정들었던 1000만원짜리 자전거 안녕👋,https://www.youtube.com/watch?v=-yiF5neOAr0
2489,20250326,유튜브,"ACRZ 유압 브레이크 피스톤 압축 도구, 산악 자전거 로드 바이크 도구",https://www.youtube.com/watch?v=-Nf5eiG9SKw
2490,20250325,유튜브,미니벨로 이월 리퍼 할인 행사 안내! 매디슨바이크송파점 #미니벨로 #접이식자전거 #매디슨바이크 #온누리상품권 #shorts,https://www.youtube.com/watch?v=iqR41iZeCaQ
2491,20250325,유튜브,자전거 내릴때 유형..,https://www.youtube.com/watch?v=e66YwsiTELQ
2492,20250325,유튜브,전기자전거 아차산 업힐,https://www.youtube.com/watch?v=XjzJLVz4gtE
2493,20250325,유튜브,아이비스 자전거 역사,https://www.youtube.com/watch?v=UxqEUNHdvv8
2494,20250325,유튜브,배달 중 펑크?! 전기자전거 5분 만에 고치는 꿀팁! ⚡🚲 간단 요약,https://www.youtube.com/watch?v=EAS8qG1pO1A
2495,20250325,유튜브,"전기자전거 펑크 수리, 초보도 가능한가? 직접 해봄 🔧(전자 프로젝트14)",https://www.youtube.com/watch?v=DqQKKIjraeE
2496,20250325,유튜브,#실내자전거운동 #더홈트 #12분운동 9일차 2번째 운동,https://www.youtube.com/watch?v=3Zx_e9J03ps
2497,20250325,유튜브,"방치된 전기 자전거… ""견인 근거 없어"" / 서울 HCN",https://www.youtube.com/watch?v=y38a7ZNzoDY
2498,20250325,유튜브,화창한 봄날 자전거여행,https://www.youtube.com/watch?v=wIARBfJRbWQ
2499,20250325,유튜브,세파스 리파인드 8 옥타(OCTA) #자전거추천,https://www.youtube.com/watch?v=vSD5QPJD6GY
2500,20250325,유튜브,애니와 운동 그리고 시각장애와 자전거 | R.T.K 3화,https://www.youtube.com/watch?v=uamsnmXPEOs
2501,20250402,트위터,"#개천커_엔딩
#개천에서_용_났다 

알렉산더 반 폰트르 데 레오나르드 3세, 4세와 자전거 오너였습니다^^
후반후레죄송합니다 아ㅜㅜㅜ
흔적 다 잡아요~

아참고로전이걸올리고자러갈겁니다 애프터는 내일 오후부터 할게요..^^ https://x.com/ghfkddl320/status/1907447645960110400/photo/1https://x.com/ghfkddl320/status/1907447645960110400/photo/1https://x.com/ghfkddl320/status/1907447645960110400/photo/1https://x.com/ghfkddl320/status/1907447645960110400/photo/1https://x.com/ghfkddl320/status/1907447645960110400/photo/1https://x.com/ghfkddl320/status/1907447645960110400/photo/1https://x.com/ghfkddl320/status/1907447645960110400/photo/1https://x.com/ghfkddl320/status/1907447645960110400/photo/1",https://twitter.com/ghfkddl320/status/1907447645960110400
2502,20250402,트위터,"이거 말하는 이유: 세로로 뭔가가 느껴지는 배 통증이 있음

근데 문제는 이게 생리통인지 아니면 자전거 맞았을때 통증인지 모름 https://twitter.com/GhiUdHBw5GbvpkI/status/1907441423655535078",https://twitter.com/GhiUdHBw5GbvpkI/status/1907445218431135890
2503,20250402,트위터,"약간의 우울감 내지는 가벼운 우울증 상태가 지속되던 료타가 어디 높은 곳에 올라가 바람을 맞으며 해방감을 느끼다가 자기도 모르게 발을 내딛음 혹은 삐끗해서 추락함
타이밍좋게 그 밑을 자전거타고 지나가고있던 미츠이둔 위로 떨어짐

마른하늘에 날벼락 아니 사람벼락 이게 머야 괜찮으세여?",https://twitter.com/14dmts7/status/1907444879292334543
2504,20250402,트위터,"RT @bongguane: 그니까,,,에이스테만 없었으면 루카현아는 결혼하고 미지,수아,틸,이반은 평범하게 학교다니면서 행복했을거고 현우 또한 친구랑 자전거 타는 그저 평범한 소년으로 자랄 수 있었던 거잖아…비비노스 개새ㄲ야… https://t.co…",https://twitter.com/halo944732/status/1907444857695838219
2505,20250402,트위터,"RT @so_geum_00: 교통법규지키자는 취지의 프로그램나가서
내 자전거 니 오토바이보다 빠름 지옥ㄱㄱ
하는 노래 부르는 딸케 어떤데 https://x.com/so_geum_00/status/1907040684533776407/video/1https://x.com/so_geum_00/status/1907040684533776407/video/1",https://twitter.com/yom218059/status/1907444462022005010
2506,20250402,트위터,"@hongsami_candy ㅇㅇ
그냥 살짝 통증 느끼는 정도로 끝나서 다행인거지…성인 자전거였다면 크게 다쳤어",https://twitter.com/GhiUdHBw5GbvpkI/status/1907443759144665116
2507,20250402,트위터,"@hongsami_candy 괜찮아
배가 살살 야야했을 뿐이지
바로 자전거가 멈춰가지고 크게 단 다침",https://twitter.com/GhiUdHBw5GbvpkI/status/1907442826847334891
2508,20250402,트위터,"아 맞다 저 어제 자전거 치임

세게 다친 거도 아니고 그냥 자전커 바퀴가 배쪽을 치고 감.",https://twitter.com/GhiUdHBw5GbvpkI/status/1907441423655535078
2509,20250402,트위터,@Thenight_we 자전거를 타고 달에 가는 방법을 진지하게 계획하기라도 한 건 아니겠지.,https://twitter.com/1LLUS10N1SM/status/1907440459930112449
2510,20250402,트위터,"의자 없는 칸 의미를 바꾸면 좀 괜찮지 않음? 휠체어 타시는 장애인분 또는 유모차나 캐리어, 자전거를 함께 탑승하는 분을 위한 칸이라고 생각하면 나쁘지 않을지도 영화관 의자처럼 내려서 앉아야 하는 걸로 설치해서 군데군데 앉을 순 있으면 옆에 물건두고 앉아서 가기 좋을듯 https://twitter.com/imveganlemon/status/1906493238690865654",https://twitter.com/yun0_kas/status/1907438656547377480
2511,20250402,트위터,@meumemmem22 아 진ㅁ자요 사실 자전거 더 잘타면서 이렇게라도 말트고 다가갈라고 노력하다가 눈맞고 사커고 낮에도 밤에도 같이 자전거 데이트도 하고 그러면 좋겟어요…??,https://twitter.com/go_3car/status/1907437935580103102
2512,20250402,트위터,"@suktaehee 힝.... ㅠㅠㅠ
오늘도 알바후에 자전거 타고 집에 가면서 '애' 를 불렀어요ㅋㅋㅋㅋ",https://twitter.com/h4ru_86/status/1907434994521579974
2513,20250402,트위터,"기가 참 맑은 날 선선한 바람이 불고, 구름이 예쁜 하늘 처음 스스로 자전거에 탄 아들 아직은 많이 밀어줘야해서 걷는 것만큼이나 힘이 듭니다 https://x.com/ijmjr95215295/status/1907433545259446735/photo/1https://x.com/ijmjr95215295/status/1907433545259446735/photo/1https://x.com/ijmjr95215295/status/1907433545259446735/photo/1https://x.com/ijmjr95215295/status/1907433545259446735/photo/1",https://twitter.com/ijmjr95215295/status/1907433545259446735
2514,20250402,트위터,"회사에서 나 혼자 막...
자전거를 타는거야??
곤란함... 뭔가 이상함",https://twitter.com/DeSLlll/status/1907432909855920342
2515,20250402,트위터,"전에 방학에 랩실 인턴할때 8시까지 출근이엇는데 새벽4시까지 술개먹고 아침에 자전거타고 급하게 출근하다가 넘어졋거든 근데 얼굴로 넘어진거야

(생략)

최근에 앞니가 너무 시려워서 썩은 줄 알고 치과갔는데 금 간 채로 너무 오래 방치돼서 신경이 죽엇대 그래서 양치 할 때 장식품 닦는 기분임",https://twitter.com/unplugged_tw542/status/1907432907234550116
2516,20250402,트위터,"근데 최요원이 무슨 일하는지 모르는 이들은  평범한 사람이 갖고 있지 않은 많은 흉터에 이질감 느껴서 흰 눈 떠서 봤을 것 같음... 수군수군 대고...
더워서 헉헉대는 여름에 팔다리 가리는 긴 옷  입고 자전거까지 타는 최요원을 상상해 봄",https://twitter.com/igsu143116/status/1907432562387017953
2517,20250402,트위터,RT @siroo65764: 학씨 자전거타면서 지랄발광하는거 개쳐웃겨진짜ㅋㅋㅋㅋㅋㅋ왜저래ㅋㅋㅋㅋㅋㅋㅋㅋㅋ https://x.com/siroo65764/status/1905874234737308112/video/1https://x.com/siroo65764/status/1905874234737308112/video/1,https://twitter.com/gabieluck/status/1907431526238695653
2518,20250402,트위터,"홍보 하나 하겠습니다. 곧 제가 공저자인 책과 추천사를 쓴 책이 나옵니다. 두 권 모두 작년부터 함께 작업한 동료분들의 결과물입니다. 주제는 여성들의 광장과 정치, 민주주의 이야기입니다. 이제 본격적으로 기록들이 쏟아져 나올겁니다. 파면과 함께 새로운 시대가 열립니다. 제가 문을 활짝 열고 https://x.com/symposion_/status/1907431433880346994/photo/1https://x.com/symposion_/status/1907431433880346994/photo/1https://x.com/symposion_/status/1907431433880346994/photo/1https://x.com/symposion_/status/1907431433880346994/photo/1다. 길고 긴 어둠의 터널을 지나 찬란한 빛이 드리운 문밖으로, 응원봉과 깃발을 들고 쏟아져 달려나가세요. 휠체어를 타고, 자전거를 타고, 트랙터를 타고, 맨발로, 운동화로, 키보드로, 카메라로 그 어떤 방식으로든 세상에 진출하세요. 두려워하지 마세요. 깊이 생각하고 크게 말하고 웃고 울고 싸우고 행동하세요. 문밖에서 동료를 만나고 삶과 세상을 바꿉시다. 우린 합니다. 같이 갑시다. 같이 싸우고 같이 이깁시다. 많은 관심 부탁드려요!",https://twitter.com/symposion_/status/1907431433880346994
2519,20250402,트위터,방금 엄마가 그만 먹고 자전거좀 타라고 잔소리했는데 넘 짜증나서 나도 모르게 어쩌라고가 툭 튀어나옴 ㅅㅂ,https://twitter.com/lutteuppon55555/status/1907430365121356024
2520,20250402,트위터,진짜 범무혁이 역시 내 최애 무혁이야 그 자전거 벨로 대답하는거 최고로 좋아하는 디테일ㅠㅠ,https://twitter.com/aellang_/status/1907430228114460999
2521,20250402,트위터,"아나키스트 폴라 교환
?
저:
최호승 + 홍기범 (양복, 둘 다 안경)
문태유 + 강유찬 (양복, 자전거)
이진혁 + 홍기범 (초반옷)
?
??:
김지온 + 홍기범
?
n:1 가능합니당
맘찍 후 디엠주세용??????? ????????",https://twitter.com/ping_o_o/status/1907429433755177302
2522,20250402,트위터,"아이ㅁㅊ 지금봤는데잠시먼요;잠시만요 저거제가 제가본거 제대로봐? 본거맞?
본거맞죠?
잠시만요;;;;;;;;잠시요;잠시만요네?
아니동생강아지가대장누나를지금 자전거태워준다고 .. 벚꽂날리는데.. 
아저노됐다저노가이제 봄시즌 짱먹었습니다 네됐습니다여러분됐다고요!!!!!!!!!!!!!!!!!!!!!!!!!!!! https://x.com/syaduck/status/1907429321343705299/photo/1https://x.com/syaduck/status/1907429321343705299/photo/1",https://twitter.com/syaduck/status/1907429321343705299
2523,20250402,트위터,"뭐 운수 좋은 날도 있고 아닌 날도 있는 거겠죠.
사고는 수습하기 위해 한 일이고 카드는 내 부주의니까 두 사건은 연달아 일어난 별개고, 차분히 생각하면 화낼 일이 아니에요.
결론적으로 자전거 사고는 천천히 해결하는 중이고
카드는 찾았어요.",https://twitter.com/art_notebook/status/1907429074538320359
2524,20250402,트위터,"엑소가 룰루랄라
부르던 때로 돌아가고싶다
폰배터리 없으면 빼서
청바지에 존나비벼서
정전기로 충전시켜서 쓰던 때로
여름방학생활 안보다가 개학일주일전에
밀려서 1.5배속으로 급하게보던때로
다시 돌아가고싶다~
아빠랑 주말마다 자전거타고
도서관 갔다가
오는 길에 롯데리아에서 토네이도때리던",https://twitter.com/hnuurie/status/1907427900204417056
2525,20250402,트위터,RT @NnGgSsWw: 런쥔이 생일선물을 사려고 7시40분에 나와서 미친듯이 밟았을 걸 생각하면 걍 미치겟는거야 19분만에 압갤에 도착한 자전거 듀오 ㅅㅂ https://x.com/NnGgSsWw/status/1906703009196945769/video/1https://x.com/NnGgSsWw/status/1906703009196945769/video/1,https://twitter.com/ppung__ppung_/status/1907427430610211169
2526,20250402,트위터,범무혁 이름이 필요해가 또 좋아버림ㅜ 이름 같은 거 필요 없어요! -&gt; 그냥 자전거 할게요 -&gt; 무혁? -&gt; 무혁입니다!!!&lt;&lt;이름의 필요성을 모르다가 정체성을 갖게 되면서 기원도 출처도 모르던 돌멩이가 바람을 품게 되고 나만의 나라를 세우기를 깨닫는 과정이 차근히 느껴져서 너모 좋아버림.....,https://twitter.com/Leaf_green19/status/1907427316357308488
2527,20250402,트위터,"RT @Doongseom: 타카오 뭔가
누나들한테 인기 많을 것 같음
아니
등교할 때마다 자전거에 리어카 연결해서
거대 녹색친구 태우고 부릉부릉 따릉따릉 하는 1학년
존나 특이한데 웃기고 귀여워서
(+얼굴도 훈훈)
(+성격도 능글능글)
선배 누님들한…",https://twitter.com/hehehe777_7/status/1907427306672713832
2528,20250402,트위터,RT @yama__zzal: 자전거 타다가 길에서 바지가 찢어졌습니다 https://x.com/yama__zzal/status/1906683544983990634/photo/1https://x.com/yama__zzal/status/1906683544983990634/photo/1https://x.com/yama__zzal/status/1906683544983990634/photo/1https://x.com/yama__zzal/status/1906683544983990634/photo/1,https://twitter.com/vershuca1/status/1907427232639013295
2529,20250402,트위터,"이게 여름, 여름방학이구나… 
좋아하는 야진우유를 
좋아하는 티친이 낋여주는데….
여름 땡볕사이 나무그늘 자전거 아이스크림 하드하나 
내가평생사랑할것에 넣고 끌어안아… 

 ???? ?? ? ??",https://twitter.com/tobang7200/status/1907426403202814217
2530,20250402,트위터,RT @yama__zzal: 자전거 타다가 길에서 바지가 찢어졌습니다 https://x.com/yama__zzal/status/1906683544983990634/photo/1https://x.com/yama__zzal/status/1906683544983990634/photo/1https://x.com/yama__zzal/status/1906683544983990634/photo/1https://x.com/yama__zzal/status/1906683544983990634/photo/1,https://twitter.com/dingcho12/status/1907425391293440296
2531,20250402,트위터,배랑 허리가 아픈데 이게 pms인지... 아님 저녁에 기름진거 먹고 속불편함+ 가방메고 자전거타서 허리아픔인지 모르겠어....제길... 생리 주기는 요즘 지멋대로라 걍..뭐..,https://twitter.com/painiaras/status/1907424480387105026
2532,20250402,트위터,"Day8(25.04.02)
달리는버니즈3
6.03k입덕run?????♀?

안녕 NJZ??
마음이 침잠하거나 크게 요동칠 때는 좀 움직여주는 게 도움돼 가만히 있으면 너무 그 상태에 매몰되는데 움직이면 벗어날 수 있어
그리 춥지 않으니 산책도 좋고 자전거도 좋을거야
스스로를 잘 돌보고 있길 바라 평안한 밤 보내 잘자?? https://x.com/RunforNJZ/status/1907423773646786644/photo/1https://x.com/RunforNJZ/status/1907423773646786644/photo/1",https://twitter.com/RunforNJZ/status/1907423773646786644
2533,20250402,트위터,"오늘 꿈에 백현이 나옴
백현이가 자전거 같이 타자고 해서 내 자전거 빌려줬는데 한 자리 밖에 없다고 나 그냥 두고 자전거 타고 걍 가버림 ㅋㅎ",https://twitter.com/hyejinee20/status/1907423325665808755
2534,20250402,트위터,"RT @NAMSANG_MUSIC: 아나키스트 폴라 교환

저 : 박준형 무혁 ( 자전거에 앉아 있는데 배경은 잘 안 보임 … / 초반옷 / 살짝미소 )
김지온 자경 + 문태유 덕형
( 같이 총 보는 중 / 무혁이 벌떡 일어나기 전 모습 )

?? :…",https://twitter.com/tamgusanghwal/status/1907420396833706337
2535,20250402,트위터,홋덕형 무혁이 자전거에 행커치프 묶어줄 때 자경이 바라보는데 그 눈이 너무 따뜻하잖아 ㅠ ㅠㅠㅠㅜ,https://twitter.com/luvqual/status/1907418742352662937
2536,20250402,트위터,조만간 자전거 핸들 그립이랑 타이어는 로드나 마운틴 용으로 바꿔야할거 같어. 비포장 도로같은 길로 너무 많이 달렸어 요새,https://twitter.com/Vano_Casa/status/1907418382401777761
2537,20250402,트위터,"RT @so_geum_00: 교통법규지키자는 취지의 프로그램나가서
내 자전거 니 오토바이보다 빠름 지옥ㄱㄱ
하는 노래 부르는 딸케 어떤데 https://x.com/so_geum_00/status/1907040684533776407/video/1https://x.com/so_geum_00/status/1907040684533776407/video/1",https://twitter.com/mung_luv/status/1907414638020763664
2538,20250402,트위터,"‘2025년 부천시민 자전거학교’ 개강… 9월 26일까지 운영ㅡ 자전거 입문부터 주행기술까지 3단계 맞춤 교육 실시 http://thebucheon.com/article/article_view.php?num=150239&acd=69&bcd=172

#더부천 #thebucheon",https://twitter.com/thebucheoncom1/status/1907413205607129532
2539,20250402,트위터,"‘2025년 부천시민 자전거학교’ 개강… 9월 26일까지 운영ㅡ 자전거 입문부터 주행기술까지 3단계 맞춤 교육 실시 http://thebucheon.com/article/article_view.php?num=150239&acd=69&bcd=172

#더부천 #thebucheon",https://twitter.com/thebucheoncom/status/1907413159155290476
2540,20250402,트위터,"‘2025년 부천시민 자전거학교’ 개강… 9월 26일까지 운영ㅡ 자전거 입문부터 주행기술까지 3단계 맞춤 교육 실시 http://thebucheon.com/article/article_view.php?num=150239&acd=69&bcd=172

#더부천 #thebucheon",https://twitter.com/bucheon_in/status/1907413110324888025
2541,20250402,트위터,"그리고 믽졍이랑 새벽 바람 맞으면서 자전거 타는 거 좀 좋아서 일부러 자전거 배우려고 하지도 않아. 무슨 청춘 드라마 속 주인공 커플이 된 것 같고 그래서. 

아직은 조금 어두워서 후레쉬 키고 천천히 페달 밟겠지. 즤믽이 그 뒤에서 괜히 믽졍이 허리 더 꽉 안고 그래.",https://twitter.com/uing1987156/status/1907410597190263156
2542,20250402,트위터,"앞에서 쾌남 잠실트리오 청량 자전거 쾌속선 탔다가
갑자기 분위기 맏형고양이 섹시 맵시 보여주다가
다시 섭섭즈로 분위기 햇살가득 머금었다가
스너글 곰팅이 나와서 쾌남력 충전하는데

아직 후렴이 안나온다고. https://x.com/temchida/status/1907408738702467427/video/1https://x.com/temchida/status/1907408738702467427/video/1",https://twitter.com/temchida/status/1907408738702467427
2543,20250402,트위터,"우리 착실한 농부 김믽졍. 오늘도 열심히 아침부터 하우스에 잡초 뽑으러 가는 중. 믽졍의 하루는 새벽 5시부터 시작된다.

굳이 안 따라와도 된다고 말했는데 즤믽이 잠도 덜 깬 채로 눈도 제대로 못 뜨고 믽졍이 따라간다.믽졍이 자전거 올라타면 자연스럽게 그 뒤에 탐. 즤믽이는 자전거 못 타거든.",https://twitter.com/uing1987156/status/1907408629923221918
2544,20250402,트위터,"RT @breaktimeto: 헉 조용하게 사귀는 숑숕도 너무 좋을 것 같다 둘 사귀는거 주변사람들 전혀 몰랐는데 늦은 밤에 사람 적은 한강에서 엉찬이 한 손에는 붕어빵 봉투 들고 다른 한 손으론 형 손 꼭잡고 걷는 거
자전거타고 지나가던 동기한테…",https://twitter.com/Shy_cm/status/1907408438738686091
2545,20250402,트위터,너드숀 맨날 구닥다리 안경 끼고 다니는데 교실에서 안경 벗고 자는 모습을 리코(특:양키인데담배안피고자전거타고다니고길고양이밥주고다님)만 봐서 갑자기 어느 날에 골목길로 숀 끌고가더니 오마에안경벗어봐하고 그 뒤로 옆구리에 끼고댕김,https://twitter.com/skinn0vati0n/status/1907407826030399825
2546,20250402,트위터,@519luck ㅋㅋㅋㅋㅋㅋㅋㅋ 그래도 기여우니까요... 같이 나가서 동네 100바퀴만 돌고 와야겠어요 (자전거에 탑승하며),https://twitter.com/MintStar_V/status/1907405416935670149
2547,20250402,트위터,"RT @so_geum_00: 교통법규지키자는 취지의 프로그램나가서
내 자전거 니 오토바이보다 빠름 지옥ㄱㄱ
하는 노래 부르는 딸케 어떤데 https://x.com/so_geum_00/status/1907040684533776407/video/1https://x.com/so_geum_00/status/1907040684533776407/video/1",https://twitter.com/XOXDiZ_/status/1907405324069265897
2548,20250402,트위터,"RT @so_geum_00: 교통법규지키자는 취지의 프로그램나가서
내 자전거 니 오토바이보다 빠름 지옥ㄱㄱ
하는 노래 부르는 딸케 어떤데 https://x.com/so_geum_00/status/1907040684533776407/video/1https://x.com/so_geum_00/status/1907040684533776407/video/1",https://twitter.com/xdzlnz/status/1907404863115575357
2549,20250402,트위터,RT @5Ne_BAKA: 올때 자전거 타면서 눕혀버렸더니 대머리가 됐어요 https://x.com/5Ne_BAKA/status/1907373923358081318/photo/1https://x.com/5Ne_BAKA/status/1907373923358081318/photo/1,https://twitter.com/cypprskhsr_soo/status/1907400829235310660
2550,20250402,트위터,"푸푸한테는 애마인 로드 바이크(제트팩 대신) 있었으면 좋겠다...
섀옵은 오토바이 코믹스옵믄 스쿠터...
다른 프라임들은 촌스러운 바구니 달린 자전거 공용으로 같이 돌려쓸 듯

원오라 맨날 섀옵이나 코믹스옵 애마 탐내는데 학생이라 어림도 없음",https://twitter.com/K_TF_Account/status/1907400677997092991
2551,20250402,트위터,"RT @5migarden: 버스·지하철·자전거·쓰레기통까지 싹 다 치운다…4일 안국·광화문·여의도 진공화&lt;아주 뻘짓을 하는구나 그냥 두개만 치우자~이져명 먼저 치우고 윤석열이 치우면 되는데 버스, 지화철, 자전거,쓰레기통이 무슨 죄가 있다고~ htt…",https://twitter.com/climt79/status/1907396474104946885
2552,20250402,트위터,"39. 사이클 마헤시/수헬 바네르지

건설 노동자 마헤시는 첫 번째 코로나 봉쇄 기간 동안 혼자 자전거로 2,000km를 달려 집으로 돌아갔다.현재 그는 자신의 여정을 담은 영화에 출연 중이다. 하지만 촬영이 끝나고 그가 다시 일터로 돌아오자마자 드러나는 건 끝없는 순환에 갇힌 한 남자의 모습이다 https://x.com/iks2959/status/1907396045166026931/photo/1https://x.com/iks2959/status/1907396045166026931/photo/1https://x.com/iks2959/status/1907396045166026931/photo/1https://x.com/iks2959/status/1907396045166026931/photo/1",https://twitter.com/iks2959/status/1907396045166026931
2553,20250402,트위터,동생이 자전거 뒤에 누나 태우고 있음 https://x.com/G0ngGO/status/1907395960550101166/photo/1 https://twitter.com/G0ngGO/status/1907395830224765379https://x.com/G0ngGO/status/1907395960550101166/photo/1 https://t.co/jMGREUM2dz,https://twitter.com/G0ngGO/status/1907395960550101166
2554,20250402,트위터,지금 이게 자전거 강습인지 정신 수양인지 모르겠는 산도롱 회원 안선호,https://twitter.com/1ovetakesflight/status/1907394729513275496
2555,20250402,트위터,"운동 와씀~~
걷기 하고 싶었는데 사람 너무 많아서 자전거 하다가, 재미없어서 집 갈까 했는데 러닝 한 군데 비어있길래 잽싸게 차지함ㅋㅋ 근데 tv가 뭐가 안맞는지 채널이 그대로임ㅜㅜ",https://twitter.com/raddayss/status/1907391133078192635
2556,20250402,트위터,저 지금 성훈이가 운동하던 자전거 운동가구에 운동 중인데 아니 엉덩이가 너무 아파요 ㅠㅠㅠ,https://twitter.com/Elysion0217/status/1907390497813106802
2557,20250402,트위터,"RT @yuroo99: 봄나들이간 솔샇 보고싶다.(사귐)
자전거타고 한강공원 가기로 계획세운 둘..
자전거 대여하는데 그날따라 솖이 일진이 안좋은건지 타다가 체인빠져서 뭔가 잘못들어감..솔 내려서 어떻게 고치지 하고있는데
??괜찮아요?
하면서 샇 자전…",https://twitter.com/yujacha_1010/status/1907389798676926771
2558,20250402,트위터,"RT @pledis_17: [SVT Record] 민규의 미국 여행 Vlog l 자전거 여행?? l LA에서도 오운완??

▶? https://youtu.be/0LS-G_0CG6g

#SEVENTEEN #세븐틴
#SVTRecord #세븐틴레코드
#VLOG htt…",https://twitter.com/voggyue/status/1907389248006938938
2559,20250402,트위터,"RT @NAMSANG_MUSIC: 아나키스트 폴라 교환

저 : 박준형 무혁 ( 자전거에 앉아 있는데 배경은 잘 안 보임 … / 초반옷 / 살짝미소 )
김지온 자경 + 문태유 덕형
( 같이 총 보는 중 / 무혁이 벌떡 일어나기 전 모습 )

?? :…",https://twitter.com/write_281/status/1907388681222340705
2560,20250402,트위터,RT @yama__zzal: 자전거 타다가 길에서 바지가 찢어졌습니다 https://x.com/yama__zzal/status/1906683544983990634/photo/1https://x.com/yama__zzal/status/1906683544983990634/photo/1https://x.com/yama__zzal/status/1906683544983990634/photo/1https://x.com/yama__zzal/status/1906683544983990634/photo/1,https://twitter.com/R_Crawford216/status/1907388420147798381
2561,20250402,트위터,"RT @PAST_MG: 240402?[SVT Record] 민규의 미국 여행 Vlog l 자전거 여행?? l LA에서도 오운완??

#민규 #MINGYU #세븐틴 #SEVENTEEN #ミンギュ #珉奎 #金珉奎 https://x.com/PAST_MG/status/1907328339943321608/photo/1https://x.com/PAST_MG/status/1907328339943321608/photo/1",https://twitter.com/llilli1004/status/1907387782320001429
2562,20250402,트위터,?? 랜더스 1실점 당 1km 걷기 or 10분 실내자전거 타기,https://twitter.com/ssg_lass/status/1907387163391774804
2563,20250402,트위터,"RT @meonghaerin: 전기 자전거 번호판 장착 완료 ㅋㅋㅋㅋㅋㅋㅋ

#엔제이지_밥먹어 https://x.com/meonghaerin/status/1907334642514153902/photo/1https://x.com/meonghaerin/status/1907334642514153902/photo/1",https://twitter.com/chat_aom/status/1907386979165335710
2564,20250402,트위터,"RT @meonghaerin: 전기 자전거 번호판 장착 완료 ㅋㅋㅋㅋㅋㅋㅋ

#엔제이지_밥먹어 https://x.com/meonghaerin/status/1907334642514153902/photo/1https://x.com/meonghaerin/status/1907334642514153902/photo/1",https://twitter.com/sundaeruby13/status/1907386952791515184
2565,20250402,트위터,RT @yama__zzal: 자전거 타다가 길에서 바지가 찢어졌습니다 https://x.com/yama__zzal/status/1906683544983990634/photo/1https://x.com/yama__zzal/status/1906683544983990634/photo/1https://x.com/yama__zzal/status/1906683544983990634/photo/1https://x.com/yama__zzal/status/1906683544983990634/photo/1,https://twitter.com/michintwy/status/1907386862089711789
2566,20250402,트위터,RT @yama__zzal: 자전거 타다가 길에서 바지가 찢어졌습니다 https://x.com/yama__zzal/status/1906683544983990634/photo/1https://x.com/yama__zzal/status/1906683544983990634/photo/1https://x.com/yama__zzal/status/1906683544983990634/photo/1https://x.com/yama__zzal/status/1906683544983990634/photo/1,https://twitter.com/enzhd0705_g/status/1907386739033039154
2567,20250402,트위터,"RT @DMywaymy: 아나키스트 폴라 교환

저
최호승(양복, 담배갑) + 김지온(양복에 코트) 어깨동무

구함
홍기범 (안경썼거나 자전거로 개인, 페어 상관×)

맘찍고 뎀 주세요 :)",https://twitter.com/luciferul/status/1907386677045465486
2568,20250402,트위터,"RT @yuroo99: 봄나들이간 솔샇 보고싶다.(사귐)
자전거타고 한강공원 가기로 계획세운 둘..
자전거 대여하는데 그날따라 솖이 일진이 안좋은건지 타다가 체인빠져서 뭔가 잘못들어감..솔 내려서 어떻게 고치지 하고있는데
??괜찮아요?
하면서 샇 자전…",https://twitter.com/dreamwhale0913/status/1907386616047636567
2569,20250402,트위터,근데 2세는 처음보단 좀 적응하고 나름 재미있어서 백강혁한테 이제 놔달라고 할듯 백강혁은 이거 놓으면 백퍼 넘어진다 이 생각으로 자전거 절대 안놔주실듯 벌써 다정해..,https://twitter.com/Bxxnon/status/1907386608460145150
2570,20250402,트위터,공원에서 두발 자전거 타기 전부터 뒤에 손 놓으면 안된다고 신신당부 해놓는 2세가 귀여워서 백강혁은 알겠다며 꼬옥 잡고 계실듯 근데 타다보니까 2세가 힘은 있는데 페달 구르는게 미숙해서 백강혁이 더 안절부절할듯,https://twitter.com/Bxxnon/status/1907386605566103920
2571,20250402,트위터,"2세가 평소에 뭐 하고 싶다고 찡얼거리는 애도 아니다 보니까 백강혁이랑 양재원은 2세가 자기 원하는거 말했다는 거에 좀 감동 받을 듯 2세가 그렇게나 하고 싶다는데 어떻게 말리겠어 처음 타보는 자전거이기도 하고 걱정은 되니까 헬멧, 손목 보호대, 무릎 보호대까지 꼼꼼하게 확인하실 듯",https://twitter.com/Bxxnon/status/1907386602688512420
2572,20250402,트위터,"아나키스트 폴라 교환

저
최호승(양복, 담배갑) + 김지온(양복에 코트) 어깨동무

구함
홍기범 (안경썼거나 자전거로 개인, 페어 상관×)

맘찍고 뎀 주세요 :)",https://twitter.com/DMywaymy/status/1907386479976075702
2573,20250402,트위터,"RT @meonghaerin: 전기 자전거 번호판 장착 완료 ㅋㅋㅋㅋㅋㅋㅋ

#엔제이지_밥먹어 https://x.com/meonghaerin/status/1907334642514153902/photo/1https://x.com/meonghaerin/status/1907334642514153902/photo/1",https://twitter.com/ejXcmfwg9Kioant/status/1907386109019255285
2574,20250402,트위터,RT @yama__zzal: 자전거 타다가 길에서 바지가 찢어졌습니다 https://x.com/yama__zzal/status/1906683544983990634/photo/1https://x.com/yama__zzal/status/1906683544983990634/photo/1https://x.com/yama__zzal/status/1906683544983990634/photo/1https://x.com/yama__zzal/status/1906683544983990634/photo/1,https://twitter.com/_like_potatoes/status/1907386042862465392
2575,20250402,트위터,"RT @ping_o_o: 아나키스트 폴라 교환
?
저:
최호승 + 홍기범 (양복, 둘 다 안경)
문태유 + 강유찬 (양복, 자전거)
이진혁 + 홍기범 (초반옷)
?
??:
김지온 + 홍기범
?
n:1 가능합니당
맘찍 후 디엠주세용??????? ?…",https://twitter.com/dooley6991/status/1907381591489622183
2576,20250402,트위터,"RT @ping_o_o: 아나키스트 폴라 교환
?
저:
최호승 + 홍기범 (양복, 둘 다 안경)
문태유 + 강유찬 (양복, 자전거)
이진혁 + 홍기범 (초반옷)
?
??:
김지온 + 홍기범
?
n:1 가능합니당
맘찍 후 디엠주세용??????? ?…",https://twitter.com/dan083019711/status/1907381327739118066
2577,20250402,트위터,"RT @ping_o_o: 아나키스트 폴라 교환
?
저:
최호승 + 홍기범 (양복, 둘 다 안경)
문태유 + 강유찬 (양복, 자전거)
이진혁 + 홍기범 (초반옷)
?
??:
김지온 + 홍기범
?
n:1 가능합니당
맘찍 후 디엠주세용??????? ?…",https://twitter.com/______s_mile/status/1907381306578882682
2578,20250402,트위터,"아나키스트 폴라 교환
?
저:
최호승 + 홍기범 (양복, 둘 다 안경)
문태유 + 강유찬 (양복, 자전거)
이진혁 + 홍기범 (초반옷)
?
??:
김지온 + 홍기범
?
n:1 가능합니당
맘찍 후 디엠주세용??????? ????????",https://twitter.com/ping_o_o/status/1907380727068729569
2579,20250402,트위터,"RT @NAMSANG_MUSIC: 아나키스트 폴라 교환

저 : 박준형 무혁 ( 자전거에 앉아 있는데 배경은 잘 안 보임 … / 초반옷 / 살짝미소 )
김지온 자경 + 문태유 덕형
( 같이 총 보는 중 / 무혁이 벌떡 일어나기 전 모습 )

?? :…",https://twitter.com/Byul63/status/1907378141133418917
2580,20250402,트위터,"RT @uahan2: 메가박스 4월 단독 라인업

? 기동전사 건담 지쿠악스 비기닝 - 4월 2일
? 택시 드라이버 - 4월 9일
? 아키라 - 4월 9일 (돌비 시네마)
? 자전거 탄 소년 - 4월 16일
? 극장판 BanG Dream! It's…",https://twitter.com/m83vod/status/1907377888338563487
2581,20250402,트위터,"아나키스트 폴라 교환

저 : 박준형 무혁 ( 자전거에 앉아 있는데 배경은 잘 안 보임 … / 초반옷 / 살짝미소 )
김지온 자경 + 문태유 덕형
( 같이 총 보는 중 / 무혁이 벌떡 일어나기 전 모습 )

?? : 김지온 자경 단독폴라

사진 교환 후 교환하고 싶어요
사진에 따라 2:1 가능
맘찍후 디엠 주세요¨?",https://twitter.com/NAMSANG_MUSIC/status/1907377854809268342
2582,20250402,트위터,RT @yama__zzal: 자전거 타다가 길에서 바지가 찢어졌습니다 https://x.com/yama__zzal/status/1906683544983990634/photo/1https://x.com/yama__zzal/status/1906683544983990634/photo/1https://x.com/yama__zzal/status/1906683544983990634/photo/1https://x.com/yama__zzal/status/1906683544983990634/photo/1,https://twitter.com/Obxvbyrdbnjn/status/1907377342802219428
2583,20250402,트위터,RT @sik0517: 우리같이 자전거를 타는거야?? https://x.com/sik0517/status/1907331826605285841/photo/1https://x.com/sik0517/status/1907331826605285841/photo/1,https://twitter.com/bcnbcnbcn/status/1907377143991930938
2584,20250402,트위터,그러니까 난 자전거에 들이받히고 주말에 병원 오가느라 증발하고 팩스 하나 보내느라 1시간 넘게 다른 지역 오가고 역 놓치고 이제는 하다하다 카드 잃어버려서 집 가다가 유턴하고 카드 찾으러 가는 길에 이어폰 한짝 까지 잃어버린 이 모든 것이 1주일 안에 다 일어났다는 것이 믿기지 않는 것 같아,https://twitter.com/art_notebook/status/1907374980788367770
2585,20250402,트위터,"마지막에 등장하며 뒤에서 애들 도와주던 성격과 역할을 나타내는것같아서 좋고 신경안쓰고있었는데 공주파티때 사파이어가 각본팀에서 애들 짝맞추느라 골드 데려다준다고 한줄알았더니 이미 op에서 오르막길에 자전거 탄 상태로 골드 끌어주고 있었음 빈 자전거도 아니고 
너네ㅋ그런거면 말을하지??",https://twitter.com/you_jun_rin/status/1907374119987089871
2586,20250402,트위터,"2. 외부에 나가기로 결정했을 때 생존물품

- 라이프스트로
- 비상식량
- 은박 비상 텐트
- 형광 스틱
- 멀티나이프, 스위스 아미나이프, 다용도 로프, 네임펜
- (자전거 이동고려)고글, 방한 장갑
- 알루미늄 일회용 용기
- 여분안경
- 가족사진(코팅)",https://twitter.com/atomicBTC/status/1907373998557839650
2587,20250402,트위터,올때 자전거 타면서 눕혀버렸더니 대머리가 됐어요 https://x.com/5Ne_BAKA/status/1907373923358081318/photo/1https://x.com/5Ne_BAKA/status/1907373923358081318/photo/1,https://twitter.com/5Ne_BAKA/status/1907373923358081318
2588,20250402,트위터,"조금씩이라도 계속해서 저녁운동 50분 채운다^^누가 이기는지 두고보자^^
일단 15분 완료...숨 좀 고르고 5분뒤에 다시 실내자전거에 올라간다! 아캔두잇ㅋㅋ",https://twitter.com/ver911224/status/1907372645928296705
2589,20250402,트위터,"@nutpineofhorror 아 그리고 자도 안 나가는 이유 생각났다
분명 2주 전부터 대회 있어서 통제한다고 플래카드 붙여놨을텐데 꼭 대회때 자원봉사자(아무 권한 없음)한테 욕하고 화내는 자전거 탄 아저씨들
너무 무섭고 그런 모습 보고 싶지가 않음",https://twitter.com/maratangner/status/1907372126279262572
2590,20250402,트위터,횡단보도 자전거 탄채로 건너가는 사람만보면 인성이 파탄나서 발로차서 자빠트리고싶음,https://twitter.com/youcanTPL/status/1907371909173637260
2591,20250402,트위터,"RT @seeking_plum: 요즘 거의 매일 광장에 나가고 있다. 행진까지 안가더라도 동지들에게 얼굴을 보이고 구호라도 한 두마디 더 외치며 투쟁으로 인사한다. 왜냐고? 그게 내 의무니까.
나
(티베트 깃발하기 전엔 천안문 자전거 아저씨의 말을…",https://twitter.com/garage_2803/status/1907371350035185880
2592,20250402,트위터,RT @NnGgSsWw: 런쥔이 생일선물을 사려고 7시40분에 나와서 미친듯이 밟았을 걸 생각하면 걍 미치겟는거야 19분만에 압갤에 도착한 자전거 듀오 ㅅㅂ https://x.com/NnGgSsWw/status/1906703009196945769/video/1https://x.com/NnGgSsWw/status/1906703009196945769/video/1,https://twitter.com/snowjj00/status/1907371256229614019
2593,20250402,트위터,"RT @blackbam_bam: 아나키스트 폴라 교환 

저 : 강유찬 무혁 (카컨, 수트풀착, 자전거, 브이, 귀여움) 

?? : 최호승 덕형(개인 or 페어폴라 무관) 

흔적 후 디엠주세요!(교환 일정 교환자분과 상의 예정)",https://twitter.com/dorong7410/status/1907369202178232431
2594,20250402,트위터,RT @NnGgSsWw: 런쥔이 생일선물을 사려고 7시40분에 나와서 미친듯이 밟았을 걸 생각하면 걍 미치겟는거야 19분만에 압갤에 도착한 자전거 듀오 ㅅㅂ https://x.com/NnGgSsWw/status/1906703009196945769/video/1https://x.com/NnGgSsWw/status/1906703009196945769/video/1,https://twitter.com/37_5hwodjjs/status/1907369013144846422
2595,20250402,트위터,"내가 가끔 또라이짓을 한번씩 하거든요?
그것도 계획적, 충동적 섞여서(예시: 대전 청주 110km 자전거, 새벽에 서울 올라가서 술 마시기 밤샘 등...)
이번에 하고 싶은 미친짓이 자전거를 드래곤볼 해서 만들고 싶다는 생각이...
대충 준비하고 조립해야하는게 프레임 스템 핸들바 바테잎 휠셋 타이어 안장 기어 등등...
이건 좀 에반가",https://twitter.com/mask0101012/status/1907368176461197457
2596,20250402,트위터,"또 : 저딴 사람 차별하는덴 안가도 돼. 더러워서, 퉤!
찬 : 맞아요 자전거가 무슨 잘못이 있다고. 더러워서, 퉤!
온 : 어차피 큰일 하려면.. 너 자꾸 이상한거 배우지마!!??

ヲヲヲヲヲ 결국 참다못한 온자경이 한소리 했는데 선언문 쓸 때 찬무혁이 온자경 놀래키니까

온 : ..하 결국 닮아버렸어?????♀?",https://twitter.com/ka_i_mgyul/status/1907368132081246418
2597,20250402,트위터,"@justsang_1 한국고전st 읽고 싶어가지고,
두 권 다 한국문학 전집에서 택했어요!

그 자전거 도둑으로 유명하신 김소진 작가님 &lt;열린 사회와 그 적들&gt; 택했고요. (최근에 생각하고 싶은 주제랑 연결되어있음. 지식과 현실 사이의 괴리…)
한권은 언금할게요…",https://twitter.com/sscioo/status/1907367998224281833
2598,20250402,트위터,"RT @blackbam_bam: 아나키스트 폴라 교환 

저 : 강유찬 무혁 (카컨, 수트풀착, 자전거, 브이, 귀여움) 

?? : 최호승 덕형(개인 or 페어폴라 무관) 

흔적 후 디엠주세요!(교환 일정 교환자분과 상의 예정)",https://twitter.com/with_Jhlovehs/status/1907365857694790029
2599,20250402,트위터,"근데 오랜만에 자전거 탔는데
허벅지 터질 것 같음 ㅋ ㅋ ㅋㅋㅋ 젠자앙",https://twitter.com/_Ki_Ri/status/1907365436414640200
2600,20250402,트위터,내 휴지한케는 존나 미안하지만 휴지 자전거 사건 이후로 나도 자전거를 못타고있다 우리집에 ㅈ썩어가는 자전거 이를 어쩌면 조으냐,https://twitter.com/_iamgomi/status/1907365351173882271
2601,20250402,트위터,"RT @welcomesoo0216: 날씨가 너무 좋아 이런날이면 작은 얼굴을 애워싸는 큰 모자 하나 눌러 쓰고 등산도 가고 자전거도 타고 해야 하는데 아직은 모든게 많이 춥다 그치?
지금은 너무 많이 추우니까 귀마개 목도리 장갑 롱패딩으로 너부터 꽁…",https://twitter.com/jk9cider/status/1907364503714726313
2602,20250402,트위터,RT @NnGgSsWw: 런쥔이 생일선물을 사려고 7시40분에 나와서 미친듯이 밟았을 걸 생각하면 걍 미치겟는거야 19분만에 압갤에 도착한 자전거 듀오 ㅅㅂ https://x.com/NnGgSsWw/status/1906703009196945769/video/1https://x.com/NnGgSsWw/status/1906703009196945769/video/1,https://twitter.com/runranrunren/status/1907363428592734253
2603,20250402,트위터,RT @NnGgSsWw: 런쥔이 생일선물을 사려고 7시40분에 나와서 미친듯이 밟았을 걸 생각하면 걍 미치겟는거야 19분만에 압갤에 도착한 자전거 듀오 ㅅㅂ https://x.com/NnGgSsWw/status/1906703009196945769/video/1https://x.com/NnGgSsWw/status/1906703009196945769/video/1,https://twitter.com/Bogom0606_/status/1907363320514134460
2604,20250402,트위터,"RT @_NoLee: 1. 백화점 영업 시간 8시까지
2. 재민 제노 7시 40분에 자전거 타고 출발
3. 7시 59분에 매장 도착?
4. 매장에서 런쥔이 생일 선물로 가방 구매
5. 가방을 든 채로 자전거로 달려서 도착?
6. 런쥔이한테 배달

ㅎ…",https://twitter.com/no_without_us/status/1907363053257331076
2605,20250402,트위터,RT @NnGgSsWw: 런쥔이 생일선물을 사려고 7시40분에 나와서 미친듯이 밟았을 걸 생각하면 걍 미치겟는거야 19분만에 압갤에 도착한 자전거 듀오 ㅅㅂ https://x.com/NnGgSsWw/status/1906703009196945769/video/1https://x.com/NnGgSsWw/status/1906703009196945769/video/1,https://twitter.com/iluvm_k/status/1907362733408084051
2606,20250402,트위터,RT @yama__zzal: 자전거 타다가 길에서 바지가 찢어졌습니다 https://x.com/yama__zzal/status/1906683544983990634/photo/1https://x.com/yama__zzal/status/1906683544983990634/photo/1https://x.com/yama__zzal/status/1906683544983990634/photo/1https://x.com/yama__zzal/status/1906683544983990634/photo/1,https://twitter.com/pyunpeun/status/1907354763269972284
2607,20250402,트위터,RT @yama__zzal: 자전거 타다가 길에서 바지가 찢어졌습니다 https://x.com/yama__zzal/status/1906683544983990634/photo/1https://x.com/yama__zzal/status/1906683544983990634/photo/1https://x.com/yama__zzal/status/1906683544983990634/photo/1https://x.com/yama__zzal/status/1906683544983990634/photo/1,https://twitter.com/Korea_pigeon/status/1907354707971944931
2608,20250402,트위터,"@geumcheong9000 오면 자전거나 킥보드를 타고 이동다녀야해!!
원한다면 왕복 한시간 등산도 낋여드립니다???

아 근데 여름이 다가오네…? 
여름은 무조건 실내코스야
만화카페나 아이스링크장 가쟈",https://twitter.com/kimkim_246/status/1907354628053975177
2609,20250402,트위터,나도 평일에 카페가서 책도 읽고 영화도 보고 옷구경도 하고 소품샵도 가고 산책도 하고 자전거도 타고싶은데 퇴근하면 밤이잖아 시발,https://twitter.com/cutegingg/status/1907353980449202582
2610,20250402,트위터,"RT @5migarden: 버스·지하철·자전거·쓰레기통까지 싹 다 치운다…4일 안국·광화문·여의도 진공화&lt;아주 뻘짓을 하는구나 그냥 두개만 치우자~이져명 먼저 치우고 윤석열이 치우면 되는데 버스, 지화철, 자전거,쓰레기통이 무슨 죄가 있다고~ htt…",https://twitter.com/bFvU93zIPPE7HBH/status/1907353827910857082
2611,20250402,트위터,"@penen1234
이중체인 자전거 들어본 적 있냐?
https://youtu.be/NnSWDKfT7FQ",https://twitter.com/nonomiya_inari/status/1907353786815013111
2612,20250402,트위터,"RT @meonghaerin: 전기 자전거 번호판 장착 완료 ㅋㅋㅋㅋㅋㅋㅋ

#엔제이지_밥먹어 https://x.com/meonghaerin/status/1907334642514153902/photo/1https://x.com/meonghaerin/status/1907334642514153902/photo/1",https://twitter.com/BeastSRP/status/1907353056511226095
2613,20250402,트위터,RT @yama__zzal: 자전거 타다가 길에서 바지가 찢어졌습니다 https://x.com/yama__zzal/status/1906683544983990634/photo/1https://x.com/yama__zzal/status/1906683544983990634/photo/1https://x.com/yama__zzal/status/1906683544983990634/photo/1https://x.com/yama__zzal/status/1906683544983990634/photo/1,https://twitter.com/In_colouragain/status/1907353010742972533
2614,20250402,트위터,"RT @meonghaerin: 전기 자전거 번호판 장착 완료 ㅋㅋㅋㅋㅋㅋㅋ

#엔제이지_밥먹어 https://x.com/meonghaerin/status/1907334642514153902/photo/1https://x.com/meonghaerin/status/1907334642514153902/photo/1",https://twitter.com/o7Ib4i8GZ0X1URx/status/1907352828542333053
2615,20250402,트위터,"@nom_paeng_i 님
저
미안요
ㅋ
자전거탈게스밬 
무리야...",https://twitter.com/zlzonekrhk/status/1907352430565839265
2616,20250402,트위터,"RT @_NoLee: 1. 백화점 영업 시간 8시까지
2. 재민 제노 7시 40분에 자전거 타고 출발
3. 7시 59분에 매장 도착?
4. 매장에서 런쥔이 생일 선물로 가방 구매
5. 가방을 든 채로 자전거로 달려서 도착?
6. 런쥔이한테 배달

ㅎ…",https://twitter.com/kpltgs7610/status/1907352073282392189
2617,20250402,트위터,"추카해
1점차로 이겨서 다행이다
누구처럼 자전거탄날 안지구 https://x.com/itsmylgtwins/status/1907347380502225227/photo/1https://x.com/itsmylgtwins/status/1907347380502225227/photo/1",https://twitter.com/itsmylgtwins/status/1907347380502225227
2618,20250402,트위터,RT @yama__zzal: 자전거 타다가 길에서 바지가 찢어졌습니다 https://x.com/yama__zzal/status/1906683544983990634/photo/1https://x.com/yama__zzal/status/1906683544983990634/photo/1https://x.com/yama__zzal/status/1906683544983990634/photo/1https://x.com/yama__zzal/status/1906683544983990634/photo/1,https://twitter.com/luinoth/status/1907345904417505695
2619,20250402,트위터,"RT @_NoLee: 1. 백화점 영업 시간 8시까지
2. 재민 제노 7시 40분에 자전거 타고 출발
3. 7시 59분에 매장 도착?
4. 매장에서 런쥔이 생일 선물로 가방 구매
5. 가방을 든 채로 자전거로 달려서 도착?
6. 런쥔이한테 배달

ㅎ…",https://twitter.com/_seolly/status/1907345286848225658
2620,20250402,트위터,"RT @BCofML: 같은 팀이었던 신주영 선수 영상도 올려봅니다..
처음 봤을 때는 얼굴 정말 작으신데 몸은 엄청 거대하셔서 놀랐는데
최대한 구부려도 페달이 잘 안 돌아갈 정도로 작은 자전거 타시는 모습이 너무 황당햇어요ㅜㅜ https://t.co…",https://twitter.com/geureung7/status/1907344413929721863
2621,20250402,트위터,RT @NnGgSsWw: 런쥔이 생일선물을 사려고 7시40분에 나와서 미친듯이 밟았을 걸 생각하면 걍 미치겟는거야 19분만에 압갤에 도착한 자전거 듀오 ㅅㅂ https://x.com/NnGgSsWw/status/1906703009196945769/video/1https://x.com/NnGgSsWw/status/1906703009196945769/video/1,https://twitter.com/ouing_ddoing/status/1907339381503132046
2622,20250402,트위터,"전기 자전거 번호판 장착 완료 ㅋㅋㅋㅋㅋㅋㅋ

#엔제이지_밥먹어 https://x.com/meonghaerin/status/1907334642514153902/photo/1https://x.com/meonghaerin/status/1907334642514153902/photo/1",https://twitter.com/meonghaerin/status/1907334642514153902
2623,20250402,트위터,"RT @so_geum_00: 교통법규지키자는 취지의 프로그램나가서
내 자전거 니 오토바이보다 빠름 지옥ㄱㄱ
하는 노래 부르는 딸케 어떤데 https://x.com/so_geum_00/status/1907040684533776407/video/1https://x.com/so_geum_00/status/1907040684533776407/video/1",https://twitter.com/han28731/status/1907333130450866265
2624,20250402,트위터,우리같이 자전거를 타는거야?? https://x.com/sik0517/status/1907331826605285841/photo/1https://x.com/sik0517/status/1907331826605285841/photo/1,https://twitter.com/sik0517/status/1907331826605285841
2625,20250402,트위터,"RT @dldnt_sd_D14: 탱댐 호댐 연성중에 젤 기억에 남는 게
원온원으로 파김치 된 정대만이랑 같이 집 가려던 서태웅 자전거 끌고 왔는데 이 둘 앞에 바이크 멈추더니 자기가 정대만 태워다주겠다 말하는 호열이  
근데 어떤분이 쓰셨는지 찾지…",https://twitter.com/tora3141014/status/1907331827561583046
2626,20250402,트위터,RT @yama__zzal: 자전거 타다가 길에서 바지가 찢어졌습니다 https://x.com/yama__zzal/status/1906683544983990634/photo/1https://x.com/yama__zzal/status/1906683544983990634/photo/1https://x.com/yama__zzal/status/1906683544983990634/photo/1https://x.com/yama__zzal/status/1906683544983990634/photo/1,https://twitter.com/012rmfjfrp/status/1907331265252200745
2627,20250402,트위터,RT @yama__zzal: 자전거 타다가 길에서 바지가 찢어졌습니다 https://x.com/yama__zzal/status/1906683544983990634/photo/1https://x.com/yama__zzal/status/1906683544983990634/photo/1https://x.com/yama__zzal/status/1906683544983990634/photo/1https://x.com/yama__zzal/status/1906683544983990634/photo/1,https://twitter.com/Jansu0121/status/1907331242980249616
2628,20250402,트위터,"RT @uahan2: 메가박스 4월 단독 라인업

? 기동전사 건담 지쿠악스 비기닝 - 4월 2일
? 택시 드라이버 - 4월 9일
? 아키라 - 4월 9일 (돌비 시네마)
? 자전거 탄 소년 - 4월 16일
? 극장판 BanG Dream! It's…",https://twitter.com/tree_0000/status/1907330949811245084
2629,20250402,트위터,"아니 시발 집 가는데 어떤 자전거 타신 할아버지가 시간 물어보셔서
-지금 몇시에요?
나. 3시 70분이요
-:?
57분인데 긴장해서 저케 말함 개쪽이다",https://twitter.com/wkgo_1003/status/1907330886045176111
2630,20250402,트위터,"그보다 중요한 것은 자전거와 일심동체가 되어, 신체의 확장처럼 다루는 것입니다.",https://twitter.com/inleminati/status/1907330845532467292
2631,20250402,트위터,"지브리의 작법은 ‘체득’이라는 키워드로 설명할 수 있습니다.
자전거를 떠올려 봅시다. 자전거를 타는 동안 우리는 자전거가 앞으로 나아가는 원리를 생각하지 않습니다.
시속 몇 km/h 이하로 내려가면 앞으로 나아가지 못하고 쓰러지게 되는지를 고민하며 자전거를 타는 사람은 드뭅니다.",https://twitter.com/inleminati/status/1907330842738786352
2632,20250402,트위터,RT @yama__zzal: 자전거 타다가 길에서 바지가 찢어졌습니다 https://x.com/yama__zzal/status/1906683544983990634/photo/1https://x.com/yama__zzal/status/1906683544983990634/photo/1https://x.com/yama__zzal/status/1906683544983990634/photo/1https://x.com/yama__zzal/status/1906683544983990634/photo/1,https://twitter.com/KIMMYEONGDO92/status/1907330679320515050
2633,20250402,트위터,"근데 난 바퀴달린거 잘 못탔음
자전거도 탈때마다 감 리셋당함..",https://twitter.com/Ee_hkr/status/1907330332401320190
2634,20250402,트위터,여름방학 우유군. 땡볕사이사이 드리워진 나무그늘아래를 휙휙 넘나들며 학원 다녀온 담에 학원가방 자전거 손잡이에 걸고 친구랑 자전거라이딩 끼요옷 하고 돌아오면 드미아빠혹은 야진아빠가 더울텐데 아이스크림이라도 먹으라며 냉동실에서 하드 하나 꺼내주는,https://twitter.com/hereticmansion/status/1907330117657100749
2635,20250402,트위터,RT @yama__zzal: 자전거 타다가 길에서 바지가 찢어졌습니다 https://x.com/yama__zzal/status/1906683544983990634/photo/1https://x.com/yama__zzal/status/1906683544983990634/photo/1https://x.com/yama__zzal/status/1906683544983990634/photo/1https://x.com/yama__zzal/status/1906683544983990634/photo/1,https://twitter.com/minamijotaa/status/1907330015240564947
2636,20250402,트위터,"RT @_NoLee: 1. 백화점 영업 시간 8시까지
2. 재민 제노 7시 40분에 자전거 타고 출발
3. 7시 59분에 매장 도착?
4. 매장에서 런쥔이 생일 선물로 가방 구매
5. 가방을 든 채로 자전거로 달려서 도착?
6. 런쥔이한테 배달

ㅎ…",https://twitter.com/miya99051283/status/1907329944147161406
2637,20250402,트위터,RT @yama__zzal: 자전거 타다가 길에서 바지가 찢어졌습니다 https://x.com/yama__zzal/status/1906683544983990634/photo/1https://x.com/yama__zzal/status/1906683544983990634/photo/1https://x.com/yama__zzal/status/1906683544983990634/photo/1https://x.com/yama__zzal/status/1906683544983990634/photo/1,https://twitter.com/LOVE_01_SH/status/1907329457263882739
2638,20250402,트위터,@SUMMER_N1GHTS2 ㅋ ㅋㅋㅋㅋㅋ허걱. 아기가 자전거 탈 줄도 알아요 ?!?!?,https://twitter.com/Babam_cos/status/1907329371888873931
2639,20250402,트위터,RT @yama__zzal: 자전거 타다가 길에서 바지가 찢어졌습니다 https://x.com/yama__zzal/status/1906683544983990634/photo/1https://x.com/yama__zzal/status/1906683544983990634/photo/1https://x.com/yama__zzal/status/1906683544983990634/photo/1https://x.com/yama__zzal/status/1906683544983990634/photo/1,https://twitter.com/DoubleEightTen/status/1907329309444112881
2640,20250402,트위터,RT @yama__zzal: 자전거 타다가 길에서 바지가 찢어졌습니다 https://x.com/yama__zzal/status/1906683544983990634/photo/1https://x.com/yama__zzal/status/1906683544983990634/photo/1https://x.com/yama__zzal/status/1906683544983990634/photo/1https://x.com/yama__zzal/status/1906683544983990634/photo/1,https://twitter.com/chtsqui/status/1907329297335071075
2641,20250402,트위터,"RT @yuroo99: 봄나들이간 솔샇 보고싶다.(사귐)
자전거타고 한강공원 가기로 계획세운 둘..
자전거 대여하는데 그날따라 솖이 일진이 안좋은건지 타다가 체인빠져서 뭔가 잘못들어감..솔 내려서 어떻게 고치지 하고있는데
??괜찮아요?
하면서 샇 자전…",https://twitter.com/SESH_RT/status/1907329085761847425
2642,20250402,트위터,"RT @PAST_MG: 240402?[SVT Record] 민규의 미국 여행 Vlog l 자전거 여행?? l LA에서도 오운완??

#민규 #MINGYU #세븐틴 #SEVENTEEN #ミンギュ #珉奎 #金珉奎 https://x.com/PAST_MG/status/1907328339943321608/photo/1https://x.com/PAST_MG/status/1907328339943321608/photo/1",https://twitter.com/likeilyou0408/status/1907328834375942430
2643,20250402,트위터,"RT @Suzume_Twtcm: k패치
오토바이타고 등교하는 랙터보고 서민통 느낌
본인:자전거",https://twitter.com/saencommmmm/status/1907328799584510287
2644,20250402,트위터,"240402?[SVT Record] 민규의 미국 여행 Vlog l 자전거 여행?? l LA에서도 오운완??

#민규 #MINGYU #세븐틴 #SEVENTEEN #ミンギュ #珉奎 #金珉奎 https://x.com/PAST_MG/status/1907328339943321608/photo/1https://x.com/PAST_MG/status/1907328339943321608/photo/1",https://twitter.com/PAST_MG/status/1907328339943321608
2645,20250402,트위터,"RT @so_geum_00: 교통법규지키자는 취지의 프로그램나가서
내 자전거 니 오토바이보다 빠름 지옥ㄱㄱ
하는 노래 부르는 딸케 어떤데 https://x.com/so_geum_00/status/1907040684533776407/video/1https://x.com/so_geum_00/status/1907040684533776407/video/1",https://twitter.com/kepilkilogram/status/1907327650391281952
2646,20250402,트위터,"k패치
오토바이타고 등교하는 랙터보고 서민통 느낌
본인:자전거",https://twitter.com/Suzume_Twtcm/status/1907327187314962455
2647,20250402,트위터,"RT @blackbam_bam: 아나키스트 폴라 교환 

저 : 강유찬 무혁 (카컨, 수트풀착, 자전거, 브이, 귀여움) 

?? : 최호승 덕형(개인 or 페어폴라 무관) 

흔적 후 디엠주세요!(교환 일정 교환자분과 상의 예정)",https://twitter.com/kiki_sso/status/1907326917721931994
2648,20250402,트위터,"RT @so_geum_00: 교통법규지키자는 취지의 프로그램나가서
내 자전거 니 오토바이보다 빠름 지옥ㄱㄱ
하는 노래 부르는 딸케 어떤데 https://x.com/so_geum_00/status/1907040684533776407/video/1https://x.com/so_geum_00/status/1907040684533776407/video/1",https://twitter.com/hasugu211206/status/1907321345051886049
2649,20250402,트위터,갑자기 귀찮아짐 자전거 취소 그래도 난 기특해 앙,https://twitter.com/kenniecave/status/1907321042064089264
2650,20250402,트위터,"아나키스트 폴라 교환 

저 : 강유찬 무혁 (카컨, 수트풀착, 자전거, 브이, 귀여움) 

?? : 최호승 덕형(개인 or 페어폴라 무관) 

흔적 후 디엠주세요!(교환 일정 교환자분과 상의 예정)",https://twitter.com/blackbam_bam/status/1907319037492953340
2651,20250402,트위터,@stardiary1y6 한발자전거말인가요?,https://twitter.com/surfingxrough/status/1907318831724605881
2652,20250402,트위터,캠게 운탯 진짜 태니님 이런식으로 맨날 신입생 우나 끌고나가서 한강에서 자전거 타고 동묘에서 냉커피 때리면서 쇼핑하고 벚꽃보러가고 분좋카 가고 이럴거같음.. 우나는 친구들끼리는 밥 때리고 피방가는 게 일상이었슨데 어쩐지 친구들이 주말에 머했냐하면 어.. 벚꽃보고.. 한강에서 치킨 먹.. https://twitter.com/decalcomanieen/status/1907264511159267479,https://twitter.com/decalcomanieen/status/1907315934102216899
2653,20250402,트위터,울동네 트럭 진짜 많이 다녀서 차도에서 자전거 빠르게 타는거 목숨 내놓은거나 마찬가지인데 먼깡으로 저렇게 체계없이 생각없이 타는지 모르겠음 사람이랑 박으면 욕 먹고 병원비 물어내는 정도에서 끝나지만 저 속도로 트럭이랑 박으면 욕도 못 듣고 갈텐데,https://twitter.com/_wayofdeath/status/1907310962119737767
2654,20250402,트위터,@fisherman_wife @ment_1111 ㅠㅠ 예뻤는데...자전거 타고 가느라 모델명을 못 본 게 천추의한이네요,https://twitter.com/ChenmeChu/status/1907310614026072510
2655,20250402,트위터,예전에 자전거 (뒤에) 탔다가 내릴때 잘못내려서 ..... 양말이랑 신발이 갈려나간 기억이가..,https://twitter.com/goliangyi/status/1907305683625918838
2656,20250402,트위터,@lead_silence 자동차랑 자전거가······ 뭡니까? (눈 동그랗게 뜨고 끔뻑.),https://twitter.com/KnMrkz0/status/1907305028747923926
2657,20250402,트위터,"@KnMrkz0 이곳엔 산이 없는 걸로 알고 있는데 뭔가 신기하네... 어라.

(옆으로 오토바이 하나가 지나가면 화들짝 놀라 제 뒤로 숨는 모습에 놀란 듯 두 눈 깜빡이다 입을 열었다.)

저건 오토바이예요. 자동차나 자전거처럼 이동할 때 쓰는 거요.",https://twitter.com/lead_silence/status/1907304560756224284
2658,20250402,트위터,"RT @l_said_nothing: 스톡홀름은 조깅하는 사람, 
자전거 타는 사람이 굉장히 많다.
나는 걷는 사람이지만,
걷다가 쉬고, 쉬면서 걷고있는 사람으로,
새로운 것을 보는 사람으로 이 도시에 적응했다. ",https://twitter.com/Heathen49/status/1907303760935928261
2659,20250402,트위터,"RT @so_geum_00: 교통법규지키자는 취지의 프로그램나가서
내 자전거 니 오토바이보다 빠름 지옥ㄱㄱ
하는 노래 부르는 딸케 어떤데 https://x.com/so_geum_00/status/1907040684533776407/video/1https://x.com/so_geum_00/status/1907040684533776407/video/1",https://twitter.com/Daisi_Zero/status/1907301466089668886
2660,20250402,트위터,자전거 안타고출근해서지만. 여하튼 걸어서 돌아가는거 별 불만없는데 흥 깬걸로도 모자라서 .괜찮다거리는 사람한테 자기가 어디간다 태워다준다 저쩌고하는거보면. 한국사람들이 예의?상 한두번은 거절하는 그게 존나 문제인것같음. 아니면 아니다 기면 기다 말해도 곧이 그대로 안듣잖ㄴ아,https://twitter.com/darnim_/status/1907299646265012598
2661,20250402,트위터,RT @yama__zzal: 자전거 타다가 길에서 바지가 찢어졌습니다 https://x.com/yama__zzal/status/1906683544983990634/photo/1https://x.com/yama__zzal/status/1906683544983990634/photo/1https://x.com/yama__zzal/status/1906683544983990634/photo/1https://x.com/yama__zzal/status/1906683544983990634/photo/1,https://twitter.com/comm_polarnight/status/1907296590576189453
2662,20250402,트위터,자전거 타고 다니는 왕젖들 방지턱도 없는데 그냥 자전거 타고 다니기만 해도 존나 천박하게 출렁 출렁거리면서 젖탱이로 박수 존나 치면서 다니네 보면서 담배 존나 피다가 지지면서 왕젖에 낙인 찍어주기 침 뱉어주기ㅋㅋ,https://twitter.com/LeerLee375347/status/1907294180575162696
2663,20250402,트위터,"최민호 저렇게 말하면 내가 운동할 줄 아나본데

자전거 타러 갑니다 ,,",https://twitter.com/gommzuu/status/1907290779267252648
2664,20250402,트위터,"난 차도씹 자체를 올라갈 때마다 이거됨 
밑지방은 전통시장은 커녕 지역 오일장도 없어져가는디 서울은 동네마다 시장이 늘어져있대
인도랑 가로등이랑 자전거도로 뽑아다가 우리동네에 놓고싶음 https://twitter.com/hihi_nalack/status/1906910697784816125",https://twitter.com/bookstoremaste1/status/1907290648350253069
2665,20250402,트위터,"암보험90세만기
인레이치아보험
자동차보험한달
운전자보험자전거특약
자동차보험산출이벤트
수협운전자보험

https://ssagttugdrive.co.kr",https://twitter.com/orchardbitkorea/status/1907290441437135043
2666,20250402,트위터,"RT @dAseulgi0114: ????? 자전거 탄 풍경 - 너에게 난, 나에게 넌 ??
주연이 목소리가 해질녘 노을처럼 따숩고 아름답잖아ㅠㅠㅠㅠㅠㅠㅠ?? 

250330 블루드림미디어 영통 팬싸
#XdinaryHeroes #엑스디너리히어로즈 #엑디즈
#…",https://twitter.com/dazzling_hae/status/1907289143622910285
2667,20250402,트위터,RT @3rdDistKOpsUnit: 그래서 자전거탈땐 패달 안쪽 기어에 들어갈 뭔가가 있으면 안됨. 자전거 전용 바지 쫄쫄이까진 안입더라도 바지통이 헐렁하면 안되는 이유,https://twitter.com/suuorc_20250329/status/1907286835421917677
2668,20250402,트위터,RT @yama__zzal: 자전거 타다가 길에서 바지가 찢어졌습니다 https://x.com/yama__zzal/status/1906683544983990634/photo/1https://x.com/yama__zzal/status/1906683544983990634/photo/1https://x.com/yama__zzal/status/1906683544983990634/photo/1https://x.com/yama__zzal/status/1906683544983990634/photo/1,https://twitter.com/tongamee/status/1907286459473940963
2669,20250402,트위터,RT @manghaedda: 정정합니다 자전거는 원래 수동입니다,https://twitter.com/Yojung_fly/status/1907283911014764623
2670,20250402,트위터,RT @yama__zzal: 자전거 타다가 길에서 바지가 찢어졌습니다 https://x.com/yama__zzal/status/1906683544983990634/photo/1https://x.com/yama__zzal/status/1906683544983990634/photo/1https://x.com/yama__zzal/status/1906683544983990634/photo/1https://x.com/yama__zzal/status/1906683544983990634/photo/1,https://twitter.com/limp127/status/1907283276810834194
2671,20250402,트위터,RT @yama__zzal: 자전거 타다가 길에서 바지가 찢어졌습니다 https://x.com/yama__zzal/status/1906683544983990634/photo/1https://x.com/yama__zzal/status/1906683544983990634/photo/1https://x.com/yama__zzal/status/1906683544983990634/photo/1https://x.com/yama__zzal/status/1906683544983990634/photo/1,https://twitter.com/sajaefeel/status/1907283202835873922
2672,20250402,트위터,그래서 자전거탈땐 패달 안쪽 기어에 들어갈 뭔가가 있으면 안됨. 자전거 전용 바지 쫄쫄이까진 안입더라도 바지통이 헐렁하면 안되는 이유 https://twitter.com/yama__zzal/status/1906683544983990634,https://twitter.com/3rdDistKOpsUnit/status/1907282176351289622
2673,20250402,트위터,"봄나들이간 솔샇 보고싶다.(사귐)
자전거타고 한강공원 가기로 계획세운 둘..
자전거 대여하는데 그날따라 솖이 일진이 안좋은건지 타다가 체인빠져서 뭔가 잘못들어감..솔 내려서 어떻게 고치지 하고있는데
??괜찮아요?
하면서 샇 자전거한번 쓱 쳐다보더니 이리저리 만져서 수리해줌.
??고마워..",https://twitter.com/yuroo99/status/1907277009480466486
2674,20250402,트위터,"RT @coooooong1717: 역시 난 재관국 탈것에 도깨비가 깃들어있단 설정이 좋아... 아끼던 자전거나 봉고한테서 예쁨받는 재관국 요원들...
카센터 앞에서 푸쉬쉭 멈춰주는 봉고... 초자연 재난에 출동했다가 실종된 요원의 자전거가 어느날 혼…",https://twitter.com/daydream_cg/status/1907276006786060619
2675,20250402,트위터,RT @yama__zzal: 자전거 타다가 길에서 바지가 찢어졌습니다 https://x.com/yama__zzal/status/1906683544983990634/photo/1https://x.com/yama__zzal/status/1906683544983990634/photo/1https://x.com/yama__zzal/status/1906683544983990634/photo/1https://x.com/yama__zzal/status/1906683544983990634/photo/1,https://twitter.com/pppouoddd/status/1907275339824562636
2676,20250402,트위터,RT @go_3car: 자전거만 있으면 그냥 캠퍼스 잔잔한 커플됨 https://x.com/go_3car/status/1907271281252385246/photo/1https://x.com/go_3car/status/1907271281252385246/photo/1https://x.com/go_3car/status/1907271281252385246/photo/1https://x.com/go_3car/status/1907271281252385246/photo/1,https://twitter.com/misop0907/status/1907275132235854051
2677,20250402,트위터,RT @yama__zzal: 자전거 타다가 길에서 바지가 찢어졌습니다 https://x.com/yama__zzal/status/1906683544983990634/photo/1https://x.com/yama__zzal/status/1906683544983990634/photo/1https://x.com/yama__zzal/status/1906683544983990634/photo/1https://x.com/yama__zzal/status/1906683544983990634/photo/1,https://twitter.com/Yeah_me974/status/1907274995832963142
2678,20250402,트위터,RT @yama__zzal: 자전거 타다가 길에서 바지가 찢어졌습니다 https://x.com/yama__zzal/status/1906683544983990634/photo/1https://x.com/yama__zzal/status/1906683544983990634/photo/1https://x.com/yama__zzal/status/1906683544983990634/photo/1https://x.com/yama__zzal/status/1906683544983990634/photo/1,https://twitter.com/Tree__133__/status/1907273034630848580
2679,20250402,트위터,RT @yama__zzal: 자전거 타다가 길에서 바지가 찢어졌습니다 https://x.com/yama__zzal/status/1906683544983990634/photo/1https://x.com/yama__zzal/status/1906683544983990634/photo/1https://x.com/yama__zzal/status/1906683544983990634/photo/1https://x.com/yama__zzal/status/1906683544983990634/photo/1,https://twitter.com/SR_in_der_Sonne/status/1907272916003147947
2680,20250402,트위터,RT @yama__zzal: 자전거 타다가 길에서 바지가 찢어졌습니다 https://x.com/yama__zzal/status/1906683544983990634/photo/1https://x.com/yama__zzal/status/1906683544983990634/photo/1https://x.com/yama__zzal/status/1906683544983990634/photo/1https://x.com/yama__zzal/status/1906683544983990634/photo/1,https://twitter.com/stringzzang/status/1907272719923577119
2681,20250402,트위터,RT @yama__zzal: 자전거 타다가 길에서 바지가 찢어졌습니다 https://x.com/yama__zzal/status/1906683544983990634/photo/1https://x.com/yama__zzal/status/1906683544983990634/photo/1https://x.com/yama__zzal/status/1906683544983990634/photo/1https://x.com/yama__zzal/status/1906683544983990634/photo/1,https://twitter.com/jayo2dx/status/1907272648704635362
2682,20250402,트위터,RT @yama__zzal: 자전거 타다가 길에서 바지가 찢어졌습니다 https://x.com/yama__zzal/status/1906683544983990634/photo/1https://x.com/yama__zzal/status/1906683544983990634/photo/1https://x.com/yama__zzal/status/1906683544983990634/photo/1https://x.com/yama__zzal/status/1906683544983990634/photo/1,https://twitter.com/88_9394/status/1907272534292361615
2683,20250402,트위터,RT @yama__zzal: 자전거 타다가 길에서 바지가 찢어졌습니다 https://x.com/yama__zzal/status/1906683544983990634/photo/1https://x.com/yama__zzal/status/1906683544983990634/photo/1https://x.com/yama__zzal/status/1906683544983990634/photo/1https://x.com/yama__zzal/status/1906683544983990634/photo/1,https://twitter.com/GRM_MS/status/1907272161058037900
2684,20250402,트위터,RT @yama__zzal: 자전거 타다가 길에서 바지가 찢어졌습니다 https://x.com/yama__zzal/status/1906683544983990634/photo/1https://x.com/yama__zzal/status/1906683544983990634/photo/1https://x.com/yama__zzal/status/1906683544983990634/photo/1https://x.com/yama__zzal/status/1906683544983990634/photo/1,https://twitter.com/BeopHakhomoLim2/status/1907272104657211786
2685,20250402,트위터,RT @yama__zzal: 자전거 타다가 길에서 바지가 찢어졌습니다 https://x.com/yama__zzal/status/1906683544983990634/photo/1https://x.com/yama__zzal/status/1906683544983990634/photo/1https://x.com/yama__zzal/status/1906683544983990634/photo/1https://x.com/yama__zzal/status/1906683544983990634/photo/1,https://twitter.com/survive_please/status/1907271705246265746
2686,20250402,트위터,RT @yama__zzal: 자전거 타다가 길에서 바지가 찢어졌습니다 https://x.com/yama__zzal/status/1906683544983990634/photo/1https://x.com/yama__zzal/status/1906683544983990634/photo/1https://x.com/yama__zzal/status/1906683544983990634/photo/1https://x.com/yama__zzal/status/1906683544983990634/photo/1,https://twitter.com/roon__n/status/1907271552544161953
2687,20250402,트위터,RT @yama__zzal: 자전거 타다가 길에서 바지가 찢어졌습니다 https://x.com/yama__zzal/status/1906683544983990634/photo/1https://x.com/yama__zzal/status/1906683544983990634/photo/1https://x.com/yama__zzal/status/1906683544983990634/photo/1https://x.com/yama__zzal/status/1906683544983990634/photo/1,https://twitter.com/an_baa_/status/1907271314278437345
2688,20250402,트위터,RT @yama__zzal: 자전거 타다가 길에서 바지가 찢어졌습니다 https://x.com/yama__zzal/status/1906683544983990634/photo/1https://x.com/yama__zzal/status/1906683544983990634/photo/1https://x.com/yama__zzal/status/1906683544983990634/photo/1https://x.com/yama__zzal/status/1906683544983990634/photo/1,https://twitter.com/Punpun_808/status/1907271294632247680
2689,20250402,트위터,자전거만 있으면 그냥 캠퍼스 잔잔한 커플됨 https://x.com/go_3car/status/1907271281252385246/photo/1https://x.com/go_3car/status/1907271281252385246/photo/1https://x.com/go_3car/status/1907271281252385246/photo/1https://x.com/go_3car/status/1907271281252385246/photo/1,https://twitter.com/go_3car/status/1907271281252385246
2690,20250402,트위터,"RT @Myeyoon_n1110: 저 헬멧이 귀여워… ??
그냥 자전거 타는 김혜윤이 귀여워 .? .? .? https://x.com/Myeyoon_n1110/status/1877230716951441575/photo/1https://x.com/Myeyoon_n1110/status/1877230716951441575/photo/1https://x.com/Myeyoon_n1110/status/1877230716951441575/photo/1https://x.com/Myeyoon_n1110/status/1877230716951441575/photo/1",https://twitter.com/imsoliesol/status/1907271271873953848
2691,20250402,트위터,RT @yama__zzal: 자전거 타다가 길에서 바지가 찢어졌습니다 https://x.com/yama__zzal/status/1906683544983990634/photo/1https://x.com/yama__zzal/status/1906683544983990634/photo/1https://x.com/yama__zzal/status/1906683544983990634/photo/1https://x.com/yama__zzal/status/1906683544983990634/photo/1,https://twitter.com/nauyyy12/status/1907269688926851242
2692,20250402,트위터,"RT @baegopppppa: 대만 여름이 무서운 이유는 더위도 습기도 아닌 바선생..심할 땐 10보 1바선생임..그런 대만에서 1년을 버티기 위해 자전거를 탈 줄 몰랐던 난 자전거 독학을 했고 (바선생을 발로 밟고 싶지 않았고, 밤엔 바선생을 피하…",https://twitter.com/anyo719/status/1907267464775475580
2693,20250402,트위터,브레이크 안 되는 자전거는 타지 말기로해. 라고 말하지만 나라는 사람 또 타겠지. 그래도 파스 붙이니 좀 낫다,https://twitter.com/S2noreason/status/1907263540790182087
2694,20250402,트위터,"""어서 와!""
양팔 벌리고 맞이했대
ㅠㅠㅠㅠㅠㅠㅠㅠㅠㅠ 

그리고 내 안에 나라를 세워에서 어깨를 톡 했다는데
둘이 자전거탄 무혁이 바라볼 때 어깨 톡 닿았나보다 
남은 이를 바라보는 떠난 이를 왜 이리 잘해 # 풍운코어",https://twitter.com/B_yeonmyu/status/1907261206362300911
2695,20250402,트위터,"아니 자전거 짜증나네……. 내꺼 악세 끊어졌는데 사과도 없이 가네….. 
나는 떨어진 것도 몰랐는데 잃어버릴 뻔 했잖아…. 염병… 바퀴에 구멍나길 바랍니다..",https://twitter.com/ckrwmq100/status/1907260613635854757
2696,20250402,트위터,"""어서 와!""
양팔 벌리고 맞이했대
ㅠㅠㅠㅠㅠㅠㅠㅠㅠㅠ 

그리고 내 안에 나라를 세워에서 어깨를 톡 했다는데
둘이 자전거탄 무혁이 바라볼 때 어깨 톡 닿았나보다",https://twitter.com/B_yeonmyu/status/1907260580815384849
2697,20250402,트위터,RT @yama__zzal: 자전거 타다가 길에서 바지가 찢어졌습니다 https://x.com/yama__zzal/status/1906683544983990634/photo/1https://x.com/yama__zzal/status/1906683544983990634/photo/1https://x.com/yama__zzal/status/1906683544983990634/photo/1https://x.com/yama__zzal/status/1906683544983990634/photo/1,https://twitter.com/sendu38/status/1907259321412686043
2698,20250402,트위터,"'핫플러스'찬물만 부어 뜨겁게 먹는 발열도시락
https://naver.me/x4F8cblW
#전투식량닷컴 #전투식량 #발열도시락 #낚시 #등산 #점심해결 #산에서작업 #새참 #간식 #캠핑음식 #발열팩  #캠핑 #캠핑요리 #캠핑스타그램 #자전거 #자전거여행 #핫플러스 #비화식 #비화식백패킹 #발열팩 #비상식량 #MTB https://x.com/eobjalyosi14090/status/1907259001177579981/video/1https://x.com/eobjalyosi14090/status/1907259001177579981/video/1",https://twitter.com/eobjalyosi14090/status/1907259001177579981
2699,20250402,트위터,RT @yama__zzal: 자전거 타다가 길에서 바지가 찢어졌습니다 https://x.com/yama__zzal/status/1906683544983990634/photo/1https://x.com/yama__zzal/status/1906683544983990634/photo/1https://x.com/yama__zzal/status/1906683544983990634/photo/1https://x.com/yama__zzal/status/1906683544983990634/photo/1,https://twitter.com/Beggar_Artist/status/1907258989370642523
2700,20250402,트위터,RT @yama__zzal: 자전거 타다가 길에서 바지가 찢어졌습니다 https://x.com/yama__zzal/status/1906683544983990634/photo/1https://x.com/yama__zzal/status/1906683544983990634/photo/1https://x.com/yama__zzal/status/1906683544983990634/photo/1https://x.com/yama__zzal/status/1906683544983990634/photo/1,https://twitter.com/11__172/status/1907258723330043908
2701,20250402,트위터,RT @yama__zzal: 자전거 타다가 길에서 바지가 찢어졌습니다 https://x.com/yama__zzal/status/1906683544983990634/photo/1https://x.com/yama__zzal/status/1906683544983990634/photo/1https://x.com/yama__zzal/status/1906683544983990634/photo/1https://x.com/yama__zzal/status/1906683544983990634/photo/1,https://twitter.com/mongsha01/status/1907252835135492310
2702,20250402,트위터,RT @yama__zzal: 자전거 타다가 길에서 바지가 찢어졌습니다 https://x.com/yama__zzal/status/1906683544983990634/photo/1https://x.com/yama__zzal/status/1906683544983990634/photo/1https://x.com/yama__zzal/status/1906683544983990634/photo/1https://x.com/yama__zzal/status/1906683544983990634/photo/1,https://twitter.com/meyeye702/status/1907252620236079584
2703,20250402,트위터,RT @yama__zzal: 자전거 타다가 길에서 바지가 찢어졌습니다 https://x.com/yama__zzal/status/1906683544983990634/photo/1https://x.com/yama__zzal/status/1906683544983990634/photo/1https://x.com/yama__zzal/status/1906683544983990634/photo/1https://x.com/yama__zzal/status/1906683544983990634/photo/1,https://twitter.com/mangosmoothiiee/status/1907251867895374113
2704,20250402,트위터,RT @NnGgSsWw: 런쥔이 생일선물을 사려고 7시40분에 나와서 미친듯이 밟았을 걸 생각하면 걍 미치겟는거야 19분만에 압갤에 도착한 자전거 듀오 ㅅㅂ https://x.com/NnGgSsWw/status/1906703009196945769/video/1https://x.com/NnGgSsWw/status/1906703009196945769/video/1,https://twitter.com/myang__k/status/1907251765965410715
2705,20250402,트위터,"RT @uku1515665: 수제비귀 개상호 자전거 타는 거 좋아하지 않을까...

맞바람을 맞고 있으면 그 순간 만큼은 바짝 선 귀가 될 테니까...☆

비슷한 원리로 차 타면 맨날 창문 밖으로 얼굴 빼놓고 있어서 준버지한테 혼남;;",https://twitter.com/cloud_1_0_1/status/1907246708402381039
2706,20250402,트위터,"역시 난 재관국 탈것에 도깨비가 깃들어있단 설정이 좋아... 아끼던 자전거나 봉고한테서 예쁨받는 재관국 요원들...
카센터 앞에서 푸쉬쉭 멈춰주는 봉고... 초자연 재난에 출동했다가 실종된 요원의 자전거가 어느날 혼자 돌아온 일...
그 자전거를 타고 달리면 알아서 괴담 앞까지 데려가줌...",https://twitter.com/coooooong1717/status/1907246123141496962
2707,20250402,트위터,1종 따놓고 자전거 타고다니는 간zi https://twitter.com/coooooong1717/status/1907244659031847306,https://twitter.com/simsim_225/status/1907245562984018115
2708,20250402,트위터,RT @yama__zzal: 자전거 타다가 길에서 바지가 찢어졌습니다 https://x.com/yama__zzal/status/1906683544983990634/photo/1https://x.com/yama__zzal/status/1906683544983990634/photo/1https://x.com/yama__zzal/status/1906683544983990634/photo/1https://x.com/yama__zzal/status/1906683544983990634/photo/1,https://twitter.com/huhuhuhuoqo/status/1907244880918954044
2709,20250402,트위터,"RT @_NoLee: 1. 백화점 영업 시간 8시까지
2. 재민 제노 7시 40분에 자전거 타고 출발
3. 7시 59분에 매장 도착?
4. 매장에서 런쥔이 생일 선물로 가방 구매
5. 가방을 든 채로 자전거로 달려서 도착?
6. 런쥔이한테 배달

ㅎ…",https://twitter.com/lee_jj0603/status/1907243118979891505
2710,20250402,트위터,"RT @Koongiiiii: 아 누나 고멘. 
나 늦었지? 
다도학원이 방금 끝낫어 
밥먹고 자전거 타자. 
                                                (밥먹고) https://x.com/Koongiiiii/status/1906910429533880740/video/1https://x.com/Koongiiiii/status/1906910429533880740/video/1https://x.com/Koongiiiii/status/1906910429533880740/video/1https://x.com/Koongiiiii/status/1906910429533880740/video/1",https://twitter.com/39_pangzip/status/1907239531796910373
2711,20250402,트위터,자전거를 타기 시작하는 앳된 1년차의 아라키타와 열정이 느껴지는 2년차 인터하이라는 목표를 위해달리는 3년차 해방되어서 승리를 위해 즐겁게 타는 대학생 아라키타까지 다양한 아라키타가 12시부터 가득한 날이다 ?? 행복해 ??,https://twitter.com/meldy120321/status/1907238074603774443
2712,20250402,트위터,"어제 짧은 라이딩 귀갓길에서 아이들 하교시간과 겹치며 초딩들에게 들은 말
""XXX 자전거 엄청 멋있어요~""
그것도 두번이나.
비루한 체력에 남들보다 느리게 달려도 이 맛에 라이딩을 못 끊지.?????? https://twitter.com/MiChoChully/status/1907014800418259098",https://twitter.com/MiChoChully/status/1907237224275665086
2713,20250402,트위터,"RT @welcomesoo0216: 날씨가 너무 좋아 이런날이면 작은 얼굴을 애워싸는 큰 모자 하나 눌러 쓰고 등산도 가고 자전거도 타고 해야 하는데 아직은 모든게 많이 춥다 그치?
지금은 너무 많이 추우니까 귀마개 목도리 장갑 롱패딩으로 너부터 꽁…",https://twitter.com/wiyada117/status/1907233423539966082
2714,20250402,트위터,"자전거 폭주족(?)에게 행사한 미국 공권력???????♂?

‘미국 플로리다에서 매일같이 도로를 난장판으로 만들어서 신고가 들어와 경찰이 출동함’
 https://x.com/unlimited_ls/status/1907081762154414149/video/1https://x.com/unlimited_ls/status/1907081762154414149/video/1",https://twitter.com/ExivSp5314/status/1907233089207848975
2715,20250402,트위터,"·오토바이는 기름이 없으면 멈추지만, 자전거는 의지만 있으면 계속 갈 수 있어. → 즉, 지속 가능성, 자립성에서 승리.

·자전거는 자연과 조화로운 이동 수단. → 친환경성, 지속 가능한 미래의 상징으로써 오토바이를 이김.",https://twitter.com/OoJebiLifeoO/status/1907232792393760969
2716,20250402,트위터,"RT @dAseulgi0114: ????? 자전거 탄 풍경 - 너에게 난, 나에게 넌 ??
주연이 목소리가 해질녘 노을처럼 따숩고 아름답잖아ㅠㅠㅠㅠㅠㅠㅠ?? 

250330 블루드림미디어 영통 팬싸
#XdinaryHeroes #엑스디너리히어로즈 #엑디즈
#…",https://twitter.com/ba6t626/status/1907230767673180518
2717,20250402,트위터,"RT @_NoLee: 1. 백화점 영업 시간 8시까지
2. 재민 제노 7시 40분에 자전거 타고 출발
3. 7시 59분에 매장 도착?
4. 매장에서 런쥔이 생일 선물로 가방 구매
5. 가방을 든 채로 자전거로 달려서 도착?
6. 런쥔이한테 배달

ㅎ…",https://twitter.com/sinjihyeon13/status/1907228319608959027
2718,20250402,트위터,RT @yama__zzal: 자전거 타다가 길에서 바지가 찢어졌습니다 https://x.com/yama__zzal/status/1906683544983990634/photo/1https://x.com/yama__zzal/status/1906683544983990634/photo/1https://x.com/yama__zzal/status/1906683544983990634/photo/1https://x.com/yama__zzal/status/1906683544983990634/photo/1,https://twitter.com/masong228/status/1907225815223558513
2719,20250402,트위터,"RT @_NoLee: 1. 백화점 영업 시간 8시까지
2. 재민 제노 7시 40분에 자전거 타고 출발
3. 7시 59분에 매장 도착?
4. 매장에서 런쥔이 생일 선물로 가방 구매
5. 가방을 든 채로 자전거로 달려서 도착?
6. 런쥔이한테 배달

ㅎ…",https://twitter.com/shim_pyo_/status/1907225206214778893
2720,20250402,트위터,"@NijigasakiDC 네...좀더 알아보니 페달을 밟아야 모터 작동되서 보조해주는 PAS방식은 자전거로 분류되서 없고
바로 모터로 가속가능한 스로틀방식은 원동기취급..
둘다 속도 25안넘는건 똑같은데 법이 난장판..",https://twitter.com/OnlyForAya/status/1907216968115175546
2721,20250402,트위터,"RT @welcomesoo0216: 날씨가 너무 좋아 이런날이면 작은 얼굴을 애워싸는 큰 모자 하나 눌러 쓰고 등산도 가고 자전거도 타고 해야 하는데 아직은 모든게 많이 춥다 그치?
지금은 너무 많이 추우니까 귀마개 목도리 장갑 롱패딩으로 너부터 꽁…",https://twitter.com/0216_soohyun/status/1907216869171265781
2722,20250402,트위터,RT @yama__zzal: 자전거 타다가 길에서 바지가 찢어졌습니다 https://x.com/yama__zzal/status/1906683544983990634/photo/1https://x.com/yama__zzal/status/1906683544983990634/photo/1https://x.com/yama__zzal/status/1906683544983990634/photo/1https://x.com/yama__zzal/status/1906683544983990634/photo/1,https://twitter.com/nakseo_sem/status/1907216004566167992
2723,20250402,트위터,RT @yama__zzal: 자전거 타다가 길에서 바지가 찢어졌습니다 https://x.com/yama__zzal/status/1906683544983990634/photo/1https://x.com/yama__zzal/status/1906683544983990634/photo/1https://x.com/yama__zzal/status/1906683544983990634/photo/1https://x.com/yama__zzal/status/1906683544983990634/photo/1,https://twitter.com/michinnomdeath/status/1907214375066488875
2724,20250402,트위터,RT @yama__zzal: 자전거 타다가 길에서 바지가 찢어졌습니다 https://x.com/yama__zzal/status/1906683544983990634/photo/1https://x.com/yama__zzal/status/1906683544983990634/photo/1https://x.com/yama__zzal/status/1906683544983990634/photo/1https://x.com/yama__zzal/status/1906683544983990634/photo/1,https://twitter.com/Rice_P_S/status/1907213650328498250
2725,20250402,트위터,RT @yama__zzal: 자전거 타다가 길에서 바지가 찢어졌습니다 https://x.com/yama__zzal/status/1906683544983990634/photo/1https://x.com/yama__zzal/status/1906683544983990634/photo/1https://x.com/yama__zzal/status/1906683544983990634/photo/1https://x.com/yama__zzal/status/1906683544983990634/photo/1,https://twitter.com/omyom_in_moon/status/1907213410275639468
2726,20250402,트위터,RT @yama__zzal: 자전거 타다가 길에서 바지가 찢어졌습니다 https://x.com/yama__zzal/status/1906683544983990634/photo/1https://x.com/yama__zzal/status/1906683544983990634/photo/1https://x.com/yama__zzal/status/1906683544983990634/photo/1https://x.com/yama__zzal/status/1906683544983990634/photo/1,https://twitter.com/muharagosiba2/status/1907213011288551483
2727,20250402,트위터,RT @NnGgSsWw: 런쥔이 생일선물을 사려고 7시40분에 나와서 미친듯이 밟았을 걸 생각하면 걍 미치겟는거야 19분만에 압갤에 도착한 자전거 듀오 ㅅㅂ https://x.com/NnGgSsWw/status/1906703009196945769/video/1https://x.com/NnGgSsWw/status/1906703009196945769/video/1,https://twitter.com/NEunseoyang/status/1907212924474769664
2728,20250402,트위터,RT @yama__zzal: 자전거 타다가 길에서 바지가 찢어졌습니다 https://x.com/yama__zzal/status/1906683544983990634/photo/1https://x.com/yama__zzal/status/1906683544983990634/photo/1https://x.com/yama__zzal/status/1906683544983990634/photo/1https://x.com/yama__zzal/status/1906683544983990634/photo/1,https://twitter.com/toyumyj/status/1907212812520448419
2729,20250402,트위터,RT @yama__zzal: 자전거 타다가 길에서 바지가 찢어졌습니다 https://x.com/yama__zzal/status/1906683544983990634/photo/1https://x.com/yama__zzal/status/1906683544983990634/photo/1https://x.com/yama__zzal/status/1906683544983990634/photo/1https://x.com/yama__zzal/status/1906683544983990634/photo/1,https://twitter.com/nakone_0406/status/1907212495670153241
2730,20250402,트위터,RT @yama__zzal: 자전거 타다가 길에서 바지가 찢어졌습니다 https://x.com/yama__zzal/status/1906683544983990634/photo/1https://x.com/yama__zzal/status/1906683544983990634/photo/1https://x.com/yama__zzal/status/1906683544983990634/photo/1https://x.com/yama__zzal/status/1906683544983990634/photo/1,https://twitter.com/mingpil08/status/1907212478167343307
2731,20250402,트위터,"전동킥보드는 헬멧 미착용 2만원 벌금있고
전기자전거는 헬멧 의무는 맞는데 벌금은 없다고...? 이제 알았네...",https://twitter.com/OnlyForAya/status/1907212396604817524
2732,20250402,트위터,RT @yama__zzal: 자전거 타다가 길에서 바지가 찢어졌습니다 https://x.com/yama__zzal/status/1906683544983990634/photo/1https://x.com/yama__zzal/status/1906683544983990634/photo/1https://x.com/yama__zzal/status/1906683544983990634/photo/1https://x.com/yama__zzal/status/1906683544983990634/photo/1,https://twitter.com/Hinghing_______/status/1907212255609155915
2733,20250402,트위터,RT @yama__zzal: 자전거 타다가 길에서 바지가 찢어졌습니다 https://x.com/yama__zzal/status/1906683544983990634/photo/1https://x.com/yama__zzal/status/1906683544983990634/photo/1https://x.com/yama__zzal/status/1906683544983990634/photo/1https://x.com/yama__zzal/status/1906683544983990634/photo/1,https://twitter.com/ddalgimuckgo/status/1907212177456644588
2734,20250402,트위터,RT @yama__zzal: 자전거 타다가 길에서 바지가 찢어졌습니다 https://x.com/yama__zzal/status/1906683544983990634/photo/1https://x.com/yama__zzal/status/1906683544983990634/photo/1https://x.com/yama__zzal/status/1906683544983990634/photo/1https://x.com/yama__zzal/status/1906683544983990634/photo/1,https://twitter.com/2329_Lemon/status/1907212157034631207
2735,20250402,트위터,RT @yama__zzal: 자전거 타다가 길에서 바지가 찢어졌습니다 https://x.com/yama__zzal/status/1906683544983990634/photo/1https://x.com/yama__zzal/status/1906683544983990634/photo/1https://x.com/yama__zzal/status/1906683544983990634/photo/1https://x.com/yama__zzal/status/1906683544983990634/photo/1,https://twitter.com/feartype0/status/1907211173826896034
2736,20250402,트위터,RT @yama__zzal: 자전거 타다가 길에서 바지가 찢어졌습니다 https://x.com/yama__zzal/status/1906683544983990634/photo/1https://x.com/yama__zzal/status/1906683544983990634/photo/1https://x.com/yama__zzal/status/1906683544983990634/photo/1https://x.com/yama__zzal/status/1906683544983990634/photo/1,https://twitter.com/ZhyqRHLd8Y13602/status/1907210520731713758
2737,20250402,트위터,RT @yama__zzal: 자전거 타다가 길에서 바지가 찢어졌습니다 https://x.com/yama__zzal/status/1906683544983990634/photo/1https://x.com/yama__zzal/status/1906683544983990634/photo/1https://x.com/yama__zzal/status/1906683544983990634/photo/1https://x.com/yama__zzal/status/1906683544983990634/photo/1,https://twitter.com/hip_suk/status/1907210505531572306
2738,20250402,트위터,RT @yama__zzal: 자전거 타다가 길에서 바지가 찢어졌습니다 https://x.com/yama__zzal/status/1906683544983990634/photo/1https://x.com/yama__zzal/status/1906683544983990634/photo/1https://x.com/yama__zzal/status/1906683544983990634/photo/1https://x.com/yama__zzal/status/1906683544983990634/photo/1,https://twitter.com/angkimozzinyang/status/1907209773931798562
2739,20250402,트위터,RT @yama__zzal: 자전거 타다가 길에서 바지가 찢어졌습니다 https://x.com/yama__zzal/status/1906683544983990634/photo/1https://x.com/yama__zzal/status/1906683544983990634/photo/1https://x.com/yama__zzal/status/1906683544983990634/photo/1https://x.com/yama__zzal/status/1906683544983990634/photo/1,https://twitter.com/Onniichannnnn/status/1907209765782184074
2740,20250402,트위터,"RT @welcomesoo0216: 날씨가 너무 좋아 이런날이면 작은 얼굴을 애워싸는 큰 모자 하나 눌러 쓰고 등산도 가고 자전거도 타고 해야 하는데 아직은 모든게 많이 춥다 그치?
지금은 너무 많이 추우니까 귀마개 목도리 장갑 롱패딩으로 너부터 꽁…",https://twitter.com/cho4782/status/1907209736388575286
2741,20250402,트위터,RT @yama__zzal: 자전거 타다가 길에서 바지가 찢어졌습니다 https://x.com/yama__zzal/status/1906683544983990634/photo/1https://x.com/yama__zzal/status/1906683544983990634/photo/1https://x.com/yama__zzal/status/1906683544983990634/photo/1https://x.com/yama__zzal/status/1906683544983990634/photo/1,https://twitter.com/daraguitar/status/1907209174032982396
2742,20250402,트위터,"anan 2441 #한유진 #김지웅 #박건욱 인터뷰
(의?오역 O)

돔에서 로맨틱한 콜라보 무대 - 김지웅
팀을 결성해서 스포츠 대회에 나가고 싶다 - 박건욱
이 세명은 무인도에서도 살 수 있을 것 같아 - 한유진

지웅 : 갑작스럽지만, 두 사람은 멤버 중 한 명의 무언가의 건강 케어 상품이 될 수 있다면 https://x.com/Mellifluousr0se/status/1907207604402880932/photo/1https://x.com/Mellifluousr0se/status/1907207604402880932/photo/1의 침대가 되고 싶어♪ (동방신기의 'HUG'의 한국어 버전을 부르며) 이런 거죠. 저는 공기청정기가 되어 지웅이 형의 호흡기를 관리하겠습니다.
지웅 : (위잉, 위잉) 회전식을 원합니다.
건욱 : 유진이는 요즘 가습기를 틀고 잔다고 하니까 가습기가 되어 유진이의 코와 입, 수면의 질을 지키려고 합니다.
지웅 :  유진이는 요즘 근육 트레이닝을 열심히 하고 있으니까 나는 안마의자가 되어 근육의 뭉침을 풀어주고 싶어.
유진 : 지웅이 형은 힘이 세니까 시원하겠다.
지웅 : 온몸으로 감싸 줄게♡ 건욱이를 위해서는 안고 자는 베개가 되어줄게. 매일매일 내 꿈 꿀 수 있도록♡
건욱 : 오 마이 갓 잠이 잘 오겠네요.

유진 : 우리 셋의 공통된 취미라면 축구. 그래서 저는 축구공이 되어 두 사람의 스트레스를 풀어주고 싶어요. 차고, 차고, 차고 발차기 쭉 하세요. 지웅 : 유진이가 공이 되면 나는 단지 바라보기만 하고 손가락 하나 못 건드려.
건욱 : 축구가 아니잖아. 저는 이 셋이 하고 싶은 게 많아요. 일단 팀을 결성해서 스포츠 대회에 나가고 싶어요. 예를 들면 봅슬레이라든지. 가위바위보 해서 이긴 사람이 핸들을 잡고, 다른 두 명이 조종하는 거야.
지웅 : 저거 두 명이나 네 명이 타지 않았어? (웃음)
건욱 : 그래? 그럼 트라이애슬론은 어때? 마라톤은 지구력 있는 지웅이 형이 해.
유진 : 저는 자전거를 탈래요.
건욱 : OK. 그러면 내가 수영이네 맡겨.

유진 : 저는 셋이서 캠핑을 가고 싶어요. 옛날부터 가족끼리 자주 캠핑을 갔었기 때문에 텐트 설치에는 자신이 있어요.
지웅 : 좋다. 건욱이는 바다에 나가서 고기를 잡아와. 나는 사냥을 할 테니까.
건욱 : 어디까지 갈 생각이야? 유진이 3명이면 무인도에서도 살 수 있겠네요. 지웅이 형은 셋이서 뭘 하고 싶어요?

지웅 : 돔 같은 큰 공연장에서 로맨틱한 콜라보 무대인가? 일본의 제로즈를 위해 만든 곡을 유진이가 피아노를 치고, 나랑 건욱이가 그 옆에서 노래하는 거야. 노래 중간에 지붕이 천천히 열리면 밖에 비가 오고… 이거 진짜 하고 싶어.
유진 : 저희는 멋있는 곡을 하는 이미지가 있다고 생각하기 때문에 의표를 붙여서 びび眺 바라보면서 귀여움전개의 무대를 하는 것도 재미있을 것 같아요. 
건욱 : びび!ん!? (작은 소리로)... 하지만 열심히 하겠습니다.",https://twitter.com/Mellifluousr0se/status/1907207604402880932
2743,20250402,트위터,"RT @so_geum_00: 교통법규지키자는 취지의 프로그램나가서
내 자전거 니 오토바이보다 빠름 지옥ㄱㄱ
하는 노래 부르는 딸케 어떤데 https://x.com/so_geum_00/status/1907040684533776407/video/1https://x.com/so_geum_00/status/1907040684533776407/video/1",https://twitter.com/0rainrian0/status/1907207161954087385
2744,20250402,트위터,RT @yama__zzal: 자전거 타다가 길에서 바지가 찢어졌습니다 https://x.com/yama__zzal/status/1906683544983990634/photo/1https://x.com/yama__zzal/status/1906683544983990634/photo/1https://x.com/yama__zzal/status/1906683544983990634/photo/1https://x.com/yama__zzal/status/1906683544983990634/photo/1,https://twitter.com/codus7250/status/1907199521748377636
2745,20250402,트위터,5월에 엄마 왼쪽 어깨 수술로 입원하게되면 그 때부터 엄마아빠댁 가서 살림 시작이니까 그전에 엄마아빠댁에도 실내자전거를 사두도록 하자. 8월까지 엄마아빠 케어해야하니까 정신 똑바로 차리자. 운전 연수 받아놓을걸. 운전을 내가 못해줘서 미안하네.,https://twitter.com/ver911224/status/1907198473231028672
2746,20250402,트위터,"RT @_NoLee: 1. 백화점 영업 시간 8시까지
2. 재민 제노 7시 40분에 자전거 타고 출발
3. 7시 59분에 매장 도착?
4. 매장에서 런쥔이 생일 선물로 가방 구매
5. 가방을 든 채로 자전거로 달려서 도착?
6. 런쥔이한테 배달

ㅎ…",https://twitter.com/maeng___9/status/1907198423998312522
2747,20250402,트위터,"RT @oonsaemiro: 20250321 멜림픽 팬콘서트 첫콘

자전거 한 손으로 들고뛰는 남자 어떤데…♥?

#비투비 #임현식 @BTOB_IMHYUNSIK https://x.com/oonsaemiro/status/1907020377093750790/photo/1https://x.com/oonsaemiro/status/1907020377093750790/photo/1https://x.com/oonsaemiro/status/1907020377093750790/photo/1https://x.com/oonsaemiro/status/1907020377093750790/photo/1",https://twitter.com/a01041482737/status/1907191620015145412
2748,20250402,트위터,"RT @so_geum_00: 교통법규지키자는 취지의 프로그램나가서
내 자전거 니 오토바이보다 빠름 지옥ㄱㄱ
하는 노래 부르는 딸케 어떤데 https://x.com/so_geum_00/status/1907040684533776407/video/1https://x.com/so_geum_00/status/1907040684533776407/video/1",https://twitter.com/mdst3333/status/1907191223301054860
2749,20250402,트위터,오래간만에 자전거 타는거라 11분 타고-4분 쉬고-11분 타고 지금 다시 좀 쉬는 중...다음 곡이 재생되면 다시 타야겠지...아침부터 땀을 쭉쭉 빼는구나...굿...!,https://twitter.com/ver911224/status/1907190775823364116
2750,20250402,트위터,"RT @so_geum_00: 교통법규지키자는 취지의 프로그램나가서
내 자전거 니 오토바이보다 빠름 지옥ㄱㄱ
하는 노래 부르는 딸케 어떤데 https://x.com/so_geum_00/status/1907040684533776407/video/1https://x.com/so_geum_00/status/1907040684533776407/video/1",https://twitter.com/junan_tkssp/status/1907190309290955095
2751,20250402,트위터,"RT @dAseulgi0114: ????? 자전거 탄 풍경 - 너에게 난, 나에게 넌 ??
주연이 목소리가 해질녘 노을처럼 따숩고 아름답잖아ㅠㅠㅠㅠㅠㅠㅠ?? 

250330 블루드림미디어 영통 팬싸
#XdinaryHeroes #엑스디너리히어로즈 #엑디즈
#…",https://twitter.com/beauti_fullady_/status/1907167747664236924
2752,20250402,트위터,"RT @tahraart: Riding a bike 자전거 타기
photoshop https://x.com/tahraart/status/1906750181963604116/photo/1https://x.com/tahraart/status/1906750181963604116/photo/1",https://twitter.com/megamole4/status/1907165867814821971
2753,20250402,트위터,"스톡홀름은 조깅하는 사람, 
자전거 타는 사람이 굉장히 많다.
나는 걷는 사람이지만,
걷다가 쉬고, 쉬면서 걷고있는 사람으로,
새로운 것을 보는 사람으로 이 도시에 적응했다. https://x.com/l_said_nothing/status/1907162244535955661/photo/1https://x.com/l_said_nothing/status/1907162244535955661/photo/1https://x.com/l_said_nothing/status/1907162244535955661/photo/1https://x.com/l_said_nothing/status/1907162244535955661/photo/1https://x.com/l_said_nothing/status/1907162244535955661/photo/1https://x.com/l_said_nothing/status/1907162244535955661/photo/1https://x.com/l_said_nothing/status/1907162244535955661/photo/1https://x.com/l_said_nothing/status/1907162244535955661/photo/1",https://twitter.com/l_said_nothing/status/1907162244535955661
2754,20250402,트위터,RT @yama__zzal: 자전거 타다가 길에서 바지가 찢어졌습니다 https://x.com/yama__zzal/status/1906683544983990634/photo/1https://x.com/yama__zzal/status/1906683544983990634/photo/1https://x.com/yama__zzal/status/1906683544983990634/photo/1https://x.com/yama__zzal/status/1906683544983990634/photo/1,https://twitter.com/wife_of_sun/status/1907156882059677790
2755,20250402,트위터,"RT @welcomesoo0216: 날씨가 너무 좋아 이런날이면 작은 얼굴을 애워싸는 큰 모자 하나 눌러 쓰고 등산도 가고 자전거도 타고 해야 하는데 아직은 모든게 많이 춥다 그치?
지금은 너무 많이 추우니까 귀마개 목도리 장갑 롱패딩으로 너부터 꽁…",https://twitter.com/jeonghy57758944/status/1907156838728257648
2756,20250402,트위터,RT @yama__zzal: 자전거 타다가 길에서 바지가 찢어졌습니다 https://x.com/yama__zzal/status/1906683544983990634/photo/1https://x.com/yama__zzal/status/1906683544983990634/photo/1https://x.com/yama__zzal/status/1906683544983990634/photo/1https://x.com/yama__zzal/status/1906683544983990634/photo/1,https://twitter.com/moyesyeske/status/1907156129169449401
2757,20250402,트위터,@2schneebaelle 아하~~전 접이식 자전거 한국에서 타봤는데 바퀴가 너무 작아서 생각외로 패달을 더 많이 돌려야 해서 너무 힘들더라고요…남들 한번 돌릴때 2번 돌려야 해서…!! 경험이 있으시다면 괜찮죠!!!,https://twitter.com/131_Sortie/status/1907148994112823647
2758,20250402,트위터,"RT @ATSUKA_BTOB: 250321 “2025 BTOB FAN-CON ‘3,2,1 GO! MELympic’” 첫콘

??????

자전거랑 찰떡이세요??

#비투비 #BTOB #멜림픽 #프니엘
#PENIEL #プニエル
@PenielShin https…",https://twitter.com/Fall4NOONE/status/1907142629806280774
2759,20250402,트위터,"하… 어카지 개잼잇겟다 집회
자전거 타고 갈까?!",https://twitter.com/Tanzanite32_t1/status/1907140243964542998
2760,20250402,트위터,RT @yama__zzal: 자전거 타다가 길에서 바지가 찢어졌습니다 https://x.com/yama__zzal/status/1906683544983990634/photo/1https://x.com/yama__zzal/status/1906683544983990634/photo/1https://x.com/yama__zzal/status/1906683544983990634/photo/1https://x.com/yama__zzal/status/1906683544983990634/photo/1,https://twitter.com/_sesame_oil__/status/1907139427467743340
2761,20250402,트위터,"길가 철물점에 진돗개 한 마리가 순하게 앉아있다
지나갈 때 ‘hi’하면
꼬리를 서너 번 정도 흔든다
며칠 전 그 강아지의 산책길을 처음으로 봤는데
안에 있던 무표정의 강아지가 맞나 싶었다
주인 할머니는 
끈을 자전거 바구니에 여미고 천천히 걸어갔다
동네 사람들이 길을 비켜준다
정말 신나보여서",https://twitter.com/shincrida/status/1907138252940976509
2762,20250402,트위터,"RT @so_geum_00: 교통법규지키자는 취지의 프로그램나가서
내 자전거 니 오토바이보다 빠름 지옥ㄱㄱ
하는 노래 부르는 딸케 어떤데 https://x.com/so_geum_00/status/1907040684533776407/video/1https://x.com/so_geum_00/status/1907040684533776407/video/1",https://twitter.com/mnkgei/status/1907132247955976598
2763,20250402,트위터,RT @yama__zzal: 자전거 타다가 길에서 바지가 찢어졌습니다 https://x.com/yama__zzal/status/1906683544983990634/photo/1https://x.com/yama__zzal/status/1906683544983990634/photo/1https://x.com/yama__zzal/status/1906683544983990634/photo/1https://x.com/yama__zzal/status/1906683544983990634/photo/1,https://twitter.com/4dqsivUFkT84982/status/1907132119744483656
2764,20250402,트위터,"RT @ATSUKA_BTOB: 250321 “2025 BTOB FAN-CON ‘3,2,1 GO! MELympic’” 첫콘

??????

자전거랑 찰떡이세요??

#비투비 #BTOB #멜림픽 #프니엘
#PENIEL #プニエル
@PenielShin https…",https://twitter.com/unatato/status/1907131841716339020
2765,20250402,트위터,"???♂?바람의 냄새, 길의 소리, 자전거 타는 것은 자유의 언어입니다. 두 바퀴를 타고 사소한 일에서 벗어나 광활한 세계로 떠나보세요. https://x.com/ugdkojg/status/1907130119162150960/photo/1https://x.com/ugdkojg/status/1907130119162150960/photo/1",https://twitter.com/ugdkojg/status/1907130119162150960
2766,20250402,트위터,"RT @so_geum_00: 교통법규지키자는 취지의 프로그램나가서
내 자전거 니 오토바이보다 빠름 지옥ㄱㄱ
하는 노래 부르는 딸케 어떤데 https://x.com/so_geum_00/status/1907040684533776407/video/1https://x.com/so_geum_00/status/1907040684533776407/video/1",https://twitter.com/im_dang114/status/1907126797336244560
2767,20250402,트위터,"RT @lambert078: 나같은경우는 어렸을때 주말에 뭐했는지 물어보는 과장급 선임에게 왜요? 라고 함
ㅋㅋㅋㅋㅋㅋ왜요 라니 
그래도 지금 좋은 사람들 만나서 회사 잘 다니고 잇음 이제 누가 주말에 뭐했냐고 하면 함보여드릴까요? 하고 외발자전거타…",https://twitter.com/DCodeGrey/status/1907125909553045638
2768,20250402,트위터,RT @yama__zzal: 자전거 타다가 길에서 바지가 찢어졌습니다 https://x.com/yama__zzal/status/1906683544983990634/photo/1https://x.com/yama__zzal/status/1906683544983990634/photo/1https://x.com/yama__zzal/status/1906683544983990634/photo/1https://x.com/yama__zzal/status/1906683544983990634/photo/1,https://twitter.com/GW3NHWYFAR/status/1907124292925661402
2769,20250402,트위터,RT @yama__zzal: 자전거 타다가 길에서 바지가 찢어졌습니다 https://x.com/yama__zzal/status/1906683544983990634/photo/1https://x.com/yama__zzal/status/1906683544983990634/photo/1https://x.com/yama__zzal/status/1906683544983990634/photo/1https://x.com/yama__zzal/status/1906683544983990634/photo/1,https://twitter.com/C_ba_1528/status/1907123630955454951
2770,20250402,트위터,"RT @ATSUKA_BTOB: 250321 “2025 BTOB FAN-CON ‘3,2,1 GO! MELympic’” 첫콘

??????

자전거랑 찰떡이세요??

#비투비 #BTOB #멜림픽 #프니엘
#PENIEL #プニエル
@PenielShin https…",https://twitter.com/nanatby_/status/1907117784456397094
2771,20250402,트위터,"RT @kurumifuckworld: 나는 카라스노 배경이 미야기현 인게 너무 좋아… 진짜 시골 저 끝에서부터 단련하고 이것저것 잡식해서 올라온 까마귀들 같아서… 
그리고 매 오프닝마다 히나타가 학교까지 자전거 타고 가는 게 시합 전 고요함을 더 잘…",https://twitter.com/jojk__910/status/1907117261866831976
2772,20250402,트위터,RT @yama__zzal: 자전거 타다가 길에서 바지가 찢어졌습니다 https://x.com/yama__zzal/status/1906683544983990634/photo/1https://x.com/yama__zzal/status/1906683544983990634/photo/1https://x.com/yama__zzal/status/1906683544983990634/photo/1https://x.com/yama__zzal/status/1906683544983990634/photo/1,https://twitter.com/OHCCI2/status/1907117049949859925
2773,20250402,트위터,RT @yama__zzal: 자전거 타다가 길에서 바지가 찢어졌습니다 https://x.com/yama__zzal/status/1906683544983990634/photo/1https://x.com/yama__zzal/status/1906683544983990634/photo/1https://x.com/yama__zzal/status/1906683544983990634/photo/1https://x.com/yama__zzal/status/1906683544983990634/photo/1,https://twitter.com/B0B0_5959/status/1907116920509235437
2774,20250402,트위터,RT @NnGgSsWw: 런쥔이 생일선물을 사려고 7시40분에 나와서 미친듯이 밟았을 걸 생각하면 걍 미치겟는거야 19분만에 압갤에 도착한 자전거 듀오 ㅅㅂ https://x.com/NnGgSsWw/status/1906703009196945769/video/1https://x.com/NnGgSsWw/status/1906703009196945769/video/1,https://twitter.com/bitecherry/status/1907116748769542237
2775,20250402,트위터,RT @yama__zzal: 자전거 타다가 길에서 바지가 찢어졌습니다 https://x.com/yama__zzal/status/1906683544983990634/photo/1https://x.com/yama__zzal/status/1906683544983990634/photo/1https://x.com/yama__zzal/status/1906683544983990634/photo/1https://x.com/yama__zzal/status/1906683544983990634/photo/1,https://twitter.com/huaarnm/status/1907116610126753973
2776,20250402,트위터,RT @yama__zzal: 자전거 타다가 길에서 바지가 찢어졌습니다 https://x.com/yama__zzal/status/1906683544983990634/photo/1https://x.com/yama__zzal/status/1906683544983990634/photo/1https://x.com/yama__zzal/status/1906683544983990634/photo/1https://x.com/yama__zzal/status/1906683544983990634/photo/1,https://twitter.com/attractive_jk7/status/1907116551167414405
2777,20250402,트위터,배달자전거를 타고가면서 욕하는 사람부터 아무튼 시비 강도가 어메이징 했어요 규모자체는 팔레스타인 집회정도였고 시비강도는 그거보다 조금 더했음. 인간이 적고 여기서 하는 집회가 낯설다는 느낌이라 아주 팍팍 찔러보고 가는것 같았달까 ㅋㅋㅋㅋ,https://twitter.com/_Amassss/status/1907115574121083314
2778,20250402,트위터,"피시방가자는말에 게임 아이디 하나 없는 종싱이는 그냥 허탈하게 웃기만 했을뿐...
그래도 성흔이 용케 적응할듯 
반 애들이랑 논두렁에서 자전거 타고, 냇가에서 참외 담가먹고, 서울에는 하늘에서 이런 별들을 못본다면서 신난 얼굴로 사진 찍는 그런 모습보고 종싱이는 경계심이 풀릴대로 풀릴듯",https://twitter.com/sjloveneuma/status/1907114873236214193
2779,20250402,트위터,"@sheislatte 라떼 같이 찾아보려고 이틀동안 공사장 주변 자전거로 돌았는데
아까 7시경에 두 분이서 아래 돌 근처에서 무언가를 찾으시는 것 같았는데 라떼 언니분들이셨나봐요!!
한동안 마음이 안좋았는데 가족상봉 현장을 목격했었다니 좋네요~
앞으로 항상 건강하구 행복하게 함께하는 라떼네 가족되시길!!??",https://twitter.com/haul_ty/status/1907112714230706424
2780,20250402,트위터,"이번에도 완전 격하게 계단 뛰어 오르면서 자전거!!!!햇는데 너무 장꾸같고 기여웟다 하..너무기여워어ㅜㅜ??
그러고 고기 먹고싶다고 하고 만두좋아해요? 저는 만두를 좋아해요
뒤에
고기를 만두에 넣으면 고기만두가 되거든요 어쩌곸ㅋㅋㅋㅋㅋㅋㅋㅋㅋ말겁나빠르게잘해섴ㅋ놀람ㅋㅋㅋㅋㅋㅋㅋㅋㅋ",https://twitter.com/bommnp/status/1907112506595881266
2781,20250402,트위터,"@sheislatte 라떼 같이 찾아보려고 이틀동안 공사장 주변 자전거로 돌았는데
아까 7시경에 두 분이서 아래 돌 근처에서 무언가를 찾으시는 것 같았는데 라떼 언니분들이셨나봐요!!
한동안 마음이 안좋았는데 가족상봉 현장을 목격했었다니 좋네요~
앞으로 항상 건강하구 행복하게 함께하는 라떼네 가족되시길!!??",https://twitter.com/haul_ty/status/1907112194476749029
2782,20250402,트위터,RT @yama__zzal: 자전거 타다가 길에서 바지가 찢어졌습니다 https://x.com/yama__zzal/status/1906683544983990634/photo/1https://x.com/yama__zzal/status/1906683544983990634/photo/1https://x.com/yama__zzal/status/1906683544983990634/photo/1https://x.com/yama__zzal/status/1906683544983990634/photo/1,https://twitter.com/nave_cat/status/1907112155423678585
2783,20250402,트위터,"RT @NnGgSsWw: 하여튼 상황극 씨피 ㅋㅋ
걔 네발자전거로 윌리한대 https://x.com/NnGgSsWw/status/1907103528344297861/video/1https://x.com/NnGgSsWw/status/1907103528344297861/video/1",https://twitter.com/rpsjikyujisoku/status/1907111749171687609
2784,20250402,트위터,"RT @_NoLee: 1. 백화점 영업 시간 8시까지
2. 재민 제노 7시 40분에 자전거 타고 출발
3. 7시 59분에 매장 도착?
4. 매장에서 런쥔이 생일 선물로 가방 구매
5. 가방을 든 채로 자전거로 달려서 도착?
6. 런쥔이한테 배달

ㅎ…",https://twitter.com/do0love_/status/1907110639837093999
2785,20250402,트위터,"anan 2441호 #김지웅 #박건욱 #한유진 인터뷰 
의/오역 O

김지웅 - 세 명이 돔에서 로맨틱한 콜라보 무대
박건욱 - 팀을 만들어서 체육대회에 나가고 싶다
한유진 - 이 셋이면 무인도에서도 살 수 있을 것 같아

지웅: 갑작스럽지만 둘은 멤버 중에 누군가의 건강 케어 상품이 될 수 있다면 뭐가 되고 https://x.com/ooOoplz/status/1907110270457229746/photo/1https://x.com/ooOoplz/status/1907110270457229746/photo/1 싶어~?? 이런 거죠? 저는 공기청정기가 되어서 지웅이형의 목 컨디션을 관리하겠습니다.
지웅: (위잉~ 위잉~) 회전식이었으면 좋겠다.
건욱: 유진이는 요즘 가습기를 틀고 잔다고 하니까 가습기가 되어서 유진이의 코랑 입, 수면의 질을 지키려고요.
지웅: 유진이는 요즘 근육 운동을 열심히 하고 있으니까 나는 안마 의자가 되어서 근육 뭉침을 좀 풀어주고 싶어.
유진: 지웅이형은 힘이 세니까 마음이 아프겠다…
지웅: 또 건욱이를 위해서는 안고 잘 수 있는 베개가 되어 줄게. 매일매일 내 꿈 꿀 수 있게 ♡
건욱: 오마이갓… 잠이 잘 오겠네요.

유진: 우리 셋의 공통된 취미라면 축구. 그래서 저는 축구공이 되고, 건욱이형이랑 지웅이형의 스트레스를 풀어주고 싶어요. 차고, 차고, 차고… 발차기 계속 하세요.
지웅: 유진이가 공이 되면 나는 그냥 보기만 하고 손가락 하나도 못 건드리지.
건욱: 그러면 축구가 안 되잖아 ㅋㅋㅋ 저는 이 셋이서 하고 싶은 게 되게 많아요. 일단 팀을 결성해서 스포츠 대회에 나가고… 예를 들면 봅슬레이 이런 거. 가위바위보 해서 이긴 사람이 핸들을 잡고, 다른 두 명은 뒤에 타서 조종하는 거야.
지웅: 어, 2~4인승 아니었어? ㅋㅋㅋ
건욱: 그런가? 그럼 철인3종은 어때요? 마라톤은 지구력 있는 지웅이형이 부탁해요.
유진: 그럼 저는 자전거를 탈게요.
건욱: 오케이. 그럼 내가 수영이네? 나한테 맡겨.

유진: 저는 세 명이서 캠핑을 가고 싶어요. 옛날부터 가족끼리 자주 캠핑을 갔기 때문에 텐트 설치에는 자신이 있거든요.
지웅: 오케이, 그럼 건욱이는 바다에 가서 물고기를 잡아와. 나는 사냥을 해야겠다.
건욱: 어디까지 갈 생각이야?
유진: 이 세 명이면 무인도에서도 살 수 있겠네요… 지웅이형은 셋이서 뭘 하고 싶어요?
지웅: 돔 같은 큰 공연장에서 셋이 로맨틱한 콜라보 무대? 제로즈를 위해 만든 곡을, 유진이가 피아노를 치면 나랑 건욱이가 옆에서 노래를 부르는 거지. 노래 중간에 갑자기 돔 지붕이 천천히 열리면 밖에는 비가 오고 있고… 이거 진짜로 하고 싶어.",https://twitter.com/ooOoplz/status/1907110270457229746
2786,20250402,트위터,"RT @_NoLee: 1. 백화점 영업 시간 8시까지
2. 재민 제노 7시 40분에 자전거 타고 출발
3. 7시 59분에 매장 도착?
4. 매장에서 런쥔이 생일 선물로 가방 구매
5. 가방을 든 채로 자전거로 달려서 도착?
6. 런쥔이한테 배달

ㅎ…",https://twitter.com/12sevendream/status/1907109079040012583
2787,20250402,트위터,RT @yama__zzal: 자전거 타다가 길에서 바지가 찢어졌습니다 https://x.com/yama__zzal/status/1906683544983990634/photo/1https://x.com/yama__zzal/status/1906683544983990634/photo/1https://x.com/yama__zzal/status/1906683544983990634/photo/1https://x.com/yama__zzal/status/1906683544983990634/photo/1,https://twitter.com/Harubom_ffxiv/status/1907105092458975434
2788,20250402,트위터,"RT @so_geum_00: 교통법규지키자는 취지의 프로그램나가서
내 자전거 니 오토바이보다 빠름 지옥ㄱㄱ
하는 노래 부르는 딸케 어떤데 https://x.com/so_geum_00/status/1907040684533776407/video/1https://x.com/so_geum_00/status/1907040684533776407/video/1",https://twitter.com/xxmingxh/status/1907104527226224641
2789,20250402,트위터,아침에 바닷가 쪽으로 산책. 미즈키쌤이 어린시절을 보낸 곳도 보고 벚꽃도 보러 다이바공원까지 갔다. 아쉽게도 아직 덜 폈음. 추우니까 당연함 바닷가라 바람 불어서 더 추웠다. 아침에 덜덜 떨며 가는데 자전거 탄 할아버지가 춥죠? 하며 지나감. 네 추워여ㅠㅠ 했다 https://x.com/nananellRio/status/1907103685852971496/photo/1https://x.com/nananellRio/status/1907103685852971496/photo/1https://x.com/nananellRio/status/1907103685852971496/photo/1https://x.com/nananellRio/status/1907103685852971496/photo/1,https://twitter.com/nananellRio/status/1907103685852971496
2790,20250402,트위터,"RT @w1nterwest: 250401 라이카¹¹

로비에 자전거 생겼어 
근데 라이카 울고 있어. . .?????? https://x.com/w1nterwest/status/1907009852096020577/photo/1https://x.com/w1nterwest/status/1907009852096020577/photo/1https://x.com/w1nterwest/status/1907009852096020577/photo/1https://x.com/w1nterwest/status/1907009852096020577/photo/1",https://twitter.com/LWNE17/status/1907103575727374345
2791,20250402,트위터,"하여튼 상황극 씨피 ㅋㅋ
걔 네발자전거로 윌리한대 https://x.com/NnGgSsWw/status/1907103528344297861/video/1https://x.com/NnGgSsWw/status/1907103528344297861/video/1",https://twitter.com/NnGgSsWw/status/1907103528344297861
2792,20250402,트위터,"RT @welcomesoo0216: 날씨가 너무 좋아 이런날이면 작은 얼굴을 애워싸는 큰 모자 하나 눌러 쓰고 등산도 가고 자전거도 타고 해야 하는데 아직은 모든게 많이 춥다 그치?
지금은 너무 많이 추우니까 귀마개 목도리 장갑 롱패딩으로 너부터 꽁…",https://twitter.com/avatar_kworld/status/1907103436350574923
2793,20250402,트위터,RT @yama__zzal: 자전거 타다가 길에서 바지가 찢어졌습니다 https://x.com/yama__zzal/status/1906683544983990634/photo/1https://x.com/yama__zzal/status/1906683544983990634/photo/1https://x.com/yama__zzal/status/1906683544983990634/photo/1https://x.com/yama__zzal/status/1906683544983990634/photo/1,https://twitter.com/vlftbrydid/status/1907103149846139311
2794,20250402,트위터,"RT @so_geum_00: 교통법규지키자는 취지의 프로그램나가서
내 자전거 니 오토바이보다 빠름 지옥ㄱㄱ
하는 노래 부르는 딸케 어떤데 https://x.com/so_geum_00/status/1907040684533776407/video/1https://x.com/so_geum_00/status/1907040684533776407/video/1",https://twitter.com/sassylxm/status/1907100435472585212
2795,20250402,트위터,"RT @so_geum_00: 교통법규지키자는 취지의 프로그램나가서
내 자전거 니 오토바이보다 빠름 지옥ㄱㄱ
하는 노래 부르는 딸케 어떤데 https://x.com/so_geum_00/status/1907040684533776407/video/1https://x.com/so_geum_00/status/1907040684533776407/video/1",https://twitter.com/keroro_one/status/1907100308972716085
2796,20250402,트위터,"아나키스트 폴라 교환

저: 동현자경 (코트+총)
     동현자경 (유품)
     준형무혁 (정장)
     진혁덕형 (정장+라이터)
     동현자경+기범무혁 (정장+커피잔)
     동현자경+진혁덕형 (과거옷+시계 / 과거옷+찻찬)
     진혁덕형+기범무혁 (정장+폭탄)
      
????: 진혁덕형 (케이크)
      동현 재단사
      동현자경 포함 페어폴라 (자전거, 케이크, 웃긴거 우대)

n:1도 가능!
마음 후 디엠 부탁드립니다??",https://twitter.com/J_yom2/status/1907099927047802966
2797,20250402,트위터,"RT @so_geum_00: 교통법규지키자는 취지의 프로그램나가서
내 자전거 니 오토바이보다 빠름 지옥ㄱㄱ
하는 노래 부르는 딸케 어떤데 https://x.com/so_geum_00/status/1907040684533776407/video/1https://x.com/so_geum_00/status/1907040684533776407/video/1",https://twitter.com/nung_aem/status/1907099914355556592
2798,20250402,트위터,"RT @so_geum_00: 교통법규지키자는 취지의 프로그램나가서
내 자전거 니 오토바이보다 빠름 지옥ㄱㄱ
하는 노래 부르는 딸케 어떤데 https://x.com/so_geum_00/status/1907040684533776407/video/1https://x.com/so_geum_00/status/1907040684533776407/video/1",https://twitter.com/bandglass00/status/1907099299961573378
2799,20250402,트위터,"RT @so_geum_00: 교통법규지키자는 취지의 프로그램나가서
내 자전거 니 오토바이보다 빠름 지옥ㄱㄱ
하는 노래 부르는 딸케 어떤데 https://x.com/so_geum_00/status/1907040684533776407/video/1https://x.com/so_geum_00/status/1907040684533776407/video/1",https://twitter.com/didiididid50223/status/1907099292483146038
2800,20250402,트위터,"RT @so_geum_00: 교통법규지키자는 취지의 프로그램나가서
내 자전거 니 오토바이보다 빠름 지옥ㄱㄱ
하는 노래 부르는 딸케 어떤데 https://x.com/so_geum_00/status/1907040684533776407/video/1https://x.com/so_geum_00/status/1907040684533776407/video/1",https://twitter.com/my_day_is_jjin/status/1907099288217559329
2801,20250402,트위터,"RT @so_geum_00: 교통법규지키자는 취지의 프로그램나가서
내 자전거 니 오토바이보다 빠름 지옥ㄱㄱ
하는 노래 부르는 딸케 어떤데 https://x.com/so_geum_00/status/1907040684533776407/video/1https://x.com/so_geum_00/status/1907040684533776407/video/1",https://twitter.com/mrs_junhan/status/1907097940579270676
2802,20250402,트위터,"RT @so_geum_00: 교통법규지키자는 취지의 프로그램나가서
내 자전거 니 오토바이보다 빠름 지옥ㄱㄱ
하는 노래 부르는 딸케 어떤데 https://x.com/so_geum_00/status/1907040684533776407/video/1https://x.com/so_geum_00/status/1907040684533776407/video/1",https://twitter.com/6lrLlN_puriii/status/1907096324748783964
2803,20250402,트위터,"RT @so_geum_00: 교통법규지키자는 취지의 프로그램나가서
내 자전거 니 오토바이보다 빠름 지옥ㄱㄱ
하는 노래 부르는 딸케 어떤데 https://x.com/so_geum_00/status/1907040684533776407/video/1https://x.com/so_geum_00/status/1907040684533776407/video/1",https://twitter.com/hnpkrmmm/status/1907095738485789109
2804,20250402,트위터,"자전거좀 씨발 도로에서 타라고
인도에서 왜 처 다냐고
안그래도 쫍아죽겠는데
그러면서 처 하는 말이 자전거 도로에서 걷지 마세요 ㅇㅈㄹ 논점 흐리기 존나함
자전거도 차라고 차
도로 갓길에서 달릴 자신 없으면 걍 처 타지마 
죽을 각오하고 타든가
인도에서 좀 처 타지 말라고",https://twitter.com/mijinieun/status/1907095728226533839
2805,20250402,트위터,"RT @so_geum_00: 교통법규지키자는 취지의 프로그램나가서
내 자전거 니 오토바이보다 빠름 지옥ㄱㄱ
하는 노래 부르는 딸케 어떤데 https://x.com/so_geum_00/status/1907040684533776407/video/1https://x.com/so_geum_00/status/1907040684533776407/video/1",https://twitter.com/trulyloveis/status/1907095552527118590
2806,20250402,트위터,"탐라에서 서완오너님 자만추해서 너무 좋아..
옛날에 서완이 자전거 훔쳐타서 미안했습니다 근데 이제 오토바이라 훔쳐탈 수 없게 되었어 https://twitter.com/hayanbab0987/status/1905884610824998912",https://twitter.com/NNhRyNa/status/1907094292809871759
2807,20250402,트위터,"RT @so_geum_00: 교통법규지키자는 취지의 프로그램나가서
내 자전거 니 오토바이보다 빠름 지옥ㄱㄱ
하는 노래 부르는 딸케 어떤데 https://x.com/so_geum_00/status/1907040684533776407/video/1https://x.com/so_geum_00/status/1907040684533776407/video/1",https://twitter.com/beauti_fullady_/status/1907094156079693874
2808,20250402,트위터,"그리고 또다시 넓디넓은 영랑호를 해파랑길과 함께 걷고 서울로돌아옴...

자전거대여점이 있는 이유가 있구나 하는... 한바퀴였다.... https://x.com/DJ_02_18/status/1907092050375520395/video/1https://x.com/DJ_02_18/status/1907092050375520395/video/1https://x.com/DJ_02_18/status/1907092050375520395/video/1https://x.com/DJ_02_18/status/1907092050375520395/video/1https://x.com/DJ_02_18/status/1907092050375520395/video/1https://x.com/DJ_02_18/status/1907092050375520395/video/1https://x.com/DJ_02_18/status/1907092050375520395/video/1https://x.com/DJ_02_18/status/1907092050375520395/video/1",https://twitter.com/DJ_02_18/status/1907092050375520395
2809,20250402,트위터,할머니께서 하시는 식당인데 울 할머니 새벽마다 직판장에서 오는 복어 쓰셔요ㅜㅜ 리어카 장사부터 시작해서 이 식당 차리시고 50년동안 장사하셨는데 불경기로 인해 많이 어려우신 것 같아요. 복국 정말 깔끔하고 국물 제대로니까 울산대공원에서 자전거 타고 한바퀴 도신 다음에 여기 찾아주세요!!,https://twitter.com/swiftieiros/status/1907091554453590155
2810,20250402,트위터,"RT @so_geum_00: 교통법규지키자는 취지의 프로그램나가서
내 자전거 니 오토바이보다 빠름 지옥ㄱㄱ
하는 노래 부르는 딸케 어떤데 https://x.com/so_geum_00/status/1907040684533776407/video/1https://x.com/so_geum_00/status/1907040684533776407/video/1",https://twitter.com/Rocknaerim/status/1907090981616541941
2811,20250402,트위터,유ㅏ 헐 하인성!!!!!! 아니 자전거 도둑은 뭐죠 ㅌㅋㄱㅋㄱㅋㄱㅋ큐큐ㅠㅠ https://twitter.com/hayanbab0987/status/1907072236047220855,https://twitter.com/moon_yeongon/status/1907089487471235423
2812,20250402,트위터,"잊혀졌던 자전거 도난 사건 세번째 진행상황 

피의자가 모든혐의를 인정하고 결국 검찰로 넘어가게되었습니다 검찰에서 검사님이 수사를 시작했고 피의자에게 처벌혹은 벌금형을 선고할꺼라고 연락받았습니다 , 이제 검찰수사결과만 기디리면 끝이납니다 피의자가 한국사람이 아니라는것에 놀랐어요 https://x.com/GyubumS20027/status/1907089441497423894/photo/1https://x.com/GyubumS20027/status/1907089441497423894/photo/1https://x.com/GyubumS20027/status/1907089441497423894/photo/1https://x.com/GyubumS20027/status/1907089441497423894/photo/1",https://twitter.com/GyubumS20027/status/1907089441497423894
2813,20250402,트위터,"RT @so_geum_00: 교통법규지키자는 취지의 프로그램나가서
내 자전거 니 오토바이보다 빠름 지옥ㄱㄱ
하는 노래 부르는 딸케 어떤데 https://x.com/so_geum_00/status/1907040684533776407/video/1https://x.com/so_geum_00/status/1907040684533776407/video/1",https://twitter.com/A_lucky_Z/status/1907089228808491138
2814,20250402,트위터,"잊혀졌던 자전거 도난 사건 새번째 진행상황 

피의자가 모든혐의를 인정하고 결국 검찰로 넘어가게되었습니다 검찰에서 검사님이 수사를 시작했고 피의자에게 처벌혹은 벌금형을 선고할꺼라고 연락받았습니다 , 이제 검찰수사결과만 기디리면 끝이납니다 피의자가 한국사람이 아니라는것에 놀랐어요 https://x.com/GyubumS20027/status/1907088974734344537/photo/1https://x.com/GyubumS20027/status/1907088974734344537/photo/1https://x.com/GyubumS20027/status/1907088974734344537/photo/1https://x.com/GyubumS20027/status/1907088974734344537/photo/1",https://twitter.com/GyubumS20027/status/1907088974734344537
2815,20250402,트위터,"잊혀졌던 자전거 도난 사건 새번째 진행상황 

피의자가 모든혐의를 인정하고 결국 검찰로 넘어가게되었습니다 검찰에서 검사님이 수사를 시작했고 피의자에게 처벌혹은 벌금형을 선고할꺼라고 연락받았습니다 , 이제 검찰수사결과만 기디리면 끝이납니다 
피의자가 한국사람이 아니라는것에 놀랐어요 https://x.com/GyubumS20027/status/1907088933684678821/photo/1https://x.com/GyubumS20027/status/1907088933684678821/photo/1https://x.com/GyubumS20027/status/1907088933684678821/photo/1https://x.com/GyubumS20027/status/1907088933684678821/photo/1",https://twitter.com/GyubumS20027/status/1907088933684678821
2816,20250402,트위터,"@carpe794 그래서 저도 제가 취미로 하는 운동종목(축구등의 구기종목등)이 아닌 건강관련으로만 하는 운동이면 최대한 종목 좁혀서 최소치를 빠르게 돌파하는 형태로 구성하려고 하고잇어요.. 
주말에 시간날때는 길게 운동하는데(자전거라던가 달리기)평일에는 빠듯하니까..",https://twitter.com/1ungy55/status/1907088828718059993
2817,20250402,트위터,"잊혀졌던 자전거 도난 사건 새번째 진행상황 

피의자가 모든혐의를 인정하고 결국 검찰로 넘어가게되었습니다 검찰에서 검사님이 수사를 시작했고 
피의자에게 처벌혹은 벌금형을 선고할꺼라고 연락받았습니다 , 이제 검찰수사결과만 기디리면 끝이납니다 https://x.com/GyubumS20027/status/1907088791367774570/photo/1https://x.com/GyubumS20027/status/1907088791367774570/photo/1https://x.com/GyubumS20027/status/1907088791367774570/photo/1https://x.com/GyubumS20027/status/1907088791367774570/photo/1",https://twitter.com/GyubumS20027/status/1907088791367774570
2818,20250402,트위터,"RT @so_geum_00: 교통법규지키자는 취지의 프로그램나가서
내 자전거 니 오토바이보다 빠름 지옥ㄱㄱ
하는 노래 부르는 딸케 어떤데 https://x.com/so_geum_00/status/1907040684533776407/video/1https://x.com/so_geum_00/status/1907040684533776407/video/1",https://twitter.com/Zizi9aon/status/1907088615076921360
2819,20250402,트위터,"RT @so_geum_00: 교통법규지키자는 취지의 프로그램나가서
내 자전거 니 오토바이보다 빠름 지옥ㄱㄱ
하는 노래 부르는 딸케 어떤데 https://x.com/so_geum_00/status/1907040684533776407/video/1https://x.com/so_geum_00/status/1907040684533776407/video/1",https://twitter.com/tnxkdr/status/1907088563277267189
2820,20250402,트위터,.........저번에 바지 벗겨진 현암...이란 글과 연성 본 영향인지 자전거 타다가 길에서 바지 찢어진 현암 상상되서 죽을거같다..,https://twitter.com/Roretzi_Moon/status/1907088475679281181
2821,20250402,트위터,"그린듯한 동방회식
+ 네발자전거 이런 헛소리까지 술집에서막나온무드잖아 https://x.com/K_eyii/status/1907087660671438938/video/1https://x.com/K_eyii/status/1907087660671438938/video/1",https://twitter.com/K_eyii/status/1907087660671438938
2822,20250402,트위터,"RT @so_geum_00: 교통법규지키자는 취지의 프로그램나가서
내 자전거 니 오토바이보다 빠름 지옥ㄱㄱ
하는 노래 부르는 딸케 어떤데 https://x.com/so_geum_00/status/1907040684533776407/video/1https://x.com/so_geum_00/status/1907040684533776407/video/1",https://twitter.com/dkanrjsk_like/status/1907087356278329704
2823,20250402,트위터,RT @yama__zzal: 자전거 타다가 길에서 바지가 찢어졌습니다 https://x.com/yama__zzal/status/1906683544983990634/photo/1https://x.com/yama__zzal/status/1906683544983990634/photo/1https://x.com/yama__zzal/status/1906683544983990634/photo/1https://x.com/yama__zzal/status/1906683544983990634/photo/1,https://twitter.com/Chammoong/status/1907087293644763541
2824,20250402,트위터,RT @yama__zzal: 자전거 타다가 길에서 바지가 찢어졌습니다 https://x.com/yama__zzal/status/1906683544983990634/photo/1https://x.com/yama__zzal/status/1906683544983990634/photo/1https://x.com/yama__zzal/status/1906683544983990634/photo/1https://x.com/yama__zzal/status/1906683544983990634/photo/1,https://twitter.com/geekintheblues/status/1907087101298184354
2825,20250402,트위터,RT @yama__zzal: 자전거 타다가 길에서 바지가 찢어졌습니다 https://x.com/yama__zzal/status/1906683544983990634/photo/1https://x.com/yama__zzal/status/1906683544983990634/photo/1https://x.com/yama__zzal/status/1906683544983990634/photo/1https://x.com/yama__zzal/status/1906683544983990634/photo/1,https://twitter.com/bluemoonlit_K/status/1907087071988068633
2826,20250402,트위터,RT @yama__zzal: 자전거 타다가 길에서 바지가 찢어졌습니다 https://x.com/yama__zzal/status/1906683544983990634/photo/1https://x.com/yama__zzal/status/1906683544983990634/photo/1https://x.com/yama__zzal/status/1906683544983990634/photo/1https://x.com/yama__zzal/status/1906683544983990634/photo/1,https://twitter.com/me0w__bbu/status/1907086978602221665
2827,20250402,트위터,자전거 벨로 화답하며 입꼬리 올려 삐죽삐죽 웃는 범무혁을 사랑해.. 매번 그장면만 보면 눈물줄줄흘림 울어라!!!! 네.....???????????? 됨그냥 무혁이.. 바다 보면서 어떤 생각을 할까..를 생각해보다 갑자기 마음이찢어졋어..,https://twitter.com/moodonngg/status/1907086527827792103
2828,20250401,트위터,RT @yama__zzal: 자전거 타다가 길에서 바지가 찢어졌습니다 https://x.com/yama__zzal/status/1906683544983990634/photo/1https://x.com/yama__zzal/status/1906683544983990634/photo/1https://x.com/yama__zzal/status/1906683544983990634/photo/1https://x.com/yama__zzal/status/1906683544983990634/photo/1,https://twitter.com/MA_RIMmm/status/1907084461059231857
2829,20250401,트위터,"개인적으로 플북에
자전거가 무슨 의미인지나 써주세요
유창하고 존나 멋있는 척 하면서
의미 존나 가득한 물품인거로
그렇게 먹을거니까",https://twitter.com/DeSLlll/status/1907080382111244592
2830,20250401,트위터,RT @NnGgSsWw: 런쥔이 생일선물을 사려고 7시40분에 나와서 미친듯이 밟았을 걸 생각하면 걍 미치겟는거야 19분만에 압갤에 도착한 자전거 듀오 ㅅㅂ https://x.com/NnGgSsWw/status/1906703009196945769/video/1https://x.com/NnGgSsWw/status/1906703009196945769/video/1,https://twitter.com/bluewave_0813/status/1907080129958019216
2831,20250401,트위터,헤어마저도 짧게 하고 다녀서 애들이 ㅈㄴ 놀려댔죠… 와사바리 약한정도도 ㅈㄴ 당해봤습니다… 그래서 중2되기 전인가? 큰맘먹고 집에 있는 자전거를 매일 1시간씩 돌렸더니 3개월만에 예전 몸매로 만들고 지금도 꾸준히 핼스장도 다니면서 15분씩하는 중입니다…,https://twitter.com/mr_molu08/status/1907079573038387222
2832,20250401,트위터,"RT @J_yom2: 저: 진혁덕형+기범무혁 (정장+폭탄)
      진혁덕형+동현자경 (찻잔 / 시계)
      동현자경+기범무혁 (찻잔)
      진혁덕형 (정장+폭탄)
      
????: 동현 재단사 or 동현자경 포함 페어폴라 (자전거,…",https://twitter.com/joanna__young/status/1907079012926771640
2833,20250401,트위터,"자전거 초보의 국내일주 28일차 
속초 양양 강릉(경포) https://x.com/GeunyangIl58617/status/1907078185973629118/video/1https://x.com/GeunyangIl58617/status/1907078185973629118/video/1https://x.com/GeunyangIl58617/status/1907078185973629118/video/1https://x.com/GeunyangIl58617/status/1907078185973629118/video/1https://x.com/GeunyangIl58617/status/1907078185973629118/video/1https://x.com/GeunyangIl58617/status/1907078185973629118/video/1https://x.com/GeunyangIl58617/status/1907078185973629118/video/1https://x.com/GeunyangIl58617/status/1907078185973629118/video/1",https://twitter.com/GeunyangIl58617/status/1907078185973629118
2834,20250401,트위터,"RT @so_geum_00: 교통법규지키자는 취지의 프로그램나가서
내 자전거 니 오토바이보다 빠름 지옥ㄱㄱ
하는 노래 부르는 딸케 어떤데 https://x.com/so_geum_00/status/1907040684533776407/video/1https://x.com/so_geum_00/status/1907040684533776407/video/1",https://twitter.com/wootzzayo/status/1907077996609175572
2835,20250401,트위터,"큼. 사실은 뽀뽀를 더 하고 싶다고 생각했다. 자전거를 되찾아 내일은 준수와 같이 달리고 싶은 마음 반, 자전거를 못 찾았다 말하고 내일도 준수에게 뽀뽀 한 번 더 받고 싶은 마음이 또 반.",https://twitter.com/HERE314_/status/1907077814324715569
2836,20250401,트위터,"킁. 대답을 웅얼웅얼 얼버무리는 입에서 준수가 쓰는 치약 향이 희미하게 났다. 자전거를 잃어버린 슬픔을 잠깐이나마 잊게 해 주는 향긋함에, 영중은 준수의 치약 브랜드를 궁금해했다.",https://twitter.com/HERE314_/status/1907077811019321575
2837,20250401,트위터,"빨간 얼굴이 새콤달콤한 버찌 같았다. 입 안에 순식간에 침이 차올랐고, 꿀꺽, 넘어갔다. 준수는 영중이 자신의 침을 삼키자 기분이 굉장히 좋아 보였다. 영중은 솔직히 기분이 별로였지만 참았다. 꼴깍, 꼴깍, 꼴깍.

웩. 이제 그만해.
엉.
내 자전거는 어떡하지?
내 자전거 타고 가.",https://twitter.com/HERE314_/status/1907077804895953208
2838,20250401,트위터,준수가 제 손을 잡은 영중의 손을 슥 봤다. 자전거가 사라진 자리만 보는 얼굴도 흘끔 봤다. 저가 무슨 힘이 있다고 제 손을 잡고 고자질는지 모르겠지만 괜히 가슴이 뿌듯하니 꽉 찬 느낌이나 그럼에도 가벼운 어깨가 나쁘지 않았다.,https://twitter.com/HERE314_/status/1907077791167955341
2839,20250401,트위터,"내 자전거가 없어졌어.
뭐?

영중의 손을 치우던 준수가 그 말에 고개를 옆으로 빼 자전거 거치소를 확인했다. 진짜였다. 등교를 같이 하다 보니 같이 두는 날이 많고, 그런 날이 대부분이었던 자전거가 없었다.",https://twitter.com/HERE314_/status/1907077788626309487
2840,20250401,트위터,"영중이 뒤돌아서 준수에게 뛰어왔다. 떨어진 옷도 주워 왔다. 준수는 도망갔던 영중이 제 발로 잡히러 오니까 의심스러웠는지 눈을 예쁘게 뜨지 않고 쭉 찢었다. 영중은 자전거가 없어져서 심각한 주제에 준수의 얼굴을 골랐다. 찢어진 눈꼬리를 엄지와 검지, 중지로 살살 모아서 집어 줬다.",https://twitter.com/HERE314_/status/1907077785979650420
2841,20250401,트위터,10 시청 앞에 자전거가 왜이렇게 많을까 https://twitter.com/http404status/status/1898287811868213422,https://twitter.com/http404status/status/1907077767902200173
2842,20250401,트위터,RT @march410exe: 아무래도 검찰뿐만 아니라 경찰도 한번 갈아엎어야할듯 일을 너무 엉망으로해 ㅋㅋㅋㅋ 작년에 울엄마도 자전거 누가 훔쳐가서 현장에서 경찰불렀더니 왜 이런걸로 부르냐고 화냈다고함 아니 이런걸로 안부르면 뭐할때 부르는데 ㅅㅂ,https://twitter.com/bulbada_87/status/1907077212278542502
2843,20250401,트위터,"RT @uahan2: 메가박스 4월 단독 라인업

? 기동전사 건담 지쿠악스 비기닝 - 4월 2일
? 택시 드라이버 - 4월 9일
? 아키라 - 4월 9일 (돌비 시네마)
? 자전거 탄 소년 - 4월 16일
? 극장판 BanG Dream! It's…",https://twitter.com/givemesushirn/status/1907077195715031334
2844,20250401,트위터,솔직히 날 풀리면 그냥 등에 텐트가방 매고 자전거타고 다니면서 굳이 집놔두고 노숙하면서 돌아다녀도 될거같음. 주변에 말했다간 죄다 뜯어 말리겠지만,https://twitter.com/rusted_being/status/1907077183979557327
2845,20250401,트위터,"RT @welcomesoo0216: 날씨가 너무 좋아 이런날이면 작은 얼굴을 애워싸는 큰 모자 하나 눌러 쓰고 등산도 가고 자전거도 타고 해야 하는데 아직은 모든게 많이 춥다 그치?
지금은 너무 많이 추우니까 귀마개 목도리 장갑 롱패딩으로 너부터 꽁…",https://twitter.com/HKwak432/status/1907077144909648220
2846,20250401,트위터,"MTB 자전거 필수 부품 '시마노 알투스 M2000 9단 섀도우 변속기' 리뷰
#시마노변속기 #알투스M2000 #MTB자전거부품 #9단변속기 #섀도우드레일러 #알리익스프레스자전거부품 #시마노정품 #MTB튜닝 #자전거후방변속기
https://ailexpress.yamlove77.com/%ec%8b%9c%eb%a7%88%eb%85%b8-%ec%95%8c%ed%88%ac%ec%8a%a4-m2000-mbt-%ec%9e%90%ec%a0%84%ea%b1%b0-%ed%95%84%ec%88%98-%eb%b6%80%ed%92%88/",https://twitter.com/donmoneyrich/status/1907077100722655533
2847,20250401,트위터,"공공즈 슴여섯먹엇으니
좀 의젓하게 놀줄알앗는데
아직도 한명이성대모사 시작하면 
단체로 전염돼서 1절 2절 3절까지 가고
    나이제집갈게
      ㄴ 문앞에네발자전거가네거엿어?
이런드립치고노는애들이라 조흠",https://twitter.com/maltejam/status/1907077068602716670
2848,20250401,트위터,"RT @so_geum_00: 교통법규지키자는 취지의 프로그램나가서
내 자전거 니 오토바이보다 빠름 지옥ㄱㄱ
하는 노래 부르는 딸케 어떤데 https://x.com/so_geum_00/status/1907040684533776407/video/1https://x.com/so_geum_00/status/1907040684533776407/video/1",https://twitter.com/orchidblub/status/1907077035274748012
2849,20250401,트위터,RT @yama__zzal: 자전거 타다가 길에서 바지가 찢어졌습니다 https://x.com/yama__zzal/status/1906683544983990634/photo/1https://x.com/yama__zzal/status/1906683544983990634/photo/1https://x.com/yama__zzal/status/1906683544983990634/photo/1https://x.com/yama__zzal/status/1906683544983990634/photo/1,https://twitter.com/hayd2n95/status/1907076933361496269
2850,20250401,트위터,"RT @ozii239: 정형사 범인 잡을라고 두발로 전력질주하면서 조뺑이치는데
송형사 어디서 전기자전거 빌려와가지고 정형사 앞질러감",https://twitter.com/siimiiie/status/1907075235440107949
2851,20250401,트위터,"정형사 범인 잡을라고 두발로 전력질주하면서 조뺑이치는데
송형사 어디서 전기자전거 빌려와가지고 정형사 앞질러감",https://twitter.com/ozii239/status/1907074617455554595
2852,20250401,트위터,"이건 전동 킥보드보고 분개한 마일로
이것도 쪼끔 진정된 상태라 찍은 거고
넘 흥분해서 못 찍었어요
자전거까진 이제 많이 괜찮아졌는데
전동 킥보드만 보면 대분노...

#가족찾는마일로 https://x.com/milolucky5/status/1907074549923147838/video/1https://x.com/milolucky5/status/1907074549923147838/video/1",https://twitter.com/milolucky5/status/1907074549923147838
2853,20250401,트위터,RT @march410exe: 아무래도 검찰뿐만 아니라 경찰도 한번 갈아엎어야할듯 일을 너무 엉망으로해 ㅋㅋㅋㅋ 작년에 울엄마도 자전거 누가 훔쳐가서 현장에서 경찰불렀더니 왜 이런걸로 부르냐고 화냈다고함 아니 이런걸로 안부르면 뭐할때 부르는데 ㅅㅂ,https://twitter.com/myfave_kuroden/status/1907073869355348378
2854,20250401,트위터,"하인성 미챴다
근데 자전거도둑 개웃기다 https://twitter.com/hayanbab0987/status/1907072236047220855",https://twitter.com/I_MY_MINE_7127/status/1907072406939910542
2855,20250401,트위터,"#트친소
트친사귀고 싶어요?? 자전거랑 자동차 변신하는 애니메이션 픅지머 그리고 자캐 얘기해요???? https://x.com/dianayeon_j/status/1907071904441418072/photo/1https://x.com/dianayeon_j/status/1907071904441418072/photo/1https://x.com/dianayeon_j/status/1907071904441418072/photo/1https://x.com/dianayeon_j/status/1907071904441418072/photo/1https://x.com/dianayeon_j/status/1907071904441418072/photo/1https://x.com/dianayeon_j/status/1907071904441418072/photo/1https://x.com/dianayeon_j/status/1907071904441418072/photo/1https://x.com/dianayeon_j/status/1907071904441418072/photo/1",https://twitter.com/dianayeon_j/status/1907071904441418072
2856,20250401,트위터,RT @yama__zzal: 자전거 타다가 길에서 바지가 찢어졌습니다 https://x.com/yama__zzal/status/1906683544983990634/photo/1https://x.com/yama__zzal/status/1906683544983990634/photo/1https://x.com/yama__zzal/status/1906683544983990634/photo/1https://x.com/yama__zzal/status/1906683544983990634/photo/1,https://twitter.com/Black_6_8G/status/1907071250855506094
2857,20250401,트위터,"밤이라서 어둡기도하거
자전거 도로걷는 사람 피하려다가 상대가 내쪽으로 ㅠ  선넘어와서
불가피했음 https://twitter.com/dagim_FD/status/1907068424473178446",https://twitter.com/dagim_FD/status/1907071158513451424
2858,20250401,트위터,RT @yama__zzal: 자전거 타다가 길에서 바지가 찢어졌습니다 https://x.com/yama__zzal/status/1906683544983990634/photo/1https://x.com/yama__zzal/status/1906683544983990634/photo/1https://x.com/yama__zzal/status/1906683544983990634/photo/1https://x.com/yama__zzal/status/1906683544983990634/photo/1,https://twitter.com/PopoGa_PeO/status/1907071103119589409
2859,20250401,트위터,"RT @so_geum_00: 교통법규지키자는 취지의 프로그램나가서
내 자전거 니 오토바이보다 빠름 지옥ㄱㄱ
하는 노래 부르는 딸케 어떤데 https://x.com/so_geum_00/status/1907040684533776407/video/1https://x.com/so_geum_00/status/1907040684533776407/video/1",https://twitter.com/_PowderAlounder/status/1907071086434615346
2860,20250401,트위터,"RT @so_geum_00: 교통법규지키자는 취지의 프로그램나가서
내 자전거 니 오토바이보다 빠름 지옥ㄱㄱ
하는 노래 부르는 딸케 어떤데 https://x.com/so_geum_00/status/1907040684533776407/video/1https://x.com/so_geum_00/status/1907040684533776407/video/1",https://twitter.com/qqxhxh/status/1907071027924152607
2861,20250401,트위터,"RT @_NoLee: 1. 백화점 영업 시간 8시까지
2. 재민 제노 7시 40분에 자전거 타고 출발
3. 7시 59분에 매장 도착?
4. 매장에서 런쥔이 생일 선물로 가방 구매
5. 가방을 든 채로 자전거로 달려서 도착?
6. 런쥔이한테 배달

ㅎ…",https://twitter.com/jjdr0_813/status/1907071022496731368
2862,20250401,트위터,@xuselifeonly 우리집 가라지에서 백업할때 자전거 옆으로 사람 서있는걸로 매번 보여요. ??,https://twitter.com/Moon_River2004/status/1907070644787036206
2863,20250401,트위터,"트렌드웨이브안가면안되는이유가잇은
1.우리집이랑개가까움 걍 자전거타고15분이면감
2.ㄷㅂㅇㅈ가나옴&lt;?-중요
3.시험이끝난후라 개신나게놀수있음
저 제발보내주세요????????",https://twitter.com/tbzqs2/status/1907067905013076154
2864,20250401,트위터,"RT @ymh0514: @mobydick119 맞아요. ㅠㅠ 
재활병동에 있어보면 정말 자전거타다가 경추다치신분 많아요. 
목아래로 마비오거나 머리다치면 눈도 잘 못깜박거려요. 
목 뚫어서 식사하고 숨쉬고 눈도 건조해서 연고 발라줘야하고…
사고가 어…",https://twitter.com/angeljuj0815/status/1907066277870612561
2865,20250401,트위터,"날씨가 너무 좋아 이런날이면 작은 얼굴을 애워싸는 큰 모자 하나 눌러 쓰고 등산도 가고 자전거도 타고 해야 하는데 아직은 모든게 많이 춥다 그치?
지금은 너무 많이 추우니까 귀마개 목도리 장갑 롱패딩으로 너부터 꽁꽁싸매 독한 감기에 걸리지 않게 말이야! 이게 나의, 우리의 간절한 부탁이야! https://x.com/welcomesoo0216/status/1907065193198444989/photo/1https://x.com/welcomesoo0216/status/1907065193198444989/photo/1",https://twitter.com/welcomesoo0216/status/1907065193198444989
2866,20250401,트위터,배깡혂을꼬옥안아주고퐁당오쇼콜라먹이고낮잠재우고해쨍할때깨워서등안마해주고어깨주물러주고밥먹이고자전거타고밤에별보고따끈따끈한데다가재울거에요,https://twitter.com/aheartfullol/status/1907064540124360737
2867,20250401,트위터,RT @yama__zzal: 자전거 타다가 길에서 바지가 찢어졌습니다 https://x.com/yama__zzal/status/1906683544983990634/photo/1https://x.com/yama__zzal/status/1906683544983990634/photo/1https://x.com/yama__zzal/status/1906683544983990634/photo/1https://x.com/yama__zzal/status/1906683544983990634/photo/1,https://twitter.com/s_unag/status/1907064339879931966
2868,20250401,트위터,RT @yama__zzal: 자전거 타다가 길에서 바지가 찢어졌습니다 https://x.com/yama__zzal/status/1906683544983990634/photo/1https://x.com/yama__zzal/status/1906683544983990634/photo/1https://x.com/yama__zzal/status/1906683544983990634/photo/1https://x.com/yama__zzal/status/1906683544983990634/photo/1,https://twitter.com/yeong483/status/1907064150615818714
2869,20250401,트위터,"RT @so_geum_00: 교통법규지키자는 취지의 프로그램나가서
내 자전거 니 오토바이보다 빠름 지옥ㄱㄱ
하는 노래 부르는 딸케 어떤데 https://x.com/so_geum_00/status/1907040684533776407/video/1https://x.com/so_geum_00/status/1907040684533776407/video/1",https://twitter.com/nahyejin18/status/1907063802987749652
2870,20250401,트위터,"RT @so_geum_00: 교통법규지키자는 취지의 프로그램나가서
내 자전거 니 오토바이보다 빠름 지옥ㄱㄱ
하는 노래 부르는 딸케 어떤데 https://x.com/so_geum_00/status/1907040684533776407/video/1https://x.com/so_geum_00/status/1907040684533776407/video/1",https://twitter.com/jyaaa_mong/status/1907063523454419340
2871,20250401,트위터,"자전거에 손수검 걸때 빨강 파랑인줄 알고
혁명의 붉은색과 자유의 푸른색인가 했는데
불켜지고 보니까 파란색이 아니엇어...ㅋㅋㅋ
암튼 덕형의 빨강은 노동의 가치와 혁명일거같았고
자경은 자유와 이상인 것 같았음 노죠와 밍변같은 느낌 (?)",https://twitter.com/sham_myu/status/1907063301374345539
2872,20250401,트위터,"RT @zmxoly: ㅋㅋㅋㅋ십
런쥐니 자전거타고왓다니까 이해찬 바로 앞에잇던네발자전거니꺼야?;; ㅇㅈㄹ https://x.com/zmxoly/status/1907062982661869912/video/1https://x.com/zmxoly/status/1907062982661869912/video/1",https://twitter.com/haechanlove_606/status/1907063093890265511
2873,20250401,트위터,"ㅋㅋㅋㅋ십
런쥐니 자전거타고왓다니까 이해찬 바로 앞에잇던네발자전거니꺼야?;; ㅇㅈㄹ https://x.com/zmxoly/status/1907062982661869912/video/1https://x.com/zmxoly/status/1907062982661869912/video/1",https://twitter.com/zmxoly/status/1907062982661869912
2874,20250401,트위터,RT @yama__zzal: 자전거 타다가 길에서 바지가 찢어졌습니다 https://x.com/yama__zzal/status/1906683544983990634/photo/1https://x.com/yama__zzal/status/1906683544983990634/photo/1https://x.com/yama__zzal/status/1906683544983990634/photo/1https://x.com/yama__zzal/status/1906683544983990634/photo/1,https://twitter.com/nagaai_sakana/status/1907062846493769862
2875,20250401,트위터,"@bibb0000 그러고 나서 말씀하셨다.
다 먹은 뒤엔 30분 뒤에 스쿼트 해.
양이 적었으니 실내 자전거 20분이면 괜찮겠네.
양치질 잊지 말고. ... 의사들이 과장이 심하긴 하지만, 그 과장을 들으러 갈 일이 없는 게 제일 좋으니까.",https://twitter.com/f0rget_forever/status/1907059857473093967
2876,20250401,트위터,"RT @_NoLee: 1. 백화점 영업 시간 8시까지
2. 재민 제노 7시 40분에 자전거 타고 출발
3. 7시 59분에 매장 도착?
4. 매장에서 런쥔이 생일 선물로 가방 구매
5. 가방을 든 채로 자전거로 달려서 도착?
6. 런쥔이한테 배달

ㅎ…",https://twitter.com/ksbdalr/status/1907058368818348457
2877,20250401,트위터,"RT @J_yom2: 저: 진혁덕형+기범무혁 (정장+폭탄)
      진혁덕형+동현자경 (찻잔 / 시계)
      동현자경+기범무혁 (찻잔)
      진혁덕형 (정장+폭탄)
      
????: 동현 재단사 or 동현자경 포함 페어폴라 (자전거,…",https://twitter.com/hye_ryeol/status/1907058185451782544
2878,20250401,트위터,"RT @J_yom2: 저: 진혁덕형+기범무혁 (정장+폭탄)
      진혁덕형+동현자경 (찻잔 / 시계)
      동현자경+기범무혁 (찻잔)
      진혁덕형 (정장+폭탄)
      
????: 동현 재단사 or 동현자경 포함 페어폴라 (자전거,…",https://twitter.com/J_yom2/status/1907057963053006874
2879,20250401,트위터,RT @yama__zzal: 자전거 타다가 길에서 바지가 찢어졌습니다 https://x.com/yama__zzal/status/1906683544983990634/photo/1https://x.com/yama__zzal/status/1906683544983990634/photo/1https://x.com/yama__zzal/status/1906683544983990634/photo/1https://x.com/yama__zzal/status/1906683544983990634/photo/1,https://twitter.com/ic8_0/status/1907057129254748640
2880,20250401,트위터,RT @yama__zzal: 자전거 타다가 길에서 바지가 찢어졌습니다 https://x.com/yama__zzal/status/1906683544983990634/photo/1https://x.com/yama__zzal/status/1906683544983990634/photo/1https://x.com/yama__zzal/status/1906683544983990634/photo/1https://x.com/yama__zzal/status/1906683544983990634/photo/1,https://twitter.com/comet_cm/status/1907057039261733105
2881,20250401,트위터,"@CUBE_NOWADAYS 여누야 여의도에 벚꽃이 피었는데 자전거 같이 탈래요?!!

#NOWADAYS #나우어데이즈
#1st_NOW_B_DAYS #연우 #YEONWOO",https://twitter.com/1doxm0de/status/1907056884093419592
2882,20250401,트위터,"탱댐 호댐 연성중에 젤 기억에 남는 게
원온원으로 파김치 된 정대만이랑 같이 집 가려던 서태웅 자전거 끌고 왔는데 이 둘 앞에 바이크 멈추더니 자기가 정대만 태워다주겠다 말하는 호열이  
근데 어떤분이 쓰셨는지 찾지 못함...",https://twitter.com/dldnt_sd_D14/status/1907056766464254394
2883,20250401,트위터,한강에 자전거 타러 갈 사람 ~~ https://x.com/110water/status/1907056838446657814/video/1https://x.com/110water/status/1907056838446657814/video/1,https://twitter.com/110water/status/1907056838446657814
2884,20250401,트위터,"@CUBE_NOWADAYS 비니야 니우즈 1주년 돌잡이 열어야지
돌잡이 상에 뭐 놓을까 마이크?자전거바퀴?

#NOWADAYS #나우어데이즈
#1st_NOW_B_DAYS",https://twitter.com/eachpassingxxx/status/1907056627519275225
2885,20250401,트위터,RT @yama__zzal: 자전거 타다가 길에서 바지가 찢어졌습니다 https://x.com/yama__zzal/status/1906683544983990634/photo/1https://x.com/yama__zzal/status/1906683544983990634/photo/1https://x.com/yama__zzal/status/1906683544983990634/photo/1https://x.com/yama__zzal/status/1906683544983990634/photo/1,https://twitter.com/fsiqinz/status/1907056329216188755
2886,20250401,트위터,RT @yama__zzal: 자전거 타다가 길에서 바지가 찢어졌습니다 https://x.com/yama__zzal/status/1906683544983990634/photo/1https://x.com/yama__zzal/status/1906683544983990634/photo/1https://x.com/yama__zzal/status/1906683544983990634/photo/1https://x.com/yama__zzal/status/1906683544983990634/photo/1,https://twitter.com/_dyaldyal/status/1907056101759033607
2887,20250401,트위터,RT @yama__zzal: 자전거 타다가 길에서 바지가 찢어졌습니다 https://x.com/yama__zzal/status/1906683544983990634/photo/1https://x.com/yama__zzal/status/1906683544983990634/photo/1https://x.com/yama__zzal/status/1906683544983990634/photo/1https://x.com/yama__zzal/status/1906683544983990634/photo/1,https://twitter.com/oegjustin/status/1907055446680338711
2888,20250401,트위터,RT @yama__zzal: 자전거 타다가 길에서 바지가 찢어졌습니다 https://x.com/yama__zzal/status/1906683544983990634/photo/1https://x.com/yama__zzal/status/1906683544983990634/photo/1https://x.com/yama__zzal/status/1906683544983990634/photo/1https://x.com/yama__zzal/status/1906683544983990634/photo/1,https://twitter.com/daro_3_3/status/1907055357437870409
2889,20250401,트위터,RT @yama__zzal: 자전거 타다가 길에서 바지가 찢어졌습니다 https://x.com/yama__zzal/status/1906683544983990634/photo/1https://x.com/yama__zzal/status/1906683544983990634/photo/1https://x.com/yama__zzal/status/1906683544983990634/photo/1https://x.com/yama__zzal/status/1906683544983990634/photo/1,https://twitter.com/aiaiuhh/status/1907055270259519530
2890,20250401,트위터,"Bicycle ba ba ba broom Bicycle I'm faster than your motorcycle
내 자전거 니 오토바이보다 빠름 https://x.com/Im_a_Villains07/status/1907054596549427284/photo/1https://x.com/Im_a_Villains07/status/1907054596549427284/photo/1",https://twitter.com/Im_a_Villains07/status/1907054596549427284
2891,20250401,트위터,"미원이 청주에서도 제법 외곽이라 단독으로 오기 쉽지 않을것 같아 추천하는...~
??도립 미동산 수목원 (입장무료 산보 자전거 유아동반 최고)
??미원천 벚꽃길 (지대가 높아서 벚꽃이 늦게까지 피어있음)
??옥화대 청석굴 (계곡드라이브&amp;캠핑펜션 多)
??청남대
등등 구경하시면 좋을 것 같아용 https://twitter.com/WaterMelonChoux/status/1906997903706788175",https://twitter.com/WATERpupupu/status/1907053816652112060
2892,20250401,트위터,"@Q2vn1 바이크 팔고 자전거를 사는 건...... 당연히 안 되겠지, 응. 너어는 위험한 게 뭐가 좋다고 그렇게 타고 다니냐? 주변 사람들이 걱정하는 것 뻔히 알면서. 저번에 타 보니까 엄청 위험하더만.",https://twitter.com/iqvrly/status/1907049397315363290
2893,20250401,트위터,"RT @dukk_oo: 이거아직도웃겨서 웃다가콧물흘림 진짜
자전거가 너무많이지나가요 https://x.com/dukk_oo/status/1907044267421204694/photo/1https://x.com/dukk_oo/status/1907044267421204694/photo/1",https://twitter.com/_CHOCOLA7E/status/1907048307249332385
2894,20250401,트위터,아뇨 내자전거는 쟤오토바이보다 빨라서 ㄱㅊ https://x.com/onandung/status/1907048194577428915/photo/1https://x.com/onandung/status/1907048194577428915/photo/1,https://twitter.com/onandung/status/1907048194577428915
2895,20250401,트위터,"RT @ATSUKA_BTOB: 250321 “2025 BTOB FAN-CON ‘3,2,1 GO! MELympic’” 첫콘

??????

자전거랑 찰떡이세요??

#비투비 #BTOB #멜림픽 #프니엘
#PENIEL #プニエル
@PenielShin https…",https://twitter.com/PENIELNSFW/status/1907048144917205307
2896,20250401,트위터,"RT @so_geum_00: 교통법규지키자는 취지의 프로그램나가서
내 자전거 니 오토바이보다 빠름 지옥ㄱㄱ
하는 노래 부르는 딸케 어떤데 https://x.com/so_geum_00/status/1907040684533776407/video/1https://x.com/so_geum_00/status/1907040684533776407/video/1",https://twitter.com/kimdyeongdyu/status/1907047612924243998
2897,20250401,트위터,"RT @dAseulgi0114: ????? 자전거 탄 풍경 - 너에게 난, 나에게 넌 ??
주연이 목소리가 해질녘 노을처럼 따숩고 아름답잖아ㅠㅠㅠㅠㅠㅠㅠ?? 

250330 블루드림미디어 영통 팬싸
#XdinaryHeroes #엑스디너리히어로즈 #엑디즈
#…",https://twitter.com/MyRockstarJoo/status/1907047565679558882
2898,20250401,트위터,"RT @so_geum_00: 교통법규지키자는 취지의 프로그램나가서
내 자전거 니 오토바이보다 빠름 지옥ㄱㄱ
하는 노래 부르는 딸케 어떤데 https://x.com/so_geum_00/status/1907040684533776407/video/1https://x.com/so_geum_00/status/1907040684533776407/video/1",https://twitter.com/selflessjean/status/1907047561460162903
2899,20250401,트위터,RT @NnGgSsWw: 런쥔이 생일선물을 사려고 7시40분에 나와서 미친듯이 밟았을 걸 생각하면 걍 미치겟는거야 19분만에 압갤에 도착한 자전거 듀오 ㅅㅂ https://x.com/NnGgSsWw/status/1906703009196945769/video/1https://x.com/NnGgSsWw/status/1906703009196945769/video/1,https://twitter.com/rainb0w_hee/status/1907047546905874447
2900,20250401,트위터,RT @yama__zzal: 자전거 타다가 길에서 바지가 찢어졌습니다 https://x.com/yama__zzal/status/1906683544983990634/photo/1https://x.com/yama__zzal/status/1906683544983990634/photo/1https://x.com/yama__zzal/status/1906683544983990634/photo/1https://x.com/yama__zzal/status/1906683544983990634/photo/1,https://twitter.com/cannibalismcrab/status/1907047437363224653
2901,20250401,트위터,"RT @dAseulgi0114: ????? 자전거 탄 풍경 - 너에게 난, 나에게 넌 ??
주연이 목소리가 해질녘 노을처럼 따숩고 아름답잖아ㅠㅠㅠㅠㅠㅠㅠ?? 

250330 블루드림미디어 영통 팬싸
#XdinaryHeroes #엑스디너리히어로즈 #엑디즈
#…",https://twitter.com/ppeachlemonade/status/1907047379150479748
2902,20250401,트위터,"RT @so_geum_00: 교통법규지키자는 취지의 프로그램나가서
내 자전거 니 오토바이보다 빠름 지옥ㄱㄱ
하는 노래 부르는 딸케 어떤데 https://x.com/so_geum_00/status/1907040684533776407/video/1https://x.com/so_geum_00/status/1907040684533776407/video/1",https://twitter.com/mingxdz/status/1907047323253010737
2903,20250401,트위터,"RT @kdRth1015: @(마이멜)ROH디

자전거는 위험한 것이었다 https://x.com/kdRth1015/status/1906960496861012315/photo/1https://x.com/kdRth1015/status/1906960496861012315/photo/1",https://twitter.com/Judith93955533/status/1907047257049849943
2904,20250401,트위터,"RT @so_geum_00: 교통법규지키자는 취지의 프로그램나가서
내 자전거 니 오토바이보다 빠름 지옥ㄱㄱ
하는 노래 부르는 딸케 어떤데 https://x.com/so_geum_00/status/1907040684533776407/video/1https://x.com/so_geum_00/status/1907040684533776407/video/1",https://twitter.com/yesyuhyun/status/1907047251274326376
2905,20250401,트위터,악몽에 시달리고 다시는 위스키를 먹지 못하게 되고 가끔 죽을 만큼 죄책감에 시달려도 기어코 죽지 않고 달리는 이부키 곁에서 자전거 페달을 힘껏 밟는 시마가 좋아요 모든 것은 '그럼에도 불구하고'로부터 시작된다 그리고 그 근원에는 이부키 아이가 활짝 펼친 손바닥의 깊고 긴 고랑이,https://twitter.com/_0405404/status/1907046920532680818
2906,20250401,트위터,RT @yama__zzal: 자전거 타다가 길에서 바지가 찢어졌습니다 https://x.com/yama__zzal/status/1906683544983990634/photo/1https://x.com/yama__zzal/status/1906683544983990634/photo/1https://x.com/yama__zzal/status/1906683544983990634/photo/1https://x.com/yama__zzal/status/1906683544983990634/photo/1,https://twitter.com/waysofwoong/status/1907046702294655146
2907,20250401,트위터,RT @yama__zzal: 자전거 타다가 길에서 바지가 찢어졌습니다 https://x.com/yama__zzal/status/1906683544983990634/photo/1https://x.com/yama__zzal/status/1906683544983990634/photo/1https://x.com/yama__zzal/status/1906683544983990634/photo/1https://x.com/yama__zzal/status/1906683544983990634/photo/1,https://twitter.com/MYEONGTAEYA/status/1907046645629637087
2908,20250401,트위터,"이거아직도웃겨서 웃다가콧물흘림 진짜
자전거가 너무많이지나가요 https://x.com/dukk_oo/status/1907044267421204694/photo/1https://x.com/dukk_oo/status/1907044267421204694/photo/1",https://twitter.com/dukk_oo/status/1907044267421204694
2909,20250401,트위터,RT @yama__zzal: 자전거 타다가 길에서 바지가 찢어졌습니다 https://x.com/yama__zzal/status/1906683544983990634/photo/1https://x.com/yama__zzal/status/1906683544983990634/photo/1https://x.com/yama__zzal/status/1906683544983990634/photo/1https://x.com/yama__zzal/status/1906683544983990634/photo/1,https://twitter.com/cozybread/status/1907043376802742761
2910,20250401,트위터,RT @yama__zzal: 자전거 타다가 길에서 바지가 찢어졌습니다 https://x.com/yama__zzal/status/1906683544983990634/photo/1https://x.com/yama__zzal/status/1906683544983990634/photo/1https://x.com/yama__zzal/status/1906683544983990634/photo/1https://x.com/yama__zzal/status/1906683544983990634/photo/1,https://twitter.com/kirock_/status/1907043347174420957
2911,20250401,트위터,RT @yama__zzal: 자전거 타다가 길에서 바지가 찢어졌습니다 https://x.com/yama__zzal/status/1906683544983990634/photo/1https://x.com/yama__zzal/status/1906683544983990634/photo/1https://x.com/yama__zzal/status/1906683544983990634/photo/1https://x.com/yama__zzal/status/1906683544983990634/photo/1,https://twitter.com/olathevi/status/1907043128068186576
2912,20250401,트위터,RT @yama__zzal: 자전거 타다가 길에서 바지가 찢어졌습니다 https://x.com/yama__zzal/status/1906683544983990634/photo/1https://x.com/yama__zzal/status/1906683544983990634/photo/1https://x.com/yama__zzal/status/1906683544983990634/photo/1https://x.com/yama__zzal/status/1906683544983990634/photo/1,https://twitter.com/Sseumeung__o_o/status/1907041807143190557
2913,20250401,트위터,"RT @so_geum_00: 교통법규지키자는 취지의 프로그램나가서
내 자전거 니 오토바이보다 빠름 지옥ㄱㄱ
하는 노래 부르는 딸케 어떤데 https://x.com/so_geum_00/status/1907040684533776407/video/1https://x.com/so_geum_00/status/1907040684533776407/video/1",https://twitter.com/walnut_0611/status/1907041794342215967
2914,20250401,트위터,RT @yama__zzal: 자전거 타다가 길에서 바지가 찢어졌습니다 https://x.com/yama__zzal/status/1906683544983990634/photo/1https://x.com/yama__zzal/status/1906683544983990634/photo/1https://x.com/yama__zzal/status/1906683544983990634/photo/1https://x.com/yama__zzal/status/1906683544983990634/photo/1,https://twitter.com/9doggy1/status/1907041737048277107
2915,20250401,트위터,"RT @oonsaemiro: 20250321 멜림픽 팬콘서트 첫콘

자전거 한 손으로 들고뛰는 남자 어떤데…♥?

#비투비 #임현식 @BTOB_IMHYUNSIK https://x.com/oonsaemiro/status/1907020377093750790/photo/1https://x.com/oonsaemiro/status/1907020377093750790/photo/1https://x.com/oonsaemiro/status/1907020377093750790/photo/1https://x.com/oonsaemiro/status/1907020377093750790/photo/1",https://twitter.com/aubesikkk/status/1907041707906253171
2916,20250401,트위터,글서 자전거 탈땐 쫄쫄이 입어야함 https://twitter.com/yama__zzal/status/1906683544983990634,https://twitter.com/euni0205/status/1907041606902956169
2917,20250401,트위터,RT @yama__zzal: 자전거 타다가 길에서 바지가 찢어졌습니다 https://x.com/yama__zzal/status/1906683544983990634/photo/1https://x.com/yama__zzal/status/1906683544983990634/photo/1https://x.com/yama__zzal/status/1906683544983990634/photo/1https://x.com/yama__zzal/status/1906683544983990634/photo/1,https://twitter.com/euni0205/status/1907041471716642984
2918,20250401,트위터,"RT @_NoLee: 1. 백화점 영업 시간 8시까지
2. 재민 제노 7시 40분에 자전거 타고 출발
3. 7시 59분에 매장 도착?
4. 매장에서 런쥔이 생일 선물로 가방 구매
5. 가방을 든 채로 자전거로 달려서 도착?
6. 런쥔이한테 배달

ㅎ…",https://twitter.com/eugyag12048/status/1907040969624805597
2919,20250401,트위터,"RT @miro_3_K: @goppai79145 쟤네 둘로 챗바퀴 타는 햄스터 상상하니까 이 짤이 떠올라요
앞의 햄스터 2마리 : 히나카, 카게야마
간신히 따라가는 햄스터 : 자전거 타고 따라가는 츠키시마 https://x.com/miro_3_K/status/1906943620340761045/photo/1https://x.com/miro_3_K/status/1906943620340761045/photo/1",https://twitter.com/itaru_whale01/status/1907040755392430294
2920,20250401,트위터,"교통법규지키자는 취지의 프로그램나가서
내 자전거 니 오토바이보다 빠름 지옥ㄱㄱ
하는 노래 부르는 딸케 어떤데 https://x.com/so_geum_00/status/1907040684533776407/video/1https://x.com/so_geum_00/status/1907040684533776407/video/1",https://twitter.com/so_geum_00/status/1907040684533776407
2921,20250401,트위터,"RT @uahan2: 메가박스 4월 단독 라인업

? 기동전사 건담 지쿠악스 비기닝 - 4월 2일
? 택시 드라이버 - 4월 9일
? 아키라 - 4월 9일 (돌비 시네마)
? 자전거 탄 소년 - 4월 16일
? 극장판 BanG Dream! It's…",https://twitter.com/ryumoon12/status/1907038942672937403
2922,20250401,트위터,"RT @uahan2: 메가박스 4월 단독 라인업

? 기동전사 건담 지쿠악스 비기닝 - 4월 2일
? 택시 드라이버 - 4월 9일
? 아키라 - 4월 9일 (돌비 시네마)
? 자전거 탄 소년 - 4월 16일
? 극장판 BanG Dream! It's…",https://twitter.com/yuru_freedom_/status/1907037599451304415
2923,20250401,트위터,RT @olliiiiii0201: 엄마아빠만 뚜껑있는 차 타고갔다고 잉잉 하더니 그냥 계속 저 웃는 가오리 얼굴로 자전거 열심히 밟아 쭐레쭐레 쫓아간 아들,https://twitter.com/BananaDuck_0714/status/1907036523931082973
2924,20250401,트위터,RT @yama__zzal: 자전거 타다가 길에서 바지가 찢어졌습니다 https://x.com/yama__zzal/status/1906683544983990634/photo/1https://x.com/yama__zzal/status/1906683544983990634/photo/1https://x.com/yama__zzal/status/1906683544983990634/photo/1https://x.com/yama__zzal/status/1906683544983990634/photo/1,https://twitter.com/holic07/status/1907035561963225530
2925,20250401,트위터,RT @yama__zzal: 자전거 타다가 길에서 바지가 찢어졌습니다 https://x.com/yama__zzal/status/1906683544983990634/photo/1https://x.com/yama__zzal/status/1906683544983990634/photo/1https://x.com/yama__zzal/status/1906683544983990634/photo/1https://x.com/yama__zzal/status/1906683544983990634/photo/1,https://twitter.com/aangttakjung/status/1907035482875453620
2926,20250401,트위터,@SONG_LOVE_JP 오빠 전역후 가장 하고 싶은 운동은? 자전거타고 ????vs 스키??,https://twitter.com/winniehan_98/status/1907034816777789846
2927,20250401,트위터,"김솔음은 반사적으로 돌릴 뻔한 고개를 가까스로 막음.

- 음, 그렇게 가는 게 맞져. 저 혼자 계속 뭐라고 하냐구요? 신경쓰지 마세여~

통화를 못 들은 척하며 빨리 골목을 빠져나감. 식은땀이 식어 몸이 으슬해지기도 잠시, 맞은편에서 두 남성이 걸어오고 있음. 자전거를 끌고 오는 모양새가",https://twitter.com/jo_iiii111/status/1907033535099404519
2928,20250401,트위터,RT @yama__zzal: 자전거 타다가 길에서 바지가 찢어졌습니다 https://x.com/yama__zzal/status/1906683544983990634/photo/1https://x.com/yama__zzal/status/1906683544983990634/photo/1https://x.com/yama__zzal/status/1906683544983990634/photo/1https://x.com/yama__zzal/status/1906683544983990634/photo/1,https://twitter.com/busyn1001/status/1907033016989602163
2929,20250401,트위터,"RT @dAseulgi0114: ????? 자전거 탄 풍경 - 너에게 난, 나에게 넌 ??
주연이 목소리가 해질녘 노을처럼 따숩고 아름답잖아ㅠㅠㅠㅠㅠㅠㅠ?? 

250330 블루드림미디어 영통 팬싸
#XdinaryHeroes #엑스디너리히어로즈 #엑디즈
#…",https://twitter.com/__teong__/status/1907032759882907716
2930,20250401,트위터,RT @yama__zzal: 자전거 타다가 길에서 바지가 찢어졌습니다 https://x.com/yama__zzal/status/1906683544983990634/photo/1https://x.com/yama__zzal/status/1906683544983990634/photo/1https://x.com/yama__zzal/status/1906683544983990634/photo/1https://x.com/yama__zzal/status/1906683544983990634/photo/1,https://twitter.com/daggumbari/status/1907032419192143950
2931,20250401,트위터,RT @yama__zzal: 자전거 타다가 길에서 바지가 찢어졌습니다 https://x.com/yama__zzal/status/1906683544983990634/photo/1https://x.com/yama__zzal/status/1906683544983990634/photo/1https://x.com/yama__zzal/status/1906683544983990634/photo/1https://x.com/yama__zzal/status/1906683544983990634/photo/1,https://twitter.com/sumha_km/status/1907031369403990123
2932,20250401,트위터,"RT @RTH_1015: 태현이 자전거 자랑 중 ㅋㅋㅋㅋㅋ 귀여워 ㅠㅜㅜㅜ

#노태현 #rohtaehyun https://x.com/RTH_1015/status/1907005498529824856/video/1https://x.com/RTH_1015/status/1907005498529824856/video/1",https://twitter.com/sororin_787j/status/1907031324978041003
2933,20250401,트위터,"RT @NAMSANG_MUSIC: 아나키스트 폴라 교환

저 : 박준형 무혁 (자전거 잡고 있어요 근데 자전거가 너오진 않은 ,,, /초반옷 / 살짝미소 )
김지온 자경 문태유 덕형
( 같이 총 보는 중 / 무혁이 벌떡 일어나기 전 모습 )

?? :…",https://twitter.com/NAMSANG_MUSIC/status/1907031304195186896
2934,20250401,트위터,RT @yama__zzal: 자전거 타다가 길에서 바지가 찢어졌습니다 https://x.com/yama__zzal/status/1906683544983990634/photo/1https://x.com/yama__zzal/status/1906683544983990634/photo/1https://x.com/yama__zzal/status/1906683544983990634/photo/1https://x.com/yama__zzal/status/1906683544983990634/photo/1,https://twitter.com/r_i_r_i_really/status/1907027657688236120
2935,20250401,트위터,RT @yama__zzal: 자전거 타다가 길에서 바지가 찢어졌습니다 https://x.com/yama__zzal/status/1906683544983990634/photo/1https://x.com/yama__zzal/status/1906683544983990634/photo/1https://x.com/yama__zzal/status/1906683544983990634/photo/1https://x.com/yama__zzal/status/1906683544983990634/photo/1,https://twitter.com/overdose912/status/1907027469225410620
2936,20250401,트위터,RT @yama__zzal: 자전거 타다가 길에서 바지가 찢어졌습니다 https://x.com/yama__zzal/status/1906683544983990634/photo/1https://x.com/yama__zzal/status/1906683544983990634/photo/1https://x.com/yama__zzal/status/1906683544983990634/photo/1https://x.com/yama__zzal/status/1906683544983990634/photo/1,https://twitter.com/sulgi__11010/status/1907027434488119435
2937,20250401,트위터,"RT @Koongiiiii: 아 누나 고멘. 
나 늦었지? 
다도학원이 방금 끝낫어 
밥먹고 자전거 타자. 
                                                (밥먹고) https://x.com/Koongiiiii/status/1906910429533880740/video/1https://x.com/Koongiiiii/status/1906910429533880740/video/1https://x.com/Koongiiiii/status/1906910429533880740/video/1https://x.com/Koongiiiii/status/1906910429533880740/video/1",https://twitter.com/kongkongkuya/status/1907027059379208398
2938,20250401,트위터,수리 세 번 아니네 네번째였다.... 오늘 또 수리함. 자전거 타고다니는데 계속 뭔가 걸리는 소리 나던게 브레이크 때문인 줄 알고 있었지만 브레이크 고친 후에도 계속 소리가 나서 오늘 또 가져감. 사실 세 번째 수리 때 바꾼 브레이크가 마음에 들어서 여기로 정착하려고..,https://twitter.com/gksmwkr/status/1907026830626111976
2939,20250401,트위터,"RT @ATSUKA_BTOB: 250321 “2025 BTOB FAN-CON ‘3,2,1 GO! MELympic’” 첫콘

??????

자전거랑 찰떡이세요??

#비투비 #BTOB #멜림픽 #프니엘
#PENIEL #プニエル
@PenielShin https…",https://twitter.com/btobmyloves/status/1907026704851468640
2940,20250401,트위터,"RT @dAseulgi0114: ????? 자전거 탄 풍경 - 너에게 난, 나에게 넌 ??
주연이 목소리가 해질녘 노을처럼 따숩고 아름답잖아ㅠㅠㅠㅠㅠㅠㅠ?? 

250330 블루드림미디어 영통 팬싸
#XdinaryHeroes #엑스디너리히어로즈 #엑디즈
#…",https://twitter.com/mongxmong_/status/1907026640913531082
2941,20250401,트위터,"RT @ATSUKA_BTOB: 250321 “2025 BTOB FAN-CON ‘3,2,1 GO! MELympic’” 첫콘

??????

자전거랑 찰떡이세요??

#비투비 #BTOB #멜림픽 #프니엘
#PENIEL #プニエル
@PenielShin https…",https://twitter.com/seoyeongan19721/status/1907026628015726604
2942,20250401,트위터,"RT @uahan2: 메가박스 4월 단독 라인업

? 기동전사 건담 지쿠악스 비기닝 - 4월 2일
? 택시 드라이버 - 4월 9일
? 아키라 - 4월 9일 (돌비 시네마)
? 자전거 탄 소년 - 4월 16일
? 극장판 BanG Dream! It's…",https://twitter.com/tylyo2000/status/1907023442047889833
2943,20250401,트위터,"저: 진혁덕형+기범무혁 (정장+폭탄)
      진혁덕형+동현자경 (찻잔 / 시계)
      동현자경+기범무혁 (찻잔)
      진혁덕형 (정장+폭탄)
      
????: 동현 재단사 or 동현자경 포함 페어폴라 (자전거, 케이크, 웃긴거 우대)

마음 후 디엠 부탁드립니다??",https://twitter.com/J_yom2/status/1907023029886157299
2944,20250401,트위터,"RT @uahan2: 메가박스 4월 단독 라인업

? 기동전사 건담 지쿠악스 비기닝 - 4월 2일
? 택시 드라이버 - 4월 9일
? 아키라 - 4월 9일 (돌비 시네마)
? 자전거 탄 소년 - 4월 16일
? 극장판 BanG Dream! It's…",https://twitter.com/Tasna__/status/1907023111121441037
2945,20250401,트위터,"?? 봄의 환상적인 순간!  

따뜻한 바람이 불고,  
연두빛 꽃잎이 가득해.  
벚꽃 나루에 앉아,  
내 마음도 살랑살랑~  
자전거 타고 공원 한 바퀴  
돌아보는 건 어떨까?  
힐링이 절로 될 거야! ??

??갑자기 떠나고 싶을땐???확인
 
https://think8457.tistory.com/entry/%ED%9E%90%EB%A7%81%EC%9D%98-%EB%81%9D%ED%8C%90%EC%99%95-%EB%AC%B4%EC%86%8C%EC%9D%8C-%EA%B0%90%EC%84%B1-%EC%BA%A0%ED%95%91%EC%9E%A5",https://twitter.com/hwagogdong72235/status/1907022556365775052
2946,20250401,트위터,RT @yama__zzal: 자전거 타다가 길에서 바지가 찢어졌습니다 https://x.com/yama__zzal/status/1906683544983990634/photo/1https://x.com/yama__zzal/status/1906683544983990634/photo/1https://x.com/yama__zzal/status/1906683544983990634/photo/1https://x.com/yama__zzal/status/1906683544983990634/photo/1,https://twitter.com/5bongBong2/status/1907021440819646655
2947,20250401,트위터,"20250321 멜림픽 팬콘서트 첫콘

자전거 한 손으로 들고뛰는 남자 어떤데…♥?

#비투비 #임현식 @BTOB_IMHYUNSIK https://x.com/oonsaemiro/status/1907020377093750790/photo/1https://x.com/oonsaemiro/status/1907020377093750790/photo/1https://x.com/oonsaemiro/status/1907020377093750790/photo/1https://x.com/oonsaemiro/status/1907020377093750790/photo/1",https://twitter.com/oonsaemiro/status/1907020377093750790
2948,20250401,트위터,"????? 자전거 탄 풍경 - 너에게 난, 나에게 넌 ??
주연이 목소리가 해질녘 노을처럼 따숩고 아름답잖아ㅠㅠㅠㅠㅠㅠㅠ?? 

250330 블루드림미디어 영통 팬싸
#XdinaryHeroes #엑스디너리히어로즈 #엑디즈
#주연 #Jooyeon #이주연 https://x.com/dAseulgi0114/status/1907020411352531063/video/1https://x.com/dAseulgi0114/status/1907020411352531063/video/1",https://twitter.com/dAseulgi0114/status/1907020411352531063
2949,20250401,트위터,"RT @1AMS0RU: 아나키스트 폴라 교환

저 : 강유찬 무혁 + 동현 자경 케이크 소품
       강유찬 무혁 + 동현 자경 쁘이 깜찍
       홍기범 무혁 + 동현 자경 자전거 백허그

?? : 동현 자경 포함 개그 폴라 or 담배 소품…",https://twitter.com/uusshh_/status/1907019844400074919
2950,20250401,트위터,"RT @1AMS0RU: 아나키스트 폴라 교환

저 : 강유찬 무혁 + 동현 자경 케이크 소품
       강유찬 무혁 + 동현 자경 쁘이 깜찍
       홍기범 무혁 + 동현 자경 자전거 백허그

?? : 동현 자경 포함 개그 폴라 or 담배 소품…",https://twitter.com/Ciel_200701/status/1907019839530557940
2951,20250401,트위터,"RT @1AMS0RU: 아나키스트 폴라 교환

저 : 강유찬 무혁 + 동현 자경 케이크 소품
       강유찬 무혁 + 동현 자경 쁘이 깜찍
       홍기범 무혁 + 동현 자경 자전거 백허그

?? : 동현 자경 포함 개그 폴라 or 담배 소품…",https://twitter.com/ulsan_rock/status/1907019579458478099
2952,20250401,트위터,"아나키스트 폴라 교환

저 : 강유찬 무혁 + 동현 자경 케이크 소품
       강유찬 무혁 + 동현 자경 쁘이 깜찍
       홍기범 무혁 + 동현 자경 자전거 백허그

?? : 동현 자경 포함 개그 폴라 or 담배 소품 폴라

흔적 후 디엠 주세요!",https://twitter.com/1AMS0RU/status/1907019544155357232
2953,20250401,트위터,제발 남자들 자전거 교육좀 시키셈.. 누가 사람많고 환승구간에서 자전거를 타고 내려옵니까.. ???????????♀?,https://twitter.com/SQ_ATM_MARRON/status/1907019281243513105
2954,20250401,트위터,아니시발 랜덤박스 바라클라바 존나 이걸 어따쓰라고 너허줌 하 쓰니까 사직앞에서 자전거타는 아저씨같음 진심 제발 이거쓰고 사직가서 캐스터네츠로 응원할게 롯데자이언츠 니네가 나 죽인거야 https://x.com/lotteg_iants/status/1907018813276934279/photo/1https://x.com/lotteg_iants/status/1907018813276934279/photo/1,https://twitter.com/lotteg_iants/status/1907018813276934279
2955,20250401,트위터,"RT @ATSUKA_BTOB: 250321 “2025 BTOB FAN-CON ‘3,2,1 GO! MELympic’” 첫콘

??????

자전거랑 찰떡이세요??

#비투비 #BTOB #멜림픽 #프니엘
#PENIEL #プニエル
@PenielShin https…",https://twitter.com/penshin103/status/1907018767659684220
2956,20250401,트위터,RT @yama__zzal: 자전거 타다가 길에서 바지가 찢어졌습니다 https://x.com/yama__zzal/status/1906683544983990634/photo/1https://x.com/yama__zzal/status/1906683544983990634/photo/1https://x.com/yama__zzal/status/1906683544983990634/photo/1https://x.com/yama__zzal/status/1906683544983990634/photo/1,https://twitter.com/jjwoooo_041214/status/1907018761984413846
2957,20250401,트위터,"RT @_NoLee: 1. 백화점 영업 시간 8시까지
2. 재민 제노 7시 40분에 자전거 타고 출발
3. 7시 59분에 매장 도착?
4. 매장에서 런쥔이 생일 선물로 가방 구매
5. 가방을 든 채로 자전거로 달려서 도착?
6. 런쥔이한테 배달

ㅎ…",https://twitter.com/nanaprincessluv/status/1907018743869227266
2958,20250401,트위터,RT @yama__zzal: 자전거 타다가 길에서 바지가 찢어졌습니다 https://x.com/yama__zzal/status/1906683544983990634/photo/1https://x.com/yama__zzal/status/1906683544983990634/photo/1https://x.com/yama__zzal/status/1906683544983990634/photo/1https://x.com/yama__zzal/status/1906683544983990634/photo/1,https://twitter.com/huu_commu2/status/1907018611581186307
2959,20250401,트위터,RT @yama__zzal: 자전거 타다가 길에서 바지가 찢어졌습니다 https://x.com/yama__zzal/status/1906683544983990634/photo/1https://x.com/yama__zzal/status/1906683544983990634/photo/1https://x.com/yama__zzal/status/1906683544983990634/photo/1https://x.com/yama__zzal/status/1906683544983990634/photo/1,https://twitter.com/Main014kkyate/status/1907018184546558010
2960,20250401,트위터,RT @yama__zzal: 자전거 타다가 길에서 바지가 찢어졌습니다 https://x.com/yama__zzal/status/1906683544983990634/photo/1https://x.com/yama__zzal/status/1906683544983990634/photo/1https://x.com/yama__zzal/status/1906683544983990634/photo/1https://x.com/yama__zzal/status/1906683544983990634/photo/1,https://twitter.com/gameboybow/status/1907017989930824061
2961,20250401,트위터,RT @yama__zzal: 자전거 타다가 길에서 바지가 찢어졌습니다 https://x.com/yama__zzal/status/1906683544983990634/photo/1https://x.com/yama__zzal/status/1906683544983990634/photo/1https://x.com/yama__zzal/status/1906683544983990634/photo/1https://x.com/yama__zzal/status/1906683544983990634/photo/1,https://twitter.com/emuok_Ver2/status/1907017833608855750
2962,20250401,트위터,자전거 타고 출근하시고 가게 앞에 세워둔 자전거마저  매장이랑 넘 어울리고.구석 구석 소품들 놓인 위치.음악까지 각각이 참 다른데 같은 멜로디.우선 커피맛이 100점으로 시작하니까:-) https://x.com/9960002/status/1907017352924868811/photo/1https://x.com/9960002/status/1907017352924868811/photo/1https://x.com/9960002/status/1907017352924868811/photo/1https://x.com/9960002/status/1907017352924868811/photo/1https://x.com/9960002/status/1907017352924868811/photo/1https://x.com/9960002/status/1907017352924868811/photo/1https://x.com/9960002/status/1907017352924868811/photo/1https://x.com/9960002/status/1907017352924868811/photo/1,https://twitter.com/9960002/status/1907017352924868811
2963,20250401,트위터,"오늘 자전거타면서 곰곰히 생각해봤어
나는 화가가 목적이면서 왜 주접을
글로만 쓰는걸까? 이게 정녕 내가
가고자하는 길인가?!
앞으로 글은 짧게
하고싶은 말을 그림으로 표현해서
올리자는 생각이 들었다
나는 글도 좋아하지만 그림을 더 좋아하잖아!",https://twitter.com/linlin77778/status/1907017306305446387
2964,20250401,트위터,"RT @_NoLee: 1. 백화점 영업 시간 8시까지
2. 재민 제노 7시 40분에 자전거 타고 출발
3. 7시 59분에 매장 도착?
4. 매장에서 런쥔이 생일 선물로 가방 구매
5. 가방을 든 채로 자전거로 달려서 도착?
6. 런쥔이한테 배달

ㅎ…",https://twitter.com/dear_dearmyluv/status/1907016986766500262
2965,20250401,트위터,"Day 10
반 고흐 미술관 옆 시립 미술관
단독으로는 구경 불가
안셀름 키퍼인데...??
반 고흐 미술관에서 계속 나오는
그 나라 관광객들이 미웠다 

그래도
날씨도 좋고 행복했다
생일파티하던 아가들

????는 자전거와 비싼 물가 빼면 최고
횡단보도에서도
사람보다 자전거 먼저??
자전거 정말 싫어졌음 https://x.com/daphne78avec/status/1907015471188091162/photo/1https://x.com/daphne78avec/status/1907015471188091162/photo/1https://x.com/daphne78avec/status/1907015471188091162/photo/1https://x.com/daphne78avec/status/1907015471188091162/photo/1https://x.com/daphne78avec/status/1907015471188091162/photo/1https://x.com/daphne78avec/status/1907015471188091162/photo/1https://x.com/daphne78avec/status/1907015471188091162/photo/1https://x.com/daphne78avec/status/1907015471188091162/photo/1",https://twitter.com/daphne78avec/status/1907015471188091162
2966,20250401,트위터,@lotte_mali 아니 그 비옷 롯페때 배포햇던 비옷아니에여??? 바라클라바 저 첨에 몬 비닐봉지인줄알앗어욬ㅋㅋㅋㅋ이거봐룤ㅋㅋ말이바라클라바지 아저씨들 자전거탈때 ㅠㅜㅜㅜㅜㅜㅜㅜㅠㅠㅠㅠㅠㅠㅠ쓰는거같은 바라클라바에요 썅!!! https://x.com/lotteg_iants/status/1907015238081556724/photo/1https://x.com/lotteg_iants/status/1907015238081556724/photo/1,https://twitter.com/lotteg_iants/status/1907015238081556724
2967,20250401,트위터,"아까 피모니 노래들으면서 자전거타고 출근하는중이었는데 신호등앞에서 어떤 자전거탄 할아버지가 나한테 오늘 개춥다, 내 자전거 고장나서 수리맡겻는데 보험처리가 안된댄다, 보험료를 달에 50만원씩 내는데.. 이런얘기하셔서 존나 ??? 어머 하하.. 네 하다가 쌩 달려감 스몰톡 존나자연스러워",https://twitter.com/nyangouoi/status/1907015071223734450
2968,20250401,트위터,내가 성인이 되고 가장 기뻤던건 내가 내 몸 갈아가면서 일한 돈으로 내가 배우고 싶었던 것을 배울 수 있는 자유를 얻었다는 사실인듯. 주 6일을 맛집에서 알바 뛰면서 대학교에서 20학점 수강했을 때가 제일 피크였던 듯 하필 이 때 자전거 타는 취미도 있어서 왕복 10키로 자전거 타고 통학함,https://twitter.com/Eule_Winters/status/1907012291952009406
2969,20250401,트위터,"그림 진짜 잘 그렸다
픽시자전거는 정말 위험한 것 같다 https://twitter.com/yama__zzal/status/1906683544983990634",https://twitter.com/kangkong_lal_/status/1907012196246167609
2970,20250401,트위터,RT @yama__zzal: 자전거 타다가 길에서 바지가 찢어졌습니다 https://x.com/yama__zzal/status/1906683544983990634/photo/1https://x.com/yama__zzal/status/1906683544983990634/photo/1https://x.com/yama__zzal/status/1906683544983990634/photo/1https://x.com/yama__zzal/status/1906683544983990634/photo/1,https://twitter.com/Hsg_42/status/1907011551447662948
2971,20250401,트위터,RT @yama__zzal: 자전거 타다가 길에서 바지가 찢어졌습니다 https://x.com/yama__zzal/status/1906683544983990634/photo/1https://x.com/yama__zzal/status/1906683544983990634/photo/1https://x.com/yama__zzal/status/1906683544983990634/photo/1https://x.com/yama__zzal/status/1906683544983990634/photo/1,https://twitter.com/help2501/status/1907011529532387759
2972,20250401,트위터,"RT @_NoLee: 1. 백화점 영업 시간 8시까지
2. 재민 제노 7시 40분에 자전거 타고 출발
3. 7시 59분에 매장 도착?
4. 매장에서 런쥔이 생일 선물로 가방 구매
5. 가방을 든 채로 자전거로 달려서 도착?
6. 런쥔이한테 배달

ㅎ…",https://twitter.com/mae_daseulgi/status/1907011438440587386
2973,20250401,트위터,"RT @_NoLee: 1. 백화점 영업 시간 8시까지
2. 재민 제노 7시 40분에 자전거 타고 출발
3. 7시 59분에 매장 도착?
4. 매장에서 런쥔이 생일 선물로 가방 구매
5. 가방을 든 채로 자전거로 달려서 도착?
6. 런쥔이한테 배달

ㅎ…",https://twitter.com/IfBreaks/status/1907011410254852523
2974,20250401,트위터,RT @yama__zzal: 자전거 타다가 길에서 바지가 찢어졌습니다 https://x.com/yama__zzal/status/1906683544983990634/photo/1https://x.com/yama__zzal/status/1906683544983990634/photo/1https://x.com/yama__zzal/status/1906683544983990634/photo/1https://x.com/yama__zzal/status/1906683544983990634/photo/1,https://twitter.com/cada_vere_/status/1907011385265143968
2975,20250401,트위터,RT @yama__zzal: 자전거 타다가 길에서 바지가 찢어졌습니다 https://x.com/yama__zzal/status/1906683544983990634/photo/1https://x.com/yama__zzal/status/1906683544983990634/photo/1https://x.com/yama__zzal/status/1906683544983990634/photo/1https://x.com/yama__zzal/status/1906683544983990634/photo/1,https://twitter.com/RAAAAAM2/status/1907011307192410142
2976,20250401,트위터,RT @yama__zzal: 자전거 타다가 길에서 바지가 찢어졌습니다 https://x.com/yama__zzal/status/1906683544983990634/photo/1https://x.com/yama__zzal/status/1906683544983990634/photo/1https://x.com/yama__zzal/status/1906683544983990634/photo/1https://x.com/yama__zzal/status/1906683544983990634/photo/1,https://twitter.com/eungga_bbung/status/1907011287613358345
2977,20250401,트위터,"#마라탕동아리 #마라톤동아리
걸음수는 이렇지만 마라톤을 더 잘 하기(마라탕을 더 잘 먹기) 위해!! 매일 실내 자전거 30분씩 타고 있습니다..! 폐부는 안 되용 https://x.com/spring_n_kang/status/1907011275017920893/photo/1https://x.com/spring_n_kang/status/1907011275017920893/photo/1",https://twitter.com/spring_n_kang/status/1907011275017920893
2978,20250401,트위터,"250401 라이카¹¹

로비에 자전거 생겼어 
근데 라이카 울고 있어. . .?????? https://x.com/w1nterwest/status/1907009852096020577/photo/1https://x.com/w1nterwest/status/1907009852096020577/photo/1https://x.com/w1nterwest/status/1907009852096020577/photo/1https://x.com/w1nterwest/status/1907009852096020577/photo/1",https://twitter.com/w1nterwest/status/1907009852096020577
2979,20250401,트위터,RT @yama__zzal: 자전거 타다가 길에서 바지가 찢어졌습니다 https://x.com/yama__zzal/status/1906683544983990634/photo/1https://x.com/yama__zzal/status/1906683544983990634/photo/1https://x.com/yama__zzal/status/1906683544983990634/photo/1https://x.com/yama__zzal/status/1906683544983990634/photo/1,https://twitter.com/rse7890/status/1907008875968241861
2980,20250401,트위터,RT @yama__zzal: 자전거 타다가 길에서 바지가 찢어졌습니다 https://x.com/yama__zzal/status/1906683544983990634/photo/1https://x.com/yama__zzal/status/1906683544983990634/photo/1https://x.com/yama__zzal/status/1906683544983990634/photo/1https://x.com/yama__zzal/status/1906683544983990634/photo/1,https://twitter.com/sadSpinoza/status/1907008861812523175
2981,20250401,트위터,RT @yama__zzal: 자전거 타다가 길에서 바지가 찢어졌습니다 https://x.com/yama__zzal/status/1906683544983990634/photo/1https://x.com/yama__zzal/status/1906683544983990634/photo/1https://x.com/yama__zzal/status/1906683544983990634/photo/1https://x.com/yama__zzal/status/1906683544983990634/photo/1,https://twitter.com/sun_snake0/status/1907008829059170728
2982,20250401,트위터,RT @yama__zzal: 자전거 타다가 길에서 바지가 찢어졌습니다 https://x.com/yama__zzal/status/1906683544983990634/photo/1https://x.com/yama__zzal/status/1906683544983990634/photo/1https://x.com/yama__zzal/status/1906683544983990634/photo/1https://x.com/yama__zzal/status/1906683544983990634/photo/1,https://twitter.com/oguin_592r/status/1907008824109596796
2983,20250401,트위터,RT @yama__zzal: 자전거 타다가 길에서 바지가 찢어졌습니다 https://x.com/yama__zzal/status/1906683544983990634/photo/1https://x.com/yama__zzal/status/1906683544983990634/photo/1https://x.com/yama__zzal/status/1906683544983990634/photo/1https://x.com/yama__zzal/status/1906683544983990634/photo/1,https://twitter.com/junpiljin/status/1907008754983583977
2984,20250401,트위터,RT @yama__zzal: 자전거 타다가 길에서 바지가 찢어졌습니다 https://x.com/yama__zzal/status/1906683544983990634/photo/1https://x.com/yama__zzal/status/1906683544983990634/photo/1https://x.com/yama__zzal/status/1906683544983990634/photo/1https://x.com/yama__zzal/status/1906683544983990634/photo/1,https://twitter.com/donghy890/status/1907008703066415264
2985,20250401,트위터,"RT @uahan2: 메가박스 4월 단독 라인업

? 기동전사 건담 지쿠악스 비기닝 - 4월 2일
? 택시 드라이버 - 4월 9일
? 아키라 - 4월 9일 (돌비 시네마)
? 자전거 탄 소년 - 4월 16일
? 극장판 BanG Dream! It's…",https://twitter.com/_8ding/status/1907008581901447583
2986,20250401,트위터,RT @yama__zzal: 자전거 타다가 길에서 바지가 찢어졌습니다 https://x.com/yama__zzal/status/1906683544983990634/photo/1https://x.com/yama__zzal/status/1906683544983990634/photo/1https://x.com/yama__zzal/status/1906683544983990634/photo/1https://x.com/yama__zzal/status/1906683544983990634/photo/1,https://twitter.com/jorim_gamja/status/1907008470643310628
2987,20250401,트위터,"RT @ATSUKA_BTOB: 250321 “2025 BTOB FAN-CON ‘3,2,1 GO! MELympic’” 첫콘

??????

자전거랑 찰떡이세요??

#비투비 #BTOB #멜림픽 #프니엘
#PENIEL #プニエル
@PenielShin https…",https://twitter.com/wang_ruiiiii/status/1907008441589399724
2988,20250401,트위터,RT @yama__zzal: 자전거 타다가 길에서 바지가 찢어졌습니다 https://x.com/yama__zzal/status/1906683544983990634/photo/1https://x.com/yama__zzal/status/1906683544983990634/photo/1https://x.com/yama__zzal/status/1906683544983990634/photo/1https://x.com/yama__zzal/status/1906683544983990634/photo/1,https://twitter.com/killtheps5/status/1907008426057793937
2989,20250401,트위터,RT @yama__zzal: 자전거 타다가 길에서 바지가 찢어졌습니다 https://x.com/yama__zzal/status/1906683544983990634/photo/1https://x.com/yama__zzal/status/1906683544983990634/photo/1https://x.com/yama__zzal/status/1906683544983990634/photo/1https://x.com/yama__zzal/status/1906683544983990634/photo/1,https://twitter.com/mxxnsaeTag/status/1907008398102540302
2990,20250401,트위터,"RT @checkiam_: 팬이 민트초코 치킨 얼마에 팔 거냐고 했는데 매튜가 4만원에 팔거라구 해서 팬들이 넘 비싼거아냐?ㅠㅠ 했는데 팬서비스 비용까지 있는거래 ㅋㅋㅋㅋ

[‘매’일 ‘튜’기는 치킨]
?? 팬서비스 가능
?? 자전거 타고 매튜가 배…",https://twitter.com/wlghkwlghk/status/1907008218859278358
2991,20250401,트위터,"RT @RTH_1015: 태현이 자전거 자랑 중 ㅋㅋㅋㅋㅋ 귀여워 ㅠㅜㅜㅜ

#노태현 #rohtaehyun https://x.com/RTH_1015/status/1907005498529824856/video/1https://x.com/RTH_1015/status/1907005498529824856/video/1",https://twitter.com/roh1015_gill15/status/1907008090563866990
2992,20250401,트위터,RT @whqkr_: 자전거 타러 나옴! https://x.com/whqkr_/status/1907007776590807138/photo/1https://x.com/whqkr_/status/1907007776590807138/photo/1https://x.com/whqkr_/status/1907007776590807138/photo/1https://x.com/whqkr_/status/1907007776590807138/photo/1,https://twitter.com/momo_192wi/status/1907008086415687794
2993,20250401,트위터,RT @yama__zzal: 자전거 타다가 길에서 바지가 찢어졌습니다 https://x.com/yama__zzal/status/1906683544983990634/photo/1https://x.com/yama__zzal/status/1906683544983990634/photo/1https://x.com/yama__zzal/status/1906683544983990634/photo/1https://x.com/yama__zzal/status/1906683544983990634/photo/1,https://twitter.com/__sndd_d/status/1907008076760440971
2994,20250401,트위터,자전거 타러 나옴! https://x.com/whqkr_/status/1907007776590807138/photo/1https://x.com/whqkr_/status/1907007776590807138/photo/1https://x.com/whqkr_/status/1907007776590807138/photo/1https://x.com/whqkr_/status/1907007776590807138/photo/1,https://twitter.com/whqkr_/status/1907007776590807138
2995,20250401,트위터,RT @NnGgSsWw: 런쥔이 생일선물을 사려고 7시40분에 나와서 미친듯이 밟았을 걸 생각하면 걍 미치겟는거야 19분만에 압갤에 도착한 자전거 듀오 ㅅㅂ https://x.com/NnGgSsWw/status/1906703009196945769/video/1https://x.com/NnGgSsWw/status/1906703009196945769/video/1,https://twitter.com/97daejang/status/1907007768219042286
2996,20250401,트위터,@ttaleungi120287 아니따릉샘자전거가되셧ㅅ어,https://twitter.com/Ehqht_open/status/1907007343147299191
2997,20250401,트위터,"RT @_NoLee: 1. 백화점 영업 시간 8시까지
2. 재민 제노 7시 40분에 자전거 타고 출발
3. 7시 59분에 매장 도착?
4. 매장에서 런쥔이 생일 선물로 가방 구매
5. 가방을 든 채로 자전거로 달려서 도착?
6. 런쥔이한테 배달

ㅎ…",https://twitter.com/daw843/status/1907007307948728556
2998,20250401,트위터,"RT @_NoLee: 1. 백화점 영업 시간 8시까지
2. 재민 제노 7시 40분에 자전거 타고 출발
3. 7시 59분에 매장 도착?
4. 매장에서 런쥔이 생일 선물로 가방 구매
5. 가방을 든 채로 자전거로 달려서 도착?
6. 런쥔이한테 배달

ㅎ…",https://twitter.com/Ryua_NXD/status/1907007011591507983
2999,20250401,트위터,"태현이 자전거 자랑 중 ㅋㅋㅋㅋㅋ 귀여워 ㅠㅜㅜㅜ

#노태현 #rohtaehyun https://x.com/RTH_1015/status/1907005498529824856/video/1https://x.com/RTH_1015/status/1907005498529824856/video/1",https://twitter.com/RTH_1015/status/1907005498529824856
3000,20250401,트위터,@good_gogoma 그러진 않을듯.... 그리고 어차피 저쪽 장애인구석이랑 자전거 거치대쪽이 비니까 그쪽으로 앉아야겠다,https://twitter.com/tachaleu21/status/1907004341807984929
