prcha_prrrg_prduc_id,info_obtn_dt,auser_sxdst_cd,age_group_cd,occpn_nm,hshld_incm_group_nm,mrrg_yn_nm,chdrn_yn_nm,rsid_fom_nm,auser_ara_ctprv_nm,auser_ara_gu_nm,auser_ara_dong_nm,craln_tlphn_mkr_nm,craln_tlphn_sbscr_cmpn_nm,prduc_ctgry_lrcls_nm,prduc_ctgry_mdcls_nm,prduc_ctgry_smcls_nm,otdr_prduc_nm,info_obtn_site_url
D***,201903**,F,5,"사무직 (일반사무직, 공무원, 직업군인)",200~299만원,      ,          ,아파트/ 주상복합,서울,강서구,화곡8동,삼성,SKT,레저/자동차,자전거/용품,자전거액세서리,유아안장자전거유아안장 후방유아안장 아동보조안장,http://www.11st.co.kr/product/SellerProductDetail.tmall?method=getSellerProductDetail&prdNo=124136733
D***,201903**,F,4,"사무직 (일반사무직, 공무원, 직업군인)",200~299만원,      ,          ,아파트/ 주상복합,경기,오산시,갈곶동,삼성,SKT,자전거,자전거관리용품,에어펌프(발펌프),GIYO지요 GF-56GTB ULTRA 자전거펌프 공기배출기능,http://www.11st.co.kr/product/SellerProductDetail.tmall?method=getSellerProductDetail&prdNo=1147853726
D***6,201903**,F,2,"학생 (초중고학생, 대학생, 대학원생)",300~399만원,아니오,          ,단독주택,부산,사상구,괘법동,애플,SKT,자전거,자전거신발/고글/헬멧,장갑,윈드스토퍼스마트터치 겨울 방한장갑 네오프렌 방풍,http://www.11st.co.kr/product/SellerProductDetail.tmall?method=getSellerProductDetail&prdNo=1050935353
D***1,201903**,M,2,"서비스직 (요식업, 숙박업, 미용실종업원)","1,000만원 이상",아니오,          ,연립주택/ 다세대/ 빌라,경기,고양시 덕양구,내유동,LG,LG U+,레저/자동차,자전거/용품,자전거의류/잡화,사은품증정나루 마스크 자전거 자외선차단 등산 골프 바라클라바 버프 겨울 방한 넥워머 복면  오토바이,http://www.11st.co.kr/product/SellerProductDetail.tmall?method=getSellerProductDetail&prdNo=1070268365
D***4,201903**,M,3,"생산/노무직 (생산감독, 경비원, 공장근로자)",300~399만원,예    ,자녀 없음 ,연립주택/ 다세대/ 빌라,경기,안산시 단원구,선부2동,삼성,SKT,레저/자동차,자전거/용품,자전거액세서리,완전사2017년 신형 KSM400-3 SE 연납축전지 12V/,http://www.11st.co.kr/product/SellerProductDetail.tmall?method=getSellerProductDetail&prdNo=1150653630
D***4,201903**,F,5,"사무직 (일반사무직, 공무원, 직업군인)",200~299만원,      ,          ,아파트/ 주상복합,경기,고양시 일산동구,마두1동,삼성,SKT,레저/자동차,자전거/용품,자전거,도미니크24인치하이브리드자전거초등학생~중학생까지,http://www.11st.co.kr/product/SellerProductDetail.tmall?method=getSellerProductDetail&prdNo=1090901926
D***7,201903**,M,4,"생산/노무직 (생산감독, 경비원, 공장근로자)",400~499만원,예    ,자녀 있음 ,아파트/ 주상복합,경기,김포시,구래동,삼성,KT,레저/자동차,자전거/용품,헬멧/보호장비,심플한도시형헬멧/빅이글 어반헬멧/자전거용품/인라인,http://www.11st.co.kr/product/SellerProductDetail.tmall?method=getSellerProductDetail&prdNo=1187901648
D***6,201903**,M,3,"사무직 (일반사무직, 공무원, 직업군인)",200~299만원,      ,          ,아파트/ 주상복합,부산,북구,만덕3동,삼성,SKT,레저/자동차,자전거/용품,자전거타이어/부품,삼천리알루미늄 핸드펌프  - 자전거 다용도 튜브 펌프 공기주입기,http://www.11st.co.kr/product/SellerProductDetail.tmall?method=getSellerProductDetail&prdNo=1218187968
D***,201903**,F,4,"사무직 (일반사무직, 공무원, 직업군인)",200~299만원,      ,          ,아파트/ 주상복합,전남,여수시,고소동,삼성,SKT,자전거/보드,자전거타이어/부품,자전거튜브,[CST]700x25/32C fv60mm 자전거튜브 프레스타 흥아 켄다,http://item.gmarket.co.kr/Item?goodscode=1283528097
D***,201903**,M,3,"사무직 (일반사무직, 공무원, 직업군인)",200~299만원,      ,          ,아파트/ 주상복합,서울,강남구,일원동,삼성,SKT,레저/자동차,자전거/용품,자전거,지멘스여성용 부인용 자전거 클래식 24 26인치,http://item.gmarket.co.kr/Item?goodscode=1110235162
D***,201903**,M,2,"사무직 (일반사무직, 공무원, 직업군인)",200~299만원,      ,          ,아파트/ 주상복합,서울,동대문구,이문동,삼성,SKT,자전거/보드,자전거장갑/잡화,자전거장갑,[킹썰]스포츠/등산/자전거장갑/여름장갑/반장갑/핸드폰터치,http://item.gmarket.co.kr/Item?goodscode=1144168847
D***,201903**,F,2,"사무직 (일반사무직, 공무원, 직업군인)",200~299만원,      ,          ,아파트/ 주상복합,서울,노원구,공릉동,삼성,SKT,자전거,자전거신발/고글/헬멧,보호대,특가쿨토시 1+1 (2세트) /토시/아동쿨토시/팔토시,http://www.11st.co.kr/product/SellerProductDetail.tmall?method=getSellerProductDetail&prdNo=1291753831
D***,201903**,M,2,"학생 (초중고학생, 대학생, 대학원생)",400~499만원,아니오,          ,아파트/ 주상복합,서울,양천구,신월4동,삼성,SKT,자전거,자전거,MTB,삼천리자전거팀60D MTB자전거 24단 알루미늄자전거,http://www.11st.co.kr/product/SellerProductDetail.tmall?method=getSellerProductDetail&prdNo=1230896068
D***,201903**,F,3,"사무직 (일반사무직, 공무원, 직업군인)",200~299만원,      ,          ,아파트/ 주상복합,대구,수성구,신매동,삼성,SKT,자전거,자전거부품,브레이크패드,BARADINE바라딘 450 로드용 브레이크슈 브레이크 슈패드 고무패드 자전거용품 부품,http://www.11st.co.kr/product/SellerProductDetail.tmall?method=getSellerProductDetail&prdNo=1073663674
D***,201903**,M,4,"사무직 (일반사무직, 공무원, 직업군인)",400~499만원,예    ,자녀 있음 ,아파트/ 주상복합,전북,남원시,조산동,삼성,SKT,자전거,자전거,MTB,앞뒤쇼바접이식 21단 26인치 입문 통학 출퇴근용 MTB,http://www.11st.co.kr/product/SellerProductDetail.tmall?method=getSellerProductDetail&prdNo=1082913347
D***0,201903**,F,5,"주부 (전업주부, 파트타임 근무 주부)",300~399만원,예    ,자녀 있음 ,아파트/ 주상복합,서울,동작구,상도1동,LG,SKT,레저/자동차,자전거/용품,자전거의류/잡화,GIROJAG 반장갑/지로 장갑/땀흡수/통기성/4웨이 신축성/충격흡수패딩/자전거장갑/지로장갑/자전거용품,http://www.11st.co.kr/product/SellerProductDetail.tmall?method=getSellerProductDetail&prdNo=1274875036
D***1,201903**,M,2,"사무직 (일반사무직, 공무원, 직업군인)",200~299만원,      ,          ,아파트/ 주상복합,부산,수영구,망미2동,삼성,SKT,자전거,자전거신발/고글/헬멧,보호대,나스카썬블럭 쿨토시/네이비/팔토시/자외선차단/스포츠/골프/등산/자전거/테니스/암슬리브/운전,http://www.11st.co.kr/product/SellerProductDetail.tmall?method=getSellerProductDetail&prdNo=1274967893
D***3,201903**,F,4,"주부 (전업주부, 파트타임 근무 주부)",400~499만원,예    ,자녀 있음 ,아파트/ 주상복합,경기,구리시,인창동,삼성,SKT,자전거,튜닝용품,트레일러,알톤키즈 트레일러/자전거/캐리어/손잡이/보조바퀴,http://www.11st.co.kr/product/SellerProductDetail.tmall?method=getSellerProductDetail&prdNo=1249445352
D***5,201903**,M,3,"사무직 (일반사무직, 공무원, 직업군인)",100~199만원,아니오,          ,오피스텔,서울,관악구,신림동,애플,LG U+,자전거,자전거신발/고글/헬멧,헬멧,아동용자전거헬멧아동보호대 킥보드 인라인헬멧,http://www.11st.co.kr/product/SellerProductDetail.tmall?method=getSellerProductDetail&prdNo=1051520039
D***6,201903**,F,5,"사무직 (일반사무직, 공무원, 직업군인)",200~299만원,      ,          ,아파트/ 주상복합,경기,고양시 일산서구,가좌동,삼성,SKT,캠핑/골프/헬스/자전거,자전거의류/용품,신발,뉴발란스운동화 574 NEWBALANCE 574 (ML574SS2),http://www.hnsmall.com/display/goods.do?goods_code=11979567
D***0,201903**,M,2,"학생 (초중고학생, 대학생, 대학원생)",100만원 미만,아니오,          ,연립주택/ 다세대/ 빌라,서울,서초구,잠원동,애플,SKT,자전거,튜닝용품,전시스탠드,토픽스텐드 DUAL TOUCH BIKE STAND 자전거거치대,http://www.11st.co.kr/product/SellerProductDetail.tmall?method=getSellerProductDetail&prdNo=1154312380
D***2,201903**,F,2,"사무직 (일반사무직, 공무원, 직업군인)",400~499만원,아니오,          ,연립주택/ 다세대/ 빌라,경기,평택시,서정동,애플,알뜰폰(MVNO),레저/자동차,자전거/용품,자전거액세서리,정품미국 CREE사 LED Q5 줌 라이트/자전거/전조등/후레쉬/랜턴/손전등/거치대/건전지/안전등/용품/야간등,http://www.11st.co.kr/product/SellerProductDetail.tmall?method=getSellerProductDetail&prdNo=1200933401
D***1,201903**,M,2,"학생 (초중고학생, 대학생, 대학원생)",100만원 미만,아니오,          ,연립주택/ 다세대/ 빌라,서울,동작구,상도동,삼성,LG U+,자전거/보드,자전거타이어/부품,자전거튜브,[CST]700x25/32C fv48mm 자전거튜브 프레스타 흥아 켄다,http://item.gmarket.co.kr/Item?goodscode=1283527298
D***,201903**,M,2,"사무직 (일반사무직, 공무원, 직업군인)",200~299만원,      ,          ,아파트/ 주상복합,제주,제주시,일도2동,삼성,SKT,자전거,튜닝용품,거치대,(추천)말대가리 스마트 거치대/ 휴대폰거치대 스마트폰거치대 거치대 차량용폰거치대 핸폰거치대 헨드폰거,http://www.11st.co.kr/product/SellerProductDetail.tmall?method=getSellerProductDetail&prdNo=1222876667
D***,201903**,F,3,"사무직 (일반사무직, 공무원, 직업군인)",200~299만원,      ,          ,아파트/ 주상복합,서울,강남구,논현1동,삼성,SKT,자전거,자전거부품,안장,삼천리전립선 안장패드/MTB ROAD 안장용 쿠션커버/하이브리드 안장커버/자전거안장커버/로드용 자전거용품,http://www.11st.co.kr/product/SellerProductDetail.tmall?method=getSellerProductDetail&prdNo=1232420657
D***,201903**,M,4,"사무직 (일반사무직, 공무원, 직업군인)",200~299만원,      ,          ,아파트/ 주상복합,서울,성동구,금호동1가,삼성,SKT,자전거,자전거,MTB,삼천리자전거/하운드팀50D/MTB자전거/산악자전거,http://www.11st.co.kr/product/SellerProductDetail.tmall?method=getSellerProductDetail&prdNo=1254184372
D***9,201903**,M,5,"사무직 (일반사무직, 공무원, 직업군인)",200~299만원,      ,          ,아파트/ 주상복합,서울,노원구,하계동,삼성,SKT,레저/자동차,자전거/용품,자전거의류/잡화,GIROJAG 반장갑/지로 장갑/땀흡수/통기성/4웨이 신축성/충격흡수패딩/자전거장갑/지로장갑/자전거용품,http://www.11st.co.kr/product/SellerProductDetail.tmall?method=getSellerProductDetail&prdNo=1274875036
D***4,201903**,M,3,"서비스직 (요식업, 숙박업, 미용실종업원)",200~299만원,아니오,          ,단독주택,인천,서구,신현동,애플,LG U+,레저/자동차,자전거/용품,자전거액세서리,스나이퍼코리아블랙울프 18650배터리 충전기모음,http://www.11st.co.kr/product/SellerProductDetail.tmall?method=getSellerProductDetail&prdNo=1272010256
D***2,201903**,F,4,"사무직 (일반사무직, 공무원, 직업군인)",800~899만원,예    ,자녀 있음 ,연립주택/ 다세대/ 빌라,서울,서초구,양재동,삼성,LG U+,레저/자동차,자전거/용품,자전거의류/잡화,극세사기모 방한 넥워머 바라클라바 겨울 목토시 자전거 방한마스크 멀티스카프 털모자,http://www.11st.co.kr/product/SellerProductDetail.tmall?method=getSellerProductDetail&prdNo=1171528780
D***9,201903**,M,3,"전문직 (의사, 판검사, 예술가, 종교인)",100만원 미만,예    ,자녀 있음 ,단독주택,서울,송파구,가락본동,삼성,SKT,자전거,자전거,MTB,GIFT2016 엘파마 판타시아 S7 S675 카본 MTB 자전거,http://www.11st.co.kr/product/SellerProductDetail.tmall?method=getSellerProductDetail&prdNo=1043875589
D***,201903**,F,2,"사무직 (일반사무직, 공무원, 직업군인)",200~299만원,      ,          ,아파트/ 주상복합,경남,창원시 마산합포구,월영동,삼성,SKT,레저/자동차,자전거/용품,자전거,[21세기스쿠터]질주본능!21세기스쿠터/미드미 外 봄바람 일으키는 모빌리티 컬렉션,http://www.lotteimall.com/goods/viewGoodsDetail.lotte?goods_no=1154385444
D***,201903**,M,4,"사무직 (일반사무직, 공무원, 직업군인)",500~599만원,예    ,자녀 있음 ,연립주택/ 다세대/ 빌라,서울,송파구,마천동,LG,SKT,자전거,자전거관리용품,에어펌프(발펌프),국산삼흥 발펌프 공기주입기 손펌프 에어펌프 자전거,http://www.11st.co.kr/product/SellerProductDetail.tmall?method=getSellerProductDetail&prdNo=1105695651
D***,201903**,F,2,"사무직 (일반사무직, 공무원, 직업군인)",100~199만원,아니오,          ,아파트/ 주상복합,경기,안산시 단원구,고잔동,애플,SKT,레저/자동차,자전거/용품,자전거의류/잡화,[엠씨엔]MCN 통기성좋고 시원한 매쉬마스크/UV자외선 벌레차단,http://item.gmarket.co.kr/Item?goodscode=1104924744
D***7,201903**,M,3,"사무직 (일반사무직, 공무원, 직업군인)",200~299만원,      ,          ,아파트/ 주상복합,경기,용인시 기흥구,영덕동,삼성,SKT,레저/자동차,자전거/용품,자전거타이어/부품,야광젤타입 자전거 안장 자전거 용품 레저 취미,http://item.gmarket.co.kr/Item?goodscode=1268231013
D***2,201903**,M,4,"학생 (초중고학생, 대학생, 대학원생)",800~899만원,아니오,          ,아파트/ 주상복합,서울,광진구,광장동,삼성,KT,레저/자동차,자전거/용품,자전거,[알톤]갤럽22 21단 앞쇼바 7~11세 시마노인투스기어,http://www.11st.co.kr/product/SellerProductDetail.tmall?method=getSellerProductDetail&prdNo=1230962682
D***3,201903**,M,4,무직,100만원 미만,아니오,          ,연립주택/ 다세대/ 빌라,경북,구미시,진평동,삼성,SKT,레저/자동차,자전거/용품,자전거의류/잡화,1대1사은품증정 나루마스크 X1 X5 자외선차단마스크,http://www.11st.co.kr/product/SellerProductDetail.tmall?method=getSellerProductDetail&prdNo=11127502
D***3,201903**,M,5,"사무직 (일반사무직, 공무원, 직업군인)",700~799만원,예    ,자녀 있음 ,아파트/ 주상복합,서울,노원구,상계6.7동,삼성,SKT,캠핑/골프/헬스/자전거,자전거,전기자전거,전동킥보드마이봇 ERT-8/ 38V/ 18.4Ah / 삼성배터리/ 레져스포츠,http://www.hnsmall.com/display/goods.do?goods_code=12231883
D***4,201903**,M,2,"사무직 (일반사무직, 공무원, 직업군인)",200~299만원,      ,          ,아파트/ 주상복합,서울,도봉구,쌍문4동,삼성,SKT,자전거,튜닝용품,물통받침대,대만아이베라 경량 물통케이지 물병 더블 안장마운트,http://www.11st.co.kr/product/SellerProductDetail.tmall?method=getSellerProductDetail&prdNo=1084359208
D***3,201903**,M,2,"학생 (초중고학생, 대학생, 대학원생)",400~499만원,아니오,          ,단독주택,전남,여수시,돌산읍,LG,LG U+,레저/자동차,자전거/용품,자전거의류/잡화,[PUMA]푸마 여성 더블 스트레치 기모 본딩 팬츠 3종세트 GFYYFG22,http://www.hnsmall.com/display/goods.do?goods_code=12835199
D***3,201903**,M,5,"전문직 (의사, 판검사, 예술가, 종교인)",100만원 미만,아니오,          ,단독주택,인천,동구,송림6동,기타,알뜰폰(MVNO),자전거,자전거신발/고글/헬멧,헬멧,아동용자전거헬멧아동보호대 킥보드 인라인헬멧,http://www.11st.co.kr/product/SellerProductDetail.tmall?method=getSellerProductDetail&prdNo=1051520039
D***8,201903**,M,4,"사무직 (일반사무직, 공무원, 직업군인)",600~699만원,예    ,자녀 있음 ,연립주택/ 다세대/ 빌라,서울,광진구,중곡동,삼성,KT,자전거,자전거신발/고글/헬멧,보호대,(가온들)나스카/쿨토시/기능성팔토시/스포츠골프토시,http://www.11st.co.kr/product/SellerProductDetail.tmall?method=getSellerProductDetail&prdNo=11387459
D***,201903**,F,4,"사무직 (일반사무직, 공무원, 직업군인)",200~299만원,      ,          ,아파트/ 주상복합,부산,사상구,엄궁동,삼성,SKT,레저/자동차,자전거/용품,자전거액세서리,카멜백포디엄 칠리 610ml 자전거물통 보냉 물병,http://www.11st.co.kr/product/SellerProductDetail.tmall?method=getSellerProductDetail&prdNo=1019561002
D***,201903**,F,3,"전문직 (의사, 판검사, 예술가, 종교인)",100~199만원,아니오,          ,단독주택,인천,중구,신흥동3가,애플,KT,레저/자동차,자전거/용품,자전거의류/잡화,마스크/귀마개/멀티워머/넥워머/자전거/검정마스크,http://www.11st.co.kr/product/SellerProductDetail.tmall?method=getSellerProductDetail&prdNo=1167152971
D***,201903**,M,4,"사무직 (일반사무직, 공무원, 직업군인)",500~599만원,예    ,자녀 있음 ,연립주택/ 다세대/ 빌라,서울,송파구,마천동,LG,SKT,레저/자동차,자전거/용품,자전거액세서리,블랙울프KR-C8 L2 밝은 자전거라이트 전조등 손전등,http://www.11st.co.kr/product/SellerProductDetail.tmall?method=getSellerProductDetail&prdNo=1091472722
D***,201903**,M,5,"사무직 (일반사무직, 공무원, 직업군인)",200~299만원,      ,          ,아파트/ 주상복합,광주,남구,봉선2동,삼성,SKT,레저/자동차,자전거/용품,자전거,뉴도미니크24/렌즈/갤럽등 초등학생 하이브리드 모음,http://www.11st.co.kr/product/SellerProductDetail.tmall?method=getSellerProductDetail&prdNo=1154104823
D***,201903**,F,3,"사무직 (일반사무직, 공무원, 직업군인)",200~299만원,      ,          ,아파트/ 주상복합,서울,강남구,논현1동,삼성,SKT,자전거,자전거부품,핸들그립,Giant그립/Connect 커넥트 에르고 맥스 락온 (2색상),http://www.11st.co.kr/product/SellerProductDetail.tmall?method=getSellerProductDetail&prdNo=1137382869
D***6,201903**,F,4,"사무직 (일반사무직, 공무원, 직업군인)",200~299만원,      ,          ,아파트/ 주상복합,서울,동작구,대방동,삼성,SKT,자전거/보드,자전거액세서리,자전거스마트폰거치대,4방향완벽고정 자전거 스마트폰 거치대 (블랙),http://item.gmarket.co.kr/Item?goodscode=1235492029
D***9,201903**,M,3,"사무직 (일반사무직, 공무원, 직업군인)",200~299만원,      ,          ,아파트/ 주상복합,충남,아산시,배방읍,삼성,SKT,레저/자동차,자전거/용품,자전거액세서리,자전거라이트LED 전조등 후미등 후레쉬 [거치대증정],http://www.11st.co.kr/product/SellerProductDetail.tmall?method=getSellerProductDetail&prdNo=1080334719
D***1,201903**,M,4,"사무직 (일반사무직, 공무원, 직업군인)",200~299만원,      ,          ,아파트/ 주상복합,경기,부천시 원미구,심곡3동,삼성,SKT,자전거/보드,자전거라이트,자전거라이트/전조등,몬스터라이트LG화학 18650 배터리 3050mAh,http://item.gmarket.co.kr/Item?goodscode=1280497915
D***3,201903**,M,5,"관리직 (사장, 간부, 고위공무원)",500~599만원,예    ,자녀 있음 ,아파트/ 주상복합,서울,강남구,역삼동,애플,SKT,레저/자동차,자전거/용품,자전거액세서리,로드MTB 충전식 자전거라이트 용품 18650 배터리,http://www.11st.co.kr/product/SellerProductDetail.tmall?method=getSellerProductDetail&prdNo=1004933124
D***5,201903**,M,2,무직,100만원 미만,아니오,          ,기타 ,경기,평택시,평택동,애플,LG U+,자전거/보드,자전거타이어/부품,자전거타이어,자전거휠라이트 반사 스트로우 바퀴 야간 안전 야광,http://item.gmarket.co.kr/Item?goodscode=1184423428
D***,201903**,M,2,"사무직 (일반사무직, 공무원, 직업군인)",200~299만원,      ,          ,아파트/ 주상복합,경기,평택시,신장1동,삼성,SKT,캠핑/골프/헬스/자전거,자전거의류/용품,신발,뉴발란스운동화 574 NEWBALANCE 574 (ML574SS2),http://www.hnsmall.com/display/goods.do?goods_code=11979567
D***,201903**,F,4,"사무직 (일반사무직, 공무원, 직업군인)",200~299만원,      ,          ,아파트/ 주상복합,대전,서구,관저1동,삼성,SKT,레저/자동차,자전거/용품,자전거의류/잡화,{지오무역}[쿨멀티스카프모음]쿨마스크/냉동스카프/,http://www.11st.co.kr/product/SellerProductDetail.tmall?method=getSellerProductDetail&prdNo=1280486843
D***,201903**,M,2,"학생 (초중고학생, 대학생, 대학원생)","1,000만원 이상",아니오,          ,기타 ,경기,용인시 기흥구,중동,삼성,알뜰폰(MVNO),자전거,자전거,MTB,삼천리자전거/하운드팀50D/MTB자전거/산악자전거,http://www.11st.co.kr/product/SellerProductDetail.tmall?method=getSellerProductDetail&prdNo=1254184372
D***,201903**,F,2,"사무직 (일반사무직, 공무원, 직업군인)",200~299만원,      ,          ,아파트/ 주상복합,서울,동대문구,이문동,삼성,SKT,자전거,자전거,사이클,[HK]예거메티1디스크 로드자전거 카본포크 소라,http://www.11st.co.kr/product/SellerProductDetail.tmall?method=getSellerProductDetail&prdNo=1075538001
D***,201903**,M,4,"사무직 (일반사무직, 공무원, 직업군인)",200~299만원,      ,          ,아파트/ 주상복합,인천,서구,당하동,삼성,SKT,자전거,자전거관리용품,펑크패치,호비번개표 펑크패치 타이어수리 타이어레버 빵구,http://www.11st.co.kr/product/SellerProductDetail.tmall?method=getSellerProductDetail&prdNo=12271947
D***,201903**,M,4,"사무직 (일반사무직, 공무원, 직업군인)",200~299만원,      ,          ,아파트/ 주상복합,강원,춘천시,동내면,삼성,SKT,자전거,자전거관리용품,에어펌프(발펌프),자전거펌프/미니펌프/공기주입기/자전거용품,http://www.11st.co.kr/product/SellerProductDetail.tmall?method=getSellerProductDetail&prdNo=12932277
D***4,201903**,M,3,"전문직 (의사, 판검사, 예술가, 종교인)",900~999만원,아니오,          ,아파트/ 주상복합,충북,청주시 상당구,사천동,삼성,알뜰폰(MVNO),자전거,자전거신발/고글/헬멧,장갑,자전거방한토시 바이크 핸들덮개 방한커버 손토시,http://www.11st.co.kr/product/SellerProductDetail.tmall?method=getSellerProductDetail&prdNo=1164858474
D***6,201903**,M,3,"사무직 (일반사무직, 공무원, 직업군인)",500~599만원,아니오,          ,아파트/ 주상복합,서울,강북구,미아동,삼성,SKT,자전거,자전거부품,브레이크패드,[FNS]크락스오가닉 디스크브레이크 패드(벌크제품),http://www.11st.co.kr/product/SellerProductDetail.tmall?method=getSellerProductDetail&prdNo=1097542995
D***,201903**,M,2,"사무직 (일반사무직, 공무원, 직업군인)",200~299만원,      ,          ,아파트/ 주상복합,서울,강남구,논현1동,삼성,SKT,자전거,자전거관리용품,펑크패치,자전거펑크패치(패치30개+접착제) 자전거타이어수리,http://www.11st.co.kr/product/SellerProductDetail.tmall?method=getSellerProductDetail&prdNo=12932340
D***,201903**,M,4,"자영업 (도소매업, 숙박업, 미용업)",400~499만원,예    ,자녀 있음 ,아파트/ 주상복합,광주,광산구,광산동,삼성,SKT,자전거,자전거신발/고글/헬멧,헬멧,2018GIRO 지로 QUARTER 쿼터 어반 자전거 헬멧 BMX,http://www.11st.co.kr/product/SellerProductDetail.tmall?method=getSellerProductDetail&prdNo=1246004626
D***,201903**,F,4,"사무직 (일반사무직, 공무원, 직업군인)",200~299만원,      ,          ,아파트/ 주상복합,경기,오산시,갈곶동,삼성,SKT,자전거/보드,일반자전거,외발/삼륜/2인용,[자이덴]지오닉스 나누미 에코 성인용 세발 트라이 삼륜자전거,http://item.gmarket.co.kr/Item?goodscode=1292909571
D***,201903**,M,5,"판매직 (상점점원, 보험설계사, 노점상)",500~599만원,예    ,자녀 있음 ,단독주택,강원,춘천시,약사동,삼성,KT,자전거,튜닝용품,후미등,문라이트크레센트/코멧/쉴드/디펜더/메테오/ 자전거라이트 자전거후미등,http://www.11st.co.kr/product/SellerProductDetail.tmall?method=getSellerProductDetail&prdNo=1086040122
D***,201903**,M,3,"사무직 (일반사무직, 공무원, 직업군인)",200~299만원,      ,          ,아파트/ 주상복합,서울,중랑구,중화2동,삼성,SKT,자전거,튜닝용품,전시스탠드,[학성스포츠]아동용16/18/20인치 자전거스탠드/보조바퀴떼어내고 두발자전거전환시사용,http://www.11st.co.kr/product/SellerProductDetail.tmall?method=getSellerProductDetail&prdNo=1226615595
D***,201903**,F,3,"사무직 (일반사무직, 공무원, 직업군인)",200~299만원,      ,          ,아파트/ 주상복합,경기,화성시,반송동,삼성,SKT,레저/자동차,자전거/용품,자전거액세서리,"매그닉라이트/전조등,후미등싱글판매/충전필요없는 독일특허 비접촉 자전거라이트/자전거용품/무료배송",http://www.11st.co.kr/product/SellerProductDetail.tmall?method=getSellerProductDetail&prdNo=1242176076
D***9,201903**,M,3,"사무직 (일반사무직, 공무원, 직업군인)",200~299만원,      ,          ,아파트/ 주상복합,서울,강남구,논현1동,삼성,SKT,레저/자동차,자전거/용품,자전거의류/잡화,[PUMA]푸마 여성 기모 티셔츠 3종세트 NFYKFG01,http://www.hnsmall.com/display/goods.do?goods_code=12835184
D***1,201903**,F,5,"사무직 (일반사무직, 공무원, 직업군인)",200~299만원,      ,          ,아파트/ 주상복합,서울,성북구,월곡1동,삼성,SKT,레저/자동차,자전거/용품,자전거의류/잡화,쿨마스크멀티스카프 자외선차단마스크 자전거마스크,http://www.11st.co.kr/product/SellerProductDetail.tmall?method=getSellerProductDetail&prdNo=1042041108
D***0,201903**,M,3,"사무직 (일반사무직, 공무원, 직업군인)",400~499만원,예    ,자녀 있음 ,아파트/ 주상복합,경기,부천시 원미구,중4동,기타,알뜰폰(MVNO),유아동,유아동완구/교구,승용완구,STONETREE스톤트리 트라이크 - 유모차 세발 자전거,http://item.gmarket.co.kr/Item?goodscode=1129986013
D***3,201903**,M,2,"사무직 (일반사무직, 공무원, 직업군인)",200~299만원,      ,          ,아파트/ 주상복합,울산,북구,명촌동,삼성,SKT,레저/자동차,자전거/용품,자전거액세서리,(자전거용품.부품모음)자물쇠라이트펌프바구니짐받이안장가방헬멧보호대후미등페달보조바퀴벨전조등거치대,http://www.11st.co.kr/product/SellerProductDetail.tmall?method=getSellerProductDetail&prdNo=1258567584
D***6,201903**,F,4,"교직 (교사, 유치원교사, 학원강사)",300~399만원,아니오,          ,아파트/ 주상복합,강원,삼척시,교동,기타,KT,캠핑/골프/헬스/자전거,자전거의류/용품,기타용품,발목밴드,http://www.hnsmall.com/display/goods.do?goods_code=11522932
D***1,201903**,M,3,"기능직 (자동차정비, 운전기사, 안경사, 택시기사)",300~399만원,아니오,          ,아파트/ 주상복합,경기,양주시,덕계동,LG,KT,레저/자동차,자전거/용품,자전거의류/잡화,방한멀티스카프/멀티워머/넥워머/마스크/스키/자전거,http://item.gmarket.co.kr/Item?goodscode=1145899445
D***2,201903**,F,3,"주부 (전업주부, 파트타임 근무 주부)",300~399만원,예    ,자녀 있음 ,아파트/ 주상복합,서울,양천구,신월4동,기타,알뜰폰(MVNO),자전거,튜닝용품,전시스탠드,"자전거스텐드거치대/16,18,20,22,24,26스탠드 받침대 보관대 접이식 자전거용품",http://www.11st.co.kr/product/SellerProductDetail.tmall?method=getSellerProductDetail&prdNo=12932139
D***,201903**,M,4,"사무직 (일반사무직, 공무원, 직업군인)",200~299만원,      ,          ,아파트/ 주상복합,경남,창원시 성산구,남양동,삼성,SKT,레저/자동차,자전거/용품,자전거,[스마트]삼천리/스마트/바이맥스 접이식자전거 미니벨로 4종,http://item.gmarket.co.kr/Item?goodscode=1278067146
D***,201903**,M,4,"사무직 (일반사무직, 공무원, 직업군인)",200~299만원,      ,          ,아파트/ 주상복합,서울,도봉구,쌍문3동,삼성,SKT,자전거,자전거신발/고글/헬멧,헬멧,[HJC]X5(EVO)블랙스카이 / 자전거 헬멧 / 240g대 초,http://www.11st.co.kr/product/SellerProductDetail.tmall?method=getSellerProductDetail&prdNo=1040086015
D***,201903**,F,2,"학생 (초중고학생, 대학생, 대학원생)",400~499만원,아니오,          ,아파트/ 주상복합,경기,구리시,교문2동,삼성,KT,레저/자동차,자전거/용품,자전거타이어/부품,자전거수리키트+펌프 자전거공구세트 펑크패치,http://www.11st.co.kr/product/SellerProductDetail.tmall?method=getSellerProductDetail&prdNo=1103998698
D***4,201903**,M,2,"사무직 (일반사무직, 공무원, 직업군인)",200~299만원,      ,          ,아파트/ 주상복합,서울,서초구,서초1동,삼성,SKT,자전거/보드,자전거액세서리,자전거짐받이,바이크박스블랙   -  생활용 여성용 접이식 자전거 짐받이 거치용 접이식 짐 바구니,http://item.gmarket.co.kr/Item?goodscode=128833406
D***8,201903**,M,5,"자영업 (도소매업, 숙박업, 미용업)",300~399만원,예    ,자녀 있음 ,아파트/ 주상복합,부산,부산진구,양정동,삼성,SKT,자전거,자전거신발/고글/헬멧,보호대,[AQUA-X/국산]발렌티노무봉제 쿨토시/아쿠아엑스,http://www.11st.co.kr/product/SellerProductDetail.tmall?method=getSellerProductDetail&prdNo=1261126293
D***4,201903**,M,4,기타 ,600~699만원,예    ,자녀 있음 ,아파트/ 주상복합,서울,동작구,신대방2동,애플,KT,레저/자동차,자전거/용품,자전거의류/잡화,DBIKE디빅 투라인 집게 후미등,http://item.gmarket.co.kr/Item?goodscode=1205206386
D***0,201903**,M,4,"사무직 (일반사무직, 공무원, 직업군인)",300~399만원,예    ,자녀 있음 ,아파트/ 주상복합,부산,연제구,거제1동,삼성,SKT,레저/자동차,자전거/용품,자전거,지오스빈티지벨로체/GiosVintage Veloce 로드자전거,http://item.gmarket.co.kr/Item?goodscode=1273357815
D***4,201903**,F,3,"사무직 (일반사무직, 공무원, 직업군인)",100~199만원,예    ,자녀 없음 ,단독주택,경기,가평군,가평읍,애플,KT,레저/자동차,자전거/용품,자전거액세서리,블랙울프KR-C8 L2 밝은 자전거라이트 전조등 손전등,http://www.11st.co.kr/product/SellerProductDetail.tmall?method=getSellerProductDetail&prdNo=1091472722
D***,201903**,M,2,"사무직 (일반사무직, 공무원, 직업군인)",200~299만원,      ,          ,아파트/ 주상복합,전북,군산시,나운1동,삼성,SKT,자전거/보드,일반자전거,외발/삼륜/2인용,절대터지지않는알로이 컨츄리 성인 세발자전거 삼륜,http://item.gmarket.co.kr/Item?goodscode=1201833484
D***,201903**,M,2,"사무직 (일반사무직, 공무원, 직업군인)",200~299만원,      ,          ,아파트/ 주상복합,서울,동작구,상도3동,삼성,LG U+,자전거,자전거,MTB,"[삼천리]미키마우스 미키키즈14,16,18형 아동 자전거",http://www.11st.co.kr/product/SellerProductDetail.tmall?method=getSellerProductDetail&prdNo=1248195280
D***,201903**,M,4,"사무직 (일반사무직, 공무원, 직업군인)",200~299만원,      ,          ,아파트/ 주상복합,경남,거제시,옥포동,삼성,SKT,자전거,자전거,사이클,[쿠베로]에어리아2.0신형소라18 무료조립+최강사은품 NEW SORA 18,http://www.11st.co.kr/product/SellerProductDetail.tmall?method=getSellerProductDetail&prdNo=1224036819
D***,201903**,F,4,"사무직 (일반사무직, 공무원, 직업군인)",200~299만원,      ,          ,아파트/ 주상복합,인천,남구,숭의4동,삼성,SKT,레저/자동차,자전거/용품,자전거,지멘스여성용 부인용 자전거 클래식 24 26인치,http://item.gmarket.co.kr/Item?goodscode=1110235162
D***4,201903**,F,2,"사무직 (일반사무직, 공무원, 직업군인)","1,000만원 이상",아니오,          ,아파트/ 주상복합,경기,시흥시,은행동,애플,LG U+,자전거,자전거,MTB,GIFT2016 엘파마 판타시아 S7 S675 카본 MTB 자전거,http://www.11st.co.kr/product/SellerProductDetail.tmall?method=getSellerProductDetail&prdNo=1043875589
D***9,201903**,M,3,"서비스직 (요식업, 숙박업, 미용실종업원)",200~299만원,아니오,          ,오피스텔,서울,강남구,논현동,LG,LG U+,레저/자동차,자전거/용품,자전거,[스마트자전거]반티아고G21 하이브리드자전거 21단 클래식 2018년,http://www.lotteimall.com/goods/viewGoodsDetail.lotte?goods_no=1203110269
D***0,201903**,M,4,"사무직 (일반사무직, 공무원, 직업군인)",200~299만원,      ,          ,아파트/ 주상복합,서울,강남구,대치동,삼성,SKT,유아동,유아동완구/교구,승용완구,[삼천리자전거]GIFT 2018 삼천리 샘트라이크 800+ 유모차 세발자전거,http://item.gmarket.co.kr/Item?goodscode=1266671892
D***3,201903**,M,3,"사무직 (일반사무직, 공무원, 직업군인)",400~499만원,아니오,          ,아파트/ 주상복합,경기,용인시 수지구,성복동,삼성,SKT,자전거,자전거신발/고글/헬멧,헬멧,어반헬멧/GIRO 쿼터 다임 딤/BELL 세그먼트/자전거,http://www.11st.co.kr/product/SellerProductDetail.tmall?method=getSellerProductDetail&prdNo=1244123994
D***2,201903**,M,3,"학생 (초중고학생, 대학생, 대학원생)",100만원 미만,예    ,자녀 없음 ,연립주택/ 다세대/ 빌라,서울,은평구,불광동,삼성,LG U+,자전거,자전거부품,변속기,변속레버/자전거기어/시마노변속레버/그립쉬프트,http://www.11st.co.kr/product/SellerProductDetail.tmall?method=getSellerProductDetail&prdNo=1280799725
D***,201903**,F,4,"사무직 (일반사무직, 공무원, 직업군인)",200~299만원,      ,          ,아파트/ 주상복합,서울,금천구,독산1동,삼성,SKT,자전거,자전거부품,안장,유아안장/짐받이장착/핸들바장착/목받이유아안장/자전거안장,http://www.11st.co.kr/product/SellerProductDetail.tmall?method=getSellerProductDetail&prdNo=1275573892
D***4,201903**,M,2,"사무직 (일반사무직, 공무원, 직업군인)",200~299만원,      ,          ,아파트/ 주상복합,대전,서구,도안동,삼성,SKT,자전거/보드,자전거헬멧,기타브랜드 헬멧,[삼천리자전거]미니마우스 헬멧보호대 세트 어린이 자전거 킥보드/ 삼천리자전거,http://item.gmarket.co.kr/Item?goodscode=1112014699
D***8,201903**,F,4,"사무직 (일반사무직, 공무원, 직업군인)",200~299만원,      ,          ,아파트/ 주상복합,경기,광명시,소하1동,삼성,SKT,레저/자동차,자전거/용품,자전거,베리벨로보스톤GS 22 18년형 22인치 MTB자전거,http://www.11st.co.kr/product/SellerProductDetail.tmall?method=getSellerProductDetail&prdNo=1264898395
D***0,201903**,M,5,"사무직 (일반사무직, 공무원, 직업군인)",200~299만원,      ,          ,아파트/ 주상복합,전남,무안군,무안읍,삼성,SKT,자전거,자전거관리용품,에어펌프(발펌프),발펌프/튜브/휴대용/쌍발/자전거/공기주입기/에어펌프/타이어공기/축구공/농구공/바람넣기/외발/강력발펌프,http://www.11st.co.kr/product/SellerProductDetail.tmall?method=getSellerProductDetail&prdNo=1091662162
D***9,201903**,F,3,"주부 (전업주부, 파트타임 근무 주부)",300~399만원,예    ,자녀 없음 ,연립주택/ 다세대/ 빌라,경남,창원시 마산합포구,산호동,LG,LG U+,자전거,자전거관리용품,에어펌프(발펌프),국산삼흥 발펌프 공기주입기 손펌프 에어펌프 자전거펌프 공 오토바이 바이크 휴대용 쌍발펌프 튜브 스포,http://www.11st.co.kr/product/SellerProductDetail.tmall?method=getSellerProductDetail&prdNo=1105695651
D***8,201903**,M,5,"사무직 (일반사무직, 공무원, 직업군인)",700~799만원,예    ,자녀 있음 ,아파트/ 주상복합,경기,안양시 만안구,안양4동,삼성,SKT,레저/자동차,자전거/용품,자전거,[삼천리자전거][삼천리]여성용 클래식 자전거 라니아 22인치,http://www.lotteimall.com/goods/viewGoodsDetail.lotte?goods_no=1203462725
D***2,201903**,F,4,"사무직 (일반사무직, 공무원, 직업군인)",200~299만원,      ,          ,아파트/ 주상복합,경기,성남시 중원구,은행1동,삼성,SKT,자전거,자전거신발/고글/헬멧,헬멧,어반헬멧/GIRO 쿼터 다임 딤/BELL 세그먼트/자전거,http://www.11st.co.kr/product/SellerProductDetail.tmall?method=getSellerProductDetail&prdNo=1244123994
D***2,201903**,F,3,"주부 (전업주부, 파트타임 근무 주부)",300~399만원,예    ,자녀 있음 ,아파트/ 주상복합,서울,양천구,신월4동,기타,알뜰폰(MVNO),레저/자동차,자전거/용품,자전거액세서리,"매그닉라이트/전조등,후미등싱글판매/충전필요없는 독일특허 비접촉 자전거라이트/자전거용품/무료배송",http://www.11st.co.kr/product/SellerProductDetail.tmall?method=getSellerProductDetail&prdNo=1242176076
D***,201903**,F,2,"사무직 (일반사무직, 공무원, 직업군인)",200~299만원,      ,          ,아파트/ 주상복합,서울,강남구,삼성동,삼성,SKT,자전거,자전거부품,체인,"SramX1 체인, PC-X1, 11단/11단용 자전거 체인",http://www.11st.co.kr/product/SellerProductDetail.tmall?method=getSellerProductDetail&prdNo=1261677729
D***,201903**,M,3,"사무직 (일반사무직, 공무원, 직업군인)",200~299만원,      ,          ,아파트/ 주상복합,대전,유성구,전민동,삼성,SKT,자전거,튜닝용품,전시스탠드,[학성스포츠]아동용16/18/20인치 자전거스탠드/보조바퀴떼어내고 두발자전거전환시사용,http://www.11st.co.kr/product/SellerProductDetail.tmall?method=getSellerProductDetail&prdNo=1226615595
D***,201903**,M,3,"자영업 (도소매업, 숙박업, 미용업)",300~399만원,아니오,          ,연립주택/ 다세대/ 빌라,대구,남구,대명9동,LG,KT,자전거,자전거신발/고글/헬멧,보호대,2+2이벤트/네파정품/탑쿨/슬레진저 쿨토시 팔토시,http://www.11st.co.kr/product/SellerProductDetail.tmall?method=getSellerProductDetail&prdNo=1282680743
D***,201903**,M,4,"사무직 (일반사무직, 공무원, 직업군인)",200~299만원,      ,          ,아파트/ 주상복합,울산,중구,반구1동,삼성,SKT,레저/자동차,자전거/용품,자전거,[스마트]삼천리/스마트 접이식자전거 미니벨로 4종,http://item.gmarket.co.kr/Item?goodscode=1278067146
D***2,201903**,M,4,"사무직 (일반사무직, 공무원, 직업군인)",200~299만원,      ,          ,아파트/ 주상복합,서울,구로구,온수동,삼성,SKT,자전거,튜닝용품,후미등,자전거후미등2구 실리콘 후미등 LED비상등 안전등 야간 라이딩 유모차 오토바이 3가지 모드,http://www.11st.co.kr/product/SellerProductDetail.tmall?method=getSellerProductDetail&prdNo=1253472408
D***3,201903**,F,5,"사무직 (일반사무직, 공무원, 직업군인)",300~399만원,예    ,자녀 있음 ,아파트/ 주상복합,광주,북구,용봉동,삼성,KT,레저/자동차,자전거/용품,자전거액세서리,(자전거용품.부품모음)자물쇠라이트펌프바구니짐받이안장가방헬멧보호대후미등페달보조바퀴벨전조등거치대,http://www.11st.co.kr/product/SellerProductDetail.tmall?method=getSellerProductDetail&prdNo=1258567584
D***3,201903**,M,2,"학생 (초중고학생, 대학생, 대학원생)",300~399만원,아니오,          ,오피스텔,경기,의왕시,내손1동,LG,KT,자전거/보드,자전거장갑/잡화,자전거장갑,[킹썰]스포츠/등산/자전거장갑/여름장갑/반장갑/선택0여름용,http://item.gmarket.co.kr/Item?goodscode=1284293661
D***3,201903**,M,3,"사무직 (일반사무직, 공무원, 직업군인)",200~299만원,      ,          ,아파트/ 주상복합,경기,부천시 소사구,송내동,삼성,SKT,캠핑/골프/헬스/자전거,자전거의류/용품,공용상의,[MCN]윈드베스트 MSV-16 블랙/자전거조끼,http://www.hnsmall.com/display/goods.do?goods_code=12602302
D***1,201903**,F,5,"사무직 (일반사무직, 공무원, 직업군인)",200~299만원,      ,          ,아파트/ 주상복합,서울,동작구,상도1동,삼성,SKT,레저/자동차,자전거/용품,자전거,도미니크24인치하이브리드자전거초등학생~중학생까지,http://www.11st.co.kr/product/SellerProductDetail.tmall?method=getSellerProductDetail&prdNo=1090901926
D***,201903**,M,2,"사무직 (일반사무직, 공무원, 직업군인)",200~299만원,      ,          ,아파트/ 주상복합,울산,남구,무거동,삼성,SKT,레저/자동차,자전거/용품,자전거액세서리,로드MTB 충전식 자전거라이트 용품 18650 배터리,http://www.11st.co.kr/product/SellerProductDetail.tmall?method=getSellerProductDetail&prdNo=1004933124
D***,201903**,M,2,"사무직 (일반사무직, 공무원, 직업군인)",200~299만원,      ,          ,아파트/ 주상복합,서울,광진구,화양동,LG,LG U+,자전거,자전거신발/고글/헬멧,헬멧,자전거커버방수 덮개 오토바이,http://www.11st.co.kr/product/SellerProductDetail.tmall?method=getSellerProductDetail&prdNo=1269616509
D***,201903**,F,3,"사무직 (일반사무직, 공무원, 직업군인)",200~299만원,      ,          ,아파트/ 주상복합,인천,계양구,동양동,삼성,SKT,자전거,튜닝용품,흙받이,자전거흙받이/짐받이가방/강철크롬짐받이/받침대/보조안장/쇼바형짐받이/자전거용품,http://www.11st.co.kr/product/SellerProductDetail.tmall?method=getSellerProductDetail&prdNo=1081764401
D***,201903**,M,3,"사무직 (일반사무직, 공무원, 직업군인)",200~299만원,      ,          ,아파트/ 주상복합,경북,김천시,모암동,삼성,SKT,자전거/보드,자전거헬멧,기타브랜드 헬멧,[삼천리자전거]미니마우스 헬멧보호대 세트 어린이 자전거 킥보드/ 삼천리자전거,http://item.gmarket.co.kr/Item?goodscode=1112014699
D***5,201903**,F,5,기타 ,400~499만원,예    ,자녀 있음 ,연립주택/ 다세대/ 빌라,서울,도봉구,방학2동,삼성,SKT,레저/자동차,자전거/용품,자전거,알톤쉐보레 CFB2.4 24단 팻바이크/노바투스/우라노,http://www.11st.co.kr/product/SellerProductDetail.tmall?method=getSellerProductDetail&prdNo=1288179623
D***0,201903**,F,3,"전문직 (의사, 판검사, 예술가, 종교인)","1,000만원 이상",아니오,          ,연립주택/ 다세대/ 빌라,서울,서초구,반포동,삼성,SKT,자전거,자전거부품,안장,유아안장/짐받이장착/핸들바장착/목받이유아안장/자전거안장,http://www.11st.co.kr/product/SellerProductDetail.tmall?method=getSellerProductDetail&prdNo=1275573892
D***5,201903**,F,2,"사무직 (일반사무직, 공무원, 직업군인)",200~299만원,      ,          ,아파트/ 주상복합,서울,강남구,논현동,삼성,SKT,레저/자동차,자전거/용품,자전거액세서리,[엑스피크]엑스피크 자전거힙색 트윈포켓파우치 자전거파우치,http://item.gmarket.co.kr/Item?goodscode=1124173801
D***9,201903**,M,4,"농/축/광/수산업 (축산, 낙농업, 수산, 임업, 광업)",100만원 미만,아니오,          ,연립주택/ 다세대/ 빌라,경기,용인시 처인구,모현면,삼성,SKT,자전거/보드,자전거타이어/부품,자전거튜브,[흥아]흥아 700C x 23/25C 프레스타 60mm 자전거튜브 로드,http://item.gmarket.co.kr/Item?goodscode=1287260612
D***,201903**,F,4,"사무직 (일반사무직, 공무원, 직업군인)",400~499만원,예    ,자녀 있음 ,아파트/ 주상복합,경기,양주시,산북동,삼성,알뜰폰(MVNO),레저/자동차,자전거/용품,자전거액세서리,[J]쿨시트 방석 오토바이 스쿠터 헬멧 용품,http://www.11st.co.kr/product/SellerProductDetail.tmall?method=getSellerProductDetail&prdNo=1082590066
D***4,201903**,M,4,"사무직 (일반사무직, 공무원, 직업군인)",300~399만원,아니오,          ,아파트/ 주상복합,부산,사하구,다대동,삼성,SKT,자전거,자전거부품,페달,"토클립세트 (1쌍. 가죽밴드, 볼트 포함) Toe Clip Set 대만생산품. 픽시 클래식 로드 등 자전거 부품 용품",http://www.11st.co.kr/product/SellerProductDetail.tmall?method=getSellerProductDetail&prdNo=1114857336
D***0,201903**,F,5,"주부 (전업주부, 파트타임 근무 주부)",300~399만원,예    ,자녀 있음 ,연립주택/ 다세대/ 빌라,서울,중랑구,상봉2동,삼성,KT,레저/자동차,자전거/용품,자전거액세서리,자전거비밀번호 자물쇠 (소)  No75,http://item.gmarket.co.kr/Item?goodscode=1235749090
D***3,201903**,M,2,무직,100~199만원,아니오,          ,연립주택/ 다세대/ 빌라,서울,영등포구,도림동,기타,알뜰폰(MVNO),자전거,자전거부품,변속기,변속레버/자전거기어/시마노변속레버/그립쉬프트,http://www.11st.co.kr/product/SellerProductDetail.tmall?method=getSellerProductDetail&prdNo=1280799725
D***1,201903**,M,4,"교직 (교사, 유치원교사, 학원강사)",600~699만원,예    ,자녀 있음 ,아파트/ 주상복합,강원,춘천시,근화동,LG,LG U+,레저/자동차,자전거/용품,헬멧/보호장비,에어워크보호대 성인용/아동용 헬멧/가방 용품 S16,http://www.11st.co.kr/product/SellerProductDetail.tmall?method=getSellerProductDetail&prdNo=12617089
D***7,201903**,M,3,"자영업 (도소매업, 숙박업, 미용업)",700~799만원,아니오,          ,연립주택/ 다세대/ 빌라,서울,강남구,역삼동,LG,KT,레저/자동차,자전거/용품,자전거액세서리,[VELO]VL3147전립선안장 - MTB 로드 싸이클 자전거 전립선 벨로 쿠션안장,http://www.11st.co.kr/product/SellerProductDetail.tmall?method=getSellerProductDetail&prdNo=1099006895
D***,201903**,M,5,"사무직 (일반사무직, 공무원, 직업군인)",200~299만원,      ,          ,아파트/ 주상복합,대구,북구,산격4동,삼성,SKT,자전거,자전거,로드자전거,2019첼로 테라 신형105 카본포크 로드자전거,http://www.11st.co.kr/product/SellerProductDetail.tmall?method=getSellerProductDetail&prdNo=1074638903
D***,201903**,M,5,"사무직 (일반사무직, 공무원, 직업군인)",200~299만원,      ,          ,아파트/ 주상복합,서울,동작구,신대방동,삼성,SKT,레저/자동차,자전거/용품,자전거,알톤어린이용 경량 알루미늄 접이식 자전거 라바폴딩18인치,http://www.11st.co.kr/product/SellerProductDetail.tmall?method=getSellerProductDetail&prdNo=1096512754
D***,201903**,M,4,"사무직 (일반사무직, 공무원, 직업군인)",900~999만원,예    ,자녀 있음 ,아파트/ 주상복합,경기,성남시 분당구,수내3동,삼성,KT,레저/자동차,자전거/용품,헬멧/보호장비,에어워크보호대 성인용/아동용 헬멧/가방 용품 S16,http://www.11st.co.kr/product/SellerProductDetail.tmall?method=getSellerProductDetail&prdNo=12617089
D***,201903**,F,3,"사무직 (일반사무직, 공무원, 직업군인)",200~299만원,      ,          ,아파트/ 주상복합,경기,김포시,운양동,삼성,SKT,레저/자동차,자전거/용품,자전거액세서리,자전거유아안장전방유아안장 아동보조안장,http://www.11st.co.kr/product/SellerProductDetail.tmall?method=getSellerProductDetail&prdNo=124145685
D***,201903**,M,4,"사무직 (일반사무직, 공무원, 직업군인)",200~299만원,      ,          ,아파트/ 주상복합,경기,광주시,오포읍,삼성,SKT,자전거,자전거부품,튜브,자전거고급 타이어 튜브/던롭 프레스타 슈레더 튜브/슈발베 켄다 CST튜브/자전거용품 부품,http://www.11st.co.kr/product/SellerProductDetail.tmall?method=getSellerProductDetail&prdNo=1096604696
D***,201903**,M,4,"사무직 (일반사무직, 공무원, 직업군인)",200~299만원,      ,          ,아파트/ 주상복합,서울,서초구,양재동,삼성,SKT,자전거,자전거부품,안장,대만New 카본 시트포스트 (27.2/31.6mm) 풀카본 자전거 안장봉/초경량 싯포스트 (세미카),http://www.11st.co.kr/product/SellerProductDetail.tmall?method=getSellerProductDetail&prdNo=1015126992
D***,201903**,M,3,"사무직 (일반사무직, 공무원, 직업군인)",200~299만원,      ,          ,아파트/ 주상복합,서울,중랑구,중화2동,삼성,SKT,자전거/보드,자전거타이어/부품,자전거튜브,[흥아]흥아 26인치x1.75/2.125 프레스타 60mm 자전거튜브,http://item.gmarket.co.kr/Item?goodscode=1284816502
D***,201903**,M,3,"관리직 (사장, 간부, 고위공무원)",300~399만원,예    ,자녀 있음 ,아파트/ 주상복합,서울,용산구,후암동,기타,KT,레저/자동차,자전거/용품,자전거,자이덴라스카FX20 20인치 7단 접이식 자전거,http://www.11st.co.kr/product/SellerProductDetail.tmall?method=getSellerProductDetail&prdNo=1202758720
D***5,201903**,M,3,"사무직 (일반사무직, 공무원, 직업군인)",500~599만원,예    ,자녀 없음 ,아파트/ 주상복합,대구,서구,중리동,삼성,SKT,레저/자동차,자전거/용품,자전거의류/잡화,극세사기모 방한 넥워머 바라클라바 겨울 목토시 자전거 방한마스크 멀티스카프 털모자,http://www.11st.co.kr/product/SellerProductDetail.tmall?method=getSellerProductDetail&prdNo=1171528780
D***6,201903**,M,5,"교직 (교사, 유치원교사, 학원강사)",400~499만원,예    ,자녀 있음 ,아파트/ 주상복합,경기,남양주시,별내면,삼성,SKT,자전거/보드,일반자전거,외발/삼륜/2인용,절대터지지않는알로이 컨츄리 성인 세발자전거 삼륜,http://item.gmarket.co.kr/Item?goodscode=1201833484
D***3,201903**,M,2,무직,100~199만원,아니오,          ,연립주택/ 다세대/ 빌라,서울,영등포구,도림동,기타,알뜰폰(MVNO),자전거,튜닝용품,트레이너(로라),엘리트노보 맥 포스/자전거용품/자전거롤러,http://www.11st.co.kr/product/SellerProductDetail.tmall?method=getSellerProductDetail&prdNo=1271754585
D***7,201903**,M,4,"사무직 (일반사무직, 공무원, 직업군인)",300~399만원,예    ,자녀 있음 ,아파트/ 주상복합,서울,도봉구,창2동,LG,SKT,자전거,자전거부품,브레이크패드,시마노디스크 브레이크 Resin 패드 B01S/BR-T615/C501/M575/M525/M486/M485/M475/M465 레진패드/래진패드,http://www.11st.co.kr/product/SellerProductDetail.tmall?method=getSellerProductDetail&prdNo=1060069949
D***9,201903**,M,3,"자영업 (도소매업, 숙박업, 미용업)",200~299만원,아니오,          ,연립주택/ 다세대/ 빌라,대전,중구,선화동,삼성,KT,자전거,자전거신발/고글/헬멧,헬멧,스텔리오스고글헬멧 에어로 자전거헬멧 로드헬멧,http://www.11st.co.kr/product/SellerProductDetail.tmall?method=getSellerProductDetail&prdNo=1007190015
D***,201903**,F,2,"사무직 (일반사무직, 공무원, 직업군인)",200~299만원,      ,          ,아파트/ 주상복합,서울,강서구,가양1동,삼성,SKT,레저/자동차,자전거/용품,자전거액세서리,카멜백포디엄 칠리 610ml 자전거물통 보냉 물병,http://www.11st.co.kr/product/SellerProductDetail.tmall?method=getSellerProductDetail&prdNo=1019561002
D***,201903**,M,5,"사무직 (일반사무직, 공무원, 직업군인)",400~499만원,예    ,자녀 있음 ,아파트/ 주상복합,서울,서대문구,홍제1동,삼성,SKT,자전거,자전거신발/고글/헬멧,헬멧,스텔리오스고글헬멧 에어로 자전거헬멧 로드헬멧,http://www.11st.co.kr/product/SellerProductDetail.tmall?method=getSellerProductDetail&prdNo=1007190015
D***2,201903**,M,4,"사무직 (일반사무직, 공무원, 직업군인)",200~299만원,      ,          ,아파트/ 주상복합,경기,동두천시,하봉암동,삼성,SKT,유아동,유아동완구/교구,승용완구,ZOKO조코유아동 체인자전거9종(3세~7세사용)+컵홀더,http://item.gmarket.co.kr/Item?goodscode=1109676457
D***6,201903**,F,4,"사무직 (일반사무직, 공무원, 직업군인)",400~499만원,예    ,자녀 있음 ,아파트/ 주상복합,부산,북구,구포3동,삼성,알뜰폰(MVNO),자전거,자전거신발/고글/헬멧,보호대,[성인보호대 세트] 에어워크 보호대 손목_무릎_팔꿈치,http://www.11st.co.kr/product/SellerProductDetail.tmall?method=getSellerProductDetail&prdNo=1112671449
D***9,201903**,F,4,"사무직 (일반사무직, 공무원, 직업군인)",600~699만원,예    ,자녀 있음 ,아파트/ 주상복합,충남,천안시 서북구,불당동,애플,SKT,자전거,자전거부품,체인,MYBN 10단 실버_S10CR 체인,http://www.11st.co.kr/product/SellerProductDetail.tmall?method=getSellerProductDetail&prdNo=1272548067
D***3,201903**,F,2,"학생 (초중고학생, 대학생, 대학원생)",600~699만원,아니오,          ,아파트/ 주상복합,서울,노원구,중계1동,LG,SKT,레저/자동차,자전거/용품,자전거의류/잡화,아동.유아.어린이/무릎보호대.헬멧.장갑 세트/자전거용품.인라인스케이트.씽씽카.안전용품.블랙프라이데이,http://www.11st.co.kr/product/SellerProductDetail.tmall?method=getSellerProductDetail&prdNo=1066221250
D***,201903**,M,4,"사무직 (일반사무직, 공무원, 직업군인)",400~499만원,예    ,자녀 있음 ,아파트/ 주상복합,인천,부평구,갈산2동,LG,SKT,레저/자동차,자전거/용품,자전거액세서리,[엑스피크]엑스피크 자전거힙색 트윈포켓파우치 자전거파우치,http://item.gmarket.co.kr/Item?goodscode=1124173801
D***,201903**,M,3,"사무직 (일반사무직, 공무원, 직업군인)",200~299만원,      ,          ,아파트/ 주상복합,서울,강남구,일원동,삼성,SKT,자전거,튜닝용품,후미등,자전거후미등/후미등/실리콘/LED후미등/안전등,http://www.11st.co.kr/product/SellerProductDetail.tmall?method=getSellerProductDetail&prdNo=1067038322
D***,201903**,F,4,"사무직 (일반사무직, 공무원, 직업군인)",200~299만원,      ,          ,아파트/ 주상복합,서울,강서구,화곡2동,삼성,SKT,레저/자동차,자전거/용품,자전거,뉴도미니크24/렌즈/갤럽등 초등학생 하이브리드 모음,http://www.11st.co.kr/product/SellerProductDetail.tmall?method=getSellerProductDetail&prdNo=1154104823
D***,201903**,M,2,"사무직 (일반사무직, 공무원, 직업군인)",200~299만원,      ,          ,아파트/ 주상복합,서울,마포구,망원동,삼성,SKT,자전거,자전거부품,변속기,변속레버/자전거기어/시마노변속레버/그립쉬프트,http://www.11st.co.kr/product/SellerProductDetail.tmall?method=getSellerProductDetail&prdNo=1280799725
D***,201903**,F,5,"주부 (전업주부, 파트타임 근무 주부)",400~499만원,예    ,자녀 있음 ,아파트/ 주상복합,충남,천안시 동남구,원성1동,LG,LG U+,자전거/보드,자전거액세서리,자전거짐받이,바이크박스블랙   -  생활용 여성용 접이식 자전거 짐받이 거치용 접이식 짐 바구니,http://item.gmarket.co.kr/Item?goodscode=128833406
D***,201903**,M,2,"사무직 (일반사무직, 공무원, 직업군인)",200~299만원,      ,          ,아파트/ 주상복합,전북,전주시 덕진구,호성동1가,삼성,SKT,자전거,튜닝용품,거치대/보관대,노스바이크스마트폰 자전거거치대 핸드폰 휴대폰 가방,http://www.11st.co.kr/product/SellerProductDetail.tmall?method=getSellerProductDetail&prdNo=1016944642
D***,201903**,M,5,"사무직 (일반사무직, 공무원, 직업군인)",200~299만원,      ,          ,아파트/ 주상복합,대구,달서구,월성동,삼성,SKT,자전거,자전거,MTB,"[삼천리]미키마우스 미키키즈14,16,18형 아동 자전거",http://www.11st.co.kr/product/SellerProductDetail.tmall?method=getSellerProductDetail&prdNo=1248195280
D***2,201903**,M,4,"사무직 (일반사무직, 공무원, 직업군인)",200~299만원,      ,          ,아파트/ 주상복합,경기,동두천시,하봉암동,삼성,SKT,자전거,튜닝용품,전시스탠드,토픽스텐드 DUAL TOUCH BIKE STAND 자전거거치대,http://www.11st.co.kr/product/SellerProductDetail.tmall?method=getSellerProductDetail&prdNo=1154312380
D***3,201903**,M,5,"사무직 (일반사무직, 공무원, 직업군인)",200~299만원,      ,          ,아파트/ 주상복합,경기,평택시,포승읍,삼성,SKT,캠핑/골프/헬스/자전거,자전거,전기자전거,전동킥보드마이봇 ERT-8/ 38V/ 18.4Ah / 삼성배터리/ 레져스포츠,http://www.hnsmall.com/display/goods.do?goods_code=12231883
D***5,201903**,F,2,"학생 (초중고학생, 대학생, 대학원생)",200~299만원,아니오,          ,단독주택,부산,동구,좌천4동,LG,SKT,자전거,튜닝용품,흙받이,자전거흙받이(한세트)삼천리자전거 레스포정품/흙튀김방지 물받이/선택,http://www.11st.co.kr/product/SellerProductDetail.tmall?method=getSellerProductDetail&prdNo=12932278
D***6,201903**,M,4,무직,300~399만원,예    ,자녀 없음 ,연립주택/ 다세대/ 빌라,경기,고양시 일산동구,풍동,삼성,SKT,자전거,튜닝용품,전시스탠드,토픽스텐드 DUAL TOUCH BIKE STAND 자전거거치대,http://www.11st.co.kr/product/SellerProductDetail.tmall?method=getSellerProductDetail&prdNo=1154312380
D***3,201903**,M,2,"학생 (초중고학생, 대학생, 대학원생)",400~499만원,아니오,          ,아파트/ 주상복합,서울,성동구,성수1가1동,삼성,KT,자전거,자전거,사이클,[HK]예거메티1디스크 로드자전거 카본포크 소라,http://www.11st.co.kr/product/SellerProductDetail.tmall?method=getSellerProductDetail&prdNo=1075538001
D***2,201903**,M,4,"사무직 (일반사무직, 공무원, 직업군인)",500~599만원,예    ,자녀 있음 ,아파트/ 주상복합,경기,고양시 덕양구,고양동,애플,SKT,레저/자동차,자전거/용품,자전거의류/잡화,[PUMA]푸마 여성 기모 티셔츠 3종세트 NFYKFG01,http://www.hnsmall.com/display/goods.do?goods_code=12835184
D***8,201903**,M,3,"전문직 (의사, 판검사, 예술가, 종교인)",700~799만원,예    ,자녀 있음 ,아파트/ 주상복합,충남,천안시 서북구,두정동,애플,KT,레저/자동차,자전거/용품,자전거,미키키즈로드스터 미니 18유니키즈FA 어린이자전거,http://www.11st.co.kr/product/SellerProductDetail.tmall?method=getSellerProductDetail&prdNo=1067685984
D***,201903**,M,4,"생산/노무직 (생산감독, 경비원, 공장근로자)",100만원 미만,아니오,          ,아파트/ 주상복합,서울,서초구,서초동,삼성,알뜰폰(MVNO),레저/자동차,자전거/용품,자전거액세서리,블랙울프미니줌 줌라이트 LED랜턴 후레쉬 자전거용품,http://www.11st.co.kr/product/SellerProductDetail.tmall?method=getSellerProductDetail&prdNo=1182033172
D***,201903**,M,2,"사무직 (일반사무직, 공무원, 직업군인)",200~299만원,      ,          ,아파트/ 주상복합,서울,광진구,군자동,삼성,SKT,자전거,자전거신발/고글/헬멧,보호대,무료배송.국산쿨토시.팔토시.냉감토시.쿨마스크.아동,http://www.11st.co.kr/product/SellerProductDetail.tmall?method=getSellerProductDetail&prdNo=1249823887
D***2,201903**,M,5,"사무직 (일반사무직, 공무원, 직업군인)",200~299만원,예    ,자녀 있음 ,단독주택,경기,성남시 수정구,태평4동,삼성,SKT,레저/자동차,자전거/용품,헬멧/보호장비,자전거헬멧/자전거용품/큰/삼천리헬멧/성인/아동헬멧,http://www.11st.co.kr/product/SellerProductDetail.tmall?method=getSellerProductDetail&prdNo=1044088173
D***4,201903**,M,2,"학생 (초중고학생, 대학생, 대학원생)",600~699만원,아니오,          ,아파트/ 주상복합,서울,강남구,대치1동,삼성,SKT,레저/자동차,자전거/용품,자전거,지멘스여성용 부인용 자전거 클래식 24 26인치,http://item.gmarket.co.kr/Item?goodscode=1110235162
D***8,201903**,F,5,"주부 (전업주부, 파트타임 근무 주부)",100~199만원,예    ,자녀 있음 ,아파트/ 주상복합,대구,북구,복현동,삼성,SKT,레저/자동차,자전거/용품,헬멧/보호장비,자전거어반헬멧 어린이헬멧 인라인 헬맷 킥보드헬멧,http://www.11st.co.kr/product/SellerProductDetail.tmall?method=getSellerProductDetail&prdNo=1253467301
D***9,201903**,F,4,"사무직 (일반사무직, 공무원, 직업군인)",500~599만원,예    ,자녀 없음 ,아파트/ 주상복합,서울,종로구,교북동,애플,SKT,자전거,자전거신발/고글/헬멧,신발,에코사이클링/스피닝슈즈/스피닝운동화/스피닝신발/클릿슈즈/사이클운동화/사이클신발/사이클슈즈/클릿포함,http://www.11st.co.kr/product/SellerProductDetail.tmall?method=getSellerProductDetail&prdNo=1262545428
D***9,201903**,M,3,"자영업 (도소매업, 숙박업, 미용업)",600~699만원,아니오,          ,단독주택,경기,여주군,가남면,삼성,SKT,자전거,자전거신발/고글/헬멧,보호대,일본코미네09-021 오토바이 핸들워머 빅스쿠터 전동 킥보드 토시 퀵보드 토시 장갑 겨울 방한용품,http://www.11st.co.kr/product/SellerProductDetail.tmall?method=getSellerProductDetail&prdNo=107138111
D***1,201903**,M,3,"사무직 (일반사무직, 공무원, 직업군인)",200~299만원,      ,          ,아파트/ 주상복합,서울,강남구,논현동,삼성,SKT,자전거/보드,자전거타이어/부품,자전거튜브,[CST]700x25/32C fv60mm 자전거튜브 프레스타 흥아 켄다,http://item.gmarket.co.kr/Item?goodscode=1283528097
D***,201903**,M,5,"판매직 (상점점원, 보험설계사, 노점상)",500~599만원,예    ,자녀 있음 ,단독주택,강원,춘천시,약사동,삼성,KT,레저/자동차,자전거/용품,자전거액세서리,자전거휠 라이트 안전등  LED라이트 후미등,http://www.11st.co.kr/product/SellerProductDetail.tmall?method=getSellerProductDetail&prdNo=1076764951
D***,201903**,M,3,"사무직 (일반사무직, 공무원, 직업군인)",200~299만원,예    ,자녀 있음 ,연립주택/ 다세대/ 빌라,서울,동대문구,전농2동,삼성,KT,레저/자동차,자전거/용품,자전거액세서리,[VELO]VL3147전립선안장 - MTB 로드 싸이클 자전거 전립선 벨로 쿠션안장,http://www.11st.co.kr/product/SellerProductDetail.tmall?method=getSellerProductDetail&prdNo=1099006895
D***0,201903**,F,4,"사무직 (일반사무직, 공무원, 직업군인)",200~299만원,      ,          ,아파트/ 주상복합,경기,성남시 분당구,서현동,삼성,SKT,레저/자동차,자전거/용품,자전거액세서리,스나이퍼코리아블랙울프 18650배터리 충전기모음,http://www.11st.co.kr/product/SellerProductDetail.tmall?method=getSellerProductDetail&prdNo=1272010256
D***4,201903**,M,2,"사무직 (일반사무직, 공무원, 직업군인)",200~299만원,      ,          ,아파트/ 주상복합,서울,강북구,수유동,삼성,SKT,레저/자동차,자전거/용품,자전거,[삼천리]접이자전거비타민24 24형 7단 미니벨로 폴딩,http://www.11st.co.kr/product/SellerProductDetail.tmall?method=getSellerProductDetail&prdNo=1208645013
D***0,201903**,M,5,"사무직 (일반사무직, 공무원, 직업군인)",200~299만원,아니오,          ,연립주택/ 다세대/ 빌라,경기,고양시 일산서구,대화동,삼성,SKT,레저/자동차,자전거/용품,자전거액세서리,"자전거커버,바이크린,자전거,자전거용품,싸이클",http://www.11st.co.kr/product/SellerProductDetail.tmall?method=getSellerProductDetail&prdNo=1170093481
D***8,201903**,M,2,"학생 (초중고학생, 대학생, 대학원생)",800~899만원,아니오,          ,아파트/ 주상복합,울산,남구,옥동,삼성,LG U+,레저/자동차,자전거/용품,자전거,[삼천리]접이식여성자전거/미니벨로 바구니 자전거,http://www.11st.co.kr/product/SellerProductDetail.tmall?method=getSellerProductDetail&prdNo=1013926352
D***9,201903**,M,5,"사무직 (일반사무직, 공무원, 직업군인)",200~299만원,      ,          ,아파트/ 주상복합,경남,창녕군,창녕읍,삼성,SKT,레저/자동차,자전거/용품,자전거액세서리,SCHWALBE슈발베 타이어레버 3개한세트 타이어교체 / 튜블러 시멘트/리무버/이지핏 악세사리,http://www.11st.co.kr/product/SellerProductDetail.tmall?method=getSellerProductDetail&prdNo=1263501442
D***6,201903**,F,3,"주부 (전업주부, 파트타임 근무 주부)",300~399만원,예    ,자녀 없음 ,아파트/ 주상복합,충북,충주시,안림동,애플,LG U+,캠핑/골프/헬스/자전거,자전거의류/용품,신발,뉴발란스CRT300 스니커즈 운동화 (CRT300CA),http://www.hnsmall.com/display/goods.do?goods_code=12922166
D***2,201903**,M,5,"교직 (교사, 유치원교사, 학원강사)",500~599만원,예    ,자녀 있음 ,단독주택,부산,동래구,칠산동,LG,SKT,레저/자동차,자전거/용품,자전거의류/잡화,[8601416-SJ]예식장갑/민자/백색/(100EA)/코팅장갑/장갑/안전장갑,http://www.11st.co.kr/product/SellerProductDetail.tmall?method=getSellerProductDetail&prdNo=1063242610
D***2,201903**,M,2,"학생 (초중고학생, 대학생, 대학원생)",400~499만원,아니오,          ,아파트/ 주상복합,경기,고양시 일산동구,백석1동,삼성,SKT,자전거,튜닝용품,전시스탠드,[내가만든자전거](ICETOOLZ) 아이스툴즈 P633 벽면형 자전거 거치대/벽면고정볼트포함,http://www.11st.co.kr/product/SellerProductDetail.tmall?method=getSellerProductDetail&prdNo=1231501156
D***1,201903**,M,2,"학생 (초중고학생, 대학생, 대학원생)",100만원 미만,아니오,          ,연립주택/ 다세대/ 빌라,서울,동작구,상도동,삼성,LG U+,자전거,자전거,MTB,프로메이드풀서스펜션 24인치 MTB자전거 아스톤힐DS,http://www.11st.co.kr/product/SellerProductDetail.tmall?method=getSellerProductDetail&prdNo=1190027550
D***,201903**,M,2,"사무직 (일반사무직, 공무원, 직업군인)",200~299만원,      ,          ,아파트/ 주상복합,서울,마포구,망원동,삼성,SKT,레저/자동차,자전거/용품,자전거,뉴도미니크24/렌즈/갤럽등 초등학생 하이브리드 모음,http://www.11st.co.kr/product/SellerProductDetail.tmall?method=getSellerProductDetail&prdNo=1154104823
D***3,201903**,M,5,"사무직 (일반사무직, 공무원, 직업군인)",200~299만원,      ,          ,아파트/ 주상복합,인천,서구,당하동,삼성,SKT,레저/자동차,자전거/용품,자전거,알톤베네통BKS18/16 어린이자전거 삼천리 아동자전거,http://www.11st.co.kr/product/SellerProductDetail.tmall?method=getSellerProductDetail&prdNo=1215156477
D***7,201903**,M,5,"전문직 (의사, 판검사, 예술가, 종교인)",300~399만원,예    ,자녀 있음 ,아파트/ 주상복합,전남,화순군,화순읍,삼성,SKT,레저/자동차,자전거/용품,자전거,[21세기스쿠터]질주본능!21세기스쿠터/미드미 外 봄바람 일으키는 모빌리티 컬렉션,http://www.lotteimall.com/goods/viewGoodsDetail.lotte?goods_no=1154385444
D***5,201903**,M,5,"생산/노무직 (생산감독, 경비원, 공장근로자)",200~299만원,아니오,          ,오피스텔,경기,평택시,오성면,삼성,SKT,레저/자동차,자전거/용품,자전거의류/잡화,마스크/귀마개/멀티워머/넥워머/자전거/검정마스크,http://www.11st.co.kr/product/SellerProductDetail.tmall?method=getSellerProductDetail&prdNo=1167152971
D***9,201903**,M,4,"사무직 (일반사무직, 공무원, 직업군인)",200~299만원,      ,          ,아파트/ 주상복합,부산,수영구,남천동,삼성,SKT,레저/자동차,자전거/용품,자전거액세서리,자전거라이트LED 전조등 후미등 후레쉬 [거치대증정],http://www.11st.co.kr/product/SellerProductDetail.tmall?method=getSellerProductDetail&prdNo=1080334719
D***9,201903**,M,4,"사무직 (일반사무직, 공무원, 직업군인)",200~299만원,      ,          ,아파트/ 주상복합,부산,수영구,남천동,삼성,SKT,자전거/보드,일반자전거,외발/삼륜/2인용,[지오닉스]자이덴 나누미 20(50cm) 6단 성인용 세발자전거,http://item.gmarket.co.kr/Item?goodscode=1111789839
D***8,201903**,F,4,"사무직 (일반사무직, 공무원, 직업군인)",200~299만원,      ,          ,아파트/ 주상복합,경기,광명시,소하1동,삼성,SKT,레저/자동차,자전거/용품,자전거,스타카토에스코트 7단 접이식 자전거 바구니 포함,http://www.11st.co.kr/product/SellerProductDetail.tmall?method=getSellerProductDetail&prdNo=1216359097
D***6,201903**,F,3,"주부 (전업주부, 파트타임 근무 주부)",300~399만원,예    ,자녀 있음 ,아파트/ 주상복합,대구,달성군,다사읍,삼성,LG U+,자전거,튜닝용품,전시스탠드,토픽스텐드 DUAL TOUCH BIKE STAND 자전거거치대,http://www.11st.co.kr/product/SellerProductDetail.tmall?method=getSellerProductDetail&prdNo=1154312380
D***9,201903**,M,4,"농/축/광/수산업 (축산, 낙농업, 수산, 임업, 광업)",100만원 미만,아니오,          ,연립주택/ 다세대/ 빌라,경기,용인시 처인구,모현면,삼성,SKT,자전거,자전거부품,튜브,[FNS]즈와유무시고무 없는 던롭밸브 세트/던롭튜브,http://www.11st.co.kr/product/SellerProductDetail.tmall?method=getSellerProductDetail&prdNo=1217450472
D***,201903**,F,5,"사무직 (일반사무직, 공무원, 직업군인)",200~299만원,      ,          ,아파트/ 주상복합,대구,동구,용계동,삼성,SKT,자전거,튜닝용품,전시스탠드,포인트배너실외용거치대 양면겸용 홍보 이벤트,http://www.11st.co.kr/product/SellerProductDetail.tmall?method=getSellerProductDetail&prdNo=1236804619
D***8,201903**,M,5,"사무직 (일반사무직, 공무원, 직업군인)",200~299만원,      ,          ,아파트/ 주상복합,경기,용인시 수지구,신봉동,삼성,SKT,자전거/보드,자전거타이어/부품,자전거튜브,[흥아]흥아 26인치x1.75/2.125 프레스타 60mm 자전거튜브,http://item.gmarket.co.kr/Item?goodscode=1284816502
D***5,201903**,M,2,"학생 (초중고학생, 대학생, 대학원생)",200~299만원,아니오,          ,아파트/ 주상복합,제주,서귀포시,성산읍,삼성,SKT,레저/자동차,자전거/용품,자전거액세서리,AVVISO툴캡슐 자전거 거치대 공구함 케이스 툴부스,http://item.gmarket.co.kr/Item?goodscode=1129194351
D***8,201903**,M,3,"전문직 (의사, 판검사, 예술가, 종교인)",700~799만원,예    ,자녀 있음 ,아파트/ 주상복합,충남,천안시 서북구,두정동,애플,KT,레저/자동차,자전거/용품,헬멧/보호장비,"Giro헬멧/Quarter 쿼터, 어번/더트 (6색상)",http://www.11st.co.kr/product/SellerProductDetail.tmall?method=getSellerProductDetail&prdNo=1230444459
D***,201903**,M,4,"사무직 (일반사무직, 공무원, 직업군인)",200~299만원,      ,          ,아파트/ 주상복합,서울,강서구,우장산동,삼성,SKT,자전거,자전거,로드자전거,2019첼로 테라 신형105 카본포크 로드자전거,http://www.11st.co.kr/product/SellerProductDetail.tmall?method=getSellerProductDetail&prdNo=1074638903
D***1,201903**,F,3,"사무직 (일반사무직, 공무원, 직업군인)",200~299만원,      ,          ,아파트/ 주상복합,서울,영등포구,당산동4가,삼성,SKT,자전거,자전거관리용품,광택,자전거방수보관커버/방수자전거 커버/PEVA원단,http://www.11st.co.kr/product/SellerProductDetail.tmall?method=getSellerProductDetail&prdNo=1255618282
D***8,201903**,M,5,"자영업 (도소매업, 숙박업, 미용업)",300~399만원,예    ,자녀 있음 ,아파트/ 주상복합,부산,부산진구,양정동,삼성,SKT,자전거/보드,자전거장갑/잡화,자전거장갑,[킹썰]스포츠/등산/자전거장갑/여름장갑/반장갑/핸드폰터치,http://item.gmarket.co.kr/Item?goodscode=1144168847
D***4,201903**,M,3,"기능직 (자동차정비, 운전기사, 안경사, 택시기사)",400~499만원,예    ,자녀 있음 ,아파트/ 주상복합,경기,평택시,비전동,삼성,알뜰폰(MVNO),레저/자동차,자전거/용품,자전거액세서리,18650AA AAA 충전지 배터리 충전기 i4 D2 i2 UM20,http://www.11st.co.kr/product/SellerProductDetail.tmall?method=getSellerProductDetail&prdNo=1181473940
D***4,201903**,M,4,"사무직 (일반사무직, 공무원, 직업군인)",400~499만원,예    ,자녀 있음 ,아파트/ 주상복합,부산,사하구,당리동,삼성,KT,자전거,자전거신발/고글/헬멧,보호대,특가쿨토시 1+1 (2세트) /토시/아동쿨토시/팔토시,http://www.11st.co.kr/product/SellerProductDetail.tmall?method=getSellerProductDetail&prdNo=1291753831
D***9,201903**,M,5,무직,200~299만원,예    ,자녀 있음 ,아파트/ 주상복합,경북,구미시,산동면,삼성,알뜰폰(MVNO),자전거,자전거관리용품,에어펌프(발펌프),국산삼흥 발펌프 공기주입기 손펌프 에어펌프 자전거,http://www.11st.co.kr/product/SellerProductDetail.tmall?method=getSellerProductDetail&prdNo=1105695651
D***0,201903**,F,3,"사무직 (일반사무직, 공무원, 직업군인)",200~299만원,아니오,          ,아파트/ 주상복합,서울,마포구,아현동,삼성,SKT,자전거,자전거부품,안장,풀카본안장자전거안장 초경량 카본안장,http://www.11st.co.kr/product/SellerProductDetail.tmall?method=getSellerProductDetail&prdNo=1240983940
D***0,201903**,M,2,"학생 (초중고학생, 대학생, 대학원생)",300~399만원,아니오,          ,아파트/ 주상복합,울산,동구,전하동,애플,KT,레저/자동차,자전거/용품,자전거의류/잡화,머스타시벌룬 기모마스크 MHM-10/방한/보드마스크,http://www.11st.co.kr/product/SellerProductDetail.tmall?method=getSellerProductDetail&prdNo=1187564080
D***,201903**,M,4,"사무직 (일반사무직, 공무원, 직업군인)",200~299만원,      ,          ,아파트/ 주상복합,부산,연제구,거제4동,삼성,SKT,캠핑/골프/헬스/자전거,자전거의류/용품,공용하의,[MCN]네오 베이직 7부 바지/승마바지,http://www.hnsmall.com/display/goods.do?goods_code=12497037
D***,201903**,F,3,"사무직 (일반사무직, 공무원, 직업군인)",200~299만원,      ,          ,아파트/ 주상복합,서울,강서구,화곡2동,삼성,SKT,자전거,자전거부품,보조바퀴,SM-901성인용 보조바퀴(20~26인치용),http://www.11st.co.kr/product/SellerProductDetail.tmall?method=getSellerProductDetail&prdNo=1200999290
D***4,201903**,M,4,"사무직 (일반사무직, 공무원, 직업군인)",400~499만원,예    ,자녀 있음 ,아파트/ 주상복합,부산,사하구,당리동,삼성,KT,레저/자동차,자전거/용품,자전거액세서리,블랙울프미니줌 줌라이트 LED랜턴 후레쉬 자전거용품,http://www.11st.co.kr/product/SellerProductDetail.tmall?method=getSellerProductDetail&prdNo=1182033172
D***3,201903**,M,2,"관리직 (사장, 간부, 고위공무원)","1,000만원 이상",예    ,자녀 있음 ,연립주택/ 다세대/ 빌라,대전,유성구,반석동,기타,KT,자전거/보드,로드자전거,알루미늄자전거,2017알톤 벨록스 CC 로드 사이클로크로스 자전거,http://item.gmarket.co.kr/Item?goodscode=1112776902
D***8,201903**,M,2,"사무직 (일반사무직, 공무원, 직업군인)",200~299만원,      ,          ,아파트/ 주상복합,서울,강북구,인수동,삼성,SKT,레저/자동차,자전거/용품,헬멧/보호장비,가성비좋은 헬멧/빅이글 자전거헬멧/보호대/인라인/자전거용품,http://www.11st.co.kr/product/SellerProductDetail.tmall?method=getSellerProductDetail&prdNo=1187889237
D***8,201903**,M,4,기타 ,200~299만원,예    ,자녀 있음 ,연립주택/ 다세대/ 빌라,서울,동대문구,장안2동,삼성,SKT,캠핑/골프/헬스/자전거,자전거의류/용품,기타용품,[펌프킹]가정용 자전거 거치대 HK-001,http://www.hnsmall.com/display/goods.do?goods_code=12714590
D***9,201903**,M,3,"자영업 (도소매업, 숙박업, 미용업)",200~299만원,아니오,          ,연립주택/ 다세대/ 빌라,대전,중구,선화동,삼성,KT,자전거,자전거부품,안장,[참좋은바이크]삼천리아동용안장모음/하이킥/프린세스/키즈바이크/디즈니/유아동/어린이/푹신한안장,http://www.11st.co.kr/product/SellerProductDetail.tmall?method=getSellerProductDetail&prdNo=1205141789
D***,201903**,F,3,"사무직 (일반사무직, 공무원, 직업군인)",200~299만원,      ,          ,아파트/ 주상복합,서울,서초구,서초1동,삼성,SKT,레저/자동차,자전거/용품,자전거의류/잡화,사은품증정나루 마스크 자전거 자외선차단 등산 골프 바라클라바 버프 겨울 방한 넥워머 복면  오토바이,http://www.11st.co.kr/product/SellerProductDetail.tmall?method=getSellerProductDetail&prdNo=1070268365
D***,201903**,M,3,"사무직 (일반사무직, 공무원, 직업군인)",200~299만원,      ,          ,아파트/ 주상복합,경기,고양시 일산서구,가좌동,삼성,SKT,레저/자동차,자전거/용품,자전거액세서리,자전거휠 라이트 안전등  LED라이트 후미등,http://www.11st.co.kr/product/SellerProductDetail.tmall?method=getSellerProductDetail&prdNo=1076764951
D***,201903**,M,4,"사무직 (일반사무직, 공무원, 직업군인)",200~299만원,      ,          ,아파트/ 주상복합,충북,청주시 흥덕구,분평동,삼성,SKT,자전거,자전거,MTB,앞뒤쇼바접이식 21단 26인치 입문 통학 출퇴근용 MTB,http://www.11st.co.kr/product/SellerProductDetail.tmall?method=getSellerProductDetail&prdNo=1082913347
D***1,201903**,M,5,"생산/노무직 (생산감독, 경비원, 공장근로자)",800~899만원,예    ,자녀 있음 ,아파트/ 주상복합,대전,유성구,궁동,삼성,LG U+,레저/자동차,자전거/용품,자전거,[삼천리]접이자전거비타민24 24형 7단 미니벨로 폴딩,http://www.11st.co.kr/product/SellerProductDetail.tmall?method=getSellerProductDetail&prdNo=1208645013
D***7,201903**,M,4,"생산/노무직 (생산감독, 경비원, 공장근로자)",200~299만원,예    ,자녀 있음 ,연립주택/ 다세대/ 빌라,인천,남동구,만수5동,LG,LG U+,유아동,유아동완구/교구,승용완구,ZOKO조코유아동 체인자전거9종(3세~7세사용)+컵홀더,http://item.gmarket.co.kr/Item?goodscode=1109676457
D***9,201903**,F,2,"사무직 (일반사무직, 공무원, 직업군인)",300~399만원,아니오,          ,연립주택/ 다세대/ 빌라,서울,마포구,성산동,삼성,SKT,자전거,자전거,MTB,알톤쉐보레 CMJR 초등학생 MTB 자전거/24인치/22인치/샌드스톤24,http://www.11st.co.kr/product/SellerProductDetail.tmall?method=getSellerProductDetail&prdNo=1288847294
D***5,201903**,M,2,"학생 (초중고학생, 대학생, 대학원생)",200~299만원,아니오,          ,아파트/ 주상복합,제주,서귀포시,성산읍,삼성,SKT,레저/자동차,자전거/용품,자전거타이어/부품,삼천리알루미늄 핸드펌프  - 자전거 다용도 튜브 펌프 공기주입기,http://www.11st.co.kr/product/SellerProductDetail.tmall?method=getSellerProductDetail&prdNo=1218187968
D***7,201903**,F,4,"주부 (전업주부, 파트타임 근무 주부)",200~299만원,예    ,자녀 있음 ,아파트/ 주상복합,경기,김포시,풍무동,LG,LG U+,레저/자동차,자전거/용품,자전거,자전거공구셋트/5가지기능 스페너13mm 15mm 육각렌지4mm5mm6mm 부품 용품,http://www.11st.co.kr/product/SellerProductDetail.tmall?method=getSellerProductDetail&prdNo=1268973574
D***8,201903**,F,4,"사무직 (일반사무직, 공무원, 직업군인)",300~399만원,아니오,          ,아파트/ 주상복합,서울,영등포구,당산동5가,삼성,SKT,자전거,자전거관리용품,펑크패치,무료배송휴대용 펑크패치/타이어 튜브 레버 정비 수리 공구세트/자전거용품.부품,http://www.11st.co.kr/product/SellerProductDetail.tmall?method=getSellerProductDetail&prdNo=1028212762
D***2,201903**,M,3,기타 ,800~899만원,아니오,          ,연립주택/ 다세대/ 빌라,서울,강북구,인수동,삼성,KT,자전거/보드,자전거라이트,자전거라이트/전조등,몬스터라이트미니 자전거라이트  몬스터라이트 미니,http://item.gmarket.co.kr/Item?goodscode=1280390929
D***,201903**,F,5,"사무직 (일반사무직, 공무원, 직업군인)",200~299만원,      ,          ,아파트/ 주상복합,광주,북구,문흥1동,삼성,SKT,자전거/보드,자전거바구니/가방,크로스가방,엑스피크빅파우치 자전거 휴대폰파우치,http://item.gmarket.co.kr/Item?goodscode=1187012636
D***,201903**,F,2,"사무직 (일반사무직, 공무원, 직업군인)",100~199만원,아니오,          ,연립주택/ 다세대/ 빌라,서울,중구,필동3가,삼성,SKT,자전거/보드,자전거타이어/부품,자전거튜브,[CST]700x25/32C fv48mm 자전거튜브 프레스타 흥아 켄다,http://item.gmarket.co.kr/Item?goodscode=1283527298
D***,201903**,F,4,"사무직 (일반사무직, 공무원, 직업군인)",200~299만원,      ,          ,아파트/ 주상복합,대구,북구,관음동,삼성,SKT,레저/자동차,자전거/용품,헬멧/보호장비,GIFT삼천리 헬멧 SH330S 선바이저 자전거용품 인라인,http://www.11st.co.kr/product/SellerProductDetail.tmall?method=getSellerProductDetail&prdNo=115415058
D***,201903**,F,3,"사무직 (일반사무직, 공무원, 직업군인)",200~299만원,아니오,          ,오피스텔,서울,중구,신당동,애플,SKT,자전거,자전거신발/고글/헬멧,보호대,킹카301 성인 보호대 팔꿈치 손목 무릎 남여공용,http://www.11st.co.kr/product/SellerProductDetail.tmall?method=getSellerProductDetail&prdNo=1083507717
D***7,201903**,M,3,"생산/노무직 (생산감독, 경비원, 공장근로자)",300~399만원,예    ,자녀 없음 ,연립주택/ 다세대/ 빌라,서울,광진구,구의3동,애플,KT,레저/자동차,자전거/용품,자전거액세서리,자전거비밀번호 자물쇠 (소)  No75,http://item.gmarket.co.kr/Item?goodscode=1235749090
D***2,201903**,F,4,"판매직 (상점점원, 보험설계사, 노점상)",400~499만원,아니오,          ,단독주택,대구,서구,평리4동,삼성,SKT,레저/자동차,자전거/용품,자전거액세서리,완전사2017년 신형 KSM400-3 SE 연납축전지 12V/,http://www.11st.co.kr/product/SellerProductDetail.tmall?method=getSellerProductDetail&prdNo=1150653630
D***3,201903**,M,3,"사무직 (일반사무직, 공무원, 직업군인)",200~299만원,      ,          ,아파트/ 주상복합,경기,부천시 소사구,송내동,삼성,SKT,레저/자동차,자전거/용품,자전거액세서리,[J]쿨시트 방석 오토바이 스쿠터 헬멧 용품,http://www.11st.co.kr/product/SellerProductDetail.tmall?method=getSellerProductDetail&prdNo=1082590066
D***9,201903**,M,3,"사무직 (일반사무직, 공무원, 직업군인)",300~399만원,아니오,          ,오피스텔,부산,연제구,연산4동,삼성,KT,자전거,튜닝용품,잠금장치,호비대만정품 LJ9080 4관절락 자전거자물쇠 사관절,http://www.11st.co.kr/product/SellerProductDetail.tmall?method=getSellerProductDetail&prdNo=11383586
D***6,201903**,M,2,"학생 (초중고학생, 대학생, 대학원생)",100만원 미만,아니오,          ,오피스텔,서울,광진구,자양동,애플,KT,레저/자동차,자전거/용품,헬멧/보호장비,가성비좋은 헬멧/빅이글 자전거헬멧/보호대/인라인/자전거용품,http://www.11st.co.kr/product/SellerProductDetail.tmall?method=getSellerProductDetail&prdNo=1187889237
D***0,201903**,M,3,"생산/노무직 (생산감독, 경비원, 공장근로자)","1,000만원 이상",아니오,          ,아파트/ 주상복합,부산,사하구,당리동,삼성,SKT,자전거/보드,자전거라이트,자전거라이트/전조등,지바코76L 폴딩 립스탑 멀티 백 캠핑가방 수납가방,http://item.gmarket.co.kr/Item?goodscode=1111364071
D***,201903**,F,2,"사무직 (일반사무직, 공무원, 직업군인)",200~299만원,      ,          ,아파트/ 주상복합,서울,동대문구,이문동,삼성,SKT,자전거,자전거,사이클,[쿠베로]에어리아2.0신형소라18 무료조립+최강사은품 NEW SORA 18,http://www.11st.co.kr/product/SellerProductDetail.tmall?method=getSellerProductDetail&prdNo=1224036819
D***,201903**,M,3,"기능직 (자동차정비, 운전기사, 안경사, 택시기사)",200~299만원,예    ,자녀 있음 ,아파트/ 주상복합,강원,원주시,단계동,LG,LG U+,레저/자동차,자전거/용품,자전거,도미니크24인치하이브리드자전거초등학생~중학생까지,http://www.11st.co.kr/product/SellerProductDetail.tmall?method=getSellerProductDetail&prdNo=1090901926
D***7,201903**,M,3,"사무직 (일반사무직, 공무원, 직업군인)","1,000만원 이상",아니오,          ,단독주택,인천,서구,석남3동,삼성,LG U+,자전거,자전거신발/고글/헬멧,헬멧,HJC홍진 R4 컬러선택가능블랙라인/홍진 크라운 헬멧,http://www.11st.co.kr/product/SellerProductDetail.tmall?method=getSellerProductDetail&prdNo=1229824538
D***4,201903**,M,4,"전문직 (의사, 판검사, 예술가, 종교인)",300~399만원,예    ,자녀 없음 ,연립주택/ 다세대/ 빌라,서울,서대문구,홍은동,삼성,LG U+,자전거,튜닝용품,거치대,(추천)말대가리 스마트 거치대/ 휴대폰거치대 스마트폰거치대 거치대 차량용폰거치대 핸폰거치대 헨드폰거,http://www.11st.co.kr/product/SellerProductDetail.tmall?method=getSellerProductDetail&prdNo=1222876667
D***0,201903**,M,5,"자영업 (도소매업, 숙박업, 미용업)",100만원 미만,아니오,          ,단독주택,서울,영등포구,신길7동,삼성,SKT,캠핑/골프/헬스/자전거,자전거의류/용품,신발,뉴발란스CRT300 스니커즈 운동화 (CRT300CA),http://www.hnsmall.com/display/goods.do?goods_code=12922166
D***1,201903**,M,3,"서비스직 (요식업, 숙박업, 미용실종업원)",400~499만원,아니오,          ,아파트/ 주상복합,서울,금천구,시흥1동,삼성,SKT,자전거,자전거신발/고글/헬멧,헬멧,자전거커버방수 덮개 오토바이,http://www.11st.co.kr/product/SellerProductDetail.tmall?method=getSellerProductDetail&prdNo=1269616509
D***2,201903**,M,4,"사무직 (일반사무직, 공무원, 직업군인)",800~899만원,아니오,          ,아파트/ 주상복합,서울,마포구,마포동,애플,SKT,레저/자동차,자전거/용품,자전거액세서리,▶빔라이트충전식 자전거 후미등┃자전거용품┃레저용품┃자전거악세사리┃자전거라이트┃후미등┃,http://www.11st.co.kr/product/SellerProductDetail.tmall?method=getSellerProductDetail&prdNo=1246317584
D***3,201903**,F,4,"주부 (전업주부, 파트타임 근무 주부)",600~699만원,예    ,자녀 있음 ,아파트/ 주상복합,대전,동구,판암2동,삼성,LG U+,자전거,자전거부품,브레이크레버,브레이크레버/아동용/성인용/알로이브레이크레버/자전거부품/자전거브레이크레버,http://www.11st.co.kr/product/SellerProductDetail.tmall?method=getSellerProductDetail&prdNo=1280791866
D***0,201903**,M,3,"사무직 (일반사무직, 공무원, 직업군인)",200~299만원,      ,          ,아파트/ 주상복합,경기,용인시 수지구,풍덕천2동,삼성,SKT,자전거,자전거신발/고글/헬멧,보호대,나이키/팔토시/쿨토시/자외선차단/스포츠/레저/등산용,http://www.11st.co.kr/product/SellerProductDetail.tmall?method=getSellerProductDetail&prdNo=1221115615
D***,201903**,M,2,"사무직 (일반사무직, 공무원, 직업군인)",200~299만원,      ,          ,아파트/ 주상복합,경기,의왕시,내손동,삼성,SKT,레저/자동차,자전거/용품,자전거의류/잡화,쿨바라클라바자외선차단마스크 여름마스크 쿨마스크,http://www.11st.co.kr/product/SellerProductDetail.tmall?method=getSellerProductDetail&prdNo=11116518
D***,201903**,M,4,"사무직 (일반사무직, 공무원, 직업군인)",200~299만원,      ,          ,아파트/ 주상복합,경기,남양주시,별내면,삼성,SKT,자전거/보드,일반자전거,픽시자전거,벤데타벨루가 700C 알로이 에어로 프레임 픽시자전거,http://item.gmarket.co.kr/Item?goodscode=1219375759
D***,201903**,M,4,"사무직 (일반사무직, 공무원, 직업군인)",200~299만원,      ,          ,아파트/ 주상복합,경남,거제시,옥포동,삼성,SKT,레저/자동차,자전거/용품,자전거의류/잡화,머스타시벌룬 기모마스크 MHM-10/방한/보드마스크,http://www.11st.co.kr/product/SellerProductDetail.tmall?method=getSellerProductDetail&prdNo=1187564080
D***,201903**,F,5,"주부 (전업주부, 파트타임 근무 주부)",300~399만원,예    ,자녀 있음 ,아파트/ 주상복합,경북,포항시 북구,우현동,삼성,KT,레저/자동차,자전거/용품,자전거의류/잡화,DBIKE디빅 투라인 집게 후미등,http://item.gmarket.co.kr/Item?goodscode=1205206386
D***,201903**,F,4,"사무직 (일반사무직, 공무원, 직업군인)",200~299만원,      ,          ,아파트/ 주상복합,인천,남동구,구월3동,삼성,SKT,자전거,자전거신발/고글/헬멧,헬멧,필모리스/F381/F373/자전거헬멧/성인용헬멧/안전용품,http://www.11st.co.kr/product/SellerProductDetail.tmall?method=getSellerProductDetail&prdNo=1289945654
D***,201903**,M,4,"사무직 (일반사무직, 공무원, 직업군인)",800~899만원,예    ,자녀 있음 ,아파트/ 주상복합,서울,서대문구,연희동,삼성,KT,자전거/보드,자전거타이어/부품,자전거튜브,[흥아]흥아 700C x 23/25C 프레스타 40mm 자전거튜브 로드,http://item.gmarket.co.kr/Item?goodscode=1287219517
D***8,201903**,F,2,"사무직 (일반사무직, 공무원, 직업군인)",200~299만원,      ,          ,아파트/ 주상복합,서울,마포구,노고산동,삼성,SKT,자전거/보드,자전거타이어/부품,자전거튜브,[흥아]흥아 700C x 23/25C 프레스타 80mm 자전거튜브 로드,http://item.gmarket.co.kr/Item?goodscode=1287261891
D***9,201903**,M,4,"사무직 (일반사무직, 공무원, 직업군인)",200~299만원,      ,          ,아파트/ 주상복합,부산,수영구,남천동,삼성,SKT,레저/자동차,자전거/용품,자전거,[에어휠]BEST전동킥보드/스쿠터 인기브랜드 에어휠/스티고/이지휠 택1,http://www.lotteimall.com/goods/viewGoodsDetail.lotte?goods_no=1263374352
D***5,201903**,M,2,"사무직 (일반사무직, 공무원, 직업군인)",200~299만원,      ,          ,아파트/ 주상복합,대전,서구,둔산2동,삼성,SKT,자전거/보드,자전거액세서리,자전거커버,스타시빅C-01 옥스포드 210D 자전거 커버,http://item.gmarket.co.kr/Item?goodscode=1266415303
D***8,201903**,M,2,"사무직 (일반사무직, 공무원, 직업군인)",200~299만원,      ,          ,아파트/ 주상복합,서울,은평구,녹번동,삼성,SKT,자전거,자전거신발/고글/헬멧,장갑,[MTB자전거장갑]라이딩장갑/여름장갑/반장갑,http://www.11st.co.kr/product/SellerProductDetail.tmall?method=getSellerProductDetail&prdNo=1274156192
D***8,201903**,M,4,"서비스직 (요식업, 숙박업, 미용실종업원)",300~399만원,예    ,자녀 있음 ,연립주택/ 다세대/ 빌라,경기,안산시 상록구,본오동,LG,SKT,레저/자동차,자전거/용품,자전거,알톤베네통BKS18/16 어린이자전거 삼천리 아동자전거,http://www.11st.co.kr/product/SellerProductDetail.tmall?method=getSellerProductDetail&prdNo=1215156477
D***9,201903**,M,4,"사무직 (일반사무직, 공무원, 직업군인)",500~599만원,예    ,자녀 있음 ,아파트/ 주상복합,경기,용인시 수지구,풍덕천2동,애플,SKT,자전거/보드,자전거장갑/잡화,자전거장갑,[프로스펙스]스마트 방한장갑 등산장갑 자전거장갑 겨울장갑 축구,http://item.gmarket.co.kr/Item?goodscode=1150372758
D***6,201903**,M,5,"자영업 (도소매업, 숙박업, 미용업)",200~299만원,예    ,자녀 있음 ,아파트/ 주상복합,인천,계양구,용종동,삼성,KT,레저/자동차,자전거/용품,자전거액세서리,자전거휠 라이트 안전등  LED라이트 후미등,http://www.11st.co.kr/product/SellerProductDetail.tmall?method=getSellerProductDetail&prdNo=1076764951
D***0,201903**,M,2,"사무직 (일반사무직, 공무원, 직업군인)",200~299만원,      ,          ,아파트/ 주상복합,서울,마포구,노고산동,삼성,SKT,자전거/보드,자전거타이어/부품,자전거튜브,[흥아]흥아 700C x 23/25C 프레스타 60mm 자전거튜브 로드,http://item.gmarket.co.kr/Item?goodscode=1287260612
D***3,201903**,M,4,"사무직 (일반사무직, 공무원, 직업군인)",200~299만원,      ,          ,아파트/ 주상복합,경기,성남시 분당구,이매동,삼성,SKT,자전거,자전거관리용품,펑크패치,구멍패치/번개표/자전거보수/타이어보수/빵꾸딱지/빵구패치/자전거정비/땜질/공구장터,http://www.11st.co.kr/product/SellerProductDetail.tmall?method=getSellerProductDetail&prdNo=1046577201
D***,201903**,F,2,"사무직 (일반사무직, 공무원, 직업군인)",200~299만원,      ,          ,아파트/ 주상복합,서울,중랑구,묵2동,삼성,SKT,자전거/보드,자전거바구니/가방,크로스가방,[엑스피크]2포켓 스마트폰 파우치/암밴드+목걸이 기본증정,http://item.gmarket.co.kr/Item?goodscode=1187012646
D***,201903**,M,3,"사무직 (일반사무직, 공무원, 직업군인)",200~299만원,      ,          ,아파트/ 주상복합,서울,서초구,서초3동,삼성,SKT,레저/자동차,자전거/용품,자전거의류/잡화,"휘너스/땀냄새,물빠짐없는선수용 기능성 스포츠 스판웨어 하의모음/속건+항균/언더레이어 챌린저5부",http://www.11st.co.kr/product/SellerProductDetail.tmall?method=getSellerProductDetail&prdNo=1280155662
D***,201903**,M,3,"사무직 (일반사무직, 공무원, 직업군인)",200~299만원,      ,          ,아파트/ 주상복합,경기,고양시 일산서구,가좌동,삼성,SKT,자전거,튜닝용품,전시스탠드,KT05 자전거킥스탠드 자전거받침대 자전거용품,http://www.11st.co.kr/product/SellerProductDetail.tmall?method=getSellerProductDetail&prdNo=1058282299
D***,201903**,M,3,"사무직 (일반사무직, 공무원, 직업군인)",200~299만원,      ,          ,아파트/ 주상복합,부산,연제구,연산5동,삼성,SKT,자전거,자전거부품,안장,풀카본안장자전거안장 초경량 카본안장,http://www.11st.co.kr/product/SellerProductDetail.tmall?method=getSellerProductDetail&prdNo=1240983940
D***3,201903**,M,4,"사무직 (일반사무직, 공무원, 직업군인)",200~299만원,      ,          ,아파트/ 주상복합,광주,서구,화정4동,삼성,SKT,자전거/보드,자전거액세서리,자전거커버,스타시빅C-01 옥스포드 210D 자전거 커버,http://item.gmarket.co.kr/Item?goodscode=1266415303
D***6,201903**,M,5,"교직 (교사, 유치원교사, 학원강사)",400~499만원,예    ,자녀 있음 ,아파트/ 주상복합,경기,남양주시,별내면,삼성,SKT,캠핑/골프/헬스/자전거,자전거의류/용품,신발,뉴발란스운동화 774 NEWBALANCE 774 (M774BK3),http://www.hnsmall.com/display/goods.do?goods_code=11979566
D***4,201903**,F,5,"사무직 (일반사무직, 공무원, 직업군인)",200~299만원,      ,          ,아파트/ 주상복합,서울,동작구,사당1동,삼성,SKT,자전거/보드,자전거장갑/잡화,자전거장갑,[킹썰]스포츠/등산/자전거장갑/여름장갑/반장갑/선택0여름용,http://item.gmarket.co.kr/Item?goodscode=1284293661
D***4,201903**,F,3,"주부 (전업주부, 파트타임 근무 주부)",500~599만원,예    ,자녀 있음 ,단독주택,서울,광진구,군자동,삼성,SKT,자전거/보드,자전거라이트,라이트거치대,페어맨만능 18650충전기 FLIC-210 자전거라이트 2구,http://item.gmarket.co.kr/Item?goodscode=1237810051
D***1,201903**,M,2,"서비스직 (요식업, 숙박업, 미용실종업원)","1,000만원 이상",아니오,          ,연립주택/ 다세대/ 빌라,경기,고양시 덕양구,내유동,LG,LG U+,레저/자동차,자전거/용품,자전거,사은품증정[삼천리자전거]아이비/어린이자전거/아동용,http://www.11st.co.kr/product/SellerProductDetail.tmall?method=getSellerProductDetail&prdNo=1079264363
D***3,201903**,M,2,"사무직 (일반사무직, 공무원, 직업군인)",200~299만원,      ,          ,아파트/ 주상복합,울산,북구,명촌동,삼성,SKT,자전거,자전거부품,브레이크패드,시마노디스크 브레이크 Resin 패드 B01S/BR-T615/C501/M575/M525/M486/M485/M475/M465 레진패드/래진패드,http://www.11st.co.kr/product/SellerProductDetail.tmall?method=getSellerProductDetail&prdNo=1060069949
D***5,201903**,M,4,"사무직 (일반사무직, 공무원, 직업군인)",400~499만원,아니오,          ,연립주택/ 다세대/ 빌라,서울,은평구,신사동,삼성,KT,자전거,자전거부품,변속기,변속레버/자전거기어/시마노변속레버/그립쉬프트,http://www.11st.co.kr/product/SellerProductDetail.tmall?method=getSellerProductDetail&prdNo=1280799725
D***4,201903**,M,5,"학생 (초중고학생, 대학생, 대학원생)",200~299만원,아니오,          ,연립주택/ 다세대/ 빌라,인천,서구,가좌3동,LG,LG U+,자전거/보드,자전거액세서리,자전거짐받이,바이크박스블랙   -  생활용 여성용 접이식 자전거 짐받이 거치용 접이식 짐 바구니,http://item.gmarket.co.kr/Item?goodscode=128833406
D***2,201903**,F,2,"전문직 (의사, 판검사, 예술가, 종교인)",600~699만원,아니오,          ,아파트/ 주상복합,경기,고양시 일산서구,대화동,애플,LG U+,레저/자동차,자전거/용품,자전거,[삼천리자전거]하로GS20 7단 접이식자전거  어린이/여성 폴딩자전거,http://item.gmarket.co.kr/Item?goodscode=1201466217
D***,201903**,F,3,"사무직 (일반사무직, 공무원, 직업군인)",200~299만원,      ,          ,아파트/ 주상복합,서울,강남구,자곡동,삼성,SKT,레저/자동차,자전거/용품,자전거,미키키즈로드스터 미니 18유니키즈FA 어린이자전거,http://www.11st.co.kr/product/SellerProductDetail.tmall?method=getSellerProductDetail&prdNo=1067685984
D***,201903**,M,4,"사무직 (일반사무직, 공무원, 직업군인)",200~299만원,      ,          ,아파트/ 주상복합,경기,수원시 장안구,정자2동,삼성,SKT,레저/자동차,자전거/용품,자전거,삼천리가족형 HF200 7단 미니벨로 20형 접이식자전거,http://www.11st.co.kr/product/SellerProductDetail.tmall?method=getSellerProductDetail&prdNo=1096162616
D***,201903**,F,2,"사무직 (일반사무직, 공무원, 직업군인)",200~299만원,      ,          ,아파트/ 주상복합,서울,구로구,구로4동,삼성,SKT,자전거,튜닝용품,속도계,자전거무선속도계 엑스헌터 자전거속도계 자전거용품,http://www.11st.co.kr/product/SellerProductDetail.tmall?method=getSellerProductDetail&prdNo=1249839989
D***8,201903**,M,3,"사무직 (일반사무직, 공무원, 직업군인)",900~999만원,아니오,          ,아파트/ 주상복합,대구,달성군,현풍면,삼성,SKT,자전거,자전거,MTB,알톤쉐보레 CMJR 초등학생 MTB 자전거/24인치/22인치/샌드스톤24,http://www.11st.co.kr/product/SellerProductDetail.tmall?method=getSellerProductDetail&prdNo=1288847294
D***7,201903**,F,3,"관리직 (사장, 간부, 고위공무원)",600~699만원,예    ,자녀 있음 ,아파트/ 주상복합,서울,영등포구,신길7동,삼성,SKT,레저/자동차,자전거/용품,자전거,알톤어린이용 경량 알루미늄 접이식 자전거 라바폴딩18인치,http://www.11st.co.kr/product/SellerProductDetail.tmall?method=getSellerProductDetail&prdNo=1096512754
D***4,201903**,M,3,"사무직 (일반사무직, 공무원, 직업군인)",200~299만원,      ,          ,아파트/ 주상복합,서울,은평구,대조동,삼성,SKT,자전거,자전거관리용품,튜브벨브/어댑터/노즐,[아답터모음] 던롭 프레스타 슈레더 공 튜브 어뎁터 펌프 호환 아답타 공기주입 던롭집게 자전거용품,http://www.11st.co.kr/product/SellerProductDetail.tmall?method=getSellerProductDetail&prdNo=1002005394
D***1,201903**,M,5,"사무직 (일반사무직, 공무원, 직업군인)",200~299만원,      ,          ,아파트/ 주상복합,제주,제주시,해안동,삼성,SKT,자전거/보드,자전거장갑/잡화,자전거장갑,아쿠아메이드자전거 반장갑 바이크 헬스 등산 장갑,http://item.gmarket.co.kr/Item?goodscode=1118054793
D***6,201903**,M,4,"사무직 (일반사무직, 공무원, 직업군인)",200~299만원,      ,          ,아파트/ 주상복합,울산,중구,약사동,삼성,SKT,자전거,자전거신발/고글/헬멧,헬멧,HJC홍진 R4 컬러선택가능블랙라인/홍진 크라운 헬멧,http://www.11st.co.kr/product/SellerProductDetail.tmall?method=getSellerProductDetail&prdNo=1229824538
D***6,201903**,F,3,"주부 (전업주부, 파트타임 근무 주부)",300~399만원,예    ,자녀 있음 ,아파트/ 주상복합,대구,달성군,다사읍,삼성,LG U+,레저/자동차,자전거/용품,자전거,[삼천리]접이식여성자전거/미니벨로 바구니 자전거,http://www.11st.co.kr/product/SellerProductDetail.tmall?method=getSellerProductDetail&prdNo=1013926352
D***7,201903**,M,3,"사무직 (일반사무직, 공무원, 직업군인)","1,000만원 이상",아니오,          ,기타 ,경남,창원시 성산구,성주동,애플,SKT,레저/자동차,자전거/용품,자전거의류/잡화,[8601416-SJ]예식장갑/민자/백색/(100EA)/코팅장갑/장갑/안전장갑,http://www.11st.co.kr/product/SellerProductDetail.tmall?method=getSellerProductDetail&prdNo=1063242610
D***1,201903**,F,2,무직,200~299만원,예    ,자녀 있음 ,단독주택,강원,원주시,단계동,애플,LG U+,자전거,튜닝용품,속도계,자전거무선속도계 엑스헌터 자전거속도계 자전거용품,http://www.11st.co.kr/product/SellerProductDetail.tmall?method=getSellerProductDetail&prdNo=1249839989
D***,201903**,M,2,"학생 (초중고학생, 대학생, 대학원생)",200~299만원,아니오,          ,연립주택/ 다세대/ 빌라,서울,강동구,암사2동,삼성,KT,캠핑/골프/헬스/자전거,자전거의류/용품,신발,뉴발란스585 USA 스니커즈 운동화 (M585GR),http://www.hnsmall.com/display/goods.do?goods_code=12928736
D***,201903**,F,3,"사무직 (일반사무직, 공무원, 직업군인)",200~299만원,      ,          ,아파트/ 주상복합,서울,서초구,서초1동,삼성,SKT,레저/자동차,자전거/용품,자전거액세서리,[고바이크]자전거짐받이특대바구니/플록스천바구니/짐바구니/고정식바구니/장착용바구니/자전거악세사리,http://www.11st.co.kr/product/SellerProductDetail.tmall?method=getSellerProductDetail&prdNo=1273581622
D***,201903**,M,4,"사무직 (일반사무직, 공무원, 직업군인)",200~299만원,      ,          ,아파트/ 주상복합,서울,성동구,금호동3가,삼성,SKT,자전거/보드,자전거액세서리,자전거스마트폰거치대,4방향완벽고정 자전거 스마트폰 거치대 (블랙),http://item.gmarket.co.kr/Item?goodscode=1235492029
D***,201903**,F,2,"사무직 (일반사무직, 공무원, 직업군인)",200~299만원,      ,          ,아파트/ 주상복합,서울,양천구,신월1동,삼성,SKT,자전거,자전거신발/고글/헬멧,보호대,[AQUA-X/국산]발렌티노무봉제 쿨토시/아쿠아엑스,http://www.11st.co.kr/product/SellerProductDetail.tmall?method=getSellerProductDetail&prdNo=1261126293
D***2,201903**,M,4,"기능직 (자동차정비, 운전기사, 안경사, 택시기사)",300~399만원,예    ,자녀 없음 ,단독주택,경기,부천시 오정구,작동,LG,LG U+,레저/자동차,자전거/용품,자전거,[스마트]삼천리/스마트/바이맥스 접이식자전거 미니벨로 4종,http://item.gmarket.co.kr/Item?goodscode=1278067146
D***8,201903**,F,2,"사무직 (일반사무직, 공무원, 직업군인)",200~299만원,      ,          ,아파트/ 주상복합,서울,마포구,노고산동,삼성,SKT,자전거,튜닝용품,후미등,누빔멀티 라이트 NB-600 자전거 후미등 방향지시등,http://www.11st.co.kr/product/SellerProductDetail.tmall?method=getSellerProductDetail&prdNo=115116197
D***4,201903**,F,4,"사무직 (일반사무직, 공무원, 직업군인)",200~299만원,      ,          ,아파트/ 주상복합,서울,양천구,목3동,삼성,SKT,자전거,튜닝용품,잠금장치,호비대만정품 LJ9080 4관절락 자전거자물쇠 사관절,http://www.11st.co.kr/product/SellerProductDetail.tmall?method=getSellerProductDetail&prdNo=11383586
D***9,201903**,F,3,"주부 (전업주부, 파트타임 근무 주부)",200~299만원,예    ,자녀 없음 ,연립주택/ 다세대/ 빌라,서울,중랑구,면목5동,애플,KT,자전거,자전거신발/고글/헬멧,헬멧,코아브어반st 자전거 헬멧 성인용 용품 보드 인라인,http://www.11st.co.kr/product/SellerProductDetail.tmall?method=getSellerProductDetail&prdNo=1219634494
D***5,201903**,M,3,"사무직 (일반사무직, 공무원, 직업군인)",200~299만원,      ,          ,아파트/ 주상복합,서울,강동구,성내동,삼성,SKT,레저/자동차,자전거/용품,헬멧/보호장비,GAIUS어반헬멧 킥보드헬멧 성인 청소년헬멧,http://www.11st.co.kr/product/SellerProductDetail.tmall?method=getSellerProductDetail&prdNo=1036710596
D***1,201903**,M,5,"사무직 (일반사무직, 공무원, 직업군인)",200~299만원,      ,          ,아파트/ 주상복합,강원,춘천시,효자2동,삼성,SKT,자전거/보드,자전거신발/페달,자전거페달,자전거보조발판(소/중)자전거발받침/발판 알루미늄,http://item.gmarket.co.kr/Item?goodscode=1155657749
D***7,201903**,M,3,"사무직 (일반사무직, 공무원, 직업군인)",200~299만원,      ,          ,아파트/ 주상복합,경기,부천시 원미구,중3동,삼성,SKT,레저/자동차,자전거/용품,자전거의류/잡화,[엠씨엔]MCN 통기성좋고 시원한 매쉬마스크/UV자외선 벌레차단,http://item.gmarket.co.kr/Item?goodscode=1104924744
D***6,201903**,M,3,"사무직 (일반사무직, 공무원, 직업군인)",500~599만원,아니오,          ,아파트/ 주상복합,경기,광명시,철산2동,삼성,KT,자전거,자전거,MTB,베리벨로보스톤GS 18년형 22인치 초등학생 MTB자전거,http://www.11st.co.kr/product/SellerProductDetail.tmall?method=getSellerProductDetail&prdNo=1240605806
D***1,201903**,F,3,무직,"1,000만원 이상",아니오,          ,아파트/ 주상복합,부산,금정구,구서2동,애플,LG U+,레저/자동차,자전거/용품,자전거의류/잡화,"하이맥스매쉬 긴장갑 -  봄,여름,가을 장갑",http://www.11st.co.kr/product/SellerProductDetail.tmall?method=getSellerProductDetail&prdNo=1210492663
D***9,201903**,F,5,"주부 (전업주부, 파트타임 근무 주부)",100~199만원,예    ,자녀 있음 ,아파트/ 주상복합,부산,남구,용호3동,삼성,SKT,자전거,자전거관리용품,튜브벨브/어댑터/노즐,호비던롭밸브셋트 무시고무 공기 주입을 하여도 바람이 샐경우 교체,http://www.11st.co.kr/product/SellerProductDetail.tmall?method=getSellerProductDetail&prdNo=1244185249
D***,201903**,M,5,"사무직 (일반사무직, 공무원, 직업군인)",300~399만원,예    ,자녀 있음 ,연립주택/ 다세대/ 빌라,충남,천안시 동남구,문화동,삼성,알뜰폰(MVNO),자전거,튜닝용품,흙받이,자전거흙받이(한세트)삼천리자전거 레스포정품/흙튀김방지 물받이/선택,http://www.11st.co.kr/product/SellerProductDetail.tmall?method=getSellerProductDetail&prdNo=12932278
D***,201903**,F,3,"사무직 (일반사무직, 공무원, 직업군인)",400~499만원,아니오,          ,연립주택/ 다세대/ 빌라,서울,관악구,인헌동,삼성,SKT,레저/자동차,자전거/용품,자전거,알톤베네통키드자전거/아동/알루미늄/고급어린이네발,http://www.11st.co.kr/product/SellerProductDetail.tmall?method=getSellerProductDetail&prdNo=1160671411
D***9,201903**,M,5,"사무직 (일반사무직, 공무원, 직업군인)",200~299만원,      ,          ,아파트/ 주상복합,경남,창녕군,창녕읍,삼성,SKT,자전거/보드,자전거헬멧,기타브랜드 헬멧,EVSSX02 Knee Brace 오토바이무릎인대파열방지보호대/,http://item.gmarket.co.kr/Item?goodscode=1117646191
D***7,201903**,F,5,"판매직 (상점점원, 보험설계사, 노점상)",300~399만원,예    ,자녀 없음 ,연립주택/ 다세대/ 빌라,서울,은평구,녹번동,애플,알뜰폰(MVNO),자전거,자전거관리용품,광택,자전거방수보관커버/방수자전거 커버/PEVA원단,http://www.11st.co.kr/product/SellerProductDetail.tmall?method=getSellerProductDetail&prdNo=1255618282
D***5,201903**,F,4,"주부 (전업주부, 파트타임 근무 주부)",700~799만원,예    ,자녀 있음 ,아파트/ 주상복합,경기,수원시 영통구,이의동,삼성,KT,레저/자동차,자전거/용품,자전거액세서리,블랙울프자전거 라이트 용품 18650 배터리 충전기,http://www.11st.co.kr/product/SellerProductDetail.tmall?method=getSellerProductDetail&prdNo=1003701027
D***0,201903**,M,3,"전문직 (의사, 판검사, 예술가, 종교인)",500~599만원,아니오,          ,연립주택/ 다세대/ 빌라,서울,송파구,방이동,애플,LG U+,레저/자동차,자전거/용품,헬멧/보호장비,자전거헬멧/자전거용품/큰/삼천리헬멧/성인/아동헬멧,http://www.11st.co.kr/product/SellerProductDetail.tmall?method=getSellerProductDetail&prdNo=1044088173
D***5,201904**,M,5,"사무직 (일반사무직, 공무원, 직업군인)",200~299만원,      ,          ,아파트/ 주상복합,서울,서초구,서초4동,삼성,SKT,자전거,자전거신발/고글/헬멧,헬멧,필모리스/F381/F373/자전거헬멧/성인용헬멧/안전용품,http://www.11st.co.kr/product/SellerProductDetail.tmall?method=getSellerProductDetail&prdNo=1289945654
D***1,201904**,F,5,"사무직 (일반사무직, 공무원, 직업군인)",200~299만원,      ,          ,아파트/ 주상복합,경기,성남시 분당구,서현동,삼성,SKT,레저/자동차,자전거/용품,자전거액세서리,자전거유아안장전방유아안장 아동보조안장,http://www.11st.co.kr/product/SellerProductDetail.tmall?method=getSellerProductDetail&prdNo=124145685
D***,201904**,M,3,"사무직 (일반사무직, 공무원, 직업군인)",200~299만원,      ,          ,아파트/ 주상복합,강원,춘천시,동면,삼성,SKT,레저/자동차,자전거/용품,자전거액세서리,[J]쿨시트 방석 오토바이 스쿠터 헬멧 용품,http://www.11st.co.kr/product/SellerProductDetail.tmall?method=getSellerProductDetail&prdNo=1082590066
D***7,201904**,F,2,"학생 (초중고학생, 대학생, 대학원생)",300~399만원,아니오,          ,아파트/ 주상복합,서울,은평구,불광동,삼성,LG U+,레저/자동차,자전거/용품,자전거액세서리,[J]쿨시트 방석 오토바이 스쿠터 헬멧 용품,http://www.11st.co.kr/product/SellerProductDetail.tmall?method=getSellerProductDetail&prdNo=1082590066
D***6,201904**,F,4,"전문직 (의사, 판검사, 예술가, 종교인)","1,000만원 이상",아니오,          ,아파트/ 주상복합,경기,고양시 일산동구,마두1동,삼성,SKT,자전거,자전거부품,보조바퀴,SM-901성인용 보조바퀴(20~26인치용),http://www.11st.co.kr/product/SellerProductDetail.tmall?method=getSellerProductDetail&prdNo=1200999290
D***2,201904**,M,5,"자영업 (도소매업, 숙박업, 미용업)",400~499만원,예    ,자녀 있음 ,아파트/ 주상복합,인천,계양구,작전서운동,삼성,SKT,레저/자동차,자전거/용품,자전거액세서리,▶빔라이트충전식 자전거 후미등┃자전거용품┃레저용품┃자전거악세사리┃자전거라이트┃후미등┃,http://www.11st.co.kr/product/SellerProductDetail.tmall?method=getSellerProductDetail&prdNo=1246317584
D***4,201904**,M,5,"사무직 (일반사무직, 공무원, 직업군인)",200~299만원,예    ,자녀 있음 ,아파트/ 주상복합,서울,송파구,장지동,삼성,SKT,자전거,자전거관리용품,에어펌프(발펌프),국산삼흥 발펌프 공기주입기 손펌프 에어펌프 자전거펌프 공 오토바이 바이크 휴대용 쌍발펌프 튜브 스포,http://www.11st.co.kr/product/SellerProductDetail.tmall?method=getSellerProductDetail&prdNo=1105695651
D***7,201904**,M,3,"생산/노무직 (생산감독, 경비원, 공장근로자)",300~399만원,아니오,          ,연립주택/ 다세대/ 빌라,경기,수원시 팔달구,매산로2가,삼성,SKT,자전거,튜닝용품,전시스탠드,KT05 자전거킥스탠드 자전거받침대 자전거용품,http://www.11st.co.kr/product/SellerProductDetail.tmall?method=getSellerProductDetail&prdNo=1058282299
D***,201904**,M,2,"학생 (초중고학생, 대학생, 대학원생)","1,000만원 이상",아니오,          ,아파트/ 주상복합,경기,광명시,철산4동,기타,알뜰폰(MVNO),자전거,튜닝용품,후미등,누빔멀티 라이트 NB-600 자전거 후미등 방향지시등,http://www.11st.co.kr/product/SellerProductDetail.tmall?method=getSellerProductDetail&prdNo=115116197
D***,201904**,F,5,"사무직 (일반사무직, 공무원, 직업군인)",200~299만원,      ,          ,아파트/ 주상복합,서울,노원구,하계2동,삼성,SKT,자전거,자전거신발/고글/헬멧,헬멧,2018GIRO 지로 QUARTER 쿼터 어반 자전거 헬멧 BMX,http://www.11st.co.kr/product/SellerProductDetail.tmall?method=getSellerProductDetail&prdNo=1246004626
D***7,201904**,M,5,"사무직 (일반사무직, 공무원, 직업군인)",200~299만원,      ,          ,아파트/ 주상복합,경기,수원시 영통구,이의동,삼성,SKT,레저/자동차,자전거/용품,자전거의류/잡화,방한멀티스카프/멀티워머/넥워머/마스크/스키/자전거,http://item.gmarket.co.kr/Item?goodscode=1145899445
D***9,201904**,M,4,"사무직 (일반사무직, 공무원, 직업군인)",200~299만원,      ,          ,아파트/ 주상복합,광주,북구,두암1동,삼성,SKT,자전거,튜닝용품,전시스탠드,KT05 자전거킥스탠드 자전거받침대 자전거용품,http://www.11st.co.kr/product/SellerProductDetail.tmall?method=getSellerProductDetail&prdNo=1058282299
D***6,201904**,F,3,"사무직 (일반사무직, 공무원, 직업군인)",500~599만원,아니오,          ,아파트/ 주상복합,서울,강동구,둔촌동,LG,SKT,레저/자동차,자전거/용품,자전거의류/잡화,마스크/귀마개/멀티워머/넥워머/자전거/검정마스크,http://www.11st.co.kr/product/SellerProductDetail.tmall?method=getSellerProductDetail&prdNo=1167152971
D***1,201904**,M,5,"서비스직 (요식업, 숙박업, 미용실종업원)",900~999만원,예    ,자녀 있음 ,단독주택,대구,남구,대명3동,LG,SKT,레저/자동차,자전거/용품,자전거,지멘스여성용 부인용 자전거 클래식 24 26인치,http://item.gmarket.co.kr/Item?goodscode=1110235162
D***2,201904**,M,3,"사무직 (일반사무직, 공무원, 직업군인)",900~999만원,아니오,          ,아파트/ 주상복합,서울,중랑구,상봉1동,애플,LG U+,자전거,자전거신발/고글/헬멧,보호대,특가쿨토시 1+1 (2세트) /토시/아동쿨토시/팔토시,http://www.11st.co.kr/product/SellerProductDetail.tmall?method=getSellerProductDetail&prdNo=1291753831
D***1,201904**,F,4,"사무직 (일반사무직, 공무원, 직업군인)",200~299만원,      ,          ,아파트/ 주상복합,대구,서구,평리2동,삼성,SKT,레저/자동차,자전거/용품,자전거의류/잡화,마스크/귀마개/멀티워머/넥워머/자전거/검정마스크,http://www.11st.co.kr/product/SellerProductDetail.tmall?method=getSellerProductDetail&prdNo=1167152971
D***9,201904**,F,3,"사무직 (일반사무직, 공무원, 직업군인)",100~199만원,아니오,          ,연립주택/ 다세대/ 빌라,서울,구로구,구로1동,삼성,SKT,레저/자동차,자전거/용품,자전거액세서리,[J]쿨시트 방석 오토바이 스쿠터 헬멧 용품,http://www.11st.co.kr/product/SellerProductDetail.tmall?method=getSellerProductDetail&prdNo=1082590066
D***8,201904**,F,4,"주부 (전업주부, 파트타임 근무 주부)",200~299만원,예    ,자녀 있음 ,단독주택,광주,서구,상무1동,삼성,SKT,자전거,자전거,로드자전거,2019첼로 테라 신형105 카본포크 로드자전거,http://www.11st.co.kr/product/SellerProductDetail.tmall?method=getSellerProductDetail&prdNo=1074638903
D***3,201904**,M,2,"기능직 (자동차정비, 운전기사, 안경사, 택시기사)",300~399만원,아니오,          ,오피스텔,부산,해운대구,좌2동,삼성,SKT,레저/자동차,자전거/용품,헬멧/보호장비,자전거헬멧/자전거용품/큰/삼천리헬멧/성인/아동헬멧,http://www.11st.co.kr/product/SellerProductDetail.tmall?method=getSellerProductDetail&prdNo=1044088173
D***7,201904**,F,2,"사무직 (일반사무직, 공무원, 직업군인)",100~199만원,아니오,          ,연립주택/ 다세대/ 빌라,대구,서구,내당1동,애플,알뜰폰(MVNO),자전거,튜닝용품,후미등,자전거후미등/후미등/실리콘/LED후미등/안전등,http://www.11st.co.kr/product/SellerProductDetail.tmall?method=getSellerProductDetail&prdNo=1067038322
D***6,201904**,M,3,기타 ,200~299만원,아니오,          ,단독주택,서울,광진구,중곡1동,삼성,KT,자전거,튜닝용품,전시스탠드,토픽스텐드 DUAL TOUCH BIKE STAND 자전거거치대,http://www.11st.co.kr/product/SellerProductDetail.tmall?method=getSellerProductDetail&prdNo=1154312380
D***3,201904**,M,2,"학생 (초중고학생, 대학생, 대학원생)",800~899만원,아니오,          ,아파트/ 주상복합,경기,수원시 영통구,망포동,애플,SKT,자전거,자전거부품,체인,"SramX1 체인, PC-X1, 11단/11단용 자전거 체인",http://www.11st.co.kr/product/SellerProductDetail.tmall?method=getSellerProductDetail&prdNo=1261677729
D***0,201904**,F,2,"사무직 (일반사무직, 공무원, 직업군인)",200~299만원,      ,          ,아파트/ 주상복합,경북,경산시,중방동,삼성,SKT,자전거/보드,자전거헬멧,기타브랜드 헬멧,EVSSX02 Knee Brace 오토바이무릎인대파열방지보호대/,http://item.gmarket.co.kr/Item?goodscode=1117646191
D***2,201904**,F,2,"사무직 (일반사무직, 공무원, 직업군인)",200~299만원,      ,          ,아파트/ 주상복합,서울,강서구,화곡3동,삼성,KT,자전거/보드,자전거장갑/잡화,자전거장갑,[킹썰]스포츠/등산/자전거장갑/여름장갑/반장갑/핸드폰터치,http://item.gmarket.co.kr/Item?goodscode=1144168847
D***,201904**,M,2,"사무직 (일반사무직, 공무원, 직업군인)",200~299만원,      ,          ,아파트/ 주상복합,서울,구로구,구로3동,삼성,SKT,레저/자동차,자전거/용품,자전거,알톤베네통키드자전거/아동/알루미늄/고급어린이네발,http://www.11st.co.kr/product/SellerProductDetail.tmall?method=getSellerProductDetail&prdNo=1160671411
D***,201904**,M,3,"학생 (초중고학생, 대학생, 대학원생)",400~499만원,아니오,          ,단독주택,서울,강남구,대치1동,기타,알뜰폰(MVNO),자전거,튜닝용품,전시스탠드,KT05 자전거킥스탠드 자전거받침대 자전거용품,http://www.11st.co.kr/product/SellerProductDetail.tmall?method=getSellerProductDetail&prdNo=1058282299
D***,201904**,M,3,"학생 (초중고학생, 대학생, 대학원생)",400~499만원,아니오,          ,단독주택,서울,강남구,대치1동,기타,알뜰폰(MVNO),레저/자동차,자전거/용품,자전거타이어/부품,자전거수리키트+펌프 자전거공구세트 펑크패치,http://www.11st.co.kr/product/SellerProductDetail.tmall?method=getSellerProductDetail&prdNo=1103998698
D***,201904**,M,3,"사무직 (일반사무직, 공무원, 직업군인)",200~299만원,      ,          ,아파트/ 주상복합,서울,강서구,화곡1동,삼성,SKT,유아동,유아동완구/교구,승용완구,STONETREE스톤트리 트라이크 - 유모차 세발 자전거,http://item.gmarket.co.kr/Item?goodscode=1129986013
D***,201904**,M,3,"생산/노무직 (생산감독, 경비원, 공장근로자)",200~299만원,아니오,          ,연립주택/ 다세대/ 빌라,경북,구미시,인의동,LG,알뜰폰(MVNO),자전거,자전거신발/고글/헬멧,보호대,무료배송.국산쿨토시.팔토시.냉감토시.쿨마스크.아동,http://www.11st.co.kr/product/SellerProductDetail.tmall?method=getSellerProductDetail&prdNo=1249823887
D***5,201904**,F,5,"주부 (전업주부, 파트타임 근무 주부)",700~799만원,예    ,자녀 있음 ,아파트/ 주상복합,부산,해운대구,우1동,LG,SKT,레저/자동차,자전거/용품,자전거액세서리,[고바이크]자전거짐받이특대바구니/플록스천바구니/짐바구니/고정식바구니/장착용바구니/자전거악세사리,http://www.11st.co.kr/product/SellerProductDetail.tmall?method=getSellerProductDetail&prdNo=1273581622
D***0,201904**,M,5,"사무직 (일반사무직, 공무원, 직업군인)",200~299만원,      ,          ,아파트/ 주상복합,서울,성북구,길음2동,삼성,SKT,자전거,자전거,MTB,프로메이드풀서스펜션 24인치 MTB자전거 아스톤힐DS,http://www.11st.co.kr/product/SellerProductDetail.tmall?method=getSellerProductDetail&prdNo=1190027550
D***8,201904**,F,4,"기능직 (자동차정비, 운전기사, 안경사, 택시기사)",300~399만원,아니오,          ,연립주택/ 다세대/ 빌라,인천,남동구,남촌동,LG,LG U+,레저/자동차,자전거/용품,자전거의류/잡화,[PUMA]푸마 여성 더블 스트레치 기모 본딩 팬츠 3종세트 GFYYFG22,http://www.hnsmall.com/display/goods.do?goods_code=12835199
D***0,201904**,M,5,"사무직 (일반사무직, 공무원, 직업군인)",200~299만원,      ,          ,아파트/ 주상복합,인천,계양구,서운동,삼성,SKT,자전거,자전거관리용품,펑크패치,무료배송휴대용 펑크패치/타이어 튜브 레버 정비 수리 공구세트/자전거용품.부품,http://www.11st.co.kr/product/SellerProductDetail.tmall?method=getSellerProductDetail&prdNo=1028212762
D***1,201904**,M,2,"전문직 (의사, 판검사, 예술가, 종교인)",100~199만원,아니오,          ,아파트/ 주상복합,대구,달성군,유가면,삼성,알뜰폰(MVNO),레저/자동차,자전거/용품,헬멧/보호장비,심플한도시형헬멧/빅이글 어반헬멧/자전거용품/인라인,http://www.11st.co.kr/product/SellerProductDetail.tmall?method=getSellerProductDetail&prdNo=1187901648
D***8,201904**,F,3,"사무직 (일반사무직, 공무원, 직업군인)",400~499만원,아니오,          ,단독주택,서울,강남구,삼성동,애플,SKT,자전거,자전거,MTB,프로메이드풀서스펜션 24인치 MTB자전거 아스톤힐DS,http://www.11st.co.kr/product/SellerProductDetail.tmall?method=getSellerProductDetail&prdNo=1190027550
D***9,201904**,M,4,"전문직 (의사, 판검사, 예술가, 종교인)","1,000만원 이상",예    ,자녀 있음 ,아파트/ 주상복합,서울,성북구,장위3동,LG,SKT,자전거,튜닝용품,후미등,문라이트크레센트/코멧/쉴드/디펜더/메테오/ 자전거라이트 자전거후미등,http://www.11st.co.kr/product/SellerProductDetail.tmall?method=getSellerProductDetail&prdNo=1086040122
D***9,201904**,M,4,"사무직 (일반사무직, 공무원, 직업군인)",300~399만원,아니오,          ,연립주택/ 다세대/ 빌라,경기,광주시,오포읍,애플,KT,레저/자동차,자전거/용품,자전거의류/잡화,{지오무역}[쿨멀티스카프모음]쿨마스크/냉동스카프/,http://www.11st.co.kr/product/SellerProductDetail.tmall?method=getSellerProductDetail&prdNo=1280486843
D***4,201904**,M,5,"사무직 (일반사무직, 공무원, 직업군인)",200~299만원,예    ,자녀 있음 ,아파트/ 주상복합,서울,송파구,장지동,삼성,SKT,레저/자동차,자전거/용품,자전거액세서리,정품미국 CREE사 LED Q5 줌 라이트/자전거/전조등/후레쉬/랜턴/손전등/거치대/건전지/안전등/용품/야간등,http://www.11st.co.kr/product/SellerProductDetail.tmall?method=getSellerProductDetail&prdNo=1200933401
D***6,201904**,M,2,"학생 (초중고학생, 대학생, 대학원생)",100만원 미만,아니오,          ,아파트/ 주상복합,경기,고양시 일산동구,중산동,LG,KT,자전거,자전거신발/고글/헬멧,헬멧,2018GIRO 지로 QUARTER 쿼터 어반 자전거 헬멧 BMX,http://www.11st.co.kr/product/SellerProductDetail.tmall?method=getSellerProductDetail&prdNo=1246004626
D***5,201904**,M,3,"사무직 (일반사무직, 공무원, 직업군인)",300~399만원,아니오,          ,오피스텔,서울,강남구,대치2동,애플,KT,레저/자동차,자전거/용품,자전거,미키키즈로드스터 미니 18유니키즈FA 어린이자전거,http://www.11st.co.kr/product/SellerProductDetail.tmall?method=getSellerProductDetail&prdNo=1067685984
D***8,201904**,M,3,"사무직 (일반사무직, 공무원, 직업군인)",200~299만원,      ,          ,아파트/ 주상복합,서울,노원구,상계6.7동,삼성,SKT,자전거/보드,자전거신발/페달,자전거페달,자전거보조발판(소/중)자전거발받침/발판 알루미늄,http://item.gmarket.co.kr/Item?goodscode=1155657749
D***,201904**,M,4,"사무직 (일반사무직, 공무원, 직업군인)",200~299만원,      ,          ,아파트/ 주상복합,서울,노원구,상계10동,삼성,SKT,자전거,튜닝용품,거치대/보관대,노스바이크스마트폰 자전거거치대 핸드폰 휴대폰 가방,http://www.11st.co.kr/product/SellerProductDetail.tmall?method=getSellerProductDetail&prdNo=1016944642
D***,201904**,M,5,"교직 (교사, 유치원교사, 학원강사)",500~599만원,예    ,자녀 있음 ,아파트/ 주상복합,부산,동래구,낙민동,LG,SKT,자전거,자전거부품,페달,"토클립세트 (1쌍. 가죽밴드, 볼트 포함) Toe Clip Set 대만생산품. 픽시 클래식 로드 등 자전거 부품 용품",http://www.11st.co.kr/product/SellerProductDetail.tmall?method=getSellerProductDetail&prdNo=1114857336
D***,201904**,M,4,"사무직 (일반사무직, 공무원, 직업군인)",400~499만원,예    ,자녀 있음 ,아파트/ 주상복합,경기,수원시 팔달구,인계동,삼성,SKT,자전거,자전거부품,브레이크패드,BARADINE바라딘 450 로드용 브레이크슈 브레이크 슈패드 고무패드 자전거용품 부품,http://www.11st.co.kr/product/SellerProductDetail.tmall?method=getSellerProductDetail&prdNo=1073663674
D***,201904**,M,5,"사무직 (일반사무직, 공무원, 직업군인)",500~599만원,예    ,자녀 있음 ,연립주택/ 다세대/ 빌라,경기,의정부시,가능1동,삼성,LG U+,자전거,자전거부품,안장,삼천리전립선 안장패드/MTB ROAD 안장용 쿠션커버/하이브리드 안장커버/자전거안장커버/로드용 자전거용품,http://www.11st.co.kr/product/SellerProductDetail.tmall?method=getSellerProductDetail&prdNo=1232420657
D***,201904**,F,4,"사무직 (일반사무직, 공무원, 직업군인)",200~299만원,      ,          ,아파트/ 주상복합,대구,달서구,도원동,삼성,SKT,레저/자동차,자전거/용품,자전거타이어/부품,야광젤타입 자전거 안장 자전거 용품 레저 취미,http://item.gmarket.co.kr/Item?goodscode=1268231013
D***6,201904**,M,2,"사무직 (일반사무직, 공무원, 직업군인)",200~299만원,      ,          ,아파트/ 주상복합,경기,성남시 분당구,정자동,삼성,SKT,자전거,자전거신발/고글/헬멧,보호대,[성인보호대 세트] 에어워크 보호대 손목_무릎_팔꿈치,http://www.11st.co.kr/product/SellerProductDetail.tmall?method=getSellerProductDetail&prdNo=1112671449
D***8,201904**,M,4,"생산/노무직 (생산감독, 경비원, 공장근로자)",100~199만원,아니오,          ,연립주택/ 다세대/ 빌라,대전,유성구,장대동,기타,알뜰폰(MVNO),캠핑/골프/헬스/자전거,자전거의류/용품,신발,뉴발란스CRT300 스니커즈 운동화 (CRT300CA),http://www.hnsmall.com/display/goods.do?goods_code=12922166
D***3,201904**,M,4,"사무직 (일반사무직, 공무원, 직업군인)",200~299만원,      ,          ,아파트/ 주상복합,부산,해운대구,좌동,삼성,SKT,레저/자동차,자전거/용품,자전거,도미니크24인치하이브리드자전거초등학생~중학생까지,http://www.11st.co.kr/product/SellerProductDetail.tmall?method=getSellerProductDetail&prdNo=1090901926
D***5,201904**,M,4,"사무직 (일반사무직, 공무원, 직업군인)",400~499만원,예    ,자녀 있음 ,연립주택/ 다세대/ 빌라,경기,의왕시,삼동,기타,SKT,자전거/보드,자전거바구니/가방,크로스가방,[엑스피크]2포켓 스마트폰 파우치/암밴드+목걸이 기본증정,http://item.gmarket.co.kr/Item?goodscode=1187012646
D***7,201904**,M,2,"학생 (초중고학생, 대학생, 대학원생)",800~899만원,아니오,          ,아파트/ 주상복합,서울,구로구,구로1동,삼성,KT,캠핑/골프/헬스/자전거,자전거의류/용품,신발,뉴발란스CRT300 스니커즈 운동화 (CRT300CA),http://www.hnsmall.com/display/goods.do?goods_code=12922166
D***9,201904**,M,2,"사무직 (일반사무직, 공무원, 직업군인)",200~299만원,      ,          ,아파트/ 주상복합,경기,성남시 분당구,삼평동,삼성,SKT,자전거/보드,자전거타이어/부품,자전거튜브,[흥아]흥아 700C x 23/25C 프레스타 40mm 자전거튜브 로드,http://item.gmarket.co.kr/Item?goodscode=1287219517
D***1,201904**,F,4,"주부 (전업주부, 파트타임 근무 주부)",400~499만원,예    ,자녀 있음 ,아파트/ 주상복합,부산,남구,대연5동,삼성,KT,자전거,자전거부품,브레이크패드,시마노디스크 브레이크 Resin 패드 B01S/BR-T615/C501/M575/M525/M486/M485/M475/M465 레진패드/래진패드,http://www.11st.co.kr/product/SellerProductDetail.tmall?method=getSellerProductDetail&prdNo=1060069949
D***9,201904**,M,2,무직,600~699만원,아니오,          ,단독주택,경기,의정부시,신곡1동,삼성,LG U+,레저/자동차,자전거/용품,자전거액세서리,블랙울프미니줌 줌라이트 LED랜턴 후레쉬 자전거용품,http://www.11st.co.kr/product/SellerProductDetail.tmall?method=getSellerProductDetail&prdNo=1182033172
D***0,201904**,M,5,"사무직 (일반사무직, 공무원, 직업군인)",100~199만원,예    ,자녀 있음 ,아파트/ 주상복합,경기,안성시,공도읍,삼성,SKT,자전거,자전거,MTB,GIFT2016 엘파마 판타시아 S7 S675 카본 MTB 자전거,http://www.11st.co.kr/product/SellerProductDetail.tmall?method=getSellerProductDetail&prdNo=1043875589
D***8,201904**,M,5,"자영업 (도소매업, 숙박업, 미용업)",500~599만원,예    ,자녀 있음 ,단독주택,경남,창원시 진해구,충의동,삼성,SKT,자전거,자전거,MTB,프로메이드풀서스펜션 24인치 MTB자전거 아스톤힐DS,http://www.11st.co.kr/product/SellerProductDetail.tmall?method=getSellerProductDetail&prdNo=1190027550
D***6,201904**,M,3,"사무직 (일반사무직, 공무원, 직업군인)",500~599만원,예    ,자녀 있음 ,아파트/ 주상복합,경기,화성시,기산동,애플,KT,레저/자동차,자전거/용품,자전거,[스마트]삼천리/스마트 접이식자전거 미니벨로 4종,http://item.gmarket.co.kr/Item?goodscode=1278067146
D***8,201904**,M,2,"학생 (초중고학생, 대학생, 대학원생)",600~699만원,아니오,          ,아파트/ 주상복합,경남,창원시 마산회원구,합성동,삼성,KT,레저/자동차,자전거/용품,헬멧/보호장비,에어워크보호대 성인용/아동용 헬멧/가방 용품 S16,http://www.11st.co.kr/product/SellerProductDetail.tmall?method=getSellerProductDetail&prdNo=12617089
D***7,201904**,M,4,"사무직 (일반사무직, 공무원, 직업군인)",400~499만원,아니오,          ,연립주택/ 다세대/ 빌라,서울,구로구,구로4동,애플,알뜰폰(MVNO),캠핑/골프/헬스/자전거,자전거의류/용품,기타용품,발목밴드,http://www.hnsmall.com/display/goods.do?goods_code=11522932
D***,201904**,F,2,"학생 (초중고학생, 대학생, 대학원생)",200~299만원,아니오,          ,오피스텔,전남,무안군,삼향면,삼성,SKT,레저/자동차,자전거/용품,자전거의류/잡화,"하이맥스매쉬 긴장갑 -  봄,여름,가을 장갑",http://www.11st.co.kr/product/SellerProductDetail.tmall?method=getSellerProductDetail&prdNo=1210492663
D***,201904**,F,3,"서비스직 (요식업, 숙박업, 미용실종업원)",200~299만원,아니오,          ,연립주택/ 다세대/ 빌라,서울,동작구,대방동,애플,LG U+,자전거,자전거부품,체인,MYBN 10단 실버_S10CR 체인,http://www.11st.co.kr/product/SellerProductDetail.tmall?method=getSellerProductDetail&prdNo=1272548067
D***,201904**,M,3,"사무직 (일반사무직, 공무원, 직업군인)",200~299만원,      ,          ,아파트/ 주상복합,인천,남구,주안동,삼성,SKT,레저/자동차,자전거/용품,자전거,미키키즈로드스터 미니 18유니키즈FA 어린이자전거,http://www.11st.co.kr/product/SellerProductDetail.tmall?method=getSellerProductDetail&prdNo=1067685984
D***7,201904**,M,5,"사무직 (일반사무직, 공무원, 직업군인)",200~299만원,      ,          ,아파트/ 주상복합,경기,수원시 영통구,이의동,삼성,SKT,레저/자동차,자전거/용품,헬멧/보호장비,GAIUS어반헬멧 킥보드헬멧 성인 청소년헬멧,http://www.11st.co.kr/product/SellerProductDetail.tmall?method=getSellerProductDetail&prdNo=1036710596
D***0,201904**,M,4,"사무직 (일반사무직, 공무원, 직업군인)",200~299만원,      ,          ,아파트/ 주상복합,서울,마포구,도화동,삼성,SKT,레저/자동차,자전거/용품,자전거,[에어휠]BEST전동킥보드/스쿠터 인기브랜드 에어휠/스티고/이지휠 택1,http://www.lotteimall.com/goods/viewGoodsDetail.lotte?goods_no=1263374352
D***7,201904**,F,2,"학생 (초중고학생, 대학생, 대학원생)",300~399만원,아니오,          ,아파트/ 주상복합,서울,은평구,불광동,삼성,LG U+,레저/자동차,자전거/용품,자전거액세서리,▶빔라이트충전식 자전거 후미등┃자전거용품┃레저용품┃자전거악세사리┃자전거라이트┃후미등┃,http://www.11st.co.kr/product/SellerProductDetail.tmall?method=getSellerProductDetail&prdNo=1246317584
D***,201904**,F,2,"사무직 (일반사무직, 공무원, 직업군인)",200~299만원,      ,          ,아파트/ 주상복합,서울,양천구,신정6동,삼성,SKT,자전거/보드,자전거액세서리,자전거스마트폰거치대,4방향완벽고정 자전거 스마트폰 거치대 (블랙),http://item.gmarket.co.kr/Item?goodscode=1235492029
D***,201904**,M,4,"사무직 (일반사무직, 공무원, 직업군인)",200~299만원,      ,          ,아파트/ 주상복합,경기,수원시 장안구,정자3동,삼성,SKT,자전거/보드,자전거헬멧,기타브랜드 헬멧,[삼천리자전거]미니마우스 헬멧보호대 세트 어린이 자전거 킥보드/ 삼천리자전거,http://item.gmarket.co.kr/Item?goodscode=1112014699
D***,201904**,M,3,"서비스직 (요식업, 숙박업, 미용실종업원)",300~399만원,아니오,          ,단독주택,서울,구로구,구로2동,삼성,SKT,자전거,튜닝용품,트레이너(로라),엘리트노보 맥 포스/자전거용품/자전거롤러,http://www.11st.co.kr/product/SellerProductDetail.tmall?method=getSellerProductDetail&prdNo=1271754585
D***,201904**,F,4,"사무직 (일반사무직, 공무원, 직업군인)",200~299만원,      ,          ,아파트/ 주상복합,제주,제주시,외도2동,삼성,SKT,레저/자동차,자전거/용품,자전거의류/잡화,쿨바라클라바자외선차단마스크 여름마스크 쿨마스크,http://www.11st.co.kr/product/SellerProductDetail.tmall?method=getSellerProductDetail&prdNo=11116518
D***,201904**,F,4,"사무직 (일반사무직, 공무원, 직업군인)",500~599만원,예    ,자녀 있음 ,아파트/ 주상복합,경북,상주시,신봉동,삼성,KT,자전거,자전거,MTB,알톤쉐보레 CMJR 초등학생 MTB 자전거/24인치/22인치/샌드스톤24,http://www.11st.co.kr/product/SellerProductDetail.tmall?method=getSellerProductDetail&prdNo=1288847294
D***5,201904**,F,4,"사무직 (일반사무직, 공무원, 직업군인)",200~299만원,      ,          ,아파트/ 주상복합,서울,노원구,상계8동,삼성,SKT,캠핑/골프/헬스/자전거,자전거의류/용품,기타용품,[펌프킹]가정용 자전거 거치대 HK-001,http://www.hnsmall.com/display/goods.do?goods_code=12714590
D***1,201904**,M,5,"관리직 (사장, 간부, 고위공무원)","1,000만원 이상",예    ,자녀 있음 ,아파트/ 주상복합,경기,안산시 단원구,고잔동,삼성,SKT,자전거,자전거,MTB,알톤쉐보레 CMJR 초등학생 MTB 자전거/24인치/22인치/샌드스톤24,http://www.11st.co.kr/product/SellerProductDetail.tmall?method=getSellerProductDetail&prdNo=1288847294
D***1,201904**,M,5,"사무직 (일반사무직, 공무원, 직업군인)",600~699만원,예    ,자녀 있음 ,아파트/ 주상복합,서울,서초구,우면동,삼성,KT,자전거,자전거부품,브레이크패드,[FNS]크락스오가닉 디스크브레이크 패드(벌크제품),http://www.11st.co.kr/product/SellerProductDetail.tmall?method=getSellerProductDetail&prdNo=1097542995
D***9,201904**,F,5,"교직 (교사, 유치원교사, 학원강사)",400~499만원,예    ,자녀 있음 ,아파트/ 주상복합,서울,강동구,둔촌동,삼성,KT,레저/자동차,자전거/용품,자전거액세서리,유아안장자전거유아안장 후방유아안장 아동보조안장,http://www.11st.co.kr/product/SellerProductDetail.tmall?method=getSellerProductDetail&prdNo=124136733
D***5,201904**,M,2,"사무직 (일반사무직, 공무원, 직업군인)",100~199만원,아니오,          ,오피스텔,서울,영등포구,양평동2가,삼성,KT,자전거,자전거관리용품,에어펌프(발펌프),GIYO지요 GF-56GTB ULTRA 자전거펌프 공기배출기능,http://www.11st.co.kr/product/SellerProductDetail.tmall?method=getSellerProductDetail&prdNo=1147853726
D***9,201904**,F,3,"사무직 (일반사무직, 공무원, 직업군인)",400~499만원,예    ,자녀 있음 ,연립주택/ 다세대/ 빌라,광주,동구,지산동,삼성,LG U+,자전거,튜닝용품,트레이너(로라),엘리트노보 맥 포스/자전거용품/자전거롤러,http://www.11st.co.kr/product/SellerProductDetail.tmall?method=getSellerProductDetail&prdNo=1271754585
D***1,201904**,M,2,"학생 (초중고학생, 대학생, 대학원생)",200~299만원,아니오,          ,아파트/ 주상복합,전남,목포시,용해동,삼성,KT,레저/자동차,자전거/용품,자전거,삼천리가족형 HF200 7단 미니벨로 20형 접이식자전거,http://www.11st.co.kr/product/SellerProductDetail.tmall?method=getSellerProductDetail&prdNo=1096162616
D***7,201904**,M,2,"학생 (초중고학생, 대학생, 대학원생)",200~299만원,아니오,          ,아파트/ 주상복합,인천,남동구,논현동,애플,SKT,자전거,자전거부품,체인,"SramX1 체인, PC-X1, 11단/11단용 자전거 체인",http://www.11st.co.kr/product/SellerProductDetail.tmall?method=getSellerProductDetail&prdNo=1261677729
D***5,201904**,F,5,"주부 (전업주부, 파트타임 근무 주부)","1,000만원 이상",예    ,자녀 있음 ,아파트/ 주상복합,울산,남구,무거동,삼성,KT,자전거,자전거부품,튜브,자전거고급 타이어 튜브/던롭 프레스타 슈레더 튜브/슈발베 켄다 CST튜브/자전거용품 부품,http://www.11st.co.kr/product/SellerProductDetail.tmall?method=getSellerProductDetail&prdNo=1096604696
D***,201904**,M,5,"사무직 (일반사무직, 공무원, 직업군인)",200~299만원,      ,          ,아파트/ 주상복합,서울,강서구,염창동,삼성,SKT,레저/자동차,자전거/용품,자전거액세서리,"매그닉라이트/전조등,후미등싱글판매/충전필요없는 독일특허 비접촉 자전거라이트/자전거용품/무료배송",http://www.11st.co.kr/product/SellerProductDetail.tmall?method=getSellerProductDetail&prdNo=1242176076
D***,201904**,F,3,"사무직 (일반사무직, 공무원, 직업군인)",200~299만원,      ,          ,아파트/ 주상복합,충북,진천군,광혜원면,삼성,SKT,자전거,자전거,MTB,삼천리자전거/하운드팀50D/MTB자전거/산악자전거,http://www.11st.co.kr/product/SellerProductDetail.tmall?method=getSellerProductDetail&prdNo=1254184372
D***,201904**,F,4,"사무직 (일반사무직, 공무원, 직업군인)",200~299만원,      ,          ,아파트/ 주상복합,경기,광주시,경안동,삼성,SKT,레저/자동차,자전거/용품,자전거액세서리,자전거휠 라이트 안전등  LED라이트 후미등,http://www.11st.co.kr/product/SellerProductDetail.tmall?method=getSellerProductDetail&prdNo=1076764951
D***,201904**,M,4,"사무직 (일반사무직, 공무원, 직업군인)",200~299만원,      ,          ,아파트/ 주상복합,충북,청주시 상당구,주중동,삼성,SKT,레저/자동차,자전거/용품,자전거,도미니크24인치하이브리드자전거초등학생~중학생까지,http://www.11st.co.kr/product/SellerProductDetail.tmall?method=getSellerProductDetail&prdNo=1090901926
D***,201904**,M,2,"사무직 (일반사무직, 공무원, 직업군인)",200~299만원,      ,          ,아파트/ 주상복합,서울,영등포구,문래동6가,삼성,SKT,자전거,자전거신발/고글/헬멧,보호대,나이키/팔토시/쿨토시/자외선차단/스포츠/레저/등산용,http://www.11st.co.kr/product/SellerProductDetail.tmall?method=getSellerProductDetail&prdNo=1221115615
D***2,201904**,F,2,기타 ,100~199만원,아니오,          ,오피스텔,서울,성북구,삼선동5가,애플,SKT,레저/자동차,자전거/용품,자전거액세서리,▶빔라이트충전식 자전거 후미등┃자전거용품┃레저용품┃자전거악세사리┃자전거라이트┃후미등┃,http://www.11st.co.kr/product/SellerProductDetail.tmall?method=getSellerProductDetail&prdNo=1246317584
D***3,201904**,F,3,"서비스직 (요식업, 숙박업, 미용실종업원)",100~199만원,아니오,          ,아파트/ 주상복합,서울,노원구,공릉동,삼성,SKT,자전거,튜닝용품,흙받이,자전거흙받이(한세트)삼천리자전거 레스포정품/흙튀김방지 물받이/선택,http://www.11st.co.kr/product/SellerProductDetail.tmall?method=getSellerProductDetail&prdNo=12932278
D***9,201904**,M,2,"서비스직 (요식업, 숙박업, 미용실종업원)",300~399만원,아니오,          ,연립주택/ 다세대/ 빌라,서울,동작구,상도1동,삼성,SKT,자전거/보드,자전거장갑/잡화,자전거장갑,[프로스펙스]스마트 방한장갑 등산장갑 자전거장갑 겨울장갑 축구,http://item.gmarket.co.kr/Item?goodscode=1150372758
D***1,201904**,M,4,"사무직 (일반사무직, 공무원, 직업군인)",200~299만원,      ,          ,아파트/ 주상복합,서울,강남구,논현동,삼성,SKT,레저/자동차,자전거/용품,자전거액세서리,자전거라이트LED 전조등 후미등 후레쉬 [거치대증정],http://www.11st.co.kr/product/SellerProductDetail.tmall?method=getSellerProductDetail&prdNo=1080334719
D***3,201904**,F,3,"사무직 (일반사무직, 공무원, 직업군인)",100~199만원,예    ,자녀 있음 ,아파트/ 주상복합,부산,동래구,온천3동,삼성,SKT,레저/자동차,자전거/용품,자전거액세서리,카멜백포디엄 칠리 610ml 자전거물통 보냉 물병,http://www.11st.co.kr/product/SellerProductDetail.tmall?method=getSellerProductDetail&prdNo=1019561002
D***6,201904**,M,2,"기능직 (자동차정비, 운전기사, 안경사, 택시기사)",700~799만원,아니오,          ,아파트/ 주상복합,경기,안산시 단원구,고잔동,애플,SKT,캠핑/골프/헬스/자전거,자전거의류/용품,공용하의,[MCN]네오 베이직 7부 바지/승마바지,http://www.hnsmall.com/display/goods.do?goods_code=12497037
D***,201904**,M,3,"사무직 (일반사무직, 공무원, 직업군인)",200~299만원,      ,          ,아파트/ 주상복합,인천,부평구,일신동,삼성,SKT,레저/자동차,자전거/용품,자전거,[알톤]갤럽22 21단 앞쇼바 7~11세 시마노인투스기어,http://www.11st.co.kr/product/SellerProductDetail.tmall?method=getSellerProductDetail&prdNo=1230962682
D***,201904**,M,3,"사무직 (일반사무직, 공무원, 직업군인)",200~299만원,      ,          ,아파트/ 주상복합,서울,광진구,화양동,삼성,SKT,레저/자동차,자전거/용품,헬멧/보호장비,자전거어반헬멧 어린이헬멧 인라인 헬맷 킥보드헬멧,http://www.11st.co.kr/product/SellerProductDetail.tmall?method=getSellerProductDetail&prdNo=1253467301
D***,201904**,M,2,"사무직 (일반사무직, 공무원, 직업군인)",200~299만원,      ,          ,아파트/ 주상복합,경북,울진군,후포면,삼성,SKT,자전거,자전거관리용품,튜브벨브/어댑터/노즐,호비던롭밸브셋트 무시고무 공기 주입을 하여도 바람이 샐경우 교체,http://www.11st.co.kr/product/SellerProductDetail.tmall?method=getSellerProductDetail&prdNo=1244185249
D***6,201904**,F,5,"사무직 (일반사무직, 공무원, 직업군인)",200~299만원,      ,          ,아파트/ 주상복합,전북,전주시 완산구,효자동3가,삼성,SKT,레저/자동차,자전거/용품,헬멧/보호장비,GIFT삼천리 헬멧 SH330S 선바이저 자전거용품 인라인,http://www.11st.co.kr/product/SellerProductDetail.tmall?method=getSellerProductDetail&prdNo=115415058
D***8,201904**,M,5,"사무직 (일반사무직, 공무원, 직업군인)",200~299만원,      ,          ,아파트/ 주상복합,경기,용인시 수지구,신봉동,삼성,SKT,레저/자동차,자전거/용품,자전거액세서리,"자전거커버,바이크린,자전거,자전거용품,싸이클",http://www.11st.co.kr/product/SellerProductDetail.tmall?method=getSellerProductDetail&prdNo=1170093481
D***0,201904**,F,3,"교직 (교사, 유치원교사, 학원강사)","1,000만원 이상",예    ,자녀 없음 ,아파트/ 주상복합,서울,양천구,목1동,애플,SKT,캠핑/골프/헬스/자전거,자전거,전기자전거,전동킥보드마이봇 ERT-8/ 38V/ 18.4Ah / 삼성배터리/ 레져스포츠,http://www.hnsmall.com/display/goods.do?goods_code=12231883
D***9,201904**,M,4,"서비스직 (요식업, 숙박업, 미용실종업원)",500~599만원,아니오,          ,연립주택/ 다세대/ 빌라,서울,도봉구,방학2동,삼성,SKT,자전거,자전거부품,안장,[참좋은바이크]삼천리아동용안장모음/하이킥/프린세스/키즈바이크/디즈니/유아동/어린이/푹신한안장,http://www.11st.co.kr/product/SellerProductDetail.tmall?method=getSellerProductDetail&prdNo=1205141789
D***5,201904**,M,4,"사무직 (일반사무직, 공무원, 직업군인)",300~399만원,예    ,자녀 있음 ,연립주택/ 다세대/ 빌라,서울,동작구,상도4동,삼성,LG U+,유아동,유아동완구/교구,승용완구,[삼천리자전거]GIFT 2018 삼천리 샘트라이크 800+ 유모차 세발자전거,http://item.gmarket.co.kr/Item?goodscode=1266671892
D***7,201904**,M,2,"학생 (초중고학생, 대학생, 대학원생)",100~199만원,아니오,          ,연립주택/ 다세대/ 빌라,경기,구리시,수택동,삼성,SKT,자전거,자전거,MTB,삼천리자전거/하운드팀50D/MTB자전거/산악자전거,http://www.11st.co.kr/product/SellerProductDetail.tmall?method=getSellerProductDetail&prdNo=1254184372
D***0,201904**,M,2,"학생 (초중고학생, 대학생, 대학원생)","1,000만원 이상",아니오,          ,연립주택/ 다세대/ 빌라,경기,용인시 수지구,죽전동,삼성,SKT,레저/자동차,자전거/용품,자전거액세서리,블랙울프미니줌 줌라이트 LED랜턴 후레쉬 자전거용품,http://www.11st.co.kr/product/SellerProductDetail.tmall?method=getSellerProductDetail&prdNo=1182033172
D***4,201904**,F,3,"사무직 (일반사무직, 공무원, 직업군인)",600~699만원,예    ,자녀 있음 ,아파트/ 주상복합,인천,남구,용현5동,삼성,LG U+,레저/자동차,자전거/용품,자전거의류/잡화,[8601416-SJ]예식장갑/민자/백색/(100EA)/코팅장갑/장갑/안전장갑,http://www.11st.co.kr/product/SellerProductDetail.tmall?method=getSellerProductDetail&prdNo=1063242610
D***9,201904**,M,5,"관리직 (사장, 간부, 고위공무원)","1,000만원 이상",예    ,자녀 있음 ,아파트/ 주상복합,경기,용인시 기흥구,마북동,삼성,SKT,자전거,자전거부품,브레이크레버,브레이크레버/아동용/성인용/알로이브레이크레버/자전거부품/자전거브레이크레버,http://www.11st.co.kr/product/SellerProductDetail.tmall?method=getSellerProductDetail&prdNo=1280791866
D***6,201904**,M,4,"자영업 (도소매업, 숙박업, 미용업)","1,000만원 이상",예    ,자녀 있음 ,아파트/ 주상복합,서울,용산구,이태원동,삼성,LG U+,자전거,자전거관리용품,광택,자전거방수보관커버/방수자전거 커버/PEVA원단,http://www.11st.co.kr/product/SellerProductDetail.tmall?method=getSellerProductDetail&prdNo=1255618282
D***,201904**,F,2,"사무직 (일반사무직, 공무원, 직업군인)",200~299만원,      ,          ,아파트/ 주상복합,경기,시흥시,대야동,삼성,SKT,레저/자동차,자전거/용품,자전거의류/잡화,마스크/귀마개/멀티워머/넥워머/자전거/검정마스크,http://www.11st.co.kr/product/SellerProductDetail.tmall?method=getSellerProductDetail&prdNo=1167152971
D***,201904**,M,5,"사무직 (일반사무직, 공무원, 직업군인)",200~299만원,      ,          ,아파트/ 주상복합,경기,부천시 오정구,고강1동,삼성,SKT,캠핑/골프/헬스/자전거,자전거의류/용품,신발,뉴발란스운동화 774 NEWBALANCE 774 (M774BK3),http://www.hnsmall.com/display/goods.do?goods_code=11979566
D***,201904**,F,2,"사무직 (일반사무직, 공무원, 직업군인)",200~299만원,      ,          ,아파트/ 주상복합,울산,울주군,범서읍,삼성,SKT,자전거,튜닝용품,거치대,(추천)말대가리 스마트 거치대/ 휴대폰거치대 스마트폰거치대 거치대 차량용폰거치대 핸폰거치대 헨드폰거,http://www.11st.co.kr/product/SellerProductDetail.tmall?method=getSellerProductDetail&prdNo=1222876667
D***4,201904**,F,5,"사무직 (일반사무직, 공무원, 직업군인)",200~299만원,      ,          ,아파트/ 주상복합,서울,동작구,상도동,삼성,SKT,자전거,자전거관리용품,펑크패치,구멍패치/번개표/자전거보수/타이어보수/빵꾸딱지/빵구패치/자전거정비/땜질/공구장터,http://www.11st.co.kr/product/SellerProductDetail.tmall?method=getSellerProductDetail&prdNo=1046577201
D***4,201904**,F,5,"사무직 (일반사무직, 공무원, 직업군인)",200~299만원,      ,          ,아파트/ 주상복합,서울,동작구,상도동,삼성,SKT,레저/자동차,자전거/용품,헬멧/보호장비,가성비좋은 헬멧/빅이글 자전거헬멧/보호대/인라인/자전거용품,http://www.11st.co.kr/product/SellerProductDetail.tmall?method=getSellerProductDetail&prdNo=1187889237
D***3,201904**,F,3,"사무직 (일반사무직, 공무원, 직업군인)",200~299만원,      ,          ,아파트/ 주상복합,대전,중구,옥계동,삼성,SKT,캠핑/골프/헬스/자전거,자전거의류/용품,신발,뉴발란스운동화 574 NEWBALANCE 574 (ML574SS2),http://www.hnsmall.com/display/goods.do?goods_code=11979567
D***6,201904**,M,4,"교직 (교사, 유치원교사, 학원강사)",400~499만원,아니오,          ,아파트/ 주상복합,서울,강남구,대치동,삼성,SKT,레저/자동차,자전거/용품,헬멧/보호장비,GIFT삼천리 헬멧 SH330S 선바이저 자전거용품 인라인,http://www.11st.co.kr/product/SellerProductDetail.tmall?method=getSellerProductDetail&prdNo=115415058
D***3,201904**,M,3,"사무직 (일반사무직, 공무원, 직업군인)",200~299만원,      ,          ,아파트/ 주상복합,경북,경주시,구황동,삼성,SKT,레저/자동차,자전거/용품,자전거,스타카토에스코트 7단 접이식 자전거 바구니 포함,http://www.11st.co.kr/product/SellerProductDetail.tmall?method=getSellerProductDetail&prdNo=1216359097
D***1,201904**,M,2,"학생 (초중고학생, 대학생, 대학원생)",100~199만원,아니오,          ,연립주택/ 다세대/ 빌라,대구,남구,대명동,LG,KT,자전거,자전거,MTB,알톤쉐보레 CMJR 초등학생 MTB 자전거/24인치/22인치/샌드스톤24,http://www.11st.co.kr/product/SellerProductDetail.tmall?method=getSellerProductDetail&prdNo=1288847294
D***0,201904**,M,2,"관리직 (사장, 간부, 고위공무원)",400~499만원,아니오,          ,아파트/ 주상복합,인천,부평구,산곡3동,애플,SKT,레저/자동차,자전거/용품,자전거의류/잡화,GIROJAG 반장갑/지로 장갑/땀흡수/통기성/4웨이 신축성/충격흡수패딩/자전거장갑/지로장갑/자전거용품,http://www.11st.co.kr/product/SellerProductDetail.tmall?method=getSellerProductDetail&prdNo=1274875036
D***,201904**,F,3,"사무직 (일반사무직, 공무원, 직업군인)",200~299만원,      ,          ,아파트/ 주상복합,인천,남동구,구월2동,삼성,SKT,자전거,튜닝용품,후미등,자전거후미등2구 실리콘 후미등 LED비상등 안전등 야간 라이딩 유모차 오토바이 3가지 모드,http://www.11st.co.kr/product/SellerProductDetail.tmall?method=getSellerProductDetail&prdNo=1253472408
D***,201904**,F,2,"사무직 (일반사무직, 공무원, 직업군인)","1,000만원 이상",아니오,          ,아파트/ 주상복합,서울,노원구,공릉2동,애플,KT,자전거,자전거부품,페달,"토클립세트 (1쌍. 가죽밴드, 볼트 포함) Toe Clip Set 대만생산품. 픽시 클래식 로드 등 자전거 부품 용품",http://www.11st.co.kr/product/SellerProductDetail.tmall?method=getSellerProductDetail&prdNo=1114857336
D***,201904**,M,3,"사무직 (일반사무직, 공무원, 직업군인)",200~299만원,      ,          ,아파트/ 주상복합,경기,광명시,철산2동,삼성,SKT,레저/자동차,자전거/용품,자전거액세서리,"자전거커버,바이크린,자전거,자전거용품,싸이클",http://www.11st.co.kr/product/SellerProductDetail.tmall?method=getSellerProductDetail&prdNo=1170093481
D***5,201904**,M,5,"사무직 (일반사무직, 공무원, 직업군인)",200~299만원,      ,          ,아파트/ 주상복합,서울,서초구,서초4동,삼성,SKT,자전거/보드,자전거타이어/부품,자전거튜브,[흥아]흥아 700C x 23/25C 프레스타 40mm 자전거튜브 로드,http://item.gmarket.co.kr/Item?goodscode=1287219517
D***0,201904**,M,2,무직,200~299만원,아니오,          ,연립주택/ 다세대/ 빌라,서울,종로구,부암동,LG,SKT,자전거,자전거신발/고글/헬멧,헬멧,어반헬멧/GIRO 쿼터 다임 딤/BELL 세그먼트/자전거,http://www.11st.co.kr/product/SellerProductDetail.tmall?method=getSellerProductDetail&prdNo=1244123994
D***4,201904**,M,4,"사무직 (일반사무직, 공무원, 직업군인)",200~299만원,      ,          ,아파트/ 주상복합,인천,서구,경서동,삼성,SKT,레저/자동차,자전거/용품,자전거액세서리,블랙울프KR-C8 L2 밝은 자전거라이트 전조등 손전등,http://www.11st.co.kr/product/SellerProductDetail.tmall?method=getSellerProductDetail&prdNo=1091472722
D***4,201904**,M,4,"사무직 (일반사무직, 공무원, 직업군인)",200~299만원,      ,          ,아파트/ 주상복합,인천,서구,경서동,삼성,SKT,레저/자동차,자전거/용품,자전거,[삼천리자전거][삼천리]여성용 클래식 자전거 라니아 22인치,http://www.lotteimall.com/goods/viewGoodsDetail.lotte?goods_no=1203462725
D***9,201904**,M,4,"주부 (전업주부, 파트타임 근무 주부)",300~399만원,예    ,자녀 있음 ,단독주택,대구,북구,읍내동,삼성,SKT,자전거,튜닝용품,전시스탠드,[학성스포츠]아동용16/18/20인치 자전거스탠드/보조바퀴떼어내고 두발자전거전환시사용,http://www.11st.co.kr/product/SellerProductDetail.tmall?method=getSellerProductDetail&prdNo=1226615595
D***3,201904**,F,3,"전문직 (의사, 판검사, 예술가, 종교인)",400~499만원,예    ,자녀 없음 ,아파트/ 주상복합,부산,북구,금곡동,애플,KT,자전거,자전거,MTB,삼천리자전거팀60D MTB자전거 24단 알루미늄자전거,http://www.11st.co.kr/product/SellerProductDetail.tmall?method=getSellerProductDetail&prdNo=1230896068
D***9,201904**,M,2,"학생 (초중고학생, 대학생, 대학원생)","1,000만원 이상",아니오,          ,아파트/ 주상복합,서울,영등포구,양평동3가,LG,KT,레저/자동차,자전거/용품,자전거타이어/부품,삼천리알루미늄 핸드펌프  - 자전거 다용도 튜브 펌프 공기주입기,http://www.11st.co.kr/product/SellerProductDetail.tmall?method=getSellerProductDetail&prdNo=1218187968
D***8,201904**,F,4,"서비스직 (요식업, 숙박업, 미용실종업원)",100~199만원,예    ,자녀 있음 ,단독주택,전남,목포시,용당1동,삼성,KT,자전거/보드,자전거신발/페달,자전거페달,자전거보조발판(소/중)자전거발받침/발판 알루미늄,http://item.gmarket.co.kr/Item?goodscode=1155657749
D***,201904**,M,4,"사무직 (일반사무직, 공무원, 직업군인)",200~299만원,      ,          ,아파트/ 주상복합,경기,고양시 일산동구,장항동,삼성,SKT,캠핑/골프/헬스/자전거,자전거의류/용품,공용상의,[MCN]윈드베스트 MSV-16 블랙/자전거조끼,http://www.hnsmall.com/display/goods.do?goods_code=12602302
D***,201904**,M,4,"사무직 (일반사무직, 공무원, 직업군인)",500~599만원,예    ,자녀 있음 ,아파트/ 주상복합,경기,의정부시,신곡1동,삼성,SKT,레저/자동차,자전거/용품,자전거액세서리,[VELO]VL3147전립선안장 - MTB 로드 싸이클 자전거 전립선 벨로 쿠션안장,http://www.11st.co.kr/product/SellerProductDetail.tmall?method=getSellerProductDetail&prdNo=1099006895
D***,201904**,F,5,"사무직 (일반사무직, 공무원, 직업군인)",200~299만원,      ,          ,아파트/ 주상복합,서울,노원구,하계2동,삼성,SKT,자전거,자전거부품,안장,[참좋은바이크]삼천리아동용안장모음/하이킥/프린세스/키즈바이크/디즈니/유아동/어린이/푹신한안장,http://www.11st.co.kr/product/SellerProductDetail.tmall?method=getSellerProductDetail&prdNo=1205141789
D***,201904**,F,2,"사무직 (일반사무직, 공무원, 직업군인)",200~299만원,      ,          ,아파트/ 주상복합,서울,강남구,대치2동,삼성,SKT,레저/자동차,자전거/용품,자전거의류/잡화,쿨마스크멀티스카프 자외선차단마스크 자전거마스크,http://www.11st.co.kr/product/SellerProductDetail.tmall?method=getSellerProductDetail&prdNo=1042041108
D***,201904**,M,5,"사무직 (일반사무직, 공무원, 직업군인)",200~299만원,      ,          ,아파트/ 주상복합,충북,청주시 상당구,용암2동,삼성,SKT,자전거,튜닝용품,흙받이,자전거흙받이/짐받이가방/강철크롬짐받이/받침대/보조안장/쇼바형짐받이/자전거용품,http://www.11st.co.kr/product/SellerProductDetail.tmall?method=getSellerProductDetail&prdNo=1081764401
D***,201904**,F,5,"사무직 (일반사무직, 공무원, 직업군인)",200~299만원,      ,          ,아파트/ 주상복합,서울,송파구,풍납동,삼성,SKT,자전거,자전거부품,튜브,[FNS]즈와유무시고무 없는 던롭밸브 세트/던롭튜브,http://www.11st.co.kr/product/SellerProductDetail.tmall?method=getSellerProductDetail&prdNo=1217450472
D***,201904**,F,4,"사무직 (일반사무직, 공무원, 직업군인)",200~299만원,      ,          ,아파트/ 주상복합,서울,양천구,신월3동,삼성,SKT,자전거,자전거관리용품,튜브벨브/어댑터/노즐,호비던롭밸브셋트 무시고무 공기 주입을 하여도 바람이 샐경우 교체,http://www.11st.co.kr/product/SellerProductDetail.tmall?method=getSellerProductDetail&prdNo=1244185249
D***,201904**,F,5,"사무직 (일반사무직, 공무원, 직업군인)",200~299만원,      ,          ,아파트/ 주상복합,경기,의정부시,신곡2동,삼성,SKT,캠핑/골프/헬스/자전거,자전거의류/용품,기타용품,발목밴드,http://www.hnsmall.com/display/goods.do?goods_code=11522932
D***4,201904**,M,3,"관리직 (사장, 간부, 고위공무원)",300~399만원,예    ,자녀 있음 ,아파트/ 주상복합,경기,평택시,이충동,삼성,SKT,레저/자동차,자전거/용품,자전거액세서리,자전거비밀번호 자물쇠 (소)  No75,http://item.gmarket.co.kr/Item?goodscode=1235749090
D***7,201904**,M,5,"사무직 (일반사무직, 공무원, 직업군인)",600~699만원,예    ,자녀 있음 ,연립주택/ 다세대/ 빌라,경기,성남시 분당구,이매동,삼성,SKT,자전거/보드,자전거라이트,라이트거치대,페어맨만능 18650충전기 FLIC-210 자전거라이트 2구,http://item.gmarket.co.kr/Item?goodscode=1237810051
D***9,201904**,F,2,"사무직 (일반사무직, 공무원, 직업군인)",200~299만원,      ,          ,아파트/ 주상복합,서울,강남구,논현동,삼성,SKT,레저/자동차,자전거/용품,자전거의류/잡화,[PUMA]푸마 여성 기모 티셔츠 3종세트 NFYKFG01,http://www.hnsmall.com/display/goods.do?goods_code=12835184
D***,201904**,F,5,"사무직 (일반사무직, 공무원, 직업군인)",200~299만원,      ,          ,아파트/ 주상복합,전북,전주시 완산구,삼천동1가,삼성,SKT,자전거,자전거,사이클,[HK]예거메티1디스크 로드자전거 카본포크 소라,http://www.11st.co.kr/product/SellerProductDetail.tmall?method=getSellerProductDetail&prdNo=1075538001
D***,201904**,M,3,"전문직 (의사, 판검사, 예술가, 종교인)",700~799만원,아니오,          ,아파트/ 주상복합,서울,구로구,구로1동,LG,SKT,캠핑/골프/헬스/자전거,자전거의류/용품,신발,뉴발란스CRT300 스니커즈 운동화 (CRT300CA),http://www.hnsmall.com/display/goods.do?goods_code=12922166
D***,201904**,F,4,"사무직 (일반사무직, 공무원, 직업군인)",200~299만원,      ,          ,아파트/ 주상복합,서울,강동구,성내동,삼성,SKT,레저/자동차,자전거/용품,자전거의류/잡화,"하이맥스매쉬 긴장갑 -  봄,여름,가을 장갑",http://www.11st.co.kr/product/SellerProductDetail.tmall?method=getSellerProductDetail&prdNo=1210492663
D***,201904**,F,2,"사무직 (일반사무직, 공무원, 직업군인)",200~299만원,      ,          ,아파트/ 주상복합,대전,서구,괴정동,삼성,SKT,자전거,자전거신발/고글/헬멧,보호대,일본코미네09-021 오토바이 핸들워머 빅스쿠터 전동 킥보드 토시 퀵보드 토시 장갑 겨울 방한용품,http://www.11st.co.kr/product/SellerProductDetail.tmall?method=getSellerProductDetail&prdNo=107138111
D***,201904**,M,4,"사무직 (일반사무직, 공무원, 직업군인)",200~299만원,      ,          ,아파트/ 주상복합,경기,파주시,광탄면,삼성,SKT,레저/자동차,자전거/용품,자전거액세서리,자전거유아안장전방유아안장 아동보조안장,http://www.11st.co.kr/product/SellerProductDetail.tmall?method=getSellerProductDetail&prdNo=124145685
D***,201904**,F,5,"사무직 (일반사무직, 공무원, 직업군인)",200~299만원,      ,          ,아파트/ 주상복합,서울,성북구,장위2동,삼성,SKT,자전거/보드,일반자전거,외발/삼륜/2인용,절대터지지않는알로이 컨츄리 성인 세발자전거 삼륜,http://item.gmarket.co.kr/Item?goodscode=1201833484
D***,201904**,F,2,"사무직 (일반사무직, 공무원, 직업군인)",200~299만원,      ,          ,아파트/ 주상복합,광주,서구,풍암동,삼성,SKT,자전거,자전거,MTB,"[삼천리]미키마우스 미키키즈14,16,18형 아동 자전거",http://www.11st.co.kr/product/SellerProductDetail.tmall?method=getSellerProductDetail&prdNo=1248195280
D***4,201904**,F,2,"사무직 (일반사무직, 공무원, 직업군인)",200~299만원,      ,          ,아파트/ 주상복합,부산,금정구,부곡동,삼성,SKT,자전거/보드,자전거장갑/잡화,자전거장갑,아쿠아메이드자전거 반장갑 바이크 헬스 등산 장갑,http://item.gmarket.co.kr/Item?goodscode=1118054793
D***5,201904**,F,5,"주부 (전업주부, 파트타임 근무 주부)",700~799만원,예    ,자녀 있음 ,아파트/ 주상복합,부산,해운대구,우1동,LG,SKT,자전거/보드,일반자전거,픽시자전거,벤데타벨루가 700C 알로이 에어로 프레임 픽시자전거,http://item.gmarket.co.kr/Item?goodscode=1219375759
D***2,201904**,M,3,"사무직 (일반사무직, 공무원, 직업군인)",200~299만원,      ,          ,아파트/ 주상복합,인천,서구,석남3동,삼성,SKT,레저/자동차,자전거/용품,자전거액세서리,(자전거용품.부품모음)자물쇠라이트펌프바구니짐받이안장가방헬멧보호대후미등페달보조바퀴벨전조등거치대,http://www.11st.co.kr/product/SellerProductDetail.tmall?method=getSellerProductDetail&prdNo=1258567584
D***8,201904**,F,4,"주부 (전업주부, 파트타임 근무 주부)",400~499만원,예    ,자녀 있음 ,연립주택/ 다세대/ 빌라,경기,안산시 상록구,사1동,삼성,SKT,자전거,튜닝용품,전시스탠드,포인트배너실외용거치대 양면겸용 홍보 이벤트,http://www.11st.co.kr/product/SellerProductDetail.tmall?method=getSellerProductDetail&prdNo=1236804619
D***5,201904**,M,5,"자영업 (도소매업, 숙박업, 미용업)",300~399만원,예    ,자녀 있음 ,아파트/ 주상복합,인천,남동구,논현동,삼성,LG U+,자전거,자전거관리용품,에어펌프(발펌프),국산삼흥 발펌프 공기주입기 손펌프 에어펌프 자전거,http://www.11st.co.kr/product/SellerProductDetail.tmall?method=getSellerProductDetail&prdNo=1105695651
D***2,201904**,F,4,"사무직 (일반사무직, 공무원, 직업군인)",800~899만원,예    ,자녀 있음 ,아파트/ 주상복합,울산,울주군,범서읍,삼성,SKT,레저/자동차,자전거/용품,헬멧/보호장비,"Giro헬멧/Quarter 쿼터, 어번/더트 (6색상)",http://www.11st.co.kr/product/SellerProductDetail.tmall?method=getSellerProductDetail&prdNo=1230444459
D***1,201904**,M,5,"사무직 (일반사무직, 공무원, 직업군인)",200~299만원,      ,          ,아파트/ 주상복합,전남,광양시,광양읍,삼성,SKT,자전거,자전거관리용품,에어펌프(발펌프),국산삼흥 발펌프 공기주입기 손펌프 에어펌프 자전거펌프 공 오토바이 바이크 휴대용 쌍발펌프 튜브 스포,http://www.11st.co.kr/product/SellerProductDetail.tmall?method=getSellerProductDetail&prdNo=1105695651
D***3,201904**,F,4,"주부 (전업주부, 파트타임 근무 주부)",500~599만원,예    ,자녀 있음 ,기타 ,광주,광산구,황룡동,삼성,LG U+,자전거,자전거신발/고글/헬멧,장갑,[MTB자전거장갑]라이딩장갑/여름장갑/반장갑,http://www.11st.co.kr/product/SellerProductDetail.tmall?method=getSellerProductDetail&prdNo=1274156192
D***8,201904**,F,3,"주부 (전업주부, 파트타임 근무 주부)",300~399만원,예    ,자녀 없음 ,아파트/ 주상복합,경기,수원시 팔달구,화서1동,애플,LG U+,레저/자동차,자전거/용품,자전거액세서리,[VELO]VL3147전립선안장 - MTB 로드 싸이클 자전거 전립선 벨로 쿠션안장,http://www.11st.co.kr/product/SellerProductDetail.tmall?method=getSellerProductDetail&prdNo=1099006895
D***1,201904**,F,5,"주부 (전업주부, 파트타임 근무 주부)",500~599만원,예    ,자녀 있음 ,아파트/ 주상복합,경기,평택시,비전동,삼성,LG U+,자전거/보드,자전거타이어/부품,자전거타이어,자전거휠라이트 반사 스트로우 바퀴 야간 안전 야광,http://item.gmarket.co.kr/Item?goodscode=1184423428
D***,201904**,M,2,"학생 (초중고학생, 대학생, 대학원생)","1,000만원 이상",아니오,          ,아파트/ 주상복합,경기,광명시,철산4동,기타,알뜰폰(MVNO),자전거,자전거신발/고글/헬멧,헬멧,[HJC]X5(EVO)블랙스카이 / 자전거 헬멧 / 240g대 초,http://www.11st.co.kr/product/SellerProductDetail.tmall?method=getSellerProductDetail&prdNo=1040086015
D***,201904**,M,2,"사무직 (일반사무직, 공무원, 직업군인)",200~299만원,      ,          ,아파트/ 주상복합,서울,성북구,안암동2가,삼성,SKT,자전거/보드,일반자전거,외발/삼륜/2인용,[자이덴]지오닉스 나누미 에코 성인용 세발 트라이 삼륜자전거,http://item.gmarket.co.kr/Item?goodscode=1292909571
D***,201904**,M,2,"사무직 (일반사무직, 공무원, 직업군인)",200~299만원,      ,          ,아파트/ 주상복합,서울,영등포구,문래동6가,삼성,SKT,자전거,자전거관리용품,펑크패치,구멍패치/번개표/자전거보수/타이어보수/빵꾸딱지/빵구패치/자전거정비/땜질/공구장터,http://www.11st.co.kr/product/SellerProductDetail.tmall?method=getSellerProductDetail&prdNo=1046577201
D***4,201904**,M,4,"기능직 (자동차정비, 운전기사, 안경사, 택시기사)",300~399만원,예    ,자녀 있음 ,아파트/ 주상복합,전남,장성군,장성읍,삼성,SKT,레저/자동차,자전거/용품,자전거,[스마트]삼천리/스마트 접이식자전거 미니벨로 4종,http://item.gmarket.co.kr/Item?goodscode=1278067146
D***3,201904**,M,2,"사무직 (일반사무직, 공무원, 직업군인)",200~299만원,      ,          ,아파트/ 주상복합,대구,달서구,용산1동,삼성,SKT,자전거,자전거신발/고글/헬멧,보호대,나스카썬블럭 쿨토시/네이비/팔토시/자외선차단/스포츠/골프/등산/자전거/테니스/암슬리브/운전,http://www.11st.co.kr/product/SellerProductDetail.tmall?method=getSellerProductDetail&prdNo=1274967893
D***2,201904**,F,5,"사무직 (일반사무직, 공무원, 직업군인)",200~299만원,      ,          ,아파트/ 주상복합,서울,강동구,강일동,삼성,SKT,레저/자동차,자전거/용품,자전거,[스마트자전거]반티아고G21 하이브리드자전거 21단 클래식 2018년,http://www.lotteimall.com/goods/viewGoodsDetail.lotte?goods_no=1203110269
D***3,201904**,F,4,"주부 (전업주부, 파트타임 근무 주부)",500~599만원,예    ,자녀 있음 ,기타 ,광주,광산구,황룡동,삼성,LG U+,레저/자동차,자전거/용품,자전거액세서리,[고바이크]자전거짐받이특대바구니/플록스천바구니/짐바구니/고정식바구니/장착용바구니/자전거악세사리,http://www.11st.co.kr/product/SellerProductDetail.tmall?method=getSellerProductDetail&prdNo=1273581622
D***0,201904**,M,4,무직,200~299만원,예    ,자녀 있음 ,아파트/ 주상복합,서울,광진구,구의3동,애플,KT,자전거/보드,자전거장갑/잡화,자전거장갑,아쿠아메이드자전거 반장갑 바이크 헬스 등산 장갑,http://item.gmarket.co.kr/Item?goodscode=1118054793
D***2,201904**,M,2,"서비스직 (요식업, 숙박업, 미용실종업원)",200~299만원,아니오,          ,오피스텔,충북,제천시,금성면,애플,KT,레저/자동차,자전거/용품,자전거의류/잡화,"휘너스/땀냄새,물빠짐없는선수용 기능성 스포츠 스판웨어 하의모음/속건+항균/언더레이어 챌린저5부",http://www.11st.co.kr/product/SellerProductDetail.tmall?method=getSellerProductDetail&prdNo=1280155662
D***8,201904**,M,3,"사무직 (일반사무직, 공무원, 직업군인)",200~299만원,      ,          ,아파트/ 주상복합,서울,노원구,상계6.7동,삼성,SKT,자전거,자전거신발/고글/헬멧,보호대,[성인보호대 세트] 에어워크 보호대 손목_무릎_팔꿈치,http://www.11st.co.kr/product/SellerProductDetail.tmall?method=getSellerProductDetail&prdNo=1112671449
D***,201904**,M,5,"사무직 (일반사무직, 공무원, 직업군인)",200~299만원,      ,          ,아파트/ 주상복합,서울,노원구,상계9동,삼성,SKT,자전거,자전거신발/고글/헬멧,헬멧,어반헬멧/GIRO 쿼터 다임 딤/BELL 세그먼트/자전거,http://www.11st.co.kr/product/SellerProductDetail.tmall?method=getSellerProductDetail&prdNo=1244123994
D***,201904**,M,4,"사무직 (일반사무직, 공무원, 직업군인)",400~499만원,예    ,자녀 있음 ,아파트/ 주상복합,경기,용인시 수지구,상현1동,삼성,KT,레저/자동차,자전거/용품,헬멧/보호장비,심플한도시형헬멧/빅이글 어반헬멧/자전거용품/인라인,http://www.11st.co.kr/product/SellerProductDetail.tmall?method=getSellerProductDetail&prdNo=1187901648
D***,201904**,M,3,"사무직 (일반사무직, 공무원, 직업군인)",200~299만원,      ,          ,아파트/ 주상복합,인천,남동구,논현동,삼성,SKT,자전거/보드,자전거신발/페달,자전거페달,자전거보조발판(소/중)자전거발받침/발판 알루미늄,http://item.gmarket.co.kr/Item?goodscode=1155657749
D***,201904**,M,5,"사무직 (일반사무직, 공무원, 직업군인)",200~299만원,      ,          ,아파트/ 주상복합,서울,노원구,공릉2동,삼성,SKT,유아동,유아동완구/교구,승용완구,ZOKO조코유아동 체인자전거9종(3세~7세사용)+컵홀더,http://item.gmarket.co.kr/Item?goodscode=1109676457
D***8,201904**,M,3,"사무직 (일반사무직, 공무원, 직업군인)",200~299만원,      ,          ,아파트/ 주상복합,서울,강북구,미아동,삼성,SKT,레저/자동차,자전거/용품,자전거,뉴도미니크24/렌즈/갤럽등 초등학생 하이브리드 모음,http://www.11st.co.kr/product/SellerProductDetail.tmall?method=getSellerProductDetail&prdNo=1154104823
D***4,201904**,F,2,"사무직 (일반사무직, 공무원, 직업군인)",200~299만원,      ,          ,아파트/ 주상복합,전남,목포시,하당동,삼성,SKT,레저/자동차,자전거/용품,자전거액세서리,완전사2017년 신형 KSM400-3 SE 연납축전지 12V/,http://www.11st.co.kr/product/SellerProductDetail.tmall?method=getSellerProductDetail&prdNo=1150653630
D***6,201904**,M,3,"전문직 (의사, 판검사, 예술가, 종교인)",100~199만원,아니오,          ,연립주택/ 다세대/ 빌라,부산,남구,대연5동,삼성,KT,자전거,자전거신발/고글/헬멧,보호대,[AQUA-X/국산]발렌티노무봉제 쿨토시/아쿠아엑스,http://www.11st.co.kr/product/SellerProductDetail.tmall?method=getSellerProductDetail&prdNo=1261126293
D***6,201904**,F,4,"사무직 (일반사무직, 공무원, 직업군인)",200~299만원,      ,          ,아파트/ 주상복합,대구,북구,복현동,삼성,SKT,레저/자동차,자전거/용품,자전거의류/잡화,[PUMA]푸마 여성 기모 티셔츠 3종세트 NFYKFG01,http://www.hnsmall.com/display/goods.do?goods_code=12835184
D***5,201904**,M,2,"생산/노무직 (생산감독, 경비원, 공장근로자)",900~999만원,아니오,          ,아파트/ 주상복합,경기,군포시,광정동,삼성,KT,캠핑/골프/헬스/자전거,자전거의류/용품,신발,뉴발란스운동화 774 NEWBALANCE 774 (M774BK3),http://www.hnsmall.com/display/goods.do?goods_code=11979566
D***7,201904**,M,3,"생산/노무직 (생산감독, 경비원, 공장근로자)",200~299만원,아니오,          ,연립주택/ 다세대/ 빌라,경북,구미시,구평동,삼성,알뜰폰(MVNO),자전거/보드,로드자전거,알루미늄자전거,2017알톤 벨록스 CC 로드 사이클로크로스 자전거,http://item.gmarket.co.kr/Item?goodscode=1112776902
D***0,201904**,M,4,"자영업 (도소매업, 숙박업, 미용업)",100만원 미만,예    ,자녀 없음 ,아파트/ 주상복합,서울,영등포구,신길3동,삼성,SKT,자전거,자전거관리용품,에어펌프(발펌프),자전거펌프/미니펌프/공기주입기/자전거용품,http://www.11st.co.kr/product/SellerProductDetail.tmall?method=getSellerProductDetail&prdNo=12932277
D***,201904**,F,2,"사무직 (일반사무직, 공무원, 직업군인)",200~299만원,      ,          ,아파트/ 주상복합,경기,성남시 분당구,구미동,삼성,SKT,자전거,자전거관리용품,에어펌프(발펌프),자전거펌프/미니펌프/공기주입기/자전거용품,http://www.11st.co.kr/product/SellerProductDetail.tmall?method=getSellerProductDetail&prdNo=12932277
D***,201904**,F,4,"사무직 (일반사무직, 공무원, 직업군인)",200~299만원,      ,          ,아파트/ 주상복합,경기,광주시,경안동,삼성,SKT,레저/자동차,자전거/용품,자전거,[스마트자전거]반티아고G21 하이브리드자전거 21단 클래식 2018년,http://www.lotteimall.com/goods/viewGoodsDetail.lotte?goods_no=1203110269
D***,201904**,M,5,"사무직 (일반사무직, 공무원, 직업군인)",200~299만원,      ,          ,아파트/ 주상복합,서울,금천구,가산동,삼성,SKT,레저/자동차,자전거/용품,헬멧/보호장비,자전거어반헬멧 어린이헬멧 인라인 헬맷 킥보드헬멧,http://www.11st.co.kr/product/SellerProductDetail.tmall?method=getSellerProductDetail&prdNo=1253467301
D***,201904**,M,2,"사무직 (일반사무직, 공무원, 직업군인)",200~299만원,      ,          ,아파트/ 주상복합,부산,사상구,주례동,삼성,SKT,레저/자동차,자전거/용품,자전거액세서리,스나이퍼코리아블랙울프 18650배터리 충전기모음,http://www.11st.co.kr/product/SellerProductDetail.tmall?method=getSellerProductDetail&prdNo=1272010256
D***6,201904**,F,4,"사무직 (일반사무직, 공무원, 직업군인)",200~299만원,      ,          ,아파트/ 주상복합,대전,중구,문화1동,삼성,SKT,자전거,자전거관리용품,펑크패치,호비번개표 펑크패치 타이어수리 타이어레버 빵구,http://www.11st.co.kr/product/SellerProductDetail.tmall?method=getSellerProductDetail&prdNo=12271947
D***4,201904**,F,4,"주부 (전업주부, 파트타임 근무 주부)",300~399만원,예    ,자녀 있음 ,기타 ,경북,포항시 북구,죽도동,삼성,SKT,레저/자동차,자전거/용품,자전거,사은품증정[삼천리자전거]아이비/어린이자전거/아동용,http://www.11st.co.kr/product/SellerProductDetail.tmall?method=getSellerProductDetail&prdNo=1079264363
D***6,201904**,M,5,"서비스직 (요식업, 숙박업, 미용실종업원)",500~599만원,예    ,자녀 있음 ,아파트/ 주상복합,서울,도봉구,방학1동,LG,LG U+,자전거/보드,일반자전거,픽시자전거,벤데타벨루가 700C 알로이 에어로 프레임 픽시자전거,http://item.gmarket.co.kr/Item?goodscode=1219375759
D***7,201904**,M,4,"전문직 (의사, 판검사, 예술가, 종교인)",400~499만원,아니오,          ,아파트/ 주상복합,서울,강서구,화곡3동,LG,KT,레저/자동차,자전거/용품,자전거액세서리,SCHWALBE슈발베 타이어레버 3개한세트 타이어교체 / 튜블러 시멘트/리무버/이지핏 악세사리,http://www.11st.co.kr/product/SellerProductDetail.tmall?method=getSellerProductDetail&prdNo=1263501442
D***9,201904**,M,3,"생산/노무직 (생산감독, 경비원, 공장근로자)",200~299만원,아니오,          ,아파트/ 주상복합,서울,영등포구,신길7동,삼성,알뜰폰(MVNO),레저/자동차,자전거/용품,자전거,알톤베네통BKS18/16 어린이자전거 삼천리 아동자전거,http://www.11st.co.kr/product/SellerProductDetail.tmall?method=getSellerProductDetail&prdNo=1215156477
D***5,201904**,M,4,"사무직 (일반사무직, 공무원, 직업군인)",400~499만원,예    ,자녀 있음 ,연립주택/ 다세대/ 빌라,경기,의왕시,삼동,기타,SKT,자전거/보드,자전거라이트,자전거라이트/전조등,지바코76L 폴딩 립스탑 멀티 백 캠핑가방 수납가방,http://item.gmarket.co.kr/Item?goodscode=1111364071
D***6,201904**,F,3,"사무직 (일반사무직, 공무원, 직업군인)","1,000만원 이상",아니오,          ,단독주택,서울,광진구,화양동,삼성,SKT,자전거/보드,자전거액세서리,자전거스마트폰거치대,4방향완벽고정 자전거 스마트폰 거치대 (블랙),http://item.gmarket.co.kr/Item?goodscode=1235492029
D***0,201904**,M,3,"서비스직 (요식업, 숙박업, 미용실종업원)",100만원 미만,아니오,          ,연립주택/ 다세대/ 빌라,충북,음성군,대소면,삼성,SKT,레저/자동차,자전거/용품,자전거,스타카토에스코트 7단 접이식 자전거 바구니 포함,http://www.11st.co.kr/product/SellerProductDetail.tmall?method=getSellerProductDetail&prdNo=1216359097
D***5,201904**,F,5,"교직 (교사, 유치원교사, 학원강사)",400~499만원,예    ,자녀 있음 ,아파트/ 주상복합,부산,북구,만덕1동,삼성,KT,레저/자동차,자전거/용품,자전거액세서리,"자전거커버,바이크린,자전거,자전거용품,싸이클",http://www.11st.co.kr/product/SellerProductDetail.tmall?method=getSellerProductDetail&prdNo=1170093481
D***9,201904**,M,3,"사무직 (일반사무직, 공무원, 직업군인)",400~499만원,예    ,자녀 있음 ,아파트/ 주상복합,인천,부평구,삼산1동,삼성,알뜰폰(MVNO),자전거,튜닝용품,흙받이,자전거흙받이/짐받이가방/강철크롬짐받이/받침대/보조안장/쇼바형짐받이/자전거용품,http://www.11st.co.kr/product/SellerProductDetail.tmall?method=getSellerProductDetail&prdNo=1081764401
D***,201904**,F,2,"학생 (초중고학생, 대학생, 대학원생)",200~299만원,아니오,          ,오피스텔,전남,무안군,삼향면,삼성,SKT,자전거,자전거관리용품,에어펌프(발펌프),발펌프/튜브/휴대용/쌍발/자전거/공기주입기/에어펌프/타이어공기/축구공/농구공/바람넣기/외발/강력발펌프,http://www.11st.co.kr/product/SellerProductDetail.tmall?method=getSellerProductDetail&prdNo=1091662162
D***,201904**,M,2,"사무직 (일반사무직, 공무원, 직업군인)",200~299만원,      ,          ,아파트/ 주상복합,부산,기장군,장안읍,삼성,SKT,레저/자동차,자전거/용품,자전거의류/잡화,[PUMA]푸마 여성 기모 티셔츠 3종세트 NFYKFG01,http://www.hnsmall.com/display/goods.do?goods_code=12835184
D***,201904**,M,4,"사무직 (일반사무직, 공무원, 직업군인)",200~299만원,      ,          ,아파트/ 주상복합,경기,안성시,대덕면,삼성,SKT,자전거,튜닝용품,전시스탠드,[내가만든자전거](ICETOOLZ) 아이스툴즈 P633 벽면형 자전거 거치대/벽면고정볼트포함,http://www.11st.co.kr/product/SellerProductDetail.tmall?method=getSellerProductDetail&prdNo=1231501156
D***2,201904**,M,4,"사무직 (일반사무직, 공무원, 직업군인)",600~699만원,예    ,자녀 있음 ,아파트/ 주상복합,경기,안양시 동안구,비산동,삼성,SKT,자전거,자전거부품,튜브,[FNS]즈와유무시고무 없는 던롭밸브 세트/던롭튜브,http://www.11st.co.kr/product/SellerProductDetail.tmall?method=getSellerProductDetail&prdNo=1217450472
D***9,201904**,M,3,"사무직 (일반사무직, 공무원, 직업군인)",200~299만원,      ,          ,아파트/ 주상복합,서울,구로구,고척2동,삼성,SKT,자전거,자전거신발/고글/헬멧,보호대,킹카301 성인 보호대 팔꿈치 손목 무릎 남여공용,http://www.11st.co.kr/product/SellerProductDetail.tmall?method=getSellerProductDetail&prdNo=1083507717
D***8,201904**,M,5,"전문직 (의사, 판검사, 예술가, 종교인)",100만원 미만,예    ,자녀 없음 ,연립주택/ 다세대/ 빌라,전북,무주군,무주읍,삼성,SKT,자전거,자전거신발/고글/헬멧,헬멧,HJC홍진 R4 컬러선택가능블랙라인/홍진 크라운 헬멧,http://www.11st.co.kr/product/SellerProductDetail.tmall?method=getSellerProductDetail&prdNo=1229824538
D***0,201904**,M,3,"서비스직 (요식업, 숙박업, 미용실종업원)",300~399만원,예    ,자녀 있음 ,아파트/ 주상복합,서울,성동구,행당2동,삼성,SKT,자전거/보드,자전거헬멧,기타브랜드 헬멧,[삼천리자전거]미니마우스 헬멧보호대 세트 어린이 자전거 킥보드/ 삼천리자전거,http://item.gmarket.co.kr/Item?goodscode=1112014699
D***0,201904**,F,3,"교직 (교사, 유치원교사, 학원강사)",900~999만원,아니오,          ,아파트/ 주상복합,서울,영등포구,도림동,애플,KT,레저/자동차,자전거/용품,자전거,자전거공구셋트/5가지기능 스페너13mm 15mm 육각렌지4mm5mm6mm 부품 용품,http://www.11st.co.kr/product/SellerProductDetail.tmall?method=getSellerProductDetail&prdNo=1268973574
D***1,201904**,F,3,"전문직 (의사, 판검사, 예술가, 종교인)",100~199만원,아니오,          ,연립주택/ 다세대/ 빌라,서울,서초구,양재동,애플,SKT,자전거,튜닝용품,전시스탠드,토픽스텐드 DUAL TOUCH BIKE STAND 자전거거치대,http://www.11st.co.kr/product/SellerProductDetail.tmall?method=getSellerProductDetail&prdNo=1154312380
D***,201904**,M,3,"사무직 (일반사무직, 공무원, 직업군인)",200~299만원,      ,          ,아파트/ 주상복합,서울,동대문구,장안동,삼성,SKT,자전거/보드,자전거라이트,자전거라이트/전조등,몬스터라이트LG화학 18650 배터리 3050mAh,http://item.gmarket.co.kr/Item?goodscode=1280497915
D***,201904**,M,4,"사무직 (일반사무직, 공무원, 직업군인)",200~299만원,      ,          ,아파트/ 주상복합,경기,고양시 일산서구,일산3동,삼성,SKT,레저/자동차,자전거/용품,자전거의류/잡화,극세사기모 방한 넥워머 바라클라바 겨울 목토시 자전거 방한마스크 멀티스카프 털모자,http://www.11st.co.kr/product/SellerProductDetail.tmall?method=getSellerProductDetail&prdNo=1171528780
D***,201904**,M,3,"사무직 (일반사무직, 공무원, 직업군인)",200~299만원,      ,          ,아파트/ 주상복합,인천,부평구,부평동,삼성,SKT,자전거/보드,자전거라이트,라이트거치대,페어맨만능 18650충전기 FLIC-210 자전거라이트 2구,http://item.gmarket.co.kr/Item?goodscode=1237810051
D***,201904**,M,3,"사무직 (일반사무직, 공무원, 직업군인)",200~299만원,      ,          ,아파트/ 주상복합,경기,수원시 영통구,매탄2동,삼성,SKT,캠핑/골프/헬스/자전거,자전거의류/용품,신발,뉴발란스585 USA 스니커즈 운동화 (M585GR),http://www.hnsmall.com/display/goods.do?goods_code=12928736
D***,201904**,M,2,"사무직 (일반사무직, 공무원, 직업군인)",200~299만원,      ,          ,아파트/ 주상복합,전남,여수시,국동,삼성,SKT,자전거,자전거,MTB,앞뒤쇼바접이식 21단 26인치 입문 통학 출퇴근용 MTB,http://www.11st.co.kr/product/SellerProductDetail.tmall?method=getSellerProductDetail&prdNo=1082913347
D***,201904**,F,3,"사무직 (일반사무직, 공무원, 직업군인)",200~299만원,      ,          ,아파트/ 주상복합,경기,과천시,부림동,삼성,SKT,자전거/보드,자전거장갑/잡화,자전거장갑,[킹썰]스포츠/등산/자전거장갑/여름장갑/반장갑/선택0여름용,http://item.gmarket.co.kr/Item?goodscode=1284293661
D***,201904**,M,5,"사무직 (일반사무직, 공무원, 직업군인)",200~299만원,      ,          ,아파트/ 주상복합,서울,강남구,압구정동,삼성,SKT,레저/자동차,자전거/용품,자전거액세서리,AVVISO툴캡슐 자전거 거치대 공구함 케이스 툴부스,http://item.gmarket.co.kr/Item?goodscode=1129194351
D***,201904**,M,5,"사무직 (일반사무직, 공무원, 직업군인)",200~299만원,      ,          ,아파트/ 주상복합,서울,영등포구,대림2동,삼성,SKT,레저/자동차,자전거/용품,자전거액세서리,자전거휠 라이트 안전등  LED라이트 후미등,http://www.11st.co.kr/product/SellerProductDetail.tmall?method=getSellerProductDetail&prdNo=1076764951
D***7,201904**,F,3,"사무직 (일반사무직, 공무원, 직업군인)",300~399만원,예    ,자녀 있음 ,아파트/ 주상복합,경남,김해시,장유면,애플,SKT,레저/자동차,자전거/용품,자전거,[삼천리자전거]하로GS20 7단 접이식자전거  어린이/여성 폴딩자전거,http://item.gmarket.co.kr/Item?goodscode=1201466217
D***8,201904**,M,5,"전문직 (의사, 판검사, 예술가, 종교인)",100만원 미만,예    ,자녀 없음 ,연립주택/ 다세대/ 빌라,전북,무주군,무주읍,삼성,SKT,자전거,자전거신발/고글/헬멧,헬멧,2018GIRO 지로 QUARTER 쿼터 어반 자전거 헬멧 BMX,http://www.11st.co.kr/product/SellerProductDetail.tmall?method=getSellerProductDetail&prdNo=1246004626
D***5,201904**,F,2,"사무직 (일반사무직, 공무원, 직업군인)",200~299만원,      ,          ,아파트/ 주상복합,경기,군포시,금정동,삼성,SKT,자전거,자전거신발/고글/헬멧,보호대,2+2이벤트/네파정품/탑쿨/슬레진저 쿨토시 팔토시,http://www.11st.co.kr/product/SellerProductDetail.tmall?method=getSellerProductDetail&prdNo=1282680743
D***5,201904**,F,2,"사무직 (일반사무직, 공무원, 직업군인)",200~299만원,      ,          ,아파트/ 주상복합,경기,남양주시,퇴계원면,삼성,SKT,자전거,자전거신발/고글/헬멧,헬멧,[HJC]X5(EVO)블랙스카이 / 자전거 헬멧 / 240g대 초,http://www.11st.co.kr/product/SellerProductDetail.tmall?method=getSellerProductDetail&prdNo=1040086015
D***4,201904**,M,3,"생산/노무직 (생산감독, 경비원, 공장근로자)",500~599만원,예    ,자녀 있음 ,아파트/ 주상복합,서울,강북구,번3동,삼성,LG U+,레저/자동차,자전거/용품,자전거,자이덴라스카FX20 20인치 7단 접이식 자전거,http://www.11st.co.kr/product/SellerProductDetail.tmall?method=getSellerProductDetail&prdNo=1202758720
D***1,201904**,F,5,"사무직 (일반사무직, 공무원, 직업군인)",200~299만원,      ,          ,아파트/ 주상복합,충북,청주시 상당구,우암동,삼성,SKT,자전거,자전거신발/고글/헬멧,헬멧,코아브어반st 자전거 헬멧 성인용 용품 보드 인라인,http://www.11st.co.kr/product/SellerProductDetail.tmall?method=getSellerProductDetail&prdNo=1219634494
D***6,201904**,M,3,"사무직 (일반사무직, 공무원, 직업군인)","1,000만원 이상",아니오,          ,아파트/ 주상복합,서울,관악구,낙성대동,삼성,SKT,레저/자동차,자전거/용품,자전거의류/잡화,사은품증정나루 마스크 자전거 자외선차단 등산 골프 바라클라바 버프 겨울 방한 넥워머 복면  오토바이,http://www.11st.co.kr/product/SellerProductDetail.tmall?method=getSellerProductDetail&prdNo=1070268365
D***6,201904**,M,4,"기능직 (자동차정비, 운전기사, 안경사, 택시기사)",300~399만원,아니오,          ,단독주택,경기,평택시,비전2동,LG,알뜰폰(MVNO),자전거,자전거신발/고글/헬멧,헬멧,[HJC]X5(EVO)블랙스카이 / 자전거 헬멧 / 240g대 초,http://www.11st.co.kr/product/SellerProductDetail.tmall?method=getSellerProductDetail&prdNo=1040086015
D***3,201904**,M,3,"전문직 (의사, 판검사, 예술가, 종교인)",500~599만원,예    ,자녀 없음 ,아파트/ 주상복합,인천,남구,용현동,삼성,SKT,레저/자동차,자전거/용품,자전거액세서리,18650AA AAA 충전지 배터리 충전기 i4 D2 i2 UM20,http://www.11st.co.kr/product/SellerProductDetail.tmall?method=getSellerProductDetail&prdNo=1181473940
D***4,201904**,M,4,"전문직 (의사, 판검사, 예술가, 종교인)",300~399만원,예    ,자녀 없음 ,연립주택/ 다세대/ 빌라,서울,서대문구,홍은동,삼성,LG U+,레저/자동차,자전거/용품,자전거액세서리,"매그닉라이트/전조등,후미등싱글판매/충전필요없는 독일특허 비접촉 자전거라이트/자전거용품/무료배송",http://www.11st.co.kr/product/SellerProductDetail.tmall?method=getSellerProductDetail&prdNo=1242176076
D***5,201904**,F,3,"서비스직 (요식업, 숙박업, 미용실종업원)",500~599만원,아니오,          ,아파트/ 주상복합,서울,광진구,광장동,애플,KT,자전거,자전거신발/고글/헬멧,보호대,(가온들)나스카/쿨토시/기능성팔토시/스포츠골프토시,http://www.11st.co.kr/product/SellerProductDetail.tmall?method=getSellerProductDetail&prdNo=11387459
D***8,201904**,M,3,"판매직 (상점점원, 보험설계사, 노점상)","1,000만원 이상",아니오,          ,아파트/ 주상복합,서울,광진구,구의2동,삼성,SKT,레저/자동차,자전거/용품,자전거,[삼천리자전거][삼천리]여성용 클래식 자전거 라니아 22인치,http://www.lotteimall.com/goods/viewGoodsDetail.lotte?goods_no=1203462725
D***,201904**,M,5,"사무직 (일반사무직, 공무원, 직업군인)",200~299만원,      ,          ,아파트/ 주상복합,전북,전주시 완산구,효자동2가,삼성,SKT,레저/자동차,자전거/용품,헬멧/보호장비,심플한도시형헬멧/빅이글 어반헬멧/자전거용품/인라인,http://www.11st.co.kr/product/SellerProductDetail.tmall?method=getSellerProductDetail&prdNo=1187901648
D***,201904**,M,4,"사무직 (일반사무직, 공무원, 직업군인)",400~499만원,예    ,자녀 있음 ,아파트/ 주상복합,경기,화성시,동탄면,애플,SKT,레저/자동차,자전거/용품,자전거,[삼천리]접이자전거비타민24 24형 7단 미니벨로 폴딩,http://www.11st.co.kr/product/SellerProductDetail.tmall?method=getSellerProductDetail&prdNo=1208645013
D***,201904**,F,3,"사무직 (일반사무직, 공무원, 직업군인)",200~299만원,      ,          ,아파트/ 주상복합,인천,서구,마전동,삼성,SKT,자전거/보드,자전거타이어/부품,자전거튜브,[흥아]흥아 700C x 23/25C 프레스타 80mm 자전거튜브 로드,http://item.gmarket.co.kr/Item?goodscode=1287261891
D***,201904**,M,5,"관리직 (사장, 간부, 고위공무원)","1,000만원 이상",예    ,자녀 있음 ,아파트/ 주상복합,서울,양천구,신정6동,삼성,KT,레저/자동차,자전거/용품,자전거,[삼천리]접이자전거비타민24 24형 7단 미니벨로 폴딩,http://www.11st.co.kr/product/SellerProductDetail.tmall?method=getSellerProductDetail&prdNo=1208645013
D***1,201904**,M,5,기타 ,500~599만원,예    ,자녀 있음 ,연립주택/ 다세대/ 빌라,대구,동구,신암1동,삼성,KT,자전거,자전거부품,안장,대만New 카본 시트포스트 (27.2/31.6mm) 풀카본 자전거 안장봉/초경량 싯포스트 (세미카),http://www.11st.co.kr/product/SellerProductDetail.tmall?method=getSellerProductDetail&prdNo=1015126992
D***4,201904**,M,2,"학생 (초중고학생, 대학생, 대학원생)",900~999만원,아니오,          ,연립주택/ 다세대/ 빌라,경기,안양시 동안구,호계2동,삼성,SKT,레저/자동차,자전거/용품,자전거액세서리,(자전거용품.부품모음)자물쇠라이트펌프바구니짐받이안장가방헬멧보호대후미등페달보조바퀴벨전조등거치대,http://www.11st.co.kr/product/SellerProductDetail.tmall?method=getSellerProductDetail&prdNo=1258567584
D***7,201904**,M,5,"사무직 (일반사무직, 공무원, 직업군인)",600~699만원,예    ,자녀 있음 ,연립주택/ 다세대/ 빌라,경기,성남시 분당구,이매동,삼성,SKT,레저/자동차,자전거/용품,자전거의류/잡화,DBIKE디빅 투라인 집게 후미등,http://item.gmarket.co.kr/Item?goodscode=1205206386
D***2,201904**,F,2,"사무직 (일반사무직, 공무원, 직업군인)",100~199만원,아니오,          ,연립주택/ 다세대/ 빌라,제주,제주시,삼도2동,삼성,SKT,레저/자동차,자전거/용품,자전거액세서리,[J]쿨시트 방석 오토바이 스쿠터 헬멧 용품,http://www.11st.co.kr/product/SellerProductDetail.tmall?method=getSellerProductDetail&prdNo=1082590066
D***3,201904**,F,3,"사무직 (일반사무직, 공무원, 직업군인)",500~599만원,예    ,자녀 없음 ,아파트/ 주상복합,서울,성북구,보문동6가,애플,KT,레저/자동차,자전거/용품,자전거의류/잡화,[8601416-SJ]예식장갑/민자/백색/(100EA)/코팅장갑/장갑/안전장갑,http://www.11st.co.kr/product/SellerProductDetail.tmall?method=getSellerProductDetail&prdNo=1063242610
D***9,201904**,M,3,"사무직 (일반사무직, 공무원, 직업군인)",200~299만원,      ,          ,아파트/ 주상복합,서울,은평구,대조동,삼성,SKT,자전거,튜닝용품,전시스탠드,"자전거스텐드거치대/16,18,20,22,24,26스탠드 받침대 보관대 접이식 자전거용품",http://www.11st.co.kr/product/SellerProductDetail.tmall?method=getSellerProductDetail&prdNo=12932139
D***,201904**,M,4,"사무직 (일반사무직, 공무원, 직업군인)",200~299만원,      ,          ,아파트/ 주상복합,부산,남구,문현3동,삼성,SKT,레저/자동차,자전거/용품,자전거,[스마트]삼천리/스마트/바이맥스 접이식자전거 미니벨로 4종,http://item.gmarket.co.kr/Item?goodscode=1278067146
D***,201904**,M,3,"사무직 (일반사무직, 공무원, 직업군인)",200~299만원,      ,          ,아파트/ 주상복합,경기,안양시 동안구,관양동,삼성,SKT,자전거,튜닝용품,트레일러,알톤키즈 트레일러/자전거/캐리어/손잡이/보조바퀴,http://www.11st.co.kr/product/SellerProductDetail.tmall?method=getSellerProductDetail&prdNo=1249445352
D***,201904**,F,4,"사무직 (일반사무직, 공무원, 직업군인)",200~299만원,      ,          ,아파트/ 주상복합,서울,구로구,개봉1동,삼성,SKT,캠핑/골프/헬스/자전거,자전거의류/용품,신발,뉴발란스운동화 774 NEWBALANCE 774 (M774BK3),http://www.hnsmall.com/display/goods.do?goods_code=11979566
D***,201904**,M,2,"사무직 (일반사무직, 공무원, 직업군인)",200~299만원,      ,          ,아파트/ 주상복합,서울,강서구,마곡동,삼성,SKT,자전거,자전거부품,안장,[참좋은바이크]삼천리아동용안장모음/하이킥/프린세스/키즈바이크/디즈니/유아동/어린이/푹신한안장,http://www.11st.co.kr/product/SellerProductDetail.tmall?method=getSellerProductDetail&prdNo=1205141789
D***,201904**,M,4,"사무직 (일반사무직, 공무원, 직업군인)",200~299만원,      ,          ,아파트/ 주상복합,서울,양천구,신월2동,삼성,SKT,자전거,튜닝용품,속도계,자전거무선속도계 엑스헌터 자전거속도계 자전거용품,http://www.11st.co.kr/product/SellerProductDetail.tmall?method=getSellerProductDetail&prdNo=1249839989
D***6,201904**,F,4,"사무직 (일반사무직, 공무원, 직업군인)",200~299만원,      ,          ,아파트/ 주상복합,대전,중구,문화1동,삼성,SKT,캠핑/골프/헬스/자전거,자전거의류/용품,기타용품,[펌프킹]가정용 자전거 거치대 HK-001,http://www.hnsmall.com/display/goods.do?goods_code=12714590
D***4,201904**,F,5,"사무직 (일반사무직, 공무원, 직업군인)",200~299만원,      ,          ,아파트/ 주상복합,서울,동작구,상도동,삼성,SKT,자전거,자전거,로드자전거,2019첼로 테라 신형105 카본포크 로드자전거,http://www.11st.co.kr/product/SellerProductDetail.tmall?method=getSellerProductDetail&prdNo=1074638903
D***0,201904**,M,2,"사무직 (일반사무직, 공무원, 직업군인)",200~299만원,      ,          ,아파트/ 주상복합,서울,노원구,공릉1.3동,삼성,SKT,자전거,자전거신발/고글/헬멧,장갑,자전거방한토시 바이크 핸들덮개 방한커버 손토시,http://www.11st.co.kr/product/SellerProductDetail.tmall?method=getSellerProductDetail&prdNo=1164858474
D***7,201904**,F,3,"사무직 (일반사무직, 공무원, 직업군인)",200~299만원,      ,          ,아파트/ 주상복합,서울,동대문구,장안동,삼성,SKT,레저/자동차,자전거/용품,헬멧/보호장비,GAIUS어반헬멧 킥보드헬멧 성인 청소년헬멧,http://www.11st.co.kr/product/SellerProductDetail.tmall?method=getSellerProductDetail&prdNo=1036710596
D***9,201904**,F,3,"사무직 (일반사무직, 공무원, 직업군인)",300~399만원,예    ,자녀 있음 ,아파트/ 주상복합,부산,사하구,장림동,삼성,LG U+,자전거,자전거부품,변속기,변속레버/자전거기어/시마노변속레버/그립쉬프트,http://www.11st.co.kr/product/SellerProductDetail.tmall?method=getSellerProductDetail&prdNo=1280799725
D***5,201904**,M,4,"사무직 (일반사무직, 공무원, 직업군인)",400~499만원,예    ,자녀 있음 ,연립주택/ 다세대/ 빌라,경기,의왕시,삼동,기타,SKT,레저/자동차,자전거/용품,자전거액세서리,로드MTB 충전식 자전거라이트 용품 18650 배터리,http://www.11st.co.kr/product/SellerProductDetail.tmall?method=getSellerProductDetail&prdNo=1004933124
D***8,201904**,F,4,"교직 (교사, 유치원교사, 학원강사)",500~599만원,예    ,자녀 있음 ,연립주택/ 다세대/ 빌라,서울,강서구,화곡8동,삼성,SKT,자전거,자전거부품,안장,삼천리전립선 안장패드/MTB ROAD 안장용 쿠션커버/하이브리드 안장커버/자전거안장커버/로드용 자전거용품,http://www.11st.co.kr/product/SellerProductDetail.tmall?method=getSellerProductDetail&prdNo=1232420657
D***9,201904**,M,5,"관리직 (사장, 간부, 고위공무원)","1,000만원 이상",예    ,자녀 있음 ,아파트/ 주상복합,경기,용인시 기흥구,마북동,삼성,SKT,레저/자동차,자전거/용품,자전거액세서리,블랙울프자전거 라이트 용품 18650 배터리 충전기,http://www.11st.co.kr/product/SellerProductDetail.tmall?method=getSellerProductDetail&prdNo=1003701027
D***6,201904**,M,5,"사무직 (일반사무직, 공무원, 직업군인)",200~299만원,      ,          ,아파트/ 주상복합,서울,관악구,은천동,삼성,SKT,자전거,자전거신발/고글/헬멧,보호대,(가온들)나스카/쿨토시/기능성팔토시/스포츠골프토시,http://www.11st.co.kr/product/SellerProductDetail.tmall?method=getSellerProductDetail&prdNo=11387459
D***9,201904**,F,5,"주부 (전업주부, 파트타임 근무 주부)",200~299만원,예    ,자녀 있음 ,아파트/ 주상복합,서울,노원구,상계1동,애플,KT,자전거,튜닝용품,거치대,(추천)말대가리 스마트 거치대/ 휴대폰거치대 스마트폰거치대 거치대 차량용폰거치대 핸폰거치대 헨드폰거,http://www.11st.co.kr/product/SellerProductDetail.tmall?method=getSellerProductDetail&prdNo=1222876667
D***,201904**,F,2,"사무직 (일반사무직, 공무원, 직업군인)",200~299만원,      ,          ,아파트/ 주상복합,인천,남구,학익동,삼성,SKT,자전거,자전거,MTB,삼천리자전거팀60D MTB자전거 24단 알루미늄자전거,http://www.11st.co.kr/product/SellerProductDetail.tmall?method=getSellerProductDetail&prdNo=1230896068
D***,201904**,F,5,"사무직 (일반사무직, 공무원, 직업군인)",200~299만원,      ,          ,아파트/ 주상복합,부산,해운대구,좌2동,삼성,SKT,자전거,자전거부품,보조바퀴,SM-901성인용 보조바퀴(20~26인치용),http://www.11st.co.kr/product/SellerProductDetail.tmall?method=getSellerProductDetail&prdNo=1200999290
D***,201904**,F,5,"사무직 (일반사무직, 공무원, 직업군인)",200~299만원,      ,          ,아파트/ 주상복합,서울,노원구,하계2동,삼성,SKT,자전거,자전거관리용품,튜브벨브/어댑터/노즐,[아답터모음] 던롭 프레스타 슈레더 공 튜브 어뎁터 펌프 호환 아답타 공기주입 던롭집게 자전거용품,http://www.11st.co.kr/product/SellerProductDetail.tmall?method=getSellerProductDetail&prdNo=1002005394
D***,201904**,M,4,"사무직 (일반사무직, 공무원, 직업군인)",200~299만원,      ,          ,아파트/ 주상복합,대구,달성군,다사읍,삼성,SKT,레저/자동차,자전거/용품,자전거액세서리,▶빔라이트충전식 자전거 후미등┃자전거용품┃레저용품┃자전거악세사리┃자전거라이트┃후미등┃,http://www.11st.co.kr/product/SellerProductDetail.tmall?method=getSellerProductDetail&prdNo=1246317584
D***,201904**,F,4,"사무직 (일반사무직, 공무원, 직업군인)",400~499만원,아니오,          ,연립주택/ 다세대/ 빌라,서울,광진구,군자동,삼성,KT,자전거/보드,로드자전거,알루미늄자전거,2017알톤 벨록스 CC 로드 사이클로크로스 자전거,http://item.gmarket.co.kr/Item?goodscode=1112776902
D***,201904**,M,3,"사무직 (일반사무직, 공무원, 직업군인)",200~299만원,      ,          ,아파트/ 주상복합,경북,포항시 남구,효자동,삼성,SKT,자전거/보드,자전거액세서리,자전거커버,스타시빅C-01 옥스포드 210D 자전거 커버,http://item.gmarket.co.kr/Item?goodscode=1266415303
D***,201904**,M,3,"사무직 (일반사무직, 공무원, 직업군인)",100~199만원,아니오,          ,단독주택,서울,송파구,방이2동,애플,SKT,레저/자동차,자전거/용품,자전거의류/잡화,1대1사은품증정 나루마스크 X1 X5 자외선차단마스크,http://www.11st.co.kr/product/SellerProductDetail.tmall?method=getSellerProductDetail&prdNo=11127502
D***,201904**,M,3,"교직 (교사, 유치원교사, 학원강사)",700~799만원,아니오,          ,아파트/ 주상복합,경기,용인시 기흥구,중동,LG,LG U+,레저/자동차,자전거/용품,자전거액세서리,로드MTB 충전식 자전거라이트 용품 18650 배터리,http://www.11st.co.kr/product/SellerProductDetail.tmall?method=getSellerProductDetail&prdNo=1004933124
D***0,201904**,M,2,무직,200~299만원,아니오,          ,연립주택/ 다세대/ 빌라,서울,종로구,부암동,LG,SKT,자전거/보드,자전거라이트,자전거라이트/전조등,몬스터라이트미니 자전거라이트  몬스터라이트 미니,http://item.gmarket.co.kr/Item?goodscode=1280390929
D***2,201904**,M,4,"사무직 (일반사무직, 공무원, 직업군인)",600~699만원,예    ,자녀 있음 ,아파트/ 주상복합,경기,안양시 동안구,비산동,삼성,SKT,자전거/보드,자전거라이트,자전거라이트/전조등,몬스터라이트LG화학 18650 배터리 3050mAh,http://item.gmarket.co.kr/Item?goodscode=1280497915
D***5,201904**,F,4,"교직 (교사, 유치원교사, 학원강사)",400~499만원,예    ,자녀 있음 ,아파트/ 주상복합,충남,논산시,내동,삼성,SKT,레저/자동차,자전거/용품,자전거,[에어휠]BEST전동킥보드/스쿠터 인기브랜드 에어휠/스티고/이지휠 택1,http://www.lotteimall.com/goods/viewGoodsDetail.lotte?goods_no=1263374352
D***9,201904**,M,4,"사무직 (일반사무직, 공무원, 직업군인)",200~299만원,      ,          ,아파트/ 주상복합,대구,북구,태전동,삼성,SKT,자전거,자전거관리용품,펑크패치,무료배송휴대용 펑크패치/타이어 튜브 레버 정비 수리 공구세트/자전거용품.부품,http://www.11st.co.kr/product/SellerProductDetail.tmall?method=getSellerProductDetail&prdNo=1028212762
D***1,201904**,M,2,"학생 (초중고학생, 대학생, 대학원생)",100~199만원,아니오,          ,연립주택/ 다세대/ 빌라,대구,남구,대명동,LG,KT,레저/자동차,자전거/용품,헬멧/보호장비,가성비좋은 헬멧/빅이글 자전거헬멧/보호대/인라인/자전거용품,http://www.11st.co.kr/product/SellerProductDetail.tmall?method=getSellerProductDetail&prdNo=1187889237
D***,201904**,F,5,"사무직 (일반사무직, 공무원, 직업군인)",200~299만원,      ,          ,아파트/ 주상복합,경기,의정부시,가능2동,삼성,SKT,자전거/보드,자전거타이어/부품,자전거튜브,[흥아]흥아 700C x 23/25C 프레스타 60mm 자전거튜브 로드,http://item.gmarket.co.kr/Item?goodscode=1287260612
D***,201904**,M,4,"사무직 (일반사무직, 공무원, 직업군인)",400~499만원,예    ,자녀 있음 ,아파트/ 주상복합,경기,화성시,동탄면,애플,SKT,자전거,자전거관리용품,펑크패치,자전거펑크패치(패치30개+접착제) 자전거타이어수리,http://www.11st.co.kr/product/SellerProductDetail.tmall?method=getSellerProductDetail&prdNo=12932340
D***,201904**,M,2,"사무직 (일반사무직, 공무원, 직업군인)",600~699만원,아니오,          ,아파트/ 주상복합,경남,양산시,남부동,LG,KT,자전거/보드,자전거장갑/잡화,자전거장갑,[킹썰]스포츠/등산/자전거장갑/여름장갑/반장갑/핸드폰터치,http://item.gmarket.co.kr/Item?goodscode=1144168847
D***,201904**,M,2,"사무직 (일반사무직, 공무원, 직업군인)",200~299만원,      ,          ,아파트/ 주상복합,충남,서천군,장항읍,삼성,SKT,자전거,튜닝용품,거치대/보관대,노스바이크스마트폰 자전거거치대 핸드폰 휴대폰 가방,http://www.11st.co.kr/product/SellerProductDetail.tmall?method=getSellerProductDetail&prdNo=1016944642
D***,201904**,M,4,"사무직 (일반사무직, 공무원, 직업군인)",200~299만원,      ,          ,아파트/ 주상복합,서울,구로구,오류2동,삼성,SKT,레저/자동차,자전거/용품,헬멧/보호장비,GAIUS어반헬멧 킥보드헬멧 성인 청소년헬멧,http://www.11st.co.kr/product/SellerProductDetail.tmall?method=getSellerProductDetail&prdNo=1036710596
D***,201904**,M,5,"사무직 (일반사무직, 공무원, 직업군인)",200~299만원,      ,          ,아파트/ 주상복합,서울,강남구,논현2동,삼성,SKT,레저/자동차,자전거/용품,헬멧/보호장비,가성비좋은 헬멧/빅이글 자전거헬멧/보호대/인라인/자전거용품,http://www.11st.co.kr/product/SellerProductDetail.tmall?method=getSellerProductDetail&prdNo=1187889237
D***9,201904**,F,3,"사무직 (일반사무직, 공무원, 직업군인)",200~299만원,      ,          ,아파트/ 주상복합,경기,부천시 원미구,역곡1동,삼성,SKT,레저/자동차,자전거/용품,헬멧/보호장비,"Giro헬멧/Quarter 쿼터, 어번/더트 (6색상)",http://www.11st.co.kr/product/SellerProductDetail.tmall?method=getSellerProductDetail&prdNo=1230444459
D***4,201904**,M,4,"사무직 (일반사무직, 공무원, 직업군인)",700~799만원,예    ,자녀 없음 ,아파트/ 주상복합,서울,강동구,성내1동,삼성,KT,레저/자동차,자전거/용품,자전거타이어/부품,자전거수리키트+펌프 자전거공구세트 펑크패치,http://www.11st.co.kr/product/SellerProductDetail.tmall?method=getSellerProductDetail&prdNo=1103998698
D***6,201904**,F,4,기타 ,500~599만원,예    ,자녀 있음 ,아파트/ 주상복합,경기,수원시 권선구,세류1동,삼성,SKT,자전거,자전거신발/고글/헬멧,보호대,킹카301 성인 보호대 팔꿈치 손목 무릎 남여공용,http://www.11st.co.kr/product/SellerProductDetail.tmall?method=getSellerProductDetail&prdNo=1083507717
D***2,201904**,M,4,"생산/노무직 (생산감독, 경비원, 공장근로자)",400~499만원,예    ,자녀 있음 ,연립주택/ 다세대/ 빌라,경기,광주시,목현동,삼성,SKT,자전거,자전거관리용품,펑크패치,구멍패치/번개표/자전거보수/타이어보수/빵꾸딱지/빵구패치/자전거정비/땜질/공구장터,http://www.11st.co.kr/product/SellerProductDetail.tmall?method=getSellerProductDetail&prdNo=1046577201
D***4,201904**,M,2,"사무직 (일반사무직, 공무원, 직업군인)",200~299만원,      ,          ,아파트/ 주상복합,서울,강남구,대치동,삼성,SKT,자전거,자전거부품,안장,유아안장/짐받이장착/핸들바장착/목받이유아안장/자전거안장,http://www.11st.co.kr/product/SellerProductDetail.tmall?method=getSellerProductDetail&prdNo=1275573892
D***9,201904**,M,4,"사무직 (일반사무직, 공무원, 직업군인)",300~399만원,아니오,          ,연립주택/ 다세대/ 빌라,경기,광주시,오포읍,애플,KT,레저/자동차,자전거/용품,자전거,스타카토에스코트 7단 접이식 자전거 바구니 포함,http://www.11st.co.kr/product/SellerProductDetail.tmall?method=getSellerProductDetail&prdNo=1216359097
D***5,201904**,M,2,"판매직 (상점점원, 보험설계사, 노점상)",300~399만원,아니오,          ,단독주택,제주,제주시,일도2동,LG,SKT,자전거,자전거,MTB,삼천리자전거/하운드팀50D/MTB자전거/산악자전거,http://www.11st.co.kr/product/SellerProductDetail.tmall?method=getSellerProductDetail&prdNo=1254184372
D***5,201904**,F,3,"사무직 (일반사무직, 공무원, 직업군인)",500~599만원,예    ,자녀 있음 ,단독주택,경남,창원시 의창구,팔용동,LG,LG U+,자전거,자전거신발/고글/헬멧,보호대,특가쿨토시 1+1 (2세트) /토시/아동쿨토시/팔토시,http://www.11st.co.kr/product/SellerProductDetail.tmall?method=getSellerProductDetail&prdNo=1291753831
D***8,201904**,M,5,"기능직 (자동차정비, 운전기사, 안경사, 택시기사)",800~899만원,예    ,자녀 있음 ,아파트/ 주상복합,경기,군포시,산본동,삼성,SKT,자전거,튜닝용품,물통받침대,대만아이베라 경량 물통케이지 물병 더블 안장마운트,http://www.11st.co.kr/product/SellerProductDetail.tmall?method=getSellerProductDetail&prdNo=1084359208
D***,201904**,F,4,"사무직 (일반사무직, 공무원, 직업군인)",300~399만원,예    ,자녀 있음 ,연립주택/ 다세대/ 빌라,서울,강동구,암사동,삼성,SKT,자전거,자전거부품,브레이크패드,시마노디스크 브레이크 Resin 패드 B01S/BR-T615/C501/M575/M525/M486/M485/M475/M465 레진패드/래진패드,http://www.11st.co.kr/product/SellerProductDetail.tmall?method=getSellerProductDetail&prdNo=1060069949
D***,201904**,M,2,"사무직 (일반사무직, 공무원, 직업군인)",200~299만원,      ,          ,아파트/ 주상복합,서울,강서구,마곡동,삼성,SKT,자전거,자전거관리용품,펑크패치,무료배송휴대용 펑크패치/타이어 튜브 레버 정비 수리 공구세트/자전거용품.부품,http://www.11st.co.kr/product/SellerProductDetail.tmall?method=getSellerProductDetail&prdNo=1028212762
D***,201904**,M,5,"사무직 (일반사무직, 공무원, 직업군인)",200~299만원,      ,          ,아파트/ 주상복합,서울,종로구,익선동,삼성,SKT,레저/자동차,자전거/용품,자전거액세서리,18650AA AAA 충전지 배터리 충전기 i4 D2 i2 UM20,http://www.11st.co.kr/product/SellerProductDetail.tmall?method=getSellerProductDetail&prdNo=1181473940
D***,201904**,M,5,"사무직 (일반사무직, 공무원, 직업군인)",200~299만원,      ,          ,아파트/ 주상복합,서울,강남구,압구정동,삼성,SKT,자전거,튜닝용품,후미등,문라이트크레센트/코멧/쉴드/디펜더/메테오/ 자전거라이트 자전거후미등,http://www.11st.co.kr/product/SellerProductDetail.tmall?method=getSellerProductDetail&prdNo=1086040122
D***,201904**,M,3,"사무직 (일반사무직, 공무원, 직업군인)",200~299만원,      ,          ,아파트/ 주상복합,경기,고양시 덕양구,내유동,삼성,SKT,자전거,자전거,MTB,"[삼천리]미키마우스 미키키즈14,16,18형 아동 자전거",http://www.11st.co.kr/product/SellerProductDetail.tmall?method=getSellerProductDetail&prdNo=1248195280
D***1,201904**,M,2,"전문직 (의사, 판검사, 예술가, 종교인)",100~199만원,아니오,          ,아파트/ 주상복합,대구,달성군,유가면,삼성,알뜰폰(MVNO),레저/자동차,자전거/용품,자전거액세서리,블랙울프KR-C8 L2 밝은 자전거라이트 전조등 손전등,http://www.11st.co.kr/product/SellerProductDetail.tmall?method=getSellerProductDetail&prdNo=1091472722
D***1,201904**,F,5,"사무직 (일반사무직, 공무원, 직업군인)",200~299만원,      ,          ,아파트/ 주상복합,충북,청주시 상당구,우암동,삼성,SKT,자전거/보드,자전거타이어/부품,자전거튜브,[CST]700x25/32C fv48mm 자전거튜브 프레스타 흥아 켄다,http://item.gmarket.co.kr/Item?goodscode=1283527298
D***5,201904**,F,4,"주부 (전업주부, 파트타임 근무 주부)",500~599만원,예    ,자녀 없음 ,아파트/ 주상복합,경기,성남시 분당구,수내동,삼성,KT,레저/자동차,자전거/용품,자전거,[스마트]삼천리/스마트 접이식자전거 미니벨로 4종,http://item.gmarket.co.kr/Item?goodscode=1278067146
D***5,201904**,M,3,무직,200~299만원,아니오,          ,아파트/ 주상복합,충남,천안시 동남구,청당동,애플,LG U+,자전거,자전거신발/고글/헬멧,보호대,나이키/팔토시/쿨토시/자외선차단/스포츠/레저/등산용,http://www.11st.co.kr/product/SellerProductDetail.tmall?method=getSellerProductDetail&prdNo=1221115615
D***5,201904**,F,3,"사무직 (일반사무직, 공무원, 직업군인)","1,000만원 이상",아니오,          ,아파트/ 주상복합,서울,송파구,장지동,애플,KT,자전거/보드,자전거라이트,자전거라이트/전조등,지바코76L 폴딩 립스탑 멀티 백 캠핑가방 수납가방,http://item.gmarket.co.kr/Item?goodscode=1111364071
D***,201904**,M,5,"사무직 (일반사무직, 공무원, 직업군인)",600~699만원,예    ,자녀 있음 ,아파트/ 주상복합,경기,고양시 덕양구,도내동,LG,LG U+,자전거/보드,자전거라이트,자전거라이트/전조등,지바코76L 폴딩 립스탑 멀티 백 캠핑가방 수납가방,http://item.gmarket.co.kr/Item?goodscode=1111364071
D***,201904**,F,3,"사무직 (일반사무직, 공무원, 직업군인)",200~299만원,      ,          ,아파트/ 주상복합,인천,남동구,구월2동,삼성,SKT,자전거/보드,자전거액세서리,자전거짐받이,바이크박스블랙   -  생활용 여성용 접이식 자전거 짐받이 거치용 접이식 짐 바구니,http://item.gmarket.co.kr/Item?goodscode=128833406
D***,201904**,M,3,"사무직 (일반사무직, 공무원, 직업군인)",200~299만원,      ,          ,아파트/ 주상복합,경기,안양시 동안구,관양동,삼성,SKT,자전거,자전거,로드자전거,2019첼로 테라 신형105 카본포크 로드자전거,http://www.11st.co.kr/product/SellerProductDetail.tmall?method=getSellerProductDetail&prdNo=1074638903
D***,201904**,F,5,"사무직 (일반사무직, 공무원, 직업군인)",200~299만원,      ,          ,아파트/ 주상복합,부산,해운대구,좌2동,삼성,SKT,레저/자동차,자전거/용품,자전거,[삼천리]접이식여성자전거/미니벨로 바구니 자전거,http://www.11st.co.kr/product/SellerProductDetail.tmall?method=getSellerProductDetail&prdNo=1013926352
D***,201904**,F,2,"사무직 (일반사무직, 공무원, 직업군인)",200~299만원,      ,          ,아파트/ 주상복합,전북,전주시 완산구,효자동2가,삼성,SKT,자전거/보드,일반자전거,외발/삼륜/2인용,[자이덴]지오닉스 나누미 에코 성인용 세발 트라이 삼륜자전거,http://item.gmarket.co.kr/Item?goodscode=1292909571
D***,201904**,F,2,"사무직 (일반사무직, 공무원, 직업군인)",200~299만원,      ,          ,아파트/ 주상복합,경기,시흥시,대야동,삼성,SKT,자전거/보드,자전거바구니/가방,크로스가방,엑스피크빅파우치 자전거 휴대폰파우치,http://item.gmarket.co.kr/Item?goodscode=1187012636
D***,201904**,M,4,"사무직 (일반사무직, 공무원, 직업군인)",200~299만원,      ,          ,아파트/ 주상복합,경기,파주시,광탄면,삼성,SKT,자전거/보드,자전거액세서리,자전거스마트폰거치대,4방향완벽고정 자전거 스마트폰 거치대 (블랙),http://item.gmarket.co.kr/Item?goodscode=1235492029
D***,201904**,M,4,"사무직 (일반사무직, 공무원, 직업군인)",200~299만원,      ,          ,아파트/ 주상복합,서울,양천구,신월2동,삼성,SKT,자전거/보드,자전거액세서리,자전거커버,스타시빅C-01 옥스포드 210D 자전거 커버,http://item.gmarket.co.kr/Item?goodscode=1266415303
D***,201904**,M,2,"사무직 (일반사무직, 공무원, 직업군인)",200~299만원,      ,          ,아파트/ 주상복합,경남,진주시,상평동,삼성,SKT,자전거/보드,로드자전거,알루미늄자전거,2017알톤 벨록스 CC 로드 사이클로크로스 자전거,http://item.gmarket.co.kr/Item?goodscode=1112776902
D***,201904**,F,2,"사무직 (일반사무직, 공무원, 직업군인)",200~299만원,      ,          ,아파트/ 주상복합,광주,북구,두암3동,삼성,SKT,레저/자동차,자전거/용품,자전거,지오스빈티지벨로체/GiosVintage Veloce 로드자전거,http://item.gmarket.co.kr/Item?goodscode=1273357815
D***0,201904**,M,2,무직,200~299만원,아니오,          ,연립주택/ 다세대/ 빌라,서울,종로구,부암동,LG,SKT,자전거,자전거관리용품,에어펌프(발펌프),발펌프/튜브/휴대용/쌍발/자전거/공기주입기/에어펌프/타이어공기/축구공/농구공/바람넣기/외발/강력발펌프,http://www.11st.co.kr/product/SellerProductDetail.tmall?method=getSellerProductDetail&prdNo=1091662162
D***7,201904**,M,3,"사무직 (일반사무직, 공무원, 직업군인)",200~299만원,      ,          ,아파트/ 주상복합,서울,광진구,구의동,삼성,SKT,레저/자동차,자전거/용품,자전거액세서리,자전거휠 라이트 안전등  LED라이트 후미등,http://www.11st.co.kr/product/SellerProductDetail.tmall?method=getSellerProductDetail&prdNo=1076764951
D***3,201904**,F,3,무직,100만원 미만,아니오,          ,연립주택/ 다세대/ 빌라,경기,수원시 영통구,원천동,애플,알뜰폰(MVNO),자전거,튜닝용품,후미등,누빔멀티 라이트 NB-600 자전거 후미등 방향지시등,http://www.11st.co.kr/product/SellerProductDetail.tmall?method=getSellerProductDetail&prdNo=115116197
D***3,201904**,F,3,무직,100만원 미만,아니오,          ,연립주택/ 다세대/ 빌라,경기,수원시 영통구,원천동,애플,알뜰폰(MVNO),자전거/보드,자전거액세서리,자전거스마트폰거치대,4방향완벽고정 자전거 스마트폰 거치대 (블랙),http://item.gmarket.co.kr/Item?goodscode=1235492029
D***2,201904**,M,3,"사무직 (일반사무직, 공무원, 직업군인)",200~299만원,      ,          ,아파트/ 주상복합,강원,인제군,북면,삼성,SKT,레저/자동차,자전거/용품,자전거액세서리,SCHWALBE슈발베 타이어레버 3개한세트 타이어교체 / 튜블러 시멘트/리무버/이지핏 악세사리,http://www.11st.co.kr/product/SellerProductDetail.tmall?method=getSellerProductDetail&prdNo=1263501442
D***7,201904**,M,4,"사무직 (일반사무직, 공무원, 직업군인)",200~299만원,      ,          ,아파트/ 주상복합,경기,의정부시,금오동,삼성,SKT,자전거,튜닝용품,잠금장치,호비대만정품 LJ9080 4관절락 자전거자물쇠 사관절,http://www.11st.co.kr/product/SellerProductDetail.tmall?method=getSellerProductDetail&prdNo=11383586
D***9,201904**,M,2,"사무직 (일반사무직, 공무원, 직업군인)",200~299만원,      ,          ,아파트/ 주상복합,경기,성남시 분당구,삼평동,삼성,SKT,레저/자동차,자전거/용품,자전거타이어/부품,자전거수리키트+펌프 자전거공구세트 펑크패치,http://www.11st.co.kr/product/SellerProductDetail.tmall?method=getSellerProductDetail&prdNo=1103998698
D***8,201904**,F,4,"주부 (전업주부, 파트타임 근무 주부)",400~499만원,예    ,자녀 있음 ,아파트/ 주상복합,대구,달성군,화원읍,삼성,LG U+,자전거,자전거신발/고글/헬멧,헬멧,자전거커버방수 덮개 오토바이,http://www.11st.co.kr/product/SellerProductDetail.tmall?method=getSellerProductDetail&prdNo=1269616509
D***4,201904**,M,3,"자영업 (도소매업, 숙박업, 미용업)",800~899만원,아니오,          ,아파트/ 주상복합,대전,유성구,신성동,애플,SKT,자전거,자전거부품,안장,유아안장/짐받이장착/핸들바장착/목받이유아안장/자전거안장,http://www.11st.co.kr/product/SellerProductDetail.tmall?method=getSellerProductDetail&prdNo=1275573892
D***,201904**,M,3,"사무직 (일반사무직, 공무원, 직업군인)",800~899만원,예    ,자녀 있음 ,아파트/ 주상복합,경기,광명시,철산3동,삼성,SKT,레저/자동차,자전거/용품,자전거의류/잡화,머스타시벌룬 기모마스크 MHM-10/방한/보드마스크,http://www.11st.co.kr/product/SellerProductDetail.tmall?method=getSellerProductDetail&prdNo=1187564080
D***,201904**,M,3,"사무직 (일반사무직, 공무원, 직업군인)",300~399만원,아니오,          ,아파트/ 주상복합,서울,서대문구,홍은동,애플,SKT,레저/자동차,자전거/용품,자전거액세서리,완전사2017년 신형 KSM400-3 SE 연납축전지 12V/,http://www.11st.co.kr/product/SellerProductDetail.tmall?method=getSellerProductDetail&prdNo=1150653630
D***,201904**,F,2,"사무직 (일반사무직, 공무원, 직업군인)",200~299만원,      ,          ,아파트/ 주상복합,대구,북구,산격3동,삼성,SKT,레저/자동차,자전거/용품,자전거의류/잡화,1대1사은품증정 나루마스크 X1 X5 자외선차단마스크,http://www.11st.co.kr/product/SellerProductDetail.tmall?method=getSellerProductDetail&prdNo=11127502
D***,201904**,F,2,"사무직 (일반사무직, 공무원, 직업군인)",200~299만원,      ,          ,아파트/ 주상복합,서울,노원구,하계1동,삼성,SKT,자전거,자전거,MTB,베리벨로보스톤GS 18년형 22인치 초등학생 MTB자전거,http://www.11st.co.kr/product/SellerProductDetail.tmall?method=getSellerProductDetail&prdNo=1240605806
D***0,201904**,M,2,무직,500~599만원,아니오,          ,연립주택/ 다세대/ 빌라,서울,양천구,목2동,기타,KT,자전거,자전거신발/고글/헬멧,보호대,[AQUA-X/국산]발렌티노무봉제 쿨토시/아쿠아엑스,http://www.11st.co.kr/product/SellerProductDetail.tmall?method=getSellerProductDetail&prdNo=1261126293
D***0,201904**,M,4,"교직 (교사, 유치원교사, 학원강사)",300~399만원,아니오,          ,단독주택,서울,동작구,사당5동,삼성,KT,자전거/보드,자전거타이어/부품,자전거튜브,[흥아]흥아 700C x 23/25C 프레스타 60mm 자전거튜브 로드,http://item.gmarket.co.kr/Item?goodscode=1287260612
D***5,201904**,M,2,"사무직 (일반사무직, 공무원, 직업군인)",200~299만원,      ,          ,아파트/ 주상복합,서울,강남구,개포1동,삼성,SKT,레저/자동차,자전거/용품,자전거의류/잡화,[엠씨엔]MCN 통기성좋고 시원한 매쉬마스크/UV자외선 벌레차단,http://item.gmarket.co.kr/Item?goodscode=1104924744
D***0,201904**,M,3,"사무직 (일반사무직, 공무원, 직업군인)",200~299만원,      ,          ,아파트/ 주상복합,광주,광산구,우산동,삼성,SKT,자전거,자전거신발/고글/헬멧,헬멧,스텔리오스고글헬멧 에어로 자전거헬멧 로드헬멧,http://www.11st.co.kr/product/SellerProductDetail.tmall?method=getSellerProductDetail&prdNo=1007190015
D***2,201904**,M,2,"사무직 (일반사무직, 공무원, 직업군인)",200~299만원,      ,          ,아파트/ 주상복합,대구,중구,남산4동,삼성,SKT,자전거/보드,자전거바구니/가방,크로스가방,엑스피크빅파우치 자전거 휴대폰파우치,http://item.gmarket.co.kr/Item?goodscode=1187012636
D***4,201904**,M,5,"관리직 (사장, 간부, 고위공무원)",600~699만원,예    ,자녀 있음 ,아파트/ 주상복합,서울,금천구,독산동,삼성,KT,자전거/보드,자전거라이트,라이트거치대,페어맨만능 18650충전기 FLIC-210 자전거라이트 2구,http://item.gmarket.co.kr/Item?goodscode=1237810051
D***8,201904**,M,4,"판매직 (상점점원, 보험설계사, 노점상)",100~199만원,아니오,          ,오피스텔,부산,수영구,광안3동,삼성,KT,레저/자동차,자전거/용품,헬멧/보호장비,GIFT삼천리 헬멧 SH330S 선바이저 자전거용품 인라인,http://www.11st.co.kr/product/SellerProductDetail.tmall?method=getSellerProductDetail&prdNo=115415058
D***4,201904**,M,3,"생산/노무직 (생산감독, 경비원, 공장근로자)",600~699만원,아니오,          ,연립주택/ 다세대/ 빌라,경남,거제시,아주동,삼성,알뜰폰(MVNO),자전거/보드,자전거장갑/잡화,자전거장갑,아쿠아메이드자전거 반장갑 바이크 헬스 등산 장갑,http://item.gmarket.co.kr/Item?goodscode=1118054793
D***9,201904**,M,4,무직,100만원 미만,예    ,자녀 있음 ,아파트/ 주상복합,경기,고양시 일산서구,일산2동,LG,LG U+,유아동,유아동완구/교구,승용완구,STONETREE스톤트리 트라이크 - 유모차 세발 자전거,http://item.gmarket.co.kr/Item?goodscode=1129986013
D***1,201904**,M,5,"전문직 (의사, 판검사, 예술가, 종교인)","1,000만원 이상",예    ,자녀 있음 ,아파트/ 주상복합,제주,제주시,한림읍,LG,LG U+,레저/자동차,자전거/용품,자전거,베리벨로보스톤GS 22 18년형 22인치 MTB자전거,http://www.11st.co.kr/product/SellerProductDetail.tmall?method=getSellerProductDetail&prdNo=1264898395
D***4,201904**,F,5,"전문직 (의사, 판검사, 예술가, 종교인)",200~299만원,아니오,          ,연립주택/ 다세대/ 빌라,서울,은평구,갈현1동,LG,KT,자전거,자전거부품,안장,대만New 카본 시트포스트 (27.2/31.6mm) 풀카본 자전거 안장봉/초경량 싯포스트 (세미카),http://www.11st.co.kr/product/SellerProductDetail.tmall?method=getSellerProductDetail&prdNo=1015126992
D***,201904**,F,5,"사무직 (일반사무직, 공무원, 직업군인)",200~299만원,      ,          ,아파트/ 주상복합,전북,전주시 완산구,삼천동1가,삼성,SKT,자전거,자전거부품,브레이크레버,브레이크레버/아동용/성인용/알로이브레이크레버/자전거부품/자전거브레이크레버,http://www.11st.co.kr/product/SellerProductDetail.tmall?method=getSellerProductDetail&prdNo=1280791866
D***,201904**,M,3,"사무직 (일반사무직, 공무원, 직업군인)",200~299만원,      ,          ,아파트/ 주상복합,경기,부천시 원미구,상3동,삼성,SKT,자전거,자전거,MTB,앞뒤쇼바접이식 21단 26인치 입문 통학 출퇴근용 MTB,http://www.11st.co.kr/product/SellerProductDetail.tmall?method=getSellerProductDetail&prdNo=1082913347
D***,201904**,M,5,"전문직 (의사, 판검사, 예술가, 종교인)","1,000만원 이상",예    ,자녀 있음 ,연립주택/ 다세대/ 빌라,경기,용인시 수지구,신봉동,삼성,SKT,자전거,자전거신발/고글/헬멧,신발,에코사이클링/스피닝슈즈/스피닝운동화/스피닝신발/클릿슈즈/사이클운동화/사이클신발/사이클슈즈/클릿포함,http://www.11st.co.kr/product/SellerProductDetail.tmall?method=getSellerProductDetail&prdNo=1262545428
D***,201904**,M,5,"사무직 (일반사무직, 공무원, 직업군인)",200~299만원,      ,          ,아파트/ 주상복합,경기,파주시,파주읍,삼성,SKT,레저/자동차,자전거/용품,자전거,지오스빈티지벨로체/GiosVintage Veloce 로드자전거,http://item.gmarket.co.kr/Item?goodscode=1273357815
D***,201904**,M,2,"사무직 (일반사무직, 공무원, 직업군인)",200~299만원,      ,          ,아파트/ 주상복합,경남,통영시,용남면,삼성,SKT,캠핑/골프/헬스/자전거,자전거,전기자전거,전동킥보드마이봇 ERT-8/ 38V/ 18.4Ah / 삼성배터리/ 레져스포츠,http://www.hnsmall.com/display/goods.do?goods_code=12231883
D***,201904**,M,4,"사무직 (일반사무직, 공무원, 직업군인)",200~299만원,      ,          ,아파트/ 주상복합,경기,안양시 동안구,범계동,삼성,SKT,레저/자동차,자전거/용품,자전거,알톤어린이용 경량 알루미늄 접이식 자전거 라바폴딩18인치,http://www.11st.co.kr/product/SellerProductDetail.tmall?method=getSellerProductDetail&prdNo=1096512754
D***,201904**,F,5,"사무직 (일반사무직, 공무원, 직업군인)",200~299만원,아니오,          ,아파트/ 주상복합,서울,송파구,가락동,삼성,LG U+,레저/자동차,자전거/용품,자전거,[스마트자전거]반티아고G21 하이브리드자전거 21단 클래식 2018년,http://www.lotteimall.com/goods/viewGoodsDetail.lotte?goods_no=1203110269
D***7,201904**,F,3,"서비스직 (요식업, 숙박업, 미용실종업원)",200~299만원,예    ,자녀 없음 ,연립주택/ 다세대/ 빌라,부산,부산진구,범천동,애플,LG U+,레저/자동차,자전거/용품,자전거의류/잡화,아동.유아.어린이/무릎보호대.헬멧.장갑 세트/자전거용품.인라인스케이트.씽씽카.안전용품.블랙프라이데이,http://www.11st.co.kr/product/SellerProductDetail.tmall?method=getSellerProductDetail&prdNo=1066221250
D***0,201904**,M,5,"사무직 (일반사무직, 공무원, 직업군인)",200~299만원,      ,          ,아파트/ 주상복합,충남,천안시 동남구,봉명동,삼성,SKT,레저/자동차,자전거/용품,자전거액세서리,자전거비밀번호 자물쇠 (소)  No75,http://item.gmarket.co.kr/Item?goodscode=1235749090
D***4,201904**,M,4,"사무직 (일반사무직, 공무원, 직업군인)",600~699만원,예    ,자녀 있음 ,아파트/ 주상복합,서울,송파구,잠실동,애플,SKT,자전거,자전거부품,튜브,자전거고급 타이어 튜브/던롭 프레스타 슈레더 튜브/슈발베 켄다 CST튜브/자전거용품 부품,http://www.11st.co.kr/product/SellerProductDetail.tmall?method=getSellerProductDetail&prdNo=1096604696
D***3,201904**,F,2,"학생 (초중고학생, 대학생, 대학원생)",800~899만원,아니오,          ,아파트/ 주상복합,인천,연수구,송도동,삼성,LG U+,레저/자동차,자전거/용품,자전거,지오스빈티지벨로체/GiosVintage Veloce 로드자전거,http://item.gmarket.co.kr/Item?goodscode=1273357815
D***5,201904**,M,2,무직,500~599만원,아니오,          ,연립주택/ 다세대/ 빌라,인천,서구,원당동,LG,LG U+,레저/자동차,자전거/용품,자전거의류/잡화,사은품증정나루 마스크 자전거 자외선차단 등산 골프 바라클라바 버프 겨울 방한 넥워머 복면  오토바이,http://www.11st.co.kr/product/SellerProductDetail.tmall?method=getSellerProductDetail&prdNo=1070268365
D***0,201904**,M,3,"서비스직 (요식업, 숙박업, 미용실종업원)",100만원 미만,아니오,          ,연립주택/ 다세대/ 빌라,충북,음성군,대소면,삼성,SKT,레저/자동차,자전거/용품,자전거액세서리,블랙울프미니줌 줌라이트 LED랜턴 후레쉬 자전거용품,http://www.11st.co.kr/product/SellerProductDetail.tmall?method=getSellerProductDetail&prdNo=1182033172
D***,201904**,F,3,"서비스직 (요식업, 숙박업, 미용실종업원)",200~299만원,아니오,          ,연립주택/ 다세대/ 빌라,서울,동작구,대방동,애플,LG U+,자전거,자전거,MTB,삼천리자전거팀60D MTB자전거 24단 알루미늄자전거,http://www.11st.co.kr/product/SellerProductDetail.tmall?method=getSellerProductDetail&prdNo=1230896068
D***,201904**,F,2,"사무직 (일반사무직, 공무원, 직업군인)",200~299만원,      ,          ,아파트/ 주상복합,경기,성남시 중원구,도촌동,삼성,SKT,레저/자동차,자전거/용품,자전거,삼천리가족형 HF200 7단 미니벨로 20형 접이식자전거,http://www.11st.co.kr/product/SellerProductDetail.tmall?method=getSellerProductDetail&prdNo=1096162616
D***6,201904**,F,4,"사무직 (일반사무직, 공무원, 직업군인)",400~499만원,예    ,자녀 있음 ,연립주택/ 다세대/ 빌라,서울,마포구,아현동,삼성,KT,레저/자동차,자전거/용품,자전거의류/잡화,쿨마스크멀티스카프 자외선차단마스크 자전거마스크,http://www.11st.co.kr/product/SellerProductDetail.tmall?method=getSellerProductDetail&prdNo=1042041108
D***7,201904**,M,5,"사무직 (일반사무직, 공무원, 직업군인)",200~299만원,      ,          ,아파트/ 주상복합,경기,수원시 팔달구,고등동,삼성,SKT,자전거/보드,일반자전거,외발/삼륜/2인용,[지오닉스]자이덴 나누미 20(50cm) 6단 성인용 세발자전거,http://item.gmarket.co.kr/Item?goodscode=1111789839
D***2,201904**,M,4,"사무직 (일반사무직, 공무원, 직업군인)",200~299만원,      ,          ,아파트/ 주상복합,경기,부천시 오정구,내동,삼성,SKT,자전거,자전거신발/고글/헬멧,헬멧,아동용자전거헬멧아동보호대 킥보드 인라인헬멧,http://www.11st.co.kr/product/SellerProductDetail.tmall?method=getSellerProductDetail&prdNo=1051520039
D***5,201904**,M,3,무직,200~299만원,아니오,          ,아파트/ 주상복합,충남,천안시 동남구,청당동,애플,LG U+,자전거,자전거,사이클,[쿠베로]에어리아2.0신형소라18 무료조립+최강사은품 NEW SORA 18,http://www.11st.co.kr/product/SellerProductDetail.tmall?method=getSellerProductDetail&prdNo=1224036819
D***4,201904**,M,3,"판매직 (상점점원, 보험설계사, 노점상)",700~799만원,아니오,          ,아파트/ 주상복합,서울,은평구,불광동,삼성,SKT,레저/자동차,자전거/용품,자전거액세서리,[VELO]VL3147전립선안장 - MTB 로드 싸이클 자전거 전립선 벨로 쿠션안장,http://www.11st.co.kr/product/SellerProductDetail.tmall?method=getSellerProductDetail&prdNo=1099006895
D***,201904**,M,4,"사무직 (일반사무직, 공무원, 직업군인)",200~299만원,      ,          ,아파트/ 주상복합,서울,노원구,상계10동,삼성,SKT,자전거,자전거신발/고글/헬멧,신발,에코사이클링/스피닝슈즈/스피닝운동화/스피닝신발/클릿슈즈/사이클운동화/사이클신발/사이클슈즈/클릿포함,http://www.11st.co.kr/product/SellerProductDetail.tmall?method=getSellerProductDetail&prdNo=1262545428
D***,201904**,M,2,"사무직 (일반사무직, 공무원, 직업군인)",200~299만원,      ,          ,아파트/ 주상복합,경기,부천시 원미구,약대동,삼성,SKT,레저/자동차,자전거/용품,헬멧/보호장비,가성비좋은 헬멧/빅이글 자전거헬멧/보호대/인라인/자전거용품,http://www.11st.co.kr/product/SellerProductDetail.tmall?method=getSellerProductDetail&prdNo=1187889237
D***,201904**,M,3,"사무직 (일반사무직, 공무원, 직업군인)",200~299만원,      ,          ,아파트/ 주상복합,충남,천안시 서북구,두정동,삼성,SKT,자전거,자전거신발/고글/헬멧,헬멧,스텔리오스고글헬멧 에어로 자전거헬멧 로드헬멧,http://www.11st.co.kr/product/SellerProductDetail.tmall?method=getSellerProductDetail&prdNo=1007190015
D***4,201904**,M,4,"사무직 (일반사무직, 공무원, 직업군인)",200~299만원,      ,          ,아파트/ 주상복합,인천,서구,경서동,삼성,SKT,자전거/보드,자전거타이어/부품,자전거튜브,[CST]700x25/32C fv60mm 자전거튜브 프레스타 흥아 켄다,http://item.gmarket.co.kr/Item?goodscode=1283528097
D***6,201904**,M,5,"사무직 (일반사무직, 공무원, 직업군인)",200~299만원,      ,          ,아파트/ 주상복합,강원,정선군,사북읍,삼성,SKT,자전거,자전거신발/고글/헬멧,보호대,나스카썬블럭 쿨토시/네이비/팔토시/자외선차단/스포츠/골프/등산/자전거/테니스/암슬리브/운전,http://www.11st.co.kr/product/SellerProductDetail.tmall?method=getSellerProductDetail&prdNo=1274967893
D***9,201904**,M,3,"전문직 (의사, 판검사, 예술가, 종교인)",300~399만원,예    ,자녀 없음 ,아파트/ 주상복합,서울,노원구,상계9동,애플,KT,자전거,자전거신발/고글/헬멧,장갑,윈드스토퍼스마트터치 겨울 방한장갑 네오프렌 방풍,http://www.11st.co.kr/product/SellerProductDetail.tmall?method=getSellerProductDetail&prdNo=1050935353
D***4,201904**,M,2,"학생 (초중고학생, 대학생, 대학원생)",900~999만원,아니오,          ,연립주택/ 다세대/ 빌라,경기,안양시 동안구,호계2동,삼성,SKT,자전거,자전거부품,브레이크패드,시마노디스크 브레이크 Resin 패드 B01S/BR-T615/C501/M575/M525/M486/M485/M475/M465 레진패드/래진패드,http://www.11st.co.kr/product/SellerProductDetail.tmall?method=getSellerProductDetail&prdNo=1060069949
D***2,201904**,M,5,기타 ,300~399만원,예    ,자녀 있음 ,아파트/ 주상복합,서울,송파구,잠실3동,삼성,SKT,자전거,자전거신발/고글/헬멧,보호대,(가온들)나스카/쿨토시/기능성팔토시/스포츠골프토시,http://www.11st.co.kr/product/SellerProductDetail.tmall?method=getSellerProductDetail&prdNo=11387459
D***5,201904**,M,3,"사무직 (일반사무직, 공무원, 직업군인)",300~399만원,예    ,자녀 있음 ,아파트/ 주상복합,경기,김포시,마산동,삼성,알뜰폰(MVNO),자전거/보드,자전거장갑/잡화,자전거장갑,[프로스펙스]스마트 방한장갑 등산장갑 자전거장갑 겨울장갑 축구,http://item.gmarket.co.kr/Item?goodscode=1150372758
D***8,201904**,M,4,"사무직 (일반사무직, 공무원, 직업군인)",400~499만원,예    ,자녀 있음 ,아파트/ 주상복합,경기,부천시 소사구,소사본동,삼성,KT,레저/자동차,자전거/용품,자전거,[삼천리자전거]하로GS20 7단 접이식자전거  어린이/여성 폴딩자전거,http://item.gmarket.co.kr/Item?goodscode=1201466217
D***1,201904**,F,3,"사무직 (일반사무직, 공무원, 직업군인)",100~199만원,예    ,자녀 없음 ,아파트/ 주상복합,대구,북구,칠성동2가,애플,KT,레저/자동차,자전거/용품,자전거,[21세기스쿠터]질주본능!21세기스쿠터/미드미 外 봄바람 일으키는 모빌리티 컬렉션,http://www.lotteimall.com/goods/viewGoodsDetail.lotte?goods_no=1154385444
D***9,201904**,M,3,"사무직 (일반사무직, 공무원, 직업군인)",400~499만원,예    ,자녀 있음 ,아파트/ 주상복합,인천,부평구,삼산1동,삼성,알뜰폰(MVNO),레저/자동차,자전거/용품,자전거의류/잡화,마스크/귀마개/멀티워머/넥워머/자전거/검정마스크,http://www.11st.co.kr/product/SellerProductDetail.tmall?method=getSellerProductDetail&prdNo=1167152971
D***4,201904**,F,3,"교직 (교사, 유치원교사, 학원강사)",400~499만원,예    ,자녀 없음 ,아파트/ 주상복합,충남,보령시,동대동,삼성,SKT,레저/자동차,자전거/용품,자전거의류/잡화,사은품증정나루 마스크 자전거 자외선차단 등산 골프 바라클라바 버프 겨울 방한 넥워머 복면  오토바이,http://www.11st.co.kr/product/SellerProductDetail.tmall?method=getSellerProductDetail&prdNo=1070268365
D***3,201904**,M,5,"사무직 (일반사무직, 공무원, 직업군인)",600~699만원,예    ,자녀 있음 ,아파트/ 주상복합,경기,용인시 기흥구,신갈동,삼성,KT,캠핑/골프/헬스/자전거,자전거의류/용품,기타용품,[펌프킹]가정용 자전거 거치대 HK-001,http://www.hnsmall.com/display/goods.do?goods_code=12714590
D***2,201904**,M,3,"기능직 (자동차정비, 운전기사, 안경사, 택시기사)",100~199만원,예    ,자녀 없음 ,단독주택,경남,창원시 진해구,태백동,삼성,SKT,레저/자동차,자전거/용품,자전거,베리벨로보스톤GS 22 18년형 22인치 MTB자전거,http://www.11st.co.kr/product/SellerProductDetail.tmall?method=getSellerProductDetail&prdNo=1264898395
D***2,201904**,M,3,"기능직 (자동차정비, 운전기사, 안경사, 택시기사)",100~199만원,예    ,자녀 없음 ,단독주택,경남,창원시 진해구,태백동,삼성,SKT,자전거/보드,자전거액세서리,자전거짐받이,바이크박스블랙   -  생활용 여성용 접이식 자전거 짐받이 거치용 접이식 짐 바구니,http://item.gmarket.co.kr/Item?goodscode=128833406
D***,201904**,M,5,"관리직 (사장, 간부, 고위공무원)",100~199만원,아니오,          ,아파트/ 주상복합,서울,강서구,화곡3동,애플,KT,레저/자동차,자전거/용품,자전거,알톤쉐보레 CFB2.4 24단 팻바이크/노바투스/우라노,http://www.11st.co.kr/product/SellerProductDetail.tmall?method=getSellerProductDetail&prdNo=1288179623
D***,201904**,F,2,"사무직 (일반사무직, 공무원, 직업군인)",200~299만원,      ,          ,아파트/ 주상복합,경기,시흥시,대야동,삼성,SKT,자전거,자전거부품,안장,풀카본안장자전거안장 초경량 카본안장,http://www.11st.co.kr/product/SellerProductDetail.tmall?method=getSellerProductDetail&prdNo=1240983940
D***,201904**,F,4,"주부 (전업주부, 파트타임 근무 주부)",900~999만원,예    ,자녀 있음 ,아파트/ 주상복합,경기,수원시 팔달구,인계동,삼성,KT,레저/자동차,자전거/용품,자전거액세서리,SCHWALBE슈발베 타이어레버 3개한세트 타이어교체 / 튜블러 시멘트/리무버/이지핏 악세사리,http://www.11st.co.kr/product/SellerProductDetail.tmall?method=getSellerProductDetail&prdNo=1263501442
D***,201904**,M,2,"사무직 (일반사무직, 공무원, 직업군인)",200~299만원,      ,          ,아파트/ 주상복합,부산,기장군,장안읍,삼성,SKT,자전거/보드,자전거타이어/부품,자전거튜브,[흥아]흥아 26인치x1.75/2.125 프레스타 60mm 자전거튜브,http://item.gmarket.co.kr/Item?goodscode=1284816502
D***,201904**,M,3,"사무직 (일반사무직, 공무원, 직업군인)",500~599만원,예    ,자녀 있음 ,아파트/ 주상복합,인천,계양구,귤현동,애플,SKT,레저/자동차,자전거/용품,자전거액세서리,[엑스피크]엑스피크 자전거힙색 트윈포켓파우치 자전거파우치,http://item.gmarket.co.kr/Item?goodscode=1124173801
D***,201904**,F,5,"사무직 (일반사무직, 공무원, 직업군인)",200~299만원,      ,          ,아파트/ 주상복합,대전,서구,둔산1동,삼성,SKT,자전거,자전거부품,안장,풀카본안장자전거안장 초경량 카본안장,http://www.11st.co.kr/product/SellerProductDetail.tmall?method=getSellerProductDetail&prdNo=1240983940
D***0,201904**,M,2,"사무직 (일반사무직, 공무원, 직업군인)",200~299만원,      ,          ,아파트/ 주상복합,서울,노원구,공릉1.3동,삼성,SKT,레저/자동차,자전거/용품,자전거의류/잡화,[엠씨엔]MCN 통기성좋고 시원한 매쉬마스크/UV자외선 벌레차단,http://item.gmarket.co.kr/Item?goodscode=1104924744
D***4,201904**,F,5,"주부 (전업주부, 파트타임 근무 주부)",300~399만원,예    ,자녀 있음 ,아파트/ 주상복합,경기,김포시,감정동,LG,SKT,레저/자동차,자전거/용품,자전거의류/잡화,아동.유아.어린이/무릎보호대.헬멧.장갑 세트/자전거용품.인라인스케이트.씽씽카.안전용품.블랙프라이데이,http://www.11st.co.kr/product/SellerProductDetail.tmall?method=getSellerProductDetail&prdNo=1066221250
D***3,201904**,M,3,"사무직 (일반사무직, 공무원, 직업군인)",200~299만원,      ,          ,아파트/ 주상복합,서울,동대문구,신설동,삼성,SKT,레저/자동차,자전거/용품,자전거액세서리,(자전거용품.부품모음)자물쇠라이트펌프바구니짐받이안장가방헬멧보호대후미등페달보조바퀴벨전조등거치대,http://www.11st.co.kr/product/SellerProductDetail.tmall?method=getSellerProductDetail&prdNo=1258567584
D***2,201904**,M,4,"사무직 (일반사무직, 공무원, 직업군인)",600~699만원,예    ,자녀 있음 ,아파트/ 주상복합,서울,서초구,서초4동,삼성,SKT,자전거,자전거신발/고글/헬멧,보호대,킹카301 성인 보호대 팔꿈치 손목 무릎 남여공용,http://www.11st.co.kr/product/SellerProductDetail.tmall?method=getSellerProductDetail&prdNo=1083507717
D***7,201904**,M,5,"관리직 (사장, 간부, 고위공무원)",500~599만원,예    ,자녀 있음 ,아파트/ 주상복합,서울,영등포구,신길1동,삼성,SKT,자전거,자전거,사이클,[쿠베로]에어리아2.0신형소라18 무료조립+최강사은품 NEW SORA 18,http://www.11st.co.kr/product/SellerProductDetail.tmall?method=getSellerProductDetail&prdNo=1224036819
D***2,201904**,M,3,"사무직 (일반사무직, 공무원, 직업군인)",300~399만원,아니오,          ,아파트/ 주상복합,경기,화성시,동탄면,애플,알뜰폰(MVNO),자전거,자전거부품,핸들그립,Giant그립/Connect 커넥트 에르고 맥스 락온 (2색상),http://www.11st.co.kr/product/SellerProductDetail.tmall?method=getSellerProductDetail&prdNo=1137382869
D***1,201904**,F,3,"교직 (교사, 유치원교사, 학원강사)",400~499만원,예    ,자녀 있음 ,아파트/ 주상복합,울산,북구,중산동,삼성,KT,레저/자동차,자전거/용품,자전거의류/잡화,1대1사은품증정 나루마스크 X1 X5 자외선차단마스크,http://www.11st.co.kr/product/SellerProductDetail.tmall?method=getSellerProductDetail&prdNo=11127502
D***9,201904**,F,3,"주부 (전업주부, 파트타임 근무 주부)",400~499만원,예    ,자녀 있음 ,아파트/ 주상복합,인천,서구,경서동,삼성,SKT,레저/자동차,자전거/용품,자전거의류/잡화,DBIKE디빅 투라인 집게 후미등,http://item.gmarket.co.kr/Item?goodscode=1205206386
D***9,201904**,M,4,"사무직 (일반사무직, 공무원, 직업군인)",300~399만원,예    ,자녀 있음 ,아파트/ 주상복합,경기,김포시,운양동,삼성,KT,자전거,자전거,사이클,[쿠베로]에어리아2.0신형소라18 무료조립+최강사은품 NEW SORA 18,http://www.11st.co.kr/product/SellerProductDetail.tmall?method=getSellerProductDetail&prdNo=1224036819
D***9,201904**,M,3,"사무직 (일반사무직, 공무원, 직업군인)",200~299만원,      ,          ,아파트/ 주상복합,대구,동구,신암2동,삼성,SKT,자전거/보드,일반자전거,외발/삼륜/2인용,[자이덴]지오닉스 나누미 에코 성인용 세발 트라이 삼륜자전거,http://item.gmarket.co.kr/Item?goodscode=1292909571
D***2,201904**,M,2,"학생 (초중고학생, 대학생, 대학원생)",500~599만원,아니오,          ,아파트/ 주상복합,강원,원주시,단계동,애플,SKT,자전거,자전거부품,안장,삼천리전립선 안장패드/MTB ROAD 안장용 쿠션커버/하이브리드 안장커버/자전거안장커버/로드용 자전거용품,http://www.11st.co.kr/product/SellerProductDetail.tmall?method=getSellerProductDetail&prdNo=1232420657
D***5,201904**,M,5,"사무직 (일반사무직, 공무원, 직업군인)",500~599만원,예    ,자녀 있음 ,아파트/ 주상복합,서울,성동구,행당2동,삼성,KT,자전거,자전거신발/고글/헬멧,장갑,윈드스토퍼스마트터치 겨울 방한장갑 네오프렌 방풍,http://www.11st.co.kr/product/SellerProductDetail.tmall?method=getSellerProductDetail&prdNo=1050935353
D***4,201904**,M,3,"사무직 (일반사무직, 공무원, 직업군인)",200~299만원,      ,          ,아파트/ 주상복합,서울,성동구,성수2가1동,삼성,SKT,자전거,튜닝용품,전시스탠드,"자전거스텐드거치대/16,18,20,22,24,26스탠드 받침대 보관대 접이식 자전거용품",http://www.11st.co.kr/product/SellerProductDetail.tmall?method=getSellerProductDetail&prdNo=12932139
D***,201905**,M,2,"학생 (초중고학생, 대학생, 대학원생)",700~799만원,아니오,          ,기타 ,서울,성북구,길음1동,애플,LG U+,자전거/보드,일반자전거,외발/삼륜/2인용,절대터지지않는알로이 컨츄리 성인 세발자전거 삼륜,http://item.gmarket.co.kr/Item?goodscode=1201833484
D***,201905**,F,3,"사무직 (일반사무직, 공무원, 직업군인)",200~299만원,      ,          ,아파트/ 주상복합,경남,창원시 의창구,명서동,삼성,SKT,레저/자동차,자전거/용품,자전거액세서리,자전거라이트LED 전조등 후미등 후레쉬 [거치대증정],http://www.11st.co.kr/product/SellerProductDetail.tmall?method=getSellerProductDetail&prdNo=1080334719
D***,201905**,M,3,"사무직 (일반사무직, 공무원, 직업군인)",200~299만원,      ,          ,아파트/ 주상복합,인천,연수구,옥련2동,삼성,KT,레저/자동차,자전거/용품,자전거의류/잡화,머스타시벌룬 기모마스크 MHM-10/방한/보드마스크,http://www.11st.co.kr/product/SellerProductDetail.tmall?method=getSellerProductDetail&prdNo=1187564080
D***1,201905**,M,4,"관리직 (사장, 간부, 고위공무원)",200~299만원,예    ,자녀 있음 ,아파트/ 주상복합,경기,수원시 팔달구,인계동,삼성,LG U+,자전거,자전거부품,브레이크패드,시마노디스크 브레이크 Resin 패드 B01S/BR-T615/C501/M575/M525/M486/M485/M475/M465 레진패드/래진패드,http://www.11st.co.kr/product/SellerProductDetail.tmall?method=getSellerProductDetail&prdNo=1060069949
D***,201905**,F,4,"교직 (교사, 유치원교사, 학원강사)",600~699만원,예    ,자녀 있음 ,아파트/ 주상복합,경북,포항시 북구,우현동,애플,SKT,자전거/보드,자전거타이어/부품,자전거튜브,[CST]700x25/32C fv48mm 자전거튜브 프레스타 흥아 켄다,http://item.gmarket.co.kr/Item?goodscode=1283527298
D***,201905**,F,3,"사무직 (일반사무직, 공무원, 직업군인)",200~299만원,      ,          ,아파트/ 주상복합,서울,강서구,화곡8동,삼성,SKT,레저/자동차,자전거/용품,자전거액세서리,[J]쿨시트 방석 오토바이 스쿠터 헬멧 용품,http://www.11st.co.kr/product/SellerProductDetail.tmall?method=getSellerProductDetail&prdNo=1082590066
D***,201905**,M,5,"기능직 (자동차정비, 운전기사, 안경사, 택시기사)",200~299만원,아니오,          ,오피스텔,서울,서대문구,홍은2동,LG,LG U+,자전거,자전거신발/고글/헬멧,보호대,[AQUA-X/국산]발렌티노무봉제 쿨토시/아쿠아엑스,http://www.11st.co.kr/product/SellerProductDetail.tmall?method=getSellerProductDetail&prdNo=1261126293
D***,201905**,M,2,"사무직 (일반사무직, 공무원, 직업군인)",200~299만원,      ,          ,아파트/ 주상복합,인천,남구,도화1동,삼성,SKT,자전거,자전거신발/고글/헬멧,보호대,(가온들)나스카/쿨토시/기능성팔토시/스포츠골프토시,http://www.11st.co.kr/product/SellerProductDetail.tmall?method=getSellerProductDetail&prdNo=11387459
D***,201905**,M,4,"자영업 (도소매업, 숙박업, 미용업)",200~299만원,아니오,          ,연립주택/ 다세대/ 빌라,서울,중랑구,면목7동,삼성,알뜰폰(MVNO),자전거,자전거관리용품,광택,자전거방수보관커버/방수자전거 커버/PEVA원단,http://www.11st.co.kr/product/SellerProductDetail.tmall?method=getSellerProductDetail&prdNo=1255618282
D***,201905**,M,3,"사무직 (일반사무직, 공무원, 직업군인)",200~299만원,      ,          ,아파트/ 주상복합,전북,군산시,나운1동,삼성,SKT,레저/자동차,자전거/용품,헬멧/보호장비,에어워크보호대 성인용/아동용 헬멧/가방 용품 S16,http://www.11st.co.kr/product/SellerProductDetail.tmall?method=getSellerProductDetail&prdNo=12617089
D***2,201905**,M,3,"사무직 (일반사무직, 공무원, 직업군인)",200~299만원,      ,          ,아파트/ 주상복합,서울,마포구,당인동,삼성,SKT,자전거,자전거신발/고글/헬멧,헬멧,2018GIRO 지로 QUARTER 쿼터 어반 자전거 헬멧 BMX,http://www.11st.co.kr/product/SellerProductDetail.tmall?method=getSellerProductDetail&prdNo=1246004626
D***9,201905**,M,4,"사무직 (일반사무직, 공무원, 직업군인)",200~299만원,      ,          ,아파트/ 주상복합,부산,금정구,금사동,삼성,SKT,자전거,자전거부품,브레이크레버,브레이크레버/아동용/성인용/알로이브레이크레버/자전거부품/자전거브레이크레버,http://www.11st.co.kr/product/SellerProductDetail.tmall?method=getSellerProductDetail&prdNo=1280791866
D***6,201905**,M,2,"사무직 (일반사무직, 공무원, 직업군인)",200~299만원,      ,          ,아파트/ 주상복합,인천,동구,송림3동,삼성,SKT,레저/자동차,자전거/용품,자전거의류/잡화,[엠씨엔]MCN 통기성좋고 시원한 매쉬마스크/UV자외선 벌레차단,http://item.gmarket.co.kr/Item?goodscode=1104924744
D***6,201905**,F,5,"자영업 (도소매업, 숙박업, 미용업)",700~799만원,예    ,자녀 있음 ,단독주택,충남,아산시,용화동,삼성,KT,레저/자동차,자전거/용품,자전거의류/잡화,아동.유아.어린이/무릎보호대.헬멧.장갑 세트/자전거용품.인라인스케이트.씽씽카.안전용품.블랙프라이데이,http://www.11st.co.kr/product/SellerProductDetail.tmall?method=getSellerProductDetail&prdNo=1066221250
D***9,201905**,F,3,"자영업 (도소매업, 숙박업, 미용업)",300~399만원,예    ,자녀 있음 ,연립주택/ 다세대/ 빌라,서울,동작구,상도동,삼성,KT,자전거,튜닝용품,후미등,문라이트크레센트/코멧/쉴드/디펜더/메테오/ 자전거라이트 자전거후미등,http://www.11st.co.kr/product/SellerProductDetail.tmall?method=getSellerProductDetail&prdNo=1086040122
D***2,201905**,M,2,"서비스직 (요식업, 숙박업, 미용실종업원)",200~299만원,아니오,          ,연립주택/ 다세대/ 빌라,서울,중랑구,망우동,삼성,SKT,레저/자동차,자전거/용품,자전거,자이덴라스카FX20 20인치 7단 접이식 자전거,http://www.11st.co.kr/product/SellerProductDetail.tmall?method=getSellerProductDetail&prdNo=1202758720
D***,201905**,M,2,무직,100만원 미만,아니오,          ,아파트/ 주상복합,서울,강서구,등촌2동,삼성,알뜰폰(MVNO),자전거,자전거신발/고글/헬멧,보호대,[성인보호대 세트] 에어워크 보호대 손목_무릎_팔꿈치,http://www.11st.co.kr/product/SellerProductDetail.tmall?method=getSellerProductDetail&prdNo=1112671449
D***,201905**,F,2,"서비스직 (요식업, 숙박업, 미용실종업원)",400~499만원,예    ,자녀 없음 ,연립주택/ 다세대/ 빌라,서울,은평구,갈현1동,삼성,LG U+,레저/자동차,자전거/용품,헬멧/보호장비,GAIUS어반헬멧 킥보드헬멧 성인 청소년헬멧,http://www.11st.co.kr/product/SellerProductDetail.tmall?method=getSellerProductDetail&prdNo=1036710596
D***,201905**,F,4,"사무직 (일반사무직, 공무원, 직업군인)",200~299만원,예    ,자녀 있음 ,연립주택/ 다세대/ 빌라,경기,구리시,인창동,LG,KT,자전거,튜닝용품,전시스탠드,포인트배너실외용거치대 양면겸용 홍보 이벤트,http://www.11st.co.kr/product/SellerProductDetail.tmall?method=getSellerProductDetail&prdNo=1236804619
D***,201905**,M,2,"사무직 (일반사무직, 공무원, 직업군인)",200~299만원,      ,          ,아파트/ 주상복합,충북,청주시 상당구,영운동,삼성,SKT,자전거/보드,자전거바구니/가방,크로스가방,엑스피크빅파우치 자전거 휴대폰파우치,http://item.gmarket.co.kr/Item?goodscode=1187012636
D***8,201905**,F,4,"사무직 (일반사무직, 공무원, 직업군인)",200~299만원,      ,          ,아파트/ 주상복합,서울,동대문구,전농2동,삼성,SKT,자전거,자전거신발/고글/헬멧,헬멧,코아브어반st 자전거 헬멧 성인용 용품 보드 인라인,http://www.11st.co.kr/product/SellerProductDetail.tmall?method=getSellerProductDetail&prdNo=1219634494
D***8,201905**,F,3,"사무직 (일반사무직, 공무원, 직업군인)",200~299만원,아니오,          ,오피스텔,인천,연수구,송도동,LG,LG U+,자전거,자전거부품,핸들그립,Giant그립/Connect 커넥트 에르고 맥스 락온 (2색상),http://www.11st.co.kr/product/SellerProductDetail.tmall?method=getSellerProductDetail&prdNo=1137382869
D***8,201905**,M,3,"사무직 (일반사무직, 공무원, 직업군인)",800~899만원,예    ,자녀 있음 ,아파트/ 주상복합,광주,북구,풍향동,삼성,SKT,자전거/보드,자전거바구니/가방,크로스가방,[엑스피크]2포켓 스마트폰 파우치/암밴드+목걸이 기본증정,http://item.gmarket.co.kr/Item?goodscode=1187012646
D***7,201905**,F,3,"사무직 (일반사무직, 공무원, 직업군인)",200~299만원,      ,          ,아파트/ 주상복합,충북,음성군,맹동면,삼성,SKT,자전거/보드,자전거라이트,라이트거치대,페어맨만능 18650충전기 FLIC-210 자전거라이트 2구,http://item.gmarket.co.kr/Item?goodscode=1237810051
D***2,201905**,M,5,"사무직 (일반사무직, 공무원, 직업군인)",200~299만원,      ,          ,아파트/ 주상복합,전남,무안군,몽탄면,삼성,SKT,자전거,자전거부품,브레이크패드,[FNS]크락스오가닉 디스크브레이크 패드(벌크제품),http://www.11st.co.kr/product/SellerProductDetail.tmall?method=getSellerProductDetail&prdNo=1097542995
D***8,201905**,M,4,"사무직 (일반사무직, 공무원, 직업군인)",700~799만원,예    ,자녀 있음 ,아파트/ 주상복합,경기,안산시 단원구,신길동,LG,LG U+,자전거/보드,자전거장갑/잡화,자전거장갑,[킹썰]스포츠/등산/자전거장갑/여름장갑/반장갑/핸드폰터치,http://item.gmarket.co.kr/Item?goodscode=1144168847
D***6,201905**,F,5,"자영업 (도소매업, 숙박업, 미용업)",700~799만원,예    ,자녀 있음 ,단독주택,충남,아산시,용화동,삼성,KT,레저/자동차,자전거/용품,자전거의류/잡화,[PUMA]푸마 여성 더블 스트레치 기모 본딩 팬츠 3종세트 GFYYFG22,http://www.hnsmall.com/display/goods.do?goods_code=12835199
D***5,201905**,M,5,"사무직 (일반사무직, 공무원, 직업군인)",600~699만원,예    ,자녀 있음 ,아파트/ 주상복합,대전,중구,태평2동,삼성,KT,자전거,자전거,MTB,프로메이드풀서스펜션 24인치 MTB자전거 아스톤힐DS,http://www.11st.co.kr/product/SellerProductDetail.tmall?method=getSellerProductDetail&prdNo=1190027550
D***5,201905**,M,4,"기능직 (자동차정비, 운전기사, 안경사, 택시기사)",700~799만원,예    ,자녀 있음 ,아파트/ 주상복합,충남,당진군,당진읍,삼성,LG U+,레저/자동차,자전거/용품,자전거,지멘스여성용 부인용 자전거 클래식 24 26인치,http://item.gmarket.co.kr/Item?goodscode=1110235162
D***,201905**,M,4,"사무직 (일반사무직, 공무원, 직업군인)",200~299만원,      ,          ,아파트/ 주상복합,인천,부평구,부평4동,삼성,SKT,캠핑/골프/헬스/자전거,자전거의류/용품,신발,뉴발란스CRT300 스니커즈 운동화 (CRT300CA),http://www.hnsmall.com/display/goods.do?goods_code=12922166
D***,201905**,F,4,"사무직 (일반사무직, 공무원, 직업군인)",200~299만원,      ,          ,아파트/ 주상복합,서울,동대문구,장안1동,삼성,SKT,자전거/보드,자전거타이어/부품,자전거튜브,[흥아]흥아 700C x 23/25C 프레스타 80mm 자전거튜브 로드,http://item.gmarket.co.kr/Item?goodscode=1287261891
D***,201905**,M,2,"사무직 (일반사무직, 공무원, 직업군인)",200~299만원,      ,          ,아파트/ 주상복합,서울,성동구,하왕십리동,삼성,SKT,레저/자동차,자전거/용품,헬멧/보호장비,심플한도시형헬멧/빅이글 어반헬멧/자전거용품/인라인,http://www.11st.co.kr/product/SellerProductDetail.tmall?method=getSellerProductDetail&prdNo=1187901648
D***,201905**,M,2,"사무직 (일반사무직, 공무원, 직업군인)",200~299만원,      ,          ,아파트/ 주상복합,경기,의정부시,가능1동,삼성,SKT,레저/자동차,자전거/용품,자전거,[스마트]삼천리/스마트/바이맥스 접이식자전거 미니벨로 4종,http://item.gmarket.co.kr/Item?goodscode=1278067146
D***,201905**,M,2,"학생 (초중고학생, 대학생, 대학원생)",200~299만원,아니오,          ,연립주택/ 다세대/ 빌라,서울,동대문구,용두동,LG,LG U+,레저/자동차,자전거/용품,자전거의류/잡화,{지오무역}[쿨멀티스카프모음]쿨마스크/냉동스카프/,http://www.11st.co.kr/product/SellerProductDetail.tmall?method=getSellerProductDetail&prdNo=1280486843
D***,201905**,M,5,"관리직 (사장, 간부, 고위공무원)",700~799만원,예    ,자녀 있음 ,아파트/ 주상복합,경기,하남시,망월동,삼성,SKT,레저/자동차,자전거/용품,자전거액세서리,자전거휠 라이트 안전등  LED라이트 후미등,http://www.11st.co.kr/product/SellerProductDetail.tmall?method=getSellerProductDetail&prdNo=1076764951
D***3,201905**,M,5,"사무직 (일반사무직, 공무원, 직업군인)",200~299만원,      ,          ,아파트/ 주상복합,경기,안산시 상록구,건건동,삼성,SKT,캠핑/골프/헬스/자전거,자전거의류/용품,기타용품,[펌프킹]가정용 자전거 거치대 HK-001,http://www.hnsmall.com/display/goods.do?goods_code=12714590
D***3,201905**,M,3,"사무직 (일반사무직, 공무원, 직업군인)",200~299만원,      ,          ,아파트/ 주상복합,경기,부천시 원미구,심곡1동,삼성,SKT,레저/자동차,자전거/용품,자전거,[삼천리]접이식여성자전거/미니벨로 바구니 자전거,http://www.11st.co.kr/product/SellerProductDetail.tmall?method=getSellerProductDetail&prdNo=1013926352
D***8,201905**,F,3,"사무직 (일반사무직, 공무원, 직업군인)",700~799만원,예    ,자녀 있음 ,아파트/ 주상복합,경기,부천시 소사구,심곡본1동,삼성,SKT,레저/자동차,자전거/용품,자전거액세서리,자전거라이트LED 전조등 후미등 후레쉬 [거치대증정],http://www.11st.co.kr/product/SellerProductDetail.tmall?method=getSellerProductDetail&prdNo=1080334719
D***6,201905**,F,2,"사무직 (일반사무직, 공무원, 직업군인)",200~299만원,      ,          ,아파트/ 주상복합,서울,구로구,구로4동,삼성,SKT,레저/자동차,자전거/용품,자전거액세서리,블랙울프자전거 라이트 용품 18650 배터리 충전기,http://www.11st.co.kr/product/SellerProductDetail.tmall?method=getSellerProductDetail&prdNo=1003701027
D***0,201905**,M,5,"사무직 (일반사무직, 공무원, 직업군인)",200~299만원,      ,          ,아파트/ 주상복합,경기,평택시,팽성읍,삼성,SKT,캠핑/골프/헬스/자전거,자전거의류/용품,신발,뉴발란스CRT300 스니커즈 운동화 (CRT300CA),http://www.hnsmall.com/display/goods.do?goods_code=12922166
D***2,201905**,M,3,"사무직 (일반사무직, 공무원, 직업군인)",200~299만원,      ,          ,아파트/ 주상복합,서울,노원구,상계9동,삼성,SKT,레저/자동차,자전거/용품,자전거의류/잡화,DBIKE디빅 투라인 집게 후미등,http://item.gmarket.co.kr/Item?goodscode=1205206386
D***8,201905**,M,3,"서비스직 (요식업, 숙박업, 미용실종업원)",300~399만원,예    ,자녀 있음 ,아파트/ 주상복합,서울,강서구,내발산동,삼성,SKT,레저/자동차,자전거/용품,자전거,[스마트]삼천리/스마트/바이맥스 접이식자전거 미니벨로 4종,http://item.gmarket.co.kr/Item?goodscode=1278067146
D***6,201905**,M,3,"교직 (교사, 유치원교사, 학원강사)",800~899만원,예    ,자녀 있음 ,아파트/ 주상복합,서울,송파구,마천1동,LG,KT,레저/자동차,자전거/용품,자전거의류/잡화,방한멀티스카프/멀티워머/넥워머/마스크/스키/자전거,http://item.gmarket.co.kr/Item?goodscode=1145899445
D***9,201905**,M,2,"학생 (초중고학생, 대학생, 대학원생)",100만원 미만,아니오,          ,연립주택/ 다세대/ 빌라,부산,사하구,신평1동,삼성,SKT,레저/자동차,자전거/용품,자전거,[스마트]삼천리/스마트 접이식자전거 미니벨로 4종,http://item.gmarket.co.kr/Item?goodscode=1278067146
D***7,201905**,F,2,"전문직 (의사, 판검사, 예술가, 종교인)",100만원 미만,아니오,          ,오피스텔,서울,강남구,청담동,애플,LG U+,자전거,자전거관리용품,에어펌프(발펌프),국산삼흥 발펌프 공기주입기 손펌프 에어펌프 자전거펌프 공 오토바이 바이크 휴대용 쌍발펌프 튜브 스포,http://www.11st.co.kr/product/SellerProductDetail.tmall?method=getSellerProductDetail&prdNo=1105695651
D***8,201905**,M,3,"자영업 (도소매업, 숙박업, 미용업)","1,000만원 이상",아니오,          ,연립주택/ 다세대/ 빌라,충남,천안시 서북구,두정동,삼성,SKT,레저/자동차,자전거/용품,자전거,[스마트]삼천리/스마트 접이식자전거 미니벨로 4종,http://item.gmarket.co.kr/Item?goodscode=1278067146
D***,201905**,M,3,"사무직 (일반사무직, 공무원, 직업군인)",200~299만원,      ,          ,아파트/ 주상복합,서울,강서구,가양1동,삼성,SKT,레저/자동차,자전거/용품,자전거,삼천리가족형 HF200 7단 미니벨로 20형 접이식자전거,http://www.11st.co.kr/product/SellerProductDetail.tmall?method=getSellerProductDetail&prdNo=1096162616
D***,201905**,M,2,"농/축/광/수산업 (축산, 낙농업, 수산, 임업, 광업)",700~799만원,아니오,          ,오피스텔,경기,안양시 만안구,안양3동,삼성,알뜰폰(MVNO),캠핑/골프/헬스/자전거,자전거의류/용품,공용상의,[MCN]윈드베스트 MSV-16 블랙/자전거조끼,http://www.hnsmall.com/display/goods.do?goods_code=12602302
D***,201905**,M,3,무직,300~399만원,아니오,          ,아파트/ 주상복합,인천,연수구,선학동,삼성,LG U+,자전거,튜닝용품,전시스탠드,토픽스텐드 DUAL TOUCH BIKE STAND 자전거거치대,http://www.11st.co.kr/product/SellerProductDetail.tmall?method=getSellerProductDetail&prdNo=1154312380
D***,201905**,M,2,"사무직 (일반사무직, 공무원, 직업군인)",200~299만원,      ,          ,아파트/ 주상복합,경기,성남시 분당구,운중동,삼성,SKT,레저/자동차,자전거/용품,자전거액세서리,18650AA AAA 충전지 배터리 충전기 i4 D2 i2 UM20,http://www.11st.co.kr/product/SellerProductDetail.tmall?method=getSellerProductDetail&prdNo=1181473940
D***9,201905**,F,5,"주부 (전업주부, 파트타임 근무 주부)",400~499만원,예    ,자녀 있음 ,아파트/ 주상복합,서울,도봉구,창2동,삼성,KT,레저/자동차,자전거/용품,자전거,[21세기스쿠터]질주본능!21세기스쿠터/미드미 外 봄바람 일으키는 모빌리티 컬렉션,http://www.lotteimall.com/goods/viewGoodsDetail.lotte?goods_no=1154385444
D***4,201905**,M,2,"서비스직 (요식업, 숙박업, 미용실종업원)",200~299만원,아니오,          ,단독주택,광주,동구,학동,애플,LG U+,자전거,튜닝용품,트레이너(로라),엘리트노보 맥 포스/자전거용품/자전거롤러,http://www.11st.co.kr/product/SellerProductDetail.tmall?method=getSellerProductDetail&prdNo=1271754585
D***9,201905**,M,2,"학생 (초중고학생, 대학생, 대학원생)",100만원 미만,아니오,          ,연립주택/ 다세대/ 빌라,부산,사하구,신평1동,삼성,SKT,자전거,자전거신발/고글/헬멧,헬멧,아동용자전거헬멧아동보호대 킥보드 인라인헬멧,http://www.11st.co.kr/product/SellerProductDetail.tmall?method=getSellerProductDetail&prdNo=1051520039
D***3,201905**,F,5,"사무직 (일반사무직, 공무원, 직업군인)",900~999만원,예    ,자녀 있음 ,아파트/ 주상복합,서울,송파구,문정1동,삼성,LG U+,레저/자동차,자전거/용품,헬멧/보호장비,GIFT삼천리 헬멧 SH330S 선바이저 자전거용품 인라인,http://www.11st.co.kr/product/SellerProductDetail.tmall?method=getSellerProductDetail&prdNo=115415058
D***6,201905**,M,4,"사무직 (일반사무직, 공무원, 직업군인)",400~499만원,예    ,자녀 있음 ,연립주택/ 다세대/ 빌라,서울,도봉구,방학1동,삼성,SKT,레저/자동차,자전거/용품,헬멧/보호장비,가성비좋은 헬멧/빅이글 자전거헬멧/보호대/인라인/자전거용품,http://www.11st.co.kr/product/SellerProductDetail.tmall?method=getSellerProductDetail&prdNo=1187889237
D***0,201905**,M,3,무직,100만원 미만,예    ,자녀 있음 ,아파트/ 주상복합,경기,군포시,산본동,삼성,SKT,자전거,튜닝용품,흙받이,자전거흙받이/짐받이가방/강철크롬짐받이/받침대/보조안장/쇼바형짐받이/자전거용품,http://www.11st.co.kr/product/SellerProductDetail.tmall?method=getSellerProductDetail&prdNo=1081764401
D***,201905**,M,4,"사무직 (일반사무직, 공무원, 직업군인)",200~299만원,      ,          ,아파트/ 주상복합,서울,양천구,신정3동,삼성,SKT,자전거,자전거부품,핸들그립,Giant그립/Connect 커넥트 에르고 맥스 락온 (2색상),http://www.11st.co.kr/product/SellerProductDetail.tmall?method=getSellerProductDetail&prdNo=1137382869
D***,201905**,F,3,무직,"1,000만원 이상",아니오,          ,아파트/ 주상복합,대구,북구,침산3동,애플,KT,레저/자동차,자전거/용품,헬멧/보호장비,GIFT삼천리 헬멧 SH330S 선바이저 자전거용품 인라인,http://www.11st.co.kr/product/SellerProductDetail.tmall?method=getSellerProductDetail&prdNo=115415058
D***,201905**,M,3,"사무직 (일반사무직, 공무원, 직업군인)",200~299만원,      ,          ,아파트/ 주상복합,충남,천안시 동남구,신방동,삼성,SKT,자전거,자전거부품,보조바퀴,SM-901성인용 보조바퀴(20~26인치용),http://www.11st.co.kr/product/SellerProductDetail.tmall?method=getSellerProductDetail&prdNo=1200999290
D***,201905**,M,2,"사무직 (일반사무직, 공무원, 직업군인)",200~299만원,      ,          ,아파트/ 주상복합,충남,서산시,고북면,삼성,SKT,자전거,자전거,MTB,삼천리자전거/하운드팀50D/MTB자전거/산악자전거,http://www.11st.co.kr/product/SellerProductDetail.tmall?method=getSellerProductDetail&prdNo=1254184372
D***,201905**,M,4,"사무직 (일반사무직, 공무원, 직업군인)",200~299만원,      ,          ,아파트/ 주상복합,서울,노원구,상계6.7동,삼성,SKT,자전거,자전거신발/고글/헬멧,보호대,일본코미네09-021 오토바이 핸들워머 빅스쿠터 전동 킥보드 토시 퀵보드 토시 장갑 겨울 방한용품,http://www.11st.co.kr/product/SellerProductDetail.tmall?method=getSellerProductDetail&prdNo=107138111
D***,201905**,M,3,"사무직 (일반사무직, 공무원, 직업군인)",200~299만원,      ,          ,아파트/ 주상복합,서울,강북구,수유3동,삼성,SKT,자전거,자전거신발/고글/헬멧,보호대,[성인보호대 세트] 에어워크 보호대 손목_무릎_팔꿈치,http://www.11st.co.kr/product/SellerProductDetail.tmall?method=getSellerProductDetail&prdNo=1112671449
D***,201905**,M,3,"사무직 (일반사무직, 공무원, 직업군인)",200~299만원,      ,          ,아파트/ 주상복합,경기,성남시 중원구,상대원3동,삼성,SKT,자전거,자전거신발/고글/헬멧,보호대,나스카썬블럭 쿨토시/네이비/팔토시/자외선차단/스포츠/골프/등산/자전거/테니스/암슬리브/운전,http://www.11st.co.kr/product/SellerProductDetail.tmall?method=getSellerProductDetail&prdNo=1274967893
D***7,201905**,M,4,"사무직 (일반사무직, 공무원, 직업군인)",700~799만원,예    ,자녀 있음 ,아파트/ 주상복합,서울,강북구,미아동,삼성,KT,레저/자동차,자전거/용품,자전거액세서리,SCHWALBE슈발베 타이어레버 3개한세트 타이어교체 / 튜블러 시멘트/리무버/이지핏 악세사리,http://www.11st.co.kr/product/SellerProductDetail.tmall?method=getSellerProductDetail&prdNo=1263501442
D***0,201905**,M,3,"사무직 (일반사무직, 공무원, 직업군인)",200~299만원,아니오,          ,아파트/ 주상복합,울산,남구,선암동,삼성,KT,자전거,자전거관리용품,펑크패치,무료배송휴대용 펑크패치/타이어 튜브 레버 정비 수리 공구세트/자전거용품.부품,http://www.11st.co.kr/product/SellerProductDetail.tmall?method=getSellerProductDetail&prdNo=1028212762
D***4,201905**,M,2,"사무직 (일반사무직, 공무원, 직업군인)",200~299만원,      ,          ,아파트/ 주상복합,서울,강남구,삼성2동,삼성,SKT,레저/자동차,자전거/용품,자전거의류/잡화,"하이맥스매쉬 긴장갑 -  봄,여름,가을 장갑",http://www.11st.co.kr/product/SellerProductDetail.tmall?method=getSellerProductDetail&prdNo=1210492663
D***4,201905**,F,2,"생산/노무직 (생산감독, 경비원, 공장근로자)",600~699만원,아니오,          ,아파트/ 주상복합,경북,칠곡군,석적읍,애플,LG U+,레저/자동차,자전거/용품,자전거,자이덴라스카FX20 20인치 7단 접이식 자전거,http://www.11st.co.kr/product/SellerProductDetail.tmall?method=getSellerProductDetail&prdNo=1202758720
D***8,201905**,M,2,"사무직 (일반사무직, 공무원, 직업군인)",200~299만원,      ,          ,아파트/ 주상복합,경기,평택시,신장동,애플,LG U+,자전거,자전거신발/고글/헬멧,장갑,자전거방한토시 바이크 핸들덮개 방한커버 손토시,http://www.11st.co.kr/product/SellerProductDetail.tmall?method=getSellerProductDetail&prdNo=1164858474
D***0,201905**,M,2,"사무직 (일반사무직, 공무원, 직업군인)",200~299만원,      ,          ,아파트/ 주상복합,경기,안양시 동안구,관양1동,삼성,SKT,자전거/보드,자전거타이어/부품,자전거튜브,[CST]700x25/32C fv48mm 자전거튜브 프레스타 흥아 켄다,http://item.gmarket.co.kr/Item?goodscode=1283527298
D***,201905**,M,4,"사무직 (일반사무직, 공무원, 직업군인)",200~299만원,      ,          ,아파트/ 주상복합,경기,부천시 소사구,소사본동,삼성,SKT,레저/자동차,자전거/용품,헬멧/보호장비,에어워크보호대 성인용/아동용 헬멧/가방 용품 S16,http://www.11st.co.kr/product/SellerProductDetail.tmall?method=getSellerProductDetail&prdNo=12617089
D***,201905**,F,4,"사무직 (일반사무직, 공무원, 직업군인)",200~299만원,      ,          ,아파트/ 주상복합,서울,동작구,대방동,삼성,SKT,자전거,자전거신발/고글/헬멧,신발,에코사이클링/스피닝슈즈/스피닝운동화/스피닝신발/클릿슈즈/사이클운동화/사이클신발/사이클슈즈/클릿포함,http://www.11st.co.kr/product/SellerProductDetail.tmall?method=getSellerProductDetail&prdNo=1262545428
D***,201905**,F,2,"사무직 (일반사무직, 공무원, 직업군인)",200~299만원,      ,          ,아파트/ 주상복합,부산,사하구,괴정2동,삼성,SKT,레저/자동차,자전거/용품,자전거의류/잡화,머스타시벌룬 기모마스크 MHM-10/방한/보드마스크,http://www.11st.co.kr/product/SellerProductDetail.tmall?method=getSellerProductDetail&prdNo=1187564080
D***,201905**,F,2,"학생 (초중고학생, 대학생, 대학원생)",300~399만원,아니오,          ,아파트/ 주상복합,경북,경산시,백천동,삼성,KT,자전거,튜닝용품,후미등,자전거후미등2구 실리콘 후미등 LED비상등 안전등 야간 라이딩 유모차 오토바이 3가지 모드,http://www.11st.co.kr/product/SellerProductDetail.tmall?method=getSellerProductDetail&prdNo=1253472408
D***,201905**,F,3,"주부 (전업주부, 파트타임 근무 주부)",400~499만원,예    ,자녀 있음 ,연립주택/ 다세대/ 빌라,부산,동래구,온천3동,LG,SKT,유아동,유아동완구/교구,승용완구,STONETREE스톤트리 트라이크 - 유모차 세발 자전거,http://item.gmarket.co.kr/Item?goodscode=1129986013
D***2,201905**,M,4,"사무직 (일반사무직, 공무원, 직업군인)",200~299만원,      ,          ,아파트/ 주상복합,경기,의정부시,호원2동,삼성,SKT,레저/자동차,자전거/용품,자전거,사은품증정[삼천리자전거]아이비/어린이자전거/아동용,http://www.11st.co.kr/product/SellerProductDetail.tmall?method=getSellerProductDetail&prdNo=1079264363
D***9,201905**,F,3,"사무직 (일반사무직, 공무원, 직업군인)",100~199만원,아니오,          ,오피스텔,서울,강북구,미아동,삼성,LG U+,자전거,자전거신발/고글/헬멧,헬멧,[HJC]X5(EVO)블랙스카이 / 자전거 헬멧 / 240g대 초,http://www.11st.co.kr/product/SellerProductDetail.tmall?method=getSellerProductDetail&prdNo=1040086015
D***3,201905**,F,5,"교직 (교사, 유치원교사, 학원강사)",100~199만원,아니오,          ,아파트/ 주상복합,광주,광산구,대산동,삼성,LG U+,자전거/보드,자전거액세서리,자전거커버,스타시빅C-01 옥스포드 210D 자전거 커버,http://item.gmarket.co.kr/Item?goodscode=1266415303
D***9,201905**,F,4,"교직 (교사, 유치원교사, 학원강사)",100만원 미만,아니오,          ,아파트/ 주상복합,경기,성남시 분당구,이매동,삼성,SKT,자전거/보드,자전거액세서리,자전거스마트폰거치대,4방향완벽고정 자전거 스마트폰 거치대 (블랙),http://item.gmarket.co.kr/Item?goodscode=1235492029
D***7,201905**,F,4,기타 ,600~699만원,예    ,자녀 있음 ,아파트/ 주상복합,경기,남양주시,별내면,삼성,SKT,레저/자동차,자전거/용품,자전거액세서리,자전거비밀번호 자물쇠 (소)  No75,http://item.gmarket.co.kr/Item?goodscode=1235749090
D***5,201905**,M,4,"사무직 (일반사무직, 공무원, 직업군인)",400~499만원,예    ,자녀 있음 ,아파트/ 주상복합,광주,북구,일곡동,삼성,SKT,자전거/보드,자전거라이트,자전거라이트/전조등,지바코76L 폴딩 립스탑 멀티 백 캠핑가방 수납가방,http://item.gmarket.co.kr/Item?goodscode=1111364071
D***2,201905**,M,4,"주부 (전업주부, 파트타임 근무 주부)",300~399만원,예    ,자녀 있음 ,아파트/ 주상복합,경기,용인시 기흥구,동백동,LG,KT,레저/자동차,자전거/용품,자전거액세서리,유아안장자전거유아안장 후방유아안장 아동보조안장,http://www.11st.co.kr/product/SellerProductDetail.tmall?method=getSellerProductDetail&prdNo=124136733
D***3,201905**,M,3,"생산/노무직 (생산감독, 경비원, 공장근로자)",200~299만원,예    ,자녀 없음 ,아파트/ 주상복합,충남,천안시 서북구,차암동,LG,LG U+,자전거/보드,자전거라이트,자전거라이트/전조등,지바코76L 폴딩 립스탑 멀티 백 캠핑가방 수납가방,http://item.gmarket.co.kr/Item?goodscode=1111364071
D***0,201905**,F,3,"사무직 (일반사무직, 공무원, 직업군인)",600~699만원,예    ,자녀 있음 ,아파트/ 주상복합,서울,강동구,상일동,삼성,KT,자전거,튜닝용품,트레일러,알톤키즈 트레일러/자전거/캐리어/손잡이/보조바퀴,http://www.11st.co.kr/product/SellerProductDetail.tmall?method=getSellerProductDetail&prdNo=1249445352
D***9,201905**,F,5,"생산/노무직 (생산감독, 경비원, 공장근로자)",400~499만원,예    ,자녀 있음 ,연립주택/ 다세대/ 빌라,경기,광주시,오포읍,삼성,LG U+,캠핑/골프/헬스/자전거,자전거의류/용품,기타용품,[펌프킹]가정용 자전거 거치대 HK-001,http://www.hnsmall.com/display/goods.do?goods_code=12714590
D***7,201905**,M,5,"기능직 (자동차정비, 운전기사, 안경사, 택시기사)",400~499만원,예    ,자녀 있음 ,아파트/ 주상복합,서울,광진구,자양3동,삼성,SKT,유아동,유아동완구/교구,승용완구,ZOKO조코유아동 체인자전거9종(3세~7세사용)+컵홀더,http://item.gmarket.co.kr/Item?goodscode=1109676457
D***7,201905**,M,4,"전문직 (의사, 판검사, 예술가, 종교인)","1,000만원 이상",예    ,자녀 있음 ,연립주택/ 다세대/ 빌라,서울,강남구,압구정동,애플,SKT,레저/자동차,자전거/용품,자전거의류/잡화,머스타시벌룬 기모마스크 MHM-10/방한/보드마스크,http://www.11st.co.kr/product/SellerProductDetail.tmall?method=getSellerProductDetail&prdNo=1187564080
D***4,201905**,M,2,"사무직 (일반사무직, 공무원, 직업군인)",100~199만원,아니오,          ,기타 ,인천,계양구,작전1동,삼성,SKT,레저/자동차,자전거/용품,자전거타이어/부품,삼천리알루미늄 핸드펌프  - 자전거 다용도 튜브 펌프 공기주입기,http://www.11st.co.kr/product/SellerProductDetail.tmall?method=getSellerProductDetail&prdNo=1218187968
D***8,201905**,M,3,"사무직 (일반사무직, 공무원, 직업군인)",200~299만원,아니오,          ,아파트/ 주상복합,부산,서구,암남동,삼성,KT,레저/자동차,자전거/용품,자전거타이어/부품,삼천리알루미늄 핸드펌프  - 자전거 다용도 튜브 펌프 공기주입기,http://www.11st.co.kr/product/SellerProductDetail.tmall?method=getSellerProductDetail&prdNo=1218187968
D***6,201905**,F,3,"주부 (전업주부, 파트타임 근무 주부)",400~499만원,예    ,자녀 있음 ,아파트/ 주상복합,서울,강동구,암사3동,애플,SKT,자전거,튜닝용품,거치대,(추천)말대가리 스마트 거치대/ 휴대폰거치대 스마트폰거치대 거치대 차량용폰거치대 핸폰거치대 헨드폰거,http://www.11st.co.kr/product/SellerProductDetail.tmall?method=getSellerProductDetail&prdNo=1222876667
D***2,201905**,M,4,"전문직 (의사, 판검사, 예술가, 종교인)",100~199만원,아니오,          ,연립주택/ 다세대/ 빌라,경기,수원시 팔달구,화서동,삼성,KT,자전거,자전거신발/고글/헬멧,헬멧,아동용자전거헬멧아동보호대 킥보드 인라인헬멧,http://www.11st.co.kr/product/SellerProductDetail.tmall?method=getSellerProductDetail&prdNo=1051520039
D***,201905**,M,4,"사무직 (일반사무직, 공무원, 직업군인)",200~299만원,      ,          ,아파트/ 주상복합,경북,예천군,예천읍,삼성,SKT,자전거,자전거,MTB,알톤쉐보레 CMJR 초등학생 MTB 자전거/24인치/22인치/샌드스톤24,http://www.11st.co.kr/product/SellerProductDetail.tmall?method=getSellerProductDetail&prdNo=1288847294
D***,201905**,M,3,"사무직 (일반사무직, 공무원, 직업군인)",300~399만원,예    ,자녀 있음 ,아파트/ 주상복합,서울,도봉구,쌍문4동,삼성,SKT,자전거,튜닝용품,잠금장치,호비대만정품 LJ9080 4관절락 자전거자물쇠 사관절,http://www.11st.co.kr/product/SellerProductDetail.tmall?method=getSellerProductDetail&prdNo=11383586
D***,201905**,M,3,"사무직 (일반사무직, 공무원, 직업군인)",200~299만원,      ,          ,아파트/ 주상복합,부산,금정구,노포동,삼성,SKT,레저/자동차,자전거/용품,자전거의류/잡화,GIROJAG 반장갑/지로 장갑/땀흡수/통기성/4웨이 신축성/충격흡수패딩/자전거장갑/지로장갑/자전거용품,http://www.11st.co.kr/product/SellerProductDetail.tmall?method=getSellerProductDetail&prdNo=1274875036
D***,201905**,F,4,"사무직 (일반사무직, 공무원, 직업군인)",200~299만원,      ,          ,아파트/ 주상복합,서울,마포구,서교동,삼성,SKT,자전거,자전거신발/고글/헬멧,보호대,나스카썬블럭 쿨토시/네이비/팔토시/자외선차단/스포츠/골프/등산/자전거/테니스/암슬리브/운전,http://www.11st.co.kr/product/SellerProductDetail.tmall?method=getSellerProductDetail&prdNo=1274967893
D***,201905**,M,2,"사무직 (일반사무직, 공무원, 직업군인)",200~299만원,      ,          ,아파트/ 주상복합,서울,종로구,사직동,삼성,SKT,레저/자동차,자전거/용품,헬멧/보호장비,자전거어반헬멧 어린이헬멧 인라인 헬맷 킥보드헬멧,http://www.11st.co.kr/product/SellerProductDetail.tmall?method=getSellerProductDetail&prdNo=1253467301
D***,201905**,F,3,"사무직 (일반사무직, 공무원, 직업군인)",200~299만원,      ,          ,아파트/ 주상복합,전북,전주시 덕진구,덕진동1가,삼성,SKT,자전거,튜닝용품,전시스탠드,"자전거스텐드거치대/16,18,20,22,24,26스탠드 받침대 보관대 접이식 자전거용품",http://www.11st.co.kr/product/SellerProductDetail.tmall?method=getSellerProductDetail&prdNo=12932139
D***,201905**,M,3,"사무직 (일반사무직, 공무원, 직업군인)",200~299만원,      ,          ,아파트/ 주상복합,인천,남동구,서창동,삼성,SKT,레저/자동차,자전거/용품,자전거의류/잡화,DBIKE디빅 투라인 집게 후미등,http://item.gmarket.co.kr/Item?goodscode=1205206386
D***5,201905**,M,4,"사무직 (일반사무직, 공무원, 직업군인)",200~299만원,      ,          ,아파트/ 주상복합,대전,유성구,상대동,삼성,SKT,캠핑/골프/헬스/자전거,자전거의류/용품,공용하의,[MCN]네오 베이직 7부 바지/승마바지,http://www.hnsmall.com/display/goods.do?goods_code=12497037
D***2,201905**,M,4,"판매직 (상점점원, 보험설계사, 노점상)","1,000만원 이상",예    ,자녀 없음 ,아파트/ 주상복합,강원,강릉시,홍제동,애플,SKT,레저/자동차,자전거/용품,자전거의류/잡화,[PUMA]푸마 여성 더블 스트레치 기모 본딩 팬츠 3종세트 GFYYFG22,http://www.hnsmall.com/display/goods.do?goods_code=12835199
D***9,201905**,M,5,"전문직 (의사, 판검사, 예술가, 종교인)",100~199만원,예    ,자녀 있음 ,아파트/ 주상복합,인천,부평구,부평1동,LG,SKT,캠핑/골프/헬스/자전거,자전거의류/용품,기타용품,발목밴드,http://www.hnsmall.com/display/goods.do?goods_code=11522932
D***4,201905**,F,4,"사무직 (일반사무직, 공무원, 직업군인)",600~699만원,예    ,자녀 있음 ,아파트/ 주상복합,서울,강서구,마곡동,삼성,SKT,자전거/보드,자전거바구니/가방,크로스가방,엑스피크빅파우치 자전거 휴대폰파우치,http://item.gmarket.co.kr/Item?goodscode=1187012636
D***7,201905**,M,4,"생산/노무직 (생산감독, 경비원, 공장근로자)",100~199만원,예    ,자녀 있음 ,연립주택/ 다세대/ 빌라,부산,사상구,덕포2동,LG,LG U+,캠핑/골프/헬스/자전거,자전거의류/용품,신발,뉴발란스운동화 774 NEWBALANCE 774 (M774BK3),http://www.hnsmall.com/display/goods.do?goods_code=11979566
D***0,201905**,F,4,"사무직 (일반사무직, 공무원, 직업군인)",600~699만원,예    ,자녀 있음 ,연립주택/ 다세대/ 빌라,서울,은평구,신사2동,삼성,SKT,레저/자동차,자전거/용품,자전거타이어/부품,삼천리알루미늄 핸드펌프  - 자전거 다용도 튜브 펌프 공기주입기,http://www.11st.co.kr/product/SellerProductDetail.tmall?method=getSellerProductDetail&prdNo=1218187968
D***3,201905**,M,3,"관리직 (사장, 간부, 고위공무원)",600~699만원,아니오,          ,아파트/ 주상복합,경기,성남시 분당구,서현동,삼성,알뜰폰(MVNO),자전거,자전거신발/고글/헬멧,보호대,무료배송.국산쿨토시.팔토시.냉감토시.쿨마스크.아동,http://www.11st.co.kr/product/SellerProductDetail.tmall?method=getSellerProductDetail&prdNo=1249823887
D***,201905**,M,2,"사무직 (일반사무직, 공무원, 직업군인)",200~299만원,      ,          ,아파트/ 주상복합,경기,시흥시,대야동,삼성,SKT,자전거,자전거관리용품,펑크패치,자전거펑크패치(패치30개+접착제) 자전거타이어수리,http://www.11st.co.kr/product/SellerProductDetail.tmall?method=getSellerProductDetail&prdNo=12932340
D***,201905**,M,5,"사무직 (일반사무직, 공무원, 직업군인)",200~299만원,      ,          ,아파트/ 주상복합,경기,화성시,봉담읍,삼성,SKT,자전거,자전거부품,변속기,변속레버/자전거기어/시마노변속레버/그립쉬프트,http://www.11st.co.kr/product/SellerProductDetail.tmall?method=getSellerProductDetail&prdNo=1280799725
D***,201905**,F,2,"전문직 (의사, 판검사, 예술가, 종교인)",200~299만원,아니오,          ,오피스텔,경기,성남시 분당구,수내동,애플,SKT,자전거,자전거,MTB,알톤쉐보레 CMJR 초등학생 MTB 자전거/24인치/22인치/샌드스톤24,http://www.11st.co.kr/product/SellerProductDetail.tmall?method=getSellerProductDetail&prdNo=1288847294
D***,201905**,M,5,"사무직 (일반사무직, 공무원, 직업군인)",500~599만원,예    ,자녀 있음 ,아파트/ 주상복합,서울,서대문구,대현동,삼성,SKT,레저/자동차,자전거/용품,자전거의류/잡화,아동.유아.어린이/무릎보호대.헬멧.장갑 세트/자전거용품.인라인스케이트.씽씽카.안전용품.블랙프라이데이,http://www.11st.co.kr/product/SellerProductDetail.tmall?method=getSellerProductDetail&prdNo=1066221250
D***,201905**,M,3,"서비스직 (요식업, 숙박업, 미용실종업원)",600~699만원,예    ,자녀 있음 ,아파트/ 주상복합,서울,강서구,등촌1동,삼성,KT,자전거,자전거신발/고글/헬멧,보호대,무료배송.국산쿨토시.팔토시.냉감토시.쿨마스크.아동,http://www.11st.co.kr/product/SellerProductDetail.tmall?method=getSellerProductDetail&prdNo=1249823887
D***,201905**,M,3,"사무직 (일반사무직, 공무원, 직업군인)",400~499만원,예    ,자녀 있음 ,아파트/ 주상복합,전남,순천시,조례동,삼성,SKT,자전거,튜닝용품,물통받침대,대만아이베라 경량 물통케이지 물병 더블 안장마운트,http://www.11st.co.kr/product/SellerProductDetail.tmall?method=getSellerProductDetail&prdNo=1084359208
D***,201905**,F,4,"사무직 (일반사무직, 공무원, 직업군인)",200~299만원,      ,          ,아파트/ 주상복합,서울,중랑구,신내2동,삼성,SKT,자전거/보드,자전거타이어/부품,자전거튜브,[흥아]흥아 700C x 23/25C 프레스타 60mm 자전거튜브 로드,http://item.gmarket.co.kr/Item?goodscode=1287260612
D***,201905**,F,4,"사무직 (일반사무직, 공무원, 직업군인)",200~299만원,      ,          ,아파트/ 주상복합,경기,광주시,탄벌동,삼성,SKT,레저/자동차,자전거/용품,헬멧/보호장비,가성비좋은 헬멧/빅이글 자전거헬멧/보호대/인라인/자전거용품,http://www.11st.co.kr/product/SellerProductDetail.tmall?method=getSellerProductDetail&prdNo=1187889237
D***5,201905**,M,5,"사무직 (일반사무직, 공무원, 직업군인)",600~699만원,예    ,자녀 있음 ,아파트/ 주상복합,대전,중구,태평2동,삼성,KT,레저/자동차,자전거/용품,자전거의류/잡화,방한멀티스카프/멀티워머/넥워머/마스크/스키/자전거,http://item.gmarket.co.kr/Item?goodscode=1145899445
D***7,201905**,M,4,"교직 (교사, 유치원교사, 학원강사)",400~499만원,예    ,자녀 있음 ,단독주택,경기,화성시,팔탄면,삼성,KT,자전거,자전거,MTB,프로메이드풀서스펜션 24인치 MTB자전거 아스톤힐DS,http://www.11st.co.kr/product/SellerProductDetail.tmall?method=getSellerProductDetail&prdNo=1190027550
D***9,201905**,M,2,"자영업 (도소매업, 숙박업, 미용업)",200~299만원,아니오,          ,연립주택/ 다세대/ 빌라,부산,중구,영주동,삼성,SKT,레저/자동차,자전거/용품,자전거액세서리,AVVISO툴캡슐 자전거 거치대 공구함 케이스 툴부스,http://item.gmarket.co.kr/Item?goodscode=1129194351
D***6,201905**,M,3,"사무직 (일반사무직, 공무원, 직업군인)",200~299만원,예    ,자녀 없음 ,아파트/ 주상복합,경기,용인시 수지구,풍덕천동,삼성,SKT,자전거,자전거신발/고글/헬멧,장갑,윈드스토퍼스마트터치 겨울 방한장갑 네오프렌 방풍,http://www.11st.co.kr/product/SellerProductDetail.tmall?method=getSellerProductDetail&prdNo=1050935353
D***,201905**,F,4,"교직 (교사, 유치원교사, 학원강사)",600~699만원,예    ,자녀 있음 ,아파트/ 주상복합,경북,포항시 북구,우현동,애플,SKT,레저/자동차,자전거/용품,자전거,알톤어린이용 경량 알루미늄 접이식 자전거 라바폴딩18인치,http://www.11st.co.kr/product/SellerProductDetail.tmall?method=getSellerProductDetail&prdNo=1096512754
D***,201905**,F,2,"사무직 (일반사무직, 공무원, 직업군인)",200~299만원,      ,          ,아파트/ 주상복합,충남,천안시 동남구,신방동,삼성,SKT,자전거/보드,자전거타이어/부품,자전거튜브,[CST]700x25/32C fv48mm 자전거튜브 프레스타 흥아 켄다,http://item.gmarket.co.kr/Item?goodscode=1283527298
D***5,201905**,M,4,무직,100~199만원,예    ,자녀 있음 ,연립주택/ 다세대/ 빌라,서울,동작구,사당3동,삼성,LG U+,자전거,자전거부품,체인,MYBN 10단 실버_S10CR 체인,http://www.11st.co.kr/product/SellerProductDetail.tmall?method=getSellerProductDetail&prdNo=1272548067
D***7,201905**,F,4,"사무직 (일반사무직, 공무원, 직업군인)",300~399만원,예    ,자녀 있음 ,연립주택/ 다세대/ 빌라,서울,서대문구,북아현동,삼성,SKT,레저/자동차,자전거/용품,헬멧/보호장비,GIFT삼천리 헬멧 SH330S 선바이저 자전거용품 인라인,http://www.11st.co.kr/product/SellerProductDetail.tmall?method=getSellerProductDetail&prdNo=115415058
D***6,201905**,M,2,"생산/노무직 (생산감독, 경비원, 공장근로자)",300~399만원,아니오,          ,아파트/ 주상복합,대구,달성군,다사읍,애플,KT,레저/자동차,자전거/용품,자전거,자이덴라스카FX20 20인치 7단 접이식 자전거,http://www.11st.co.kr/product/SellerProductDetail.tmall?method=getSellerProductDetail&prdNo=1202758720
D***0,201905**,F,4,"사무직 (일반사무직, 공무원, 직업군인)",600~699만원,예    ,자녀 없음 ,아파트/ 주상복합,인천,서구,금곡동,삼성,KT,자전거/보드,일반자전거,픽시자전거,벤데타벨루가 700C 알로이 에어로 프레임 픽시자전거,http://item.gmarket.co.kr/Item?goodscode=1219375759
D***3,201905**,M,3,"사무직 (일반사무직, 공무원, 직업군인)",200~299만원,아니오,          ,연립주택/ 다세대/ 빌라,부산,남구,용호1동,삼성,SKT,자전거,자전거,로드자전거,2019첼로 테라 신형105 카본포크 로드자전거,http://www.11st.co.kr/product/SellerProductDetail.tmall?method=getSellerProductDetail&prdNo=1074638903
D***8,201905**,M,3,"사무직 (일반사무직, 공무원, 직업군인)",700~799만원,아니오,          ,연립주택/ 다세대/ 빌라,경기,안산시 상록구,사1동,애플,KT,자전거,자전거신발/고글/헬멧,신발,에코사이클링/스피닝슈즈/스피닝운동화/스피닝신발/클릿슈즈/사이클운동화/사이클신발/사이클슈즈/클릿포함,http://www.11st.co.kr/product/SellerProductDetail.tmall?method=getSellerProductDetail&prdNo=1262545428
D***9,201905**,M,4,"농/축/광/수산업 (축산, 낙농업, 수산, 임업, 광업)",100~199만원,예    ,자녀 없음 ,아파트/ 주상복합,경기,화성시,남양동,삼성,KT,캠핑/골프/헬스/자전거,자전거의류/용품,기타용품,[펌프킹]가정용 자전거 거치대 HK-001,http://www.hnsmall.com/display/goods.do?goods_code=12714590
D***1,201905**,M,2,"학생 (초중고학생, 대학생, 대학원생)",800~899만원,아니오,          ,오피스텔,대구,북구,산격3동,삼성,SKT,캠핑/골프/헬스/자전거,자전거의류/용품,신발,뉴발란스585 USA 스니커즈 운동화 (M585GR),http://www.hnsmall.com/display/goods.do?goods_code=12928736
D***,201905**,F,3,"사무직 (일반사무직, 공무원, 직업군인)",200~299만원,      ,          ,아파트/ 주상복합,서울,관악구,봉천동,삼성,SKT,레저/자동차,자전거/용품,자전거액세서리,완전사2017년 신형 KSM400-3 SE 연납축전지 12V/,http://www.11st.co.kr/product/SellerProductDetail.tmall?method=getSellerProductDetail&prdNo=1150653630
D***3,201905**,M,3,"사무직 (일반사무직, 공무원, 직업군인)",200~299만원,      ,          ,아파트/ 주상복합,대구,수성구,범물동,삼성,SKT,레저/자동차,자전거/용품,자전거의류/잡화,극세사기모 방한 넥워머 바라클라바 겨울 목토시 자전거 방한마스크 멀티스카프 털모자,http://www.11st.co.kr/product/SellerProductDetail.tmall?method=getSellerProductDetail&prdNo=1171528780
D***6,201905**,F,3,"주부 (전업주부, 파트타임 근무 주부)",300~399만원,예    ,자녀 없음 ,연립주택/ 다세대/ 빌라,울산,남구,야음동,애플,SKT,자전거,자전거,MTB,삼천리자전거팀60D MTB자전거 24단 알루미늄자전거,http://www.11st.co.kr/product/SellerProductDetail.tmall?method=getSellerProductDetail&prdNo=1230896068
D***5,201905**,M,2,"학생 (초중고학생, 대학생, 대학원생)",100~199만원,아니오,          ,아파트/ 주상복합,충남,홍성군,홍성읍,삼성,SKT,자전거,자전거부품,튜브,자전거고급 타이어 튜브/던롭 프레스타 슈레더 튜브/슈발베 켄다 CST튜브/자전거용품 부품,http://www.11st.co.kr/product/SellerProductDetail.tmall?method=getSellerProductDetail&prdNo=1096604696
D***2,201905**,M,4,"사무직 (일반사무직, 공무원, 직업군인)",500~599만원,예    ,자녀 있음 ,아파트/ 주상복합,경기,안양시 만안구,안양1동,삼성,SKT,자전거,자전거,MTB,삼천리자전거팀60D MTB자전거 24단 알루미늄자전거,http://www.11st.co.kr/product/SellerProductDetail.tmall?method=getSellerProductDetail&prdNo=1230896068
D***7,201905**,M,3,"사무직 (일반사무직, 공무원, 직업군인)",700~799만원,예    ,자녀 있음 ,단독주택,대구,달서구,송현1동,삼성,SKT,자전거/보드,자전거장갑/잡화,자전거장갑,[프로스펙스]스마트 방한장갑 등산장갑 자전거장갑 겨울장갑 축구,http://item.gmarket.co.kr/Item?goodscode=1150372758
D***5,201905**,M,5,"사무직 (일반사무직, 공무원, 직업군인)",600~699만원,예    ,자녀 있음 ,아파트/ 주상복합,서울,성북구,석관동,애플,LG U+,자전거,자전거신발/고글/헬멧,보호대,나이키/팔토시/쿨토시/자외선차단/스포츠/레저/등산용,http://www.11st.co.kr/product/SellerProductDetail.tmall?method=getSellerProductDetail&prdNo=1221115615
D***0,201905**,F,4,"주부 (전업주부, 파트타임 근무 주부)",300~399만원,예    ,자녀 있음 ,아파트/ 주상복합,경기,시흥시,정왕4동,LG,SKT,자전거,자전거,사이클,[쿠베로]에어리아2.0신형소라18 무료조립+최강사은품 NEW SORA 18,http://www.11st.co.kr/product/SellerProductDetail.tmall?method=getSellerProductDetail&prdNo=1224036819
D***5,201905**,F,3,"자영업 (도소매업, 숙박업, 미용업)",100~199만원,아니오,          ,연립주택/ 다세대/ 빌라,경기,부천시 원미구,원미2동,삼성,KT,자전거,자전거신발/고글/헬멧,헬멧,HJC홍진 R4 컬러선택가능블랙라인/홍진 크라운 헬멧,http://www.11st.co.kr/product/SellerProductDetail.tmall?method=getSellerProductDetail&prdNo=1229824538
D***8,201905**,M,3,"전문직 (의사, 판검사, 예술가, 종교인)",700~799만원,예    ,자녀 없음 ,아파트/ 주상복합,경기,성남시 분당구,야탑동,삼성,SKT,레저/자동차,자전거/용품,자전거의류/잡화,아동.유아.어린이/무릎보호대.헬멧.장갑 세트/자전거용품.인라인스케이트.씽씽카.안전용품.블랙프라이데이,http://www.11st.co.kr/product/SellerProductDetail.tmall?method=getSellerProductDetail&prdNo=1066221250
D***,201905**,M,3,"사무직 (일반사무직, 공무원, 직업군인)",200~299만원,      ,          ,아파트/ 주상복합,부산,남구,감만2동,삼성,SKT,자전거,자전거관리용품,에어펌프(발펌프),GIYO지요 GF-56GTB ULTRA 자전거펌프 공기배출기능,http://www.11st.co.kr/product/SellerProductDetail.tmall?method=getSellerProductDetail&prdNo=1147853726
D***,201905**,M,2,"전문직 (의사, 판검사, 예술가, 종교인)",100~199만원,아니오,          ,아파트/ 주상복합,서울,서대문구,현저동,기타,알뜰폰(MVNO),자전거,자전거신발/고글/헬멧,보호대,2+2이벤트/네파정품/탑쿨/슬레진저 쿨토시 팔토시,http://www.11st.co.kr/product/SellerProductDetail.tmall?method=getSellerProductDetail&prdNo=1282680743
D***1,201905**,F,3,"사무직 (일반사무직, 공무원, 직업군인)",200~299만원,      ,          ,아파트/ 주상복합,경기,고양시 일산서구,일산2동,삼성,SKT,자전거,자전거부품,안장,풀카본안장자전거안장 초경량 카본안장,http://www.11st.co.kr/product/SellerProductDetail.tmall?method=getSellerProductDetail&prdNo=1240983940
D***5,201905**,M,3,"사무직 (일반사무직, 공무원, 직업군인)",200~299만원,      ,          ,아파트/ 주상복합,서울,중랑구,신내1동,삼성,SKT,레저/자동차,자전거/용품,헬멧/보호장비,심플한도시형헬멧/빅이글 어반헬멧/자전거용품/인라인,http://www.11st.co.kr/product/SellerProductDetail.tmall?method=getSellerProductDetail&prdNo=1187901648
D***6,201905**,M,3,"사무직 (일반사무직, 공무원, 직업군인)",200~299만원,      ,          ,아파트/ 주상복합,서울,종로구,명륜동3가,삼성,SKT,자전거,자전거부품,브레이크레버,브레이크레버/아동용/성인용/알로이브레이크레버/자전거부품/자전거브레이크레버,http://www.11st.co.kr/product/SellerProductDetail.tmall?method=getSellerProductDetail&prdNo=1280791866
D***6,201905**,F,5,"주부 (전업주부, 파트타임 근무 주부)",900~999만원,예    ,자녀 있음 ,아파트/ 주상복합,경기,용인시 기흥구,중동,삼성,SKT,레저/자동차,자전거/용품,자전거,[스마트]삼천리/스마트/바이맥스 접이식자전거 미니벨로 4종,http://item.gmarket.co.kr/Item?goodscode=1278067146
D***1,201905**,M,4,"생산/노무직 (생산감독, 경비원, 공장근로자)",300~399만원,예    ,자녀 있음 ,아파트/ 주상복합,부산,사하구,다대1동,삼성,LG U+,유아동,유아동완구/교구,승용완구,[삼천리자전거]GIFT 2018 삼천리 샘트라이크 800+ 유모차 세발자전거,http://item.gmarket.co.kr/Item?goodscode=1266671892
D***5,201905**,M,2,"사무직 (일반사무직, 공무원, 직업군인)",200~299만원,      ,          ,아파트/ 주상복합,서울,양천구,신월1동,애플,KT,레저/자동차,자전거/용품,헬멧/보호장비,"Giro헬멧/Quarter 쿼터, 어번/더트 (6색상)",http://www.11st.co.kr/product/SellerProductDetail.tmall?method=getSellerProductDetail&prdNo=1230444459
D***5,201905**,M,3,"사무직 (일반사무직, 공무원, 직업군인)",200~299만원,      ,          ,아파트/ 주상복합,서울,금천구,독산동,삼성,SKT,캠핑/골프/헬스/자전거,자전거의류/용품,공용하의,[MCN]네오 베이직 7부 바지/승마바지,http://www.hnsmall.com/display/goods.do?goods_code=12497037
D***3,201905**,F,2,"사무직 (일반사무직, 공무원, 직업군인)",200~299만원,      ,          ,아파트/ 주상복합,광주,광산구,우산동,삼성,SKT,자전거,자전거신발/고글/헬멧,헬멧,자전거커버방수 덮개 오토바이,http://www.11st.co.kr/product/SellerProductDetail.tmall?method=getSellerProductDetail&prdNo=1269616509
D***7,201905**,M,2,"사무직 (일반사무직, 공무원, 직업군인)",200~299만원,      ,          ,아파트/ 주상복합,서울,강남구,개포1동,삼성,SKT,레저/자동차,자전거/용품,자전거의류/잡화,머스타시벌룬 기모마스크 MHM-10/방한/보드마스크,http://www.11st.co.kr/product/SellerProductDetail.tmall?method=getSellerProductDetail&prdNo=1187564080
D***1,201905**,M,4,"사무직 (일반사무직, 공무원, 직업군인)",200~299만원,      ,          ,아파트/ 주상복합,대구,북구,검단동,삼성,SKT,레저/자동차,자전거/용품,자전거액세서리,블랙울프자전거 라이트 용품 18650 배터리 충전기,http://www.11st.co.kr/product/SellerProductDetail.tmall?method=getSellerProductDetail&prdNo=1003701027
D***4,201905**,M,3,"자영업 (도소매업, 숙박업, 미용업)",400~499만원,아니오,          ,아파트/ 주상복합,서울,강서구,우장산동,애플,SKT,자전거,튜닝용품,후미등,누빔멀티 라이트 NB-600 자전거 후미등 방향지시등,http://www.11st.co.kr/product/SellerProductDetail.tmall?method=getSellerProductDetail&prdNo=115116197
D***6,201905**,M,3,"사무직 (일반사무직, 공무원, 직업군인)",400~499만원,예    ,자녀 있음 ,아파트/ 주상복합,경기,부천시 원미구,중동,애플,KT,레저/자동차,자전거/용품,자전거의류/잡화,극세사기모 방한 넥워머 바라클라바 겨울 목토시 자전거 방한마스크 멀티스카프 털모자,http://www.11st.co.kr/product/SellerProductDetail.tmall?method=getSellerProductDetail&prdNo=1171528780
D***0,201905**,M,2,"학생 (초중고학생, 대학생, 대학원생)",100만원 미만,아니오,          ,단독주택,서울,은평구,불광동,삼성,SKT,레저/자동차,자전거/용품,자전거,도미니크24인치하이브리드자전거초등학생~중학생까지,http://www.11st.co.kr/product/SellerProductDetail.tmall?method=getSellerProductDetail&prdNo=1090901926
D***7,201905**,M,4,"교직 (교사, 유치원교사, 학원강사)",400~499만원,예    ,자녀 있음 ,단독주택,경기,화성시,팔탄면,삼성,KT,레저/자동차,자전거/용품,자전거의류/잡화,마스크/귀마개/멀티워머/넥워머/자전거/검정마스크,http://www.11st.co.kr/product/SellerProductDetail.tmall?method=getSellerProductDetail&prdNo=1167152971
D***1,201905**,M,2,"서비스직 (요식업, 숙박업, 미용실종업원)",100~199만원,아니오,          ,단독주택,광주,서구,금호동,애플,LG U+,자전거/보드,자전거액세서리,자전거커버,스타시빅C-01 옥스포드 210D 자전거 커버,http://item.gmarket.co.kr/Item?goodscode=1266415303
D***0,201905**,M,3,"생산/노무직 (생산감독, 경비원, 공장근로자)",300~399만원,예    ,자녀 있음 ,연립주택/ 다세대/ 빌라,울산,동구,방어동,삼성,SKT,캠핑/골프/헬스/자전거,자전거의류/용품,기타용품,[펌프킹]가정용 자전거 거치대 HK-001,http://www.hnsmall.com/display/goods.do?goods_code=12714590
D***4,201905**,F,3,"전문직 (의사, 판검사, 예술가, 종교인)",400~499만원,아니오,          ,오피스텔,서울,구로구,구로동,애플,SKT,자전거/보드,자전거액세서리,자전거짐받이,바이크박스블랙   -  생활용 여성용 접이식 자전거 짐받이 거치용 접이식 짐 바구니,http://item.gmarket.co.kr/Item?goodscode=128833406
D***3,201905**,F,4,"사무직 (일반사무직, 공무원, 직업군인)",200~299만원,      ,          ,아파트/ 주상복합,서울,구로구,구로동,삼성,SKT,자전거/보드,자전거라이트,라이트거치대,페어맨만능 18650충전기 FLIC-210 자전거라이트 2구,http://item.gmarket.co.kr/Item?goodscode=1237810051
D***0,201905**,M,3,"자영업 (도소매업, 숙박업, 미용업)",400~499만원,아니오,          ,아파트/ 주상복합,경기,의정부시,장암동,삼성,LG U+,자전거,자전거신발/고글/헬멧,헬멧,스텔리오스고글헬멧 에어로 자전거헬멧 로드헬멧,http://www.11st.co.kr/product/SellerProductDetail.tmall?method=getSellerProductDetail&prdNo=1007190015
D***,201905**,M,4,"사무직 (일반사무직, 공무원, 직업군인)",200~299만원,      ,          ,아파트/ 주상복합,경기,성남시 수정구,신흥2동,삼성,SKT,자전거/보드,일반자전거,외발/삼륜/2인용,절대터지지않는알로이 컨츄리 성인 세발자전거 삼륜,http://item.gmarket.co.kr/Item?goodscode=1201833484
D***,201905**,F,4,"사무직 (일반사무직, 공무원, 직업군인)",200~299만원,      ,          ,아파트/ 주상복합,경기,동두천시,지행동,삼성,SKT,레저/자동차,자전거/용품,자전거의류/잡화,[8601416-SJ]예식장갑/민자/백색/(100EA)/코팅장갑/장갑/안전장갑,http://www.11st.co.kr/product/SellerProductDetail.tmall?method=getSellerProductDetail&prdNo=1063242610
D***,201905**,M,3,"사무직 (일반사무직, 공무원, 직업군인)",200~299만원,      ,          ,아파트/ 주상복합,서울,종로구,신문로2가,삼성,SKT,자전거/보드,자전거타이어/부품,자전거튜브,[흥아]흥아 700C x 23/25C 프레스타 80mm 자전거튜브 로드,http://item.gmarket.co.kr/Item?goodscode=1287261891
D***8,201905**,M,3,"사무직 (일반사무직, 공무원, 직업군인)",200~299만원,예    ,자녀 있음 ,아파트/ 주상복합,경남,거창군,거창읍,LG,LG U+,레저/자동차,자전거/용품,자전거액세서리,[엑스피크]엑스피크 자전거힙색 트윈포켓파우치 자전거파우치,http://item.gmarket.co.kr/Item?goodscode=1124173801
D***6,201905**,M,5,"사무직 (일반사무직, 공무원, 직업군인)",200~299만원,      ,          ,아파트/ 주상복합,경기,하남시,신장1동,삼성,SKT,레저/자동차,자전거/용품,자전거액세서리,[VELO]VL3147전립선안장 - MTB 로드 싸이클 자전거 전립선 벨로 쿠션안장,http://www.11st.co.kr/product/SellerProductDetail.tmall?method=getSellerProductDetail&prdNo=1099006895
D***8,201905**,F,3,"주부 (전업주부, 파트타임 근무 주부)",300~399만원,예    ,자녀 있음 ,아파트/ 주상복합,인천,동구,송현1동,삼성,SKT,자전거/보드,자전거장갑/잡화,자전거장갑,[프로스펙스]스마트 방한장갑 등산장갑 자전거장갑 겨울장갑 축구,http://item.gmarket.co.kr/Item?goodscode=1150372758
D***2,201905**,M,2,"전문직 (의사, 판검사, 예술가, 종교인)",200~299만원,예    ,자녀 있음 ,단독주택,부산,강서구,대저1동,LG,KT,자전거,자전거관리용품,튜브벨브/어댑터/노즐,[아답터모음] 던롭 프레스타 슈레더 공 튜브 어뎁터 펌프 호환 아답타 공기주입 던롭집게 자전거용품,http://www.11st.co.kr/product/SellerProductDetail.tmall?method=getSellerProductDetail&prdNo=1002005394
D***9,201905**,F,3,"주부 (전업주부, 파트타임 근무 주부)",200~299만원,예    ,자녀 있음 ,아파트/ 주상복합,경기,평택시,포승읍,삼성,LG U+,레저/자동차,자전거/용품,헬멧/보호장비,가성비좋은 헬멧/빅이글 자전거헬멧/보호대/인라인/자전거용품,http://www.11st.co.kr/product/SellerProductDetail.tmall?method=getSellerProductDetail&prdNo=1187889237
D***2,201905**,F,3,"자영업 (도소매업, 숙박업, 미용업)",400~499만원,예    ,자녀 있음 ,아파트/ 주상복합,경기,수원시 권선구,권선동,삼성,LG U+,자전거/보드,로드자전거,알루미늄자전거,2017알톤 벨록스 CC 로드 사이클로크로스 자전거,http://item.gmarket.co.kr/Item?goodscode=1112776902
D***6,201905**,M,3,"학생 (초중고학생, 대학생, 대학원생)",100만원 미만,아니오,          ,아파트/ 주상복합,부산,사하구,당리동,삼성,SKT,자전거,자전거신발/고글/헬멧,헬멧,HJC홍진 R4 컬러선택가능블랙라인/홍진 크라운 헬멧,http://www.11st.co.kr/product/SellerProductDetail.tmall?method=getSellerProductDetail&prdNo=1229824538
D***8,201905**,F,2,"전문직 (의사, 판검사, 예술가, 종교인)",300~399만원,아니오,          ,아파트/ 주상복합,경북,경주시,동천동,삼성,LG U+,자전거/보드,자전거타이어/부품,자전거튜브,[흥아]흥아 700C x 23/25C 프레스타 60mm 자전거튜브 로드,http://item.gmarket.co.kr/Item?goodscode=1287260612
D***1,201905**,M,5,퇴직/연금생활자,500~599만원,예    ,자녀 있음 ,아파트/ 주상복합,서울,강서구,방화3동,LG,SKT,자전거/보드,일반자전거,외발/삼륜/2인용,[지오닉스]자이덴 나누미 20(50cm) 6단 성인용 세발자전거,http://item.gmarket.co.kr/Item?goodscode=1111789839
D***,201905**,M,2,"사무직 (일반사무직, 공무원, 직업군인)",200~299만원,      ,          ,아파트/ 주상복합,인천,남구,주안5동,삼성,SKT,자전거,자전거신발/고글/헬멧,장갑,[MTB자전거장갑]라이딩장갑/여름장갑/반장갑,http://www.11st.co.kr/product/SellerProductDetail.tmall?method=getSellerProductDetail&prdNo=1274156192
D***,201905**,M,5,"사무직 (일반사무직, 공무원, 직업군인)",200~299만원,      ,          ,아파트/ 주상복합,인천,남동구,구월2동,삼성,SKT,자전거,자전거부품,브레이크패드,시마노디스크 브레이크 Resin 패드 B01S/BR-T615/C501/M575/M525/M486/M485/M475/M465 레진패드/래진패드,http://www.11st.co.kr/product/SellerProductDetail.tmall?method=getSellerProductDetail&prdNo=1060069949
D***,201905**,M,3,"사무직 (일반사무직, 공무원, 직업군인)",200~299만원,      ,          ,아파트/ 주상복합,부산,금정구,노포동,삼성,SKT,자전거,자전거신발/고글/헬멧,보호대,일본코미네09-021 오토바이 핸들워머 빅스쿠터 전동 킥보드 토시 퀵보드 토시 장갑 겨울 방한용품,http://www.11st.co.kr/product/SellerProductDetail.tmall?method=getSellerProductDetail&prdNo=107138111
D***,201905**,F,4,"사무직 (일반사무직, 공무원, 직업군인)",200~299만원,      ,          ,아파트/ 주상복합,경기,수원시 영통구,이의동,삼성,SKT,자전거,자전거관리용품,광택,자전거방수보관커버/방수자전거 커버/PEVA원단,http://www.11st.co.kr/product/SellerProductDetail.tmall?method=getSellerProductDetail&prdNo=1255618282
D***,201905**,M,3,"사무직 (일반사무직, 공무원, 직업군인)",200~299만원,      ,          ,아파트/ 주상복합,경기,하남시,창우동,삼성,SKT,자전거,자전거부품,브레이크패드,[FNS]크락스오가닉 디스크브레이크 패드(벌크제품),http://www.11st.co.kr/product/SellerProductDetail.tmall?method=getSellerProductDetail&prdNo=1097542995
D***,201905**,M,2,"사무직 (일반사무직, 공무원, 직업군인)",200~299만원,      ,          ,아파트/ 주상복합,경기,화성시,반송동,삼성,SKT,레저/자동차,자전거/용품,자전거액세서리,자전거유아안장전방유아안장 아동보조안장,http://www.11st.co.kr/product/SellerProductDetail.tmall?method=getSellerProductDetail&prdNo=124145685
D***,201905**,F,2,"사무직 (일반사무직, 공무원, 직업군인)",200~299만원,      ,          ,아파트/ 주상복합,경기,수원시 영통구,망포동,삼성,SKT,자전거/보드,자전거신발/페달,자전거페달,자전거보조발판(소/중)자전거발받침/발판 알루미늄,http://item.gmarket.co.kr/Item?goodscode=1155657749
D***,201905**,M,4,"사무직 (일반사무직, 공무원, 직업군인)",400~499만원,예    ,자녀 있음 ,아파트/ 주상복합,서울,은평구,대조동,삼성,SKT,자전거,튜닝용품,거치대/보관대,노스바이크스마트폰 자전거거치대 핸드폰 휴대폰 가방,http://www.11st.co.kr/product/SellerProductDetail.tmall?method=getSellerProductDetail&prdNo=1016944642
D***,201905**,F,2,"전문직 (의사, 판검사, 예술가, 종교인)",200~299만원,아니오,          ,오피스텔,경기,성남시 분당구,수내동,애플,SKT,자전거,자전거신발/고글/헬멧,헬멧,2018GIRO 지로 QUARTER 쿼터 어반 자전거 헬멧 BMX,http://www.11st.co.kr/product/SellerProductDetail.tmall?method=getSellerProductDetail&prdNo=1246004626
D***,201905**,F,3,"사무직 (일반사무직, 공무원, 직업군인)",200~299만원,      ,          ,아파트/ 주상복합,대전,서구,관저2동,삼성,SKT,레저/자동차,자전거/용품,자전거액세서리,"자전거커버,바이크린,자전거,자전거용품,싸이클",http://www.11st.co.kr/product/SellerProductDetail.tmall?method=getSellerProductDetail&prdNo=1170093481
D***,201905**,F,4,"사무직 (일반사무직, 공무원, 직업군인)",200~299만원,      ,          ,아파트/ 주상복합,서울,노원구,중계2.3동,삼성,SKT,레저/자동차,자전거/용품,자전거,[21세기스쿠터]질주본능!21세기스쿠터/미드미 外 봄바람 일으키는 모빌리티 컬렉션,http://www.lotteimall.com/goods/viewGoodsDetail.lotte?goods_no=1154385444
D***,201905**,F,2,"사무직 (일반사무직, 공무원, 직업군인)",200~299만원,      ,          ,아파트/ 주상복합,경기,화성시,안녕동,삼성,SKT,자전거/보드,일반자전거,픽시자전거,벤데타벨루가 700C 알로이 에어로 프레임 픽시자전거,http://item.gmarket.co.kr/Item?goodscode=1219375759
D***6,201905**,F,2,"사무직 (일반사무직, 공무원, 직업군인)",200~299만원,      ,          ,아파트/ 주상복합,전남,목포시,하당동,삼성,SKT,자전거/보드,자전거헬멧,기타브랜드 헬멧,[삼천리자전거]미니마우스 헬멧보호대 세트 어린이 자전거 킥보드/ 삼천리자전거,http://item.gmarket.co.kr/Item?goodscode=1112014699
D***7,201905**,F,2,"사무직 (일반사무직, 공무원, 직업군인)",200~299만원,      ,          ,아파트/ 주상복합,경기,군포시,수리동,삼성,SKT,자전거/보드,자전거타이어/부품,자전거튜브,[CST]700x25/32C fv48mm 자전거튜브 프레스타 흥아 켄다,http://item.gmarket.co.kr/Item?goodscode=1283527298
D***6,201905**,M,4,"사무직 (일반사무직, 공무원, 직업군인)","1,000만원 이상",아니오,          ,연립주택/ 다세대/ 빌라,경기,부천시 소사구,괴안동,삼성,SKT,자전거,자전거부품,튜브,[FNS]즈와유무시고무 없는 던롭밸브 세트/던롭튜브,http://www.11st.co.kr/product/SellerProductDetail.tmall?method=getSellerProductDetail&prdNo=1217450472
D***0,201905**,F,3,"사무직 (일반사무직, 공무원, 직업군인)",200~299만원,      ,          ,아파트/ 주상복합,서울,구로구,개봉1동,삼성,SKT,자전거/보드,일반자전거,픽시자전거,벤데타벨루가 700C 알로이 에어로 프레임 픽시자전거,http://item.gmarket.co.kr/Item?goodscode=1219375759
D***5,201905**,M,3,"사무직 (일반사무직, 공무원, 직업군인)",200~299만원,      ,          ,아파트/ 주상복합,부산,동래구,사직3동,삼성,SKT,자전거,자전거신발/고글/헬멧,보호대,나이키/팔토시/쿨토시/자외선차단/스포츠/레저/등산용,http://www.11st.co.kr/product/SellerProductDetail.tmall?method=getSellerProductDetail&prdNo=1221115615
D***3,201905**,F,3,무직,500~599만원,아니오,          ,연립주택/ 다세대/ 빌라,대전,중구,태평1동,애플,SKT,자전거,자전거부품,체인,"SramX1 체인, PC-X1, 11단/11단용 자전거 체인",http://www.11st.co.kr/product/SellerProductDetail.tmall?method=getSellerProductDetail&prdNo=1261677729
D***5,201905**,M,4,"기능직 (자동차정비, 운전기사, 안경사, 택시기사)",700~799만원,예    ,자녀 있음 ,아파트/ 주상복합,충남,당진군,당진읍,삼성,LG U+,자전거,튜닝용품,잠금장치,호비대만정품 LJ9080 4관절락 자전거자물쇠 사관절,http://www.11st.co.kr/product/SellerProductDetail.tmall?method=getSellerProductDetail&prdNo=11383586
D***2,201905**,M,4,"사무직 (일반사무직, 공무원, 직업군인)",400~499만원,예    ,자녀 있음 ,아파트/ 주상복합,서울,강남구,수서동,삼성,KT,레저/자동차,자전거/용품,자전거,알톤베네통BKS18/16 어린이자전거 삼천리 아동자전거,http://www.11st.co.kr/product/SellerProductDetail.tmall?method=getSellerProductDetail&prdNo=1215156477
D***,201905**,M,3,"사무직 (일반사무직, 공무원, 직업군인)",200~299만원,      ,          ,아파트/ 주상복합,경기,성남시 중원구,은행2동,삼성,SKT,자전거/보드,자전거타이어/부품,자전거튜브,[CST]700x25/32C fv60mm 자전거튜브 프레스타 흥아 켄다,http://item.gmarket.co.kr/Item?goodscode=1283528097
D***,201905**,M,5,"기능직 (자동차정비, 운전기사, 안경사, 택시기사)",200~299만원,아니오,          ,오피스텔,서울,서대문구,홍은2동,LG,LG U+,자전거,자전거부품,브레이크레버,브레이크레버/아동용/성인용/알로이브레이크레버/자전거부품/자전거브레이크레버,http://www.11st.co.kr/product/SellerProductDetail.tmall?method=getSellerProductDetail&prdNo=1280791866
D***,201905**,M,4,"사무직 (일반사무직, 공무원, 직업군인)",200~299만원,      ,          ,아파트/ 주상복합,강원,원주시,관설동,삼성,SKT,자전거,자전거,MTB,삼천리자전거/하운드팀50D/MTB자전거/산악자전거,http://www.11st.co.kr/product/SellerProductDetail.tmall?method=getSellerProductDetail&prdNo=1254184372
D***,201905**,M,3,"사무직 (일반사무직, 공무원, 직업군인)",200~299만원,      ,          ,아파트/ 주상복합,서울,강서구,화곡8동,삼성,SKT,레저/자동차,자전거/용품,자전거의류/잡화,1대1사은품증정 나루마스크 X1 X5 자외선차단마스크,http://www.11st.co.kr/product/SellerProductDetail.tmall?method=getSellerProductDetail&prdNo=11127502
D***,201905**,F,3,"사무직 (일반사무직, 공무원, 직업군인)",200~299만원,아니오,          ,오피스텔,서울,구로구,구로3동,애플,SKT,레저/자동차,자전거/용품,자전거,[스마트]삼천리/스마트 접이식자전거 미니벨로 4종,http://item.gmarket.co.kr/Item?goodscode=1278067146
D***,201905**,F,3,"주부 (전업주부, 파트타임 근무 주부)",300~399만원,예    ,자녀 있음 ,아파트/ 주상복합,대전,서구,도안동,삼성,KT,자전거,자전거부품,브레이크패드,시마노디스크 브레이크 Resin 패드 B01S/BR-T615/C501/M575/M525/M486/M485/M475/M465 레진패드/래진패드,http://www.11st.co.kr/product/SellerProductDetail.tmall?method=getSellerProductDetail&prdNo=1060069949
D***,201905**,M,3,"사무직 (일반사무직, 공무원, 직업군인)",200~299만원,      ,          ,아파트/ 주상복합,경기,고양시 일산동구,마두1동,삼성,SKT,자전거,자전거부품,안장,[참좋은바이크]삼천리아동용안장모음/하이킥/프린세스/키즈바이크/디즈니/유아동/어린이/푹신한안장,http://www.11st.co.kr/product/SellerProductDetail.tmall?method=getSellerProductDetail&prdNo=1205141789
D***,201905**,M,3,"사무직 (일반사무직, 공무원, 직업군인)",200~299만원,      ,          ,아파트/ 주상복합,서울,강동구,둔촌1동,삼성,SKT,자전거,자전거부품,안장,유아안장/짐받이장착/핸들바장착/목받이유아안장/자전거안장,http://www.11st.co.kr/product/SellerProductDetail.tmall?method=getSellerProductDetail&prdNo=1275573892
D***3,201905**,F,5,"생산/노무직 (생산감독, 경비원, 공장근로자)",400~499만원,아니오,          ,아파트/ 주상복합,부산,북구,화명1동,LG,알뜰폰(MVNO),레저/자동차,자전거/용품,자전거,지오스빈티지벨로체/GiosVintage Veloce 로드자전거,http://item.gmarket.co.kr/Item?goodscode=1273357815
D***3,201905**,F,2,"사무직 (일반사무직, 공무원, 직업군인)",100~199만원,예    ,자녀 있음 ,연립주택/ 다세대/ 빌라,경기,구리시,교문동,삼성,SKT,자전거,자전거신발/고글/헬멧,보호대,나이키/팔토시/쿨토시/자외선차단/스포츠/레저/등산용,http://www.11st.co.kr/product/SellerProductDetail.tmall?method=getSellerProductDetail&prdNo=1221115615
D***0,201905**,M,4,"사무직 (일반사무직, 공무원, 직업군인)",200~299만원,      ,          ,아파트/ 주상복합,경기,군포시,부곡동,삼성,SKT,레저/자동차,자전거/용품,자전거액세서리,[고바이크]자전거짐받이특대바구니/플록스천바구니/짐바구니/고정식바구니/장착용바구니/자전거악세사리,http://www.11st.co.kr/product/SellerProductDetail.tmall?method=getSellerProductDetail&prdNo=1273581622
D***8,201905**,F,3,"서비스직 (요식업, 숙박업, 미용실종업원)",300~399만원,예    ,자녀 있음 ,아파트/ 주상복합,부산,사하구,감천동,LG,LG U+,자전거,자전거부품,브레이크패드,[FNS]크락스오가닉 디스크브레이크 패드(벌크제품),http://www.11st.co.kr/product/SellerProductDetail.tmall?method=getSellerProductDetail&prdNo=1097542995
D***1,201905**,M,5,"사무직 (일반사무직, 공무원, 직업군인)",500~599만원,예    ,자녀 있음 ,아파트/ 주상복합,경기,이천시,중리동,삼성,SKT,레저/자동차,자전거/용품,자전거의류/잡화,[엠씨엔]MCN 통기성좋고 시원한 매쉬마스크/UV자외선 벌레차단,http://item.gmarket.co.kr/Item?goodscode=1104924744
D***7,201905**,F,3,무직,200~299만원,아니오,          ,아파트/ 주상복합,울산,남구,야음동,삼성,KT,레저/자동차,자전거/용품,자전거액세서리,자전거휠 라이트 안전등  LED라이트 후미등,http://www.11st.co.kr/product/SellerProductDetail.tmall?method=getSellerProductDetail&prdNo=1076764951
D***3,201905**,M,2,"사무직 (일반사무직, 공무원, 직업군인)",200~299만원,      ,          ,아파트/ 주상복합,경기,군포시,오금동,삼성,SKT,자전거,튜닝용품,트레일러,알톤키즈 트레일러/자전거/캐리어/손잡이/보조바퀴,http://www.11st.co.kr/product/SellerProductDetail.tmall?method=getSellerProductDetail&prdNo=1249445352
D***5,201905**,F,4,"전문직 (의사, 판검사, 예술가, 종교인)",600~699만원,예    ,자녀 있음 ,아파트/ 주상복합,대구,수성구,범어4동,LG,SKT,레저/자동차,자전거/용품,자전거액세서리,정품미국 CREE사 LED Q5 줌 라이트/자전거/전조등/후레쉬/랜턴/손전등/거치대/건전지/안전등/용품/야간등,http://www.11st.co.kr/product/SellerProductDetail.tmall?method=getSellerProductDetail&prdNo=1200933401
D***,201905**,F,2,"사무직 (일반사무직, 공무원, 직업군인)",200~299만원,      ,          ,아파트/ 주상복합,경기,안산시 상록구,성포동,삼성,SKT,레저/자동차,자전거/용품,자전거타이어/부품,자전거수리키트+펌프 자전거공구세트 펑크패치,http://www.11st.co.kr/product/SellerProductDetail.tmall?method=getSellerProductDetail&prdNo=1103998698
D***8,201905**,F,3,"사무직 (일반사무직, 공무원, 직업군인)",200~299만원,      ,          ,아파트/ 주상복합,경기,고양시 일산서구,주엽1동,삼성,SKT,레저/자동차,자전거/용품,자전거,자이덴라스카FX20 20인치 7단 접이식 자전거,http://www.11st.co.kr/product/SellerProductDetail.tmall?method=getSellerProductDetail&prdNo=1202758720
D***1,201905**,M,2,"사무직 (일반사무직, 공무원, 직업군인)",200~299만원,      ,          ,아파트/ 주상복합,서울,중구,신당3동,삼성,SKT,레저/자동차,자전거/용품,자전거의류/잡화,쿨바라클라바자외선차단마스크 여름마스크 쿨마스크,http://www.11st.co.kr/product/SellerProductDetail.tmall?method=getSellerProductDetail&prdNo=11116518
D***5,201905**,F,2,"사무직 (일반사무직, 공무원, 직업군인)",200~299만원,      ,          ,아파트/ 주상복합,서울,성북구,정릉3동,삼성,SKT,자전거,자전거관리용품,펑크패치,무료배송휴대용 펑크패치/타이어 튜브 레버 정비 수리 공구세트/자전거용품.부품,http://www.11st.co.kr/product/SellerProductDetail.tmall?method=getSellerProductDetail&prdNo=1028212762
D***9,201905**,F,4,"사무직 (일반사무직, 공무원, 직업군인)",500~599만원,예    ,자녀 있음 ,단독주택,서울,강서구,화곡동,삼성,SKT,레저/자동차,자전거/용품,자전거타이어/부품,삼천리알루미늄 핸드펌프  - 자전거 다용도 튜브 펌프 공기주입기,http://www.11st.co.kr/product/SellerProductDetail.tmall?method=getSellerProductDetail&prdNo=1218187968
D***3,201905**,M,4,"자영업 (도소매업, 숙박업, 미용업)",100만원 미만,아니오,          ,단독주택,부산,수영구,남천2동,삼성,SKT,자전거/보드,자전거헬멧,기타브랜드 헬멧,EVSSX02 Knee Brace 오토바이무릎인대파열방지보호대/,http://item.gmarket.co.kr/Item?goodscode=1117646191
D***4,201905**,F,2,"사무직 (일반사무직, 공무원, 직업군인)",200~299만원,      ,          ,아파트/ 주상복합,서울,강남구,논현동,삼성,SKT,레저/자동차,자전거/용품,자전거액세서리,[J]쿨시트 방석 오토바이 스쿠터 헬멧 용품,http://www.11st.co.kr/product/SellerProductDetail.tmall?method=getSellerProductDetail&prdNo=1082590066
D***5,201905**,M,5,"사무직 (일반사무직, 공무원, 직업군인)",600~699만원,예    ,자녀 있음 ,아파트/ 주상복합,대전,중구,태평2동,삼성,KT,유아동,유아동완구/교구,승용완구,ZOKO조코유아동 체인자전거9종(3세~7세사용)+컵홀더,http://item.gmarket.co.kr/Item?goodscode=1109676457
D***5,201905**,M,2,무직,"1,000만원 이상",아니오,          ,아파트/ 주상복합,서울,동대문구,답십리1동,삼성,SKT,레저/자동차,자전거/용품,자전거액세서리,18650AA AAA 충전지 배터리 충전기 i4 D2 i2 UM20,http://www.11st.co.kr/product/SellerProductDetail.tmall?method=getSellerProductDetail&prdNo=1181473940
D***8,201905**,F,5,"주부 (전업주부, 파트타임 근무 주부)",500~599만원,예    ,자녀 있음 ,아파트/ 주상복합,경기,안양시 동안구,부흥동,삼성,SKT,자전거,자전거신발/고글/헬멧,헬멧,자전거커버방수 덮개 오토바이,http://www.11st.co.kr/product/SellerProductDetail.tmall?method=getSellerProductDetail&prdNo=1269616509
D***8,201905**,M,2,"사무직 (일반사무직, 공무원, 직업군인)",500~599만원,아니오,          ,단독주택,인천,남동구,논현동,삼성,SKT,자전거,자전거신발/고글/헬멧,헬멧,스텔리오스고글헬멧 에어로 자전거헬멧 로드헬멧,http://www.11st.co.kr/product/SellerProductDetail.tmall?method=getSellerProductDetail&prdNo=1007190015
D***6,201905**,F,3,"사무직 (일반사무직, 공무원, 직업군인)",500~599만원,아니오,          ,아파트/ 주상복합,서울,구로구,오류동,삼성,KT,레저/자동차,자전거/용품,자전거,[스마트]삼천리/스마트 접이식자전거 미니벨로 4종,http://item.gmarket.co.kr/Item?goodscode=1278067146
D***1,201905**,M,4,"관리직 (사장, 간부, 고위공무원)",300~399만원,예    ,자녀 있음 ,아파트/ 주상복합,경북,칠곡군,석적읍,삼성,SKT,자전거,자전거관리용품,펑크패치,무료배송휴대용 펑크패치/타이어 튜브 레버 정비 수리 공구세트/자전거용품.부품,http://www.11st.co.kr/product/SellerProductDetail.tmall?method=getSellerProductDetail&prdNo=1028212762
D***5,201905**,M,2,무직,300~399만원,아니오,          ,아파트/ 주상복합,서울,구로구,구로5동,삼성,알뜰폰(MVNO),레저/자동차,자전거/용품,자전거액세서리,블랙울프KR-C8 L2 밝은 자전거라이트 전조등 손전등,http://www.11st.co.kr/product/SellerProductDetail.tmall?method=getSellerProductDetail&prdNo=1091472722
D***,201905**,M,2,"사무직 (일반사무직, 공무원, 직업군인)",200~299만원,      ,          ,아파트/ 주상복합,서울,중구,장충동2가,삼성,SKT,레저/자동차,자전거/용품,자전거액세서리,"매그닉라이트/전조등,후미등싱글판매/충전필요없는 독일특허 비접촉 자전거라이트/자전거용품/무료배송",http://www.11st.co.kr/product/SellerProductDetail.tmall?method=getSellerProductDetail&prdNo=1242176076
D***,201905**,F,4,"사무직 (일반사무직, 공무원, 직업군인)",200~299만원,      ,          ,아파트/ 주상복합,대구,달성군,다사읍,삼성,SKT,레저/자동차,자전거/용품,자전거액세서리,카멜백포디엄 칠리 610ml 자전거물통 보냉 물병,http://www.11st.co.kr/product/SellerProductDetail.tmall?method=getSellerProductDetail&prdNo=1019561002
D***,201905**,M,4,"사무직 (일반사무직, 공무원, 직업군인)",200~299만원,      ,          ,아파트/ 주상복합,서울,영등포구,신길3동,삼성,SKT,레저/자동차,자전거/용품,자전거의류/잡화,쿨마스크멀티스카프 자외선차단마스크 자전거마스크,http://www.11st.co.kr/product/SellerProductDetail.tmall?method=getSellerProductDetail&prdNo=1042041108
D***3,201905**,M,3,"사무직 (일반사무직, 공무원, 직업군인)",200~299만원,      ,          ,아파트/ 주상복합,서울,노원구,중계본동,삼성,SKT,레저/자동차,자전거/용품,자전거,[21세기스쿠터]질주본능!21세기스쿠터/미드미 外 봄바람 일으키는 모빌리티 컬렉션,http://www.lotteimall.com/goods/viewGoodsDetail.lotte?goods_no=1154385444
D***8,201905**,M,3,"사무직 (일반사무직, 공무원, 직업군인)",200~299만원,예    ,자녀 있음 ,아파트/ 주상복합,경남,거창군,거창읍,LG,LG U+,레저/자동차,자전거/용품,자전거,[스마트자전거]반티아고G21 하이브리드자전거 21단 클래식 2018년,http://www.lotteimall.com/goods/viewGoodsDetail.lotte?goods_no=1203110269
D***5,201905**,M,2,"사무직 (일반사무직, 공무원, 직업군인)",200~299만원,      ,          ,아파트/ 주상복합,부산,사하구,하단1동,삼성,SKT,레저/자동차,자전거/용품,자전거액세서리,[엑스피크]엑스피크 자전거힙색 트윈포켓파우치 자전거파우치,http://item.gmarket.co.kr/Item?goodscode=1124173801
D***9,201905**,M,4,"사무직 (일반사무직, 공무원, 직업군인)",200~299만원,      ,          ,아파트/ 주상복합,서울,강남구,도곡2동,삼성,SKT,자전거,자전거신발/고글/헬멧,헬멧,[HJC]X5(EVO)블랙스카이 / 자전거 헬멧 / 240g대 초,http://www.11st.co.kr/product/SellerProductDetail.tmall?method=getSellerProductDetail&prdNo=1040086015
D***4,201905**,M,4,"사무직 (일반사무직, 공무원, 직업군인)",300~399만원,아니오,          ,아파트/ 주상복합,경북,안동시,운안동,삼성,KT,자전거/보드,자전거장갑/잡화,자전거장갑,[킹썰]스포츠/등산/자전거장갑/여름장갑/반장갑/핸드폰터치,http://item.gmarket.co.kr/Item?goodscode=1144168847
D***4,201905**,M,3,"사무직 (일반사무직, 공무원, 직업군인)",300~399만원,아니오,          ,아파트/ 주상복합,대전,유성구,관평동,애플,KT,자전거,자전거신발/고글/헬멧,헬멧,스텔리오스고글헬멧 에어로 자전거헬멧 로드헬멧,http://www.11st.co.kr/product/SellerProductDetail.tmall?method=getSellerProductDetail&prdNo=1007190015
D***,201905**,F,4,"사무직 (일반사무직, 공무원, 직업군인)",200~299만원,      ,          ,아파트/ 주상복합,인천,중구,중산동,삼성,SKT,자전거,자전거관리용품,펑크패치,구멍패치/번개표/자전거보수/타이어보수/빵꾸딱지/빵구패치/자전거정비/땜질/공구장터,http://www.11st.co.kr/product/SellerProductDetail.tmall?method=getSellerProductDetail&prdNo=1046577201
D***,201905**,F,2,"사무직 (일반사무직, 공무원, 직업군인)",200~299만원,      ,          ,아파트/ 주상복합,경기,수원시 영통구,원천동,삼성,SKT,레저/자동차,자전거/용품,자전거,[삼천리]접이자전거비타민24 24형 7단 미니벨로 폴딩,http://www.11st.co.kr/product/SellerProductDetail.tmall?method=getSellerProductDetail&prdNo=1208645013
D***,201905**,F,5,"사무직 (일반사무직, 공무원, 직업군인)",200~299만원,      ,          ,아파트/ 주상복합,울산,남구,야음동,삼성,SKT,자전거/보드,일반자전거,픽시자전거,벤데타벨루가 700C 알로이 에어로 프레임 픽시자전거,http://item.gmarket.co.kr/Item?goodscode=1219375759
D***,201905**,M,2,"학생 (초중고학생, 대학생, 대학원생)",400~499만원,아니오,          ,연립주택/ 다세대/ 빌라,서울,관악구,신림동,애플,KT,레저/자동차,자전거/용품,자전거,자전거공구셋트/5가지기능 스페너13mm 15mm 육각렌지4mm5mm6mm 부품 용품,http://www.11st.co.kr/product/SellerProductDetail.tmall?method=getSellerProductDetail&prdNo=1268973574
D***,201905**,M,2,"사무직 (일반사무직, 공무원, 직업군인)",200~299만원,      ,          ,아파트/ 주상복합,인천,남구,주안3동,삼성,SKT,레저/자동차,자전거/용품,자전거의류/잡화,[PUMA]푸마 여성 더블 스트레치 기모 본딩 팬츠 3종세트 GFYYFG22,http://www.hnsmall.com/display/goods.do?goods_code=12835199
D***,201905**,F,5,"자영업 (도소매업, 숙박업, 미용업)",100~199만원,예    ,자녀 있음 ,오피스텔,강원,춘천시,석사동,삼성,KT,자전거,자전거관리용품,펑크패치,호비번개표 펑크패치 타이어수리 타이어레버 빵구,http://www.11st.co.kr/product/SellerProductDetail.tmall?method=getSellerProductDetail&prdNo=12271947
D***8,201905**,M,5,"사무직 (일반사무직, 공무원, 직업군인)",200~299만원,예    ,자녀 있음 ,아파트/ 주상복합,대구,동구,신서동,삼성,SKT,레저/자동차,자전거/용품,자전거액세서리,블랙울프자전거 라이트 용품 18650 배터리 충전기,http://www.11st.co.kr/product/SellerProductDetail.tmall?method=getSellerProductDetail&prdNo=1003701027
D***0,201905**,M,4,"사무직 (일반사무직, 공무원, 직업군인)",300~399만원,아니오,          ,아파트/ 주상복합,경기,용인시 수지구,신봉동,삼성,KT,자전거,자전거,MTB,"[삼천리]미키마우스 미키키즈14,16,18형 아동 자전거",http://www.11st.co.kr/product/SellerProductDetail.tmall?method=getSellerProductDetail&prdNo=1248195280
D***0,201905**,M,5,"사무직 (일반사무직, 공무원, 직업군인)",200~299만원,      ,          ,아파트/ 주상복합,경기,수원시 권선구,호매실동,삼성,SKT,자전거,자전거신발/고글/헬멧,보호대,특가쿨토시 1+1 (2세트) /토시/아동쿨토시/팔토시,http://www.11st.co.kr/product/SellerProductDetail.tmall?method=getSellerProductDetail&prdNo=1291753831
D***7,201905**,F,2,"사무직 (일반사무직, 공무원, 직업군인)",200~299만원,      ,          ,아파트/ 주상복합,경북,경주시,강동면,삼성,SKT,자전거,자전거부품,안장,대만New 카본 시트포스트 (27.2/31.6mm) 풀카본 자전거 안장봉/초경량 싯포스트 (세미카),http://www.11st.co.kr/product/SellerProductDetail.tmall?method=getSellerProductDetail&prdNo=1015126992
D***4,201905**,F,3,"사무직 (일반사무직, 공무원, 직업군인)",200~299만원,      ,          ,아파트/ 주상복합,부산,부산진구,범전동,삼성,SKT,자전거,자전거신발/고글/헬멧,장갑,윈드스토퍼스마트터치 겨울 방한장갑 네오프렌 방풍,http://www.11st.co.kr/product/SellerProductDetail.tmall?method=getSellerProductDetail&prdNo=1050935353
D***6,201905**,M,2,"사무직 (일반사무직, 공무원, 직업군인)",200~299만원,      ,          ,아파트/ 주상복합,울산,남구,달동,삼성,SKT,레저/자동차,자전거/용품,자전거액세서리,블랙울프자전거 라이트 용품 18650 배터리 충전기,http://www.11st.co.kr/product/SellerProductDetail.tmall?method=getSellerProductDetail&prdNo=1003701027
D***3,201905**,M,2,"사무직 (일반사무직, 공무원, 직업군인)",200~299만원,      ,          ,아파트/ 주상복합,전남,여수시,신기동,삼성,SKT,자전거,자전거신발/고글/헬멧,장갑,윈드스토퍼스마트터치 겨울 방한장갑 네오프렌 방풍,http://www.11st.co.kr/product/SellerProductDetail.tmall?method=getSellerProductDetail&prdNo=1050935353
D***6,201905**,M,3,"사무직 (일반사무직, 공무원, 직업군인)",400~499만원,예    ,자녀 있음 ,아파트/ 주상복합,경기,부천시 원미구,중동,애플,KT,자전거,자전거신발/고글/헬멧,헬멧,필모리스/F381/F373/자전거헬멧/성인용헬멧/안전용품,http://www.11st.co.kr/product/SellerProductDetail.tmall?method=getSellerProductDetail&prdNo=1289945654
D***1,201905**,F,2,"전문직 (의사, 판검사, 예술가, 종교인)",200~299만원,아니오,          ,아파트/ 주상복합,인천,남동구,논현동,애플,SKT,자전거,자전거관리용품,에어펌프(발펌프),GIYO지요 GF-56GTB ULTRA 자전거펌프 공기배출기능,http://www.11st.co.kr/product/SellerProductDetail.tmall?method=getSellerProductDetail&prdNo=1147853726
D***1,201905**,M,3,무직,400~499만원,아니오,          ,단독주택,경기,양평군,양서면,삼성,알뜰폰(MVNO),자전거,자전거부품,안장,[참좋은바이크]삼천리아동용안장모음/하이킥/프린세스/키즈바이크/디즈니/유아동/어린이/푹신한안장,http://www.11st.co.kr/product/SellerProductDetail.tmall?method=getSellerProductDetail&prdNo=1205141789
D***4,201905**,F,2,"생산/노무직 (생산감독, 경비원, 공장근로자)",600~699만원,아니오,          ,아파트/ 주상복합,경북,칠곡군,석적읍,애플,LG U+,자전거,자전거,사이클,[쿠베로]에어리아2.0신형소라18 무료조립+최강사은품 NEW SORA 18,http://www.11st.co.kr/product/SellerProductDetail.tmall?method=getSellerProductDetail&prdNo=1224036819
D***5,201905**,F,3,"학생 (초중고학생, 대학생, 대학원생)","1,000만원 이상",아니오,          ,오피스텔,서울,동대문구,회기동,애플,KT,레저/자동차,자전거/용품,자전거,뉴도미니크24/렌즈/갤럽등 초등학생 하이브리드 모음,http://www.11st.co.kr/product/SellerProductDetail.tmall?method=getSellerProductDetail&prdNo=1154104823
D***3,201905**,F,3,"사무직 (일반사무직, 공무원, 직업군인)",600~699만원,아니오,          ,아파트/ 주상복합,부산,동래구,수안동,애플,SKT,자전거,튜닝용품,후미등,누빔멀티 라이트 NB-600 자전거 후미등 방향지시등,http://www.11st.co.kr/product/SellerProductDetail.tmall?method=getSellerProductDetail&prdNo=115116197
D***7,201905**,M,3,"서비스직 (요식업, 숙박업, 미용실종업원)",400~499만원,아니오,          ,단독주택,서울,송파구,풍납1동,삼성,SKT,자전거,자전거부품,보조바퀴,SM-901성인용 보조바퀴(20~26인치용),http://www.11st.co.kr/product/SellerProductDetail.tmall?method=getSellerProductDetail&prdNo=1200999290
D***,201905**,F,3,"사무직 (일반사무직, 공무원, 직업군인)",200~299만원,      ,          ,아파트/ 주상복합,경기,수원시 영통구,신동,삼성,SKT,자전거,자전거신발/고글/헬멧,헬멧,2018GIRO 지로 QUARTER 쿼터 어반 자전거 헬멧 BMX,http://www.11st.co.kr/product/SellerProductDetail.tmall?method=getSellerProductDetail&prdNo=1246004626
D***,201905**,F,2,"사무직 (일반사무직, 공무원, 직업군인)",200~299만원,      ,          ,아파트/ 주상복합,전북,김제시,연정동,삼성,SKT,자전거,튜닝용품,후미등,누빔멀티 라이트 NB-600 자전거 후미등 방향지시등,http://www.11st.co.kr/product/SellerProductDetail.tmall?method=getSellerProductDetail&prdNo=115116197
D***,201905**,M,2,"사무직 (일반사무직, 공무원, 직업군인)",200~299만원,      ,          ,아파트/ 주상복합,서울,중랑구,면목본동,삼성,SKT,자전거,자전거관리용품,광택,자전거방수보관커버/방수자전거 커버/PEVA원단,http://www.11st.co.kr/product/SellerProductDetail.tmall?method=getSellerProductDetail&prdNo=1255618282
D***,201905**,M,2,"전문직 (의사, 판검사, 예술가, 종교인)",100~199만원,아니오,          ,아파트/ 주상복합,서울,서대문구,현저동,기타,알뜰폰(MVNO),레저/자동차,자전거/용품,자전거,[알톤]갤럽22 21단 앞쇼바 7~11세 시마노인투스기어,http://www.11st.co.kr/product/SellerProductDetail.tmall?method=getSellerProductDetail&prdNo=1230962682
D***,201905**,F,3,"사무직 (일반사무직, 공무원, 직업군인)",400~499만원,예    ,자녀 있음 ,연립주택/ 다세대/ 빌라,서울,동작구,상도1동,애플,LG U+,레저/자동차,자전거/용품,자전거의류/잡화,[8601416-SJ]예식장갑/민자/백색/(100EA)/코팅장갑/장갑/안전장갑,http://www.11st.co.kr/product/SellerProductDetail.tmall?method=getSellerProductDetail&prdNo=1063242610
D***3,201905**,M,3,"사무직 (일반사무직, 공무원, 직업군인)",200~299만원,예    ,자녀 없음 ,연립주택/ 다세대/ 빌라,인천,부평구,부평4동,애플,알뜰폰(MVNO),레저/자동차,자전거/용품,자전거,자이덴라스카FX20 20인치 7단 접이식 자전거,http://www.11st.co.kr/product/SellerProductDetail.tmall?method=getSellerProductDetail&prdNo=1202758720
D***7,201905**,M,2,"사무직 (일반사무직, 공무원, 직업군인)",200~299만원,      ,          ,아파트/ 주상복합,전북,전주시 덕진구,우아동2가,삼성,SKT,레저/자동차,자전거/용품,자전거액세서리,▶빔라이트충전식 자전거 후미등┃자전거용품┃레저용품┃자전거악세사리┃자전거라이트┃후미등┃,http://www.11st.co.kr/product/SellerProductDetail.tmall?method=getSellerProductDetail&prdNo=1246317584
D***7,201905**,M,3,"사무직 (일반사무직, 공무원, 직업군인)",200~299만원,      ,          ,아파트/ 주상복합,서울,금천구,독산1동,삼성,SKT,자전거,자전거,로드자전거,2019첼로 테라 신형105 카본포크 로드자전거,http://www.11st.co.kr/product/SellerProductDetail.tmall?method=getSellerProductDetail&prdNo=1074638903
D***2,201905**,M,4,"사무직 (일반사무직, 공무원, 직업군인)",500~599만원,예    ,자녀 있음 ,아파트/ 주상복합,전북,전주시 완산구,효자동1가,삼성,SKT,레저/자동차,자전거/용품,자전거,지오스빈티지벨로체/GiosVintage Veloce 로드자전거,http://item.gmarket.co.kr/Item?goodscode=1273357815
D***7,201905**,F,2,"주부 (전업주부, 파트타임 근무 주부)",200~299만원,예    ,자녀 없음 ,아파트/ 주상복합,충남,천안시 서북구,두정동,애플,SKT,자전거,자전거,사이클,[쿠베로]에어리아2.0신형소라18 무료조립+최강사은품 NEW SORA 18,http://www.11st.co.kr/product/SellerProductDetail.tmall?method=getSellerProductDetail&prdNo=1224036819
D***4,201905**,M,3,"사무직 (일반사무직, 공무원, 직업군인)",300~399만원,예    ,자녀 있음 ,아파트/ 주상복합,서울,동작구,사당2동,삼성,KT,자전거,자전거부품,안장,삼천리전립선 안장패드/MTB ROAD 안장용 쿠션커버/하이브리드 안장커버/자전거안장커버/로드용 자전거용품,http://www.11st.co.kr/product/SellerProductDetail.tmall?method=getSellerProductDetail&prdNo=1232420657
D***1,201905**,M,4,"사무직 (일반사무직, 공무원, 직업군인)",400~499만원,예    ,자녀 있음 ,아파트/ 주상복합,울산,동구,전하동,삼성,KT,자전거,자전거관리용품,에어펌프(발펌프),발펌프/튜브/휴대용/쌍발/자전거/공기주입기/에어펌프/타이어공기/축구공/농구공/바람넣기/외발/강력발펌프,http://www.11st.co.kr/product/SellerProductDetail.tmall?method=getSellerProductDetail&prdNo=1091662162
D***1,201905**,M,2,"기능직 (자동차정비, 운전기사, 안경사, 택시기사)",300~399만원,아니오,          ,오피스텔,인천,남동구,간석4동,삼성,알뜰폰(MVNO),레저/자동차,자전거/용품,자전거액세서리,카멜백포디엄 칠리 610ml 자전거물통 보냉 물병,http://www.11st.co.kr/product/SellerProductDetail.tmall?method=getSellerProductDetail&prdNo=1019561002
D***6,201905**,F,5,"주부 (전업주부, 파트타임 근무 주부)",500~599만원,예    ,자녀 있음 ,아파트/ 주상복합,인천,부평구,산곡4동,삼성,알뜰폰(MVNO),자전거,자전거관리용품,에어펌프(발펌프),국산삼흥 발펌프 공기주입기 손펌프 에어펌프 자전거펌프 공 오토바이 바이크 휴대용 쌍발펌프 튜브 스포,http://www.11st.co.kr/product/SellerProductDetail.tmall?method=getSellerProductDetail&prdNo=1105695651
D***2,201905**,M,5,"자영업 (도소매업, 숙박업, 미용업)",300~399만원,예    ,자녀 있음 ,아파트/ 주상복합,서울,은평구,응암3동,삼성,LG U+,레저/자동차,자전거/용품,자전거액세서리,[VELO]VL3147전립선안장 - MTB 로드 싸이클 자전거 전립선 벨로 쿠션안장,http://www.11st.co.kr/product/SellerProductDetail.tmall?method=getSellerProductDetail&prdNo=1099006895
D***,201905**,M,5,"사무직 (일반사무직, 공무원, 직업군인)",200~299만원,      ,          ,아파트/ 주상복합,경기,고양시 일산동구,장항2동,삼성,SKT,레저/자동차,자전거/용품,자전거,베리벨로보스톤GS 22 18년형 22인치 MTB자전거,http://www.11st.co.kr/product/SellerProductDetail.tmall?method=getSellerProductDetail&prdNo=1264898395
D***,201905**,M,2,"사무직 (일반사무직, 공무원, 직업군인)",200~299만원,      ,          ,아파트/ 주상복합,경기,파주시,문산읍,삼성,SKT,자전거/보드,자전거바구니/가방,크로스가방,엑스피크빅파우치 자전거 휴대폰파우치,http://item.gmarket.co.kr/Item?goodscode=1187012636
D***,201905**,F,3,"사무직 (일반사무직, 공무원, 직업군인)",200~299만원,      ,          ,아파트/ 주상복합,서울,종로구,혜화동,삼성,SKT,레저/자동차,자전거/용품,자전거액세서리,스나이퍼코리아블랙울프 18650배터리 충전기모음,http://www.11st.co.kr/product/SellerProductDetail.tmall?method=getSellerProductDetail&prdNo=1272010256
D***,201905**,M,3,"사무직 (일반사무직, 공무원, 직업군인)",300~399만원,예    ,자녀 있음 ,아파트/ 주상복합,서울,도봉구,쌍문4동,삼성,SKT,레저/자동차,자전거/용품,자전거,스타카토에스코트 7단 접이식 자전거 바구니 포함,http://www.11st.co.kr/product/SellerProductDetail.tmall?method=getSellerProductDetail&prdNo=1216359097
D***,201905**,M,2,"학생 (초중고학생, 대학생, 대학원생)",100만원 미만,아니오,          ,연립주택/ 다세대/ 빌라,서울,강남구,개포2동,삼성,LG U+,레저/자동차,자전거/용품,자전거액세서리,[J]쿨시트 방석 오토바이 스쿠터 헬멧 용품,http://www.11st.co.kr/product/SellerProductDetail.tmall?method=getSellerProductDetail&prdNo=1082590066
D***,201905**,F,5,"사무직 (일반사무직, 공무원, 직업군인)",200~299만원,      ,          ,아파트/ 주상복합,서울,영등포구,양평동4가,삼성,SKT,자전거,자전거,MTB,GIFT2016 엘파마 판타시아 S7 S675 카본 MTB 자전거,http://www.11st.co.kr/product/SellerProductDetail.tmall?method=getSellerProductDetail&prdNo=1043875589
D***,201905**,F,2,"사무직 (일반사무직, 공무원, 직업군인)",200~299만원,      ,          ,아파트/ 주상복합,서울,중랑구,묵1동,삼성,SKT,레저/자동차,자전거/용품,자전거액세서리,카멜백포디엄 칠리 610ml 자전거물통 보냉 물병,http://www.11st.co.kr/product/SellerProductDetail.tmall?method=getSellerProductDetail&prdNo=1019561002
D***,201905**,F,2,"사무직 (일반사무직, 공무원, 직업군인)",200~299만원,      ,          ,아파트/ 주상복합,경기,수원시 영통구,망포동,삼성,SKT,레저/자동차,자전거/용품,자전거액세서리,로드MTB 충전식 자전거라이트 용품 18650 배터리,http://www.11st.co.kr/product/SellerProductDetail.tmall?method=getSellerProductDetail&prdNo=1004933124
D***,201905**,M,3,"사무직 (일반사무직, 공무원, 직업군인)",200~299만원,      ,          ,아파트/ 주상복합,인천,계양구,귤현동,삼성,SKT,레저/자동차,자전거/용품,자전거액세서리,"자전거커버,바이크린,자전거,자전거용품,싸이클",http://www.11st.co.kr/product/SellerProductDetail.tmall?method=getSellerProductDetail&prdNo=1170093481
D***,201905**,F,2,"사무직 (일반사무직, 공무원, 직업군인)",200~299만원,      ,          ,아파트/ 주상복합,경기,안산시 상록구,본오2동,삼성,SKT,레저/자동차,자전거/용품,자전거,알톤어린이용 경량 알루미늄 접이식 자전거 라바폴딩18인치,http://www.11st.co.kr/product/SellerProductDetail.tmall?method=getSellerProductDetail&prdNo=1096512754
D***7,201905**,M,3,"사무직 (일반사무직, 공무원, 직업군인)",200~299만원,      ,          ,아파트/ 주상복합,전남,목포시,옥암동,삼성,SKT,자전거/보드,자전거장갑/잡화,자전거장갑,아쿠아메이드자전거 반장갑 바이크 헬스 등산 장갑,http://item.gmarket.co.kr/Item?goodscode=1118054793
D***6,201905**,M,3,"사무직 (일반사무직, 공무원, 직업군인)",200~299만원,      ,          ,아파트/ 주상복합,부산,금정구,부곡동,삼성,SKT,레저/자동차,자전거/용품,헬멧/보호장비,GAIUS어반헬멧 킥보드헬멧 성인 청소년헬멧,http://www.11st.co.kr/product/SellerProductDetail.tmall?method=getSellerProductDetail&prdNo=1036710596
D***3,201905**,M,4,"자영업 (도소매업, 숙박업, 미용업)",400~499만원,예    ,자녀 없음 ,아파트/ 주상복합,경기,안양시 동안구,호계2동,애플,SKT,레저/자동차,자전거/용품,자전거액세서리,SCHWALBE슈발베 타이어레버 3개한세트 타이어교체 / 튜블러 시멘트/리무버/이지핏 악세사리,http://www.11st.co.kr/product/SellerProductDetail.tmall?method=getSellerProductDetail&prdNo=1263501442
D***7,201905**,M,4,"사무직 (일반사무직, 공무원, 직업군인)",300~399만원,예    ,자녀 있음 ,아파트/ 주상복합,대구,서구,평리동,삼성,LG U+,레저/자동차,자전거/용품,자전거,미키키즈로드스터 미니 18유니키즈FA 어린이자전거,http://www.11st.co.kr/product/SellerProductDetail.tmall?method=getSellerProductDetail&prdNo=1067685984
D***5,201905**,M,3,"사무직 (일반사무직, 공무원, 직업군인)",300~399만원,예    ,자녀 없음 ,아파트/ 주상복합,인천,남구,주안동,LG,SKT,자전거,자전거신발/고글/헬멧,헬멧,2018GIRO 지로 QUARTER 쿼터 어반 자전거 헬멧 BMX,http://www.11st.co.kr/product/SellerProductDetail.tmall?method=getSellerProductDetail&prdNo=1246004626
D***8,201905**,M,5,"사무직 (일반사무직, 공무원, 직업군인)",200~299만원,      ,          ,아파트/ 주상복합,경기,안양시 동안구,평안동,삼성,SKT,캠핑/골프/헬스/자전거,자전거,전기자전거,전동킥보드마이봇 ERT-8/ 38V/ 18.4Ah / 삼성배터리/ 레져스포츠,http://www.hnsmall.com/display/goods.do?goods_code=12231883
D***4,201905**,F,2,"학생 (초중고학생, 대학생, 대학원생)",300~399만원,아니오,          ,아파트/ 주상복합,대구,달서구,도원동,삼성,KT,레저/자동차,자전거/용품,자전거액세서리,블랙울프자전거 라이트 용품 18650 배터리 충전기,http://www.11st.co.kr/product/SellerProductDetail.tmall?method=getSellerProductDetail&prdNo=1003701027
D***8,201905**,M,3,"자영업 (도소매업, 숙박업, 미용업)","1,000만원 이상",아니오,          ,연립주택/ 다세대/ 빌라,충남,천안시 서북구,두정동,삼성,SKT,유아동,유아동완구/교구,승용완구,[삼천리자전거]GIFT 2018 삼천리 샘트라이크 800+ 유모차 세발자전거,http://item.gmarket.co.kr/Item?goodscode=1266671892
D***6,201905**,M,2,"사무직 (일반사무직, 공무원, 직업군인)",200~299만원,      ,          ,아파트/ 주상복합,경기,화성시,진안동,삼성,SKT,자전거,자전거부품,페달,"토클립세트 (1쌍. 가죽밴드, 볼트 포함) Toe Clip Set 대만생산품. 픽시 클래식 로드 등 자전거 부품 용품",http://www.11st.co.kr/product/SellerProductDetail.tmall?method=getSellerProductDetail&prdNo=1114857336
D***,201905**,F,2,"사무직 (일반사무직, 공무원, 직업군인)",200~299만원,      ,          ,아파트/ 주상복합,전북,김제시,연정동,삼성,SKT,캠핑/골프/헬스/자전거,자전거의류/용품,공용상의,[MCN]윈드베스트 MSV-16 블랙/자전거조끼,http://www.hnsmall.com/display/goods.do?goods_code=12602302
D***,201905**,F,5,"사무직 (일반사무직, 공무원, 직업군인)",400~499만원,예    ,자녀 있음 ,아파트/ 주상복합,강원,춘천시,석사동,삼성,KT,레저/자동차,자전거/용품,자전거의류/잡화,사은품증정나루 마스크 자전거 자외선차단 등산 골프 바라클라바 버프 겨울 방한 넥워머 복면  오토바이,http://www.11st.co.kr/product/SellerProductDetail.tmall?method=getSellerProductDetail&prdNo=1070268365
D***,201905**,F,4,"사무직 (일반사무직, 공무원, 직업군인)",200~299만원,      ,          ,아파트/ 주상복합,부산,사상구,학장동,삼성,SKT,자전거,자전거신발/고글/헬멧,장갑,[MTB자전거장갑]라이딩장갑/여름장갑/반장갑,http://www.11st.co.kr/product/SellerProductDetail.tmall?method=getSellerProductDetail&prdNo=1274156192
D***,201905**,M,3,"사무직 (일반사무직, 공무원, 직업군인)",200~299만원,      ,          ,아파트/ 주상복합,경기,성남시 중원구,상대원3동,삼성,SKT,자전거,자전거관리용품,에어펌프(발펌프),GIYO지요 GF-56GTB ULTRA 자전거펌프 공기배출기능,http://www.11st.co.kr/product/SellerProductDetail.tmall?method=getSellerProductDetail&prdNo=1147853726
D***7,201905**,F,2,"사무직 (일반사무직, 공무원, 직업군인)",200~299만원,      ,          ,아파트/ 주상복합,경기,수원시 팔달구,화서2동,삼성,SKT,레저/자동차,자전거/용품,자전거,[에어휠]BEST전동킥보드/스쿠터 인기브랜드 에어휠/스티고/이지휠 택1,http://www.lotteimall.com/goods/viewGoodsDetail.lotte?goods_no=1263374352
D***5,201905**,F,2,"사무직 (일반사무직, 공무원, 직업군인)",200~299만원,      ,          ,아파트/ 주상복합,서울,성북구,정릉3동,삼성,SKT,레저/자동차,자전거/용품,자전거타이어/부품,야광젤타입 자전거 안장 자전거 용품 레저 취미,http://item.gmarket.co.kr/Item?goodscode=1268231013
D***1,201905**,F,3,"사무직 (일반사무직, 공무원, 직업군인)",900~999만원,아니오,          ,단독주택,경남,김해시,상동면,삼성,SKT,자전거,자전거,MTB,베리벨로보스톤GS 18년형 22인치 초등학생 MTB자전거,http://www.11st.co.kr/product/SellerProductDetail.tmall?method=getSellerProductDetail&prdNo=1240605806
D***4,201905**,F,2,"사무직 (일반사무직, 공무원, 직업군인)",200~299만원,      ,          ,아파트/ 주상복합,서울,강남구,논현동,삼성,SKT,레저/자동차,자전거/용품,자전거,미키키즈로드스터 미니 18유니키즈FA 어린이자전거,http://www.11st.co.kr/product/SellerProductDetail.tmall?method=getSellerProductDetail&prdNo=1067685984
D***6,201905**,F,3,"사무직 (일반사무직, 공무원, 직업군인)",900~999만원,아니오,          ,아파트/ 주상복합,서울,관악구,행운동,삼성,SKT,레저/자동차,자전거/용품,자전거의류/잡화,아동.유아.어린이/무릎보호대.헬멧.장갑 세트/자전거용품.인라인스케이트.씽씽카.안전용품.블랙프라이데이,http://www.11st.co.kr/product/SellerProductDetail.tmall?method=getSellerProductDetail&prdNo=1066221250
D***5,201905**,M,2,"학생 (초중고학생, 대학생, 대학원생)",500~599만원,아니오,          ,연립주택/ 다세대/ 빌라,서울,영등포구,여의도동,삼성,LG U+,자전거,자전거,MTB,GIFT2016 엘파마 판타시아 S7 S675 카본 MTB 자전거,http://www.11st.co.kr/product/SellerProductDetail.tmall?method=getSellerProductDetail&prdNo=1043875589
D***0,201905**,M,3,"사무직 (일반사무직, 공무원, 직업군인)",400~499만원,예    ,자녀 있음 ,아파트/ 주상복합,인천,부평구,부평동,삼성,알뜰폰(MVNO),레저/자동차,자전거/용품,자전거,[에어휠]BEST전동킥보드/스쿠터 인기브랜드 에어휠/스티고/이지휠 택1,http://www.lotteimall.com/goods/viewGoodsDetail.lotte?goods_no=1263374352
D***6,201905**,F,2,"사무직 (일반사무직, 공무원, 직업군인)",200~299만원,      ,          ,아파트/ 주상복합,경기,용인시 처인구,모현면,삼성,SKT,캠핑/골프/헬스/자전거,자전거의류/용품,공용하의,[MCN]네오 베이직 7부 바지/승마바지,http://www.hnsmall.com/display/goods.do?goods_code=12497037
D***5,201905**,F,3,"사무직 (일반사무직, 공무원, 직업군인)",400~499만원,예    ,자녀 있음 ,단독주택,부산,동구,수정동,삼성,KT,자전거,자전거관리용품,광택,자전거방수보관커버/방수자전거 커버/PEVA원단,http://www.11st.co.kr/product/SellerProductDetail.tmall?method=getSellerProductDetail&prdNo=1255618282
D***9,201905**,F,3,"사무직 (일반사무직, 공무원, 직업군인)",200~299만원,      ,          ,아파트/ 주상복합,서울,마포구,연남동,삼성,SKT,레저/자동차,자전거/용품,자전거의류/잡화,"휘너스/땀냄새,물빠짐없는선수용 기능성 스포츠 스판웨어 하의모음/속건+항균/언더레이어 챌린저5부",http://www.11st.co.kr/product/SellerProductDetail.tmall?method=getSellerProductDetail&prdNo=1280155662
D***1,201905**,M,2,"전문직 (의사, 판검사, 예술가, 종교인)",200~299만원,아니오,          ,아파트/ 주상복합,서울,동작구,사당3동,삼성,LG U+,자전거,자전거,MTB,앞뒤쇼바접이식 21단 26인치 입문 통학 출퇴근용 MTB,http://www.11st.co.kr/product/SellerProductDetail.tmall?method=getSellerProductDetail&prdNo=1082913347
D***0,201905**,M,2,"사무직 (일반사무직, 공무원, 직업군인)",200~299만원,      ,          ,아파트/ 주상복합,서울,강남구,논현동,삼성,SKT,레저/자동차,자전거/용품,자전거액세서리,유아안장자전거유아안장 후방유아안장 아동보조안장,http://www.11st.co.kr/product/SellerProductDetail.tmall?method=getSellerProductDetail&prdNo=124136733
D***,201905**,M,4,"자영업 (도소매업, 숙박업, 미용업)",300~399만원,아니오,          ,연립주택/ 다세대/ 빌라,경기,안산시 상록구,부곡동,LG,SKT,캠핑/골프/헬스/자전거,자전거의류/용품,기타용품,[펌프킹]가정용 자전거 거치대 HK-001,http://www.hnsmall.com/display/goods.do?goods_code=12714590
D***,201905**,F,2,"사무직 (일반사무직, 공무원, 직업군인)",200~299만원,      ,          ,아파트/ 주상복합,경북,경산시,옥곡동,삼성,SKT,자전거,튜닝용품,흙받이,자전거흙받이(한세트)삼천리자전거 레스포정품/흙튀김방지 물받이/선택,http://www.11st.co.kr/product/SellerProductDetail.tmall?method=getSellerProductDetail&prdNo=12932278
D***,201905**,F,2,"학생 (초중고학생, 대학생, 대학원생)",100만원 미만,아니오,          ,아파트/ 주상복합,광주,광산구,산월동,삼성,SKT,자전거,자전거,사이클,[쿠베로]에어리아2.0신형소라18 무료조립+최강사은품 NEW SORA 18,http://www.11st.co.kr/product/SellerProductDetail.tmall?method=getSellerProductDetail&prdNo=1224036819
D***,201905**,F,3,"사무직 (일반사무직, 공무원, 직업군인)",200~299만원,      ,          ,아파트/ 주상복합,서울,서초구,반포동,삼성,SKT,자전거/보드,자전거타이어/부품,자전거튜브,[흥아]흥아 700C x 23/25C 프레스타 60mm 자전거튜브 로드,http://item.gmarket.co.kr/Item?goodscode=1287260612
D***,201905**,F,2,"사무직 (일반사무직, 공무원, 직업군인)",200~299만원,      ,          ,아파트/ 주상복합,부산,강서구,신호동,삼성,SKT,캠핑/골프/헬스/자전거,자전거의류/용품,신발,뉴발란스운동화 774 NEWBALANCE 774 (M774BK3),http://www.hnsmall.com/display/goods.do?goods_code=11979566
D***0,201905**,M,2,"사무직 (일반사무직, 공무원, 직업군인)",200~299만원,      ,          ,아파트/ 주상복합,대구,수성구,만촌2동,삼성,SKT,레저/자동차,자전거/용품,자전거액세서리,[VELO]VL3147전립선안장 - MTB 로드 싸이클 자전거 전립선 벨로 쿠션안장,http://www.11st.co.kr/product/SellerProductDetail.tmall?method=getSellerProductDetail&prdNo=1099006895
D***4,201905**,F,2,"사무직 (일반사무직, 공무원, 직업군인)",600~699만원,아니오,          ,연립주택/ 다세대/ 빌라,울산,남구,달동,LG,LG U+,자전거,자전거관리용품,에어펌프(발펌프),국산삼흥 발펌프 공기주입기 손펌프 에어펌프 자전거,http://www.11st.co.kr/product/SellerProductDetail.tmall?method=getSellerProductDetail&prdNo=1105695651
D***0,201905**,F,4,"주부 (전업주부, 파트타임 근무 주부)",200~299만원,예    ,자녀 있음 ,아파트/ 주상복합,울산,남구,신정4동,삼성,SKT,자전거,튜닝용품,후미등,자전거후미등2구 실리콘 후미등 LED비상등 안전등 야간 라이딩 유모차 오토바이 3가지 모드,http://www.11st.co.kr/product/SellerProductDetail.tmall?method=getSellerProductDetail&prdNo=1253472408
D***8,201905**,M,2,"사무직 (일반사무직, 공무원, 직업군인)",200~299만원,      ,          ,아파트/ 주상복합,서울,동작구,사당동,삼성,SKT,자전거/보드,자전거라이트,자전거라이트/전조등,몬스터라이트LG화학 18650 배터리 3050mAh,http://item.gmarket.co.kr/Item?goodscode=1280497915
D***0,201905**,F,3,"사무직 (일반사무직, 공무원, 직업군인)",200~299만원,      ,          ,아파트/ 주상복합,서울,성동구,금호동4가,삼성,SKT,자전거,자전거신발/고글/헬멧,보호대,특가쿨토시 1+1 (2세트) /토시/아동쿨토시/팔토시,http://www.11st.co.kr/product/SellerProductDetail.tmall?method=getSellerProductDetail&prdNo=1291753831
D***4,201905**,M,4,"생산/노무직 (생산감독, 경비원, 공장근로자)",200~299만원,예    ,자녀 있음 ,아파트/ 주상복합,전남,목포시,북항동,삼성,SKT,레저/자동차,자전거/용품,자전거액세서리,블랙울프미니줌 줌라이트 LED랜턴 후레쉬 자전거용품,http://www.11st.co.kr/product/SellerProductDetail.tmall?method=getSellerProductDetail&prdNo=1182033172
D***6,201905**,M,4,"사무직 (일반사무직, 공무원, 직업군인)",200~299만원,      ,          ,아파트/ 주상복합,경기,여주군,여주읍,삼성,SKT,자전거/보드,자전거타이어/부품,자전거타이어,자전거휠라이트 반사 스트로우 바퀴 야간 안전 야광,http://item.gmarket.co.kr/Item?goodscode=1184423428
D***8,201905**,F,3,"사무직 (일반사무직, 공무원, 직업군인)",100~199만원,아니오,          ,아파트/ 주상복합,경기,고양시 일산동구,식사동,삼성,SKT,자전거/보드,자전거라이트,자전거라이트/전조등,몬스터라이트미니 자전거라이트  몬스터라이트 미니,http://item.gmarket.co.kr/Item?goodscode=1280390929
D***1,201905**,M,2,"사무직 (일반사무직, 공무원, 직업군인)",200~299만원,      ,          ,아파트/ 주상복합,서울,서대문구,홍은동,삼성,SKT,자전거,자전거신발/고글/헬멧,보호대,특가쿨토시 1+1 (2세트) /토시/아동쿨토시/팔토시,http://www.11st.co.kr/product/SellerProductDetail.tmall?method=getSellerProductDetail&prdNo=1291753831
D***8,201905**,M,3,"전문직 (의사, 판검사, 예술가, 종교인)",300~399만원,예    ,자녀 있음 ,아파트/ 주상복합,서울,동대문구,장안2동,삼성,KT,자전거,자전거신발/고글/헬멧,보호대,특가쿨토시 1+1 (2세트) /토시/아동쿨토시/팔토시,http://www.11st.co.kr/product/SellerProductDetail.tmall?method=getSellerProductDetail&prdNo=1291753831
D***4,201905**,F,4,"사무직 (일반사무직, 공무원, 직업군인)",800~899만원,예    ,자녀 있음 ,아파트/ 주상복합,서울,강서구,등촌3동,삼성,SKT,자전거,자전거부품,브레이크패드,BARADINE바라딘 450 로드용 브레이크슈 브레이크 슈패드 고무패드 자전거용품 부품,http://www.11st.co.kr/product/SellerProductDetail.tmall?method=getSellerProductDetail&prdNo=1073663674
D***8,201905**,M,4,"사무직 (일반사무직, 공무원, 직업군인)",200~299만원,      ,          ,아파트/ 주상복합,서울,서대문구,북아현동,삼성,SKT,레저/자동차,자전거/용품,헬멧/보호장비,자전거헬멧/자전거용품/큰/삼천리헬멧/성인/아동헬멧,http://www.11st.co.kr/product/SellerProductDetail.tmall?method=getSellerProductDetail&prdNo=1044088173
D***1,201905**,M,2,"판매직 (상점점원, 보험설계사, 노점상)",200~299만원,아니오,          ,아파트/ 주상복합,울산,북구,중산동,삼성,LG U+,레저/자동차,자전거/용품,자전거액세서리,▶빔라이트충전식 자전거 후미등┃자전거용품┃레저용품┃자전거악세사리┃자전거라이트┃후미등┃,http://www.11st.co.kr/product/SellerProductDetail.tmall?method=getSellerProductDetail&prdNo=1246317584
D***,201905**,F,3,"사무직 (일반사무직, 공무원, 직업군인)",200~299만원,      ,          ,아파트/ 주상복합,서울,강서구,화곡8동,삼성,SKT,자전거,자전거관리용품,광택,자전거방수보관커버/방수자전거 커버/PEVA원단,http://www.11st.co.kr/product/SellerProductDetail.tmall?method=getSellerProductDetail&prdNo=1255618282
D***,201905**,F,4,"사무직 (일반사무직, 공무원, 직업군인)",200~299만원,      ,          ,아파트/ 주상복합,경기,고양시 덕양구,성사동,삼성,SKT,레저/자동차,자전거/용품,헬멧/보호장비,"Giro헬멧/Quarter 쿼터, 어번/더트 (6색상)",http://www.11st.co.kr/product/SellerProductDetail.tmall?method=getSellerProductDetail&prdNo=1230444459
D***,201905**,M,3,"사무직 (일반사무직, 공무원, 직업군인)",400~499만원,예    ,자녀 있음 ,아파트/ 주상복합,서울,은평구,역촌동,애플,SKT,레저/자동차,자전거/용품,자전거,미키키즈로드스터 미니 18유니키즈FA 어린이자전거,http://www.11st.co.kr/product/SellerProductDetail.tmall?method=getSellerProductDetail&prdNo=1067685984
D***,201905**,M,3,"사무직 (일반사무직, 공무원, 직업군인)",200~299만원,      ,          ,아파트/ 주상복합,경기,평택시,합정동,삼성,SKT,레저/자동차,자전거/용품,자전거액세서리,자전거휠 라이트 안전등  LED라이트 후미등,http://www.11st.co.kr/product/SellerProductDetail.tmall?method=getSellerProductDetail&prdNo=1076764951
D***,201905**,F,2,"사무직 (일반사무직, 공무원, 직업군인)",200~299만원,      ,          ,아파트/ 주상복합,부산,부산진구,범천1동,삼성,SKT,자전거/보드,자전거장갑/잡화,자전거장갑,[프로스펙스]스마트 방한장갑 등산장갑 자전거장갑 겨울장갑 축구,http://item.gmarket.co.kr/Item?goodscode=1150372758
D***,201905**,M,2,"사무직 (일반사무직, 공무원, 직업군인)",200~299만원,      ,          ,아파트/ 주상복합,전북,정읍시,산외면,삼성,SKT,레저/자동차,자전거/용품,자전거,알톤쉐보레 CFB2.4 24단 팻바이크/노바투스/우라노,http://www.11st.co.kr/product/SellerProductDetail.tmall?method=getSellerProductDetail&prdNo=1288179623
D***,201905**,M,3,"학생 (초중고학생, 대학생, 대학원생)",500~599만원,아니오,          ,단독주택,부산,금정구,장전1동,삼성,KT,레저/자동차,자전거/용품,자전거의류/잡화,[8601416-SJ]예식장갑/민자/백색/(100EA)/코팅장갑/장갑/안전장갑,http://www.11st.co.kr/product/SellerProductDetail.tmall?method=getSellerProductDetail&prdNo=1063242610
D***,201905**,F,3,"사무직 (일반사무직, 공무원, 직업군인)",200~299만원,      ,          ,아파트/ 주상복합,경남,창원시 의창구,명서동,삼성,SKT,자전거,자전거부품,안장,삼천리전립선 안장패드/MTB ROAD 안장용 쿠션커버/하이브리드 안장커버/자전거안장커버/로드용 자전거용품,http://www.11st.co.kr/product/SellerProductDetail.tmall?method=getSellerProductDetail&prdNo=1232420657
D***,201905**,F,4,"자영업 (도소매업, 숙박업, 미용업)",400~499만원,아니오,          ,아파트/ 주상복합,경기,안양시 동안구,달안동,기타,LG U+,자전거,자전거,MTB,"[삼천리]미키마우스 미키키즈14,16,18형 아동 자전거",http://www.11st.co.kr/product/SellerProductDetail.tmall?method=getSellerProductDetail&prdNo=1248195280
D***,201905**,M,3,"사무직 (일반사무직, 공무원, 직업군인)",200~299만원,      ,          ,아파트/ 주상복합,인천,남동구,구월동,삼성,SKT,레저/자동차,자전거/용품,헬멧/보호장비,자전거헬멧/자전거용품/큰/삼천리헬멧/성인/아동헬멧,http://www.11st.co.kr/product/SellerProductDetail.tmall?method=getSellerProductDetail&prdNo=1044088173
D***,201905**,M,2,"사무직 (일반사무직, 공무원, 직업군인)",200~299만원,      ,          ,아파트/ 주상복합,경남,합천군,야로면,삼성,SKT,자전거,자전거신발/고글/헬멧,헬멧,스텔리오스고글헬멧 에어로 자전거헬멧 로드헬멧,http://www.11st.co.kr/product/SellerProductDetail.tmall?method=getSellerProductDetail&prdNo=1007190015
D***6,201905**,M,2,"사무직 (일반사무직, 공무원, 직업군인)",200~299만원,      ,          ,아파트/ 주상복합,서울,동대문구,휘경1동,삼성,SKT,레저/자동차,자전거/용품,자전거,스타카토에스코트 7단 접이식 자전거 바구니 포함,http://www.11st.co.kr/product/SellerProductDetail.tmall?method=getSellerProductDetail&prdNo=1216359097
D***3,201905**,F,2,"사무직 (일반사무직, 공무원, 직업군인)",200~299만원,      ,          ,아파트/ 주상복합,광주,광산구,우산동,삼성,SKT,자전거,튜닝용품,전시스탠드,[내가만든자전거](ICETOOLZ) 아이스툴즈 P633 벽면형 자전거 거치대/벽면고정볼트포함,http://www.11st.co.kr/product/SellerProductDetail.tmall?method=getSellerProductDetail&prdNo=1231501156
D***4,201905**,F,5,"사무직 (일반사무직, 공무원, 직업군인)",200~299만원,      ,          ,아파트/ 주상복합,전남,여수시,둔덕동,삼성,SKT,자전거/보드,일반자전거,외발/삼륜/2인용,[자이덴]지오닉스 나누미 에코 성인용 세발 트라이 삼륜자전거,http://item.gmarket.co.kr/Item?goodscode=1292909571
D***3,201905**,F,4,"학생 (초중고학생, 대학생, 대학원생)",100~199만원,아니오,          ,단독주택,서울,중랑구,망우동,LG,KT,자전거,자전거,로드자전거,2019첼로 테라 신형105 카본포크 로드자전거,http://www.11st.co.kr/product/SellerProductDetail.tmall?method=getSellerProductDetail&prdNo=1074638903
D***2,201905**,M,4,"사무직 (일반사무직, 공무원, 직업군인)",500~599만원,예    ,자녀 있음 ,아파트/ 주상복합,전북,전주시 완산구,효자동1가,삼성,SKT,레저/자동차,자전거/용품,자전거,[삼천리자전거]하로GS20 7단 접이식자전거  어린이/여성 폴딩자전거,http://item.gmarket.co.kr/Item?goodscode=1201466217
D***1,201905**,M,3,"사무직 (일반사무직, 공무원, 직업군인)",500~599만원,예    ,자녀 없음 ,연립주택/ 다세대/ 빌라,서울,강동구,명일1동,삼성,SKT,자전거,자전거신발/고글/헬멧,장갑,자전거방한토시 바이크 핸들덮개 방한커버 손토시,http://www.11st.co.kr/product/SellerProductDetail.tmall?method=getSellerProductDetail&prdNo=1164858474
D***4,201905**,F,2,"전문직 (의사, 판검사, 예술가, 종교인)",600~699만원,아니오,          ,아파트/ 주상복합,인천,남동구,구월동,삼성,SKT,레저/자동차,자전거/용품,자전거,[알톤]갤럽22 21단 앞쇼바 7~11세 시마노인투스기어,http://www.11st.co.kr/product/SellerProductDetail.tmall?method=getSellerProductDetail&prdNo=1230962682
D***3,201905**,M,3,"사무직 (일반사무직, 공무원, 직업군인)",200~299만원,예    ,자녀 있음 ,아파트/ 주상복합,서울,노원구,상계6.7동,기타,KT,레저/자동차,자전거/용품,헬멧/보호장비,GAIUS어반헬멧 킥보드헬멧 성인 청소년헬멧,http://www.11st.co.kr/product/SellerProductDetail.tmall?method=getSellerProductDetail&prdNo=1036710596
D***,201905**,M,4,"사무직 (일반사무직, 공무원, 직업군인)",200~299만원,      ,          ,아파트/ 주상복합,강원,원주시,관설동,삼성,SKT,자전거,자전거신발/고글/헬멧,헬멧,어반헬멧/GIRO 쿼터 다임 딤/BELL 세그먼트/자전거,http://www.11st.co.kr/product/SellerProductDetail.tmall?method=getSellerProductDetail&prdNo=1244123994
D***,201905**,M,2,"사무직 (일반사무직, 공무원, 직업군인)",200~299만원,      ,          ,아파트/ 주상복합,서울,양천구,목4동,삼성,SKT,자전거,자전거부품,튜브,자전거고급 타이어 튜브/던롭 프레스타 슈레더 튜브/슈발베 켄다 CST튜브/자전거용품 부품,http://www.11st.co.kr/product/SellerProductDetail.tmall?method=getSellerProductDetail&prdNo=1096604696
D***,201905**,F,3,"사무직 (일반사무직, 공무원, 직업군인)",200~299만원,      ,          ,아파트/ 주상복합,대전,서구,탄방동,삼성,SKT,자전거,자전거신발/고글/헬멧,보호대,[성인보호대 세트] 에어워크 보호대 손목_무릎_팔꿈치,http://www.11st.co.kr/product/SellerProductDetail.tmall?method=getSellerProductDetail&prdNo=1112671449
D***1,201905**,M,4,"사무직 (일반사무직, 공무원, 직업군인)",200~299만원,      ,          ,아파트/ 주상복합,경기,화성시,능동,삼성,SKT,레저/자동차,자전거/용품,자전거액세서리,블랙울프자전거 라이트 용품 18650 배터리 충전기,http://www.11st.co.kr/product/SellerProductDetail.tmall?method=getSellerProductDetail&prdNo=1003701027
D***4,201905**,M,3,"사무직 (일반사무직, 공무원, 직업군인)",300~399만원,예    ,자녀 없음 ,아파트/ 주상복합,경남,김해시,외동,삼성,KT,자전거/보드,자전거장갑/잡화,자전거장갑,[킹썰]스포츠/등산/자전거장갑/여름장갑/반장갑/선택0여름용,http://item.gmarket.co.kr/Item?goodscode=1284293661
D***5,201905**,M,2,무직,100~199만원,아니오,          ,연립주택/ 다세대/ 빌라,충북,청주시 흥덕구,분평동,삼성,KT,자전거,자전거신발/고글/헬멧,신발,에코사이클링/스피닝슈즈/스피닝운동화/스피닝신발/클릿슈즈/사이클운동화/사이클신발/사이클슈즈/클릿포함,http://www.11st.co.kr/product/SellerProductDetail.tmall?method=getSellerProductDetail&prdNo=1262545428
D***3,201905**,F,3,"사무직 (일반사무직, 공무원, 직업군인)",200~299만원,      ,          ,아파트/ 주상복합,서울,강동구,고덕동,삼성,SKT,자전거,자전거신발/고글/헬멧,보호대,킹카301 성인 보호대 팔꿈치 손목 무릎 남여공용,http://www.11st.co.kr/product/SellerProductDetail.tmall?method=getSellerProductDetail&prdNo=1083507717
D***8,201905**,F,2,"사무직 (일반사무직, 공무원, 직업군인)",100~199만원,아니오,          ,아파트/ 주상복합,광주,광산구,수완동,애플,SKT,레저/자동차,자전거/용품,자전거,[스마트자전거]반티아고G21 하이브리드자전거 21단 클래식 2018년,http://www.lotteimall.com/goods/viewGoodsDetail.lotte?goods_no=1203110269
D***5,201905**,F,3,"자영업 (도소매업, 숙박업, 미용업)",100~199만원,아니오,          ,연립주택/ 다세대/ 빌라,경기,부천시 원미구,원미2동,삼성,KT,레저/자동차,자전거/용품,자전거타이어/부품,자전거수리키트+펌프 자전거공구세트 펑크패치,http://www.11st.co.kr/product/SellerProductDetail.tmall?method=getSellerProductDetail&prdNo=1103998698
D***5,201905**,F,2,"학생 (초중고학생, 대학생, 대학원생)",600~699만원,아니오,          ,아파트/ 주상복합,경기,부천시 원미구,중4동,애플,KT,자전거,자전거관리용품,에어펌프(발펌프),국산삼흥 발펌프 공기주입기 손펌프 에어펌프 자전거,http://www.11st.co.kr/product/SellerProductDetail.tmall?method=getSellerProductDetail&prdNo=1105695651
D***,201905**,M,3,"사무직 (일반사무직, 공무원, 직업군인)",200~299만원,      ,          ,아파트/ 주상복합,경기,파주시,광탄면,삼성,SKT,레저/자동차,자전거/용품,자전거,[삼천리자전거][삼천리]여성용 클래식 자전거 라니아 22인치,http://www.lotteimall.com/goods/viewGoodsDetail.lotte?goods_no=1203462725
D***,201905**,F,2,"사무직 (일반사무직, 공무원, 직업군인)",200~299만원,      ,          ,아파트/ 주상복합,서울,중랑구,신내동,삼성,SKT,자전거/보드,자전거바구니/가방,크로스가방,[엑스피크]2포켓 스마트폰 파우치/암밴드+목걸이 기본증정,http://item.gmarket.co.kr/Item?goodscode=1187012646
D***,201905**,F,2,"사무직 (일반사무직, 공무원, 직업군인)",200~299만원,      ,          ,아파트/ 주상복합,경기,수원시 영통구,원천동,삼성,SKT,자전거,튜닝용품,흙받이,자전거흙받이(한세트)삼천리자전거 레스포정품/흙튀김방지 물받이/선택,http://www.11st.co.kr/product/SellerProductDetail.tmall?method=getSellerProductDetail&prdNo=12932278
D***,201905**,M,2,"사무직 (일반사무직, 공무원, 직업군인)",200~299만원,      ,          ,아파트/ 주상복합,울산,울주군,서생면,삼성,SKT,레저/자동차,자전거/용품,헬멧/보호장비,에어워크보호대 성인용/아동용 헬멧/가방 용품 S16,http://www.11st.co.kr/product/SellerProductDetail.tmall?method=getSellerProductDetail&prdNo=12617089
D***,201905**,M,3,"사무직 (일반사무직, 공무원, 직업군인)",200~299만원,아니오,          ,오피스텔,경기,고양시 덕양구,행신동,삼성,SKT,레저/자동차,자전거/용품,자전거,뉴도미니크24/렌즈/갤럽등 초등학생 하이브리드 모음,http://www.11st.co.kr/product/SellerProductDetail.tmall?method=getSellerProductDetail&prdNo=1154104823
D***,201905**,F,2,"학생 (초중고학생, 대학생, 대학원생)",300~399만원,아니오,          ,아파트/ 주상복합,서울,영등포구,당산동6가,LG,LG U+,레저/자동차,자전거/용품,자전거,알톤베네통키드자전거/아동/알루미늄/고급어린이네발,http://www.11st.co.kr/product/SellerProductDetail.tmall?method=getSellerProductDetail&prdNo=1160671411
D***,201905**,M,3,"사무직 (일반사무직, 공무원, 직업군인)",200~299만원,      ,          ,아파트/ 주상복합,서울,중구,황학동,삼성,SKT,캠핑/골프/헬스/자전거,자전거의류/용품,신발,뉴발란스운동화 574 NEWBALANCE 574 (ML574SS2),http://www.hnsmall.com/display/goods.do?goods_code=11979567
D***,201905**,M,2,"사무직 (일반사무직, 공무원, 직업군인)",200~299만원,아니오,          ,아파트/ 주상복합,광주,북구,중흥3동,삼성,SKT,레저/자동차,자전거/용품,자전거,[알톤]갤럽22 21단 앞쇼바 7~11세 시마노인투스기어,http://www.11st.co.kr/product/SellerProductDetail.tmall?method=getSellerProductDetail&prdNo=1230962682
D***,201905**,M,3,"사무직 (일반사무직, 공무원, 직업군인)",400~499만원,예    ,자녀 있음 ,아파트/ 주상복합,전북,전주시 덕진구,호성동1가,삼성,SKT,레저/자동차,자전거/용품,자전거액세서리,(자전거용품.부품모음)자물쇠라이트펌프바구니짐받이안장가방헬멧보호대후미등페달보조바퀴벨전조등거치대,http://www.11st.co.kr/product/SellerProductDetail.tmall?method=getSellerProductDetail&prdNo=1258567584
D***3,201905**,M,4,"사무직 (일반사무직, 공무원, 직업군인)",200~299만원,      ,          ,아파트/ 주상복합,경기,용인시 수지구,풍덕천1동,삼성,SKT,자전거/보드,자전거헬멧,기타브랜드 헬멧,[삼천리자전거]미니마우스 헬멧보호대 세트 어린이 자전거 킥보드/ 삼천리자전거,http://item.gmarket.co.kr/Item?goodscode=1112014699
D***0,201905**,M,4,"사무직 (일반사무직, 공무원, 직업군인)",300~399만원,아니오,          ,아파트/ 주상복합,경기,용인시 수지구,신봉동,삼성,KT,유아동,유아동완구/교구,승용완구,[삼천리자전거]GIFT 2018 삼천리 샘트라이크 800+ 유모차 세발자전거,http://item.gmarket.co.kr/Item?goodscode=1266671892
D***8,201905**,M,5,"사무직 (일반사무직, 공무원, 직업군인)",200~299만원,      ,          ,아파트/ 주상복합,경기,용인시 수지구,신봉동,삼성,SKT,자전거,자전거관리용품,에어펌프(발펌프),국산삼흥 발펌프 공기주입기 손펌프 에어펌프 자전거,http://www.11st.co.kr/product/SellerProductDetail.tmall?method=getSellerProductDetail&prdNo=1105695651
D***6,201905**,F,3,"전문직 (의사, 판검사, 예술가, 종교인)",500~599만원,예    ,자녀 없음 ,오피스텔,경기,부천시 소사구,소사본3동,애플,SKT,캠핑/골프/헬스/자전거,자전거,전기자전거,전동킥보드마이봇 ERT-8/ 38V/ 18.4Ah / 삼성배터리/ 레져스포츠,http://www.hnsmall.com/display/goods.do?goods_code=12231883
D***5,201905**,M,4,"사무직 (일반사무직, 공무원, 직업군인)",500~599만원,예    ,자녀 있음 ,아파트/ 주상복합,서울,영등포구,양평동3가,삼성,SKT,자전거,자전거신발/고글/헬멧,헬멧,자전거커버방수 덮개 오토바이,http://www.11st.co.kr/product/SellerProductDetail.tmall?method=getSellerProductDetail&prdNo=1269616509
D***2,201905**,F,2,"사무직 (일반사무직, 공무원, 직업군인)",200~299만원,아니오,          ,아파트/ 주상복합,인천,부평구,청천동,애플,KT,자전거/보드,자전거헬멧,기타브랜드 헬멧,EVSSX02 Knee Brace 오토바이무릎인대파열방지보호대/,http://item.gmarket.co.kr/Item?goodscode=1117646191
D***0,201905**,F,4,"관리직 (사장, 간부, 고위공무원)",400~499만원,예    ,자녀 있음 ,아파트/ 주상복합,충북,청주시 상당구,명암동,삼성,LG U+,자전거,자전거부품,보조바퀴,SM-901성인용 보조바퀴(20~26인치용),http://www.11st.co.kr/product/SellerProductDetail.tmall?method=getSellerProductDetail&prdNo=1200999290
D***,201905**,M,4,"사무직 (일반사무직, 공무원, 직업군인)",200~299만원,      ,          ,아파트/ 주상복합,서울,강서구,등촌1동,삼성,SKT,자전거,자전거신발/고글/헬멧,헬멧,자전거커버방수 덮개 오토바이,http://www.11st.co.kr/product/SellerProductDetail.tmall?method=getSellerProductDetail&prdNo=1269616509
D***,201905**,M,3,"사무직 (일반사무직, 공무원, 직업군인)",200~299만원,      ,          ,아파트/ 주상복합,부산,금정구,노포동,삼성,SKT,레저/자동차,자전거/용품,자전거,뉴도미니크24/렌즈/갤럽등 초등학생 하이브리드 모음,http://www.11st.co.kr/product/SellerProductDetail.tmall?method=getSellerProductDetail&prdNo=1154104823
D***,201905**,F,3,"사무직 (일반사무직, 공무원, 직업군인)",200~299만원,      ,          ,아파트/ 주상복합,경기,성남시 중원구,상대원1동,삼성,SKT,레저/자동차,자전거/용품,자전거의류/잡화,[8601416-SJ]예식장갑/민자/백색/(100EA)/코팅장갑/장갑/안전장갑,http://www.11st.co.kr/product/SellerProductDetail.tmall?method=getSellerProductDetail&prdNo=1063242610
D***,201905**,M,2,"사무직 (일반사무직, 공무원, 직업군인)",200~299만원,아니오,          ,아파트/ 주상복합,광주,북구,중흥3동,삼성,SKT,레저/자동차,자전거/용품,자전거,지멘스여성용 부인용 자전거 클래식 24 26인치,http://item.gmarket.co.kr/Item?goodscode=1110235162
D***9,201905**,M,2,"학생 (초중고학생, 대학생, 대학원생)",100~199만원,아니오,          ,아파트/ 주상복합,부산,금정구,부곡3동,삼성,SKT,자전거,튜닝용품,후미등,자전거후미등/후미등/실리콘/LED후미등/안전등,http://www.11st.co.kr/product/SellerProductDetail.tmall?method=getSellerProductDetail&prdNo=1067038322
D***8,201905**,F,4,"주부 (전업주부, 파트타임 근무 주부)",300~399만원,예    ,자녀 있음 ,단독주택,경기,양평군,서종면,삼성,KT,자전거/보드,자전거타이어/부품,자전거튜브,[흥아]흥아 700C x 23/25C 프레스타 40mm 자전거튜브 로드,http://item.gmarket.co.kr/Item?goodscode=1287219517
D***8,201905**,F,3,"사무직 (일반사무직, 공무원, 직업군인)",800~899만원,아니오,          ,연립주택/ 다세대/ 빌라,서울,송파구,잠실동,애플,KT,자전거,자전거신발/고글/헬멧,헬멧,필모리스/F381/F373/자전거헬멧/성인용헬멧/안전용품,http://www.11st.co.kr/product/SellerProductDetail.tmall?method=getSellerProductDetail&prdNo=1289945654
D***3,201905**,F,5,"전문직 (의사, 판검사, 예술가, 종교인)",600~699만원,예    ,자녀 있음 ,아파트/ 주상복합,부산,수영구,민락동,삼성,KT,자전거,자전거,사이클,[HK]예거메티1디스크 로드자전거 카본포크 소라,http://www.11st.co.kr/product/SellerProductDetail.tmall?method=getSellerProductDetail&prdNo=1075538001
D***3,201905**,M,2,"사무직 (일반사무직, 공무원, 직업군인)",200~299만원,      ,          ,아파트/ 주상복합,서울,서대문구,남가좌동,삼성,SKT,자전거,튜닝용품,거치대,(추천)말대가리 스마트 거치대/ 휴대폰거치대 스마트폰거치대 거치대 차량용폰거치대 핸폰거치대 헨드폰거,http://www.11st.co.kr/product/SellerProductDetail.tmall?method=getSellerProductDetail&prdNo=1222876667
D***,201905**,F,2,"사무직 (일반사무직, 공무원, 직업군인)",200~299만원,      ,          ,아파트/ 주상복합,서울,강북구,수유3동,삼성,SKT,레저/자동차,자전거/용품,자전거,알톤베네통키드자전거/아동/알루미늄/고급어린이네발,http://www.11st.co.kr/product/SellerProductDetail.tmall?method=getSellerProductDetail&prdNo=1160671411
D***,201905**,F,3,"사무직 (일반사무직, 공무원, 직업군인)",200~299만원,      ,          ,아파트/ 주상복합,대전,서구,탄방동,삼성,SKT,레저/자동차,자전거/용품,자전거액세서리,[J]쿨시트 방석 오토바이 스쿠터 헬멧 용품,http://www.11st.co.kr/product/SellerProductDetail.tmall?method=getSellerProductDetail&prdNo=1082590066
D***0,201905**,M,3,"사무직 (일반사무직, 공무원, 직업군인)",200~299만원,      ,          ,아파트/ 주상복합,대구,동구,신암1동,삼성,SKT,레저/자동차,자전거/용품,자전거,[삼천리자전거]하로GS20 7단 접이식자전거  어린이/여성 폴딩자전거,http://item.gmarket.co.kr/Item?goodscode=1201466217
D***8,201905**,M,4,"사무직 (일반사무직, 공무원, 직업군인)",600~699만원,예    ,자녀 있음 ,아파트/ 주상복합,서울,영등포구,여의도동,애플,KT,레저/자동차,자전거/용품,자전거,삼천리가족형 HF200 7단 미니벨로 20형 접이식자전거,http://www.11st.co.kr/product/SellerProductDetail.tmall?method=getSellerProductDetail&prdNo=1096162616
D***3,201905**,M,3,"생산/노무직 (생산감독, 경비원, 공장근로자)",200~299만원,예    ,자녀 없음 ,기타 ,광주,서구,내방동,기타,알뜰폰(MVNO),캠핑/골프/헬스/자전거,자전거의류/용품,기타용품,발목밴드,http://www.hnsmall.com/display/goods.do?goods_code=11522932
D***8,201905**,F,5,"주부 (전업주부, 파트타임 근무 주부)",600~699만원,예    ,자녀 있음 ,아파트/ 주상복합,경기,안산시 상록구,성포동,삼성,SKT,자전거,튜닝용품,트레이너(로라),엘리트노보 맥 포스/자전거용품/자전거롤러,http://www.11st.co.kr/product/SellerProductDetail.tmall?method=getSellerProductDetail&prdNo=1271754585
D***7,201905**,M,2,"학생 (초중고학생, 대학생, 대학원생)",100~199만원,아니오,          ,연립주택/ 다세대/ 빌라,대구,북구,산격3동,삼성,KT,캠핑/골프/헬스/자전거,자전거의류/용품,신발,뉴발란스CRT300 스니커즈 운동화 (CRT300CA),http://www.hnsmall.com/display/goods.do?goods_code=12922166
D***,201905**,F,3,"사무직 (일반사무직, 공무원, 직업군인)",200~299만원,      ,          ,아파트/ 주상복합,경기,수원시 영통구,신동,삼성,SKT,자전거,자전거부품,핸들그립,Giant그립/Connect 커넥트 에르고 맥스 락온 (2색상),http://www.11st.co.kr/product/SellerProductDetail.tmall?method=getSellerProductDetail&prdNo=1137382869
D***,201905**,M,4,"사무직 (일반사무직, 공무원, 직업군인)",200~299만원,      ,          ,아파트/ 주상복합,서울,노원구,상계9동,삼성,SKT,자전거,자전거부품,브레이크패드,시마노디스크 브레이크 Resin 패드 B01S/BR-T615/C501/M575/M525/M486/M485/M475/M465 레진패드/래진패드,http://www.11st.co.kr/product/SellerProductDetail.tmall?method=getSellerProductDetail&prdNo=1060069949
D***,201905**,F,3,"사무직 (일반사무직, 공무원, 직업군인)",200~299만원,      ,          ,아파트/ 주상복합,경기,평택시,비전1동,삼성,SKT,레저/자동차,자전거/용품,자전거액세서리,"자전거커버,바이크린,자전거,자전거용품,싸이클",http://www.11st.co.kr/product/SellerProductDetail.tmall?method=getSellerProductDetail&prdNo=1170093481
D***,201905**,M,5,기타 ,100만원 미만,아니오,          ,단독주택,광주,광산구,우산동,삼성,KT,자전거,자전거,MTB,GIFT2016 엘파마 판타시아 S7 S675 카본 MTB 자전거,http://www.11st.co.kr/product/SellerProductDetail.tmall?method=getSellerProductDetail&prdNo=1043875589
D***1,201905**,F,4,"사무직 (일반사무직, 공무원, 직업군인)",200~299만원,      ,          ,아파트/ 주상복합,경기,의정부시,의정부2동,삼성,SKT,레저/자동차,자전거/용품,자전거,알톤베네통BKS18/16 어린이자전거 삼천리 아동자전거,http://www.11st.co.kr/product/SellerProductDetail.tmall?method=getSellerProductDetail&prdNo=1215156477
D***9,201905**,F,2,"사무직 (일반사무직, 공무원, 직업군인)",200~299만원,      ,          ,아파트/ 주상복합,경기,의정부시,가능1동,삼성,SKT,자전거/보드,일반자전거,외발/삼륜/2인용,[자이덴]지오닉스 나누미 에코 성인용 세발 트라이 삼륜자전거,http://item.gmarket.co.kr/Item?goodscode=1292909571
D***8,201905**,M,4,"사무직 (일반사무직, 공무원, 직업군인)",600~699만원,예    ,자녀 있음 ,오피스텔,서울,영등포구,문래동6가,삼성,KT,레저/자동차,자전거/용품,자전거액세서리,블랙울프미니줌 줌라이트 LED랜턴 후레쉬 자전거용품,http://www.11st.co.kr/product/SellerProductDetail.tmall?method=getSellerProductDetail&prdNo=1182033172
D***2,201905**,M,3,"사무직 (일반사무직, 공무원, 직업군인)",200~299만원,      ,          ,아파트/ 주상복합,부산,기장군,장안읍,삼성,SKT,캠핑/골프/헬스/자전거,자전거의류/용품,기타용품,발목밴드,http://www.hnsmall.com/display/goods.do?goods_code=11522932
D***9,201905**,M,4,"사무직 (일반사무직, 공무원, 직업군인)",200~299만원,      ,          ,아파트/ 주상복합,인천,남구,용현5동,삼성,SKT,자전거,자전거부품,체인,"SramX1 체인, PC-X1, 11단/11단용 자전거 체인",http://www.11st.co.kr/product/SellerProductDetail.tmall?method=getSellerProductDetail&prdNo=1261677729
D***5,201905**,F,4,"사무직 (일반사무직, 공무원, 직업군인)",200~299만원,      ,          ,아파트/ 주상복합,서울,서초구,방배본동,삼성,SKT,레저/자동차,자전거/용품,자전거,[알톤]갤럽22 21단 앞쇼바 7~11세 시마노인투스기어,http://www.11st.co.kr/product/SellerProductDetail.tmall?method=getSellerProductDetail&prdNo=1230962682
D***8,201905**,M,3,"교직 (교사, 유치원교사, 학원강사)",300~399만원,아니오,          ,연립주택/ 다세대/ 빌라,경기,성남시 수정구,양지동,삼성,SKT,자전거,자전거,MTB,앞뒤쇼바접이식 21단 26인치 입문 통학 출퇴근용 MTB,http://www.11st.co.kr/product/SellerProductDetail.tmall?method=getSellerProductDetail&prdNo=1082913347
D***0,201905**,M,3,"사무직 (일반사무직, 공무원, 직업군인)",200~299만원,      ,          ,아파트/ 주상복합,경기,김포시,북변동,삼성,SKT,자전거,튜닝용품,전시스탠드,KT05 자전거킥스탠드 자전거받침대 자전거용품,http://www.11st.co.kr/product/SellerProductDetail.tmall?method=getSellerProductDetail&prdNo=1058282299
D***0,201905**,M,2,"학생 (초중고학생, 대학생, 대학원생)",100만원 미만,아니오,          ,연립주택/ 다세대/ 빌라,충북,청주시 흥덕구,복대1동,삼성,SKT,자전거,자전거관리용품,튜브벨브/어댑터/노즐,호비던롭밸브셋트 무시고무 공기 주입을 하여도 바람이 샐경우 교체,http://www.11st.co.kr/product/SellerProductDetail.tmall?method=getSellerProductDetail&prdNo=1244185249
D***7,201905**,M,3,"관리직 (사장, 간부, 고위공무원)",200~299만원,아니오,          ,아파트/ 주상복합,경기,오산시,양산동,LG,LG U+,자전거,자전거신발/고글/헬멧,보호대,나스카썬블럭 쿨토시/네이비/팔토시/자외선차단/스포츠/골프/등산/자전거/테니스/암슬리브/운전,http://www.11st.co.kr/product/SellerProductDetail.tmall?method=getSellerProductDetail&prdNo=1274967893
D***7,201905**,M,5,"사무직 (일반사무직, 공무원, 직업군인)",200~299만원,      ,          ,아파트/ 주상복합,경기,안양시 동안구,관양동,삼성,SKT,자전거/보드,자전거타이어/부품,자전거튜브,[흥아]흥아 26인치x1.75/2.125 프레스타 60mm 자전거튜브,http://item.gmarket.co.kr/Item?goodscode=1284816502
D***,201905**,M,3,"사무직 (일반사무직, 공무원, 직업군인)",200~299만원,      ,          ,아파트/ 주상복합,부산,남구,감만2동,삼성,SKT,레저/자동차,자전거/용품,자전거,[알톤]갤럽22 21단 앞쇼바 7~11세 시마노인투스기어,http://www.11st.co.kr/product/SellerProductDetail.tmall?method=getSellerProductDetail&prdNo=1230962682
D***,201905**,F,4,"사무직 (일반사무직, 공무원, 직업군인)",200~299만원,      ,          ,아파트/ 주상복합,서울,도봉구,창3동,삼성,SKT,유아동,유아동완구/교구,승용완구,ZOKO조코유아동 체인자전거9종(3세~7세사용)+컵홀더,http://item.gmarket.co.kr/Item?goodscode=1109676457
D***,201905**,M,2,"사무직 (일반사무직, 공무원, 직업군인)",200~299만원,      ,          ,아파트/ 주상복합,인천,남동구,구월1동,삼성,SKT,자전거,자전거부품,안장,[참좋은바이크]삼천리아동용안장모음/하이킥/프린세스/키즈바이크/디즈니/유아동/어린이/푹신한안장,http://www.11st.co.kr/product/SellerProductDetail.tmall?method=getSellerProductDetail&prdNo=1205141789
D***,201905**,F,4,"사무직 (일반사무직, 공무원, 직업군인)",200~299만원,      ,          ,아파트/ 주상복합,경기,수원시 영통구,영통1동,삼성,SKT,레저/자동차,자전거/용품,자전거액세서리,블랙울프KR-C8 L2 밝은 자전거라이트 전조등 손전등,http://www.11st.co.kr/product/SellerProductDetail.tmall?method=getSellerProductDetail&prdNo=1091472722
D***,201905**,F,3,"사무직 (일반사무직, 공무원, 직업군인)",400~499만원,아니오,          ,연립주택/ 다세대/ 빌라,인천,서구,가좌3동,LG,SKT,레저/자동차,자전거/용품,자전거의류/잡화,쿨마스크멀티스카프 자외선차단마스크 자전거마스크,http://www.11st.co.kr/product/SellerProductDetail.tmall?method=getSellerProductDetail&prdNo=1042041108
D***,201905**,M,4,"사무직 (일반사무직, 공무원, 직업군인)",300~399만원,예    ,자녀 있음 ,아파트/ 주상복합,경남,창원시 성산구,반지동,삼성,SKT,자전거,자전거부품,페달,"토클립세트 (1쌍. 가죽밴드, 볼트 포함) Toe Clip Set 대만생산품. 픽시 클래식 로드 등 자전거 부품 용품",http://www.11st.co.kr/product/SellerProductDetail.tmall?method=getSellerProductDetail&prdNo=1114857336
D***,201905**,F,3,"사무직 (일반사무직, 공무원, 직업군인)",200~299만원,      ,          ,아파트/ 주상복합,경남,창원시 의창구,명서동,삼성,SKT,레저/자동차,자전거/용품,자전거액세서리,유아안장자전거유아안장 후방유아안장 아동보조안장,http://www.11st.co.kr/product/SellerProductDetail.tmall?method=getSellerProductDetail&prdNo=124136733
D***,201905**,F,2,"사무직 (일반사무직, 공무원, 직업군인)",200~299만원,      ,          ,아파트/ 주상복합,강원,춘천시,석사동,삼성,SKT,유아동,유아동완구/교구,승용완구,[삼천리자전거]GIFT 2018 삼천리 샘트라이크 800+ 유모차 세발자전거,http://item.gmarket.co.kr/Item?goodscode=1266671892
D***,201905**,F,2,"사무직 (일반사무직, 공무원, 직업군인)",200~299만원,      ,          ,아파트/ 주상복합,경남,밀양시,산외면,삼성,SKT,자전거,자전거부품,체인,"SramX1 체인, PC-X1, 11단/11단용 자전거 체인",http://www.11st.co.kr/product/SellerProductDetail.tmall?method=getSellerProductDetail&prdNo=1261677729
D***1,201905**,M,4,"관리직 (사장, 간부, 고위공무원)",200~299만원,예    ,자녀 있음 ,아파트/ 주상복합,경기,수원시 팔달구,인계동,삼성,LG U+,레저/자동차,자전거/용품,자전거액세서리,스나이퍼코리아블랙울프 18650배터리 충전기모음,http://www.11st.co.kr/product/SellerProductDetail.tmall?method=getSellerProductDetail&prdNo=1272010256
D***7,201905**,F,4,"주부 (전업주부, 파트타임 근무 주부)",400~499만원,예    ,자녀 있음 ,아파트/ 주상복합,경기,오산시,청호동,삼성,LG U+,레저/자동차,자전거/용품,자전거의류/잡화,[PUMA]푸마 여성 기모 티셔츠 3종세트 NFYKFG01,http://www.hnsmall.com/display/goods.do?goods_code=12835184
D***4,201905**,M,3,"사무직 (일반사무직, 공무원, 직업군인)",200~299만원,      ,          ,아파트/ 주상복합,대전,유성구,궁동,삼성,SKT,레저/자동차,자전거/용품,자전거,[알톤]갤럽22 21단 앞쇼바 7~11세 시마노인투스기어,http://www.11st.co.kr/product/SellerProductDetail.tmall?method=getSellerProductDetail&prdNo=1230962682
D***5,201905**,F,4,"사무직 (일반사무직, 공무원, 직업군인)",300~399만원,아니오,          ,아파트/ 주상복합,서울,동작구,대방동,LG,KT,자전거,자전거관리용품,에어펌프(발펌프),자전거펌프/미니펌프/공기주입기/자전거용품,http://www.11st.co.kr/product/SellerProductDetail.tmall?method=getSellerProductDetail&prdNo=12932277
D***6,201905**,F,3,"주부 (전업주부, 파트타임 근무 주부)",300~399만원,예    ,자녀 있음 ,아파트/ 주상복합,대전,서구,둔산1동,LG,SKT,자전거,튜닝용품,흙받이,자전거흙받이/짐받이가방/강철크롬짐받이/받침대/보조안장/쇼바형짐받이/자전거용품,http://www.11st.co.kr/product/SellerProductDetail.tmall?method=getSellerProductDetail&prdNo=1081764401
D***8,201905**,F,3,"사무직 (일반사무직, 공무원, 직업군인)",800~899만원,아니오,          ,연립주택/ 다세대/ 빌라,서울,송파구,잠실동,애플,KT,레저/자동차,자전거/용품,자전거액세서리,[엑스피크]엑스피크 자전거힙색 트윈포켓파우치 자전거파우치,http://item.gmarket.co.kr/Item?goodscode=1124173801
D***9,201905**,M,2,"사무직 (일반사무직, 공무원, 직업군인)",200~299만원,      ,          ,아파트/ 주상복합,서울,강남구,논현동,삼성,SKT,자전거/보드,자전거바구니/가방,크로스가방,[엑스피크]2포켓 스마트폰 파우치/암밴드+목걸이 기본증정,http://item.gmarket.co.kr/Item?goodscode=1187012646
D***4,201905**,F,4,"사무직 (일반사무직, 공무원, 직업군인)",700~799만원,예    ,자녀 있음 ,아파트/ 주상복합,대구,동구,신암동,삼성,SKT,레저/자동차,자전거/용품,헬멧/보호장비,자전거어반헬멧 어린이헬멧 인라인 헬맷 킥보드헬멧,http://www.11st.co.kr/product/SellerProductDetail.tmall?method=getSellerProductDetail&prdNo=1253467301
D***4,201905**,F,5,"서비스직 (요식업, 숙박업, 미용실종업원)",400~499만원,예    ,자녀 있음 ,연립주택/ 다세대/ 빌라,서울,노원구,중계4동,삼성,KT,자전거,자전거,MTB,알톤쉐보레 CMJR 초등학생 MTB 자전거/24인치/22인치/샌드스톤24,http://www.11st.co.kr/product/SellerProductDetail.tmall?method=getSellerProductDetail&prdNo=1288847294
D***8,201905**,M,4,"서비스직 (요식업, 숙박업, 미용실종업원)",500~599만원,아니오,          ,아파트/ 주상복합,대구,수성구,노변동,LG,KT,레저/자동차,자전거/용품,자전거액세서리,완전사2017년 신형 KSM400-3 SE 연납축전지 12V/,http://www.11st.co.kr/product/SellerProductDetail.tmall?method=getSellerProductDetail&prdNo=1150653630
D***1,201905**,F,3,"서비스직 (요식업, 숙박업, 미용실종업원)",100~199만원,아니오,          ,아파트/ 주상복합,울산,북구,연암동,삼성,SKT,자전거,자전거신발/고글/헬멧,헬멧,어반헬멧/GIRO 쿼터 다임 딤/BELL 세그먼트/자전거,http://www.11st.co.kr/product/SellerProductDetail.tmall?method=getSellerProductDetail&prdNo=1244123994
D***,201905**,F,3,"사무직 (일반사무직, 공무원, 직업군인)",200~299만원,      ,          ,아파트/ 주상복합,서울,강서구,화곡4동,삼성,SKT,레저/자동차,자전거/용품,자전거액세서리,정품미국 CREE사 LED Q5 줌 라이트/자전거/전조등/후레쉬/랜턴/손전등/거치대/건전지/안전등/용품/야간등,http://www.11st.co.kr/product/SellerProductDetail.tmall?method=getSellerProductDetail&prdNo=1200933401
D***,201905**,M,2,"사무직 (일반사무직, 공무원, 직업군인)",200~299만원,      ,          ,아파트/ 주상복합,울산,울주군,서생면,삼성,SKT,자전거,자전거신발/고글/헬멧,헬멧,어반헬멧/GIRO 쿼터 다임 딤/BELL 세그먼트/자전거,http://www.11st.co.kr/product/SellerProductDetail.tmall?method=getSellerProductDetail&prdNo=1244123994
D***,201905**,M,3,"사무직 (일반사무직, 공무원, 직업군인)",200~299만원,      ,          ,아파트/ 주상복합,경기,화성시,향남읍,삼성,SKT,자전거,자전거부품,체인,MYBN 10단 실버_S10CR 체인,http://www.11st.co.kr/product/SellerProductDetail.tmall?method=getSellerProductDetail&prdNo=1272548067
D***,201905**,M,2,"학생 (초중고학생, 대학생, 대학원생)",400~499만원,아니오,          ,연립주택/ 다세대/ 빌라,서울,관악구,신림동,애플,KT,자전거/보드,자전거액세서리,자전거짐받이,바이크박스블랙   -  생활용 여성용 접이식 자전거 짐받이 거치용 접이식 짐 바구니,http://item.gmarket.co.kr/Item?goodscode=128833406
D***,201905**,F,2,"사무직 (일반사무직, 공무원, 직업군인)",200~299만원,      ,          ,아파트/ 주상복합,서울,중구,무학동,삼성,SKT,자전거,자전거부품,안장,유아안장/짐받이장착/핸들바장착/목받이유아안장/자전거안장,http://www.11st.co.kr/product/SellerProductDetail.tmall?method=getSellerProductDetail&prdNo=1275573892
D***,201905**,M,5,"사무직 (일반사무직, 공무원, 직업군인)",200~299만원,      ,          ,아파트/ 주상복합,서울,노원구,하계1동,삼성,SKT,자전거/보드,자전거타이어/부품,자전거튜브,[흥아]흥아 700C x 23/25C 프레스타 40mm 자전거튜브 로드,http://item.gmarket.co.kr/Item?goodscode=1287219517
D***,201905**,M,4,"기능직 (자동차정비, 운전기사, 안경사, 택시기사)",200~299만원,예    ,자녀 있음 ,아파트/ 주상복합,경기,시흥시,조남동,LG,LG U+,레저/자동차,자전거/용품,자전거의류/잡화,[PUMA]푸마 여성 더블 스트레치 기모 본딩 팬츠 3종세트 GFYYFG22,http://www.hnsmall.com/display/goods.do?goods_code=12835199
D***,201905**,F,2,"사무직 (일반사무직, 공무원, 직업군인)",200~299만원,      ,          ,아파트/ 주상복합,전북,전주시 덕진구,금상동,삼성,SKT,레저/자동차,자전거/용품,자전거의류/잡화,[PUMA]푸마 여성 기모 티셔츠 3종세트 NFYKFG01,http://www.hnsmall.com/display/goods.do?goods_code=12835184
D***8,201905**,F,4,"사무직 (일반사무직, 공무원, 직업군인)",200~299만원,      ,          ,아파트/ 주상복합,서울,동대문구,전농2동,삼성,SKT,자전거,튜닝용품,전시스탠드,KT05 자전거킥스탠드 자전거받침대 자전거용품,http://www.11st.co.kr/product/SellerProductDetail.tmall?method=getSellerProductDetail&prdNo=1058282299
D***1,201905**,F,5,"사무직 (일반사무직, 공무원, 직업군인)",200~299만원,      ,          ,아파트/ 주상복합,전남,순천시,조례동,삼성,SKT,자전거,자전거관리용품,에어펌프(발펌프),국산삼흥 발펌프 공기주입기 손펌프 에어펌프 자전거펌프 공 오토바이 바이크 휴대용 쌍발펌프 튜브 스포,http://www.11st.co.kr/product/SellerProductDetail.tmall?method=getSellerProductDetail&prdNo=1105695651
D***4,201905**,M,3,"사무직 (일반사무직, 공무원, 직업군인)",200~299만원,      ,          ,아파트/ 주상복합,서울,동대문구,청량리동,삼성,SKT,자전거,자전거관리용품,튜브벨브/어댑터/노즐,[아답터모음] 던롭 프레스타 슈레더 공 튜브 어뎁터 펌프 호환 아답타 공기주입 던롭집게 자전거용품,http://www.11st.co.kr/product/SellerProductDetail.tmall?method=getSellerProductDetail&prdNo=1002005394
D***8,201905**,M,3,"사무직 (일반사무직, 공무원, 직업군인)",200~299만원,      ,          ,아파트/ 주상복합,경기,화성시,병점동,삼성,SKT,자전거,자전거부품,안장,풀카본안장자전거안장 초경량 카본안장,http://www.11st.co.kr/product/SellerProductDetail.tmall?method=getSellerProductDetail&prdNo=1240983940
D***0,201905**,M,2,"학생 (초중고학생, 대학생, 대학원생)",100만원 미만,아니오,          ,연립주택/ 다세대/ 빌라,서울,노원구,하계2동,LG,LG U+,자전거/보드,자전거장갑/잡화,자전거장갑,[킹썰]스포츠/등산/자전거장갑/여름장갑/반장갑/핸드폰터치,http://item.gmarket.co.kr/Item?goodscode=1144168847
D***2,201905**,M,5,"사무직 (일반사무직, 공무원, 직업군인)",200~299만원,      ,          ,아파트/ 주상복합,서울,서대문구,현저동,삼성,SKT,레저/자동차,자전거/용품,자전거액세서리,[J]쿨시트 방석 오토바이 스쿠터 헬멧 용품,http://www.11st.co.kr/product/SellerProductDetail.tmall?method=getSellerProductDetail&prdNo=1082590066
D***4,201905**,M,5,"사무직 (일반사무직, 공무원, 직업군인)",600~699만원,예    ,자녀 있음 ,아파트/ 주상복합,경기,김포시,고촌읍,삼성,KT,레저/자동차,자전거/용품,자전거,자이덴라스카FX20 20인치 7단 접이식 자전거,http://www.11st.co.kr/product/SellerProductDetail.tmall?method=getSellerProductDetail&prdNo=1202758720
D***7,201905**,F,4,기타 ,600~699만원,예    ,자녀 있음 ,아파트/ 주상복합,경기,남양주시,별내면,삼성,SKT,레저/자동차,자전거/용품,자전거액세서리,로드MTB 충전식 자전거라이트 용품 18650 배터리,http://www.11st.co.kr/product/SellerProductDetail.tmall?method=getSellerProductDetail&prdNo=1004933124
D***9,201905**,F,4,"주부 (전업주부, 파트타임 근무 주부)",300~399만원,예    ,자녀 있음 ,아파트/ 주상복합,경기,화성시,향남읍,삼성,알뜰폰(MVNO),자전거,자전거신발/고글/헬멧,보호대,일본코미네09-021 오토바이 핸들워머 빅스쿠터 전동 킥보드 토시 퀵보드 토시 장갑 겨울 방한용품,http://www.11st.co.kr/product/SellerProductDetail.tmall?method=getSellerProductDetail&prdNo=107138111
D***4,201905**,M,2,"전문직 (의사, 판검사, 예술가, 종교인)",100~199만원,아니오,          ,연립주택/ 다세대/ 빌라,전북,전주시 완산구,효자동3가,삼성,SKT,레저/자동차,자전거/용품,자전거의류/잡화,쿨마스크멀티스카프 자외선차단마스크 자전거마스크,http://www.11st.co.kr/product/SellerProductDetail.tmall?method=getSellerProductDetail&prdNo=1042041108
D***1,201905**,F,4,"주부 (전업주부, 파트타임 근무 주부)",600~699만원,예    ,자녀 있음 ,아파트/ 주상복합,서울,강동구,천호3동,삼성,SKT,자전거,자전거부품,안장,대만New 카본 시트포스트 (27.2/31.6mm) 풀카본 자전거 안장봉/초경량 싯포스트 (세미카),http://www.11st.co.kr/product/SellerProductDetail.tmall?method=getSellerProductDetail&prdNo=1015126992
D***0,201905**,M,3,"사무직 (일반사무직, 공무원, 직업군인)",400~499만원,예    ,자녀 있음 ,아파트/ 주상복합,경북,김천시,신음동,LG,LG U+,레저/자동차,자전거/용품,자전거의류/잡화,[PUMA]푸마 여성 더블 스트레치 기모 본딩 팬츠 3종세트 GFYYFG22,http://www.hnsmall.com/display/goods.do?goods_code=12835199
D***4,201905**,F,4,"주부 (전업주부, 파트타임 근무 주부)",500~599만원,예    ,자녀 있음 ,아파트/ 주상복합,서울,마포구,공덕동,삼성,KT,자전거,자전거관리용품,에어펌프(발펌프),자전거펌프/미니펌프/공기주입기/자전거용품,http://www.11st.co.kr/product/SellerProductDetail.tmall?method=getSellerProductDetail&prdNo=12932277
D***1,201905**,M,2,"학생 (초중고학생, 대학생, 대학원생)",800~899만원,아니오,          ,오피스텔,대구,북구,산격3동,삼성,SKT,자전거,튜닝용품,속도계,자전거무선속도계 엑스헌터 자전거속도계 자전거용품,http://www.11st.co.kr/product/SellerProductDetail.tmall?method=getSellerProductDetail&prdNo=1249839989
D***,201905**,M,2,"사무직 (일반사무직, 공무원, 직업군인)",200~299만원,      ,          ,아파트/ 주상복합,인천,남구,주안5동,삼성,SKT,자전거,자전거부품,브레이크레버,브레이크레버/아동용/성인용/알로이브레이크레버/자전거부품/자전거브레이크레버,http://www.11st.co.kr/product/SellerProductDetail.tmall?method=getSellerProductDetail&prdNo=1280791866
D***,201905**,M,2,"사무직 (일반사무직, 공무원, 직업군인)",200~299만원,      ,          ,아파트/ 주상복합,서울,중랑구,면목본동,삼성,SKT,자전거,튜닝용품,전시스탠드,[학성스포츠]아동용16/18/20인치 자전거스탠드/보조바퀴떼어내고 두발자전거전환시사용,http://www.11st.co.kr/product/SellerProductDetail.tmall?method=getSellerProductDetail&prdNo=1226615595
D***,201905**,M,4,"사무직 (일반사무직, 공무원, 직업군인)",200~299만원,      ,          ,아파트/ 주상복합,경북,경주시,동천동,삼성,SKT,자전거,튜닝용품,거치대,(추천)말대가리 스마트 거치대/ 휴대폰거치대 스마트폰거치대 거치대 차량용폰거치대 핸폰거치대 헨드폰거,http://www.11st.co.kr/product/SellerProductDetail.tmall?method=getSellerProductDetail&prdNo=1222876667
D***5,201905**,M,4,"사무직 (일반사무직, 공무원, 직업군인)",200~299만원,      ,          ,아파트/ 주상복합,서울,금천구,시흥1동,삼성,SKT,자전거/보드,자전거타이어/부품,자전거튜브,[CST]700x25/32C fv60mm 자전거튜브 프레스타 흥아 켄다,http://item.gmarket.co.kr/Item?goodscode=1283528097
D***5,201905**,F,3,"사무직 (일반사무직, 공무원, 직업군인)",500~599만원,예    ,자녀 없음 ,연립주택/ 다세대/ 빌라,경기,광주시,오포읍,삼성,KT,레저/자동차,자전거/용품,자전거,알톤베네통키드자전거/아동/알루미늄/고급어린이네발,http://www.11st.co.kr/product/SellerProductDetail.tmall?method=getSellerProductDetail&prdNo=1160671411
D***9,201905**,M,4,기타 ,500~599만원,예    ,자녀 있음 ,아파트/ 주상복합,울산,울주군,언양읍,삼성,SKT,레저/자동차,자전거/용품,자전거액세서리,로드MTB 충전식 자전거라이트 용품 18650 배터리,http://www.11st.co.kr/product/SellerProductDetail.tmall?method=getSellerProductDetail&prdNo=1004933124
D***,201906**,M,2,"사무직 (일반사무직, 공무원, 직업군인)",200~299만원,      ,          ,아파트/ 주상복합,서울,관악구,미성동,삼성,SKT,자전거/보드,일반자전거,외발/삼륜/2인용,[자이덴]지오닉스 나누미 에코 성인용 세발 트라이 삼륜자전거,http://item.gmarket.co.kr/Item?goodscode=1292909571
D***,201906**,M,3,"사무직 (일반사무직, 공무원, 직업군인)",200~299만원,      ,          ,아파트/ 주상복합,인천,남동구,구월1동,삼성,SKT,레저/자동차,자전거/용품,자전거액세서리,완전사2017년 신형 KSM400-3 SE 연납축전지 12V/,http://www.11st.co.kr/product/SellerProductDetail.tmall?method=getSellerProductDetail&prdNo=1150653630
D***,201906**,M,2,"사무직 (일반사무직, 공무원, 직업군인)",200~299만원,      ,          ,아파트/ 주상복합,부산,금정구,장전2동,삼성,SKT,레저/자동차,자전거/용품,자전거액세서리,블랙울프자전거 라이트 용품 18650 배터리 충전기,http://www.11st.co.kr/product/SellerProductDetail.tmall?method=getSellerProductDetail&prdNo=1003701027
D***,201906**,M,4,"사무직 (일반사무직, 공무원, 직업군인)",200~299만원,예    ,자녀 없음 ,연립주택/ 다세대/ 빌라,서울,은평구,응암2동,애플,KT,레저/자동차,자전거/용품,자전거액세서리,유아안장자전거유아안장 후방유아안장 아동보조안장,http://www.11st.co.kr/product/SellerProductDetail.tmall?method=getSellerProductDetail&prdNo=124136733
D***6,201906**,M,3,"사무직 (일반사무직, 공무원, 직업군인)",200~299만원,      ,          ,아파트/ 주상복합,서울,양천구,신월1동,삼성,SKT,레저/자동차,자전거/용품,자전거액세서리,SCHWALBE슈발베 타이어레버 3개한세트 타이어교체 / 튜블러 시멘트/리무버/이지핏 악세사리,http://www.11st.co.kr/product/SellerProductDetail.tmall?method=getSellerProductDetail&prdNo=1263501442
D***0,201906**,M,3,"사무직 (일반사무직, 공무원, 직업군인)",200~299만원,      ,          ,아파트/ 주상복합,광주,서구,상무동,삼성,SKT,레저/자동차,자전거/용품,자전거,자이덴라스카FX20 20인치 7단 접이식 자전거,http://www.11st.co.kr/product/SellerProductDetail.tmall?method=getSellerProductDetail&prdNo=1202758720
D***1,201906**,F,4,기타 ,800~899만원,예    ,자녀 있음 ,아파트/ 주상복합,서울,노원구,중계동,애플,SKT,캠핑/골프/헬스/자전거,자전거,전기자전거,전동킥보드마이봇 ERT-8/ 38V/ 18.4Ah / 삼성배터리/ 레져스포츠,http://www.hnsmall.com/display/goods.do?goods_code=12231883
D***1,201906**,F,3,기타 ,200~299만원,아니오,          ,아파트/ 주상복합,경북,구미시,송정동,삼성,SKT,자전거,자전거부품,튜브,자전거고급 타이어 튜브/던롭 프레스타 슈레더 튜브/슈발베 켄다 CST튜브/자전거용품 부품,http://www.11st.co.kr/product/SellerProductDetail.tmall?method=getSellerProductDetail&prdNo=1096604696
D***,201906**,M,5,"사무직 (일반사무직, 공무원, 직업군인)",200~299만원,      ,          ,아파트/ 주상복합,부산,동래구,안락2동,삼성,SKT,자전거,튜닝용품,전시스탠드,토픽스텐드 DUAL TOUCH BIKE STAND 자전거거치대,http://www.11st.co.kr/product/SellerProductDetail.tmall?method=getSellerProductDetail&prdNo=1154312380
D***,201906**,F,2,"전문직 (의사, 판검사, 예술가, 종교인)",200~299만원,아니오,          ,오피스텔,경기,성남시 분당구,수내동,애플,SKT,자전거/보드,일반자전거,픽시자전거,벤데타벨루가 700C 알로이 에어로 프레임 픽시자전거,http://item.gmarket.co.kr/Item?goodscode=1219375759
D***,201906**,M,2,"사무직 (일반사무직, 공무원, 직업군인)",200~299만원,      ,          ,아파트/ 주상복합,부산,북구,구포1동,삼성,SKT,레저/자동차,자전거/용품,자전거,지오스빈티지벨로체/GiosVintage Veloce 로드자전거,http://item.gmarket.co.kr/Item?goodscode=1273357815
D***,201906**,F,4,"사무직 (일반사무직, 공무원, 직업군인)",200~299만원,      ,          ,아파트/ 주상복합,서울,영등포구,신길1동,삼성,SKT,캠핑/골프/헬스/자전거,자전거의류/용품,신발,뉴발란스운동화 574 NEWBALANCE 574 (ML574SS2),http://www.hnsmall.com/display/goods.do?goods_code=11979567
D***6,201906**,F,3,"사무직 (일반사무직, 공무원, 직업군인)",200~299만원,      ,          ,아파트/ 주상복합,서울,송파구,송파1동,삼성,SKT,자전거,자전거,MTB,GIFT2016 엘파마 판타시아 S7 S675 카본 MTB 자전거,http://www.11st.co.kr/product/SellerProductDetail.tmall?method=getSellerProductDetail&prdNo=1043875589
D***4,201906**,F,2,"사무직 (일반사무직, 공무원, 직업군인)",500~599만원,예    ,자녀 없음 ,아파트/ 주상복합,충북,청주시 상당구,주중동,애플,SKT,자전거,자전거부품,핸들그립,Giant그립/Connect 커넥트 에르고 맥스 락온 (2색상),http://www.11st.co.kr/product/SellerProductDetail.tmall?method=getSellerProductDetail&prdNo=1137382869
D***2,201906**,F,2,"학생 (초중고학생, 대학생, 대학원생)",500~599만원,아니오,          ,연립주택/ 다세대/ 빌라,부산,금정구,구서1동,삼성,KT,레저/자동차,자전거/용품,자전거,미키키즈로드스터 미니 18유니키즈FA 어린이자전거,http://www.11st.co.kr/product/SellerProductDetail.tmall?method=getSellerProductDetail&prdNo=1067685984
D***8,201906**,F,4,"주부 (전업주부, 파트타임 근무 주부)",300~399만원,예    ,자녀 있음 ,아파트/ 주상복합,경기,부천시 소사구,소사본3동,삼성,LG U+,레저/자동차,자전거/용품,자전거액세서리,"자전거커버,바이크린,자전거,자전거용품,싸이클",http://www.11st.co.kr/product/SellerProductDetail.tmall?method=getSellerProductDetail&prdNo=1170093481
D***6,201906**,M,4,무직,100만원 미만,아니오,          ,단독주택,경기,화성시,향남읍,LG,SKT,자전거,자전거부품,안장,유아안장/짐받이장착/핸들바장착/목받이유아안장/자전거안장,http://www.11st.co.kr/product/SellerProductDetail.tmall?method=getSellerProductDetail&prdNo=1275573892
D***9,201906**,M,5,"사무직 (일반사무직, 공무원, 직업군인)",300~399만원,아니오,          ,단독주택,서울,노원구,월계1동,삼성,알뜰폰(MVNO),자전거,튜닝용품,트레이너(로라),엘리트노보 맥 포스/자전거용품/자전거롤러,http://www.11st.co.kr/product/SellerProductDetail.tmall?method=getSellerProductDetail&prdNo=1271754585
D***,201906**,F,3,"사무직 (일반사무직, 공무원, 직업군인)",200~299만원,      ,          ,아파트/ 주상복합,경기,부천시 소사구,범박동,삼성,SKT,자전거,자전거신발/고글/헬멧,장갑,윈드스토퍼스마트터치 겨울 방한장갑 네오프렌 방풍,http://www.11st.co.kr/product/SellerProductDetail.tmall?method=getSellerProductDetail&prdNo=1050935353
D***3,201906**,M,3,"사무직 (일반사무직, 공무원, 직업군인)",200~299만원,      ,          ,아파트/ 주상복합,서울,서초구,반포1동,삼성,SKT,자전거/보드,자전거신발/페달,자전거페달,자전거보조발판(소/중)자전거발받침/발판 알루미늄,http://item.gmarket.co.kr/Item?goodscode=1155657749
D***0,201906**,M,2,"사무직 (일반사무직, 공무원, 직업군인)",200~299만원,      ,          ,아파트/ 주상복합,서울,송파구,가락동,삼성,SKT,자전거,튜닝용품,전시스탠드,[학성스포츠]아동용16/18/20인치 자전거스탠드/보조바퀴떼어내고 두발자전거전환시사용,http://www.11st.co.kr/product/SellerProductDetail.tmall?method=getSellerProductDetail&prdNo=1226615595
D***6,201906**,M,3,무직,100만원 미만,아니오,          ,아파트/ 주상복합,서울,중구,신당동,삼성,KT,자전거,자전거관리용품,튜브벨브/어댑터/노즐,호비던롭밸브셋트 무시고무 공기 주입을 하여도 바람이 샐경우 교체,http://www.11st.co.kr/product/SellerProductDetail.tmall?method=getSellerProductDetail&prdNo=1244185249
D***4,201906**,F,5,"주부 (전업주부, 파트타임 근무 주부)",500~599만원,예    ,자녀 있음 ,아파트/ 주상복합,서울,동대문구,전농2동,삼성,LG U+,자전거,자전거관리용품,에어펌프(발펌프),GIYO지요 GF-56GTB ULTRA 자전거펌프 공기배출기능,http://www.11st.co.kr/product/SellerProductDetail.tmall?method=getSellerProductDetail&prdNo=1147853726
D***8,201906**,F,4,"주부 (전업주부, 파트타임 근무 주부)",300~399만원,예    ,자녀 있음 ,아파트/ 주상복합,경기,부천시 소사구,소사본3동,삼성,LG U+,레저/자동차,자전거/용품,자전거액세서리,카멜백포디엄 칠리 610ml 자전거물통 보냉 물병,http://www.11st.co.kr/product/SellerProductDetail.tmall?method=getSellerProductDetail&prdNo=1019561002
D***0,201906**,M,3,"사무직 (일반사무직, 공무원, 직업군인)",200~299만원,예    ,자녀 있음 ,아파트/ 주상복합,서울,중랑구,신내동,삼성,SKT,자전거,자전거부품,안장,삼천리전립선 안장패드/MTB ROAD 안장용 쿠션커버/하이브리드 안장커버/자전거안장커버/로드용 자전거용품,http://www.11st.co.kr/product/SellerProductDetail.tmall?method=getSellerProductDetail&prdNo=1232420657
D***9,201906**,M,4,"사무직 (일반사무직, 공무원, 직업군인)",200~299만원,      ,          ,아파트/ 주상복합,서울,강남구,논현동,삼성,SKT,레저/자동차,자전거/용품,자전거,지멘스여성용 부인용 자전거 클래식 24 26인치,http://item.gmarket.co.kr/Item?goodscode=1110235162
D***9,201906**,F,5,"전문직 (의사, 판검사, 예술가, 종교인)",300~399만원,예    ,자녀 없음 ,연립주택/ 다세대/ 빌라,서울,성북구,돈암1동,LG,SKT,레저/자동차,자전거/용품,자전거액세서리,"자전거커버,바이크린,자전거,자전거용품,싸이클",http://www.11st.co.kr/product/SellerProductDetail.tmall?method=getSellerProductDetail&prdNo=1170093481
D***9,201906**,M,2,기타 ,100~199만원,아니오,          ,아파트/ 주상복합,경기,성남시 분당구,야탑동,삼성,KT,자전거,튜닝용품,흙받이,자전거흙받이(한세트)삼천리자전거 레스포정품/흙튀김방지 물받이/선택,http://www.11st.co.kr/product/SellerProductDetail.tmall?method=getSellerProductDetail&prdNo=12932278
D***,201906**,F,4,"사무직 (일반사무직, 공무원, 직업군인)",600~699만원,예    ,자녀 있음 ,아파트/ 주상복합,경북,경산시,중방동,삼성,KT,자전거,자전거부품,브레이크패드,BARADINE바라딘 450 로드용 브레이크슈 브레이크 슈패드 고무패드 자전거용품 부품,http://www.11st.co.kr/product/SellerProductDetail.tmall?method=getSellerProductDetail&prdNo=1073663674
D***,201906**,F,4,"사무직 (일반사무직, 공무원, 직업군인)",200~299만원,      ,          ,아파트/ 주상복합,광주,북구,연제동,삼성,SKT,자전거,자전거신발/고글/헬멧,헬멧,스텔리오스고글헬멧 에어로 자전거헬멧 로드헬멧,http://www.11st.co.kr/product/SellerProductDetail.tmall?method=getSellerProductDetail&prdNo=1007190015
D***,201906**,F,2,"사무직 (일반사무직, 공무원, 직업군인)",200~299만원,      ,          ,아파트/ 주상복합,경기,남양주시,호평동,삼성,SKT,레저/자동차,자전거/용품,자전거액세서리,▶빔라이트충전식 자전거 후미등┃자전거용품┃레저용품┃자전거악세사리┃자전거라이트┃후미등┃,http://www.11st.co.kr/product/SellerProductDetail.tmall?method=getSellerProductDetail&prdNo=1246317584
D***,201906**,F,3,"사무직 (일반사무직, 공무원, 직업군인)",300~399만원,예    ,자녀 있음 ,단독주택,서울,중랑구,면목7동,LG,SKT,자전거,튜닝용품,후미등,문라이트크레센트/코멧/쉴드/디펜더/메테오/ 자전거라이트 자전거후미등,http://www.11st.co.kr/product/SellerProductDetail.tmall?method=getSellerProductDetail&prdNo=1086040122
D***,201906**,F,2,"사무직 (일반사무직, 공무원, 직업군인)",200~299만원,      ,          ,아파트/ 주상복합,인천,서구,검암동,삼성,SKT,캠핑/골프/헬스/자전거,자전거의류/용품,신발,뉴발란스운동화 774 NEWBALANCE 774 (M774BK3),http://www.hnsmall.com/display/goods.do?goods_code=11979566
D***,201906**,M,4,"사무직 (일반사무직, 공무원, 직업군인)",200~299만원,      ,          ,아파트/ 주상복합,경기,안산시 상록구,본오1동,삼성,SKT,자전거,자전거관리용품,에어펌프(발펌프),자전거펌프/미니펌프/공기주입기/자전거용품,http://www.11st.co.kr/product/SellerProductDetail.tmall?method=getSellerProductDetail&prdNo=12932277
D***2,201906**,M,2,"사무직 (일반사무직, 공무원, 직업군인)",200~299만원,      ,          ,아파트/ 주상복합,서울,광진구,중곡1동,삼성,SKT,자전거,자전거신발/고글/헬멧,헬멧,필모리스/F381/F373/자전거헬멧/성인용헬멧/안전용품,http://www.11st.co.kr/product/SellerProductDetail.tmall?method=getSellerProductDetail&prdNo=1289945654
D***6,201906**,F,3,"사무직 (일반사무직, 공무원, 직업군인)",200~299만원,      ,          ,아파트/ 주상복합,경기,동두천시,생연동,삼성,SKT,레저/자동차,자전거/용품,자전거,뉴도미니크24/렌즈/갤럽등 초등학생 하이브리드 모음,http://www.11st.co.kr/product/SellerProductDetail.tmall?method=getSellerProductDetail&prdNo=1154104823
D***0,201906**,F,2,"학생 (초중고학생, 대학생, 대학원생)",100~199만원,아니오,          ,아파트/ 주상복합,광주,북구,우산동,애플,SKT,레저/자동차,자전거/용품,자전거액세서리,블랙울프자전거 라이트 용품 18650 배터리 충전기,http://www.11st.co.kr/product/SellerProductDetail.tmall?method=getSellerProductDetail&prdNo=1003701027
D***2,201906**,M,3,"사무직 (일반사무직, 공무원, 직업군인)",500~599만원,아니오,          ,연립주택/ 다세대/ 빌라,경기,고양시 일산동구,마두동,삼성,SKT,자전거,자전거신발/고글/헬멧,보호대,무료배송.국산쿨토시.팔토시.냉감토시.쿨마스크.아동,http://www.11st.co.kr/product/SellerProductDetail.tmall?method=getSellerProductDetail&prdNo=1249823887
D***0,201906**,M,5,"사무직 (일반사무직, 공무원, 직업군인)",200~299만원,아니오,          ,연립주택/ 다세대/ 빌라,경기,고양시 일산서구,대화동,삼성,SKT,자전거,자전거부품,체인,MYBN 10단 실버_S10CR 체인,http://www.11st.co.kr/product/SellerProductDetail.tmall?method=getSellerProductDetail&prdNo=1272548067
D***3,201906**,M,4,"관리직 (사장, 간부, 고위공무원)",400~499만원,예    ,자녀 있음 ,아파트/ 주상복합,경기,고양시 덕양구,동산동,LG,SKT,레저/자동차,자전거/용품,자전거액세서리,정품미국 CREE사 LED Q5 줌 라이트/자전거/전조등/후레쉬/랜턴/손전등/거치대/건전지/안전등/용품/야간등,http://www.11st.co.kr/product/SellerProductDetail.tmall?method=getSellerProductDetail&prdNo=1200933401
D***5,201906**,F,3,"주부 (전업주부, 파트타임 근무 주부)",500~599만원,예    ,자녀 있음 ,아파트/ 주상복합,서울,구로구,오류1동,삼성,KT,레저/자동차,자전거/용품,자전거의류/잡화,[엠씨엔]MCN 통기성좋고 시원한 매쉬마스크/UV자외선 벌레차단,http://item.gmarket.co.kr/Item?goodscode=1104924744
D***2,201906**,M,3,"학생 (초중고학생, 대학생, 대학원생)",400~499만원,아니오,          ,아파트/ 주상복합,인천,남동구,논현동,LG,알뜰폰(MVNO),레저/자동차,자전거/용품,자전거의류/잡화,사은품증정나루 마스크 자전거 자외선차단 등산 골프 바라클라바 버프 겨울 방한 넥워머 복면  오토바이,http://www.11st.co.kr/product/SellerProductDetail.tmall?method=getSellerProductDetail&prdNo=1070268365
D***8,201906**,M,5,"전문직 (의사, 판검사, 예술가, 종교인)",100만원 미만,예    ,자녀 있음 ,단독주택,경기,광명시,소하1동,삼성,SKT,자전거/보드,자전거장갑/잡화,자전거장갑,[킹썰]스포츠/등산/자전거장갑/여름장갑/반장갑/핸드폰터치,http://item.gmarket.co.kr/Item?goodscode=1144168847
D***0,201906**,M,2,"사무직 (일반사무직, 공무원, 직업군인)",200~299만원,      ,          ,아파트/ 주상복합,서울,도봉구,창2동,삼성,SKT,자전거,자전거부품,보조바퀴,SM-901성인용 보조바퀴(20~26인치용),http://www.11st.co.kr/product/SellerProductDetail.tmall?method=getSellerProductDetail&prdNo=1200999290
D***,201906**,F,3,"사무직 (일반사무직, 공무원, 직업군인)",200~299만원,      ,          ,아파트/ 주상복합,경기,김포시,장기동,삼성,SKT,레저/자동차,자전거/용품,자전거,[삼천리]접이식여성자전거/미니벨로 바구니 자전거,http://www.11st.co.kr/product/SellerProductDetail.tmall?method=getSellerProductDetail&prdNo=1013926352
D***,201906**,M,3,"사무직 (일반사무직, 공무원, 직업군인)",200~299만원,      ,          ,아파트/ 주상복합,인천,중구,운서동,삼성,SKT,레저/자동차,자전거/용품,자전거,[21세기스쿠터]질주본능!21세기스쿠터/미드미 外 봄바람 일으키는 모빌리티 컬렉션,http://www.lotteimall.com/goods/viewGoodsDetail.lotte?goods_no=1154385444
D***,201906**,M,2,"사무직 (일반사무직, 공무원, 직업군인)",200~299만원,      ,          ,아파트/ 주상복합,대구,중구,동일동,삼성,SKT,레저/자동차,자전거/용품,자전거액세서리,완전사2017년 신형 KSM400-3 SE 연납축전지 12V/,http://www.11st.co.kr/product/SellerProductDetail.tmall?method=getSellerProductDetail&prdNo=1150653630
D***,201906**,M,4,"사무직 (일반사무직, 공무원, 직업군인)",200~299만원,      ,          ,아파트/ 주상복합,경남,거제시,옥포동,삼성,SKT,자전거/보드,자전거장갑/잡화,자전거장갑,[킹썰]스포츠/등산/자전거장갑/여름장갑/반장갑/선택0여름용,http://item.gmarket.co.kr/Item?goodscode=1284293661
D***,201906**,F,2,"사무직 (일반사무직, 공무원, 직업군인)",200~299만원,      ,          ,아파트/ 주상복합,서울,동작구,사당5동,삼성,SKT,레저/자동차,자전거/용품,자전거의류/잡화,"휘너스/땀냄새,물빠짐없는선수용 기능성 스포츠 스판웨어 하의모음/속건+항균/언더레이어 챌린저5부",http://www.11st.co.kr/product/SellerProductDetail.tmall?method=getSellerProductDetail&prdNo=1280155662
D***0,201906**,M,2,"사무직 (일반사무직, 공무원, 직업군인)",200~299만원,      ,          ,아파트/ 주상복합,경기,광명시,광명5동,삼성,SKT,자전거,자전거신발/고글/헬멧,보호대,무료배송.국산쿨토시.팔토시.냉감토시.쿨마스크.아동,http://www.11st.co.kr/product/SellerProductDetail.tmall?method=getSellerProductDetail&prdNo=1249823887
D***3,201906**,M,3,"사무직 (일반사무직, 공무원, 직업군인)",200~299만원,      ,          ,아파트/ 주상복합,서울,양천구,목5동,삼성,SKT,레저/자동차,자전거/용품,자전거액세서리,블랙울프KR-C8 L2 밝은 자전거라이트 전조등 손전등,http://www.11st.co.kr/product/SellerProductDetail.tmall?method=getSellerProductDetail&prdNo=1091472722
D***8,201906**,M,3,"서비스직 (요식업, 숙박업, 미용실종업원)",200~299만원,아니오,          ,오피스텔,부산,부산진구,부전동,삼성,알뜰폰(MVNO),자전거/보드,자전거헬멧,기타브랜드 헬멧,[삼천리자전거]미니마우스 헬멧보호대 세트 어린이 자전거 킥보드/ 삼천리자전거,http://item.gmarket.co.kr/Item?goodscode=1112014699
D***8,201906**,M,2,"사무직 (일반사무직, 공무원, 직업군인)",200~299만원,      ,          ,아파트/ 주상복합,인천,남동구,구월4동,삼성,SKT,자전거/보드,자전거타이어/부품,자전거튜브,[CST]700x25/32C fv60mm 자전거튜브 프레스타 흥아 켄다,http://item.gmarket.co.kr/Item?goodscode=1283528097
D***8,201906**,F,3,"주부 (전업주부, 파트타임 근무 주부)",200~299만원,예    ,자녀 있음 ,연립주택/ 다세대/ 빌라,경기,안산시 상록구,사1동,애플,KT,레저/자동차,자전거/용품,자전거,알톤쉐보레 CFB2.4 24단 팻바이크/노바투스/우라노,http://www.11st.co.kr/product/SellerProductDetail.tmall?method=getSellerProductDetail&prdNo=1288179623
D***8,201906**,M,4,"사무직 (일반사무직, 공무원, 직업군인)",200~299만원,      ,          ,아파트/ 주상복합,경기,안양시 만안구,안양6동,삼성,SKT,레저/자동차,자전거/용품,자전거의류/잡화,극세사기모 방한 넥워머 바라클라바 겨울 목토시 자전거 방한마스크 멀티스카프 털모자,http://www.11st.co.kr/product/SellerProductDetail.tmall?method=getSellerProductDetail&prdNo=1171528780
D***2,201906**,M,4,"사무직 (일반사무직, 공무원, 직업군인)",400~499만원,예    ,자녀 있음 ,연립주택/ 다세대/ 빌라,인천,연수구,선학동,LG,KT,자전거,자전거관리용품,에어펌프(발펌프),GIYO지요 GF-56GTB ULTRA 자전거펌프 공기배출기능,http://www.11st.co.kr/product/SellerProductDetail.tmall?method=getSellerProductDetail&prdNo=1147853726
D***6,201906**,F,4,"사무직 (일반사무직, 공무원, 직업군인)","1,000만원 이상",예    ,자녀 있음 ,아파트/ 주상복합,서울,성북구,정릉4동,삼성,KT,자전거,자전거부품,핸들그립,Giant그립/Connect 커넥트 에르고 맥스 락온 (2색상),http://www.11st.co.kr/product/SellerProductDetail.tmall?method=getSellerProductDetail&prdNo=1137382869
D***4,201906**,M,3,기타 ,200~299만원,아니오,          ,단독주택,강원,평창군,대관령면,삼성,SKT,레저/자동차,자전거/용품,자전거,[삼천리]접이자전거비타민24 24형 7단 미니벨로 폴딩,http://www.11st.co.kr/product/SellerProductDetail.tmall?method=getSellerProductDetail&prdNo=1208645013
D***4,201906**,M,3,기타 ,200~299만원,아니오,          ,단독주택,강원,평창군,대관령면,삼성,SKT,자전거,자전거부품,브레이크레버,브레이크레버/아동용/성인용/알로이브레이크레버/자전거부품/자전거브레이크레버,http://www.11st.co.kr/product/SellerProductDetail.tmall?method=getSellerProductDetail&prdNo=1280791866
D***3,201906**,M,3,"서비스직 (요식업, 숙박업, 미용실종업원)",300~399만원,예    ,자녀 있음 ,아파트/ 주상복합,경기,의정부시,민락동,LG,LG U+,캠핑/골프/헬스/자전거,자전거의류/용품,신발,뉴발란스운동화 574 NEWBALANCE 574 (ML574SS2),http://www.hnsmall.com/display/goods.do?goods_code=11979567
D***,201906**,M,3,"사무직 (일반사무직, 공무원, 직업군인)",200~299만원,      ,          ,아파트/ 주상복합,서울,광진구,중곡4동,삼성,SKT,레저/자동차,자전거/용품,자전거의류/잡화,쿨바라클라바자외선차단마스크 여름마스크 쿨마스크,http://www.11st.co.kr/product/SellerProductDetail.tmall?method=getSellerProductDetail&prdNo=11116518
D***,201906**,F,2,"사무직 (일반사무직, 공무원, 직업군인)",200~299만원,      ,          ,아파트/ 주상복합,경기,부천시 원미구,중동,삼성,SKT,자전거,자전거신발/고글/헬멧,보호대,[AQUA-X/국산]발렌티노무봉제 쿨토시/아쿠아엑스,http://www.11st.co.kr/product/SellerProductDetail.tmall?method=getSellerProductDetail&prdNo=1261126293
D***,201906**,M,4,"사무직 (일반사무직, 공무원, 직업군인)",200~299만원,      ,          ,아파트/ 주상복합,경기,성남시 분당구,이매동,삼성,SKT,자전거,자전거부품,브레이크패드,시마노디스크 브레이크 Resin 패드 B01S/BR-T615/C501/M575/M525/M486/M485/M475/M465 레진패드/래진패드,http://www.11st.co.kr/product/SellerProductDetail.tmall?method=getSellerProductDetail&prdNo=1060069949
D***,201906**,M,2,"학생 (초중고학생, 대학생, 대학원생)",300~399만원,아니오,          ,아파트/ 주상복합,서울,노원구,상계6.7동,삼성,KT,자전거/보드,자전거라이트,자전거라이트/전조등,몬스터라이트LG화학 18650 배터리 3050mAh,http://item.gmarket.co.kr/Item?goodscode=1280497915
D***,201906**,M,3,"사무직 (일반사무직, 공무원, 직업군인)",200~299만원,      ,          ,아파트/ 주상복합,경기,남양주시,오남읍,삼성,SKT,자전거,자전거,로드자전거,2019첼로 테라 신형105 카본포크 로드자전거,http://www.11st.co.kr/product/SellerProductDetail.tmall?method=getSellerProductDetail&prdNo=1074638903
D***,201906**,M,4,"생산/노무직 (생산감독, 경비원, 공장근로자)",100~199만원,아니오,          ,아파트/ 주상복합,경기,안산시 상록구,성포동,삼성,알뜰폰(MVNO),레저/자동차,자전거/용품,자전거,도미니크24인치하이브리드자전거초등학생~중학생까지,http://www.11st.co.kr/product/SellerProductDetail.tmall?method=getSellerProductDetail&prdNo=1090901926
D***,201906**,M,5,"서비스직 (요식업, 숙박업, 미용실종업원)",700~799만원,예    ,자녀 있음 ,아파트/ 주상복합,서울,은평구,진관동,LG,LG U+,레저/자동차,자전거/용품,자전거타이어/부품,자전거수리키트+펌프 자전거공구세트 펑크패치,http://www.11st.co.kr/product/SellerProductDetail.tmall?method=getSellerProductDetail&prdNo=1103998698
D***4,201906**,M,2,"사무직 (일반사무직, 공무원, 직업군인)",200~299만원,      ,          ,아파트/ 주상복합,대전,서구,도안동,삼성,SKT,유아동,유아동완구/교구,승용완구,ZOKO조코유아동 체인자전거9종(3세~7세사용)+컵홀더,http://item.gmarket.co.kr/Item?goodscode=1109676457
D***6,201906**,F,3,"학생 (초중고학생, 대학생, 대학원생)",400~499만원,예    ,자녀 없음 ,아파트/ 주상복합,경북,구미시,구포동,LG,알뜰폰(MVNO),레저/자동차,자전거/용품,자전거,[스마트]삼천리/스마트 접이식자전거 미니벨로 4종,http://item.gmarket.co.kr/Item?goodscode=1278067146
D***9,201906**,F,4,"사무직 (일반사무직, 공무원, 직업군인)",200~299만원,      ,          ,아파트/ 주상복합,경기,용인시 처인구,모현면,삼성,SKT,레저/자동차,자전거/용품,헬멧/보호장비,GAIUS어반헬멧 킥보드헬멧 성인 청소년헬멧,http://www.11st.co.kr/product/SellerProductDetail.tmall?method=getSellerProductDetail&prdNo=1036710596
D***4,201906**,M,2,"사무직 (일반사무직, 공무원, 직업군인)",200~299만원,      ,          ,아파트/ 주상복합,대구,동구,신기동,삼성,SKT,레저/자동차,자전거/용품,헬멧/보호장비,가성비좋은 헬멧/빅이글 자전거헬멧/보호대/인라인/자전거용품,http://www.11st.co.kr/product/SellerProductDetail.tmall?method=getSellerProductDetail&prdNo=1187889237
D***9,201906**,M,3,기타 ,200~299만원,아니오,          ,연립주택/ 다세대/ 빌라,강원,춘천시,석사동,애플,KT,자전거,자전거신발/고글/헬멧,보호대,(가온들)나스카/쿨토시/기능성팔토시/스포츠골프토시,http://www.11st.co.kr/product/SellerProductDetail.tmall?method=getSellerProductDetail&prdNo=11387459
D***9,201906**,M,3,"사무직 (일반사무직, 공무원, 직업군인)",200~299만원,      ,          ,아파트/ 주상복합,서울,강남구,논현동,삼성,KT,레저/자동차,자전거/용품,자전거타이어/부품,야광젤타입 자전거 안장 자전거 용품 레저 취미,http://item.gmarket.co.kr/Item?goodscode=1268231013
D***0,201906**,F,2,"사무직 (일반사무직, 공무원, 직업군인)",200~299만원,      ,          ,아파트/ 주상복합,경기,군포시,산본1동,삼성,SKT,레저/자동차,자전거/용품,자전거,[알톤]갤럽22 21단 앞쇼바 7~11세 시마노인투스기어,http://www.11st.co.kr/product/SellerProductDetail.tmall?method=getSellerProductDetail&prdNo=1230962682
D***2,201906**,F,4,"주부 (전업주부, 파트타임 근무 주부)","1,000만원 이상",예    ,자녀 있음 ,아파트/ 주상복합,인천,남동구,고잔동,기타,KT,자전거,자전거부품,체인,"SramX1 체인, PC-X1, 11단/11단용 자전거 체인",http://www.11st.co.kr/product/SellerProductDetail.tmall?method=getSellerProductDetail&prdNo=1261677729
D***5,201906**,F,3,"학생 (초중고학생, 대학생, 대학원생)","1,000만원 이상",아니오,          ,오피스텔,서울,동대문구,회기동,애플,KT,자전거,자전거,MTB,프로메이드풀서스펜션 24인치 MTB자전거 아스톤힐DS,http://www.11st.co.kr/product/SellerProductDetail.tmall?method=getSellerProductDetail&prdNo=1190027550
D***9,201906**,M,3,"전문직 (의사, 판검사, 예술가, 종교인)",600~699만원,예    ,자녀 있음 ,아파트/ 주상복합,경기,수원시 영통구,망포동,LG,SKT,레저/자동차,자전거/용품,자전거의류/잡화,1대1사은품증정 나루마스크 X1 X5 자외선차단마스크,http://www.11st.co.kr/product/SellerProductDetail.tmall?method=getSellerProductDetail&prdNo=11127502
D***,201906**,M,3,"전문직 (의사, 판검사, 예술가, 종교인)",600~699만원,예    ,자녀 있음 ,아파트/ 주상복합,서울,성북구,안암동3가,애플,KT,자전거/보드,자전거장갑/잡화,자전거장갑,아쿠아메이드자전거 반장갑 바이크 헬스 등산 장갑,http://item.gmarket.co.kr/Item?goodscode=1118054793
D***,201906**,M,3,"사무직 (일반사무직, 공무원, 직업군인)",200~299만원,예    ,자녀 없음 ,아파트/ 주상복합,서울,양천구,신월4동,삼성,KT,자전거,자전거신발/고글/헬멧,헬멧,코아브어반st 자전거 헬멧 성인용 용품 보드 인라인,http://www.11st.co.kr/product/SellerProductDetail.tmall?method=getSellerProductDetail&prdNo=1219634494
D***,201906**,M,2,"사무직 (일반사무직, 공무원, 직업군인)",200~299만원,      ,          ,아파트/ 주상복합,경기,김포시,걸포동,삼성,SKT,레저/자동차,자전거/용품,자전거의류/잡화,방한멀티스카프/멀티워머/넥워머/마스크/스키/자전거,http://item.gmarket.co.kr/Item?goodscode=1145899445
D***2,201906**,F,2,"사무직 (일반사무직, 공무원, 직업군인)",200~299만원,      ,          ,아파트/ 주상복합,대전,동구,용운동,삼성,SKT,레저/자동차,자전거/용품,헬멧/보호장비,심플한도시형헬멧/빅이글 어반헬멧/자전거용품/인라인,http://www.11st.co.kr/product/SellerProductDetail.tmall?method=getSellerProductDetail&prdNo=1187901648
D***0,201906**,F,3,"사무직 (일반사무직, 공무원, 직업군인)",200~299만원,      ,          ,아파트/ 주상복합,부산,사하구,괴정2동,삼성,SKT,자전거,자전거부품,튜브,자전거고급 타이어 튜브/던롭 프레스타 슈레더 튜브/슈발베 켄다 CST튜브/자전거용품 부품,http://www.11st.co.kr/product/SellerProductDetail.tmall?method=getSellerProductDetail&prdNo=1096604696
D***5,201906**,M,3,"사무직 (일반사무직, 공무원, 직업군인)",200~299만원,      ,          ,아파트/ 주상복합,서울,강서구,가양3동,삼성,SKT,자전거,자전거부품,체인,MYBN 10단 실버_S10CR 체인,http://www.11st.co.kr/product/SellerProductDetail.tmall?method=getSellerProductDetail&prdNo=1272548067
D***2,201906**,M,2,"사무직 (일반사무직, 공무원, 직업군인)",200~299만원,      ,          ,아파트/ 주상복합,서울,관악구,낙성대동,삼성,SKT,자전거/보드,일반자전거,외발/삼륜/2인용,절대터지지않는알로이 컨츄리 성인 세발자전거 삼륜,http://item.gmarket.co.kr/Item?goodscode=1201833484
D***0,201906**,M,2,"농/축/광/수산업 (축산, 낙농업, 수산, 임업, 광업)",400~499만원,아니오,          ,아파트/ 주상복합,광주,남구,방림2동,애플,SKT,레저/자동차,자전거/용품,자전거,[삼천리]접이식여성자전거/미니벨로 바구니 자전거,http://www.11st.co.kr/product/SellerProductDetail.tmall?method=getSellerProductDetail&prdNo=1013926352
D***1,201906**,M,3,"사무직 (일반사무직, 공무원, 직업군인)",400~499만원,예    ,자녀 없음 ,아파트/ 주상복합,서울,양천구,목동,삼성,SKT,레저/자동차,자전거/용품,헬멧/보호장비,가성비좋은 헬멧/빅이글 자전거헬멧/보호대/인라인/자전거용품,http://www.11st.co.kr/product/SellerProductDetail.tmall?method=getSellerProductDetail&prdNo=1187889237
D***7,201906**,M,5,"자영업 (도소매업, 숙박업, 미용업)",700~799만원,예    ,자녀 있음 ,오피스텔,경기,안산시 단원구,고잔동,삼성,LG U+,자전거,튜닝용품,물통받침대,대만아이베라 경량 물통케이지 물병 더블 안장마운트,http://www.11st.co.kr/product/SellerProductDetail.tmall?method=getSellerProductDetail&prdNo=1084359208
D***4,201906**,M,2,"사무직 (일반사무직, 공무원, 직업군인)",700~799만원,아니오,          ,단독주택,경남,진주시,대평면,기타,SKT,레저/자동차,자전거/용품,자전거,지오스빈티지벨로체/GiosVintage Veloce 로드자전거,http://item.gmarket.co.kr/Item?goodscode=1273357815
D***1,201906**,M,4,"관리직 (사장, 간부, 고위공무원)",300~399만원,예    ,자녀 있음 ,아파트/ 주상복합,경북,칠곡군,석적읍,삼성,SKT,레저/자동차,자전거/용품,자전거액세서리,[J]쿨시트 방석 오토바이 스쿠터 헬멧 용품,http://www.11st.co.kr/product/SellerProductDetail.tmall?method=getSellerProductDetail&prdNo=1082590066
D***6,201906**,M,3,"사무직 (일반사무직, 공무원, 직업군인)",700~799만원,아니오,          ,아파트/ 주상복합,서울,서대문구,천연동,삼성,KT,레저/자동차,자전거/용품,자전거,자전거공구셋트/5가지기능 스페너13mm 15mm 육각렌지4mm5mm6mm 부품 용품,http://www.11st.co.kr/product/SellerProductDetail.tmall?method=getSellerProductDetail&prdNo=1268973574
D***8,201906**,M,4,"전문직 (의사, 판검사, 예술가, 종교인)",800~899만원,아니오,          ,단독주택,서울,동작구,신대방2동,삼성,KT,자전거,자전거관리용품,에어펌프(발펌프),발펌프/튜브/휴대용/쌍발/자전거/공기주입기/에어펌프/타이어공기/축구공/농구공/바람넣기/외발/강력발펌프,http://www.11st.co.kr/product/SellerProductDetail.tmall?method=getSellerProductDetail&prdNo=1091662162
D***2,201906**,M,2,"사무직 (일반사무직, 공무원, 직업군인)",200~299만원,      ,          ,아파트/ 주상복합,전북,전주시 덕진구,인후동1가,삼성,SKT,자전거,자전거신발/고글/헬멧,장갑,윈드스토퍼스마트터치 겨울 방한장갑 네오프렌 방풍,http://www.11st.co.kr/product/SellerProductDetail.tmall?method=getSellerProductDetail&prdNo=1050935353
D***4,201906**,M,4,"사무직 (일반사무직, 공무원, 직업군인)",300~399만원,예    ,자녀 있음 ,아파트/ 주상복합,서울,노원구,상계동,삼성,LG U+,자전거,튜닝용품,전시스탠드,[내가만든자전거](ICETOOLZ) 아이스툴즈 P633 벽면형 자전거 거치대/벽면고정볼트포함,http://www.11st.co.kr/product/SellerProductDetail.tmall?method=getSellerProductDetail&prdNo=1231501156
D***7,201906**,F,3,"주부 (전업주부, 파트타임 근무 주부)",200~299만원,예    ,자녀 있음 ,아파트/ 주상복합,부산,영도구,봉래동,삼성,KT,자전거/보드,자전거헬멧,기타브랜드 헬멧,EVSSX02 Knee Brace 오토바이무릎인대파열방지보호대/,http://item.gmarket.co.kr/Item?goodscode=1117646191
D***3,201906**,M,2,"학생 (초중고학생, 대학생, 대학원생)",200~299만원,아니오,          ,아파트/ 주상복합,경기,고양시 덕양구,고양동,LG,LG U+,레저/자동차,자전거/용품,자전거,[스마트자전거]반티아고G21 하이브리드자전거 21단 클래식 2018년,http://www.lotteimall.com/goods/viewGoodsDetail.lotte?goods_no=1203110269
D***2,201906**,F,3,"주부 (전업주부, 파트타임 근무 주부)",200~299만원,예    ,자녀 있음 ,연립주택/ 다세대/ 빌라,인천,남구,문학동,LG,SKT,자전거,자전거신발/고글/헬멧,장갑,윈드스토퍼스마트터치 겨울 방한장갑 네오프렌 방풍,http://www.11st.co.kr/product/SellerProductDetail.tmall?method=getSellerProductDetail&prdNo=1050935353
D***6,201906**,F,4,"주부 (전업주부, 파트타임 근무 주부)",400~499만원,예    ,자녀 있음 ,아파트/ 주상복합,대전,대덕구,법2동,삼성,SKT,자전거,자전거관리용품,펑크패치,자전거펑크패치(패치30개+접착제) 자전거타이어수리,http://www.11st.co.kr/product/SellerProductDetail.tmall?method=getSellerProductDetail&prdNo=12932340
D***4,201906**,M,4,"사무직 (일반사무직, 공무원, 직업군인)",500~599만원,예    ,자녀 있음 ,아파트/ 주상복합,경기,고양시 덕양구,신원동,삼성,SKT,자전거/보드,자전거바구니/가방,크로스가방,엑스피크빅파우치 자전거 휴대폰파우치,http://item.gmarket.co.kr/Item?goodscode=1187012636
D***9,201906**,M,3,무직,100만원 미만,아니오,          ,연립주택/ 다세대/ 빌라,경기,광주시,쌍령동,삼성,KT,레저/자동차,자전거/용품,자전거타이어/부품,삼천리알루미늄 핸드펌프  - 자전거 다용도 튜브 펌프 공기주입기,http://www.11st.co.kr/product/SellerProductDetail.tmall?method=getSellerProductDetail&prdNo=1218187968
D***5,201906**,F,3,무직,100만원 미만,아니오,          ,아파트/ 주상복합,경북,구미시,오태동,삼성,SKT,레저/자동차,자전거/용품,자전거타이어/부품,자전거수리키트+펌프 자전거공구세트 펑크패치,http://www.11st.co.kr/product/SellerProductDetail.tmall?method=getSellerProductDetail&prdNo=1103998698
D***,201906**,M,5,"사무직 (일반사무직, 공무원, 직업군인)",500~599만원,예    ,자녀 있음 ,아파트/ 주상복합,서울,노원구,상계2동,삼성,SKT,자전거,자전거신발/고글/헬멧,헬멧,2018GIRO 지로 QUARTER 쿼터 어반 자전거 헬멧 BMX,http://www.11st.co.kr/product/SellerProductDetail.tmall?method=getSellerProductDetail&prdNo=1246004626
D***,201906**,M,3,"사무직 (일반사무직, 공무원, 직업군인)",200~299만원,      ,          ,아파트/ 주상복합,대구,달서구,감삼동,삼성,SKT,레저/자동차,자전거/용품,자전거액세서리,스나이퍼코리아블랙울프 18650배터리 충전기모음,http://www.11st.co.kr/product/SellerProductDetail.tmall?method=getSellerProductDetail&prdNo=1272010256
D***,201906**,F,4,"교직 (교사, 유치원교사, 학원강사)",400~499만원,예    ,자녀 있음 ,아파트/ 주상복합,서울,도봉구,방학1동,삼성,SKT,자전거,튜닝용품,후미등,누빔멀티 라이트 NB-600 자전거 후미등 방향지시등,http://www.11st.co.kr/product/SellerProductDetail.tmall?method=getSellerProductDetail&prdNo=115116197
D***,201906**,M,5,무직,100만원 미만,아니오,          ,연립주택/ 다세대/ 빌라,대구,서구,내당2.3동,삼성,SKT,레저/자동차,자전거/용품,자전거의류/잡화,[PUMA]푸마 여성 기모 티셔츠 3종세트 NFYKFG01,http://www.hnsmall.com/display/goods.do?goods_code=12835184
D***,201906**,F,4,"사무직 (일반사무직, 공무원, 직업군인)",200~299만원,      ,          ,아파트/ 주상복합,서울,금천구,독산동,삼성,SKT,자전거/보드,자전거타이어/부품,자전거타이어,자전거휠라이트 반사 스트로우 바퀴 야간 안전 야광,http://item.gmarket.co.kr/Item?goodscode=1184423428
D***3,201906**,M,2,"학생 (초중고학생, 대학생, 대학원생)",500~599만원,아니오,          ,아파트/ 주상복합,서울,종로구,창신3동,삼성,KT,레저/자동차,자전거/용품,자전거의류/잡화,[엠씨엔]MCN 통기성좋고 시원한 매쉬마스크/UV자외선 벌레차단,http://item.gmarket.co.kr/Item?goodscode=1104924744
D***1,201906**,M,3,"사무직 (일반사무직, 공무원, 직업군인)",400~499만원,예    ,자녀 있음 ,오피스텔,충북,청주시 상당구,방서동,삼성,SKT,캠핑/골프/헬스/자전거,자전거의류/용품,기타용품,[펌프킹]가정용 자전거 거치대 HK-001,http://www.hnsmall.com/display/goods.do?goods_code=12714590
D***6,201906**,M,2,"사무직 (일반사무직, 공무원, 직업군인)",100~199만원,아니오,          ,단독주택,경남,창원시 진해구,석동,삼성,SKT,레저/자동차,자전거/용품,자전거의류/잡화,{지오무역}[쿨멀티스카프모음]쿨마스크/냉동스카프/,http://www.11st.co.kr/product/SellerProductDetail.tmall?method=getSellerProductDetail&prdNo=1280486843
D***2,201906**,M,2,무직,300~399만원,아니오,          ,연립주택/ 다세대/ 빌라,서울,노원구,상계3.4동,삼성,LG U+,레저/자동차,자전거/용품,자전거,[스마트]삼천리/스마트 접이식자전거 미니벨로 4종,http://item.gmarket.co.kr/Item?goodscode=1278067146
D***2,201906**,M,4,"생산/노무직 (생산감독, 경비원, 공장근로자)",500~599만원,예    ,자녀 있음 ,아파트/ 주상복합,대구,수성구,범물동,삼성,KT,레저/자동차,자전거/용품,자전거액세서리,(자전거용품.부품모음)자물쇠라이트펌프바구니짐받이안장가방헬멧보호대후미등페달보조바퀴벨전조등거치대,http://www.11st.co.kr/product/SellerProductDetail.tmall?method=getSellerProductDetail&prdNo=1258567584
D***4,201906**,M,2,"학생 (초중고학생, 대학생, 대학원생)",100만원 미만,아니오,          ,아파트/ 주상복합,서울,중구,필동1가,LG,SKT,레저/자동차,자전거/용품,자전거액세서리,자전거유아안장전방유아안장 아동보조안장,http://www.11st.co.kr/product/SellerProductDetail.tmall?method=getSellerProductDetail&prdNo=124145685
D***,201906**,M,2,"사무직 (일반사무직, 공무원, 직업군인)",200~299만원,      ,          ,아파트/ 주상복합,경기,안산시 단원구,선부3동,삼성,SKT,레저/자동차,자전거/용품,자전거액세서리,블랙울프자전거 라이트 용품 18650 배터리 충전기,http://www.11st.co.kr/product/SellerProductDetail.tmall?method=getSellerProductDetail&prdNo=1003701027
D***,201906**,F,3,"사무직 (일반사무직, 공무원, 직업군인)",600~699만원,예    ,자녀 있음 ,아파트/ 주상복합,서울,강남구,개포동,애플,KT,레저/자동차,자전거/용품,헬멧/보호장비,자전거어반헬멧 어린이헬멧 인라인 헬맷 킥보드헬멧,http://www.11st.co.kr/product/SellerProductDetail.tmall?method=getSellerProductDetail&prdNo=1253467301
D***,201906**,F,5,"사무직 (일반사무직, 공무원, 직업군인)",200~299만원,      ,          ,아파트/ 주상복합,경기,시흥시,하중동,삼성,SKT,자전거,자전거,사이클,[HK]예거메티1디스크 로드자전거 카본포크 소라,http://www.11st.co.kr/product/SellerProductDetail.tmall?method=getSellerProductDetail&prdNo=1075538001
D***4,201906**,F,3,"사무직 (일반사무직, 공무원, 직업군인)",200~299만원,      ,          ,아파트/ 주상복합,서울,강서구,화곡1동,삼성,SKT,자전거/보드,자전거라이트,자전거라이트/전조등,지바코76L 폴딩 립스탑 멀티 백 캠핑가방 수납가방,http://item.gmarket.co.kr/Item?goodscode=1111364071
D***4,201906**,F,3,"관리직 (사장, 간부, 고위공무원)",800~899만원,아니오,          ,아파트/ 주상복합,서울,중구,소공동,삼성,SKT,자전거,자전거관리용품,광택,자전거방수보관커버/방수자전거 커버/PEVA원단,http://www.11st.co.kr/product/SellerProductDetail.tmall?method=getSellerProductDetail&prdNo=1255618282
D***3,201906**,M,4,"전문직 (의사, 판검사, 예술가, 종교인)",600~699만원,아니오,          ,아파트/ 주상복합,경기,고양시 덕양구,화정2동,삼성,KT,레저/자동차,자전거/용품,자전거,삼천리가족형 HF200 7단 미니벨로 20형 접이식자전거,http://www.11st.co.kr/product/SellerProductDetail.tmall?method=getSellerProductDetail&prdNo=1096162616
D***6,201906**,F,5,"주부 (전업주부, 파트타임 근무 주부)",400~499만원,예    ,자녀 있음 ,단독주택,인천,남동구,만수4동,삼성,SKT,레저/자동차,자전거/용품,자전거액세서리,자전거라이트LED 전조등 후미등 후레쉬 [거치대증정],http://www.11st.co.kr/product/SellerProductDetail.tmall?method=getSellerProductDetail&prdNo=1080334719
D***3,201906**,M,3,"생산/노무직 (생산감독, 경비원, 공장근로자)",400~499만원,예    ,자녀 있음 ,연립주택/ 다세대/ 빌라,서울,용산구,후암동,삼성,KT,레저/자동차,자전거/용품,자전거,[삼천리자전거]하로GS20 7단 접이식자전거  어린이/여성 폴딩자전거,http://item.gmarket.co.kr/Item?goodscode=1201466217
D***6,201906**,M,4,"사무직 (일반사무직, 공무원, 직업군인)",300~399만원,예    ,자녀 있음 ,아파트/ 주상복합,서울,노원구,상계8동,LG,SKT,레저/자동차,자전거/용품,자전거의류/잡화,마스크/귀마개/멀티워머/넥워머/자전거/검정마스크,http://www.11st.co.kr/product/SellerProductDetail.tmall?method=getSellerProductDetail&prdNo=1167152971
D***4,201906**,F,5,"사무직 (일반사무직, 공무원, 직업군인)","1,000만원 이상",예    ,자녀 있음 ,아파트/ 주상복합,경기,안산시 단원구,고잔동,삼성,SKT,레저/자동차,자전거/용품,자전거의류/잡화,방한멀티스카프/멀티워머/넥워머/마스크/스키/자전거,http://item.gmarket.co.kr/Item?goodscode=1145899445
D***2,201906**,M,3,"전문직 (의사, 판검사, 예술가, 종교인)",300~399만원,아니오,          ,아파트/ 주상복합,경기,김포시,북변동,애플,알뜰폰(MVNO),유아동,유아동완구/교구,승용완구,[삼천리자전거]GIFT 2018 삼천리 샘트라이크 800+ 유모차 세발자전거,http://item.gmarket.co.kr/Item?goodscode=1266671892
D***,201906**,M,2,"학생 (초중고학생, 대학생, 대학원생)",500~599만원,아니오,          ,아파트/ 주상복합,서울,강동구,강일동,애플,LG U+,자전거,튜닝용품,전시스탠드,KT05 자전거킥스탠드 자전거받침대 자전거용품,http://www.11st.co.kr/product/SellerProductDetail.tmall?method=getSellerProductDetail&prdNo=1058282299
D***,201906**,F,2,"사무직 (일반사무직, 공무원, 직업군인)",200~299만원,      ,          ,아파트/ 주상복합,전북,완주군,삼례읍,삼성,SKT,자전거,자전거신발/고글/헬멧,보호대,특가쿨토시 1+1 (2세트) /토시/아동쿨토시/팔토시,http://www.11st.co.kr/product/SellerProductDetail.tmall?method=getSellerProductDetail&prdNo=1291753831
D***,201906**,M,2,"학생 (초중고학생, 대학생, 대학원생)",100만원 미만,아니오,          ,기타 ,경기,안양시 동안구,관양2동,삼성,KT,자전거,자전거신발/고글/헬멧,장갑,윈드스토퍼스마트터치 겨울 방한장갑 네오프렌 방풍,http://www.11st.co.kr/product/SellerProductDetail.tmall?method=getSellerProductDetail&prdNo=1050935353
D***1,201906**,M,3,"사무직 (일반사무직, 공무원, 직업군인)",200~299만원,      ,          ,아파트/ 주상복합,서울,강남구,역삼동,삼성,SKT,자전거,자전거관리용품,에어펌프(발펌프),국산삼흥 발펌프 공기주입기 손펌프 에어펌프 자전거,http://www.11st.co.kr/product/SellerProductDetail.tmall?method=getSellerProductDetail&prdNo=1105695651
D***3,201906**,F,5,"사무직 (일반사무직, 공무원, 직업군인)",200~299만원,      ,          ,아파트/ 주상복합,대전,서구,탄방동,삼성,SKT,레저/자동차,자전거/용품,헬멧/보호장비,에어워크보호대 성인용/아동용 헬멧/가방 용품 S16,http://www.11st.co.kr/product/SellerProductDetail.tmall?method=getSellerProductDetail&prdNo=12617089
D***8,201906**,M,3,"자영업 (도소매업, 숙박업, 미용업)",500~599만원,아니오,          ,단독주택,경기,안산시 상록구,부곡동,삼성,LG U+,레저/자동차,자전거/용품,자전거,[삼천리자전거][삼천리]여성용 클래식 자전거 라니아 22인치,http://www.lotteimall.com/goods/viewGoodsDetail.lotte?goods_no=1203462725
D***9,201906**,M,4,무직,100만원 미만,예    ,자녀 있음 ,아파트/ 주상복합,경기,고양시 일산서구,일산2동,LG,LG U+,자전거/보드,일반자전거,픽시자전거,벤데타벨루가 700C 알로이 에어로 프레임 픽시자전거,http://item.gmarket.co.kr/Item?goodscode=1219375759
D***8,201906**,F,4,"서비스직 (요식업, 숙박업, 미용실종업원)",100~199만원,아니오,          ,아파트/ 주상복합,경기,부천시 소사구,심곡본동,삼성,SKT,자전거/보드,로드자전거,알루미늄자전거,2017알톤 벨록스 CC 로드 사이클로크로스 자전거,http://item.gmarket.co.kr/Item?goodscode=1112776902
D***3,201906**,M,3,"판매직 (상점점원, 보험설계사, 노점상)",200~299만원,아니오,          ,오피스텔,서울,중구,충무로5가,삼성,KT,자전거/보드,자전거라이트,자전거라이트/전조등,지바코76L 폴딩 립스탑 멀티 백 캠핑가방 수납가방,http://item.gmarket.co.kr/Item?goodscode=1111364071
D***,201906**,M,4,"사무직 (일반사무직, 공무원, 직업군인)",200~299만원,      ,          ,아파트/ 주상복합,서울,노원구,공릉동,삼성,SKT,레저/자동차,자전거/용품,헬멧/보호장비,GIFT삼천리 헬멧 SH330S 선바이저 자전거용품 인라인,http://www.11st.co.kr/product/SellerProductDetail.tmall?method=getSellerProductDetail&prdNo=115415058
D***,201906**,F,4,"사무직 (일반사무직, 공무원, 직업군인)",200~299만원,      ,          ,아파트/ 주상복합,서울,금천구,시흥4동,삼성,SKT,레저/자동차,자전거/용품,자전거의류/잡화,사은품증정나루 마스크 자전거 자외선차단 등산 골프 바라클라바 버프 겨울 방한 넥워머 복면  오토바이,http://www.11st.co.kr/product/SellerProductDetail.tmall?method=getSellerProductDetail&prdNo=1070268365
D***,201906**,F,4,"사무직 (일반사무직, 공무원, 직업군인)",200~299만원,      ,          ,아파트/ 주상복합,울산,동구,서부동,삼성,SKT,레저/자동차,자전거/용품,헬멧/보호장비,에어워크보호대 성인용/아동용 헬멧/가방 용품 S16,http://www.11st.co.kr/product/SellerProductDetail.tmall?method=getSellerProductDetail&prdNo=12617089
D***,201906**,M,2,"사무직 (일반사무직, 공무원, 직업군인)",200~299만원,      ,          ,아파트/ 주상복합,인천,남동구,서창동,삼성,SKT,레저/자동차,자전거/용품,자전거액세서리,유아안장자전거유아안장 후방유아안장 아동보조안장,http://www.11st.co.kr/product/SellerProductDetail.tmall?method=getSellerProductDetail&prdNo=124136733
D***,201906**,M,2,"사무직 (일반사무직, 공무원, 직업군인)",500~599만원,아니오,          ,아파트/ 주상복합,경기,파주시,문산읍,애플,KT,레저/자동차,자전거/용품,자전거액세서리,정품미국 CREE사 LED Q5 줌 라이트/자전거/전조등/후레쉬/랜턴/손전등/거치대/건전지/안전등/용품/야간등,http://www.11st.co.kr/product/SellerProductDetail.tmall?method=getSellerProductDetail&prdNo=1200933401
D***7,201906**,F,4,"주부 (전업주부, 파트타임 근무 주부)","1,000만원 이상",예    ,자녀 없음 ,연립주택/ 다세대/ 빌라,서울,은평구,갈현동,삼성,KT,레저/자동차,자전거/용품,자전거,도미니크24인치하이브리드자전거초등학생~중학생까지,http://www.11st.co.kr/product/SellerProductDetail.tmall?method=getSellerProductDetail&prdNo=1090901926
D***8,201906**,M,4,"사무직 (일반사무직, 공무원, 직업군인)",200~299만원,      ,          ,아파트/ 주상복합,경기,안양시 만안구,안양6동,삼성,SKT,레저/자동차,자전거/용품,자전거타이어/부품,삼천리알루미늄 핸드펌프  - 자전거 다용도 튜브 펌프 공기주입기,http://www.11st.co.kr/product/SellerProductDetail.tmall?method=getSellerProductDetail&prdNo=1218187968
D***3,201906**,M,3,"사무직 (일반사무직, 공무원, 직업군인)",200~299만원,      ,          ,아파트/ 주상복합,인천,서구,석남1동,삼성,SKT,레저/자동차,자전거/용품,자전거,사은품증정[삼천리자전거]아이비/어린이자전거/아동용,http://www.11st.co.kr/product/SellerProductDetail.tmall?method=getSellerProductDetail&prdNo=1079264363
D***7,201906**,F,3,"사무직 (일반사무직, 공무원, 직업군인)",200~299만원,예    ,자녀 있음 ,아파트/ 주상복합,충북,청주시 흥덕구,가경동,LG,KT,자전거,자전거부품,브레이크레버,브레이크레버/아동용/성인용/알로이브레이크레버/자전거부품/자전거브레이크레버,http://www.11st.co.kr/product/SellerProductDetail.tmall?method=getSellerProductDetail&prdNo=1280791866
D***6,201906**,M,2,"학생 (초중고학생, 대학생, 대학원생)",200~299만원,아니오,          ,단독주택,광주,서구,화정1동,삼성,LG U+,자전거,자전거신발/고글/헬멧,보호대,나스카썬블럭 쿨토시/네이비/팔토시/자외선차단/스포츠/골프/등산/자전거/테니스/암슬리브/운전,http://www.11st.co.kr/product/SellerProductDetail.tmall?method=getSellerProductDetail&prdNo=1274967893
D***4,201906**,F,3,"사무직 (일반사무직, 공무원, 직업군인)",200~299만원,      ,          ,아파트/ 주상복합,경기,과천시,주암동,삼성,SKT,레저/자동차,자전거/용품,자전거,[삼천리자전거][삼천리]여성용 클래식 자전거 라니아 22인치,http://www.lotteimall.com/goods/viewGoodsDetail.lotte?goods_no=1203462725
D***5,201906**,M,3,"사무직 (일반사무직, 공무원, 직업군인)",200~299만원,      ,          ,아파트/ 주상복합,서울,동대문구,답십리1동,삼성,SKT,자전거,튜닝용품,흙받이,자전거흙받이/짐받이가방/강철크롬짐받이/받침대/보조안장/쇼바형짐받이/자전거용품,http://www.11st.co.kr/product/SellerProductDetail.tmall?method=getSellerProductDetail&prdNo=1081764401
D***4,201906**,M,3,"전문직 (의사, 판검사, 예술가, 종교인)",200~299만원,예    ,자녀 있음 ,연립주택/ 다세대/ 빌라,서울,강서구,화곡1동,삼성,LG U+,자전거/보드,자전거장갑/잡화,자전거장갑,아쿠아메이드자전거 반장갑 바이크 헬스 등산 장갑,http://item.gmarket.co.kr/Item?goodscode=1118054793
D***1,201906**,F,3,"주부 (전업주부, 파트타임 근무 주부)",300~399만원,예    ,자녀 없음 ,아파트/ 주상복합,경기,남양주시,지금동,삼성,SKT,자전거,튜닝용품,전시스탠드,KT05 자전거킥스탠드 자전거받침대 자전거용품,http://www.11st.co.kr/product/SellerProductDetail.tmall?method=getSellerProductDetail&prdNo=1058282299
D***,201906**,M,3,"전문직 (의사, 판검사, 예술가, 종교인)",600~699만원,예    ,자녀 있음 ,아파트/ 주상복합,서울,성북구,안암동3가,애플,KT,자전거,자전거관리용품,광택,자전거방수보관커버/방수자전거 커버/PEVA원단,http://www.11st.co.kr/product/SellerProductDetail.tmall?method=getSellerProductDetail&prdNo=1255618282
D***,201906**,F,2,"사무직 (일반사무직, 공무원, 직업군인)",200~299만원,      ,          ,아파트/ 주상복합,인천,남구,숭의동,삼성,SKT,자전거,자전거신발/고글/헬멧,헬멧,[HJC]X5(EVO)블랙스카이 / 자전거 헬멧 / 240g대 초,http://www.11st.co.kr/product/SellerProductDetail.tmall?method=getSellerProductDetail&prdNo=1040086015
D***,201906**,M,2,"학생 (초중고학생, 대학생, 대학원생)",500~599만원,아니오,          ,연립주택/ 다세대/ 빌라,인천,서구,석남동,삼성,SKT,레저/자동차,자전거/용품,자전거,[알톤]갤럽22 21단 앞쇼바 7~11세 시마노인투스기어,http://www.11st.co.kr/product/SellerProductDetail.tmall?method=getSellerProductDetail&prdNo=1230962682
D***,201906**,M,2,"사무직 (일반사무직, 공무원, 직업군인)",200~299만원,      ,          ,아파트/ 주상복합,서울,성북구,석관동,삼성,SKT,레저/자동차,자전거/용품,자전거액세서리,"매그닉라이트/전조등,후미등싱글판매/충전필요없는 독일특허 비접촉 자전거라이트/자전거용품/무료배송",http://www.11st.co.kr/product/SellerProductDetail.tmall?method=getSellerProductDetail&prdNo=1242176076
D***,201906**,M,4,"사무직 (일반사무직, 공무원, 직업군인)",200~299만원,      ,          ,아파트/ 주상복합,대전,대덕구,송촌동,삼성,SKT,자전거,자전거,MTB,앞뒤쇼바접이식 21단 26인치 입문 통학 출퇴근용 MTB,http://www.11st.co.kr/product/SellerProductDetail.tmall?method=getSellerProductDetail&prdNo=1082913347
D***,201906**,F,2,"사무직 (일반사무직, 공무원, 직업군인)",200~299만원,      ,          ,아파트/ 주상복합,부산,부산진구,범천동,삼성,SKT,자전거,자전거,사이클,[HK]예거메티1디스크 로드자전거 카본포크 소라,http://www.11st.co.kr/product/SellerProductDetail.tmall?method=getSellerProductDetail&prdNo=1075538001
D***,201906**,M,3,"사무직 (일반사무직, 공무원, 직업군인)",200~299만원,      ,          ,아파트/ 주상복합,서울,강남구,개포동,삼성,SKT,자전거/보드,자전거라이트,자전거라이트/전조등,몬스터라이트미니 자전거라이트  몬스터라이트 미니,http://item.gmarket.co.kr/Item?goodscode=1280390929
D***,201906**,M,5,"기능직 (자동차정비, 운전기사, 안경사, 택시기사)",400~499만원,예    ,자녀 없음 ,아파트/ 주상복합,서울,도봉구,창4동,삼성,SKT,자전거/보드,자전거장갑/잡화,자전거장갑,[킹썰]스포츠/등산/자전거장갑/여름장갑/반장갑/핸드폰터치,http://item.gmarket.co.kr/Item?goodscode=1144168847
D***6,201906**,F,3,"사무직 (일반사무직, 공무원, 직업군인)",200~299만원,      ,          ,아파트/ 주상복합,서울,강남구,논현동,삼성,SKT,레저/자동차,자전거/용품,자전거,[삼천리자전거]하로GS20 7단 접이식자전거  어린이/여성 폴딩자전거,http://item.gmarket.co.kr/Item?goodscode=1201466217
D***7,201906**,F,4,무직,200~299만원,예    ,자녀 있음 ,아파트/ 주상복합,강원,춘천시,신북읍,LG,LG U+,레저/자동차,자전거/용품,자전거액세서리,로드MTB 충전식 자전거라이트 용품 18650 배터리,http://www.11st.co.kr/product/SellerProductDetail.tmall?method=getSellerProductDetail&prdNo=1004933124
D***4,201906**,M,5,"교직 (교사, 유치원교사, 학원강사)",300~399만원,예    ,자녀 있음 ,아파트/ 주상복합,서울,강서구,방화3동,LG,SKT,자전거,튜닝용품,트레일러,알톤키즈 트레일러/자전거/캐리어/손잡이/보조바퀴,http://www.11st.co.kr/product/SellerProductDetail.tmall?method=getSellerProductDetail&prdNo=1249445352
D***3,201906**,F,3,"사무직 (일반사무직, 공무원, 직업군인)",200~299만원,      ,          ,아파트/ 주상복합,광주,북구,덕의동,삼성,SKT,자전거,자전거신발/고글/헬멧,헬멧,HJC홍진 R4 컬러선택가능블랙라인/홍진 크라운 헬멧,http://www.11st.co.kr/product/SellerProductDetail.tmall?method=getSellerProductDetail&prdNo=1229824538
D***8,201906**,M,2,"사무직 (일반사무직, 공무원, 직업군인)",200~299만원,아니오,          ,아파트/ 주상복합,서울,송파구,방이동,LG,LG U+,자전거/보드,자전거타이어/부품,자전거튜브,[흥아]흥아 700C x 23/25C 프레스타 40mm 자전거튜브 로드,http://item.gmarket.co.kr/Item?goodscode=1287219517
D***,201906**,M,3,"사무직 (일반사무직, 공무원, 직업군인)",200~299만원,      ,          ,아파트/ 주상복합,충북,청주시 흥덕구,성화동,삼성,SKT,자전거,자전거부품,안장,[참좋은바이크]삼천리아동용안장모음/하이킥/프린세스/키즈바이크/디즈니/유아동/어린이/푹신한안장,http://www.11st.co.kr/product/SellerProductDetail.tmall?method=getSellerProductDetail&prdNo=1205141789
D***,201906**,M,3,"판매직 (상점점원, 보험설계사, 노점상)",200~299만원,예    ,자녀 있음 ,아파트/ 주상복합,경기,구리시,인창동,삼성,KT,레저/자동차,자전거/용품,자전거,사은품증정[삼천리자전거]아이비/어린이자전거/아동용,http://www.11st.co.kr/product/SellerProductDetail.tmall?method=getSellerProductDetail&prdNo=1079264363
D***,201906**,F,3,"사무직 (일반사무직, 공무원, 직업군인)",500~599만원,예    ,자녀 없음 ,오피스텔,서울,강서구,가양동,애플,SKT,자전거,자전거신발/고글/헬멧,헬멧,필모리스/F381/F373/자전거헬멧/성인용헬멧/안전용품,http://www.11st.co.kr/product/SellerProductDetail.tmall?method=getSellerProductDetail&prdNo=1289945654
D***0,201906**,F,3,"사무직 (일반사무직, 공무원, 직업군인)",200~299만원,      ,          ,아파트/ 주상복합,부산,사하구,괴정2동,삼성,SKT,자전거,튜닝용품,후미등,문라이트크레센트/코멧/쉴드/디펜더/메테오/ 자전거라이트 자전거후미등,http://www.11st.co.kr/product/SellerProductDetail.tmall?method=getSellerProductDetail&prdNo=1086040122
D***2,201906**,M,3,"전문직 (의사, 판검사, 예술가, 종교인)",400~499만원,예    ,자녀 있음 ,연립주택/ 다세대/ 빌라,서울,종로구,신영동,삼성,SKT,자전거,자전거,사이클,[HK]예거메티1디스크 로드자전거 카본포크 소라,http://www.11st.co.kr/product/SellerProductDetail.tmall?method=getSellerProductDetail&prdNo=1075538001
D***6,201906**,F,3,"주부 (전업주부, 파트타임 근무 주부)",200~299만원,예    ,자녀 있음 ,아파트/ 주상복합,서울,양천구,목1동,애플,KT,자전거,튜닝용품,거치대/보관대,노스바이크스마트폰 자전거거치대 핸드폰 휴대폰 가방,http://www.11st.co.kr/product/SellerProductDetail.tmall?method=getSellerProductDetail&prdNo=1016944642
D***1,201906**,M,3,"사무직 (일반사무직, 공무원, 직업군인)",200~299만원,      ,          ,아파트/ 주상복합,서울,관악구,청림동,삼성,SKT,자전거,자전거,MTB,베리벨로보스톤GS 18년형 22인치 초등학생 MTB자전거,http://www.11st.co.kr/product/SellerProductDetail.tmall?method=getSellerProductDetail&prdNo=1240605806
D***7,201906**,M,2,"사무직 (일반사무직, 공무원, 직업군인)",200~299만원,      ,          ,아파트/ 주상복합,대구,동구,송정동,삼성,SKT,자전거,자전거,MTB,앞뒤쇼바접이식 21단 26인치 입문 통학 출퇴근용 MTB,http://www.11st.co.kr/product/SellerProductDetail.tmall?method=getSellerProductDetail&prdNo=1082913347
D***7,201906**,M,4,"관리직 (사장, 간부, 고위공무원)",600~699만원,예    ,자녀 있음 ,아파트/ 주상복합,서울,동대문구,답십리1동,삼성,SKT,레저/자동차,자전거/용품,자전거의류/잡화,사은품증정나루 마스크 자전거 자외선차단 등산 골프 바라클라바 버프 겨울 방한 넥워머 복면  오토바이,http://www.11st.co.kr/product/SellerProductDetail.tmall?method=getSellerProductDetail&prdNo=1070268365
D***5,201906**,F,2,"사무직 (일반사무직, 공무원, 직업군인)",100~199만원,아니오,          ,아파트/ 주상복합,경기,수원시 권선구,호매실동,애플,SKT,자전거,자전거관리용품,에어펌프(발펌프),국산삼흥 발펌프 공기주입기 손펌프 에어펌프 자전거,http://www.11st.co.kr/product/SellerProductDetail.tmall?method=getSellerProductDetail&prdNo=1105695651
D***9,201906**,F,2,"사무직 (일반사무직, 공무원, 직업군인)",200~299만원,      ,          ,아파트/ 주상복합,서울,강남구,논현동,삼성,SKT,캠핑/골프/헬스/자전거,자전거의류/용품,공용상의,[MCN]윈드베스트 MSV-16 블랙/자전거조끼,http://www.hnsmall.com/display/goods.do?goods_code=12602302
D***6,201906**,F,4,"주부 (전업주부, 파트타임 근무 주부)",600~699만원,예    ,자녀 있음 ,아파트/ 주상복합,서울,송파구,풍납1동,애플,SKT,자전거/보드,자전거라이트,라이트거치대,페어맨만능 18650충전기 FLIC-210 자전거라이트 2구,http://item.gmarket.co.kr/Item?goodscode=1237810051
D***,201906**,M,3,"전문직 (의사, 판검사, 예술가, 종교인)",600~699만원,예    ,자녀 있음 ,아파트/ 주상복합,서울,성북구,안암동3가,애플,KT,레저/자동차,자전거/용품,자전거,[스마트자전거]반티아고G21 하이브리드자전거 21단 클래식 2018년,http://www.lotteimall.com/goods/viewGoodsDetail.lotte?goods_no=1203110269
D***,201906**,F,5,"사무직 (일반사무직, 공무원, 직업군인)",200~299만원,      ,          ,아파트/ 주상복합,광주,서구,유촌동,삼성,SKT,레저/자동차,자전거/용품,자전거액세서리,로드MTB 충전식 자전거라이트 용품 18650 배터리,http://www.11st.co.kr/product/SellerProductDetail.tmall?method=getSellerProductDetail&prdNo=1004933124
D***,201906**,M,5,"사무직 (일반사무직, 공무원, 직업군인)",500~599만원,예    ,자녀 있음 ,아파트/ 주상복합,경기,의왕시,내손1동,LG,LG U+,자전거,자전거신발/고글/헬멧,보호대,나이키/팔토시/쿨토시/자외선차단/스포츠/레저/등산용,http://www.11st.co.kr/product/SellerProductDetail.tmall?method=getSellerProductDetail&prdNo=1221115615
D***,201906**,M,2,"사무직 (일반사무직, 공무원, 직업군인)",200~299만원,      ,          ,아파트/ 주상복합,서울,노원구,상계2동,삼성,SKT,자전거,자전거관리용품,펑크패치,호비번개표 펑크패치 타이어수리 타이어레버 빵구,http://www.11st.co.kr/product/SellerProductDetail.tmall?method=getSellerProductDetail&prdNo=12271947
D***,201906**,F,2,"사무직 (일반사무직, 공무원, 직업군인)",200~299만원,      ,          ,아파트/ 주상복합,경기,부천시 원미구,심곡동,삼성,SKT,자전거/보드,일반자전거,픽시자전거,벤데타벨루가 700C 알로이 에어로 프레임 픽시자전거,http://item.gmarket.co.kr/Item?goodscode=1219375759
D***4,201906**,F,2,"학생 (초중고학생, 대학생, 대학원생)",300~399만원,아니오,          ,아파트/ 주상복합,서울,강동구,둔촌1동,애플,KT,자전거,튜닝용품,흙받이,자전거흙받이/짐받이가방/강철크롬짐받이/받침대/보조안장/쇼바형짐받이/자전거용품,http://www.11st.co.kr/product/SellerProductDetail.tmall?method=getSellerProductDetail&prdNo=1081764401
D***4,201906**,M,2,"사무직 (일반사무직, 공무원, 직업군인)",200~299만원,      ,          ,아파트/ 주상복합,경기,이천시,대월면,삼성,SKT,레저/자동차,자전거/용품,자전거,[에어휠]BEST전동킥보드/스쿠터 인기브랜드 에어휠/스티고/이지휠 택1,http://www.lotteimall.com/goods/viewGoodsDetail.lotte?goods_no=1263374352
D***6,201906**,M,3,"사무직 (일반사무직, 공무원, 직업군인)",800~899만원,아니오,          ,연립주택/ 다세대/ 빌라,서울,광진구,중곡4동,삼성,SKT,레저/자동차,자전거/용품,자전거액세서리,(자전거용품.부품모음)자물쇠라이트펌프바구니짐받이안장가방헬멧보호대후미등페달보조바퀴벨전조등거치대,http://www.11st.co.kr/product/SellerProductDetail.tmall?method=getSellerProductDetail&prdNo=1258567584
D***6,201906**,F,5,"주부 (전업주부, 파트타임 근무 주부)",400~499만원,예    ,자녀 있음 ,단독주택,인천,남동구,만수4동,삼성,SKT,캠핑/골프/헬스/자전거,자전거의류/용품,신발,뉴발란스운동화 574 NEWBALANCE 574 (ML574SS2),http://www.hnsmall.com/display/goods.do?goods_code=11979567
D***1,201906**,F,2,"학생 (초중고학생, 대학생, 대학원생)",400~499만원,아니오,          ,연립주택/ 다세대/ 빌라,경기,파주시,금촌2동,삼성,KT,캠핑/골프/헬스/자전거,자전거의류/용품,신발,뉴발란스운동화 574 NEWBALANCE 574 (ML574SS2),http://www.hnsmall.com/display/goods.do?goods_code=11979567
D***6,201906**,M,2,"서비스직 (요식업, 숙박업, 미용실종업원)",200~299만원,아니오,          ,아파트/ 주상복합,경기,광명시,소하동,애플,KT,자전거,자전거부품,변속기,변속레버/자전거기어/시마노변속레버/그립쉬프트,http://www.11st.co.kr/product/SellerProductDetail.tmall?method=getSellerProductDetail&prdNo=1280799725
D***6,201906**,M,5,"사무직 (일반사무직, 공무원, 직업군인)",200~299만원,      ,          ,아파트/ 주상복합,서울,강남구,도곡1동,삼성,SKT,레저/자동차,자전거/용품,자전거의류/잡화,1대1사은품증정 나루마스크 X1 X5 자외선차단마스크,http://www.11st.co.kr/product/SellerProductDetail.tmall?method=getSellerProductDetail&prdNo=11127502
D***8,201906**,M,5,"전문직 (의사, 판검사, 예술가, 종교인)",100만원 미만,예    ,자녀 있음 ,단독주택,경기,광명시,소하1동,삼성,SKT,자전거,자전거부품,안장,대만New 카본 시트포스트 (27.2/31.6mm) 풀카본 자전거 안장봉/초경량 싯포스트 (세미카),http://www.11st.co.kr/product/SellerProductDetail.tmall?method=getSellerProductDetail&prdNo=1015126992
D***8,201906**,M,3,"생산/노무직 (생산감독, 경비원, 공장근로자)",200~299만원,아니오,          ,오피스텔,서울,관악구,신사동,삼성,SKT,자전거,자전거신발/고글/헬멧,헬멧,2018GIRO 지로 QUARTER 쿼터 어반 자전거 헬멧 BMX,http://www.11st.co.kr/product/SellerProductDetail.tmall?method=getSellerProductDetail&prdNo=1246004626
D***,201906**,M,5,"사무직 (일반사무직, 공무원, 직업군인)",500~599만원,예    ,자녀 있음 ,아파트/ 주상복합,경기,의왕시,내손1동,LG,LG U+,자전거,튜닝용품,물통받침대,대만아이베라 경량 물통케이지 물병 더블 안장마운트,http://www.11st.co.kr/product/SellerProductDetail.tmall?method=getSellerProductDetail&prdNo=1084359208
D***,201906**,M,5,"서비스직 (요식업, 숙박업, 미용실종업원)",700~799만원,예    ,자녀 있음 ,아파트/ 주상복합,서울,은평구,진관동,LG,LG U+,자전거/보드,자전거타이어/부품,자전거튜브,[흥아]흥아 700C x 23/25C 프레스타 40mm 자전거튜브 로드,http://item.gmarket.co.kr/Item?goodscode=1287219517
D***7,201906**,M,2,"사무직 (일반사무직, 공무원, 직업군인)",200~299만원,      ,          ,아파트/ 주상복합,경기,수원시 팔달구,지동,삼성,SKT,유아동,유아동완구/교구,승용완구,ZOKO조코유아동 체인자전거9종(3세~7세사용)+컵홀더,http://item.gmarket.co.kr/Item?goodscode=1109676457
D***9,201906**,M,3,"사무직 (일반사무직, 공무원, 직업군인)",200~299만원,      ,          ,아파트/ 주상복합,경기,부천시 소사구,소사본2동,삼성,SKT,캠핑/골프/헬스/자전거,자전거의류/용품,공용하의,[MCN]네오 베이직 7부 바지/승마바지,http://www.hnsmall.com/display/goods.do?goods_code=12497037
D***8,201906**,F,3,"사무직 (일반사무직, 공무원, 직업군인)",200~299만원,      ,          ,아파트/ 주상복합,경기,김포시,양촌면,삼성,SKT,자전거,튜닝용품,전시스탠드,포인트배너실외용거치대 양면겸용 홍보 이벤트,http://www.11st.co.kr/product/SellerProductDetail.tmall?method=getSellerProductDetail&prdNo=1236804619
D***8,201906**,F,3,"주부 (전업주부, 파트타임 근무 주부)",200~299만원,예    ,자녀 있음 ,연립주택/ 다세대/ 빌라,경기,안산시 상록구,사1동,애플,KT,자전거,자전거부품,안장,삼천리전립선 안장패드/MTB ROAD 안장용 쿠션커버/하이브리드 안장커버/자전거안장커버/로드용 자전거용품,http://www.11st.co.kr/product/SellerProductDetail.tmall?method=getSellerProductDetail&prdNo=1232420657
D***6,201906**,M,2,"생산/노무직 (생산감독, 경비원, 공장근로자)",200~299만원,아니오,          ,연립주택/ 다세대/ 빌라,경기,부천시 소사구,심곡본동,삼성,SKT,자전거,자전거관리용품,튜브벨브/어댑터/노즐,[아답터모음] 던롭 프레스타 슈레더 공 튜브 어뎁터 펌프 호환 아답타 공기주입 던롭집게 자전거용품,http://www.11st.co.kr/product/SellerProductDetail.tmall?method=getSellerProductDetail&prdNo=1002005394
D***6,201906**,M,2,"생산/노무직 (생산감독, 경비원, 공장근로자)",200~299만원,아니오,          ,연립주택/ 다세대/ 빌라,경기,부천시 소사구,심곡본동,삼성,SKT,자전거/보드,자전거액세서리,자전거짐받이,바이크박스블랙   -  생활용 여성용 접이식 자전거 짐받이 거치용 접이식 짐 바구니,http://item.gmarket.co.kr/Item?goodscode=128833406
D***2,201906**,F,2,"사무직 (일반사무직, 공무원, 직업군인)",200~299만원,      ,          ,아파트/ 주상복합,인천,남동구,간석4동,애플,알뜰폰(MVNO),자전거,자전거관리용품,에어펌프(발펌프),국산삼흥 발펌프 공기주입기 손펌프 에어펌프 자전거펌프 공 오토바이 바이크 휴대용 쌍발펌프 튜브 스포,http://www.11st.co.kr/product/SellerProductDetail.tmall?method=getSellerProductDetail&prdNo=1105695651
D***9,201906**,M,4,"사무직 (일반사무직, 공무원, 직업군인)",400~499만원,예    ,자녀 있음 ,아파트/ 주상복합,서울,영등포구,대림2동,삼성,SKT,자전거,자전거신발/고글/헬멧,보호대,특가쿨토시 1+1 (2세트) /토시/아동쿨토시/팔토시,http://www.11st.co.kr/product/SellerProductDetail.tmall?method=getSellerProductDetail&prdNo=1291753831
D***7,201906**,F,2,"학생 (초중고학생, 대학생, 대학원생)",500~599만원,아니오,          ,아파트/ 주상복합,경기,고양시 일산동구,장항1동,삼성,KT,레저/자동차,자전거/용품,자전거타이어/부품,야광젤타입 자전거 안장 자전거 용품 레저 취미,http://item.gmarket.co.kr/Item?goodscode=1268231013
D***5,201906**,M,5,"사무직 (일반사무직, 공무원, 직업군인)",400~499만원,예    ,자녀 있음 ,아파트/ 주상복합,서울,관악구,신림동,삼성,SKT,레저/자동차,자전거/용품,자전거,뉴도미니크24/렌즈/갤럽등 초등학생 하이브리드 모음,http://www.11st.co.kr/product/SellerProductDetail.tmall?method=getSellerProductDetail&prdNo=1154104823
D***1,201906**,F,3,"사무직 (일반사무직, 공무원, 직업군인)",600~699만원,예    ,자녀 있음 ,아파트/ 주상복합,서울,강남구,논현동,삼성,SKT,레저/자동차,자전거/용품,자전거액세서리,[J]쿨시트 방석 오토바이 스쿠터 헬멧 용품,http://www.11st.co.kr/product/SellerProductDetail.tmall?method=getSellerProductDetail&prdNo=1082590066
D***1,201906**,F,3,"주부 (전업주부, 파트타임 근무 주부)",600~699만원,예    ,자녀 있음 ,아파트/ 주상복합,인천,연수구,연수1동,삼성,알뜰폰(MVNO),자전거,자전거부품,브레이크패드,시마노디스크 브레이크 Resin 패드 B01S/BR-T615/C501/M575/M525/M486/M485/M475/M465 레진패드/래진패드,http://www.11st.co.kr/product/SellerProductDetail.tmall?method=getSellerProductDetail&prdNo=1060069949
D***9,201906**,M,4,"사무직 (일반사무직, 공무원, 직업군인)",300~399만원,아니오,          ,단독주택,강원,강릉시,임당동,애플,SKT,자전거,자전거신발/고글/헬멧,보호대,[성인보호대 세트] 에어워크 보호대 손목_무릎_팔꿈치,http://www.11st.co.kr/product/SellerProductDetail.tmall?method=getSellerProductDetail&prdNo=1112671449
D***9,201906**,M,3,"생산/노무직 (생산감독, 경비원, 공장근로자)",400~499만원,아니오,          ,연립주택/ 다세대/ 빌라,경기,부천시 소사구,괴안동,삼성,KT,레저/자동차,자전거/용품,자전거,뉴도미니크24/렌즈/갤럽등 초등학생 하이브리드 모음,http://www.11st.co.kr/product/SellerProductDetail.tmall?method=getSellerProductDetail&prdNo=1154104823
D***,201906**,F,4,"사무직 (일반사무직, 공무원, 직업군인)",400~499만원,예    ,자녀 있음 ,아파트/ 주상복합,대전,서구,갈마1동,삼성,KT,자전거,자전거부품,안장,유아안장/짐받이장착/핸들바장착/목받이유아안장/자전거안장,http://www.11st.co.kr/product/SellerProductDetail.tmall?method=getSellerProductDetail&prdNo=1275573892
D***,201906**,F,2,"학생 (초중고학생, 대학생, 대학원생)",600~699만원,아니오,          ,아파트/ 주상복합,대전,서구,월평3동,삼성,SKT,레저/자동차,자전거/용품,자전거,뉴도미니크24/렌즈/갤럽등 초등학생 하이브리드 모음,http://www.11st.co.kr/product/SellerProductDetail.tmall?method=getSellerProductDetail&prdNo=1154104823
D***,201906**,F,2,"사무직 (일반사무직, 공무원, 직업군인)",900~999만원,아니오,          ,아파트/ 주상복합,서울,강동구,명일동,삼성,SKT,자전거,자전거신발/고글/헬멧,보호대,[AQUA-X/국산]발렌티노무봉제 쿨토시/아쿠아엑스,http://www.11st.co.kr/product/SellerProductDetail.tmall?method=getSellerProductDetail&prdNo=1261126293
D***,201906**,F,4,"사무직 (일반사무직, 공무원, 직업군인)",200~299만원,      ,          ,아파트/ 주상복합,전남,곡성군,옥과면,삼성,SKT,자전거,자전거,MTB,GIFT2016 엘파마 판타시아 S7 S675 카본 MTB 자전거,http://www.11st.co.kr/product/SellerProductDetail.tmall?method=getSellerProductDetail&prdNo=1043875589
D***,201906**,M,3,"사무직 (일반사무직, 공무원, 직업군인)",200~299만원,      ,          ,아파트/ 주상복합,광주,서구,상무동,삼성,SKT,레저/자동차,자전거/용품,자전거,미키키즈로드스터 미니 18유니키즈FA 어린이자전거,http://www.11st.co.kr/product/SellerProductDetail.tmall?method=getSellerProductDetail&prdNo=1067685984
D***,201906**,F,2,"사무직 (일반사무직, 공무원, 직업군인)",200~299만원,      ,          ,아파트/ 주상복합,경기,안양시 동안구,호계1동,삼성,SKT,자전거,튜닝용품,전시스탠드,[내가만든자전거](ICETOOLZ) 아이스툴즈 P633 벽면형 자전거 거치대/벽면고정볼트포함,http://www.11st.co.kr/product/SellerProductDetail.tmall?method=getSellerProductDetail&prdNo=1231501156
D***,201906**,F,3,"사무직 (일반사무직, 공무원, 직업군인)",400~499만원,아니오,          ,연립주택/ 다세대/ 빌라,서울,동작구,사당동,삼성,KT,캠핑/골프/헬스/자전거,자전거의류/용품,신발,뉴발란스운동화 574 NEWBALANCE 574 (ML574SS2),http://www.hnsmall.com/display/goods.do?goods_code=11979567
D***1,201906**,M,3,"사무직 (일반사무직, 공무원, 직업군인)",200~299만원,예    ,자녀 있음 ,아파트/ 주상복합,경기,파주시,광탄면,LG,LG U+,레저/자동차,자전거/용품,자전거,[스마트자전거]반티아고G21 하이브리드자전거 21단 클래식 2018년,http://www.lotteimall.com/goods/viewGoodsDetail.lotte?goods_no=1203110269
D***1,201906**,M,5,"사무직 (일반사무직, 공무원, 직업군인)",200~299만원,      ,          ,아파트/ 주상복합,경기,화성시,능동,삼성,SKT,캠핑/골프/헬스/자전거,자전거의류/용품,공용하의,[MCN]네오 베이직 7부 바지/승마바지,http://www.hnsmall.com/display/goods.do?goods_code=12497037
D***9,201906**,M,4,"사무직 (일반사무직, 공무원, 직업군인)",200~299만원,      ,          ,아파트/ 주상복합,전북,부안군,변산면,삼성,SKT,자전거/보드,자전거라이트,자전거라이트/전조등,몬스터라이트LG화학 18650 배터리 3050mAh,http://item.gmarket.co.kr/Item?goodscode=1280497915
D***3,201906**,M,4,"사무직 (일반사무직, 공무원, 직업군인)",200~299만원,      ,          ,아파트/ 주상복합,서울,강동구,고덕2동,삼성,SKT,레저/자동차,자전거/용품,자전거의류/잡화,아동.유아.어린이/무릎보호대.헬멧.장갑 세트/자전거용품.인라인스케이트.씽씽카.안전용품.블랙프라이데이,http://www.11st.co.kr/product/SellerProductDetail.tmall?method=getSellerProductDetail&prdNo=1066221250
D***7,201906**,M,3,"학생 (초중고학생, 대학생, 대학원생)",400~499만원,아니오,          ,아파트/ 주상복합,부산,북구,만덕3동,삼성,KT,레저/자동차,자전거/용품,자전거액세서리,정품미국 CREE사 LED Q5 줌 라이트/자전거/전조등/후레쉬/랜턴/손전등/거치대/건전지/안전등/용품/야간등,http://www.11st.co.kr/product/SellerProductDetail.tmall?method=getSellerProductDetail&prdNo=1200933401
D***5,201906**,M,2,"사무직 (일반사무직, 공무원, 직업군인)",200~299만원,      ,          ,아파트/ 주상복합,서울,강동구,고덕1동,삼성,SKT,레저/자동차,자전거/용품,자전거,[삼천리자전거]하로GS20 7단 접이식자전거  어린이/여성 폴딩자전거,http://item.gmarket.co.kr/Item?goodscode=1201466217
D***1,201906**,F,3,"주부 (전업주부, 파트타임 근무 주부)",300~399만원,예    ,자녀 있음 ,아파트/ 주상복합,경남,김해시,장유면,기타,알뜰폰(MVNO),자전거,자전거부품,안장,풀카본안장자전거안장 초경량 카본안장,http://www.11st.co.kr/product/SellerProductDetail.tmall?method=getSellerProductDetail&prdNo=1240983940
D***9,201906**,M,2,무직,200~299만원,아니오,          ,아파트/ 주상복합,경기,파주시,조리읍,애플,SKT,레저/자동차,자전거/용품,자전거,스타카토에스코트 7단 접이식 자전거 바구니 포함,http://www.11st.co.kr/product/SellerProductDetail.tmall?method=getSellerProductDetail&prdNo=1216359097
D***5,201906**,F,2,"사무직 (일반사무직, 공무원, 직업군인)",100~199만원,아니오,          ,단독주택,경남,의령군,부림면,LG,KT,자전거,자전거부품,튜브,[FNS]즈와유무시고무 없는 던롭밸브 세트/던롭튜브,http://www.11st.co.kr/product/SellerProductDetail.tmall?method=getSellerProductDetail&prdNo=1217450472
D***7,201906**,F,2,"전문직 (의사, 판검사, 예술가, 종교인)",400~499만원,아니오,          ,아파트/ 주상복합,대구,북구,칠성동2가,애플,KT,자전거,자전거관리용품,펑크패치,구멍패치/번개표/자전거보수/타이어보수/빵꾸딱지/빵구패치/자전거정비/땜질/공구장터,http://www.11st.co.kr/product/SellerProductDetail.tmall?method=getSellerProductDetail&prdNo=1046577201
D***2,201906**,M,4,"사무직 (일반사무직, 공무원, 직업군인)",400~499만원,아니오,          ,아파트/ 주상복합,서울,강남구,일원본동,삼성,SKT,레저/자동차,자전거/용품,자전거액세서리,AVVISO툴캡슐 자전거 거치대 공구함 케이스 툴부스,http://item.gmarket.co.kr/Item?goodscode=1129194351
D***4,201906**,F,3,"사무직 (일반사무직, 공무원, 직업군인)",200~299만원,      ,          ,아파트/ 주상복합,경기,과천시,주암동,삼성,SKT,레저/자동차,자전거/용품,자전거의류/잡화,DBIKE디빅 투라인 집게 후미등,http://item.gmarket.co.kr/Item?goodscode=1205206386
D***8,201906**,M,3,"사무직 (일반사무직, 공무원, 직업군인)",300~399만원,아니오,          ,아파트/ 주상복합,광주,북구,문흥2동,애플,SKT,캠핑/골프/헬스/자전거,자전거의류/용품,공용상의,[MCN]윈드베스트 MSV-16 블랙/자전거조끼,http://www.hnsmall.com/display/goods.do?goods_code=12602302
D***,201906**,M,2,"사무직 (일반사무직, 공무원, 직업군인)",200~299만원,      ,          ,아파트/ 주상복합,서울,노원구,상계6.7동,삼성,SKT,자전거,튜닝용품,잠금장치,호비대만정품 LJ9080 4관절락 자전거자물쇠 사관절,http://www.11st.co.kr/product/SellerProductDetail.tmall?method=getSellerProductDetail&prdNo=11383586
D***,201906**,M,4,"사무직 (일반사무직, 공무원, 직업군인)",200~299만원,      ,          ,아파트/ 주상복합,경북,칠곡군,왜관읍,삼성,SKT,레저/자동차,자전거/용품,자전거,베리벨로보스톤GS 22 18년형 22인치 MTB자전거,http://www.11st.co.kr/product/SellerProductDetail.tmall?method=getSellerProductDetail&prdNo=1264898395
D***,201906**,M,3,"사무직 (일반사무직, 공무원, 직업군인)",200~299만원,      ,          ,아파트/ 주상복합,경기,수원시 팔달구,우만동,삼성,SKT,자전거,튜닝용품,거치대,(추천)말대가리 스마트 거치대/ 휴대폰거치대 스마트폰거치대 거치대 차량용폰거치대 핸폰거치대 헨드폰거,http://www.11st.co.kr/product/SellerProductDetail.tmall?method=getSellerProductDetail&prdNo=1222876667
D***,201906**,M,3,"사무직 (일반사무직, 공무원, 직업군인)",200~299만원,아니오,          ,연립주택/ 다세대/ 빌라,서울,광진구,자양동,삼성,SKT,레저/자동차,자전거/용품,자전거,미키키즈로드스터 미니 18유니키즈FA 어린이자전거,http://www.11st.co.kr/product/SellerProductDetail.tmall?method=getSellerProductDetail&prdNo=1067685984
D***8,201906**,F,3,"사무직 (일반사무직, 공무원, 직업군인)",200~299만원,      ,          ,아파트/ 주상복합,경기,수원시 팔달구,매산로3가,삼성,SKT,자전거/보드,자전거라이트,자전거라이트/전조등,지바코76L 폴딩 립스탑 멀티 백 캠핑가방 수납가방,http://item.gmarket.co.kr/Item?goodscode=1111364071
D***3,201906**,M,4,"사무직 (일반사무직, 공무원, 직업군인)",200~299만원,      ,          ,아파트/ 주상복합,경기,군포시,산본1동,삼성,SKT,레저/자동차,자전거/용품,자전거액세서리,자전거휠 라이트 안전등  LED라이트 후미등,http://www.11st.co.kr/product/SellerProductDetail.tmall?method=getSellerProductDetail&prdNo=1076764951
D***6,201906**,M,3,"사무직 (일반사무직, 공무원, 직업군인)",200~299만원,      ,          ,아파트/ 주상복합,서울,양천구,신월1동,삼성,SKT,레저/자동차,자전거/용품,자전거,스타카토에스코트 7단 접이식 자전거 바구니 포함,http://www.11st.co.kr/product/SellerProductDetail.tmall?method=getSellerProductDetail&prdNo=1216359097
D***9,201906**,F,3,"전문직 (의사, 판검사, 예술가, 종교인)",200~299만원,아니오,          ,연립주택/ 다세대/ 빌라,서울,구로구,오류동,애플,SKT,레저/자동차,자전거/용품,자전거,알톤베네통키드자전거/아동/알루미늄/고급어린이네발,http://www.11st.co.kr/product/SellerProductDetail.tmall?method=getSellerProductDetail&prdNo=1160671411
D***6,201906**,F,3,"주부 (전업주부, 파트타임 근무 주부)",200~299만원,예    ,자녀 있음 ,단독주택,충북,제천시,의림동,삼성,SKT,레저/자동차,자전거/용품,자전거의류/잡화,쿨마스크멀티스카프 자외선차단마스크 자전거마스크,http://www.11st.co.kr/product/SellerProductDetail.tmall?method=getSellerProductDetail&prdNo=1042041108
D***1,201906**,M,4,"사무직 (일반사무직, 공무원, 직업군인)",200~299만원,예    ,자녀 없음 ,단독주택,서울,강북구,번2동,삼성,KT,자전거,자전거,MTB,프로메이드풀서스펜션 24인치 MTB자전거 아스톤힐DS,http://www.11st.co.kr/product/SellerProductDetail.tmall?method=getSellerProductDetail&prdNo=1190027550
D***7,201906**,F,4,"판매직 (상점점원, 보험설계사, 노점상)",200~299만원,아니오,          ,연립주택/ 다세대/ 빌라,부산,기장군,정관면,애플,LG U+,레저/자동차,자전거/용품,자전거의류/잡화,[엠씨엔]MCN 통기성좋고 시원한 매쉬마스크/UV자외선 벌레차단,http://item.gmarket.co.kr/Item?goodscode=1104924744
D***1,201906**,M,2,"관리직 (사장, 간부, 고위공무원)",200~299만원,예    ,자녀 있음 ,아파트/ 주상복합,경기,고양시 일산동구,정발산동,삼성,KT,자전거,튜닝용품,흙받이,자전거흙받이(한세트)삼천리자전거 레스포정품/흙튀김방지 물받이/선택,http://www.11st.co.kr/product/SellerProductDetail.tmall?method=getSellerProductDetail&prdNo=12932278
D***2,201906**,F,2,"서비스직 (요식업, 숙박업, 미용실종업원)",700~799만원,아니오,          ,아파트/ 주상복합,경기,화성시,동탄면,애플,SKT,레저/자동차,자전거/용품,자전거,베리벨로보스톤GS 22 18년형 22인치 MTB자전거,http://www.11st.co.kr/product/SellerProductDetail.tmall?method=getSellerProductDetail&prdNo=1264898395
D***5,201906**,M,4,"사무직 (일반사무직, 공무원, 직업군인)",200~299만원,예    ,자녀 있음 ,연립주택/ 다세대/ 빌라,서울,중랑구,면목동,기타,SKT,자전거,자전거부품,체인,"SramX1 체인, PC-X1, 11단/11단용 자전거 체인",http://www.11st.co.kr/product/SellerProductDetail.tmall?method=getSellerProductDetail&prdNo=1261677729
D***2,201906**,M,4,"사무직 (일반사무직, 공무원, 직업군인)",100~199만원,예    ,자녀 있음 ,아파트/ 주상복합,강원,강릉시,교1동,삼성,SKT,자전거,자전거부품,안장,[참좋은바이크]삼천리아동용안장모음/하이킥/프린세스/키즈바이크/디즈니/유아동/어린이/푹신한안장,http://www.11st.co.kr/product/SellerProductDetail.tmall?method=getSellerProductDetail&prdNo=1205141789
D***,201906**,F,3,"사무직 (일반사무직, 공무원, 직업군인)",200~299만원,      ,          ,아파트/ 주상복합,인천,서구,연희동,삼성,SKT,레저/자동차,자전거/용품,자전거,[알톤]갤럽22 21단 앞쇼바 7~11세 시마노인투스기어,http://www.11st.co.kr/product/SellerProductDetail.tmall?method=getSellerProductDetail&prdNo=1230962682
D***,201906**,M,2,"사무직 (일반사무직, 공무원, 직업군인)",200~299만원,      ,          ,아파트/ 주상복합,서울,노원구,중계본동,삼성,SKT,자전거,튜닝용품,후미등,문라이트크레센트/코멧/쉴드/디펜더/메테오/ 자전거라이트 자전거후미등,http://www.11st.co.kr/product/SellerProductDetail.tmall?method=getSellerProductDetail&prdNo=1086040122
D***,201906**,M,4,"사무직 (일반사무직, 공무원, 직업군인)",200~299만원,      ,          ,아파트/ 주상복합,경기,광주시,태전동,삼성,SKT,캠핑/골프/헬스/자전거,자전거의류/용품,기타용품,발목밴드,http://www.hnsmall.com/display/goods.do?goods_code=11522932
D***8,201906**,F,4,"사무직 (일반사무직, 공무원, 직업군인)",200~299만원,      ,          ,아파트/ 주상복합,서울,송파구,오금동,삼성,SKT,레저/자동차,자전거/용품,자전거의류/잡화,머스타시벌룬 기모마스크 MHM-10/방한/보드마스크,http://www.11st.co.kr/product/SellerProductDetail.tmall?method=getSellerProductDetail&prdNo=1187564080
D***3,201906**,M,4,"사무직 (일반사무직, 공무원, 직업군인)",200~299만원,      ,          ,아파트/ 주상복합,경기,군포시,산본1동,삼성,SKT,자전거/보드,자전거타이어/부품,자전거튜브,[CST]700x25/32C fv48mm 자전거튜브 프레스타 흥아 켄다,http://item.gmarket.co.kr/Item?goodscode=1283527298
D***1,201906**,M,2,"사무직 (일반사무직, 공무원, 직업군인)",200~299만원,      ,          ,아파트/ 주상복합,경기,의정부시,의정부2동,삼성,SKT,레저/자동차,자전거/용품,자전거,[스마트]삼천리/스마트/바이맥스 접이식자전거 미니벨로 4종,http://item.gmarket.co.kr/Item?goodscode=1278067146
D***2,201906**,M,4,"생산/노무직 (생산감독, 경비원, 공장근로자)",300~399만원,아니오,          ,기타 ,전남,담양군,월산면,삼성,알뜰폰(MVNO),자전거,자전거신발/고글/헬멧,신발,에코사이클링/스피닝슈즈/스피닝운동화/스피닝신발/클릿슈즈/사이클운동화/사이클신발/사이클슈즈/클릿포함,http://www.11st.co.kr/product/SellerProductDetail.tmall?method=getSellerProductDetail&prdNo=1262545428
D***5,201906**,M,2,"사무직 (일반사무직, 공무원, 직업군인)",200~299만원,      ,          ,아파트/ 주상복합,서울,서초구,방배2동,삼성,SKT,레저/자동차,자전거/용품,자전거,지멘스여성용 부인용 자전거 클래식 24 26인치,http://item.gmarket.co.kr/Item?goodscode=1110235162
D***2,201906**,F,2,"사무직 (일반사무직, 공무원, 직업군인)",200~299만원,      ,          ,아파트/ 주상복합,인천,남동구,간석4동,애플,알뜰폰(MVNO),레저/자동차,자전거/용품,헬멧/보호장비,자전거헬멧/자전거용품/큰/삼천리헬멧/성인/아동헬멧,http://www.11st.co.kr/product/SellerProductDetail.tmall?method=getSellerProductDetail&prdNo=1044088173
D***1,201906**,M,4,"전문직 (의사, 판검사, 예술가, 종교인)",200~299만원,예    ,자녀 있음 ,아파트/ 주상복합,서울,양천구,신정3동,삼성,SKT,레저/자동차,자전거/용품,자전거액세서리,[고바이크]자전거짐받이특대바구니/플록스천바구니/짐바구니/고정식바구니/장착용바구니/자전거악세사리,http://www.11st.co.kr/product/SellerProductDetail.tmall?method=getSellerProductDetail&prdNo=1273581622
D***9,201906**,F,4,"사무직 (일반사무직, 공무원, 직업군인)",500~599만원,예    ,자녀 있음 ,단독주택,서울,구로구,구로5동,LG,SKT,레저/자동차,자전거/용품,자전거의류/잡화,GIROJAG 반장갑/지로 장갑/땀흡수/통기성/4웨이 신축성/충격흡수패딩/자전거장갑/지로장갑/자전거용품,http://www.11st.co.kr/product/SellerProductDetail.tmall?method=getSellerProductDetail&prdNo=1274875036
D***0,201906**,M,4,"사무직 (일반사무직, 공무원, 직업군인)",400~499만원,예    ,자녀 있음 ,아파트/ 주상복합,부산,해운대구,우1동,삼성,KT,레저/자동차,자전거/용품,자전거액세서리,18650AA AAA 충전지 배터리 충전기 i4 D2 i2 UM20,http://www.11st.co.kr/product/SellerProductDetail.tmall?method=getSellerProductDetail&prdNo=1181473940
D***1,201906**,M,2,무직,100만원 미만,아니오,          ,단독주택,광주,북구,운암동,삼성,KT,자전거/보드,자전거바구니/가방,크로스가방,[엑스피크]2포켓 스마트폰 파우치/암밴드+목걸이 기본증정,http://item.gmarket.co.kr/Item?goodscode=1187012646
D***3,201906**,M,3,"생산/노무직 (생산감독, 경비원, 공장근로자)",200~299만원,예    ,자녀 있음 ,아파트/ 주상복합,경기,용인시 기흥구,동백동,삼성,SKT,레저/자동차,자전거/용품,자전거,지멘스여성용 부인용 자전거 클래식 24 26인치,http://item.gmarket.co.kr/Item?goodscode=1110235162
D***0,201906**,F,3,"사무직 (일반사무직, 공무원, 직업군인)",200~299만원,      ,          ,아파트/ 주상복합,경기,파주시,광탄면,삼성,SKT,유아동,유아동완구/교구,승용완구,[삼천리자전거]GIFT 2018 삼천리 샘트라이크 800+ 유모차 세발자전거,http://item.gmarket.co.kr/Item?goodscode=1266671892
D***7,201906**,F,2,"학생 (초중고학생, 대학생, 대학원생)",400~499만원,아니오,          ,연립주택/ 다세대/ 빌라,인천,계양구,임학동,삼성,KT,자전거/보드,자전거라이트,라이트거치대,페어맨만능 18650충전기 FLIC-210 자전거라이트 2구,http://item.gmarket.co.kr/Item?goodscode=1237810051
D***5,201906**,M,3,"사무직 (일반사무직, 공무원, 직업군인)",500~599만원,아니오,          ,아파트/ 주상복합,서울,강동구,길동,애플,KT,레저/자동차,자전거/용품,자전거,[21세기스쿠터]질주본능!21세기스쿠터/미드미 外 봄바람 일으키는 모빌리티 컬렉션,http://www.lotteimall.com/goods/viewGoodsDetail.lotte?goods_no=1154385444
D***,201906**,M,4,"사무직 (일반사무직, 공무원, 직업군인)",200~299만원,      ,          ,아파트/ 주상복합,경기,성남시 분당구,이매동,삼성,SKT,자전거,자전거신발/고글/헬멧,헬멧,스텔리오스고글헬멧 에어로 자전거헬멧 로드헬멧,http://www.11st.co.kr/product/SellerProductDetail.tmall?method=getSellerProductDetail&prdNo=1007190015
D***,201906**,M,3,"사무직 (일반사무직, 공무원, 직업군인)",200~299만원,      ,          ,아파트/ 주상복합,인천,남동구,만수2동,삼성,SKT,자전거,자전거,사이클,[쿠베로]에어리아2.0신형소라18 무료조립+최강사은품 NEW SORA 18,http://www.11st.co.kr/product/SellerProductDetail.tmall?method=getSellerProductDetail&prdNo=1224036819
D***,201906**,M,3,"사무직 (일반사무직, 공무원, 직업군인)",200~299만원,      ,          ,아파트/ 주상복합,인천,서구,공촌동,삼성,SKT,자전거,자전거부품,보조바퀴,SM-901성인용 보조바퀴(20~26인치용),http://www.11st.co.kr/product/SellerProductDetail.tmall?method=getSellerProductDetail&prdNo=1200999290
D***,201906**,F,4,"사무직 (일반사무직, 공무원, 직업군인)",200~299만원,      ,          ,아파트/ 주상복합,경기,시흥시,정왕동,삼성,SKT,자전거,튜닝용품,전시스탠드,[내가만든자전거](ICETOOLZ) 아이스툴즈 P633 벽면형 자전거 거치대/벽면고정볼트포함,http://www.11st.co.kr/product/SellerProductDetail.tmall?method=getSellerProductDetail&prdNo=1231501156
D***,201906**,M,2,"사무직 (일반사무직, 공무원, 직업군인)",200~299만원,      ,          ,아파트/ 주상복합,강원,원주시,단구동,삼성,SKT,자전거,자전거관리용품,에어펌프(발펌프),GIYO지요 GF-56GTB ULTRA 자전거펌프 공기배출기능,http://www.11st.co.kr/product/SellerProductDetail.tmall?method=getSellerProductDetail&prdNo=1147853726
D***6,201906**,F,4,"사무직 (일반사무직, 공무원, 직업군인)",200~299만원,      ,          ,아파트/ 주상복합,서울,관악구,난곡동,삼성,SKT,레저/자동차,자전거/용품,자전거액세서리,정품미국 CREE사 LED Q5 줌 라이트/자전거/전조등/후레쉬/랜턴/손전등/거치대/건전지/안전등/용품/야간등,http://www.11st.co.kr/product/SellerProductDetail.tmall?method=getSellerProductDetail&prdNo=1200933401
D***5,201906**,F,2,"사무직 (일반사무직, 공무원, 직업군인)",200~299만원,      ,          ,아파트/ 주상복합,서울,관악구,낙성대동,삼성,SKT,자전거,자전거부품,안장,풀카본안장자전거안장 초경량 카본안장,http://www.11st.co.kr/product/SellerProductDetail.tmall?method=getSellerProductDetail&prdNo=1240983940
D***5,201906**,M,3,무직,100~199만원,아니오,          ,연립주택/ 다세대/ 빌라,부산,남구,용호2동,애플,KT,레저/자동차,자전거/용품,자전거액세서리,블랙울프미니줌 줌라이트 LED랜턴 후레쉬 자전거용품,http://www.11st.co.kr/product/SellerProductDetail.tmall?method=getSellerProductDetail&prdNo=1182033172
D***6,201906**,F,2,"학생 (초중고학생, 대학생, 대학원생)",200~299만원,아니오,          ,아파트/ 주상복합,경남,창원시 성산구,남양동,삼성,SKT,캠핑/골프/헬스/자전거,자전거,전기자전거,전동킥보드마이봇 ERT-8/ 38V/ 18.4Ah / 삼성배터리/ 레져스포츠,http://www.hnsmall.com/display/goods.do?goods_code=12231883
D***1,201906**,F,4,"주부 (전업주부, 파트타임 근무 주부)",400~499만원,예    ,자녀 있음 ,아파트/ 주상복합,전북,무주군,무주읍,삼성,KT,레저/자동차,자전거/용품,헬멧/보호장비,"Giro헬멧/Quarter 쿼터, 어번/더트 (6색상)",http://www.11st.co.kr/product/SellerProductDetail.tmall?method=getSellerProductDetail&prdNo=1230444459
D***2,201906**,F,3,"서비스직 (요식업, 숙박업, 미용실종업원)",800~899만원,예    ,자녀 없음 ,아파트/ 주상복합,경기,고양시 덕양구,화정동,삼성,KT,자전거,자전거,MTB,삼천리자전거팀60D MTB자전거 24단 알루미늄자전거,http://www.11st.co.kr/product/SellerProductDetail.tmall?method=getSellerProductDetail&prdNo=1230896068
D***2,201906**,M,3,"생산/노무직 (생산감독, 경비원, 공장근로자)",200~299만원,아니오,          ,오피스텔,경기,부천시 원미구,중1동,삼성,SKT,자전거,자전거관리용품,튜브벨브/어댑터/노즐,호비던롭밸브셋트 무시고무 공기 주입을 하여도 바람이 샐경우 교체,http://www.11st.co.kr/product/SellerProductDetail.tmall?method=getSellerProductDetail&prdNo=1244185249
D***0,201906**,F,3,"주부 (전업주부, 파트타임 근무 주부)",200~299만원,예    ,자녀 없음 ,연립주택/ 다세대/ 빌라,경기,수원시 장안구,영화동,애플,LG U+,자전거,자전거,MTB,알톤쉐보레 CMJR 초등학생 MTB 자전거/24인치/22인치/샌드스톤24,http://www.11st.co.kr/product/SellerProductDetail.tmall?method=getSellerProductDetail&prdNo=1288847294
D***,201906**,M,4,"사무직 (일반사무직, 공무원, 직업군인)",200~299만원,      ,          ,아파트/ 주상복합,인천,남동구,서창동,삼성,SKT,레저/자동차,자전거/용품,자전거액세서리,자전거유아안장전방유아안장 아동보조안장,http://www.11st.co.kr/product/SellerProductDetail.tmall?method=getSellerProductDetail&prdNo=124145685
D***,201906**,M,4,"사무직 (일반사무직, 공무원, 직업군인)",200~299만원,      ,          ,아파트/ 주상복합,서울,강동구,성내동,삼성,SKT,자전거/보드,자전거헬멧,기타브랜드 헬멧,[삼천리자전거]미니마우스 헬멧보호대 세트 어린이 자전거 킥보드/ 삼천리자전거,http://item.gmarket.co.kr/Item?goodscode=1112014699
D***,201906**,M,5,"사무직 (일반사무직, 공무원, 직업군인)",200~299만원,      ,          ,아파트/ 주상복합,서울,서초구,방배3동,삼성,SKT,자전거,자전거관리용품,튜브벨브/어댑터/노즐,호비던롭밸브셋트 무시고무 공기 주입을 하여도 바람이 샐경우 교체,http://www.11st.co.kr/product/SellerProductDetail.tmall?method=getSellerProductDetail&prdNo=1244185249
D***,201906**,M,4,"사무직 (일반사무직, 공무원, 직업군인)",200~299만원,      ,          ,아파트/ 주상복합,서울,노원구,월계3동,삼성,SKT,자전거,자전거,MTB,알톤쉐보레 CMJR 초등학생 MTB 자전거/24인치/22인치/샌드스톤24,http://www.11st.co.kr/product/SellerProductDetail.tmall?method=getSellerProductDetail&prdNo=1288847294
D***1,201906**,M,3,"사무직 (일반사무직, 공무원, 직업군인)",200~299만원,아니오,          ,오피스텔,경북,칠곡군,석적읍,LG,LG U+,자전거,자전거신발/고글/헬멧,보호대,무료배송.국산쿨토시.팔토시.냉감토시.쿨마스크.아동,http://www.11st.co.kr/product/SellerProductDetail.tmall?method=getSellerProductDetail&prdNo=1249823887
D***0,201906**,F,5,"사무직 (일반사무직, 공무원, 직업군인)",200~299만원,      ,          ,아파트/ 주상복합,경기,부천시 원미구,중1동,삼성,SKT,레저/자동차,자전거/용품,자전거액세서리,[VELO]VL3147전립선안장 - MTB 로드 싸이클 자전거 전립선 벨로 쿠션안장,http://www.11st.co.kr/product/SellerProductDetail.tmall?method=getSellerProductDetail&prdNo=1099006895
D***8,201906**,M,2,"학생 (초중고학생, 대학생, 대학원생)","1,000만원 이상",아니오,          ,아파트/ 주상복합,서울,마포구,상암동,애플,SKT,레저/자동차,자전거/용품,자전거,[스마트]삼천리/스마트/바이맥스 접이식자전거 미니벨로 4종,http://item.gmarket.co.kr/Item?goodscode=1278067146
D***0,201906**,F,2,"학생 (초중고학생, 대학생, 대학원생)",500~599만원,아니오,          ,아파트/ 주상복합,전남,순천시,조례동,애플,LG U+,레저/자동차,자전거/용품,자전거액세서리,자전거휠 라이트 안전등  LED라이트 후미등,http://www.11st.co.kr/product/SellerProductDetail.tmall?method=getSellerProductDetail&prdNo=1076764951
D***2,201906**,F,4,"자영업 (도소매업, 숙박업, 미용업)",200~299만원,아니오,          ,아파트/ 주상복합,대구,서구,내당4동,삼성,SKT,레저/자동차,자전거/용품,자전거,[에어휠]BEST전동킥보드/스쿠터 인기브랜드 에어휠/스티고/이지휠 택1,http://www.lotteimall.com/goods/viewGoodsDetail.lotte?goods_no=1263374352
D***3,201906**,M,4,"서비스직 (요식업, 숙박업, 미용실종업원)",500~599만원,아니오,          ,아파트/ 주상복합,서울,양천구,목1동,애플,SKT,자전거/보드,자전거라이트,자전거라이트/전조등,몬스터라이트미니 자전거라이트  몬스터라이트 미니,http://item.gmarket.co.kr/Item?goodscode=1280390929
D***,201906**,M,2,"사무직 (일반사무직, 공무원, 직업군인)",200~299만원,      ,          ,아파트/ 주상복합,서울,마포구,서교동,삼성,SKT,자전거,자전거,MTB,삼천리자전거/하운드팀50D/MTB자전거/산악자전거,http://www.11st.co.kr/product/SellerProductDetail.tmall?method=getSellerProductDetail&prdNo=1254184372
D***,201906**,F,2,"사무직 (일반사무직, 공무원, 직업군인)",200~299만원,      ,          ,아파트/ 주상복합,서울,서대문구,홍은2동,삼성,SKT,유아동,유아동완구/교구,승용완구,STONETREE스톤트리 트라이크 - 유모차 세발 자전거,http://item.gmarket.co.kr/Item?goodscode=1129986013
D***,201906**,M,2,"생산/노무직 (생산감독, 경비원, 공장근로자)",100~199만원,아니오,          ,아파트/ 주상복합,경기,안양시 동안구,신촌동,삼성,LG U+,레저/자동차,자전거/용품,자전거,[삼천리자전거]하로GS20 7단 접이식자전거  어린이/여성 폴딩자전거,http://item.gmarket.co.kr/Item?goodscode=1201466217
D***,201906**,M,4,무직,200~299만원,예    ,자녀 있음 ,아파트/ 주상복합,경기,오산시,오산동,애플,KT,자전거,튜닝용품,전시스탠드,토픽스텐드 DUAL TOUCH BIKE STAND 자전거거치대,http://www.11st.co.kr/product/SellerProductDetail.tmall?method=getSellerProductDetail&prdNo=1154312380
D***,201906**,F,4,"사무직 (일반사무직, 공무원, 직업군인)",200~299만원,      ,          ,아파트/ 주상복합,경기,수원시 장안구,이목동,삼성,SKT,레저/자동차,자전거/용품,자전거,알톤베네통BKS18/16 어린이자전거 삼천리 아동자전거,http://www.11st.co.kr/product/SellerProductDetail.tmall?method=getSellerProductDetail&prdNo=1215156477
D***,201906**,M,3,"사무직 (일반사무직, 공무원, 직업군인)",200~299만원,      ,          ,아파트/ 주상복합,서울,강서구,마곡동,삼성,SKT,레저/자동차,자전거/용품,헬멧/보호장비,심플한도시형헬멧/빅이글 어반헬멧/자전거용품/인라인,http://www.11st.co.kr/product/SellerProductDetail.tmall?method=getSellerProductDetail&prdNo=1187901648
D***7,201906**,M,5,"자영업 (도소매업, 숙박업, 미용업)","1,000만원 이상",아니오,          ,아파트/ 주상복합,인천,연수구,송도동,삼성,알뜰폰(MVNO),자전거,자전거관리용품,펑크패치,무료배송휴대용 펑크패치/타이어 튜브 레버 정비 수리 공구세트/자전거용품.부품,http://www.11st.co.kr/product/SellerProductDetail.tmall?method=getSellerProductDetail&prdNo=1028212762
D***7,201906**,F,5,"사무직 (일반사무직, 공무원, 직업군인)",200~299만원,      ,          ,아파트/ 주상복합,서울,은평구,녹번동,삼성,SKT,자전거/보드,자전거타이어/부품,자전거튜브,[흥아]흥아 700C x 23/25C 프레스타 80mm 자전거튜브 로드,http://item.gmarket.co.kr/Item?goodscode=1287261891
D***6,201906**,M,2,"사무직 (일반사무직, 공무원, 직업군인)",200~299만원,      ,          ,아파트/ 주상복합,서울,영등포구,신길6동,삼성,SKT,자전거,튜닝용품,후미등,자전거후미등2구 실리콘 후미등 LED비상등 안전등 야간 라이딩 유모차 오토바이 3가지 모드,http://www.11st.co.kr/product/SellerProductDetail.tmall?method=getSellerProductDetail&prdNo=1253472408
D***8,201906**,M,3,"사무직 (일반사무직, 공무원, 직업군인)",200~299만원,      ,          ,아파트/ 주상복합,부산,강서구,강동동,삼성,SKT,자전거/보드,자전거장갑/잡화,자전거장갑,[프로스펙스]스마트 방한장갑 등산장갑 자전거장갑 겨울장갑 축구,http://item.gmarket.co.kr/Item?goodscode=1150372758
D***9,201906**,F,4,"주부 (전업주부, 파트타임 근무 주부)",500~599만원,예    ,자녀 있음 ,아파트/ 주상복합,경기,시흥시,능곡동,애플,KT,자전거,자전거관리용품,에어펌프(발펌프),GIYO지요 GF-56GTB ULTRA 자전거펌프 공기배출기능,http://www.11st.co.kr/product/SellerProductDetail.tmall?method=getSellerProductDetail&prdNo=1147853726
D***0,201906**,F,2,"사무직 (일반사무직, 공무원, 직업군인)",700~799만원,아니오,          ,연립주택/ 다세대/ 빌라,서울,구로구,고척동,삼성,SKT,자전거,자전거부품,브레이크패드,[FNS]크락스오가닉 디스크브레이크 패드(벌크제품),http://www.11st.co.kr/product/SellerProductDetail.tmall?method=getSellerProductDetail&prdNo=1097542995
D***0,201906**,F,3,"주부 (전업주부, 파트타임 근무 주부)",400~499만원,예    ,자녀 있음 ,아파트/ 주상복합,서울,강서구,가양1동,LG,KT,레저/자동차,자전거/용품,자전거액세서리,[고바이크]자전거짐받이특대바구니/플록스천바구니/짐바구니/고정식바구니/장착용바구니/자전거악세사리,http://www.11st.co.kr/product/SellerProductDetail.tmall?method=getSellerProductDetail&prdNo=1273581622
D***3,201906**,M,2,무직,100~199만원,아니오,          ,연립주택/ 다세대/ 빌라,충남,금산군,금산읍,삼성,KT,자전거/보드,일반자전거,외발/삼륜/2인용,[자이덴]지오닉스 나누미 에코 성인용 세발 트라이 삼륜자전거,http://item.gmarket.co.kr/Item?goodscode=1292909571
D***2,201906**,M,4,"사무직 (일반사무직, 공무원, 직업군인)",100~199만원,예    ,자녀 있음 ,아파트/ 주상복합,강원,강릉시,교1동,삼성,SKT,레저/자동차,자전거/용품,헬멧/보호장비,자전거어반헬멧 어린이헬멧 인라인 헬맷 킥보드헬멧,http://www.11st.co.kr/product/SellerProductDetail.tmall?method=getSellerProductDetail&prdNo=1253467301
D***0,201906**,F,4,"주부 (전업주부, 파트타임 근무 주부)",200~299만원,예    ,자녀 있음 ,아파트/ 주상복합,전북,전주시 완산구,삼천동2가,삼성,KT,자전거,자전거신발/고글/헬멧,헬멧,아동용자전거헬멧아동보호대 킥보드 인라인헬멧,http://www.11st.co.kr/product/SellerProductDetail.tmall?method=getSellerProductDetail&prdNo=1051520039
D***,201906**,M,4,"사무직 (일반사무직, 공무원, 직업군인)",200~299만원,예    ,자녀 있음 ,아파트/ 주상복합,인천,남동구,만수5동,삼성,SKT,레저/자동차,자전거/용품,자전거의류/잡화,아동.유아.어린이/무릎보호대.헬멧.장갑 세트/자전거용품.인라인스케이트.씽씽카.안전용품.블랙프라이데이,http://www.11st.co.kr/product/SellerProductDetail.tmall?method=getSellerProductDetail&prdNo=1066221250
D***,201906**,F,4,"사무직 (일반사무직, 공무원, 직업군인)",200~299만원,      ,          ,아파트/ 주상복합,대구,달서구,송현1동,삼성,SKT,자전거/보드,자전거바구니/가방,크로스가방,엑스피크빅파우치 자전거 휴대폰파우치,http://item.gmarket.co.kr/Item?goodscode=1187012636
D***,201906**,F,5,"사무직 (일반사무직, 공무원, 직업군인)",200~299만원,      ,          ,아파트/ 주상복합,인천,동구,송림3동,삼성,SKT,레저/자동차,자전거/용품,자전거의류/잡화,"하이맥스매쉬 긴장갑 -  봄,여름,가을 장갑",http://www.11st.co.kr/product/SellerProductDetail.tmall?method=getSellerProductDetail&prdNo=1210492663
D***,201906**,M,5,"전문직 (의사, 판검사, 예술가, 종교인)",500~599만원,예    ,자녀 있음 ,아파트/ 주상복합,인천,남구,관교동,삼성,SKT,자전거,튜닝용품,전시스탠드,"자전거스텐드거치대/16,18,20,22,24,26스탠드 받침대 보관대 접이식 자전거용품",http://www.11st.co.kr/product/SellerProductDetail.tmall?method=getSellerProductDetail&prdNo=12932139
D***3,201906**,F,2,"사무직 (일반사무직, 공무원, 직업군인)",200~299만원,      ,          ,아파트/ 주상복합,서울,서대문구,북가좌2동,삼성,SKT,레저/자동차,자전거/용품,자전거,[삼천리]접이자전거비타민24 24형 7단 미니벨로 폴딩,http://www.11st.co.kr/product/SellerProductDetail.tmall?method=getSellerProductDetail&prdNo=1208645013
D***5,201906**,M,4,"자영업 (도소매업, 숙박업, 미용업)",200~299만원,아니오,          ,연립주택/ 다세대/ 빌라,서울,도봉구,도봉1동,LG,KT,레저/자동차,자전거/용품,자전거,[스마트]삼천리/스마트/바이맥스 접이식자전거 미니벨로 4종,http://item.gmarket.co.kr/Item?goodscode=1278067146
D***4,201906**,M,5,"기능직 (자동차정비, 운전기사, 안경사, 택시기사)",300~399만원,예    ,자녀 있음 ,연립주택/ 다세대/ 빌라,경기,안산시 단원구,선부3동,삼성,KT,레저/자동차,자전거/용품,자전거의류/잡화,쿨마스크멀티스카프 자외선차단마스크 자전거마스크,http://www.11st.co.kr/product/SellerProductDetail.tmall?method=getSellerProductDetail&prdNo=1042041108
D***2,201906**,M,3,"주부 (전업주부, 파트타임 근무 주부)",200~299만원,예    ,자녀 있음 ,연립주택/ 다세대/ 빌라,인천,연수구,청학동,삼성,LG U+,자전거,자전거부품,브레이크패드,[FNS]크락스오가닉 디스크브레이크 패드(벌크제품),http://www.11st.co.kr/product/SellerProductDetail.tmall?method=getSellerProductDetail&prdNo=1097542995
D***4,201906**,M,4,"사무직 (일반사무직, 공무원, 직업군인)",200~299만원,예    ,자녀 있음 ,연립주택/ 다세대/ 빌라,서울,서대문구,홍제3동,삼성,SKT,자전거,튜닝용품,트레이너(로라),엘리트노보 맥 포스/자전거용품/자전거롤러,http://www.11st.co.kr/product/SellerProductDetail.tmall?method=getSellerProductDetail&prdNo=1271754585
D***2,201906**,F,4,"사무직 (일반사무직, 공무원, 직업군인)",200~299만원,      ,          ,아파트/ 주상복합,경기,성남시 중원구,은행1동,삼성,SKT,자전거/보드,일반자전거,외발/삼륜/2인용,[지오닉스]자이덴 나누미 20(50cm) 6단 성인용 세발자전거,http://item.gmarket.co.kr/Item?goodscode=1111789839
D***4,201906**,M,3,"기능직 (자동차정비, 운전기사, 안경사, 택시기사)",300~399만원,아니오,          ,연립주택/ 다세대/ 빌라,서울,중랑구,중화1동,LG,LG U+,캠핑/골프/헬스/자전거,자전거의류/용품,신발,뉴발란스운동화 574 NEWBALANCE 574 (ML574SS2),http://www.hnsmall.com/display/goods.do?goods_code=11979567
D***6,201906**,M,4,"자영업 (도소매업, 숙박업, 미용업)","1,000만원 이상",예    ,자녀 있음 ,아파트/ 주상복합,서울,강남구,삼성동,애플,SKT,자전거,자전거신발/고글/헬멧,신발,에코사이클링/스피닝슈즈/스피닝운동화/스피닝신발/클릿슈즈/사이클운동화/사이클신발/사이클슈즈/클릿포함,http://www.11st.co.kr/product/SellerProductDetail.tmall?method=getSellerProductDetail&prdNo=1262545428
D***0,201906**,M,3,"관리직 (사장, 간부, 고위공무원)",400~499만원,아니오,          ,연립주택/ 다세대/ 빌라,강원,춘천시,석사동,LG,LG U+,레저/자동차,자전거/용품,자전거,뉴도미니크24/렌즈/갤럽등 초등학생 하이브리드 모음,http://www.11st.co.kr/product/SellerProductDetail.tmall?method=getSellerProductDetail&prdNo=1154104823
D***,201906**,M,3,"사무직 (일반사무직, 공무원, 직업군인)",200~299만원,예    ,자녀 있음 ,아파트/ 주상복합,서울,노원구,월계1동,LG,SKT,캠핑/골프/헬스/자전거,자전거의류/용품,신발,뉴발란스585 USA 스니커즈 운동화 (M585GR),http://www.hnsmall.com/display/goods.do?goods_code=12928736
D***,201906**,M,5,"사무직 (일반사무직, 공무원, 직업군인)",200~299만원,      ,          ,아파트/ 주상복합,서울,동대문구,장안2동,삼성,SKT,캠핑/골프/헬스/자전거,자전거의류/용품,신발,뉴발란스운동화 774 NEWBALANCE 774 (M774BK3),http://www.hnsmall.com/display/goods.do?goods_code=11979566
D***,201906**,M,4,"사무직 (일반사무직, 공무원, 직업군인)",200~299만원,      ,          ,아파트/ 주상복합,서울,송파구,문정1동,삼성,SKT,레저/자동차,자전거/용품,자전거액세서리,자전거휠 라이트 안전등  LED라이트 후미등,http://www.11st.co.kr/product/SellerProductDetail.tmall?method=getSellerProductDetail&prdNo=1076764951
D***,201906**,F,2,"사무직 (일반사무직, 공무원, 직업군인)",200~299만원,      ,          ,아파트/ 주상복합,대구,수성구,두산동,삼성,SKT,자전거,자전거신발/고글/헬멧,장갑,[MTB자전거장갑]라이딩장갑/여름장갑/반장갑,http://www.11st.co.kr/product/SellerProductDetail.tmall?method=getSellerProductDetail&prdNo=1274156192
D***,201906**,M,3,"사무직 (일반사무직, 공무원, 직업군인)",200~299만원,      ,          ,아파트/ 주상복합,경기,광명시,철산1동,삼성,SKT,자전거,튜닝용품,거치대/보관대,노스바이크스마트폰 자전거거치대 핸드폰 휴대폰 가방,http://www.11st.co.kr/product/SellerProductDetail.tmall?method=getSellerProductDetail&prdNo=1016944642
D***,201906**,M,2,"사무직 (일반사무직, 공무원, 직업군인)",200~299만원,      ,          ,아파트/ 주상복합,경남,창원시 의창구,도계동,삼성,SKT,레저/자동차,자전거/용품,자전거,자이덴라스카FX20 20인치 7단 접이식 자전거,http://www.11st.co.kr/product/SellerProductDetail.tmall?method=getSellerProductDetail&prdNo=1202758720
D***,201906**,M,4,"사무직 (일반사무직, 공무원, 직업군인)",200~299만원,      ,          ,아파트/ 주상복합,경기,광명시,하안1동,삼성,SKT,자전거,자전거,MTB,"[삼천리]미키마우스 미키키즈14,16,18형 아동 자전거",http://www.11st.co.kr/product/SellerProductDetail.tmall?method=getSellerProductDetail&prdNo=1248195280
D***,201906**,F,2,"사무직 (일반사무직, 공무원, 직업군인)",200~299만원,      ,          ,아파트/ 주상복합,경북,칠곡군,북삼읍,삼성,SKT,레저/자동차,자전거/용품,자전거,[삼천리]접이자전거비타민24 24형 7단 미니벨로 폴딩,http://www.11st.co.kr/product/SellerProductDetail.tmall?method=getSellerProductDetail&prdNo=1208645013
D***1,201906**,F,2,"학생 (초중고학생, 대학생, 대학원생)",600~699만원,아니오,          ,아파트/ 주상복합,강원,원주시,단구동,삼성,SKT,자전거,자전거신발/고글/헬멧,보호대,2+2이벤트/네파정품/탑쿨/슬레진저 쿨토시 팔토시,http://www.11st.co.kr/product/SellerProductDetail.tmall?method=getSellerProductDetail&prdNo=1282680743
D***2,201906**,M,3,"사무직 (일반사무직, 공무원, 직업군인)",200~299만원,      ,          ,아파트/ 주상복합,경남,김해시,삼정동,삼성,SKT,자전거/보드,자전거액세서리,자전거스마트폰거치대,4방향완벽고정 자전거 스마트폰 거치대 (블랙),http://item.gmarket.co.kr/Item?goodscode=1235492029
D***1,201906**,M,3,"사무직 (일반사무직, 공무원, 직업군인)",200~299만원,      ,          ,아파트/ 주상복합,광주,동구,광산동,삼성,SKT,레저/자동차,자전거/용품,자전거,알톤어린이용 경량 알루미늄 접이식 자전거 라바폴딩18인치,http://www.11st.co.kr/product/SellerProductDetail.tmall?method=getSellerProductDetail&prdNo=1096512754
D***8,201906**,M,4,"사무직 (일반사무직, 공무원, 직업군인)",200~299만원,      ,          ,아파트/ 주상복합,경기,용인시 처인구,모현면,삼성,SKT,레저/자동차,자전거/용품,자전거의류/잡화,[PUMA]푸마 여성 더블 스트레치 기모 본딩 팬츠 3종세트 GFYYFG22,http://www.hnsmall.com/display/goods.do?goods_code=12835199
D***6,201906**,F,5,"사무직 (일반사무직, 공무원, 직업군인)",200~299만원,      ,          ,아파트/ 주상복합,서울,성동구,하왕십리동,삼성,SKT,자전거/보드,자전거타이어/부품,자전거튜브,[흥아]흥아 700C x 23/25C 프레스타 80mm 자전거튜브 로드,http://item.gmarket.co.kr/Item?goodscode=1287261891
D***4,201906**,F,5,"사무직 (일반사무직, 공무원, 직업군인)",700~799만원,아니오,          ,아파트/ 주상복합,서울,마포구,공덕동,애플,SKT,자전거,자전거신발/고글/헬멧,장갑,자전거방한토시 바이크 핸들덮개 방한커버 손토시,http://www.11st.co.kr/product/SellerProductDetail.tmall?method=getSellerProductDetail&prdNo=1164858474
D***8,201906**,M,3,"사무직 (일반사무직, 공무원, 직업군인)",200~299만원,      ,          ,아파트/ 주상복합,서울,강남구,논현동,삼성,SKT,자전거,튜닝용품,전시스탠드,포인트배너실외용거치대 양면겸용 홍보 이벤트,http://www.11st.co.kr/product/SellerProductDetail.tmall?method=getSellerProductDetail&prdNo=1236804619
D***2,201906**,M,3,"전문직 (의사, 판검사, 예술가, 종교인)",300~399만원,아니오,          ,아파트/ 주상복합,경기,김포시,북변동,애플,알뜰폰(MVNO),레저/자동차,자전거/용품,자전거액세서리,자전거휠 라이트 안전등  LED라이트 후미등,http://www.11st.co.kr/product/SellerProductDetail.tmall?method=getSellerProductDetail&prdNo=1076764951
D***8,201906**,M,3,"사무직 (일반사무직, 공무원, 직업군인)",200~299만원,아니오,          ,아파트/ 주상복합,대구,달성군,다사읍,삼성,SKT,레저/자동차,자전거/용품,자전거액세서리,[엑스피크]엑스피크 자전거힙색 트윈포켓파우치 자전거파우치,http://item.gmarket.co.kr/Item?goodscode=1124173801
D***,201906**,M,4,"사무직 (일반사무직, 공무원, 직업군인)",200~299만원,      ,          ,아파트/ 주상복합,서울,강동구,성내동,삼성,SKT,자전거,자전거신발/고글/헬멧,헬멧,자전거커버방수 덮개 오토바이,http://www.11st.co.kr/product/SellerProductDetail.tmall?method=getSellerProductDetail&prdNo=1269616509
D***,201906**,M,2,"사무직 (일반사무직, 공무원, 직업군인)",200~299만원,      ,          ,아파트/ 주상복합,경기,부천시 오정구,여월동,삼성,SKT,자전거/보드,일반자전거,외발/삼륜/2인용,절대터지지않는알로이 컨츄리 성인 세발자전거 삼륜,http://item.gmarket.co.kr/Item?goodscode=1201833484
D***,201906**,F,2,무직,100만원 미만,아니오,          ,연립주택/ 다세대/ 빌라,서울,서대문구,남가좌동,애플,알뜰폰(MVNO),레저/자동차,자전거/용품,자전거의류/잡화,[엠씨엔]MCN 통기성좋고 시원한 매쉬마스크/UV자외선 벌레차단,http://item.gmarket.co.kr/Item?goodscode=1104924744
D***,201906**,M,4,"사무직 (일반사무직, 공무원, 직업군인)",200~299만원,      ,          ,아파트/ 주상복합,부산,부산진구,전포2동,삼성,SKT,유아동,유아동완구/교구,승용완구,[삼천리자전거]GIFT 2018 삼천리 샘트라이크 800+ 유모차 세발자전거,http://item.gmarket.co.kr/Item?goodscode=1266671892
D***,201906**,M,2,"사무직 (일반사무직, 공무원, 직업군인)",200~299만원,      ,          ,아파트/ 주상복합,경남,양산시,중부동,삼성,SKT,자전거/보드,로드자전거,알루미늄자전거,2017알톤 벨록스 CC 로드 사이클로크로스 자전거,http://item.gmarket.co.kr/Item?goodscode=1112776902
D***5,201906**,F,2,"교직 (교사, 유치원교사, 학원강사)",500~599만원,아니오,          ,아파트/ 주상복합,서울,동작구,노량진동,삼성,KT,레저/자동차,자전거/용품,자전거액세서리,완전사2017년 신형 KSM400-3 SE 연납축전지 12V/,http://www.11st.co.kr/product/SellerProductDetail.tmall?method=getSellerProductDetail&prdNo=1150653630
D***7,201906**,F,2,무직,100만원 미만,아니오,          ,단독주택,서울,용산구,후암동,삼성,알뜰폰(MVNO),자전거,자전거신발/고글/헬멧,보호대,킹카301 성인 보호대 팔꿈치 손목 무릎 남여공용,http://www.11st.co.kr/product/SellerProductDetail.tmall?method=getSellerProductDetail&prdNo=1083507717
D***2,201906**,M,2,"사무직 (일반사무직, 공무원, 직업군인)",200~299만원,      ,          ,아파트/ 주상복합,전북,전주시 덕진구,인후동1가,삼성,SKT,자전거/보드,자전거라이트,자전거라이트/전조등,몬스터라이트LG화학 18650 배터리 3050mAh,http://item.gmarket.co.kr/Item?goodscode=1280497915
D***0,201906**,F,4,"사무직 (일반사무직, 공무원, 직업군인)",200~299만원,      ,          ,아파트/ 주상복합,광주,동구,광산동,삼성,SKT,자전거,튜닝용품,전시스탠드,토픽스텐드 DUAL TOUCH BIKE STAND 자전거거치대,http://www.11st.co.kr/product/SellerProductDetail.tmall?method=getSellerProductDetail&prdNo=1154312380
D***9,201906**,M,3,"사무직 (일반사무직, 공무원, 직업군인)",300~399만원,예    ,자녀 있음 ,아파트/ 주상복합,경기,김포시,북변동,삼성,KT,자전거/보드,자전거헬멧,기타브랜드 헬멧,EVSSX02 Knee Brace 오토바이무릎인대파열방지보호대/,http://item.gmarket.co.kr/Item?goodscode=1117646191
D***7,201906**,M,2,"생산/노무직 (생산감독, 경비원, 공장근로자)",200~299만원,아니오,          ,아파트/ 주상복합,경기,의왕시,삼동,LG,KT,자전거/보드,자전거장갑/잡화,자전거장갑,[킹썰]스포츠/등산/자전거장갑/여름장갑/반장갑/선택0여름용,http://item.gmarket.co.kr/Item?goodscode=1284293661
D***1,201906**,F,3,"주부 (전업주부, 파트타임 근무 주부)",200~299만원,예    ,자녀 있음 ,아파트/ 주상복합,대구,달성군,유가면,삼성,SKT,레저/자동차,자전거/용품,자전거액세서리,▶빔라이트충전식 자전거 후미등┃자전거용품┃레저용품┃자전거악세사리┃자전거라이트┃후미등┃,http://www.11st.co.kr/product/SellerProductDetail.tmall?method=getSellerProductDetail&prdNo=1246317584
D***1,201906**,M,2,"전문직 (의사, 판검사, 예술가, 종교인)",300~399만원,예    ,자녀 없음 ,아파트/ 주상복합,충남,논산시,내동,LG,LG U+,레저/자동차,자전거/용품,자전거,베리벨로보스톤GS 22 18년형 22인치 MTB자전거,http://www.11st.co.kr/product/SellerProductDetail.tmall?method=getSellerProductDetail&prdNo=1264898395
D***9,201906**,F,3,"사무직 (일반사무직, 공무원, 직업군인)",400~499만원,예    ,자녀 있음 ,아파트/ 주상복합,부산,부산진구,개금3동,삼성,KT,캠핑/골프/헬스/자전거,자전거의류/용품,신발,뉴발란스CRT300 스니커즈 운동화 (CRT300CA),http://www.hnsmall.com/display/goods.do?goods_code=12922166
D***9,201906**,M,2,"전문직 (의사, 판검사, 예술가, 종교인)",700~799만원,아니오,          ,기타 ,강원,인제군,기린면,LG,LG U+,레저/자동차,자전거/용품,자전거,알톤베네통BKS18/16 어린이자전거 삼천리 아동자전거,http://www.11st.co.kr/product/SellerProductDetail.tmall?method=getSellerProductDetail&prdNo=1215156477
D***1,201906**,M,3,기타 ,300~399만원,예    ,자녀 있음 ,연립주택/ 다세대/ 빌라,경기,오산시,원동,삼성,LG U+,자전거,튜닝용품,후미등,문라이트크레센트/코멧/쉴드/디펜더/메테오/ 자전거라이트 자전거후미등,http://www.11st.co.kr/product/SellerProductDetail.tmall?method=getSellerProductDetail&prdNo=1086040122
D***,201906**,F,3,"사무직 (일반사무직, 공무원, 직업군인)",200~299만원,      ,          ,아파트/ 주상복합,경기,부천시 원미구,소사동,삼성,SKT,자전거,자전거부품,브레이크패드,[FNS]크락스오가닉 디스크브레이크 패드(벌크제품),http://www.11st.co.kr/product/SellerProductDetail.tmall?method=getSellerProductDetail&prdNo=1097542995
D***,201906**,F,2,"사무직 (일반사무직, 공무원, 직업군인)",200~299만원,      ,          ,아파트/ 주상복합,경기,안산시 상록구,성포동,삼성,SKT,자전거,자전거부품,브레이크패드,시마노디스크 브레이크 Resin 패드 B01S/BR-T615/C501/M575/M525/M486/M485/M475/M465 레진패드/래진패드,http://www.11st.co.kr/product/SellerProductDetail.tmall?method=getSellerProductDetail&prdNo=1060069949
D***,201906**,M,2,"사무직 (일반사무직, 공무원, 직업군인)",200~299만원,      ,          ,아파트/ 주상복합,대전,서구,갈마동,삼성,SKT,유아동,유아동완구/교구,승용완구,ZOKO조코유아동 체인자전거9종(3세~7세사용)+컵홀더,http://item.gmarket.co.kr/Item?goodscode=1109676457
D***,201906**,F,4,"사무직 (일반사무직, 공무원, 직업군인)",200~299만원,      ,          ,아파트/ 주상복합,서울,구로구,구로3동,삼성,SKT,자전거,자전거부품,튜브,[FNS]즈와유무시고무 없는 던롭밸브 세트/던롭튜브,http://www.11st.co.kr/product/SellerProductDetail.tmall?method=getSellerProductDetail&prdNo=1217450472
D***,201906**,M,4,"사무직 (일반사무직, 공무원, 직업군인)",200~299만원,      ,          ,아파트/ 주상복합,경기,화성시,반송동,삼성,SKT,레저/자동차,자전거/용품,자전거,[삼천리자전거]하로GS20 7단 접이식자전거  어린이/여성 폴딩자전거,http://item.gmarket.co.kr/Item?goodscode=1201466217
D***8,201906**,F,4,"학생 (초중고학생, 대학생, 대학원생)",500~599만원,아니오,          ,아파트/ 주상복합,광주,남구,진월동,기타,SKT,레저/자동차,자전거/용품,자전거액세서리,자전거유아안장전방유아안장 아동보조안장,http://www.11st.co.kr/product/SellerProductDetail.tmall?method=getSellerProductDetail&prdNo=124145685
D***6,201906**,M,3,무직,100만원 미만,아니오,          ,아파트/ 주상복합,서울,중구,신당동,삼성,KT,레저/자동차,자전거/용품,자전거의류/잡화,[8601416-SJ]예식장갑/민자/백색/(100EA)/코팅장갑/장갑/안전장갑,http://www.11st.co.kr/product/SellerProductDetail.tmall?method=getSellerProductDetail&prdNo=1063242610
D***1,201906**,M,4,"전문직 (의사, 판검사, 예술가, 종교인)",500~599만원,예    ,자녀 있음 ,아파트/ 주상복합,경기,하남시,덕풍3동,삼성,SKT,자전거,자전거신발/고글/헬멧,헬멧,자전거커버방수 덮개 오토바이,http://www.11st.co.kr/product/SellerProductDetail.tmall?method=getSellerProductDetail&prdNo=1269616509
D***3,201906**,M,4,"전문직 (의사, 판검사, 예술가, 종교인)",800~899만원,예    ,자녀 없음 ,아파트/ 주상복합,서울,동작구,동작동,삼성,SKT,자전거,자전거신발/고글/헬멧,보호대,무료배송.국산쿨토시.팔토시.냉감토시.쿨마스크.아동,http://www.11st.co.kr/product/SellerProductDetail.tmall?method=getSellerProductDetail&prdNo=1249823887
D***7,201906**,M,4,"농/축/광/수산업 (축산, 낙농업, 수산, 임업, 광업)",300~399만원,아니오,          ,오피스텔,경기,안양시 만안구,안양6동,LG,LG U+,자전거,자전거부품,체인,"SramX1 체인, PC-X1, 11단/11단용 자전거 체인",http://www.11st.co.kr/product/SellerProductDetail.tmall?method=getSellerProductDetail&prdNo=1261677729
D***3,201906**,F,5,"사무직 (일반사무직, 공무원, 직업군인)",100~199만원,예    ,자녀 있음 ,아파트/ 주상복합,대전,유성구,원신흥동,삼성,SKT,자전거,자전거부품,브레이크레버,브레이크레버/아동용/성인용/알로이브레이크레버/자전거부품/자전거브레이크레버,http://www.11st.co.kr/product/SellerProductDetail.tmall?method=getSellerProductDetail&prdNo=1280791866
D***0,201906**,M,2,"사무직 (일반사무직, 공무원, 직업군인)",200~299만원,      ,          ,아파트/ 주상복합,서울,강남구,일원1동,삼성,SKT,레저/자동차,자전거/용품,자전거,[에어휠]BEST전동킥보드/스쿠터 인기브랜드 에어휠/스티고/이지휠 택1,http://www.lotteimall.com/goods/viewGoodsDetail.lotte?goods_no=1263374352
D***2,201906**,M,3,"학생 (초중고학생, 대학생, 대학원생)",400~499만원,아니오,          ,아파트/ 주상복합,인천,남동구,논현동,LG,알뜰폰(MVNO),자전거,자전거,MTB,삼천리자전거팀60D MTB자전거 24단 알루미늄자전거,http://www.11st.co.kr/product/SellerProductDetail.tmall?method=getSellerProductDetail&prdNo=1230896068
D***8,201906**,M,5,"생산/노무직 (생산감독, 경비원, 공장근로자)",300~399만원,예    ,자녀 없음 ,아파트/ 주상복합,경북,포항시 남구,대도동,삼성,KT,자전거/보드,자전거타이어/부품,자전거튜브,[흥아]흥아 700C x 23/25C 프레스타 60mm 자전거튜브 로드,http://item.gmarket.co.kr/Item?goodscode=1287260612
D***,201906**,M,3,"사무직 (일반사무직, 공무원, 직업군인)",200~299만원,      ,          ,아파트/ 주상복합,광주,남구,노대동,삼성,SKT,자전거,자전거,로드자전거,2019첼로 테라 신형105 카본포크 로드자전거,http://www.11st.co.kr/product/SellerProductDetail.tmall?method=getSellerProductDetail&prdNo=1074638903
D***0,201906**,M,3,"사무직 (일반사무직, 공무원, 직업군인)",200~299만원,      ,          ,아파트/ 주상복합,경북,영천시,봉동,삼성,SKT,자전거/보드,자전거타이어/부품,자전거타이어,자전거휠라이트 반사 스트로우 바퀴 야간 안전 야광,http://item.gmarket.co.kr/Item?goodscode=1184423428
D***3,201906**,M,4,"생산/노무직 (생산감독, 경비원, 공장근로자)",400~499만원,예    ,자녀 있음 ,아파트/ 주상복합,서울,서대문구,남가좌2동,삼성,KT,자전거,튜닝용품,전시스탠드,포인트배너실외용거치대 양면겸용 홍보 이벤트,http://www.11st.co.kr/product/SellerProductDetail.tmall?method=getSellerProductDetail&prdNo=1236804619
D***5,201906**,M,2,"사무직 (일반사무직, 공무원, 직업군인)",200~299만원,      ,          ,아파트/ 주상복합,경기,부천시 오정구,오정동,삼성,SKT,레저/자동차,자전거/용품,헬멧/보호장비,GIFT삼천리 헬멧 SH330S 선바이저 자전거용품 인라인,http://www.11st.co.kr/product/SellerProductDetail.tmall?method=getSellerProductDetail&prdNo=115415058
D***9,201906**,M,2,"사무직 (일반사무직, 공무원, 직업군인)",200~299만원,      ,          ,아파트/ 주상복합,경남,진주시,가좌동,기타,SKT,레저/자동차,자전거/용품,자전거,미키키즈로드스터 미니 18유니키즈FA 어린이자전거,http://www.11st.co.kr/product/SellerProductDetail.tmall?method=getSellerProductDetail&prdNo=1067685984
D***2,201906**,F,2,"사무직 (일반사무직, 공무원, 직업군인)",200~299만원,      ,          ,아파트/ 주상복합,부산,부산진구,가야1동,삼성,SKT,자전거,자전거부품,페달,"토클립세트 (1쌍. 가죽밴드, 볼트 포함) Toe Clip Set 대만생산품. 픽시 클래식 로드 등 자전거 부품 용품",http://www.11st.co.kr/product/SellerProductDetail.tmall?method=getSellerProductDetail&prdNo=1114857336
D***0,201906**,M,3,"사무직 (일반사무직, 공무원, 직업군인)",600~699만원,아니오,          ,아파트/ 주상복합,서울,구로구,구로2동,삼성,LG U+,레저/자동차,자전거/용품,자전거,[스마트]삼천리/스마트/바이맥스 접이식자전거 미니벨로 4종,http://item.gmarket.co.kr/Item?goodscode=1278067146
D***6,201906**,F,2,"학생 (초중고학생, 대학생, 대학원생)",200~299만원,아니오,          ,아파트/ 주상복합,경남,창원시 성산구,남양동,삼성,SKT,레저/자동차,자전거/용품,자전거액세서리,[엑스피크]엑스피크 자전거힙색 트윈포켓파우치 자전거파우치,http://item.gmarket.co.kr/Item?goodscode=1124173801
D***2,201906**,M,4,"사무직 (일반사무직, 공무원, 직업군인)",500~599만원,예    ,자녀 있음 ,아파트/ 주상복합,경기,고양시 덕양구,고양동,애플,SKT,자전거,자전거신발/고글/헬멧,헬멧,자전거커버방수 덮개 오토바이,http://www.11st.co.kr/product/SellerProductDetail.tmall?method=getSellerProductDetail&prdNo=1269616509
D***7,201906**,M,2,"학생 (초중고학생, 대학생, 대학원생)",200~299만원,아니오,          ,아파트/ 주상복합,경기,부천시 원미구,상2동,LG,SKT,자전거,자전거,MTB,알톤쉐보레 CMJR 초등학생 MTB 자전거/24인치/22인치/샌드스톤24,http://www.11st.co.kr/product/SellerProductDetail.tmall?method=getSellerProductDetail&prdNo=1288847294
D***1,201906**,M,3,기타 ,800~899만원,아니오,          ,아파트/ 주상복합,전북,전주시 덕진구,송천동1가,LG,KT,자전거,자전거신발/고글/헬멧,헬멧,아동용자전거헬멧아동보호대 킥보드 인라인헬멧,http://www.11st.co.kr/product/SellerProductDetail.tmall?method=getSellerProductDetail&prdNo=1051520039
D***6,201906**,M,3,"사무직 (일반사무직, 공무원, 직업군인)",400~499만원,예    ,자녀 있음 ,아파트/ 주상복합,서울,영등포구,양평동3가,애플,SKT,자전거/보드,자전거타이어/부품,자전거튜브,[CST]700x25/32C fv48mm 자전거튜브 프레스타 흥아 켄다,http://item.gmarket.co.kr/Item?goodscode=1283527298
D***,201906**,F,5,"사무직 (일반사무직, 공무원, 직업군인)",700~799만원,예    ,자녀 있음 ,아파트/ 주상복합,부산,북구,만덕2동,삼성,SKT,자전거,튜닝용품,후미등,자전거후미등/후미등/실리콘/LED후미등/안전등,http://www.11st.co.kr/product/SellerProductDetail.tmall?method=getSellerProductDetail&prdNo=1067038322
D***,201906**,M,4,"사무직 (일반사무직, 공무원, 직업군인)",200~299만원,      ,          ,아파트/ 주상복합,서울,강동구,둔촌2동,삼성,SKT,레저/자동차,자전거/용품,자전거의류/잡화,"하이맥스매쉬 긴장갑 -  봄,여름,가을 장갑",http://www.11st.co.kr/product/SellerProductDetail.tmall?method=getSellerProductDetail&prdNo=1210492663
D***,201906**,F,2,"사무직 (일반사무직, 공무원, 직업군인)",200~299만원,      ,          ,아파트/ 주상복합,충남,홍성군,홍성읍,삼성,SKT,레저/자동차,자전거/용품,자전거액세서리,블랙울프KR-C8 L2 밝은 자전거라이트 전조등 손전등,http://www.11st.co.kr/product/SellerProductDetail.tmall?method=getSellerProductDetail&prdNo=1091472722
D***,201906**,F,3,"사무직 (일반사무직, 공무원, 직업군인)",200~299만원,      ,          ,아파트/ 주상복합,부산,기장군,정관면,삼성,SKT,자전거,자전거신발/고글/헬멧,헬멧,코아브어반st 자전거 헬멧 성인용 용품 보드 인라인,http://www.11st.co.kr/product/SellerProductDetail.tmall?method=getSellerProductDetail&prdNo=1219634494
D***,201906**,F,3,"사무직 (일반사무직, 공무원, 직업군인)",200~299만원,      ,          ,아파트/ 주상복합,서울,서초구,방배4동,삼성,SKT,자전거/보드,자전거타이어/부품,자전거튜브,[흥아]흥아 700C x 23/25C 프레스타 60mm 자전거튜브 로드,http://item.gmarket.co.kr/Item?goodscode=1287260612
D***,201906**,M,5,"관리직 (사장, 간부, 고위공무원)",400~499만원,예    ,자녀 있음 ,연립주택/ 다세대/ 빌라,경기,화성시,반송동,삼성,LG U+,레저/자동차,자전거/용품,자전거,삼천리가족형 HF200 7단 미니벨로 20형 접이식자전거,http://www.11st.co.kr/product/SellerProductDetail.tmall?method=getSellerProductDetail&prdNo=1096162616
D***,201906**,M,5,"사무직 (일반사무직, 공무원, 직업군인)",800~899만원,예    ,자녀 있음 ,연립주택/ 다세대/ 빌라,경기,수원시 팔달구,우만1동,삼성,LG U+,자전거,자전거,사이클,[쿠베로]에어리아2.0신형소라18 무료조립+최강사은품 NEW SORA 18,http://www.11st.co.kr/product/SellerProductDetail.tmall?method=getSellerProductDetail&prdNo=1224036819
D***,201906**,F,5,"사무직 (일반사무직, 공무원, 직업군인)",200~299만원,      ,          ,아파트/ 주상복합,강원,양구군,남면,삼성,SKT,자전거,자전거,MTB,베리벨로보스톤GS 18년형 22인치 초등학생 MTB자전거,http://www.11st.co.kr/product/SellerProductDetail.tmall?method=getSellerProductDetail&prdNo=1240605806
D***,201906**,F,3,"사무직 (일반사무직, 공무원, 직업군인)","1,000만원 이상",아니오,          ,아파트/ 주상복합,서울,용산구,이촌동,삼성,SKT,자전거/보드,자전거타이어/부품,자전거튜브,[흥아]흥아 26인치x1.75/2.125 프레스타 60mm 자전거튜브,http://item.gmarket.co.kr/Item?goodscode=1284816502
D***3,201906**,M,2,"사무직 (일반사무직, 공무원, 직업군인)",200~299만원,      ,          ,아파트/ 주상복합,서울,영등포구,신길5동,삼성,SKT,유아동,유아동완구/교구,승용완구,STONETREE스톤트리 트라이크 - 유모차 세발 자전거,http://item.gmarket.co.kr/Item?goodscode=1129986013
D***6,201906**,F,3,"사무직 (일반사무직, 공무원, 직업군인)",200~299만원,      ,          ,아파트/ 주상복합,광주,동구,궁동,삼성,SKT,레저/자동차,자전거/용품,자전거,자전거공구셋트/5가지기능 스페너13mm 15mm 육각렌지4mm5mm6mm 부품 용품,http://www.11st.co.kr/product/SellerProductDetail.tmall?method=getSellerProductDetail&prdNo=1268973574
D***2,201906**,M,2,"판매직 (상점점원, 보험설계사, 노점상)",300~399만원,아니오,          ,오피스텔,서울,영등포구,당산동4가,애플,KT,레저/자동차,자전거/용품,자전거의류/잡화,{지오무역}[쿨멀티스카프모음]쿨마스크/냉동스카프/,http://www.11st.co.kr/product/SellerProductDetail.tmall?method=getSellerProductDetail&prdNo=1280486843
D***3,201906**,M,2,무직,100~199만원,아니오,          ,연립주택/ 다세대/ 빌라,충남,금산군,금산읍,삼성,KT,자전거,자전거관리용품,펑크패치,호비번개표 펑크패치 타이어수리 타이어레버 빵구,http://www.11st.co.kr/product/SellerProductDetail.tmall?method=getSellerProductDetail&prdNo=12271947
D***,201906**,M,5,"사무직 (일반사무직, 공무원, 직업군인)",200~299만원,      ,          ,아파트/ 주상복합,경기,수원시 팔달구,인계동,삼성,SKT,레저/자동차,자전거/용품,자전거타이어/부품,삼천리알루미늄 핸드펌프  - 자전거 다용도 튜브 펌프 공기주입기,http://www.11st.co.kr/product/SellerProductDetail.tmall?method=getSellerProductDetail&prdNo=1218187968
D***,201906**,M,4,"사무직 (일반사무직, 공무원, 직업군인)",200~299만원,      ,          ,아파트/ 주상복합,경기,의왕시,오전동,삼성,SKT,자전거/보드,자전거타이어/부품,자전거타이어,자전거휠라이트 반사 스트로우 바퀴 야간 안전 야광,http://item.gmarket.co.kr/Item?goodscode=1184423428
D***,201906**,F,3,"사무직 (일반사무직, 공무원, 직업군인)",200~299만원,      ,          ,아파트/ 주상복합,서울,도봉구,창동,삼성,SKT,레저/자동차,자전거/용품,자전거의류/잡화,"하이맥스매쉬 긴장갑 -  봄,여름,가을 장갑",http://www.11st.co.kr/product/SellerProductDetail.tmall?method=getSellerProductDetail&prdNo=1210492663
D***,201906**,F,3,"사무직 (일반사무직, 공무원, 직업군인)",200~299만원,      ,          ,아파트/ 주상복합,서울,영등포구,도림동,삼성,SKT,레저/자동차,자전거/용품,헬멧/보호장비,에어워크보호대 성인용/아동용 헬멧/가방 용품 S16,http://www.11st.co.kr/product/SellerProductDetail.tmall?method=getSellerProductDetail&prdNo=12617089
D***,201906**,M,2,"사무직 (일반사무직, 공무원, 직업군인)",200~299만원,      ,          ,아파트/ 주상복합,부산,금정구,구서2동,삼성,SKT,자전거,자전거부품,튜브,[FNS]즈와유무시고무 없는 던롭밸브 세트/던롭튜브,http://www.11st.co.kr/product/SellerProductDetail.tmall?method=getSellerProductDetail&prdNo=1217450472
D***,201906**,M,2,"사무직 (일반사무직, 공무원, 직업군인)",200~299만원,      ,          ,아파트/ 주상복합,경기,수원시 팔달구,인계동,삼성,SKT,자전거/보드,자전거액세서리,자전거커버,스타시빅C-01 옥스포드 210D 자전거 커버,http://item.gmarket.co.kr/Item?goodscode=1266415303
D***0,201906**,F,3,"사무직 (일반사무직, 공무원, 직업군인)",600~699만원,아니오,          ,아파트/ 주상복합,경기,고양시 덕양구,성사2동,애플,SKT,자전거,튜닝용품,전시스탠드,"자전거스텐드거치대/16,18,20,22,24,26스탠드 받침대 보관대 접이식 자전거용품",http://www.11st.co.kr/product/SellerProductDetail.tmall?method=getSellerProductDetail&prdNo=12932139
D***3,201906**,M,2,"학생 (초중고학생, 대학생, 대학원생)",200~299만원,아니오,          ,아파트/ 주상복합,서울,성동구,하왕십리동,삼성,KT,자전거,자전거관리용품,에어펌프(발펌프),자전거펌프/미니펌프/공기주입기/자전거용품,http://www.11st.co.kr/product/SellerProductDetail.tmall?method=getSellerProductDetail&prdNo=12932277
D***2,201906**,M,3,"전문직 (의사, 판검사, 예술가, 종교인)",300~399만원,예    ,자녀 있음 ,아파트/ 주상복합,부산,사하구,다대동,삼성,LG U+,자전거,자전거부품,안장,대만New 카본 시트포스트 (27.2/31.6mm) 풀카본 자전거 안장봉/초경량 싯포스트 (세미카),http://www.11st.co.kr/product/SellerProductDetail.tmall?method=getSellerProductDetail&prdNo=1015126992
D***4,201906**,M,2,"학생 (초중고학생, 대학생, 대학원생)",100만원 미만,아니오,          ,아파트/ 주상복합,서울,중구,필동1가,LG,SKT,자전거,자전거관리용품,에어펌프(발펌프),발펌프/튜브/휴대용/쌍발/자전거/공기주입기/에어펌프/타이어공기/축구공/농구공/바람넣기/외발/강력발펌프,http://www.11st.co.kr/product/SellerProductDetail.tmall?method=getSellerProductDetail&prdNo=1091662162
D***4,201906**,M,3,기타 ,200~299만원,아니오,          ,연립주택/ 다세대/ 빌라,전북,전주시 덕진구,진북동,삼성,LG U+,레저/자동차,자전거/용품,자전거액세서리,자전거유아안장전방유아안장 아동보조안장,http://www.11st.co.kr/product/SellerProductDetail.tmall?method=getSellerProductDetail&prdNo=124145685
D***8,201906**,F,4,"주부 (전업주부, 파트타임 근무 주부)",600~699만원,예    ,자녀 있음 ,아파트/ 주상복합,서울,성북구,돈암1동,삼성,KT,자전거,자전거신발/고글/헬멧,헬멧,어반헬멧/GIRO 쿼터 다임 딤/BELL 세그먼트/자전거,http://www.11st.co.kr/product/SellerProductDetail.tmall?method=getSellerProductDetail&prdNo=1244123994
D***6,201906**,F,2,무직,400~499만원,아니오,          ,단독주택,대구,서구,평리3동,삼성,SKT,자전거,자전거신발/고글/헬멧,보호대,일본코미네09-021 오토바이 핸들워머 빅스쿠터 전동 킥보드 토시 퀵보드 토시 장갑 겨울 방한용품,http://www.11st.co.kr/product/SellerProductDetail.tmall?method=getSellerProductDetail&prdNo=107138111
D***5,201906**,M,2,무직,300~399만원,아니오,          ,아파트/ 주상복합,경기,의정부시,호원2동,애플,SKT,자전거,자전거부품,체인,"SramX1 체인, PC-X1, 11단/11단용 자전거 체인",http://www.11st.co.kr/product/SellerProductDetail.tmall?method=getSellerProductDetail&prdNo=1261677729
D***6,201906**,M,4,기타 ,500~599만원,예    ,자녀 있음 ,아파트/ 주상복합,전남,목포시,산정동,삼성,SKT,자전거,튜닝용품,속도계,자전거무선속도계 엑스헌터 자전거속도계 자전거용품,http://www.11st.co.kr/product/SellerProductDetail.tmall?method=getSellerProductDetail&prdNo=1249839989
D***4,201906**,F,3,기타 ,600~699만원,예    ,자녀 없음 ,아파트/ 주상복합,대구,수성구,파동,애플,KT,레저/자동차,자전거/용품,헬멧/보호장비,심플한도시형헬멧/빅이글 어반헬멧/자전거용품/인라인,http://www.11st.co.kr/product/SellerProductDetail.tmall?method=getSellerProductDetail&prdNo=1187901648
D***9,201906**,F,5,"전문직 (의사, 판검사, 예술가, 종교인)",900~999만원,예    ,자녀 있음 ,연립주택/ 다세대/ 빌라,경기,수원시 팔달구,우만1동,삼성,KT,레저/자동차,자전거/용품,자전거타이어/부품,자전거수리키트+펌프 자전거공구세트 펑크패치,http://www.11st.co.kr/product/SellerProductDetail.tmall?method=getSellerProductDetail&prdNo=1103998698
D***,201906**,F,4,"사무직 (일반사무직, 공무원, 직업군인)",200~299만원,      ,          ,아파트/ 주상복합,경기,광명시,하안동,삼성,SKT,자전거,자전거부품,안장,대만New 카본 시트포스트 (27.2/31.6mm) 풀카본 자전거 안장봉/초경량 싯포스트 (세미카),http://www.11st.co.kr/product/SellerProductDetail.tmall?method=getSellerProductDetail&prdNo=1015126992
D***,201906**,F,4,"주부 (전업주부, 파트타임 근무 주부)",400~499만원,예    ,자녀 있음 ,아파트/ 주상복합,서울,노원구,상계5동,애플,SKT,레저/자동차,자전거/용품,자전거액세서리,자전거라이트LED 전조등 후미등 후레쉬 [거치대증정],http://www.11st.co.kr/product/SellerProductDetail.tmall?method=getSellerProductDetail&prdNo=1080334719
D***,201906**,M,2,"사무직 (일반사무직, 공무원, 직업군인)",200~299만원,      ,          ,아파트/ 주상복합,부산,영도구,남항동2가,삼성,SKT,자전거,자전거부품,브레이크패드,BARADINE바라딘 450 로드용 브레이크슈 브레이크 슈패드 고무패드 자전거용품 부품,http://www.11st.co.kr/product/SellerProductDetail.tmall?method=getSellerProductDetail&prdNo=1073663674
D***0,201906**,F,3,"사무직 (일반사무직, 공무원, 직업군인)",200~299만원,      ,          ,아파트/ 주상복합,대구,달성군,화원읍,삼성,SKT,자전거,자전거신발/고글/헬멧,헬멧,자전거커버방수 덮개 오토바이,http://www.11st.co.kr/product/SellerProductDetail.tmall?method=getSellerProductDetail&prdNo=1269616509
D***4,201906**,F,2,"사무직 (일반사무직, 공무원, 직업군인)",200~299만원,      ,          ,아파트/ 주상복합,충북,청원군,남일면,삼성,SKT,레저/자동차,자전거/용품,자전거,자전거공구셋트/5가지기능 스페너13mm 15mm 육각렌지4mm5mm6mm 부품 용품,http://www.11st.co.kr/product/SellerProductDetail.tmall?method=getSellerProductDetail&prdNo=1268973574
D***2,201906**,F,2,"전문직 (의사, 판검사, 예술가, 종교인)",800~899만원,아니오,          ,아파트/ 주상복합,인천,부평구,부평1동,삼성,SKT,레저/자동차,자전거/용품,자전거액세서리,18650AA AAA 충전지 배터리 충전기 i4 D2 i2 UM20,http://www.11st.co.kr/product/SellerProductDetail.tmall?method=getSellerProductDetail&prdNo=1181473940
D***0,201906**,M,5,"관리직 (사장, 간부, 고위공무원)",700~799만원,예    ,자녀 없음 ,아파트/ 주상복합,서울,강서구,가양동,삼성,SKT,레저/자동차,자전거/용품,자전거,알톤베네통BKS18/16 어린이자전거 삼천리 아동자전거,http://www.11st.co.kr/product/SellerProductDetail.tmall?method=getSellerProductDetail&prdNo=1215156477
D***8,201906**,F,4,"사무직 (일반사무직, 공무원, 직업군인)",200~299만원,아니오,          ,연립주택/ 다세대/ 빌라,충북,충주시,연수동,기타,알뜰폰(MVNO),자전거,자전거신발/고글/헬멧,헬멧,어반헬멧/GIRO 쿼터 다임 딤/BELL 세그먼트/자전거,http://www.11st.co.kr/product/SellerProductDetail.tmall?method=getSellerProductDetail&prdNo=1244123994
D***4,201906**,M,3,"사무직 (일반사무직, 공무원, 직업군인)",400~499만원,예    ,자녀 있음 ,아파트/ 주상복합,서울,강남구,역삼동,애플,KT,자전거,자전거,MTB,삼천리자전거/하운드팀50D/MTB자전거/산악자전거,http://www.11st.co.kr/product/SellerProductDetail.tmall?method=getSellerProductDetail&prdNo=1254184372
D***0,201906**,F,3,"사무직 (일반사무직, 공무원, 직업군인)",200~299만원,      ,          ,아파트/ 주상복합,경기,파주시,광탄면,삼성,SKT,레저/자동차,자전거/용품,자전거액세서리,자전거비밀번호 자물쇠 (소)  No75,http://item.gmarket.co.kr/Item?goodscode=1235749090
D***,201907**,F,3,"서비스직 (요식업, 숙박업, 미용실종업원)",300~399만원,아니오,          ,기타 ,전북,전주시 완산구,중노송동,LG,SKT,자전거,튜닝용품,잠금장치,호비대만정품 LJ9080 4관절락 자전거자물쇠 사관절,http://www.11st.co.kr/product/SellerProductDetail.tmall?method=getSellerProductDetail&prdNo=11383586
D***8,201907**,F,4,"사무직 (일반사무직, 공무원, 직업군인)",400~499만원,아니오,          ,아파트/ 주상복합,서울,중랑구,면목동,LG,LG U+,레저/자동차,자전거/용품,자전거액세서리,[엑스피크]엑스피크 자전거힙색 트윈포켓파우치 자전거파우치,http://item.gmarket.co.kr/Item?goodscode=1124173801
D***1,201907**,M,4,"관리직 (사장, 간부, 고위공무원)",300~399만원,예    ,자녀 있음 ,아파트/ 주상복합,경기,성남시 분당구,백현동,삼성,SKT,자전거,자전거,MTB,앞뒤쇼바접이식 21단 26인치 입문 통학 출퇴근용 MTB,http://www.11st.co.kr/product/SellerProductDetail.tmall?method=getSellerProductDetail&prdNo=1082913347
D***7,201907**,M,2,"농/축/광/수산업 (축산, 낙농업, 수산, 임업, 광업)",400~499만원,예    ,자녀 없음 ,연립주택/ 다세대/ 빌라,서울,관악구,봉천동,애플,LG U+,레저/자동차,자전거/용품,자전거의류/잡화,[8601416-SJ]예식장갑/민자/백색/(100EA)/코팅장갑/장갑/안전장갑,http://www.11st.co.kr/product/SellerProductDetail.tmall?method=getSellerProductDetail&prdNo=1063242610
D***3,201907**,M,5,"자영업 (도소매업, 숙박업, 미용업)",800~899만원,예    ,자녀 있음 ,연립주택/ 다세대/ 빌라,서울,강서구,화곡1동,삼성,SKT,자전거,자전거,MTB,GIFT2016 엘파마 판타시아 S7 S675 카본 MTB 자전거,http://www.11st.co.kr/product/SellerProductDetail.tmall?method=getSellerProductDetail&prdNo=1043875589
D***,201907**,M,5,"사무직 (일반사무직, 공무원, 직업군인)",200~299만원,      ,          ,아파트/ 주상복합,경남,김해시,내동,삼성,SKT,자전거,자전거관리용품,광택,자전거방수보관커버/방수자전거 커버/PEVA원단,http://www.11st.co.kr/product/SellerProductDetail.tmall?method=getSellerProductDetail&prdNo=1255618282
D***,201907**,M,2,"학생 (초중고학생, 대학생, 대학원생)",300~399만원,아니오,          ,연립주택/ 다세대/ 빌라,부산,서구,서대신동3가,애플,SKT,레저/자동차,자전거/용품,자전거액세서리,18650AA AAA 충전지 배터리 충전기 i4 D2 i2 UM20,http://www.11st.co.kr/product/SellerProductDetail.tmall?method=getSellerProductDetail&prdNo=1181473940
D***4,201907**,M,4,"사무직 (일반사무직, 공무원, 직업군인)",200~299만원,      ,          ,아파트/ 주상복합,서울,동대문구,전농동,삼성,SKT,레저/자동차,자전거/용품,자전거의류/잡화,[엠씨엔]MCN 통기성좋고 시원한 매쉬마스크/UV자외선 벌레차단,http://item.gmarket.co.kr/Item?goodscode=1104924744
D***9,201907**,F,4,"자영업 (도소매업, 숙박업, 미용업)",300~399만원,예    ,자녀 있음 ,아파트/ 주상복합,대구,북구,국우동,삼성,LG U+,자전거,튜닝용품,전시스탠드,[내가만든자전거](ICETOOLZ) 아이스툴즈 P633 벽면형 자전거 거치대/벽면고정볼트포함,http://www.11st.co.kr/product/SellerProductDetail.tmall?method=getSellerProductDetail&prdNo=1231501156
D***3,201907**,F,3,"교직 (교사, 유치원교사, 학원강사)",800~899만원,아니오,          ,단독주택,경남,창원시 성산구,반지동,삼성,SKT,레저/자동차,자전거/용품,자전거,[스마트]삼천리/스마트/바이맥스 접이식자전거 미니벨로 4종,http://item.gmarket.co.kr/Item?goodscode=1278067146
D***5,201907**,F,4,"주부 (전업주부, 파트타임 근무 주부)","1,000만원 이상",예    ,자녀 있음 ,아파트/ 주상복합,서울,종로구,숭인1동,삼성,SKT,자전거,자전거,MTB,"[삼천리]미키마우스 미키키즈14,16,18형 아동 자전거",http://www.11st.co.kr/product/SellerProductDetail.tmall?method=getSellerProductDetail&prdNo=1248195280
D***1,201907**,F,3,"교직 (교사, 유치원교사, 학원강사)",300~399만원,예    ,자녀 없음 ,연립주택/ 다세대/ 빌라,서울,송파구,삼전동,삼성,SKT,자전거,자전거신발/고글/헬멧,보호대,무료배송.국산쿨토시.팔토시.냉감토시.쿨마스크.아동,http://www.11st.co.kr/product/SellerProductDetail.tmall?method=getSellerProductDetail&prdNo=1249823887
D***3,201907**,F,4,"주부 (전업주부, 파트타임 근무 주부)",400~499만원,예    ,자녀 있음 ,단독주택,대전,중구,목동,기타,알뜰폰(MVNO),자전거,자전거부품,보조바퀴,SM-901성인용 보조바퀴(20~26인치용),http://www.11st.co.kr/product/SellerProductDetail.tmall?method=getSellerProductDetail&prdNo=1200999290
D***7,201907**,F,2,"학생 (초중고학생, 대학생, 대학원생)",700~799만원,아니오,          ,오피스텔,경기,용인시 수지구,죽전1동,애플,LG U+,레저/자동차,자전거/용품,자전거,알톤베네통BKS18/16 어린이자전거 삼천리 아동자전거,http://www.11st.co.kr/product/SellerProductDetail.tmall?method=getSellerProductDetail&prdNo=1215156477
D***,201907**,F,3,"사무직 (일반사무직, 공무원, 직업군인)",200~299만원,      ,          ,아파트/ 주상복합,경기,성남시 중원구,금광2동,삼성,SKT,레저/자동차,자전거/용품,자전거,지멘스여성용 부인용 자전거 클래식 24 26인치,http://item.gmarket.co.kr/Item?goodscode=1110235162
D***,201907**,M,4,"사무직 (일반사무직, 공무원, 직업군인)",200~299만원,      ,          ,아파트/ 주상복합,경기,하남시,덕풍동,삼성,SKT,레저/자동차,자전거/용품,자전거액세서리,"자전거커버,바이크린,자전거,자전거용품,싸이클",http://www.11st.co.kr/product/SellerProductDetail.tmall?method=getSellerProductDetail&prdNo=1170093481
D***,201907**,F,2,"사무직 (일반사무직, 공무원, 직업군인)",200~299만원,      ,          ,아파트/ 주상복합,부산,부산진구,개금동,삼성,SKT,레저/자동차,자전거/용품,자전거,알톤어린이용 경량 알루미늄 접이식 자전거 라바폴딩18인치,http://www.11st.co.kr/product/SellerProductDetail.tmall?method=getSellerProductDetail&prdNo=1096512754
D***6,201907**,M,4,"사무직 (일반사무직, 공무원, 직업군인)",300~399만원,아니오,          ,아파트/ 주상복합,대구,달서구,본동,삼성,LG U+,캠핑/골프/헬스/자전거,자전거의류/용품,신발,뉴발란스CRT300 스니커즈 운동화 (CRT300CA),http://www.hnsmall.com/display/goods.do?goods_code=12922166
D***5,201907**,F,4,"주부 (전업주부, 파트타임 근무 주부)",500~599만원,예    ,자녀 있음 ,아파트/ 주상복합,경기,수원시 권선구,곡반정동,삼성,KT,자전거,튜닝용품,전시스탠드,KT05 자전거킥스탠드 자전거받침대 자전거용품,http://www.11st.co.kr/product/SellerProductDetail.tmall?method=getSellerProductDetail&prdNo=1058282299
D***3,201907**,M,3,"사무직 (일반사무직, 공무원, 직업군인)",200~299만원,아니오,          ,아파트/ 주상복합,부산,기장군,정관면,삼성,SKT,자전거,튜닝용품,전시스탠드,[내가만든자전거](ICETOOLZ) 아이스툴즈 P633 벽면형 자전거 거치대/벽면고정볼트포함,http://www.11st.co.kr/product/SellerProductDetail.tmall?method=getSellerProductDetail&prdNo=1231501156
D***5,201907**,M,3,"사무직 (일반사무직, 공무원, 직업군인)",200~299만원,      ,          ,아파트/ 주상복합,경기,용인시 수지구,풍덕천동,삼성,SKT,유아동,유아동완구/교구,승용완구,[삼천리자전거]GIFT 2018 삼천리 샘트라이크 800+ 유모차 세발자전거,http://item.gmarket.co.kr/Item?goodscode=1266671892
D***,201907**,F,2,"사무직 (일반사무직, 공무원, 직업군인)",200~299만원,      ,          ,아파트/ 주상복합,서울,강남구,논현2동,삼성,SKT,레저/자동차,자전거/용품,자전거,알톤베네통키드자전거/아동/알루미늄/고급어린이네발,http://www.11st.co.kr/product/SellerProductDetail.tmall?method=getSellerProductDetail&prdNo=1160671411
D***,201907**,F,2,"사무직 (일반사무직, 공무원, 직업군인)",200~299만원,      ,          ,아파트/ 주상복합,경기,부천시 원미구,상1동,삼성,SKT,자전거,튜닝용품,속도계,자전거무선속도계 엑스헌터 자전거속도계 자전거용품,http://www.11st.co.kr/product/SellerProductDetail.tmall?method=getSellerProductDetail&prdNo=1249839989
D***,201907**,F,2,"사무직 (일반사무직, 공무원, 직업군인)",200~299만원,      ,          ,아파트/ 주상복합,경남,창원시 의창구,동정동,삼성,SKT,자전거,자전거관리용품,펑크패치,무료배송휴대용 펑크패치/타이어 튜브 레버 정비 수리 공구세트/자전거용품.부품,http://www.11st.co.kr/product/SellerProductDetail.tmall?method=getSellerProductDetail&prdNo=1028212762
D***,201907**,F,5,"사무직 (일반사무직, 공무원, 직업군인)",200~299만원,      ,          ,아파트/ 주상복합,경기,남양주시,퇴계원면,삼성,SKT,캠핑/골프/헬스/자전거,자전거의류/용품,신발,뉴발란스운동화 574 NEWBALANCE 574 (ML574SS2),http://www.hnsmall.com/display/goods.do?goods_code=11979567
D***,201907**,M,2,"사무직 (일반사무직, 공무원, 직업군인)",200~299만원,      ,          ,아파트/ 주상복합,서울,성동구,행당동,삼성,SKT,자전거,자전거부품,브레이크레버,브레이크레버/아동용/성인용/알로이브레이크레버/자전거부품/자전거브레이크레버,http://www.11st.co.kr/product/SellerProductDetail.tmall?method=getSellerProductDetail&prdNo=1280791866
D***,201907**,F,5,"사무직 (일반사무직, 공무원, 직업군인)",200~299만원,      ,          ,아파트/ 주상복합,서울,도봉구,도봉2동,삼성,SKT,레저/자동차,자전거/용품,자전거,알톤어린이용 경량 알루미늄 접이식 자전거 라바폴딩18인치,http://www.11st.co.kr/product/SellerProductDetail.tmall?method=getSellerProductDetail&prdNo=1096512754
D***,201907**,M,2,"사무직 (일반사무직, 공무원, 직업군인)",200~299만원,      ,          ,아파트/ 주상복합,서울,관악구,낙성대동,삼성,SKT,레저/자동차,자전거/용품,자전거액세서리,SCHWALBE슈발베 타이어레버 3개한세트 타이어교체 / 튜블러 시멘트/리무버/이지핏 악세사리,http://www.11st.co.kr/product/SellerProductDetail.tmall?method=getSellerProductDetail&prdNo=1263501442
D***,201907**,M,2,"사무직 (일반사무직, 공무원, 직업군인)",200~299만원,      ,          ,아파트/ 주상복합,경기,안양시 만안구,안양1동,삼성,SKT,자전거,자전거부품,브레이크패드,[FNS]크락스오가닉 디스크브레이크 패드(벌크제품),http://www.11st.co.kr/product/SellerProductDetail.tmall?method=getSellerProductDetail&prdNo=1097542995
D***,201907**,F,2,"사무직 (일반사무직, 공무원, 직업군인)",200~299만원,      ,          ,아파트/ 주상복합,서울,송파구,가락1동,삼성,SKT,자전거,자전거신발/고글/헬멧,헬멧,자전거커버방수 덮개 오토바이,http://www.11st.co.kr/product/SellerProductDetail.tmall?method=getSellerProductDetail&prdNo=1269616509
D***,201907**,F,4,"사무직 (일반사무직, 공무원, 직업군인)",200~299만원,      ,          ,아파트/ 주상복합,경북,상주시,무양동,삼성,SKT,레저/자동차,자전거/용품,자전거,자이덴라스카FX20 20인치 7단 접이식 자전거,http://www.11st.co.kr/product/SellerProductDetail.tmall?method=getSellerProductDetail&prdNo=1202758720
D***,201907**,M,2,"사무직 (일반사무직, 공무원, 직업군인)",200~299만원,      ,          ,아파트/ 주상복합,경남,밀양시,하남읍,삼성,SKT,자전거,자전거신발/고글/헬멧,헬멧,어반헬멧/GIRO 쿼터 다임 딤/BELL 세그먼트/자전거,http://www.11st.co.kr/product/SellerProductDetail.tmall?method=getSellerProductDetail&prdNo=1244123994
D***,201907**,F,4,"주부 (전업주부, 파트타임 근무 주부)","1,000만원 이상",예    ,자녀 있음 ,아파트/ 주상복합,서울,강남구,수서동,삼성,SKT,자전거/보드,자전거장갑/잡화,자전거장갑,[프로스펙스]스마트 방한장갑 등산장갑 자전거장갑 겨울장갑 축구,http://item.gmarket.co.kr/Item?goodscode=1150372758
D***8,201907**,F,2,"사무직 (일반사무직, 공무원, 직업군인)",200~299만원,      ,          ,아파트/ 주상복합,대구,달성군,화원읍,삼성,SKT,자전거,자전거,MTB,프로메이드풀서스펜션 24인치 MTB자전거 아스톤힐DS,http://www.11st.co.kr/product/SellerProductDetail.tmall?method=getSellerProductDetail&prdNo=1190027550
D***3,201907**,M,5,"사무직 (일반사무직, 공무원, 직업군인)",200~299만원,      ,          ,아파트/ 주상복합,강원,춘천시,후평1동,삼성,SKT,자전거/보드,자전거타이어/부품,자전거튜브,[흥아]흥아 700C x 23/25C 프레스타 80mm 자전거튜브 로드,http://item.gmarket.co.kr/Item?goodscode=1287261891
D***5,201907**,M,3,무직,100~199만원,아니오,          ,오피스텔,충북,청원군,오창읍,삼성,SKT,자전거/보드,로드자전거,알루미늄자전거,2017알톤 벨록스 CC 로드 사이클로크로스 자전거,http://item.gmarket.co.kr/Item?goodscode=1112776902
D***7,201907**,F,4,"주부 (전업주부, 파트타임 근무 주부)",300~399만원,예    ,자녀 없음 ,아파트/ 주상복합,서울,양천구,신월6동,애플,KT,자전거/보드,자전거라이트,자전거라이트/전조등,몬스터라이트LG화학 18650 배터리 3050mAh,http://item.gmarket.co.kr/Item?goodscode=1280497915
D***4,201907**,F,4,"사무직 (일반사무직, 공무원, 직업군인)",400~499만원,아니오,          ,연립주택/ 다세대/ 빌라,서울,은평구,갈현동,삼성,LG U+,자전거/보드,자전거장갑/잡화,자전거장갑,아쿠아메이드자전거 반장갑 바이크 헬스 등산 장갑,http://item.gmarket.co.kr/Item?goodscode=1118054793
D***2,201907**,F,3,"전문직 (의사, 판검사, 예술가, 종교인)",300~399만원,예    ,자녀 없음 ,연립주택/ 다세대/ 빌라,제주,제주시,아라1동,애플,SKT,자전거,자전거신발/고글/헬멧,보호대,[성인보호대 세트] 에어워크 보호대 손목_무릎_팔꿈치,http://www.11st.co.kr/product/SellerProductDetail.tmall?method=getSellerProductDetail&prdNo=1112671449
D***7,201907**,M,2,"사무직 (일반사무직, 공무원, 직업군인)",200~299만원,      ,          ,아파트/ 주상복합,경기,안성시,공도읍,삼성,SKT,레저/자동차,자전거/용품,자전거의류/잡화,{지오무역}[쿨멀티스카프모음]쿨마스크/냉동스카프/,http://www.11st.co.kr/product/SellerProductDetail.tmall?method=getSellerProductDetail&prdNo=1280486843
D***4,201907**,M,2,"사무직 (일반사무직, 공무원, 직업군인)",700~799만원,예    ,자녀 없음 ,아파트/ 주상복합,서울,동작구,사당2동,삼성,SKT,자전거/보드,일반자전거,외발/삼륜/2인용,[자이덴]지오닉스 나누미 에코 성인용 세발 트라이 삼륜자전거,http://item.gmarket.co.kr/Item?goodscode=1292909571
D***2,201907**,F,2,무직,"1,000만원 이상",아니오,          ,연립주택/ 다세대/ 빌라,경남,진주시,수정동,삼성,SKT,자전거,자전거신발/고글/헬멧,보호대,일본코미네09-021 오토바이 핸들워머 빅스쿠터 전동 킥보드 토시 퀵보드 토시 장갑 겨울 방한용품,http://www.11st.co.kr/product/SellerProductDetail.tmall?method=getSellerProductDetail&prdNo=107138111
D***0,201907**,M,2,"사무직 (일반사무직, 공무원, 직업군인)","1,000만원 이상",아니오,          ,아파트/ 주상복합,경기,고양시 덕양구,성사1동,삼성,SKT,자전거,튜닝용품,트레이너(로라),엘리트노보 맥 포스/자전거용품/자전거롤러,http://www.11st.co.kr/product/SellerProductDetail.tmall?method=getSellerProductDetail&prdNo=1271754585
D***,201907**,M,5,"사무직 (일반사무직, 공무원, 직업군인)",200~299만원,예    ,자녀 있음 ,단독주택,경기,용인시 처인구,양지면,삼성,SKT,자전거,자전거관리용품,펑크패치,호비번개표 펑크패치 타이어수리 타이어레버 빵구,http://www.11st.co.kr/product/SellerProductDetail.tmall?method=getSellerProductDetail&prdNo=12271947
D***,201907**,F,2,"학생 (초중고학생, 대학생, 대학원생)",600~699만원,아니오,          ,아파트/ 주상복합,경북,경산시,옥곡동,LG,KT,레저/자동차,자전거/용품,자전거액세서리,유아안장자전거유아안장 후방유아안장 아동보조안장,http://www.11st.co.kr/product/SellerProductDetail.tmall?method=getSellerProductDetail&prdNo=124136733
D***8,201907**,M,5,"사무직 (일반사무직, 공무원, 직업군인)",200~299만원,      ,          ,아파트/ 주상복합,서울,마포구,공덕동,삼성,SKT,자전거,튜닝용품,속도계,자전거무선속도계 엑스헌터 자전거속도계 자전거용품,http://www.11st.co.kr/product/SellerProductDetail.tmall?method=getSellerProductDetail&prdNo=1249839989
D***4,201907**,M,4,기타 ,100만원 미만,아니오,          ,오피스텔,서울,양천구,목4동,삼성,KT,레저/자동차,자전거/용품,자전거액세서리,(자전거용품.부품모음)자물쇠라이트펌프바구니짐받이안장가방헬멧보호대후미등페달보조바퀴벨전조등거치대,http://www.11st.co.kr/product/SellerProductDetail.tmall?method=getSellerProductDetail&prdNo=1258567584
D***6,201907**,M,2,"전문직 (의사, 판검사, 예술가, 종교인)",100만원 미만,예    ,자녀 있음 ,단독주택,충북,청주시 흥덕구,비하동,삼성,SKT,자전거,튜닝용품,후미등,누빔멀티 라이트 NB-600 자전거 후미등 방향지시등,http://www.11st.co.kr/product/SellerProductDetail.tmall?method=getSellerProductDetail&prdNo=115116197
D***8,201907**,M,4,"자영업 (도소매업, 숙박업, 미용업)",200~299만원,예    ,자녀 있음 ,단독주택,경기,부천시 소사구,심곡본1동,삼성,LG U+,레저/자동차,자전거/용품,자전거액세서리,자전거라이트LED 전조등 후미등 후레쉬 [거치대증정],http://www.11st.co.kr/product/SellerProductDetail.tmall?method=getSellerProductDetail&prdNo=1080334719
D***2,201907**,M,4,기타 ,400~499만원,예    ,자녀 있음 ,아파트/ 주상복합,제주,서귀포시,서호동,기타,알뜰폰(MVNO),레저/자동차,자전거/용품,자전거,자전거공구셋트/5가지기능 스페너13mm 15mm 육각렌지4mm5mm6mm 부품 용품,http://www.11st.co.kr/product/SellerProductDetail.tmall?method=getSellerProductDetail&prdNo=1268973574
D***3,201907**,M,3,"사무직 (일반사무직, 공무원, 직업군인)",200~299만원,      ,          ,아파트/ 주상복합,서울,강서구,내발산동,삼성,SKT,자전거/보드,자전거타이어/부품,자전거타이어,자전거휠라이트 반사 스트로우 바퀴 야간 안전 야광,http://item.gmarket.co.kr/Item?goodscode=1184423428
D***4,201907**,F,4,"주부 (전업주부, 파트타임 근무 주부)",300~399만원,예    ,자녀 있음 ,연립주택/ 다세대/ 빌라,서울,서대문구,북가좌2동,삼성,SKT,자전거,튜닝용품,전시스탠드,[내가만든자전거](ICETOOLZ) 아이스툴즈 P633 벽면형 자전거 거치대/벽면고정볼트포함,http://www.11st.co.kr/product/SellerProductDetail.tmall?method=getSellerProductDetail&prdNo=1231501156
D***9,201907**,M,3,"사무직 (일반사무직, 공무원, 직업군인)",200~299만원,      ,          ,아파트/ 주상복합,경기,광주시,오포읍,삼성,SKT,레저/자동차,자전거/용품,자전거,지오스빈티지벨로체/GiosVintage Veloce 로드자전거,http://item.gmarket.co.kr/Item?goodscode=1273357815
D***,201907**,M,4,"사무직 (일반사무직, 공무원, 직업군인)",200~299만원,      ,          ,아파트/ 주상복합,서울,광진구,중곡4동,삼성,SKT,자전거,자전거신발/고글/헬멧,헬멧,2018GIRO 지로 QUARTER 쿼터 어반 자전거 헬멧 BMX,http://www.11st.co.kr/product/SellerProductDetail.tmall?method=getSellerProductDetail&prdNo=1246004626
D***,201907**,F,4,"사무직 (일반사무직, 공무원, 직업군인)",200~299만원,      ,          ,아파트/ 주상복합,서울,송파구,방이1동,삼성,SKT,레저/자동차,자전거/용품,자전거액세서리,유아안장자전거유아안장 후방유아안장 아동보조안장,http://www.11st.co.kr/product/SellerProductDetail.tmall?method=getSellerProductDetail&prdNo=124136733
D***,201907**,M,3,"사무직 (일반사무직, 공무원, 직업군인)",200~299만원,      ,          ,아파트/ 주상복합,서울,강서구,가양동,삼성,SKT,레저/자동차,자전거/용품,헬멧/보호장비,에어워크보호대 성인용/아동용 헬멧/가방 용품 S16,http://www.11st.co.kr/product/SellerProductDetail.tmall?method=getSellerProductDetail&prdNo=12617089
D***,201907**,M,2,"사무직 (일반사무직, 공무원, 직업군인)",200~299만원,      ,          ,아파트/ 주상복합,서울,강북구,수유동,삼성,SKT,자전거,튜닝용품,거치대,(추천)말대가리 스마트 거치대/ 휴대폰거치대 스마트폰거치대 거치대 차량용폰거치대 핸폰거치대 헨드폰거,http://www.11st.co.kr/product/SellerProductDetail.tmall?method=getSellerProductDetail&prdNo=1222876667
D***,201907**,F,5,"사무직 (일반사무직, 공무원, 직업군인)",200~299만원,      ,          ,아파트/ 주상복합,경기,의정부시,가능2동,삼성,SKT,자전거,자전거신발/고글/헬멧,보호대,무료배송.국산쿨토시.팔토시.냉감토시.쿨마스크.아동,http://www.11st.co.kr/product/SellerProductDetail.tmall?method=getSellerProductDetail&prdNo=1249823887
D***,201907**,M,2,"사무직 (일반사무직, 공무원, 직업군인)",200~299만원,      ,          ,아파트/ 주상복합,서울,성북구,길음동,삼성,SKT,캠핑/골프/헬스/자전거,자전거,전기자전거,전동킥보드마이봇 ERT-8/ 38V/ 18.4Ah / 삼성배터리/ 레져스포츠,http://www.hnsmall.com/display/goods.do?goods_code=12231883
D***,201907**,M,3,"사무직 (일반사무직, 공무원, 직업군인)",200~299만원,      ,          ,아파트/ 주상복합,서울,성북구,길음1동,삼성,SKT,자전거,자전거신발/고글/헬멧,헬멧,[HJC]X5(EVO)블랙스카이 / 자전거 헬멧 / 240g대 초,http://www.11st.co.kr/product/SellerProductDetail.tmall?method=getSellerProductDetail&prdNo=1040086015
D***5,201907**,F,3,"사무직 (일반사무직, 공무원, 직업군인)",600~699만원,예    ,자녀 없음 ,단독주택,서울,송파구,풍납2동,애플,KT,레저/자동차,자전거/용품,자전거액세서리,자전거라이트LED 전조등 후미등 후레쉬 [거치대증정],http://www.11st.co.kr/product/SellerProductDetail.tmall?method=getSellerProductDetail&prdNo=1080334719
D***1,201907**,F,2,"사무직 (일반사무직, 공무원, 직업군인)",200~299만원,      ,          ,아파트/ 주상복합,광주,북구,덕의동,삼성,SKT,자전거,자전거신발/고글/헬멧,신발,에코사이클링/스피닝슈즈/스피닝운동화/스피닝신발/클릿슈즈/사이클운동화/사이클신발/사이클슈즈/클릿포함,http://www.11st.co.kr/product/SellerProductDetail.tmall?method=getSellerProductDetail&prdNo=1262545428
D***1,201907**,F,4,"생산/노무직 (생산감독, 경비원, 공장근로자)",300~399만원,예    ,자녀 있음 ,아파트/ 주상복합,경기,오산시,원동,LG,LG U+,자전거,자전거신발/고글/헬멧,헬멧,HJC홍진 R4 컬러선택가능블랙라인/홍진 크라운 헬멧,http://www.11st.co.kr/product/SellerProductDetail.tmall?method=getSellerProductDetail&prdNo=1229824538
D***7,201907**,M,3,"사무직 (일반사무직, 공무원, 직업군인)",200~299만원,아니오,          ,아파트/ 주상복합,충북,청주시 흥덕구,수곡동,삼성,KT,자전거/보드,자전거라이트,라이트거치대,페어맨만능 18650충전기 FLIC-210 자전거라이트 2구,http://item.gmarket.co.kr/Item?goodscode=1237810051
D***5,201907**,F,2,"전문직 (의사, 판검사, 예술가, 종교인)",300~399만원,예    ,자녀 없음 ,연립주택/ 다세대/ 빌라,경기,용인시 수지구,성복동,애플,KT,자전거/보드,자전거라이트,자전거라이트/전조등,몬스터라이트LG화학 18650 배터리 3050mAh,http://item.gmarket.co.kr/Item?goodscode=1280497915
D***5,201907**,M,2,"학생 (초중고학생, 대학생, 대학원생)",200~299만원,아니오,          ,단독주택,대구,동구,방촌동,삼성,알뜰폰(MVNO),자전거/보드,로드자전거,알루미늄자전거,2017알톤 벨록스 CC 로드 사이클로크로스 자전거,http://item.gmarket.co.kr/Item?goodscode=1112776902
D***2,201907**,F,2,"사무직 (일반사무직, 공무원, 직업군인)",200~299만원,아니오,          ,연립주택/ 다세대/ 빌라,인천,부평구,십정동,삼성,KT,자전거/보드,자전거액세서리,자전거짐받이,바이크박스블랙   -  생활용 여성용 접이식 자전거 짐받이 거치용 접이식 짐 바구니,http://item.gmarket.co.kr/Item?goodscode=128833406
D***0,201907**,M,3,기타 ,200~299만원,아니오,          ,오피스텔,서울,강동구,길동,삼성,SKT,자전거/보드,자전거타이어/부품,자전거튜브,[흥아]흥아 700C x 23/25C 프레스타 40mm 자전거튜브 로드,http://item.gmarket.co.kr/Item?goodscode=1287219517
D***,201907**,F,3,"사무직 (일반사무직, 공무원, 직업군인)",200~299만원,      ,          ,아파트/ 주상복합,충남,천안시 동남구,신부동,삼성,SKT,자전거,자전거신발/고글/헬멧,보호대,2+2이벤트/네파정품/탑쿨/슬레진저 쿨토시 팔토시,http://www.11st.co.kr/product/SellerProductDetail.tmall?method=getSellerProductDetail&prdNo=1282680743
D***0,201907**,F,4,"자영업 (도소매업, 숙박업, 미용업)",300~399만원,예    ,자녀 있음 ,연립주택/ 다세대/ 빌라,서울,종로구,신교동,LG,LG U+,레저/자동차,자전거/용품,자전거액세서리,(자전거용품.부품모음)자물쇠라이트펌프바구니짐받이안장가방헬멧보호대후미등페달보조바퀴벨전조등거치대,http://www.11st.co.kr/product/SellerProductDetail.tmall?method=getSellerProductDetail&prdNo=1258567584
D***3,201907**,F,2,"사무직 (일반사무직, 공무원, 직업군인)",200~299만원,      ,          ,아파트/ 주상복합,경기,시흥시,대야동,삼성,SKT,레저/자동차,자전거/용품,헬멧/보호장비,GAIUS어반헬멧 킥보드헬멧 성인 청소년헬멧,http://www.11st.co.kr/product/SellerProductDetail.tmall?method=getSellerProductDetail&prdNo=1036710596
D***5,201907**,F,3,"사무직 (일반사무직, 공무원, 직업군인)",600~699만원,예    ,자녀 없음 ,단독주택,서울,송파구,풍납2동,애플,KT,레저/자동차,자전거/용품,자전거,[삼천리자전거]하로GS20 7단 접이식자전거  어린이/여성 폴딩자전거,http://item.gmarket.co.kr/Item?goodscode=1201466217
D***1,201907**,F,2,"학생 (초중고학생, 대학생, 대학원생)","1,000만원 이상",아니오,          ,아파트/ 주상복합,서울,서대문구,북가좌1동,LG,SKT,자전거,튜닝용품,전시스탠드,토픽스텐드 DUAL TOUCH BIKE STAND 자전거거치대,http://www.11st.co.kr/product/SellerProductDetail.tmall?method=getSellerProductDetail&prdNo=1154312380
D***5,201907**,M,2,"학생 (초중고학생, 대학생, 대학원생)",200~299만원,아니오,          ,단독주택,대구,동구,방촌동,삼성,알뜰폰(MVNO),자전거,자전거신발/고글/헬멧,헬멧,자전거커버방수 덮개 오토바이,http://www.11st.co.kr/product/SellerProductDetail.tmall?method=getSellerProductDetail&prdNo=1269616509
D***6,201907**,F,3,"사무직 (일반사무직, 공무원, 직업군인)",400~499만원,예    ,자녀 있음 ,단독주택,충북,청주시 흥덕구,복대2동,삼성,LG U+,자전거,자전거부품,체인,"SramX1 체인, PC-X1, 11단/11단용 자전거 체인",http://www.11st.co.kr/product/SellerProductDetail.tmall?method=getSellerProductDetail&prdNo=1261677729
D***3,201907**,F,2,"사무직 (일반사무직, 공무원, 직업군인)",200~299만원,      ,          ,아파트/ 주상복합,서울,강남구,개포1동,삼성,SKT,자전거,튜닝용품,전시스탠드,KT05 자전거킥스탠드 자전거받침대 자전거용품,http://www.11st.co.kr/product/SellerProductDetail.tmall?method=getSellerProductDetail&prdNo=1058282299
D***3,201907**,M,5,"자영업 (도소매업, 숙박업, 미용업)",700~799만원,예    ,자녀 있음 ,아파트/ 주상복합,경기,안양시 동안구,비산1동,삼성,KT,자전거/보드,자전거라이트,자전거라이트/전조등,몬스터라이트LG화학 18650 배터리 3050mAh,http://item.gmarket.co.kr/Item?goodscode=1280497915
D***9,201907**,F,3,"주부 (전업주부, 파트타임 근무 주부)",800~899만원,예    ,자녀 있음 ,아파트/ 주상복합,서울,송파구,잠실4동,애플,SKT,자전거/보드,자전거라이트,자전거라이트/전조등,몬스터라이트미니 자전거라이트  몬스터라이트 미니,http://item.gmarket.co.kr/Item?goodscode=1280390929
D***9,201907**,F,5,"주부 (전업주부, 파트타임 근무 주부)",900~999만원,예    ,자녀 있음 ,아파트/ 주상복합,서울,송파구,오륜동,삼성,KT,레저/자동차,자전거/용품,자전거의류/잡화,마스크/귀마개/멀티워머/넥워머/자전거/검정마스크,http://www.11st.co.kr/product/SellerProductDetail.tmall?method=getSellerProductDetail&prdNo=1167152971
D***9,201907**,M,4,"사무직 (일반사무직, 공무원, 직업군인)",500~599만원,아니오,          ,연립주택/ 다세대/ 빌라,경남,창원시 의창구,동읍,삼성,SKT,자전거,자전거,MTB,프로메이드풀서스펜션 24인치 MTB자전거 아스톤힐DS,http://www.11st.co.kr/product/SellerProductDetail.tmall?method=getSellerProductDetail&prdNo=1190027550
D***7,201907**,M,3,"사무직 (일반사무직, 공무원, 직업군인)",400~499만원,예    ,자녀 있음 ,아파트/ 주상복합,대구,동구,신서동,삼성,LG U+,자전거,자전거신발/고글/헬멧,헬멧,필모리스/F381/F373/자전거헬멧/성인용헬멧/안전용품,http://www.11st.co.kr/product/SellerProductDetail.tmall?method=getSellerProductDetail&prdNo=1289945654
D***0,201907**,M,3,"서비스직 (요식업, 숙박업, 미용실종업원)",300~399만원,아니오,          ,오피스텔,경기,남양주시,가운동,삼성,SKT,레저/자동차,자전거/용품,자전거액세서리,자전거유아안장전방유아안장 아동보조안장,http://www.11st.co.kr/product/SellerProductDetail.tmall?method=getSellerProductDetail&prdNo=124145685
D***9,201907**,M,2,무직,200~299만원,아니오,          ,아파트/ 주상복합,경기,용인시 처인구,이동면,애플,KT,레저/자동차,자전거/용품,헬멧/보호장비,자전거어반헬멧 어린이헬멧 인라인 헬맷 킥보드헬멧,http://www.11st.co.kr/product/SellerProductDetail.tmall?method=getSellerProductDetail&prdNo=1253467301
D***7,201907**,F,2,"주부 (전업주부, 파트타임 근무 주부)",700~799만원,예    ,자녀 있음 ,아파트/ 주상복합,서울,강남구,수서동,애플,KT,자전거/보드,자전거라이트,자전거라이트/전조등,몬스터라이트미니 자전거라이트  몬스터라이트 미니,http://item.gmarket.co.kr/Item?goodscode=1280390929
D***9,201907**,M,3,"전문직 (의사, 판검사, 예술가, 종교인)",500~599만원,예    ,자녀 있음 ,아파트/ 주상복합,전남,여수시,여서동,삼성,LG U+,자전거,자전거신발/고글/헬멧,헬멧,2018GIRO 지로 QUARTER 쿼터 어반 자전거 헬멧 BMX,http://www.11st.co.kr/product/SellerProductDetail.tmall?method=getSellerProductDetail&prdNo=1246004626
D***4,201907**,F,3,"주부 (전업주부, 파트타임 근무 주부)",400~499만원,예    ,자녀 있음 ,아파트/ 주상복합,서울,중랑구,상봉1동,삼성,LG U+,레저/자동차,자전거/용품,자전거,미키키즈로드스터 미니 18유니키즈FA 어린이자전거,http://www.11st.co.kr/product/SellerProductDetail.tmall?method=getSellerProductDetail&prdNo=1067685984
D***5,201907**,M,2,"자영업 (도소매업, 숙박업, 미용업)",600~699만원,아니오,          ,단독주택,대구,서구,비산2.3동,애플,SKT,자전거,자전거신발/고글/헬멧,헬멧,HJC홍진 R4 컬러선택가능블랙라인/홍진 크라운 헬멧,http://www.11st.co.kr/product/SellerProductDetail.tmall?method=getSellerProductDetail&prdNo=1229824538
D***,201907**,M,2,"사무직 (일반사무직, 공무원, 직업군인)",200~299만원,      ,          ,아파트/ 주상복합,경남,창원시 마산합포구,대내동,삼성,SKT,레저/자동차,자전거/용품,자전거의류/잡화,방한멀티스카프/멀티워머/넥워머/마스크/스키/자전거,http://item.gmarket.co.kr/Item?goodscode=1145899445
D***,201907**,M,4,"사무직 (일반사무직, 공무원, 직업군인)",200~299만원,      ,          ,아파트/ 주상복합,경기,고양시 덕양구,관산동,삼성,SKT,레저/자동차,자전거/용품,자전거,뉴도미니크24/렌즈/갤럽등 초등학생 하이브리드 모음,http://www.11st.co.kr/product/SellerProductDetail.tmall?method=getSellerProductDetail&prdNo=1154104823
D***,201907**,M,4,"사무직 (일반사무직, 공무원, 직업군인)",200~299만원,      ,          ,아파트/ 주상복합,경기,용인시 기흥구,신갈동,삼성,SKT,캠핑/골프/헬스/자전거,자전거의류/용품,기타용품,발목밴드,http://www.hnsmall.com/display/goods.do?goods_code=11522932
D***,201907**,M,2,"사무직 (일반사무직, 공무원, 직업군인)",200~299만원,      ,          ,아파트/ 주상복합,강원,원주시,무실동,삼성,SKT,자전거,자전거신발/고글/헬멧,장갑,윈드스토퍼스마트터치 겨울 방한장갑 네오프렌 방풍,http://www.11st.co.kr/product/SellerProductDetail.tmall?method=getSellerProductDetail&prdNo=1050935353
D***,201907**,M,3,"사무직 (일반사무직, 공무원, 직업군인)",200~299만원,      ,          ,아파트/ 주상복합,서울,동작구,노량진1동,삼성,SKT,자전거,튜닝용품,전시스탠드,[학성스포츠]아동용16/18/20인치 자전거스탠드/보조바퀴떼어내고 두발자전거전환시사용,http://www.11st.co.kr/product/SellerProductDetail.tmall?method=getSellerProductDetail&prdNo=1226615595
D***1,201907**,M,2,"사무직 (일반사무직, 공무원, 직업군인)",200~299만원,      ,          ,아파트/ 주상복합,부산,북구,화명1동,삼성,SKT,레저/자동차,자전거/용품,자전거의류/잡화,머스타시벌룬 기모마스크 MHM-10/방한/보드마스크,http://www.11st.co.kr/product/SellerProductDetail.tmall?method=getSellerProductDetail&prdNo=1187564080
D***2,201907**,F,5,"주부 (전업주부, 파트타임 근무 주부)",500~599만원,예    ,자녀 있음 ,아파트/ 주상복합,경기,안양시 동안구,평안동,삼성,LG U+,자전거/보드,자전거장갑/잡화,자전거장갑,[킹썰]스포츠/등산/자전거장갑/여름장갑/반장갑/핸드폰터치,http://item.gmarket.co.kr/Item?goodscode=1144168847
D***8,201907**,M,2,"사무직 (일반사무직, 공무원, 직업군인)",200~299만원,      ,          ,아파트/ 주상복합,서울,관악구,서원동,삼성,SKT,자전거,튜닝용품,물통받침대,대만아이베라 경량 물통케이지 물병 더블 안장마운트,http://www.11st.co.kr/product/SellerProductDetail.tmall?method=getSellerProductDetail&prdNo=1084359208
D***2,201907**,M,2,"사무직 (일반사무직, 공무원, 직업군인)",200~299만원,      ,          ,아파트/ 주상복합,경기,의정부시,장암동,삼성,SKT,레저/자동차,자전거/용품,자전거액세서리,카멜백포디엄 칠리 610ml 자전거물통 보냉 물병,http://www.11st.co.kr/product/SellerProductDetail.tmall?method=getSellerProductDetail&prdNo=1019561002
D***2,201907**,F,5,"주부 (전업주부, 파트타임 근무 주부)",400~499만원,예    ,자녀 있음 ,아파트/ 주상복합,경기,부천시 오정구,여월동,LG,알뜰폰(MVNO),자전거/보드,일반자전거,외발/삼륜/2인용,[지오닉스]자이덴 나누미 20(50cm) 6단 성인용 세발자전거,http://item.gmarket.co.kr/Item?goodscode=1111789839
D***7,201907**,M,3,"사무직 (일반사무직, 공무원, 직업군인)",200~299만원,아니오,          ,아파트/ 주상복합,충북,청주시 흥덕구,수곡동,삼성,KT,자전거,자전거부품,보조바퀴,SM-901성인용 보조바퀴(20~26인치용),http://www.11st.co.kr/product/SellerProductDetail.tmall?method=getSellerProductDetail&prdNo=1200999290
D***3,201907**,F,2,"학생 (초중고학생, 대학생, 대학원생)",100만원 미만,아니오,          ,기타 ,경기,용인시 수지구,죽전동,애플,KT,자전거/보드,일반자전거,외발/삼륜/2인용,[자이덴]지오닉스 나누미 에코 성인용 세발 트라이 삼륜자전거,http://item.gmarket.co.kr/Item?goodscode=1292909571
D***2,201907**,M,2,기타 ,100~199만원,아니오,          ,아파트/ 주상복합,인천,부평구,부평1동,삼성,KT,자전거/보드,자전거장갑/잡화,자전거장갑,[킹썰]스포츠/등산/자전거장갑/여름장갑/반장갑/선택0여름용,http://item.gmarket.co.kr/Item?goodscode=1284293661
D***,201907**,M,4,"사무직 (일반사무직, 공무원, 직업군인)",200~299만원,      ,          ,아파트/ 주상복합,경기,파주시,광탄면,삼성,SKT,레저/자동차,자전거/용품,헬멧/보호장비,심플한도시형헬멧/빅이글 어반헬멧/자전거용품/인라인,http://www.11st.co.kr/product/SellerProductDetail.tmall?method=getSellerProductDetail&prdNo=1187901648
D***,201907**,F,2,"사무직 (일반사무직, 공무원, 직업군인)",200~299만원,      ,          ,아파트/ 주상복합,인천,서구,심곡동,삼성,SKT,자전거,자전거신발/고글/헬멧,보호대,특가쿨토시 1+1 (2세트) /토시/아동쿨토시/팔토시,http://www.11st.co.kr/product/SellerProductDetail.tmall?method=getSellerProductDetail&prdNo=1291753831
D***,201907**,M,4,"사무직 (일반사무직, 공무원, 직업군인)",700~799만원,아니오,          ,연립주택/ 다세대/ 빌라,서울,영등포구,도림동,삼성,SKT,레저/자동차,자전거/용품,자전거,알톤쉐보레 CFB2.4 24단 팻바이크/노바투스/우라노,http://www.11st.co.kr/product/SellerProductDetail.tmall?method=getSellerProductDetail&prdNo=1288179623
D***8,201907**,M,5,"사무직 (일반사무직, 공무원, 직업군인)",200~299만원,      ,          ,아파트/ 주상복합,경기,고양시 덕양구,행주외동,삼성,SKT,자전거,자전거,로드자전거,2019첼로 테라 신형105 카본포크 로드자전거,http://www.11st.co.kr/product/SellerProductDetail.tmall?method=getSellerProductDetail&prdNo=1074638903
D***9,201907**,F,2,"사무직 (일반사무직, 공무원, 직업군인)",200~299만원,      ,          ,아파트/ 주상복합,충남,아산시,신창면,삼성,SKT,자전거,자전거,MTB,앞뒤쇼바접이식 21단 26인치 입문 통학 출퇴근용 MTB,http://www.11st.co.kr/product/SellerProductDetail.tmall?method=getSellerProductDetail&prdNo=1082913347
D***4,201907**,M,3,"사무직 (일반사무직, 공무원, 직업군인)",700~799만원,예    ,자녀 있음 ,아파트/ 주상복합,경기,안양시 동안구,호계2동,LG,LG U+,자전거,튜닝용품,전시스탠드,토픽스텐드 DUAL TOUCH BIKE STAND 자전거거치대,http://www.11st.co.kr/product/SellerProductDetail.tmall?method=getSellerProductDetail&prdNo=1154312380
D***8,201907**,M,2,"사무직 (일반사무직, 공무원, 직업군인)",200~299만원,아니오,          ,아파트/ 주상복합,경기,부천시 소사구,송내동,애플,알뜰폰(MVNO),자전거,자전거부품,튜브,[FNS]즈와유무시고무 없는 던롭밸브 세트/던롭튜브,http://www.11st.co.kr/product/SellerProductDetail.tmall?method=getSellerProductDetail&prdNo=1217450472
D***7,201907**,F,3,"사무직 (일반사무직, 공무원, 직업군인)",300~399만원,아니오,          ,오피스텔,서울,강남구,자곡동,LG,LG U+,레저/자동차,자전거/용품,자전거,사은품증정[삼천리자전거]아이비/어린이자전거/아동용,http://www.11st.co.kr/product/SellerProductDetail.tmall?method=getSellerProductDetail&prdNo=1079264363
D***2,201907**,F,2,"사무직 (일반사무직, 공무원, 직업군인)",200~299만원,      ,          ,아파트/ 주상복합,서울,서초구,신원동,삼성,SKT,자전거,자전거신발/고글/헬멧,헬멧,코아브어반st 자전거 헬멧 성인용 용품 보드 인라인,http://www.11st.co.kr/product/SellerProductDetail.tmall?method=getSellerProductDetail&prdNo=1219634494
D***5,201907**,F,4,"학생 (초중고학생, 대학생, 대학원생)",700~799만원,아니오,          ,아파트/ 주상복합,광주,서구,풍암동,삼성,SKT,자전거,자전거관리용품,에어펌프(발펌프),국산삼흥 발펌프 공기주입기 손펌프 에어펌프 자전거,http://www.11st.co.kr/product/SellerProductDetail.tmall?method=getSellerProductDetail&prdNo=1105695651
D***5,201907**,F,2,"사무직 (일반사무직, 공무원, 직업군인)",600~699만원,아니오,          ,아파트/ 주상복합,서울,도봉구,창4동,애플,KT,자전거,자전거신발/고글/헬멧,보호대,킹카301 성인 보호대 팔꿈치 손목 무릎 남여공용,http://www.11st.co.kr/product/SellerProductDetail.tmall?method=getSellerProductDetail&prdNo=1083507717
D***7,201907**,M,2,"관리직 (사장, 간부, 고위공무원)",100~199만원,아니오,          ,연립주택/ 다세대/ 빌라,경기,파주시,조리읍,LG,LG U+,자전거,자전거신발/고글/헬멧,헬멧,[HJC]X5(EVO)블랙스카이 / 자전거 헬멧 / 240g대 초,http://www.11st.co.kr/product/SellerProductDetail.tmall?method=getSellerProductDetail&prdNo=1040086015
D***4,201907**,M,2,"학생 (초중고학생, 대학생, 대학원생)",600~699만원,아니오,          ,아파트/ 주상복합,충북,음성군,금왕읍,애플,KT,레저/자동차,자전거/용품,자전거의류/잡화,GIROJAG 반장갑/지로 장갑/땀흡수/통기성/4웨이 신축성/충격흡수패딩/자전거장갑/지로장갑/자전거용품,http://www.11st.co.kr/product/SellerProductDetail.tmall?method=getSellerProductDetail&prdNo=1274875036
D***7,201907**,M,2,"생산/노무직 (생산감독, 경비원, 공장근로자)",200~299만원,아니오,          ,연립주택/ 다세대/ 빌라,경기,성남시 수정구,신흥1동,삼성,LG U+,레저/자동차,자전거/용품,자전거,[에어휠]BEST전동킥보드/스쿠터 인기브랜드 에어휠/스티고/이지휠 택1,http://www.lotteimall.com/goods/viewGoodsDetail.lotte?goods_no=1263374352
D***,201907**,F,3,"사무직 (일반사무직, 공무원, 직업군인)",200~299만원,      ,          ,아파트/ 주상복합,충북,제천시,청전동,삼성,SKT,레저/자동차,자전거/용품,헬멧/보호장비,GIFT삼천리 헬멧 SH330S 선바이저 자전거용품 인라인,http://www.11st.co.kr/product/SellerProductDetail.tmall?method=getSellerProductDetail&prdNo=115415058
D***,201907**,F,2,"사무직 (일반사무직, 공무원, 직업군인)",200~299만원,      ,          ,아파트/ 주상복합,대구,동구,각산동,삼성,SKT,레저/자동차,자전거/용품,자전거의류/잡화,[엠씨엔]MCN 통기성좋고 시원한 매쉬마스크/UV자외선 벌레차단,http://item.gmarket.co.kr/Item?goodscode=1104924744
D***,201907**,M,3,"사무직 (일반사무직, 공무원, 직업군인)",200~299만원,      ,          ,아파트/ 주상복합,경기,하남시,덕풍2동,삼성,SKT,레저/자동차,자전거/용품,자전거의류/잡화,사은품증정나루 마스크 자전거 자외선차단 등산 골프 바라클라바 버프 겨울 방한 넥워머 복면  오토바이,http://www.11st.co.kr/product/SellerProductDetail.tmall?method=getSellerProductDetail&prdNo=1070268365
D***,201907**,M,4,"사무직 (일반사무직, 공무원, 직업군인)",200~299만원,      ,          ,아파트/ 주상복합,서울,성동구,성수2가1동,삼성,SKT,레저/자동차,자전거/용품,자전거액세서리,완전사2017년 신형 KSM400-3 SE 연납축전지 12V/,http://www.11st.co.kr/product/SellerProductDetail.tmall?method=getSellerProductDetail&prdNo=1150653630
D***,201907**,F,4,"사무직 (일반사무직, 공무원, 직업군인)",500~599만원,예    ,자녀 있음 ,아파트/ 주상복합,경기,시흥시,정왕1동,기타,SKT,캠핑/골프/헬스/자전거,자전거의류/용품,기타용품,발목밴드,http://www.hnsmall.com/display/goods.do?goods_code=11522932
D***5,201907**,F,4,"사무직 (일반사무직, 공무원, 직업군인)",200~299만원,      ,          ,아파트/ 주상복합,인천,서구,마전동,삼성,SKT,레저/자동차,자전거/용품,자전거,[삼천리자전거][삼천리]여성용 클래식 자전거 라니아 22인치,http://www.lotteimall.com/goods/viewGoodsDetail.lotte?goods_no=1203462725
D***8,201907**,M,5,"사무직 (일반사무직, 공무원, 직업군인)",200~299만원,      ,          ,아파트/ 주상복합,경기,광주시,오포읍,삼성,SKT,유아동,유아동완구/교구,승용완구,STONETREE스톤트리 트라이크 - 유모차 세발 자전거,http://item.gmarket.co.kr/Item?goodscode=1129986013
D***2,201907**,F,3,"주부 (전업주부, 파트타임 근무 주부)",300~399만원,예    ,자녀 있음 ,연립주택/ 다세대/ 빌라,경기,성남시 분당구,정자동,애플,LG U+,레저/자동차,자전거/용품,자전거,[스마트자전거]반티아고G21 하이브리드자전거 21단 클래식 2018년,http://www.lotteimall.com/goods/viewGoodsDetail.lotte?goods_no=1203110269
D***6,201907**,M,3,"사무직 (일반사무직, 공무원, 직업군인)",400~499만원,예    ,자녀 있음 ,아파트/ 주상복합,부산,사상구,덕포1동,삼성,KT,레저/자동차,자전거/용품,자전거,도미니크24인치하이브리드자전거초등학생~중학생까지,http://www.11st.co.kr/product/SellerProductDetail.tmall?method=getSellerProductDetail&prdNo=1090901926
D***2,201907**,M,3,"서비스직 (요식업, 숙박업, 미용실종업원)",100~199만원,아니오,          ,아파트/ 주상복합,서울,강동구,천호1동,기타,SKT,자전거,자전거관리용품,에어펌프(발펌프),GIYO지요 GF-56GTB ULTRA 자전거펌프 공기배출기능,http://www.11st.co.kr/product/SellerProductDetail.tmall?method=getSellerProductDetail&prdNo=1147853726
D***4,201907**,M,5,"사무직 (일반사무직, 공무원, 직업군인)",700~799만원,예    ,자녀 있음 ,아파트/ 주상복합,서울,노원구,하계동,삼성,KT,레저/자동차,자전거/용품,자전거,[21세기스쿠터]질주본능!21세기스쿠터/미드미 外 봄바람 일으키는 모빌리티 컬렉션,http://www.lotteimall.com/goods/viewGoodsDetail.lotte?goods_no=1154385444
D***5,201907**,F,4,"주부 (전업주부, 파트타임 근무 주부)","1,000만원 이상",예    ,자녀 있음 ,아파트/ 주상복합,부산,동래구,안락2동,LG,SKT,레저/자동차,자전거/용품,자전거액세서리,18650AA AAA 충전지 배터리 충전기 i4 D2 i2 UM20,http://www.11st.co.kr/product/SellerProductDetail.tmall?method=getSellerProductDetail&prdNo=1181473940
D***,201907**,F,2,"학생 (초중고학생, 대학생, 대학원생)",600~699만원,아니오,          ,연립주택/ 다세대/ 빌라,강원,원주시,단계동,삼성,LG U+,자전거,튜닝용품,거치대/보관대,노스바이크스마트폰 자전거거치대 핸드폰 휴대폰 가방,http://www.11st.co.kr/product/SellerProductDetail.tmall?method=getSellerProductDetail&prdNo=1016944642
D***,201907**,M,5,"사무직 (일반사무직, 공무원, 직업군인)",200~299만원,      ,          ,아파트/ 주상복합,경기,안산시 단원구,신길동,삼성,SKT,자전거,자전거부품,페달,"토클립세트 (1쌍. 가죽밴드, 볼트 포함) Toe Clip Set 대만생산품. 픽시 클래식 로드 등 자전거 부품 용품",http://www.11st.co.kr/product/SellerProductDetail.tmall?method=getSellerProductDetail&prdNo=1114857336
D***,201907**,F,4,"사무직 (일반사무직, 공무원, 직업군인)",200~299만원,      ,          ,아파트/ 주상복합,경기,양주시,덕정동,삼성,SKT,레저/자동차,자전거/용품,헬멧/보호장비,"Giro헬멧/Quarter 쿼터, 어번/더트 (6색상)",http://www.11st.co.kr/product/SellerProductDetail.tmall?method=getSellerProductDetail&prdNo=1230444459
D***1,201907**,F,4,"주부 (전업주부, 파트타임 근무 주부)","1,000만원 이상",예    ,자녀 있음 ,아파트/ 주상복합,서울,강동구,둔촌1동,애플,KT,자전거,자전거부품,안장,[참좋은바이크]삼천리아동용안장모음/하이킥/프린세스/키즈바이크/디즈니/유아동/어린이/푹신한안장,http://www.11st.co.kr/product/SellerProductDetail.tmall?method=getSellerProductDetail&prdNo=1205141789
D***1,201907**,M,2,"학생 (초중고학생, 대학생, 대학원생)",400~499만원,아니오,          ,아파트/ 주상복합,서울,도봉구,쌍문2동,삼성,SKT,자전거/보드,자전거타이어/부품,자전거튜브,[흥아]흥아 26인치x1.75/2.125 프레스타 60mm 자전거튜브,http://item.gmarket.co.kr/Item?goodscode=1284816502
D***4,201907**,M,4,"자영업 (도소매업, 숙박업, 미용업)",400~499만원,아니오,          ,연립주택/ 다세대/ 빌라,경북,포항시 남구,해도동,LG,SKT,레저/자동차,자전거/용품,자전거,[스마트]삼천리/스마트/바이맥스 접이식자전거 미니벨로 4종,http://item.gmarket.co.kr/Item?goodscode=1278067146
D***3,201907**,M,2,"사무직 (일반사무직, 공무원, 직업군인)",200~299만원,      ,          ,아파트/ 주상복합,광주,동구,궁동,삼성,SKT,자전거,자전거,MTB,베리벨로보스톤GS 18년형 22인치 초등학생 MTB자전거,http://www.11st.co.kr/product/SellerProductDetail.tmall?method=getSellerProductDetail&prdNo=1240605806
D***0,201907**,F,3,"전문직 (의사, 판검사, 예술가, 종교인)",400~499만원,예    ,자녀 없음 ,연립주택/ 다세대/ 빌라,인천,부평구,부평동,LG,LG U+,자전거,자전거신발/고글/헬멧,보호대,나이키/팔토시/쿨토시/자외선차단/스포츠/레저/등산용,http://www.11st.co.kr/product/SellerProductDetail.tmall?method=getSellerProductDetail&prdNo=1221115615
D***5,201907**,M,3,"사무직 (일반사무직, 공무원, 직업군인)",200~299만원,      ,          ,아파트/ 주상복합,경기,용인시 수지구,성복동,삼성,SKT,레저/자동차,자전거/용품,자전거,[스마트]삼천리/스마트 접이식자전거 미니벨로 4종,http://item.gmarket.co.kr/Item?goodscode=1278067146
D***7,201907**,M,2,"생산/노무직 (생산감독, 경비원, 공장근로자)",200~299만원,아니오,          ,단독주택,경기,수원시 영통구,신동,LG,LG U+,레저/자동차,자전거/용품,자전거의류/잡화,[PUMA]푸마 여성 더블 스트레치 기모 본딩 팬츠 3종세트 GFYYFG22,http://www.hnsmall.com/display/goods.do?goods_code=12835199
D***,201907**,M,2,"사무직 (일반사무직, 공무원, 직업군인)",200~299만원,      ,          ,아파트/ 주상복합,강원,강릉시,견소동,삼성,SKT,자전거,자전거신발/고글/헬멧,보호대,(가온들)나스카/쿨토시/기능성팔토시/스포츠골프토시,http://www.11st.co.kr/product/SellerProductDetail.tmall?method=getSellerProductDetail&prdNo=11387459
D***,201907**,F,2,"사무직 (일반사무직, 공무원, 직업군인)",200~299만원,      ,          ,아파트/ 주상복합,서울,도봉구,창1동,삼성,SKT,자전거,자전거부품,안장,삼천리전립선 안장패드/MTB ROAD 안장용 쿠션커버/하이브리드 안장커버/자전거안장커버/로드용 자전거용품,http://www.11st.co.kr/product/SellerProductDetail.tmall?method=getSellerProductDetail&prdNo=1232420657
D***,201907**,M,2,"사무직 (일반사무직, 공무원, 직업군인)",200~299만원,      ,          ,아파트/ 주상복합,제주,제주시,노형동,삼성,SKT,캠핑/골프/헬스/자전거,자전거의류/용품,신발,뉴발란스585 USA 스니커즈 운동화 (M585GR),http://www.hnsmall.com/display/goods.do?goods_code=12928736
D***,201907**,M,4,"사무직 (일반사무직, 공무원, 직업군인)",300~399만원,예    ,자녀 있음 ,아파트/ 주상복합,충북,청주시 상당구,탑동,삼성,LG U+,레저/자동차,자전거/용품,자전거,[삼천리자전거]하로GS20 7단 접이식자전거  어린이/여성 폴딩자전거,http://item.gmarket.co.kr/Item?goodscode=1201466217
D***,201907**,M,4,"사무직 (일반사무직, 공무원, 직업군인)",200~299만원,      ,          ,아파트/ 주상복합,서울,성동구,하왕십리동,삼성,SKT,자전거/보드,자전거라이트,자전거라이트/전조등,몬스터라이트LG화학 18650 배터리 3050mAh,http://item.gmarket.co.kr/Item?goodscode=1280497915
D***1,201907**,F,3,"사무직 (일반사무직, 공무원, 직업군인)",200~299만원,      ,          ,아파트/ 주상복합,인천,부평구,부평6동,삼성,SKT,자전거,자전거부품,안장,풀카본안장자전거안장 초경량 카본안장,http://www.11st.co.kr/product/SellerProductDetail.tmall?method=getSellerProductDetail&prdNo=1240983940
D***1,201907**,F,3,"사무직 (일반사무직, 공무원, 직업군인)",200~299만원,      ,          ,아파트/ 주상복합,경남,창원시 진해구,용원동,삼성,SKT,자전거,튜닝용품,흙받이,자전거흙받이(한세트)삼천리자전거 레스포정품/흙튀김방지 물받이/선택,http://www.11st.co.kr/product/SellerProductDetail.tmall?method=getSellerProductDetail&prdNo=12932278
D***0,201907**,F,3,"사무직 (일반사무직, 공무원, 직업군인)",400~499만원,예    ,자녀 있음 ,아파트/ 주상복합,광주,북구,신용동,애플,SKT,캠핑/골프/헬스/자전거,자전거의류/용품,기타용품,[펌프킹]가정용 자전거 거치대 HK-001,http://www.hnsmall.com/display/goods.do?goods_code=12714590
D***1,201907**,F,2,"사무직 (일반사무직, 공무원, 직업군인)",200~299만원,      ,          ,아파트/ 주상복합,광주,북구,오치1동,삼성,SKT,레저/자동차,자전거/용품,자전거액세서리,▶빔라이트충전식 자전거 후미등┃자전거용품┃레저용품┃자전거악세사리┃자전거라이트┃후미등┃,http://www.11st.co.kr/product/SellerProductDetail.tmall?method=getSellerProductDetail&prdNo=1246317584
D***9,201907**,F,3,무직,300~399만원,아니오,          ,아파트/ 주상복합,경기,오산시,서동,삼성,KT,자전거,튜닝용품,전시스탠드,포인트배너실외용거치대 양면겸용 홍보 이벤트,http://www.11st.co.kr/product/SellerProductDetail.tmall?method=getSellerProductDetail&prdNo=1236804619
D***6,201907**,F,3,"사무직 (일반사무직, 공무원, 직업군인)",300~399만원,예    ,자녀 없음 ,단독주택,경남,함안군,가야읍,삼성,KT,레저/자동차,자전거/용품,헬멧/보호장비,가성비좋은 헬멧/빅이글 자전거헬멧/보호대/인라인/자전거용품,http://www.11st.co.kr/product/SellerProductDetail.tmall?method=getSellerProductDetail&prdNo=1187889237
D***2,201907**,M,3,"사무직 (일반사무직, 공무원, 직업군인)",300~399만원,예    ,자녀 있음 ,아파트/ 주상복합,부산,강서구,명지동,삼성,LG U+,자전거/보드,자전거바구니/가방,크로스가방,엑스피크빅파우치 자전거 휴대폰파우치,http://item.gmarket.co.kr/Item?goodscode=1187012636
D***1,201907**,M,2,"학생 (초중고학생, 대학생, 대학원생)",100~199만원,아니오,          ,단독주택,부산,남구,대연1동,삼성,KT,레저/자동차,자전거/용품,자전거,[스마트자전거]반티아고G21 하이브리드자전거 21단 클래식 2018년,http://www.lotteimall.com/goods/viewGoodsDetail.lotte?goods_no=1203110269
D***0,201907**,M,3,"판매직 (상점점원, 보험설계사, 노점상)",300~399만원,예    ,자녀 없음 ,아파트/ 주상복합,서울,노원구,공릉1.3동,애플,SKT,레저/자동차,자전거/용품,자전거,[스마트자전거]반티아고G21 하이브리드자전거 21단 클래식 2018년,http://www.lotteimall.com/goods/viewGoodsDetail.lotte?goods_no=1203110269
D***6,201907**,M,2,"사무직 (일반사무직, 공무원, 직업군인)",200~299만원,예    ,자녀 있음 ,연립주택/ 다세대/ 빌라,울산,중구,서동,삼성,KT,레저/자동차,자전거/용품,자전거액세서리,AVVISO툴캡슐 자전거 거치대 공구함 케이스 툴부스,http://item.gmarket.co.kr/Item?goodscode=1129194351
D***,201907**,F,2,"사무직 (일반사무직, 공무원, 직업군인)",200~299만원,      ,          ,아파트/ 주상복합,인천,남동구,만수1동,삼성,SKT,레저/자동차,자전거/용품,자전거의류/잡화,DBIKE디빅 투라인 집게 후미등,http://item.gmarket.co.kr/Item?goodscode=1205206386
D***,201907**,M,5,"사무직 (일반사무직, 공무원, 직업군인)",600~699만원,예    ,자녀 있음 ,아파트/ 주상복합,경기,용인시 수지구,죽전2동,삼성,LG U+,레저/자동차,자전거/용품,자전거,[알톤]갤럽22 21단 앞쇼바 7~11세 시마노인투스기어,http://www.11st.co.kr/product/SellerProductDetail.tmall?method=getSellerProductDetail&prdNo=1230962682
D***,201907**,M,4,"사무직 (일반사무직, 공무원, 직업군인)",200~299만원,      ,          ,아파트/ 주상복합,경북,포항시 북구,죽도동,삼성,SKT,레저/자동차,자전거/용품,자전거,알톤어린이용 경량 알루미늄 접이식 자전거 라바폴딩18인치,http://www.11st.co.kr/product/SellerProductDetail.tmall?method=getSellerProductDetail&prdNo=1096512754
D***,201907**,F,4,"사무직 (일반사무직, 공무원, 직업군인)",200~299만원,      ,          ,아파트/ 주상복합,경기,광주시,오포읍,삼성,SKT,레저/자동차,자전거/용품,자전거액세서리,정품미국 CREE사 LED Q5 줌 라이트/자전거/전조등/후레쉬/랜턴/손전등/거치대/건전지/안전등/용품/야간등,http://www.11st.co.kr/product/SellerProductDetail.tmall?method=getSellerProductDetail&prdNo=1200933401
D***,201907**,M,4,"사무직 (일반사무직, 공무원, 직업군인)",300~399만원,예    ,자녀 있음 ,아파트/ 주상복합,충북,청주시 상당구,탑동,삼성,LG U+,자전거/보드,자전거장갑/잡화,자전거장갑,[킹썰]스포츠/등산/자전거장갑/여름장갑/반장갑/선택0여름용,http://item.gmarket.co.kr/Item?goodscode=1284293661
D***,201907**,M,4,"사무직 (일반사무직, 공무원, 직업군인)",200~299만원,      ,          ,아파트/ 주상복합,경기,수원시 장안구,정자3동,삼성,SKT,레저/자동차,자전거/용품,자전거의류/잡화,{지오무역}[쿨멀티스카프모음]쿨마스크/냉동스카프/,http://www.11st.co.kr/product/SellerProductDetail.tmall?method=getSellerProductDetail&prdNo=1280486843
D***,201907**,M,4,"사무직 (일반사무직, 공무원, 직업군인)",200~299만원,      ,          ,아파트/ 주상복합,부산,수영구,광안1동,삼성,SKT,레저/자동차,자전거/용품,자전거,[삼천리]접이자전거비타민24 24형 7단 미니벨로 폴딩,http://www.11st.co.kr/product/SellerProductDetail.tmall?method=getSellerProductDetail&prdNo=1208645013
D***,201907**,M,2,"사무직 (일반사무직, 공무원, 직업군인)",200~299만원,      ,          ,아파트/ 주상복합,경기,오산시,오산동,삼성,SKT,레저/자동차,자전거/용품,자전거액세서리,자전거휠 라이트 안전등  LED라이트 후미등,http://www.11st.co.kr/product/SellerProductDetail.tmall?method=getSellerProductDetail&prdNo=1076764951
D***8,201907**,M,2,"사무직 (일반사무직, 공무원, 직업군인)",200~299만원,아니오,          ,아파트/ 주상복합,경기,부천시 소사구,송내동,애플,알뜰폰(MVNO),자전거,튜닝용품,후미등,자전거후미등2구 실리콘 후미등 LED비상등 안전등 야간 라이딩 유모차 오토바이 3가지 모드,http://www.11st.co.kr/product/SellerProductDetail.tmall?method=getSellerProductDetail&prdNo=1253472408
D***5,201907**,M,5,"사무직 (일반사무직, 공무원, 직업군인)",500~599만원,예    ,자녀 있음 ,아파트/ 주상복합,서울,성동구,행당2동,삼성,KT,자전거,튜닝용품,전시스탠드,KT05 자전거킥스탠드 자전거받침대 자전거용품,http://www.11st.co.kr/product/SellerProductDetail.tmall?method=getSellerProductDetail&prdNo=1058282299
D***1,201907**,F,3,"주부 (전업주부, 파트타임 근무 주부)",300~399만원,예    ,자녀 있음 ,연립주택/ 다세대/ 빌라,충남,천안시 서북구,성거읍,LG,SKT,자전거/보드,자전거헬멧,기타브랜드 헬멧,[삼천리자전거]미니마우스 헬멧보호대 세트 어린이 자전거 킥보드/ 삼천리자전거,http://item.gmarket.co.kr/Item?goodscode=1112014699
D***4,201907**,M,5,"사무직 (일반사무직, 공무원, 직업군인)",800~899만원,예    ,자녀 있음 ,아파트/ 주상복합,경기,의정부시,금오동,애플,LG U+,레저/자동차,자전거/용품,자전거액세서리,(자전거용품.부품모음)자물쇠라이트펌프바구니짐받이안장가방헬멧보호대후미등페달보조바퀴벨전조등거치대,http://www.11st.co.kr/product/SellerProductDetail.tmall?method=getSellerProductDetail&prdNo=1258567584
D***7,201907**,M,2,"학생 (초중고학생, 대학생, 대학원생)",100~199만원,아니오,          ,연립주택/ 다세대/ 빌라,부산,사하구,감천2동,LG,LG U+,자전거,자전거신발/고글/헬멧,헬멧,스텔리오스고글헬멧 에어로 자전거헬멧 로드헬멧,http://www.11st.co.kr/product/SellerProductDetail.tmall?method=getSellerProductDetail&prdNo=1007190015
D***2,201907**,M,3,"교직 (교사, 유치원교사, 학원강사)",400~499만원,예    ,자녀 없음 ,아파트/ 주상복합,경북,구미시,도량동,삼성,SKT,자전거/보드,일반자전거,외발/삼륜/2인용,절대터지지않는알로이 컨츄리 성인 세발자전거 삼륜,http://item.gmarket.co.kr/Item?goodscode=1201833484
D***,201907**,F,4,"사무직 (일반사무직, 공무원, 직업군인)",200~299만원,      ,          ,아파트/ 주상복합,서울,광진구,중곡2동,삼성,SKT,자전거,자전거신발/고글/헬멧,신발,에코사이클링/스피닝슈즈/스피닝운동화/스피닝신발/클릿슈즈/사이클운동화/사이클신발/사이클슈즈/클릿포함,http://www.11st.co.kr/product/SellerProductDetail.tmall?method=getSellerProductDetail&prdNo=1262545428
D***,201907**,F,5,"사무직 (일반사무직, 공무원, 직업군인)",700~799만원,예    ,자녀 있음 ,아파트/ 주상복합,부산,북구,만덕2동,삼성,SKT,자전거/보드,자전거타이어/부품,자전거튜브,[흥아]흥아 700C x 23/25C 프레스타 40mm 자전거튜브 로드,http://item.gmarket.co.kr/Item?goodscode=1287219517
D***,201907**,M,4,"사무직 (일반사무직, 공무원, 직업군인)",200~299만원,      ,          ,아파트/ 주상복합,경기,성남시 분당구,삼평동,삼성,SKT,레저/자동차,자전거/용품,헬멧/보호장비,GIFT삼천리 헬멧 SH330S 선바이저 자전거용품 인라인,http://www.11st.co.kr/product/SellerProductDetail.tmall?method=getSellerProductDetail&prdNo=115415058
D***,201907**,F,5,"사무직 (일반사무직, 공무원, 직업군인)",200~299만원,      ,          ,아파트/ 주상복합,경기,오산시,양산동,삼성,SKT,레저/자동차,자전거/용품,자전거,[삼천리]접이식여성자전거/미니벨로 바구니 자전거,http://www.11st.co.kr/product/SellerProductDetail.tmall?method=getSellerProductDetail&prdNo=1013926352
D***,201907**,M,2,"사무직 (일반사무직, 공무원, 직업군인)",200~299만원,      ,          ,아파트/ 주상복합,서울,구로구,구로1동,삼성,SKT,캠핑/골프/헬스/자전거,자전거의류/용품,신발,뉴발란스운동화 574 NEWBALANCE 574 (ML574SS2),http://www.hnsmall.com/display/goods.do?goods_code=11979567
D***,201907**,M,4,"사무직 (일반사무직, 공무원, 직업군인)",200~299만원,      ,          ,아파트/ 주상복합,인천,중구,운서동,삼성,SKT,자전거,자전거신발/고글/헬멧,보호대,나스카썬블럭 쿨토시/네이비/팔토시/자외선차단/스포츠/골프/등산/자전거/테니스/암슬리브/운전,http://www.11st.co.kr/product/SellerProductDetail.tmall?method=getSellerProductDetail&prdNo=1274967893
D***,201907**,M,4,"사무직 (일반사무직, 공무원, 직업군인)",200~299만원,      ,          ,아파트/ 주상복합,서울,은평구,진관동,삼성,SKT,레저/자동차,자전거/용품,헬멧/보호장비,자전거헬멧/자전거용품/큰/삼천리헬멧/성인/아동헬멧,http://www.11st.co.kr/product/SellerProductDetail.tmall?method=getSellerProductDetail&prdNo=1044088173
D***1,201907**,M,3,"학생 (초중고학생, 대학생, 대학원생)",400~499만원,아니오,          ,오피스텔,인천,남구,용현동,애플,SKT,레저/자동차,자전거/용품,자전거,[삼천리]접이자전거비타민24 24형 7단 미니벨로 폴딩,http://www.11st.co.kr/product/SellerProductDetail.tmall?method=getSellerProductDetail&prdNo=1208645013
D***9,201907**,F,3,"관리직 (사장, 간부, 고위공무원)",400~499만원,아니오,          ,연립주택/ 다세대/ 빌라,서울,은평구,역촌동,애플,SKT,자전거,자전거신발/고글/헬멧,헬멧,스텔리오스고글헬멧 에어로 자전거헬멧 로드헬멧,http://www.11st.co.kr/product/SellerProductDetail.tmall?method=getSellerProductDetail&prdNo=1007190015
D***8,201907**,M,2,"서비스직 (요식업, 숙박업, 미용실종업원)",300~399만원,아니오,          ,단독주택,서울,용산구,용산동2가,삼성,LG U+,레저/자동차,자전거/용품,자전거,[에어휠]BEST전동킥보드/스쿠터 인기브랜드 에어휠/스티고/이지휠 택1,http://www.lotteimall.com/goods/viewGoodsDetail.lotte?goods_no=1263374352
D***5,201907**,F,2,"사무직 (일반사무직, 공무원, 직업군인)",200~299만원,      ,          ,아파트/ 주상복합,서울,강남구,논현동,삼성,SKT,레저/자동차,자전거/용품,자전거,삼천리가족형 HF200 7단 미니벨로 20형 접이식자전거,http://www.11st.co.kr/product/SellerProductDetail.tmall?method=getSellerProductDetail&prdNo=1096162616
D***,201907**,M,2,"학생 (초중고학생, 대학생, 대학원생)",500~599만원,아니오,          ,아파트/ 주상복합,충남,아산시,권곡동,삼성,SKT,자전거/보드,자전거바구니/가방,크로스가방,엑스피크빅파우치 자전거 휴대폰파우치,http://item.gmarket.co.kr/Item?goodscode=1187012636
D***,201907**,F,5,"사무직 (일반사무직, 공무원, 직업군인)",200~299만원,      ,          ,아파트/ 주상복합,전북,전주시 덕진구,우아동3가,삼성,SKT,자전거/보드,자전거헬멧,기타브랜드 헬멧,[삼천리자전거]미니마우스 헬멧보호대 세트 어린이 자전거 킥보드/ 삼천리자전거,http://item.gmarket.co.kr/Item?goodscode=1112014699
D***,201907**,M,5,기타 ,100만원 미만,아니오,          ,단독주택,광주,광산구,우산동,삼성,KT,레저/자동차,자전거/용품,자전거타이어/부품,삼천리알루미늄 핸드펌프  - 자전거 다용도 튜브 펌프 공기주입기,http://www.11st.co.kr/product/SellerProductDetail.tmall?method=getSellerProductDetail&prdNo=1218187968
D***9,201907**,F,4,"전문직 (의사, 판검사, 예술가, 종교인)",900~999만원,예    ,자녀 없음 ,아파트/ 주상복합,대전,서구,둔산2동,애플,SKT,레저/자동차,자전거/용품,자전거,지오스빈티지벨로체/GiosVintage Veloce 로드자전거,http://item.gmarket.co.kr/Item?goodscode=1273357815
D***8,201907**,M,4,무직,200~299만원,아니오,          ,연립주택/ 다세대/ 빌라,서울,강북구,미아동,LG,LG U+,레저/자동차,자전거/용품,자전거액세서리,로드MTB 충전식 자전거라이트 용품 18650 배터리,http://www.11st.co.kr/product/SellerProductDetail.tmall?method=getSellerProductDetail&prdNo=1004933124
D***0,201907**,F,5,"판매직 (상점점원, 보험설계사, 노점상)",700~799만원,예    ,자녀 있음 ,아파트/ 주상복합,경기,파주시,광탄면,삼성,SKT,레저/자동차,자전거/용품,자전거,베리벨로보스톤GS 22 18년형 22인치 MTB자전거,http://www.11st.co.kr/product/SellerProductDetail.tmall?method=getSellerProductDetail&prdNo=1264898395
D***,201907**,M,2,"사무직 (일반사무직, 공무원, 직업군인)",200~299만원,      ,          ,아파트/ 주상복합,경남,창원시 마산합포구,대내동,삼성,SKT,레저/자동차,자전거/용품,자전거액세서리,블랙울프자전거 라이트 용품 18650 배터리 충전기,http://www.11st.co.kr/product/SellerProductDetail.tmall?method=getSellerProductDetail&prdNo=1003701027
D***,201907**,F,2,"사무직 (일반사무직, 공무원, 직업군인)",200~299만원,      ,          ,아파트/ 주상복합,경남,창원시 의창구,동정동,삼성,SKT,자전거,자전거관리용품,에어펌프(발펌프),국산삼흥 발펌프 공기주입기 손펌프 에어펌프 자전거펌프 공 오토바이 바이크 휴대용 쌍발펌프 튜브 스포,http://www.11st.co.kr/product/SellerProductDetail.tmall?method=getSellerProductDetail&prdNo=1105695651
D***,201907**,M,2,"사무직 (일반사무직, 공무원, 직업군인)",200~299만원,      ,          ,아파트/ 주상복합,전북,완주군,삼례읍,삼성,SKT,자전거/보드,자전거액세서리,자전거짐받이,바이크박스블랙   -  생활용 여성용 접이식 자전거 짐받이 거치용 접이식 짐 바구니,http://item.gmarket.co.kr/Item?goodscode=128833406
D***,201907**,M,3,"사무직 (일반사무직, 공무원, 직업군인)",200~299만원,      ,          ,아파트/ 주상복합,서울,노원구,상계1동,삼성,SKT,자전거/보드,자전거라이트,자전거라이트/전조등,지바코76L 폴딩 립스탑 멀티 백 캠핑가방 수납가방,http://item.gmarket.co.kr/Item?goodscode=1111364071
D***,201907**,F,4,"사무직 (일반사무직, 공무원, 직업군인)",200~299만원,      ,          ,아파트/ 주상복합,서울,강남구,대치동,삼성,SKT,자전거,자전거,사이클,[HK]예거메티1디스크 로드자전거 카본포크 소라,http://www.11st.co.kr/product/SellerProductDetail.tmall?method=getSellerProductDetail&prdNo=1075538001
D***,201907**,M,4,"사무직 (일반사무직, 공무원, 직업군인)",200~299만원,      ,          ,아파트/ 주상복합,부산,수영구,광안1동,삼성,SKT,자전거,자전거관리용품,튜브벨브/어댑터/노즐,호비던롭밸브셋트 무시고무 공기 주입을 하여도 바람이 샐경우 교체,http://www.11st.co.kr/product/SellerProductDetail.tmall?method=getSellerProductDetail&prdNo=1244185249
D***5,201907**,M,4,"사무직 (일반사무직, 공무원, 직업군인)",200~299만원,      ,          ,아파트/ 주상복합,서울,구로구,개봉3동,삼성,SKT,자전거,자전거,사이클,[쿠베로]에어리아2.0신형소라18 무료조립+최강사은품 NEW SORA 18,http://www.11st.co.kr/product/SellerProductDetail.tmall?method=getSellerProductDetail&prdNo=1224036819
D***0,201907**,F,4,"자영업 (도소매업, 숙박업, 미용업)",300~399만원,예    ,자녀 있음 ,연립주택/ 다세대/ 빌라,서울,종로구,신교동,LG,LG U+,자전거,자전거신발/고글/헬멧,보호대,나스카썬블럭 쿨토시/네이비/팔토시/자외선차단/스포츠/골프/등산/자전거/테니스/암슬리브/운전,http://www.11st.co.kr/product/SellerProductDetail.tmall?method=getSellerProductDetail&prdNo=1274967893
D***4,201907**,F,3,"주부 (전업주부, 파트타임 근무 주부)",200~299만원,예    ,자녀 있음 ,아파트/ 주상복합,경기,성남시 분당구,정자동,애플,SKT,레저/자동차,자전거/용품,자전거액세서리,[엑스피크]엑스피크 자전거힙색 트윈포켓파우치 자전거파우치,http://item.gmarket.co.kr/Item?goodscode=1124173801
D***9,201907**,F,4,"서비스직 (요식업, 숙박업, 미용실종업원)",200~299만원,예    ,자녀 있음 ,아파트/ 주상복합,충남,천안시 서북구,쌍용동,삼성,SKT,자전거,튜닝용품,전시스탠드,토픽스텐드 DUAL TOUCH BIKE STAND 자전거거치대,http://www.11st.co.kr/product/SellerProductDetail.tmall?method=getSellerProductDetail&prdNo=1154312380
D***3,201907**,M,3,"사무직 (일반사무직, 공무원, 직업군인)",300~399만원,예    ,자녀 있음 ,아파트/ 주상복합,경북,안동시,안막동,삼성,KT,자전거,튜닝용품,전시스탠드,"자전거스텐드거치대/16,18,20,22,24,26스탠드 받침대 보관대 접이식 자전거용품",http://www.11st.co.kr/product/SellerProductDetail.tmall?method=getSellerProductDetail&prdNo=12932139
D***4,201907**,M,3,"사무직 (일반사무직, 공무원, 직업군인)",300~399만원,예    ,자녀 없음 ,연립주택/ 다세대/ 빌라,경기,용인시 수지구,동천동,삼성,KT,자전거,튜닝용품,거치대,(추천)말대가리 스마트 거치대/ 휴대폰거치대 스마트폰거치대 거치대 차량용폰거치대 핸폰거치대 헨드폰거,http://www.11st.co.kr/product/SellerProductDetail.tmall?method=getSellerProductDetail&prdNo=1222876667
D***,201907**,F,3,"사무직 (일반사무직, 공무원, 직업군인)",200~299만원,      ,          ,아파트/ 주상복합,서울,도봉구,창5동,삼성,SKT,레저/자동차,자전거/용품,자전거액세서리,[VELO]VL3147전립선안장 - MTB 로드 싸이클 자전거 전립선 벨로 쿠션안장,http://www.11st.co.kr/product/SellerProductDetail.tmall?method=getSellerProductDetail&prdNo=1099006895
D***,201907**,M,4,"사무직 (일반사무직, 공무원, 직업군인)",300~399만원,예    ,자녀 있음 ,아파트/ 주상복합,인천,중구,중산동,애플,SKT,자전거,자전거관리용품,펑크패치,자전거펑크패치(패치30개+접착제) 자전거타이어수리,http://www.11st.co.kr/product/SellerProductDetail.tmall?method=getSellerProductDetail&prdNo=12932340
D***,201907**,M,2,"학생 (초중고학생, 대학생, 대학원생)",500~599만원,아니오,          ,아파트/ 주상복합,충남,아산시,권곡동,삼성,SKT,캠핑/골프/헬스/자전거,자전거의류/용품,신발,뉴발란스운동화 774 NEWBALANCE 774 (M774BK3),http://www.hnsmall.com/display/goods.do?goods_code=11979566
D***,201907**,M,5,"사무직 (일반사무직, 공무원, 직업군인)",200~299만원,      ,          ,아파트/ 주상복합,경기,과천시,부림동,삼성,SKT,레저/자동차,자전거/용품,자전거액세서리,블랙울프자전거 라이트 용품 18650 배터리 충전기,http://www.11st.co.kr/product/SellerProductDetail.tmall?method=getSellerProductDetail&prdNo=1003701027
D***7,201907**,M,2,"사무직 (일반사무직, 공무원, 직업군인)",200~299만원,      ,          ,아파트/ 주상복합,경기,남양주시,진건읍,삼성,SKT,캠핑/골프/헬스/자전거,자전거의류/용품,기타용품,발목밴드,http://www.hnsmall.com/display/goods.do?goods_code=11522932
D***4,201907**,F,3,"교직 (교사, 유치원교사, 학원강사)",600~699만원,아니오,          ,아파트/ 주상복합,경기,화성시,반송동,애플,LG U+,레저/자동차,자전거/용품,자전거액세서리,완전사2017년 신형 KSM400-3 SE 연납축전지 12V/,http://www.11st.co.kr/product/SellerProductDetail.tmall?method=getSellerProductDetail&prdNo=1150653630
D***9,201907**,F,5,"교직 (교사, 유치원교사, 학원강사)",400~499만원,예    ,자녀 있음 ,연립주택/ 다세대/ 빌라,서울,서대문구,연희동,삼성,알뜰폰(MVNO),레저/자동차,자전거/용품,헬멧/보호장비,GAIUS어반헬멧 킥보드헬멧 성인 청소년헬멧,http://www.11st.co.kr/product/SellerProductDetail.tmall?method=getSellerProductDetail&prdNo=1036710596
D***3,201907**,M,3,"사무직 (일반사무직, 공무원, 직업군인)",200~299만원,      ,          ,아파트/ 주상복합,강원,강릉시,홍제동,삼성,SKT,레저/자동차,자전거/용품,자전거의류/잡화,[8601416-SJ]예식장갑/민자/백색/(100EA)/코팅장갑/장갑/안전장갑,http://www.11st.co.kr/product/SellerProductDetail.tmall?method=getSellerProductDetail&prdNo=1063242610
D***1,201907**,F,2,"사무직 (일반사무직, 공무원, 직업군인)",400~499만원,예    ,자녀 없음 ,연립주택/ 다세대/ 빌라,서울,금천구,독산4동,삼성,SKT,레저/자동차,자전거/용품,자전거,자전거공구셋트/5가지기능 스페너13mm 15mm 육각렌지4mm5mm6mm 부품 용품,http://www.11st.co.kr/product/SellerProductDetail.tmall?method=getSellerProductDetail&prdNo=1268973574
D***3,201907**,F,4,"주부 (전업주부, 파트타임 근무 주부)",400~499만원,예    ,자녀 있음 ,단독주택,대전,중구,목동,기타,알뜰폰(MVNO),자전거,자전거부품,안장,풀카본안장자전거안장 초경량 카본안장,http://www.11st.co.kr/product/SellerProductDetail.tmall?method=getSellerProductDetail&prdNo=1240983940
D***1,201907**,F,2,"학생 (초중고학생, 대학생, 대학원생)","1,000만원 이상",아니오,          ,아파트/ 주상복합,서울,서대문구,북가좌1동,LG,SKT,자전거/보드,자전거액세서리,자전거커버,스타시빅C-01 옥스포드 210D 자전거 커버,http://item.gmarket.co.kr/Item?goodscode=1266415303
D***9,201907**,F,5,"주부 (전업주부, 파트타임 근무 주부)",500~599만원,예    ,자녀 있음 ,아파트/ 주상복합,인천,서구,마전동,삼성,SKT,레저/자동차,자전거/용품,자전거의류/잡화,마스크/귀마개/멀티워머/넥워머/자전거/검정마스크,http://www.11st.co.kr/product/SellerProductDetail.tmall?method=getSellerProductDetail&prdNo=1167152971
D***1,201907**,M,5,"자영업 (도소매업, 숙박업, 미용업)",600~699만원,예    ,자녀 있음 ,아파트/ 주상복합,경기,김포시,마산동,삼성,SKT,자전거,자전거관리용품,펑크패치,구멍패치/번개표/자전거보수/타이어보수/빵꾸딱지/빵구패치/자전거정비/땜질/공구장터,http://www.11st.co.kr/product/SellerProductDetail.tmall?method=getSellerProductDetail&prdNo=1046577201
D***6,201907**,M,3,"사무직 (일반사무직, 공무원, 직업군인)",300~399만원,예    ,자녀 없음 ,아파트/ 주상복합,서울,노원구,상계1동,애플,SKT,레저/자동차,자전거/용품,자전거의류/잡화,아동.유아.어린이/무릎보호대.헬멧.장갑 세트/자전거용품.인라인스케이트.씽씽카.안전용품.블랙프라이데이,http://www.11st.co.kr/product/SellerProductDetail.tmall?method=getSellerProductDetail&prdNo=1066221250
D***1,201907**,M,2,"자영업 (도소매업, 숙박업, 미용업)",100~199만원,아니오,          ,단독주택,경북,경주시,서부동,삼성,SKT,자전거,자전거관리용품,에어펌프(발펌프),국산삼흥 발펌프 공기주입기 손펌프 에어펌프 자전거,http://www.11st.co.kr/product/SellerProductDetail.tmall?method=getSellerProductDetail&prdNo=1105695651
D***6,201907**,F,2,"사무직 (일반사무직, 공무원, 직업군인)",200~299만원,아니오,          ,오피스텔,서울,강서구,마곡동,애플,KT,자전거/보드,일반자전거,외발/삼륜/2인용,절대터지지않는알로이 컨츄리 성인 세발자전거 삼륜,http://item.gmarket.co.kr/Item?goodscode=1201833484
D***9,201907**,M,4,기타 ,200~299만원,아니오,          ,아파트/ 주상복합,경기,광주시,초월읍,애플,KT,레저/자동차,자전거/용품,자전거,[삼천리자전거][삼천리]여성용 클래식 자전거 라니아 22인치,http://www.lotteimall.com/goods/viewGoodsDetail.lotte?goods_no=1203462725
D***,201907**,M,4,"사무직 (일반사무직, 공무원, 직업군인)",200~299만원,      ,          ,아파트/ 주상복합,인천,중구,운서동,삼성,SKT,자전거,자전거부품,브레이크레버,브레이크레버/아동용/성인용/알로이브레이크레버/자전거부품/자전거브레이크레버,http://www.11st.co.kr/product/SellerProductDetail.tmall?method=getSellerProductDetail&prdNo=1280791866
D***,201907**,M,3,"사무직 (일반사무직, 공무원, 직업군인)",200~299만원,      ,          ,아파트/ 주상복합,서울,관악구,대학동,삼성,SKT,자전거,자전거신발/고글/헬멧,보호대,킹카301 성인 보호대 팔꿈치 손목 무릎 남여공용,http://www.11st.co.kr/product/SellerProductDetail.tmall?method=getSellerProductDetail&prdNo=1083507717
D***,201907**,M,3,"사무직 (일반사무직, 공무원, 직업군인)",200~299만원,      ,          ,아파트/ 주상복합,서울,관악구,청림동,삼성,SKT,자전거,자전거관리용품,펑크패치,구멍패치/번개표/자전거보수/타이어보수/빵꾸딱지/빵구패치/자전거정비/땜질/공구장터,http://www.11st.co.kr/product/SellerProductDetail.tmall?method=getSellerProductDetail&prdNo=1046577201
D***6,201907**,F,2,"사무직 (일반사무직, 공무원, 직업군인)",200~299만원,      ,          ,아파트/ 주상복합,서울,광진구,화양동,삼성,SKT,자전거,튜닝용품,트레일러,알톤키즈 트레일러/자전거/캐리어/손잡이/보조바퀴,http://www.11st.co.kr/product/SellerProductDetail.tmall?method=getSellerProductDetail&prdNo=1249445352
D***8,201907**,M,4,"자영업 (도소매업, 숙박업, 미용업)","1,000만원 이상",예    ,자녀 있음 ,아파트/ 주상복합,인천,서구,원당동,애플,LG U+,레저/자동차,자전거/용품,자전거타이어/부품,삼천리알루미늄 핸드펌프  - 자전거 다용도 튜브 펌프 공기주입기,http://www.11st.co.kr/product/SellerProductDetail.tmall?method=getSellerProductDetail&prdNo=1218187968
D***0,201907**,M,4,"사무직 (일반사무직, 공무원, 직업군인)",500~599만원,아니오,          ,아파트/ 주상복합,서울,성동구,성수2가3동,삼성,SKT,자전거,자전거,MTB,삼천리자전거팀60D MTB자전거 24단 알루미늄자전거,http://www.11st.co.kr/product/SellerProductDetail.tmall?method=getSellerProductDetail&prdNo=1230896068
D***8,201907**,F,3,"사무직 (일반사무직, 공무원, 직업군인)",200~299만원,아니오,          ,아파트/ 주상복합,경남,창원시 마산회원구,내서읍,애플,SKT,자전거,자전거신발/고글/헬멧,장갑,[MTB자전거장갑]라이딩장갑/여름장갑/반장갑,http://www.11st.co.kr/product/SellerProductDetail.tmall?method=getSellerProductDetail&prdNo=1274156192
D***2,201907**,F,4,"주부 (전업주부, 파트타임 근무 주부)",200~299만원,예    ,자녀 있음 ,아파트/ 주상복합,인천,남동구,만수2동,삼성,LG U+,레저/자동차,자전거/용품,자전거액세서리,스나이퍼코리아블랙울프 18650배터리 충전기모음,http://www.11st.co.kr/product/SellerProductDetail.tmall?method=getSellerProductDetail&prdNo=1272010256
D***4,201907**,M,3,"사무직 (일반사무직, 공무원, 직업군인)",200~299만원,예    ,자녀 있음 ,오피스텔,경북,구미시,형곡동,삼성,SKT,자전거,자전거,사이클,[쿠베로]에어리아2.0신형소라18 무료조립+최강사은품 NEW SORA 18,http://www.11st.co.kr/product/SellerProductDetail.tmall?method=getSellerProductDetail&prdNo=1224036819
D***4,201907**,M,3,"자영업 (도소매업, 숙박업, 미용업)",900~999만원,예    ,자녀 있음 ,아파트/ 주상복합,서울,구로구,구로5동,LG,LG U+,자전거,자전거관리용품,펑크패치,무료배송휴대용 펑크패치/타이어 튜브 레버 정비 수리 공구세트/자전거용품.부품,http://www.11st.co.kr/product/SellerProductDetail.tmall?method=getSellerProductDetail&prdNo=1028212762
D***1,201907**,M,5,"자영업 (도소매업, 숙박업, 미용업)",600~699만원,예    ,자녀 있음 ,아파트/ 주상복합,경기,김포시,마산동,삼성,SKT,자전거,자전거부품,변속기,변속레버/자전거기어/시마노변속레버/그립쉬프트,http://www.11st.co.kr/product/SellerProductDetail.tmall?method=getSellerProductDetail&prdNo=1280799725
D***6,201907**,F,3,"사무직 (일반사무직, 공무원, 직업군인)",300~399만원,아니오,          ,아파트/ 주상복합,대전,대덕구,법2동,삼성,KT,레저/자동차,자전거/용품,자전거,사은품증정[삼천리자전거]아이비/어린이자전거/아동용,http://www.11st.co.kr/product/SellerProductDetail.tmall?method=getSellerProductDetail&prdNo=1079264363
D***,201907**,M,2,"사무직 (일반사무직, 공무원, 직업군인)",200~299만원,      ,          ,아파트/ 주상복합,경기,성남시 수정구,신흥3동,삼성,SKT,자전거,자전거신발/고글/헬멧,보호대,[AQUA-X/국산]발렌티노무봉제 쿨토시/아쿠아엑스,http://www.11st.co.kr/product/SellerProductDetail.tmall?method=getSellerProductDetail&prdNo=1261126293
D***,201907**,M,2,"사무직 (일반사무직, 공무원, 직업군인)",200~299만원,      ,          ,아파트/ 주상복합,대구,수성구,만촌3동,삼성,SKT,자전거/보드,자전거타이어/부품,자전거튜브,[흥아]흥아 700C x 23/25C 프레스타 60mm 자전거튜브 로드,http://item.gmarket.co.kr/Item?goodscode=1287260612
D***,201907**,M,5,"사무직 (일반사무직, 공무원, 직업군인)",200~299만원,      ,          ,아파트/ 주상복합,서울,강남구,개포1동,삼성,SKT,레저/자동차,자전거/용품,자전거의류/잡화,사은품증정나루 마스크 자전거 자외선차단 등산 골프 바라클라바 버프 겨울 방한 넥워머 복면  오토바이,http://www.11st.co.kr/product/SellerProductDetail.tmall?method=getSellerProductDetail&prdNo=1070268365
D***,201907**,F,4,"사무직 (일반사무직, 공무원, 직업군인)",200~299만원,      ,          ,아파트/ 주상복합,광주,광산구,신창동,삼성,SKT,자전거,튜닝용품,후미등,자전거후미등2구 실리콘 후미등 LED비상등 안전등 야간 라이딩 유모차 오토바이 3가지 모드,http://www.11st.co.kr/product/SellerProductDetail.tmall?method=getSellerProductDetail&prdNo=1253472408
D***2,201907**,F,3,"사무직 (일반사무직, 공무원, 직업군인)",200~299만원,      ,          ,아파트/ 주상복합,충북,충주시,용산동,삼성,SKT,레저/자동차,자전거/용품,자전거액세서리,[VELO]VL3147전립선안장 - MTB 로드 싸이클 자전거 전립선 벨로 쿠션안장,http://www.11st.co.kr/product/SellerProductDetail.tmall?method=getSellerProductDetail&prdNo=1099006895
D***3,201907**,M,4,무직,100~199만원,아니오,          ,연립주택/ 다세대/ 빌라,경기,양주시,고읍동,삼성,SKT,자전거,튜닝용품,트레이너(로라),엘리트노보 맥 포스/자전거용품/자전거롤러,http://www.11st.co.kr/product/SellerProductDetail.tmall?method=getSellerProductDetail&prdNo=1271754585
D***7,201907**,F,2,"사무직 (일반사무직, 공무원, 직업군인)",200~299만원,      ,          ,아파트/ 주상복합,경기,광명시,광명동,삼성,SKT,자전거,튜닝용품,물통받침대,대만아이베라 경량 물통케이지 물병 더블 안장마운트,http://www.11st.co.kr/product/SellerProductDetail.tmall?method=getSellerProductDetail&prdNo=1084359208
D***5,201907**,M,5,기타 ,"1,000만원 이상",예    ,자녀 있음 ,단독주택,광주,북구,두암1동,삼성,알뜰폰(MVNO),레저/자동차,자전거/용품,자전거액세서리,[J]쿨시트 방석 오토바이 스쿠터 헬멧 용품,http://www.11st.co.kr/product/SellerProductDetail.tmall?method=getSellerProductDetail&prdNo=1082590066
D***1,201907**,M,2,"사무직 (일반사무직, 공무원, 직업군인)",200~299만원,      ,          ,아파트/ 주상복합,전남,목포시,죽교동,삼성,SKT,레저/자동차,자전거/용품,자전거,[21세기스쿠터]질주본능!21세기스쿠터/미드미 外 봄바람 일으키는 모빌리티 컬렉션,http://www.lotteimall.com/goods/viewGoodsDetail.lotte?goods_no=1154385444
D***8,201907**,M,4,"전문직 (의사, 판검사, 예술가, 종교인)",900~999만원,예    ,자녀 있음 ,아파트/ 주상복합,광주,남구,봉선2동,삼성,LG U+,레저/자동차,자전거/용품,자전거액세서리,자전거유아안장전방유아안장 아동보조안장,http://www.11st.co.kr/product/SellerProductDetail.tmall?method=getSellerProductDetail&prdNo=124145685
D***9,201907**,F,4,"주부 (전업주부, 파트타임 근무 주부)",500~599만원,예    ,자녀 있음 ,아파트/ 주상복합,경기,성남시 분당구,분당동,삼성,KT,자전거/보드,자전거라이트,라이트거치대,페어맨만능 18650충전기 FLIC-210 자전거라이트 2구,http://item.gmarket.co.kr/Item?goodscode=1237810051
D***9,201907**,M,4,"사무직 (일반사무직, 공무원, 직업군인)",300~399만원,예    ,자녀 있음 ,아파트/ 주상복합,경남,김해시,장유면,삼성,KT,자전거,자전거신발/고글/헬멧,헬멧,자전거커버방수 덮개 오토바이,http://www.11st.co.kr/product/SellerProductDetail.tmall?method=getSellerProductDetail&prdNo=1269616509
D***5,201907**,M,2,"학생 (초중고학생, 대학생, 대학원생)",200~299만원,아니오,          ,단독주택,대구,동구,방촌동,삼성,알뜰폰(MVNO),자전거,자전거신발/고글/헬멧,장갑,자전거방한토시 바이크 핸들덮개 방한커버 손토시,http://www.11st.co.kr/product/SellerProductDetail.tmall?method=getSellerProductDetail&prdNo=1164858474
D***3,201907**,M,3,"사무직 (일반사무직, 공무원, 직업군인)",500~599만원,아니오,          ,아파트/ 주상복합,서울,노원구,상계3.4동,삼성,SKT,자전거,자전거,MTB,"[삼천리]미키마우스 미키키즈14,16,18형 아동 자전거",http://www.11st.co.kr/product/SellerProductDetail.tmall?method=getSellerProductDetail&prdNo=1248195280
D***2,201907**,F,3,"사무직 (일반사무직, 공무원, 직업군인)",300~399만원,예    ,자녀 없음 ,아파트/ 주상복합,경기,수원시 권선구,권선동,삼성,SKT,자전거,자전거신발/고글/헬멧,장갑,[MTB자전거장갑]라이딩장갑/여름장갑/반장갑,http://www.11st.co.kr/product/SellerProductDetail.tmall?method=getSellerProductDetail&prdNo=1274156192
D***,201907**,M,3,"사무직 (일반사무직, 공무원, 직업군인)",200~299만원,아니오,          ,오피스텔,경기,오산시,청호동,애플,알뜰폰(MVNO),레저/자동차,자전거/용품,헬멧/보호장비,심플한도시형헬멧/빅이글 어반헬멧/자전거용품/인라인,http://www.11st.co.kr/product/SellerProductDetail.tmall?method=getSellerProductDetail&prdNo=1187901648
D***,201907**,M,3,"사무직 (일반사무직, 공무원, 직업군인)",200~299만원,      ,          ,아파트/ 주상복합,서울,성북구,길음1동,삼성,SKT,자전거,자전거신발/고글/헬멧,보호대,특가쿨토시 1+1 (2세트) /토시/아동쿨토시/팔토시,http://www.11st.co.kr/product/SellerProductDetail.tmall?method=getSellerProductDetail&prdNo=1291753831
D***,201907**,F,2,"사무직 (일반사무직, 공무원, 직업군인)",200~299만원,      ,          ,아파트/ 주상복합,인천,남구,문학동,삼성,SKT,레저/자동차,자전거/용품,헬멧/보호장비,가성비좋은 헬멧/빅이글 자전거헬멧/보호대/인라인/자전거용품,http://www.11st.co.kr/product/SellerProductDetail.tmall?method=getSellerProductDetail&prdNo=1187889237
D***8,201907**,M,4,"사무직 (일반사무직, 공무원, 직업군인)",200~299만원,      ,          ,아파트/ 주상복합,서울,노원구,공릉동,삼성,SKT,자전거/보드,자전거액세서리,자전거스마트폰거치대,4방향완벽고정 자전거 스마트폰 거치대 (블랙),http://item.gmarket.co.kr/Item?goodscode=1235492029
D***5,201907**,M,3,무직,100~199만원,아니오,          ,오피스텔,충북,청원군,오창읍,삼성,SKT,자전거,튜닝용품,후미등,누빔멀티 라이트 NB-600 자전거 후미등 방향지시등,http://www.11st.co.kr/product/SellerProductDetail.tmall?method=getSellerProductDetail&prdNo=115116197
D***8,201907**,M,5,무직,200~299만원,예    ,자녀 있음 ,연립주택/ 다세대/ 빌라,서울,서초구,방배4동,삼성,LG U+,레저/자동차,자전거/용품,자전거의류/잡화,[PUMA]푸마 여성 기모 티셔츠 3종세트 NFYKFG01,http://www.hnsmall.com/display/goods.do?goods_code=12835184
D***1,201907**,F,5,"교직 (교사, 유치원교사, 학원강사)",200~299만원,예    ,자녀 있음 ,연립주택/ 다세대/ 빌라,서울,강동구,고덕동,애플,SKT,레저/자동차,자전거/용품,자전거,알톤베네통BKS18/16 어린이자전거 삼천리 아동자전거,http://www.11st.co.kr/product/SellerProductDetail.tmall?method=getSellerProductDetail&prdNo=1215156477
D***0,201907**,M,3,무직,100만원 미만,아니오,          ,기타 ,경북,구미시,인의동,LG,SKT,자전거,튜닝용품,흙받이,자전거흙받이/짐받이가방/강철크롬짐받이/받침대/보조안장/쇼바형짐받이/자전거용품,http://www.11st.co.kr/product/SellerProductDetail.tmall?method=getSellerProductDetail&prdNo=1081764401
D***8,201907**,M,4,무직,200~299만원,아니오,          ,연립주택/ 다세대/ 빌라,서울,강북구,미아동,LG,LG U+,캠핑/골프/헬스/자전거,자전거의류/용품,공용상의,[MCN]윈드베스트 MSV-16 블랙/자전거조끼,http://www.hnsmall.com/display/goods.do?goods_code=12602302
D***0,201907**,F,2,"사무직 (일반사무직, 공무원, 직업군인)",200~299만원,      ,          ,아파트/ 주상복합,서울,동작구,노량진2동,삼성,SKT,레저/자동차,자전거/용품,자전거액세서리,블랙울프미니줌 줌라이트 LED랜턴 후레쉬 자전거용품,http://www.11st.co.kr/product/SellerProductDetail.tmall?method=getSellerProductDetail&prdNo=1182033172
D***,201907**,M,4,"사무직 (일반사무직, 공무원, 직업군인)",200~299만원,      ,          ,아파트/ 주상복합,서울,구로구,개봉1동,삼성,SKT,자전거/보드,자전거타이어/부품,자전거튜브,[흥아]흥아 700C x 23/25C 프레스타 80mm 자전거튜브 로드,http://item.gmarket.co.kr/Item?goodscode=1287261891
D***,201907**,M,4,"사무직 (일반사무직, 공무원, 직업군인)",300~399만원,예    ,자녀 있음 ,단독주택,인천,중구,도원동,삼성,SKT,레저/자동차,자전거/용품,자전거,삼천리가족형 HF200 7단 미니벨로 20형 접이식자전거,http://www.11st.co.kr/product/SellerProductDetail.tmall?method=getSellerProductDetail&prdNo=1096162616
D***,201907**,F,3,"사무직 (일반사무직, 공무원, 직업군인)",200~299만원,      ,          ,아파트/ 주상복합,인천,서구,경서동,삼성,SKT,자전거,자전거신발/고글/헬멧,장갑,자전거방한토시 바이크 핸들덮개 방한커버 손토시,http://www.11st.co.kr/product/SellerProductDetail.tmall?method=getSellerProductDetail&prdNo=1164858474
D***,201907**,F,4,"주부 (전업주부, 파트타임 근무 주부)",600~699만원,예    ,자녀 있음 ,아파트/ 주상복합,부산,사상구,주례2동,삼성,LG U+,캠핑/골프/헬스/자전거,자전거의류/용품,신발,뉴발란스운동화 774 NEWBALANCE 774 (M774BK3),http://www.hnsmall.com/display/goods.do?goods_code=11979566
D***9,201907**,M,2,"사무직 (일반사무직, 공무원, 직업군인)",200~299만원,      ,          ,아파트/ 주상복합,울산,울주군,서생면,삼성,SKT,자전거/보드,자전거바구니/가방,크로스가방,[엑스피크]2포켓 스마트폰 파우치/암밴드+목걸이 기본증정,http://item.gmarket.co.kr/Item?goodscode=1187012646
D***4,201907**,F,4,"주부 (전업주부, 파트타임 근무 주부)",500~599만원,예    ,자녀 있음 ,아파트/ 주상복합,제주,제주시,외도1동,삼성,SKT,레저/자동차,자전거/용품,자전거의류/잡화,"하이맥스매쉬 긴장갑 -  봄,여름,가을 장갑",http://www.11st.co.kr/product/SellerProductDetail.tmall?method=getSellerProductDetail&prdNo=1210492663
D***8,201907**,F,4,"사무직 (일반사무직, 공무원, 직업군인)",400~499만원,아니오,          ,아파트/ 주상복합,경기,김포시,사우동,삼성,LG U+,자전거,자전거부품,체인,MYBN 10단 실버_S10CR 체인,http://www.11st.co.kr/product/SellerProductDetail.tmall?method=getSellerProductDetail&prdNo=1272548067
D***3,201907**,M,4,"사무직 (일반사무직, 공무원, 직업군인)",200~299만원,아니오,          ,단독주택,서울,중구,황학동,LG,알뜰폰(MVNO),자전거,자전거관리용품,에어펌프(발펌프),GIYO지요 GF-56GTB ULTRA 자전거펌프 공기배출기능,http://www.11st.co.kr/product/SellerProductDetail.tmall?method=getSellerProductDetail&prdNo=1147853726
D***0,201907**,F,4,"주부 (전업주부, 파트타임 근무 주부)",300~399만원,예    ,자녀 있음 ,아파트/ 주상복합,경기,김포시,고촌읍,삼성,SKT,레저/자동차,자전거/용품,자전거타이어/부품,자전거수리키트+펌프 자전거공구세트 펑크패치,http://www.11st.co.kr/product/SellerProductDetail.tmall?method=getSellerProductDetail&prdNo=1103998698
D***7,201907**,M,3,"전문직 (의사, 판검사, 예술가, 종교인)",400~499만원,아니오,          ,아파트/ 주상복합,충북,청주시 흥덕구,개신동,삼성,알뜰폰(MVNO),레저/자동차,자전거/용품,자전거,베리벨로보스톤GS 22 18년형 22인치 MTB자전거,http://www.11st.co.kr/product/SellerProductDetail.tmall?method=getSellerProductDetail&prdNo=1264898395
D***9,201907**,M,3,"전문직 (의사, 판검사, 예술가, 종교인)",500~599만원,예    ,자녀 있음 ,아파트/ 주상복합,전남,여수시,여서동,삼성,LG U+,자전거,자전거,MTB,삼천리자전거/하운드팀50D/MTB자전거/산악자전거,http://www.11st.co.kr/product/SellerProductDetail.tmall?method=getSellerProductDetail&prdNo=1254184372
D***8,201907**,F,4,"교직 (교사, 유치원교사, 학원강사)",200~299만원,예    ,자녀 있음 ,연립주택/ 다세대/ 빌라,부산,사상구,주례2동,애플,LG U+,레저/자동차,자전거/용품,헬멧/보호장비,자전거어반헬멧 어린이헬멧 인라인 헬맷 킥보드헬멧,http://www.11st.co.kr/product/SellerProductDetail.tmall?method=getSellerProductDetail&prdNo=1253467301
D***,201907**,F,2,"사무직 (일반사무직, 공무원, 직업군인)",200~299만원,      ,          ,아파트/ 주상복합,서울,강동구,성내3동,삼성,SKT,자전거/보드,자전거장갑/잡화,자전거장갑,[프로스펙스]스마트 방한장갑 등산장갑 자전거장갑 겨울장갑 축구,http://item.gmarket.co.kr/Item?goodscode=1150372758
D***,201907**,F,3,"사무직 (일반사무직, 공무원, 직업군인)",200~299만원,      ,          ,아파트/ 주상복합,서울,서초구,방배동,삼성,SKT,자전거/보드,자전거신발/페달,자전거페달,자전거보조발판(소/중)자전거발받침/발판 알루미늄,http://item.gmarket.co.kr/Item?goodscode=1155657749
D***,201907**,F,4,"사무직 (일반사무직, 공무원, 직업군인)",200~299만원,      ,          ,아파트/ 주상복합,강원,춘천시,우두동,삼성,SKT,레저/자동차,자전거/용품,자전거의류/잡화,극세사기모 방한 넥워머 바라클라바 겨울 목토시 자전거 방한마스크 멀티스카프 털모자,http://www.11st.co.kr/product/SellerProductDetail.tmall?method=getSellerProductDetail&prdNo=1171528780
D***,201907**,M,4,"사무직 (일반사무직, 공무원, 직업군인)",200~299만원,예    ,자녀 있음 ,아파트/ 주상복합,서울,성북구,길음동,삼성,SKT,자전거,튜닝용품,전시스탠드,KT05 자전거킥스탠드 자전거받침대 자전거용품,http://www.11st.co.kr/product/SellerProductDetail.tmall?method=getSellerProductDetail&prdNo=1058282299
D***,201907**,M,4,"사무직 (일반사무직, 공무원, 직업군인)",200~299만원,      ,          ,아파트/ 주상복합,서울,강서구,공항동,삼성,SKT,레저/자동차,자전거/용품,자전거,자이덴라스카FX20 20인치 7단 접이식 자전거,http://www.11st.co.kr/product/SellerProductDetail.tmall?method=getSellerProductDetail&prdNo=1202758720
D***,201907**,F,3,"사무직 (일반사무직, 공무원, 직업군인)",200~299만원,      ,          ,아파트/ 주상복합,경기,광명시,광명7동,삼성,SKT,자전거,자전거,MTB,삼천리자전거/하운드팀50D/MTB자전거/산악자전거,http://www.11st.co.kr/product/SellerProductDetail.tmall?method=getSellerProductDetail&prdNo=1254184372
D***,201907**,M,5,"사무직 (일반사무직, 공무원, 직업군인)",400~499만원,예    ,자녀 있음 ,아파트/ 주상복합,강원,동해시,쇄운동,삼성,SKT,자전거,자전거신발/고글/헬멧,보호대,나스카썬블럭 쿨토시/네이비/팔토시/자외선차단/스포츠/골프/등산/자전거/테니스/암슬리브/운전,http://www.11st.co.kr/product/SellerProductDetail.tmall?method=getSellerProductDetail&prdNo=1274967893
D***,201907**,M,4,"기능직 (자동차정비, 운전기사, 안경사, 택시기사)","1,000만원 이상",아니오,          ,연립주택/ 다세대/ 빌라,충북,제천시,봉양읍,삼성,SKT,레저/자동차,자전거/용품,자전거액세서리,▶빔라이트충전식 자전거 후미등┃자전거용품┃레저용품┃자전거악세사리┃자전거라이트┃후미등┃,http://www.11st.co.kr/product/SellerProductDetail.tmall?method=getSellerProductDetail&prdNo=1246317584
D***8,201907**,M,5,"사무직 (일반사무직, 공무원, 직업군인)",200~299만원,      ,          ,아파트/ 주상복합,경기,용인시 수지구,신봉동,삼성,SKT,레저/자동차,자전거/용품,자전거액세서리,"매그닉라이트/전조등,후미등싱글판매/충전필요없는 독일특허 비접촉 자전거라이트/자전거용품/무료배송",http://www.11st.co.kr/product/SellerProductDetail.tmall?method=getSellerProductDetail&prdNo=1242176076
D***0,201907**,F,2,"학생 (초중고학생, 대학생, 대학원생)",500~599만원,아니오,          ,아파트/ 주상복합,강원,강릉시,입암동,애플,SKT,레저/자동차,자전거/용품,자전거,[스마트자전거]반티아고G21 하이브리드자전거 21단 클래식 2018년,http://www.lotteimall.com/goods/viewGoodsDetail.lotte?goods_no=1203110269
D***9,201907**,F,4,"주부 (전업주부, 파트타임 근무 주부)",700~799만원,예    ,자녀 있음 ,아파트/ 주상복합,충남,계룡시,엄사면,삼성,LG U+,자전거,자전거부품,튜브,[FNS]즈와유무시고무 없는 던롭밸브 세트/던롭튜브,http://www.11st.co.kr/product/SellerProductDetail.tmall?method=getSellerProductDetail&prdNo=1217450472
D***,201907**,F,2,"사무직 (일반사무직, 공무원, 직업군인)",200~299만원,      ,          ,아파트/ 주상복합,서울,강남구,개포4동,삼성,SKT,레저/자동차,자전거/용품,자전거의류/잡화,극세사기모 방한 넥워머 바라클라바 겨울 목토시 자전거 방한마스크 멀티스카프 털모자,http://www.11st.co.kr/product/SellerProductDetail.tmall?method=getSellerProductDetail&prdNo=1171528780
D***,201907**,F,2,"사무직 (일반사무직, 공무원, 직업군인)",200~299만원,      ,          ,아파트/ 주상복합,인천,남동구,만수1동,삼성,SKT,레저/자동차,자전거/용품,자전거액세서리,자전거비밀번호 자물쇠 (소)  No75,http://item.gmarket.co.kr/Item?goodscode=1235749090
D***,201907**,M,4,"사무직 (일반사무직, 공무원, 직업군인)",200~299만원,      ,          ,아파트/ 주상복합,서울,강남구,압구정동,삼성,SKT,자전거,자전거신발/고글/헬멧,헬멧,2018GIRO 지로 QUARTER 쿼터 어반 자전거 헬멧 BMX,http://www.11st.co.kr/product/SellerProductDetail.tmall?method=getSellerProductDetail&prdNo=1246004626
D***,201907**,M,4,"사무직 (일반사무직, 공무원, 직업군인)",200~299만원,      ,          ,아파트/ 주상복합,서울,성동구,성수2가1동,삼성,SKT,자전거,자전거,MTB,삼천리자전거팀60D MTB자전거 24단 알루미늄자전거,http://www.11st.co.kr/product/SellerProductDetail.tmall?method=getSellerProductDetail&prdNo=1230896068
D***6,201907**,F,2,"사무직 (일반사무직, 공무원, 직업군인)","1,000만원 이상",예    ,자녀 있음 ,단독주택,경기,수원시 영통구,영통동,LG,LG U+,유아동,유아동완구/교구,승용완구,STONETREE스톤트리 트라이크 - 유모차 세발 자전거,http://item.gmarket.co.kr/Item?goodscode=1129986013
D***3,201907**,M,5,"자영업 (도소매업, 숙박업, 미용업)",800~899만원,예    ,자녀 있음 ,연립주택/ 다세대/ 빌라,서울,강서구,화곡1동,삼성,SKT,자전거,자전거관리용품,에어펌프(발펌프),국산삼흥 발펌프 공기주입기 손펌프 에어펌프 자전거펌프 공 오토바이 바이크 휴대용 쌍발펌프 튜브 스포,http://www.11st.co.kr/product/SellerProductDetail.tmall?method=getSellerProductDetail&prdNo=1105695651
D***5,201907**,M,2,"사무직 (일반사무직, 공무원, 직업군인)",200~299만원,      ,          ,아파트/ 주상복합,대전,서구,둔산동,삼성,SKT,레저/자동차,자전거/용품,자전거,알톤베네통BKS18/16 어린이자전거 삼천리 아동자전거,http://www.11st.co.kr/product/SellerProductDetail.tmall?method=getSellerProductDetail&prdNo=1215156477
D***7,201907**,F,3,"판매직 (상점점원, 보험설계사, 노점상)",300~399만원,아니오,          ,아파트/ 주상복합,서울,노원구,월계1동,삼성,알뜰폰(MVNO),자전거,자전거부품,튜브,자전거고급 타이어 튜브/던롭 프레스타 슈레더 튜브/슈발베 켄다 CST튜브/자전거용품 부품,http://www.11st.co.kr/product/SellerProductDetail.tmall?method=getSellerProductDetail&prdNo=1096604696
D***3,201907**,F,2,"사무직 (일반사무직, 공무원, 직업군인)",200~299만원,      ,          ,아파트/ 주상복합,서울,강남구,개포1동,삼성,SKT,자전거,자전거관리용품,광택,자전거방수보관커버/방수자전거 커버/PEVA원단,http://www.11st.co.kr/product/SellerProductDetail.tmall?method=getSellerProductDetail&prdNo=1255618282
D***5,201907**,F,2,"사무직 (일반사무직, 공무원, 직업군인)",600~699만원,아니오,          ,단독주택,경남,사천시,사천읍,애플,LG U+,레저/자동차,자전거/용품,자전거,스타카토에스코트 7단 접이식 자전거 바구니 포함,http://www.11st.co.kr/product/SellerProductDetail.tmall?method=getSellerProductDetail&prdNo=1216359097
D***,201907**,M,3,"사무직 (일반사무직, 공무원, 직업군인)",200~299만원,      ,          ,아파트/ 주상복합,경기,수원시 권선구,권선동,삼성,SKT,레저/자동차,자전거/용품,자전거타이어/부품,야광젤타입 자전거 안장 자전거 용품 레저 취미,http://item.gmarket.co.kr/Item?goodscode=1268231013
D***,201907**,F,3,"사무직 (일반사무직, 공무원, 직업군인)","1,000만원 이상",아니오,          ,아파트/ 주상복합,경기,수원시 영통구,망포동,애플,SKT,자전거,자전거관리용품,튜브벨브/어댑터/노즐,[아답터모음] 던롭 프레스타 슈레더 공 튜브 어뎁터 펌프 호환 아답타 공기주입 던롭집게 자전거용품,http://www.11st.co.kr/product/SellerProductDetail.tmall?method=getSellerProductDetail&prdNo=1002005394
D***,201907**,M,3,"사무직 (일반사무직, 공무원, 직업군인)",200~299만원,예    ,자녀 없음 ,연립주택/ 다세대/ 빌라,서울,종로구,행촌동,삼성,SKT,레저/자동차,자전거/용품,자전거,[삼천리자전거][삼천리]여성용 클래식 자전거 라니아 22인치,http://www.lotteimall.com/goods/viewGoodsDetail.lotte?goods_no=1203462725
D***5,201907**,M,4,"사무직 (일반사무직, 공무원, 직업군인)",500~599만원,예    ,자녀 있음 ,아파트/ 주상복합,경기,성남시 수정구,창곡동,LG,알뜰폰(MVNO),자전거,자전거신발/고글/헬멧,헬멧,코아브어반st 자전거 헬멧 성인용 용품 보드 인라인,http://www.11st.co.kr/product/SellerProductDetail.tmall?method=getSellerProductDetail&prdNo=1219634494
D***3,201907**,M,3,"사무직 (일반사무직, 공무원, 직업군인)",200~299만원,      ,          ,아파트/ 주상복합,경기,성남시 수정구,신흥1동,삼성,SKT,자전거,자전거관리용품,에어펌프(발펌프),발펌프/튜브/휴대용/쌍발/자전거/공기주입기/에어펌프/타이어공기/축구공/농구공/바람넣기/외발/강력발펌프,http://www.11st.co.kr/product/SellerProductDetail.tmall?method=getSellerProductDetail&prdNo=1091662162
D***4,201907**,M,2,"학생 (초중고학생, 대학생, 대학원생)",600~699만원,아니오,          ,아파트/ 주상복합,충북,음성군,금왕읍,애플,KT,자전거/보드,자전거타이어/부품,자전거튜브,[CST]700x25/32C fv60mm 자전거튜브 프레스타 흥아 켄다,http://item.gmarket.co.kr/Item?goodscode=1283528097
D***6,201907**,F,3,"사무직 (일반사무직, 공무원, 직업군인)",200~299만원,아니오,          ,아파트/ 주상복합,경기,남양주시,진접읍,삼성,LG U+,레저/자동차,자전거/용품,자전거,알톤베네통BKS18/16 어린이자전거 삼천리 아동자전거,http://www.11st.co.kr/product/SellerProductDetail.tmall?method=getSellerProductDetail&prdNo=1215156477
D***,201907**,M,4,"사무직 (일반사무직, 공무원, 직업군인)",900~999만원,예    ,자녀 있음 ,아파트/ 주상복합,서울,송파구,송파1동,LG,LG U+,레저/자동차,자전거/용품,자전거,[알톤]갤럽22 21단 앞쇼바 7~11세 시마노인투스기어,http://www.11st.co.kr/product/SellerProductDetail.tmall?method=getSellerProductDetail&prdNo=1230962682
D***,201907**,F,5,"사무직 (일반사무직, 공무원, 직업군인)",200~299만원,      ,          ,아파트/ 주상복합,서울,서대문구,홍제2동,삼성,SKT,자전거/보드,일반자전거,픽시자전거,벤데타벨루가 700C 알로이 에어로 프레임 픽시자전거,http://item.gmarket.co.kr/Item?goodscode=1219375759
D***,201907**,F,5,"사무직 (일반사무직, 공무원, 직업군인)",200~299만원,      ,          ,아파트/ 주상복합,서울,노원구,상계동,삼성,SKT,자전거,자전거관리용품,펑크패치,무료배송휴대용 펑크패치/타이어 튜브 레버 정비 수리 공구세트/자전거용품.부품,http://www.11st.co.kr/product/SellerProductDetail.tmall?method=getSellerProductDetail&prdNo=1028212762
D***,201907**,F,3,"사무직 (일반사무직, 공무원, 직업군인)",200~299만원,      ,          ,아파트/ 주상복합,서울,금천구,독산3동,삼성,SKT,유아동,유아동완구/교구,승용완구,ZOKO조코유아동 체인자전거9종(3세~7세사용)+컵홀더,http://item.gmarket.co.kr/Item?goodscode=1109676457
D***,201907**,F,2,"사무직 (일반사무직, 공무원, 직업군인)",200~299만원,      ,          ,아파트/ 주상복합,서울,양천구,신월3동,삼성,SKT,자전거,자전거부품,안장,삼천리전립선 안장패드/MTB ROAD 안장용 쿠션커버/하이브리드 안장커버/자전거안장커버/로드용 자전거용품,http://www.11st.co.kr/product/SellerProductDetail.tmall?method=getSellerProductDetail&prdNo=1232420657
D***,201907**,F,3,"사무직 (일반사무직, 공무원, 직업군인)",200~299만원,      ,          ,아파트/ 주상복합,인천,동구,송현동,삼성,SKT,자전거,자전거부품,핸들그립,Giant그립/Connect 커넥트 에르고 맥스 락온 (2색상),http://www.11st.co.kr/product/SellerProductDetail.tmall?method=getSellerProductDetail&prdNo=1137382869
D***3,201907**,M,5,"사무직 (일반사무직, 공무원, 직업군인)",200~299만원,      ,          ,아파트/ 주상복합,부산,사상구,삼락동,삼성,SKT,레저/자동차,자전거/용품,자전거의류/잡화,"휘너스/땀냄새,물빠짐없는선수용 기능성 스포츠 스판웨어 하의모음/속건+항균/언더레이어 챌린저5부",http://www.11st.co.kr/product/SellerProductDetail.tmall?method=getSellerProductDetail&prdNo=1280155662
D***3,201907**,F,2,"사무직 (일반사무직, 공무원, 직업군인)",200~299만원,      ,          ,아파트/ 주상복합,서울,동대문구,장안동,삼성,SKT,자전거/보드,자전거타이어/부품,자전거튜브,[흥아]흥아 700C x 23/25C 프레스타 80mm 자전거튜브 로드,http://item.gmarket.co.kr/Item?goodscode=1287261891
D***7,201907**,M,3,"사무직 (일반사무직, 공무원, 직업군인)",200~299만원,      ,          ,아파트/ 주상복합,경기,성남시 분당구,서현동,삼성,SKT,레저/자동차,자전거/용품,자전거,도미니크24인치하이브리드자전거초등학생~중학생까지,http://www.11st.co.kr/product/SellerProductDetail.tmall?method=getSellerProductDetail&prdNo=1090901926
D***2,201907**,M,2,"사무직 (일반사무직, 공무원, 직업군인)",200~299만원,      ,          ,아파트/ 주상복합,대전,유성구,구성동,삼성,SKT,자전거,튜닝용품,전시스탠드,토픽스텐드 DUAL TOUCH BIKE STAND 자전거거치대,http://www.11st.co.kr/product/SellerProductDetail.tmall?method=getSellerProductDetail&prdNo=1154312380
D***5,201907**,M,3,"사무직 (일반사무직, 공무원, 직업군인)",500~599만원,예    ,자녀 없음 ,아파트/ 주상복합,경기,안양시 동안구,평안동,애플,KT,레저/자동차,자전거/용품,자전거액세서리,자전거휠 라이트 안전등  LED라이트 후미등,http://www.11st.co.kr/product/SellerProductDetail.tmall?method=getSellerProductDetail&prdNo=1076764951
D***8,201907**,F,2,"학생 (초중고학생, 대학생, 대학원생)",400~499만원,아니오,          ,아파트/ 주상복합,광주,남구,백운동,애플,KT,캠핑/골프/헬스/자전거,자전거,전기자전거,전동킥보드마이봇 ERT-8/ 38V/ 18.4Ah / 삼성배터리/ 레져스포츠,http://www.hnsmall.com/display/goods.do?goods_code=12231883
D***9,201907**,F,3,"사무직 (일반사무직, 공무원, 직업군인)",500~599만원,예    ,자녀 있음 ,아파트/ 주상복합,대전,유성구,문지동,애플,KT,레저/자동차,자전거/용품,자전거액세서리,카멜백포디엄 칠리 610ml 자전거물통 보냉 물병,http://www.11st.co.kr/product/SellerProductDetail.tmall?method=getSellerProductDetail&prdNo=1019561002
D***,201907**,M,4,"사무직 (일반사무직, 공무원, 직업군인)",200~299만원,      ,          ,아파트/ 주상복합,경기,고양시 일산동구,중산동,삼성,SKT,자전거/보드,자전거신발/페달,자전거페달,자전거보조발판(소/중)자전거발받침/발판 알루미늄,http://item.gmarket.co.kr/Item?goodscode=1155657749
D***,201907**,M,2,"사무직 (일반사무직, 공무원, 직업군인)",200~299만원,      ,          ,아파트/ 주상복합,경기,안산시 상록구,성포동,삼성,SKT,자전거,튜닝용품,흙받이,자전거흙받이/짐받이가방/강철크롬짐받이/받침대/보조안장/쇼바형짐받이/자전거용품,http://www.11st.co.kr/product/SellerProductDetail.tmall?method=getSellerProductDetail&prdNo=1081764401
D***,201907**,M,3,"사무직 (일반사무직, 공무원, 직업군인)",500~599만원,예    ,자녀 있음 ,연립주택/ 다세대/ 빌라,서울,은평구,갈현1동,기타,알뜰폰(MVNO),레저/자동차,자전거/용품,자전거,미키키즈로드스터 미니 18유니키즈FA 어린이자전거,http://www.11st.co.kr/product/SellerProductDetail.tmall?method=getSellerProductDetail&prdNo=1067685984
D***,201907**,M,3,"사무직 (일반사무직, 공무원, 직업군인)",200~299만원,      ,          ,아파트/ 주상복합,서울,광진구,군자동,삼성,SKT,자전거,자전거,MTB,알톤쉐보레 CMJR 초등학생 MTB 자전거/24인치/22인치/샌드스톤24,http://www.11st.co.kr/product/SellerProductDetail.tmall?method=getSellerProductDetail&prdNo=1288847294
D***,201907**,M,4,"사무직 (일반사무직, 공무원, 직업군인)",200~299만원,      ,          ,아파트/ 주상복합,경북,칠곡군,왜관읍,삼성,SKT,레저/자동차,자전거/용품,자전거액세서리,블랙울프KR-C8 L2 밝은 자전거라이트 전조등 손전등,http://www.11st.co.kr/product/SellerProductDetail.tmall?method=getSellerProductDetail&prdNo=1091472722
D***,201907**,F,3,"사무직 (일반사무직, 공무원, 직업군인)",200~299만원,      ,          ,아파트/ 주상복합,인천,강화군,강화읍,삼성,SKT,자전거,자전거부품,브레이크패드,BARADINE바라딘 450 로드용 브레이크슈 브레이크 슈패드 고무패드 자전거용품 부품,http://www.11st.co.kr/product/SellerProductDetail.tmall?method=getSellerProductDetail&prdNo=1073663674
D***,201907**,M,2,"학생 (초중고학생, 대학생, 대학원생)",900~999만원,아니오,          ,연립주택/ 다세대/ 빌라,인천,남구,도화2동,삼성,KT,자전거/보드,자전거타이어/부품,자전거튜브,[CST]700x25/32C fv48mm 자전거튜브 프레스타 흥아 켄다,http://item.gmarket.co.kr/Item?goodscode=1283527298
D***5,201907**,F,2,"사무직 (일반사무직, 공무원, 직업군인)",200~299만원,      ,          ,아파트/ 주상복합,경기,남양주시,진건읍,삼성,SKT,레저/자동차,자전거/용품,자전거의류/잡화,DBIKE디빅 투라인 집게 후미등,http://item.gmarket.co.kr/Item?goodscode=1205206386
D***0,201907**,F,2,무직,400~499만원,아니오,          ,아파트/ 주상복합,경기,고양시 일산동구,장항2동,애플,SKT,자전거,자전거부품,페달,"토클립세트 (1쌍. 가죽밴드, 볼트 포함) Toe Clip Set 대만생산품. 픽시 클래식 로드 등 자전거 부품 용품",http://www.11st.co.kr/product/SellerProductDetail.tmall?method=getSellerProductDetail&prdNo=1114857336
D***0,201907**,F,4,"주부 (전업주부, 파트타임 근무 주부)",600~699만원,예    ,자녀 있음 ,아파트/ 주상복합,서울,강동구,고덕동,삼성,LG U+,자전거,튜닝용품,거치대/보관대,노스바이크스마트폰 자전거거치대 핸드폰 휴대폰 가방,http://www.11st.co.kr/product/SellerProductDetail.tmall?method=getSellerProductDetail&prdNo=1016944642
D***6,201907**,M,2,"학생 (초중고학생, 대학생, 대학원생)",400~499만원,아니오,          ,연립주택/ 다세대/ 빌라,전북,전주시 완산구,효자동1가,삼성,KT,자전거,튜닝용품,전시스탠드,"자전거스텐드거치대/16,18,20,22,24,26스탠드 받침대 보관대 접이식 자전거용품",http://www.11st.co.kr/product/SellerProductDetail.tmall?method=getSellerProductDetail&prdNo=12932139
D***9,201907**,F,3,"주부 (전업주부, 파트타임 근무 주부)",300~399만원,예    ,자녀 있음 ,아파트/ 주상복합,경남,창원시 진해구,자은동,기타,SKT,레저/자동차,자전거/용품,자전거,스타카토에스코트 7단 접이식 자전거 바구니 포함,http://www.11st.co.kr/product/SellerProductDetail.tmall?method=getSellerProductDetail&prdNo=1216359097
D***6,201907**,M,4,"사무직 (일반사무직, 공무원, 직업군인)",600~699만원,예    ,자녀 있음 ,아파트/ 주상복합,서울,영등포구,영등포본동,LG,LG U+,자전거,자전거신발/고글/헬멧,보호대,무료배송.국산쿨토시.팔토시.냉감토시.쿨마스크.아동,http://www.11st.co.kr/product/SellerProductDetail.tmall?method=getSellerProductDetail&prdNo=1249823887
D***7,201907**,F,5,"서비스직 (요식업, 숙박업, 미용실종업원)","1,000만원 이상",예    ,자녀 있음 ,아파트/ 주상복합,경기,용인시 기흥구,동백동,LG,SKT,레저/자동차,자전거/용품,자전거액세서리,자전거비밀번호 자물쇠 (소)  No75,http://item.gmarket.co.kr/Item?goodscode=1235749090
D***3,201907**,M,3,"판매직 (상점점원, 보험설계사, 노점상)",200~299만원,아니오,          ,연립주택/ 다세대/ 빌라,서울,강남구,논현동,삼성,KT,레저/자동차,자전거/용품,자전거액세서리,[고바이크]자전거짐받이특대바구니/플록스천바구니/짐바구니/고정식바구니/장착용바구니/자전거악세사리,http://www.11st.co.kr/product/SellerProductDetail.tmall?method=getSellerProductDetail&prdNo=1273581622
D***,201907**,M,3,"사무직 (일반사무직, 공무원, 직업군인)",200~299만원,아니오,          ,아파트/ 주상복합,경기,성남시 분당구,삼평동,삼성,KT,자전거,자전거,로드자전거,2019첼로 테라 신형105 카본포크 로드자전거,http://www.11st.co.kr/product/SellerProductDetail.tmall?method=getSellerProductDetail&prdNo=1074638903
D***,201907**,F,4,"사무직 (일반사무직, 공무원, 직업군인)",200~299만원,      ,          ,아파트/ 주상복합,서울,강서구,방화1동,삼성,SKT,레저/자동차,자전거/용품,자전거,알톤어린이용 경량 알루미늄 접이식 자전거 라바폴딩18인치,http://www.11st.co.kr/product/SellerProductDetail.tmall?method=getSellerProductDetail&prdNo=1096512754
D***,201907**,M,2,"사무직 (일반사무직, 공무원, 직업군인)",200~299만원,      ,          ,아파트/ 주상복합,경북,포항시 북구,환호동,삼성,SKT,자전거/보드,자전거타이어/부품,자전거튜브,[흥아]흥아 26인치x1.75/2.125 프레스타 60mm 자전거튜브,http://item.gmarket.co.kr/Item?goodscode=1284816502
D***1,201907**,M,2,"사무직 (일반사무직, 공무원, 직업군인)",200~299만원,      ,          ,아파트/ 주상복합,전북,전주시 완산구,삼천동1가,삼성,SKT,레저/자동차,자전거/용품,자전거,뉴도미니크24/렌즈/갤럽등 초등학생 하이브리드 모음,http://www.11st.co.kr/product/SellerProductDetail.tmall?method=getSellerProductDetail&prdNo=1154104823
D***8,201907**,F,2,"학생 (초중고학생, 대학생, 대학원생)","1,000만원 이상",아니오,          ,아파트/ 주상복합,경남,진주시,가좌동,삼성,LG U+,자전거,자전거신발/고글/헬멧,장갑,윈드스토퍼스마트터치 겨울 방한장갑 네오프렌 방풍,http://www.11st.co.kr/product/SellerProductDetail.tmall?method=getSellerProductDetail&prdNo=1050935353
D***1,201907**,F,4,"사무직 (일반사무직, 공무원, 직업군인)","1,000만원 이상",예    ,자녀 있음 ,아파트/ 주상복합,서울,성북구,동소문동7가,삼성,KT,레저/자동차,자전거/용품,자전거,스타카토에스코트 7단 접이식 자전거 바구니 포함,http://www.11st.co.kr/product/SellerProductDetail.tmall?method=getSellerProductDetail&prdNo=1216359097
D***0,201907**,M,2,"사무직 (일반사무직, 공무원, 직업군인)",200~299만원,      ,          ,아파트/ 주상복합,경북,문경시,모전동,삼성,SKT,자전거/보드,자전거헬멧,기타브랜드 헬멧,EVSSX02 Knee Brace 오토바이무릎인대파열방지보호대/,http://item.gmarket.co.kr/Item?goodscode=1117646191
D***7,201907**,F,3,"사무직 (일반사무직, 공무원, 직업군인)",500~599만원,아니오,          ,아파트/ 주상복합,서울,금천구,독산3동,삼성,SKT,자전거,자전거부품,안장,대만New 카본 시트포스트 (27.2/31.6mm) 풀카본 자전거 안장봉/초경량 싯포스트 (세미카),http://www.11st.co.kr/product/SellerProductDetail.tmall?method=getSellerProductDetail&prdNo=1015126992
D***6,201907**,F,5,"사무직 (일반사무직, 공무원, 직업군인)",200~299만원,      ,          ,아파트/ 주상복합,광주,북구,문흥동,삼성,SKT,자전거/보드,자전거타이어/부품,자전거튜브,[CST]700x25/32C fv48mm 자전거튜브 프레스타 흥아 켄다,http://item.gmarket.co.kr/Item?goodscode=1283527298
D***6,201907**,F,3,"사무직 (일반사무직, 공무원, 직업군인)",500~599만원,예    ,자녀 없음 ,연립주택/ 다세대/ 빌라,서울,강서구,등촌1동,애플,SKT,레저/자동차,자전거/용품,헬멧/보호장비,자전거헬멧/자전거용품/큰/삼천리헬멧/성인/아동헬멧,http://www.11st.co.kr/product/SellerProductDetail.tmall?method=getSellerProductDetail&prdNo=1044088173
D***6,201907**,M,3,기타 ,200~299만원,아니오,          ,연립주택/ 다세대/ 빌라,부산,해운대구,중동,삼성,LG U+,자전거,자전거신발/고글/헬멧,보호대,나이키/팔토시/쿨토시/자외선차단/스포츠/레저/등산용,http://www.11st.co.kr/product/SellerProductDetail.tmall?method=getSellerProductDetail&prdNo=1221115615
D***6,201907**,M,2,"학생 (초중고학생, 대학생, 대학원생)",200~299만원,아니오,          ,아파트/ 주상복합,경기,용인시 수지구,죽전2동,LG,KT,자전거,자전거부품,브레이크패드,시마노디스크 브레이크 Resin 패드 B01S/BR-T615/C501/M575/M525/M486/M485/M475/M465 레진패드/래진패드,http://www.11st.co.kr/product/SellerProductDetail.tmall?method=getSellerProductDetail&prdNo=1060069949
D***7,201907**,M,3,"사무직 (일반사무직, 공무원, 직업군인)",300~399만원,예    ,자녀 있음 ,아파트/ 주상복합,서울,관악구,인헌동,삼성,SKT,자전거,튜닝용품,후미등,문라이트크레센트/코멧/쉴드/디펜더/메테오/ 자전거라이트 자전거후미등,http://www.11st.co.kr/product/SellerProductDetail.tmall?method=getSellerProductDetail&prdNo=1086040122
D***5,201907**,F,3,"사무직 (일반사무직, 공무원, 직업군인)",400~499만원,예    ,자녀 없음 ,연립주택/ 다세대/ 빌라,서울,강동구,천호2동,LG,SKT,캠핑/골프/헬스/자전거,자전거의류/용품,공용하의,[MCN]네오 베이직 7부 바지/승마바지,http://www.hnsmall.com/display/goods.do?goods_code=12497037
D***2,201907**,M,4,"전문직 (의사, 판검사, 예술가, 종교인)",700~799만원,예    ,자녀 있음 ,아파트/ 주상복합,서울,노원구,하계2동,삼성,KT,자전거,자전거부품,안장,유아안장/짐받이장착/핸들바장착/목받이유아안장/자전거안장,http://www.11st.co.kr/product/SellerProductDetail.tmall?method=getSellerProductDetail&prdNo=1275573892
D***3,201907**,M,3,"판매직 (상점점원, 보험설계사, 노점상)",200~299만원,아니오,          ,연립주택/ 다세대/ 빌라,서울,강남구,논현동,삼성,KT,자전거,자전거신발/고글/헬멧,헬멧,아동용자전거헬멧아동보호대 킥보드 인라인헬멧,http://www.11st.co.kr/product/SellerProductDetail.tmall?method=getSellerProductDetail&prdNo=1051520039
D***1,201907**,F,4,"농/축/광/수산업 (축산, 낙농업, 수산, 임업, 광업)",200~299만원,예    ,자녀 있음 ,단독주택,충남,당진군,정미면,삼성,KT,자전거,자전거부품,튜브,[FNS]즈와유무시고무 없는 던롭밸브 세트/던롭튜브,http://www.11st.co.kr/product/SellerProductDetail.tmall?method=getSellerProductDetail&prdNo=1217450472
D***,201907**,F,5,"사무직 (일반사무직, 공무원, 직업군인)",200~299만원,      ,          ,아파트/ 주상복합,경기,부천시 오정구,고강본동,삼성,SKT,레저/자동차,자전거/용품,자전거,지멘스여성용 부인용 자전거 클래식 24 26인치,http://item.gmarket.co.kr/Item?goodscode=1110235162
D***8,201907**,M,4,"자영업 (도소매업, 숙박업, 미용업)",200~299만원,예    ,자녀 있음 ,단독주택,경기,부천시 소사구,심곡본1동,삼성,LG U+,자전거,자전거관리용품,에어펌프(발펌프),자전거펌프/미니펌프/공기주입기/자전거용품,http://www.11st.co.kr/product/SellerProductDetail.tmall?method=getSellerProductDetail&prdNo=12932277
D***8,201907**,M,3,"사무직 (일반사무직, 공무원, 직업군인)",500~599만원,아니오,          ,아파트/ 주상복합,서울,서초구,우면동,삼성,알뜰폰(MVNO),자전거,튜닝용품,트레이너(로라),엘리트노보 맥 포스/자전거용품/자전거롤러,http://www.11st.co.kr/product/SellerProductDetail.tmall?method=getSellerProductDetail&prdNo=1271754585
D***1,201907**,F,2,"사무직 (일반사무직, 공무원, 직업군인)",200~299만원,      ,          ,아파트/ 주상복합,광주,북구,덕의동,삼성,SKT,레저/자동차,자전거/용품,자전거의류/잡화,쿨마스크멀티스카프 자외선차단마스크 자전거마스크,http://www.11st.co.kr/product/SellerProductDetail.tmall?method=getSellerProductDetail&prdNo=1042041108
D***3,201907**,F,5,"주부 (전업주부, 파트타임 근무 주부)",300~399만원,예    ,자녀 있음 ,아파트/ 주상복합,인천,남동구,구월2동,삼성,SKT,자전거,자전거,MTB,삼천리자전거팀60D MTB자전거 24단 알루미늄자전거,http://www.11st.co.kr/product/SellerProductDetail.tmall?method=getSellerProductDetail&prdNo=1230896068
D***4,201907**,F,2,"학생 (초중고학생, 대학생, 대학원생)",700~799만원,아니오,          ,아파트/ 주상복합,서울,광진구,광장동,애플,KT,레저/자동차,자전거/용품,자전거의류/잡화,쿨바라클라바자외선차단마스크 여름마스크 쿨마스크,http://www.11st.co.kr/product/SellerProductDetail.tmall?method=getSellerProductDetail&prdNo=11116518
D***5,201907**,F,3,"주부 (전업주부, 파트타임 근무 주부)",400~499만원,예    ,자녀 있음 ,아파트/ 주상복합,경기,안양시 동안구,비산1동,삼성,SKT,자전거,자전거관리용품,에어펌프(발펌프),발펌프/튜브/휴대용/쌍발/자전거/공기주입기/에어펌프/타이어공기/축구공/농구공/바람넣기/외발/강력발펌프,http://www.11st.co.kr/product/SellerProductDetail.tmall?method=getSellerProductDetail&prdNo=1091662162
D***9,201907**,M,3,무직,200~299만원,아니오,          ,연립주택/ 다세대/ 빌라,서울,관악구,신림동,LG,KT,레저/자동차,자전거/용품,자전거액세서리,정품미국 CREE사 LED Q5 줌 라이트/자전거/전조등/후레쉬/랜턴/손전등/거치대/건전지/안전등/용품/야간등,http://www.11st.co.kr/product/SellerProductDetail.tmall?method=getSellerProductDetail&prdNo=1200933401
D***8,201907**,M,5,"자영업 (도소매업, 숙박업, 미용업)",400~499만원,예    ,자녀 있음 ,아파트/ 주상복합,경북,포항시 남구,구룡포읍,삼성,SKT,자전거,튜닝용품,전시스탠드,"자전거스텐드거치대/16,18,20,22,24,26스탠드 받침대 보관대 접이식 자전거용품",http://www.11st.co.kr/product/SellerProductDetail.tmall?method=getSellerProductDetail&prdNo=12932139
D***,201907**,M,3,"사무직 (일반사무직, 공무원, 직업군인)",200~299만원,      ,          ,아파트/ 주상복합,경기,안산시 상록구,건건동,삼성,SKT,자전거,튜닝용품,후미등,자전거후미등/후미등/실리콘/LED후미등/안전등,http://www.11st.co.kr/product/SellerProductDetail.tmall?method=getSellerProductDetail&prdNo=1067038322
D***2,201907**,M,2,"전문직 (의사, 판검사, 예술가, 종교인)",300~399만원,아니오,          ,기타 ,경북,안동시,서후면,애플,SKT,레저/자동차,자전거/용품,자전거의류/잡화,1대1사은품증정 나루마스크 X1 X5 자외선차단마스크,http://www.11st.co.kr/product/SellerProductDetail.tmall?method=getSellerProductDetail&prdNo=11127502
D***4,201907**,F,5,"사무직 (일반사무직, 공무원, 직업군인)","1,000만원 이상",예    ,자녀 있음 ,아파트/ 주상복합,경기,안산시 단원구,고잔동,삼성,SKT,자전거,자전거부품,핸들그립,Giant그립/Connect 커넥트 에르고 맥스 락온 (2색상),http://www.11st.co.kr/product/SellerProductDetail.tmall?method=getSellerProductDetail&prdNo=1137382869
D***,201907**,M,2,"사무직 (일반사무직, 공무원, 직업군인)",200~299만원,      ,          ,아파트/ 주상복합,경남,창원시 마산회원구,내서읍,삼성,SKT,레저/자동차,자전거/용품,자전거의류/잡화,GIROJAG 반장갑/지로 장갑/땀흡수/통기성/4웨이 신축성/충격흡수패딩/자전거장갑/지로장갑/자전거용품,http://www.11st.co.kr/product/SellerProductDetail.tmall?method=getSellerProductDetail&prdNo=1274875036
D***,201907**,F,4,"사무직 (일반사무직, 공무원, 직업군인)",200~299만원,      ,          ,아파트/ 주상복합,서울,노원구,월계3동,삼성,SKT,레저/자동차,자전거/용품,자전거,스타카토에스코트 7단 접이식 자전거 바구니 포함,http://www.11st.co.kr/product/SellerProductDetail.tmall?method=getSellerProductDetail&prdNo=1216359097
D***7,201907**,F,4,"주부 (전업주부, 파트타임 근무 주부)",400~499만원,예    ,자녀 없음 ,아파트/ 주상복합,광주,북구,용두동,삼성,LG U+,자전거,자전거신발/고글/헬멧,보호대,킹카301 성인 보호대 팔꿈치 손목 무릎 남여공용,http://www.11st.co.kr/product/SellerProductDetail.tmall?method=getSellerProductDetail&prdNo=1083507717
D***,201908**,M,4,"사무직 (일반사무직, 공무원, 직업군인)",200~299만원,      ,          ,아파트/ 주상복합,충남,홍성군,홍성읍,삼성,SKT,자전거,자전거신발/고글/헬멧,보호대,특가쿨토시 1+1 (2세트) /토시/아동쿨토시/팔토시,http://www.11st.co.kr/product/SellerProductDetail.tmall?method=getSellerProductDetail&prdNo=1291753831
D***,201908**,F,3,"사무직 (일반사무직, 공무원, 직업군인)",200~299만원,      ,          ,아파트/ 주상복합,경기,파주시,광탄면,삼성,SKT,유아동,유아동완구/교구,승용완구,ZOKO조코유아동 체인자전거9종(3세~7세사용)+컵홀더,http://item.gmarket.co.kr/Item?goodscode=1109676457
D***,201908**,F,2,"사무직 (일반사무직, 공무원, 직업군인)",200~299만원,      ,          ,아파트/ 주상복합,부산,동래구,온천1동,삼성,SKT,레저/자동차,자전거/용품,자전거의류/잡화,"휘너스/땀냄새,물빠짐없는선수용 기능성 스포츠 스판웨어 하의모음/속건+항균/언더레이어 챌린저5부",http://www.11st.co.kr/product/SellerProductDetail.tmall?method=getSellerProductDetail&prdNo=1280155662
D***2,201908**,F,2,"사무직 (일반사무직, 공무원, 직업군인)",800~899만원,아니오,          ,아파트/ 주상복합,서울,노원구,중계1동,삼성,KT,레저/자동차,자전거/용품,자전거,자이덴라스카FX20 20인치 7단 접이식 자전거,http://www.11st.co.kr/product/SellerProductDetail.tmall?method=getSellerProductDetail&prdNo=1202758720
D***8,201908**,F,3,"사무직 (일반사무직, 공무원, 직업군인)",600~699만원,예    ,자녀 있음 ,아파트/ 주상복합,서울,영등포구,문래동6가,애플,LG U+,자전거,튜닝용품,전시스탠드,KT05 자전거킥스탠드 자전거받침대 자전거용품,http://www.11st.co.kr/product/SellerProductDetail.tmall?method=getSellerProductDetail&prdNo=1058282299
D***3,201908**,M,2,"사무직 (일반사무직, 공무원, 직업군인)",200~299만원,      ,          ,아파트/ 주상복합,서울,강동구,둔촌1동,삼성,SKT,자전거,자전거부품,페달,"토클립세트 (1쌍. 가죽밴드, 볼트 포함) Toe Clip Set 대만생산품. 픽시 클래식 로드 등 자전거 부품 용품",http://www.11st.co.kr/product/SellerProductDetail.tmall?method=getSellerProductDetail&prdNo=1114857336
D***1,201908**,F,3,"사무직 (일반사무직, 공무원, 직업군인)",500~599만원,예    ,자녀 없음 ,아파트/ 주상복합,경기,양주시,덕정동,삼성,LG U+,레저/자동차,자전거/용품,자전거의류/잡화,DBIKE디빅 투라인 집게 후미등,http://item.gmarket.co.kr/Item?goodscode=1205206386
D***,201908**,F,3,"주부 (전업주부, 파트타임 근무 주부)",300~399만원,예    ,자녀 있음 ,아파트/ 주상복합,부산,해운대구,좌3동,삼성,LG U+,레저/자동차,자전거/용품,자전거액세서리,로드MTB 충전식 자전거라이트 용품 18650 배터리,http://www.11st.co.kr/product/SellerProductDetail.tmall?method=getSellerProductDetail&prdNo=1004933124
D***3,201908**,M,4,"사무직 (일반사무직, 공무원, 직업군인)",200~299만원,      ,          ,아파트/ 주상복합,경기,부천시 원미구,상1동,삼성,SKT,레저/자동차,자전거/용품,자전거의류/잡화,아동.유아.어린이/무릎보호대.헬멧.장갑 세트/자전거용품.인라인스케이트.씽씽카.안전용품.블랙프라이데이,http://www.11st.co.kr/product/SellerProductDetail.tmall?method=getSellerProductDetail&prdNo=1066221250
D***5,201908**,F,2,"사무직 (일반사무직, 공무원, 직업군인)",200~299만원,      ,          ,아파트/ 주상복합,전남,광양시,중동,삼성,SKT,자전거/보드,자전거타이어/부품,자전거튜브,[흥아]흥아 700C x 23/25C 프레스타 80mm 자전거튜브 로드,http://item.gmarket.co.kr/Item?goodscode=1287261891
D***1,201908**,M,2,"학생 (초중고학생, 대학생, 대학원생)",100만원 미만,아니오,          ,아파트/ 주상복합,경남,거제시,연초면,삼성,KT,자전거,튜닝용품,거치대/보관대,노스바이크스마트폰 자전거거치대 핸드폰 휴대폰 가방,http://www.11st.co.kr/product/SellerProductDetail.tmall?method=getSellerProductDetail&prdNo=1016944642
D***7,201908**,M,2,"사무직 (일반사무직, 공무원, 직업군인)",200~299만원,      ,          ,아파트/ 주상복합,강원,원주시,우산동,삼성,SKT,자전거,자전거신발/고글/헬멧,헬멧,코아브어반st 자전거 헬멧 성인용 용품 보드 인라인,http://www.11st.co.kr/product/SellerProductDetail.tmall?method=getSellerProductDetail&prdNo=1219634494
D***8,201908**,M,2,"사무직 (일반사무직, 공무원, 직업군인)",200~299만원,      ,          ,아파트/ 주상복합,강원,춘천시,온의동,삼성,SKT,자전거,자전거관리용품,튜브벨브/어댑터/노즐,[아답터모음] 던롭 프레스타 슈레더 공 튜브 어뎁터 펌프 호환 아답타 공기주입 던롭집게 자전거용품,http://www.11st.co.kr/product/SellerProductDetail.tmall?method=getSellerProductDetail&prdNo=1002005394
D***8,201908**,F,2,"사무직 (일반사무직, 공무원, 직업군인)",200~299만원,      ,          ,아파트/ 주상복합,서울,도봉구,창동,삼성,SKT,자전거,자전거신발/고글/헬멧,보호대,2+2이벤트/네파정품/탑쿨/슬레진저 쿨토시 팔토시,http://www.11st.co.kr/product/SellerProductDetail.tmall?method=getSellerProductDetail&prdNo=1282680743
D***1,201908**,M,2,"학생 (초중고학생, 대학생, 대학원생)",100만원 미만,아니오,          ,아파트/ 주상복합,서울,강남구,개포1동,애플,KT,레저/자동차,자전거/용품,자전거,[삼천리자전거][삼천리]여성용 클래식 자전거 라니아 22인치,http://www.lotteimall.com/goods/viewGoodsDetail.lotte?goods_no=1203462725
D***2,201908**,M,2,"사무직 (일반사무직, 공무원, 직업군인)",200~299만원,      ,          ,아파트/ 주상복합,서울,강남구,논현동,삼성,SKT,자전거/보드,자전거라이트,자전거라이트/전조등,지바코76L 폴딩 립스탑 멀티 백 캠핑가방 수납가방,http://item.gmarket.co.kr/Item?goodscode=1111364071
D***1,201908**,F,2,"전문직 (의사, 판검사, 예술가, 종교인)",900~999만원,예    ,자녀 없음 ,아파트/ 주상복합,서울,강남구,대치동,애플,SKT,레저/자동차,자전거/용품,자전거액세서리,로드MTB 충전식 자전거라이트 용품 18650 배터리,http://www.11st.co.kr/product/SellerProductDetail.tmall?method=getSellerProductDetail&prdNo=1004933124
D***1,201908**,M,2,"자영업 (도소매업, 숙박업, 미용업)",100~199만원,아니오,          ,단독주택,경북,경주시,서부동,삼성,SKT,자전거,튜닝용품,후미등,자전거후미등/후미등/실리콘/LED후미등/안전등,http://www.11st.co.kr/product/SellerProductDetail.tmall?method=getSellerProductDetail&prdNo=1067038322
D***3,201908**,M,2,"생산/노무직 (생산감독, 경비원, 공장근로자)",300~399만원,아니오,          ,기타 ,울산,북구,양정동,삼성,KT,자전거,튜닝용품,후미등,자전거후미등/후미등/실리콘/LED후미등/안전등,http://www.11st.co.kr/product/SellerProductDetail.tmall?method=getSellerProductDetail&prdNo=1067038322
D***2,201908**,M,4,"관리직 (사장, 간부, 고위공무원)",500~599만원,예    ,자녀 있음 ,연립주택/ 다세대/ 빌라,경기,성남시 수정구,태평1동,삼성,SKT,레저/자동차,자전거/용품,자전거액세서리,자전거비밀번호 자물쇠 (소)  No75,http://item.gmarket.co.kr/Item?goodscode=1235749090
D***7,201908**,M,2,"판매직 (상점점원, 보험설계사, 노점상)",100~199만원,아니오,          ,기타 ,부산,남구,대연3동,삼성,SKT,자전거,자전거관리용품,펑크패치,구멍패치/번개표/자전거보수/타이어보수/빵꾸딱지/빵구패치/자전거정비/땜질/공구장터,http://www.11st.co.kr/product/SellerProductDetail.tmall?method=getSellerProductDetail&prdNo=1046577201
D***,201908**,F,4,"관리직 (사장, 간부, 고위공무원)",200~299만원,아니오,          ,아파트/ 주상복합,경남,양산시,물금읍,애플,SKT,자전거,자전거부품,변속기,변속레버/자전거기어/시마노변속레버/그립쉬프트,http://www.11st.co.kr/product/SellerProductDetail.tmall?method=getSellerProductDetail&prdNo=1280799725
D***,201908**,F,2,"사무직 (일반사무직, 공무원, 직업군인)",200~299만원,      ,          ,아파트/ 주상복합,서울,성북구,장위3동,삼성,SKT,유아동,유아동완구/교구,승용완구,ZOKO조코유아동 체인자전거9종(3세~7세사용)+컵홀더,http://item.gmarket.co.kr/Item?goodscode=1109676457
D***6,201908**,F,4,"사무직 (일반사무직, 공무원, 직업군인)",200~299만원,      ,          ,아파트/ 주상복합,인천,서구,경서동,삼성,SKT,레저/자동차,자전거/용품,자전거액세서리,"자전거커버,바이크린,자전거,자전거용품,싸이클",http://www.11st.co.kr/product/SellerProductDetail.tmall?method=getSellerProductDetail&prdNo=1170093481
D***7,201908**,M,3,"서비스직 (요식업, 숙박업, 미용실종업원)","1,000만원 이상",아니오,          ,연립주택/ 다세대/ 빌라,경기,광명시,광명7동,애플,SKT,레저/자동차,자전거/용품,자전거,자이덴라스카FX20 20인치 7단 접이식 자전거,http://www.11st.co.kr/product/SellerProductDetail.tmall?method=getSellerProductDetail&prdNo=1202758720
D***6,201908**,M,2,무직,"1,000만원 이상",아니오,          ,아파트/ 주상복합,서울,강동구,고덕1동,삼성,KT,레저/자동차,자전거/용품,자전거의류/잡화,DBIKE디빅 투라인 집게 후미등,http://item.gmarket.co.kr/Item?goodscode=1205206386
D***7,201908**,M,4,"사무직 (일반사무직, 공무원, 직업군인)",200~299만원,      ,          ,아파트/ 주상복합,대전,대덕구,미호동,삼성,SKT,자전거/보드,일반자전거,외발/삼륜/2인용,[지오닉스]자이덴 나누미 20(50cm) 6단 성인용 세발자전거,http://item.gmarket.co.kr/Item?goodscode=1111789839
D***8,201908**,M,2,"사무직 (일반사무직, 공무원, 직업군인)",200~299만원,      ,          ,아파트/ 주상복합,서울,강북구,미아동,삼성,SKT,자전거,자전거부품,브레이크패드,BARADINE바라딘 450 로드용 브레이크슈 브레이크 슈패드 고무패드 자전거용품 부품,http://www.11st.co.kr/product/SellerProductDetail.tmall?method=getSellerProductDetail&prdNo=1073663674
D***4,201908**,M,4,"전문직 (의사, 판검사, 예술가, 종교인)",300~399만원,예    ,자녀 없음 ,연립주택/ 다세대/ 빌라,서울,서대문구,홍은동,삼성,LG U+,자전거/보드,자전거라이트,라이트거치대,페어맨만능 18650충전기 FLIC-210 자전거라이트 2구,http://item.gmarket.co.kr/Item?goodscode=1237810051
D***2,201908**,M,3,"자영업 (도소매업, 숙박업, 미용업)",400~499만원,예    ,자녀 있음 ,연립주택/ 다세대/ 빌라,서울,강서구,공항동,LG,LG U+,자전거,자전거,로드자전거,2019첼로 테라 신형105 카본포크 로드자전거,http://www.11st.co.kr/product/SellerProductDetail.tmall?method=getSellerProductDetail&prdNo=1074638903
D***3,201908**,M,5,"자영업 (도소매업, 숙박업, 미용업)",800~899만원,예    ,자녀 있음 ,연립주택/ 다세대/ 빌라,서울,강서구,화곡1동,삼성,SKT,자전거,튜닝용품,전시스탠드,[학성스포츠]아동용16/18/20인치 자전거스탠드/보조바퀴떼어내고 두발자전거전환시사용,http://www.11st.co.kr/product/SellerProductDetail.tmall?method=getSellerProductDetail&prdNo=1226615595
D***0,201908**,M,4,"사무직 (일반사무직, 공무원, 직업군인)",400~499만원,예    ,자녀 없음 ,연립주택/ 다세대/ 빌라,경기,성남시 수정구,복정동,삼성,SKT,자전거/보드,자전거헬멧,기타브랜드 헬멧,EVSSX02 Knee Brace 오토바이무릎인대파열방지보호대/,http://item.gmarket.co.kr/Item?goodscode=1117646191
D***0,201908**,M,4,"자영업 (도소매업, 숙박업, 미용업)",100만원 미만,예    ,자녀 없음 ,아파트/ 주상복합,서울,영등포구,신길3동,삼성,SKT,레저/자동차,자전거/용품,헬멧/보호장비,심플한도시형헬멧/빅이글 어반헬멧/자전거용품/인라인,http://www.11st.co.kr/product/SellerProductDetail.tmall?method=getSellerProductDetail&prdNo=1187901648
D***,201908**,M,2,"학생 (초중고학생, 대학생, 대학원생)",400~499만원,아니오,          ,아파트/ 주상복합,인천,계양구,작전1동,LG,SKT,캠핑/골프/헬스/자전거,자전거의류/용품,기타용품,발목밴드,http://www.hnsmall.com/display/goods.do?goods_code=11522932
D***,201908**,M,5,"사무직 (일반사무직, 공무원, 직업군인)",200~299만원,      ,          ,아파트/ 주상복합,서울,강남구,개포1동,삼성,SKT,자전거/보드,일반자전거,외발/삼륜/2인용,절대터지지않는알로이 컨츄리 성인 세발자전거 삼륜,http://item.gmarket.co.kr/Item?goodscode=1201833484
D***,201908**,F,4,"사무직 (일반사무직, 공무원, 직업군인)",200~299만원,      ,          ,아파트/ 주상복합,서울,중랑구,면목4동,삼성,SKT,자전거,자전거,MTB,삼천리자전거/하운드팀50D/MTB자전거/산악자전거,http://www.11st.co.kr/product/SellerProductDetail.tmall?method=getSellerProductDetail&prdNo=1254184372
D***,201908**,M,4,"사무직 (일반사무직, 공무원, 직업군인)",200~299만원,      ,          ,아파트/ 주상복합,서울,양천구,신정3동,삼성,SKT,레저/자동차,자전거/용품,자전거,스타카토에스코트 7단 접이식 자전거 바구니 포함,http://www.11st.co.kr/product/SellerProductDetail.tmall?method=getSellerProductDetail&prdNo=1216359097
D***,201908**,M,5,"사무직 (일반사무직, 공무원, 직업군인)",200~299만원,      ,          ,아파트/ 주상복합,경기,시흥시,신천동,삼성,SKT,자전거,자전거신발/고글/헬멧,장갑,윈드스토퍼스마트터치 겨울 방한장갑 네오프렌 방풍,http://www.11st.co.kr/product/SellerProductDetail.tmall?method=getSellerProductDetail&prdNo=1050935353
D***,201908**,M,3,"사무직 (일반사무직, 공무원, 직업군인)",200~299만원,      ,          ,아파트/ 주상복합,서울,중랑구,면목동,삼성,SKT,자전거,자전거부품,핸들그립,Giant그립/Connect 커넥트 에르고 맥스 락온 (2색상),http://www.11st.co.kr/product/SellerProductDetail.tmall?method=getSellerProductDetail&prdNo=1137382869
D***,201908**,F,3,"사무직 (일반사무직, 공무원, 직업군인)",200~299만원,      ,          ,아파트/ 주상복합,서울,성북구,보문동4가,삼성,SKT,자전거,튜닝용품,후미등,누빔멀티 라이트 NB-600 자전거 후미등 방향지시등,http://www.11st.co.kr/product/SellerProductDetail.tmall?method=getSellerProductDetail&prdNo=115116197
D***6,201908**,M,3,"사무직 (일반사무직, 공무원, 직업군인)",200~299만원,      ,          ,아파트/ 주상복합,경기,고양시 덕양구,주교동,삼성,SKT,자전거,자전거,사이클,[쿠베로]에어리아2.0신형소라18 무료조립+최강사은품 NEW SORA 18,http://www.11st.co.kr/product/SellerProductDetail.tmall?method=getSellerProductDetail&prdNo=1224036819
D***2,201908**,F,2,"사무직 (일반사무직, 공무원, 직업군인)",800~899만원,아니오,          ,아파트/ 주상복합,서울,노원구,중계1동,삼성,KT,레저/자동차,자전거/용품,자전거액세서리,18650AA AAA 충전지 배터리 충전기 i4 D2 i2 UM20,http://www.11st.co.kr/product/SellerProductDetail.tmall?method=getSellerProductDetail&prdNo=1181473940
D***1,201908**,M,2,"사무직 (일반사무직, 공무원, 직업군인)",200~299만원,      ,          ,아파트/ 주상복합,부산,부산진구,부전동,삼성,SKT,자전거,자전거관리용품,에어펌프(발펌프),발펌프/튜브/휴대용/쌍발/자전거/공기주입기/에어펌프/타이어공기/축구공/농구공/바람넣기/외발/강력발펌프,http://www.11st.co.kr/product/SellerProductDetail.tmall?method=getSellerProductDetail&prdNo=1091662162
D***8,201908**,F,4,"사무직 (일반사무직, 공무원, 직업군인)",200~299만원,예    ,자녀 있음 ,아파트/ 주상복합,강원,원주시,명륜1동,삼성,LG U+,자전거,자전거부품,안장,[참좋은바이크]삼천리아동용안장모음/하이킥/프린세스/키즈바이크/디즈니/유아동/어린이/푹신한안장,http://www.11st.co.kr/product/SellerProductDetail.tmall?method=getSellerProductDetail&prdNo=1205141789
D***6,201908**,F,4,"사무직 (일반사무직, 공무원, 직업군인)",200~299만원,      ,          ,아파트/ 주상복합,서울,관악구,봉천동,삼성,SKT,자전거,자전거,MTB,GIFT2016 엘파마 판타시아 S7 S675 카본 MTB 자전거,http://www.11st.co.kr/product/SellerProductDetail.tmall?method=getSellerProductDetail&prdNo=1043875589
D***3,201908**,F,3,무직,100만원 미만,아니오,          ,아파트/ 주상복합,경기,고양시 일산서구,대화동,삼성,SKT,자전거,자전거,MTB,알톤쉐보레 CMJR 초등학생 MTB 자전거/24인치/22인치/샌드스톤24,http://www.11st.co.kr/product/SellerProductDetail.tmall?method=getSellerProductDetail&prdNo=1288847294
D***8,201908**,M,3,"사무직 (일반사무직, 공무원, 직업군인)",200~299만원,      ,          ,아파트/ 주상복합,서울,은평구,수색동,삼성,SKT,자전거,자전거신발/고글/헬멧,헬멧,HJC홍진 R4 컬러선택가능블랙라인/홍진 크라운 헬멧,http://www.11st.co.kr/product/SellerProductDetail.tmall?method=getSellerProductDetail&prdNo=1229824538
D***9,201908**,F,3,"주부 (전업주부, 파트타임 근무 주부)",100~199만원,예    ,자녀 있음 ,아파트/ 주상복합,울산,북구,매곡동,삼성,SKT,레저/자동차,자전거/용품,자전거액세서리,[고바이크]자전거짐받이특대바구니/플록스천바구니/짐바구니/고정식바구니/장착용바구니/자전거악세사리,http://www.11st.co.kr/product/SellerProductDetail.tmall?method=getSellerProductDetail&prdNo=1273581622
D***6,201908**,M,2,"사무직 (일반사무직, 공무원, 직업군인)",400~499만원,아니오,          ,아파트/ 주상복합,부산,금정구,장전2동,삼성,SKT,레저/자동차,자전거/용품,자전거,알톤쉐보레 CFB2.4 24단 팻바이크/노바투스/우라노,http://www.11st.co.kr/product/SellerProductDetail.tmall?method=getSellerProductDetail&prdNo=1288179623
D***8,201908**,F,4,"교직 (교사, 유치원교사, 학원강사)",300~399만원,아니오,          ,아파트/ 주상복합,강원,원주시,태장동,삼성,KT,자전거,자전거신발/고글/헬멧,장갑,[MTB자전거장갑]라이딩장갑/여름장갑/반장갑,http://www.11st.co.kr/product/SellerProductDetail.tmall?method=getSellerProductDetail&prdNo=1274156192
D***3,201908**,M,4,"자영업 (도소매업, 숙박업, 미용업)",100~199만원,예    ,자녀 있음 ,아파트/ 주상복합,대전,유성구,전민동,LG,알뜰폰(MVNO),레저/자동차,자전거/용품,자전거액세서리,블랙울프미니줌 줌라이트 LED랜턴 후레쉬 자전거용품,http://www.11st.co.kr/product/SellerProductDetail.tmall?method=getSellerProductDetail&prdNo=1182033172
D***,201908**,M,5,"자영업 (도소매업, 숙박업, 미용업)",300~399만원,아니오,          ,연립주택/ 다세대/ 빌라,광주,동구,계림1동,LG,LG U+,자전거/보드,자전거타이어/부품,자전거튜브,[CST]700x25/32C fv60mm 자전거튜브 프레스타 흥아 켄다,http://item.gmarket.co.kr/Item?goodscode=1283528097
D***,201908**,F,4,"자영업 (도소매업, 숙박업, 미용업)",100~199만원,예    ,자녀 있음 ,아파트/ 주상복합,충북,충주시,성서동,삼성,SKT,레저/자동차,자전거/용품,자전거액세서리,블랙울프자전거 라이트 용품 18650 배터리 충전기,http://www.11st.co.kr/product/SellerProductDetail.tmall?method=getSellerProductDetail&prdNo=1003701027
D***,201908**,M,2,"사무직 (일반사무직, 공무원, 직업군인)",200~299만원,      ,          ,아파트/ 주상복합,서울,영등포구,영등포동2가,삼성,SKT,자전거,자전거부품,체인,MYBN 10단 실버_S10CR 체인,http://www.11st.co.kr/product/SellerProductDetail.tmall?method=getSellerProductDetail&prdNo=1272548067
D***,201908**,F,3,"사무직 (일반사무직, 공무원, 직업군인)",200~299만원,      ,          ,아파트/ 주상복합,경남,거제시,고현동,삼성,SKT,레저/자동차,자전거/용품,자전거액세서리,[엑스피크]엑스피크 자전거힙색 트윈포켓파우치 자전거파우치,http://item.gmarket.co.kr/Item?goodscode=1124173801
D***,201908**,M,2,"학생 (초중고학생, 대학생, 대학원생)",100만원 미만,아니오,          ,연립주택/ 다세대/ 빌라,경북,포항시 남구,연일읍,LG,KT,레저/자동차,자전거/용품,자전거타이어/부품,자전거수리키트+펌프 자전거공구세트 펑크패치,http://www.11st.co.kr/product/SellerProductDetail.tmall?method=getSellerProductDetail&prdNo=1103998698
D***,201908**,F,2,"사무직 (일반사무직, 공무원, 직업군인)",200~299만원,      ,          ,아파트/ 주상복합,서울,송파구,문정1동,삼성,SKT,자전거/보드,자전거바구니/가방,크로스가방,[엑스피크]2포켓 스마트폰 파우치/암밴드+목걸이 기본증정,http://item.gmarket.co.kr/Item?goodscode=1187012646
D***,201908**,F,2,"사무직 (일반사무직, 공무원, 직업군인)",200~299만원,      ,          ,아파트/ 주상복합,강원,홍천군,서면,삼성,SKT,자전거,자전거신발/고글/헬멧,장갑,[MTB자전거장갑]라이딩장갑/여름장갑/반장갑,http://www.11st.co.kr/product/SellerProductDetail.tmall?method=getSellerProductDetail&prdNo=1274156192
D***4,201908**,M,5,"교직 (교사, 유치원교사, 학원강사)",300~399만원,예    ,자녀 있음 ,아파트/ 주상복합,서울,강서구,방화3동,LG,SKT,자전거,자전거부품,브레이크패드,[FNS]크락스오가닉 디스크브레이크 패드(벌크제품),http://www.11st.co.kr/product/SellerProductDetail.tmall?method=getSellerProductDetail&prdNo=1097542995
D***0,201908**,M,5,"자영업 (도소매업, 숙박업, 미용업)",400~499만원,예    ,자녀 있음 ,아파트/ 주상복합,경기,오산시,원동,삼성,SKT,레저/자동차,자전거/용품,헬멧/보호장비,가성비좋은 헬멧/빅이글 자전거헬멧/보호대/인라인/자전거용품,http://www.11st.co.kr/product/SellerProductDetail.tmall?method=getSellerProductDetail&prdNo=1187889237
D***7,201908**,M,2,"학생 (초중고학생, 대학생, 대학원생)",100~199만원,아니오,          ,연립주택/ 다세대/ 빌라,대전,동구,자양동,기타,알뜰폰(MVNO),자전거/보드,자전거신발/페달,자전거페달,자전거보조발판(소/중)자전거발받침/발판 알루미늄,http://item.gmarket.co.kr/Item?goodscode=1155657749
D***9,201908**,M,2,"생산/노무직 (생산감독, 경비원, 공장근로자)",700~799만원,아니오,          ,오피스텔,서울,강남구,논현동,기타,알뜰폰(MVNO),자전거/보드,일반자전거,픽시자전거,벤데타벨루가 700C 알로이 에어로 프레임 픽시자전거,http://item.gmarket.co.kr/Item?goodscode=1219375759
D***,201908**,F,4,"사무직 (일반사무직, 공무원, 직업군인)",200~299만원,      ,          ,아파트/ 주상복합,경기,부천시 소사구,소사본3동,삼성,SKT,자전거,자전거,사이클,[HK]예거메티1디스크 로드자전거 카본포크 소라,http://www.11st.co.kr/product/SellerProductDetail.tmall?method=getSellerProductDetail&prdNo=1075538001
D***,201908**,F,3,"사무직 (일반사무직, 공무원, 직업군인)",200~299만원,      ,          ,아파트/ 주상복합,경기,고양시 일산서구,탄현동,삼성,SKT,자전거,자전거부품,안장,삼천리전립선 안장패드/MTB ROAD 안장용 쿠션커버/하이브리드 안장커버/자전거안장커버/로드용 자전거용품,http://www.11st.co.kr/product/SellerProductDetail.tmall?method=getSellerProductDetail&prdNo=1232420657
D***,201908**,M,5,"생산/노무직 (생산감독, 경비원, 공장근로자)",200~299만원,예    ,자녀 있음 ,아파트/ 주상복합,대구,달서구,신당동,애플,SKT,캠핑/골프/헬스/자전거,자전거의류/용품,신발,뉴발란스운동화 774 NEWBALANCE 774 (M774BK3),http://www.hnsmall.com/display/goods.do?goods_code=11979566
D***,201908**,M,2,"사무직 (일반사무직, 공무원, 직업군인)",200~299만원,      ,          ,아파트/ 주상복합,서울,강동구,강일동,삼성,SKT,레저/자동차,자전거/용품,자전거,미키키즈로드스터 미니 18유니키즈FA 어린이자전거,http://www.11st.co.kr/product/SellerProductDetail.tmall?method=getSellerProductDetail&prdNo=1067685984
D***,201908**,F,2,"전문직 (의사, 판검사, 예술가, 종교인)",400~499만원,아니오,          ,연립주택/ 다세대/ 빌라,경기,고양시 덕양구,행신3동,삼성,SKT,레저/자동차,자전거/용품,헬멧/보호장비,에어워크보호대 성인용/아동용 헬멧/가방 용품 S16,http://www.11st.co.kr/product/SellerProductDetail.tmall?method=getSellerProductDetail&prdNo=12617089
D***,201908**,F,3,"사무직 (일반사무직, 공무원, 직업군인)",200~299만원,      ,          ,아파트/ 주상복합,인천,계양구,작전1동,삼성,SKT,자전거,자전거부품,변속기,변속레버/자전거기어/시마노변속레버/그립쉬프트,http://www.11st.co.kr/product/SellerProductDetail.tmall?method=getSellerProductDetail&prdNo=1280799725
D***,201908**,F,4,"주부 (전업주부, 파트타임 근무 주부)",500~599만원,예    ,자녀 있음 ,아파트/ 주상복합,충북,청원군,강외면,LG,SKT,자전거,튜닝용품,전시스탠드,포인트배너실외용거치대 양면겸용 홍보 이벤트,http://www.11st.co.kr/product/SellerProductDetail.tmall?method=getSellerProductDetail&prdNo=1236804619
D***9,201908**,M,5,"교직 (교사, 유치원교사, 학원강사)",400~499만원,예    ,자녀 있음 ,아파트/ 주상복합,경기,광명시,철산동,기타,SKT,레저/자동차,자전거/용품,자전거의류/잡화,쿨바라클라바자외선차단마스크 여름마스크 쿨마스크,http://www.11st.co.kr/product/SellerProductDetail.tmall?method=getSellerProductDetail&prdNo=11116518
D***4,201908**,M,5,"사무직 (일반사무직, 공무원, 직업군인)",800~899만원,예    ,자녀 있음 ,아파트/ 주상복합,경기,광명시,철산3동,삼성,SKT,유아동,유아동완구/교구,승용완구,ZOKO조코유아동 체인자전거9종(3세~7세사용)+컵홀더,http://item.gmarket.co.kr/Item?goodscode=1109676457
D***6,201908**,F,3,"주부 (전업주부, 파트타임 근무 주부)",400~499만원,예    ,자녀 없음 ,아파트/ 주상복합,부산,기장군,철마면,애플,KT,자전거,자전거관리용품,에어펌프(발펌프),자전거펌프/미니펌프/공기주입기/자전거용품,http://www.11st.co.kr/product/SellerProductDetail.tmall?method=getSellerProductDetail&prdNo=12932277
D***,201908**,M,2,"사무직 (일반사무직, 공무원, 직업군인)",200~299만원,      ,          ,아파트/ 주상복합,경기,부천시 소사구,괴안동,삼성,SKT,자전거,자전거,MTB,삼천리자전거팀60D MTB자전거 24단 알루미늄자전거,http://www.11st.co.kr/product/SellerProductDetail.tmall?method=getSellerProductDetail&prdNo=1230896068
D***,201908**,M,3,"사무직 (일반사무직, 공무원, 직업군인)",200~299만원,      ,          ,아파트/ 주상복합,서울,광진구,화양동,삼성,SKT,레저/자동차,자전거/용품,자전거액세서리,유아안장자전거유아안장 후방유아안장 아동보조안장,http://www.11st.co.kr/product/SellerProductDetail.tmall?method=getSellerProductDetail&prdNo=124136733
D***,201908**,F,5,"사무직 (일반사무직, 공무원, 직업군인)",200~299만원,      ,          ,아파트/ 주상복합,부산,부산진구,양정1동,삼성,SKT,레저/자동차,자전거/용품,자전거,[삼천리]접이식여성자전거/미니벨로 바구니 자전거,http://www.11st.co.kr/product/SellerProductDetail.tmall?method=getSellerProductDetail&prdNo=1013926352
D***,201908**,F,5,"주부 (전업주부, 파트타임 근무 주부)",600~699만원,예    ,자녀 있음 ,아파트/ 주상복합,인천,남동구,간석1동,삼성,KT,캠핑/골프/헬스/자전거,자전거의류/용품,신발,뉴발란스CRT300 스니커즈 운동화 (CRT300CA),http://www.hnsmall.com/display/goods.do?goods_code=12922166
D***,201908**,M,4,"사무직 (일반사무직, 공무원, 직업군인)",200~299만원,      ,          ,아파트/ 주상복합,서울,양천구,신월2동,삼성,SKT,레저/자동차,자전거/용품,자전거의류/잡화,아동.유아.어린이/무릎보호대.헬멧.장갑 세트/자전거용품.인라인스케이트.씽씽카.안전용품.블랙프라이데이,http://www.11st.co.kr/product/SellerProductDetail.tmall?method=getSellerProductDetail&prdNo=1066221250
D***4,201908**,M,3,"판매직 (상점점원, 보험설계사, 노점상)",200~299만원,아니오,          ,연립주택/ 다세대/ 빌라,서울,마포구,성산동,애플,SKT,자전거,자전거부품,브레이크패드,BARADINE바라딘 450 로드용 브레이크슈 브레이크 슈패드 고무패드 자전거용품 부품,http://www.11st.co.kr/product/SellerProductDetail.tmall?method=getSellerProductDetail&prdNo=1073663674
D***9,201908**,M,4,"사무직 (일반사무직, 공무원, 직업군인)",200~299만원,      ,          ,아파트/ 주상복합,강원,강릉시,교1동,삼성,SKT,레저/자동차,자전거/용품,자전거,[삼천리자전거]하로GS20 7단 접이식자전거  어린이/여성 폴딩자전거,http://item.gmarket.co.kr/Item?goodscode=1201466217
D***1,201908**,F,2,"학생 (초중고학생, 대학생, 대학원생)",600~699만원,아니오,          ,아파트/ 주상복합,경기,고양시 덕양구,고양동,애플,KT,자전거,자전거신발/고글/헬멧,보호대,무료배송.국산쿨토시.팔토시.냉감토시.쿨마스크.아동,http://www.11st.co.kr/product/SellerProductDetail.tmall?method=getSellerProductDetail&prdNo=1249823887
D***2,201908**,M,3,"전문직 (의사, 판검사, 예술가, 종교인)",200~299만원,예    ,자녀 있음 ,단독주택,인천,옹진군,영흥면,삼성,KT,레저/자동차,자전거/용품,자전거의류/잡화,[PUMA]푸마 여성 기모 티셔츠 3종세트 NFYKFG01,http://www.hnsmall.com/display/goods.do?goods_code=12835184
D***7,201908**,M,3,"교직 (교사, 유치원교사, 학원강사)",300~399만원,예    ,자녀 있음 ,아파트/ 주상복합,경북,구미시,산동면,삼성,KT,자전거/보드,자전거라이트,라이트거치대,페어맨만능 18650충전기 FLIC-210 자전거라이트 2구,http://item.gmarket.co.kr/Item?goodscode=1237810051
D***,201908**,M,3,"사무직 (일반사무직, 공무원, 직업군인)",200~299만원,      ,          ,아파트/ 주상복합,강원,동해시,천곡동,삼성,SKT,레저/자동차,자전거/용품,헬멧/보호장비,심플한도시형헬멧/빅이글 어반헬멧/자전거용품/인라인,http://www.11st.co.kr/product/SellerProductDetail.tmall?method=getSellerProductDetail&prdNo=1187901648
D***,201908**,F,5,"사무직 (일반사무직, 공무원, 직업군인)",200~299만원,      ,          ,아파트/ 주상복합,경기,성남시 분당구,야탑동,삼성,SKT,레저/자동차,자전거/용품,자전거액세서리,자전거휠 라이트 안전등  LED라이트 후미등,http://www.11st.co.kr/product/SellerProductDetail.tmall?method=getSellerProductDetail&prdNo=1076764951
D***,201908**,F,3,"사무직 (일반사무직, 공무원, 직업군인)",200~299만원,      ,          ,아파트/ 주상복합,부산,동래구,명륜1동,삼성,SKT,자전거/보드,자전거장갑/잡화,자전거장갑,[프로스펙스]스마트 방한장갑 등산장갑 자전거장갑 겨울장갑 축구,http://item.gmarket.co.kr/Item?goodscode=1150372758
D***,201908**,F,5,"사무직 (일반사무직, 공무원, 직업군인)",200~299만원,      ,          ,아파트/ 주상복합,경북,김천시,부곡동,삼성,SKT,자전거,자전거,MTB,베리벨로보스톤GS 18년형 22인치 초등학생 MTB자전거,http://www.11st.co.kr/product/SellerProductDetail.tmall?method=getSellerProductDetail&prdNo=1240605806
D***,201908**,M,3,"사무직 (일반사무직, 공무원, 직업군인)",200~299만원,      ,          ,아파트/ 주상복합,서울,성북구,석관동,삼성,SKT,레저/자동차,자전거/용품,자전거액세서리,SCHWALBE슈발베 타이어레버 3개한세트 타이어교체 / 튜블러 시멘트/리무버/이지핏 악세사리,http://www.11st.co.kr/product/SellerProductDetail.tmall?method=getSellerProductDetail&prdNo=1263501442
D***,201908**,M,3,"사무직 (일반사무직, 공무원, 직업군인)",200~299만원,      ,          ,아파트/ 주상복합,전남,목포시,연산동,삼성,SKT,자전거,튜닝용품,후미등,누빔멀티 라이트 NB-600 자전거 후미등 방향지시등,http://www.11st.co.kr/product/SellerProductDetail.tmall?method=getSellerProductDetail&prdNo=115116197
D***7,201908**,M,4,"사무직 (일반사무직, 공무원, 직업군인)",200~299만원,      ,          ,아파트/ 주상복합,인천,옹진군,영흥면,삼성,SKT,캠핑/골프/헬스/자전거,자전거의류/용품,공용하의,[MCN]네오 베이직 7부 바지/승마바지,http://www.hnsmall.com/display/goods.do?goods_code=12497037
D***6,201908**,F,5,"주부 (전업주부, 파트타임 근무 주부)","1,000만원 이상",예    ,자녀 있음 ,아파트/ 주상복합,경기,수원시 영통구,하동,LG,KT,자전거/보드,자전거라이트,자전거라이트/전조등,지바코76L 폴딩 립스탑 멀티 백 캠핑가방 수납가방,http://item.gmarket.co.kr/Item?goodscode=1111364071
D***7,201908**,M,2,"학생 (초중고학생, 대학생, 대학원생)",100~199만원,아니오,          ,연립주택/ 다세대/ 빌라,대전,동구,자양동,기타,알뜰폰(MVNO),레저/자동차,자전거/용품,자전거타이어/부품,야광젤타입 자전거 안장 자전거 용품 레저 취미,http://item.gmarket.co.kr/Item?goodscode=1268231013
D***7,201908**,M,2,무직,100만원 미만,아니오,          ,아파트/ 주상복합,전북,김제시,요촌동,삼성,SKT,자전거/보드,자전거타이어/부품,자전거튜브,[흥아]흥아 26인치x1.75/2.125 프레스타 60mm 자전거튜브,http://item.gmarket.co.kr/Item?goodscode=1284816502
D***0,201908**,M,3,"서비스직 (요식업, 숙박업, 미용실종업원)",700~799만원,예    ,자녀 없음 ,아파트/ 주상복합,경기,고양시 일산동구,백석1동,삼성,KT,자전거,자전거관리용품,에어펌프(발펌프),GIYO지요 GF-56GTB ULTRA 자전거펌프 공기배출기능,http://www.11st.co.kr/product/SellerProductDetail.tmall?method=getSellerProductDetail&prdNo=1147853726
D***9,201908**,F,2,무직,100만원 미만,아니오,          ,아파트/ 주상복합,서울,성동구,금호동1가,삼성,KT,자전거,자전거신발/고글/헬멧,헬멧,스텔리오스고글헬멧 에어로 자전거헬멧 로드헬멧,http://www.11st.co.kr/product/SellerProductDetail.tmall?method=getSellerProductDetail&prdNo=1007190015
D***8,201908**,F,5,"사무직 (일반사무직, 공무원, 직업군인)",400~499만원,예    ,자녀 있음 ,연립주택/ 다세대/ 빌라,인천,부평구,산곡1동,기타,SKT,레저/자동차,자전거/용품,자전거의류/잡화,방한멀티스카프/멀티워머/넥워머/마스크/스키/자전거,http://item.gmarket.co.kr/Item?goodscode=1145899445
D***7,201908**,M,4,"사무직 (일반사무직, 공무원, 직업군인)",400~499만원,예    ,자녀 있음 ,아파트/ 주상복합,서울,영등포구,문래동4가,삼성,SKT,자전거/보드,일반자전거,픽시자전거,벤데타벨루가 700C 알로이 에어로 프레임 픽시자전거,http://item.gmarket.co.kr/Item?goodscode=1219375759
D***,201908**,M,3,"전문직 (의사, 판검사, 예술가, 종교인)",400~499만원,예    ,자녀 있음 ,아파트/ 주상복합,서울,성동구,옥수동,삼성,KT,자전거,자전거관리용품,에어펌프(발펌프),발펌프/튜브/휴대용/쌍발/자전거/공기주입기/에어펌프/타이어공기/축구공/농구공/바람넣기/외발/강력발펌프,http://www.11st.co.kr/product/SellerProductDetail.tmall?method=getSellerProductDetail&prdNo=1091662162
D***6,201908**,F,2,"사무직 (일반사무직, 공무원, 직업군인)",200~299만원,      ,          ,아파트/ 주상복합,전남,목포시,용해동,삼성,SKT,레저/자동차,자전거/용품,헬멧/보호장비,심플한도시형헬멧/빅이글 어반헬멧/자전거용품/인라인,http://www.11st.co.kr/product/SellerProductDetail.tmall?method=getSellerProductDetail&prdNo=1187901648
D***0,201908**,M,4,"전문직 (의사, 판검사, 예술가, 종교인)",800~899만원,예    ,자녀 있음 ,아파트/ 주상복합,인천,연수구,송도동,삼성,SKT,자전거,자전거관리용품,에어펌프(발펌프),국산삼흥 발펌프 공기주입기 손펌프 에어펌프 자전거,http://www.11st.co.kr/product/SellerProductDetail.tmall?method=getSellerProductDetail&prdNo=1105695651
D***4,201908**,M,3,"사무직 (일반사무직, 공무원, 직업군인)",200~299만원,      ,          ,아파트/ 주상복합,대구,달성군,다사읍,삼성,SKT,자전거,튜닝용품,잠금장치,호비대만정품 LJ9080 4관절락 자전거자물쇠 사관절,http://www.11st.co.kr/product/SellerProductDetail.tmall?method=getSellerProductDetail&prdNo=11383586
D***6,201908**,M,5,"교직 (교사, 유치원교사, 학원강사)",100만원 미만,아니오,          ,아파트/ 주상복합,서울,관악구,성현동,삼성,KT,자전거,자전거부품,튜브,[FNS]즈와유무시고무 없는 던롭밸브 세트/던롭튜브,http://www.11st.co.kr/product/SellerProductDetail.tmall?method=getSellerProductDetail&prdNo=1217450472
D***3,201908**,F,2,"사무직 (일반사무직, 공무원, 직업군인)",200~299만원,      ,          ,아파트/ 주상복합,서울,동작구,사당5동,삼성,SKT,레저/자동차,자전거/용품,자전거액세서리,[VELO]VL3147전립선안장 - MTB 로드 싸이클 자전거 전립선 벨로 쿠션안장,http://www.11st.co.kr/product/SellerProductDetail.tmall?method=getSellerProductDetail&prdNo=1099006895
D***,201908**,M,3,"사무직 (일반사무직, 공무원, 직업군인)",200~299만원,      ,          ,아파트/ 주상복합,경기,수원시 권선구,고색동,삼성,SKT,자전거,자전거부품,핸들그립,Giant그립/Connect 커넥트 에르고 맥스 락온 (2색상),http://www.11st.co.kr/product/SellerProductDetail.tmall?method=getSellerProductDetail&prdNo=1137382869
D***,201908**,M,2,"학생 (초중고학생, 대학생, 대학원생)",100만원 미만,아니오,          ,단독주택,광주,북구,용봉동,애플,SKT,레저/자동차,자전거/용품,자전거액세서리,SCHWALBE슈발베 타이어레버 3개한세트 타이어교체 / 튜블러 시멘트/리무버/이지핏 악세사리,http://www.11st.co.kr/product/SellerProductDetail.tmall?method=getSellerProductDetail&prdNo=1263501442
D***,201908**,F,3,"사무직 (일반사무직, 공무원, 직업군인)",200~299만원,      ,          ,아파트/ 주상복합,경남,거제시,고현동,삼성,SKT,레저/자동차,자전거/용품,자전거액세서리,자전거비밀번호 자물쇠 (소)  No75,http://item.gmarket.co.kr/Item?goodscode=1235749090
D***,201908**,M,2,"사무직 (일반사무직, 공무원, 직업군인)",200~299만원,      ,          ,아파트/ 주상복합,경기,안산시 상록구,성포동,삼성,SKT,레저/자동차,자전거/용품,자전거의류/잡화,[PUMA]푸마 여성 기모 티셔츠 3종세트 NFYKFG01,http://www.hnsmall.com/display/goods.do?goods_code=12835184
D***,201908**,M,5,"자영업 (도소매업, 숙박업, 미용업)",500~599만원,예    ,자녀 있음 ,아파트/ 주상복합,인천,부평구,삼산1동,기타,KT,자전거,자전거부품,체인,"SramX1 체인, PC-X1, 11단/11단용 자전거 체인",http://www.11st.co.kr/product/SellerProductDetail.tmall?method=getSellerProductDetail&prdNo=1261677729
D***2,201908**,F,5,"주부 (전업주부, 파트타임 근무 주부)",300~399만원,예    ,자녀 있음 ,아파트/ 주상복합,서울,영등포구,문래동3가,LG,KT,자전거,자전거신발/고글/헬멧,헬멧,자전거커버방수 덮개 오토바이,http://www.11st.co.kr/product/SellerProductDetail.tmall?method=getSellerProductDetail&prdNo=1269616509
D***0,201908**,M,2,"사무직 (일반사무직, 공무원, 직업군인)",200~299만원,      ,          ,아파트/ 주상복합,경기,광명시,광명2동,삼성,SKT,레저/자동차,자전거/용품,헬멧/보호장비,"Giro헬멧/Quarter 쿼터, 어번/더트 (6색상)",http://www.11st.co.kr/product/SellerProductDetail.tmall?method=getSellerProductDetail&prdNo=1230444459
D***3,201908**,M,4,"사무직 (일반사무직, 공무원, 직업군인)",300~399만원,예    ,자녀 있음 ,아파트/ 주상복합,서울,성북구,길음동,삼성,SKT,자전거,자전거부품,브레이크패드,시마노디스크 브레이크 Resin 패드 B01S/BR-T615/C501/M575/M525/M486/M485/M475/M465 레진패드/래진패드,http://www.11st.co.kr/product/SellerProductDetail.tmall?method=getSellerProductDetail&prdNo=1060069949
D***1,201908**,F,4,"주부 (전업주부, 파트타임 근무 주부)",300~399만원,예    ,자녀 있음 ,연립주택/ 다세대/ 빌라,서울,도봉구,방학2동,삼성,SKT,자전거,튜닝용품,전시스탠드,[학성스포츠]아동용16/18/20인치 자전거스탠드/보조바퀴떼어내고 두발자전거전환시사용,http://www.11st.co.kr/product/SellerProductDetail.tmall?method=getSellerProductDetail&prdNo=1226615595
D***7,201908**,F,3,"사무직 (일반사무직, 공무원, 직업군인)",200~299만원,아니오,          ,아파트/ 주상복합,인천,남동구,구월동,삼성,SKT,레저/자동차,자전거/용품,헬멧/보호장비,"Giro헬멧/Quarter 쿼터, 어번/더트 (6색상)",http://www.11st.co.kr/product/SellerProductDetail.tmall?method=getSellerProductDetail&prdNo=1230444459
D***0,201908**,M,3,기타 ,300~399만원,아니오,          ,아파트/ 주상복합,경기,수원시 팔달구,화서2동,LG,LG U+,레저/자동차,자전거/용품,자전거의류/잡화,방한멀티스카프/멀티워머/넥워머/마스크/스키/자전거,http://item.gmarket.co.kr/Item?goodscode=1145899445
D***9,201908**,F,3,"주부 (전업주부, 파트타임 근무 주부)",100~199만원,예    ,자녀 있음 ,아파트/ 주상복합,울산,북구,매곡동,삼성,SKT,레저/자동차,자전거/용품,자전거의류/잡화,마스크/귀마개/멀티워머/넥워머/자전거/검정마스크,http://www.11st.co.kr/product/SellerProductDetail.tmall?method=getSellerProductDetail&prdNo=1167152971
D***7,201908**,F,2,"주부 (전업주부, 파트타임 근무 주부)",100~199만원,아니오,          ,연립주택/ 다세대/ 빌라,충북,청주시 흥덕구,복대1동,애플,LG U+,자전거,자전거관리용품,펑크패치,무료배송휴대용 펑크패치/타이어 튜브 레버 정비 수리 공구세트/자전거용품.부품,http://www.11st.co.kr/product/SellerProductDetail.tmall?method=getSellerProductDetail&prdNo=1028212762
D***,201908**,M,4,"사무직 (일반사무직, 공무원, 직업군인)",200~299만원,      ,          ,아파트/ 주상복합,전남,무안군,무안읍,삼성,SKT,레저/자동차,자전거/용품,헬멧/보호장비,"Giro헬멧/Quarter 쿼터, 어번/더트 (6색상)",http://www.11st.co.kr/product/SellerProductDetail.tmall?method=getSellerProductDetail&prdNo=1230444459
D***,201908**,M,2,"사무직 (일반사무직, 공무원, 직업군인)",500~599만원,아니오,          ,아파트/ 주상복합,서울,구로구,개봉3동,삼성,KT,자전거,자전거신발/고글/헬멧,보호대,2+2이벤트/네파정품/탑쿨/슬레진저 쿨토시 팔토시,http://www.11st.co.kr/product/SellerProductDetail.tmall?method=getSellerProductDetail&prdNo=1282680743
D***,201908**,M,3,"생산/노무직 (생산감독, 경비원, 공장근로자)",400~499만원,아니오,          ,단독주택,광주,북구,운암2동,삼성,알뜰폰(MVNO),레저/자동차,자전거/용품,자전거,사은품증정[삼천리자전거]아이비/어린이자전거/아동용,http://www.11st.co.kr/product/SellerProductDetail.tmall?method=getSellerProductDetail&prdNo=1079264363
D***7,201908**,M,4,"사무직 (일반사무직, 공무원, 직업군인)",200~299만원,아니오,          ,아파트/ 주상복합,인천,남구,학익1동,삼성,SKT,자전거,자전거신발/고글/헬멧,보호대,특가쿨토시 1+1 (2세트) /토시/아동쿨토시/팔토시,http://www.11st.co.kr/product/SellerProductDetail.tmall?method=getSellerProductDetail&prdNo=1291753831
D***0,201908**,M,2,"사무직 (일반사무직, 공무원, 직업군인)",200~299만원,예    ,자녀 있음 ,아파트/ 주상복합,경기,파주시,적성면,LG,LG U+,자전거,자전거신발/고글/헬멧,장갑,자전거방한토시 바이크 핸들덮개 방한커버 손토시,http://www.11st.co.kr/product/SellerProductDetail.tmall?method=getSellerProductDetail&prdNo=1164858474
D***5,201908**,F,4,"주부 (전업주부, 파트타임 근무 주부)",400~499만원,예    ,자녀 있음 ,아파트/ 주상복합,인천,남동구,구월2동,기타,SKT,유아동,유아동완구/교구,승용완구,STONETREE스톤트리 트라이크 - 유모차 세발 자전거,http://item.gmarket.co.kr/Item?goodscode=1129986013
D***3,201908**,M,4,"사무직 (일반사무직, 공무원, 직업군인)",600~699만원,예    ,자녀 있음 ,아파트/ 주상복합,서울,서초구,우면동,애플,LG U+,자전거/보드,자전거바구니/가방,크로스가방,엑스피크빅파우치 자전거 휴대폰파우치,http://item.gmarket.co.kr/Item?goodscode=1187012636
D***5,201908**,F,2,"전문직 (의사, 판검사, 예술가, 종교인)",500~599만원,예    ,자녀 없음 ,연립주택/ 다세대/ 빌라,서울,도봉구,창동,삼성,SKT,자전거,자전거부품,보조바퀴,SM-901성인용 보조바퀴(20~26인치용),http://www.11st.co.kr/product/SellerProductDetail.tmall?method=getSellerProductDetail&prdNo=1200999290
D***2,201908**,M,2,"사무직 (일반사무직, 공무원, 직업군인)",200~299만원,      ,          ,아파트/ 주상복합,부산,부산진구,초읍동,삼성,SKT,자전거/보드,자전거라이트,자전거라이트/전조등,몬스터라이트LG화학 18650 배터리 3050mAh,http://item.gmarket.co.kr/Item?goodscode=1280497915
D***7,201908**,F,4,"사무직 (일반사무직, 공무원, 직업군인)",200~299만원,      ,          ,아파트/ 주상복합,전북,김제시,금구면,삼성,SKT,레저/자동차,자전거/용품,자전거,알톤베네통BKS18/16 어린이자전거 삼천리 아동자전거,http://www.11st.co.kr/product/SellerProductDetail.tmall?method=getSellerProductDetail&prdNo=1215156477
D***5,201908**,F,2,"학생 (초중고학생, 대학생, 대학원생)",300~399만원,아니오,          ,아파트/ 주상복합,경기,용인시 기흥구,서천동,삼성,SKT,자전거/보드,자전거라이트,자전거라이트/전조등,몬스터라이트미니 자전거라이트  몬스터라이트 미니,http://item.gmarket.co.kr/Item?goodscode=1280390929
D***3,201908**,F,4,"교직 (교사, 유치원교사, 학원강사)",300~399만원,아니오,          ,연립주택/ 다세대/ 빌라,서울,동대문구,전농1동,LG,LG U+,자전거,자전거신발/고글/헬멧,헬멧,자전거커버방수 덮개 오토바이,http://www.11st.co.kr/product/SellerProductDetail.tmall?method=getSellerProductDetail&prdNo=1269616509
D***3,201908**,F,2,"사무직 (일반사무직, 공무원, 직업군인)",700~799만원,아니오,          ,연립주택/ 다세대/ 빌라,서울,관악구,신림동,애플,SKT,레저/자동차,자전거/용품,자전거의류/잡화,GIROJAG 반장갑/지로 장갑/땀흡수/통기성/4웨이 신축성/충격흡수패딩/자전거장갑/지로장갑/자전거용품,http://www.11st.co.kr/product/SellerProductDetail.tmall?method=getSellerProductDetail&prdNo=1274875036
D***0,201908**,M,2,"사무직 (일반사무직, 공무원, 직업군인)","1,000만원 이상",아니오,          ,단독주택,경기,평택시,오성면,삼성,KT,자전거,자전거신발/고글/헬멧,보호대,무료배송.국산쿨토시.팔토시.냉감토시.쿨마스크.아동,http://www.11st.co.kr/product/SellerProductDetail.tmall?method=getSellerProductDetail&prdNo=1249823887
D***7,201908**,M,3,"교직 (교사, 유치원교사, 학원강사)",300~399만원,예    ,자녀 있음 ,아파트/ 주상복합,경북,구미시,산동면,삼성,KT,자전거,자전거신발/고글/헬멧,보호대,(가온들)나스카/쿨토시/기능성팔토시/스포츠골프토시,http://www.11st.co.kr/product/SellerProductDetail.tmall?method=getSellerProductDetail&prdNo=11387459
D***,201908**,F,3,"사무직 (일반사무직, 공무원, 직업군인)",200~299만원,      ,          ,아파트/ 주상복합,서울,송파구,문정2동,삼성,SKT,자전거,자전거부품,튜브,자전거고급 타이어 튜브/던롭 프레스타 슈레더 튜브/슈발베 켄다 CST튜브/자전거용품 부품,http://www.11st.co.kr/product/SellerProductDetail.tmall?method=getSellerProductDetail&prdNo=1096604696
D***,201908**,F,4,"사무직 (일반사무직, 공무원, 직업군인)",200~299만원,      ,          ,아파트/ 주상복합,광주,서구,풍암동,삼성,SKT,자전거/보드,자전거타이어/부품,자전거타이어,자전거휠라이트 반사 스트로우 바퀴 야간 안전 야광,http://item.gmarket.co.kr/Item?goodscode=1184423428
D***,201908**,M,2,"사무직 (일반사무직, 공무원, 직업군인)",200~299만원,      ,          ,아파트/ 주상복합,서울,양천구,목2동,삼성,SKT,자전거,자전거신발/고글/헬멧,보호대,무료배송.국산쿨토시.팔토시.냉감토시.쿨마스크.아동,http://www.11st.co.kr/product/SellerProductDetail.tmall?method=getSellerProductDetail&prdNo=1249823887
D***9,201908**,F,3,"사무직 (일반사무직, 공무원, 직업군인)",200~299만원,      ,          ,아파트/ 주상복합,서울,강남구,논현동,삼성,SKT,자전거,자전거,MTB,프로메이드풀서스펜션 24인치 MTB자전거 아스톤힐DS,http://www.11st.co.kr/product/SellerProductDetail.tmall?method=getSellerProductDetail&prdNo=1190027550
D***2,201908**,M,4,"사무직 (일반사무직, 공무원, 직업군인)",200~299만원,      ,          ,아파트/ 주상복합,경기,남양주시,금곡동,삼성,SKT,자전거,자전거신발/고글/헬멧,보호대,2+2이벤트/네파정품/탑쿨/슬레진저 쿨토시 팔토시,http://www.11st.co.kr/product/SellerProductDetail.tmall?method=getSellerProductDetail&prdNo=1282680743
D***6,201908**,F,2,"사무직 (일반사무직, 공무원, 직업군인)",200~299만원,      ,          ,아파트/ 주상복합,대구,달서구,신당동,삼성,SKT,자전거/보드,자전거액세서리,자전거짐받이,바이크박스블랙   -  생활용 여성용 접이식 자전거 짐받이 거치용 접이식 짐 바구니,http://item.gmarket.co.kr/Item?goodscode=128833406
D***7,201908**,M,3,"사무직 (일반사무직, 공무원, 직업군인)",200~299만원,      ,          ,아파트/ 주상복합,서울,강서구,화곡본동,삼성,SKT,자전거,자전거부품,안장,풀카본안장자전거안장 초경량 카본안장,http://www.11st.co.kr/product/SellerProductDetail.tmall?method=getSellerProductDetail&prdNo=1240983940
D***9,201908**,F,4,"사무직 (일반사무직, 공무원, 직업군인)",300~399만원,예    ,자녀 있음 ,아파트/ 주상복합,인천,남구,용현동,삼성,KT,레저/자동차,자전거/용품,자전거의류/잡화,극세사기모 방한 넥워머 바라클라바 겨울 목토시 자전거 방한마스크 멀티스카프 털모자,http://www.11st.co.kr/product/SellerProductDetail.tmall?method=getSellerProductDetail&prdNo=1171528780
D***9,201908**,M,3,"전문직 (의사, 판검사, 예술가, 종교인)",400~499만원,예    ,자녀 없음 ,아파트/ 주상복합,경남,창원시 성산구,가음동,애플,KT,자전거,자전거신발/고글/헬멧,헬멧,2018GIRO 지로 QUARTER 쿼터 어반 자전거 헬멧 BMX,http://www.11st.co.kr/product/SellerProductDetail.tmall?method=getSellerProductDetail&prdNo=1246004626
D***9,201908**,M,4,"생산/노무직 (생산감독, 경비원, 공장근로자)",300~399만원,아니오,          ,연립주택/ 다세대/ 빌라,부산,사하구,괴정2동,삼성,SKT,레저/자동차,자전거/용품,자전거액세서리,[고바이크]자전거짐받이특대바구니/플록스천바구니/짐바구니/고정식바구니/장착용바구니/자전거악세사리,http://www.11st.co.kr/product/SellerProductDetail.tmall?method=getSellerProductDetail&prdNo=1273581622
D***9,201908**,F,2,무직,100만원 미만,아니오,          ,아파트/ 주상복합,서울,성동구,금호동1가,삼성,KT,자전거/보드,자전거타이어/부품,자전거튜브,[흥아]흥아 700C x 23/25C 프레스타 80mm 자전거튜브 로드,http://item.gmarket.co.kr/Item?goodscode=1287261891
D***7,201908**,M,4,"사무직 (일반사무직, 공무원, 직업군인)",400~499만원,예    ,자녀 있음 ,아파트/ 주상복합,서울,영등포구,문래동4가,삼성,SKT,자전거,자전거관리용품,에어펌프(발펌프),자전거펌프/미니펌프/공기주입기/자전거용품,http://www.11st.co.kr/product/SellerProductDetail.tmall?method=getSellerProductDetail&prdNo=12932277
D***,201908**,M,2,"학생 (초중고학생, 대학생, 대학원생)",100만원 미만,아니오,          ,연립주택/ 다세대/ 빌라,경북,포항시 남구,연일읍,LG,KT,자전거,자전거신발/고글/헬멧,헬멧,필모리스/F381/F373/자전거헬멧/성인용헬멧/안전용품,http://www.11st.co.kr/product/SellerProductDetail.tmall?method=getSellerProductDetail&prdNo=1289945654
D***,201908**,M,3,"사무직 (일반사무직, 공무원, 직업군인)",200~299만원,      ,          ,아파트/ 주상복합,부산,영도구,남항동3가,삼성,SKT,자전거,튜닝용품,전시스탠드,"자전거스텐드거치대/16,18,20,22,24,26스탠드 받침대 보관대 접이식 자전거용품",http://www.11st.co.kr/product/SellerProductDetail.tmall?method=getSellerProductDetail&prdNo=12932139
D***,201908**,M,3,"사무직 (일반사무직, 공무원, 직업군인)",200~299만원,      ,          ,아파트/ 주상복합,대구,북구,서변동,삼성,SKT,자전거,튜닝용품,전시스탠드,"자전거스텐드거치대/16,18,20,22,24,26스탠드 받침대 보관대 접이식 자전거용품",http://www.11st.co.kr/product/SellerProductDetail.tmall?method=getSellerProductDetail&prdNo=12932139
D***1,201908**,M,5,"사무직 (일반사무직, 공무원, 직업군인)",200~299만원,      ,          ,아파트/ 주상복합,경기,화성시,능동,삼성,SKT,자전거/보드,자전거액세서리,자전거커버,스타시빅C-01 옥스포드 210D 자전거 커버,http://item.gmarket.co.kr/Item?goodscode=1266415303
D***6,201908**,M,4,"생산/노무직 (생산감독, 경비원, 공장근로자)",100~199만원,아니오,          ,아파트/ 주상복합,대구,달서구,두류1동,삼성,LG U+,레저/자동차,자전거/용품,헬멧/보호장비,가성비좋은 헬멧/빅이글 자전거헬멧/보호대/인라인/자전거용품,http://www.11st.co.kr/product/SellerProductDetail.tmall?method=getSellerProductDetail&prdNo=1187889237
D***6,201908**,M,5,"자영업 (도소매업, 숙박업, 미용업)",500~599만원,예    ,자녀 있음 ,아파트/ 주상복합,서울,성동구,행당동,애플,SKT,레저/자동차,자전거/용품,자전거,뉴도미니크24/렌즈/갤럽등 초등학생 하이브리드 모음,http://www.11st.co.kr/product/SellerProductDetail.tmall?method=getSellerProductDetail&prdNo=1154104823
D***0,201908**,M,2,"학생 (초중고학생, 대학생, 대학원생)","1,000만원 이상",아니오,          ,아파트/ 주상복합,부산,영도구,동삼2동,삼성,SKT,레저/자동차,자전거/용품,자전거액세서리,자전거유아안장전방유아안장 아동보조안장,http://www.11st.co.kr/product/SellerProductDetail.tmall?method=getSellerProductDetail&prdNo=124145685
D***0,201908**,M,3,"사무직 (일반사무직, 공무원, 직업군인)",200~299만원,      ,          ,아파트/ 주상복합,경기,안산시 단원구,와동,삼성,SKT,레저/자동차,자전거/용품,자전거,[삼천리자전거]하로GS20 7단 접이식자전거  어린이/여성 폴딩자전거,http://item.gmarket.co.kr/Item?goodscode=1201466217
D***2,201908**,M,4,"전문직 (의사, 판검사, 예술가, 종교인)",200~299만원,예    ,자녀 있음 ,아파트/ 주상복합,부산,부산진구,전포1동,삼성,LG U+,자전거,튜닝용품,흙받이,자전거흙받이(한세트)삼천리자전거 레스포정품/흙튀김방지 물받이/선택,http://www.11st.co.kr/product/SellerProductDetail.tmall?method=getSellerProductDetail&prdNo=12932278
D***0,201908**,M,3,"사무직 (일반사무직, 공무원, 직업군인)",100~199만원,아니오,          ,오피스텔,충북,청주시 상당구,율량동,애플,KT,자전거/보드,자전거라이트,라이트거치대,페어맨만능 18650충전기 FLIC-210 자전거라이트 2구,http://item.gmarket.co.kr/Item?goodscode=1237810051
D***7,201908**,M,2,"학생 (초중고학생, 대학생, 대학원생)",200~299만원,아니오,          ,아파트/ 주상복합,경북,구미시,사곡동,LG,LG U+,캠핑/골프/헬스/자전거,자전거의류/용품,신발,뉴발란스CRT300 스니커즈 운동화 (CRT300CA),http://www.hnsmall.com/display/goods.do?goods_code=12922166
D***1,201908**,F,2,"학생 (초중고학생, 대학생, 대학원생)",600~699만원,아니오,          ,아파트/ 주상복합,경기,고양시 덕양구,고양동,애플,KT,레저/자동차,자전거/용품,자전거액세서리,블랙울프자전거 라이트 용품 18650 배터리 충전기,http://www.11st.co.kr/product/SellerProductDetail.tmall?method=getSellerProductDetail&prdNo=1003701027
D***5,201908**,F,3,"사무직 (일반사무직, 공무원, 직업군인)","1,000만원 이상",아니오,          ,연립주택/ 다세대/ 빌라,광주,북구,용봉동,삼성,SKT,레저/자동차,자전거/용품,자전거액세서리,18650AA AAA 충전지 배터리 충전기 i4 D2 i2 UM20,http://www.11st.co.kr/product/SellerProductDetail.tmall?method=getSellerProductDetail&prdNo=1181473940
D***3,201908**,M,2,"전문직 (의사, 판검사, 예술가, 종교인)","1,000만원 이상",예    ,자녀 있음 ,단독주택,서울,종로구,평창동,삼성,SKT,자전거,자전거부품,튜브,자전거고급 타이어 튜브/던롭 프레스타 슈레더 튜브/슈발베 켄다 CST튜브/자전거용품 부품,http://www.11st.co.kr/product/SellerProductDetail.tmall?method=getSellerProductDetail&prdNo=1096604696
D***0,201908**,F,4,"교직 (교사, 유치원교사, 학원강사)",600~699만원,예    ,자녀 있음 ,아파트/ 주상복합,경기,안성시,공도읍,삼성,SKT,레저/자동차,자전거/용품,자전거타이어/부품,삼천리알루미늄 핸드펌프  - 자전거 다용도 튜브 펌프 공기주입기,http://www.11st.co.kr/product/SellerProductDetail.tmall?method=getSellerProductDetail&prdNo=1218187968
D***,201908**,M,3,"사무직 (일반사무직, 공무원, 직업군인)",600~699만원,예    ,자녀 있음 ,아파트/ 주상복합,서울,강남구,대치2동,LG,LG U+,자전거,자전거관리용품,에어펌프(발펌프),발펌프/튜브/휴대용/쌍발/자전거/공기주입기/에어펌프/타이어공기/축구공/농구공/바람넣기/외발/강력발펌프,http://www.11st.co.kr/product/SellerProductDetail.tmall?method=getSellerProductDetail&prdNo=1091662162
D***,201908**,M,4,"사무직 (일반사무직, 공무원, 직업군인)",200~299만원,      ,          ,아파트/ 주상복합,충남,아산시,풍기동,삼성,SKT,자전거/보드,일반자전거,외발/삼륜/2인용,[자이덴]지오닉스 나누미 에코 성인용 세발 트라이 삼륜자전거,http://item.gmarket.co.kr/Item?goodscode=1292909571
D***,201908**,M,2,"사무직 (일반사무직, 공무원, 직업군인)",200~299만원,      ,          ,아파트/ 주상복합,경기,용인시 수지구,풍덕천동,삼성,SKT,레저/자동차,자전거/용품,자전거액세서리,▶빔라이트충전식 자전거 후미등┃자전거용품┃레저용품┃자전거악세사리┃자전거라이트┃후미등┃,http://www.11st.co.kr/product/SellerProductDetail.tmall?method=getSellerProductDetail&prdNo=1246317584
D***,201908**,M,4,"생산/노무직 (생산감독, 경비원, 공장근로자)",100~199만원,아니오,          ,아파트/ 주상복합,경기,안산시 상록구,성포동,삼성,알뜰폰(MVNO),자전거/보드,자전거장갑/잡화,자전거장갑,[킹썰]스포츠/등산/자전거장갑/여름장갑/반장갑/핸드폰터치,http://item.gmarket.co.kr/Item?goodscode=1144168847
D***,201908**,M,2,"사무직 (일반사무직, 공무원, 직업군인)",200~299만원,      ,          ,아파트/ 주상복합,서울,금천구,가산동,삼성,SKT,레저/자동차,자전거/용품,자전거액세서리,AVVISO툴캡슐 자전거 거치대 공구함 케이스 툴부스,http://item.gmarket.co.kr/Item?goodscode=1129194351
D***7,201908**,M,3,"서비스직 (요식업, 숙박업, 미용실종업원)","1,000만원 이상",아니오,          ,연립주택/ 다세대/ 빌라,경기,광명시,광명7동,애플,SKT,자전거,자전거관리용품,에어펌프(발펌프),국산삼흥 발펌프 공기주입기 손펌프 에어펌프 자전거,http://www.11st.co.kr/product/SellerProductDetail.tmall?method=getSellerProductDetail&prdNo=1105695651
D***1,201908**,M,2,"사무직 (일반사무직, 공무원, 직업군인)",200~299만원,      ,          ,아파트/ 주상복합,부산,부산진구,부전동,삼성,SKT,자전거,자전거신발/고글/헬멧,헬멧,2018GIRO 지로 QUARTER 쿼터 어반 자전거 헬멧 BMX,http://www.11st.co.kr/product/SellerProductDetail.tmall?method=getSellerProductDetail&prdNo=1246004626
D***4,201908**,M,2,"서비스직 (요식업, 숙박업, 미용실종업원)",200~299만원,아니오,          ,연립주택/ 다세대/ 빌라,서울,성북구,정릉2동,삼성,LG U+,레저/자동차,자전거/용품,자전거타이어/부품,삼천리알루미늄 핸드펌프  - 자전거 다용도 튜브 펌프 공기주입기,http://www.11st.co.kr/product/SellerProductDetail.tmall?method=getSellerProductDetail&prdNo=1218187968
D***6,201908**,F,4,"전문직 (의사, 판검사, 예술가, 종교인)",100~199만원,예    ,자녀 있음 ,연립주택/ 다세대/ 빌라,부산,해운대구,재송동,삼성,LG U+,레저/자동차,자전거/용품,자전거,[에어휠]BEST전동킥보드/스쿠터 인기브랜드 에어휠/스티고/이지휠 택1,http://www.lotteimall.com/goods/viewGoodsDetail.lotte?goods_no=1263374352
D***6,201908**,F,3,"주부 (전업주부, 파트타임 근무 주부)",400~499만원,예    ,자녀 없음 ,아파트/ 주상복합,부산,기장군,철마면,애플,KT,레저/자동차,자전거/용품,자전거,베리벨로보스톤GS 22 18년형 22인치 MTB자전거,http://www.11st.co.kr/product/SellerProductDetail.tmall?method=getSellerProductDetail&prdNo=1264898395
D***4,201908**,M,2,"사무직 (일반사무직, 공무원, 직업군인)","1,000만원 이상",아니오,          ,단독주택,대전,서구,가장동,애플,KT,자전거,튜닝용품,전시스탠드,[학성스포츠]아동용16/18/20인치 자전거스탠드/보조바퀴떼어내고 두발자전거전환시사용,http://www.11st.co.kr/product/SellerProductDetail.tmall?method=getSellerProductDetail&prdNo=1226615595
D***7,201908**,M,2,"전문직 (의사, 판검사, 예술가, 종교인)",200~299만원,아니오,          ,연립주택/ 다세대/ 빌라,경북,경주시,노동동,삼성,SKT,레저/자동차,자전거/용품,헬멧/보호장비,GAIUS어반헬멧 킥보드헬멧 성인 청소년헬멧,http://www.11st.co.kr/product/SellerProductDetail.tmall?method=getSellerProductDetail&prdNo=1036710596
D***2,201908**,M,4,"판매직 (상점점원, 보험설계사, 노점상)",200~299만원,예    ,자녀 있음 ,연립주택/ 다세대/ 빌라,서울,중랑구,망우동,삼성,SKT,레저/자동차,자전거/용품,자전거액세서리,18650AA AAA 충전지 배터리 충전기 i4 D2 i2 UM20,http://www.11st.co.kr/product/SellerProductDetail.tmall?method=getSellerProductDetail&prdNo=1181473940
D***,201908**,M,4,"사무직 (일반사무직, 공무원, 직업군인)",200~299만원,      ,          ,아파트/ 주상복합,서울,관악구,행운동,삼성,SKT,캠핑/골프/헬스/자전거,자전거의류/용품,공용상의,[MCN]윈드베스트 MSV-16 블랙/자전거조끼,http://www.hnsmall.com/display/goods.do?goods_code=12602302
D***,201908**,F,4,"주부 (전업주부, 파트타임 근무 주부)",400~499만원,예    ,자녀 있음 ,아파트/ 주상복합,경기,고양시 일산서구,일산3동,LG,KT,자전거,자전거부품,핸들그립,Giant그립/Connect 커넥트 에르고 맥스 락온 (2색상),http://www.11st.co.kr/product/SellerProductDetail.tmall?method=getSellerProductDetail&prdNo=1137382869
D***,201908**,M,3,"사무직 (일반사무직, 공무원, 직업군인)",200~299만원,아니오,          ,연립주택/ 다세대/ 빌라,경기,수원시 팔달구,화서동,애플,SKT,자전거,자전거부품,안장,[참좋은바이크]삼천리아동용안장모음/하이킥/프린세스/키즈바이크/디즈니/유아동/어린이/푹신한안장,http://www.11st.co.kr/product/SellerProductDetail.tmall?method=getSellerProductDetail&prdNo=1205141789
D***,201908**,F,2,"자영업 (도소매업, 숙박업, 미용업)","1,000만원 이상",아니오,          ,아파트/ 주상복합,서울,동작구,노량진1동,애플,KT,레저/자동차,자전거/용품,자전거,삼천리가족형 HF200 7단 미니벨로 20형 접이식자전거,http://www.11st.co.kr/product/SellerProductDetail.tmall?method=getSellerProductDetail&prdNo=1096162616
D***,201908**,M,5,"전문직 (의사, 판검사, 예술가, 종교인)",400~499만원,예    ,자녀 있음 ,아파트/ 주상복합,부산,북구,화명1동,삼성,LG U+,자전거,자전거신발/고글/헬멧,보호대,(가온들)나스카/쿨토시/기능성팔토시/스포츠골프토시,http://www.11st.co.kr/product/SellerProductDetail.tmall?method=getSellerProductDetail&prdNo=11387459
D***1,201908**,M,3,"사무직 (일반사무직, 공무원, 직업군인)",500~599만원,아니오,          ,연립주택/ 다세대/ 빌라,서울,성동구,성수1가1동,삼성,SKT,자전거,자전거신발/고글/헬멧,보호대,나이키/팔토시/쿨토시/자외선차단/스포츠/레저/등산용,http://www.11st.co.kr/product/SellerProductDetail.tmall?method=getSellerProductDetail&prdNo=1221115615
D***8,201908**,M,3,"사무직 (일반사무직, 공무원, 직업군인)",300~399만원,예    ,자녀 있음 ,아파트/ 주상복합,경기,김포시,운양동,삼성,SKT,자전거,자전거,MTB,베리벨로보스톤GS 18년형 22인치 초등학생 MTB자전거,http://www.11st.co.kr/product/SellerProductDetail.tmall?method=getSellerProductDetail&prdNo=1240605806
D***1,201908**,F,3,"주부 (전업주부, 파트타임 근무 주부)",200~299만원,예    ,자녀 없음 ,아파트/ 주상복합,전북,익산시,영등동,애플,KT,자전거,튜닝용품,후미등,자전거후미등2구 실리콘 후미등 LED비상등 안전등 야간 라이딩 유모차 오토바이 3가지 모드,http://www.11st.co.kr/product/SellerProductDetail.tmall?method=getSellerProductDetail&prdNo=1253472408
D***6,201908**,F,2,"사무직 (일반사무직, 공무원, 직업군인)",500~599만원,아니오,          ,연립주택/ 다세대/ 빌라,서울,중랑구,중화1동,기타,KT,자전거/보드,자전거라이트,자전거라이트/전조등,몬스터라이트LG화학 18650 배터리 3050mAh,http://item.gmarket.co.kr/Item?goodscode=1280497915
D***8,201908**,F,2,"학생 (초중고학생, 대학생, 대학원생)",500~599만원,아니오,          ,아파트/ 주상복합,경기,화성시,석우동,애플,KT,레저/자동차,자전거/용품,자전거,[삼천리자전거][삼천리]여성용 클래식 자전거 라니아 22인치,http://www.lotteimall.com/goods/viewGoodsDetail.lotte?goods_no=1203462725
D***2,201908**,M,2,"학생 (초중고학생, 대학생, 대학원생)",200~299만원,아니오,          ,아파트/ 주상복합,서울,구로구,구로2동,삼성,SKT,자전거,자전거관리용품,광택,자전거방수보관커버/방수자전거 커버/PEVA원단,http://www.11st.co.kr/product/SellerProductDetail.tmall?method=getSellerProductDetail&prdNo=1255618282
D***5,201908**,M,3,"사무직 (일반사무직, 공무원, 직업군인)",200~299만원,아니오,          ,오피스텔,서울,강동구,길동,애플,SKT,자전거,튜닝용품,전시스탠드,토픽스텐드 DUAL TOUCH BIKE STAND 자전거거치대,http://www.11st.co.kr/product/SellerProductDetail.tmall?method=getSellerProductDetail&prdNo=1154312380
D***1,201908**,F,4,"주부 (전업주부, 파트타임 근무 주부)",300~399만원,예    ,자녀 있음 ,연립주택/ 다세대/ 빌라,서울,도봉구,방학2동,삼성,SKT,자전거,튜닝용품,거치대,(추천)말대가리 스마트 거치대/ 휴대폰거치대 스마트폰거치대 거치대 차량용폰거치대 핸폰거치대 헨드폰거,http://www.11st.co.kr/product/SellerProductDetail.tmall?method=getSellerProductDetail&prdNo=1222876667
D***5,201908**,M,2,"판매직 (상점점원, 보험설계사, 노점상)",400~499만원,아니오,          ,연립주택/ 다세대/ 빌라,울산,울주군,범서읍,삼성,LG U+,레저/자동차,자전거/용품,자전거,사은품증정[삼천리자전거]아이비/어린이자전거/아동용,http://www.11st.co.kr/product/SellerProductDetail.tmall?method=getSellerProductDetail&prdNo=1079264363
D***8,201908**,M,3,"사무직 (일반사무직, 공무원, 직업군인)",200~299만원,      ,          ,아파트/ 주상복합,서울,은평구,수색동,삼성,SKT,레저/자동차,자전거/용품,자전거의류/잡화,사은품증정나루 마스크 자전거 자외선차단 등산 골프 바라클라바 버프 겨울 방한 넥워머 복면  오토바이,http://www.11st.co.kr/product/SellerProductDetail.tmall?method=getSellerProductDetail&prdNo=1070268365
D***3,201908**,M,3,"교직 (교사, 유치원교사, 학원강사)",200~299만원,아니오,          ,아파트/ 주상복합,서울,중랑구,신내동,애플,알뜰폰(MVNO),캠핑/골프/헬스/자전거,자전거의류/용품,기타용품,[펌프킹]가정용 자전거 거치대 HK-001,http://www.hnsmall.com/display/goods.do?goods_code=12714590
D***9,201908**,F,3,"사무직 (일반사무직, 공무원, 직업군인)",800~899만원,아니오,          ,아파트/ 주상복합,경기,군포시,광정동,애플,SKT,레저/자동차,자전거/용품,자전거의류/잡화,마스크/귀마개/멀티워머/넥워머/자전거/검정마스크,http://www.11st.co.kr/product/SellerProductDetail.tmall?method=getSellerProductDetail&prdNo=1167152971
D***8,201908**,M,4,"관리직 (사장, 간부, 고위공무원)",300~399만원,아니오,          ,단독주택,광주,북구,신안동,삼성,LG U+,자전거,자전거,MTB,베리벨로보스톤GS 18년형 22인치 초등학생 MTB자전거,http://www.11st.co.kr/product/SellerProductDetail.tmall?method=getSellerProductDetail&prdNo=1240605806
D***2,201908**,M,3,"사무직 (일반사무직, 공무원, 직업군인)",300~399만원,예    ,자녀 있음 ,아파트/ 주상복합,서울,서대문구,남가좌2동,애플,LG U+,자전거,자전거부품,브레이크패드,[FNS]크락스오가닉 디스크브레이크 패드(벌크제품),http://www.11st.co.kr/product/SellerProductDetail.tmall?method=getSellerProductDetail&prdNo=1097542995
D***7,201908**,F,5,무직,100~199만원,예    ,자녀 없음 ,연립주택/ 다세대/ 빌라,서울,도봉구,쌍문3동,삼성,SKT,자전거,자전거관리용품,에어펌프(발펌프),국산삼흥 발펌프 공기주입기 손펌프 에어펌프 자전거펌프 공 오토바이 바이크 휴대용 쌍발펌프 튜브 스포,http://www.11st.co.kr/product/SellerProductDetail.tmall?method=getSellerProductDetail&prdNo=1105695651
D***,201908**,M,4,"사무직 (일반사무직, 공무원, 직업군인)",200~299만원,      ,          ,아파트/ 주상복합,서울,강서구,화곡2동,삼성,SKT,레저/자동차,자전거/용품,자전거,[스마트]삼천리/스마트/바이맥스 접이식자전거 미니벨로 4종,http://item.gmarket.co.kr/Item?goodscode=1278067146
D***,201908**,M,2,"사무직 (일반사무직, 공무원, 직업군인)",200~299만원,      ,          ,아파트/ 주상복합,충남,천안시 동남구,안서동,삼성,SKT,자전거/보드,자전거타이어/부품,자전거튜브,[CST]700x25/32C fv48mm 자전거튜브 프레스타 흥아 켄다,http://item.gmarket.co.kr/Item?goodscode=1283527298
D***,201908**,F,3,"사무직 (일반사무직, 공무원, 직업군인)",200~299만원,      ,          ,아파트/ 주상복합,대전,동구,삼성동,삼성,SKT,캠핑/골프/헬스/자전거,자전거의류/용품,신발,뉴발란스585 USA 스니커즈 운동화 (M585GR),http://www.hnsmall.com/display/goods.do?goods_code=12928736
D***,201908**,M,2,"학생 (초중고학생, 대학생, 대학원생)",400~499만원,아니오,          ,아파트/ 주상복합,서울,양천구,신월4동,삼성,SKT,레저/자동차,자전거/용품,자전거액세서리,[VELO]VL3147전립선안장 - MTB 로드 싸이클 자전거 전립선 벨로 쿠션안장,http://www.11st.co.kr/product/SellerProductDetail.tmall?method=getSellerProductDetail&prdNo=1099006895
D***,201908**,F,5,"사무직 (일반사무직, 공무원, 직업군인)",200~299만원,      ,          ,아파트/ 주상복합,경기,하남시,선동,삼성,SKT,레저/자동차,자전거/용품,자전거액세서리,SCHWALBE슈발베 타이어레버 3개한세트 타이어교체 / 튜블러 시멘트/리무버/이지핏 악세사리,http://www.11st.co.kr/product/SellerProductDetail.tmall?method=getSellerProductDetail&prdNo=1263501442
D***,201908**,M,5,"사무직 (일반사무직, 공무원, 직업군인)",200~299만원,      ,          ,아파트/ 주상복합,경북,포항시 남구,연일읍,삼성,SKT,자전거/보드,자전거바구니/가방,크로스가방,엑스피크빅파우치 자전거 휴대폰파우치,http://item.gmarket.co.kr/Item?goodscode=1187012636
D***,201908**,M,4,"사무직 (일반사무직, 공무원, 직업군인)",500~599만원,예    ,자녀 있음 ,아파트/ 주상복합,서울,마포구,연남동,삼성,SKT,자전거,자전거신발/고글/헬멧,장갑,[MTB자전거장갑]라이딩장갑/여름장갑/반장갑,http://www.11st.co.kr/product/SellerProductDetail.tmall?method=getSellerProductDetail&prdNo=1274156192
D***,201908**,M,3,"사무직 (일반사무직, 공무원, 직업군인)",800~899만원,아니오,          ,아파트/ 주상복합,대구,남구,봉덕동,LG,알뜰폰(MVNO),레저/자동차,자전거/용품,자전거,알톤어린이용 경량 알루미늄 접이식 자전거 라바폴딩18인치,http://www.11st.co.kr/product/SellerProductDetail.tmall?method=getSellerProductDetail&prdNo=1096512754
D***8,201908**,F,3,"사무직 (일반사무직, 공무원, 직업군인)",200~299만원,      ,          ,아파트/ 주상복합,경기,수원시 팔달구,매산로3가,삼성,SKT,유아동,유아동완구/교구,승용완구,ZOKO조코유아동 체인자전거9종(3세~7세사용)+컵홀더,http://item.gmarket.co.kr/Item?goodscode=1109676457
D***7,201908**,M,5,"자영업 (도소매업, 숙박업, 미용업)",400~499만원,예    ,자녀 있음 ,연립주택/ 다세대/ 빌라,서울,금천구,독산2동,삼성,SKT,레저/자동차,자전거/용품,자전거액세서리,(자전거용품.부품모음)자물쇠라이트펌프바구니짐받이안장가방헬멧보호대후미등페달보조바퀴벨전조등거치대,http://www.11st.co.kr/product/SellerProductDetail.tmall?method=getSellerProductDetail&prdNo=1258567584
D***8,201908**,M,3,"사무직 (일반사무직, 공무원, 직업군인)",200~299만원,      ,          ,아파트/ 주상복합,경기,이천시,백사면,삼성,SKT,레저/자동차,자전거/용품,자전거,[스마트]삼천리/스마트/바이맥스 접이식자전거 미니벨로 4종,http://item.gmarket.co.kr/Item?goodscode=1278067146
D***3,201908**,M,3,"자영업 (도소매업, 숙박업, 미용업)","1,000만원 이상",예    ,자녀 있음 ,오피스텔,서울,강남구,도곡1동,삼성,KT,캠핑/골프/헬스/자전거,자전거,전기자전거,전동킥보드마이봇 ERT-8/ 38V/ 18.4Ah / 삼성배터리/ 레져스포츠,http://www.hnsmall.com/display/goods.do?goods_code=12231883
D***0,201908**,M,5,"사무직 (일반사무직, 공무원, 직업군인)",200~299만원,      ,          ,아파트/ 주상복합,경기,성남시 분당구,정자동,삼성,SKT,자전거,자전거관리용품,튜브벨브/어댑터/노즐,호비던롭밸브셋트 무시고무 공기 주입을 하여도 바람이 샐경우 교체,http://www.11st.co.kr/product/SellerProductDetail.tmall?method=getSellerProductDetail&prdNo=1244185249
D***3,201908**,M,5,"사무직 (일반사무직, 공무원, 직업군인)","1,000만원 이상",예    ,자녀 있음 ,아파트/ 주상복합,서울,서초구,양재동,삼성,KT,자전거,자전거신발/고글/헬멧,보호대,[성인보호대 세트] 에어워크 보호대 손목_무릎_팔꿈치,http://www.11st.co.kr/product/SellerProductDetail.tmall?method=getSellerProductDetail&prdNo=1112671449
D***5,201908**,M,2,"서비스직 (요식업, 숙박업, 미용실종업원)",700~799만원,아니오,          ,단독주택,서울,송파구,삼전동,LG,KT,자전거/보드,자전거타이어/부품,자전거튜브,[흥아]흥아 700C x 23/25C 프레스타 40mm 자전거튜브 로드,http://item.gmarket.co.kr/Item?goodscode=1287219517
D***2,201908**,M,4,"관리직 (사장, 간부, 고위공무원)",600~699만원,예    ,자녀 있음 ,연립주택/ 다세대/ 빌라,인천,서구,마전동,삼성,KT,자전거,자전거,MTB,삼천리자전거/하운드팀50D/MTB자전거/산악자전거,http://www.11st.co.kr/product/SellerProductDetail.tmall?method=getSellerProductDetail&prdNo=1254184372
D***6,201908**,M,3,"사무직 (일반사무직, 공무원, 직업군인)",200~299만원,예    ,자녀 없음 ,아파트/ 주상복합,경기,용인시 수지구,풍덕천동,삼성,SKT,자전거,자전거부품,체인,"SramX1 체인, PC-X1, 11단/11단용 자전거 체인",http://www.11st.co.kr/product/SellerProductDetail.tmall?method=getSellerProductDetail&prdNo=1261677729
D***9,201908**,F,4,"주부 (전업주부, 파트타임 근무 주부)",300~399만원,예    ,자녀 있음 ,아파트/ 주상복합,경기,용인시 수지구,상현동,삼성,SKT,레저/자동차,자전거/용품,자전거,자이덴라스카FX20 20인치 7단 접이식 자전거,http://www.11st.co.kr/product/SellerProductDetail.tmall?method=getSellerProductDetail&prdNo=1202758720
D***7,201908**,F,3,"사무직 (일반사무직, 공무원, 직업군인)",200~299만원,아니오,          ,아파트/ 주상복합,경기,광주시,오포읍,삼성,SKT,자전거/보드,자전거타이어/부품,자전거타이어,자전거휠라이트 반사 스트로우 바퀴 야간 안전 야광,http://item.gmarket.co.kr/Item?goodscode=1184423428
D***,201908**,M,3,"사무직 (일반사무직, 공무원, 직업군인)",200~299만원,      ,          ,아파트/ 주상복합,서울,송파구,마천동,삼성,SKT,레저/자동차,자전거/용품,자전거액세서리,정품미국 CREE사 LED Q5 줌 라이트/자전거/전조등/후레쉬/랜턴/손전등/거치대/건전지/안전등/용품/야간등,http://www.11st.co.kr/product/SellerProductDetail.tmall?method=getSellerProductDetail&prdNo=1200933401
D***,201908**,F,5,"사무직 (일반사무직, 공무원, 직업군인)",200~299만원,      ,          ,아파트/ 주상복합,서울,은평구,불광2동,삼성,SKT,레저/자동차,자전거/용품,헬멧/보호장비,GIFT삼천리 헬멧 SH330S 선바이저 자전거용품 인라인,http://www.11st.co.kr/product/SellerProductDetail.tmall?method=getSellerProductDetail&prdNo=115415058
D***,201908**,M,3,"사무직 (일반사무직, 공무원, 직업군인)",200~299만원,      ,          ,아파트/ 주상복합,대구,수성구,범물동,삼성,SKT,자전거,튜닝용품,물통받침대,대만아이베라 경량 물통케이지 물병 더블 안장마운트,http://www.11st.co.kr/product/SellerProductDetail.tmall?method=getSellerProductDetail&prdNo=1084359208
D***4,201908**,M,2,"사무직 (일반사무직, 공무원, 직업군인)",200~299만원,      ,          ,아파트/ 주상복합,부산,금정구,장전1동,삼성,SKT,자전거,자전거신발/고글/헬멧,보호대,[AQUA-X/국산]발렌티노무봉제 쿨토시/아쿠아엑스,http://www.11st.co.kr/product/SellerProductDetail.tmall?method=getSellerProductDetail&prdNo=1261126293
D***3,201908**,F,5,"교직 (교사, 유치원교사, 학원강사)",100~199만원,아니오,          ,아파트/ 주상복합,광주,광산구,대산동,삼성,LG U+,자전거/보드,자전거신발/페달,자전거페달,자전거보조발판(소/중)자전거발받침/발판 알루미늄,http://item.gmarket.co.kr/Item?goodscode=1155657749
D***1,201908**,M,2,"사무직 (일반사무직, 공무원, 직업군인)",200~299만원,      ,          ,아파트/ 주상복합,대구,달성군,논공읍,삼성,SKT,자전거/보드,자전거타이어/부품,자전거튜브,[흥아]흥아 700C x 23/25C 프레스타 60mm 자전거튜브 로드,http://item.gmarket.co.kr/Item?goodscode=1287260612
D***3,201908**,M,3,"교직 (교사, 유치원교사, 학원강사)",200~299만원,아니오,          ,아파트/ 주상복합,서울,중랑구,신내동,애플,알뜰폰(MVNO),자전거,자전거,MTB,"[삼천리]미키마우스 미키키즈14,16,18형 아동 자전거",http://www.11st.co.kr/product/SellerProductDetail.tmall?method=getSellerProductDetail&prdNo=1248195280
D***7,201908**,M,2,"학생 (초중고학생, 대학생, 대학원생)",200~299만원,아니오,          ,아파트/ 주상복합,경북,구미시,사곡동,LG,LG U+,자전거,자전거부품,핸들그립,Giant그립/Connect 커넥트 에르고 맥스 락온 (2색상),http://www.11st.co.kr/product/SellerProductDetail.tmall?method=getSellerProductDetail&prdNo=1137382869
D***4,201908**,F,2,무직,100~199만원,아니오,          ,연립주택/ 다세대/ 빌라,부산,연제구,연산6동,애플,LG U+,자전거,자전거신발/고글/헬멧,헬멧,HJC홍진 R4 컬러선택가능블랙라인/홍진 크라운 헬멧,http://www.11st.co.kr/product/SellerProductDetail.tmall?method=getSellerProductDetail&prdNo=1229824538
D***,201908**,F,3,"사무직 (일반사무직, 공무원, 직업군인)",200~299만원,      ,          ,아파트/ 주상복합,경기,화성시,반송동,삼성,SKT,자전거,자전거부품,안장,대만New 카본 시트포스트 (27.2/31.6mm) 풀카본 자전거 안장봉/초경량 싯포스트 (세미카),http://www.11st.co.kr/product/SellerProductDetail.tmall?method=getSellerProductDetail&prdNo=1015126992
D***,201908**,F,3,"사무직 (일반사무직, 공무원, 직업군인)",200~299만원,      ,          ,아파트/ 주상복합,경기,안양시 동안구,부림동,삼성,SKT,레저/자동차,자전거/용품,자전거액세서리,자전거비밀번호 자물쇠 (소)  No75,http://item.gmarket.co.kr/Item?goodscode=1235749090
D***,201908**,F,5,"사무직 (일반사무직, 공무원, 직업군인)",200~299만원,      ,          ,아파트/ 주상복합,서울,동작구,상도2동,삼성,SKT,자전거,자전거신발/고글/헬멧,헬멧,어반헬멧/GIRO 쿼터 다임 딤/BELL 세그먼트/자전거,http://www.11st.co.kr/product/SellerProductDetail.tmall?method=getSellerProductDetail&prdNo=1244123994
D***,201908**,M,5,"사무직 (일반사무직, 공무원, 직업군인)",200~299만원,      ,          ,아파트/ 주상복합,경기,화성시,안녕동,삼성,SKT,자전거,튜닝용품,흙받이,자전거흙받이(한세트)삼천리자전거 레스포정품/흙튀김방지 물받이/선택,http://www.11st.co.kr/product/SellerProductDetail.tmall?method=getSellerProductDetail&prdNo=12932278
D***5,201908**,M,3,"관리직 (사장, 간부, 고위공무원)",300~399만원,아니오,          ,아파트/ 주상복합,광주,광산구,도산동,삼성,SKT,자전거/보드,자전거타이어/부품,자전거튜브,[CST]700x25/32C fv48mm 자전거튜브 프레스타 흥아 켄다,http://item.gmarket.co.kr/Item?goodscode=1283527298
D***9,201908**,F,2,"교직 (교사, 유치원교사, 학원강사)",700~799만원,아니오,          ,아파트/ 주상복합,서울,노원구,상계5동,애플,SKT,자전거,자전거신발/고글/헬멧,헬멧,[HJC]X5(EVO)블랙스카이 / 자전거 헬멧 / 240g대 초,http://www.11st.co.kr/product/SellerProductDetail.tmall?method=getSellerProductDetail&prdNo=1040086015
D***4,201908**,M,5,"관리직 (사장, 간부, 고위공무원)",500~599만원,예    ,자녀 있음 ,오피스텔,서울,서대문구,창천동,삼성,SKT,자전거/보드,일반자전거,외발/삼륜/2인용,절대터지지않는알로이 컨츄리 성인 세발자전거 삼륜,http://item.gmarket.co.kr/Item?goodscode=1201833484
D***4,201908**,M,3,"사무직 (일반사무직, 공무원, 직업군인)",200~299만원,      ,          ,아파트/ 주상복합,서울,강동구,길동,LG,KT,레저/자동차,자전거/용품,자전거액세서리,[J]쿨시트 방석 오토바이 스쿠터 헬멧 용품,http://www.11st.co.kr/product/SellerProductDetail.tmall?method=getSellerProductDetail&prdNo=1082590066
D***,201908**,F,4,"주부 (전업주부, 파트타임 근무 주부)",100만원 미만,예    ,자녀 있음 ,아파트/ 주상복합,경북,의성군,의성읍,삼성,LG U+,레저/자동차,자전거/용품,자전거의류/잡화,"휘너스/땀냄새,물빠짐없는선수용 기능성 스포츠 스판웨어 하의모음/속건+항균/언더레이어 챌린저5부",http://www.11st.co.kr/product/SellerProductDetail.tmall?method=getSellerProductDetail&prdNo=1280155662
D***,201908**,F,2,"사무직 (일반사무직, 공무원, 직업군인)",200~299만원,      ,          ,아파트/ 주상복합,경기,성남시 분당구,야탑동,삼성,SKT,자전거,자전거부품,튜브,자전거고급 타이어 튜브/던롭 프레스타 슈레더 튜브/슈발베 켄다 CST튜브/자전거용품 부품,http://www.11st.co.kr/product/SellerProductDetail.tmall?method=getSellerProductDetail&prdNo=1096604696
D***,201908**,M,5,"사무직 (일반사무직, 공무원, 직업군인)",300~399만원,아니오,          ,아파트/ 주상복합,대구,중구,동산동,삼성,SKT,레저/자동차,자전거/용품,자전거,자전거공구셋트/5가지기능 스페너13mm 15mm 육각렌지4mm5mm6mm 부품 용품,http://www.11st.co.kr/product/SellerProductDetail.tmall?method=getSellerProductDetail&prdNo=1268973574
D***,201908**,M,3,무직,100~199만원,아니오,          ,단독주택,경기,화성시,우정읍,삼성,KT,자전거/보드,자전거헬멧,기타브랜드 헬멧,[삼천리자전거]미니마우스 헬멧보호대 세트 어린이 자전거 킥보드/ 삼천리자전거,http://item.gmarket.co.kr/Item?goodscode=1112014699
D***2,201908**,F,4,"사무직 (일반사무직, 공무원, 직업군인)",200~299만원,      ,          ,아파트/ 주상복합,서울,강서구,등촌동,삼성,SKT,자전거,자전거신발/고글/헬멧,헬멧,아동용자전거헬멧아동보호대 킥보드 인라인헬멧,http://www.11st.co.kr/product/SellerProductDetail.tmall?method=getSellerProductDetail&prdNo=1051520039
D***2,201908**,M,3,"사무직 (일반사무직, 공무원, 직업군인)",500~599만원,아니오,          ,연립주택/ 다세대/ 빌라,경기,고양시 일산동구,마두동,삼성,SKT,레저/자동차,자전거/용품,자전거의류/잡화,쿨바라클라바자외선차단마스크 여름마스크 쿨마스크,http://www.11st.co.kr/product/SellerProductDetail.tmall?method=getSellerProductDetail&prdNo=11116518
D***8,201908**,M,3,"사무직 (일반사무직, 공무원, 직업군인)",400~499만원,예    ,자녀 있음 ,아파트/ 주상복합,전남,화순군,화순읍,삼성,SKT,레저/자동차,자전거/용품,자전거,알톤쉐보레 CFB2.4 24단 팻바이크/노바투스/우라노,http://www.11st.co.kr/product/SellerProductDetail.tmall?method=getSellerProductDetail&prdNo=1288179623
D***7,201908**,M,4,"판매직 (상점점원, 보험설계사, 노점상)",100~199만원,예    ,자녀 있음 ,아파트/ 주상복합,경북,경산시,중방동,삼성,SKT,레저/자동차,자전거/용품,자전거액세서리,블랙울프자전거 라이트 용품 18650 배터리 충전기,http://www.11st.co.kr/product/SellerProductDetail.tmall?method=getSellerProductDetail&prdNo=1003701027
D***7,201908**,F,3,"사무직 (일반사무직, 공무원, 직업군인)",500~599만원,예    ,자녀 있음 ,아파트/ 주상복합,경기,용인시 기흥구,마북동,애플,LG U+,자전거,튜닝용품,흙받이,자전거흙받이/짐받이가방/강철크롬짐받이/받침대/보조안장/쇼바형짐받이/자전거용품,http://www.11st.co.kr/product/SellerProductDetail.tmall?method=getSellerProductDetail&prdNo=1081764401
D***0,201908**,M,5,"사무직 (일반사무직, 공무원, 직업군인)",200~299만원,      ,          ,아파트/ 주상복합,충남,아산시,배방읍,삼성,SKT,레저/자동차,자전거/용품,자전거,[삼천리]접이자전거비타민24 24형 7단 미니벨로 폴딩,http://www.11st.co.kr/product/SellerProductDetail.tmall?method=getSellerProductDetail&prdNo=1208645013
D***3,201908**,M,4,"사무직 (일반사무직, 공무원, 직업군인)",500~599만원,예    ,자녀 있음 ,아파트/ 주상복합,경기,오산시,청호동,LG,LG U+,자전거/보드,자전거타이어/부품,자전거튜브,[흥아]흥아 700C x 23/25C 프레스타 60mm 자전거튜브 로드,http://item.gmarket.co.kr/Item?goodscode=1287260612
D***7,201908**,M,2,"학생 (초중고학생, 대학생, 대학원생)",100만원 미만,아니오,          ,아파트/ 주상복합,서울,구로구,개봉3동,LG,SKT,레저/자동차,자전거/용품,자전거,[스마트]삼천리/스마트 접이식자전거 미니벨로 4종,http://item.gmarket.co.kr/Item?goodscode=1278067146
D***3,201908**,M,2,"관리직 (사장, 간부, 고위공무원)",500~599만원,아니오,          ,오피스텔,서울,금천구,가산동,삼성,휴대전화 사용안함,자전거/보드,로드자전거,알루미늄자전거,2017알톤 벨록스 CC 로드 사이클로크로스 자전거,http://item.gmarket.co.kr/Item?goodscode=1112776902
D***3,201908**,M,3,"주부 (전업주부, 파트타임 근무 주부)",200~299만원,아니오,          ,아파트/ 주상복합,강원,홍천군,홍천읍,애플,SKT,레저/자동차,자전거/용품,자전거,지멘스여성용 부인용 자전거 클래식 24 26인치,http://item.gmarket.co.kr/Item?goodscode=1110235162
D***1,201908**,M,4,"전문직 (의사, 판검사, 예술가, 종교인)",500~599만원,아니오,          ,연립주택/ 다세대/ 빌라,부산,금정구,남산동,삼성,알뜰폰(MVNO),자전거/보드,자전거장갑/잡화,자전거장갑,아쿠아메이드자전거 반장갑 바이크 헬스 등산 장갑,http://item.gmarket.co.kr/Item?goodscode=1118054793
D***,201908**,M,2,"사무직 (일반사무직, 공무원, 직업군인)",200~299만원,      ,          ,아파트/ 주상복합,경기,부천시 원미구,역곡1동,삼성,SKT,자전거,자전거신발/고글/헬멧,보호대,[성인보호대 세트] 에어워크 보호대 손목_무릎_팔꿈치,http://www.11st.co.kr/product/SellerProductDetail.tmall?method=getSellerProductDetail&prdNo=1112671449
D***,201908**,M,5,"사무직 (일반사무직, 공무원, 직업군인)",200~299만원,      ,          ,아파트/ 주상복합,경북,경산시,진량읍,삼성,SKT,레저/자동차,자전거/용품,자전거액세서리,자전거라이트LED 전조등 후미등 후레쉬 [거치대증정],http://www.11st.co.kr/product/SellerProductDetail.tmall?method=getSellerProductDetail&prdNo=1080334719
D***,201908**,F,3,"사무직 (일반사무직, 공무원, 직업군인)",200~299만원,      ,          ,아파트/ 주상복합,경기,남양주시,와부읍,삼성,SKT,레저/자동차,자전거/용품,자전거,[알톤]갤럽22 21단 앞쇼바 7~11세 시마노인투스기어,http://www.11st.co.kr/product/SellerProductDetail.tmall?method=getSellerProductDetail&prdNo=1230962682
D***,201908**,M,2,"사무직 (일반사무직, 공무원, 직업군인)",200~299만원,      ,          ,아파트/ 주상복합,대전,서구,변동,삼성,SKT,자전거,자전거신발/고글/헬멧,보호대,[성인보호대 세트] 에어워크 보호대 손목_무릎_팔꿈치,http://www.11st.co.kr/product/SellerProductDetail.tmall?method=getSellerProductDetail&prdNo=1112671449
D***3,201908**,M,2,"사무직 (일반사무직, 공무원, 직업군인)",200~299만원,      ,          ,아파트/ 주상복합,경기,고양시 덕양구,신원동,삼성,SKT,레저/자동차,자전거/용품,헬멧/보호장비,자전거어반헬멧 어린이헬멧 인라인 헬맷 킥보드헬멧,http://www.11st.co.kr/product/SellerProductDetail.tmall?method=getSellerProductDetail&prdNo=1253467301
D***0,201908**,M,2,"사무직 (일반사무직, 공무원, 직업군인)",200~299만원,      ,          ,아파트/ 주상복합,대전,동구,가양2동,삼성,SKT,자전거,자전거,MTB,앞뒤쇼바접이식 21단 26인치 입문 통학 출퇴근용 MTB,http://www.11st.co.kr/product/SellerProductDetail.tmall?method=getSellerProductDetail&prdNo=1082913347
D***0,201908**,M,5,"관리직 (사장, 간부, 고위공무원)",500~599만원,예    ,자녀 있음 ,아파트/ 주상복합,경기,과천시,원문동,LG,SKT,자전거,자전거부품,브레이크레버,브레이크레버/아동용/성인용/알로이브레이크레버/자전거부품/자전거브레이크레버,http://www.11st.co.kr/product/SellerProductDetail.tmall?method=getSellerProductDetail&prdNo=1280791866
D***1,201908**,M,3,"사무직 (일반사무직, 공무원, 직업군인)",100~199만원,예    ,자녀 있음 ,아파트/ 주상복합,전북,전주시 완산구,효자동3가,삼성,SKT,레저/자동차,자전거/용품,자전거의류/잡화,방한멀티스카프/멀티워머/넥워머/마스크/스키/자전거,http://item.gmarket.co.kr/Item?goodscode=1145899445
D***4,201908**,M,4,"사무직 (일반사무직, 공무원, 직업군인)",300~399만원,예    ,자녀 없음 ,오피스텔,경기,안산시 단원구,고잔동,삼성,LG U+,레저/자동차,자전거/용품,자전거의류/잡화,"하이맥스매쉬 긴장갑 -  봄,여름,가을 장갑",http://www.11st.co.kr/product/SellerProductDetail.tmall?method=getSellerProductDetail&prdNo=1210492663
D***2,201908**,M,5,"교직 (교사, 유치원교사, 학원강사)",500~599만원,예    ,자녀 있음 ,단독주택,부산,동래구,칠산동,LG,SKT,레저/자동차,자전거/용품,자전거,[삼천리자전거][삼천리]여성용 클래식 자전거 라니아 22인치,http://www.lotteimall.com/goods/viewGoodsDetail.lotte?goods_no=1203462725
D***4,201908**,M,2,"사무직 (일반사무직, 공무원, 직업군인)","1,000만원 이상",아니오,          ,단독주택,대전,서구,가장동,애플,KT,자전거,자전거부품,체인,"SramX1 체인, PC-X1, 11단/11단용 자전거 체인",http://www.11st.co.kr/product/SellerProductDetail.tmall?method=getSellerProductDetail&prdNo=1261677729
D***0,201908**,M,2,"교직 (교사, 유치원교사, 학원강사)",100~199만원,아니오,          ,연립주택/ 다세대/ 빌라,인천,중구,운서동,애플,SKT,레저/자동차,자전거/용품,자전거액세서리,자전거비밀번호 자물쇠 (소)  No75,http://item.gmarket.co.kr/Item?goodscode=1235749090
D***,201908**,F,4,"사무직 (일반사무직, 공무원, 직업군인)",200~299만원,      ,          ,아파트/ 주상복합,서울,강서구,가양3동,삼성,SKT,레저/자동차,자전거/용품,자전거액세서리,SCHWALBE슈발베 타이어레버 3개한세트 타이어교체 / 튜블러 시멘트/리무버/이지핏 악세사리,http://www.11st.co.kr/product/SellerProductDetail.tmall?method=getSellerProductDetail&prdNo=1263501442
D***,201908**,M,2,"사무직 (일반사무직, 공무원, 직업군인)",200~299만원,      ,          ,아파트/ 주상복합,서울,동대문구,전농동,삼성,SKT,레저/자동차,자전거/용품,자전거의류/잡화,{지오무역}[쿨멀티스카프모음]쿨마스크/냉동스카프/,http://www.11st.co.kr/product/SellerProductDetail.tmall?method=getSellerProductDetail&prdNo=1280486843
D***,201908**,M,4,"사무직 (일반사무직, 공무원, 직업군인)",200~299만원,      ,          ,아파트/ 주상복합,서울,성동구,응봉동,삼성,SKT,캠핑/골프/헬스/자전거,자전거의류/용품,신발,뉴발란스585 USA 스니커즈 운동화 (M585GR),http://www.hnsmall.com/display/goods.do?goods_code=12928736
D***0,201908**,M,3,"사무직 (일반사무직, 공무원, 직업군인)",200~299만원,      ,          ,아파트/ 주상복합,서울,송파구,가락1동,삼성,SKT,레저/자동차,자전거/용품,자전거,[스마트자전거]반티아고G21 하이브리드자전거 21단 클래식 2018년,http://www.lotteimall.com/goods/viewGoodsDetail.lotte?goods_no=1203110269
D***5,201908**,M,3,"사무직 (일반사무직, 공무원, 직업군인)",200~299만원,      ,          ,아파트/ 주상복합,경기,수원시 권선구,권선동,삼성,SKT,레저/자동차,자전거/용품,자전거의류/잡화,[PUMA]푸마 여성 기모 티셔츠 3종세트 NFYKFG01,http://www.hnsmall.com/display/goods.do?goods_code=12835184
D***9,201908**,M,4,"사무직 (일반사무직, 공무원, 직업군인)",200~299만원,      ,          ,아파트/ 주상복합,경북,경주시,충효동,삼성,SKT,자전거,자전거신발/고글/헬멧,장갑,자전거방한토시 바이크 핸들덮개 방한커버 손토시,http://www.11st.co.kr/product/SellerProductDetail.tmall?method=getSellerProductDetail&prdNo=1164858474
D***8,201908**,F,2,"사무직 (일반사무직, 공무원, 직업군인)",200~299만원,      ,          ,아파트/ 주상복합,경북,칠곡군,가산면,삼성,SKT,자전거,자전거신발/고글/헬멧,헬멧,코아브어반st 자전거 헬멧 성인용 용품 보드 인라인,http://www.11st.co.kr/product/SellerProductDetail.tmall?method=getSellerProductDetail&prdNo=1219634494
D***0,201908**,M,5,"관리직 (사장, 간부, 고위공무원)",500~599만원,예    ,자녀 있음 ,아파트/ 주상복합,경기,과천시,원문동,LG,SKT,캠핑/골프/헬스/자전거,자전거의류/용품,신발,뉴발란스운동화 574 NEWBALANCE 574 (ML574SS2),http://www.hnsmall.com/display/goods.do?goods_code=11979567
D***4,201908**,M,2,"사무직 (일반사무직, 공무원, 직업군인)",200~299만원,      ,          ,아파트/ 주상복합,서울,강남구,개포1동,삼성,SKT,레저/자동차,자전거/용품,자전거의류/잡화,쿨마스크멀티스카프 자외선차단마스크 자전거마스크,http://www.11st.co.kr/product/SellerProductDetail.tmall?method=getSellerProductDetail&prdNo=1042041108
D***7,201908**,F,2,"서비스직 (요식업, 숙박업, 미용실종업원)",500~599만원,예    ,자녀 없음 ,단독주택,부산,북구,화명3동,애플,SKT,자전거,자전거부품,튜브,[FNS]즈와유무시고무 없는 던롭밸브 세트/던롭튜브,http://www.11st.co.kr/product/SellerProductDetail.tmall?method=getSellerProductDetail&prdNo=1217450472
D***5,201908**,F,5,"주부 (전업주부, 파트타임 근무 주부)",800~899만원,예    ,자녀 있음 ,아파트/ 주상복합,경기,김포시,운양동,삼성,LG U+,레저/자동차,자전거/용품,자전거액세서리,스나이퍼코리아블랙울프 18650배터리 충전기모음,http://www.11st.co.kr/product/SellerProductDetail.tmall?method=getSellerProductDetail&prdNo=1272010256
D***8,201908**,F,3,"자영업 (도소매업, 숙박업, 미용업)",300~399만원,예    ,자녀 있음 ,연립주택/ 다세대/ 빌라,인천,계양구,작전동,LG,LG U+,자전거,튜닝용품,속도계,자전거무선속도계 엑스헌터 자전거속도계 자전거용품,http://www.11st.co.kr/product/SellerProductDetail.tmall?method=getSellerProductDetail&prdNo=1249839989
D***3,201908**,M,4,"서비스직 (요식업, 숙박업, 미용실종업원)",100~199만원,예    ,자녀 있음 ,아파트/ 주상복합,인천,남구,도화2동,LG,KT,캠핑/골프/헬스/자전거,자전거의류/용품,공용하의,[MCN]네오 베이직 7부 바지/승마바지,http://www.hnsmall.com/display/goods.do?goods_code=12497037
D***3,201908**,F,5,"교직 (교사, 유치원교사, 학원강사)",300~399만원,예    ,자녀 있음 ,연립주택/ 다세대/ 빌라,인천,계양구,효성동,삼성,KT,자전거,자전거,MTB,"[삼천리]미키마우스 미키키즈14,16,18형 아동 자전거",http://www.11st.co.kr/product/SellerProductDetail.tmall?method=getSellerProductDetail&prdNo=1248195280
D***,201908**,M,3,무직,300~399만원,예    ,자녀 있음 ,연립주택/ 다세대/ 빌라,경기,군포시,금정동,애플,KT,자전거,자전거관리용품,에어펌프(발펌프),국산삼흥 발펌프 공기주입기 손펌프 에어펌프 자전거펌프 공 오토바이 바이크 휴대용 쌍발펌프 튜브 스포,http://www.11st.co.kr/product/SellerProductDetail.tmall?method=getSellerProductDetail&prdNo=1105695651
D***,201908**,M,3,"사무직 (일반사무직, 공무원, 직업군인)",200~299만원,      ,          ,아파트/ 주상복합,경기,광명시,철산1동,삼성,SKT,레저/자동차,자전거/용품,헬멧/보호장비,"Giro헬멧/Quarter 쿼터, 어번/더트 (6색상)",http://www.11st.co.kr/product/SellerProductDetail.tmall?method=getSellerProductDetail&prdNo=1230444459
D***,201908**,F,5,"사무직 (일반사무직, 공무원, 직업군인)",200~299만원,      ,          ,아파트/ 주상복합,서울,동작구,상도2동,삼성,SKT,자전거,튜닝용품,물통받침대,대만아이베라 경량 물통케이지 물병 더블 안장마운트,http://www.11st.co.kr/product/SellerProductDetail.tmall?method=getSellerProductDetail&prdNo=1084359208
D***6,201908**,F,2,"사무직 (일반사무직, 공무원, 직업군인)",200~299만원,      ,          ,아파트/ 주상복합,대전,유성구,전민동,삼성,SKT,자전거/보드,자전거타이어/부품,자전거튜브,[흥아]흥아 26인치x1.75/2.125 프레스타 60mm 자전거튜브,http://item.gmarket.co.kr/Item?goodscode=1284816502
D***7,201908**,M,4,"생산/노무직 (생산감독, 경비원, 공장근로자)",400~499만원,예    ,자녀 있음 ,아파트/ 주상복합,경기,김포시,구래동,삼성,KT,자전거,튜닝용품,잠금장치,호비대만정품 LJ9080 4관절락 자전거자물쇠 사관절,http://www.11st.co.kr/product/SellerProductDetail.tmall?method=getSellerProductDetail&prdNo=11383586
D***7,201908**,M,2,"학생 (초중고학생, 대학생, 대학원생)",100~199만원,아니오,          ,연립주택/ 다세대/ 빌라,대전,동구,자양동,기타,알뜰폰(MVNO),레저/자동차,자전거/용품,자전거의류/잡화,{지오무역}[쿨멀티스카프모음]쿨마스크/냉동스카프/,http://www.11st.co.kr/product/SellerProductDetail.tmall?method=getSellerProductDetail&prdNo=1280486843
D***5,201908**,M,2,"학생 (초중고학생, 대학생, 대학원생)",200~299만원,아니오,          ,아파트/ 주상복합,경기,남양주시,도농동,삼성,SKT,자전거/보드,자전거헬멧,기타브랜드 헬멧,EVSSX02 Knee Brace 오토바이무릎인대파열방지보호대/,http://item.gmarket.co.kr/Item?goodscode=1117646191
D***4,201908**,M,3,"농/축/광/수산업 (축산, 낙농업, 수산, 임업, 광업)",200~299만원,아니오,          ,기타 ,경남,김해시,장유면,애플,SKT,유아동,유아동완구/교구,승용완구,STONETREE스톤트리 트라이크 - 유모차 세발 자전거,http://item.gmarket.co.kr/Item?goodscode=1129986013
D***8,201908**,M,2,무직,500~599만원,아니오,          ,오피스텔,서울,관악구,봉천동,삼성,LG U+,레저/자동차,자전거/용품,자전거의류/잡화,"휘너스/땀냄새,물빠짐없는선수용 기능성 스포츠 스판웨어 하의모음/속건+항균/언더레이어 챌린저5부",http://www.11st.co.kr/product/SellerProductDetail.tmall?method=getSellerProductDetail&prdNo=1280155662
D***1,201908**,F,5,기타 ,200~299만원,예    ,자녀 있음 ,단독주택,서울,관악구,삼성동,삼성,KT,레저/자동차,자전거/용품,자전거,사은품증정[삼천리자전거]아이비/어린이자전거/아동용,http://www.11st.co.kr/product/SellerProductDetail.tmall?method=getSellerProductDetail&prdNo=1079264363
D***,201908**,M,4,"사무직 (일반사무직, 공무원, 직업군인)",200~299만원,      ,          ,아파트/ 주상복합,서울,영등포구,신길5동,삼성,SKT,레저/자동차,자전거/용품,자전거액세서리,완전사2017년 신형 KSM400-3 SE 연납축전지 12V/,http://www.11st.co.kr/product/SellerProductDetail.tmall?method=getSellerProductDetail&prdNo=1150653630
D***,201908**,M,4,"사무직 (일반사무직, 공무원, 직업군인)",200~299만원,      ,          ,아파트/ 주상복합,서울,송파구,송파2동,삼성,SKT,레저/자동차,자전거/용품,자전거,[삼천리자전거]하로GS20 7단 접이식자전거  어린이/여성 폴딩자전거,http://item.gmarket.co.kr/Item?goodscode=1201466217
D***,201908**,F,5,"사무직 (일반사무직, 공무원, 직업군인)",200~299만원,      ,          ,아파트/ 주상복합,서울,관악구,은천동,삼성,SKT,자전거,자전거관리용품,펑크패치,호비번개표 펑크패치 타이어수리 타이어레버 빵구,http://www.11st.co.kr/product/SellerProductDetail.tmall?method=getSellerProductDetail&prdNo=12271947
D***,201908**,M,3,"사무직 (일반사무직, 공무원, 직업군인)",200~299만원,      ,          ,아파트/ 주상복합,대구,남구,대명10동,삼성,SKT,자전거/보드,로드자전거,알루미늄자전거,2017알톤 벨록스 CC 로드 사이클로크로스 자전거,http://item.gmarket.co.kr/Item?goodscode=1112776902
D***4,201908**,M,3,"사무직 (일반사무직, 공무원, 직업군인)","1,000만원 이상",예    ,자녀 있음 ,아파트/ 주상복합,경기,군포시,금정동,삼성,SKT,캠핑/골프/헬스/자전거,자전거의류/용품,신발,뉴발란스CRT300 스니커즈 운동화 (CRT300CA),http://www.hnsmall.com/display/goods.do?goods_code=12922166
D***6,201908**,M,3,"사무직 (일반사무직, 공무원, 직업군인)",200~299만원,      ,          ,아파트/ 주상복합,서울,양천구,신정7동,삼성,SKT,레저/자동차,자전거/용품,자전거액세서리,[J]쿨시트 방석 오토바이 스쿠터 헬멧 용품,http://www.11st.co.kr/product/SellerProductDetail.tmall?method=getSellerProductDetail&prdNo=1082590066
D***6,201908**,M,5,"사무직 (일반사무직, 공무원, 직업군인)",200~299만원,      ,          ,아파트/ 주상복합,서울,관악구,대학동,삼성,SKT,자전거,자전거,MTB,프로메이드풀서스펜션 24인치 MTB자전거 아스톤힐DS,http://www.11st.co.kr/product/SellerProductDetail.tmall?method=getSellerProductDetail&prdNo=1190027550
D***9,201908**,M,4,"사무직 (일반사무직, 공무원, 직업군인)",200~299만원,      ,          ,아파트/ 주상복합,강원,강릉시,교1동,삼성,SKT,캠핑/골프/헬스/자전거,자전거의류/용품,기타용품,발목밴드,http://www.hnsmall.com/display/goods.do?goods_code=11522932
D***7,201908**,M,3,"사무직 (일반사무직, 공무원, 직업군인)",200~299만원,      ,          ,아파트/ 주상복합,서울,강서구,화곡본동,삼성,SKT,자전거,튜닝용품,트레이너(로라),엘리트노보 맥 포스/자전거용품/자전거롤러,http://www.11st.co.kr/product/SellerProductDetail.tmall?method=getSellerProductDetail&prdNo=1271754585
D***3,201908**,M,5,"관리직 (사장, 간부, 고위공무원)",600~699만원,예    ,자녀 있음 ,아파트/ 주상복합,광주,광산구,산월동,삼성,SKT,레저/자동차,자전거/용품,자전거,지오스빈티지벨로체/GiosVintage Veloce 로드자전거,http://item.gmarket.co.kr/Item?goodscode=1273357815
D***5,201908**,M,3,"전문직 (의사, 판검사, 예술가, 종교인)",500~599만원,예    ,자녀 있음 ,연립주택/ 다세대/ 빌라,경북,포항시 남구,오천읍,애플,LG U+,레저/자동차,자전거/용품,자전거,삼천리가족형 HF200 7단 미니벨로 20형 접이식자전거,http://www.11st.co.kr/product/SellerProductDetail.tmall?method=getSellerProductDetail&prdNo=1096162616
D***0,201908**,M,3,"생산/노무직 (생산감독, 경비원, 공장근로자)",200~299만원,예    ,자녀 있음 ,아파트/ 주상복합,경북,구미시,옥계동,삼성,SKT,자전거,자전거신발/고글/헬멧,보호대,나스카썬블럭 쿨토시/네이비/팔토시/자외선차단/스포츠/골프/등산/자전거/테니스/암슬리브/운전,http://www.11st.co.kr/product/SellerProductDetail.tmall?method=getSellerProductDetail&prdNo=1274967893
D***6,201908**,M,2,"학생 (초중고학생, 대학생, 대학원생)",100만원 미만,아니오,          ,오피스텔,서울,광진구,자양동,애플,KT,레저/자동차,자전거/용품,자전거,[삼천리]접이식여성자전거/미니벨로 바구니 자전거,http://www.11st.co.kr/product/SellerProductDetail.tmall?method=getSellerProductDetail&prdNo=1013926352
D***4,201908**,M,2,"사무직 (일반사무직, 공무원, 직업군인)",200~299만원,      ,          ,아파트/ 주상복합,서울,강남구,논현동,삼성,SKT,레저/자동차,자전거/용품,자전거,알톤베네통키드자전거/아동/알루미늄/고급어린이네발,http://www.11st.co.kr/product/SellerProductDetail.tmall?method=getSellerProductDetail&prdNo=1160671411
D***,201908**,F,4,"사무직 (일반사무직, 공무원, 직업군인)",200~299만원,      ,          ,아파트/ 주상복합,충북,청주시 상당구,율량동,삼성,SKT,캠핑/골프/헬스/자전거,자전거의류/용품,기타용품,발목밴드,http://www.hnsmall.com/display/goods.do?goods_code=11522932
D***2,201908**,F,2,"사무직 (일반사무직, 공무원, 직업군인)",200~299만원,      ,          ,아파트/ 주상복합,인천,연수구,송도동,삼성,SKT,자전거/보드,자전거헬멧,기타브랜드 헬멧,[삼천리자전거]미니마우스 헬멧보호대 세트 어린이 자전거 킥보드/ 삼천리자전거,http://item.gmarket.co.kr/Item?goodscode=1112014699
D***8,201908**,M,2,퇴직/연금생활자,400~499만원,아니오,          ,연립주택/ 다세대/ 빌라,경기,오산시,오산동,LG,SKT,자전거/보드,자전거신발/페달,자전거페달,자전거보조발판(소/중)자전거발받침/발판 알루미늄,http://item.gmarket.co.kr/Item?goodscode=1155657749
D***,201908**,F,3,"사무직 (일반사무직, 공무원, 직업군인)",200~299만원,      ,          ,아파트/ 주상복합,경기,파주시,광탄면,삼성,SKT,레저/자동차,자전거/용품,자전거액세서리,"매그닉라이트/전조등,후미등싱글판매/충전필요없는 독일특허 비접촉 자전거라이트/자전거용품/무료배송",http://www.11st.co.kr/product/SellerProductDetail.tmall?method=getSellerProductDetail&prdNo=1242176076
D***,201908**,M,2,"사무직 (일반사무직, 공무원, 직업군인)",200~299만원,      ,          ,아파트/ 주상복합,서울,성북구,석관동,삼성,SKT,자전거,튜닝용품,후미등,문라이트크레센트/코멧/쉴드/디펜더/메테오/ 자전거라이트 자전거후미등,http://www.11st.co.kr/product/SellerProductDetail.tmall?method=getSellerProductDetail&prdNo=1086040122
D***,201908**,M,4,"사무직 (일반사무직, 공무원, 직업군인)",400~499만원,예    ,자녀 있음 ,단독주택,서울,영등포구,대림2동,삼성,KT,레저/자동차,자전거/용품,자전거,도미니크24인치하이브리드자전거초등학생~중학생까지,http://www.11st.co.kr/product/SellerProductDetail.tmall?method=getSellerProductDetail&prdNo=1090901926
D***2,201908**,M,3,"사무직 (일반사무직, 공무원, 직업군인)",200~299만원,      ,          ,아파트/ 주상복합,대전,서구,복수동,삼성,SKT,레저/자동차,자전거/용품,자전거액세서리,[엑스피크]엑스피크 자전거힙색 트윈포켓파우치 자전거파우치,http://item.gmarket.co.kr/Item?goodscode=1124173801
D***3,201908**,M,2,"전문직 (의사, 판검사, 예술가, 종교인)",200~299만원,아니오,          ,오피스텔,경기,부천시 소사구,심곡본1동,삼성,LG U+,레저/자동차,자전거/용품,자전거의류/잡화,[8601416-SJ]예식장갑/민자/백색/(100EA)/코팅장갑/장갑/안전장갑,http://www.11st.co.kr/product/SellerProductDetail.tmall?method=getSellerProductDetail&prdNo=1063242610
D***3,201908**,F,3,무직,100만원 미만,아니오,          ,아파트/ 주상복합,경기,고양시 일산서구,대화동,삼성,SKT,자전거/보드,일반자전거,외발/삼륜/2인용,[지오닉스]자이덴 나누미 20(50cm) 6단 성인용 세발자전거,http://item.gmarket.co.kr/Item?goodscode=1111789839
D***9,201908**,F,2,"학생 (초중고학생, 대학생, 대학원생)","1,000만원 이상",아니오,          ,아파트/ 주상복합,경기,안양시 만안구,박달2동,삼성,KT,레저/자동차,자전거/용품,자전거액세서리,▶빔라이트충전식 자전거 후미등┃자전거용품┃레저용품┃자전거악세사리┃자전거라이트┃후미등┃,http://www.11st.co.kr/product/SellerProductDetail.tmall?method=getSellerProductDetail&prdNo=1246317584
D***8,201908**,M,2,"생산/노무직 (생산감독, 경비원, 공장근로자)",200~299만원,아니오,          ,기타 ,경남,거제시,장평동,애플,SKT,자전거,튜닝용품,거치대/보관대,노스바이크스마트폰 자전거거치대 핸드폰 휴대폰 가방,http://www.11st.co.kr/product/SellerProductDetail.tmall?method=getSellerProductDetail&prdNo=1016944642
D***1,201908**,F,2,"전문직 (의사, 판검사, 예술가, 종교인)",900~999만원,예    ,자녀 없음 ,아파트/ 주상복합,서울,강남구,대치동,애플,SKT,자전거/보드,자전거액세서리,자전거스마트폰거치대,4방향완벽고정 자전거 스마트폰 거치대 (블랙),http://item.gmarket.co.kr/Item?goodscode=1235492029
D***2,201908**,F,3,무직,"1,000만원 이상",아니오,          ,아파트/ 주상복합,서울,마포구,염리동,삼성,SKT,레저/자동차,자전거/용품,자전거,알톤베네통BKS18/16 어린이자전거 삼천리 아동자전거,http://www.11st.co.kr/product/SellerProductDetail.tmall?method=getSellerProductDetail&prdNo=1215156477
D***,201908**,F,2,"전문직 (의사, 판검사, 예술가, 종교인)",100~199만원,아니오,          ,아파트/ 주상복합,울산,북구,상안동,애플,KT,레저/자동차,자전거/용품,자전거,자전거공구셋트/5가지기능 스페너13mm 15mm 육각렌지4mm5mm6mm 부품 용품,http://www.11st.co.kr/product/SellerProductDetail.tmall?method=getSellerProductDetail&prdNo=1268973574
D***,201908**,F,2,"사무직 (일반사무직, 공무원, 직업군인)",200~299만원,      ,          ,아파트/ 주상복합,인천,남구,용현동,삼성,SKT,레저/자동차,자전거/용품,자전거의류/잡화,머스타시벌룬 기모마스크 MHM-10/방한/보드마스크,http://www.11st.co.kr/product/SellerProductDetail.tmall?method=getSellerProductDetail&prdNo=1187564080
D***,201908**,F,4,"주부 (전업주부, 파트타임 근무 주부)",400~499만원,예    ,자녀 있음 ,아파트/ 주상복합,경기,고양시 일산서구,일산3동,LG,KT,레저/자동차,자전거/용품,자전거액세서리,블랙울프KR-C8 L2 밝은 자전거라이트 전조등 손전등,http://www.11st.co.kr/product/SellerProductDetail.tmall?method=getSellerProductDetail&prdNo=1091472722
D***,201908**,F,2,"사무직 (일반사무직, 공무원, 직업군인)",200~299만원,      ,          ,아파트/ 주상복합,경기,성남시 분당구,야탑동,삼성,SKT,자전거,자전거신발/고글/헬멧,헬멧,아동용자전거헬멧아동보호대 킥보드 인라인헬멧,http://www.11st.co.kr/product/SellerProductDetail.tmall?method=getSellerProductDetail&prdNo=1051520039
D***2,201908**,M,2,"사무직 (일반사무직, 공무원, 직업군인)",200~299만원,      ,          ,아파트/ 주상복합,충남,서천군,서면,삼성,SKT,자전거,자전거관리용품,에어펌프(발펌프),발펌프/튜브/휴대용/쌍발/자전거/공기주입기/에어펌프/타이어공기/축구공/농구공/바람넣기/외발/강력발펌프,http://www.11st.co.kr/product/SellerProductDetail.tmall?method=getSellerProductDetail&prdNo=1091662162
D***9,201908**,F,2,"사무직 (일반사무직, 공무원, 직업군인)",200~299만원,      ,          ,아파트/ 주상복합,경북,포항시 남구,상도동,삼성,SKT,자전거/보드,자전거타이어/부품,자전거튜브,[흥아]흥아 26인치x1.75/2.125 프레스타 60mm 자전거튜브,http://item.gmarket.co.kr/Item?goodscode=1284816502
D***6,201908**,F,2,"사무직 (일반사무직, 공무원, 직업군인)",200~299만원,      ,          ,아파트/ 주상복합,광주,남구,도금동,삼성,SKT,자전거,튜닝용품,트레일러,알톤키즈 트레일러/자전거/캐리어/손잡이/보조바퀴,http://www.11st.co.kr/product/SellerProductDetail.tmall?method=getSellerProductDetail&prdNo=1249445352
D***1,201908**,F,5,"사무직 (일반사무직, 공무원, 직업군인)",200~299만원,      ,          ,아파트/ 주상복합,충남,홍성군,홍북면,삼성,SKT,레저/자동차,자전거/용품,자전거의류/잡화,1대1사은품증정 나루마스크 X1 X5 자외선차단마스크,http://www.11st.co.kr/product/SellerProductDetail.tmall?method=getSellerProductDetail&prdNo=11127502
D***7,201908**,M,2,"사무직 (일반사무직, 공무원, 직업군인)",200~299만원,      ,          ,아파트/ 주상복합,강원,원주시,우산동,삼성,SKT,자전거,자전거신발/고글/헬멧,보호대,킹카301 성인 보호대 팔꿈치 손목 무릎 남여공용,http://www.11st.co.kr/product/SellerProductDetail.tmall?method=getSellerProductDetail&prdNo=1083507717
D***7,201908**,F,3,"주부 (전업주부, 파트타임 근무 주부)",300~399만원,예    ,자녀 있음 ,아파트/ 주상복합,인천,남동구,만수2동,기타,KT,자전거,튜닝용품,후미등,자전거후미등2구 실리콘 후미등 LED비상등 안전등 야간 라이딩 유모차 오토바이 3가지 모드,http://www.11st.co.kr/product/SellerProductDetail.tmall?method=getSellerProductDetail&prdNo=1253472408
D***7,201908**,M,3,"생산/노무직 (생산감독, 경비원, 공장근로자)",300~399만원,아니오,          ,연립주택/ 다세대/ 빌라,인천,부평구,부평4동,LG,SKT,자전거,자전거부품,체인,MYBN 10단 실버_S10CR 체인,http://www.11st.co.kr/product/SellerProductDetail.tmall?method=getSellerProductDetail&prdNo=1272548067
D***6,201908**,M,4,"교직 (교사, 유치원교사, 학원강사)",500~599만원,예    ,자녀 있음 ,연립주택/ 다세대/ 빌라,서울,관악구,조원동,LG,LG U+,자전거,튜닝용품,흙받이,자전거흙받이/짐받이가방/강철크롬짐받이/받침대/보조안장/쇼바형짐받이/자전거용품,http://www.11st.co.kr/product/SellerProductDetail.tmall?method=getSellerProductDetail&prdNo=1081764401
D***9,201908**,M,2,"서비스직 (요식업, 숙박업, 미용실종업원)",100~199만원,아니오,          ,아파트/ 주상복합,서울,광진구,구의2동,삼성,LG U+,레저/자동차,자전거/용품,자전거의류/잡화,[8601416-SJ]예식장갑/민자/백색/(100EA)/코팅장갑/장갑/안전장갑,http://www.11st.co.kr/product/SellerProductDetail.tmall?method=getSellerProductDetail&prdNo=1063242610
D***6,201908**,F,2,"사무직 (일반사무직, 공무원, 직업군인)",900~999만원,아니오,          ,아파트/ 주상복합,경기,군포시,수리동,애플,KT,자전거,자전거신발/고글/헬멧,헬멧,HJC홍진 R4 컬러선택가능블랙라인/홍진 크라운 헬멧,http://www.11st.co.kr/product/SellerProductDetail.tmall?method=getSellerProductDetail&prdNo=1229824538
D***3,201908**,M,3,"사무직 (일반사무직, 공무원, 직업군인)",100~199만원,아니오,          ,아파트/ 주상복합,대전,동구,판암1동,LG,KT,자전거,자전거,MTB,GIFT2016 엘파마 판타시아 S7 S675 카본 MTB 자전거,http://www.11st.co.kr/product/SellerProductDetail.tmall?method=getSellerProductDetail&prdNo=1043875589
D***,201908**,M,2,"사무직 (일반사무직, 공무원, 직업군인)",200~299만원,      ,          ,아파트/ 주상복합,경기,안산시 단원구,고잔동,삼성,SKT,레저/자동차,자전거/용품,자전거의류/잡화,[엠씨엔]MCN 통기성좋고 시원한 매쉬마스크/UV자외선 벌레차단,http://item.gmarket.co.kr/Item?goodscode=1104924744
D***,201908**,M,4,"사무직 (일반사무직, 공무원, 직업군인)",200~299만원,      ,          ,아파트/ 주상복합,서울,강남구,대치동,삼성,SKT,레저/자동차,자전거/용품,자전거의류/잡화,머스타시벌룬 기모마스크 MHM-10/방한/보드마스크,http://www.11st.co.kr/product/SellerProductDetail.tmall?method=getSellerProductDetail&prdNo=1187564080
D***,201908**,M,3,"사무직 (일반사무직, 공무원, 직업군인)",200~299만원,      ,          ,아파트/ 주상복합,충북,음성군,감곡면,삼성,SKT,레저/자동차,자전거/용품,자전거의류/잡화,[8601416-SJ]예식장갑/민자/백색/(100EA)/코팅장갑/장갑/안전장갑,http://www.11st.co.kr/product/SellerProductDetail.tmall?method=getSellerProductDetail&prdNo=1063242610
D***9,201908**,M,5,"자영업 (도소매업, 숙박업, 미용업)",400~499만원,예    ,자녀 있음 ,아파트/ 주상복합,서울,중구,신당동,LG,KT,자전거/보드,자전거타이어/부품,자전거튜브,[CST]700x25/32C fv48mm 자전거튜브 프레스타 흥아 켄다,http://item.gmarket.co.kr/Item?goodscode=1283527298
D***2,201908**,M,3,"사무직 (일반사무직, 공무원, 직업군인)",200~299만원,      ,          ,아파트/ 주상복합,경기,과천시,갈현동,삼성,SKT,레저/자동차,자전거/용품,자전거액세서리,AVVISO툴캡슐 자전거 거치대 공구함 케이스 툴부스,http://item.gmarket.co.kr/Item?goodscode=1129194351
D***4,201908**,M,5,"사무직 (일반사무직, 공무원, 직업군인)",100만원 미만,아니오,          ,아파트/ 주상복합,경기,의정부시,민락동,삼성,알뜰폰(MVNO),자전거,자전거관리용품,펑크패치,자전거펑크패치(패치30개+접착제) 자전거타이어수리,http://www.11st.co.kr/product/SellerProductDetail.tmall?method=getSellerProductDetail&prdNo=12932340
D***4,201908**,M,3,"사무직 (일반사무직, 공무원, 직업군인)",200~299만원,      ,          ,아파트/ 주상복합,대구,달성군,다사읍,삼성,SKT,레저/자동차,자전거/용품,자전거,베리벨로보스톤GS 22 18년형 22인치 MTB자전거,http://www.11st.co.kr/product/SellerProductDetail.tmall?method=getSellerProductDetail&prdNo=1264898395
D***6,201908**,M,3,기타 ,100~199만원,아니오,          ,연립주택/ 다세대/ 빌라,서울,은평구,녹번동,삼성,LG U+,자전거/보드,일반자전거,외발/삼륜/2인용,절대터지지않는알로이 컨츄리 성인 세발자전거 삼륜,http://item.gmarket.co.kr/Item?goodscode=1201833484
D***8,201908**,M,4,"전문직 (의사, 판검사, 예술가, 종교인)",100~199만원,아니오,          ,연립주택/ 다세대/ 빌라,부산,동래구,명륜1동,LG,알뜰폰(MVNO),레저/자동차,자전거/용품,자전거액세서리,(자전거용품.부품모음)자물쇠라이트펌프바구니짐받이안장가방헬멧보호대후미등페달보조바퀴벨전조등거치대,http://www.11st.co.kr/product/SellerProductDetail.tmall?method=getSellerProductDetail&prdNo=1258567584
D***0,201908**,F,3,"사무직 (일반사무직, 공무원, 직업군인)",500~599만원,예    ,자녀 있음 ,아파트/ 주상복합,경기,동두천시,생연2동,기타,SKT,자전거,튜닝용품,후미등,누빔멀티 라이트 NB-600 자전거 후미등 방향지시등,http://www.11st.co.kr/product/SellerProductDetail.tmall?method=getSellerProductDetail&prdNo=115116197
D***2,201908**,F,4,"주부 (전업주부, 파트타임 근무 주부)",400~499만원,예    ,자녀 있음 ,아파트/ 주상복합,경기,김포시,감정동,삼성,KT,자전거,튜닝용품,전시스탠드,[내가만든자전거](ICETOOLZ) 아이스툴즈 P633 벽면형 자전거 거치대/벽면고정볼트포함,http://www.11st.co.kr/product/SellerProductDetail.tmall?method=getSellerProductDetail&prdNo=1231501156
D***,201908**,F,4,"사무직 (일반사무직, 공무원, 직업군인)",200~299만원,      ,          ,아파트/ 주상복합,서울,성북구,길음1동,삼성,SKT,자전거/보드,자전거장갑/잡화,자전거장갑,[킹썰]스포츠/등산/자전거장갑/여름장갑/반장갑/선택0여름용,http://item.gmarket.co.kr/Item?goodscode=1284293661
D***,201908**,F,5,"주부 (전업주부, 파트타임 근무 주부)",300~399만원,예    ,자녀 있음 ,아파트/ 주상복합,인천,부평구,삼산1동,LG,LG U+,자전거,자전거부품,체인,MYBN 10단 실버_S10CR 체인,http://www.11st.co.kr/product/SellerProductDetail.tmall?method=getSellerProductDetail&prdNo=1272548067
D***,201908**,M,2,"사무직 (일반사무직, 공무원, 직업군인)",200~299만원,      ,          ,아파트/ 주상복합,부산,동구,초량동,삼성,SKT,레저/자동차,자전거/용품,자전거의류/잡화,아동.유아.어린이/무릎보호대.헬멧.장갑 세트/자전거용품.인라인스케이트.씽씽카.안전용품.블랙프라이데이,http://www.11st.co.kr/product/SellerProductDetail.tmall?method=getSellerProductDetail&prdNo=1066221250
D***,201908**,M,4,"사무직 (일반사무직, 공무원, 직업군인)",300~399만원,예    ,자녀 있음 ,단독주택,인천,중구,도원동,삼성,SKT,자전거,자전거부품,체인,"SramX1 체인, PC-X1, 11단/11단용 자전거 체인",http://www.11st.co.kr/product/SellerProductDetail.tmall?method=getSellerProductDetail&prdNo=1261677729
D***,201908**,M,2,"자영업 (도소매업, 숙박업, 미용업)",100만원 미만,아니오,          ,연립주택/ 다세대/ 빌라,경북,안동시,용상동,삼성,LG U+,자전거,자전거부품,안장,대만New 카본 시트포스트 (27.2/31.6mm) 풀카본 자전거 안장봉/초경량 싯포스트 (세미카),http://www.11st.co.kr/product/SellerProductDetail.tmall?method=getSellerProductDetail&prdNo=1015126992
D***,201908**,F,4,"주부 (전업주부, 파트타임 근무 주부)",300~399만원,예    ,자녀 있음 ,아파트/ 주상복합,서울,강남구,수서동,애플,KT,자전거,자전거부품,안장,풀카본안장자전거안장 초경량 카본안장,http://www.11st.co.kr/product/SellerProductDetail.tmall?method=getSellerProductDetail&prdNo=1240983940
D***8,201908**,F,3,"사무직 (일반사무직, 공무원, 직업군인)",200~299만원,      ,          ,아파트/ 주상복합,경기,수원시 팔달구,매산로3가,삼성,SKT,레저/자동차,자전거/용품,자전거의류/잡화,[PUMA]푸마 여성 더블 스트레치 기모 본딩 팬츠 3종세트 GFYYFG22,http://www.hnsmall.com/display/goods.do?goods_code=12835199
D***2,201908**,M,5,"사무직 (일반사무직, 공무원, 직업군인)",600~699만원,예    ,자녀 있음 ,아파트/ 주상복합,서울,구로구,고척1동,LG,LG U+,레저/자동차,자전거/용품,자전거액세서리,카멜백포디엄 칠리 610ml 자전거물통 보냉 물병,http://www.11st.co.kr/product/SellerProductDetail.tmall?method=getSellerProductDetail&prdNo=1019561002
D***9,201908**,F,3,"사무직 (일반사무직, 공무원, 직업군인)",200~299만원,      ,          ,아파트/ 주상복합,부산,금정구,장전1동,삼성,SKT,자전거,자전거신발/고글/헬멧,보호대,특가쿨토시 1+1 (2세트) /토시/아동쿨토시/팔토시,http://www.11st.co.kr/product/SellerProductDetail.tmall?method=getSellerProductDetail&prdNo=1291753831
D***1,201908**,M,5,"교직 (교사, 유치원교사, 학원강사)",900~999만원,예    ,자녀 있음 ,아파트/ 주상복합,경기,고양시 덕양구,토당동,삼성,KT,레저/자동차,자전거/용품,헬멧/보호장비,자전거어반헬멧 어린이헬멧 인라인 헬맷 킥보드헬멧,http://www.11st.co.kr/product/SellerProductDetail.tmall?method=getSellerProductDetail&prdNo=1253467301
D***1,201908**,F,3,"전문직 (의사, 판검사, 예술가, 종교인)",500~599만원,아니오,          ,아파트/ 주상복합,서울,양천구,목1동,애플,KT,자전거,자전거신발/고글/헬멧,신발,에코사이클링/스피닝슈즈/스피닝운동화/스피닝신발/클릿슈즈/사이클운동화/사이클신발/사이클슈즈/클릿포함,http://www.11st.co.kr/product/SellerProductDetail.tmall?method=getSellerProductDetail&prdNo=1262545428
D***5,201908**,F,2,"사무직 (일반사무직, 공무원, 직업군인)",200~299만원,      ,          ,아파트/ 주상복합,서울,노원구,상계1동,삼성,SKT,레저/자동차,자전거/용품,자전거액세서리,자전거라이트LED 전조등 후미등 후레쉬 [거치대증정],http://www.11st.co.kr/product/SellerProductDetail.tmall?method=getSellerProductDetail&prdNo=1080334719
D***6,201908**,M,4,"생산/노무직 (생산감독, 경비원, 공장근로자)",100~199만원,아니오,          ,아파트/ 주상복합,대구,달서구,두류1동,삼성,LG U+,레저/자동차,자전거/용품,자전거,도미니크24인치하이브리드자전거초등학생~중학생까지,http://www.11st.co.kr/product/SellerProductDetail.tmall?method=getSellerProductDetail&prdNo=1090901926
D***5,201908**,M,3,"사무직 (일반사무직, 공무원, 직업군인)",200~299만원,      ,          ,아파트/ 주상복합,충남,천안시 서북구,성정2동,삼성,SKT,레저/자동차,자전거/용품,자전거액세서리,"자전거커버,바이크린,자전거,자전거용품,싸이클",http://www.11st.co.kr/product/SellerProductDetail.tmall?method=getSellerProductDetail&prdNo=1170093481
D***6,201908**,F,5,"주부 (전업주부, 파트타임 근무 주부)","1,000만원 이상",예    ,자녀 있음 ,아파트/ 주상복합,경기,수원시 영통구,하동,LG,KT,자전거,자전거,MTB,앞뒤쇼바접이식 21단 26인치 입문 통학 출퇴근용 MTB,http://www.11st.co.kr/product/SellerProductDetail.tmall?method=getSellerProductDetail&prdNo=1082913347
D***9,201908**,M,2,무직,200~299만원,아니오,          ,단독주택,대구,동구,신암1동,LG,KT,자전거,자전거신발/고글/헬멧,헬멧,HJC홍진 R4 컬러선택가능블랙라인/홍진 크라운 헬멧,http://www.11st.co.kr/product/SellerProductDetail.tmall?method=getSellerProductDetail&prdNo=1229824538
D***9,201908**,F,2,"학생 (초중고학생, 대학생, 대학원생)","1,000만원 이상",아니오,          ,아파트/ 주상복합,경기,안양시 만안구,박달2동,삼성,KT,자전거,자전거관리용품,에어펌프(발펌프),국산삼흥 발펌프 공기주입기 손펌프 에어펌프 자전거,http://www.11st.co.kr/product/SellerProductDetail.tmall?method=getSellerProductDetail&prdNo=1105695651
D***7,201908**,F,2,기타 ,200~299만원,예    ,자녀 없음 ,연립주택/ 다세대/ 빌라,서울,송파구,석촌동,LG,SKT,자전거,튜닝용품,후미등,자전거후미등2구 실리콘 후미등 LED비상등 안전등 야간 라이딩 유모차 오토바이 3가지 모드,http://www.11st.co.kr/product/SellerProductDetail.tmall?method=getSellerProductDetail&prdNo=1253472408
D***7,201908**,M,3,"교직 (교사, 유치원교사, 학원강사)",300~399만원,예    ,자녀 있음 ,아파트/ 주상복합,경북,구미시,산동면,삼성,KT,자전거,튜닝용품,전시스탠드,KT05 자전거킥스탠드 자전거받침대 자전거용품,http://www.11st.co.kr/product/SellerProductDetail.tmall?method=getSellerProductDetail&prdNo=1058282299
D***,201908**,M,5,"사무직 (일반사무직, 공무원, 직업군인)",200~299만원,      ,          ,아파트/ 주상복합,경기,수원시 권선구,오목천동,삼성,SKT,자전거/보드,자전거타이어/부품,자전거튜브,[CST]700x25/32C fv60mm 자전거튜브 프레스타 흥아 켄다,http://item.gmarket.co.kr/Item?goodscode=1283528097
D***,201908**,M,3,"사무직 (일반사무직, 공무원, 직업군인)",200~299만원,      ,          ,아파트/ 주상복합,경기,수원시 권선구,고색동,삼성,SKT,레저/자동차,자전거/용품,자전거,미키키즈로드스터 미니 18유니키즈FA 어린이자전거,http://www.11st.co.kr/product/SellerProductDetail.tmall?method=getSellerProductDetail&prdNo=1067685984
D***,201908**,F,3,"사무직 (일반사무직, 공무원, 직업군인)",200~299만원,      ,          ,아파트/ 주상복합,경남,거제시,고현동,삼성,SKT,자전거/보드,자전거타이어/부품,자전거타이어,자전거휠라이트 반사 스트로우 바퀴 야간 안전 야광,http://item.gmarket.co.kr/Item?goodscode=1184423428
D***2,201908**,F,3,"주부 (전업주부, 파트타임 근무 주부)",300~399만원,예    ,자녀 있음 ,연립주택/ 다세대/ 빌라,경기,고양시 일산동구,사리현동,삼성,SKT,자전거/보드,자전거타이어/부품,자전거튜브,[CST]700x25/32C fv48mm 자전거튜브 프레스타 흥아 켄다,http://item.gmarket.co.kr/Item?goodscode=1283527298
D***4,201908**,M,3,"사무직 (일반사무직, 공무원, 직업군인)",200~299만원,      ,          ,아파트/ 주상복합,대구,달성군,다사읍,삼성,SKT,자전거,자전거신발/고글/헬멧,보호대,킹카301 성인 보호대 팔꿈치 손목 무릎 남여공용,http://www.11st.co.kr/product/SellerProductDetail.tmall?method=getSellerProductDetail&prdNo=1083507717
D***6,201908**,M,2,"사무직 (일반사무직, 공무원, 직업군인)",200~299만원,      ,          ,아파트/ 주상복합,대전,중구,문화1동,삼성,SKT,자전거,자전거부품,브레이크패드,시마노디스크 브레이크 Resin 패드 B01S/BR-T615/C501/M575/M525/M486/M485/M475/M465 레진패드/래진패드,http://www.11st.co.kr/product/SellerProductDetail.tmall?method=getSellerProductDetail&prdNo=1060069949
D***8,201908**,M,2,"생산/노무직 (생산감독, 경비원, 공장근로자)",200~299만원,아니오,          ,기타 ,경남,거제시,장평동,애플,SKT,레저/자동차,자전거/용품,자전거의류/잡화,아동.유아.어린이/무릎보호대.헬멧.장갑 세트/자전거용품.인라인스케이트.씽씽카.안전용품.블랙프라이데이,http://www.11st.co.kr/product/SellerProductDetail.tmall?method=getSellerProductDetail&prdNo=1066221250
D***2,201908**,M,3,"자영업 (도소매업, 숙박업, 미용업)",400~499만원,예    ,자녀 있음 ,연립주택/ 다세대/ 빌라,서울,강서구,공항동,LG,LG U+,자전거,자전거신발/고글/헬멧,보호대,일본코미네09-021 오토바이 핸들워머 빅스쿠터 전동 킥보드 토시 퀵보드 토시 장갑 겨울 방한용품,http://www.11st.co.kr/product/SellerProductDetail.tmall?method=getSellerProductDetail&prdNo=107138111
D***8,201908**,M,3,"생산/노무직 (생산감독, 경비원, 공장근로자)",400~499만원,예    ,자녀 없음 ,아파트/ 주상복합,인천,중구,운서동,삼성,KT,자전거,자전거,MTB,GIFT2016 엘파마 판타시아 S7 S675 카본 MTB 자전거,http://www.11st.co.kr/product/SellerProductDetail.tmall?method=getSellerProductDetail&prdNo=1043875589
D***8,201908**,F,3,"자영업 (도소매업, 숙박업, 미용업)",300~399만원,예    ,자녀 있음 ,연립주택/ 다세대/ 빌라,인천,계양구,작전동,LG,LG U+,레저/자동차,자전거/용품,자전거,[알톤]갤럽22 21단 앞쇼바 7~11세 시마노인투스기어,http://www.11st.co.kr/product/SellerProductDetail.tmall?method=getSellerProductDetail&prdNo=1230962682
D***0,201908**,F,2,기타 ,200~299만원,아니오,          ,기타 ,광주,서구,상무동,애플,LG U+,유아동,유아동완구/교구,승용완구,[삼천리자전거]GIFT 2018 삼천리 샘트라이크 800+ 유모차 세발자전거,http://item.gmarket.co.kr/Item?goodscode=1266671892
D***,201908**,M,4,"사무직 (일반사무직, 공무원, 직업군인)",200~299만원,      ,          ,아파트/ 주상복합,전남,무안군,무안읍,삼성,SKT,레저/자동차,자전거/용품,자전거액세서리,자전거휠 라이트 안전등  LED라이트 후미등,http://www.11st.co.kr/product/SellerProductDetail.tmall?method=getSellerProductDetail&prdNo=1076764951
D***1,201908**,M,5,기타 ,600~699만원,예    ,자녀 있음 ,아파트/ 주상복합,경기,김포시,감정동,삼성,SKT,레저/자동차,자전거/용품,자전거,[21세기스쿠터]질주본능!21세기스쿠터/미드미 外 봄바람 일으키는 모빌리티 컬렉션,http://www.lotteimall.com/goods/viewGoodsDetail.lotte?goods_no=1154385444
D***4,201908**,M,2,"학생 (초중고학생, 대학생, 대학원생)","1,000만원 이상",아니오,          ,아파트/ 주상복합,경남,창원시 성산구,사파동,LG,LG U+,자전거,자전거부품,안장,유아안장/짐받이장착/핸들바장착/목받이유아안장/자전거안장,http://www.11st.co.kr/product/SellerProductDetail.tmall?method=getSellerProductDetail&prdNo=1275573892
D***7,201908**,M,5,"사무직 (일반사무직, 공무원, 직업군인)",700~799만원,예    ,자녀 있음 ,아파트/ 주상복합,경기,김포시,장기동,삼성,SKT,레저/자동차,자전거/용품,헬멧/보호장비,자전거헬멧/자전거용품/큰/삼천리헬멧/성인/아동헬멧,http://www.11st.co.kr/product/SellerProductDetail.tmall?method=getSellerProductDetail&prdNo=1044088173
D***9,201908**,M,3,"전문직 (의사, 판검사, 예술가, 종교인)",800~899만원,예    ,자녀 없음 ,연립주택/ 다세대/ 빌라,서울,마포구,상암동,애플,KT,자전거/보드,자전거장갑/잡화,자전거장갑,아쿠아메이드자전거 반장갑 바이크 헬스 등산 장갑,http://item.gmarket.co.kr/Item?goodscode=1118054793
D***0,201908**,F,3,"사무직 (일반사무직, 공무원, 직업군인)",200~299만원,아니오,          ,연립주택/ 다세대/ 빌라,서울,관악구,서림동,애플,SKT,자전거/보드,자전거바구니/가방,크로스가방,[엑스피크]2포켓 스마트폰 파우치/암밴드+목걸이 기본증정,http://item.gmarket.co.kr/Item?goodscode=1187012646
D***,201909**,M,3,"판매직 (상점점원, 보험설계사, 노점상)",200~299만원,예    ,자녀 있음 ,아파트/ 주상복합,충북,충주시,용산동,삼성,SKT,레저/자동차,자전거/용품,헬멧/보호장비,가성비좋은 헬멧/빅이글 자전거헬멧/보호대/인라인/자전거용품,http://www.11st.co.kr/product/SellerProductDetail.tmall?method=getSellerProductDetail&prdNo=1187889237
D***7,201909**,F,2,"사무직 (일반사무직, 공무원, 직업군인)",200~299만원,      ,          ,아파트/ 주상복합,경남,거창군,가북면,삼성,SKT,레저/자동차,자전거/용품,자전거의류/잡화,GIROJAG 반장갑/지로 장갑/땀흡수/통기성/4웨이 신축성/충격흡수패딩/자전거장갑/지로장갑/자전거용품,http://www.11st.co.kr/product/SellerProductDetail.tmall?method=getSellerProductDetail&prdNo=1274875036
D***1,201909**,M,3,"사무직 (일반사무직, 공무원, 직업군인)",200~299만원,      ,          ,아파트/ 주상복합,대구,북구,대현동,삼성,SKT,레저/자동차,자전거/용품,헬멧/보호장비,가성비좋은 헬멧/빅이글 자전거헬멧/보호대/인라인/자전거용품,http://www.11st.co.kr/product/SellerProductDetail.tmall?method=getSellerProductDetail&prdNo=1187889237
D***9,201909**,M,3,무직,100만원 미만,아니오,          ,오피스텔,서울,동대문구,장안1동,삼성,SKT,자전거,자전거관리용품,광택,자전거방수보관커버/방수자전거 커버/PEVA원단,http://www.11st.co.kr/product/SellerProductDetail.tmall?method=getSellerProductDetail&prdNo=1255618282
D***1,201909**,F,2,"학생 (초중고학생, 대학생, 대학원생)",400~499만원,아니오,          ,단독주택,강원,횡성군,공근면,삼성,SKT,자전거/보드,자전거라이트,자전거라이트/전조등,몬스터라이트미니 자전거라이트  몬스터라이트 미니,http://item.gmarket.co.kr/Item?goodscode=1280390929
D***,201909**,F,2,"학생 (초중고학생, 대학생, 대학원생)","1,000만원 이상",아니오,          ,아파트/ 주상복합,경기,수원시 팔달구,매산로2가,애플,SKT,자전거,자전거,MTB,"[삼천리]미키마우스 미키키즈14,16,18형 아동 자전거",http://www.11st.co.kr/product/SellerProductDetail.tmall?method=getSellerProductDetail&prdNo=1248195280
D***,201909**,F,2,"학생 (초중고학생, 대학생, 대학원생)",200~299만원,아니오,          ,연립주택/ 다세대/ 빌라,인천,남동구,구월동,삼성,SKT,자전거,자전거신발/고글/헬멧,보호대,[성인보호대 세트] 에어워크 보호대 손목_무릎_팔꿈치,http://www.11st.co.kr/product/SellerProductDetail.tmall?method=getSellerProductDetail&prdNo=1112671449
D***,201909**,M,3,"사무직 (일반사무직, 공무원, 직업군인)",200~299만원,      ,          ,아파트/ 주상복합,부산,해운대구,우동,삼성,SKT,레저/자동차,자전거/용품,자전거액세서리,스나이퍼코리아블랙울프 18650배터리 충전기모음,http://www.11st.co.kr/product/SellerProductDetail.tmall?method=getSellerProductDetail&prdNo=1272010256
D***5,201909**,M,4,"관리직 (사장, 간부, 고위공무원)",500~599만원,예    ,자녀 있음 ,아파트/ 주상복합,경기,용인시 기흥구,보라동,애플,KT,자전거,튜닝용품,전시스탠드,"자전거스텐드거치대/16,18,20,22,24,26스탠드 받침대 보관대 접이식 자전거용품",http://www.11st.co.kr/product/SellerProductDetail.tmall?method=getSellerProductDetail&prdNo=12932139
D***7,201909**,M,4,"사무직 (일반사무직, 공무원, 직업군인)",300~399만원,아니오,          ,아파트/ 주상복합,서울,성북구,길음1동,삼성,SKT,자전거,튜닝용품,트레일러,알톤키즈 트레일러/자전거/캐리어/손잡이/보조바퀴,http://www.11st.co.kr/product/SellerProductDetail.tmall?method=getSellerProductDetail&prdNo=1249445352
D***,201909**,F,5,"자영업 (도소매업, 숙박업, 미용업)",500~599만원,예    ,자녀 있음 ,아파트/ 주상복합,서울,은평구,응암동,삼성,SKT,자전거,튜닝용품,잠금장치,호비대만정품 LJ9080 4관절락 자전거자물쇠 사관절,http://www.11st.co.kr/product/SellerProductDetail.tmall?method=getSellerProductDetail&prdNo=11383586
D***,201909**,M,3,"사무직 (일반사무직, 공무원, 직업군인)",200~299만원,      ,          ,아파트/ 주상복합,서울,강남구,도곡1동,삼성,SKT,자전거,자전거,MTB,삼천리자전거/하운드팀50D/MTB자전거/산악자전거,http://www.11st.co.kr/product/SellerProductDetail.tmall?method=getSellerProductDetail&prdNo=1254184372
D***,201909**,M,3,"사무직 (일반사무직, 공무원, 직업군인)",200~299만원,      ,          ,아파트/ 주상복합,경기,군포시,부곡동,삼성,SKT,레저/자동차,자전거/용품,자전거액세서리,정품미국 CREE사 LED Q5 줌 라이트/자전거/전조등/후레쉬/랜턴/손전등/거치대/건전지/안전등/용품/야간등,http://www.11st.co.kr/product/SellerProductDetail.tmall?method=getSellerProductDetail&prdNo=1200933401
D***,201909**,M,5,"사무직 (일반사무직, 공무원, 직업군인)",200~299만원,      ,          ,아파트/ 주상복합,경기,안성시,신소현동,삼성,SKT,레저/자동차,자전거/용품,자전거,[스마트자전거]반티아고G21 하이브리드자전거 21단 클래식 2018년,http://www.lotteimall.com/goods/viewGoodsDetail.lotte?goods_no=1203110269
D***,201909**,F,4,"사무직 (일반사무직, 공무원, 직업군인)",200~299만원,      ,          ,아파트/ 주상복합,경기,수원시 권선구,권선동,삼성,SKT,자전거,자전거관리용품,펑크패치,무료배송휴대용 펑크패치/타이어 튜브 레버 정비 수리 공구세트/자전거용품.부품,http://www.11st.co.kr/product/SellerProductDetail.tmall?method=getSellerProductDetail&prdNo=1028212762
D***,201909**,M,3,"사무직 (일반사무직, 공무원, 직업군인)",200~299만원,      ,          ,아파트/ 주상복합,경기,고양시 일산서구,대화동,삼성,SKT,자전거,자전거,MTB,삼천리자전거팀60D MTB자전거 24단 알루미늄자전거,http://www.11st.co.kr/product/SellerProductDetail.tmall?method=getSellerProductDetail&prdNo=1230896068
D***9,201909**,F,2,"사무직 (일반사무직, 공무원, 직업군인)",200~299만원,      ,          ,아파트/ 주상복합,부산,금정구,장전1동,삼성,SKT,레저/자동차,자전거/용품,자전거액세서리,[고바이크]자전거짐받이특대바구니/플록스천바구니/짐바구니/고정식바구니/장착용바구니/자전거악세사리,http://www.11st.co.kr/product/SellerProductDetail.tmall?method=getSellerProductDetail&prdNo=1273581622
D***2,201909**,F,3,"사무직 (일반사무직, 공무원, 직업군인)",200~299만원,      ,          ,아파트/ 주상복합,서울,마포구,망원동,삼성,SKT,자전거/보드,일반자전거,픽시자전거,벤데타벨루가 700C 알로이 에어로 프레임 픽시자전거,http://item.gmarket.co.kr/Item?goodscode=1219375759
D***6,201909**,M,3,"사무직 (일반사무직, 공무원, 직업군인)",400~499만원,예    ,자녀 없음 ,오피스텔,경기,평택시,용이동,애플,알뜰폰(MVNO),자전거/보드,자전거라이트,자전거라이트/전조등,몬스터라이트미니 자전거라이트  몬스터라이트 미니,http://item.gmarket.co.kr/Item?goodscode=1280390929
D***8,201909**,M,4,"사무직 (일반사무직, 공무원, 직업군인)",200~299만원,아니오,          ,연립주택/ 다세대/ 빌라,대전,동구,천동,삼성,SKT,자전거,튜닝용품,트레이너(로라),엘리트노보 맥 포스/자전거용품/자전거롤러,http://www.11st.co.kr/product/SellerProductDetail.tmall?method=getSellerProductDetail&prdNo=1271754585
D***5,201909**,F,3,"자영업 (도소매업, 숙박업, 미용업)",500~599만원,예    ,자녀 없음 ,연립주택/ 다세대/ 빌라,경기,화성시,안녕동,삼성,LG U+,자전거,자전거신발/고글/헬멧,장갑,윈드스토퍼스마트터치 겨울 방한장갑 네오프렌 방풍,http://www.11st.co.kr/product/SellerProductDetail.tmall?method=getSellerProductDetail&prdNo=1050935353
D***6,201909**,F,3,"사무직 (일반사무직, 공무원, 직업군인)",100~199만원,아니오,          ,연립주택/ 다세대/ 빌라,경기,광주시,경안동,애플,KT,자전거,자전거신발/고글/헬멧,헬멧,[HJC]X5(EVO)블랙스카이 / 자전거 헬멧 / 240g대 초,http://www.11st.co.kr/product/SellerProductDetail.tmall?method=getSellerProductDetail&prdNo=1040086015
D***6,201909**,F,3,"사무직 (일반사무직, 공무원, 직업군인)",100~199만원,아니오,          ,연립주택/ 다세대/ 빌라,경기,광주시,경안동,애플,KT,자전거,자전거신발/고글/헬멧,헬멧,HJC홍진 R4 컬러선택가능블랙라인/홍진 크라운 헬멧,http://www.11st.co.kr/product/SellerProductDetail.tmall?method=getSellerProductDetail&prdNo=1229824538
D***,201909**,F,2,"사무직 (일반사무직, 공무원, 직업군인)",200~299만원,      ,          ,아파트/ 주상복합,경기,안산시 상록구,이동,삼성,SKT,레저/자동차,자전거/용품,자전거,[삼천리]접이식여성자전거/미니벨로 바구니 자전거,http://www.11st.co.kr/product/SellerProductDetail.tmall?method=getSellerProductDetail&prdNo=1013926352
D***,201909**,M,2,"사무직 (일반사무직, 공무원, 직업군인)",200~299만원,      ,          ,아파트/ 주상복합,서울,강남구,역삼1동,삼성,SKT,레저/자동차,자전거/용품,자전거의류/잡화,[8601416-SJ]예식장갑/민자/백색/(100EA)/코팅장갑/장갑/안전장갑,http://www.11st.co.kr/product/SellerProductDetail.tmall?method=getSellerProductDetail&prdNo=1063242610
D***5,201909**,M,2,"사무직 (일반사무직, 공무원, 직업군인)",200~299만원,      ,          ,아파트/ 주상복합,광주,서구,금호동,삼성,SKT,자전거,튜닝용품,거치대/보관대,노스바이크스마트폰 자전거거치대 핸드폰 휴대폰 가방,http://www.11st.co.kr/product/SellerProductDetail.tmall?method=getSellerProductDetail&prdNo=1016944642
D***9,201909**,M,3,"사무직 (일반사무직, 공무원, 직업군인)",200~299만원,      ,          ,아파트/ 주상복합,경기,동두천시,송내동,삼성,SKT,레저/자동차,자전거/용품,자전거액세서리,[VELO]VL3147전립선안장 - MTB 로드 싸이클 자전거 전립선 벨로 쿠션안장,http://www.11st.co.kr/product/SellerProductDetail.tmall?method=getSellerProductDetail&prdNo=1099006895
D***0,201909**,F,5,"사무직 (일반사무직, 공무원, 직업군인)",200~299만원,      ,          ,아파트/ 주상복합,경기,부천시 원미구,중1동,삼성,SKT,자전거/보드,로드자전거,알루미늄자전거,2017알톤 벨록스 CC 로드 사이클로크로스 자전거,http://item.gmarket.co.kr/Item?goodscode=1112776902
D***6,201909**,M,5,"사무직 (일반사무직, 공무원, 직업군인)",200~299만원,      ,          ,아파트/ 주상복합,서울,송파구,잠실동,삼성,SKT,캠핑/골프/헬스/자전거,자전거의류/용품,공용하의,[MCN]네오 베이직 7부 바지/승마바지,http://www.hnsmall.com/display/goods.do?goods_code=12497037
D***0,201909**,M,2,"사무직 (일반사무직, 공무원, 직업군인)",200~299만원,      ,          ,아파트/ 주상복합,광주,동구,계림동,삼성,SKT,레저/자동차,자전거/용품,자전거타이어/부품,자전거수리키트+펌프 자전거공구세트 펑크패치,http://www.11st.co.kr/product/SellerProductDetail.tmall?method=getSellerProductDetail&prdNo=1103998698
D***2,201909**,F,2,"전문직 (의사, 판검사, 예술가, 종교인)",200~299만원,아니오,          ,연립주택/ 다세대/ 빌라,경기,광주시,경안동,삼성,KT,레저/자동차,자전거/용품,자전거의류/잡화,[엠씨엔]MCN 통기성좋고 시원한 매쉬마스크/UV자외선 벌레차단,http://item.gmarket.co.kr/Item?goodscode=1104924744
D***8,201909**,F,2,"학생 (초중고학생, 대학생, 대학원생)","1,000만원 이상",아니오,          ,아파트/ 주상복합,경기,남양주시,화도읍,삼성,SKT,캠핑/골프/헬스/자전거,자전거의류/용품,공용하의,[MCN]네오 베이직 7부 바지/승마바지,http://www.hnsmall.com/display/goods.do?goods_code=12497037
D***0,201909**,M,3,"사무직 (일반사무직, 공무원, 직업군인)",300~399만원,예    ,자녀 있음 ,아파트/ 주상복합,대구,달성군,다사읍,애플,KT,레저/자동차,자전거/용품,자전거의류/잡화,사은품증정나루 마스크 자전거 자외선차단 등산 골프 바라클라바 버프 겨울 방한 넥워머 복면  오토바이,http://www.11st.co.kr/product/SellerProductDetail.tmall?method=getSellerProductDetail&prdNo=1070268365
D***9,201909**,F,3,"사무직 (일반사무직, 공무원, 직업군인)",700~799만원,예    ,자녀 있음 ,아파트/ 주상복합,경기,고양시 일산동구,풍동,삼성,SKT,자전거,자전거신발/고글/헬멧,보호대,나스카썬블럭 쿨토시/네이비/팔토시/자외선차단/스포츠/골프/등산/자전거/테니스/암슬리브/운전,http://www.11st.co.kr/product/SellerProductDetail.tmall?method=getSellerProductDetail&prdNo=1274967893
D***3,201909**,M,2,"학생 (초중고학생, 대학생, 대학원생)",100만원 미만,아니오,          ,연립주택/ 다세대/ 빌라,경기,수원시 권선구,금곡동,삼성,LG U+,자전거,튜닝용품,흙받이,자전거흙받이/짐받이가방/강철크롬짐받이/받침대/보조안장/쇼바형짐받이/자전거용품,http://www.11st.co.kr/product/SellerProductDetail.tmall?method=getSellerProductDetail&prdNo=1081764401
D***,201909**,M,5,"전문직 (의사, 판검사, 예술가, 종교인)",800~899만원,예    ,자녀 있음 ,아파트/ 주상복합,서울,광진구,광장동,삼성,알뜰폰(MVNO),레저/자동차,자전거/용품,자전거타이어/부품,자전거수리키트+펌프 자전거공구세트 펑크패치,http://www.11st.co.kr/product/SellerProductDetail.tmall?method=getSellerProductDetail&prdNo=1103998698
D***,201909**,M,2,"사무직 (일반사무직, 공무원, 직업군인)",200~299만원,      ,          ,아파트/ 주상복합,경기,수원시 영통구,매탄3동,삼성,SKT,레저/자동차,자전거/용품,자전거의류/잡화,극세사기모 방한 넥워머 바라클라바 겨울 목토시 자전거 방한마스크 멀티스카프 털모자,http://www.11st.co.kr/product/SellerProductDetail.tmall?method=getSellerProductDetail&prdNo=1171528780
D***,201909**,F,2,"학생 (초중고학생, 대학생, 대학원생)",100만원 미만,아니오,          ,오피스텔,전북,전주시 완산구,효자동3가,LG,KT,자전거,튜닝용품,후미등,누빔멀티 라이트 NB-600 자전거 후미등 방향지시등,http://www.11st.co.kr/product/SellerProductDetail.tmall?method=getSellerProductDetail&prdNo=115116197
D***,201909**,M,5,"관리직 (사장, 간부, 고위공무원)",400~499만원,예    ,자녀 있음 ,오피스텔,경기,구리시,교문1동,LG,SKT,레저/자동차,자전거/용품,자전거,[스마트]삼천리/스마트 접이식자전거 미니벨로 4종,http://item.gmarket.co.kr/Item?goodscode=1278067146
D***,201909**,F,4,"주부 (전업주부, 파트타임 근무 주부)",100~199만원,예    ,자녀 있음 ,연립주택/ 다세대/ 빌라,울산,중구,동동,삼성,KT,레저/자동차,자전거/용품,자전거액세서리,AVVISO툴캡슐 자전거 거치대 공구함 케이스 툴부스,http://item.gmarket.co.kr/Item?goodscode=1129194351
D***9,201909**,M,2,"사무직 (일반사무직, 공무원, 직업군인)",200~299만원,      ,          ,아파트/ 주상복합,부산,동래구,명장2동,기타,알뜰폰(MVNO),자전거,자전거관리용품,튜브벨브/어댑터/노즐,호비던롭밸브셋트 무시고무 공기 주입을 하여도 바람이 샐경우 교체,http://www.11st.co.kr/product/SellerProductDetail.tmall?method=getSellerProductDetail&prdNo=1244185249
D***3,201909**,F,3,"사무직 (일반사무직, 공무원, 직업군인)",500~599만원,예    ,자녀 있음 ,아파트/ 주상복합,경기,구리시,인창동,LG,SKT,자전거/보드,자전거바구니/가방,크로스가방,엑스피크빅파우치 자전거 휴대폰파우치,http://item.gmarket.co.kr/Item?goodscode=1187012636
D***9,201909**,F,4,"사무직 (일반사무직, 공무원, 직업군인)",800~899만원,예    ,자녀 있음 ,아파트/ 주상복합,경기,광명시,철산3동,LG,LG U+,자전거,자전거신발/고글/헬멧,보호대,2+2이벤트/네파정품/탑쿨/슬레진저 쿨토시 팔토시,http://www.11st.co.kr/product/SellerProductDetail.tmall?method=getSellerProductDetail&prdNo=1282680743
D***7,201909**,M,2,"판매직 (상점점원, 보험설계사, 노점상)",100~199만원,아니오,          ,연립주택/ 다세대/ 빌라,서울,구로구,구로1동,삼성,KT,자전거,튜닝용품,후미등,문라이트크레센트/코멧/쉴드/디펜더/메테오/ 자전거라이트 자전거후미등,http://www.11st.co.kr/product/SellerProductDetail.tmall?method=getSellerProductDetail&prdNo=1086040122
D***7,201909**,M,5,"자영업 (도소매업, 숙박업, 미용업)",700~799만원,예    ,자녀 있음 ,오피스텔,경기,안산시 단원구,고잔동,삼성,LG U+,레저/자동차,자전거/용품,헬멧/보호장비,자전거헬멧/자전거용품/큰/삼천리헬멧/성인/아동헬멧,http://www.11st.co.kr/product/SellerProductDetail.tmall?method=getSellerProductDetail&prdNo=1044088173
D***,201909**,M,3,"사무직 (일반사무직, 공무원, 직업군인)",200~299만원,      ,          ,아파트/ 주상복합,전북,군산시,수송동,삼성,SKT,자전거,자전거신발/고글/헬멧,보호대,[성인보호대 세트] 에어워크 보호대 손목_무릎_팔꿈치,http://www.11st.co.kr/product/SellerProductDetail.tmall?method=getSellerProductDetail&prdNo=1112671449
D***,201909**,F,4,"사무직 (일반사무직, 공무원, 직업군인)",300~399만원,예    ,자녀 있음 ,아파트/ 주상복합,대전,유성구,지족동,삼성,LG U+,자전거,자전거관리용품,에어펌프(발펌프),국산삼흥 발펌프 공기주입기 손펌프 에어펌프 자전거펌프 공 오토바이 바이크 휴대용 쌍발펌프 튜브 스포,http://www.11st.co.kr/product/SellerProductDetail.tmall?method=getSellerProductDetail&prdNo=1105695651
D***,201909**,M,3,"사무직 (일반사무직, 공무원, 직업군인)",200~299만원,      ,          ,아파트/ 주상복합,서울,구로구,온수동,삼성,SKT,레저/자동차,자전거/용품,자전거의류/잡화,머스타시벌룬 기모마스크 MHM-10/방한/보드마스크,http://www.11st.co.kr/product/SellerProductDetail.tmall?method=getSellerProductDetail&prdNo=1187564080
D***7,201909**,M,5,"사무직 (일반사무직, 공무원, 직업군인)",200~299만원,      ,          ,아파트/ 주상복합,서울,강남구,역삼동,삼성,SKT,레저/자동차,자전거/용품,자전거의류/잡화,"하이맥스매쉬 긴장갑 -  봄,여름,가을 장갑",http://www.11st.co.kr/product/SellerProductDetail.tmall?method=getSellerProductDetail&prdNo=1210492663
D***0,201909**,F,2,"학생 (초중고학생, 대학생, 대학원생)",200~299만원,아니오,          ,아파트/ 주상복합,대전,동구,가오동,삼성,SKT,자전거,자전거신발/고글/헬멧,보호대,특가쿨토시 1+1 (2세트) /토시/아동쿨토시/팔토시,http://www.11st.co.kr/product/SellerProductDetail.tmall?method=getSellerProductDetail&prdNo=1291753831
D***6,201909**,M,2,"사무직 (일반사무직, 공무원, 직업군인)",200~299만원,      ,          ,아파트/ 주상복합,경남,김해시,삼방동,삼성,SKT,레저/자동차,자전거/용품,자전거액세서리,AVVISO툴캡슐 자전거 거치대 공구함 케이스 툴부스,http://item.gmarket.co.kr/Item?goodscode=1129194351
D***9,201909**,M,3,"전문직 (의사, 판검사, 예술가, 종교인)",500~599만원,예    ,자녀 있음 ,아파트/ 주상복합,인천,남동구,만수동,삼성,LG U+,자전거,자전거신발/고글/헬멧,장갑,윈드스토퍼스마트터치 겨울 방한장갑 네오프렌 방풍,http://www.11st.co.kr/product/SellerProductDetail.tmall?method=getSellerProductDetail&prdNo=1050935353
D***8,201909**,F,2,"사무직 (일반사무직, 공무원, 직업군인)",200~299만원,      ,          ,아파트/ 주상복합,경기,파주시,광탄면,삼성,SKT,자전거,자전거신발/고글/헬멧,보호대,무료배송.국산쿨토시.팔토시.냉감토시.쿨마스크.아동,http://www.11st.co.kr/product/SellerProductDetail.tmall?method=getSellerProductDetail&prdNo=1249823887
D***1,201909**,M,3,"사무직 (일반사무직, 공무원, 직업군인)",200~299만원,      ,          ,아파트/ 주상복합,서울,구로구,개봉1동,삼성,SKT,자전거,자전거부품,안장,유아안장/짐받이장착/핸들바장착/목받이유아안장/자전거안장,http://www.11st.co.kr/product/SellerProductDetail.tmall?method=getSellerProductDetail&prdNo=1275573892
D***0,201909**,M,2,"사무직 (일반사무직, 공무원, 직업군인)",200~299만원,      ,          ,아파트/ 주상복합,경남,진주시,평거동,삼성,SKT,자전거/보드,자전거액세서리,자전거커버,스타시빅C-01 옥스포드 210D 자전거 커버,http://item.gmarket.co.kr/Item?goodscode=1266415303
D***,201909**,M,2,"사무직 (일반사무직, 공무원, 직업군인)",200~299만원,      ,          ,아파트/ 주상복합,서울,성동구,금호동4가,삼성,SKT,레저/자동차,자전거/용품,자전거액세서리,스나이퍼코리아블랙울프 18650배터리 충전기모음,http://www.11st.co.kr/product/SellerProductDetail.tmall?method=getSellerProductDetail&prdNo=1272010256
D***,201909**,F,2,"학생 (초중고학생, 대학생, 대학원생)",100만원 미만,아니오,          ,연립주택/ 다세대/ 빌라,서울,성북구,안암동5가,LG,KT,레저/자동차,자전거/용품,자전거,[삼천리]접이식여성자전거/미니벨로 바구니 자전거,http://www.11st.co.kr/product/SellerProductDetail.tmall?method=getSellerProductDetail&prdNo=1013926352
D***9,201909**,M,2,"사무직 (일반사무직, 공무원, 직업군인)",200~299만원,      ,          ,아파트/ 주상복합,부산,동래구,명장2동,기타,알뜰폰(MVNO),자전거,자전거,MTB,삼천리자전거팀60D MTB자전거 24단 알루미늄자전거,http://www.11st.co.kr/product/SellerProductDetail.tmall?method=getSellerProductDetail&prdNo=1230896068
D***9,201909**,M,4,"사무직 (일반사무직, 공무원, 직업군인)",400~499만원,예    ,자녀 있음 ,연립주택/ 다세대/ 빌라,서울,관악구,보라매동,LG,LG U+,레저/자동차,자전거/용품,자전거,알톤베네통BKS18/16 어린이자전거 삼천리 아동자전거,http://www.11st.co.kr/product/SellerProductDetail.tmall?method=getSellerProductDetail&prdNo=1215156477
D***0,201909**,M,4,"서비스직 (요식업, 숙박업, 미용실종업원)",200~299만원,예    ,자녀 있음 ,아파트/ 주상복합,전북,완주군,이서면,삼성,SKT,캠핑/골프/헬스/자전거,자전거의류/용품,신발,뉴발란스CRT300 스니커즈 운동화 (CRT300CA),http://www.hnsmall.com/display/goods.do?goods_code=12922166
D***5,201909**,M,3,기타 ,200~299만원,아니오,          ,연립주택/ 다세대/ 빌라,대전,서구,용문동,삼성,알뜰폰(MVNO),자전거,자전거신발/고글/헬멧,헬멧,[HJC]X5(EVO)블랙스카이 / 자전거 헬멧 / 240g대 초,http://www.11st.co.kr/product/SellerProductDetail.tmall?method=getSellerProductDetail&prdNo=1040086015
D***,201909**,F,3,"사무직 (일반사무직, 공무원, 직업군인)",200~299만원,      ,          ,아파트/ 주상복합,대구,남구,봉덕1동,삼성,SKT,레저/자동차,자전거/용품,자전거의류/잡화,DBIKE디빅 투라인 집게 후미등,http://item.gmarket.co.kr/Item?goodscode=1205206386
D***,201909**,F,2,"학생 (초중고학생, 대학생, 대학원생)",100만원 미만,아니오,          ,오피스텔,전북,전주시 완산구,효자동3가,LG,KT,레저/자동차,자전거/용품,자전거액세서리,스나이퍼코리아블랙울프 18650배터리 충전기모음,http://www.11st.co.kr/product/SellerProductDetail.tmall?method=getSellerProductDetail&prdNo=1272010256
D***,201909**,F,3,"사무직 (일반사무직, 공무원, 직업군인)",200~299만원,      ,          ,아파트/ 주상복합,대전,유성구,죽동,삼성,SKT,자전거,튜닝용품,전시스탠드,KT05 자전거킥스탠드 자전거받침대 자전거용품,http://www.11st.co.kr/product/SellerProductDetail.tmall?method=getSellerProductDetail&prdNo=1058282299
D***,201909**,M,5,"사무직 (일반사무직, 공무원, 직업군인)",200~299만원,      ,          ,아파트/ 주상복합,서울,노원구,공릉1.3동,삼성,SKT,레저/자동차,자전거/용품,자전거액세서리,유아안장자전거유아안장 후방유아안장 아동보조안장,http://www.11st.co.kr/product/SellerProductDetail.tmall?method=getSellerProductDetail&prdNo=124136733
D***0,201909**,F,3,"주부 (전업주부, 파트타임 근무 주부)","1,000만원 이상",예    ,자녀 있음 ,아파트/ 주상복합,서울,광진구,자양2동,애플,LG U+,유아동,유아동완구/교구,승용완구,ZOKO조코유아동 체인자전거9종(3세~7세사용)+컵홀더,http://item.gmarket.co.kr/Item?goodscode=1109676457
D***4,201909**,F,3,"판매직 (상점점원, 보험설계사, 노점상)",400~499만원,예    ,자녀 있음 ,아파트/ 주상복합,경기,수원시 권선구,호매실동,삼성,SKT,레저/자동차,자전거/용품,자전거액세서리,▶빔라이트충전식 자전거 후미등┃자전거용품┃레저용품┃자전거악세사리┃자전거라이트┃후미등┃,http://www.11st.co.kr/product/SellerProductDetail.tmall?method=getSellerProductDetail&prdNo=1246317584
D***4,201909**,M,2,"사무직 (일반사무직, 공무원, 직업군인)",200~299만원,      ,          ,아파트/ 주상복합,경기,안양시 동안구,호계3동,삼성,SKT,자전거,자전거관리용품,에어펌프(발펌프),국산삼흥 발펌프 공기주입기 손펌프 에어펌프 자전거,http://www.11st.co.kr/product/SellerProductDetail.tmall?method=getSellerProductDetail&prdNo=1105695651
D***9,201909**,M,4,기타 ,500~599만원,예    ,자녀 있음 ,아파트/ 주상복합,울산,울주군,언양읍,삼성,SKT,자전거,자전거,로드자전거,2019첼로 테라 신형105 카본포크 로드자전거,http://www.11st.co.kr/product/SellerProductDetail.tmall?method=getSellerProductDetail&prdNo=1074638903
D***6,201909**,F,3,"주부 (전업주부, 파트타임 근무 주부)",200~299만원,예    ,자녀 있음 ,아파트/ 주상복합,경기,성남시 분당구,분당동,애플,KT,자전거,자전거신발/고글/헬멧,장갑,자전거방한토시 바이크 핸들덮개 방한커버 손토시,http://www.11st.co.kr/product/SellerProductDetail.tmall?method=getSellerProductDetail&prdNo=1164858474
D***,201909**,M,3,"사무직 (일반사무직, 공무원, 직업군인)",400~499만원,예    ,자녀 있음 ,아파트/ 주상복합,대구,달성군,화원읍,기타,알뜰폰(MVNO),자전거,자전거,MTB,GIFT2016 엘파마 판타시아 S7 S675 카본 MTB 자전거,http://www.11st.co.kr/product/SellerProductDetail.tmall?method=getSellerProductDetail&prdNo=1043875589
D***,201909**,F,2,"사무직 (일반사무직, 공무원, 직업군인)","1,000만원 이상",아니오,          ,아파트/ 주상복합,대전,유성구,봉명동,애플,SKT,레저/자동차,자전거/용품,자전거액세서리,완전사2017년 신형 KSM400-3 SE 연납축전지 12V/,http://www.11st.co.kr/product/SellerProductDetail.tmall?method=getSellerProductDetail&prdNo=1150653630
D***,201909**,M,5,"관리직 (사장, 간부, 고위공무원)",600~699만원,예    ,자녀 있음 ,아파트/ 주상복합,충남,천안시 서북구,쌍용2동,LG,KT,자전거,자전거신발/고글/헬멧,보호대,무료배송.국산쿨토시.팔토시.냉감토시.쿨마스크.아동,http://www.11st.co.kr/product/SellerProductDetail.tmall?method=getSellerProductDetail&prdNo=1249823887
D***,201909**,F,5,"사무직 (일반사무직, 공무원, 직업군인)",200~299만원,      ,          ,아파트/ 주상복합,서울,동대문구,답십리동,삼성,SKT,레저/자동차,자전거/용품,자전거타이어/부품,삼천리알루미늄 핸드펌프  - 자전거 다용도 튜브 펌프 공기주입기,http://www.11st.co.kr/product/SellerProductDetail.tmall?method=getSellerProductDetail&prdNo=1218187968
D***,201909**,F,3,"사무직 (일반사무직, 공무원, 직업군인)",900~999만원,아니오,          ,아파트/ 주상복합,인천,남동구,간석4동,삼성,SKT,레저/자동차,자전거/용품,자전거의류/잡화,사은품증정나루 마스크 자전거 자외선차단 등산 골프 바라클라바 버프 겨울 방한 넥워머 복면  오토바이,http://www.11st.co.kr/product/SellerProductDetail.tmall?method=getSellerProductDetail&prdNo=1070268365
D***,201909**,F,2,"사무직 (일반사무직, 공무원, 직업군인)",200~299만원,      ,          ,아파트/ 주상복합,경기,남양주시,오남읍,삼성,SKT,자전거,자전거신발/고글/헬멧,장갑,[MTB자전거장갑]라이딩장갑/여름장갑/반장갑,http://www.11st.co.kr/product/SellerProductDetail.tmall?method=getSellerProductDetail&prdNo=1274156192
D***9,201909**,F,4,"주부 (전업주부, 파트타임 근무 주부)",700~799만원,예    ,자녀 있음 ,아파트/ 주상복합,경기,성남시 분당구,금곡동,애플,SKT,자전거,자전거신발/고글/헬멧,장갑,자전거방한토시 바이크 핸들덮개 방한커버 손토시,http://www.11st.co.kr/product/SellerProductDetail.tmall?method=getSellerProductDetail&prdNo=1164858474
D***4,201909**,M,3,"전문직 (의사, 판검사, 예술가, 종교인)",400~499만원,아니오,          ,연립주택/ 다세대/ 빌라,경기,부천시 소사구,괴안동,애플,LG U+,자전거,자전거,MTB,프로메이드풀서스펜션 24인치 MTB자전거 아스톤힐DS,http://www.11st.co.kr/product/SellerProductDetail.tmall?method=getSellerProductDetail&prdNo=1190027550
D***0,201909**,F,2,"사무직 (일반사무직, 공무원, 직업군인)",200~299만원,아니오,          ,연립주택/ 다세대/ 빌라,서울,강동구,성내2동,삼성,LG U+,자전거,자전거신발/고글/헬멧,보호대,(가온들)나스카/쿨토시/기능성팔토시/스포츠골프토시,http://www.11st.co.kr/product/SellerProductDetail.tmall?method=getSellerProductDetail&prdNo=11387459
D***6,201909**,M,5,"사무직 (일반사무직, 공무원, 직업군인)",200~299만원,      ,          ,아파트/ 주상복합,서울,송파구,잠실동,삼성,SKT,캠핑/골프/헬스/자전거,자전거의류/용품,신발,뉴발란스CRT300 스니커즈 운동화 (CRT300CA),http://www.hnsmall.com/display/goods.do?goods_code=12922166
D***6,201909**,M,2,"사무직 (일반사무직, 공무원, 직업군인)",200~299만원,      ,          ,아파트/ 주상복합,서울,도봉구,창5동,삼성,SKT,레저/자동차,자전거/용품,헬멧/보호장비,GAIUS어반헬멧 킥보드헬멧 성인 청소년헬멧,http://www.11st.co.kr/product/SellerProductDetail.tmall?method=getSellerProductDetail&prdNo=1036710596
D***0,201909**,M,4,"판매직 (상점점원, 보험설계사, 노점상)",200~299만원,예    ,자녀 없음 ,연립주택/ 다세대/ 빌라,경기,시흥시,정왕동,삼성,LG U+,자전거/보드,자전거타이어/부품,자전거타이어,자전거휠라이트 반사 스트로우 바퀴 야간 안전 야광,http://item.gmarket.co.kr/Item?goodscode=1184423428
D***8,201909**,M,3,"생산/노무직 (생산감독, 경비원, 공장근로자)",100~199만원,아니오,          ,아파트/ 주상복합,전북,전주시 덕진구,송천동2가,애플,SKT,자전거,자전거부품,브레이크레버,브레이크레버/아동용/성인용/알로이브레이크레버/자전거부품/자전거브레이크레버,http://www.11st.co.kr/product/SellerProductDetail.tmall?method=getSellerProductDetail&prdNo=1280791866
D***2,201909**,M,4,"사무직 (일반사무직, 공무원, 직업군인)",400~499만원,예    ,자녀 있음 ,아파트/ 주상복합,경기,구리시,인창동,삼성,KT,자전거,자전거관리용품,에어펌프(발펌프),GIYO지요 GF-56GTB ULTRA 자전거펌프 공기배출기능,http://www.11st.co.kr/product/SellerProductDetail.tmall?method=getSellerProductDetail&prdNo=1147853726
D***,201909**,F,2,"사무직 (일반사무직, 공무원, 직업군인)",200~299만원,      ,          ,아파트/ 주상복합,서울,동작구,상도1동,삼성,SKT,자전거,자전거신발/고글/헬멧,보호대,나스카썬블럭 쿨토시/네이비/팔토시/자외선차단/스포츠/골프/등산/자전거/테니스/암슬리브/운전,http://www.11st.co.kr/product/SellerProductDetail.tmall?method=getSellerProductDetail&prdNo=1274967893
D***,201909**,F,2,"사무직 (일반사무직, 공무원, 직업군인)",200~299만원,      ,          ,아파트/ 주상복합,대전,대덕구,석봉동,삼성,SKT,레저/자동차,자전거/용품,자전거액세서리,(자전거용품.부품모음)자물쇠라이트펌프바구니짐받이안장가방헬멧보호대후미등페달보조바퀴벨전조등거치대,http://www.11st.co.kr/product/SellerProductDetail.tmall?method=getSellerProductDetail&prdNo=1258567584
D***,201909**,F,3,"사무직 (일반사무직, 공무원, 직업군인)",200~299만원,      ,          ,아파트/ 주상복합,경기,고양시 일산동구,문봉동,삼성,SKT,자전거/보드,일반자전거,외발/삼륜/2인용,절대터지지않는알로이 컨츄리 성인 세발자전거 삼륜,http://item.gmarket.co.kr/Item?goodscode=1201833484
D***,201909**,F,5,"사무직 (일반사무직, 공무원, 직업군인)",200~299만원,      ,          ,아파트/ 주상복합,인천,계양구,박촌동,삼성,SKT,자전거/보드,자전거타이어/부품,자전거튜브,[흥아]흥아 700C x 23/25C 프레스타 80mm 자전거튜브 로드,http://item.gmarket.co.kr/Item?goodscode=1287261891
D***7,201909**,F,3,"교직 (교사, 유치원교사, 학원강사)",300~399만원,예    ,자녀 없음 ,아파트/ 주상복합,강원,고성군,간성읍,삼성,KT,레저/자동차,자전거/용품,자전거액세서리,[VELO]VL3147전립선안장 - MTB 로드 싸이클 자전거 전립선 벨로 쿠션안장,http://www.11st.co.kr/product/SellerProductDetail.tmall?method=getSellerProductDetail&prdNo=1099006895
D***2,201909**,M,2,무직,100~199만원,아니오,          ,연립주택/ 다세대/ 빌라,서울,은평구,녹번동,삼성,SKT,레저/자동차,자전거/용품,자전거의류/잡화,[PUMA]푸마 여성 더블 스트레치 기모 본딩 팬츠 3종세트 GFYYFG22,http://www.hnsmall.com/display/goods.do?goods_code=12835199
D***4,201909**,M,3,"사무직 (일반사무직, 공무원, 직업군인)",200~299만원,      ,          ,아파트/ 주상복합,경남,사천시,사천읍,삼성,SKT,레저/자동차,자전거/용품,헬멧/보호장비,자전거헬멧/자전거용품/큰/삼천리헬멧/성인/아동헬멧,http://www.11st.co.kr/product/SellerProductDetail.tmall?method=getSellerProductDetail&prdNo=1044088173
D***5,201909**,M,5,"사무직 (일반사무직, 공무원, 직업군인)",200~299만원,      ,          ,아파트/ 주상복합,경기,평택시,비전1동,삼성,SKT,레저/자동차,자전거/용품,헬멧/보호장비,GIFT삼천리 헬멧 SH330S 선바이저 자전거용품 인라인,http://www.11st.co.kr/product/SellerProductDetail.tmall?method=getSellerProductDetail&prdNo=115415058
D***1,201909**,F,5,"사무직 (일반사무직, 공무원, 직업군인)",200~299만원,      ,          ,아파트/ 주상복합,서울,은평구,진관동,삼성,SKT,자전거,자전거,MTB,프로메이드풀서스펜션 24인치 MTB자전거 아스톤힐DS,http://www.11st.co.kr/product/SellerProductDetail.tmall?method=getSellerProductDetail&prdNo=1190027550
D***0,201909**,F,3,"교직 (교사, 유치원교사, 학원강사)",200~299만원,예    ,자녀 없음 ,아파트/ 주상복합,경남,양산시,교동,애플,SKT,레저/자동차,자전거/용품,자전거,지멘스여성용 부인용 자전거 클래식 24 26인치,http://item.gmarket.co.kr/Item?goodscode=1110235162
D***0,201909**,M,3,"사무직 (일반사무직, 공무원, 직업군인)",600~699만원,예    ,자녀 있음 ,아파트/ 주상복합,서울,강서구,등촌동,LG,LG U+,레저/자동차,자전거/용품,자전거액세서리,로드MTB 충전식 자전거라이트 용품 18650 배터리,http://www.11st.co.kr/product/SellerProductDetail.tmall?method=getSellerProductDetail&prdNo=1004933124
D***2,201909**,M,3,무직,100~199만원,아니오,          ,기타 ,경기,안양시 동안구,갈산동,삼성,알뜰폰(MVNO),레저/자동차,자전거/용품,자전거액세서리,로드MTB 충전식 자전거라이트 용품 18650 배터리,http://www.11st.co.kr/product/SellerProductDetail.tmall?method=getSellerProductDetail&prdNo=1004933124
D***,201909**,F,2,"사무직 (일반사무직, 공무원, 직업군인)",200~299만원,      ,          ,아파트/ 주상복합,경기,용인시 처인구,백암면,삼성,SKT,자전거,자전거관리용품,에어펌프(발펌프),국산삼흥 발펌프 공기주입기 손펌프 에어펌프 자전거펌프 공 오토바이 바이크 휴대용 쌍발펌프 튜브 스포,http://www.11st.co.kr/product/SellerProductDetail.tmall?method=getSellerProductDetail&prdNo=1105695651
D***,201909**,M,5,"관리직 (사장, 간부, 고위공무원)",600~699만원,예    ,자녀 있음 ,아파트/ 주상복합,충남,천안시 서북구,쌍용2동,LG,KT,레저/자동차,자전거/용품,자전거의류/잡화,극세사기모 방한 넥워머 바라클라바 겨울 목토시 자전거 방한마스크 멀티스카프 털모자,http://www.11st.co.kr/product/SellerProductDetail.tmall?method=getSellerProductDetail&prdNo=1171528780
D***,201909**,M,4,"사무직 (일반사무직, 공무원, 직업군인)",600~699만원,예    ,자녀 있음 ,아파트/ 주상복합,서울,강남구,개포동,삼성,SKT,레저/자동차,자전거/용품,자전거,미키키즈로드스터 미니 18유니키즈FA 어린이자전거,http://www.11st.co.kr/product/SellerProductDetail.tmall?method=getSellerProductDetail&prdNo=1067685984
D***,201909**,M,3,"사무직 (일반사무직, 공무원, 직업군인)",200~299만원,      ,          ,아파트/ 주상복합,경기,광주시,오포읍,삼성,SKT,레저/자동차,자전거/용품,자전거의류/잡화,쿨마스크멀티스카프 자외선차단마스크 자전거마스크,http://www.11st.co.kr/product/SellerProductDetail.tmall?method=getSellerProductDetail&prdNo=1042041108
D***,201909**,M,3,"사무직 (일반사무직, 공무원, 직업군인)",200~299만원,      ,          ,아파트/ 주상복합,경기,군포시,부곡동,삼성,SKT,자전거,자전거신발/고글/헬멧,장갑,[MTB자전거장갑]라이딩장갑/여름장갑/반장갑,http://www.11st.co.kr/product/SellerProductDetail.tmall?method=getSellerProductDetail&prdNo=1274156192
D***,201909**,F,5,"사무직 (일반사무직, 공무원, 직업군인)",200~299만원,      ,          ,아파트/ 주상복합,서울,송파구,석촌동,삼성,SKT,자전거,튜닝용품,후미등,누빔멀티 라이트 NB-600 자전거 후미등 방향지시등,http://www.11st.co.kr/product/SellerProductDetail.tmall?method=getSellerProductDetail&prdNo=115116197
D***9,201909**,F,5,"주부 (전업주부, 파트타임 근무 주부)",800~899만원,예    ,자녀 있음 ,아파트/ 주상복합,서울,강남구,대치4동,삼성,SKT,자전거,튜닝용품,트레일러,알톤키즈 트레일러/자전거/캐리어/손잡이/보조바퀴,http://www.11st.co.kr/product/SellerProductDetail.tmall?method=getSellerProductDetail&prdNo=1249445352
D***1,201909**,F,5,"사무직 (일반사무직, 공무원, 직업군인)",200~299만원,      ,          ,아파트/ 주상복합,부산,부산진구,범천4동,삼성,SKT,레저/자동차,자전거/용품,자전거,알톤베네통키드자전거/아동/알루미늄/고급어린이네발,http://www.11st.co.kr/product/SellerProductDetail.tmall?method=getSellerProductDetail&prdNo=1160671411
D***0,201909**,F,4,"학생 (초중고학생, 대학생, 대학원생)",200~299만원,아니오,          ,아파트/ 주상복합,경기,고양시 덕양구,관산동,삼성,LG U+,자전거,자전거,로드자전거,2019첼로 테라 신형105 카본포크 로드자전거,http://www.11st.co.kr/product/SellerProductDetail.tmall?method=getSellerProductDetail&prdNo=1074638903
D***2,201909**,M,2,"사무직 (일반사무직, 공무원, 직업군인)",200~299만원,      ,          ,아파트/ 주상복합,경남,진주시,하대2동,삼성,SKT,자전거/보드,일반자전거,외발/삼륜/2인용,[지오닉스]자이덴 나누미 20(50cm) 6단 성인용 세발자전거,http://item.gmarket.co.kr/Item?goodscode=1111789839
D***0,201909**,M,3,"사무직 (일반사무직, 공무원, 직업군인)",200~299만원,      ,          ,아파트/ 주상복합,서울,강남구,일원1동,삼성,SKT,자전거,튜닝용품,전시스탠드,포인트배너실외용거치대 양면겸용 홍보 이벤트,http://www.11st.co.kr/product/SellerProductDetail.tmall?method=getSellerProductDetail&prdNo=1236804619
D***7,201909**,F,5,"주부 (전업주부, 파트타임 근무 주부)",500~599만원,예    ,자녀 있음 ,연립주택/ 다세대/ 빌라,서울,은평구,갈현동,LG,LG U+,자전거/보드,자전거액세서리,자전거스마트폰거치대,4방향완벽고정 자전거 스마트폰 거치대 (블랙),http://item.gmarket.co.kr/Item?goodscode=1235492029
D***4,201909**,F,4,"주부 (전업주부, 파트타임 근무 주부)",400~499만원,예    ,자녀 있음 ,아파트/ 주상복합,경기,용인시 기흥구,서천동,삼성,SKT,자전거,자전거신발/고글/헬멧,헬멧,아동용자전거헬멧아동보호대 킥보드 인라인헬멧,http://www.11st.co.kr/product/SellerProductDetail.tmall?method=getSellerProductDetail&prdNo=1051520039
D***6,201909**,F,3,"관리직 (사장, 간부, 고위공무원)","1,000만원 이상",예    ,자녀 있음 ,아파트/ 주상복합,경기,수원시 영통구,이의동,애플,SKT,레저/자동차,자전거/용품,자전거의류/잡화,마스크/귀마개/멀티워머/넥워머/자전거/검정마스크,http://www.11st.co.kr/product/SellerProductDetail.tmall?method=getSellerProductDetail&prdNo=1167152971
D***,201909**,F,2,"사무직 (일반사무직, 공무원, 직업군인)",200~299만원,      ,          ,아파트/ 주상복합,울산,남구,야음동,삼성,SKT,자전거,튜닝용품,트레일러,알톤키즈 트레일러/자전거/캐리어/손잡이/보조바퀴,http://www.11st.co.kr/product/SellerProductDetail.tmall?method=getSellerProductDetail&prdNo=1249445352
D***,201909**,M,5,"사무직 (일반사무직, 공무원, 직업군인)",200~299만원,      ,          ,아파트/ 주상복합,서울,양천구,신월6동,삼성,SKT,자전거/보드,자전거액세서리,자전거커버,스타시빅C-01 옥스포드 210D 자전거 커버,http://item.gmarket.co.kr/Item?goodscode=1266415303
D***,201909**,F,5,"사무직 (일반사무직, 공무원, 직업군인)",200~299만원,      ,          ,아파트/ 주상복합,경기,군포시,오금동,삼성,SKT,자전거/보드,자전거액세서리,자전거스마트폰거치대,4방향완벽고정 자전거 스마트폰 거치대 (블랙),http://item.gmarket.co.kr/Item?goodscode=1235492029
D***4,201909**,F,3,"사무직 (일반사무직, 공무원, 직업군인)",200~299만원,아니오,          ,연립주택/ 다세대/ 빌라,경기,수원시 팔달구,화서2동,삼성,LG U+,자전거,자전거부품,안장,[참좋은바이크]삼천리아동용안장모음/하이킥/프린세스/키즈바이크/디즈니/유아동/어린이/푹신한안장,http://www.11st.co.kr/product/SellerProductDetail.tmall?method=getSellerProductDetail&prdNo=1205141789
D***1,201909**,F,2,"교직 (교사, 유치원교사, 학원강사)",700~799만원,아니오,          ,아파트/ 주상복합,대구,달성군,다사읍,삼성,KT,유아동,유아동완구/교구,승용완구,[삼천리자전거]GIFT 2018 삼천리 샘트라이크 800+ 유모차 세발자전거,http://item.gmarket.co.kr/Item?goodscode=1266671892
D***5,201909**,M,3,기타 ,200~299만원,아니오,          ,아파트/ 주상복합,경기,구리시,인창동,삼성,KT,레저/자동차,자전거/용품,자전거액세서리,블랙울프미니줌 줌라이트 LED랜턴 후레쉬 자전거용품,http://www.11st.co.kr/product/SellerProductDetail.tmall?method=getSellerProductDetail&prdNo=1182033172
D***0,201909**,M,3,"사무직 (일반사무직, 공무원, 직업군인)",200~299만원,      ,          ,아파트/ 주상복합,서울,강남구,일원1동,삼성,SKT,자전거,자전거,MTB,프로메이드풀서스펜션 24인치 MTB자전거 아스톤힐DS,http://www.11st.co.kr/product/SellerProductDetail.tmall?method=getSellerProductDetail&prdNo=1190027550
D***6,201909**,M,3,"관리직 (사장, 간부, 고위공무원)",300~399만원,아니오,          ,아파트/ 주상복합,충남,아산시,탕정면,LG,SKT,레저/자동차,자전거/용품,자전거액세서리,카멜백포디엄 칠리 610ml 자전거물통 보냉 물병,http://www.11st.co.kr/product/SellerProductDetail.tmall?method=getSellerProductDetail&prdNo=1019561002
D***1,201909**,M,4,"관리직 (사장, 간부, 고위공무원)",300~399만원,예    ,자녀 있음 ,아파트/ 주상복합,경북,칠곡군,석적읍,삼성,SKT,자전거,자전거,사이클,[쿠베로]에어리아2.0신형소라18 무료조립+최강사은품 NEW SORA 18,http://www.11st.co.kr/product/SellerProductDetail.tmall?method=getSellerProductDetail&prdNo=1224036819
D***,201909**,M,5,"사무직 (일반사무직, 공무원, 직업군인)",200~299만원,      ,          ,아파트/ 주상복합,경기,화성시,반송동,삼성,SKT,자전거,자전거,사이클,[HK]예거메티1디스크 로드자전거 카본포크 소라,http://www.11st.co.kr/product/SellerProductDetail.tmall?method=getSellerProductDetail&prdNo=1075538001
D***,201909**,M,4,"사무직 (일반사무직, 공무원, 직업군인)",200~299만원,      ,          ,아파트/ 주상복합,서울,강남구,대치동,삼성,SKT,레저/자동차,자전거/용품,자전거,[삼천리자전거]하로GS20 7단 접이식자전거  어린이/여성 폴딩자전거,http://item.gmarket.co.kr/Item?goodscode=1201466217
D***,201909**,M,2,"사무직 (일반사무직, 공무원, 직업군인)",200~299만원,      ,          ,아파트/ 주상복합,경남,창원시 마산합포구,상남동,삼성,SKT,자전거,튜닝용품,흙받이,자전거흙받이(한세트)삼천리자전거 레스포정품/흙튀김방지 물받이/선택,http://www.11st.co.kr/product/SellerProductDetail.tmall?method=getSellerProductDetail&prdNo=12932278
D***,201909**,F,2,"사무직 (일반사무직, 공무원, 직업군인)",200~299만원,      ,          ,아파트/ 주상복합,경기,안양시 동안구,호계2동,삼성,SKT,자전거,튜닝용품,후미등,자전거후미등2구 실리콘 후미등 LED비상등 안전등 야간 라이딩 유모차 오토바이 3가지 모드,http://www.11st.co.kr/product/SellerProductDetail.tmall?method=getSellerProductDetail&prdNo=1253472408
D***,201909**,M,4,"사무직 (일반사무직, 공무원, 직업군인)",200~299만원,      ,          ,아파트/ 주상복합,경남,창원시 의창구,용호동,삼성,SKT,자전거,자전거부품,튜브,[FNS]즈와유무시고무 없는 던롭밸브 세트/던롭튜브,http://www.11st.co.kr/product/SellerProductDetail.tmall?method=getSellerProductDetail&prdNo=1217450472
D***,201909**,F,5,"자영업 (도소매업, 숙박업, 미용업)",700~799만원,예    ,자녀 있음 ,연립주택/ 다세대/ 빌라,강원,원주시,단계동,LG,LG U+,자전거,자전거관리용품,펑크패치,구멍패치/번개표/자전거보수/타이어보수/빵꾸딱지/빵구패치/자전거정비/땜질/공구장터,http://www.11st.co.kr/product/SellerProductDetail.tmall?method=getSellerProductDetail&prdNo=1046577201
D***,201909**,M,4,"사무직 (일반사무직, 공무원, 직업군인)",200~299만원,      ,          ,아파트/ 주상복합,경기,성남시 분당구,서현동,삼성,SKT,레저/자동차,자전거/용품,자전거액세서리,(자전거용품.부품모음)자물쇠라이트펌프바구니짐받이안장가방헬멧보호대후미등페달보조바퀴벨전조등거치대,http://www.11st.co.kr/product/SellerProductDetail.tmall?method=getSellerProductDetail&prdNo=1258567584
D***,201909**,M,2,"사무직 (일반사무직, 공무원, 직업군인)",200~299만원,      ,          ,아파트/ 주상복합,충북,청주시 흥덕구,수곡동,삼성,SKT,자전거,자전거부품,브레이크레버,브레이크레버/아동용/성인용/알로이브레이크레버/자전거부품/자전거브레이크레버,http://www.11st.co.kr/product/SellerProductDetail.tmall?method=getSellerProductDetail&prdNo=1280791866
D***7,201909**,F,4,"주부 (전업주부, 파트타임 근무 주부)",300~399만원,예    ,자녀 있음 ,아파트/ 주상복합,울산,울주군,온양읍,LG,SKT,레저/자동차,자전거/용품,자전거,지멘스여성용 부인용 자전거 클래식 24 26인치,http://item.gmarket.co.kr/Item?goodscode=1110235162
D***9,201909**,F,3,"교직 (교사, 유치원교사, 학원강사)",500~599만원,예    ,자녀 있음 ,아파트/ 주상복합,경남,창원시 마산합포구,산호동,삼성,LG U+,자전거,튜닝용품,흙받이,자전거흙받이(한세트)삼천리자전거 레스포정품/흙튀김방지 물받이/선택,http://www.11st.co.kr/product/SellerProductDetail.tmall?method=getSellerProductDetail&prdNo=12932278
D***5,201909**,M,4,"사무직 (일반사무직, 공무원, 직업군인)",200~299만원,      ,          ,아파트/ 주상복합,충북,청주시 상당구,용암2동,삼성,SKT,자전거/보드,자전거라이트,자전거라이트/전조등,지바코76L 폴딩 립스탑 멀티 백 캠핑가방 수납가방,http://item.gmarket.co.kr/Item?goodscode=1111364071
D***8,201909**,M,3,"생산/노무직 (생산감독, 경비원, 공장근로자)",800~899만원,아니오,          ,연립주택/ 다세대/ 빌라,서울,광진구,자양동,삼성,SKT,자전거,튜닝용품,전시스탠드,포인트배너실외용거치대 양면겸용 홍보 이벤트,http://www.11st.co.kr/product/SellerProductDetail.tmall?method=getSellerProductDetail&prdNo=1236804619
D***9,201909**,F,5,"사무직 (일반사무직, 공무원, 직업군인)",200~299만원,      ,          ,아파트/ 주상복합,충북,청주시 상당구,금천동,삼성,SKT,레저/자동차,자전거/용품,헬멧/보호장비,"Giro헬멧/Quarter 쿼터, 어번/더트 (6색상)",http://www.11st.co.kr/product/SellerProductDetail.tmall?method=getSellerProductDetail&prdNo=1230444459
D***7,201909**,M,3,"사무직 (일반사무직, 공무원, 직업군인)",800~899만원,예    ,자녀 있음 ,아파트/ 주상복합,서울,광진구,자양1동,애플,KT,자전거/보드,자전거라이트,자전거라이트/전조등,지바코76L 폴딩 립스탑 멀티 백 캠핑가방 수납가방,http://item.gmarket.co.kr/Item?goodscode=1111364071
D***2,201909**,M,5,"관리직 (사장, 간부, 고위공무원)",800~899만원,예    ,자녀 있음 ,아파트/ 주상복합,경기,광주시,탄벌동,삼성,KT,레저/자동차,자전거/용품,자전거,[21세기스쿠터]질주본능!21세기스쿠터/미드미 外 봄바람 일으키는 모빌리티 컬렉션,http://www.lotteimall.com/goods/viewGoodsDetail.lotte?goods_no=1154385444
D***4,201909**,F,4,"교직 (교사, 유치원교사, 학원강사)",300~399만원,예    ,자녀 있음 ,아파트/ 주상복합,부산,해운대구,우2동,애플,KT,자전거,튜닝용품,속도계,자전거무선속도계 엑스헌터 자전거속도계 자전거용품,http://www.11st.co.kr/product/SellerProductDetail.tmall?method=getSellerProductDetail&prdNo=1249839989
D***7,201909**,F,4,"주부 (전업주부, 파트타임 근무 주부)",400~499만원,예    ,자녀 있음 ,아파트/ 주상복합,서울,노원구,공릉2동,삼성,SKT,자전거,자전거신발/고글/헬멧,헬멧,코아브어반st 자전거 헬멧 성인용 용품 보드 인라인,http://www.11st.co.kr/product/SellerProductDetail.tmall?method=getSellerProductDetail&prdNo=1219634494
D***6,201909**,M,4,기타 ,200~299만원,아니오,          ,아파트/ 주상복합,서울,강남구,청담동,LG,알뜰폰(MVNO),레저/자동차,자전거/용품,헬멧/보호장비,자전거헬멧/자전거용품/큰/삼천리헬멧/성인/아동헬멧,http://www.11st.co.kr/product/SellerProductDetail.tmall?method=getSellerProductDetail&prdNo=1044088173
D***,201909**,M,4,"사무직 (일반사무직, 공무원, 직업군인)",700~799만원,예    ,자녀 있음 ,아파트/ 주상복합,서울,구로구,구로1동,삼성,LG U+,캠핑/골프/헬스/자전거,자전거의류/용품,기타용품,발목밴드,http://www.hnsmall.com/display/goods.do?goods_code=11522932
D***,201909**,M,3,"사무직 (일반사무직, 공무원, 직업군인)",200~299만원,      ,          ,아파트/ 주상복합,부산,금정구,구서2동,삼성,SKT,레저/자동차,자전거/용품,자전거액세서리,자전거휠 라이트 안전등  LED라이트 후미등,http://www.11st.co.kr/product/SellerProductDetail.tmall?method=getSellerProductDetail&prdNo=1076764951
D***5,201909**,M,4,"사무직 (일반사무직, 공무원, 직업군인)",200~299만원,      ,          ,아파트/ 주상복합,경기,부천시 원미구,중3동,삼성,SKT,자전거,자전거관리용품,에어펌프(발펌프),발펌프/튜브/휴대용/쌍발/자전거/공기주입기/에어펌프/타이어공기/축구공/농구공/바람넣기/외발/강력발펌프,http://www.11st.co.kr/product/SellerProductDetail.tmall?method=getSellerProductDetail&prdNo=1091662162
D***9,201909**,F,4,"교직 (교사, 유치원교사, 학원강사)",400~499만원,예    ,자녀 있음 ,아파트/ 주상복합,충북,청주시 흥덕구,봉명2동,삼성,LG U+,레저/자동차,자전거/용품,헬멧/보호장비,GAIUS어반헬멧 킥보드헬멧 성인 청소년헬멧,http://www.11st.co.kr/product/SellerProductDetail.tmall?method=getSellerProductDetail&prdNo=1036710596
D***3,201909**,M,2,"사무직 (일반사무직, 공무원, 직업군인)",200~299만원,      ,          ,아파트/ 주상복합,경기,수원시 영통구,하동,삼성,SKT,자전거,자전거부품,브레이크패드,BARADINE바라딘 450 로드용 브레이크슈 브레이크 슈패드 고무패드 자전거용품 부품,http://www.11st.co.kr/product/SellerProductDetail.tmall?method=getSellerProductDetail&prdNo=1073663674
D***9,201909**,M,3,"사무직 (일반사무직, 공무원, 직업군인)",400~499만원,예    ,자녀 있음 ,아파트/ 주상복합,인천,남구,용현5동,삼성,KT,자전거,자전거부품,핸들그립,Giant그립/Connect 커넥트 에르고 맥스 락온 (2색상),http://www.11st.co.kr/product/SellerProductDetail.tmall?method=getSellerProductDetail&prdNo=1137382869
D***8,201909**,F,3,"주부 (전업주부, 파트타임 근무 주부)",100~199만원,예    ,자녀 있음 ,아파트/ 주상복합,울산,동구,화정동,LG,SKT,자전거/보드,자전거헬멧,기타브랜드 헬멧,[삼천리자전거]미니마우스 헬멧보호대 세트 어린이 자전거 킥보드/ 삼천리자전거,http://item.gmarket.co.kr/Item?goodscode=1112014699
D***3,201909**,M,4,"사무직 (일반사무직, 공무원, 직업군인)",200~299만원,      ,          ,아파트/ 주상복합,서울,강남구,논현동,삼성,SKT,자전거,자전거신발/고글/헬멧,보호대,나이키/팔토시/쿨토시/자외선차단/스포츠/레저/등산용,http://www.11st.co.kr/product/SellerProductDetail.tmall?method=getSellerProductDetail&prdNo=1221115615
D***3,201909**,M,5,"판매직 (상점점원, 보험설계사, 노점상)",300~399만원,예    ,자녀 있음 ,연립주택/ 다세대/ 빌라,경기,화성시,봉담읍,기타,SKT,자전거/보드,자전거바구니/가방,크로스가방,엑스피크빅파우치 자전거 휴대폰파우치,http://item.gmarket.co.kr/Item?goodscode=1187012636
D***,201909**,F,3,"사무직 (일반사무직, 공무원, 직업군인)",200~299만원,      ,          ,아파트/ 주상복합,서울,동작구,대방동,삼성,SKT,자전거,자전거신발/고글/헬멧,헬멧,필모리스/F381/F373/자전거헬멧/성인용헬멧/안전용품,http://www.11st.co.kr/product/SellerProductDetail.tmall?method=getSellerProductDetail&prdNo=1289945654
D***,201909**,M,5,"사무직 (일반사무직, 공무원, 직업군인)",200~299만원,      ,          ,아파트/ 주상복합,서울,강남구,개포2동,삼성,SKT,레저/자동차,자전거/용품,자전거액세서리,"자전거커버,바이크린,자전거,자전거용품,싸이클",http://www.11st.co.kr/product/SellerProductDetail.tmall?method=getSellerProductDetail&prdNo=1170093481
D***,201909**,M,3,"사무직 (일반사무직, 공무원, 직업군인)",200~299만원,      ,          ,아파트/ 주상복합,서울,강서구,가양동,삼성,SKT,자전거,자전거신발/고글/헬멧,헬멧,스텔리오스고글헬멧 에어로 자전거헬멧 로드헬멧,http://www.11st.co.kr/product/SellerProductDetail.tmall?method=getSellerProductDetail&prdNo=1007190015
D***,201909**,M,3,"사무직 (일반사무직, 공무원, 직업군인)",200~299만원,      ,          ,아파트/ 주상복합,대구,동구,각산동,삼성,SKT,레저/자동차,자전거/용품,자전거,[스마트]삼천리/스마트 접이식자전거 미니벨로 4종,http://item.gmarket.co.kr/Item?goodscode=1278067146
D***3,201909**,M,4,"생산/노무직 (생산감독, 경비원, 공장근로자)",100만원 미만,아니오,          ,아파트/ 주상복합,대구,달서구,대곡동,LG,LG U+,레저/자동차,자전거/용품,자전거의류/잡화,쿨마스크멀티스카프 자외선차단마스크 자전거마스크,http://www.11st.co.kr/product/SellerProductDetail.tmall?method=getSellerProductDetail&prdNo=1042041108
D***3,201909**,M,4,"생산/노무직 (생산감독, 경비원, 공장근로자)",100만원 미만,아니오,          ,아파트/ 주상복합,대구,달서구,대곡동,LG,LG U+,레저/자동차,자전거/용품,자전거,[스마트]삼천리/스마트/바이맥스 접이식자전거 미니벨로 4종,http://item.gmarket.co.kr/Item?goodscode=1278067146
D***6,201909**,F,4,"사무직 (일반사무직, 공무원, 직업군인)",200~299만원,예    ,자녀 있음 ,아파트/ 주상복합,경남,창원시 마산합포구,월영동,삼성,KT,레저/자동차,자전거/용품,자전거의류/잡화,극세사기모 방한 넥워머 바라클라바 겨울 목토시 자전거 방한마스크 멀티스카프 털모자,http://www.11st.co.kr/product/SellerProductDetail.tmall?method=getSellerProductDetail&prdNo=1171528780
D***2,201909**,M,4,"사무직 (일반사무직, 공무원, 직업군인)",400~499만원,예    ,자녀 있음 ,아파트/ 주상복합,인천,서구,석남1동,LG,KT,자전거,자전거부품,변속기,변속레버/자전거기어/시마노변속레버/그립쉬프트,http://www.11st.co.kr/product/SellerProductDetail.tmall?method=getSellerProductDetail&prdNo=1280799725
D***9,201909**,F,5,"교직 (교사, 유치원교사, 학원강사)",300~399만원,예    ,자녀 있음 ,아파트/ 주상복합,인천,남동구,만수2동,애플,KT,자전거,자전거,MTB,알톤쉐보레 CMJR 초등학생 MTB 자전거/24인치/22인치/샌드스톤24,http://www.11st.co.kr/product/SellerProductDetail.tmall?method=getSellerProductDetail&prdNo=1288847294
D***1,201909**,M,4,"전문직 (의사, 판검사, 예술가, 종교인)",300~399만원,아니오,          ,오피스텔,경기,고양시 일산동구,장항동,애플,LG U+,레저/자동차,자전거/용품,자전거의류/잡화,"하이맥스매쉬 긴장갑 -  봄,여름,가을 장갑",http://www.11st.co.kr/product/SellerProductDetail.tmall?method=getSellerProductDetail&prdNo=1210492663
D***,201909**,M,3,"사무직 (일반사무직, 공무원, 직업군인)",200~299만원,      ,          ,아파트/ 주상복합,경기,오산시,궐동,삼성,SKT,자전거,튜닝용품,전시스탠드,[학성스포츠]아동용16/18/20인치 자전거스탠드/보조바퀴떼어내고 두발자전거전환시사용,http://www.11st.co.kr/product/SellerProductDetail.tmall?method=getSellerProductDetail&prdNo=1226615595
D***,201909**,M,5,"사무직 (일반사무직, 공무원, 직업군인)",700~799만원,예    ,자녀 있음 ,아파트/ 주상복합,전북,익산시,동산동,삼성,KT,레저/자동차,자전거/용품,헬멧/보호장비,에어워크보호대 성인용/아동용 헬멧/가방 용품 S16,http://www.11st.co.kr/product/SellerProductDetail.tmall?method=getSellerProductDetail&prdNo=12617089
D***,201909**,M,5,"사무직 (일반사무직, 공무원, 직업군인)",200~299만원,      ,          ,아파트/ 주상복합,대구,달성군,다사읍,삼성,SKT,자전거,튜닝용품,속도계,자전거무선속도계 엑스헌터 자전거속도계 자전거용품,http://www.11st.co.kr/product/SellerProductDetail.tmall?method=getSellerProductDetail&prdNo=1249839989
D***,201909**,M,5,"사무직 (일반사무직, 공무원, 직업군인)",200~299만원,      ,          ,아파트/ 주상복합,전남,여수시,상암동,삼성,SKT,유아동,유아동완구/교구,승용완구,STONETREE스톤트리 트라이크 - 유모차 세발 자전거,http://item.gmarket.co.kr/Item?goodscode=1129986013
D***,201909**,M,3,"사무직 (일반사무직, 공무원, 직업군인)",200~299만원,      ,          ,아파트/ 주상복합,경기,남양주시,와부읍,삼성,SKT,자전거,튜닝용품,속도계,자전거무선속도계 엑스헌터 자전거속도계 자전거용품,http://www.11st.co.kr/product/SellerProductDetail.tmall?method=getSellerProductDetail&prdNo=1249839989
D***,201909**,M,4,"사무직 (일반사무직, 공무원, 직업군인)",200~299만원,예    ,자녀 있음 ,연립주택/ 다세대/ 빌라,서울,구로구,개봉2동,LG,알뜰폰(MVNO),자전거,자전거,MTB,앞뒤쇼바접이식 21단 26인치 입문 통학 출퇴근용 MTB,http://www.11st.co.kr/product/SellerProductDetail.tmall?method=getSellerProductDetail&prdNo=1082913347
D***2,201909**,M,2,"사무직 (일반사무직, 공무원, 직업군인)",200~299만원,      ,          ,아파트/ 주상복합,경기,용인시 기흥구,청덕동,삼성,SKT,레저/자동차,자전거/용품,자전거액세서리,카멜백포디엄 칠리 610ml 자전거물통 보냉 물병,http://www.11st.co.kr/product/SellerProductDetail.tmall?method=getSellerProductDetail&prdNo=1019561002
D***9,201909**,F,3,"사무직 (일반사무직, 공무원, 직업군인)",500~599만원,예    ,자녀 없음 ,아파트/ 주상복합,서울,동작구,상도3동,기타,KT,자전거/보드,자전거타이어/부품,자전거튜브,[흥아]흥아 700C x 23/25C 프레스타 40mm 자전거튜브 로드,http://item.gmarket.co.kr/Item?goodscode=1287219517
D***7,201909**,M,3,"사무직 (일반사무직, 공무원, 직업군인)",400~499만원,아니오,          ,아파트/ 주상복합,경기,수원시 권선구,곡반정동,삼성,SKT,캠핑/골프/헬스/자전거,자전거의류/용품,신발,뉴발란스운동화 774 NEWBALANCE 774 (M774BK3),http://www.hnsmall.com/display/goods.do?goods_code=11979566
D***3,201909**,M,2,"사무직 (일반사무직, 공무원, 직업군인)",200~299만원,      ,          ,아파트/ 주상복합,울산,남구,무거동,삼성,SKT,레저/자동차,자전거/용품,자전거액세서리,블랙울프자전거 라이트 용품 18650 배터리 충전기,http://www.11st.co.kr/product/SellerProductDetail.tmall?method=getSellerProductDetail&prdNo=1003701027
D***7,201909**,M,2,"판매직 (상점점원, 보험설계사, 노점상)",100~199만원,아니오,          ,연립주택/ 다세대/ 빌라,서울,구로구,구로1동,삼성,KT,레저/자동차,자전거/용품,자전거,[알톤]갤럽22 21단 앞쇼바 7~11세 시마노인투스기어,http://www.11st.co.kr/product/SellerProductDetail.tmall?method=getSellerProductDetail&prdNo=1230962682
D***0,201909**,F,2,무직,500~599만원,아니오,          ,아파트/ 주상복합,경기,안산시 상록구,건건동,애플,LG U+,캠핑/골프/헬스/자전거,자전거의류/용품,신발,뉴발란스운동화 574 NEWBALANCE 574 (ML574SS2),http://www.hnsmall.com/display/goods.do?goods_code=11979567
D***4,201909**,F,2,무직,100~199만원,아니오,          ,아파트/ 주상복합,대구,동구,신천1.2동,기타,LG U+,레저/자동차,자전거/용품,자전거액세서리,로드MTB 충전식 자전거라이트 용품 18650 배터리,http://www.11st.co.kr/product/SellerProductDetail.tmall?method=getSellerProductDetail&prdNo=1004933124
D***,201909**,F,3,"사무직 (일반사무직, 공무원, 직업군인)",200~299만원,      ,          ,아파트/ 주상복합,서울,강동구,길동,삼성,SKT,레저/자동차,자전거/용품,헬멧/보호장비,자전거어반헬멧 어린이헬멧 인라인 헬맷 킥보드헬멧,http://www.11st.co.kr/product/SellerProductDetail.tmall?method=getSellerProductDetail&prdNo=1253467301
D***,201909**,M,5,"사무직 (일반사무직, 공무원, 직업군인)",200~299만원,      ,          ,아파트/ 주상복합,충남,천안시 동남구,신부동,삼성,SKT,레저/자동차,자전거/용품,자전거의류/잡화,{지오무역}[쿨멀티스카프모음]쿨마스크/냉동스카프/,http://www.11st.co.kr/product/SellerProductDetail.tmall?method=getSellerProductDetail&prdNo=1280486843
D***9,201909**,F,4,"주부 (전업주부, 파트타임 근무 주부)",700~799만원,예    ,자녀 있음 ,아파트/ 주상복합,경기,성남시 분당구,금곡동,애플,SKT,자전거,튜닝용품,전시스탠드,[내가만든자전거](ICETOOLZ) 아이스툴즈 P633 벽면형 자전거 거치대/벽면고정볼트포함,http://www.11st.co.kr/product/SellerProductDetail.tmall?method=getSellerProductDetail&prdNo=1231501156
D***5,201909**,M,5,"사무직 (일반사무직, 공무원, 직업군인)",200~299만원,      ,          ,아파트/ 주상복합,경기,평택시,비전1동,삼성,SKT,캠핑/골프/헬스/자전거,자전거의류/용품,공용상의,[MCN]윈드베스트 MSV-16 블랙/자전거조끼,http://www.hnsmall.com/display/goods.do?goods_code=12602302
D***2,201909**,M,4,"판매직 (상점점원, 보험설계사, 노점상)",300~399만원,예    ,자녀 있음 ,아파트/ 주상복합,경기,안양시 만안구,안양동,삼성,SKT,레저/자동차,자전거/용품,자전거액세서리,[J]쿨시트 방석 오토바이 스쿠터 헬멧 용품,http://www.11st.co.kr/product/SellerProductDetail.tmall?method=getSellerProductDetail&prdNo=1082590066
D***,201909**,F,3,"사무직 (일반사무직, 공무원, 직업군인)",200~299만원,      ,          ,아파트/ 주상복합,울산,남구,신정1동,삼성,SKT,레저/자동차,자전거/용품,자전거,지멘스여성용 부인용 자전거 클래식 24 26인치,http://item.gmarket.co.kr/Item?goodscode=1110235162
D***,201909**,F,2,"사무직 (일반사무직, 공무원, 직업군인)",200~299만원,      ,          ,아파트/ 주상복합,대구,동구,봉무동,삼성,SKT,자전거,자전거부품,안장,삼천리전립선 안장패드/MTB ROAD 안장용 쿠션커버/하이브리드 안장커버/자전거안장커버/로드용 자전거용품,http://www.11st.co.kr/product/SellerProductDetail.tmall?method=getSellerProductDetail&prdNo=1232420657
D***,201909**,F,4,"사무직 (일반사무직, 공무원, 직업군인)",200~299만원,      ,          ,아파트/ 주상복합,충남,태안군,태안읍,삼성,SKT,자전거,자전거,MTB,삼천리자전거팀60D MTB자전거 24단 알루미늄자전거,http://www.11st.co.kr/product/SellerProductDetail.tmall?method=getSellerProductDetail&prdNo=1230896068
D***,201909**,M,4,"생산/노무직 (생산감독, 경비원, 공장근로자)",200~299만원,예    ,자녀 있음 ,아파트/ 주상복합,전북,군산시,미룡동,삼성,SKT,레저/자동차,자전거/용품,자전거액세서리,스나이퍼코리아블랙울프 18650배터리 충전기모음,http://www.11st.co.kr/product/SellerProductDetail.tmall?method=getSellerProductDetail&prdNo=1272010256
D***,201909**,F,3,"사무직 (일반사무직, 공무원, 직업군인)",200~299만원,      ,          ,아파트/ 주상복합,서울,노원구,월계3동,삼성,SKT,레저/자동차,자전거/용품,자전거액세서리,유아안장자전거유아안장 후방유아안장 아동보조안장,http://www.11st.co.kr/product/SellerProductDetail.tmall?method=getSellerProductDetail&prdNo=124136733
D***,201909**,F,4,"주부 (전업주부, 파트타임 근무 주부)",100~199만원,예    ,자녀 있음 ,연립주택/ 다세대/ 빌라,울산,중구,동동,삼성,KT,자전거,자전거신발/고글/헬멧,보호대,일본코미네09-021 오토바이 핸들워머 빅스쿠터 전동 킥보드 토시 퀵보드 토시 장갑 겨울 방한용품,http://www.11st.co.kr/product/SellerProductDetail.tmall?method=getSellerProductDetail&prdNo=107138111
D***,201909**,M,3,"사무직 (일반사무직, 공무원, 직업군인)",400~499만원,예    ,자녀 없음 ,아파트/ 주상복합,경기,화성시,동탄면,삼성,SKT,레저/자동차,자전거/용품,자전거액세서리,블랙울프미니줌 줌라이트 LED랜턴 후레쉬 자전거용품,http://www.11st.co.kr/product/SellerProductDetail.tmall?method=getSellerProductDetail&prdNo=1182033172
D***5,201909**,F,2,"사무직 (일반사무직, 공무원, 직업군인)",200~299만원,      ,          ,아파트/ 주상복합,광주,서구,금호동,삼성,SKT,자전거/보드,자전거라이트,라이트거치대,페어맨만능 18650충전기 FLIC-210 자전거라이트 2구,http://item.gmarket.co.kr/Item?goodscode=1237810051
D***9,201909**,F,5,"주부 (전업주부, 파트타임 근무 주부)",800~899만원,예    ,자녀 있음 ,아파트/ 주상복합,서울,강남구,대치4동,삼성,SKT,자전거,자전거신발/고글/헬멧,보호대,2+2이벤트/네파정품/탑쿨/슬레진저 쿨토시 팔토시,http://www.11st.co.kr/product/SellerProductDetail.tmall?method=getSellerProductDetail&prdNo=1282680743
D***2,201909**,M,2,"학생 (초중고학생, 대학생, 대학원생)",300~399만원,아니오,          ,연립주택/ 다세대/ 빌라,인천,남동구,간석3동,삼성,SKT,자전거,자전거,MTB,GIFT2016 엘파마 판타시아 S7 S675 카본 MTB 자전거,http://www.11st.co.kr/product/SellerProductDetail.tmall?method=getSellerProductDetail&prdNo=1043875589
D***7,201909**,M,3,"사무직 (일반사무직, 공무원, 직업군인)",400~499만원,예    ,자녀 있음 ,아파트/ 주상복합,대구,달서구,유천동,삼성,SKT,자전거/보드,자전거타이어/부품,자전거튜브,[CST]700x25/32C fv48mm 자전거튜브 프레스타 흥아 켄다,http://item.gmarket.co.kr/Item?goodscode=1283527298
D***3,201909**,F,5,"주부 (전업주부, 파트타임 근무 주부)",300~399만원,예    ,자녀 있음 ,연립주택/ 다세대/ 빌라,서울,서대문구,홍제동,삼성,SKT,자전거,자전거신발/고글/헬멧,보호대,[AQUA-X/국산]발렌티노무봉제 쿨토시/아쿠아엑스,http://www.11st.co.kr/product/SellerProductDetail.tmall?method=getSellerProductDetail&prdNo=1261126293
D***1,201909**,F,3,"기능직 (자동차정비, 운전기사, 안경사, 택시기사)",800~899만원,예    ,자녀 있음 ,아파트/ 주상복합,경기,오산시,원동,애플,알뜰폰(MVNO),레저/자동차,자전거/용품,자전거,알톤베네통키드자전거/아동/알루미늄/고급어린이네발,http://www.11st.co.kr/product/SellerProductDetail.tmall?method=getSellerProductDetail&prdNo=1160671411
D***0,201909**,F,5,"판매직 (상점점원, 보험설계사, 노점상)",500~599만원,예    ,자녀 있음 ,아파트/ 주상복합,경기,고양시 덕양구,대자동,삼성,KT,자전거,자전거관리용품,에어펌프(발펌프),GIYO지요 GF-56GTB ULTRA 자전거펌프 공기배출기능,http://www.11st.co.kr/product/SellerProductDetail.tmall?method=getSellerProductDetail&prdNo=1147853726
D***6,201909**,M,3,"사무직 (일반사무직, 공무원, 직업군인)",200~299만원,예    ,자녀 없음 ,아파트/ 주상복합,경기,수원시 영통구,망포동,삼성,KT,자전거,자전거신발/고글/헬멧,보호대,특가쿨토시 1+1 (2세트) /토시/아동쿨토시/팔토시,http://www.11st.co.kr/product/SellerProductDetail.tmall?method=getSellerProductDetail&prdNo=1291753831
D***,201909**,M,3,"사무직 (일반사무직, 공무원, 직업군인)",200~299만원,      ,          ,아파트/ 주상복합,인천,남동구,논현동,삼성,SKT,캠핑/골프/헬스/자전거,자전거의류/용품,신발,뉴발란스운동화 574 NEWBALANCE 574 (ML574SS2),http://www.hnsmall.com/display/goods.do?goods_code=11979567
D***,201909**,F,3,"사무직 (일반사무직, 공무원, 직업군인)",200~299만원,      ,          ,아파트/ 주상복합,서울,강북구,수유2동,삼성,SKT,레저/자동차,자전거/용품,자전거액세서리,SCHWALBE슈발베 타이어레버 3개한세트 타이어교체 / 튜블러 시멘트/리무버/이지핏 악세사리,http://www.11st.co.kr/product/SellerProductDetail.tmall?method=getSellerProductDetail&prdNo=1263501442
D***,201909**,F,2,"사무직 (일반사무직, 공무원, 직업군인)",200~299만원,      ,          ,아파트/ 주상복합,서울,강남구,역삼동,삼성,SKT,레저/자동차,자전거/용품,헬멧/보호장비,에어워크보호대 성인용/아동용 헬멧/가방 용품 S16,http://www.11st.co.kr/product/SellerProductDetail.tmall?method=getSellerProductDetail&prdNo=12617089
D***2,201909**,M,3,"사무직 (일반사무직, 공무원, 직업군인)",200~299만원,      ,          ,아파트/ 주상복합,대구,동구,율하동,삼성,SKT,레저/자동차,자전거/용품,자전거의류/잡화,1대1사은품증정 나루마스크 X1 X5 자외선차단마스크,http://www.11st.co.kr/product/SellerProductDetail.tmall?method=getSellerProductDetail&prdNo=11127502
D***0,201909**,F,4,"학생 (초중고학생, 대학생, 대학원생)",200~299만원,아니오,          ,아파트/ 주상복합,경기,고양시 덕양구,관산동,삼성,LG U+,자전거,자전거신발/고글/헬멧,보호대,무료배송.국산쿨토시.팔토시.냉감토시.쿨마스크.아동,http://www.11st.co.kr/product/SellerProductDetail.tmall?method=getSellerProductDetail&prdNo=1249823887
D***2,201909**,F,5,"사무직 (일반사무직, 공무원, 직업군인)",300~399만원,예    ,자녀 있음 ,아파트/ 주상복합,경기,파주시,야동동,삼성,SKT,자전거,자전거관리용품,에어펌프(발펌프),자전거펌프/미니펌프/공기주입기/자전거용품,http://www.11st.co.kr/product/SellerProductDetail.tmall?method=getSellerProductDetail&prdNo=12932277
D***0,201909**,M,3,"사무직 (일반사무직, 공무원, 직업군인)",700~799만원,아니오,          ,아파트/ 주상복합,경기,광주시,쌍령동,삼성,SKT,자전거,자전거부품,브레이크패드,[FNS]크락스오가닉 디스크브레이크 패드(벌크제품),http://www.11st.co.kr/product/SellerProductDetail.tmall?method=getSellerProductDetail&prdNo=1097542995
D***8,201909**,M,5,"관리직 (사장, 간부, 고위공무원)",400~499만원,예    ,자녀 있음 ,연립주택/ 다세대/ 빌라,전남,여수시,화양면,삼성,SKT,자전거,자전거부품,튜브,자전거고급 타이어 튜브/던롭 프레스타 슈레더 튜브/슈발베 켄다 CST튜브/자전거용품 부품,http://www.11st.co.kr/product/SellerProductDetail.tmall?method=getSellerProductDetail&prdNo=1096604696
D***1,201909**,M,5,"주부 (전업주부, 파트타임 근무 주부)",300~399만원,예    ,자녀 있음 ,아파트/ 주상복합,경기,수원시 장안구,율전동,LG,SKT,캠핑/골프/헬스/자전거,자전거,전기자전거,전동킥보드마이봇 ERT-8/ 38V/ 18.4Ah / 삼성배터리/ 레져스포츠,http://www.hnsmall.com/display/goods.do?goods_code=12231883
D***1,201909**,F,4,"학생 (초중고학생, 대학생, 대학원생)",100~199만원,아니오,          ,아파트/ 주상복합,경기,광주시,중대동,LG,LG U+,레저/자동차,자전거/용품,자전거액세서리,18650AA AAA 충전지 배터리 충전기 i4 D2 i2 UM20,http://www.11st.co.kr/product/SellerProductDetail.tmall?method=getSellerProductDetail&prdNo=1181473940
D***0,201909**,F,3,"주부 (전업주부, 파트타임 근무 주부)",300~399만원,예    ,자녀 있음 ,아파트/ 주상복합,광주,광산구,송정2동,삼성,SKT,자전거/보드,일반자전거,외발/삼륜/2인용,[자이덴]지오닉스 나누미 에코 성인용 세발 트라이 삼륜자전거,http://item.gmarket.co.kr/Item?goodscode=1292909571
D***3,201909**,M,4,"서비스직 (요식업, 숙박업, 미용실종업원)",100~199만원,예    ,자녀 있음 ,아파트/ 주상복합,인천,남구,도화2동,LG,KT,자전거,자전거부품,체인,MYBN 10단 실버_S10CR 체인,http://www.11st.co.kr/product/SellerProductDetail.tmall?method=getSellerProductDetail&prdNo=1272548067
D***,201909**,F,5,"사무직 (일반사무직, 공무원, 직업군인)",200~299만원,      ,          ,아파트/ 주상복합,경기,고양시 일산동구,풍동,삼성,SKT,자전거,자전거신발/고글/헬멧,보호대,일본코미네09-021 오토바이 핸들워머 빅스쿠터 전동 킥보드 토시 퀵보드 토시 장갑 겨울 방한용품,http://www.11st.co.kr/product/SellerProductDetail.tmall?method=getSellerProductDetail&prdNo=107138111
D***,201909**,F,3,"사무직 (일반사무직, 공무원, 직업군인)",200~299만원,      ,          ,아파트/ 주상복합,울산,남구,신정1동,삼성,SKT,레저/자동차,자전거/용품,자전거의류/잡화,[PUMA]푸마 여성 기모 티셔츠 3종세트 NFYKFG01,http://www.hnsmall.com/display/goods.do?goods_code=12835184
D***,201909**,M,4,"사무직 (일반사무직, 공무원, 직업군인)",200~299만원,      ,          ,아파트/ 주상복합,광주,서구,치평동,삼성,SKT,자전거,자전거관리용품,에어펌프(발펌프),국산삼흥 발펌프 공기주입기 손펌프 에어펌프 자전거,http://www.11st.co.kr/product/SellerProductDetail.tmall?method=getSellerProductDetail&prdNo=1105695651
D***,201909**,M,3,"사무직 (일반사무직, 공무원, 직업군인)",200~299만원,      ,          ,아파트/ 주상복합,인천,남동구,논현동,삼성,SKT,자전거/보드,일반자전거,픽시자전거,벤데타벨루가 700C 알로이 에어로 프레임 픽시자전거,http://item.gmarket.co.kr/Item?goodscode=1219375759
D***,201909**,M,2,"사무직 (일반사무직, 공무원, 직업군인)",200~299만원,      ,          ,아파트/ 주상복합,충남,청양군,정산면,삼성,SKT,자전거/보드,자전거액세서리,자전거짐받이,바이크박스블랙   -  생활용 여성용 접이식 자전거 짐받이 거치용 접이식 짐 바구니,http://item.gmarket.co.kr/Item?goodscode=128833406
D***,201909**,M,2,"사무직 (일반사무직, 공무원, 직업군인)",200~299만원,      ,          ,아파트/ 주상복합,서울,강남구,역삼1동,삼성,SKT,레저/자동차,자전거/용품,자전거,지오스빈티지벨로체/GiosVintage Veloce 로드자전거,http://item.gmarket.co.kr/Item?goodscode=1273357815
D***,201909**,F,3,"전문직 (의사, 판검사, 예술가, 종교인)",400~499만원,아니오,          ,연립주택/ 다세대/ 빌라,서울,용산구,한남동,삼성,KT,자전거,자전거부품,브레이크레버,브레이크레버/아동용/성인용/알로이브레이크레버/자전거부품/자전거브레이크레버,http://www.11st.co.kr/product/SellerProductDetail.tmall?method=getSellerProductDetail&prdNo=1280791866
D***,201909**,F,5,"서비스직 (요식업, 숙박업, 미용실종업원)",300~399만원,예    ,자녀 있음 ,아파트/ 주상복합,울산,울주군,청량면,LG,LG U+,레저/자동차,자전거/용품,자전거액세서리,자전거휠 라이트 안전등  LED라이트 후미등,http://www.11st.co.kr/product/SellerProductDetail.tmall?method=getSellerProductDetail&prdNo=1076764951
D***9,201909**,F,3,"사무직 (일반사무직, 공무원, 직업군인)",200~299만원,      ,          ,아파트/ 주상복합,서울,서초구,서초1동,삼성,SKT,유아동,유아동완구/교구,승용완구,STONETREE스톤트리 트라이크 - 유모차 세발 자전거,http://item.gmarket.co.kr/Item?goodscode=1129986013
D***6,201909**,M,3,"사무직 (일반사무직, 공무원, 직업군인)",200~299만원,      ,          ,아파트/ 주상복합,충남,논산시,화지동,삼성,SKT,자전거/보드,자전거장갑/잡화,자전거장갑,아쿠아메이드자전거 반장갑 바이크 헬스 등산 장갑,http://item.gmarket.co.kr/Item?goodscode=1118054793
D***0,201909**,F,4,"사무직 (일반사무직, 공무원, 직업군인)",500~599만원,예    ,자녀 있음 ,아파트/ 주상복합,서울,광진구,자양3동,삼성,SKT,자전거/보드,자전거장갑/잡화,자전거장갑,[킹썰]스포츠/등산/자전거장갑/여름장갑/반장갑/선택0여름용,http://item.gmarket.co.kr/Item?goodscode=1284293661
D***1,201909**,F,5,"판매직 (상점점원, 보험설계사, 노점상)",100~199만원,예    ,자녀 있음 ,연립주택/ 다세대/ 빌라,대구,서구,내당4동,삼성,SKT,자전거/보드,자전거바구니/가방,크로스가방,[엑스피크]2포켓 스마트폰 파우치/암밴드+목걸이 기본증정,http://item.gmarket.co.kr/Item?goodscode=1187012646
D***4,201909**,M,5,"사무직 (일반사무직, 공무원, 직업군인)",200~299만원,      ,          ,아파트/ 주상복합,서울,송파구,가락동,삼성,KT,자전거,자전거관리용품,에어펌프(발펌프),국산삼흥 발펌프 공기주입기 손펌프 에어펌프 자전거,http://www.11st.co.kr/product/SellerProductDetail.tmall?method=getSellerProductDetail&prdNo=1105695651
D***6,201909**,M,3,"사무직 (일반사무직, 공무원, 직업군인)",400~499만원,예    ,자녀 없음 ,아파트/ 주상복합,서울,양천구,신월2동,삼성,KT,레저/자동차,자전거/용품,자전거타이어/부품,삼천리알루미늄 핸드펌프  - 자전거 다용도 튜브 펌프 공기주입기,http://www.11st.co.kr/product/SellerProductDetail.tmall?method=getSellerProductDetail&prdNo=1218187968
D***7,201909**,F,4,"사무직 (일반사무직, 공무원, 직업군인)",600~699만원,예    ,자녀 있음 ,아파트/ 주상복합,제주,제주시,이도2동,삼성,KT,레저/자동차,자전거/용품,자전거액세서리,[고바이크]자전거짐받이특대바구니/플록스천바구니/짐바구니/고정식바구니/장착용바구니/자전거악세사리,http://www.11st.co.kr/product/SellerProductDetail.tmall?method=getSellerProductDetail&prdNo=1273581622
D***3,201909**,F,3,기타 ,300~399만원,예    ,자녀 있음 ,아파트/ 주상복합,인천,남구,용현5동,삼성,SKT,자전거,자전거관리용품,에어펌프(발펌프),발펌프/튜브/휴대용/쌍발/자전거/공기주입기/에어펌프/타이어공기/축구공/농구공/바람넣기/외발/강력발펌프,http://www.11st.co.kr/product/SellerProductDetail.tmall?method=getSellerProductDetail&prdNo=1091662162
D***8,201909**,F,3,"교직 (교사, 유치원교사, 학원강사)",200~299만원,예    ,자녀 있음 ,연립주택/ 다세대/ 빌라,인천,남구,주안2동,LG,KT,레저/자동차,자전거/용품,자전거,도미니크24인치하이브리드자전거초등학생~중학생까지,http://www.11st.co.kr/product/SellerProductDetail.tmall?method=getSellerProductDetail&prdNo=1090901926
D***2,201909**,F,3,"사무직 (일반사무직, 공무원, 직업군인)",800~899만원,아니오,          ,아파트/ 주상복합,대구,달서구,용산2동,삼성,SKT,자전거,튜닝용품,후미등,자전거후미등/후미등/실리콘/LED후미등/안전등,http://www.11st.co.kr/product/SellerProductDetail.tmall?method=getSellerProductDetail&prdNo=1067038322
D***,201909**,F,3,"사무직 (일반사무직, 공무원, 직업군인)",300~399만원,예    ,자녀 있음 ,아파트/ 주상복합,부산,해운대구,우1동,삼성,KT,자전거,자전거부품,체인,"SramX1 체인, PC-X1, 11단/11단용 자전거 체인",http://www.11st.co.kr/product/SellerProductDetail.tmall?method=getSellerProductDetail&prdNo=1261677729
D***,201909**,F,5,"사무직 (일반사무직, 공무원, 직업군인)",200~299만원,      ,          ,아파트/ 주상복합,서울,영등포구,신길1동,삼성,SKT,레저/자동차,자전거/용품,자전거타이어/부품,야광젤타입 자전거 안장 자전거 용품 레저 취미,http://item.gmarket.co.kr/Item?goodscode=1268231013
D***,201909**,M,4,"사무직 (일반사무직, 공무원, 직업군인)",200~299만원,      ,          ,아파트/ 주상복합,경북,김천시,교동,삼성,SKT,레저/자동차,자전거/용품,자전거액세서리,자전거비밀번호 자물쇠 (소)  No75,http://item.gmarket.co.kr/Item?goodscode=1235749090
D***,201909**,M,4,"사무직 (일반사무직, 공무원, 직업군인)",200~299만원,      ,          ,아파트/ 주상복합,경기,수원시 장안구,정자3동,삼성,SKT,자전거/보드,자전거라이트,자전거라이트/전조등,지바코76L 폴딩 립스탑 멀티 백 캠핑가방 수납가방,http://item.gmarket.co.kr/Item?goodscode=1111364071
D***,201909**,F,3,"사무직 (일반사무직, 공무원, 직업군인)",200~299만원,      ,          ,아파트/ 주상복합,서울,노원구,월계3동,삼성,SKT,레저/자동차,자전거/용품,자전거,알톤어린이용 경량 알루미늄 접이식 자전거 라바폴딩18인치,http://www.11st.co.kr/product/SellerProductDetail.tmall?method=getSellerProductDetail&prdNo=1096512754
D***2,201909**,M,2,"사무직 (일반사무직, 공무원, 직업군인)",200~299만원,      ,          ,아파트/ 주상복합,서울,영등포구,문래동5가,삼성,SKT,자전거,튜닝용품,전시스탠드,"자전거스텐드거치대/16,18,20,22,24,26스탠드 받침대 보관대 접이식 자전거용품",http://www.11st.co.kr/product/SellerProductDetail.tmall?method=getSellerProductDetail&prdNo=12932139
D***0,201909**,M,2,"학생 (초중고학생, 대학생, 대학원생)",100~199만원,아니오,          ,기타 ,서울,영등포구,신길5동,기타,SKT,자전거,자전거부품,핸들그립,Giant그립/Connect 커넥트 에르고 맥스 락온 (2색상),http://www.11st.co.kr/product/SellerProductDetail.tmall?method=getSellerProductDetail&prdNo=1137382869
D***3,201909**,M,3,"생산/노무직 (생산감독, 경비원, 공장근로자)",200~299만원,예    ,자녀 없음 ,기타 ,광주,서구,내방동,기타,알뜰폰(MVNO),레저/자동차,자전거/용품,자전거,뉴도미니크24/렌즈/갤럽등 초등학생 하이브리드 모음,http://www.11st.co.kr/product/SellerProductDetail.tmall?method=getSellerProductDetail&prdNo=1154104823
D***5,201909**,F,3,"전문직 (의사, 판검사, 예술가, 종교인)",400~499만원,예    ,자녀 없음 ,아파트/ 주상복합,대구,북구,팔달동,삼성,KT,레저/자동차,자전거/용품,자전거의류/잡화,마스크/귀마개/멀티워머/넥워머/자전거/검정마스크,http://www.11st.co.kr/product/SellerProductDetail.tmall?method=getSellerProductDetail&prdNo=1167152971
D***0,201909**,M,3,"자영업 (도소매업, 숙박업, 미용업)",200~299만원,예    ,자녀 있음 ,단독주택,인천,남구,용현1동,LG,KT,캠핑/골프/헬스/자전거,자전거의류/용품,신발,뉴발란스585 USA 스니커즈 운동화 (M585GR),http://www.hnsmall.com/display/goods.do?goods_code=12928736
D***8,201909**,F,4,"주부 (전업주부, 파트타임 근무 주부)",400~499만원,예    ,자녀 있음 ,아파트/ 주상복합,대구,달성군,화원읍,삼성,LG U+,자전거,튜닝용품,전시스탠드,토픽스텐드 DUAL TOUCH BIKE STAND 자전거거치대,http://www.11st.co.kr/product/SellerProductDetail.tmall?method=getSellerProductDetail&prdNo=1154312380
D***8,201909**,M,5,"생산/노무직 (생산감독, 경비원, 공장근로자)",200~299만원,예    ,자녀 있음 ,아파트/ 주상복합,부산,사하구,장림2동,삼성,KT,레저/자동차,자전거/용품,자전거,[삼천리]접이자전거비타민24 24형 7단 미니벨로 폴딩,http://www.11st.co.kr/product/SellerProductDetail.tmall?method=getSellerProductDetail&prdNo=1208645013
D***,201909**,F,5,"사무직 (일반사무직, 공무원, 직업군인)",200~299만원,      ,          ,아파트/ 주상복합,경기,안양시 만안구,안양1동,삼성,SKT,자전거,자전거부품,브레이크패드,시마노디스크 브레이크 Resin 패드 B01S/BR-T615/C501/M575/M525/M486/M485/M475/M465 레진패드/래진패드,http://www.11st.co.kr/product/SellerProductDetail.tmall?method=getSellerProductDetail&prdNo=1060069949
D***,201909**,F,4,"사무직 (일반사무직, 공무원, 직업군인)",200~299만원,      ,          ,아파트/ 주상복합,대전,서구,월평동,삼성,SKT,레저/자동차,자전거/용품,자전거의류/잡화,DBIKE디빅 투라인 집게 후미등,http://item.gmarket.co.kr/Item?goodscode=1205206386
D***,201909**,M,2,"사무직 (일반사무직, 공무원, 직업군인)",200~299만원,      ,          ,아파트/ 주상복합,부산,남구,대연3동,삼성,SKT,자전거,자전거신발/고글/헬멧,보호대,킹카301 성인 보호대 팔꿈치 손목 무릎 남여공용,http://www.11st.co.kr/product/SellerProductDetail.tmall?method=getSellerProductDetail&prdNo=1083507717
D***,201909**,F,3,"전문직 (의사, 판검사, 예술가, 종교인)",800~899만원,예    ,자녀 없음 ,아파트/ 주상복합,서울,은평구,신사1동,삼성,SKT,자전거,튜닝용품,전시스탠드,토픽스텐드 DUAL TOUCH BIKE STAND 자전거거치대,http://www.11st.co.kr/product/SellerProductDetail.tmall?method=getSellerProductDetail&prdNo=1154312380
D***,201909**,F,3,"사무직 (일반사무직, 공무원, 직업군인)","1,000만원 이상",예    ,자녀 없음 ,연립주택/ 다세대/ 빌라,서울,관악구,신원동,애플,KT,자전거,자전거,사이클,[HK]예거메티1디스크 로드자전거 카본포크 소라,http://www.11st.co.kr/product/SellerProductDetail.tmall?method=getSellerProductDetail&prdNo=1075538001
D***,201909**,M,5,"사무직 (일반사무직, 공무원, 직업군인)",200~299만원,      ,          ,아파트/ 주상복합,서울,노원구,공릉1.3동,삼성,SKT,레저/자동차,자전거/용품,자전거액세서리,블랙울프KR-C8 L2 밝은 자전거라이트 전조등 손전등,http://www.11st.co.kr/product/SellerProductDetail.tmall?method=getSellerProductDetail&prdNo=1091472722
D***,201909**,M,5,"관리직 (사장, 간부, 고위공무원)",500~599만원,예    ,자녀 있음 ,연립주택/ 다세대/ 빌라,인천,서구,마전동,삼성,KT,자전거,자전거부품,안장,풀카본안장자전거안장 초경량 카본안장,http://www.11st.co.kr/product/SellerProductDetail.tmall?method=getSellerProductDetail&prdNo=1240983940
D***2,201909**,F,3,"사무직 (일반사무직, 공무원, 직업군인)",200~299만원,      ,          ,아파트/ 주상복합,서울,마포구,망원동,삼성,SKT,레저/자동차,자전거/용품,자전거,[삼천리자전거][삼천리]여성용 클래식 자전거 라니아 22인치,http://www.lotteimall.com/goods/viewGoodsDetail.lotte?goods_no=1203462725
D***8,201909**,F,4,"사무직 (일반사무직, 공무원, 직업군인)",300~399만원,예    ,자녀 있음 ,아파트/ 주상복합,대전,대덕구,비래동,애플,LG U+,레저/자동차,자전거/용품,자전거,알톤베네통키드자전거/아동/알루미늄/고급어린이네발,http://www.11st.co.kr/product/SellerProductDetail.tmall?method=getSellerProductDetail&prdNo=1160671411
D***7,201909**,M,4,"생산/노무직 (생산감독, 경비원, 공장근로자)",200~299만원,예    ,자녀 있음 ,연립주택/ 다세대/ 빌라,서울,구로구,개봉1동,LG,SKT,캠핑/골프/헬스/자전거,자전거의류/용품,신발,뉴발란스운동화 774 NEWBALANCE 774 (M774BK3),http://www.hnsmall.com/display/goods.do?goods_code=11979566
D***1,201909**,F,4,"주부 (전업주부, 파트타임 근무 주부)",200~299만원,예    ,자녀 없음 ,아파트/ 주상복합,울산,북구,매곡동,LG,SKT,자전거,자전거관리용품,펑크패치,자전거펑크패치(패치30개+접착제) 자전거타이어수리,http://www.11st.co.kr/product/SellerProductDetail.tmall?method=getSellerProductDetail&prdNo=12932340
D***0,201909**,F,3,"주부 (전업주부, 파트타임 근무 주부)",300~399만원,예    ,자녀 있음 ,아파트/ 주상복합,광주,광산구,송정2동,삼성,SKT,자전거/보드,일반자전거,외발/삼륜/2인용,[지오닉스]자이덴 나누미 20(50cm) 6단 성인용 세발자전거,http://item.gmarket.co.kr/Item?goodscode=1111789839
D***5,201909**,M,4,"사무직 (일반사무직, 공무원, 직업군인)",600~699만원,예    ,자녀 있음 ,아파트/ 주상복합,부산,연제구,연산9동,삼성,LG U+,자전거,튜닝용품,거치대/보관대,노스바이크스마트폰 자전거거치대 핸드폰 휴대폰 가방,http://www.11st.co.kr/product/SellerProductDetail.tmall?method=getSellerProductDetail&prdNo=1016944642
D***,201909**,F,3,"사무직 (일반사무직, 공무원, 직업군인)",500~599만원,아니오,          ,아파트/ 주상복합,서울,영등포구,신길3동,기타,LG U+,레저/자동차,자전거/용품,자전거의류/잡화,[PUMA]푸마 여성 기모 티셔츠 3종세트 NFYKFG01,http://www.hnsmall.com/display/goods.do?goods_code=12835184
D***,201909**,M,4,"사무직 (일반사무직, 공무원, 직업군인)",700~799만원,예    ,자녀 있음 ,아파트/ 주상복합,경기,광명시,하안동,LG,LG U+,자전거,튜닝용품,거치대/보관대,노스바이크스마트폰 자전거거치대 핸드폰 휴대폰 가방,http://www.11st.co.kr/product/SellerProductDetail.tmall?method=getSellerProductDetail&prdNo=1016944642
D***,201909**,M,3,"사무직 (일반사무직, 공무원, 직업군인)",200~299만원,      ,          ,아파트/ 주상복합,경북,경주시,북군동,삼성,SKT,자전거,자전거부품,안장,삼천리전립선 안장패드/MTB ROAD 안장용 쿠션커버/하이브리드 안장커버/자전거안장커버/로드용 자전거용품,http://www.11st.co.kr/product/SellerProductDetail.tmall?method=getSellerProductDetail&prdNo=1232420657
D***,201909**,M,4,"사무직 (일반사무직, 공무원, 직업군인)",500~599만원,예    ,자녀 있음 ,아파트/ 주상복합,대전,서구,가수원동,LG,LG U+,레저/자동차,자전거/용품,자전거액세서리,[엑스피크]엑스피크 자전거힙색 트윈포켓파우치 자전거파우치,http://item.gmarket.co.kr/Item?goodscode=1124173801
D***,201909**,M,3,"사무직 (일반사무직, 공무원, 직업군인)",200~299만원,      ,          ,아파트/ 주상복합,서울,강동구,암사1동,삼성,SKT,레저/자동차,자전거/용품,자전거의류/잡화,"휘너스/땀냄새,물빠짐없는선수용 기능성 스포츠 스판웨어 하의모음/속건+항균/언더레이어 챌린저5부",http://www.11st.co.kr/product/SellerProductDetail.tmall?method=getSellerProductDetail&prdNo=1280155662
D***,201909**,M,5,"사무직 (일반사무직, 공무원, 직업군인)",200~299만원,      ,          ,아파트/ 주상복합,서울,종로구,익선동,삼성,SKT,레저/자동차,자전거/용품,자전거의류/잡화,사은품증정나루 마스크 자전거 자외선차단 등산 골프 바라클라바 버프 겨울 방한 넥워머 복면  오토바이,http://www.11st.co.kr/product/SellerProductDetail.tmall?method=getSellerProductDetail&prdNo=1070268365
D***,201909**,M,4,"사무직 (일반사무직, 공무원, 직업군인)",200~299만원,      ,          ,아파트/ 주상복합,서울,강동구,상일동,삼성,SKT,캠핑/골프/헬스/자전거,자전거의류/용품,기타용품,[펌프킹]가정용 자전거 거치대 HK-001,http://www.hnsmall.com/display/goods.do?goods_code=12714590
D***,201909**,F,4,"사무직 (일반사무직, 공무원, 직업군인)",200~299만원,      ,          ,아파트/ 주상복합,인천,남동구,구월2동,삼성,SKT,레저/자동차,자전거/용품,자전거,베리벨로보스톤GS 22 18년형 22인치 MTB자전거,http://www.11st.co.kr/product/SellerProductDetail.tmall?method=getSellerProductDetail&prdNo=1264898395
D***4,201909**,M,2,"사무직 (일반사무직, 공무원, 직업군인)",200~299만원,      ,          ,아파트/ 주상복합,충남,예산군,예산읍,삼성,SKT,자전거,자전거신발/고글/헬멧,보호대,나이키/팔토시/쿨토시/자외선차단/스포츠/레저/등산용,http://www.11st.co.kr/product/SellerProductDetail.tmall?method=getSellerProductDetail&prdNo=1221115615
D***3,201909**,M,2,"사무직 (일반사무직, 공무원, 직업군인)",200~299만원,      ,          ,아파트/ 주상복합,경북,김천시,아포읍,삼성,SKT,레저/자동차,자전거/용품,자전거,[스마트자전거]반티아고G21 하이브리드자전거 21단 클래식 2018년,http://www.lotteimall.com/goods/viewGoodsDetail.lotte?goods_no=1203110269
D***4,201909**,F,5,"사무직 (일반사무직, 공무원, 직업군인)",200~299만원,      ,          ,아파트/ 주상복합,인천,남동구,구월2동,삼성,SKT,자전거,자전거신발/고글/헬멧,보호대,2+2이벤트/네파정품/탑쿨/슬레진저 쿨토시 팔토시,http://www.11st.co.kr/product/SellerProductDetail.tmall?method=getSellerProductDetail&prdNo=1282680743
D***9,201909**,M,2,"학생 (초중고학생, 대학생, 대학원생)",500~599만원,아니오,          ,연립주택/ 다세대/ 빌라,서울,강서구,내발산동,삼성,KT,레저/자동차,자전거/용품,자전거의류/잡화,아동.유아.어린이/무릎보호대.헬멧.장갑 세트/자전거용품.인라인스케이트.씽씽카.안전용품.블랙프라이데이,http://www.11st.co.kr/product/SellerProductDetail.tmall?method=getSellerProductDetail&prdNo=1066221250
D***6,201909**,M,3,"사무직 (일반사무직, 공무원, 직업군인)",200~299만원,      ,          ,아파트/ 주상복합,충남,논산시,화지동,삼성,SKT,레저/자동차,자전거/용품,자전거,자이덴라스카FX20 20인치 7단 접이식 자전거,http://www.11st.co.kr/product/SellerProductDetail.tmall?method=getSellerProductDetail&prdNo=1202758720
D***7,201909**,M,3,"사무직 (일반사무직, 공무원, 직업군인)",200~299만원,      ,          ,아파트/ 주상복합,경기,파주시,파주읍,삼성,SKT,자전거,자전거,MTB,베리벨로보스톤GS 18년형 22인치 초등학생 MTB자전거,http://www.11st.co.kr/product/SellerProductDetail.tmall?method=getSellerProductDetail&prdNo=1240605806
D***7,201909**,M,3,"사무직 (일반사무직, 공무원, 직업군인)",400~499만원,아니오,          ,아파트/ 주상복합,서울,양천구,목5동,애플,SKT,캠핑/골프/헬스/자전거,자전거의류/용품,공용하의,[MCN]네오 베이직 7부 바지/승마바지,http://www.hnsmall.com/display/goods.do?goods_code=12497037
D***8,201909**,F,3,"관리직 (사장, 간부, 고위공무원)",200~299만원,예    ,자녀 없음 ,아파트/ 주상복합,서울,중랑구,면목5동,LG,LG U+,자전거,자전거신발/고글/헬멧,보호대,나스카썬블럭 쿨토시/네이비/팔토시/자외선차단/스포츠/골프/등산/자전거/테니스/암슬리브/운전,http://www.11st.co.kr/product/SellerProductDetail.tmall?method=getSellerProductDetail&prdNo=1274967893
D***1,201909**,M,2,"사무직 (일반사무직, 공무원, 직업군인)",200~299만원,      ,          ,아파트/ 주상복합,서울,강서구,방화동,삼성,SKT,자전거/보드,자전거장갑/잡화,자전거장갑,[킹썰]스포츠/등산/자전거장갑/여름장갑/반장갑/선택0여름용,http://item.gmarket.co.kr/Item?goodscode=1284293661
D***,201909**,F,3,무직,700~799만원,아니오,          ,아파트/ 주상복합,전남,여수시,미평동,애플,KT,자전거,자전거관리용품,튜브벨브/어댑터/노즐,호비던롭밸브셋트 무시고무 공기 주입을 하여도 바람이 샐경우 교체,http://www.11st.co.kr/product/SellerProductDetail.tmall?method=getSellerProductDetail&prdNo=1244185249
D***,201909**,M,5,"사무직 (일반사무직, 공무원, 직업군인)",200~299만원,      ,          ,아파트/ 주상복합,경기,남양주시,별내면,삼성,SKT,레저/자동차,자전거/용품,자전거,자이덴라스카FX20 20인치 7단 접이식 자전거,http://www.11st.co.kr/product/SellerProductDetail.tmall?method=getSellerProductDetail&prdNo=1202758720
D***,201909**,F,3,"주부 (전업주부, 파트타임 근무 주부)",300~399만원,예    ,자녀 있음 ,아파트/ 주상복합,대구,수성구,범물1동,애플,SKT,레저/자동차,자전거/용품,자전거,[삼천리자전거][삼천리]여성용 클래식 자전거 라니아 22인치,http://www.lotteimall.com/goods/viewGoodsDetail.lotte?goods_no=1203462725
D***,201909**,M,4,"사무직 (일반사무직, 공무원, 직업군인)",200~299만원,      ,          ,아파트/ 주상복합,경기,광명시,광명5동,삼성,SKT,레저/자동차,자전거/용품,헬멧/보호장비,심플한도시형헬멧/빅이글 어반헬멧/자전거용품/인라인,http://www.11st.co.kr/product/SellerProductDetail.tmall?method=getSellerProductDetail&prdNo=1187901648
D***,201909**,M,3,"사무직 (일반사무직, 공무원, 직업군인)",200~299만원,      ,          ,아파트/ 주상복합,경기,고양시 일산서구,대화동,삼성,SKT,자전거,튜닝용품,전시스탠드,"자전거스텐드거치대/16,18,20,22,24,26스탠드 받침대 보관대 접이식 자전거용품",http://www.11st.co.kr/product/SellerProductDetail.tmall?method=getSellerProductDetail&prdNo=12932139
D***3,201909**,M,4,"사무직 (일반사무직, 공무원, 직업군인)",200~299만원,      ,          ,아파트/ 주상복합,경기,용인시 기흥구,영덕동,삼성,SKT,자전거/보드,일반자전거,외발/삼륜/2인용,절대터지지않는알로이 컨츄리 성인 세발자전거 삼륜,http://item.gmarket.co.kr/Item?goodscode=1201833484
D***9,201909**,M,4,"사무직 (일반사무직, 공무원, 직업군인)",200~299만원,      ,          ,아파트/ 주상복합,인천,연수구,연수1동,삼성,SKT,레저/자동차,자전거/용품,자전거액세서리,카멜백포디엄 칠리 610ml 자전거물통 보냉 물병,http://www.11st.co.kr/product/SellerProductDetail.tmall?method=getSellerProductDetail&prdNo=1019561002
D***4,201909**,M,5,"사무직 (일반사무직, 공무원, 직업군인)",200~299만원,      ,          ,아파트/ 주상복합,인천,연수구,옥련2동,삼성,SKT,자전거,자전거신발/고글/헬멧,헬멧,2018GIRO 지로 QUARTER 쿼터 어반 자전거 헬멧 BMX,http://www.11st.co.kr/product/SellerProductDetail.tmall?method=getSellerProductDetail&prdNo=1246004626
D***7,201909**,M,3,"사무직 (일반사무직, 공무원, 직업군인)",800~899만원,예    ,자녀 있음 ,아파트/ 주상복합,서울,광진구,자양1동,애플,KT,레저/자동차,자전거/용품,자전거,지오스빈티지벨로체/GiosVintage Veloce 로드자전거,http://item.gmarket.co.kr/Item?goodscode=1273357815
D***2,201909**,F,3,"전문직 (의사, 판검사, 예술가, 종교인)",200~299만원,아니오,          ,아파트/ 주상복합,서울,강남구,대치동,애플,KT,자전거,자전거부품,보조바퀴,SM-901성인용 보조바퀴(20~26인치용),http://www.11st.co.kr/product/SellerProductDetail.tmall?method=getSellerProductDetail&prdNo=1200999290
D***2,201909**,M,5,무직,100만원 미만,아니오,          ,아파트/ 주상복합,경기,김포시,풍무동,삼성,SKT,레저/자동차,자전거/용품,자전거의류/잡화,GIROJAG 반장갑/지로 장갑/땀흡수/통기성/4웨이 신축성/충격흡수패딩/자전거장갑/지로장갑/자전거용품,http://www.11st.co.kr/product/SellerProductDetail.tmall?method=getSellerProductDetail&prdNo=1274875036
D***8,201909**,F,4,"사무직 (일반사무직, 공무원, 직업군인)",200~299만원,      ,          ,아파트/ 주상복합,경북,김천시,황금동,삼성,SKT,자전거,튜닝용품,물통받침대,대만아이베라 경량 물통케이지 물병 더블 안장마운트,http://www.11st.co.kr/product/SellerProductDetail.tmall?method=getSellerProductDetail&prdNo=1084359208
D***8,201909**,M,4,"사무직 (일반사무직, 공무원, 직업군인)",800~899만원,예    ,자녀 있음 ,아파트/ 주상복합,서울,강동구,강일동,삼성,SKT,레저/자동차,자전거/용품,자전거타이어/부품,자전거수리키트+펌프 자전거공구세트 펑크패치,http://www.11st.co.kr/product/SellerProductDetail.tmall?method=getSellerProductDetail&prdNo=1103998698
D***,201909**,M,3,"사무직 (일반사무직, 공무원, 직업군인)",800~899만원,예    ,자녀 있음 ,아파트/ 주상복합,전북,익산시,동산동,삼성,LG U+,자전거/보드,자전거타이어/부품,자전거튜브,[흥아]흥아 700C x 23/25C 프레스타 60mm 자전거튜브 로드,http://item.gmarket.co.kr/Item?goodscode=1287260612
D***,201909**,M,3,"사무직 (일반사무직, 공무원, 직업군인)",200~299만원,      ,          ,아파트/ 주상복합,서울,송파구,방이2동,삼성,SKT,자전거/보드,자전거타이어/부품,자전거튜브,[CST]700x25/32C fv60mm 자전거튜브 프레스타 흥아 켄다,http://item.gmarket.co.kr/Item?goodscode=1283528097
D***5,201909**,M,4,"사무직 (일반사무직, 공무원, 직업군인)",200~299만원,      ,          ,아파트/ 주상복합,경기,성남시 분당구,수내동,삼성,SKT,자전거,자전거부품,변속기,변속레버/자전거기어/시마노변속레버/그립쉬프트,http://www.11st.co.kr/product/SellerProductDetail.tmall?method=getSellerProductDetail&prdNo=1280799725
D***6,201909**,M,5,"관리직 (사장, 간부, 고위공무원)",500~599만원,예    ,자녀 있음 ,아파트/ 주상복합,광주,남구,백운동,삼성,LG U+,자전거,자전거신발/고글/헬멧,장갑,자전거방한토시 바이크 핸들덮개 방한커버 손토시,http://www.11st.co.kr/product/SellerProductDetail.tmall?method=getSellerProductDetail&prdNo=1164858474
D***0,201909**,F,4,기타 ,400~499만원,예    ,자녀 있음 ,아파트/ 주상복합,경기,시흥시,정왕3동,삼성,SKT,자전거/보드,일반자전거,외발/삼륜/2인용,[지오닉스]자이덴 나누미 20(50cm) 6단 성인용 세발자전거,http://item.gmarket.co.kr/Item?goodscode=1111789839
D***0,201909**,F,3,"주부 (전업주부, 파트타임 근무 주부)",500~599만원,예    ,자녀 있음 ,아파트/ 주상복합,경기,화성시,남양동,애플,SKT,레저/자동차,자전거/용품,자전거의류/잡화,아동.유아.어린이/무릎보호대.헬멧.장갑 세트/자전거용품.인라인스케이트.씽씽카.안전용품.블랙프라이데이,http://www.11st.co.kr/product/SellerProductDetail.tmall?method=getSellerProductDetail&prdNo=1066221250
D***0,201909**,F,3,"주부 (전업주부, 파트타임 근무 주부)",500~599만원,예    ,자녀 있음 ,아파트/ 주상복합,경기,화성시,남양동,애플,SKT,레저/자동차,자전거/용품,자전거,[에어휠]BEST전동킥보드/스쿠터 인기브랜드 에어휠/스티고/이지휠 택1,http://www.lotteimall.com/goods/viewGoodsDetail.lotte?goods_no=1263374352
D***5,201909**,F,3,"전문직 (의사, 판검사, 예술가, 종교인)",100~199만원,아니오,          ,오피스텔,서울,동작구,흑석동,애플,LG U+,자전거/보드,자전거라이트,라이트거치대,페어맨만능 18650충전기 FLIC-210 자전거라이트 2구,http://item.gmarket.co.kr/Item?goodscode=1237810051
D***6,201909**,M,2,"학생 (초중고학생, 대학생, 대학원생)",100만원 미만,아니오,          ,아파트/ 주상복합,경기,수원시 장안구,정자3동,LG,KT,레저/자동차,자전거/용품,헬멧/보호장비,GAIUS어반헬멧 킥보드헬멧 성인 청소년헬멧,http://www.11st.co.kr/product/SellerProductDetail.tmall?method=getSellerProductDetail&prdNo=1036710596
D***9,201909**,F,5,"사무직 (일반사무직, 공무원, 직업군인)",200~299만원,      ,          ,아파트/ 주상복합,경기,성남시 수정구,창곡동,삼성,SKT,자전거,자전거,MTB,베리벨로보스톤GS 18년형 22인치 초등학생 MTB자전거,http://www.11st.co.kr/product/SellerProductDetail.tmall?method=getSellerProductDetail&prdNo=1240605806
D***,201909**,M,5,"사무직 (일반사무직, 공무원, 직업군인)",200~299만원,      ,          ,아파트/ 주상복합,충남,천안시 동남구,신부동,삼성,SKT,레저/자동차,자전거/용품,자전거,[에어휠]BEST전동킥보드/스쿠터 인기브랜드 에어휠/스티고/이지휠 택1,http://www.lotteimall.com/goods/viewGoodsDetail.lotte?goods_no=1263374352
D***,201909**,M,4,"사무직 (일반사무직, 공무원, 직업군인)",200~299만원,      ,          ,아파트/ 주상복합,경북,구미시,공단동,삼성,SKT,자전거/보드,자전거장갑/잡화,자전거장갑,[킹썰]스포츠/등산/자전거장갑/여름장갑/반장갑/핸드폰터치,http://item.gmarket.co.kr/Item?goodscode=1144168847
D***,201909**,F,4,"교직 (교사, 유치원교사, 학원강사)",800~899만원,아니오,          ,연립주택/ 다세대/ 빌라,서울,은평구,갈현동,삼성,KT,레저/자동차,자전거/용품,자전거,삼천리가족형 HF200 7단 미니벨로 20형 접이식자전거,http://www.11st.co.kr/product/SellerProductDetail.tmall?method=getSellerProductDetail&prdNo=1096162616
D***1,201909**,M,4,"서비스직 (요식업, 숙박업, 미용실종업원)",400~499만원,아니오,          ,단독주택,서울,구로구,가리봉동,삼성,SKT,레저/자동차,자전거/용품,자전거의류/잡화,머스타시벌룬 기모마스크 MHM-10/방한/보드마스크,http://www.11st.co.kr/product/SellerProductDetail.tmall?method=getSellerProductDetail&prdNo=1187564080
D***7,201909**,F,3,"사무직 (일반사무직, 공무원, 직업군인)",200~299만원,      ,          ,아파트/ 주상복합,서울,은평구,진관동,삼성,SKT,자전거,자전거신발/고글/헬멧,보호대,나스카썬블럭 쿨토시/네이비/팔토시/자외선차단/스포츠/골프/등산/자전거/테니스/암슬리브/운전,http://www.11st.co.kr/product/SellerProductDetail.tmall?method=getSellerProductDetail&prdNo=1274967893
D***1,201909**,F,3,"사무직 (일반사무직, 공무원, 직업군인)",100~199만원,아니오,          ,연립주택/ 다세대/ 빌라,서울,강서구,화곡3동,애플,KT,자전거,튜닝용품,거치대,(추천)말대가리 스마트 거치대/ 휴대폰거치대 스마트폰거치대 거치대 차량용폰거치대 핸폰거치대 헨드폰거,http://www.11st.co.kr/product/SellerProductDetail.tmall?method=getSellerProductDetail&prdNo=1222876667
D***7,201909**,F,5,"판매직 (상점점원, 보험설계사, 노점상)",600~699만원,예    ,자녀 있음 ,단독주택,서울,송파구,거여2동,삼성,KT,레저/자동차,자전거/용품,자전거,스타카토에스코트 7단 접이식 자전거 바구니 포함,http://www.11st.co.kr/product/SellerProductDetail.tmall?method=getSellerProductDetail&prdNo=1216359097
D***0,201909**,M,2,"사무직 (일반사무직, 공무원, 직업군인)",200~299만원,      ,          ,아파트/ 주상복합,대구,달서구,용산2동,삼성,SKT,자전거,자전거부품,페달,"토클립세트 (1쌍. 가죽밴드, 볼트 포함) Toe Clip Set 대만생산품. 픽시 클래식 로드 등 자전거 부품 용품",http://www.11st.co.kr/product/SellerProductDetail.tmall?method=getSellerProductDetail&prdNo=1114857336
D***9,201909**,F,3,"사무직 (일반사무직, 공무원, 직업군인)",300~399만원,예    ,자녀 있음 ,연립주택/ 다세대/ 빌라,경기,부천시 소사구,괴안동,애플,SKT,레저/자동차,자전거/용품,자전거액세서리,SCHWALBE슈발베 타이어레버 3개한세트 타이어교체 / 튜블러 시멘트/리무버/이지핏 악세사리,http://www.11st.co.kr/product/SellerProductDetail.tmall?method=getSellerProductDetail&prdNo=1263501442
D***5,201909**,M,3,"사무직 (일반사무직, 공무원, 직업군인)",300~399만원,예    ,자녀 있음 ,아파트/ 주상복합,경기,김포시,마산동,삼성,알뜰폰(MVNO),자전거,자전거부품,브레이크패드,시마노디스크 브레이크 Resin 패드 B01S/BR-T615/C501/M575/M525/M486/M485/M475/M465 레진패드/래진패드,http://www.11st.co.kr/product/SellerProductDetail.tmall?method=getSellerProductDetail&prdNo=1060069949
D***0,201909**,M,3,"사무직 (일반사무직, 공무원, 직업군인)",900~999만원,예    ,자녀 없음 ,아파트/ 주상복합,서울,광진구,구의동,애플,SKT,자전거,자전거신발/고글/헬멧,헬멧,어반헬멧/GIRO 쿼터 다임 딤/BELL 세그먼트/자전거,http://www.11st.co.kr/product/SellerProductDetail.tmall?method=getSellerProductDetail&prdNo=1244123994
D***2,201909**,F,2,"서비스직 (요식업, 숙박업, 미용실종업원)",700~799만원,아니오,          ,아파트/ 주상복합,경기,화성시,동탄면,애플,SKT,자전거,자전거신발/고글/헬멧,신발,에코사이클링/스피닝슈즈/스피닝운동화/스피닝신발/클릿슈즈/사이클운동화/사이클신발/사이클슈즈/클릿포함,http://www.11st.co.kr/product/SellerProductDetail.tmall?method=getSellerProductDetail&prdNo=1262545428
D***3,201909**,M,2,"학생 (초중고학생, 대학생, 대학원생)",200~299만원,아니오,          ,아파트/ 주상복합,경기,남양주시,오남읍,LG,SKT,레저/자동차,자전거/용품,자전거액세서리,"자전거커버,바이크린,자전거,자전거용품,싸이클",http://www.11st.co.kr/product/SellerProductDetail.tmall?method=getSellerProductDetail&prdNo=1170093481
D***4,201909**,M,3,기타 ,300~399만원,예    ,자녀 없음 ,아파트/ 주상복합,인천,연수구,연수동,LG,SKT,레저/자동차,자전거/용품,자전거,알톤어린이용 경량 알루미늄 접이식 자전거 라바폴딩18인치,http://www.11st.co.kr/product/SellerProductDetail.tmall?method=getSellerProductDetail&prdNo=1096512754
D***,201909**,M,3,"사무직 (일반사무직, 공무원, 직업군인)",200~299만원,      ,          ,아파트/ 주상복합,경기,고양시 일산동구,중산동,삼성,SKT,자전거,자전거,사이클,[HK]예거메티1디스크 로드자전거 카본포크 소라,http://www.11st.co.kr/product/SellerProductDetail.tmall?method=getSellerProductDetail&prdNo=1075538001
D***,201909**,M,2,"학생 (초중고학생, 대학생, 대학원생)",200~299만원,아니오,          ,아파트/ 주상복합,경기,시흥시,은행동,삼성,LG U+,자전거,자전거부품,안장,대만New 카본 시트포스트 (27.2/31.6mm) 풀카본 자전거 안장봉/초경량 싯포스트 (세미카),http://www.11st.co.kr/product/SellerProductDetail.tmall?method=getSellerProductDetail&prdNo=1015126992
D***,201909**,M,5,"사무직 (일반사무직, 공무원, 직업군인)",200~299만원,      ,          ,아파트/ 주상복합,서울,노원구,하계1동,삼성,SKT,자전거,자전거관리용품,에어펌프(발펌프),GIYO지요 GF-56GTB ULTRA 자전거펌프 공기배출기능,http://www.11st.co.kr/product/SellerProductDetail.tmall?method=getSellerProductDetail&prdNo=1147853726
D***,201909**,M,4,"사무직 (일반사무직, 공무원, 직업군인)",200~299만원,      ,          ,아파트/ 주상복합,경기,광주시,오포읍,삼성,SKT,캠핑/골프/헬스/자전거,자전거의류/용품,공용상의,[MCN]윈드베스트 MSV-16 블랙/자전거조끼,http://www.hnsmall.com/display/goods.do?goods_code=12602302
D***,201909**,F,2,"사무직 (일반사무직, 공무원, 직업군인)",200~299만원,      ,          ,아파트/ 주상복합,서울,강남구,역삼동,삼성,SKT,레저/자동차,자전거/용품,자전거액세서리,자전거라이트LED 전조등 후미등 후레쉬 [거치대증정],http://www.11st.co.kr/product/SellerProductDetail.tmall?method=getSellerProductDetail&prdNo=1080334719
D***8,201909**,M,5,"사무직 (일반사무직, 공무원, 직업군인)",200~299만원,      ,          ,아파트/ 주상복합,대전,서구,둔산2동,삼성,SKT,레저/자동차,자전거/용품,자전거액세서리,"매그닉라이트/전조등,후미등싱글판매/충전필요없는 독일특허 비접촉 자전거라이트/자전거용품/무료배송",http://www.11st.co.kr/product/SellerProductDetail.tmall?method=getSellerProductDetail&prdNo=1242176076
D***2,201909**,M,4,"사무직 (일반사무직, 공무원, 직업군인)",200~299만원,      ,          ,아파트/ 주상복합,경남,창원시 진해구,경화동,삼성,SKT,자전거,자전거관리용품,튜브벨브/어댑터/노즐,[아답터모음] 던롭 프레스타 슈레더 공 튜브 어뎁터 펌프 호환 아답타 공기주입 던롭집게 자전거용품,http://www.11st.co.kr/product/SellerProductDetail.tmall?method=getSellerProductDetail&prdNo=1002005394
D***4,201909**,F,3,"사무직 (일반사무직, 공무원, 직업군인)",400~499만원,예    ,자녀 있음 ,연립주택/ 다세대/ 빌라,경기,안산시 단원구,신길동,삼성,LG U+,유아동,유아동완구/교구,승용완구,STONETREE스톤트리 트라이크 - 유모차 세발 자전거,http://item.gmarket.co.kr/Item?goodscode=1129986013
D***3,201909**,M,2,"사무직 (일반사무직, 공무원, 직업군인)",200~299만원,      ,          ,아파트/ 주상복합,경기,수원시 영통구,하동,삼성,SKT,자전거/보드,자전거헬멧,기타브랜드 헬멧,[삼천리자전거]미니마우스 헬멧보호대 세트 어린이 자전거 킥보드/ 삼천리자전거,http://item.gmarket.co.kr/Item?goodscode=1112014699
D***7,201909**,M,2,"판매직 (상점점원, 보험설계사, 노점상)",100~199만원,아니오,          ,연립주택/ 다세대/ 빌라,서울,구로구,구로1동,삼성,KT,자전거,자전거관리용품,광택,자전거방수보관커버/방수자전거 커버/PEVA원단,http://www.11st.co.kr/product/SellerProductDetail.tmall?method=getSellerProductDetail&prdNo=1255618282
D***0,201909**,F,2,무직,500~599만원,아니오,          ,아파트/ 주상복합,경기,안산시 상록구,건건동,애플,LG U+,자전거/보드,자전거타이어/부품,자전거튜브,[흥아]흥아 26인치x1.75/2.125 프레스타 60mm 자전거튜브,http://item.gmarket.co.kr/Item?goodscode=1284816502
D***2,201909**,M,4,"사무직 (일반사무직, 공무원, 직업군인)",800~899만원,아니오,          ,아파트/ 주상복합,서울,마포구,마포동,애플,SKT,자전거/보드,자전거타이어/부품,자전거튜브,[CST]700x25/32C fv48mm 자전거튜브 프레스타 흥아 켄다,http://item.gmarket.co.kr/Item?goodscode=1283527298
D***,201909**,M,5,"사무직 (일반사무직, 공무원, 직업군인)",800~899만원,예    ,자녀 있음 ,아파트/ 주상복합,전북,무주군,무주읍,LG,LG U+,자전거,자전거부품,브레이크레버,브레이크레버/아동용/성인용/알로이브레이크레버/자전거부품/자전거브레이크레버,http://www.11st.co.kr/product/SellerProductDetail.tmall?method=getSellerProductDetail&prdNo=1280791866
D***,201909**,F,4,"교직 (교사, 유치원교사, 학원강사)",300~399만원,예    ,자녀 없음 ,아파트/ 주상복합,부산,해운대구,중1동,삼성,SKT,레저/자동차,자전거/용품,자전거,자전거공구셋트/5가지기능 스페너13mm 15mm 육각렌지4mm5mm6mm 부품 용품,http://www.11st.co.kr/product/SellerProductDetail.tmall?method=getSellerProductDetail&prdNo=1268973574
D***,201909**,M,2,"사무직 (일반사무직, 공무원, 직업군인)",200~299만원,      ,          ,아파트/ 주상복합,부산,사하구,장림2동,삼성,SKT,자전거/보드,자전거라이트,자전거라이트/전조등,몬스터라이트LG화학 18650 배터리 3050mAh,http://item.gmarket.co.kr/Item?goodscode=1280497915
D***,201909**,M,3,"사무직 (일반사무직, 공무원, 직업군인)",200~299만원,      ,          ,아파트/ 주상복합,경북,칠곡군,북삼읍,삼성,SKT,자전거/보드,일반자전거,외발/삼륜/2인용,[자이덴]지오닉스 나누미 에코 성인용 세발 트라이 삼륜자전거,http://item.gmarket.co.kr/Item?goodscode=1292909571
D***,201909**,M,2,"사무직 (일반사무직, 공무원, 직업군인)",200~299만원,아니오,          ,아파트/ 주상복합,광주,북구,중흥3동,삼성,SKT,레저/자동차,자전거/용품,자전거액세서리,정품미국 CREE사 LED Q5 줌 라이트/자전거/전조등/후레쉬/랜턴/손전등/거치대/건전지/안전등/용품/야간등,http://www.11st.co.kr/product/SellerProductDetail.tmall?method=getSellerProductDetail&prdNo=1200933401
D***0,201909**,F,4,"주부 (전업주부, 파트타임 근무 주부)",700~799만원,예    ,자녀 있음 ,아파트/ 주상복합,경기,수원시 영통구,매탄3동,삼성,LG U+,자전거/보드,자전거신발/페달,자전거페달,자전거보조발판(소/중)자전거발받침/발판 알루미늄,http://item.gmarket.co.kr/Item?goodscode=1155657749
D***8,201909**,M,2,"사무직 (일반사무직, 공무원, 직업군인)",200~299만원,      ,          ,아파트/ 주상복합,서울,강서구,화곡8동,삼성,SKT,자전거,자전거신발/고글/헬멧,헬멧,필모리스/F381/F373/자전거헬멧/성인용헬멧/안전용품,http://www.11st.co.kr/product/SellerProductDetail.tmall?method=getSellerProductDetail&prdNo=1289945654
D***8,201909**,M,2,"학생 (초중고학생, 대학생, 대학원생)",300~399만원,아니오,          ,단독주택,광주,북구,두암1동,삼성,SKT,캠핑/골프/헬스/자전거,자전거의류/용품,공용하의,[MCN]네오 베이직 7부 바지/승마바지,http://www.hnsmall.com/display/goods.do?goods_code=12497037
D***8,201909**,M,3,"사무직 (일반사무직, 공무원, 직업군인)",300~399만원,예    ,자녀 있음 ,아파트/ 주상복합,강원,삼척시,교동,LG,KT,레저/자동차,자전거/용품,자전거액세서리,유아안장자전거유아안장 후방유아안장 아동보조안장,http://www.11st.co.kr/product/SellerProductDetail.tmall?method=getSellerProductDetail&prdNo=124136733
D***2,201909**,M,3,"생산/노무직 (생산감독, 경비원, 공장근로자)",100~199만원,예    ,자녀 없음 ,단독주택,경기,수원시 팔달구,화서1동,LG,알뜰폰(MVNO),레저/자동차,자전거/용품,자전거,알톤쉐보레 CFB2.4 24단 팻바이크/노바투스/우라노,http://www.11st.co.kr/product/SellerProductDetail.tmall?method=getSellerProductDetail&prdNo=1288179623
D***1,201909**,M,4,"생산/노무직 (생산감독, 경비원, 공장근로자)",300~399만원,예    ,자녀 있음 ,단독주택,경남,통영시,당동,LG,KT,자전거,자전거신발/고글/헬멧,헬멧,자전거커버방수 덮개 오토바이,http://www.11st.co.kr/product/SellerProductDetail.tmall?method=getSellerProductDetail&prdNo=1269616509
D***7,201909**,M,3,"사무직 (일반사무직, 공무원, 직업군인)",200~299만원,      ,          ,아파트/ 주상복합,경기,수원시 영통구,이의동,삼성,SKT,자전거,튜닝용품,잠금장치,호비대만정품 LJ9080 4관절락 자전거자물쇠 사관절,http://www.11st.co.kr/product/SellerProductDetail.tmall?method=getSellerProductDetail&prdNo=11383586
D***,201909**,F,4,"교직 (교사, 유치원교사, 학원강사)",200~299만원,예    ,자녀 있음 ,아파트/ 주상복합,전남,목포시,연산동,삼성,SKT,자전거,자전거신발/고글/헬멧,장갑,자전거방한토시 바이크 핸들덮개 방한커버 손토시,http://www.11st.co.kr/product/SellerProductDetail.tmall?method=getSellerProductDetail&prdNo=1164858474
D***,201909**,M,3,"사무직 (일반사무직, 공무원, 직업군인)",200~299만원,      ,          ,아파트/ 주상복합,경기,수원시 장안구,파장동,삼성,SKT,레저/자동차,자전거/용품,자전거액세서리,스나이퍼코리아블랙울프 18650배터리 충전기모음,http://www.11st.co.kr/product/SellerProductDetail.tmall?method=getSellerProductDetail&prdNo=1272010256
D***,201909**,F,4,"판매직 (상점점원, 보험설계사, 노점상)",500~599만원,아니오,          ,연립주택/ 다세대/ 빌라,서울,강남구,신사동,애플,KT,레저/자동차,자전거/용품,자전거,[삼천리]접이식여성자전거/미니벨로 바구니 자전거,http://www.11st.co.kr/product/SellerProductDetail.tmall?method=getSellerProductDetail&prdNo=1013926352
D***,201909**,F,5,"사무직 (일반사무직, 공무원, 직업군인)",200~299만원,      ,          ,아파트/ 주상복합,인천,연수구,동춘2동,삼성,SKT,자전거/보드,자전거헬멧,기타브랜드 헬멧,EVSSX02 Knee Brace 오토바이무릎인대파열방지보호대/,http://item.gmarket.co.kr/Item?goodscode=1117646191
D***,201909**,F,2,"학생 (초중고학생, 대학생, 대학원생)",500~599만원,아니오,          ,아파트/ 주상복합,서울,서대문구,영천동,삼성,SKT,레저/자동차,자전거/용품,자전거액세서리,"자전거커버,바이크린,자전거,자전거용품,싸이클",http://www.11st.co.kr/product/SellerProductDetail.tmall?method=getSellerProductDetail&prdNo=1170093481
D***4,201909**,M,5,"사무직 (일반사무직, 공무원, 직업군인)",200~299만원,      ,          ,아파트/ 주상복합,서울,동대문구,휘경2동,삼성,SKT,레저/자동차,자전거/용품,자전거타이어/부품,야광젤타입 자전거 안장 자전거 용품 레저 취미,http://item.gmarket.co.kr/Item?goodscode=1268231013
D***7,201909**,F,4,"주부 (전업주부, 파트타임 근무 주부)",100~199만원,예    ,자녀 있음 ,연립주택/ 다세대/ 빌라,대구,북구,태전동,LG,SKT,자전거/보드,자전거장갑/잡화,자전거장갑,[프로스펙스]스마트 방한장갑 등산장갑 자전거장갑 겨울장갑 축구,http://item.gmarket.co.kr/Item?goodscode=1150372758
D***9,201909**,F,5,"사무직 (일반사무직, 공무원, 직업군인)",200~299만원,      ,          ,아파트/ 주상복합,경기,평택시,비전2동,삼성,SKT,자전거,자전거관리용품,펑크패치,호비번개표 펑크패치 타이어수리 타이어레버 빵구,http://www.11st.co.kr/product/SellerProductDetail.tmall?method=getSellerProductDetail&prdNo=12271947
D***3,201909**,F,4,기타 ,400~499만원,예    ,자녀 있음 ,아파트/ 주상복합,경기,화성시,능동,삼성,SKT,레저/자동차,자전거/용품,자전거의류/잡화,방한멀티스카프/멀티워머/넥워머/마스크/스키/자전거,http://item.gmarket.co.kr/Item?goodscode=1145899445
D***5,201909**,F,4,"주부 (전업주부, 파트타임 근무 주부)",500~599만원,예    ,자녀 있음 ,아파트/ 주상복합,경남,진주시,초전동,삼성,SKT,레저/자동차,자전거/용품,자전거,사은품증정[삼천리자전거]아이비/어린이자전거/아동용,http://www.11st.co.kr/product/SellerProductDetail.tmall?method=getSellerProductDetail&prdNo=1079264363
D***5,201909**,M,3,"전문직 (의사, 판검사, 예술가, 종교인)",200~299만원,아니오,          ,단독주택,서울,은평구,응암1동,삼성,KT,레저/자동차,자전거/용품,자전거,지멘스여성용 부인용 자전거 클래식 24 26인치,http://item.gmarket.co.kr/Item?goodscode=1110235162
D***9,201909**,M,3,"사무직 (일반사무직, 공무원, 직업군인)",300~399만원,예    ,자녀 있음 ,아파트/ 주상복합,경북,울진군,울진읍,삼성,SKT,레저/자동차,자전거/용품,자전거의류/잡화,쿨바라클라바자외선차단마스크 여름마스크 쿨마스크,http://www.11st.co.kr/product/SellerProductDetail.tmall?method=getSellerProductDetail&prdNo=11116518
D***1,201909**,M,3,"사무직 (일반사무직, 공무원, 직업군인)",400~499만원,예    ,자녀 없음 ,아파트/ 주상복합,경남,창원시 성산구,반림동,삼성,SKT,자전거,튜닝용품,전시스탠드,포인트배너실외용거치대 양면겸용 홍보 이벤트,http://www.11st.co.kr/product/SellerProductDetail.tmall?method=getSellerProductDetail&prdNo=1236804619
D***9,201909**,F,5,"주부 (전업주부, 파트타임 근무 주부)",200~299만원,예    ,자녀 있음 ,아파트/ 주상복합,서울,노원구,상계1동,애플,KT,자전거/보드,로드자전거,알루미늄자전거,2017알톤 벨록스 CC 로드 사이클로크로스 자전거,http://item.gmarket.co.kr/Item?goodscode=1112776902
D***8,201909**,M,4,무직,400~499만원,예    ,자녀 있음 ,아파트/ 주상복합,서울,서초구,방배3동,삼성,SKT,레저/자동차,자전거/용품,자전거액세서리,"자전거커버,바이크린,자전거,자전거용품,싸이클",http://www.11st.co.kr/product/SellerProductDetail.tmall?method=getSellerProductDetail&prdNo=1170093481
D***,201909**,F,4,"사무직 (일반사무직, 공무원, 직업군인)",500~599만원,예    ,자녀 있음 ,연립주택/ 다세대/ 빌라,경기,부천시 원미구,상동,삼성,SKT,자전거/보드,자전거액세서리,자전거짐받이,바이크박스블랙   -  생활용 여성용 접이식 자전거 짐받이 거치용 접이식 짐 바구니,http://item.gmarket.co.kr/Item?goodscode=128833406
D***,201909**,M,4,"사무직 (일반사무직, 공무원, 직업군인)",200~299만원,      ,          ,아파트/ 주상복합,대전,유성구,지족동,삼성,SKT,자전거,자전거부품,체인,"SramX1 체인, PC-X1, 11단/11단용 자전거 체인",http://www.11st.co.kr/product/SellerProductDetail.tmall?method=getSellerProductDetail&prdNo=1261677729
D***7,201909**,F,4,"주부 (전업주부, 파트타임 근무 주부)",300~399만원,예    ,자녀 있음 ,아파트/ 주상복합,울산,울주군,온양읍,LG,SKT,자전거,자전거신발/고글/헬멧,보호대,나이키/팔토시/쿨토시/자외선차단/스포츠/레저/등산용,http://www.11st.co.kr/product/SellerProductDetail.tmall?method=getSellerProductDetail&prdNo=1221115615
D***7,201909**,F,4,"전문직 (의사, 판검사, 예술가, 종교인)",800~899만원,예    ,자녀 있음 ,아파트/ 주상복합,경기,고양시 덕양구,성사2동,삼성,SKT,자전거,튜닝용품,속도계,자전거무선속도계 엑스헌터 자전거속도계 자전거용품,http://www.11st.co.kr/product/SellerProductDetail.tmall?method=getSellerProductDetail&prdNo=1249839989
D***7,201909**,M,4,"사무직 (일반사무직, 공무원, 직업군인)",300~399만원,아니오,          ,아파트/ 주상복합,서울,성북구,길음1동,삼성,SKT,자전거,튜닝용품,물통받침대,대만아이베라 경량 물통케이지 물병 더블 안장마운트,http://www.11st.co.kr/product/SellerProductDetail.tmall?method=getSellerProductDetail&prdNo=1084359208
D***9,201909**,M,4,무직,100만원 미만,아니오,          ,아파트/ 주상복합,서울,구로구,항동,삼성,알뜰폰(MVNO),레저/자동차,자전거/용품,자전거액세서리,자전거유아안장전방유아안장 아동보조안장,http://www.11st.co.kr/product/SellerProductDetail.tmall?method=getSellerProductDetail&prdNo=124145685
D***,201910**,M,4,"사무직 (일반사무직, 공무원, 직업군인)",200~299만원,      ,          ,아파트/ 주상복합,경기,양주시,삼숭동,삼성,SKT,레저/자동차,자전거/용품,자전거액세서리,로드MTB 충전식 자전거라이트 용품 18650 배터리,http://www.11st.co.kr/product/SellerProductDetail.tmall?method=getSellerProductDetail&prdNo=1004933124
D***,201910**,F,5,"사무직 (일반사무직, 공무원, 직업군인)",200~299만원,      ,          ,아파트/ 주상복합,경기,수원시 영통구,망포동,삼성,SKT,레저/자동차,자전거/용품,헬멧/보호장비,"Giro헬멧/Quarter 쿼터, 어번/더트 (6색상)",http://www.11st.co.kr/product/SellerProductDetail.tmall?method=getSellerProductDetail&prdNo=1230444459
D***,201910**,M,5,"사무직 (일반사무직, 공무원, 직업군인)",200~299만원,      ,          ,아파트/ 주상복합,경기,용인시 수지구,죽전1동,삼성,SKT,자전거/보드,자전거타이어/부품,자전거타이어,자전거휠라이트 반사 스트로우 바퀴 야간 안전 야광,http://item.gmarket.co.kr/Item?goodscode=1184423428
D***,201910**,F,2,"사무직 (일반사무직, 공무원, 직업군인)",200~299만원,      ,          ,아파트/ 주상복합,대구,수성구,황금1동,삼성,SKT,자전거,자전거관리용품,튜브벨브/어댑터/노즐,호비던롭밸브셋트 무시고무 공기 주입을 하여도 바람이 샐경우 교체,http://www.11st.co.kr/product/SellerProductDetail.tmall?method=getSellerProductDetail&prdNo=1244185249
D***4,201910**,F,5,"사무직 (일반사무직, 공무원, 직업군인)",200~299만원,      ,          ,아파트/ 주상복합,서울,강동구,명일2동,삼성,SKT,레저/자동차,자전거/용품,자전거,알톤베네통키드자전거/아동/알루미늄/고급어린이네발,http://www.11st.co.kr/product/SellerProductDetail.tmall?method=getSellerProductDetail&prdNo=1160671411
D***,201910**,F,5,"사무직 (일반사무직, 공무원, 직업군인)",500~599만원,예    ,자녀 있음 ,아파트/ 주상복합,서울,동작구,노량진1동,삼성,LG U+,자전거,튜닝용품,물통받침대,대만아이베라 경량 물통케이지 물병 더블 안장마운트,http://www.11st.co.kr/product/SellerProductDetail.tmall?method=getSellerProductDetail&prdNo=1084359208
D***,201910**,F,2,"사무직 (일반사무직, 공무원, 직업군인)",200~299만원,      ,          ,아파트/ 주상복합,충남,서산시,석림동,삼성,SKT,레저/자동차,자전거/용품,자전거,베리벨로보스톤GS 22 18년형 22인치 MTB자전거,http://www.11st.co.kr/product/SellerProductDetail.tmall?method=getSellerProductDetail&prdNo=1264898395
D***5,201910**,M,5,"사무직 (일반사무직, 공무원, 직업군인)",800~899만원,예    ,자녀 있음 ,아파트/ 주상복합,서울,구로구,개봉1동,삼성,SKT,자전거/보드,자전거타이어/부품,자전거튜브,[흥아]흥아 700C x 23/25C 프레스타 40mm 자전거튜브 로드,http://item.gmarket.co.kr/Item?goodscode=1287219517
D***5,201910**,M,2,"사무직 (일반사무직, 공무원, 직업군인)",200~299만원,      ,          ,아파트/ 주상복합,서울,강동구,암사3동,삼성,SKT,캠핑/골프/헬스/자전거,자전거의류/용품,기타용품,발목밴드,http://www.hnsmall.com/display/goods.do?goods_code=11522932
D***5,201910**,M,5,"사무직 (일반사무직, 공무원, 직업군인)",500~599만원,예    ,자녀 있음 ,아파트/ 주상복합,서울,강동구,암사3동,삼성,SKT,자전거,자전거부품,브레이크패드,BARADINE바라딘 450 로드용 브레이크슈 브레이크 슈패드 고무패드 자전거용품 부품,http://www.11st.co.kr/product/SellerProductDetail.tmall?method=getSellerProductDetail&prdNo=1073663674
D***5,201910**,M,3,무직,100만원 미만,아니오,          ,연립주택/ 다세대/ 빌라,경기,부천시 원미구,원미1동,LG,KT,레저/자동차,자전거/용품,자전거타이어/부품,삼천리알루미늄 핸드펌프  - 자전거 다용도 튜브 펌프 공기주입기,http://www.11st.co.kr/product/SellerProductDetail.tmall?method=getSellerProductDetail&prdNo=1218187968
D***1,201910**,M,2,"학생 (초중고학생, 대학생, 대학원생)",300~399만원,아니오,          ,아파트/ 주상복합,충북,청주시 흥덕구,가경동,애플,SKT,자전거,자전거신발/고글/헬멧,보호대,무료배송.국산쿨토시.팔토시.냉감토시.쿨마스크.아동,http://www.11st.co.kr/product/SellerProductDetail.tmall?method=getSellerProductDetail&prdNo=1249823887
D***,201910**,M,5,"사무직 (일반사무직, 공무원, 직업군인)",200~299만원,      ,          ,아파트/ 주상복합,서울,강북구,번2동,삼성,SKT,자전거,자전거부품,페달,"토클립세트 (1쌍. 가죽밴드, 볼트 포함) Toe Clip Set 대만생산품. 픽시 클래식 로드 등 자전거 부품 용품",http://www.11st.co.kr/product/SellerProductDetail.tmall?method=getSellerProductDetail&prdNo=1114857336
D***,201910**,M,4,"사무직 (일반사무직, 공무원, 직업군인)",200~299만원,      ,          ,아파트/ 주상복합,서울,강서구,화곡2동,삼성,SKT,자전거/보드,자전거타이어/부품,자전거튜브,[흥아]흥아 700C x 23/25C 프레스타 80mm 자전거튜브 로드,http://item.gmarket.co.kr/Item?goodscode=1287261891
D***,201910**,F,2,"사무직 (일반사무직, 공무원, 직업군인)",900~999만원,아니오,          ,아파트/ 주상복합,경기,평택시,합정동,삼성,SKT,자전거,튜닝용품,후미등,자전거후미등/후미등/실리콘/LED후미등/안전등,http://www.11st.co.kr/product/SellerProductDetail.tmall?method=getSellerProductDetail&prdNo=1067038322
D***5,201910**,M,4,"사무직 (일반사무직, 공무원, 직업군인)",500~599만원,예    ,자녀 있음 ,아파트/ 주상복합,경기,용인시 수지구,풍덕천2동,LG,KT,자전거,자전거신발/고글/헬멧,보호대,나스카썬블럭 쿨토시/네이비/팔토시/자외선차단/스포츠/골프/등산/자전거/테니스/암슬리브/운전,http://www.11st.co.kr/product/SellerProductDetail.tmall?method=getSellerProductDetail&prdNo=1274967893
D***1,201910**,M,2,"사무직 (일반사무직, 공무원, 직업군인)",200~299만원,      ,          ,아파트/ 주상복합,서울,강서구,마곡동,삼성,SKT,레저/자동차,자전거/용품,자전거,도미니크24인치하이브리드자전거초등학생~중학생까지,http://www.11st.co.kr/product/SellerProductDetail.tmall?method=getSellerProductDetail&prdNo=1090901926
D***2,201910**,M,3,"사무직 (일반사무직, 공무원, 직업군인)",200~299만원,      ,          ,아파트/ 주상복합,경북,구미시,인의동,삼성,SKT,자전거,자전거,MTB,앞뒤쇼바접이식 21단 26인치 입문 통학 출퇴근용 MTB,http://www.11st.co.kr/product/SellerProductDetail.tmall?method=getSellerProductDetail&prdNo=1082913347
D***4,201910**,F,4,"주부 (전업주부, 파트타임 근무 주부)",700~799만원,예    ,자녀 있음 ,아파트/ 주상복합,경기,수원시 영통구,이의동,삼성,SKT,레저/자동차,자전거/용품,자전거의류/잡화,{지오무역}[쿨멀티스카프모음]쿨마스크/냉동스카프/,http://www.11st.co.kr/product/SellerProductDetail.tmall?method=getSellerProductDetail&prdNo=1280486843
D***8,201910**,M,2,"사무직 (일반사무직, 공무원, 직업군인)",200~299만원,      ,          ,아파트/ 주상복합,서울,성북구,안암동3가,삼성,SKT,레저/자동차,자전거/용품,자전거,[스마트]삼천리/스마트 접이식자전거 미니벨로 4종,http://item.gmarket.co.kr/Item?goodscode=1278067146
D***5,201910**,F,3,"주부 (전업주부, 파트타임 근무 주부)",400~499만원,예    ,자녀 있음 ,아파트/ 주상복합,전북,전주시 덕진구,송천동1가,LG,KT,자전거/보드,일반자전거,외발/삼륜/2인용,[지오닉스]자이덴 나누미 20(50cm) 6단 성인용 세발자전거,http://item.gmarket.co.kr/Item?goodscode=1111789839
D***2,201910**,M,2,"전문직 (의사, 판검사, 예술가, 종교인)","1,000만원 이상",아니오,          ,연립주택/ 다세대/ 빌라,경남,김해시,진영읍,삼성,KT,자전거,튜닝용품,후미등,누빔멀티 라이트 NB-600 자전거 후미등 방향지시등,http://www.11st.co.kr/product/SellerProductDetail.tmall?method=getSellerProductDetail&prdNo=115116197
D***1,201910**,M,3,"사무직 (일반사무직, 공무원, 직업군인)",300~399만원,아니오,          ,오피스텔,서울,관악구,조원동,삼성,KT,레저/자동차,자전거/용품,자전거,자전거공구셋트/5가지기능 스페너13mm 15mm 육각렌지4mm5mm6mm 부품 용품,http://www.11st.co.kr/product/SellerProductDetail.tmall?method=getSellerProductDetail&prdNo=1268973574
D***3,201910**,F,4,"전문직 (의사, 판검사, 예술가, 종교인)",500~599만원,예    ,자녀 있음 ,아파트/ 주상복합,경북,김천시,남산동,삼성,KT,자전거,자전거신발/고글/헬멧,헬멧,자전거커버방수 덮개 오토바이,http://www.11st.co.kr/product/SellerProductDetail.tmall?method=getSellerProductDetail&prdNo=1269616509
D***1,201910**,M,2,"학생 (초중고학생, 대학생, 대학원생)",300~399만원,아니오,          ,아파트/ 주상복합,충북,청주시 흥덕구,가경동,애플,SKT,레저/자동차,자전거/용품,자전거,[에어휠]BEST전동킥보드/스쿠터 인기브랜드 에어휠/스티고/이지휠 택1,http://www.lotteimall.com/goods/viewGoodsDetail.lotte?goods_no=1263374352
D***3,201910**,F,4,"사무직 (일반사무직, 공무원, 직업군인)",200~299만원,      ,          ,아파트/ 주상복합,서울,강남구,일원2동,삼성,SKT,자전거,자전거신발/고글/헬멧,보호대,나스카썬블럭 쿨토시/네이비/팔토시/자외선차단/스포츠/골프/등산/자전거/테니스/암슬리브/운전,http://www.11st.co.kr/product/SellerProductDetail.tmall?method=getSellerProductDetail&prdNo=1274967893
D***6,201910**,M,2,"학생 (초중고학생, 대학생, 대학원생)",100만원 미만,아니오,          ,아파트/ 주상복합,전남,광양시,중동,애플,SKT,자전거/보드,자전거액세서리,자전거짐받이,바이크박스블랙   -  생활용 여성용 접이식 자전거 짐받이 거치용 접이식 짐 바구니,http://item.gmarket.co.kr/Item?goodscode=128833406
D***6,201910**,M,5,무직,100~199만원,예    ,자녀 있음 ,단독주택,제주,제주시,조천읍,삼성,KT,자전거,자전거,MTB,프로메이드풀서스펜션 24인치 MTB자전거 아스톤힐DS,http://www.11st.co.kr/product/SellerProductDetail.tmall?method=getSellerProductDetail&prdNo=1190027550
D***,201910**,M,2,"학생 (초중고학생, 대학생, 대학원생)",200~299만원,아니오,          ,아파트/ 주상복합,서울,성동구,하왕십리동,애플,SKT,자전거,자전거관리용품,에어펌프(발펌프),자전거펌프/미니펌프/공기주입기/자전거용품,http://www.11st.co.kr/product/SellerProductDetail.tmall?method=getSellerProductDetail&prdNo=12932277
D***,201910**,M,3,"사무직 (일반사무직, 공무원, 직업군인)",200~299만원,      ,          ,아파트/ 주상복합,경기,오산시,궐동,삼성,SKT,자전거,자전거신발/고글/헬멧,보호대,특가쿨토시 1+1 (2세트) /토시/아동쿨토시/팔토시,http://www.11st.co.kr/product/SellerProductDetail.tmall?method=getSellerProductDetail&prdNo=1291753831
D***,201910**,M,5,"사무직 (일반사무직, 공무원, 직업군인)",200~299만원,      ,          ,아파트/ 주상복합,경기,용인시 기흥구,농서동,삼성,SKT,자전거,자전거부품,브레이크레버,브레이크레버/아동용/성인용/알로이브레이크레버/자전거부품/자전거브레이크레버,http://www.11st.co.kr/product/SellerProductDetail.tmall?method=getSellerProductDetail&prdNo=1280791866
D***,201910**,M,3,"기능직 (자동차정비, 운전기사, 안경사, 택시기사)","1,000만원 이상",예    ,자녀 있음 ,연립주택/ 다세대/ 빌라,경기,수원시 영통구,이의동,삼성,KT,캠핑/골프/헬스/자전거,자전거의류/용품,공용상의,[MCN]윈드베스트 MSV-16 블랙/자전거조끼,http://www.hnsmall.com/display/goods.do?goods_code=12602302
D***0,201910**,M,5,"사무직 (일반사무직, 공무원, 직업군인)",200~299만원,      ,          ,아파트/ 주상복합,서울,강남구,대치동,삼성,SKT,자전거,자전거부품,안장,유아안장/짐받이장착/핸들바장착/목받이유아안장/자전거안장,http://www.11st.co.kr/product/SellerProductDetail.tmall?method=getSellerProductDetail&prdNo=1275573892
D***8,201910**,M,3,"사무직 (일반사무직, 공무원, 직업군인)",200~299만원,      ,          ,아파트/ 주상복합,경기,광명시,하안동,삼성,SKT,자전거/보드,자전거라이트,자전거라이트/전조등,몬스터라이트미니 자전거라이트  몬스터라이트 미니,http://item.gmarket.co.kr/Item?goodscode=1280390929
D***9,201910**,M,4,"사무직 (일반사무직, 공무원, 직업군인)",200~299만원,      ,          ,아파트/ 주상복합,경기,화성시,능동,삼성,SKT,레저/자동차,자전거/용품,자전거,[삼천리]접이자전거비타민24 24형 7단 미니벨로 폴딩,http://www.11st.co.kr/product/SellerProductDetail.tmall?method=getSellerProductDetail&prdNo=1208645013
D***0,201910**,F,4,"사무직 (일반사무직, 공무원, 직업군인)",200~299만원,      ,          ,아파트/ 주상복합,광주,동구,광산동,삼성,SKT,레저/자동차,자전거/용품,자전거,알톤어린이용 경량 알루미늄 접이식 자전거 라바폴딩18인치,http://www.11st.co.kr/product/SellerProductDetail.tmall?method=getSellerProductDetail&prdNo=1096512754
D***0,201910**,M,3,"사무직 (일반사무직, 공무원, 직업군인)",200~299만원,      ,          ,아파트/ 주상복합,대전,동구,판암동,삼성,SKT,자전거,자전거신발/고글/헬멧,보호대,나이키/팔토시/쿨토시/자외선차단/스포츠/레저/등산용,http://www.11st.co.kr/product/SellerProductDetail.tmall?method=getSellerProductDetail&prdNo=1221115615
D***2,201910**,F,4,"주부 (전업주부, 파트타임 근무 주부)",200~299만원,예    ,자녀 있음 ,연립주택/ 다세대/ 빌라,경기,안산시 상록구,본오동,삼성,KT,자전거,튜닝용품,잠금장치,호비대만정품 LJ9080 4관절락 자전거자물쇠 사관절,http://www.11st.co.kr/product/SellerProductDetail.tmall?method=getSellerProductDetail&prdNo=11383586
D***7,201910**,M,3,"학생 (초중고학생, 대학생, 대학원생)",500~599만원,아니오,          ,연립주택/ 다세대/ 빌라,서울,은평구,역촌동,애플,KT,자전거,자전거부품,체인,"SramX1 체인, PC-X1, 11단/11단용 자전거 체인",http://www.11st.co.kr/product/SellerProductDetail.tmall?method=getSellerProductDetail&prdNo=1261677729
D***6,201910**,M,3,"주부 (전업주부, 파트타임 근무 주부)",200~299만원,예    ,자녀 있음 ,연립주택/ 다세대/ 빌라,서울,동대문구,장안동,삼성,SKT,자전거/보드,로드자전거,알루미늄자전거,2017알톤 벨록스 CC 로드 사이클로크로스 자전거,http://item.gmarket.co.kr/Item?goodscode=1112776902
D***,201910**,M,4,"사무직 (일반사무직, 공무원, 직업군인)",200~299만원,      ,          ,아파트/ 주상복합,서울,강서구,화곡동,삼성,SKT,레저/자동차,자전거/용품,자전거의류/잡화,쿨마스크멀티스카프 자외선차단마스크 자전거마스크,http://www.11st.co.kr/product/SellerProductDetail.tmall?method=getSellerProductDetail&prdNo=1042041108
D***,201910**,F,5,"사무직 (일반사무직, 공무원, 직업군인)",200~299만원,      ,          ,아파트/ 주상복합,서울,노원구,상계9동,삼성,SKT,레저/자동차,자전거/용품,자전거,[21세기스쿠터]질주본능!21세기스쿠터/미드미 外 봄바람 일으키는 모빌리티 컬렉션,http://www.lotteimall.com/goods/viewGoodsDetail.lotte?goods_no=1154385444
D***,201910**,M,4,"사무직 (일반사무직, 공무원, 직업군인)",200~299만원,예    ,자녀 있음 ,아파트/ 주상복합,충북,청주시 상당구,용암2동,LG,KT,레저/자동차,자전거/용품,자전거,알톤어린이용 경량 알루미늄 접이식 자전거 라바폴딩18인치,http://www.11st.co.kr/product/SellerProductDetail.tmall?method=getSellerProductDetail&prdNo=1096512754
D***,201910**,M,2,"사무직 (일반사무직, 공무원, 직업군인)",200~299만원,      ,          ,아파트/ 주상복합,경기,성남시 분당구,구미동,삼성,SKT,레저/자동차,자전거/용품,자전거액세서리,블랙울프자전거 라이트 용품 18650 배터리 충전기,http://www.11st.co.kr/product/SellerProductDetail.tmall?method=getSellerProductDetail&prdNo=1003701027
D***,201910**,M,5,"사무직 (일반사무직, 공무원, 직업군인)",200~299만원,      ,          ,아파트/ 주상복합,경기,용인시 기흥구,동백동,삼성,SKT,자전거,자전거부품,브레이크패드,시마노디스크 브레이크 Resin 패드 B01S/BR-T615/C501/M575/M525/M486/M485/M475/M465 레진패드/래진패드,http://www.11st.co.kr/product/SellerProductDetail.tmall?method=getSellerProductDetail&prdNo=1060069949
D***,201910**,M,4,"사무직 (일반사무직, 공무원, 직업군인)",200~299만원,      ,          ,아파트/ 주상복합,서울,양천구,신정6동,삼성,SKT,자전거,자전거,사이클,[HK]예거메티1디스크 로드자전거 카본포크 소라,http://www.11st.co.kr/product/SellerProductDetail.tmall?method=getSellerProductDetail&prdNo=1075538001
D***,201910**,F,3,기타 ,100~199만원,아니오,          ,아파트/ 주상복합,부산,서구,부민동1가,삼성,SKT,레저/자동차,자전거/용품,자전거의류/잡화,GIROJAG 반장갑/지로 장갑/땀흡수/통기성/4웨이 신축성/충격흡수패딩/자전거장갑/지로장갑/자전거용품,http://www.11st.co.kr/product/SellerProductDetail.tmall?method=getSellerProductDetail&prdNo=1274875036
D***,201910**,F,5,"사무직 (일반사무직, 공무원, 직업군인)",200~299만원,      ,          ,아파트/ 주상복합,대전,유성구,관평동,삼성,SKT,자전거,자전거부품,체인,MYBN 10단 실버_S10CR 체인,http://www.11st.co.kr/product/SellerProductDetail.tmall?method=getSellerProductDetail&prdNo=1272548067
D***9,201910**,M,2,"사무직 (일반사무직, 공무원, 직업군인)",200~299만원,      ,          ,아파트/ 주상복합,경기,부천시 원미구,상1동,삼성,SKT,유아동,유아동완구/교구,승용완구,[삼천리자전거]GIFT 2018 삼천리 샘트라이크 800+ 유모차 세발자전거,http://item.gmarket.co.kr/Item?goodscode=1266671892
D***3,201910**,M,2,"사무직 (일반사무직, 공무원, 직업군인)",200~299만원,      ,          ,아파트/ 주상복합,인천,부평구,부개1동,삼성,SKT,자전거,자전거신발/고글/헬멧,보호대,[성인보호대 세트] 에어워크 보호대 손목_무릎_팔꿈치,http://www.11st.co.kr/product/SellerProductDetail.tmall?method=getSellerProductDetail&prdNo=1112671449
D***5,201910**,F,4,"주부 (전업주부, 파트타임 근무 주부)",100~199만원,예    ,자녀 있음 ,연립주택/ 다세대/ 빌라,서울,강동구,고덕동,LG,SKT,자전거/보드,자전거장갑/잡화,자전거장갑,[킹썰]스포츠/등산/자전거장갑/여름장갑/반장갑/선택0여름용,http://item.gmarket.co.kr/Item?goodscode=1284293661
D***4,201910**,F,4,무직,300~399만원,예    ,자녀 있음 ,아파트/ 주상복합,강원,춘천시,후평2동,삼성,LG U+,레저/자동차,자전거/용품,자전거,알톤어린이용 경량 알루미늄 접이식 자전거 라바폴딩18인치,http://www.11st.co.kr/product/SellerProductDetail.tmall?method=getSellerProductDetail&prdNo=1096512754
D***5,201910**,M,4,"사무직 (일반사무직, 공무원, 직업군인)",400~499만원,예    ,자녀 있음 ,아파트/ 주상복합,부산,북구,만덕3동,삼성,KT,레저/자동차,자전거/용품,자전거,도미니크24인치하이브리드자전거초등학생~중학생까지,http://www.11st.co.kr/product/SellerProductDetail.tmall?method=getSellerProductDetail&prdNo=1090901926
D***4,201910**,M,3,"학생 (초중고학생, 대학생, 대학원생)",500~599만원,아니오,          ,아파트/ 주상복합,서울,성동구,금호동4가,삼성,SKT,레저/자동차,자전거/용품,자전거,[스마트]삼천리/스마트 접이식자전거 미니벨로 4종,http://item.gmarket.co.kr/Item?goodscode=1278067146
D***6,201910**,M,4,"교직 (교사, 유치원교사, 학원강사)","1,000만원 이상",예    ,자녀 있음 ,아파트/ 주상복합,경북,경주시,현곡면,삼성,LG U+,레저/자동차,자전거/용품,자전거액세서리,유아안장자전거유아안장 후방유아안장 아동보조안장,http://www.11st.co.kr/product/SellerProductDetail.tmall?method=getSellerProductDetail&prdNo=124136733
D***2,201910**,M,4,"사무직 (일반사무직, 공무원, 직업군인)",300~399만원,예    ,자녀 있음 ,아파트/ 주상복합,광주,서구,풍암동,삼성,SKT,레저/자동차,자전거/용품,자전거액세서리,자전거유아안장전방유아안장 아동보조안장,http://www.11st.co.kr/product/SellerProductDetail.tmall?method=getSellerProductDetail&prdNo=124145685
D***,201910**,F,3,"사무직 (일반사무직, 공무원, 직업군인)",200~299만원,      ,          ,아파트/ 주상복합,인천,부평구,산곡2동,삼성,SKT,자전거/보드,자전거라이트,라이트거치대,페어맨만능 18650충전기 FLIC-210 자전거라이트 2구,http://item.gmarket.co.kr/Item?goodscode=1237810051
D***,201910**,F,5,"사무직 (일반사무직, 공무원, 직업군인)",200~299만원,      ,          ,아파트/ 주상복합,서울,성북구,길음1동,삼성,SKT,레저/자동차,자전거/용품,자전거의류/잡화,[8601416-SJ]예식장갑/민자/백색/(100EA)/코팅장갑/장갑/안전장갑,http://www.11st.co.kr/product/SellerProductDetail.tmall?method=getSellerProductDetail&prdNo=1063242610
D***,201910**,M,5,"사무직 (일반사무직, 공무원, 직업군인)",200~299만원,      ,          ,아파트/ 주상복합,서울,동작구,사당2동,삼성,SKT,자전거,자전거부품,핸들그립,Giant그립/Connect 커넥트 에르고 맥스 락온 (2색상),http://www.11st.co.kr/product/SellerProductDetail.tmall?method=getSellerProductDetail&prdNo=1137382869
D***2,201910**,M,4,"사무직 (일반사무직, 공무원, 직업군인)",200~299만원,      ,          ,아파트/ 주상복합,대구,달서구,용산1동,삼성,SKT,자전거/보드,일반자전거,픽시자전거,벤데타벨루가 700C 알로이 에어로 프레임 픽시자전거,http://item.gmarket.co.kr/Item?goodscode=1219375759
D***5,201910**,F,4,기타 ,700~799만원,예    ,자녀 있음 ,연립주택/ 다세대/ 빌라,경기,부천시 원미구,춘의동,삼성,SKT,레저/자동차,자전거/용품,헬멧/보호장비,에어워크보호대 성인용/아동용 헬멧/가방 용품 S16,http://www.11st.co.kr/product/SellerProductDetail.tmall?method=getSellerProductDetail&prdNo=12617089
D***6,201910**,M,4,"자영업 (도소매업, 숙박업, 미용업)",300~399만원,예    ,자녀 있음 ,연립주택/ 다세대/ 빌라,서울,강남구,역삼2동,삼성,SKT,자전거,자전거부품,브레이크패드,BARADINE바라딘 450 로드용 브레이크슈 브레이크 슈패드 고무패드 자전거용품 부품,http://www.11st.co.kr/product/SellerProductDetail.tmall?method=getSellerProductDetail&prdNo=1073663674
D***3,201910**,F,5,"사무직 (일반사무직, 공무원, 직업군인)",200~299만원,      ,          ,아파트/ 주상복합,경기,파주시,문산읍,삼성,SKT,자전거/보드,자전거타이어/부품,자전거튜브,[흥아]흥아 700C x 23/25C 프레스타 40mm 자전거튜브 로드,http://item.gmarket.co.kr/Item?goodscode=1287219517
D***1,201910**,F,3,"사무직 (일반사무직, 공무원, 직업군인)",400~499만원,예    ,자녀 없음 ,아파트/ 주상복합,광주,서구,치평동,애플,KT,자전거,자전거,MTB,베리벨로보스톤GS 18년형 22인치 초등학생 MTB자전거,http://www.11st.co.kr/product/SellerProductDetail.tmall?method=getSellerProductDetail&prdNo=1240605806
D***3,201910**,F,3,"사무직 (일반사무직, 공무원, 직업군인)",600~699만원,아니오,          ,연립주택/ 다세대/ 빌라,서울,양천구,신정4동,애플,LG U+,자전거,자전거신발/고글/헬멧,보호대,[AQUA-X/국산]발렌티노무봉제 쿨토시/아쿠아엑스,http://www.11st.co.kr/product/SellerProductDetail.tmall?method=getSellerProductDetail&prdNo=1261126293
D***1,201910**,M,2,"학생 (초중고학생, 대학생, 대학원생)",700~799만원,아니오,          ,기타 ,경기,용인시 수지구,죽전동,애플,SKT,자전거,튜닝용품,전시스탠드,[학성스포츠]아동용16/18/20인치 자전거스탠드/보조바퀴떼어내고 두발자전거전환시사용,http://www.11st.co.kr/product/SellerProductDetail.tmall?method=getSellerProductDetail&prdNo=1226615595
D***,201910**,M,4,"사무직 (일반사무직, 공무원, 직업군인)",200~299만원,      ,          ,아파트/ 주상복합,서울,성북구,정릉4동,삼성,SKT,레저/자동차,자전거/용품,자전거의류/잡화,"하이맥스매쉬 긴장갑 -  봄,여름,가을 장갑",http://www.11st.co.kr/product/SellerProductDetail.tmall?method=getSellerProductDetail&prdNo=1210492663
D***,201910**,M,4,"사무직 (일반사무직, 공무원, 직업군인)",200~299만원,      ,          ,아파트/ 주상복합,서울,동대문구,장안2동,삼성,SKT,자전거,자전거부품,안장,풀카본안장자전거안장 초경량 카본안장,http://www.11st.co.kr/product/SellerProductDetail.tmall?method=getSellerProductDetail&prdNo=1240983940
D***,201910**,F,4,"사무직 (일반사무직, 공무원, 직업군인)",200~299만원,      ,          ,아파트/ 주상복합,경남,진주시,상대동,삼성,SKT,자전거,튜닝용품,후미등,누빔멀티 라이트 NB-600 자전거 후미등 방향지시등,http://www.11st.co.kr/product/SellerProductDetail.tmall?method=getSellerProductDetail&prdNo=115116197
D***,201910**,M,3,"사무직 (일반사무직, 공무원, 직업군인)",200~299만원,      ,          ,아파트/ 주상복합,서울,강남구,대치2동,삼성,SKT,자전거/보드,자전거신발/페달,자전거페달,자전거보조발판(소/중)자전거발받침/발판 알루미늄,http://item.gmarket.co.kr/Item?goodscode=1155657749
D***,201910**,M,4,"사무직 (일반사무직, 공무원, 직업군인)",200~299만원,      ,          ,아파트/ 주상복합,서울,강동구,고덕동,삼성,SKT,자전거,자전거부품,보조바퀴,SM-901성인용 보조바퀴(20~26인치용),http://www.11st.co.kr/product/SellerProductDetail.tmall?method=getSellerProductDetail&prdNo=1200999290
D***,201910**,M,3,"사무직 (일반사무직, 공무원, 직업군인)",200~299만원,      ,          ,아파트/ 주상복합,경기,시흥시,월곶동,삼성,SKT,자전거/보드,자전거타이어/부품,자전거튜브,[흥아]흥아 700C x 23/25C 프레스타 60mm 자전거튜브 로드,http://item.gmarket.co.kr/Item?goodscode=1287260612
D***,201910**,M,3,"사무직 (일반사무직, 공무원, 직업군인)",200~299만원,      ,          ,아파트/ 주상복합,경남,진주시,평거동,삼성,SKT,자전거,자전거신발/고글/헬멧,보호대,[성인보호대 세트] 에어워크 보호대 손목_무릎_팔꿈치,http://www.11st.co.kr/product/SellerProductDetail.tmall?method=getSellerProductDetail&prdNo=1112671449
D***4,201910**,M,3,"사무직 (일반사무직, 공무원, 직업군인)",200~299만원,      ,          ,아파트/ 주상복합,대전,동구,용전동,삼성,SKT,레저/자동차,자전거/용품,헬멧/보호장비,자전거헬멧/자전거용품/큰/삼천리헬멧/성인/아동헬멧,http://www.11st.co.kr/product/SellerProductDetail.tmall?method=getSellerProductDetail&prdNo=1044088173
D***0,201910**,F,5,"사무직 (일반사무직, 공무원, 직업군인)",200~299만원,      ,          ,아파트/ 주상복합,경남,진주시,가좌동,삼성,SKT,자전거,자전거관리용품,펑크패치,무료배송휴대용 펑크패치/타이어 튜브 레버 정비 수리 공구세트/자전거용품.부품,http://www.11st.co.kr/product/SellerProductDetail.tmall?method=getSellerProductDetail&prdNo=1028212762
D***3,201910**,M,2,"사무직 (일반사무직, 공무원, 직업군인)",200~299만원,      ,          ,아파트/ 주상복합,경북,경산시,진량읍,삼성,SKT,자전거,튜닝용품,속도계,자전거무선속도계 엑스헌터 자전거속도계 자전거용품,http://www.11st.co.kr/product/SellerProductDetail.tmall?method=getSellerProductDetail&prdNo=1249839989
D***8,201910**,M,4,"사무직 (일반사무직, 공무원, 직업군인)",500~599만원,예    ,자녀 있음 ,아파트/ 주상복합,경기,남양주시,퇴계원면,삼성,KT,자전거,자전거,MTB,"[삼천리]미키마우스 미키키즈14,16,18형 아동 자전거",http://www.11st.co.kr/product/SellerProductDetail.tmall?method=getSellerProductDetail&prdNo=1248195280
D***4,201910**,F,3,"주부 (전업주부, 파트타임 근무 주부)",300~399만원,예    ,자녀 있음 ,아파트/ 주상복합,경북,구미시,구평동,삼성,LG U+,자전거/보드,자전거라이트,자전거라이트/전조등,지바코76L 폴딩 립스탑 멀티 백 캠핑가방 수납가방,http://item.gmarket.co.kr/Item?goodscode=1111364071
D***6,201910**,F,5,"사무직 (일반사무직, 공무원, 직업군인)",200~299만원,      ,          ,아파트/ 주상복합,인천,남동구,서창동,삼성,SKT,자전거,튜닝용품,트레이너(로라),엘리트노보 맥 포스/자전거용품/자전거롤러,http://www.11st.co.kr/product/SellerProductDetail.tmall?method=getSellerProductDetail&prdNo=1271754585
D***0,201910**,M,4,"생산/노무직 (생산감독, 경비원, 공장근로자)",200~299만원,아니오,          ,연립주택/ 다세대/ 빌라,광주,광산구,송정동,삼성,KT,자전거,튜닝용품,트레일러,알톤키즈 트레일러/자전거/캐리어/손잡이/보조바퀴,http://www.11st.co.kr/product/SellerProductDetail.tmall?method=getSellerProductDetail&prdNo=1249445352
D***2,201910**,M,4,"관리직 (사장, 간부, 고위공무원)",500~599만원,예    ,자녀 있음 ,연립주택/ 다세대/ 빌라,경기,성남시 수정구,태평1동,삼성,SKT,레저/자동차,자전거/용품,자전거의류/잡화,마스크/귀마개/멀티워머/넥워머/자전거/검정마스크,http://www.11st.co.kr/product/SellerProductDetail.tmall?method=getSellerProductDetail&prdNo=1167152971
D***9,201910**,M,3,"사무직 (일반사무직, 공무원, 직업군인)",100~199만원,아니오,          ,연립주택/ 다세대/ 빌라,서울,은평구,응암1동,애플,KT,자전거,자전거부품,체인,MYBN 10단 실버_S10CR 체인,http://www.11st.co.kr/product/SellerProductDetail.tmall?method=getSellerProductDetail&prdNo=1272548067
D***2,201910**,F,3,무직,"1,000만원 이상",아니오,          ,아파트/ 주상복합,서울,마포구,염리동,삼성,SKT,자전거,자전거신발/고글/헬멧,보호대,무료배송.국산쿨토시.팔토시.냉감토시.쿨마스크.아동,http://www.11st.co.kr/product/SellerProductDetail.tmall?method=getSellerProductDetail&prdNo=1249823887
D***,201910**,F,4,"사무직 (일반사무직, 공무원, 직업군인)",200~299만원,      ,          ,아파트/ 주상복합,서울,서초구,우면동,삼성,SKT,자전거,튜닝용품,전시스탠드,"자전거스텐드거치대/16,18,20,22,24,26스탠드 받침대 보관대 접이식 자전거용품",http://www.11st.co.kr/product/SellerProductDetail.tmall?method=getSellerProductDetail&prdNo=12932139
D***,201910**,M,5,"사무직 (일반사무직, 공무원, 직업군인)",800~899만원,예    ,자녀 있음 ,아파트/ 주상복합,서울,영등포구,영등포본동,삼성,LG U+,레저/자동차,자전거/용품,자전거,삼천리가족형 HF200 7단 미니벨로 20형 접이식자전거,http://www.11st.co.kr/product/SellerProductDetail.tmall?method=getSellerProductDetail&prdNo=1096162616
D***,201910**,F,3,"사무직 (일반사무직, 공무원, 직업군인)",200~299만원,      ,          ,아파트/ 주상복합,서울,구로구,신도림동,삼성,SKT,자전거,튜닝용품,전시스탠드,[학성스포츠]아동용16/18/20인치 자전거스탠드/보조바퀴떼어내고 두발자전거전환시사용,http://www.11st.co.kr/product/SellerProductDetail.tmall?method=getSellerProductDetail&prdNo=1226615595
D***,201910**,F,2,"사무직 (일반사무직, 공무원, 직업군인)",200~299만원,      ,          ,아파트/ 주상복합,경기,성남시 중원구,성남동,삼성,SKT,캠핑/골프/헬스/자전거,자전거의류/용품,신발,뉴발란스운동화 774 NEWBALANCE 774 (M774BK3),http://www.hnsmall.com/display/goods.do?goods_code=11979566
D***,201910**,F,2,"사무직 (일반사무직, 공무원, 직업군인)",200~299만원,      ,          ,아파트/ 주상복합,대구,동구,신기동,삼성,SKT,레저/자동차,자전거/용품,자전거의류/잡화,"휘너스/땀냄새,물빠짐없는선수용 기능성 스포츠 스판웨어 하의모음/속건+항균/언더레이어 챌린저5부",http://www.11st.co.kr/product/SellerProductDetail.tmall?method=getSellerProductDetail&prdNo=1280155662
D***3,201910**,M,4,"생산/노무직 (생산감독, 경비원, 공장근로자)",200~299만원,예    ,자녀 있음 ,아파트/ 주상복합,경남,창원시 진해구,두동,애플,SKT,자전거,자전거신발/고글/헬멧,헬멧,아동용자전거헬멧아동보호대 킥보드 인라인헬멧,http://www.11st.co.kr/product/SellerProductDetail.tmall?method=getSellerProductDetail&prdNo=1051520039
D***7,201910**,M,5,"사무직 (일반사무직, 공무원, 직업군인)",200~299만원,      ,          ,아파트/ 주상복합,광주,동구,계림1동,삼성,SKT,자전거/보드,자전거타이어/부품,자전거튜브,[흥아]흥아 700C x 23/25C 프레스타 60mm 자전거튜브 로드,http://item.gmarket.co.kr/Item?goodscode=1287260612
D***5,201910**,F,5,"사무직 (일반사무직, 공무원, 직업군인)",200~299만원,      ,          ,아파트/ 주상복합,부산,금정구,남산동,삼성,SKT,레저/자동차,자전거/용품,자전거의류/잡화,극세사기모 방한 넥워머 바라클라바 겨울 목토시 자전거 방한마스크 멀티스카프 털모자,http://www.11st.co.kr/product/SellerProductDetail.tmall?method=getSellerProductDetail&prdNo=1171528780
D***7,201910**,M,5,"사무직 (일반사무직, 공무원, 직업군인)",500~599만원,예    ,자녀 없음 ,아파트/ 주상복합,대전,대덕구,대화동,LG,KT,자전거,자전거부품,안장,[참좋은바이크]삼천리아동용안장모음/하이킥/프린세스/키즈바이크/디즈니/유아동/어린이/푹신한안장,http://www.11st.co.kr/product/SellerProductDetail.tmall?method=getSellerProductDetail&prdNo=1205141789
D***0,201910**,M,4,"사무직 (일반사무직, 공무원, 직업군인)",400~499만원,아니오,          ,연립주택/ 다세대/ 빌라,경기,남양주시,별내면,LG,LG U+,레저/자동차,자전거/용품,자전거액세서리,▶빔라이트충전식 자전거 후미등┃자전거용품┃레저용품┃자전거악세사리┃자전거라이트┃후미등┃,http://www.11st.co.kr/product/SellerProductDetail.tmall?method=getSellerProductDetail&prdNo=1246317584
D***5,201910**,M,3,"생산/노무직 (생산감독, 경비원, 공장근로자)",500~599만원,예    ,자녀 있음 ,아파트/ 주상복합,충남,당진군,당진읍,삼성,SKT,자전거,튜닝용품,후미등,누빔멀티 라이트 NB-600 자전거 후미등 방향지시등,http://www.11st.co.kr/product/SellerProductDetail.tmall?method=getSellerProductDetail&prdNo=115116197
D***1,201910**,M,5,퇴직/연금생활자,900~999만원,예    ,자녀 있음 ,아파트/ 주상복합,강원,춘천시,후평3동,삼성,SKT,자전거,튜닝용품,후미등,문라이트크레센트/코멧/쉴드/디펜더/메테오/ 자전거라이트 자전거후미등,http://www.11st.co.kr/product/SellerProductDetail.tmall?method=getSellerProductDetail&prdNo=1086040122
D***,201910**,M,5,"사무직 (일반사무직, 공무원, 직업군인)",200~299만원,      ,          ,아파트/ 주상복합,경기,수원시 권선구,오목천동,삼성,SKT,레저/자동차,자전거/용품,자전거의류/잡화,GIROJAG 반장갑/지로 장갑/땀흡수/통기성/4웨이 신축성/충격흡수패딩/자전거장갑/지로장갑/자전거용품,http://www.11st.co.kr/product/SellerProductDetail.tmall?method=getSellerProductDetail&prdNo=1274875036
D***,201910**,M,5,"사무직 (일반사무직, 공무원, 직업군인)",200~299만원,      ,          ,아파트/ 주상복합,서울,강북구,번2동,삼성,SKT,레저/자동차,자전거/용품,자전거타이어/부품,야광젤타입 자전거 안장 자전거 용품 레저 취미,http://item.gmarket.co.kr/Item?goodscode=1268231013
D***,201910**,F,3,"기능직 (자동차정비, 운전기사, 안경사, 택시기사)",200~299만원,예    ,자녀 없음 ,연립주택/ 다세대/ 빌라,서울,강남구,역삼2동,애플,LG U+,유아동,유아동완구/교구,승용완구,ZOKO조코유아동 체인자전거9종(3세~7세사용)+컵홀더,http://item.gmarket.co.kr/Item?goodscode=1109676457
D***,201910**,F,2,"전문직 (의사, 판검사, 예술가, 종교인)",600~699만원,아니오,          ,오피스텔,서울,강남구,대치동,애플,SKT,자전거,자전거부품,변속기,변속레버/자전거기어/시마노변속레버/그립쉬프트,http://www.11st.co.kr/product/SellerProductDetail.tmall?method=getSellerProductDetail&prdNo=1280799725
D***2,201910**,M,2,"사무직 (일반사무직, 공무원, 직업군인)",200~299만원,      ,          ,아파트/ 주상복합,서울,양천구,신월7동,삼성,SKT,자전거,튜닝용품,물통받침대,대만아이베라 경량 물통케이지 물병 더블 안장마운트,http://www.11st.co.kr/product/SellerProductDetail.tmall?method=getSellerProductDetail&prdNo=1084359208
D***5,201910**,M,5,"전문직 (의사, 판검사, 예술가, 종교인)",500~599만원,예    ,자녀 있음 ,단독주택,서울,용산구,동빙고동,애플,KT,자전거,자전거신발/고글/헬멧,장갑,윈드스토퍼스마트터치 겨울 방한장갑 네오프렌 방풍,http://www.11st.co.kr/product/SellerProductDetail.tmall?method=getSellerProductDetail&prdNo=1050935353
D***1,201910**,M,2,"사무직 (일반사무직, 공무원, 직업군인)",200~299만원,      ,          ,아파트/ 주상복합,경기,평택시,독곡동,삼성,SKT,레저/자동차,자전거/용품,자전거의류/잡화,머스타시벌룬 기모마스크 MHM-10/방한/보드마스크,http://www.11st.co.kr/product/SellerProductDetail.tmall?method=getSellerProductDetail&prdNo=1187564080
D***3,201910**,F,4,"교직 (교사, 유치원교사, 학원강사)",600~699만원,예    ,자녀 있음 ,아파트/ 주상복합,인천,서구,검암동,애플,SKT,캠핑/골프/헬스/자전거,자전거의류/용품,공용하의,[MCN]네오 베이직 7부 바지/승마바지,http://www.hnsmall.com/display/goods.do?goods_code=12497037
D***3,201910**,F,4,"교직 (교사, 유치원교사, 학원강사)",600~699만원,예    ,자녀 있음 ,아파트/ 주상복합,인천,서구,검암동,애플,SKT,레저/자동차,자전거/용품,자전거의류/잡화,"휘너스/땀냄새,물빠짐없는선수용 기능성 스포츠 스판웨어 하의모음/속건+항균/언더레이어 챌린저5부",http://www.11st.co.kr/product/SellerProductDetail.tmall?method=getSellerProductDetail&prdNo=1280155662
D***,201910**,F,3,"사무직 (일반사무직, 공무원, 직업군인)",200~299만원,      ,          ,아파트/ 주상복합,서울,관악구,신사동,삼성,SKT,자전거,자전거신발/고글/헬멧,헬멧,스텔리오스고글헬멧 에어로 자전거헬멧 로드헬멧,http://www.11st.co.kr/product/SellerProductDetail.tmall?method=getSellerProductDetail&prdNo=1007190015
D***,201910**,M,5,"관리직 (사장, 간부, 고위공무원)",600~699만원,예    ,자녀 있음 ,아파트/ 주상복합,충남,천안시 서북구,쌍용2동,LG,KT,유아동,유아동완구/교구,승용완구,ZOKO조코유아동 체인자전거9종(3세~7세사용)+컵홀더,http://item.gmarket.co.kr/Item?goodscode=1109676457
D***,201910**,M,2,"사무직 (일반사무직, 공무원, 직업군인)",200~299만원,      ,          ,아파트/ 주상복합,강원,고성군,간성읍,삼성,SKT,캠핑/골프/헬스/자전거,자전거의류/용품,기타용품,발목밴드,http://www.hnsmall.com/display/goods.do?goods_code=11522932
D***4,201910**,F,4,"사무직 (일반사무직, 공무원, 직업군인)",200~299만원,      ,          ,아파트/ 주상복합,인천,남동구,구월1동,삼성,SKT,레저/자동차,자전거/용품,자전거,뉴도미니크24/렌즈/갤럽등 초등학생 하이브리드 모음,http://www.11st.co.kr/product/SellerProductDetail.tmall?method=getSellerProductDetail&prdNo=1154104823
D***2,201910**,M,2,"사무직 (일반사무직, 공무원, 직업군인)",200~299만원,      ,          ,아파트/ 주상복합,경기,하남시,덕풍2동,삼성,SKT,자전거/보드,자전거신발/페달,자전거페달,자전거보조발판(소/중)자전거발받침/발판 알루미늄,http://item.gmarket.co.kr/Item?goodscode=1155657749
D***5,201910**,M,3,"사무직 (일반사무직, 공무원, 직업군인)",200~299만원,      ,          ,아파트/ 주상복합,경남,창원시 마산합포구,오동동,삼성,SKT,레저/자동차,자전거/용품,자전거액세서리,[J]쿨시트 방석 오토바이 스쿠터 헬멧 용품,http://www.11st.co.kr/product/SellerProductDetail.tmall?method=getSellerProductDetail&prdNo=1082590066
D***4,201910**,M,2,무직,100~199만원,아니오,          ,오피스텔,강원,원주시,단계동,LG,LG U+,캠핑/골프/헬스/자전거,자전거의류/용품,신발,뉴발란스585 USA 스니커즈 운동화 (M585GR),http://www.hnsmall.com/display/goods.do?goods_code=12928736
D***7,201910**,F,5,"주부 (전업주부, 파트타임 근무 주부)",300~399만원,예    ,자녀 있음 ,연립주택/ 다세대/ 빌라,서울,관악구,난곡동,삼성,SKT,자전거,자전거,MTB,삼천리자전거팀60D MTB자전거 24단 알루미늄자전거,http://www.11st.co.kr/product/SellerProductDetail.tmall?method=getSellerProductDetail&prdNo=1230896068
D***2,201910**,M,4,무직,100만원 미만,아니오,          ,단독주택,경남,김해시,구산동,삼성,LG U+,자전거,자전거,MTB,GIFT2016 엘파마 판타시아 S7 S675 카본 MTB 자전거,http://www.11st.co.kr/product/SellerProductDetail.tmall?method=getSellerProductDetail&prdNo=1043875589
D***6,201910**,M,4,"사무직 (일반사무직, 공무원, 직업군인)",400~499만원,예    ,자녀 있음 ,단독주택,서울,노원구,상계2동,삼성,LG U+,자전거/보드,일반자전거,외발/삼륜/2인용,[자이덴]지오닉스 나누미 에코 성인용 세발 트라이 삼륜자전거,http://item.gmarket.co.kr/Item?goodscode=1292909571
D***,201910**,M,3,"사무직 (일반사무직, 공무원, 직업군인)",200~299만원,예    ,자녀 있음 ,아파트/ 주상복합,경기,광명시,철산1동,삼성,SKT,레저/자동차,자전거/용품,자전거의류/잡화,머스타시벌룬 기모마스크 MHM-10/방한/보드마스크,http://www.11st.co.kr/product/SellerProductDetail.tmall?method=getSellerProductDetail&prdNo=1187564080
D***,201910**,M,2,"사무직 (일반사무직, 공무원, 직업군인)",200~299만원,      ,          ,아파트/ 주상복합,서울,강남구,대치1동,삼성,SKT,자전거/보드,로드자전거,알루미늄자전거,2017알톤 벨록스 CC 로드 사이클로크로스 자전거,http://item.gmarket.co.kr/Item?goodscode=1112776902
D***0,201910**,F,4,"사무직 (일반사무직, 공무원, 직업군인)",200~299만원,      ,          ,아파트/ 주상복합,서울,도봉구,창1동,삼성,SKT,자전거,자전거관리용품,튜브벨브/어댑터/노즐,호비던롭밸브셋트 무시고무 공기 주입을 하여도 바람이 샐경우 교체,http://www.11st.co.kr/product/SellerProductDetail.tmall?method=getSellerProductDetail&prdNo=1244185249
D***5,201910**,M,5,"사무직 (일반사무직, 공무원, 직업군인)",200~299만원,      ,          ,아파트/ 주상복합,서울,양천구,신정3동,삼성,SKT,자전거,튜닝용품,잠금장치,호비대만정품 LJ9080 4관절락 자전거자물쇠 사관절,http://www.11st.co.kr/product/SellerProductDetail.tmall?method=getSellerProductDetail&prdNo=11383586
D***9,201910**,M,5,"사무직 (일반사무직, 공무원, 직업군인)",200~299만원,      ,          ,아파트/ 주상복합,서울,도봉구,도봉2동,삼성,SKT,자전거,자전거,MTB,프로메이드풀서스펜션 24인치 MTB자전거 아스톤힐DS,http://www.11st.co.kr/product/SellerProductDetail.tmall?method=getSellerProductDetail&prdNo=1190027550
D***1,201910**,M,3,"사무직 (일반사무직, 공무원, 직업군인)",200~299만원,      ,          ,아파트/ 주상복합,인천,남동구,간석3동,삼성,SKT,레저/자동차,자전거/용품,자전거액세서리,정품미국 CREE사 LED Q5 줌 라이트/자전거/전조등/후레쉬/랜턴/손전등/거치대/건전지/안전등/용품/야간등,http://www.11st.co.kr/product/SellerProductDetail.tmall?method=getSellerProductDetail&prdNo=1200933401
D***3,201910**,F,4,"사무직 (일반사무직, 공무원, 직업군인)",200~299만원,      ,          ,아파트/ 주상복합,경기,평택시,비전2동,삼성,KT,자전거,자전거,사이클,[쿠베로]에어리아2.0신형소라18 무료조립+최강사은품 NEW SORA 18,http://www.11st.co.kr/product/SellerProductDetail.tmall?method=getSellerProductDetail&prdNo=1224036819
D***2,201910**,M,3,"사무직 (일반사무직, 공무원, 직업군인)",200~299만원,      ,          ,아파트/ 주상복합,대구,서구,비산1동,삼성,SKT,레저/자동차,자전거/용품,자전거의류/잡화,[PUMA]푸마 여성 기모 티셔츠 3종세트 NFYKFG01,http://www.hnsmall.com/display/goods.do?goods_code=12835184
D***6,201910**,M,4,"생산/노무직 (생산감독, 경비원, 공장근로자)",400~499만원,예    ,자녀 있음 ,아파트/ 주상복합,대전,동구,홍도동,삼성,LG U+,자전거,튜닝용품,물통받침대,대만아이베라 경량 물통케이지 물병 더블 안장마운트,http://www.11st.co.kr/product/SellerProductDetail.tmall?method=getSellerProductDetail&prdNo=1084359208
D***3,201910**,F,5,"사무직 (일반사무직, 공무원, 직업군인)",500~599만원,아니오,          ,아파트/ 주상복합,서울,송파구,잠실4동,삼성,KT,레저/자동차,자전거/용품,자전거액세서리,[고바이크]자전거짐받이특대바구니/플록스천바구니/짐바구니/고정식바구니/장착용바구니/자전거악세사리,http://www.11st.co.kr/product/SellerProductDetail.tmall?method=getSellerProductDetail&prdNo=1273581622
D***1,201910**,M,2,"학생 (초중고학생, 대학생, 대학원생)",100만원 미만,아니오,          ,단독주택,서울,마포구,공덕동,삼성,KT,자전거,튜닝용품,전시스탠드,토픽스텐드 DUAL TOUCH BIKE STAND 자전거거치대,http://www.11st.co.kr/product/SellerProductDetail.tmall?method=getSellerProductDetail&prdNo=1154312380
D***0,201910**,M,5,"교직 (교사, 유치원교사, 학원강사)",400~499만원,예    ,자녀 있음 ,아파트/ 주상복합,경기,구리시,인창동,삼성,KT,자전거,자전거신발/고글/헬멧,장갑,윈드스토퍼스마트터치 겨울 방한장갑 네오프렌 방풍,http://www.11st.co.kr/product/SellerProductDetail.tmall?method=getSellerProductDetail&prdNo=1050935353
D***0,201910**,M,2,"판매직 (상점점원, 보험설계사, 노점상)",400~499만원,아니오,          ,오피스텔,경남,고성군,고성읍,삼성,KT,자전거,자전거,MTB,프로메이드풀서스펜션 24인치 MTB자전거 아스톤힐DS,http://www.11st.co.kr/product/SellerProductDetail.tmall?method=getSellerProductDetail&prdNo=1190027550
D***,201910**,M,4,"사무직 (일반사무직, 공무원, 직업군인)",200~299만원,      ,          ,아파트/ 주상복합,서울,관악구,신림동,삼성,SKT,레저/자동차,자전거/용품,자전거,[삼천리자전거]하로GS20 7단 접이식자전거  어린이/여성 폴딩자전거,http://item.gmarket.co.kr/Item?goodscode=1201466217
D***,201910**,M,3,"사무직 (일반사무직, 공무원, 직업군인)",200~299만원,      ,          ,아파트/ 주상복합,경기,용인시 기흥구,상갈동,삼성,SKT,레저/자동차,자전거/용품,자전거액세서리,블랙울프미니줌 줌라이트 LED랜턴 후레쉬 자전거용품,http://www.11st.co.kr/product/SellerProductDetail.tmall?method=getSellerProductDetail&prdNo=1182033172
D***,201910**,M,5,"사무직 (일반사무직, 공무원, 직업군인)",200~299만원,      ,          ,아파트/ 주상복합,인천,연수구,송도동,삼성,SKT,자전거,자전거부품,브레이크패드,[FNS]크락스오가닉 디스크브레이크 패드(벌크제품),http://www.11st.co.kr/product/SellerProductDetail.tmall?method=getSellerProductDetail&prdNo=1097542995
D***,201910**,M,4,"사무직 (일반사무직, 공무원, 직업군인)",200~299만원,      ,          ,아파트/ 주상복합,충남,논산시,취암동,삼성,SKT,레저/자동차,자전거/용품,자전거액세서리,완전사2017년 신형 KSM400-3 SE 연납축전지 12V/,http://www.11st.co.kr/product/SellerProductDetail.tmall?method=getSellerProductDetail&prdNo=1150653630
D***1,201910**,F,3,무직,500~599만원,아니오,          ,기타 ,서울,광진구,중곡1동,삼성,SKT,레저/자동차,자전거/용품,자전거,알톤어린이용 경량 알루미늄 접이식 자전거 라바폴딩18인치,http://www.11st.co.kr/product/SellerProductDetail.tmall?method=getSellerProductDetail&prdNo=1096512754
D***3,201910**,M,3,"사무직 (일반사무직, 공무원, 직업군인)",300~399만원,아니오,          ,오피스텔,서울,강북구,수유3동,애플,SKT,레저/자동차,자전거/용품,자전거,알톤베네통키드자전거/아동/알루미늄/고급어린이네발,http://www.11st.co.kr/product/SellerProductDetail.tmall?method=getSellerProductDetail&prdNo=1160671411
D***9,201910**,M,2,무직,300~399만원,아니오,          ,아파트/ 주상복합,경기,의왕시,청계동,삼성,SKT,레저/자동차,자전거/용품,자전거의류/잡화,[PUMA]푸마 여성 기모 티셔츠 3종세트 NFYKFG01,http://www.hnsmall.com/display/goods.do?goods_code=12835184
D***3,201910**,F,3,"주부 (전업주부, 파트타임 근무 주부)",300~399만원,예    ,자녀 있음 ,연립주택/ 다세대/ 빌라,서울,송파구,석촌동,애플,SKT,캠핑/골프/헬스/자전거,자전거,전기자전거,전동킥보드마이봇 ERT-8/ 38V/ 18.4Ah / 삼성배터리/ 레져스포츠,http://www.hnsmall.com/display/goods.do?goods_code=12231883
D***3,201910**,M,2,"학생 (초중고학생, 대학생, 대학원생)",300~399만원,아니오,          ,기타 ,서울,중랑구,면목2동,삼성,KT,레저/자동차,자전거/용품,자전거의류/잡화,방한멀티스카프/멀티워머/넥워머/마스크/스키/자전거,http://item.gmarket.co.kr/Item?goodscode=1145899445
D***,201910**,F,5,"주부 (전업주부, 파트타임 근무 주부)",200~299만원,예    ,자녀 있음 ,아파트/ 주상복합,경기,남양주시,호평동,삼성,KT,레저/자동차,자전거/용품,자전거,알톤쉐보레 CFB2.4 24단 팻바이크/노바투스/우라노,http://www.11st.co.kr/product/SellerProductDetail.tmall?method=getSellerProductDetail&prdNo=1288179623
D***,201910**,M,2,"사무직 (일반사무직, 공무원, 직업군인)",200~299만원,      ,          ,아파트/ 주상복합,경기,성남시 분당구,구미동,삼성,SKT,자전거,자전거관리용품,펑크패치,구멍패치/번개표/자전거보수/타이어보수/빵꾸딱지/빵구패치/자전거정비/땜질/공구장터,http://www.11st.co.kr/product/SellerProductDetail.tmall?method=getSellerProductDetail&prdNo=1046577201
D***,201910**,F,3,"교직 (교사, 유치원교사, 학원강사)",500~599만원,아니오,          ,아파트/ 주상복합,서울,중랑구,신내동,삼성,SKT,레저/자동차,자전거/용품,자전거액세서리,스나이퍼코리아블랙울프 18650배터리 충전기모음,http://www.11st.co.kr/product/SellerProductDetail.tmall?method=getSellerProductDetail&prdNo=1272010256
D***,201910**,M,5,"사무직 (일반사무직, 공무원, 직업군인)",200~299만원,      ,          ,아파트/ 주상복합,대구,달성군,옥포면,삼성,SKT,자전거,자전거신발/고글/헬멧,헬멧,코아브어반st 자전거 헬멧 성인용 용품 보드 인라인,http://www.11st.co.kr/product/SellerProductDetail.tmall?method=getSellerProductDetail&prdNo=1219634494
D***,201910**,M,3,"사무직 (일반사무직, 공무원, 직업군인)",200~299만원,      ,          ,아파트/ 주상복합,경북,김천시,평화동,삼성,SKT,레저/자동차,자전거/용품,자전거액세서리,[엑스피크]엑스피크 자전거힙색 트윈포켓파우치 자전거파우치,http://item.gmarket.co.kr/Item?goodscode=1124173801
D***,201910**,F,2,"사무직 (일반사무직, 공무원, 직업군인)",200~299만원,      ,          ,아파트/ 주상복합,인천,계양구,효성2동,삼성,SKT,자전거,자전거신발/고글/헬멧,보호대,[AQUA-X/국산]발렌티노무봉제 쿨토시/아쿠아엑스,http://www.11st.co.kr/product/SellerProductDetail.tmall?method=getSellerProductDetail&prdNo=1261126293
D***,201910**,M,4,"사무직 (일반사무직, 공무원, 직업군인)",200~299만원,      ,          ,아파트/ 주상복합,경북,구미시,도량동,삼성,SKT,유아동,유아동완구/교구,승용완구,STONETREE스톤트리 트라이크 - 유모차 세발 자전거,http://item.gmarket.co.kr/Item?goodscode=1129986013
D***,201910**,F,4,"사무직 (일반사무직, 공무원, 직업군인)",600~699만원,아니오,          ,아파트/ 주상복합,대전,대덕구,읍내동,삼성,KT,자전거,자전거신발/고글/헬멧,보호대,[AQUA-X/국산]발렌티노무봉제 쿨토시/아쿠아엑스,http://www.11st.co.kr/product/SellerProductDetail.tmall?method=getSellerProductDetail&prdNo=1261126293
D***,201910**,M,5,"사무직 (일반사무직, 공무원, 직업군인)",200~299만원,      ,          ,아파트/ 주상복합,부산,연제구,거제1동,삼성,SKT,레저/자동차,자전거/용품,자전거액세서리,자전거휠 라이트 안전등  LED라이트 후미등,http://www.11st.co.kr/product/SellerProductDetail.tmall?method=getSellerProductDetail&prdNo=1076764951
D***0,201910**,M,5,"사무직 (일반사무직, 공무원, 직업군인)",200~299만원,      ,          ,아파트/ 주상복합,서울,강남구,대치동,삼성,SKT,자전거,튜닝용품,전시스탠드,[내가만든자전거](ICETOOLZ) 아이스툴즈 P633 벽면형 자전거 거치대/벽면고정볼트포함,http://www.11st.co.kr/product/SellerProductDetail.tmall?method=getSellerProductDetail&prdNo=1231501156
D***7,201910**,M,3,"사무직 (일반사무직, 공무원, 직업군인)","1,000만원 이상",예    ,자녀 있음 ,아파트/ 주상복합,경기,안양시 만안구,석수2동,애플,SKT,자전거,튜닝용품,후미등,자전거후미등2구 실리콘 후미등 LED비상등 안전등 야간 라이딩 유모차 오토바이 3가지 모드,http://www.11st.co.kr/product/SellerProductDetail.tmall?method=getSellerProductDetail&prdNo=1253472408
D***8,201910**,M,3,"사무직 (일반사무직, 공무원, 직업군인)",200~299만원,      ,          ,아파트/ 주상복합,경기,이천시,백사면,삼성,SKT,레저/자동차,자전거/용품,자전거의류/잡화,쿨바라클라바자외선차단마스크 여름마스크 쿨마스크,http://www.11st.co.kr/product/SellerProductDetail.tmall?method=getSellerProductDetail&prdNo=11116518
D***8,201910**,M,3,"사무직 (일반사무직, 공무원, 직업군인)",200~299만원,      ,          ,아파트/ 주상복합,경기,이천시,백사면,삼성,SKT,유아동,유아동완구/교구,승용완구,STONETREE스톤트리 트라이크 - 유모차 세발 자전거,http://item.gmarket.co.kr/Item?goodscode=1129986013
D***9,201910**,M,2,"사무직 (일반사무직, 공무원, 직업군인)",200~299만원,      ,          ,아파트/ 주상복합,서울,관악구,은천동,삼성,SKT,자전거,자전거부품,변속기,변속레버/자전거기어/시마노변속레버/그립쉬프트,http://www.11st.co.kr/product/SellerProductDetail.tmall?method=getSellerProductDetail&prdNo=1280799725
D***5,201910**,M,3,"사무직 (일반사무직, 공무원, 직업군인)",200~299만원,      ,          ,아파트/ 주상복합,경기,의정부시,호원동,삼성,SKT,자전거,자전거부품,안장,유아안장/짐받이장착/핸들바장착/목받이유아안장/자전거안장,http://www.11st.co.kr/product/SellerProductDetail.tmall?method=getSellerProductDetail&prdNo=1275573892
D***3,201910**,F,5,"사무직 (일반사무직, 공무원, 직업군인)",200~299만원,      ,          ,아파트/ 주상복합,서울,서초구,반포2동,LG,KT,자전거/보드,자전거라이트,자전거라이트/전조등,몬스터라이트LG화학 18650 배터리 3050mAh,http://item.gmarket.co.kr/Item?goodscode=1280497915
D***3,201910**,F,4,"전문직 (의사, 판검사, 예술가, 종교인)",500~599만원,예    ,자녀 있음 ,아파트/ 주상복합,경북,김천시,남산동,삼성,KT,레저/자동차,자전거/용품,헬멧/보호장비,GAIUS어반헬멧 킥보드헬멧 성인 청소년헬멧,http://www.11st.co.kr/product/SellerProductDetail.tmall?method=getSellerProductDetail&prdNo=1036710596
D***4,201910**,M,4,"사무직 (일반사무직, 공무원, 직업군인)",600~699만원,예    ,자녀 없음 ,아파트/ 주상복합,서울,송파구,마천동,삼성,LG U+,자전거,자전거신발/고글/헬멧,헬멧,[HJC]X5(EVO)블랙스카이 / 자전거 헬멧 / 240g대 초,http://www.11st.co.kr/product/SellerProductDetail.tmall?method=getSellerProductDetail&prdNo=1040086015
D***5,201910**,M,4,"기능직 (자동차정비, 운전기사, 안경사, 택시기사)",300~399만원,아니오,          ,아파트/ 주상복합,서울,강남구,개포동,삼성,KT,레저/자동차,자전거/용품,자전거액세서리,스나이퍼코리아블랙울프 18650배터리 충전기모음,http://www.11st.co.kr/product/SellerProductDetail.tmall?method=getSellerProductDetail&prdNo=1272010256
D***6,201910**,M,3,"사무직 (일반사무직, 공무원, 직업군인)",100~199만원,예    ,자녀 없음 ,오피스텔,경기,성남시 중원구,성남동,삼성,SKT,자전거,자전거부품,안장,대만New 카본 시트포스트 (27.2/31.6mm) 풀카본 자전거 안장봉/초경량 싯포스트 (세미카),http://www.11st.co.kr/product/SellerProductDetail.tmall?method=getSellerProductDetail&prdNo=1015126992
D***,201910**,M,4,"사무직 (일반사무직, 공무원, 직업군인)",200~299만원,      ,          ,아파트/ 주상복합,서울,은평구,역촌동,삼성,SKT,자전거,자전거,사이클,[쿠베로]에어리아2.0신형소라18 무료조립+최강사은품 NEW SORA 18,http://www.11st.co.kr/product/SellerProductDetail.tmall?method=getSellerProductDetail&prdNo=1224036819
D***,201910**,M,4,"전문직 (의사, 판검사, 예술가, 종교인)",700~799만원,예    ,자녀 있음 ,아파트/ 주상복합,경기,고양시 일산서구,대화동,애플,알뜰폰(MVNO),자전거,자전거부품,브레이크패드,BARADINE바라딘 450 로드용 브레이크슈 브레이크 슈패드 고무패드 자전거용품 부품,http://www.11st.co.kr/product/SellerProductDetail.tmall?method=getSellerProductDetail&prdNo=1073663674
D***,201910**,F,4,"사무직 (일반사무직, 공무원, 직업군인)",200~299만원,      ,          ,아파트/ 주상복합,서울,마포구,합정동,삼성,SKT,레저/자동차,자전거/용품,자전거액세서리,자전거라이트LED 전조등 후미등 후레쉬 [거치대증정],http://www.11st.co.kr/product/SellerProductDetail.tmall?method=getSellerProductDetail&prdNo=1080334719
D***2,201910**,M,3,"사무직 (일반사무직, 공무원, 직업군인)",200~299만원,      ,          ,아파트/ 주상복합,경기,안산시 단원구,와동,삼성,SKT,자전거,튜닝용품,전시스탠드,KT05 자전거킥스탠드 자전거받침대 자전거용품,http://www.11st.co.kr/product/SellerProductDetail.tmall?method=getSellerProductDetail&prdNo=1058282299
D***6,201910**,M,4,"사무직 (일반사무직, 공무원, 직업군인)",200~299만원,      ,          ,아파트/ 주상복합,경기,성남시 분당구,서현동,삼성,SKT,자전거,자전거신발/고글/헬멧,헬멧,아동용자전거헬멧아동보호대 킥보드 인라인헬멧,http://www.11st.co.kr/product/SellerProductDetail.tmall?method=getSellerProductDetail&prdNo=1051520039
D***3,201910**,M,2,"전문직 (의사, 판검사, 예술가, 종교인)",100~199만원,아니오,          ,기타 ,경기,고양시 일산동구,마두2동,LG,KT,레저/자동차,자전거/용품,자전거,[스마트자전거]반티아고G21 하이브리드자전거 21단 클래식 2018년,http://www.lotteimall.com/goods/viewGoodsDetail.lotte?goods_no=1203110269
D***2,201910**,M,3,"자영업 (도소매업, 숙박업, 미용업)",100~199만원,아니오,          ,아파트/ 주상복합,부산,해운대구,반송2동,삼성,SKT,자전거,자전거부품,튜브,[FNS]즈와유무시고무 없는 던롭밸브 세트/던롭튜브,http://www.11st.co.kr/product/SellerProductDetail.tmall?method=getSellerProductDetail&prdNo=1217450472
D***8,201910**,M,2,"사무직 (일반사무직, 공무원, 직업군인)",300~399만원,예    ,자녀 있음 ,연립주택/ 다세대/ 빌라,울산,북구,상안동,삼성,LG U+,자전거,자전거부품,안장,[참좋은바이크]삼천리아동용안장모음/하이킥/프린세스/키즈바이크/디즈니/유아동/어린이/푹신한안장,http://www.11st.co.kr/product/SellerProductDetail.tmall?method=getSellerProductDetail&prdNo=1205141789
D***,201910**,F,3,"사무직 (일반사무직, 공무원, 직업군인)",200~299만원,      ,          ,아파트/ 주상복합,인천,부평구,산곡2동,삼성,SKT,자전거,자전거,사이클,[쿠베로]에어리아2.0신형소라18 무료조립+최강사은품 NEW SORA 18,http://www.11st.co.kr/product/SellerProductDetail.tmall?method=getSellerProductDetail&prdNo=1224036819
D***,201910**,M,4,"사무직 (일반사무직, 공무원, 직업군인)",200~299만원,      ,          ,아파트/ 주상복합,서울,관악구,신림동,삼성,SKT,캠핑/골프/헬스/자전거,자전거의류/용품,신발,뉴발란스CRT300 스니커즈 운동화 (CRT300CA),http://www.hnsmall.com/display/goods.do?goods_code=12922166
D***,201910**,M,4,"사무직 (일반사무직, 공무원, 직업군인)",200~299만원,      ,          ,아파트/ 주상복합,서울,강남구,청담동,삼성,SKT,레저/자동차,자전거/용품,자전거,사은품증정[삼천리자전거]아이비/어린이자전거/아동용,http://www.11st.co.kr/product/SellerProductDetail.tmall?method=getSellerProductDetail&prdNo=1079264363
D***3,201910**,M,3,"사무직 (일반사무직, 공무원, 직업군인)",200~299만원,      ,          ,아파트/ 주상복합,경북,포항시 북구,환호동,삼성,SKT,자전거,튜닝용품,후미등,누빔멀티 라이트 NB-600 자전거 후미등 방향지시등,http://www.11st.co.kr/product/SellerProductDetail.tmall?method=getSellerProductDetail&prdNo=115116197
D***8,201910**,M,3,"사무직 (일반사무직, 공무원, 직업군인)",200~299만원,      ,          ,아파트/ 주상복합,경기,수원시 권선구,권선동,삼성,SKT,자전거,자전거신발/고글/헬멧,장갑,[MTB자전거장갑]라이딩장갑/여름장갑/반장갑,http://www.11st.co.kr/product/SellerProductDetail.tmall?method=getSellerProductDetail&prdNo=1274156192
D***7,201910**,F,3,"사무직 (일반사무직, 공무원, 직업군인)",800~899만원,예    ,자녀 있음 ,연립주택/ 다세대/ 빌라,서울,서대문구,북가좌동,삼성,LG U+,자전거,자전거부품,체인,MYBN 10단 실버_S10CR 체인,http://www.11st.co.kr/product/SellerProductDetail.tmall?method=getSellerProductDetail&prdNo=1272548067
D***9,201910**,M,5,"사무직 (일반사무직, 공무원, 직업군인)",200~299만원,      ,          ,아파트/ 주상복합,전남,고흥군,풍양면,삼성,SKT,자전거,자전거,MTB,앞뒤쇼바접이식 21단 26인치 입문 통학 출퇴근용 MTB,http://www.11st.co.kr/product/SellerProductDetail.tmall?method=getSellerProductDetail&prdNo=1082913347
D***2,201910**,F,5,"사무직 (일반사무직, 공무원, 직업군인)",400~499만원,예    ,자녀 있음 ,아파트/ 주상복합,경기,고양시 일산서구,탄현동,삼성,LG U+,레저/자동차,자전거/용품,자전거액세서리,▶빔라이트충전식 자전거 후미등┃자전거용품┃레저용품┃자전거악세사리┃자전거라이트┃후미등┃,http://www.11st.co.kr/product/SellerProductDetail.tmall?method=getSellerProductDetail&prdNo=1246317584
D***2,201910**,M,3,"전문직 (의사, 판검사, 예술가, 종교인)",200~299만원,아니오,          ,연립주택/ 다세대/ 빌라,서울,마포구,성산1동,LG,LG U+,레저/자동차,자전거/용품,헬멧/보호장비,자전거어반헬멧 어린이헬멧 인라인 헬맷 킥보드헬멧,http://www.11st.co.kr/product/SellerProductDetail.tmall?method=getSellerProductDetail&prdNo=1253467301
D***1,201910**,M,4,"사무직 (일반사무직, 공무원, 직업군인)",500~599만원,예    ,자녀 있음 ,아파트/ 주상복합,서울,서대문구,천연동,기타,알뜰폰(MVNO),자전거/보드,자전거장갑/잡화,자전거장갑,[프로스펙스]스마트 방한장갑 등산장갑 자전거장갑 겨울장갑 축구,http://item.gmarket.co.kr/Item?goodscode=1150372758
D***4,201910**,M,4,"기능직 (자동차정비, 운전기사, 안경사, 택시기사)",400~499만원,예    ,자녀 없음 ,아파트/ 주상복합,전남,진도군,고군면,삼성,SKT,자전거,자전거부품,페달,"토클립세트 (1쌍. 가죽밴드, 볼트 포함) Toe Clip Set 대만생산품. 픽시 클래식 로드 등 자전거 부품 용품",http://www.11st.co.kr/product/SellerProductDetail.tmall?method=getSellerProductDetail&prdNo=1114857336
D***8,201910**,M,2,"사무직 (일반사무직, 공무원, 직업군인)",500~599만원,아니오,          ,단독주택,인천,남동구,논현동,삼성,SKT,자전거/보드,자전거바구니/가방,크로스가방,엑스피크빅파우치 자전거 휴대폰파우치,http://item.gmarket.co.kr/Item?goodscode=1187012636
D***4,201910**,M,4,"사무직 (일반사무직, 공무원, 직업군인)",600~699만원,예    ,자녀 있음 ,아파트/ 주상복합,경기,김포시,운양동,애플,LG U+,자전거,자전거,MTB,프로메이드풀서스펜션 24인치 MTB자전거 아스톤힐DS,http://www.11st.co.kr/product/SellerProductDetail.tmall?method=getSellerProductDetail&prdNo=1190027550
D***,201910**,M,2,"사무직 (일반사무직, 공무원, 직업군인)",200~299만원,      ,          ,아파트/ 주상복합,서울,서대문구,북아현동,삼성,SKT,레저/자동차,자전거/용품,자전거액세서리,"매그닉라이트/전조등,후미등싱글판매/충전필요없는 독일특허 비접촉 자전거라이트/자전거용품/무료배송",http://www.11st.co.kr/product/SellerProductDetail.tmall?method=getSellerProductDetail&prdNo=1242176076
D***,201910**,F,4,"주부 (전업주부, 파트타임 근무 주부)",900~999만원,예    ,자녀 있음 ,아파트/ 주상복합,경기,용인시 수지구,성복동,삼성,SKT,레저/자동차,자전거/용품,자전거,자이덴라스카FX20 20인치 7단 접이식 자전거,http://www.11st.co.kr/product/SellerProductDetail.tmall?method=getSellerProductDetail&prdNo=1202758720
D***,201910**,F,3,"교직 (교사, 유치원교사, 학원강사)",500~599만원,아니오,          ,아파트/ 주상복합,서울,중랑구,신내동,삼성,SKT,자전거,자전거부품,보조바퀴,SM-901성인용 보조바퀴(20~26인치용),http://www.11st.co.kr/product/SellerProductDetail.tmall?method=getSellerProductDetail&prdNo=1200999290
D***,201910**,M,3,"서비스직 (요식업, 숙박업, 미용실종업원)",200~299만원,예    ,자녀 있음 ,아파트/ 주상복합,충북,청주시 상당구,금천동,삼성,LG U+,레저/자동차,자전거/용품,자전거액세서리,▶빔라이트충전식 자전거 후미등┃자전거용품┃레저용품┃자전거악세사리┃자전거라이트┃후미등┃,http://www.11st.co.kr/product/SellerProductDetail.tmall?method=getSellerProductDetail&prdNo=1246317584
D***1,201910**,F,3,"사무직 (일반사무직, 공무원, 직업군인)",200~299만원,      ,          ,아파트/ 주상복합,서울,관악구,보라매동,삼성,SKT,자전거,자전거신발/고글/헬멧,헬멧,코아브어반st 자전거 헬멧 성인용 용품 보드 인라인,http://www.11st.co.kr/product/SellerProductDetail.tmall?method=getSellerProductDetail&prdNo=1219634494
D***6,201910**,M,3,"사무직 (일반사무직, 공무원, 직업군인)",200~299만원,      ,          ,아파트/ 주상복합,경기,용인시 수지구,풍덕천1동,삼성,SKT,레저/자동차,자전거/용품,자전거액세서리,자전거비밀번호 자물쇠 (소)  No75,http://item.gmarket.co.kr/Item?goodscode=1235749090
D***1,201910**,M,3,"사무직 (일반사무직, 공무원, 직업군인)",200~299만원,      ,          ,아파트/ 주상복합,인천,남동구,간석3동,삼성,SKT,레저/자동차,자전거/용품,자전거,[삼천리자전거]하로GS20 7단 접이식자전거  어린이/여성 폴딩자전거,http://item.gmarket.co.kr/Item?goodscode=1201466217
D***2,201910**,M,5,"생산/노무직 (생산감독, 경비원, 공장근로자)",200~299만원,예    ,자녀 있음 ,아파트/ 주상복합,경기,수원시 장안구,정자3동,삼성,KT,자전거,자전거신발/고글/헬멧,보호대,일본코미네09-021 오토바이 핸들워머 빅스쿠터 전동 킥보드 토시 퀵보드 토시 장갑 겨울 방한용품,http://www.11st.co.kr/product/SellerProductDetail.tmall?method=getSellerProductDetail&prdNo=107138111
D***7,201910**,M,5,"사무직 (일반사무직, 공무원, 직업군인)",200~299만원,      ,          ,아파트/ 주상복합,광주,동구,계림1동,삼성,SKT,자전거,자전거관리용품,에어펌프(발펌프),발펌프/튜브/휴대용/쌍발/자전거/공기주입기/에어펌프/타이어공기/축구공/농구공/바람넣기/외발/강력발펌프,http://www.11st.co.kr/product/SellerProductDetail.tmall?method=getSellerProductDetail&prdNo=1091662162
D***8,201910**,M,2,"사무직 (일반사무직, 공무원, 직업군인)",200~299만원,      ,          ,아파트/ 주상복합,서울,용산구,청파동1가,삼성,SKT,레저/자동차,자전거/용품,자전거,[스마트]삼천리/스마트/바이맥스 접이식자전거 미니벨로 4종,http://item.gmarket.co.kr/Item?goodscode=1278067146
D***1,201910**,M,4,"사무직 (일반사무직, 공무원, 직업군인)",200~299만원,      ,          ,아파트/ 주상복합,대전,유성구,관평동,삼성,SKT,자전거,자전거,MTB,베리벨로보스톤GS 18년형 22인치 초등학생 MTB자전거,http://www.11st.co.kr/product/SellerProductDetail.tmall?method=getSellerProductDetail&prdNo=1240605806
D***0,201910**,F,4,"사무직 (일반사무직, 공무원, 직업군인)",200~299만원,      ,          ,아파트/ 주상복합,광주,동구,광산동,삼성,SKT,레저/자동차,자전거/용품,자전거,[삼천리자전거][삼천리]여성용 클래식 자전거 라니아 22인치,http://www.lotteimall.com/goods/viewGoodsDetail.lotte?goods_no=1203462725
D***1,201910**,F,2,"교직 (교사, 유치원교사, 학원강사)",500~599만원,아니오,          ,아파트/ 주상복합,서울,영등포구,영등포동,애플,SKT,레저/자동차,자전거/용품,자전거액세서리,"자전거커버,바이크린,자전거,자전거용품,싸이클",http://www.11st.co.kr/product/SellerProductDetail.tmall?method=getSellerProductDetail&prdNo=1170093481
D***1,201910**,F,3,"사무직 (일반사무직, 공무원, 직업군인)",800~899만원,아니오,          ,아파트/ 주상복합,경기,안양시 동안구,관양동,애플,SKT,레저/자동차,자전거/용품,자전거,지멘스여성용 부인용 자전거 클래식 24 26인치,http://item.gmarket.co.kr/Item?goodscode=1110235162
D***2,201910**,M,4,"사무직 (일반사무직, 공무원, 직업군인)",300~399만원,예    ,자녀 없음 ,아파트/ 주상복합,충남,아산시,배방읍,LG,알뜰폰(MVNO),자전거/보드,자전거바구니/가방,크로스가방,엑스피크빅파우치 자전거 휴대폰파우치,http://item.gmarket.co.kr/Item?goodscode=1187012636
D***7,201910**,M,4,"생산/노무직 (생산감독, 경비원, 공장근로자)",300~399만원,예    ,자녀 있음 ,아파트/ 주상복합,부산,해운대구,좌3동,기타,SKT,레저/자동차,자전거/용품,자전거액세서리,[VELO]VL3147전립선안장 - MTB 로드 싸이클 자전거 전립선 벨로 쿠션안장,http://www.11st.co.kr/product/SellerProductDetail.tmall?method=getSellerProductDetail&prdNo=1099006895
D***2,201910**,F,3,"사무직 (일반사무직, 공무원, 직업군인)",200~299만원,예    ,자녀 없음 ,연립주택/ 다세대/ 빌라,부산,수영구,남천1동,애플,KT,자전거,튜닝용품,거치대/보관대,노스바이크스마트폰 자전거거치대 핸드폰 휴대폰 가방,http://www.11st.co.kr/product/SellerProductDetail.tmall?method=getSellerProductDetail&prdNo=1016944642
D***6,201910**,F,3,"사무직 (일반사무직, 공무원, 직업군인)","1,000만원 이상",예    ,자녀 있음 ,아파트/ 주상복합,광주,동구,지산동,삼성,알뜰폰(MVNO),자전거,튜닝용품,흙받이,자전거흙받이(한세트)삼천리자전거 레스포정품/흙튀김방지 물받이/선택,http://www.11st.co.kr/product/SellerProductDetail.tmall?method=getSellerProductDetail&prdNo=12932278
D***8,201910**,M,4,"자영업 (도소매업, 숙박업, 미용업)",300~399만원,아니오,          ,아파트/ 주상복합,대구,북구,고성동2가,기타,알뜰폰(MVNO),레저/자동차,자전거/용품,자전거액세서리,자전거비밀번호 자물쇠 (소)  No75,http://item.gmarket.co.kr/Item?goodscode=1235749090
D***3,201910**,M,5,"판매직 (상점점원, 보험설계사, 노점상)",300~399만원,예    ,자녀 있음 ,연립주택/ 다세대/ 빌라,경기,화성시,봉담읍,기타,SKT,자전거,튜닝용품,트레일러,알톤키즈 트레일러/자전거/캐리어/손잡이/보조바퀴,http://www.11st.co.kr/product/SellerProductDetail.tmall?method=getSellerProductDetail&prdNo=1249445352
D***,201910**,F,4,"사무직 (일반사무직, 공무원, 직업군인)",200~299만원,      ,          ,아파트/ 주상복합,서울,강동구,상일동,삼성,SKT,레저/자동차,자전거/용품,헬멧/보호장비,자전거헬멧/자전거용품/큰/삼천리헬멧/성인/아동헬멧,http://www.11st.co.kr/product/SellerProductDetail.tmall?method=getSellerProductDetail&prdNo=1044088173
D***,201910**,M,4,"사무직 (일반사무직, 공무원, 직업군인)",400~499만원,아니오,          ,아파트/ 주상복합,광주,서구,화정3동,삼성,SKT,자전거,튜닝용품,속도계,자전거무선속도계 엑스헌터 자전거속도계 자전거용품,http://www.11st.co.kr/product/SellerProductDetail.tmall?method=getSellerProductDetail&prdNo=1249839989
D***,201910**,F,2,"사무직 (일반사무직, 공무원, 직업군인)",200~299만원,      ,          ,아파트/ 주상복합,부산,금정구,남산동,삼성,SKT,자전거,튜닝용품,흙받이,자전거흙받이/짐받이가방/강철크롬짐받이/받침대/보조안장/쇼바형짐받이/자전거용품,http://www.11st.co.kr/product/SellerProductDetail.tmall?method=getSellerProductDetail&prdNo=1081764401
D***,201910**,F,2,"사무직 (일반사무직, 공무원, 직업군인)",200~299만원,      ,          ,아파트/ 주상복합,서울,금천구,독산1동,삼성,SKT,레저/자동차,자전거/용품,자전거액세서리,SCHWALBE슈발베 타이어레버 3개한세트 타이어교체 / 튜블러 시멘트/리무버/이지핏 악세사리,http://www.11st.co.kr/product/SellerProductDetail.tmall?method=getSellerProductDetail&prdNo=1263501442
D***,201910**,M,5,"사무직 (일반사무직, 공무원, 직업군인)",200~299만원,      ,          ,아파트/ 주상복합,강원,동해시,삼화동,삼성,SKT,레저/자동차,자전거/용품,자전거,[알톤]갤럽22 21단 앞쇼바 7~11세 시마노인투스기어,http://www.11st.co.kr/product/SellerProductDetail.tmall?method=getSellerProductDetail&prdNo=1230962682
D***5,201910**,M,5,"사무직 (일반사무직, 공무원, 직업군인)",200~299만원,      ,          ,아파트/ 주상복합,경북,구미시,봉곡동,삼성,SKT,자전거,자전거신발/고글/헬멧,보호대,(가온들)나스카/쿨토시/기능성팔토시/스포츠골프토시,http://www.11st.co.kr/product/SellerProductDetail.tmall?method=getSellerProductDetail&prdNo=11387459
D***4,201910**,M,2,"사무직 (일반사무직, 공무원, 직업군인)",200~299만원,      ,          ,아파트/ 주상복합,경기,광주시,오포읍,삼성,SKT,자전거,자전거신발/고글/헬멧,장갑,자전거방한토시 바이크 핸들덮개 방한커버 손토시,http://www.11st.co.kr/product/SellerProductDetail.tmall?method=getSellerProductDetail&prdNo=1164858474
D***2,201910**,M,4,"사무직 (일반사무직, 공무원, 직업군인)",300~399만원,예    ,자녀 있음 ,아파트/ 주상복합,경남,김해시,장유면,삼성,SKT,레저/자동차,자전거/용품,자전거,[삼천리]접이자전거비타민24 24형 7단 미니벨로 폴딩,http://www.11st.co.kr/product/SellerProductDetail.tmall?method=getSellerProductDetail&prdNo=1208645013
D***2,201910**,M,2,"학생 (초중고학생, 대학생, 대학원생)",500~599만원,아니오,          ,아파트/ 주상복합,경기,김포시,양촌면,애플,SKT,자전거/보드,자전거헬멧,기타브랜드 헬멧,[삼천리자전거]미니마우스 헬멧보호대 세트 어린이 자전거 킥보드/ 삼천리자전거,http://item.gmarket.co.kr/Item?goodscode=1112014699
D***3,201910**,F,3,"주부 (전업주부, 파트타임 근무 주부)",300~399만원,예    ,자녀 없음 ,아파트/ 주상복합,강원,강릉시,교1동,애플,SKT,레저/자동차,자전거/용품,자전거의류/잡화,[엠씨엔]MCN 통기성좋고 시원한 매쉬마스크/UV자외선 벌레차단,http://item.gmarket.co.kr/Item?goodscode=1104924744
D***9,201910**,M,4,"사무직 (일반사무직, 공무원, 직업군인)",200~299만원,      ,          ,아파트/ 주상복합,경기,안양시 만안구,안양1동,삼성,SKT,자전거/보드,자전거바구니/가방,크로스가방,[엑스피크]2포켓 스마트폰 파우치/암밴드+목걸이 기본증정,http://item.gmarket.co.kr/Item?goodscode=1187012646
D***2,201910**,F,4,"사무직 (일반사무직, 공무원, 직업군인)",500~599만원,예    ,자녀 있음 ,아파트/ 주상복합,경기,광주시,회덕동,삼성,SKT,자전거/보드,자전거장갑/잡화,자전거장갑,[프로스펙스]스마트 방한장갑 등산장갑 자전거장갑 겨울장갑 축구,http://item.gmarket.co.kr/Item?goodscode=1150372758
D***5,201910**,M,5,"사무직 (일반사무직, 공무원, 직업군인)",200~299만원,      ,          ,아파트/ 주상복합,서울,강남구,개포동,삼성,SKT,자전거,자전거관리용품,에어펌프(발펌프),국산삼흥 발펌프 공기주입기 손펌프 에어펌프 자전거펌프 공 오토바이 바이크 휴대용 쌍발펌프 튜브 스포,http://www.11st.co.kr/product/SellerProductDetail.tmall?method=getSellerProductDetail&prdNo=1105695651
D***8,201910**,M,4,"판매직 (상점점원, 보험설계사, 노점상)",500~599만원,예    ,자녀 있음 ,아파트/ 주상복합,서울,은평구,불광2동,LG,SKT,자전거,자전거신발/고글/헬멧,신발,에코사이클링/스피닝슈즈/스피닝운동화/스피닝신발/클릿슈즈/사이클운동화/사이클신발/사이클슈즈/클릿포함,http://www.11st.co.kr/product/SellerProductDetail.tmall?method=getSellerProductDetail&prdNo=1262545428
D***1,201910**,F,4,"주부 (전업주부, 파트타임 근무 주부)",400~499만원,예    ,자녀 있음 ,아파트/ 주상복합,경기,군포시,산본1동,삼성,KT,레저/자동차,자전거/용품,자전거의류/잡화,아동.유아.어린이/무릎보호대.헬멧.장갑 세트/자전거용품.인라인스케이트.씽씽카.안전용품.블랙프라이데이,http://www.11st.co.kr/product/SellerProductDetail.tmall?method=getSellerProductDetail&prdNo=1066221250
D***,201910**,M,4,"자영업 (도소매업, 숙박업, 미용업)",300~399만원,아니오,          ,연립주택/ 다세대/ 빌라,경기,고양시 덕양구,내유동,삼성,LG U+,캠핑/골프/헬스/자전거,자전거의류/용품,신발,뉴발란스CRT300 스니커즈 운동화 (CRT300CA),http://www.hnsmall.com/display/goods.do?goods_code=12922166
D***,201910**,F,2,"사무직 (일반사무직, 공무원, 직업군인)",200~299만원,      ,          ,아파트/ 주상복합,전남,목포시,하당동,삼성,SKT,자전거/보드,자전거라이트,자전거라이트/전조등,지바코76L 폴딩 립스탑 멀티 백 캠핑가방 수납가방,http://item.gmarket.co.kr/Item?goodscode=1111364071
D***,201910**,M,4,"사무직 (일반사무직, 공무원, 직업군인)",200~299만원,      ,          ,아파트/ 주상복합,서울,양천구,목1동,삼성,SKT,자전거/보드,자전거타이어/부품,자전거튜브,[흥아]흥아 26인치x1.75/2.125 프레스타 60mm 자전거튜브,http://item.gmarket.co.kr/Item?goodscode=1284816502
D***,201910**,F,5,"사무직 (일반사무직, 공무원, 직업군인)",200~299만원,      ,          ,아파트/ 주상복합,경기,성남시 분당구,야탑동,삼성,SKT,자전거/보드,자전거타이어/부품,자전거튜브,[CST]700x25/32C fv48mm 자전거튜브 프레스타 흥아 켄다,http://item.gmarket.co.kr/Item?goodscode=1283527298
D***,201910**,M,2,"사무직 (일반사무직, 공무원, 직업군인)",200~299만원,      ,          ,아파트/ 주상복합,강원,고성군,간성읍,삼성,SKT,자전거,자전거,MTB,앞뒤쇼바접이식 21단 26인치 입문 통학 출퇴근용 MTB,http://www.11st.co.kr/product/SellerProductDetail.tmall?method=getSellerProductDetail&prdNo=1082913347
D***,201910**,M,4,"사무직 (일반사무직, 공무원, 직업군인)",200~299만원,      ,          ,아파트/ 주상복합,부산,동래구,온천1동,삼성,SKT,자전거,자전거관리용품,에어펌프(발펌프),발펌프/튜브/휴대용/쌍발/자전거/공기주입기/에어펌프/타이어공기/축구공/농구공/바람넣기/외발/강력발펌프,http://www.11st.co.kr/product/SellerProductDetail.tmall?method=getSellerProductDetail&prdNo=1091662162
D***5,201910**,F,5,"주부 (전업주부, 파트타임 근무 주부)",500~599만원,예    ,자녀 있음 ,아파트/ 주상복합,인천,연수구,송도동,삼성,SKT,자전거,자전거관리용품,에어펌프(발펌프),국산삼흥 발펌프 공기주입기 손펌프 에어펌프 자전거,http://www.11st.co.kr/product/SellerProductDetail.tmall?method=getSellerProductDetail&prdNo=1105695651
D***5,201910**,M,4,"생산/노무직 (생산감독, 경비원, 공장근로자)",300~399만원,예    ,자녀 있음 ,아파트/ 주상복합,경기,안산시 상록구,월피동,애플,SKT,캠핑/골프/헬스/자전거,자전거의류/용품,신발,뉴발란스운동화 574 NEWBALANCE 574 (ML574SS2),http://www.hnsmall.com/display/goods.do?goods_code=11979567
D***8,201910**,M,2,"사무직 (일반사무직, 공무원, 직업군인)",200~299만원,      ,          ,아파트/ 주상복합,서울,강서구,화곡8동,삼성,SKT,레저/자동차,자전거/용품,헬멧/보호장비,GIFT삼천리 헬멧 SH330S 선바이저 자전거용품 인라인,http://www.11st.co.kr/product/SellerProductDetail.tmall?method=getSellerProductDetail&prdNo=115415058
D***8,201910**,M,5,"판매직 (상점점원, 보험설계사, 노점상)",300~399만원,예    ,자녀 있음 ,아파트/ 주상복합,경기,파주시,광탄면,기타,SKT,자전거,자전거신발/고글/헬멧,헬멧,코아브어반st 자전거 헬멧 성인용 용품 보드 인라인,http://www.11st.co.kr/product/SellerProductDetail.tmall?method=getSellerProductDetail&prdNo=1219634494
D***4,201910**,F,5,"주부 (전업주부, 파트타임 근무 주부)",300~399만원,예    ,자녀 있음 ,아파트/ 주상복합,경기,고양시 일산동구,풍동,삼성,LG U+,레저/자동차,자전거/용품,자전거,알톤베네통BKS18/16 어린이자전거 삼천리 아동자전거,http://www.11st.co.kr/product/SellerProductDetail.tmall?method=getSellerProductDetail&prdNo=1215156477
D***3,201910**,M,2,"학생 (초중고학생, 대학생, 대학원생)",200~299만원,아니오,          ,아파트/ 주상복합,경기,안양시 동안구,호계동,LG,SKT,자전거/보드,자전거액세서리,자전거커버,스타시빅C-01 옥스포드 210D 자전거 커버,http://item.gmarket.co.kr/Item?goodscode=1266415303
D***2,201910**,M,4,"전문직 (의사, 판검사, 예술가, 종교인)",300~399만원,아니오,          ,아파트/ 주상복합,서울,성동구,상왕십리동,삼성,SKT,자전거,자전거부품,브레이크레버,브레이크레버/아동용/성인용/알로이브레이크레버/자전거부품/자전거브레이크레버,http://www.11st.co.kr/product/SellerProductDetail.tmall?method=getSellerProductDetail&prdNo=1280791866
D***0,201910**,F,4,"교직 (교사, 유치원교사, 학원강사)",500~599만원,예    ,자녀 있음 ,아파트/ 주상복합,경기,파주시,문산읍,LG,LG U+,자전거/보드,로드자전거,알루미늄자전거,2017알톤 벨록스 CC 로드 사이클로크로스 자전거,http://item.gmarket.co.kr/Item?goodscode=1112776902
D***0,201910**,F,4,"교직 (교사, 유치원교사, 학원강사)",500~599만원,예    ,자녀 있음 ,아파트/ 주상복합,경기,파주시,문산읍,LG,LG U+,자전거/보드,자전거액세서리,자전거짐받이,바이크박스블랙   -  생활용 여성용 접이식 자전거 짐받이 거치용 접이식 짐 바구니,http://item.gmarket.co.kr/Item?goodscode=128833406
D***,201910**,M,2,"사무직 (일반사무직, 공무원, 직업군인)",200~299만원,      ,          ,아파트/ 주상복합,대전,유성구,지족동,삼성,SKT,레저/자동차,자전거/용품,자전거액세서리,로드MTB 충전식 자전거라이트 용품 18650 배터리,http://www.11st.co.kr/product/SellerProductDetail.tmall?method=getSellerProductDetail&prdNo=1004933124
D***,201910**,M,3,"전문직 (의사, 판검사, 예술가, 종교인)","1,000만원 이상",예    ,자녀 있음 ,아파트/ 주상복합,서울,양천구,목5동,삼성,SKT,자전거,자전거부품,페달,"토클립세트 (1쌍. 가죽밴드, 볼트 포함) Toe Clip Set 대만생산품. 픽시 클래식 로드 등 자전거 부품 용품",http://www.11st.co.kr/product/SellerProductDetail.tmall?method=getSellerProductDetail&prdNo=1114857336
D***2,201910**,M,4,"사무직 (일반사무직, 공무원, 직업군인)",200~299만원,      ,          ,아파트/ 주상복합,충남,연기군,금남면,삼성,SKT,자전거/보드,일반자전거,외발/삼륜/2인용,절대터지지않는알로이 컨츄리 성인 세발자전거 삼륜,http://item.gmarket.co.kr/Item?goodscode=1201833484
D***6,201910**,F,4,"사무직 (일반사무직, 공무원, 직업군인)",600~699만원,예    ,자녀 없음 ,아파트/ 주상복합,경기,군포시,금정동,LG,SKT,자전거,자전거부품,체인,"SramX1 체인, PC-X1, 11단/11단용 자전거 체인",http://www.11st.co.kr/product/SellerProductDetail.tmall?method=getSellerProductDetail&prdNo=1261677729
D***7,201910**,M,3,"전문직 (의사, 판검사, 예술가, 종교인)",300~399만원,예    ,자녀 있음 ,아파트/ 주상복합,경기,안산시 단원구,고잔2동,삼성,KT,자전거,자전거,MTB,삼천리자전거팀60D MTB자전거 24단 알루미늄자전거,http://www.11st.co.kr/product/SellerProductDetail.tmall?method=getSellerProductDetail&prdNo=1230896068
D***6,201910**,F,4,"사무직 (일반사무직, 공무원, 직업군인)",200~299만원,      ,          ,아파트/ 주상복합,서울,강남구,논현동,삼성,SKT,레저/자동차,자전거/용품,자전거액세서리,자전거유아안장전방유아안장 아동보조안장,http://www.11st.co.kr/product/SellerProductDetail.tmall?method=getSellerProductDetail&prdNo=124145685
D***7,201910**,M,3,"사무직 (일반사무직, 공무원, 직업군인)",200~299만원,아니오,          ,연립주택/ 다세대/ 빌라,서울,금천구,독산1동,삼성,SKT,자전거/보드,일반자전거,외발/삼륜/2인용,[자이덴]지오닉스 나누미 에코 성인용 세발 트라이 삼륜자전거,http://item.gmarket.co.kr/Item?goodscode=1292909571
D***2,201910**,F,5,"주부 (전업주부, 파트타임 근무 주부)",100만원 미만,예    ,자녀 있음 ,아파트/ 주상복합,서울,영등포구,여의도동,기타,SKT,캠핑/골프/헬스/자전거,자전거의류/용품,신발,뉴발란스585 USA 스니커즈 운동화 (M585GR),http://www.hnsmall.com/display/goods.do?goods_code=12928736
D***0,201910**,F,5,"판매직 (상점점원, 보험설계사, 노점상)",500~599만원,예    ,자녀 있음 ,아파트/ 주상복합,경기,고양시 덕양구,대자동,삼성,KT,레저/자동차,자전거/용품,자전거,사은품증정[삼천리자전거]아이비/어린이자전거/아동용,http://www.11st.co.kr/product/SellerProductDetail.tmall?method=getSellerProductDetail&prdNo=1079264363
D***,201910**,M,3,"사무직 (일반사무직, 공무원, 직업군인)",200~299만원,      ,          ,아파트/ 주상복합,서울,영등포구,영등포동6가,삼성,SKT,레저/자동차,자전거/용품,자전거,뉴도미니크24/렌즈/갤럽등 초등학생 하이브리드 모음,http://www.11st.co.kr/product/SellerProductDetail.tmall?method=getSellerProductDetail&prdNo=1154104823
D***,201910**,F,2,"사무직 (일반사무직, 공무원, 직업군인)",900~999만원,아니오,          ,아파트/ 주상복합,경기,평택시,합정동,삼성,SKT,자전거,자전거관리용품,펑크패치,호비번개표 펑크패치 타이어수리 타이어레버 빵구,http://www.11st.co.kr/product/SellerProductDetail.tmall?method=getSellerProductDetail&prdNo=12271947
D***,201910**,M,5,"사무직 (일반사무직, 공무원, 직업군인)",200~299만원,      ,          ,아파트/ 주상복합,경기,안산시 단원구,원곡2동,삼성,SKT,레저/자동차,자전거/용품,자전거액세서리,18650AA AAA 충전지 배터리 충전기 i4 D2 i2 UM20,http://www.11st.co.kr/product/SellerProductDetail.tmall?method=getSellerProductDetail&prdNo=1181473940
D***7,201910**,F,3,"사무직 (일반사무직, 공무원, 직업군인)",500~599만원,아니오,          ,아파트/ 주상복합,서울,노원구,상계6.7동,삼성,SKT,자전거,자전거신발/고글/헬멧,헬멧,자전거커버방수 덮개 오토바이,http://www.11st.co.kr/product/SellerProductDetail.tmall?method=getSellerProductDetail&prdNo=1269616509
D***4,201910**,F,2,무직,100만원 미만,아니오,          ,연립주택/ 다세대/ 빌라,울산,남구,삼산동,LG,LG U+,자전거,자전거부품,페달,"토클립세트 (1쌍. 가죽밴드, 볼트 포함) Toe Clip Set 대만생산품. 픽시 클래식 로드 등 자전거 부품 용품",http://www.11st.co.kr/product/SellerProductDetail.tmall?method=getSellerProductDetail&prdNo=1114857336
D***3,201910**,F,5,"사무직 (일반사무직, 공무원, 직업군인)",200~299만원,      ,          ,아파트/ 주상복합,인천,남구,도화3동,삼성,SKT,캠핑/골프/헬스/자전거,자전거의류/용품,공용상의,[MCN]윈드베스트 MSV-16 블랙/자전거조끼,http://www.hnsmall.com/display/goods.do?goods_code=12602302
D***0,201910**,M,3,"사무직 (일반사무직, 공무원, 직업군인)",300~399만원,예    ,자녀 있음 ,아파트/ 주상복합,광주,서구,금호동,삼성,KT,레저/자동차,자전거/용품,자전거,[삼천리자전거][삼천리]여성용 클래식 자전거 라니아 22인치,http://www.lotteimall.com/goods/viewGoodsDetail.lotte?goods_no=1203462725
D***9,201910**,M,2,"사무직 (일반사무직, 공무원, 직업군인)",200~299만원,아니오,          ,연립주택/ 다세대/ 빌라,서울,구로구,구로3동,삼성,KT,레저/자동차,자전거/용품,자전거의류/잡화,[엠씨엔]MCN 통기성좋고 시원한 매쉬마스크/UV자외선 벌레차단,http://item.gmarket.co.kr/Item?goodscode=1104924744
D***4,201910**,M,3,"자영업 (도소매업, 숙박업, 미용업)",300~399만원,예    ,자녀 없음 ,아파트/ 주상복합,대구,북구,칠성동2가,애플,KT,자전거,자전거신발/고글/헬멧,장갑,자전거방한토시 바이크 핸들덮개 방한커버 손토시,http://www.11st.co.kr/product/SellerProductDetail.tmall?method=getSellerProductDetail&prdNo=1164858474
D***,201910**,M,3,"사무직 (일반사무직, 공무원, 직업군인)",200~299만원,      ,          ,아파트/ 주상복합,서울,노원구,공릉1.3동,삼성,SKT,레저/자동차,자전거/용품,자전거액세서리,AVVISO툴캡슐 자전거 거치대 공구함 케이스 툴부스,http://item.gmarket.co.kr/Item?goodscode=1129194351
D***,201910**,M,3,"사무직 (일반사무직, 공무원, 직업군인)",200~299만원,아니오,          ,연립주택/ 다세대/ 빌라,강원,강릉시,포남1동,삼성,KT,자전거,튜닝용품,거치대,(추천)말대가리 스마트 거치대/ 휴대폰거치대 스마트폰거치대 거치대 차량용폰거치대 핸폰거치대 헨드폰거,http://www.11st.co.kr/product/SellerProductDetail.tmall?method=getSellerProductDetail&prdNo=1222876667
D***,201910**,F,3,"전문직 (의사, 판검사, 예술가, 종교인)",300~399만원,예    ,자녀 있음 ,아파트/ 주상복합,서울,서초구,반포4동,삼성,KT,자전거/보드,자전거장갑/잡화,자전거장갑,[킹썰]스포츠/등산/자전거장갑/여름장갑/반장갑/핸드폰터치,http://item.gmarket.co.kr/Item?goodscode=1144168847
D***,201910**,M,4,"사무직 (일반사무직, 공무원, 직업군인)",600~699만원,예    ,자녀 있음 ,아파트/ 주상복합,대전,동구,대성동,삼성,SKT,자전거,자전거관리용품,에어펌프(발펌프),자전거펌프/미니펌프/공기주입기/자전거용품,http://www.11st.co.kr/product/SellerProductDetail.tmall?method=getSellerProductDetail&prdNo=12932277
D***2,201910**,M,4,"사무직 (일반사무직, 공무원, 직업군인)",300~399만원,예    ,자녀 있음 ,아파트/ 주상복합,경남,김해시,장유면,삼성,SKT,레저/자동차,자전거/용품,자전거,[삼천리]접이자전거비타민24 24형 7단 미니벨로 폴딩,http://www.11st.co.kr/product/SellerProductDetail.tmall?method=getSellerProductDetail&prdNo=1208645013
D***5,201910**,M,2,"사무직 (일반사무직, 공무원, 직업군인)",200~299만원,      ,          ,아파트/ 주상복합,대구,서구,평리1동,삼성,SKT,자전거,자전거부품,핸들그립,Giant그립/Connect 커넥트 에르고 맥스 락온 (2색상),http://www.11st.co.kr/product/SellerProductDetail.tmall?method=getSellerProductDetail&prdNo=1137382869
D***8,201910**,F,4,"전문직 (의사, 판검사, 예술가, 종교인)",500~599만원,예    ,자녀 없음 ,아파트/ 주상복합,경기,성남시 중원구,은행1동,LG,알뜰폰(MVNO),레저/자동차,자전거/용품,자전거액세서리,자전거라이트LED 전조등 후미등 후레쉬 [거치대증정],http://www.11st.co.kr/product/SellerProductDetail.tmall?method=getSellerProductDetail&prdNo=1080334719
D***4,201910**,M,4,"사무직 (일반사무직, 공무원, 직업군인)",200~299만원,      ,          ,아파트/ 주상복합,서울,노원구,월계1동,삼성,SKT,캠핑/골프/헬스/자전거,자전거의류/용품,신발,뉴발란스운동화 774 NEWBALANCE 774 (M774BK3),http://www.hnsmall.com/display/goods.do?goods_code=11979566
D***3,201910**,M,4,"관리직 (사장, 간부, 고위공무원)",500~599만원,아니오,          ,연립주택/ 다세대/ 빌라,경기,성남시 분당구,정자동,삼성,SKT,레저/자동차,자전거/용품,자전거의류/잡화,[엠씨엔]MCN 통기성좋고 시원한 매쉬마스크/UV자외선 벌레차단,http://item.gmarket.co.kr/Item?goodscode=1104924744
D***1,201910**,F,3,"사무직 (일반사무직, 공무원, 직업군인)",200~299만원,      ,          ,아파트/ 주상복합,경기,부천시 원미구,중1동,삼성,SKT,캠핑/골프/헬스/자전거,자전거의류/용품,신발,뉴발란스585 USA 스니커즈 운동화 (M585GR),http://www.hnsmall.com/display/goods.do?goods_code=12928736
D***7,201910**,F,2,"사무직 (일반사무직, 공무원, 직업군인)",100~199만원,아니오,          ,연립주택/ 다세대/ 빌라,부산,기장군,기장읍,삼성,SKT,자전거/보드,자전거액세서리,자전거스마트폰거치대,4방향완벽고정 자전거 스마트폰 거치대 (블랙),http://item.gmarket.co.kr/Item?goodscode=1235492029
D***,201910**,F,3,"사무직 (일반사무직, 공무원, 직업군인)",200~299만원,      ,          ,아파트/ 주상복합,인천,계양구,작전1동,삼성,SKT,자전거,튜닝용품,전시스탠드,토픽스텐드 DUAL TOUCH BIKE STAND 자전거거치대,http://www.11st.co.kr/product/SellerProductDetail.tmall?method=getSellerProductDetail&prdNo=1154312380
D***,201910**,M,2,"사무직 (일반사무직, 공무원, 직업군인)",200~299만원,      ,          ,아파트/ 주상복합,대구,서구,내당4동,삼성,SKT,레저/자동차,자전거/용품,자전거액세서리,블랙울프미니줌 줌라이트 LED랜턴 후레쉬 자전거용품,http://www.11st.co.kr/product/SellerProductDetail.tmall?method=getSellerProductDetail&prdNo=1182033172
D***,201910**,M,3,"사무직 (일반사무직, 공무원, 직업군인)",200~299만원,      ,          ,아파트/ 주상복합,부산,부산진구,개금2동,삼성,SKT,레저/자동차,자전거/용품,자전거,베리벨로보스톤GS 22 18년형 22인치 MTB자전거,http://www.11st.co.kr/product/SellerProductDetail.tmall?method=getSellerProductDetail&prdNo=1264898395
D***0,201910**,F,2,"사무직 (일반사무직, 공무원, 직업군인)",200~299만원,      ,          ,아파트/ 주상복합,경기,고양시 덕양구,주교동,삼성,SKT,레저/자동차,자전거/용품,자전거액세서리,AVVISO툴캡슐 자전거 거치대 공구함 케이스 툴부스,http://item.gmarket.co.kr/Item?goodscode=1129194351
D***3,201910**,M,2,"사무직 (일반사무직, 공무원, 직업군인)",200~299만원,      ,          ,아파트/ 주상복합,인천,부평구,부개1동,삼성,SKT,레저/자동차,자전거/용품,자전거,스타카토에스코트 7단 접이식 자전거 바구니 포함,http://www.11st.co.kr/product/SellerProductDetail.tmall?method=getSellerProductDetail&prdNo=1216359097
D***0,201910**,M,3,퇴직/연금생활자,200~299만원,아니오,          ,연립주택/ 다세대/ 빌라,경기,안산시 단원구,신길동,삼성,LG U+,자전거,튜닝용품,거치대/보관대,노스바이크스마트폰 자전거거치대 핸드폰 휴대폰 가방,http://www.11st.co.kr/product/SellerProductDetail.tmall?method=getSellerProductDetail&prdNo=1016944642
D***8,201910**,M,3,"사무직 (일반사무직, 공무원, 직업군인)",200~299만원,예    ,자녀 없음 ,아파트/ 주상복합,서울,송파구,가락동,삼성,SKT,레저/자동차,자전거/용품,자전거,지오스빈티지벨로체/GiosVintage Veloce 로드자전거,http://item.gmarket.co.kr/Item?goodscode=1273357815
D***7,201910**,M,3,"사무직 (일반사무직, 공무원, 직업군인)",700~799만원,아니오,          ,아파트/ 주상복합,서울,구로구,신도림동,삼성,SKT,자전거,자전거관리용품,광택,자전거방수보관커버/방수자전거 커버/PEVA원단,http://www.11st.co.kr/product/SellerProductDetail.tmall?method=getSellerProductDetail&prdNo=1255618282
D***4,201910**,M,3,"사무직 (일반사무직, 공무원, 직업군인)",500~599만원,아니오,          ,아파트/ 주상복합,서울,용산구,이촌2동,애플,SKT,레저/자동차,자전거/용품,헬멧/보호장비,가성비좋은 헬멧/빅이글 자전거헬멧/보호대/인라인/자전거용품,http://www.11st.co.kr/product/SellerProductDetail.tmall?method=getSellerProductDetail&prdNo=1187889237
D***,201910**,M,3,"사무직 (일반사무직, 공무원, 직업군인)",200~299만원,      ,          ,아파트/ 주상복합,서울,성동구,금호동3가,삼성,SKT,레저/자동차,자전거/용품,자전거의류/잡화,[엠씨엔]MCN 통기성좋고 시원한 매쉬마스크/UV자외선 벌레차단,http://item.gmarket.co.kr/Item?goodscode=1104924744
D***,201910**,M,4,"사무직 (일반사무직, 공무원, 직업군인)",200~299만원,      ,          ,아파트/ 주상복합,부산,사상구,엄궁동,삼성,SKT,유아동,유아동완구/교구,승용완구,ZOKO조코유아동 체인자전거9종(3세~7세사용)+컵홀더,http://item.gmarket.co.kr/Item?goodscode=1109676457
D***,201910**,M,5,"사무직 (일반사무직, 공무원, 직업군인)",600~699만원,예    ,자녀 있음 ,아파트/ 주상복합,경기,용인시 수지구,죽전2동,삼성,LG U+,자전거,자전거,MTB,삼천리자전거/하운드팀50D/MTB자전거/산악자전거,http://www.11st.co.kr/product/SellerProductDetail.tmall?method=getSellerProductDetail&prdNo=1254184372
D***7,201910**,M,5,"서비스직 (요식업, 숙박업, 미용실종업원)",200~299만원,아니오,          ,연립주택/ 다세대/ 빌라,경기,성남시 중원구,은행1동,삼성,SKT,자전거,자전거관리용품,펑크패치,자전거펑크패치(패치30개+접착제) 자전거타이어수리,http://www.11st.co.kr/product/SellerProductDetail.tmall?method=getSellerProductDetail&prdNo=12932340
D***4,201910**,F,4,무직,400~499만원,예    ,자녀 없음 ,연립주택/ 다세대/ 빌라,경기,부천시 오정구,원종1동,삼성,KT,자전거/보드,자전거장갑/잡화,자전거장갑,[킹썰]스포츠/등산/자전거장갑/여름장갑/반장갑/핸드폰터치,http://item.gmarket.co.kr/Item?goodscode=1144168847
D***6,201910**,F,2,"학생 (초중고학생, 대학생, 대학원생)",300~399만원,아니오,          ,연립주택/ 다세대/ 빌라,서울,종로구,숭인동,애플,SKT,자전거/보드,자전거바구니/가방,크로스가방,[엑스피크]2포켓 스마트폰 파우치/암밴드+목걸이 기본증정,http://item.gmarket.co.kr/Item?goodscode=1187012646
D***5,201910**,F,2,"학생 (초중고학생, 대학생, 대학원생)","1,000만원 이상",아니오,          ,연립주택/ 다세대/ 빌라,서울,서대문구,북가좌2동,LG,LG U+,레저/자동차,자전거/용품,자전거액세서리,[고바이크]자전거짐받이특대바구니/플록스천바구니/짐바구니/고정식바구니/장착용바구니/자전거악세사리,http://www.11st.co.kr/product/SellerProductDetail.tmall?method=getSellerProductDetail&prdNo=1273581622
D***3,201910**,M,2,"전문직 (의사, 판검사, 예술가, 종교인)",100~199만원,아니오,          ,기타 ,경기,고양시 일산동구,마두2동,LG,KT,자전거,자전거관리용품,튜브벨브/어댑터/노즐,[아답터모음] 던롭 프레스타 슈레더 공 튜브 어뎁터 펌프 호환 아답타 공기주입 던롭집게 자전거용품,http://www.11st.co.kr/product/SellerProductDetail.tmall?method=getSellerProductDetail&prdNo=1002005394
D***4,201910**,M,3,"사무직 (일반사무직, 공무원, 직업군인)",200~299만원,      ,          ,아파트/ 주상복합,서울,강남구,논현동,삼성,SKT,자전거,튜닝용품,후미등,자전거후미등/후미등/실리콘/LED후미등/안전등,http://www.11st.co.kr/product/SellerProductDetail.tmall?method=getSellerProductDetail&prdNo=1067038322
D***4,201910**,M,2,"학생 (초중고학생, 대학생, 대학원생)","1,000만원 이상",아니오,          ,아파트/ 주상복합,서울,마포구,연남동,삼성,SKT,레저/자동차,자전거/용품,헬멧/보호장비,자전거어반헬멧 어린이헬멧 인라인 헬맷 킥보드헬멧,http://www.11st.co.kr/product/SellerProductDetail.tmall?method=getSellerProductDetail&prdNo=1253467301
D***1,201910**,M,3,"서비스직 (요식업, 숙박업, 미용실종업원)",200~299만원,아니오,          ,단독주택,서울,노원구,상계1동,삼성,SKT,레저/자동차,자전거/용품,자전거,[21세기스쿠터]질주본능!21세기스쿠터/미드미 外 봄바람 일으키는 모빌리티 컬렉션,http://www.lotteimall.com/goods/viewGoodsDetail.lotte?goods_no=1154385444
D***3,201910**,M,4,"농/축/광/수산업 (축산, 낙농업, 수산, 임업, 광업)",300~399만원,아니오,          ,아파트/ 주상복합,충북,증평군,증평읍,삼성,LG U+,레저/자동차,자전거/용품,자전거액세서리,[VELO]VL3147전립선안장 - MTB 로드 싸이클 자전거 전립선 벨로 쿠션안장,http://www.11st.co.kr/product/SellerProductDetail.tmall?method=getSellerProductDetail&prdNo=1099006895
D***8,201910**,M,4,"서비스직 (요식업, 숙박업, 미용실종업원)",500~599만원,아니오,          ,아파트/ 주상복합,대구,수성구,노변동,LG,KT,자전거/보드,자전거헬멧,기타브랜드 헬멧,EVSSX02 Knee Brace 오토바이무릎인대파열방지보호대/,http://item.gmarket.co.kr/Item?goodscode=1117646191
D***,201910**,M,3,"사무직 (일반사무직, 공무원, 직업군인)",200~299만원,      ,          ,아파트/ 주상복합,대전,동구,성남동,삼성,SKT,자전거,자전거신발/고글/헬멧,헬멧,어반헬멧/GIRO 쿼터 다임 딤/BELL 세그먼트/자전거,http://www.11st.co.kr/product/SellerProductDetail.tmall?method=getSellerProductDetail&prdNo=1244123994
D***,201910**,M,3,"사무직 (일반사무직, 공무원, 직업군인)",200~299만원,      ,          ,아파트/ 주상복합,서울,송파구,잠실4동,삼성,SKT,레저/자동차,자전거/용품,자전거의류/잡화,[PUMA]푸마 여성 더블 스트레치 기모 본딩 팬츠 3종세트 GFYYFG22,http://www.hnsmall.com/display/goods.do?goods_code=12835199
D***,201910**,M,2,"사무직 (일반사무직, 공무원, 직업군인)",200~299만원,      ,          ,아파트/ 주상복합,서울,강동구,고덕1동,삼성,SKT,자전거/보드,일반자전거,픽시자전거,벤데타벨루가 700C 알로이 에어로 프레임 픽시자전거,http://item.gmarket.co.kr/Item?goodscode=1219375759
D***,201910**,M,5,"사무직 (일반사무직, 공무원, 직업군인)",200~299만원,      ,          ,아파트/ 주상복합,서울,성북구,보문동2가,삼성,SKT,자전거,자전거신발/고글/헬멧,보호대,일본코미네09-021 오토바이 핸들워머 빅스쿠터 전동 킥보드 토시 퀵보드 토시 장갑 겨울 방한용품,http://www.11st.co.kr/product/SellerProductDetail.tmall?method=getSellerProductDetail&prdNo=107138111
D***,201910**,M,4,"사무직 (일반사무직, 공무원, 직업군인)",200~299만원,      ,          ,아파트/ 주상복합,경기,안산시 상록구,본오3동,삼성,SKT,레저/자동차,자전거/용품,자전거액세서리,(자전거용품.부품모음)자물쇠라이트펌프바구니짐받이안장가방헬멧보호대후미등페달보조바퀴벨전조등거치대,http://www.11st.co.kr/product/SellerProductDetail.tmall?method=getSellerProductDetail&prdNo=1258567584
D***,201910**,F,2,"사무직 (일반사무직, 공무원, 직업군인)",200~299만원,      ,          ,아파트/ 주상복합,경기,양주시,회정동,삼성,SKT,자전거,자전거신발/고글/헬멧,헬멧,아동용자전거헬멧아동보호대 킥보드 인라인헬멧,http://www.11st.co.kr/product/SellerProductDetail.tmall?method=getSellerProductDetail&prdNo=1051520039
D***,201910**,M,5,"사무직 (일반사무직, 공무원, 직업군인)",200~299만원,      ,          ,아파트/ 주상복합,경기,용인시 기흥구,농서동,삼성,SKT,자전거/보드,자전거타이어/부품,자전거튜브,[흥아]흥아 700C x 23/25C 프레스타 40mm 자전거튜브 로드,http://item.gmarket.co.kr/Item?goodscode=1287219517
D***0,201910**,M,2,"학생 (초중고학생, 대학생, 대학원생)",200~299만원,아니오,          ,아파트/ 주상복합,인천,연수구,동춘동,기타,SKT,레저/자동차,자전거/용품,자전거액세서리,SCHWALBE슈발베 타이어레버 3개한세트 타이어교체 / 튜블러 시멘트/리무버/이지핏 악세사리,http://www.11st.co.kr/product/SellerProductDetail.tmall?method=getSellerProductDetail&prdNo=1263501442
D***0,201910**,M,2,"사무직 (일반사무직, 공무원, 직업군인)",200~299만원,      ,          ,아파트/ 주상복합,부산,금정구,구서1동,삼성,SKT,자전거,자전거관리용품,튜브벨브/어댑터/노즐,[아답터모음] 던롭 프레스타 슈레더 공 튜브 어뎁터 펌프 호환 아답타 공기주입 던롭집게 자전거용품,http://www.11st.co.kr/product/SellerProductDetail.tmall?method=getSellerProductDetail&prdNo=1002005394
D***4,201910**,F,3,"전문직 (의사, 판검사, 예술가, 종교인)",200~299만원,아니오,          ,아파트/ 주상복합,경기,성남시 분당구,서현동,애플,KT,레저/자동차,자전거/용품,자전거의류/잡화,1대1사은품증정 나루마스크 X1 X5 자외선차단마스크,http://www.11st.co.kr/product/SellerProductDetail.tmall?method=getSellerProductDetail&prdNo=11127502
D***9,201910**,M,4,"자영업 (도소매업, 숙박업, 미용업)",400~499만원,예    ,자녀 있음 ,아파트/ 주상복합,경기,성남시 분당구,운중동,삼성,KT,레저/자동차,자전거/용품,자전거액세서리,"매그닉라이트/전조등,후미등싱글판매/충전필요없는 독일특허 비접촉 자전거라이트/자전거용품/무료배송",http://www.11st.co.kr/product/SellerProductDetail.tmall?method=getSellerProductDetail&prdNo=1242176076
D***3,201910**,M,5,"전문직 (의사, 판검사, 예술가, 종교인)",400~499만원,예    ,자녀 있음 ,아파트/ 주상복합,부산,남구,용호동,삼성,SKT,자전거/보드,자전거액세서리,자전거커버,스타시빅C-01 옥스포드 210D 자전거 커버,http://item.gmarket.co.kr/Item?goodscode=1266415303
D***4,201910**,F,5,기타 ,600~699만원,예    ,자녀 있음 ,아파트/ 주상복합,경기,양주시,고암동,삼성,SKT,레저/자동차,자전거/용품,자전거타이어/부품,자전거수리키트+펌프 자전거공구세트 펑크패치,http://www.11st.co.kr/product/SellerProductDetail.tmall?method=getSellerProductDetail&prdNo=1103998698
D***7,201910**,F,2,"학생 (초중고학생, 대학생, 대학원생)",300~399만원,아니오,          ,아파트/ 주상복합,서울,영등포구,도림동,애플,KT,레저/자동차,자전거/용품,자전거액세서리,"자전거커버,바이크린,자전거,자전거용품,싸이클",http://www.11st.co.kr/product/SellerProductDetail.tmall?method=getSellerProductDetail&prdNo=1170093481
D***5,201910**,M,2,"사무직 (일반사무직, 공무원, 직업군인)",200~299만원,      ,          ,아파트/ 주상복합,서울,강북구,미아동,삼성,SKT,자전거/보드,자전거장갑/잡화,자전거장갑,아쿠아메이드자전거 반장갑 바이크 헬스 등산 장갑,http://item.gmarket.co.kr/Item?goodscode=1118054793
D***7,201910**,F,4,"교직 (교사, 유치원교사, 학원강사)",300~399만원,예    ,자녀 있음 ,단독주택,서울,동작구,대방동,삼성,KT,자전거,자전거부품,안장,[참좋은바이크]삼천리아동용안장모음/하이킥/프린세스/키즈바이크/디즈니/유아동/어린이/푹신한안장,http://www.11st.co.kr/product/SellerProductDetail.tmall?method=getSellerProductDetail&prdNo=1205141789
D***,201910**,M,4,"사무직 (일반사무직, 공무원, 직업군인)",200~299만원,      ,          ,아파트/ 주상복합,서울,성북구,정릉4동,삼성,SKT,레저/자동차,자전거/용품,자전거,미키키즈로드스터 미니 18유니키즈FA 어린이자전거,http://www.11st.co.kr/product/SellerProductDetail.tmall?method=getSellerProductDetail&prdNo=1067685984
D***,201910**,M,3,"사무직 (일반사무직, 공무원, 직업군인)",200~299만원,      ,          ,아파트/ 주상복합,경기,안산시 상록구,건건동,삼성,SKT,레저/자동차,자전거/용품,자전거의류/잡화,극세사기모 방한 넥워머 바라클라바 겨울 목토시 자전거 방한마스크 멀티스카프 털모자,http://www.11st.co.kr/product/SellerProductDetail.tmall?method=getSellerProductDetail&prdNo=1171528780
D***,201910**,F,3,"전문직 (의사, 판검사, 예술가, 종교인)",300~399만원,예    ,자녀 있음 ,아파트/ 주상복합,서울,서초구,반포4동,삼성,KT,레저/자동차,자전거/용품,자전거액세서리,완전사2017년 신형 KSM400-3 SE 연납축전지 12V/,http://www.11st.co.kr/product/SellerProductDetail.tmall?method=getSellerProductDetail&prdNo=1150653630
D***2,201910**,M,3,"생산/노무직 (생산감독, 경비원, 공장근로자)",100~199만원,아니오,          ,아파트/ 주상복합,인천,연수구,동춘3동,LG,SKT,레저/자동차,자전거/용품,자전거,자전거공구셋트/5가지기능 스페너13mm 15mm 육각렌지4mm5mm6mm 부품 용품,http://www.11st.co.kr/product/SellerProductDetail.tmall?method=getSellerProductDetail&prdNo=1268973574
D***7,201910**,F,3,"사무직 (일반사무직, 공무원, 직업군인)",800~899만원,예    ,자녀 있음 ,연립주택/ 다세대/ 빌라,서울,서대문구,북가좌동,삼성,LG U+,자전거,자전거신발/고글/헬멧,장갑,자전거방한토시 바이크 핸들덮개 방한커버 손토시,http://www.11st.co.kr/product/SellerProductDetail.tmall?method=getSellerProductDetail&prdNo=1164858474
D***0,201910**,M,2,"사무직 (일반사무직, 공무원, 직업군인)",200~299만원,      ,          ,아파트/ 주상복합,부산,금정구,구서1동,삼성,SKT,자전거,자전거신발/고글/헬멧,보호대,무료배송.국산쿨토시.팔토시.냉감토시.쿨마스크.아동,http://www.11st.co.kr/product/SellerProductDetail.tmall?method=getSellerProductDetail&prdNo=1249823887
D***5,201910**,M,4,기타 ,500~599만원,예    ,자녀 있음 ,아파트/ 주상복합,경기,광명시,소하2동,삼성,SKT,자전거,자전거관리용품,펑크패치,무료배송휴대용 펑크패치/타이어 튜브 레버 정비 수리 공구세트/자전거용품.부품,http://www.11st.co.kr/product/SellerProductDetail.tmall?method=getSellerProductDetail&prdNo=1028212762
D***5,201910**,M,4,"기능직 (자동차정비, 운전기사, 안경사, 택시기사)",500~599만원,아니오,          ,아파트/ 주상복합,대전,서구,내동,삼성,KT,자전거,자전거부품,튜브,자전거고급 타이어 튜브/던롭 프레스타 슈레더 튜브/슈발베 켄다 CST튜브/자전거용품 부품,http://www.11st.co.kr/product/SellerProductDetail.tmall?method=getSellerProductDetail&prdNo=1096604696
D***1,201910**,M,2,"학생 (초중고학생, 대학생, 대학원생)",900~999만원,아니오,          ,아파트/ 주상복합,경기,광주시,장지동,애플,KT,레저/자동차,자전거/용품,자전거,뉴도미니크24/렌즈/갤럽등 초등학생 하이브리드 모음,http://www.11st.co.kr/product/SellerProductDetail.tmall?method=getSellerProductDetail&prdNo=1154104823
D***1,201910**,M,4,"사무직 (일반사무직, 공무원, 직업군인)",500~599만원,예    ,자녀 있음 ,아파트/ 주상복합,서울,서초구,잠원동,LG,LG U+,레저/자동차,자전거/용품,자전거의류/잡화,사은품증정나루 마스크 자전거 자외선차단 등산 골프 바라클라바 버프 겨울 방한 넥워머 복면  오토바이,http://www.11st.co.kr/product/SellerProductDetail.tmall?method=getSellerProductDetail&prdNo=1070268365
D***4,201910**,F,2,무직,700~799만원,아니오,          ,오피스텔,경남,창원시 진해구,제황산동,애플,KT,유아동,유아동완구/교구,승용완구,[삼천리자전거]GIFT 2018 삼천리 샘트라이크 800+ 유모차 세발자전거,http://item.gmarket.co.kr/Item?goodscode=1266671892
D***9,201910**,F,3,"사무직 (일반사무직, 공무원, 직업군인)",100~199만원,아니오,          ,아파트/ 주상복합,서울,양천구,신정4동,애플,KT,레저/자동차,자전거/용품,자전거,자이덴라스카FX20 20인치 7단 접이식 자전거,http://www.11st.co.kr/product/SellerProductDetail.tmall?method=getSellerProductDetail&prdNo=1202758720
D***5,201910**,M,4,"자영업 (도소매업, 숙박업, 미용업)",600~699만원,예    ,자녀 있음 ,아파트/ 주상복합,전남,순천시,가곡동,삼성,SKT,자전거/보드,일반자전거,외발/삼륜/2인용,[자이덴]지오닉스 나누미 에코 성인용 세발 트라이 삼륜자전거,http://item.gmarket.co.kr/Item?goodscode=1292909571
D***,201910**,M,4,"기능직 (자동차정비, 운전기사, 안경사, 택시기사)",200~299만원,예    ,자녀 있음 ,아파트/ 주상복합,부산,남구,용호4동,삼성,SKT,자전거/보드,자전거라이트,라이트거치대,페어맨만능 18650충전기 FLIC-210 자전거라이트 2구,http://item.gmarket.co.kr/Item?goodscode=1237810051
D***,201910**,F,4,"사무직 (일반사무직, 공무원, 직업군인)",200~299만원,      ,          ,아파트/ 주상복합,경기,안산시 상록구,월피동,삼성,SKT,자전거,자전거신발/고글/헬멧,헬멧,HJC홍진 R4 컬러선택가능블랙라인/홍진 크라운 헬멧,http://www.11st.co.kr/product/SellerProductDetail.tmall?method=getSellerProductDetail&prdNo=1229824538
D***,201910**,M,2,"사무직 (일반사무직, 공무원, 직업군인)",500~599만원,아니오,          ,아파트/ 주상복합,인천,남동구,만수3동,기타,KT,캠핑/골프/헬스/자전거,자전거의류/용품,신발,뉴발란스CRT300 스니커즈 운동화 (CRT300CA),http://www.hnsmall.com/display/goods.do?goods_code=12922166
D***,201910**,M,2,"사무직 (일반사무직, 공무원, 직업군인)",200~299만원,      ,          ,아파트/ 주상복합,경기,남양주시,와부읍,삼성,SKT,자전거,자전거관리용품,튜브벨브/어댑터/노즐,호비던롭밸브셋트 무시고무 공기 주입을 하여도 바람이 샐경우 교체,http://www.11st.co.kr/product/SellerProductDetail.tmall?method=getSellerProductDetail&prdNo=1244185249
D***,201910**,M,5,"사무직 (일반사무직, 공무원, 직업군인)",400~499만원,예    ,자녀 있음 ,아파트/ 주상복합,서울,영등포구,양평동6가,삼성,SKT,레저/자동차,자전거/용품,자전거,미키키즈로드스터 미니 18유니키즈FA 어린이자전거,http://www.11st.co.kr/product/SellerProductDetail.tmall?method=getSellerProductDetail&prdNo=1067685984
D***,201910**,F,3,"사무직 (일반사무직, 공무원, 직업군인)",200~299만원,      ,          ,아파트/ 주상복합,서울,서초구,양재동,삼성,SKT,자전거,자전거신발/고글/헬멧,헬멧,[HJC]X5(EVO)블랙스카이 / 자전거 헬멧 / 240g대 초,http://www.11st.co.kr/product/SellerProductDetail.tmall?method=getSellerProductDetail&prdNo=1040086015
D***,201910**,M,3,"사무직 (일반사무직, 공무원, 직업군인)",500~599만원,예    ,자녀 없음 ,아파트/ 주상복합,경기,용인시 기흥구,신갈동,삼성,KT,자전거,자전거신발/고글/헬멧,보호대,2+2이벤트/네파정품/탑쿨/슬레진저 쿨토시 팔토시,http://www.11st.co.kr/product/SellerProductDetail.tmall?method=getSellerProductDetail&prdNo=1282680743
D***8,201910**,M,5,"사무직 (일반사무직, 공무원, 직업군인)",200~299만원,      ,          ,아파트/ 주상복합,경남,하동군,악양면,삼성,SKT,자전거,자전거부품,브레이크패드,시마노디스크 브레이크 Resin 패드 B01S/BR-T615/C501/M575/M525/M486/M485/M475/M465 레진패드/래진패드,http://www.11st.co.kr/product/SellerProductDetail.tmall?method=getSellerProductDetail&prdNo=1060069949
D***5,201910**,F,4,기타 ,700~799만원,예    ,자녀 있음 ,연립주택/ 다세대/ 빌라,경기,부천시 원미구,춘의동,삼성,SKT,레저/자동차,자전거/용품,자전거,[스마트]삼천리/스마트/바이맥스 접이식자전거 미니벨로 4종,http://item.gmarket.co.kr/Item?goodscode=1278067146
D***4,201910**,M,5,"전문직 (의사, 판검사, 예술가, 종교인)",300~399만원,예    ,자녀 있음 ,아파트/ 주상복합,대전,서구,관저2동,기타,SKT,레저/자동차,자전거/용품,자전거,[스마트]삼천리/스마트 접이식자전거 미니벨로 4종,http://item.gmarket.co.kr/Item?goodscode=1278067146
D***0,201910**,M,4,"사무직 (일반사무직, 공무원, 직업군인)",300~399만원,예    ,자녀 있음 ,연립주택/ 다세대/ 빌라,서울,구로구,구로동,삼성,LG U+,자전거,자전거관리용품,에어펌프(발펌프),GIYO지요 GF-56GTB ULTRA 자전거펌프 공기배출기능,http://www.11st.co.kr/product/SellerProductDetail.tmall?method=getSellerProductDetail&prdNo=1147853726
D***0,201910**,M,5,"교직 (교사, 유치원교사, 학원강사)",700~799만원,예    ,자녀 있음 ,단독주택,서울,강동구,고덕2동,기타,SKT,자전거,자전거신발/고글/헬멧,보호대,킹카301 성인 보호대 팔꿈치 손목 무릎 남여공용,http://www.11st.co.kr/product/SellerProductDetail.tmall?method=getSellerProductDetail&prdNo=1083507717
D***8,201910**,M,3,"사무직 (일반사무직, 공무원, 직업군인)",300~399만원,아니오,          ,연립주택/ 다세대/ 빌라,경기,용인시 기흥구,영덕동,삼성,SKT,자전거/보드,자전거장갑/잡화,자전거장갑,아쿠아메이드자전거 반장갑 바이크 헬스 등산 장갑,http://item.gmarket.co.kr/Item?goodscode=1118054793
D***0,201910**,F,4,"주부 (전업주부, 파트타임 근무 주부)",700~799만원,예    ,자녀 있음 ,아파트/ 주상복합,경기,고양시 덕양구,도내동,애플,SKT,레저/자동차,자전거/용품,자전거의류/잡화,GIROJAG 반장갑/지로 장갑/땀흡수/통기성/4웨이 신축성/충격흡수패딩/자전거장갑/지로장갑/자전거용품,http://www.11st.co.kr/product/SellerProductDetail.tmall?method=getSellerProductDetail&prdNo=1274875036
D***5,201910**,F,4,"주부 (전업주부, 파트타임 근무 주부)",500~599만원,예    ,자녀 있음 ,아파트/ 주상복합,경기,양주시,광사동,삼성,LG U+,레저/자동차,자전거/용품,자전거의류/잡화,아동.유아.어린이/무릎보호대.헬멧.장갑 세트/자전거용품.인라인스케이트.씽씽카.안전용품.블랙프라이데이,http://www.11st.co.kr/product/SellerProductDetail.tmall?method=getSellerProductDetail&prdNo=1066221250
D***4,201910**,M,3,"사무직 (일반사무직, 공무원, 직업군인)",200~299만원,      ,          ,아파트/ 주상복합,서울,강동구,길동,LG,KT,자전거,튜닝용품,전시스탠드,포인트배너실외용거치대 양면겸용 홍보 이벤트,http://www.11st.co.kr/product/SellerProductDetail.tmall?method=getSellerProductDetail&prdNo=1236804619
D***,201910**,M,5,"사무직 (일반사무직, 공무원, 직업군인)",200~299만원,      ,          ,아파트/ 주상복합,경기,수원시 권선구,오목천동,삼성,SKT,레저/자동차,자전거/용품,자전거액세서리,카멜백포디엄 칠리 610ml 자전거물통 보냉 물병,http://www.11st.co.kr/product/SellerProductDetail.tmall?method=getSellerProductDetail&prdNo=1019561002
D***,201910**,F,2,무직,600~699만원,아니오,          ,아파트/ 주상복합,경기,용인시 수지구,신봉동,삼성,SKT,레저/자동차,자전거/용품,자전거,지오스빈티지벨로체/GiosVintage Veloce 로드자전거,http://item.gmarket.co.kr/Item?goodscode=1273357815
D***1,201910**,F,2,"사무직 (일반사무직, 공무원, 직업군인)",200~299만원,      ,          ,아파트/ 주상복합,경기,남양주시,퇴계원면,삼성,SKT,레저/자동차,자전거/용품,헬멧/보호장비,자전거헬멧/자전거용품/큰/삼천리헬멧/성인/아동헬멧,http://www.11st.co.kr/product/SellerProductDetail.tmall?method=getSellerProductDetail&prdNo=1044088173
D***5,201910**,M,4,"사무직 (일반사무직, 공무원, 직업군인)",400~499만원,아니오,          ,단독주택,전남,광양시,중동,삼성,KT,자전거,자전거신발/고글/헬멧,헬멧,어반헬멧/GIRO 쿼터 다임 딤/BELL 세그먼트/자전거,http://www.11st.co.kr/product/SellerProductDetail.tmall?method=getSellerProductDetail&prdNo=1244123994
D***7,201910**,F,3,"주부 (전업주부, 파트타임 근무 주부)",200~299만원,예    ,자녀 있음 ,아파트/ 주상복합,경북,경산시,진량읍,LG,SKT,레저/자동차,자전거/용품,자전거,알톤어린이용 경량 알루미늄 접이식 자전거 라바폴딩18인치,http://www.11st.co.kr/product/SellerProductDetail.tmall?method=getSellerProductDetail&prdNo=1096512754
D***3,201910**,F,4,"사무직 (일반사무직, 공무원, 직업군인)",200~299만원,      ,          ,아파트/ 주상복합,경기,평택시,비전2동,삼성,KT,자전거,자전거신발/고글/헬멧,헬멧,어반헬멧/GIRO 쿼터 다임 딤/BELL 세그먼트/자전거,http://www.11st.co.kr/product/SellerProductDetail.tmall?method=getSellerProductDetail&prdNo=1244123994
D***8,201910**,F,3,"서비스직 (요식업, 숙박업, 미용실종업원)",100~199만원,아니오,          ,아파트/ 주상복합,경남,창원시 성산구,사파동,LG,SKT,레저/자동차,자전거/용품,자전거타이어/부품,삼천리알루미늄 핸드펌프  - 자전거 다용도 튜브 펌프 공기주입기,http://www.11st.co.kr/product/SellerProductDetail.tmall?method=getSellerProductDetail&prdNo=1218187968
D***8,201910**,M,2,"사무직 (일반사무직, 공무원, 직업군인)",200~299만원,      ,          ,아파트/ 주상복합,서울,구로구,개봉2동,삼성,SKT,자전거,자전거,MTB,삼천리자전거팀60D MTB자전거 24단 알루미늄자전거,http://www.11st.co.kr/product/SellerProductDetail.tmall?method=getSellerProductDetail&prdNo=1230896068
D***1,201910**,F,2,"학생 (초중고학생, 대학생, 대학원생)",400~499만원,아니오,          ,아파트/ 주상복합,부산,남구,대연1동,삼성,SKT,자전거,자전거,로드자전거,2019첼로 테라 신형105 카본포크 로드자전거,http://www.11st.co.kr/product/SellerProductDetail.tmall?method=getSellerProductDetail&prdNo=1074638903
D***,201910**,M,3,"사무직 (일반사무직, 공무원, 직업군인)",200~299만원,      ,          ,아파트/ 주상복합,서울,성동구,금호동3가,삼성,SKT,레저/자동차,자전거/용품,자전거액세서리,블랙울프KR-C8 L2 밝은 자전거라이트 전조등 손전등,http://www.11st.co.kr/product/SellerProductDetail.tmall?method=getSellerProductDetail&prdNo=1091472722
D***,201910**,M,3,"사무직 (일반사무직, 공무원, 직업군인)",200~299만원,      ,          ,아파트/ 주상복합,제주,서귀포시,서귀동,삼성,SKT,캠핑/골프/헬스/자전거,자전거의류/용품,공용하의,[MCN]네오 베이직 7부 바지/승마바지,http://www.hnsmall.com/display/goods.do?goods_code=12497037
D***,201910**,M,3,"사무직 (일반사무직, 공무원, 직업군인)",200~299만원,      ,          ,아파트/ 주상복합,경기,군포시,군포2동,삼성,SKT,자전거/보드,일반자전거,외발/삼륜/2인용,[지오닉스]자이덴 나누미 20(50cm) 6단 성인용 세발자전거,http://item.gmarket.co.kr/Item?goodscode=1111789839
D***,201910**,F,2,"사무직 (일반사무직, 공무원, 직업군인)",200~299만원,      ,          ,아파트/ 주상복합,경기,광명시,광명7동,삼성,SKT,자전거/보드,일반자전거,외발/삼륜/2인용,절대터지지않는알로이 컨츄리 성인 세발자전거 삼륜,http://item.gmarket.co.kr/Item?goodscode=1201833484
D***,201910**,M,2,"학생 (초중고학생, 대학생, 대학원생)",700~799만원,아니오,          ,아파트/ 주상복합,경남,창원시 성산구,상남동,애플,KT,자전거,자전거신발/고글/헬멧,보호대,특가쿨토시 1+1 (2세트) /토시/아동쿨토시/팔토시,http://www.11st.co.kr/product/SellerProductDetail.tmall?method=getSellerProductDetail&prdNo=1291753831
D***,201910**,M,4,"기능직 (자동차정비, 운전기사, 안경사, 택시기사)",300~399만원,예    ,자녀 없음 ,아파트/ 주상복합,경기,용인시 기흥구,청덕동,LG,SKT,레저/자동차,자전거/용품,자전거의류/잡화,DBIKE디빅 투라인 집게 후미등,http://item.gmarket.co.kr/Item?goodscode=1205206386
D***,201910**,M,4,"사무직 (일반사무직, 공무원, 직업군인)",200~299만원,      ,          ,아파트/ 주상복합,경기,남양주시,호평동,삼성,SKT,레저/자동차,자전거/용품,자전거,도미니크24인치하이브리드자전거초등학생~중학생까지,http://www.11st.co.kr/product/SellerProductDetail.tmall?method=getSellerProductDetail&prdNo=1090901926
D***3,201910**,M,4,"생산/노무직 (생산감독, 경비원, 공장근로자)",200~299만원,예    ,자녀 있음 ,아파트/ 주상복합,경남,창원시 진해구,두동,애플,SKT,자전거,자전거부품,핸들그립,Giant그립/Connect 커넥트 에르고 맥스 락온 (2색상),http://www.11st.co.kr/product/SellerProductDetail.tmall?method=getSellerProductDetail&prdNo=1137382869
D***2,201910**,M,3,"사무직 (일반사무직, 공무원, 직업군인)",200~299만원,      ,          ,아파트/ 주상복합,대전,서구,관저1동,삼성,SKT,자전거/보드,자전거타이어/부품,자전거튜브,[CST]700x25/32C fv60mm 자전거튜브 프레스타 흥아 켄다,http://item.gmarket.co.kr/Item?goodscode=1283528097
D***7,201910**,M,2,"학생 (초중고학생, 대학생, 대학원생)",100~199만원,아니오,          ,연립주택/ 다세대/ 빌라,인천,계양구,계산동,애플,LG U+,레저/자동차,자전거/용품,자전거,[스마트]삼천리/스마트 접이식자전거 미니벨로 4종,http://item.gmarket.co.kr/Item?goodscode=1278067146
D***6,201910**,F,4,"사무직 (일반사무직, 공무원, 직업군인)",200~299만원,      ,          ,아파트/ 주상복합,서울,관악구,난곡동,삼성,SKT,자전거,자전거관리용품,펑크패치,호비번개표 펑크패치 타이어수리 타이어레버 빵구,http://www.11st.co.kr/product/SellerProductDetail.tmall?method=getSellerProductDetail&prdNo=12271947
D***7,201910**,F,4,"주부 (전업주부, 파트타임 근무 주부)",400~499만원,예    ,자녀 있음 ,단독주택,부산,연제구,거제2동,삼성,알뜰폰(MVNO),레저/자동차,자전거/용품,헬멧/보호장비,에어워크보호대 성인용/아동용 헬멧/가방 용품 S16,http://www.11st.co.kr/product/SellerProductDetail.tmall?method=getSellerProductDetail&prdNo=12617089
D***7,201910**,F,2,"사무직 (일반사무직, 공무원, 직업군인)",100~199만원,아니오,          ,아파트/ 주상복합,전남,나주시,송월동,애플,KT,레저/자동차,자전거/용품,자전거,[삼천리자전거]하로GS20 7단 접이식자전거  어린이/여성 폴딩자전거,http://item.gmarket.co.kr/Item?goodscode=1201466217
D***7,201910**,M,5,"사무직 (일반사무직, 공무원, 직업군인)",500~599만원,예    ,자녀 없음 ,아파트/ 주상복합,대전,대덕구,대화동,LG,KT,자전거,튜닝용품,속도계,자전거무선속도계 엑스헌터 자전거속도계 자전거용품,http://www.11st.co.kr/product/SellerProductDetail.tmall?method=getSellerProductDetail&prdNo=1249839989
D***8,201910**,M,3,"기능직 (자동차정비, 운전기사, 안경사, 택시기사)",700~799만원,아니오,          ,아파트/ 주상복합,경기,수원시 영통구,매탄3동,삼성,알뜰폰(MVNO),자전거,튜닝용품,전시스탠드,[학성스포츠]아동용16/18/20인치 자전거스탠드/보조바퀴떼어내고 두발자전거전환시사용,http://www.11st.co.kr/product/SellerProductDetail.tmall?method=getSellerProductDetail&prdNo=1226615595
D***8,201910**,M,5,"전문직 (의사, 판검사, 예술가, 종교인)",300~399만원,아니오,          ,아파트/ 주상복합,서울,용산구,이촌1동,삼성,LG U+,자전거,튜닝용품,속도계,자전거무선속도계 엑스헌터 자전거속도계 자전거용품,http://www.11st.co.kr/product/SellerProductDetail.tmall?method=getSellerProductDetail&prdNo=1249839989
D***,201910**,F,5,"교직 (교사, 유치원교사, 학원강사)",300~399만원,예    ,자녀 있음 ,연립주택/ 다세대/ 빌라,서울,은평구,대조동,삼성,알뜰폰(MVNO),캠핑/골프/헬스/자전거,자전거의류/용품,기타용품,[펌프킹]가정용 자전거 거치대 HK-001,http://www.hnsmall.com/display/goods.do?goods_code=12714590
D***,201910**,F,2,"농/축/광/수산업 (축산, 낙농업, 수산, 임업, 광업)",100만원 미만,아니오,          ,아파트/ 주상복합,서울,강남구,논현2동,삼성,KT,자전거,튜닝용품,거치대/보관대,노스바이크스마트폰 자전거거치대 핸드폰 휴대폰 가방,http://www.11st.co.kr/product/SellerProductDetail.tmall?method=getSellerProductDetail&prdNo=1016944642
D***,201910**,M,3,"사무직 (일반사무직, 공무원, 직업군인)",200~299만원,      ,          ,아파트/ 주상복합,경기,안성시,중리동,삼성,SKT,레저/자동차,자전거/용품,자전거,[삼천리]접이자전거비타민24 24형 7단 미니벨로 폴딩,http://www.11st.co.kr/product/SellerProductDetail.tmall?method=getSellerProductDetail&prdNo=1208645013
D***1,201910**,M,5,"사무직 (일반사무직, 공무원, 직업군인)",200~299만원,      ,          ,아파트/ 주상복합,제주,제주시,해안동,삼성,SKT,레저/자동차,자전거/용품,자전거,[삼천리자전거]하로GS20 7단 접이식자전거  어린이/여성 폴딩자전거,http://item.gmarket.co.kr/Item?goodscode=1201466217
D***7,201910**,F,2,"사무직 (일반사무직, 공무원, 직업군인)",200~299만원,      ,          ,아파트/ 주상복합,충남,논산시,가야곡면,삼성,SKT,자전거,자전거,MTB,알톤쉐보레 CMJR 초등학생 MTB 자전거/24인치/22인치/샌드스톤24,http://www.11st.co.kr/product/SellerProductDetail.tmall?method=getSellerProductDetail&prdNo=1288847294
D***0,201910**,M,3,"사무직 (일반사무직, 공무원, 직업군인)",100~199만원,아니오,          ,오피스텔,경기,수원시 영통구,매탄3동,삼성,KT,레저/자동차,자전거/용품,자전거의류/잡화,1대1사은품증정 나루마스크 X1 X5 자외선차단마스크,http://www.11st.co.kr/product/SellerProductDetail.tmall?method=getSellerProductDetail&prdNo=11127502
D***0,201910**,M,3,"사무직 (일반사무직, 공무원, 직업군인)",400~499만원,예    ,자녀 있음 ,아파트/ 주상복합,경기,성남시 중원구,하대원동,LG,LG U+,자전거,자전거부품,안장,대만New 카본 시트포스트 (27.2/31.6mm) 풀카본 자전거 안장봉/초경량 싯포스트 (세미카),http://www.11st.co.kr/product/SellerProductDetail.tmall?method=getSellerProductDetail&prdNo=1015126992
D***6,201910**,M,4,기타 ,200~299만원,아니오,          ,아파트/ 주상복합,서울,성북구,돈암2동,삼성,KT,레저/자동차,자전거/용품,자전거액세서리,[고바이크]자전거짐받이특대바구니/플록스천바구니/짐바구니/고정식바구니/장착용바구니/자전거악세사리,http://www.11st.co.kr/product/SellerProductDetail.tmall?method=getSellerProductDetail&prdNo=1273581622
D***0,201910**,M,2,"사무직 (일반사무직, 공무원, 직업군인)",200~299만원,      ,          ,아파트/ 주상복합,서울,마포구,노고산동,삼성,SKT,레저/자동차,자전거/용품,자전거액세서리,스나이퍼코리아블랙울프 18650배터리 충전기모음,http://www.11st.co.kr/product/SellerProductDetail.tmall?method=getSellerProductDetail&prdNo=1272010256
D***3,201910**,M,4,"농/축/광/수산업 (축산, 낙농업, 수산, 임업, 광업)",300~399만원,아니오,          ,아파트/ 주상복합,충북,증평군,증평읍,삼성,LG U+,레저/자동차,자전거/용품,헬멧/보호장비,GAIUS어반헬멧 킥보드헬멧 성인 청소년헬멧,http://www.11st.co.kr/product/SellerProductDetail.tmall?method=getSellerProductDetail&prdNo=1036710596
D***4,201910**,M,2,"전문직 (의사, 판검사, 예술가, 종교인)",300~399만원,아니오,          ,오피스텔,서울,강서구,가양1동,삼성,KT,레저/자동차,자전거/용품,헬멧/보호장비,심플한도시형헬멧/빅이글 어반헬멧/자전거용품/인라인,http://www.11st.co.kr/product/SellerProductDetail.tmall?method=getSellerProductDetail&prdNo=1187901648
D***,201910**,M,4,"사무직 (일반사무직, 공무원, 직업군인)",300~399만원,예    ,자녀 있음 ,아파트/ 주상복합,부산,남구,용호2동,삼성,SKT,자전거,자전거부품,안장,유아안장/짐받이장착/핸들바장착/목받이유아안장/자전거안장,http://www.11st.co.kr/product/SellerProductDetail.tmall?method=getSellerProductDetail&prdNo=1275573892
D***,201910**,M,4,"사무직 (일반사무직, 공무원, 직업군인)",200~299만원,      ,          ,아파트/ 주상복합,부산,사하구,하단1동,삼성,SKT,자전거,자전거부품,브레이크패드,[FNS]크락스오가닉 디스크브레이크 패드(벌크제품),http://www.11st.co.kr/product/SellerProductDetail.tmall?method=getSellerProductDetail&prdNo=1097542995
D***,201910**,M,2,"사무직 (일반사무직, 공무원, 직업군인)",200~299만원,      ,          ,아파트/ 주상복합,대구,서구,내당4동,삼성,SKT,레저/자동차,자전거/용품,자전거의류/잡화,쿨바라클라바자외선차단마스크 여름마스크 쿨마스크,http://www.11st.co.kr/product/SellerProductDetail.tmall?method=getSellerProductDetail&prdNo=11116518
D***,201910**,M,3,"사무직 (일반사무직, 공무원, 직업군인)",200~299만원,      ,          ,아파트/ 주상복합,서울,관악구,삼성동,삼성,SKT,자전거,자전거신발/고글/헬멧,헬멧,2018GIRO 지로 QUARTER 쿼터 어반 자전거 헬멧 BMX,http://www.11st.co.kr/product/SellerProductDetail.tmall?method=getSellerProductDetail&prdNo=1246004626
D***,201910**,F,4,"사무직 (일반사무직, 공무원, 직업군인)",200~299만원,      ,          ,아파트/ 주상복합,서울,마포구,합정동,삼성,SKT,레저/자동차,자전거/용품,자전거,알톤쉐보레 CFB2.4 24단 팻바이크/노바투스/우라노,http://www.11st.co.kr/product/SellerProductDetail.tmall?method=getSellerProductDetail&prdNo=1288179623
D***,201910**,F,2,"전문직 (의사, 판검사, 예술가, 종교인)",600~699만원,아니오,          ,오피스텔,서울,강남구,대치동,애플,SKT,캠핑/골프/헬스/자전거,자전거의류/용품,신발,뉴발란스운동화 774 NEWBALANCE 774 (M774BK3),http://www.hnsmall.com/display/goods.do?goods_code=11979566
D***,201910**,F,3,"사무직 (일반사무직, 공무원, 직업군인)",200~299만원,      ,          ,아파트/ 주상복합,서울,서초구,양재동,삼성,SKT,자전거,자전거부품,안장,삼천리전립선 안장패드/MTB ROAD 안장용 쿠션커버/하이브리드 안장커버/자전거안장커버/로드용 자전거용품,http://www.11st.co.kr/product/SellerProductDetail.tmall?method=getSellerProductDetail&prdNo=1232420657
D***6,201910**,M,2,"학생 (초중고학생, 대학생, 대학원생)",300~399만원,아니오,          ,기타 ,서울,관악구,낙성대동,LG,SKT,자전거,튜닝용품,거치대/보관대,노스바이크스마트폰 자전거거치대 핸드폰 휴대폰 가방,http://www.11st.co.kr/product/SellerProductDetail.tmall?method=getSellerProductDetail&prdNo=1016944642
D***2,201910**,M,2,"사무직 (일반사무직, 공무원, 직업군인)",200~299만원,      ,          ,아파트/ 주상복합,경기,하남시,덕풍2동,삼성,SKT,캠핑/골프/헬스/자전거,자전거의류/용품,신발,뉴발란스585 USA 스니커즈 운동화 (M585GR),http://www.hnsmall.com/display/goods.do?goods_code=12928736
D***1,201910**,M,2,기타 ,100~199만원,아니오,          ,연립주택/ 다세대/ 빌라,인천,계양구,임학동,삼성,KT,레저/자동차,자전거/용품,헬멧/보호장비,심플한도시형헬멧/빅이글 어반헬멧/자전거용품/인라인,http://www.11st.co.kr/product/SellerProductDetail.tmall?method=getSellerProductDetail&prdNo=1187901648
D***8,201910**,F,2,"사무직 (일반사무직, 공무원, 직업군인)","1,000만원 이상",아니오,          ,아파트/ 주상복합,경기,고양시 덕양구,행신동,애플,KT,레저/자동차,자전거/용품,자전거,[삼천리]접이식여성자전거/미니벨로 바구니 자전거,http://www.11st.co.kr/product/SellerProductDetail.tmall?method=getSellerProductDetail&prdNo=1013926352
D***4,201910**,F,3,"사무직 (일반사무직, 공무원, 직업군인)",200~299만원,아니오,          ,아파트/ 주상복합,경기,화성시,기산동,삼성,LG U+,자전거,자전거관리용품,에어펌프(발펌프),GIYO지요 GF-56GTB ULTRA 자전거펌프 공기배출기능,http://www.11st.co.kr/product/SellerProductDetail.tmall?method=getSellerProductDetail&prdNo=1147853726
D***4,201910**,M,3,"사무직 (일반사무직, 공무원, 직업군인)",600~699만원,예    ,자녀 없음 ,아파트/ 주상복합,서울,구로구,오류동,애플,SKT,자전거/보드,자전거라이트,자전거라이트/전조등,몬스터라이트LG화학 18650 배터리 3050mAh,http://item.gmarket.co.kr/Item?goodscode=1280497915
D***,201910**,M,3,"사무직 (일반사무직, 공무원, 직업군인)",200~299만원,      ,          ,아파트/ 주상복합,서울,영등포구,영등포동6가,삼성,SKT,자전거,자전거관리용품,에어펌프(발펌프),국산삼흥 발펌프 공기주입기 손펌프 에어펌프 자전거펌프 공 오토바이 바이크 휴대용 쌍발펌프 튜브 스포,http://www.11st.co.kr/product/SellerProductDetail.tmall?method=getSellerProductDetail&prdNo=1105695651
D***,201910**,M,4,"사무직 (일반사무직, 공무원, 직업군인)",200~299만원,      ,          ,아파트/ 주상복합,경기,남양주시,호평동,삼성,SKT,레저/자동차,자전거/용품,자전거액세서리,블랙울프자전거 라이트 용품 18650 배터리 충전기,http://www.11st.co.kr/product/SellerProductDetail.tmall?method=getSellerProductDetail&prdNo=1003701027
D***4,201910**,F,2,"사무직 (일반사무직, 공무원, 직업군인)",200~299만원,      ,          ,아파트/ 주상복합,서울,중랑구,면목7동,삼성,SKT,캠핑/골프/헬스/자전거,자전거의류/용품,기타용품,[펌프킹]가정용 자전거 거치대 HK-001,http://www.hnsmall.com/display/goods.do?goods_code=12714590
D***2,201910**,M,2,"사무직 (일반사무직, 공무원, 직업군인)",200~299만원,      ,          ,아파트/ 주상복합,서울,양천구,신월7동,삼성,SKT,자전거,자전거신발/고글/헬멧,헬멧,필모리스/F381/F373/자전거헬멧/성인용헬멧/안전용품,http://www.11st.co.kr/product/SellerProductDetail.tmall?method=getSellerProductDetail&prdNo=1289945654
D***9,201910**,F,3,무직,200~299만원,아니오,          ,연립주택/ 다세대/ 빌라,서울,영등포구,신길동,애플,SKT,자전거,튜닝용품,트레이너(로라),엘리트노보 맥 포스/자전거용품/자전거롤러,http://www.11st.co.kr/product/SellerProductDetail.tmall?method=getSellerProductDetail&prdNo=1271754585
D***4,201910**,M,2,"학생 (초중고학생, 대학생, 대학원생)",300~399만원,아니오,          ,아파트/ 주상복합,경기,수원시 장안구,조원동,삼성,SKT,자전거/보드,일반자전거,픽시자전거,벤데타벨루가 700C 알로이 에어로 프레임 픽시자전거,http://item.gmarket.co.kr/Item?goodscode=1219375759
D***0,201910**,M,4,"사무직 (일반사무직, 공무원, 직업군인)",100~199만원,아니오,          ,연립주택/ 다세대/ 빌라,서울,광진구,구의동,삼성,SKT,자전거,자전거부품,변속기,변속레버/자전거기어/시마노변속레버/그립쉬프트,http://www.11st.co.kr/product/SellerProductDetail.tmall?method=getSellerProductDetail&prdNo=1280799725
D***3,201910**,M,3,"사무직 (일반사무직, 공무원, 직업군인)",200~299만원,예    ,자녀 있음 ,아파트/ 주상복합,서울,관악구,신림동,기타,SKT,레저/자동차,자전거/용품,자전거,[에어휠]BEST전동킥보드/스쿠터 인기브랜드 에어휠/스티고/이지휠 택1,http://www.lotteimall.com/goods/viewGoodsDetail.lotte?goods_no=1263374352
D***,201911**,M,4,"사무직 (일반사무직, 공무원, 직업군인)",200~299만원,      ,          ,아파트/ 주상복합,부산,사하구,다대1동,삼성,SKT,자전거,자전거신발/고글/헬멧,보호대,일본코미네09-021 오토바이 핸들워머 빅스쿠터 전동 킥보드 토시 퀵보드 토시 장갑 겨울 방한용품,http://www.11st.co.kr/product/SellerProductDetail.tmall?method=getSellerProductDetail&prdNo=107138111
D***1,201911**,M,4,"사무직 (일반사무직, 공무원, 직업군인)",200~299만원,      ,          ,아파트/ 주상복합,서울,송파구,방이동,삼성,SKT,자전거,자전거관리용품,튜브벨브/어댑터/노즐,[아답터모음] 던롭 프레스타 슈레더 공 튜브 어뎁터 펌프 호환 아답타 공기주입 던롭집게 자전거용품,http://www.11st.co.kr/product/SellerProductDetail.tmall?method=getSellerProductDetail&prdNo=1002005394
D***1,201911**,M,5,"자영업 (도소매업, 숙박업, 미용업)",400~499만원,예    ,자녀 있음 ,연립주택/ 다세대/ 빌라,서울,영등포구,신길1동,삼성,KT,자전거,자전거부품,핸들그립,Giant그립/Connect 커넥트 에르고 맥스 락온 (2색상),http://www.11st.co.kr/product/SellerProductDetail.tmall?method=getSellerProductDetail&prdNo=1137382869
D***4,201911**,F,3,"주부 (전업주부, 파트타임 근무 주부)",200~299만원,예    ,자녀 있음 ,아파트/ 주상복합,서울,노원구,상계동,삼성,SKT,레저/자동차,자전거/용품,자전거타이어/부품,야광젤타입 자전거 안장 자전거 용품 레저 취미,http://item.gmarket.co.kr/Item?goodscode=1268231013
D***5,201911**,M,2,무직,100만원 미만,아니오,          ,단독주택,충남,서산시,대산읍,LG,LG U+,자전거,자전거신발/고글/헬멧,장갑,[MTB자전거장갑]라이딩장갑/여름장갑/반장갑,http://www.11st.co.kr/product/SellerProductDetail.tmall?method=getSellerProductDetail&prdNo=1274156192
D***,201911**,F,2,"사무직 (일반사무직, 공무원, 직업군인)",200~299만원,      ,          ,아파트/ 주상복합,전북,전주시 완산구,삼천동1가,삼성,SKT,레저/자동차,자전거/용품,자전거액세서리,스나이퍼코리아블랙울프 18650배터리 충전기모음,http://www.11st.co.kr/product/SellerProductDetail.tmall?method=getSellerProductDetail&prdNo=1272010256
D***0,201911**,M,4,"사무직 (일반사무직, 공무원, 직업군인)",200~299만원,      ,          ,아파트/ 주상복합,대구,달서구,상인3동,삼성,SKT,자전거,자전거신발/고글/헬멧,보호대,나스카썬블럭 쿨토시/네이비/팔토시/자외선차단/스포츠/골프/등산/자전거/테니스/암슬리브/운전,http://www.11st.co.kr/product/SellerProductDetail.tmall?method=getSellerProductDetail&prdNo=1274967893
D***9,201911**,M,5,"사무직 (일반사무직, 공무원, 직업군인)",200~299만원,      ,          ,아파트/ 주상복합,경남,창녕군,창녕읍,삼성,SKT,레저/자동차,자전거/용품,자전거,자이덴라스카FX20 20인치 7단 접이식 자전거,http://www.11st.co.kr/product/SellerProductDetail.tmall?method=getSellerProductDetail&prdNo=1202758720
D***9,201911**,F,4,"주부 (전업주부, 파트타임 근무 주부)",300~399만원,예    ,자녀 있음 ,단독주택,인천,남구,주안7동,기타,SKT,자전거/보드,자전거액세서리,자전거커버,스타시빅C-01 옥스포드 210D 자전거 커버,http://item.gmarket.co.kr/Item?goodscode=1266415303
D***,201911**,F,2,"사무직 (일반사무직, 공무원, 직업군인)",200~299만원,      ,          ,아파트/ 주상복합,대구,동구,괴전동,삼성,SKT,자전거,자전거,사이클,[HK]예거메티1디스크 로드자전거 카본포크 소라,http://www.11st.co.kr/product/SellerProductDetail.tmall?method=getSellerProductDetail&prdNo=1075538001
D***,201911**,M,3,"사무직 (일반사무직, 공무원, 직업군인)",200~299만원,      ,          ,아파트/ 주상복합,서울,중구,만리동1가,삼성,SKT,레저/자동차,자전거/용품,자전거,[알톤]갤럽22 21단 앞쇼바 7~11세 시마노인투스기어,http://www.11st.co.kr/product/SellerProductDetail.tmall?method=getSellerProductDetail&prdNo=1230962682
D***,201911**,F,5,"사무직 (일반사무직, 공무원, 직업군인)",200~299만원,      ,          ,아파트/ 주상복합,경북,영주시,영주1동,삼성,SKT,자전거,자전거신발/고글/헬멧,장갑,자전거방한토시 바이크 핸들덮개 방한커버 손토시,http://www.11st.co.kr/product/SellerProductDetail.tmall?method=getSellerProductDetail&prdNo=1164858474
D***,201911**,M,2,"사무직 (일반사무직, 공무원, 직업군인)",200~299만원,      ,          ,아파트/ 주상복합,경기,수원시 권선구,구운동,삼성,SKT,레저/자동차,자전거/용품,자전거액세서리,18650AA AAA 충전지 배터리 충전기 i4 D2 i2 UM20,http://www.11st.co.kr/product/SellerProductDetail.tmall?method=getSellerProductDetail&prdNo=1181473940
D***4,201911**,M,4,"사무직 (일반사무직, 공무원, 직업군인)",200~299만원,      ,          ,아파트/ 주상복합,경기,성남시 분당구,금곡동,삼성,SKT,자전거/보드,자전거라이트,자전거라이트/전조등,몬스터라이트미니 자전거라이트  몬스터라이트 미니,http://item.gmarket.co.kr/Item?goodscode=1280390929
D***0,201911**,M,4,무직,100~199만원,아니오,          ,아파트/ 주상복합,대구,달성군,다사읍,삼성,SKT,유아동,유아동완구/교구,승용완구,STONETREE스톤트리 트라이크 - 유모차 세발 자전거,http://item.gmarket.co.kr/Item?goodscode=1129986013
D***7,201911**,F,3,"사무직 (일반사무직, 공무원, 직업군인)",300~399만원,예    ,자녀 있음 ,아파트/ 주상복합,서울,성동구,성수2가3동,애플,SKT,레저/자동차,자전거/용품,자전거타이어/부품,삼천리알루미늄 핸드펌프  - 자전거 다용도 튜브 펌프 공기주입기,http://www.11st.co.kr/product/SellerProductDetail.tmall?method=getSellerProductDetail&prdNo=1218187968
D***2,201911**,M,2,"학생 (초중고학생, 대학생, 대학원생)",100만원 미만,아니오,          ,아파트/ 주상복합,경기,안양시 동안구,갈산동,애플,SKT,자전거,자전거,MTB,GIFT2016 엘파마 판타시아 S7 S675 카본 MTB 자전거,http://www.11st.co.kr/product/SellerProductDetail.tmall?method=getSellerProductDetail&prdNo=1043875589
D***6,201911**,M,5,"기능직 (자동차정비, 운전기사, 안경사, 택시기사)",100만원 미만,예    ,자녀 있음 ,기타 ,충남,아산시,읍내동,LG,LG U+,자전거/보드,자전거타이어/부품,자전거튜브,[흥아]흥아 700C x 23/25C 프레스타 80mm 자전거튜브 로드,http://item.gmarket.co.kr/Item?goodscode=1287261891
D***,201911**,F,5,"사무직 (일반사무직, 공무원, 직업군인)",200~299만원,      ,          ,아파트/ 주상복합,서울,강서구,등촌1동,삼성,SKT,자전거/보드,자전거액세서리,자전거짐받이,바이크박스블랙   -  생활용 여성용 접이식 자전거 짐받이 거치용 접이식 짐 바구니,http://item.gmarket.co.kr/Item?goodscode=128833406
D***,201911**,M,4,"사무직 (일반사무직, 공무원, 직업군인)",400~499만원,예    ,자녀 있음 ,아파트/ 주상복합,경기,수원시 팔달구,인계동,삼성,SKT,자전거/보드,자전거타이어/부품,자전거튜브,[CST]700x25/32C fv48mm 자전거튜브 프레스타 흥아 켄다,http://item.gmarket.co.kr/Item?goodscode=1283527298
D***,201911**,F,5,"관리직 (사장, 간부, 고위공무원)",500~599만원,아니오,          ,아파트/ 주상복합,경기,의왕시,내손동,삼성,SKT,자전거/보드,자전거타이어/부품,자전거튜브,[흥아]흥아 700C x 23/25C 프레스타 60mm 자전거튜브 로드,http://item.gmarket.co.kr/Item?goodscode=1287260612
D***,201911**,F,3,"교직 (교사, 유치원교사, 학원강사)",200~299만원,아니오,          ,연립주택/ 다세대/ 빌라,경기,고양시 일산동구,중산동,LG,SKT,레저/자동차,자전거/용품,자전거,지멘스여성용 부인용 자전거 클래식 24 26인치,http://item.gmarket.co.kr/Item?goodscode=1110235162
D***0,201911**,M,2,"사무직 (일반사무직, 공무원, 직업군인)",200~299만원,      ,          ,아파트/ 주상복합,인천,중구,송월동1가,삼성,SKT,레저/자동차,자전거/용품,자전거액세서리,로드MTB 충전식 자전거라이트 용품 18650 배터리,http://www.11st.co.kr/product/SellerProductDetail.tmall?method=getSellerProductDetail&prdNo=1004933124
D***7,201911**,M,3,"사무직 (일반사무직, 공무원, 직업군인)",200~299만원,      ,          ,아파트/ 주상복합,서울,강서구,화곡1동,삼성,SKT,레저/자동차,자전거/용품,자전거,알톤쉐보레 CFB2.4 24단 팻바이크/노바투스/우라노,http://www.11st.co.kr/product/SellerProductDetail.tmall?method=getSellerProductDetail&prdNo=1288179623
D***5,201911**,M,2,"사무직 (일반사무직, 공무원, 직업군인)",200~299만원,      ,          ,아파트/ 주상복합,대전,유성구,궁동,삼성,SKT,자전거,자전거신발/고글/헬멧,신발,에코사이클링/스피닝슈즈/스피닝운동화/스피닝신발/클릿슈즈/사이클운동화/사이클신발/사이클슈즈/클릿포함,http://www.11st.co.kr/product/SellerProductDetail.tmall?method=getSellerProductDetail&prdNo=1262545428
D***1,201911**,M,4,"사무직 (일반사무직, 공무원, 직업군인)",600~699만원,예    ,자녀 있음 ,아파트/ 주상복합,충남,연기군,금남면,LG,KT,레저/자동차,자전거/용품,자전거,알톤어린이용 경량 알루미늄 접이식 자전거 라바폴딩18인치,http://www.11st.co.kr/product/SellerProductDetail.tmall?method=getSellerProductDetail&prdNo=1096512754
D***6,201911**,M,4,"사무직 (일반사무직, 공무원, 직업군인)",200~299만원,      ,          ,아파트/ 주상복합,경기,오산시,오산동,삼성,SKT,자전거,자전거부품,안장,풀카본안장자전거안장 초경량 카본안장,http://www.11st.co.kr/product/SellerProductDetail.tmall?method=getSellerProductDetail&prdNo=1240983940
D***5,201911**,F,4,"교직 (교사, 유치원교사, 학원강사)",500~599만원,예    ,자녀 없음 ,연립주택/ 다세대/ 빌라,서울,은평구,역촌동,애플,SKT,레저/자동차,자전거/용품,자전거액세서리,[엑스피크]엑스피크 자전거힙색 트윈포켓파우치 자전거파우치,http://item.gmarket.co.kr/Item?goodscode=1124173801
D***6,201911**,M,2,"사무직 (일반사무직, 공무원, 직업군인)",200~299만원,      ,          ,아파트/ 주상복합,광주,동구,충장로4가,삼성,SKT,자전거,자전거,사이클,[HK]예거메티1디스크 로드자전거 카본포크 소라,http://www.11st.co.kr/product/SellerProductDetail.tmall?method=getSellerProductDetail&prdNo=1075538001
D***2,201911**,M,4,"교직 (교사, 유치원교사, 학원강사)",300~399만원,예    ,자녀 있음 ,아파트/ 주상복합,경기,시흥시,매화동,삼성,LG U+,자전거/보드,자전거타이어/부품,자전거튜브,[CST]700x25/32C fv60mm 자전거튜브 프레스타 흥아 켄다,http://item.gmarket.co.kr/Item?goodscode=1283528097
D***5,201911**,F,4,"주부 (전업주부, 파트타임 근무 주부)",300~399만원,예    ,자녀 있음 ,아파트/ 주상복합,서울,동대문구,전농2동,삼성,SKT,레저/자동차,자전거/용품,자전거액세서리,[J]쿨시트 방석 오토바이 스쿠터 헬멧 용품,http://www.11st.co.kr/product/SellerProductDetail.tmall?method=getSellerProductDetail&prdNo=1082590066
D***,201911**,M,5,"사무직 (일반사무직, 공무원, 직업군인)",200~299만원,      ,          ,아파트/ 주상복합,경남,창원시 의창구,팔용동,삼성,SKT,레저/자동차,자전거/용품,자전거액세서리,자전거라이트LED 전조등 후미등 후레쉬 [거치대증정],http://www.11st.co.kr/product/SellerProductDetail.tmall?method=getSellerProductDetail&prdNo=1080334719
D***,201911**,M,4,"사무직 (일반사무직, 공무원, 직업군인)",200~299만원,      ,          ,아파트/ 주상복합,대구,수성구,범어1동,삼성,SKT,캠핑/골프/헬스/자전거,자전거의류/용품,공용상의,[MCN]윈드베스트 MSV-16 블랙/자전거조끼,http://www.hnsmall.com/display/goods.do?goods_code=12602302
D***6,201911**,M,3,"사무직 (일반사무직, 공무원, 직업군인)",800~899만원,아니오,          ,아파트/ 주상복합,서울,영등포구,신길1동,LG,LG U+,자전거,튜닝용품,흙받이,자전거흙받이(한세트)삼천리자전거 레스포정품/흙튀김방지 물받이/선택,http://www.11st.co.kr/product/SellerProductDetail.tmall?method=getSellerProductDetail&prdNo=12932278
D***4,201911**,M,5,"관리직 (사장, 간부, 고위공무원)",500~599만원,예    ,자녀 있음 ,오피스텔,서울,서대문구,창천동,삼성,SKT,레저/자동차,자전거/용품,자전거,[에어휠]BEST전동킥보드/스쿠터 인기브랜드 에어휠/스티고/이지휠 택1,http://www.lotteimall.com/goods/viewGoodsDetail.lotte?goods_no=1263374352
D***6,201911**,M,3,무직,100만원 미만,아니오,          ,연립주택/ 다세대/ 빌라,대전,중구,용두동,삼성,알뜰폰(MVNO),레저/자동차,자전거/용품,자전거의류/잡화,{지오무역}[쿨멀티스카프모음]쿨마스크/냉동스카프/,http://www.11st.co.kr/product/SellerProductDetail.tmall?method=getSellerProductDetail&prdNo=1280486843
D***7,201911**,M,3,"사무직 (일반사무직, 공무원, 직업군인)",200~299만원,아니오,          ,아파트/ 주상복합,충북,청주시 흥덕구,신봉동,삼성,SKT,레저/자동차,자전거/용품,자전거타이어/부품,삼천리알루미늄 핸드펌프  - 자전거 다용도 튜브 펌프 공기주입기,http://www.11st.co.kr/product/SellerProductDetail.tmall?method=getSellerProductDetail&prdNo=1218187968
D***,201911**,F,5,"사무직 (일반사무직, 공무원, 직업군인)",200~299만원,예    ,자녀 있음 ,단독주택,인천,남구,학익1동,삼성,SKT,자전거,자전거,MTB,앞뒤쇼바접이식 21단 26인치 입문 통학 출퇴근용 MTB,http://www.11st.co.kr/product/SellerProductDetail.tmall?method=getSellerProductDetail&prdNo=1082913347
D***,201911**,M,3,"사무직 (일반사무직, 공무원, 직업군인)",200~299만원,      ,          ,아파트/ 주상복합,경기,용인시 수지구,풍덕천2동,삼성,SKT,레저/자동차,자전거/용품,자전거액세서리,18650AA AAA 충전지 배터리 충전기 i4 D2 i2 UM20,http://www.11st.co.kr/product/SellerProductDetail.tmall?method=getSellerProductDetail&prdNo=1181473940
D***5,201911**,M,2,"사무직 (일반사무직, 공무원, 직업군인)",200~299만원,      ,          ,아파트/ 주상복합,경북,경산시,계양동,삼성,SKT,레저/자동차,자전거/용품,자전거의류/잡화,쿨바라클라바자외선차단마스크 여름마스크 쿨마스크,http://www.11st.co.kr/product/SellerProductDetail.tmall?method=getSellerProductDetail&prdNo=11116518
D***5,201911**,F,4,"주부 (전업주부, 파트타임 근무 주부)",100~199만원,예    ,자녀 있음 ,연립주택/ 다세대/ 빌라,경기,부천시 오정구,고강본동,삼성,SKT,자전거,튜닝용품,후미등,누빔멀티 라이트 NB-600 자전거 후미등 방향지시등,http://www.11st.co.kr/product/SellerProductDetail.tmall?method=getSellerProductDetail&prdNo=115116197
D***0,201911**,F,3,"사무직 (일반사무직, 공무원, 직업군인)",500~599만원,예    ,자녀 있음 ,아파트/ 주상복합,경기,광명시,하안3동,삼성,SKT,레저/자동차,자전거/용품,자전거,[삼천리]접이자전거비타민24 24형 7단 미니벨로 폴딩,http://www.11st.co.kr/product/SellerProductDetail.tmall?method=getSellerProductDetail&prdNo=1208645013
D***9,201911**,F,3,"전문직 (의사, 판검사, 예술가, 종교인)",400~499만원,예    ,자녀 있음 ,아파트/ 주상복합,전남,화순군,화순읍,LG,LG U+,레저/자동차,자전거/용품,자전거의류/잡화,GIROJAG 반장갑/지로 장갑/땀흡수/통기성/4웨이 신축성/충격흡수패딩/자전거장갑/지로장갑/자전거용품,http://www.11st.co.kr/product/SellerProductDetail.tmall?method=getSellerProductDetail&prdNo=1274875036
D***6,201911**,M,3,"교직 (교사, 유치원교사, 학원강사)",600~699만원,예    ,자녀 있음 ,아파트/ 주상복합,전북,전주시 완산구,서완산동2가,기타,알뜰폰(MVNO),자전거,튜닝용품,흙받이,자전거흙받이/짐받이가방/강철크롬짐받이/받침대/보조안장/쇼바형짐받이/자전거용품,http://www.11st.co.kr/product/SellerProductDetail.tmall?method=getSellerProductDetail&prdNo=1081764401
D***2,201911**,M,5,"자영업 (도소매업, 숙박업, 미용업)",400~499만원,예    ,자녀 있음 ,아파트/ 주상복합,인천,계양구,작전서운동,삼성,SKT,자전거,튜닝용품,전시스탠드,토픽스텐드 DUAL TOUCH BIKE STAND 자전거거치대,http://www.11st.co.kr/product/SellerProductDetail.tmall?method=getSellerProductDetail&prdNo=1154312380
D***,201911**,M,4,"사무직 (일반사무직, 공무원, 직업군인)",200~299만원,      ,          ,아파트/ 주상복합,대구,달성군,화원읍,삼성,SKT,자전거,튜닝용품,트레일러,알톤키즈 트레일러/자전거/캐리어/손잡이/보조바퀴,http://www.11st.co.kr/product/SellerProductDetail.tmall?method=getSellerProductDetail&prdNo=1249445352
D***,201911**,M,2,"학생 (초중고학생, 대학생, 대학원생)",100만원 미만,아니오,          ,단독주택,경남,양산시,소주동,삼성,SKT,자전거/보드,자전거타이어/부품,자전거타이어,자전거휠라이트 반사 스트로우 바퀴 야간 안전 야광,http://item.gmarket.co.kr/Item?goodscode=1184423428
D***,201911**,M,3,"사무직 (일반사무직, 공무원, 직업군인)",200~299만원,      ,          ,아파트/ 주상복합,인천,남동구,만수4동,삼성,SKT,레저/자동차,자전거/용품,자전거액세서리,"매그닉라이트/전조등,후미등싱글판매/충전필요없는 독일특허 비접촉 자전거라이트/자전거용품/무료배송",http://www.11st.co.kr/product/SellerProductDetail.tmall?method=getSellerProductDetail&prdNo=1242176076
D***,201911**,M,3,"교직 (교사, 유치원교사, 학원강사)",600~699만원,예    ,자녀 있음 ,아파트/ 주상복합,경기,고양시 일산서구,일산1동,LG,KT,자전거/보드,로드자전거,알루미늄자전거,2017알톤 벨록스 CC 로드 사이클로크로스 자전거,http://item.gmarket.co.kr/Item?goodscode=1112776902
D***,201911**,F,4,"서비스직 (요식업, 숙박업, 미용실종업원)",300~399만원,예    ,자녀 있음 ,아파트/ 주상복합,서울,강동구,둔촌1동,삼성,SKT,자전거/보드,자전거헬멧,기타브랜드 헬멧,EVSSX02 Knee Brace 오토바이무릎인대파열방지보호대/,http://item.gmarket.co.kr/Item?goodscode=1117646191
D***0,201911**,M,4,기타 ,700~799만원,예    ,자녀 없음 ,연립주택/ 다세대/ 빌라,서울,관악구,남현동,애플,KT,자전거/보드,자전거타이어/부품,자전거튜브,[흥아]흥아 26인치x1.75/2.125 프레스타 60mm 자전거튜브,http://item.gmarket.co.kr/Item?goodscode=1284816502
D***1,201911**,M,3,"사무직 (일반사무직, 공무원, 직업군인)",200~299만원,      ,          ,아파트/ 주상복합,경기,파주시,금촌1동,삼성,SKT,자전거/보드,자전거타이어/부품,자전거튜브,[흥아]흥아 700C x 23/25C 프레스타 80mm 자전거튜브 로드,http://item.gmarket.co.kr/Item?goodscode=1287261891
D***1,201911**,M,5,"교직 (교사, 유치원교사, 학원강사)",900~999만원,예    ,자녀 있음 ,아파트/ 주상복합,경기,고양시 덕양구,토당동,삼성,KT,자전거/보드,자전거라이트,라이트거치대,페어맨만능 18650충전기 FLIC-210 자전거라이트 2구,http://item.gmarket.co.kr/Item?goodscode=1237810051
D***0,201911**,M,2,"학생 (초중고학생, 대학생, 대학원생)",200~299만원,아니오,          ,단독주택,제주,제주시,애월읍,삼성,SKT,캠핑/골프/헬스/자전거,자전거의류/용품,기타용품,[펌프킹]가정용 자전거 거치대 HK-001,http://www.hnsmall.com/display/goods.do?goods_code=12714590
D***3,201911**,F,2,"사무직 (일반사무직, 공무원, 직업군인)","1,000만원 이상",아니오,          ,아파트/ 주상복합,서울,마포구,상암동,애플,LG U+,자전거,튜닝용품,속도계,자전거무선속도계 엑스헌터 자전거속도계 자전거용품,http://www.11st.co.kr/product/SellerProductDetail.tmall?method=getSellerProductDetail&prdNo=1249839989
D***,201911**,M,5,"사무직 (일반사무직, 공무원, 직업군인)",200~299만원,      ,          ,아파트/ 주상복합,경기,고양시 덕양구,화정2동,삼성,SKT,레저/자동차,자전거/용품,자전거의류/잡화,[엠씨엔]MCN 통기성좋고 시원한 매쉬마스크/UV자외선 벌레차단,http://item.gmarket.co.kr/Item?goodscode=1104924744
D***,201911**,M,2,"사무직 (일반사무직, 공무원, 직업군인)",200~299만원,      ,          ,아파트/ 주상복합,서울,동작구,흑석동,삼성,SKT,레저/자동차,자전거/용품,자전거타이어/부품,야광젤타입 자전거 안장 자전거 용품 레저 취미,http://item.gmarket.co.kr/Item?goodscode=1268231013
D***,201911**,M,5,"관리직 (사장, 간부, 고위공무원)",500~599만원,예    ,자녀 있음 ,아파트/ 주상복합,경기,용인시 기흥구,영덕동,LG,SKT,자전거,튜닝용품,후미등,자전거후미등2구 실리콘 후미등 LED비상등 안전등 야간 라이딩 유모차 오토바이 3가지 모드,http://www.11st.co.kr/product/SellerProductDetail.tmall?method=getSellerProductDetail&prdNo=1253472408
D***,201911**,F,3,"전문직 (의사, 판검사, 예술가, 종교인)","1,000만원 이상",아니오,          ,연립주택/ 다세대/ 빌라,서울,중구,중림동,삼성,KT,자전거,자전거관리용품,튜브벨브/어댑터/노즐,호비던롭밸브셋트 무시고무 공기 주입을 하여도 바람이 샐경우 교체,http://www.11st.co.kr/product/SellerProductDetail.tmall?method=getSellerProductDetail&prdNo=1244185249
D***1,201911**,M,3,"사무직 (일반사무직, 공무원, 직업군인)",200~299만원,      ,          ,아파트/ 주상복합,경기,파주시,금촌1동,삼성,SKT,자전거,자전거부품,변속기,변속레버/자전거기어/시마노변속레버/그립쉬프트,http://www.11st.co.kr/product/SellerProductDetail.tmall?method=getSellerProductDetail&prdNo=1280799725
D***5,201911**,F,4,"주부 (전업주부, 파트타임 근무 주부)",100~199만원,예    ,자녀 있음 ,연립주택/ 다세대/ 빌라,경기,부천시 오정구,고강본동,삼성,SKT,레저/자동차,자전거/용품,자전거타이어/부품,삼천리알루미늄 핸드펌프  - 자전거 다용도 튜브 펌프 공기주입기,http://www.11st.co.kr/product/SellerProductDetail.tmall?method=getSellerProductDetail&prdNo=1218187968
D***7,201911**,F,4,"주부 (전업주부, 파트타임 근무 주부)",400~499만원,예    ,자녀 없음 ,아파트/ 주상복합,서울,도봉구,창4동,삼성,KT,자전거/보드,자전거타이어/부품,자전거튜브,[흥아]흥아 700C x 23/25C 프레스타 80mm 자전거튜브 로드,http://item.gmarket.co.kr/Item?goodscode=1287261891
D***4,201911**,F,3,"사무직 (일반사무직, 공무원, 직업군인)",400~499만원,예    ,자녀 있음 ,아파트/ 주상복합,경기,시흥시,월곶동,삼성,SKT,레저/자동차,자전거/용품,자전거액세서리,자전거유아안장전방유아안장 아동보조안장,http://www.11st.co.kr/product/SellerProductDetail.tmall?method=getSellerProductDetail&prdNo=124145685
D***3,201911**,F,2,"사무직 (일반사무직, 공무원, 직업군인)","1,000만원 이상",아니오,          ,아파트/ 주상복합,서울,송파구,잠실동,삼성,SKT,레저/자동차,자전거/용품,자전거액세서리,블랙울프미니줌 줌라이트 LED랜턴 후레쉬 자전거용품,http://www.11st.co.kr/product/SellerProductDetail.tmall?method=getSellerProductDetail&prdNo=1182033172
D***4,201911**,M,5,"자영업 (도소매업, 숙박업, 미용업)",900~999만원,예    ,자녀 있음 ,아파트/ 주상복합,경기,용인시 기흥구,언남동,삼성,SKT,자전거/보드,일반자전거,외발/삼륜/2인용,절대터지지않는알로이 컨츄리 성인 세발자전거 삼륜,http://item.gmarket.co.kr/Item?goodscode=1201833484
D***,201911**,F,4,"사무직 (일반사무직, 공무원, 직업군인)",200~299만원,      ,          ,아파트/ 주상복합,경북,포항시 북구,흥해읍,삼성,SKT,레저/자동차,자전거/용품,헬멧/보호장비,GIFT삼천리 헬멧 SH330S 선바이저 자전거용품 인라인,http://www.11st.co.kr/product/SellerProductDetail.tmall?method=getSellerProductDetail&prdNo=115415058
D***,201911**,M,4,"사무직 (일반사무직, 공무원, 직업군인)",200~299만원,      ,          ,아파트/ 주상복합,경기,고양시 일산서구,주엽동,삼성,SKT,레저/자동차,자전거/용품,자전거,[삼천리]접이식여성자전거/미니벨로 바구니 자전거,http://www.11st.co.kr/product/SellerProductDetail.tmall?method=getSellerProductDetail&prdNo=1013926352
D***,201911**,F,5,"사무직 (일반사무직, 공무원, 직업군인)",200~299만원,      ,          ,아파트/ 주상복합,서울,성동구,금호동4가,삼성,SKT,유아동,유아동완구/교구,승용완구,ZOKO조코유아동 체인자전거9종(3세~7세사용)+컵홀더,http://item.gmarket.co.kr/Item?goodscode=1109676457
D***1,201911**,F,4,"사무직 (일반사무직, 공무원, 직업군인)",200~299만원,예    ,자녀 있음 ,연립주택/ 다세대/ 빌라,제주,제주시,연동,LG,LG U+,레저/자동차,자전거/용품,자전거의류/잡화,DBIKE디빅 투라인 집게 후미등,http://item.gmarket.co.kr/Item?goodscode=1205206386
D***7,201911**,M,2,"사무직 (일반사무직, 공무원, 직업군인)",200~299만원,아니오,          ,아파트/ 주상복합,충북,청주시 흥덕구,복대1동,삼성,LG U+,자전거,자전거관리용품,펑크패치,자전거펑크패치(패치30개+접착제) 자전거타이어수리,http://www.11st.co.kr/product/SellerProductDetail.tmall?method=getSellerProductDetail&prdNo=12932340
D***7,201911**,F,4,"전문직 (의사, 판검사, 예술가, 종교인)",400~499만원,예    ,자녀 있음 ,연립주택/ 다세대/ 빌라,경기,성남시 분당구,야탑동,애플,KT,자전거/보드,자전거액세서리,자전거스마트폰거치대,4방향완벽고정 자전거 스마트폰 거치대 (블랙),http://item.gmarket.co.kr/Item?goodscode=1235492029
D***0,201911**,F,5,"사무직 (일반사무직, 공무원, 직업군인)",600~699만원,예    ,자녀 있음 ,아파트/ 주상복합,대구,중구,동성로1가,애플,SKT,캠핑/골프/헬스/자전거,자전거의류/용품,신발,뉴발란스CRT300 스니커즈 운동화 (CRT300CA),http://www.hnsmall.com/display/goods.do?goods_code=12922166
D***3,201911**,F,3,"교직 (교사, 유치원교사, 학원강사)",500~599만원,예    ,자녀 없음 ,아파트/ 주상복합,경남,김해시,장유면,애플,SKT,캠핑/골프/헬스/자전거,자전거의류/용품,공용하의,[MCN]네오 베이직 7부 바지/승마바지,http://www.hnsmall.com/display/goods.do?goods_code=12497037
D***8,201911**,M,2,"사무직 (일반사무직, 공무원, 직업군인)",200~299만원,      ,          ,아파트/ 주상복합,서울,강남구,논현동,삼성,SKT,자전거,자전거신발/고글/헬멧,보호대,무료배송.국산쿨토시.팔토시.냉감토시.쿨마스크.아동,http://www.11st.co.kr/product/SellerProductDetail.tmall?method=getSellerProductDetail&prdNo=1249823887
D***5,201911**,M,3,"농/축/광/수산업 (축산, 낙농업, 수산, 임업, 광업)",200~299만원,아니오,          ,연립주택/ 다세대/ 빌라,서울,노원구,상계6.7동,삼성,휴대전화 사용안함,자전거,튜닝용품,후미등,자전거후미등2구 실리콘 후미등 LED비상등 안전등 야간 라이딩 유모차 오토바이 3가지 모드,http://www.11st.co.kr/product/SellerProductDetail.tmall?method=getSellerProductDetail&prdNo=1253472408
D***,201911**,M,3,"사무직 (일반사무직, 공무원, 직업군인)",800~899만원,아니오,          ,연립주택/ 다세대/ 빌라,서울,영등포구,대림동,애플,SKT,자전거,자전거부품,튜브,자전거고급 타이어 튜브/던롭 프레스타 슈레더 튜브/슈발베 켄다 CST튜브/자전거용품 부품,http://www.11st.co.kr/product/SellerProductDetail.tmall?method=getSellerProductDetail&prdNo=1096604696
D***,201911**,M,5,"관리직 (사장, 간부, 고위공무원)",500~599만원,예    ,자녀 있음 ,아파트/ 주상복합,경기,용인시 기흥구,영덕동,LG,SKT,레저/자동차,자전거/용품,자전거,[스마트]삼천리/스마트/바이맥스 접이식자전거 미니벨로 4종,http://item.gmarket.co.kr/Item?goodscode=1278067146
D***,201911**,F,5,"사무직 (일반사무직, 공무원, 직업군인)",200~299만원,      ,          ,아파트/ 주상복합,서울,관악구,신림동,삼성,SKT,레저/자동차,자전거/용품,자전거의류/잡화,마스크/귀마개/멀티워머/넥워머/자전거/검정마스크,http://www.11st.co.kr/product/SellerProductDetail.tmall?method=getSellerProductDetail&prdNo=1167152971
D***,201911**,F,4,"사무직 (일반사무직, 공무원, 직업군인)",200~299만원,      ,          ,아파트/ 주상복합,서울,서대문구,연희동,삼성,SKT,자전거/보드,자전거라이트,자전거라이트/전조등,몬스터라이트미니 자전거라이트  몬스터라이트 미니,http://item.gmarket.co.kr/Item?goodscode=1280390929
D***5,201911**,M,5,"생산/노무직 (생산감독, 경비원, 공장근로자)",200~299만원,아니오,          ,연립주택/ 다세대/ 빌라,서울,서대문구,남가좌동,삼성,KT,레저/자동차,자전거/용품,자전거액세서리,유아안장자전거유아안장 후방유아안장 아동보조안장,http://www.11st.co.kr/product/SellerProductDetail.tmall?method=getSellerProductDetail&prdNo=124136733
D***8,201911**,M,3,"사무직 (일반사무직, 공무원, 직업군인)",200~299만원,      ,          ,아파트/ 주상복합,경기,화성시,병점동,삼성,SKT,레저/자동차,자전거/용품,자전거액세서리,[엑스피크]엑스피크 자전거힙색 트윈포켓파우치 자전거파우치,http://item.gmarket.co.kr/Item?goodscode=1124173801
D***1,201911**,M,5,"교직 (교사, 유치원교사, 학원강사)",900~999만원,예    ,자녀 있음 ,아파트/ 주상복합,경기,고양시 덕양구,토당동,삼성,KT,캠핑/골프/헬스/자전거,자전거의류/용품,신발,뉴발란스운동화 574 NEWBALANCE 574 (ML574SS2),http://www.hnsmall.com/display/goods.do?goods_code=11979567
D***5,201911**,F,3,"사무직 (일반사무직, 공무원, 직업군인)",200~299만원,      ,          ,아파트/ 주상복합,경기,구리시,수택동,삼성,SKT,자전거,자전거관리용품,에어펌프(발펌프),GIYO지요 GF-56GTB ULTRA 자전거펌프 공기배출기능,http://www.11st.co.kr/product/SellerProductDetail.tmall?method=getSellerProductDetail&prdNo=1147853726
D***0,201911**,M,2,무직,600~699만원,아니오,          ,아파트/ 주상복합,서울,강남구,개포1동,LG,LG U+,자전거,자전거,MTB,삼천리자전거/하운드팀50D/MTB자전거/산악자전거,http://www.11st.co.kr/product/SellerProductDetail.tmall?method=getSellerProductDetail&prdNo=1254184372
D***,201911**,M,4,"사무직 (일반사무직, 공무원, 직업군인)",700~799만원,예    ,자녀 있음 ,연립주택/ 다세대/ 빌라,경기,용인시 처인구,역북동,삼성,SKT,레저/자동차,자전거/용품,자전거액세서리,블랙울프자전거 라이트 용품 18650 배터리 충전기,http://www.11st.co.kr/product/SellerProductDetail.tmall?method=getSellerProductDetail&prdNo=1003701027
D***,201911**,F,5,"사무직 (일반사무직, 공무원, 직업군인)",200~299만원,      ,          ,아파트/ 주상복합,서울,강남구,대치1동,삼성,SKT,레저/자동차,자전거/용품,자전거액세서리,"매그닉라이트/전조등,후미등싱글판매/충전필요없는 독일특허 비접촉 자전거라이트/자전거용품/무료배송",http://www.11st.co.kr/product/SellerProductDetail.tmall?method=getSellerProductDetail&prdNo=1242176076
D***9,201911**,M,3,무직,100만원 미만,아니오,          ,단독주택,서울,금천구,시흥동,삼성,SKT,자전거,튜닝용품,거치대/보관대,노스바이크스마트폰 자전거거치대 핸드폰 휴대폰 가방,http://www.11st.co.kr/product/SellerProductDetail.tmall?method=getSellerProductDetail&prdNo=1016944642
D***1,201911**,M,4,"사무직 (일반사무직, 공무원, 직업군인)",200~299만원,예    ,자녀 없음 ,아파트/ 주상복합,경기,용인시 기흥구,신갈동,애플,SKT,레저/자동차,자전거/용품,자전거의류/잡화,마스크/귀마개/멀티워머/넥워머/자전거/검정마스크,http://www.11st.co.kr/product/SellerProductDetail.tmall?method=getSellerProductDetail&prdNo=1167152971
D***,201911**,F,5,"사무직 (일반사무직, 공무원, 직업군인)",200~299만원,      ,          ,아파트/ 주상복합,충남,아산시,영인면,삼성,SKT,자전거,자전거,MTB,"[삼천리]미키마우스 미키키즈14,16,18형 아동 자전거",http://www.11st.co.kr/product/SellerProductDetail.tmall?method=getSellerProductDetail&prdNo=1248195280
D***9,201911**,F,3,"사무직 (일반사무직, 공무원, 직업군인)",800~899만원,아니오,          ,연립주택/ 다세대/ 빌라,서울,성동구,행당동,애플,SKT,레저/자동차,자전거/용품,자전거,스타카토에스코트 7단 접이식 자전거 바구니 포함,http://www.11st.co.kr/product/SellerProductDetail.tmall?method=getSellerProductDetail&prdNo=1216359097
D***1,201911**,M,3,"사무직 (일반사무직, 공무원, 직업군인)",200~299만원,      ,          ,아파트/ 주상복합,서울,금천구,독산동,삼성,SKT,자전거,자전거신발/고글/헬멧,헬멧,어반헬멧/GIRO 쿼터 다임 딤/BELL 세그먼트/자전거,http://www.11st.co.kr/product/SellerProductDetail.tmall?method=getSellerProductDetail&prdNo=1244123994
D***4,201911**,F,3,"사무직 (일반사무직, 공무원, 직업군인)",400~499만원,예    ,자녀 있음 ,아파트/ 주상복합,경기,시흥시,월곶동,삼성,SKT,레저/자동차,자전거/용품,자전거액세서리,카멜백포디엄 칠리 610ml 자전거물통 보냉 물병,http://www.11st.co.kr/product/SellerProductDetail.tmall?method=getSellerProductDetail&prdNo=1019561002
D***3,201911**,M,4,"관리직 (사장, 간부, 고위공무원)",400~499만원,예    ,자녀 있음 ,아파트/ 주상복합,경기,고양시 덕양구,동산동,LG,SKT,자전거,자전거신발/고글/헬멧,보호대,킹카301 성인 보호대 팔꿈치 손목 무릎 남여공용,http://www.11st.co.kr/product/SellerProductDetail.tmall?method=getSellerProductDetail&prdNo=1083507717
D***7,201911**,M,5,"교직 (교사, 유치원교사, 학원강사)",200~299만원,아니오,          ,연립주택/ 다세대/ 빌라,경기,의정부시,가능1동,삼성,SKT,레저/자동차,자전거/용품,자전거,[삼천리자전거]하로GS20 7단 접이식자전거  어린이/여성 폴딩자전거,http://item.gmarket.co.kr/Item?goodscode=1201466217
D***2,201911**,M,3,퇴직/연금생활자,900~999만원,아니오,          ,오피스텔,울산,동구,일산동,LG,알뜰폰(MVNO),자전거,튜닝용품,후미등,누빔멀티 라이트 NB-600 자전거 후미등 방향지시등,http://www.11st.co.kr/product/SellerProductDetail.tmall?method=getSellerProductDetail&prdNo=115116197
D***,201911**,M,4,"사무직 (일반사무직, 공무원, 직업군인)",200~299만원,      ,          ,아파트/ 주상복합,충남,연기군,조치원읍,삼성,SKT,자전거,자전거관리용품,펑크패치,무료배송휴대용 펑크패치/타이어 튜브 레버 정비 수리 공구세트/자전거용품.부품,http://www.11st.co.kr/product/SellerProductDetail.tmall?method=getSellerProductDetail&prdNo=1028212762
D***,201911**,M,5,"사무직 (일반사무직, 공무원, 직업군인)",200~299만원,      ,          ,아파트/ 주상복합,서울,송파구,잠실4동,삼성,SKT,레저/자동차,자전거/용품,자전거액세서리,자전거휠 라이트 안전등  LED라이트 후미등,http://www.11st.co.kr/product/SellerProductDetail.tmall?method=getSellerProductDetail&prdNo=1076764951
D***,201911**,F,4,"사무직 (일반사무직, 공무원, 직업군인)",200~299만원,      ,          ,아파트/ 주상복합,서울,동작구,흑석동,삼성,SKT,레저/자동차,자전거/용품,자전거,자전거공구셋트/5가지기능 스페너13mm 15mm 육각렌지4mm5mm6mm 부품 용품,http://www.11st.co.kr/product/SellerProductDetail.tmall?method=getSellerProductDetail&prdNo=1268973574
D***9,201911**,M,2,"사무직 (일반사무직, 공무원, 직업군인)",200~299만원,      ,          ,아파트/ 주상복합,대구,서구,비산4동,삼성,SKT,레저/자동차,자전거/용품,자전거액세서리,자전거비밀번호 자물쇠 (소)  No75,http://item.gmarket.co.kr/Item?goodscode=1235749090
D***0,201911**,M,4,무직,100~199만원,아니오,          ,아파트/ 주상복합,대구,달성군,다사읍,삼성,SKT,레저/자동차,자전거/용품,자전거의류/잡화,방한멀티스카프/멀티워머/넥워머/마스크/스키/자전거,http://item.gmarket.co.kr/Item?goodscode=1145899445
D***5,201911**,F,4,"주부 (전업주부, 파트타임 근무 주부)","1,000만원 이상",예    ,자녀 있음 ,연립주택/ 다세대/ 빌라,경기,성남시 수정구,복정동,삼성,KT,레저/자동차,자전거/용품,자전거의류/잡화,머스타시벌룬 기모마스크 MHM-10/방한/보드마스크,http://www.11st.co.kr/product/SellerProductDetail.tmall?method=getSellerProductDetail&prdNo=1187564080
D***7,201911**,M,2,"학생 (초중고학생, 대학생, 대학원생)",600~699만원,아니오,          ,아파트/ 주상복합,경기,부천시 소사구,송내2동,애플,LG U+,자전거,자전거부품,체인,MYBN 10단 실버_S10CR 체인,http://www.11st.co.kr/product/SellerProductDetail.tmall?method=getSellerProductDetail&prdNo=1272548067
D***6,201911**,F,3,"교직 (교사, 유치원교사, 학원강사)",300~399만원,예    ,자녀 있음 ,연립주택/ 다세대/ 빌라,경기,평택시,비전2동,삼성,KT,자전거,자전거,사이클,[쿠베로]에어리아2.0신형소라18 무료조립+최강사은품 NEW SORA 18,http://www.11st.co.kr/product/SellerProductDetail.tmall?method=getSellerProductDetail&prdNo=1224036819
D***6,201911**,M,5,무직,100~199만원,예    ,자녀 있음 ,단독주택,제주,제주시,조천읍,삼성,KT,자전거,자전거신발/고글/헬멧,헬멧,자전거커버방수 덮개 오토바이,http://www.11st.co.kr/product/SellerProductDetail.tmall?method=getSellerProductDetail&prdNo=1269616509
D***6,201911**,F,2,"교직 (교사, 유치원교사, 학원강사)",600~699만원,아니오,          ,아파트/ 주상복합,전북,부안군,부안읍,애플,알뜰폰(MVNO),자전거,튜닝용품,전시스탠드,"자전거스텐드거치대/16,18,20,22,24,26스탠드 받침대 보관대 접이식 자전거용품",http://www.11st.co.kr/product/SellerProductDetail.tmall?method=getSellerProductDetail&prdNo=12932139
D***,201911**,M,3,"사무직 (일반사무직, 공무원, 직업군인)",200~299만원,      ,          ,아파트/ 주상복합,경기,시흥시,장현동,삼성,SKT,자전거,자전거신발/고글/헬멧,헬멧,필모리스/F381/F373/자전거헬멧/성인용헬멧/안전용품,http://www.11st.co.kr/product/SellerProductDetail.tmall?method=getSellerProductDetail&prdNo=1289945654
D***,201911**,M,4,"사무직 (일반사무직, 공무원, 직업군인)",200~299만원,      ,          ,아파트/ 주상복합,부산,해운대구,우동,삼성,SKT,레저/자동차,자전거/용품,헬멧/보호장비,심플한도시형헬멧/빅이글 어반헬멧/자전거용품/인라인,http://www.11st.co.kr/product/SellerProductDetail.tmall?method=getSellerProductDetail&prdNo=1187901648
D***,201911**,M,4,"사무직 (일반사무직, 공무원, 직업군인)",200~299만원,      ,          ,아파트/ 주상복합,서울,서초구,서초2동,삼성,SKT,레저/자동차,자전거/용품,자전거액세서리,(자전거용품.부품모음)자물쇠라이트펌프바구니짐받이안장가방헬멧보호대후미등페달보조바퀴벨전조등거치대,http://www.11st.co.kr/product/SellerProductDetail.tmall?method=getSellerProductDetail&prdNo=1258567584
D***,201911**,F,2,"사무직 (일반사무직, 공무원, 직업군인)",200~299만원,      ,          ,아파트/ 주상복합,경기,용인시 처인구,포곡읍,삼성,SKT,레저/자동차,자전거/용품,자전거액세서리,(자전거용품.부품모음)자물쇠라이트펌프바구니짐받이안장가방헬멧보호대후미등페달보조바퀴벨전조등거치대,http://www.11st.co.kr/product/SellerProductDetail.tmall?method=getSellerProductDetail&prdNo=1258567584
D***,201911**,F,5,"사무직 (일반사무직, 공무원, 직업군인)",200~299만원,      ,          ,아파트/ 주상복합,전북,김제시,신풍동,삼성,SKT,자전거,자전거부품,튜브,[FNS]즈와유무시고무 없는 던롭밸브 세트/던롭튜브,http://www.11st.co.kr/product/SellerProductDetail.tmall?method=getSellerProductDetail&prdNo=1217450472
D***6,201911**,M,4,"주부 (전업주부, 파트타임 근무 주부)",100~199만원,예    ,자녀 있음 ,기타 ,서울,영등포구,신길1동,LG,LG U+,자전거,자전거부품,안장,유아안장/짐받이장착/핸들바장착/목받이유아안장/자전거안장,http://www.11st.co.kr/product/SellerProductDetail.tmall?method=getSellerProductDetail&prdNo=1275573892
D***5,201911**,M,2,"사무직 (일반사무직, 공무원, 직업군인)",200~299만원,      ,          ,아파트/ 주상복합,서울,강남구,개포2동,삼성,SKT,레저/자동차,자전거/용품,헬멧/보호장비,GAIUS어반헬멧 킥보드헬멧 성인 청소년헬멧,http://www.11st.co.kr/product/SellerProductDetail.tmall?method=getSellerProductDetail&prdNo=1036710596
D***3,201911**,M,5,"사무직 (일반사무직, 공무원, 직업군인)",200~299만원,      ,          ,아파트/ 주상복합,강원,춘천시,후평1동,삼성,SKT,자전거,자전거신발/고글/헬멧,헬멧,2018GIRO 지로 QUARTER 쿼터 어반 자전거 헬멧 BMX,http://www.11st.co.kr/product/SellerProductDetail.tmall?method=getSellerProductDetail&prdNo=1246004626
D***8,201911**,F,2,"사무직 (일반사무직, 공무원, 직업군인)",200~299만원,      ,          ,아파트/ 주상복합,부산,금정구,장전1동,삼성,SKT,레저/자동차,자전거/용품,자전거액세서리,AVVISO툴캡슐 자전거 거치대 공구함 케이스 툴부스,http://item.gmarket.co.kr/Item?goodscode=1129194351
D***9,201911**,F,2,"학생 (초중고학생, 대학생, 대학원생)",600~699만원,아니오,          ,아파트/ 주상복합,경기,수원시 영통구,매탄3동,기타,SKT,자전거,자전거신발/고글/헬멧,보호대,특가쿨토시 1+1 (2세트) /토시/아동쿨토시/팔토시,http://www.11st.co.kr/product/SellerProductDetail.tmall?method=getSellerProductDetail&prdNo=1291753831
D***8,201911**,M,3,"사무직 (일반사무직, 공무원, 직업군인)",200~299만원,아니오,          ,아파트/ 주상복합,경기,수원시 영통구,망포동,삼성,KT,자전거,자전거관리용품,광택,자전거방수보관커버/방수자전거 커버/PEVA원단,http://www.11st.co.kr/product/SellerProductDetail.tmall?method=getSellerProductDetail&prdNo=1255618282
D***,201911**,M,3,"사무직 (일반사무직, 공무원, 직업군인)",200~299만원,      ,          ,아파트/ 주상복합,서울,금천구,시흥1동,삼성,SKT,자전거,자전거부품,체인,"SramX1 체인, PC-X1, 11단/11단용 자전거 체인",http://www.11st.co.kr/product/SellerProductDetail.tmall?method=getSellerProductDetail&prdNo=1261677729
D***,201911**,M,5,"사무직 (일반사무직, 공무원, 직업군인)",200~299만원,      ,          ,아파트/ 주상복합,경기,고양시 덕양구,화정2동,삼성,SKT,자전거,튜닝용품,전시스탠드,[내가만든자전거](ICETOOLZ) 아이스툴즈 P633 벽면형 자전거 거치대/벽면고정볼트포함,http://www.11st.co.kr/product/SellerProductDetail.tmall?method=getSellerProductDetail&prdNo=1231501156
D***,201911**,M,2,"사무직 (일반사무직, 공무원, 직업군인)",200~299만원,      ,          ,아파트/ 주상복합,광주,북구,문흥1동,삼성,SKT,자전거,자전거,MTB,알톤쉐보레 CMJR 초등학생 MTB 자전거/24인치/22인치/샌드스톤24,http://www.11st.co.kr/product/SellerProductDetail.tmall?method=getSellerProductDetail&prdNo=1288847294
D***5,201911**,M,2,"사무직 (일반사무직, 공무원, 직업군인)",200~299만원,      ,          ,아파트/ 주상복합,경기,용인시 수지구,상현1동,삼성,SKT,자전거,자전거신발/고글/헬멧,헬멧,스텔리오스고글헬멧 에어로 자전거헬멧 로드헬멧,http://www.11st.co.kr/product/SellerProductDetail.tmall?method=getSellerProductDetail&prdNo=1007190015
D***3,201911**,M,2,"사무직 (일반사무직, 공무원, 직업군인)",200~299만원,      ,          ,아파트/ 주상복합,서울,노원구,상계2동,삼성,SKT,자전거,자전거신발/고글/헬멧,헬멧,필모리스/F381/F373/자전거헬멧/성인용헬멧/안전용품,http://www.11st.co.kr/product/SellerProductDetail.tmall?method=getSellerProductDetail&prdNo=1289945654
D***7,201911**,F,4,"사무직 (일반사무직, 공무원, 직업군인)",200~299만원,      ,          ,아파트/ 주상복합,제주,제주시,외도1동,삼성,SKT,자전거,자전거,MTB,앞뒤쇼바접이식 21단 26인치 입문 통학 출퇴근용 MTB,http://www.11st.co.kr/product/SellerProductDetail.tmall?method=getSellerProductDetail&prdNo=1082913347
D***6,201911**,M,3,"사무직 (일반사무직, 공무원, 직업군인)",200~299만원,예    ,자녀 있음 ,아파트/ 주상복합,경기,수원시 영통구,매탄4동,삼성,KT,자전거,자전거부품,변속기,변속레버/자전거기어/시마노변속레버/그립쉬프트,http://www.11st.co.kr/product/SellerProductDetail.tmall?method=getSellerProductDetail&prdNo=1280799725
D***3,201911**,M,4,"관리직 (사장, 간부, 고위공무원)",400~499만원,예    ,자녀 있음 ,아파트/ 주상복합,경기,고양시 덕양구,동산동,LG,SKT,자전거,자전거신발/고글/헬멧,헬멧,2018GIRO 지로 QUARTER 쿼터 어반 자전거 헬멧 BMX,http://www.11st.co.kr/product/SellerProductDetail.tmall?method=getSellerProductDetail&prdNo=1246004626
D***2,201911**,F,5,"사무직 (일반사무직, 공무원, 직업군인)",500~599만원,예    ,자녀 있음 ,연립주택/ 다세대/ 빌라,서울,서대문구,연희동,애플,LG U+,레저/자동차,자전거/용품,자전거,[스마트]삼천리/스마트 접이식자전거 미니벨로 4종,http://item.gmarket.co.kr/Item?goodscode=1278067146
D***5,201911**,M,3,"사무직 (일반사무직, 공무원, 직업군인)",200~299만원,아니오,          ,오피스텔,경남,창원시 진해구,용원동,삼성,SKT,레저/자동차,자전거/용품,자전거의류/잡화,아동.유아.어린이/무릎보호대.헬멧.장갑 세트/자전거용품.인라인스케이트.씽씽카.안전용품.블랙프라이데이,http://www.11st.co.kr/product/SellerProductDetail.tmall?method=getSellerProductDetail&prdNo=1066221250
D***6,201911**,M,3,"사무직 (일반사무직, 공무원, 직업군인)",200~299만원,아니오,          ,아파트/ 주상복합,경기,수원시 장안구,정자3동,삼성,KT,레저/자동차,자전거/용품,자전거,[스마트]삼천리/스마트/바이맥스 접이식자전거 미니벨로 4종,http://item.gmarket.co.kr/Item?goodscode=1278067146
D***,201911**,M,5,"사무직 (일반사무직, 공무원, 직업군인)",200~299만원,      ,          ,아파트/ 주상복합,강원,강릉시,포남2동,삼성,SKT,레저/자동차,자전거/용품,자전거액세서리,▶빔라이트충전식 자전거 후미등┃자전거용품┃레저용품┃자전거악세사리┃자전거라이트┃후미등┃,http://www.11st.co.kr/product/SellerProductDetail.tmall?method=getSellerProductDetail&prdNo=1246317584
D***,201911**,M,3,"사무직 (일반사무직, 공무원, 직업군인)",200~299만원,      ,          ,아파트/ 주상복합,경기,하남시,망월동,삼성,SKT,자전거,자전거부품,안장,삼천리전립선 안장패드/MTB ROAD 안장용 쿠션커버/하이브리드 안장커버/자전거안장커버/로드용 자전거용품,http://www.11st.co.kr/product/SellerProductDetail.tmall?method=getSellerProductDetail&prdNo=1232420657
D***,201911**,M,5,"사무직 (일반사무직, 공무원, 직업군인)",200~299만원,예    ,자녀 있음 ,아파트/ 주상복합,인천,연수구,송도동,삼성,SKT,자전거,자전거부품,안장,[참좋은바이크]삼천리아동용안장모음/하이킥/프린세스/키즈바이크/디즈니/유아동/어린이/푹신한안장,http://www.11st.co.kr/product/SellerProductDetail.tmall?method=getSellerProductDetail&prdNo=1205141789
D***,201911**,F,2,"사무직 (일반사무직, 공무원, 직업군인)",200~299만원,      ,          ,아파트/ 주상복합,인천,중구,송학동3가,삼성,SKT,레저/자동차,자전거/용품,자전거의류/잡화,DBIKE디빅 투라인 집게 후미등,http://item.gmarket.co.kr/Item?goodscode=1205206386
D***3,201911**,F,3,"사무직 (일반사무직, 공무원, 직업군인)",200~299만원,      ,          ,아파트/ 주상복합,경북,구미시,인의동,삼성,SKT,자전거,자전거신발/고글/헬멧,헬멧,HJC홍진 R4 컬러선택가능블랙라인/홍진 크라운 헬멧,http://www.11st.co.kr/product/SellerProductDetail.tmall?method=getSellerProductDetail&prdNo=1229824538
D***3,201911**,M,3,"자영업 (도소매업, 숙박업, 미용업)",600~699만원,아니오,          ,연립주택/ 다세대/ 빌라,경기,고양시 덕양구,주교동,애플,SKT,자전거/보드,자전거장갑/잡화,자전거장갑,[킹썰]스포츠/등산/자전거장갑/여름장갑/반장갑/핸드폰터치,http://item.gmarket.co.kr/Item?goodscode=1144168847
D***2,201911**,M,4,"사무직 (일반사무직, 공무원, 직업군인)",200~299만원,      ,          ,아파트/ 주상복합,서울,구로구,궁동,삼성,SKT,레저/자동차,자전거/용품,자전거,뉴도미니크24/렌즈/갤럽등 초등학생 하이브리드 모음,http://www.11st.co.kr/product/SellerProductDetail.tmall?method=getSellerProductDetail&prdNo=1154104823
D***8,201911**,M,4,"사무직 (일반사무직, 공무원, 직업군인)",200~299만원,예    ,자녀 있음 ,연립주택/ 다세대/ 빌라,서울,도봉구,쌍문2동,삼성,SKT,자전거,자전거,MTB,베리벨로보스톤GS 18년형 22인치 초등학생 MTB자전거,http://www.11st.co.kr/product/SellerProductDetail.tmall?method=getSellerProductDetail&prdNo=1240605806
D***8,201911**,M,4,"서비스직 (요식업, 숙박업, 미용실종업원)",100~199만원,아니오,          ,연립주택/ 다세대/ 빌라,부산,금정구,구서2동,삼성,LG U+,자전거,자전거관리용품,에어펌프(발펌프),국산삼흥 발펌프 공기주입기 손펌프 에어펌프 자전거펌프 공 오토바이 바이크 휴대용 쌍발펌프 튜브 스포,http://www.11st.co.kr/product/SellerProductDetail.tmall?method=getSellerProductDetail&prdNo=1105695651
D***9,201911**,M,2,"사무직 (일반사무직, 공무원, 직업군인)",200~299만원,      ,          ,아파트/ 주상복합,경기,부천시 원미구,심곡2동,삼성,KT,자전거,자전거부품,안장,유아안장/짐받이장착/핸들바장착/목받이유아안장/자전거안장,http://www.11st.co.kr/product/SellerProductDetail.tmall?method=getSellerProductDetail&prdNo=1275573892
D***3,201911**,M,4,"사무직 (일반사무직, 공무원, 직업군인)",400~499만원,예    ,자녀 없음 ,아파트/ 주상복합,경기,의정부시,호원2동,애플,SKT,레저/자동차,자전거/용품,자전거,알톤어린이용 경량 알루미늄 접이식 자전거 라바폴딩18인치,http://www.11st.co.kr/product/SellerProductDetail.tmall?method=getSellerProductDetail&prdNo=1096512754
D***,201911**,M,3,"사무직 (일반사무직, 공무원, 직업군인)",200~299만원,      ,          ,아파트/ 주상복합,경기,수원시 영통구,하동,삼성,SKT,레저/자동차,자전거/용품,자전거액세서리,블랙울프KR-C8 L2 밝은 자전거라이트 전조등 손전등,http://www.11st.co.kr/product/SellerProductDetail.tmall?method=getSellerProductDetail&prdNo=1091472722
D***,201911**,M,3,"사무직 (일반사무직, 공무원, 직업군인)",200~299만원,      ,          ,아파트/ 주상복합,광주,서구,풍암동,삼성,SKT,레저/자동차,자전거/용품,자전거타이어/부품,자전거수리키트+펌프 자전거공구세트 펑크패치,http://www.11st.co.kr/product/SellerProductDetail.tmall?method=getSellerProductDetail&prdNo=1103998698
D***,201911**,F,3,"주부 (전업주부, 파트타임 근무 주부)",500~599만원,예    ,자녀 있음 ,연립주택/ 다세대/ 빌라,부산,북구,덕천동,삼성,SKT,자전거/보드,일반자전거,외발/삼륜/2인용,[지오닉스]자이덴 나누미 20(50cm) 6단 성인용 세발자전거,http://item.gmarket.co.kr/Item?goodscode=1111789839
D***,201911**,M,3,"사무직 (일반사무직, 공무원, 직업군인)",200~299만원,      ,          ,아파트/ 주상복합,광주,서구,화정3동,삼성,SKT,캠핑/골프/헬스/자전거,자전거의류/용품,신발,뉴발란스585 USA 스니커즈 운동화 (M585GR),http://www.hnsmall.com/display/goods.do?goods_code=12928736
D***3,201911**,F,5,"사무직 (일반사무직, 공무원, 직업군인)",200~299만원,      ,          ,아파트/ 주상복합,서울,성동구,행당1동,삼성,SKT,레저/자동차,자전거/용품,헬멧/보호장비,에어워크보호대 성인용/아동용 헬멧/가방 용품 S16,http://www.11st.co.kr/product/SellerProductDetail.tmall?method=getSellerProductDetail&prdNo=12617089
D***2,201911**,M,5,"사무직 (일반사무직, 공무원, 직업군인)",200~299만원,      ,          ,아파트/ 주상복합,경남,창원시 진해구,경화동,삼성,SKT,레저/자동차,자전거/용품,자전거의류/잡화,[8601416-SJ]예식장갑/민자/백색/(100EA)/코팅장갑/장갑/안전장갑,http://www.11st.co.kr/product/SellerProductDetail.tmall?method=getSellerProductDetail&prdNo=1063242610
D***0,201911**,M,3,"사무직 (일반사무직, 공무원, 직업군인)",200~299만원,      ,          ,아파트/ 주상복합,서울,양천구,신월2동,삼성,SKT,자전거/보드,자전거타이어/부품,자전거튜브,[흥아]흥아 700C x 23/25C 프레스타 40mm 자전거튜브 로드,http://item.gmarket.co.kr/Item?goodscode=1287219517
D***2,201911**,F,4,"사무직 (일반사무직, 공무원, 직업군인)",400~499만원,예    ,자녀 있음 ,아파트/ 주상복합,경남,김해시,외동,삼성,SKT,자전거,자전거신발/고글/헬멧,헬멧,[HJC]X5(EVO)블랙스카이 / 자전거 헬멧 / 240g대 초,http://www.11st.co.kr/product/SellerProductDetail.tmall?method=getSellerProductDetail&prdNo=1040086015
D***6,201911**,F,4,"서비스직 (요식업, 숙박업, 미용실종업원)",200~299만원,예    ,자녀 있음 ,아파트/ 주상복합,서울,금천구,독산2동,삼성,SKT,자전거/보드,자전거장갑/잡화,자전거장갑,[프로스펙스]스마트 방한장갑 등산장갑 자전거장갑 겨울장갑 축구,http://item.gmarket.co.kr/Item?goodscode=1150372758
D***9,201911**,F,4,"교직 (교사, 유치원교사, 학원강사)",400~499만원,예    ,자녀 있음 ,아파트/ 주상복합,인천,연수구,동춘동,삼성,SKT,자전거,자전거부품,페달,"토클립세트 (1쌍. 가죽밴드, 볼트 포함) Toe Clip Set 대만생산품. 픽시 클래식 로드 등 자전거 부품 용품",http://www.11st.co.kr/product/SellerProductDetail.tmall?method=getSellerProductDetail&prdNo=1114857336
D***9,201911**,M,4,무직,200~299만원,아니오,          ,아파트/ 주상복합,서울,마포구,성산2동,LG,LG U+,자전거,자전거,MTB,프로메이드풀서스펜션 24인치 MTB자전거 아스톤힐DS,http://www.11st.co.kr/product/SellerProductDetail.tmall?method=getSellerProductDetail&prdNo=1190027550
D***2,201911**,M,3,"자영업 (도소매업, 숙박업, 미용업)",100~199만원,아니오,          ,아파트/ 주상복합,경기,화성시,병점동,삼성,KT,캠핑/골프/헬스/자전거,자전거의류/용품,기타용품,발목밴드,http://www.hnsmall.com/display/goods.do?goods_code=11522932
D***7,201911**,F,4,"주부 (전업주부, 파트타임 근무 주부)",400~499만원,예    ,자녀 있음 ,아파트/ 주상복합,경기,안산시 단원구,고잔동,삼성,SKT,자전거,튜닝용품,물통받침대,대만아이베라 경량 물통케이지 물병 더블 안장마운트,http://www.11st.co.kr/product/SellerProductDetail.tmall?method=getSellerProductDetail&prdNo=1084359208
D***1,201911**,M,5,"사무직 (일반사무직, 공무원, 직업군인)",200~299만원,      ,          ,아파트/ 주상복합,인천,남동구,만수6동,삼성,SKT,자전거,자전거신발/고글/헬멧,헬멧,코아브어반st 자전거 헬멧 성인용 용품 보드 인라인,http://www.11st.co.kr/product/SellerProductDetail.tmall?method=getSellerProductDetail&prdNo=1219634494
D***8,201911**,F,3,무직,100만원 미만,아니오,          ,단독주택,충남,당진군,당진읍,LG,SKT,자전거,자전거신발/고글/헬멧,보호대,2+2이벤트/네파정품/탑쿨/슬레진저 쿨토시 팔토시,http://www.11st.co.kr/product/SellerProductDetail.tmall?method=getSellerProductDetail&prdNo=1282680743
D***5,201911**,M,4,"사무직 (일반사무직, 공무원, 직업군인)",200~299만원,      ,          ,아파트/ 주상복합,대구,서구,비산2.3동,삼성,SKT,자전거,자전거관리용품,펑크패치,무료배송휴대용 펑크패치/타이어 튜브 레버 정비 수리 공구세트/자전거용품.부품,http://www.11st.co.kr/product/SellerProductDetail.tmall?method=getSellerProductDetail&prdNo=1028212762
D***8,201911**,M,3,"판매직 (상점점원, 보험설계사, 노점상)",200~299만원,아니오,          ,연립주택/ 다세대/ 빌라,부산,사하구,하단2동,LG,KT,자전거,튜닝용품,후미등,문라이트크레센트/코멧/쉴드/디펜더/메테오/ 자전거라이트 자전거후미등,http://www.11st.co.kr/product/SellerProductDetail.tmall?method=getSellerProductDetail&prdNo=1086040122
D***,201911**,M,5,"사무직 (일반사무직, 공무원, 직업군인)",200~299만원,      ,          ,아파트/ 주상복합,경기,용인시 기흥구,동백동,삼성,SKT,자전거/보드,자전거신발/페달,자전거페달,자전거보조발판(소/중)자전거발받침/발판 알루미늄,http://item.gmarket.co.kr/Item?goodscode=1155657749
D***,201911**,M,5,"사무직 (일반사무직, 공무원, 직업군인)",200~299만원,      ,          ,아파트/ 주상복합,서울,은평구,녹번동,삼성,SKT,레저/자동차,자전거/용품,자전거액세서리,로드MTB 충전식 자전거라이트 용품 18650 배터리,http://www.11st.co.kr/product/SellerProductDetail.tmall?method=getSellerProductDetail&prdNo=1004933124
D***,201911**,F,2,무직,300~399만원,아니오,          ,연립주택/ 다세대/ 빌라,대전,대덕구,비래동,삼성,LG U+,자전거,자전거신발/고글/헬멧,헬멧,아동용자전거헬멧아동보호대 킥보드 인라인헬멧,http://www.11st.co.kr/product/SellerProductDetail.tmall?method=getSellerProductDetail&prdNo=1051520039
D***3,201911**,M,4,"자영업 (도소매업, 숙박업, 미용업)",200~299만원,예    ,자녀 있음 ,연립주택/ 다세대/ 빌라,서울,용산구,동빙고동,삼성,KT,자전거,튜닝용품,거치대,(추천)말대가리 스마트 거치대/ 휴대폰거치대 스마트폰거치대 거치대 차량용폰거치대 핸폰거치대 헨드폰거,http://www.11st.co.kr/product/SellerProductDetail.tmall?method=getSellerProductDetail&prdNo=1222876667
D***0,201911**,F,2,"사무직 (일반사무직, 공무원, 직업군인)",200~299만원,      ,          ,아파트/ 주상복합,충남,아산시,배방읍,삼성,SKT,자전거,튜닝용품,잠금장치,호비대만정품 LJ9080 4관절락 자전거자물쇠 사관절,http://www.11st.co.kr/product/SellerProductDetail.tmall?method=getSellerProductDetail&prdNo=11383586
D***8,201911**,F,3,"사무직 (일반사무직, 공무원, 직업군인)",200~299만원,      ,          ,아파트/ 주상복합,경기,화성시,동탄면,삼성,SKT,자전거/보드,자전거타이어/부품,자전거튜브,[흥아]흥아 700C x 23/25C 프레스타 40mm 자전거튜브 로드,http://item.gmarket.co.kr/Item?goodscode=1287219517
D***3,201911**,M,2,"사무직 (일반사무직, 공무원, 직업군인)",200~299만원,      ,          ,아파트/ 주상복합,서울,노원구,상계2동,삼성,SKT,자전거,자전거신발/고글/헬멧,장갑,윈드스토퍼스마트터치 겨울 방한장갑 네오프렌 방풍,http://www.11st.co.kr/product/SellerProductDetail.tmall?method=getSellerProductDetail&prdNo=1050935353
D***5,201911**,M,2,"사무직 (일반사무직, 공무원, 직업군인)",200~299만원,      ,          ,아파트/ 주상복합,서울,강남구,삼성동,삼성,SKT,자전거,자전거부품,튜브,[FNS]즈와유무시고무 없는 던롭밸브 세트/던롭튜브,http://www.11st.co.kr/product/SellerProductDetail.tmall?method=getSellerProductDetail&prdNo=1217450472
D***1,201911**,M,5,"생산/노무직 (생산감독, 경비원, 공장근로자)",100만원 미만,아니오,          ,연립주택/ 다세대/ 빌라,서울,용산구,갈월동,삼성,알뜰폰(MVNO),자전거,자전거부품,안장,풀카본안장자전거안장 초경량 카본안장,http://www.11st.co.kr/product/SellerProductDetail.tmall?method=getSellerProductDetail&prdNo=1240983940
D***6,201911**,F,4,"서비스직 (요식업, 숙박업, 미용실종업원)",200~299만원,예    ,자녀 있음 ,아파트/ 주상복합,서울,금천구,독산2동,삼성,SKT,레저/자동차,자전거/용품,자전거,도미니크24인치하이브리드자전거초등학생~중학생까지,http://www.11st.co.kr/product/SellerProductDetail.tmall?method=getSellerProductDetail&prdNo=1090901926
D***5,201911**,M,2,"학생 (초중고학생, 대학생, 대학원생)",200~299만원,아니오,          ,아파트/ 주상복합,경기,의정부시,용현동,삼성,LG U+,자전거/보드,자전거타이어/부품,자전거타이어,자전거휠라이트 반사 스트로우 바퀴 야간 안전 야광,http://item.gmarket.co.kr/Item?goodscode=1184423428
D***1,201911**,M,4,"사무직 (일반사무직, 공무원, 직업군인)",200~299만원,      ,          ,아파트/ 주상복합,제주,제주시,삼도1동,삼성,SKT,자전거,자전거부품,브레이크패드,시마노디스크 브레이크 Resin 패드 B01S/BR-T615/C501/M575/M525/M486/M485/M475/M465 레진패드/래진패드,http://www.11st.co.kr/product/SellerProductDetail.tmall?method=getSellerProductDetail&prdNo=1060069949
D***8,201911**,M,3,"사무직 (일반사무직, 공무원, 직업군인)",300~399만원,예    ,자녀 있음 ,아파트/ 주상복합,경기,화성시,반송동,삼성,SKT,레저/자동차,자전거/용품,자전거,알톤베네통키드자전거/아동/알루미늄/고급어린이네발,http://www.11st.co.kr/product/SellerProductDetail.tmall?method=getSellerProductDetail&prdNo=1160671411
D***,201911**,M,5,"사무직 (일반사무직, 공무원, 직업군인)",600~699만원,예    ,자녀 있음 ,연립주택/ 다세대/ 빌라,경기,구리시,토평동,삼성,SKT,자전거,자전거신발/고글/헬멧,헬멧,[HJC]X5(EVO)블랙스카이 / 자전거 헬멧 / 240g대 초,http://www.11st.co.kr/product/SellerProductDetail.tmall?method=getSellerProductDetail&prdNo=1040086015
D***,201911**,M,5,"사무직 (일반사무직, 공무원, 직업군인)",200~299만원,      ,          ,아파트/ 주상복합,경기,수원시 장안구,송죽동,삼성,SKT,자전거,튜닝용품,전시스탠드,[학성스포츠]아동용16/18/20인치 자전거스탠드/보조바퀴떼어내고 두발자전거전환시사용,http://www.11st.co.kr/product/SellerProductDetail.tmall?method=getSellerProductDetail&prdNo=1226615595
D***,201911**,M,2,"사무직 (일반사무직, 공무원, 직업군인)",200~299만원,      ,          ,아파트/ 주상복합,경북,구미시,원평2동,삼성,SKT,레저/자동차,자전거/용품,자전거액세서리,정품미국 CREE사 LED Q5 줌 라이트/자전거/전조등/후레쉬/랜턴/손전등/거치대/건전지/안전등/용품/야간등,http://www.11st.co.kr/product/SellerProductDetail.tmall?method=getSellerProductDetail&prdNo=1200933401
D***7,201911**,M,4,"사무직 (일반사무직, 공무원, 직업군인)",300~399만원,예    ,자녀 있음 ,아파트/ 주상복합,충북,충주시,교현동,LG,알뜰폰(MVNO),레저/자동차,자전거/용품,자전거의류/잡화,1대1사은품증정 나루마스크 X1 X5 자외선차단마스크,http://www.11st.co.kr/product/SellerProductDetail.tmall?method=getSellerProductDetail&prdNo=11127502
D***4,201911**,F,3,"주부 (전업주부, 파트타임 근무 주부)",200~299만원,예    ,자녀 없음 ,아파트/ 주상복합,경기,의정부시,호원동,삼성,KT,자전거,자전거부품,튜브,자전거고급 타이어 튜브/던롭 프레스타 슈레더 튜브/슈발베 켄다 CST튜브/자전거용품 부품,http://www.11st.co.kr/product/SellerProductDetail.tmall?method=getSellerProductDetail&prdNo=1096604696
D***6,201911**,M,3,"사무직 (일반사무직, 공무원, 직업군인)",200~299만원,예    ,자녀 있음 ,아파트/ 주상복합,강원,원주시,단구동,삼성,SKT,레저/자동차,자전거/용품,자전거의류/잡화,극세사기모 방한 넥워머 바라클라바 겨울 목토시 자전거 방한마스크 멀티스카프 털모자,http://www.11st.co.kr/product/SellerProductDetail.tmall?method=getSellerProductDetail&prdNo=1171528780
D***1,201911**,M,3,"기능직 (자동차정비, 운전기사, 안경사, 택시기사)",100~199만원,아니오,          ,단독주택,강원,영월군,영월읍,삼성,SKT,자전거,자전거신발/고글/헬멧,보호대,(가온들)나스카/쿨토시/기능성팔토시/스포츠골프토시,http://www.11st.co.kr/product/SellerProductDetail.tmall?method=getSellerProductDetail&prdNo=11387459
D***1,201911**,M,3,"사무직 (일반사무직, 공무원, 직업군인)",600~699만원,예    ,자녀 있음 ,아파트/ 주상복합,강원,인제군,기린면,애플,SKT,레저/자동차,자전거/용품,자전거의류/잡화,"하이맥스매쉬 긴장갑 -  봄,여름,가을 장갑",http://www.11st.co.kr/product/SellerProductDetail.tmall?method=getSellerProductDetail&prdNo=1210492663
D***,201911**,M,4,"사무직 (일반사무직, 공무원, 직업군인)",200~299만원,      ,          ,아파트/ 주상복합,경기,부천시 소사구,송내2동,삼성,SKT,자전거/보드,자전거장갑/잡화,자전거장갑,아쿠아메이드자전거 반장갑 바이크 헬스 등산 장갑,http://item.gmarket.co.kr/Item?goodscode=1118054793
D***,201911**,M,4,"사무직 (일반사무직, 공무원, 직업군인)",200~299만원,      ,          ,아파트/ 주상복합,서울,강남구,수서동,삼성,SKT,레저/자동차,자전거/용품,자전거액세서리,(자전거용품.부품모음)자물쇠라이트펌프바구니짐받이안장가방헬멧보호대후미등페달보조바퀴벨전조등거치대,http://www.11st.co.kr/product/SellerProductDetail.tmall?method=getSellerProductDetail&prdNo=1258567584
D***,201911**,F,2,"사무직 (일반사무직, 공무원, 직업군인)",200~299만원,      ,          ,아파트/ 주상복합,대구,남구,대명1동,삼성,SKT,레저/자동차,자전거/용품,자전거액세서리,정품미국 CREE사 LED Q5 줌 라이트/자전거/전조등/후레쉬/랜턴/손전등/거치대/건전지/안전등/용품/야간등,http://www.11st.co.kr/product/SellerProductDetail.tmall?method=getSellerProductDetail&prdNo=1200933401
D***,201911**,M,4,"사무직 (일반사무직, 공무원, 직업군인)",200~299만원,      ,          ,아파트/ 주상복합,서울,성동구,응봉동,삼성,SKT,레저/자동차,자전거/용품,자전거,[스마트자전거]반티아고G21 하이브리드자전거 21단 클래식 2018년,http://www.lotteimall.com/goods/viewGoodsDetail.lotte?goods_no=1203110269
D***8,201911**,M,4,"기능직 (자동차정비, 운전기사, 안경사, 택시기사)",900~999만원,예    ,자녀 있음 ,아파트/ 주상복합,광주,남구,백운동,삼성,LG U+,자전거,튜닝용품,후미등,자전거후미등/후미등/실리콘/LED후미등/안전등,http://www.11st.co.kr/product/SellerProductDetail.tmall?method=getSellerProductDetail&prdNo=1067038322
D***3,201911**,M,2,"학생 (초중고학생, 대학생, 대학원생)",200~299만원,아니오,          ,단독주택,전북,전주시 완산구,풍남동1가,애플,KT,자전거/보드,자전거헬멧,기타브랜드 헬멧,[삼천리자전거]미니마우스 헬멧보호대 세트 어린이 자전거 킥보드/ 삼천리자전거,http://item.gmarket.co.kr/Item?goodscode=1112014699
D***3,201911**,F,3,"사무직 (일반사무직, 공무원, 직업군인)",200~299만원,      ,          ,아파트/ 주상복합,경기,수원시 영통구,영통1동,삼성,SKT,자전거,자전거,MTB,알톤쉐보레 CMJR 초등학생 MTB 자전거/24인치/22인치/샌드스톤24,http://www.11st.co.kr/product/SellerProductDetail.tmall?method=getSellerProductDetail&prdNo=1288847294
D***1,201911**,F,4,"주부 (전업주부, 파트타임 근무 주부)",200~299만원,예    ,자녀 있음 ,아파트/ 주상복합,경기,남양주시,진접읍,애플,LG U+,자전거,튜닝용품,잠금장치,호비대만정품 LJ9080 4관절락 자전거자물쇠 사관절,http://www.11st.co.kr/product/SellerProductDetail.tmall?method=getSellerProductDetail&prdNo=11383586
D***3,201911**,M,2,"서비스직 (요식업, 숙박업, 미용실종업원)",200~299만원,아니오,          ,연립주택/ 다세대/ 빌라,경기,이천시,중리동,애플,SKT,자전거,자전거신발/고글/헬멧,보호대,나스카썬블럭 쿨토시/네이비/팔토시/자외선차단/스포츠/골프/등산/자전거/테니스/암슬리브/운전,http://www.11st.co.kr/product/SellerProductDetail.tmall?method=getSellerProductDetail&prdNo=1274967893
D***7,201911**,M,2,무직,800~899만원,아니오,          ,아파트/ 주상복합,대전,유성구,죽동,삼성,KT,자전거,자전거관리용품,펑크패치,구멍패치/번개표/자전거보수/타이어보수/빵꾸딱지/빵구패치/자전거정비/땜질/공구장터,http://www.11st.co.kr/product/SellerProductDetail.tmall?method=getSellerProductDetail&prdNo=1046577201
D***,201911**,M,3,"사무직 (일반사무직, 공무원, 직업군인)",800~899만원,아니오,          ,연립주택/ 다세대/ 빌라,서울,영등포구,대림동,애플,SKT,레저/자동차,자전거/용품,자전거의류/잡화,1대1사은품증정 나루마스크 X1 X5 자외선차단마스크,http://www.11st.co.kr/product/SellerProductDetail.tmall?method=getSellerProductDetail&prdNo=11127502
D***,201911**,M,4,"사무직 (일반사무직, 공무원, 직업군인)",200~299만원,      ,          ,아파트/ 주상복합,인천,남동구,간석2동,삼성,SKT,레저/자동차,자전거/용품,자전거액세서리,"자전거커버,바이크린,자전거,자전거용품,싸이클",http://www.11st.co.kr/product/SellerProductDetail.tmall?method=getSellerProductDetail&prdNo=1170093481
D***,201911**,M,4,"사무직 (일반사무직, 공무원, 직업군인)",200~299만원,      ,          ,아파트/ 주상복합,서울,송파구,문정1동,삼성,SKT,레저/자동차,자전거/용품,자전거의류/잡화,사은품증정나루 마스크 자전거 자외선차단 등산 골프 바라클라바 버프 겨울 방한 넥워머 복면  오토바이,http://www.11st.co.kr/product/SellerProductDetail.tmall?method=getSellerProductDetail&prdNo=1070268365
D***,201911**,M,2,"학생 (초중고학생, 대학생, 대학원생)",500~599만원,아니오,          ,연립주택/ 다세대/ 빌라,경기,양주시,백석읍,삼성,SKT,자전거,튜닝용품,전시스탠드,포인트배너실외용거치대 양면겸용 홍보 이벤트,http://www.11st.co.kr/product/SellerProductDetail.tmall?method=getSellerProductDetail&prdNo=1236804619
D***0,201911**,M,2,"학생 (초중고학생, 대학생, 대학원생)",200~299만원,아니오,          ,단독주택,제주,제주시,애월읍,삼성,SKT,자전거,자전거부품,안장,대만New 카본 시트포스트 (27.2/31.6mm) 풀카본 자전거 안장봉/초경량 싯포스트 (세미카),http://www.11st.co.kr/product/SellerProductDetail.tmall?method=getSellerProductDetail&prdNo=1015126992
D***3,201911**,F,2,"사무직 (일반사무직, 공무원, 직업군인)","1,000만원 이상",아니오,          ,아파트/ 주상복합,서울,송파구,잠실동,삼성,SKT,레저/자동차,자전거/용품,헬멧/보호장비,GIFT삼천리 헬멧 SH330S 선바이저 자전거용품 인라인,http://www.11st.co.kr/product/SellerProductDetail.tmall?method=getSellerProductDetail&prdNo=115415058
D***,201911**,F,4,"사무직 (일반사무직, 공무원, 직업군인)",200~299만원,      ,          ,아파트/ 주상복합,경기,고양시 덕양구,성사2동,삼성,SKT,레저/자동차,자전거/용품,자전거,미키키즈로드스터 미니 18유니키즈FA 어린이자전거,http://www.11st.co.kr/product/SellerProductDetail.tmall?method=getSellerProductDetail&prdNo=1067685984
D***,201911**,M,3,"사무직 (일반사무직, 공무원, 직업군인)",200~299만원,      ,          ,아파트/ 주상복합,서울,강남구,역삼1동,삼성,SKT,레저/자동차,자전거/용품,자전거액세서리,[고바이크]자전거짐받이특대바구니/플록스천바구니/짐바구니/고정식바구니/장착용바구니/자전거악세사리,http://www.11st.co.kr/product/SellerProductDetail.tmall?method=getSellerProductDetail&prdNo=1273581622
D***,201911**,M,5,"주부 (전업주부, 파트타임 근무 주부)",300~399만원,예    ,자녀 있음 ,아파트/ 주상복합,경기,수원시 장안구,율전동,LG,SKT,레저/자동차,자전거/용품,자전거,[21세기스쿠터]질주본능!21세기스쿠터/미드미 外 봄바람 일으키는 모빌리티 컬렉션,http://www.lotteimall.com/goods/viewGoodsDetail.lotte?goods_no=1154385444
D***,201911**,M,4,"사무직 (일반사무직, 공무원, 직업군인)",200~299만원,      ,          ,아파트/ 주상복합,서울,강동구,성내동,삼성,SKT,자전거,자전거부품,브레이크레버,브레이크레버/아동용/성인용/알로이브레이크레버/자전거부품/자전거브레이크레버,http://www.11st.co.kr/product/SellerProductDetail.tmall?method=getSellerProductDetail&prdNo=1280791866
D***,201911**,M,5,"사무직 (일반사무직, 공무원, 직업군인)",200~299만원,      ,          ,아파트/ 주상복합,서울,강남구,개포1동,삼성,SKT,자전거,자전거신발/고글/헬멧,헬멧,스텔리오스고글헬멧 에어로 자전거헬멧 로드헬멧,http://www.11st.co.kr/product/SellerProductDetail.tmall?method=getSellerProductDetail&prdNo=1007190015
D***,201911**,M,3,"전문직 (의사, 판검사, 예술가, 종교인)",100만원 미만,아니오,          ,아파트/ 주상복합,서울,금천구,독산동,기타,LG U+,자전거,자전거,로드자전거,2019첼로 테라 신형105 카본포크 로드자전거,http://www.11st.co.kr/product/SellerProductDetail.tmall?method=getSellerProductDetail&prdNo=1074638903
D***,201911**,M,5,"사무직 (일반사무직, 공무원, 직업군인)",200~299만원,      ,          ,아파트/ 주상복합,서울,구로구,개봉1동,삼성,SKT,캠핑/골프/헬스/자전거,자전거,전기자전거,전동킥보드마이봇 ERT-8/ 38V/ 18.4Ah / 삼성배터리/ 레져스포츠,http://www.hnsmall.com/display/goods.do?goods_code=12231883
D***4,201911**,M,2,"사무직 (일반사무직, 공무원, 직업군인)",200~299만원,      ,          ,아파트/ 주상복합,경기,수원시 영통구,망포동,삼성,SKT,레저/자동차,자전거/용품,자전거의류/잡화,[PUMA]푸마 여성 기모 티셔츠 3종세트 NFYKFG01,http://www.hnsmall.com/display/goods.do?goods_code=12835184
D***3,201911**,M,4,"관리직 (사장, 간부, 고위공무원)",400~499만원,예    ,자녀 있음 ,아파트/ 주상복합,경기,고양시 덕양구,동산동,LG,SKT,자전거/보드,자전거라이트,자전거라이트/전조등,몬스터라이트LG화학 18650 배터리 3050mAh,http://item.gmarket.co.kr/Item?goodscode=1280497915
D***6,201911**,F,3,"사무직 (일반사무직, 공무원, 직업군인)",400~499만원,예    ,자녀 없음 ,연립주택/ 다세대/ 빌라,경기,고양시 일산동구,정발산동,애플,SKT,자전거,자전거관리용품,에어펌프(발펌프),국산삼흥 발펌프 공기주입기 손펌프 에어펌프 자전거,http://www.11st.co.kr/product/SellerProductDetail.tmall?method=getSellerProductDetail&prdNo=1105695651
D***4,201911**,M,5,"전문직 (의사, 판검사, 예술가, 종교인)",500~599만원,예    ,자녀 있음 ,아파트/ 주상복합,부산,기장군,정관면,삼성,SKT,자전거,튜닝용품,흙받이,자전거흙받이(한세트)삼천리자전거 레스포정품/흙튀김방지 물받이/선택,http://www.11st.co.kr/product/SellerProductDetail.tmall?method=getSellerProductDetail&prdNo=12932278
D***0,201911**,M,2,무직,600~699만원,아니오,          ,아파트/ 주상복합,서울,강남구,개포1동,LG,LG U+,자전거/보드,일반자전거,픽시자전거,벤데타벨루가 700C 알로이 에어로 프레임 픽시자전거,http://item.gmarket.co.kr/Item?goodscode=1219375759
D***,201911**,F,5,"사무직 (일반사무직, 공무원, 직업군인)",200~299만원,      ,          ,아파트/ 주상복합,경기,고양시 일산서구,일산동,삼성,SKT,레저/자동차,자전거/용품,자전거액세서리,[VELO]VL3147전립선안장 - MTB 로드 싸이클 자전거 전립선 벨로 쿠션안장,http://www.11st.co.kr/product/SellerProductDetail.tmall?method=getSellerProductDetail&prdNo=1099006895
D***,201911**,M,4,"자영업 (도소매업, 숙박업, 미용업)",600~699만원,예    ,자녀 있음 ,연립주택/ 다세대/ 빌라,서울,성북구,삼선동2가,LG,SKT,자전거,튜닝용품,트레이너(로라),엘리트노보 맥 포스/자전거용품/자전거롤러,http://www.11st.co.kr/product/SellerProductDetail.tmall?method=getSellerProductDetail&prdNo=1271754585
D***,201911**,M,4,"사무직 (일반사무직, 공무원, 직업군인)",200~299만원,      ,          ,아파트/ 주상복합,서울,강서구,등촌3동,삼성,SKT,레저/자동차,자전거/용품,자전거,베리벨로보스톤GS 22 18년형 22인치 MTB자전거,http://www.11st.co.kr/product/SellerProductDetail.tmall?method=getSellerProductDetail&prdNo=1264898395
D***,201911**,F,2,"사무직 (일반사무직, 공무원, 직업군인)",200~299만원,      ,          ,아파트/ 주상복합,서울,은평구,불광1동,삼성,SKT,레저/자동차,자전거/용품,자전거의류/잡화,[PUMA]푸마 여성 더블 스트레치 기모 본딩 팬츠 3종세트 GFYYFG22,http://www.hnsmall.com/display/goods.do?goods_code=12835199
D***,201911**,M,2,"사무직 (일반사무직, 공무원, 직업군인)",200~299만원,      ,          ,아파트/ 주상복합,부산,남구,대연3동,삼성,SKT,레저/자동차,자전거/용품,자전거,자전거공구셋트/5가지기능 스페너13mm 15mm 육각렌지4mm5mm6mm 부품 용품,http://www.11st.co.kr/product/SellerProductDetail.tmall?method=getSellerProductDetail&prdNo=1268973574
D***9,201911**,F,2,"사무직 (일반사무직, 공무원, 직업군인)",600~699만원,아니오,          ,연립주택/ 다세대/ 빌라,경기,성남시 중원구,상대원3동,삼성,SKT,레저/자동차,자전거/용품,자전거,[21세기스쿠터]질주본능!21세기스쿠터/미드미 外 봄바람 일으키는 모빌리티 컬렉션,http://www.lotteimall.com/goods/viewGoodsDetail.lotte?goods_no=1154385444
D***2,201911**,M,4,"전문직 (의사, 판검사, 예술가, 종교인)",300~399만원,예    ,자녀 있음 ,아파트/ 주상복합,경기,수원시 영통구,영통동,삼성,LG U+,자전거,자전거부품,핸들그립,Giant그립/Connect 커넥트 에르고 맥스 락온 (2색상),http://www.11st.co.kr/product/SellerProductDetail.tmall?method=getSellerProductDetail&prdNo=1137382869
D***0,201911**,F,4,"교직 (교사, 유치원교사, 학원강사)",400~499만원,예    ,자녀 있음 ,아파트/ 주상복합,경기,남양주시,와부읍,삼성,KT,레저/자동차,자전거/용품,자전거,알톤베네통BKS18/16 어린이자전거 삼천리 아동자전거,http://www.11st.co.kr/product/SellerProductDetail.tmall?method=getSellerProductDetail&prdNo=1215156477
D***5,201911**,F,4,"주부 (전업주부, 파트타임 근무 주부)",100~199만원,예    ,자녀 있음 ,연립주택/ 다세대/ 빌라,경기,부천시 오정구,고강본동,삼성,SKT,레저/자동차,자전거/용품,자전거,알톤베네통키드자전거/아동/알루미늄/고급어린이네발,http://www.11st.co.kr/product/SellerProductDetail.tmall?method=getSellerProductDetail&prdNo=1160671411
D***6,201911**,M,2,무직,300~399만원,아니오,          ,연립주택/ 다세대/ 빌라,경기,부천시 원미구,소사동,LG,LG U+,레저/자동차,자전거/용품,자전거액세서리,[고바이크]자전거짐받이특대바구니/플록스천바구니/짐바구니/고정식바구니/장착용바구니/자전거악세사리,http://www.11st.co.kr/product/SellerProductDetail.tmall?method=getSellerProductDetail&prdNo=1273581622
D***9,201911**,F,3,"전문직 (의사, 판검사, 예술가, 종교인)",400~499만원,예    ,자녀 있음 ,아파트/ 주상복합,전남,화순군,화순읍,LG,LG U+,자전거,자전거관리용품,펑크패치,호비번개표 펑크패치 타이어수리 타이어레버 빵구,http://www.11st.co.kr/product/SellerProductDetail.tmall?method=getSellerProductDetail&prdNo=12271947
D***1,201911**,M,2,무직,200~299만원,아니오,          ,아파트/ 주상복합,울산,중구,남외동,삼성,SKT,레저/자동차,자전거/용품,자전거액세서리,SCHWALBE슈발베 타이어레버 3개한세트 타이어교체 / 튜블러 시멘트/리무버/이지핏 악세사리,http://www.11st.co.kr/product/SellerProductDetail.tmall?method=getSellerProductDetail&prdNo=1263501442
D***4,201911**,M,3,기타 ,300~399만원,예    ,자녀 없음 ,아파트/ 주상복합,인천,연수구,연수동,LG,SKT,레저/자동차,자전거/용품,자전거액세서리,[고바이크]자전거짐받이특대바구니/플록스천바구니/짐바구니/고정식바구니/장착용바구니/자전거악세사리,http://www.11st.co.kr/product/SellerProductDetail.tmall?method=getSellerProductDetail&prdNo=1273581622
D***,201911**,M,4,"사무직 (일반사무직, 공무원, 직업군인)",200~299만원,예    ,자녀 있음 ,아파트/ 주상복합,인천,부평구,산곡2동,애플,KT,자전거,자전거,MTB,GIFT2016 엘파마 판타시아 S7 S675 카본 MTB 자전거,http://www.11st.co.kr/product/SellerProductDetail.tmall?method=getSellerProductDetail&prdNo=1043875589
D***,201911**,M,4,"사무직 (일반사무직, 공무원, 직업군인)",200~299만원,      ,          ,아파트/ 주상복합,경기,용인시 기흥구,보라동,삼성,SKT,자전거,튜닝용품,거치대/보관대,노스바이크스마트폰 자전거거치대 핸드폰 휴대폰 가방,http://www.11st.co.kr/product/SellerProductDetail.tmall?method=getSellerProductDetail&prdNo=1016944642
D***0,201911**,F,2,"사무직 (일반사무직, 공무원, 직업군인)",200~299만원,      ,          ,아파트/ 주상복합,충남,아산시,배방읍,삼성,SKT,자전거,자전거부품,브레이크패드,[FNS]크락스오가닉 디스크브레이크 패드(벌크제품),http://www.11st.co.kr/product/SellerProductDetail.tmall?method=getSellerProductDetail&prdNo=1097542995
D***7,201911**,F,3,"사무직 (일반사무직, 공무원, 직업군인)",500~599만원,예    ,자녀 있음 ,아파트/ 주상복합,대전,유성구,지족동,애플,KT,자전거,자전거관리용품,에어펌프(발펌프),자전거펌프/미니펌프/공기주입기/자전거용품,http://www.11st.co.kr/product/SellerProductDetail.tmall?method=getSellerProductDetail&prdNo=12932277
D***4,201911**,F,5,"사무직 (일반사무직, 공무원, 직업군인)",200~299만원,      ,          ,아파트/ 주상복합,대구,중구,삼덕동3가,삼성,SKT,자전거,자전거,MTB,삼천리자전거팀60D MTB자전거 24단 알루미늄자전거,http://www.11st.co.kr/product/SellerProductDetail.tmall?method=getSellerProductDetail&prdNo=1230896068
D***8,201911**,M,3,"교직 (교사, 유치원교사, 학원강사)",400~499만원,예    ,자녀 있음 ,아파트/ 주상복합,충남,천안시 서북구,불당동,삼성,KT,레저/자동차,자전거/용품,자전거의류/잡화,쿨마스크멀티스카프 자외선차단마스크 자전거마스크,http://www.11st.co.kr/product/SellerProductDetail.tmall?method=getSellerProductDetail&prdNo=1042041108
D***2,201911**,M,4,"판매직 (상점점원, 보험설계사, 노점상)",200~299만원,아니오,          ,연립주택/ 다세대/ 빌라,서울,강남구,일원동,삼성,SKT,자전거,자전거신발/고글/헬멧,보호대,[성인보호대 세트] 에어워크 보호대 손목_무릎_팔꿈치,http://www.11st.co.kr/product/SellerProductDetail.tmall?method=getSellerProductDetail&prdNo=1112671449
D***,201911**,M,3,"사무직 (일반사무직, 공무원, 직업군인)",300~399만원,예    ,자녀 있음 ,아파트/ 주상복합,서울,강서구,염창동,삼성,SKT,레저/자동차,자전거/용품,자전거,사은품증정[삼천리자전거]아이비/어린이자전거/아동용,http://www.11st.co.kr/product/SellerProductDetail.tmall?method=getSellerProductDetail&prdNo=1079264363
D***,201911**,M,4,"사무직 (일반사무직, 공무원, 직업군인)",200~299만원,      ,          ,아파트/ 주상복합,경기,고양시 일산서구,주엽동,삼성,SKT,자전거/보드,자전거바구니/가방,크로스가방,엑스피크빅파우치 자전거 휴대폰파우치,http://item.gmarket.co.kr/Item?goodscode=1187012636
D***,201911**,M,2,"사무직 (일반사무직, 공무원, 직업군인)",200~299만원,      ,          ,아파트/ 주상복합,서울,동대문구,장안동,삼성,SKT,레저/자동차,자전거/용품,자전거,[삼천리자전거]하로GS20 7단 접이식자전거  어린이/여성 폴딩자전거,http://item.gmarket.co.kr/Item?goodscode=1201466217
D***,201911**,M,2,"사무직 (일반사무직, 공무원, 직업군인)",200~299만원,      ,          ,아파트/ 주상복합,대전,중구,문화1동,삼성,SKT,자전거/보드,일반자전거,외발/삼륜/2인용,[자이덴]지오닉스 나누미 에코 성인용 세발 트라이 삼륜자전거,http://item.gmarket.co.kr/Item?goodscode=1292909571
D***8,201911**,F,2,"주부 (전업주부, 파트타임 근무 주부)",300~399만원,예    ,자녀 없음 ,아파트/ 주상복합,경기,부천시 원미구,약대동,삼성,SKT,자전거,자전거신발/고글/헬멧,보호대,[AQUA-X/국산]발렌티노무봉제 쿨토시/아쿠아엑스,http://www.11st.co.kr/product/SellerProductDetail.tmall?method=getSellerProductDetail&prdNo=1261126293
D***1,201911**,M,4,"전문직 (의사, 판검사, 예술가, 종교인)",400~499만원,아니오,          ,단독주택,인천,부평구,부개2동,삼성,KT,자전거,자전거,로드자전거,2019첼로 테라 신형105 카본포크 로드자전거,http://www.11st.co.kr/product/SellerProductDetail.tmall?method=getSellerProductDetail&prdNo=1074638903
D***4,201911**,M,5,"사무직 (일반사무직, 공무원, 직업군인)",300~399만원,예    ,자녀 있음 ,아파트/ 주상복합,경기,부천시 원미구,상1동,LG,LG U+,자전거/보드,자전거액세서리,자전거스마트폰거치대,4방향완벽고정 자전거 스마트폰 거치대 (블랙),http://item.gmarket.co.kr/Item?goodscode=1235492029
D***1,201911**,M,3,"사무직 (일반사무직, 공무원, 직업군인)",200~299만원,      ,          ,아파트/ 주상복합,서울,금천구,독산동,삼성,SKT,레저/자동차,자전거/용품,자전거,[21세기스쿠터]질주본능!21세기스쿠터/미드미 外 봄바람 일으키는 모빌리티 컬렉션,http://www.lotteimall.com/goods/viewGoodsDetail.lotte?goods_no=1154385444
D***2,201911**,F,2,"사무직 (일반사무직, 공무원, 직업군인)",700~799만원,아니오,          ,아파트/ 주상복합,대전,유성구,죽동,애플,LG U+,자전거,자전거부품,브레이크패드,BARADINE바라딘 450 로드용 브레이크슈 브레이크 슈패드 고무패드 자전거용품 부품,http://www.11st.co.kr/product/SellerProductDetail.tmall?method=getSellerProductDetail&prdNo=1073663674
D***6,201911**,F,3,"교직 (교사, 유치원교사, 학원강사)",300~399만원,예    ,자녀 있음 ,연립주택/ 다세대/ 빌라,경기,평택시,비전2동,삼성,KT,레저/자동차,자전거/용품,자전거액세서리,블랙울프KR-C8 L2 밝은 자전거라이트 전조등 손전등,http://www.11st.co.kr/product/SellerProductDetail.tmall?method=getSellerProductDetail&prdNo=1091472722
D***2,201911**,M,4,"사무직 (일반사무직, 공무원, 직업군인)",200~299만원,      ,          ,아파트/ 주상복합,서울,관악구,봉천동,삼성,SKT,자전거,자전거,MTB,알톤쉐보레 CMJR 초등학생 MTB 자전거/24인치/22인치/샌드스톤24,http://www.11st.co.kr/product/SellerProductDetail.tmall?method=getSellerProductDetail&prdNo=1288847294
D***,201911**,M,4,"사무직 (일반사무직, 공무원, 직업군인)",200~299만원,      ,          ,아파트/ 주상복합,충남,연기군,조치원읍,삼성,SKT,자전거,튜닝용품,전시스탠드,[내가만든자전거](ICETOOLZ) 아이스툴즈 P633 벽면형 자전거 거치대/벽면고정볼트포함,http://www.11st.co.kr/product/SellerProductDetail.tmall?method=getSellerProductDetail&prdNo=1231501156
D***,201911**,M,3,"사무직 (일반사무직, 공무원, 직업군인)",200~299만원,      ,          ,아파트/ 주상복합,대전,서구,만년동,삼성,SKT,레저/자동차,자전거/용품,자전거의류/잡화,{지오무역}[쿨멀티스카프모음]쿨마스크/냉동스카프/,http://www.11st.co.kr/product/SellerProductDetail.tmall?method=getSellerProductDetail&prdNo=1280486843
D***,201911**,M,4,"사무직 (일반사무직, 공무원, 직업군인)",200~299만원,      ,          ,아파트/ 주상복합,충남,태안군,태안읍,삼성,SKT,자전거,튜닝용품,전시스탠드,KT05 자전거킥스탠드 자전거받침대 자전거용품,http://www.11st.co.kr/product/SellerProductDetail.tmall?method=getSellerProductDetail&prdNo=1058282299
D***,201911**,M,3,"사무직 (일반사무직, 공무원, 직업군인)",200~299만원,      ,          ,아파트/ 주상복합,경기,시흥시,장현동,삼성,SKT,레저/자동차,자전거/용품,자전거액세서리,AVVISO툴캡슐 자전거 거치대 공구함 케이스 툴부스,http://item.gmarket.co.kr/Item?goodscode=1129194351
D***,201911**,M,3,"사무직 (일반사무직, 공무원, 직업군인)",200~299만원,      ,          ,아파트/ 주상복합,서울,강서구,등촌3동,삼성,SKT,레저/자동차,자전거/용품,자전거액세서리,정품미국 CREE사 LED Q5 줌 라이트/자전거/전조등/후레쉬/랜턴/손전등/거치대/건전지/안전등/용품/야간등,http://www.11st.co.kr/product/SellerProductDetail.tmall?method=getSellerProductDetail&prdNo=1200933401
D***,201911**,F,3,"전문직 (의사, 판검사, 예술가, 종교인)","1,000만원 이상",아니오,          ,연립주택/ 다세대/ 빌라,서울,중구,중림동,삼성,KT,레저/자동차,자전거/용품,자전거액세서리,완전사2017년 신형 KSM400-3 SE 연납축전지 12V/,http://www.11st.co.kr/product/SellerProductDetail.tmall?method=getSellerProductDetail&prdNo=1150653630
D***,201911**,M,3,"전문직 (의사, 판검사, 예술가, 종교인)",600~699만원,아니오,          ,아파트/ 주상복합,경기,부천시 소사구,송내2동,삼성,SKT,레저/자동차,자전거/용품,헬멧/보호장비,자전거헬멧/자전거용품/큰/삼천리헬멧/성인/아동헬멧,http://www.11st.co.kr/product/SellerProductDetail.tmall?method=getSellerProductDetail&prdNo=1044088173
D***,201911**,M,4,"사무직 (일반사무직, 공무원, 직업군인)",200~299만원,      ,          ,아파트/ 주상복합,경기,용인시 기흥구,보라동,삼성,SKT,레저/자동차,자전거/용품,자전거,지오스빈티지벨로체/GiosVintage Veloce 로드자전거,http://item.gmarket.co.kr/Item?goodscode=1273357815
D***,201911**,F,2,"사무직 (일반사무직, 공무원, 직업군인)",200~299만원,      ,          ,아파트/ 주상복합,대구,남구,대명1동,삼성,SKT,자전거/보드,자전거신발/페달,자전거페달,자전거보조발판(소/중)자전거발받침/발판 알루미늄,http://item.gmarket.co.kr/Item?goodscode=1155657749
D***7,201911**,F,4,"주부 (전업주부, 파트타임 근무 주부)",300~399만원,예    ,자녀 있음 ,아파트/ 주상복합,울산,울주군,온양읍,LG,SKT,레저/자동차,자전거/용품,자전거의류/잡화,방한멀티스카프/멀티워머/넥워머/마스크/스키/자전거,http://item.gmarket.co.kr/Item?goodscode=1145899445
D***5,201911**,M,3,"사무직 (일반사무직, 공무원, 직업군인)",200~299만원,      ,          ,아파트/ 주상복합,서울,서대문구,북가좌2동,삼성,SKT,레저/자동차,자전거/용품,자전거의류/잡화,극세사기모 방한 넥워머 바라클라바 겨울 목토시 자전거 방한마스크 멀티스카프 털모자,http://www.11st.co.kr/product/SellerProductDetail.tmall?method=getSellerProductDetail&prdNo=1171528780
D***5,201911**,F,4,"주부 (전업주부, 파트타임 근무 주부)",400~499만원,예    ,자녀 있음 ,아파트/ 주상복합,충남,천안시 서북구,백석동,삼성,LG U+,레저/자동차,자전거/용품,헬멧/보호장비,"Giro헬멧/Quarter 쿼터, 어번/더트 (6색상)",http://www.11st.co.kr/product/SellerProductDetail.tmall?method=getSellerProductDetail&prdNo=1230444459
D***,201911**,F,4,"사무직 (일반사무직, 공무원, 직업군인)",200~299만원,      ,          ,아파트/ 주상복합,서울,구로구,고척1동,삼성,SKT,자전거,자전거부품,브레이크레버,브레이크레버/아동용/성인용/알로이브레이크레버/자전거부품/자전거브레이크레버,http://www.11st.co.kr/product/SellerProductDetail.tmall?method=getSellerProductDetail&prdNo=1280791866
D***,201911**,F,5,"사무직 (일반사무직, 공무원, 직업군인)",200~299만원,      ,          ,아파트/ 주상복합,서울,양천구,신월1동,삼성,SKT,자전거,자전거신발/고글/헬멧,보호대,나이키/팔토시/쿨토시/자외선차단/스포츠/레저/등산용,http://www.11st.co.kr/product/SellerProductDetail.tmall?method=getSellerProductDetail&prdNo=1221115615
D***,201911**,M,2,"학생 (초중고학생, 대학생, 대학원생)",800~899만원,아니오,          ,오피스텔,서울,도봉구,방학1동,삼성,알뜰폰(MVNO),자전거,자전거관리용품,에어펌프(발펌프),발펌프/튜브/휴대용/쌍발/자전거/공기주입기/에어펌프/타이어공기/축구공/농구공/바람넣기/외발/강력발펌프,http://www.11st.co.kr/product/SellerProductDetail.tmall?method=getSellerProductDetail&prdNo=1091662162
D***3,201911**,F,5,"사무직 (일반사무직, 공무원, 직업군인)",200~299만원,      ,          ,아파트/ 주상복합,경기,수원시 영통구,영통2동,삼성,SKT,자전거,자전거부품,체인,"SramX1 체인, PC-X1, 11단/11단용 자전거 체인",http://www.11st.co.kr/product/SellerProductDetail.tmall?method=getSellerProductDetail&prdNo=1261677729
D***8,201911**,F,2,"사무직 (일반사무직, 공무원, 직업군인)",200~299만원,      ,          ,아파트/ 주상복합,부산,금정구,장전1동,삼성,SKT,레저/자동차,자전거/용품,헬멧/보호장비,자전거어반헬멧 어린이헬멧 인라인 헬맷 킥보드헬멧,http://www.11st.co.kr/product/SellerProductDetail.tmall?method=getSellerProductDetail&prdNo=1253467301
D***3,201911**,M,4,"전문직 (의사, 판검사, 예술가, 종교인)",500~599만원,예    ,자녀 있음 ,아파트/ 주상복합,경기,고양시 덕양구,성사2동,삼성,SKT,자전거/보드,자전거라이트,자전거라이트/전조등,지바코76L 폴딩 립스탑 멀티 백 캠핑가방 수납가방,http://item.gmarket.co.kr/Item?goodscode=1111364071
D***7,201911**,M,2,"사무직 (일반사무직, 공무원, 직업군인)",200~299만원,      ,          ,아파트/ 주상복합,경북,포항시 북구,두호동,삼성,SKT,자전거,자전거부품,보조바퀴,SM-901성인용 보조바퀴(20~26인치용),http://www.11st.co.kr/product/SellerProductDetail.tmall?method=getSellerProductDetail&prdNo=1200999290
D***2,201911**,M,3,"전문직 (의사, 판검사, 예술가, 종교인)",200~299만원,아니오,          ,아파트/ 주상복합,대전,동구,용운동,애플,LG U+,캠핑/골프/헬스/자전거,자전거의류/용품,신발,뉴발란스운동화 774 NEWBALANCE 774 (M774BK3),http://www.hnsmall.com/display/goods.do?goods_code=11979566
D***7,201911**,M,2,"사무직 (일반사무직, 공무원, 직업군인)",200~299만원,아니오,          ,오피스텔,경남,창원시 성산구,반지동,애플,알뜰폰(MVNO),레저/자동차,자전거/용품,자전거의류/잡화,"휘너스/땀냄새,물빠짐없는선수용 기능성 스포츠 스판웨어 하의모음/속건+항균/언더레이어 챌린저5부",http://www.11st.co.kr/product/SellerProductDetail.tmall?method=getSellerProductDetail&prdNo=1280155662
D***2,201911**,M,2,"사무직 (일반사무직, 공무원, 직업군인)",200~299만원,      ,          ,아파트/ 주상복합,충북,청주시 상당구,율량동,삼성,SKT,레저/자동차,자전거/용품,헬멧/보호장비,가성비좋은 헬멧/빅이글 자전거헬멧/보호대/인라인/자전거용품,http://www.11st.co.kr/product/SellerProductDetail.tmall?method=getSellerProductDetail&prdNo=1187889237
D***9,201911**,M,3,"생산/노무직 (생산감독, 경비원, 공장근로자)",100~199만원,예    ,자녀 있음 ,아파트/ 주상복합,전남,영암군,삼호읍,삼성,KT,유아동,유아동완구/교구,승용완구,[삼천리자전거]GIFT 2018 삼천리 샘트라이크 800+ 유모차 세발자전거,http://item.gmarket.co.kr/Item?goodscode=1266671892
D***7,201911**,M,2,무직,800~899만원,아니오,          ,아파트/ 주상복합,대전,유성구,죽동,삼성,KT,레저/자동차,자전거/용품,자전거,삼천리가족형 HF200 7단 미니벨로 20형 접이식자전거,http://www.11st.co.kr/product/SellerProductDetail.tmall?method=getSellerProductDetail&prdNo=1096162616
D***,201911**,M,4,"농/축/광/수산업 (축산, 낙농업, 수산, 임업, 광업)",600~699만원,예    ,자녀 있음 ,아파트/ 주상복합,대구,북구,복현2동,삼성,SKT,자전거,자전거부품,안장,유아안장/짐받이장착/핸들바장착/목받이유아안장/자전거안장,http://www.11st.co.kr/product/SellerProductDetail.tmall?method=getSellerProductDetail&prdNo=1275573892
D***,201911**,F,2,"사무직 (일반사무직, 공무원, 직업군인)",200~299만원,      ,          ,아파트/ 주상복합,충북,청주시 흥덕구,분평동,삼성,SKT,자전거/보드,자전거장갑/잡화,자전거장갑,[킹썰]스포츠/등산/자전거장갑/여름장갑/반장갑/선택0여름용,http://item.gmarket.co.kr/Item?goodscode=1284293661
D***1,201911**,F,3,"판매직 (상점점원, 보험설계사, 노점상)",700~799만원,예    ,자녀 있음 ,아파트/ 주상복합,경북,포항시 북구,흥해읍,기타,KT,레저/자동차,자전거/용품,자전거,[삼천리자전거][삼천리]여성용 클래식 자전거 라니아 22인치,http://www.lotteimall.com/goods/viewGoodsDetail.lotte?goods_no=1203462725
D***2,201911**,M,2,"사무직 (일반사무직, 공무원, 직업군인)",200~299만원,      ,          ,아파트/ 주상복합,전북,익산시,부송동,삼성,SKT,자전거/보드,자전거바구니/가방,크로스가방,[엑스피크]2포켓 스마트폰 파우치/암밴드+목걸이 기본증정,http://item.gmarket.co.kr/Item?goodscode=1187012646
D***7,201911**,M,3,"사무직 (일반사무직, 공무원, 직업군인)",200~299만원,아니오,          ,오피스텔,대구,동구,신천동,LG,LG U+,자전거/보드,일반자전거,픽시자전거,벤데타벨루가 700C 알로이 에어로 프레임 픽시자전거,http://item.gmarket.co.kr/Item?goodscode=1219375759
