RESPOND_ID,EXAMIN_BEGIN_DE,HOLD_INDVDL_MVMN_MN_ONE_TY,SEXDSTN_FLAG_NM,AGRDE_FLAG_NM,HSHLD_COMPO_NM,HSHLD_INCOME_DGREE_NM,OCCP_CL_NM,ANSWRR_OC_AREA_NM
948,20230701,전기 자전거,남성,60대 이상,자녀 성인기(막내가 대학생～결혼 전),600만원 내외,경영/관리직,서울
955,20230701,전동 스쿠터,남성,50대,자녀 성인기(막내가 대학생～결혼 전),"1,100~1,500만원 내외",일반 공무원/준공무원,서울
967,20230701,전동 스케이트보드,남성,60대 이상,신혼기 초과(자녀없음),300만원 내외,사무직,경북
981,20230701,전동 스케이트보드,남성,40대,자녀 성장기(막내가 초등학생～고등학생),500만원 내외,일반 공무원/준공무원,전북
997,20230701,전동 스케이트보드,여성,30대,자녀 성인기(막내가 대학생～결혼 전),500만원 내외,사무직,전북
1015,20230701,전기 자전거,남성,50대,자녀 성인기(막내가 대학생～결혼 전),900만원 내외,사무직,충북
1076,20230701,"오토바이(바이크, 스쿠터)",남성,50대,자녀 유아기(막내가 초등학교 입학 전),300만원 내외,판매/서비스직,인천
1079,20230701,전동 킥보드,남성,40대,자녀 성장기(막내가 초등학생～고등학생),"1,000만원 내외",사무직,경기
1081,20230701,전동 휠,남성,40대,1인 가구,200만원 내외,기술/숙련직,인천
1084,20230701,전동 킥보드,남성,40대,자녀 성장기(막내가 초등학생～고등학생),500만원 내외,자영업,서울
1092,20230701,전동 스케이트보드,남성,30대,자녀 성장기(막내가 초등학생～고등학생),700만원 내외,사무직,경남
1117,20230701,전동 킥보드,남성,40대,1인 가구,500만원 내외,기술/숙련직,경기
1129,20230701,"오토바이(바이크, 스쿠터)",남성,40대,자녀 성장기(막내가 초등학생～고등학생),500만원 내외,자영업,충남
1131,20230701,전동 스쿠터,남성,40대,자녀 성장기(막내가 초등학생～고등학생),600만원 내외,기술/숙련직,경북
1144,20230701,전기 자전거,남성,40대,자녀 성장기(막내가 초등학생～고등학생),400만원 내외,사무직,경기
1146,20230701,전동 킥보드,남성,40대,자녀 성장기(막내가 초등학생～고등학생),800만원 내외,사무직,제주
1148,20230701,"오토바이(바이크, 스쿠터)",여성,60대 이상,자녀 성장기(막내가 초등학생～고등학생),"1,100~1,500만원 내외",경영/관리직,경기
1151,20230701,전기 자전거,남성,40대,자녀 성장기(막내가 초등학생～고등학생),"1,000만원 내외",사무직,서울
1152,20230701,전동 킥보드,남성,40대,신혼기 초과(자녀없음),500만원 내외,기술/숙련직,대구
1156,20230701,전동 스쿠터,남성,60대 이상,자녀 독립기(막내가 결혼한 상태),300만원 내외,무직/기타,경북
1165,20230701,"오토바이(바이크, 스쿠터)",남성,50대,자녀 성인기(막내가 대학생～결혼 전),500만원 내외,자영업,대구
1172,20230701,"오토바이(바이크, 스쿠터)",남성,50대,자녀 성인기(막내가 대학생～결혼 전),700만원 내외,사무직,강원
1183,20230701,전동 킥보드,남성,60대 이상,자녀 독립기(막내가 결혼한 상태),500만원 내외,자영업,서울
1185,20230701,"오토바이(바이크, 스쿠터)",여성,40대,자녀 성인기(막내가 대학생～결혼 전),600만원 내외,사무직,인천
1191,20230701,전기 자전거,남성,40대,자녀 성장기(막내가 초등학생～고등학생),"2,100만원 이상",경영/관리직,대구
1197,20230701,전기 자전거,남성,50대,자녀 성장기(막내가 초등학생～고등학생),800만원 내외,사무직,서울
1199,20230701,"오토바이(바이크, 스쿠터)",남성,40대,자녀 성장기(막내가 초등학생～고등학생),800만원 내외,사무직,경기
1203,20230701,전동 킥보드,남성,40대,1인 가구,300만원 내외,기술/숙련직,경기
1208,20230701,전동 킥보드,남성,60대 이상,자녀 독립기(막내가 결혼한 상태),500만원 내외,사무직,부산
1216,20230701,"오토바이(바이크, 스쿠터)",여성,50대,자녀 성장기(막내가 초등학생～고등학생),500만원 내외,일반 공무원/준공무원,대구
1229,20230701,전동 킥보드,남성,40대,자녀 성장기(막내가 초등학생～고등학생),500만원 내외,사무직,서울
1245,20230701,"오토바이(바이크, 스쿠터)",여성,30대,신혼기 초과(자녀없음),"2,100만원 이상",자영업,서울
1248,20230701,"오토바이(바이크, 스쿠터)",남성,60대 이상,자녀 독립기(막내가 결혼한 상태),600만원 내외,기술/숙련직,경기
1260,20230701,전동 킥보드,남성,40대,자녀 성장기(막내가 초등학생～고등학생),"1,000만원 내외",사무직,충북
1264,20230701,전동 휠,여성,20대,1인 가구,300만원 내외,사무직,대구
1270,20230701,전기 자전거,남성,60대 이상,자녀 독립기(막내가 결혼한 상태),800만원 내외,전문직,강원
1277,20230701,"오토바이(바이크, 스쿠터)",남성,40대,자녀 성장기(막내가 초등학생～고등학생),700만원 내외,일반 공무원/준공무원,전북
1278,20230701,전동 킥보드,남성,40대,자녀 성인기(막내가 대학생～결혼 전),500만원 내외,사무직,인천
1285,20230701,전기 자전거,남성,60대 이상,자녀 성인기(막내가 대학생～결혼 전),500만원 내외,사무직,경기
1306,20230701,전동 스케이트보드,남성,30대,자녀 성인기(막내가 대학생～결혼 전),"1,100~1,500만원 내외",사무직,서울
1314,20230701,전기 자전거,남성,40대,1인 가구,400만원 내외,기술/숙련직,대전
1319,20230701,전기 자전거,남성,60대 이상,자녀 성인기(막내가 대학생～결혼 전),500만원 내외,무직/기타,전북
1322,20230701,"오토바이(바이크, 스쿠터)",여성,30대,자녀 성장기(막내가 초등학생～고등학생),500만원 내외,기술/숙련직,경남
1332,20230701,전동 킥보드,남성,40대,자녀 성장기(막내가 초등학생～고등학생),500만원 내외,기술/숙련직,경기
1342,20230701,전기 자전거,남성,60대 이상,자녀 성인기(막내가 대학생～결혼 전),700만원 내외,전문직,대구
1361,20230701,전동 킥보드,남성,50대,자녀 성인기(막내가 대학생～결혼 전),"1,100~1,500만원 내외",사무직,충남
1366,20230701,전동 킥보드,남성,30대,1인 가구,500만원 내외,자영업,강원
1369,20230701,"오토바이(바이크, 스쿠터)",남성,60대 이상,자녀 독립기(막내가 결혼한 상태),600만원 내외,무직/기타,강원
1373,20230701,전동 킥보드,남성,40대,자녀 성장기(막내가 초등학생～고등학생),"2,100만원 이상",전문직,서울
1374,20230701,전기 자전거,남성,50대,자녀 성인기(막내가 대학생～결혼 전),700만원 내외,기술/숙련직,대전
1378,20230701,"오토바이(바이크, 스쿠터)",남성,30대,자녀 성장기(막내가 초등학생～고등학생),400만원 내외,사무직,경기
1379,20230701,전기 자전거,남성,40대,자녀 성인기(막내가 대학생～결혼 전),"1,000만원 내외",기술/숙련직,대전
1386,20230701,전동 스케이트보드,여성,30대,1인 가구,300만원 내외,사무직,경기
1387,20230701,"오토바이(바이크, 스쿠터)",남성,60대 이상,자녀 독립기(막내가 결혼한 상태),400만원 내외,무직/기타,대구
1401,20230701,전동 킥보드,남성,40대,자녀 성장기(막내가 초등학생～고등학생),600만원 내외,경영/관리직,부산
1402,20230701,전동 킥보드,남성,40대,자녀 유아기(막내가 초등학교 입학 전),400만원 내외,사무직,경기
1418,20230701,전기 자전거,남성,50대,자녀 성인기(막내가 대학생～결혼 전),"1,100~1,500만원 내외",경영/관리직,경기
1424,20230701,전기 자전거,남성,40대,자녀 성장기(막내가 초등학생～고등학생),300만원 내외,기술/숙련직,서울
1425,20230701,"오토바이(바이크, 스쿠터)",남성,50대,자녀 성인기(막내가 대학생～결혼 전),500만원 내외,전문직,경기
1433,20230701,전동 킥보드,남성,40대,자녀 유아기(막내가 초등학교 입학 전),"1,000만원 내외",사무직,서울
1439,20230701,전기 자전거,남성,40대,자녀 성장기(막내가 초등학생～고등학생),800만원 내외,경영/관리직,경기
1461,20230701,"오토바이(바이크, 스쿠터)",여성,30대,자녀 성장기(막내가 초등학생～고등학생),500만원 내외,기술/숙련직,경기
1467,20230701,전기 자전거,남성,30대,1인 가구,600만원 내외,전문직,서울
1469,20230701,전기 자전거,남성,30대,자녀 유아기(막내가 초등학교 입학 전),600만원 내외,일반 공무원/준공무원,충북
1478,20230701,전기 자전거,남성,50대,자녀 성인기(막내가 대학생～결혼 전),800만원 내외,사무직,전북
1483,20230701,전기 자전거,남성,50대,자녀 성인기(막내가 대학생～결혼 전),500만원 내외,경영/관리직,경기
1489,20230701,"오토바이(바이크, 스쿠터)",남성,40대,자녀 성장기(막내가 초등학생～고등학생),"1,100~1,500만원 내외",자영업,경기
1497,20230701,전동 킥보드,남성,40대,자녀 성인기(막내가 대학생～결혼 전),500만원 내외,기술/숙련직,대전
1501,20230701,전동 스쿠터,남성,60대 이상,자녀 성장기(막내가 초등학생～고등학생),"1,600~2,000만원 내외",전문직,서울
1505,20230701,전동 휠,남성,40대,자녀 성장기(막내가 초등학생～고등학생),600만원 내외,경영/관리직,서울
1517,20230701,"오토바이(바이크, 스쿠터)",남성,50대,자녀 성인기(막내가 대학생～결혼 전),"1,100~1,500만원 내외",경영/관리직,서울
1536,20230701,전동 스쿠터,남성,40대,자녀 유아기(막내가 초등학교 입학 전),500만원 내외,사무직,충남
1545,20230701,전동 휠,남성,40대,자녀 유아기(막내가 초등학교 입학 전),500만원 내외,일반 공무원/준공무원,경기
1549,20230701,전기 자전거,남성,50대,자녀 성인기(막내가 대학생～결혼 전),"1,000만원 내외",기술/숙련직,부산
1554,20230701,전기 자전거,남성,40대,자녀 성장기(막내가 초등학생～고등학생),"1,100~1,500만원 내외",기술/숙련직,경기
1560,20230701,전동 휠,남성,60대 이상,자녀 유아기(막내가 초등학교 입학 전),300만원 내외,무직/기타,서울
1580,20230701,전동 킥보드,남성,40대,자녀 성장기(막내가 초등학생～고등학생),400만원 내외,사무직,경남
1603,20230701,전동 킥보드,남성,60대 이상,자녀 성인기(막내가 대학생～결혼 전),900만원 내외,경영/관리직,경기
1617,20230701,"오토바이(바이크, 스쿠터)",남성,50대,자녀 성인기(막내가 대학생～결혼 전),500만원 내외,자영업,서울
1620,20230701,"오토바이(바이크, 스쿠터)",여성,40대,자녀 성장기(막내가 초등학생～고등학생),800만원 내외,사무직,경남
1622,20230701,"오토바이(바이크, 스쿠터)",남성,60대 이상,자녀 독립기(막내가 결혼한 상태),600만원 내외,자영업,서울
1632,20230701,"오토바이(바이크, 스쿠터)",여성,40대,자녀 성인기(막내가 대학생～결혼 전),500만원 내외,사무직,경기
1633,20230701,"오토바이(바이크, 스쿠터)",남성,50대,자녀 성인기(막내가 대학생～결혼 전),300만원 내외,자영업,서울
1639,20230701,전동 스케이트보드,남성,30대,자녀 성장기(막내가 초등학생～고등학생),500만원 내외,일반 공무원/준공무원,경기
1641,20230701,전기 자전거,여성,40대,자녀 성장기(막내가 초등학생～고등학생),"2,100만원 이상",전업주부,경북
1649,20230701,전동 스케이트보드,남성,40대,자녀 성장기(막내가 초등학생～고등학생),500만원 내외,자영업,대구
1654,20230701,전동 스쿠터,남성,30대,자녀 성인기(막내가 대학생～결혼 전),600만원 내외,사무직,경기
1656,20230701,"오토바이(바이크, 스쿠터)",남성,50대,신혼기 초과(자녀없음),300만원 내외,자영업,부산
1669,20230701,"오토바이(바이크, 스쿠터)",남성,30대,1인 가구,300만원 내외,자영업,인천
1693,20230701,전동 킥보드,여성,50대,1인 가구,600만원 내외,무직/기타,서울
1705,20230701,전기 자전거,여성,40대,자녀 성장기(막내가 초등학생～고등학생),"1,000만원 내외",사무직,경기
1720,20230701,"오토바이(바이크, 스쿠터)",남성,50대,자녀 성장기(막내가 초등학생～고등학생),400만원 내외,사무직,부산
1725,20230701,전동 킥보드,남성,50대,자녀 성장기(막내가 초등학생～고등학생),700만원 내외,사무직,인천
1748,20230701,"오토바이(바이크, 스쿠터)",남성,50대,1인 가구,400만원 내외,사무직,인천
1749,20230701,전동 킥보드,여성,30대,자녀 성인기(막내가 대학생～결혼 전),700만원 내외,사무직,전북
1758,20230701,전기 자전거,남성,50대,자녀 성인기(막내가 대학생～결혼 전),"1,000만원 내외",경영/관리직,충북
1771,20230701,전기 자전거,남성,60대 이상,자녀 독립기(막내가 결혼한 상태),800만원 내외,전문직,서울
1775,20230701,전동 킥보드,남성,40대,자녀 유아기(막내가 초등학교 입학 전),400만원 내외,사무직,경기
1776,20230701,"오토바이(바이크, 스쿠터)",여성,40대,자녀 성장기(막내가 초등학생～고등학생),700만원 내외,사무직,경기
1784,20230701,전동 스케이트보드,남성,30대,자녀 유아기(막내가 초등학교 입학 전),500만원 내외,판매/서비스직,경기
1787,20230701,전동 킥보드,여성,50대,자녀 성장기(막내가 초등학생～고등학생),"2,100만원 이상",전문직,서울
1794,20230701,전기 자전거,남성,30대,신혼기(자녀없음),600만원 내외,사무직,서울
1795,20230701,"오토바이(바이크, 스쿠터)",남성,50대,자녀 성인기(막내가 대학생～결혼 전),"1,000만원 내외",사무직,경기
1810,20230701,"오토바이(바이크, 스쿠터)",남성,40대,자녀 성장기(막내가 초등학생～고등학생),"1,000만원 내외",전문직,경기
1816,20230701,전동 스케이트보드,남성,40대,자녀 성장기(막내가 초등학생～고등학생),"1,000만원 내외",사무직,서울
1826,20230701,전기 자전거,남성,40대,자녀 성장기(막내가 초등학생～고등학생),900만원 내외,사무직,충남
1833,20230701,전기 자전거,여성,40대,자녀 성장기(막내가 초등학생～고등학생),700만원 내외,사무직,경기
1849,20230701,전기 자전거,남성,40대,1인 가구,500만원 내외,경영/관리직,경기
1852,20230701,전동 킥보드,남성,40대,자녀 성장기(막내가 초등학생～고등학생),"1,100~1,500만원 내외",자영업,경남
1873,20230701,전동 킥보드,남성,50대,자녀 성인기(막내가 대학생～결혼 전),500만원 내외,무직/기타,충남
1876,20230701,"오토바이(바이크, 스쿠터)",남성,40대,자녀 성장기(막내가 초등학생～고등학생),600만원 내외,사무직,서울
1879,20230701,전기 자전거,남성,50대,자녀 성인기(막내가 대학생～결혼 전),800만원 내외,기술/숙련직,경기
1882,20230701,"오토바이(바이크, 스쿠터)",남성,40대,자녀 성인기(막내가 대학생～결혼 전),800만원 내외,사무직,강원
1894,20230701,전동 스케이트보드,남성,30대,자녀 성장기(막내가 초등학생～고등학생),500만원 내외,사무직,서울
1895,20230701,전동 스쿠터,남성,40대,자녀 성장기(막내가 초등학생～고등학생),900만원 내외,사무직,경기
1905,20230701,"오토바이(바이크, 스쿠터)",여성,20대,1인 가구,400만원 내외,학생,서울
1916,20230701,"오토바이(바이크, 스쿠터)",여성,20대,1인 가구,200만원 내외,사무직,서울
1922,20230701,전기 자전거,남성,60대 이상,자녀 성인기(막내가 대학생～결혼 전),"1,000만원 내외",기술/숙련직,경북
1944,20230701,"오토바이(바이크, 스쿠터)",남성,40대,자녀 유아기(막내가 초등학교 입학 전),300만원 내외,사무직,대구
1960,20230701,전기 자전거,남성,40대,자녀 유아기(막내가 초등학교 입학 전),500만원 내외,사무직,경북
1979,20230701,전동 킥보드,여성,50대,자녀 성인기(막내가 대학생～결혼 전),"1,000만원 내외",사무직,서울
2015,20230701,전동 휠,남성,50대,자녀 성장기(막내가 초등학생～고등학생),600만원 내외,사무직,경기
2019,20230701,전기 자전거,남성,50대,자녀 성인기(막내가 대학생～결혼 전),500만원 내외,사무직,대구
2028,20230701,전동 킥보드,남성,40대,1인 가구,500만원 내외,사무직,경기
2040,20230701,전기 자전거,남성,40대,자녀 독립기(막내가 결혼한 상태),500만원 내외,기술/숙련직,경기
2042,20230701,"오토바이(바이크, 스쿠터)",남성,40대,자녀 성장기(막내가 초등학생～고등학생),800만원 내외,기술/숙련직,서울
2049,20230701,전기 자전거,남성,50대,자녀 성장기(막내가 초등학생～고등학생),700만원 내외,자영업,경기
2051,20230701,전동 킥보드,남성,40대,1인 가구,500만원 내외,자영업,서울
2062,20230701,전동 킥보드,여성,40대,자녀 성장기(막내가 초등학생～고등학생),"1,100~1,500만원 내외",사무직,경기
2079,20230701,전동 휠,여성,40대,자녀 성장기(막내가 초등학생～고등학생),400만원 내외,전업주부,울산
2090,20230701,전동 스케이트보드,남성,50대,자녀 성인기(막내가 대학생～결혼 전),700만원 내외,기술/숙련직,서울
2091,20230701,전동 킥보드,남성,30대,신혼기 초과(자녀없음),"1,000만원 내외",사무직,서울
2094,20230701,전동 킥보드,남성,50대,자녀 성장기(막내가 초등학생～고등학생),900만원 내외,사무직,부산
2105,20230701,전기 자전거,남성,60대 이상,자녀 성인기(막내가 대학생～결혼 전),300만원 내외,기술/숙련직,경남
2106,20230701,전동 스쿠터,남성,30대,신혼기 초과(자녀없음),300만원 내외,사무직,광주
2125,20230701,전기 자전거,남성,50대,자녀 성인기(막내가 대학생～결혼 전),"1,100~1,500만원 내외",사무직,서울
2138,20230701,전기 자전거,남성,60대 이상,자녀 독립기(막내가 결혼한 상태),"1,100~1,500만원 내외",전문직,경기
2142,20230701,전기 자전거,남성,40대,자녀 성장기(막내가 초등학생～고등학생),600만원 내외,경영/관리직,경기
2151,20230701,전동 킥보드,남성,60대 이상,자녀 독립기(막내가 결혼한 상태),500만원 내외,무직/기타,충남
2155,20230701,전기 자전거,남성,40대,자녀 유아기(막내가 초등학교 입학 전),400만원 내외,사무직,인천
2162,20230701,"오토바이(바이크, 스쿠터)",여성,30대,신혼기(자녀없음),800만원 내외,사무직,광주
2178,20230701,"오토바이(바이크, 스쿠터)",남성,50대,자녀 성인기(막내가 대학생～결혼 전),"1,000만원 내외",자영업,경기
2180,20230701,"오토바이(바이크, 스쿠터)",남성,40대,1인 가구,500만원 내외,경영/관리직,경기
2186,20230701,"오토바이(바이크, 스쿠터)",남성,40대,자녀 성장기(막내가 초등학생～고등학생),600만원 내외,기술/숙련직,제주
2195,20230701,전동 킥보드,여성,40대,신혼기(자녀없음),800만원 내외,사무직,서울
2206,20230701,"오토바이(바이크, 스쿠터)",남성,40대,1인 가구,"1,000만원 내외",자영업,서울
2213,20230701,전동 킥보드,남성,50대,자녀 성장기(막내가 초등학생～고등학생),600만원 내외,기술/숙련직,경기
2219,20230701,"오토바이(바이크, 스쿠터)",남성,50대,자녀 성장기(막내가 초등학생～고등학생),800만원 내외,기술/숙련직,대구
2234,20230701,"오토바이(바이크, 스쿠터)",여성,30대,신혼기(자녀없음),500만원 내외,사무직,서울
2288,20230701,전기 자전거,남성,60대 이상,자녀 성장기(막내가 초등학생～고등학생),300만원 내외,무직/기타,전남
2290,20230701,"오토바이(바이크, 스쿠터)",남성,40대,자녀 유아기(막내가 초등학교 입학 전),600만원 내외,사무직,전북
2308,20230701,"오토바이(바이크, 스쿠터)",남성,40대,자녀 성인기(막내가 대학생～결혼 전),300만원 내외,사무직,경남
2311,20230701,전동 킥보드,남성,50대,자녀 성장기(막내가 초등학생～고등학생),"1,100~1,500만원 내외",경영/관리직,서울
2343,20230701,"오토바이(바이크, 스쿠터)",남성,30대,자녀 독립기(막내가 결혼한 상태),"1,100~1,500만원 내외",사무직,서울
2357,20230701,"오토바이(바이크, 스쿠터)",남성,50대,자녀 성인기(막내가 대학생～결혼 전),"1,000만원 내외",전문직,충남
2366,20230701,"오토바이(바이크, 스쿠터)",남성,50대,자녀 성인기(막내가 대학생～결혼 전),600만원 내외,기술/숙련직,서울
2372,20230701,전동 킥보드,남성,40대,1인 가구,500만원 내외,기술/숙련직,인천
2381,20230701,전기 자전거,남성,20대,자녀 성인기(막내가 대학생～결혼 전),"2,100만원 이상",사무직,경기
2399,20230701,전동 킥보드,남성,40대,자녀 성장기(막내가 초등학생～고등학생),600만원 내외,기술/숙련직,서울
2401,20230701,전기 자전거,남성,40대,자녀 유아기(막내가 초등학교 입학 전),700만원 내외,기술/숙련직,경북
2402,20230701,"오토바이(바이크, 스쿠터)",남성,60대 이상,자녀 독립기(막내가 결혼한 상태),600만원 내외,자영업,경기
2405,20230701,"오토바이(바이크, 스쿠터)",여성,40대,자녀 성인기(막내가 대학생～결혼 전),300만원 내외,판매/서비스직,서울
2426,20230701,전기 자전거,여성,30대,1인 가구,모름,사무직,대전
2427,20230701,전기 자전거,남성,40대,자녀 유아기(막내가 초등학교 입학 전),"1,000만원 내외",사무직,서울
2431,20230701,전기 자전거,남성,40대,자녀 유아기(막내가 초등학교 입학 전),700만원 내외,사무직,서울
2436,20230701,전동 킥보드,남성,50대,자녀 성장기(막내가 초등학생～고등학생),900만원 내외,사무직,서울
2446,20230701,전동 휠,남성,50대,자녀 성장기(막내가 초등학생～고등학생),"1,100~1,500만원 내외",전문직,대전
2447,20230701,전동 킥보드,남성,50대,자녀 성인기(막내가 대학생～결혼 전),700만원 내외,사무직,서울
2466,20230701,전동 휠,남성,40대,자녀 성장기(막내가 초등학생～고등학생),700만원 내외,일반 공무원/준공무원,강원
2475,20230701,전기 자전거,남성,60대 이상,자녀 성인기(막내가 대학생～결혼 전),900만원 내외,기술/숙련직,서울
2479,20230701,전동 스케이트보드,남성,40대,자녀 성장기(막내가 초등학생～고등학생),400만원 내외,기술/숙련직,충북
2489,20230701,전기 자전거,남성,40대,자녀 유아기(막내가 초등학교 입학 전),600만원 내외,사무직,서울
2497,20230701,전동 킥보드,여성,30대,자녀 성인기(막내가 대학생～결혼 전),700만원 내외,사무직,경기
2511,20230701,전기 자전거,남성,50대,자녀 성장기(막내가 초등학생～고등학생),"1,100~1,500만원 내외",전문직,서울
2512,20230701,전기 자전거,남성,60대 이상,자녀 성인기(막내가 대학생～결혼 전),"1,000만원 내외",무직/기타,서울
2525,20230701,전동 킥보드,남성,60대 이상,자녀 성인기(막내가 대학생～결혼 전),600만원 내외,판매/서비스직,전남
2529,20230701,"오토바이(바이크, 스쿠터)",남성,40대,신혼기 초과(자녀없음),400만원 내외,자영업,부산
2531,20230701,전동 킥보드,남성,40대,자녀 유아기(막내가 초등학교 입학 전),800만원 내외,사무직,광주
2544,20230701,전기 자전거,남성,40대,자녀 독립기(막내가 결혼한 상태),600만원 내외,기술/숙련직,충북
2550,20230701,전동 킥보드,남성,50대,자녀 성인기(막내가 대학생～결혼 전),800만원 내외,사무직,대전
2551,20230701,"오토바이(바이크, 스쿠터)",남성,60대 이상,자녀 성인기(막내가 대학생～결혼 전),500만원 내외,사무직,경북
2562,20230701,전동 스쿠터,남성,50대,자녀 성인기(막내가 대학생～결혼 전),500만원 내외,자영업,경기
2582,20230701,전동 휠,여성,40대,자녀 성장기(막내가 초등학생～고등학생),600만원 내외,사무직,울산
2587,20230701,전기 자전거,남성,40대,자녀 성장기(막내가 초등학생～고등학생),600만원 내외,사무직,경기
2595,20230701,"오토바이(바이크, 스쿠터)",남성,30대,1인 가구,400만원 내외,자영업,대구
2612,20230701,전동 스쿠터,남성,40대,자녀 유아기(막내가 초등학교 입학 전),"1,100~1,500만원 내외",자영업,경북
2618,20230701,"오토바이(바이크, 스쿠터)",남성,30대,자녀 유아기(막내가 초등학교 입학 전),400만원 내외,판매/서비스직,경기
2619,20230701,전기 자전거,남성,60대 이상,자녀 독립기(막내가 결혼한 상태),400만원 내외,기술/숙련직,충남
2621,20230701,전기 자전거,남성,40대,자녀 성장기(막내가 초등학생～고등학생),700만원 내외,기술/숙련직,경기
2622,20230701,전기 자전거,남성,50대,자녀 성인기(막내가 대학생～결혼 전),"1,100~1,500만원 내외",경영/관리직,서울
2635,20230701,전기 자전거,남성,60대 이상,자녀 독립기(막내가 결혼한 상태),500만원 내외,전문직,서울
2638,20230701,전기 자전거,남성,60대 이상,자녀 성인기(막내가 대학생～결혼 전),700만원 내외,기술/숙련직,서울
2650,20230701,전동 킥보드,여성,30대,자녀 성인기(막내가 대학생～결혼 전),800만원 내외,사무직,광주
2662,20230701,전동 킥보드,남성,50대,자녀 성인기(막내가 대학생～결혼 전),500만원 내외,기술/숙련직,경기
2672,20230701,"오토바이(바이크, 스쿠터)",남성,40대,자녀 성장기(막내가 초등학생～고등학생),"2,100만원 이상",경영/관리직,서울
2673,20230701,전기 자전거,남성,50대,자녀 성인기(막내가 대학생～결혼 전),"1,000만원 내외",경영/관리직,서울
2691,20230701,전기 자전거,남성,60대 이상,자녀 성인기(막내가 대학생～결혼 전),600만원 내외,사무직,전북
2701,20230701,전동 휠,남성,60대 이상,자녀 독립기(막내가 결혼한 상태),800만원 내외,무직/기타,경기
2702,20230701,전동 킥보드,여성,40대,신혼기 초과(자녀없음),900만원 내외,기술/숙련직,경기
2733,20230701,전기 자전거,남성,60대 이상,자녀 성인기(막내가 대학생～결혼 전),500만원 내외,자영업,경북
2737,20230701,전동 킥보드,여성,50대,자녀 성인기(막내가 대학생～결혼 전),700만원 내외,무직/기타,충북
2758,20230701,전동 킥보드,남성,40대,신혼기(자녀없음),800만원 내외,자영업,서울
2773,20230701,"오토바이(바이크, 스쿠터)",남성,40대,자녀 유아기(막내가 초등학교 입학 전),700만원 내외,자영업,부산
2778,20230701,전기 자전거,남성,40대,자녀 성장기(막내가 초등학생～고등학생),700만원 내외,사무직,경기
2811,20230701,전기 자전거,남성,40대,1인 가구,400만원 내외,사무직,대전
2812,20230701,전동 킥보드,남성,30대,자녀 유아기(막내가 초등학교 입학 전),400만원 내외,일반 공무원/준공무원,경기
2815,20230701,전동 휠,여성,40대,자녀 성장기(막내가 초등학생～고등학생),800만원 내외,사무직,경기
2816,20230701,전동 휠,남성,40대,자녀 성장기(막내가 초등학생～고등학생),"1,600~2,000만원 내외",경영/관리직,부산
2819,20230701,"오토바이(바이크, 스쿠터)",남성,60대 이상,1인 가구,500만원 내외,자영업,경기
2821,20230701,"오토바이(바이크, 스쿠터)",남성,40대,자녀 유아기(막내가 초등학교 입학 전),700만원 내외,사무직,서울
2822,20230701,전기 자전거,남성,60대 이상,자녀 독립기(막내가 결혼한 상태),100만원 이하,무직/기타,충남
2842,20230701,전기 자전거,여성,30대,자녀 유아기(막내가 초등학교 입학 전),900만원 내외,전업주부,경기
2857,20230701,전동 스쿠터,남성,50대,자녀 유아기(막내가 초등학교 입학 전),600만원 내외,자영업,경기
2874,20230701,전동 킥보드,남성,40대,자녀 유아기(막내가 초등학교 입학 전),400만원 내외,기술/숙련직,경기
2897,20230701,전기 자전거,남성,30대,신혼기(자녀없음),500만원 내외,사무직,서울
2902,20230701,전동 킥보드,남성,30대,자녀 유아기(막내가 초등학교 입학 전),300만원 내외,사무직,충북
2913,20230701,전기 자전거,남성,40대,자녀 성인기(막내가 대학생～결혼 전),600만원 내외,사무직,서울
2917,20230701,전기 자전거,여성,40대,신혼기 초과(자녀없음),"1,000만원 내외",사무직,서울
2924,20230701,"오토바이(바이크, 스쿠터)",남성,50대,자녀 성인기(막내가 대학생～결혼 전),"1,100~1,500만원 내외",판매/서비스직,경북
2926,20230701,"오토바이(바이크, 스쿠터)",남성,40대,자녀 성인기(막내가 대학생～결혼 전),500만원 내외,경영/관리직,경기
2931,20230701,전동 휠,남성,60대 이상,자녀 독립기(막내가 결혼한 상태),800만원 내외,경영/관리직,경기
2949,20230701,전동 스케이트보드,남성,40대,자녀 성장기(막내가 초등학생～고등학생),"1,000만원 내외",사무직,경기
2969,20230701,전기 자전거,남성,40대,자녀 성장기(막내가 초등학생～고등학생),"1,000만원 내외",경영/관리직,서울
2974,20230701,전기 자전거,남성,30대,신혼기(자녀없음),500만원 내외,사무직,부산
2977,20230701,전동 킥보드,남성,50대,자녀 성인기(막내가 대학생～결혼 전),"1,000만원 내외",일반 공무원/준공무원,경기
2979,20230701,전동 킥보드,남성,40대,자녀 성장기(막내가 초등학생～고등학생),500만원 내외,사무직,경기
2988,20230701,"오토바이(바이크, 스쿠터)",남성,40대,자녀 성장기(막내가 초등학생～고등학생),"1,000만원 내외",사무직,부산
3003,20230701,"오토바이(바이크, 스쿠터)",남성,40대,자녀 성장기(막내가 초등학생～고등학생),900만원 내외,경영/관리직,서울
3015,20230701,전동 킥보드,남성,40대,자녀 성장기(막내가 초등학생～고등학생),500만원 내외,자영업,경기
3018,20230701,전기 자전거,여성,50대,신혼기 초과(자녀없음),500만원 내외,무직/기타,서울
3022,20230701,전동 킥보드,남성,50대,자녀 성장기(막내가 초등학생～고등학생),600만원 내외,기술/숙련직,경기
3025,20230701,"오토바이(바이크, 스쿠터)",남성,60대 이상,자녀 독립기(막내가 결혼한 상태),200만원 내외,무직/기타,울산
3039,20230701,"오토바이(바이크, 스쿠터)",남성,40대,자녀 성장기(막내가 초등학생～고등학생),500만원 내외,자영업,경북
3042,20230701,전동 킥보드,여성,50대,자녀 성장기(막내가 초등학생～고등학생),800만원 내외,사무직,서울
3050,20230701,전동 스쿠터,남성,40대,자녀 성장기(막내가 초등학생～고등학생),700만원 내외,사무직,경북
3058,20230701,"오토바이(바이크, 스쿠터)",남성,30대,신혼기(자녀없음),600만원 내외,사무직,경기
3060,20230701,전기 자전거,남성,30대,자녀 성인기(막내가 대학생～결혼 전),"1,100~1,500만원 내외",자영업,대구
3066,20230701,전기 자전거,남성,30대,자녀 성인기(막내가 대학생～결혼 전),"1,100~1,500만원 내외",기술/숙련직,경기
3069,20230701,전동 킥보드,남성,40대,자녀 성장기(막내가 초등학생～고등학생),800만원 내외,자영업,부산
3070,20230701,전동 킥보드,남성,60대 이상,자녀 성인기(막내가 대학생～결혼 전),"1,100~1,500만원 내외",자영업,서울
3076,20230701,전동 킥보드,남성,40대,1인 가구,"1,000만원 내외",무직/기타,서울
3088,20230701,"오토바이(바이크, 스쿠터)",남성,60대 이상,자녀 독립기(막내가 결혼한 상태),300만원 내외,사무직,충남
3093,20230701,"오토바이(바이크, 스쿠터)",남성,50대,자녀 독립기(막내가 결혼한 상태),400만원 내외,판매/서비스직,인천
3106,20230701,전기 자전거,남성,40대,자녀 성장기(막내가 초등학생～고등학생),500만원 내외,사무직,서울
3111,20230701,"오토바이(바이크, 스쿠터)",여성,30대,자녀 성장기(막내가 초등학생～고등학생),400만원 내외,경영/관리직,대전
3118,20230701,전동 킥보드,남성,40대,자녀 유아기(막내가 초등학교 입학 전),모름,사무직,서울
3125,20230701,"오토바이(바이크, 스쿠터)",여성,20대,자녀 성인기(막내가 대학생～결혼 전),500만원 내외,판매/서비스직,울산
3129,20230701,전동 킥보드,남성,40대,1인 가구,400만원 내외,기술/숙련직,경기
3141,20230701,전기 자전거,남성,50대,자녀 성인기(막내가 대학생～결혼 전),800만원 내외,경영/관리직,경기
3143,20230701,전기 자전거,남성,50대,자녀 독립기(막내가 결혼한 상태),"2,100만원 이상",경영/관리직,경기
3150,20230701,전기 자전거,남성,50대,자녀 성인기(막내가 대학생～결혼 전),600만원 내외,기술/숙련직,경남
3160,20230701,전기 자전거,남성,50대,자녀 성인기(막내가 대학생～결혼 전),600만원 내외,사무직,경기
3169,20230701,"오토바이(바이크, 스쿠터)",남성,30대,자녀 성장기(막내가 초등학생～고등학생),500만원 내외,사무직,서울
3177,20230701,"오토바이(바이크, 스쿠터)",남성,40대,자녀 성인기(막내가 대학생～결혼 전),"1,000만원 내외",판매/서비스직,울산
3178,20230701,전동 킥보드,남성,50대,신혼기 초과(자녀없음),700만원 내외,판매/서비스직,경기
3184,20230701,"오토바이(바이크, 스쿠터)",여성,40대,자녀 성장기(막내가 초등학생～고등학생),"1,100~1,500만원 내외",사무직,인천
3189,20230701,전기 자전거,남성,50대,자녀 성인기(막내가 대학생～결혼 전),600만원 내외,기술/숙련직,대전
3199,20230701,전동 킥보드,남성,50대,1인 가구,400만원 내외,사무직,인천
3200,20230701,"오토바이(바이크, 스쿠터)",여성,50대,자녀 성장기(막내가 초등학생～고등학생),600만원 내외,판매/서비스직,대구
3219,20230701,"오토바이(바이크, 스쿠터)",남성,40대,자녀 성장기(막내가 초등학생～고등학생),"1,000만원 내외",자영업,대전
3242,20230701,전동 스쿠터,남성,40대,1인 가구,700만원 내외,경영/관리직,경기
3244,20230701,전동 휠,남성,40대,자녀 성장기(막내가 초등학생～고등학생),400만원 내외,사무직,서울
3247,20230701,"오토바이(바이크, 스쿠터)",남성,60대 이상,자녀 성인기(막내가 대학생～결혼 전),"1,100~1,500만원 내외",경영/관리직,경기
3253,20230701,전기 자전거,남성,60대 이상,자녀 독립기(막내가 결혼한 상태),300만원 내외,기술/숙련직,부산
3260,20230701,전기 자전거,남성,40대,자녀 성장기(막내가 초등학생～고등학생),800만원 내외,사무직,대구
3270,20230701,전기 자전거,남성,40대,자녀 성장기(막내가 초등학생～고등학생),700만원 내외,사무직,충남
3284,20230701,전동 킥보드,남성,40대,신혼기(자녀없음),800만원 내외,사무직,경기
3291,20230701,"오토바이(바이크, 스쿠터)",남성,50대,자녀 성장기(막내가 초등학생～고등학생),700만원 내외,기술/숙련직,제주
3292,20230701,전동 킥보드,남성,50대,자녀 성인기(막내가 대학생～결혼 전),700만원 내외,경영/관리직,대구
3293,20230701,전동 휠,남성,60대 이상,자녀 성인기(막내가 대학생～결혼 전),700만원 내외,무직/기타,서울
3294,20230701,전동 킥보드,남성,40대,자녀 유아기(막내가 초등학교 입학 전),"1,100~1,500만원 내외",전문직,서울
3339,20230701,전기 자전거,남성,60대 이상,자녀 성인기(막내가 대학생～결혼 전),300만원 내외,기술/숙련직,부산
3347,20230701,전동 킥보드,남성,30대,자녀 독립기(막내가 결혼한 상태),600만원 내외,사무직,서울
3352,20230701,전동 킥보드,여성,40대,신혼기 초과(자녀없음),900만원 내외,전문직,인천
3358,20230701,전동 킥보드,남성,40대,자녀 성장기(막내가 초등학생～고등학생),400만원 내외,기술/숙련직,강원
3377,20230701,전동 킥보드,남성,40대,자녀 성장기(막내가 초등학생～고등학생),500만원 내외,기술/숙련직,서울
3382,20230701,전동 킥보드,남성,30대,신혼기(자녀없음),500만원 내외,자영업,인천
3391,20230701,전동 킥보드,남성,30대,자녀 성인기(막내가 대학생～결혼 전),800만원 내외,기술/숙련직,대구
3397,20230701,"오토바이(바이크, 스쿠터)",남성,50대,자녀 성장기(막내가 초등학생～고등학생),800만원 내외,사무직,경기
3399,20230701,전기 자전거,남성,30대,자녀 성인기(막내가 대학생～결혼 전),300만원 내외,기술/숙련직,대구
3400,20230701,"오토바이(바이크, 스쿠터)",남성,50대,자녀 성인기(막내가 대학생～결혼 전),600만원 내외,기술/숙련직,대구
3406,20230701,전동 킥보드,남성,40대,자녀 성장기(막내가 초등학생～고등학생),800만원 내외,경영/관리직,경북
3419,20230701,전동 킥보드,남성,40대,자녀 성인기(막내가 대학생～결혼 전),"1,100~1,500만원 내외",자영업,서울
3424,20230701,"오토바이(바이크, 스쿠터)",남성,40대,자녀 성장기(막내가 초등학생～고등학생),"1,000만원 내외",자영업,경북
3443,20230701,전동 킥보드,남성,50대,자녀 성장기(막내가 초등학생～고등학생),500만원 내외,사무직,서울
3447,20230701,"오토바이(바이크, 스쿠터)",남성,50대,자녀 성장기(막내가 초등학생～고등학생),400만원 내외,사무직,서울
3486,20230701,전동 킥보드,남성,40대,1인 가구,"1,000만원 내외",전문직,서울
3496,20230701,"오토바이(바이크, 스쿠터)",남성,30대,자녀 성인기(막내가 대학생～결혼 전),500만원 내외,판매/서비스직,경기
3498,20230701,전동 킥보드,남성,40대,자녀 성장기(막내가 초등학생～고등학생),"1,100~1,500만원 내외",기술/숙련직,서울
3505,20230701,전동 휠,남성,50대,자녀 성장기(막내가 초등학생～고등학생),500만원 내외,기술/숙련직,경기
3528,20230701,전동 킥보드,남성,40대,자녀 성장기(막내가 초등학생～고등학생),300만원 내외,판매/서비스직,전북
3529,20230701,전동 휠,남성,40대,자녀 성장기(막내가 초등학생～고등학생),500만원 내외,자영업,경남
3540,20230701,전기 자전거,남성,60대 이상,자녀 독립기(막내가 결혼한 상태),500만원 내외,자영업,서울
3541,20230701,전동 킥보드,남성,40대,자녀 성장기(막내가 초등학생～고등학생),"1,100~1,500만원 내외",경영/관리직,경기
3547,20230701,전기 자전거,남성,40대,신혼기 초과(자녀없음),500만원 내외,판매/서비스직,경기
3553,20230701,전동 킥보드,남성,50대,신혼기 초과(자녀없음),300만원 내외,사무직,경북
3567,20230701,전기 자전거,남성,60대 이상,자녀 성인기(막내가 대학생～결혼 전),500만원 내외,사무직,서울
3574,20230701,"오토바이(바이크, 스쿠터)",남성,50대,자녀 성인기(막내가 대학생～결혼 전),"1,600~2,000만원 내외",사무직,서울
3577,20230701,"오토바이(바이크, 스쿠터)",남성,30대,1인 가구,300만원 내외,기술/숙련직,강원
3580,20230701,"오토바이(바이크, 스쿠터)",남성,40대,자녀 성장기(막내가 초등학생～고등학생),500만원 내외,기술/숙련직,경기
3581,20230701,"오토바이(바이크, 스쿠터)",여성,30대,신혼기(자녀없음),500만원 내외,전문직,충남
3586,20230701,"오토바이(바이크, 스쿠터)",남성,50대,자녀 유아기(막내가 초등학교 입학 전),300만원 내외,사무직,대구
3587,20230701,전기 자전거,여성,40대,자녀 성장기(막내가 초등학생～고등학생),500만원 내외,자영업,인천
3596,20230701,전기 자전거,남성,50대,자녀 성장기(막내가 초등학생～고등학생),500만원 내외,사무직,경기
3609,20230701,전기 자전거,남성,50대,자녀 성인기(막내가 대학생～결혼 전),700만원 내외,기술/숙련직,인천
3614,20230701,전동 킥보드,여성,50대,자녀 성장기(막내가 초등학생～고등학생),900만원 내외,사무직,경북
3634,20230701,"오토바이(바이크, 스쿠터)",여성,40대,자녀 성인기(막내가 대학생～결혼 전),400만원 내외,사무직,경기
3639,20230701,"오토바이(바이크, 스쿠터)",남성,40대,자녀 유아기(막내가 초등학교 입학 전),800만원 내외,기술/숙련직,울산
3657,20230701,전기 자전거,남성,30대,자녀 성인기(막내가 대학생～결혼 전),모름,무직/기타,서울
3673,20230701,"오토바이(바이크, 스쿠터)",남성,50대,자녀 성인기(막내가 대학생～결혼 전),"1,100~1,500만원 내외",전문직,경북
3684,20230701,"오토바이(바이크, 스쿠터)",남성,40대,1인 가구,200만원 내외,전문직,경기
3688,20230701,"오토바이(바이크, 스쿠터)",남성,50대,자녀 성인기(막내가 대학생～결혼 전),800만원 내외,판매/서비스직,경기
3693,20230701,전기 자전거,여성,50대,자녀 독립기(막내가 결혼한 상태),600만원 내외,자영업,서울
3699,20230701,전동 스쿠터,남성,40대,1인 가구,600만원 내외,사무직,서울
3702,20230701,전기 자전거,남성,50대,자녀 성인기(막내가 대학생～결혼 전),"1,100~1,500만원 내외",사무직,서울
3704,20230701,전동 킥보드,여성,40대,자녀 유아기(막내가 초등학교 입학 전),300만원 내외,사무직,서울
3709,20230701,전동 킥보드,여성,30대,자녀 유아기(막내가 초등학교 입학 전),700만원 내외,사무직,부산
3717,20230701,전동 휠,남성,40대,신혼기 초과(자녀없음),500만원 내외,전문직,서울
3718,20230701,전동 스케이트보드,여성,40대,자녀 독립기(막내가 결혼한 상태),300만원 내외,전업주부,경남
3735,20230701,전동 킥보드,남성,30대,자녀 유아기(막내가 초등학교 입학 전),300만원 내외,사무직,서울
3742,20230701,전기 자전거,남성,60대 이상,자녀 독립기(막내가 결혼한 상태),"1,000만원 내외",무직/기타,인천
3763,20230701,"오토바이(바이크, 스쿠터)",남성,40대,자녀 성장기(막내가 초등학생～고등학생),700만원 내외,자영업,서울
3769,20230701,"오토바이(바이크, 스쿠터)",남성,40대,자녀 성장기(막내가 초등학생～고등학생),700만원 내외,기술/숙련직,경북
3783,20230701,전기 자전거,남성,40대,자녀 유아기(막내가 초등학교 입학 전),600만원 내외,기술/숙련직,경기
3793,20230701,전동 킥보드,남성,50대,자녀 성장기(막내가 초등학생～고등학생),800만원 내외,경영/관리직,대전
3802,20230701,전기 자전거,남성,50대,자녀 성인기(막내가 대학생～결혼 전),"1,100~1,500만원 내외",기술/숙련직,서울
3808,20230701,"오토바이(바이크, 스쿠터)",남성,40대,1인 가구,400만원 내외,사무직,경기
3821,20230701,"오토바이(바이크, 스쿠터)",남성,40대,자녀 성인기(막내가 대학생～결혼 전),400만원 내외,무직/기타,경기
3836,20230701,전기 자전거,남성,30대,신혼기 초과(자녀없음),900만원 내외,사무직,서울
3842,20230701,전기 자전거,남성,40대,자녀 독립기(막내가 결혼한 상태),"1,600~2,000만원 내외",전문직,전북
3843,20230701,전기 자전거,남성,40대,자녀 유아기(막내가 초등학교 입학 전),300만원 내외,사무직,서울
3887,20230701,전기 자전거,여성,40대,자녀 성장기(막내가 초등학생～고등학생),800만원 내외,사무직,서울
3905,20230701,"오토바이(바이크, 스쿠터)",남성,40대,1인 가구,300만원 내외,판매/서비스직,강원
3910,20230701,전동 스쿠터,남성,60대 이상,자녀 성인기(막내가 대학생～결혼 전),"1,100~1,500만원 내외",전문직,부산
3914,20230701,"오토바이(바이크, 스쿠터)",남성,30대,자녀 성인기(막내가 대학생～결혼 전),800만원 내외,사무직,서울
3915,20230701,"오토바이(바이크, 스쿠터)",남성,60대 이상,자녀 성인기(막내가 대학생～결혼 전),800만원 내외,기술/숙련직,경기
3929,20230701,"오토바이(바이크, 스쿠터)",남성,40대,자녀 독립기(막내가 결혼한 상태),900만원 내외,사무직,인천
3940,20230701,"오토바이(바이크, 스쿠터)",남성,50대,자녀 성인기(막내가 대학생～결혼 전),800만원 내외,전문직,서울
3942,20230701,"오토바이(바이크, 스쿠터)",남성,40대,자녀 성장기(막내가 초등학생～고등학생),600만원 내외,경영/관리직,전북
3954,20230701,전기 자전거,남성,50대,자녀 성장기(막내가 초등학생～고등학생),900만원 내외,사무직,대구
3956,20230701,전기 자전거,여성,30대,자녀 성장기(막내가 초등학생～고등학생),600만원 내외,사무직,경기
3962,20230701,전기 자전거,남성,30대,신혼기(자녀없음),"1,100~1,500만원 내외",기술/숙련직,경기
3965,20230701,전기 자전거,남성,50대,자녀 성인기(막내가 대학생～결혼 전),800만원 내외,사무직,대구
3973,20230701,전동 휠,남성,40대,자녀 성장기(막내가 초등학생～고등학생),500만원 내외,경영/관리직,경기
3984,20230701,"오토바이(바이크, 스쿠터)",남성,40대,1인 가구,"2,100만원 이상",무직/기타,서울
3999,20230701,전기 자전거,남성,40대,자녀 성장기(막내가 초등학생～고등학생),300만원 내외,사무직,부산
4002,20230701,전동 스케이트보드,남성,40대,자녀 유아기(막내가 초등학교 입학 전),700만원 내외,일반 공무원/준공무원,대구
4029,20230701,전동 킥보드,남성,30대,자녀 유아기(막내가 초등학교 입학 전),600만원 내외,전업주부,경기
4057,20230701,"오토바이(바이크, 스쿠터)",남성,60대 이상,자녀 독립기(막내가 결혼한 상태),300만원 내외,무직/기타,부산
4067,20230701,"오토바이(바이크, 스쿠터)",남성,60대 이상,자녀 독립기(막내가 결혼한 상태),400만원 내외,기술/숙련직,울산
4074,20230701,"오토바이(바이크, 스쿠터)",남성,60대 이상,신혼기(자녀없음),400만원 내외,무직/기타,경남
4088,20230701,"오토바이(바이크, 스쿠터)",남성,40대,자녀 성장기(막내가 초등학생～고등학생),200만원 내외,판매/서비스직,대구
4106,20230701,"오토바이(바이크, 스쿠터)",남성,30대,자녀 유아기(막내가 초등학교 입학 전),"1,600~2,000만원 내외",사무직,서울
4110,20230701,전동 킥보드,여성,20대,자녀 성인기(막내가 대학생～결혼 전),"1,600~2,000만원 내외",사무직,서울
4116,20230701,전동 스케이트보드,남성,30대,자녀 성인기(막내가 대학생～결혼 전),800만원 내외,사무직,경기
4122,20230701,"오토바이(바이크, 스쿠터)",남성,40대,자녀 성장기(막내가 초등학생～고등학생),600만원 내외,사무직,대전
4123,20230701,"오토바이(바이크, 스쿠터)",남성,50대,신혼기 초과(자녀없음),600만원 내외,사무직,경기
4126,20230701,"오토바이(바이크, 스쿠터)",여성,40대,자녀 성장기(막내가 초등학생～고등학생),600만원 내외,사무직,서울
4140,20230701,전기 자전거,남성,50대,자녀 성인기(막내가 대학생～결혼 전),800만원 내외,경영/관리직,경기
4144,20230701,전동 킥보드,남성,40대,자녀 성장기(막내가 초등학생～고등학생),"1,000만원 내외",기술/숙련직,서울
4147,20230701,전동 스케이트보드,여성,40대,자녀 성장기(막내가 초등학생～고등학생),800만원 내외,전업주부,광주
4149,20230701,전동 스쿠터,남성,30대,신혼기(자녀없음),700만원 내외,사무직,부산
4153,20230701,"오토바이(바이크, 스쿠터)",남성,50대,자녀 성인기(막내가 대학생～결혼 전),900만원 내외,경영/관리직,서울
4164,20230701,"오토바이(바이크, 스쿠터)",남성,60대 이상,자녀 독립기(막내가 결혼한 상태),700만원 내외,기술/숙련직,경기
4166,20230701,전동 스케이트보드,여성,40대,자녀 유아기(막내가 초등학교 입학 전),400만원 내외,사무직,대구
4170,20230701,전기 자전거,남성,60대 이상,자녀 독립기(막내가 결혼한 상태),400만원 내외,무직/기타,충남
4171,20230701,"오토바이(바이크, 스쿠터)",여성,50대,자녀 성인기(막내가 대학생～결혼 전),900만원 내외,판매/서비스직,대전
4178,20230701,전기 자전거,여성,20대,자녀 성장기(막내가 초등학생～고등학생),500만원 내외,학생,대구
4195,20230701,전동 킥보드,남성,40대,자녀 성장기(막내가 초등학생～고등학생),500만원 내외,기술/숙련직,경북
4197,20230701,"오토바이(바이크, 스쿠터)",여성,50대,자녀 성장기(막내가 초등학생～고등학생),700만원 내외,사무직,경기
4198,20230701,전기 자전거,남성,50대,자녀 성인기(막내가 대학생～결혼 전),600만원 내외,사무직,서울
4205,20230701,전동 킥보드,남성,50대,자녀 성장기(막내가 초등학생～고등학생),800만원 내외,경영/관리직,서울
4209,20230701,전기 자전거,남성,40대,1인 가구,400만원 내외,전문직,부산
4212,20230701,전동 킥보드,남성,40대,자녀 성장기(막내가 초등학생～고등학생),700만원 내외,기술/숙련직,경기
4214,20230701,전동 킥보드,남성,40대,자녀 성장기(막내가 초등학생～고등학생),900만원 내외,기술/숙련직,대전
4215,20230701,전동 킥보드,여성,50대,자녀 성인기(막내가 대학생～결혼 전),400만원 내외,전업주부,경기
4226,20230701,전기 자전거,남성,40대,자녀 성장기(막내가 초등학생～고등학생),600만원 내외,경영/관리직,경남
4235,20230701,전기 자전거,남성,30대,1인 가구,300만원 내외,기술/숙련직,서울
4236,20230701,"오토바이(바이크, 스쿠터)",남성,40대,1인 가구,400만원 내외,사무직,경기
4245,20230701,전동 킥보드,남성,40대,자녀 성장기(막내가 초등학생～고등학생),"1,000만원 내외",자영업,경기
4249,20230701,"오토바이(바이크, 스쿠터)",여성,40대,자녀 성장기(막내가 초등학생～고등학생),700만원 내외,사무직,전북
4252,20230701,"오토바이(바이크, 스쿠터)",남성,40대,자녀 독립기(막내가 결혼한 상태),500만원 내외,사무직,대구
4291,20230701,"오토바이(바이크, 스쿠터)",여성,50대,자녀 성인기(막내가 대학생～결혼 전),500만원 내외,사무직,경기
4304,20230701,"오토바이(바이크, 스쿠터)",남성,40대,자녀 성장기(막내가 초등학생～고등학생),600만원 내외,사무직,경남
4317,20230701,전기 자전거,남성,60대 이상,자녀 성인기(막내가 대학생～결혼 전),900만원 내외,기술/숙련직,경기
4323,20230701,전동 킥보드,남성,40대,자녀 성장기(막내가 초등학생～고등학생),500만원 내외,판매/서비스직,전남
4343,20230701,전동 킥보드,남성,30대,1인 가구,300만원 내외,사무직,경기
4358,20230701,전기 자전거,여성,30대,자녀 성장기(막내가 초등학생～고등학생),600만원 내외,사무직,서울
4362,20230701,"오토바이(바이크, 스쿠터)",남성,30대,1인 가구,500만원 내외,전문직,서울
4364,20230701,전동 킥보드,남성,50대,자녀 성장기(막내가 초등학생～고등학생),"1,000만원 내외",사무직,부산
4366,20230701,전동 킥보드,남성,50대,1인 가구,300만원 내외,기술/숙련직,서울
4376,20230701,전동 킥보드,여성,40대,자녀 성장기(막내가 초등학생～고등학생),600만원 내외,기술/숙련직,서울
4379,20230701,"오토바이(바이크, 스쿠터)",남성,40대,자녀 성장기(막내가 초등학생～고등학생),400만원 내외,자영업,서울
4400,20230701,전동 킥보드,남성,40대,자녀 성인기(막내가 대학생～결혼 전),200만원 내외,자영업,경기
4403,20230701,"오토바이(바이크, 스쿠터)",남성,40대,자녀 성장기(막내가 초등학생～고등학생),500만원 내외,사무직,서울
4404,20230701,전동 스쿠터,남성,50대,자녀 성장기(막내가 초등학생～고등학생),700만원 내외,경영/관리직,경기
4418,20230701,전동 킥보드,남성,40대,자녀 성장기(막내가 초등학생～고등학생),"1,600~2,000만원 내외",경영/관리직,서울
4427,20230701,전동 휠,남성,50대,자녀 성장기(막내가 초등학생～고등학생),500만원 내외,경영/관리직,경북
4463,20230701,전동 킥보드,남성,40대,자녀 성장기(막내가 초등학생～고등학생),300만원 내외,기술/숙련직,충남
4496,20230701,전기 자전거,남성,40대,자녀 성장기(막내가 초등학생～고등학생),800만원 내외,사무직,서울
4499,20230701,전동 킥보드,남성,40대,자녀 성장기(막내가 초등학생～고등학생),800만원 내외,기술/숙련직,경기
4528,20230701,전기 자전거,남성,50대,자녀 성장기(막내가 초등학생～고등학생),500만원 내외,기술/숙련직,서울
4544,20230701,전기 자전거,남성,50대,자녀 성장기(막내가 초등학생～고등학생),300만원 내외,기술/숙련직,충남
4556,20230701,전기 자전거,남성,50대,자녀 성인기(막내가 대학생～결혼 전),"1,100~1,500만원 내외",사무직,서울
4561,20230701,전동 킥보드,여성,40대,1인 가구,500만원 내외,사무직,서울
4564,20230701,전기 자전거,남성,40대,자녀 유아기(막내가 초등학교 입학 전),"1,000만원 내외",사무직,서울
4571,20230701,전동 킥보드,남성,60대 이상,자녀 성인기(막내가 대학생～결혼 전),400만원 내외,사무직,충북
4572,20230701,전동 킥보드,남성,30대,신혼기(자녀없음),700만원 내외,사무직,인천
4580,20230701,전동 킥보드,남성,40대,자녀 유아기(막내가 초등학교 입학 전),700만원 내외,일반 공무원/준공무원,세종
4581,20230701,전동 스쿠터,남성,50대,자녀 성인기(막내가 대학생～결혼 전),"1,000만원 내외",경영/관리직,서울
4584,20230701,전기 자전거,남성,40대,자녀 유아기(막내가 초등학교 입학 전),800만원 내외,사무직,대전
4591,20230701,전동 킥보드,남성,50대,자녀 성인기(막내가 대학생～결혼 전),700만원 내외,사무직,경기
4593,20230701,전동 킥보드,여성,30대,자녀 성인기(막내가 대학생～결혼 전),"1,000만원 내외",기술/숙련직,경기
4623,20230701,전동 킥보드,남성,20대,자녀 성인기(막내가 대학생～결혼 전),400만원 내외,학생,서울
4624,20230701,전기 자전거,남성,50대,신혼기 초과(자녀없음),200만원 내외,무직/기타,전남
4640,20230701,전동 킥보드,남성,50대,자녀 성장기(막내가 초등학생～고등학생),900만원 내외,자영업,서울
4651,20230701,전기 자전거,남성,40대,신혼기 초과(자녀없음),400만원 내외,사무직,서울
4654,20230701,전기 자전거,남성,40대,1인 가구,400만원 내외,기술/숙련직,부산
4658,20230701,전기 자전거,남성,50대,1인 가구,400만원 내외,자영업,서울
4665,20230701,전기 자전거,남성,50대,자녀 성인기(막내가 대학생～결혼 전),"1,000만원 내외",경영/관리직,서울
4674,20230701,전기 자전거,남성,40대,자녀 성장기(막내가 초등학생～고등학생),"1,100~1,500만원 내외",사무직,서울
4675,20230701,"오토바이(바이크, 스쿠터)",남성,60대 이상,자녀 성인기(막내가 대학생～결혼 전),"1,000만원 내외",자영업,서울
4697,20230701,전동 휠,여성,50대,자녀 성인기(막내가 대학생～결혼 전),"1,000만원 내외",일반 공무원/준공무원,서울
4699,20230701,전기 자전거,남성,60대 이상,자녀 성인기(막내가 대학생～결혼 전),400만원 내외,무직/기타,부산
4703,20230701,"오토바이(바이크, 스쿠터)",남성,40대,자녀 성장기(막내가 초등학생～고등학생),500만원 내외,기술/숙련직,충북
4717,20230701,"오토바이(바이크, 스쿠터)",남성,60대 이상,1인 가구,100만원 이하,무직/기타,대구
4719,20230701,"오토바이(바이크, 스쿠터)",여성,40대,자녀 성장기(막내가 초등학생～고등학생),900만원 내외,사무직,서울
4721,20230701,전기 자전거,남성,50대,자녀 성인기(막내가 대학생～결혼 전),500만원 내외,기술/숙련직,경북
4737,20230701,"오토바이(바이크, 스쿠터)",남성,50대,자녀 성인기(막내가 대학생～결혼 전),900만원 내외,사무직,제주
4744,20230701,"오토바이(바이크, 스쿠터)",남성,50대,자녀 성장기(막내가 초등학생～고등학생),100만원 이하,무직/기타,경기
4788,20230701,전기 자전거,남성,60대 이상,자녀 성인기(막내가 대학생～결혼 전),600만원 내외,사무직,대전
4805,20230701,전동 킥보드,남성,20대,1인 가구,300만원 내외,학생,경기
4822,20230701,"오토바이(바이크, 스쿠터)",남성,40대,자녀 성장기(막내가 초등학생～고등학생),900만원 내외,기술/숙련직,부산
4839,20230701,전동 킥보드,여성,30대,신혼기 초과(자녀없음),500만원 내외,사무직,경기
4848,20230701,"오토바이(바이크, 스쿠터)",남성,30대,자녀 유아기(막내가 초등학교 입학 전),"1,000만원 내외",자영업,경기
4852,20230701,전동 스쿠터,남성,60대 이상,자녀 성인기(막내가 대학생～결혼 전),500만원 내외,무직/기타,경북
4863,20230701,"오토바이(바이크, 스쿠터)",남성,50대,자녀 성장기(막내가 초등학생～고등학생),600만원 내외,사무직,대전
4876,20230701,전동 킥보드,남성,40대,신혼기 초과(자녀없음),500만원 내외,사무직,서울
4877,20230701,"오토바이(바이크, 스쿠터)",남성,50대,자녀 성인기(막내가 대학생～결혼 전),700만원 내외,전문직,경기
4883,20230701,전동 휠,남성,50대,자녀 성인기(막내가 대학생～결혼 전),700만원 내외,자영업,경북
4884,20230701,전기 자전거,남성,40대,1인 가구,700만원 내외,기술/숙련직,서울
4897,20230701,전동 킥보드,남성,60대 이상,자녀 독립기(막내가 결혼한 상태),600만원 내외,무직/기타,서울
4908,20230701,전기 자전거,남성,50대,자녀 성장기(막내가 초등학생～고등학생),500만원 내외,사무직,경기
4919,20230701,전동 킥보드,남성,50대,자녀 성인기(막내가 대학생～결혼 전),600만원 내외,경영/관리직,충북
4933,20230701,전기 자전거,남성,40대,자녀 성인기(막내가 대학생～결혼 전),600만원 내외,사무직,서울
4951,20230701,전기 자전거,여성,30대,자녀 성인기(막내가 대학생～결혼 전),모름,사무직,인천
4957,20230701,전동 킥보드,여성,50대,자녀 성인기(막내가 대학생～결혼 전),900만원 내외,일반 공무원/준공무원,경기
4958,20230701,전기 자전거,여성,30대,자녀 독립기(막내가 결혼한 상태),500만원 내외,기술/숙련직,서울
4960,20230701,전동 킥보드,여성,40대,자녀 성장기(막내가 초등학생～고등학생),600만원 내외,사무직,충남
4971,20230701,"오토바이(바이크, 스쿠터)",남성,40대,자녀 유아기(막내가 초등학교 입학 전),500만원 내외,사무직,경기
4973,20230701,전기 자전거,남성,50대,자녀 성인기(막내가 대학생～결혼 전),"1,100~1,500만원 내외",경영/관리직,경기
4979,20230701,전기 자전거,남성,40대,자녀 성장기(막내가 초등학생～고등학생),300만원 내외,자영업,경기
4992,20230701,전기 자전거,남성,60대 이상,자녀 독립기(막내가 결혼한 상태),900만원 내외,자영업,서울
4998,20230701,전기 자전거,남성,40대,1인 가구,200만원 내외,사무직,부산
5002,20230701,전동 킥보드,남성,50대,자녀 성인기(막내가 대학생～결혼 전),900만원 내외,경영/관리직,대전
5014,20230701,"오토바이(바이크, 스쿠터)",남성,40대,자녀 성장기(막내가 초등학생～고등학생),700만원 내외,사무직,울산
5038,20230701,"오토바이(바이크, 스쿠터)",남성,40대,자녀 유아기(막내가 초등학교 입학 전),"1,100~1,500만원 내외",자영업,경기
5046,20230701,전동 킥보드,남성,50대,자녀 성인기(막내가 대학생～결혼 전),400만원 내외,일반 공무원/준공무원,경기
5061,20230701,전기 자전거,남성,30대,자녀 독립기(막내가 결혼한 상태),600만원 내외,무직/기타,충남
5067,20230701,전동 킥보드,남성,50대,1인 가구,400만원 내외,사무직,서울
5078,20230701,전동 킥보드,여성,40대,신혼기 초과(자녀없음),600만원 내외,전업주부,인천
5079,20230701,전동 킥보드,여성,30대,자녀 성인기(막내가 대학생～결혼 전),900만원 내외,사무직,충남
5083,20230701,전기 자전거,남성,40대,자녀 성장기(막내가 초등학생～고등학생),500만원 내외,판매/서비스직,경북
5085,20230701,전동 킥보드,남성,30대,자녀 유아기(막내가 초등학교 입학 전),300만원 내외,사무직,전북
5116,20230701,"오토바이(바이크, 스쿠터)",여성,50대,자녀 성인기(막내가 대학생～결혼 전),"1,000만원 내외",사무직,대전
5139,20230701,"오토바이(바이크, 스쿠터)",남성,50대,자녀 독립기(막내가 결혼한 상태),400만원 내외,사무직,인천
5150,20230701,전동 휠,남성,50대,자녀 성장기(막내가 초등학생～고등학생),400만원 내외,자영업,전남
5152,20230701,전동 휠,남성,40대,자녀 성장기(막내가 초등학생～고등학생),700만원 내외,경영/관리직,경북
5159,20230701,"오토바이(바이크, 스쿠터)",남성,30대,자녀 독립기(막내가 결혼한 상태),"1,000만원 내외",판매/서비스직,경기
5161,20230701,전기 자전거,남성,50대,자녀 성인기(막내가 대학생～결혼 전),600만원 내외,일반 공무원/준공무원,울산
5184,20230701,전기 자전거,남성,40대,자녀 성인기(막내가 대학생～결혼 전),"1,100~1,500만원 내외",기술/숙련직,경기
5198,20230701,전동 킥보드,남성,40대,자녀 성장기(막내가 초등학생～고등학생),900만원 내외,경영/관리직,경기
5218,20230701,전기 자전거,남성,50대,자녀 성인기(막내가 대학생～결혼 전),500만원 내외,자영업,울산
5230,20230701,"오토바이(바이크, 스쿠터)",남성,40대,자녀 성장기(막내가 초등학생～고등학생),700만원 내외,사무직,경기
5233,20230701,"오토바이(바이크, 스쿠터)",남성,50대,자녀 성장기(막내가 초등학생～고등학생),"1,000만원 내외",전문직,서울
5241,20230701,"오토바이(바이크, 스쿠터)",남성,40대,자녀 유아기(막내가 초등학교 입학 전),900만원 내외,경영/관리직,대전
5249,20230701,전기 자전거,남성,30대,신혼기(자녀없음),800만원 내외,사무직,경기
5265,20230701,전기 자전거,남성,60대 이상,자녀 성인기(막내가 대학생～결혼 전),500만원 내외,자영업,서울
5274,20230701,"오토바이(바이크, 스쿠터)",남성,40대,자녀 성장기(막내가 초등학생～고등학생),700만원 내외,일반 공무원/준공무원,전북
5289,20230701,전동 킥보드,남성,50대,자녀 성인기(막내가 대학생～결혼 전),"1,600~2,000만원 내외",전문직,서울
5309,20230701,전동 킥보드,남성,50대,자녀 성인기(막내가 대학생～결혼 전),600만원 내외,자영업,경기
5312,20230701,전동 스케이트보드,남성,50대,자녀 성장기(막내가 초등학생～고등학생),모름,사무직,서울
5313,20230701,전동 휠,남성,40대,자녀 성장기(막내가 초등학생～고등학생),500만원 내외,경영/관리직,부산
5314,20230701,"오토바이(바이크, 스쿠터)",여성,30대,자녀 성인기(막내가 대학생～결혼 전),"1,100~1,500만원 내외",사무직,경기
5316,20230701,전기 자전거,남성,60대 이상,자녀 성인기(막내가 대학생～결혼 전),500만원 내외,사무직,전북
5318,20230701,전기 자전거,남성,30대,자녀 유아기(막내가 초등학교 입학 전),600만원 내외,자영업,전북
5335,20230701,전동 킥보드,남성,30대,자녀 유아기(막내가 초등학교 입학 전),300만원 내외,사무직,서울
5336,20230701,전기 자전거,남성,50대,자녀 성인기(막내가 대학생～결혼 전),700만원 내외,자영업,경기
5364,20230701,전동 킥보드,남성,40대,자녀 유아기(막내가 초등학교 입학 전),700만원 내외,기술/숙련직,경기
5380,20230701,전동 킥보드,여성,40대,자녀 성장기(막내가 초등학생～고등학생),600만원 내외,사무직,인천
5382,20230701,"오토바이(바이크, 스쿠터)",남성,50대,자녀 성장기(막내가 초등학생～고등학생),500만원 내외,자영업,서울
5392,20230701,전동 킥보드,남성,30대,자녀 성장기(막내가 초등학생～고등학생),900만원 내외,사무직,경기
5394,20230701,"오토바이(바이크, 스쿠터)",남성,30대,1인 가구,200만원 내외,사무직,경북
5413,20230701,전동 킥보드,남성,50대,자녀 성인기(막내가 대학생～결혼 전),300만원 내외,자영업,경기
5426,20230701,"오토바이(바이크, 스쿠터)",남성,50대,자녀 성인기(막내가 대학생～결혼 전),800만원 내외,전문직,서울
5446,20230701,"오토바이(바이크, 스쿠터)",남성,60대 이상,자녀 성인기(막내가 대학생～결혼 전),"2,100만원 이상",자영업,서울
5454,20230701,"오토바이(바이크, 스쿠터)",남성,40대,자녀 성장기(막내가 초등학생～고등학생),"1,100~1,500만원 내외",경영/관리직,서울
5462,20230701,"오토바이(바이크, 스쿠터)",남성,50대,자녀 성장기(막내가 초등학생～고등학생),700만원 내외,기술/숙련직,경북
5469,20230701,전동 킥보드,여성,40대,자녀 성장기(막내가 초등학생～고등학생),600만원 내외,판매/서비스직,대전
5475,20230701,전기 자전거,남성,30대,자녀 유아기(막내가 초등학교 입학 전),600만원 내외,사무직,경기
5482,20230701,"오토바이(바이크, 스쿠터)",남성,40대,1인 가구,700만원 내외,자영업,서울
5483,20230701,전기 자전거,여성,50대,신혼기 초과(자녀없음),600만원 내외,사무직,서울
5485,20230701,전기 자전거,남성,60대 이상,자녀 성인기(막내가 대학생～결혼 전),300만원 내외,자영업,경기
5499,20230701,전기 자전거,남성,40대,자녀 유아기(막내가 초등학교 입학 전),300만원 내외,사무직,대구
5501,20230701,전동 스케이트보드,여성,40대,자녀 성장기(막내가 초등학생～고등학생),700만원 내외,사무직,서울
5502,20230701,전기 자전거,남성,60대 이상,자녀 성인기(막내가 대학생～결혼 전),200만원 내외,기술/숙련직,서울
5511,20230701,전기 자전거,남성,50대,1인 가구,500만원 내외,자영업,경기
5522,20230701,"오토바이(바이크, 스쿠터)",남성,40대,자녀 성장기(막내가 초등학생～고등학생),500만원 내외,사무직,광주
5537,20230701,"오토바이(바이크, 스쿠터)",남성,50대,자녀 성인기(막내가 대학생～결혼 전),900만원 내외,자영업,충남
5545,20230701,전기 자전거,남성,60대 이상,자녀 독립기(막내가 결혼한 상태),600만원 내외,전문직,전남
5549,20230701,전동 킥보드,남성,40대,자녀 성장기(막내가 초등학생～고등학생),400만원 내외,사무직,서울
5552,20230701,"오토바이(바이크, 스쿠터)",남성,40대,자녀 성장기(막내가 초등학생～고등학생),800만원 내외,기술/숙련직,울산
5561,20230701,전기 자전거,남성,50대,자녀 성장기(막내가 초등학생～고등학생),700만원 내외,사무직,충남
5568,20230701,"오토바이(바이크, 스쿠터)",남성,60대 이상,자녀 성장기(막내가 초등학생～고등학생),800만원 내외,경영/관리직,서울
5574,20230701,전동 휠,남성,60대 이상,자녀 성장기(막내가 초등학생～고등학생),700만원 내외,전문직,경북
5604,20230701,"오토바이(바이크, 스쿠터)",남성,60대 이상,자녀 독립기(막내가 결혼한 상태),"1,100~1,500만원 내외",자영업,부산
5613,20230701,전기 자전거,남성,50대,자녀 성인기(막내가 대학생～결혼 전),600만원 내외,일반 공무원/준공무원,서울
5629,20230701,전기 자전거,여성,30대,자녀 성인기(막내가 대학생～결혼 전),600만원 내외,사무직,경남
5635,20230701,전동 스쿠터,남성,60대 이상,자녀 성인기(막내가 대학생～결혼 전),700만원 내외,무직/기타,대전
5645,20230701,전기 자전거,남성,50대,자녀 성인기(막내가 대학생～결혼 전),600만원 내외,자영업,서울
5648,20230701,전동 킥보드,남성,50대,자녀 성인기(막내가 대학생～결혼 전),"1,100~1,500만원 내외",자영업,서울
5665,20230701,전동 휠,남성,40대,신혼기(자녀없음),800만원 내외,사무직,대전
5674,20230701,"오토바이(바이크, 스쿠터)",남성,30대,자녀 성인기(막내가 대학생～결혼 전),700만원 내외,사무직,경기
5680,20230701,"오토바이(바이크, 스쿠터)",여성,40대,자녀 성장기(막내가 초등학생～고등학생),500만원 내외,사무직,충북
5682,20230701,전동 킥보드,남성,40대,자녀 성장기(막내가 초등학생～고등학생),"1,100~1,500만원 내외",자영업,서울
5688,20230701,전동 킥보드,여성,40대,자녀 성장기(막내가 초등학생～고등학생),800만원 내외,경영/관리직,서울
5713,20230701,전기 자전거,남성,40대,1인 가구,400만원 내외,기술/숙련직,경기
5721,20230701,전동 킥보드,남성,60대 이상,자녀 독립기(막내가 결혼한 상태),700만원 내외,무직/기타,경기
5725,20230701,"오토바이(바이크, 스쿠터)",남성,30대,자녀 성장기(막내가 초등학생～고등학생),500만원 내외,사무직,경기
5741,20230701,전기 자전거,남성,30대,1인 가구,400만원 내외,사무직,서울
5742,20230701,전동 킥보드,남성,40대,신혼기(자녀없음),"1,100~1,500만원 내외",사무직,경기
5743,20230701,"오토바이(바이크, 스쿠터)",여성,50대,1인 가구,300만원 내외,무직/기타,경기
5746,20230701,전동 킥보드,남성,40대,신혼기 초과(자녀없음),900만원 내외,사무직,부산
5751,20230701,전기 자전거,남성,50대,자녀 독립기(막내가 결혼한 상태),800만원 내외,사무직,대구
5753,20230701,전동 킥보드,남성,50대,자녀 성인기(막내가 대학생～결혼 전),800만원 내외,사무직,서울
5757,20230701,전동 킥보드,남성,50대,1인 가구,700만원 내외,자영업,전북
5760,20230701,"오토바이(바이크, 스쿠터)",남성,40대,자녀 유아기(막내가 초등학교 입학 전),"1,000만원 내외",사무직,서울
5770,20230701,전기 자전거,남성,50대,자녀 성장기(막내가 초등학생～고등학생),500만원 내외,사무직,부산
5776,20230701,전동 킥보드,남성,50대,자녀 성장기(막내가 초등학생～고등학생),"1,000만원 내외",기술/숙련직,서울
5793,20230701,전동 휠,남성,50대,자녀 성장기(막내가 초등학생～고등학생),900만원 내외,일반 공무원/준공무원,경기
5825,20230701,전기 자전거,남성,50대,자녀 성인기(막내가 대학생～결혼 전),500만원 내외,전문직,서울
5828,20230701,"오토바이(바이크, 스쿠터)",남성,60대 이상,자녀 독립기(막내가 결혼한 상태),"1,600~2,000만원 내외",경영/관리직,충북
5838,20230701,전동 스쿠터,여성,50대,자녀 성장기(막내가 초등학생～고등학생),500만원 내외,사무직,서울
5840,20230701,전동 킥보드,남성,60대 이상,자녀 성인기(막내가 대학생～결혼 전),700만원 내외,전문직,경기
5854,20230701,"오토바이(바이크, 스쿠터)",남성,40대,1인 가구,300만원 내외,사무직,경기
5855,20230701,전기 자전거,남성,50대,자녀 성장기(막내가 초등학생～고등학생),700만원 내외,사무직,경남
5871,20230701,"오토바이(바이크, 스쿠터)",남성,40대,자녀 성장기(막내가 초등학생～고등학생),"1,100~1,500만원 내외",경영/관리직,충남
5874,20230701,전동 킥보드,남성,40대,자녀 성장기(막내가 초등학생～고등학생),700만원 내외,전문직,충남
5879,20230701,전기 자전거,여성,50대,신혼기 초과(자녀없음),500만원 내외,전문직,서울
5882,20230701,전동 스쿠터,여성,40대,자녀 성장기(막내가 초등학생～고등학생),400만원 내외,기술/숙련직,경북
5888,20230701,전기 자전거,남성,60대 이상,자녀 독립기(막내가 결혼한 상태),모름,무직/기타,서울
5907,20230701,전동 휠,남성,30대,자녀 유아기(막내가 초등학교 입학 전),600만원 내외,사무직,대구
5927,20230701,전기 자전거,남성,30대,자녀 성인기(막내가 대학생～결혼 전),500만원 내외,사무직,서울
5934,20230701,전기 자전거,남성,60대 이상,자녀 독립기(막내가 결혼한 상태),모름,무직/기타,경북
5937,20230701,전동 스쿠터,여성,30대,자녀 성장기(막내가 초등학생～고등학생),900만원 내외,사무직,서울
5939,20230701,전기 자전거,남성,40대,자녀 유아기(막내가 초등학교 입학 전),700만원 내외,사무직,서울
5946,20230701,전동 킥보드,남성,40대,자녀 유아기(막내가 초등학교 입학 전),600만원 내외,사무직,서울
5953,20230701,전동 킥보드,남성,50대,자녀 성장기(막내가 초등학생～고등학생),900만원 내외,경영/관리직,경기
5957,20230701,"오토바이(바이크, 스쿠터)",남성,60대 이상,자녀 독립기(막내가 결혼한 상태),300만원 내외,기술/숙련직,서울
5965,20230701,전동 킥보드,남성,40대,자녀 유아기(막내가 초등학교 입학 전),600만원 내외,경영/관리직,경기
5976,20230701,전기 자전거,남성,60대 이상,자녀 독립기(막내가 결혼한 상태),700만원 내외,무직/기타,서울
5984,20230701,전동 킥보드,여성,30대,자녀 성인기(막내가 대학생～결혼 전),600만원 내외,사무직,충북
5987,20230701,"오토바이(바이크, 스쿠터)",남성,50대,자녀 성인기(막내가 대학생～결혼 전),500만원 내외,사무직,대구
5993,20230701,전기 자전거,여성,60대 이상,자녀 독립기(막내가 결혼한 상태),700만원 내외,사무직,경기
6020,20230701,전동 킥보드,남성,40대,자녀 성장기(막내가 초등학생～고등학생),300만원 내외,사무직,경기
6028,20230701,전동 킥보드,남성,40대,자녀 성장기(막내가 초등학생～고등학생),500만원 내외,사무직,충북
6045,20230701,전기 자전거,남성,40대,자녀 성인기(막내가 대학생～결혼 전),500만원 내외,사무직,대전
6046,20230701,전기 자전거,남성,40대,1인 가구,200만원 내외,판매/서비스직,부산
6072,20230701,전기 자전거,여성,50대,자녀 성인기(막내가 대학생～결혼 전),500만원 내외,사무직,경기
6084,20230701,전동 킥보드,남성,40대,자녀 성장기(막내가 초등학생～고등학생),"1,000만원 내외",사무직,경기
6099,20230701,"오토바이(바이크, 스쿠터)",남성,30대,자녀 유아기(막내가 초등학교 입학 전),900만원 내외,기술/숙련직,부산
6103,20230701,"오토바이(바이크, 스쿠터)",남성,40대,자녀 성장기(막내가 초등학생～고등학생),700만원 내외,사무직,경기
6121,20230701,"오토바이(바이크, 스쿠터)",남성,50대,자녀 성장기(막내가 초등학생～고등학생),500만원 내외,기술/숙련직,광주
6135,20230701,전동 스쿠터,여성,30대,신혼기 초과(자녀없음),400만원 내외,사무직,대구
6148,20230701,전동 킥보드,남성,60대 이상,자녀 독립기(막내가 결혼한 상태),900만원 내외,경영/관리직,서울
6158,20230701,전동 스케이트보드,남성,50대,자녀 성인기(막내가 대학생～결혼 전),"1,100~1,500만원 내외",전문직,서울
6161,20230701,"오토바이(바이크, 스쿠터)",남성,30대,자녀 성장기(막내가 초등학생～고등학생),700만원 내외,사무직,경기
6169,20230701,"오토바이(바이크, 스쿠터)",남성,50대,자녀 유아기(막내가 초등학교 입학 전),300만원 내외,자영업,강원
6173,20230701,전동 킥보드,남성,40대,자녀 성장기(막내가 초등학생～고등학생),600만원 내외,자영업,경남
6175,20230701,전기 자전거,남성,30대,자녀 성장기(막내가 초등학생～고등학생),600만원 내외,사무직,경기
6182,20230701,전동 킥보드,남성,40대,자녀 성장기(막내가 초등학생～고등학생),500만원 내외,사무직,경기
6186,20230701,"오토바이(바이크, 스쿠터)",남성,30대,1인 가구,500만원 내외,기술/숙련직,서울
6203,20230701,"오토바이(바이크, 스쿠터)",남성,60대 이상,자녀 성인기(막내가 대학생～결혼 전),700만원 내외,전문직,서울
6229,20230701,전동 스쿠터,남성,40대,자녀 성장기(막내가 초등학생～고등학생),500만원 내외,기술/숙련직,경기
6256,20230701,전동 킥보드,남성,40대,자녀 성장기(막내가 초등학생～고등학생),500만원 내외,판매/서비스직,서울
6276,20230701,전동 킥보드,남성,40대,자녀 유아기(막내가 초등학교 입학 전),400만원 내외,사무직,경북
6277,20230701,전동 킥보드,남성,30대,자녀 유아기(막내가 초등학교 입학 전),500만원 내외,자영업,대전
6280,20230701,전동 킥보드,남성,20대,자녀 유아기(막내가 초등학교 입학 전),500만원 내외,사무직,경기
6296,20230701,전동 킥보드,남성,50대,자녀 성장기(막내가 초등학생～고등학생),600만원 내외,경영/관리직,경기
6310,20230701,"오토바이(바이크, 스쿠터)",남성,40대,자녀 유아기(막내가 초등학교 입학 전),600만원 내외,기술/숙련직,울산
6327,20230701,전기 자전거,여성,50대,자녀 성장기(막내가 초등학생～고등학생),600만원 내외,전업주부,대구
6332,20230701,전동 스케이트보드,남성,40대,신혼기 초과(자녀없음),300만원 내외,사무직,대구
6345,20230701,전기 자전거,남성,40대,1인 가구,400만원 내외,자영업,부산
6346,20230701,전동 휠,남성,50대,자녀 성인기(막내가 대학생～결혼 전),모름,전문직,서울
6347,20230701,전동 스쿠터,남성,30대,1인 가구,모름,사무직,경기
6352,20230701,"오토바이(바이크, 스쿠터)",남성,50대,자녀 성인기(막내가 대학생～결혼 전),800만원 내외,경영/관리직,서울
6385,20230701,전기 자전거,남성,30대,자녀 성장기(막내가 초등학생～고등학생),"1,600~2,000만원 내외",전문직,대구
6390,20230701,전기 자전거,남성,60대 이상,자녀 독립기(막내가 결혼한 상태),모름,무직/기타,서울
6397,20230701,"오토바이(바이크, 스쿠터)",남성,40대,1인 가구,300만원 내외,자영업,울산
6411,20230701,전기 자전거,남성,50대,자녀 성인기(막내가 대학생～결혼 전),500만원 내외,사무직,경기
6418,20230701,전기 자전거,남성,40대,1인 가구,100만원 이하,무직/기타,충남
6427,20230701,전기 자전거,남성,40대,자녀 성장기(막내가 초등학생～고등학생),800만원 내외,사무직,경기
6439,20230701,전동 킥보드,남성,40대,1인 가구,200만원 내외,기술/숙련직,부산
6457,20230701,전기 자전거,남성,50대,자녀 독립기(막내가 결혼한 상태),500만원 내외,자영업,광주
6464,20230701,전기 자전거,여성,30대,1인 가구,700만원 내외,사무직,서울
6486,20230701,전동 스쿠터,남성,50대,자녀 성장기(막내가 초등학생～고등학생),400만원 내외,사무직,세종
6494,20230701,전기 자전거,남성,50대,자녀 성장기(막내가 초등학생～고등학생),"1,600~2,000만원 내외",경영/관리직,서울
6497,20230701,"오토바이(바이크, 스쿠터)",남성,60대 이상,자녀 성인기(막내가 대학생～결혼 전),800만원 내외,자영업,서울
6501,20230701,전동 킥보드,남성,40대,신혼기 초과(자녀없음),"1,000만원 내외",무직/기타,서울
6506,20230701,전동 킥보드,남성,50대,자녀 성인기(막내가 대학생～결혼 전),"1,100~1,500만원 내외",경영/관리직,인천
6507,20230701,"오토바이(바이크, 스쿠터)",남성,50대,자녀 성인기(막내가 대학생～결혼 전),900만원 내외,기술/숙련직,서울
6511,20230701,전기 자전거,남성,40대,자녀 유아기(막내가 초등학교 입학 전),"1,100~1,500만원 내외",사무직,서울
6512,20230701,전기 자전거,남성,40대,1인 가구,600만원 내외,사무직,경기
6541,20230701,전동 스쿠터,남성,30대,자녀 유아기(막내가 초등학교 입학 전),600만원 내외,경영/관리직,서울
6542,20230701,전기 자전거,남성,40대,자녀 성장기(막내가 초등학생～고등학생),600만원 내외,경영/관리직,대구
6544,20230701,전동 킥보드,남성,40대,자녀 성장기(막내가 초등학생～고등학생),"1,600~2,000만원 내외",전문직,경기
6549,20230701,"오토바이(바이크, 스쿠터)",남성,50대,자녀 성인기(막내가 대학생～결혼 전),"1,000만원 내외",자영업,부산
6560,20230701,"오토바이(바이크, 스쿠터)",여성,30대,1인 가구,400만원 내외,기술/숙련직,서울
6570,20230701,전기 자전거,남성,40대,자녀 성장기(막내가 초등학생～고등학생),400만원 내외,기술/숙련직,세종
6572,20230701,전동 킥보드,여성,40대,자녀 성장기(막내가 초등학생～고등학생),600만원 내외,사무직,경기
6585,20230701,"오토바이(바이크, 스쿠터)",남성,50대,자녀 성장기(막내가 초등학생～고등학생),"1,600~2,000만원 내외",경영/관리직,광주
6597,20230701,전동 스케이트보드,여성,30대,자녀 유아기(막내가 초등학교 입학 전),"1,100~1,500만원 내외",사무직,경기
6617,20230701,"오토바이(바이크, 스쿠터)",남성,40대,자녀 성장기(막내가 초등학생～고등학생),500만원 내외,자영업,서울
6680,20230701,"오토바이(바이크, 스쿠터)",여성,50대,자녀 성인기(막내가 대학생～결혼 전),600만원 내외,전업주부,울산
6682,20230701,전동 킥보드,남성,40대,자녀 성인기(막내가 대학생～결혼 전),600만원 내외,기술/숙련직,울산
6693,20230701,전기 자전거,남성,30대,신혼기(자녀없음),500만원 내외,사무직,경기
6705,20230701,전동 킥보드,여성,20대,1인 가구,400만원 내외,사무직,서울
6714,20230701,전기 자전거,여성,40대,자녀 성장기(막내가 초등학생～고등학생),700만원 내외,자영업,충북
6722,20230701,"오토바이(바이크, 스쿠터)",남성,60대 이상,자녀 독립기(막내가 결혼한 상태),500만원 내외,무직/기타,전남
6727,20230701,전기 자전거,남성,50대,자녀 유아기(막내가 초등학교 입학 전),"1,100~1,500만원 내외",경영/관리직,경기
6734,20230701,전기 자전거,여성,40대,자녀 성장기(막내가 초등학생～고등학생),"1,100~1,500만원 내외",사무직,충북
6746,20230701,전동 킥보드,남성,40대,1인 가구,500만원 내외,사무직,경기
6755,20230701,전동 킥보드,남성,60대 이상,자녀 독립기(막내가 결혼한 상태),"1,100~1,500만원 내외",기술/숙련직,대전
6758,20230701,전기 자전거,남성,60대 이상,자녀 독립기(막내가 결혼한 상태),500만원 내외,무직/기타,경북
6761,20230701,"오토바이(바이크, 스쿠터)",남성,50대,1인 가구,200만원 내외,자영업,경기
6767,20230701,전동 킥보드,남성,30대,자녀 유아기(막내가 초등학교 입학 전),500만원 내외,사무직,경기
6778,20230701,전동 킥보드,남성,40대,자녀 성장기(막내가 초등학생～고등학생),400만원 내외,사무직,인천
6779,20230701,전동 스쿠터,남성,20대,자녀 성인기(막내가 대학생～결혼 전),"1,000만원 내외",판매/서비스직,경기
6780,20230701,전기 자전거,여성,50대,자녀 성인기(막내가 대학생～결혼 전),700만원 내외,사무직,인천
6782,20230701,전동 킥보드,남성,50대,1인 가구,800만원 내외,전문직,서울
6797,20230701,"오토바이(바이크, 스쿠터)",남성,40대,1인 가구,300만원 내외,기술/숙련직,세종
6798,20230701,전동 스케이트보드,남성,50대,자녀 성인기(막내가 대학생～결혼 전),600만원 내외,경영/관리직,경기
6817,20230701,전기 자전거,남성,40대,자녀 성장기(막내가 초등학생～고등학생),"1,000만원 내외",자영업,경기
6820,20230701,"오토바이(바이크, 스쿠터)",여성,50대,자녀 성인기(막내가 대학생～결혼 전),500만원 내외,사무직,인천
6828,20230701,"오토바이(바이크, 스쿠터)",남성,50대,1인 가구,"2,100만원 이상",경영/관리직,서울
6849,20230701,전동 휠,남성,40대,자녀 성장기(막내가 초등학생～고등학생),500만원 내외,사무직,서울
6859,20230701,전동 킥보드,남성,40대,신혼기 초과(자녀없음),500만원 내외,사무직,광주
6863,20230701,전동 킥보드,남성,40대,자녀 성장기(막내가 초등학생～고등학생),300만원 내외,무직/기타,경기
6870,20230701,전기 자전거,남성,40대,자녀 성장기(막내가 초등학생～고등학생),400만원 내외,자영업,경기
6891,20230701,"오토바이(바이크, 스쿠터)",남성,40대,자녀 성장기(막내가 초등학생～고등학생),800만원 내외,기술/숙련직,경기
6905,20230701,"오토바이(바이크, 스쿠터)",남성,30대,자녀 성인기(막내가 대학생～결혼 전),700만원 내외,사무직,경남
6916,20230701,전기 자전거,여성,40대,자녀 성장기(막내가 초등학생～고등학생),600만원 내외,사무직,서울
6922,20230701,전기 자전거,남성,50대,자녀 독립기(막내가 결혼한 상태),900만원 내외,자영업,부산
6924,20230701,"오토바이(바이크, 스쿠터)",남성,30대,신혼기 초과(자녀없음),400만원 내외,자영업,부산
6925,20230701,전기 자전거,남성,40대,자녀 성장기(막내가 초등학생～고등학생),600만원 내외,기술/숙련직,인천
6945,20230701,"오토바이(바이크, 스쿠터)",남성,60대 이상,자녀 성인기(막내가 대학생～결혼 전),"1,100~1,500만원 내외",기술/숙련직,충남
6978,20230701,전동 킥보드,남성,40대,자녀 성장기(막내가 초등학생～고등학생),"1,600~2,000만원 내외",자영업,서울
6991,20230701,전동 킥보드,남성,40대,자녀 성장기(막내가 초등학생～고등학생),400만원 내외,기술/숙련직,인천
6992,20230701,전기 자전거,남성,50대,자녀 성장기(막내가 초등학생～고등학생),700만원 내외,기술/숙련직,서울
7004,20230701,"오토바이(바이크, 스쿠터)",여성,40대,자녀 성장기(막내가 초등학생～고등학생),500만원 내외,사무직,대전
7024,20230701,전동 킥보드,여성,40대,자녀 성장기(막내가 초등학생～고등학생),"1,600~2,000만원 내외",경영/관리직,경기
7028,20230701,전기 자전거,남성,60대 이상,자녀 독립기(막내가 결혼한 상태),600만원 내외,사무직,충남
7034,20230701,전기 자전거,남성,50대,1인 가구,200만원 내외,일반 공무원/준공무원,서울
7065,20230701,"오토바이(바이크, 스쿠터)",남성,50대,자녀 성장기(막내가 초등학생～고등학생),600만원 내외,기술/숙련직,경기
7093,20230701,"오토바이(바이크, 스쿠터)",남성,50대,1인 가구,100만원 이하,무직/기타,경기
7095,20230701,전동 킥보드,여성,60대 이상,자녀 성인기(막내가 대학생～결혼 전),800만원 내외,사무직,서울
7102,20230701,전동 킥보드,여성,50대,자녀 성장기(막내가 초등학생～고등학생),"2,100만원 이상",자영업,서울
7121,20230701,전기 자전거,여성,50대,신혼기 초과(자녀없음),300만원 내외,일반 공무원/준공무원,강원
7140,20230701,"오토바이(바이크, 스쿠터)",여성,40대,1인 가구,800만원 내외,경영/관리직,서울
7152,20230701,"오토바이(바이크, 스쿠터)",남성,50대,자녀 성장기(막내가 초등학생～고등학생),700만원 내외,사무직,경기
7164,20230701,전기 자전거,남성,40대,자녀 성장기(막내가 초등학생～고등학생),700만원 내외,사무직,경기
7167,20230701,전기 자전거,남성,40대,1인 가구,200만원 내외,자영업,서울
7170,20230701,전동 스케이트보드,남성,50대,자녀 성인기(막내가 대학생～결혼 전),"1,000만원 내외",사무직,경기
7172,20230701,"오토바이(바이크, 스쿠터)",남성,30대,1인 가구,300만원 내외,사무직,전북
7177,20230701,"오토바이(바이크, 스쿠터)",남성,40대,1인 가구,400만원 내외,사무직,대구
7181,20230701,전동 휠,남성,60대 이상,자녀 독립기(막내가 결혼한 상태),700만원 내외,경영/관리직,대구
7185,20230701,전기 자전거,남성,30대,신혼기 초과(자녀없음),"1,000만원 내외",자영업,경남
7224,20230701,전기 자전거,남성,40대,자녀 성장기(막내가 초등학생～고등학생),"1,000만원 내외",경영/관리직,부산
7232,20230701,전동 킥보드,남성,40대,자녀 유아기(막내가 초등학교 입학 전),500만원 내외,사무직,경기
7241,20230701,전동 스쿠터,남성,40대,자녀 성장기(막내가 초등학생～고등학생),600만원 내외,사무직,인천
7246,20230701,전동 스쿠터,여성,50대,신혼기 초과(자녀없음),300만원 내외,사무직,서울
7249,20230701,"오토바이(바이크, 스쿠터)",남성,50대,자녀 유아기(막내가 초등학교 입학 전),400만원 내외,자영업,서울
7251,20230701,전동 킥보드,남성,50대,자녀 성장기(막내가 초등학생～고등학생),700만원 내외,판매/서비스직,서울
7253,20230701,"오토바이(바이크, 스쿠터)",여성,40대,신혼기(자녀없음),600만원 내외,사무직,대전
7258,20230701,"오토바이(바이크, 스쿠터)",남성,40대,자녀 성장기(막내가 초등학생～고등학생),"1,000만원 내외",자영업,대구
7263,20230701,전기 자전거,여성,30대,자녀 독립기(막내가 결혼한 상태),모름,사무직,충북
7282,20230701,전기 자전거,여성,50대,자녀 성인기(막내가 대학생～결혼 전),"1,100~1,500만원 내외",전문직,제주
7288,20230701,전동 킥보드,남성,40대,자녀 성장기(막내가 초등학생～고등학생),600만원 내외,기술/숙련직,경기
7297,20230701,전동 스케이트보드,여성,30대,자녀 유아기(막내가 초등학교 입학 전),500만원 내외,사무직,서울
7298,20230701,전동 킥보드,여성,40대,자녀 성장기(막내가 초등학생～고등학생),500만원 내외,사무직,대구
7301,20230701,전기 자전거,남성,50대,자녀 성장기(막내가 초등학생～고등학생),600만원 내외,기술/숙련직,경기
7308,20230701,전동 킥보드,남성,40대,신혼기 초과(자녀없음),900만원 내외,경영/관리직,경기
7315,20230701,전동 킥보드,남성,40대,자녀 성장기(막내가 초등학생～고등학생),600만원 내외,자영업,서울
7318,20230701,"오토바이(바이크, 스쿠터)",남성,30대,자녀 유아기(막내가 초등학교 입학 전),700만원 내외,일반 공무원/준공무원,경남
7325,20230701,전기 자전거,남성,40대,자녀 성인기(막내가 대학생～결혼 전),700만원 내외,자영업,제주
7342,20230701,전동 휠,남성,50대,자녀 유아기(막내가 초등학교 입학 전),700만원 내외,기술/숙련직,경기
7351,20230701,전동 킥보드,남성,40대,자녀 성장기(막내가 초등학생～고등학생),"1,100~1,500만원 내외",사무직,경기
7374,20230701,전기 자전거,남성,30대,자녀 성인기(막내가 대학생～결혼 전),"1,000만원 내외",자영업,충북
7377,20230701,전동 스쿠터,남성,40대,1인 가구,700만원 내외,사무직,경북
7388,20230701,전동 킥보드,여성,30대,자녀 성인기(막내가 대학생～결혼 전),"1,100~1,500만원 내외",사무직,광주
7389,20230701,전동 킥보드,남성,30대,자녀 성인기(막내가 대학생～결혼 전),300만원 내외,사무직,경북
7392,20230701,전기 자전거,남성,50대,자녀 성장기(막내가 초등학생～고등학생),800만원 내외,자영업,경기
7395,20230701,"오토바이(바이크, 스쿠터)",남성,50대,1인 가구,300만원 내외,판매/서비스직,대전
7409,20230701,전기 자전거,남성,50대,자녀 성인기(막내가 대학생～결혼 전),500만원 내외,기술/숙련직,전남
7425,20230701,전동 킥보드,남성,30대,자녀 성장기(막내가 초등학생～고등학생),400만원 내외,판매/서비스직,서울
7441,20230701,전기 자전거,남성,40대,자녀 유아기(막내가 초등학교 입학 전),800만원 내외,사무직,서울
7447,20230701,전동 킥보드,남성,40대,자녀 성장기(막내가 초등학생～고등학생),500만원 내외,사무직,충북
7448,20230701,"오토바이(바이크, 스쿠터)",남성,40대,신혼기 초과(자녀없음),400만원 내외,기술/숙련직,인천
7453,20230701,"오토바이(바이크, 스쿠터)",남성,50대,자녀 성인기(막내가 대학생～결혼 전),"1,000만원 내외",기술/숙련직,서울
7467,20230701,전기 자전거,남성,30대,자녀 유아기(막내가 초등학교 입학 전),"1,100~1,500만원 내외",사무직,경기
7468,20230701,전동 킥보드,남성,60대 이상,자녀 독립기(막내가 결혼한 상태),600만원 내외,무직/기타,경기
7470,20230701,전동 킥보드,남성,50대,자녀 성인기(막내가 대학생～결혼 전),900만원 내외,사무직,인천
7472,20230701,전기 자전거,남성,30대,신혼기(자녀없음),600만원 내외,기술/숙련직,서울
7473,20230701,전동 킥보드,남성,40대,자녀 성장기(막내가 초등학생～고등학생),400만원 내외,경영/관리직,전북
7486,20230701,전기 자전거,남성,40대,자녀 성장기(막내가 초등학생～고등학생),700만원 내외,사무직,부산
7492,20230701,전동 킥보드,남성,40대,자녀 유아기(막내가 초등학교 입학 전),500만원 내외,기술/숙련직,부산
7512,20230701,전동 킥보드,남성,40대,1인 가구,300만원 내외,기술/숙련직,부산
7535,20230701,전동 킥보드,남성,40대,자녀 성장기(막내가 초등학생～고등학생),900만원 내외,전문직,서울
7539,20230701,"오토바이(바이크, 스쿠터)",남성,50대,자녀 독립기(막내가 결혼한 상태),"1,100~1,500만원 내외",기술/숙련직,경남
7552,20230701,"오토바이(바이크, 스쿠터)",남성,50대,자녀 성인기(막내가 대학생～결혼 전),500만원 내외,기술/숙련직,전북
7577,20230701,전동 킥보드,남성,50대,자녀 성인기(막내가 대학생～결혼 전),400만원 내외,자영업,경기
7584,20230701,"오토바이(바이크, 스쿠터)",남성,40대,자녀 유아기(막내가 초등학교 입학 전),200만원 내외,기술/숙련직,경남
7588,20230701,"오토바이(바이크, 스쿠터)",남성,40대,자녀 성장기(막내가 초등학생～고등학생),700만원 내외,사무직,경기
7595,20230701,전기 자전거,남성,40대,자녀 독립기(막내가 결혼한 상태),600만원 내외,판매/서비스직,충북
7613,20230701,전동 킥보드,남성,30대,신혼기 초과(자녀없음),300만원 내외,무직/기타,인천
7617,20230701,"오토바이(바이크, 스쿠터)",남성,60대 이상,자녀 독립기(막내가 결혼한 상태),600만원 내외,무직/기타,경기
7623,20230701,전기 자전거,남성,50대,자녀 성인기(막내가 대학생～결혼 전),모름,경영/관리직,서울
7629,20230701,전기 자전거,남성,30대,자녀 유아기(막내가 초등학교 입학 전),500만원 내외,사무직,대구
7630,20230701,전동 킥보드,여성,40대,자녀 성장기(막내가 초등학생～고등학생),300만원 내외,사무직,광주
7644,20230701,"오토바이(바이크, 스쿠터)",남성,60대 이상,자녀 독립기(막내가 결혼한 상태),300만원 내외,기술/숙련직,경북
7646,20230701,전기 자전거,남성,40대,1인 가구,"1,000만원 내외",전문직,강원
7648,20230701,"오토바이(바이크, 스쿠터)",남성,40대,자녀 성인기(막내가 대학생～결혼 전),700만원 내외,자영업,부산
7671,20230701,전동 휠,남성,40대,1인 가구,300만원 내외,기술/숙련직,경기
7673,20230701,"오토바이(바이크, 스쿠터)",남성,60대 이상,자녀 독립기(막내가 결혼한 상태),300만원 내외,자영업,서울
7674,20230701,"오토바이(바이크, 스쿠터)",남성,60대 이상,자녀 독립기(막내가 결혼한 상태),800만원 내외,자영업,경북
7688,20230701,전기 자전거,남성,50대,자녀 성인기(막내가 대학생～결혼 전),600만원 내외,판매/서비스직,대전
7691,20230701,전기 자전거,남성,50대,자녀 성인기(막내가 대학생～결혼 전),"1,000만원 내외",자영업,경기
7700,20230701,전동 킥보드,남성,60대 이상,자녀 성인기(막내가 대학생～결혼 전),"1,100~1,500만원 내외",경영/관리직,서울
7707,20230701,전동 스케이트보드,남성,30대,자녀 성인기(막내가 대학생～결혼 전),700만원 내외,사무직,서울
7713,20230701,"오토바이(바이크, 스쿠터)",남성,50대,1인 가구,600만원 내외,사무직,서울
7721,20230701,"오토바이(바이크, 스쿠터)",남성,40대,자녀 성장기(막내가 초등학생～고등학생),700만원 내외,사무직,경기
7732,20230701,"오토바이(바이크, 스쿠터)",남성,40대,1인 가구,700만원 내외,사무직,서울
7736,20230701,전동 킥보드,남성,50대,1인 가구,400만원 내외,무직/기타,인천
7748,20230701,전동 킥보드,여성,40대,1인 가구,700만원 내외,사무직,경기
7757,20230701,"오토바이(바이크, 스쿠터)",남성,40대,1인 가구,400만원 내외,사무직,서울
7766,20230701,"오토바이(바이크, 스쿠터)",남성,20대,1인 가구,300만원 내외,학생,서울
7781,20230701,전기 자전거,남성,40대,자녀 성장기(막내가 초등학생～고등학생),500만원 내외,사무직,경기
7792,20230701,전기 자전거,남성,40대,신혼기 초과(자녀없음),400만원 내외,전업주부,경남
7796,20230701,전동 스케이트보드,남성,50대,자녀 독립기(막내가 결혼한 상태),600만원 내외,자영업,제주
7817,20230701,"오토바이(바이크, 스쿠터)",남성,50대,자녀 성장기(막내가 초등학생～고등학생),400만원 내외,사무직,광주
7822,20230701,전동 킥보드,남성,40대,자녀 성인기(막내가 대학생～결혼 전),900만원 내외,자영업,경기
7827,20230701,전동 킥보드,남성,60대 이상,자녀 독립기(막내가 결혼한 상태),800만원 내외,자영업,서울
7829,20230701,전동 스쿠터,남성,40대,1인 가구,500만원 내외,사무직,경기
7834,20230701,전기 자전거,남성,30대,자녀 유아기(막내가 초등학교 입학 전),900만원 내외,기술/숙련직,경기
7839,20230701,전동 킥보드,남성,50대,자녀 성인기(막내가 대학생～결혼 전),300만원 내외,일반 공무원/준공무원,경기
7845,20230701,"오토바이(바이크, 스쿠터)",남성,30대,1인 가구,"1,100~1,500만원 내외",일반 공무원/준공무원,경북
7860,20230701,"오토바이(바이크, 스쿠터)",남성,40대,자녀 성장기(막내가 초등학생～고등학생),300만원 내외,일반 공무원/준공무원,인천
7861,20230701,"오토바이(바이크, 스쿠터)",남성,60대 이상,자녀 성인기(막내가 대학생～결혼 전),"1,000만원 내외",기술/숙련직,경기
7868,20230701,"오토바이(바이크, 스쿠터)",남성,60대 이상,자녀 성인기(막내가 대학생～결혼 전),"1,100~1,500만원 내외",무직/기타,서울
7876,20230701,"오토바이(바이크, 스쿠터)",남성,60대 이상,자녀 독립기(막내가 결혼한 상태),500만원 내외,기술/숙련직,부산
7894,20230701,전기 자전거,남성,40대,자녀 유아기(막내가 초등학교 입학 전),900만원 내외,사무직,경기
7916,20230701,"오토바이(바이크, 스쿠터)",남성,60대 이상,자녀 독립기(막내가 결혼한 상태),300만원 내외,무직/기타,울산
7940,20230701,전동 킥보드,남성,40대,자녀 성장기(막내가 초등학생～고등학생),600만원 내외,기술/숙련직,부산
7961,20230701,"오토바이(바이크, 스쿠터)",남성,50대,자녀 성인기(막내가 대학생～결혼 전),"1,000만원 내외",사무직,서울
7983,20230701,전동 스케이트보드,남성,60대 이상,자녀 독립기(막내가 결혼한 상태),300만원 내외,무직/기타,경기
7986,20230701,전동 킥보드,남성,40대,자녀 성장기(막내가 초등학생～고등학생),"1,100~1,500만원 내외",기술/숙련직,서울
7990,20230701,전동 킥보드,남성,30대,자녀 유아기(막내가 초등학교 입학 전),"1,100~1,500만원 내외",전문직,대구
7993,20230701,전기 자전거,여성,40대,자녀 성인기(막내가 대학생～결혼 전),500만원 내외,사무직,서울
8000,20230701,전기 자전거,남성,60대 이상,자녀 독립기(막내가 결혼한 상태),"1,000만원 내외",무직/기타,대전
8014,20230701,"오토바이(바이크, 스쿠터)",남성,40대,자녀 유아기(막내가 초등학교 입학 전),400만원 내외,판매/서비스직,서울
8022,20230701,전기 자전거,남성,60대 이상,자녀 성인기(막내가 대학생～결혼 전),"1,600~2,000만원 내외",일반 공무원/준공무원,대구
8036,20230701,전동 스케이트보드,여성,30대,1인 가구,100만원 이하,기술/숙련직,서울
8045,20230701,전기 자전거,남성,60대 이상,자녀 성인기(막내가 대학생～결혼 전),100만원 이하,무직/기타,경기
8052,20230701,"오토바이(바이크, 스쿠터)",남성,50대,1인 가구,"1,100~1,500만원 내외",자영업,대구
8071,20230701,"오토바이(바이크, 스쿠터)",여성,50대,자녀 성인기(막내가 대학생～결혼 전),600만원 내외,사무직,경기
8085,20230701,전기 자전거,여성,50대,자녀 독립기(막내가 결혼한 상태),200만원 내외,경영/관리직,전북
8123,20230701,전동 킥보드,남성,30대,자녀 성인기(막내가 대학생～결혼 전),600만원 내외,기술/숙련직,경기
8133,20230701,전동 스쿠터,남성,20대,자녀 성인기(막내가 대학생～결혼 전),400만원 내외,무직/기타,전남
8146,20230701,전기 자전거,남성,50대,자녀 성장기(막내가 초등학생～고등학생),800만원 내외,자영업,서울
8150,20230701,전동 스쿠터,남성,50대,자녀 성인기(막내가 대학생～결혼 전),"1,100~1,500만원 내외",경영/관리직,서울
8175,20230701,"오토바이(바이크, 스쿠터)",남성,20대,자녀 성인기(막내가 대학생～결혼 전),모름,자영업,충남
8185,20230701,전동 킥보드,남성,40대,자녀 성장기(막내가 초등학생～고등학생),500만원 내외,경영/관리직,경기
8201,20230701,전기 자전거,여성,60대 이상,자녀 성인기(막내가 대학생～결혼 전),500만원 내외,전업주부,경기
8213,20230701,전동 스케이트보드,남성,30대,신혼기(자녀없음),900만원 내외,사무직,광주
8216,20230701,전동 킥보드,남성,40대,1인 가구,500만원 내외,자영업,부산
8232,20230701,"오토바이(바이크, 스쿠터)",남성,50대,1인 가구,300만원 내외,기술/숙련직,경기
8250,20230701,전동 킥보드,남성,30대,신혼기 초과(자녀없음),800만원 내외,사무직,부산
8270,20230701,전동 킥보드,남성,40대,자녀 성인기(막내가 대학생～결혼 전),600만원 내외,기술/숙련직,경기
8274,20230701,전동 킥보드,남성,50대,자녀 성장기(막내가 초등학생～고등학생),800만원 내외,사무직,대전
8294,20230701,전동 스쿠터,남성,60대 이상,자녀 성인기(막내가 대학생～결혼 전),800만원 내외,경영/관리직,인천
8295,20230701,"오토바이(바이크, 스쿠터)",남성,50대,자녀 독립기(막내가 결혼한 상태),700만원 내외,전문직,충남
8314,20230701,"오토바이(바이크, 스쿠터)",남성,50대,자녀 성인기(막내가 대학생～결혼 전),"2,100만원 이상",자영업,충북
8316,20230701,전기 자전거,남성,50대,자녀 성인기(막내가 대학생～결혼 전),"2,100만원 이상",자영업,서울
8319,20230701,전동 스쿠터,남성,50대,자녀 독립기(막내가 결혼한 상태),500만원 내외,자영업,경기
8333,20230701,전동 킥보드,남성,60대 이상,1인 가구,"2,100만원 이상",전문직,경기
8335,20230701,전동 스케이트보드,남성,40대,1인 가구,500만원 내외,사무직,서울
8336,20230701,전기 자전거,남성,50대,자녀 성인기(막내가 대학생～결혼 전),"1,600~2,000만원 내외",자영업,경기
8337,20230701,전동 킥보드,남성,40대,자녀 유아기(막내가 초등학교 입학 전),400만원 내외,경영/관리직,충남
8349,20230701,전기 자전거,남성,40대,자녀 유아기(막내가 초등학교 입학 전),300만원 내외,기술/숙련직,경기
8355,20230701,전동 스케이트보드,남성,20대,1인 가구,400만원 내외,학생,경북
8356,20230701,전동 킥보드,남성,40대,1인 가구,300만원 내외,사무직,충북
8359,20230701,전동 킥보드,남성,40대,자녀 성장기(막내가 초등학생～고등학생),300만원 내외,일반 공무원/준공무원,강원
8366,20230701,전동 킥보드,남성,20대,1인 가구,200만원 내외,기술/숙련직,대전
8367,20230701,"오토바이(바이크, 스쿠터)",남성,40대,1인 가구,300만원 내외,자영업,부산
8370,20230701,"오토바이(바이크, 스쿠터)",남성,30대,신혼기(자녀없음),"1,600~2,000만원 내외",사무직,경기
8397,20230701,전기 자전거,여성,50대,자녀 성장기(막내가 초등학생～고등학생),700만원 내외,전문직,경기
8399,20230701,전동 스케이트보드,남성,40대,1인 가구,400만원 내외,사무직,경기
8448,20230701,전기 자전거,남성,40대,자녀 성인기(막내가 대학생～결혼 전),300만원 내외,판매/서비스직,경기
8452,20230701,전기 자전거,남성,60대 이상,자녀 성인기(막내가 대학생～결혼 전),600만원 내외,기술/숙련직,경기
8466,20230701,"오토바이(바이크, 스쿠터)",남성,40대,1인 가구,100만원 이하,무직/기타,서울
8469,20230701,전동 킥보드,여성,40대,자녀 성장기(막내가 초등학생～고등학생),"1,000만원 내외",전문직,경남
8475,20230701,전동 킥보드,남성,30대,자녀 유아기(막내가 초등학교 입학 전),300만원 내외,사무직,세종
8476,20230701,전기 자전거,여성,20대,신혼기(자녀없음),100만원 이하,자영업,경기
8479,20230701,전기 자전거,여성,30대,자녀 성장기(막내가 초등학생～고등학생),700만원 내외,사무직,광주
8486,20230701,전동 킥보드,여성,40대,자녀 성인기(막내가 대학생～결혼 전),400만원 내외,사무직,전남
8494,20230701,"오토바이(바이크, 스쿠터)",남성,50대,자녀 성인기(막내가 대학생～결혼 전),"1,100~1,500만원 내외",전문직,부산
8498,20230701,전기 자전거,남성,60대 이상,자녀 성인기(막내가 대학생～결혼 전),700만원 내외,사무직,인천
8511,20230701,전기 자전거,남성,50대,1인 가구,100만원 이하,무직/기타,전남
8515,20230701,"오토바이(바이크, 스쿠터)",남성,60대 이상,1인 가구,200만원 내외,무직/기타,경남
8518,20230701,전기 자전거,남성,60대 이상,자녀 성인기(막내가 대학생～결혼 전),400만원 내외,기술/숙련직,광주
8522,20230701,전동 스케이트보드,남성,30대,자녀 성인기(막내가 대학생～결혼 전),400만원 내외,일반 공무원/준공무원,광주
8528,20230701,"오토바이(바이크, 스쿠터)",남성,40대,자녀 유아기(막내가 초등학교 입학 전),300만원 내외,기술/숙련직,부산
8529,20230701,"오토바이(바이크, 스쿠터)",남성,60대 이상,자녀 성인기(막내가 대학생～결혼 전),"2,100만원 이상",일반 공무원/준공무원,경기
8574,20230701,전동 스쿠터,여성,40대,자녀 유아기(막내가 초등학교 입학 전),"1,000만원 내외",전문직,서울
8576,20230701,"오토바이(바이크, 스쿠터)",남성,60대 이상,자녀 독립기(막내가 결혼한 상태),300만원 내외,자영업,충남
8581,20230701,전동 킥보드,남성,50대,자녀 성인기(막내가 대학생～결혼 전),"1,100~1,500만원 내외",경영/관리직,대구
8590,20230701,"오토바이(바이크, 스쿠터)",남성,50대,자녀 성장기(막내가 초등학생～고등학생),"1,100~1,500만원 내외",전문직,부산
8592,20230701,전기 자전거,남성,60대 이상,자녀 독립기(막내가 결혼한 상태),300만원 내외,무직/기타,경기
8599,20230701,"오토바이(바이크, 스쿠터)",남성,40대,자녀 유아기(막내가 초등학교 입학 전),700만원 내외,일반 공무원/준공무원,경기
8605,20230701,전기 자전거,남성,30대,자녀 유아기(막내가 초등학교 입학 전),300만원 내외,판매/서비스직,서울
8606,20230701,"오토바이(바이크, 스쿠터)",남성,60대 이상,자녀 독립기(막내가 결혼한 상태),600만원 내외,자영업,충남
8615,20230701,전동 킥보드,남성,20대,자녀 독립기(막내가 결혼한 상태),300만원 내외,사무직,광주
8626,20230701,"오토바이(바이크, 스쿠터)",남성,50대,자녀 성인기(막내가 대학생～결혼 전),300만원 내외,자영업,경북
8646,20230701,전기 자전거,남성,40대,신혼기(자녀없음),600만원 내외,사무직,제주
8655,20230701,"오토바이(바이크, 스쿠터)",남성,60대 이상,자녀 독립기(막내가 결혼한 상태),300만원 내외,무직/기타,경북
8662,20230701,전동 킥보드,남성,40대,자녀 성장기(막내가 초등학생～고등학생),500만원 내외,기술/숙련직,부산
8673,20230701,전기 자전거,남성,60대 이상,자녀 독립기(막내가 결혼한 상태),200만원 내외,기술/숙련직,전북
8674,20230701,"오토바이(바이크, 스쿠터)",남성,40대,자녀 독립기(막내가 결혼한 상태),700만원 내외,판매/서비스직,부산
8685,20230701,"오토바이(바이크, 스쿠터)",남성,30대,자녀 성인기(막내가 대학생～결혼 전),600만원 내외,기술/숙련직,서울
8695,20230701,전기 자전거,남성,50대,자녀 성인기(막내가 대학생～결혼 전),600만원 내외,일반 공무원/준공무원,강원
8710,20230701,전동 휠,남성,40대,자녀 성장기(막내가 초등학생～고등학생),"1,000만원 내외",경영/관리직,경기
8718,20230701,전기 자전거,남성,40대,자녀 성장기(막내가 초등학생～고등학생),700만원 내외,사무직,인천
8750,20230701,전동 휠,남성,50대,자녀 성장기(막내가 초등학생～고등학생),"1,100~1,500만원 내외",자영업,서울
8753,20230701,"오토바이(바이크, 스쿠터)",남성,50대,자녀 성인기(막내가 대학생～결혼 전),500만원 내외,기술/숙련직,경남
8762,20230701,전동 킥보드,남성,60대 이상,자녀 독립기(막내가 결혼한 상태),400만원 내외,기술/숙련직,대구
8764,20230701,전동 스케이트보드,남성,50대,자녀 유아기(막내가 초등학교 입학 전),700만원 내외,일반 공무원/준공무원,서울
8766,20230701,"오토바이(바이크, 스쿠터)",여성,30대,자녀 유아기(막내가 초등학교 입학 전),"1,600~2,000만원 내외",자영업,부산
8770,20230701,전동 스케이트보드,남성,40대,신혼기 초과(자녀없음),600만원 내외,사무직,서울
8776,20230701,전동 킥보드,남성,30대,1인 가구,300만원 내외,기술/숙련직,충남
8794,20230701,"오토바이(바이크, 스쿠터)",여성,50대,1인 가구,300만원 내외,전문직,충남
8805,20230701,전기 자전거,남성,50대,자녀 성인기(막내가 대학생～결혼 전),700만원 내외,일반 공무원/준공무원,대구
8814,20230701,전동 킥보드,남성,40대,자녀 성장기(막내가 초등학생～고등학생),"1,100~1,500만원 내외",사무직,서울
8825,20230701,전기 자전거,남성,60대 이상,자녀 독립기(막내가 결혼한 상태),400만원 내외,자영업,충북
8828,20230701,전동 스쿠터,남성,50대,1인 가구,500만원 내외,사무직,세종
8852,20230701,전동 킥보드,남성,30대,자녀 성장기(막내가 초등학생～고등학생),300만원 내외,사무직,경기
8860,20230701,전동 킥보드,남성,40대,자녀 성장기(막내가 초등학생～고등학생),"1,100~1,500만원 내외",판매/서비스직,경기
8884,20230701,전동 킥보드,남성,50대,1인 가구,500만원 내외,경영/관리직,대구
8885,20230701,"오토바이(바이크, 스쿠터)",남성,40대,1인 가구,400만원 내외,기술/숙련직,서울
8887,20230701,전기 자전거,남성,50대,1인 가구,200만원 내외,무직/기타,경기
8892,20230701,전기 자전거,남성,50대,자녀 성장기(막내가 초등학생～고등학생),800만원 내외,자영업,경남
8914,20230701,전기 자전거,남성,40대,신혼기 초과(자녀없음),100만원 이하,무직/기타,경기
8927,20230701,전동 스케이트보드,남성,50대,자녀 성장기(막내가 초등학생～고등학생),700만원 내외,사무직,서울
8930,20230701,전동 스케이트보드,남성,30대,자녀 유아기(막내가 초등학교 입학 전),300만원 내외,판매/서비스직,경기
8933,20230701,전기 자전거,남성,50대,자녀 성장기(막내가 초등학생～고등학생),500만원 내외,기술/숙련직,서울
8937,20230701,"오토바이(바이크, 스쿠터)",남성,40대,신혼기 초과(자녀없음),700만원 내외,경영/관리직,서울
8938,20230701,전동 스쿠터,남성,50대,자녀 성인기(막내가 대학생～결혼 전),"1,100~1,500만원 내외",전문직,경남
8962,20230701,전동 킥보드,남성,60대 이상,자녀 독립기(막내가 결혼한 상태),500만원 내외,무직/기타,서울
8969,20230701,전기 자전거,남성,60대 이상,자녀 성인기(막내가 대학생～결혼 전),"1,000만원 내외",판매/서비스직,경남
8977,20230701,전기 자전거,여성,40대,자녀 성장기(막내가 초등학생～고등학생),"2,100만원 이상",전업주부,충북
8979,20230701,전기 자전거,남성,40대,자녀 성장기(막내가 초등학생～고등학생),800만원 내외,자영업,경남
8980,20230701,"오토바이(바이크, 스쿠터)",남성,40대,자녀 유아기(막내가 초등학교 입학 전),200만원 내외,판매/서비스직,경기
8988,20230701,"오토바이(바이크, 스쿠터)",남성,40대,자녀 성장기(막내가 초등학생～고등학생),600만원 내외,사무직,경기
8999,20230701,"오토바이(바이크, 스쿠터)",남성,40대,자녀 성인기(막내가 대학생～결혼 전),700만원 내외,기술/숙련직,전북
9011,20230701,"오토바이(바이크, 스쿠터)",남성,40대,자녀 독립기(막내가 결혼한 상태),500만원 내외,무직/기타,서울
9020,20230701,전기 자전거,남성,50대,자녀 성인기(막내가 대학생～결혼 전),"1,100~1,500만원 내외",경영/관리직,인천
9067,20230701,전기 자전거,여성,60대 이상,자녀 독립기(막내가 결혼한 상태),"1,100~1,500만원 내외",전업주부,경기
9068,20230701,전동 스케이트보드,남성,30대,신혼기(자녀없음),600만원 내외,판매/서비스직,경기
9085,20230701,전기 자전거,남성,40대,자녀 유아기(막내가 초등학교 입학 전),300만원 내외,사무직,서울
9086,20230701,"오토바이(바이크, 스쿠터)",남성,30대,1인 가구,300만원 내외,자영업,강원
9089,20230701,전기 자전거,남성,60대 이상,자녀 성인기(막내가 대학생～결혼 전),800만원 내외,기술/숙련직,충북
9094,20230701,"오토바이(바이크, 스쿠터)",남성,30대,자녀 성인기(막내가 대학생～결혼 전),500만원 내외,기술/숙련직,서울
9095,20230701,전동 스케이트보드,남성,60대 이상,자녀 독립기(막내가 결혼한 상태),200만원 내외,자영업,경기
9099,20230701,전기 자전거,남성,60대 이상,자녀 성인기(막내가 대학생～결혼 전),700만원 내외,전문직,부산
9127,20230701,전동 휠,남성,50대,자녀 성인기(막내가 대학생～결혼 전),500만원 내외,사무직,전남
9133,20230701,"오토바이(바이크, 스쿠터)",남성,50대,신혼기 초과(자녀없음),500만원 내외,전문직,부산
9154,20230701,"오토바이(바이크, 스쿠터)",남성,50대,자녀 성장기(막내가 초등학생～고등학생),"2,100만원 이상",자영업,경기
9158,20230701,전동 킥보드,남성,40대,자녀 성인기(막내가 대학생～결혼 전),400만원 내외,사무직,서울
9190,20230701,전동 킥보드,남성,50대,자녀 성장기(막내가 초등학생～고등학생),"1,000만원 내외",사무직,충북
9196,20230701,전동 킥보드,남성,30대,자녀 유아기(막내가 초등학교 입학 전),300만원 내외,기술/숙련직,충북
9199,20230701,"오토바이(바이크, 스쿠터)",남성,40대,자녀 성인기(막내가 대학생～결혼 전),600만원 내외,자영업,충북
9217,20230701,"오토바이(바이크, 스쿠터)",남성,60대 이상,자녀 성인기(막내가 대학생～결혼 전),"1,100~1,500만원 내외",일반 공무원/준공무원,서울
9233,20230701,"오토바이(바이크, 스쿠터)",남성,60대 이상,자녀 성인기(막내가 대학생～결혼 전),600만원 내외,사무직,광주
9258,20230701,"오토바이(바이크, 스쿠터)",남성,40대,1인 가구,300만원 내외,사무직,서울
9259,20230701,전기 자전거,여성,40대,자녀 성인기(막내가 대학생～결혼 전),700만원 내외,자영업,충남
9272,20230701,"오토바이(바이크, 스쿠터)",여성,30대,자녀 성인기(막내가 대학생～결혼 전),500만원 내외,사무직,충남
9287,20230701,"오토바이(바이크, 스쿠터)",남성,30대,자녀 독립기(막내가 결혼한 상태),700만원 내외,판매/서비스직,경남
9288,20230701,전동 킥보드,남성,60대 이상,자녀 성인기(막내가 대학생～결혼 전),"1,000만원 내외",사무직,대전
9291,20230701,전동 스케이트보드,남성,40대,자녀 성장기(막내가 초등학생～고등학생),600만원 내외,기술/숙련직,서울
9311,20230701,전동 스케이트보드,남성,40대,신혼기(자녀없음),200만원 내외,사무직,서울
9318,20230701,전동 킥보드,남성,50대,자녀 성인기(막내가 대학생～결혼 전),400만원 내외,사무직,울산
9331,20230701,전기 자전거,남성,50대,자녀 성인기(막내가 대학생～결혼 전),700만원 내외,무직/기타,서울
9342,20230701,전기 자전거,여성,30대,1인 가구,300만원 내외,일반 공무원/준공무원,경북
9349,20230701,"오토바이(바이크, 스쿠터)",남성,40대,1인 가구,300만원 내외,사무직,광주
9356,20230701,"오토바이(바이크, 스쿠터)",여성,50대,자녀 성장기(막내가 초등학생～고등학생),700만원 내외,사무직,서울
9397,20230701,전기 자전거,남성,30대,자녀 성인기(막내가 대학생～결혼 전),500만원 내외,기술/숙련직,광주
9398,20230701,전동 킥보드,여성,50대,자녀 성장기(막내가 초등학생～고등학생),"1,100~1,500만원 내외",사무직,경기
9403,20230701,전기 자전거,남성,40대,자녀 유아기(막내가 초등학교 입학 전),"2,100만원 이상",전문직,서울
9411,20230701,전동 스케이트보드,여성,40대,자녀 성장기(막내가 초등학생～고등학생),"2,100만원 이상",자영업,세종
9427,20230701,전기 자전거,여성,40대,1인 가구,400만원 내외,사무직,경기
9431,20230701,전기 자전거,남성,30대,자녀 성인기(막내가 대학생～결혼 전),모름,무직/기타,경기
9439,20230701,전기 자전거,남성,50대,자녀 성인기(막내가 대학생～결혼 전),500만원 내외,기술/숙련직,서울
9448,20230701,"오토바이(바이크, 스쿠터)",여성,60대 이상,자녀 독립기(막내가 결혼한 상태),400만원 내외,전업주부,울산
9493,20230701,전기 자전거,여성,50대,자녀 성인기(막내가 대학생～결혼 전),600만원 내외,전문직,충남
9500,20230701,"오토바이(바이크, 스쿠터)",남성,40대,1인 가구,200만원 내외,일반 공무원/준공무원,경기
9520,20230701,전동 킥보드,여성,40대,자녀 성인기(막내가 대학생～결혼 전),400만원 내외,기술/숙련직,대전
9523,20230701,전동 스쿠터,남성,20대,자녀 유아기(막내가 초등학교 입학 전),300만원 내외,일반 공무원/준공무원,울산
9525,20230701,전동 스쿠터,남성,50대,1인 가구,200만원 내외,사무직,광주
9530,20230701,전동 스쿠터,여성,30대,자녀 성장기(막내가 초등학생～고등학생),"2,100만원 이상",사무직,경북
9553,20230701,전동 킥보드,남성,50대,자녀 성장기(막내가 초등학생～고등학생),400만원 내외,자영업,경기
9564,20230701,전기 자전거,남성,40대,자녀 유아기(막내가 초등학교 입학 전),600만원 내외,기술/숙련직,충남
9566,20230701,전동 휠,남성,40대,자녀 성인기(막내가 대학생～결혼 전),400만원 내외,자영업,서울
9572,20230701,전동 킥보드,여성,40대,자녀 성장기(막내가 초등학생～고등학생),100만원 이하,무직/기타,전북
9575,20230701,전동 스쿠터,남성,40대,자녀 성인기(막내가 대학생～결혼 전),"1,600~2,000만원 내외",경영/관리직,서울
9579,20230701,전동 킥보드,남성,40대,자녀 유아기(막내가 초등학교 입학 전),400만원 내외,사무직,전북
9597,20230701,전기 자전거,남성,40대,신혼기(자녀없음),600만원 내외,전문직,서울
9610,20230701,전기 자전거,여성,60대 이상,자녀 성인기(막내가 대학생～결혼 전),"1,100~1,500만원 내외",사무직,부산
9612,20230701,"오토바이(바이크, 스쿠터)",남성,30대,1인 가구,모름,자영업,충남
9634,20230701,전기 자전거,여성,50대,자녀 성인기(막내가 대학생～결혼 전),"1,100~1,500만원 내외",전문직,서울
9644,20230701,전동 스케이트보드,여성,30대,자녀 성인기(막내가 대학생～결혼 전),700만원 내외,사무직,서울
9645,20230701,전기 자전거,남성,60대 이상,자녀 독립기(막내가 결혼한 상태),200만원 내외,무직/기타,충북
9660,20230701,전동 킥보드,남성,30대,1인 가구,300만원 내외,기술/숙련직,경북
9664,20230701,전동 킥보드,남성,30대,자녀 성인기(막내가 대학생～결혼 전),"1,100~1,500만원 내외",사무직,서울
9687,20230701,"오토바이(바이크, 스쿠터)",남성,40대,자녀 유아기(막내가 초등학교 입학 전),700만원 내외,사무직,서울
9701,20230701,"오토바이(바이크, 스쿠터)",남성,30대,자녀 유아기(막내가 초등학교 입학 전),300만원 내외,기술/숙련직,울산
9709,20230701,"오토바이(바이크, 스쿠터)",남성,40대,1인 가구,300만원 내외,기술/숙련직,충북
9711,20230701,"오토바이(바이크, 스쿠터)",남성,40대,자녀 유아기(막내가 초등학교 입학 전),400만원 내외,자영업,대구
9712,20230701,전동 킥보드,남성,60대 이상,1인 가구,400만원 내외,자영업,경기
9715,20230701,전기 자전거,남성,30대,1인 가구,500만원 내외,기술/숙련직,경기
9735,20230701,"오토바이(바이크, 스쿠터)",남성,40대,자녀 독립기(막내가 결혼한 상태),500만원 내외,기술/숙련직,충남
9739,20230701,"오토바이(바이크, 스쿠터)",남성,40대,1인 가구,400만원 내외,자영업,대구
9745,20230701,전동 스케이트보드,남성,30대,1인 가구,200만원 내외,학생,경기
9756,20230701,전기 자전거,남성,40대,1인 가구,300만원 내외,전문직,서울
9780,20230701,전동 킥보드,남성,60대 이상,자녀 성인기(막내가 대학생～결혼 전),"1,000만원 내외",사무직,광주
9798,20230701,전동 킥보드,남성,40대,신혼기 초과(자녀없음),600만원 내외,기술/숙련직,경북
9818,20230701,"오토바이(바이크, 스쿠터)",남성,60대 이상,신혼기(자녀없음),800만원 내외,전문직,서울
9837,20230701,전기 자전거,남성,30대,신혼기(자녀없음),500만원 내외,기술/숙련직,경기
9846,20230701,전기 자전거,여성,60대 이상,자녀 독립기(막내가 결혼한 상태),400만원 내외,전업주부,광주
9872,20230701,"오토바이(바이크, 스쿠터)",남성,40대,1인 가구,200만원 내외,사무직,서울
9878,20230701,전기 자전거,남성,30대,자녀 유아기(막내가 초등학교 입학 전),200만원 내외,무직/기타,울산
9881,20230701,전동 킥보드,남성,60대 이상,자녀 성인기(막내가 대학생～결혼 전),800만원 내외,자영업,경기
9884,20230701,전동 킥보드,남성,50대,자녀 성장기(막내가 초등학생～고등학생),500만원 내외,기술/숙련직,경기
9885,20230701,전동 킥보드,남성,60대 이상,신혼기 초과(자녀없음),400만원 내외,기술/숙련직,경기
9886,20230701,"오토바이(바이크, 스쿠터)",남성,30대,자녀 성장기(막내가 초등학생～고등학생),600만원 내외,기술/숙련직,경기
9904,20230701,"오토바이(바이크, 스쿠터)",남성,40대,자녀 성인기(막내가 대학생～결혼 전),500만원 내외,사무직,경기
9909,20230701,"오토바이(바이크, 스쿠터)",남성,60대 이상,자녀 성장기(막내가 초등학생～고등학생),800만원 내외,경영/관리직,경기
9935,20230701,전기 자전거,여성,50대,자녀 성인기(막내가 대학생～결혼 전),700만원 내외,전업주부,광주
9946,20230701,전동 킥보드,남성,50대,자녀 성장기(막내가 초등학생～고등학생),"1,100~1,500만원 내외",경영/관리직,서울
9951,20230701,전동 킥보드,남성,30대,신혼기(자녀없음),700만원 내외,사무직,경기
9967,20230701,전기 자전거,남성,50대,자녀 성인기(막내가 대학생～결혼 전),800만원 내외,사무직,경기
9985,20230701,"오토바이(바이크, 스쿠터)",남성,50대,자녀 성인기(막내가 대학생～결혼 전),600만원 내외,사무직,인천
9987,20230701,전동 킥보드,남성,40대,자녀 성장기(막내가 초등학생～고등학생),700만원 내외,사무직,경기
9991,20230701,전동 킥보드,남성,40대,자녀 성인기(막내가 대학생～결혼 전),500만원 내외,사무직,경북
9996,20230701,전기 자전거,남성,40대,1인 가구,200만원 내외,판매/서비스직,광주
9999,20230701,전기 자전거,남성,40대,자녀 성장기(막내가 초등학생～고등학생),900만원 내외,일반 공무원/준공무원,경기
10005,20230701,전기 자전거,남성,40대,신혼기(자녀없음),500만원 내외,사무직,서울
10006,20230701,"오토바이(바이크, 스쿠터)",남성,40대,1인 가구,400만원 내외,기술/숙련직,서울
10010,20230701,전동 킥보드,남성,40대,자녀 성장기(막내가 초등학생～고등학생),600만원 내외,경영/관리직,경남
10022,20230701,전동 휠,남성,40대,자녀 성장기(막내가 초등학생～고등학생),600만원 내외,사무직,경북
10051,20230701,"오토바이(바이크, 스쿠터)",남성,40대,자녀 유아기(막내가 초등학교 입학 전),100만원 이하,판매/서비스직,충남
10058,20230701,"오토바이(바이크, 스쿠터)",남성,60대 이상,자녀 성인기(막내가 대학생～결혼 전),800만원 내외,기술/숙련직,제주
10069,20230701,전동 스케이트보드,남성,50대,자녀 성장기(막내가 초등학생～고등학생),700만원 내외,경영/관리직,전북
10135,20230701,전기 자전거,남성,50대,자녀 성인기(막내가 대학생～결혼 전),800만원 내외,사무직,서울
10158,20230701,"오토바이(바이크, 스쿠터)",남성,50대,자녀 성인기(막내가 대학생～결혼 전),"1,000만원 내외",기술/숙련직,경북
10161,20230701,"오토바이(바이크, 스쿠터)",남성,50대,1인 가구,100만원 이하,무직/기타,전남
10163,20230701,전동 킥보드,남성,60대 이상,자녀 독립기(막내가 결혼한 상태),900만원 내외,전문직,서울
10174,20230701,"오토바이(바이크, 스쿠터)",여성,50대,자녀 독립기(막내가 결혼한 상태),600만원 내외,전업주부,경기
10176,20230701,전기 자전거,남성,60대 이상,자녀 성인기(막내가 대학생～결혼 전),500만원 내외,무직/기타,경기
10179,20230701,전동 킥보드,남성,40대,1인 가구,400만원 내외,판매/서비스직,부산
10182,20230701,전기 자전거,남성,40대,자녀 성인기(막내가 대학생～결혼 전),"1,000만원 내외",자영업,인천
10188,20230701,전동 킥보드,남성,50대,자녀 성인기(막내가 대학생～결혼 전),"1,000만원 내외",사무직,인천
10189,20230701,전기 자전거,남성,60대 이상,자녀 성인기(막내가 대학생～결혼 전),"1,000만원 내외",자영업,충남
10194,20230701,전기 자전거,남성,40대,1인 가구,500만원 내외,일반 공무원/준공무원,서울
10216,20230701,전동 킥보드,남성,40대,자녀 성장기(막내가 초등학생～고등학생),900만원 내외,사무직,경기
10234,20230701,"오토바이(바이크, 스쿠터)",남성,50대,자녀 성인기(막내가 대학생～결혼 전),800만원 내외,사무직,경기
10239,20230701,전기 자전거,남성,50대,자녀 성인기(막내가 대학생～결혼 전),600만원 내외,기술/숙련직,경기
10246,20230701,전동 킥보드,남성,30대,자녀 유아기(막내가 초등학교 입학 전),600만원 내외,사무직,경기
10249,20230701,전동 킥보드,남성,50대,자녀 성장기(막내가 초등학생～고등학생),800만원 내외,경영/관리직,경기
10251,20230701,전동 킥보드,남성,30대,1인 가구,500만원 내외,기술/숙련직,인천
10255,20230701,전동 킥보드,남성,30대,자녀 성장기(막내가 초등학생～고등학생),600만원 내외,사무직,경남
10263,20230701,"오토바이(바이크, 스쿠터)",남성,50대,신혼기(자녀없음),500만원 내외,기술/숙련직,서울
10270,20230701,전동 킥보드,남성,50대,자녀 성장기(막내가 초등학생～고등학생),600만원 내외,사무직,경기
10291,20230701,전기 자전거,남성,50대,자녀 성인기(막내가 대학생～결혼 전),900만원 내외,사무직,부산
10297,20230701,전동 킥보드,남성,50대,자녀 성장기(막내가 초등학생～고등학생),600만원 내외,사무직,인천
10303,20230701,전동 킥보드,여성,40대,자녀 성장기(막내가 초등학생～고등학생),400만원 내외,사무직,대구
10328,20230701,전기 자전거,남성,40대,자녀 성장기(막내가 초등학생～고등학생),700만원 내외,사무직,인천
10335,20230701,전기 자전거,여성,60대 이상,1인 가구,300만원 내외,자영업,울산
10341,20230701,"오토바이(바이크, 스쿠터)",남성,30대,자녀 유아기(막내가 초등학교 입학 전),600만원 내외,사무직,경기
10351,20230701,전동 스케이트보드,남성,40대,자녀 유아기(막내가 초등학교 입학 전),600만원 내외,사무직,서울
10366,20230701,전동 스쿠터,남성,50대,1인 가구,"1,100~1,500만원 내외",경영/관리직,서울
10371,20230701,"오토바이(바이크, 스쿠터)",남성,50대,신혼기 초과(자녀없음),800만원 내외,자영업,경기
10378,20230701,전동 스쿠터,남성,60대 이상,자녀 독립기(막내가 결혼한 상태),600만원 내외,기술/숙련직,전남
10401,20230701,"오토바이(바이크, 스쿠터)",남성,60대 이상,자녀 성인기(막내가 대학생～결혼 전),600만원 내외,기술/숙련직,울산
10414,20230701,전기 자전거,남성,40대,자녀 성장기(막내가 초등학생～고등학생),500만원 내외,기술/숙련직,강원
10416,20230701,전기 자전거,남성,60대 이상,자녀 독립기(막내가 결혼한 상태),500만원 내외,기술/숙련직,경기
10441,20230701,전기 자전거,남성,50대,자녀 성인기(막내가 대학생～결혼 전),500만원 내외,사무직,경기
10445,20230701,전기 자전거,남성,50대,자녀 성인기(막내가 대학생～결혼 전),"1,000만원 내외",기술/숙련직,대전
10451,20230701,전기 자전거,여성,50대,자녀 성인기(막내가 대학생～결혼 전),900만원 내외,일반 공무원/준공무원,경남
10462,20230701,"오토바이(바이크, 스쿠터)",여성,30대,신혼기(자녀없음),"1,100~1,500만원 내외",사무직,경북
10464,20230701,전기 자전거,남성,50대,자녀 성인기(막내가 대학생～결혼 전),"1,600~2,000만원 내외",경영/관리직,서울
10475,20230701,전동 킥보드,남성,40대,신혼기 초과(자녀없음),700만원 내외,판매/서비스직,경기
10490,20230701,전기 자전거,남성,60대 이상,자녀 성인기(막내가 대학생～결혼 전),400만원 내외,무직/기타,경북
10492,20230701,전기 자전거,여성,30대,자녀 성인기(막내가 대학생～결혼 전),400만원 내외,사무직,경기
10512,20230701,전동 킥보드,남성,40대,1인 가구,400만원 내외,사무직,대전
10526,20230701,전동 킥보드,남성,50대,자녀 성인기(막내가 대학생～결혼 전),800만원 내외,경영/관리직,경기
10532,20230701,전기 자전거,남성,40대,신혼기 초과(자녀없음),400만원 내외,경영/관리직,충남
10536,20230701,"오토바이(바이크, 스쿠터)",남성,60대 이상,자녀 성인기(막내가 대학생～결혼 전),"1,600~2,000만원 내외",자영업,서울
10541,20230701,"오토바이(바이크, 스쿠터)",여성,30대,신혼기(자녀없음),600만원 내외,사무직,충북
10543,20230701,전동 킥보드,남성,40대,자녀 성장기(막내가 초등학생～고등학생),600만원 내외,기술/숙련직,경기
10564,20230701,전동 휠,남성,50대,자녀 성인기(막내가 대학생～결혼 전),700만원 내외,기술/숙련직,경남
10577,20230701,전기 자전거,남성,60대 이상,자녀 독립기(막내가 결혼한 상태),300만원 내외,무직/기타,서울
10578,20230701,전동 킥보드,남성,40대,1인 가구,400만원 내외,사무직,서울
10594,20230701,전동 킥보드,남성,30대,자녀 유아기(막내가 초등학교 입학 전),800만원 내외,사무직,경남
10621,20230701,"오토바이(바이크, 스쿠터)",남성,30대,자녀 유아기(막내가 초등학교 입학 전),900만원 내외,전문직,서울
10643,20230701,"오토바이(바이크, 스쿠터)",남성,40대,자녀 성인기(막내가 대학생～결혼 전),700만원 내외,사무직,서울
10652,20230701,전기 자전거,남성,40대,자녀 성장기(막내가 초등학생～고등학생),400만원 내외,자영업,충북
10668,20230701,전기 자전거,남성,60대 이상,자녀 성인기(막내가 대학생～결혼 전),"1,000만원 내외",사무직,경기
10669,20230701,"오토바이(바이크, 스쿠터)",남성,50대,자녀 성인기(막내가 대학생～결혼 전),800만원 내외,기술/숙련직,서울
10670,20230701,전기 자전거,남성,50대,자녀 성인기(막내가 대학생～결혼 전),900만원 내외,기술/숙련직,경기
10683,20230701,"오토바이(바이크, 스쿠터)",남성,40대,자녀 유아기(막내가 초등학교 입학 전),"1,000만원 내외",기술/숙련직,인천
10686,20230701,"오토바이(바이크, 스쿠터)",남성,50대,신혼기 초과(자녀없음),600만원 내외,전문직,경기
10695,20230701,전기 자전거,남성,30대,자녀 성장기(막내가 초등학생～고등학생),500만원 내외,사무직,경북
10700,20230701,전기 자전거,남성,40대,자녀 유아기(막내가 초등학교 입학 전),500만원 내외,사무직,서울
10715,20230701,전기 자전거,남성,50대,자녀 성장기(막내가 초등학생～고등학생),600만원 내외,사무직,서울
10719,20230701,전동 킥보드,여성,40대,1인 가구,300만원 내외,기술/숙련직,부산
10728,20230701,전동 킥보드,여성,20대,자녀 성인기(막내가 대학생～결혼 전),300만원 내외,사무직,서울
10739,20230701,전동 킥보드,남성,40대,신혼기 초과(자녀없음),400만원 내외,기술/숙련직,서울
10744,20230701,전기 자전거,남성,50대,자녀 성장기(막내가 초등학생～고등학생),"1,100~1,500만원 내외",기술/숙련직,서울
10750,20230701,"오토바이(바이크, 스쿠터)",남성,30대,자녀 유아기(막내가 초등학교 입학 전),400만원 내외,일반 공무원/준공무원,경남
10760,20230701,"오토바이(바이크, 스쿠터)",남성,60대 이상,자녀 독립기(막내가 결혼한 상태),300만원 내외,무직/기타,경기
10769,20230701,전기 자전거,남성,40대,자녀 성장기(막내가 초등학생～고등학생),500만원 내외,기술/숙련직,대전
10796,20230701,"오토바이(바이크, 스쿠터)",남성,50대,자녀 유아기(막내가 초등학교 입학 전),200만원 내외,판매/서비스직,전북
10797,20230701,전기 자전거,남성,30대,자녀 성장기(막내가 초등학생～고등학생),"1,000만원 내외",자영업,전북
10811,20230701,전동 스쿠터,남성,40대,자녀 유아기(막내가 초등학교 입학 전),800만원 내외,사무직,부산
10854,20230701,"오토바이(바이크, 스쿠터)",남성,40대,신혼기 초과(자녀없음),600만원 내외,사무직,경기
10873,20230701,전기 자전거,남성,50대,자녀 성장기(막내가 초등학생～고등학생),600만원 내외,사무직,경기
10877,20230701,전기 자전거,남성,40대,자녀 독립기(막내가 결혼한 상태),700만원 내외,기술/숙련직,대구
10881,20230701,전기 자전거,남성,30대,신혼기(자녀없음),900만원 내외,사무직,대전
10922,20230701,전기 자전거,남성,50대,자녀 성인기(막내가 대학생～결혼 전),500만원 내외,사무직,서울
10923,20230701,전기 자전거,남성,50대,자녀 성장기(막내가 초등학생～고등학생),"1,100~1,500만원 내외",자영업,경기
10942,20230701,"오토바이(바이크, 스쿠터)",남성,40대,자녀 성인기(막내가 대학생～결혼 전),600만원 내외,사무직,인천
10944,20230701,전동 휠,남성,30대,자녀 성장기(막내가 초등학생～고등학생),900만원 내외,경영/관리직,서울
10950,20230701,"오토바이(바이크, 스쿠터)",남성,50대,자녀 성장기(막내가 초등학생～고등학생),"1,000만원 내외",사무직,서울
10951,20230701,"오토바이(바이크, 스쿠터)",남성,40대,자녀 유아기(막내가 초등학교 입학 전),"2,100만원 이상",경영/관리직,서울
10954,20230701,전동 휠,남성,60대 이상,자녀 성인기(막내가 대학생～결혼 전),400만원 내외,사무직,경기
10986,20230701,"오토바이(바이크, 스쿠터)",남성,50대,자녀 성인기(막내가 대학생～결혼 전),"2,100만원 이상",기술/숙련직,광주
10991,20230701,전동 킥보드,남성,40대,자녀 유아기(막내가 초등학교 입학 전),400만원 내외,사무직,경기
10995,20230701,전기 자전거,남성,60대 이상,자녀 성인기(막내가 대학생～결혼 전),"1,000만원 내외",경영/관리직,서울
11009,20230701,전동 킥보드,남성,40대,신혼기(자녀없음),"1,000만원 내외",자영업,경기
11059,20230701,전동 킥보드,남성,40대,자녀 유아기(막내가 초등학교 입학 전),400만원 내외,사무직,서울
11084,20230701,전기 자전거,남성,50대,신혼기 초과(자녀없음),"1,100~1,500만원 내외",경영/관리직,강원
11089,20230701,전동 킥보드,남성,50대,자녀 성인기(막내가 대학생～결혼 전),900만원 내외,경영/관리직,서울
11094,20230701,"오토바이(바이크, 스쿠터)",남성,40대,자녀 성장기(막내가 초등학생～고등학생),900만원 내외,사무직,충북
11096,20230701,전기 자전거,남성,60대 이상,자녀 성인기(막내가 대학생～결혼 전),800만원 내외,자영업,울산
11111,20230701,전동 휠,남성,50대,1인 가구,300만원 내외,사무직,서울
11138,20230701,"오토바이(바이크, 스쿠터)",남성,60대 이상,자녀 성인기(막내가 대학생～결혼 전),"1,100~1,500만원 내외",경영/관리직,서울
11166,20230701,"오토바이(바이크, 스쿠터)",여성,30대,자녀 성장기(막내가 초등학생～고등학생),600만원 내외,사무직,울산
11171,20230701,전기 자전거,남성,50대,자녀 성인기(막내가 대학생～결혼 전),800만원 내외,자영업,대전
11198,20230701,전기 자전거,남성,50대,자녀 성장기(막내가 초등학생～고등학생),400만원 내외,판매/서비스직,전남
11200,20230701,"오토바이(바이크, 스쿠터)",남성,50대,자녀 성인기(막내가 대학생～결혼 전),800만원 내외,전문직,서울
11210,20230701,"오토바이(바이크, 스쿠터)",여성,50대,자녀 성인기(막내가 대학생～결혼 전),500만원 내외,사무직,강원
11213,20230701,전동 킥보드,남성,50대,자녀 성장기(막내가 초등학생～고등학생),900만원 내외,기술/숙련직,경기
11220,20230701,"오토바이(바이크, 스쿠터)",남성,50대,자녀 성인기(막내가 대학생～결혼 전),500만원 내외,경영/관리직,울산
11221,20230701,"오토바이(바이크, 스쿠터)",남성,40대,1인 가구,300만원 내외,사무직,서울
11236,20230701,전동 킥보드,여성,30대,신혼기(자녀없음),600만원 내외,사무직,경남
11238,20230701,전동 킥보드,남성,40대,자녀 성장기(막내가 초등학생～고등학생),400만원 내외,사무직,경남
11243,20230701,전기 자전거,남성,50대,자녀 성장기(막내가 초등학생～고등학생),600만원 내외,사무직,강원
11247,20230701,전동 킥보드,여성,40대,자녀 성장기(막내가 초등학생～고등학생),600만원 내외,사무직,경기
11258,20230701,"오토바이(바이크, 스쿠터)",남성,40대,자녀 성인기(막내가 대학생～결혼 전),500만원 내외,무직/기타,강원
11262,20230701,"오토바이(바이크, 스쿠터)",남성,60대 이상,신혼기(자녀없음),400만원 내외,자영업,서울
11299,20230701,전기 자전거,남성,40대,자녀 유아기(막내가 초등학교 입학 전),800만원 내외,판매/서비스직,경기
11301,20230701,전기 자전거,남성,60대 이상,자녀 성인기(막내가 대학생～결혼 전),600만원 내외,자영업,서울
11302,20230701,전기 자전거,남성,40대,자녀 성장기(막내가 초등학생～고등학생),300만원 내외,사무직,경기
11330,20230701,전동 휠,남성,50대,자녀 성장기(막내가 초등학생～고등학생),700만원 내외,사무직,경기
11332,20230701,전동 킥보드,여성,40대,자녀 유아기(막내가 초등학교 입학 전),"1,000만원 내외",자영업,경북
11359,20230701,전동 킥보드,남성,50대,자녀 성인기(막내가 대학생～결혼 전),700만원 내외,기술/숙련직,경기
11368,20230701,"오토바이(바이크, 스쿠터)",남성,50대,자녀 성장기(막내가 초등학생～고등학생),"1,000만원 내외",자영업,경북
11371,20230701,"오토바이(바이크, 스쿠터)",남성,30대,자녀 유아기(막내가 초등학교 입학 전),800만원 내외,사무직,인천
11378,20230701,전동 킥보드,남성,40대,자녀 성장기(막내가 초등학생～고등학생),800만원 내외,사무직,서울
11382,20230701,전기 자전거,남성,30대,신혼기 초과(자녀없음),500만원 내외,전문직,경기
11386,20230701,전동 킥보드,남성,40대,신혼기(자녀없음),500만원 내외,기술/숙련직,인천
11390,20230701,"오토바이(바이크, 스쿠터)",남성,40대,1인 가구,500만원 내외,기술/숙련직,충북
11403,20230701,전동 킥보드,남성,40대,자녀 성장기(막내가 초등학생～고등학생),500만원 내외,사무직,대전
11415,20230701,전동 킥보드,남성,30대,1인 가구,300만원 내외,기술/숙련직,경기
11428,20230701,전동 킥보드,남성,50대,자녀 성인기(막내가 대학생～결혼 전),600만원 내외,사무직,경기
11430,20230701,"오토바이(바이크, 스쿠터)",남성,20대,자녀 성인기(막내가 대학생～결혼 전),300만원 내외,자영업,경남
11433,20230701,전동 스케이트보드,여성,30대,자녀 유아기(막내가 초등학교 입학 전),600만원 내외,기술/숙련직,경북
11437,20230701,"오토바이(바이크, 스쿠터)",남성,50대,자녀 성인기(막내가 대학생～결혼 전),"1,100~1,500만원 내외",자영업,대전
11448,20230701,전기 자전거,남성,50대,자녀 성장기(막내가 초등학생～고등학생),800만원 내외,경영/관리직,서울
11450,20230701,"오토바이(바이크, 스쿠터)",남성,40대,자녀 유아기(막내가 초등학교 입학 전),900만원 내외,자영업,서울
11476,20230701,"오토바이(바이크, 스쿠터)",남성,40대,자녀 성장기(막내가 초등학생～고등학생),"1,000만원 내외",전문직,경북
11483,20230701,전기 자전거,남성,40대,자녀 유아기(막내가 초등학교 입학 전),200만원 내외,일반 공무원/준공무원,부산
11497,20230701,전동 스쿠터,남성,60대 이상,자녀 성인기(막내가 대학생～결혼 전),500만원 내외,사무직,서울
11499,20230701,전동 스케이트보드,여성,30대,자녀 유아기(막내가 초등학교 입학 전),400만원 내외,사무직,전남
11500,20230701,"오토바이(바이크, 스쿠터)",남성,50대,자녀 성인기(막내가 대학생～결혼 전),"1,100~1,500만원 내외",자영업,서울
11505,20230701,전기 자전거,남성,60대 이상,자녀 성인기(막내가 대학생～결혼 전),300만원 내외,무직/기타,울산
11514,20230701,전동 스케이트보드,여성,30대,1인 가구,300만원 내외,사무직,대전
11517,20230701,전기 자전거,남성,40대,1인 가구,300만원 내외,자영업,부산
11520,20230701,전동 킥보드,남성,30대,자녀 성인기(막내가 대학생～결혼 전),모름,사무직,경기
11526,20230701,"오토바이(바이크, 스쿠터)",남성,50대,자녀 성인기(막내가 대학생～결혼 전),500만원 내외,자영업,부산
11528,20230701,"오토바이(바이크, 스쿠터)",남성,50대,1인 가구,400만원 내외,기술/숙련직,충남
11548,20230701,전동 킥보드,남성,40대,자녀 성장기(막내가 초등학생～고등학생),700만원 내외,사무직,강원
11564,20230701,전동 킥보드,남성,40대,1인 가구,400만원 내외,사무직,서울
11566,20230701,전기 자전거,남성,50대,신혼기 초과(자녀없음),"1,000만원 내외",경영/관리직,경기
11591,20230701,"오토바이(바이크, 스쿠터)",남성,40대,1인 가구,100만원 이하,무직/기타,서울
11617,20230701,전동 킥보드,여성,40대,자녀 성장기(막내가 초등학생～고등학생),900만원 내외,사무직,경남
11624,20230701,전동 휠,남성,40대,자녀 성장기(막내가 초등학생～고등학생),"1,000만원 내외",경영/관리직,경기
11636,20230701,"오토바이(바이크, 스쿠터)",남성,30대,자녀 독립기(막내가 결혼한 상태),"1,600~2,000만원 내외",사무직,서울
11645,20230701,"오토바이(바이크, 스쿠터)",남성,40대,자녀 성장기(막내가 초등학생～고등학생),800만원 내외,사무직,충북
11652,20230701,전기 자전거,여성,20대,자녀 성인기(막내가 대학생～결혼 전),"2,100만원 이상",학생,경기
11670,20230701,"오토바이(바이크, 스쿠터)",남성,50대,자녀 성장기(막내가 초등학생～고등학생),200만원 내외,사무직,경남
11691,20230701,전동 킥보드,남성,40대,자녀 성장기(막내가 초등학생～고등학생),700만원 내외,전문직,대전
11712,20230701,전동 킥보드,남성,40대,자녀 성인기(막내가 대학생～결혼 전),400만원 내외,사무직,대구
11714,20230701,전기 자전거,남성,40대,자녀 성장기(막내가 초등학생～고등학생),800만원 내외,사무직,경기
11718,20230701,전동 스쿠터,남성,40대,자녀 성장기(막내가 초등학생～고등학생),500만원 내외,사무직,경남
11747,20230701,전동 휠,남성,50대,자녀 성장기(막내가 초등학생～고등학생),900만원 내외,무직/기타,경기
11751,20230701,전동 휠,여성,30대,자녀 유아기(막내가 초등학교 입학 전),500만원 내외,사무직,전남
11755,20230701,"오토바이(바이크, 스쿠터)",남성,40대,1인 가구,900만원 내외,전문직,부산
11766,20230701,전기 자전거,남성,40대,자녀 성장기(막내가 초등학생～고등학생),500만원 내외,자영업,경기
11795,20230701,"오토바이(바이크, 스쿠터)",남성,40대,1인 가구,300만원 내외,사무직,서울
11810,20230701,전동 스케이트보드,여성,60대 이상,자녀 성인기(막내가 대학생～결혼 전),"1,000만원 내외",전문직,서울
11827,20230701,전기 자전거,남성,50대,자녀 성장기(막내가 초등학생～고등학생),600만원 내외,판매/서비스직,전북
11834,20230701,"오토바이(바이크, 스쿠터)",남성,40대,자녀 유아기(막내가 초등학교 입학 전),700만원 내외,사무직,서울
11835,20230701,전동 킥보드,여성,40대,자녀 성장기(막내가 초등학생～고등학생),200만원 내외,사무직,경기
11873,20230701,전기 자전거,남성,30대,1인 가구,400만원 내외,기술/숙련직,서울
11876,20230701,"오토바이(바이크, 스쿠터)",남성,40대,자녀 성장기(막내가 초등학생～고등학생),600만원 내외,사무직,경기
11877,20230701,전기 자전거,남성,40대,자녀 성장기(막내가 초등학생～고등학생),800만원 내외,기술/숙련직,광주
11884,20230701,전기 자전거,남성,40대,자녀 성장기(막내가 초등학생～고등학생),500만원 내외,기술/숙련직,서울
11901,20230701,전기 자전거,남성,50대,자녀 성인기(막내가 대학생～결혼 전),400만원 내외,자영업,부산
11908,20230701,전기 자전거,남성,30대,자녀 유아기(막내가 초등학교 입학 전),400만원 내외,사무직,경남
11914,20230701,전기 자전거,남성,50대,1인 가구,600만원 내외,자영업,서울
11931,20230701,전동 스쿠터,남성,60대 이상,자녀 독립기(막내가 결혼한 상태),300만원 내외,무직/기타,충남
11941,20230701,전동 킥보드,남성,40대,자녀 유아기(막내가 초등학교 입학 전),700만원 내외,사무직,경기
11946,20230701,전기 자전거,남성,40대,자녀 성장기(막내가 초등학생～고등학생),700만원 내외,기술/숙련직,충남
11948,20230701,전기 자전거,남성,30대,자녀 성장기(막내가 초등학생～고등학생),500만원 내외,사무직,인천
11949,20230701,전동 스쿠터,남성,50대,1인 가구,800만원 내외,경영/관리직,서울
11957,20230701,"오토바이(바이크, 스쿠터)",남성,40대,자녀 성장기(막내가 초등학생～고등학생),500만원 내외,경영/관리직,부산
11959,20230701,전동 킥보드,남성,50대,자녀 성인기(막내가 대학생～결혼 전),500만원 내외,경영/관리직,경기
11965,20230701,전동 스쿠터,여성,20대,자녀 독립기(막내가 결혼한 상태),700만원 내외,기술/숙련직,부산
11967,20230701,전동 킥보드,남성,40대,1인 가구,500만원 내외,사무직,경기
11990,20230701,"오토바이(바이크, 스쿠터)",남성,40대,자녀 성장기(막내가 초등학생～고등학생),400만원 내외,기술/숙련직,울산
12004,20230701,전동 킥보드,여성,50대,자녀 성인기(막내가 대학생～결혼 전),300만원 내외,전업주부,경기
12009,20230701,전동 스케이트보드,남성,40대,자녀 성장기(막내가 초등학생～고등학생),300만원 내외,자영업,서울
12036,20230701,전동 킥보드,남성,40대,1인 가구,400만원 내외,사무직,대전
12043,20230701,전기 자전거,남성,30대,신혼기(자녀없음),700만원 내외,사무직,경기
12060,20230701,"오토바이(바이크, 스쿠터)",남성,50대,자녀 성장기(막내가 초등학생～고등학생),400만원 내외,일반 공무원/준공무원,광주
12064,20230701,전동 킥보드,남성,40대,자녀 성장기(막내가 초등학생～고등학생),600만원 내외,사무직,대구
12077,20230701,전동 킥보드,남성,50대,자녀 성장기(막내가 초등학생～고등학생),500만원 내외,사무직,경기
12090,20230701,전동 휠,남성,40대,자녀 성장기(막내가 초등학생～고등학생),500만원 내외,사무직,대구
12097,20230701,전기 자전거,여성,40대,자녀 성장기(막내가 초등학생～고등학생),700만원 내외,사무직,경남
12104,20230701,전기 자전거,남성,50대,자녀 성인기(막내가 대학생～결혼 전),700만원 내외,사무직,경기
12107,20230701,전기 자전거,남성,60대 이상,자녀 성인기(막내가 대학생～결혼 전),"1,000만원 내외",자영업,서울
12111,20230701,"오토바이(바이크, 스쿠터)",여성,30대,자녀 성장기(막내가 초등학생～고등학생),600만원 내외,사무직,서울
12112,20230701,전동 킥보드,남성,40대,1인 가구,200만원 내외,자영업,충남
12115,20230701,전기 자전거,남성,30대,자녀 유아기(막내가 초등학교 입학 전),800만원 내외,사무직,경기
12116,20230701,"오토바이(바이크, 스쿠터)",남성,50대,자녀 성인기(막내가 대학생～결혼 전),400만원 내외,무직/기타,대전
12128,20230701,"오토바이(바이크, 스쿠터)",남성,50대,자녀 성장기(막내가 초등학생～고등학생),800만원 내외,사무직,서울
12154,20230701,"오토바이(바이크, 스쿠터)",남성,50대,자녀 성인기(막내가 대학생～결혼 전),600만원 내외,사무직,경기
12156,20230701,전기 자전거,남성,40대,자녀 성장기(막내가 초등학생～고등학생),600만원 내외,자영업,부산
12159,20230701,전동 스쿠터,남성,40대,자녀 독립기(막내가 결혼한 상태),400만원 내외,사무직,경기
12161,20230701,전기 자전거,여성,30대,1인 가구,200만원 내외,사무직,울산
12174,20230701,전기 자전거,남성,60대 이상,자녀 성인기(막내가 대학생～결혼 전),500만원 내외,무직/기타,부산
12191,20230701,전기 자전거,남성,50대,자녀 성인기(막내가 대학생～결혼 전),모름,기술/숙련직,경기
12229,20230701,전기 자전거,남성,60대 이상,자녀 성인기(막내가 대학생～결혼 전),"2,100만원 이상",전문직,서울
12234,20230701,전기 자전거,여성,30대,1인 가구,500만원 내외,판매/서비스직,인천
12238,20230701,전기 자전거,여성,60대 이상,자녀 성인기(막내가 대학생～결혼 전),500만원 내외,자영업,서울
12241,20230701,"오토바이(바이크, 스쿠터)",남성,60대 이상,자녀 독립기(막내가 결혼한 상태),300만원 내외,무직/기타,전북
12250,20230701,전기 자전거,남성,50대,자녀 성장기(막내가 초등학생～고등학생),600만원 내외,자영업,경기
12269,20230701,"오토바이(바이크, 스쿠터)",남성,40대,자녀 성장기(막내가 초등학생～고등학생),500만원 내외,사무직,전북
12296,20230701,전동 킥보드,남성,30대,1인 가구,400만원 내외,사무직,충남
12302,20230701,전동 킥보드,남성,40대,자녀 성장기(막내가 초등학생～고등학생),600만원 내외,판매/서비스직,경기
12311,20230701,전동 휠,남성,50대,자녀 성장기(막내가 초등학생～고등학생),800만원 내외,일반 공무원/준공무원,대전
12312,20230701,전동 킥보드,남성,40대,자녀 성장기(막내가 초등학생～고등학생),500만원 내외,사무직,인천
12315,20230701,전동 킥보드,남성,40대,자녀 성장기(막내가 초등학생～고등학생),600만원 내외,사무직,서울
12331,20230701,"오토바이(바이크, 스쿠터)",여성,50대,자녀 성인기(막내가 대학생～결혼 전),800만원 내외,사무직,강원
12336,20230701,전동 킥보드,남성,50대,1인 가구,400만원 내외,자영업,경기
12371,20230701,전동 킥보드,남성,40대,자녀 성인기(막내가 대학생～결혼 전),400만원 내외,사무직,서울
12372,20230701,전동 킥보드,남성,40대,자녀 성장기(막내가 초등학생～고등학생),500만원 내외,사무직,서울
12387,20230701,전동 킥보드,남성,40대,자녀 성장기(막내가 초등학생～고등학생),500만원 내외,사무직,부산
12421,20230701,전동 킥보드,남성,50대,자녀 성인기(막내가 대학생～결혼 전),800만원 내외,자영업,강원
12424,20230701,"오토바이(바이크, 스쿠터)",남성,30대,신혼기 초과(자녀없음),400만원 내외,사무직,대전
12427,20230701,전기 자전거,남성,40대,신혼기(자녀없음),"1,100~1,500만원 내외",기술/숙련직,서울
12434,20230701,"오토바이(바이크, 스쿠터)",남성,50대,자녀 성인기(막내가 대학생～결혼 전),600만원 내외,경영/관리직,경남
12448,20230701,전동 휠,여성,50대,1인 가구,300만원 내외,사무직,부산
12456,20230701,전기 자전거,남성,50대,자녀 성인기(막내가 대학생～결혼 전),700만원 내외,일반 공무원/준공무원,부산
12469,20230701,전동 킥보드,여성,50대,1인 가구,"1,000만원 내외",무직/기타,전남
12494,20230701,"오토바이(바이크, 스쿠터)",남성,60대 이상,자녀 성인기(막내가 대학생～결혼 전),700만원 내외,자영업,서울
12534,20230701,전동 킥보드,남성,40대,자녀 유아기(막내가 초등학교 입학 전),"1,100~1,500만원 내외",전문직,광주
12587,20230701,"오토바이(바이크, 스쿠터)",남성,50대,자녀 독립기(막내가 결혼한 상태),300만원 내외,자영업,서울
12598,20230701,전동 스쿠터,여성,30대,자녀 유아기(막내가 초등학교 입학 전),"1,100~1,500만원 내외",사무직,울산
12609,20230701,전기 자전거,남성,30대,자녀 유아기(막내가 초등학교 입학 전),300만원 내외,판매/서비스직,경기
12613,20230701,"오토바이(바이크, 스쿠터)",남성,30대,자녀 독립기(막내가 결혼한 상태),600만원 내외,사무직,광주
12620,20230701,전동 휠,여성,40대,자녀 성장기(막내가 초등학생～고등학생),400만원 내외,전업주부,부산
12633,20230701,전기 자전거,남성,50대,자녀 성인기(막내가 대학생～결혼 전),500만원 내외,자영업,인천
12637,20230701,"오토바이(바이크, 스쿠터)",남성,60대 이상,자녀 성인기(막내가 대학생～결혼 전),500만원 내외,기술/숙련직,전북
12642,20230701,전기 자전거,남성,40대,자녀 성장기(막내가 초등학생～고등학생),600만원 내외,사무직,대전
12644,20230701,전기 자전거,남성,60대 이상,자녀 독립기(막내가 결혼한 상태),500만원 내외,무직/기타,경남
12648,20230701,"오토바이(바이크, 스쿠터)",남성,50대,1인 가구,900만원 내외,기술/숙련직,대전
12659,20230701,전동 스쿠터,남성,40대,신혼기 초과(자녀없음),100만원 이하,무직/기타,대구
12668,20230701,전동 킥보드,남성,40대,1인 가구,300만원 내외,기술/숙련직,충북
12685,20230701,전기 자전거,남성,50대,자녀 성인기(막내가 대학생～결혼 전),800만원 내외,사무직,서울
12692,20230701,전동 킥보드,남성,50대,자녀 성인기(막내가 대학생～결혼 전),"1,600~2,000만원 내외",기술/숙련직,서울
12694,20230701,"오토바이(바이크, 스쿠터)",남성,40대,1인 가구,600만원 내외,사무직,부산
12701,20230701,전동 킥보드,남성,50대,자녀 성인기(막내가 대학생～결혼 전),600만원 내외,자영업,서울
12707,20230701,전동 킥보드,남성,30대,신혼기(자녀없음),400만원 내외,전문직,충남
12711,20230701,"오토바이(바이크, 스쿠터)",남성,50대,자녀 성인기(막내가 대학생～결혼 전),"1,000만원 내외",사무직,경남
12737,20230701,전기 자전거,남성,60대 이상,자녀 성장기(막내가 초등학생～고등학생),500만원 내외,기술/숙련직,서울
12741,20230701,전동 킥보드,남성,40대,1인 가구,"1,000만원 내외",자영업,경북
12751,20230701,"오토바이(바이크, 스쿠터)",남성,30대,자녀 성장기(막내가 초등학생～고등학생),700만원 내외,사무직,경기
12768,20230701,전동 스쿠터,남성,60대 이상,자녀 독립기(막내가 결혼한 상태),600만원 내외,기술/숙련직,경기
12787,20230701,"오토바이(바이크, 스쿠터)",남성,50대,자녀 성인기(막내가 대학생～결혼 전),900만원 내외,자영업,서울
12790,20230701,전기 자전거,남성,40대,자녀 성장기(막내가 초등학생～고등학생),600만원 내외,기술/숙련직,경남
12797,20230701,전기 자전거,여성,40대,자녀 성장기(막내가 초등학생～고등학생),"1,100~1,500만원 내외",사무직,광주
12808,20230701,전기 자전거,남성,60대 이상,자녀 독립기(막내가 결혼한 상태),500만원 내외,무직/기타,서울
12815,20230701,전기 자전거,남성,40대,자녀 성장기(막내가 초등학생～고등학생),500만원 내외,사무직,경기
12816,20230701,"오토바이(바이크, 스쿠터)",남성,50대,자녀 독립기(막내가 결혼한 상태),800만원 내외,자영업,전북
12823,20230701,전기 자전거,여성,60대 이상,자녀 성인기(막내가 대학생～결혼 전),400만원 내외,전업주부,경기
12824,20230701,전기 자전거,남성,40대,자녀 성장기(막내가 초등학생～고등학생),"1,000만원 내외",자영업,대구
12829,20230701,전기 자전거,남성,30대,1인 가구,300만원 내외,사무직,대구
12830,20230701,전동 스쿠터,남성,50대,자녀 독립기(막내가 결혼한 상태),900만원 내외,사무직,부산
12834,20230701,전기 자전거,남성,60대 이상,자녀 독립기(막내가 결혼한 상태),700만원 내외,무직/기타,충남
12843,20230701,전동 스쿠터,남성,60대 이상,1인 가구,100만원 이하,무직/기타,경기
12878,20230701,전동 킥보드,남성,40대,자녀 유아기(막내가 초등학교 입학 전),"1,100~1,500만원 내외",전문직,서울
12905,20230701,전기 자전거,남성,50대,1인 가구,500만원 내외,기술/숙련직,경기
12916,20230701,전기 자전거,여성,40대,자녀 성장기(막내가 초등학생～고등학생),600만원 내외,판매/서비스직,충북
12922,20230701,전기 자전거,남성,40대,자녀 성장기(막내가 초등학생～고등학생),700만원 내외,경영/관리직,서울
12925,20230701,전기 자전거,여성,20대,자녀 성인기(막내가 대학생～결혼 전),700만원 내외,전문직,경남
12927,20230701,"오토바이(바이크, 스쿠터)",남성,50대,자녀 성장기(막내가 초등학생～고등학생),500만원 내외,사무직,경남
12960,20230701,전기 자전거,남성,60대 이상,신혼기 초과(자녀없음),500만원 내외,무직/기타,경기
12966,20230701,전동 킥보드,여성,60대 이상,자녀 독립기(막내가 결혼한 상태),300만원 내외,무직/기타,경기
12980,20230701,"오토바이(바이크, 스쿠터)",여성,50대,자녀 성장기(막내가 초등학생～고등학생),600만원 내외,자영업,인천
13019,20230701,전동 킥보드,남성,60대 이상,자녀 독립기(막내가 결혼한 상태),700만원 내외,무직/기타,경기
13036,20230701,전동 스쿠터,남성,60대 이상,자녀 독립기(막내가 결혼한 상태),500만원 내외,자영업,대구
13037,20230701,전동 킥보드,여성,40대,1인 가구,300만원 내외,판매/서비스직,경기
13067,20230701,전기 자전거,남성,40대,신혼기 초과(자녀없음),600만원 내외,기술/숙련직,전북
13073,20230701,전기 자전거,여성,30대,신혼기(자녀없음),700만원 내외,사무직,서울
13075,20230701,전기 자전거,남성,40대,자녀 성장기(막내가 초등학생～고등학생),500만원 내외,기술/숙련직,서울
13105,20230701,"오토바이(바이크, 스쿠터)",남성,50대,자녀 성인기(막내가 대학생～결혼 전),700만원 내외,자영업,대전
13111,20230701,"오토바이(바이크, 스쿠터)",남성,60대 이상,자녀 독립기(막내가 결혼한 상태),500만원 내외,무직/기타,대구
13117,20230701,전동 스케이트보드,남성,40대,자녀 성장기(막내가 초등학생～고등학생),700만원 내외,사무직,충남
13120,20230701,"오토바이(바이크, 스쿠터)",남성,30대,자녀 성인기(막내가 대학생～결혼 전),800만원 내외,사무직,서울
13126,20230701,전동 킥보드,남성,50대,자녀 성장기(막내가 초등학생～고등학생),900만원 내외,판매/서비스직,부산
13150,20230701,전기 자전거,여성,30대,신혼기(자녀없음),600만원 내외,자영업,충남
13156,20230701,"오토바이(바이크, 스쿠터)",남성,40대,자녀 성인기(막내가 대학생～결혼 전),600만원 내외,기술/숙련직,인천
13158,20230701,"오토바이(바이크, 스쿠터)",남성,40대,자녀 성장기(막내가 초등학생～고등학생),500만원 내외,사무직,경기
13166,20230701,전동 킥보드,남성,50대,자녀 성인기(막내가 대학생～결혼 전),700만원 내외,기술/숙련직,인천
13171,20230701,전기 자전거,남성,40대,자녀 성장기(막내가 초등학생～고등학생),700만원 내외,일반 공무원/준공무원,서울
13175,20230701,전기 자전거,여성,30대,자녀 유아기(막내가 초등학교 입학 전),600만원 내외,일반 공무원/준공무원,경기
13183,20230701,전기 자전거,남성,60대 이상,자녀 독립기(막내가 결혼한 상태),300만원 내외,자영업,충북
13200,20230701,전동 스쿠터,남성,30대,자녀 성장기(막내가 초등학생～고등학생),100만원 이하,무직/기타,경남
13210,20230701,전동 킥보드,남성,50대,자녀 성인기(막내가 대학생～결혼 전),500만원 내외,기술/숙련직,경북
13213,20230701,"오토바이(바이크, 스쿠터)",남성,40대,자녀 성장기(막내가 초등학생～고등학생),"1,000만원 내외",판매/서비스직,대구
13247,20230701,전기 자전거,남성,50대,자녀 성인기(막내가 대학생～결혼 전),"1,000만원 내외",자영업,인천
13251,20230701,전기 자전거,남성,60대 이상,자녀 성인기(막내가 대학생～결혼 전),900만원 내외,사무직,경기
13258,20230701,"오토바이(바이크, 스쿠터)",여성,50대,1인 가구,600만원 내외,전문직,강원
13266,20230701,전기 자전거,남성,50대,자녀 성인기(막내가 대학생～결혼 전),800만원 내외,기술/숙련직,전북
13268,20230701,전기 자전거,남성,40대,자녀 성장기(막내가 초등학생～고등학생),"1,000만원 내외",경영/관리직,서울
13271,20230701,전기 자전거,여성,30대,신혼기(자녀없음),500만원 내외,전문직,서울
13300,20230701,전동 킥보드,여성,50대,자녀 성인기(막내가 대학생～결혼 전),"1,100~1,500만원 내외",일반 공무원/준공무원,서울
13301,20230701,전동 스쿠터,여성,30대,신혼기(자녀없음),"1,600~2,000만원 내외",전문직,경기
13312,20230701,"오토바이(바이크, 스쿠터)",남성,40대,자녀 성장기(막내가 초등학생～고등학생),800만원 내외,무직/기타,서울
13320,20230701,"오토바이(바이크, 스쿠터)",남성,40대,자녀 유아기(막내가 초등학교 입학 전),400만원 내외,기술/숙련직,대구
13321,20230701,전기 자전거,남성,50대,1인 가구,400만원 내외,기술/숙련직,경남
13322,20230701,"오토바이(바이크, 스쿠터)",남성,40대,신혼기(자녀없음),500만원 내외,판매/서비스직,서울
13324,20230701,전동 킥보드,남성,40대,자녀 성장기(막내가 초등학생～고등학생),500만원 내외,사무직,제주
13345,20230701,전기 자전거,남성,60대 이상,자녀 독립기(막내가 결혼한 상태),300만원 내외,무직/기타,경남
13348,20230701,전기 자전거,남성,50대,자녀 성인기(막내가 대학생～결혼 전),600만원 내외,무직/기타,충남
13356,20230701,"오토바이(바이크, 스쿠터)",남성,60대 이상,자녀 성인기(막내가 대학생～결혼 전),500만원 내외,일반 공무원/준공무원,광주
13359,20230701,전기 자전거,남성,40대,자녀 성인기(막내가 대학생～결혼 전),700만원 내외,사무직,경기
13370,20230701,"오토바이(바이크, 스쿠터)",남성,60대 이상,자녀 독립기(막내가 결혼한 상태),700만원 내외,무직/기타,강원
13376,20230701,전기 자전거,남성,60대 이상,자녀 성인기(막내가 대학생～결혼 전),800만원 내외,경영/관리직,부산
13385,20230701,전동 킥보드,남성,40대,자녀 성장기(막내가 초등학생～고등학생),600만원 내외,기술/숙련직,경기
13389,20230701,전기 자전거,여성,30대,1인 가구,700만원 내외,사무직,서울
13392,20230701,"오토바이(바이크, 스쿠터)",남성,60대 이상,자녀 독립기(막내가 결혼한 상태),600만원 내외,무직/기타,경남
13397,20230701,전기 자전거,남성,40대,자녀 성장기(막내가 초등학생～고등학생),700만원 내외,무직/기타,전남
13402,20230701,전동 킥보드,남성,30대,자녀 유아기(막내가 초등학교 입학 전),500만원 내외,기술/숙련직,전남
13419,20230701,전기 자전거,남성,40대,자녀 성장기(막내가 초등학생～고등학생),800만원 내외,사무직,인천
13420,20230701,전기 자전거,남성,40대,자녀 성인기(막내가 대학생～결혼 전),800만원 내외,기술/숙련직,인천
13423,20230701,전기 자전거,남성,60대 이상,자녀 독립기(막내가 결혼한 상태),800만원 내외,기술/숙련직,울산
13431,20230701,전동 킥보드,남성,50대,자녀 성장기(막내가 초등학생～고등학생),900만원 내외,경영/관리직,서울
13441,20230701,전동 킥보드,남성,40대,자녀 성장기(막내가 초등학생～고등학생),700만원 내외,사무직,경기
13442,20230701,"오토바이(바이크, 스쿠터)",여성,20대,자녀 성인기(막내가 대학생～결혼 전),"1,000만원 내외",사무직,경기
13456,20230701,전기 자전거,남성,50대,자녀 성장기(막내가 초등학생～고등학생),700만원 내외,사무직,경남
13462,20230701,전기 자전거,남성,60대 이상,자녀 성인기(막내가 대학생～결혼 전),500만원 내외,무직/기타,광주
13502,20230701,"오토바이(바이크, 스쿠터)",남성,30대,자녀 성인기(막내가 대학생～결혼 전),"1,600~2,000만원 내외",자영업,경기
13503,20230701,전기 자전거,남성,60대 이상,자녀 성인기(막내가 대학생～결혼 전),"1,100~1,500만원 내외",기술/숙련직,강원
13507,20230701,전동 킥보드,남성,40대,1인 가구,400만원 내외,전문직,서울
13514,20230701,전동 킥보드,여성,40대,자녀 성인기(막내가 대학생～결혼 전),200만원 내외,사무직,강원
13519,20230701,전동 킥보드,남성,50대,1인 가구,500만원 내외,무직/기타,서울
13547,20230701,전기 자전거,남성,40대,자녀 성장기(막내가 초등학생～고등학생),"1,100~1,500만원 내외",사무직,경기
13552,20230701,전동 킥보드,남성,40대,자녀 성장기(막내가 초등학생～고등학생),300만원 내외,사무직,경남
13558,20230701,"오토바이(바이크, 스쿠터)",남성,40대,자녀 성장기(막내가 초등학생～고등학생),300만원 내외,사무직,대구
13579,20230701,"오토바이(바이크, 스쿠터)",남성,50대,자녀 성인기(막내가 대학생～결혼 전),"1,000만원 내외",무직/기타,대구
13585,20230701,전동 킥보드,남성,40대,자녀 성장기(막내가 초등학생～고등학생),300만원 내외,자영업,인천
13600,20230701,"오토바이(바이크, 스쿠터)",남성,20대,자녀 성인기(막내가 대학생～결혼 전),"1,000만원 내외",일반 공무원/준공무원,경기
13606,20230701,전동 킥보드,여성,30대,자녀 유아기(막내가 초등학교 입학 전),"1,100~1,500만원 내외",사무직,전남
13611,20230701,전기 자전거,남성,50대,자녀 성인기(막내가 대학생～결혼 전),500만원 내외,일반 공무원/준공무원,충북
13640,20230701,전동 휠,남성,40대,자녀 성장기(막내가 초등학생～고등학생),400만원 내외,사무직,경남
13652,20230701,"오토바이(바이크, 스쿠터)",남성,20대,자녀 성인기(막내가 대학생～결혼 전),"1,600~2,000만원 내외",학생,서울
13671,20230701,전동 킥보드,여성,30대,1인 가구,300만원 내외,판매/서비스직,인천
13676,20230701,전동 킥보드,남성,40대,1인 가구,500만원 내외,무직/기타,서울
13700,20230701,전동 킥보드,여성,20대,자녀 성인기(막내가 대학생～결혼 전),500만원 내외,사무직,부산
13704,20230701,전기 자전거,남성,60대 이상,자녀 독립기(막내가 결혼한 상태),500만원 내외,전문직,경남
13708,20230701,전동 킥보드,남성,40대,자녀 성장기(막내가 초등학생～고등학생),500만원 내외,무직/기타,인천
13718,20230701,"오토바이(바이크, 스쿠터)",여성,40대,자녀 성장기(막내가 초등학생～고등학생),"1,100~1,500만원 내외",사무직,서울
13728,20230701,전기 자전거,남성,40대,자녀 성장기(막내가 초등학생～고등학생),500만원 내외,전문직,경북
13748,20230701,전동 킥보드,남성,40대,자녀 성장기(막내가 초등학생～고등학생),"1,000만원 내외",자영업,서울
13766,20230701,전기 자전거,남성,60대 이상,자녀 성인기(막내가 대학생～결혼 전),"1,600~2,000만원 내외",자영업,경기
13800,20230701,전동 킥보드,여성,30대,신혼기 초과(자녀없음),600만원 내외,사무직,충남
13820,20230701,전기 자전거,남성,40대,1인 가구,300만원 내외,사무직,서울
13823,20230701,"오토바이(바이크, 스쿠터)",여성,30대,1인 가구,500만원 내외,전문직,대구
13825,20230701,전동 킥보드,여성,40대,신혼기(자녀없음),600만원 내외,사무직,경기
13831,20230701,"오토바이(바이크, 스쿠터)",여성,30대,자녀 유아기(막내가 초등학교 입학 전),300만원 내외,자영업,대전
13838,20230701,전동 킥보드,남성,40대,자녀 성장기(막내가 초등학생～고등학생),700만원 내외,사무직,경북
13861,20230701,전기 자전거,남성,40대,자녀 유아기(막내가 초등학교 입학 전),800만원 내외,사무직,광주
13864,20230701,전기 자전거,남성,50대,자녀 성장기(막내가 초등학생～고등학생),500만원 내외,전문직,서울
13869,20230701,전기 자전거,남성,40대,자녀 성장기(막내가 초등학생～고등학생),500만원 내외,자영업,경기
13886,20230701,전동 킥보드,남성,40대,자녀 성장기(막내가 초등학생～고등학생),400만원 내외,사무직,세종
13896,20230701,전동 스케이트보드,여성,50대,자녀 성인기(막내가 대학생～결혼 전),"1,000만원 내외",사무직,서울
13911,20230701,전동 킥보드,남성,40대,자녀 유아기(막내가 초등학교 입학 전),500만원 내외,기술/숙련직,경기
13914,20230701,전기 자전거,여성,50대,자녀 성장기(막내가 초등학생～고등학생),600만원 내외,사무직,경기
13925,20230701,전동 킥보드,남성,40대,신혼기 초과(자녀없음),500만원 내외,사무직,경기
13933,20230701,전기 자전거,남성,60대 이상,자녀 성장기(막내가 초등학생～고등학생),600만원 내외,판매/서비스직,서울
13998,20230701,전동 휠,남성,30대,신혼기(자녀없음),300만원 내외,기술/숙련직,충남
14008,20230701,전동 킥보드,남성,40대,자녀 성장기(막내가 초등학생～고등학생),"1,100~1,500만원 내외",경영/관리직,서울
14019,20230701,"오토바이(바이크, 스쿠터)",여성,40대,자녀 성장기(막내가 초등학생～고등학생),600만원 내외,전문직,서울
14030,20230701,전동 킥보드,남성,50대,자녀 성인기(막내가 대학생～결혼 전),400만원 내외,무직/기타,강원
14037,20230701,전동 킥보드,남성,40대,신혼기 초과(자녀없음),400만원 내외,사무직,서울
14042,20230701,전동 스쿠터,남성,40대,자녀 유아기(막내가 초등학교 입학 전),700만원 내외,사무직,경기
14053,20230701,"오토바이(바이크, 스쿠터)",여성,30대,자녀 성장기(막내가 초등학생～고등학생),900만원 내외,사무직,전남
14065,20230701,전동 킥보드,여성,50대,자녀 성장기(막내가 초등학생～고등학생),"1,100~1,500만원 내외",전문직,서울
14076,20230701,전기 자전거,남성,50대,자녀 독립기(막내가 결혼한 상태),200만원 내외,판매/서비스직,서울
14078,20230701,"오토바이(바이크, 스쿠터)",남성,40대,신혼기 초과(자녀없음),400만원 내외,판매/서비스직,경북
14082,20230701,전기 자전거,남성,50대,자녀 성장기(막내가 초등학생～고등학생),"1,000만원 내외",사무직,서울
14087,20230701,"오토바이(바이크, 스쿠터)",남성,50대,자녀 성인기(막내가 대학생～결혼 전),300만원 내외,사무직,서울
14109,20230701,"오토바이(바이크, 스쿠터)",남성,40대,자녀 성인기(막내가 대학생～결혼 전),400만원 내외,무직/기타,인천
14127,20230701,전기 자전거,남성,40대,자녀 유아기(막내가 초등학교 입학 전),400만원 내외,사무직,부산
14131,20230701,전기 자전거,남성,40대,자녀 유아기(막내가 초등학교 입학 전),500만원 내외,사무직,경북
14133,20230701,"오토바이(바이크, 스쿠터)",남성,40대,자녀 성장기(막내가 초등학생～고등학생),600만원 내외,기술/숙련직,강원
14135,20230701,전기 자전거,남성,60대 이상,자녀 성인기(막내가 대학생～결혼 전),800만원 내외,자영업,경북
14159,20230701,전동 킥보드,남성,50대,자녀 성인기(막내가 대학생～결혼 전),500만원 내외,사무직,경기
14167,20230701,"오토바이(바이크, 스쿠터)",남성,40대,자녀 성장기(막내가 초등학생～고등학생),400만원 내외,사무직,경남
14174,20230701,"오토바이(바이크, 스쿠터)",남성,60대 이상,자녀 독립기(막내가 결혼한 상태),500만원 내외,무직/기타,경남
14183,20230701,전기 자전거,남성,50대,자녀 유아기(막내가 초등학교 입학 전),700만원 내외,기술/숙련직,서울
14190,20230701,전기 자전거,남성,50대,자녀 성인기(막내가 대학생～결혼 전),"1,600~2,000만원 내외",기술/숙련직,울산
14193,20230701,"오토바이(바이크, 스쿠터)",남성,30대,자녀 성인기(막내가 대학생～결혼 전),200만원 내외,무직/기타,서울
14198,20230701,"오토바이(바이크, 스쿠터)",남성,50대,자녀 성인기(막내가 대학생～결혼 전),"1,600~2,000만원 내외",일반 공무원/준공무원,서울
14199,20230701,전동 스쿠터,남성,30대,신혼기 초과(자녀없음),600만원 내외,기술/숙련직,부산
14214,20230701,"오토바이(바이크, 스쿠터)",남성,40대,자녀 성장기(막내가 초등학생～고등학생),300만원 내외,자영업,강원
14225,20230701,전동 스쿠터,남성,40대,자녀 성장기(막내가 초등학생～고등학생),700만원 내외,자영업,경남
14230,20230701,전기 자전거,남성,60대 이상,자녀 성인기(막내가 대학생～결혼 전),"1,600~2,000만원 내외",무직/기타,경기
14233,20230701,전기 자전거,남성,40대,1인 가구,400만원 내외,기술/숙련직,부산
14245,20230701,전동 휠,여성,50대,자녀 성장기(막내가 초등학생～고등학생),800만원 내외,사무직,서울
14287,20230701,전동 킥보드,여성,30대,1인 가구,300만원 내외,자영업,서울
14290,20230701,전기 자전거,남성,40대,자녀 성장기(막내가 초등학생～고등학생),400만원 내외,사무직,인천
14293,20230701,전동 킥보드,여성,30대,자녀 유아기(막내가 초등학교 입학 전),200만원 내외,사무직,대구
14304,20230701,전기 자전거,남성,50대,자녀 성인기(막내가 대학생～결혼 전),900만원 내외,사무직,서울
14305,20230701,전동 킥보드,남성,50대,자녀 성인기(막내가 대학생～결혼 전),800만원 내외,기술/숙련직,경기
14316,20230701,"오토바이(바이크, 스쿠터)",남성,60대 이상,자녀 성인기(막내가 대학생～결혼 전),500만원 내외,기술/숙련직,경북
14324,20230701,"오토바이(바이크, 스쿠터)",남성,40대,신혼기(자녀없음),300만원 내외,기술/숙련직,충북
14343,20230701,전기 자전거,남성,50대,자녀 독립기(막내가 결혼한 상태),700만원 내외,전문직,경기
14353,20230701,전동 킥보드,여성,30대,자녀 유아기(막내가 초등학교 입학 전),800만원 내외,자영업,부산
14354,20230701,전동 킥보드,남성,50대,자녀 성인기(막내가 대학생～결혼 전),"1,000만원 내외",기술/숙련직,경기
14361,20230701,전동 킥보드,여성,30대,자녀 유아기(막내가 초등학교 입학 전),300만원 내외,전업주부,대구
14366,20230701,"오토바이(바이크, 스쿠터)",남성,40대,자녀 성장기(막내가 초등학생～고등학생),500만원 내외,자영업,경기
14385,20230701,전기 자전거,남성,50대,자녀 성장기(막내가 초등학생～고등학생),400만원 내외,기술/숙련직,광주
14387,20230701,"오토바이(바이크, 스쿠터)",남성,50대,자녀 성인기(막내가 대학생～결혼 전),700만원 내외,경영/관리직,강원
14395,20230701,전동 킥보드,남성,40대,1인 가구,500만원 내외,자영업,부산
14402,20230701,전기 자전거,남성,50대,자녀 성인기(막내가 대학생～결혼 전),"1,000만원 내외",사무직,인천
14408,20230701,전기 자전거,남성,40대,자녀 성인기(막내가 대학생～결혼 전),900만원 내외,자영업,경기
14425,20230701,"오토바이(바이크, 스쿠터)",남성,40대,1인 가구,모름,자영업,경기
14432,20230701,전동 스쿠터,여성,30대,1인 가구,700만원 내외,사무직,인천
14449,20230701,전기 자전거,남성,50대,자녀 성인기(막내가 대학생～결혼 전),400만원 내외,무직/기타,서울
14470,20230701,전동 킥보드,남성,40대,자녀 성인기(막내가 대학생～결혼 전),400만원 내외,기술/숙련직,대구
14481,20230701,전기 자전거,남성,50대,자녀 성인기(막내가 대학생～결혼 전),800만원 내외,일반 공무원/준공무원,강원
14500,20230701,전동 스쿠터,남성,30대,1인 가구,500만원 내외,기술/숙련직,경기
14501,20230701,전기 자전거,여성,60대 이상,자녀 독립기(막내가 결혼한 상태),200만원 내외,전업주부,대구
14502,20230701,전기 자전거,여성,60대 이상,자녀 독립기(막내가 결혼한 상태),700만원 내외,전업주부,경기
14526,20230701,전기 자전거,여성,40대,자녀 성장기(막내가 초등학생～고등학생),"1,100~1,500만원 내외",사무직,서울
14543,20230701,전기 자전거,남성,60대 이상,자녀 독립기(막내가 결혼한 상태),600만원 내외,무직/기타,서울
14580,20230701,"오토바이(바이크, 스쿠터)",여성,30대,자녀 성인기(막내가 대학생～결혼 전),400만원 내외,자영업,대구
14589,20230701,전동 킥보드,남성,60대 이상,자녀 성인기(막내가 대학생～결혼 전),700만원 내외,기술/숙련직,경기
14601,20230701,전동 킥보드,남성,40대,자녀 성장기(막내가 초등학생～고등학생),500만원 내외,자영업,세종
14617,20230701,전동 킥보드,여성,40대,자녀 성장기(막내가 초등학생～고등학생),700만원 내외,사무직,경기
14623,20230701,전기 자전거,남성,30대,신혼기(자녀없음),500만원 내외,사무직,경기
14644,20230701,"오토바이(바이크, 스쿠터)",남성,40대,자녀 성장기(막내가 초등학생～고등학생),300만원 내외,사무직,서울
14666,20230701,전동 킥보드,남성,50대,자녀 성인기(막내가 대학생～결혼 전),200만원 내외,무직/기타,경기
14697,20230701,"오토바이(바이크, 스쿠터)",남성,50대,자녀 성인기(막내가 대학생～결혼 전),800만원 내외,기술/숙련직,서울
14703,20230701,전동 킥보드,남성,50대,자녀 성장기(막내가 초등학생～고등학생),700만원 내외,자영업,서울
14713,20230701,전기 자전거,남성,20대,1인 가구,100만원 이하,학생,광주
14724,20230701,"오토바이(바이크, 스쿠터)",여성,30대,자녀 성인기(막내가 대학생～결혼 전),400만원 내외,사무직,대전
14733,20230701,"오토바이(바이크, 스쿠터)",여성,30대,신혼기 초과(자녀없음),700만원 내외,사무직,대전
14746,20230701,"오토바이(바이크, 스쿠터)",남성,40대,자녀 성장기(막내가 초등학생～고등학생),700만원 내외,기술/숙련직,충북
14748,20230701,전기 자전거,남성,40대,1인 가구,600만원 내외,기술/숙련직,부산
14778,20230701,"오토바이(바이크, 스쿠터)",남성,30대,자녀 성인기(막내가 대학생～결혼 전),600만원 내외,경영/관리직,전남
14817,20230701,"오토바이(바이크, 스쿠터)",남성,40대,자녀 성장기(막내가 초등학생～고등학생),800만원 내외,경영/관리직,경기
14822,20230701,전기 자전거,남성,40대,자녀 유아기(막내가 초등학교 입학 전),400만원 내외,기술/숙련직,충북
14827,20230701,전동 킥보드,여성,30대,자녀 유아기(막내가 초등학교 입학 전),"1,600~2,000만원 내외",경영/관리직,서울
14829,20230701,전동 킥보드,남성,20대,1인 가구,200만원 내외,자영업,대전
14837,20230701,전동 킥보드,남성,60대 이상,1인 가구,500만원 내외,자영업,경남
14841,20230701,전동 킥보드,남성,50대,1인 가구,"2,100만원 이상",무직/기타,서울
14877,20230701,전기 자전거,남성,50대,자녀 성인기(막내가 대학생～결혼 전),"1,000만원 내외",자영업,광주
14883,20230701,전동 킥보드,남성,60대 이상,자녀 성인기(막내가 대학생～결혼 전),"1,000만원 내외",경영/관리직,경기
14884,20230701,전기 자전거,남성,60대 이상,자녀 성인기(막내가 대학생～결혼 전),"1,100~1,500만원 내외",경영/관리직,대구
14887,20230701,"오토바이(바이크, 스쿠터)",남성,40대,자녀 유아기(막내가 초등학교 입학 전),100만원 이하,자영업,경남
14890,20230701,전동 킥보드,남성,60대 이상,자녀 독립기(막내가 결혼한 상태),400만원 내외,무직/기타,경북
14915,20230701,"오토바이(바이크, 스쿠터)",남성,60대 이상,자녀 독립기(막내가 결혼한 상태),200만원 내외,무직/기타,대전
14917,20230701,전동 킥보드,남성,40대,자녀 성장기(막내가 초등학생～고등학생),600만원 내외,사무직,부산
14921,20230701,전동 킥보드,여성,60대 이상,자녀 성인기(막내가 대학생～결혼 전),"1,600~2,000만원 내외",사무직,서울
14924,20230701,전기 자전거,남성,50대,자녀 성인기(막내가 대학생～결혼 전),700만원 내외,경영/관리직,충남
14946,20230701,전기 자전거,남성,40대,자녀 성인기(막내가 대학생～결혼 전),"1,000만원 내외",경영/관리직,경기
14962,20230701,"오토바이(바이크, 스쿠터)",여성,60대 이상,1인 가구,300만원 내외,무직/기타,경남
15012,20230701,전기 자전거,남성,40대,자녀 성장기(막내가 초등학생～고등학생),"1,000만원 내외",무직/기타,경기
15014,20230701,"오토바이(바이크, 스쿠터)",남성,40대,1인 가구,모름,판매/서비스직,경남
15025,20230701,"오토바이(바이크, 스쿠터)",남성,30대,자녀 유아기(막내가 초등학교 입학 전),700만원 내외,사무직,경기
15039,20230701,전기 자전거,여성,40대,신혼기(자녀없음),300만원 내외,판매/서비스직,전남
15044,20230701,"오토바이(바이크, 스쿠터)",남성,50대,자녀 성장기(막내가 초등학생～고등학생),600만원 내외,사무직,강원
15051,20230701,전동 킥보드,여성,30대,신혼기(자녀없음),500만원 내외,기술/숙련직,서울
15054,20230701,"오토바이(바이크, 스쿠터)",남성,60대 이상,자녀 성인기(막내가 대학생～결혼 전),600만원 내외,자영업,전남
15059,20230701,전기 자전거,남성,50대,자녀 성인기(막내가 대학생～결혼 전),"1,000만원 내외",기술/숙련직,서울
15072,20230701,전동 스쿠터,여성,40대,1인 가구,700만원 내외,기술/숙련직,경기
15080,20230701,전동 킥보드,남성,50대,자녀 성장기(막내가 초등학생～고등학생),300만원 내외,기술/숙련직,강원
15086,20230701,전동 킥보드,남성,50대,자녀 성인기(막내가 대학생～결혼 전),500만원 내외,기술/숙련직,대구
15089,20230701,전기 자전거,여성,50대,자녀 성인기(막내가 대학생～결혼 전),900만원 내외,일반 공무원/준공무원,전남
15094,20230701,전동 킥보드,남성,50대,자녀 성장기(막내가 초등학생～고등학생),800만원 내외,사무직,경기
15115,20230701,전동 킥보드,남성,50대,자녀 성장기(막내가 초등학생～고등학생),700만원 내외,사무직,경남
15125,20230701,"오토바이(바이크, 스쿠터)",남성,30대,자녀 성장기(막내가 초등학생～고등학생),"1,100~1,500만원 내외",자영업,경기
15133,20230701,전기 자전거,여성,60대 이상,1인 가구,200만원 내외,기술/숙련직,전남
15146,20230701,전동 킥보드,남성,20대,1인 가구,600만원 내외,자영업,경기
15153,20230701,전기 자전거,남성,40대,자녀 성장기(막내가 초등학생～고등학생),700만원 내외,일반 공무원/준공무원,부산
15157,20230701,"오토바이(바이크, 스쿠터)",남성,40대,자녀 성장기(막내가 초등학생～고등학생),500만원 내외,사무직,경북
15183,20230701,전동 킥보드,남성,60대 이상,자녀 성인기(막내가 대학생～결혼 전),700만원 내외,사무직,대구
15187,20230701,전기 자전거,남성,50대,자녀 성인기(막내가 대학생～결혼 전),"1,000만원 내외",경영/관리직,서울
15191,20230701,전기 자전거,남성,40대,1인 가구,400만원 내외,기술/숙련직,경북
15199,20230701,전동 킥보드,여성,20대,1인 가구,300만원 내외,판매/서비스직,서울
15200,20230701,전동 킥보드,남성,40대,1인 가구,300만원 내외,사무직,서울
15210,20230701,전기 자전거,남성,60대 이상,자녀 독립기(막내가 결혼한 상태),300만원 내외,자영업,서울
15231,20230701,전기 자전거,남성,60대 이상,자녀 성인기(막내가 대학생～결혼 전),700만원 내외,기술/숙련직,서울
15242,20230701,"오토바이(바이크, 스쿠터)",여성,50대,자녀 성인기(막내가 대학생～결혼 전),"1,000만원 내외",전업주부,서울
15243,20230701,전동 킥보드,남성,40대,자녀 성장기(막내가 초등학생～고등학생),500만원 내외,사무직,대전
15250,20230701,"오토바이(바이크, 스쿠터)",남성,40대,자녀 성장기(막내가 초등학생～고등학생),900만원 내외,기술/숙련직,전남
15252,20230701,전동 킥보드,남성,40대,자녀 성장기(막내가 초등학생～고등학생),"1,000만원 내외",사무직,서울
15266,20230701,전동 킥보드,남성,30대,자녀 유아기(막내가 초등학교 입학 전),"1,600~2,000만원 내외",자영업,경기
15272,20230701,전기 자전거,남성,50대,자녀 성인기(막내가 대학생～결혼 전),"1,000만원 내외",자영업,서울
15280,20230701,"오토바이(바이크, 스쿠터)",남성,40대,신혼기 초과(자녀없음),300만원 내외,사무직,전북
15290,20230701,전기 자전거,남성,40대,1인 가구,600만원 내외,기술/숙련직,경기
15292,20230701,전기 자전거,남성,40대,자녀 성장기(막내가 초등학생～고등학생),800만원 내외,사무직,경기
15294,20230701,전기 자전거,남성,50대,자녀 성인기(막내가 대학생～결혼 전),500만원 내외,사무직,충북
15297,20230701,전동 킥보드,남성,30대,자녀 유아기(막내가 초등학교 입학 전),600만원 내외,기술/숙련직,경남
15329,20230701,전기 자전거,남성,40대,1인 가구,600만원 내외,사무직,경기
15335,20230701,전동 스케이트보드,남성,40대,자녀 성장기(막내가 초등학생～고등학생),700만원 내외,사무직,경기
15337,20230701,"오토바이(바이크, 스쿠터)",남성,40대,자녀 유아기(막내가 초등학교 입학 전),100만원 이하,전문직,경기
15346,20230701,"오토바이(바이크, 스쿠터)",남성,30대,자녀 성장기(막내가 초등학생～고등학생),800만원 내외,사무직,인천
15367,20230701,"오토바이(바이크, 스쿠터)",남성,40대,자녀 독립기(막내가 결혼한 상태),800만원 내외,판매/서비스직,서울
15383,20230701,전기 자전거,남성,50대,자녀 성인기(막내가 대학생～결혼 전),700만원 내외,전문직,서울
15418,20230701,전동 킥보드,남성,60대 이상,자녀 성인기(막내가 대학생～결혼 전),"1,000만원 내외",경영/관리직,경기
15434,20230701,전기 자전거,남성,60대 이상,자녀 독립기(막내가 결혼한 상태),700만원 내외,기술/숙련직,경기
15447,20230701,"오토바이(바이크, 스쿠터)",남성,40대,신혼기 초과(자녀없음),600만원 내외,무직/기타,경기
15458,20230701,전동 킥보드,남성,50대,자녀 성장기(막내가 초등학생～고등학생),700만원 내외,자영업,부산
15461,20230701,전동 킥보드,여성,30대,신혼기(자녀없음),600만원 내외,사무직,경기
15482,20230701,"오토바이(바이크, 스쿠터)",남성,60대 이상,자녀 독립기(막내가 결혼한 상태),800만원 내외,기술/숙련직,경기
15486,20230701,전동 스쿠터,남성,40대,자녀 성인기(막내가 대학생～결혼 전),800만원 내외,경영/관리직,경남
15507,20230701,전동 킥보드,남성,40대,자녀 성장기(막내가 초등학생～고등학생),600만원 내외,일반 공무원/준공무원,인천
15509,20230701,전기 자전거,남성,40대,자녀 성인기(막내가 대학생～결혼 전),700만원 내외,기술/숙련직,경기
15512,20230701,전동 킥보드,남성,50대,자녀 성인기(막내가 대학생～결혼 전),"1,100~1,500만원 내외",경영/관리직,대구
15518,20230701,"오토바이(바이크, 스쿠터)",남성,40대,신혼기(자녀없음),700만원 내외,사무직,경기
15561,20230701,"오토바이(바이크, 스쿠터)",남성,40대,자녀 성장기(막내가 초등학생～고등학생),700만원 내외,사무직,서울
15579,20230701,전동 스케이트보드,여성,30대,자녀 성인기(막내가 대학생～결혼 전),700만원 내외,무직/기타,경기
15583,20230701,"오토바이(바이크, 스쿠터)",여성,50대,자녀 성인기(막내가 대학생～결혼 전),600만원 내외,판매/서비스직,충남
15593,20230701,"오토바이(바이크, 스쿠터)",남성,60대 이상,자녀 성장기(막내가 초등학생～고등학생),600만원 내외,자영업,서울
15600,20230701,전동 스쿠터,여성,20대,신혼기(자녀없음),700만원 내외,사무직,서울
15609,20230701,전기 자전거,여성,60대 이상,자녀 성인기(막내가 대학생～결혼 전),500만원 내외,자영업,서울
15633,20230701,전기 자전거,남성,50대,자녀 성인기(막내가 대학생～결혼 전),900만원 내외,일반 공무원/준공무원,서울
15635,20230701,"오토바이(바이크, 스쿠터)",남성,40대,1인 가구,900만원 내외,자영업,서울
15644,20230701,전기 자전거,남성,50대,자녀 성인기(막내가 대학생～결혼 전),500만원 내외,경영/관리직,경기
15645,20230701,"오토바이(바이크, 스쿠터)",남성,40대,자녀 성인기(막내가 대학생～결혼 전),400만원 내외,기술/숙련직,충북
15650,20230701,전동 킥보드,남성,30대,자녀 유아기(막내가 초등학교 입학 전),400만원 내외,기술/숙련직,경기
15666,20230701,전동 킥보드,남성,30대,자녀 유아기(막내가 초등학교 입학 전),600만원 내외,사무직,경기
15668,20230701,"오토바이(바이크, 스쿠터)",남성,30대,자녀 유아기(막내가 초등학교 입학 전),300만원 내외,일반 공무원/준공무원,경기
15669,20230701,전기 자전거,남성,50대,자녀 성인기(막내가 대학생～결혼 전),"1,100~1,500만원 내외",전문직,충북
15671,20230701,"오토바이(바이크, 스쿠터)",남성,40대,자녀 성장기(막내가 초등학생～고등학생),"1,000만원 내외",자영업,광주
15678,20230701,전동 킥보드,남성,50대,자녀 성장기(막내가 초등학생～고등학생),600만원 내외,일반 공무원/준공무원,서울
15689,20230701,전기 자전거,남성,60대 이상,자녀 성인기(막내가 대학생～결혼 전),200만원 내외,자영업,울산
15703,20230701,전기 자전거,남성,50대,자녀 독립기(막내가 결혼한 상태),700만원 내외,일반 공무원/준공무원,전남
15710,20230701,전동 킥보드,남성,30대,1인 가구,400만원 내외,사무직,대전
15726,20230701,전기 자전거,남성,30대,1인 가구,900만원 내외,기술/숙련직,경기
15748,20230701,전동 킥보드,남성,40대,자녀 성장기(막내가 초등학생～고등학생),600만원 내외,기술/숙련직,서울
15754,20230701,전동 킥보드,여성,40대,자녀 성장기(막내가 초등학생～고등학생),500만원 내외,전업주부,제주
15782,20230701,"오토바이(바이크, 스쿠터)",남성,60대 이상,자녀 성인기(막내가 대학생～결혼 전),500만원 내외,자영업,경기
15787,20230701,전기 자전거,남성,30대,자녀 성장기(막내가 초등학생～고등학생),700만원 내외,사무직,경기
15794,20230701,"오토바이(바이크, 스쿠터)",남성,40대,자녀 유아기(막내가 초등학교 입학 전),500만원 내외,기술/숙련직,경기
15796,20230701,전동 킥보드,남성,50대,자녀 성장기(막내가 초등학생～고등학생),500만원 내외,자영업,대전
15801,20230701,"오토바이(바이크, 스쿠터)",남성,40대,1인 가구,300만원 내외,자영업,경북
15811,20230701,"오토바이(바이크, 스쿠터)",남성,60대 이상,자녀 독립기(막내가 결혼한 상태),500만원 내외,사무직,서울
15813,20230701,전동 킥보드,남성,50대,신혼기 초과(자녀없음),900만원 내외,경영/관리직,서울
15824,20230701,전기 자전거,남성,40대,1인 가구,100만원 이하,무직/기타,인천
15831,20230701,전동 킥보드,남성,40대,자녀 유아기(막내가 초등학교 입학 전),500만원 내외,기술/숙련직,경기
15834,20230701,"오토바이(바이크, 스쿠터)",남성,60대 이상,자녀 성인기(막내가 대학생～결혼 전),600만원 내외,자영업,충남
15838,20230701,전동 킥보드,남성,40대,자녀 성장기(막내가 초등학생～고등학생),500만원 내외,기술/숙련직,경기
15855,20230701,"오토바이(바이크, 스쿠터)",남성,40대,자녀 성장기(막내가 초등학생～고등학생),600만원 내외,자영업,충남
15870,20230701,전동 킥보드,남성,50대,자녀 성인기(막내가 대학생～결혼 전),600만원 내외,사무직,대구
15879,20230701,전기 자전거,남성,50대,자녀 성장기(막내가 초등학생～고등학생),500만원 내외,기술/숙련직,경기
15898,20230701,전기 자전거,남성,40대,자녀 성장기(막내가 초등학생～고등학생),300만원 내외,사무직,서울
15902,20230701,전동 킥보드,남성,50대,1인 가구,300만원 내외,판매/서비스직,울산
15905,20230701,전동 킥보드,남성,50대,자녀 성장기(막내가 초등학생～고등학생),700만원 내외,자영업,광주
15920,20230701,전동 킥보드,남성,40대,자녀 성장기(막내가 초등학생～고등학생),500만원 내외,사무직,충남
15931,20230701,전기 자전거,남성,40대,자녀 성장기(막내가 초등학생～고등학생),"1,100~1,500만원 내외",자영업,강원
15935,20230701,전동 휠,남성,40대,자녀 성장기(막내가 초등학생～고등학생),600만원 내외,기술/숙련직,서울
15937,20230701,전기 자전거,남성,40대,신혼기(자녀없음),700만원 내외,무직/기타,경기
15939,20230701,전동 킥보드,남성,50대,자녀 성장기(막내가 초등학생～고등학생),300만원 내외,사무직,경기
15940,20230701,"오토바이(바이크, 스쿠터)",남성,40대,자녀 성장기(막내가 초등학생～고등학생),500만원 내외,사무직,서울
15942,20230701,전동 휠,남성,40대,신혼기 초과(자녀없음),500만원 내외,자영업,서울
15953,20230701,"오토바이(바이크, 스쿠터)",남성,40대,신혼기(자녀없음),500만원 내외,기술/숙련직,인천
15959,20230701,"오토바이(바이크, 스쿠터)",남성,40대,1인 가구,500만원 내외,경영/관리직,경기
15963,20230701,"오토바이(바이크, 스쿠터)",남성,40대,자녀 성장기(막내가 초등학생～고등학생),500만원 내외,사무직,울산
15983,20230701,전기 자전거,남성,40대,1인 가구,400만원 내외,사무직,경기
15987,20230701,전동 킥보드,남성,40대,자녀 성장기(막내가 초등학생～고등학생),"1,600~2,000만원 내외",경영/관리직,경기
15999,20230701,전기 자전거,남성,50대,자녀 유아기(막내가 초등학교 입학 전),800만원 내외,자영업,경남
16002,20230701,"오토바이(바이크, 스쿠터)",남성,40대,1인 가구,300만원 내외,기술/숙련직,인천
16010,20230701,전기 자전거,남성,50대,자녀 성장기(막내가 초등학생～고등학생),600만원 내외,자영업,경기
16014,20230701,전동 휠,남성,30대,자녀 유아기(막내가 초등학교 입학 전),700만원 내외,사무직,경기
16017,20230701,전동 스쿠터,남성,40대,1인 가구,모름,무직/기타,경북
16019,20230701,전기 자전거,남성,60대 이상,자녀 성인기(막내가 대학생～결혼 전),600만원 내외,자영업,서울
16047,20230701,전동 스쿠터,남성,40대,신혼기 초과(자녀없음),400만원 내외,기술/숙련직,경기
16049,20230701,전기 자전거,남성,40대,자녀 성인기(막내가 대학생～결혼 전),300만원 내외,판매/서비스직,전남
16058,20230701,전동 킥보드,남성,50대,자녀 성장기(막내가 초등학생～고등학생),300만원 내외,사무직,서울
16091,20230701,전기 자전거,남성,40대,신혼기(자녀없음),600만원 내외,사무직,전남
16092,20230701,전동 킥보드,남성,40대,자녀 성장기(막내가 초등학생～고등학생),900만원 내외,경영/관리직,서울
16102,20230701,"오토바이(바이크, 스쿠터)",여성,20대,자녀 유아기(막내가 초등학교 입학 전),200만원 내외,사무직,광주
16108,20230701,전동 킥보드,남성,40대,자녀 성인기(막내가 대학생～결혼 전),600만원 내외,일반 공무원/준공무원,경기
16113,20230701,전기 자전거,여성,40대,1인 가구,200만원 내외,사무직,서울
16116,20230701,"오토바이(바이크, 스쿠터)",남성,50대,자녀 성장기(막내가 초등학생～고등학생),700만원 내외,기술/숙련직,경기
16122,20230701,"오토바이(바이크, 스쿠터)",남성,50대,자녀 성장기(막내가 초등학생～고등학생),"1,100~1,500만원 내외",자영업,대구
16126,20230701,"오토바이(바이크, 스쿠터)",남성,40대,자녀 성장기(막내가 초등학생～고등학생),500만원 내외,자영업,경기
16129,20230701,전동 킥보드,남성,50대,자녀 성장기(막내가 초등학생～고등학생),800만원 내외,자영업,경기
16131,20230701,전동 킥보드,남성,40대,자녀 성장기(막내가 초등학생～고등학생),800만원 내외,사무직,경기
16136,20230701,전동 킥보드,남성,50대,1인 가구,200만원 내외,무직/기타,경기
16139,20230701,"오토바이(바이크, 스쿠터)",남성,40대,자녀 유아기(막내가 초등학교 입학 전),800만원 내외,자영업,울산
16143,20230701,전기 자전거,남성,50대,자녀 성인기(막내가 대학생～결혼 전),"2,100만원 이상",자영업,경기
16147,20230701,전기 자전거,남성,50대,자녀 성장기(막내가 초등학생～고등학생),700만원 내외,경영/관리직,서울
16150,20230701,"오토바이(바이크, 스쿠터)",여성,30대,신혼기(자녀없음),600만원 내외,기술/숙련직,서울
16157,20230701,"오토바이(바이크, 스쿠터)",남성,20대,1인 가구,600만원 내외,기술/숙련직,경기
16183,20230701,전동 킥보드,남성,30대,1인 가구,"2,100만원 이상",사무직,서울
16197,20230701,전동 킥보드,남성,50대,자녀 성인기(막내가 대학생～결혼 전),"2,100만원 이상",기술/숙련직,서울
16213,20230701,전기 자전거,남성,50대,자녀 성장기(막내가 초등학생～고등학생),500만원 내외,일반 공무원/준공무원,경기
16215,20230701,"오토바이(바이크, 스쿠터)",남성,40대,자녀 성장기(막내가 초등학생～고등학생),600만원 내외,자영업,경기
16236,20230701,전기 자전거,남성,50대,1인 가구,100만원 이하,무직/기타,경기
16239,20230701,전기 자전거,남성,60대 이상,자녀 독립기(막내가 결혼한 상태),"1,000만원 내외",경영/관리직,경기
16241,20230701,전동 스쿠터,남성,50대,자녀 성인기(막내가 대학생～결혼 전),700만원 내외,사무직,경남
16256,20230701,"오토바이(바이크, 스쿠터)",남성,60대 이상,자녀 성인기(막내가 대학생～결혼 전),500만원 내외,무직/기타,서울
16260,20230701,전기 자전거,남성,40대,자녀 성장기(막내가 초등학생～고등학생),700만원 내외,기술/숙련직,경기
16266,20230701,"오토바이(바이크, 스쿠터)",남성,50대,자녀 성장기(막내가 초등학생～고등학생),700만원 내외,기술/숙련직,부산
16273,20230701,전동 휠,남성,40대,자녀 유아기(막내가 초등학교 입학 전),600만원 내외,일반 공무원/준공무원,경북
16287,20230701,전기 자전거,남성,60대 이상,자녀 독립기(막내가 결혼한 상태),300만원 내외,무직/기타,제주
16293,20230701,전동 킥보드,남성,40대,신혼기(자녀없음),400만원 내외,사무직,경기
16307,20230701,전기 자전거,남성,50대,자녀 성장기(막내가 초등학생～고등학생),800만원 내외,경영/관리직,인천
16328,20230701,전기 자전거,남성,40대,자녀 유아기(막내가 초등학교 입학 전),600만원 내외,기술/숙련직,인천
16348,20230701,전동 킥보드,여성,30대,1인 가구,200만원 내외,사무직,경기
16363,20230701,전기 자전거,남성,40대,1인 가구,400만원 내외,무직/기타,전북
16381,20230701,전동 킥보드,남성,40대,자녀 성장기(막내가 초등학생～고등학생),800만원 내외,사무직,경기
16413,20230701,전동 킥보드,남성,40대,신혼기 초과(자녀없음),600만원 내외,사무직,서울
16416,20230701,전동 휠,남성,40대,자녀 유아기(막내가 초등학교 입학 전),"1,100~1,500만원 내외",경영/관리직,대구
16423,20230701,"오토바이(바이크, 스쿠터)",남성,20대,자녀 유아기(막내가 초등학교 입학 전),700만원 내외,사무직,충남
16436,20230701,전기 자전거,남성,40대,자녀 성장기(막내가 초등학생～고등학생),500만원 내외,사무직,경기
16440,20230701,전기 자전거,남성,60대 이상,자녀 성인기(막내가 대학생～결혼 전),700만원 내외,기술/숙련직,서울
16441,20230701,"오토바이(바이크, 스쿠터)",남성,50대,1인 가구,100만원 이하,자영업,대구
16449,20230701,전기 자전거,남성,50대,자녀 성인기(막내가 대학생～결혼 전),"1,100~1,500만원 내외",전문직,대전
16456,20230701,전동 킥보드,여성,30대,자녀 성인기(막내가 대학생～결혼 전),500만원 내외,사무직,경기
16458,20230701,"오토바이(바이크, 스쿠터)",여성,50대,자녀 성장기(막내가 초등학생～고등학생),500만원 내외,사무직,경기
16459,20230701,전동 킥보드,남성,40대,자녀 성장기(막내가 초등학생～고등학생),800만원 내외,기술/숙련직,경기
16463,20230701,전동 휠,남성,40대,자녀 성장기(막내가 초등학생～고등학생),900만원 내외,사무직,경기
16464,20230701,"오토바이(바이크, 스쿠터)",남성,40대,자녀 성장기(막내가 초등학생～고등학생),700만원 내외,기술/숙련직,울산
16486,20230701,전동 킥보드,남성,50대,자녀 성인기(막내가 대학생～결혼 전),"1,000만원 내외",경영/관리직,서울
16497,20230701,전동 킥보드,남성,40대,자녀 성장기(막내가 초등학생～고등학생),"1,000만원 내외",자영업,경기
16503,20230701,전동 킥보드,남성,40대,자녀 성장기(막내가 초등학생～고등학생),600만원 내외,기술/숙련직,부산
16507,20230701,"오토바이(바이크, 스쿠터)",남성,40대,자녀 유아기(막내가 초등학교 입학 전),700만원 내외,사무직,서울
16516,20230701,"오토바이(바이크, 스쿠터)",남성,50대,자녀 성인기(막내가 대학생～결혼 전),"1,100~1,500만원 내외",무직/기타,경기
16534,20230701,"오토바이(바이크, 스쿠터)",남성,40대,자녀 성장기(막내가 초등학생～고등학생),500만원 내외,기술/숙련직,경기
16538,20230701,전동 킥보드,남성,40대,자녀 성장기(막내가 초등학생～고등학생),"1,100~1,500만원 내외",사무직,경기
16541,20230701,전동 킥보드,남성,30대,신혼기(자녀없음),200만원 내외,판매/서비스직,서울
16542,20230701,전동 킥보드,남성,50대,신혼기 초과(자녀없음),600만원 내외,기술/숙련직,경기
16544,20230701,전기 자전거,남성,50대,자녀 성장기(막내가 초등학생～고등학생),400만원 내외,기술/숙련직,경기
16564,20230701,전기 자전거,남성,40대,자녀 성장기(막내가 초등학생～고등학생),400만원 내외,기술/숙련직,인천
16569,20230701,전기 자전거,남성,40대,자녀 성장기(막내가 초등학생～고등학생),300만원 내외,학생,경기
16572,20230701,전기 자전거,남성,40대,1인 가구,400만원 내외,기술/숙련직,울산
16573,20230701,전동 킥보드,남성,30대,자녀 유아기(막내가 초등학교 입학 전),800만원 내외,자영업,경기
16579,20230701,"오토바이(바이크, 스쿠터)",남성,40대,자녀 성장기(막내가 초등학생～고등학생),800만원 내외,자영업,서울
16588,20230701,"오토바이(바이크, 스쿠터)",남성,30대,신혼기 초과(자녀없음),"1,100~1,500만원 내외",전문직,서울
16591,20230701,전동 킥보드,남성,40대,자녀 성장기(막내가 초등학생～고등학생),500만원 내외,사무직,경기
16602,20230701,전기 자전거,남성,60대 이상,자녀 독립기(막내가 결혼한 상태),500만원 내외,무직/기타,경기
16612,20230701,전동 킥보드,남성,50대,자녀 성인기(막내가 대학생～결혼 전),700만원 내외,사무직,경기
16616,20230701,전동 휠,남성,50대,자녀 성장기(막내가 초등학생～고등학생),"1,000만원 내외",경영/관리직,서울
16631,20230701,전기 자전거,남성,50대,자녀 성인기(막내가 대학생～결혼 전),800만원 내외,기술/숙련직,경기
16647,20230701,전동 킥보드,남성,30대,자녀 성인기(막내가 대학생～결혼 전),"1,000만원 내외",사무직,대구
16656,20230701,전동 킥보드,남성,50대,자녀 성장기(막내가 초등학생～고등학생),300만원 내외,사무직,경기
16659,20230701,전동 휠,남성,30대,1인 가구,400만원 내외,사무직,경기
16685,20230701,전기 자전거,남성,60대 이상,자녀 성인기(막내가 대학생～결혼 전),"1,000만원 내외",자영업,경기
16686,20230701,"오토바이(바이크, 스쿠터)",남성,60대 이상,자녀 성인기(막내가 대학생～결혼 전),"1,000만원 내외",사무직,서울
16711,20230701,전기 자전거,여성,60대 이상,자녀 성인기(막내가 대학생～결혼 전),400만원 내외,자영업,대전
16715,20230701,"오토바이(바이크, 스쿠터)",남성,50대,자녀 성장기(막내가 초등학생～고등학생),800만원 내외,자영업,경기
16733,20230701,전기 자전거,남성,30대,자녀 독립기(막내가 결혼한 상태),"1,000만원 내외",기술/숙련직,충남
16743,20230701,"오토바이(바이크, 스쿠터)",남성,60대 이상,자녀 독립기(막내가 결혼한 상태),500만원 내외,자영업,경기
16752,20230701,전기 자전거,남성,30대,신혼기(자녀없음),"1,000만원 내외",전문직,경기
16772,20230701,"오토바이(바이크, 스쿠터)",여성,30대,자녀 성장기(막내가 초등학생～고등학생),500만원 내외,사무직,서울
16774,20230701,"오토바이(바이크, 스쿠터)",남성,30대,자녀 성장기(막내가 초등학생～고등학생),"1,000만원 내외",자영업,경기
16778,20230701,전동 스쿠터,남성,40대,1인 가구,400만원 내외,사무직,경남
16796,20230701,전동 킥보드,여성,30대,자녀 성장기(막내가 초등학생～고등학생),500만원 내외,전업주부,인천
16804,20230701,"오토바이(바이크, 스쿠터)",남성,40대,자녀 성장기(막내가 초등학생～고등학생),200만원 내외,자영업,서울
16820,20230701,전동 스쿠터,여성,30대,1인 가구,500만원 내외,사무직,서울
16822,20230701,전동 킥보드,남성,40대,자녀 성장기(막내가 초등학생～고등학생),400만원 내외,기술/숙련직,경기
16830,20230701,전동 킥보드,남성,50대,자녀 성인기(막내가 대학생～결혼 전),"2,100만원 이상",자영업,인천
16843,20230701,"오토바이(바이크, 스쿠터)",남성,30대,자녀 성장기(막내가 초등학생～고등학생),800만원 내외,전문직,경기
16850,20230701,전기 자전거,남성,40대,1인 가구,400만원 내외,사무직,부산
16852,20230701,전동 킥보드,여성,40대,자녀 성장기(막내가 초등학생～고등학생),"1,100~1,500만원 내외",기술/숙련직,경기
16869,20230701,"오토바이(바이크, 스쿠터)",남성,20대,1인 가구,100만원 이하,무직/기타,전남
16873,20230701,전동 스쿠터,남성,40대,자녀 성장기(막내가 초등학생～고등학생),"1,000만원 내외",자영업,경기
16891,20230701,"오토바이(바이크, 스쿠터)",여성,60대 이상,자녀 성인기(막내가 대학생～결혼 전),500만원 내외,사무직,경남
16905,20230701,전동 킥보드,여성,30대,자녀 성인기(막내가 대학생～결혼 전),"1,000만원 내외",일반 공무원/준공무원,제주
16906,20230701,전기 자전거,남성,30대,자녀 성장기(막내가 초등학생～고등학생),500만원 내외,기술/숙련직,서울
16914,20230701,전기 자전거,남성,50대,자녀 성인기(막내가 대학생～결혼 전),"1,000만원 내외",경영/관리직,경기
16918,20230701,전동 휠,남성,40대,자녀 성장기(막내가 초등학생～고등학생),600만원 내외,기술/숙련직,울산
16926,20230701,전동 킥보드,남성,30대,자녀 성장기(막내가 초등학생～고등학생),300만원 내외,기술/숙련직,서울
16930,20230701,"오토바이(바이크, 스쿠터)",남성,40대,1인 가구,600만원 내외,기술/숙련직,경기
16938,20230701,전기 자전거,남성,40대,자녀 성장기(막내가 초등학생～고등학생),모름,무직/기타,서울
16949,20230701,"오토바이(바이크, 스쿠터)",남성,40대,자녀 성장기(막내가 초등학생～고등학생),300만원 내외,자영업,서울
16950,20230701,전동 킥보드,남성,30대,신혼기 초과(자녀없음),600만원 내외,기술/숙련직,경남
16956,20230701,"오토바이(바이크, 스쿠터)",남성,40대,자녀 독립기(막내가 결혼한 상태),500만원 내외,사무직,경기
16958,20230701,전기 자전거,남성,60대 이상,자녀 성인기(막내가 대학생～결혼 전),600만원 내외,경영/관리직,경기
16969,20230701,전동 킥보드,남성,40대,자녀 성인기(막내가 대학생～결혼 전),300만원 내외,자영업,경기
16970,20230701,"오토바이(바이크, 스쿠터)",남성,60대 이상,자녀 독립기(막내가 결혼한 상태),300만원 내외,무직/기타,경기
16977,20230701,전기 자전거,여성,50대,자녀 성인기(막내가 대학생～결혼 전),700만원 내외,무직/기타,서울
16982,20230701,전기 자전거,남성,30대,자녀 유아기(막내가 초등학교 입학 전),400만원 내외,사무직,서울
17006,20230701,전기 자전거,남성,40대,자녀 성장기(막내가 초등학생～고등학생),500만원 내외,자영업,서울
17014,20230701,전기 자전거,남성,60대 이상,자녀 독립기(막내가 결혼한 상태),"1,100~1,500만원 내외",자영업,서울
17021,20230701,전동 킥보드,남성,40대,자녀 성장기(막내가 초등학생～고등학생),"1,000만원 내외",자영업,인천
17027,20230701,전기 자전거,남성,60대 이상,1인 가구,300만원 내외,무직/기타,서울
17030,20230701,전기 자전거,여성,50대,자녀 성인기(막내가 대학생～결혼 전),700만원 내외,판매/서비스직,서울
17031,20230701,전동 킥보드,남성,40대,자녀 성장기(막내가 초등학생～고등학생),800만원 내외,전문직,전북
17034,20230701,전기 자전거,남성,40대,자녀 성장기(막내가 초등학생～고등학생),700만원 내외,판매/서비스직,서울
17040,20230701,"오토바이(바이크, 스쿠터)",남성,40대,신혼기 초과(자녀없음),600만원 내외,기술/숙련직,경기
17043,20230701,전기 자전거,남성,30대,자녀 성인기(막내가 대학생～결혼 전),"1,000만원 내외",사무직,서울
17049,20230701,전기 자전거,남성,50대,자녀 독립기(막내가 결혼한 상태),"1,000만원 내외",전문직,인천
17059,20230701,전동 킥보드,남성,40대,자녀 성장기(막내가 초등학생～고등학생),800만원 내외,자영업,경기
17065,20230701,"오토바이(바이크, 스쿠터)",남성,40대,자녀 성장기(막내가 초등학생～고등학생),"2,100만원 이상",자영업,대구
17104,20230701,"오토바이(바이크, 스쿠터)",여성,30대,1인 가구,300만원 내외,사무직,강원
17106,20230701,전동 킥보드,남성,40대,자녀 성장기(막내가 초등학생～고등학생),500만원 내외,기술/숙련직,경기
17110,20230701,전기 자전거,남성,40대,1인 가구,800만원 내외,사무직,광주
17111,20230701,전동 킥보드,남성,40대,신혼기 초과(자녀없음),400만원 내외,사무직,경남
17112,20230701,전동 킥보드,남성,50대,자녀 성장기(막내가 초등학생～고등학생),500만원 내외,기술/숙련직,경남
17117,20230701,전기 자전거,남성,30대,1인 가구,"1,600~2,000만원 내외",자영업,대구
17121,20230701,"오토바이(바이크, 스쿠터)",남성,40대,1인 가구,모름,기술/숙련직,전북
17129,20230701,전기 자전거,남성,50대,자녀 유아기(막내가 초등학교 입학 전),800만원 내외,기술/숙련직,서울
17143,20230701,"오토바이(바이크, 스쿠터)",남성,60대 이상,자녀 성인기(막내가 대학생～결혼 전),500만원 내외,사무직,경기
17153,20230701,"오토바이(바이크, 스쿠터)",남성,40대,1인 가구,300만원 내외,자영업,대구
17154,20230701,전기 자전거,남성,50대,신혼기 초과(자녀없음),700만원 내외,경영/관리직,서울
17159,20230701,전동 휠,남성,40대,자녀 성장기(막내가 초등학생～고등학생),400만원 내외,일반 공무원/준공무원,충남
17163,20230701,전기 자전거,남성,30대,자녀 유아기(막내가 초등학교 입학 전),600만원 내외,일반 공무원/준공무원,서울
17182,20230701,"오토바이(바이크, 스쿠터)",남성,40대,자녀 성장기(막내가 초등학생～고등학생),600만원 내외,기술/숙련직,경남
17184,20230701,전동 휠,남성,40대,자녀 유아기(막내가 초등학교 입학 전),600만원 내외,사무직,경북
17197,20230701,"오토바이(바이크, 스쿠터)",여성,40대,자녀 성장기(막내가 초등학생～고등학생),300만원 내외,전업주부,경북
17199,20230701,전동 킥보드,남성,30대,자녀 유아기(막내가 초등학교 입학 전),300만원 내외,기술/숙련직,서울
17229,20230701,"오토바이(바이크, 스쿠터)",남성,60대 이상,자녀 독립기(막내가 결혼한 상태),300만원 내외,자영업,부산
17238,20230701,전기 자전거,남성,50대,자녀 성인기(막내가 대학생～결혼 전),800만원 내외,경영/관리직,경기
17246,20230701,전기 자전거,남성,40대,자녀 성장기(막내가 초등학생～고등학생),600만원 내외,사무직,대전
17247,20230701,전기 자전거,남성,30대,자녀 유아기(막내가 초등학교 입학 전),500만원 내외,사무직,제주
17279,20230701,전동 킥보드,여성,50대,자녀 성인기(막내가 대학생～결혼 전),900만원 내외,전문직,대구
17306,20230701,전동 킥보드,남성,50대,자녀 성인기(막내가 대학생～결혼 전),"1,000만원 내외",전문직,경기
17320,20230701,전기 자전거,남성,40대,신혼기(자녀없음),500만원 내외,기술/숙련직,경기
17337,20230701,전기 자전거,여성,40대,자녀 성인기(막내가 대학생～결혼 전),"1,100~1,500만원 내외",전문직,서울
17342,20230701,"오토바이(바이크, 스쿠터)",남성,50대,자녀 성인기(막내가 대학생～결혼 전),"1,100~1,500만원 내외",기술/숙련직,광주
17343,20230701,전기 자전거,여성,40대,1인 가구,400만원 내외,판매/서비스직,서울
17356,20230701,전기 자전거,남성,60대 이상,자녀 성인기(막내가 대학생～결혼 전),400만원 내외,무직/기타,경기
17376,20230701,전동 휠,여성,50대,자녀 성장기(막내가 초등학생～고등학생),500만원 내외,무직/기타,서울
17402,20230701,"오토바이(바이크, 스쿠터)",남성,60대 이상,1인 가구,100만원 이하,무직/기타,경남
17409,20230701,전동 스쿠터,여성,40대,자녀 유아기(막내가 초등학교 입학 전),600만원 내외,전업주부,서울
17415,20230701,전동 킥보드,남성,40대,자녀 성장기(막내가 초등학생～고등학생),"1,100~1,500만원 내외",사무직,서울
17417,20230701,전기 자전거,여성,40대,1인 가구,300만원 내외,판매/서비스직,전북
17422,20230701,전동 킥보드,남성,60대 이상,자녀 성인기(막내가 대학생～결혼 전),"1,000만원 내외",무직/기타,서울
17427,20230701,"오토바이(바이크, 스쿠터)",남성,40대,1인 가구,300만원 내외,자영업,서울
17431,20230701,전동 스쿠터,남성,60대 이상,자녀 독립기(막내가 결혼한 상태),500만원 내외,기술/숙련직,경기
17446,20230701,전기 자전거,남성,60대 이상,자녀 성인기(막내가 대학생～결혼 전),700만원 내외,전문직,제주
17472,20230701,전동 킥보드,여성,40대,1인 가구,300만원 내외,기술/숙련직,경기
17484,20230701,전동 킥보드,여성,60대 이상,자녀 성인기(막내가 대학생～결혼 전),500만원 내외,무직/기타,인천
17487,20230701,"오토바이(바이크, 스쿠터)",남성,40대,자녀 성장기(막내가 초등학생～고등학생),500만원 내외,사무직,서울
17507,20230701,전동 킥보드,남성,40대,자녀 유아기(막내가 초등학교 입학 전),"1,100~1,500만원 내외",전문직,서울
17514,20230701,"오토바이(바이크, 스쿠터)",남성,30대,1인 가구,300만원 내외,기술/숙련직,경기
17527,20230701,전동 스케이트보드,남성,20대,자녀 성인기(막내가 대학생～결혼 전),600만원 내외,판매/서비스직,경기
17540,20230701,전기 자전거,남성,50대,1인 가구,모름,경영/관리직,서울
17553,20230701,전동 킥보드,여성,60대 이상,자녀 성인기(막내가 대학생～결혼 전),400만원 내외,전업주부,대구
17556,20230701,전동 스쿠터,남성,30대,자녀 성인기(막내가 대학생～결혼 전),"2,100만원 이상",전문직,서울
17561,20230701,"오토바이(바이크, 스쿠터)",남성,40대,자녀 성장기(막내가 초등학생～고등학생),400만원 내외,사무직,서울
17569,20230701,"오토바이(바이크, 스쿠터)",남성,20대,1인 가구,400만원 내외,기술/숙련직,강원
17573,20230701,"오토바이(바이크, 스쿠터)",남성,50대,1인 가구,"2,100만원 이상",기술/숙련직,서울
17585,20230701,전동 킥보드,남성,30대,자녀 유아기(막내가 초등학교 입학 전),700만원 내외,일반 공무원/준공무원,경기
17592,20230701,전동 킥보드,남성,30대,자녀 성인기(막내가 대학생～결혼 전),500만원 내외,판매/서비스직,부산
17593,20230701,"오토바이(바이크, 스쿠터)",남성,50대,자녀 성인기(막내가 대학생～결혼 전),600만원 내외,기술/숙련직,대구
17602,20230701,"오토바이(바이크, 스쿠터)",남성,60대 이상,자녀 독립기(막내가 결혼한 상태),500만원 내외,기술/숙련직,경기
17611,20230701,"오토바이(바이크, 스쿠터)",남성,60대 이상,자녀 독립기(막내가 결혼한 상태),300만원 내외,무직/기타,대구
17617,20230701,전기 자전거,남성,40대,1인 가구,300만원 내외,기술/숙련직,충남
17619,20230701,전기 자전거,남성,30대,자녀 성장기(막내가 초등학생～고등학생),400만원 내외,기술/숙련직,강원
17662,20230701,전동 킥보드,남성,40대,자녀 유아기(막내가 초등학교 입학 전),500만원 내외,사무직,경기
17665,20230701,전동 킥보드,남성,40대,자녀 성장기(막내가 초등학생～고등학생),700만원 내외,사무직,충남
17667,20230701,전기 자전거,남성,40대,자녀 성장기(막내가 초등학생～고등학생),"1,100~1,500만원 내외",기술/숙련직,충남
17673,20230701,전기 자전거,남성,40대,신혼기 초과(자녀없음),800만원 내외,일반 공무원/준공무원,서울
17697,20230701,전기 자전거,남성,50대,자녀 성장기(막내가 초등학생～고등학생),600만원 내외,경영/관리직,충남
17707,20230701,전기 자전거,남성,60대 이상,자녀 성인기(막내가 대학생～결혼 전),"1,100~1,500만원 내외",전문직,대전
17740,20230701,"오토바이(바이크, 스쿠터)",남성,50대,자녀 성인기(막내가 대학생～결혼 전),700만원 내외,사무직,전북
17749,20230701,전동 킥보드,남성,40대,자녀 유아기(막내가 초등학교 입학 전),300만원 내외,사무직,충북
17753,20230701,"오토바이(바이크, 스쿠터)",남성,60대 이상,자녀 독립기(막내가 결혼한 상태),500만원 내외,무직/기타,충남
17757,20230701,"오토바이(바이크, 스쿠터)",남성,30대,자녀 유아기(막내가 초등학교 입학 전),600만원 내외,기술/숙련직,세종
17759,20230701,전기 자전거,남성,60대 이상,자녀 성인기(막내가 대학생～결혼 전),"1,000만원 내외",무직/기타,서울
17762,20230701,전동 스쿠터,남성,60대 이상,자녀 독립기(막내가 결혼한 상태),300만원 내외,자영업,경기
17782,20230701,전기 자전거,남성,40대,자녀 성장기(막내가 초등학생～고등학생),500만원 내외,기술/숙련직,서울
17791,20230701,"오토바이(바이크, 스쿠터)",남성,40대,신혼기 초과(자녀없음),600만원 내외,자영업,경기
17846,20230701,전기 자전거,남성,60대 이상,신혼기 초과(자녀없음),300만원 내외,무직/기타,서울
17847,20230701,전동 킥보드,남성,50대,자녀 성장기(막내가 초등학생～고등학생),800만원 내외,경영/관리직,서울
17882,20230701,전동 스케이트보드,남성,60대 이상,자녀 성인기(막내가 대학생～결혼 전),"2,100만원 이상",전문직,서울
17887,20230701,"오토바이(바이크, 스쿠터)",남성,40대,자녀 유아기(막내가 초등학교 입학 전),400만원 내외,자영업,대전
17896,20230701,"오토바이(바이크, 스쿠터)",여성,40대,자녀 독립기(막내가 결혼한 상태),"1,000만원 내외",사무직,전남
17915,20230701,"오토바이(바이크, 스쿠터)",남성,40대,자녀 성장기(막내가 초등학생～고등학생),600만원 내외,사무직,서울
17932,20230701,전기 자전거,남성,40대,자녀 성장기(막내가 초등학생～고등학생),600만원 내외,기술/숙련직,경기
17944,20230701,전기 자전거,남성,50대,자녀 성인기(막내가 대학생～결혼 전),"1,600~2,000만원 내외",전문직,경기
17964,20230701,전기 자전거,남성,40대,자녀 성장기(막내가 초등학생～고등학생),500만원 내외,자영업,서울
17968,20230701,전동 스쿠터,남성,50대,1인 가구,500만원 내외,기술/숙련직,경기
17970,20230701,"오토바이(바이크, 스쿠터)",남성,60대 이상,자녀 독립기(막내가 결혼한 상태),300만원 내외,자영업,대구
18003,20230701,"오토바이(바이크, 스쿠터)",남성,60대 이상,자녀 독립기(막내가 결혼한 상태),600만원 내외,자영업,부산
18028,20230701,전동 킥보드,남성,40대,자녀 성장기(막내가 초등학생～고등학생),300만원 내외,사무직,인천
18040,20230701,전동 킥보드,남성,40대,자녀 성장기(막내가 초등학생～고등학생),400만원 내외,기술/숙련직,부산
18053,20230701,전동 킥보드,남성,50대,자녀 성장기(막내가 초등학생～고등학생),300만원 내외,무직/기타,강원
18054,20230701,전기 자전거,남성,60대 이상,자녀 성장기(막내가 초등학생～고등학생),"1,600~2,000만원 내외",경영/관리직,경기
18075,20230701,전기 자전거,남성,50대,자녀 성인기(막내가 대학생～결혼 전),300만원 내외,사무직,경기
18099,20230701,전기 자전거,남성,50대,자녀 성장기(막내가 초등학생～고등학생),"1,000만원 내외",경영/관리직,서울
18143,20230701,전동 킥보드,남성,50대,자녀 성인기(막내가 대학생～결혼 전),800만원 내외,자영업,경기
18150,20230701,전동 킥보드,남성,40대,자녀 성장기(막내가 초등학생～고등학생),900만원 내외,경영/관리직,충북
18172,20230701,전기 자전거,남성,40대,1인 가구,400만원 내외,사무직,경기
18173,20230701,전동 킥보드,여성,30대,자녀 유아기(막내가 초등학교 입학 전),"1,000만원 내외",사무직,전북
18178,20230701,"오토바이(바이크, 스쿠터)",남성,40대,자녀 유아기(막내가 초등학교 입학 전),300만원 내외,사무직,대전
18195,20230701,전동 킥보드,여성,20대,자녀 성인기(막내가 대학생～결혼 전),500만원 내외,사무직,경기
18205,20230701,전동 킥보드,여성,50대,자녀 성인기(막내가 대학생～결혼 전),500만원 내외,전문직,서울
18215,20230701,전동 킥보드,남성,40대,자녀 성인기(막내가 대학생～결혼 전),500만원 내외,기술/숙련직,전북
18222,20230701,전동 킥보드,남성,50대,자녀 성장기(막내가 초등학생～고등학생),400만원 내외,일반 공무원/준공무원,전북
18237,20230701,전동 킥보드,여성,40대,자녀 성장기(막내가 초등학생～고등학생),600만원 내외,일반 공무원/준공무원,부산
18253,20230701,전동 스쿠터,남성,40대,1인 가구,500만원 내외,사무직,서울
18266,20230701,"오토바이(바이크, 스쿠터)",남성,30대,1인 가구,400만원 내외,사무직,경기
18273,20230701,전기 자전거,남성,50대,자녀 성장기(막내가 초등학생～고등학생),400만원 내외,기술/숙련직,서울
18294,20230701,전동 킥보드,남성,40대,신혼기 초과(자녀없음),600만원 내외,기술/숙련직,부산
18297,20230701,"오토바이(바이크, 스쿠터)",여성,40대,자녀 성인기(막내가 대학생～결혼 전),600만원 내외,사무직,서울
18311,20230701,"오토바이(바이크, 스쿠터)",남성,30대,자녀 유아기(막내가 초등학교 입학 전),"1,000만원 내외",기술/숙련직,강원
18329,20230701,"오토바이(바이크, 스쿠터)",남성,50대,1인 가구,"2,100만원 이상",전문직,충북
18330,20230701,전동 킥보드,남성,40대,자녀 유아기(막내가 초등학교 입학 전),"1,000만원 내외",사무직,대전
18333,20230701,전동 킥보드,남성,50대,신혼기 초과(자녀없음),800만원 내외,자영업,대구
18344,20230701,"오토바이(바이크, 스쿠터)",남성,40대,자녀 성장기(막내가 초등학생～고등학생),600만원 내외,경영/관리직,경북
18346,20230701,전기 자전거,남성,50대,자녀 성인기(막내가 대학생～결혼 전),800만원 내외,자영업,서울
18352,20230701,전동 킥보드,남성,40대,자녀 성장기(막내가 초등학생～고등학생),"1,100~1,500만원 내외",기술/숙련직,경남
18353,20230701,"오토바이(바이크, 스쿠터)",여성,40대,1인 가구,100만원 이하,자영업,부산
18371,20230701,전기 자전거,남성,40대,자녀 성장기(막내가 초등학생～고등학생),"1,000만원 내외",사무직,대구
18407,20230701,전기 자전거,남성,60대 이상,자녀 독립기(막내가 결혼한 상태),800만원 내외,자영업,부산
18411,20230701,전동 킥보드,남성,40대,자녀 성장기(막내가 초등학생～고등학생),600만원 내외,기술/숙련직,경기
18419,20230701,전동 킥보드,여성,40대,신혼기 초과(자녀없음),700만원 내외,전문직,인천
18422,20230701,전기 자전거,남성,60대 이상,자녀 독립기(막내가 결혼한 상태),200만원 내외,자영업,충북
18431,20230701,전동 킥보드,남성,40대,자녀 성장기(막내가 초등학생～고등학생),"1,100~1,500만원 내외",경영/관리직,서울
18434,20230701,전기 자전거,남성,30대,신혼기(자녀없음),600만원 내외,사무직,경기
18453,20230701,전기 자전거,남성,30대,신혼기(자녀없음),800만원 내외,기술/숙련직,대구
18456,20230701,"오토바이(바이크, 스쿠터)",남성,60대 이상,자녀 성인기(막내가 대학생～결혼 전),"1,100~1,500만원 내외",자영업,경기
18458,20230701,전기 자전거,남성,50대,자녀 성장기(막내가 초등학생～고등학생),700만원 내외,경영/관리직,충북
18481,20230701,전동 스케이트보드,여성,30대,신혼기 초과(자녀없음),700만원 내외,전업주부,강원
18482,20230701,전기 자전거,남성,60대 이상,자녀 성인기(막내가 대학생～결혼 전),600만원 내외,사무직,서울
18488,20230701,"오토바이(바이크, 스쿠터)",남성,50대,자녀 성인기(막내가 대학생～결혼 전),300만원 내외,기술/숙련직,경기
18504,20230701,"오토바이(바이크, 스쿠터)",남성,40대,자녀 성장기(막내가 초등학생～고등학생),500만원 내외,사무직,충남
18512,20230701,전기 자전거,남성,60대 이상,자녀 성인기(막내가 대학생～결혼 전),600만원 내외,경영/관리직,서울
18517,20230701,전기 자전거,남성,60대 이상,1인 가구,200만원 내외,무직/기타,인천
18524,20230701,전동 킥보드,남성,40대,자녀 성장기(막내가 초등학생～고등학생),"2,100만원 이상",자영업,서울
18531,20230701,전기 자전거,남성,50대,자녀 성장기(막내가 초등학생～고등학생),500만원 내외,사무직,서울
18534,20230701,전동 킥보드,남성,40대,자녀 성장기(막내가 초등학생～고등학생),500만원 내외,사무직,경기
18540,20230701,"오토바이(바이크, 스쿠터)",남성,40대,자녀 성장기(막내가 초등학생～고등학생),600만원 내외,사무직,전북
18556,20230701,전기 자전거,여성,30대,자녀 유아기(막내가 초등학교 입학 전),500만원 내외,전업주부,대전
18558,20230701,전동 스케이트보드,여성,50대,자녀 성장기(막내가 초등학생～고등학생),800만원 내외,판매/서비스직,경기
18572,20230701,전동 킥보드,남성,50대,자녀 성인기(막내가 대학생～결혼 전),"1,100~1,500만원 내외",경영/관리직,경기
18573,20230701,"오토바이(바이크, 스쿠터)",남성,40대,자녀 유아기(막내가 초등학교 입학 전),800만원 내외,경영/관리직,서울
18581,20230701,전동 킥보드,남성,40대,자녀 성장기(막내가 초등학생～고등학생),300만원 내외,전문직,경기
18585,20230701,"오토바이(바이크, 스쿠터)",남성,40대,자녀 성장기(막내가 초등학생～고등학생),600만원 내외,전문직,경기
18591,20230701,전기 자전거,여성,40대,자녀 성장기(막내가 초등학생～고등학생),"1,000만원 내외",전업주부,인천
18595,20230701,"오토바이(바이크, 스쿠터)",남성,40대,1인 가구,800만원 내외,자영업,경기
18608,20230701,"오토바이(바이크, 스쿠터)",남성,50대,자녀 성인기(막내가 대학생～결혼 전),"1,000만원 내외",사무직,광주
18609,20230701,"오토바이(바이크, 스쿠터)",남성,60대 이상,자녀 성인기(막내가 대학생～결혼 전),400만원 내외,기술/숙련직,울산
18615,20230701,전동 킥보드,여성,30대,1인 가구,200만원 내외,전문직,부산
18645,20230701,전동 킥보드,여성,30대,1인 가구,모름,무직/기타,대구
18647,20230701,"오토바이(바이크, 스쿠터)",남성,50대,1인 가구,200만원 내외,기술/숙련직,경기
18651,20230701,전기 자전거,남성,50대,자녀 독립기(막내가 결혼한 상태),600만원 내외,일반 공무원/준공무원,경남
18654,20230701,전동 휠,남성,50대,자녀 성장기(막내가 초등학생～고등학생),"1,100~1,500만원 내외",경영/관리직,서울
18716,20230701,전기 자전거,남성,50대,자녀 성인기(막내가 대학생～결혼 전),700만원 내외,기술/숙련직,부산
18722,20230701,전기 자전거,남성,30대,신혼기(자녀없음),400만원 내외,사무직,충남
18729,20230701,전동 킥보드,남성,50대,자녀 성장기(막내가 초등학생～고등학생),900만원 내외,전문직,서울
18734,20230701,전기 자전거,남성,30대,1인 가구,500만원 내외,사무직,서울
18737,20230701,전기 자전거,남성,60대 이상,자녀 성인기(막내가 대학생～결혼 전),"1,000만원 내외",전문직,전북
18746,20230701,전기 자전거,남성,40대,1인 가구,600만원 내외,기술/숙련직,경기
18749,20230701,"오토바이(바이크, 스쿠터)",남성,50대,1인 가구,300만원 내외,판매/서비스직,서울
18760,20230701,전기 자전거,남성,50대,자녀 성인기(막내가 대학생～결혼 전),"2,100만원 이상",경영/관리직,부산
18779,20230701,전기 자전거,남성,40대,자녀 성장기(막내가 초등학생～고등학생),600만원 내외,기술/숙련직,광주
18787,20230701,전동 킥보드,여성,30대,자녀 유아기(막내가 초등학교 입학 전),모름,사무직,경기
18806,20230701,전동 킥보드,남성,50대,자녀 성장기(막내가 초등학생～고등학생),700만원 내외,전문직,대구
18817,20230701,전동 스쿠터,여성,60대 이상,자녀 성인기(막내가 대학생～결혼 전),"1,600~2,000만원 내외",사무직,서울
18826,20230701,"오토바이(바이크, 스쿠터)",남성,50대,자녀 독립기(막내가 결혼한 상태),300만원 내외,자영업,서울
18828,20230701,전기 자전거,남성,60대 이상,자녀 성인기(막내가 대학생～결혼 전),"1,000만원 내외",일반 공무원/준공무원,광주
18833,20230701,전기 자전거,남성,30대,자녀 성인기(막내가 대학생～결혼 전),"2,100만원 이상",사무직,서울
18859,20230701,전동 킥보드,남성,40대,자녀 성장기(막내가 초등학생～고등학생),700만원 내외,사무직,경기
18861,20230701,전기 자전거,남성,50대,자녀 성장기(막내가 초등학생～고등학생),800만원 내외,기술/숙련직,경기
18884,20230701,"오토바이(바이크, 스쿠터)",남성,50대,자녀 성인기(막내가 대학생～결혼 전),"1,100~1,500만원 내외",기술/숙련직,울산
18888,20230701,전동 킥보드,여성,30대,자녀 성인기(막내가 대학생～결혼 전),800만원 내외,전문직,서울
18893,20230701,전기 자전거,남성,40대,자녀 성장기(막내가 초등학생～고등학생),"1,100~1,500만원 내외",판매/서비스직,경기
18899,20230701,"오토바이(바이크, 스쿠터)",남성,40대,자녀 성장기(막내가 초등학생～고등학생),500만원 내외,사무직,부산
18909,20230701,전동 스쿠터,남성,40대,자녀 성장기(막내가 초등학생～고등학생),"2,100만원 이상",사무직,부산
18921,20230701,전기 자전거,남성,40대,자녀 성장기(막내가 초등학생～고등학생),900만원 내외,자영업,경기
18935,20230701,전동 휠,여성,40대,자녀 성장기(막내가 초등학생～고등학생),800만원 내외,사무직,경북
18966,20230701,전동 킥보드,남성,50대,1인 가구,500만원 내외,기술/숙련직,경기
18974,20230701,전동 휠,남성,40대,자녀 성장기(막내가 초등학생～고등학생),300만원 내외,자영업,제주
18975,20230701,전동 킥보드,남성,50대,자녀 성인기(막내가 대학생～결혼 전),600만원 내외,사무직,경북
18982,20230701,"오토바이(바이크, 스쿠터)",남성,40대,자녀 성장기(막내가 초등학생～고등학생),300만원 내외,자영업,부산
18989,20230701,"오토바이(바이크, 스쿠터)",남성,40대,자녀 유아기(막내가 초등학교 입학 전),900만원 내외,전업주부,충남
19006,20230701,전동 휠,여성,60대 이상,자녀 독립기(막내가 결혼한 상태),100만원 이하,전업주부,경남
19007,20230701,전동 킥보드,남성,30대,자녀 성인기(막내가 대학생～결혼 전),600만원 내외,사무직,경기
19009,20230701,전동 스쿠터,여성,60대 이상,자녀 독립기(막내가 결혼한 상태),600만원 내외,전업주부,서울
19023,20230701,전기 자전거,남성,50대,1인 가구,"1,100~1,500만원 내외",자영업,경기
19034,20230701,전기 자전거,남성,40대,자녀 성장기(막내가 초등학생～고등학생),600만원 내외,기술/숙련직,서울
19037,20230701,전동 스케이트보드,남성,50대,자녀 성장기(막내가 초등학생～고등학생),"1,600~2,000만원 내외",전문직,경기
19039,20230701,전동 킥보드,남성,30대,자녀 독립기(막내가 결혼한 상태),500만원 내외,기술/숙련직,대구
19044,20230701,"오토바이(바이크, 스쿠터)",남성,50대,자녀 성장기(막내가 초등학생～고등학생),600만원 내외,기술/숙련직,경기
19070,20230701,전동 휠,남성,50대,자녀 성인기(막내가 대학생～결혼 전),800만원 내외,기술/숙련직,경기
19076,20230701,"오토바이(바이크, 스쿠터)",남성,30대,자녀 성인기(막내가 대학생～결혼 전),"2,100만원 이상",사무직,서울
19079,20230701,전기 자전거,여성,40대,자녀 성장기(막내가 초등학생～고등학생),600만원 내외,사무직,경북
19080,20230701,"오토바이(바이크, 스쿠터)",남성,50대,자녀 성인기(막내가 대학생～결혼 전),"1,000만원 내외",기술/숙련직,부산
19082,20230701,전기 자전거,남성,50대,자녀 성장기(막내가 초등학생～고등학생),400만원 내외,기술/숙련직,충남
19090,20230701,"오토바이(바이크, 스쿠터)",남성,50대,자녀 성장기(막내가 초등학생～고등학생),400만원 내외,기술/숙련직,광주
19093,20230701,전기 자전거,남성,50대,1인 가구,700만원 내외,전문직,대전
19102,20230701,"오토바이(바이크, 스쿠터)",남성,20대,자녀 성인기(막내가 대학생～결혼 전),500만원 내외,무직/기타,경북
19129,20230701,전기 자전거,남성,60대 이상,자녀 독립기(막내가 결혼한 상태),600만원 내외,기술/숙련직,대구
19144,20230701,"오토바이(바이크, 스쿠터)",여성,30대,자녀 유아기(막내가 초등학교 입학 전),500만원 내외,전업주부,경기
19152,20230701,전동 킥보드,남성,40대,자녀 성장기(막내가 초등학생～고등학생),300만원 내외,판매/서비스직,인천
19165,20230701,전동 킥보드,남성,50대,자녀 성장기(막내가 초등학생～고등학생),600만원 내외,기술/숙련직,경기
19184,20230701,전동 킥보드,남성,50대,자녀 성장기(막내가 초등학생～고등학생),300만원 내외,기술/숙련직,대전
19186,20230701,전동 스케이트보드,남성,60대 이상,자녀 성인기(막내가 대학생～결혼 전),700만원 내외,자영업,서울
19189,20230701,전동 킥보드,남성,50대,자녀 성장기(막내가 초등학생～고등학생),700만원 내외,기술/숙련직,서울
19194,20230701,"오토바이(바이크, 스쿠터)",남성,50대,자녀 유아기(막내가 초등학교 입학 전),"2,100만원 이상",전문직,인천
19216,20230701,전동 휠,남성,40대,1인 가구,800만원 내외,자영업,경남
19217,20230701,"오토바이(바이크, 스쿠터)",남성,40대,자녀 성장기(막내가 초등학생～고등학생),500만원 내외,사무직,경남
19221,20230701,전동 킥보드,남성,40대,자녀 성장기(막내가 초등학생～고등학생),400만원 내외,판매/서비스직,부산
19225,20230701,전동 휠,남성,50대,1인 가구,400만원 내외,사무직,충북
19230,20230701,전동 스쿠터,남성,60대 이상,자녀 독립기(막내가 결혼한 상태),300만원 내외,무직/기타,부산
19237,20230701,전기 자전거,남성,60대 이상,자녀 독립기(막내가 결혼한 상태),800만원 내외,기술/숙련직,서울
19240,20230701,전동 킥보드,남성,40대,자녀 유아기(막내가 초등학교 입학 전),600만원 내외,기술/숙련직,충북
19244,20230701,"오토바이(바이크, 스쿠터)",남성,60대 이상,자녀 성인기(막내가 대학생～결혼 전),"2,100만원 이상",전문직,부산
19246,20230701,전동 휠,남성,40대,자녀 성장기(막내가 초등학생～고등학생),800만원 내외,경영/관리직,경기
19262,20230701,전동 킥보드,남성,40대,자녀 성장기(막내가 초등학생～고등학생),700만원 내외,판매/서비스직,경기
19265,20230701,"오토바이(바이크, 스쿠터)",여성,50대,자녀 유아기(막내가 초등학교 입학 전),500만원 내외,사무직,경북
19267,20230701,전동 휠,남성,40대,자녀 성장기(막내가 초등학생～고등학생),900만원 내외,기술/숙련직,경기
19280,20230701,"오토바이(바이크, 스쿠터)",남성,50대,자녀 성장기(막내가 초등학생～고등학생),900만원 내외,경영/관리직,서울
19282,20230701,전동 킥보드,여성,50대,자녀 성인기(막내가 대학생～결혼 전),"1,000만원 내외",전업주부,경기
19294,20230701,전동 킥보드,남성,40대,자녀 유아기(막내가 초등학교 입학 전),600만원 내외,일반 공무원/준공무원,경남
19307,20230701,전기 자전거,남성,50대,자녀 성인기(막내가 대학생～결혼 전),700만원 내외,사무직,대전
19311,20230701,전동 킥보드,여성,40대,자녀 성장기(막내가 초등학생～고등학생),500만원 내외,전업주부,경기
19335,20230701,"오토바이(바이크, 스쿠터)",남성,60대 이상,자녀 성인기(막내가 대학생～결혼 전),"1,600~2,000만원 내외",경영/관리직,부산
19338,20230701,전동 스케이트보드,남성,40대,자녀 성인기(막내가 대학생～결혼 전),600만원 내외,사무직,서울
19344,20230701,전동 킥보드,여성,30대,자녀 성장기(막내가 초등학생～고등학생),500만원 내외,사무직,경기
19380,20230701,전동 킥보드,남성,30대,자녀 성장기(막내가 초등학생～고등학생),900만원 내외,기술/숙련직,경기
19390,20230701,전동 휠,남성,50대,자녀 성장기(막내가 초등학생～고등학생),900만원 내외,경영/관리직,경기
19401,20230701,"오토바이(바이크, 스쿠터)",남성,60대 이상,자녀 성인기(막내가 대학생～결혼 전),700만원 내외,전업주부,부산
19430,20230701,"오토바이(바이크, 스쿠터)",남성,60대 이상,자녀 성인기(막내가 대학생～결혼 전),700만원 내외,자영업,경기
19439,20230701,전동 킥보드,여성,20대,자녀 성인기(막내가 대학생～결혼 전),"1,600~2,000만원 내외",사무직,부산
19450,20230701,전동 킥보드,남성,50대,자녀 성장기(막내가 초등학생～고등학생),"1,000만원 내외",기술/숙련직,경남
19482,20230701,"오토바이(바이크, 스쿠터)",남성,30대,자녀 유아기(막내가 초등학교 입학 전),600만원 내외,자영업,경기
19484,20230701,전동 킥보드,남성,40대,자녀 유아기(막내가 초등학교 입학 전),700만원 내외,자영업,경기
19487,20230701,전기 자전거,남성,50대,자녀 성인기(막내가 대학생～결혼 전),"1,000만원 내외",자영업,서울
19510,20230701,"오토바이(바이크, 스쿠터)",남성,30대,자녀 성장기(막내가 초등학생～고등학생),700만원 내외,기술/숙련직,울산
19512,20230701,"오토바이(바이크, 스쿠터)",남성,40대,자녀 성장기(막내가 초등학생～고등학생),600만원 내외,학생,울산
19534,20230701,전기 자전거,남성,40대,자녀 성장기(막내가 초등학생～고등학생),600만원 내외,사무직,경기
19541,20230701,전기 자전거,남성,40대,자녀 유아기(막내가 초등학교 입학 전),300만원 내외,기술/숙련직,인천
19546,20230701,전기 자전거,여성,30대,1인 가구,"1,000만원 내외",사무직,서울
19552,20230701,전기 자전거,여성,30대,자녀 성인기(막내가 대학생～결혼 전),700만원 내외,사무직,부산
19565,20230701,"오토바이(바이크, 스쿠터)",남성,60대 이상,자녀 성인기(막내가 대학생～결혼 전),800만원 내외,기술/숙련직,부산
19573,20230701,전동 킥보드,남성,40대,자녀 성장기(막내가 초등학생～고등학생),800만원 내외,기술/숙련직,경기
19577,20230701,전기 자전거,남성,30대,신혼기(자녀없음),700만원 내외,사무직,경기
19578,20230701,전기 자전거,남성,40대,자녀 성장기(막내가 초등학생～고등학생),500만원 내외,기술/숙련직,경남
19585,20230701,전동 스쿠터,남성,40대,자녀 유아기(막내가 초등학교 입학 전),"1,600~2,000만원 내외",경영/관리직,경기
19611,20230701,전동 킥보드,남성,40대,자녀 성장기(막내가 초등학생～고등학생),800만원 내외,경영/관리직,제주
19615,20230701,전기 자전거,남성,50대,1인 가구,400만원 내외,무직/기타,제주
19621,20230701,전기 자전거,남성,40대,자녀 성장기(막내가 초등학생～고등학생),"1,600~2,000만원 내외",자영업,서울
19628,20230701,전동 킥보드,남성,50대,자녀 성인기(막내가 대학생～결혼 전),700만원 내외,판매/서비스직,서울
19642,20230701,"오토바이(바이크, 스쿠터)",남성,50대,자녀 유아기(막내가 초등학교 입학 전),"1,000만원 내외",자영업,충북
19670,20230701,"오토바이(바이크, 스쿠터)",남성,50대,자녀 성장기(막내가 초등학생～고등학생),"1,000만원 내외",기술/숙련직,경기
19685,20230701,전동 킥보드,남성,50대,자녀 성인기(막내가 대학생～결혼 전),600만원 내외,기술/숙련직,서울
19694,20230701,전기 자전거,남성,60대 이상,자녀 독립기(막내가 결혼한 상태),600만원 내외,무직/기타,전북
19697,20230701,전기 자전거,여성,20대,자녀 성인기(막내가 대학생～결혼 전),모름,학생,대구
19699,20230701,"오토바이(바이크, 스쿠터)",여성,30대,자녀 성인기(막내가 대학생～결혼 전),500만원 내외,판매/서비스직,울산
19710,20230701,전동 스쿠터,남성,40대,자녀 성장기(막내가 초등학생～고등학생),"1,000만원 내외",전문직,서울
19715,20230701,전기 자전거,남성,40대,자녀 유아기(막내가 초등학교 입학 전),600만원 내외,경영/관리직,서울
19716,20230701,전기 자전거,남성,40대,1인 가구,300만원 내외,사무직,서울
19718,20230701,전동 킥보드,남성,40대,신혼기 초과(자녀없음),800만원 내외,기술/숙련직,서울
19726,20230701,전동 킥보드,남성,50대,자녀 성장기(막내가 초등학생～고등학생),600만원 내외,전문직,서울
19730,20230701,전기 자전거,남성,40대,자녀 성장기(막내가 초등학생～고등학생),"1,100~1,500만원 내외",사무직,서울
19734,20230701,전동 킥보드,여성,50대,자녀 성장기(막내가 초등학생～고등학생),"1,100~1,500만원 내외",자영업,경북
19746,20230701,"오토바이(바이크, 스쿠터)",남성,30대,자녀 유아기(막내가 초등학교 입학 전),400만원 내외,판매/서비스직,서울
19753,20230701,"오토바이(바이크, 스쿠터)",남성,60대 이상,자녀 성인기(막내가 대학생～결혼 전),700만원 내외,사무직,충북
19771,20230701,전기 자전거,여성,40대,자녀 성장기(막내가 초등학생～고등학생),500만원 내외,무직/기타,대전
19781,20230701,"오토바이(바이크, 스쿠터)",남성,50대,자녀 성인기(막내가 대학생～결혼 전),500만원 내외,사무직,서울
19796,20230701,전기 자전거,남성,30대,1인 가구,400만원 내외,사무직,서울
19819,20230701,전기 자전거,남성,50대,자녀 성인기(막내가 대학생～결혼 전),600만원 내외,기술/숙련직,경기
19847,20230701,전동 킥보드,남성,40대,자녀 성장기(막내가 초등학생～고등학생),"1,000만원 내외",일반 공무원/준공무원,대전
19855,20230701,전기 자전거,남성,30대,1인 가구,300만원 내외,사무직,경기
19861,20230701,전동 킥보드,남성,50대,자녀 성인기(막내가 대학생～결혼 전),500만원 내외,판매/서비스직,서울
19871,20230701,전동 킥보드,여성,50대,자녀 성인기(막내가 대학생～결혼 전),800만원 내외,전문직,대전
19875,20230701,전동 킥보드,남성,40대,자녀 성장기(막내가 초등학생～고등학생),700만원 내외,사무직,대구
19886,20230701,"오토바이(바이크, 스쿠터)",남성,60대 이상,자녀 성인기(막내가 대학생～결혼 전),400만원 내외,무직/기타,강원
19892,20230701,전기 자전거,남성,50대,자녀 성인기(막내가 대학생～결혼 전),600만원 내외,일반 공무원/준공무원,경기
19928,20230701,전기 자전거,남성,60대 이상,자녀 독립기(막내가 결혼한 상태),900만원 내외,경영/관리직,서울
19934,20230701,전동 킥보드,남성,60대 이상,1인 가구,300만원 내외,자영업,충남
19940,20230701,"오토바이(바이크, 스쿠터)",남성,60대 이상,자녀 독립기(막내가 결혼한 상태),500만원 내외,무직/기타,세종
19949,20230701,"오토바이(바이크, 스쿠터)",남성,30대,자녀 유아기(막내가 초등학교 입학 전),"1,600~2,000만원 내외",자영업,충북
19951,20230701,전기 자전거,남성,50대,자녀 성인기(막내가 대학생～결혼 전),"1,000만원 내외",전문직,대전
19971,20230701,"오토바이(바이크, 스쿠터)",여성,50대,자녀 성인기(막내가 대학생～결혼 전),700만원 내외,전업주부,대전
19975,20230701,전동 스쿠터,여성,30대,자녀 유아기(막내가 초등학교 입학 전),500만원 내외,전업주부,대구
19981,20230701,전기 자전거,여성,40대,신혼기 초과(자녀없음),700만원 내외,사무직,경기
19988,20230701,"오토바이(바이크, 스쿠터)",남성,40대,자녀 독립기(막내가 결혼한 상태),"2,100만원 이상",사무직,서울
19994,20230701,전동 킥보드,남성,40대,자녀 성장기(막내가 초등학생～고등학생),600만원 내외,전문직,경기
19999,20230701,전기 자전거,남성,30대,자녀 유아기(막내가 초등학교 입학 전),800만원 내외,사무직,경남
20005,20230701,전동 킥보드,남성,50대,자녀 성인기(막내가 대학생～결혼 전),"1,000만원 내외",무직/기타,경기
20040,20230701,"오토바이(바이크, 스쿠터)",남성,40대,1인 가구,400만원 내외,일반 공무원/준공무원,서울
20057,20230701,"오토바이(바이크, 스쿠터)",남성,40대,자녀 성장기(막내가 초등학생～고등학생),"1,100~1,500만원 내외",경영/관리직,경기
20068,20230701,전기 자전거,남성,50대,자녀 성장기(막내가 초등학생～고등학생),600만원 내외,기술/숙련직,경기
20075,20230701,전동 킥보드,여성,40대,자녀 유아기(막내가 초등학교 입학 전),700만원 내외,사무직,충북
20077,20230701,전동 킥보드,남성,40대,자녀 성장기(막내가 초등학생～고등학생),200만원 내외,기술/숙련직,경기
20103,20230701,전동 킥보드,남성,30대,자녀 유아기(막내가 초등학교 입학 전),300만원 내외,사무직,대구
20129,20230701,"오토바이(바이크, 스쿠터)",남성,50대,자녀 성인기(막내가 대학생～결혼 전),"1,600~2,000만원 내외",전문직,서울
20142,20230701,전동 킥보드,남성,40대,자녀 성장기(막내가 초등학생～고등학생),300만원 내외,기술/숙련직,대구
20150,20230701,"오토바이(바이크, 스쿠터)",남성,50대,1인 가구,700만원 내외,자영업,경기
20151,20230701,"오토바이(바이크, 스쿠터)",남성,60대 이상,자녀 독립기(막내가 결혼한 상태),400만원 내외,무직/기타,충북
20167,20230701,전기 자전거,남성,50대,자녀 성인기(막내가 대학생～결혼 전),"1,100~1,500만원 내외",무직/기타,경기
20169,20230701,전기 자전거,남성,60대 이상,자녀 독립기(막내가 결혼한 상태),200만원 내외,무직/기타,경기
20170,20230701,전기 자전거,남성,40대,자녀 성장기(막내가 초등학생～고등학생),400만원 내외,판매/서비스직,경기
20186,20230701,"오토바이(바이크, 스쿠터)",여성,30대,신혼기 초과(자녀없음),700만원 내외,기술/숙련직,서울
20198,20230701,전기 자전거,여성,40대,1인 가구,300만원 내외,판매/서비스직,서울
20218,20230701,"오토바이(바이크, 스쿠터)",남성,40대,자녀 성장기(막내가 초등학생～고등학생),400만원 내외,사무직,경북
20226,20230701,"오토바이(바이크, 스쿠터)",남성,60대 이상,자녀 성인기(막내가 대학생～결혼 전),800만원 내외,경영/관리직,경남
20244,20230701,전동 스쿠터,남성,60대 이상,자녀 독립기(막내가 결혼한 상태),700만원 내외,자영업,부산
20260,20230701,"오토바이(바이크, 스쿠터)",여성,50대,자녀 성인기(막내가 대학생～결혼 전),500만원 내외,사무직,경기
20278,20230701,전동 킥보드,남성,30대,자녀 유아기(막내가 초등학교 입학 전),200만원 내외,사무직,경남
20296,20230701,"오토바이(바이크, 스쿠터)",남성,30대,자녀 유아기(막내가 초등학교 입학 전),500만원 내외,사무직,충남
20303,20230701,"오토바이(바이크, 스쿠터)",여성,50대,자녀 성인기(막내가 대학생～결혼 전),"2,100만원 이상",일반 공무원/준공무원,강원
20313,20230701,전동 킥보드,남성,50대,자녀 성인기(막내가 대학생～결혼 전),300만원 내외,판매/서비스직,서울
20317,20230701,전동 킥보드,남성,50대,자녀 성장기(막내가 초등학생～고등학생),"1,100~1,500만원 내외",사무직,서울
20332,20230701,전동 킥보드,남성,30대,자녀 성인기(막내가 대학생～결혼 전),900만원 내외,일반 공무원/준공무원,인천
20347,20230701,전동 스케이트보드,남성,50대,자녀 성장기(막내가 초등학생～고등학생),300만원 내외,기술/숙련직,서울
20348,20230701,전기 자전거,남성,60대 이상,자녀 독립기(막내가 결혼한 상태),700만원 내외,무직/기타,전북
20349,20230701,전동 킥보드,남성,40대,자녀 유아기(막내가 초등학교 입학 전),600만원 내외,기술/숙련직,경북
20355,20230701,전동 킥보드,여성,40대,자녀 성장기(막내가 초등학생～고등학생),700만원 내외,자영업,경북
20365,20230701,전동 킥보드,남성,50대,신혼기 초과(자녀없음),500만원 내외,사무직,경기
20367,20230701,전기 자전거,남성,40대,자녀 유아기(막내가 초등학교 입학 전),400만원 내외,사무직,대구
20565,20230701,전기 자전거,여성,30대,자녀 유아기(막내가 초등학교 입학 전),700만원 내외,사무직,제주
20663,20230701,전동 킥보드,남성,30대,자녀 유아기(막내가 초등학교 입학 전),800만원 내외,자영업,경기
20735,20230701,전기 자전거,남성,60대 이상,1인 가구,"2,100만원 이상",기술/숙련직,충남
20990,20230701,전기 자전거,남성,60대 이상,1인 가구,500만원 내외,무직/기타,서울
21050,20230701,전동 킥보드,남성,40대,자녀 유아기(막내가 초등학교 입학 전),"1,600~2,000만원 내외",전문직,세종
21062,20230701,"오토바이(바이크, 스쿠터)",남성,60대 이상,자녀 독립기(막내가 결혼한 상태),400만원 내외,기술/숙련직,대전
21093,20230701,전기 자전거,남성,60대 이상,자녀 독립기(막내가 결혼한 상태),"1,100~1,500만원 내외",기술/숙련직,광주
21110,20230701,전기 자전거,남성,30대,자녀 성장기(막내가 초등학생～고등학생),800만원 내외,기술/숙련직,서울
21112,20230701,전기 자전거,남성,60대 이상,자녀 독립기(막내가 결혼한 상태),500만원 내외,경영/관리직,경기
21115,20230701,전기 자전거,남성,50대,자녀 성인기(막내가 대학생～결혼 전),700만원 내외,경영/관리직,경기
21121,20230701,"오토바이(바이크, 스쿠터)",남성,40대,1인 가구,"2,100만원 이상",자영업,경기
21137,20230701,"오토바이(바이크, 스쿠터)",남성,60대 이상,자녀 독립기(막내가 결혼한 상태),400만원 내외,일반 공무원/준공무원,전남
21156,20230701,전동 킥보드,남성,40대,자녀 성장기(막내가 초등학생～고등학생),600만원 내외,사무직,전남
21191,20230701,전동 킥보드,남성,50대,자녀 성장기(막내가 초등학생～고등학생),500만원 내외,사무직,경기
21194,20230701,전기 자전거,남성,60대 이상,자녀 성인기(막내가 대학생～결혼 전),600만원 내외,경영/관리직,서울
21237,20230701,"오토바이(바이크, 스쿠터)",남성,50대,자녀 성인기(막내가 대학생～결혼 전),"1,600~2,000만원 내외",경영/관리직,대전
21243,20230701,전기 자전거,남성,60대 이상,자녀 성인기(막내가 대학생～결혼 전),300만원 내외,무직/기타,경기
21244,20230701,"오토바이(바이크, 스쿠터)",남성,60대 이상,1인 가구,700만원 내외,자영업,서울
21281,20230701,"오토바이(바이크, 스쿠터)",남성,20대,1인 가구,500만원 내외,사무직,서울
21284,20230701,전동 킥보드,남성,50대,자녀 성인기(막내가 대학생～결혼 전),"1,000만원 내외",경영/관리직,대구
21303,20230701,전기 자전거,남성,40대,자녀 성장기(막내가 초등학생～고등학생),400만원 내외,판매/서비스직,대전
21326,20230701,"오토바이(바이크, 스쿠터)",남성,50대,1인 가구,500만원 내외,자영업,서울
21381,20230701,전동 킥보드,남성,40대,자녀 유아기(막내가 초등학교 입학 전),600만원 내외,기술/숙련직,충북
21403,20230701,전동 킥보드,남성,50대,1인 가구,500만원 내외,자영업,광주
21482,20230701,전동 킥보드,남성,50대,1인 가구,300만원 내외,사무직,서울
21500,20230701,전동 스쿠터,남성,60대 이상,자녀 독립기(막내가 결혼한 상태),"1,100~1,500만원 내외",무직/기타,경기
21508,20230701,"오토바이(바이크, 스쿠터)",남성,40대,자녀 유아기(막내가 초등학교 입학 전),400만원 내외,기술/숙련직,경기
21513,20230701,전기 자전거,남성,40대,자녀 유아기(막내가 초등학교 입학 전),700만원 내외,기술/숙련직,경북
21540,20230701,전동 킥보드,남성,30대,1인 가구,300만원 내외,사무직,충북
21584,20230701,전기 자전거,남성,60대 이상,자녀 성인기(막내가 대학생～결혼 전),300만원 내외,자영업,충남
21642,20230701,전기 자전거,남성,50대,자녀 성인기(막내가 대학생～결혼 전),600만원 내외,판매/서비스직,부산
21678,20230701,전기 자전거,여성,40대,자녀 성장기(막내가 초등학생～고등학생),800만원 내외,자영업,광주
21686,20230701,전동 휠,남성,40대,자녀 성장기(막내가 초등학생～고등학생),400만원 내외,사무직,대구
21758,20230701,전동 킥보드,남성,50대,자녀 성인기(막내가 대학생～결혼 전),800만원 내외,경영/관리직,서울
21768,20230701,전동 휠,남성,50대,자녀 성인기(막내가 대학생～결혼 전),"1,100~1,500만원 내외",일반 공무원/준공무원,서울
21851,20230701,전동 스쿠터,남성,50대,1인 가구,400만원 내외,사무직,충북
21902,20230701,"오토바이(바이크, 스쿠터)",남성,40대,자녀 성장기(막내가 초등학생～고등학생),600만원 내외,사무직,부산
22582,20230701,전동 킥보드,남성,50대,1인 가구,"2,100만원 이상",자영업,서울
22631,20230701,"오토바이(바이크, 스쿠터)",남성,60대 이상,자녀 독립기(막내가 결혼한 상태),500만원 내외,기술/숙련직,서울
22637,20230701,"오토바이(바이크, 스쿠터)",남성,40대,자녀 성인기(막내가 대학생～결혼 전),"1,000만원 내외",경영/관리직,경기
22647,20230701,"오토바이(바이크, 스쿠터)",남성,60대 이상,자녀 독립기(막내가 결혼한 상태),100만원 이하,무직/기타,울산
22661,20230701,전기 자전거,남성,50대,1인 가구,300만원 내외,기술/숙련직,서울
22683,20230701,전기 자전거,남성,60대 이상,자녀 독립기(막내가 결혼한 상태),800만원 내외,무직/기타,경기
22721,20230701,"오토바이(바이크, 스쿠터)",남성,50대,1인 가구,200만원 내외,판매/서비스직,서울
22722,20230701,전동 스쿠터,남성,40대,자녀 성장기(막내가 초등학생～고등학생),500만원 내외,자영업,경기
22730,20230701,"오토바이(바이크, 스쿠터)",남성,60대 이상,자녀 독립기(막내가 결혼한 상태),300만원 내외,무직/기타,서울
22757,20230701,전기 자전거,남성,50대,자녀 성인기(막내가 대학생～결혼 전),"1,000만원 내외",전문직,경기
22776,20230701,전기 자전거,남성,40대,신혼기 초과(자녀없음),"1,000만원 내외",기술/숙련직,경남
22797,20230701,"오토바이(바이크, 스쿠터)",남성,40대,자녀 성장기(막내가 초등학생～고등학생),900만원 내외,기술/숙련직,제주
22801,20230701,전기 자전거,남성,40대,자녀 성인기(막내가 대학생～결혼 전),"1,000만원 내외",일반 공무원/준공무원,경북
22809,20230701,전동 킥보드,남성,40대,자녀 유아기(막내가 초등학교 입학 전),700만원 내외,사무직,충남
22834,20230701,전기 자전거,남성,30대,신혼기(자녀없음),600만원 내외,일반 공무원/준공무원,전남
22858,20230701,"오토바이(바이크, 스쿠터)",남성,20대,1인 가구,300만원 내외,무직/기타,광주
22867,20230701,"오토바이(바이크, 스쿠터)",남성,60대 이상,자녀 독립기(막내가 결혼한 상태),400만원 내외,무직/기타,전북
22890,20230701,전기 자전거,남성,50대,자녀 성인기(막내가 대학생～결혼 전),900만원 내외,기술/숙련직,세종
22912,20230701,"오토바이(바이크, 스쿠터)",남성,60대 이상,1인 가구,200만원 내외,무직/기타,강원
22915,20230701,"오토바이(바이크, 스쿠터)",남성,60대 이상,자녀 독립기(막내가 결혼한 상태),700만원 내외,자영업,경남
22934,20230701,"오토바이(바이크, 스쿠터)",여성,40대,1인 가구,600만원 내외,사무직,서울
22942,20230701,"오토바이(바이크, 스쿠터)",남성,50대,자녀 성인기(막내가 대학생～결혼 전),800만원 내외,경영/관리직,서울
22944,20230701,전기 자전거,남성,50대,자녀 성장기(막내가 초등학생～고등학생),"1,000만원 내외",전문직,서울
22946,20230701,전동 킥보드,남성,30대,자녀 유아기(막내가 초등학교 입학 전),400만원 내외,일반 공무원/준공무원,경기
22953,20230701,전동 킥보드,남성,50대,자녀 성인기(막내가 대학생～결혼 전),"1,100~1,500만원 내외",경영/관리직,대구
22970,20230701,"오토바이(바이크, 스쿠터)",남성,30대,자녀 유아기(막내가 초등학교 입학 전),400만원 내외,사무직,서울
22972,20230701,전기 자전거,남성,60대 이상,자녀 성인기(막내가 대학생～결혼 전),700만원 내외,경영/관리직,서울
22980,20230701,전동 킥보드,남성,40대,자녀 유아기(막내가 초등학교 입학 전),400만원 내외,사무직,경기
22987,20230701,"오토바이(바이크, 스쿠터)",남성,50대,자녀 성인기(막내가 대학생～결혼 전),800만원 내외,경영/관리직,충북
22994,20230701,"오토바이(바이크, 스쿠터)",여성,30대,자녀 유아기(막내가 초등학교 입학 전),800만원 내외,사무직,서울
23009,20230701,전동 스쿠터,여성,50대,자녀 성인기(막내가 대학생～결혼 전),700만원 내외,전업주부,서울
23017,20230701,"오토바이(바이크, 스쿠터)",남성,60대 이상,자녀 성인기(막내가 대학생～결혼 전),500만원 내외,사무직,서울
23020,20230701,전기 자전거,남성,50대,자녀 성장기(막내가 초등학생～고등학생),400만원 내외,경영/관리직,서울
23021,20230701,"오토바이(바이크, 스쿠터)",남성,50대,자녀 성인기(막내가 대학생～결혼 전),700만원 내외,경영/관리직,서울
23022,20230701,전기 자전거,남성,40대,1인 가구,400만원 내외,사무직,경기
23023,20230701,전동 킥보드,여성,20대,자녀 유아기(막내가 초등학교 입학 전),300만원 내외,기술/숙련직,인천
23026,20230701,전기 자전거,남성,50대,자녀 성인기(막내가 대학생～결혼 전),"1,100~1,500만원 내외",사무직,서울
23042,20230701,전동 킥보드,남성,30대,자녀 유아기(막내가 초등학교 입학 전),500만원 내외,일반 공무원/준공무원,서울
23048,20230701,전동 스케이트보드,남성,40대,자녀 유아기(막내가 초등학교 입학 전),600만원 내외,사무직,서울
23050,20230701,"오토바이(바이크, 스쿠터)",남성,50대,자녀 성장기(막내가 초등학생～고등학생),700만원 내외,사무직,제주
23056,20230701,"오토바이(바이크, 스쿠터)",남성,30대,자녀 성장기(막내가 초등학생～고등학생),500만원 내외,기술/숙련직,인천
23067,20230701,전기 자전거,남성,40대,자녀 성장기(막내가 초등학생～고등학생),300만원 내외,사무직,부산
23097,20230701,전기 자전거,남성,30대,자녀 성장기(막내가 초등학생～고등학생),600만원 내외,사무직,경기
23108,20230701,전동 킥보드,남성,20대,1인 가구,"1,000만원 내외",사무직,서울
23131,20230701,전기 자전거,남성,30대,자녀 성인기(막내가 대학생～결혼 전),500만원 내외,사무직,경남
23143,20230701,전동 킥보드,남성,50대,자녀 성인기(막내가 대학생～결혼 전),400만원 내외,사무직,경기
23154,20230701,"오토바이(바이크, 스쿠터)",남성,50대,자녀 성장기(막내가 초등학생～고등학생),500만원 내외,사무직,인천
23155,20230701,"오토바이(바이크, 스쿠터)",남성,30대,자녀 유아기(막내가 초등학교 입학 전),"1,600~2,000만원 내외",자영업,서울
23156,20230701,전동 킥보드,여성,30대,자녀 유아기(막내가 초등학교 입학 전),600만원 내외,사무직,부산
23159,20230701,"오토바이(바이크, 스쿠터)",남성,40대,자녀 독립기(막내가 결혼한 상태),800만원 내외,사무직,인천
23160,20230701,전기 자전거,남성,50대,자녀 성인기(막내가 대학생～결혼 전),"1,000만원 내외",사무직,울산
23165,20230701,전동 킥보드,남성,50대,자녀 성장기(막내가 초등학생～고등학생),700만원 내외,사무직,인천
23178,20230701,"오토바이(바이크, 스쿠터)",남성,60대 이상,자녀 성인기(막내가 대학생～결혼 전),"1,100~1,500만원 내외",무직/기타,경남
23188,20230701,"오토바이(바이크, 스쿠터)",남성,30대,자녀 유아기(막내가 초등학교 입학 전),800만원 내외,사무직,경기
23190,20230701,"오토바이(바이크, 스쿠터)",여성,30대,자녀 성장기(막내가 초등학생～고등학생),400만원 내외,판매/서비스직,대구
23200,20230701,전기 자전거,남성,50대,자녀 성인기(막내가 대학생～결혼 전),"1,100~1,500만원 내외",사무직,부산
23207,20230701,전동 킥보드,남성,40대,자녀 성장기(막내가 초등학생～고등학생),400만원 내외,사무직,경기
23209,20230701,전기 자전거,여성,30대,자녀 성인기(막내가 대학생～결혼 전),900만원 내외,자영업,서울
23217,20230701,전기 자전거,남성,40대,1인 가구,500만원 내외,사무직,서울
23226,20230701,전기 자전거,남성,50대,자녀 성인기(막내가 대학생～결혼 전),"1,000만원 내외",경영/관리직,경기
23227,20230701,"오토바이(바이크, 스쿠터)",남성,40대,자녀 성장기(막내가 초등학생～고등학생),500만원 내외,사무직,서울
23233,20230701,전동 킥보드,남성,30대,신혼기(자녀없음),300만원 내외,사무직,서울
23263,20230701,전기 자전거,남성,60대 이상,자녀 성인기(막내가 대학생～결혼 전),300만원 내외,무직/기타,부산
23288,20230701,전동 스케이트보드,남성,30대,1인 가구,700만원 내외,사무직,서울
23302,20230701,전동 스쿠터,여성,20대,자녀 성인기(막내가 대학생～결혼 전),"1,100~1,500만원 내외",사무직,서울
23303,20230701,전동 스케이트보드,여성,30대,자녀 유아기(막내가 초등학교 입학 전),600만원 내외,사무직,경기
23309,20230701,"오토바이(바이크, 스쿠터)",남성,40대,자녀 성장기(막내가 초등학생～고등학생),600만원 내외,기술/숙련직,제주
23319,20230701,"오토바이(바이크, 스쿠터)",남성,30대,자녀 성장기(막내가 초등학생～고등학생),500만원 내외,사무직,경기
23322,20230701,전기 자전거,여성,30대,신혼기(자녀없음),"1,100~1,500만원 내외",사무직,서울
23325,20230701,전기 자전거,남성,50대,자녀 성인기(막내가 대학생～결혼 전),800만원 내외,일반 공무원/준공무원,전북
23337,20230701,전기 자전거,남성,40대,1인 가구,200만원 내외,판매/서비스직,광주
23350,20230701,전동 킥보드,여성,30대,자녀 유아기(막내가 초등학교 입학 전),300만원 내외,전문직,경기
23354,20230701,"오토바이(바이크, 스쿠터)",남성,50대,자녀 성장기(막내가 초등학생～고등학생),"1,100~1,500만원 내외",사무직,강원
23365,20230701,전기 자전거,남성,60대 이상,자녀 성인기(막내가 대학생～결혼 전),400만원 내외,자영업,전북
23367,20230701,전동 스케이트보드,여성,40대,자녀 성장기(막내가 초등학생～고등학생),600만원 내외,판매/서비스직,대구
23376,20230701,"오토바이(바이크, 스쿠터)",여성,30대,자녀 유아기(막내가 초등학교 입학 전),600만원 내외,사무직,부산
23378,20230701,전동 킥보드,남성,30대,자녀 유아기(막내가 초등학교 입학 전),300만원 내외,사무직,서울
23391,20230701,"오토바이(바이크, 스쿠터)",남성,40대,자녀 성장기(막내가 초등학생～고등학생),600만원 내외,사무직,경기
23396,20230701,전기 자전거,남성,50대,자녀 성인기(막내가 대학생～결혼 전),300만원 내외,기술/숙련직,경북
23409,20230701,전동 킥보드,남성,50대,자녀 성장기(막내가 초등학생～고등학생),700만원 내외,사무직,대구
23417,20230701,전기 자전거,여성,20대,신혼기(자녀없음),800만원 내외,전문직,광주
23427,20230701,"오토바이(바이크, 스쿠터)",남성,50대,자녀 성장기(막내가 초등학생～고등학생),100만원 이하,무직/기타,경기
23429,20230701,전동 킥보드,여성,40대,자녀 유아기(막내가 초등학교 입학 전),700만원 내외,사무직,대구
23431,20230701,"오토바이(바이크, 스쿠터)",남성,50대,1인 가구,100만원 이하,무직/기타,경기
23437,20230701,전동 스케이트보드,남성,60대 이상,자녀 성인기(막내가 대학생～결혼 전),700만원 내외,사무직,전북
23442,20230701,전동 킥보드,여성,20대,자녀 성인기(막내가 대학생～결혼 전),"1,100~1,500만원 내외",사무직,서울
23443,20230701,전동 킥보드,여성,40대,자녀 성장기(막내가 초등학생～고등학생),"1,000만원 내외",자영업,경기
23448,20230701,"오토바이(바이크, 스쿠터)",남성,30대,자녀 유아기(막내가 초등학교 입학 전),500만원 내외,사무직,서울
23451,20230701,"오토바이(바이크, 스쿠터)",여성,50대,자녀 성장기(막내가 초등학생～고등학생),900만원 내외,사무직,경북
23466,20230701,전기 자전거,남성,30대,자녀 독립기(막내가 결혼한 상태),600만원 내외,사무직,경기
23486,20230701,전동 킥보드,남성,40대,1인 가구,400만원 내외,사무직,서울
23487,20230701,전기 자전거,남성,60대 이상,자녀 독립기(막내가 결혼한 상태),500만원 내외,사무직,경기
23491,20230701,전동 킥보드,남성,40대,신혼기(자녀없음),900만원 내외,자영업,경기
23498,20230701,전동 스쿠터,남성,60대 이상,자녀 독립기(막내가 결혼한 상태),500만원 내외,무직/기타,대구
23535,20230701,전기 자전거,여성,50대,1인 가구,300만원 내외,사무직,경기
23542,20230701,"오토바이(바이크, 스쿠터)",남성,40대,자녀 유아기(막내가 초등학교 입학 전),700만원 내외,사무직,경남
23545,20230701,전기 자전거,남성,30대,신혼기 초과(자녀없음),800만원 내외,사무직,서울
23554,20230701,"오토바이(바이크, 스쿠터)",남성,60대 이상,자녀 성인기(막내가 대학생～결혼 전),500만원 내외,무직/기타,서울
23556,20230701,전동 킥보드,여성,30대,1인 가구,300만원 내외,사무직,경기
23565,20230701,전동 스쿠터,남성,60대 이상,자녀 성장기(막내가 초등학생～고등학생),700만원 내외,경영/관리직,부산
23584,20230701,"오토바이(바이크, 스쿠터)",여성,30대,자녀 성장기(막내가 초등학생～고등학생),500만원 내외,일반 공무원/준공무원,서울
23586,20230701,"오토바이(바이크, 스쿠터)",남성,50대,자녀 성인기(막내가 대학생～결혼 전),400만원 내외,전문직,충북
23588,20230701,전기 자전거,남성,40대,1인 가구,500만원 내외,사무직,서울
23617,20230701,전동 스케이트보드,여성,30대,신혼기(자녀없음),700만원 내외,사무직,서울
23625,20230701,전동 킥보드,남성,40대,자녀 성장기(막내가 초등학생～고등학생),500만원 내외,사무직,서울
23645,20230701,전기 자전거,남성,40대,자녀 유아기(막내가 초등학교 입학 전),800만원 내외,자영업,대전
23651,20230701,"오토바이(바이크, 스쿠터)",여성,30대,자녀 유아기(막내가 초등학교 입학 전),900만원 내외,사무직,경기
23665,20230701,"오토바이(바이크, 스쿠터)",여성,20대,1인 가구,"2,100만원 이상",전문직,제주
23667,20230701,전기 자전거,남성,50대,자녀 성인기(막내가 대학생～결혼 전),800만원 내외,전문직,서울
23674,20230701,전기 자전거,남성,30대,자녀 성장기(막내가 초등학생～고등학생),300만원 내외,사무직,부산
23693,20230701,전동 킥보드,여성,30대,자녀 유아기(막내가 초등학교 입학 전),700만원 내외,사무직,경기
23702,20230701,전동 스케이트보드,남성,40대,자녀 유아기(막내가 초등학교 입학 전),500만원 내외,사무직,경기
23703,20230701,"오토바이(바이크, 스쿠터)",남성,40대,자녀 성장기(막내가 초등학생～고등학생),500만원 내외,판매/서비스직,경북
23704,20230701,전동 킥보드,남성,50대,1인 가구,400만원 내외,무직/기타,인천
23705,20230701,"오토바이(바이크, 스쿠터)",남성,20대,자녀 성인기(막내가 대학생～결혼 전),300만원 내외,사무직,서울
23722,20230701,전기 자전거,남성,40대,자녀 성인기(막내가 대학생～결혼 전),300만원 내외,판매/서비스직,경기
23734,20230701,전동 스케이트보드,남성,20대,1인 가구,700만원 내외,사무직,전북
23737,20230701,"오토바이(바이크, 스쿠터)",남성,30대,1인 가구,"1,000만원 내외",전문직,서울
23744,20230701,"오토바이(바이크, 스쿠터)",남성,30대,자녀 유아기(막내가 초등학교 입학 전),700만원 내외,사무직,서울
23750,20230701,전기 자전거,남성,40대,자녀 성장기(막내가 초등학생～고등학생),500만원 내외,기술/숙련직,서울
23755,20230701,전동 스케이트보드,남성,50대,자녀 성장기(막내가 초등학생～고등학생),300만원 내외,기술/숙련직,충남
23761,20230701,전기 자전거,남성,50대,자녀 독립기(막내가 결혼한 상태),400만원 내외,자영업,광주
23765,20230701,전기 자전거,남성,50대,자녀 성인기(막내가 대학생～결혼 전),700만원 내외,자영업,경기
23766,20230701,전기 자전거,남성,40대,자녀 성장기(막내가 초등학생～고등학생),500만원 내외,자영업,광주
23784,20230701,전동 킥보드,여성,30대,자녀 성장기(막내가 초등학생～고등학생),500만원 내외,사무직,경기
23787,20230701,"오토바이(바이크, 스쿠터)",남성,30대,자녀 성인기(막내가 대학생～결혼 전),300만원 내외,자영업,충북
23789,20230701,전기 자전거,남성,50대,자녀 성인기(막내가 대학생～결혼 전),"1,100~1,500만원 내외",경영/관리직,경기
23793,20230701,전동 휠,여성,50대,자녀 성장기(막내가 초등학생～고등학생),700만원 내외,사무직,울산
23794,20230701,전동 킥보드,남성,40대,자녀 성장기(막내가 초등학생～고등학생),600만원 내외,사무직,서울
23814,20230701,전기 자전거,남성,50대,자녀 성장기(막내가 초등학생～고등학생),700만원 내외,사무직,인천
23815,20230701,전동 킥보드,여성,20대,자녀 성인기(막내가 대학생～결혼 전),800만원 내외,사무직,경북
23830,20230701,"오토바이(바이크, 스쿠터)",남성,30대,자녀 유아기(막내가 초등학교 입학 전),700만원 내외,사무직,경기
23834,20230701,전기 자전거,여성,40대,자녀 성장기(막내가 초등학생～고등학생),500만원 내외,사무직,서울
23870,20230701,전기 자전거,남성,40대,자녀 성장기(막내가 초등학생～고등학생),"1,100~1,500만원 내외",사무직,서울
23888,20230701,"오토바이(바이크, 스쿠터)",여성,40대,1인 가구,500만원 내외,기술/숙련직,서울
23890,20230701,전동 킥보드,남성,50대,자녀 성인기(막내가 대학생～결혼 전),"1,100~1,500만원 내외",경영/관리직,서울
23915,20230701,전기 자전거,여성,30대,1인 가구,500만원 내외,전문직,서울
23931,20230701,전기 자전거,여성,50대,자녀 성장기(막내가 초등학생～고등학생),800만원 내외,기술/숙련직,부산
23942,20230701,"오토바이(바이크, 스쿠터)",여성,30대,자녀 유아기(막내가 초등학교 입학 전),500만원 내외,사무직,서울
23946,20230701,"오토바이(바이크, 스쿠터)",남성,60대 이상,자녀 성인기(막내가 대학생～결혼 전),800만원 내외,경영/관리직,경기
23947,20230701,"오토바이(바이크, 스쿠터)",여성,60대 이상,자녀 성장기(막내가 초등학생～고등학생),600만원 내외,전문직,경기
23959,20230701,"오토바이(바이크, 스쿠터)",남성,50대,자녀 성인기(막내가 대학생～결혼 전),800만원 내외,기술/숙련직,서울
23969,20230701,전동 킥보드,여성,30대,자녀 유아기(막내가 초등학교 입학 전),"2,100만원 이상",사무직,경북
23983,20230701,전동 킥보드,남성,40대,자녀 성장기(막내가 초등학생～고등학생),800만원 내외,자영업,부산
23990,20230701,"오토바이(바이크, 스쿠터)",남성,50대,자녀 성장기(막내가 초등학생～고등학생),400만원 내외,사무직,서울
23992,20230701,전기 자전거,남성,40대,자녀 유아기(막내가 초등학교 입학 전),500만원 내외,판매/서비스직,인천
23994,20230701,"오토바이(바이크, 스쿠터)",남성,40대,자녀 성장기(막내가 초등학생～고등학생),700만원 내외,기술/숙련직,서울
24002,20230701,전기 자전거,남성,50대,자녀 성장기(막내가 초등학생～고등학생),"2,100만원 이상",전문직,서울
24020,20230701,"오토바이(바이크, 스쿠터)",여성,20대,1인 가구,400만원 내외,사무직,대전
24025,20230701,전기 자전거,여성,30대,자녀 유아기(막내가 초등학교 입학 전),900만원 내외,사무직,경기
24031,20230701,전기 자전거,남성,40대,자녀 성인기(막내가 대학생～결혼 전),700만원 내외,사무직,서울
24037,20230701,전동 스케이트보드,남성,40대,자녀 성장기(막내가 초등학생～고등학생),500만원 내외,자영업,대구
24038,20230701,전동 킥보드,여성,50대,신혼기 초과(자녀없음),700만원 내외,일반 공무원/준공무원,충북
24040,20230701,전동 휠,남성,30대,1인 가구,200만원 내외,일반 공무원/준공무원,대구
24043,20230701,전동 킥보드,남성,50대,신혼기 초과(자녀없음),400만원 내외,자영업,전북
24064,20230701,전기 자전거,남성,40대,1인 가구,300만원 내외,사무직,서울
24077,20230701,전동 스케이트보드,남성,30대,자녀 성장기(막내가 초등학생～고등학생),300만원 내외,자영업,서울
24095,20230701,전기 자전거,남성,40대,자녀 유아기(막내가 초등학교 입학 전),500만원 내외,기술/숙련직,경기
24111,20230701,전기 자전거,남성,50대,자녀 성인기(막내가 대학생～결혼 전),600만원 내외,기술/숙련직,경기
24114,20230701,전동 킥보드,남성,40대,자녀 성장기(막내가 초등학생～고등학생),700만원 내외,사무직,충남
24117,20230701,전기 자전거,남성,50대,자녀 성인기(막내가 대학생～결혼 전),"1,100~1,500만원 내외",경영/관리직,인천
24123,20230701,전동 스케이트보드,남성,30대,자녀 유아기(막내가 초등학교 입학 전),900만원 내외,사무직,서울
24124,20230701,"오토바이(바이크, 스쿠터)",여성,60대 이상,자녀 성장기(막내가 초등학생～고등학생),"1,600~2,000만원 내외",경영/관리직,경기
24129,20230701,"오토바이(바이크, 스쿠터)",여성,30대,1인 가구,300만원 내외,사무직,서울
24151,20230701,"오토바이(바이크, 스쿠터)",남성,50대,자녀 성장기(막내가 초등학생～고등학생),400만원 내외,자영업,울산
24158,20230701,전기 자전거,남성,30대,1인 가구,400만원 내외,기술/숙련직,서울
24202,20230701,"오토바이(바이크, 스쿠터)",남성,50대,자녀 성인기(막내가 대학생～결혼 전),500만원 내외,사무직,부산
24207,20230701,전동 킥보드,남성,40대,자녀 성장기(막내가 초등학생～고등학생),900만원 내외,사무직,서울
24208,20230701,전기 자전거,남성,50대,자녀 성장기(막내가 초등학생～고등학생),700만원 내외,사무직,인천
24209,20230701,전동 스쿠터,남성,30대,1인 가구,300만원 내외,사무직,서울
24212,20230701,전동 킥보드,남성,40대,자녀 독립기(막내가 결혼한 상태),모름,경영/관리직,경기
24228,20230701,전동 휠,남성,40대,자녀 성장기(막내가 초등학생～고등학생),"1,600~2,000만원 내외",경영/관리직,서울
24231,20230701,전동 킥보드,남성,30대,자녀 성장기(막내가 초등학생～고등학생),400만원 내외,사무직,경기
24254,20230701,"오토바이(바이크, 스쿠터)",남성,40대,자녀 성인기(막내가 대학생～결혼 전),500만원 내외,학생,세종
24273,20230701,"오토바이(바이크, 스쿠터)",남성,40대,자녀 성장기(막내가 초등학생～고등학생),500만원 내외,기술/숙련직,대전
24287,20230701,"오토바이(바이크, 스쿠터)",여성,30대,자녀 성장기(막내가 초등학생～고등학생),800만원 내외,판매/서비스직,서울
24290,20230701,전동 스케이트보드,남성,20대,자녀 성인기(막내가 대학생～결혼 전),500만원 내외,자영업,서울
24307,20230701,"오토바이(바이크, 스쿠터)",남성,50대,자녀 성장기(막내가 초등학생～고등학생),900만원 내외,사무직,경기
24310,20230701,전동 킥보드,남성,40대,자녀 유아기(막내가 초등학교 입학 전),700만원 내외,기술/숙련직,경기
24311,20230701,"오토바이(바이크, 스쿠터)",남성,60대 이상,자녀 성인기(막내가 대학생～결혼 전),900만원 내외,자영업,경북
24316,20230701,전동 킥보드,여성,50대,자녀 성인기(막내가 대학생～결혼 전),"1,100~1,500만원 내외",사무직,대구
24320,20230701,"오토바이(바이크, 스쿠터)",남성,20대,자녀 성인기(막내가 대학생～결혼 전),900만원 내외,기술/숙련직,서울
24363,20230701,전기 자전거,남성,40대,1인 가구,500만원 내외,전문직,대구
24377,20230701,전기 자전거,남성,50대,자녀 성인기(막내가 대학생～결혼 전),500만원 내외,경영/관리직,경기
24380,20230701,"오토바이(바이크, 스쿠터)",여성,40대,1인 가구,900만원 내외,자영업,서울
24382,20230701,"오토바이(바이크, 스쿠터)",남성,20대,자녀 성인기(막내가 대학생～결혼 전),300만원 내외,기술/숙련직,서울
24383,20230701,전동 킥보드,남성,30대,자녀 유아기(막내가 초등학교 입학 전),500만원 내외,사무직,경기
24393,20230701,전동 킥보드,남성,40대,신혼기(자녀없음),200만원 내외,자영업,충북
24424,20230701,"오토바이(바이크, 스쿠터)",남성,30대,1인 가구,"1,000만원 내외",전문직,서울
24427,20230701,"오토바이(바이크, 스쿠터)",남성,40대,자녀 성장기(막내가 초등학생～고등학생),"1,100~1,500만원 내외",전문직,충남
24439,20230701,전동 스쿠터,남성,40대,신혼기 초과(자녀없음),200만원 내외,사무직,충북
24449,20230701,전동 킥보드,여성,30대,자녀 유아기(막내가 초등학교 입학 전),"1,600~2,000만원 내외",사무직,서울
24455,20230701,"오토바이(바이크, 스쿠터)",남성,40대,1인 가구,200만원 내외,자영업,부산
24457,20230701,전기 자전거,여성,40대,자녀 성장기(막내가 초등학생～고등학생),"1,000만원 내외",전업주부,서울
24458,20230701,전동 스쿠터,남성,40대,1인 가구,모름,무직/기타,경북
24497,20230701,전기 자전거,남성,40대,자녀 성장기(막내가 초등학생～고등학생),600만원 내외,사무직,경기
24524,20230701,전동 휠,남성,60대 이상,자녀 성인기(막내가 대학생～결혼 전),400만원 내외,사무직,경기
24533,20230701,전동 스쿠터,남성,40대,자녀 성장기(막내가 초등학생～고등학생),300만원 내외,사무직,부산
24547,20230701,전기 자전거,남성,20대,자녀 성인기(막내가 대학생～결혼 전),200만원 내외,학생,대구
24552,20230701,전기 자전거,여성,50대,자녀 성인기(막내가 대학생～결혼 전),500만원 내외,자영업,인천
24570,20230701,전기 자전거,남성,50대,자녀 성인기(막내가 대학생～결혼 전),800만원 내외,기술/숙련직,경남
24571,20230701,전기 자전거,남성,60대 이상,자녀 성인기(막내가 대학생～결혼 전),"1,100~1,500만원 내외",경영/관리직,경기
24580,20230701,전동 스케이트보드,남성,50대,자녀 성장기(막내가 초등학생～고등학생),300만원 내외,판매/서비스직,울산
24619,20230701,전기 자전거,여성,20대,자녀 유아기(막내가 초등학교 입학 전),700만원 내외,사무직,경기
24628,20230701,전동 스쿠터,여성,30대,신혼기 초과(자녀없음),100만원 이하,전업주부,충북
24661,20230701,전기 자전거,남성,40대,자녀 성장기(막내가 초등학생～고등학생),"1,100~1,500만원 내외",사무직,인천
24686,20230701,"오토바이(바이크, 스쿠터)",남성,30대,자녀 유아기(막내가 초등학교 입학 전),700만원 내외,일반 공무원/준공무원,경남
24717,20230701,"오토바이(바이크, 스쿠터)",남성,50대,자녀 성장기(막내가 초등학생～고등학생),700만원 내외,사무직,경남
24718,20230701,전동 스케이트보드,남성,30대,자녀 유아기(막내가 초등학교 입학 전),200만원 내외,전문직,경기
24727,20230701,전기 자전거,남성,40대,자녀 성장기(막내가 초등학생～고등학생),"1,100~1,500만원 내외",사무직,대전
24728,20230701,전기 자전거,남성,50대,자녀 성장기(막내가 초등학생～고등학생),"1,600~2,000만원 내외",자영업,인천
24734,20230701,전동 킥보드,남성,30대,1인 가구,600만원 내외,사무직,서울
24736,20230701,"오토바이(바이크, 스쿠터)",남성,50대,자녀 성인기(막내가 대학생～결혼 전),400만원 내외,기술/숙련직,경기
24749,20230701,"오토바이(바이크, 스쿠터)",남성,40대,자녀 성장기(막내가 초등학생～고등학생),"1,000만원 내외",사무직,광주
24757,20230701,전동 킥보드,남성,40대,자녀 성장기(막내가 초등학생～고등학생),800만원 내외,기술/숙련직,경기
24776,20230701,전동 스케이트보드,남성,40대,자녀 성장기(막내가 초등학생～고등학생),600만원 내외,사무직,서울
24778,20230701,전동 킥보드,남성,30대,자녀 유아기(막내가 초등학교 입학 전),500만원 내외,판매/서비스직,경기
24789,20230701,전기 자전거,남성,40대,1인 가구,600만원 내외,일반 공무원/준공무원,서울
24803,20230701,전기 자전거,여성,20대,자녀 유아기(막내가 초등학교 입학 전),700만원 내외,사무직,충남
24815,20230701,"오토바이(바이크, 스쿠터)",남성,30대,자녀 성장기(막내가 초등학생～고등학생),600만원 내외,사무직,대전
24827,20230701,전동 스케이트보드,남성,30대,1인 가구,800만원 내외,일반 공무원/준공무원,서울
24828,20230701,"오토바이(바이크, 스쿠터)",여성,20대,자녀 성장기(막내가 초등학생～고등학생),"1,600~2,000만원 내외",전문직,울산
24835,20230701,전동 킥보드,남성,50대,자녀 성장기(막내가 초등학생～고등학생),"1,000만원 내외",사무직,경북
24859,20230701,전동 스쿠터,여성,40대,자녀 성장기(막내가 초등학생～고등학생),300만원 내외,전업주부,대구
24863,20230701,"오토바이(바이크, 스쿠터)",여성,40대,자녀 유아기(막내가 초등학교 입학 전),600만원 내외,사무직,경기
24870,20230701,전동 킥보드,남성,40대,자녀 성장기(막내가 초등학생～고등학생),800만원 내외,사무직,경기
24891,20230701,전동 스케이트보드,남성,50대,자녀 성장기(막내가 초등학생～고등학생),700만원 내외,사무직,서울
24893,20230701,전기 자전거,남성,40대,자녀 성장기(막내가 초등학생～고등학생),500만원 내외,일반 공무원/준공무원,서울
24898,20230701,전동 킥보드,남성,50대,자녀 성인기(막내가 대학생～결혼 전),600만원 내외,사무직,서울
24899,20230701,"오토바이(바이크, 스쿠터)",여성,40대,자녀 성장기(막내가 초등학생～고등학생),700만원 내외,사무직,서울
24900,20230701,전기 자전거,남성,50대,자녀 성인기(막내가 대학생～결혼 전),"1,100~1,500만원 내외",사무직,서울
24905,20230701,전동 킥보드,남성,50대,자녀 성장기(막내가 초등학생～고등학생),400만원 내외,자영업,경기
24906,20230701,전기 자전거,남성,40대,1인 가구,500만원 내외,사무직,인천
24916,20230701,전동 킥보드,여성,50대,자녀 성장기(막내가 초등학생～고등학생),500만원 내외,사무직,경기
24938,20230701,전동 킥보드,여성,40대,자녀 유아기(막내가 초등학교 입학 전),600만원 내외,전문직,서울
24943,20230701,전동 킥보드,남성,40대,자녀 성장기(막내가 초등학생～고등학생),400만원 내외,사무직,부산
24958,20230701,전동 킥보드,여성,40대,자녀 성장기(막내가 초등학생～고등학생),600만원 내외,사무직,부산
24963,20230701,전기 자전거,남성,60대 이상,자녀 성장기(막내가 초등학생～고등학생),700만원 내외,경영/관리직,서울
24964,20230701,"오토바이(바이크, 스쿠터)",여성,20대,1인 가구,300만원 내외,일반 공무원/준공무원,서울
24973,20230701,전동 스케이트보드,남성,40대,자녀 유아기(막내가 초등학교 입학 전),300만원 내외,판매/서비스직,전북
24982,20230701,전동 스케이트보드,여성,30대,1인 가구,500만원 내외,판매/서비스직,광주
24993,20230701,전기 자전거,남성,40대,자녀 성장기(막내가 초등학생～고등학생),700만원 내외,사무직,서울
24995,20230701,전동 킥보드,남성,50대,자녀 성인기(막내가 대학생～결혼 전),400만원 내외,전문직,경기
25008,20230701,"오토바이(바이크, 스쿠터)",남성,30대,1인 가구,300만원 내외,판매/서비스직,서울
25025,20230701,전동 킥보드,남성,40대,자녀 성장기(막내가 초등학생～고등학생),600만원 내외,사무직,광주
25033,20230701,전동 킥보드,여성,60대 이상,자녀 독립기(막내가 결혼한 상태),400만원 내외,무직/기타,경기
25039,20230701,전기 자전거,남성,40대,1인 가구,200만원 내외,판매/서비스직,경기
25041,20230701,전기 자전거,남성,50대,자녀 성인기(막내가 대학생～결혼 전),700만원 내외,사무직,부산
25053,20230701,전동 킥보드,남성,20대,1인 가구,600만원 내외,사무직,서울
25063,20230701,전기 자전거,여성,60대 이상,자녀 독립기(막내가 결혼한 상태),"1,100~1,500만원 내외",전업주부,경기
25066,20230701,전동 스쿠터,남성,40대,자녀 성장기(막내가 초등학생～고등학생),400만원 내외,기술/숙련직,경기
25077,20230701,전동 휠,남성,60대 이상,1인 가구,500만원 내외,무직/기타,경기
25084,20230701,전동 킥보드,여성,50대,자녀 성장기(막내가 초등학생～고등학생),800만원 내외,사무직,광주
25090,20230701,전동 킥보드,여성,50대,자녀 성인기(막내가 대학생～결혼 전),"1,100~1,500만원 내외",사무직,경기
25109,20230701,전동 킥보드,여성,50대,자녀 성장기(막내가 초등학생～고등학생),800만원 내외,사무직,서울
25129,20230701,전기 자전거,남성,50대,자녀 성인기(막내가 대학생～결혼 전),800만원 내외,사무직,부산
25130,20230701,전동 킥보드,여성,40대,신혼기 초과(자녀없음),500만원 내외,사무직,서울
25133,20230701,전동 스케이트보드,여성,40대,자녀 성장기(막내가 초등학생～고등학생),400만원 내외,사무직,광주
25148,20230701,전동 킥보드,남성,40대,자녀 성장기(막내가 초등학생～고등학생),400만원 내외,사무직,부산
25149,20230701,전동 스케이트보드,남성,40대,자녀 성장기(막내가 초등학생～고등학생),300만원 내외,사무직,경남
25161,20230701,전기 자전거,남성,50대,자녀 성인기(막내가 대학생～결혼 전),700만원 내외,사무직,경남
25171,20230701,"오토바이(바이크, 스쿠터)",여성,50대,자녀 성장기(막내가 초등학생～고등학생),700만원 내외,경영/관리직,서울
25176,20230701,전기 자전거,남성,20대,자녀 성인기(막내가 대학생～결혼 전),900만원 내외,사무직,경기
25179,20230701,"오토바이(바이크, 스쿠터)",여성,20대,1인 가구,"1,600~2,000만원 내외",학생,서울
25187,20230701,"오토바이(바이크, 스쿠터)",남성,50대,자녀 성인기(막내가 대학생～결혼 전),"1,100~1,500만원 내외",전문직,경북
25209,20230701,전동 스케이트보드,남성,60대 이상,자녀 성인기(막내가 대학생～결혼 전),600만원 내외,경영/관리직,경기
25211,20230701,"오토바이(바이크, 스쿠터)",남성,40대,자녀 성장기(막내가 초등학생～고등학생),800만원 내외,사무직,경기
25249,20230701,전동 스케이트보드,여성,30대,자녀 성인기(막내가 대학생～결혼 전),"1,100~1,500만원 내외",자영업,서울
25251,20230701,"오토바이(바이크, 스쿠터)",남성,60대 이상,자녀 독립기(막내가 결혼한 상태),500만원 내외,사무직,부산
25255,20230701,전동 스케이트보드,남성,30대,자녀 유아기(막내가 초등학교 입학 전),"1,100~1,500만원 내외",전문직,서울
25261,20230701,"오토바이(바이크, 스쿠터)",여성,30대,자녀 유아기(막내가 초등학교 입학 전),600만원 내외,사무직,충북
25262,20230701,전동 킥보드,남성,40대,자녀 유아기(막내가 초등학교 입학 전),800만원 내외,사무직,경기
25278,20230701,"오토바이(바이크, 스쿠터)",남성,40대,1인 가구,400만원 내외,사무직,서울
25299,20230701,"오토바이(바이크, 스쿠터)",남성,30대,자녀 성장기(막내가 초등학생～고등학생),"1,100~1,500만원 내외",전문직,대전
25320,20230701,"오토바이(바이크, 스쿠터)",남성,40대,자녀 성장기(막내가 초등학생～고등학생),800만원 내외,자영업,서울
25321,20230701,"오토바이(바이크, 스쿠터)",남성,40대,신혼기 초과(자녀없음),600만원 내외,사무직,경기
25370,20230701,전동 스케이트보드,여성,40대,자녀 성장기(막내가 초등학생～고등학생),"1,000만원 내외",사무직,서울
25371,20230701,전기 자전거,남성,40대,자녀 성장기(막내가 초등학생～고등학생),900만원 내외,전문직,경기
25386,20230701,"오토바이(바이크, 스쿠터)",남성,40대,1인 가구,700만원 내외,사무직,인천
25405,20230701,전기 자전거,남성,60대 이상,자녀 성인기(막내가 대학생～결혼 전),700만원 내외,사무직,대구
25408,20230701,전동 스케이트보드,여성,50대,자녀 성장기(막내가 초등학생～고등학생),500만원 내외,자영업,경기
25416,20230701,전동 스케이트보드,남성,20대,자녀 독립기(막내가 결혼한 상태),300만원 내외,사무직,광주
25421,20230701,전기 자전거,남성,50대,자녀 독립기(막내가 결혼한 상태),400만원 내외,자영업,충북
25424,20230701,"오토바이(바이크, 스쿠터)",남성,50대,자녀 성인기(막내가 대학생～결혼 전),500만원 내외,판매/서비스직,경기
25425,20230701,전기 자전거,남성,40대,신혼기(자녀없음),500만원 내외,기술/숙련직,서울
25439,20230701,전동 스케이트보드,남성,40대,1인 가구,300만원 내외,사무직,서울
25460,20230701,전기 자전거,여성,50대,자녀 성인기(막내가 대학생～결혼 전),"1,100~1,500만원 내외",사무직,서울
25461,20230701,전기 자전거,여성,50대,자녀 성장기(막내가 초등학생～고등학생),300만원 내외,사무직,경기
25468,20230701,전기 자전거,남성,40대,자녀 성장기(막내가 초등학생～고등학생),"1,100~1,500만원 내외",자영업,경기
25471,20230701,전기 자전거,남성,50대,신혼기 초과(자녀없음),"1,000만원 내외",기술/숙련직,경기
25511,20230701,전기 자전거,남성,50대,자녀 성인기(막내가 대학생～결혼 전),500만원 내외,사무직,강원
25549,20230701,전동 스케이트보드,남성,50대,자녀 성인기(막내가 대학생～결혼 전),700만원 내외,자영업,인천
25563,20230701,전기 자전거,남성,40대,자녀 성장기(막내가 초등학생～고등학생),"1,100~1,500만원 내외",사무직,경기
25569,20230701,전기 자전거,남성,60대 이상,자녀 성인기(막내가 대학생～결혼 전),400만원 내외,무직/기타,경북
25576,20230701,전동 킥보드,남성,40대,자녀 성장기(막내가 초등학생～고등학생),"1,600~2,000만원 내외",기술/숙련직,부산
25579,20230701,전기 자전거,여성,40대,자녀 성인기(막내가 대학생～결혼 전),800만원 내외,사무직,광주
25632,20230701,전동 스케이트보드,남성,50대,자녀 성인기(막내가 대학생～결혼 전),400만원 내외,사무직,충남
25641,20230701,전동 킥보드,남성,20대,1인 가구,300만원 내외,기술/숙련직,강원
25661,20230701,"오토바이(바이크, 스쿠터)",남성,20대,1인 가구,200만원 내외,사무직,경남
25685,20230701,전동 킥보드,남성,50대,1인 가구,700만원 내외,전문직,서울
25686,20230701,"오토바이(바이크, 스쿠터)",남성,40대,자녀 성장기(막내가 초등학생～고등학생),700만원 내외,사무직,서울
25702,20230701,전기 자전거,남성,60대 이상,자녀 독립기(막내가 결혼한 상태),600만원 내외,일반 공무원/준공무원,충남
25704,20230701,전동 킥보드,여성,30대,1인 가구,600만원 내외,사무직,서울
25710,20230701,전기 자전거,남성,50대,자녀 독립기(막내가 결혼한 상태),800만원 내외,사무직,대구
25726,20230701,전기 자전거,남성,50대,자녀 독립기(막내가 결혼한 상태),600만원 내외,사무직,대전
25730,20230701,전동 킥보드,여성,40대,자녀 유아기(막내가 초등학교 입학 전),400만원 내외,사무직,인천
25740,20230701,전기 자전거,남성,40대,자녀 성장기(막내가 초등학생～고등학생),600만원 내외,사무직,서울
25750,20230701,전동 킥보드,남성,30대,신혼기 초과(자녀없음),700만원 내외,사무직,서울
25752,20230701,전동 휠,여성,40대,자녀 성장기(막내가 초등학생～고등학생),600만원 내외,전업주부,서울
25754,20230701,전동 스케이트보드,남성,30대,자녀 유아기(막내가 초등학교 입학 전),900만원 내외,사무직,경남
25765,20230701,"오토바이(바이크, 스쿠터)",여성,40대,자녀 성장기(막내가 초등학생～고등학생),700만원 내외,전업주부,충남
25800,20230701,전기 자전거,남성,40대,1인 가구,700만원 내외,사무직,서울
25807,20230701,전기 자전거,남성,40대,자녀 성장기(막내가 초등학생～고등학생),700만원 내외,사무직,경기
25812,20230701,전기 자전거,남성,50대,자녀 성인기(막내가 대학생～결혼 전),600만원 내외,사무직,서울
25824,20230701,"오토바이(바이크, 스쿠터)",남성,30대,자녀 유아기(막내가 초등학교 입학 전),"1,100~1,500만원 내외",전문직,대구
25826,20230701,전동 스케이트보드,여성,40대,자녀 성장기(막내가 초등학생～고등학생),600만원 내외,전업주부,광주
25840,20230701,전기 자전거,남성,50대,자녀 성인기(막내가 대학생～결혼 전),900만원 내외,경영/관리직,대구
25856,20230701,전기 자전거,남성,60대 이상,1인 가구,500만원 내외,경영/관리직,전남
25857,20230701,전동 스쿠터,남성,20대,1인 가구,200만원 내외,판매/서비스직,서울
25865,20230701,전동 킥보드,여성,60대 이상,1인 가구,200만원 내외,기술/숙련직,경북
25872,20230701,전동 킥보드,남성,20대,1인 가구,300만원 내외,판매/서비스직,서울
25877,20230701,"오토바이(바이크, 스쿠터)",남성,40대,신혼기 초과(자녀없음),400만원 내외,사무직,서울
25883,20230701,전기 자전거,남성,60대 이상,자녀 독립기(막내가 결혼한 상태),500만원 내외,무직/기타,전북
25886,20230701,"오토바이(바이크, 스쿠터)",남성,30대,자녀 성장기(막내가 초등학생～고등학생),400만원 내외,기술/숙련직,경남
25918,20230701,전기 자전거,남성,40대,자녀 성장기(막내가 초등학생～고등학생),500만원 내외,사무직,서울
25933,20230701,전동 스쿠터,남성,40대,자녀 성장기(막내가 초등학생～고등학생),"2,100만원 이상",사무직,인천
25962,20230701,전기 자전거,남성,40대,자녀 성장기(막내가 초등학생～고등학생),"1,000만원 내외",자영업,전남
25963,20230701,"오토바이(바이크, 스쿠터)",여성,30대,1인 가구,600만원 내외,사무직,서울
25964,20230701,"오토바이(바이크, 스쿠터)",남성,30대,자녀 유아기(막내가 초등학교 입학 전),700만원 내외,사무직,경기
25967,20230701,"오토바이(바이크, 스쿠터)",여성,40대,자녀 성장기(막내가 초등학생～고등학생),600만원 내외,전업주부,서울
26003,20230701,"오토바이(바이크, 스쿠터)",남성,50대,자녀 독립기(막내가 결혼한 상태),500만원 내외,전문직,서울
26013,20230701,"오토바이(바이크, 스쿠터)",남성,50대,자녀 성장기(막내가 초등학생～고등학생),400만원 내외,자영업,서울
26017,20230701,전기 자전거,남성,30대,자녀 성인기(막내가 대학생～결혼 전),300만원 내외,기술/숙련직,경남
26025,20230701,전동 킥보드,남성,30대,신혼기(자녀없음),600만원 내외,사무직,부산
26050,20230701,전기 자전거,여성,30대,1인 가구,300만원 내외,사무직,경기
26075,20230701,전동 스케이트보드,남성,40대,1인 가구,500만원 내외,자영업,인천
26086,20230701,"오토바이(바이크, 스쿠터)",여성,40대,1인 가구,600만원 내외,사무직,서울
26091,20230701,"오토바이(바이크, 스쿠터)",남성,60대 이상,자녀 성인기(막내가 대학생～결혼 전),700만원 내외,무직/기타,경기
26097,20230701,전기 자전거,여성,60대 이상,자녀 성인기(막내가 대학생～결혼 전),400만원 내외,전업주부,경기
26101,20230701,전기 자전거,남성,60대 이상,자녀 독립기(막내가 결혼한 상태),500만원 내외,경영/관리직,경기
26105,20230701,전기 자전거,여성,50대,자녀 성장기(막내가 초등학생～고등학생),500만원 내외,전업주부,서울
26107,20230701,전기 자전거,남성,50대,자녀 성장기(막내가 초등학생～고등학생),"1,100~1,500만원 내외",경영/관리직,서울
26120,20230701,전기 자전거,여성,40대,자녀 성장기(막내가 초등학생～고등학생),"1,100~1,500만원 내외",사무직,서울
26130,20230701,전기 자전거,남성,60대 이상,자녀 성인기(막내가 대학생～결혼 전),300만원 내외,일반 공무원/준공무원,서울
26136,20230701,"오토바이(바이크, 스쿠터)",남성,30대,1인 가구,500만원 내외,판매/서비스직,서울
26150,20230701,"오토바이(바이크, 스쿠터)",남성,30대,1인 가구,200만원 내외,무직/기타,경기
26154,20230701,전동 킥보드,여성,20대,자녀 성인기(막내가 대학생～결혼 전),500만원 내외,사무직,서울
26160,20230701,전동 킥보드,남성,40대,1인 가구,700만원 내외,기술/숙련직,경기
26182,20230701,전동 스케이트보드,남성,20대,자녀 성장기(막내가 초등학생～고등학생),700만원 내외,사무직,광주
26191,20230701,전기 자전거,남성,30대,자녀 성인기(막내가 대학생～결혼 전),500만원 내외,기술/숙련직,인천
26202,20230701,전기 자전거,남성,40대,자녀 성장기(막내가 초등학생～고등학생),700만원 내외,사무직,서울
26211,20230701,"오토바이(바이크, 스쿠터)",여성,30대,자녀 독립기(막내가 결혼한 상태),모름,사무직,경기
26256,20230701,전동 킥보드,남성,40대,신혼기(자녀없음),300만원 내외,기술/숙련직,충북
26258,20230701,전기 자전거,남성,30대,신혼기 초과(자녀없음),600만원 내외,기술/숙련직,서울
26275,20230701,"오토바이(바이크, 스쿠터)",남성,60대 이상,자녀 성인기(막내가 대학생～결혼 전),700만원 내외,전문직,대구
26281,20230701,전동 킥보드,남성,40대,자녀 성장기(막내가 초등학생～고등학생),700만원 내외,자영업,강원
26289,20230701,전동 킥보드,남성,40대,자녀 독립기(막내가 결혼한 상태),700만원 내외,자영업,경기
26290,20230701,전동 스쿠터,남성,50대,자녀 성장기(막내가 초등학생～고등학생),400만원 내외,사무직,세종
26297,20230701,전동 킥보드,여성,40대,1인 가구,"1,100~1,500만원 내외",전문직,서울
26307,20230701,전동 스쿠터,남성,50대,자녀 성장기(막내가 초등학생～고등학생),400만원 내외,무직/기타,대구
26314,20230701,전기 자전거,남성,60대 이상,자녀 성인기(막내가 대학생～결혼 전),700만원 내외,무직/기타,서울
26320,20230701,전기 자전거,여성,50대,자녀 성인기(막내가 대학생～결혼 전),800만원 내외,사무직,서울
26330,20230701,전기 자전거,여성,50대,자녀 성인기(막내가 대학생～결혼 전),"2,100만원 이상",전업주부,서울
26341,20230701,"오토바이(바이크, 스쿠터)",남성,50대,자녀 성장기(막내가 초등학생～고등학생),800만원 내외,경영/관리직,서울
26351,20230701,"오토바이(바이크, 스쿠터)",남성,40대,자녀 성장기(막내가 초등학생～고등학생),200만원 내외,판매/서비스직,대구
26362,20230701,전기 자전거,남성,40대,자녀 성장기(막내가 초등학생～고등학생),600만원 내외,경영/관리직,서울
26369,20230701,"오토바이(바이크, 스쿠터)",남성,40대,자녀 유아기(막내가 초등학교 입학 전),800만원 내외,경영/관리직,강원
26374,20230701,전동 킥보드,여성,40대,1인 가구,600만원 내외,사무직,서울
26375,20230701,전기 자전거,여성,40대,자녀 유아기(막내가 초등학교 입학 전),"1,000만원 내외",전업주부,서울
26394,20230701,전기 자전거,여성,40대,자녀 성장기(막내가 초등학생～고등학생),600만원 내외,판매/서비스직,서울
26396,20230701,전기 자전거,남성,40대,자녀 성장기(막내가 초등학생～고등학생),600만원 내외,사무직,경기
26403,20230701,전기 자전거,남성,50대,자녀 성인기(막내가 대학생～결혼 전),900만원 내외,경영/관리직,서울
26406,20230701,전동 스쿠터,남성,40대,자녀 유아기(막내가 초등학교 입학 전),700만원 내외,자영업,경기
26408,20230701,"오토바이(바이크, 스쿠터)",남성,40대,자녀 성장기(막내가 초등학생～고등학생),600만원 내외,사무직,서울
26411,20230701,"오토바이(바이크, 스쿠터)",남성,60대 이상,자녀 독립기(막내가 결혼한 상태),300만원 내외,무직/기타,울산
26413,20230701,전동 킥보드,남성,40대,1인 가구,200만원 내외,일반 공무원/준공무원,경기
26418,20230701,전동 킥보드,남성,30대,자녀 유아기(막내가 초등학교 입학 전),800만원 내외,사무직,광주
26428,20230701,전동 스쿠터,남성,40대,1인 가구,700만원 내외,사무직,서울
26436,20230701,전기 자전거,남성,30대,자녀 성인기(막내가 대학생～결혼 전),700만원 내외,기술/숙련직,경기
26453,20230701,"오토바이(바이크, 스쿠터)",남성,50대,1인 가구,400만원 내외,사무직,서울
26481,20230701,전동 킥보드,남성,30대,자녀 유아기(막내가 초등학교 입학 전),700만원 내외,사무직,대전
26498,20230701,전동 스케이트보드,남성,30대,자녀 성인기(막내가 대학생～결혼 전),300만원 내외,기술/숙련직,울산
26499,20230701,"오토바이(바이크, 스쿠터)",남성,50대,자녀 성장기(막내가 초등학생～고등학생),"1,100~1,500만원 내외",전문직,부산
26508,20230701,전동 스케이트보드,여성,40대,자녀 성장기(막내가 초등학생～고등학생),700만원 내외,자영업,경기
26539,20230701,전기 자전거,여성,20대,1인 가구,300만원 내외,사무직,경기
26554,20230701,"오토바이(바이크, 스쿠터)",남성,60대 이상,자녀 성장기(막내가 초등학생～고등학생),700만원 내외,자영업,대구
26561,20230701,전동 스케이트보드,여성,40대,자녀 성장기(막내가 초등학생～고등학생),300만원 내외,사무직,광주
26566,20230701,전동 킥보드,남성,30대,자녀 성장기(막내가 초등학생～고등학생),200만원 내외,판매/서비스직,경기
26576,20230701,전동 킥보드,여성,50대,자녀 성장기(막내가 초등학생～고등학생),200만원 내외,전문직,충남
26577,20230701,전동 킥보드,여성,50대,자녀 성인기(막내가 대학생～결혼 전),600만원 내외,사무직,경기
26587,20230701,"오토바이(바이크, 스쿠터)",남성,60대 이상,자녀 독립기(막내가 결혼한 상태),500만원 내외,자영업,부산
26588,20230701,전기 자전거,남성,60대 이상,자녀 성인기(막내가 대학생～결혼 전),600만원 내외,자영업,경기
26595,20230701,"오토바이(바이크, 스쿠터)",남성,40대,1인 가구,400만원 내외,무직/기타,서울
26613,20230701,"오토바이(바이크, 스쿠터)",여성,30대,자녀 독립기(막내가 결혼한 상태),"1,100~1,500만원 내외",사무직,경기
26615,20230701,전기 자전거,남성,50대,자녀 성장기(막내가 초등학생～고등학생),300만원 내외,사무직,광주
26653,20230701,전동 휠,남성,50대,자녀 성인기(막내가 대학생～결혼 전),800만원 내외,사무직,경기
26662,20230701,전기 자전거,남성,30대,1인 가구,"1,000만원 내외",사무직,서울
26665,20230701,전동 스쿠터,남성,60대 이상,자녀 성인기(막내가 대학생～결혼 전),500만원 내외,사무직,서울
26672,20230701,"오토바이(바이크, 스쿠터)",남성,40대,자녀 유아기(막내가 초등학교 입학 전),700만원 내외,자영업,부산
26675,20230701,"오토바이(바이크, 스쿠터)",남성,30대,자녀 성장기(막내가 초등학생～고등학생),800만원 내외,사무직,서울
26713,20230701,전기 자전거,남성,30대,자녀 성장기(막내가 초등학생～고등학생),700만원 내외,사무직,경남
26718,20230701,전기 자전거,남성,60대 이상,자녀 성인기(막내가 대학생～결혼 전),"1,000만원 내외",경영/관리직,서울
26720,20230701,전기 자전거,남성,40대,1인 가구,300만원 내외,자영업,부산
26721,20230701,전기 자전거,여성,60대 이상,자녀 성인기(막내가 대학생～결혼 전),700만원 내외,사무직,경기
26751,20230701,"오토바이(바이크, 스쿠터)",남성,40대,1인 가구,500만원 내외,자영업,전북
26769,20230701,전기 자전거,남성,30대,자녀 유아기(막내가 초등학교 입학 전),700만원 내외,사무직,경기
26779,20230701,전동 킥보드,남성,40대,1인 가구,300만원 내외,사무직,충남
26785,20230701,전동 킥보드,남성,40대,자녀 유아기(막내가 초등학교 입학 전),400만원 내외,판매/서비스직,경기
26813,20230701,전동 휠,남성,20대,1인 가구,600만원 내외,전문직,서울
26832,20230701,전동 킥보드,남성,30대,자녀 유아기(막내가 초등학교 입학 전),500만원 내외,사무직,서울
26851,20230701,전동 킥보드,남성,30대,자녀 성인기(막내가 대학생～결혼 전),"1,600~2,000만원 내외",자영업,대전
26882,20230701,전동 스쿠터,남성,50대,자녀 성장기(막내가 초등학생～고등학생),800만원 내외,판매/서비스직,서울
26893,20230701,전동 킥보드,여성,30대,자녀 유아기(막내가 초등학교 입학 전),"1,600~2,000만원 내외",경영/관리직,서울
26902,20230701,전기 자전거,여성,50대,자녀 성인기(막내가 대학생～결혼 전),700만원 내외,사무직,경기
26927,20230701,"오토바이(바이크, 스쿠터)",남성,50대,자녀 성장기(막내가 초등학생～고등학생),300만원 내외,판매/서비스직,인천
26940,20230701,전동 스케이트보드,여성,20대,1인 가구,400만원 내외,학생,서울
26959,20230701,"오토바이(바이크, 스쿠터)",여성,20대,1인 가구,200만원 내외,사무직,충남
26960,20230701,전기 자전거,남성,60대 이상,자녀 성인기(막내가 대학생～결혼 전),200만원 내외,무직/기타,경기
26966,20230701,전동 킥보드,여성,30대,신혼기(자녀없음),모름,무직/기타,충북
26975,20230701,전기 자전거,남성,50대,자녀 성인기(막내가 대학생～결혼 전),800만원 내외,일반 공무원/준공무원,경남
26979,20230701,전동 스쿠터,여성,30대,자녀 성장기(막내가 초등학생～고등학생),"1,600~2,000만원 내외",사무직,경기
26986,20230701,전동 스쿠터,남성,30대,1인 가구,500만원 내외,기술/숙련직,서울
27007,20230701,전기 자전거,남성,50대,자녀 성장기(막내가 초등학생～고등학생),"1,600~2,000만원 내외",경영/관리직,인천
27008,20230701,전동 킥보드,남성,50대,자녀 성장기(막내가 초등학생～고등학생),400만원 내외,자영업,인천
27010,20230701,"오토바이(바이크, 스쿠터)",남성,50대,자녀 성인기(막내가 대학생～결혼 전),"1,000만원 내외",자영업,경기
27013,20230701,"오토바이(바이크, 스쿠터)",남성,40대,자녀 성장기(막내가 초등학생～고등학생),700만원 내외,사무직,경기
27038,20230701,전동 스케이트보드,여성,60대 이상,자녀 성장기(막내가 초등학생～고등학생),400만원 내외,자영업,대전
27039,20230701,전동 스케이트보드,남성,20대,자녀 성인기(막내가 대학생～결혼 전),200만원 내외,학생,경북
27044,20230701,"오토바이(바이크, 스쿠터)",남성,40대,자녀 독립기(막내가 결혼한 상태),500만원 내외,기술/숙련직,충남
27058,20230701,전동 킥보드,남성,50대,자녀 성장기(막내가 초등학생～고등학생),900만원 내외,사무직,충북
27059,20230701,전기 자전거,남성,40대,자녀 성장기(막내가 초등학생～고등학생),800만원 내외,기술/숙련직,서울
27078,20230701,"오토바이(바이크, 스쿠터)",남성,20대,자녀 유아기(막내가 초등학교 입학 전),600만원 내외,사무직,서울
27089,20230701,전기 자전거,남성,30대,자녀 유아기(막내가 초등학교 입학 전),600만원 내외,사무직,경기
27116,20230701,전동 킥보드,남성,30대,자녀 성장기(막내가 초등학생～고등학생),900만원 내외,일반 공무원/준공무원,광주
27154,20230701,전동 스케이트보드,남성,40대,1인 가구,500만원 내외,사무직,서울
27159,20230701,전기 자전거,여성,40대,1인 가구,500만원 내외,일반 공무원/준공무원,서울
27172,20230701,전동 킥보드,여성,20대,자녀 성인기(막내가 대학생～결혼 전),"1,100~1,500만원 내외",기술/숙련직,충남
27198,20230701,전동 킥보드,남성,40대,자녀 유아기(막내가 초등학교 입학 전),800만원 내외,일반 공무원/준공무원,서울
27285,20230701,전동 스쿠터,여성,30대,1인 가구,"2,100만원 이상",사무직,서울
27289,20230701,전동 킥보드,남성,40대,1인 가구,300만원 내외,기술/숙련직,경기
27332,20230701,전동 킥보드,남성,50대,자녀 성인기(막내가 대학생～결혼 전),200만원 내외,판매/서비스직,대구
27334,20230701,전동 휠,남성,50대,1인 가구,100만원 이하,자영업,경기
27339,20230701,"오토바이(바이크, 스쿠터)",남성,40대,자녀 성장기(막내가 초등학생～고등학생),400만원 내외,일반 공무원/준공무원,경기
27343,20230701,"오토바이(바이크, 스쿠터)",남성,40대,자녀 성장기(막내가 초등학생～고등학생),400만원 내외,기술/숙련직,서울
27345,20230701,전동 킥보드,남성,40대,자녀 성장기(막내가 초등학생～고등학생),"1,100~1,500만원 내외",경영/관리직,서울
27346,20230701,전기 자전거,남성,50대,자녀 성장기(막내가 초등학생～고등학생),900만원 내외,기술/숙련직,경기
27363,20230701,전동 스케이트보드,남성,40대,1인 가구,600만원 내외,사무직,서울
27376,20230701,전기 자전거,남성,60대 이상,자녀 성인기(막내가 대학생～결혼 전),"1,000만원 내외",무직/기타,서울
27394,20230701,"오토바이(바이크, 스쿠터)",남성,60대 이상,자녀 독립기(막내가 결혼한 상태),600만원 내외,기술/숙련직,광주
27408,20230701,전동 스쿠터,남성,40대,자녀 성장기(막내가 초등학생～고등학생),"2,100만원 이상",경영/관리직,대구
27433,20230701,전기 자전거,남성,60대 이상,자녀 독립기(막내가 결혼한 상태),"1,100~1,500만원 내외",전문직,경북
27443,20230701,전동 킥보드,남성,30대,1인 가구,500만원 내외,사무직,서울
27451,20230701,전기 자전거,여성,40대,자녀 성인기(막내가 대학생～결혼 전),500만원 내외,무직/기타,서울
27456,20230701,전기 자전거,남성,60대 이상,자녀 독립기(막내가 결혼한 상태),400만원 내외,무직/기타,대구
27483,20230701,전기 자전거,남성,40대,1인 가구,200만원 내외,판매/서비스직,부산
27505,20230701,전동 킥보드,남성,30대,신혼기(자녀없음),400만원 내외,판매/서비스직,경기
27507,20230701,전기 자전거,남성,30대,자녀 유아기(막내가 초등학교 입학 전),400만원 내외,기술/숙련직,충북
27514,20230701,"오토바이(바이크, 스쿠터)",여성,30대,자녀 성장기(막내가 초등학생～고등학생),700만원 내외,자영업,서울
27544,20230701,전동 킥보드,남성,20대,자녀 유아기(막내가 초등학교 입학 전),300만원 내외,기술/숙련직,충남
27574,20230701,전기 자전거,남성,60대 이상,1인 가구,300만원 내외,무직/기타,서울
27607,20230701,전동 킥보드,남성,50대,자녀 성인기(막내가 대학생～결혼 전),700만원 내외,기술/숙련직,충북
27612,20230701,"오토바이(바이크, 스쿠터)",남성,60대 이상,자녀 성인기(막내가 대학생～결혼 전),700만원 내외,기술/숙련직,경기
27614,20230701,"오토바이(바이크, 스쿠터)",남성,20대,1인 가구,200만원 내외,무직/기타,충남
27618,20230701,전동 킥보드,남성,40대,1인 가구,"1,000만원 내외",사무직,서울
27626,20230701,전동 킥보드,여성,40대,자녀 성장기(막내가 초등학생～고등학생),700만원 내외,사무직,경기
27631,20230701,"오토바이(바이크, 스쿠터)",남성,50대,자녀 독립기(막내가 결혼한 상태),"2,100만원 이상",전문직,대구
27636,20230701,전기 자전거,남성,30대,1인 가구,모름,자영업,경기
27647,20230701,"오토바이(바이크, 스쿠터)",남성,30대,1인 가구,200만원 내외,일반 공무원/준공무원,대구
27652,20230701,전동 킥보드,남성,50대,자녀 성인기(막내가 대학생～결혼 전),600만원 내외,무직/기타,전북
27678,20230701,전동 킥보드,남성,40대,1인 가구,100만원 이하,무직/기타,대전
27690,20230701,"오토바이(바이크, 스쿠터)",남성,30대,자녀 성인기(막내가 대학생～결혼 전),"1,000만원 내외",기술/숙련직,울산
27694,20230701,"오토바이(바이크, 스쿠터)",남성,50대,신혼기 초과(자녀없음),900만원 내외,자영업,서울
27697,20230701,전동 킥보드,남성,40대,자녀 유아기(막내가 초등학교 입학 전),500만원 내외,사무직,서울
27699,20230701,"오토바이(바이크, 스쿠터)",남성,40대,1인 가구,100만원 이하,자영업,대구
27705,20230701,"오토바이(바이크, 스쿠터)",남성,30대,자녀 유아기(막내가 초등학교 입학 전),700만원 내외,전문직,경기
27717,20230701,전동 스쿠터,남성,30대,1인 가구,100만원 이하,무직/기타,경기
27718,20230701,전기 자전거,남성,20대,1인 가구,500만원 내외,무직/기타,서울
27719,20230701,전동 킥보드,남성,40대,자녀 성장기(막내가 초등학생～고등학생),300만원 내외,기술/숙련직,경기
27722,20230701,전동 킥보드,남성,40대,자녀 유아기(막내가 초등학교 입학 전),500만원 내외,기술/숙련직,강원
27730,20230701,전기 자전거,여성,50대,자녀 성인기(막내가 대학생～결혼 전),700만원 내외,전업주부,경기
27731,20230701,전동 킥보드,남성,40대,자녀 유아기(막내가 초등학교 입학 전),500만원 내외,자영업,서울
27733,20230701,전동 스쿠터,남성,20대,자녀 유아기(막내가 초등학교 입학 전),200만원 내외,무직/기타,부산
27746,20230701,"오토바이(바이크, 스쿠터)",여성,20대,1인 가구,100만원 이하,자영업,서울
27757,20230701,"오토바이(바이크, 스쿠터)",남성,40대,1인 가구,100만원 이하,무직/기타,서울
27760,20230701,전기 자전거,남성,40대,자녀 독립기(막내가 결혼한 상태),모름,무직/기타,서울
27775,20230701,전기 자전거,남성,50대,1인 가구,500만원 내외,기술/숙련직,부산
27778,20230701,"오토바이(바이크, 스쿠터)",여성,30대,1인 가구,300만원 내외,기술/숙련직,대전
27782,20230701,전동 킥보드,남성,40대,자녀 유아기(막내가 초등학교 입학 전),800만원 내외,기술/숙련직,경기
27783,20230701,전기 자전거,여성,50대,자녀 성인기(막내가 대학생～결혼 전),600만원 내외,기술/숙련직,서울
27788,20230701,전기 자전거,여성,60대 이상,자녀 성인기(막내가 대학생～결혼 전),"1,000만원 내외",전업주부,울산
27791,20230701,전기 자전거,남성,50대,자녀 성인기(막내가 대학생～결혼 전),800만원 내외,기술/숙련직,경기
27794,20230701,전기 자전거,남성,40대,1인 가구,300만원 내외,기술/숙련직,광주
27799,20230701,전동 스쿠터,남성,50대,자녀 성인기(막내가 대학생～결혼 전),"1,000만원 내외",일반 공무원/준공무원,울산
27800,20230701,전동 킥보드,남성,20대,1인 가구,100만원 이하,무직/기타,서울
27804,20230701,전기 자전거,남성,50대,자녀 성인기(막내가 대학생～결혼 전),700만원 내외,사무직,경기
27807,20230701,전기 자전거,남성,40대,1인 가구,200만원 내외,사무직,강원
27818,20230701,"오토바이(바이크, 스쿠터)",여성,50대,자녀 유아기(막내가 초등학교 입학 전),700만원 내외,사무직,서울
27834,20230701,전기 자전거,남성,40대,1인 가구,300만원 내외,기술/숙련직,경기
27839,20230701,전동 스케이트보드,남성,30대,1인 가구,200만원 내외,무직/기타,인천
27840,20230701,전동 킥보드,남성,40대,자녀 성장기(막내가 초등학생～고등학생),400만원 내외,일반 공무원/준공무원,충남
27847,20230701,전기 자전거,남성,30대,1인 가구,300만원 내외,판매/서비스직,서울
27850,20230701,전동 스쿠터,남성,20대,신혼기 초과(자녀없음),200만원 내외,판매/서비스직,부산
27851,20230701,전동 킥보드,남성,40대,1인 가구,100만원 이하,무직/기타,서울
27853,20230701,전기 자전거,남성,40대,1인 가구,300만원 내외,무직/기타,서울
27855,20230701,"오토바이(바이크, 스쿠터)",남성,50대,자녀 성장기(막내가 초등학생～고등학생),500만원 내외,전문직,부산
27863,20230701,전기 자전거,남성,50대,자녀 성인기(막내가 대학생～결혼 전),"1,000만원 내외",경영/관리직,경기
27865,20230701,전기 자전거,남성,50대,자녀 성인기(막내가 대학생～결혼 전),400만원 내외,자영업,충남
27874,20230701,전동 스쿠터,남성,50대,자녀 유아기(막내가 초등학교 입학 전),500만원 내외,기술/숙련직,울산
27881,20230701,전기 자전거,여성,40대,자녀 성인기(막내가 대학생～결혼 전),600만원 내외,무직/기타,광주
27889,20230701,전기 자전거,여성,50대,자녀 성장기(막내가 초등학생～고등학생),모름,무직/기타,서울
27891,20230701,전동 킥보드,남성,50대,자녀 성장기(막내가 초등학생～고등학생),200만원 내외,기술/숙련직,울산
27902,20230701,"오토바이(바이크, 스쿠터)",남성,60대 이상,자녀 독립기(막내가 결혼한 상태),400만원 내외,자영업,서울
27915,20230701,전동 스쿠터,남성,50대,자녀 유아기(막내가 초등학교 입학 전),500만원 내외,사무직,서울
27917,20230701,"오토바이(바이크, 스쿠터)",남성,30대,자녀 유아기(막내가 초등학교 입학 전),800만원 내외,전문직,서울
27942,20230701,"오토바이(바이크, 스쿠터)",남성,30대,자녀 유아기(막내가 초등학교 입학 전),600만원 내외,사무직,경기
27961,20230701,"오토바이(바이크, 스쿠터)",남성,40대,자녀 성장기(막내가 초등학생～고등학생),800만원 내외,경영/관리직,경남
27976,20230701,"오토바이(바이크, 스쿠터)",남성,60대 이상,자녀 독립기(막내가 결혼한 상태),500만원 내외,사무직,부산
27985,20230701,전기 자전거,여성,30대,자녀 유아기(막내가 초등학교 입학 전),400만원 내외,전업주부,경기
28009,20230701,"오토바이(바이크, 스쿠터)",남성,50대,자녀 성장기(막내가 초등학생～고등학생),700만원 내외,자영업,경기
28021,20230701,전동 킥보드,남성,40대,1인 가구,800만원 내외,무직/기타,경기
28027,20230701,전기 자전거,남성,60대 이상,자녀 성인기(막내가 대학생～결혼 전),200만원 내외,무직/기타,광주
28040,20230701,전동 킥보드,남성,40대,자녀 성장기(막내가 초등학생～고등학생),400만원 내외,사무직,광주
28061,20230701,"오토바이(바이크, 스쿠터)",남성,30대,1인 가구,200만원 내외,기술/숙련직,충북
28063,20230701,전기 자전거,남성,60대 이상,자녀 독립기(막내가 결혼한 상태),600만원 내외,경영/관리직,전북
28065,20230701,전기 자전거,남성,60대 이상,자녀 성인기(막내가 대학생～결혼 전),200만원 내외,기술/숙련직,전남
28078,20230701,전동 킥보드,여성,50대,자녀 성인기(막내가 대학생～결혼 전),600만원 내외,사무직,서울
28094,20230701,전기 자전거,여성,30대,1인 가구,500만원 내외,자영업,인천
28100,20230701,"오토바이(바이크, 스쿠터)",남성,50대,자녀 성인기(막내가 대학생～결혼 전),"1,100~1,500만원 내외",사무직,충북
28106,20230701,전기 자전거,여성,40대,1인 가구,400만원 내외,사무직,경기
28137,20230701,전기 자전거,남성,60대 이상,자녀 성인기(막내가 대학생～결혼 전),600만원 내외,무직/기타,서울
28156,20230701,전동 스쿠터,남성,30대,신혼기(자녀없음),500만원 내외,사무직,강원
28173,20230701,전기 자전거,남성,40대,자녀 성장기(막내가 초등학생～고등학생),800만원 내외,기술/숙련직,경기
28178,20230701,전기 자전거,남성,50대,자녀 성인기(막내가 대학생～결혼 전),400만원 내외,사무직,경기
28182,20230701,전동 스케이트보드,남성,40대,자녀 성장기(막내가 초등학생～고등학생),700만원 내외,사무직,인천
28191,20230701,"오토바이(바이크, 스쿠터)",남성,50대,자녀 성인기(막내가 대학생～결혼 전),500만원 내외,사무직,서울
28197,20230701,전기 자전거,남성,50대,자녀 성인기(막내가 대학생～결혼 전),800만원 내외,경영/관리직,서울
28211,20230701,전기 자전거,남성,50대,자녀 성인기(막내가 대학생～결혼 전),800만원 내외,기술/숙련직,충북
28215,20230701,전동 킥보드,남성,40대,자녀 성장기(막내가 초등학생～고등학생),400만원 내외,사무직,대전
28232,20230701,전동 킥보드,남성,40대,1인 가구,300만원 내외,자영업,대구
28237,20230701,"오토바이(바이크, 스쿠터)",남성,30대,1인 가구,500만원 내외,판매/서비스직,경기
28246,20230701,"오토바이(바이크, 스쿠터)",남성,40대,1인 가구,400만원 내외,기술/숙련직,울산
28292,20230701,전동 스쿠터,남성,60대 이상,자녀 성인기(막내가 대학생～결혼 전),700만원 내외,경영/관리직,인천
28300,20230701,전동 스케이트보드,여성,30대,자녀 유아기(막내가 초등학교 입학 전),300만원 내외,전업주부,경기
28302,20230701,전기 자전거,남성,30대,1인 가구,300만원 내외,기술/숙련직,경북
28338,20230701,"오토바이(바이크, 스쿠터)",남성,40대,자녀 성장기(막내가 초등학생～고등학생),500만원 내외,기술/숙련직,서울
28347,20230701,전기 자전거,남성,40대,1인 가구,200만원 내외,무직/기타,인천
28387,20230701,전기 자전거,남성,40대,1인 가구,300만원 내외,사무직,서울
28392,20230701,전동 킥보드,남성,50대,자녀 성장기(막내가 초등학생～고등학생),800만원 내외,자영업,경기
28420,20230701,"오토바이(바이크, 스쿠터)",남성,40대,자녀 성장기(막내가 초등학생～고등학생),800만원 내외,기술/숙련직,부산
28424,20230701,"오토바이(바이크, 스쿠터)",남성,60대 이상,자녀 성인기(막내가 대학생～결혼 전),"1,000만원 내외",기술/숙련직,인천
28448,20230701,전기 자전거,여성,50대,신혼기 초과(자녀없음),400만원 내외,사무직,서울
28452,20230701,전기 자전거,남성,30대,자녀 유아기(막내가 초등학교 입학 전),400만원 내외,기술/숙련직,충남
28463,20230701,전동 킥보드,남성,40대,신혼기 초과(자녀없음),800만원 내외,기술/숙련직,경기
28472,20230701,전동 킥보드,남성,60대 이상,자녀 성인기(막내가 대학생～결혼 전),"1,600~2,000만원 내외",자영업,서울
28480,20230701,"오토바이(바이크, 스쿠터)",남성,50대,자녀 성인기(막내가 대학생～결혼 전),"1,100~1,500만원 내외",사무직,경기
28482,20230701,"오토바이(바이크, 스쿠터)",남성,40대,자녀 유아기(막내가 초등학교 입학 전),600만원 내외,기술/숙련직,부산
28490,20230701,"오토바이(바이크, 스쿠터)",남성,50대,자녀 유아기(막내가 초등학교 입학 전),"1,100~1,500만원 내외",기술/숙련직,서울
28494,20230701,"오토바이(바이크, 스쿠터)",여성,30대,신혼기(자녀없음),500만원 내외,일반 공무원/준공무원,광주
28496,20230701,전기 자전거,남성,40대,자녀 유아기(막내가 초등학교 입학 전),"1,000만원 내외",일반 공무원/준공무원,충남
28513,20230701,전동 킥보드,남성,50대,자녀 성인기(막내가 대학생～결혼 전),"1,000만원 내외",기술/숙련직,경기
28520,20230701,"오토바이(바이크, 스쿠터)",남성,50대,자녀 성장기(막내가 초등학생～고등학생),"1,000만원 내외",자영업,서울
28526,20230701,전기 자전거,남성,50대,자녀 성인기(막내가 대학생～결혼 전),"2,100만원 이상",전문직,경기
28530,20230701,전동 킥보드,여성,30대,자녀 성장기(막내가 초등학생～고등학생),300만원 내외,일반 공무원/준공무원,서울
28533,20230701,"오토바이(바이크, 스쿠터)",남성,40대,1인 가구,"2,100만원 이상",무직/기타,서울
28546,20230701,"오토바이(바이크, 스쿠터)",남성,50대,자녀 성인기(막내가 대학생～결혼 전),500만원 내외,판매/서비스직,서울
28565,20230701,전기 자전거,남성,60대 이상,자녀 독립기(막내가 결혼한 상태),400만원 내외,무직/기타,충남
28573,20230701,전기 자전거,남성,40대,자녀 성장기(막내가 초등학생～고등학생),600만원 내외,기술/숙련직,경기
28585,20230701,전기 자전거,남성,60대 이상,자녀 독립기(막내가 결혼한 상태),200만원 내외,자영업,경기
28592,20230701,"오토바이(바이크, 스쿠터)",남성,30대,1인 가구,200만원 내외,일반 공무원/준공무원,부산
28619,20230701,전기 자전거,남성,50대,자녀 성인기(막내가 대학생～결혼 전),500만원 내외,판매/서비스직,경기
28621,20230701,전기 자전거,남성,60대 이상,1인 가구,500만원 내외,무직/기타,경기
28639,20230701,전동 스케이트보드,여성,20대,1인 가구,300만원 내외,사무직,부산
28661,20230701,전기 자전거,남성,40대,자녀 성장기(막내가 초등학생～고등학생),400만원 내외,자영업,경기
28675,20230701,전기 자전거,남성,40대,자녀 성장기(막내가 초등학생～고등학생),300만원 내외,전문직,인천
28682,20230701,전기 자전거,남성,60대 이상,자녀 성인기(막내가 대학생～결혼 전),500만원 내외,전문직,대전
28683,20230701,전기 자전거,여성,50대,자녀 성인기(막내가 대학생～결혼 전),800만원 내외,자영업,경기
28685,20230701,전기 자전거,여성,50대,자녀 독립기(막내가 결혼한 상태),500만원 내외,기술/숙련직,부산
28687,20230701,전동 스케이트보드,남성,50대,자녀 성장기(막내가 초등학생～고등학생),700만원 내외,경영/관리직,서울
28714,20230701,"오토바이(바이크, 스쿠터)",남성,50대,자녀 성장기(막내가 초등학생～고등학생),600만원 내외,자영업,충남
28796,20230701,전동 킥보드,남성,30대,자녀 성장기(막내가 초등학생～고등학생),700만원 내외,사무직,서울
28798,20230701,전기 자전거,남성,40대,자녀 성장기(막내가 초등학생～고등학생),400만원 내외,사무직,대구
28815,20230701,전기 자전거,남성,60대 이상,자녀 독립기(막내가 결혼한 상태),600만원 내외,기술/숙련직,충남
28826,20230701,전기 자전거,남성,30대,신혼기(자녀없음),"1,600~2,000만원 내외",전문직,서울
28841,20230701,"오토바이(바이크, 스쿠터)",남성,30대,자녀 유아기(막내가 초등학교 입학 전),500만원 내외,사무직,서울
28843,20230701,"오토바이(바이크, 스쿠터)",남성,20대,1인 가구,800만원 내외,기술/숙련직,강원
28877,20230701,전기 자전거,남성,60대 이상,자녀 독립기(막내가 결혼한 상태),200만원 내외,무직/기타,인천
28896,20230701,전동 킥보드,여성,20대,자녀 성인기(막내가 대학생～결혼 전),"1,600~2,000만원 내외",기술/숙련직,전남
28906,20230701,전동 킥보드,남성,30대,자녀 유아기(막내가 초등학교 입학 전),200만원 내외,사무직,경기
28911,20230701,전동 스케이트보드,남성,30대,자녀 성장기(막내가 초등학생～고등학생),"1,100~1,500만원 내외",전문직,서울
28913,20230701,"오토바이(바이크, 스쿠터)",남성,60대 이상,자녀 성인기(막내가 대학생～결혼 전),"1,600~2,000만원 내외",자영업,서울
28918,20230701,"오토바이(바이크, 스쿠터)",남성,30대,1인 가구,400만원 내외,기술/숙련직,경기
28928,20230701,"오토바이(바이크, 스쿠터)",남성,50대,자녀 성장기(막내가 초등학생～고등학생),600만원 내외,경영/관리직,서울
28941,20230701,"오토바이(바이크, 스쿠터)",남성,40대,1인 가구,100만원 이하,자영업,인천
28945,20230701,"오토바이(바이크, 스쿠터)",여성,30대,신혼기 초과(자녀없음),800만원 내외,기술/숙련직,서울
28946,20230701,전동 킥보드,남성,40대,자녀 유아기(막내가 초등학교 입학 전),600만원 내외,사무직,경기
28957,20230701,전동 스케이트보드,남성,40대,자녀 유아기(막내가 초등학교 입학 전),모름,기술/숙련직,경기
28967,20230701,전동 킥보드,남성,40대,자녀 성장기(막내가 초등학생～고등학생),700만원 내외,기술/숙련직,인천
28969,20230701,전동 스케이트보드,남성,50대,자녀 성인기(막내가 대학생～결혼 전),400만원 내외,사무직,경북
28973,20230701,"오토바이(바이크, 스쿠터)",남성,40대,자녀 성장기(막내가 초등학생～고등학생),800만원 내외,전문직,서울
28986,20230701,"오토바이(바이크, 스쿠터)",여성,40대,자녀 유아기(막내가 초등학교 입학 전),400만원 내외,사무직,경기
28989,20230701,전기 자전거,남성,30대,1인 가구,400만원 내외,기술/숙련직,서울
28993,20230701,"오토바이(바이크, 스쿠터)",남성,50대,1인 가구,200만원 내외,자영업,제주
29001,20230701,전기 자전거,남성,40대,자녀 성장기(막내가 초등학생～고등학생),400만원 내외,자영업,경기
29003,20230701,전동 킥보드,남성,40대,자녀 성장기(막내가 초등학생～고등학생),500만원 내외,자영업,경기
29009,20230701,"오토바이(바이크, 스쿠터)",남성,50대,자녀 독립기(막내가 결혼한 상태),500만원 내외,일반 공무원/준공무원,전북
29035,20230701,"오토바이(바이크, 스쿠터)",남성,60대 이상,자녀 성인기(막내가 대학생～결혼 전),500만원 내외,자영업,경북
29046,20230701,전동 킥보드,남성,40대,자녀 유아기(막내가 초등학교 입학 전),"1,600~2,000만원 내외",경영/관리직,서울
29047,20230701,전기 자전거,남성,30대,자녀 성장기(막내가 초등학생～고등학생),800만원 내외,자영업,대구
29048,20230701,"오토바이(바이크, 스쿠터)",남성,30대,1인 가구,"1,100~1,500만원 내외",자영업,대구
29050,20230701,전동 스쿠터,남성,40대,자녀 성장기(막내가 초등학생～고등학생),800만원 내외,자영업,대구
29051,20230701,전동 스쿠터,남성,40대,자녀 성장기(막내가 초등학생～고등학생),800만원 내외,판매/서비스직,대구
29052,20230701,전동 스쿠터,남성,40대,1인 가구,"1,100~1,500만원 내외",학생,대구
29056,20230701,전기 자전거,여성,40대,자녀 유아기(막내가 초등학교 입학 전),300만원 내외,자영업,광주
29061,20230701,"오토바이(바이크, 스쿠터)",여성,30대,1인 가구,"1,100~1,500만원 내외",일반 공무원/준공무원,서울
29069,20230701,전동 킥보드,남성,40대,자녀 성장기(막내가 초등학생～고등학생),800만원 내외,기술/숙련직,서울
29072,20230701,"오토바이(바이크, 스쿠터)",여성,30대,1인 가구,"1,000만원 내외",경영/관리직,서울
29083,20230701,"오토바이(바이크, 스쿠터)",남성,30대,자녀 성인기(막내가 대학생～결혼 전),"1,100~1,500만원 내외",사무직,서울
29086,20230701,"오토바이(바이크, 스쿠터)",여성,30대,1인 가구,"1,000만원 내외",일반 공무원/준공무원,서울
29087,20230701,전동 휠,남성,40대,신혼기(자녀없음),200만원 내외,무직/기타,강원
29089,20230701,"오토바이(바이크, 스쿠터)",여성,20대,1인 가구,300만원 내외,사무직,인천
29090,20230701,"오토바이(바이크, 스쿠터)",남성,20대,자녀 성인기(막내가 대학생～결혼 전),700만원 내외,자영업,서울
29091,20230701,전기 자전거,남성,50대,자녀 성장기(막내가 초등학생～고등학생),600만원 내외,사무직,경기
29093,20230701,전동 스쿠터,남성,30대,자녀 유아기(막내가 초등학교 입학 전),400만원 내외,기술/숙련직,경기
29100,20230701,전동 스케이트보드,남성,40대,자녀 성장기(막내가 초등학생～고등학생),600만원 내외,사무직,부산
29105,20230701,"오토바이(바이크, 스쿠터)",여성,20대,자녀 성인기(막내가 대학생～결혼 전),500만원 내외,학생,울산
29108,20230701,"오토바이(바이크, 스쿠터)",남성,30대,1인 가구,400만원 내외,기술/숙련직,경기
29117,20230701,전동 킥보드,여성,50대,자녀 성인기(막내가 대학생～결혼 전),200만원 내외,자영업,경남
29127,20230701,전동 스쿠터,여성,40대,자녀 유아기(막내가 초등학교 입학 전),"1,000만원 내외",사무직,경기
29148,20230701,"오토바이(바이크, 스쿠터)",남성,40대,자녀 독립기(막내가 결혼한 상태),500만원 내외,사무직,서울
29153,20230701,"오토바이(바이크, 스쿠터)",남성,40대,1인 가구,600만원 내외,자영업,경기
29158,20230701,전기 자전거,여성,40대,신혼기(자녀없음),400만원 내외,무직/기타,강원
29160,20230701,전동 킥보드,남성,30대,1인 가구,400만원 내외,판매/서비스직,울산
29161,20230701,"오토바이(바이크, 스쿠터)",여성,40대,자녀 유아기(막내가 초등학교 입학 전),"1,600~2,000만원 내외",전업주부,서울
29168,20230701,"오토바이(바이크, 스쿠터)",남성,30대,1인 가구,400만원 내외,판매/서비스직,울산
29169,20230701,전동 킥보드,남성,30대,1인 가구,400만원 내외,판매/서비스직,울산
29170,20230701,"오토바이(바이크, 스쿠터)",남성,40대,1인 가구,400만원 내외,기술/숙련직,경기
29177,20230701,"오토바이(바이크, 스쿠터)",여성,30대,1인 가구,"1,000만원 내외",일반 공무원/준공무원,서울
29180,20230701,전동 스케이트보드,남성,20대,1인 가구,300만원 내외,기술/숙련직,경남
29193,20230701,전동 킥보드,남성,30대,자녀 성인기(막내가 대학생～결혼 전),모름,사무직,경기
29209,20230701,"오토바이(바이크, 스쿠터)",여성,30대,1인 가구,"1,000만원 내외",사무직,서울
29211,20230701,전동 킥보드,남성,40대,1인 가구,모름,무직/기타,경기
29214,20230701,"오토바이(바이크, 스쿠터)",남성,30대,자녀 성장기(막내가 초등학생～고등학생),"1,100~1,500만원 내외",자영업,울산
29217,20230701,전동 스쿠터,여성,40대,1인 가구,700만원 내외,판매/서비스직,인천
29222,20230701,전동 스쿠터,남성,40대,자녀 유아기(막내가 초등학교 입학 전),"1,000만원 내외",경영/관리직,경기
29272,20230701,전동 스쿠터,여성,30대,자녀 성장기(막내가 초등학생～고등학생),800만원 내외,사무직,서울
29273,20230701,전동 스쿠터,여성,30대,자녀 유아기(막내가 초등학교 입학 전),900만원 내외,기술/숙련직,대구
29276,20230701,전기 자전거,남성,30대,자녀 성인기(막내가 대학생～결혼 전),800만원 내외,자영업,대전
29277,20230701,전기 자전거,남성,50대,자녀 유아기(막내가 초등학교 입학 전),700만원 내외,사무직,대구
29278,20230701,전동 스쿠터,남성,40대,자녀 성장기(막내가 초등학생～고등학생),500만원 내외,사무직,대구
29281,20230701,전동 킥보드,여성,30대,1인 가구,500만원 내외,사무직,울산
29290,20230701,전동 킥보드,남성,30대,자녀 유아기(막내가 초등학교 입학 전),700만원 내외,자영업,충남
29295,20230701,전동 휠,여성,40대,자녀 성장기(막내가 초등학생～고등학생),500만원 내외,판매/서비스직,울산
29296,20230701,전동 킥보드,여성,40대,자녀 성인기(막내가 대학생～결혼 전),600만원 내외,전업주부,서울
29298,20230701,전동 킥보드,여성,40대,신혼기 초과(자녀없음),800만원 내외,기술/숙련직,대구
29300,20230701,전동 킥보드,여성,30대,1인 가구,600만원 내외,사무직,전북
29305,20230701,전동 킥보드,여성,30대,1인 가구,500만원 내외,사무직,충북
29306,20230701,전기 자전거,남성,60대 이상,자녀 독립기(막내가 결혼한 상태),모름,무직/기타,울산
29316,20230701,전동 킥보드,남성,30대,1인 가구,500만원 내외,판매/서비스직,서울
29323,20230701,"오토바이(바이크, 스쿠터)",남성,30대,자녀 유아기(막내가 초등학교 입학 전),400만원 내외,무직/기타,부산
29343,20230701,전동 킥보드,여성,30대,자녀 성장기(막내가 초등학생～고등학생),600만원 내외,기술/숙련직,경기
29349,20230701,전동 스쿠터,남성,40대,1인 가구,700만원 내외,자영업,경북
29354,20230701,전동 스쿠터,여성,40대,자녀 성장기(막내가 초등학생～고등학생),800만원 내외,기술/숙련직,인천
29358,20230701,전동 킥보드,남성,60대 이상,자녀 성인기(막내가 대학생～결혼 전),500만원 내외,사무직,경남
29360,20230701,전동 킥보드,남성,60대 이상,자녀 독립기(막내가 결혼한 상태),"1,100~1,500만원 내외",경영/관리직,경기
29374,20230701,전동 스케이트보드,여성,40대,1인 가구,700만원 내외,기술/숙련직,인천
29380,20230701,전동 킥보드,남성,40대,1인 가구,600만원 내외,자영업,대구
29398,20230701,"오토바이(바이크, 스쿠터)",남성,50대,자녀 성장기(막내가 초등학생～고등학생),500만원 내외,사무직,서울
29400,20230701,전동 킥보드,남성,40대,자녀 유아기(막내가 초등학교 입학 전),700만원 내외,판매/서비스직,부산
29403,20230701,전동 킥보드,남성,40대,자녀 성장기(막내가 초등학생～고등학생),700만원 내외,사무직,서울
29413,20230701,전동 스쿠터,여성,30대,1인 가구,500만원 내외,자영업,대전
29417,20230701,"오토바이(바이크, 스쿠터)",남성,30대,자녀 유아기(막내가 초등학교 입학 전),"1,000만원 내외",경영/관리직,경기
29423,20230701,"오토바이(바이크, 스쿠터)",남성,50대,자녀 성장기(막내가 초등학생～고등학생),600만원 내외,사무직,서울
29426,20230701,전동 킥보드,남성,50대,1인 가구,300만원 내외,무직/기타,전남
29432,20230701,전동 스쿠터,남성,40대,자녀 성장기(막내가 초등학생～고등학생),700만원 내외,판매/서비스직,서울
29450,20230701,전동 스쿠터,남성,30대,신혼기(자녀없음),600만원 내외,경영/관리직,경기
29456,20230701,"오토바이(바이크, 스쿠터)",여성,30대,신혼기 초과(자녀없음),700만원 내외,기술/숙련직,서울
29461,20230701,전동 스쿠터,남성,40대,1인 가구,600만원 내외,경영/관리직,충북
29466,20230701,전동 킥보드,남성,40대,자녀 성장기(막내가 초등학생～고등학생),"1,100~1,500만원 내외",사무직,경기
29477,20230701,전동 킥보드,여성,30대,1인 가구,500만원 내외,사무직,인천
29494,20230701,전동 킥보드,여성,30대,1인 가구,200만원 내외,판매/서비스직,광주
29495,20230701,전동 킥보드,여성,30대,1인 가구,500만원 내외,판매/서비스직,대구
29552,20230701,전동 킥보드,여성,40대,자녀 성장기(막내가 초등학생～고등학생),모름,무직/기타,경북
29625,20230701,"오토바이(바이크, 스쿠터)",여성,40대,자녀 성장기(막내가 초등학생～고등학생),500만원 내외,무직/기타,충북
29655,20230701,전기 자전거,남성,40대,자녀 성장기(막내가 초등학생～고등학생),"1,100~1,500만원 내외",자영업,대전
29681,20230701,전기 자전거,남성,50대,자녀 독립기(막내가 결혼한 상태),500만원 내외,일반 공무원/준공무원,부산
29690,20230701,"오토바이(바이크, 스쿠터)",남성,40대,자녀 독립기(막내가 결혼한 상태),800만원 내외,무직/기타,인천
29750,20230701,전동 킥보드,남성,40대,자녀 성장기(막내가 초등학생～고등학생),500만원 내외,사무직,대구
29757,20230701,"오토바이(바이크, 스쿠터)",남성,60대 이상,1인 가구,"1,000만원 내외",자영업,경기
29791,20230701,전동 킥보드,남성,60대 이상,자녀 성인기(막내가 대학생～결혼 전),900만원 내외,무직/기타,경기
29792,20230701,전동 휠,남성,50대,1인 가구,400만원 내외,판매/서비스직,강원
29812,20230701,전동 킥보드,여성,50대,1인 가구,100만원 이하,전문직,경북
29856,20230701,"오토바이(바이크, 스쿠터)",남성,30대,자녀 성인기(막내가 대학생～결혼 전),"1,100~1,500만원 내외",사무직,경기
29877,20230701,"오토바이(바이크, 스쿠터)",남성,60대 이상,자녀 성인기(막내가 대학생～결혼 전),900만원 내외,무직/기타,경기
29908,20230701,전동 스케이트보드,남성,30대,신혼기(자녀없음),400만원 내외,사무직,서울
29941,20230701,전동 킥보드,남성,20대,자녀 독립기(막내가 결혼한 상태),800만원 내외,자영업,서울
29952,20230701,전기 자전거,남성,40대,자녀 성장기(막내가 초등학생～고등학생),700만원 내외,사무직,부산
29959,20230701,전동 킥보드,남성,50대,신혼기(자녀없음),800만원 내외,기술/숙련직,경기
30035,20230701,"오토바이(바이크, 스쿠터)",남성,50대,자녀 독립기(막내가 결혼한 상태),300만원 내외,무직/기타,경남
30046,20230701,전동 휠,남성,40대,자녀 성장기(막내가 초등학생～고등학생),700만원 내외,전문직,서울
30132,20230701,"오토바이(바이크, 스쿠터)",남성,50대,1인 가구,500만원 내외,전문직,경남
30144,20230701,전기 자전거,여성,40대,자녀 성장기(막내가 초등학생～고등학생),800만원 내외,기술/숙련직,경기
30148,20230701,전동 휠,남성,40대,자녀 성장기(막내가 초등학생～고등학생),400만원 내외,일반 공무원/준공무원,경기
30228,20230701,전동 킥보드,남성,30대,자녀 유아기(막내가 초등학교 입학 전),900만원 내외,사무직,광주
30339,20230701,"오토바이(바이크, 스쿠터)",남성,20대,1인 가구,모름,무직/기타,서울
30359,20230701,"오토바이(바이크, 스쿠터)",남성,30대,1인 가구,400만원 내외,기술/숙련직,경기
30370,20230701,전동 킥보드,남성,50대,자녀 성장기(막내가 초등학생～고등학생),600만원 내외,자영업,서울
30406,20230701,전기 자전거,여성,30대,신혼기(자녀없음),800만원 내외,기술/숙련직,광주
30481,20230701,"오토바이(바이크, 스쿠터)",남성,30대,1인 가구,300만원 내외,판매/서비스직,부산
30532,20230701,"오토바이(바이크, 스쿠터)",남성,60대 이상,자녀 독립기(막내가 결혼한 상태),800만원 내외,자영업,서울
30534,20230701,"오토바이(바이크, 스쿠터)",남성,60대 이상,자녀 독립기(막내가 결혼한 상태),"2,100만원 이상",자영업,경기
30557,20230701,전동 킥보드,남성,40대,자녀 유아기(막내가 초등학교 입학 전),700만원 내외,기술/숙련직,광주
30573,20230701,전동 킥보드,남성,40대,자녀 성장기(막내가 초등학생～고등학생),600만원 내외,일반 공무원/준공무원,대구
30617,20230701,전기 자전거,여성,50대,자녀 성인기(막내가 대학생～결혼 전),600만원 내외,전업주부,대전
30702,20230701,전기 자전거,남성,40대,자녀 성장기(막내가 초등학생～고등학생),500만원 내외,사무직,서울
30726,20230701,전동 스케이트보드,여성,50대,자녀 독립기(막내가 결혼한 상태),400만원 내외,무직/기타,경기
30747,20230701,"오토바이(바이크, 스쿠터)",남성,50대,신혼기(자녀없음),500만원 내외,기술/숙련직,대전
30748,20230701,전기 자전거,남성,40대,자녀 유아기(막내가 초등학교 입학 전),500만원 내외,사무직,경기
30751,20230701,전동 휠,남성,40대,자녀 성장기(막내가 초등학생～고등학생),700만원 내외,경영/관리직,경기
30772,20230701,"오토바이(바이크, 스쿠터)",남성,20대,자녀 성인기(막내가 대학생～결혼 전),"2,100만원 이상",기술/숙련직,경기
30780,20230701,전동 킥보드,남성,40대,자녀 유아기(막내가 초등학교 입학 전),300만원 내외,기술/숙련직,대전
30806,20230701,전동 킥보드,남성,40대,자녀 성장기(막내가 초등학생～고등학생),300만원 내외,자영업,경기
30841,20230701,전동 스쿠터,여성,50대,자녀 성장기(막내가 초등학생～고등학생),500만원 내외,전업주부,경기
30846,20230701,전기 자전거,남성,40대,자녀 성장기(막내가 초등학생～고등학생),300만원 내외,기술/숙련직,경기
30977,20230701,"오토바이(바이크, 스쿠터)",여성,30대,1인 가구,600만원 내외,무직/기타,경기
31010,20230701,"오토바이(바이크, 스쿠터)",남성,40대,자녀 유아기(막내가 초등학교 입학 전),500만원 내외,일반 공무원/준공무원,서울
31014,20230701,"오토바이(바이크, 스쿠터)",남성,20대,1인 가구,100만원 이하,자영업,대구
31066,20230701,전동 킥보드,남성,30대,자녀 성인기(막내가 대학생～결혼 전),800만원 내외,사무직,경기
31149,20230701,전동 킥보드,남성,50대,자녀 성인기(막내가 대학생～결혼 전),500만원 내외,기술/숙련직,경남
31237,20230701,전동 킥보드,남성,40대,자녀 성장기(막내가 초등학생～고등학생),800만원 내외,기술/숙련직,경기
31346,20230701,전기 자전거,남성,40대,자녀 성장기(막내가 초등학생～고등학생),700만원 내외,경영/관리직,서울
31395,20230701,"오토바이(바이크, 스쿠터)",남성,60대 이상,자녀 성인기(막내가 대학생～결혼 전),700만원 내외,기술/숙련직,경기
31453,20230701,"오토바이(바이크, 스쿠터)",남성,30대,자녀 유아기(막내가 초등학교 입학 전),300만원 내외,자영업,서울
31465,20230701,"오토바이(바이크, 스쿠터)",여성,30대,자녀 독립기(막내가 결혼한 상태),300만원 내외,기술/숙련직,광주
31616,20230701,"오토바이(바이크, 스쿠터)",여성,50대,자녀 유아기(막내가 초등학교 입학 전),600만원 내외,자영업,대구
31628,20230701,전기 자전거,남성,50대,자녀 독립기(막내가 결혼한 상태),500만원 내외,자영업,서울
31645,20230701,전동 스케이트보드,남성,40대,신혼기(자녀없음),300만원 내외,기술/숙련직,경기
31686,20230701,전기 자전거,남성,40대,자녀 성인기(막내가 대학생～결혼 전),500만원 내외,사무직,광주
31715,20230701,전기 자전거,여성,40대,자녀 성장기(막내가 초등학생～고등학생),"1,000만원 내외",사무직,경기
31843,20230701,"오토바이(바이크, 스쿠터)",남성,40대,자녀 성인기(막내가 대학생～결혼 전),300만원 내외,무직/기타,부산
31853,20230701,전기 자전거,남성,50대,1인 가구,300만원 내외,자영업,전남
31868,20230701,전기 자전거,남성,40대,자녀 성장기(막내가 초등학생～고등학생),500만원 내외,자영업,부산
31877,20230701,"오토바이(바이크, 스쿠터)",남성,60대 이상,자녀 성인기(막내가 대학생～결혼 전),"1,000만원 내외",기술/숙련직,부산
31894,20230701,전동 스쿠터,남성,40대,자녀 유아기(막내가 초등학교 입학 전),400만원 내외,사무직,경기
31928,20230701,전기 자전거,여성,40대,자녀 성장기(막내가 초등학생～고등학생),500만원 내외,전업주부,경기
31942,20230701,"오토바이(바이크, 스쿠터)",남성,50대,자녀 성장기(막내가 초등학생～고등학생),700만원 내외,일반 공무원/준공무원,경기
32009,20230701,"오토바이(바이크, 스쿠터)",여성,50대,자녀 성장기(막내가 초등학생～고등학생),600만원 내외,사무직,대구
32036,20230701,"오토바이(바이크, 스쿠터)",여성,20대,1인 가구,모름,판매/서비스직,경북
32127,20230701,"오토바이(바이크, 스쿠터)",여성,40대,자녀 성장기(막내가 초등학생～고등학생),300만원 내외,전업주부,충북
32219,20230701,"오토바이(바이크, 스쿠터)",남성,60대 이상,1인 가구,700만원 내외,기술/숙련직,전남
32224,20230701,"오토바이(바이크, 스쿠터)",남성,40대,자녀 유아기(막내가 초등학교 입학 전),500만원 내외,자영업,부산
32240,20230701,"오토바이(바이크, 스쿠터)",남성,40대,자녀 성장기(막내가 초등학생～고등학생),400만원 내외,무직/기타,충북
32288,20230701,전동 킥보드,여성,50대,자녀 독립기(막내가 결혼한 상태),500만원 내외,자영업,강원
32369,20230701,전기 자전거,남성,50대,자녀 성인기(막내가 대학생～결혼 전),600만원 내외,기술/숙련직,경기
32538,20230701,전기 자전거,남성,50대,자녀 성인기(막내가 대학생～결혼 전),500만원 내외,기술/숙련직,인천
32564,20230701,"오토바이(바이크, 스쿠터)",남성,40대,자녀 유아기(막내가 초등학교 입학 전),400만원 내외,기술/숙련직,인천
32653,20230701,전동 스쿠터,남성,40대,자녀 유아기(막내가 초등학교 입학 전),400만원 내외,사무직,경기
32658,20230701,전기 자전거,남성,40대,자녀 성장기(막내가 초등학생～고등학생),400만원 내외,사무직,서울
32665,20230701,전기 자전거,여성,40대,자녀 성장기(막내가 초등학생～고등학생),800만원 내외,기술/숙련직,서울
32672,20230701,"오토바이(바이크, 스쿠터)",남성,60대 이상,자녀 독립기(막내가 결혼한 상태),600만원 내외,사무직,서울
32688,20230701,"오토바이(바이크, 스쿠터)",남성,30대,1인 가구,500만원 내외,사무직,서울
32720,20230701,전동 킥보드,남성,50대,자녀 성인기(막내가 대학생～결혼 전),600만원 내외,일반 공무원/준공무원,충북
32737,20230701,전동 킥보드,남성,50대,자녀 성장기(막내가 초등학생～고등학생),300만원 내외,자영업,경기
32763,20230701,"오토바이(바이크, 스쿠터)",여성,40대,신혼기 초과(자녀없음),"1,100~1,500만원 내외",자영업,경기
32782,20230701,"오토바이(바이크, 스쿠터)",남성,40대,자녀 성장기(막내가 초등학생～고등학생),800만원 내외,자영업,서울
32835,20230701,"오토바이(바이크, 스쿠터)",남성,30대,1인 가구,모름,무직/기타,부산
32880,20230701,"오토바이(바이크, 스쿠터)",여성,40대,자녀 유아기(막내가 초등학교 입학 전),800만원 내외,기술/숙련직,부산
32888,20230701,전동 휠,여성,40대,자녀 성장기(막내가 초등학생～고등학생),500만원 내외,전업주부,경기
32952,20230701,전동 스케이트보드,남성,30대,1인 가구,400만원 내외,자영업,강원
33008,20230701,"오토바이(바이크, 스쿠터)",남성,40대,자녀 성장기(막내가 초등학생～고등학생),"1,000만원 내외",사무직,인천
33030,20230701,"오토바이(바이크, 스쿠터)",남성,20대,신혼기 초과(자녀없음),600만원 내외,경영/관리직,광주
33092,20230701,전동 킥보드,여성,50대,자녀 성인기(막내가 대학생～결혼 전),800만원 내외,일반 공무원/준공무원,경기
33117,20230701,전동 휠,여성,30대,자녀 유아기(막내가 초등학교 입학 전),600만원 내외,전업주부,서울
33154,20230701,"오토바이(바이크, 스쿠터)",남성,40대,자녀 성장기(막내가 초등학생～고등학생),500만원 내외,기술/숙련직,부산
33208,20230701,전동 킥보드,남성,30대,1인 가구,300만원 내외,기술/숙련직,경기
33239,20230701,전기 자전거,남성,60대 이상,자녀 성인기(막내가 대학생～결혼 전),200만원 내외,전문직,대구
33278,20230701,전기 자전거,여성,50대,자녀 성인기(막내가 대학생～결혼 전),500만원 내외,자영업,서울
33375,20230701,전동 스케이트보드,여성,30대,자녀 유아기(막내가 초등학교 입학 전),"2,100만원 이상",기술/숙련직,인천
33491,20230701,전동 킥보드,여성,40대,자녀 성장기(막내가 초등학생～고등학생),700만원 내외,일반 공무원/준공무원,울산
33496,20230701,전기 자전거,남성,40대,자녀 성인기(막내가 대학생～결혼 전),500만원 내외,자영업,경기
33592,20230701,전기 자전거,남성,30대,1인 가구,300만원 내외,일반 공무원/준공무원,충북
33610,20230701,전동 킥보드,여성,30대,자녀 유아기(막내가 초등학교 입학 전),400만원 내외,전업주부,부산
33632,20230701,"오토바이(바이크, 스쿠터)",남성,40대,신혼기 초과(자녀없음),800만원 내외,사무직,경기
33690,20230701,"오토바이(바이크, 스쿠터)",남성,40대,자녀 성장기(막내가 초등학생～고등학생),500만원 내외,무직/기타,인천
33703,20230701,"오토바이(바이크, 스쿠터)",남성,40대,1인 가구,200만원 내외,무직/기타,서울
33707,20230701,전동 킥보드,여성,40대,자녀 성장기(막내가 초등학생～고등학생),500만원 내외,사무직,서울
33721,20230701,전동 킥보드,남성,50대,자녀 성장기(막내가 초등학생～고등학생),400만원 내외,자영업,서울
33766,20230701,"오토바이(바이크, 스쿠터)",여성,50대,자녀 성장기(막내가 초등학생～고등학생),"1,100~1,500만원 내외",일반 공무원/준공무원,경기
33816,20230701,"오토바이(바이크, 스쿠터)",남성,50대,자녀 성인기(막내가 대학생～결혼 전),900만원 내외,자영업,서울
33826,20230701,"오토바이(바이크, 스쿠터)",여성,30대,자녀 유아기(막내가 초등학교 입학 전),700만원 내외,사무직,경기
33830,20230701,전동 킥보드,남성,40대,자녀 성장기(막내가 초등학생～고등학생),600만원 내외,기술/숙련직,경기
33831,20230701,"오토바이(바이크, 스쿠터)",남성,50대,신혼기 초과(자녀없음),600만원 내외,사무직,인천
33863,20230701,전동 킥보드,남성,40대,자녀 성장기(막내가 초등학생～고등학생),500만원 내외,사무직,인천
33897,20230701,전기 자전거,여성,40대,자녀 성인기(막내가 대학생～결혼 전),"1,000만원 내외",자영업,서울
33938,20230701,"오토바이(바이크, 스쿠터)",남성,40대,자녀 성장기(막내가 초등학생～고등학생),800만원 내외,기술/숙련직,대전
33979,20230701,전기 자전거,여성,30대,자녀 성인기(막내가 대학생～결혼 전),모름,판매/서비스직,부산
33998,20230701,"오토바이(바이크, 스쿠터)",남성,50대,자녀 성장기(막내가 초등학생～고등학생),"1,100~1,500만원 내외",전문직,경기
34052,20230701,"오토바이(바이크, 스쿠터)",남성,40대,자녀 유아기(막내가 초등학교 입학 전),800만원 내외,무직/기타,부산
34110,20230701,전기 자전거,여성,30대,1인 가구,700만원 내외,사무직,서울
34155,20230701,전동 킥보드,남성,50대,자녀 성인기(막내가 대학생～결혼 전),"1,000만원 내외",자영업,대전
34190,20230701,"오토바이(바이크, 스쿠터)",남성,40대,자녀 독립기(막내가 결혼한 상태),"1,000만원 내외",자영업,경기
34220,20230701,전기 자전거,여성,40대,1인 가구,600만원 내외,자영업,경기
34262,20230701,전동 킥보드,남성,40대,자녀 성장기(막내가 초등학생～고등학생),모름,사무직,경기
34409,20230701,"오토바이(바이크, 스쿠터)",남성,30대,신혼기(자녀없음),"1,000만원 내외",자영업,서울
34424,20230701,"오토바이(바이크, 스쿠터)",남성,40대,자녀 성장기(막내가 초등학생～고등학생),500만원 내외,기술/숙련직,경남
34449,20230701,"오토바이(바이크, 스쿠터)",여성,40대,자녀 성인기(막내가 대학생～결혼 전),800만원 내외,사무직,경기
34464,20230701,전동 킥보드,남성,40대,자녀 성장기(막내가 초등학생～고등학생),800만원 내외,자영업,경기
34483,20230701,전기 자전거,여성,50대,자녀 성인기(막내가 대학생～결혼 전),모름,사무직,경기
34551,20230701,전동 스케이트보드,남성,40대,자녀 성장기(막내가 초등학생～고등학생),700만원 내외,기술/숙련직,서울
34558,20230701,전동 킥보드,남성,20대,자녀 성인기(막내가 대학생～결혼 전),"1,600~2,000만원 내외",자영업,경기
34586,20230701,"오토바이(바이크, 스쿠터)",여성,40대,자녀 성장기(막내가 초등학생～고등학생),400만원 내외,판매/서비스직,충남
34597,20230701,"오토바이(바이크, 스쿠터)",남성,40대,1인 가구,500만원 내외,무직/기타,서울
34614,20230701,"오토바이(바이크, 스쿠터)",여성,50대,자녀 성장기(막내가 초등학생～고등학생),600만원 내외,판매/서비스직,경기
34634,20230701,전기 자전거,여성,40대,1인 가구,600만원 내외,사무직,경기
34647,20230701,"오토바이(바이크, 스쿠터)",여성,50대,자녀 독립기(막내가 결혼한 상태),500만원 내외,사무직,서울
34704,20230701,"오토바이(바이크, 스쿠터)",남성,60대 이상,자녀 독립기(막내가 결혼한 상태),300만원 내외,무직/기타,경북
34719,20230701,전기 자전거,남성,60대 이상,자녀 독립기(막내가 결혼한 상태),500만원 내외,무직/기타,경기
34734,20230701,"오토바이(바이크, 스쿠터)",남성,50대,자녀 독립기(막내가 결혼한 상태),"1,000만원 내외",경영/관리직,경기
34738,20230701,"오토바이(바이크, 스쿠터)",남성,20대,1인 가구,100만원 이하,전문직,경기
34740,20230701,"오토바이(바이크, 스쿠터)",남성,40대,자녀 유아기(막내가 초등학교 입학 전),"1,100~1,500만원 내외",자영업,전북
34745,20230701,전동 휠,남성,40대,신혼기(자녀없음),600만원 내외,사무직,부산
34753,20230701,"오토바이(바이크, 스쿠터)",남성,40대,자녀 성장기(막내가 초등학생～고등학생),700만원 내외,기술/숙련직,경남
34762,20230701,전동 킥보드,남성,20대,자녀 성인기(막내가 대학생～결혼 전),800만원 내외,학생,경기
34811,20230701,전동 킥보드,남성,50대,자녀 성인기(막내가 대학생～결혼 전),"1,000만원 내외",자영업,대전
34834,20230701,전기 자전거,여성,40대,자녀 성인기(막내가 대학생～결혼 전),800만원 내외,사무직,경기
34838,20230701,전동 킥보드,여성,50대,자녀 성장기(막내가 초등학생～고등학생),800만원 내외,전업주부,경기
34841,20230701,전기 자전거,남성,40대,자녀 성장기(막내가 초등학생～고등학생),600만원 내외,기술/숙련직,강원
34850,20230701,전기 자전거,남성,40대,자녀 유아기(막내가 초등학교 입학 전),400만원 내외,자영업,전북
34855,20230701,전기 자전거,남성,50대,자녀 성인기(막내가 대학생～결혼 전),700만원 내외,기술/숙련직,경기
34869,20230701,전동 킥보드,여성,40대,자녀 성장기(막내가 초등학생～고등학생),700만원 내외,기술/숙련직,대전
34878,20230701,전동 휠,여성,40대,자녀 성장기(막내가 초등학생～고등학생),500만원 내외,일반 공무원/준공무원,인천
34920,20230701,전기 자전거,남성,40대,자녀 성장기(막내가 초등학생～고등학생),600만원 내외,일반 공무원/준공무원,경기
34931,20230701,전동 킥보드,여성,20대,자녀 성인기(막내가 대학생～결혼 전),300만원 내외,기술/숙련직,경기
34964,20230701,"오토바이(바이크, 스쿠터)",남성,50대,자녀 유아기(막내가 초등학교 입학 전),600만원 내외,자영업,대구
34972,20230701,전동 킥보드,남성,40대,자녀 성장기(막내가 초등학생～고등학생),700만원 내외,사무직,경기
34974,20230701,"오토바이(바이크, 스쿠터)",남성,50대,자녀 성인기(막내가 대학생～결혼 전),700만원 내외,기술/숙련직,대전
34990,20230701,전기 자전거,남성,60대 이상,자녀 독립기(막내가 결혼한 상태),400만원 내외,무직/기타,강원
35008,20230701,전기 자전거,남성,60대 이상,신혼기 초과(자녀없음),모름,무직/기타,대구
35060,20230701,전동 휠,여성,40대,1인 가구,300만원 내외,일반 공무원/준공무원,부산
35070,20230701,"오토바이(바이크, 스쿠터)",여성,60대 이상,자녀 성인기(막내가 대학생～결혼 전),800만원 내외,전업주부,경기
35138,20230701,전기 자전거,남성,50대,자녀 성장기(막내가 초등학생～고등학생),500만원 내외,사무직,경기
35192,20230701,전동 킥보드,여성,40대,자녀 성장기(막내가 초등학생～고등학생),"1,000만원 내외",사무직,전북
35202,20230701,"오토바이(바이크, 스쿠터)",남성,40대,1인 가구,700만원 내외,자영업,서울
35217,20230701,"오토바이(바이크, 스쿠터)",남성,30대,자녀 유아기(막내가 초등학교 입학 전),"1,600~2,000만원 내외",전문직,서울
35304,20230701,전동 킥보드,여성,40대,자녀 성장기(막내가 초등학생～고등학생),400만원 내외,전업주부,경기
35351,20230701,전동 휠,남성,40대,1인 가구,400만원 내외,일반 공무원/준공무원,경기
35440,20230701,전동 킥보드,남성,40대,1인 가구,"2,100만원 이상",기술/숙련직,경기
35495,20230701,"오토바이(바이크, 스쿠터)",남성,40대,자녀 유아기(막내가 초등학교 입학 전),700만원 내외,일반 공무원/준공무원,서울
35509,20230701,"오토바이(바이크, 스쿠터)",남성,40대,자녀 유아기(막내가 초등학교 입학 전),600만원 내외,기술/숙련직,대전
35526,20230701,"오토바이(바이크, 스쿠터)",남성,30대,자녀 성장기(막내가 초등학생～고등학생),300만원 내외,기술/숙련직,서울
35533,20230701,전기 자전거,남성,60대 이상,자녀 독립기(막내가 결혼한 상태),100만원 이하,기술/숙련직,경기
35540,20230701,전동 킥보드,남성,50대,자녀 성인기(막내가 대학생～결혼 전),"1,000만원 내외",자영업,경기
35555,20230701,전동 킥보드,남성,60대 이상,자녀 독립기(막내가 결혼한 상태),500만원 내외,무직/기타,경남
35611,20230701,"오토바이(바이크, 스쿠터)",남성,60대 이상,자녀 성인기(막내가 대학생～결혼 전),500만원 내외,무직/기타,경남
35627,20230701,전동 스쿠터,여성,20대,신혼기(자녀없음),300만원 내외,기술/숙련직,광주
35630,20230701,"오토바이(바이크, 스쿠터)",남성,50대,자녀 성인기(막내가 대학생～결혼 전),800만원 내외,사무직,서울
35635,20230701,전기 자전거,남성,50대,자녀 성인기(막내가 대학생～결혼 전),"1,100~1,500만원 내외",판매/서비스직,부산
35677,20230701,전동 스케이트보드,남성,40대,자녀 성장기(막내가 초등학생～고등학생),"1,000만원 내외",경영/관리직,인천
35749,20230701,전기 자전거,여성,60대 이상,자녀 성인기(막내가 대학생～결혼 전),500만원 내외,전업주부,서울
35754,20230701,전동 스케이트보드,남성,50대,자녀 성장기(막내가 초등학생～고등학생),"2,100만원 이상",기술/숙련직,경기
35757,20230701,전기 자전거,남성,60대 이상,자녀 독립기(막내가 결혼한 상태),800만원 내외,사무직,대구
35795,20230701,"오토바이(바이크, 스쿠터)",남성,50대,신혼기 초과(자녀없음),500만원 내외,자영업,서울
35799,20230701,"오토바이(바이크, 스쿠터)",여성,50대,자녀 성인기(막내가 대학생～결혼 전),600만원 내외,자영업,대구
35807,20230701,"오토바이(바이크, 스쿠터)",여성,50대,신혼기 초과(자녀없음),800만원 내외,자영업,부산
35841,20230701,전기 자전거,남성,40대,자녀 성장기(막내가 초등학생～고등학생),600만원 내외,기술/숙련직,서울
35861,20230701,전기 자전거,남성,20대,자녀 성인기(막내가 대학생～결혼 전),"1,600~2,000만원 내외",무직/기타,경기
35866,20230701,전동 킥보드,남성,40대,자녀 유아기(막내가 초등학교 입학 전),500만원 내외,일반 공무원/준공무원,충북
35875,20230701,전동 킥보드,남성,20대,1인 가구,400만원 내외,기술/숙련직,대구
35908,20230701,"오토바이(바이크, 스쿠터)",남성,50대,자녀 성인기(막내가 대학생～결혼 전),700만원 내외,판매/서비스직,대전
35925,20230701,전기 자전거,남성,50대,자녀 독립기(막내가 결혼한 상태),500만원 내외,기술/숙련직,인천
35926,20230701,"오토바이(바이크, 스쿠터)",여성,50대,자녀 성인기(막내가 대학생～결혼 전),500만원 내외,판매/서비스직,경기
35946,20230701,전동 킥보드,여성,40대,자녀 성장기(막내가 초등학생～고등학생),500만원 내외,기술/숙련직,경기
35965,20230701,전동 킥보드,남성,40대,자녀 성장기(막내가 초등학생～고등학생),400만원 내외,판매/서비스직,경기
35984,20230701,전기 자전거,남성,40대,자녀 성장기(막내가 초등학생～고등학생),500만원 내외,기술/숙련직,경기
35990,20230701,전기 자전거,남성,40대,자녀 성장기(막내가 초등학생～고등학생),200만원 내외,기술/숙련직,경남
35997,20230701,"오토바이(바이크, 스쿠터)",남성,60대 이상,자녀 성인기(막내가 대학생～결혼 전),400만원 내외,무직/기타,서울
36000,20230701,"오토바이(바이크, 스쿠터)",남성,30대,자녀 유아기(막내가 초등학교 입학 전),600만원 내외,일반 공무원/준공무원,서울
36001,20230701,전동 킥보드,남성,40대,1인 가구,300만원 내외,기술/숙련직,강원
36024,20230701,"오토바이(바이크, 스쿠터)",남성,60대 이상,자녀 독립기(막내가 결혼한 상태),500만원 내외,기술/숙련직,인천
36027,20230701,전기 자전거,남성,40대,자녀 성장기(막내가 초등학생～고등학생),900만원 내외,일반 공무원/준공무원,대전
36033,20230701,전동 킥보드,여성,40대,1인 가구,200만원 내외,무직/기타,세종
36062,20230701,전동 킥보드,여성,40대,자녀 성장기(막내가 초등학생～고등학생),600만원 내외,사무직,경기
36083,20230701,전동 킥보드,남성,20대,1인 가구,800만원 내외,학생,경기
36119,20230701,전기 자전거,남성,40대,신혼기 초과(자녀없음),600만원 내외,경영/관리직,강원
36122,20230701,전기 자전거,여성,30대,자녀 유아기(막내가 초등학교 입학 전),500만원 내외,자영업,강원
36135,20230701,전동 킥보드,여성,50대,자녀 성인기(막내가 대학생～결혼 전),600만원 내외,판매/서비스직,경기
36186,20230701,전동 킥보드,남성,40대,1인 가구,100만원 이하,기술/숙련직,경기
36211,20230701,전기 자전거,남성,50대,자녀 성인기(막내가 대학생～결혼 전),"1,000만원 내외",자영업,경기
36227,20230701,전기 자전거,남성,30대,자녀 유아기(막내가 초등학교 입학 전),400만원 내외,일반 공무원/준공무원,경남
36249,20230701,전동 스케이트보드,남성,50대,자녀 성인기(막내가 대학생～결혼 전),"1,100~1,500만원 내외",경영/관리직,경기
36295,20230701,전기 자전거,남성,60대 이상,자녀 독립기(막내가 결혼한 상태),"1,000만원 내외",무직/기타,부산
36303,20230701,전동 킥보드,남성,40대,1인 가구,500만원 내외,사무직,부산
36304,20230701,"오토바이(바이크, 스쿠터)",남성,40대,자녀 성장기(막내가 초등학생～고등학생),"1,000만원 내외",자영업,경기
36327,20230701,전동 킥보드,여성,40대,자녀 성장기(막내가 초등학생～고등학생),200만원 내외,전업주부,경기
36385,20230701,"오토바이(바이크, 스쿠터)",남성,50대,1인 가구,400만원 내외,자영업,서울
36421,20230701,전동 킥보드,남성,40대,자녀 유아기(막내가 초등학교 입학 전),400만원 내외,기술/숙련직,인천
36423,20230701,전기 자전거,남성,50대,자녀 성장기(막내가 초등학생～고등학생),700만원 내외,경영/관리직,경기
36425,20230701,전동 킥보드,여성,40대,자녀 유아기(막내가 초등학교 입학 전),400만원 내외,자영업,전남
36466,20230701,"오토바이(바이크, 스쿠터)",남성,40대,신혼기(자녀없음),700만원 내외,기술/숙련직,경기
36480,20230701,전동 킥보드,남성,40대,1인 가구,700만원 내외,전문직,경기
36527,20230701,전동 휠,여성,30대,신혼기(자녀없음),"1,600~2,000만원 내외",경영/관리직,부산
36540,20230701,전기 자전거,남성,40대,자녀 성장기(막내가 초등학생～고등학생),500만원 내외,기술/숙련직,강원
36551,20230701,전동 킥보드,여성,30대,자녀 성장기(막내가 초등학생～고등학생),600만원 내외,전업주부,경기
36564,20230701,"오토바이(바이크, 스쿠터)",여성,50대,자녀 성인기(막내가 대학생～결혼 전),100만원 이하,전업주부,경남
36584,20230701,전동 킥보드,여성,20대,자녀 성인기(막내가 대학생～결혼 전),600만원 내외,전문직,서울
36626,20230701,"오토바이(바이크, 스쿠터)",남성,40대,1인 가구,400만원 내외,무직/기타,부산
36629,20230701,전기 자전거,남성,50대,자녀 성인기(막내가 대학생～결혼 전),500만원 내외,기술/숙련직,대구
36636,20230701,전기 자전거,남성,30대,1인 가구,300만원 내외,일반 공무원/준공무원,경기
36637,20230701,전동 킥보드,여성,40대,자녀 성장기(막내가 초등학생～고등학생),400만원 내외,자영업,전남
36639,20230701,전동 스케이트보드,남성,40대,자녀 성장기(막내가 초등학생～고등학생),400만원 내외,경영/관리직,인천
36653,20230701,전기 자전거,남성,40대,자녀 성장기(막내가 초등학생～고등학생),700만원 내외,사무직,경기
36656,20230701,"오토바이(바이크, 스쿠터)",여성,30대,자녀 유아기(막내가 초등학교 입학 전),900만원 내외,전업주부,부산
36666,20230701,전동 킥보드,남성,40대,자녀 성장기(막내가 초등학생～고등학생),500만원 내외,사무직,서울
36670,20230701,전기 자전거,남성,40대,자녀 성인기(막내가 대학생～결혼 전),400만원 내외,기술/숙련직,서울
36689,20230701,전동 킥보드,남성,40대,자녀 유아기(막내가 초등학교 입학 전),800만원 내외,전문직,경기
36691,20230701,전기 자전거,남성,40대,자녀 성장기(막내가 초등학생～고등학생),800만원 내외,일반 공무원/준공무원,인천
36693,20230701,전기 자전거,남성,50대,자녀 성인기(막내가 대학생～결혼 전),"1,000만원 내외",일반 공무원/준공무원,대구
36727,20230701,전동 스케이트보드,남성,40대,자녀 유아기(막내가 초등학교 입학 전),"1,100~1,500만원 내외",학생,대구
36734,20230701,"오토바이(바이크, 스쿠터)",남성,50대,자녀 독립기(막내가 결혼한 상태),"1,000만원 내외",무직/기타,부산
36758,20230701,전동 킥보드,여성,40대,자녀 유아기(막내가 초등학교 입학 전),500만원 내외,사무직,서울
36760,20230701,"오토바이(바이크, 스쿠터)",남성,40대,1인 가구,400만원 내외,기술/숙련직,경기
36808,20230701,전기 자전거,여성,50대,자녀 독립기(막내가 결혼한 상태),600만원 내외,전업주부,경기
36849,20230701,"오토바이(바이크, 스쿠터)",남성,40대,자녀 성인기(막내가 대학생～결혼 전),700만원 내외,기술/숙련직,대전
36857,20230701,"오토바이(바이크, 스쿠터)",남성,50대,자녀 성장기(막내가 초등학생～고등학생),800만원 내외,기술/숙련직,부산
36896,20230701,전기 자전거,여성,60대 이상,자녀 성인기(막내가 대학생～결혼 전),400만원 내외,전문직,경기
36901,20230701,전동 킥보드,여성,20대,1인 가구,400만원 내외,자영업,대전
36948,20230701,전동 킥보드,여성,40대,자녀 성장기(막내가 초등학생～고등학생),800만원 내외,판매/서비스직,대구
36971,20230701,"오토바이(바이크, 스쿠터)",남성,30대,자녀 성장기(막내가 초등학생～고등학생),500만원 내외,기술/숙련직,충남
36990,20230701,전동 휠,여성,50대,자녀 성장기(막내가 초등학생～고등학생),800만원 내외,전업주부,경기
37000,20230701,전동 킥보드,남성,30대,신혼기(자녀없음),700만원 내외,기술/숙련직,경기
37008,20230701,"오토바이(바이크, 스쿠터)",남성,60대 이상,자녀 독립기(막내가 결혼한 상태),600만원 내외,자영업,부산
37040,20230701,"오토바이(바이크, 스쿠터)",여성,40대,자녀 성장기(막내가 초등학생～고등학생),800만원 내외,사무직,전북
37047,20230701,"오토바이(바이크, 스쿠터)",남성,40대,자녀 성장기(막내가 초등학생～고등학생),600만원 내외,기술/숙련직,서울
37053,20230701,전동 휠,여성,30대,자녀 성인기(막내가 대학생～결혼 전),900만원 내외,일반 공무원/준공무원,인천
37058,20230701,"오토바이(바이크, 스쿠터)",남성,30대,신혼기 초과(자녀없음),"1,100~1,500만원 내외",전문직,경남
37129,20230701,전동 휠,여성,30대,자녀 독립기(막내가 결혼한 상태),600만원 내외,전문직,경기
37132,20230701,"오토바이(바이크, 스쿠터)",남성,40대,자녀 유아기(막내가 초등학교 입학 전),300만원 내외,판매/서비스직,부산
37160,20230701,"오토바이(바이크, 스쿠터)",여성,40대,신혼기(자녀없음),400만원 내외,자영업,경기
37175,20230701,"오토바이(바이크, 스쿠터)",남성,60대 이상,자녀 독립기(막내가 결혼한 상태),900만원 내외,자영업,경북
37178,20230701,전동 킥보드,남성,30대,신혼기(자녀없음),500만원 내외,자영업,충북
37191,20230701,전동 스케이트보드,여성,30대,자녀 성인기(막내가 대학생～결혼 전),"1,100~1,500만원 내외",판매/서비스직,서울
37206,20230701,"오토바이(바이크, 스쿠터)",남성,50대,자녀 성인기(막내가 대학생～결혼 전),500만원 내외,일반 공무원/준공무원,경기
37217,20230701,"오토바이(바이크, 스쿠터)",남성,50대,자녀 성장기(막내가 초등학생～고등학생),700만원 내외,판매/서비스직,경기
37227,20230701,전기 자전거,여성,50대,자녀 성인기(막내가 대학생～결혼 전),500만원 내외,사무직,서울
37243,20230701,전기 자전거,남성,60대 이상,자녀 성인기(막내가 대학생～결혼 전),"1,100~1,500만원 내외",경영/관리직,경기
37263,20230701,전동 킥보드,남성,40대,자녀 유아기(막내가 초등학교 입학 전),400만원 내외,일반 공무원/준공무원,경기
37281,20230701,전기 자전거,남성,60대 이상,자녀 독립기(막내가 결혼한 상태),600만원 내외,판매/서비스직,전남
37282,20230701,전동 스쿠터,여성,40대,1인 가구,500만원 내외,판매/서비스직,경기
37313,20230701,전동 킥보드,남성,40대,자녀 유아기(막내가 초등학교 입학 전),800만원 내외,전문직,서울
37381,20230701,"오토바이(바이크, 스쿠터)",남성,20대,자녀 성인기(막내가 대학생～결혼 전),모름,무직/기타,부산
37384,20230701,전기 자전거,여성,40대,자녀 유아기(막내가 초등학교 입학 전),400만원 내외,판매/서비스직,부산
37391,20230701,"오토바이(바이크, 스쿠터)",남성,50대,자녀 성인기(막내가 대학생～결혼 전),300만원 내외,무직/기타,인천
37397,20230701,전동 킥보드,남성,50대,자녀 성인기(막내가 대학생～결혼 전),600만원 내외,기술/숙련직,대전
37418,20230701,전기 자전거,남성,60대 이상,자녀 성인기(막내가 대학생～결혼 전),700만원 내외,기술/숙련직,인천
37422,20230701,"오토바이(바이크, 스쿠터)",남성,40대,1인 가구,400만원 내외,사무직,울산
37423,20230701,"오토바이(바이크, 스쿠터)",남성,50대,자녀 성인기(막내가 대학생～결혼 전),800만원 내외,기술/숙련직,충북
37429,20230701,전동 킥보드,남성,30대,1인 가구,400만원 내외,일반 공무원/준공무원,경남
37435,20230701,전기 자전거,남성,60대 이상,자녀 독립기(막내가 결혼한 상태),800만원 내외,기술/숙련직,울산
37451,20230701,전동 스케이트보드,남성,50대,자녀 성장기(막내가 초등학생～고등학생),"1,000만원 내외",사무직,인천
37460,20230701,"오토바이(바이크, 스쿠터)",남성,50대,자녀 성장기(막내가 초등학생～고등학생),500만원 내외,사무직,인천
37498,20230701,전기 자전거,여성,20대,자녀 성인기(막내가 대학생～결혼 전),500만원 내외,사무직,경기
37522,20230701,"오토바이(바이크, 스쿠터)",여성,30대,신혼기(자녀없음),400만원 내외,전업주부,서울
37527,20230701,"오토바이(바이크, 스쿠터)",여성,30대,자녀 유아기(막내가 초등학교 입학 전),800만원 내외,사무직,서울
37529,20230701,전동 스케이트보드,여성,40대,신혼기 초과(자녀없음),600만원 내외,사무직,경기
37538,20230701,"오토바이(바이크, 스쿠터)",남성,40대,신혼기(자녀없음),400만원 내외,자영업,서울
37581,20230701,전기 자전거,남성,30대,1인 가구,500만원 내외,자영업,대전
37598,20230701,전동 스케이트보드,남성,30대,자녀 유아기(막내가 초등학교 입학 전),400만원 내외,기술/숙련직,서울
37652,20230701,"오토바이(바이크, 스쿠터)",남성,40대,자녀 성장기(막내가 초등학생～고등학생),"2,100만원 이상",자영업,경기
37659,20230701,전기 자전거,여성,20대,자녀 유아기(막내가 초등학교 입학 전),600만원 내외,자영업,경남
37676,20230701,전동 킥보드,남성,40대,1인 가구,600만원 내외,자영업,충북
37687,20230701,전동 휠,남성,40대,자녀 성장기(막내가 초등학생～고등학생),500만원 내외,일반 공무원/준공무원,경북
37701,20230701,전기 자전거,남성,40대,자녀 성인기(막내가 대학생～결혼 전),600만원 내외,일반 공무원/준공무원,부산
37703,20230701,전동 스쿠터,여성,50대,자녀 성인기(막내가 대학생～결혼 전),700만원 내외,판매/서비스직,울산
37768,20230701,"오토바이(바이크, 스쿠터)",남성,50대,자녀 성인기(막내가 대학생～결혼 전),"1,100~1,500만원 내외",자영업,경기
37771,20230701,전동 킥보드,남성,40대,자녀 성장기(막내가 초등학생～고등학생),800만원 내외,자영업,인천
37781,20230701,전기 자전거,여성,40대,자녀 성장기(막내가 초등학생～고등학생),500만원 내외,전업주부,광주
37799,20230701,전동 킥보드,여성,30대,자녀 성장기(막내가 초등학생～고등학생),600만원 내외,판매/서비스직,부산
37808,20230701,전기 자전거,남성,50대,1인 가구,400만원 내외,기술/숙련직,대전
37825,20230701,전동 휠,여성,40대,자녀 성장기(막내가 초등학생～고등학생),600만원 내외,일반 공무원/준공무원,강원
37848,20230701,전동 스쿠터,남성,60대 이상,자녀 독립기(막내가 결혼한 상태),500만원 내외,자영업,경남
37885,20230701,전동 휠,남성,50대,자녀 성장기(막내가 초등학생～고등학생),600만원 내외,사무직,대구
37894,20230701,"오토바이(바이크, 스쿠터)",남성,20대,자녀 유아기(막내가 초등학교 입학 전),500만원 내외,일반 공무원/준공무원,서울
37992,20230701,"오토바이(바이크, 스쿠터)",남성,30대,자녀 성장기(막내가 초등학생～고등학생),600만원 내외,사무직,서울
38018,20230701,"오토바이(바이크, 스쿠터)",여성,50대,자녀 성인기(막내가 대학생～결혼 전),700만원 내외,무직/기타,경남
38059,20230701,전동 킥보드,남성,40대,자녀 성장기(막내가 초등학생～고등학생),400만원 내외,사무직,광주
38062,20230701,전기 자전거,남성,30대,자녀 유아기(막내가 초등학교 입학 전),600만원 내외,사무직,경기
38074,20230701,"오토바이(바이크, 스쿠터)",남성,40대,1인 가구,300만원 내외,판매/서비스직,제주
38086,20230701,"오토바이(바이크, 스쿠터)",남성,60대 이상,자녀 성인기(막내가 대학생～결혼 전),600만원 내외,기술/숙련직,부산
38109,20230701,전동 킥보드,남성,30대,1인 가구,200만원 내외,자영업,서울
38119,20230701,"오토바이(바이크, 스쿠터)",남성,30대,자녀 성장기(막내가 초등학생～고등학생),600만원 내외,판매/서비스직,경기
38121,20230701,전기 자전거,남성,40대,자녀 성장기(막내가 초등학생～고등학생),500만원 내외,사무직,강원
38133,20230701,"오토바이(바이크, 스쿠터)",남성,50대,자녀 성인기(막내가 대학생～결혼 전),500만원 내외,자영업,부산
38148,20230701,"오토바이(바이크, 스쿠터)",여성,40대,자녀 성장기(막내가 초등학생～고등학생),700만원 내외,사무직,서울
38174,20230701,"오토바이(바이크, 스쿠터)",여성,20대,1인 가구,400만원 내외,사무직,서울
38202,20230701,전동 킥보드,여성,40대,자녀 성장기(막내가 초등학생～고등학생),600만원 내외,사무직,서울
38205,20230701,"오토바이(바이크, 스쿠터)",여성,30대,자녀 유아기(막내가 초등학교 입학 전),500만원 내외,전업주부,전북
38213,20230701,전동 킥보드,남성,40대,자녀 성장기(막내가 초등학생～고등학생),200만원 내외,무직/기타,경기
38216,20230701,전동 킥보드,남성,50대,자녀 독립기(막내가 결혼한 상태),400만원 내외,사무직,경남
38250,20230701,전동 스쿠터,남성,40대,신혼기 초과(자녀없음),500만원 내외,사무직,경기
38260,20230701,전동 킥보드,남성,40대,1인 가구,500만원 내외,기술/숙련직,경기
38267,20230701,전동 킥보드,남성,40대,신혼기 초과(자녀없음),"1,600~2,000만원 내외",판매/서비스직,경기
38290,20230701,전동 킥보드,남성,30대,1인 가구,"1,600~2,000만원 내외",자영업,전남
38327,20230701,전기 자전거,여성,40대,자녀 성장기(막내가 초등학생～고등학생),600만원 내외,전업주부,경남
38407,20230701,전동 킥보드,남성,40대,자녀 유아기(막내가 초등학교 입학 전),600만원 내외,사무직,충북
38479,20230701,전기 자전거,여성,50대,자녀 독립기(막내가 결혼한 상태),500만원 내외,자영업,대구
38490,20230701,"오토바이(바이크, 스쿠터)",남성,40대,자녀 성인기(막내가 대학생～결혼 전),500만원 내외,일반 공무원/준공무원,경북
38514,20230701,전동 킥보드,남성,40대,자녀 성장기(막내가 초등학생～고등학생),700만원 내외,일반 공무원/준공무원,세종
38529,20230701,"오토바이(바이크, 스쿠터)",남성,50대,신혼기(자녀없음),100만원 이하,자영업,강원
38564,20230701,전동 킥보드,남성,40대,자녀 성장기(막내가 초등학생～고등학생),700만원 내외,자영업,서울
38569,20230701,전동 킥보드,남성,40대,1인 가구,400만원 내외,기술/숙련직,인천
38573,20230701,전동 킥보드,여성,40대,자녀 성장기(막내가 초등학생～고등학생),400만원 내외,일반 공무원/준공무원,인천
38577,20230701,전기 자전거,남성,50대,자녀 성인기(막내가 대학생～결혼 전),500만원 내외,자영업,경기
38584,20230701,전동 킥보드,남성,30대,자녀 성인기(막내가 대학생～결혼 전),모름,자영업,대전
38590,20230701,"오토바이(바이크, 스쿠터)",남성,40대,자녀 성장기(막내가 초등학생～고등학생),800만원 내외,기술/숙련직,울산
38642,20230701,"오토바이(바이크, 스쿠터)",여성,50대,자녀 성인기(막내가 대학생～결혼 전),"1,000만원 내외",자영업,전북
38658,20230701,전기 자전거,남성,60대 이상,자녀 성인기(막내가 대학생～결혼 전),모름,무직/기타,경기
38675,20230701,전기 자전거,남성,60대 이상,자녀 독립기(막내가 결혼한 상태),700만원 내외,경영/관리직,강원
38713,20230701,전동 스쿠터,여성,30대,자녀 유아기(막내가 초등학교 입학 전),600만원 내외,사무직,경기
38762,20230701,"오토바이(바이크, 스쿠터)",남성,50대,1인 가구,모름,자영업,서울
38871,20230701,전기 자전거,남성,40대,1인 가구,400만원 내외,자영업,경기
38873,20230701,전동 스케이트보드,남성,40대,신혼기 초과(자녀없음),600만원 내외,사무직,경기
38885,20230701,전동 킥보드,남성,30대,자녀 성장기(막내가 초등학생～고등학생),800만원 내외,판매/서비스직,경북
38909,20230701,전기 자전거,남성,60대 이상,1인 가구,500만원 내외,자영업,인천
38936,20230701,전기 자전거,여성,40대,1인 가구,400만원 내외,사무직,경남
38941,20230701,전동 킥보드,남성,50대,자녀 성장기(막내가 초등학생～고등학생),700만원 내외,전문직,경기
38942,20230701,"오토바이(바이크, 스쿠터)",남성,40대,자녀 성장기(막내가 초등학생～고등학생),"1,000만원 내외",판매/서비스직,경기
38950,20230701,전동 스케이트보드,여성,20대,1인 가구,200만원 내외,사무직,충남
38970,20230701,전기 자전거,남성,50대,자녀 성인기(막내가 대학생～결혼 전),700만원 내외,기술/숙련직,대구
39008,20230701,전동 킥보드,남성,30대,자녀 성장기(막내가 초등학생～고등학생),600만원 내외,일반 공무원/준공무원,대구
39038,20230701,전동 스케이트보드,여성,30대,자녀 유아기(막내가 초등학교 입학 전),800만원 내외,사무직,서울
39045,20230701,전기 자전거,남성,50대,자녀 성인기(막내가 대학생～결혼 전),"1,000만원 내외",자영업,서울
39054,20230701,"오토바이(바이크, 스쿠터)",남성,40대,자녀 성장기(막내가 초등학생～고등학생),"1,000만원 내외",판매/서비스직,서울
39059,20230701,"오토바이(바이크, 스쿠터)",남성,60대 이상,자녀 성인기(막내가 대학생～결혼 전),"1,600~2,000만원 내외",경영/관리직,서울
39095,20230701,전동 킥보드,남성,60대 이상,자녀 성인기(막내가 대학생～결혼 전),300만원 내외,무직/기타,경기
39121,20230701,전기 자전거,남성,50대,자녀 성장기(막내가 초등학생～고등학생),500만원 내외,기술/숙련직,서울
39172,20230701,전동 스케이트보드,남성,50대,자녀 유아기(막내가 초등학교 입학 전),500만원 내외,기술/숙련직,경기
39217,20230701,전동 스쿠터,남성,60대 이상,자녀 성인기(막내가 대학생～결혼 전),500만원 내외,무직/기타,강원
39235,20230701,전기 자전거,남성,30대,자녀 성장기(막내가 초등학생～고등학생),400만원 내외,무직/기타,경기
39254,20230701,"오토바이(바이크, 스쿠터)",남성,40대,자녀 유아기(막내가 초등학교 입학 전),400만원 내외,기술/숙련직,경기
39270,20230701,"오토바이(바이크, 스쿠터)",남성,40대,자녀 성장기(막내가 초등학생～고등학생),500만원 내외,기술/숙련직,경기
39289,20230701,전기 자전거,남성,40대,자녀 성장기(막내가 초등학생～고등학생),500만원 내외,사무직,서울
39297,20230701,전기 자전거,여성,30대,자녀 성인기(막내가 대학생～결혼 전),800만원 내외,사무직,서울
39573,20230701,전기 자전거,여성,30대,자녀 유아기(막내가 초등학교 입학 전),400만원 내외,무직/기타,경북
39589,20230701,전동 킥보드,여성,30대,자녀 성인기(막내가 대학생～결혼 전),"1,100~1,500만원 내외",기술/숙련직,서울
39667,20230701,전기 자전거,남성,50대,1인 가구,300만원 내외,기술/숙련직,전남
39816,20230701,"오토바이(바이크, 스쿠터)",남성,30대,자녀 독립기(막내가 결혼한 상태),"1,100~1,500만원 내외",사무직,충북
39817,20230701,전동 킥보드,여성,30대,자녀 성장기(막내가 초등학생～고등학생),800만원 내외,사무직,서울
39830,20230701,전동 킥보드,여성,20대,자녀 성인기(막내가 대학생～결혼 전),700만원 내외,판매/서비스직,경남
39839,20230701,전기 자전거,남성,20대,1인 가구,200만원 내외,사무직,서울
39848,20230701,전기 자전거,여성,30대,1인 가구,"1,600~2,000만원 내외",판매/서비스직,서울
39867,20230701,"오토바이(바이크, 스쿠터)",남성,60대 이상,자녀 성인기(막내가 대학생～결혼 전),500만원 내외,무직/기타,경남
39889,20230701,"오토바이(바이크, 스쿠터)",남성,50대,1인 가구,400만원 내외,기술/숙련직,서울
39901,20230701,전기 자전거,남성,50대,1인 가구,400만원 내외,기술/숙련직,경북
39902,20230701,전동 킥보드,남성,50대,1인 가구,400만원 내외,기술/숙련직,전북
39914,20230701,전기 자전거,남성,60대 이상,자녀 성인기(막내가 대학생～결혼 전),700만원 내외,무직/기타,울산
39920,20230701,전기 자전거,남성,60대 이상,자녀 독립기(막내가 결혼한 상태),200만원 내외,무직/기타,경기
40007,20230701,전기 자전거,여성,30대,자녀 성인기(막내가 대학생～결혼 전),700만원 내외,사무직,충북
40023,20230701,전기 자전거,남성,60대 이상,자녀 성인기(막내가 대학생～결혼 전),700만원 내외,무직/기타,서울
40063,20230701,전동 킥보드,남성,50대,자녀 성인기(막내가 대학생～결혼 전),600만원 내외,기술/숙련직,서울
40106,20230701,전기 자전거,남성,30대,자녀 성인기(막내가 대학생～결혼 전),700만원 내외,일반 공무원/준공무원,부산
40134,20230701,전동 킥보드,남성,60대 이상,자녀 독립기(막내가 결혼한 상태),700만원 내외,무직/기타,세종
40172,20230701,전동 킥보드,남성,40대,자녀 성장기(막내가 초등학생～고등학생),500만원 내외,사무직,서울
40181,20230701,전기 자전거,남성,60대 이상,1인 가구,400만원 내외,전문직,경기
40189,20230701,"오토바이(바이크, 스쿠터)",남성,50대,자녀 성장기(막내가 초등학생～고등학생),900만원 내외,기술/숙련직,충남
40248,20230701,전기 자전거,남성,40대,1인 가구,500만원 내외,사무직,전남
40271,20230701,전동 킥보드,남성,40대,자녀 유아기(막내가 초등학교 입학 전),500만원 내외,자영업,광주
40289,20230701,"오토바이(바이크, 스쿠터)",여성,60대 이상,자녀 독립기(막내가 결혼한 상태),500만원 내외,자영업,경북
40300,20230701,전동 킥보드,남성,40대,자녀 성장기(막내가 초등학생～고등학생),400만원 내외,사무직,대구
40328,20230701,전기 자전거,남성,60대 이상,자녀 독립기(막내가 결혼한 상태),600만원 내외,자영업,인천
40345,20230701,전기 자전거,남성,40대,자녀 유아기(막내가 초등학교 입학 전),800만원 내외,사무직,경기
40413,20230701,전기 자전거,남성,60대 이상,자녀 독립기(막내가 결혼한 상태),300만원 내외,무직/기타,광주
40419,20230701,전기 자전거,남성,60대 이상,자녀 독립기(막내가 결혼한 상태),"1,000만원 내외",전문직,충북
40453,20230701,전기 자전거,남성,50대,자녀 성인기(막내가 대학생～결혼 전),"1,000만원 내외",판매/서비스직,전남
40472,20230701,"오토바이(바이크, 스쿠터)",남성,60대 이상,자녀 성인기(막내가 대학생～결혼 전),"1,000만원 내외",경영/관리직,서울
40512,20230701,"오토바이(바이크, 스쿠터)",남성,50대,자녀 성장기(막내가 초등학생～고등학생),"2,100만원 이상",자영업,서울
40517,20230701,전기 자전거,여성,40대,자녀 성장기(막내가 초등학생～고등학생),700만원 내외,일반 공무원/준공무원,경기
40537,20230701,"오토바이(바이크, 스쿠터)",남성,40대,1인 가구,300만원 내외,기술/숙련직,서울
40556,20230701,전기 자전거,남성,50대,1인 가구,300만원 내외,무직/기타,서울
40592,20230701,전동 킥보드,여성,30대,자녀 유아기(막내가 초등학교 입학 전),400만원 내외,전업주부,경기
40601,20230701,"오토바이(바이크, 스쿠터)",남성,60대 이상,자녀 독립기(막내가 결혼한 상태),800만원 내외,전문직,대전
40611,20230701,"오토바이(바이크, 스쿠터)",남성,50대,자녀 성인기(막내가 대학생～결혼 전),"1,000만원 내외",일반 공무원/준공무원,서울
40618,20230701,"오토바이(바이크, 스쿠터)",남성,50대,자녀 성인기(막내가 대학생～결혼 전),500만원 내외,기술/숙련직,경기
40629,20230701,전기 자전거,남성,60대 이상,자녀 독립기(막내가 결혼한 상태),300만원 내외,무직/기타,대전
40630,20230701,"오토바이(바이크, 스쿠터)",남성,40대,자녀 성장기(막내가 초등학생～고등학생),500만원 내외,사무직,충남
40631,20230701,전기 자전거,남성,30대,자녀 유아기(막내가 초등학교 입학 전),600만원 내외,자영업,경기
40655,20230701,전기 자전거,남성,50대,자녀 성인기(막내가 대학생～결혼 전),300만원 내외,자영업,대구
40669,20230701,전기 자전거,남성,50대,자녀 성인기(막내가 대학생～결혼 전),500만원 내외,사무직,충남
40678,20230701,"오토바이(바이크, 스쿠터)",남성,50대,자녀 성인기(막내가 대학생～결혼 전),700만원 내외,기술/숙련직,부산
40699,20230701,전동 스케이트보드,남성,60대 이상,자녀 성인기(막내가 대학생～결혼 전),600만원 내외,자영업,서울
40732,20230701,전기 자전거,남성,50대,자녀 성인기(막내가 대학생～결혼 전),500만원 내외,기술/숙련직,경기
40768,20230701,전동 킥보드,여성,30대,자녀 성장기(막내가 초등학생～고등학생),600만원 내외,전업주부,경북
40816,20230701,"오토바이(바이크, 스쿠터)",남성,50대,자녀 성장기(막내가 초등학생～고등학생),500만원 내외,자영업,부산
40841,20230701,전기 자전거,여성,60대 이상,자녀 성인기(막내가 대학생～결혼 전),600만원 내외,무직/기타,경기
40856,20230701,"오토바이(바이크, 스쿠터)",남성,50대,신혼기 초과(자녀없음),"1,000만원 내외",사무직,경남
40875,20230701,"오토바이(바이크, 스쿠터)",남성,50대,자녀 성인기(막내가 대학생～결혼 전),"1,600~2,000만원 내외",경영/관리직,대구
40900,20230701,전동 킥보드,남성,50대,자녀 성인기(막내가 대학생～결혼 전),"1,100~1,500만원 내외",경영/관리직,서울
40914,20230701,전기 자전거,남성,50대,자녀 성장기(막내가 초등학생～고등학생),700만원 내외,일반 공무원/준공무원,충남
40919,20230701,"오토바이(바이크, 스쿠터)",남성,50대,자녀 성인기(막내가 대학생～결혼 전),800만원 내외,기술/숙련직,울산
40936,20230701,전동 킥보드,남성,50대,자녀 성장기(막내가 초등학생～고등학생),600만원 내외,기술/숙련직,전북
40942,20230701,"오토바이(바이크, 스쿠터)",남성,60대 이상,자녀 성인기(막내가 대학생～결혼 전),모름,무직/기타,경기
40958,20230701,전동 스쿠터,남성,40대,1인 가구,"1,000만원 내외",사무직,서울
40959,20230701,전동 킥보드,남성,50대,자녀 성인기(막내가 대학생～결혼 전),600만원 내외,판매/서비스직,인천
40981,20230701,"오토바이(바이크, 스쿠터)",남성,30대,자녀 독립기(막내가 결혼한 상태),800만원 내외,기술/숙련직,경기
40993,20230701,전동 킥보드,남성,40대,자녀 성장기(막내가 초등학생～고등학생),800만원 내외,사무직,대구
40999,20230701,전동 스케이트보드,남성,60대 이상,자녀 독립기(막내가 결혼한 상태),500만원 내외,기술/숙련직,경기
41030,20230701,"오토바이(바이크, 스쿠터)",남성,60대 이상,자녀 성인기(막내가 대학생～결혼 전),200만원 내외,무직/기타,전북
41066,20230701,전기 자전거,남성,60대 이상,자녀 성장기(막내가 초등학생～고등학생),"1,100~1,500만원 내외",전문직,경기
41131,20230701,전기 자전거,남성,20대,자녀 성인기(막내가 대학생～결혼 전),200만원 내외,사무직,전북
41133,20230701,전기 자전거,남성,50대,자녀 독립기(막내가 결혼한 상태),400만원 내외,사무직,경기
41137,20230701,전기 자전거,여성,30대,자녀 유아기(막내가 초등학교 입학 전),400만원 내외,전업주부,경기
41138,20230701,"오토바이(바이크, 스쿠터)",남성,40대,자녀 성인기(막내가 대학생～결혼 전),700만원 내외,경영/관리직,충남
41140,20230701,"오토바이(바이크, 스쿠터)",남성,50대,자녀 성인기(막내가 대학생～결혼 전),500만원 내외,기술/숙련직,경기
41152,20230701,전동 킥보드,남성,40대,신혼기 초과(자녀없음),500만원 내외,사무직,강원
41156,20230701,전동 킥보드,남성,40대,신혼기 초과(자녀없음),600만원 내외,사무직,경기
41173,20230701,전기 자전거,남성,40대,자녀 독립기(막내가 결혼한 상태),600만원 내외,자영업,서울
41194,20230701,전기 자전거,여성,30대,신혼기(자녀없음),500만원 내외,전업주부,경남
41198,20230701,전기 자전거,남성,40대,자녀 성장기(막내가 초등학생～고등학생),800만원 내외,자영업,대전
41202,20230701,전동 스쿠터,남성,40대,자녀 유아기(막내가 초등학교 입학 전),700만원 내외,자영업,인천
41203,20230701,전기 자전거,남성,60대 이상,자녀 독립기(막내가 결혼한 상태),700만원 내외,자영업,울산
41205,20230701,전동 스케이트보드,여성,20대,1인 가구,모름,무직/기타,경기
41225,20230701,전기 자전거,남성,40대,1인 가구,300만원 내외,기술/숙련직,대전
41246,20230701,"오토바이(바이크, 스쿠터)",남성,50대,자녀 독립기(막내가 결혼한 상태),800만원 내외,기술/숙련직,울산
41251,20230701,전동 킥보드,여성,60대 이상,자녀 성인기(막내가 대학생～결혼 전),700만원 내외,기술/숙련직,부산
41257,20230701,전기 자전거,여성,60대 이상,1인 가구,400만원 내외,무직/기타,서울
41271,20230701,"오토바이(바이크, 스쿠터)",남성,40대,자녀 유아기(막내가 초등학교 입학 전),300만원 내외,사무직,전남
41281,20230701,"오토바이(바이크, 스쿠터)",남성,50대,자녀 성인기(막내가 대학생～결혼 전),500만원 내외,일반 공무원/준공무원,광주
41282,20230701,전동 킥보드,남성,40대,자녀 유아기(막내가 초등학교 입학 전),600만원 내외,기술/숙련직,광주
41298,20230701,전동 휠,남성,40대,자녀 성장기(막내가 초등학생～고등학생),"1,100~1,500만원 내외",판매/서비스직,서울
41302,20230701,전기 자전거,여성,40대,신혼기 초과(자녀없음),500만원 내외,전업주부,강원
41304,20230701,전동 킥보드,남성,20대,1인 가구,100만원 이하,판매/서비스직,경기
41316,20230701,전동 스케이트보드,여성,30대,자녀 유아기(막내가 초등학교 입학 전),500만원 내외,판매/서비스직,서울
41317,20230701,"오토바이(바이크, 스쿠터)",남성,20대,1인 가구,200만원 내외,판매/서비스직,서울
41327,20230701,전동 킥보드,여성,50대,신혼기 초과(자녀없음),800만원 내외,자영업,경기
41329,20230701,전기 자전거,여성,30대,자녀 성인기(막내가 대학생～결혼 전),800만원 내외,일반 공무원/준공무원,전남
41331,20230701,전기 자전거,남성,50대,1인 가구,300만원 내외,자영업,광주
41336,20230701,전동 킥보드,남성,60대 이상,자녀 성인기(막내가 대학생～결혼 전),300만원 내외,무직/기타,충남
41337,20230701,전기 자전거,남성,40대,1인 가구,300만원 내외,판매/서비스직,충남
41340,20230701,"오토바이(바이크, 스쿠터)",여성,30대,1인 가구,300만원 내외,사무직,서울
41358,20230701,전동 킥보드,남성,30대,1인 가구,600만원 내외,기술/숙련직,서울
41381,20230701,전동 킥보드,남성,50대,자녀 성인기(막내가 대학생～결혼 전),"1,000만원 내외",기술/숙련직,전북
41393,20230701,전동 킥보드,남성,40대,자녀 성장기(막내가 초등학생～고등학생),600만원 내외,판매/서비스직,강원
41396,20230701,"오토바이(바이크, 스쿠터)",남성,30대,1인 가구,400만원 내외,사무직,울산
41399,20230701,"오토바이(바이크, 스쿠터)",남성,30대,자녀 성인기(막내가 대학생～결혼 전),900만원 내외,자영업,경북
41420,20230701,"오토바이(바이크, 스쿠터)",남성,50대,자녀 독립기(막내가 결혼한 상태),400만원 내외,전문직,서울
41436,20230701,전동 킥보드,남성,40대,자녀 성장기(막내가 초등학생～고등학생),600만원 내외,사무직,경기
41466,20230701,"오토바이(바이크, 스쿠터)",남성,40대,신혼기 초과(자녀없음),400만원 내외,판매/서비스직,서울
41497,20230701,전동 스케이트보드,남성,40대,자녀 성장기(막내가 초등학생～고등학생),400만원 내외,사무직,서울
41508,20230701,"오토바이(바이크, 스쿠터)",남성,60대 이상,자녀 독립기(막내가 결혼한 상태),400만원 내외,무직/기타,전북
41509,20230701,전기 자전거,남성,40대,자녀 성장기(막내가 초등학생～고등학생),600만원 내외,기술/숙련직,서울
41511,20230701,전기 자전거,남성,40대,1인 가구,400만원 내외,사무직,경기
41525,20230701,"오토바이(바이크, 스쿠터)",남성,40대,자녀 성장기(막내가 초등학생～고등학생),"1,000만원 내외",자영업,경기
41526,20230701,전기 자전거,남성,40대,자녀 성장기(막내가 초등학생～고등학생),400만원 내외,기술/숙련직,경기
41529,20230701,"오토바이(바이크, 스쿠터)",남성,40대,자녀 성장기(막내가 초등학생～고등학생),600만원 내외,자영업,서울
41534,20230701,전기 자전거,남성,60대 이상,자녀 성인기(막내가 대학생～결혼 전),700만원 내외,일반 공무원/준공무원,경북
41548,20230701,"오토바이(바이크, 스쿠터)",남성,60대 이상,자녀 독립기(막내가 결혼한 상태),"2,100만원 이상",사무직,대구
41549,20230701,"오토바이(바이크, 스쿠터)",남성,60대 이상,자녀 독립기(막내가 결혼한 상태),800만원 내외,자영업,경북
41552,20230701,전기 자전거,남성,60대 이상,자녀 성인기(막내가 대학생～결혼 전),700만원 내외,경영/관리직,경남
41568,20230701,전기 자전거,남성,50대,자녀 성인기(막내가 대학생～결혼 전),800만원 내외,경영/관리직,서울
41577,20230701,전동 킥보드,남성,50대,자녀 성장기(막내가 초등학생～고등학생),500만원 내외,기술/숙련직,인천
41601,20230701,"오토바이(바이크, 스쿠터)",남성,40대,자녀 성장기(막내가 초등학생～고등학생),500만원 내외,무직/기타,경기
41608,20230701,전동 킥보드,남성,40대,자녀 유아기(막내가 초등학교 입학 전),300만원 내외,기술/숙련직,경기
41626,20230701,"오토바이(바이크, 스쿠터)",남성,50대,자녀 독립기(막내가 결혼한 상태),300만원 내외,자영업,경기
41637,20230701,전기 자전거,남성,60대 이상,자녀 성인기(막내가 대학생～결혼 전),500만원 내외,자영업,대전
41661,20230701,"오토바이(바이크, 스쿠터)",남성,60대 이상,자녀 독립기(막내가 결혼한 상태),500만원 내외,무직/기타,부산
41663,20230701,"오토바이(바이크, 스쿠터)",남성,40대,자녀 성장기(막내가 초등학생～고등학생),500만원 내외,기술/숙련직,경기
41684,20230701,전기 자전거,남성,60대 이상,자녀 성인기(막내가 대학생～결혼 전),"1,600~2,000만원 내외",사무직,전남
41686,20230701,전동 스케이트보드,여성,40대,자녀 성장기(막내가 초등학생～고등학생),400만원 내외,사무직,부산
41705,20230701,"오토바이(바이크, 스쿠터)",여성,30대,1인 가구,"1,000만원 내외",사무직,서울
41720,20230701,전동 킥보드,남성,40대,1인 가구,300만원 내외,무직/기타,부산
41724,20230701,"오토바이(바이크, 스쿠터)",남성,50대,자녀 성인기(막내가 대학생～결혼 전),"1,600~2,000만원 내외",경영/관리직,경기
41741,20230701,전동 스케이트보드,남성,30대,자녀 유아기(막내가 초등학교 입학 전),500만원 내외,기술/숙련직,전남
41773,20230701,"오토바이(바이크, 스쿠터)",여성,40대,자녀 성장기(막내가 초등학생～고등학생),"2,100만원 이상",자영업,경기
41778,20230701,전기 자전거,남성,30대,자녀 유아기(막내가 초등학교 입학 전),500만원 내외,사무직,경기
41795,20230701,전동 킥보드,남성,40대,자녀 성인기(막내가 대학생～결혼 전),400만원 내외,무직/기타,경기
41796,20230701,전기 자전거,남성,50대,자녀 성인기(막내가 대학생～결혼 전),600만원 내외,전문직,서울
41807,20230701,"오토바이(바이크, 스쿠터)",남성,40대,1인 가구,300만원 내외,자영업,부산
41811,20230701,"오토바이(바이크, 스쿠터)",여성,50대,자녀 성인기(막내가 대학생～결혼 전),"1,100~1,500만원 내외",일반 공무원/준공무원,부산
41813,20230701,"오토바이(바이크, 스쿠터)",남성,60대 이상,자녀 성장기(막내가 초등학생～고등학생),700만원 내외,사무직,부산
41826,20230701,"오토바이(바이크, 스쿠터)",남성,20대,자녀 성인기(막내가 대학생～결혼 전),"1,000만원 내외",사무직,경기
41830,20230701,전동 스케이트보드,남성,20대,1인 가구,600만원 내외,사무직,경기
41832,20230701,전동 휠,여성,40대,자녀 성장기(막내가 초등학생～고등학생),600만원 내외,전업주부,경기
41845,20230701,전동 스쿠터,여성,40대,자녀 성장기(막내가 초등학생～고등학생),"1,100~1,500만원 내외",사무직,서울
41846,20230701,"오토바이(바이크, 스쿠터)",남성,50대,자녀 성인기(막내가 대학생～결혼 전),700만원 내외,경영/관리직,대구
41857,20230701,전동 킥보드,남성,40대,자녀 성장기(막내가 초등학생～고등학생),"1,000만원 내외",사무직,경기
41867,20230701,전동 킥보드,남성,50대,자녀 성인기(막내가 대학생～결혼 전),"1,600~2,000만원 내외",자영업,인천
41878,20230701,전동 킥보드,남성,50대,1인 가구,800만원 내외,무직/기타,서울
41879,20230701,전동 스쿠터,여성,30대,자녀 유아기(막내가 초등학교 입학 전),700만원 내외,사무직,서울
41883,20230701,전동 스쿠터,남성,60대 이상,자녀 성인기(막내가 대학생～결혼 전),"1,100~1,500만원 내외",자영업,경북
41892,20230701,전동 스쿠터,남성,40대,1인 가구,500만원 내외,자영업,경기
41907,20230701,전동 킥보드,남성,40대,자녀 성장기(막내가 초등학생～고등학생),500만원 내외,기술/숙련직,경기
41944,20230701,전동 스쿠터,남성,20대,신혼기(자녀없음),700만원 내외,사무직,서울
41961,20230701,"오토바이(바이크, 스쿠터)",남성,40대,자녀 성장기(막내가 초등학생～고등학생),"1,000만원 내외",사무직,전북
41998,20230701,전기 자전거,남성,40대,자녀 성장기(막내가 초등학생～고등학생),400만원 내외,사무직,경기
42011,20230701,전기 자전거,남성,40대,자녀 성장기(막내가 초등학생～고등학생),900만원 내외,기술/숙련직,경기
42020,20230701,전기 자전거,여성,20대,자녀 성장기(막내가 초등학생～고등학생),300만원 내외,무직/기타,경기
42028,20230701,전기 자전거,남성,50대,자녀 독립기(막내가 결혼한 상태),600만원 내외,기술/숙련직,경기
42057,20230701,"오토바이(바이크, 스쿠터)",남성,50대,자녀 성인기(막내가 대학생～결혼 전),"1,100~1,500만원 내외",기술/숙련직,경기
42058,20230701,"오토바이(바이크, 스쿠터)",남성,30대,1인 가구,700만원 내외,무직/기타,경기
42060,20230701,"오토바이(바이크, 스쿠터)",남성,50대,자녀 성장기(막내가 초등학생～고등학생),500만원 내외,자영업,인천
42079,20230701,"오토바이(바이크, 스쿠터)",남성,50대,자녀 성장기(막내가 초등학생～고등학생),500만원 내외,무직/기타,경기
42089,20230701,"오토바이(바이크, 스쿠터)",여성,40대,자녀 성장기(막내가 초등학생～고등학생),400만원 내외,일반 공무원/준공무원,경남
42104,20230701,전동 킥보드,남성,50대,자녀 성인기(막내가 대학생～결혼 전),"1,100~1,500만원 내외",경영/관리직,충북
42124,20230701,전동 킥보드,남성,40대,1인 가구,400만원 내외,판매/서비스직,경기
42131,20230701,전기 자전거,여성,40대,자녀 성장기(막내가 초등학생～고등학생),"1,100~1,500만원 내외",사무직,충북
42136,20230701,전기 자전거,남성,60대 이상,자녀 성인기(막내가 대학생～결혼 전),"1,000만원 내외",기술/숙련직,강원
42148,20230701,전동 킥보드,남성,30대,1인 가구,"2,100만원 이상",무직/기타,경기
42156,20230701,전기 자전거,남성,40대,자녀 성장기(막내가 초등학생～고등학생),500만원 내외,사무직,서울
42160,20230701,전동 킥보드,여성,40대,자녀 성장기(막내가 초등학생～고등학생),900만원 내외,전문직,서울
42161,20230701,"오토바이(바이크, 스쿠터)",남성,50대,자녀 성인기(막내가 대학생～결혼 전),"1,000만원 내외",자영업,경기
42162,20230701,전동 킥보드,남성,50대,자녀 성장기(막내가 초등학생～고등학생),"1,100~1,500만원 내외",경영/관리직,경기
42165,20230701,전기 자전거,여성,30대,자녀 유아기(막내가 초등학교 입학 전),"1,100~1,500만원 내외",전문직,서울
42200,20230701,"오토바이(바이크, 스쿠터)",남성,40대,자녀 성장기(막내가 초등학생～고등학생),500만원 내외,사무직,충북
42240,20230701,전기 자전거,남성,50대,자녀 성인기(막내가 대학생～결혼 전),"1,100~1,500만원 내외",자영업,서울
42250,20230701,"오토바이(바이크, 스쿠터)",남성,40대,자녀 성장기(막내가 초등학생～고등학생),700만원 내외,일반 공무원/준공무원,전남
42268,20230701,"오토바이(바이크, 스쿠터)",남성,50대,신혼기 초과(자녀없음),300만원 내외,판매/서비스직,대구
42273,20230701,전동 스쿠터,남성,60대 이상,자녀 성인기(막내가 대학생～결혼 전),400만원 내외,사무직,부산
42276,20230701,전동 킥보드,남성,60대 이상,자녀 성인기(막내가 대학생～결혼 전),900만원 내외,일반 공무원/준공무원,광주
42281,20230701,전기 자전거,남성,50대,자녀 성인기(막내가 대학생～결혼 전),"1,600~2,000만원 내외",전문직,부산
42286,20230701,전동 킥보드,남성,60대 이상,1인 가구,200만원 내외,무직/기타,부산
42289,20230701,"오토바이(바이크, 스쿠터)",남성,40대,자녀 성장기(막내가 초등학생～고등학생),400만원 내외,기술/숙련직,경북
42314,20230701,전동 스쿠터,여성,30대,자녀 성인기(막내가 대학생～결혼 전),200만원 내외,사무직,대구
42315,20230701,전동 킥보드,남성,50대,자녀 성장기(막내가 초등학생～고등학생),800만원 내외,자영업,경북
42319,20230701,전기 자전거,남성,60대 이상,자녀 독립기(막내가 결혼한 상태),900만원 내외,기술/숙련직,경기
42340,20230701,전동 휠,남성,60대 이상,자녀 독립기(막내가 결혼한 상태),900만원 내외,경영/관리직,대구
42349,20230701,전동 킥보드,남성,40대,자녀 성장기(막내가 초등학생～고등학생),"1,100~1,500만원 내외",사무직,서울
42365,20230701,전기 자전거,남성,40대,자녀 성장기(막내가 초등학생～고등학생),500만원 내외,기술/숙련직,대구
42383,20230701,"오토바이(바이크, 스쿠터)",남성,60대 이상,자녀 독립기(막내가 결혼한 상태),"1,000만원 내외",무직/기타,경기
42396,20230701,전기 자전거,남성,50대,자녀 성인기(막내가 대학생～결혼 전),"1,600~2,000만원 내외",경영/관리직,제주
42403,20230701,전동 킥보드,남성,50대,자녀 성장기(막내가 초등학생～고등학생),900만원 내외,판매/서비스직,서울
42445,20230701,전기 자전거,여성,50대,자녀 성인기(막내가 대학생～결혼 전),700만원 내외,사무직,인천
42447,20230701,"오토바이(바이크, 스쿠터)",남성,60대 이상,자녀 독립기(막내가 결혼한 상태),600만원 내외,판매/서비스직,서울
42453,20230701,전동 킥보드,남성,40대,신혼기(자녀없음),500만원 내외,기술/숙련직,부산
42460,20230701,전동 킥보드,남성,50대,자녀 성장기(막내가 초등학생～고등학생),500만원 내외,사무직,서울
42466,20230701,전기 자전거,여성,60대 이상,자녀 독립기(막내가 결혼한 상태),500만원 내외,전문직,경기
42490,20230701,"오토바이(바이크, 스쿠터)",남성,60대 이상,자녀 독립기(막내가 결혼한 상태),700만원 내외,무직/기타,전남
42497,20230701,"오토바이(바이크, 스쿠터)",남성,50대,자녀 성인기(막내가 대학생～결혼 전),"1,600~2,000만원 내외",경영/관리직,경남
42501,20230701,전기 자전거,남성,50대,자녀 독립기(막내가 결혼한 상태),600만원 내외,기술/숙련직,경기
42506,20230701,전동 휠,남성,40대,자녀 성장기(막내가 초등학생～고등학생),800만원 내외,기술/숙련직,경기
42536,20230701,전기 자전거,남성,50대,자녀 성장기(막내가 초등학생～고등학생),600만원 내외,사무직,충남
42541,20230701,"오토바이(바이크, 스쿠터)",남성,50대,1인 가구,500만원 내외,자영업,부산
42551,20230701,"오토바이(바이크, 스쿠터)",남성,40대,자녀 유아기(막내가 초등학교 입학 전),600만원 내외,기술/숙련직,경남
42584,20230701,"오토바이(바이크, 스쿠터)",남성,40대,1인 가구,200만원 내외,일반 공무원/준공무원,대구
42589,20230701,전동 스쿠터,남성,40대,자녀 성장기(막내가 초등학생～고등학생),400만원 내외,사무직,부산
42592,20230701,"오토바이(바이크, 스쿠터)",남성,20대,자녀 성인기(막내가 대학생～결혼 전),300만원 내외,사무직,대전
42593,20230701,전기 자전거,남성,30대,신혼기(자녀없음),800만원 내외,사무직,대전
42596,20230701,"오토바이(바이크, 스쿠터)",남성,60대 이상,자녀 독립기(막내가 결혼한 상태),600만원 내외,경영/관리직,인천
42607,20230701,"오토바이(바이크, 스쿠터)",남성,40대,자녀 성장기(막내가 초등학생～고등학생),"1,000만원 내외",경영/관리직,서울
42626,20230701,"오토바이(바이크, 스쿠터)",남성,30대,신혼기 초과(자녀없음),300만원 내외,기술/숙련직,서울
42636,20230701,전동 킥보드,여성,30대,자녀 성장기(막내가 초등학생～고등학생),700만원 내외,사무직,경기
42642,20230701,전기 자전거,남성,50대,자녀 성장기(막내가 초등학생～고등학생),700만원 내외,기술/숙련직,경기
42651,20230701,전동 킥보드,여성,30대,자녀 유아기(막내가 초등학교 입학 전),200만원 내외,일반 공무원/준공무원,충남
42662,20230701,전동 킥보드,남성,60대 이상,자녀 독립기(막내가 결혼한 상태),300만원 내외,자영업,서울
42667,20230701,전동 킥보드,남성,40대,자녀 성장기(막내가 초등학생～고등학생),"1,100~1,500만원 내외",기술/숙련직,경기
42707,20230701,"오토바이(바이크, 스쿠터)",남성,40대,자녀 유아기(막내가 초등학교 입학 전),"2,100만원 이상",자영업,대전
42715,20230701,전동 킥보드,여성,50대,자녀 독립기(막내가 결혼한 상태),500만원 내외,사무직,서울
42734,20230701,전기 자전거,남성,60대 이상,자녀 독립기(막내가 결혼한 상태),600만원 내외,무직/기타,서울
42737,20230701,전기 자전거,남성,50대,자녀 성장기(막내가 초등학생～고등학생),400만원 내외,경영/관리직,경기
42740,20230701,"오토바이(바이크, 스쿠터)",남성,40대,자녀 성장기(막내가 초등학생～고등학생),300만원 내외,기술/숙련직,충남
42750,20230701,전동 스쿠터,남성,40대,자녀 유아기(막내가 초등학교 입학 전),700만원 내외,사무직,충북
42765,20230701,전기 자전거,여성,40대,자녀 성장기(막내가 초등학생～고등학생),600만원 내외,자영업,서울
42774,20230701,전기 자전거,여성,40대,자녀 성인기(막내가 대학생～결혼 전),600만원 내외,판매/서비스직,세종
42789,20230701,전기 자전거,남성,60대 이상,자녀 독립기(막내가 결혼한 상태),500만원 내외,무직/기타,서울
42794,20230701,전기 자전거,여성,20대,자녀 성장기(막내가 초등학생～고등학생),500만원 내외,학생,서울
42803,20230701,"오토바이(바이크, 스쿠터)",남성,50대,1인 가구,700만원 내외,자영업,경기
42805,20230701,전기 자전거,남성,60대 이상,자녀 독립기(막내가 결혼한 상태),800만원 내외,무직/기타,전북
42818,20230701,전동 킥보드,남성,40대,자녀 독립기(막내가 결혼한 상태),500만원 내외,기술/숙련직,서울
42824,20230701,전동 킥보드,남성,40대,자녀 성장기(막내가 초등학생～고등학생),500만원 내외,경영/관리직,경기
42827,20230701,전동 킥보드,남성,40대,자녀 독립기(막내가 결혼한 상태),700만원 내외,자영업,경기
42832,20230701,전기 자전거,여성,20대,자녀 유아기(막내가 초등학교 입학 전),500만원 내외,전업주부,부산
42836,20230701,전동 킥보드,남성,40대,자녀 성장기(막내가 초등학생～고등학생),600만원 내외,전문직,경기
42883,20230701,전동 킥보드,남성,30대,자녀 유아기(막내가 초등학교 입학 전),300만원 내외,기술/숙련직,경기
42902,20230701,전동 스쿠터,남성,50대,자녀 성인기(막내가 대학생～결혼 전),900만원 내외,사무직,서울
42909,20230701,"오토바이(바이크, 스쿠터)",남성,40대,1인 가구,500만원 내외,자영업,경기
42911,20230701,전동 휠,남성,50대,자녀 성장기(막내가 초등학생～고등학생),"1,000만원 내외",기술/숙련직,서울
42912,20230701,전동 킥보드,남성,50대,자녀 성인기(막내가 대학생～결혼 전),500만원 내외,사무직,서울
42917,20230701,전동 킥보드,남성,40대,자녀 성장기(막내가 초등학생～고등학생),700만원 내외,사무직,인천
42926,20230701,전동 킥보드,여성,20대,1인 가구,400만원 내외,사무직,서울
42927,20230701,전기 자전거,남성,60대 이상,자녀 성인기(막내가 대학생～결혼 전),400만원 내외,판매/서비스직,대전
42950,20230701,전기 자전거,남성,60대 이상,자녀 독립기(막내가 결혼한 상태),600만원 내외,무직/기타,부산
42960,20230701,전동 킥보드,남성,40대,1인 가구,300만원 내외,전문직,서울
42965,20230701,전동 킥보드,남성,40대,자녀 성장기(막내가 초등학생～고등학생),800만원 내외,사무직,경기
42977,20230701,전동 킥보드,남성,50대,자녀 성장기(막내가 초등학생～고등학생),600만원 내외,자영업,서울
42999,20230701,전동 휠,남성,50대,자녀 성장기(막내가 초등학생～고등학생),500만원 내외,사무직,제주
43000,20230701,전동 스쿠터,남성,40대,신혼기 초과(자녀없음),300만원 내외,자영업,서울
43021,20230701,"오토바이(바이크, 스쿠터)",남성,40대,자녀 성장기(막내가 초등학생～고등학생),800만원 내외,기술/숙련직,경기
43022,20230701,"오토바이(바이크, 스쿠터)",남성,60대 이상,자녀 독립기(막내가 결혼한 상태),300만원 내외,무직/기타,전남
43088,20230701,전동 스쿠터,남성,30대,1인 가구,300만원 내외,사무직,대구
43093,20230701,전동 킥보드,남성,50대,자녀 성인기(막내가 대학생～결혼 전),700만원 내외,사무직,대전
43097,20230701,"오토바이(바이크, 스쿠터)",남성,50대,자녀 성인기(막내가 대학생～결혼 전),500만원 내외,자영업,경북
43107,20230701,"오토바이(바이크, 스쿠터)",남성,40대,자녀 성장기(막내가 초등학생～고등학생),900만원 내외,사무직,울산
43111,20230701,전기 자전거,남성,30대,1인 가구,300만원 내외,자영업,서울
43113,20230701,"오토바이(바이크, 스쿠터)",남성,40대,자녀 유아기(막내가 초등학교 입학 전),"1,000만원 내외",자영업,서울
43114,20230701,전동 킥보드,남성,30대,신혼기 초과(자녀없음),300만원 내외,사무직,부산
43115,20230701,"오토바이(바이크, 스쿠터)",여성,40대,자녀 성장기(막내가 초등학생～고등학생),"2,100만원 이상",사무직,경남
43123,20230701,"오토바이(바이크, 스쿠터)",남성,50대,1인 가구,500만원 내외,자영업,제주
43126,20230701,전동 킥보드,남성,40대,자녀 성장기(막내가 초등학생～고등학생),"1,000만원 내외",기술/숙련직,서울
43127,20230701,"오토바이(바이크, 스쿠터)",남성,50대,1인 가구,500만원 내외,자영업,제주
43128,20230701,전기 자전거,남성,60대 이상,자녀 성인기(막내가 대학생～결혼 전),"1,000만원 내외",자영업,경기
43154,20230701,"오토바이(바이크, 스쿠터)",여성,20대,자녀 성인기(막내가 대학생～결혼 전),"1,100~1,500만원 내외",사무직,서울
43159,20230701,전동 스쿠터,남성,60대 이상,자녀 성인기(막내가 대학생～결혼 전),500만원 내외,무직/기타,경남
43162,20230701,전기 자전거,남성,50대,자녀 성인기(막내가 대학생～결혼 전),600만원 내외,기술/숙련직,부산
43174,20230701,"오토바이(바이크, 스쿠터)",남성,40대,자녀 성인기(막내가 대학생～결혼 전),400만원 내외,자영업,서울
43183,20230701,전동 스케이트보드,여성,20대,자녀 성인기(막내가 대학생～결혼 전),300만원 내외,판매/서비스직,서울
43187,20230701,전동 킥보드,남성,40대,자녀 유아기(막내가 초등학교 입학 전),700만원 내외,사무직,제주
43188,20230701,전동 킥보드,남성,60대 이상,자녀 성인기(막내가 대학생～결혼 전),500만원 내외,사무직,서울
43190,20230701,"오토바이(바이크, 스쿠터)",남성,40대,자녀 성장기(막내가 초등학생～고등학생),"1,000만원 내외",자영업,부산
43193,20230701,전동 킥보드,남성,40대,1인 가구,500만원 내외,사무직,경기
43194,20230701,전동 킥보드,남성,30대,자녀 유아기(막내가 초등학교 입학 전),500만원 내외,사무직,충북
43197,20230701,전기 자전거,남성,50대,자녀 성인기(막내가 대학생～결혼 전),"2,100만원 이상",일반 공무원/준공무원,대구
43218,20230701,전기 자전거,남성,50대,자녀 성인기(막내가 대학생～결혼 전),800만원 내외,경영/관리직,전북
43226,20230701,"오토바이(바이크, 스쿠터)",남성,50대,자녀 독립기(막내가 결혼한 상태),300만원 내외,전업주부,전남
43231,20230701,전동 스케이트보드,남성,30대,1인 가구,300만원 내외,기술/숙련직,경기
43241,20230701,전동 킥보드,여성,30대,1인 가구,600만원 내외,판매/서비스직,인천
43243,20230701,"오토바이(바이크, 스쿠터)",남성,40대,1인 가구,"1,000만원 내외",일반 공무원/준공무원,서울
43248,20230701,"오토바이(바이크, 스쿠터)",남성,30대,자녀 유아기(막내가 초등학교 입학 전),400만원 내외,무직/기타,세종
43252,20230701,전동 스쿠터,남성,40대,자녀 성장기(막내가 초등학생～고등학생),800만원 내외,자영업,제주
43281,20230701,전기 자전거,남성,40대,자녀 성장기(막내가 초등학생～고등학생),900만원 내외,기술/숙련직,서울
43300,20230701,전기 자전거,남성,40대,자녀 성장기(막내가 초등학생～고등학생),400만원 내외,사무직,인천
43305,20230701,"오토바이(바이크, 스쿠터)",남성,30대,자녀 성인기(막내가 대학생～결혼 전),"1,100~1,500만원 내외",사무직,서울
43306,20230701,전기 자전거,남성,50대,자녀 성인기(막내가 대학생～결혼 전),700만원 내외,기술/숙련직,경기
43313,20230701,"오토바이(바이크, 스쿠터)",여성,40대,자녀 유아기(막내가 초등학교 입학 전),모름,사무직,대구
43322,20230701,전동 킥보드,여성,40대,자녀 유아기(막내가 초등학교 입학 전),200만원 내외,사무직,경기
43364,20230701,전기 자전거,남성,50대,자녀 성인기(막내가 대학생～결혼 전),600만원 내외,사무직,서울
43387,20230701,"오토바이(바이크, 스쿠터)",남성,30대,자녀 유아기(막내가 초등학교 입학 전),800만원 내외,자영업,서울
43410,20230701,"오토바이(바이크, 스쿠터)",남성,40대,자녀 성장기(막내가 초등학생～고등학생),600만원 내외,기술/숙련직,전북
43413,20230701,"오토바이(바이크, 스쿠터)",남성,60대 이상,자녀 성인기(막내가 대학생～결혼 전),800만원 내외,기술/숙련직,경남
43426,20230701,"오토바이(바이크, 스쿠터)",남성,60대 이상,자녀 독립기(막내가 결혼한 상태),500만원 내외,전문직,전북
43433,20230701,"오토바이(바이크, 스쿠터)",남성,60대 이상,자녀 독립기(막내가 결혼한 상태),"2,100만원 이상",기술/숙련직,충북
43440,20230701,전동 스케이트보드,남성,30대,1인 가구,400만원 내외,기술/숙련직,경기
43441,20230701,"오토바이(바이크, 스쿠터)",남성,60대 이상,자녀 성인기(막내가 대학생～결혼 전),700만원 내외,무직/기타,경북
43454,20230701,전기 자전거,여성,50대,자녀 성인기(막내가 대학생～결혼 전),700만원 내외,사무직,서울
43458,20230701,전기 자전거,남성,60대 이상,자녀 독립기(막내가 결혼한 상태),300만원 내외,사무직,전남
43463,20230701,전동 휠,남성,50대,자녀 성인기(막내가 대학생～결혼 전),500만원 내외,자영업,경기
43464,20230701,전동 휠,남성,40대,자녀 성장기(막내가 초등학생～고등학생),700만원 내외,사무직,대구
43470,20230701,"오토바이(바이크, 스쿠터)",남성,40대,자녀 성인기(막내가 대학생～결혼 전),900만원 내외,자영업,대구
43471,20230701,전기 자전거,남성,50대,자녀 성인기(막내가 대학생～결혼 전),600만원 내외,일반 공무원/준공무원,광주
43474,20230701,"오토바이(바이크, 스쿠터)",남성,40대,1인 가구,"1,000만원 내외",자영업,경기
43476,20230701,"오토바이(바이크, 스쿠터)",남성,50대,자녀 성인기(막내가 대학생～결혼 전),500만원 내외,자영업,서울
43479,20230701,전기 자전거,남성,60대 이상,자녀 독립기(막내가 결혼한 상태),700만원 내외,자영업,경기
43486,20230701,전기 자전거,여성,50대,자녀 성인기(막내가 대학생～결혼 전),500만원 내외,전업주부,경북
43499,20230701,전동 킥보드,남성,40대,자녀 성장기(막내가 초등학생～고등학생),800만원 내외,사무직,서울
43505,20230701,"오토바이(바이크, 스쿠터)",남성,40대,자녀 성장기(막내가 초등학생～고등학생),"2,100만원 이상",전문직,서울
43539,20230701,전동 스쿠터,여성,30대,1인 가구,300만원 내외,판매/서비스직,부산
43546,20230701,전동 킥보드,남성,40대,자녀 성장기(막내가 초등학생～고등학생),900만원 내외,기술/숙련직,경기
43596,20230701,전동 킥보드,남성,40대,자녀 성장기(막내가 초등학생～고등학생),"2,100만원 이상",자영업,강원
43617,20230701,"오토바이(바이크, 스쿠터)",남성,40대,자녀 성장기(막내가 초등학생～고등학생),700만원 내외,기술/숙련직,전남
43619,20230701,전동 킥보드,남성,40대,자녀 유아기(막내가 초등학교 입학 전),300만원 내외,자영업,부산
43620,20230701,전동 킥보드,여성,20대,자녀 성인기(막내가 대학생～결혼 전),100만원 이하,자영업,경기
43633,20230701,"오토바이(바이크, 스쿠터)",남성,60대 이상,자녀 독립기(막내가 결혼한 상태),900만원 내외,전문직,서울
43653,20230701,전동 킥보드,여성,50대,자녀 성인기(막내가 대학생～결혼 전),"1,100~1,500만원 내외",사무직,대구
43654,20230701,전기 자전거,남성,50대,1인 가구,200만원 내외,무직/기타,서울
43692,20230701,전기 자전거,남성,60대 이상,자녀 성인기(막내가 대학생～결혼 전),500만원 내외,판매/서비스직,부산
43701,20230701,전기 자전거,남성,60대 이상,자녀 독립기(막내가 결혼한 상태),"1,000만원 내외",무직/기타,경기
43731,20230701,전동 스쿠터,남성,40대,자녀 성장기(막내가 초등학생～고등학생),"1,100~1,500만원 내외",사무직,경기
43733,20230701,전동 스쿠터,남성,60대 이상,1인 가구,400만원 내외,자영업,인천
43736,20230701,"오토바이(바이크, 스쿠터)",남성,50대,1인 가구,400만원 내외,판매/서비스직,경기
43739,20230701,전동 킥보드,남성,50대,자녀 성장기(막내가 초등학생～고등학생),700만원 내외,사무직,경기
43746,20230701,전동 킥보드,남성,50대,1인 가구,300만원 내외,무직/기타,경기
43751,20230701,"오토바이(바이크, 스쿠터)",남성,40대,자녀 성장기(막내가 초등학생～고등학생),500만원 내외,사무직,세종
43753,20230701,"오토바이(바이크, 스쿠터)",여성,40대,자녀 유아기(막내가 초등학교 입학 전),700만원 내외,사무직,부산
43764,20230701,전동 킥보드,남성,40대,신혼기 초과(자녀없음),"1,100~1,500만원 내외",기술/숙련직,서울
43773,20230701,전기 자전거,여성,50대,자녀 성인기(막내가 대학생～결혼 전),400만원 내외,사무직,경남
43782,20230701,전기 자전거,남성,50대,1인 가구,500만원 내외,기술/숙련직,경기
43803,20230701,"오토바이(바이크, 스쿠터)",남성,40대,자녀 성인기(막내가 대학생～결혼 전),500만원 내외,자영업,부산
43836,20230701,전동 킥보드,남성,50대,1인 가구,100만원 이하,자영업,대전
43841,20230701,전기 자전거,남성,40대,자녀 성장기(막내가 초등학생～고등학생),"1,100~1,500만원 내외",사무직,충북
43876,20230701,"오토바이(바이크, 스쿠터)",남성,50대,자녀 독립기(막내가 결혼한 상태),"2,100만원 이상",자영업,강원
43878,20230701,전동 킥보드,남성,40대,자녀 성장기(막내가 초등학생～고등학생),600만원 내외,기술/숙련직,광주
43891,20230701,"오토바이(바이크, 스쿠터)",남성,60대 이상,자녀 독립기(막내가 결혼한 상태),100만원 이하,무직/기타,충북
43894,20230701,"오토바이(바이크, 스쿠터)",여성,60대 이상,자녀 성인기(막내가 대학생～결혼 전),모름,자영업,대전
43896,20230701,전동 킥보드,남성,50대,1인 가구,300만원 내외,기술/숙련직,경기
43928,20230701,"오토바이(바이크, 스쿠터)",남성,40대,자녀 성장기(막내가 초등학생～고등학생),"1,100~1,500만원 내외",자영업,서울
43937,20230701,"오토바이(바이크, 스쿠터)",여성,40대,자녀 성장기(막내가 초등학생～고등학생),500만원 내외,전업주부,전북
43950,20230701,전동 킥보드,남성,40대,자녀 성인기(막내가 대학생～결혼 전),700만원 내외,판매/서비스직,충남
43960,20230701,"오토바이(바이크, 스쿠터)",남성,50대,자녀 성장기(막내가 초등학생～고등학생),500만원 내외,자영업,전북
43978,20230701,전기 자전거,남성,50대,1인 가구,600만원 내외,기술/숙련직,경기
43982,20230701,전기 자전거,남성,60대 이상,자녀 성인기(막내가 대학생～결혼 전),"1,000만원 내외",기술/숙련직,서울
43987,20230701,전기 자전거,남성,60대 이상,자녀 독립기(막내가 결혼한 상태),300만원 내외,무직/기타,강원
43989,20230701,전기 자전거,남성,40대,자녀 성장기(막내가 초등학생～고등학생),"1,100~1,500만원 내외",경영/관리직,경기
44004,20230701,전기 자전거,남성,40대,1인 가구,700만원 내외,기술/숙련직,경기
44014,20230701,"오토바이(바이크, 스쿠터)",남성,60대 이상,자녀 성인기(막내가 대학생～결혼 전),700만원 내외,무직/기타,전북
44016,20230701,전기 자전거,남성,50대,신혼기 초과(자녀없음),"1,100~1,500만원 내외",경영/관리직,부산
44020,20230701,전동 킥보드,남성,60대 이상,1인 가구,200만원 내외,기술/숙련직,부산
44086,20230701,전기 자전거,남성,50대,자녀 성인기(막내가 대학생～결혼 전),600만원 내외,기술/숙련직,경기
44089,20230701,전동 킥보드,여성,50대,자녀 성인기(막내가 대학생～결혼 전),800만원 내외,자영업,전북
44102,20230701,전기 자전거,남성,40대,자녀 성장기(막내가 초등학생～고등학생),600만원 내외,사무직,경기
44158,20230701,"오토바이(바이크, 스쿠터)",남성,60대 이상,자녀 성인기(막내가 대학생～결혼 전),500만원 내외,사무직,경기
44161,20230701,전기 자전거,남성,60대 이상,자녀 성인기(막내가 대학생～결혼 전),300만원 내외,기술/숙련직,충북
44164,20230701,"오토바이(바이크, 스쿠터)",여성,40대,자녀 유아기(막내가 초등학교 입학 전),모름,사무직,서울
44180,20230701,전기 자전거,남성,60대 이상,자녀 성인기(막내가 대학생～결혼 전),"1,000만원 내외",무직/기타,서울
44198,20230701,"오토바이(바이크, 스쿠터)",남성,60대 이상,자녀 독립기(막내가 결혼한 상태),600만원 내외,기술/숙련직,부산
44207,20230701,전동 킥보드,남성,30대,자녀 성장기(막내가 초등학생～고등학생),500만원 내외,일반 공무원/준공무원,강원
44208,20230701,전동 스쿠터,남성,40대,신혼기(자녀없음),800만원 내외,기술/숙련직,경기
44227,20230701,전기 자전거,남성,60대 이상,자녀 성인기(막내가 대학생～결혼 전),"1,100~1,500만원 내외",전문직,경기
44251,20230701,전기 자전거,남성,60대 이상,자녀 성인기(막내가 대학생～결혼 전),"1,100~1,500만원 내외",기술/숙련직,대구
44259,20230701,"오토바이(바이크, 스쿠터)",남성,30대,1인 가구,500만원 내외,판매/서비스직,서울
44284,20230701,전기 자전거,남성,40대,자녀 성장기(막내가 초등학생～고등학생),"1,100~1,500만원 내외",사무직,서울
44295,20230701,"오토바이(바이크, 스쿠터)",남성,60대 이상,자녀 성인기(막내가 대학생～결혼 전),300만원 내외,자영업,서울
44299,20230701,전기 자전거,남성,60대 이상,자녀 성인기(막내가 대학생～결혼 전),800만원 내외,일반 공무원/준공무원,경북
44307,20230701,전동 킥보드,여성,20대,자녀 성인기(막내가 대학생～결혼 전),"1,000만원 내외",학생,서울
44310,20230701,"오토바이(바이크, 스쿠터)",남성,60대 이상,1인 가구,"1,000만원 내외",자영업,서울
44313,20230701,"오토바이(바이크, 스쿠터)",남성,60대 이상,자녀 성인기(막내가 대학생～결혼 전),"1,000만원 내외",경영/관리직,경기
44319,20230701,"오토바이(바이크, 스쿠터)",남성,40대,자녀 유아기(막내가 초등학교 입학 전),800만원 내외,무직/기타,대구
44323,20230701,전기 자전거,남성,60대 이상,자녀 독립기(막내가 결혼한 상태),500만원 내외,판매/서비스직,서울
44331,20230701,전동 킥보드,남성,30대,신혼기(자녀없음),300만원 내외,사무직,서울
44360,20230701,전동 킥보드,남성,40대,신혼기(자녀없음),"1,100~1,500만원 내외",기술/숙련직,경기
44371,20230701,전동 킥보드,남성,50대,자녀 성장기(막내가 초등학생～고등학생),900만원 내외,경영/관리직,경기
44383,20230701,"오토바이(바이크, 스쿠터)",여성,30대,자녀 유아기(막내가 초등학교 입학 전),"1,100~1,500만원 내외",판매/서비스직,대구
44395,20230701,전동 킥보드,남성,40대,자녀 성장기(막내가 초등학생～고등학생),"1,000만원 내외",사무직,인천
44448,20230701,전기 자전거,남성,30대,자녀 성장기(막내가 초등학생～고등학생),"1,000만원 내외",자영업,부산
44475,20230701,"오토바이(바이크, 스쿠터)",남성,40대,신혼기 초과(자녀없음),500만원 내외,기술/숙련직,경기
44504,20230701,전기 자전거,남성,50대,자녀 성인기(막내가 대학생～결혼 전),"1,100~1,500만원 내외",일반 공무원/준공무원,부산
44536,20230701,"오토바이(바이크, 스쿠터)",남성,40대,신혼기(자녀없음),"1,100~1,500만원 내외",사무직,충남
44583,20230701,전동 스쿠터,남성,60대 이상,자녀 독립기(막내가 결혼한 상태),900만원 내외,자영업,서울
44602,20230701,"오토바이(바이크, 스쿠터)",남성,40대,자녀 독립기(막내가 결혼한 상태),200만원 내외,무직/기타,충북
44607,20230701,전기 자전거,남성,40대,자녀 성장기(막내가 초등학생～고등학생),600만원 내외,사무직,경기
44611,20230701,전동 킥보드,남성,40대,자녀 성장기(막내가 초등학생～고등학생),700만원 내외,사무직,광주
44619,20230701,"오토바이(바이크, 스쿠터)",남성,50대,1인 가구,600만원 내외,기술/숙련직,경기
44637,20230701,"오토바이(바이크, 스쿠터)",남성,40대,1인 가구,200만원 내외,무직/기타,부산
44639,20230701,전기 자전거,남성,40대,자녀 성장기(막내가 초등학생～고등학생),800만원 내외,자영업,인천
44647,20230701,전동 휠,남성,40대,신혼기 초과(자녀없음),"1,000만원 내외",자영업,울산
44648,20230701,전동 스쿠터,남성,40대,자녀 유아기(막내가 초등학교 입학 전),400만원 내외,기술/숙련직,인천
44656,20230701,전기 자전거,남성,40대,자녀 성장기(막내가 초등학생～고등학생),500만원 내외,자영업,전남
44664,20230701,전기 자전거,남성,50대,1인 가구,500만원 내외,무직/기타,부산
44671,20230701,전동 킥보드,남성,40대,자녀 유아기(막내가 초등학교 입학 전),"1,100~1,500만원 내외",자영업,인천
44674,20230701,전기 자전거,남성,60대 이상,자녀 성인기(막내가 대학생～결혼 전),300만원 내외,기술/숙련직,경기
44710,20230701,전기 자전거,남성,50대,자녀 성인기(막내가 대학생～결혼 전),800만원 내외,일반 공무원/준공무원,대구
44716,20230701,전기 자전거,남성,60대 이상,자녀 독립기(막내가 결혼한 상태),400만원 내외,무직/기타,인천
44718,20230701,"오토바이(바이크, 스쿠터)",남성,30대,1인 가구,900만원 내외,사무직,서울
44733,20230701,"오토바이(바이크, 스쿠터)",남성,50대,자녀 성인기(막내가 대학생～결혼 전),"2,100만원 이상",기술/숙련직,경기
44745,20230701,전기 자전거,남성,60대 이상,자녀 독립기(막내가 결혼한 상태),600만원 내외,일반 공무원/준공무원,충남
44765,20230701,전기 자전거,여성,50대,자녀 성인기(막내가 대학생～결혼 전),500만원 내외,전업주부,서울
44769,20230701,전기 자전거,남성,50대,자녀 성장기(막내가 초등학생～고등학생),500만원 내외,사무직,대구
44774,20230701,전동 킥보드,남성,40대,자녀 성인기(막내가 대학생～결혼 전),700만원 내외,무직/기타,서울
44796,20230701,"오토바이(바이크, 스쿠터)",남성,60대 이상,자녀 독립기(막내가 결혼한 상태),"1,100~1,500만원 내외",자영업,서울
44805,20230701,전기 자전거,남성,60대 이상,자녀 독립기(막내가 결혼한 상태),"2,100만원 이상",전문직,서울
44809,20230701,전기 자전거,남성,50대,자녀 성인기(막내가 대학생～결혼 전),700만원 내외,일반 공무원/준공무원,서울
44830,20230701,전기 자전거,남성,60대 이상,자녀 독립기(막내가 결혼한 상태),"1,600~2,000만원 내외",기술/숙련직,대구
44832,20230701,전기 자전거,남성,60대 이상,신혼기 초과(자녀없음),200만원 내외,무직/기타,대전
44852,20230701,"오토바이(바이크, 스쿠터)",남성,40대,1인 가구,500만원 내외,자영업,경기
44859,20230701,전동 킥보드,남성,40대,1인 가구,400만원 내외,사무직,대구
44864,20230701,전기 자전거,남성,60대 이상,자녀 성인기(막내가 대학생～결혼 전),800만원 내외,무직/기타,충남
44869,20230701,"오토바이(바이크, 스쿠터)",남성,50대,자녀 성인기(막내가 대학생～결혼 전),800만원 내외,기술/숙련직,충남
44870,20230701,"오토바이(바이크, 스쿠터)",남성,50대,자녀 유아기(막내가 초등학교 입학 전),400만원 내외,판매/서비스직,부산
44884,20230701,전동 스쿠터,남성,60대 이상,자녀 독립기(막내가 결혼한 상태),600만원 내외,자영업,대전
44899,20230701,"오토바이(바이크, 스쿠터)",남성,50대,자녀 성인기(막내가 대학생～결혼 전),300만원 내외,자영업,경남
44900,20230701,전동 킥보드,남성,30대,신혼기(자녀없음),700만원 내외,사무직,경기
44909,20230701,"오토바이(바이크, 스쿠터)",남성,50대,자녀 성인기(막내가 대학생～결혼 전),"1,100~1,500만원 내외",자영업,부산
44917,20230701,전기 자전거,남성,40대,자녀 성장기(막내가 초등학생～고등학생),"1,000만원 내외",경영/관리직,강원
44928,20230701,"오토바이(바이크, 스쿠터)",남성,50대,자녀 독립기(막내가 결혼한 상태),800만원 내외,기술/숙련직,강원
44929,20230701,전동 킥보드,남성,50대,자녀 성인기(막내가 대학생～결혼 전),900만원 내외,경영/관리직,경기
44939,20230701,"오토바이(바이크, 스쿠터)",남성,40대,신혼기 초과(자녀없음),"1,100~1,500만원 내외",자영업,인천
44945,20230701,전기 자전거,남성,40대,자녀 유아기(막내가 초등학교 입학 전),900만원 내외,전문직,경남
44992,20230701,"오토바이(바이크, 스쿠터)",남성,50대,자녀 성인기(막내가 대학생～결혼 전),400만원 내외,무직/기타,강원
45002,20230701,전동 휠,남성,50대,자녀 성인기(막내가 대학생～결혼 전),"2,100만원 이상",자영업,서울
45009,20230701,"오토바이(바이크, 스쿠터)",남성,50대,자녀 성인기(막내가 대학생～결혼 전),500만원 내외,판매/서비스직,서울
45017,20230701,"오토바이(바이크, 스쿠터)",남성,60대 이상,자녀 독립기(막내가 결혼한 상태),200만원 내외,무직/기타,전북
45031,20230701,"오토바이(바이크, 스쿠터)",여성,40대,자녀 성장기(막내가 초등학생～고등학생),700만원 내외,자영업,충남
45047,20230701,전기 자전거,남성,40대,자녀 성장기(막내가 초등학생～고등학생),400만원 내외,사무직,서울
45057,20230701,전기 자전거,남성,60대 이상,1인 가구,300만원 내외,기술/숙련직,서울
45103,20230701,전동 킥보드,남성,40대,자녀 성장기(막내가 초등학생～고등학생),600만원 내외,사무직,경기
45106,20230701,전동 킥보드,남성,50대,자녀 성인기(막내가 대학생～결혼 전),600만원 내외,사무직,강원
45129,20230701,"오토바이(바이크, 스쿠터)",남성,50대,자녀 성인기(막내가 대학생～결혼 전),500만원 내외,기술/숙련직,경북
45138,20230701,"오토바이(바이크, 스쿠터)",남성,60대 이상,자녀 독립기(막내가 결혼한 상태),모름,자영업,서울
45146,20230701,전기 자전거,여성,30대,신혼기 초과(자녀없음),800만원 내외,기술/숙련직,서울
45181,20230701,"오토바이(바이크, 스쿠터)",남성,50대,자녀 성장기(막내가 초등학생～고등학생),400만원 내외,사무직,서울
45191,20230701,"오토바이(바이크, 스쿠터)",남성,40대,자녀 성장기(막내가 초등학생～고등학생),800만원 내외,자영업,서울
45205,20230701,전기 자전거,남성,60대 이상,자녀 성인기(막내가 대학생～결혼 전),"1,100~1,500만원 내외",경영/관리직,서울
45220,20230701,"오토바이(바이크, 스쿠터)",남성,30대,자녀 독립기(막내가 결혼한 상태),500만원 내외,판매/서비스직,경기
45222,20230701,"오토바이(바이크, 스쿠터)",남성,40대,1인 가구,400만원 내외,판매/서비스직,경기
45226,20230701,전동 킥보드,남성,50대,자녀 성장기(막내가 초등학생～고등학생),400만원 내외,자영업,충남
45234,20230701,"오토바이(바이크, 스쿠터)",남성,50대,자녀 성인기(막내가 대학생～결혼 전),"2,100만원 이상",자영업,대구
45235,20230701,전기 자전거,여성,40대,자녀 성장기(막내가 초등학생～고등학생),700만원 내외,전업주부,서울
45245,20230701,"오토바이(바이크, 스쿠터)",남성,40대,자녀 성장기(막내가 초등학생～고등학생),600만원 내외,경영/관리직,충남
45301,20230701,"오토바이(바이크, 스쿠터)",남성,30대,1인 가구,600만원 내외,자영업,경기
45306,20230701,"오토바이(바이크, 스쿠터)",여성,40대,신혼기(자녀없음),500만원 내외,기술/숙련직,경기
45320,20230701,전기 자전거,여성,50대,자녀 성인기(막내가 대학생～결혼 전),600만원 내외,무직/기타,전북
45321,20230701,전동 스쿠터,남성,50대,자녀 성장기(막내가 초등학생～고등학생),900만원 내외,자영업,부산
45335,20230701,"오토바이(바이크, 스쿠터)",남성,60대 이상,자녀 독립기(막내가 결혼한 상태),400만원 내외,무직/기타,부산
45364,20230701,전동 휠,남성,40대,자녀 성장기(막내가 초등학생～고등학생),400만원 내외,자영업,대전
45365,20230701,"오토바이(바이크, 스쿠터)",남성,50대,자녀 성장기(막내가 초등학생～고등학생),500만원 내외,일반 공무원/준공무원,서울
45366,20230701,전동 킥보드,남성,40대,자녀 성장기(막내가 초등학생～고등학생),600만원 내외,자영업,경기
45375,20230701,"오토바이(바이크, 스쿠터)",남성,40대,자녀 성장기(막내가 초등학생～고등학생),600만원 내외,기술/숙련직,충남
45377,20230701,"오토바이(바이크, 스쿠터)",남성,40대,자녀 성장기(막내가 초등학생～고등학생),500만원 내외,판매/서비스직,경남
45378,20230701,전동 킥보드,남성,30대,자녀 성인기(막내가 대학생～결혼 전),"1,000만원 내외",사무직,부산
45380,20230701,전동 킥보드,남성,50대,자녀 독립기(막내가 결혼한 상태),900만원 내외,전문직,경기
45392,20230701,"오토바이(바이크, 스쿠터)",남성,50대,자녀 성인기(막내가 대학생～결혼 전),400만원 내외,일반 공무원/준공무원,부산
45395,20230701,전동 휠,남성,50대,자녀 유아기(막내가 초등학교 입학 전),200만원 내외,기술/숙련직,서울
45409,20230701,"오토바이(바이크, 스쿠터)",여성,30대,자녀 독립기(막내가 결혼한 상태),900만원 내외,판매/서비스직,서울
45419,20230701,"오토바이(바이크, 스쿠터)",남성,60대 이상,1인 가구,400만원 내외,자영업,대전
45426,20230701,"오토바이(바이크, 스쿠터)",남성,30대,1인 가구,600만원 내외,기술/숙련직,경기
45443,20230701,전기 자전거,여성,20대,1인 가구,200만원 내외,사무직,경남
45454,20230701,전동 킥보드,남성,50대,자녀 성인기(막내가 대학생～결혼 전),700만원 내외,기술/숙련직,서울
45455,20230701,전동 킥보드,남성,50대,신혼기 초과(자녀없음),"1,000만원 내외",전문직,인천
45456,20230701,"오토바이(바이크, 스쿠터)",남성,50대,자녀 성인기(막내가 대학생～결혼 전),600만원 내외,기술/숙련직,경남
45474,20230701,전기 자전거,여성,50대,자녀 성인기(막내가 대학생～결혼 전),"1,100~1,500만원 내외",무직/기타,서울
45488,20230701,전동 킥보드,남성,50대,자녀 성장기(막내가 초등학생～고등학생),"1,000만원 내외",전문직,경남
45500,20230701,"오토바이(바이크, 스쿠터)",남성,60대 이상,자녀 독립기(막내가 결혼한 상태),300만원 내외,무직/기타,제주
45513,20230701,"오토바이(바이크, 스쿠터)",남성,60대 이상,자녀 성인기(막내가 대학생～결혼 전),600만원 내외,기술/숙련직,울산
45521,20230701,전기 자전거,여성,40대,자녀 성장기(막내가 초등학생～고등학생),600만원 내외,사무직,경기
45525,20230701,전동 킥보드,남성,60대 이상,자녀 독립기(막내가 결혼한 상태),"1,000만원 내외",자영업,경기
45528,20230701,전기 자전거,남성,50대,자녀 성인기(막내가 대학생～결혼 전),600만원 내외,기술/숙련직,경기
45529,20230701,"오토바이(바이크, 스쿠터)",남성,30대,1인 가구,500만원 내외,기술/숙련직,경기
45538,20230701,"오토바이(바이크, 스쿠터)",남성,40대,자녀 유아기(막내가 초등학교 입학 전),500만원 내외,기술/숙련직,서울
45541,20230701,"오토바이(바이크, 스쿠터)",남성,40대,1인 가구,500만원 내외,사무직,서울
45547,20230701,전기 자전거,남성,60대 이상,자녀 성인기(막내가 대학생～결혼 전),500만원 내외,기술/숙련직,경북
45549,20230701,전동 킥보드,남성,20대,1인 가구,300만원 내외,사무직,충북
45584,20230701,전기 자전거,남성,60대 이상,자녀 독립기(막내가 결혼한 상태),600만원 내외,기술/숙련직,서울
45593,20230701,"오토바이(바이크, 스쿠터)",남성,50대,자녀 독립기(막내가 결혼한 상태),모름,기술/숙련직,충남
45600,20230701,전기 자전거,남성,60대 이상,자녀 성인기(막내가 대학생～결혼 전),400만원 내외,기술/숙련직,울산
45615,20230701,전동 킥보드,남성,40대,자녀 유아기(막내가 초등학교 입학 전),400만원 내외,일반 공무원/준공무원,강원
45616,20230701,전기 자전거,남성,40대,1인 가구,300만원 내외,기술/숙련직,경북
45636,20230701,"오토바이(바이크, 스쿠터)",남성,30대,자녀 독립기(막내가 결혼한 상태),400만원 내외,사무직,경기
45655,20230701,전기 자전거,여성,40대,자녀 성장기(막내가 초등학생～고등학생),300만원 내외,판매/서비스직,서울
45661,20230701,"오토바이(바이크, 스쿠터)",여성,20대,자녀 성인기(막내가 대학생～결혼 전),500만원 내외,무직/기타,서울
45665,20230701,전기 자전거,남성,60대 이상,1인 가구,200만원 내외,무직/기타,대전
45673,20230701,"오토바이(바이크, 스쿠터)",남성,50대,자녀 성인기(막내가 대학생～결혼 전),800만원 내외,자영업,대구
45678,20230701,전기 자전거,남성,50대,자녀 성장기(막내가 초등학생～고등학생),700만원 내외,사무직,서울
45698,20230701,전동 킥보드,남성,40대,자녀 성장기(막내가 초등학생～고등학생),"1,000만원 내외",사무직,경기
45706,20230701,전동 스쿠터,남성,40대,자녀 성장기(막내가 초등학생～고등학생),"1,100~1,500만원 내외",전문직,서울
45731,20230701,전동 스쿠터,여성,30대,1인 가구,500만원 내외,사무직,서울
45745,20230701,전기 자전거,남성,50대,자녀 성장기(막내가 초등학생～고등학생),"1,000만원 내외",기술/숙련직,경기
45773,20230701,"오토바이(바이크, 스쿠터)",남성,40대,1인 가구,500만원 내외,기술/숙련직,충남
45784,20230701,전기 자전거,남성,50대,자녀 성장기(막내가 초등학생～고등학생),700만원 내외,기술/숙련직,서울
45789,20230701,전동 킥보드,남성,50대,신혼기 초과(자녀없음),600만원 내외,전문직,대전
45790,20230701,전기 자전거,여성,40대,자녀 유아기(막내가 초등학교 입학 전),600만원 내외,전업주부,경기
45793,20230701,"오토바이(바이크, 스쿠터)",남성,40대,자녀 성장기(막내가 초등학생～고등학생),600만원 내외,사무직,경기
45797,20230701,전동 킥보드,남성,50대,신혼기(자녀없음),"1,000만원 내외",사무직,서울
45804,20230701,전동 스케이트보드,남성,50대,1인 가구,400만원 내외,기술/숙련직,경기
45815,20230701,전동 스케이트보드,여성,30대,1인 가구,900만원 내외,사무직,서울
45835,20230701,"오토바이(바이크, 스쿠터)",여성,30대,자녀 성인기(막내가 대학생～결혼 전),400만원 내외,무직/기타,광주
45838,20230701,"오토바이(바이크, 스쿠터)",남성,50대,자녀 성장기(막내가 초등학생～고등학생),800만원 내외,자영업,경기
45841,20230701,"오토바이(바이크, 스쿠터)",여성,30대,자녀 유아기(막내가 초등학교 입학 전),300만원 내외,전문직,서울
45847,20230701,전기 자전거,남성,60대 이상,자녀 성인기(막내가 대학생～결혼 전),"1,000만원 내외",자영업,서울
45854,20230701,"오토바이(바이크, 스쿠터)",남성,40대,자녀 성장기(막내가 초등학생～고등학생),"1,100~1,500만원 내외",전문직,서울
45860,20230701,"오토바이(바이크, 스쿠터)",남성,50대,자녀 성인기(막내가 대학생～결혼 전),700만원 내외,자영업,경기
45862,20230701,전동 킥보드,남성,40대,자녀 성장기(막내가 초등학생～고등학생),"1,600~2,000만원 내외",경영/관리직,경기
45877,20230701,전동 킥보드,남성,40대,자녀 성장기(막내가 초등학생～고등학생),"1,000만원 내외",자영업,경기
45889,20230701,전기 자전거,남성,30대,자녀 성인기(막내가 대학생～결혼 전),500만원 내외,사무직,서울
45895,20230701,전기 자전거,남성,60대 이상,자녀 독립기(막내가 결혼한 상태),"1,100~1,500만원 내외",전문직,인천
45896,20230701,전동 킥보드,남성,50대,자녀 성장기(막내가 초등학생～고등학생),600만원 내외,판매/서비스직,경남
45905,20230701,"오토바이(바이크, 스쿠터)",남성,50대,자녀 성인기(막내가 대학생～결혼 전),"1,600~2,000만원 내외",자영업,대구
45914,20230701,전기 자전거,남성,60대 이상,자녀 성인기(막내가 대학생～결혼 전),"1,000만원 내외",경영/관리직,경기
45934,20230701,전동 킥보드,여성,20대,1인 가구,모름,무직/기타,인천
45936,20230701,전동 휠,여성,40대,자녀 성장기(막내가 초등학생～고등학생),200만원 내외,사무직,서울
45938,20230701,전기 자전거,남성,40대,1인 가구,500만원 내외,전문직,부산
45974,20230701,전동 스케이트보드,남성,60대 이상,자녀 성인기(막내가 대학생～결혼 전),200만원 내외,기술/숙련직,충북
45984,20230701,"오토바이(바이크, 스쿠터)",남성,40대,1인 가구,600만원 내외,자영업,경기
45988,20230701,"오토바이(바이크, 스쿠터)",남성,40대,1인 가구,300만원 내외,판매/서비스직,세종
46005,20230701,전동 스쿠터,남성,50대,자녀 성인기(막내가 대학생～결혼 전),300만원 내외,자영업,충북
46008,20230701,전동 킥보드,남성,40대,자녀 유아기(막내가 초등학교 입학 전),600만원 내외,자영업,경기
46009,20230701,"오토바이(바이크, 스쿠터)",남성,60대 이상,1인 가구,"1,000만원 내외",무직/기타,대구
46020,20230701,전기 자전거,남성,60대 이상,자녀 성인기(막내가 대학생～결혼 전),300만원 내외,자영업,전남
46029,20230701,"오토바이(바이크, 스쿠터)",남성,60대 이상,자녀 독립기(막내가 결혼한 상태),900만원 내외,기술/숙련직,서울
46036,20230701,전동 킥보드,남성,60대 이상,자녀 성인기(막내가 대학생～결혼 전),"1,000만원 내외",무직/기타,경기
46040,20230701,"오토바이(바이크, 스쿠터)",여성,40대,자녀 성장기(막내가 초등학생～고등학생),100만원 이하,자영업,서울
46056,20230701,"오토바이(바이크, 스쿠터)",남성,40대,1인 가구,500만원 내외,사무직,경기
46060,20230701,전기 자전거,여성,50대,자녀 독립기(막내가 결혼한 상태),900만원 내외,전문직,경남
46071,20230701,"오토바이(바이크, 스쿠터)",여성,50대,자녀 성장기(막내가 초등학생～고등학생),400만원 내외,무직/기타,서울
46082,20230701,"오토바이(바이크, 스쿠터)",남성,50대,자녀 성인기(막내가 대학생～결혼 전),"1,000만원 내외",자영업,경남
46084,20230701,"오토바이(바이크, 스쿠터)",여성,40대,자녀 성장기(막내가 초등학생～고등학생),700만원 내외,전업주부,경기
46090,20230701,"오토바이(바이크, 스쿠터)",여성,50대,자녀 성장기(막내가 초등학생～고등학생),700만원 내외,자영업,인천
46101,20230701,전기 자전거,남성,40대,자녀 성장기(막내가 초등학생～고등학생),500만원 내외,무직/기타,경기
46111,20230701,전기 자전거,남성,50대,자녀 성장기(막내가 초등학생～고등학생),700만원 내외,기술/숙련직,강원
46116,20230701,"오토바이(바이크, 스쿠터)",남성,40대,자녀 성인기(막내가 대학생～결혼 전),600만원 내외,기술/숙련직,경기
46122,20230701,전동 킥보드,남성,40대,자녀 성인기(막내가 대학생～결혼 전),600만원 내외,기술/숙련직,부산
46129,20230701,"오토바이(바이크, 스쿠터)",남성,40대,자녀 성장기(막내가 초등학생～고등학생),모름,무직/기타,부산
46134,20230701,"오토바이(바이크, 스쿠터)",남성,50대,자녀 성인기(막내가 대학생～결혼 전),600만원 내외,자영업,대전
46146,20230701,"오토바이(바이크, 스쿠터)",남성,50대,자녀 성인기(막내가 대학생～결혼 전),400만원 내외,무직/기타,서울
46148,20230701,전동 킥보드,남성,30대,1인 가구,300만원 내외,무직/기타,대구
46169,20230701,전동 킥보드,남성,50대,자녀 성장기(막내가 초등학생～고등학생),"1,000만원 내외",자영업,서울
46179,20230701,전동 킥보드,여성,30대,신혼기(자녀없음),500만원 내외,판매/서비스직,강원
46184,20230701,전기 자전거,남성,60대 이상,자녀 성인기(막내가 대학생～결혼 전),500만원 내외,자영업,경기
46204,20230701,전동 스쿠터,남성,40대,자녀 성인기(막내가 대학생～결혼 전),800만원 내외,사무직,서울
46205,20230701,전동 킥보드,남성,40대,자녀 성장기(막내가 초등학생～고등학생),500만원 내외,사무직,서울
46213,20230701,전기 자전거,남성,60대 이상,자녀 독립기(막내가 결혼한 상태),400만원 내외,사무직,충북
46225,20230701,전기 자전거,남성,50대,자녀 성인기(막내가 대학생～결혼 전),"1,100~1,500만원 내외",일반 공무원/준공무원,경남
46226,20230701,전동 킥보드,남성,30대,신혼기(자녀없음),600만원 내외,사무직,경기
46229,20230701,전동 킥보드,여성,30대,자녀 성장기(막내가 초등학생～고등학생),100만원 이하,전업주부,경기
46230,20230701,전기 자전거,남성,40대,1인 가구,200만원 내외,무직/기타,서울
46235,20230701,전기 자전거,여성,60대 이상,자녀 성인기(막내가 대학생～결혼 전),500만원 내외,전업주부,충남
46242,20230701,전동 킥보드,남성,40대,자녀 성장기(막내가 초등학생～고등학생),"1,000만원 내외",자영업,부산
46268,20230701,전동 킥보드,남성,50대,자녀 성장기(막내가 초등학생～고등학생),700만원 내외,전문직,경기
46283,20230701,"오토바이(바이크, 스쿠터)",여성,40대,1인 가구,700만원 내외,전문직,서울
46292,20230701,전동 휠,남성,40대,자녀 유아기(막내가 초등학교 입학 전),500만원 내외,기술/숙련직,경기
46320,20230701,전기 자전거,남성,20대,자녀 유아기(막내가 초등학교 입학 전),600만원 내외,자영업,서울
46331,20230701,"오토바이(바이크, 스쿠터)",남성,30대,신혼기(자녀없음),300만원 내외,기술/숙련직,경기
46332,20230701,전기 자전거,여성,30대,자녀 성인기(막내가 대학생～결혼 전),"1,000만원 내외",사무직,경기
46341,20230701,전기 자전거,여성,40대,자녀 독립기(막내가 결혼한 상태),500만원 내외,사무직,부산
46342,20230701,전기 자전거,남성,20대,1인 가구,400만원 내외,기술/숙련직,울산
46349,20230701,전동 킥보드,남성,30대,자녀 유아기(막내가 초등학교 입학 전),500만원 내외,일반 공무원/준공무원,대전
46357,20230701,"오토바이(바이크, 스쿠터)",남성,60대 이상,자녀 성인기(막내가 대학생～결혼 전),400만원 내외,무직/기타,충북
46363,20230701,"오토바이(바이크, 스쿠터)",남성,40대,자녀 성장기(막내가 초등학생～고등학생),500만원 내외,판매/서비스직,부산
46386,20230701,전동 킥보드,여성,40대,자녀 성인기(막내가 대학생～결혼 전),500만원 내외,일반 공무원/준공무원,세종
46392,20230701,전동 휠,남성,40대,자녀 성장기(막내가 초등학생～고등학생),500만원 내외,기술/숙련직,세종
46400,20230701,전기 자전거,남성,50대,자녀 성장기(막내가 초등학생～고등학생),700만원 내외,기술/숙련직,전남
46409,20230701,전동 킥보드,남성,60대 이상,자녀 독립기(막내가 결혼한 상태),600만원 내외,일반 공무원/준공무원,서울
46416,20230701,전동 킥보드,남성,40대,자녀 성장기(막내가 초등학생～고등학생),600만원 내외,무직/기타,경남
46424,20230701,"오토바이(바이크, 스쿠터)",남성,30대,1인 가구,500만원 내외,기술/숙련직,경기
46428,20230701,"오토바이(바이크, 스쿠터)",남성,60대 이상,자녀 성인기(막내가 대학생～결혼 전),600만원 내외,무직/기타,서울
46434,20230701,전기 자전거,여성,30대,자녀 유아기(막내가 초등학교 입학 전),"1,100~1,500만원 내외",기술/숙련직,부산
46441,20230701,"오토바이(바이크, 스쿠터)",남성,60대 이상,자녀 독립기(막내가 결혼한 상태),500만원 내외,기술/숙련직,충남
46451,20230701,"오토바이(바이크, 스쿠터)",남성,60대 이상,자녀 성장기(막내가 초등학생～고등학생),500만원 내외,사무직,서울
46452,20230701,전기 자전거,남성,60대 이상,자녀 독립기(막내가 결혼한 상태),500만원 내외,기술/숙련직,광주
46466,20230701,전동 킥보드,남성,40대,자녀 성장기(막내가 초등학생～고등학생),400만원 내외,일반 공무원/준공무원,경기
46483,20230701,전동 휠,남성,30대,자녀 성장기(막내가 초등학생～고등학생),500만원 내외,경영/관리직,서울
46484,20230701,전기 자전거,여성,50대,자녀 성장기(막내가 초등학생～고등학생),"1,000만원 내외",기술/숙련직,충남
46514,20230701,"오토바이(바이크, 스쿠터)",남성,40대,자녀 성장기(막내가 초등학생～고등학생),600만원 내외,자영업,전북
46517,20230701,전동 킥보드,남성,40대,자녀 독립기(막내가 결혼한 상태),400만원 내외,자영업,서울
46547,20230701,전기 자전거,남성,50대,자녀 성인기(막내가 대학생～결혼 전),"1,100~1,500만원 내외",일반 공무원/준공무원,경기
46559,20230701,"오토바이(바이크, 스쿠터)",남성,40대,자녀 성장기(막내가 초등학생～고등학생),800만원 내외,일반 공무원/준공무원,전남
46560,20230701,전동 킥보드,남성,40대,1인 가구,500만원 내외,기술/숙련직,경기
46585,20230701,"오토바이(바이크, 스쿠터)",남성,20대,자녀 성인기(막내가 대학생～결혼 전),300만원 내외,학생,서울
46590,20230701,전동 킥보드,남성,50대,자녀 성장기(막내가 초등학생～고등학생),600만원 내외,일반 공무원/준공무원,광주
46596,20230701,전동 킥보드,여성,30대,신혼기(자녀없음),900만원 내외,사무직,서울
46598,20230701,전동 킥보드,남성,50대,자녀 성장기(막내가 초등학생～고등학생),600만원 내외,일반 공무원/준공무원,서울
46602,20230701,"오토바이(바이크, 스쿠터)",남성,60대 이상,자녀 성인기(막내가 대학생～결혼 전),300만원 내외,무직/기타,대구
46607,20230701,전동 스쿠터,남성,50대,자녀 성인기(막내가 대학생～결혼 전),200만원 내외,자영업,경남
46614,20230701,전동 킥보드,남성,40대,자녀 성장기(막내가 초등학생～고등학생),"1,000만원 내외",사무직,인천
46618,20230701,전동 스케이트보드,남성,40대,자녀 성장기(막내가 초등학생～고등학생),300만원 내외,전문직,대구
46637,20230701,전동 킥보드,남성,40대,자녀 성장기(막내가 초등학생～고등학생),500만원 내외,전문직,전남
46647,20230701,전동 킥보드,남성,60대 이상,신혼기(자녀없음),"1,000만원 내외",자영업,인천
46649,20230701,"오토바이(바이크, 스쿠터)",남성,40대,자녀 유아기(막내가 초등학교 입학 전),"1,000만원 내외",자영업,부산
46651,20230701,전동 킥보드,남성,40대,자녀 성장기(막내가 초등학생～고등학생),300만원 내외,일반 공무원/준공무원,인천
46658,20230701,"오토바이(바이크, 스쿠터)",남성,40대,자녀 유아기(막내가 초등학교 입학 전),500만원 내외,기술/숙련직,울산
46663,20230701,전동 스쿠터,남성,40대,자녀 성장기(막내가 초등학생～고등학생),800만원 내외,사무직,인천
46669,20230701,전기 자전거,남성,40대,자녀 성인기(막내가 대학생～결혼 전),"1,000만원 내외",사무직,경기
46678,20230701,전동 스쿠터,남성,20대,자녀 성장기(막내가 초등학생～고등학생),모름,기술/숙련직,경남
46693,20230701,전동 킥보드,남성,40대,자녀 성장기(막내가 초등학생～고등학생),500만원 내외,기술/숙련직,경기
46698,20230701,전기 자전거,남성,40대,자녀 성장기(막내가 초등학생～고등학생),800만원 내외,기술/숙련직,강원
46706,20230701,"오토바이(바이크, 스쿠터)",남성,50대,자녀 성인기(막내가 대학생～결혼 전),300만원 내외,자영업,경기
46719,20230701,"오토바이(바이크, 스쿠터)",남성,50대,자녀 성장기(막내가 초등학생～고등학생),900만원 내외,사무직,대구
46723,20230701,"오토바이(바이크, 스쿠터)",여성,40대,자녀 성장기(막내가 초등학생～고등학생),"1,100~1,500만원 내외",판매/서비스직,서울
46741,20230701,"오토바이(바이크, 스쿠터)",남성,30대,자녀 성장기(막내가 초등학생～고등학생),700만원 내외,사무직,부산
46747,20230701,"오토바이(바이크, 스쿠터)",남성,60대 이상,자녀 성인기(막내가 대학생～결혼 전),500만원 내외,무직/기타,경북
46753,20230701,전동 킥보드,남성,50대,신혼기(자녀없음),500만원 내외,기술/숙련직,부산
46775,20230701,"오토바이(바이크, 스쿠터)",여성,50대,자녀 성인기(막내가 대학생～결혼 전),"1,100~1,500만원 내외",자영업,경기
46814,20230701,전동 킥보드,남성,50대,자녀 독립기(막내가 결혼한 상태),"1,000만원 내외",자영업,대구
46839,20230701,전기 자전거,여성,40대,자녀 성장기(막내가 초등학생～고등학생),400만원 내외,전업주부,대구
46843,20230701,전동 스쿠터,남성,60대 이상,자녀 독립기(막내가 결혼한 상태),800만원 내외,경영/관리직,경기
46849,20230701,"오토바이(바이크, 스쿠터)",남성,60대 이상,자녀 독립기(막내가 결혼한 상태),600만원 내외,무직/기타,대구
46853,20230701,"오토바이(바이크, 스쿠터)",남성,40대,자녀 성장기(막내가 초등학생～고등학생),"1,000만원 내외",사무직,인천
46872,20230701,전기 자전거,남성,60대 이상,자녀 독립기(막내가 결혼한 상태),700만원 내외,판매/서비스직,경기
46906,20230701,전기 자전거,여성,60대 이상,자녀 성인기(막내가 대학생～결혼 전),"1,000만원 내외",판매/서비스직,서울
46908,20230701,"오토바이(바이크, 스쿠터)",남성,40대,신혼기 초과(자녀없음),200만원 내외,기술/숙련직,충북
46917,20230701,전동 스쿠터,남성,60대 이상,자녀 독립기(막내가 결혼한 상태),500만원 내외,전문직,서울
46924,20230701,"오토바이(바이크, 스쿠터)",남성,60대 이상,자녀 독립기(막내가 결혼한 상태),"1,000만원 내외",자영업,부산
46930,20230701,전기 자전거,남성,60대 이상,자녀 성인기(막내가 대학생～결혼 전),700만원 내외,판매/서비스직,경기
46938,20230701,전동 킥보드,여성,20대,신혼기 초과(자녀없음),300만원 내외,무직/기타,경기
46943,20230701,전동 스케이트보드,여성,20대,1인 가구,600만원 내외,사무직,대구
46959,20230701,전기 자전거,남성,40대,자녀 성장기(막내가 초등학생～고등학생),900만원 내외,일반 공무원/준공무원,경기
46960,20230701,전기 자전거,여성,40대,자녀 성인기(막내가 대학생～결혼 전),400만원 내외,사무직,대전
46965,20230701,"오토바이(바이크, 스쿠터)",남성,60대 이상,자녀 독립기(막내가 결혼한 상태),300만원 내외,자영업,경기
46990,20230701,"오토바이(바이크, 스쿠터)",남성,40대,자녀 유아기(막내가 초등학교 입학 전),500만원 내외,기술/숙련직,경기
46991,20230701,전기 자전거,남성,50대,자녀 성장기(막내가 초등학생～고등학생),600만원 내외,사무직,서울
46999,20230701,"오토바이(바이크, 스쿠터)",남성,50대,자녀 성인기(막내가 대학생～결혼 전),800만원 내외,판매/서비스직,대구
47008,20230701,전기 자전거,남성,40대,자녀 성장기(막내가 초등학생～고등학생),700만원 내외,일반 공무원/준공무원,경기
47011,20230701,"오토바이(바이크, 스쿠터)",남성,50대,자녀 성인기(막내가 대학생～결혼 전),700만원 내외,기술/숙련직,서울
47015,20230701,전기 자전거,여성,50대,자녀 독립기(막내가 결혼한 상태),"1,100~1,500만원 내외",전업주부,인천
47019,20230701,전동 킥보드,남성,40대,자녀 유아기(막내가 초등학교 입학 전),"1,600~2,000만원 내외",사무직,세종
47020,20230701,전기 자전거,남성,40대,자녀 성장기(막내가 초등학생～고등학생),500만원 내외,기술/숙련직,인천
47025,20230701,전동 스쿠터,남성,40대,자녀 성인기(막내가 대학생～결혼 전),"1,000만원 내외",사무직,경기
47027,20230701,"오토바이(바이크, 스쿠터)",남성,50대,자녀 성인기(막내가 대학생～결혼 전),700만원 내외,기술/숙련직,서울
47030,20230701,전동 킥보드,남성,40대,자녀 독립기(막내가 결혼한 상태),800만원 내외,전문직,전북
47033,20230701,전동 킥보드,남성,50대,자녀 성장기(막내가 초등학생～고등학생),"1,000만원 내외",사무직,서울
47035,20230701,전기 자전거,여성,30대,자녀 유아기(막내가 초등학교 입학 전),"1,100~1,500만원 내외",일반 공무원/준공무원,부산
47042,20230701,전기 자전거,남성,30대,자녀 유아기(막내가 초등학교 입학 전),모름,전문직,경기
47062,20230701,전기 자전거,남성,50대,1인 가구,200만원 내외,기술/숙련직,부산
47065,20230701,전동 스케이트보드,남성,30대,1인 가구,200만원 내외,일반 공무원/준공무원,서울
47075,20230701,"오토바이(바이크, 스쿠터)",남성,40대,자녀 성장기(막내가 초등학생～고등학생),700만원 내외,사무직,서울
47086,20230701,전동 스케이트보드,여성,30대,자녀 유아기(막내가 초등학교 입학 전),500만원 내외,기술/숙련직,서울
47117,20230701,전기 자전거,남성,60대 이상,자녀 성인기(막내가 대학생～결혼 전),"1,100~1,500만원 내외",기술/숙련직,인천
47167,20230701,"오토바이(바이크, 스쿠터)",남성,40대,신혼기 초과(자녀없음),400만원 내외,사무직,경기
47184,20230701,전동 스쿠터,남성,40대,자녀 성장기(막내가 초등학생～고등학생),800만원 내외,전문직,세종
47185,20230701,전기 자전거,남성,40대,자녀 성장기(막내가 초등학생～고등학생),500만원 내외,판매/서비스직,경기
47197,20230701,"오토바이(바이크, 스쿠터)",남성,60대 이상,자녀 독립기(막내가 결혼한 상태),200만원 내외,무직/기타,전북
47217,20230701,전동 스쿠터,남성,40대,신혼기(자녀없음),700만원 내외,판매/서비스직,경기
47220,20230701,"오토바이(바이크, 스쿠터)",남성,50대,1인 가구,300만원 내외,자영업,대구
47221,20230701,전동 킥보드,남성,40대,1인 가구,500만원 내외,자영업,충남
47233,20230701,전기 자전거,남성,60대 이상,자녀 성인기(막내가 대학생～결혼 전),"2,100만원 이상",전문직,경북
47235,20230701,전기 자전거,남성,60대 이상,자녀 성인기(막내가 대학생～결혼 전),600만원 내외,무직/기타,대전
47248,20230701,전기 자전거,남성,50대,자녀 성인기(막내가 대학생～결혼 전),"1,600~2,000만원 내외",사무직,서울
47256,20230701,전동 킥보드,남성,40대,자녀 성장기(막내가 초등학생～고등학생),"1,000만원 내외",기술/숙련직,경북
47282,20230701,전동 킥보드,남성,40대,자녀 성장기(막내가 초등학생～고등학생),600만원 내외,기술/숙련직,경기
47311,20230701,전기 자전거,남성,50대,자녀 성인기(막내가 대학생～결혼 전),"1,100~1,500만원 내외",판매/서비스직,경기
47319,20230701,"오토바이(바이크, 스쿠터)",남성,60대 이상,자녀 독립기(막내가 결혼한 상태),400만원 내외,무직/기타,경남
47331,20230701,전기 자전거,남성,40대,자녀 성인기(막내가 대학생～결혼 전),700만원 내외,판매/서비스직,경남
47344,20230701,전동 킥보드,남성,40대,자녀 성장기(막내가 초등학생～고등학생),800만원 내외,기술/숙련직,부산
47348,20230701,전동 킥보드,남성,40대,자녀 성장기(막내가 초등학생～고등학생),400만원 내외,전문직,경남
47359,20230701,"오토바이(바이크, 스쿠터)",남성,50대,자녀 성인기(막내가 대학생～결혼 전),800만원 내외,일반 공무원/준공무원,경기
47374,20230701,"오토바이(바이크, 스쿠터)",남성,50대,자녀 성장기(막내가 초등학생～고등학생),500만원 내외,자영업,경기
47402,20230701,"오토바이(바이크, 스쿠터)",여성,50대,자녀 성인기(막내가 대학생～결혼 전),400만원 내외,사무직,서울
47462,20230701,전기 자전거,남성,30대,신혼기 초과(자녀없음),300만원 내외,자영업,인천
47495,20230701,전동 킥보드,여성,40대,1인 가구,300만원 내외,사무직,경기
47519,20230701,전동 킥보드,남성,50대,자녀 성장기(막내가 초등학생～고등학생),800만원 내외,자영업,경기
47526,20230701,전기 자전거,남성,40대,자녀 성장기(막내가 초등학생～고등학생),"1,100~1,500만원 내외",전문직,서울
47535,20230701,"오토바이(바이크, 스쿠터)",남성,60대 이상,자녀 성인기(막내가 대학생～결혼 전),300만원 내외,무직/기타,서울
47538,20230701,전동 스케이트보드,남성,40대,자녀 유아기(막내가 초등학교 입학 전),"2,100만원 이상",기술/숙련직,서울
47561,20230701,전기 자전거,남성,40대,자녀 유아기(막내가 초등학교 입학 전),500만원 내외,기술/숙련직,경기
47570,20230701,"오토바이(바이크, 스쿠터)",남성,20대,1인 가구,600만원 내외,학생,서울
47572,20230701,전기 자전거,남성,30대,자녀 유아기(막내가 초등학교 입학 전),"1,100~1,500만원 내외",사무직,부산
47574,20230701,전기 자전거,남성,60대 이상,자녀 성인기(막내가 대학생～결혼 전),"1,100~1,500만원 내외",자영업,서울
47577,20230701,전동 킥보드,남성,50대,자녀 성인기(막내가 대학생～결혼 전),900만원 내외,사무직,서울
47578,20230701,전기 자전거,남성,60대 이상,자녀 유아기(막내가 초등학교 입학 전),400만원 내외,기술/숙련직,경기
47594,20230701,전기 자전거,남성,50대,1인 가구,"1,100~1,500만원 내외",기술/숙련직,서울
47605,20230701,전기 자전거,남성,60대 이상,자녀 독립기(막내가 결혼한 상태),600만원 내외,무직/기타,충남
47606,20230701,"오토바이(바이크, 스쿠터)",남성,30대,신혼기 초과(자녀없음),500만원 내외,일반 공무원/준공무원,경남
47612,20230701,"오토바이(바이크, 스쿠터)",남성,40대,자녀 성장기(막내가 초등학생～고등학생),700만원 내외,기술/숙련직,서울
47627,20230701,"오토바이(바이크, 스쿠터)",남성,60대 이상,자녀 유아기(막내가 초등학교 입학 전),200만원 내외,판매/서비스직,대구
47650,20230701,전동 킥보드,남성,40대,1인 가구,200만원 내외,무직/기타,경기
47656,20230701,전기 자전거,남성,50대,자녀 성인기(막내가 대학생～결혼 전),500만원 내외,사무직,서울
47661,20230701,"오토바이(바이크, 스쿠터)",여성,60대 이상,자녀 독립기(막내가 결혼한 상태),500만원 내외,전업주부,충북
47670,20230701,전동 킥보드,남성,50대,자녀 성인기(막내가 대학생～결혼 전),"1,000만원 내외",자영업,대구
47673,20230701,전동 킥보드,여성,40대,자녀 성장기(막내가 초등학생～고등학생),800만원 내외,전업주부,경기
47674,20230701,전기 자전거,남성,40대,신혼기 초과(자녀없음),600만원 내외,기술/숙련직,서울
47680,20230701,전기 자전거,남성,60대 이상,자녀 독립기(막내가 결혼한 상태),"1,600~2,000만원 내외",판매/서비스직,경남
47689,20230701,전기 자전거,남성,60대 이상,자녀 성인기(막내가 대학생～결혼 전),400만원 내외,무직/기타,경기
47707,20230701,전동 휠,남성,60대 이상,자녀 유아기(막내가 초등학교 입학 전),500만원 내외,사무직,대구
47709,20230701,전기 자전거,남성,20대,자녀 성장기(막내가 초등학생～고등학생),800만원 내외,기술/숙련직,경기
47710,20230701,"오토바이(바이크, 스쿠터)",남성,40대,자녀 성장기(막내가 초등학생～고등학생),300만원 내외,기술/숙련직,울산
47715,20230701,"오토바이(바이크, 스쿠터)",남성,30대,1인 가구,모름,기술/숙련직,부산
47722,20230701,"오토바이(바이크, 스쿠터)",여성,40대,자녀 성인기(막내가 대학생～결혼 전),200만원 내외,무직/기타,강원
47724,20230701,"오토바이(바이크, 스쿠터)",남성,60대 이상,자녀 성인기(막내가 대학생～결혼 전),"1,600~2,000만원 내외",자영업,경기
47742,20230701,전기 자전거,여성,40대,신혼기 초과(자녀없음),700만원 내외,사무직,서울
47750,20230701,전동 휠,남성,40대,자녀 성장기(막내가 초등학생～고등학생),600만원 내외,무직/기타,경기
47781,20230701,"오토바이(바이크, 스쿠터)",남성,30대,신혼기 초과(자녀없음),300만원 내외,기술/숙련직,서울
47797,20230701,전동 킥보드,남성,30대,자녀 성인기(막내가 대학생～결혼 전),500만원 내외,사무직,서울
47799,20230701,"오토바이(바이크, 스쿠터)",남성,40대,1인 가구,"1,000만원 내외",기술/숙련직,경기
47809,20230701,"오토바이(바이크, 스쿠터)",남성,40대,1인 가구,300만원 내외,판매/서비스직,광주
47811,20230701,전동 킥보드,남성,30대,1인 가구,300만원 내외,기술/숙련직,부산
47830,20230701,"오토바이(바이크, 스쿠터)",남성,40대,자녀 성인기(막내가 대학생～결혼 전),600만원 내외,기술/숙련직,경기
47831,20230701,"오토바이(바이크, 스쿠터)",남성,60대 이상,자녀 성인기(막내가 대학생～결혼 전),"1,000만원 내외",자영업,인천
47844,20230701,전기 자전거,남성,40대,1인 가구,300만원 내외,사무직,광주
47845,20230701,전기 자전거,남성,60대 이상,자녀 독립기(막내가 결혼한 상태),100만원 이하,무직/기타,부산
47859,20230701,"오토바이(바이크, 스쿠터)",남성,40대,자녀 성장기(막내가 초등학생～고등학생),"2,100만원 이상",자영업,경기
47869,20230701,전기 자전거,남성,50대,1인 가구,800만원 내외,기술/숙련직,전북
47873,20230701,전기 자전거,남성,40대,자녀 유아기(막내가 초등학교 입학 전),600만원 내외,기술/숙련직,경기
47884,20230701,전동 킥보드,남성,60대 이상,자녀 성인기(막내가 대학생～결혼 전),600만원 내외,자영업,대전
47894,20230701,전동 스쿠터,남성,50대,1인 가구,200만원 내외,기술/숙련직,강원
47897,20230701,"오토바이(바이크, 스쿠터)",남성,40대,자녀 유아기(막내가 초등학교 입학 전),400만원 내외,자영업,서울
47914,20230701,전기 자전거,남성,60대 이상,자녀 성인기(막내가 대학생～결혼 전),500만원 내외,무직/기타,경기
47915,20230701,"오토바이(바이크, 스쿠터)",남성,40대,자녀 성장기(막내가 초등학생～고등학생),"1,600~2,000만원 내외",자영업,경기
47918,20230701,전기 자전거,여성,30대,자녀 유아기(막내가 초등학교 입학 전),700만원 내외,사무직,부산
47932,20230701,전기 자전거,남성,40대,자녀 유아기(막내가 초등학교 입학 전),"1,000만원 내외",사무직,울산
47942,20230701,전동 킥보드,여성,30대,신혼기(자녀없음),400만원 내외,사무직,서울
47950,20230701,전기 자전거,남성,50대,자녀 성인기(막내가 대학생～결혼 전),900만원 내외,경영/관리직,경기
47953,20230701,전동 킥보드,남성,50대,자녀 성인기(막내가 대학생～결혼 전),900만원 내외,기술/숙련직,서울
47962,20230701,전기 자전거,남성,20대,자녀 성인기(막내가 대학생～결혼 전),400만원 내외,무직/기타,서울
47964,20230701,전동 킥보드,남성,40대,자녀 성장기(막내가 초등학생～고등학생),400만원 내외,사무직,경기
47973,20230701,전동 스쿠터,남성,40대,자녀 성장기(막내가 초등학생～고등학생),600만원 내외,사무직,경북
47979,20230701,전동 스쿠터,남성,50대,자녀 성장기(막내가 초등학생～고등학생),700만원 내외,기술/숙련직,강원
47981,20230701,"오토바이(바이크, 스쿠터)",남성,30대,1인 가구,"1,000만원 내외",전문직,서울
48005,20230701,전기 자전거,남성,20대,자녀 성장기(막내가 초등학생～고등학생),200만원 내외,전업주부,경북
48020,20230701,전기 자전거,남성,40대,자녀 성장기(막내가 초등학생～고등학생),600만원 내외,사무직,서울
48056,20230701,"오토바이(바이크, 스쿠터)",남성,50대,자녀 성장기(막내가 초등학생～고등학생),"1,100~1,500만원 내외",일반 공무원/준공무원,충남
48105,20230701,"오토바이(바이크, 스쿠터)",남성,50대,자녀 유아기(막내가 초등학교 입학 전),500만원 내외,일반 공무원/준공무원,전남
48117,20230701,전동 킥보드,남성,50대,자녀 성인기(막내가 대학생～결혼 전),"1,600~2,000만원 내외",경영/관리직,서울
48129,20230701,"오토바이(바이크, 스쿠터)",남성,40대,자녀 성장기(막내가 초등학생～고등학생),800만원 내외,기술/숙련직,광주
48130,20230701,전기 자전거,여성,40대,자녀 성장기(막내가 초등학생～고등학생),800만원 내외,일반 공무원/준공무원,서울
48143,20230701,전기 자전거,남성,40대,1인 가구,300만원 내외,판매/서비스직,서울
48145,20230701,"오토바이(바이크, 스쿠터)",남성,50대,신혼기(자녀없음),500만원 내외,자영업,서울
48146,20230701,전동 킥보드,남성,60대 이상,자녀 독립기(막내가 결혼한 상태),700만원 내외,무직/기타,경북
48157,20230701,전기 자전거,여성,50대,자녀 성인기(막내가 대학생～결혼 전),300만원 내외,자영업,강원
48162,20230701,전동 킥보드,남성,50대,자녀 성인기(막내가 대학생～결혼 전),"1,600~2,000만원 내외",경영/관리직,충북
48182,20230701,"오토바이(바이크, 스쿠터)",남성,20대,1인 가구,100만원 이하,무직/기타,대구
48195,20230701,"오토바이(바이크, 스쿠터)",남성,40대,1인 가구,400만원 내외,사무직,경기
48196,20230701,전동 킥보드,남성,40대,1인 가구,300만원 내외,무직/기타,경남
48202,20230701,전동 킥보드,남성,50대,자녀 성인기(막내가 대학생～결혼 전),600만원 내외,자영업,서울
48253,20230701,전기 자전거,남성,60대 이상,자녀 성인기(막내가 대학생～결혼 전),500만원 내외,기술/숙련직,경남
48266,20230701,전동 킥보드,남성,40대,자녀 성장기(막내가 초등학생～고등학생),600만원 내외,자영업,경기
48284,20230701,"오토바이(바이크, 스쿠터)",남성,50대,자녀 성인기(막내가 대학생～결혼 전),"1,100~1,500만원 내외",자영업,전남
48300,20230701,"오토바이(바이크, 스쿠터)",남성,40대,자녀 성장기(막내가 초등학생～고등학생),900만원 내외,기술/숙련직,서울
48310,20230701,전기 자전거,남성,50대,자녀 성인기(막내가 대학생～결혼 전),500만원 내외,기술/숙련직,광주
48311,20230701,"오토바이(바이크, 스쿠터)",남성,30대,자녀 유아기(막내가 초등학교 입학 전),300만원 내외,기술/숙련직,부산
48321,20230701,"오토바이(바이크, 스쿠터)",남성,50대,신혼기 초과(자녀없음),500만원 내외,자영업,서울
48331,20230701,전기 자전거,남성,40대,자녀 유아기(막내가 초등학교 입학 전),600만원 내외,일반 공무원/준공무원,울산
48343,20230701,전동 스케이트보드,남성,50대,자녀 성장기(막내가 초등학생～고등학생),"2,100만원 이상",기술/숙련직,경기
48346,20230701,"오토바이(바이크, 스쿠터)",남성,40대,신혼기 초과(자녀없음),500만원 내외,전업주부,경기
48359,20230701,전동 킥보드,남성,50대,자녀 성인기(막내가 대학생～결혼 전),600만원 내외,사무직,세종
48366,20230701,전동 휠,남성,30대,자녀 성장기(막내가 초등학생～고등학생),"1,100~1,500만원 내외",일반 공무원/준공무원,서울
48407,20230701,"오토바이(바이크, 스쿠터)",남성,40대,자녀 성인기(막내가 대학생～결혼 전),"1,600~2,000만원 내외",자영업,경기
48425,20230701,"오토바이(바이크, 스쿠터)",남성,40대,자녀 성장기(막내가 초등학생～고등학생),"1,000만원 내외",자영업,경기
48428,20230701,"오토바이(바이크, 스쿠터)",남성,40대,1인 가구,500만원 내외,사무직,부산
48433,20230701,전동 킥보드,남성,50대,자녀 성장기(막내가 초등학생～고등학생),700만원 내외,자영업,부산
48444,20230701,전기 자전거,남성,40대,신혼기(자녀없음),500만원 내외,일반 공무원/준공무원,경기
48449,20230701,"오토바이(바이크, 스쿠터)",남성,40대,신혼기 초과(자녀없음),600만원 내외,기술/숙련직,부산
48470,20230701,전기 자전거,남성,40대,자녀 유아기(막내가 초등학교 입학 전),600만원 내외,일반 공무원/준공무원,인천
48471,20230701,"오토바이(바이크, 스쿠터)",남성,40대,신혼기(자녀없음),600만원 내외,기술/숙련직,경기
48472,20230701,"오토바이(바이크, 스쿠터)",남성,60대 이상,1인 가구,100만원 이하,자영업,경기
48485,20230701,"오토바이(바이크, 스쿠터)",남성,60대 이상,자녀 독립기(막내가 결혼한 상태),500만원 내외,무직/기타,경남
48498,20230701,전동 킥보드,남성,20대,자녀 성인기(막내가 대학생～결혼 전),600만원 내외,학생,광주
48499,20230701,전기 자전거,여성,60대 이상,1인 가구,"1,000만원 내외",전문직,대구
48509,20230701,"오토바이(바이크, 스쿠터)",남성,50대,자녀 성인기(막내가 대학생～결혼 전),400만원 내외,판매/서비스직,서울
48525,20230701,"오토바이(바이크, 스쿠터)",남성,30대,1인 가구,300만원 내외,사무직,경기
48539,20230701,전기 자전거,남성,50대,자녀 성장기(막내가 초등학생～고등학생),700만원 내외,일반 공무원/준공무원,충북
48597,20230701,"오토바이(바이크, 스쿠터)",남성,50대,신혼기 초과(자녀없음),모름,자영업,경기
48603,20230701,전기 자전거,남성,60대 이상,자녀 성인기(막내가 대학생～결혼 전),400만원 내외,무직/기타,경기
48614,20230701,전동 킥보드,남성,50대,자녀 성인기(막내가 대학생～결혼 전),800만원 내외,기술/숙련직,경기
48629,20230701,"오토바이(바이크, 스쿠터)",남성,60대 이상,자녀 성인기(막내가 대학생～결혼 전),500만원 내외,자영업,서울
48641,20230701,"오토바이(바이크, 스쿠터)",남성,50대,자녀 성인기(막내가 대학생～결혼 전),"1,600~2,000만원 내외",경영/관리직,경기
48650,20230701,전동 킥보드,남성,50대,자녀 성인기(막내가 대학생～결혼 전),600만원 내외,일반 공무원/준공무원,충남
48681,20230701,전동 휠,남성,40대,자녀 유아기(막내가 초등학교 입학 전),500만원 내외,기술/숙련직,전북
48695,20230701,전기 자전거,남성,60대 이상,자녀 독립기(막내가 결혼한 상태),500만원 내외,기술/숙련직,경기
48703,20230701,전동 킥보드,남성,20대,1인 가구,300만원 내외,전문직,경기
48704,20230701,"오토바이(바이크, 스쿠터)",남성,50대,자녀 독립기(막내가 결혼한 상태),400만원 내외,무직/기타,경북
48729,20230701,"오토바이(바이크, 스쿠터)",남성,40대,자녀 유아기(막내가 초등학교 입학 전),모름,사무직,서울
48740,20230701,"오토바이(바이크, 스쿠터)",남성,40대,자녀 유아기(막내가 초등학교 입학 전),700만원 내외,기술/숙련직,부산
48743,20230701,전동 킥보드,남성,50대,자녀 성장기(막내가 초등학생～고등학생),"1,000만원 내외",경영/관리직,경기
48754,20230701,"오토바이(바이크, 스쿠터)",남성,40대,자녀 성장기(막내가 초등학생～고등학생),700만원 내외,자영업,경기
48760,20230701,"오토바이(바이크, 스쿠터)",남성,60대 이상,1인 가구,700만원 내외,경영/관리직,충남
48770,20230701,전기 자전거,남성,60대 이상,자녀 독립기(막내가 결혼한 상태),600만원 내외,자영업,경기
48777,20230701,"오토바이(바이크, 스쿠터)",여성,50대,자녀 독립기(막내가 결혼한 상태),400만원 내외,전업주부,경기
48782,20230701,"오토바이(바이크, 스쿠터)",남성,40대,1인 가구,500만원 내외,기술/숙련직,서울
48802,20230701,"오토바이(바이크, 스쿠터)",남성,40대,자녀 성장기(막내가 초등학생～고등학생),"1,100~1,500만원 내외",사무직,서울
48845,20230701,전기 자전거,남성,60대 이상,자녀 독립기(막내가 결혼한 상태),400만원 내외,무직/기타,대전
48854,20230701,전기 자전거,남성,60대 이상,자녀 성인기(막내가 대학생～결혼 전),700만원 내외,무직/기타,경남
48857,20230701,전기 자전거,남성,30대,자녀 성인기(막내가 대학생～결혼 전),500만원 내외,기술/숙련직,대구
48862,20230701,전기 자전거,남성,30대,1인 가구,400만원 내외,사무직,경기
48892,20230701,전기 자전거,남성,40대,1인 가구,400만원 내외,경영/관리직,서울
48908,20230701,전동 킥보드,남성,40대,자녀 성인기(막내가 대학생～결혼 전),500만원 내외,사무직,경기
48932,20230701,전동 스쿠터,여성,60대 이상,자녀 독립기(막내가 결혼한 상태),800만원 내외,자영업,강원
48947,20230701,전동 휠,남성,30대,자녀 독립기(막내가 결혼한 상태),400만원 내외,사무직,경기
48956,20230701,전기 자전거,남성,60대 이상,자녀 독립기(막내가 결혼한 상태),400만원 내외,무직/기타,대구
48962,20230701,"오토바이(바이크, 스쿠터)",남성,60대 이상,자녀 독립기(막내가 결혼한 상태),"2,100만원 이상",무직/기타,충남
48963,20230701,"오토바이(바이크, 스쿠터)",남성,60대 이상,자녀 성인기(막내가 대학생～결혼 전),700만원 내외,자영업,대구
48966,20230701,전동 킥보드,남성,40대,신혼기 초과(자녀없음),300만원 내외,사무직,인천
48981,20230701,전기 자전거,남성,50대,자녀 성인기(막내가 대학생～결혼 전),700만원 내외,기술/숙련직,부산
48986,20230701,전기 자전거,남성,60대 이상,자녀 독립기(막내가 결혼한 상태),300만원 내외,기술/숙련직,경기
48991,20230701,전동 킥보드,남성,50대,자녀 성인기(막내가 대학생～결혼 전),"1,000만원 내외",사무직,경남
49019,20230701,전동 스쿠터,남성,50대,자녀 성장기(막내가 초등학생～고등학생),700만원 내외,경영/관리직,충남
49027,20230701,전기 자전거,여성,30대,자녀 유아기(막내가 초등학교 입학 전),"1,100~1,500만원 내외",전문직,서울
49066,20230701,전동 킥보드,남성,40대,자녀 성장기(막내가 초등학생～고등학생),700만원 내외,기술/숙련직,세종
49073,20230701,전동 킥보드,여성,60대 이상,자녀 성인기(막내가 대학생～결혼 전),"1,000만원 내외",무직/기타,서울
49094,20230701,"오토바이(바이크, 스쿠터)",남성,60대 이상,자녀 독립기(막내가 결혼한 상태),"1,000만원 내외",자영업,부산
49121,20230701,전기 자전거,남성,60대 이상,자녀 성인기(막내가 대학생～결혼 전),"1,100~1,500만원 내외",자영업,경기
49128,20230701,전기 자전거,남성,60대 이상,자녀 독립기(막내가 결혼한 상태),500만원 내외,자영업,경기
49144,20230701,"오토바이(바이크, 스쿠터)",남성,60대 이상,자녀 성인기(막내가 대학생～결혼 전),400만원 내외,무직/기타,울산
49155,20230701,전동 킥보드,남성,40대,신혼기 초과(자녀없음),600만원 내외,사무직,경기
49174,20230701,전기 자전거,남성,50대,자녀 성장기(막내가 초등학생～고등학생),600만원 내외,일반 공무원/준공무원,경북
49199,20230701,전동 킥보드,여성,30대,자녀 성인기(막내가 대학생～결혼 전),500만원 내외,자영업,경기
49228,20230701,"오토바이(바이크, 스쿠터)",남성,30대,자녀 유아기(막내가 초등학교 입학 전),"1,000만원 내외",자영업,서울
49231,20230701,"오토바이(바이크, 스쿠터)",남성,60대 이상,자녀 성인기(막내가 대학생～결혼 전),600만원 내외,무직/기타,경기
49234,20230701,"오토바이(바이크, 스쿠터)",남성,30대,신혼기(자녀없음),800만원 내외,사무직,광주
49253,20230701,전동 킥보드,여성,40대,자녀 성장기(막내가 초등학생～고등학생),"1,100~1,500만원 내외",무직/기타,서울
49267,20230701,전기 자전거,남성,40대,자녀 성장기(막내가 초등학생～고등학생),600만원 내외,경영/관리직,경기
49282,20230701,"오토바이(바이크, 스쿠터)",남성,40대,자녀 성장기(막내가 초등학생～고등학생),700만원 내외,기술/숙련직,경기
49286,20230701,"오토바이(바이크, 스쿠터)",여성,50대,자녀 독립기(막내가 결혼한 상태),700만원 내외,사무직,충남
49325,20230701,전동 킥보드,남성,40대,자녀 성장기(막내가 초등학생～고등학생),700만원 내외,기술/숙련직,인천
49331,20230701,"오토바이(바이크, 스쿠터)",남성,40대,자녀 유아기(막내가 초등학교 입학 전),700만원 내외,일반 공무원/준공무원,경기
49342,20230701,"오토바이(바이크, 스쿠터)",남성,60대 이상,자녀 성인기(막내가 대학생～결혼 전),400만원 내외,무직/기타,경남
49358,20230701,전기 자전거,남성,50대,자녀 성인기(막내가 대학생～결혼 전),"1,100~1,500만원 내외",판매/서비스직,충북
49369,20230701,"오토바이(바이크, 스쿠터)",남성,50대,자녀 독립기(막내가 결혼한 상태),"1,000만원 내외",기술/숙련직,서울
49374,20230701,전기 자전거,남성,50대,자녀 성장기(막내가 초등학생～고등학생),"2,100만원 이상",경영/관리직,대전
49381,20230701,전동 킥보드,남성,40대,자녀 성장기(막내가 초등학생～고등학생),900만원 내외,경영/관리직,경기
49404,20230701,전동 킥보드,남성,40대,자녀 성장기(막내가 초등학생～고등학생),"1,600~2,000만원 내외",자영업,서울
49409,20230701,"오토바이(바이크, 스쿠터)",여성,40대,자녀 성장기(막내가 초등학생～고등학생),700만원 내외,전업주부,대전
49411,20230701,"오토바이(바이크, 스쿠터)",남성,60대 이상,자녀 성인기(막내가 대학생～결혼 전),700만원 내외,기술/숙련직,경북
49413,20230701,전기 자전거,남성,60대 이상,자녀 독립기(막내가 결혼한 상태),300만원 내외,무직/기타,세종
49422,20230701,전기 자전거,남성,50대,신혼기 초과(자녀없음),500만원 내외,사무직,강원
49427,20230701,전동 스쿠터,여성,30대,자녀 유아기(막내가 초등학교 입학 전),900만원 내외,사무직,인천
49477,20230701,전기 자전거,남성,50대,자녀 성인기(막내가 대학생～결혼 전),500만원 내외,사무직,경남
49502,20230701,전동 스쿠터,남성,40대,자녀 성장기(막내가 초등학생～고등학생),800만원 내외,사무직,경기
49514,20230701,전동 킥보드,남성,50대,신혼기 초과(자녀없음),600만원 내외,전문직,강원
49522,20230701,전기 자전거,여성,30대,1인 가구,300만원 내외,판매/서비스직,제주
49564,20230701,전동 킥보드,남성,30대,자녀 유아기(막내가 초등학교 입학 전),500만원 내외,기술/숙련직,세종
49569,20230701,전동 킥보드,남성,20대,자녀 독립기(막내가 결혼한 상태),200만원 내외,무직/기타,울산
49577,20230701,전기 자전거,남성,60대 이상,자녀 독립기(막내가 결혼한 상태),500만원 내외,기술/숙련직,경기
49578,20230701,전동 스케이트보드,남성,20대,1인 가구,400만원 내외,일반 공무원/준공무원,서울
49583,20230701,전기 자전거,여성,50대,자녀 성인기(막내가 대학생～결혼 전),500만원 내외,사무직,경기
49610,20230701,전동 킥보드,남성,40대,자녀 성장기(막내가 초등학생～고등학생),500만원 내외,일반 공무원/준공무원,전남
49617,20230701,전동 킥보드,남성,50대,자녀 성인기(막내가 대학생～결혼 전),200만원 내외,무직/기타,경기
49620,20230701,전동 킥보드,남성,30대,자녀 성인기(막내가 대학생～결혼 전),"1,000만원 내외",기술/숙련직,경남
49649,20230701,"오토바이(바이크, 스쿠터)",남성,50대,자녀 성장기(막내가 초등학생～고등학생),모름,기술/숙련직,경기
49655,20230701,전동 킥보드,남성,50대,자녀 성장기(막내가 초등학생～고등학생),800만원 내외,경영/관리직,충북
49659,20230701,전동 킥보드,여성,40대,자녀 성장기(막내가 초등학생～고등학생),900만원 내외,기술/숙련직,서울
49677,20230701,"오토바이(바이크, 스쿠터)",남성,30대,자녀 유아기(막내가 초등학교 입학 전),"1,000만원 내외",사무직,대전
49683,20230701,전동 킥보드,남성,40대,자녀 유아기(막내가 초등학교 입학 전),500만원 내외,일반 공무원/준공무원,세종
49690,20230701,전동 킥보드,남성,40대,자녀 성장기(막내가 초등학생～고등학생),400만원 내외,사무직,경남
49728,20230701,전기 자전거,남성,60대 이상,자녀 독립기(막내가 결혼한 상태),800만원 내외,기술/숙련직,경북
49739,20230701,전기 자전거,여성,40대,자녀 성장기(막내가 초등학생～고등학생),700만원 내외,전업주부,서울
49744,20230701,전기 자전거,남성,50대,자녀 성인기(막내가 대학생～결혼 전),700만원 내외,사무직,대전
49752,20230701,"오토바이(바이크, 스쿠터)",남성,30대,자녀 유아기(막내가 초등학교 입학 전),500만원 내외,사무직,경북
49754,20230701,전기 자전거,남성,50대,자녀 성인기(막내가 대학생～결혼 전),400만원 내외,기술/숙련직,경남
49772,20230701,전동 스케이트보드,남성,50대,자녀 성장기(막내가 초등학생～고등학생),300만원 내외,경영/관리직,서울
49786,20230701,"오토바이(바이크, 스쿠터)",남성,60대 이상,자녀 독립기(막내가 결혼한 상태),200만원 내외,무직/기타,충북
49806,20230701,전기 자전거,여성,50대,자녀 성인기(막내가 대학생～결혼 전),"1,000만원 내외",전업주부,대구
49827,20230701,"오토바이(바이크, 스쿠터)",남성,50대,자녀 성인기(막내가 대학생～결혼 전),"1,000만원 내외",기술/숙련직,경남
49833,20230701,전기 자전거,남성,50대,1인 가구,200만원 내외,일반 공무원/준공무원,전북
49842,20230701,전동 킥보드,남성,40대,자녀 성장기(막내가 초등학생～고등학생),300만원 내외,기술/숙련직,전남
49845,20230701,전동 킥보드,남성,40대,자녀 성장기(막내가 초등학생～고등학생),400만원 내외,무직/기타,경기
49851,20230701,"오토바이(바이크, 스쿠터)",남성,60대 이상,자녀 성인기(막내가 대학생～결혼 전),600만원 내외,전문직,서울
49853,20230701,전기 자전거,남성,30대,자녀 유아기(막내가 초등학교 입학 전),400만원 내외,사무직,세종
49856,20230701,전기 자전거,남성,40대,자녀 성장기(막내가 초등학생～고등학생),500만원 내외,사무직,서울
49871,20230701,전동 킥보드,남성,30대,1인 가구,300만원 내외,판매/서비스직,인천
49874,20230701,전동 킥보드,여성,40대,자녀 성인기(막내가 대학생～결혼 전),800만원 내외,사무직,경기
49876,20230701,전동 킥보드,남성,40대,자녀 성장기(막내가 초등학생～고등학생),800만원 내외,기술/숙련직,경기
49884,20230701,전기 자전거,남성,40대,자녀 유아기(막내가 초등학교 입학 전),600만원 내외,사무직,경기
49909,20230701,전동 휠,남성,50대,자녀 성인기(막내가 대학생～결혼 전),"1,000만원 내외",일반 공무원/준공무원,인천
49911,20230701,전기 자전거,남성,60대 이상,자녀 성장기(막내가 초등학생～고등학생),600만원 내외,경영/관리직,경기
49933,20230701,전기 자전거,남성,50대,자녀 성인기(막내가 대학생～결혼 전),"1,100~1,500만원 내외",무직/기타,서울
49935,20230701,전동 킥보드,남성,40대,자녀 유아기(막내가 초등학교 입학 전),600만원 내외,사무직,서울
49948,20230701,전동 스케이트보드,남성,40대,자녀 성인기(막내가 대학생～결혼 전),200만원 내외,사무직,울산
49968,20230701,전기 자전거,남성,50대,자녀 성인기(막내가 대학생～결혼 전),900만원 내외,경영/관리직,경기
49970,20230701,전동 킥보드,남성,60대 이상,자녀 독립기(막내가 결혼한 상태),"1,100~1,500만원 내외",무직/기타,경기
49976,20230701,전기 자전거,남성,40대,자녀 독립기(막내가 결혼한 상태),600만원 내외,기술/숙련직,경기
49996,20230701,전동 킥보드,남성,50대,1인 가구,500만원 내외,전문직,대구
50008,20230701,"오토바이(바이크, 스쿠터)",여성,50대,자녀 성장기(막내가 초등학생～고등학생),700만원 내외,사무직,서울
50010,20230701,"오토바이(바이크, 스쿠터)",남성,40대,자녀 성장기(막내가 초등학생～고등학생),500만원 내외,사무직,광주
50021,20230701,전동 스케이트보드,여성,20대,자녀 성인기(막내가 대학생～결혼 전),900만원 내외,사무직,서울
50031,20230701,전동 킥보드,남성,40대,자녀 성장기(막내가 초등학생～고등학생),600만원 내외,판매/서비스직,서울
50033,20230701,"오토바이(바이크, 스쿠터)",남성,40대,1인 가구,"1,000만원 내외",기술/숙련직,경기
50034,20230701,전동 킥보드,남성,30대,1인 가구,300만원 내외,기술/숙련직,전북
50059,20230701,전동 스쿠터,남성,50대,자녀 성인기(막내가 대학생～결혼 전),900만원 내외,일반 공무원/준공무원,서울
50060,20230701,전기 자전거,남성,50대,1인 가구,400만원 내외,기술/숙련직,경기
50063,20230701,"오토바이(바이크, 스쿠터)",남성,50대,자녀 성장기(막내가 초등학생～고등학생),600만원 내외,자영업,부산
50064,20230701,"오토바이(바이크, 스쿠터)",남성,50대,자녀 성인기(막내가 대학생～결혼 전),"1,000만원 내외",일반 공무원/준공무원,경기
50066,20230701,전동 킥보드,남성,20대,1인 가구,"1,000만원 내외",자영업,서울
50072,20230701,"오토바이(바이크, 스쿠터)",남성,40대,자녀 성장기(막내가 초등학생～고등학생),500만원 내외,기술/숙련직,경기
50074,20230701,전동 킥보드,남성,30대,1인 가구,400만원 내외,판매/서비스직,경기
50075,20230701,"오토바이(바이크, 스쿠터)",남성,40대,자녀 성장기(막내가 초등학생～고등학생),500만원 내외,일반 공무원/준공무원,충남
50086,20230701,"오토바이(바이크, 스쿠터)",남성,40대,자녀 성장기(막내가 초등학생～고등학생),500만원 내외,사무직,경기
50095,20230701,"오토바이(바이크, 스쿠터)",남성,30대,자녀 성장기(막내가 초등학생～고등학생),400만원 내외,일반 공무원/준공무원,서울
50099,20230701,전기 자전거,여성,60대 이상,자녀 독립기(막내가 결혼한 상태),300만원 내외,전업주부,대구
50112,20230701,전동 킥보드,남성,30대,자녀 성장기(막내가 초등학생～고등학생),700만원 내외,경영/관리직,서울
50124,20230701,전동 스케이트보드,남성,20대,1인 가구,200만원 내외,기술/숙련직,경북
50129,20230701,"오토바이(바이크, 스쿠터)",남성,40대,자녀 성장기(막내가 초등학생～고등학생),"1,100~1,500만원 내외",경영/관리직,대구
50148,20230701,"오토바이(바이크, 스쿠터)",남성,60대 이상,자녀 독립기(막내가 결혼한 상태),400만원 내외,무직/기타,울산
50150,20230701,"오토바이(바이크, 스쿠터)",여성,60대 이상,1인 가구,500만원 내외,무직/기타,경기
50152,20230701,전기 자전거,남성,50대,자녀 성인기(막내가 대학생～결혼 전),400만원 내외,기술/숙련직,강원
50161,20230701,"오토바이(바이크, 스쿠터)",남성,30대,자녀 유아기(막내가 초등학교 입학 전),"1,100~1,500만원 내외",자영업,서울
50177,20230701,전기 자전거,여성,40대,자녀 성장기(막내가 초등학생～고등학생),300만원 내외,자영업,인천
50181,20230701,"오토바이(바이크, 스쿠터)",남성,40대,자녀 성장기(막내가 초등학생～고등학생),700만원 내외,자영업,전북
50189,20230701,전동 킥보드,남성,30대,자녀 유아기(막내가 초등학교 입학 전),100만원 이하,판매/서비스직,서울
50199,20230701,전기 자전거,남성,60대 이상,자녀 독립기(막내가 결혼한 상태),500만원 내외,무직/기타,서울
50209,20230701,"오토바이(바이크, 스쿠터)",남성,60대 이상,자녀 독립기(막내가 결혼한 상태),"1,100~1,500만원 내외",무직/기타,부산
50223,20230701,전동 스쿠터,남성,30대,1인 가구,300만원 내외,기술/숙련직,경기
50233,20230701,전기 자전거,남성,40대,신혼기 초과(자녀없음),600만원 내외,사무직,서울
50236,20230701,전동 킥보드,남성,20대,신혼기 초과(자녀없음),700만원 내외,자영업,대구
50239,20230701,전동 휠,남성,40대,자녀 유아기(막내가 초등학교 입학 전),800만원 내외,사무직,경기
50255,20230701,전기 자전거,남성,50대,자녀 성장기(막내가 초등학생～고등학생),400만원 내외,자영업,경기
50263,20230701,전기 자전거,남성,60대 이상,자녀 성인기(막내가 대학생～결혼 전),300만원 내외,무직/기타,전북
50268,20230701,"오토바이(바이크, 스쿠터)",남성,50대,신혼기 초과(자녀없음),900만원 내외,자영업,서울
50276,20230701,"오토바이(바이크, 스쿠터)",남성,30대,1인 가구,100만원 이하,기술/숙련직,서울
50296,20230701,"오토바이(바이크, 스쿠터)",남성,40대,1인 가구,700만원 내외,자영업,경남
50309,20230701,전동 킥보드,남성,60대 이상,자녀 독립기(막내가 결혼한 상태),500만원 내외,자영업,충남
50315,20230701,"오토바이(바이크, 스쿠터)",여성,20대,자녀 성장기(막내가 초등학생～고등학생),200만원 내외,전문직,인천
50347,20230701,전기 자전거,남성,50대,자녀 독립기(막내가 결혼한 상태),800만원 내외,자영업,부산
50351,20230701,"오토바이(바이크, 스쿠터)",남성,40대,자녀 성인기(막내가 대학생～결혼 전),"1,100~1,500만원 내외",자영업,충남
50354,20230701,전기 자전거,남성,60대 이상,자녀 성인기(막내가 대학생～결혼 전),"1,100~1,500만원 내외",무직/기타,경북
50379,20230701,전동 스케이트보드,남성,40대,자녀 성장기(막내가 초등학생～고등학생),600만원 내외,기술/숙련직,충남
50386,20230701,"오토바이(바이크, 스쿠터)",남성,30대,자녀 성장기(막내가 초등학생～고등학생),500만원 내외,일반 공무원/준공무원,서울
50401,20230701,전동 킥보드,남성,50대,자녀 독립기(막내가 결혼한 상태),900만원 내외,무직/기타,경기
50413,20230701,"오토바이(바이크, 스쿠터)",남성,40대,자녀 성인기(막내가 대학생～결혼 전),"2,100만원 이상",경영/관리직,서울
50437,20230701,전동 스케이트보드,남성,30대,자녀 성장기(막내가 초등학생～고등학생),400만원 내외,사무직,서울
50440,20230701,"오토바이(바이크, 스쿠터)",남성,50대,1인 가구,200만원 내외,기술/숙련직,경기
50441,20230701,전동 킥보드,남성,40대,자녀 성장기(막내가 초등학생～고등학생),600만원 내외,기술/숙련직,경기
50443,20230701,전동 스쿠터,남성,40대,자녀 성장기(막내가 초등학생～고등학생),"1,000만원 내외",기술/숙련직,서울
50451,20230701,전기 자전거,남성,60대 이상,자녀 성인기(막내가 대학생～결혼 전),500만원 내외,전문직,광주
50452,20230701,"오토바이(바이크, 스쿠터)",남성,40대,신혼기(자녀없음),"2,100만원 이상",자영업,경남
50463,20230701,"오토바이(바이크, 스쿠터)",남성,50대,자녀 성인기(막내가 대학생～결혼 전),"1,600~2,000만원 내외",자영업,경남
50473,20230701,전기 자전거,남성,60대 이상,자녀 성인기(막내가 대학생～결혼 전),"1,100~1,500만원 내외",일반 공무원/준공무원,서울
50486,20230701,전동 킥보드,남성,50대,자녀 성인기(막내가 대학생～결혼 전),모름,무직/기타,부산
50495,20230701,"오토바이(바이크, 스쿠터)",남성,50대,자녀 성인기(막내가 대학생～결혼 전),300만원 내외,자영업,대구
50507,20230701,전동 킥보드,남성,50대,자녀 성인기(막내가 대학생～결혼 전),500만원 내외,판매/서비스직,대전
50514,20230701,전동 킥보드,남성,40대,자녀 성장기(막내가 초등학생～고등학생),600만원 내외,기술/숙련직,전북
50541,20230701,"오토바이(바이크, 스쿠터)",남성,50대,1인 가구,500만원 내외,기술/숙련직,경기
50550,20230701,"오토바이(바이크, 스쿠터)",여성,40대,자녀 유아기(막내가 초등학교 입학 전),"1,000만원 내외",전업주부,대전
50554,20230701,"오토바이(바이크, 스쿠터)",남성,30대,신혼기(자녀없음),300만원 내외,사무직,인천
50558,20230701,전동 킥보드,남성,40대,자녀 성장기(막내가 초등학생～고등학생),500만원 내외,경영/관리직,대구
50581,20230701,"오토바이(바이크, 스쿠터)",남성,50대,1인 가구,300만원 내외,기술/숙련직,경남
50604,20230701,전동 휠,여성,40대,자녀 성장기(막내가 초등학생～고등학생),800만원 내외,기술/숙련직,강원
50607,20230701,전동 킥보드,남성,30대,자녀 성인기(막내가 대학생～결혼 전),300만원 내외,자영업,서울
50616,20230701,전동 킥보드,남성,60대 이상,자녀 독립기(막내가 결혼한 상태),200만원 내외,무직/기타,경기
50629,20230701,전동 휠,남성,50대,자녀 성인기(막내가 대학생～결혼 전),600만원 내외,사무직,서울
50636,20230701,전기 자전거,남성,40대,자녀 유아기(막내가 초등학교 입학 전),"2,100만원 이상",사무직,울산
50640,20230701,전동 킥보드,남성,50대,자녀 성장기(막내가 초등학생～고등학생),700만원 내외,일반 공무원/준공무원,부산
50645,20230701,전동 킥보드,여성,20대,자녀 성인기(막내가 대학생～결혼 전),600만원 내외,사무직,서울
50657,20230701,"오토바이(바이크, 스쿠터)",남성,50대,자녀 성인기(막내가 대학생～결혼 전),"2,100만원 이상",사무직,경남
50665,20230701,전기 자전거,남성,50대,자녀 독립기(막내가 결혼한 상태),600만원 내외,판매/서비스직,경기
50667,20230701,"오토바이(바이크, 스쿠터)",남성,40대,자녀 성인기(막내가 대학생～결혼 전),모름,무직/기타,서울
50685,20230701,전기 자전거,남성,50대,자녀 성인기(막내가 대학생～결혼 전),700만원 내외,자영업,경기
50689,20230701,전기 자전거,남성,40대,자녀 성장기(막내가 초등학생～고등학생),600만원 내외,기술/숙련직,경기
50712,20230701,전기 자전거,남성,60대 이상,자녀 성인기(막내가 대학생～결혼 전),800만원 내외,기술/숙련직,경기
50719,20230701,"오토바이(바이크, 스쿠터)",남성,50대,자녀 성인기(막내가 대학생～결혼 전),900만원 내외,기술/숙련직,경기
50729,20230701,전동 킥보드,여성,50대,자녀 성장기(막내가 초등학생～고등학생),"1,100~1,500만원 내외",사무직,경기
50748,20230701,전기 자전거,남성,50대,자녀 성인기(막내가 대학생～결혼 전),600만원 내외,기술/숙련직,서울
50749,20230701,"오토바이(바이크, 스쿠터)",남성,40대,1인 가구,500만원 내외,사무직,부산
50763,20230701,전기 자전거,남성,60대 이상,자녀 성인기(막내가 대학생～결혼 전),"1,600~2,000만원 내외",전문직,서울
50769,20230701,"오토바이(바이크, 스쿠터)",남성,40대,자녀 유아기(막내가 초등학교 입학 전),500만원 내외,전문직,울산
50780,20230701,"오토바이(바이크, 스쿠터)",남성,40대,자녀 성장기(막내가 초등학생～고등학생),800만원 내외,기술/숙련직,전북
50806,20230701,"오토바이(바이크, 스쿠터)",남성,60대 이상,1인 가구,"2,100만원 이상",자영업,대전
50808,20230701,전동 스쿠터,남성,40대,자녀 독립기(막내가 결혼한 상태),600만원 내외,전문직,전남
50829,20230701,전기 자전거,남성,50대,자녀 성인기(막내가 대학생～결혼 전),500만원 내외,일반 공무원/준공무원,서울
50925,20230701,전동 스쿠터,여성,30대,자녀 성장기(막내가 초등학생～고등학생),400만원 내외,전업주부,경기
50931,20230701,전기 자전거,남성,40대,자녀 성장기(막내가 초등학생～고등학생),600만원 내외,경영/관리직,대구
50957,20230701,전동 스케이트보드,남성,30대,자녀 유아기(막내가 초등학교 입학 전),400만원 내외,사무직,울산
50965,20230701,"오토바이(바이크, 스쿠터)",남성,40대,자녀 성장기(막내가 초등학생～고등학생),800만원 내외,전문직,전남
50966,20230701,전동 휠,여성,40대,자녀 독립기(막내가 결혼한 상태),"2,100만원 이상",자영업,강원
50992,20230701,전기 자전거,여성,40대,자녀 성장기(막내가 초등학생～고등학생),600만원 내외,일반 공무원/준공무원,서울
51003,20230701,전기 자전거,남성,30대,자녀 유아기(막내가 초등학교 입학 전),400만원 내외,기술/숙련직,부산
51005,20230701,전기 자전거,여성,40대,자녀 성장기(막내가 초등학생～고등학생),"1,100~1,500만원 내외",자영업,서울
51029,20230701,전동 킥보드,남성,40대,자녀 성장기(막내가 초등학생～고등학생),"1,000만원 내외",일반 공무원/준공무원,대구
51068,20230701,전기 자전거,남성,50대,신혼기 초과(자녀없음),400만원 내외,판매/서비스직,충북
51090,20230701,전동 킥보드,남성,60대 이상,자녀 성인기(막내가 대학생～결혼 전),400만원 내외,판매/서비스직,제주
51094,20230701,전동 킥보드,남성,40대,자녀 성장기(막내가 초등학생～고등학생),300만원 내외,사무직,서울
51097,20230701,전동 스케이트보드,여성,20대,자녀 성인기(막내가 대학생～결혼 전),700만원 내외,판매/서비스직,서울
51104,20230701,전기 자전거,남성,40대,1인 가구,600만원 내외,기술/숙련직,서울
51116,20230701,"오토바이(바이크, 스쿠터)",남성,50대,1인 가구,300만원 내외,기술/숙련직,경북
51141,20230701,전기 자전거,남성,40대,자녀 성장기(막내가 초등학생～고등학생),"1,000만원 내외",일반 공무원/준공무원,서울
51147,20230701,전기 자전거,남성,40대,자녀 독립기(막내가 결혼한 상태),200만원 내외,무직/기타,충남
51161,20230701,전기 자전거,남성,50대,자녀 성장기(막내가 초등학생～고등학생),"1,100~1,500만원 내외",기술/숙련직,서울
51169,20230701,전기 자전거,남성,60대 이상,자녀 독립기(막내가 결혼한 상태),600만원 내외,무직/기타,전남
51179,20230701,전동 스케이트보드,남성,40대,신혼기 초과(자녀없음),500만원 내외,기술/숙련직,경기
51184,20230701,"오토바이(바이크, 스쿠터)",남성,60대 이상,자녀 성인기(막내가 대학생～결혼 전),700만원 내외,기술/숙련직,경기
51206,20230701,전기 자전거,남성,60대 이상,자녀 독립기(막내가 결혼한 상태),500만원 내외,무직/기타,충북
51229,20230701,전기 자전거,남성,30대,1인 가구,300만원 내외,기술/숙련직,광주
51230,20230701,전기 자전거,남성,60대 이상,자녀 독립기(막내가 결혼한 상태),700만원 내외,자영업,인천
51245,20230701,전기 자전거,남성,60대 이상,자녀 독립기(막내가 결혼한 상태),600만원 내외,자영업,전남
51266,20230701,"오토바이(바이크, 스쿠터)",여성,40대,자녀 성장기(막내가 초등학생～고등학생),700만원 내외,사무직,경북
51274,20230701,전기 자전거,남성,60대 이상,1인 가구,400만원 내외,기술/숙련직,경기
51288,20230701,전동 킥보드,남성,50대,자녀 성장기(막내가 초등학생～고등학생),800만원 내외,기술/숙련직,서울
51289,20230701,전기 자전거,남성,60대 이상,자녀 성인기(막내가 대학생～결혼 전),"1,100~1,500만원 내외",기술/숙련직,서울
51302,20230701,전동 킥보드,남성,40대,자녀 성장기(막내가 초등학생～고등학생),800만원 내외,사무직,경북
51315,20230701,전기 자전거,남성,60대 이상,자녀 성인기(막내가 대학생～결혼 전),800만원 내외,자영업,서울
51333,20230701,전동 휠,남성,50대,1인 가구,600만원 내외,기술/숙련직,경기
51334,20230701,전동 킥보드,남성,30대,자녀 유아기(막내가 초등학교 입학 전),300만원 내외,경영/관리직,인천
51335,20230701,"오토바이(바이크, 스쿠터)",남성,40대,자녀 성장기(막내가 초등학생～고등학생),800만원 내외,전문직,서울
51336,20230701,전동 스케이트보드,남성,40대,자녀 유아기(막내가 초등학교 입학 전),700만원 내외,사무직,부산
51342,20230701,전기 자전거,여성,50대,자녀 성인기(막내가 대학생～결혼 전),500만원 내외,판매/서비스직,서울
51346,20230701,"오토바이(바이크, 스쿠터)",여성,40대,자녀 성인기(막내가 대학생～결혼 전),"1,100~1,500만원 내외",자영업,강원
51360,20230701,"오토바이(바이크, 스쿠터)",남성,40대,자녀 유아기(막내가 초등학교 입학 전),500만원 내외,무직/기타,충남
51374,20230701,"오토바이(바이크, 스쿠터)",남성,40대,자녀 성인기(막내가 대학생～결혼 전),200만원 내외,자영업,충남
51398,20230701,전기 자전거,남성,40대,1인 가구,300만원 내외,자영업,경북
51403,20230701,전동 킥보드,남성,20대,자녀 성인기(막내가 대학생～결혼 전),모름,판매/서비스직,서울
51407,20230701,전동 킥보드,남성,50대,자녀 성장기(막내가 초등학생～고등학생),500만원 내외,자영업,경기
51875,20230701,전기 자전거,남성,50대,자녀 성인기(막내가 대학생～결혼 전),"1,600~2,000만원 내외",전문직,경기
51942,20230701,"오토바이(바이크, 스쿠터)",남성,60대 이상,자녀 독립기(막내가 결혼한 상태),500만원 내외,기술/숙련직,전남
51953,20230701,"오토바이(바이크, 스쿠터)",남성,50대,자녀 성인기(막내가 대학생～결혼 전),400만원 내외,기술/숙련직,경기
51955,20230701,"오토바이(바이크, 스쿠터)",남성,50대,자녀 성장기(막내가 초등학생～고등학생),200만원 내외,자영업,경북
51961,20230701,전기 자전거,남성,20대,1인 가구,800만원 내외,사무직,경기
51978,20230701,"오토바이(바이크, 스쿠터)",남성,30대,1인 가구,300만원 내외,기술/숙련직,울산
52019,20230701,전동 킥보드,남성,50대,자녀 성인기(막내가 대학생～결혼 전),800만원 내외,자영업,대전
52040,20230701,전기 자전거,남성,60대 이상,자녀 독립기(막내가 결혼한 상태),400만원 내외,기술/숙련직,경남
52042,20230701,전동 스케이트보드,남성,50대,자녀 성장기(막내가 초등학생～고등학생),800만원 내외,사무직,경기
52052,20230701,전동 휠,남성,40대,자녀 성장기(막내가 초등학생～고등학생),700만원 내외,일반 공무원/준공무원,서울
52071,20230701,전기 자전거,남성,40대,1인 가구,400만원 내외,기술/숙련직,경기
52093,20230701,전기 자전거,남성,60대 이상,자녀 독립기(막내가 결혼한 상태),500만원 내외,자영업,서울
52134,20230701,전기 자전거,여성,30대,신혼기(자녀없음),"1,600~2,000만원 내외",전문직,서울
52171,20230701,전동 스쿠터,남성,40대,자녀 성장기(막내가 초등학생～고등학생),"1,000만원 내외",경영/관리직,부산
52191,20230701,전동 킥보드,남성,50대,자녀 성장기(막내가 초등학생～고등학생),700만원 내외,판매/서비스직,인천
52204,20230701,전기 자전거,남성,40대,자녀 성장기(막내가 초등학생～고등학생),600만원 내외,사무직,서울
52214,20230701,전기 자전거,남성,40대,자녀 성장기(막내가 초등학생～고등학생),"1,100~1,500만원 내외",경영/관리직,경기
52220,20230701,"오토바이(바이크, 스쿠터)",남성,60대 이상,자녀 독립기(막내가 결혼한 상태),600만원 내외,경영/관리직,경기
52232,20230701,전기 자전거,남성,60대 이상,자녀 성인기(막내가 대학생～결혼 전),800만원 내외,무직/기타,서울
52248,20230701,전기 자전거,남성,50대,자녀 성인기(막내가 대학생～결혼 전),500만원 내외,사무직,전북
52250,20230701,"오토바이(바이크, 스쿠터)",남성,20대,1인 가구,300만원 내외,사무직,경남
52268,20230701,전기 자전거,여성,30대,신혼기(자녀없음),800만원 내외,사무직,서울
52317,20230701,전동 킥보드,여성,40대,자녀 유아기(막내가 초등학교 입학 전),400만원 내외,기술/숙련직,경기
52348,20230701,"오토바이(바이크, 스쿠터)",남성,30대,자녀 유아기(막내가 초등학교 입학 전),600만원 내외,기술/숙련직,부산
52361,20230701,"오토바이(바이크, 스쿠터)",남성,40대,자녀 성장기(막내가 초등학생～고등학생),"1,000만원 내외",경영/관리직,인천
52409,20230701,전동 킥보드,남성,40대,1인 가구,300만원 내외,일반 공무원/준공무원,강원
52425,20230701,"오토바이(바이크, 스쿠터)",남성,20대,1인 가구,300만원 내외,사무직,경기
52427,20230701,전기 자전거,남성,30대,자녀 유아기(막내가 초등학교 입학 전),700만원 내외,기술/숙련직,서울
52439,20230701,전기 자전거,남성,50대,자녀 성인기(막내가 대학생～결혼 전),"1,000만원 내외",사무직,경기
52454,20230701,"오토바이(바이크, 스쿠터)",남성,50대,자녀 독립기(막내가 결혼한 상태),600만원 내외,경영/관리직,울산
52468,20230701,전동 휠,남성,20대,자녀 성인기(막내가 대학생～결혼 전),"2,100만원 이상",학생,경기
52473,20230701,전동 킥보드,남성,50대,자녀 성인기(막내가 대학생～결혼 전),500만원 내외,기술/숙련직,충북
52507,20230701,전동 킥보드,남성,40대,자녀 성장기(막내가 초등학생～고등학생),800만원 내외,사무직,울산
52532,20230701,"오토바이(바이크, 스쿠터)",남성,30대,신혼기(자녀없음),"1,000만원 내외",자영업,경기
52537,20230701,전기 자전거,남성,30대,1인 가구,400만원 내외,기술/숙련직,대전
52547,20230701,전기 자전거,여성,50대,자녀 독립기(막내가 결혼한 상태),800만원 내외,일반 공무원/준공무원,강원
52548,20230701,전기 자전거,남성,40대,자녀 성장기(막내가 초등학생～고등학생),800만원 내외,자영업,경기
52549,20230701,전동 킥보드,남성,20대,자녀 성인기(막내가 대학생～결혼 전),600만원 내외,판매/서비스직,경기
52566,20230701,전기 자전거,남성,40대,자녀 성장기(막내가 초등학생～고등학생),700만원 내외,판매/서비스직,대구
52567,20230701,전동 휠,남성,40대,1인 가구,600만원 내외,일반 공무원/준공무원,강원
52602,20230701,전동 킥보드,남성,50대,자녀 성인기(막내가 대학생～결혼 전),600만원 내외,일반 공무원/준공무원,충남
52635,20230701,"오토바이(바이크, 스쿠터)",남성,40대,자녀 성장기(막내가 초등학생～고등학생),600만원 내외,기술/숙련직,경남
52643,20230701,전기 자전거,남성,30대,신혼기(자녀없음),600만원 내외,사무직,서울
52678,20230701,전기 자전거,남성,50대,자녀 독립기(막내가 결혼한 상태),500만원 내외,일반 공무원/준공무원,광주
52707,20230701,"오토바이(바이크, 스쿠터)",남성,40대,신혼기(자녀없음),300만원 내외,무직/기타,울산
52732,20230701,"오토바이(바이크, 스쿠터)",남성,30대,자녀 성장기(막내가 초등학생～고등학생),"1,000만원 내외",자영업,서울
52757,20230701,"오토바이(바이크, 스쿠터)",남성,40대,자녀 성장기(막내가 초등학생～고등학생),"1,100~1,500만원 내외",경영/관리직,경기
52810,20230701,전동 스쿠터,남성,40대,자녀 성장기(막내가 초등학생～고등학생),"1,000만원 내외",사무직,경기
52824,20230701,"오토바이(바이크, 스쿠터)",남성,30대,1인 가구,700만원 내외,자영업,경기
52835,20230701,전동 킥보드,남성,40대,자녀 성장기(막내가 초등학생～고등학생),600만원 내외,사무직,충북
52836,20230701,"오토바이(바이크, 스쿠터)",남성,40대,자녀 유아기(막내가 초등학교 입학 전),500만원 내외,판매/서비스직,경기
52839,20230701,전기 자전거,남성,40대,자녀 성장기(막내가 초등학생～고등학생),400만원 내외,기술/숙련직,경기
52863,20230701,전동 킥보드,남성,50대,자녀 성장기(막내가 초등학생～고등학생),500만원 내외,사무직,대전
52868,20230701,"오토바이(바이크, 스쿠터)",남성,30대,자녀 유아기(막내가 초등학교 입학 전),"1,000만원 내외",자영업,경남
52904,20230701,전동 킥보드,남성,40대,자녀 성장기(막내가 초등학생～고등학생),800만원 내외,기술/숙련직,경기
52909,20230701,"오토바이(바이크, 스쿠터)",남성,40대,자녀 유아기(막내가 초등학교 입학 전),"1,100~1,500만원 내외",자영업,부산
52921,20230701,전기 자전거,남성,40대,자녀 성장기(막내가 초등학생～고등학생),"1,100~1,500만원 내외",사무직,서울
52950,20230701,"오토바이(바이크, 스쿠터)",남성,60대 이상,자녀 성인기(막내가 대학생～결혼 전),"1,000만원 내외",자영업,경남
52979,20230701,"오토바이(바이크, 스쿠터)",남성,30대,1인 가구,300만원 내외,기술/숙련직,경기
52987,20230701,"오토바이(바이크, 스쿠터)",남성,50대,1인 가구,500만원 내외,전문직,경기
53003,20230701,전동 킥보드,남성,40대,자녀 성장기(막내가 초등학생～고등학생),"1,600~2,000만원 내외",경영/관리직,인천
53090,20230701,"오토바이(바이크, 스쿠터)",남성,30대,1인 가구,모름,자영업,인천
53172,20230701,전동 스쿠터,남성,30대,자녀 유아기(막내가 초등학교 입학 전),"1,600~2,000만원 내외",사무직,서울
53184,20230701,전기 자전거,남성,50대,자녀 성인기(막내가 대학생～결혼 전),"1,100~1,500만원 내외",자영업,서울
53218,20230701,전동 킥보드,남성,40대,자녀 성장기(막내가 초등학생～고등학생),800만원 내외,자영업,대구
53243,20230701,"오토바이(바이크, 스쿠터)",남성,50대,자녀 성장기(막내가 초등학생～고등학생),"1,000만원 내외",판매/서비스직,대구
53265,20230701,"오토바이(바이크, 스쿠터)",남성,50대,자녀 성인기(막내가 대학생～결혼 전),"1,000만원 내외",자영업,경기
53317,20230701,전동 킥보드,남성,40대,신혼기 초과(자녀없음),500만원 내외,기술/숙련직,세종
53342,20230701,전동 스케이트보드,남성,40대,자녀 성장기(막내가 초등학생～고등학생),"1,000만원 내외",무직/기타,경기
53350,20230701,전동 킥보드,남성,40대,자녀 성장기(막내가 초등학생～고등학생),"1,100~1,500만원 내외",경영/관리직,경기
53354,20230701,전기 자전거,남성,50대,자녀 성장기(막내가 초등학생～고등학생),"1,000만원 내외",경영/관리직,서울
53367,20230701,전기 자전거,남성,50대,자녀 성인기(막내가 대학생～결혼 전),"1,100~1,500만원 내외",경영/관리직,울산
53369,20230701,전기 자전거,여성,40대,신혼기 초과(자녀없음),"1,000만원 내외",사무직,서울
53372,20230701,전기 자전거,여성,40대,1인 가구,400만원 내외,기술/숙련직,서울
53382,20230701,전기 자전거,남성,40대,자녀 성장기(막내가 초등학생～고등학생),800만원 내외,전문직,서울
53386,20230701,"오토바이(바이크, 스쿠터)",남성,40대,자녀 유아기(막내가 초등학교 입학 전),"1,000만원 내외",전업주부,경기
53403,20230701,전동 스쿠터,남성,40대,자녀 유아기(막내가 초등학교 입학 전),"1,100~1,500만원 내외",사무직,경기
53409,20230701,전동 스쿠터,여성,30대,자녀 유아기(막내가 초등학교 입학 전),700만원 내외,전업주부,경기
53414,20230701,"오토바이(바이크, 스쿠터)",여성,40대,자녀 성장기(막내가 초등학생～고등학생),"1,100~1,500만원 내외",사무직,서울
53421,20230701,전동 킥보드,남성,40대,자녀 성장기(막내가 초등학생～고등학생),400만원 내외,판매/서비스직,경기
53435,20230701,전동 휠,남성,40대,자녀 성장기(막내가 초등학생～고등학생),800만원 내외,기술/숙련직,서울
53478,20230701,"오토바이(바이크, 스쿠터)",남성,30대,자녀 유아기(막내가 초등학교 입학 전),400만원 내외,기술/숙련직,경기
53480,20230701,전동 킥보드,남성,40대,자녀 독립기(막내가 결혼한 상태),600만원 내외,판매/서비스직,부산
53517,20230701,전동 킥보드,남성,50대,자녀 성인기(막내가 대학생～결혼 전),500만원 내외,사무직,대구
53527,20230701,"오토바이(바이크, 스쿠터)",남성,40대,자녀 유아기(막내가 초등학교 입학 전),700만원 내외,사무직,인천
53548,20230701,"오토바이(바이크, 스쿠터)",여성,40대,신혼기(자녀없음),500만원 내외,사무직,서울
53551,20230701,전동 킥보드,남성,40대,1인 가구,400만원 내외,판매/서비스직,경기
53554,20230701,전동 킥보드,남성,50대,자녀 성인기(막내가 대학생～결혼 전),"1,100~1,500만원 내외",경영/관리직,인천
53558,20230701,전동 킥보드,남성,30대,자녀 독립기(막내가 결혼한 상태),500만원 내외,사무직,대구
53572,20230701,전기 자전거,남성,40대,신혼기 초과(자녀없음),800만원 내외,사무직,서울
53575,20230701,전동 킥보드,남성,40대,자녀 성장기(막내가 초등학생～고등학생),"1,000만원 내외",일반 공무원/준공무원,경기
53584,20230701,전기 자전거,남성,40대,1인 가구,400만원 내외,판매/서비스직,전북
53602,20230701,"오토바이(바이크, 스쿠터)",남성,30대,자녀 유아기(막내가 초등학교 입학 전),700만원 내외,사무직,울산
53617,20230701,전동 킥보드,남성,40대,자녀 유아기(막내가 초등학교 입학 전),"1,000만원 내외",사무직,서울
53659,20230701,"오토바이(바이크, 스쿠터)",남성,40대,자녀 유아기(막내가 초등학교 입학 전),800만원 내외,자영업,경남
53663,20230701,전기 자전거,남성,40대,자녀 유아기(막내가 초등학교 입학 전),900만원 내외,경영/관리직,경기
53675,20230701,"오토바이(바이크, 스쿠터)",남성,50대,자녀 성인기(막내가 대학생～결혼 전),700만원 내외,자영업,부산
53695,20230701,전동 킥보드,여성,30대,1인 가구,"2,100만원 이상",경영/관리직,서울
53697,20230701,"오토바이(바이크, 스쿠터)",남성,30대,자녀 독립기(막내가 결혼한 상태),"1,000만원 내외",사무직,서울
53698,20230701,전동 킥보드,남성,40대,신혼기 초과(자녀없음),700만원 내외,자영업,서울
53702,20230701,"오토바이(바이크, 스쿠터)",남성,40대,1인 가구,400만원 내외,기술/숙련직,서울
53735,20230701,"오토바이(바이크, 스쿠터)",남성,50대,1인 가구,700만원 내외,자영업,전북
53737,20230701,"오토바이(바이크, 스쿠터)",남성,40대,자녀 성인기(막내가 대학생～결혼 전),"1,100~1,500만원 내외",자영업,서울
53741,20230701,"오토바이(바이크, 스쿠터)",남성,40대,자녀 성장기(막내가 초등학생～고등학생),300만원 내외,자영업,대전
53748,20230701,전동 킥보드,남성,40대,자녀 성인기(막내가 대학생～결혼 전),"1,000만원 내외",사무직,충남
53756,20230701,"오토바이(바이크, 스쿠터)",남성,40대,자녀 성장기(막내가 초등학생～고등학생),"1,100~1,500만원 내외",사무직,대구
53765,20230701,전기 자전거,남성,60대 이상,자녀 성인기(막내가 대학생～결혼 전),300만원 내외,일반 공무원/준공무원,서울
53792,20230701,전동 킥보드,남성,30대,자녀 성장기(막내가 초등학생～고등학생),800만원 내외,판매/서비스직,충남
53812,20230701,전기 자전거,남성,40대,1인 가구,600만원 내외,판매/서비스직,광주
53816,20230701,"오토바이(바이크, 스쿠터)",여성,40대,자녀 성장기(막내가 초등학생～고등학생),모름,전업주부,경기
53819,20230701,"오토바이(바이크, 스쿠터)",남성,40대,신혼기(자녀없음),"1,000만원 내외",사무직,서울
53821,20230701,전동 휠,여성,30대,자녀 성장기(막내가 초등학생～고등학생),700만원 내외,전업주부,경기
53825,20230701,전동 킥보드,남성,30대,신혼기(자녀없음),700만원 내외,일반 공무원/준공무원,경기
53836,20230701,전기 자전거,남성,50대,자녀 성장기(막내가 초등학생～고등학생),"1,000만원 내외",기술/숙련직,서울
53845,20230701,전기 자전거,남성,40대,자녀 성장기(막내가 초등학생～고등학생),800만원 내외,기술/숙련직,대구
53859,20230701,"오토바이(바이크, 스쿠터)",남성,30대,자녀 유아기(막내가 초등학교 입학 전),600만원 내외,경영/관리직,경기
53860,20230701,전동 킥보드,남성,40대,1인 가구,700만원 내외,판매/서비스직,경기
53910,20230701,전동 킥보드,남성,40대,자녀 성장기(막내가 초등학생～고등학생),"1,000만원 내외",경영/관리직,경기
53920,20230701,"오토바이(바이크, 스쿠터)",남성,30대,1인 가구,300만원 내외,판매/서비스직,서울
53931,20230701,전동 킥보드,남성,20대,자녀 성인기(막내가 대학생～결혼 전),"1,100~1,500만원 내외",무직/기타,경기
53933,20230701,"오토바이(바이크, 스쿠터)",남성,30대,자녀 독립기(막내가 결혼한 상태),"1,100~1,500만원 내외",자영업,경기
53944,20230701,"오토바이(바이크, 스쿠터)",남성,20대,1인 가구,모름,판매/서비스직,서울
53949,20230701,전동 킥보드,남성,40대,자녀 유아기(막내가 초등학교 입학 전),500만원 내외,기술/숙련직,경기
53978,20230701,전동 킥보드,남성,40대,자녀 성장기(막내가 초등학생～고등학생),300만원 내외,전문직,경남
54032,20230701,"오토바이(바이크, 스쿠터)",남성,30대,신혼기(자녀없음),500만원 내외,사무직,경기
54047,20230701,전동 킥보드,남성,50대,자녀 성인기(막내가 대학생～결혼 전),800만원 내외,기술/숙련직,인천
54080,20230701,전동 킥보드,남성,40대,자녀 유아기(막내가 초등학교 입학 전),800만원 내외,자영업,서울
54101,20230701,"오토바이(바이크, 스쿠터)",남성,50대,신혼기 초과(자녀없음),"1,000만원 내외",사무직,광주
54140,20230701,전동 킥보드,남성,30대,1인 가구,200만원 내외,사무직,경기
54159,20230701,"오토바이(바이크, 스쿠터)",남성,30대,자녀 유아기(막내가 초등학교 입학 전),"1,000만원 내외",자영업,제주
54175,20230701,전기 자전거,남성,30대,자녀 성인기(막내가 대학생～결혼 전),"1,000만원 내외",사무직,서울
54207,20230701,전기 자전거,남성,40대,신혼기 초과(자녀없음),"1,100~1,500만원 내외",경영/관리직,서울
54221,20230701,"오토바이(바이크, 스쿠터)",남성,40대,자녀 성장기(막내가 초등학생～고등학생),400만원 내외,자영업,경남
54223,20230701,전기 자전거,남성,40대,자녀 성장기(막내가 초등학생～고등학생),600만원 내외,자영업,대구
54230,20230701,"오토바이(바이크, 스쿠터)",남성,50대,1인 가구,"1,600~2,000만원 내외",자영업,경기
54236,20230701,"오토바이(바이크, 스쿠터)",남성,30대,자녀 유아기(막내가 초등학교 입학 전),900만원 내외,사무직,서울
54242,20230701,"오토바이(바이크, 스쿠터)",남성,40대,1인 가구,500만원 내외,사무직,서울
54253,20230701,"오토바이(바이크, 스쿠터)",남성,60대 이상,자녀 성인기(막내가 대학생～결혼 전),900만원 내외,자영업,경기
54315,20230701,전동 킥보드,남성,40대,자녀 성장기(막내가 초등학생～고등학생),800만원 내외,자영업,경기
54326,20230701,전동 스케이트보드,남성,50대,자녀 성장기(막내가 초등학생～고등학생),500만원 내외,일반 공무원/준공무원,서울
54347,20230701,전기 자전거,남성,40대,자녀 유아기(막내가 초등학교 입학 전),400만원 내외,사무직,경기
54354,20230701,전동 킥보드,남성,60대 이상,자녀 독립기(막내가 결혼한 상태),700만원 내외,자영업,경기
54364,20230701,"오토바이(바이크, 스쿠터)",남성,30대,신혼기(자녀없음),400만원 내외,기술/숙련직,경기
54408,20230701,전기 자전거,남성,40대,자녀 성장기(막내가 초등학생～고등학생),"1,100~1,500만원 내외",사무직,서울
54409,20230701,전기 자전거,남성,40대,자녀 성장기(막내가 초등학생～고등학생),"1,000만원 내외",자영업,경기
54411,20230701,"오토바이(바이크, 스쿠터)",남성,40대,자녀 성장기(막내가 초등학생～고등학생),600만원 내외,일반 공무원/준공무원,서울
54419,20230701,"오토바이(바이크, 스쿠터)",남성,40대,자녀 유아기(막내가 초등학교 입학 전),"1,000만원 내외",자영업,인천
54536,20230701,전기 자전거,남성,50대,신혼기 초과(자녀없음),"1,100~1,500만원 내외",무직/기타,서울
54590,20230701,전기 자전거,남성,30대,자녀 성인기(막내가 대학생～결혼 전),"1,600~2,000만원 내외",기술/숙련직,서울
54646,20230701,전기 자전거,남성,60대 이상,자녀 성인기(막내가 대학생～결혼 전),500만원 내외,자영업,부산
54655,20230701,전기 자전거,남성,50대,자녀 성인기(막내가 대학생～결혼 전),"1,100~1,500만원 내외",경영/관리직,서울
54662,20230701,전기 자전거,남성,50대,자녀 성인기(막내가 대학생～결혼 전),"2,100만원 이상",경영/관리직,서울
54678,20230701,전기 자전거,남성,40대,신혼기(자녀없음),300만원 내외,기술/숙련직,울산
54693,20230701,"오토바이(바이크, 스쿠터)",남성,60대 이상,자녀 독립기(막내가 결혼한 상태),"2,100만원 이상",전문직,인천
54715,20230701,"오토바이(바이크, 스쿠터)",남성,30대,자녀 성장기(막내가 초등학생～고등학생),"1,100~1,500만원 내외",자영업,부산
54731,20230701,"오토바이(바이크, 스쿠터)",남성,30대,1인 가구,300만원 내외,기술/숙련직,서울
54739,20230701,전기 자전거,남성,60대 이상,자녀 성인기(막내가 대학생～결혼 전),700만원 내외,전문직,경기
54803,20230701,"오토바이(바이크, 스쿠터)",남성,40대,자녀 유아기(막내가 초등학교 입학 전),"1,100~1,500만원 내외",기술/숙련직,경기
54815,20230701,"오토바이(바이크, 스쿠터)",남성,40대,1인 가구,500만원 내외,자영업,경기
54825,20230701,"오토바이(바이크, 스쿠터)",남성,50대,자녀 성인기(막내가 대학생～결혼 전),400만원 내외,자영업,서울
54866,20230701,전기 자전거,남성,50대,자녀 성인기(막내가 대학생～결혼 전),"1,600~2,000만원 내외",사무직,부산
54871,20230701,전동 킥보드,남성,40대,자녀 성인기(막내가 대학생～결혼 전),모름,자영업,충북
54886,20230701,전기 자전거,남성,30대,자녀 유아기(막내가 초등학교 입학 전),"1,000만원 내외",자영업,경기
54891,20230701,"오토바이(바이크, 스쿠터)",남성,30대,자녀 유아기(막내가 초등학교 입학 전),500만원 내외,기술/숙련직,경기
54914,20230701,전동 킥보드,남성,40대,자녀 성장기(막내가 초등학생～고등학생),800만원 내외,경영/관리직,서울
54917,20230701,전기 자전거,남성,30대,신혼기 초과(자녀없음),800만원 내외,무직/기타,경북
54939,20230701,전동 킥보드,남성,40대,자녀 유아기(막내가 초등학교 입학 전),500만원 내외,판매/서비스직,대구
54959,20230701,전기 자전거,남성,30대,자녀 성장기(막내가 초등학생～고등학생),700만원 내외,기술/숙련직,강원
54980,20230701,전동 킥보드,남성,40대,자녀 성장기(막내가 초등학생～고등학생),400만원 내외,무직/기타,광주
54984,20230701,"오토바이(바이크, 스쿠터)",남성,40대,자녀 성장기(막내가 초등학생～고등학생),900만원 내외,자영업,서울
55052,20230701,"오토바이(바이크, 스쿠터)",남성,40대,자녀 성장기(막내가 초등학생～고등학생),"1,000만원 내외",자영업,부산
55056,20230701,전기 자전거,남성,60대 이상,자녀 독립기(막내가 결혼한 상태),300만원 내외,무직/기타,경기
55126,20230701,전동 킥보드,남성,40대,자녀 성장기(막내가 초등학생～고등학생),"1,100~1,500만원 내외",자영업,인천
55151,20230701,"오토바이(바이크, 스쿠터)",남성,40대,1인 가구,500만원 내외,판매/서비스직,대구
55170,20230701,전기 자전거,여성,40대,자녀 유아기(막내가 초등학교 입학 전),900만원 내외,경영/관리직,경기
55196,20230701,"오토바이(바이크, 스쿠터)",남성,30대,1인 가구,"2,100만원 이상",기술/숙련직,서울
55204,20230701,"오토바이(바이크, 스쿠터)",남성,50대,자녀 성인기(막내가 대학생～결혼 전),700만원 내외,자영업,서울
55210,20230701,전기 자전거,남성,40대,자녀 성장기(막내가 초등학생～고등학생),600만원 내외,기술/숙련직,경기
55211,20230701,전동 킥보드,남성,40대,자녀 성장기(막내가 초등학생～고등학생),400만원 내외,자영업,강원
55284,20230701,전동 킥보드,남성,50대,자녀 유아기(막내가 초등학교 입학 전),400만원 내외,전문직,경기
55303,20230701,전동 킥보드,남성,50대,자녀 성인기(막내가 대학생～결혼 전),"1,600~2,000만원 내외",기술/숙련직,경기
55338,20230701,"오토바이(바이크, 스쿠터)",남성,40대,신혼기(자녀없음),700만원 내외,자영업,부산
55361,20230701,전기 자전거,남성,30대,자녀 유아기(막내가 초등학교 입학 전),700만원 내외,사무직,충북
55377,20230701,전기 자전거,여성,40대,1인 가구,700만원 내외,기술/숙련직,경기
55405,20230701,전동 킥보드,남성,40대,자녀 유아기(막내가 초등학교 입학 전),800만원 내외,사무직,경기
55460,20230701,전기 자전거,남성,40대,자녀 유아기(막내가 초등학교 입학 전),"1,100~1,500만원 내외",경영/관리직,서울
55479,20230701,"오토바이(바이크, 스쿠터)",남성,30대,자녀 성인기(막내가 대학생～결혼 전),"2,100만원 이상",자영업,경기
55480,20230701,전동 킥보드,여성,40대,자녀 성장기(막내가 초등학생～고등학생),"2,100만원 이상",전문직,서울
55506,20230701,전동 킥보드,남성,50대,자녀 성인기(막내가 대학생～결혼 전),"1,100~1,500만원 내외",일반 공무원/준공무원,서울
55545,20230701,"오토바이(바이크, 스쿠터)",남성,60대 이상,자녀 독립기(막내가 결혼한 상태),300만원 내외,자영업,부산
55553,20230701,"오토바이(바이크, 스쿠터)",남성,40대,신혼기 초과(자녀없음),700만원 내외,기술/숙련직,서울
55602,20230701,전기 자전거,남성,40대,자녀 성장기(막내가 초등학생～고등학생),300만원 내외,일반 공무원/준공무원,서울
55635,20230701,전기 자전거,남성,40대,신혼기 초과(자녀없음),600만원 내외,사무직,부산
55664,20230701,"오토바이(바이크, 스쿠터)",남성,40대,신혼기 초과(자녀없음),700만원 내외,자영업,경남
55671,20230701,전기 자전거,여성,30대,신혼기 초과(자녀없음),"1,000만원 내외",자영업,경남
55715,20230701,"오토바이(바이크, 스쿠터)",남성,40대,자녀 성장기(막내가 초등학생～고등학생),700만원 내외,사무직,서울
55751,20230701,전동 킥보드,남성,40대,자녀 성장기(막내가 초등학생～고등학생),800만원 내외,전문직,대전
55802,20230701,"오토바이(바이크, 스쿠터)",남성,40대,1인 가구,400만원 내외,전문직,경기
55825,20230701,전기 자전거,남성,40대,1인 가구,400만원 내외,기술/숙련직,서울
55830,20230701,전동 킥보드,남성,60대 이상,1인 가구,400만원 내외,전문직,경기
55832,20230701,전동 킥보드,남성,50대,자녀 성장기(막내가 초등학생～고등학생),800만원 내외,판매/서비스직,경기
55839,20230701,전동 킥보드,여성,30대,신혼기 초과(자녀없음),600만원 내외,무직/기타,경기
56006,20230701,전기 자전거,남성,40대,자녀 성장기(막내가 초등학생～고등학생),500만원 내외,기술/숙련직,전남
56016,20230701,"오토바이(바이크, 스쿠터)",남성,50대,자녀 성인기(막내가 대학생～결혼 전),700만원 내외,전문직,부산
56025,20230701,"오토바이(바이크, 스쿠터)",남성,30대,자녀 유아기(막내가 초등학교 입학 전),800만원 내외,전문직,경기
56032,20230701,"오토바이(바이크, 스쿠터)",남성,30대,자녀 유아기(막내가 초등학교 입학 전),500만원 내외,판매/서비스직,경기
56037,20230701,전기 자전거,남성,50대,자녀 성장기(막내가 초등학생～고등학생),"2,100만원 이상",경영/관리직,서울
56066,20230701,전기 자전거,남성,40대,자녀 성인기(막내가 대학생～결혼 전),500만원 내외,기술/숙련직,경기
56067,20230701,"오토바이(바이크, 스쿠터)",남성,40대,신혼기 초과(자녀없음),"2,100만원 이상",자영업,전남
56096,20230701,"오토바이(바이크, 스쿠터)",남성,40대,자녀 성장기(막내가 초등학생～고등학생),600만원 내외,사무직,강원
56130,20230701,"오토바이(바이크, 스쿠터)",남성,50대,자녀 성장기(막내가 초등학생～고등학생),"1,000만원 내외",사무직,대구
56131,20230701,전동 킥보드,남성,40대,자녀 성인기(막내가 대학생～결혼 전),"1,000만원 내외",사무직,서울
56154,20230701,전기 자전거,여성,30대,1인 가구,300만원 내외,일반 공무원/준공무원,경기
56164,20230701,전동 킥보드,남성,40대,신혼기(자녀없음),700만원 내외,기술/숙련직,전남
56220,20230701,전기 자전거,남성,40대,자녀 성장기(막내가 초등학생～고등학생),800만원 내외,일반 공무원/준공무원,서울
56256,20230701,전동 킥보드,남성,40대,1인 가구,"1,600~2,000만원 내외",기술/숙련직,경기
56269,20230701,"오토바이(바이크, 스쿠터)",여성,40대,신혼기(자녀없음),"1,000만원 내외",판매/서비스직,경북
56270,20230701,"오토바이(바이크, 스쿠터)",남성,50대,자녀 성장기(막내가 초등학생～고등학생),"1,000만원 내외",기술/숙련직,부산
56292,20230701,전기 자전거,남성,40대,자녀 성장기(막내가 초등학생～고등학생),800만원 내외,경영/관리직,경기
56360,20230701,전동 킥보드,남성,30대,자녀 유아기(막내가 초등학교 입학 전),700만원 내외,자영업,경기
56368,20230701,전동 킥보드,남성,40대,자녀 성장기(막내가 초등학생～고등학생),600만원 내외,판매/서비스직,경기
56399,20230701,전동 킥보드,남성,50대,자녀 성인기(막내가 대학생～결혼 전),500만원 내외,무직/기타,경기
56410,20230701,전동 스쿠터,남성,40대,자녀 유아기(막내가 초등학교 입학 전),500만원 내외,사무직,경북
56417,20230701,전동 킥보드,남성,40대,신혼기(자녀없음),"1,000만원 내외",기술/숙련직,경기
56455,20230701,"오토바이(바이크, 스쿠터)",남성,40대,자녀 성장기(막내가 초등학생～고등학생),800만원 내외,기술/숙련직,경기
56464,20230701,전동 스쿠터,남성,50대,자녀 성인기(막내가 대학생～결혼 전),700만원 내외,자영업,경기
56471,20230701,"오토바이(바이크, 스쿠터)",남성,40대,자녀 성장기(막내가 초등학생～고등학생),800만원 내외,기술/숙련직,경남
56473,20230701,전동 킥보드,남성,50대,1인 가구,500만원 내외,무직/기타,경기
56480,20230701,전동 킥보드,여성,40대,자녀 성장기(막내가 초등학생～고등학생),"1,000만원 내외",자영업,서울
56508,20230701,전동 킥보드,남성,40대,자녀 성장기(막내가 초등학생～고등학생),"1,600~2,000만원 내외",사무직,제주
56532,20230701,"오토바이(바이크, 스쿠터)",남성,30대,자녀 독립기(막내가 결혼한 상태),"1,100~1,500만원 내외",기술/숙련직,서울
56568,20230701,전동 킥보드,남성,40대,1인 가구,100만원 이하,자영업,서울
56608,20230701,"오토바이(바이크, 스쿠터)",남성,30대,자녀 성인기(막내가 대학생～결혼 전),"1,600~2,000만원 내외",자영업,서울
56672,20230701,전동 스쿠터,남성,50대,자녀 성인기(막내가 대학생～결혼 전),600만원 내외,자영업,경남
56746,20230701,"오토바이(바이크, 스쿠터)",남성,40대,자녀 성장기(막내가 초등학생～고등학생),700만원 내외,판매/서비스직,서울
56747,20230701,"오토바이(바이크, 스쿠터)",남성,40대,자녀 성장기(막내가 초등학생～고등학생),700만원 내외,판매/서비스직,경기
56770,20230701,전동 스케이트보드,남성,40대,자녀 성장기(막내가 초등학생～고등학생),"1,000만원 내외",사무직,서울
56797,20230701,전기 자전거,남성,30대,신혼기 초과(자녀없음),500만원 내외,기술/숙련직,경기
56802,20230701,전동 휠,여성,30대,자녀 성장기(막내가 초등학생～고등학생),"2,100만원 이상",전업주부,경기
56838,20230701,전기 자전거,남성,60대 이상,자녀 성인기(막내가 대학생～결혼 전),"2,100만원 이상",사무직,서울
56852,20230701,전동 킥보드,남성,40대,자녀 성장기(막내가 초등학생～고등학생),"1,100~1,500만원 내외",자영업,경기
56927,20230701,전동 킥보드,남성,40대,자녀 성장기(막내가 초등학생～고등학생),"2,100만원 이상",경영/관리직,서울
56930,20230701,"오토바이(바이크, 스쿠터)",남성,30대,자녀 성장기(막내가 초등학생～고등학생),400만원 내외,자영업,대구
56955,20230701,전기 자전거,남성,50대,1인 가구,700만원 내외,전문직,경기
56963,20230701,"오토바이(바이크, 스쿠터)",남성,50대,1인 가구,500만원 내외,판매/서비스직,서울
57043,20230701,"오토바이(바이크, 스쿠터)",남성,50대,자녀 성인기(막내가 대학생～결혼 전),900만원 내외,경영/관리직,서울
57047,20230701,"오토바이(바이크, 스쿠터)",남성,50대,자녀 성장기(막내가 초등학생～고등학생),300만원 내외,무직/기타,경기
57062,20230701,전동 휠,남성,40대,자녀 성장기(막내가 초등학생～고등학생),"1,600~2,000만원 내외",자영업,전북
57078,20230701,"오토바이(바이크, 스쿠터)",남성,50대,자녀 성인기(막내가 대학생～결혼 전),"1,000만원 내외",무직/기타,서울
57083,20230701,전동 킥보드,남성,50대,1인 가구,"1,000만원 내외",자영업,강원
57089,20230701,전동 킥보드,남성,40대,1인 가구,600만원 내외,경영/관리직,경기
57126,20230701,"오토바이(바이크, 스쿠터)",남성,50대,자녀 독립기(막내가 결혼한 상태),100만원 이하,무직/기타,강원
57152,20230701,전기 자전거,남성,40대,1인 가구,300만원 내외,기술/숙련직,인천
57178,20230701,전동 킥보드,남성,30대,1인 가구,700만원 내외,판매/서비스직,인천
57233,20230701,전기 자전거,남성,50대,자녀 성인기(막내가 대학생～결혼 전),"1,000만원 내외",일반 공무원/준공무원,대구
57275,20230701,전기 자전거,남성,40대,1인 가구,"2,100만원 이상",자영업,경기
57277,20230701,"오토바이(바이크, 스쿠터)",남성,40대,1인 가구,500만원 내외,사무직,서울
57284,20230701,"오토바이(바이크, 스쿠터)",남성,50대,자녀 성인기(막내가 대학생～결혼 전),"1,000만원 내외",자영업,경북
57313,20230701,전동 킥보드,남성,30대,신혼기 초과(자녀없음),300만원 내외,전문직,제주
57314,20230701,"오토바이(바이크, 스쿠터)",남성,40대,자녀 유아기(막내가 초등학교 입학 전),700만원 내외,기술/숙련직,경기
57333,20230701,전동 킥보드,남성,40대,자녀 유아기(막내가 초등학교 입학 전),900만원 내외,일반 공무원/준공무원,경기
57374,20230701,전기 자전거,여성,40대,자녀 성장기(막내가 초등학생～고등학생),500만원 내외,전업주부,경기
57392,20230701,전동 킥보드,여성,40대,신혼기 초과(자녀없음),500만원 내외,자영업,충남
57402,20230701,전동 킥보드,남성,40대,자녀 성장기(막내가 초등학생～고등학생),"1,000만원 내외",사무직,경기
57429,20230701,"오토바이(바이크, 스쿠터)",남성,40대,1인 가구,700만원 내외,무직/기타,경기
57471,20230701,전기 자전거,남성,30대,1인 가구,400만원 내외,무직/기타,경기
57482,20230701,전동 킥보드,남성,40대,신혼기 초과(자녀없음),900만원 내외,일반 공무원/준공무원,대구
57510,20230701,"오토바이(바이크, 스쿠터)",남성,50대,자녀 성인기(막내가 대학생～결혼 전),"1,600~2,000만원 내외",경영/관리직,경기
57523,20230701,전기 자전거,남성,40대,자녀 성인기(막내가 대학생～결혼 전),700만원 내외,일반 공무원/준공무원,경남
57566,20230701,전기 자전거,남성,40대,자녀 유아기(막내가 초등학교 입학 전),500만원 내외,경영/관리직,서울
57581,20230701,"오토바이(바이크, 스쿠터)",남성,30대,1인 가구,모름,학생,서울
57603,20230701,"오토바이(바이크, 스쿠터)",남성,50대,자녀 독립기(막내가 결혼한 상태),"1,600~2,000만원 내외",자영업,서울
57605,20230701,"오토바이(바이크, 스쿠터)",남성,40대,자녀 성장기(막내가 초등학생～고등학생),"1,100~1,500만원 내외",기술/숙련직,서울
57641,20230701,"오토바이(바이크, 스쿠터)",남성,40대,자녀 성장기(막내가 초등학생～고등학생),900만원 내외,기술/숙련직,경기
57648,20230701,전동 킥보드,여성,40대,자녀 성장기(막내가 초등학생～고등학생),500만원 내외,판매/서비스직,경기
57660,20230701,전동 킥보드,남성,40대,자녀 성장기(막내가 초등학생～고등학생),600만원 내외,판매/서비스직,경기
57668,20230701,"오토바이(바이크, 스쿠터)",남성,40대,자녀 유아기(막내가 초등학교 입학 전),300만원 내외,무직/기타,경북
57682,20230701,"오토바이(바이크, 스쿠터)",남성,40대,자녀 성장기(막내가 초등학생～고등학생),500만원 내외,사무직,세종
57706,20230701,전기 자전거,남성,50대,자녀 성인기(막내가 대학생～결혼 전),500만원 내외,전문직,경기
57715,20230701,전동 킥보드,남성,40대,자녀 유아기(막내가 초등학교 입학 전),500만원 내외,사무직,세종
57718,20230701,전동 킥보드,남성,50대,자녀 성인기(막내가 대학생～결혼 전),800만원 내외,자영업,경기
57725,20230701,전동 킥보드,여성,40대,자녀 성장기(막내가 초등학생～고등학생),900만원 내외,사무직,서울
57754,20230701,전기 자전거,남성,50대,자녀 성장기(막내가 초등학생～고등학생),"1,100~1,500만원 내외",자영업,서울
57785,20230701,전기 자전거,여성,20대,1인 가구,모름,전문직,경기
57813,20230701,전동 킥보드,남성,40대,자녀 성장기(막내가 초등학생～고등학생),"1,100~1,500만원 내외",자영업,경기
57821,20230701,"오토바이(바이크, 스쿠터)",남성,50대,신혼기(자녀없음),500만원 내외,기술/숙련직,서울
57873,20230701,전동 킥보드,남성,30대,신혼기(자녀없음),"1,000만원 내외",사무직,경기
57933,20230701,전기 자전거,남성,40대,자녀 성장기(막내가 초등학생～고등학생),600만원 내외,사무직,경기
57940,20230701,전기 자전거,남성,40대,자녀 성장기(막내가 초등학생～고등학생),모름,무직/기타,경기
57944,20230701,전동 킥보드,남성,40대,신혼기(자녀없음),500만원 내외,기술/숙련직,경기
57990,20230701,"오토바이(바이크, 스쿠터)",남성,40대,자녀 성인기(막내가 대학생～결혼 전),500만원 내외,기술/숙련직,경기
57997,20230701,전기 자전거,남성,30대,자녀 유아기(막내가 초등학교 입학 전),500만원 내외,사무직,인천
57999,20230701,전기 자전거,남성,30대,자녀 유아기(막내가 초등학교 입학 전),900만원 내외,기술/숙련직,서울
58008,20230701,전동 킥보드,여성,50대,자녀 성장기(막내가 초등학생～고등학생),600만원 내외,자영업,대구
58036,20230701,전동 스쿠터,여성,40대,신혼기(자녀없음),500만원 내외,사무직,충북
58037,20230701,전동 킥보드,남성,30대,자녀 유아기(막내가 초등학교 입학 전),600만원 내외,일반 공무원/준공무원,전북
58038,20230701,"오토바이(바이크, 스쿠터)",남성,40대,신혼기 초과(자녀없음),900만원 내외,자영업,인천
58048,20230701,전동 킥보드,남성,40대,1인 가구,"1,100~1,500만원 내외",자영업,경기
58084,20230701,전동 킥보드,남성,40대,1인 가구,"1,000만원 내외",전문직,서울
58093,20230701,전동 스쿠터,남성,50대,자녀 성장기(막내가 초등학생～고등학생),"1,100~1,500만원 내외",자영업,서울
58117,20230701,전기 자전거,여성,50대,자녀 성장기(막내가 초등학생～고등학생),600만원 내외,무직/기타,서울
58155,20230701,전기 자전거,남성,40대,자녀 유아기(막내가 초등학교 입학 전),모름,경영/관리직,서울
58164,20230701,전동 킥보드,남성,40대,자녀 성장기(막내가 초등학생～고등학생),700만원 내외,기술/숙련직,광주
58180,20230701,전기 자전거,남성,40대,자녀 유아기(막내가 초등학교 입학 전),"1,100~1,500만원 내외",기술/숙련직,서울
58195,20230701,"오토바이(바이크, 스쿠터)",남성,50대,자녀 성인기(막내가 대학생～결혼 전),800만원 내외,기술/숙련직,경기
58208,20230701,"오토바이(바이크, 스쿠터)",남성,40대,자녀 유아기(막내가 초등학교 입학 전),500만원 내외,사무직,서울
58220,20230701,"오토바이(바이크, 스쿠터)",남성,40대,신혼기(자녀없음),600만원 내외,무직/기타,경기
58223,20230701,전기 자전거,남성,40대,자녀 성장기(막내가 초등학생～고등학생),600만원 내외,사무직,경기
58238,20230701,전기 자전거,여성,40대,자녀 성장기(막내가 초등학생～고등학생),700만원 내외,자영업,인천
58247,20230701,전기 자전거,남성,40대,자녀 성장기(막내가 초등학생～고등학생),"1,000만원 내외",사무직,서울
58253,20230701,"오토바이(바이크, 스쿠터)",남성,40대,신혼기 초과(자녀없음),600만원 내외,자영업,광주
58273,20230701,"오토바이(바이크, 스쿠터)",남성,30대,1인 가구,"2,100만원 이상",무직/기타,강원
58283,20230701,전기 자전거,여성,50대,자녀 성장기(막내가 초등학생～고등학생),900만원 내외,전업주부,서울
58296,20230701,전동 킥보드,남성,50대,자녀 성인기(막내가 대학생～결혼 전),400만원 내외,판매/서비스직,경기
58297,20230701,전동 킥보드,남성,40대,자녀 성장기(막내가 초등학생～고등학생),800만원 내외,판매/서비스직,광주
58307,20230701,전기 자전거,남성,40대,자녀 성장기(막내가 초등학생～고등학생),800만원 내외,경영/관리직,경기
58325,20230701,"오토바이(바이크, 스쿠터)",남성,40대,자녀 성장기(막내가 초등학생～고등학생),"1,000만원 내외",자영업,서울
58342,20230701,전기 자전거,남성,40대,자녀 성장기(막내가 초등학생～고등학생),"1,000만원 내외",경영/관리직,경기
58343,20230701,"오토바이(바이크, 스쿠터)",여성,50대,자녀 성장기(막내가 초등학생～고등학생),"1,000만원 내외",전업주부,경기
58362,20230701,"오토바이(바이크, 스쿠터)",남성,50대,자녀 성장기(막내가 초등학생～고등학생),800만원 내외,자영업,서울
58391,20230701,전동 킥보드,남성,50대,자녀 성장기(막내가 초등학생～고등학생),"1,600~2,000만원 내외",경영/관리직,인천
58394,20230701,"오토바이(바이크, 스쿠터)",남성,30대,1인 가구,300만원 내외,자영업,경기
58395,20230701,"오토바이(바이크, 스쿠터)",남성,40대,자녀 유아기(막내가 초등학교 입학 전),900만원 내외,전문직,서울
58423,20230701,전동 킥보드,남성,40대,자녀 성인기(막내가 대학생～결혼 전),300만원 내외,기술/숙련직,전북
58441,20230701,"오토바이(바이크, 스쿠터)",남성,50대,자녀 성인기(막내가 대학생～결혼 전),900만원 내외,사무직,서울
58474,20230701,전동 스쿠터,남성,40대,신혼기 초과(자녀없음),"1,600~2,000만원 내외",경영/관리직,서울
58479,20230701,전기 자전거,남성,50대,자녀 성장기(막내가 초등학생～고등학생),"1,000만원 내외",자영업,경기
58482,20230701,전기 자전거,여성,40대,자녀 유아기(막내가 초등학교 입학 전),600만원 내외,사무직,경기
58511,20230701,"오토바이(바이크, 스쿠터)",남성,30대,1인 가구,600만원 내외,무직/기타,부산
58516,20230701,전동 킥보드,남성,40대,자녀 성장기(막내가 초등학생～고등학생),600만원 내외,일반 공무원/준공무원,강원
58527,20230701,전기 자전거,남성,50대,자녀 성인기(막내가 대학생～결혼 전),600만원 내외,일반 공무원/준공무원,광주
58530,20230701,전기 자전거,남성,50대,자녀 성인기(막내가 대학생～결혼 전),"1,600~2,000만원 내외",전문직,서울
58574,20230701,"오토바이(바이크, 스쿠터)",남성,40대,1인 가구,200만원 내외,무직/기타,인천
58583,20230701,전기 자전거,남성,60대 이상,자녀 독립기(막내가 결혼한 상태),500만원 내외,무직/기타,경북
58601,20230701,"오토바이(바이크, 스쿠터)",남성,30대,신혼기(자녀없음),800만원 내외,판매/서비스직,서울
58605,20230701,전동 킥보드,남성,50대,자녀 성장기(막내가 초등학생～고등학생),"1,000만원 내외",전문직,경기
58642,20230701,"오토바이(바이크, 스쿠터)",남성,40대,자녀 유아기(막내가 초등학교 입학 전),"1,100~1,500만원 내외",자영업,경기
58664,20230701,전동 스쿠터,남성,50대,자녀 성인기(막내가 대학생～결혼 전),"1,600~2,000만원 내외",자영업,대구
58676,20230701,전기 자전거,남성,50대,1인 가구,300만원 내외,사무직,경기
58692,20230701,전동 킥보드,남성,50대,자녀 성장기(막내가 초등학생～고등학생),500만원 내외,자영업,경기
58694,20230701,"오토바이(바이크, 스쿠터)",남성,30대,신혼기 초과(자녀없음),"1,000만원 내외",자영업,대구
58699,20230701,"오토바이(바이크, 스쿠터)",남성,50대,자녀 성장기(막내가 초등학생～고등학생),500만원 내외,사무직,강원
58701,20230701,전기 자전거,남성,40대,자녀 성장기(막내가 초등학생～고등학생),800만원 내외,자영업,경북
58705,20230701,전동 킥보드,남성,30대,1인 가구,600만원 내외,사무직,전북
58718,20230701,전동 스케이트보드,남성,40대,신혼기 초과(자녀없음),300만원 내외,일반 공무원/준공무원,서울
58719,20230701,"오토바이(바이크, 스쿠터)",남성,40대,1인 가구,800만원 내외,자영업,경기
58732,20230701,"오토바이(바이크, 스쿠터)",남성,50대,1인 가구,400만원 내외,자영업,경남
58738,20230701,전동 킥보드,남성,40대,자녀 성장기(막내가 초등학생～고등학생),"1,100~1,500만원 내외",사무직,인천
58758,20230701,"오토바이(바이크, 스쿠터)",남성,50대,자녀 성인기(막내가 대학생～결혼 전),"1,100~1,500만원 내외",경영/관리직,경기
58766,20230701,"오토바이(바이크, 스쿠터)",남성,30대,신혼기 초과(자녀없음),600만원 내외,판매/서비스직,서울
58772,20230701,"오토바이(바이크, 스쿠터)",여성,30대,1인 가구,300만원 내외,기술/숙련직,경기
58800,20230701,전동 킥보드,남성,40대,1인 가구,700만원 내외,기술/숙련직,충북
58812,20230701,전동 휠,남성,40대,자녀 성장기(막내가 초등학생～고등학생),500만원 내외,일반 공무원/준공무원,서울
58813,20230701,전기 자전거,남성,40대,자녀 성장기(막내가 초등학생～고등학생),700만원 내외,일반 공무원/준공무원,서울
58824,20230701,전기 자전거,남성,40대,자녀 성장기(막내가 초등학생～고등학생),"2,100만원 이상",자영업,서울
58848,20230701,"오토바이(바이크, 스쿠터)",남성,40대,1인 가구,500만원 내외,자영업,서울
58855,20230701,전동 킥보드,남성,40대,자녀 성장기(막내가 초등학생～고등학생),"1,000만원 내외",사무직,서울
58865,20230701,전동 킥보드,남성,30대,자녀 성장기(막내가 초등학생～고등학생),"1,000만원 내외",무직/기타,서울
58888,20230701,"오토바이(바이크, 스쿠터)",남성,40대,1인 가구,500만원 내외,기술/숙련직,경기
58891,20230701,전동 킥보드,남성,30대,자녀 유아기(막내가 초등학교 입학 전),100만원 이하,자영업,서울
58896,20230701,"오토바이(바이크, 스쿠터)",남성,30대,자녀 유아기(막내가 초등학교 입학 전),500만원 내외,일반 공무원/준공무원,대전
58901,20230701,전기 자전거,남성,60대 이상,자녀 독립기(막내가 결혼한 상태),"2,100만원 이상",사무직,부산
58907,20230701,전동 킥보드,남성,40대,신혼기(자녀없음),800만원 내외,기술/숙련직,경남
58914,20230701,전동 스케이트보드,남성,50대,자녀 성인기(막내가 대학생～결혼 전),800만원 내외,경영/관리직,강원
58928,20230701,"오토바이(바이크, 스쿠터)",남성,30대,자녀 유아기(막내가 초등학교 입학 전),500만원 내외,일반 공무원/준공무원,인천
58935,20230701,전동 킥보드,남성,50대,자녀 성인기(막내가 대학생～결혼 전),"1,100~1,500만원 내외",일반 공무원/준공무원,서울
58955,20230701,전동 킥보드,남성,40대,자녀 성장기(막내가 초등학생～고등학생),300만원 내외,일반 공무원/준공무원,충북
59004,20230701,전동 스쿠터,남성,50대,자녀 유아기(막내가 초등학교 입학 전),700만원 내외,사무직,서울
59027,20230701,"오토바이(바이크, 스쿠터)",남성,40대,자녀 유아기(막내가 초등학교 입학 전),700만원 내외,기술/숙련직,경기
59040,20230701,전기 자전거,남성,30대,1인 가구,300만원 내외,사무직,서울
59045,20230701,전동 킥보드,남성,60대 이상,자녀 성인기(막내가 대학생～결혼 전),"1,100~1,500만원 내외",판매/서비스직,경기
59050,20230701,전동 스쿠터,남성,40대,자녀 유아기(막내가 초등학교 입학 전),600만원 내외,기술/숙련직,경남
59085,20230701,"오토바이(바이크, 스쿠터)",남성,50대,자녀 성장기(막내가 초등학생～고등학생),900만원 내외,자영업,충남
59102,20230701,"오토바이(바이크, 스쿠터)",남성,30대,자녀 유아기(막내가 초등학교 입학 전),100만원 이하,자영업,부산
59112,20230701,전동 킥보드,남성,40대,자녀 성장기(막내가 초등학생～고등학생),"1,000만원 내외",기술/숙련직,경남
59129,20230701,"오토바이(바이크, 스쿠터)",남성,40대,자녀 성장기(막내가 초등학생～고등학생),"1,000만원 내외",자영업,서울
59204,20230701,전기 자전거,남성,60대 이상,자녀 성인기(막내가 대학생～결혼 전),400만원 내외,자영업,대구
59213,20230701,전동 킥보드,여성,30대,신혼기(자녀없음),900만원 내외,판매/서비스직,충북
59263,20230701,전기 자전거,남성,50대,자녀 성장기(막내가 초등학생～고등학생),700만원 내외,경영/관리직,경기
59282,20230701,"오토바이(바이크, 스쿠터)",남성,50대,자녀 성인기(막내가 대학생～결혼 전),"1,100~1,500만원 내외",자영업,경기
59292,20230701,"오토바이(바이크, 스쿠터)",남성,50대,자녀 성인기(막내가 대학생～결혼 전),800만원 내외,사무직,경기
59303,20230701,"오토바이(바이크, 스쿠터)",남성,50대,자녀 독립기(막내가 결혼한 상태),"1,600~2,000만원 내외",경영/관리직,서울
59310,20230701,전기 자전거,남성,40대,자녀 유아기(막내가 초등학교 입학 전),900만원 내외,사무직,경기
59338,20230701,"오토바이(바이크, 스쿠터)",남성,40대,1인 가구,"1,100~1,500만원 내외",자영업,인천
59365,20230701,"오토바이(바이크, 스쿠터)",남성,60대 이상,자녀 성인기(막내가 대학생～결혼 전),모름,무직/기타,서울
59413,20230701,전동 스케이트보드,남성,30대,자녀 유아기(막내가 초등학교 입학 전),400만원 내외,기술/숙련직,경남
59422,20230701,"오토바이(바이크, 스쿠터)",남성,40대,자녀 성장기(막내가 초등학생～고등학생),400만원 내외,자영업,서울
59427,20230701,전동 킥보드,남성,40대,신혼기 초과(자녀없음),"1,100~1,500만원 내외",자영업,인천
59436,20230701,"오토바이(바이크, 스쿠터)",남성,60대 이상,자녀 성인기(막내가 대학생～결혼 전),"2,100만원 이상",경영/관리직,서울
59443,20230701,전동 킥보드,남성,20대,자녀 성인기(막내가 대학생～결혼 전),"1,000만원 내외",기술/숙련직,서울
59452,20230701,"오토바이(바이크, 스쿠터)",남성,30대,신혼기 초과(자녀없음),600만원 내외,자영업,대전
59453,20230701,전동 킥보드,남성,60대 이상,자녀 성인기(막내가 대학생～결혼 전),900만원 내외,경영/관리직,경기
59465,20230701,"오토바이(바이크, 스쿠터)",남성,40대,자녀 성장기(막내가 초등학생～고등학생),"1,000만원 내외",경영/관리직,경기
59472,20230701,전기 자전거,남성,50대,자녀 성장기(막내가 초등학생～고등학생),600만원 내외,전문직,서울
59476,20230701,"오토바이(바이크, 스쿠터)",남성,30대,자녀 유아기(막내가 초등학교 입학 전),"1,100~1,500만원 내외",전문직,서울
59486,20230701,전기 자전거,남성,60대 이상,자녀 독립기(막내가 결혼한 상태),"1,000만원 내외",일반 공무원/준공무원,경남
59543,20230701,"오토바이(바이크, 스쿠터)",남성,30대,자녀 성장기(막내가 초등학생～고등학생),800만원 내외,사무직,서울
59548,20230701,전동 스쿠터,남성,40대,자녀 성장기(막내가 초등학생～고등학생),900만원 내외,기술/숙련직,서울
59611,20230701,전동 킥보드,남성,40대,자녀 성장기(막내가 초등학생～고등학생),300만원 내외,판매/서비스직,인천
59627,20230701,전기 자전거,남성,40대,자녀 성장기(막내가 초등학생～고등학생),300만원 내외,기술/숙련직,충남
59648,20230701,전동 킥보드,남성,40대,자녀 유아기(막내가 초등학교 입학 전),600만원 내외,사무직,인천
59660,20230701,"오토바이(바이크, 스쿠터)",남성,30대,1인 가구,500만원 내외,기술/숙련직,인천
59661,20230701,"오토바이(바이크, 스쿠터)",남성,40대,자녀 성장기(막내가 초등학생～고등학생),800만원 내외,자영업,서울
59684,20230701,전기 자전거,남성,40대,자녀 성장기(막내가 초등학생～고등학생),600만원 내외,전문직,경기
59702,20230701,전기 자전거,남성,40대,1인 가구,800만원 내외,경영/관리직,서울
59711,20230701,전기 자전거,여성,30대,1인 가구,200만원 내외,판매/서비스직,서울
59732,20230701,"오토바이(바이크, 스쿠터)",남성,40대,1인 가구,300만원 내외,판매/서비스직,부산
59739,20230701,전동 킥보드,남성,40대,신혼기 초과(자녀없음),700만원 내외,기술/숙련직,인천
59742,20230701,전기 자전거,남성,50대,자녀 성장기(막내가 초등학생～고등학생),"1,600~2,000만원 내외",자영업,전북
59745,20230701,"오토바이(바이크, 스쿠터)",여성,30대,자녀 성인기(막내가 대학생～결혼 전),800만원 내외,기술/숙련직,전북
59766,20230701,전동 킥보드,남성,30대,1인 가구,500만원 내외,사무직,경기
59775,20230701,전동 킥보드,남성,40대,1인 가구,"2,100만원 이상",기술/숙련직,경북
59776,20230701,전기 자전거,남성,50대,자녀 성인기(막내가 대학생～결혼 전),"1,100~1,500만원 내외",전문직,경기
59800,20230701,전동 킥보드,남성,50대,자녀 성인기(막내가 대학생～결혼 전),"1,000만원 내외",경영/관리직,서울
59807,20230701,"오토바이(바이크, 스쿠터)",남성,40대,자녀 유아기(막내가 초등학교 입학 전),"2,100만원 이상",자영업,경남
59809,20230701,"오토바이(바이크, 스쿠터)",남성,40대,1인 가구,"1,100~1,500만원 내외",자영업,서울
59824,20230701,"오토바이(바이크, 스쿠터)",남성,40대,1인 가구,"1,000만원 내외",사무직,경북
59829,20230701,"오토바이(바이크, 스쿠터)",여성,40대,자녀 성장기(막내가 초등학생～고등학생),900만원 내외,일반 공무원/준공무원,경남
59834,20230701,"오토바이(바이크, 스쿠터)",남성,40대,자녀 유아기(막내가 초등학교 입학 전),"1,600~2,000만원 내외",자영업,울산
59838,20230701,"오토바이(바이크, 스쿠터)",남성,60대 이상,자녀 성인기(막내가 대학생～결혼 전),600만원 내외,무직/기타,경기
59855,20230701,전동 킥보드,남성,40대,1인 가구,400만원 내외,기술/숙련직,전북
59858,20230701,전기 자전거,남성,40대,1인 가구,400만원 내외,일반 공무원/준공무원,경북
59894,20230701,전기 자전거,여성,40대,신혼기(자녀없음),400만원 내외,판매/서비스직,경남
59903,20230701,전동 킥보드,남성,40대,자녀 성장기(막내가 초등학생～고등학생),"1,600~2,000만원 내외",기술/숙련직,경기
59915,20230701,전동 킥보드,남성,30대,신혼기(자녀없음),600만원 내외,일반 공무원/준공무원,경기
59918,20230701,전동 킥보드,남성,60대 이상,자녀 독립기(막내가 결혼한 상태),600만원 내외,경영/관리직,경기
59937,20230701,전동 킥보드,남성,30대,신혼기 초과(자녀없음),700만원 내외,사무직,서울
59939,20230701,전기 자전거,남성,60대 이상,자녀 성장기(막내가 초등학생～고등학생),"1,000만원 내외",경영/관리직,충남
59957,20230701,"오토바이(바이크, 스쿠터)",남성,50대,자녀 성인기(막내가 대학생～결혼 전),600만원 내외,자영업,대구
59977,20230701,"오토바이(바이크, 스쿠터)",남성,30대,1인 가구,700만원 내외,기술/숙련직,경기
60003,20230701,"오토바이(바이크, 스쿠터)",남성,50대,자녀 성인기(막내가 대학생～결혼 전),600만원 내외,자영업,경기
60011,20230701,전동 킥보드,남성,40대,자녀 성장기(막내가 초등학생～고등학생),800만원 내외,자영업,충북
60014,20230701,"오토바이(바이크, 스쿠터)",여성,30대,1인 가구,600만원 내외,사무직,경기
60021,20230701,"오토바이(바이크, 스쿠터)",남성,50대,자녀 성장기(막내가 초등학생～고등학생),500만원 내외,무직/기타,서울
60033,20230701,전동 킥보드,남성,20대,1인 가구,700만원 내외,기술/숙련직,서울
60047,20230701,전기 자전거,남성,60대 이상,자녀 성인기(막내가 대학생～결혼 전),"1,000만원 내외",무직/기타,서울
60058,20230701,"오토바이(바이크, 스쿠터)",남성,60대 이상,1인 가구,500만원 내외,무직/기타,경기
60080,20230701,전기 자전거,여성,50대,자녀 성인기(막내가 대학생～결혼 전),"1,100~1,500만원 내외",사무직,경기
60136,20230701,"오토바이(바이크, 스쿠터)",남성,30대,자녀 유아기(막내가 초등학교 입학 전),800만원 내외,자영업,전북
60137,20230701,전동 킥보드,남성,20대,자녀 성인기(막내가 대학생～결혼 전),"1,100~1,500만원 내외",판매/서비스직,인천
60171,20230701,"오토바이(바이크, 스쿠터)",여성,50대,1인 가구,100만원 이하,자영업,인천
60174,20230701,전기 자전거,남성,40대,자녀 성장기(막내가 초등학생～고등학생),"2,100만원 이상",자영업,경기
60189,20230701,전기 자전거,여성,50대,신혼기 초과(자녀없음),400만원 내외,전업주부,충남
60190,20230701,전기 자전거,남성,40대,신혼기 초과(자녀없음),900만원 내외,전문직,서울
60218,20230701,전동 킥보드,남성,30대,자녀 유아기(막내가 초등학교 입학 전),"1,600~2,000만원 내외",일반 공무원/준공무원,경기
60235,20230701,전기 자전거,남성,40대,자녀 성장기(막내가 초등학생～고등학생),600만원 내외,사무직,서울
60277,20230701,"오토바이(바이크, 스쿠터)",남성,30대,1인 가구,300만원 내외,판매/서비스직,경기
60287,20230701,전동 킥보드,남성,50대,자녀 성인기(막내가 대학생～결혼 전),300만원 내외,기술/숙련직,경기
60296,20230701,"오토바이(바이크, 스쿠터)",여성,40대,1인 가구,500만원 내외,무직/기타,충북
60307,20230701,전기 자전거,남성,50대,자녀 독립기(막내가 결혼한 상태),400만원 내외,사무직,충북
60312,20230701,"오토바이(바이크, 스쿠터)",남성,30대,자녀 성인기(막내가 대학생～결혼 전),"1,100~1,500만원 내외",사무직,광주
60326,20230701,전기 자전거,여성,50대,자녀 성인기(막내가 대학생～결혼 전),600만원 내외,전업주부,경기
60328,20230701,"오토바이(바이크, 스쿠터)",남성,40대,1인 가구,200만원 내외,무직/기타,경기
60337,20230701,"오토바이(바이크, 스쿠터)",여성,40대,자녀 성장기(막내가 초등학생～고등학생),500만원 내외,판매/서비스직,경기
60345,20230701,전기 자전거,남성,60대 이상,자녀 독립기(막내가 결혼한 상태),400만원 내외,무직/기타,부산
60373,20230701,전기 자전거,남성,40대,자녀 성장기(막내가 초등학생～고등학생),500만원 내외,사무직,경기
60379,20230701,전동 킥보드,남성,50대,자녀 성장기(막내가 초등학생～고등학생),800만원 내외,기술/숙련직,경기
60396,20230701,"오토바이(바이크, 스쿠터)",남성,40대,자녀 성장기(막내가 초등학생～고등학생),"1,000만원 내외",자영업,부산
60400,20230701,전동 킥보드,남성,40대,자녀 유아기(막내가 초등학교 입학 전),600만원 내외,전문직,경기
60414,20230701,전동 킥보드,남성,40대,1인 가구,600만원 내외,자영업,경기
60451,20230701,전기 자전거,남성,30대,신혼기(자녀없음),600만원 내외,기술/숙련직,경기
60454,20230701,전동 킥보드,남성,40대,자녀 유아기(막내가 초등학교 입학 전),500만원 내외,기술/숙련직,경기
60466,20230701,전기 자전거,남성,30대,신혼기(자녀없음),700만원 내외,일반 공무원/준공무원,서울
60472,20230701,전기 자전거,남성,60대 이상,자녀 독립기(막내가 결혼한 상태),600만원 내외,무직/기타,경기
60483,20230701,전동 스쿠터,남성,50대,자녀 성인기(막내가 대학생～결혼 전),600만원 내외,사무직,충남
60494,20230701,전동 킥보드,남성,40대,자녀 성장기(막내가 초등학생～고등학생),"1,000만원 내외",전문직,서울
60502,20230701,전기 자전거,남성,50대,자녀 성인기(막내가 대학생～결혼 전),900만원 내외,사무직,경남
60512,20230701,전동 킥보드,남성,30대,1인 가구,400만원 내외,자영업,대전
60516,20230701,"오토바이(바이크, 스쿠터)",남성,40대,1인 가구,400만원 내외,기술/숙련직,서울
60527,20230701,"오토바이(바이크, 스쿠터)",남성,30대,자녀 성인기(막내가 대학생～결혼 전),모름,기술/숙련직,경기
60531,20230701,"오토바이(바이크, 스쿠터)",남성,40대,자녀 유아기(막내가 초등학교 입학 전),500만원 내외,사무직,충북
60532,20230701,전동 킥보드,남성,40대,1인 가구,300만원 내외,판매/서비스직,충남
60535,20230701,전동 킥보드,여성,40대,자녀 성장기(막내가 초등학생～고등학생),"1,600~2,000만원 내외",전업주부,경기
60545,20230701,"오토바이(바이크, 스쿠터)",남성,40대,자녀 성장기(막내가 초등학생～고등학생),500만원 내외,자영업,경기
60550,20230701,전동 킥보드,남성,30대,자녀 유아기(막내가 초등학교 입학 전),300만원 내외,사무직,경기
60581,20230701,전동 킥보드,남성,30대,자녀 유아기(막내가 초등학교 입학 전),300만원 내외,일반 공무원/준공무원,서울
60620,20230701,"오토바이(바이크, 스쿠터)",남성,40대,자녀 성장기(막내가 초등학생～고등학생),500만원 내외,사무직,경기
60628,20230701,전기 자전거,남성,50대,자녀 성장기(막내가 초등학생～고등학생),"1,600~2,000만원 내외",전문직,강원
60665,20230701,전기 자전거,남성,40대,자녀 유아기(막내가 초등학교 입학 전),700만원 내외,사무직,대전
60666,20230701,"오토바이(바이크, 스쿠터)",남성,40대,자녀 성장기(막내가 초등학생～고등학생),"1,000만원 내외",자영업,경기
60701,20230701,전기 자전거,여성,40대,자녀 성장기(막내가 초등학생～고등학생),200만원 내외,판매/서비스직,경기
60702,20230701,"오토바이(바이크, 스쿠터)",남성,30대,신혼기(자녀없음),700만원 내외,자영업,서울
60724,20230701,전기 자전거,남성,40대,자녀 성장기(막내가 초등학생～고등학생),"1,000만원 내외",자영업,서울
60738,20230701,전기 자전거,남성,40대,자녀 성장기(막내가 초등학생～고등학생),600만원 내외,일반 공무원/준공무원,전북
60739,20230701,전동 스케이트보드,여성,30대,자녀 성장기(막내가 초등학생～고등학생),100만원 이하,자영업,서울
60806,20230701,전기 자전거,남성,40대,자녀 유아기(막내가 초등학교 입학 전),700만원 내외,사무직,경남
60808,20230701,전동 킥보드,남성,60대 이상,자녀 독립기(막내가 결혼한 상태),"1,600~2,000만원 내외",기술/숙련직,서울
60828,20230701,"오토바이(바이크, 스쿠터)",남성,60대 이상,자녀 성인기(막내가 대학생～결혼 전),400만원 내외,무직/기타,서울
60845,20230701,전기 자전거,남성,60대 이상,자녀 성인기(막내가 대학생～결혼 전),200만원 내외,자영업,경북
60939,20230701,"오토바이(바이크, 스쿠터)",남성,40대,자녀 성인기(막내가 대학생～결혼 전),300만원 내외,무직/기타,경북
60950,20230701,전동 킥보드,남성,50대,자녀 성인기(막내가 대학생～결혼 전),300만원 내외,기술/숙련직,서울
60959,20230701,전기 자전거,남성,40대,1인 가구,600만원 내외,사무직,서울
60960,20230701,전동 휠,남성,30대,자녀 성장기(막내가 초등학생～고등학생),300만원 내외,무직/기타,경북
60981,20230701,전기 자전거,여성,50대,자녀 성인기(막내가 대학생～결혼 전),"1,000만원 내외",자영업,서울
60984,20230701,"오토바이(바이크, 스쿠터)",남성,40대,신혼기 초과(자녀없음),800만원 내외,일반 공무원/준공무원,충남
60986,20230701,전기 자전거,남성,40대,자녀 성장기(막내가 초등학생～고등학생),200만원 내외,학생,인천
60990,20230701,전동 스케이트보드,남성,40대,1인 가구,400만원 내외,일반 공무원/준공무원,서울
61002,20230701,"오토바이(바이크, 스쿠터)",남성,30대,자녀 성인기(막내가 대학생～결혼 전),500만원 내외,자영업,부산
61016,20230701,전동 킥보드,남성,40대,자녀 성장기(막내가 초등학생～고등학생),700만원 내외,사무직,충남
61042,20230701,전동 킥보드,남성,30대,자녀 유아기(막내가 초등학교 입학 전),300만원 내외,판매/서비스직,서울
61058,20230701,전기 자전거,남성,40대,1인 가구,600만원 내외,기술/숙련직,경기
61093,20230701,전기 자전거,남성,40대,자녀 성장기(막내가 초등학생～고등학생),800만원 내외,자영업,충남
61095,20230701,"오토바이(바이크, 스쿠터)",남성,60대 이상,자녀 성인기(막내가 대학생～결혼 전),300만원 내외,자영업,경북
61098,20230701,전동 킥보드,남성,30대,자녀 유아기(막내가 초등학교 입학 전),700만원 내외,기술/숙련직,경기
61099,20230701,전기 자전거,남성,60대 이상,자녀 성인기(막내가 대학생～결혼 전),500만원 내외,무직/기타,대구
61106,20230701,"오토바이(바이크, 스쿠터)",남성,50대,자녀 성인기(막내가 대학생～결혼 전),"1,600~2,000만원 내외",기술/숙련직,인천
61171,20230701,전기 자전거,남성,40대,자녀 유아기(막내가 초등학교 입학 전),300만원 내외,무직/기타,서울
61176,20230701,전기 자전거,남성,30대,신혼기(자녀없음),500만원 내외,자영업,경북
61212,20230701,"오토바이(바이크, 스쿠터)",남성,40대,자녀 성인기(막내가 대학생～결혼 전),900만원 내외,사무직,경기
61221,20230701,전기 자전거,남성,60대 이상,자녀 독립기(막내가 결혼한 상태),500만원 내외,자영업,경기
61236,20230701,전기 자전거,남성,30대,자녀 유아기(막내가 초등학교 입학 전),"1,100~1,500만원 내외",전문직,경기
61279,20230701,"오토바이(바이크, 스쿠터)",남성,40대,신혼기(자녀없음),800만원 내외,자영업,부산
61284,20230701,전기 자전거,남성,40대,자녀 성장기(막내가 초등학생～고등학생),600만원 내외,사무직,경기
61317,20230701,전동 킥보드,남성,40대,자녀 성장기(막내가 초등학생～고등학생),"1,100~1,500만원 내외",기술/숙련직,경기
61322,20230701,"오토바이(바이크, 스쿠터)",남성,40대,자녀 성장기(막내가 초등학생～고등학생),800만원 내외,기술/숙련직,서울
61331,20230701,"오토바이(바이크, 스쿠터)",남성,30대,자녀 유아기(막내가 초등학교 입학 전),"1,000만원 내외",사무직,제주
61342,20230701,전동 킥보드,남성,30대,1인 가구,600만원 내외,사무직,울산
61345,20230701,"오토바이(바이크, 스쿠터)",남성,40대,자녀 성장기(막내가 초등학생～고등학생),"1,000만원 내외",자영업,전남
61346,20230701,전기 자전거,남성,40대,신혼기 초과(자녀없음),"2,100만원 이상",기술/숙련직,경기
61379,20230701,전동 킥보드,남성,40대,자녀 성장기(막내가 초등학생～고등학생),"1,000만원 내외",기술/숙련직,경기
61394,20230701,"오토바이(바이크, 스쿠터)",남성,30대,1인 가구,700만원 내외,기술/숙련직,서울
61421,20230701,"오토바이(바이크, 스쿠터)",남성,50대,1인 가구,600만원 내외,기술/숙련직,울산
61520,20230701,"오토바이(바이크, 스쿠터)",남성,40대,신혼기 초과(자녀없음),"1,100~1,500만원 내외",판매/서비스직,서울
61523,20230701,전기 자전거,남성,30대,자녀 유아기(막내가 초등학교 입학 전),600만원 내외,기술/숙련직,경기
61528,20230701,전기 자전거,남성,40대,자녀 성장기(막내가 초등학생～고등학생),900만원 내외,사무직,서울
61535,20230701,"오토바이(바이크, 스쿠터)",남성,60대 이상,자녀 독립기(막내가 결혼한 상태),"1,600~2,000만원 내외",자영업,경기
61540,20230701,전동 스쿠터,남성,40대,자녀 성장기(막내가 초등학생～고등학생),500만원 내외,자영업,경기
61548,20230701,"오토바이(바이크, 스쿠터)",남성,30대,자녀 성장기(막내가 초등학생～고등학생),"1,100~1,500만원 내외",자영업,충북
61606,20230701,전동 휠,남성,40대,자녀 성장기(막내가 초등학생～고등학생),900만원 내외,사무직,서울
61696,20230701,전동 휠,여성,40대,자녀 성장기(막내가 초등학생～고등학생),400만원 내외,자영업,경기
61714,20230701,전기 자전거,남성,60대 이상,자녀 성인기(막내가 대학생～결혼 전),900만원 내외,무직/기타,경기
61737,20230701,전동 휠,남성,40대,신혼기 초과(자녀없음),300만원 내외,기술/숙련직,충북
61764,20230701,전기 자전거,남성,50대,자녀 성인기(막내가 대학생～결혼 전),"1,600~2,000만원 내외",기술/숙련직,서울
61771,20230701,전동 킥보드,남성,40대,1인 가구,500만원 내외,사무직,서울
61773,20230701,"오토바이(바이크, 스쿠터)",남성,60대 이상,신혼기 초과(자녀없음),200만원 내외,자영업,경기
61830,20230701,"오토바이(바이크, 스쿠터)",남성,30대,자녀 성장기(막내가 초등학생～고등학생),"1,000만원 내외",일반 공무원/준공무원,경기
61833,20230701,"오토바이(바이크, 스쿠터)",남성,40대,자녀 성장기(막내가 초등학생～고등학생),600만원 내외,무직/기타,서울
61842,20230701,전동 킥보드,남성,30대,자녀 유아기(막내가 초등학교 입학 전),700만원 내외,사무직,경기
61900,20230701,전기 자전거,남성,40대,자녀 성장기(막내가 초등학생～고등학생),"1,000만원 내외",무직/기타,경기
61901,20230701,전동 스쿠터,남성,50대,자녀 성장기(막내가 초등학생～고등학생),500만원 내외,일반 공무원/준공무원,인천
61924,20230701,"오토바이(바이크, 스쿠터)",남성,40대,자녀 성인기(막내가 대학생～결혼 전),"1,000만원 내외",사무직,서울
61973,20230701,"오토바이(바이크, 스쿠터)",여성,60대 이상,자녀 독립기(막내가 결혼한 상태),600만원 내외,자영업,경남
62000,20230701,전동 휠,남성,30대,신혼기(자녀없음),900만원 내외,기술/숙련직,경기
62020,20230701,전동 킥보드,남성,50대,자녀 성인기(막내가 대학생～결혼 전),700만원 내외,일반 공무원/준공무원,부산
62051,20230701,"오토바이(바이크, 스쿠터)",남성,40대,신혼기(자녀없음),"1,000만원 내외",판매/서비스직,서울
62063,20230701,전기 자전거,남성,30대,자녀 유아기(막내가 초등학교 입학 전),300만원 내외,일반 공무원/준공무원,강원
62086,20230701,"오토바이(바이크, 스쿠터)",남성,50대,자녀 성인기(막내가 대학생～결혼 전),"2,100만원 이상",사무직,경남
62124,20230701,"오토바이(바이크, 스쿠터)",남성,50대,자녀 성인기(막내가 대학생～결혼 전),700만원 내외,자영업,울산
62138,20230701,전동 킥보드,남성,50대,자녀 성인기(막내가 대학생～결혼 전),"1,100~1,500만원 내외",자영업,경기
62195,20230701,전동 킥보드,남성,20대,자녀 성인기(막내가 대학생～결혼 전),모름,판매/서비스직,서울
62204,20230701,"오토바이(바이크, 스쿠터)",남성,50대,자녀 성인기(막내가 대학생～결혼 전),"1,000만원 내외",자영업,경기
62271,20230701,전기 자전거,남성,40대,1인 가구,500만원 내외,경영/관리직,경기
62296,20230701,전동 휠,남성,40대,자녀 성장기(막내가 초등학생～고등학생),900만원 내외,무직/기타,대구
62335,20230701,"오토바이(바이크, 스쿠터)",남성,30대,신혼기(자녀없음),"1,000만원 내외",전문직,서울
62372,20230701,전기 자전거,남성,40대,자녀 성장기(막내가 초등학생～고등학생),600만원 내외,기술/숙련직,경남
62379,20230701,전동 킥보드,남성,30대,1인 가구,200만원 내외,기술/숙련직,인천
62391,20230701,"오토바이(바이크, 스쿠터)",남성,40대,자녀 성장기(막내가 초등학생～고등학생),모름,판매/서비스직,경북
62407,20230701,"오토바이(바이크, 스쿠터)",남성,40대,자녀 성장기(막내가 초등학생～고등학생),600만원 내외,판매/서비스직,경남
62432,20230701,전동 스쿠터,여성,40대,자녀 성장기(막내가 초등학생～고등학생),"1,100~1,500만원 내외",자영업,광주
62442,20230701,"오토바이(바이크, 스쿠터)",남성,60대 이상,자녀 성인기(막내가 대학생～결혼 전),400만원 내외,기술/숙련직,경기
62470,20230701,전동 킥보드,남성,30대,자녀 유아기(막내가 초등학교 입학 전),700만원 내외,사무직,전남
62471,20230701,"오토바이(바이크, 스쿠터)",남성,40대,자녀 성장기(막내가 초등학생～고등학생),800만원 내외,기술/숙련직,경기
62472,20230701,전기 자전거,남성,30대,1인 가구,"1,100~1,500만원 내외",자영업,부산
62477,20230701,"오토바이(바이크, 스쿠터)",남성,60대 이상,자녀 독립기(막내가 결혼한 상태),800만원 내외,기술/숙련직,인천
62525,20230701,전동 스쿠터,남성,40대,1인 가구,400만원 내외,기술/숙련직,경기
62616,20230701,"오토바이(바이크, 스쿠터)",남성,60대 이상,자녀 성인기(막내가 대학생～결혼 전),500만원 내외,자영업,서울
62628,20230701,"오토바이(바이크, 스쿠터)",남성,40대,자녀 성장기(막내가 초등학생～고등학생),800만원 내외,기술/숙련직,경기
62633,20230701,"오토바이(바이크, 스쿠터)",남성,40대,자녀 유아기(막내가 초등학교 입학 전),200만원 내외,판매/서비스직,전북
62689,20230701,전기 자전거,남성,40대,자녀 성장기(막내가 초등학생～고등학생),"1,000만원 내외",판매/서비스직,부산
62733,20230701,전동 킥보드,남성,30대,신혼기(자녀없음),500만원 내외,기술/숙련직,경기
62734,20230701,전기 자전거,남성,30대,1인 가구,400만원 내외,무직/기타,서울
62781,20230701,전기 자전거,남성,50대,신혼기 초과(자녀없음),300만원 내외,판매/서비스직,경기
62789,20230701,"오토바이(바이크, 스쿠터)",남성,50대,자녀 성장기(막내가 초등학생～고등학생),600만원 내외,자영업,인천
62803,20230701,"오토바이(바이크, 스쿠터)",남성,50대,자녀 성장기(막내가 초등학생～고등학생),400만원 내외,판매/서비스직,경기
62812,20230701,전기 자전거,남성,40대,1인 가구,400만원 내외,기술/숙련직,경기
62853,20230701,"오토바이(바이크, 스쿠터)",남성,40대,자녀 성인기(막내가 대학생～결혼 전),700만원 내외,무직/기타,서울
62856,20230701,"오토바이(바이크, 스쿠터)",남성,40대,신혼기 초과(자녀없음),"1,000만원 내외",기술/숙련직,경기
62869,20230701,전기 자전거,남성,40대,자녀 성장기(막내가 초등학생～고등학생),900만원 내외,자영업,서울
62894,20230701,전기 자전거,남성,60대 이상,자녀 성장기(막내가 초등학생～고등학생),500만원 내외,전문직,인천
62899,20230701,"오토바이(바이크, 스쿠터)",남성,40대,자녀 성장기(막내가 초등학생～고등학생),800만원 내외,경영/관리직,경기
62903,20230701,"오토바이(바이크, 스쿠터)",남성,50대,자녀 성인기(막내가 대학생～결혼 전),800만원 내외,기술/숙련직,울산
62917,20230701,전동 킥보드,남성,40대,1인 가구,500만원 내외,일반 공무원/준공무원,경남
62922,20230701,"오토바이(바이크, 스쿠터)",남성,40대,신혼기 초과(자녀없음),500만원 내외,판매/서비스직,충북
62938,20230701,"오토바이(바이크, 스쿠터)",남성,20대,자녀 성장기(막내가 초등학생～고등학생),400만원 내외,무직/기타,경남
62984,20230701,전기 자전거,남성,30대,자녀 성장기(막내가 초등학생～고등학생),400만원 내외,무직/기타,경기
62991,20230701,"오토바이(바이크, 스쿠터)",남성,20대,자녀 성인기(막내가 대학생～결혼 전),"1,100~1,500만원 내외",사무직,서울
62994,20230701,전동 킥보드,남성,50대,자녀 성장기(막내가 초등학생～고등학생),"1,000만원 내외",일반 공무원/준공무원,서울
63002,20230701,전동 킥보드,남성,40대,자녀 유아기(막내가 초등학교 입학 전),400만원 내외,사무직,경남
63006,20230701,"오토바이(바이크, 스쿠터)",남성,20대,자녀 성인기(막내가 대학생～결혼 전),"1,100~1,500만원 내외",사무직,전북
63014,20230701,전동 킥보드,남성,40대,자녀 성장기(막내가 초등학생～고등학생),500만원 내외,기술/숙련직,서울
63039,20230701,"오토바이(바이크, 스쿠터)",남성,30대,자녀 독립기(막내가 결혼한 상태),500만원 내외,기술/숙련직,서울
63043,20230701,전동 킥보드,남성,40대,자녀 성장기(막내가 초등학생～고등학생),600만원 내외,사무직,충남
63052,20230701,전동 킥보드,남성,30대,자녀 유아기(막내가 초등학교 입학 전),400만원 내외,일반 공무원/준공무원,부산
63082,20230701,전기 자전거,남성,50대,자녀 성인기(막내가 대학생～결혼 전),"2,100만원 이상",자영업,경기
63084,20230701,전기 자전거,여성,40대,신혼기 초과(자녀없음),600만원 내외,전업주부,경기
63130,20230701,"오토바이(바이크, 스쿠터)",남성,40대,1인 가구,500만원 내외,기술/숙련직,인천
63133,20230701,"오토바이(바이크, 스쿠터)",남성,60대 이상,자녀 성인기(막내가 대학생～결혼 전),400만원 내외,자영업,대전
63142,20230701,전동 휠,남성,40대,자녀 성장기(막내가 초등학생～고등학생),500만원 내외,기술/숙련직,경기
63143,20230701,전기 자전거,여성,40대,자녀 성장기(막내가 초등학생～고등학생),900만원 내외,자영업,경기
63145,20230701,"오토바이(바이크, 스쿠터)",남성,40대,신혼기 초과(자녀없음),"1,000만원 내외",자영업,서울
63204,20230701,전기 자전거,남성,30대,자녀 유아기(막내가 초등학교 입학 전),300만원 내외,무직/기타,부산
63219,20230701,전기 자전거,남성,30대,자녀 유아기(막내가 초등학교 입학 전),800만원 내외,판매/서비스직,경기
63231,20230701,전기 자전거,남성,60대 이상,자녀 성인기(막내가 대학생～결혼 전),"1,100~1,500만원 내외",무직/기타,광주
63242,20230701,전기 자전거,남성,50대,자녀 성장기(막내가 초등학생～고등학생),600만원 내외,경영/관리직,서울
63247,20230701,"오토바이(바이크, 스쿠터)",여성,30대,신혼기 초과(자녀없음),600만원 내외,전문직,제주
63260,20230701,전동 킥보드,남성,50대,자녀 성인기(막내가 대학생～결혼 전),700만원 내외,기술/숙련직,경기
63307,20230701,전동 킥보드,남성,40대,1인 가구,500만원 내외,기술/숙련직,경기
63310,20230701,"오토바이(바이크, 스쿠터)",남성,40대,1인 가구,500만원 내외,사무직,서울
63312,20230701,전동 휠,남성,40대,자녀 성장기(막내가 초등학생～고등학생),"2,100만원 이상",자영업,서울
63314,20230701,"오토바이(바이크, 스쿠터)",여성,50대,신혼기(자녀없음),300만원 내외,자영업,서울
63317,20230701,전동 킥보드,남성,30대,자녀 유아기(막내가 초등학교 입학 전),500만원 내외,사무직,세종
63323,20230701,전동 스쿠터,남성,30대,1인 가구,"1,000만원 내외",판매/서비스직,경기
63341,20230701,"오토바이(바이크, 스쿠터)",남성,40대,자녀 성장기(막내가 초등학생～고등학생),"1,000만원 내외",기술/숙련직,서울
63346,20230701,"오토바이(바이크, 스쿠터)",남성,30대,자녀 성인기(막내가 대학생～결혼 전),400만원 내외,무직/기타,서울
63362,20230701,전동 킥보드,남성,60대 이상,자녀 독립기(막내가 결혼한 상태),200만원 내외,일반 공무원/준공무원,경기
63391,20230701,전동 킥보드,여성,40대,신혼기(자녀없음),500만원 내외,판매/서비스직,대전
63392,20230701,전동 킥보드,남성,50대,자녀 성인기(막내가 대학생～결혼 전),700만원 내외,사무직,경기
63454,20230701,전기 자전거,남성,50대,자녀 성인기(막내가 대학생～결혼 전),"2,100만원 이상",자영업,제주
63466,20230701,전동 킥보드,남성,30대,1인 가구,"1,000만원 내외",사무직,경기
63485,20230701,전동 킥보드,남성,30대,자녀 성장기(막내가 초등학생～고등학생),700만원 내외,기술/숙련직,충남
63499,20230701,"오토바이(바이크, 스쿠터)",남성,30대,1인 가구,"1,100~1,500만원 내외",자영업,부산
63500,20230701,전동 킥보드,남성,40대,1인 가구,600만원 내외,일반 공무원/준공무원,전남
63516,20230701,"오토바이(바이크, 스쿠터)",남성,40대,신혼기 초과(자녀없음),800만원 내외,자영업,경기
63521,20230701,전기 자전거,남성,40대,신혼기 초과(자녀없음),500만원 내외,사무직,인천
63550,20230701,전동 스쿠터,남성,40대,자녀 유아기(막내가 초등학교 입학 전),900만원 내외,자영업,경기
63576,20230701,전기 자전거,남성,40대,자녀 성장기(막내가 초등학생～고등학생),400만원 내외,기술/숙련직,대전
63614,20230701,"오토바이(바이크, 스쿠터)",남성,30대,자녀 성인기(막내가 대학생～결혼 전),500만원 내외,자영업,경기
63649,20230701,전동 킥보드,남성,30대,자녀 유아기(막내가 초등학교 입학 전),800만원 내외,판매/서비스직,경기
63679,20230701,전기 자전거,남성,40대,자녀 성장기(막내가 초등학생～고등학생),600만원 내외,기술/숙련직,경기
63687,20230701,전동 킥보드,남성,40대,자녀 유아기(막내가 초등학교 입학 전),200만원 내외,무직/기타,경기
63726,20230701,"오토바이(바이크, 스쿠터)",남성,40대,1인 가구,300만원 내외,사무직,서울
63784,20230701,전동 킥보드,남성,40대,자녀 유아기(막내가 초등학교 입학 전),500만원 내외,사무직,경기
63818,20230701,전동 킥보드,남성,40대,자녀 유아기(막내가 초등학교 입학 전),"1,000만원 내외",기술/숙련직,경북
63822,20230701,전기 자전거,남성,40대,1인 가구,100만원 이하,무직/기타,부산
63864,20230701,전동 휠,남성,40대,자녀 성장기(막내가 초등학생～고등학생),900만원 내외,전문직,경기
63901,20230701,전동 킥보드,남성,40대,자녀 성장기(막내가 초등학생～고등학생),900만원 내외,기술/숙련직,강원
63905,20230701,"오토바이(바이크, 스쿠터)",남성,40대,자녀 성장기(막내가 초등학생～고등학생),600만원 내외,사무직,세종
63919,20230701,전동 킥보드,남성,40대,신혼기 초과(자녀없음),700만원 내외,자영업,경기
63978,20230701,전동 킥보드,남성,30대,자녀 성장기(막내가 초등학생～고등학생),"2,100만원 이상",전문직,경기
63989,20230701,전기 자전거,남성,50대,자녀 성장기(막내가 초등학생～고등학생),"2,100만원 이상",자영업,서울
64007,20230701,전동 킥보드,남성,30대,1인 가구,400만원 내외,사무직,인천
64022,20230701,"오토바이(바이크, 스쿠터)",남성,40대,자녀 유아기(막내가 초등학교 입학 전),700만원 내외,사무직,인천
64070,20230701,전기 자전거,남성,50대,1인 가구,"1,000만원 내외",자영업,대구
64099,20230701,"오토바이(바이크, 스쿠터)",남성,30대,1인 가구,600만원 내외,무직/기타,부산
64108,20230701,"오토바이(바이크, 스쿠터)",여성,40대,자녀 성장기(막내가 초등학생～고등학생),500만원 내외,사무직,세종
64118,20230701,"오토바이(바이크, 스쿠터)",남성,20대,자녀 독립기(막내가 결혼한 상태),600만원 내외,자영업,서울
64130,20230701,전기 자전거,남성,60대 이상,자녀 독립기(막내가 결혼한 상태),500만원 내외,무직/기타,인천
64139,20230701,"오토바이(바이크, 스쿠터)",남성,40대,자녀 유아기(막내가 초등학교 입학 전),900만원 내외,자영업,전남
64141,20230701,전기 자전거,남성,40대,자녀 성인기(막내가 대학생～결혼 전),"1,100~1,500만원 내외",자영업,서울
64142,20230701,"오토바이(바이크, 스쿠터)",남성,40대,자녀 유아기(막내가 초등학교 입학 전),500만원 내외,전업주부,서울
64157,20230701,전기 자전거,남성,30대,자녀 유아기(막내가 초등학교 입학 전),500만원 내외,사무직,인천
64177,20230701,"오토바이(바이크, 스쿠터)",남성,60대 이상,자녀 독립기(막내가 결혼한 상태),300만원 내외,기술/숙련직,충북
64181,20230701,"오토바이(바이크, 스쿠터)",남성,50대,자녀 성인기(막내가 대학생～결혼 전),700만원 내외,무직/기타,경기
64203,20230701,전기 자전거,남성,60대 이상,1인 가구,400만원 내외,무직/기타,경북
64204,20230701,전동 휠,여성,40대,신혼기 초과(자녀없음),600만원 내외,사무직,경기
64251,20230701,전동 휠,남성,50대,자녀 성장기(막내가 초등학생～고등학생),"1,600~2,000만원 내외",일반 공무원/준공무원,서울
64275,20230701,"오토바이(바이크, 스쿠터)",남성,40대,1인 가구,200만원 내외,무직/기타,경기
64281,20230701,"오토바이(바이크, 스쿠터)",남성,40대,자녀 유아기(막내가 초등학교 입학 전),300만원 내외,기술/숙련직,서울
64286,20230701,"오토바이(바이크, 스쿠터)",남성,30대,신혼기 초과(자녀없음),300만원 내외,기술/숙련직,전북
64300,20230701,"오토바이(바이크, 스쿠터)",남성,40대,자녀 성장기(막내가 초등학생～고등학생),500만원 내외,자영업,대구
64322,20230701,"오토바이(바이크, 스쿠터)",남성,50대,자녀 성인기(막내가 대학생～결혼 전),"1,000만원 내외",기술/숙련직,서울
64343,20230701,전동 킥보드,남성,20대,1인 가구,"1,000만원 내외",일반 공무원/준공무원,전남
64350,20230701,"오토바이(바이크, 스쿠터)",남성,30대,자녀 성인기(막내가 대학생～결혼 전),"1,000만원 내외",무직/기타,서울
64393,20230701,전동 스케이트보드,남성,30대,자녀 유아기(막내가 초등학교 입학 전),800만원 내외,사무직,서울
64395,20230701,전기 자전거,여성,40대,자녀 성장기(막내가 초등학생～고등학생),500만원 내외,사무직,인천
64426,20230701,"오토바이(바이크, 스쿠터)",여성,40대,자녀 성장기(막내가 초등학생～고등학생),"1,600~2,000만원 내외",자영업,충남
64464,20230701,전기 자전거,남성,60대 이상,자녀 성인기(막내가 대학생～결혼 전),400만원 내외,무직/기타,경북
64530,20230701,전동 킥보드,남성,50대,자녀 성인기(막내가 대학생～결혼 전),"1,100~1,500만원 내외",경영/관리직,서울
64564,20230701,전동 킥보드,남성,60대 이상,자녀 성인기(막내가 대학생～결혼 전),500만원 내외,판매/서비스직,서울
64589,20230701,전동 킥보드,남성,50대,자녀 성인기(막내가 대학생～결혼 전),"1,000만원 내외",자영업,서울
64601,20230701,"오토바이(바이크, 스쿠터)",남성,50대,자녀 성인기(막내가 대학생～결혼 전),600만원 내외,자영업,인천
64694,20230701,전기 자전거,남성,60대 이상,1인 가구,300만원 내외,무직/기타,세종
64756,20230701,전동 킥보드,남성,40대,자녀 성장기(막내가 초등학생～고등학생),500만원 내외,사무직,경북
64769,20230701,전동 킥보드,남성,40대,자녀 성장기(막내가 초등학생～고등학생),"1,000만원 내외",사무직,인천
64774,20230701,"오토바이(바이크, 스쿠터)",남성,40대,자녀 성인기(막내가 대학생～결혼 전),600만원 내외,자영업,경기
64785,20230701,전동 킥보드,남성,40대,1인 가구,모름,전문직,서울
64794,20230701,"오토바이(바이크, 스쿠터)",남성,60대 이상,자녀 독립기(막내가 결혼한 상태),"2,100만원 이상",경영/관리직,경기
64800,20230701,전동 킥보드,남성,40대,자녀 성장기(막내가 초등학생～고등학생),900만원 내외,경영/관리직,서울
64836,20230701,전기 자전거,남성,50대,자녀 성인기(막내가 대학생～결혼 전),800만원 내외,기술/숙련직,인천
64894,20230701,전기 자전거,여성,50대,신혼기 초과(자녀없음),400만원 내외,자영업,경기
64915,20230701,"오토바이(바이크, 스쿠터)",남성,40대,자녀 성장기(막내가 초등학생～고등학생),900만원 내외,사무직,부산
64927,20230701,"오토바이(바이크, 스쿠터)",남성,50대,자녀 성인기(막내가 대학생～결혼 전),800만원 내외,일반 공무원/준공무원,부산
64972,20230701,전기 자전거,여성,50대,자녀 성인기(막내가 대학생～결혼 전),700만원 내외,무직/기타,서울
64974,20230701,"오토바이(바이크, 스쿠터)",남성,40대,자녀 성장기(막내가 초등학생～고등학생),700만원 내외,사무직,경기
65019,20230701,전기 자전거,남성,50대,자녀 성인기(막내가 대학생～결혼 전),900만원 내외,일반 공무원/준공무원,서울
65108,20230701,전동 킥보드,남성,60대 이상,자녀 성인기(막내가 대학생～결혼 전),"1,100~1,500만원 내외",기술/숙련직,경기
65295,20230701,"오토바이(바이크, 스쿠터)",남성,40대,자녀 유아기(막내가 초등학교 입학 전),700만원 내외,자영업,서울
65309,20230701,전기 자전거,남성,60대 이상,자녀 성인기(막내가 대학생～결혼 전),300만원 내외,무직/기타,경기
65313,20230701,전기 자전거,남성,40대,신혼기(자녀없음),700만원 내외,자영업,경기
65320,20230701,전동 킥보드,남성,50대,자녀 성장기(막내가 초등학생～고등학생),"1,000만원 내외",사무직,경기
65335,20230701,"오토바이(바이크, 스쿠터)",남성,50대,1인 가구,200만원 내외,기술/숙련직,전북
65357,20230701,전기 자전거,남성,50대,자녀 성인기(막내가 대학생～결혼 전),"1,600~2,000만원 내외",경영/관리직,세종
65389,20230701,전동 킥보드,남성,50대,자녀 성인기(막내가 대학생～결혼 전),100만원 이하,기술/숙련직,서울
65429,20230701,전동 킥보드,남성,50대,자녀 성장기(막내가 초등학생～고등학생),900만원 내외,자영업,경기
65433,20230701,"오토바이(바이크, 스쿠터)",남성,30대,자녀 유아기(막내가 초등학교 입학 전),"1,600~2,000만원 내외",기술/숙련직,경기
65435,20230701,"오토바이(바이크, 스쿠터)",남성,40대,1인 가구,200만원 내외,사무직,서울
65466,20230701,전동 스쿠터,남성,40대,자녀 성장기(막내가 초등학생～고등학생),400만원 내외,기술/숙련직,부산
65496,20230701,전기 자전거,여성,60대 이상,자녀 독립기(막내가 결혼한 상태),600만원 내외,전업주부,경기
65511,20230701,"오토바이(바이크, 스쿠터)",여성,30대,신혼기(자녀없음),"1,000만원 내외",경영/관리직,대구
65526,20230701,전기 자전거,남성,40대,자녀 성장기(막내가 초등학생～고등학생),"1,000만원 내외",자영업,서울
65566,20230701,전동 스쿠터,남성,30대,자녀 성장기(막내가 초등학생～고등학생),500만원 내외,일반 공무원/준공무원,서울
65643,20230701,전동 킥보드,남성,50대,자녀 성인기(막내가 대학생～결혼 전),800만원 내외,자영업,경기
65726,20230701,전동 킥보드,남성,40대,자녀 성장기(막내가 초등학생～고등학생),700만원 내외,기술/숙련직,울산
65745,20230701,"오토바이(바이크, 스쿠터)",남성,20대,자녀 성인기(막내가 대학생～결혼 전),모름,자영업,경기
65800,20230701,"오토바이(바이크, 스쿠터)",남성,40대,자녀 성인기(막내가 대학생～결혼 전),500만원 내외,무직/기타,서울
65823,20230701,전동 킥보드,남성,40대,1인 가구,400만원 내외,기술/숙련직,인천
65836,20230701,"오토바이(바이크, 스쿠터)",여성,40대,자녀 성인기(막내가 대학생～결혼 전),600만원 내외,판매/서비스직,서울
65852,20230701,"오토바이(바이크, 스쿠터)",남성,30대,1인 가구,400만원 내외,사무직,부산
65886,20230701,전동 킥보드,남성,60대 이상,자녀 성인기(막내가 대학생～결혼 전),"2,100만원 이상",무직/기타,서울
65892,20230701,"오토바이(바이크, 스쿠터)",남성,40대,자녀 독립기(막내가 결혼한 상태),"1,000만원 내외",판매/서비스직,경기
65956,20230701,전기 자전거,남성,30대,신혼기(자녀없음),900만원 내외,사무직,경기
65961,20230701,"오토바이(바이크, 스쿠터)",여성,60대 이상,자녀 성인기(막내가 대학생～결혼 전),"1,000만원 내외",전업주부,인천
65970,20230701,전기 자전거,남성,40대,자녀 성인기(막내가 대학생～결혼 전),"1,000만원 내외",경영/관리직,서울
65985,20230701,"오토바이(바이크, 스쿠터)",남성,50대,자녀 성장기(막내가 초등학생～고등학생),600만원 내외,일반 공무원/준공무원,경남
66041,20230701,"오토바이(바이크, 스쿠터)",남성,50대,자녀 성인기(막내가 대학생～결혼 전),"1,000만원 내외",자영업,경기
66077,20230701,전기 자전거,남성,60대 이상,신혼기(자녀없음),600만원 내외,전문직,경기
66122,20230701,"오토바이(바이크, 스쿠터)",남성,30대,신혼기(자녀없음),500만원 내외,기술/숙련직,경기
66146,20230701,"오토바이(바이크, 스쿠터)",남성,30대,1인 가구,500만원 내외,판매/서비스직,경기
66149,20230701,전동 킥보드,남성,40대,자녀 성장기(막내가 초등학생～고등학생),800만원 내외,사무직,경기
66184,20230701,전동 킥보드,남성,40대,자녀 유아기(막내가 초등학교 입학 전),500만원 내외,판매/서비스직,인천
66219,20230701,전동 킥보드,여성,50대,자녀 성인기(막내가 대학생～결혼 전),700만원 내외,기술/숙련직,서울
66222,20230701,전동 스쿠터,남성,30대,신혼기 초과(자녀없음),400만원 내외,기술/숙련직,인천
66224,20230701,전동 킥보드,남성,40대,1인 가구,900만원 내외,기술/숙련직,서울
66275,20230701,"오토바이(바이크, 스쿠터)",남성,40대,자녀 유아기(막내가 초등학교 입학 전),600만원 내외,일반 공무원/준공무원,부산
66284,20230701,"오토바이(바이크, 스쿠터)",남성,40대,자녀 성인기(막내가 대학생～결혼 전),700만원 내외,기술/숙련직,경기
66290,20230701,전기 자전거,남성,50대,자녀 성인기(막내가 대학생～결혼 전),800만원 내외,경영/관리직,강원
66295,20230701,전동 킥보드,남성,40대,자녀 성장기(막내가 초등학생～고등학생),500만원 내외,사무직,울산
66307,20230701,전기 자전거,여성,40대,자녀 성장기(막내가 초등학생～고등학생),모름,무직/기타,서울
66322,20230701,"오토바이(바이크, 스쿠터)",남성,60대 이상,자녀 독립기(막내가 결혼한 상태),500만원 내외,자영업,인천
66330,20230701,전기 자전거,남성,40대,신혼기 초과(자녀없음),300만원 내외,기술/숙련직,서울
66344,20230701,전동 킥보드,여성,50대,자녀 성장기(막내가 초등학생～고등학생),"1,600~2,000만원 내외",전업주부,서울
66417,20230701,"오토바이(바이크, 스쿠터)",남성,50대,자녀 성인기(막내가 대학생～결혼 전),600만원 내외,일반 공무원/준공무원,울산
66433,20230701,"오토바이(바이크, 스쿠터)",남성,40대,자녀 성인기(막내가 대학생～결혼 전),"1,000만원 내외",전문직,서울
66475,20230701,"오토바이(바이크, 스쿠터)",남성,30대,신혼기 초과(자녀없음),300만원 내외,무직/기타,경기
66490,20230701,"오토바이(바이크, 스쿠터)",남성,40대,1인 가구,400만원 내외,기술/숙련직,대전
66507,20230701,전기 자전거,남성,40대,신혼기 초과(자녀없음),900만원 내외,기술/숙련직,서울
66559,20230701,전기 자전거,남성,40대,자녀 유아기(막내가 초등학교 입학 전),500만원 내외,기술/숙련직,경기
66592,20230701,전기 자전거,남성,60대 이상,자녀 독립기(막내가 결혼한 상태),500만원 내외,기술/숙련직,서울
66607,20230701,전기 자전거,남성,40대,자녀 성장기(막내가 초등학생～고등학생),600만원 내외,자영업,충남
66614,20230701,전기 자전거,남성,40대,1인 가구,300만원 내외,전문직,대전
66620,20230701,"오토바이(바이크, 스쿠터)",여성,40대,신혼기(자녀없음),800만원 내외,자영업,경남
66657,20230701,전동 킥보드,남성,30대,자녀 유아기(막내가 초등학교 입학 전),600만원 내외,전문직,서울
66660,20230701,전기 자전거,남성,30대,자녀 유아기(막내가 초등학교 입학 전),300만원 내외,일반 공무원/준공무원,서울
66674,20230701,"오토바이(바이크, 스쿠터)",남성,30대,1인 가구,300만원 내외,기술/숙련직,경기
66724,20230701,전기 자전거,남성,30대,자녀 유아기(막내가 초등학교 입학 전),200만원 내외,기술/숙련직,전남
66780,20230701,"오토바이(바이크, 스쿠터)",남성,60대 이상,자녀 성인기(막내가 대학생～결혼 전),500만원 내외,자영업,부산
66792,20230701,전기 자전거,남성,50대,자녀 성인기(막내가 대학생～결혼 전),"1,000만원 내외",자영업,대구
66797,20230701,전동 킥보드,남성,30대,신혼기(자녀없음),700만원 내외,사무직,인천
66829,20230701,전동 킥보드,남성,40대,자녀 유아기(막내가 초등학교 입학 전),500만원 내외,기술/숙련직,경기
66830,20230701,전기 자전거,여성,30대,자녀 유아기(막내가 초등학교 입학 전),800만원 내외,일반 공무원/준공무원,서울
66849,20230701,전기 자전거,남성,60대 이상,신혼기 초과(자녀없음),400만원 내외,무직/기타,전북
66856,20230701,전동 휠,여성,40대,자녀 성장기(막내가 초등학생～고등학생),600만원 내외,자영업,경북
66859,20230701,"오토바이(바이크, 스쿠터)",남성,40대,자녀 성장기(막내가 초등학생～고등학생),700만원 내외,자영업,인천
66883,20230701,전기 자전거,여성,60대 이상,자녀 독립기(막내가 결혼한 상태),500만원 내외,전업주부,경기
66884,20230701,전기 자전거,여성,30대,자녀 유아기(막내가 초등학교 입학 전),500만원 내외,전문직,대전
66886,20230701,전기 자전거,남성,60대 이상,자녀 성인기(막내가 대학생～결혼 전),700만원 내외,판매/서비스직,경기
66918,20230701,"오토바이(바이크, 스쿠터)",남성,40대,신혼기(자녀없음),700만원 내외,기술/숙련직,전북
66937,20230701,"오토바이(바이크, 스쿠터)",남성,40대,자녀 유아기(막내가 초등학교 입학 전),400만원 내외,기술/숙련직,대구
66941,20230701,전기 자전거,남성,30대,자녀 유아기(막내가 초등학교 입학 전),300만원 내외,사무직,서울
66967,20230701,전기 자전거,남성,40대,자녀 유아기(막내가 초등학교 입학 전),600만원 내외,일반 공무원/준공무원,경기
66988,20230701,전기 자전거,남성,50대,신혼기 초과(자녀없음),300만원 내외,판매/서비스직,경남
67009,20230701,전기 자전거,여성,40대,자녀 성장기(막내가 초등학생～고등학생),500만원 내외,전업주부,세종
67036,20230701,전기 자전거,남성,30대,신혼기(자녀없음),600만원 내외,전문직,서울
67074,20230701,전동 휠,남성,40대,신혼기 초과(자녀없음),모름,기술/숙련직,경기
67085,20230701,전동 킥보드,남성,30대,자녀 유아기(막내가 초등학교 입학 전),"1,000만원 내외",사무직,경기
67104,20230701,전동 킥보드,남성,50대,자녀 성인기(막내가 대학생～결혼 전),"1,100~1,500만원 내외",경영/관리직,경기
67123,20230701,"오토바이(바이크, 스쿠터)",남성,40대,자녀 성장기(막내가 초등학생～고등학생),300만원 내외,기술/숙련직,광주
67124,20230701,전동 스케이트보드,여성,30대,자녀 유아기(막내가 초등학교 입학 전),"1,600~2,000만원 내외",전문직,서울
67127,20230701,"오토바이(바이크, 스쿠터)",남성,50대,자녀 성장기(막내가 초등학생～고등학생),700만원 내외,사무직,경기
67128,20230701,전동 킥보드,남성,40대,자녀 성장기(막내가 초등학생～고등학생),400만원 내외,일반 공무원/준공무원,경기
67182,20230701,전동 킥보드,남성,30대,신혼기(자녀없음),600만원 내외,판매/서비스직,부산
67201,20230701,전동 킥보드,남성,30대,자녀 유아기(막내가 초등학교 입학 전),500만원 내외,자영업,경기
67236,20230701,전기 자전거,여성,40대,1인 가구,300만원 내외,전문직,전북
67277,20230701,전기 자전거,남성,40대,신혼기 초과(자녀없음),900만원 내외,사무직,서울
67278,20230701,"오토바이(바이크, 스쿠터)",남성,40대,신혼기(자녀없음),900만원 내외,자영업,서울
67292,20230701,전동 킥보드,여성,30대,자녀 유아기(막내가 초등학교 입학 전),600만원 내외,자영업,경기
67315,20230701,전기 자전거,남성,60대 이상,신혼기 초과(자녀없음),400만원 내외,무직/기타,강원
67351,20230701,전동 스케이트보드,남성,40대,1인 가구,300만원 내외,기술/숙련직,경남
67355,20230701,전기 자전거,남성,30대,자녀 유아기(막내가 초등학교 입학 전),600만원 내외,전문직,대전
67368,20230701,전동 휠,남성,40대,자녀 성장기(막내가 초등학생～고등학생),"1,100~1,500만원 내외",사무직,대구
67384,20230701,"오토바이(바이크, 스쿠터)",남성,30대,자녀 유아기(막내가 초등학교 입학 전),800만원 내외,사무직,부산
67406,20230701,전동 킥보드,남성,40대,자녀 성장기(막내가 초등학생～고등학생),600만원 내외,사무직,경기
67422,20230701,"오토바이(바이크, 스쿠터)",남성,50대,자녀 성장기(막내가 초등학생～고등학생),600만원 내외,기술/숙련직,울산
67429,20230701,전동 휠,여성,30대,자녀 성장기(막내가 초등학생～고등학생),"1,100~1,500만원 내외",자영업,부산
67529,20230701,"오토바이(바이크, 스쿠터)",남성,50대,자녀 성인기(막내가 대학생～결혼 전),"2,100만원 이상",무직/기타,충남
67533,20230701,전동 스쿠터,남성,50대,자녀 성장기(막내가 초등학생～고등학생),300만원 내외,무직/기타,부산
67539,20230701,전동 킥보드,여성,30대,자녀 성장기(막내가 초등학생～고등학생),"1,100~1,500만원 내외",사무직,경기
67546,20230701,"오토바이(바이크, 스쿠터)",여성,50대,신혼기 초과(자녀없음),"1,100~1,500만원 내외",사무직,경기
67608,20230701,전동 휠,남성,60대 이상,자녀 성인기(막내가 대학생～결혼 전),"1,000만원 내외",판매/서비스직,경기
67609,20230701,"오토바이(바이크, 스쿠터)",남성,40대,신혼기(자녀없음),모름,무직/기타,경기
67642,20230701,전동 킥보드,남성,40대,1인 가구,400만원 내외,기술/숙련직,인천
67657,20230701,"오토바이(바이크, 스쿠터)",여성,40대,신혼기(자녀없음),400만원 내외,전업주부,서울
67687,20230701,전동 휠,남성,40대,자녀 성장기(막내가 초등학생～고등학생),"1,000만원 내외",기술/숙련직,서울
67720,20230701,전동 킥보드,여성,40대,자녀 성장기(막내가 초등학생～고등학생),"1,600~2,000만원 내외",경영/관리직,서울
67741,20230701,전기 자전거,여성,50대,자녀 성장기(막내가 초등학생～고등학생),"1,000만원 내외",일반 공무원/준공무원,경기
67782,20230701,"오토바이(바이크, 스쿠터)",남성,40대,자녀 유아기(막내가 초등학교 입학 전),400만원 내외,일반 공무원/준공무원,경기
67790,20230701,전동 킥보드,남성,50대,1인 가구,700만원 내외,무직/기타,인천
67791,20230701,전동 킥보드,남성,40대,자녀 성장기(막내가 초등학생～고등학생),"1,000만원 내외",자영업,경기
67801,20230701,"오토바이(바이크, 스쿠터)",남성,40대,자녀 유아기(막내가 초등학교 입학 전),600만원 내외,일반 공무원/준공무원,경기
67814,20230701,전동 킥보드,남성,50대,자녀 성인기(막내가 대학생～결혼 전),"1,600~2,000만원 내외",사무직,경남
67826,20230701,전동 휠,남성,40대,자녀 유아기(막내가 초등학교 입학 전),900만원 내외,자영업,인천
67838,20230701,"오토바이(바이크, 스쿠터)",남성,60대 이상,자녀 성인기(막내가 대학생～결혼 전),700만원 내외,자영업,서울
67840,20230701,전동 킥보드,남성,50대,1인 가구,300만원 내외,판매/서비스직,인천
67847,20230701,"오토바이(바이크, 스쿠터)",남성,40대,1인 가구,300만원 내외,자영업,경기
67867,20230701,전기 자전거,남성,30대,자녀 독립기(막내가 결혼한 상태),500만원 내외,기술/숙련직,경기
67884,20230701,전동 스쿠터,남성,40대,자녀 유아기(막내가 초등학교 입학 전),800만원 내외,자영업,경기
67885,20230701,전기 자전거,남성,40대,자녀 성장기(막내가 초등학생～고등학생),"1,000만원 내외",사무직,경기
67906,20230701,전동 킥보드,남성,40대,자녀 성장기(막내가 초등학생～고등학생),900만원 내외,사무직,충남
67921,20230701,"오토바이(바이크, 스쿠터)",남성,40대,신혼기 초과(자녀없음),500만원 내외,사무직,서울
67935,20230701,"오토바이(바이크, 스쿠터)",여성,50대,자녀 성인기(막내가 대학생～결혼 전),"1,600~2,000만원 내외",전업주부,서울
67942,20230701,전동 킥보드,남성,50대,자녀 성장기(막내가 초등학생～고등학생),"1,100~1,500만원 내외",사무직,서울
67960,20230701,"오토바이(바이크, 스쿠터)",남성,30대,자녀 성장기(막내가 초등학생～고등학생),900만원 내외,기술/숙련직,경기
67966,20230701,전동 킥보드,남성,40대,자녀 유아기(막내가 초등학교 입학 전),"2,100만원 이상",전문직,인천
67969,20230701,"오토바이(바이크, 스쿠터)",남성,30대,자녀 유아기(막내가 초등학교 입학 전),600만원 내외,자영업,전북
67979,20230701,"오토바이(바이크, 스쿠터)",남성,40대,자녀 성장기(막내가 초등학생～고등학생),400만원 내외,기술/숙련직,경기
67986,20230701,전기 자전거,남성,50대,자녀 성인기(막내가 대학생～결혼 전),"1,600~2,000만원 내외",기술/숙련직,경기
67987,20230701,전동 킥보드,남성,60대 이상,자녀 독립기(막내가 결혼한 상태),500만원 내외,자영업,경기
67991,20230701,"오토바이(바이크, 스쿠터)",남성,20대,자녀 성인기(막내가 대학생～결혼 전),300만원 내외,기술/숙련직,서울
68031,20230701,전동 킥보드,남성,50대,신혼기(자녀없음),600만원 내외,무직/기타,경북
68045,20230701,전기 자전거,여성,60대 이상,자녀 독립기(막내가 결혼한 상태),400만원 내외,전업주부,경남
68048,20230701,"오토바이(바이크, 스쿠터)",남성,50대,자녀 성인기(막내가 대학생～결혼 전),600만원 내외,기술/숙련직,경남
68092,20230701,"오토바이(바이크, 스쿠터)",남성,40대,자녀 성장기(막내가 초등학생～고등학생),500만원 내외,사무직,경기
68098,20230701,"오토바이(바이크, 스쿠터)",남성,40대,자녀 성장기(막내가 초등학생～고등학생),500만원 내외,기술/숙련직,서울
68101,20230701,전동 킥보드,남성,40대,자녀 유아기(막내가 초등학교 입학 전),600만원 내외,자영업,인천
68107,20230701,"오토바이(바이크, 스쿠터)",여성,30대,자녀 성장기(막내가 초등학생～고등학생),500만원 내외,자영업,대구
68110,20230701,"오토바이(바이크, 스쿠터)",남성,40대,자녀 독립기(막내가 결혼한 상태),800만원 내외,기술/숙련직,인천
68144,20230701,전동 킥보드,여성,30대,자녀 성장기(막내가 초등학생～고등학생),600만원 내외,무직/기타,경기
68158,20230701,"오토바이(바이크, 스쿠터)",남성,60대 이상,자녀 독립기(막내가 결혼한 상태),400만원 내외,자영업,경남
68160,20230701,전동 킥보드,남성,40대,자녀 성장기(막내가 초등학생～고등학생),500만원 내외,자영업,대구
68179,20230701,"오토바이(바이크, 스쿠터)",남성,40대,1인 가구,500만원 내외,기술/숙련직,경기
68186,20230701,전기 자전거,남성,50대,자녀 성인기(막내가 대학생～결혼 전),500만원 내외,기술/숙련직,인천
68201,20230701,"오토바이(바이크, 스쿠터)",여성,20대,자녀 성인기(막내가 대학생～결혼 전),600만원 내외,학생,경기
68224,20230701,전동 킥보드,남성,40대,자녀 유아기(막내가 초등학교 입학 전),"2,100만원 이상",기술/숙련직,전북
68230,20230701,전동 킥보드,남성,50대,자녀 성인기(막내가 대학생～결혼 전),600만원 내외,무직/기타,서울
68232,20230701,전기 자전거,남성,40대,자녀 성장기(막내가 초등학생～고등학생),500만원 내외,기술/숙련직,경북
68236,20230701,전동 킥보드,남성,40대,신혼기(자녀없음),800만원 내외,사무직,인천
68238,20230701,전동 휠,남성,40대,자녀 성장기(막내가 초등학생～고등학생),"1,100~1,500만원 내외",자영업,서울
68289,20230701,"오토바이(바이크, 스쿠터)",남성,40대,1인 가구,100만원 이하,무직/기타,충북
68298,20230701,"오토바이(바이크, 스쿠터)",남성,40대,신혼기(자녀없음),600만원 내외,자영업,경기
68326,20230701,전동 휠,남성,30대,자녀 유아기(막내가 초등학교 입학 전),100만원 이하,자영업,대구
68367,20230701,"오토바이(바이크, 스쿠터)",남성,40대,자녀 성인기(막내가 대학생～결혼 전),900만원 내외,일반 공무원/준공무원,경기
68371,20230701,"오토바이(바이크, 스쿠터)",남성,40대,자녀 성장기(막내가 초등학생～고등학생),900만원 내외,사무직,충북
68379,20230701,"오토바이(바이크, 스쿠터)",여성,30대,1인 가구,"1,100~1,500만원 내외",기술/숙련직,경기
68393,20230701,"오토바이(바이크, 스쿠터)",남성,40대,자녀 성장기(막내가 초등학생～고등학생),600만원 내외,기술/숙련직,울산
68406,20230701,전기 자전거,남성,40대,1인 가구,600만원 내외,기술/숙련직,경기
68421,20230701,전기 자전거,남성,40대,자녀 성장기(막내가 초등학생～고등학생),"1,000만원 내외",기술/숙련직,서울
68429,20230701,전동 킥보드,남성,40대,자녀 성장기(막내가 초등학생～고등학생),600만원 내외,기술/숙련직,경기
68439,20230701,전동 킥보드,남성,40대,자녀 유아기(막내가 초등학교 입학 전),"1,000만원 내외",전문직,경기
68457,20230701,"오토바이(바이크, 스쿠터)",남성,50대,1인 가구,500만원 내외,자영업,인천
68466,20230701,"오토바이(바이크, 스쿠터)",남성,60대 이상,자녀 독립기(막내가 결혼한 상태),500만원 내외,무직/기타,부산
68491,20230701,전기 자전거,여성,50대,자녀 성인기(막내가 대학생～결혼 전),700만원 내외,일반 공무원/준공무원,경기
68493,20230701,"오토바이(바이크, 스쿠터)",남성,40대,자녀 유아기(막내가 초등학교 입학 전),500만원 내외,일반 공무원/준공무원,부산
68497,20230701,"오토바이(바이크, 스쿠터)",남성,60대 이상,자녀 독립기(막내가 결혼한 상태),600만원 내외,일반 공무원/준공무원,경기
68545,20230701,"오토바이(바이크, 스쿠터)",여성,40대,자녀 성장기(막내가 초등학생～고등학생),600만원 내외,전업주부,서울
68552,20230701,전동 킥보드,남성,40대,자녀 성인기(막내가 대학생～결혼 전),"1,000만원 내외",자영업,인천
68564,20230701,"오토바이(바이크, 스쿠터)",여성,50대,자녀 유아기(막내가 초등학교 입학 전),800만원 내외,자영업,경남
68594,20230701,전동 킥보드,남성,30대,자녀 유아기(막내가 초등학교 입학 전),800만원 내외,사무직,경기
68600,20230701,"오토바이(바이크, 스쿠터)",남성,40대,1인 가구,600만원 내외,판매/서비스직,경기
68613,20230701,전동 휠,남성,40대,자녀 성장기(막내가 초등학생～고등학생),"2,100만원 이상",전문직,서울
68645,20230701,"오토바이(바이크, 스쿠터)",남성,60대 이상,자녀 독립기(막내가 결혼한 상태),600만원 내외,기술/숙련직,전남
68666,20230701,전기 자전거,남성,60대 이상,자녀 독립기(막내가 결혼한 상태),400만원 내외,무직/기타,경기
68677,20230701,"오토바이(바이크, 스쿠터)",남성,30대,자녀 유아기(막내가 초등학교 입학 전),"1,000만원 내외",판매/서비스직,인천
68707,20230701,"오토바이(바이크, 스쿠터)",남성,20대,1인 가구,200만원 내외,기술/숙련직,강원
68708,20230701,전동 휠,남성,40대,자녀 성장기(막내가 초등학생～고등학생),700만원 내외,기술/숙련직,경남
68732,20230701,전기 자전거,남성,60대 이상,자녀 독립기(막내가 결혼한 상태),700만원 내외,경영/관리직,서울
68735,20230701,전동 킥보드,남성,50대,자녀 성장기(막내가 초등학생～고등학생),800만원 내외,사무직,서울
68756,20230701,전기 자전거,남성,60대 이상,자녀 성인기(막내가 대학생～결혼 전),800만원 내외,판매/서비스직,경기
68770,20230701,전동 휠,남성,40대,1인 가구,400만원 내외,경영/관리직,충남
68815,20230701,전기 자전거,남성,40대,자녀 유아기(막내가 초등학교 입학 전),600만원 내외,자영업,경기
68829,20230701,전동 킥보드,남성,50대,1인 가구,"1,100~1,500만원 내외",자영업,인천
68833,20230701,"오토바이(바이크, 스쿠터)",남성,40대,자녀 성장기(막내가 초등학생～고등학생),600만원 내외,판매/서비스직,경기
68870,20230701,전동 킥보드,남성,40대,자녀 성장기(막내가 초등학생～고등학생),500만원 내외,자영업,인천
68873,20230701,"오토바이(바이크, 스쿠터)",남성,50대,자녀 성장기(막내가 초등학생～고등학생),"1,100~1,500만원 내외",판매/서비스직,경기
68888,20230701,전동 킥보드,남성,50대,자녀 성인기(막내가 대학생～결혼 전),700만원 내외,경영/관리직,대전
68900,20230701,전동 킥보드,여성,40대,자녀 성장기(막내가 초등학생～고등학생),800만원 내외,전업주부,경기
68923,20230701,"오토바이(바이크, 스쿠터)",남성,20대,자녀 성인기(막내가 대학생～결혼 전),600만원 내외,자영업,경기
68970,20230701,"오토바이(바이크, 스쿠터)",남성,50대,1인 가구,100만원 이하,자영업,경기
68981,20230701,전동 킥보드,남성,30대,자녀 유아기(막내가 초등학교 입학 전),600만원 내외,기술/숙련직,부산
68993,20230701,전동 킥보드,여성,40대,신혼기(자녀없음),700만원 내외,기술/숙련직,경기
68994,20230701,"오토바이(바이크, 스쿠터)",남성,60대 이상,자녀 독립기(막내가 결혼한 상태),200만원 내외,무직/기타,경남
69005,20230701,전기 자전거,남성,50대,1인 가구,300만원 내외,기술/숙련직,경기
69035,20230701,전동 스케이트보드,여성,40대,자녀 성장기(막내가 초등학생～고등학생),200만원 내외,일반 공무원/준공무원,경기
69063,20230701,"오토바이(바이크, 스쿠터)",여성,30대,1인 가구,500만원 내외,기술/숙련직,서울
69069,20230701,"오토바이(바이크, 스쿠터)",남성,40대,1인 가구,500만원 내외,사무직,경기
69082,20230701,"오토바이(바이크, 스쿠터)",남성,40대,자녀 독립기(막내가 결혼한 상태),200만원 내외,무직/기타,경남
69087,20230701,"오토바이(바이크, 스쿠터)",남성,60대 이상,자녀 성인기(막내가 대학생～결혼 전),"1,100~1,500만원 내외",기술/숙련직,인천
69117,20230701,전동 킥보드,남성,30대,자녀 유아기(막내가 초등학교 입학 전),500만원 내외,사무직,경기
69125,20230701,"오토바이(바이크, 스쿠터)",남성,30대,1인 가구,300만원 내외,기술/숙련직,경기
69145,20230701,전동 킥보드,여성,30대,1인 가구,300만원 내외,사무직,대전
69154,20230701,전기 자전거,남성,60대 이상,자녀 성인기(막내가 대학생～결혼 전),"2,100만원 이상",무직/기타,경기
69174,20230701,전동 킥보드,남성,40대,1인 가구,600만원 내외,경영/관리직,경기
69175,20230701,"오토바이(바이크, 스쿠터)",남성,50대,자녀 성인기(막내가 대학생～결혼 전),"1,600~2,000만원 내외",사무직,충북
69238,20230701,"오토바이(바이크, 스쿠터)",남성,40대,1인 가구,100만원 이하,무직/기타,경북
69246,20230701,"오토바이(바이크, 스쿠터)",남성,50대,자녀 성인기(막내가 대학생～결혼 전),500만원 내외,기술/숙련직,경기
69247,20230701,전기 자전거,남성,40대,자녀 성장기(막내가 초등학생～고등학생),400만원 내외,일반 공무원/준공무원,경기
69258,20230701,"오토바이(바이크, 스쿠터)",남성,40대,1인 가구,400만원 내외,기술/숙련직,충남
69261,20230701,"오토바이(바이크, 스쿠터)",남성,40대,자녀 성인기(막내가 대학생～결혼 전),300만원 내외,무직/기타,서울
69265,20230701,전동 킥보드,남성,40대,자녀 유아기(막내가 초등학교 입학 전),"1,000만원 내외",전문직,경기
69278,20230701,"오토바이(바이크, 스쿠터)",남성,30대,1인 가구,"1,100~1,500만원 내외",기술/숙련직,경기
69281,20230701,"오토바이(바이크, 스쿠터)",남성,40대,자녀 유아기(막내가 초등학교 입학 전),모름,자영업,서울
69298,20230701,전기 자전거,남성,40대,1인 가구,900만원 내외,자영업,충북
69337,20230701,"오토바이(바이크, 스쿠터)",남성,40대,자녀 성장기(막내가 초등학생～고등학생),"1,100~1,500만원 내외",사무직,서울
69357,20230701,전기 자전거,남성,60대 이상,자녀 독립기(막내가 결혼한 상태),모름,무직/기타,인천
69370,20230701,전동 킥보드,남성,40대,자녀 성장기(막내가 초등학생～고등학생),500만원 내외,기술/숙련직,경기
69394,20230701,"오토바이(바이크, 스쿠터)",남성,30대,1인 가구,400만원 내외,자영업,강원
69404,20230701,전동 킥보드,남성,20대,자녀 유아기(막내가 초등학교 입학 전),700만원 내외,기술/숙련직,대전
69424,20230701,"오토바이(바이크, 스쿠터)",남성,50대,1인 가구,300만원 내외,기술/숙련직,경남
69452,20230701,전기 자전거,여성,40대,자녀 성장기(막내가 초등학생～고등학생),"1,000만원 내외",자영업,경기
69479,20230701,"오토바이(바이크, 스쿠터)",남성,60대 이상,자녀 독립기(막내가 결혼한 상태),"1,000만원 내외",전문직,대구
69484,20230701,"오토바이(바이크, 스쿠터)",남성,30대,1인 가구,모름,자영업,서울
69509,20230701,"오토바이(바이크, 스쿠터)",남성,40대,자녀 성장기(막내가 초등학생～고등학생),900만원 내외,기술/숙련직,충남
69528,20230701,"오토바이(바이크, 스쿠터)",남성,40대,신혼기 초과(자녀없음),300만원 내외,자영업,경기
69535,20230701,전동 킥보드,남성,40대,신혼기(자녀없음),700만원 내외,자영업,경기
69539,20230701,전기 자전거,여성,30대,1인 가구,"1,100~1,500만원 내외",판매/서비스직,경기
69548,20230701,전동 킥보드,남성,50대,자녀 성인기(막내가 대학생～결혼 전),400만원 내외,기술/숙련직,경남
69564,20230701,전동 킥보드,남성,40대,1인 가구,400만원 내외,무직/기타,경기
69584,20230701,"오토바이(바이크, 스쿠터)",남성,50대,자녀 성인기(막내가 대학생～결혼 전),700만원 내외,기술/숙련직,경기
69590,20230701,전기 자전거,여성,40대,자녀 성장기(막내가 초등학생～고등학생),"1,600~2,000만원 내외",사무직,경기
69609,20230701,전동 휠,남성,40대,자녀 성장기(막내가 초등학생～고등학생),"1,600~2,000만원 내외",자영업,서울
69611,20230701,전기 자전거,남성,40대,자녀 성장기(막내가 초등학생～고등학생),500만원 내외,기술/숙련직,울산
69631,20230701,전동 킥보드,남성,60대 이상,자녀 성인기(막내가 대학생～결혼 전),600만원 내외,경영/관리직,서울
69636,20230701,전동 킥보드,남성,40대,자녀 성장기(막내가 초등학생～고등학생),"1,000만원 내외",일반 공무원/준공무원,경기
69661,20230701,"오토바이(바이크, 스쿠터)",남성,50대,자녀 성장기(막내가 초등학생～고등학생),"1,000만원 내외",자영업,서울
69679,20230701,"오토바이(바이크, 스쿠터)",남성,30대,1인 가구,200만원 내외,사무직,충북
69697,20230701,"오토바이(바이크, 스쿠터)",남성,60대 이상,자녀 독립기(막내가 결혼한 상태),200만원 내외,무직/기타,경북
69698,20230701,"오토바이(바이크, 스쿠터)",남성,50대,자녀 성장기(막내가 초등학생～고등학생),"1,100~1,500만원 내외",기술/숙련직,부산
69717,20230701,전동 킥보드,남성,50대,자녀 성인기(막내가 대학생～결혼 전),400만원 내외,전문직,서울
69733,20230701,"오토바이(바이크, 스쿠터)",남성,50대,자녀 성장기(막내가 초등학생～고등학생),800만원 내외,경영/관리직,서울
69751,20230701,전동 스쿠터,남성,40대,자녀 성장기(막내가 초등학생～고등학생),600만원 내외,일반 공무원/준공무원,경기
69782,20230701,"오토바이(바이크, 스쿠터)",남성,60대 이상,자녀 독립기(막내가 결혼한 상태),500만원 내외,자영업,강원
69832,20230701,전동 스쿠터,남성,50대,자녀 성인기(막내가 대학생～결혼 전),600만원 내외,자영업,경남
69838,20230701,전동 킥보드,남성,40대,1인 가구,400만원 내외,기술/숙련직,대전
69849,20230701,전동 킥보드,남성,50대,1인 가구,모름,무직/기타,경기
69868,20230701,전동 킥보드,남성,40대,자녀 성장기(막내가 초등학생～고등학생),"1,100~1,500만원 내외",자영업,경기
69871,20230701,전동 킥보드,여성,30대,1인 가구,300만원 내외,사무직,경기
69885,20230701,전동 킥보드,여성,40대,자녀 성장기(막내가 초등학생～고등학생),"1,000만원 내외",판매/서비스직,대구
69918,20230701,전기 자전거,남성,40대,자녀 성장기(막내가 초등학생～고등학생),500만원 내외,자영업,경기
69937,20230701,"오토바이(바이크, 스쿠터)",남성,30대,신혼기(자녀없음),700만원 내외,무직/기타,경기
69940,20230701,전동 킥보드,여성,40대,자녀 성장기(막내가 초등학생～고등학생),200만원 내외,기술/숙련직,대전
69948,20230701,"오토바이(바이크, 스쿠터)",남성,30대,신혼기(자녀없음),"1,100~1,500만원 내외",기술/숙련직,서울
69974,20230701,전동 킥보드,남성,40대,자녀 성장기(막내가 초등학생～고등학생),"1,000만원 내외",사무직,서울
69978,20230701,전기 자전거,남성,60대 이상,1인 가구,"2,100만원 이상",무직/기타,제주
69985,20230701,전기 자전거,남성,40대,1인 가구,500만원 내외,기술/숙련직,부산
69992,20230701,전기 자전거,남성,40대,자녀 성장기(막내가 초등학생～고등학생),"1,000만원 내외",사무직,경기
69998,20230701,전동 스쿠터,남성,50대,자녀 독립기(막내가 결혼한 상태),600만원 내외,자영업,인천
69999,20230701,"오토바이(바이크, 스쿠터)",남성,50대,자녀 성인기(막내가 대학생～결혼 전),700만원 내외,자영업,서울
70000,20230701,전동 스케이트보드,여성,20대,자녀 유아기(막내가 초등학교 입학 전),500만원 내외,무직/기타,서울
70004,20230701,전기 자전거,남성,40대,1인 가구,"1,100~1,500만원 내외",자영업,서울
70011,20230701,전동 킥보드,남성,50대,자녀 성인기(막내가 대학생～결혼 전),600만원 내외,판매/서비스직,경기
70031,20230701,전동 스케이트보드,남성,60대 이상,자녀 독립기(막내가 결혼한 상태),"1,100~1,500만원 내외",자영업,경기
70085,20230701,전기 자전거,남성,40대,자녀 성장기(막내가 초등학생～고등학생),"1,000만원 내외",자영업,경기
70109,20230701,전기 자전거,여성,40대,1인 가구,"2,100만원 이상",경영/관리직,서울
70112,20230701,전동 킥보드,남성,40대,1인 가구,500만원 내외,무직/기타,경기
70115,20230701,"오토바이(바이크, 스쿠터)",여성,30대,신혼기(자녀없음),800만원 내외,자영업,대구
70123,20230701,전기 자전거,남성,40대,1인 가구,500만원 내외,무직/기타,경기
70139,20230701,전기 자전거,남성,40대,자녀 성장기(막내가 초등학생～고등학생),300만원 내외,기술/숙련직,경기
70145,20230701,전동 스케이트보드,여성,30대,자녀 성인기(막내가 대학생～결혼 전),700만원 내외,사무직,서울
70147,20230701,전기 자전거,남성,60대 이상,자녀 성인기(막내가 대학생～결혼 전),"1,000만원 내외",자영업,경기
70162,20230701,전동 킥보드,남성,30대,1인 가구,모름,무직/기타,서울
70169,20230701,전기 자전거,남성,50대,자녀 성인기(막내가 대학생～결혼 전),700만원 내외,자영업,경기
70174,20230701,전동 휠,남성,30대,신혼기(자녀없음),600만원 내외,판매/서비스직,서울
70175,20230701,전기 자전거,여성,30대,자녀 유아기(막내가 초등학교 입학 전),300만원 내외,전업주부,서울
70191,20230701,"오토바이(바이크, 스쿠터)",여성,40대,자녀 성장기(막내가 초등학생～고등학생),"1,000만원 내외",사무직,서울
70199,20230701,"오토바이(바이크, 스쿠터)",남성,40대,자녀 성장기(막내가 초등학생～고등학생),"1,000만원 내외",경영/관리직,경기
70204,20230701,"오토바이(바이크, 스쿠터)",남성,60대 이상,자녀 성인기(막내가 대학생～결혼 전),500만원 내외,자영업,대구
70226,20230701,전동 스케이트보드,여성,40대,신혼기(자녀없음),400만원 내외,전문직,경남
70275,20230701,전동 킥보드,남성,60대 이상,자녀 성인기(막내가 대학생～결혼 전),900만원 내외,무직/기타,서울
70286,20230701,전동 킥보드,남성,40대,자녀 성장기(막내가 초등학생～고등학생),400만원 내외,기술/숙련직,부산
70293,20230701,전동 킥보드,남성,40대,자녀 성장기(막내가 초등학생～고등학생),800만원 내외,기술/숙련직,경기
70319,20230701,전동 스쿠터,남성,40대,자녀 성장기(막내가 초등학생～고등학생),700만원 내외,일반 공무원/준공무원,서울
70332,20230701,"오토바이(바이크, 스쿠터)",남성,60대 이상,자녀 성인기(막내가 대학생～결혼 전),600만원 내외,무직/기타,전남
70357,20230701,"오토바이(바이크, 스쿠터)",남성,50대,자녀 성장기(막내가 초등학생～고등학생),"1,100~1,500만원 내외",자영업,서울
70363,20230701,"오토바이(바이크, 스쿠터)",남성,40대,1인 가구,200만원 내외,무직/기타,서울
70370,20230701,전동 휠,남성,50대,자녀 성장기(막내가 초등학생～고등학생),600만원 내외,일반 공무원/준공무원,대구
70373,20230701,"오토바이(바이크, 스쿠터)",남성,40대,자녀 성장기(막내가 초등학생～고등학생),"1,600~2,000만원 내외",자영업,경기
70378,20230701,전동 킥보드,여성,30대,자녀 성장기(막내가 초등학생～고등학생),700만원 내외,사무직,서울
70380,20230701,전기 자전거,남성,50대,자녀 성인기(막내가 대학생～결혼 전),"1,000만원 내외",경영/관리직,서울
70387,20230701,전기 자전거,여성,30대,신혼기(자녀없음),"1,000만원 내외",사무직,서울
70410,20230701,전동 킥보드,남성,40대,1인 가구,500만원 내외,전문직,서울
70411,20230701,전동 킥보드,남성,40대,1인 가구,"2,100만원 이상",자영업,서울
70414,20230701,전동 킥보드,남성,40대,자녀 성인기(막내가 대학생～결혼 전),300만원 내외,판매/서비스직,인천
70424,20230701,전동 킥보드,남성,20대,자녀 성인기(막내가 대학생～결혼 전),"1,100~1,500만원 내외",기술/숙련직,인천
70451,20230701,"오토바이(바이크, 스쿠터)",여성,30대,자녀 성장기(막내가 초등학생～고등학생),900만원 내외,기술/숙련직,인천
70472,20230701,전기 자전거,남성,40대,1인 가구,500만원 내외,기술/숙련직,강원
70491,20230701,전동 킥보드,남성,30대,자녀 성인기(막내가 대학생～결혼 전),600만원 내외,무직/기타,대구
70508,20230701,"오토바이(바이크, 스쿠터)",남성,40대,자녀 유아기(막내가 초등학교 입학 전),"2,100만원 이상",기술/숙련직,인천
70515,20230701,전기 자전거,남성,60대 이상,자녀 성인기(막내가 대학생～결혼 전),300만원 내외,기술/숙련직,전남
70543,20230701,전동 스쿠터,남성,50대,자녀 성인기(막내가 대학생～결혼 전),700만원 내외,일반 공무원/준공무원,경기
70546,20230701,"오토바이(바이크, 스쿠터)",남성,60대 이상,자녀 성인기(막내가 대학생～결혼 전),400만원 내외,자영업,부산
70571,20230701,"오토바이(바이크, 스쿠터)",남성,40대,1인 가구,600만원 내외,무직/기타,인천
70575,20230701,전기 자전거,남성,30대,자녀 유아기(막내가 초등학교 입학 전),500만원 내외,기술/숙련직,경기
70589,20230701,전동 킥보드,남성,30대,자녀 유아기(막내가 초등학교 입학 전),300만원 내외,일반 공무원/준공무원,경남
70598,20230701,"오토바이(바이크, 스쿠터)",남성,60대 이상,자녀 성인기(막내가 대학생～결혼 전),600만원 내외,기술/숙련직,울산
70600,20230701,전동 킥보드,남성,40대,자녀 성장기(막내가 초등학생～고등학생),700만원 내외,사무직,충북
70615,20230701,"오토바이(바이크, 스쿠터)",남성,60대 이상,자녀 성인기(막내가 대학생～결혼 전),"1,000만원 내외",자영업,서울
70648,20230701,"오토바이(바이크, 스쿠터)",여성,40대,자녀 유아기(막내가 초등학교 입학 전),400만원 내외,전업주부,대구
70655,20230701,전기 자전거,남성,40대,자녀 성장기(막내가 초등학생～고등학생),"1,000만원 내외",전문직,경기
70695,20230701,전기 자전거,남성,50대,자녀 성인기(막내가 대학생～결혼 전),400만원 내외,기술/숙련직,전북
70701,20230701,"오토바이(바이크, 스쿠터)",남성,40대,1인 가구,300만원 내외,무직/기타,경기
70710,20230701,전기 자전거,남성,40대,1인 가구,"1,000만원 내외",자영업,서울
70713,20230701,"오토바이(바이크, 스쿠터)",남성,60대 이상,1인 가구,200만원 내외,일반 공무원/준공무원,경기
70717,20230701,"오토바이(바이크, 스쿠터)",남성,50대,자녀 성인기(막내가 대학생～결혼 전),400만원 내외,일반 공무원/준공무원,부산
70724,20230701,전기 자전거,남성,40대,신혼기 초과(자녀없음),"1,100~1,500만원 내외",사무직,대전
70742,20230701,전기 자전거,남성,60대 이상,자녀 독립기(막내가 결혼한 상태),"1,000만원 내외",무직/기타,경기
70749,20230701,전동 킥보드,여성,30대,신혼기 초과(자녀없음),600만원 내외,자영업,경기
70788,20230701,전기 자전거,남성,40대,자녀 성장기(막내가 초등학생～고등학생),모름,기술/숙련직,서울
70814,20230701,"오토바이(바이크, 스쿠터)",여성,40대,자녀 유아기(막내가 초등학교 입학 전),600만원 내외,사무직,서울
70823,20230701,전기 자전거,남성,40대,자녀 성인기(막내가 대학생～결혼 전),800만원 내외,사무직,서울
70843,20230701,전동 휠,남성,60대 이상,자녀 성장기(막내가 초등학생～고등학생),"1,600~2,000만원 내외",사무직,광주
70844,20230701,"오토바이(바이크, 스쿠터)",남성,50대,자녀 성장기(막내가 초등학생～고등학생),500만원 내외,자영업,서울
70851,20230701,전동 스쿠터,남성,50대,자녀 성장기(막내가 초등학생～고등학생),400만원 내외,무직/기타,경기
70866,20230701,전동 킥보드,남성,40대,자녀 유아기(막내가 초등학교 입학 전),900만원 내외,사무직,경기
70869,20230701,전동 킥보드,남성,50대,자녀 성장기(막내가 초등학생～고등학생),"2,100만원 이상",경영/관리직,서울
70928,20230701,전기 자전거,남성,50대,자녀 성장기(막내가 초등학생～고등학생),600만원 내외,사무직,경북
70940,20230701,전기 자전거,남성,50대,자녀 독립기(막내가 결혼한 상태),"1,000만원 내외",자영업,대구
70953,20230701,"오토바이(바이크, 스쿠터)",남성,40대,자녀 성장기(막내가 초등학생～고등학생),모름,기술/숙련직,전남
70958,20230701,"오토바이(바이크, 스쿠터)",남성,40대,자녀 유아기(막내가 초등학교 입학 전),200만원 내외,기술/숙련직,경기
70978,20230701,"오토바이(바이크, 스쿠터)",남성,50대,자녀 성인기(막내가 대학생～결혼 전),"1,100~1,500만원 내외",기술/숙련직,경남
70982,20230701,전기 자전거,남성,40대,자녀 유아기(막내가 초등학교 입학 전),600만원 내외,사무직,강원
70987,20230701,전기 자전거,남성,60대 이상,자녀 독립기(막내가 결혼한 상태),800만원 내외,무직/기타,충북
71021,20230701,"오토바이(바이크, 스쿠터)",남성,30대,1인 가구,400만원 내외,기술/숙련직,서울
71033,20230701,"오토바이(바이크, 스쿠터)",남성,40대,자녀 성장기(막내가 초등학생～고등학생),"1,000만원 내외",전문직,경기
71034,20230701,전동 스케이트보드,남성,30대,자녀 유아기(막내가 초등학교 입학 전),500만원 내외,기술/숙련직,경기
71040,20230701,전기 자전거,남성,40대,자녀 유아기(막내가 초등학교 입학 전),400만원 내외,기술/숙련직,경기
71047,20230701,전동 킥보드,여성,40대,자녀 성장기(막내가 초등학생～고등학생),800만원 내외,사무직,경기
71077,20230701,전동 킥보드,남성,40대,1인 가구,300만원 내외,기술/숙련직,서울
71102,20230701,"오토바이(바이크, 스쿠터)",남성,50대,자녀 성장기(막내가 초등학생～고등학생),700만원 내외,자영업,경기
71106,20230701,"오토바이(바이크, 스쿠터)",남성,40대,자녀 성장기(막내가 초등학생～고등학생),600만원 내외,사무직,대구
71109,20230701,전동 킥보드,남성,40대,자녀 성장기(막내가 초등학생～고등학생),500만원 내외,기술/숙련직,대전
71118,20230701,전동 킥보드,남성,30대,1인 가구,300만원 내외,자영업,세종
71120,20230701,전기 자전거,남성,40대,자녀 유아기(막내가 초등학교 입학 전),900만원 내외,사무직,서울
71159,20230701,"오토바이(바이크, 스쿠터)",여성,40대,자녀 성장기(막내가 초등학생～고등학생),700만원 내외,사무직,경기
71199,20230701,"오토바이(바이크, 스쿠터)",남성,60대 이상,자녀 성인기(막내가 대학생～결혼 전),500만원 내외,무직/기타,경북
71210,20230701,전동 휠,남성,40대,자녀 성장기(막내가 초등학생～고등학생),700만원 내외,기술/숙련직,서울
71264,20230701,전동 킥보드,여성,30대,자녀 유아기(막내가 초등학교 입학 전),"1,000만원 내외",전문직,대구
71266,20230701,전기 자전거,남성,40대,신혼기 초과(자녀없음),500만원 내외,기술/숙련직,경남
71274,20230701,전기 자전거,여성,50대,자녀 성인기(막내가 대학생～결혼 전),"1,100~1,500만원 내외",기술/숙련직,인천
71285,20230701,전기 자전거,남성,50대,자녀 성장기(막내가 초등학생～고등학생),"1,100~1,500만원 내외",자영업,울산
71305,20230701,전동 킥보드,남성,40대,자녀 유아기(막내가 초등학교 입학 전),400만원 내외,사무직,경기
71322,20230701,"오토바이(바이크, 스쿠터)",남성,20대,1인 가구,"2,100만원 이상",사무직,경기
71341,20230701,"오토바이(바이크, 스쿠터)",남성,20대,자녀 성인기(막내가 대학생～결혼 전),500만원 내외,무직/기타,서울
71414,20230701,전동 킥보드,남성,30대,자녀 성인기(막내가 대학생～결혼 전),800만원 내외,기술/숙련직,경기
71436,20230701,전기 자전거,남성,50대,자녀 성인기(막내가 대학생～결혼 전),700만원 내외,기술/숙련직,울산
71464,20230701,전기 자전거,여성,40대,자녀 성장기(막내가 초등학생～고등학생),"1,100~1,500만원 내외",전업주부,경기
71497,20230701,"오토바이(바이크, 스쿠터)",남성,30대,신혼기(자녀없음),700만원 내외,기술/숙련직,경기
71540,20230701,"오토바이(바이크, 스쿠터)",남성,40대,1인 가구,200만원 내외,기술/숙련직,광주
71548,20230701,전기 자전거,남성,60대 이상,자녀 독립기(막내가 결혼한 상태),900만원 내외,기술/숙련직,부산
71562,20230701,전동 킥보드,여성,50대,1인 가구,400만원 내외,판매/서비스직,전남
71576,20230701,"오토바이(바이크, 스쿠터)",여성,40대,1인 가구,500만원 내외,기술/숙련직,경기
71578,20230701,"오토바이(바이크, 스쿠터)",여성,30대,자녀 독립기(막내가 결혼한 상태),700만원 내외,사무직,서울
71621,20230701,"오토바이(바이크, 스쿠터)",남성,60대 이상,자녀 독립기(막내가 결혼한 상태),"1,000만원 내외",자영업,강원
71644,20230701,전기 자전거,남성,60대 이상,자녀 독립기(막내가 결혼한 상태),600만원 내외,기술/숙련직,서울
71711,20230701,전동 킥보드,남성,40대,자녀 성장기(막내가 초등학생～고등학생),"1,000만원 내외",경영/관리직,대전
71747,20230701,전동 킥보드,남성,40대,1인 가구,600만원 내외,일반 공무원/준공무원,서울
71812,20230701,"오토바이(바이크, 스쿠터)",남성,30대,자녀 성장기(막내가 초등학생～고등학생),800만원 내외,기술/숙련직,인천
71823,20230701,"오토바이(바이크, 스쿠터)",남성,30대,1인 가구,300만원 내외,기술/숙련직,광주
71871,20230701,전동 스쿠터,남성,20대,자녀 성장기(막내가 초등학생～고등학생),200만원 내외,사무직,서울
71985,20230701,전동 킥보드,남성,40대,자녀 성장기(막내가 초등학생～고등학생),900만원 내외,자영업,경기
72001,20230701,전기 자전거,남성,60대 이상,자녀 독립기(막내가 결혼한 상태),"1,100~1,500만원 내외",기술/숙련직,세종
72006,20230701,전동 킥보드,여성,20대,자녀 성인기(막내가 대학생～결혼 전),700만원 내외,사무직,부산
72091,20230701,"오토바이(바이크, 스쿠터)",남성,40대,자녀 성장기(막내가 초등학생～고등학생),"1,000만원 내외",자영업,경기
72120,20230701,전동 킥보드,남성,40대,자녀 유아기(막내가 초등학교 입학 전),400만원 내외,기술/숙련직,전북
72300,20230701,"오토바이(바이크, 스쿠터)",남성,30대,자녀 성인기(막내가 대학생～결혼 전),500만원 내외,일반 공무원/준공무원,부산
72329,20230701,전동 킥보드,남성,40대,자녀 성장기(막내가 초등학생～고등학생),500만원 내외,사무직,광주
72360,20230701,"오토바이(바이크, 스쿠터)",남성,40대,1인 가구,500만원 내외,기술/숙련직,서울
72372,20230701,"오토바이(바이크, 스쿠터)",남성,40대,자녀 성장기(막내가 초등학생～고등학생),500만원 내외,무직/기타,경기
72418,20230701,전기 자전거,남성,50대,1인 가구,200만원 내외,자영업,경북
72442,20230701,전기 자전거,여성,50대,신혼기 초과(자녀없음),"1,600~2,000만원 내외",전업주부,서울
72446,20230701,전동 킥보드,남성,40대,자녀 성장기(막내가 초등학생～고등학생),500만원 내외,일반 공무원/준공무원,충남
72475,20230701,전동 킥보드,남성,30대,신혼기(자녀없음),"2,100만원 이상",기술/숙련직,경기
72542,20230701,전기 자전거,남성,50대,자녀 성인기(막내가 대학생～결혼 전),600만원 내외,일반 공무원/준공무원,경기
72563,20230701,"오토바이(바이크, 스쿠터)",남성,30대,자녀 유아기(막내가 초등학교 입학 전),700만원 내외,기술/숙련직,경남
72578,20230701,전동 킥보드,여성,30대,자녀 성장기(막내가 초등학생～고등학생),"1,100~1,500만원 내외",기술/숙련직,대구
72580,20230701,전동 킥보드,남성,40대,자녀 성장기(막내가 초등학생～고등학생),700만원 내외,기술/숙련직,전북
72588,20230701,전동 킥보드,남성,60대 이상,자녀 성인기(막내가 대학생～결혼 전),모름,무직/기타,인천
72634,20230701,"오토바이(바이크, 스쿠터)",여성,30대,자녀 성장기(막내가 초등학생～고등학생),"1,000만원 내외",일반 공무원/준공무원,경기
72642,20230701,전동 킥보드,여성,30대,1인 가구,200만원 내외,기술/숙련직,부산
72648,20230701,"오토바이(바이크, 스쿠터)",남성,20대,1인 가구,300만원 내외,사무직,경기
72659,20230701,전동 킥보드,남성,30대,1인 가구,600만원 내외,기술/숙련직,강원
72664,20230701,"오토바이(바이크, 스쿠터)",남성,30대,자녀 유아기(막내가 초등학교 입학 전),500만원 내외,사무직,경기
72688,20230701,"오토바이(바이크, 스쿠터)",여성,50대,자녀 성인기(막내가 대학생～결혼 전),"1,000만원 내외",판매/서비스직,경남
72733,20230701,전동 킥보드,남성,40대,신혼기 초과(자녀없음),500만원 내외,사무직,전남
72791,20230701,전동 킥보드,남성,60대 이상,자녀 성장기(막내가 초등학생～고등학생),400만원 내외,자영업,충북
72819,20230701,전기 자전거,남성,30대,자녀 성인기(막내가 대학생～결혼 전),"1,000만원 내외",자영업,대구
72827,20230701,"오토바이(바이크, 스쿠터)",남성,40대,자녀 유아기(막내가 초등학교 입학 전),600만원 내외,일반 공무원/준공무원,경기
72849,20230701,전동 킥보드,남성,30대,자녀 유아기(막내가 초등학교 입학 전),400만원 내외,사무직,대구
72876,20230701,"오토바이(바이크, 스쿠터)",여성,40대,1인 가구,"1,000만원 내외",사무직,서울
72977,20230701,전기 자전거,남성,60대 이상,자녀 성인기(막내가 대학생～결혼 전),700만원 내외,기술/숙련직,경기
72996,20230701,전기 자전거,남성,40대,1인 가구,600만원 내외,사무직,경기
73005,20230701,"오토바이(바이크, 스쿠터)",여성,30대,자녀 성장기(막내가 초등학생～고등학생),300만원 내외,자영업,충남
73020,20230701,전기 자전거,여성,50대,자녀 독립기(막내가 결혼한 상태),500만원 내외,자영업,경기
73074,20230701,"오토바이(바이크, 스쿠터)",남성,30대,자녀 성장기(막내가 초등학생～고등학생),600만원 내외,사무직,경기
73139,20230701,"오토바이(바이크, 스쿠터)",남성,60대 이상,자녀 독립기(막내가 결혼한 상태),200만원 내외,자영업,경북
73187,20230701,전기 자전거,남성,20대,자녀 성인기(막내가 대학생～결혼 전),400만원 내외,사무직,서울
73238,20230701,전기 자전거,여성,40대,자녀 성장기(막내가 초등학생～고등학생),600만원 내외,전업주부,경남
73257,20230701,"오토바이(바이크, 스쿠터)",남성,20대,1인 가구,"1,000만원 내외",기술/숙련직,경기
73290,20230701,"오토바이(바이크, 스쿠터)",남성,40대,자녀 유아기(막내가 초등학교 입학 전),700만원 내외,자영업,인천
73334,20230701,"오토바이(바이크, 스쿠터)",남성,40대,자녀 유아기(막내가 초등학교 입학 전),500만원 내외,기술/숙련직,울산
73337,20230701,전동 킥보드,남성,40대,자녀 유아기(막내가 초등학교 입학 전),"2,100만원 이상",판매/서비스직,서울
73340,20230701,전동 휠,여성,40대,자녀 성장기(막내가 초등학생～고등학생),600만원 내외,전업주부,제주
73387,20230701,"오토바이(바이크, 스쿠터)",남성,30대,자녀 유아기(막내가 초등학교 입학 전),600만원 내외,자영업,전북
73396,20230701,전동 킥보드,여성,30대,자녀 성장기(막내가 초등학생～고등학생),800만원 내외,무직/기타,충남
73439,20230701,"오토바이(바이크, 스쿠터)",남성,40대,자녀 성장기(막내가 초등학생～고등학생),400만원 내외,일반 공무원/준공무원,경남
73487,20230701,전기 자전거,남성,30대,1인 가구,300만원 내외,무직/기타,경남
73492,20230701,전동 킥보드,남성,40대,자녀 성장기(막내가 초등학생～고등학생),500만원 내외,사무직,부산
73498,20230701,전동 킥보드,남성,30대,자녀 유아기(막내가 초등학교 입학 전),400만원 내외,일반 공무원/준공무원,경기
73531,20230701,"오토바이(바이크, 스쿠터)",남성,40대,자녀 유아기(막내가 초등학교 입학 전),500만원 내외,무직/기타,서울
73563,20230701,전기 자전거,남성,50대,자녀 성인기(막내가 대학생～결혼 전),"1,000만원 내외",경영/관리직,충남
73597,20230701,전동 킥보드,남성,60대 이상,자녀 성인기(막내가 대학생～결혼 전),700만원 내외,사무직,경기
73599,20230701,"오토바이(바이크, 스쿠터)",여성,40대,자녀 성장기(막내가 초등학생～고등학생),300만원 내외,전업주부,경북
73602,20230701,전동 킥보드,여성,40대,자녀 성장기(막내가 초등학생～고등학생),"1,000만원 내외",사무직,인천
73643,20230701,전동 스케이트보드,남성,40대,자녀 성장기(막내가 초등학생～고등학생),600만원 내외,사무직,충남
73644,20230701,전동 킥보드,남성,40대,자녀 유아기(막내가 초등학교 입학 전),600만원 내외,기술/숙련직,경기
73648,20230701,전동 스쿠터,여성,30대,1인 가구,400만원 내외,사무직,경남
73686,20230701,전기 자전거,남성,60대 이상,자녀 독립기(막내가 결혼한 상태),400만원 내외,전문직,서울
73692,20230701,전기 자전거,여성,30대,신혼기 초과(자녀없음),600만원 내외,무직/기타,서울
73709,20230701,전동 킥보드,남성,30대,자녀 유아기(막내가 초등학교 입학 전),"1,100~1,500만원 내외",사무직,인천
73720,20230701,전동 킥보드,여성,30대,자녀 성인기(막내가 대학생～결혼 전),600만원 내외,기술/숙련직,인천
73735,20230701,전동 휠,남성,40대,자녀 유아기(막내가 초등학교 입학 전),700만원 내외,기술/숙련직,전남
73772,20230701,"오토바이(바이크, 스쿠터)",남성,30대,자녀 유아기(막내가 초등학교 입학 전),300만원 내외,기술/숙련직,경남
73817,20230701,"오토바이(바이크, 스쿠터)",남성,40대,자녀 성장기(막내가 초등학생～고등학생),600만원 내외,무직/기타,인천
73880,20230701,"오토바이(바이크, 스쿠터)",남성,30대,자녀 유아기(막내가 초등학교 입학 전),400만원 내외,기술/숙련직,경남
73884,20230701,전동 스케이트보드,여성,40대,자녀 유아기(막내가 초등학교 입학 전),500만원 내외,일반 공무원/준공무원,경기
73919,20230701,"오토바이(바이크, 스쿠터)",여성,30대,자녀 유아기(막내가 초등학교 입학 전),800만원 내외,사무직,경남
73934,20230701,전동 킥보드,남성,30대,신혼기(자녀없음),"1,600~2,000만원 내외",무직/기타,전남
73971,20230701,전기 자전거,여성,50대,자녀 성인기(막내가 대학생～결혼 전),500만원 내외,기술/숙련직,서울
73991,20230701,전동 스케이트보드,남성,20대,1인 가구,300만원 내외,일반 공무원/준공무원,전남
73994,20230701,"오토바이(바이크, 스쿠터)",남성,20대,1인 가구,"1,100~1,500만원 내외",기술/숙련직,경기
74045,20230701,"오토바이(바이크, 스쿠터)",남성,30대,1인 가구,400만원 내외,기술/숙련직,서울
74051,20230701,전동 킥보드,남성,50대,자녀 유아기(막내가 초등학교 입학 전),300만원 내외,무직/기타,경기
74068,20230701,전동 킥보드,남성,50대,자녀 성인기(막내가 대학생～결혼 전),600만원 내외,일반 공무원/준공무원,강원
74083,20230701,전동 킥보드,남성,40대,1인 가구,300만원 내외,기술/숙련직,경기
74085,20230701,전기 자전거,여성,30대,자녀 유아기(막내가 초등학교 입학 전),"1,100~1,500만원 내외",사무직,경기
74088,20230701,전동 킥보드,남성,40대,자녀 유아기(막내가 초등학교 입학 전),500만원 내외,전문직,경남
74111,20230701,"오토바이(바이크, 스쿠터)",남성,60대 이상,자녀 성인기(막내가 대학생～결혼 전),500만원 내외,무직/기타,울산
74117,20230701,"오토바이(바이크, 스쿠터)",남성,30대,자녀 유아기(막내가 초등학교 입학 전),800만원 내외,자영업,서울
74156,20230701,전동 스케이트보드,남성,50대,신혼기(자녀없음),700만원 내외,자영업,서울
74157,20230701,"오토바이(바이크, 스쿠터)",여성,40대,자녀 성장기(막내가 초등학생～고등학생),300만원 내외,기술/숙련직,서울
74191,20230701,전기 자전거,여성,40대,자녀 성장기(막내가 초등학생～고등학생),600만원 내외,전업주부,서울
74237,20230701,전동 킥보드,남성,50대,자녀 성장기(막내가 초등학생～고등학생),400만원 내외,일반 공무원/준공무원,울산
74278,20230701,전기 자전거,남성,40대,자녀 유아기(막내가 초등학교 입학 전),400만원 내외,전문직,경북
74344,20230701,"오토바이(바이크, 스쿠터)",남성,30대,신혼기(자녀없음),600만원 내외,기술/숙련직,대전
74366,20230701,전동 킥보드,남성,30대,1인 가구,400만원 내외,사무직,부산
74368,20230701,전기 자전거,여성,50대,자녀 성인기(막내가 대학생～결혼 전),600만원 내외,자영업,부산
74425,20230701,전동 킥보드,남성,30대,1인 가구,800만원 내외,사무직,서울
74450,20230701,"오토바이(바이크, 스쿠터)",남성,30대,신혼기(자녀없음),200만원 내외,무직/기타,전남
74505,20230701,전동 킥보드,남성,60대 이상,1인 가구,300만원 내외,무직/기타,경기
74525,20230701,전기 자전거,남성,40대,자녀 성장기(막내가 초등학생～고등학생),900만원 내외,기술/숙련직,인천
74558,20230701,"오토바이(바이크, 스쿠터)",여성,40대,자녀 성장기(막내가 초등학생～고등학생),500만원 내외,사무직,경기
74574,20230701,전동 킥보드,남성,40대,자녀 성장기(막내가 초등학생～고등학생),"1,000만원 내외",사무직,서울
74749,20230701,"오토바이(바이크, 스쿠터)",남성,50대,자녀 성인기(막내가 대학생～결혼 전),"2,100만원 이상",사무직,부산
74823,20230701,"오토바이(바이크, 스쿠터)",여성,30대,자녀 성인기(막내가 대학생～결혼 전),"1,000만원 내외",자영업,서울
74851,20230701,전동 스쿠터,여성,40대,자녀 성장기(막내가 초등학생～고등학생),500만원 내외,전업주부,대구
74858,20230701,전동 킥보드,남성,50대,자녀 성인기(막내가 대학생～결혼 전),"1,000만원 내외",자영업,인천
74889,20230701,전동 킥보드,여성,40대,자녀 성장기(막내가 초등학생～고등학생),"1,000만원 내외",전문직,서울
74933,20230701,전동 휠,남성,20대,1인 가구,500만원 내외,기술/숙련직,서울
74971,20230701,전기 자전거,남성,50대,1인 가구,200만원 내외,기술/숙련직,대구
74973,20230701,전기 자전거,여성,40대,1인 가구,"2,100만원 이상",자영업,대구
74983,20230701,전기 자전거,남성,60대 이상,자녀 성인기(막내가 대학생～결혼 전),300만원 내외,기술/숙련직,강원
74996,20230701,전동 킥보드,여성,30대,자녀 성인기(막내가 대학생～결혼 전),500만원 내외,사무직,대구
75027,20230701,전동 킥보드,남성,40대,자녀 성인기(막내가 대학생～결혼 전),500만원 내외,기술/숙련직,광주
75078,20230701,"오토바이(바이크, 스쿠터)",남성,20대,1인 가구,"1,100~1,500만원 내외",기술/숙련직,대구
75102,20230701,전기 자전거,남성,30대,자녀 성장기(막내가 초등학생～고등학생),"1,600~2,000만원 내외",사무직,서울
75106,20230701,전동 킥보드,여성,30대,신혼기 초과(자녀없음),600만원 내외,사무직,경기
75107,20230701,전동 킥보드,여성,30대,자녀 독립기(막내가 결혼한 상태),600만원 내외,판매/서비스직,경북
75124,20230701,"오토바이(바이크, 스쿠터)",남성,40대,1인 가구,600만원 내외,자영업,울산
75131,20230701,전동 스쿠터,남성,20대,자녀 성인기(막내가 대학생～결혼 전),400만원 내외,기술/숙련직,서울
75187,20230701,전기 자전거,여성,30대,자녀 성장기(막내가 초등학생～고등학생),300만원 내외,전업주부,대구
75204,20230701,전기 자전거,남성,40대,자녀 성장기(막내가 초등학생～고등학생),400만원 내외,사무직,대구
75234,20230701,전기 자전거,여성,30대,자녀 성인기(막내가 대학생～결혼 전),모름,사무직,충남
75289,20230701,"오토바이(바이크, 스쿠터)",남성,40대,자녀 성장기(막내가 초등학생～고등학생),300만원 내외,일반 공무원/준공무원,전북
75294,20230701,전기 자전거,남성,60대 이상,자녀 성인기(막내가 대학생～결혼 전),"1,000만원 내외",판매/서비스직,서울
75313,20230701,"오토바이(바이크, 스쿠터)",남성,40대,자녀 성장기(막내가 초등학생～고등학생),800만원 내외,기술/숙련직,경기
75332,20230701,전동 킥보드,남성,40대,자녀 성장기(막내가 초등학생～고등학생),500만원 내외,기술/숙련직,경기
75350,20230701,전기 자전거,남성,40대,1인 가구,700만원 내외,사무직,충북
75357,20230701,전동 킥보드,남성,30대,자녀 유아기(막내가 초등학교 입학 전),400만원 내외,사무직,경기
75403,20230701,전기 자전거,남성,50대,자녀 성장기(막내가 초등학생～고등학생),600만원 내외,기술/숙련직,경기
75412,20230701,전기 자전거,남성,30대,1인 가구,400만원 내외,사무직,서울
75448,20230701,전동 킥보드,남성,60대 이상,자녀 성인기(막내가 대학생～결혼 전),400만원 내외,사무직,경북
75481,20230701,전동 킥보드,남성,30대,1인 가구,300만원 내외,자영업,경기
75485,20230701,전동 킥보드,여성,30대,1인 가구,300만원 내외,사무직,경기
75500,20230701,전동 스케이트보드,남성,30대,자녀 성장기(막내가 초등학생～고등학생),600만원 내외,일반 공무원/준공무원,충남
75527,20230701,"오토바이(바이크, 스쿠터)",남성,40대,신혼기 초과(자녀없음),800만원 내외,사무직,경기
75541,20230701,"오토바이(바이크, 스쿠터)",여성,40대,자녀 성인기(막내가 대학생～결혼 전),600만원 내외,경영/관리직,경남
75565,20230701,"오토바이(바이크, 스쿠터)",남성,40대,1인 가구,300만원 내외,기술/숙련직,경기
75571,20230701,전기 자전거,남성,30대,자녀 성장기(막내가 초등학생～고등학생),500만원 내외,사무직,경기
75627,20230701,전동 킥보드,여성,50대,자녀 성인기(막내가 대학생～결혼 전),700만원 내외,전업주부,경기
75645,20230701,"오토바이(바이크, 스쿠터)",남성,30대,1인 가구,500만원 내외,사무직,부산
75671,20230701,전기 자전거,남성,40대,자녀 유아기(막내가 초등학교 입학 전),400만원 내외,기술/숙련직,서울
75710,20230701,전동 킥보드,남성,30대,자녀 유아기(막내가 초등학교 입학 전),400만원 내외,기술/숙련직,경기
75757,20230701,전동 킥보드,남성,40대,자녀 성장기(막내가 초등학생～고등학생),"1,000만원 내외",경영/관리직,경기
75763,20230701,"오토바이(바이크, 스쿠터)",남성,40대,자녀 성장기(막내가 초등학생～고등학생),800만원 내외,기술/숙련직,서울
75764,20230701,전동 킥보드,남성,30대,신혼기(자녀없음),300만원 내외,사무직,경기
75835,20230701,전기 자전거,남성,60대 이상,자녀 독립기(막내가 결혼한 상태),800만원 내외,자영업,충남
75866,20230701,전기 자전거,여성,30대,자녀 성장기(막내가 초등학생～고등학생),700만원 내외,자영업,경기
75871,20230701,전동 킥보드,남성,40대,자녀 성장기(막내가 초등학생～고등학생),500만원 내외,사무직,서울
75896,20230701,"오토바이(바이크, 스쿠터)",남성,20대,1인 가구,200만원 내외,무직/기타,경남
75901,20230701,"오토바이(바이크, 스쿠터)",여성,40대,자녀 성장기(막내가 초등학생～고등학생),500만원 내외,전문직,경기
75904,20230701,전동 킥보드,남성,50대,자녀 성장기(막내가 초등학생～고등학생),"1,000만원 내외",기술/숙련직,대전
75923,20230701,전기 자전거,여성,30대,자녀 유아기(막내가 초등학교 입학 전),600만원 내외,사무직,전북
75930,20230701,전기 자전거,남성,60대 이상,자녀 독립기(막내가 결혼한 상태),500만원 내외,자영업,경기
75932,20230701,"오토바이(바이크, 스쿠터)",남성,40대,자녀 성장기(막내가 초등학생～고등학생),900만원 내외,사무직,경기
75936,20230701,전기 자전거,남성,30대,자녀 유아기(막내가 초등학교 입학 전),700만원 내외,기술/숙련직,경기
75940,20230701,전동 킥보드,여성,40대,자녀 유아기(막내가 초등학교 입학 전),400만원 내외,전업주부,경기
75949,20230701,"오토바이(바이크, 스쿠터)",남성,30대,자녀 유아기(막내가 초등학교 입학 전),"1,000만원 내외",자영업,서울
75998,20230701,"오토바이(바이크, 스쿠터)",남성,50대,자녀 성인기(막내가 대학생～결혼 전),300만원 내외,무직/기타,전북
76024,20230701,"오토바이(바이크, 스쿠터)",여성,50대,자녀 성인기(막내가 대학생～결혼 전),300만원 내외,전업주부,경북
76032,20230701,"오토바이(바이크, 스쿠터)",남성,40대,자녀 성장기(막내가 초등학생～고등학생),500만원 내외,판매/서비스직,서울
76034,20230701,전동 휠,남성,50대,자녀 성장기(막내가 초등학생～고등학생),700만원 내외,기술/숙련직,경기
76052,20230701,"오토바이(바이크, 스쿠터)",남성,40대,자녀 성장기(막내가 초등학생～고등학생),700만원 내외,기술/숙련직,서울
76062,20230701,전동 킥보드,남성,40대,자녀 유아기(막내가 초등학교 입학 전),"1,000만원 내외",자영업,인천
76076,20230701,"오토바이(바이크, 스쿠터)",남성,50대,자녀 성인기(막내가 대학생～결혼 전),300만원 내외,자영업,서울
76099,20230701,"오토바이(바이크, 스쿠터)",여성,40대,자녀 독립기(막내가 결혼한 상태),800만원 내외,사무직,서울
76172,20230701,전동 킥보드,남성,30대,자녀 유아기(막내가 초등학교 입학 전),500만원 내외,사무직,경기
76231,20230701,"오토바이(바이크, 스쿠터)",여성,30대,자녀 유아기(막내가 초등학교 입학 전),400만원 내외,전업주부,경기
76234,20230701,전동 스케이트보드,남성,60대 이상,자녀 성인기(막내가 대학생～결혼 전),"2,100만원 이상",전문직,광주
76252,20230701,"오토바이(바이크, 스쿠터)",남성,30대,1인 가구,300만원 내외,무직/기타,부산
76293,20230701,전기 자전거,여성,60대 이상,자녀 독립기(막내가 결혼한 상태),400만원 내외,자영업,서울
76297,20230701,전기 자전거,남성,40대,자녀 성장기(막내가 초등학생～고등학생),800만원 내외,경영/관리직,경북
76313,20230701,"오토바이(바이크, 스쿠터)",남성,30대,자녀 성장기(막내가 초등학생～고등학생),300만원 내외,기술/숙련직,울산
76324,20230701,전동 킥보드,여성,40대,자녀 성장기(막내가 초등학생～고등학생),800만원 내외,기술/숙련직,충남
76334,20230701,전동 킥보드,여성,30대,자녀 성인기(막내가 대학생～결혼 전),"1,000만원 내외",판매/서비스직,인천
76335,20230701,전동 스쿠터,남성,30대,자녀 성장기(막내가 초등학생～고등학생),500만원 내외,기술/숙련직,인천
76384,20230701,"오토바이(바이크, 스쿠터)",남성,30대,자녀 성장기(막내가 초등학생～고등학생),500만원 내외,기술/숙련직,인천
76387,20230701,"오토바이(바이크, 스쿠터)",남성,20대,자녀 성인기(막내가 대학생～결혼 전),"1,000만원 내외",기술/숙련직,경기
76414,20230701,전동 킥보드,여성,50대,자녀 성인기(막내가 대학생～결혼 전),"1,100~1,500만원 내외",전문직,서울
76417,20230701,"오토바이(바이크, 스쿠터)",여성,40대,신혼기(자녀없음),300만원 내외,기술/숙련직,경기
76418,20230701,"오토바이(바이크, 스쿠터)",남성,50대,신혼기(자녀없음),100만원 이하,자영업,경기
76446,20230701,"오토바이(바이크, 스쿠터)",남성,60대 이상,자녀 성인기(막내가 대학생～결혼 전),"1,000만원 내외",판매/서비스직,전남
76453,20230701,전기 자전거,남성,60대 이상,자녀 성인기(막내가 대학생～결혼 전),400만원 내외,무직/기타,서울
76482,20230701,"오토바이(바이크, 스쿠터)",남성,20대,자녀 성인기(막내가 대학생～결혼 전),"2,100만원 이상",전문직,서울
76512,20230701,전동 킥보드,남성,30대,자녀 독립기(막내가 결혼한 상태),"2,100만원 이상",기술/숙련직,경기
76514,20230701,전기 자전거,남성,40대,1인 가구,500만원 내외,기술/숙련직,서울
76517,20230701,"오토바이(바이크, 스쿠터)",남성,60대 이상,자녀 독립기(막내가 결혼한 상태),500만원 내외,기술/숙련직,전북
76536,20230701,"오토바이(바이크, 스쿠터)",남성,30대,자녀 성장기(막내가 초등학생～고등학생),500만원 내외,기술/숙련직,경기
76538,20230701,전동 킥보드,남성,50대,자녀 성인기(막내가 대학생～결혼 전),300만원 내외,기술/숙련직,경기
76580,20230701,전동 킥보드,남성,50대,자녀 성장기(막내가 초등학생～고등학생),800만원 내외,경영/관리직,서울
76593,20230701,전동 스쿠터,남성,30대,신혼기 초과(자녀없음),300만원 내외,사무직,서울
76616,20230701,"오토바이(바이크, 스쿠터)",여성,40대,자녀 유아기(막내가 초등학교 입학 전),400만원 내외,사무직,경남
76627,20230701,전동 휠,남성,40대,자녀 성장기(막내가 초등학생～고등학생),"1,000만원 내외",자영업,인천
76657,20230701,전기 자전거,남성,60대 이상,자녀 성인기(막내가 대학생～결혼 전),"1,100~1,500만원 내외",무직/기타,충북
76665,20230701,전기 자전거,남성,50대,자녀 성장기(막내가 초등학생～고등학생),700만원 내외,경영/관리직,전북
76668,20230701,전기 자전거,남성,40대,자녀 유아기(막내가 초등학교 입학 전),300만원 내외,기술/숙련직,전북
76675,20230701,"오토바이(바이크, 스쿠터)",남성,40대,자녀 유아기(막내가 초등학교 입학 전),500만원 내외,판매/서비스직,서울
76686,20230701,"오토바이(바이크, 스쿠터)",남성,30대,1인 가구,500만원 내외,무직/기타,부산
76691,20230701,전기 자전거,여성,30대,신혼기 초과(자녀없음),"1,100~1,500만원 내외",자영업,경기
76722,20230701,전동 킥보드,남성,40대,자녀 성장기(막내가 초등학생～고등학생),300만원 내외,기술/숙련직,충북
76736,20230701,전기 자전거,남성,50대,1인 가구,900만원 내외,일반 공무원/준공무원,충남
76747,20230701,전기 자전거,남성,50대,1인 가구,500만원 내외,판매/서비스직,인천
76796,20230701,전동 킥보드,여성,50대,자녀 성인기(막내가 대학생～결혼 전),800만원 내외,전업주부,서울
76806,20230701,전기 자전거,남성,60대 이상,자녀 성인기(막내가 대학생～결혼 전),700만원 내외,자영업,서울
76836,20230701,"오토바이(바이크, 스쿠터)",남성,20대,자녀 성인기(막내가 대학생～결혼 전),600만원 내외,기술/숙련직,충남
76850,20230701,전기 자전거,남성,50대,자녀 성인기(막내가 대학생～결혼 전),"1,100~1,500만원 내외",자영업,경기
76863,20230701,"오토바이(바이크, 스쿠터)",남성,20대,1인 가구,400만원 내외,일반 공무원/준공무원,광주
76872,20230701,전기 자전거,남성,40대,1인 가구,300만원 내외,자영업,경기
76907,20230701,전기 자전거,남성,20대,1인 가구,"1,000만원 내외",기술/숙련직,경남
76929,20230701,전기 자전거,여성,40대,자녀 성장기(막내가 초등학생～고등학생),400만원 내외,자영업,광주
76955,20230701,"오토바이(바이크, 스쿠터)",남성,40대,자녀 독립기(막내가 결혼한 상태),"1,000만원 내외",기술/숙련직,서울
76970,20230701,전동 킥보드,남성,40대,자녀 성장기(막내가 초등학생～고등학생),400만원 내외,기술/숙련직,경기
76975,20230701,"오토바이(바이크, 스쿠터)",남성,50대,신혼기 초과(자녀없음),500만원 내외,기술/숙련직,인천
77010,20230701,"오토바이(바이크, 스쿠터)",여성,50대,자녀 성인기(막내가 대학생～결혼 전),"1,000만원 내외",자영업,서울
77040,20230701,전기 자전거,남성,40대,1인 가구,400만원 내외,전문직,경기
77059,20230701,전동 킥보드,여성,20대,1인 가구,모름,판매/서비스직,대전
77068,20230701,전동 스케이트보드,남성,30대,1인 가구,500만원 내외,일반 공무원/준공무원,부산
77079,20230701,전기 자전거,여성,40대,자녀 성장기(막내가 초등학생～고등학생),700만원 내외,판매/서비스직,서울
77121,20230701,전기 자전거,남성,40대,자녀 독립기(막내가 결혼한 상태),400만원 내외,기술/숙련직,대전
77144,20230701,전동 킥보드,남성,50대,자녀 성인기(막내가 대학생～결혼 전),700만원 내외,일반 공무원/준공무원,인천
77146,20230701,전동 킥보드,남성,40대,자녀 성장기(막내가 초등학생～고등학생),400만원 내외,판매/서비스직,인천
77157,20230701,"오토바이(바이크, 스쿠터)",남성,30대,자녀 성장기(막내가 초등학생～고등학생),300만원 내외,기술/숙련직,울산
77172,20230701,"오토바이(바이크, 스쿠터)",여성,50대,자녀 유아기(막내가 초등학교 입학 전),"1,000만원 내외",자영업,인천
77179,20230701,전기 자전거,남성,50대,1인 가구,400만원 내외,자영업,경북
77190,20230701,"오토바이(바이크, 스쿠터)",여성,40대,자녀 성장기(막내가 초등학생～고등학생),300만원 내외,학생,경북
77191,20230701,전기 자전거,남성,30대,자녀 유아기(막내가 초등학교 입학 전),600만원 내외,사무직,경기
77196,20230701,전기 자전거,남성,60대 이상,자녀 독립기(막내가 결혼한 상태),300만원 내외,사무직,대전
77209,20230701,전동 킥보드,남성,40대,신혼기 초과(자녀없음),600만원 내외,경영/관리직,서울
77228,20230701,"오토바이(바이크, 스쿠터)",여성,50대,자녀 성인기(막내가 대학생～결혼 전),500만원 내외,자영업,부산
77230,20230701,전기 자전거,남성,60대 이상,자녀 독립기(막내가 결혼한 상태),600만원 내외,무직/기타,경남
77241,20230701,전동 킥보드,여성,40대,자녀 성장기(막내가 초등학생～고등학생),700만원 내외,전업주부,서울
77243,20230701,전동 킥보드,남성,40대,자녀 성장기(막내가 초등학생～고등학생),500만원 내외,사무직,경기
77253,20230701,"오토바이(바이크, 스쿠터)",남성,30대,1인 가구,500만원 내외,자영업,경기
77264,20230701,전기 자전거,여성,60대 이상,자녀 독립기(막내가 결혼한 상태),"1,100~1,500만원 내외",기술/숙련직,서울
77286,20230701,전동 휠,여성,40대,자녀 성장기(막내가 초등학생～고등학생),"1,000만원 내외",경영/관리직,서울
77353,20230701,"오토바이(바이크, 스쿠터)",여성,30대,1인 가구,500만원 내외,사무직,서울
77354,20230701,전기 자전거,남성,50대,자녀 성인기(막내가 대학생～결혼 전),"1,100~1,500만원 내외",기술/숙련직,서울
77378,20230701,전동 킥보드,남성,40대,자녀 성장기(막내가 초등학생～고등학생),400만원 내외,일반 공무원/준공무원,대구
77379,20230701,전기 자전거,여성,50대,자녀 성인기(막내가 대학생～결혼 전),800만원 내외,사무직,경기
77389,20230701,전동 킥보드,남성,30대,신혼기(자녀없음),400만원 내외,학생,경기
77396,20230701,전기 자전거,남성,30대,1인 가구,200만원 내외,전업주부,강원
77407,20230701,전기 자전거,남성,30대,자녀 유아기(막내가 초등학교 입학 전),600만원 내외,무직/기타,인천
77409,20230701,"오토바이(바이크, 스쿠터)",남성,20대,1인 가구,모름,판매/서비스직,부산
77411,20230701,전동 킥보드,남성,60대 이상,자녀 성장기(막내가 초등학생～고등학생),500만원 내외,사무직,서울
77412,20230701,전동 킥보드,남성,40대,자녀 성장기(막내가 초등학생～고등학생),400만원 내외,사무직,서울
77429,20230701,"오토바이(바이크, 스쿠터)",남성,30대,자녀 성장기(막내가 초등학생～고등학생),600만원 내외,기술/숙련직,대구
77430,20230701,"오토바이(바이크, 스쿠터)",남성,30대,신혼기(자녀없음),500만원 내외,기술/숙련직,부산
77513,20230701,"오토바이(바이크, 스쿠터)",남성,40대,1인 가구,600만원 내외,판매/서비스직,광주
77514,20230701,전동 킥보드,남성,50대,자녀 성인기(막내가 대학생～결혼 전),500만원 내외,자영업,경기
77523,20230701,"오토바이(바이크, 스쿠터)",남성,50대,자녀 성장기(막내가 초등학생～고등학생),"1,100~1,500만원 내외",경영/관리직,강원
77524,20230701,전기 자전거,남성,40대,신혼기(자녀없음),"1,000만원 내외",기술/숙련직,서울
77526,20230701,"오토바이(바이크, 스쿠터)",남성,20대,신혼기(자녀없음),500만원 내외,사무직,경기
77546,20230701,전동 킥보드,여성,40대,자녀 유아기(막내가 초등학교 입학 전),800만원 내외,일반 공무원/준공무원,서울
77554,20230701,전동 스쿠터,남성,30대,신혼기 초과(자녀없음),400만원 내외,사무직,부산
77568,20230701,전기 자전거,남성,50대,자녀 성인기(막내가 대학생～결혼 전),700만원 내외,사무직,전남
77601,20230701,"오토바이(바이크, 스쿠터)",남성,50대,자녀 독립기(막내가 결혼한 상태),"1,100~1,500만원 내외",자영업,경남
77611,20230701,전동 킥보드,남성,50대,1인 가구,300만원 내외,기술/숙련직,대구
77628,20230701,"오토바이(바이크, 스쿠터)",남성,30대,1인 가구,300만원 내외,무직/기타,경기
77636,20230701,"오토바이(바이크, 스쿠터)",남성,20대,1인 가구,100만원 이하,자영업,서울
77640,20230701,전동 킥보드,남성,50대,자녀 성장기(막내가 초등학생～고등학생),600만원 내외,무직/기타,제주
77641,20230701,"오토바이(바이크, 스쿠터)",남성,40대,자녀 성장기(막내가 초등학생～고등학생),700만원 내외,자영업,부산
77647,20230701,전기 자전거,남성,40대,1인 가구,400만원 내외,일반 공무원/준공무원,경북
77653,20230701,전동 킥보드,남성,50대,자녀 성장기(막내가 초등학생～고등학생),900만원 내외,기술/숙련직,경기
77663,20230701,"오토바이(바이크, 스쿠터)",남성,50대,1인 가구,800만원 내외,경영/관리직,서울
77674,20230701,전동 휠,남성,30대,자녀 유아기(막내가 초등학교 입학 전),500만원 내외,경영/관리직,경기
77696,20230701,전동 킥보드,남성,50대,자녀 성인기(막내가 대학생～결혼 전),700만원 내외,기술/숙련직,경남
77699,20230701,"오토바이(바이크, 스쿠터)",남성,50대,자녀 성인기(막내가 대학생～결혼 전),"1,100~1,500만원 내외",사무직,경기
77715,20230701,전기 자전거,남성,40대,1인 가구,모름,무직/기타,부산
77717,20230701,"오토바이(바이크, 스쿠터)",남성,40대,자녀 성인기(막내가 대학생～결혼 전),600만원 내외,판매/서비스직,경기
77750,20230701,"오토바이(바이크, 스쿠터)",남성,60대 이상,자녀 성인기(막내가 대학생～결혼 전),800만원 내외,자영업,서울
77751,20230701,전동 킥보드,남성,30대,1인 가구,500만원 내외,판매/서비스직,서울
77772,20230701,전동 킥보드,여성,50대,자녀 성인기(막내가 대학생～결혼 전),"1,000만원 내외",자영업,경기
77773,20230701,전기 자전거,남성,20대,자녀 성인기(막내가 대학생～결혼 전),500만원 내외,자영업,서울
77788,20230701,전동 킥보드,남성,40대,1인 가구,400만원 내외,경영/관리직,충남
77805,20230701,전동 스쿠터,여성,40대,자녀 성인기(막내가 대학생～결혼 전),200만원 내외,판매/서비스직,대전
77813,20230701,"오토바이(바이크, 스쿠터)",남성,40대,자녀 성장기(막내가 초등학생～고등학생),600만원 내외,기술/숙련직,대구
77837,20230701,전동 킥보드,남성,50대,자녀 성인기(막내가 대학생～결혼 전),"1,000만원 내외",자영업,서울
77841,20230701,전기 자전거,남성,60대 이상,신혼기(자녀없음),"1,000만원 내외",기술/숙련직,경기
77844,20230701,전기 자전거,남성,20대,1인 가구,400만원 내외,사무직,경기
77878,20230701,전동 스쿠터,여성,40대,자녀 유아기(막내가 초등학교 입학 전),600만원 내외,전업주부,강원
77891,20230701,전동 스쿠터,남성,40대,자녀 유아기(막내가 초등학교 입학 전),700만원 내외,일반 공무원/준공무원,경남
77898,20230701,"오토바이(바이크, 스쿠터)",남성,30대,1인 가구,500만원 내외,기술/숙련직,광주
77906,20230701,"오토바이(바이크, 스쿠터)",남성,40대,자녀 성장기(막내가 초등학생～고등학생),700만원 내외,기술/숙련직,강원
77954,20230701,전동 킥보드,남성,40대,자녀 성장기(막내가 초등학생～고등학생),400만원 내외,판매/서비스직,경남
77963,20230701,전동 킥보드,남성,30대,자녀 성인기(막내가 대학생～결혼 전),800만원 내외,사무직,광주
77978,20230701,전동 스쿠터,여성,50대,자녀 성인기(막내가 대학생～결혼 전),700만원 내외,사무직,경기
78019,20230701,"오토바이(바이크, 스쿠터)",남성,40대,자녀 성장기(막내가 초등학생～고등학생),900만원 내외,자영업,서울
78022,20230701,"오토바이(바이크, 스쿠터)",남성,30대,자녀 유아기(막내가 초등학교 입학 전),500만원 내외,사무직,서울
78023,20230701,"오토바이(바이크, 스쿠터)",남성,40대,자녀 독립기(막내가 결혼한 상태),300만원 내외,기술/숙련직,전남
78034,20230701,전동 휠,남성,60대 이상,자녀 독립기(막내가 결혼한 상태),모름,자영업,서울
78035,20230701,전동 킥보드,남성,30대,1인 가구,800만원 내외,자영업,서울
78042,20230701,"오토바이(바이크, 스쿠터)",남성,60대 이상,자녀 독립기(막내가 결혼한 상태),400만원 내외,기술/숙련직,경남
78044,20230701,전동 킥보드,남성,60대 이상,자녀 성인기(막내가 대학생～결혼 전),"1,000만원 내외",자영업,서울
78059,20230701,"오토바이(바이크, 스쿠터)",남성,50대,자녀 성인기(막내가 대학생～결혼 전),500만원 내외,무직/기타,대전
78064,20230701,전기 자전거,여성,30대,신혼기 초과(자녀없음),600만원 내외,무직/기타,경남
78073,20230701,전동 킥보드,남성,40대,신혼기 초과(자녀없음),"1,000만원 내외",사무직,경기
78078,20230701,전동 킥보드,남성,50대,자녀 성인기(막내가 대학생～결혼 전),"1,600~2,000만원 내외",기술/숙련직,경기
78086,20230701,전동 스케이트보드,남성,30대,자녀 유아기(막내가 초등학교 입학 전),700만원 내외,기술/숙련직,경기
78095,20230701,"오토바이(바이크, 스쿠터)",남성,50대,자녀 성인기(막내가 대학생～결혼 전),400만원 내외,일반 공무원/준공무원,경남
78117,20230701,전기 자전거,남성,40대,자녀 성장기(막내가 초등학생～고등학생),800만원 내외,기술/숙련직,경기
78139,20230701,"오토바이(바이크, 스쿠터)",여성,40대,자녀 성장기(막내가 초등학생～고등학생),500만원 내외,무직/기타,경기
78146,20230701,전기 자전거,남성,60대 이상,자녀 독립기(막내가 결혼한 상태),500만원 내외,자영업,서울
78156,20230701,전동 킥보드,남성,50대,자녀 유아기(막내가 초등학교 입학 전),500만원 내외,판매/서비스직,경기
78191,20230701,"오토바이(바이크, 스쿠터)",남성,50대,자녀 성인기(막내가 대학생～결혼 전),500만원 내외,사무직,충남
78196,20230701,전기 자전거,남성,40대,자녀 성장기(막내가 초등학생～고등학생),400만원 내외,일반 공무원/준공무원,경기
78216,20230701,"오토바이(바이크, 스쿠터)",남성,50대,1인 가구,500만원 내외,기술/숙련직,부산
78259,20230701,전동 스케이트보드,남성,50대,자녀 독립기(막내가 결혼한 상태),"1,000만원 내외",무직/기타,경기
78260,20230701,"오토바이(바이크, 스쿠터)",남성,30대,자녀 성인기(막내가 대학생～결혼 전),600만원 내외,전문직,서울
78268,20230701,전동 킥보드,남성,30대,신혼기(자녀없음),300만원 내외,사무직,서울
78278,20230701,전동 스쿠터,남성,40대,자녀 성장기(막내가 초등학생～고등학생),300만원 내외,판매/서비스직,광주
78280,20230701,"오토바이(바이크, 스쿠터)",남성,40대,1인 가구,300만원 내외,무직/기타,부산
78311,20230701,전동 킥보드,남성,40대,자녀 성장기(막내가 초등학생～고등학생),900만원 내외,자영업,대구
78323,20230701,"오토바이(바이크, 스쿠터)",여성,30대,자녀 유아기(막내가 초등학교 입학 전),600만원 내외,판매/서비스직,전북
78342,20230701,"오토바이(바이크, 스쿠터)",남성,50대,자녀 성장기(막내가 초등학생～고등학생),700만원 내외,자영업,서울
78369,20230701,전동 스쿠터,남성,50대,자녀 성인기(막내가 대학생～결혼 전),"1,000만원 내외",전문직,경기
78380,20230701,전동 킥보드,남성,20대,자녀 성장기(막내가 초등학생～고등학생),400만원 내외,무직/기타,대전
78414,20230701,전기 자전거,남성,30대,1인 가구,500만원 내외,사무직,경기
78418,20230701,전동 스케이트보드,남성,60대 이상,1인 가구,500만원 내외,무직/기타,충남
78464,20230701,전동 킥보드,남성,30대,자녀 성장기(막내가 초등학생～고등학생),"1,000만원 내외",기술/숙련직,경기
78502,20230701,전기 자전거,여성,20대,자녀 성인기(막내가 대학생～결혼 전),"1,100~1,500만원 내외",학생,서울
78507,20230701,전동 스쿠터,여성,30대,신혼기(자녀없음),800만원 내외,사무직,대전
78512,20230701,전기 자전거,남성,40대,자녀 성장기(막내가 초등학생～고등학생),300만원 내외,기술/숙련직,경북
78547,20230701,전동 킥보드,남성,40대,자녀 성장기(막내가 초등학생～고등학생),800만원 내외,사무직,경기
78559,20230701,전기 자전거,남성,40대,자녀 성장기(막내가 초등학생～고등학생),"1,600~2,000만원 내외",경영/관리직,경남
78564,20230701,전기 자전거,남성,40대,1인 가구,400만원 내외,무직/기타,경기
78621,20230701,전동 킥보드,여성,40대,자녀 성장기(막내가 초등학생～고등학생),600만원 내외,사무직,강원
78632,20230701,"오토바이(바이크, 스쿠터)",남성,20대,1인 가구,600만원 내외,기술/숙련직,서울
78647,20230701,"오토바이(바이크, 스쿠터)",여성,30대,자녀 유아기(막내가 초등학교 입학 전),600만원 내외,사무직,부산
78658,20230701,전동 킥보드,남성,50대,자녀 성인기(막내가 대학생～결혼 전),"1,000만원 내외",경영/관리직,서울
78661,20230701,전기 자전거,남성,20대,자녀 성인기(막내가 대학생～결혼 전),700만원 내외,일반 공무원/준공무원,경북
78681,20230701,전동 킥보드,남성,40대,자녀 성장기(막내가 초등학생～고등학생),"1,600~2,000만원 내외",사무직,경기
78691,20230701,"오토바이(바이크, 스쿠터)",남성,40대,자녀 유아기(막내가 초등학교 입학 전),"1,000만원 내외",일반 공무원/준공무원,대구
78718,20230701,전동 스쿠터,남성,50대,자녀 성인기(막내가 대학생～결혼 전),500만원 내외,자영업,인천
78723,20230701,전동 스케이트보드,남성,30대,1인 가구,300만원 내외,기술/숙련직,서울
78747,20230701,"오토바이(바이크, 스쿠터)",남성,50대,자녀 독립기(막내가 결혼한 상태),700만원 내외,무직/기타,경기
78749,20230701,전동 킥보드,여성,30대,신혼기(자녀없음),400만원 내외,사무직,인천
78750,20230701,전동 스쿠터,남성,60대 이상,자녀 유아기(막내가 초등학교 입학 전),400만원 내외,자영업,서울
78765,20230701,"오토바이(바이크, 스쿠터)",남성,50대,자녀 성인기(막내가 대학생～결혼 전),300만원 내외,자영업,인천
78766,20230701,"오토바이(바이크, 스쿠터)",남성,30대,신혼기(자녀없음),600만원 내외,기술/숙련직,인천
78786,20230701,"오토바이(바이크, 스쿠터)",남성,50대,자녀 성인기(막내가 대학생～결혼 전),700만원 내외,기술/숙련직,경남
78806,20230701,전동 킥보드,남성,40대,1인 가구,"1,000만원 내외",자영업,서울
78820,20230701,"오토바이(바이크, 스쿠터)",남성,40대,자녀 성장기(막내가 초등학생～고등학생),"2,100만원 이상",자영업,서울
78872,20230701,전기 자전거,남성,50대,신혼기 초과(자녀없음),400만원 내외,무직/기타,서울
78900,20230701,전동 킥보드,남성,60대 이상,자녀 독립기(막내가 결혼한 상태),"1,000만원 내외",기술/숙련직,서울
78916,20230701,"오토바이(바이크, 스쿠터)",남성,40대,자녀 유아기(막내가 초등학교 입학 전),300만원 내외,판매/서비스직,경기
78923,20230701,"오토바이(바이크, 스쿠터)",남성,40대,자녀 성장기(막내가 초등학생～고등학생),800만원 내외,사무직,경기
78926,20230701,전기 자전거,남성,40대,자녀 성장기(막내가 초등학생～고등학생),"1,000만원 내외",일반 공무원/준공무원,서울
78938,20230701,전기 자전거,남성,30대,자녀 성장기(막내가 초등학생～고등학생),"1,000만원 내외",사무직,서울
78940,20230701,"오토바이(바이크, 스쿠터)",남성,50대,자녀 성인기(막내가 대학생～결혼 전),"2,100만원 이상",자영업,강원
78994,20230701,전기 자전거,남성,40대,자녀 성장기(막내가 초등학생～고등학생),600만원 내외,경영/관리직,경기
78997,20230701,전기 자전거,남성,60대 이상,자녀 성인기(막내가 대학생～결혼 전),400만원 내외,기술/숙련직,전남
79021,20230701,전동 킥보드,여성,40대,자녀 성장기(막내가 초등학생～고등학생),"2,100만원 이상",자영업,서울
79023,20230701,"오토바이(바이크, 스쿠터)",남성,40대,신혼기(자녀없음),500만원 내외,판매/서비스직,충남
79045,20230701,전기 자전거,남성,50대,자녀 성인기(막내가 대학생～결혼 전),500만원 내외,기술/숙련직,울산
79046,20230701,전동 킥보드,남성,40대,1인 가구,400만원 내외,사무직,경기
79106,20230701,전기 자전거,여성,60대 이상,자녀 유아기(막내가 초등학교 입학 전),500만원 내외,전문직,전남
79109,20230701,전동 스쿠터,남성,60대 이상,자녀 성인기(막내가 대학생～결혼 전),200만원 내외,무직/기타,서울
79120,20230701,전기 자전거,남성,30대,신혼기(자녀없음),600만원 내외,사무직,경기
79163,20230701,"오토바이(바이크, 스쿠터)",남성,40대,자녀 성장기(막내가 초등학생～고등학생),800만원 내외,자영업,경기
79164,20230701,전기 자전거,남성,40대,자녀 유아기(막내가 초등학교 입학 전),700만원 내외,사무직,충북
79165,20230701,전동 킥보드,남성,40대,자녀 성장기(막내가 초등학생～고등학생),700만원 내외,사무직,경기
79173,20230701,"오토바이(바이크, 스쿠터)",남성,40대,신혼기 초과(자녀없음),400만원 내외,판매/서비스직,충북
79182,20230701,"오토바이(바이크, 스쿠터)",남성,50대,자녀 성인기(막내가 대학생～결혼 전),500만원 내외,자영업,서울
79219,20230701,전동 킥보드,남성,50대,1인 가구,600만원 내외,기술/숙련직,경기
79246,20230701,"오토바이(바이크, 스쿠터)",남성,60대 이상,자녀 독립기(막내가 결혼한 상태),"1,100~1,500만원 내외",자영업,경기
79253,20230701,"오토바이(바이크, 스쿠터)",남성,60대 이상,1인 가구,100만원 이하,무직/기타,충북
79283,20230701,전동 킥보드,남성,30대,자녀 성장기(막내가 초등학생～고등학생),400만원 내외,자영업,경기
79290,20230701,전동 킥보드,여성,50대,자녀 성장기(막내가 초등학생～고등학생),"1,100~1,500만원 내외",일반 공무원/준공무원,광주
79308,20230701,전동 킥보드,남성,50대,자녀 성장기(막내가 초등학생～고등학생),600만원 내외,기술/숙련직,경남
79310,20230701,"오토바이(바이크, 스쿠터)",남성,60대 이상,자녀 독립기(막내가 결혼한 상태),"1,100~1,500만원 내외",자영업,서울
79323,20230701,전동 킥보드,남성,40대,자녀 성장기(막내가 초등학생～고등학생),700만원 내외,경영/관리직,경기
79329,20230701,"오토바이(바이크, 스쿠터)",남성,30대,1인 가구,300만원 내외,기술/숙련직,경기
79337,20230701,"오토바이(바이크, 스쿠터)",남성,50대,자녀 독립기(막내가 결혼한 상태),500만원 내외,기술/숙련직,부산
79387,20230701,전동 킥보드,남성,30대,1인 가구,600만원 내외,무직/기타,충북
79392,20230701,전기 자전거,남성,40대,자녀 유아기(막내가 초등학교 입학 전),600만원 내외,사무직,경남
79395,20230701,전기 자전거,여성,40대,자녀 성장기(막내가 초등학생～고등학생),"1,100~1,500만원 내외",자영업,경기
79413,20230701,전동 킥보드,여성,30대,1인 가구,200만원 내외,사무직,대전
79426,20230701,전동 킥보드,남성,50대,자녀 성인기(막내가 대학생～결혼 전),900만원 내외,일반 공무원/준공무원,경기
79427,20230701,전동 킥보드,여성,30대,자녀 성장기(막내가 초등학생～고등학생),800만원 내외,사무직,경기
79455,20230701,전기 자전거,남성,60대 이상,자녀 독립기(막내가 결혼한 상태),800만원 내외,자영업,서울
79460,20230701,"오토바이(바이크, 스쿠터)",여성,30대,신혼기(자녀없음),400만원 내외,자영업,울산
79485,20230701,전기 자전거,남성,60대 이상,자녀 독립기(막내가 결혼한 상태),500만원 내외,판매/서비스직,서울
79495,20230701,전동 스쿠터,남성,60대 이상,1인 가구,400만원 내외,기술/숙련직,경북
79506,20230701,"오토바이(바이크, 스쿠터)",남성,30대,1인 가구,"1,000만원 내외",무직/기타,서울
79508,20230701,"오토바이(바이크, 스쿠터)",남성,30대,자녀 유아기(막내가 초등학교 입학 전),500만원 내외,판매/서비스직,경기
79547,20230701,"오토바이(바이크, 스쿠터)",여성,40대,자녀 성장기(막내가 초등학생～고등학생),800만원 내외,판매/서비스직,서울
79565,20230701,전기 자전거,남성,60대 이상,자녀 독립기(막내가 결혼한 상태),300만원 내외,무직/기타,경남
79589,20230701,전기 자전거,여성,50대,자녀 성장기(막내가 초등학생～고등학생),"1,000만원 내외",자영업,경기
79604,20230701,전기 자전거,남성,60대 이상,자녀 성인기(막내가 대학생～결혼 전),"1,000만원 내외",무직/기타,경기
79605,20230701,전동 킥보드,여성,40대,자녀 성인기(막내가 대학생～결혼 전),500만원 내외,사무직,전북
79660,20230701,전동 킥보드,여성,40대,자녀 성장기(막내가 초등학생～고등학생),600만원 내외,무직/기타,충북
79696,20230701,전동 휠,남성,50대,자녀 유아기(막내가 초등학교 입학 전),"2,100만원 이상",판매/서비스직,서울
79706,20230701,"오토바이(바이크, 스쿠터)",남성,50대,자녀 성인기(막내가 대학생～결혼 전),"1,000만원 내외",경영/관리직,서울
79730,20230701,"오토바이(바이크, 스쿠터)",남성,50대,자녀 성장기(막내가 초등학생～고등학생),600만원 내외,일반 공무원/준공무원,경기
79757,20230701,전기 자전거,여성,40대,자녀 독립기(막내가 결혼한 상태),"1,100~1,500만원 내외",사무직,경기
79770,20230701,"오토바이(바이크, 스쿠터)",여성,50대,자녀 성인기(막내가 대학생～결혼 전),"1,000만원 내외",자영업,서울
79795,20230701,"오토바이(바이크, 스쿠터)",남성,50대,자녀 성인기(막내가 대학생～결혼 전),900만원 내외,무직/기타,경기
79830,20230701,전기 자전거,남성,40대,자녀 독립기(막내가 결혼한 상태),300만원 내외,자영업,경기
79848,20230701,"오토바이(바이크, 스쿠터)",남성,40대,자녀 성장기(막내가 초등학생～고등학생),"1,100~1,500만원 내외",자영업,서울
79853,20230701,전동 킥보드,남성,40대,자녀 성장기(막내가 초등학생～고등학생),500만원 내외,기술/숙련직,울산
79859,20230701,"오토바이(바이크, 스쿠터)",남성,40대,자녀 성장기(막내가 초등학생～고등학생),"1,000만원 내외",경영/관리직,서울
79867,20230701,전기 자전거,남성,40대,신혼기(자녀없음),600만원 내외,사무직,서울
79872,20230701,"오토바이(바이크, 스쿠터)",남성,40대,자녀 성장기(막내가 초등학생～고등학생),"1,000만원 내외",자영업,경기
79877,20230701,전동 킥보드,남성,40대,자녀 성인기(막내가 대학생～결혼 전),"2,100만원 이상",사무직,서울
79885,20230701,"오토바이(바이크, 스쿠터)",남성,50대,자녀 성장기(막내가 초등학생～고등학생),600만원 내외,사무직,경남
79888,20230701,전기 자전거,남성,50대,자녀 성장기(막내가 초등학생～고등학생),"1,100~1,500만원 내외",자영업,경기
79901,20230701,전동 스케이트보드,남성,50대,자녀 성장기(막내가 초등학생～고등학생),300만원 내외,자영업,경기
79916,20230701,전동 휠,남성,50대,1인 가구,400만원 내외,전문직,인천
79939,20230701,"오토바이(바이크, 스쿠터)",남성,30대,자녀 유아기(막내가 초등학교 입학 전),300만원 내외,기술/숙련직,경남
79955,20230701,전동 킥보드,남성,40대,자녀 성장기(막내가 초등학생～고등학생),300만원 내외,기술/숙련직,서울
79964,20230701,전기 자전거,남성,60대 이상,자녀 성인기(막내가 대학생～결혼 전),800만원 내외,무직/기타,경기
79999,20230701,전동 킥보드,남성,40대,자녀 성장기(막내가 초등학생～고등학생),300만원 내외,기술/숙련직,경기
80007,20230701,"오토바이(바이크, 스쿠터)",남성,30대,1인 가구,400만원 내외,기술/숙련직,경기
80011,20230701,"오토바이(바이크, 스쿠터)",남성,40대,자녀 성장기(막내가 초등학생～고등학생),600만원 내외,기술/숙련직,울산
80019,20230701,"오토바이(바이크, 스쿠터)",남성,50대,1인 가구,400만원 내외,기술/숙련직,경기
80056,20230701,"오토바이(바이크, 스쿠터)",남성,40대,자녀 성인기(막내가 대학생～결혼 전),300만원 내외,무직/기타,경기
80069,20230701,전동 킥보드,남성,50대,자녀 성장기(막내가 초등학생～고등학생),700만원 내외,일반 공무원/준공무원,경기
80076,20230701,"오토바이(바이크, 스쿠터)",남성,60대 이상,자녀 독립기(막내가 결혼한 상태),"1,600~2,000만원 내외",자영업,서울
80107,20230701,전기 자전거,남성,60대 이상,자녀 독립기(막내가 결혼한 상태),300만원 내외,무직/기타,경북
80109,20230701,"오토바이(바이크, 스쿠터)",남성,60대 이상,1인 가구,700만원 내외,자영업,광주
80143,20230701,전동 킥보드,남성,50대,자녀 성장기(막내가 초등학생～고등학생),"1,100~1,500만원 내외",기술/숙련직,서울
80150,20230701,전동 킥보드,남성,50대,자녀 성인기(막내가 대학생～결혼 전),500만원 내외,기술/숙련직,경기
80153,20230701,전동 킥보드,남성,40대,자녀 성장기(막내가 초등학생～고등학생),800만원 내외,일반 공무원/준공무원,경기
80157,20230701,전기 자전거,남성,60대 이상,자녀 독립기(막내가 결혼한 상태),500만원 내외,무직/기타,전북
80165,20230701,"오토바이(바이크, 스쿠터)",남성,60대 이상,1인 가구,100만원 이하,자영업,경기
80179,20230701,전기 자전거,남성,50대,신혼기 초과(자녀없음),600만원 내외,자영업,서울
80185,20230701,전기 자전거,남성,50대,자녀 성인기(막내가 대학생～결혼 전),300만원 내외,기술/숙련직,충북
80193,20230701,전동 스쿠터,남성,40대,자녀 성장기(막내가 초등학생～고등학생),"1,600~2,000만원 내외",사무직,서울
80229,20230701,"오토바이(바이크, 스쿠터)",남성,40대,1인 가구,900만원 내외,자영업,서울
80234,20230701,전기 자전거,여성,40대,자녀 성인기(막내가 대학생～결혼 전),"1,000만원 내외",무직/기타,인천
80239,20230701,전기 자전거,남성,40대,자녀 유아기(막내가 초등학교 입학 전),600만원 내외,사무직,인천
80246,20230701,전동 킥보드,남성,60대 이상,자녀 독립기(막내가 결혼한 상태),500만원 내외,무직/기타,경기
80266,20230701,전기 자전거,남성,40대,자녀 성장기(막내가 초등학생～고등학생),"1,000만원 내외",경영/관리직,서울
80287,20230701,전기 자전거,남성,40대,자녀 성장기(막내가 초등학생～고등학생),300만원 내외,사무직,경남
80294,20230701,"오토바이(바이크, 스쿠터)",남성,40대,자녀 성장기(막내가 초등학생～고등학생),900만원 내외,무직/기타,부산
80323,20230701,"오토바이(바이크, 스쿠터)",남성,50대,자녀 성인기(막내가 대학생～결혼 전),300만원 내외,기술/숙련직,경남
80327,20230701,전동 스쿠터,남성,60대 이상,자녀 독립기(막내가 결혼한 상태),"1,000만원 내외",자영업,경기
80354,20230701,전동 킥보드,남성,50대,1인 가구,500만원 내외,일반 공무원/준공무원,충남
80357,20230701,전동 휠,남성,40대,자녀 성장기(막내가 초등학생～고등학생),600만원 내외,자영업,경기
80447,20230701,"오토바이(바이크, 스쿠터)",남성,40대,자녀 성장기(막내가 초등학생～고등학생),600만원 내외,기술/숙련직,인천
80468,20230701,"오토바이(바이크, 스쿠터)",여성,50대,신혼기 초과(자녀없음),400만원 내외,기술/숙련직,경남
80495,20230701,"오토바이(바이크, 스쿠터)",남성,30대,1인 가구,400만원 내외,기술/숙련직,제주
80497,20230701,"오토바이(바이크, 스쿠터)",남성,40대,1인 가구,300만원 내외,기술/숙련직,울산
80503,20230701,전동 킥보드,남성,50대,1인 가구,400만원 내외,기술/숙련직,충북
80515,20230701,"오토바이(바이크, 스쿠터)",남성,60대 이상,자녀 독립기(막내가 결혼한 상태),200만원 내외,무직/기타,경기
80518,20230701,"오토바이(바이크, 스쿠터)",남성,50대,1인 가구,"2,100만원 이상",무직/기타,충북
80532,20230701,"오토바이(바이크, 스쿠터)",남성,60대 이상,자녀 성인기(막내가 대학생～결혼 전),"1,000만원 내외",무직/기타,충북
80534,20230701,전동 킥보드,남성,40대,자녀 성인기(막내가 대학생～결혼 전),"1,100~1,500만원 내외",자영업,서울
80537,20230701,전기 자전거,남성,40대,자녀 성장기(막내가 초등학생～고등학생),400만원 내외,자영업,세종
80540,20230701,전동 킥보드,남성,40대,자녀 성장기(막내가 초등학생～고등학생),800만원 내외,기술/숙련직,경남
80552,20230701,전동 휠,남성,40대,자녀 성장기(막내가 초등학생～고등학생),400만원 내외,사무직,경기
80557,20230701,"오토바이(바이크, 스쿠터)",남성,50대,자녀 성장기(막내가 초등학생～고등학생),"1,600~2,000만원 내외",기술/숙련직,서울
80562,20230701,"오토바이(바이크, 스쿠터)",남성,40대,1인 가구,300만원 내외,기술/숙련직,경남
80580,20230701,"오토바이(바이크, 스쿠터)",여성,40대,자녀 성장기(막내가 초등학생～고등학생),500만원 내외,자영업,서울
80589,20230701,"오토바이(바이크, 스쿠터)",남성,40대,자녀 성인기(막내가 대학생～결혼 전),400만원 내외,자영업,서울
80603,20230701,전기 자전거,남성,60대 이상,자녀 성인기(막내가 대학생～결혼 전),400만원 내외,무직/기타,울산
80627,20230701,전기 자전거,여성,30대,자녀 유아기(막내가 초등학교 입학 전),700만원 내외,사무직,경기
80628,20230701,"오토바이(바이크, 스쿠터)",남성,60대 이상,자녀 성인기(막내가 대학생～결혼 전),600만원 내외,기술/숙련직,서울
80645,20230701,"오토바이(바이크, 스쿠터)",남성,60대 이상,자녀 성인기(막내가 대학생～결혼 전),100만원 이하,무직/기타,전남
80652,20230701,"오토바이(바이크, 스쿠터)",남성,40대,자녀 유아기(막내가 초등학교 입학 전),900만원 내외,자영업,전북
80655,20230701,"오토바이(바이크, 스쿠터)",남성,60대 이상,자녀 독립기(막내가 결혼한 상태),"1,100~1,500만원 내외",자영업,경기
80673,20230701,"오토바이(바이크, 스쿠터)",남성,30대,1인 가구,600만원 내외,기술/숙련직,서울
80679,20230701,"오토바이(바이크, 스쿠터)",여성,40대,자녀 유아기(막내가 초등학교 입학 전),400만원 내외,전업주부,울산
80737,20230701,"오토바이(바이크, 스쿠터)",남성,20대,1인 가구,300만원 내외,기술/숙련직,충남
80739,20230701,"오토바이(바이크, 스쿠터)",남성,60대 이상,자녀 성인기(막내가 대학생～결혼 전),400만원 내외,무직/기타,경기
80740,20230701,전기 자전거,여성,40대,1인 가구,300만원 내외,일반 공무원/준공무원,충북
80759,20230701,"오토바이(바이크, 스쿠터)",남성,20대,신혼기(자녀없음),800만원 내외,일반 공무원/준공무원,부산
80785,20230701,전기 자전거,여성,50대,자녀 성인기(막내가 대학생～결혼 전),"1,100~1,500만원 내외",전업주부,충남
80789,20230701,전기 자전거,남성,60대 이상,자녀 독립기(막내가 결혼한 상태),800만원 내외,자영업,제주
80790,20230701,전동 킥보드,남성,60대 이상,자녀 독립기(막내가 결혼한 상태),800만원 내외,사무직,광주
80801,20230701,전동 킥보드,남성,60대 이상,자녀 독립기(막내가 결혼한 상태),700만원 내외,자영업,서울
80811,20230701,"오토바이(바이크, 스쿠터)",남성,40대,자녀 유아기(막내가 초등학교 입학 전),500만원 내외,자영업,경기
80822,20230701,전기 자전거,남성,40대,자녀 유아기(막내가 초등학교 입학 전),모름,사무직,경기
80833,20230701,전동 킥보드,남성,40대,자녀 성장기(막내가 초등학생～고등학생),800만원 내외,기술/숙련직,대전
80837,20230701,"오토바이(바이크, 스쿠터)",남성,40대,신혼기(자녀없음),600만원 내외,일반 공무원/준공무원,경기
80848,20230701,전동 스쿠터,남성,40대,자녀 성장기(막내가 초등학생～고등학생),800만원 내외,사무직,경남
80850,20230701,전기 자전거,남성,50대,자녀 성장기(막내가 초등학생～고등학생),700만원 내외,일반 공무원/준공무원,경남
80894,20230701,전동 킥보드,남성,50대,자녀 성인기(막내가 대학생～결혼 전),"1,600~2,000만원 내외",경영/관리직,서울
80923,20230701,"오토바이(바이크, 스쿠터)",남성,50대,자녀 독립기(막내가 결혼한 상태),300만원 내외,판매/서비스직,경기
80930,20230701,전동 킥보드,남성,40대,1인 가구,300만원 내외,무직/기타,인천
80984,20230701,전동 킥보드,여성,40대,자녀 성장기(막내가 초등학생～고등학생),"1,600~2,000만원 내외",학생,인천
80990,20230701,전기 자전거,남성,20대,1인 가구,500만원 내외,판매/서비스직,경기
81012,20230701,전동 킥보드,남성,60대 이상,자녀 독립기(막내가 결혼한 상태),300만원 내외,무직/기타,대전
81016,20230701,"오토바이(바이크, 스쿠터)",남성,40대,1인 가구,400만원 내외,사무직,경기
81065,20230701,전기 자전거,여성,50대,자녀 성인기(막내가 대학생～결혼 전),"1,000만원 내외",전문직,충남
81071,20230701,전기 자전거,남성,50대,자녀 성인기(막내가 대학생～결혼 전),700만원 내외,기술/숙련직,경기
81104,20230701,전동 킥보드,남성,40대,자녀 성장기(막내가 초등학생～고등학생),700만원 내외,일반 공무원/준공무원,세종
81130,20230701,전기 자전거,남성,60대 이상,자녀 성인기(막내가 대학생～결혼 전),400만원 내외,판매/서비스직,경기
81143,20230701,"오토바이(바이크, 스쿠터)",남성,60대 이상,자녀 성인기(막내가 대학생～결혼 전),모름,자영업,울산
81154,20230701,전동 킥보드,남성,50대,자녀 성인기(막내가 대학생～결혼 전),500만원 내외,기술/숙련직,인천
81162,20230701,"오토바이(바이크, 스쿠터)",남성,50대,자녀 독립기(막내가 결혼한 상태),"1,000만원 내외",기술/숙련직,경기
81163,20230701,전기 자전거,남성,60대 이상,자녀 성인기(막내가 대학생～결혼 전),300만원 내외,자영업,서울
81169,20230701,전기 자전거,남성,30대,자녀 유아기(막내가 초등학교 입학 전),400만원 내외,사무직,경기
81184,20230701,전동 킥보드,여성,40대,자녀 성장기(막내가 초등학생～고등학생),400만원 내외,전업주부,울산
81187,20230701,전동 킥보드,남성,30대,자녀 성장기(막내가 초등학생～고등학생),800만원 내외,사무직,대전
81198,20230701,전동 킥보드,남성,40대,자녀 성장기(막내가 초등학생～고등학생),700만원 내외,자영업,서울
81203,20230701,"오토바이(바이크, 스쿠터)",남성,40대,자녀 성장기(막내가 초등학생～고등학생),600만원 내외,사무직,경기
81224,20230701,"오토바이(바이크, 스쿠터)",남성,50대,1인 가구,700만원 내외,기술/숙련직,경기
81237,20230701,"오토바이(바이크, 스쿠터)",남성,50대,자녀 독립기(막내가 결혼한 상태),700만원 내외,자영업,강원
81256,20230701,"오토바이(바이크, 스쿠터)",남성,50대,1인 가구,500만원 내외,자영업,서울
81261,20230701,전동 킥보드,남성,40대,자녀 성장기(막내가 초등학생～고등학생),500만원 내외,자영업,경기
81274,20230701,전기 자전거,남성,40대,자녀 성장기(막내가 초등학생～고등학생),400만원 내외,기술/숙련직,경기
81284,20230701,"오토바이(바이크, 스쿠터)",남성,50대,자녀 성인기(막내가 대학생～결혼 전),700만원 내외,사무직,경기
81294,20230701,전기 자전거,남성,50대,자녀 성인기(막내가 대학생～결혼 전),600만원 내외,사무직,대전
81304,20230701,"오토바이(바이크, 스쿠터)",남성,60대 이상,자녀 성인기(막내가 대학생～결혼 전),500만원 내외,자영업,울산
81307,20230701,전동 킥보드,남성,50대,자녀 성인기(막내가 대학생～결혼 전),"1,100~1,500만원 내외",기술/숙련직,서울
81318,20230701,전동 킥보드,남성,40대,자녀 성장기(막내가 초등학생～고등학생),"1,000만원 내외",일반 공무원/준공무원,전북
81334,20230701,전기 자전거,남성,50대,자녀 성인기(막내가 대학생～결혼 전),"1,100~1,500만원 내외",경영/관리직,대구
81340,20230701,전동 스케이트보드,남성,40대,자녀 성장기(막내가 초등학생～고등학생),600만원 내외,전문직,대구
81363,20230701,전기 자전거,남성,40대,자녀 유아기(막내가 초등학교 입학 전),500만원 내외,일반 공무원/준공무원,경기
81380,20230701,"오토바이(바이크, 스쿠터)",남성,50대,자녀 성인기(막내가 대학생～결혼 전),"2,100만원 이상",자영업,서울
81384,20230701,전동 킥보드,남성,40대,자녀 성장기(막내가 초등학생～고등학생),"2,100만원 이상",자영업,부산
81426,20230701,전기 자전거,남성,40대,자녀 성장기(막내가 초등학생～고등학생),500만원 내외,사무직,광주
81449,20230701,"오토바이(바이크, 스쿠터)",남성,20대,자녀 성인기(막내가 대학생～결혼 전),300만원 내외,사무직,서울
81452,20230701,전동 스케이트보드,남성,30대,자녀 성인기(막내가 대학생～결혼 전),400만원 내외,자영업,인천
81467,20230701,"오토바이(바이크, 스쿠터)",남성,60대 이상,자녀 성인기(막내가 대학생～결혼 전),"1,000만원 내외",경영/관리직,서울
81469,20230701,전동 스쿠터,남성,40대,자녀 성인기(막내가 대학생～결혼 전),700만원 내외,자영업,경기
81470,20230701,전동 킥보드,남성,60대 이상,자녀 성인기(막내가 대학생～결혼 전),800만원 내외,무직/기타,세종
81496,20230701,"오토바이(바이크, 스쿠터)",남성,50대,자녀 성장기(막내가 초등학생～고등학생),700만원 내외,기술/숙련직,서울
81531,20230701,전동 킥보드,여성,40대,자녀 성장기(막내가 초등학생～고등학생),600만원 내외,전업주부,서울
81557,20230701,전동 킥보드,여성,40대,자녀 성장기(막내가 초등학생～고등학생),600만원 내외,전업주부,서울
81575,20230701,"오토바이(바이크, 스쿠터)",남성,40대,1인 가구,100만원 이하,자영업,광주
81585,20230701,"오토바이(바이크, 스쿠터)",남성,30대,자녀 성인기(막내가 대학생～결혼 전),800만원 내외,자영업,서울
81587,20230701,"오토바이(바이크, 스쿠터)",남성,40대,1인 가구,300만원 내외,자영업,제주
81607,20230701,전동 스케이트보드,남성,30대,1인 가구,300만원 내외,판매/서비스직,경기
81609,20230701,전동 스케이트보드,남성,30대,자녀 유아기(막내가 초등학교 입학 전),900만원 내외,기술/숙련직,경기
81611,20230701,전기 자전거,남성,50대,자녀 성인기(막내가 대학생～결혼 전),"1,100~1,500만원 내외",경영/관리직,서울
81631,20230701,전기 자전거,남성,50대,자녀 성인기(막내가 대학생～결혼 전),800만원 내외,기술/숙련직,충남
81651,20230701,전기 자전거,남성,60대 이상,자녀 독립기(막내가 결혼한 상태),600만원 내외,무직/기타,경기
81662,20230701,"오토바이(바이크, 스쿠터)",남성,60대 이상,자녀 독립기(막내가 결혼한 상태),300만원 내외,무직/기타,부산
81664,20230701,전기 자전거,여성,30대,자녀 독립기(막내가 결혼한 상태),400만원 내외,사무직,광주
81666,20230701,전동 킥보드,남성,50대,자녀 성인기(막내가 대학생～결혼 전),"1,600~2,000만원 내외",경영/관리직,서울
81685,20230701,전동 킥보드,여성,60대 이상,자녀 독립기(막내가 결혼한 상태),800만원 내외,무직/기타,서울
81709,20230701,"오토바이(바이크, 스쿠터)",남성,60대 이상,1인 가구,200만원 내외,무직/기타,충남
81711,20230701,전기 자전거,남성,40대,자녀 성장기(막내가 초등학생～고등학생),500만원 내외,사무직,경기
81725,20230701,전동 스케이트보드,여성,40대,자녀 성장기(막내가 초등학생～고등학생),700만원 내외,자영업,부산
81728,20230701,전기 자전거,여성,40대,자녀 성인기(막내가 대학생～결혼 전),700만원 내외,자영업,경남
81729,20230701,전동 킥보드,남성,50대,자녀 성장기(막내가 초등학생～고등학생),700만원 내외,경영/관리직,경기
81731,20230701,전동 킥보드,남성,50대,자녀 성인기(막내가 대학생～결혼 전),800만원 내외,판매/서비스직,서울
81732,20230701,전기 자전거,남성,40대,자녀 성장기(막내가 초등학생～고등학생),300만원 내외,무직/기타,경북
81738,20230701,전동 킥보드,남성,20대,자녀 성인기(막내가 대학생～결혼 전),"2,100만원 이상",사무직,서울
81761,20230701,"오토바이(바이크, 스쿠터)",남성,50대,자녀 독립기(막내가 결혼한 상태),700만원 내외,일반 공무원/준공무원,인천
81770,20230701,전동 휠,남성,40대,자녀 성장기(막내가 초등학생～고등학생),"1,100~1,500만원 내외",일반 공무원/준공무원,인천
81773,20230701,전기 자전거,여성,40대,자녀 성장기(막내가 초등학생～고등학생),300만원 내외,전업주부,서울
81781,20230701,전동 킥보드,남성,50대,자녀 성인기(막내가 대학생～결혼 전),"1,100~1,500만원 내외",자영업,충북
81795,20230701,"오토바이(바이크, 스쿠터)",남성,60대 이상,자녀 독립기(막내가 결혼한 상태),300만원 내외,사무직,인천
81807,20230701,전동 킥보드,남성,50대,자녀 성장기(막내가 초등학생～고등학생),400만원 내외,자영업,서울
81808,20230701,전동 킥보드,여성,20대,1인 가구,모름,자영업,서울
81819,20230701,전기 자전거,여성,40대,자녀 성장기(막내가 초등학생～고등학생),700만원 내외,무직/기타,충남
81870,20230701,전동 킥보드,남성,50대,자녀 성장기(막내가 초등학생～고등학생),"1,100~1,500만원 내외",경영/관리직,경기
81948,20230701,전동 스쿠터,남성,50대,1인 가구,100만원 이하,무직/기타,경기
81980,20230701,전동 킥보드,여성,20대,자녀 성인기(막내가 대학생～결혼 전),"1,100~1,500만원 내외",사무직,경기
82000,20230701,전동 스쿠터,여성,30대,1인 가구,300만원 내외,판매/서비스직,서울
82009,20230701,전동 킥보드,남성,50대,자녀 성장기(막내가 초등학생～고등학생),"1,000만원 내외",기술/숙련직,서울
82015,20230701,전기 자전거,남성,60대 이상,자녀 독립기(막내가 결혼한 상태),300만원 내외,자영업,전북
82022,20230701,전동 휠,남성,30대,자녀 성인기(막내가 대학생～결혼 전),500만원 내외,무직/기타,경기
82043,20230701,전동 킥보드,여성,40대,자녀 성장기(막내가 초등학생～고등학생),600만원 내외,판매/서비스직,경기
82047,20230701,전동 킥보드,남성,40대,자녀 성장기(막내가 초등학생～고등학생),600만원 내외,기술/숙련직,강원
82088,20230701,"오토바이(바이크, 스쿠터)",남성,20대,자녀 유아기(막내가 초등학교 입학 전),700만원 내외,기술/숙련직,서울
82130,20230701,전기 자전거,남성,40대,자녀 성장기(막내가 초등학생～고등학생),700만원 내외,기술/숙련직,경기
82200,20230701,전동 킥보드,남성,40대,신혼기 초과(자녀없음),"1,100~1,500만원 내외",기술/숙련직,경기
82226,20230701,"오토바이(바이크, 스쿠터)",남성,40대,1인 가구,"1,600~2,000만원 내외",자영업,경기
82239,20230701,전동 킥보드,남성,40대,자녀 성장기(막내가 초등학생～고등학생),300만원 내외,기술/숙련직,경기
82271,20230701,전동 킥보드,남성,30대,자녀 유아기(막내가 초등학교 입학 전),400만원 내외,사무직,경남
82367,20230701,"오토바이(바이크, 스쿠터)",남성,60대 이상,자녀 성인기(막내가 대학생～결혼 전),300만원 내외,무직/기타,경북
82371,20230701,"오토바이(바이크, 스쿠터)",여성,20대,1인 가구,300만원 내외,전문직,경남
82391,20230701,전동 킥보드,여성,40대,자녀 성장기(막내가 초등학생～고등학생),200만원 내외,판매/서비스직,대전
82442,20230701,"오토바이(바이크, 스쿠터)",남성,20대,1인 가구,400만원 내외,무직/기타,경기
82450,20230701,전동 휠,여성,30대,자녀 성장기(막내가 초등학생～고등학생),400만원 내외,판매/서비스직,경기
82462,20230701,"오토바이(바이크, 스쿠터)",여성,40대,자녀 성장기(막내가 초등학생～고등학생),800만원 내외,일반 공무원/준공무원,경기
82497,20230701,"오토바이(바이크, 스쿠터)",남성,30대,자녀 성장기(막내가 초등학생～고등학생),700만원 내외,사무직,경기
82522,20230701,전동 킥보드,남성,40대,자녀 성장기(막내가 초등학생～고등학생),500만원 내외,전문직,경기
82532,20230701,전동 킥보드,여성,40대,자녀 성장기(막내가 초등학생～고등학생),700만원 내외,사무직,부산
82631,20230701,전동 킥보드,남성,40대,1인 가구,500만원 내외,기술/숙련직,경기
82641,20230701,전동 킥보드,남성,40대,자녀 성인기(막내가 대학생～결혼 전),400만원 내외,자영업,대구
82653,20230701,"오토바이(바이크, 스쿠터)",남성,20대,자녀 유아기(막내가 초등학교 입학 전),600만원 내외,기술/숙련직,경기
82660,20230701,전동 킥보드,남성,40대,자녀 유아기(막내가 초등학교 입학 전),400만원 내외,자영업,대구
82689,20230701,"오토바이(바이크, 스쿠터)",남성,50대,1인 가구,300만원 내외,무직/기타,제주
82703,20230701,전동 킥보드,남성,40대,자녀 유아기(막내가 초등학교 입학 전),300만원 내외,판매/서비스직,서울
82725,20230701,전동 킥보드,남성,20대,자녀 성장기(막내가 초등학생～고등학생),600만원 내외,자영업,경기
82786,20230701,"오토바이(바이크, 스쿠터)",남성,20대,1인 가구,200만원 내외,일반 공무원/준공무원,경남
82833,20230701,"오토바이(바이크, 스쿠터)",남성,30대,1인 가구,400만원 내외,판매/서비스직,충남
82849,20230701,"오토바이(바이크, 스쿠터)",남성,40대,자녀 유아기(막내가 초등학교 입학 전),400만원 내외,사무직,울산
82880,20230701,전기 자전거,남성,50대,자녀 성인기(막내가 대학생～결혼 전),"1,000만원 내외",사무직,대구
82915,20230701,전동 휠,남성,50대,자녀 성인기(막내가 대학생～결혼 전),"1,100~1,500만원 내외",경영/관리직,대전
82994,20230701,전기 자전거,남성,30대,자녀 성인기(막내가 대학생～결혼 전),"1,000만원 내외",자영업,서울
83003,20230701,"오토바이(바이크, 스쿠터)",여성,40대,1인 가구,300만원 내외,무직/기타,서울
83010,20230701,전기 자전거,남성,40대,자녀 성장기(막내가 초등학생～고등학생),500만원 내외,기술/숙련직,서울
83012,20230701,전동 킥보드,여성,30대,신혼기(자녀없음),800만원 내외,사무직,경기
83014,20230701,전동 킥보드,여성,50대,자녀 성인기(막내가 대학생～결혼 전),"1,100~1,500만원 내외",무직/기타,경기
83016,20230701,"오토바이(바이크, 스쿠터)",남성,30대,1인 가구,300만원 내외,기술/숙련직,부산
83049,20230701,"오토바이(바이크, 스쿠터)",남성,20대,자녀 성인기(막내가 대학생～결혼 전),200만원 내외,사무직,부산
83099,20230701,전동 킥보드,남성,40대,자녀 유아기(막내가 초등학교 입학 전),"1,100~1,500만원 내외",사무직,서울
83113,20230701,전기 자전거,남성,60대 이상,자녀 독립기(막내가 결혼한 상태),300만원 내외,자영업,강원
83133,20230701,전기 자전거,남성,20대,자녀 성인기(막내가 대학생～결혼 전),"1,000만원 내외",자영업,경기
83192,20230701,"오토바이(바이크, 스쿠터)",남성,30대,자녀 성인기(막내가 대학생～결혼 전),600만원 내외,판매/서비스직,경기
83198,20230701,전동 킥보드,남성,50대,자녀 독립기(막내가 결혼한 상태),700만원 내외,기술/숙련직,충북
83216,20230701,전동 스쿠터,남성,30대,1인 가구,400만원 내외,일반 공무원/준공무원,서울
83238,20230701,전기 자전거,남성,20대,자녀 유아기(막내가 초등학교 입학 전),400만원 내외,사무직,경기
83243,20230701,"오토바이(바이크, 스쿠터)",여성,30대,자녀 성장기(막내가 초등학생～고등학생),"1,000만원 내외",기술/숙련직,울산
83248,20230701,전기 자전거,남성,40대,자녀 성장기(막내가 초등학생～고등학생),400만원 내외,사무직,서울
83251,20230701,전기 자전거,남성,60대 이상,자녀 성인기(막내가 대학생～결혼 전),600만원 내외,무직/기타,인천
83277,20230701,"오토바이(바이크, 스쿠터)",남성,30대,자녀 성인기(막내가 대학생～결혼 전),600만원 내외,기술/숙련직,부산
83291,20230701,"오토바이(바이크, 스쿠터)",남성,20대,자녀 성인기(막내가 대학생～결혼 전),"1,600~2,000만원 내외",자영업,충남
83294,20230701,전기 자전거,남성,50대,1인 가구,300만원 내외,기술/숙련직,서울
83303,20230701,전기 자전거,남성,50대,자녀 성장기(막내가 초등학생～고등학생),600만원 내외,기술/숙련직,경기
83322,20230701,전동 킥보드,남성,40대,1인 가구,600만원 내외,판매/서비스직,경기
83333,20230701,전기 자전거,남성,50대,자녀 성인기(막내가 대학생～결혼 전),700만원 내외,사무직,경남
83345,20230701,"오토바이(바이크, 스쿠터)",남성,50대,자녀 독립기(막내가 결혼한 상태),500만원 내외,기술/숙련직,울산
83377,20230701,"오토바이(바이크, 스쿠터)",남성,60대 이상,자녀 독립기(막내가 결혼한 상태),500만원 내외,판매/서비스직,부산
83449,20230701,전동 킥보드,남성,30대,신혼기(자녀없음),700만원 내외,기술/숙련직,인천
83459,20230701,전동 휠,여성,50대,자녀 독립기(막내가 결혼한 상태),300만원 내외,무직/기타,대구
83462,20230701,"오토바이(바이크, 스쿠터)",남성,50대,자녀 성인기(막내가 대학생～결혼 전),600만원 내외,기술/숙련직,서울
83551,20230701,전동 킥보드,남성,20대,1인 가구,400만원 내외,기술/숙련직,서울
83569,20230701,"오토바이(바이크, 스쿠터)",남성,30대,자녀 성장기(막내가 초등학생～고등학생),600만원 내외,무직/기타,서울
83574,20230701,"오토바이(바이크, 스쿠터)",남성,40대,자녀 성장기(막내가 초등학생～고등학생),500만원 내외,기술/숙련직,경남
83678,20230701,전동 킥보드,여성,40대,자녀 성인기(막내가 대학생～결혼 전),300만원 내외,전업주부,경기
83680,20230701,전동 킥보드,남성,50대,신혼기(자녀없음),모름,자영업,제주
83691,20230701,전동 스쿠터,남성,40대,1인 가구,600만원 내외,일반 공무원/준공무원,전북
83704,20230701,"오토바이(바이크, 스쿠터)",남성,30대,1인 가구,700만원 내외,일반 공무원/준공무원,경기
83771,20230701,"오토바이(바이크, 스쿠터)",남성,30대,자녀 성인기(막내가 대학생～결혼 전),모름,무직/기타,인천
83783,20230701,전동 킥보드,여성,30대,자녀 성장기(막내가 초등학생～고등학생),600만원 내외,무직/기타,전북
83829,20230701,"오토바이(바이크, 스쿠터)",남성,30대,신혼기(자녀없음),900만원 내외,일반 공무원/준공무원,대구
83870,20230701,"오토바이(바이크, 스쿠터)",남성,30대,1인 가구,700만원 내외,판매/서비스직,대구
83875,20230701,"오토바이(바이크, 스쿠터)",남성,50대,자녀 성인기(막내가 대학생～결혼 전),800만원 내외,일반 공무원/준공무원,인천
83876,20230701,전기 자전거,여성,40대,자녀 성인기(막내가 대학생～결혼 전),700만원 내외,전문직,전북
83891,20230701,전기 자전거,남성,30대,자녀 유아기(막내가 초등학교 입학 전),200만원 내외,자영업,경기
83907,20230701,전기 자전거,남성,30대,1인 가구,100만원 이하,무직/기타,경남
83953,20230701,"오토바이(바이크, 스쿠터)",남성,60대 이상,자녀 성인기(막내가 대학생～결혼 전),800만원 내외,기술/숙련직,경기
83954,20230701,전동 스쿠터,남성,50대,자녀 성인기(막내가 대학생～결혼 전),"2,100만원 이상",자영업,충남
83973,20230701,"오토바이(바이크, 스쿠터)",남성,60대 이상,자녀 독립기(막내가 결혼한 상태),400만원 내외,무직/기타,부산
83978,20230701,전기 자전거,남성,30대,1인 가구,300만원 내외,사무직,경기
84039,20230701,전동 킥보드,남성,30대,신혼기(자녀없음),400만원 내외,기술/숙련직,대구
84096,20230701,"오토바이(바이크, 스쿠터)",남성,40대,자녀 유아기(막내가 초등학교 입학 전),300만원 내외,무직/기타,서울
84098,20230701,"오토바이(바이크, 스쿠터)",남성,40대,자녀 성인기(막내가 대학생～결혼 전),400만원 내외,기술/숙련직,경기
84101,20230701,"오토바이(바이크, 스쿠터)",남성,50대,1인 가구,300만원 내외,자영업,경남
84153,20230701,전동 킥보드,남성,60대 이상,자녀 성인기(막내가 대학생～결혼 전),"1,000만원 내외",사무직,부산
84181,20230701,전동 킥보드,남성,40대,1인 가구,300만원 내외,전문직,전남
84185,20230701,전기 자전거,남성,60대 이상,자녀 성인기(막내가 대학생～결혼 전),500만원 내외,무직/기타,서울
84242,20230701,"오토바이(바이크, 스쿠터)",남성,30대,자녀 유아기(막내가 초등학교 입학 전),600만원 내외,전문직,경기
84267,20230701,전동 킥보드,남성,30대,자녀 유아기(막내가 초등학교 입학 전),300만원 내외,기술/숙련직,울산
84367,20230701,전동 킥보드,남성,40대,자녀 성인기(막내가 대학생～결혼 전),200만원 내외,자영업,경기
84414,20230701,전동 킥보드,여성,20대,1인 가구,"2,100만원 이상",사무직,대구
84512,20230701,"오토바이(바이크, 스쿠터)",남성,40대,신혼기 초과(자녀없음),모름,일반 공무원/준공무원,경기
84536,20230701,"오토바이(바이크, 스쿠터)",여성,50대,자녀 성인기(막내가 대학생～결혼 전),"1,100~1,500만원 내외",사무직,부산
84554,20230701,전기 자전거,여성,30대,1인 가구,500만원 내외,사무직,경기
84581,20230701,"오토바이(바이크, 스쿠터)",남성,50대,자녀 성인기(막내가 대학생～결혼 전),400만원 내외,자영업,서울
84618,20230701,전기 자전거,남성,30대,1인 가구,200만원 내외,무직/기타,서울
84629,20230701,"오토바이(바이크, 스쿠터)",남성,40대,신혼기 초과(자녀없음),400만원 내외,무직/기타,서울
84637,20230701,"오토바이(바이크, 스쿠터)",남성,30대,자녀 유아기(막내가 초등학교 입학 전),200만원 내외,자영업,울산
84657,20230701,"오토바이(바이크, 스쿠터)",남성,40대,1인 가구,300만원 내외,기술/숙련직,충북
84658,20230701,전기 자전거,남성,50대,자녀 성인기(막내가 대학생～결혼 전),600만원 내외,사무직,경기
84763,20230701,"오토바이(바이크, 스쿠터)",남성,40대,자녀 성장기(막내가 초등학생～고등학생),400만원 내외,자영업,충남
84883,20230701,"오토바이(바이크, 스쿠터)",남성,20대,자녀 성인기(막내가 대학생～결혼 전),모름,무직/기타,인천
84887,20230701,전동 킥보드,남성,20대,1인 가구,400만원 내외,자영업,인천
85036,20230701,전동 킥보드,여성,30대,1인 가구,400만원 내외,기술/숙련직,경기
85095,20230701,"오토바이(바이크, 스쿠터)",여성,30대,1인 가구,500만원 내외,사무직,경기
85108,20230701,"오토바이(바이크, 스쿠터)",남성,60대 이상,자녀 독립기(막내가 결혼한 상태),600만원 내외,자영업,부산
85146,20230701,전동 킥보드,남성,30대,신혼기(자녀없음),100만원 이하,자영업,경기
85167,20230701,전동 스쿠터,여성,30대,자녀 성장기(막내가 초등학생～고등학생),"1,000만원 내외",자영업,서울
85192,20230701,전동 킥보드,여성,20대,자녀 성인기(막내가 대학생～결혼 전),"1,000만원 내외",사무직,충북
85313,20230701,전기 자전거,남성,40대,자녀 유아기(막내가 초등학교 입학 전),500만원 내외,전문직,서울
85355,20230701,전기 자전거,남성,60대 이상,자녀 독립기(막내가 결혼한 상태),500만원 내외,무직/기타,부산
85486,20230701,전기 자전거,남성,60대 이상,자녀 성인기(막내가 대학생～결혼 전),200만원 내외,판매/서비스직,경남
85495,20230701,"오토바이(바이크, 스쿠터)",남성,30대,1인 가구,300만원 내외,무직/기타,경남
85531,20230701,전동 킥보드,여성,40대,자녀 유아기(막내가 초등학교 입학 전),300만원 내외,자영업,부산
85579,20230701,전기 자전거,여성,30대,1인 가구,200만원 내외,판매/서비스직,대전
85634,20230701,전기 자전거,남성,40대,자녀 유아기(막내가 초등학교 입학 전),800만원 내외,사무직,서울
85647,20230701,"오토바이(바이크, 스쿠터)",여성,40대,자녀 성인기(막내가 대학생～결혼 전),700만원 내외,자영업,인천
85706,20230701,"오토바이(바이크, 스쿠터)",남성,30대,1인 가구,400만원 내외,일반 공무원/준공무원,경기
85802,20230701,전동 킥보드,여성,30대,1인 가구,300만원 내외,사무직,충남
85818,20230701,"오토바이(바이크, 스쿠터)",남성,40대,1인 가구,400만원 내외,자영업,부산
85840,20230701,전기 자전거,남성,20대,자녀 성인기(막내가 대학생～결혼 전),"1,100~1,500만원 내외",사무직,대전
85940,20230701,"오토바이(바이크, 스쿠터)",남성,40대,자녀 성장기(막내가 초등학생～고등학생),400만원 내외,자영업,충북
86011,20230701,전기 자전거,남성,50대,자녀 성인기(막내가 대학생～결혼 전),900만원 내외,기술/숙련직,대전
86020,20230701,전동 휠,남성,40대,자녀 성장기(막내가 초등학생～고등학생),"1,000만원 내외",기술/숙련직,부산
86030,20230701,"오토바이(바이크, 스쿠터)",남성,30대,신혼기(자녀없음),500만원 내외,판매/서비스직,서울
86080,20230701,"오토바이(바이크, 스쿠터)",남성,60대 이상,자녀 성인기(막내가 대학생～결혼 전),700만원 내외,기술/숙련직,울산
86106,20230701,전동 휠,여성,50대,자녀 성인기(막내가 대학생～결혼 전),모름,판매/서비스직,충남
86131,20230701,전기 자전거,여성,30대,자녀 성장기(막내가 초등학생～고등학생),300만원 내외,판매/서비스직,경기
86150,20230701,"오토바이(바이크, 스쿠터)",여성,30대,신혼기 초과(자녀없음),800만원 내외,일반 공무원/준공무원,경기
86157,20230701,"오토바이(바이크, 스쿠터)",남성,60대 이상,자녀 성인기(막내가 대학생～결혼 전),300만원 내외,무직/기타,서울
86184,20230701,"오토바이(바이크, 스쿠터)",여성,20대,자녀 성인기(막내가 대학생～결혼 전),600만원 내외,자영업,경북
86212,20230701,전기 자전거,남성,30대,자녀 유아기(막내가 초등학교 입학 전),500만원 내외,자영업,경기
86229,20230701,"오토바이(바이크, 스쿠터)",남성,60대 이상,1인 가구,모름,기술/숙련직,경남
86254,20230701,전동 킥보드,남성,20대,자녀 성인기(막내가 대학생～결혼 전),"2,100만원 이상",기술/숙련직,서울
86275,20230701,전동 킥보드,남성,40대,자녀 성장기(막내가 초등학생～고등학생),800만원 내외,일반 공무원/준공무원,경북
86329,20230701,"오토바이(바이크, 스쿠터)",남성,60대 이상,자녀 성인기(막내가 대학생～결혼 전),"2,100만원 이상",자영업,서울
86375,20230701,"오토바이(바이크, 스쿠터)",남성,40대,신혼기 초과(자녀없음),300만원 내외,일반 공무원/준공무원,서울
86443,20230701,"오토바이(바이크, 스쿠터)",남성,40대,자녀 성장기(막내가 초등학생～고등학생),500만원 내외,사무직,경기
86462,20230701,전기 자전거,남성,30대,자녀 유아기(막내가 초등학교 입학 전),400만원 내외,무직/기타,경기
86541,20230701,"오토바이(바이크, 스쿠터)",남성,50대,자녀 성인기(막내가 대학생～결혼 전),400만원 내외,무직/기타,경남
86545,20230701,전동 킥보드,남성,20대,자녀 유아기(막내가 초등학교 입학 전),400만원 내외,사무직,대전
86560,20230701,"오토바이(바이크, 스쿠터)",남성,60대 이상,자녀 독립기(막내가 결혼한 상태),600만원 내외,무직/기타,전남
86571,20230701,전기 자전거,남성,40대,자녀 유아기(막내가 초등학교 입학 전),600만원 내외,일반 공무원/준공무원,강원
86631,20230701,전동 킥보드,남성,20대,1인 가구,"1,100~1,500만원 내외",기술/숙련직,인천
86672,20230701,"오토바이(바이크, 스쿠터)",여성,20대,1인 가구,500만원 내외,무직/기타,경기
86685,20230701,전기 자전거,여성,20대,자녀 성인기(막내가 대학생～결혼 전),600만원 내외,사무직,대구
86736,20230701,전동 킥보드,남성,30대,1인 가구,300만원 내외,사무직,광주
86740,20230701,"오토바이(바이크, 스쿠터)",여성,50대,자녀 성장기(막내가 초등학생～고등학생),400만원 내외,사무직,서울
86757,20230701,전동 킥보드,여성,50대,자녀 성인기(막내가 대학생～결혼 전),600만원 내외,사무직,경기
86776,20230701,전동 킥보드,여성,40대,자녀 성장기(막내가 초등학생～고등학생),700만원 내외,전문직,경기
86862,20230701,전동 킥보드,남성,20대,자녀 성인기(막내가 대학생～결혼 전),"1,600~2,000만원 내외",사무직,경기
86872,20230701,"오토바이(바이크, 스쿠터)",여성,50대,자녀 성장기(막내가 초등학생～고등학생),500만원 내외,전문직,경남
86953,20230701,전기 자전거,남성,50대,자녀 성장기(막내가 초등학생～고등학생),800만원 내외,기술/숙련직,서울
87019,20230701,전동 킥보드,여성,30대,자녀 성장기(막내가 초등학생～고등학생),500만원 내외,사무직,경기
87032,20230701,전기 자전거,남성,60대 이상,자녀 성인기(막내가 대학생～결혼 전),500만원 내외,무직/기타,경남
87034,20230701,"오토바이(바이크, 스쿠터)",남성,20대,1인 가구,300만원 내외,기술/숙련직,대구
87098,20230701,"오토바이(바이크, 스쿠터)",남성,30대,자녀 성인기(막내가 대학생～결혼 전),"1,000만원 내외",무직/기타,경기
87117,20230701,전동 킥보드,남성,20대,1인 가구,200만원 내외,무직/기타,광주
87127,20230701,전동 휠,남성,50대,자녀 성인기(막내가 대학생～결혼 전),"1,000만원 내외",사무직,대전
87137,20230701,전기 자전거,여성,20대,1인 가구,500만원 내외,사무직,경기
87142,20230701,전기 자전거,남성,20대,1인 가구,400만원 내외,일반 공무원/준공무원,전남
87194,20230701,전동 킥보드,여성,30대,1인 가구,300만원 내외,사무직,경기
87316,20230701,전동 킥보드,여성,20대,신혼기 초과(자녀없음),400만원 내외,무직/기타,경남
87318,20230701,전동 킥보드,남성,20대,자녀 성인기(막내가 대학생～결혼 전),800만원 내외,기술/숙련직,서울
87352,20230701,"오토바이(바이크, 스쿠터)",남성,50대,자녀 성인기(막내가 대학생～결혼 전),"1,000만원 내외",일반 공무원/준공무원,경기
87359,20230701,전동 킥보드,여성,20대,자녀 유아기(막내가 초등학교 입학 전),400만원 내외,판매/서비스직,경기
87379,20230701,전동 킥보드,여성,30대,신혼기 초과(자녀없음),400만원 내외,사무직,경기
87399,20230701,"오토바이(바이크, 스쿠터)",남성,20대,1인 가구,"2,100만원 이상",일반 공무원/준공무원,강원
87506,20230701,전동 킥보드,남성,30대,자녀 유아기(막내가 초등학교 입학 전),600만원 내외,기술/숙련직,대전
87525,20230701,전동 스케이트보드,남성,40대,신혼기 초과(자녀없음),300만원 내외,판매/서비스직,부산
87556,20230701,전기 자전거,남성,20대,1인 가구,600만원 내외,학생,서울
87614,20230701,전동 킥보드,여성,40대,자녀 성장기(막내가 초등학생～고등학생),800만원 내외,전업주부,서울
87662,20230701,"오토바이(바이크, 스쿠터)",남성,50대,자녀 성인기(막내가 대학생～결혼 전),"1,000만원 내외",자영업,대전
87676,20230701,전동 킥보드,여성,30대,1인 가구,200만원 내외,판매/서비스직,경기
87699,20230701,전기 자전거,남성,50대,1인 가구,100만원 이하,무직/기타,부산
87732,20230701,전기 자전거,남성,60대 이상,1인 가구,300만원 내외,무직/기타,서울
87772,20230701,전동 킥보드,여성,20대,자녀 성인기(막내가 대학생～결혼 전),600만원 내외,판매/서비스직,경기
87788,20230701,"오토바이(바이크, 스쿠터)",여성,20대,신혼기(자녀없음),300만원 내외,전업주부,대구
87794,20230701,전동 킥보드,남성,30대,1인 가구,300만원 내외,일반 공무원/준공무원,인천
87795,20230701,전동 킥보드,남성,30대,자녀 유아기(막내가 초등학교 입학 전),600만원 내외,일반 공무원/준공무원,경북
87800,20230701,전기 자전거,여성,40대,자녀 유아기(막내가 초등학교 입학 전),300만원 내외,사무직,부산
87802,20230701,전기 자전거,남성,30대,자녀 성장기(막내가 초등학생～고등학생),500만원 내외,기술/숙련직,전북
87807,20230701,전동 휠,남성,40대,자녀 성장기(막내가 초등학생～고등학생),700만원 내외,기술/숙련직,경기
87816,20230701,전기 자전거,남성,50대,자녀 성장기(막내가 초등학생～고등학생),900만원 내외,일반 공무원/준공무원,경기
87831,20230701,전동 킥보드,여성,30대,신혼기 초과(자녀없음),700만원 내외,사무직,경기
87844,20230701,"오토바이(바이크, 스쿠터)",남성,40대,1인 가구,200만원 내외,사무직,충남
87862,20230701,전동 휠,여성,20대,1인 가구,800만원 내외,사무직,충북
87878,20230701,전기 자전거,남성,30대,자녀 유아기(막내가 초등학교 입학 전),500만원 내외,사무직,경남
87922,20230701,전동 킥보드,여성,20대,신혼기(자녀없음),800만원 내외,판매/서비스직,대전
87934,20230701,"오토바이(바이크, 스쿠터)",남성,50대,자녀 성장기(막내가 초등학생～고등학생),500만원 내외,기술/숙련직,서울
87963,20230701,"오토바이(바이크, 스쿠터)",남성,40대,자녀 유아기(막내가 초등학교 입학 전),300만원 내외,기술/숙련직,울산
87964,20230701,"오토바이(바이크, 스쿠터)",남성,40대,자녀 성장기(막내가 초등학생～고등학생),900만원 내외,판매/서비스직,부산
87996,20230701,"오토바이(바이크, 스쿠터)",여성,20대,1인 가구,800만원 내외,일반 공무원/준공무원,경기
88017,20230701,전동 킥보드,남성,50대,자녀 성인기(막내가 대학생～결혼 전),700만원 내외,기술/숙련직,부산
88021,20230701,전동 휠,남성,30대,자녀 유아기(막내가 초등학교 입학 전),500만원 내외,사무직,경기
88047,20230701,전기 자전거,남성,60대 이상,자녀 독립기(막내가 결혼한 상태),200만원 내외,무직/기타,울산
88056,20230701,전동 킥보드,남성,30대,1인 가구,500만원 내외,자영업,경남
88085,20230701,"오토바이(바이크, 스쿠터)",남성,40대,자녀 성장기(막내가 초등학생～고등학생),600만원 내외,일반 공무원/준공무원,대구
88086,20230701,"오토바이(바이크, 스쿠터)",여성,30대,신혼기 초과(자녀없음),600만원 내외,무직/기타,경남
88106,20230701,전동 킥보드,남성,40대,신혼기 초과(자녀없음),900만원 내외,사무직,서울
88118,20230701,전기 자전거,여성,20대,신혼기(자녀없음),500만원 내외,일반 공무원/준공무원,경남
88120,20230701,"오토바이(바이크, 스쿠터)",남성,60대 이상,자녀 성인기(막내가 대학생～결혼 전),300만원 내외,자영업,경기
88148,20230701,전기 자전거,여성,30대,1인 가구,300만원 내외,자영업,경기
88149,20230701,전기 자전거,남성,60대 이상,자녀 독립기(막내가 결혼한 상태),400만원 내외,무직/기타,전남
88163,20230701,전기 자전거,남성,60대 이상,자녀 성인기(막내가 대학생～결혼 전),"1,100~1,500만원 내외",무직/기타,광주
88174,20230701,전동 킥보드,남성,60대 이상,자녀 독립기(막내가 결혼한 상태),500만원 내외,기술/숙련직,충남
88179,20230701,전동 킥보드,남성,50대,자녀 성장기(막내가 초등학생～고등학생),"2,100만원 이상",일반 공무원/준공무원,경기
88203,20230701,"오토바이(바이크, 스쿠터)",남성,30대,자녀 유아기(막내가 초등학교 입학 전),700만원 내외,사무직,인천
88210,20230701,전동 킥보드,남성,60대 이상,자녀 성인기(막내가 대학생～결혼 전),500만원 내외,기술/숙련직,경기
88216,20230701,전동 스케이트보드,남성,40대,1인 가구,500만원 내외,자영업,서울
88240,20230701,전기 자전거,여성,30대,자녀 유아기(막내가 초등학교 입학 전),600만원 내외,자영업,서울
88241,20230701,전기 자전거,남성,40대,자녀 성장기(막내가 초등학생～고등학생),800만원 내외,일반 공무원/준공무원,전북
88244,20230701,전동 킥보드,여성,20대,자녀 성인기(막내가 대학생～결혼 전),모름,일반 공무원/준공무원,울산
88252,20230701,"오토바이(바이크, 스쿠터)",남성,40대,신혼기 초과(자녀없음),600만원 내외,기술/숙련직,서울
88271,20230701,"오토바이(바이크, 스쿠터)",남성,40대,자녀 유아기(막내가 초등학교 입학 전),800만원 내외,자영업,경기
88284,20230701,"오토바이(바이크, 스쿠터)",남성,50대,자녀 성장기(막내가 초등학생～고등학생),400만원 내외,경영/관리직,강원
88290,20230701,전기 자전거,남성,50대,신혼기(자녀없음),300만원 내외,자영업,충남
88298,20230701,"오토바이(바이크, 스쿠터)",여성,30대,신혼기(자녀없음),모름,무직/기타,부산
88306,20230701,전동 킥보드,여성,40대,자녀 성장기(막내가 초등학생～고등학생),700만원 내외,자영업,서울
88310,20230701,"오토바이(바이크, 스쿠터)",남성,50대,자녀 성장기(막내가 초등학생～고등학생),"1,000만원 내외",자영업,경북
88316,20230701,전기 자전거,남성,30대,신혼기 초과(자녀없음),400만원 내외,사무직,대전
88317,20230701,전기 자전거,남성,50대,1인 가구,400만원 내외,기술/숙련직,광주
88327,20230701,전기 자전거,남성,20대,자녀 성인기(막내가 대학생～결혼 전),"1,000만원 내외",사무직,경기
88336,20230701,전기 자전거,남성,40대,자녀 성장기(막내가 초등학생～고등학생),"1,100~1,500만원 내외",기술/숙련직,대전
88361,20230701,"오토바이(바이크, 스쿠터)",여성,50대,자녀 성인기(막내가 대학생～결혼 전),600만원 내외,사무직,경기
88365,20230701,전기 자전거,남성,50대,자녀 성인기(막내가 대학생～결혼 전),"1,600~2,000만원 내외",전문직,충남
88371,20230701,"오토바이(바이크, 스쿠터)",남성,40대,1인 가구,200만원 내외,자영업,서울
88390,20230701,전동 킥보드,남성,60대 이상,자녀 성인기(막내가 대학생～결혼 전),"1,000만원 내외",사무직,전남
88434,20230701,"오토바이(바이크, 스쿠터)",남성,30대,자녀 성장기(막내가 초등학생～고등학생),"1,600~2,000만원 내외",기술/숙련직,경기
88442,20230701,"오토바이(바이크, 스쿠터)",여성,20대,1인 가구,300만원 내외,자영업,전남
88467,20230701,전동 킥보드,남성,20대,신혼기 초과(자녀없음),700만원 내외,전문직,부산
88489,20230701,"오토바이(바이크, 스쿠터)",남성,60대 이상,자녀 성인기(막내가 대학생～결혼 전),400만원 내외,무직/기타,서울
88516,20230701,"오토바이(바이크, 스쿠터)",남성,20대,자녀 유아기(막내가 초등학교 입학 전),500만원 내외,기술/숙련직,서울
88556,20230701,전동 휠,남성,50대,자녀 독립기(막내가 결혼한 상태),300만원 내외,판매/서비스직,강원
88563,20230701,전기 자전거,남성,50대,자녀 성장기(막내가 초등학생～고등학생),"1,100~1,500만원 내외",경영/관리직,서울
88578,20230701,전기 자전거,남성,50대,자녀 성장기(막내가 초등학생～고등학생),500만원 내외,무직/기타,서울
88602,20230701,전기 자전거,남성,40대,자녀 독립기(막내가 결혼한 상태),800만원 내외,전문직,전남
88675,20230701,전기 자전거,여성,20대,신혼기(자녀없음),600만원 내외,사무직,경북
88730,20230701,"오토바이(바이크, 스쿠터)",남성,20대,1인 가구,200만원 내외,기술/숙련직,경기
88737,20230701,"오토바이(바이크, 스쿠터)",남성,40대,1인 가구,500만원 내외,사무직,울산
88749,20230701,"오토바이(바이크, 스쿠터)",남성,20대,자녀 성인기(막내가 대학생～결혼 전),모름,기술/숙련직,경남
88763,20230701,"오토바이(바이크, 스쿠터)",남성,60대 이상,자녀 성인기(막내가 대학생～결혼 전),800만원 내외,자영업,광주
88764,20230701,전기 자전거,남성,40대,신혼기 초과(자녀없음),600만원 내외,사무직,경기
88779,20230701,전동 킥보드,남성,40대,자녀 성장기(막내가 초등학생～고등학생),"1,100~1,500만원 내외",기술/숙련직,충북
88792,20230701,전기 자전거,남성,50대,자녀 성장기(막내가 초등학생～고등학생),800만원 내외,기술/숙련직,경북
88797,20230701,전동 킥보드,남성,30대,신혼기 초과(자녀없음),900만원 내외,사무직,서울
88820,20230701,"오토바이(바이크, 스쿠터)",여성,40대,자녀 성인기(막내가 대학생～결혼 전),800만원 내외,판매/서비스직,서울
88829,20230701,"오토바이(바이크, 스쿠터)",남성,20대,1인 가구,200만원 내외,학생,경남
88835,20230701,전기 자전거,남성,60대 이상,자녀 성인기(막내가 대학생～결혼 전),"1,100~1,500만원 내외",기술/숙련직,서울
88848,20230701,전동 스케이트보드,남성,30대,자녀 유아기(막내가 초등학교 입학 전),"1,100~1,500만원 내외",자영업,전남
88850,20230701,"오토바이(바이크, 스쿠터)",남성,30대,자녀 성인기(막내가 대학생～결혼 전),700만원 내외,사무직,경기
88855,20230701,"오토바이(바이크, 스쿠터)",남성,60대 이상,자녀 성인기(막내가 대학생～결혼 전),400만원 내외,기술/숙련직,울산
88859,20230701,전기 자전거,남성,40대,자녀 유아기(막내가 초등학교 입학 전),"1,000만원 내외",자영업,경기
88871,20230701,전기 자전거,남성,50대,자녀 성장기(막내가 초등학생～고등학생),"1,100~1,500만원 내외",기술/숙련직,경기
88877,20230701,전동 킥보드,남성,20대,1인 가구,300만원 내외,전문직,경기
88941,20230701,"오토바이(바이크, 스쿠터)",여성,50대,자녀 성인기(막내가 대학생～결혼 전),800만원 내외,판매/서비스직,전북
88947,20230701,전기 자전거,남성,50대,자녀 성인기(막내가 대학생～결혼 전),700만원 내외,기술/숙련직,경기
88992,20230701,전기 자전거,남성,40대,자녀 성장기(막내가 초등학생～고등학생),"1,000만원 내외",자영업,서울
88997,20230701,"오토바이(바이크, 스쿠터)",남성,50대,1인 가구,500만원 내외,기술/숙련직,부산
89005,20230701,"오토바이(바이크, 스쿠터)",남성,50대,자녀 성인기(막내가 대학생～결혼 전),700만원 내외,자영업,경기
89011,20230701,전동 킥보드,남성,40대,자녀 성장기(막내가 초등학생～고등학생),700만원 내외,일반 공무원/준공무원,전남
89063,20230701,전기 자전거,남성,40대,자녀 성장기(막내가 초등학생～고등학생),500만원 내외,일반 공무원/준공무원,경기
89066,20230701,전동 킥보드,남성,40대,자녀 성장기(막내가 초등학생～고등학생),"1,000만원 내외",자영업,경기
89069,20230701,전동 킥보드,여성,30대,1인 가구,500만원 내외,기술/숙련직,경기
89076,20230701,전기 자전거,남성,30대,자녀 유아기(막내가 초등학교 입학 전),600만원 내외,경영/관리직,서울
89095,20230701,"오토바이(바이크, 스쿠터)",남성,60대 이상,1인 가구,300만원 내외,무직/기타,인천
89096,20230701,"오토바이(바이크, 스쿠터)",남성,50대,자녀 성장기(막내가 초등학생～고등학생),800만원 내외,기술/숙련직,전북
89097,20230701,전동 휠,남성,60대 이상,자녀 성인기(막내가 대학생～결혼 전),300만원 내외,무직/기타,충남
89146,20230701,전기 자전거,남성,20대,자녀 유아기(막내가 초등학교 입학 전),400만원 내외,자영업,전북
89155,20230701,전기 자전거,남성,40대,자녀 유아기(막내가 초등학교 입학 전),300만원 내외,기술/숙련직,전북
89172,20230701,전동 킥보드,남성,40대,자녀 유아기(막내가 초등학교 입학 전),900만원 내외,자영업,대구
89236,20230701,"오토바이(바이크, 스쿠터)",남성,30대,자녀 성인기(막내가 대학생～결혼 전),"1,100~1,500만원 내외",판매/서비스직,대구
89251,20230701,전기 자전거,남성,50대,자녀 성장기(막내가 초등학생～고등학생),600만원 내외,사무직,서울
89276,20230701,전동 휠,남성,50대,자녀 성장기(막내가 초등학생～고등학생),900만원 내외,기술/숙련직,제주
89339,20230701,"오토바이(바이크, 스쿠터)",남성,60대 이상,자녀 독립기(막내가 결혼한 상태),600만원 내외,전문직,경남
89361,20230701,"오토바이(바이크, 스쿠터)",남성,60대 이상,자녀 성인기(막내가 대학생～결혼 전),600만원 내외,자영업,경기
89362,20230701,"오토바이(바이크, 스쿠터)",여성,30대,자녀 성장기(막내가 초등학생～고등학생),800만원 내외,자영업,대구
89406,20230701,전기 자전거,남성,50대,1인 가구,200만원 내외,판매/서비스직,광주
89415,20230701,전기 자전거,여성,40대,자녀 성장기(막내가 초등학생～고등학생),500만원 내외,전업주부,광주
89436,20230701,"오토바이(바이크, 스쿠터)",남성,40대,자녀 성장기(막내가 초등학생～고등학생),700만원 내외,전문직,경기
89456,20230701,전기 자전거,남성,60대 이상,자녀 성인기(막내가 대학생～결혼 전),"1,000만원 내외",기술/숙련직,경기
89502,20230701,"오토바이(바이크, 스쿠터)",남성,20대,자녀 성인기(막내가 대학생～결혼 전),"1,100~1,500만원 내외",기술/숙련직,경남
89516,20230701,전동 킥보드,여성,30대,자녀 독립기(막내가 결혼한 상태),200만원 내외,무직/기타,울산
89521,20230701,전동 킥보드,남성,40대,신혼기(자녀없음),800만원 내외,자영업,경기
89542,20230701,전동 킥보드,여성,50대,자녀 성인기(막내가 대학생～결혼 전),500만원 내외,판매/서비스직,강원
89642,20230701,전동 킥보드,여성,30대,자녀 유아기(막내가 초등학교 입학 전),800만원 내외,전업주부,경기
89645,20230701,"오토바이(바이크, 스쿠터)",남성,30대,자녀 성인기(막내가 대학생～결혼 전),500만원 내외,판매/서비스직,경기
89646,20230701,"오토바이(바이크, 스쿠터)",남성,30대,1인 가구,400만원 내외,기술/숙련직,대전
89652,20230701,전기 자전거,여성,30대,신혼기(자녀없음),"1,100~1,500만원 내외",기술/숙련직,경기
89731,20230701,전동 킥보드,남성,30대,자녀 유아기(막내가 초등학교 입학 전),400만원 내외,일반 공무원/준공무원,경기
89750,20230701,전동 킥보드,여성,50대,자녀 성인기(막내가 대학생～결혼 전),"1,100~1,500만원 내외",일반 공무원/준공무원,강원
89760,20230701,"오토바이(바이크, 스쿠터)",남성,40대,자녀 성장기(막내가 초등학생～고등학생),400만원 내외,기술/숙련직,경기
89762,20230701,"오토바이(바이크, 스쿠터)",여성,30대,자녀 유아기(막내가 초등학교 입학 전),400만원 내외,전업주부,경기
89772,20230701,"오토바이(바이크, 스쿠터)",남성,40대,자녀 성장기(막내가 초등학생～고등학생),600만원 내외,판매/서비스직,서울
89773,20230701,"오토바이(바이크, 스쿠터)",여성,40대,신혼기(자녀없음),700만원 내외,기술/숙련직,서울
89779,20230701,전기 자전거,남성,50대,자녀 성장기(막내가 초등학생～고등학생),300만원 내외,사무직,서울
89836,20230701,"오토바이(바이크, 스쿠터)",남성,50대,1인 가구,400만원 내외,무직/기타,경북
89857,20230701,"오토바이(바이크, 스쿠터)",남성,40대,자녀 유아기(막내가 초등학교 입학 전),500만원 내외,사무직,부산
89867,20230701,전동 킥보드,남성,50대,자녀 성장기(막내가 초등학생～고등학생),"1,600~2,000만원 내외",자영업,서울
89886,20230701,"오토바이(바이크, 스쿠터)",남성,60대 이상,자녀 독립기(막내가 결혼한 상태),300만원 내외,무직/기타,충북
89906,20230701,"오토바이(바이크, 스쿠터)",남성,30대,신혼기 초과(자녀없음),700만원 내외,기술/숙련직,경기
89916,20230701,전기 자전거,남성,40대,자녀 유아기(막내가 초등학교 입학 전),900만원 내외,일반 공무원/준공무원,경기
89927,20230701,"오토바이(바이크, 스쿠터)",남성,60대 이상,자녀 성인기(막내가 대학생～결혼 전),700만원 내외,무직/기타,부산
89947,20230701,전동 킥보드,남성,60대 이상,자녀 독립기(막내가 결혼한 상태),800만원 내외,자영업,대전
89949,20230701,전동 스케이트보드,남성,40대,자녀 성장기(막내가 초등학생～고등학생),600만원 내외,일반 공무원/준공무원,대전
89951,20230701,"오토바이(바이크, 스쿠터)",여성,40대,1인 가구,"1,000만원 내외",전문직,서울
89964,20230701,"오토바이(바이크, 스쿠터)",남성,60대 이상,자녀 독립기(막내가 결혼한 상태),800만원 내외,무직/기타,서울
89967,20230701,전동 킥보드,여성,30대,자녀 성인기(막내가 대학생～결혼 전),800만원 내외,일반 공무원/준공무원,경기
89976,20230701,"오토바이(바이크, 스쿠터)",남성,40대,자녀 유아기(막내가 초등학교 입학 전),600만원 내외,기술/숙련직,경기
89992,20230701,전기 자전거,여성,20대,자녀 유아기(막내가 초등학교 입학 전),400만원 내외,무직/기타,경기
89996,20230701,전동 킥보드,남성,30대,1인 가구,100만원 이하,판매/서비스직,울산
90066,20230701,전동 킥보드,남성,40대,자녀 성장기(막내가 초등학생～고등학생),500만원 내외,사무직,인천
90086,20230701,"오토바이(바이크, 스쿠터)",남성,60대 이상,자녀 독립기(막내가 결혼한 상태),300만원 내외,무직/기타,광주
90093,20230701,전동 킥보드,남성,40대,자녀 성장기(막내가 초등학생～고등학생),600만원 내외,사무직,경기
90097,20230701,"오토바이(바이크, 스쿠터)",남성,40대,자녀 성장기(막내가 초등학생～고등학생),"1,000만원 내외",자영업,서울
90155,20230701,전동 킥보드,여성,30대,자녀 유아기(막내가 초등학교 입학 전),"1,000만원 내외",기술/숙련직,경기
90183,20230701,전기 자전거,남성,40대,자녀 성장기(막내가 초등학생～고등학생),400만원 내외,기술/숙련직,서울
90265,20230701,"오토바이(바이크, 스쿠터)",남성,60대 이상,자녀 독립기(막내가 결혼한 상태),500만원 내외,무직/기타,인천
90278,20230701,전동 킥보드,남성,50대,자녀 성인기(막내가 대학생～결혼 전),"1,100~1,500만원 내외",기술/숙련직,대전
90279,20230701,"오토바이(바이크, 스쿠터)",남성,50대,자녀 성장기(막내가 초등학생～고등학생),400만원 내외,사무직,서울
90281,20230701,전동 스케이트보드,남성,40대,자녀 성장기(막내가 초등학생～고등학생),600만원 내외,일반 공무원/준공무원,서울
90364,20230701,전기 자전거,남성,50대,자녀 성장기(막내가 초등학생～고등학생),400만원 내외,기술/숙련직,경기
90380,20230701,전동 킥보드,남성,50대,자녀 유아기(막내가 초등학교 입학 전),"1,100~1,500만원 내외",기술/숙련직,서울
90406,20230701,전동 킥보드,여성,50대,1인 가구,200만원 내외,사무직,경기
90414,20230701,"오토바이(바이크, 스쿠터)",남성,60대 이상,신혼기(자녀없음),200만원 내외,무직/기타,인천
90432,20230701,전동 스케이트보드,남성,40대,자녀 유아기(막내가 초등학교 입학 전),600만원 내외,사무직,대구
90439,20230701,전기 자전거,남성,60대 이상,자녀 성인기(막내가 대학생～결혼 전),700만원 내외,일반 공무원/준공무원,서울
90457,20230701,"오토바이(바이크, 스쿠터)",남성,60대 이상,신혼기(자녀없음),600만원 내외,자영업,인천
90465,20230701,"오토바이(바이크, 스쿠터)",남성,60대 이상,자녀 성인기(막내가 대학생～결혼 전),800만원 내외,경영/관리직,전남
90482,20230701,전기 자전거,여성,60대 이상,자녀 독립기(막내가 결혼한 상태),400만원 내외,전업주부,경기
90483,20230701,"오토바이(바이크, 스쿠터)",남성,50대,자녀 성장기(막내가 초등학생～고등학생),"1,100~1,500만원 내외",자영업,서울
90499,20230701,"오토바이(바이크, 스쿠터)",남성,40대,자녀 유아기(막내가 초등학교 입학 전),500만원 내외,기술/숙련직,경기
90529,20230701,전동 킥보드,여성,30대,자녀 성장기(막내가 초등학생～고등학생),500만원 내외,판매/서비스직,경기
90540,20230701,전동 스케이트보드,여성,20대,1인 가구,500만원 내외,경영/관리직,대구
90577,20230701,전기 자전거,남성,30대,자녀 유아기(막내가 초등학교 입학 전),"1,600~2,000만원 내외",경영/관리직,서울
90603,20230701,전동 킥보드,남성,30대,1인 가구,모름,무직/기타,충북
90608,20230701,전기 자전거,남성,60대 이상,자녀 독립기(막내가 결혼한 상태),400만원 내외,무직/기타,광주
90647,20230701,"오토바이(바이크, 스쿠터)",여성,40대,1인 가구,800만원 내외,자영업,전남
90657,20230701,전동 킥보드,남성,60대 이상,자녀 성인기(막내가 대학생～결혼 전),800만원 내외,자영업,대전
90658,20230701,전동 킥보드,남성,20대,신혼기(자녀없음),600만원 내외,사무직,경기
90659,20230701,전기 자전거,여성,50대,1인 가구,300만원 내외,무직/기타,서울
90662,20230701,전기 자전거,남성,40대,자녀 유아기(막내가 초등학교 입학 전),400만원 내외,사무직,대전
90668,20230701,전동 휠,여성,40대,자녀 성장기(막내가 초등학생～고등학생),900만원 내외,전문직,충북
90682,20230701,"오토바이(바이크, 스쿠터)",남성,40대,신혼기(자녀없음),600만원 내외,사무직,경기
90698,20230701,전기 자전거,남성,60대 이상,자녀 성인기(막내가 대학생～결혼 전),600만원 내외,기술/숙련직,인천
90710,20230701,"오토바이(바이크, 스쿠터)",남성,60대 이상,자녀 독립기(막내가 결혼한 상태),500만원 내외,기술/숙련직,경북
90720,20230701,전기 자전거,여성,50대,자녀 성인기(막내가 대학생～결혼 전),200만원 내외,판매/서비스직,전남
90733,20230701,전동 킥보드,남성,40대,자녀 독립기(막내가 결혼한 상태),300만원 내외,자영업,경기
90735,20230701,"오토바이(바이크, 스쿠터)",남성,20대,1인 가구,200만원 내외,기술/숙련직,대전
90750,20230701,전동 킥보드,남성,60대 이상,자녀 독립기(막내가 결혼한 상태),700만원 내외,무직/기타,서울
90775,20230701,"오토바이(바이크, 스쿠터)",남성,40대,자녀 유아기(막내가 초등학교 입학 전),600만원 내외,자영업,경기
90834,20230701,전동 킥보드,여성,50대,자녀 성인기(막내가 대학생～결혼 전),700만원 내외,일반 공무원/준공무원,강원
90835,20230701,전동 킥보드,남성,50대,자녀 성장기(막내가 초등학생～고등학생),700만원 내외,자영업,경기
90877,20230701,전동 킥보드,남성,40대,자녀 성장기(막내가 초등학생～고등학생),500만원 내외,사무직,전남
90885,20230701,"오토바이(바이크, 스쿠터)",남성,50대,자녀 성인기(막내가 대학생～결혼 전),"1,000만원 내외",자영업,부산
90904,20230701,전동 킥보드,남성,40대,자녀 성장기(막내가 초등학생～고등학생),700만원 내외,사무직,경기
91210,20230701,"오토바이(바이크, 스쿠터)",남성,40대,1인 가구,300만원 내외,무직/기타,경북
91261,20230701,"오토바이(바이크, 스쿠터)",여성,30대,신혼기(자녀없음),모름,자영업,전남
91307,20230701,"오토바이(바이크, 스쿠터)",남성,50대,자녀 성장기(막내가 초등학생～고등학생),600만원 내외,기술/숙련직,울산
91384,20230701,전동 스쿠터,남성,30대,1인 가구,200만원 내외,기술/숙련직,경북
91414,20230701,전기 자전거,남성,50대,자녀 성인기(막내가 대학생～결혼 전),"1,000만원 내외",기술/숙련직,경기
91416,20230701,전기 자전거,남성,40대,신혼기(자녀없음),"1,100~1,500만원 내외",일반 공무원/준공무원,인천
91423,20230701,"오토바이(바이크, 스쿠터)",남성,60대 이상,자녀 성인기(막내가 대학생～결혼 전),"1,100~1,500만원 내외",일반 공무원/준공무원,서울
91432,20230701,"오토바이(바이크, 스쿠터)",남성,40대,자녀 성장기(막내가 초등학생～고등학생),500만원 내외,판매/서비스직,경남
91451,20230701,"오토바이(바이크, 스쿠터)",여성,50대,자녀 성인기(막내가 대학생～결혼 전),"1,600~2,000만원 내외",자영업,대구
91453,20230701,"오토바이(바이크, 스쿠터)",남성,50대,자녀 성인기(막내가 대학생～결혼 전),"1,100~1,500만원 내외",자영업,경기
91454,20230701,"오토바이(바이크, 스쿠터)",남성,60대 이상,자녀 독립기(막내가 결혼한 상태),400만원 내외,무직/기타,전남
91464,20230701,전기 자전거,여성,50대,자녀 독립기(막내가 결혼한 상태),300만원 내외,사무직,서울
91517,20230701,"오토바이(바이크, 스쿠터)",남성,40대,자녀 성인기(막내가 대학생～결혼 전),모름,무직/기타,경기
91541,20230701,"오토바이(바이크, 스쿠터)",남성,60대 이상,자녀 독립기(막내가 결혼한 상태),200만원 내외,무직/기타,서울
91562,20230701,"오토바이(바이크, 스쿠터)",남성,40대,신혼기 초과(자녀없음),100만원 이하,무직/기타,경북
91594,20230701,"오토바이(바이크, 스쿠터)",여성,50대,자녀 성장기(막내가 초등학생～고등학생),700만원 내외,기술/숙련직,서울
91639,20230701,전동 킥보드,여성,50대,자녀 성인기(막내가 대학생～결혼 전),700만원 내외,판매/서비스직,경남
91651,20230701,전기 자전거,남성,60대 이상,자녀 독립기(막내가 결혼한 상태),500만원 내외,자영업,대구
91698,20230701,"오토바이(바이크, 스쿠터)",남성,50대,1인 가구,200만원 내외,자영업,경북
91742,20230701,"오토바이(바이크, 스쿠터)",남성,40대,자녀 유아기(막내가 초등학교 입학 전),500만원 내외,사무직,서울
91846,20230701,전기 자전거,남성,50대,자녀 성인기(막내가 대학생～결혼 전),"2,100만원 이상",판매/서비스직,경기
91854,20230701,전동 킥보드,남성,40대,자녀 유아기(막내가 초등학교 입학 전),600만원 내외,사무직,경기
91855,20230701,전동 킥보드,여성,30대,신혼기(자녀없음),700만원 내외,사무직,서울
91862,20230701,전동 킥보드,여성,20대,1인 가구,"1,100~1,500만원 내외",사무직,서울
91906,20230701,전기 자전거,여성,30대,자녀 유아기(막내가 초등학교 입학 전),600만원 내외,사무직,광주
91914,20230701,전기 자전거,남성,40대,자녀 성장기(막내가 초등학생～고등학생),"1,000만원 내외",자영업,서울
91929,20230701,"오토바이(바이크, 스쿠터)",남성,30대,신혼기 초과(자녀없음),500만원 내외,기술/숙련직,경남
91942,20230701,전동 킥보드,남성,40대,1인 가구,400만원 내외,기술/숙련직,부산
91951,20230701,전동 킥보드,남성,30대,자녀 유아기(막내가 초등학교 입학 전),600만원 내외,기술/숙련직,경기
91957,20230701,"오토바이(바이크, 스쿠터)",남성,50대,자녀 성장기(막내가 초등학생～고등학생),500만원 내외,경영/관리직,경기
91992,20230701,전기 자전거,남성,60대 이상,자녀 독립기(막내가 결혼한 상태),200만원 내외,전문직,경기
92004,20230701,"오토바이(바이크, 스쿠터)",남성,60대 이상,자녀 독립기(막내가 결혼한 상태),300만원 내외,기술/숙련직,울산
92022,20230701,"오토바이(바이크, 스쿠터)",남성,50대,자녀 성인기(막내가 대학생～결혼 전),600만원 내외,일반 공무원/준공무원,경기
92023,20230701,전기 자전거,남성,60대 이상,자녀 독립기(막내가 결혼한 상태),500만원 내외,무직/기타,대구
92034,20230701,"오토바이(바이크, 스쿠터)",남성,60대 이상,자녀 독립기(막내가 결혼한 상태),300만원 내외,무직/기타,경기
92092,20230701,"오토바이(바이크, 스쿠터)",남성,40대,1인 가구,200만원 내외,판매/서비스직,강원
92102,20230701,전동 스쿠터,여성,50대,자녀 성장기(막내가 초등학생～고등학생),600만원 내외,전업주부,경기
92139,20230701,전동 휠,남성,30대,자녀 성인기(막내가 대학생～결혼 전),900만원 내외,사무직,경기
92158,20230701,전기 자전거,남성,50대,자녀 성인기(막내가 대학생～결혼 전),700만원 내외,일반 공무원/준공무원,대전
92168,20230701,전동 휠,남성,30대,1인 가구,300만원 내외,전문직,경기
92170,20230701,"오토바이(바이크, 스쿠터)",남성,40대,자녀 독립기(막내가 결혼한 상태),700만원 내외,일반 공무원/준공무원,서울
92214,20230701,전동 스케이트보드,남성,40대,자녀 성인기(막내가 대학생～결혼 전),"1,100~1,500만원 내외",기술/숙련직,경기
92263,20230701,"오토바이(바이크, 스쿠터)",남성,50대,자녀 성인기(막내가 대학생～결혼 전),800만원 내외,사무직,인천
92311,20230701,"오토바이(바이크, 스쿠터)",남성,20대,신혼기 초과(자녀없음),"2,100만원 이상",전문직,인천
92342,20230701,전기 자전거,남성,30대,자녀 성인기(막내가 대학생～결혼 전),500만원 내외,사무직,서울
92380,20230701,전기 자전거,여성,30대,자녀 성인기(막내가 대학생～결혼 전),"1,100~1,500만원 내외",기술/숙련직,경기
92390,20230701,"오토바이(바이크, 스쿠터)",남성,20대,자녀 성인기(막내가 대학생～결혼 전),"1,100~1,500만원 내외",기술/숙련직,서울
92414,20230701,"오토바이(바이크, 스쿠터)",여성,50대,자녀 성인기(막내가 대학생～결혼 전),400만원 내외,판매/서비스직,경기
92446,20230701,"오토바이(바이크, 스쿠터)",남성,40대,1인 가구,"1,100~1,500만원 내외",사무직,경기
92452,20230701,전기 자전거,여성,50대,자녀 성인기(막내가 대학생～결혼 전),600만원 내외,무직/기타,경남
92477,20230701,전기 자전거,남성,40대,자녀 성장기(막내가 초등학생～고등학생),"1,000만원 내외",일반 공무원/준공무원,서울
92478,20230701,"오토바이(바이크, 스쿠터)",남성,50대,자녀 성인기(막내가 대학생～결혼 전),"1,100~1,500만원 내외",판매/서비스직,서울
92498,20230701,전기 자전거,여성,40대,자녀 성장기(막내가 초등학생～고등학생),700만원 내외,무직/기타,경기
92520,20230701,전기 자전거,남성,30대,신혼기 초과(자녀없음),"1,000만원 내외",사무직,서울
92548,20230701,전동 휠,남성,30대,1인 가구,500만원 내외,기술/숙련직,대구
92608,20230701,전동 킥보드,남성,50대,자녀 성장기(막내가 초등학생～고등학생),600만원 내외,기술/숙련직,경기
92625,20230701,전기 자전거,남성,40대,자녀 유아기(막내가 초등학교 입학 전),400만원 내외,일반 공무원/준공무원,경기
92664,20230701,"오토바이(바이크, 스쿠터)",남성,30대,자녀 성인기(막내가 대학생～결혼 전),"2,100만원 이상",자영업,광주
92692,20230701,"오토바이(바이크, 스쿠터)",남성,30대,자녀 성인기(막내가 대학생～결혼 전),700만원 내외,전문직,부산
92702,20230701,전동 스케이트보드,남성,30대,자녀 유아기(막내가 초등학교 입학 전),600만원 내외,일반 공무원/준공무원,서울
92730,20230701,"오토바이(바이크, 스쿠터)",남성,60대 이상,자녀 성인기(막내가 대학생～결혼 전),300만원 내외,자영업,서울
92804,20230701,전기 자전거,여성,40대,신혼기 초과(자녀없음),400만원 내외,사무직,경기
92891,20230701,"오토바이(바이크, 스쿠터)",여성,40대,신혼기(자녀없음),"1,100~1,500만원 내외",전문직,경남
92968,20230701,"오토바이(바이크, 스쿠터)",남성,50대,자녀 성장기(막내가 초등학생～고등학생),600만원 내외,사무직,서울
92977,20230701,전기 자전거,남성,50대,자녀 성인기(막내가 대학생～결혼 전),500만원 내외,기술/숙련직,서울
93007,20230701,전동 스케이트보드,남성,40대,1인 가구,800만원 내외,기술/숙련직,인천
93220,20230701,전기 자전거,남성,50대,자녀 성장기(막내가 초등학생～고등학생),600만원 내외,기술/숙련직,전남
93304,20230701,전동 킥보드,남성,40대,자녀 유아기(막내가 초등학교 입학 전),600만원 내외,일반 공무원/준공무원,전남
93342,20230701,전동 스케이트보드,여성,40대,자녀 성장기(막내가 초등학생～고등학생),700만원 내외,사무직,경북
93427,20230701,전동 킥보드,여성,30대,자녀 성장기(막내가 초등학생～고등학생),300만원 내외,전업주부,경기
93431,20230701,전동 킥보드,남성,50대,신혼기 초과(자녀없음),800만원 내외,기술/숙련직,서울
93536,20230701,전기 자전거,남성,40대,자녀 성장기(막내가 초등학생～고등학생),500만원 내외,판매/서비스직,서울
93544,20230701,전기 자전거,남성,40대,자녀 유아기(막내가 초등학교 입학 전),600만원 내외,사무직,경기
93552,20230701,전동 스케이트보드,남성,30대,1인 가구,200만원 내외,사무직,경북
93583,20230701,"오토바이(바이크, 스쿠터)",남성,30대,자녀 유아기(막내가 초등학교 입학 전),700만원 내외,기술/숙련직,서울
93654,20230701,"오토바이(바이크, 스쿠터)",남성,30대,자녀 성장기(막내가 초등학생～고등학생),700만원 내외,일반 공무원/준공무원,경남
93761,20230701,전동 킥보드,남성,40대,자녀 성장기(막내가 초등학생～고등학생),700만원 내외,일반 공무원/준공무원,서울
93786,20230701,전동 킥보드,남성,30대,자녀 성장기(막내가 초등학생～고등학생),700만원 내외,일반 공무원/준공무원,경기
93892,20230701,전동 킥보드,여성,40대,자녀 성인기(막내가 대학생～결혼 전),모름,판매/서비스직,대전
93922,20230701,전기 자전거,남성,40대,자녀 독립기(막내가 결혼한 상태),300만원 내외,사무직,경북
94055,20230701,전기 자전거,여성,60대 이상,자녀 성인기(막내가 대학생～결혼 전),"2,100만원 이상",자영업,광주
94075,20230701,"오토바이(바이크, 스쿠터)",남성,40대,자녀 성장기(막내가 초등학생～고등학생),"2,100만원 이상",자영업,인천
94115,20230701,전기 자전거,남성,60대 이상,자녀 독립기(막내가 결혼한 상태),800만원 내외,자영업,경기
94189,20230701,"오토바이(바이크, 스쿠터)",남성,40대,자녀 성인기(막내가 대학생～결혼 전),600만원 내외,자영업,인천
94199,20230701,"오토바이(바이크, 스쿠터)",남성,30대,1인 가구,600만원 내외,자영업,경기
94293,20230701,"오토바이(바이크, 스쿠터)",여성,30대,자녀 유아기(막내가 초등학교 입학 전),600만원 내외,일반 공무원/준공무원,전남
94340,20230701,전동 스케이트보드,남성,40대,신혼기 초과(자녀없음),400만원 내외,사무직,대전
94347,20230701,"오토바이(바이크, 스쿠터)",남성,60대 이상,자녀 성인기(막내가 대학생～결혼 전),"1,000만원 내외",무직/기타,서울
94351,20230701,전기 자전거,남성,40대,자녀 성장기(막내가 초등학생～고등학생),900만원 내외,기술/숙련직,경기
94352,20230701,"오토바이(바이크, 스쿠터)",남성,40대,자녀 성장기(막내가 초등학생～고등학생),500만원 내외,자영업,서울
94364,20230701,"오토바이(바이크, 스쿠터)",여성,30대,자녀 성장기(막내가 초등학생～고등학생),600만원 내외,판매/서비스직,광주
94367,20230701,전기 자전거,남성,50대,자녀 성장기(막내가 초등학생～고등학생),"1,100~1,500만원 내외",기술/숙련직,경기
94512,20230701,전기 자전거,남성,40대,자녀 성장기(막내가 초등학생～고등학생),"1,000만원 내외",사무직,대구
94543,20230701,전기 자전거,남성,40대,1인 가구,모름,사무직,서울
94622,20230701,"오토바이(바이크, 스쿠터)",남성,50대,자녀 성장기(막내가 초등학생～고등학생),500만원 내외,기술/숙련직,경남
94628,20230701,전동 킥보드,남성,50대,자녀 성장기(막내가 초등학생～고등학생),400만원 내외,사무직,대전
94674,20230701,전동 킥보드,여성,30대,자녀 성장기(막내가 초등학생～고등학생),800만원 내외,사무직,충남
94766,20230701,전기 자전거,여성,30대,1인 가구,400만원 내외,판매/서비스직,인천
94821,20230701,"오토바이(바이크, 스쿠터)",남성,40대,신혼기(자녀없음),"2,100만원 이상",전문직,경기
94881,20230701,전기 자전거,남성,50대,자녀 성장기(막내가 초등학생～고등학생),500만원 내외,자영업,부산
94889,20230701,전동 킥보드,남성,50대,자녀 성인기(막내가 대학생～결혼 전),500만원 내외,자영업,경기
94893,20230701,"오토바이(바이크, 스쿠터)",여성,40대,자녀 성장기(막내가 초등학생～고등학생),700만원 내외,사무직,서울
94903,20230701,"오토바이(바이크, 스쿠터)",남성,50대,자녀 독립기(막내가 결혼한 상태),200만원 내외,사무직,부산
94909,20230701,전동 킥보드,여성,50대,자녀 독립기(막내가 결혼한 상태),200만원 내외,일반 공무원/준공무원,충북
94921,20230701,전동 휠,남성,40대,1인 가구,100만원 이하,판매/서비스직,경기
95030,20230701,"오토바이(바이크, 스쿠터)",남성,50대,1인 가구,300만원 내외,기술/숙련직,서울
95090,20230701,전기 자전거,남성,50대,자녀 성장기(막내가 초등학생～고등학생),500만원 내외,기술/숙련직,경기
95118,20230701,"오토바이(바이크, 스쿠터)",여성,40대,자녀 성장기(막내가 초등학생～고등학생),800만원 내외,사무직,서울
95135,20230701,"오토바이(바이크, 스쿠터)",남성,40대,신혼기 초과(자녀없음),500만원 내외,기술/숙련직,경기
95303,20230701,전기 자전거,여성,30대,자녀 성장기(막내가 초등학생～고등학생),"1,000만원 내외",무직/기타,서울
95321,20230701,전기 자전거,여성,40대,자녀 성장기(막내가 초등학생～고등학생),400만원 내외,전업주부,대구
95322,20230701,"오토바이(바이크, 스쿠터)",남성,40대,자녀 유아기(막내가 초등학교 입학 전),500만원 내외,기술/숙련직,대구
95380,20230701,전기 자전거,남성,50대,자녀 성인기(막내가 대학생～결혼 전),"1,000만원 내외",자영업,서울
95383,20230701,전동 킥보드,남성,50대,자녀 성인기(막내가 대학생～결혼 전),500만원 내외,일반 공무원/준공무원,경기
95425,20230701,전동 스쿠터,남성,40대,자녀 유아기(막내가 초등학교 입학 전),500만원 내외,무직/기타,부산
95500,20230701,전기 자전거,여성,30대,신혼기 초과(자녀없음),500만원 내외,사무직,경기
95560,20230701,전기 자전거,여성,40대,자녀 유아기(막내가 초등학교 입학 전),300만원 내외,자영업,강원
95659,20230701,"오토바이(바이크, 스쿠터)",여성,40대,자녀 성장기(막내가 초등학생～고등학생),"1,100~1,500만원 내외",사무직,울산
95688,20230701,"오토바이(바이크, 스쿠터)",남성,40대,자녀 성장기(막내가 초등학생～고등학생),모름,전문직,대전
95711,20230701,전동 킥보드,여성,40대,자녀 유아기(막내가 초등학교 입학 전),500만원 내외,판매/서비스직,충남
95738,20230701,전기 자전거,남성,30대,자녀 유아기(막내가 초등학교 입학 전),400만원 내외,일반 공무원/준공무원,서울
95774,20230701,전동 킥보드,여성,30대,1인 가구,500만원 내외,판매/서비스직,서울
95896,20230701,전동 스케이트보드,남성,50대,자녀 성인기(막내가 대학생～결혼 전),"1,000만원 내외",경영/관리직,서울
95940,20230701,전기 자전거,남성,40대,자녀 성장기(막내가 초등학생～고등학생),"1,100~1,500만원 내외",판매/서비스직,대구
96166,20230701,전기 자전거,남성,30대,1인 가구,600만원 내외,일반 공무원/준공무원,경북
96173,20230701,전동 킥보드,여성,30대,자녀 성인기(막내가 대학생～결혼 전),모름,자영업,경기
96178,20230701,"오토바이(바이크, 스쿠터)",남성,40대,자녀 성장기(막내가 초등학생～고등학생),"1,100~1,500만원 내외",사무직,경기
96211,20230701,"오토바이(바이크, 스쿠터)",여성,30대,1인 가구,모름,경영/관리직,경기
96216,20230701,전동 휠,남성,40대,자녀 성장기(막내가 초등학생～고등학생),900만원 내외,사무직,인천
96265,20230701,전기 자전거,남성,60대 이상,자녀 성인기(막내가 대학생～결혼 전),"1,000만원 내외",기술/숙련직,경기
96272,20230701,전기 자전거,남성,50대,자녀 유아기(막내가 초등학교 입학 전),500만원 내외,사무직,서울
96334,20230701,"오토바이(바이크, 스쿠터)",남성,50대,1인 가구,500만원 내외,일반 공무원/준공무원,서울
96347,20230701,"오토바이(바이크, 스쿠터)",남성,30대,1인 가구,500만원 내외,사무직,경기
96388,20230701,전기 자전거,남성,30대,신혼기 초과(자녀없음),600만원 내외,기술/숙련직,경기
96399,20230701,전동 킥보드,남성,50대,1인 가구,"1,100~1,500만원 내외",무직/기타,서울
96459,20230701,전동 휠,남성,40대,자녀 성장기(막내가 초등학생～고등학생),700만원 내외,일반 공무원/준공무원,서울
96470,20230701,전기 자전거,남성,60대 이상,자녀 독립기(막내가 결혼한 상태),600만원 내외,자영업,충남
96528,20230701,전동 킥보드,남성,50대,자녀 성인기(막내가 대학생～결혼 전),700만원 내외,전문직,서울
96529,20230701,전동 킥보드,남성,60대 이상,자녀 성인기(막내가 대학생～결혼 전),300만원 내외,사무직,광주
96592,20230701,전동 킥보드,남성,30대,자녀 유아기(막내가 초등학교 입학 전),500만원 내외,기술/숙련직,경기
96624,20230701,전동 킥보드,여성,30대,자녀 유아기(막내가 초등학교 입학 전),600만원 내외,사무직,경기
96628,20230701,"오토바이(바이크, 스쿠터)",남성,40대,자녀 성장기(막내가 초등학생～고등학생),400만원 내외,일반 공무원/준공무원,서울
96645,20230701,전동 스케이트보드,남성,40대,자녀 성장기(막내가 초등학생～고등학생),500만원 내외,기술/숙련직,서울
96687,20230701,"오토바이(바이크, 스쿠터)",남성,60대 이상,자녀 독립기(막내가 결혼한 상태),"1,000만원 내외",무직/기타,경기
96694,20230701,"오토바이(바이크, 스쿠터)",남성,50대,신혼기(자녀없음),100만원 이하,자영업,전남
96715,20230701,전동 스쿠터,여성,30대,1인 가구,300만원 내외,자영업,경기
96775,20230701,전기 자전거,여성,40대,자녀 유아기(막내가 초등학교 입학 전),"1,000만원 내외",기술/숙련직,경기
96818,20230701,"오토바이(바이크, 스쿠터)",남성,40대,자녀 성인기(막내가 대학생～결혼 전),500만원 내외,기술/숙련직,울산
96909,20230701,전동 스쿠터,남성,50대,1인 가구,300만원 내외,무직/기타,서울
96955,20230701,전동 스쿠터,남성,40대,자녀 유아기(막내가 초등학교 입학 전),500만원 내외,일반 공무원/준공무원,전남
96957,20230701,전동 킥보드,여성,40대,자녀 성장기(막내가 초등학생～고등학생),700만원 내외,전업주부,경기
97003,20230701,전동 킥보드,남성,60대 이상,자녀 성인기(막내가 대학생～결혼 전),500만원 내외,기술/숙련직,서울
97007,20230701,전동 킥보드,여성,40대,자녀 성장기(막내가 초등학생～고등학생),600만원 내외,자영업,전북
97014,20230701,전기 자전거,남성,50대,1인 가구,모름,무직/기타,인천
97030,20230701,전동 킥보드,남성,40대,자녀 성인기(막내가 대학생～결혼 전),300만원 내외,자영업,경기
97070,20230701,전동 킥보드,남성,20대,1인 가구,300만원 내외,기술/숙련직,경기
97076,20230701,전기 자전거,남성,60대 이상,자녀 독립기(막내가 결혼한 상태),400만원 내외,무직/기타,전남
97077,20230701,전기 자전거,남성,60대 이상,자녀 성인기(막내가 대학생～결혼 전),700만원 내외,무직/기타,서울
97095,20230701,"오토바이(바이크, 스쿠터)",여성,40대,자녀 성장기(막내가 초등학생～고등학생),300만원 내외,사무직,경남
97126,20230701,"오토바이(바이크, 스쿠터)",남성,40대,자녀 성장기(막내가 초등학생～고등학생),600만원 내외,무직/기타,울산
97156,20230701,전기 자전거,여성,40대,자녀 유아기(막내가 초등학교 입학 전),800만원 내외,사무직,서울
97252,20230701,"오토바이(바이크, 스쿠터)",여성,50대,자녀 성인기(막내가 대학생～결혼 전),500만원 내외,전업주부,경기
97282,20230701,전기 자전거,남성,60대 이상,자녀 성인기(막내가 대학생～결혼 전),500만원 내외,무직/기타,충남
97290,20230701,전기 자전거,남성,30대,자녀 유아기(막내가 초등학교 입학 전),300만원 내외,사무직,대전
97292,20230701,전기 자전거,남성,50대,자녀 성인기(막내가 대학생～결혼 전),700만원 내외,기술/숙련직,경기
97328,20230701,전기 자전거,남성,40대,신혼기 초과(자녀없음),300만원 내외,사무직,경기
97338,20230701,"오토바이(바이크, 스쿠터)",여성,50대,신혼기(자녀없음),100만원 이하,무직/기타,광주
97346,20230701,"오토바이(바이크, 스쿠터)",남성,40대,자녀 성장기(막내가 초등학생～고등학생),700만원 내외,일반 공무원/준공무원,서울
97366,20230701,전동 스쿠터,여성,30대,자녀 성장기(막내가 초등학생～고등학생),700만원 내외,기술/숙련직,경남
97423,20230701,"오토바이(바이크, 스쿠터)",여성,60대 이상,자녀 성인기(막내가 대학생～결혼 전),200만원 내외,무직/기타,인천
97440,20230701,전동 킥보드,남성,40대,자녀 성장기(막내가 초등학생～고등학생),400만원 내외,기술/숙련직,경북
97484,20230701,전동 킥보드,남성,40대,자녀 유아기(막내가 초등학교 입학 전),600만원 내외,일반 공무원/준공무원,부산
97485,20230701,전동 킥보드,여성,50대,자녀 성장기(막내가 초등학생～고등학생),100만원 이하,무직/기타,경기
97534,20230701,"오토바이(바이크, 스쿠터)",남성,40대,1인 가구,400만원 내외,자영업,경남
97549,20230701,"오토바이(바이크, 스쿠터)",남성,60대 이상,자녀 성인기(막내가 대학생～결혼 전),500만원 내외,기술/숙련직,강원
97590,20230701,"오토바이(바이크, 스쿠터)",남성,40대,자녀 성장기(막내가 초등학생～고등학생),"1,600~2,000만원 내외",자영업,인천
97600,20230701,전동 킥보드,남성,30대,자녀 유아기(막내가 초등학교 입학 전),500만원 내외,일반 공무원/준공무원,전남
97618,20230701,전동 킥보드,남성,40대,자녀 유아기(막내가 초등학교 입학 전),300만원 내외,기술/숙련직,광주
97647,20230701,"오토바이(바이크, 스쿠터)",남성,40대,자녀 성장기(막내가 초등학생～고등학생),600만원 내외,사무직,충남
97670,20230701,"오토바이(바이크, 스쿠터)",여성,50대,자녀 성장기(막내가 초등학생～고등학생),600만원 내외,사무직,부산
97706,20230701,전동 킥보드,여성,30대,자녀 유아기(막내가 초등학교 입학 전),500만원 내외,전업주부,경남
97718,20230701,"오토바이(바이크, 스쿠터)",남성,40대,자녀 성장기(막내가 초등학생～고등학생),"1,000만원 내외",자영업,서울
97726,20230701,전동 스케이트보드,여성,20대,신혼기(자녀없음),900만원 내외,사무직,강원
97738,20230701,전동 킥보드,여성,30대,자녀 성장기(막내가 초등학생～고등학생),"1,000만원 내외",사무직,인천
97760,20230701,전기 자전거,남성,40대,1인 가구,500만원 내외,자영업,대구
97808,20230701,전기 자전거,남성,40대,자녀 성장기(막내가 초등학생～고등학생),400만원 내외,기술/숙련직,경기
97811,20230701,"오토바이(바이크, 스쿠터)",남성,30대,1인 가구,300만원 내외,사무직,인천
97819,20230701,"오토바이(바이크, 스쿠터)",여성,40대,자녀 성장기(막내가 초등학생～고등학생),900만원 내외,자영업,충북
97878,20230701,전동 휠,여성,50대,자녀 성인기(막내가 대학생～결혼 전),400만원 내외,자영업,서울
97906,20230701,전동 킥보드,여성,50대,자녀 성인기(막내가 대학생～결혼 전),600만원 내외,전업주부,서울
97914,20230701,전동 스케이트보드,남성,40대,자녀 성장기(막내가 초등학생～고등학생),600만원 내외,사무직,서울
97943,20230701,전동 휠,남성,50대,신혼기(자녀없음),모름,무직/기타,경기
97946,20230701,전기 자전거,여성,40대,자녀 성장기(막내가 초등학생～고등학생),400만원 내외,기술/숙련직,경기
97970,20230701,전동 킥보드,여성,40대,자녀 성장기(막내가 초등학생～고등학생),500만원 내외,사무직,경기
97982,20230701,전동 스케이트보드,여성,40대,자녀 성장기(막내가 초등학생～고등학생),500만원 내외,사무직,경기
98023,20230701,"오토바이(바이크, 스쿠터)",남성,50대,1인 가구,700만원 내외,자영업,부산
98054,20230701,전동 킥보드,남성,40대,자녀 유아기(막내가 초등학교 입학 전),300만원 내외,판매/서비스직,대전
98060,20230701,전기 자전거,남성,40대,신혼기(자녀없음),500만원 내외,기술/숙련직,대전
98084,20230701,전기 자전거,남성,50대,신혼기(자녀없음),500만원 내외,기술/숙련직,경기
98092,20230701,전동 킥보드,남성,40대,자녀 유아기(막내가 초등학교 입학 전),800만원 내외,사무직,경기
98113,20230701,전기 자전거,남성,50대,자녀 성장기(막내가 초등학생～고등학생),500만원 내외,사무직,서울
98136,20230701,"오토바이(바이크, 스쿠터)",남성,30대,1인 가구,600만원 내외,기술/숙련직,울산
98143,20230701,"오토바이(바이크, 스쿠터)",남성,30대,자녀 유아기(막내가 초등학교 입학 전),700만원 내외,자영업,서울
98165,20230701,전동 킥보드,남성,60대 이상,자녀 독립기(막내가 결혼한 상태),"1,000만원 내외",자영업,서울
98183,20230701,전동 킥보드,여성,30대,1인 가구,300만원 내외,무직/기타,경기
98184,20230701,"오토바이(바이크, 스쿠터)",남성,40대,자녀 성장기(막내가 초등학생～고등학생),300만원 내외,판매/서비스직,부산
98205,20230701,"오토바이(바이크, 스쿠터)",남성,50대,자녀 성인기(막내가 대학생～결혼 전),800만원 내외,경영/관리직,서울
98212,20230701,전동 스쿠터,남성,30대,자녀 유아기(막내가 초등학교 입학 전),200만원 내외,기술/숙련직,전북
98217,20230701,전동 휠,여성,40대,자녀 성장기(막내가 초등학생～고등학생),700만원 내외,전업주부,서울
98260,20230701,"오토바이(바이크, 스쿠터)",남성,50대,1인 가구,500만원 내외,자영업,서울
98332,20230701,전동 킥보드,남성,40대,자녀 성인기(막내가 대학생～결혼 전),600만원 내외,기술/숙련직,인천
98337,20230701,"오토바이(바이크, 스쿠터)",남성,50대,1인 가구,300만원 내외,기술/숙련직,부산
98342,20230701,전동 킥보드,남성,50대,자녀 성인기(막내가 대학생～결혼 전),"1,000만원 내외",일반 공무원/준공무원,경기
98345,20230701,전동 킥보드,남성,40대,자녀 성장기(막내가 초등학생～고등학생),"1,000만원 내외",기술/숙련직,경기
98436,20230701,전기 자전거,남성,50대,자녀 성장기(막내가 초등학생～고등학생),700만원 내외,무직/기타,부산
98488,20230701,"오토바이(바이크, 스쿠터)",남성,40대,자녀 독립기(막내가 결혼한 상태),300만원 내외,판매/서비스직,경기
98496,20230701,"오토바이(바이크, 스쿠터)",여성,40대,신혼기 초과(자녀없음),400만원 내외,전업주부,강원
98505,20230701,"오토바이(바이크, 스쿠터)",남성,50대,자녀 독립기(막내가 결혼한 상태),"1,100~1,500만원 내외",기술/숙련직,경기
98522,20230701,"오토바이(바이크, 스쿠터)",남성,40대,1인 가구,300만원 내외,판매/서비스직,대전
98523,20230701,"오토바이(바이크, 스쿠터)",남성,50대,자녀 성장기(막내가 초등학생～고등학생),300만원 내외,기술/숙련직,대구
98532,20230701,"오토바이(바이크, 스쿠터)",남성,30대,1인 가구,100만원 이하,자영업,경기
98559,20230701,전동 킥보드,여성,40대,자녀 성장기(막내가 초등학생～고등학생),600만원 내외,자영업,부산
98576,20230701,전동 스케이트보드,남성,30대,1인 가구,"1,000만원 내외",자영업,대구
98582,20230701,전동 스쿠터,남성,40대,자녀 유아기(막내가 초등학교 입학 전),300만원 내외,사무직,서울
98612,20230701,전동 킥보드,남성,20대,1인 가구,300만원 내외,사무직,서울
98617,20230701,전기 자전거,남성,40대,1인 가구,200만원 내외,자영업,부산
98625,20230701,전동 킥보드,남성,40대,자녀 유아기(막내가 초등학교 입학 전),800만원 내외,사무직,경기
98633,20230701,전동 스쿠터,남성,50대,자녀 성장기(막내가 초등학생～고등학생),500만원 내외,자영업,경기
98652,20230701,전기 자전거,남성,50대,자녀 성인기(막내가 대학생～결혼 전),700만원 내외,전문직,대구
98698,20230701,전기 자전거,남성,50대,신혼기 초과(자녀없음),300만원 내외,전문직,경기
98701,20230701,전동 킥보드,여성,50대,자녀 성인기(막내가 대학생～결혼 전),500만원 내외,일반 공무원/준공무원,경기
98747,20230701,전동 스케이트보드,남성,50대,자녀 성장기(막내가 초등학생～고등학생),300만원 내외,판매/서비스직,서울
98778,20230701,전기 자전거,남성,60대 이상,자녀 성인기(막내가 대학생～결혼 전),200만원 내외,무직/기타,대구
98798,20230701,"오토바이(바이크, 스쿠터)",여성,40대,자녀 성장기(막내가 초등학생～고등학생),700만원 내외,일반 공무원/준공무원,울산
98828,20230701,"오토바이(바이크, 스쿠터)",남성,40대,신혼기 초과(자녀없음),500만원 내외,자영업,경기
98848,20230701,전동 킥보드,남성,30대,신혼기(자녀없음),900만원 내외,사무직,경기
98876,20230701,"오토바이(바이크, 스쿠터)",남성,50대,자녀 성장기(막내가 초등학생～고등학생),600만원 내외,기술/숙련직,인천
98877,20230701,전동 킥보드,남성,40대,자녀 성장기(막내가 초등학생～고등학생),600만원 내외,사무직,경기
98907,20230701,전동 킥보드,남성,30대,1인 가구,300만원 내외,일반 공무원/준공무원,경기
98964,20230701,"오토바이(바이크, 스쿠터)",여성,50대,자녀 성장기(막내가 초등학생～고등학생),"1,000만원 내외",전업주부,서울
98983,20230701,전동 스쿠터,남성,50대,자녀 성인기(막내가 대학생～결혼 전),500만원 내외,기술/숙련직,경기
99013,20230701,전동 스케이트보드,남성,50대,자녀 성장기(막내가 초등학생～고등학생),"1,000만원 내외",사무직,서울
99034,20230701,"오토바이(바이크, 스쿠터)",남성,40대,자녀 성장기(막내가 초등학생～고등학생),500만원 내외,사무직,경기
99043,20230701,전기 자전거,남성,50대,자녀 성인기(막내가 대학생～결혼 전),500만원 내외,전문직,부산
99069,20230701,전기 자전거,남성,50대,자녀 성장기(막내가 초등학생～고등학생),300만원 내외,기술/숙련직,서울
99070,20230701,전동 킥보드,남성,40대,자녀 성장기(막내가 초등학생～고등학생),300만원 내외,기술/숙련직,전북
99104,20230701,"오토바이(바이크, 스쿠터)",남성,30대,1인 가구,300만원 내외,자영업,대구
99114,20230701,전동 킥보드,남성,50대,자녀 성인기(막내가 대학생～결혼 전),"1,100~1,500만원 내외",기술/숙련직,울산
99117,20230701,"오토바이(바이크, 스쿠터)",남성,40대,자녀 성장기(막내가 초등학생～고등학생),700만원 내외,자영업,서울
99120,20230701,"오토바이(바이크, 스쿠터)",남성,50대,자녀 성인기(막내가 대학생～결혼 전),400만원 내외,자영업,제주
99125,20230701,전동 킥보드,남성,30대,자녀 독립기(막내가 결혼한 상태),모름,무직/기타,경기
99162,20230701,전동 스케이트보드,남성,30대,신혼기(자녀없음),400만원 내외,기술/숙련직,서울
99164,20230701,전기 자전거,남성,50대,1인 가구,700만원 내외,사무직,부산
99166,20230701,"오토바이(바이크, 스쿠터)",남성,30대,자녀 유아기(막내가 초등학교 입학 전),300만원 내외,자영업,서울
99167,20230701,전동 스케이트보드,남성,50대,자녀 유아기(막내가 초등학교 입학 전),300만원 내외,기술/숙련직,대구
99172,20230701,전동 킥보드,남성,40대,1인 가구,500만원 내외,판매/서비스직,경북
99190,20230701,전기 자전거,여성,60대 이상,자녀 성인기(막내가 대학생～결혼 전),600만원 내외,판매/서비스직,서울
99209,20230701,"오토바이(바이크, 스쿠터)",여성,50대,자녀 독립기(막내가 결혼한 상태),600만원 내외,전업주부,서울
99296,20230701,"오토바이(바이크, 스쿠터)",남성,40대,자녀 성장기(막내가 초등학생～고등학생),700만원 내외,자영업,부산
99303,20230701,"오토바이(바이크, 스쿠터)",남성,50대,1인 가구,200만원 내외,기술/숙련직,경북
99318,20230701,"오토바이(바이크, 스쿠터)",남성,50대,자녀 성인기(막내가 대학생～결혼 전),700만원 내외,자영업,서울
99319,20230701,"오토바이(바이크, 스쿠터)",남성,40대,1인 가구,"1,000만원 내외",일반 공무원/준공무원,경남
99325,20230701,전동 휠,여성,50대,신혼기 초과(자녀없음),400만원 내외,기술/숙련직,인천
99334,20230701,전동 킥보드,남성,50대,자녀 성인기(막내가 대학생～결혼 전),500만원 내외,자영업,대구
99345,20230701,전기 자전거,남성,60대 이상,자녀 독립기(막내가 결혼한 상태),600만원 내외,무직/기타,경기
99346,20230701,전기 자전거,여성,30대,자녀 성인기(막내가 대학생～결혼 전),"1,600~2,000만원 내외",사무직,경기
99358,20230701,"오토바이(바이크, 스쿠터)",여성,30대,자녀 유아기(막내가 초등학교 입학 전),700만원 내외,자영업,경기
99397,20230701,"오토바이(바이크, 스쿠터)",남성,50대,자녀 성인기(막내가 대학생～결혼 전),"2,100만원 이상",전문직,강원
99426,20230701,"오토바이(바이크, 스쿠터)",남성,40대,자녀 성장기(막내가 초등학생～고등학생),500만원 내외,자영업,서울
99441,20230701,"오토바이(바이크, 스쿠터)",남성,40대,신혼기(자녀없음),500만원 내외,판매/서비스직,서울
99446,20230701,전동 스쿠터,남성,60대 이상,자녀 성인기(막내가 대학생～결혼 전),모름,사무직,경기
99466,20230701,전동 킥보드,여성,50대,자녀 성인기(막내가 대학생～결혼 전),800만원 내외,사무직,경기
99484,20230701,전기 자전거,여성,50대,자녀 성인기(막내가 대학생～결혼 전),"1,600~2,000만원 내외",자영업,부산
99489,20230701,"오토바이(바이크, 스쿠터)",남성,50대,1인 가구,100만원 이하,자영업,서울
99502,20230701,전동 킥보드,남성,50대,자녀 성장기(막내가 초등학생～고등학생),모름,자영업,경기
99504,20230701,전동 킥보드,여성,40대,자녀 성장기(막내가 초등학생～고등학생),"1,000만원 내외",일반 공무원/준공무원,경기
99509,20230701,전동 킥보드,여성,50대,자녀 성장기(막내가 초등학생～고등학생),400만원 내외,판매/서비스직,서울
99528,20230701,전동 스케이트보드,남성,30대,자녀 성장기(막내가 초등학생～고등학생),300만원 내외,기술/숙련직,부산
99540,20230701,전기 자전거,여성,50대,자녀 성인기(막내가 대학생～결혼 전),300만원 내외,무직/기타,전북
99545,20230701,전기 자전거,여성,50대,자녀 성인기(막내가 대학생～결혼 전),"1,100~1,500만원 내외",사무직,서울
99552,20230701,전기 자전거,남성,50대,자녀 성인기(막내가 대학생～결혼 전),600만원 내외,기술/숙련직,서울
99562,20230701,"오토바이(바이크, 스쿠터)",남성,50대,신혼기 초과(자녀없음),500만원 내외,일반 공무원/준공무원,경기
99563,20230701,전동 휠,남성,50대,자녀 성인기(막내가 대학생～결혼 전),"1,100~1,500만원 내외",자영업,인천
99572,20230701,"오토바이(바이크, 스쿠터)",여성,40대,자녀 성장기(막내가 초등학생～고등학생),"2,100만원 이상",전업주부,경남
99578,20230701,전동 스쿠터,남성,60대 이상,자녀 성인기(막내가 대학생～결혼 전),900만원 내외,기술/숙련직,경기
99582,20230701,전동 스케이트보드,남성,40대,자녀 성장기(막내가 초등학생～고등학생),100만원 이하,무직/기타,서울
99596,20230701,전기 자전거,여성,30대,자녀 성인기(막내가 대학생～결혼 전),800만원 내외,사무직,경남
99635,20230701,"오토바이(바이크, 스쿠터)",남성,30대,1인 가구,300만원 내외,전문직,전남
99650,20230701,전기 자전거,남성,30대,자녀 유아기(막내가 초등학교 입학 전),"1,000만원 내외",기술/숙련직,경남
99658,20230701,전기 자전거,남성,60대 이상,자녀 성인기(막내가 대학생～결혼 전),500만원 내외,무직/기타,경기
99667,20230701,전기 자전거,남성,50대,자녀 성인기(막내가 대학생～결혼 전),"2,100만원 이상",자영업,광주
99686,20230701,전동 휠,남성,50대,자녀 성장기(막내가 초등학생～고등학생),"1,000만원 내외",자영업,경기
99693,20230701,"오토바이(바이크, 스쿠터)",남성,40대,자녀 유아기(막내가 초등학교 입학 전),500만원 내외,기술/숙련직,서울
99714,20230701,"오토바이(바이크, 스쿠터)",남성,50대,자녀 성인기(막내가 대학생～결혼 전),"1,000만원 내외",판매/서비스직,대구
99718,20230701,"오토바이(바이크, 스쿠터)",남성,40대,자녀 유아기(막내가 초등학교 입학 전),"1,000만원 내외",자영업,대구
99719,20230701,"오토바이(바이크, 스쿠터)",남성,60대 이상,자녀 성인기(막내가 대학생～결혼 전),"1,600~2,000만원 내외",기술/숙련직,울산
99720,20230701,전동 휠,여성,40대,자녀 성장기(막내가 초등학생～고등학생),400만원 내외,전업주부,경북
99744,20230701,전동 킥보드,남성,50대,자녀 성장기(막내가 초등학생～고등학생),500만원 내외,사무직,서울
99749,20230701,전동 킥보드,여성,40대,1인 가구,300만원 내외,판매/서비스직,부산
99756,20230701,전기 자전거,남성,40대,자녀 성장기(막내가 초등학생～고등학생),"1,600~2,000만원 내외",사무직,서울
99758,20230701,전동 킥보드,여성,40대,자녀 유아기(막내가 초등학교 입학 전),"1,000만원 내외",자영업,경기
99766,20230701,전기 자전거,여성,60대 이상,자녀 성인기(막내가 대학생～결혼 전),400만원 내외,기술/숙련직,경기
99803,20230701,전기 자전거,여성,40대,자녀 성장기(막내가 초등학생～고등학생),"1,100~1,500만원 내외",사무직,부산
99814,20230701,"오토바이(바이크, 스쿠터)",남성,40대,자녀 성장기(막내가 초등학생～고등학생),500만원 내외,자영업,서울
99824,20230701,"오토바이(바이크, 스쿠터)",남성,40대,자녀 성장기(막내가 초등학생～고등학생),800만원 내외,무직/기타,경남
99830,20230701,전동 킥보드,남성,60대 이상,자녀 독립기(막내가 결혼한 상태),"1,100~1,500만원 내외",경영/관리직,서울
99833,20230701,"오토바이(바이크, 스쿠터)",남성,40대,1인 가구,모름,자영업,경기
99843,20230701,전동 킥보드,남성,60대 이상,자녀 성인기(막내가 대학생～결혼 전),900만원 내외,무직/기타,서울
99866,20230701,전동 킥보드,남성,40대,자녀 유아기(막내가 초등학교 입학 전),"1,000만원 내외",일반 공무원/준공무원,부산
99885,20230701,"오토바이(바이크, 스쿠터)",남성,40대,자녀 유아기(막내가 초등학교 입학 전),"1,000만원 내외",사무직,경기
99887,20230701,전기 자전거,여성,30대,자녀 유아기(막내가 초등학교 입학 전),500만원 내외,판매/서비스직,대구
99896,20230701,"오토바이(바이크, 스쿠터)",남성,50대,자녀 성인기(막내가 대학생～결혼 전),"1,000만원 내외",자영업,인천
99923,20230701,전기 자전거,남성,20대,신혼기(자녀없음),400만원 내외,기술/숙련직,경기
99929,20230701,전기 자전거,여성,30대,자녀 성장기(막내가 초등학생～고등학생),500만원 내외,전업주부,경기
99947,20230701,"오토바이(바이크, 스쿠터)",남성,40대,자녀 성장기(막내가 초등학생～고등학생),800만원 내외,사무직,울산
99949,20230701,전동 킥보드,남성,50대,자녀 성인기(막내가 대학생～결혼 전),500만원 내외,자영업,서울
99971,20230701,"오토바이(바이크, 스쿠터)",남성,50대,자녀 성인기(막내가 대학생～결혼 전),"1,000만원 내외",자영업,서울
99975,20230701,"오토바이(바이크, 스쿠터)",남성,40대,1인 가구,400만원 내외,기술/숙련직,경기
99994,20230701,"오토바이(바이크, 스쿠터)",여성,30대,1인 가구,"2,100만원 이상",무직/기타,서울
99997,20230701,"오토바이(바이크, 스쿠터)",남성,50대,자녀 성장기(막내가 초등학생～고등학생),300만원 내외,기술/숙련직,부산
100012,20230701,전동 스쿠터,남성,50대,신혼기 초과(자녀없음),300만원 내외,무직/기타,대구
100031,20230701,"오토바이(바이크, 스쿠터)",남성,50대,1인 가구,100만원 이하,자영업,서울
100043,20230701,전동 킥보드,남성,30대,1인 가구,200만원 내외,무직/기타,경북
100072,20230701,"오토바이(바이크, 스쿠터)",남성,30대,자녀 성인기(막내가 대학생～결혼 전),"1,600~2,000만원 내외",판매/서비스직,경기
100093,20230701,전기 자전거,남성,40대,자녀 성장기(막내가 초등학생～고등학생),900만원 내외,사무직,경기
100094,20230701,"오토바이(바이크, 스쿠터)",남성,40대,자녀 성장기(막내가 초등학생～고등학생),700만원 내외,사무직,경기
100102,20230701,"오토바이(바이크, 스쿠터)",남성,50대,자녀 유아기(막내가 초등학교 입학 전),700만원 내외,경영/관리직,서울
100114,20230701,"오토바이(바이크, 스쿠터)",남성,20대,자녀 성장기(막내가 초등학생～고등학생),500만원 내외,판매/서비스직,충북
100118,20230701,전기 자전거,남성,60대 이상,자녀 성인기(막내가 대학생～결혼 전),400만원 내외,무직/기타,서울
100143,20230701,전동 킥보드,남성,40대,자녀 성장기(막내가 초등학생～고등학생),500만원 내외,사무직,서울
100144,20230701,전동 킥보드,남성,30대,1인 가구,400만원 내외,무직/기타,충남
100150,20230701,전동 킥보드,남성,30대,자녀 성인기(막내가 대학생～결혼 전),500만원 내외,사무직,대구
100152,20230701,전기 자전거,남성,40대,자녀 성장기(막내가 초등학생～고등학생),700만원 내외,자영업,서울
100171,20230701,전동 스케이트보드,남성,50대,자녀 성장기(막내가 초등학생～고등학생),"1,000만원 내외",전문직,부산
100195,20230701,"오토바이(바이크, 스쿠터)",여성,40대,자녀 성장기(막내가 초등학생～고등학생),900만원 내외,전문직,부산
100207,20230701,"오토바이(바이크, 스쿠터)",여성,50대,자녀 성인기(막내가 대학생～결혼 전),600만원 내외,기술/숙련직,부산
100216,20230701,전기 자전거,여성,60대 이상,자녀 성인기(막내가 대학생～결혼 전),200만원 내외,전업주부,경기
100231,20230701,"오토바이(바이크, 스쿠터)",남성,60대 이상,자녀 성인기(막내가 대학생～결혼 전),700만원 내외,무직/기타,경기
100247,20230701,전동 킥보드,남성,50대,자녀 성장기(막내가 초등학생～고등학생),500만원 내외,일반 공무원/준공무원,강원
100259,20230701,"오토바이(바이크, 스쿠터)",남성,40대,자녀 유아기(막내가 초등학교 입학 전),300만원 내외,판매/서비스직,울산
100279,20230701,전기 자전거,남성,60대 이상,자녀 독립기(막내가 결혼한 상태),500만원 내외,자영업,대구
100280,20230701,"오토바이(바이크, 스쿠터)",남성,50대,자녀 성인기(막내가 대학생～결혼 전),600만원 내외,무직/기타,경기
100304,20230701,"오토바이(바이크, 스쿠터)",남성,40대,자녀 유아기(막내가 초등학교 입학 전),500만원 내외,사무직,서울
100305,20230701,전기 자전거,여성,60대 이상,자녀 독립기(막내가 결혼한 상태),400만원 내외,전업주부,서울
100309,20230701,전기 자전거,여성,50대,자녀 성인기(막내가 대학생～결혼 전),700만원 내외,무직/기타,서울
100318,20230701,전동 휠,남성,60대 이상,자녀 성인기(막내가 대학생～결혼 전),400만원 내외,일반 공무원/준공무원,인천
100338,20230701,"오토바이(바이크, 스쿠터)",여성,50대,자녀 성인기(막내가 대학생～결혼 전),"1,000만원 내외",판매/서비스직,부산
100351,20230701,"오토바이(바이크, 스쿠터)",남성,60대 이상,자녀 독립기(막내가 결혼한 상태),400만원 내외,무직/기타,울산
100366,20230701,"오토바이(바이크, 스쿠터)",남성,30대,자녀 유아기(막내가 초등학교 입학 전),800만원 내외,자영업,대구
100372,20230701,"오토바이(바이크, 스쿠터)",남성,40대,자녀 성장기(막내가 초등학생～고등학생),600만원 내외,무직/기타,부산
100382,20230701,"오토바이(바이크, 스쿠터)",남성,50대,자녀 성인기(막내가 대학생～결혼 전),"1,100~1,500만원 내외",사무직,강원
100398,20230701,"오토바이(바이크, 스쿠터)",남성,50대,자녀 독립기(막내가 결혼한 상태),700만원 내외,자영업,서울
100409,20230701,전기 자전거,남성,50대,자녀 성인기(막내가 대학생～결혼 전),"1,000만원 내외",경영/관리직,경기
100420,20230701,"오토바이(바이크, 스쿠터)",남성,40대,신혼기(자녀없음),500만원 내외,무직/기타,경북
100423,20230701,"오토바이(바이크, 스쿠터)",남성,30대,1인 가구,500만원 내외,사무직,부산
100425,20230701,전동 킥보드,여성,40대,자녀 성장기(막내가 초등학생～고등학생),500만원 내외,전업주부,경기
100429,20230701,"오토바이(바이크, 스쿠터)",여성,30대,1인 가구,"1,100~1,500만원 내외",기술/숙련직,서울
100433,20230701,"오토바이(바이크, 스쿠터)",남성,30대,1인 가구,모름,기술/숙련직,제주
100440,20230701,전동 휠,여성,40대,자녀 성장기(막내가 초등학생～고등학생),700만원 내외,판매/서비스직,경기
100441,20230701,전기 자전거,여성,20대,자녀 독립기(막내가 결혼한 상태),"1,000만원 내외",학생,대구
100442,20230701,전동 휠,남성,30대,신혼기(자녀없음),모름,무직/기타,광주
100463,20230701,전기 자전거,남성,50대,자녀 성인기(막내가 대학생～결혼 전),600만원 내외,사무직,경기
100468,20230701,"오토바이(바이크, 스쿠터)",남성,50대,1인 가구,500만원 내외,자영업,전북
100469,20230701,전기 자전거,남성,50대,신혼기 초과(자녀없음),400만원 내외,기술/숙련직,인천
100470,20230701,전동 킥보드,남성,40대,자녀 성장기(막내가 초등학생～고등학생),700만원 내외,일반 공무원/준공무원,세종
100500,20230701,전동 킥보드,남성,50대,자녀 성인기(막내가 대학생～결혼 전),300만원 내외,판매/서비스직,경기
100511,20230701,전기 자전거,남성,30대,자녀 유아기(막내가 초등학교 입학 전),500만원 내외,기술/숙련직,서울
100527,20230701,"오토바이(바이크, 스쿠터)",남성,30대,자녀 성인기(막내가 대학생～결혼 전),500만원 내외,경영/관리직,대전
100539,20230701,"오토바이(바이크, 스쿠터)",남성,50대,자녀 성인기(막내가 대학생～결혼 전),"1,100~1,500만원 내외",자영업,경기
100559,20230701,전동 킥보드,남성,40대,자녀 성장기(막내가 초등학생～고등학생),600만원 내외,기술/숙련직,서울
100564,20230701,전동 킥보드,남성,40대,자녀 성장기(막내가 초등학생～고등학생),800만원 내외,기술/숙련직,대구
100604,20230701,전동 킥보드,남성,60대 이상,자녀 성인기(막내가 대학생～결혼 전),"1,100~1,500만원 내외",자영업,서울
100611,20230701,전동 스쿠터,남성,50대,자녀 성인기(막내가 대학생～결혼 전),400만원 내외,전문직,강원
100657,20230701,전동 스쿠터,남성,30대,자녀 유아기(막내가 초등학교 입학 전),"1,000만원 내외",사무직,경남
100665,20230701,전동 킥보드,남성,30대,1인 가구,400만원 내외,기술/숙련직,전북
100692,20230701,"오토바이(바이크, 스쿠터)",남성,40대,자녀 성장기(막내가 초등학생～고등학생),500만원 내외,기술/숙련직,경기
100715,20230701,전동 킥보드,여성,40대,자녀 성장기(막내가 초등학생～고등학생),"1,000만원 내외",전업주부,경기
100734,20230701,전기 자전거,남성,50대,자녀 성인기(막내가 대학생～결혼 전),500만원 내외,자영업,경기
100746,20230701,전기 자전거,남성,30대,자녀 유아기(막내가 초등학교 입학 전),500만원 내외,전문직,광주
100760,20230701,전동 킥보드,남성,40대,자녀 유아기(막내가 초등학교 입학 전),700만원 내외,사무직,부산
100788,20230701,전동 킥보드,남성,40대,자녀 유아기(막내가 초등학교 입학 전),"1,100~1,500만원 내외",자영업,경기
100791,20230701,전기 자전거,남성,50대,자녀 성장기(막내가 초등학생～고등학생),600만원 내외,사무직,경기
100796,20230701,전동 스쿠터,남성,20대,자녀 성장기(막내가 초등학생～고등학생),모름,기술/숙련직,전남
100833,20230701,전기 자전거,남성,50대,자녀 성장기(막내가 초등학생～고등학생),600만원 내외,기술/숙련직,경기
100848,20230701,전동 킥보드,여성,40대,자녀 유아기(막내가 초등학교 입학 전),400만원 내외,전업주부,대전
100851,20230701,"오토바이(바이크, 스쿠터)",남성,50대,1인 가구,400만원 내외,기술/숙련직,부산
100862,20230701,"오토바이(바이크, 스쿠터)",남성,40대,신혼기(자녀없음),600만원 내외,경영/관리직,서울
100872,20230701,전동 킥보드,여성,30대,신혼기 초과(자녀없음),500만원 내외,사무직,경기
100878,20230701,"오토바이(바이크, 스쿠터)",여성,20대,신혼기(자녀없음),600만원 내외,판매/서비스직,서울
100882,20230701,전동 킥보드,남성,50대,자녀 성인기(막내가 대학생～결혼 전),300만원 내외,무직/기타,경북
100885,20230701,전동 휠,남성,40대,자녀 유아기(막내가 초등학교 입학 전),700만원 내외,자영업,경기
100886,20230701,"오토바이(바이크, 스쿠터)",남성,50대,자녀 독립기(막내가 결혼한 상태),"1,000만원 내외",무직/기타,서울
100888,20230701,전동 킥보드,남성,50대,자녀 성장기(막내가 초등학생～고등학생),800만원 내외,기술/숙련직,경기
100891,20230701,전동 킥보드,남성,50대,자녀 성장기(막내가 초등학생～고등학생),"1,100~1,500만원 내외",사무직,서울
100893,20230701,"오토바이(바이크, 스쿠터)",남성,50대,자녀 성장기(막내가 초등학생～고등학생),600만원 내외,전문직,경기
100910,20230701,전동 킥보드,남성,20대,1인 가구,500만원 내외,기술/숙련직,서울
100921,20230701,전기 자전거,남성,40대,자녀 성장기(막내가 초등학생～고등학생),700만원 내외,사무직,서울
100935,20230701,전동 킥보드,남성,40대,자녀 성장기(막내가 초등학생～고등학생),800만원 내외,판매/서비스직,충북
100941,20230701,전기 자전거,남성,30대,자녀 유아기(막내가 초등학교 입학 전),300만원 내외,사무직,서울
100943,20230701,전기 자전거,남성,50대,자녀 성인기(막내가 대학생～결혼 전),600만원 내외,사무직,경기
100949,20230701,전동 킥보드,여성,40대,자녀 유아기(막내가 초등학교 입학 전),900만원 내외,전문직,경기
100999,20230701,"오토바이(바이크, 스쿠터)",남성,40대,자녀 유아기(막내가 초등학교 입학 전),"1,000만원 내외",사무직,부산
101011,20230701,전기 자전거,남성,40대,자녀 성인기(막내가 대학생～결혼 전),모름,자영업,경북
101027,20230701,"오토바이(바이크, 스쿠터)",남성,40대,신혼기(자녀없음),400만원 내외,자영업,경기
101033,20230701,전기 자전거,여성,40대,자녀 성장기(막내가 초등학생～고등학생),700만원 내외,일반 공무원/준공무원,대구
101041,20230701,전기 자전거,남성,40대,자녀 성장기(막내가 초등학생～고등학생),600만원 내외,전문직,서울
101080,20230701,"오토바이(바이크, 스쿠터)",남성,40대,자녀 성인기(막내가 대학생～결혼 전),400만원 내외,자영업,경남
101081,20230701,전기 자전거,여성,60대 이상,자녀 독립기(막내가 결혼한 상태),500만원 내외,전업주부,전북
101093,20230701,전기 자전거,남성,40대,자녀 성장기(막내가 초등학생～고등학생),"2,100만원 이상",전문직,충남
101106,20230701,전동 킥보드,남성,40대,자녀 성장기(막내가 초등학생～고등학생),"1,100~1,500만원 내외",사무직,대전
101115,20230701,전기 자전거,여성,30대,신혼기(자녀없음),모름,전업주부,인천
101141,20230701,전기 자전거,여성,20대,자녀 성인기(막내가 대학생～결혼 전),"1,100~1,500만원 내외",판매/서비스직,서울
101142,20230701,"오토바이(바이크, 스쿠터)",남성,40대,자녀 성장기(막내가 초등학생～고등학생),"1,000만원 내외",자영업,부산
101202,20230701,전동 휠,남성,50대,자녀 성장기(막내가 초등학생～고등학생),800만원 내외,자영업,경기
101227,20230701,"오토바이(바이크, 스쿠터)",남성,60대 이상,자녀 독립기(막내가 결혼한 상태),모름,무직/기타,전남
101251,20230701,전기 자전거,남성,60대 이상,자녀 독립기(막내가 결혼한 상태),500만원 내외,무직/기타,경남
101268,20230701,전기 자전거,여성,50대,1인 가구,200만원 내외,사무직,서울
101280,20230701,"오토바이(바이크, 스쿠터)",여성,40대,자녀 성장기(막내가 초등학생～고등학생),900만원 내외,자영업,경북
101302,20230701,전기 자전거,여성,30대,자녀 유아기(막내가 초등학교 입학 전),700만원 내외,전업주부,경남
101309,20230701,전동 킥보드,남성,40대,1인 가구,500만원 내외,전문직,경기
101312,20230701,전동 킥보드,남성,40대,신혼기 초과(자녀없음),400만원 내외,사무직,전북
101313,20230701,전동 스쿠터,남성,50대,자녀 성인기(막내가 대학생～결혼 전),800만원 내외,기술/숙련직,경기
101319,20230701,전기 자전거,남성,60대 이상,자녀 성인기(막내가 대학생～결혼 전),700만원 내외,사무직,부산
101342,20230701,전기 자전거,여성,40대,자녀 성장기(막내가 초등학생～고등학생),700만원 내외,전업주부,인천
101345,20230701,전동 스쿠터,남성,50대,자녀 성인기(막내가 대학생～결혼 전),800만원 내외,무직/기타,부산
101387,20230701,전기 자전거,남성,40대,자녀 성인기(막내가 대학생～결혼 전),500만원 내외,일반 공무원/준공무원,서울
101389,20230701,전기 자전거,남성,40대,신혼기(자녀없음),400만원 내외,일반 공무원/준공무원,서울
101414,20230701,"오토바이(바이크, 스쿠터)",남성,30대,자녀 유아기(막내가 초등학교 입학 전),300만원 내외,기술/숙련직,경남
101425,20230701,"오토바이(바이크, 스쿠터)",여성,40대,자녀 성장기(막내가 초등학생～고등학생),400만원 내외,전문직,대구
101438,20230701,전동 스쿠터,남성,50대,자녀 독립기(막내가 결혼한 상태),"2,100만원 이상",일반 공무원/준공무원,충남
101443,20230701,"오토바이(바이크, 스쿠터)",남성,60대 이상,자녀 독립기(막내가 결혼한 상태),200만원 내외,자영업,부산
101456,20230701,"오토바이(바이크, 스쿠터)",남성,40대,자녀 성장기(막내가 초등학생～고등학생),800만원 내외,기술/숙련직,경기
101457,20230701,전동 킥보드,여성,40대,신혼기 초과(자녀없음),600만원 내외,자영업,충남
101464,20230701,"오토바이(바이크, 스쿠터)",남성,30대,자녀 유아기(막내가 초등학교 입학 전),400만원 내외,자영업,전남
101470,20230701,전기 자전거,남성,60대 이상,자녀 독립기(막내가 결혼한 상태),400만원 내외,무직/기타,경북
101482,20230701,전기 자전거,남성,40대,자녀 성장기(막내가 초등학생～고등학생),모름,자영업,제주
101507,20230701,"오토바이(바이크, 스쿠터)",남성,40대,신혼기 초과(자녀없음),600만원 내외,자영업,경기
101523,20230701,전동 킥보드,남성,40대,자녀 성장기(막내가 초등학생～고등학생),"1,600~2,000만원 내외",사무직,서울
101533,20230701,"오토바이(바이크, 스쿠터)",여성,50대,자녀 성인기(막내가 대학생～결혼 전),400만원 내외,사무직,서울
101537,20230701,전기 자전거,여성,30대,자녀 유아기(막내가 초등학교 입학 전),700만원 내외,일반 공무원/준공무원,충남
101544,20230701,전기 자전거,남성,50대,자녀 성장기(막내가 초등학생～고등학생),300만원 내외,기술/숙련직,강원
101560,20230701,"오토바이(바이크, 스쿠터)",남성,50대,1인 가구,100만원 이하,자영업,대구
101598,20230701,전동 킥보드,여성,20대,자녀 성인기(막내가 대학생～결혼 전),300만원 내외,사무직,울산
101599,20230701,전기 자전거,남성,60대 이상,자녀 성인기(막내가 대학생～결혼 전),"1,600~2,000만원 내외",경영/관리직,경기
101624,20230701,"오토바이(바이크, 스쿠터)",남성,40대,자녀 성장기(막내가 초등학생～고등학생),400만원 내외,판매/서비스직,서울
101638,20230701,전동 킥보드,남성,50대,자녀 성인기(막내가 대학생～결혼 전),"1,000만원 내외",일반 공무원/준공무원,서울
101644,20230701,전동 킥보드,남성,50대,자녀 성장기(막내가 초등학생～고등학생),500만원 내외,사무직,서울
101646,20230701,전기 자전거,남성,50대,신혼기 초과(자녀없음),800만원 내외,기술/숙련직,세종
101651,20230701,전기 자전거,남성,30대,자녀 유아기(막내가 초등학교 입학 전),700만원 내외,사무직,인천
101670,20230701,전기 자전거,남성,60대 이상,자녀 성인기(막내가 대학생～결혼 전),700만원 내외,무직/기타,세종
101675,20230701,전기 자전거,남성,60대 이상,자녀 성인기(막내가 대학생～결혼 전),모름,무직/기타,서울
101703,20230701,"오토바이(바이크, 스쿠터)",여성,50대,자녀 성인기(막내가 대학생～결혼 전),"1,000만원 내외",일반 공무원/준공무원,부산
101727,20230701,"오토바이(바이크, 스쿠터)",남성,40대,자녀 독립기(막내가 결혼한 상태),500만원 내외,자영업,서울
101746,20230701,전동 킥보드,남성,40대,자녀 성장기(막내가 초등학생～고등학생),500만원 내외,자영업,서울
101759,20230701,"오토바이(바이크, 스쿠터)",남성,40대,1인 가구,300만원 내외,사무직,대구
101800,20230701,전동 킥보드,남성,40대,자녀 성장기(막내가 초등학생～고등학생),900만원 내외,경영/관리직,인천
101807,20230701,전동 킥보드,남성,60대 이상,자녀 독립기(막내가 결혼한 상태),200만원 내외,무직/기타,경남
101810,20230701,전기 자전거,남성,60대 이상,자녀 성인기(막내가 대학생～결혼 전),"1,000만원 내외",무직/기타,전북
101824,20230701,"오토바이(바이크, 스쿠터)",남성,40대,자녀 성장기(막내가 초등학생～고등학생),600만원 내외,판매/서비스직,서울
101869,20230701,"오토바이(바이크, 스쿠터)",남성,50대,자녀 독립기(막내가 결혼한 상태),"1,000만원 내외",자영업,경기
101877,20230701,전기 자전거,남성,60대 이상,자녀 독립기(막내가 결혼한 상태),200만원 내외,무직/기타,서울
101890,20230701,전동 킥보드,남성,40대,자녀 성장기(막내가 초등학생～고등학생),500만원 내외,전문직,충북
101899,20230701,전동 킥보드,남성,50대,자녀 성인기(막내가 대학생～결혼 전),500만원 내외,판매/서비스직,대구
101905,20230701,전기 자전거,남성,40대,자녀 유아기(막내가 초등학교 입학 전),800만원 내외,자영업,인천
101906,20230701,전기 자전거,남성,50대,자녀 성인기(막내가 대학생～결혼 전),700만원 내외,기술/숙련직,울산
101926,20230701,"오토바이(바이크, 스쿠터)",남성,50대,자녀 성인기(막내가 대학생～결혼 전),"1,100~1,500만원 내외",자영업,서울
101932,20230701,"오토바이(바이크, 스쿠터)",남성,50대,자녀 성장기(막내가 초등학생～고등학생),300만원 내외,기술/숙련직,대구
101962,20230701,전동 킥보드,남성,50대,자녀 성인기(막내가 대학생～결혼 전),400만원 내외,사무직,경북
102006,20230701,"오토바이(바이크, 스쿠터)",남성,20대,자녀 성인기(막내가 대학생～결혼 전),700만원 내외,학생,부산
102007,20230701,"오토바이(바이크, 스쿠터)",남성,40대,자녀 성인기(막내가 대학생～결혼 전),500만원 내외,기술/숙련직,경기
102022,20230701,전동 스케이트보드,여성,40대,자녀 성장기(막내가 초등학생～고등학생),"1,100~1,500만원 내외",사무직,경기
102043,20230701,전동 킥보드,남성,40대,자녀 성인기(막내가 대학생～결혼 전),800만원 내외,기술/숙련직,경기
102055,20230701,전기 자전거,여성,40대,자녀 성장기(막내가 초등학생～고등학생),900만원 내외,전문직,서울
102065,20230701,"오토바이(바이크, 스쿠터)",남성,30대,자녀 유아기(막내가 초등학교 입학 전),"1,000만원 내외",사무직,서울
102067,20230701,전기 자전거,남성,40대,자녀 유아기(막내가 초등학교 입학 전),600만원 내외,사무직,경북
102072,20230701,전동 킥보드,남성,30대,1인 가구,100만원 이하,무직/기타,경기
102083,20230701,전동 킥보드,남성,60대 이상,자녀 성인기(막내가 대학생～결혼 전),400만원 내외,사무직,경기
102117,20230701,전동 킥보드,남성,20대,1인 가구,400만원 내외,기술/숙련직,경기
102128,20230701,"오토바이(바이크, 스쿠터)",여성,20대,1인 가구,300만원 내외,사무직,서울
102129,20230701,전동 킥보드,여성,30대,자녀 성장기(막내가 초등학생～고등학생),"1,000만원 내외",전문직,인천
102171,20230701,"오토바이(바이크, 스쿠터)",남성,50대,1인 가구,모름,기술/숙련직,경기
102179,20230701,전기 자전거,남성,60대 이상,자녀 성인기(막내가 대학생～결혼 전),200만원 내외,자영업,경남
102194,20230701,전기 자전거,남성,50대,자녀 성장기(막내가 초등학생～고등학생),500만원 내외,기술/숙련직,경기
102214,20230701,"오토바이(바이크, 스쿠터)",남성,50대,자녀 성장기(막내가 초등학생～고등학생),"2,100만원 이상",기술/숙련직,충남
102215,20230701,전기 자전거,남성,60대 이상,1인 가구,200만원 내외,무직/기타,대구
102223,20230701,전기 자전거,남성,60대 이상,자녀 성인기(막내가 대학생～결혼 전),800만원 내외,경영/관리직,대구
102236,20230701,"오토바이(바이크, 스쿠터)",남성,60대 이상,자녀 독립기(막내가 결혼한 상태),300만원 내외,무직/기타,전남
102251,20230701,전동 킥보드,남성,40대,자녀 유아기(막내가 초등학교 입학 전),600만원 내외,기술/숙련직,경기
102260,20230701,전동 킥보드,남성,50대,자녀 성인기(막내가 대학생～결혼 전),"1,000만원 내외",기술/숙련직,경기
102283,20230701,"오토바이(바이크, 스쿠터)",남성,60대 이상,자녀 성인기(막내가 대학생～결혼 전),"1,600~2,000만원 내외",일반 공무원/준공무원,서울
102287,20230701,전동 킥보드,남성,40대,자녀 성장기(막내가 초등학생～고등학생),500만원 내외,사무직,경북
102296,20230701,전동 킥보드,남성,40대,자녀 성인기(막내가 대학생～결혼 전),"1,100~1,500만원 내외",기술/숙련직,인천
102374,20230701,"오토바이(바이크, 스쿠터)",남성,50대,자녀 성장기(막내가 초등학생～고등학생),400만원 내외,기술/숙련직,광주
102392,20230701,전기 자전거,남성,50대,자녀 성인기(막내가 대학생～결혼 전),"1,000만원 내외",자영업,경기
102401,20230701,전동 킥보드,남성,50대,자녀 성인기(막내가 대학생～결혼 전),600만원 내외,사무직,인천
102410,20230701,전기 자전거,남성,50대,자녀 성인기(막내가 대학생～결혼 전),500만원 내외,사무직,경기
102419,20230701,전기 자전거,남성,60대 이상,1인 가구,200만원 내외,판매/서비스직,부산
102427,20230701,전기 자전거,남성,60대 이상,자녀 성인기(막내가 대학생～결혼 전),"1,100~1,500만원 내외",기술/숙련직,울산
102438,20230701,"오토바이(바이크, 스쿠터)",남성,40대,자녀 성장기(막내가 초등학생～고등학생),"2,100만원 이상",자영업,인천
102498,20230701,"오토바이(바이크, 스쿠터)",남성,50대,자녀 성장기(막내가 초등학생～고등학생),500만원 내외,판매/서비스직,서울
102504,20230701,전기 자전거,여성,50대,자녀 성인기(막내가 대학생～결혼 전),"1,600~2,000만원 내외",판매/서비스직,경기
102513,20230701,전기 자전거,남성,50대,1인 가구,400만원 내외,기술/숙련직,경남
102517,20230701,"오토바이(바이크, 스쿠터)",남성,40대,1인 가구,400만원 내외,사무직,부산
102521,20230701,전기 자전거,남성,60대 이상,자녀 독립기(막내가 결혼한 상태),"1,100~1,500만원 내외",자영업,경남
102522,20230701,전기 자전거,남성,60대 이상,자녀 독립기(막내가 결혼한 상태),700만원 내외,전문직,서울
102523,20230701,전동 스케이트보드,남성,50대,자녀 성인기(막내가 대학생～결혼 전),900만원 내외,사무직,광주
102540,20230701,전기 자전거,남성,40대,자녀 성장기(막내가 초등학생～고등학생),800만원 내외,경영/관리직,전북
102542,20230701,"오토바이(바이크, 스쿠터)",남성,40대,자녀 유아기(막내가 초등학교 입학 전),600만원 내외,판매/서비스직,서울
102568,20230701,"오토바이(바이크, 스쿠터)",남성,40대,1인 가구,500만원 내외,기술/숙련직,경기
102575,20230701,전기 자전거,남성,50대,자녀 성인기(막내가 대학생～결혼 전),600만원 내외,무직/기타,강원
102577,20230701,전동 킥보드,남성,40대,자녀 성인기(막내가 대학생～결혼 전),600만원 내외,일반 공무원/준공무원,세종
102612,20230701,전동 스쿠터,남성,40대,자녀 유아기(막내가 초등학교 입학 전),900만원 내외,사무직,경기
102613,20230701,전기 자전거,남성,50대,자녀 성인기(막내가 대학생～결혼 전),"1,100~1,500만원 내외",자영업,인천
102643,20230701,전동 킥보드,여성,50대,자녀 성인기(막내가 대학생～결혼 전),300만원 내외,사무직,경남
102652,20230701,전동 스케이트보드,남성,40대,자녀 유아기(막내가 초등학교 입학 전),200만원 내외,기술/숙련직,경북
102660,20230701,전기 자전거,남성,40대,1인 가구,500만원 내외,자영업,충남
102668,20230701,전동 킥보드,남성,50대,자녀 성인기(막내가 대학생～결혼 전),300만원 내외,기술/숙련직,서울
102706,20230701,"오토바이(바이크, 스쿠터)",여성,40대,자녀 성장기(막내가 초등학생～고등학생),600만원 내외,전문직,광주
102710,20230701,전기 자전거,남성,40대,1인 가구,300만원 내외,사무직,경기
102763,20230701,전동 스케이트보드,여성,20대,1인 가구,700만원 내외,기술/숙련직,서울
102773,20230701,전동 킥보드,남성,40대,자녀 성장기(막내가 초등학생～고등학생),600만원 내외,사무직,경기
102797,20230701,전기 자전거,남성,30대,자녀 독립기(막내가 결혼한 상태),500만원 내외,판매/서비스직,경남
102799,20230701,전동 스쿠터,남성,50대,자녀 성인기(막내가 대학생～결혼 전),"2,100만원 이상",일반 공무원/준공무원,경기
102804,20230701,전기 자전거,남성,60대 이상,자녀 성장기(막내가 초등학생～고등학생),500만원 내외,판매/서비스직,충남
102805,20230701,"오토바이(바이크, 스쿠터)",여성,20대,자녀 성인기(막내가 대학생～결혼 전),300만원 내외,무직/기타,경기
102812,20230701,전기 자전거,남성,40대,자녀 성인기(막내가 대학생～결혼 전),"1,000만원 내외",기술/숙련직,경기
102816,20230701,"오토바이(바이크, 스쿠터)",남성,40대,신혼기 초과(자녀없음),500만원 내외,일반 공무원/준공무원,경북
102817,20230701,전기 자전거,남성,50대,자녀 성장기(막내가 초등학생～고등학생),600만원 내외,판매/서비스직,서울
102828,20230701,전동 킥보드,남성,30대,자녀 유아기(막내가 초등학교 입학 전),600만원 내외,기술/숙련직,충북
102829,20230701,"오토바이(바이크, 스쿠터)",남성,30대,자녀 유아기(막내가 초등학교 입학 전),"1,100~1,500만원 내외",자영업,부산
102831,20230701,전동 킥보드,남성,50대,자녀 독립기(막내가 결혼한 상태),400만원 내외,기술/숙련직,대전
102834,20230701,전기 자전거,남성,50대,자녀 성인기(막내가 대학생～결혼 전),500만원 내외,일반 공무원/준공무원,대구
102843,20230701,전동 킥보드,남성,20대,자녀 성인기(막내가 대학생～결혼 전),"1,000만원 내외",판매/서비스직,서울
102907,20230701,전동 킥보드,남성,40대,1인 가구,200만원 내외,무직/기타,경남
102908,20230701,전기 자전거,남성,40대,자녀 성장기(막내가 초등학생～고등학생),800만원 내외,사무직,인천
102941,20230701,전동 킥보드,남성,60대 이상,자녀 성인기(막내가 대학생～결혼 전),"1,100~1,500만원 내외",일반 공무원/준공무원,인천
102988,20230701,전동 킥보드,여성,30대,자녀 유아기(막내가 초등학교 입학 전),200만원 내외,판매/서비스직,인천
102991,20230701,전기 자전거,여성,40대,자녀 성장기(막내가 초등학생～고등학생),700만원 내외,전업주부,서울
103004,20230701,전동 스케이트보드,여성,30대,1인 가구,"2,100만원 이상",자영업,경남
103005,20230701,전기 자전거,남성,50대,자녀 성장기(막내가 초등학생～고등학생),"1,600~2,000만원 내외",일반 공무원/준공무원,인천
103021,20230701,전기 자전거,남성,40대,자녀 성인기(막내가 대학생～결혼 전),"1,000만원 내외",경영/관리직,서울
103034,20230701,"오토바이(바이크, 스쿠터)",남성,30대,자녀 유아기(막내가 초등학교 입학 전),600만원 내외,전문직,부산
103035,20230701,"오토바이(바이크, 스쿠터)",남성,50대,자녀 성인기(막내가 대학생～결혼 전),600만원 내외,전문직,서울
103037,20230701,"오토바이(바이크, 스쿠터)",남성,40대,1인 가구,"1,000만원 내외",기술/숙련직,경기
103047,20230701,전기 자전거,여성,50대,자녀 성인기(막내가 대학생～결혼 전),600만원 내외,판매/서비스직,대구
103050,20230701,"오토바이(바이크, 스쿠터)",남성,60대 이상,자녀 성인기(막내가 대학생～결혼 전),400만원 내외,자영업,경남
103054,20230701,"오토바이(바이크, 스쿠터)",남성,40대,자녀 유아기(막내가 초등학교 입학 전),500만원 내외,기술/숙련직,경기
103064,20230701,전기 자전거,남성,60대 이상,자녀 성인기(막내가 대학생～결혼 전),300만원 내외,무직/기타,울산
103081,20230701,전동 킥보드,남성,30대,자녀 유아기(막내가 초등학교 입학 전),500만원 내외,사무직,경남
103092,20230701,전동 킥보드,남성,40대,자녀 성장기(막내가 초등학생～고등학생),400만원 내외,경영/관리직,충북
103098,20230701,"오토바이(바이크, 스쿠터)",남성,30대,1인 가구,500만원 내외,자영업,부산
103113,20230701,전기 자전거,남성,30대,1인 가구,"1,000만원 내외",전문직,서울
103130,20230701,"오토바이(바이크, 스쿠터)",남성,30대,자녀 성장기(막내가 초등학생～고등학생),"2,100만원 이상",판매/서비스직,서울
103142,20230701,"오토바이(바이크, 스쿠터)",남성,60대 이상,자녀 성인기(막내가 대학생～결혼 전),400만원 내외,기술/숙련직,경기
103151,20230701,전기 자전거,남성,50대,자녀 성인기(막내가 대학생～결혼 전),700만원 내외,자영업,서울
103163,20230701,전기 자전거,남성,50대,자녀 독립기(막내가 결혼한 상태),500만원 내외,기술/숙련직,부산
103169,20230701,"오토바이(바이크, 스쿠터)",남성,50대,자녀 성장기(막내가 초등학생～고등학생),500만원 내외,일반 공무원/준공무원,대전
103173,20230701,전동 킥보드,남성,20대,1인 가구,700만원 내외,자영업,경기
103176,20230701,전기 자전거,남성,40대,자녀 성장기(막내가 초등학생～고등학생),500만원 내외,자영업,서울
103177,20230701,"오토바이(바이크, 스쿠터)",남성,30대,신혼기(자녀없음),600만원 내외,기술/숙련직,서울
103192,20230701,"오토바이(바이크, 스쿠터)",남성,40대,1인 가구,400만원 내외,사무직,경기
103201,20230701,전동 스쿠터,여성,40대,자녀 성장기(막내가 초등학생～고등학생),500만원 내외,사무직,경기
103212,20230701,전기 자전거,남성,50대,자녀 성인기(막내가 대학생～결혼 전),600만원 내외,자영업,경기
103216,20230701,전동 킥보드,여성,30대,1인 가구,300만원 내외,기술/숙련직,서울
103233,20230701,전동 휠,남성,30대,자녀 성인기(막내가 대학생～결혼 전),900만원 내외,일반 공무원/준공무원,광주
103256,20230701,"오토바이(바이크, 스쿠터)",남성,40대,자녀 성인기(막내가 대학생～결혼 전),300만원 내외,무직/기타,광주
103264,20230701,전동 킥보드,여성,20대,자녀 성인기(막내가 대학생～결혼 전),모름,무직/기타,경기
103265,20230701,전동 스케이트보드,남성,20대,자녀 성인기(막내가 대학생～결혼 전),500만원 내외,무직/기타,인천
103268,20230701,"오토바이(바이크, 스쿠터)",남성,40대,자녀 성인기(막내가 대학생～결혼 전),400만원 내외,판매/서비스직,경기
103270,20230701,전동 킥보드,남성,40대,자녀 유아기(막내가 초등학교 입학 전),"1,000만원 내외",사무직,서울
103274,20230701,전기 자전거,남성,40대,자녀 유아기(막내가 초등학교 입학 전),400만원 내외,기술/숙련직,경기
103287,20230701,"오토바이(바이크, 스쿠터)",여성,30대,신혼기 초과(자녀없음),500만원 내외,무직/기타,경기
103332,20230701,전동 킥보드,여성,30대,자녀 성인기(막내가 대학생～결혼 전),500만원 내외,사무직,부산
103347,20230701,전동 킥보드,남성,40대,자녀 성장기(막내가 초등학생～고등학생),500만원 내외,사무직,대전
103351,20230701,전동 킥보드,여성,40대,신혼기 초과(자녀없음),"1,000만원 내외",일반 공무원/준공무원,경기
103385,20230701,"오토바이(바이크, 스쿠터)",남성,40대,자녀 성장기(막내가 초등학생～고등학생),"1,000만원 내외",기술/숙련직,인천
103394,20230701,전동 킥보드,남성,40대,자녀 유아기(막내가 초등학교 입학 전),400만원 내외,전문직,경기
103398,20230701,"오토바이(바이크, 스쿠터)",남성,50대,자녀 성인기(막내가 대학생～결혼 전),500만원 내외,일반 공무원/준공무원,충북
103404,20230701,"오토바이(바이크, 스쿠터)",남성,50대,자녀 성인기(막내가 대학생～결혼 전),"1,100~1,500만원 내외",자영업,서울
103426,20230701,전동 스쿠터,남성,50대,자녀 성인기(막내가 대학생～결혼 전),200만원 내외,사무직,대전
103430,20230701,전동 킥보드,여성,40대,자녀 성장기(막내가 초등학생～고등학생),800만원 내외,자영업,부산
103436,20230701,전기 자전거,남성,50대,자녀 유아기(막내가 초등학교 입학 전),400만원 내외,기술/숙련직,경기
103456,20230701,"오토바이(바이크, 스쿠터)",남성,60대 이상,자녀 독립기(막내가 결혼한 상태),500만원 내외,사무직,전북
103467,20230701,전기 자전거,남성,40대,자녀 성장기(막내가 초등학생～고등학생),900만원 내외,일반 공무원/준공무원,서울
103471,20230701,전기 자전거,남성,60대 이상,자녀 성인기(막내가 대학생～결혼 전),700만원 내외,자영업,서울
103473,20230701,"오토바이(바이크, 스쿠터)",남성,40대,자녀 성장기(막내가 초등학생～고등학생),500만원 내외,경영/관리직,인천
103501,20230701,전기 자전거,여성,40대,자녀 성장기(막내가 초등학생～고등학생),700만원 내외,전업주부,경기
103503,20230701,전기 자전거,여성,30대,자녀 유아기(막내가 초등학교 입학 전),500만원 내외,일반 공무원/준공무원,대전
103507,20230701,전동 킥보드,남성,40대,자녀 유아기(막내가 초등학교 입학 전),500만원 내외,무직/기타,경남
103519,20230701,전기 자전거,여성,50대,자녀 성장기(막내가 초등학생～고등학생),400만원 내외,전업주부,서울
103520,20230701,전기 자전거,남성,50대,자녀 성인기(막내가 대학생～결혼 전),800만원 내외,기술/숙련직,부산
103547,20230701,전동 킥보드,남성,40대,1인 가구,300만원 내외,일반 공무원/준공무원,경기
103561,20230701,전동 스쿠터,남성,40대,1인 가구,500만원 내외,사무직,서울
103577,20230701,전동 휠,남성,60대 이상,자녀 성인기(막내가 대학생～결혼 전),700만원 내외,기술/숙련직,경기
103593,20230701,전기 자전거,남성,40대,자녀 유아기(막내가 초등학교 입학 전),"1,000만원 내외",일반 공무원/준공무원,세종
103594,20230701,전동 킥보드,여성,40대,자녀 성장기(막내가 초등학생～고등학생),500만원 내외,전업주부,인천
103604,20230701,전동 킥보드,남성,50대,자녀 성인기(막내가 대학생～결혼 전),"1,000만원 내외",전문직,서울
103607,20230701,전기 자전거,여성,30대,1인 가구,100만원 이하,무직/기타,경기
103621,20230701,"오토바이(바이크, 스쿠터)",남성,40대,자녀 성장기(막내가 초등학생～고등학생),"1,000만원 내외",사무직,서울
103623,20230701,전기 자전거,남성,60대 이상,자녀 독립기(막내가 결혼한 상태),500만원 내외,무직/기타,경북
103624,20230701,"오토바이(바이크, 스쿠터)",남성,40대,1인 가구,400만원 내외,기술/숙련직,경북
103637,20230701,전동 킥보드,여성,40대,자녀 성장기(막내가 초등학생～고등학생),800만원 내외,일반 공무원/준공무원,대구
103641,20230701,"오토바이(바이크, 스쿠터)",남성,40대,자녀 성장기(막내가 초등학생～고등학생),500만원 내외,자영업,경남
103642,20230701,전동 휠,남성,60대 이상,자녀 독립기(막내가 결혼한 상태),400만원 내외,기술/숙련직,경기
103644,20230701,전동 킥보드,남성,40대,자녀 유아기(막내가 초등학교 입학 전),500만원 내외,기술/숙련직,강원
103650,20230701,전동 휠,남성,40대,신혼기(자녀없음),600만원 내외,자영업,서울
103674,20230701,"오토바이(바이크, 스쿠터)",남성,50대,자녀 성장기(막내가 초등학생～고등학생),500만원 내외,자영업,전북
103681,20230701,"오토바이(바이크, 스쿠터)",남성,50대,자녀 독립기(막내가 결혼한 상태),500만원 내외,기술/숙련직,인천
103690,20230701,전동 스케이트보드,남성,40대,자녀 성장기(막내가 초등학생～고등학생),모름,무직/기타,서울
103692,20230701,"오토바이(바이크, 스쿠터)",남성,60대 이상,자녀 성인기(막내가 대학생～결혼 전),900만원 내외,경영/관리직,대구
103695,20230701,전동 킥보드,여성,40대,자녀 성장기(막내가 초등학생～고등학생),800만원 내외,전문직,경기
103700,20230701,전기 자전거,남성,50대,신혼기 초과(자녀없음),400만원 내외,일반 공무원/준공무원,서울
103702,20230701,전동 킥보드,남성,40대,자녀 유아기(막내가 초등학교 입학 전),400만원 내외,사무직,인천
103724,20230701,전기 자전거,여성,30대,1인 가구,300만원 내외,기술/숙련직,충북
103733,20230701,전동 킥보드,남성,50대,1인 가구,모름,사무직,인천
103736,20230701,전기 자전거,남성,40대,1인 가구,600만원 내외,경영/관리직,서울
103746,20230701,"오토바이(바이크, 스쿠터)",여성,50대,자녀 성인기(막내가 대학생～결혼 전),"1,100~1,500만원 내외",전업주부,경기
103751,20230701,"오토바이(바이크, 스쿠터)",남성,50대,자녀 성인기(막내가 대학생～결혼 전),700만원 내외,자영업,서울
103758,20230701,전기 자전거,남성,50대,자녀 독립기(막내가 결혼한 상태),300만원 내외,판매/서비스직,부산
103764,20230701,"오토바이(바이크, 스쿠터)",여성,40대,자녀 성장기(막내가 초등학생～고등학생),"2,100만원 이상",기술/숙련직,서울
103765,20230701,"오토바이(바이크, 스쿠터)",남성,50대,자녀 성장기(막내가 초등학생～고등학생),700만원 내외,사무직,전북
103798,20230701,전기 자전거,여성,30대,자녀 유아기(막내가 초등학교 입학 전),400만원 내외,무직/기타,충북
103824,20230701,"오토바이(바이크, 스쿠터)",여성,40대,자녀 유아기(막내가 초등학교 입학 전),800만원 내외,전문직,인천
103878,20230701,전기 자전거,남성,40대,자녀 유아기(막내가 초등학교 입학 전),400만원 내외,기술/숙련직,경기
103884,20230701,전기 자전거,남성,50대,자녀 성인기(막내가 대학생～결혼 전),600만원 내외,사무직,충북
103889,20230701,"오토바이(바이크, 스쿠터)",남성,50대,자녀 성장기(막내가 초등학생～고등학생),600만원 내외,자영업,경기
103891,20230701,"오토바이(바이크, 스쿠터)",남성,30대,1인 가구,400만원 내외,기술/숙련직,서울
103921,20230701,전동 킥보드,남성,40대,자녀 유아기(막내가 초등학교 입학 전),600만원 내외,기술/숙련직,광주
103937,20230701,전동 킥보드,남성,40대,자녀 성장기(막내가 초등학생～고등학생),700만원 내외,사무직,경기
103952,20230701,전동 스쿠터,남성,40대,신혼기 초과(자녀없음),700만원 내외,사무직,경기
103953,20230701,전동 스쿠터,남성,40대,신혼기 초과(자녀없음),500만원 내외,전문직,경기
103959,20230701,전동 킥보드,남성,40대,1인 가구,400만원 내외,일반 공무원/준공무원,경기
103963,20230701,전동 킥보드,남성,40대,자녀 성인기(막내가 대학생～결혼 전),700만원 내외,사무직,서울
103973,20230701,전동 킥보드,남성,50대,신혼기 초과(자녀없음),500만원 내외,사무직,경기
103977,20230701,"오토바이(바이크, 스쿠터)",남성,40대,자녀 유아기(막내가 초등학교 입학 전),400만원 내외,사무직,전북
103994,20230701,"오토바이(바이크, 스쿠터)",남성,50대,자녀 유아기(막내가 초등학교 입학 전),400만원 내외,사무직,인천
104027,20230701,전동 킥보드,여성,30대,신혼기(자녀없음),"1,000만원 내외",전문직,경기
104036,20230701,"오토바이(바이크, 스쿠터)",남성,50대,자녀 성인기(막내가 대학생～결혼 전),300만원 내외,자영업,대구
104037,20230701,전동 스케이트보드,남성,40대,자녀 유아기(막내가 초등학교 입학 전),400만원 내외,사무직,세종
104049,20230701,전기 자전거,남성,60대 이상,자녀 성인기(막내가 대학생～결혼 전),500만원 내외,자영업,강원
104056,20230701,전동 킥보드,여성,40대,자녀 독립기(막내가 결혼한 상태),200만원 내외,전문직,인천
104097,20230701,"오토바이(바이크, 스쿠터)",남성,50대,자녀 성장기(막내가 초등학생～고등학생),"1,000만원 내외",자영업,서울
104099,20230701,"오토바이(바이크, 스쿠터)",남성,50대,자녀 성인기(막내가 대학생～결혼 전),600만원 내외,무직/기타,대구
104105,20230701,전기 자전거,남성,50대,1인 가구,"1,000만원 내외",판매/서비스직,세종
104124,20230701,"오토바이(바이크, 스쿠터)",남성,50대,자녀 성인기(막내가 대학생～결혼 전),800만원 내외,일반 공무원/준공무원,경북
104138,20230701,전기 자전거,남성,30대,1인 가구,300만원 내외,기술/숙련직,경남
104139,20230701,"오토바이(바이크, 스쿠터)",남성,60대 이상,자녀 성장기(막내가 초등학생～고등학생),600만원 내외,자영업,서울
104140,20230701,전기 자전거,남성,60대 이상,1인 가구,500만원 내외,자영업,서울
104142,20230701,전동 스케이트보드,남성,40대,자녀 유아기(막내가 초등학교 입학 전),500만원 내외,기술/숙련직,경남
104166,20230701,"오토바이(바이크, 스쿠터)",남성,60대 이상,자녀 성인기(막내가 대학생～결혼 전),500만원 내외,기술/숙련직,경기
104183,20230701,"오토바이(바이크, 스쿠터)",남성,40대,자녀 성장기(막내가 초등학생～고등학생),"2,100만원 이상",전문직,서울
104185,20230701,전동 킥보드,남성,40대,자녀 유아기(막내가 초등학교 입학 전),500만원 내외,무직/기타,서울
104192,20230701,전기 자전거,남성,50대,자녀 성인기(막내가 대학생～결혼 전),600만원 내외,기술/숙련직,경기
104205,20230701,전동 스쿠터,남성,40대,자녀 유아기(막내가 초등학교 입학 전),900만원 내외,기술/숙련직,인천
104221,20230701,전동 킥보드,여성,50대,자녀 성장기(막내가 초등학생～고등학생),600만원 내외,자영업,경북
104237,20230701,전동 킥보드,여성,40대,자녀 성장기(막내가 초등학생～고등학생),200만원 내외,전업주부,강원
104243,20230701,전기 자전거,여성,40대,자녀 성인기(막내가 대학생～결혼 전),800만원 내외,자영업,서울
104248,20230701,"오토바이(바이크, 스쿠터)",남성,30대,자녀 유아기(막내가 초등학교 입학 전),600만원 내외,사무직,경북
104266,20230701,"오토바이(바이크, 스쿠터)",남성,40대,자녀 성장기(막내가 초등학생～고등학생),400만원 내외,자영업,경기
104280,20230701,전동 킥보드,남성,40대,자녀 성장기(막내가 초등학생～고등학생),500만원 내외,사무직,경기
104313,20230701,전동 킥보드,남성,40대,자녀 유아기(막내가 초등학교 입학 전),500만원 내외,사무직,경기
104316,20230701,전기 자전거,남성,50대,자녀 성인기(막내가 대학생～결혼 전),"1,100~1,500만원 내외",기술/숙련직,광주
104323,20230701,"오토바이(바이크, 스쿠터)",남성,30대,자녀 성장기(막내가 초등학생～고등학생),500만원 내외,사무직,경남
104328,20230701,전동 킥보드,남성,50대,자녀 성인기(막내가 대학생～결혼 전),600만원 내외,무직/기타,인천
104347,20230701,전동 킥보드,남성,50대,신혼기 초과(자녀없음),"1,100~1,500만원 내외",일반 공무원/준공무원,세종
104351,20230701,전기 자전거,남성,50대,자녀 성인기(막내가 대학생～결혼 전),400만원 내외,기술/숙련직,경기
104353,20230701,"오토바이(바이크, 스쿠터)",남성,40대,자녀 성장기(막내가 초등학생～고등학생),모름,자영업,경기
104359,20230701,"오토바이(바이크, 스쿠터)",남성,50대,자녀 성인기(막내가 대학생～결혼 전),600만원 내외,판매/서비스직,부산
104375,20230701,전기 자전거,남성,50대,자녀 성인기(막내가 대학생～결혼 전),"1,000만원 내외",자영업,전남
104388,20230701,전동 킥보드,남성,40대,자녀 유아기(막내가 초등학교 입학 전),400만원 내외,사무직,전남
104393,20230701,전동 킥보드,여성,40대,1인 가구,200만원 내외,사무직,전남
104401,20230701,"오토바이(바이크, 스쿠터)",남성,40대,1인 가구,"1,100~1,500만원 내외",자영업,경남
104402,20230701,"오토바이(바이크, 스쿠터)",남성,40대,자녀 성장기(막내가 초등학생～고등학생),800만원 내외,판매/서비스직,서울
104408,20230701,전기 자전거,남성,40대,자녀 유아기(막내가 초등학교 입학 전),400만원 내외,일반 공무원/준공무원,충남
104421,20230701,전동 킥보드,남성,40대,자녀 성장기(막내가 초등학생～고등학생),400만원 내외,기술/숙련직,전남
104435,20230701,전기 자전거,남성,60대 이상,신혼기 초과(자녀없음),"2,100만원 이상",무직/기타,경기
104438,20230701,"오토바이(바이크, 스쿠터)",남성,30대,1인 가구,800만원 내외,사무직,서울
104446,20230701,"오토바이(바이크, 스쿠터)",여성,30대,자녀 성장기(막내가 초등학생～고등학생),500만원 내외,사무직,서울
104464,20230701,"오토바이(바이크, 스쿠터)",남성,50대,자녀 성인기(막내가 대학생～결혼 전),300만원 내외,판매/서비스직,충남
104470,20230701,"오토바이(바이크, 스쿠터)",남성,40대,1인 가구,200만원 내외,기술/숙련직,대구
104507,20230701,전기 자전거,여성,40대,자녀 성장기(막내가 초등학생～고등학생),900만원 내외,사무직,서울
104514,20230701,"오토바이(바이크, 스쿠터)",여성,20대,자녀 유아기(막내가 초등학교 입학 전),400만원 내외,전업주부,인천
104518,20230701,전동 킥보드,남성,50대,자녀 성인기(막내가 대학생～결혼 전),400만원 내외,기술/숙련직,서울
104519,20230701,전동 킥보드,여성,20대,1인 가구,300만원 내외,전문직,서울
104522,20230701,전기 자전거,남성,60대 이상,자녀 성인기(막내가 대학생～결혼 전),600만원 내외,사무직,서울
104543,20230701,전동 킥보드,남성,50대,자녀 성인기(막내가 대학생～결혼 전),"1,000만원 내외",전문직,경기
104544,20230701,전동 킥보드,남성,40대,1인 가구,300만원 내외,기술/숙련직,충남
104565,20230701,전기 자전거,남성,60대 이상,자녀 성인기(막내가 대학생～결혼 전),800만원 내외,자영업,경기
104573,20230701,"오토바이(바이크, 스쿠터)",남성,40대,자녀 성장기(막내가 초등학생～고등학생),"2,100만원 이상",경영/관리직,서울
104581,20230701,전기 자전거,남성,40대,자녀 성장기(막내가 초등학생～고등학생),700만원 내외,사무직,서울
104590,20230701,전동 스쿠터,여성,40대,1인 가구,500만원 내외,무직/기타,경기
104593,20230701,전동 휠,남성,40대,신혼기(자녀없음),500만원 내외,사무직,인천
104599,20230701,전기 자전거,여성,40대,자녀 성장기(막내가 초등학생～고등학생),300만원 내외,전업주부,서울
104612,20230701,"오토바이(바이크, 스쿠터)",남성,40대,자녀 성장기(막내가 초등학생～고등학생),600만원 내외,기술/숙련직,충남
104619,20230701,전기 자전거,여성,50대,자녀 성인기(막내가 대학생～결혼 전),"1,100~1,500만원 내외",자영업,경기
104629,20230701,"오토바이(바이크, 스쿠터)",남성,50대,자녀 독립기(막내가 결혼한 상태),300만원 내외,무직/기타,경기
104631,20230701,"오토바이(바이크, 스쿠터)",남성,60대 이상,자녀 성인기(막내가 대학생～결혼 전),800만원 내외,기술/숙련직,인천
104656,20230701,전기 자전거,여성,50대,자녀 성인기(막내가 대학생～결혼 전),600만원 내외,전업주부,경남
104660,20230701,"오토바이(바이크, 스쿠터)",남성,50대,자녀 성인기(막내가 대학생～결혼 전),"1,000만원 내외",일반 공무원/준공무원,전북
104674,20230701,전기 자전거,남성,50대,자녀 독립기(막내가 결혼한 상태),700만원 내외,일반 공무원/준공무원,경기
104677,20230701,전기 자전거,남성,60대 이상,자녀 성인기(막내가 대학생～결혼 전),700만원 내외,일반 공무원/준공무원,경북
104692,20230701,전동 킥보드,남성,60대 이상,자녀 성장기(막내가 초등학생～고등학생),600만원 내외,자영업,광주
104726,20230701,전기 자전거,여성,40대,신혼기 초과(자녀없음),300만원 내외,사무직,서울
104729,20230701,전동 킥보드,남성,50대,자녀 성인기(막내가 대학생～결혼 전),"1,000만원 내외",일반 공무원/준공무원,전남
104737,20230701,"오토바이(바이크, 스쿠터)",남성,40대,자녀 성장기(막내가 초등학생～고등학생),700만원 내외,경영/관리직,인천
104750,20230701,전기 자전거,남성,60대 이상,자녀 성인기(막내가 대학생～결혼 전),500만원 내외,판매/서비스직,경기
104772,20230701,전동 스쿠터,여성,40대,신혼기(자녀없음),500만원 내외,일반 공무원/준공무원,서울
104785,20230701,"오토바이(바이크, 스쿠터)",남성,40대,1인 가구,"2,100만원 이상",무직/기타,울산
104787,20230701,전동 킥보드,남성,40대,자녀 성장기(막내가 초등학생～고등학생),"2,100만원 이상",전문직,서울
104792,20230701,전동 킥보드,남성,50대,신혼기 초과(자녀없음),400만원 내외,자영업,경기
104836,20230701,전기 자전거,남성,60대 이상,자녀 성인기(막내가 대학생～결혼 전),400만원 내외,판매/서비스직,경북
104839,20230701,"오토바이(바이크, 스쿠터)",여성,40대,자녀 성인기(막내가 대학생～결혼 전),600만원 내외,사무직,경기
104840,20230701,"오토바이(바이크, 스쿠터)",남성,30대,자녀 성인기(막내가 대학생～결혼 전),400만원 내외,무직/기타,대구
104854,20230701,전기 자전거,남성,50대,자녀 성인기(막내가 대학생～결혼 전),"1,600~2,000만원 내외",경영/관리직,서울
104855,20230701,"오토바이(바이크, 스쿠터)",남성,50대,자녀 성장기(막내가 초등학생～고등학생),600만원 내외,판매/서비스직,서울
104865,20230701,"오토바이(바이크, 스쿠터)",여성,40대,1인 가구,300만원 내외,기술/숙련직,경기
104869,20230701,전동 휠,남성,50대,자녀 성장기(막내가 초등학생～고등학생),400만원 내외,일반 공무원/준공무원,서울
104885,20230701,전동 킥보드,남성,50대,자녀 성인기(막내가 대학생～결혼 전),400만원 내외,판매/서비스직,경기
104890,20230701,전기 자전거,남성,40대,자녀 성장기(막내가 초등학생～고등학생),500만원 내외,경영/관리직,부산
104903,20230701,"오토바이(바이크, 스쿠터)",남성,50대,자녀 성장기(막내가 초등학생～고등학생),"1,000만원 내외",사무직,경북
104913,20230701,전동 킥보드,여성,40대,자녀 성장기(막내가 초등학생～고등학생),400만원 내외,학생,충남
104918,20230701,"오토바이(바이크, 스쿠터)",여성,40대,자녀 성장기(막내가 초등학생～고등학생),700만원 내외,일반 공무원/준공무원,대구
104938,20230701,전동 킥보드,남성,40대,1인 가구,300만원 내외,자영업,경기
104943,20230701,전동 스쿠터,여성,40대,자녀 유아기(막내가 초등학교 입학 전),"2,100만원 이상",기술/숙련직,서울
104958,20230701,"오토바이(바이크, 스쿠터)",남성,60대 이상,자녀 독립기(막내가 결혼한 상태),200만원 내외,자영업,전남
104960,20230701,전기 자전거,남성,60대 이상,자녀 성인기(막내가 대학생～결혼 전),800만원 내외,경영/관리직,경기
104969,20230701,전동 킥보드,남성,40대,자녀 유아기(막내가 초등학교 입학 전),"1,000만원 내외",사무직,부산
104971,20230701,전기 자전거,남성,40대,자녀 성인기(막내가 대학생～결혼 전),"1,000만원 내외",경영/관리직,서울
104982,20230701,"오토바이(바이크, 스쿠터)",남성,40대,자녀 성장기(막내가 초등학생～고등학생),300만원 내외,무직/기타,부산
105000,20230701,전동 킥보드,남성,50대,자녀 성인기(막내가 대학생～결혼 전),"1,000만원 내외",자영업,경기
105002,20230701,"오토바이(바이크, 스쿠터)",남성,40대,자녀 유아기(막내가 초등학교 입학 전),500만원 내외,기술/숙련직,경기
105020,20230701,전동 휠,여성,30대,자녀 성장기(막내가 초등학생～고등학생),500만원 내외,사무직,인천
105037,20230701,전기 자전거,여성,40대,자녀 성장기(막내가 초등학생～고등학생),500만원 내외,사무직,대구
105048,20230701,전동 킥보드,여성,40대,자녀 성장기(막내가 초등학생～고등학생),"1,100~1,500만원 내외",전문직,경기
105053,20230701,"오토바이(바이크, 스쿠터)",남성,40대,자녀 독립기(막내가 결혼한 상태),300만원 내외,사무직,서울
105061,20230701,"오토바이(바이크, 스쿠터)",남성,50대,자녀 성인기(막내가 대학생～결혼 전),"1,000만원 내외",무직/기타,강원
105065,20230701,"오토바이(바이크, 스쿠터)",남성,50대,1인 가구,600만원 내외,자영업,경기
105072,20230701,"오토바이(바이크, 스쿠터)",여성,30대,자녀 유아기(막내가 초등학교 입학 전),"1,000만원 내외",기술/숙련직,인천
105091,20230701,전동 킥보드,남성,40대,1인 가구,800만원 내외,경영/관리직,서울
105096,20230701,전기 자전거,남성,50대,자녀 성장기(막내가 초등학생～고등학생),700만원 내외,기술/숙련직,충북
105121,20230701,전기 자전거,남성,50대,자녀 성인기(막내가 대학생～결혼 전),700만원 내외,기술/숙련직,경남
105131,20230701,"오토바이(바이크, 스쿠터)",남성,60대 이상,자녀 성인기(막내가 대학생～결혼 전),500만원 내외,자영업,대구
105150,20230701,"오토바이(바이크, 스쿠터)",남성,60대 이상,자녀 독립기(막내가 결혼한 상태),400만원 내외,무직/기타,경기
105181,20230701,전동 킥보드,남성,40대,자녀 성장기(막내가 초등학생～고등학생),"1,000만원 내외",사무직,인천
105202,20230701,전기 자전거,남성,60대 이상,자녀 성인기(막내가 대학생～결혼 전),"1,000만원 내외",자영업,충남
105208,20230701,전동 휠,남성,50대,자녀 성인기(막내가 대학생～결혼 전),"1,000만원 내외",사무직,부산
105212,20230701,전기 자전거,여성,50대,자녀 성인기(막내가 대학생～결혼 전),"1,100~1,500만원 내외",일반 공무원/준공무원,서울
105226,20230701,전기 자전거,남성,40대,자녀 성장기(막내가 초등학생～고등학생),800만원 내외,사무직,서울
105228,20230701,전기 자전거,남성,40대,1인 가구,500만원 내외,사무직,경기
105254,20230701,"오토바이(바이크, 스쿠터)",여성,50대,자녀 성인기(막내가 대학생～결혼 전),"1,000만원 내외",사무직,충남
105283,20230701,"오토바이(바이크, 스쿠터)",남성,60대 이상,자녀 독립기(막내가 결혼한 상태),600만원 내외,무직/기타,경북
105306,20230701,전기 자전거,남성,40대,신혼기 초과(자녀없음),800만원 내외,경영/관리직,경기
105307,20230701,전동 킥보드,남성,50대,자녀 성장기(막내가 초등학생～고등학생),700만원 내외,기술/숙련직,경기
105346,20230701,전기 자전거,남성,40대,자녀 성인기(막내가 대학생～결혼 전),500만원 내외,기술/숙련직,서울
105354,20230701,"오토바이(바이크, 스쿠터)",여성,40대,1인 가구,500만원 내외,전업주부,부산
105358,20230701,전동 킥보드,남성,40대,1인 가구,400만원 내외,기술/숙련직,인천
105375,20230701,전동 킥보드,남성,40대,자녀 성인기(막내가 대학생～결혼 전),600만원 내외,사무직,울산
105377,20230701,"오토바이(바이크, 스쿠터)",남성,40대,자녀 성장기(막내가 초등학생～고등학생),400만원 내외,판매/서비스직,경북
105385,20230701,전동 킥보드,남성,40대,자녀 유아기(막내가 초등학교 입학 전),700만원 내외,사무직,경기
105386,20230701,전기 자전거,남성,40대,자녀 성인기(막내가 대학생～결혼 전),500만원 내외,기술/숙련직,경북
105398,20230701,"오토바이(바이크, 스쿠터)",여성,50대,자녀 성인기(막내가 대학생～결혼 전),300만원 내외,전업주부,충남
105402,20230701,전동 킥보드,남성,40대,자녀 성장기(막내가 초등학생～고등학생),600만원 내외,기술/숙련직,서울
105403,20230701,전기 자전거,여성,30대,자녀 성인기(막내가 대학생～결혼 전),900만원 내외,무직/기타,전남
105410,20230701,"오토바이(바이크, 스쿠터)",남성,40대,자녀 성장기(막내가 초등학생～고등학생),"2,100만원 이상",자영업,경기
105417,20230701,"오토바이(바이크, 스쿠터)",여성,40대,자녀 성장기(막내가 초등학생～고등학생),700만원 내외,자영업,서울
105425,20230701,"오토바이(바이크, 스쿠터)",남성,50대,1인 가구,600만원 내외,기술/숙련직,경남
105432,20230701,전동 킥보드,남성,40대,자녀 유아기(막내가 초등학교 입학 전),500만원 내외,기술/숙련직,서울
105434,20230701,"오토바이(바이크, 스쿠터)",여성,40대,자녀 유아기(막내가 초등학교 입학 전),400만원 내외,판매/서비스직,대전
105460,20230701,전동 스케이트보드,남성,50대,신혼기(자녀없음),400만원 내외,사무직,경기
105464,20230701,"오토바이(바이크, 스쿠터)",남성,40대,자녀 성장기(막내가 초등학생～고등학생),400만원 내외,사무직,서울
105477,20230701,전동 킥보드,남성,40대,자녀 성장기(막내가 초등학생～고등학생),800만원 내외,기술/숙련직,경기
105479,20230701,"오토바이(바이크, 스쿠터)",남성,60대 이상,자녀 독립기(막내가 결혼한 상태),300만원 내외,무직/기타,경기
105483,20230701,전기 자전거,남성,30대,자녀 독립기(막내가 결혼한 상태),"1,600~2,000만원 내외",무직/기타,대전
105499,20230701,"오토바이(바이크, 스쿠터)",남성,60대 이상,1인 가구,100만원 이하,무직/기타,서울
105506,20230701,전기 자전거,남성,40대,자녀 성장기(막내가 초등학생～고등학생),500만원 내외,기술/숙련직,대전
105517,20230701,"오토바이(바이크, 스쿠터)",여성,40대,자녀 성장기(막내가 초등학생～고등학생),500만원 내외,전업주부,울산
105518,20230701,"오토바이(바이크, 스쿠터)",남성,50대,자녀 성인기(막내가 대학생～결혼 전),"1,100~1,500만원 내외",사무직,서울
105524,20230701,전동 킥보드,남성,40대,자녀 성장기(막내가 초등학생～고등학생),400만원 내외,사무직,충남
105531,20230701,"오토바이(바이크, 스쿠터)",남성,40대,자녀 성장기(막내가 초등학생～고등학생),"2,100만원 이상",기술/숙련직,경기
105532,20230701,"오토바이(바이크, 스쿠터)",남성,60대 이상,자녀 성인기(막내가 대학생～결혼 전),600만원 내외,자영업,경기
105540,20230701,"오토바이(바이크, 스쿠터)",남성,40대,1인 가구,200만원 내외,기술/숙련직,경기
105544,20230701,전기 자전거,남성,60대 이상,자녀 독립기(막내가 결혼한 상태),800만원 내외,기술/숙련직,부산
105548,20230701,"오토바이(바이크, 스쿠터)",남성,20대,자녀 성인기(막내가 대학생～결혼 전),모름,무직/기타,서울
105561,20230701,전동 킥보드,남성,40대,자녀 성장기(막내가 초등학생～고등학생),500만원 내외,기술/숙련직,경기
105563,20230701,전기 자전거,남성,60대 이상,1인 가구,300만원 내외,무직/기타,대전
105569,20230701,전기 자전거,남성,60대 이상,자녀 독립기(막내가 결혼한 상태),"1,000만원 내외",자영업,경기
105579,20230701,전동 킥보드,여성,20대,자녀 성인기(막내가 대학생～결혼 전),모름,무직/기타,전남
105582,20230701,"오토바이(바이크, 스쿠터)",남성,60대 이상,자녀 독립기(막내가 결혼한 상태),100만원 이하,기술/숙련직,서울
105590,20230701,전기 자전거,남성,40대,자녀 성장기(막내가 초등학생～고등학생),"1,100~1,500만원 내외",기술/숙련직,경기
105600,20230701,전기 자전거,남성,40대,자녀 성장기(막내가 초등학생～고등학생),900만원 내외,사무직,경기
105605,20230701,"오토바이(바이크, 스쿠터)",남성,40대,자녀 유아기(막내가 초등학교 입학 전),500만원 내외,사무직,인천
105607,20230701,전기 자전거,남성,50대,자녀 성인기(막내가 대학생～결혼 전),900만원 내외,사무직,대전
105608,20230701,"오토바이(바이크, 스쿠터)",여성,40대,자녀 성장기(막내가 초등학생～고등학생),600만원 내외,기술/숙련직,경북
105614,20230701,"오토바이(바이크, 스쿠터)",남성,40대,자녀 성인기(막내가 대학생～결혼 전),800만원 내외,사무직,서울
105633,20230701,"오토바이(바이크, 스쿠터)",남성,60대 이상,자녀 성인기(막내가 대학생～결혼 전),700만원 내외,무직/기타,경기
105656,20230701,전동 스쿠터,남성,50대,자녀 독립기(막내가 결혼한 상태),600만원 내외,기술/숙련직,충남
105665,20230701,전동 킥보드,남성,50대,자녀 성장기(막내가 초등학생～고등학생),"1,000만원 내외",전문직,세종
105674,20230701,"오토바이(바이크, 스쿠터)",남성,50대,자녀 성인기(막내가 대학생～결혼 전),200만원 내외,사무직,경기
105676,20230701,전기 자전거,여성,60대 이상,자녀 독립기(막내가 결혼한 상태),600만원 내외,전업주부,경기
105686,20230701,전동 스케이트보드,여성,50대,신혼기(자녀없음),900만원 내외,사무직,인천
105689,20230701,"오토바이(바이크, 스쿠터)",남성,50대,자녀 성인기(막내가 대학생～결혼 전),"2,100만원 이상",전문직,충남
105697,20230701,전기 자전거,남성,60대 이상,자녀 성인기(막내가 대학생～결혼 전),400만원 내외,기술/숙련직,서울
105699,20230701,전동 스케이트보드,여성,40대,자녀 유아기(막내가 초등학교 입학 전),600만원 내외,일반 공무원/준공무원,대구
105703,20230701,전동 스쿠터,남성,50대,자녀 성인기(막내가 대학생～결혼 전),500만원 내외,사무직,서울
105706,20230701,전동 킥보드,남성,60대 이상,자녀 성인기(막내가 대학생～결혼 전),800만원 내외,전문직,서울
105717,20230701,"오토바이(바이크, 스쿠터)",남성,50대,자녀 유아기(막내가 초등학교 입학 전),"1,000만원 내외",기술/숙련직,경기
105722,20230701,전동 킥보드,남성,50대,자녀 성장기(막내가 초등학생～고등학생),600만원 내외,무직/기타,서울
105748,20230701,전기 자전거,여성,40대,자녀 성장기(막내가 초등학생～고등학생),300만원 내외,판매/서비스직,충북
105752,20230701,"오토바이(바이크, 스쿠터)",여성,40대,자녀 성장기(막내가 초등학생～고등학생),400만원 내외,기술/숙련직,광주
105763,20230701,전동 킥보드,남성,40대,자녀 유아기(막내가 초등학교 입학 전),600만원 내외,사무직,경기
105768,20230701,"오토바이(바이크, 스쿠터)",남성,30대,자녀 유아기(막내가 초등학교 입학 전),700만원 내외,기술/숙련직,대구
105772,20230701,전동 스케이트보드,남성,40대,자녀 성장기(막내가 초등학생～고등학생),800만원 내외,기술/숙련직,부산
105777,20230701,전동 킥보드,남성,50대,자녀 성인기(막내가 대학생～결혼 전),800만원 내외,일반 공무원/준공무원,전북
105786,20230701,전동 킥보드,남성,40대,자녀 성장기(막내가 초등학생～고등학생),800만원 내외,자영업,충북
105800,20230701,전기 자전거,남성,40대,자녀 성장기(막내가 초등학생～고등학생),600만원 내외,사무직,경기
105832,20230701,전기 자전거,남성,40대,자녀 성장기(막내가 초등학생～고등학생),600만원 내외,사무직,경남
105834,20230701,"오토바이(바이크, 스쿠터)",남성,30대,1인 가구,"1,100~1,500만원 내외",기술/숙련직,울산
105836,20230701,"오토바이(바이크, 스쿠터)",남성,20대,자녀 성인기(막내가 대학생～결혼 전),300만원 내외,자영업,경기
105841,20230701,전동 휠,남성,50대,자녀 성장기(막내가 초등학생～고등학생),400만원 내외,자영업,경기
105847,20230701,"오토바이(바이크, 스쿠터)",남성,40대,1인 가구,100만원 이하,판매/서비스직,전북
105851,20230701,전기 자전거,여성,40대,자녀 성장기(막내가 초등학생～고등학생),700만원 내외,사무직,서울
105865,20230701,"오토바이(바이크, 스쿠터)",남성,60대 이상,자녀 성인기(막내가 대학생～결혼 전),800만원 내외,무직/기타,경기
105893,20230701,"오토바이(바이크, 스쿠터)",남성,40대,자녀 성장기(막내가 초등학생～고등학생),600만원 내외,사무직,경기
105897,20230701,"오토바이(바이크, 스쿠터)",남성,40대,자녀 성장기(막내가 초등학생～고등학생),900만원 내외,경영/관리직,전북
105906,20230701,전동 킥보드,남성,40대,신혼기(자녀없음),400만원 내외,사무직,인천
105917,20230701,"오토바이(바이크, 스쿠터)",남성,40대,1인 가구,600만원 내외,기술/숙련직,전북
105920,20230701,"오토바이(바이크, 스쿠터)",남성,50대,1인 가구,100만원 이하,무직/기타,부산
105921,20230701,전동 킥보드,남성,20대,자녀 성인기(막내가 대학생～결혼 전),"2,100만원 이상",사무직,경기
105923,20230701,전동 킥보드,남성,40대,자녀 성장기(막내가 초등학생～고등학생),300만원 내외,기술/숙련직,광주
105925,20230701,"오토바이(바이크, 스쿠터)",남성,50대,자녀 성장기(막내가 초등학생～고등학생),500만원 내외,사무직,광주
105932,20230701,전기 자전거,남성,20대,자녀 성인기(막내가 대학생～결혼 전),"1,000만원 내외",무직/기타,경북
105949,20230701,"오토바이(바이크, 스쿠터)",남성,30대,1인 가구,300만원 내외,판매/서비스직,경기
105952,20230701,"오토바이(바이크, 스쿠터)",남성,40대,자녀 성장기(막내가 초등학생～고등학생),600만원 내외,사무직,경기
105955,20230701,"오토바이(바이크, 스쿠터)",남성,40대,자녀 성장기(막내가 초등학생～고등학생),500만원 내외,판매/서비스직,서울
105962,20230701,"오토바이(바이크, 스쿠터)",남성,30대,자녀 독립기(막내가 결혼한 상태),600만원 내외,기술/숙련직,서울
105981,20230701,"오토바이(바이크, 스쿠터)",남성,40대,1인 가구,100만원 이하,자영업,경북
105988,20230701,"오토바이(바이크, 스쿠터)",남성,50대,1인 가구,300만원 내외,자영업,부산
106018,20230701,전동 킥보드,남성,40대,자녀 성장기(막내가 초등학생～고등학생),500만원 내외,자영업,경남
106032,20230701,"오토바이(바이크, 스쿠터)",남성,30대,자녀 성장기(막내가 초등학생～고등학생),800만원 내외,일반 공무원/준공무원,경기
106039,20230701,"오토바이(바이크, 스쿠터)",남성,40대,신혼기 초과(자녀없음),500만원 내외,사무직,서울
106059,20230701,"오토바이(바이크, 스쿠터)",남성,50대,자녀 성장기(막내가 초등학생～고등학생),800만원 내외,자영업,서울
106067,20230701,전기 자전거,남성,60대 이상,자녀 독립기(막내가 결혼한 상태),300만원 내외,무직/기타,경북
106082,20230701,전기 자전거,남성,50대,자녀 성장기(막내가 초등학생～고등학생),500만원 내외,일반 공무원/준공무원,전남
106100,20230701,"오토바이(바이크, 스쿠터)",여성,40대,자녀 성장기(막내가 초등학생～고등학생),900만원 내외,자영업,강원
106110,20230701,전기 자전거,여성,50대,1인 가구,200만원 내외,판매/서비스직,울산
106115,20230701,전동 킥보드,남성,30대,신혼기(자녀없음),500만원 내외,일반 공무원/준공무원,강원
106128,20230701,"오토바이(바이크, 스쿠터)",남성,40대,자녀 성인기(막내가 대학생～결혼 전),600만원 내외,기술/숙련직,경기
106133,20230701,전동 킥보드,남성,50대,자녀 성장기(막내가 초등학생～고등학생),700만원 내외,기술/숙련직,경기
106135,20230701,전동 킥보드,남성,40대,자녀 성장기(막내가 초등학생～고등학생),100만원 이하,학생,충북
106141,20230701,전기 자전거,남성,40대,자녀 성장기(막내가 초등학생～고등학생),600만원 내외,사무직,서울
106149,20230701,전동 킥보드,여성,40대,자녀 성인기(막내가 대학생～결혼 전),500만원 내외,전업주부,경기
106208,20230701,전동 킥보드,남성,50대,자녀 성장기(막내가 초등학생～고등학생),"1,000만원 내외",기술/숙련직,강원
106215,20230701,전동 휠,남성,60대 이상,자녀 독립기(막내가 결혼한 상태),800만원 내외,전문직,부산
106221,20230701,전기 자전거,남성,50대,자녀 성인기(막내가 대학생～결혼 전),700만원 내외,자영업,인천
106262,20230701,전동 스케이트보드,남성,60대 이상,자녀 성장기(막내가 초등학생～고등학생),400만원 내외,판매/서비스직,경기
106288,20230701,전동 킥보드,남성,20대,자녀 성인기(막내가 대학생～결혼 전),"1,000만원 내외",무직/기타,경기
106289,20230701,전동 킥보드,남성,40대,자녀 성장기(막내가 초등학생～고등학생),300만원 내외,무직/기타,경기
106315,20230701,"오토바이(바이크, 스쿠터)",남성,60대 이상,자녀 성인기(막내가 대학생～결혼 전),200만원 내외,자영업,충남
106325,20230701,전동 킥보드,남성,40대,자녀 성장기(막내가 초등학생～고등학생),500만원 내외,판매/서비스직,서울
106332,20230701,"오토바이(바이크, 스쿠터)",남성,40대,신혼기 초과(자녀없음),"1,000만원 내외",자영업,서울
106337,20230701,전기 자전거,남성,60대 이상,자녀 독립기(막내가 결혼한 상태),300만원 내외,무직/기타,충남
106347,20230701,"오토바이(바이크, 스쿠터)",남성,50대,자녀 성인기(막내가 대학생～결혼 전),500만원 내외,자영업,대전
106348,20230701,전기 자전거,남성,40대,자녀 성장기(막내가 초등학생～고등학생),400만원 내외,기술/숙련직,서울
106355,20230701,전기 자전거,남성,50대,자녀 성장기(막내가 초등학생～고등학생),"1,100~1,500만원 내외",경영/관리직,서울
106368,20230701,"오토바이(바이크, 스쿠터)",남성,50대,자녀 성인기(막내가 대학생～결혼 전),600만원 내외,자영업,부산
106376,20230701,전동 킥보드,남성,40대,자녀 성장기(막내가 초등학생～고등학생),"1,100~1,500만원 내외",일반 공무원/준공무원,경기
106384,20230701,전동 킥보드,남성,50대,자녀 성인기(막내가 대학생～결혼 전),"1,100~1,500만원 내외",경영/관리직,경기
106385,20230701,전기 자전거,남성,60대 이상,자녀 독립기(막내가 결혼한 상태),"1,000만원 내외",무직/기타,경남
106393,20230701,전동 휠,남성,40대,자녀 유아기(막내가 초등학교 입학 전),"1,100~1,500만원 내외",기술/숙련직,대구
106395,20230701,전기 자전거,남성,50대,자녀 성인기(막내가 대학생～결혼 전),400만원 내외,전문직,울산
106408,20230701,전동 킥보드,남성,50대,자녀 성인기(막내가 대학생～결혼 전),800만원 내외,일반 공무원/준공무원,서울
106414,20230701,전동 킥보드,남성,40대,자녀 유아기(막내가 초등학교 입학 전),300만원 내외,판매/서비스직,경기
106420,20230701,전동 킥보드,남성,60대 이상,자녀 성장기(막내가 초등학생～고등학생),600만원 내외,사무직,대전
106426,20230701,전기 자전거,남성,60대 이상,자녀 독립기(막내가 결혼한 상태),400만원 내외,무직/기타,경기
106434,20230701,전기 자전거,남성,60대 이상,자녀 성인기(막내가 대학생～결혼 전),모름,자영업,경북
106438,20230701,"오토바이(바이크, 스쿠터)",여성,20대,1인 가구,500만원 내외,무직/기타,대전
106444,20230701,"오토바이(바이크, 스쿠터)",남성,50대,자녀 성인기(막내가 대학생～결혼 전),600만원 내외,전문직,서울
106446,20230701,전기 자전거,남성,60대 이상,자녀 독립기(막내가 결혼한 상태),600만원 내외,기술/숙련직,서울
106447,20230701,전기 자전거,남성,60대 이상,자녀 독립기(막내가 결혼한 상태),"1,000만원 내외",판매/서비스직,서울
106449,20230701,전기 자전거,남성,50대,자녀 성인기(막내가 대학생～결혼 전),800만원 내외,사무직,충남
106453,20230701,"오토바이(바이크, 스쿠터)",남성,40대,자녀 성장기(막내가 초등학생～고등학생),500만원 내외,사무직,강원
106459,20230701,전기 자전거,남성,50대,자녀 성인기(막내가 대학생～결혼 전),300만원 내외,경영/관리직,제주
106484,20230701,전기 자전거,남성,40대,자녀 성장기(막내가 초등학생～고등학생),600만원 내외,일반 공무원/준공무원,경기
106488,20230701,전동 킥보드,남성,50대,자녀 성장기(막내가 초등학생～고등학생),"1,000만원 내외",경영/관리직,경기
106491,20230701,전기 자전거,여성,30대,1인 가구,모름,일반 공무원/준공무원,경남
106514,20230701,"오토바이(바이크, 스쿠터)",남성,50대,자녀 성장기(막내가 초등학생～고등학생),900만원 내외,사무직,경북
106525,20230701,"오토바이(바이크, 스쿠터)",남성,30대,자녀 유아기(막내가 초등학교 입학 전),900만원 내외,기술/숙련직,부산
106526,20230701,전기 자전거,여성,40대,자녀 성인기(막내가 대학생～결혼 전),500만원 내외,전업주부,대구
106539,20230701,전동 킥보드,남성,60대 이상,자녀 독립기(막내가 결혼한 상태),900만원 내외,기술/숙련직,서울
106562,20230701,전기 자전거,여성,40대,자녀 성장기(막내가 초등학생～고등학생),700만원 내외,사무직,세종
106563,20230701,전기 자전거,남성,30대,자녀 성인기(막내가 대학생～결혼 전),300만원 내외,자영업,부산
106567,20230701,전동 스케이트보드,남성,40대,자녀 유아기(막내가 초등학교 입학 전),400만원 내외,기술/숙련직,부산
106570,20230701,전동 킥보드,남성,50대,자녀 성인기(막내가 대학생～결혼 전),600만원 내외,사무직,인천
106571,20230701,전동 킥보드,여성,50대,자녀 성장기(막내가 초등학생～고등학생),400만원 내외,전업주부,대구
106577,20230701,전기 자전거,남성,40대,자녀 유아기(막내가 초등학교 입학 전),400만원 내외,기술/숙련직,인천
106585,20230701,전동 킥보드,남성,30대,신혼기 초과(자녀없음),800만원 내외,기술/숙련직,경기
106598,20230701,전동 킥보드,여성,40대,자녀 성장기(막내가 초등학생～고등학생),500만원 내외,판매/서비스직,경기
106617,20230701,전동 킥보드,남성,60대 이상,신혼기 초과(자녀없음),"1,000만원 내외",무직/기타,경북
106621,20230701,"오토바이(바이크, 스쿠터)",남성,60대 이상,자녀 독립기(막내가 결혼한 상태),300만원 내외,무직/기타,광주
106635,20230701,전동 휠,여성,60대 이상,자녀 독립기(막내가 결혼한 상태),900만원 내외,무직/기타,인천
106642,20230701,전기 자전거,남성,60대 이상,자녀 성인기(막내가 대학생～결혼 전),300만원 내외,무직/기타,서울
106655,20230701,"오토바이(바이크, 스쿠터)",남성,40대,자녀 성장기(막내가 초등학생～고등학생),"1,100~1,500만원 내외",일반 공무원/준공무원,전북
106658,20230701,전동 킥보드,여성,40대,자녀 성장기(막내가 초등학생～고등학생),500만원 내외,전업주부,경북
106668,20230701,"오토바이(바이크, 스쿠터)",남성,50대,자녀 성인기(막내가 대학생～결혼 전),700만원 내외,무직/기타,서울
106673,20230701,"오토바이(바이크, 스쿠터)",여성,60대 이상,자녀 독립기(막내가 결혼한 상태),"1,100~1,500만원 내외",전문직,서울
106686,20230701,전동 킥보드,남성,60대 이상,자녀 성인기(막내가 대학생～결혼 전),700만원 내외,일반 공무원/준공무원,경북
106696,20230701,전동 킥보드,남성,30대,자녀 유아기(막내가 초등학교 입학 전),800만원 내외,판매/서비스직,경기
106702,20230701,전동 스쿠터,여성,40대,1인 가구,400만원 내외,자영업,서울
106707,20230701,전동 킥보드,남성,40대,자녀 성인기(막내가 대학생～결혼 전),500만원 내외,전문직,서울
106708,20230701,전동 킥보드,남성,50대,자녀 성장기(막내가 초등학생～고등학생),500만원 내외,기술/숙련직,충북
106711,20230701,전기 자전거,여성,40대,자녀 성장기(막내가 초등학생～고등학생),600만원 내외,전문직,서울
106715,20230701,전기 자전거,남성,30대,자녀 유아기(막내가 초등학교 입학 전),500만원 내외,기술/숙련직,경기
106719,20230701,전동 킥보드,남성,40대,신혼기(자녀없음),600만원 내외,경영/관리직,서울
106720,20230701,전기 자전거,남성,60대 이상,자녀 독립기(막내가 결혼한 상태),500만원 내외,무직/기타,인천
106733,20230701,전동 킥보드,남성,40대,자녀 성장기(막내가 초등학생～고등학생),600만원 내외,기술/숙련직,충북
106745,20230701,전기 자전거,여성,30대,자녀 성인기(막내가 대학생～결혼 전),700만원 내외,전문직,대전
106751,20230701,전동 킥보드,남성,30대,자녀 성장기(막내가 초등학생～고등학생),300만원 내외,판매/서비스직,경북
106752,20230701,전기 자전거,남성,60대 이상,자녀 성인기(막내가 대학생～결혼 전),500만원 내외,무직/기타,서울
106757,20230701,전동 킥보드,여성,40대,자녀 성장기(막내가 초등학생～고등학생),600만원 내외,사무직,서울
106811,20230701,전기 자전거,남성,30대,자녀 성장기(막내가 초등학생～고등학생),800만원 내외,사무직,경기
106817,20230701,전기 자전거,여성,40대,자녀 성장기(막내가 초등학생～고등학생),"1,100~1,500만원 내외",사무직,서울
106819,20230701,전동 킥보드,남성,40대,자녀 성장기(막내가 초등학생～고등학생),"1,000만원 내외",사무직,서울
106827,20230701,전동 킥보드,남성,40대,자녀 성장기(막내가 초등학생～고등학생),500만원 내외,기술/숙련직,대구
106851,20230701,전동 킥보드,남성,40대,자녀 성장기(막내가 초등학생～고등학생),500만원 내외,경영/관리직,충남
106868,20230701,전기 자전거,여성,50대,자녀 성인기(막내가 대학생～결혼 전),500만원 내외,전업주부,전북
106875,20230701,"오토바이(바이크, 스쿠터)",남성,50대,자녀 성장기(막내가 초등학생～고등학생),"1,000만원 내외",경영/관리직,서울
106882,20230701,전동 스케이트보드,여성,40대,자녀 성장기(막내가 초등학생～고등학생),200만원 내외,사무직,부산
106923,20230701,"오토바이(바이크, 스쿠터)",남성,60대 이상,자녀 독립기(막내가 결혼한 상태),500만원 내외,자영업,인천
106936,20230701,전동 킥보드,남성,50대,자녀 성장기(막내가 초등학생～고등학생),700만원 내외,기술/숙련직,경북
106937,20230701,"오토바이(바이크, 스쿠터)",남성,40대,자녀 성장기(막내가 초등학생～고등학생),"1,100~1,500만원 내외",자영업,경남
106947,20230701,전동 스케이트보드,남성,40대,자녀 성장기(막내가 초등학생～고등학생),500만원 내외,기술/숙련직,서울
106964,20230701,전동 휠,남성,50대,자녀 성인기(막내가 대학생～결혼 전),700만원 내외,기술/숙련직,서울
106972,20230701,전기 자전거,남성,50대,자녀 성인기(막내가 대학생～결혼 전),"1,100~1,500만원 내외",일반 공무원/준공무원,전북
106994,20230701,전동 킥보드,남성,40대,자녀 성장기(막내가 초등학생～고등학생),500만원 내외,자영업,경기
107008,20230701,"오토바이(바이크, 스쿠터)",남성,60대 이상,자녀 성인기(막내가 대학생～결혼 전),600만원 내외,판매/서비스직,경기
107020,20230701,전동 킥보드,여성,40대,자녀 성인기(막내가 대학생～결혼 전),"1,000만원 내외",일반 공무원/준공무원,서울
107032,20230701,전기 자전거,남성,40대,자녀 성장기(막내가 초등학생～고등학생),700만원 내외,사무직,경기
107034,20230701,전기 자전거,남성,60대 이상,자녀 성인기(막내가 대학생～결혼 전),400만원 내외,무직/기타,경기
107053,20230701,전동 킥보드,남성,40대,자녀 유아기(막내가 초등학교 입학 전),400만원 내외,자영업,부산
107057,20230701,전동 킥보드,남성,40대,신혼기 초과(자녀없음),500만원 내외,기술/숙련직,경기
107058,20230701,전기 자전거,여성,40대,자녀 성인기(막내가 대학생～결혼 전),"1,000만원 내외",자영업,서울
107082,20230701,전기 자전거,남성,60대 이상,자녀 독립기(막내가 결혼한 상태),400만원 내외,자영업,서울
107093,20230701,전기 자전거,남성,30대,자녀 성장기(막내가 초등학생～고등학생),800만원 내외,사무직,서울
107111,20230701,전기 자전거,남성,60대 이상,자녀 독립기(막내가 결혼한 상태),400만원 내외,무직/기타,경기
107125,20230701,전기 자전거,여성,60대 이상,자녀 성인기(막내가 대학생～결혼 전),"1,100~1,500만원 내외",전업주부,경기
107144,20230701,"오토바이(바이크, 스쿠터)",남성,40대,자녀 유아기(막내가 초등학교 입학 전),800만원 내외,기술/숙련직,서울
107155,20230701,전기 자전거,남성,40대,신혼기 초과(자녀없음),400만원 내외,경영/관리직,인천
107157,20230701,전기 자전거,여성,40대,자녀 성장기(막내가 초등학생～고등학생),600만원 내외,판매/서비스직,전남
107174,20230701,전동 스케이트보드,남성,30대,자녀 독립기(막내가 결혼한 상태),"1,100~1,500만원 내외",판매/서비스직,서울
107182,20230701,"오토바이(바이크, 스쿠터)",남성,50대,1인 가구,100만원 이하,기술/숙련직,부산
107187,20230701,전기 자전거,남성,40대,자녀 성장기(막내가 초등학생～고등학생),600만원 내외,기술/숙련직,경기
107201,20230701,전기 자전거,남성,50대,신혼기 초과(자녀없음),500만원 내외,사무직,서울
107204,20230701,전동 킥보드,남성,40대,자녀 성장기(막내가 초등학생～고등학생),600만원 내외,자영업,인천
107206,20230701,전동 스쿠터,남성,60대 이상,1인 가구,300만원 내외,무직/기타,경기
107213,20230701,"오토바이(바이크, 스쿠터)",남성,40대,자녀 유아기(막내가 초등학교 입학 전),"1,000만원 내외",자영업,부산
107214,20230701,전기 자전거,남성,50대,자녀 성인기(막내가 대학생～결혼 전),500만원 내외,일반 공무원/준공무원,충북
107216,20230701,전동 킥보드,남성,40대,자녀 유아기(막내가 초등학교 입학 전),800만원 내외,사무직,경기
107236,20230701,전기 자전거,남성,50대,1인 가구,700만원 내외,기술/숙련직,경기
107260,20230701,"오토바이(바이크, 스쿠터)",여성,40대,자녀 성장기(막내가 초등학생～고등학생),500만원 내외,전문직,대구
107271,20230701,"오토바이(바이크, 스쿠터)",여성,40대,자녀 성장기(막내가 초등학생～고등학생),500만원 내외,일반 공무원/준공무원,강원
107275,20230701,전동 킥보드,남성,40대,자녀 성인기(막내가 대학생～결혼 전),700만원 내외,기술/숙련직,광주
107278,20230701,전기 자전거,남성,60대 이상,자녀 독립기(막내가 결혼한 상태),400만원 내외,무직/기타,대전
107294,20230701,전동 킥보드,여성,40대,자녀 성장기(막내가 초등학생～고등학생),400만원 내외,무직/기타,서울
107304,20230701,전동 킥보드,남성,40대,자녀 성장기(막내가 초등학생～고등학생),400만원 내외,판매/서비스직,경기
107325,20230701,전기 자전거,남성,60대 이상,자녀 성인기(막내가 대학생～결혼 전),800만원 내외,무직/기타,서울
107347,20230701,"오토바이(바이크, 스쿠터)",남성,40대,신혼기 초과(자녀없음),"2,100만원 이상",자영업,서울
107362,20230701,"오토바이(바이크, 스쿠터)",남성,60대 이상,자녀 독립기(막내가 결혼한 상태),300만원 내외,무직/기타,전남
107369,20230701,"오토바이(바이크, 스쿠터)",남성,40대,자녀 성장기(막내가 초등학생～고등학생),400만원 내외,사무직,경남
107389,20230701,전동 킥보드,남성,50대,자녀 성인기(막내가 대학생～결혼 전),"1,100~1,500만원 내외",자영업,강원
107399,20230701,"오토바이(바이크, 스쿠터)",남성,40대,자녀 성장기(막내가 초등학생～고등학생),"1,100~1,500만원 내외",기술/숙련직,전북
107415,20230701,전기 자전거,남성,60대 이상,자녀 성인기(막내가 대학생～결혼 전),"1,000만원 내외",무직/기타,강원
107416,20230701,전동 킥보드,남성,40대,1인 가구,700만원 내외,기술/숙련직,대전
107418,20230701,"오토바이(바이크, 스쿠터)",여성,50대,자녀 성인기(막내가 대학생～결혼 전),600만원 내외,기술/숙련직,서울
107435,20230701,전동 스쿠터,남성,60대 이상,1인 가구,500만원 내외,판매/서비스직,부산
107436,20230701,전기 자전거,남성,40대,자녀 성장기(막내가 초등학생～고등학생),"1,000만원 내외",자영업,서울
107442,20230701,"오토바이(바이크, 스쿠터)",여성,30대,자녀 성장기(막내가 초등학생～고등학생),200만원 내외,기술/숙련직,인천
107452,20230701,전기 자전거,여성,30대,1인 가구,200만원 내외,사무직,강원
107454,20230701,"오토바이(바이크, 스쿠터)",여성,40대,자녀 유아기(막내가 초등학교 입학 전),"1,000만원 내외",자영업,전북
107457,20230701,전동 킥보드,남성,50대,자녀 성인기(막내가 대학생～결혼 전),500만원 내외,기술/숙련직,광주
107465,20230701,전기 자전거,남성,60대 이상,자녀 독립기(막내가 결혼한 상태),200만원 내외,경영/관리직,광주
107473,20230701,전동 스케이트보드,남성,30대,1인 가구,300만원 내외,일반 공무원/준공무원,충북
107485,20230701,전기 자전거,남성,40대,1인 가구,100만원 이하,자영업,광주
107513,20230701,전동 킥보드,여성,40대,신혼기 초과(자녀없음),400만원 내외,무직/기타,경기
107529,20230701,전기 자전거,남성,50대,자녀 성인기(막내가 대학생～결혼 전),300만원 내외,기술/숙련직,서울
107536,20230701,전동 스쿠터,남성,40대,자녀 성장기(막내가 초등학생～고등학생),800만원 내외,경영/관리직,세종
107540,20230701,전동 킥보드,남성,60대 이상,자녀 성인기(막내가 대학생～결혼 전),900만원 내외,기술/숙련직,경기
107544,20230701,전동 휠,남성,40대,자녀 독립기(막내가 결혼한 상태),500만원 내외,자영업,대구
107551,20230701,전기 자전거,남성,60대 이상,자녀 성장기(막내가 초등학생～고등학생),200만원 내외,판매/서비스직,경기
107552,20230701,"오토바이(바이크, 스쿠터)",남성,30대,자녀 유아기(막내가 초등학교 입학 전),"1,100~1,500만원 내외",사무직,경기
107553,20230701,전동 스쿠터,여성,40대,자녀 성장기(막내가 초등학생～고등학생),500만원 내외,사무직,광주
107580,20230701,전동 스쿠터,남성,60대 이상,자녀 성인기(막내가 대학생～결혼 전),400만원 내외,기술/숙련직,서울
107583,20230701,"오토바이(바이크, 스쿠터)",남성,50대,자녀 성인기(막내가 대학생～결혼 전),600만원 내외,자영업,경기
107584,20230701,전동 킥보드,여성,40대,자녀 성인기(막내가 대학생～결혼 전),800만원 내외,자영업,대구
107606,20230701,전기 자전거,남성,40대,신혼기(자녀없음),100만원 이하,무직/기타,인천
107613,20230701,"오토바이(바이크, 스쿠터)",남성,40대,자녀 성장기(막내가 초등학생～고등학생),"1,600~2,000만원 내외",자영업,울산
107653,20230701,전기 자전거,남성,40대,1인 가구,400만원 내외,사무직,서울
107662,20230701,전동 킥보드,남성,50대,자녀 성장기(막내가 초등학생～고등학생),400만원 내외,기술/숙련직,서울
107669,20230701,전기 자전거,여성,50대,자녀 성인기(막내가 대학생～결혼 전),모름,무직/기타,서울
107673,20230701,전동 킥보드,남성,50대,자녀 성장기(막내가 초등학생～고등학생),800만원 내외,자영업,서울
107676,20230701,전동 킥보드,여성,60대 이상,자녀 독립기(막내가 결혼한 상태),800만원 내외,무직/기타,충남
107684,20230701,"오토바이(바이크, 스쿠터)",남성,50대,자녀 성인기(막내가 대학생～결혼 전),700만원 내외,사무직,서울
107685,20230701,전기 자전거,남성,50대,자녀 유아기(막내가 초등학교 입학 전),"1,600~2,000만원 내외",경영/관리직,서울
107690,20230701,전기 자전거,남성,60대 이상,자녀 성인기(막내가 대학생～결혼 전),800만원 내외,기술/숙련직,경기
107700,20230701,전동 킥보드,남성,50대,자녀 성인기(막내가 대학생～결혼 전),600만원 내외,자영업,서울
107720,20230701,전동 킥보드,여성,60대 이상,자녀 독립기(막내가 결혼한 상태),"1,000만원 내외",기술/숙련직,인천
107726,20230701,전동 스케이트보드,남성,50대,1인 가구,300만원 내외,기술/숙련직,울산
107727,20230701,전동 휠,여성,40대,자녀 성장기(막내가 초등학생～고등학생),500만원 내외,자영업,충남
107728,20230701,전동 킥보드,남성,40대,자녀 유아기(막내가 초등학교 입학 전),600만원 내외,판매/서비스직,인천
107733,20230701,전기 자전거,남성,50대,자녀 성장기(막내가 초등학생～고등학생),"1,600~2,000만원 내외",전문직,인천
107736,20230701,전동 스쿠터,남성,50대,1인 가구,200만원 내외,무직/기타,경기
107740,20230701,전동 킥보드,남성,40대,자녀 성장기(막내가 초등학생～고등학생),500만원 내외,판매/서비스직,서울
107748,20230701,"오토바이(바이크, 스쿠터)",남성,50대,신혼기 초과(자녀없음),900만원 내외,사무직,서울
107754,20230701,전동 킥보드,남성,60대 이상,자녀 성인기(막내가 대학생～결혼 전),600만원 내외,무직/기타,경남
107774,20230701,전기 자전거,남성,40대,자녀 성장기(막내가 초등학생～고등학생),"1,100~1,500만원 내외",경영/관리직,서울
107778,20230701,"오토바이(바이크, 스쿠터)",남성,60대 이상,자녀 독립기(막내가 결혼한 상태),300만원 내외,무직/기타,경남
107782,20230701,"오토바이(바이크, 스쿠터)",남성,50대,자녀 성장기(막내가 초등학생～고등학생),"1,100~1,500만원 내외",경영/관리직,전북
107812,20230701,"오토바이(바이크, 스쿠터)",남성,40대,자녀 성장기(막내가 초등학생～고등학생),600만원 내외,기술/숙련직,충남
107823,20230701,"오토바이(바이크, 스쿠터)",여성,30대,자녀 성장기(막내가 초등학생～고등학생),600만원 내외,사무직,충남
107836,20230701,전동 킥보드,남성,30대,1인 가구,200만원 내외,판매/서비스직,서울
107856,20230701,전동 킥보드,남성,50대,자녀 성인기(막내가 대학생～결혼 전),"1,000만원 내외",기술/숙련직,경기
107862,20230701,전기 자전거,남성,50대,1인 가구,200만원 내외,무직/기타,서울
107866,20230701,"오토바이(바이크, 스쿠터)",남성,50대,자녀 성장기(막내가 초등학생～고등학생),400만원 내외,사무직,인천
107869,20230701,전동 스쿠터,남성,50대,자녀 성인기(막내가 대학생～결혼 전),800만원 내외,일반 공무원/준공무원,충북
107871,20230701,전기 자전거,남성,50대,자녀 독립기(막내가 결혼한 상태),"1,100~1,500만원 내외",기술/숙련직,경기
107875,20230701,전기 자전거,남성,30대,자녀 성인기(막내가 대학생～결혼 전),200만원 내외,자영업,경북
107884,20230701,전기 자전거,남성,40대,자녀 성장기(막내가 초등학생～고등학생),600만원 내외,자영업,강원
107906,20230701,전동 스쿠터,여성,60대 이상,자녀 독립기(막내가 결혼한 상태),400만원 내외,전업주부,인천
107921,20230701,전동 스쿠터,남성,40대,자녀 성장기(막내가 초등학생～고등학생),700만원 내외,사무직,전북
107943,20230701,"오토바이(바이크, 스쿠터)",남성,50대,1인 가구,"1,100~1,500만원 내외",사무직,서울
107944,20230701,전기 자전거,여성,60대 이상,자녀 유아기(막내가 초등학교 입학 전),300만원 내외,무직/기타,대구
107946,20230701,"오토바이(바이크, 스쿠터)",남성,60대 이상,자녀 성인기(막내가 대학생～결혼 전),600만원 내외,무직/기타,경북
107960,20230701,전기 자전거,남성,40대,자녀 유아기(막내가 초등학교 입학 전),700만원 내외,자영업,경북
107961,20230701,전동 킥보드,남성,40대,자녀 성장기(막내가 초등학생～고등학생),400만원 내외,사무직,충북
107964,20230701,전기 자전거,남성,60대 이상,자녀 성인기(막내가 대학생～결혼 전),500만원 내외,무직/기타,서울
107965,20230701,전기 자전거,남성,30대,1인 가구,500만원 내외,기술/숙련직,경남
107981,20230701,전기 자전거,남성,50대,자녀 성장기(막내가 초등학생～고등학생),700만원 내외,전문직,대전
107989,20230701,전기 자전거,남성,30대,신혼기 초과(자녀없음),500만원 내외,기술/숙련직,경기
108013,20230701,전동 킥보드,남성,40대,1인 가구,200만원 내외,무직/기타,경기
108018,20230701,"오토바이(바이크, 스쿠터)",남성,60대 이상,자녀 성인기(막내가 대학생～결혼 전),900만원 내외,기술/숙련직,경기
108056,20230701,"오토바이(바이크, 스쿠터)",남성,50대,자녀 성인기(막내가 대학생～결혼 전),"1,000만원 내외",경영/관리직,울산
108068,20230701,전동 휠,여성,40대,자녀 성장기(막내가 초등학생～고등학생),500만원 내외,기술/숙련직,경기
108077,20230701,전기 자전거,남성,60대 이상,자녀 성인기(막내가 대학생～결혼 전),700만원 내외,무직/기타,경기
108092,20230701,전동 킥보드,남성,40대,자녀 성장기(막내가 초등학생～고등학생),700만원 내외,사무직,대구
108107,20230701,전동 킥보드,남성,30대,자녀 성인기(막내가 대학생～결혼 전),"1,100~1,500만원 내외",자영업,인천
108118,20230701,전기 자전거,남성,40대,자녀 성인기(막내가 대학생～결혼 전),400만원 내외,기술/숙련직,경기
108144,20230701,전기 자전거,남성,40대,1인 가구,300만원 내외,전문직,대구
108146,20230701,전기 자전거,남성,60대 이상,자녀 성인기(막내가 대학생～결혼 전),900만원 내외,기술/숙련직,경기
108163,20230701,전기 자전거,여성,50대,자녀 성인기(막내가 대학생～결혼 전),"1,600~2,000만원 내외",사무직,서울
108170,20230701,"오토바이(바이크, 스쿠터)",남성,40대,자녀 성인기(막내가 대학생～결혼 전),300만원 내외,무직/기타,제주
108177,20230701,전기 자전거,남성,40대,1인 가구,500만원 내외,전문직,부산
108198,20230701,전기 자전거,여성,50대,1인 가구,500만원 내외,일반 공무원/준공무원,전북
108200,20230701,전기 자전거,남성,40대,1인 가구,300만원 내외,기술/숙련직,충남
108203,20230701,전동 킥보드,남성,40대,자녀 성장기(막내가 초등학생～고등학생),500만원 내외,자영업,충북
108215,20230701,전기 자전거,남성,60대 이상,자녀 독립기(막내가 결혼한 상태),500만원 내외,사무직,서울
108263,20230701,전기 자전거,남성,40대,자녀 성장기(막내가 초등학생～고등학생),900만원 내외,경영/관리직,서울
108268,20230701,전기 자전거,여성,40대,자녀 성장기(막내가 초등학생～고등학생),700만원 내외,전업주부,경기
108269,20230701,전동 킥보드,여성,30대,자녀 유아기(막내가 초등학교 입학 전),400만원 내외,사무직,부산
108276,20230701,"오토바이(바이크, 스쿠터)",남성,50대,자녀 성장기(막내가 초등학생～고등학생),"1,000만원 내외",사무직,서울
108290,20230701,전기 자전거,남성,40대,자녀 성장기(막내가 초등학생～고등학생),600만원 내외,기술/숙련직,경기
108297,20230701,"오토바이(바이크, 스쿠터)",남성,50대,자녀 성장기(막내가 초등학생～고등학생),800만원 내외,일반 공무원/준공무원,서울
108302,20230701,전동 킥보드,남성,50대,자녀 성인기(막내가 대학생～결혼 전),"2,100만원 이상",자영업,경기
108306,20230701,전기 자전거,남성,30대,자녀 유아기(막내가 초등학교 입학 전),800만원 내외,자영업,경기
108323,20230701,"오토바이(바이크, 스쿠터)",여성,40대,자녀 성장기(막내가 초등학생～고등학생),800만원 내외,기술/숙련직,울산
108326,20230701,"오토바이(바이크, 스쿠터)",여성,30대,자녀 유아기(막내가 초등학교 입학 전),300만원 내외,전업주부,충남
108327,20230701,"오토바이(바이크, 스쿠터)",여성,50대,자녀 성인기(막내가 대학생～결혼 전),700만원 내외,전업주부,경남
108337,20230701,"오토바이(바이크, 스쿠터)",남성,40대,자녀 독립기(막내가 결혼한 상태),600만원 내외,기술/숙련직,부산
108346,20230701,전동 킥보드,남성,40대,1인 가구,500만원 내외,기술/숙련직,서울
108402,20230701,"오토바이(바이크, 스쿠터)",남성,40대,자녀 성장기(막내가 초등학생～고등학생),400만원 내외,자영업,인천
108407,20230701,전기 자전거,남성,40대,자녀 유아기(막내가 초등학교 입학 전),700만원 내외,기술/숙련직,경기
108413,20230701,"오토바이(바이크, 스쿠터)",남성,50대,자녀 성인기(막내가 대학생～결혼 전),300만원 내외,판매/서비스직,서울
108419,20230701,"오토바이(바이크, 스쿠터)",남성,60대 이상,자녀 독립기(막내가 결혼한 상태),700만원 내외,일반 공무원/준공무원,부산
108422,20230701,"오토바이(바이크, 스쿠터)",남성,50대,자녀 성인기(막내가 대학생～결혼 전),"1,000만원 내외",일반 공무원/준공무원,경기
108429,20230701,전동 킥보드,남성,50대,자녀 성인기(막내가 대학생～결혼 전),600만원 내외,전문직,경기
108453,20230701,전동 킥보드,남성,50대,자녀 성인기(막내가 대학생～결혼 전),500만원 내외,기술/숙련직,부산
108460,20230701,전동 킥보드,남성,40대,자녀 유아기(막내가 초등학교 입학 전),700만원 내외,자영업,서울
108462,20230701,"오토바이(바이크, 스쿠터)",남성,60대 이상,자녀 독립기(막내가 결혼한 상태),600만원 내외,전문직,부산
108468,20230701,"오토바이(바이크, 스쿠터)",남성,50대,자녀 성장기(막내가 초등학생～고등학생),"1,100~1,500만원 내외",기술/숙련직,서울
108473,20230701,"오토바이(바이크, 스쿠터)",남성,60대 이상,자녀 독립기(막내가 결혼한 상태),"1,100~1,500만원 내외",무직/기타,광주
108475,20230701,"오토바이(바이크, 스쿠터)",남성,40대,자녀 성장기(막내가 초등학생～고등학생),600만원 내외,사무직,경기
108480,20230701,전동 킥보드,남성,50대,자녀 성인기(막내가 대학생～결혼 전),"2,100만원 이상",기술/숙련직,서울
108485,20230701,전동 킥보드,여성,50대,자녀 성장기(막내가 초등학생～고등학생),"1,000만원 내외",자영업,경기
108491,20230701,전기 자전거,남성,60대 이상,자녀 성인기(막내가 대학생～결혼 전),"1,600~2,000만원 내외",무직/기타,서울
108494,20230701,"오토바이(바이크, 스쿠터)",남성,60대 이상,자녀 성인기(막내가 대학생～결혼 전),300만원 내외,무직/기타,전남
108500,20230701,전기 자전거,남성,50대,자녀 성인기(막내가 대학생～결혼 전),700만원 내외,사무직,서울
108516,20230701,"오토바이(바이크, 스쿠터)",남성,50대,자녀 성인기(막내가 대학생～결혼 전),400만원 내외,기술/숙련직,대전
108518,20230701,"오토바이(바이크, 스쿠터)",남성,60대 이상,자녀 독립기(막내가 결혼한 상태),900만원 내외,경영/관리직,경남
108525,20230701,전동 킥보드,여성,30대,자녀 성인기(막내가 대학생～결혼 전),400만원 내외,사무직,경북
108537,20230701,전동 킥보드,남성,40대,자녀 성장기(막내가 초등학생～고등학생),800만원 내외,기술/숙련직,경남
108556,20230701,"오토바이(바이크, 스쿠터)",여성,60대 이상,자녀 독립기(막내가 결혼한 상태),300만원 내외,판매/서비스직,전북
108572,20230701,"오토바이(바이크, 스쿠터)",남성,60대 이상,자녀 성인기(막내가 대학생～결혼 전),500만원 내외,무직/기타,충남
108575,20230701,"오토바이(바이크, 스쿠터)",여성,60대 이상,자녀 독립기(막내가 결혼한 상태),900만원 내외,전업주부,경북
108617,20230701,전동 킥보드,남성,40대,자녀 성장기(막내가 초등학생～고등학생),"1,000만원 내외",사무직,충남
108619,20230701,전동 휠,남성,30대,자녀 유아기(막내가 초등학교 입학 전),600만원 내외,일반 공무원/준공무원,전북
108625,20230701,"오토바이(바이크, 스쿠터)",남성,40대,자녀 독립기(막내가 결혼한 상태),"1,000만원 내외",기술/숙련직,서울
108628,20230701,"오토바이(바이크, 스쿠터)",남성,60대 이상,자녀 성인기(막내가 대학생～결혼 전),400만원 내외,무직/기타,부산
108653,20230701,"오토바이(바이크, 스쿠터)",남성,60대 이상,자녀 성인기(막내가 대학생～결혼 전),300만원 내외,자영업,서울
108685,20230701,전기 자전거,남성,40대,자녀 성장기(막내가 초등학생～고등학생),600만원 내외,사무직,충북
108698,20230701,전기 자전거,남성,60대 이상,자녀 독립기(막내가 결혼한 상태),700만원 내외,무직/기타,경남
108704,20230701,전동 킥보드,남성,40대,자녀 성장기(막내가 초등학생～고등학생),400만원 내외,사무직,경기
108709,20230701,"오토바이(바이크, 스쿠터)",남성,40대,신혼기(자녀없음),400만원 내외,무직/기타,경기
108728,20230701,전기 자전거,남성,40대,신혼기(자녀없음),500만원 내외,일반 공무원/준공무원,전북
108730,20230701,"오토바이(바이크, 스쿠터)",남성,40대,1인 가구,700만원 내외,기술/숙련직,부산
108759,20230701,전동 킥보드,남성,60대 이상,자녀 성인기(막내가 대학생～결혼 전),400만원 내외,일반 공무원/준공무원,경기
108760,20230701,전동 킥보드,남성,40대,1인 가구,200만원 내외,자영업,서울
108765,20230701,전기 자전거,남성,40대,자녀 성장기(막내가 초등학생～고등학생),700만원 내외,사무직,경기
108779,20230701,전기 자전거,남성,40대,자녀 유아기(막내가 초등학교 입학 전),300만원 내외,기술/숙련직,부산
108783,20230701,전동 킥보드,여성,50대,자녀 성인기(막내가 대학생～결혼 전),"1,100~1,500만원 내외",전업주부,경기
108789,20230701,전기 자전거,여성,60대 이상,자녀 성인기(막내가 대학생～결혼 전),900만원 내외,전업주부,경기
108790,20230701,"오토바이(바이크, 스쿠터)",여성,30대,자녀 성인기(막내가 대학생～결혼 전),"2,100만원 이상",사무직,서울
108805,20230701,"오토바이(바이크, 스쿠터)",남성,60대 이상,자녀 독립기(막내가 결혼한 상태),400만원 내외,무직/기타,전북
108814,20230701,전기 자전거,여성,40대,자녀 유아기(막내가 초등학교 입학 전),800만원 내외,사무직,서울
108824,20230701,전기 자전거,남성,60대 이상,자녀 독립기(막내가 결혼한 상태),300만원 내외,무직/기타,경기
108836,20230701,전동 킥보드,여성,50대,자녀 성인기(막내가 대학생～결혼 전),500만원 내외,전업주부,경북
108845,20230701,전동 킥보드,남성,30대,자녀 유아기(막내가 초등학교 입학 전),"1,100~1,500만원 내외",사무직,경북
108848,20230701,전동 킥보드,남성,50대,자녀 성장기(막내가 초등학생～고등학생),500만원 내외,사무직,서울
108859,20230701,"오토바이(바이크, 스쿠터)",남성,30대,자녀 독립기(막내가 결혼한 상태),400만원 내외,사무직,경기
108865,20230701,"오토바이(바이크, 스쿠터)",남성,50대,자녀 성인기(막내가 대학생～결혼 전),800만원 내외,사무직,대구
108882,20230701,전기 자전거,남성,60대 이상,1인 가구,300만원 내외,경영/관리직,서울
108888,20230701,전동 킥보드,남성,40대,1인 가구,400만원 내외,기술/숙련직,서울
108896,20230701,전동 킥보드,여성,40대,1인 가구,300만원 내외,사무직,경기
108898,20230701,전기 자전거,남성,30대,신혼기 초과(자녀없음),500만원 내외,일반 공무원/준공무원,경기
108905,20230701,전기 자전거,남성,50대,자녀 성인기(막내가 대학생～결혼 전),800만원 내외,기술/숙련직,울산
108907,20230701,"오토바이(바이크, 스쿠터)",남성,40대,1인 가구,"2,100만원 이상",자영업,경기
108914,20230701,전동 킥보드,여성,40대,자녀 성장기(막내가 초등학생～고등학생),모름,전업주부,대구
108925,20230701,전동 스케이트보드,남성,30대,자녀 성장기(막내가 초등학생～고등학생),700만원 내외,사무직,광주
108928,20230701,전기 자전거,남성,60대 이상,자녀 독립기(막내가 결혼한 상태),300만원 내외,자영업,경기
108934,20230701,전동 킥보드,남성,60대 이상,자녀 독립기(막내가 결혼한 상태),"1,000만원 내외",판매/서비스직,충남
108956,20230701,"오토바이(바이크, 스쿠터)",남성,30대,1인 가구,500만원 내외,기술/숙련직,경북
108957,20230701,전기 자전거,남성,50대,자녀 독립기(막내가 결혼한 상태),900만원 내외,사무직,서울
108962,20230701,"오토바이(바이크, 스쿠터)",남성,40대,자녀 성장기(막내가 초등학생～고등학생),600만원 내외,사무직,서울
108970,20230701,전기 자전거,남성,40대,자녀 성장기(막내가 초등학생～고등학생),600만원 내외,자영업,경남
108977,20230701,"오토바이(바이크, 스쿠터)",남성,50대,자녀 성장기(막내가 초등학생～고등학생),"1,100~1,500만원 내외",자영업,전북
108985,20230701,"오토바이(바이크, 스쿠터)",여성,30대,1인 가구,100만원 이하,자영업,서울
108993,20230701,전동 킥보드,남성,40대,신혼기 초과(자녀없음),600만원 내외,사무직,서울
109002,20230701,"오토바이(바이크, 스쿠터)",남성,40대,자녀 성장기(막내가 초등학생～고등학생),400만원 내외,사무직,경남
109010,20230701,"오토바이(바이크, 스쿠터)",남성,50대,1인 가구,300만원 내외,사무직,경기
109017,20230701,전기 자전거,여성,30대,자녀 성인기(막내가 대학생～결혼 전),"1,000만원 내외",기술/숙련직,경기
109043,20230701,"오토바이(바이크, 스쿠터)",남성,50대,자녀 성장기(막내가 초등학생～고등학생),500만원 내외,무직/기타,경남
109045,20230701,전기 자전거,남성,40대,자녀 성장기(막내가 초등학생～고등학생),400만원 내외,사무직,경기
109060,20230701,"오토바이(바이크, 스쿠터)",남성,40대,1인 가구,600만원 내외,사무직,충남
109074,20230701,"오토바이(바이크, 스쿠터)",남성,30대,자녀 성장기(막내가 초등학생～고등학생),"1,100~1,500만원 내외",일반 공무원/준공무원,경기
109076,20230701,전기 자전거,남성,60대 이상,자녀 독립기(막내가 결혼한 상태),"1,000만원 내외",무직/기타,서울
109081,20230701,전동 킥보드,여성,30대,자녀 성장기(막내가 초등학생～고등학생),800만원 내외,일반 공무원/준공무원,제주
109083,20230701,전동 킥보드,남성,40대,자녀 성인기(막내가 대학생～결혼 전),700만원 내외,사무직,서울
109084,20230701,전기 자전거,남성,50대,자녀 성인기(막내가 대학생～결혼 전),800만원 내외,기술/숙련직,인천
109086,20230701,전동 킥보드,남성,30대,신혼기 초과(자녀없음),500만원 내외,기술/숙련직,경기
109088,20230701,전동 킥보드,남성,60대 이상,자녀 독립기(막내가 결혼한 상태),800만원 내외,무직/기타,대전
109090,20230701,전동 킥보드,여성,20대,1인 가구,900만원 내외,일반 공무원/준공무원,경기
109092,20230701,전기 자전거,여성,40대,신혼기(자녀없음),800만원 내외,전문직,서울
109097,20230701,전기 자전거,남성,40대,1인 가구,200만원 내외,기술/숙련직,서울
109105,20230701,전동 킥보드,남성,30대,자녀 유아기(막내가 초등학교 입학 전),700만원 내외,일반 공무원/준공무원,경남
109113,20230701,"오토바이(바이크, 스쿠터)",남성,30대,자녀 성장기(막내가 초등학생～고등학생),500만원 내외,사무직,전북
109125,20230701,"오토바이(바이크, 스쿠터)",남성,40대,신혼기 초과(자녀없음),"1,600~2,000만원 내외",자영업,부산
109132,20230701,전동 스케이트보드,여성,40대,자녀 성장기(막내가 초등학생～고등학생),300만원 내외,판매/서비스직,부산
109159,20230701,"오토바이(바이크, 스쿠터)",여성,30대,1인 가구,300만원 내외,사무직,서울
109170,20230701,전기 자전거,남성,60대 이상,자녀 독립기(막내가 결혼한 상태),모름,자영업,서울
109180,20230701,전기 자전거,남성,50대,자녀 성인기(막내가 대학생～결혼 전),600만원 내외,판매/서비스직,경기
109203,20230701,"오토바이(바이크, 스쿠터)",남성,60대 이상,자녀 성인기(막내가 대학생～결혼 전),200만원 내외,자영업,경기
109206,20230701,전동 킥보드,남성,30대,신혼기(자녀없음),"1,000만원 내외",자영업,경기
109208,20230701,전동 킥보드,남성,40대,자녀 유아기(막내가 초등학교 입학 전),400만원 내외,사무직,경남
109234,20230701,"오토바이(바이크, 스쿠터)",남성,40대,자녀 유아기(막내가 초등학교 입학 전),500만원 내외,기술/숙련직,서울
109239,20230701,전기 자전거,남성,40대,자녀 유아기(막내가 초등학교 입학 전),900만원 내외,전문직,대전
109249,20230701,전동 스쿠터,남성,40대,자녀 성장기(막내가 초등학생～고등학생),500만원 내외,사무직,경기
109252,20230701,전기 자전거,남성,40대,1인 가구,300만원 내외,무직/기타,인천
109253,20230701,전동 스쿠터,남성,40대,자녀 성장기(막내가 초등학생～고등학생),400만원 내외,사무직,경북
109269,20230701,"오토바이(바이크, 스쿠터)",남성,30대,신혼기 초과(자녀없음),500만원 내외,자영업,서울
109284,20230701,"오토바이(바이크, 스쿠터)",남성,50대,자녀 성인기(막내가 대학생～결혼 전),"1,100~1,500만원 내외",경영/관리직,충북
109294,20230701,"오토바이(바이크, 스쿠터)",남성,40대,자녀 성인기(막내가 대학생～결혼 전),300만원 내외,무직/기타,경기
109315,20230701,전동 킥보드,남성,40대,신혼기 초과(자녀없음),500만원 내외,기술/숙련직,부산
109330,20230701,전동 킥보드,남성,50대,자녀 성장기(막내가 초등학생～고등학생),900만원 내외,경영/관리직,경기
109336,20230701,전동 스쿠터,남성,60대 이상,자녀 성인기(막내가 대학생～결혼 전),900만원 내외,전문직,대전
109358,20230701,전동 킥보드,여성,40대,자녀 성장기(막내가 초등학생～고등학생),500만원 내외,사무직,울산
109360,20230701,전동 휠,남성,40대,자녀 성장기(막내가 초등학생～고등학생),500만원 내외,자영업,세종
109362,20230701,"오토바이(바이크, 스쿠터)",남성,40대,자녀 성장기(막내가 초등학생～고등학생),"1,000만원 내외",자영업,부산
109363,20230701,전기 자전거,여성,50대,자녀 성장기(막내가 초등학생～고등학생),700만원 내외,무직/기타,서울
109372,20230701,전동 킥보드,남성,60대 이상,자녀 성인기(막내가 대학생～결혼 전),"1,100~1,500만원 내외",전문직,서울
109380,20230701,"오토바이(바이크, 스쿠터)",남성,30대,자녀 성장기(막내가 초등학생～고등학생),"1,000만원 내외",기술/숙련직,서울
109391,20230701,전동 킥보드,남성,50대,1인 가구,500만원 내외,기술/숙련직,경기
109408,20230701,전기 자전거,남성,50대,자녀 독립기(막내가 결혼한 상태),"1,100~1,500만원 내외",사무직,서울
109423,20230701,"오토바이(바이크, 스쿠터)",남성,60대 이상,자녀 성인기(막내가 대학생～결혼 전),300만원 내외,판매/서비스직,충북
109427,20230701,전동 킥보드,남성,40대,자녀 성장기(막내가 초등학생～고등학생),500만원 내외,일반 공무원/준공무원,강원
109433,20230701,전기 자전거,남성,40대,자녀 성장기(막내가 초등학생～고등학생),"1,000만원 내외",자영업,경기
109438,20230701,전기 자전거,남성,40대,자녀 성장기(막내가 초등학생～고등학생),500만원 내외,사무직,경기
109441,20230701,"오토바이(바이크, 스쿠터)",남성,20대,1인 가구,400만원 내외,자영업,부산
109458,20230701,"오토바이(바이크, 스쿠터)",남성,40대,자녀 유아기(막내가 초등학교 입학 전),300만원 내외,무직/기타,전북
109478,20230701,전동 스쿠터,남성,40대,자녀 성장기(막내가 초등학생～고등학생),600만원 내외,기술/숙련직,서울
109479,20230701,"오토바이(바이크, 스쿠터)",남성,50대,자녀 성장기(막내가 초등학생～고등학생),700만원 내외,자영업,강원
109510,20230701,전동 킥보드,남성,60대 이상,자녀 독립기(막내가 결혼한 상태),"1,100~1,500만원 내외",자영업,대전
109519,20230701,전기 자전거,남성,50대,자녀 성인기(막내가 대학생～결혼 전),"1,000만원 내외",일반 공무원/준공무원,충남
109523,20230701,전동 킥보드,남성,50대,자녀 성인기(막내가 대학생～결혼 전),300만원 내외,기술/숙련직,경기
109527,20230701,"오토바이(바이크, 스쿠터)",남성,40대,자녀 유아기(막내가 초등학교 입학 전),600만원 내외,사무직,부산
109528,20230701,전동 킥보드,남성,40대,1인 가구,200만원 내외,자영업,인천
109534,20230701,전기 자전거,남성,40대,자녀 성장기(막내가 초등학생～고등학생),400만원 내외,기술/숙련직,대전
109553,20230701,전기 자전거,남성,40대,1인 가구,400만원 내외,사무직,경남
109559,20230701,전기 자전거,남성,40대,자녀 유아기(막내가 초등학교 입학 전),500만원 내외,사무직,대구
109560,20230701,"오토바이(바이크, 스쿠터)",남성,30대,자녀 성장기(막내가 초등학생～고등학생),500만원 내외,경영/관리직,인천
109563,20230701,전동 킥보드,남성,50대,신혼기 초과(자녀없음),400만원 내외,자영업,인천
109572,20230701,전동 스케이트보드,남성,30대,자녀 유아기(막내가 초등학교 입학 전),500만원 내외,사무직,경기
109578,20230701,전동 킥보드,여성,30대,자녀 유아기(막내가 초등학교 입학 전),500만원 내외,전업주부,강원
109587,20230701,전동 스쿠터,남성,60대 이상,자녀 독립기(막내가 결혼한 상태),300만원 내외,경영/관리직,서울
109605,20230701,전동 킥보드,여성,30대,자녀 유아기(막내가 초등학교 입학 전),400만원 내외,전업주부,충남
109609,20230701,"오토바이(바이크, 스쿠터)",여성,50대,자녀 성장기(막내가 초등학생～고등학생),700만원 내외,판매/서비스직,경기
109626,20230701,전동 킥보드,남성,40대,신혼기(자녀없음),500만원 내외,사무직,충남
109638,20230701,전기 자전거,남성,40대,자녀 성장기(막내가 초등학생～고등학생),800만원 내외,판매/서비스직,대구
109641,20230701,"오토바이(바이크, 스쿠터)",남성,50대,자녀 성인기(막내가 대학생～결혼 전),"1,000만원 내외",기술/숙련직,경기
109668,20230701,전기 자전거,남성,60대 이상,자녀 독립기(막내가 결혼한 상태),300만원 내외,기술/숙련직,부산
109669,20230701,전동 킥보드,남성,40대,자녀 유아기(막내가 초등학교 입학 전),600만원 내외,전문직,대구
109671,20230701,"오토바이(바이크, 스쿠터)",남성,30대,자녀 독립기(막내가 결혼한 상태),700만원 내외,사무직,서울
109682,20230701,"오토바이(바이크, 스쿠터)",남성,40대,신혼기 초과(자녀없음),"1,000만원 내외",자영업,경기
109686,20230701,전동 스케이트보드,남성,40대,1인 가구,700만원 내외,기술/숙련직,서울
109691,20230701,"오토바이(바이크, 스쿠터)",남성,60대 이상,자녀 독립기(막내가 결혼한 상태),800만원 내외,자영업,서울
109718,20230701,전기 자전거,남성,50대,자녀 성인기(막내가 대학생～결혼 전),900만원 내외,경영/관리직,대구
109728,20230701,전기 자전거,여성,40대,자녀 성장기(막내가 초등학생～고등학생),"1,000만원 내외",사무직,서울
109746,20230701,"오토바이(바이크, 스쿠터)",남성,40대,자녀 유아기(막내가 초등학교 입학 전),300만원 내외,기술/숙련직,경기
109755,20230701,"오토바이(바이크, 스쿠터)",남성,50대,자녀 성인기(막내가 대학생～결혼 전),500만원 내외,기술/숙련직,울산
109761,20230701,전동 킥보드,남성,40대,자녀 성장기(막내가 초등학생～고등학생),500만원 내외,기술/숙련직,울산
109770,20230701,전기 자전거,남성,30대,자녀 성인기(막내가 대학생～결혼 전),800만원 내외,전문직,경기
109779,20230701,"오토바이(바이크, 스쿠터)",남성,30대,자녀 유아기(막내가 초등학교 입학 전),"1,000만원 내외",경영/관리직,서울
109800,20230701,전동 킥보드,남성,50대,자녀 성장기(막내가 초등학생～고등학생),"1,600~2,000만원 내외",판매/서비스직,인천
109801,20230701,"오토바이(바이크, 스쿠터)",여성,30대,신혼기 초과(자녀없음),500만원 내외,자영업,대구
109802,20230701,전기 자전거,남성,50대,자녀 성장기(막내가 초등학생～고등학생),"1,000만원 내외",기술/숙련직,대전
109805,20230701,전동 킥보드,남성,40대,신혼기(자녀없음),200만원 내외,무직/기타,부산
109810,20230701,전기 자전거,남성,50대,자녀 성장기(막내가 초등학생～고등학생),600만원 내외,일반 공무원/준공무원,경남
109816,20230701,전기 자전거,남성,40대,신혼기(자녀없음),400만원 내외,사무직,경기
109828,20230701,전기 자전거,남성,40대,1인 가구,400만원 내외,기술/숙련직,광주
109833,20230701,전동 킥보드,남성,20대,1인 가구,600만원 내외,전문직,경기
109842,20230701,전기 자전거,남성,60대 이상,자녀 성인기(막내가 대학생～결혼 전),600만원 내외,무직/기타,부산
109853,20230701,전동 스케이트보드,남성,50대,1인 가구,700만원 내외,사무직,충북
109860,20230701,"오토바이(바이크, 스쿠터)",여성,60대 이상,자녀 성인기(막내가 대학생～결혼 전),300만원 내외,자영업,부산
109877,20230701,전기 자전거,남성,50대,자녀 성장기(막내가 초등학생～고등학생),800만원 내외,경영/관리직,세종
109884,20230701,전기 자전거,남성,40대,자녀 성장기(막내가 초등학생～고등학생),700만원 내외,경영/관리직,인천
109887,20230701,전기 자전거,남성,40대,자녀 유아기(막내가 초등학교 입학 전),200만원 내외,무직/기타,전북
109895,20230701,전동 스쿠터,여성,40대,자녀 성인기(막내가 대학생～결혼 전),"1,100~1,500만원 내외",일반 공무원/준공무원,경기
109908,20230701,전기 자전거,남성,40대,1인 가구,"2,100만원 이상",전문직,제주
109910,20230701,전동 휠,남성,50대,자녀 성장기(막내가 초등학생～고등학생),"1,100~1,500만원 내외",사무직,인천
109951,20230701,전동 킥보드,남성,40대,자녀 유아기(막내가 초등학교 입학 전),500만원 내외,사무직,부산
109957,20230701,전동 킥보드,여성,40대,자녀 유아기(막내가 초등학교 입학 전),800만원 내외,사무직,서울
109962,20230701,전동 킥보드,남성,30대,자녀 성장기(막내가 초등학생～고등학생),"1,100~1,500만원 내외",기술/숙련직,제주
110010,20230701,"오토바이(바이크, 스쿠터)",남성,40대,신혼기 초과(자녀없음),"1,000만원 내외",자영업,경남
110018,20230701,전동 킥보드,남성,40대,자녀 성장기(막내가 초등학생～고등학생),300만원 내외,기술/숙련직,경기
110029,20230701,전기 자전거,남성,50대,자녀 성인기(막내가 대학생～결혼 전),"1,000만원 내외",기술/숙련직,경기
110054,20230701,전동 휠,여성,40대,자녀 성장기(막내가 초등학생～고등학생),700만원 내외,사무직,경북
110064,20230701,전기 자전거,남성,40대,자녀 유아기(막내가 초등학교 입학 전),600만원 내외,기술/숙련직,서울
110065,20230701,전동 스쿠터,남성,40대,자녀 유아기(막내가 초등학교 입학 전),400만원 내외,사무직,경기
110090,20230701,전기 자전거,남성,40대,자녀 성장기(막내가 초등학생～고등학생),700만원 내외,경영/관리직,경기
110103,20230701,전기 자전거,남성,60대 이상,자녀 독립기(막내가 결혼한 상태),400만원 내외,무직/기타,전남
110114,20230701,전동 킥보드,남성,50대,자녀 성장기(막내가 초등학생～고등학생),500만원 내외,기술/숙련직,충북
110115,20230701,전동 킥보드,남성,40대,1인 가구,"1,000만원 내외",자영업,대전
110118,20230701,전동 휠,남성,50대,자녀 성인기(막내가 대학생～결혼 전),500만원 내외,일반 공무원/준공무원,경기
110127,20230701,전동 휠,여성,30대,자녀 성장기(막내가 초등학생～고등학생),800만원 내외,일반 공무원/준공무원,경기
110128,20230701,전기 자전거,남성,50대,자녀 성인기(막내가 대학생～결혼 전),모름,경영/관리직,경기
110138,20230701,"오토바이(바이크, 스쿠터)",남성,50대,자녀 성장기(막내가 초등학생～고등학생),500만원 내외,자영업,충북
110146,20230701,전동 킥보드,남성,30대,신혼기 초과(자녀없음),400만원 내외,자영업,경기
110153,20230701,"오토바이(바이크, 스쿠터)",남성,60대 이상,자녀 성인기(막내가 대학생～결혼 전),600만원 내외,자영업,경남
110165,20230701,"오토바이(바이크, 스쿠터)",남성,40대,자녀 성장기(막내가 초등학생～고등학생),"1,100~1,500만원 내외",일반 공무원/준공무원,서울
110169,20230701,"오토바이(바이크, 스쿠터)",남성,40대,자녀 성인기(막내가 대학생～결혼 전),500만원 내외,자영업,경남
110174,20230701,전동 스쿠터,여성,40대,자녀 성장기(막내가 초등학생～고등학생),500만원 내외,전업주부,광주
110176,20230701,"오토바이(바이크, 스쿠터)",남성,30대,1인 가구,모름,무직/기타,인천
110178,20230701,"오토바이(바이크, 스쿠터)",남성,40대,자녀 성장기(막내가 초등학생～고등학생),700만원 내외,경영/관리직,서울
110179,20230701,전기 자전거,남성,60대 이상,자녀 성인기(막내가 대학생～결혼 전),800만원 내외,무직/기타,경북
110192,20230701,전기 자전거,남성,50대,자녀 성장기(막내가 초등학생～고등학생),"1,100~1,500만원 내외",기술/숙련직,경기
110202,20230701,"오토바이(바이크, 스쿠터)",여성,60대 이상,자녀 독립기(막내가 결혼한 상태),700만원 내외,사무직,인천
110217,20230701,전동 킥보드,남성,40대,자녀 성장기(막내가 초등학생～고등학생),500만원 내외,기술/숙련직,인천
110224,20230701,전동 킥보드,여성,30대,자녀 유아기(막내가 초등학교 입학 전),600만원 내외,전업주부,경남
110229,20230701,전동 킥보드,남성,30대,자녀 유아기(막내가 초등학교 입학 전),400만원 내외,판매/서비스직,경북
110257,20230701,"오토바이(바이크, 스쿠터)",남성,40대,자녀 성장기(막내가 초등학생～고등학생),700만원 내외,사무직,인천
110258,20230701,전동 스쿠터,남성,60대 이상,자녀 성인기(막내가 대학생～결혼 전),500만원 내외,자영업,경기
110285,20230701,전기 자전거,남성,40대,자녀 유아기(막내가 초등학교 입학 전),400만원 내외,기술/숙련직,인천
110290,20230701,전동 킥보드,여성,40대,자녀 성장기(막내가 초등학생～고등학생),"1,600~2,000만원 내외",경영/관리직,서울
110313,20230701,전동 스케이트보드,남성,40대,자녀 성장기(막내가 초등학생～고등학생),800만원 내외,전문직,인천
110324,20230701,전동 킥보드,남성,50대,자녀 성장기(막내가 초등학생～고등학생),800만원 내외,일반 공무원/준공무원,대전
110332,20230701,전동 킥보드,남성,40대,자녀 유아기(막내가 초등학교 입학 전),600만원 내외,사무직,경기
110336,20230701,전기 자전거,남성,40대,1인 가구,"1,000만원 내외",경영/관리직,서울
110341,20230701,전기 자전거,여성,40대,자녀 성장기(막내가 초등학생～고등학생),500만원 내외,학생,부산
110385,20230701,"오토바이(바이크, 스쿠터)",남성,40대,자녀 성장기(막내가 초등학생～고등학생),400만원 내외,기술/숙련직,경북
110388,20230701,전기 자전거,남성,40대,1인 가구,500만원 내외,기술/숙련직,충북
110390,20230701,전동 킥보드,여성,30대,자녀 유아기(막내가 초등학교 입학 전),400만원 내외,전업주부,부산
110391,20230701,전기 자전거,남성,40대,1인 가구,800만원 내외,기술/숙련직,부산
110394,20230701,전동 스쿠터,여성,50대,자녀 성인기(막내가 대학생～결혼 전),600만원 내외,전업주부,충남
110397,20230701,전동 킥보드,남성,40대,자녀 성장기(막내가 초등학생～고등학생),900만원 내외,자영업,경북
110398,20230701,"오토바이(바이크, 스쿠터)",남성,50대,자녀 독립기(막내가 결혼한 상태),"1,000만원 내외",사무직,대전
110432,20230701,전동 킥보드,남성,20대,신혼기 초과(자녀없음),800만원 내외,자영업,서울
110440,20230701,"오토바이(바이크, 스쿠터)",남성,50대,자녀 성인기(막내가 대학생～결혼 전),500만원 내외,일반 공무원/준공무원,서울
110444,20230701,전기 자전거,남성,40대,자녀 유아기(막내가 초등학교 입학 전),700만원 내외,사무직,경기
110462,20230701,"오토바이(바이크, 스쿠터)",남성,40대,자녀 성장기(막내가 초등학생～고등학생),300만원 내외,판매/서비스직,대구
110467,20230701,"오토바이(바이크, 스쿠터)",남성,40대,자녀 성인기(막내가 대학생～결혼 전),500만원 내외,판매/서비스직,서울
110487,20230701,전기 자전거,여성,30대,자녀 유아기(막내가 초등학교 입학 전),500만원 내외,자영업,충북
110490,20230701,"오토바이(바이크, 스쿠터)",남성,50대,자녀 성장기(막내가 초등학생～고등학생),"2,100만원 이상",경영/관리직,경기
110496,20230701,"오토바이(바이크, 스쿠터)",남성,40대,1인 가구,700만원 내외,기술/숙련직,경기
110544,20230701,"오토바이(바이크, 스쿠터)",남성,50대,자녀 성장기(막내가 초등학생～고등학생),500만원 내외,자영업,부산
110579,20230701,전기 자전거,남성,50대,자녀 성인기(막내가 대학생～결혼 전),900만원 내외,기술/숙련직,경기
110580,20230701,전기 자전거,남성,40대,1인 가구,400만원 내외,기술/숙련직,서울
110594,20230701,전동 킥보드,남성,40대,자녀 성장기(막내가 초등학생～고등학생),800만원 내외,자영업,대구
110603,20230701,전동 킥보드,남성,50대,자녀 성장기(막내가 초등학생～고등학생),400만원 내외,기술/숙련직,경기
110605,20230701,전동 킥보드,여성,40대,신혼기 초과(자녀없음),300만원 내외,자영업,경기
110613,20230701,"오토바이(바이크, 스쿠터)",남성,60대 이상,자녀 독립기(막내가 결혼한 상태),700만원 내외,무직/기타,전북
110629,20230701,전기 자전거,남성,60대 이상,자녀 성인기(막내가 대학생～결혼 전),300만원 내외,무직/기타,강원
110647,20230701,전동 킥보드,남성,40대,자녀 성인기(막내가 대학생～결혼 전),500만원 내외,자영업,대구
110649,20230701,"오토바이(바이크, 스쿠터)",남성,40대,1인 가구,"1,000만원 내외",자영업,대전
110652,20230701,"오토바이(바이크, 스쿠터)",남성,60대 이상,자녀 성인기(막내가 대학생～결혼 전),600만원 내외,기술/숙련직,강원
110656,20230701,전동 킥보드,남성,50대,신혼기 초과(자녀없음),500만원 내외,일반 공무원/준공무원,경기
110657,20230701,"오토바이(바이크, 스쿠터)",남성,40대,1인 가구,500만원 내외,기술/숙련직,제주
110658,20230701,전기 자전거,남성,50대,자녀 성장기(막내가 초등학생～고등학생),500만원 내외,사무직,강원
110660,20230701,전동 스쿠터,여성,40대,자녀 성인기(막내가 대학생～결혼 전),700만원 내외,자영업,서울
110664,20230701,전기 자전거,여성,40대,신혼기 초과(자녀없음),400만원 내외,전업주부,전북
110693,20230701,"오토바이(바이크, 스쿠터)",남성,50대,자녀 성인기(막내가 대학생～결혼 전),"1,000만원 내외",자영업,경기
110700,20230701,전기 자전거,남성,40대,자녀 성장기(막내가 초등학생～고등학생),600만원 내외,사무직,세종
110703,20230701,"오토바이(바이크, 스쿠터)",남성,60대 이상,자녀 성인기(막내가 대학생～결혼 전),200만원 내외,무직/기타,경기
110707,20230701,전기 자전거,남성,40대,1인 가구,200만원 내외,무직/기타,경기
110736,20230701,전기 자전거,여성,40대,1인 가구,800만원 내외,사무직,세종
110745,20230701,전기 자전거,여성,50대,자녀 독립기(막내가 결혼한 상태),800만원 내외,기술/숙련직,서울
110757,20230701,전동 킥보드,남성,60대 이상,신혼기 초과(자녀없음),200만원 내외,자영업,광주
110765,20230701,전기 자전거,남성,50대,1인 가구,300만원 내외,무직/기타,전북
110776,20230701,"오토바이(바이크, 스쿠터)",남성,50대,자녀 성인기(막내가 대학생～결혼 전),"1,000만원 내외",기술/숙련직,경기
110780,20230701,"오토바이(바이크, 스쿠터)",남성,40대,1인 가구,"1,000만원 내외",자영업,대구
110788,20230701,"오토바이(바이크, 스쿠터)",남성,60대 이상,자녀 성인기(막내가 대학생～결혼 전),"1,100~1,500만원 내외",일반 공무원/준공무원,인천
110826,20230701,"오토바이(바이크, 스쿠터)",남성,20대,자녀 성인기(막내가 대학생～결혼 전),"1,000만원 내외",전문직,광주
110841,20230701,전기 자전거,남성,60대 이상,신혼기 초과(자녀없음),700만원 내외,전문직,대구
110869,20230701,전동 킥보드,남성,40대,자녀 성장기(막내가 초등학생～고등학생),600만원 내외,사무직,경북
110873,20230701,전기 자전거,남성,40대,자녀 성장기(막내가 초등학생～고등학생),800만원 내외,전문직,서울
110898,20230701,전동 킥보드,남성,50대,자녀 성인기(막내가 대학생～결혼 전),700만원 내외,경영/관리직,충남
110903,20230701,전동 킥보드,남성,50대,자녀 성장기(막내가 초등학생～고등학생),500만원 내외,일반 공무원/준공무원,전남
110927,20230701,전동 킥보드,여성,30대,1인 가구,"1,100~1,500만원 내외",사무직,울산
110950,20230701,"오토바이(바이크, 스쿠터)",남성,40대,신혼기 초과(자녀없음),"1,000만원 내외",무직/기타,경기
110959,20230701,전동 킥보드,여성,20대,1인 가구,300만원 내외,전문직,서울
110963,20230701,전동 스쿠터,여성,50대,자녀 성장기(막내가 초등학생～고등학생),400만원 내외,전업주부,경남
110966,20230701,전기 자전거,남성,50대,자녀 성장기(막내가 초등학생～고등학생),700만원 내외,판매/서비스직,경기
110978,20230701,"오토바이(바이크, 스쿠터)",남성,40대,자녀 성장기(막내가 초등학생～고등학생),400만원 내외,사무직,서울
110980,20230701,전기 자전거,남성,40대,자녀 성장기(막내가 초등학생～고등학생),700만원 내외,사무직,경기
111002,20230701,전동 킥보드,남성,60대 이상,자녀 성인기(막내가 대학생～결혼 전),700만원 내외,경영/관리직,서울
111032,20230701,"오토바이(바이크, 스쿠터)",남성,30대,1인 가구,600만원 내외,기술/숙련직,경기
111048,20230701,전기 자전거,여성,50대,자녀 성인기(막내가 대학생～결혼 전),800만원 내외,사무직,대전
111081,20230701,전동 킥보드,여성,50대,자녀 성인기(막내가 대학생～결혼 전),800만원 내외,자영업,서울
111085,20230701,전동 스쿠터,남성,30대,1인 가구,200만원 내외,기술/숙련직,울산
111087,20230701,전기 자전거,남성,50대,자녀 성인기(막내가 대학생～결혼 전),600만원 내외,전문직,경기
111106,20230701,전동 킥보드,여성,30대,1인 가구,200만원 내외,사무직,강원
111107,20230701,전기 자전거,남성,60대 이상,자녀 성인기(막내가 대학생～결혼 전),700만원 내외,자영업,대구
111110,20230701,전기 자전거,여성,50대,자녀 성인기(막내가 대학생～결혼 전),500만원 내외,판매/서비스직,전남
111142,20230701,"오토바이(바이크, 스쿠터)",남성,40대,자녀 유아기(막내가 초등학교 입학 전),500만원 내외,사무직,대구
111153,20230701,전기 자전거,남성,50대,자녀 성인기(막내가 대학생～결혼 전),800만원 내외,일반 공무원/준공무원,대구
111172,20230701,전동 킥보드,남성,40대,자녀 유아기(막내가 초등학교 입학 전),800만원 내외,사무직,세종
111193,20230701,전기 자전거,여성,50대,자녀 성인기(막내가 대학생～결혼 전),700만원 내외,무직/기타,전북
111208,20230701,전기 자전거,남성,40대,자녀 유아기(막내가 초등학교 입학 전),600만원 내외,무직/기타,충북
111227,20230701,"오토바이(바이크, 스쿠터)",여성,50대,자녀 성인기(막내가 대학생～결혼 전),"1,000만원 내외",사무직,충남
111236,20230701,전동 킥보드,여성,30대,자녀 유아기(막내가 초등학교 입학 전),600만원 내외,사무직,경남
111265,20230701,"오토바이(바이크, 스쿠터)",남성,40대,자녀 유아기(막내가 초등학교 입학 전),100만원 이하,무직/기타,경기
111306,20230701,"오토바이(바이크, 스쿠터)",남성,40대,자녀 성장기(막내가 초등학생～고등학생),800만원 내외,경영/관리직,경기
111314,20230701,전동 휠,남성,30대,1인 가구,600만원 내외,기술/숙련직,인천
111330,20230701,전기 자전거,여성,30대,1인 가구,400만원 내외,사무직,서울
111344,20230701,전동 스쿠터,여성,30대,1인 가구,"2,100만원 이상",기술/숙련직,서울
111349,20230701,전동 킥보드,여성,30대,신혼기(자녀없음),700만원 내외,사무직,대구
111353,20230701,전동 킥보드,여성,40대,자녀 성장기(막내가 초등학생～고등학생),500만원 내외,사무직,광주
111374,20230701,전기 자전거,여성,60대 이상,자녀 성인기(막내가 대학생～결혼 전),"1,000만원 내외",자영업,경기
111379,20230701,전기 자전거,여성,30대,1인 가구,모름,기술/숙련직,대전
111384,20230701,전동 킥보드,남성,50대,자녀 성인기(막내가 대학생～결혼 전),500만원 내외,일반 공무원/준공무원,서울
111394,20230701,전기 자전거,남성,30대,1인 가구,300만원 내외,자영업,부산
111400,20230701,전기 자전거,남성,50대,자녀 성장기(막내가 초등학생～고등학생),700만원 내외,경영/관리직,광주
111411,20230701,"오토바이(바이크, 스쿠터)",남성,40대,신혼기(자녀없음),300만원 내외,일반 공무원/준공무원,서울
111444,20230701,"오토바이(바이크, 스쿠터)",남성,50대,자녀 성인기(막내가 대학생～결혼 전),200만원 내외,무직/기타,충북
111445,20230701,"오토바이(바이크, 스쿠터)",남성,50대,자녀 성장기(막내가 초등학생～고등학생),500만원 내외,자영업,경북
111454,20230701,전동 스쿠터,남성,40대,1인 가구,500만원 내외,사무직,경남
111472,20230701,"오토바이(바이크, 스쿠터)",남성,50대,자녀 성인기(막내가 대학생～결혼 전),500만원 내외,기술/숙련직,경기
111474,20230701,"오토바이(바이크, 스쿠터)",남성,40대,자녀 성장기(막내가 초등학생～고등학생),500만원 내외,사무직,충남
111479,20230701,전기 자전거,여성,60대 이상,자녀 성인기(막내가 대학생～결혼 전),600만원 내외,무직/기타,서울
111499,20230701,전동 킥보드,여성,30대,1인 가구,200만원 내외,사무직,대구
111503,20230701,전동 킥보드,남성,40대,자녀 성장기(막내가 초등학생～고등학생),300만원 내외,기술/숙련직,인천
111525,20230701,전동 킥보드,여성,20대,자녀 성인기(막내가 대학생～결혼 전),모름,일반 공무원/준공무원,전남
111526,20230701,전동 킥보드,남성,40대,자녀 성장기(막내가 초등학생～고등학생),500만원 내외,사무직,충남
111529,20230701,전동 킥보드,여성,40대,자녀 성장기(막내가 초등학생～고등학생),600만원 내외,사무직,강원
111531,20230701,전동 킥보드,남성,20대,1인 가구,300만원 내외,자영업,경기
111540,20230701,전동 킥보드,남성,40대,자녀 성장기(막내가 초등학생～고등학생),500만원 내외,사무직,경기
111546,20230701,전기 자전거,여성,20대,자녀 성인기(막내가 대학생～결혼 전),"1,100~1,500만원 내외",학생,서울
111566,20230701,전기 자전거,남성,40대,자녀 유아기(막내가 초등학교 입학 전),300만원 내외,기술/숙련직,경기
111589,20230701,전기 자전거,여성,60대 이상,자녀 성인기(막내가 대학생～결혼 전),"1,000만원 내외",무직/기타,경기
111620,20230701,"오토바이(바이크, 스쿠터)",남성,60대 이상,자녀 성인기(막내가 대학생～결혼 전),200만원 내외,자영업,전북
111621,20230701,전동 킥보드,남성,60대 이상,1인 가구,300만원 내외,기술/숙련직,경남
111632,20230701,전동 스쿠터,남성,40대,자녀 성인기(막내가 대학생～결혼 전),900만원 내외,경영/관리직,경기
111639,20230701,"오토바이(바이크, 스쿠터)",남성,40대,1인 가구,300만원 내외,사무직,서울
111650,20230701,"오토바이(바이크, 스쿠터)",남성,30대,1인 가구,200만원 내외,사무직,경기
111688,20230701,전동 킥보드,남성,60대 이상,자녀 성인기(막내가 대학생～결혼 전),900만원 내외,기술/숙련직,경기
111742,20230701,"오토바이(바이크, 스쿠터)",남성,30대,1인 가구,200만원 내외,사무직,전북
111748,20230701,"오토바이(바이크, 스쿠터)",여성,30대,자녀 유아기(막내가 초등학교 입학 전),500만원 내외,전업주부,부산
111754,20230701,전동 휠,남성,50대,자녀 성장기(막내가 초등학생～고등학생),모름,기술/숙련직,부산
111772,20230701,"오토바이(바이크, 스쿠터)",남성,40대,자녀 성장기(막내가 초등학생～고등학생),"1,100~1,500만원 내외",자영업,대전
111777,20230701,"오토바이(바이크, 스쿠터)",남성,50대,1인 가구,200만원 내외,판매/서비스직,부산
111779,20230701,전기 자전거,남성,40대,신혼기 초과(자녀없음),"1,100~1,500만원 내외",경영/관리직,서울
111802,20230701,전동 킥보드,여성,60대 이상,자녀 성장기(막내가 초등학생～고등학생),500만원 내외,전문직,대전
111816,20230701,"오토바이(바이크, 스쿠터)",남성,50대,자녀 성인기(막내가 대학생～결혼 전),500만원 내외,무직/기타,강원
111817,20230701,전동 스쿠터,남성,30대,신혼기(자녀없음),200만원 내외,기술/숙련직,대전
111819,20230701,"오토바이(바이크, 스쿠터)",남성,50대,신혼기 초과(자녀없음),모름,무직/기타,인천
111825,20230701,전동 스쿠터,남성,40대,1인 가구,700만원 내외,기술/숙련직,부산
111848,20230701,전기 자전거,남성,40대,자녀 성장기(막내가 초등학생～고등학생),500만원 내외,사무직,경기
111851,20230701,전기 자전거,남성,40대,자녀 성장기(막내가 초등학생～고등학생),600만원 내외,경영/관리직,경남
111870,20230701,"오토바이(바이크, 스쿠터)",여성,30대,신혼기 초과(자녀없음),400만원 내외,사무직,부산
111878,20230701,"오토바이(바이크, 스쿠터)",남성,50대,자녀 성인기(막내가 대학생～결혼 전),600만원 내외,일반 공무원/준공무원,경북
111885,20230701,전기 자전거,남성,40대,1인 가구,200만원 내외,기술/숙련직,인천
111887,20230701,전기 자전거,남성,40대,자녀 유아기(막내가 초등학교 입학 전),800만원 내외,사무직,서울
111927,20230701,전기 자전거,남성,40대,자녀 성장기(막내가 초등학생～고등학생),800만원 내외,판매/서비스직,서울
111938,20230701,전동 휠,남성,30대,1인 가구,600만원 내외,기술/숙련직,서울
111975,20230701,"오토바이(바이크, 스쿠터)",여성,30대,자녀 유아기(막내가 초등학교 입학 전),800만원 내외,사무직,부산
111976,20230701,"오토바이(바이크, 스쿠터)",남성,30대,자녀 유아기(막내가 초등학교 입학 전),500만원 내외,기술/숙련직,강원
111980,20230701,전동 킥보드,여성,40대,자녀 성장기(막내가 초등학생～고등학생),"1,000만원 내외",자영업,경기
111982,20230701,전동 킥보드,여성,40대,자녀 유아기(막내가 초등학교 입학 전),"2,100만원 이상",자영업,경기
111985,20230701,전기 자전거,여성,30대,자녀 성인기(막내가 대학생～결혼 전),600만원 내외,일반 공무원/준공무원,부산
112016,20230701,"오토바이(바이크, 스쿠터)",여성,40대,자녀 유아기(막내가 초등학교 입학 전),400만원 내외,기술/숙련직,경기
112017,20230701,"오토바이(바이크, 스쿠터)",남성,40대,1인 가구,200만원 내외,무직/기타,경기
112018,20230701,전기 자전거,남성,30대,자녀 독립기(막내가 결혼한 상태),700만원 내외,자영업,경남
112036,20230701,"오토바이(바이크, 스쿠터)",남성,60대 이상,자녀 독립기(막내가 결혼한 상태),400만원 내외,판매/서비스직,서울
112049,20230701,전동 킥보드,남성,40대,1인 가구,600만원 내외,사무직,서울
112050,20230701,"오토바이(바이크, 스쿠터)",남성,50대,자녀 성장기(막내가 초등학생～고등학생),"2,100만원 이상",자영업,경북
112089,20230701,전동 휠,남성,40대,자녀 성인기(막내가 대학생～결혼 전),"1,000만원 내외",기술/숙련직,부산
112105,20230701,전동 스케이트보드,여성,40대,신혼기(자녀없음),400만원 내외,기술/숙련직,서울
112107,20230701,전기 자전거,남성,30대,자녀 유아기(막내가 초등학교 입학 전),500만원 내외,일반 공무원/준공무원,경기
112116,20230701,전동 휠,남성,20대,1인 가구,300만원 내외,사무직,경북
112148,20230701,전동 킥보드,여성,40대,신혼기 초과(자녀없음),500만원 내외,무직/기타,부산
112149,20230701,전기 자전거,여성,40대,신혼기 초과(자녀없음),600만원 내외,사무직,경북
112161,20230701,"오토바이(바이크, 스쿠터)",남성,50대,자녀 성인기(막내가 대학생～결혼 전),400만원 내외,일반 공무원/준공무원,충북
112165,20230701,전동 킥보드,남성,30대,1인 가구,500만원 내외,기술/숙련직,서울
112166,20230701,전동 킥보드,여성,40대,자녀 성장기(막내가 초등학생～고등학생),700만원 내외,기술/숙련직,전북
112172,20230701,전기 자전거,여성,20대,자녀 성인기(막내가 대학생～결혼 전),"1,000만원 내외",무직/기타,경기
112178,20230701,전동 킥보드,남성,40대,자녀 유아기(막내가 초등학교 입학 전),500만원 내외,기술/숙련직,충남
112197,20230701,"오토바이(바이크, 스쿠터)",남성,40대,자녀 성장기(막내가 초등학생～고등학생),600만원 내외,일반 공무원/준공무원,경기
112207,20230701,전기 자전거,남성,50대,자녀 성장기(막내가 초등학생～고등학생),500만원 내외,자영업,경기
112219,20230701,전기 자전거,남성,60대 이상,자녀 독립기(막내가 결혼한 상태),600만원 내외,자영업,서울
112220,20230701,전동 킥보드,여성,30대,자녀 유아기(막내가 초등학교 입학 전),900만원 내외,전업주부,서울
112225,20230701,전동 킥보드,남성,40대,자녀 성인기(막내가 대학생～결혼 전),700만원 내외,기술/숙련직,경기
112238,20230701,전동 휠,남성,50대,자녀 독립기(막내가 결혼한 상태),"2,100만원 이상",경영/관리직,경기
112259,20230701,전기 자전거,여성,50대,자녀 성인기(막내가 대학생～결혼 전),800만원 내외,전업주부,울산
112265,20230701,전기 자전거,남성,60대 이상,자녀 성인기(막내가 대학생～결혼 전),600만원 내외,자영업,서울
112276,20230701,"오토바이(바이크, 스쿠터)",남성,60대 이상,자녀 성인기(막내가 대학생～결혼 전),600만원 내외,자영업,충남
112294,20230701,전동 킥보드,여성,30대,자녀 유아기(막내가 초등학교 입학 전),400만원 내외,전업주부,대구
112299,20230701,전동 스케이트보드,남성,50대,자녀 성인기(막내가 대학생～결혼 전),"1,000만원 내외",기술/숙련직,서울
112300,20230701,전기 자전거,남성,50대,1인 가구,300만원 내외,기술/숙련직,서울
112312,20230701,"오토바이(바이크, 스쿠터)",남성,40대,신혼기 초과(자녀없음),700만원 내외,자영업,대구
112329,20230701,전동 스케이트보드,여성,50대,자녀 성인기(막내가 대학생～결혼 전),"1,600~2,000만원 내외",판매/서비스직,경기
112336,20230701,전동 휠,여성,30대,자녀 유아기(막내가 초등학교 입학 전),500만원 내외,전업주부,경기
112345,20230701,전기 자전거,여성,40대,자녀 성장기(막내가 초등학생～고등학생),300만원 내외,전업주부,경남
112346,20230701,전동 킥보드,남성,40대,자녀 성장기(막내가 초등학생～고등학생),500만원 내외,일반 공무원/준공무원,경북
112353,20230701,전동 킥보드,남성,40대,자녀 유아기(막내가 초등학교 입학 전),500만원 내외,기술/숙련직,경기
112372,20230701,전동 킥보드,남성,30대,자녀 성장기(막내가 초등학생～고등학생),500만원 내외,무직/기타,세종
112383,20230701,전동 킥보드,여성,30대,자녀 유아기(막내가 초등학교 입학 전),500만원 내외,전업주부,광주
112390,20230701,전기 자전거,남성,50대,자녀 성인기(막내가 대학생～결혼 전),모름,기술/숙련직,부산
112398,20230701,"오토바이(바이크, 스쿠터)",남성,60대 이상,자녀 성인기(막내가 대학생～결혼 전),200만원 내외,무직/기타,서울
112409,20230701,전동 킥보드,여성,40대,자녀 유아기(막내가 초등학교 입학 전),700만원 내외,사무직,충북
112423,20230701,"오토바이(바이크, 스쿠터)",남성,50대,자녀 성인기(막내가 대학생～결혼 전),"1,100~1,500만원 내외",자영업,광주
112428,20230701,"오토바이(바이크, 스쿠터)",남성,40대,1인 가구,500만원 내외,사무직,서울
112436,20230701,"오토바이(바이크, 스쿠터)",여성,30대,신혼기(자녀없음),300만원 내외,무직/기타,경남
112440,20230701,"오토바이(바이크, 스쿠터)",여성,50대,자녀 성인기(막내가 대학생～결혼 전),200만원 내외,판매/서비스직,대구
112443,20230701,전동 킥보드,여성,30대,신혼기(자녀없음),400만원 내외,전업주부,충북
112452,20230701,전기 자전거,남성,60대 이상,자녀 성인기(막내가 대학생～결혼 전),"1,000만원 내외",전문직,전북
112474,20230701,전동 킥보드,여성,40대,신혼기(자녀없음),300만원 내외,사무직,경기
112487,20230701,전동 휠,남성,40대,자녀 성장기(막내가 초등학생～고등학생),"1,000만원 내외",전문직,경기
112489,20230701,"오토바이(바이크, 스쿠터)",남성,60대 이상,자녀 독립기(막내가 결혼한 상태),500만원 내외,자영업,부산
112495,20230701,전기 자전거,남성,50대,자녀 성인기(막내가 대학생～결혼 전),200만원 내외,무직/기타,경기
112500,20230701,전동 킥보드,여성,40대,자녀 성장기(막내가 초등학생～고등학생),400만원 내외,전업주부,강원
112502,20230701,전동 킥보드,남성,20대,자녀 독립기(막내가 결혼한 상태),500만원 내외,전문직,대구
112507,20230701,전기 자전거,남성,40대,신혼기 초과(자녀없음),800만원 내외,자영업,대구
112509,20230701,"오토바이(바이크, 스쿠터)",남성,40대,자녀 성장기(막내가 초등학생～고등학생),700만원 내외,무직/기타,경기
112511,20230701,전동 킥보드,남성,50대,자녀 성장기(막내가 초등학생～고등학생),200만원 내외,무직/기타,대전
112515,20230701,전기 자전거,남성,40대,자녀 성장기(막내가 초등학생～고등학생),900만원 내외,기술/숙련직,경북
112522,20230701,전동 킥보드,여성,40대,자녀 성장기(막내가 초등학생～고등학생),600만원 내외,기술/숙련직,인천
112534,20230701,전동 킥보드,남성,50대,자녀 성장기(막내가 초등학생～고등학생),400만원 내외,자영업,대전
112539,20230701,"오토바이(바이크, 스쿠터)",남성,50대,자녀 성인기(막내가 대학생～결혼 전),600만원 내외,자영업,서울
112541,20230701,"오토바이(바이크, 스쿠터)",남성,50대,자녀 성인기(막내가 대학생～결혼 전),"1,000만원 내외",기술/숙련직,서울
112587,20230701,전기 자전거,남성,40대,자녀 유아기(막내가 초등학교 입학 전),"1,100~1,500만원 내외",일반 공무원/준공무원,강원
112591,20230701,전기 자전거,여성,30대,신혼기(자녀없음),900만원 내외,기술/숙련직,부산
112593,20230701,"오토바이(바이크, 스쿠터)",남성,30대,자녀 성인기(막내가 대학생～결혼 전),800만원 내외,기술/숙련직,광주
112603,20230701,전기 자전거,남성,40대,자녀 성장기(막내가 초등학생～고등학생),800만원 내외,기술/숙련직,울산
112604,20230701,전기 자전거,여성,30대,1인 가구,400만원 내외,사무직,서울
112618,20230701,전기 자전거,남성,30대,자녀 유아기(막내가 초등학교 입학 전),300만원 내외,전문직,충북
112619,20230701,전기 자전거,남성,60대 이상,자녀 독립기(막내가 결혼한 상태),600만원 내외,무직/기타,대전
112621,20230701,전동 킥보드,남성,40대,자녀 성장기(막내가 초등학생～고등학생),800만원 내외,경영/관리직,경기
112648,20230701,전동 스케이트보드,남성,30대,자녀 유아기(막내가 초등학교 입학 전),600만원 내외,사무직,대전
112688,20230701,"오토바이(바이크, 스쿠터)",남성,60대 이상,자녀 성인기(막내가 대학생～결혼 전),200만원 내외,자영업,서울
112708,20230701,전기 자전거,여성,60대 이상,자녀 독립기(막내가 결혼한 상태),500만원 내외,전업주부,경기
112717,20230701,"오토바이(바이크, 스쿠터)",남성,60대 이상,자녀 성인기(막내가 대학생～결혼 전),"1,000만원 내외",자영업,대전
112723,20230701,전기 자전거,여성,30대,자녀 유아기(막내가 초등학교 입학 전),500만원 내외,전문직,경기
112724,20230701,전동 킥보드,남성,40대,자녀 성장기(막내가 초등학생～고등학생),700만원 내외,일반 공무원/준공무원,경북
112725,20230701,"오토바이(바이크, 스쿠터)",여성,50대,1인 가구,500만원 내외,무직/기타,충남
112730,20230701,전기 자전거,남성,60대 이상,신혼기 초과(자녀없음),500만원 내외,기술/숙련직,경북
112732,20230701,"오토바이(바이크, 스쿠터)",남성,50대,자녀 성인기(막내가 대학생～결혼 전),500만원 내외,무직/기타,충북
112770,20230701,"오토바이(바이크, 스쿠터)",남성,40대,1인 가구,400만원 내외,기술/숙련직,충북
112777,20230701,"오토바이(바이크, 스쿠터)",남성,30대,1인 가구,400만원 내외,자영업,서울
112786,20230701,전기 자전거,여성,50대,자녀 성인기(막내가 대학생～결혼 전),"1,100~1,500만원 내외",판매/서비스직,인천
112789,20230701,전기 자전거,남성,50대,자녀 성장기(막내가 초등학생～고등학생),"1,100~1,500만원 내외",경영/관리직,서울
112790,20230701,전동 킥보드,남성,40대,1인 가구,300만원 내외,사무직,경남
112822,20230701,전기 자전거,남성,30대,자녀 유아기(막내가 초등학교 입학 전),200만원 내외,일반 공무원/준공무원,경기
112847,20230701,"오토바이(바이크, 스쿠터)",남성,60대 이상,자녀 독립기(막내가 결혼한 상태),500만원 내외,전문직,경기
112852,20230701,전기 자전거,남성,60대 이상,자녀 성인기(막내가 대학생～결혼 전),900만원 내외,자영업,강원
112854,20230701,전동 킥보드,남성,30대,자녀 성인기(막내가 대학생～결혼 전),"1,600~2,000만원 내외",자영업,서울
112867,20230701,전기 자전거,남성,60대 이상,자녀 독립기(막내가 결혼한 상태),300만원 내외,무직/기타,부산
112886,20230701,"오토바이(바이크, 스쿠터)",남성,60대 이상,자녀 독립기(막내가 결혼한 상태),500만원 내외,사무직,서울
112887,20230701,"오토바이(바이크, 스쿠터)",남성,40대,자녀 성장기(막내가 초등학생～고등학생),500만원 내외,자영업,서울
112910,20230701,전기 자전거,여성,40대,자녀 성인기(막내가 대학생～결혼 전),800만원 내외,사무직,경남
112913,20230701,전기 자전거,여성,60대 이상,자녀 성인기(막내가 대학생～결혼 전),"1,000만원 내외",사무직,서울
112917,20230701,전동 스쿠터,남성,50대,자녀 성장기(막내가 초등학생～고등학생),900만원 내외,자영업,대구
112933,20230701,전기 자전거,남성,30대,1인 가구,300만원 내외,일반 공무원/준공무원,대전
112934,20230701,"오토바이(바이크, 스쿠터)",남성,40대,자녀 성장기(막내가 초등학생～고등학생),600만원 내외,기술/숙련직,전남
112951,20230701,전동 스쿠터,여성,30대,1인 가구,500만원 내외,무직/기타,인천
112959,20230701,전기 자전거,여성,40대,신혼기(자녀없음),600만원 내외,일반 공무원/준공무원,부산
112964,20230701,전동 스케이트보드,여성,40대,자녀 유아기(막내가 초등학교 입학 전),500만원 내외,전업주부,경기
112973,20230701,"오토바이(바이크, 스쿠터)",여성,60대 이상,자녀 독립기(막내가 결혼한 상태),"1,000만원 내외",무직/기타,경남
112999,20230701,전기 자전거,남성,40대,자녀 성장기(막내가 초등학생～고등학생),400만원 내외,사무직,대전
113015,20230701,전기 자전거,여성,60대 이상,자녀 성인기(막내가 대학생～결혼 전),600만원 내외,전업주부,서울
113027,20230701,전동 킥보드,남성,50대,자녀 성인기(막내가 대학생～결혼 전),500만원 내외,경영/관리직,부산
113060,20230701,"오토바이(바이크, 스쿠터)",여성,30대,신혼기(자녀없음),700만원 내외,전문직,서울
113061,20230701,"오토바이(바이크, 스쿠터)",여성,30대,자녀 독립기(막내가 결혼한 상태),모름,무직/기타,경기
113064,20230701,전동 킥보드,남성,30대,신혼기(자녀없음),600만원 내외,일반 공무원/준공무원,경기
113065,20230701,"오토바이(바이크, 스쿠터)",여성,40대,자녀 성장기(막내가 초등학생～고등학생),"1,000만원 내외",자영업,충남
113067,20230701,전기 자전거,남성,60대 이상,자녀 성인기(막내가 대학생～결혼 전),500만원 내외,판매/서비스직,광주
113072,20230701,전동 킥보드,남성,50대,자녀 성인기(막내가 대학생～결혼 전),600만원 내외,기술/숙련직,울산
113073,20230701,"오토바이(바이크, 스쿠터)",여성,60대 이상,자녀 독립기(막내가 결혼한 상태),600만원 내외,기술/숙련직,인천
113081,20230701,"오토바이(바이크, 스쿠터)",남성,30대,자녀 성인기(막내가 대학생～결혼 전),500만원 내외,무직/기타,부산
113095,20230701,전기 자전거,여성,50대,자녀 성인기(막내가 대학생～결혼 전),300만원 내외,일반 공무원/준공무원,서울
113099,20230701,"오토바이(바이크, 스쿠터)",여성,40대,자녀 성장기(막내가 초등학생～고등학생),"1,000만원 내외",자영업,부산
113114,20230701,"오토바이(바이크, 스쿠터)",여성,40대,자녀 성인기(막내가 대학생～결혼 전),500만원 내외,사무직,경기
113144,20230701,"오토바이(바이크, 스쿠터)",남성,50대,자녀 성장기(막내가 초등학생～고등학생),500만원 내외,기술/숙련직,경기
113152,20230701,전동 킥보드,남성,50대,자녀 성인기(막내가 대학생～결혼 전),900만원 내외,경영/관리직,인천
113169,20230701,전동 킥보드,남성,30대,자녀 유아기(막내가 초등학교 입학 전),300만원 내외,전문직,충남
113193,20230701,전동 킥보드,남성,40대,자녀 성인기(막내가 대학생～결혼 전),900만원 내외,기술/숙련직,경기
113205,20230701,전동 킥보드,남성,60대 이상,자녀 성인기(막내가 대학생～결혼 전),"1,600~2,000만원 내외",기술/숙련직,경기
113208,20230701,전동 킥보드,여성,40대,자녀 성장기(막내가 초등학생～고등학생),500만원 내외,판매/서비스직,경기
113214,20230701,전기 자전거,여성,50대,자녀 성장기(막내가 초등학생～고등학생),800만원 내외,사무직,경기
113217,20230701,"오토바이(바이크, 스쿠터)",남성,60대 이상,1인 가구,300만원 내외,자영업,서울
113253,20230701,전기 자전거,남성,60대 이상,자녀 독립기(막내가 결혼한 상태),600만원 내외,무직/기타,경남
113260,20230701,전기 자전거,여성,60대 이상,자녀 성인기(막내가 대학생～결혼 전),"1,100~1,500만원 내외",전업주부,경기
113285,20230701,"오토바이(바이크, 스쿠터)",남성,50대,자녀 성인기(막내가 대학생～결혼 전),500만원 내외,사무직,인천
113286,20230701,전기 자전거,여성,40대,자녀 유아기(막내가 초등학교 입학 전),800만원 내외,사무직,서울
113287,20230701,"오토바이(바이크, 스쿠터)",남성,60대 이상,자녀 성인기(막내가 대학생～결혼 전),400만원 내외,무직/기타,경남
113291,20230701,전동 킥보드,남성,40대,자녀 성장기(막내가 초등학생～고등학생),400만원 내외,판매/서비스직,대전
113314,20230701,전기 자전거,남성,50대,자녀 성인기(막내가 대학생～결혼 전),800만원 내외,기술/숙련직,세종
113316,20230701,"오토바이(바이크, 스쿠터)",남성,40대,자녀 독립기(막내가 결혼한 상태),500만원 내외,자영업,충남
113328,20230701,"오토바이(바이크, 스쿠터)",여성,30대,자녀 성인기(막내가 대학생～결혼 전),모름,자영업,부산
113350,20230701,전기 자전거,남성,50대,자녀 성인기(막내가 대학생～결혼 전),"1,000만원 내외",경영/관리직,서울
113353,20230701,전기 자전거,남성,50대,1인 가구,300만원 내외,기술/숙련직,광주
113369,20230701,전동 스쿠터,남성,30대,1인 가구,300만원 내외,일반 공무원/준공무원,전남
113392,20230701,전기 자전거,여성,30대,1인 가구,"1,600~2,000만원 내외",무직/기타,부산
113397,20230701,전동 스케이트보드,여성,20대,자녀 성인기(막내가 대학생～결혼 전),200만원 내외,사무직,경기
113407,20230701,전동 휠,남성,40대,자녀 성장기(막내가 초등학생～고등학생),700만원 내외,자영업,대전
113450,20230701,전기 자전거,남성,40대,자녀 유아기(막내가 초등학교 입학 전),700만원 내외,사무직,경기
113459,20230701,전동 킥보드,남성,40대,신혼기(자녀없음),600만원 내외,사무직,전남
113460,20230701,전동 킥보드,남성,40대,1인 가구,600만원 내외,자영업,서울
113463,20230701,전동 스쿠터,여성,30대,자녀 성인기(막내가 대학생～결혼 전),400만원 내외,사무직,경기
113482,20230701,전동 킥보드,남성,30대,1인 가구,600만원 내외,전문직,서울
113499,20230701,전동 스케이트보드,남성,40대,자녀 유아기(막내가 초등학교 입학 전),"2,100만원 이상",사무직,부산
113524,20230701,"오토바이(바이크, 스쿠터)",남성,50대,1인 가구,"2,100만원 이상",자영업,전남
113529,20230701,전기 자전거,남성,60대 이상,자녀 성인기(막내가 대학생～결혼 전),600만원 내외,전문직,경기
113533,20230701,전동 킥보드,여성,30대,자녀 유아기(막내가 초등학교 입학 전),500만원 내외,일반 공무원/준공무원,충남
113538,20230701,전기 자전거,남성,40대,자녀 성장기(막내가 초등학생～고등학생),500만원 내외,자영업,인천
113549,20230701,"오토바이(바이크, 스쿠터)",남성,40대,자녀 성장기(막내가 초등학생～고등학생),"1,100~1,500만원 내외",기술/숙련직,경기
113557,20230701,"오토바이(바이크, 스쿠터)",남성,60대 이상,자녀 독립기(막내가 결혼한 상태),"1,000만원 내외",기술/숙련직,경기
113568,20230701,전동 킥보드,남성,40대,자녀 유아기(막내가 초등학교 입학 전),600만원 내외,전문직,부산
113576,20230701,전동 킥보드,남성,30대,신혼기 초과(자녀없음),500만원 내외,일반 공무원/준공무원,경북
113598,20230701,전기 자전거,여성,40대,자녀 유아기(막내가 초등학교 입학 전),600만원 내외,사무직,경기
113599,20230701,전기 자전거,남성,40대,자녀 성장기(막내가 초등학생～고등학생),800만원 내외,경영/관리직,서울
113604,20230701,"오토바이(바이크, 스쿠터)",남성,60대 이상,자녀 독립기(막내가 결혼한 상태),300만원 내외,무직/기타,세종
113617,20230701,전기 자전거,남성,40대,자녀 유아기(막내가 초등학교 입학 전),500만원 내외,일반 공무원/준공무원,강원
113629,20230701,"오토바이(바이크, 스쿠터)",여성,50대,1인 가구,500만원 내외,사무직,경기
113647,20230701,전동 스쿠터,여성,50대,자녀 성인기(막내가 대학생～결혼 전),900만원 내외,자영업,서울
113708,20230701,"오토바이(바이크, 스쿠터)",남성,50대,자녀 성인기(막내가 대학생～결혼 전),"1,100~1,500만원 내외",사무직,경기
113727,20230701,전동 휠,남성,40대,자녀 유아기(막내가 초등학교 입학 전),500만원 내외,사무직,강원
113728,20230701,전기 자전거,남성,60대 이상,자녀 독립기(막내가 결혼한 상태),300만원 내외,무직/기타,인천
113731,20230701,전동 킥보드,남성,60대 이상,자녀 독립기(막내가 결혼한 상태),"1,000만원 내외",무직/기타,서울
113749,20230701,전기 자전거,남성,60대 이상,자녀 성인기(막내가 대학생～결혼 전),300만원 내외,무직/기타,부산
113752,20230701,"오토바이(바이크, 스쿠터)",남성,50대,자녀 성인기(막내가 대학생～결혼 전),"2,100만원 이상",자영업,경기
113786,20230701,전기 자전거,여성,40대,자녀 성장기(막내가 초등학생～고등학생),500만원 내외,전업주부,경기
113791,20230701,전동 스쿠터,여성,30대,1인 가구,100만원 이하,무직/기타,서울
113796,20230701,"오토바이(바이크, 스쿠터)",남성,50대,자녀 성장기(막내가 초등학생～고등학생),700만원 내외,자영업,서울
113812,20230701,"오토바이(바이크, 스쿠터)",남성,60대 이상,자녀 성인기(막내가 대학생～결혼 전),700만원 내외,자영업,부산
113833,20230701,전기 자전거,남성,50대,자녀 성장기(막내가 초등학생～고등학생),600만원 내외,사무직,서울
113855,20230701,전동 킥보드,남성,40대,자녀 성장기(막내가 초등학생～고등학생),900만원 내외,기술/숙련직,서울
113860,20230701,전기 자전거,남성,40대,신혼기 초과(자녀없음),600만원 내외,경영/관리직,경기
113864,20230701,"오토바이(바이크, 스쿠터)",여성,30대,신혼기(자녀없음),600만원 내외,사무직,경기
113869,20230701,전기 자전거,남성,30대,1인 가구,400만원 내외,전문직,경기
113874,20230701,전기 자전거,여성,50대,자녀 성인기(막내가 대학생～결혼 전),"1,100~1,500만원 내외",전문직,서울
113878,20230701,전기 자전거,남성,50대,자녀 성인기(막내가 대학생～결혼 전),"1,000만원 내외",일반 공무원/준공무원,경기
113883,20230701,전기 자전거,남성,30대,자녀 성장기(막내가 초등학생～고등학생),"1,000만원 내외",전문직,서울
113961,20230701,전동 킥보드,여성,30대,1인 가구,700만원 내외,사무직,전북
113980,20230701,전동 킥보드,여성,40대,자녀 성장기(막내가 초등학생～고등학생),700만원 내외,사무직,부산
113990,20230701,전동 휠,여성,40대,자녀 성장기(막내가 초등학생～고등학생),700만원 내외,사무직,충남
113992,20230701,"오토바이(바이크, 스쿠터)",여성,50대,자녀 독립기(막내가 결혼한 상태),400만원 내외,전업주부,충남
113996,20230701,"오토바이(바이크, 스쿠터)",남성,40대,자녀 성장기(막내가 초등학생～고등학생),600만원 내외,기술/숙련직,울산
114028,20230701,"오토바이(바이크, 스쿠터)",여성,50대,자녀 독립기(막내가 결혼한 상태),900만원 내외,자영업,경기
114042,20230701,전기 자전거,남성,50대,자녀 성인기(막내가 대학생～결혼 전),500만원 내외,일반 공무원/준공무원,대전
114052,20230701,전기 자전거,남성,40대,자녀 유아기(막내가 초등학교 입학 전),800만원 내외,경영/관리직,경기
114065,20230701,"오토바이(바이크, 스쿠터)",여성,40대,자녀 유아기(막내가 초등학교 입학 전),100만원 이하,전업주부,경남
114067,20230701,전동 킥보드,남성,40대,자녀 성장기(막내가 초등학생～고등학생),600만원 내외,자영업,부산
114071,20230701,전동 휠,여성,40대,자녀 성장기(막내가 초등학생～고등학생),800만원 내외,무직/기타,경기
114074,20230701,"오토바이(바이크, 스쿠터)",여성,50대,자녀 성인기(막내가 대학생～결혼 전),300만원 내외,무직/기타,부산
114079,20230701,전기 자전거,남성,50대,자녀 성장기(막내가 초등학생～고등학생),400만원 내외,자영업,부산
114100,20230701,전기 자전거,여성,60대 이상,자녀 성인기(막내가 대학생～결혼 전),"1,000만원 내외",무직/기타,대구
114103,20230701,"오토바이(바이크, 스쿠터)",남성,60대 이상,자녀 독립기(막내가 결혼한 상태),300만원 내외,일반 공무원/준공무원,충북
114126,20230701,전동 킥보드,여성,20대,자녀 성인기(막내가 대학생～결혼 전),모름,학생,경기
114136,20230701,전동 킥보드,여성,20대,자녀 성인기(막내가 대학생～결혼 전),600만원 내외,무직/기타,서울
114143,20230701,전기 자전거,여성,40대,1인 가구,400만원 내외,사무직,서울
114157,20230701,전기 자전거,남성,50대,자녀 성인기(막내가 대학생～결혼 전),700만원 내외,자영업,충북
114165,20230701,전동 킥보드,남성,30대,1인 가구,400만원 내외,판매/서비스직,서울
114172,20230701,"오토바이(바이크, 스쿠터)",여성,60대 이상,신혼기(자녀없음),400만원 내외,사무직,경남
114181,20230701,전기 자전거,남성,50대,자녀 독립기(막내가 결혼한 상태),300만원 내외,사무직,대구
114186,20230701,전기 자전거,남성,30대,자녀 유아기(막내가 초등학교 입학 전),500만원 내외,사무직,인천
114196,20230701,전동 킥보드,여성,30대,신혼기 초과(자녀없음),500만원 내외,사무직,경북
114216,20230701,전기 자전거,여성,30대,신혼기(자녀없음),500만원 내외,사무직,서울
114217,20230701,"오토바이(바이크, 스쿠터)",남성,50대,자녀 성인기(막내가 대학생～결혼 전),500만원 내외,무직/기타,충남
114230,20230701,전동 휠,남성,50대,자녀 성인기(막내가 대학생～결혼 전),600만원 내외,기술/숙련직,광주
114236,20230701,전동 킥보드,여성,50대,자녀 성인기(막내가 대학생～결혼 전),500만원 내외,사무직,전북
114248,20230701,전기 자전거,남성,50대,자녀 성인기(막내가 대학생～결혼 전),700만원 내외,일반 공무원/준공무원,경기
114290,20230701,전기 자전거,남성,40대,자녀 성장기(막내가 초등학생～고등학생),500만원 내외,기술/숙련직,제주
114305,20230701,전동 스쿠터,여성,30대,자녀 유아기(막내가 초등학교 입학 전),400만원 내외,사무직,경남
114306,20230701,전동 휠,남성,50대,자녀 성장기(막내가 초등학생～고등학생),600만원 내외,사무직,경기
114316,20230701,전기 자전거,남성,60대 이상,자녀 독립기(막내가 결혼한 상태),500만원 내외,무직/기타,서울
114321,20230701,"오토바이(바이크, 스쿠터)",남성,50대,자녀 성인기(막내가 대학생～결혼 전),"1,100~1,500만원 내외",경영/관리직,서울
114326,20230701,"오토바이(바이크, 스쿠터)",남성,40대,1인 가구,400만원 내외,자영업,경북
114330,20230701,"오토바이(바이크, 스쿠터)",남성,60대 이상,자녀 독립기(막내가 결혼한 상태),500만원 내외,무직/기타,충북
114331,20230701,전동 킥보드,남성,30대,1인 가구,700만원 내외,사무직,경기
114348,20230701,전동 킥보드,남성,40대,자녀 성장기(막내가 초등학생～고등학생),300만원 내외,사무직,경남
114355,20230701,"오토바이(바이크, 스쿠터)",남성,40대,자녀 성장기(막내가 초등학생～고등학생),500만원 내외,기술/숙련직,서울
114356,20230701,"오토바이(바이크, 스쿠터)",남성,30대,1인 가구,200만원 내외,사무직,서울
114361,20230701,전동 킥보드,남성,40대,자녀 성장기(막내가 초등학생～고등학생),800만원 내외,판매/서비스직,서울
114385,20230701,전기 자전거,남성,50대,신혼기 초과(자녀없음),600만원 내외,일반 공무원/준공무원,인천
114390,20230701,"오토바이(바이크, 스쿠터)",남성,60대 이상,자녀 성장기(막내가 초등학생～고등학생),400만원 내외,기술/숙련직,전북
114392,20230701,전기 자전거,남성,50대,자녀 성장기(막내가 초등학생～고등학생),500만원 내외,판매/서비스직,부산
114398,20230701,"오토바이(바이크, 스쿠터)",남성,50대,자녀 성장기(막내가 초등학생～고등학생),500만원 내외,일반 공무원/준공무원,강원
114425,20230701,전기 자전거,남성,40대,자녀 성장기(막내가 초등학생～고등학생),600만원 내외,자영업,서울
114436,20230701,전기 자전거,남성,50대,자녀 성인기(막내가 대학생～결혼 전),500만원 내외,자영업,서울
114444,20230701,전동 킥보드,남성,40대,자녀 유아기(막내가 초등학교 입학 전),900만원 내외,일반 공무원/준공무원,경기
114445,20230701,전동 킥보드,남성,40대,자녀 성장기(막내가 초등학생～고등학생),400만원 내외,사무직,경기
114479,20230701,"오토바이(바이크, 스쿠터)",남성,50대,자녀 성인기(막내가 대학생～결혼 전),500만원 내외,자영업,부산
114481,20230701,전동 킥보드,남성,30대,1인 가구,400만원 내외,사무직,대전
114507,20230701,"오토바이(바이크, 스쿠터)",남성,50대,자녀 성인기(막내가 대학생～결혼 전),800만원 내외,기술/숙련직,경기
114512,20230701,"오토바이(바이크, 스쿠터)",남성,30대,자녀 성인기(막내가 대학생～결혼 전),"2,100만원 이상",기술/숙련직,서울
114518,20230701,"오토바이(바이크, 스쿠터)",남성,50대,자녀 성인기(막내가 대학생～결혼 전),700만원 내외,자영업,서울
114536,20230701,전기 자전거,남성,30대,자녀 성인기(막내가 대학생～결혼 전),400만원 내외,사무직,서울
114538,20230701,전기 자전거,여성,30대,1인 가구,200만원 내외,사무직,경기
114543,20230701,"오토바이(바이크, 스쿠터)",여성,40대,신혼기(자녀없음),100만원 이하,판매/서비스직,경기
114560,20230701,전동 킥보드,남성,30대,자녀 성인기(막내가 대학생～결혼 전),200만원 내외,무직/기타,충남
114561,20230701,"오토바이(바이크, 스쿠터)",남성,50대,자녀 독립기(막내가 결혼한 상태),"1,000만원 내외",기술/숙련직,경북
114567,20230701,전기 자전거,여성,50대,자녀 성장기(막내가 초등학생～고등학생),400만원 내외,사무직,경기
114595,20230701,"오토바이(바이크, 스쿠터)",여성,50대,자녀 성인기(막내가 대학생～결혼 전),600만원 내외,사무직,경기
114637,20230701,"오토바이(바이크, 스쿠터)",남성,50대,자녀 성인기(막내가 대학생～결혼 전),400만원 내외,자영업,경남
114644,20230701,전기 자전거,남성,50대,자녀 성장기(막내가 초등학생～고등학생),900만원 내외,경영/관리직,경기
114657,20230701,전기 자전거,남성,60대 이상,자녀 성인기(막내가 대학생～결혼 전),"1,000만원 내외",일반 공무원/준공무원,강원
114662,20230701,"오토바이(바이크, 스쿠터)",남성,30대,신혼기 초과(자녀없음),300만원 내외,사무직,울산
114664,20230701,전동 킥보드,남성,30대,자녀 유아기(막내가 초등학교 입학 전),800만원 내외,사무직,서울
114680,20230701,전기 자전거,여성,40대,1인 가구,800만원 내외,사무직,서울
114701,20230701,"오토바이(바이크, 스쿠터)",남성,30대,자녀 성인기(막내가 대학생～결혼 전),200만원 내외,무직/기타,경남
114725,20230701,"오토바이(바이크, 스쿠터)",남성,40대,신혼기 초과(자녀없음),400만원 내외,기술/숙련직,울산
114726,20230701,"오토바이(바이크, 스쿠터)",남성,30대,자녀 성장기(막내가 초등학생～고등학생),"2,100만원 이상",전문직,광주
114732,20230701,전동 휠,여성,30대,자녀 성인기(막내가 대학생～결혼 전),600만원 내외,사무직,충남
114740,20230701,"오토바이(바이크, 스쿠터)",남성,30대,1인 가구,"2,100만원 이상",전문직,경기
114742,20230701,"오토바이(바이크, 스쿠터)",남성,30대,자녀 유아기(막내가 초등학교 입학 전),400만원 내외,기술/숙련직,울산
114750,20230701,전기 자전거,남성,40대,신혼기 초과(자녀없음),600만원 내외,사무직,서울
114766,20230701,전동 스쿠터,여성,20대,자녀 성인기(막내가 대학생～결혼 전),100만원 이하,자영업,경남
114795,20230701,"오토바이(바이크, 스쿠터)",여성,50대,자녀 성인기(막내가 대학생～결혼 전),"2,100만원 이상",자영업,경기
114803,20230701,전기 자전거,여성,60대 이상,자녀 성인기(막내가 대학생～결혼 전),700만원 내외,기술/숙련직,강원
114851,20230701,전동 킥보드,여성,40대,자녀 성인기(막내가 대학생～결혼 전),300만원 내외,사무직,인천
114855,20230701,"오토바이(바이크, 스쿠터)",남성,40대,자녀 성장기(막내가 초등학생～고등학생),"2,100만원 이상",사무직,서울
114868,20230701,"오토바이(바이크, 스쿠터)",남성,30대,자녀 성인기(막내가 대학생～결혼 전),600만원 내외,일반 공무원/준공무원,경기
114871,20230701,"오토바이(바이크, 스쿠터)",남성,40대,자녀 성인기(막내가 대학생～결혼 전),300만원 내외,기술/숙련직,인천
114892,20230701,전기 자전거,여성,30대,자녀 성인기(막내가 대학생～결혼 전),900만원 내외,사무직,충남
114894,20230701,전기 자전거,여성,20대,자녀 독립기(막내가 결혼한 상태),800만원 내외,기술/숙련직,경기
114921,20230701,"오토바이(바이크, 스쿠터)",남성,60대 이상,자녀 독립기(막내가 결혼한 상태),500만원 내외,무직/기타,충북
114934,20230701,"오토바이(바이크, 스쿠터)",여성,40대,1인 가구,"2,100만원 이상",자영업,전남
114991,20230701,전동 킥보드,남성,40대,자녀 유아기(막내가 초등학교 입학 전),500만원 내외,기술/숙련직,서울
115001,20230701,전동 스케이트보드,남성,50대,자녀 성장기(막내가 초등학생～고등학생),400만원 내외,사무직,부산
115003,20230701,전기 자전거,남성,50대,자녀 성인기(막내가 대학생～결혼 전),800만원 내외,기술/숙련직,서울
115024,20230701,"오토바이(바이크, 스쿠터)",여성,40대,1인 가구,400만원 내외,사무직,서울
115051,20230701,"오토바이(바이크, 스쿠터)",남성,50대,자녀 독립기(막내가 결혼한 상태),300만원 내외,기술/숙련직,경북
115058,20230701,"오토바이(바이크, 스쿠터)",남성,30대,신혼기(자녀없음),"1,000만원 내외",자영업,경남
115059,20230701,"오토바이(바이크, 스쿠터)",남성,60대 이상,자녀 독립기(막내가 결혼한 상태),500만원 내외,자영업,울산
115064,20230701,전동 스쿠터,남성,60대 이상,자녀 독립기(막내가 결혼한 상태),400만원 내외,무직/기타,충남
115068,20230701,전기 자전거,남성,50대,자녀 성인기(막내가 대학생～결혼 전),800만원 내외,자영업,대구
115072,20230701,전동 킥보드,남성,40대,자녀 성장기(막내가 초등학생～고등학생),500만원 내외,사무직,전북
115081,20230701,"오토바이(바이크, 스쿠터)",남성,60대 이상,자녀 성인기(막내가 대학생～결혼 전),400만원 내외,무직/기타,경북
115083,20230701,전기 자전거,남성,60대 이상,자녀 성인기(막내가 대학생～결혼 전),500만원 내외,전문직,경기
115086,20230701,전동 스쿠터,남성,50대,1인 가구,400만원 내외,기술/숙련직,경기
115100,20230701,"오토바이(바이크, 스쿠터)",여성,30대,1인 가구,200만원 내외,사무직,경기
115106,20230701,전동 킥보드,남성,50대,자녀 성장기(막내가 초등학생～고등학생),500만원 내외,기술/숙련직,서울
115118,20230701,전기 자전거,남성,40대,자녀 성장기(막내가 초등학생～고등학생),"1,100~1,500만원 내외",자영업,경기
115119,20230701,전동 스쿠터,남성,40대,자녀 성장기(막내가 초등학생～고등학생),300만원 내외,판매/서비스직,광주
115127,20230701,전기 자전거,남성,30대,신혼기(자녀없음),700만원 내외,기술/숙련직,인천
115130,20230701,전동 스케이트보드,남성,30대,자녀 유아기(막내가 초등학교 입학 전),"1,100~1,500만원 내외",사무직,부산
115139,20230701,전기 자전거,남성,30대,1인 가구,300만원 내외,무직/기타,경기
115147,20230701,전기 자전거,여성,30대,자녀 성장기(막내가 초등학생～고등학생),900만원 내외,전업주부,서울
115151,20230701,"오토바이(바이크, 스쿠터)",여성,40대,1인 가구,300만원 내외,사무직,서울
115152,20230701,전동 킥보드,남성,40대,자녀 유아기(막내가 초등학교 입학 전),700만원 내외,기술/숙련직,인천
115161,20230701,전기 자전거,남성,20대,1인 가구,300만원 내외,일반 공무원/준공무원,대전
115170,20230701,"오토바이(바이크, 스쿠터)",남성,60대 이상,자녀 성인기(막내가 대학생～결혼 전),300만원 내외,자영업,충남
115182,20230701,전동 킥보드,여성,50대,자녀 성인기(막내가 대학생～결혼 전),"1,000만원 내외",자영업,전남
115190,20230701,전기 자전거,남성,60대 이상,자녀 독립기(막내가 결혼한 상태),500만원 내외,무직/기타,서울
115201,20230701,"오토바이(바이크, 스쿠터)",남성,60대 이상,자녀 성인기(막내가 대학생～결혼 전),"1,000만원 내외",자영업,서울
115215,20230701,전기 자전거,여성,40대,자녀 성인기(막내가 대학생～결혼 전),600만원 내외,자영업,충북
115217,20230701,전기 자전거,여성,20대,자녀 성인기(막내가 대학생～결혼 전),모름,무직/기타,경북
115241,20230701,전동 킥보드,남성,60대 이상,자녀 성인기(막내가 대학생～결혼 전),"1,100~1,500만원 내외",일반 공무원/준공무원,서울
115243,20230701,전기 자전거,여성,50대,자녀 성장기(막내가 초등학생～고등학생),500만원 내외,판매/서비스직,서울
115248,20230701,"오토바이(바이크, 스쿠터)",남성,50대,자녀 독립기(막내가 결혼한 상태),"1,000만원 내외",자영업,인천
115259,20230701,"오토바이(바이크, 스쿠터)",여성,40대,자녀 성장기(막내가 초등학생～고등학생),700만원 내외,사무직,서울
115262,20230701,"오토바이(바이크, 스쿠터)",남성,40대,자녀 성장기(막내가 초등학생～고등학생),600만원 내외,자영업,전남
115267,20230701,전기 자전거,남성,50대,자녀 성장기(막내가 초등학생～고등학생),500만원 내외,무직/기타,서울
115272,20230701,"오토바이(바이크, 스쿠터)",남성,30대,자녀 유아기(막내가 초등학교 입학 전),300만원 내외,사무직,경기
115273,20230701,전동 킥보드,남성,30대,자녀 성장기(막내가 초등학생～고등학생),400만원 내외,기술/숙련직,경남
115287,20230701,전기 자전거,남성,40대,자녀 성장기(막내가 초등학생～고등학생),900만원 내외,자영업,강원
115303,20230701,전기 자전거,남성,40대,자녀 성인기(막내가 대학생～결혼 전),700만원 내외,기술/숙련직,경북
115315,20230701,전기 자전거,남성,60대 이상,자녀 독립기(막내가 결혼한 상태),500만원 내외,무직/기타,대전
115321,20230701,"오토바이(바이크, 스쿠터)",남성,40대,자녀 성장기(막내가 초등학생～고등학생),700만원 내외,사무직,서울
115345,20230701,전동 킥보드,여성,30대,자녀 유아기(막내가 초등학교 입학 전),900만원 내외,자영업,서울
115346,20230701,"오토바이(바이크, 스쿠터)",남성,60대 이상,자녀 독립기(막내가 결혼한 상태),"1,100~1,500만원 내외",자영업,서울
115352,20230701,전동 스쿠터,여성,30대,자녀 유아기(막내가 초등학교 입학 전),400만원 내외,전업주부,경기
115353,20230701,"오토바이(바이크, 스쿠터)",남성,50대,자녀 성인기(막내가 대학생～결혼 전),500만원 내외,자영업,서울
115404,20230701,전기 자전거,남성,30대,신혼기(자녀없음),500만원 내외,기술/숙련직,강원
115413,20230701,전기 자전거,남성,60대 이상,자녀 성인기(막내가 대학생～결혼 전),300만원 내외,무직/기타,대구
115417,20230701,전기 자전거,남성,40대,1인 가구,600만원 내외,판매/서비스직,경기
115432,20230701,"오토바이(바이크, 스쿠터)",남성,30대,자녀 유아기(막내가 초등학교 입학 전),700만원 내외,사무직,서울
115448,20230701,"오토바이(바이크, 스쿠터)",남성,60대 이상,자녀 독립기(막내가 결혼한 상태),300만원 내외,무직/기타,충북
115456,20230701,"오토바이(바이크, 스쿠터)",여성,50대,자녀 성인기(막내가 대학생～결혼 전),500만원 내외,무직/기타,충북
115458,20230701,"오토바이(바이크, 스쿠터)",남성,40대,자녀 성인기(막내가 대학생～결혼 전),500만원 내외,일반 공무원/준공무원,부산
115516,20230701,전기 자전거,남성,40대,자녀 유아기(막내가 초등학교 입학 전),"1,100~1,500만원 내외",자영업,서울
115539,20230701,전동 스쿠터,여성,30대,자녀 성인기(막내가 대학생～결혼 전),500만원 내외,자영업,광주
115555,20230701,전기 자전거,남성,40대,자녀 성장기(막내가 초등학생～고등학생),500만원 내외,경영/관리직,경기
115556,20230701,전기 자전거,남성,30대,신혼기 초과(자녀없음),400만원 내외,일반 공무원/준공무원,경기
115558,20230701,전기 자전거,남성,60대 이상,자녀 성인기(막내가 대학생～결혼 전),800만원 내외,사무직,서울
115566,20230701,전동 킥보드,남성,20대,자녀 성인기(막내가 대학생～결혼 전),500만원 내외,학생,인천
115593,20230701,"오토바이(바이크, 스쿠터)",남성,40대,1인 가구,"1,000만원 내외",전문직,경기
115609,20230701,"오토바이(바이크, 스쿠터)",남성,30대,자녀 성인기(막내가 대학생～결혼 전),500만원 내외,판매/서비스직,서울
115629,20230701,"오토바이(바이크, 스쿠터)",여성,50대,자녀 성인기(막내가 대학생～결혼 전),700만원 내외,무직/기타,경기
115638,20230701,전동 킥보드,남성,40대,1인 가구,400만원 내외,기술/숙련직,경기
115644,20230701,전동 킥보드,남성,40대,자녀 성장기(막내가 초등학생～고등학생),"1,000만원 내외",사무직,서울
115667,20230701,전기 자전거,남성,40대,신혼기 초과(자녀없음),400만원 내외,기술/숙련직,부산
115690,20230701,"오토바이(바이크, 스쿠터)",여성,40대,자녀 성장기(막내가 초등학생～고등학생),700만원 내외,일반 공무원/준공무원,울산
115693,20230701,전동 스쿠터,남성,50대,1인 가구,400만원 내외,무직/기타,서울
115746,20230701,"오토바이(바이크, 스쿠터)",남성,40대,자녀 성장기(막내가 초등학생～고등학생),300만원 내외,기술/숙련직,대구
115754,20230701,전기 자전거,여성,40대,자녀 성장기(막내가 초등학생～고등학생),700만원 내외,사무직,경기
115809,20230701,"오토바이(바이크, 스쿠터)",남성,60대 이상,자녀 독립기(막내가 결혼한 상태),"1,600~2,000만원 내외",무직/기타,경기
115841,20230701,전기 자전거,남성,50대,자녀 성인기(막내가 대학생～결혼 전),500만원 내외,전문직,부산
115843,20230701,"오토바이(바이크, 스쿠터)",여성,40대,자녀 성장기(막내가 초등학생～고등학생),400만원 내외,자영업,경기
115864,20230701,전기 자전거,남성,40대,신혼기 초과(자녀없음),300만원 내외,자영업,강원
115867,20230701,전기 자전거,남성,40대,자녀 성장기(막내가 초등학생～고등학생),400만원 내외,기술/숙련직,부산
115921,20230701,전기 자전거,남성,40대,자녀 성장기(막내가 초등학생～고등학생),400만원 내외,무직/기타,울산
115923,20230701,"오토바이(바이크, 스쿠터)",남성,40대,자녀 성장기(막내가 초등학생～고등학생),700만원 내외,기술/숙련직,인천
115944,20230701,전기 자전거,남성,50대,자녀 성인기(막내가 대학생～결혼 전),"1,000만원 내외",사무직,서울
115971,20230701,전동 킥보드,여성,40대,자녀 성장기(막내가 초등학생～고등학생),300만원 내외,전업주부,서울
115992,20230701,전기 자전거,여성,40대,자녀 성장기(막내가 초등학생～고등학생),600만원 내외,판매/서비스직,대구
116007,20230701,전동 휠,남성,40대,자녀 성인기(막내가 대학생～결혼 전),800만원 내외,무직/기타,경기
116015,20230701,전동 킥보드,남성,30대,1인 가구,400만원 내외,사무직,경북
116031,20230701,전동 휠,여성,50대,자녀 성인기(막내가 대학생～결혼 전),"1,000만원 내외",사무직,경기
116070,20230701,전기 자전거,남성,30대,1인 가구,400만원 내외,전문직,경남
116073,20230701,전동 킥보드,남성,40대,자녀 성장기(막내가 초등학생～고등학생),500만원 내외,기술/숙련직,충남
116089,20230701,"오토바이(바이크, 스쿠터)",남성,40대,자녀 성장기(막내가 초등학생～고등학생),700만원 내외,사무직,서울
116093,20230701,전기 자전거,여성,50대,자녀 성인기(막내가 대학생～결혼 전),500만원 내외,사무직,충북
116102,20230701,"오토바이(바이크, 스쿠터)",남성,40대,1인 가구,300만원 내외,무직/기타,전남
116105,20230701,"오토바이(바이크, 스쿠터)",여성,40대,자녀 성장기(막내가 초등학생～고등학생),700만원 내외,기술/숙련직,전북
116118,20230701,"오토바이(바이크, 스쿠터)",남성,60대 이상,자녀 독립기(막내가 결혼한 상태),500만원 내외,기술/숙련직,대전
116125,20230701,전기 자전거,남성,50대,자녀 성인기(막내가 대학생～결혼 전),600만원 내외,기술/숙련직,대구
116190,20230701,"오토바이(바이크, 스쿠터)",여성,60대 이상,자녀 성인기(막내가 대학생～결혼 전),800만원 내외,사무직,서울
116204,20230701,전동 킥보드,여성,30대,자녀 유아기(막내가 초등학교 입학 전),700만원 내외,사무직,대전
116210,20230701,전동 킥보드,남성,30대,1인 가구,400만원 내외,사무직,서울
116215,20230701,"오토바이(바이크, 스쿠터)",여성,50대,자녀 성인기(막내가 대학생～결혼 전),"1,000만원 내외",자영업,서울
116224,20230701,전동 킥보드,여성,50대,자녀 성인기(막내가 대학생～결혼 전),500만원 내외,전업주부,충남
116226,20230701,전동 킥보드,여성,30대,자녀 유아기(막내가 초등학교 입학 전),700만원 내외,전문직,충북
116246,20230701,"오토바이(바이크, 스쿠터)",여성,30대,신혼기(자녀없음),500만원 내외,사무직,강원
116255,20230701,"오토바이(바이크, 스쿠터)",남성,40대,1인 가구,300만원 내외,기술/숙련직,부산
116275,20230701,"오토바이(바이크, 스쿠터)",남성,40대,자녀 성장기(막내가 초등학생～고등학생),400만원 내외,일반 공무원/준공무원,경북
116287,20230701,"오토바이(바이크, 스쿠터)",남성,40대,자녀 유아기(막내가 초등학교 입학 전),400만원 내외,기술/숙련직,울산
116295,20230701,전기 자전거,남성,40대,자녀 유아기(막내가 초등학교 입학 전),400만원 내외,전문직,충북
116299,20230701,전기 자전거,남성,50대,자녀 성인기(막내가 대학생～결혼 전),"1,000만원 내외",전문직,광주
116301,20230701,전동 킥보드,남성,50대,1인 가구,600만원 내외,경영/관리직,경기
116307,20230701,전기 자전거,남성,30대,자녀 유아기(막내가 초등학교 입학 전),500만원 내외,기술/숙련직,충남
116329,20230701,전기 자전거,남성,60대 이상,자녀 독립기(막내가 결혼한 상태),600만원 내외,기술/숙련직,경기
116357,20230701,전동 스케이트보드,남성,50대,1인 가구,500만원 내외,일반 공무원/준공무원,경기
116372,20230701,"오토바이(바이크, 스쿠터)",남성,40대,자녀 유아기(막내가 초등학교 입학 전),"2,100만원 이상",전문직,경기
116427,20230701,전기 자전거,남성,30대,자녀 유아기(막내가 초등학교 입학 전),500만원 내외,사무직,경기
116456,20230701,전기 자전거,남성,40대,1인 가구,200만원 내외,기술/숙련직,부산
116480,20230701,전동 킥보드,여성,40대,자녀 성장기(막내가 초등학생～고등학생),"1,100~1,500만원 내외",자영업,경남
116491,20230701,"오토바이(바이크, 스쿠터)",남성,50대,자녀 성장기(막내가 초등학생～고등학생),500만원 내외,자영업,대구
116510,20230701,전동 킥보드,남성,40대,자녀 성장기(막내가 초등학생～고등학생),"1,000만원 내외",전문직,경북
116517,20230701,"오토바이(바이크, 스쿠터)",남성,30대,1인 가구,모름,무직/기타,대전
116518,20230701,전기 자전거,남성,50대,자녀 성장기(막내가 초등학생～고등학생),500만원 내외,사무직,경기
116537,20230701,전동 킥보드,여성,50대,자녀 성인기(막내가 대학생～결혼 전),300만원 내외,전업주부,경기
116541,20230701,전동 스쿠터,남성,20대,1인 가구,모름,기술/숙련직,서울
116553,20230701,"오토바이(바이크, 스쿠터)",남성,60대 이상,자녀 성인기(막내가 대학생～결혼 전),500만원 내외,자영업,경기
116581,20230701,"오토바이(바이크, 스쿠터)",여성,30대,자녀 유아기(막내가 초등학교 입학 전),700만원 내외,사무직,경기
116585,20230701,"오토바이(바이크, 스쿠터)",남성,30대,자녀 성인기(막내가 대학생～결혼 전),300만원 내외,판매/서비스직,서울
116598,20230701,전기 자전거,남성,60대 이상,자녀 성인기(막내가 대학생～결혼 전),500만원 내외,경영/관리직,경기
116609,20230701,"오토바이(바이크, 스쿠터)",여성,50대,자녀 성인기(막내가 대학생～결혼 전),200만원 내외,판매/서비스직,인천
116613,20230701,"오토바이(바이크, 스쿠터)",남성,40대,자녀 유아기(막내가 초등학교 입학 전),500만원 내외,일반 공무원/준공무원,경남
116620,20230701,전동 휠,여성,30대,자녀 유아기(막내가 초등학교 입학 전),500만원 내외,사무직,경기
116649,20230701,전기 자전거,여성,30대,자녀 성장기(막내가 초등학생～고등학생),400만원 내외,자영업,충북
116682,20230701,전동 스케이트보드,여성,30대,자녀 유아기(막내가 초등학교 입학 전),200만원 내외,판매/서비스직,경남
116685,20230701,전동 킥보드,남성,40대,자녀 유아기(막내가 초등학교 입학 전),500만원 내외,기술/숙련직,울산
116692,20230701,"오토바이(바이크, 스쿠터)",남성,40대,자녀 성장기(막내가 초등학생～고등학생),300만원 내외,전문직,울산
116697,20230701,전동 킥보드,남성,40대,자녀 성장기(막내가 초등학생～고등학생),500만원 내외,일반 공무원/준공무원,경기
116710,20230701,"오토바이(바이크, 스쿠터)",남성,40대,자녀 성장기(막내가 초등학생～고등학생),800만원 내외,자영업,경기
116719,20230701,전동 휠,남성,40대,자녀 성장기(막내가 초등학생～고등학생),400만원 내외,기술/숙련직,경남
116729,20230701,"오토바이(바이크, 스쿠터)",남성,60대 이상,자녀 독립기(막내가 결혼한 상태),500만원 내외,사무직,서울
116751,20230701,"오토바이(바이크, 스쿠터)",여성,50대,자녀 성인기(막내가 대학생～결혼 전),600만원 내외,무직/기타,부산
116768,20230701,"오토바이(바이크, 스쿠터)",남성,60대 이상,자녀 성인기(막내가 대학생～결혼 전),"1,100~1,500만원 내외",자영업,부산
116786,20230701,"오토바이(바이크, 스쿠터)",남성,40대,자녀 성장기(막내가 초등학생～고등학생),900만원 내외,판매/서비스직,서울
116795,20230701,전동 킥보드,남성,20대,자녀 성인기(막내가 대학생～결혼 전),300만원 내외,학생,인천
116803,20230701,전동 킥보드,남성,60대 이상,자녀 독립기(막내가 결혼한 상태),"2,100만원 이상",전문직,서울
116811,20230701,"오토바이(바이크, 스쿠터)",남성,60대 이상,자녀 성인기(막내가 대학생～결혼 전),"1,000만원 내외",무직/기타,강원
116815,20230701,전기 자전거,남성,40대,1인 가구,400만원 내외,기술/숙련직,경기
116818,20230701,"오토바이(바이크, 스쿠터)",남성,30대,자녀 성장기(막내가 초등학생～고등학생),400만원 내외,일반 공무원/준공무원,대전
116820,20230701,전동 스케이트보드,남성,40대,신혼기 초과(자녀없음),500만원 내외,판매/서비스직,경기
116849,20230701,전기 자전거,여성,40대,신혼기(자녀없음),700만원 내외,일반 공무원/준공무원,경기
116863,20230701,"오토바이(바이크, 스쿠터)",여성,50대,자녀 성인기(막내가 대학생～결혼 전),800만원 내외,사무직,대전
116877,20230701,전동 킥보드,남성,40대,자녀 성장기(막내가 초등학생～고등학생),600만원 내외,사무직,대구
116880,20230701,전동 킥보드,여성,30대,자녀 독립기(막내가 결혼한 상태),"2,100만원 이상",기술/숙련직,경기
116881,20230701,전동 킥보드,여성,30대,1인 가구,"1,000만원 내외",사무직,대전
116884,20230701,전동 킥보드,여성,30대,자녀 유아기(막내가 초등학교 입학 전),500만원 내외,일반 공무원/준공무원,대전
116909,20230701,"오토바이(바이크, 스쿠터)",남성,30대,자녀 독립기(막내가 결혼한 상태),800만원 내외,자영업,부산
116918,20230701,전기 자전거,남성,40대,자녀 성장기(막내가 초등학생～고등학생),400만원 내외,기술/숙련직,충북
116968,20230701,"오토바이(바이크, 스쿠터)",남성,50대,자녀 독립기(막내가 결혼한 상태),600만원 내외,기술/숙련직,경남
116978,20230701,전기 자전거,남성,50대,자녀 독립기(막내가 결혼한 상태),600만원 내외,일반 공무원/준공무원,충남
116979,20230701,전기 자전거,여성,40대,자녀 성장기(막내가 초등학생～고등학생),"1,100~1,500만원 내외",일반 공무원/준공무원,서울
116998,20230701,전기 자전거,여성,60대 이상,자녀 성인기(막내가 대학생～결혼 전),900만원 내외,무직/기타,서울
117017,20230701,"오토바이(바이크, 스쿠터)",남성,40대,1인 가구,200만원 내외,무직/기타,부산
117027,20230701,전기 자전거,남성,60대 이상,자녀 독립기(막내가 결혼한 상태),400만원 내외,무직/기타,경기
117033,20230701,전기 자전거,여성,50대,자녀 독립기(막내가 결혼한 상태),400만원 내외,전업주부,부산
117049,20230701,전동 킥보드,남성,40대,자녀 성장기(막내가 초등학생～고등학생),"1,000만원 내외",일반 공무원/준공무원,제주
117050,20230701,"오토바이(바이크, 스쿠터)",여성,40대,1인 가구,300만원 내외,사무직,서울
117078,20230701,전기 자전거,남성,40대,자녀 성장기(막내가 초등학생～고등학생),500만원 내외,일반 공무원/준공무원,대전
117104,20230701,전기 자전거,남성,30대,1인 가구,"1,100~1,500만원 내외",기술/숙련직,세종
117107,20230701,전동 킥보드,남성,40대,신혼기 초과(자녀없음),600만원 내외,사무직,전남
117110,20230701,전동 킥보드,여성,40대,자녀 성장기(막내가 초등학생～고등학생),500만원 내외,일반 공무원/준공무원,경기
117117,20230701,전기 자전거,여성,50대,자녀 성인기(막내가 대학생～결혼 전),200만원 내외,기술/숙련직,경기
117124,20230701,전동 휠,남성,40대,1인 가구,500만원 내외,기술/숙련직,경기
117132,20230701,전동 스쿠터,남성,50대,1인 가구,300만원 내외,무직/기타,서울
117145,20230701,"오토바이(바이크, 스쿠터)",여성,50대,1인 가구,700만원 내외,기술/숙련직,서울
117156,20230701,전동 킥보드,여성,30대,자녀 유아기(막내가 초등학교 입학 전),800만원 내외,사무직,경기
117180,20230701,"오토바이(바이크, 스쿠터)",여성,60대 이상,자녀 성인기(막내가 대학생～결혼 전),200만원 내외,무직/기타,경남
117208,20230701,"오토바이(바이크, 스쿠터)",남성,40대,자녀 독립기(막내가 결혼한 상태),400만원 내외,판매/서비스직,경기
117211,20230701,"오토바이(바이크, 스쿠터)",남성,60대 이상,자녀 독립기(막내가 결혼한 상태),400만원 내외,전문직,경기
117230,20230701,"오토바이(바이크, 스쿠터)",남성,30대,자녀 성인기(막내가 대학생～결혼 전),"1,100~1,500만원 내외",사무직,경기
117265,20230701,전기 자전거,남성,40대,자녀 독립기(막내가 결혼한 상태),400만원 내외,자영업,서울
117287,20230701,전기 자전거,남성,40대,자녀 유아기(막내가 초등학교 입학 전),"1,100~1,500만원 내외",경영/관리직,경기
117289,20230701,전동 킥보드,남성,40대,자녀 성인기(막내가 대학생～결혼 전),500만원 내외,기술/숙련직,울산
117294,20230701,전기 자전거,여성,40대,자녀 성장기(막내가 초등학생～고등학생),"1,000만원 내외",기술/숙련직,서울
117302,20230701,전기 자전거,남성,30대,자녀 성인기(막내가 대학생～결혼 전),600만원 내외,사무직,경기
117309,20230701,"오토바이(바이크, 스쿠터)",남성,30대,자녀 유아기(막내가 초등학교 입학 전),"1,000만원 내외",자영업,대전
117315,20230701,전동 스쿠터,남성,50대,자녀 성장기(막내가 초등학생～고등학생),400만원 내외,무직/기타,제주
117326,20230701,전기 자전거,남성,40대,자녀 유아기(막내가 초등학교 입학 전),800만원 내외,일반 공무원/준공무원,광주
117330,20230701,"오토바이(바이크, 스쿠터)",여성,40대,신혼기 초과(자녀없음),700만원 내외,자영업,경기
117331,20230701,전동 스케이트보드,남성,60대 이상,자녀 유아기(막내가 초등학교 입학 전),600만원 내외,일반 공무원/준공무원,전북
117340,20230701,전동 스케이트보드,남성,40대,1인 가구,300만원 내외,사무직,부산
117368,20230701,전기 자전거,남성,60대 이상,자녀 성인기(막내가 대학생～결혼 전),700만원 내외,판매/서비스직,경기
117402,20230701,전동 휠,여성,50대,자녀 성인기(막내가 대학생～결혼 전),500만원 내외,기술/숙련직,경기
117412,20230701,전기 자전거,여성,40대,자녀 성장기(막내가 초등학생～고등학생),"1,000만원 내외",전업주부,서울
117420,20230701,"오토바이(바이크, 스쿠터)",남성,40대,1인 가구,300만원 내외,사무직,부산
117426,20230701,전동 스쿠터,여성,50대,자녀 성장기(막내가 초등학생～고등학생),600만원 내외,전업주부,서울
117436,20230701,전기 자전거,여성,20대,1인 가구,300만원 내외,무직/기타,서울
117440,20230701,전기 자전거,여성,20대,자녀 성장기(막내가 초등학생～고등학생),400만원 내외,학생,서울
117445,20230701,전기 자전거,여성,50대,자녀 성인기(막내가 대학생～결혼 전),600만원 내외,자영업,서울
117453,20230701,전기 자전거,여성,60대 이상,자녀 독립기(막내가 결혼한 상태),600만원 내외,자영업,경기
117454,20230701,전동 킥보드,여성,40대,1인 가구,600만원 내외,사무직,경기
117502,20230701,전동 킥보드,여성,50대,자녀 성장기(막내가 초등학생～고등학생),"1,000만원 내외",일반 공무원/준공무원,서울
117504,20230701,"오토바이(바이크, 스쿠터)",남성,60대 이상,자녀 독립기(막내가 결혼한 상태),"1,000만원 내외",무직/기타,서울
117519,20230701,"오토바이(바이크, 스쿠터)",남성,50대,자녀 성장기(막내가 초등학생～고등학생),600만원 내외,사무직,대구
117531,20230701,전동 킥보드,남성,40대,자녀 성장기(막내가 초등학생～고등학생),900만원 내외,일반 공무원/준공무원,대전
117547,20230701,"오토바이(바이크, 스쿠터)",남성,40대,1인 가구,200만원 내외,기술/숙련직,경기
117549,20230701,전동 킥보드,여성,50대,자녀 성인기(막내가 대학생～결혼 전),500만원 내외,전업주부,경기
117555,20230701,전동 휠,남성,60대 이상,자녀 성인기(막내가 대학생～결혼 전),300만원 내외,자영업,부산
117574,20230701,전동 스쿠터,남성,40대,자녀 유아기(막내가 초등학교 입학 전),"1,600~2,000만원 내외",전문직,서울
117586,20230701,"오토바이(바이크, 스쿠터)",여성,40대,신혼기 초과(자녀없음),700만원 내외,기술/숙련직,서울
117590,20230701,"오토바이(바이크, 스쿠터)",남성,50대,자녀 성장기(막내가 초등학생～고등학생),300만원 내외,기술/숙련직,전북
117602,20230701,전기 자전거,여성,50대,1인 가구,500만원 내외,기술/숙련직,서울
117607,20230701,전동 킥보드,여성,50대,자녀 성장기(막내가 초등학생～고등학생),500만원 내외,무직/기타,인천
117618,20230701,전동 스케이트보드,남성,30대,1인 가구,300만원 내외,기술/숙련직,서울
117621,20230701,전동 킥보드,여성,50대,자녀 성인기(막내가 대학생～결혼 전),"1,000만원 내외",전업주부,대전
117626,20230701,전동 스쿠터,남성,50대,자녀 독립기(막내가 결혼한 상태),"1,100~1,500만원 내외",자영업,충남
117653,20230701,전기 자전거,남성,40대,자녀 성장기(막내가 초등학생～고등학생),"1,100~1,500만원 내외",경영/관리직,대전
117654,20230701,"오토바이(바이크, 스쿠터)",남성,50대,자녀 성인기(막내가 대학생～결혼 전),800만원 내외,자영업,인천
117664,20230701,전동 스케이트보드,남성,20대,자녀 성인기(막내가 대학생～결혼 전),300만원 내외,일반 공무원/준공무원,충북
117669,20230701,전기 자전거,여성,30대,자녀 성인기(막내가 대학생～결혼 전),300만원 내외,기술/숙련직,대구
117679,20230701,전동 휠,남성,50대,자녀 성장기(막내가 초등학생～고등학생),600만원 내외,사무직,서울
117681,20230701,"오토바이(바이크, 스쿠터)",남성,60대 이상,자녀 성인기(막내가 대학생～결혼 전),400만원 내외,사무직,광주
117683,20230701,"오토바이(바이크, 스쿠터)",여성,40대,자녀 성장기(막내가 초등학생～고등학생),"1,600~2,000만원 내외",자영업,서울
117702,20230701,"오토바이(바이크, 스쿠터)",남성,40대,자녀 성장기(막내가 초등학생～고등학생),"1,600~2,000만원 내외",기술/숙련직,울산
117722,20230701,전동 킥보드,남성,30대,자녀 성인기(막내가 대학생～결혼 전),"1,100~1,500만원 내외",무직/기타,경기
117725,20230701,전동 킥보드,남성,20대,1인 가구,300만원 내외,사무직,충북
117733,20230701,"오토바이(바이크, 스쿠터)",남성,50대,자녀 성장기(막내가 초등학생～고등학생),"1,000만원 내외",자영업,부산
117747,20230701,전동 킥보드,남성,50대,자녀 성인기(막내가 대학생～결혼 전),900만원 내외,사무직,인천
117766,20230701,전기 자전거,남성,40대,1인 가구,"1,000만원 내외",판매/서비스직,경기
117770,20230701,"오토바이(바이크, 스쿠터)",여성,50대,자녀 성장기(막내가 초등학생～고등학생),300만원 내외,무직/기타,세종
117771,20230701,전기 자전거,남성,50대,자녀 성인기(막내가 대학생～결혼 전),900만원 내외,전문직,서울
117791,20230701,전기 자전거,남성,40대,자녀 성장기(막내가 초등학생～고등학생),700만원 내외,일반 공무원/준공무원,전남
117814,20230701,"오토바이(바이크, 스쿠터)",여성,40대,1인 가구,700만원 내외,사무직,서울
117828,20230701,"오토바이(바이크, 스쿠터)",여성,50대,자녀 성인기(막내가 대학생～결혼 전),400만원 내외,전업주부,울산
117847,20230701,전동 킥보드,남성,40대,자녀 유아기(막내가 초등학교 입학 전),"1,100~1,500만원 내외",전문직,경기
117859,20230701,전기 자전거,남성,60대 이상,자녀 독립기(막내가 결혼한 상태),800만원 내외,무직/기타,경북
117862,20230701,전기 자전거,남성,30대,신혼기 초과(자녀없음),800만원 내외,전문직,서울
117866,20230701,전기 자전거,남성,30대,1인 가구,500만원 내외,자영업,경기
117879,20230701,전동 킥보드,여성,40대,자녀 성장기(막내가 초등학생～고등학생),500만원 내외,전문직,경기
117880,20230701,전동 킥보드,여성,30대,신혼기(자녀없음),300만원 내외,사무직,충남
117898,20230701,"오토바이(바이크, 스쿠터)",여성,50대,자녀 성인기(막내가 대학생～결혼 전),500만원 내외,판매/서비스직,대구
117905,20230701,전동 킥보드,남성,40대,자녀 성장기(막내가 초등학생～고등학생),400만원 내외,기술/숙련직,인천
117948,20230701,전동 킥보드,여성,30대,자녀 유아기(막내가 초등학교 입학 전),600만원 내외,전업주부,경남
117961,20230701,"오토바이(바이크, 스쿠터)",남성,60대 이상,1인 가구,"2,100만원 이상",전문직,인천
117992,20230701,"오토바이(바이크, 스쿠터)",남성,60대 이상,자녀 성인기(막내가 대학생～결혼 전),800만원 내외,판매/서비스직,서울
117994,20230701,전동 킥보드,여성,40대,자녀 유아기(막내가 초등학교 입학 전),500만원 내외,자영업,광주
118006,20230701,전동 킥보드,남성,50대,자녀 성장기(막내가 초등학생～고등학생),300만원 내외,기술/숙련직,경기
118032,20230701,"오토바이(바이크, 스쿠터)",남성,60대 이상,자녀 독립기(막내가 결혼한 상태),300만원 내외,무직/기타,강원
118043,20230701,전동 킥보드,남성,60대 이상,자녀 성인기(막내가 대학생～결혼 전),"1,000만원 내외",기술/숙련직,경기
118046,20230701,전동 킥보드,남성,50대,자녀 성인기(막내가 대학생～결혼 전),900만원 내외,경영/관리직,서울
118048,20230701,"오토바이(바이크, 스쿠터)",남성,40대,자녀 성인기(막내가 대학생～결혼 전),500만원 내외,기술/숙련직,울산
118053,20230701,전기 자전거,남성,30대,자녀 유아기(막내가 초등학교 입학 전),500만원 내외,일반 공무원/준공무원,광주
118055,20230701,전동 스케이트보드,남성,50대,자녀 유아기(막내가 초등학교 입학 전),500만원 내외,사무직,대전
118056,20230701,"오토바이(바이크, 스쿠터)",남성,50대,자녀 성인기(막내가 대학생～결혼 전),800만원 내외,무직/기타,경기
118085,20230701,전기 자전거,여성,50대,자녀 성인기(막내가 대학생～결혼 전),700만원 내외,사무직,경기
118095,20230701,전동 킥보드,남성,50대,자녀 성인기(막내가 대학생～결혼 전),"1,000만원 내외",일반 공무원/준공무원,경기
118116,20230701,전동 킥보드,남성,40대,1인 가구,500만원 내외,기술/숙련직,광주
118127,20230701,전기 자전거,남성,40대,1인 가구,600만원 내외,기술/숙련직,경기
118143,20230701,전기 자전거,남성,50대,자녀 성인기(막내가 대학생～결혼 전),"1,100~1,500만원 내외",경영/관리직,충북
118159,20230701,"오토바이(바이크, 스쿠터)",남성,40대,1인 가구,700만원 내외,기술/숙련직,대구
118168,20230701,"오토바이(바이크, 스쿠터)",여성,40대,자녀 성장기(막내가 초등학생～고등학생),600만원 내외,무직/기타,경남
118173,20230701,전기 자전거,남성,50대,자녀 성장기(막내가 초등학생～고등학생),600만원 내외,기술/숙련직,충북
118175,20230701,전기 자전거,남성,60대 이상,자녀 독립기(막내가 결혼한 상태),900만원 내외,자영업,서울
118176,20230701,"오토바이(바이크, 스쿠터)",남성,40대,1인 가구,500만원 내외,무직/기타,부산
118186,20230701,전기 자전거,남성,60대 이상,자녀 독립기(막내가 결혼한 상태),300만원 내외,무직/기타,경기
118202,20230701,전기 자전거,여성,40대,자녀 유아기(막내가 초등학교 입학 전),"1,000만원 내외",기술/숙련직,경남
118226,20230701,"오토바이(바이크, 스쿠터)",남성,50대,1인 가구,300만원 내외,무직/기타,충남
118232,20230701,전기 자전거,여성,30대,자녀 성인기(막내가 대학생～결혼 전),"1,000만원 내외",전문직,서울
118245,20230701,"오토바이(바이크, 스쿠터)",여성,50대,자녀 독립기(막내가 결혼한 상태),400만원 내외,판매/서비스직,서울
118251,20230701,전동 킥보드,여성,30대,자녀 유아기(막내가 초등학교 입학 전),600만원 내외,자영업,경기
118261,20230701,전동 스케이트보드,남성,40대,자녀 성장기(막내가 초등학생～고등학생),400만원 내외,일반 공무원/준공무원,대전
118286,20230701,"오토바이(바이크, 스쿠터)",여성,40대,자녀 유아기(막내가 초등학교 입학 전),700만원 내외,전업주부,경기
118320,20230701,전동 킥보드,남성,40대,자녀 성장기(막내가 초등학생～고등학생),"1,100~1,500만원 내외",경영/관리직,서울
118324,20230701,전기 자전거,남성,40대,자녀 유아기(막내가 초등학교 입학 전),500만원 내외,기술/숙련직,울산
118338,20230701,전기 자전거,남성,40대,자녀 유아기(막내가 초등학교 입학 전),600만원 내외,사무직,서울
118355,20230701,전기 자전거,남성,20대,자녀 성인기(막내가 대학생～결혼 전),"1,100~1,500만원 내외",사무직,경기
118362,20230701,"오토바이(바이크, 스쿠터)",남성,50대,신혼기 초과(자녀없음),300만원 내외,사무직,인천
118372,20230701,"오토바이(바이크, 스쿠터)",남성,60대 이상,자녀 독립기(막내가 결혼한 상태),200만원 내외,기술/숙련직,전남
118375,20230701,전기 자전거,여성,50대,자녀 성인기(막내가 대학생～결혼 전),800만원 내외,자영업,서울
118382,20230701,전기 자전거,여성,30대,자녀 유아기(막내가 초등학교 입학 전),400만원 내외,사무직,경기
118392,20230701,전기 자전거,여성,60대 이상,자녀 성인기(막내가 대학생～결혼 전),500만원 내외,전업주부,경북
118425,20230701,"오토바이(바이크, 스쿠터)",남성,50대,자녀 성인기(막내가 대학생～결혼 전),"1,100~1,500만원 내외",자영업,경기
118430,20230701,전기 자전거,남성,40대,자녀 유아기(막내가 초등학교 입학 전),500만원 내외,기술/숙련직,서울
118453,20230701,전동 스쿠터,여성,50대,자녀 성인기(막내가 대학생～결혼 전),800만원 내외,기술/숙련직,경남
118464,20230701,전동 킥보드,남성,40대,자녀 성장기(막내가 초등학생～고등학생),500만원 내외,기술/숙련직,서울
118470,20230701,전동 스쿠터,남성,60대 이상,자녀 독립기(막내가 결혼한 상태),500만원 내외,무직/기타,울산
118479,20230701,"오토바이(바이크, 스쿠터)",남성,60대 이상,자녀 성인기(막내가 대학생～결혼 전),400만원 내외,무직/기타,전북
118497,20230701,전동 킥보드,남성,50대,자녀 성인기(막내가 대학생～결혼 전),600만원 내외,자영업,경북
118500,20230701,전동 킥보드,남성,60대 이상,1인 가구,200만원 내외,기술/숙련직,대전
118515,20230701,"오토바이(바이크, 스쿠터)",남성,40대,자녀 성장기(막내가 초등학생～고등학생),500만원 내외,사무직,충북
118516,20230701,전기 자전거,남성,40대,자녀 성장기(막내가 초등학생～고등학생),600만원 내외,일반 공무원/준공무원,충남
118520,20230701,전동 킥보드,남성,50대,자녀 성장기(막내가 초등학생～고등학생),"1,000만원 내외",전문직,대전
118528,20230701,전기 자전거,남성,30대,자녀 성장기(막내가 초등학생～고등학생),600만원 내외,기술/숙련직,울산
118544,20230701,"오토바이(바이크, 스쿠터)",남성,40대,신혼기 초과(자녀없음),300만원 내외,자영업,서울
118547,20230701,"오토바이(바이크, 스쿠터)",여성,40대,자녀 성장기(막내가 초등학생～고등학생),800만원 내외,일반 공무원/준공무원,울산
118582,20230701,"오토바이(바이크, 스쿠터)",남성,40대,자녀 유아기(막내가 초등학교 입학 전),600만원 내외,일반 공무원/준공무원,경기
118603,20230701,"오토바이(바이크, 스쿠터)",남성,50대,자녀 성인기(막내가 대학생～결혼 전),700만원 내외,사무직,경기
118626,20230701,전동 스케이트보드,여성,30대,자녀 유아기(막내가 초등학교 입학 전),300만원 내외,기술/숙련직,대구
118631,20230701,전기 자전거,여성,40대,자녀 유아기(막내가 초등학교 입학 전),600만원 내외,사무직,경기
118658,20230701,전동 휠,남성,40대,자녀 성장기(막내가 초등학생～고등학생),"1,100~1,500만원 내외",판매/서비스직,경기
118664,20230701,"오토바이(바이크, 스쿠터)",남성,60대 이상,자녀 독립기(막내가 결혼한 상태),600만원 내외,기술/숙련직,충남
118672,20230701,전기 자전거,여성,30대,자녀 성장기(막내가 초등학생～고등학생),500만원 내외,무직/기타,서울
118681,20230701,전동 킥보드,여성,60대 이상,자녀 유아기(막내가 초등학교 입학 전),200만원 내외,경영/관리직,경기
118706,20230701,"오토바이(바이크, 스쿠터)",남성,50대,1인 가구,300만원 내외,자영업,서울
118712,20230701,"오토바이(바이크, 스쿠터)",남성,50대,자녀 성장기(막내가 초등학생～고등학생),600만원 내외,경영/관리직,세종
118717,20230701,전동 킥보드,여성,50대,자녀 성장기(막내가 초등학생～고등학생),500만원 내외,전업주부,서울
118722,20230701,전기 자전거,남성,30대,자녀 성인기(막내가 대학생～결혼 전),모름,자영업,인천
118726,20230701,전기 자전거,남성,60대 이상,자녀 성인기(막내가 대학생～결혼 전),"1,100~1,500만원 내외",자영업,경남
118730,20230701,전기 자전거,남성,50대,자녀 성인기(막내가 대학생～결혼 전),"1,000만원 내외",사무직,경기
118732,20230701,"오토바이(바이크, 스쿠터)",여성,40대,자녀 성장기(막내가 초등학생～고등학생),400만원 내외,자영업,부산
118746,20230701,전동 휠,남성,60대 이상,1인 가구,300만원 내외,자영업,경기
118763,20230701,전동 킥보드,남성,50대,자녀 성인기(막내가 대학생～결혼 전),100만원 이하,기술/숙련직,경남
118779,20230701,전기 자전거,남성,50대,자녀 성장기(막내가 초등학생～고등학생),600만원 내외,무직/기타,서울
118782,20230701,전동 킥보드,여성,50대,자녀 성인기(막내가 대학생～결혼 전),"1,000만원 내외",무직/기타,경기
118805,20230701,"오토바이(바이크, 스쿠터)",여성,50대,자녀 성인기(막내가 대학생～결혼 전),700만원 내외,자영업,인천
118816,20230701,전기 자전거,여성,20대,자녀 성인기(막내가 대학생～결혼 전),900만원 내외,일반 공무원/준공무원,서울
118820,20230701,전기 자전거,남성,50대,자녀 성장기(막내가 초등학생～고등학생),700만원 내외,전문직,경북
118847,20230701,전동 킥보드,여성,40대,신혼기(자녀없음),300만원 내외,무직/기타,서울
118849,20230701,"오토바이(바이크, 스쿠터)",남성,50대,1인 가구,400만원 내외,판매/서비스직,서울
118870,20230701,전동 킥보드,남성,50대,신혼기 초과(자녀없음),500만원 내외,일반 공무원/준공무원,세종
118877,20230701,"오토바이(바이크, 스쿠터)",남성,50대,1인 가구,300만원 내외,판매/서비스직,경남
118886,20230701,전기 자전거,남성,60대 이상,자녀 독립기(막내가 결혼한 상태),400만원 내외,사무직,인천
118901,20230701,"오토바이(바이크, 스쿠터)",남성,40대,신혼기(자녀없음),300만원 내외,기술/숙련직,서울
118913,20230701,"오토바이(바이크, 스쿠터)",남성,50대,1인 가구,300만원 내외,무직/기타,서울
118917,20230701,전기 자전거,여성,50대,자녀 성인기(막내가 대학생～결혼 전),"1,000만원 내외",일반 공무원/준공무원,대전
118922,20230701,전기 자전거,남성,50대,신혼기(자녀없음),"1,000만원 내외",일반 공무원/준공무원,서울
118924,20230701,"오토바이(바이크, 스쿠터)",남성,40대,자녀 성장기(막내가 초등학생～고등학생),500만원 내외,기술/숙련직,광주
118927,20230701,전동 킥보드,남성,40대,신혼기 초과(자녀없음),800만원 내외,사무직,서울
118932,20230701,전기 자전거,남성,60대 이상,자녀 성인기(막내가 대학생～결혼 전),700만원 내외,무직/기타,경북
118940,20230701,전동 킥보드,남성,50대,자녀 성인기(막내가 대학생～결혼 전),"1,100~1,500만원 내외",자영업,대구
118943,20230701,전기 자전거,남성,40대,1인 가구,400만원 내외,사무직,경기
118952,20230701,"오토바이(바이크, 스쿠터)",남성,50대,자녀 독립기(막내가 결혼한 상태),"2,100만원 이상",자영업,경기
118984,20230701,"오토바이(바이크, 스쿠터)",남성,40대,자녀 성인기(막내가 대학생～결혼 전),600만원 내외,기술/숙련직,충북
118994,20230701,"오토바이(바이크, 스쿠터)",여성,30대,1인 가구,400만원 내외,일반 공무원/준공무원,경남
119001,20230701,전동 킥보드,남성,60대 이상,자녀 성인기(막내가 대학생～결혼 전),600만원 내외,무직/기타,인천
119011,20230701,전기 자전거,남성,30대,자녀 독립기(막내가 결혼한 상태),"1,100~1,500만원 내외",사무직,서울
119015,20230701,전동 휠,남성,50대,자녀 성인기(막내가 대학생～결혼 전),500만원 내외,자영업,경북
119020,20230701,"오토바이(바이크, 스쿠터)",남성,60대 이상,자녀 성인기(막내가 대학생～결혼 전),900만원 내외,기술/숙련직,경남
119025,20230701,전기 자전거,여성,50대,자녀 성인기(막내가 대학생～결혼 전),500만원 내외,기술/숙련직,전남
119037,20230701,전기 자전거,남성,60대 이상,자녀 성인기(막내가 대학생～결혼 전),800만원 내외,자영업,서울
119055,20230701,"오토바이(바이크, 스쿠터)",남성,50대,자녀 성장기(막내가 초등학생～고등학생),600만원 내외,사무직,강원
119061,20230701,전동 킥보드,여성,50대,자녀 성장기(막내가 초등학생～고등학생),"1,100~1,500만원 내외",자영업,충북
119067,20230701,"오토바이(바이크, 스쿠터)",남성,60대 이상,자녀 독립기(막내가 결혼한 상태),500만원 내외,기술/숙련직,강원
119103,20230701,전기 자전거,여성,30대,1인 가구,"2,100만원 이상",자영업,경북
119111,20230701,전기 자전거,남성,30대,자녀 유아기(막내가 초등학교 입학 전),500만원 내외,일반 공무원/준공무원,제주
119118,20230701,"오토바이(바이크, 스쿠터)",남성,30대,자녀 유아기(막내가 초등학교 입학 전),400만원 내외,기술/숙련직,울산
119154,20230701,전기 자전거,여성,20대,신혼기 초과(자녀없음),800만원 내외,사무직,경기
119169,20230701,"오토바이(바이크, 스쿠터)",여성,40대,자녀 유아기(막내가 초등학교 입학 전),200만원 내외,기술/숙련직,광주
119183,20230701,전동 킥보드,남성,30대,신혼기(자녀없음),700만원 내외,사무직,충남
119189,20230701,전동 킥보드,남성,60대 이상,자녀 성장기(막내가 초등학생～고등학생),300만원 내외,기술/숙련직,경기
119202,20230701,전동 킥보드,남성,40대,신혼기(자녀없음),"1,000만원 내외",자영업,경기
119216,20230701,"오토바이(바이크, 스쿠터)",남성,60대 이상,자녀 성인기(막내가 대학생～결혼 전),400만원 내외,자영업,충남
119252,20230701,전기 자전거,남성,50대,자녀 성장기(막내가 초등학생～고등학생),"1,000만원 내외",자영업,서울
119263,20230701,"오토바이(바이크, 스쿠터)",남성,60대 이상,자녀 성인기(막내가 대학생～결혼 전),"1,100~1,500만원 내외",판매/서비스직,경남
119285,20230701,전동 킥보드,남성,50대,자녀 성인기(막내가 대학생～결혼 전),600만원 내외,일반 공무원/준공무원,대구
119292,20230701,"오토바이(바이크, 스쿠터)",남성,40대,자녀 유아기(막내가 초등학교 입학 전),300만원 내외,일반 공무원/준공무원,경북
119321,20230701,"오토바이(바이크, 스쿠터)",남성,40대,1인 가구,300만원 내외,자영업,서울
119339,20230701,전기 자전거,남성,50대,1인 가구,300만원 내외,자영업,세종
119355,20230701,전기 자전거,남성,30대,1인 가구,400만원 내외,기술/숙련직,강원
119361,20230701,전기 자전거,남성,60대 이상,자녀 독립기(막내가 결혼한 상태),500만원 내외,무직/기타,경북
119364,20230701,전기 자전거,남성,50대,자녀 성인기(막내가 대학생～결혼 전),"1,000만원 내외",일반 공무원/준공무원,광주
119380,20230701,전동 킥보드,남성,40대,신혼기(자녀없음),300만원 내외,기술/숙련직,충남
119391,20230701,"오토바이(바이크, 스쿠터)",남성,60대 이상,자녀 독립기(막내가 결혼한 상태),500만원 내외,자영업,강원
119420,20230701,전동 스케이트보드,남성,40대,자녀 유아기(막내가 초등학교 입학 전),500만원 내외,사무직,대구
119437,20230701,"오토바이(바이크, 스쿠터)",남성,50대,자녀 성장기(막내가 초등학생～고등학생),700만원 내외,전문직,서울
119442,20230701,"오토바이(바이크, 스쿠터)",남성,60대 이상,자녀 성인기(막내가 대학생～결혼 전),500만원 내외,무직/기타,충남
119465,20230701,전기 자전거,남성,30대,1인 가구,600만원 내외,사무직,인천
119486,20230701,전기 자전거,여성,30대,자녀 성장기(막내가 초등학생～고등학생),300만원 내외,전업주부,전북
119492,20230701,전기 자전거,남성,60대 이상,자녀 성인기(막내가 대학생～결혼 전),500만원 내외,무직/기타,충북
119533,20230701,전기 자전거,여성,60대 이상,신혼기 초과(자녀없음),500만원 내외,무직/기타,세종
119541,20230701,전동 킥보드,남성,50대,자녀 독립기(막내가 결혼한 상태),600만원 내외,일반 공무원/준공무원,인천
119548,20230701,"오토바이(바이크, 스쿠터)",남성,60대 이상,자녀 독립기(막내가 결혼한 상태),400만원 내외,무직/기타,경북
119549,20230701,전동 킥보드,남성,60대 이상,신혼기(자녀없음),300만원 내외,판매/서비스직,경기
119558,20230701,전기 자전거,남성,60대 이상,자녀 성인기(막내가 대학생～결혼 전),500만원 내외,전문직,대전
119561,20230701,전기 자전거,여성,50대,1인 가구,200만원 내외,일반 공무원/준공무원,경남
119571,20230701,전동 킥보드,남성,30대,자녀 유아기(막내가 초등학교 입학 전),400만원 내외,판매/서비스직,서울
119603,20230701,"오토바이(바이크, 스쿠터)",남성,40대,자녀 유아기(막내가 초등학교 입학 전),600만원 내외,기술/숙련직,대전
119617,20230701,"오토바이(바이크, 스쿠터)",남성,50대,자녀 독립기(막내가 결혼한 상태),"1,100~1,500만원 내외",자영업,서울
119619,20230701,"오토바이(바이크, 스쿠터)",남성,50대,1인 가구,"1,100~1,500만원 내외",경영/관리직,경기
119624,20230701,"오토바이(바이크, 스쿠터)",남성,50대,신혼기 초과(자녀없음),700만원 내외,사무직,서울
119630,20230701,전동 킥보드,남성,50대,자녀 성인기(막내가 대학생～결혼 전),600만원 내외,기술/숙련직,인천
119634,20230701,"오토바이(바이크, 스쿠터)",여성,40대,자녀 성장기(막내가 초등학생～고등학생),500만원 내외,전업주부,경남
119655,20230701,전기 자전거,여성,50대,자녀 성인기(막내가 대학생～결혼 전),"1,100~1,500만원 내외",일반 공무원/준공무원,부산
119734,20230701,"오토바이(바이크, 스쿠터)",남성,60대 이상,자녀 독립기(막내가 결혼한 상태),300만원 내외,무직/기타,경남
119739,20230701,"오토바이(바이크, 스쿠터)",남성,40대,신혼기(자녀없음),200만원 내외,판매/서비스직,경기
119743,20230701,전기 자전거,여성,60대 이상,자녀 성인기(막내가 대학생～결혼 전),500만원 내외,전업주부,대전
119756,20230701,전동 킥보드,남성,60대 이상,자녀 독립기(막내가 결혼한 상태),200만원 내외,판매/서비스직,서울
119759,20230701,전기 자전거,남성,60대 이상,자녀 성인기(막내가 대학생～결혼 전),800만원 내외,자영업,경기
119762,20230701,전동 스쿠터,남성,50대,신혼기(자녀없음),200만원 내외,전문직,경남
119770,20230701,전기 자전거,남성,40대,1인 가구,200만원 내외,기술/숙련직,대전
119775,20230701,"오토바이(바이크, 스쿠터)",남성,40대,1인 가구,100만원 이하,학생,서울
119778,20230701,전기 자전거,남성,60대 이상,자녀 성인기(막내가 대학생～결혼 전),800만원 내외,자영업,경기
119785,20230701,전기 자전거,남성,60대 이상,자녀 독립기(막내가 결혼한 상태),900만원 내외,일반 공무원/준공무원,충북
119830,20230701,전기 자전거,남성,60대 이상,1인 가구,"1,000만원 내외",전문직,경기
119832,20230701,전동 스쿠터,남성,30대,1인 가구,500만원 내외,사무직,경남
119836,20230701,전기 자전거,남성,60대 이상,자녀 독립기(막내가 결혼한 상태),400만원 내외,무직/기타,충북
119853,20230701,"오토바이(바이크, 스쿠터)",여성,50대,신혼기 초과(자녀없음),600만원 내외,일반 공무원/준공무원,서울
119877,20230701,전기 자전거,여성,30대,자녀 성인기(막내가 대학생～결혼 전),600만원 내외,자영업,경북
119878,20230701,"오토바이(바이크, 스쿠터)",남성,20대,자녀 성인기(막내가 대학생～결혼 전),"1,600~2,000만원 내외",판매/서비스직,서울
119887,20230701,전동 킥보드,여성,40대,자녀 성장기(막내가 초등학생～고등학생),500만원 내외,무직/기타,충북
119916,20230701,"오토바이(바이크, 스쿠터)",남성,60대 이상,자녀 성인기(막내가 대학생～결혼 전),300만원 내외,무직/기타,광주
119943,20230701,"오토바이(바이크, 스쿠터)",남성,60대 이상,자녀 독립기(막내가 결혼한 상태),400만원 내외,사무직,광주
119960,20230701,"오토바이(바이크, 스쿠터)",남성,40대,자녀 유아기(막내가 초등학교 입학 전),200만원 내외,자영업,경북
119961,20230701,전기 자전거,남성,60대 이상,자녀 독립기(막내가 결혼한 상태),500만원 내외,무직/기타,서울
119964,20230701,"오토바이(바이크, 스쿠터)",남성,60대 이상,자녀 유아기(막내가 초등학교 입학 전),400만원 내외,자영업,경남
119976,20230701,전동 킥보드,여성,50대,자녀 성인기(막내가 대학생～결혼 전),"1,000만원 내외",전업주부,인천
119981,20230701,"오토바이(바이크, 스쿠터)",여성,50대,자녀 성인기(막내가 대학생～결혼 전),800만원 내외,무직/기타,경기
119984,20230701,"오토바이(바이크, 스쿠터)",남성,50대,1인 가구,300만원 내외,자영업,서울
119993,20230701,전동 킥보드,남성,30대,자녀 성인기(막내가 대학생～결혼 전),800만원 내외,사무직,경기
119996,20230701,"오토바이(바이크, 스쿠터)",남성,20대,자녀 성인기(막내가 대학생～결혼 전),"1,000만원 내외",기술/숙련직,경기
120017,20230701,전동 휠,남성,40대,자녀 성장기(막내가 초등학생～고등학생),600만원 내외,기술/숙련직,전북
120031,20230701,전동 킥보드,남성,40대,자녀 유아기(막내가 초등학교 입학 전),600만원 내외,사무직,서울
120055,20230701,전동 휠,여성,40대,자녀 성장기(막내가 초등학생～고등학생),800만원 내외,전업주부,경기
120059,20230701,전기 자전거,여성,30대,자녀 유아기(막내가 초등학교 입학 전),600만원 내외,전업주부,서울
120075,20230701,"오토바이(바이크, 스쿠터)",남성,50대,신혼기 초과(자녀없음),500만원 내외,판매/서비스직,대전
120076,20230701,"오토바이(바이크, 스쿠터)",여성,50대,자녀 성인기(막내가 대학생～결혼 전),600만원 내외,기술/숙련직,인천
120086,20230701,전기 자전거,남성,30대,1인 가구,100만원 이하,자영업,서울
120093,20230701,"오토바이(바이크, 스쿠터)",남성,40대,1인 가구,300만원 내외,무직/기타,경기
120108,20230701,전동 킥보드,여성,50대,자녀 성인기(막내가 대학생～결혼 전),"1,100~1,500만원 내외",자영업,서울
120209,20230701,"오토바이(바이크, 스쿠터)",남성,40대,자녀 유아기(막내가 초등학교 입학 전),"1,600~2,000만원 내외",자영업,서울
120308,20230701,"오토바이(바이크, 스쿠터)",남성,50대,1인 가구,600만원 내외,자영업,경기
120377,20230701,전동 킥보드,여성,30대,자녀 성인기(막내가 대학생～결혼 전),700만원 내외,무직/기타,서울
120441,20230701,"오토바이(바이크, 스쿠터)",남성,50대,자녀 성장기(막내가 초등학생～고등학생),500만원 내외,기술/숙련직,경기
120592,20230701,전기 자전거,남성,40대,자녀 유아기(막내가 초등학교 입학 전),700만원 내외,자영업,대전
120641,20230701,전기 자전거,남성,50대,자녀 독립기(막내가 결혼한 상태),"1,100~1,500만원 내외",경영/관리직,부산
120723,20230701,"오토바이(바이크, 스쿠터)",남성,30대,신혼기(자녀없음),600만원 내외,전문직,서울
120738,20230701,전기 자전거,여성,60대 이상,자녀 독립기(막내가 결혼한 상태),400만원 내외,전업주부,경기
120750,20230701,"오토바이(바이크, 스쿠터)",여성,60대 이상,자녀 독립기(막내가 결혼한 상태),600만원 내외,자영업,충북
120760,20230701,전동 킥보드,남성,40대,자녀 유아기(막내가 초등학교 입학 전),500만원 내외,판매/서비스직,강원
120778,20230701,전동 스쿠터,남성,60대 이상,자녀 성인기(막내가 대학생～결혼 전),300만원 내외,무직/기타,서울
120784,20230701,전기 자전거,여성,20대,신혼기(자녀없음),500만원 내외,일반 공무원/준공무원,경남
120790,20230701,전기 자전거,남성,60대 이상,1인 가구,800만원 내외,판매/서비스직,서울
120793,20230701,전동 킥보드,남성,40대,자녀 성장기(막내가 초등학생～고등학생),500만원 내외,일반 공무원/준공무원,충북
120806,20230701,"오토바이(바이크, 스쿠터)",남성,50대,신혼기 초과(자녀없음),600만원 내외,기술/숙련직,경기
120810,20230701,전기 자전거,남성,60대 이상,자녀 독립기(막내가 결혼한 상태),400만원 내외,무직/기타,경기
120814,20230701,전기 자전거,남성,50대,자녀 독립기(막내가 결혼한 상태),500만원 내외,판매/서비스직,인천
120820,20230701,전기 자전거,남성,40대,자녀 유아기(막내가 초등학교 입학 전),"1,100~1,500만원 내외",경영/관리직,경기
120821,20230701,전동 킥보드,여성,40대,자녀 성장기(막내가 초등학생～고등학생),500만원 내외,사무직,전북
120842,20230701,"오토바이(바이크, 스쿠터)",남성,50대,자녀 성인기(막내가 대학생～결혼 전),600만원 내외,사무직,대구
120862,20230701,"오토바이(바이크, 스쿠터)",남성,40대,자녀 성장기(막내가 초등학생～고등학생),900만원 내외,기술/숙련직,서울
120882,20230701,"오토바이(바이크, 스쿠터)",남성,30대,1인 가구,400만원 내외,판매/서비스직,서울
120889,20230701,전기 자전거,여성,40대,자녀 성장기(막내가 초등학생～고등학생),"1,000만원 내외",경영/관리직,경기
120890,20230701,"오토바이(바이크, 스쿠터)",남성,20대,1인 가구,300만원 내외,기술/숙련직,울산
120894,20230701,전기 자전거,여성,50대,1인 가구,100만원 이하,무직/기타,경기
120935,20230701,"오토바이(바이크, 스쿠터)",남성,60대 이상,신혼기 초과(자녀없음),500만원 내외,기술/숙련직,경기
120936,20230701,전동 킥보드,여성,40대,1인 가구,400만원 내외,사무직,경남
120968,20230701,전동 휠,남성,40대,자녀 성장기(막내가 초등학생～고등학생),700만원 내외,사무직,경기
120969,20230701,전기 자전거,남성,40대,신혼기 초과(자녀없음),"1,100~1,500만원 내외",기술/숙련직,서울
120997,20230701,"오토바이(바이크, 스쿠터)",남성,30대,자녀 유아기(막내가 초등학교 입학 전),700만원 내외,사무직,경기
121026,20230701,전동 휠,여성,40대,1인 가구,"1,000만원 내외",사무직,경기
121027,20230701,"오토바이(바이크, 스쿠터)",남성,40대,자녀 성장기(막내가 초등학생～고등학생),400만원 내외,사무직,대구
121028,20230701,전동 킥보드,남성,50대,1인 가구,400만원 내외,판매/서비스직,충북
121033,20230701,"오토바이(바이크, 스쿠터)",여성,40대,신혼기 초과(자녀없음),500만원 내외,사무직,서울
121038,20230701,"오토바이(바이크, 스쿠터)",남성,30대,1인 가구,500만원 내외,사무직,대구
121083,20230701,전동 스쿠터,여성,50대,자녀 독립기(막내가 결혼한 상태),200만원 내외,자영업,경남
121106,20230701,전동 킥보드,남성,40대,신혼기 초과(자녀없음),400만원 내외,판매/서비스직,경기
121132,20230701,"오토바이(바이크, 스쿠터)",남성,50대,자녀 성인기(막내가 대학생～결혼 전),500만원 내외,전문직,경기
121142,20230701,전기 자전거,남성,50대,자녀 성인기(막내가 대학생～결혼 전),"1,600~2,000만원 내외",사무직,경기
121143,20230701,전기 자전거,남성,40대,자녀 유아기(막내가 초등학교 입학 전),800만원 내외,사무직,경기
121156,20230701,전동 킥보드,남성,40대,자녀 성장기(막내가 초등학생～고등학생),700만원 내외,자영업,서울
121169,20230701,전동 킥보드,남성,50대,자녀 독립기(막내가 결혼한 상태),400만원 내외,기술/숙련직,경기
121184,20230701,"오토바이(바이크, 스쿠터)",여성,40대,자녀 성장기(막내가 초등학생～고등학생),500만원 내외,기술/숙련직,울산
121202,20230701,전기 자전거,여성,40대,1인 가구,500만원 내외,기술/숙련직,서울
121205,20230701,전동 킥보드,남성,30대,신혼기 초과(자녀없음),500만원 내외,기술/숙련직,경기
121211,20230701,전동 킥보드,남성,60대 이상,자녀 독립기(막내가 결혼한 상태),700만원 내외,기술/숙련직,충북
121236,20230701,전기 자전거,남성,60대 이상,자녀 독립기(막내가 결혼한 상태),900만원 내외,기술/숙련직,서울
121239,20230701,전동 킥보드,남성,40대,자녀 성장기(막내가 초등학생～고등학생),700만원 내외,무직/기타,서울
121250,20230701,전기 자전거,여성,40대,자녀 성장기(막내가 초등학생～고등학생),500만원 내외,전업주부,경남
121267,20230701,전동 킥보드,남성,40대,자녀 성장기(막내가 초등학생～고등학생),"1,600~2,000만원 내외",전문직,서울
121269,20230701,전기 자전거,여성,60대 이상,자녀 성인기(막내가 대학생～결혼 전),900만원 내외,무직/기타,서울
121292,20230701,전동 킥보드,남성,40대,자녀 유아기(막내가 초등학교 입학 전),"1,000만원 내외",판매/서비스직,서울
121307,20230701,전동 휠,남성,50대,자녀 성인기(막내가 대학생～결혼 전),"1,000만원 내외",경영/관리직,대구
121317,20230701,전동 킥보드,여성,50대,자녀 성인기(막내가 대학생～결혼 전),모름,전업주부,경기
121323,20230701,전기 자전거,남성,40대,자녀 성장기(막내가 초등학생～고등학생),"1,000만원 내외",기술/숙련직,경북
121339,20230701,전동 스쿠터,남성,40대,자녀 성장기(막내가 초등학생～고등학생),500만원 내외,판매/서비스직,경기
121340,20230701,전동 킥보드,남성,30대,자녀 유아기(막내가 초등학교 입학 전),600만원 내외,사무직,경남
121344,20230701,전동 휠,남성,40대,1인 가구,400만원 내외,판매/서비스직,광주
121357,20230701,전기 자전거,남성,30대,1인 가구,300만원 내외,사무직,서울
121367,20230701,전동 킥보드,남성,40대,1인 가구,300만원 내외,일반 공무원/준공무원,서울
121377,20230701,"오토바이(바이크, 스쿠터)",여성,50대,자녀 성인기(막내가 대학생～결혼 전),800만원 내외,자영업,서울
121399,20230701,전동 킥보드,남성,40대,자녀 성장기(막내가 초등학생～고등학생),700만원 내외,기술/숙련직,충남
121425,20230701,전동 킥보드,남성,50대,자녀 성장기(막내가 초등학생～고등학생),500만원 내외,기술/숙련직,경기
121427,20230701,전동 킥보드,남성,30대,1인 가구,300만원 내외,기술/숙련직,대구
121466,20230701,전동 킥보드,남성,30대,신혼기(자녀없음),400만원 내외,전문직,서울
121479,20230701,전기 자전거,남성,50대,자녀 유아기(막내가 초등학교 입학 전),500만원 내외,기술/숙련직,경기
121484,20230701,전동 킥보드,남성,40대,자녀 성장기(막내가 초등학생～고등학생),300만원 내외,판매/서비스직,경기
121498,20230701,전동 휠,남성,40대,자녀 성장기(막내가 초등학생～고등학생),800만원 내외,자영업,부산
121513,20230701,전동 킥보드,남성,50대,자녀 성장기(막내가 초등학생～고등학생),"1,100~1,500만원 내외",일반 공무원/준공무원,제주
121515,20230701,"오토바이(바이크, 스쿠터)",남성,40대,자녀 성인기(막내가 대학생～결혼 전),600만원 내외,판매/서비스직,대구
121524,20230701,전기 자전거,남성,30대,자녀 독립기(막내가 결혼한 상태),500만원 내외,무직/기타,서울
121530,20230701,전동 킥보드,남성,40대,자녀 성장기(막내가 초등학생～고등학생),500만원 내외,사무직,서울
121535,20230701,"오토바이(바이크, 스쿠터)",여성,40대,1인 가구,300만원 내외,자영업,경기
121537,20230701,전기 자전거,여성,50대,자녀 성인기(막내가 대학생～결혼 전),700만원 내외,전업주부,광주
121538,20230701,전동 킥보드,여성,50대,자녀 성인기(막내가 대학생～결혼 전),600만원 내외,사무직,경기
121558,20230701,"오토바이(바이크, 스쿠터)",여성,40대,신혼기 초과(자녀없음),600만원 내외,사무직,서울
121567,20230701,전기 자전거,여성,50대,자녀 독립기(막내가 결혼한 상태),800만원 내외,전문직,경기
121570,20230701,전기 자전거,여성,40대,자녀 성장기(막내가 초등학생～고등학생),400만원 내외,전문직,서울
121575,20230701,"오토바이(바이크, 스쿠터)",여성,50대,자녀 성인기(막내가 대학생～결혼 전),700만원 내외,자영업,경기
121606,20230701,"오토바이(바이크, 스쿠터)",여성,50대,자녀 성인기(막내가 대학생～결혼 전),600만원 내외,무직/기타,강원
121617,20230701,전동 킥보드,여성,50대,자녀 성인기(막내가 대학생～결혼 전),"1,100~1,500만원 내외",자영업,경기
121619,20230701,전동 휠,여성,40대,자녀 성장기(막내가 초등학생～고등학생),"1,100~1,500만원 내외",전업주부,경남
121638,20230701,전기 자전거,남성,30대,신혼기 초과(자녀없음),"1,000만원 내외",기술/숙련직,경기
121655,20230701,"오토바이(바이크, 스쿠터)",남성,40대,자녀 유아기(막내가 초등학교 입학 전),"2,100만원 이상",자영업,경기
121674,20230701,전기 자전거,여성,30대,신혼기(자녀없음),400만원 내외,전업주부,서울
121690,20230701,"오토바이(바이크, 스쿠터)",남성,50대,자녀 성인기(막내가 대학생～결혼 전),600만원 내외,기술/숙련직,서울
121694,20230701,전기 자전거,여성,30대,자녀 유아기(막내가 초등학교 입학 전),400만원 내외,전업주부,서울
121722,20230701,"오토바이(바이크, 스쿠터)",남성,30대,자녀 유아기(막내가 초등학교 입학 전),600만원 내외,기술/숙련직,부산
121742,20230701,전동 킥보드,여성,60대 이상,자녀 성인기(막내가 대학생～결혼 전),400만원 내외,무직/기타,대전
121756,20230701,"오토바이(바이크, 스쿠터)",남성,40대,자녀 성인기(막내가 대학생～결혼 전),600만원 내외,기술/숙련직,대구
121759,20230701,"오토바이(바이크, 스쿠터)",남성,50대,1인 가구,500만원 내외,기술/숙련직,부산
121762,20230701,전동 킥보드,남성,40대,자녀 성장기(막내가 초등학생～고등학생),700만원 내외,사무직,경기
121764,20230701,전동 휠,여성,30대,자녀 성장기(막내가 초등학생～고등학생),700만원 내외,사무직,충북
121772,20230701,"오토바이(바이크, 스쿠터)",남성,30대,1인 가구,200만원 내외,사무직,부산
121784,20230701,"오토바이(바이크, 스쿠터)",여성,60대 이상,자녀 독립기(막내가 결혼한 상태),600만원 내외,무직/기타,서울
121788,20230701,"오토바이(바이크, 스쿠터)",남성,50대,자녀 성인기(막내가 대학생～결혼 전),"1,000만원 내외",기술/숙련직,대구
121800,20230701,"오토바이(바이크, 스쿠터)",남성,50대,자녀 유아기(막내가 초등학교 입학 전),700만원 내외,자영업,전북
121814,20230701,전동 스케이트보드,남성,40대,자녀 성장기(막내가 초등학생～고등학생),700만원 내외,판매/서비스직,부산
121816,20230701,"오토바이(바이크, 스쿠터)",남성,50대,자녀 성장기(막내가 초등학생～고등학생),700만원 내외,사무직,경기
121820,20230701,"오토바이(바이크, 스쿠터)",남성,50대,자녀 독립기(막내가 결혼한 상태),500만원 내외,기술/숙련직,경기
121829,20230701,"오토바이(바이크, 스쿠터)",남성,60대 이상,자녀 성인기(막내가 대학생～결혼 전),"1,100~1,500만원 내외",기술/숙련직,경기
121847,20230701,전기 자전거,남성,40대,신혼기 초과(자녀없음),300만원 내외,판매/서비스직,경기
121875,20230701,전동 킥보드,남성,60대 이상,자녀 독립기(막내가 결혼한 상태),300만원 내외,무직/기타,경기
121894,20230701,전동 스쿠터,남성,40대,1인 가구,300만원 내외,일반 공무원/준공무원,제주
121979,20230701,전기 자전거,남성,40대,자녀 성장기(막내가 초등학생～고등학생),700만원 내외,전문직,충남
121991,20230701,"오토바이(바이크, 스쿠터)",여성,50대,신혼기 초과(자녀없음),500만원 내외,무직/기타,부산
122001,20230701,"오토바이(바이크, 스쿠터)",남성,40대,자녀 성장기(막내가 초등학생～고등학생),700만원 내외,사무직,강원
122010,20230701,전기 자전거,남성,30대,1인 가구,300만원 내외,기술/숙련직,경남
122011,20230701,"오토바이(바이크, 스쿠터)",남성,50대,자녀 성인기(막내가 대학생～결혼 전),800만원 내외,기술/숙련직,경기
122032,20230701,전동 휠,남성,40대,자녀 성장기(막내가 초등학생～고등학생),600만원 내외,사무직,충북
122035,20230701,전동 킥보드,남성,40대,자녀 성장기(막내가 초등학생～고등학생),900만원 내외,일반 공무원/준공무원,강원
122042,20230701,"오토바이(바이크, 스쿠터)",남성,30대,1인 가구,400만원 내외,사무직,서울
122048,20230701,전동 킥보드,남성,40대,자녀 성인기(막내가 대학생～결혼 전),"1,100~1,500만원 내외",일반 공무원/준공무원,세종
122051,20230701,전기 자전거,남성,60대 이상,자녀 독립기(막내가 결혼한 상태),200만원 내외,무직/기타,대구
122059,20230701,전기 자전거,남성,40대,자녀 유아기(막내가 초등학교 입학 전),600만원 내외,사무직,서울
122063,20230701,"오토바이(바이크, 스쿠터)",남성,50대,자녀 성인기(막내가 대학생～결혼 전),600만원 내외,사무직,충남
122064,20230701,전기 자전거,여성,50대,자녀 독립기(막내가 결혼한 상태),"2,100만원 이상",전문직,경기
122071,20230701,전기 자전거,남성,50대,자녀 성인기(막내가 대학생～결혼 전),600만원 내외,자영업,경기
122114,20230701,전기 자전거,남성,60대 이상,자녀 독립기(막내가 결혼한 상태),600만원 내외,자영업,경남
122117,20230701,"오토바이(바이크, 스쿠터)",남성,40대,자녀 유아기(막내가 초등학교 입학 전),500만원 내외,자영업,충북
122129,20230701,전동 스쿠터,남성,40대,1인 가구,100만원 이하,무직/기타,부산
122137,20230701,전동 킥보드,남성,60대 이상,자녀 성인기(막내가 대학생～결혼 전),800만원 내외,기술/숙련직,경기
122144,20230701,전기 자전거,남성,40대,자녀 성장기(막내가 초등학생～고등학생),600만원 내외,사무직,서울
122164,20230701,"오토바이(바이크, 스쿠터)",남성,50대,자녀 성인기(막내가 대학생～결혼 전),500만원 내외,일반 공무원/준공무원,부산
122167,20230701,"오토바이(바이크, 스쿠터)",남성,40대,1인 가구,300만원 내외,판매/서비스직,대전
122171,20230701,전기 자전거,남성,40대,자녀 유아기(막내가 초등학교 입학 전),600만원 내외,일반 공무원/준공무원,경기
122175,20230701,전기 자전거,여성,60대 이상,자녀 독립기(막내가 결혼한 상태),600만원 내외,자영업,부산
122202,20230701,"오토바이(바이크, 스쿠터)",여성,50대,자녀 성인기(막내가 대학생～결혼 전),500만원 내외,판매/서비스직,울산
122204,20230701,"오토바이(바이크, 스쿠터)",남성,60대 이상,자녀 독립기(막내가 결혼한 상태),500만원 내외,판매/서비스직,충북
122225,20230701,전동 킥보드,남성,40대,자녀 성장기(막내가 초등학생～고등학생),600만원 내외,경영/관리직,경기
122229,20230701,전동 킥보드,남성,40대,1인 가구,400만원 내외,무직/기타,서울
122238,20230701,전동 킥보드,남성,30대,자녀 유아기(막내가 초등학교 입학 전),700만원 내외,사무직,경남
122247,20230701,전동 킥보드,남성,50대,자녀 성인기(막내가 대학생～결혼 전),800만원 내외,기술/숙련직,전북
122268,20230701,"오토바이(바이크, 스쿠터)",남성,40대,자녀 성인기(막내가 대학생～결혼 전),700만원 내외,자영업,대구
122271,20230701,전기 자전거,남성,40대,자녀 성장기(막내가 초등학생～고등학생),"1,600~2,000만원 내외",사무직,충남
122272,20230701,전동 킥보드,남성,40대,자녀 성장기(막내가 초등학생～고등학생),800만원 내외,사무직,인천
122281,20230701,"오토바이(바이크, 스쿠터)",남성,50대,자녀 성인기(막내가 대학생～결혼 전),600만원 내외,사무직,전북
122293,20230701,전기 자전거,여성,50대,자녀 성인기(막내가 대학생～결혼 전),500만원 내외,전업주부,경북
122304,20230701,전기 자전거,여성,50대,자녀 성인기(막내가 대학생～결혼 전),모름,전업주부,경남
122364,20230701,전기 자전거,남성,40대,자녀 성장기(막내가 초등학생～고등학생),400만원 내외,판매/서비스직,세종
122378,20230701,전동 스쿠터,여성,60대 이상,자녀 독립기(막내가 결혼한 상태),200만원 내외,판매/서비스직,서울
122385,20230701,"오토바이(바이크, 스쿠터)",여성,30대,자녀 성장기(막내가 초등학생～고등학생),800만원 내외,사무직,경기
122392,20230701,전동 휠,남성,40대,자녀 성장기(막내가 초등학생～고등학생),600만원 내외,기술/숙련직,충남
122394,20230701,전기 자전거,남성,60대 이상,자녀 독립기(막내가 결혼한 상태),"1,000만원 내외",경영/관리직,경기
122456,20230701,전동 스케이트보드,여성,40대,자녀 유아기(막내가 초등학교 입학 전),400만원 내외,기술/숙련직,경기
122472,20230701,"오토바이(바이크, 스쿠터)",남성,60대 이상,자녀 독립기(막내가 결혼한 상태),400만원 내외,무직/기타,충북
122479,20230701,전동 킥보드,여성,40대,자녀 성인기(막내가 대학생～결혼 전),"2,100만원 이상",자영업,울산
122496,20230701,"오토바이(바이크, 스쿠터)",남성,60대 이상,자녀 성인기(막내가 대학생～결혼 전),700만원 내외,기술/숙련직,서울
122498,20230701,전동 킥보드,남성,60대 이상,자녀 성인기(막내가 대학생～결혼 전),"1,100~1,500만원 내외",전문직,강원
122516,20230701,전기 자전거,남성,50대,자녀 성인기(막내가 대학생～결혼 전),"1,000만원 내외",자영업,경기
122532,20230701,"오토바이(바이크, 스쿠터)",남성,50대,1인 가구,300만원 내외,판매/서비스직,충북
122538,20230701,"오토바이(바이크, 스쿠터)",남성,50대,1인 가구,400만원 내외,기술/숙련직,경북
122555,20230701,"오토바이(바이크, 스쿠터)",남성,20대,신혼기(자녀없음),300만원 내외,전문직,경기
122558,20230701,전동 킥보드,남성,50대,자녀 성인기(막내가 대학생～결혼 전),700만원 내외,기술/숙련직,경기
122571,20230701,전동 킥보드,남성,60대 이상,자녀 독립기(막내가 결혼한 상태),"1,100~1,500만원 내외",무직/기타,서울
122573,20230701,전기 자전거,여성,60대 이상,자녀 성인기(막내가 대학생～결혼 전),500만원 내외,일반 공무원/준공무원,서울
122575,20230701,"오토바이(바이크, 스쿠터)",남성,50대,자녀 성인기(막내가 대학생～결혼 전),500만원 내외,기술/숙련직,전남
122588,20230701,"오토바이(바이크, 스쿠터)",남성,40대,자녀 성장기(막내가 초등학생～고등학생),600만원 내외,기술/숙련직,서울
122620,20230701,전동 스쿠터,남성,50대,자녀 성인기(막내가 대학생～결혼 전),900만원 내외,기술/숙련직,광주
122654,20230701,"오토바이(바이크, 스쿠터)",남성,60대 이상,자녀 성인기(막내가 대학생～결혼 전),400만원 내외,무직/기타,강원
122681,20230701,전동 킥보드,여성,50대,자녀 성장기(막내가 초등학생～고등학생),400만원 내외,전업주부,대구
122688,20230701,전기 자전거,여성,50대,자녀 성인기(막내가 대학생～결혼 전),"1,100~1,500만원 내외",기술/숙련직,서울
122691,20230701,"오토바이(바이크, 스쿠터)",남성,50대,1인 가구,400만원 내외,기술/숙련직,부산
122692,20230701,"오토바이(바이크, 스쿠터)",남성,40대,자녀 성장기(막내가 초등학생～고등학생),600만원 내외,기술/숙련직,경북
122700,20230701,전기 자전거,여성,60대 이상,자녀 독립기(막내가 결혼한 상태),500만원 내외,자영업,경기
122731,20230701,전기 자전거,여성,40대,자녀 성장기(막내가 초등학생～고등학생),500만원 내외,전업주부,대전
122759,20230701,전동 스케이트보드,남성,40대,신혼기(자녀없음),"1,000만원 내외",사무직,서울
122765,20230701,전기 자전거,여성,40대,자녀 성장기(막내가 초등학생～고등학생),500만원 내외,전업주부,부산
122766,20230701,전동 킥보드,남성,30대,1인 가구,300만원 내외,기술/숙련직,경기
122786,20230701,전기 자전거,남성,30대,자녀 유아기(막내가 초등학교 입학 전),"1,000만원 내외",사무직,부산
122809,20230701,전동 킥보드,남성,40대,자녀 유아기(막내가 초등학교 입학 전),500만원 내외,기술/숙련직,경기
122824,20230701,전기 자전거,여성,40대,자녀 성장기(막내가 초등학생～고등학생),800만원 내외,사무직,경남
122843,20230701,전동 휠,남성,40대,자녀 성인기(막내가 대학생～결혼 전),500만원 내외,사무직,서울
122860,20230701,전동 킥보드,남성,40대,자녀 유아기(막내가 초등학교 입학 전),400만원 내외,사무직,경기
122861,20230701,전기 자전거,여성,30대,자녀 유아기(막내가 초등학교 입학 전),900만원 내외,일반 공무원/준공무원,서울
122864,20230701,전기 자전거,남성,30대,자녀 유아기(막내가 초등학교 입학 전),"1,000만원 내외",일반 공무원/준공무원,경남
122865,20230701,전동 스케이트보드,남성,20대,자녀 성인기(막내가 대학생～결혼 전),100만원 이하,학생,서울
122903,20230701,"오토바이(바이크, 스쿠터)",여성,40대,자녀 성장기(막내가 초등학생～고등학생),400만원 내외,전업주부,서울
122935,20230701,전동 킥보드,남성,60대 이상,자녀 성인기(막내가 대학생～결혼 전),모름,경영/관리직,서울
122941,20230701,전기 자전거,여성,30대,자녀 유아기(막내가 초등학교 입학 전),500만원 내외,전업주부,인천
122944,20230701,전기 자전거,여성,40대,1인 가구,400만원 내외,사무직,부산
122961,20230701,전기 자전거,남성,50대,자녀 성인기(막내가 대학생～결혼 전),400만원 내외,무직/기타,경기
122964,20230701,전동 킥보드,남성,40대,자녀 성장기(막내가 초등학생～고등학생),"1,000만원 내외",사무직,경북
122980,20230701,전기 자전거,남성,60대 이상,자녀 성인기(막내가 대학생～결혼 전),700만원 내외,무직/기타,인천
122997,20230701,전동 킥보드,남성,50대,자녀 성장기(막내가 초등학생～고등학생),700만원 내외,자영업,전남
122999,20230701,전동 킥보드,남성,50대,자녀 성장기(막내가 초등학생～고등학생),500만원 내외,기술/숙련직,경기
123014,20230701,"오토바이(바이크, 스쿠터)",여성,20대,자녀 성인기(막내가 대학생～결혼 전),"1,100~1,500만원 내외",사무직,경북
123015,20230701,"오토바이(바이크, 스쿠터)",남성,60대 이상,자녀 독립기(막내가 결혼한 상태),600만원 내외,일반 공무원/준공무원,경기
123029,20230701,전동 킥보드,남성,30대,1인 가구,300만원 내외,사무직,강원
123049,20230701,전동 킥보드,남성,20대,신혼기 초과(자녀없음),700만원 내외,사무직,경기
123063,20230701,전기 자전거,여성,60대 이상,자녀 독립기(막내가 결혼한 상태),700만원 내외,사무직,부산
123096,20230701,전기 자전거,여성,40대,자녀 성장기(막내가 초등학생～고등학생),"1,600~2,000만원 내외",자영업,서울
123100,20230701,"오토바이(바이크, 스쿠터)",남성,40대,자녀 성장기(막내가 초등학생～고등학생),600만원 내외,기술/숙련직,인천
123103,20230701,전기 자전거,남성,40대,자녀 성인기(막내가 대학생～결혼 전),400만원 내외,기술/숙련직,경남
123113,20230701,"오토바이(바이크, 스쿠터)",남성,50대,자녀 성인기(막내가 대학생～결혼 전),400만원 내외,전문직,충북
123115,20230701,전기 자전거,남성,20대,자녀 성인기(막내가 대학생～결혼 전),모름,사무직,서울
123137,20230701,전동 스쿠터,남성,40대,자녀 성장기(막내가 초등학생～고등학생),500만원 내외,사무직,인천
123149,20230701,"오토바이(바이크, 스쿠터)",남성,40대,자녀 유아기(막내가 초등학교 입학 전),400만원 내외,기술/숙련직,경기
123171,20230701,전동 킥보드,여성,60대 이상,자녀 성장기(막내가 초등학생～고등학생),500만원 내외,기술/숙련직,서울
123172,20230701,"오토바이(바이크, 스쿠터)",남성,60대 이상,자녀 독립기(막내가 결혼한 상태),600만원 내외,자영업,서울
123175,20230701,"오토바이(바이크, 스쿠터)",여성,30대,자녀 유아기(막내가 초등학교 입학 전),500만원 내외,무직/기타,경기
123192,20230701,전동 킥보드,남성,30대,자녀 유아기(막내가 초등학교 입학 전),500만원 내외,판매/서비스직,경기
123205,20230701,"오토바이(바이크, 스쿠터)",남성,60대 이상,자녀 독립기(막내가 결혼한 상태),800만원 내외,무직/기타,충남
123256,20230701,전동 킥보드,남성,30대,자녀 독립기(막내가 결혼한 상태),900만원 내외,기술/숙련직,대전
123276,20230701,전동 킥보드,남성,30대,자녀 성장기(막내가 초등학생～고등학생),500만원 내외,기술/숙련직,경기
123292,20230701,전동 스쿠터,남성,20대,자녀 성장기(막내가 초등학생～고등학생),200만원 내외,판매/서비스직,경기
123302,20230701,전기 자전거,여성,50대,자녀 성인기(막내가 대학생～결혼 전),"1,000만원 내외",기술/숙련직,경기
123306,20230701,전기 자전거,남성,40대,자녀 성장기(막내가 초등학생～고등학생),700만원 내외,자영업,서울
123314,20230701,전동 스케이트보드,남성,30대,자녀 유아기(막내가 초등학교 입학 전),300만원 내외,판매/서비스직,서울
123329,20230701,전기 자전거,여성,20대,신혼기(자녀없음),300만원 내외,자영업,경기
123332,20230701,전기 자전거,남성,50대,자녀 독립기(막내가 결혼한 상태),"1,100~1,500만원 내외",경영/관리직,서울
123354,20230701,"오토바이(바이크, 스쿠터)",여성,60대 이상,자녀 독립기(막내가 결혼한 상태),500만원 내외,판매/서비스직,경남
123361,20230701,전기 자전거,여성,40대,자녀 성인기(막내가 대학생～결혼 전),"1,100~1,500만원 내외",사무직,서울
123374,20230701,전동 스쿠터,여성,50대,자녀 성인기(막내가 대학생～결혼 전),"1,100~1,500만원 내외",전업주부,대전
123379,20230701,전동 킥보드,남성,40대,자녀 성인기(막내가 대학생～결혼 전),"1,000만원 내외",판매/서비스직,경기
123412,20230701,전동 스쿠터,여성,40대,자녀 성인기(막내가 대학생～결혼 전),400만원 내외,일반 공무원/준공무원,서울
123418,20230701,전동 킥보드,남성,50대,자녀 성인기(막내가 대학생～결혼 전),700만원 내외,자영업,인천
123440,20230701,전동 킥보드,여성,30대,자녀 성장기(막내가 초등학생～고등학생),"1,000만원 내외",자영업,경기
123457,20230701,"오토바이(바이크, 스쿠터)",여성,30대,신혼기 초과(자녀없음),700만원 내외,전문직,서울
123460,20230701,"오토바이(바이크, 스쿠터)",남성,60대 이상,자녀 성인기(막내가 대학생～결혼 전),900만원 내외,자영업,경기
123465,20230701,전기 자전거,남성,40대,1인 가구,300만원 내외,자영업,경기
123470,20230701,전기 자전거,남성,50대,1인 가구,200만원 내외,기술/숙련직,광주
123496,20230701,전동 킥보드,여성,20대,1인 가구,400만원 내외,일반 공무원/준공무원,경기
123507,20230701,전기 자전거,여성,50대,자녀 독립기(막내가 결혼한 상태),700만원 내외,전업주부,제주
123522,20230701,전기 자전거,여성,60대 이상,자녀 독립기(막내가 결혼한 상태),400만원 내외,사무직,경남
123526,20230701,전동 스쿠터,남성,40대,자녀 성장기(막내가 초등학생～고등학생),400만원 내외,판매/서비스직,서울
123538,20230701,"오토바이(바이크, 스쿠터)",남성,60대 이상,자녀 성장기(막내가 초등학생～고등학생),500만원 내외,사무직,서울
123548,20230701,전기 자전거,남성,50대,자녀 성장기(막내가 초등학생～고등학생),800만원 내외,기술/숙련직,경기
123575,20230701,"오토바이(바이크, 스쿠터)",남성,60대 이상,1인 가구,300만원 내외,무직/기타,서울
123593,20230701,전동 스쿠터,남성,50대,자녀 성장기(막내가 초등학생～고등학생),"1,000만원 내외",일반 공무원/준공무원,경기
123603,20230701,전기 자전거,여성,40대,자녀 성장기(막내가 초등학생～고등학생),모름,전업주부,서울
123605,20230701,전동 킥보드,여성,40대,자녀 성인기(막내가 대학생～결혼 전),"1,100~1,500만원 내외",판매/서비스직,경기
123607,20230701,"오토바이(바이크, 스쿠터)",여성,50대,자녀 성인기(막내가 대학생～결혼 전),300만원 내외,자영업,충북
123610,20230701,"오토바이(바이크, 스쿠터)",남성,40대,자녀 성장기(막내가 초등학생～고등학생),600만원 내외,무직/기타,경남
123612,20230701,전기 자전거,남성,50대,자녀 성장기(막내가 초등학생～고등학생),500만원 내외,사무직,제주
123623,20230701,전동 킥보드,여성,40대,자녀 성장기(막내가 초등학생～고등학생),"1,000만원 내외",자영업,경기
123631,20230701,전동 스쿠터,여성,20대,신혼기(자녀없음),400만원 내외,사무직,경기
123684,20230701,"오토바이(바이크, 스쿠터)",여성,20대,자녀 성인기(막내가 대학생～결혼 전),"1,000만원 내외",사무직,경기
123689,20230701,"오토바이(바이크, 스쿠터)",남성,40대,자녀 성인기(막내가 대학생～결혼 전),500만원 내외,기술/숙련직,서울
123697,20230701,전기 자전거,남성,50대,자녀 성장기(막내가 초등학생～고등학생),900만원 내외,기술/숙련직,강원
123705,20230701,전기 자전거,남성,50대,자녀 성인기(막내가 대학생～결혼 전),900만원 내외,일반 공무원/준공무원,강원
123736,20230701,전기 자전거,여성,50대,자녀 성인기(막내가 대학생～결혼 전),"1,100~1,500만원 내외",기술/숙련직,경남
123749,20230701,전기 자전거,남성,60대 이상,1인 가구,400만원 내외,무직/기타,울산
123782,20230701,"오토바이(바이크, 스쿠터)",남성,40대,1인 가구,100만원 이하,자영업,서울
123810,20230701,전기 자전거,남성,40대,자녀 성장기(막내가 초등학생～고등학생),500만원 내외,자영업,서울
123817,20230701,전기 자전거,남성,40대,자녀 성장기(막내가 초등학생～고등학생),800만원 내외,일반 공무원/준공무원,경남
123818,20230701,전동 킥보드,남성,30대,자녀 유아기(막내가 초등학교 입학 전),500만원 내외,판매/서비스직,서울
123835,20230701,전기 자전거,남성,60대 이상,자녀 독립기(막내가 결혼한 상태),400만원 내외,무직/기타,광주
123838,20230701,전동 킥보드,여성,30대,자녀 유아기(막내가 초등학교 입학 전),"1,000만원 내외",일반 공무원/준공무원,경기
123861,20230701,전기 자전거,남성,40대,자녀 성장기(막내가 초등학생～고등학생),400만원 내외,기술/숙련직,세종
123864,20230701,전기 자전거,남성,30대,1인 가구,600만원 내외,기술/숙련직,경기
123869,20230701,"오토바이(바이크, 스쿠터)",남성,40대,자녀 유아기(막내가 초등학교 입학 전),300만원 내외,기술/숙련직,경기
123876,20230701,전동 킥보드,남성,50대,자녀 성인기(막내가 대학생～결혼 전),300만원 내외,자영업,서울
123882,20230701,"오토바이(바이크, 스쿠터)",남성,60대 이상,자녀 성인기(막내가 대학생～결혼 전),400만원 내외,기술/숙련직,충남
123891,20230701,"오토바이(바이크, 스쿠터)",남성,50대,자녀 성인기(막내가 대학생～결혼 전),400만원 내외,기술/숙련직,울산
123908,20230701,"오토바이(바이크, 스쿠터)",남성,50대,자녀 성인기(막내가 대학생～결혼 전),800만원 내외,무직/기타,경기
123916,20230701,"오토바이(바이크, 스쿠터)",남성,30대,자녀 성장기(막내가 초등학생～고등학생),600만원 내외,사무직,대전
123926,20230701,"오토바이(바이크, 스쿠터)",남성,50대,자녀 성인기(막내가 대학생～결혼 전),"1,000만원 내외",기술/숙련직,경기
123943,20230701,"오토바이(바이크, 스쿠터)",남성,60대 이상,자녀 성인기(막내가 대학생～결혼 전),300만원 내외,자영업,전남
123946,20230701,전동 킥보드,남성,50대,자녀 성장기(막내가 초등학생～고등학생),모름,사무직,서울
123956,20230701,전기 자전거,남성,50대,1인 가구,400만원 내외,무직/기타,경기
123958,20230701,"오토바이(바이크, 스쿠터)",남성,50대,자녀 독립기(막내가 결혼한 상태),500만원 내외,기술/숙련직,인천
123970,20230701,전동 킥보드,여성,30대,자녀 유아기(막내가 초등학교 입학 전),"1,000만원 내외",사무직,경기
123989,20230701,전기 자전거,남성,40대,자녀 성장기(막내가 초등학생～고등학생),400만원 내외,기술/숙련직,경기
124006,20230701,"오토바이(바이크, 스쿠터)",여성,40대,신혼기 초과(자녀없음),"1,000만원 내외",자영업,부산
124025,20230701,전기 자전거,남성,60대 이상,자녀 성인기(막내가 대학생～결혼 전),"1,000만원 내외",사무직,경기
124026,20230701,전기 자전거,여성,30대,1인 가구,200만원 내외,무직/기타,대구
124050,20230701,전동 킥보드,여성,50대,자녀 성장기(막내가 초등학생～고등학생),500만원 내외,기술/숙련직,서울
124080,20230701,전동 킥보드,남성,40대,자녀 성장기(막내가 초등학생～고등학생),400만원 내외,사무직,경기
124104,20230701,전동 킥보드,남성,50대,자녀 성인기(막내가 대학생～결혼 전),600만원 내외,사무직,광주
124126,20230701,"오토바이(바이크, 스쿠터)",남성,40대,자녀 유아기(막내가 초등학교 입학 전),800만원 내외,경영/관리직,서울
124140,20230701,전기 자전거,여성,50대,자녀 성인기(막내가 대학생～결혼 전),"1,000만원 내외",사무직,경기
124153,20230701,전기 자전거,남성,30대,자녀 유아기(막내가 초등학교 입학 전),"1,100~1,500만원 내외",사무직,전남
124154,20230701,"오토바이(바이크, 스쿠터)",남성,40대,자녀 성인기(막내가 대학생～결혼 전),"2,100만원 이상",자영업,경기
124157,20230701,전기 자전거,여성,30대,자녀 유아기(막내가 초등학교 입학 전),500만원 내외,전업주부,울산
124161,20230701,전동 킥보드,남성,50대,자녀 성장기(막내가 초등학생～고등학생),800만원 내외,경영/관리직,충북
124177,20230701,전동 스쿠터,남성,50대,자녀 성인기(막내가 대학생～결혼 전),400만원 내외,기술/숙련직,경기
124189,20230701,전동 킥보드,남성,40대,자녀 성장기(막내가 초등학생～고등학생),"1,000만원 내외",사무직,경기
124190,20230701,"오토바이(바이크, 스쿠터)",여성,30대,자녀 성인기(막내가 대학생～결혼 전),500만원 내외,사무직,서울
124194,20230701,전동 킥보드,여성,50대,자녀 성인기(막내가 대학생～결혼 전),"1,600~2,000만원 내외",전문직,부산
124196,20230701,전동 킥보드,남성,40대,자녀 독립기(막내가 결혼한 상태),300만원 내외,무직/기타,대구
124197,20230701,"오토바이(바이크, 스쿠터)",여성,30대,신혼기(자녀없음),500만원 내외,자영업,대구
124220,20230701,전기 자전거,남성,50대,자녀 성장기(막내가 초등학생～고등학생),400만원 내외,자영업,대전
124238,20230701,전동 휠,남성,40대,1인 가구,"2,100만원 이상",기술/숙련직,경기
124247,20230701,"오토바이(바이크, 스쿠터)",남성,50대,1인 가구,200만원 내외,판매/서비스직,전남
124250,20230701,전동 스쿠터,여성,30대,자녀 성인기(막내가 대학생～결혼 전),600만원 내외,전문직,대전
124251,20230701,전동 킥보드,남성,50대,자녀 성인기(막내가 대학생～결혼 전),800만원 내외,전문직,세종
124258,20230701,전동 휠,여성,50대,자녀 성인기(막내가 대학생～결혼 전),700만원 내외,사무직,서울
124273,20230701,"오토바이(바이크, 스쿠터)",남성,60대 이상,자녀 성인기(막내가 대학생～결혼 전),300만원 내외,무직/기타,서울
124282,20230701,전동 스쿠터,남성,50대,1인 가구,500만원 내외,무직/기타,전남
124292,20230701,전동 스쿠터,남성,50대,자녀 성인기(막내가 대학생～결혼 전),"2,100만원 이상",사무직,부산
124297,20230701,"오토바이(바이크, 스쿠터)",남성,50대,자녀 성인기(막내가 대학생～결혼 전),400만원 내외,기술/숙련직,충남
124311,20230701,"오토바이(바이크, 스쿠터)",남성,40대,1인 가구,300만원 내외,사무직,서울
124321,20230701,전기 자전거,남성,50대,자녀 성장기(막내가 초등학생～고등학생),500만원 내외,기술/숙련직,전남
124325,20230701,전기 자전거,남성,40대,자녀 성장기(막내가 초등학생～고등학생),500만원 내외,사무직,경기
124340,20230701,"오토바이(바이크, 스쿠터)",남성,60대 이상,자녀 성인기(막내가 대학생～결혼 전),모름,무직/기타,강원
124341,20230701,전동 킥보드,남성,40대,1인 가구,200만원 내외,기술/숙련직,대전
124352,20230701,"오토바이(바이크, 스쿠터)",남성,30대,자녀 성장기(막내가 초등학생～고등학생),600만원 내외,일반 공무원/준공무원,경기
124357,20230701,"오토바이(바이크, 스쿠터)",여성,30대,자녀 유아기(막내가 초등학교 입학 전),600만원 내외,자영업,울산
124369,20230701,"오토바이(바이크, 스쿠터)",남성,40대,1인 가구,700만원 내외,무직/기타,서울
124387,20230701,"오토바이(바이크, 스쿠터)",여성,60대 이상,자녀 성인기(막내가 대학생～결혼 전),300만원 내외,전업주부,경남
124396,20230701,전기 자전거,남성,50대,자녀 성인기(막내가 대학생～결혼 전),모름,사무직,서울
124423,20230701,"오토바이(바이크, 스쿠터)",남성,50대,자녀 성인기(막내가 대학생～결혼 전),700만원 내외,사무직,광주
124478,20230701,"오토바이(바이크, 스쿠터)",남성,50대,자녀 성인기(막내가 대학생～결혼 전),800만원 내외,기술/숙련직,강원
124480,20230701,전동 킥보드,여성,30대,신혼기(자녀없음),700만원 내외,일반 공무원/준공무원,충북
124484,20230701,전동 킥보드,여성,20대,자녀 성인기(막내가 대학생～결혼 전),모름,학생,충남
124488,20230701,"오토바이(바이크, 스쿠터)",남성,50대,자녀 성인기(막내가 대학생～결혼 전),500만원 내외,사무직,경기
124490,20230701,전동 킥보드,남성,50대,자녀 성장기(막내가 초등학생～고등학생),700만원 내외,기술/숙련직,부산
124503,20230701,전기 자전거,남성,60대 이상,자녀 성인기(막내가 대학생～결혼 전),"1,600~2,000만원 내외",일반 공무원/준공무원,경기
124518,20230701,"오토바이(바이크, 스쿠터)",여성,20대,자녀 성인기(막내가 대학생～결혼 전),모름,일반 공무원/준공무원,서울
124525,20230701,전기 자전거,남성,40대,자녀 성장기(막내가 초등학생～고등학생),"1,000만원 내외",기술/숙련직,인천
124531,20230701,전기 자전거,남성,40대,자녀 성장기(막내가 초등학생～고등학생),700만원 내외,경영/관리직,경기
124539,20230701,전동 스케이트보드,여성,40대,자녀 유아기(막내가 초등학교 입학 전),500만원 내외,일반 공무원/준공무원,충북
124575,20230701,전동 킥보드,남성,40대,자녀 성장기(막내가 초등학생～고등학생),500만원 내외,자영업,인천
124587,20230701,"오토바이(바이크, 스쿠터)",남성,40대,자녀 유아기(막내가 초등학교 입학 전),300만원 내외,기술/숙련직,울산
124591,20230701,전기 자전거,여성,20대,자녀 성인기(막내가 대학생～결혼 전),"1,000만원 내외",무직/기타,전남
124593,20230701,전기 자전거,남성,60대 이상,자녀 성인기(막내가 대학생～결혼 전),700만원 내외,자영업,제주
124600,20230701,전기 자전거,여성,30대,자녀 독립기(막내가 결혼한 상태),500만원 내외,자영업,충남
124621,20230701,전동 킥보드,여성,60대 이상,자녀 성인기(막내가 대학생～결혼 전),500만원 내외,자영업,경북
124646,20230701,전기 자전거,남성,40대,자녀 유아기(막내가 초등학교 입학 전),400만원 내외,무직/기타,경기
124717,20230701,전동 킥보드,남성,30대,신혼기(자녀없음),500만원 내외,사무직,강원
124732,20230701,전기 자전거,남성,50대,자녀 성인기(막내가 대학생～결혼 전),700만원 내외,자영업,대구
124746,20230701,"오토바이(바이크, 스쿠터)",남성,40대,자녀 성장기(막내가 초등학생～고등학생),600만원 내외,기술/숙련직,서울
124780,20230701,전기 자전거,남성,30대,자녀 성장기(막내가 초등학생～고등학생),300만원 내외,자영업,전남
124788,20230701,전기 자전거,여성,40대,1인 가구,"1,000만원 내외",자영업,서울
124789,20230701,전동 킥보드,남성,40대,자녀 성장기(막내가 초등학생～고등학생),500만원 내외,사무직,서울
124798,20230701,전기 자전거,여성,40대,신혼기 초과(자녀없음),600만원 내외,사무직,경북
124820,20230701,전동 스케이트보드,남성,30대,자녀 유아기(막내가 초등학교 입학 전),300만원 내외,기술/숙련직,대구
124823,20230701,전기 자전거,남성,30대,1인 가구,800만원 내외,사무직,경기
124827,20230701,전기 자전거,여성,60대 이상,자녀 독립기(막내가 결혼한 상태),"1,100~1,500만원 내외",자영업,강원
124829,20230701,전동 휠,남성,50대,자녀 성장기(막내가 초등학생～고등학생),300만원 내외,무직/기타,서울
124834,20230701,"오토바이(바이크, 스쿠터)",남성,60대 이상,자녀 독립기(막내가 결혼한 상태),400만원 내외,무직/기타,충북
124842,20230701,전동 킥보드,남성,50대,1인 가구,400만원 내외,사무직,서울
124895,20230701,"오토바이(바이크, 스쿠터)",남성,40대,1인 가구,400만원 내외,기술/숙련직,대구
124899,20230701,전동 킥보드,여성,40대,1인 가구,300만원 내외,사무직,부산
124915,20230701,전동 킥보드,남성,40대,자녀 유아기(막내가 초등학교 입학 전),200만원 내외,기술/숙련직,부산
124933,20230701,전동 휠,남성,40대,자녀 성장기(막내가 초등학생～고등학생),"1,000만원 내외",경영/관리직,서울
124934,20230701,전동 킥보드,남성,60대 이상,신혼기(자녀없음),"1,600~2,000만원 내외",무직/기타,서울
125002,20230701,"오토바이(바이크, 스쿠터)",남성,60대 이상,자녀 성인기(막내가 대학생～결혼 전),700만원 내외,자영업,경기
125070,20230701,전동 킥보드,남성,40대,자녀 성장기(막내가 초등학생～고등학생),400만원 내외,무직/기타,경북
125077,20230701,"오토바이(바이크, 스쿠터)",남성,60대 이상,자녀 독립기(막내가 결혼한 상태),500만원 내외,무직/기타,경기
125095,20230701,전동 킥보드,남성,40대,1인 가구,600만원 내외,기술/숙련직,제주
125116,20230701,전동 킥보드,남성,40대,자녀 성장기(막내가 초등학생～고등학생),700만원 내외,기술/숙련직,경기
125140,20230701,전동 킥보드,남성,30대,자녀 성인기(막내가 대학생～결혼 전),500만원 내외,판매/서비스직,서울
125144,20230701,전동 킥보드,여성,30대,자녀 유아기(막내가 초등학교 입학 전),400만원 내외,전업주부,경남
125160,20230701,전동 킥보드,남성,40대,자녀 유아기(막내가 초등학교 입학 전),"1,000만원 내외",기술/숙련직,광주
125171,20230701,전기 자전거,남성,50대,자녀 성인기(막내가 대학생～결혼 전),"1,600~2,000만원 내외",기술/숙련직,경기
125181,20230701,"오토바이(바이크, 스쿠터)",남성,40대,신혼기 초과(자녀없음),800만원 내외,사무직,경기
125190,20230701,전동 킥보드,여성,40대,자녀 유아기(막내가 초등학교 입학 전),"1,100~1,500만원 내외",자영업,서울
125201,20230701,전동 휠,남성,40대,자녀 성장기(막내가 초등학생～고등학생),400만원 내외,기술/숙련직,부산
125222,20230701,전기 자전거,여성,40대,자녀 유아기(막내가 초등학교 입학 전),800만원 내외,사무직,경기
125231,20230701,"오토바이(바이크, 스쿠터)",여성,20대,자녀 성인기(막내가 대학생～결혼 전),"1,000만원 내외",사무직,서울
125244,20230701,전동 킥보드,남성,30대,1인 가구,모름,기술/숙련직,경북
125247,20230701,"오토바이(바이크, 스쿠터)",남성,40대,자녀 성장기(막내가 초등학생～고등학생),400만원 내외,기술/숙련직,경북
125258,20230701,"오토바이(바이크, 스쿠터)",남성,60대 이상,자녀 독립기(막내가 결혼한 상태),400만원 내외,무직/기타,전북
125263,20230701,전동 킥보드,남성,40대,자녀 성장기(막내가 초등학생～고등학생),"1,100~1,500만원 내외",전문직,경기
125274,20230701,전동 킥보드,남성,50대,자녀 성인기(막내가 대학생～결혼 전),500만원 내외,자영업,경기
125289,20230701,"오토바이(바이크, 스쿠터)",남성,40대,자녀 성장기(막내가 초등학생～고등학생),500만원 내외,사무직,인천
125299,20230701,전동 킥보드,여성,50대,자녀 성인기(막내가 대학생～결혼 전),500만원 내외,사무직,전남
125309,20230701,전동 킥보드,여성,30대,1인 가구,모름,무직/기타,서울
125314,20230701,전기 자전거,여성,50대,자녀 성인기(막내가 대학생～결혼 전),700만원 내외,자영업,경북
125328,20230701,전기 자전거,여성,60대 이상,자녀 독립기(막내가 결혼한 상태),600만원 내외,전업주부,서울
125347,20230701,전동 킥보드,여성,30대,자녀 유아기(막내가 초등학교 입학 전),300만원 내외,전업주부,경기
125359,20230701,전동 스쿠터,여성,30대,자녀 성장기(막내가 초등학생～고등학생),500만원 내외,전업주부,충북
125371,20230701,전동 킥보드,남성,40대,자녀 성장기(막내가 초등학생～고등학생),800만원 내외,경영/관리직,서울
125401,20230701,전동 스쿠터,남성,40대,1인 가구,500만원 내외,일반 공무원/준공무원,경기
125415,20230701,"오토바이(바이크, 스쿠터)",여성,20대,1인 가구,300만원 내외,사무직,서울
125416,20230701,"오토바이(바이크, 스쿠터)",남성,30대,자녀 성장기(막내가 초등학생～고등학생),"1,100~1,500만원 내외",기술/숙련직,울산
125426,20230701,전동 킥보드,여성,40대,자녀 성장기(막내가 초등학생～고등학생),800만원 내외,사무직,울산
125436,20230701,"오토바이(바이크, 스쿠터)",남성,40대,자녀 유아기(막내가 초등학교 입학 전),"1,000만원 내외",자영업,경기
125437,20230701,"오토바이(바이크, 스쿠터)",남성,40대,자녀 성장기(막내가 초등학생～고등학생),600만원 내외,자영업,서울
125445,20230701,전기 자전거,남성,30대,자녀 유아기(막내가 초등학교 입학 전),"1,000만원 내외",기술/숙련직,서울
125451,20230701,"오토바이(바이크, 스쿠터)",여성,40대,신혼기 초과(자녀없음),400만원 내외,전업주부,대전
125476,20230701,전동 킥보드,남성,20대,신혼기(자녀없음),500만원 내외,판매/서비스직,충북
125477,20230701,전기 자전거,여성,40대,자녀 성인기(막내가 대학생～결혼 전),모름,무직/기타,경기
125482,20230701,전기 자전거,남성,50대,자녀 성인기(막내가 대학생～결혼 전),600만원 내외,기술/숙련직,경남
125506,20230701,"오토바이(바이크, 스쿠터)",남성,60대 이상,1인 가구,600만원 내외,무직/기타,서울
125529,20230701,전기 자전거,남성,30대,신혼기 초과(자녀없음),500만원 내외,기술/숙련직,경기
125546,20230701,전기 자전거,남성,50대,자녀 성인기(막내가 대학생～결혼 전),700만원 내외,자영업,경기
125547,20230701,전기 자전거,남성,50대,자녀 성인기(막내가 대학생～결혼 전),700만원 내외,자영업,경북
125549,20230701,전동 킥보드,남성,40대,자녀 유아기(막내가 초등학교 입학 전),500만원 내외,사무직,경기
125566,20230701,"오토바이(바이크, 스쿠터)",여성,30대,자녀 유아기(막내가 초등학교 입학 전),400만원 내외,사무직,인천
125573,20230701,"오토바이(바이크, 스쿠터)",여성,40대,자녀 성인기(막내가 대학생～결혼 전),200만원 내외,무직/기타,경기
125578,20230701,전동 킥보드,남성,50대,자녀 성장기(막내가 초등학생～고등학생),500만원 내외,사무직,경기
125584,20230701,전동 휠,여성,30대,자녀 성인기(막내가 대학생～결혼 전),모름,판매/서비스직,대전
125593,20230701,전기 자전거,남성,40대,자녀 성장기(막내가 초등학생～고등학생),600만원 내외,사무직,부산
125600,20230701,전기 자전거,남성,40대,자녀 성장기(막내가 초등학생～고등학생),"1,100~1,500만원 내외",자영업,경기
125603,20230701,"오토바이(바이크, 스쿠터)",여성,30대,신혼기 초과(자녀없음),400만원 내외,사무직,광주
125629,20230701,"오토바이(바이크, 스쿠터)",남성,50대,자녀 성인기(막내가 대학생～결혼 전),500만원 내외,일반 공무원/준공무원,경기
125664,20230701,전동 킥보드,여성,30대,신혼기 초과(자녀없음),800만원 내외,사무직,인천
125676,20230701,전기 자전거,남성,30대,1인 가구,600만원 내외,사무직,서울
125687,20230701,전동 스쿠터,남성,60대 이상,자녀 성인기(막내가 대학생～결혼 전),300만원 내외,기술/숙련직,경남
125694,20230701,"오토바이(바이크, 스쿠터)",남성,30대,자녀 유아기(막내가 초등학교 입학 전),700만원 내외,자영업,강원
125695,20230701,"오토바이(바이크, 스쿠터)",남성,40대,자녀 유아기(막내가 초등학교 입학 전),300만원 내외,기술/숙련직,광주
125722,20230701,전동 킥보드,남성,40대,자녀 성장기(막내가 초등학생～고등학생),"1,000만원 내외",자영업,광주
125736,20230701,전기 자전거,남성,50대,자녀 성인기(막내가 대학생～결혼 전),800만원 내외,무직/기타,서울
125751,20230701,전동 킥보드,남성,50대,자녀 성인기(막내가 대학생～결혼 전),900만원 내외,기술/숙련직,서울
125760,20230701,전기 자전거,여성,50대,1인 가구,300만원 내외,판매/서비스직,충남
125767,20230701,전동 킥보드,남성,20대,자녀 성인기(막내가 대학생～결혼 전),"2,100만원 이상",전문직,서울
125777,20230701,"오토바이(바이크, 스쿠터)",남성,40대,자녀 성장기(막내가 초등학생～고등학생),500만원 내외,자영업,부산
125781,20230701,전동 스케이트보드,남성,30대,자녀 성장기(막내가 초등학생～고등학생),700만원 내외,사무직,대전
125797,20230701,전기 자전거,남성,40대,1인 가구,500만원 내외,사무직,인천
125801,20230701,"오토바이(바이크, 스쿠터)",남성,40대,자녀 유아기(막내가 초등학교 입학 전),300만원 내외,판매/서비스직,인천
125804,20230701,전기 자전거,남성,60대 이상,자녀 독립기(막내가 결혼한 상태),600만원 내외,무직/기타,경남
125811,20230701,전동 킥보드,남성,40대,자녀 성장기(막내가 초등학생～고등학생),900만원 내외,사무직,인천
125816,20230701,전동 스쿠터,남성,50대,자녀 성인기(막내가 대학생～결혼 전),"1,100~1,500만원 내외",자영업,대구
125825,20230701,전기 자전거,여성,40대,자녀 성장기(막내가 초등학생～고등학생),800만원 내외,일반 공무원/준공무원,경기
125831,20230701,"오토바이(바이크, 스쿠터)",남성,30대,1인 가구,300만원 내외,기술/숙련직,강원
125837,20230701,전동 킥보드,남성,40대,자녀 성장기(막내가 초등학생～고등학생),700만원 내외,기술/숙련직,광주
125839,20230701,전동 킥보드,남성,30대,자녀 성장기(막내가 초등학생～고등학생),300만원 내외,사무직,경기
125861,20230701,전동 킥보드,여성,20대,자녀 성인기(막내가 대학생～결혼 전),800만원 내외,전문직,부산
125882,20230701,전동 킥보드,여성,30대,1인 가구,300만원 내외,판매/서비스직,서울
125902,20230701,전기 자전거,남성,40대,1인 가구,200만원 내외,자영업,서울
125905,20230701,전동 킥보드,남성,50대,자녀 성장기(막내가 초등학생～고등학생),"1,100~1,500만원 내외",기술/숙련직,부산
125910,20230701,"오토바이(바이크, 스쿠터)",남성,60대 이상,자녀 성인기(막내가 대학생～결혼 전),900만원 내외,자영업,대구
125918,20230701,전기 자전거,남성,40대,신혼기 초과(자녀없음),400만원 내외,기술/숙련직,경기
125933,20230701,전기 자전거,여성,40대,자녀 성장기(막내가 초등학생～고등학생),400만원 내외,사무직,경남
125948,20230701,전동 스쿠터,남성,20대,자녀 성인기(막내가 대학생～결혼 전),600만원 내외,일반 공무원/준공무원,대전
125963,20230701,전동 킥보드,여성,30대,자녀 유아기(막내가 초등학교 입학 전),400만원 내외,자영업,서울
125988,20230701,"오토바이(바이크, 스쿠터)",남성,30대,1인 가구,200만원 내외,자영업,경남
125989,20230701,전기 자전거,남성,40대,자녀 성장기(막내가 초등학생～고등학생),300만원 내외,기술/숙련직,서울
125990,20230701,전기 자전거,남성,30대,1인 가구,400만원 내외,판매/서비스직,전남
126006,20230701,전동 휠,남성,40대,자녀 성장기(막내가 초등학생～고등학생),600만원 내외,자영업,경북
126020,20230701,"오토바이(바이크, 스쿠터)",남성,40대,자녀 성장기(막내가 초등학생～고등학생),700만원 내외,자영업,울산
126021,20230701,"오토바이(바이크, 스쿠터)",여성,50대,자녀 성장기(막내가 초등학생～고등학생),400만원 내외,일반 공무원/준공무원,전북
126022,20230701,전동 킥보드,여성,50대,자녀 성장기(막내가 초등학생～고등학생),700만원 내외,전업주부,경기
126024,20230701,"오토바이(바이크, 스쿠터)",남성,30대,자녀 성장기(막내가 초등학생～고등학생),400만원 내외,일반 공무원/준공무원,경기
126044,20230701,전동 킥보드,남성,50대,자녀 성장기(막내가 초등학생～고등학생),500만원 내외,기술/숙련직,서울
126049,20230701,전기 자전거,여성,50대,자녀 성인기(막내가 대학생～결혼 전),"1,000만원 내외",기술/숙련직,경기
126061,20230701,"오토바이(바이크, 스쿠터)",남성,40대,자녀 성장기(막내가 초등학생～고등학생),500만원 내외,사무직,부산
126098,20230701,전기 자전거,남성,60대 이상,자녀 성인기(막내가 대학생～결혼 전),800만원 내외,무직/기타,경기
126105,20230701,전기 자전거,여성,40대,자녀 성장기(막내가 초등학생～고등학생),600만원 내외,판매/서비스직,서울
126135,20230701,전동 킥보드,여성,30대,자녀 유아기(막내가 초등학교 입학 전),700만원 내외,기술/숙련직,경기
126167,20230701,전기 자전거,남성,60대 이상,자녀 독립기(막내가 결혼한 상태),400만원 내외,무직/기타,경기
126222,20230701,전동 킥보드,남성,30대,신혼기(자녀없음),"1,000만원 내외",자영업,서울
126223,20230701,"오토바이(바이크, 스쿠터)",남성,60대 이상,자녀 성인기(막내가 대학생～결혼 전),300만원 내외,자영업,경기
126234,20230701,"오토바이(바이크, 스쿠터)",남성,60대 이상,자녀 독립기(막내가 결혼한 상태),200만원 내외,무직/기타,경기
126250,20230701,전동 스쿠터,남성,40대,신혼기 초과(자녀없음),900만원 내외,경영/관리직,서울
126251,20230701,전기 자전거,여성,50대,자녀 성인기(막내가 대학생～결혼 전),500만원 내외,전업주부,경기
126256,20230701,전기 자전거,남성,40대,자녀 유아기(막내가 초등학교 입학 전),700만원 내외,사무직,경기
126259,20230701,"오토바이(바이크, 스쿠터)",남성,40대,자녀 성장기(막내가 초등학생～고등학생),500만원 내외,일반 공무원/준공무원,인천
126262,20230701,전기 자전거,여성,50대,자녀 성인기(막내가 대학생～결혼 전),300만원 내외,판매/서비스직,서울
126282,20230701,전기 자전거,남성,50대,자녀 성인기(막내가 대학생～결혼 전),"1,100~1,500만원 내외",자영업,경기
126285,20230701,전동 킥보드,남성,30대,1인 가구,300만원 내외,일반 공무원/준공무원,인천
126288,20230701,전동 킥보드,여성,20대,자녀 성인기(막내가 대학생～결혼 전),"1,000만원 내외",학생,충북
126299,20230701,전동 킥보드,여성,30대,자녀 유아기(막내가 초등학교 입학 전),700만원 내외,일반 공무원/준공무원,세종
126303,20230701,전동 킥보드,여성,30대,자녀 유아기(막내가 초등학교 입학 전),300만원 내외,전업주부,전북
126312,20230701,"오토바이(바이크, 스쿠터)",남성,40대,자녀 유아기(막내가 초등학교 입학 전),600만원 내외,사무직,서울
126316,20230701,전기 자전거,남성,40대,자녀 유아기(막내가 초등학교 입학 전),300만원 내외,자영업,경기
126320,20230701,전동 킥보드,남성,50대,자녀 성인기(막내가 대학생～결혼 전),900만원 내외,기술/숙련직,충남
126322,20230701,"오토바이(바이크, 스쿠터)",남성,40대,자녀 성장기(막내가 초등학생～고등학생),800만원 내외,사무직,경기
126330,20230701,"오토바이(바이크, 스쿠터)",남성,30대,자녀 유아기(막내가 초등학교 입학 전),"1,000만원 내외",사무직,경기
126344,20230701,전기 자전거,남성,40대,신혼기 초과(자녀없음),500만원 내외,사무직,서울
126347,20230701,전기 자전거,남성,40대,자녀 성장기(막내가 초등학생～고등학생),500만원 내외,사무직,서울
126370,20230701,"오토바이(바이크, 스쿠터)",남성,40대,자녀 성장기(막내가 초등학생～고등학생),600만원 내외,사무직,부산
126377,20230701,"오토바이(바이크, 스쿠터)",남성,50대,자녀 성인기(막내가 대학생～결혼 전),500만원 내외,기술/숙련직,대구
126383,20230701,전동 킥보드,남성,40대,자녀 성인기(막내가 대학생～결혼 전),"1,100~1,500만원 내외",무직/기타,서울
126385,20230701,"오토바이(바이크, 스쿠터)",여성,50대,자녀 독립기(막내가 결혼한 상태),700만원 내외,전업주부,충남
126404,20230701,전동 킥보드,여성,40대,자녀 유아기(막내가 초등학교 입학 전),"1,000만원 내외",사무직,경기
126406,20230701,전기 자전거,남성,40대,자녀 성장기(막내가 초등학생～고등학생),600만원 내외,일반 공무원/준공무원,경남
126409,20230701,전기 자전거,여성,40대,자녀 성장기(막내가 초등학생～고등학생),900만원 내외,전업주부,서울
126414,20230701,"오토바이(바이크, 스쿠터)",남성,30대,자녀 유아기(막내가 초등학교 입학 전),500만원 내외,기술/숙련직,울산
126431,20230701,전기 자전거,남성,40대,자녀 성장기(막내가 초등학생～고등학생),500만원 내외,기술/숙련직,경기
126433,20230701,"오토바이(바이크, 스쿠터)",남성,50대,자녀 성인기(막내가 대학생～결혼 전),500만원 내외,기술/숙련직,경남
126437,20230701,전동 킥보드,남성,40대,자녀 성장기(막내가 초등학생～고등학생),800만원 내외,기술/숙련직,전북
126441,20230701,전기 자전거,남성,60대 이상,자녀 독립기(막내가 결혼한 상태),모름,판매/서비스직,서울
126446,20230701,전기 자전거,남성,50대,자녀 성인기(막내가 대학생～결혼 전),300만원 내외,사무직,경남
126454,20230701,"오토바이(바이크, 스쿠터)",여성,20대,1인 가구,300만원 내외,일반 공무원/준공무원,서울
126458,20230701,전기 자전거,여성,50대,신혼기 초과(자녀없음),"1,000만원 내외",자영업,경기
126467,20230701,"오토바이(바이크, 스쿠터)",남성,40대,자녀 성인기(막내가 대학생～결혼 전),"1,000만원 내외",자영업,제주
126477,20230701,전기 자전거,여성,50대,자녀 성장기(막내가 초등학생～고등학생),500만원 내외,전업주부,경기
126478,20230701,전동 킥보드,남성,30대,자녀 유아기(막내가 초등학교 입학 전),600만원 내외,판매/서비스직,경기
126487,20230701,전기 자전거,남성,40대,자녀 성장기(막내가 초등학생～고등학생),600만원 내외,자영업,전남
126493,20230701,"오토바이(바이크, 스쿠터)",남성,50대,1인 가구,300만원 내외,자영업,인천
126494,20230701,전기 자전거,남성,40대,자녀 성인기(막내가 대학생～결혼 전),400만원 내외,판매/서비스직,부산
126502,20230701,전동 킥보드,여성,20대,자녀 성인기(막내가 대학생～결혼 전),모름,학생,서울
126505,20230701,전동 킥보드,여성,30대,1인 가구,"2,100만원 이상",판매/서비스직,인천
126507,20230701,전기 자전거,남성,50대,자녀 성인기(막내가 대학생～결혼 전),"1,000만원 내외",판매/서비스직,서울
126526,20230701,"오토바이(바이크, 스쿠터)",남성,40대,자녀 유아기(막내가 초등학교 입학 전),200만원 내외,일반 공무원/준공무원,서울
126552,20230701,"오토바이(바이크, 스쿠터)",남성,50대,1인 가구,모름,자영업,서울
126564,20230701,전동 킥보드,여성,50대,자녀 성인기(막내가 대학생～결혼 전),800만원 내외,전업주부,경기
126567,20230701,전기 자전거,남성,40대,1인 가구,300만원 내외,자영업,서울
126568,20230701,전기 자전거,여성,40대,자녀 유아기(막내가 초등학교 입학 전),900만원 내외,일반 공무원/준공무원,충남
126569,20230701,전동 킥보드,여성,30대,자녀 성장기(막내가 초등학생～고등학생),600만원 내외,무직/기타,경기
126573,20230701,전기 자전거,남성,40대,자녀 성장기(막내가 초등학생～고등학생),500만원 내외,기술/숙련직,경기
126599,20230701,"오토바이(바이크, 스쿠터)",남성,30대,자녀 유아기(막내가 초등학교 입학 전),800만원 내외,자영업,경남
126608,20230701,"오토바이(바이크, 스쿠터)",남성,50대,자녀 성인기(막내가 대학생～결혼 전),400만원 내외,기술/숙련직,충북
126613,20230701,전기 자전거,남성,40대,자녀 유아기(막내가 초등학교 입학 전),500만원 내외,사무직,대구
126644,20230701,전동 킥보드,여성,40대,자녀 성장기(막내가 초등학생～고등학생),600만원 내외,무직/기타,서울
126664,20230701,"오토바이(바이크, 스쿠터)",남성,40대,자녀 성장기(막내가 초등학생～고등학생),"1,000만원 내외",일반 공무원/준공무원,서울
126677,20230701,"오토바이(바이크, 스쿠터)",남성,40대,자녀 성장기(막내가 초등학생～고등학생),"1,100~1,500만원 내외",사무직,서울
126678,20230701,전기 자전거,여성,30대,자녀 성인기(막내가 대학생～결혼 전),400만원 내외,학생,경기
126686,20230701,전동 킥보드,남성,40대,자녀 성장기(막내가 초등학생～고등학생),800만원 내외,일반 공무원/준공무원,경기
126697,20230701,"오토바이(바이크, 스쿠터)",남성,50대,자녀 성장기(막내가 초등학생～고등학생),500만원 내외,일반 공무원/준공무원,경북
126703,20230701,전동 휠,남성,50대,자녀 성인기(막내가 대학생～결혼 전),"2,100만원 이상",전문직,경기
126709,20230701,전기 자전거,남성,50대,자녀 성인기(막내가 대학생～결혼 전),800만원 내외,자영업,경기
126720,20230701,전동 킥보드,여성,50대,자녀 성인기(막내가 대학생～결혼 전),700만원 내외,판매/서비스직,서울
126722,20230701,전동 휠,남성,50대,자녀 성장기(막내가 초등학생～고등학생),"1,100~1,500만원 내외",자영업,인천
126730,20230701,전동 킥보드,남성,40대,자녀 유아기(막내가 초등학교 입학 전),500만원 내외,판매/서비스직,울산
126734,20230701,전기 자전거,남성,50대,자녀 독립기(막내가 결혼한 상태),400만원 내외,기술/숙련직,경기
126744,20230701,전동 킥보드,여성,50대,자녀 성인기(막내가 대학생～결혼 전),"1,100~1,500만원 내외",기술/숙련직,경기
126786,20230701,전동 킥보드,여성,20대,1인 가구,400만원 내외,자영업,서울
126802,20230701,전기 자전거,여성,40대,자녀 성장기(막내가 초등학생～고등학생),300만원 내외,전업주부,대전
126807,20230701,전기 자전거,여성,30대,신혼기(자녀없음),300만원 내외,판매/서비스직,충북
126808,20230701,전동 킥보드,남성,40대,1인 가구,600만원 내외,기술/숙련직,경기
126812,20230701,전기 자전거,남성,40대,자녀 유아기(막내가 초등학교 입학 전),600만원 내외,사무직,부산
126827,20230701,전동 킥보드,남성,40대,자녀 성장기(막내가 초등학생～고등학생),500만원 내외,사무직,인천
126829,20230701,전기 자전거,여성,50대,신혼기(자녀없음),700만원 내외,자영업,경기
126847,20230701,전동 킥보드,남성,40대,1인 가구,500만원 내외,무직/기타,충남
126877,20230701,전기 자전거,여성,30대,자녀 성인기(막내가 대학생～결혼 전),900만원 내외,사무직,충남
126893,20230701,"오토바이(바이크, 스쿠터)",여성,30대,신혼기(자녀없음),600만원 내외,사무직,광주
126916,20230701,전기 자전거,남성,60대 이상,자녀 성인기(막내가 대학생～결혼 전),500만원 내외,판매/서비스직,경기
126946,20230701,"오토바이(바이크, 스쿠터)",여성,30대,신혼기 초과(자녀없음),300만원 내외,판매/서비스직,서울
126950,20230701,"오토바이(바이크, 스쿠터)",남성,40대,자녀 성장기(막내가 초등학생～고등학생),300만원 내외,기술/숙련직,울산
126964,20230701,전기 자전거,남성,40대,1인 가구,300만원 내외,사무직,경기
126984,20230701,전기 자전거,남성,40대,1인 가구,400만원 내외,사무직,서울
127016,20230701,"오토바이(바이크, 스쿠터)",남성,50대,신혼기 초과(자녀없음),300만원 내외,자영업,경기
127024,20230701,전기 자전거,남성,60대 이상,자녀 독립기(막내가 결혼한 상태),700만원 내외,자영업,대구
127026,20230701,"오토바이(바이크, 스쿠터)",여성,50대,자녀 성인기(막내가 대학생～결혼 전),800만원 내외,일반 공무원/준공무원,대구
127032,20230701,전기 자전거,남성,30대,자녀 유아기(막내가 초등학교 입학 전),600만원 내외,기술/숙련직,경남
127062,20230701,전동 킥보드,여성,40대,자녀 유아기(막내가 초등학교 입학 전),500만원 내외,사무직,경기
127126,20230701,전기 자전거,남성,50대,자녀 성인기(막내가 대학생～결혼 전),600만원 내외,자영업,대구
127131,20230701,전동 킥보드,남성,60대 이상,자녀 성인기(막내가 대학생～결혼 전),700만원 내외,기술/숙련직,서울
127137,20230701,전기 자전거,여성,30대,자녀 유아기(막내가 초등학교 입학 전),600만원 내외,사무직,경기
127145,20230701,"오토바이(바이크, 스쿠터)",여성,50대,자녀 독립기(막내가 결혼한 상태),모름,자영업,경북
127158,20230701,전기 자전거,남성,40대,자녀 성장기(막내가 초등학생～고등학생),600만원 내외,기술/숙련직,부산
127174,20230701,전기 자전거,남성,50대,자녀 성인기(막내가 대학생～결혼 전),500만원 내외,무직/기타,서울
127175,20230701,"오토바이(바이크, 스쿠터)",남성,60대 이상,자녀 독립기(막내가 결혼한 상태),400만원 내외,일반 공무원/준공무원,경기
127180,20230701,"오토바이(바이크, 스쿠터)",여성,50대,자녀 성장기(막내가 초등학생～고등학생),"1,600~2,000만원 내외",기술/숙련직,서울
127204,20230701,전동 휠,남성,50대,자녀 성인기(막내가 대학생～결혼 전),"1,000만원 내외",경영/관리직,충북
127259,20230701,전동 킥보드,남성,50대,자녀 성인기(막내가 대학생～결혼 전),"2,100만원 이상",자영업,경기
127271,20230701,전기 자전거,남성,30대,자녀 유아기(막내가 초등학교 입학 전),600만원 내외,일반 공무원/준공무원,세종
127276,20230701,전기 자전거,남성,50대,자녀 성인기(막내가 대학생～결혼 전),200만원 내외,판매/서비스직,서울
127279,20230701,전동 킥보드,여성,30대,자녀 유아기(막내가 초등학교 입학 전),300만원 내외,전업주부,경기
127299,20230701,전기 자전거,여성,20대,자녀 성인기(막내가 대학생～결혼 전),700만원 내외,사무직,인천
127351,20230701,전기 자전거,남성,60대 이상,자녀 성인기(막내가 대학생～결혼 전),900만원 내외,자영업,경기
127357,20230701,"오토바이(바이크, 스쿠터)",남성,60대 이상,자녀 독립기(막내가 결혼한 상태),900만원 내외,무직/기타,서울
127360,20230701,전동 스쿠터,여성,30대,1인 가구,200만원 내외,무직/기타,대전
127383,20230701,전동 킥보드,남성,60대 이상,자녀 성인기(막내가 대학생～결혼 전),700만원 내외,무직/기타,대구
127385,20230701,전기 자전거,여성,40대,자녀 성장기(막내가 초등학생～고등학생),모름,전업주부,대구
127394,20230701,"오토바이(바이크, 스쿠터)",남성,40대,자녀 유아기(막내가 초등학교 입학 전),300만원 내외,판매/서비스직,제주
127417,20230701,"오토바이(바이크, 스쿠터)",여성,60대 이상,자녀 성인기(막내가 대학생～결혼 전),500만원 내외,자영업,부산
127458,20230701,전기 자전거,여성,20대,자녀 성장기(막내가 초등학생～고등학생),500만원 내외,학생,경기
127478,20230701,"오토바이(바이크, 스쿠터)",남성,40대,자녀 성장기(막내가 초등학생～고등학생),"1,600~2,000만원 내외",자영업,서울
127480,20230701,전동 킥보드,남성,40대,자녀 성장기(막내가 초등학생～고등학생),600만원 내외,자영업,경기
127483,20230701,전기 자전거,남성,60대 이상,자녀 성인기(막내가 대학생～결혼 전),300만원 내외,무직/기타,서울
127494,20230701,전기 자전거,여성,50대,자녀 성인기(막내가 대학생～결혼 전),700만원 내외,전업주부,전북
127495,20230701,"오토바이(바이크, 스쿠터)",여성,40대,1인 가구,300만원 내외,사무직,제주
127498,20230701,전동 스케이트보드,여성,20대,1인 가구,200만원 내외,사무직,부산
127510,20230701,전동 킥보드,남성,50대,자녀 성장기(막내가 초등학생～고등학생),600만원 내외,사무직,경기
127512,20230701,"오토바이(바이크, 스쿠터)",여성,60대 이상,자녀 성인기(막내가 대학생～결혼 전),500만원 내외,판매/서비스직,경기
127521,20230701,전동 킥보드,남성,30대,자녀 유아기(막내가 초등학교 입학 전),300만원 내외,전문직,인천
127522,20230701,전동 킥보드,남성,20대,1인 가구,200만원 내외,사무직,서울
127526,20230701,전기 자전거,여성,50대,자녀 독립기(막내가 결혼한 상태),400만원 내외,자영업,충남
127529,20230701,"오토바이(바이크, 스쿠터)",여성,20대,자녀 성인기(막내가 대학생～결혼 전),"1,100~1,500만원 내외",자영업,전남
127549,20230701,전동 스쿠터,여성,30대,1인 가구,500만원 내외,판매/서비스직,부산
127581,20230701,전기 자전거,남성,50대,자녀 성인기(막내가 대학생～결혼 전),700만원 내외,기술/숙련직,서울
127584,20230701,전동 킥보드,남성,40대,자녀 유아기(막내가 초등학교 입학 전),700만원 내외,전문직,서울
127587,20230701,전동 스쿠터,남성,30대,신혼기 초과(자녀없음),600만원 내외,기술/숙련직,전북
127601,20230701,"오토바이(바이크, 스쿠터)",여성,30대,자녀 성장기(막내가 초등학생～고등학생),700만원 내외,기술/숙련직,경기
127603,20230701,전기 자전거,남성,50대,1인 가구,"1,100~1,500만원 내외",전문직,경기
127614,20230701,전동 스쿠터,남성,50대,자녀 독립기(막내가 결혼한 상태),700만원 내외,기술/숙련직,경북
127637,20230701,전동 스쿠터,남성,50대,자녀 성인기(막내가 대학생～결혼 전),800만원 내외,무직/기타,대구
127641,20230701,전동 스케이트보드,여성,20대,자녀 성인기(막내가 대학생～결혼 전),"1,000만원 내외",학생,전남
127653,20230701,전동 킥보드,남성,50대,자녀 성인기(막내가 대학생～결혼 전),400만원 내외,전문직,전북
127686,20230701,전동 킥보드,남성,20대,자녀 성인기(막내가 대학생～결혼 전),800만원 내외,학생,대전
127714,20230701,전기 자전거,여성,60대 이상,자녀 독립기(막내가 결혼한 상태),600만원 내외,전문직,경기
127750,20230701,전동 킥보드,남성,40대,자녀 성장기(막내가 초등학생～고등학생),500만원 내외,일반 공무원/준공무원,세종
127755,20230701,"오토바이(바이크, 스쿠터)",남성,40대,1인 가구,400만원 내외,기술/숙련직,서울
127758,20230701,전동 스케이트보드,남성,60대 이상,자녀 성인기(막내가 대학생～결혼 전),500만원 내외,일반 공무원/준공무원,대구
127766,20230701,"오토바이(바이크, 스쿠터)",남성,40대,자녀 성인기(막내가 대학생～결혼 전),800만원 내외,일반 공무원/준공무원,충북
127778,20230701,전기 자전거,남성,40대,신혼기 초과(자녀없음),"1,000만원 내외",자영업,경기
127780,20230701,전기 자전거,남성,50대,자녀 성인기(막내가 대학생～결혼 전),"1,600~2,000만원 내외",경영/관리직,경기
127786,20230701,전기 자전거,남성,40대,자녀 성장기(막내가 초등학생～고등학생),"1,100~1,500만원 내외",사무직,경북
127837,20230701,전기 자전거,남성,40대,자녀 성장기(막내가 초등학생～고등학생),"2,100만원 이상",자영업,경북
127846,20230701,전기 자전거,여성,50대,자녀 성인기(막내가 대학생～결혼 전),900만원 내외,사무직,부산
127864,20230701,전기 자전거,남성,60대 이상,자녀 성인기(막내가 대학생～결혼 전),700만원 내외,기술/숙련직,대전
127865,20230701,전기 자전거,남성,50대,자녀 성인기(막내가 대학생～결혼 전),"1,000만원 내외",경영/관리직,서울
127893,20230701,전동 킥보드,남성,40대,자녀 성장기(막내가 초등학생～고등학생),500만원 내외,자영업,제주
127918,20230701,"오토바이(바이크, 스쿠터)",남성,40대,자녀 성장기(막내가 초등학생～고등학생),900만원 내외,기술/숙련직,세종
127942,20230701,전동 스쿠터,남성,40대,자녀 유아기(막내가 초등학교 입학 전),300만원 내외,사무직,인천
127956,20230701,전기 자전거,남성,50대,자녀 성인기(막내가 대학생～결혼 전),800만원 내외,자영업,서울
127991,20230701,전동 킥보드,남성,40대,자녀 성장기(막내가 초등학생～고등학생),800만원 내외,기술/숙련직,경기
127998,20230701,전동 킥보드,남성,50대,자녀 성인기(막내가 대학생～결혼 전),700만원 내외,기술/숙련직,인천
128000,20230701,"오토바이(바이크, 스쿠터)",여성,40대,자녀 성장기(막내가 초등학생～고등학생),400만원 내외,사무직,경기
128009,20230701,전동 킥보드,남성,30대,자녀 성장기(막내가 초등학생～고등학생),600만원 내외,기술/숙련직,인천
128012,20230701,전동 스쿠터,남성,40대,자녀 성장기(막내가 초등학생～고등학생),500만원 내외,판매/서비스직,서울
128015,20230701,"오토바이(바이크, 스쿠터)",남성,30대,자녀 성인기(막내가 대학생～결혼 전),700만원 내외,일반 공무원/준공무원,부산
128020,20230701,전기 자전거,여성,40대,자녀 성장기(막내가 초등학생～고등학생),600만원 내외,전업주부,대전
128039,20230701,전기 자전거,남성,40대,자녀 성장기(막내가 초등학생～고등학생),700만원 내외,사무직,경기
128048,20230701,"오토바이(바이크, 스쿠터)",남성,20대,자녀 성장기(막내가 초등학생～고등학생),800만원 내외,학생,경기
128049,20230701,"오토바이(바이크, 스쿠터)",남성,50대,자녀 성인기(막내가 대학생～결혼 전),"1,000만원 내외",무직/기타,서울
128051,20230701,전동 킥보드,여성,50대,자녀 성인기(막내가 대학생～결혼 전),"1,600~2,000만원 내외",판매/서비스직,경기
128077,20230701,전기 자전거,여성,40대,자녀 성인기(막내가 대학생～결혼 전),600만원 내외,경영/관리직,서울
128078,20230701,전기 자전거,남성,50대,자녀 독립기(막내가 결혼한 상태),200만원 내외,기술/숙련직,서울
128094,20230701,"오토바이(바이크, 스쿠터)",남성,60대 이상,자녀 성인기(막내가 대학생～결혼 전),"2,100만원 이상",경영/관리직,서울
128113,20230701,전기 자전거,여성,50대,자녀 성인기(막내가 대학생～결혼 전),500만원 내외,전업주부,충남
128120,20230701,"오토바이(바이크, 스쿠터)",남성,40대,자녀 성장기(막내가 초등학생～고등학생),500만원 내외,사무직,서울
128123,20230701,전기 자전거,여성,50대,자녀 성인기(막내가 대학생～결혼 전),400만원 내외,판매/서비스직,경기
128137,20230701,"오토바이(바이크, 스쿠터)",남성,50대,자녀 성인기(막내가 대학생～결혼 전),500만원 내외,자영업,강원
128152,20230701,전동 킥보드,여성,30대,자녀 유아기(막내가 초등학교 입학 전),400만원 내외,전업주부,경기
128165,20230701,"오토바이(바이크, 스쿠터)",남성,40대,자녀 성장기(막내가 초등학생～고등학생),"1,100~1,500만원 내외",기술/숙련직,울산
128176,20230701,전동 킥보드,여성,50대,자녀 성인기(막내가 대학생～결혼 전),800만원 내외,일반 공무원/준공무원,부산
128189,20230701,전동 킥보드,여성,50대,자녀 성장기(막내가 초등학생～고등학생),500만원 내외,전업주부,경북
128209,20230701,전기 자전거,남성,40대,자녀 성장기(막내가 초등학생～고등학생),700만원 내외,기술/숙련직,경기
128213,20230701,전동 휠,남성,50대,자녀 성인기(막내가 대학생～결혼 전),400만원 내외,판매/서비스직,인천
128225,20230701,"오토바이(바이크, 스쿠터)",남성,40대,자녀 성장기(막내가 초등학생～고등학생),600만원 내외,일반 공무원/준공무원,경북
128226,20230701,"오토바이(바이크, 스쿠터)",남성,40대,자녀 성장기(막내가 초등학생～고등학생),300만원 내외,무직/기타,부산
128227,20230701,"오토바이(바이크, 스쿠터)",남성,50대,자녀 유아기(막내가 초등학교 입학 전),모름,일반 공무원/준공무원,서울
128235,20230701,전동 킥보드,여성,40대,신혼기 초과(자녀없음),400만원 내외,자영업,경기
128236,20230701,전동 킥보드,남성,50대,자녀 성인기(막내가 대학생～결혼 전),400만원 내외,판매/서비스직,충남
128246,20230701,"오토바이(바이크, 스쿠터)",남성,50대,자녀 독립기(막내가 결혼한 상태),300만원 내외,일반 공무원/준공무원,경기
128252,20230701,전동 킥보드,남성,60대 이상,자녀 성인기(막내가 대학생～결혼 전),"1,100~1,500만원 내외",자영업,서울
128259,20230701,전동 스케이트보드,남성,60대 이상,자녀 성인기(막내가 대학생～결혼 전),500만원 내외,경영/관리직,경기
128287,20230701,전동 킥보드,여성,50대,자녀 독립기(막내가 결혼한 상태),600만원 내외,전업주부,충남
128288,20230701,"오토바이(바이크, 스쿠터)",남성,40대,1인 가구,300만원 내외,기술/숙련직,서울
128309,20230701,전동 킥보드,남성,60대 이상,자녀 성인기(막내가 대학생～결혼 전),500만원 내외,사무직,경기
128314,20230701,전기 자전거,여성,50대,1인 가구,800만원 내외,자영업,서울
128320,20230701,전기 자전거,남성,60대 이상,자녀 독립기(막내가 결혼한 상태),500만원 내외,자영업,경남
128331,20230701,전동 킥보드,남성,50대,신혼기 초과(자녀없음),600만원 내외,기술/숙련직,부산
128342,20230701,전동 킥보드,남성,40대,자녀 독립기(막내가 결혼한 상태),"1,100~1,500만원 내외",자영업,전남
128355,20230701,전동 킥보드,여성,50대,자녀 성인기(막내가 대학생～결혼 전),900만원 내외,무직/기타,경기
128399,20230701,전기 자전거,남성,60대 이상,자녀 독립기(막내가 결혼한 상태),200만원 내외,무직/기타,충남
128421,20230701,"오토바이(바이크, 스쿠터)",남성,30대,1인 가구,800만원 내외,전문직,서울
128427,20230701,전기 자전거,남성,40대,신혼기 초과(자녀없음),500만원 내외,사무직,경기
128452,20230701,전동 스쿠터,여성,30대,자녀 성인기(막내가 대학생～결혼 전),100만원 이하,무직/기타,서울
128457,20230701,"오토바이(바이크, 스쿠터)",남성,60대 이상,1인 가구,400만원 내외,전문직,서울
128461,20230701,전동 킥보드,여성,40대,자녀 유아기(막내가 초등학교 입학 전),700만원 내외,전문직,전북
128466,20230701,전동 스케이트보드,여성,30대,자녀 성인기(막내가 대학생～결혼 전),300만원 내외,사무직,충북
128468,20230701,"오토바이(바이크, 스쿠터)",여성,40대,자녀 유아기(막내가 초등학교 입학 전),700만원 내외,사무직,경남
128482,20230701,"오토바이(바이크, 스쿠터)",남성,40대,자녀 성인기(막내가 대학생～결혼 전),800만원 내외,무직/기타,경기
128490,20230701,전동 킥보드,남성,40대,자녀 유아기(막내가 초등학교 입학 전),"1,000만원 내외",전문직,광주
128500,20230701,전동 킥보드,남성,60대 이상,자녀 성장기(막내가 초등학생～고등학생),600만원 내외,경영/관리직,부산
128524,20230701,"오토바이(바이크, 스쿠터)",남성,40대,1인 가구,800만원 내외,기술/숙련직,전북
128531,20230701,전기 자전거,남성,40대,자녀 성인기(막내가 대학생～결혼 전),"1,000만원 내외",일반 공무원/준공무원,경기
128552,20230701,"오토바이(바이크, 스쿠터)",여성,50대,자녀 성장기(막내가 초등학생～고등학생),300만원 내외,전업주부,대구
128596,20230701,전동 킥보드,남성,50대,신혼기 초과(자녀없음),900만원 내외,자영업,서울
128604,20230701,전동 킥보드,남성,60대 이상,자녀 성인기(막내가 대학생～결혼 전),900만원 내외,무직/기타,경기
128609,20230701,전동 스쿠터,남성,40대,자녀 유아기(막내가 초등학교 입학 전),800만원 내외,기술/숙련직,경기
128624,20230701,전동 킥보드,남성,20대,1인 가구,300만원 내외,기술/숙련직,인천
128626,20230701,전기 자전거,남성,60대 이상,자녀 성인기(막내가 대학생～결혼 전),300만원 내외,무직/기타,부산
128645,20230701,전동 킥보드,여성,30대,신혼기(자녀없음),"1,100~1,500만원 내외",사무직,서울
128676,20230701,"오토바이(바이크, 스쿠터)",남성,60대 이상,자녀 독립기(막내가 결혼한 상태),600만원 내외,무직/기타,경남
128692,20230701,전기 자전거,여성,30대,자녀 유아기(막내가 초등학교 입학 전),900만원 내외,사무직,강원
128707,20230701,"오토바이(바이크, 스쿠터)",남성,50대,자녀 성인기(막내가 대학생～결혼 전),"1,100~1,500만원 내외",자영업,서울
128712,20230701,전기 자전거,남성,30대,자녀 유아기(막내가 초등학교 입학 전),500만원 내외,사무직,경기
128713,20230701,전동 킥보드,여성,50대,자녀 성장기(막내가 초등학생～고등학생),600만원 내외,사무직,경기
128741,20230701,전기 자전거,남성,30대,자녀 성장기(막내가 초등학생～고등학생),900만원 내외,전문직,서울
128765,20230701,전동 킥보드,남성,20대,자녀 독립기(막내가 결혼한 상태),300만원 내외,기술/숙련직,부산
128776,20230701,전동 킥보드,남성,60대 이상,자녀 독립기(막내가 결혼한 상태),400만원 내외,자영업,충남
128786,20230701,"오토바이(바이크, 스쿠터)",남성,40대,자녀 성장기(막내가 초등학생～고등학생),400만원 내외,자영업,경기
128793,20230701,전기 자전거,남성,50대,1인 가구,400만원 내외,기술/숙련직,충북
128809,20230701,전기 자전거,여성,40대,자녀 성장기(막내가 초등학생～고등학생),800만원 내외,일반 공무원/준공무원,경기
128811,20230701,"오토바이(바이크, 스쿠터)",남성,60대 이상,자녀 성인기(막내가 대학생～결혼 전),"1,600~2,000만원 내외",자영업,충북
128823,20230701,"오토바이(바이크, 스쿠터)",남성,40대,자녀 성인기(막내가 대학생～결혼 전),"1,100~1,500만원 내외",자영업,대전
128830,20230701,전동 킥보드,남성,50대,자녀 성인기(막내가 대학생～결혼 전),800만원 내외,자영업,인천
128841,20230701,"오토바이(바이크, 스쿠터)",남성,40대,자녀 성인기(막내가 대학생～결혼 전),"2,100만원 이상",전문직,대구
128843,20230701,전동 휠,남성,50대,자녀 성인기(막내가 대학생～결혼 전),500만원 내외,무직/기타,인천
128853,20230701,전동 킥보드,남성,30대,자녀 유아기(막내가 초등학교 입학 전),300만원 내외,무직/기타,충남
128859,20230701,전기 자전거,여성,20대,1인 가구,500만원 내외,전문직,경기
128865,20230701,"오토바이(바이크, 스쿠터)",남성,50대,자녀 성인기(막내가 대학생～결혼 전),"1,600~2,000만원 내외",자영업,부산
128876,20230701,전동 킥보드,남성,30대,자녀 성장기(막내가 초등학생～고등학생),700만원 내외,기술/숙련직,경기
128885,20230701,전기 자전거,남성,50대,자녀 성인기(막내가 대학생～결혼 전),600만원 내외,기술/숙련직,경남
128923,20230701,전기 자전거,여성,20대,자녀 성인기(막내가 대학생～결혼 전),700만원 내외,사무직,울산
128925,20230701,전동 킥보드,남성,60대 이상,자녀 독립기(막내가 결혼한 상태),400만원 내외,무직/기타,경기
128940,20230701,"오토바이(바이크, 스쿠터)",여성,50대,자녀 성인기(막내가 대학생～결혼 전),600만원 내외,무직/기타,경기
128943,20230701,전기 자전거,남성,60대 이상,자녀 독립기(막내가 결혼한 상태),600만원 내외,기술/숙련직,서울
128945,20230701,"오토바이(바이크, 스쿠터)",남성,60대 이상,자녀 성인기(막내가 대학생～결혼 전),400만원 내외,무직/기타,전북
128954,20230701,"오토바이(바이크, 스쿠터)",남성,40대,1인 가구,200만원 내외,무직/기타,경북
128958,20230701,"오토바이(바이크, 스쿠터)",남성,50대,자녀 성장기(막내가 초등학생～고등학생),400만원 내외,무직/기타,경남
129016,20230701,전동 킥보드,남성,50대,자녀 성장기(막내가 초등학생～고등학생),700만원 내외,무직/기타,경기
129029,20230701,"오토바이(바이크, 스쿠터)",남성,30대,자녀 독립기(막내가 결혼한 상태),800만원 내외,사무직,서울
129031,20230701,"오토바이(바이크, 스쿠터)",남성,50대,자녀 성인기(막내가 대학생～결혼 전),700만원 내외,기술/숙련직,전남
129049,20230701,전동 킥보드,남성,50대,자녀 성장기(막내가 초등학생～고등학생),700만원 내외,일반 공무원/준공무원,경기
129060,20230701,"오토바이(바이크, 스쿠터)",남성,60대 이상,자녀 독립기(막내가 결혼한 상태),400만원 내외,무직/기타,인천
129062,20230701,"오토바이(바이크, 스쿠터)",남성,30대,자녀 성인기(막내가 대학생～결혼 전),700만원 내외,자영업,서울
129065,20230701,"오토바이(바이크, 스쿠터)",남성,60대 이상,자녀 성인기(막내가 대학생～결혼 전),"1,000만원 내외",자영업,서울
129094,20230701,전기 자전거,여성,50대,자녀 성인기(막내가 대학생～결혼 전),800만원 내외,무직/기타,경기
129103,20230701,전동 킥보드,남성,60대 이상,자녀 성인기(막내가 대학생～결혼 전),300만원 내외,무직/기타,대전
129104,20230701,"오토바이(바이크, 스쿠터)",남성,60대 이상,자녀 성인기(막내가 대학생～결혼 전),400만원 내외,자영업,서울
129106,20230701,"오토바이(바이크, 스쿠터)",여성,30대,1인 가구,100만원 이하,무직/기타,서울
129125,20230701,"오토바이(바이크, 스쿠터)",남성,50대,자녀 성인기(막내가 대학생～결혼 전),700만원 내외,일반 공무원/준공무원,부산
129156,20230701,"오토바이(바이크, 스쿠터)",남성,30대,1인 가구,400만원 내외,전문직,충북
129164,20230701,"오토바이(바이크, 스쿠터)",남성,40대,1인 가구,700만원 내외,자영업,강원
129165,20230701,"오토바이(바이크, 스쿠터)",남성,40대,자녀 성인기(막내가 대학생～결혼 전),300만원 내외,무직/기타,서울
129174,20230701,"오토바이(바이크, 스쿠터)",남성,60대 이상,자녀 성인기(막내가 대학생～결혼 전),500만원 내외,자영업,경기
129176,20230701,전동 휠,여성,50대,자녀 성장기(막내가 초등학생～고등학생),300만원 내외,무직/기타,인천
129203,20230701,"오토바이(바이크, 스쿠터)",남성,40대,자녀 성장기(막내가 초등학생～고등학생),700만원 내외,자영업,서울
129226,20230701,전기 자전거,남성,30대,자녀 유아기(막내가 초등학교 입학 전),800만원 내외,사무직,서울
129228,20230701,전기 자전거,남성,50대,자녀 성장기(막내가 초등학생～고등학생),500만원 내외,기술/숙련직,충남
129240,20230701,전동 휠,남성,50대,1인 가구,600만원 내외,경영/관리직,서울
129273,20230701,"오토바이(바이크, 스쿠터)",남성,60대 이상,자녀 독립기(막내가 결혼한 상태),200만원 내외,무직/기타,경기
129295,20230701,전기 자전거,남성,60대 이상,자녀 독립기(막내가 결혼한 상태),700만원 내외,무직/기타,서울
129309,20230701,전기 자전거,여성,60대 이상,자녀 독립기(막내가 결혼한 상태),400만원 내외,전업주부,경남
129310,20230701,전동 킥보드,남성,50대,자녀 성장기(막내가 초등학생～고등학생),"1,100~1,500만원 내외",판매/서비스직,경기
129321,20230701,"오토바이(바이크, 스쿠터)",남성,60대 이상,1인 가구,500만원 내외,기술/숙련직,강원
129351,20230701,"오토바이(바이크, 스쿠터)",남성,50대,자녀 성인기(막내가 대학생～결혼 전),800만원 내외,무직/기타,울산
129362,20230701,전기 자전거,여성,40대,자녀 유아기(막내가 초등학교 입학 전),300만원 내외,전업주부,인천
129381,20230701,전기 자전거,여성,60대 이상,자녀 성인기(막내가 대학생～결혼 전),600만원 내외,판매/서비스직,경기
129410,20230701,"오토바이(바이크, 스쿠터)",남성,40대,자녀 성장기(막내가 초등학생～고등학생),600만원 내외,자영업,대구
129419,20230701,전동 킥보드,남성,40대,자녀 성인기(막내가 대학생～결혼 전),"2,100만원 이상",사무직,인천
129423,20230701,전동 스케이트보드,남성,40대,자녀 성장기(막내가 초등학생～고등학생),600만원 내외,사무직,인천
129443,20230701,전동 킥보드,남성,50대,자녀 성인기(막내가 대학생～결혼 전),900만원 내외,일반 공무원/준공무원,인천
129448,20230701,전동 킥보드,남성,30대,1인 가구,모름,전문직,서울
129471,20230701,"오토바이(바이크, 스쿠터)",남성,40대,자녀 성장기(막내가 초등학생～고등학생),600만원 내외,자영업,서울
129480,20230701,전기 자전거,남성,60대 이상,자녀 성인기(막내가 대학생～결혼 전),500만원 내외,자영업,서울
129482,20230701,전동 킥보드,여성,20대,1인 가구,"1,000만원 내외",자영업,서울
129490,20230701,"오토바이(바이크, 스쿠터)",남성,30대,1인 가구,300만원 내외,기술/숙련직,울산
129492,20230701,전기 자전거,남성,60대 이상,자녀 독립기(막내가 결혼한 상태),"1,000만원 내외",자영업,경기
129501,20230701,"오토바이(바이크, 스쿠터)",남성,50대,1인 가구,300만원 내외,판매/서비스직,경기
129526,20230701,"오토바이(바이크, 스쿠터)",남성,40대,자녀 유아기(막내가 초등학교 입학 전),500만원 내외,자영업,경기
129531,20230701,전동 킥보드,여성,20대,자녀 독립기(막내가 결혼한 상태),200만원 내외,기술/숙련직,충남
129534,20230701,전동 킥보드,여성,40대,자녀 유아기(막내가 초등학교 입학 전),500만원 내외,전업주부,강원
129541,20230701,"오토바이(바이크, 스쿠터)",남성,50대,1인 가구,500만원 내외,자영업,경기
129552,20230701,전기 자전거,남성,50대,자녀 성인기(막내가 대학생～결혼 전),600만원 내외,기술/숙련직,인천
129553,20230701,전동 킥보드,남성,40대,자녀 성장기(막내가 초등학생～고등학생),모름,무직/기타,제주
129561,20230701,"오토바이(바이크, 스쿠터)",남성,50대,자녀 성인기(막내가 대학생～결혼 전),700만원 내외,기술/숙련직,전북
129578,20230701,"오토바이(바이크, 스쿠터)",남성,40대,자녀 성장기(막내가 초등학생～고등학생),100만원 이하,무직/기타,전북
129586,20230701,전동 휠,남성,50대,자녀 성인기(막내가 대학생～결혼 전),500만원 내외,전문직,경기
129654,20230701,전기 자전거,여성,50대,자녀 성장기(막내가 초등학생～고등학생),500만원 내외,판매/서비스직,경북
129657,20230701,전동 스쿠터,남성,60대 이상,자녀 성인기(막내가 대학생～결혼 전),"1,100~1,500만원 내외",자영업,경기
129658,20230701,전기 자전거,여성,50대,자녀 성장기(막내가 초등학생～고등학생),400만원 내외,사무직,광주
129659,20230701,전동 킥보드,남성,40대,1인 가구,600만원 내외,기술/숙련직,경기
129681,20230701,"오토바이(바이크, 스쿠터)",남성,60대 이상,자녀 독립기(막내가 결혼한 상태),300만원 내외,무직/기타,강원
129684,20230701,전기 자전거,남성,60대 이상,자녀 성인기(막내가 대학생～결혼 전),600만원 내외,사무직,경기
129692,20230701,"오토바이(바이크, 스쿠터)",남성,40대,1인 가구,200만원 내외,기술/숙련직,부산
129699,20230701,"오토바이(바이크, 스쿠터)",여성,40대,자녀 성장기(막내가 초등학생～고등학생),"1,000만원 내외",전업주부,경기
129704,20230701,전동 스쿠터,남성,60대 이상,1인 가구,100만원 이하,무직/기타,경남
129722,20230701,전기 자전거,남성,50대,자녀 성인기(막내가 대학생～결혼 전),900만원 내외,일반 공무원/준공무원,경남
129751,20230701,"오토바이(바이크, 스쿠터)",남성,40대,자녀 성장기(막내가 초등학생～고등학생),900만원 내외,자영업,부산
129754,20230701,전동 킥보드,남성,40대,자녀 유아기(막내가 초등학교 입학 전),300만원 내외,기술/숙련직,경기
129774,20230701,전동 킥보드,남성,40대,자녀 성장기(막내가 초등학생～고등학생),"1,000만원 내외",기술/숙련직,경기
129784,20230701,전기 자전거,남성,50대,자녀 성인기(막내가 대학생～결혼 전),600만원 내외,사무직,서울
129790,20230701,전기 자전거,남성,60대 이상,자녀 성인기(막내가 대학생～결혼 전),"1,000만원 내외",기술/숙련직,경기
129793,20230701,"오토바이(바이크, 스쿠터)",남성,50대,자녀 성장기(막내가 초등학생～고등학생),600만원 내외,자영업,서울
129796,20230701,전동 스쿠터,남성,60대 이상,자녀 독립기(막내가 결혼한 상태),200만원 내외,무직/기타,서울
129850,20230701,전기 자전거,남성,60대 이상,자녀 독립기(막내가 결혼한 상태),500만원 내외,기술/숙련직,서울
129856,20230701,"오토바이(바이크, 스쿠터)",여성,30대,신혼기(자녀없음),800만원 내외,사무직,제주
129859,20230701,"오토바이(바이크, 스쿠터)",남성,50대,자녀 성인기(막내가 대학생～결혼 전),800만원 내외,기술/숙련직,인천
129876,20230701,"오토바이(바이크, 스쿠터)",남성,40대,자녀 성장기(막내가 초등학생～고등학생),300만원 내외,판매/서비스직,경기
129885,20230701,"오토바이(바이크, 스쿠터)",여성,40대,자녀 성장기(막내가 초등학생～고등학생),600만원 내외,사무직,경기
129893,20230701,전기 자전거,남성,40대,자녀 성장기(막내가 초등학생～고등학생),600만원 내외,사무직,부산
129932,20230701,"오토바이(바이크, 스쿠터)",남성,40대,자녀 독립기(막내가 결혼한 상태),"1,000만원 내외",자영업,대구
129941,20230701,"오토바이(바이크, 스쿠터)",남성,40대,자녀 유아기(막내가 초등학교 입학 전),100만원 이하,무직/기타,경기
129947,20230701,전기 자전거,남성,60대 이상,자녀 독립기(막내가 결혼한 상태),600만원 내외,기술/숙련직,경기
129980,20230701,전동 킥보드,남성,30대,자녀 유아기(막내가 초등학교 입학 전),800만원 내외,기술/숙련직,경남
129984,20230701,전동 킥보드,남성,40대,자녀 성장기(막내가 초등학생～고등학생),600만원 내외,기술/숙련직,경기
130000,20230701,전기 자전거,남성,50대,자녀 성인기(막내가 대학생～결혼 전),"1,000만원 내외",자영업,서울
130006,20230701,전동 킥보드,남성,50대,자녀 성인기(막내가 대학생～결혼 전),"1,000만원 내외",자영업,경기
130007,20230701,"오토바이(바이크, 스쿠터)",남성,40대,자녀 성장기(막내가 초등학생～고등학생),400만원 내외,기술/숙련직,경기
130012,20230701,"오토바이(바이크, 스쿠터)",남성,50대,자녀 성인기(막내가 대학생～결혼 전),"1,600~2,000만원 내외",기술/숙련직,경기
130025,20230701,"오토바이(바이크, 스쿠터)",남성,60대 이상,자녀 성인기(막내가 대학생～결혼 전),500만원 내외,자영업,대전
130079,20230701,전기 자전거,남성,50대,자녀 성장기(막내가 초등학생～고등학생),300만원 내외,기술/숙련직,경기
130112,20230701,전동 킥보드,남성,40대,자녀 성장기(막내가 초등학생～고등학생),300만원 내외,기술/숙련직,경북
130113,20230701,"오토바이(바이크, 스쿠터)",남성,40대,자녀 성장기(막내가 초등학생～고등학생),800만원 내외,자영업,경기
130121,20230701,전동 킥보드,남성,30대,신혼기 초과(자녀없음),600만원 내외,자영업,울산
130129,20230701,전기 자전거,남성,60대 이상,자녀 성인기(막내가 대학생～결혼 전),200만원 내외,무직/기타,전남
130148,20230701,전기 자전거,남성,50대,자녀 성인기(막내가 대학생～결혼 전),"2,100만원 이상",전문직,경기
130168,20230701,"오토바이(바이크, 스쿠터)",남성,40대,1인 가구,400만원 내외,기술/숙련직,경북
130192,20230701,전동 킥보드,남성,50대,자녀 성장기(막내가 초등학생～고등학생),500만원 내외,기술/숙련직,대구
130193,20230701,전동 휠,여성,20대,자녀 성인기(막내가 대학생～결혼 전),900만원 내외,사무직,서울
130197,20230701,전동 스쿠터,남성,30대,자녀 유아기(막내가 초등학교 입학 전),"1,000만원 내외",사무직,경기
130218,20230701,전동 스쿠터,남성,60대 이상,자녀 성인기(막내가 대학생～결혼 전),700만원 내외,무직/기타,서울
130245,20230701,"오토바이(바이크, 스쿠터)",남성,40대,자녀 성장기(막내가 초등학생～고등학생),500만원 내외,자영업,대구
130252,20230701,"오토바이(바이크, 스쿠터)",남성,50대,자녀 성인기(막내가 대학생～결혼 전),"1,100~1,500만원 내외",자영업,경남
130258,20230701,전동 킥보드,남성,60대 이상,자녀 성인기(막내가 대학생～결혼 전),500만원 내외,자영업,경기
130262,20230701,"오토바이(바이크, 스쿠터)",남성,30대,1인 가구,400만원 내외,전문직,서울
130269,20230701,"오토바이(바이크, 스쿠터)",남성,50대,자녀 성인기(막내가 대학생～결혼 전),700만원 내외,기술/숙련직,울산
130285,20230701,전기 자전거,여성,40대,자녀 성장기(막내가 초등학생～고등학생),400만원 내외,전업주부,서울
130299,20230701,전기 자전거,남성,60대 이상,자녀 독립기(막내가 결혼한 상태),800만원 내외,무직/기타,전북
130313,20230701,전기 자전거,남성,50대,자녀 성장기(막내가 초등학생～고등학생),"1,100~1,500만원 내외",일반 공무원/준공무원,세종
130331,20230701,"오토바이(바이크, 스쿠터)",남성,40대,자녀 성장기(막내가 초등학생～고등학생),"1,000만원 내외",사무직,부산
130332,20230701,"오토바이(바이크, 스쿠터)",남성,50대,자녀 성장기(막내가 초등학생～고등학생),"1,000만원 내외",일반 공무원/준공무원,전북
130347,20230701,"오토바이(바이크, 스쿠터)",남성,40대,자녀 성장기(막내가 초등학생～고등학생),200만원 내외,자영업,광주
130352,20230701,"오토바이(바이크, 스쿠터)",남성,40대,자녀 성장기(막내가 초등학생～고등학생),800만원 내외,자영업,경북
130367,20230701,"오토바이(바이크, 스쿠터)",남성,50대,자녀 독립기(막내가 결혼한 상태),600만원 내외,자영업,경기
130374,20230701,"오토바이(바이크, 스쿠터)",남성,50대,자녀 성인기(막내가 대학생～결혼 전),800만원 내외,자영업,부산
130378,20230701,"오토바이(바이크, 스쿠터)",남성,50대,자녀 성인기(막내가 대학생～결혼 전),600만원 내외,사무직,대전
130384,20230701,전동 킥보드,남성,60대 이상,자녀 독립기(막내가 결혼한 상태),"1,000만원 내외",자영업,경기
130394,20230701,전동 킥보드,남성,50대,자녀 성장기(막내가 초등학생～고등학생),700만원 내외,기술/숙련직,서울
130398,20230701,전기 자전거,남성,50대,1인 가구,800만원 내외,자영업,강원
130400,20230701,"오토바이(바이크, 스쿠터)",남성,50대,자녀 성장기(막내가 초등학생～고등학생),400만원 내외,기술/숙련직,경북
130402,20230701,"오토바이(바이크, 스쿠터)",남성,20대,1인 가구,900만원 내외,자영업,전남
130403,20230701,전동 킥보드,여성,40대,자녀 성장기(막내가 초등학생～고등학생),400만원 내외,기술/숙련직,대전
130412,20230701,"오토바이(바이크, 스쿠터)",남성,30대,자녀 성장기(막내가 초등학생～고등학생),모름,기술/숙련직,부산
130423,20230701,"오토바이(바이크, 스쿠터)",남성,60대 이상,자녀 성인기(막내가 대학생～결혼 전),500만원 내외,무직/기타,경기
130445,20230701,전기 자전거,여성,40대,1인 가구,600만원 내외,사무직,부산
130465,20230701,"오토바이(바이크, 스쿠터)",남성,60대 이상,자녀 독립기(막내가 결혼한 상태),500만원 내외,무직/기타,부산
130472,20230701,"오토바이(바이크, 스쿠터)",남성,40대,1인 가구,500만원 내외,자영업,경기
130504,20230701,전동 스쿠터,남성,50대,자녀 성인기(막내가 대학생～결혼 전),700만원 내외,일반 공무원/준공무원,경기
130563,20230701,"오토바이(바이크, 스쿠터)",남성,40대,자녀 성장기(막내가 초등학생～고등학생),"1,100~1,500만원 내외",기술/숙련직,경남
130569,20230701,전기 자전거,남성,50대,자녀 성인기(막내가 대학생～결혼 전),700만원 내외,자영업,서울
130575,20230701,"오토바이(바이크, 스쿠터)",남성,40대,자녀 성장기(막내가 초등학생～고등학생),800만원 내외,기술/숙련직,광주
130609,20230701,전기 자전거,남성,60대 이상,자녀 독립기(막내가 결혼한 상태),600만원 내외,자영업,경기
130613,20230701,"오토바이(바이크, 스쿠터)",여성,40대,자녀 성인기(막내가 대학생～결혼 전),600만원 내외,전문직,서울
130679,20230701,전기 자전거,남성,40대,자녀 성장기(막내가 초등학생～고등학생),"1,100~1,500만원 내외",기술/숙련직,충남
130681,20230701,전동 킥보드,남성,50대,자녀 성장기(막내가 초등학생～고등학생),500만원 내외,판매/서비스직,대전
130698,20230701,전동 스쿠터,남성,40대,자녀 유아기(막내가 초등학교 입학 전),400만원 내외,기술/숙련직,부산
130710,20230701,"오토바이(바이크, 스쿠터)",여성,40대,신혼기(자녀없음),600만원 내외,전업주부,전북
130744,20230701,전동 킥보드,여성,20대,자녀 성인기(막내가 대학생～결혼 전),"2,100만원 이상",판매/서비스직,부산
130750,20230701,전동 스케이트보드,남성,40대,자녀 유아기(막내가 초등학교 입학 전),100만원 이하,자영업,제주
130757,20230701,"오토바이(바이크, 스쿠터)",남성,40대,자녀 성장기(막내가 초등학생～고등학생),200만원 내외,무직/기타,강원
130764,20230701,"오토바이(바이크, 스쿠터)",남성,40대,자녀 유아기(막내가 초등학교 입학 전),"1,000만원 내외",자영업,서울
130784,20230701,"오토바이(바이크, 스쿠터)",남성,40대,1인 가구,100만원 이하,무직/기타,서울
130787,20230701,전기 자전거,여성,40대,자녀 성장기(막내가 초등학생～고등학생),800만원 내외,전업주부,경기
130803,20230701,전동 휠,여성,40대,자녀 성장기(막내가 초등학생～고등학생),400만원 내외,일반 공무원/준공무원,경남
130825,20230701,"오토바이(바이크, 스쿠터)",남성,50대,자녀 독립기(막내가 결혼한 상태),500만원 내외,기술/숙련직,충남
130835,20230701,"오토바이(바이크, 스쿠터)",남성,40대,자녀 성장기(막내가 초등학생～고등학생),600만원 내외,기술/숙련직,경북
130840,20230701,전기 자전거,남성,50대,1인 가구,500만원 내외,경영/관리직,인천
130875,20230701,전동 스쿠터,여성,30대,자녀 유아기(막내가 초등학교 입학 전),300만원 내외,전업주부,서울
130889,20230701,전기 자전거,여성,60대 이상,자녀 성인기(막내가 대학생～결혼 전),700만원 내외,판매/서비스직,대구
130895,20230701,"오토바이(바이크, 스쿠터)",남성,40대,자녀 유아기(막내가 초등학교 입학 전),700만원 내외,자영업,경남
130919,20230701,전동 킥보드,여성,30대,1인 가구,300만원 내외,기술/숙련직,경기
130926,20230701,"오토바이(바이크, 스쿠터)",남성,50대,자녀 성인기(막내가 대학생～결혼 전),500만원 내외,자영업,전북
130929,20230701,전기 자전거,남성,50대,자녀 성인기(막내가 대학생～결혼 전),600만원 내외,자영업,서울
130944,20230701,"오토바이(바이크, 스쿠터)",남성,60대 이상,자녀 독립기(막내가 결혼한 상태),"1,000만원 내외",무직/기타,부산
130948,20230701,전동 킥보드,남성,50대,자녀 성인기(막내가 대학생～결혼 전),400만원 내외,기술/숙련직,전남
130967,20230701,전기 자전거,남성,40대,자녀 성장기(막내가 초등학생～고등학생),400만원 내외,기술/숙련직,전남
131004,20230701,전동 킥보드,남성,50대,자녀 성장기(막내가 초등학생～고등학생),600만원 내외,무직/기타,경기
131074,20230701,"오토바이(바이크, 스쿠터)",남성,20대,자녀 성인기(막내가 대학생～결혼 전),"1,600~2,000만원 내외",기술/숙련직,인천
131080,20230701,전기 자전거,여성,30대,신혼기 초과(자녀없음),400만원 내외,판매/서비스직,광주
131086,20230701,"오토바이(바이크, 스쿠터)",남성,50대,신혼기(자녀없음),700만원 내외,기술/숙련직,경기
131088,20230701,"오토바이(바이크, 스쿠터)",남성,40대,1인 가구,600만원 내외,기술/숙련직,경남
131097,20230701,"오토바이(바이크, 스쿠터)",남성,40대,자녀 성장기(막내가 초등학생～고등학생),400만원 내외,일반 공무원/준공무원,서울
131147,20230701,"오토바이(바이크, 스쿠터)",남성,40대,자녀 성장기(막내가 초등학생～고등학생),700만원 내외,판매/서비스직,경기
131163,20230701,전기 자전거,여성,20대,자녀 성인기(막내가 대학생～결혼 전),"1,600~2,000만원 내외",전문직,서울
131174,20230701,전기 자전거,남성,50대,자녀 성인기(막내가 대학생～결혼 전),600만원 내외,자영업,대전
131252,20230701,전동 킥보드,여성,40대,자녀 성장기(막내가 초등학생～고등학생),500만원 내외,전업주부,제주
131259,20230701,"오토바이(바이크, 스쿠터)",남성,30대,자녀 성장기(막내가 초등학생～고등학생),500만원 내외,기술/숙련직,광주
131268,20230701,"오토바이(바이크, 스쿠터)",남성,50대,자녀 성인기(막내가 대학생～결혼 전),200만원 내외,자영업,경남
131280,20230701,"오토바이(바이크, 스쿠터)",남성,60대 이상,자녀 독립기(막내가 결혼한 상태),500만원 내외,무직/기타,충북
131282,20230701,전기 자전거,여성,40대,자녀 유아기(막내가 초등학교 입학 전),500만원 내외,사무직,경기
131290,20230701,전동 스쿠터,남성,30대,신혼기(자녀없음),300만원 내외,기술/숙련직,대구
131301,20230701,전기 자전거,남성,50대,자녀 성장기(막내가 초등학생～고등학생),600만원 내외,사무직,인천
131302,20230701,전동 킥보드,남성,40대,자녀 독립기(막내가 결혼한 상태),400만원 내외,무직/기타,서울
131331,20230701,전기 자전거,남성,50대,자녀 성인기(막내가 대학생～결혼 전),700만원 내외,경영/관리직,광주
131333,20230701,전기 자전거,남성,30대,자녀 유아기(막내가 초등학교 입학 전),300만원 내외,기술/숙련직,강원
131337,20230701,전동 스쿠터,남성,40대,자녀 성장기(막내가 초등학생～고등학생),400만원 내외,자영업,서울
131340,20230701,전동 킥보드,남성,40대,자녀 성장기(막내가 초등학생～고등학생),400만원 내외,사무직,대구
131358,20230701,전기 자전거,여성,50대,자녀 성인기(막내가 대학생～결혼 전),600만원 내외,전업주부,서울
131361,20230701,전기 자전거,남성,60대 이상,자녀 독립기(막내가 결혼한 상태),700만원 내외,무직/기타,경기
131365,20230701,전기 자전거,여성,30대,1인 가구,400만원 내외,사무직,경기
131385,20230701,"오토바이(바이크, 스쿠터)",남성,50대,자녀 성인기(막내가 대학생～결혼 전),600만원 내외,사무직,서울
131419,20230701,"오토바이(바이크, 스쿠터)",남성,50대,자녀 성장기(막내가 초등학생～고등학생),800만원 내외,경영/관리직,경기
131475,20230701,전동 킥보드,남성,50대,자녀 성인기(막내가 대학생～결혼 전),600만원 내외,일반 공무원/준공무원,경기
131491,20230701,전동 킥보드,남성,60대 이상,자녀 성인기(막내가 대학생～결혼 전),500만원 내외,기술/숙련직,대구
131497,20230701,전기 자전거,남성,40대,자녀 유아기(막내가 초등학교 입학 전),600만원 내외,사무직,서울
131507,20230701,전기 자전거,남성,60대 이상,자녀 성인기(막내가 대학생～결혼 전),500만원 내외,무직/기타,서울
131519,20230701,전동 스케이트보드,남성,30대,자녀 유아기(막내가 초등학교 입학 전),800만원 내외,사무직,서울
131522,20230701,전기 자전거,남성,40대,1인 가구,300만원 내외,기술/숙련직,서울
131524,20230701,전기 자전거,남성,30대,자녀 성인기(막내가 대학생～결혼 전),500만원 내외,일반 공무원/준공무원,대전
131526,20230701,전기 자전거,남성,60대 이상,자녀 성인기(막내가 대학생～결혼 전),"2,100만원 이상",자영업,인천
131557,20230701,전기 자전거,남성,40대,자녀 유아기(막내가 초등학교 입학 전),500만원 내외,사무직,서울
131561,20230701,"오토바이(바이크, 스쿠터)",남성,50대,자녀 독립기(막내가 결혼한 상태),600만원 내외,사무직,경북
131573,20230701,전동 킥보드,남성,30대,1인 가구,500만원 내외,자영업,서울
131586,20230701,"오토바이(바이크, 스쿠터)",여성,20대,자녀 성장기(막내가 초등학생～고등학생),"1,100~1,500만원 내외",기술/숙련직,대전
131598,20230701,전동 킥보드,남성,40대,자녀 성장기(막내가 초등학생～고등학생),"1,100~1,500만원 내외",자영업,전북
131600,20230701,"오토바이(바이크, 스쿠터)",여성,30대,1인 가구,200만원 내외,사무직,경기
131626,20230701,전기 자전거,남성,50대,자녀 성장기(막내가 초등학생～고등학생),"1,000만원 내외",자영업,서울
131644,20230701,"오토바이(바이크, 스쿠터)",남성,20대,자녀 성인기(막내가 대학생～결혼 전),모름,사무직,경기
131660,20230701,전기 자전거,남성,60대 이상,자녀 독립기(막내가 결혼한 상태),700만원 내외,기술/숙련직,대전
131678,20230701,"오토바이(바이크, 스쿠터)",남성,50대,자녀 성인기(막내가 대학생～결혼 전),500만원 내외,자영업,전북
131680,20230701,전기 자전거,남성,30대,자녀 유아기(막내가 초등학교 입학 전),700만원 내외,사무직,서울
131691,20230701,"오토바이(바이크, 스쿠터)",남성,40대,자녀 성인기(막내가 대학생～결혼 전),800만원 내외,사무직,서울
131733,20230701,"오토바이(바이크, 스쿠터)",여성,50대,자녀 성인기(막내가 대학생～결혼 전),400만원 내외,무직/기타,대구
131737,20230701,"오토바이(바이크, 스쿠터)",남성,40대,자녀 유아기(막내가 초등학교 입학 전),500만원 내외,사무직,서울
131739,20230701,전동 킥보드,남성,30대,1인 가구,모름,무직/기타,대전
131747,20230701,전기 자전거,남성,30대,1인 가구,300만원 내외,판매/서비스직,광주
131750,20230701,전동 휠,남성,40대,자녀 유아기(막내가 초등학교 입학 전),700만원 내외,사무직,경남
131772,20230701,"오토바이(바이크, 스쿠터)",남성,30대,1인 가구,500만원 내외,기술/숙련직,인천
131849,20230701,"오토바이(바이크, 스쿠터)",남성,50대,자녀 성인기(막내가 대학생～결혼 전),"1,000만원 내외",일반 공무원/준공무원,경기
131857,20230701,전동 스쿠터,남성,60대 이상,자녀 성인기(막내가 대학생～결혼 전),600만원 내외,자영업,서울
131905,20230701,전동 킥보드,남성,30대,자녀 유아기(막내가 초등학교 입학 전),"1,000만원 내외",사무직,경기
131909,20230701,전기 자전거,여성,20대,1인 가구,700만원 내외,무직/기타,광주
131916,20230701,전기 자전거,남성,40대,1인 가구,100만원 이하,무직/기타,부산
131918,20230701,전동 스쿠터,남성,30대,자녀 성장기(막내가 초등학생～고등학생),400만원 내외,기술/숙련직,부산
131927,20230701,전기 자전거,남성,60대 이상,자녀 독립기(막내가 결혼한 상태),200만원 내외,무직/기타,강원
131943,20230701,전기 자전거,남성,30대,신혼기(자녀없음),600만원 내외,일반 공무원/준공무원,대전
131947,20230701,전동 킥보드,남성,30대,자녀 독립기(막내가 결혼한 상태),300만원 내외,기술/숙련직,서울
131949,20230701,전동 킥보드,여성,20대,자녀 성인기(막내가 대학생～결혼 전),600만원 내외,자영업,경기
131967,20230701,전기 자전거,남성,40대,자녀 성장기(막내가 초등학생～고등학생),"1,000만원 내외",사무직,서울
131995,20230701,전동 스쿠터,남성,40대,자녀 유아기(막내가 초등학교 입학 전),500만원 내외,기술/숙련직,경기
131996,20230701,전기 자전거,남성,60대 이상,자녀 독립기(막내가 결혼한 상태),900만원 내외,자영업,대전
132003,20230701,"오토바이(바이크, 스쿠터)",남성,50대,1인 가구,500만원 내외,판매/서비스직,경기
132006,20230701,전기 자전거,남성,50대,자녀 성인기(막내가 대학생～결혼 전),500만원 내외,기술/숙련직,부산
132039,20230701,전동 킥보드,여성,20대,1인 가구,500만원 내외,무직/기타,전북
132045,20230701,전동 킥보드,남성,40대,자녀 유아기(막내가 초등학교 입학 전),800만원 내외,사무직,서울
132046,20230701,전기 자전거,남성,40대,자녀 유아기(막내가 초등학교 입학 전),300만원 내외,기술/숙련직,인천
132055,20230701,전동 스쿠터,남성,30대,자녀 성장기(막내가 초등학생～고등학생),600만원 내외,기술/숙련직,충북
132060,20230701,전기 자전거,남성,50대,자녀 성장기(막내가 초등학생～고등학생),"2,100만원 이상",전문직,경남
132081,20230701,"오토바이(바이크, 스쿠터)",남성,40대,신혼기 초과(자녀없음),500만원 내외,일반 공무원/준공무원,경기
132092,20230701,전동 스케이트보드,남성,50대,자녀 독립기(막내가 결혼한 상태),300만원 내외,판매/서비스직,강원
132102,20230701,전동 휠,여성,50대,자녀 성장기(막내가 초등학생～고등학생),600만원 내외,기술/숙련직,서울
132113,20230701,"오토바이(바이크, 스쿠터)",남성,40대,자녀 성장기(막내가 초등학생～고등학생),"1,000만원 내외",무직/기타,인천
132116,20230701,전동 킥보드,남성,40대,자녀 성장기(막내가 초등학생～고등학생),400만원 내외,사무직,대전
132131,20230701,전기 자전거,여성,30대,자녀 성장기(막내가 초등학생～고등학생),800만원 내외,사무직,서울
132167,20230701,전기 자전거,남성,60대 이상,자녀 성인기(막내가 대학생～결혼 전),300만원 내외,무직/기타,울산
132172,20230701,전기 자전거,남성,60대 이상,자녀 독립기(막내가 결혼한 상태),300만원 내외,기술/숙련직,대전
132180,20230701,전기 자전거,여성,20대,자녀 성인기(막내가 대학생～결혼 전),700만원 내외,무직/기타,대구
132186,20230701,전동 킥보드,남성,40대,자녀 유아기(막내가 초등학교 입학 전),500만원 내외,전문직,부산
132190,20230701,전동 킥보드,여성,40대,1인 가구,300만원 내외,사무직,대전
132199,20230701,"오토바이(바이크, 스쿠터)",남성,50대,1인 가구,"2,100만원 이상",기술/숙련직,경기
132200,20230701,전기 자전거,남성,60대 이상,1인 가구,300만원 내외,무직/기타,경남
132218,20230701,전동 킥보드,남성,30대,1인 가구,"1,600~2,000만원 내외",자영업,경기
132273,20230701,"오토바이(바이크, 스쿠터)",남성,50대,자녀 성장기(막내가 초등학생～고등학생),600만원 내외,사무직,경기
132290,20230701,전기 자전거,남성,60대 이상,자녀 성인기(막내가 대학생～결혼 전),400만원 내외,무직/기타,경남
132309,20230701,전동 킥보드,남성,40대,자녀 성장기(막내가 초등학생～고등학생),600만원 내외,경영/관리직,충북
132319,20230701,전동 킥보드,남성,40대,자녀 성장기(막내가 초등학생～고등학생),500만원 내외,무직/기타,경기
132331,20230701,"오토바이(바이크, 스쿠터)",남성,50대,자녀 성장기(막내가 초등학생～고등학생),800만원 내외,기술/숙련직,경기
132351,20230701,전동 킥보드,남성,40대,1인 가구,700만원 내외,자영업,경남
132352,20230701,"오토바이(바이크, 스쿠터)",남성,50대,1인 가구,400만원 내외,일반 공무원/준공무원,강원
132370,20230701,전기 자전거,남성,40대,자녀 성장기(막내가 초등학생～고등학생),600만원 내외,사무직,인천
132390,20230701,전동 킥보드,남성,40대,자녀 성장기(막내가 초등학생～고등학생),500만원 내외,사무직,서울
132430,20230701,전동 킥보드,남성,40대,자녀 성장기(막내가 초등학생～고등학생),"1,000만원 내외",판매/서비스직,서울
132434,20230701,"오토바이(바이크, 스쿠터)",남성,50대,1인 가구,200만원 내외,기술/숙련직,강원
132444,20230701,전기 자전거,남성,40대,자녀 성장기(막내가 초등학생～고등학생),500만원 내외,사무직,충남
132457,20230701,전동 킥보드,남성,50대,신혼기 초과(자녀없음),"1,000만원 내외",일반 공무원/준공무원,서울
132494,20230701,전기 자전거,남성,40대,자녀 성인기(막내가 대학생～결혼 전),300만원 내외,기술/숙련직,전북
132500,20230701,"오토바이(바이크, 스쿠터)",남성,40대,1인 가구,300만원 내외,기술/숙련직,서울
132504,20230701,"오토바이(바이크, 스쿠터)",남성,50대,자녀 성인기(막내가 대학생～결혼 전),"1,600~2,000만원 내외",경영/관리직,충남
132541,20230701,전동 킥보드,남성,60대 이상,자녀 성인기(막내가 대학생～결혼 전),"1,000만원 내외",무직/기타,부산
132544,20230701,전기 자전거,남성,60대 이상,자녀 독립기(막내가 결혼한 상태),700만원 내외,사무직,서울
132549,20230701,전기 자전거,여성,40대,자녀 성장기(막내가 초등학생～고등학생),"1,000만원 내외",자영업,경기
132553,20230701,전기 자전거,남성,40대,자녀 성장기(막내가 초등학생～고등학생),800만원 내외,사무직,경기
132558,20230701,전동 킥보드,남성,30대,자녀 유아기(막내가 초등학교 입학 전),800만원 내외,사무직,경기
132580,20230701,전기 자전거,남성,40대,자녀 유아기(막내가 초등학교 입학 전),300만원 내외,기술/숙련직,인천
132588,20230701,전동 킥보드,남성,60대 이상,자녀 성인기(막내가 대학생～결혼 전),900만원 내외,무직/기타,경기
132595,20230701,전동 킥보드,여성,30대,1인 가구,300만원 내외,사무직,세종
132609,20230701,"오토바이(바이크, 스쿠터)",남성,20대,자녀 성인기(막내가 대학생～결혼 전),"1,600~2,000만원 내외",기술/숙련직,서울
132613,20230701,"오토바이(바이크, 스쿠터)",남성,50대,자녀 성인기(막내가 대학생～결혼 전),"1,600~2,000만원 내외",기술/숙련직,서울
132619,20230701,전기 자전거,남성,40대,1인 가구,400만원 내외,자영업,경기
132630,20230701,전동 킥보드,남성,50대,자녀 성장기(막내가 초등학생～고등학생),"1,100~1,500만원 내외",기술/숙련직,인천
132638,20230701,전기 자전거,남성,60대 이상,자녀 성인기(막내가 대학생～결혼 전),600만원 내외,무직/기타,서울
132647,20230701,"오토바이(바이크, 스쿠터)",남성,50대,자녀 독립기(막내가 결혼한 상태),"1,000만원 내외",자영업,경기
132700,20230701,전동 킥보드,남성,50대,자녀 성인기(막내가 대학생～결혼 전),"1,000만원 내외",자영업,서울
132703,20230701,"오토바이(바이크, 스쿠터)",남성,60대 이상,자녀 독립기(막내가 결혼한 상태),600만원 내외,기술/숙련직,서울
132712,20230701,"오토바이(바이크, 스쿠터)",남성,50대,자녀 성인기(막내가 대학생～결혼 전),600만원 내외,기술/숙련직,경남
132716,20230701,전동 킥보드,여성,50대,자녀 성장기(막내가 초등학생～고등학생),700만원 내외,전문직,서울
132722,20230701,"오토바이(바이크, 스쿠터)",남성,50대,자녀 성인기(막내가 대학생～결혼 전),"1,600~2,000만원 내외",기술/숙련직,서울
132725,20230701,"오토바이(바이크, 스쿠터)",남성,50대,자녀 성장기(막내가 초등학생～고등학생),모름,기술/숙련직,충남
132730,20230701,전기 자전거,남성,60대 이상,자녀 성인기(막내가 대학생～결혼 전),500만원 내외,경영/관리직,서울
132743,20230701,전동 스케이트보드,남성,40대,1인 가구,100만원 이하,기술/숙련직,서울
132750,20230701,"오토바이(바이크, 스쿠터)",여성,40대,자녀 성장기(막내가 초등학생～고등학생),600만원 내외,일반 공무원/준공무원,강원
132755,20230701,전동 킥보드,여성,40대,자녀 성장기(막내가 초등학생～고등학생),"1,000만원 내외",사무직,서울
132768,20230701,전동 킥보드,남성,20대,1인 가구,300만원 내외,기술/숙련직,경북
132772,20230701,전동 휠,남성,60대 이상,자녀 독립기(막내가 결혼한 상태),400만원 내외,자영업,전남
132787,20230701,전동 스케이트보드,여성,20대,1인 가구,300만원 내외,기술/숙련직,서울
132797,20230701,전기 자전거,남성,40대,자녀 성장기(막내가 초등학생～고등학생),500만원 내외,일반 공무원/준공무원,서울
132801,20230701,전동 킥보드,남성,60대 이상,자녀 성인기(막내가 대학생～결혼 전),400만원 내외,기술/숙련직,경기
132816,20230701,"오토바이(바이크, 스쿠터)",남성,20대,자녀 유아기(막내가 초등학교 입학 전),700만원 내외,사무직,서울
132825,20230701,전동 킥보드,남성,50대,자녀 성장기(막내가 초등학생～고등학생),400만원 내외,일반 공무원/준공무원,서울
132830,20230701,전동 킥보드,여성,40대,1인 가구,300만원 내외,자영업,충남
132835,20230701,전기 자전거,여성,30대,자녀 성인기(막내가 대학생～결혼 전),300만원 내외,사무직,인천
132836,20230701,전동 킥보드,남성,40대,신혼기(자녀없음),400만원 내외,사무직,경기
132837,20230701,"오토바이(바이크, 스쿠터)",남성,60대 이상,자녀 독립기(막내가 결혼한 상태),400만원 내외,무직/기타,경북
132841,20230701,"오토바이(바이크, 스쿠터)",남성,50대,1인 가구,300만원 내외,기술/숙련직,경북
132851,20230701,"오토바이(바이크, 스쿠터)",남성,50대,자녀 성장기(막내가 초등학생～고등학생),800만원 내외,전문직,서울
132853,20230701,"오토바이(바이크, 스쿠터)",남성,30대,자녀 유아기(막내가 초등학교 입학 전),"1,000만원 내외",판매/서비스직,경기
132888,20230701,전동 킥보드,남성,40대,자녀 성장기(막내가 초등학생～고등학생),700만원 내외,자영업,충남
132889,20230701,전기 자전거,남성,60대 이상,1인 가구,900만원 내외,무직/기타,경남
132893,20230701,전동 킥보드,남성,50대,자녀 성인기(막내가 대학생～결혼 전),"1,000만원 내외",자영업,경남
132901,20230701,"오토바이(바이크, 스쿠터)",여성,60대 이상,자녀 독립기(막내가 결혼한 상태),800만원 내외,자영업,서울
132907,20230701,"오토바이(바이크, 스쿠터)",남성,50대,자녀 성인기(막내가 대학생～결혼 전),500만원 내외,자영업,경기
132909,20230701,"오토바이(바이크, 스쿠터)",남성,40대,자녀 유아기(막내가 초등학교 입학 전),"1,000만원 내외",일반 공무원/준공무원,경남
132911,20230701,전동 킥보드,남성,50대,자녀 성장기(막내가 초등학생～고등학생),400만원 내외,사무직,인천
132912,20230701,전기 자전거,남성,50대,자녀 성인기(막내가 대학생～결혼 전),"1,000만원 내외",일반 공무원/준공무원,서울
132938,20230701,전기 자전거,남성,50대,1인 가구,400만원 내외,기술/숙련직,경기
132941,20230701,전기 자전거,남성,60대 이상,자녀 독립기(막내가 결혼한 상태),400만원 내외,무직/기타,대전
132943,20230701,"오토바이(바이크, 스쿠터)",여성,30대,1인 가구,200만원 내외,기술/숙련직,부산
132948,20230701,"오토바이(바이크, 스쿠터)",남성,50대,자녀 성인기(막내가 대학생～결혼 전),900만원 내외,일반 공무원/준공무원,충남
133000,20230701,전기 자전거,남성,50대,자녀 성인기(막내가 대학생～결혼 전),200만원 내외,무직/기타,경기
133011,20230701,전동 킥보드,남성,50대,자녀 성인기(막내가 대학생～결혼 전),600만원 내외,기술/숙련직,대전
133029,20230701,전동 스케이트보드,남성,30대,자녀 성인기(막내가 대학생～결혼 전),100만원 이하,기술/숙련직,인천
133035,20230701,"오토바이(바이크, 스쿠터)",남성,50대,자녀 성인기(막내가 대학생～결혼 전),"1,100~1,500만원 내외",경영/관리직,경기
133047,20230701,전동 휠,남성,20대,1인 가구,400만원 내외,판매/서비스직,충남
133079,20230701,전기 자전거,남성,50대,자녀 성인기(막내가 대학생～결혼 전),500만원 내외,경영/관리직,경기
133097,20230701,"오토바이(바이크, 스쿠터)",남성,30대,자녀 유아기(막내가 초등학교 입학 전),"1,000만원 내외",자영업,인천
133140,20230701,전기 자전거,남성,40대,자녀 성인기(막내가 대학생～결혼 전),"1,600~2,000만원 내외",전문직,서울
133178,20230701,전동 킥보드,남성,40대,1인 가구,400만원 내외,무직/기타,대전
133199,20230701,"오토바이(바이크, 스쿠터)",남성,60대 이상,자녀 독립기(막내가 결혼한 상태),"1,000만원 내외",자영업,서울
133233,20230701,전기 자전거,여성,20대,자녀 성인기(막내가 대학생～결혼 전),300만원 내외,학생,경기
133242,20230701,전기 자전거,남성,60대 이상,자녀 성인기(막내가 대학생～결혼 전),700만원 내외,자영업,서울
133250,20230701,전기 자전거,남성,50대,자녀 성장기(막내가 초등학생～고등학생),600만원 내외,사무직,경기
133269,20230701,전기 자전거,남성,50대,자녀 성인기(막내가 대학생～결혼 전),"1,000만원 내외",무직/기타,전북
133282,20230701,전동 킥보드,남성,30대,1인 가구,모름,무직/기타,대구
133321,20230701,전동 킥보드,남성,40대,자녀 유아기(막내가 초등학교 입학 전),500만원 내외,기술/숙련직,경기
133324,20230701,전기 자전거,남성,60대 이상,자녀 독립기(막내가 결혼한 상태),700만원 내외,무직/기타,경기
133325,20230701,"오토바이(바이크, 스쿠터)",남성,60대 이상,자녀 독립기(막내가 결혼한 상태),300만원 내외,자영업,부산
133339,20230701,전기 자전거,남성,60대 이상,자녀 독립기(막내가 결혼한 상태),700만원 내외,판매/서비스직,충남
133346,20230701,전동 킥보드,남성,40대,자녀 성장기(막내가 초등학생～고등학생),800만원 내외,사무직,부산
133360,20230701,"오토바이(바이크, 스쿠터)",남성,60대 이상,자녀 독립기(막내가 결혼한 상태),500만원 내외,무직/기타,서울
133397,20230701,"오토바이(바이크, 스쿠터)",남성,50대,자녀 유아기(막내가 초등학교 입학 전),600만원 내외,기술/숙련직,경기
133415,20230701,"오토바이(바이크, 스쿠터)",남성,30대,1인 가구,300만원 내외,자영업,인천
133433,20230701,"오토바이(바이크, 스쿠터)",여성,30대,자녀 성장기(막내가 초등학생～고등학생),400만원 내외,전업주부,충남
133438,20230701,"오토바이(바이크, 스쿠터)",여성,30대,자녀 성인기(막내가 대학생～결혼 전),"1,000만원 내외",기술/숙련직,경기
133450,20230701,전동 킥보드,남성,40대,자녀 성장기(막내가 초등학생～고등학생),500만원 내외,경영/관리직,서울
133457,20230701,전기 자전거,남성,40대,자녀 성장기(막내가 초등학생～고등학생),500만원 내외,기술/숙련직,부산
133468,20230701,전동 킥보드,남성,40대,자녀 성장기(막내가 초등학생～고등학생),500만원 내외,기술/숙련직,서울
133469,20230701,전동 킥보드,남성,40대,자녀 성장기(막내가 초등학생～고등학생),400만원 내외,사무직,경기
133488,20230701,전동 킥보드,남성,40대,자녀 성장기(막내가 초등학생～고등학생),"1,100~1,500만원 내외",자영업,부산
133495,20230701,"오토바이(바이크, 스쿠터)",남성,50대,자녀 성인기(막내가 대학생～결혼 전),"1,000만원 내외",자영업,경기
133496,20230701,"오토바이(바이크, 스쿠터)",남성,30대,자녀 유아기(막내가 초등학교 입학 전),"1,100~1,500만원 내외",기술/숙련직,부산
133516,20230701,"오토바이(바이크, 스쿠터)",남성,50대,자녀 성인기(막내가 대학생～결혼 전),800만원 내외,기술/숙련직,경북
133525,20230701,"오토바이(바이크, 스쿠터)",남성,60대 이상,자녀 독립기(막내가 결혼한 상태),600만원 내외,무직/기타,경북
133533,20230701,"오토바이(바이크, 스쿠터)",여성,20대,1인 가구,"1,100~1,500만원 내외",자영업,서울
133537,20230701,전기 자전거,남성,50대,자녀 성인기(막내가 대학생～결혼 전),500만원 내외,기술/숙련직,인천
133542,20230701,"오토바이(바이크, 스쿠터)",남성,60대 이상,1인 가구,"2,100만원 이상",일반 공무원/준공무원,충북
133544,20230701,"오토바이(바이크, 스쿠터)",남성,30대,1인 가구,200만원 내외,일반 공무원/준공무원,전북
133548,20230701,전기 자전거,남성,60대 이상,자녀 독립기(막내가 결혼한 상태),300만원 내외,무직/기타,전남
133559,20230701,전기 자전거,남성,40대,자녀 성인기(막내가 대학생～결혼 전),800만원 내외,기술/숙련직,대전
133565,20230701,"오토바이(바이크, 스쿠터)",남성,50대,자녀 성장기(막내가 초등학생～고등학생),500만원 내외,자영업,충남
133569,20230701,"오토바이(바이크, 스쿠터)",남성,40대,1인 가구,500만원 내외,자영업,경기
133576,20230701,"오토바이(바이크, 스쿠터)",남성,40대,1인 가구,500만원 내외,사무직,서울
133594,20230701,전동 킥보드,남성,30대,자녀 성인기(막내가 대학생～결혼 전),300만원 내외,기술/숙련직,대구
133596,20230701,"오토바이(바이크, 스쿠터)",남성,40대,1인 가구,"2,100만원 이상",자영업,서울
133608,20230701,전동 킥보드,여성,40대,1인 가구,300만원 내외,사무직,대구
133610,20230701,"오토바이(바이크, 스쿠터)",남성,50대,1인 가구,800만원 내외,자영업,서울
133615,20230701,"오토바이(바이크, 스쿠터)",남성,40대,자녀 성장기(막내가 초등학생～고등학생),"1,600~2,000만원 내외",경영/관리직,인천
133629,20230701,전동 스케이트보드,남성,30대,자녀 유아기(막내가 초등학교 입학 전),500만원 내외,전업주부,충남
133630,20230701,전동 스쿠터,남성,20대,1인 가구,200만원 내외,학생,전남
133682,20230701,전동 스케이트보드,남성,30대,1인 가구,600만원 내외,판매/서비스직,서울
133688,20230701,전기 자전거,여성,30대,1인 가구,300만원 내외,사무직,서울
133693,20230701,"오토바이(바이크, 스쿠터)",남성,40대,자녀 독립기(막내가 결혼한 상태),300만원 내외,무직/기타,서울
133716,20230701,전동 킥보드,남성,60대 이상,1인 가구,200만원 내외,무직/기타,부산
133732,20230701,전동 휠,남성,40대,자녀 성인기(막내가 대학생～결혼 전),500만원 내외,사무직,광주
133770,20230701,전동 킥보드,남성,40대,자녀 성인기(막내가 대학생～결혼 전),"2,100만원 이상",전문직,강원
133771,20230701,전기 자전거,남성,40대,자녀 성장기(막내가 초등학생～고등학생),700만원 내외,사무직,부산
133783,20230701,전기 자전거,남성,60대 이상,자녀 성인기(막내가 대학생～결혼 전),400만원 내외,전문직,경북
133786,20230701,전동 킥보드,남성,30대,신혼기 초과(자녀없음),400만원 내외,전문직,서울
133791,20230701,"오토바이(바이크, 스쿠터)",남성,40대,자녀 성장기(막내가 초등학생～고등학생),600만원 내외,일반 공무원/준공무원,대구
133798,20230701,전동 킥보드,여성,50대,1인 가구,800만원 내외,판매/서비스직,대전
133808,20230701,"오토바이(바이크, 스쿠터)",남성,50대,자녀 성인기(막내가 대학생～결혼 전),"2,100만원 이상",경영/관리직,경기
133828,20230701,전동 킥보드,남성,20대,1인 가구,200만원 내외,기술/숙련직,경북
133845,20230701,전동 킥보드,남성,40대,1인 가구,600만원 내외,기술/숙련직,울산
133855,20230701,전동 킥보드,남성,50대,자녀 성인기(막내가 대학생～결혼 전),900만원 내외,일반 공무원/준공무원,강원
133890,20230701,전동 킥보드,남성,40대,자녀 성장기(막내가 초등학생～고등학생),500만원 내외,판매/서비스직,경기
133902,20230701,전기 자전거,남성,50대,자녀 성장기(막내가 초등학생～고등학생),500만원 내외,사무직,충북
133926,20230701,전동 킥보드,남성,30대,자녀 유아기(막내가 초등학교 입학 전),400만원 내외,사무직,경기
133934,20230701,전동 스쿠터,남성,30대,자녀 성장기(막내가 초등학생～고등학생),500만원 내외,기술/숙련직,경기
133939,20230701,전기 자전거,남성,40대,자녀 성장기(막내가 초등학생～고등학생),500만원 내외,사무직,서울
133984,20230701,"오토바이(바이크, 스쿠터)",남성,40대,신혼기 초과(자녀없음),300만원 내외,사무직,경북
133987,20230701,전기 자전거,남성,40대,자녀 성장기(막내가 초등학생～고등학생),700만원 내외,전문직,서울
134002,20230701,전동 스쿠터,남성,40대,신혼기 초과(자녀없음),300만원 내외,자영업,경북
134020,20230701,"오토바이(바이크, 스쿠터)",남성,60대 이상,자녀 독립기(막내가 결혼한 상태),"1,600~2,000만원 내외",무직/기타,경기
134023,20230701,전기 자전거,남성,40대,자녀 성장기(막내가 초등학생～고등학생),700만원 내외,전문직,경기
134036,20230701,"오토바이(바이크, 스쿠터)",남성,40대,신혼기(자녀없음),"1,000만원 내외",사무직,대구
134041,20230701,전동 스케이트보드,남성,40대,자녀 성장기(막내가 초등학생～고등학생),900만원 내외,경영/관리직,경기
134045,20230701,전기 자전거,남성,40대,자녀 성장기(막내가 초등학생～고등학생),900만원 내외,기술/숙련직,전남
134047,20230701,"오토바이(바이크, 스쿠터)",남성,40대,1인 가구,모름,무직/기타,충북
134048,20230701,전동 킥보드,남성,50대,1인 가구,600만원 내외,자영업,서울
134081,20230701,전동 킥보드,남성,50대,자녀 성인기(막내가 대학생～결혼 전),"1,600~2,000만원 내외",자영업,서울
134095,20230701,"오토바이(바이크, 스쿠터)",남성,50대,자녀 성인기(막내가 대학생～결혼 전),300만원 내외,기술/숙련직,대전
134097,20230701,"오토바이(바이크, 스쿠터)",여성,20대,신혼기(자녀없음),100만원 이하,전업주부,대구
134113,20230701,전동 킥보드,남성,40대,자녀 유아기(막내가 초등학교 입학 전),"1,000만원 내외",자영업,서울
134114,20230701,"오토바이(바이크, 스쿠터)",남성,40대,자녀 성장기(막내가 초등학생～고등학생),700만원 내외,기술/숙련직,경기
134125,20230701,전동 킥보드,남성,40대,자녀 성장기(막내가 초등학생～고등학생),700만원 내외,사무직,서울
134136,20230701,전기 자전거,남성,60대 이상,자녀 성인기(막내가 대학생～결혼 전),900만원 내외,기술/숙련직,광주
134142,20230701,전기 자전거,남성,40대,자녀 성인기(막내가 대학생～결혼 전),300만원 내외,기술/숙련직,대구
134147,20230701,"오토바이(바이크, 스쿠터)",남성,30대,신혼기(자녀없음),500만원 내외,판매/서비스직,경기
134191,20230701,전동 킥보드,남성,40대,자녀 성장기(막내가 초등학생～고등학생),900만원 내외,기술/숙련직,경기
134192,20230701,전기 자전거,남성,50대,자녀 성장기(막내가 초등학생～고등학생),700만원 내외,일반 공무원/준공무원,경기
134195,20230701,전기 자전거,남성,50대,1인 가구,400만원 내외,사무직,인천
134219,20230701,전기 자전거,남성,50대,자녀 성장기(막내가 초등학생～고등학생),"1,000만원 내외",자영업,경북
134227,20230701,전동 킥보드,남성,50대,자녀 성인기(막내가 대학생～결혼 전),"2,100만원 이상",전문직,서울
134239,20230701,"오토바이(바이크, 스쿠터)",남성,60대 이상,자녀 독립기(막내가 결혼한 상태),"1,000만원 내외",자영업,충북
134243,20230701,전기 자전거,남성,50대,자녀 성인기(막내가 대학생～결혼 전),"1,000만원 내외",무직/기타,경기
134249,20230701,전동 킥보드,남성,40대,자녀 성장기(막내가 초등학생～고등학생),"1,600~2,000만원 내외",전문직,대구
134282,20230701,전동 킥보드,남성,30대,자녀 성인기(막내가 대학생～결혼 전),모름,사무직,충남
134290,20230701,"오토바이(바이크, 스쿠터)",남성,50대,자녀 성장기(막내가 초등학생～고등학생),700만원 내외,경영/관리직,제주
134305,20230701,"오토바이(바이크, 스쿠터)",여성,50대,자녀 성인기(막내가 대학생～결혼 전),300만원 내외,자영업,울산
134306,20230701,전동 휠,여성,40대,자녀 성장기(막내가 초등학생～고등학생),600만원 내외,판매/서비스직,경기
134307,20230701,전기 자전거,남성,50대,자녀 성인기(막내가 대학생～결혼 전),500만원 내외,판매/서비스직,서울
134319,20230701,"오토바이(바이크, 스쿠터)",남성,50대,자녀 성장기(막내가 초등학생～고등학생),600만원 내외,경영/관리직,전남
134322,20230701,전기 자전거,남성,50대,자녀 성인기(막내가 대학생～결혼 전),"1,000만원 내외",사무직,인천
134330,20230701,"오토바이(바이크, 스쿠터)",남성,30대,신혼기(자녀없음),500만원 내외,일반 공무원/준공무원,제주
134344,20230701,전기 자전거,남성,40대,1인 가구,200만원 내외,판매/서비스직,전북
134347,20230701,"오토바이(바이크, 스쿠터)",남성,50대,자녀 성장기(막내가 초등학생～고등학생),600만원 내외,기술/숙련직,부산
134396,20230701,"오토바이(바이크, 스쿠터)",남성,60대 이상,자녀 독립기(막내가 결혼한 상태),500만원 내외,무직/기타,강원
134430,20230701,전동 킥보드,남성,40대,자녀 성장기(막내가 초등학생～고등학생),500만원 내외,기술/숙련직,경기
134443,20230701,전기 자전거,남성,40대,1인 가구,700만원 내외,사무직,서울
134459,20230701,전동 스쿠터,남성,50대,자녀 성인기(막내가 대학생～결혼 전),"1,000만원 내외",자영업,경기
134463,20230701,전동 킥보드,여성,20대,자녀 성인기(막내가 대학생～결혼 전),900만원 내외,무직/기타,서울
134467,20230701,"오토바이(바이크, 스쿠터)",남성,50대,자녀 독립기(막내가 결혼한 상태),400만원 내외,사무직,충남
134469,20230701,"오토바이(바이크, 스쿠터)",남성,60대 이상,자녀 독립기(막내가 결혼한 상태),900만원 내외,경영/관리직,울산
134478,20230701,"오토바이(바이크, 스쿠터)",남성,60대 이상,자녀 성인기(막내가 대학생～결혼 전),600만원 내외,자영업,전북
134493,20230701,전기 자전거,남성,40대,신혼기 초과(자녀없음),500만원 내외,기술/숙련직,서울
134500,20230701,전기 자전거,남성,50대,자녀 성인기(막내가 대학생～결혼 전),"1,000만원 내외",자영업,경북
134519,20230701,전동 스쿠터,남성,60대 이상,1인 가구,400만원 내외,무직/기타,경기
134556,20230701,"오토바이(바이크, 스쿠터)",남성,60대 이상,자녀 성인기(막내가 대학생～결혼 전),600만원 내외,판매/서비스직,경남
134588,20230701,전기 자전거,여성,40대,자녀 독립기(막내가 결혼한 상태),400만원 내외,사무직,경기
134603,20230701,전동 킥보드,남성,40대,자녀 성장기(막내가 초등학생～고등학생),600만원 내외,기술/숙련직,경기
134604,20230701,전기 자전거,남성,40대,자녀 성장기(막내가 초등학생～고등학생),500만원 내외,사무직,경기
134610,20230701,전동 킥보드,남성,60대 이상,자녀 독립기(막내가 결혼한 상태),500만원 내외,무직/기타,서울
134616,20230701,전기 자전거,남성,50대,1인 가구,300만원 내외,기술/숙련직,대구
134625,20230701,전기 자전거,남성,60대 이상,자녀 독립기(막내가 결혼한 상태),600만원 내외,무직/기타,경기
134626,20230701,전동 킥보드,남성,40대,신혼기 초과(자녀없음),"1,100~1,500만원 내외",사무직,경남
134629,20230701,"오토바이(바이크, 스쿠터)",남성,50대,자녀 성인기(막내가 대학생～결혼 전),700만원 내외,기술/숙련직,경남
134664,20230701,전동 킥보드,남성,60대 이상,자녀 독립기(막내가 결혼한 상태),500만원 내외,무직/기타,경기
134675,20230701,"오토바이(바이크, 스쿠터)",남성,50대,자녀 성인기(막내가 대학생～결혼 전),600만원 내외,무직/기타,경기
134677,20230701,"오토바이(바이크, 스쿠터)",남성,30대,1인 가구,700만원 내외,자영업,경기
134678,20230701,"오토바이(바이크, 스쿠터)",남성,40대,자녀 성인기(막내가 대학생～결혼 전),"1,000만원 내외",자영업,경기
134679,20230701,"오토바이(바이크, 스쿠터)",남성,40대,자녀 성인기(막내가 대학생～결혼 전),"1,000만원 내외",자영업,서울
134687,20230701,"오토바이(바이크, 스쿠터)",남성,40대,자녀 유아기(막내가 초등학교 입학 전),600만원 내외,판매/서비스직,경기
134696,20230701,전기 자전거,남성,60대 이상,자녀 독립기(막내가 결혼한 상태),"2,100만원 이상",자영업,서울
134697,20230701,전동 킥보드,남성,60대 이상,자녀 성인기(막내가 대학생～결혼 전),"1,000만원 내외",경영/관리직,경기
134699,20230701,전동 킥보드,남성,40대,자녀 유아기(막내가 초등학교 입학 전),600만원 내외,사무직,서울
134710,20230701,"오토바이(바이크, 스쿠터)",남성,60대 이상,신혼기(자녀없음),모름,무직/기타,경북
134712,20230701,전기 자전거,남성,40대,자녀 성장기(막내가 초등학생～고등학생),400만원 내외,기술/숙련직,부산
134716,20230701,전동 킥보드,남성,20대,신혼기(자녀없음),"2,100만원 이상",자영업,경북
134734,20230701,"오토바이(바이크, 스쿠터)",남성,30대,자녀 성인기(막내가 대학생～결혼 전),600만원 내외,기술/숙련직,서울
134763,20230701,전동 스케이트보드,남성,40대,자녀 유아기(막내가 초등학교 입학 전),700만원 내외,전문직,서울
134769,20230701,전기 자전거,남성,40대,자녀 성장기(막내가 초등학생～고등학생),700만원 내외,일반 공무원/준공무원,전남
134785,20230701,"오토바이(바이크, 스쿠터)",남성,40대,1인 가구,200만원 내외,자영업,전북
134793,20230701,전기 자전거,남성,40대,자녀 성장기(막내가 초등학생～고등학생),700만원 내외,사무직,경기
134799,20230701,"오토바이(바이크, 스쿠터)",남성,50대,자녀 성인기(막내가 대학생～결혼 전),400만원 내외,기술/숙련직,부산
134807,20230701,전기 자전거,남성,50대,자녀 성장기(막내가 초등학생～고등학생),600만원 내외,자영업,강원
134814,20230701,전동 스케이트보드,여성,20대,자녀 유아기(막내가 초등학교 입학 전),400만원 내외,자영업,인천
134818,20230701,전동 휠,남성,40대,자녀 유아기(막내가 초등학교 입학 전),600만원 내외,기술/숙련직,부산
134850,20230701,"오토바이(바이크, 스쿠터)",남성,60대 이상,자녀 성인기(막내가 대학생～결혼 전),700만원 내외,무직/기타,대구
134857,20230701,"오토바이(바이크, 스쿠터)",남성,50대,자녀 성인기(막내가 대학생～결혼 전),"1,000만원 내외",기술/숙련직,경남
134882,20230701,전동 킥보드,여성,50대,자녀 성장기(막내가 초등학생～고등학생),600만원 내외,사무직,대구
134902,20230701,전기 자전거,남성,60대 이상,자녀 독립기(막내가 결혼한 상태),"1,100~1,500만원 내외",자영업,경기
134914,20230701,전기 자전거,여성,30대,자녀 유아기(막내가 초등학교 입학 전),"1,000만원 내외",일반 공무원/준공무원,서울
134920,20230701,전동 킥보드,남성,50대,자녀 유아기(막내가 초등학교 입학 전),600만원 내외,사무직,경기
134947,20230701,전동 킥보드,여성,50대,자녀 성인기(막내가 대학생～결혼 전),모름,자영업,서울
134949,20230701,전동 휠,남성,40대,자녀 유아기(막내가 초등학교 입학 전),400만원 내외,전문직,전북
134972,20230701,전기 자전거,남성,40대,자녀 성장기(막내가 초등학생～고등학생),"1,100~1,500만원 내외",경영/관리직,충남
134974,20230701,전동 스쿠터,남성,30대,자녀 유아기(막내가 초등학교 입학 전),400만원 내외,사무직,서울
134983,20230701,"오토바이(바이크, 스쿠터)",남성,50대,자녀 성인기(막내가 대학생～결혼 전),900만원 내외,사무직,경기
135017,20230701,전동 휠,남성,50대,자녀 성인기(막내가 대학생～결혼 전),"1,100~1,500만원 내외",기술/숙련직,경기
135025,20230701,"오토바이(바이크, 스쿠터)",남성,60대 이상,자녀 독립기(막내가 결혼한 상태),"1,000만원 내외",무직/기타,전북
135063,20230701,"오토바이(바이크, 스쿠터)",남성,40대,자녀 성장기(막내가 초등학생～고등학생),700만원 내외,사무직,인천
135064,20230701,전동 킥보드,남성,40대,1인 가구,300만원 내외,자영업,충남
135089,20230701,전동 킥보드,남성,40대,자녀 성장기(막내가 초등학생～고등학생),500만원 내외,사무직,서울
135092,20230701,전기 자전거,남성,50대,자녀 성인기(막내가 대학생～결혼 전),700만원 내외,일반 공무원/준공무원,인천
135095,20230701,"오토바이(바이크, 스쿠터)",남성,30대,1인 가구,"1,600~2,000만원 내외",사무직,경기
135114,20230701,"오토바이(바이크, 스쿠터)",남성,30대,자녀 성인기(막내가 대학생～결혼 전),"1,000만원 내외",판매/서비스직,서울
135116,20230701,"오토바이(바이크, 스쿠터)",남성,40대,1인 가구,모름,자영업,서울
135119,20230701,전동 킥보드,여성,30대,자녀 성장기(막내가 초등학생～고등학생),500만원 내외,사무직,전북
135125,20230701,"오토바이(바이크, 스쿠터)",남성,40대,자녀 성장기(막내가 초등학생～고등학생),700만원 내외,기술/숙련직,전남
135126,20230701,"오토바이(바이크, 스쿠터)",남성,40대,자녀 성인기(막내가 대학생～결혼 전),500만원 내외,자영업,서울
135141,20230701,전동 킥보드,남성,40대,자녀 성장기(막내가 초등학생～고등학생),800만원 내외,기술/숙련직,서울
135142,20230701,전동 휠,남성,40대,1인 가구,"1,000만원 내외",사무직,서울
135153,20230701,전기 자전거,남성,60대 이상,자녀 독립기(막내가 결혼한 상태),400만원 내외,기술/숙련직,경기
135176,20230701,"오토바이(바이크, 스쿠터)",남성,50대,1인 가구,"1,000만원 내외",자영업,대구
135204,20230701,전동 스케이트보드,남성,50대,자녀 유아기(막내가 초등학교 입학 전),800만원 내외,사무직,전북
135205,20230701,전동 킥보드,남성,40대,1인 가구,400만원 내외,전문직,경기
135242,20230701,전동 스케이트보드,남성,50대,자녀 성인기(막내가 대학생～결혼 전),600만원 내외,전문직,충북
135249,20230701,전동 킥보드,남성,50대,자녀 성인기(막내가 대학생～결혼 전),900만원 내외,판매/서비스직,인천
135260,20230701,전기 자전거,여성,30대,자녀 유아기(막내가 초등학교 입학 전),800만원 내외,판매/서비스직,경기
135265,20230701,"오토바이(바이크, 스쿠터)",남성,60대 이상,자녀 성인기(막내가 대학생～결혼 전),900만원 내외,자영업,서울
135282,20230701,전동 킥보드,남성,40대,1인 가구,400만원 내외,사무직,충남
135284,20230701,전동 킥보드,남성,50대,자녀 성인기(막내가 대학생～결혼 전),"1,000만원 내외",경영/관리직,경기
135292,20230701,"오토바이(바이크, 스쿠터)",남성,50대,자녀 성인기(막내가 대학생～결혼 전),600만원 내외,기술/숙련직,경기
135302,20230701,"오토바이(바이크, 스쿠터)",남성,60대 이상,자녀 성인기(막내가 대학생～결혼 전),"2,100만원 이상",무직/기타,대전
135313,20230701,전동 킥보드,남성,40대,자녀 성장기(막내가 초등학생～고등학생),"1,000만원 내외",자영업,서울
135314,20230701,전동 킥보드,남성,40대,1인 가구,400만원 내외,사무직,경기
135333,20230701,전기 자전거,남성,50대,자녀 성인기(막내가 대학생～결혼 전),600만원 내외,기술/숙련직,대구
135355,20230701,전동 킥보드,남성,20대,1인 가구,"1,100~1,500만원 내외",자영업,서울
135383,20230701,"오토바이(바이크, 스쿠터)",남성,20대,신혼기(자녀없음),600만원 내외,자영업,경기
135384,20230701,전기 자전거,남성,60대 이상,자녀 성인기(막내가 대학생～결혼 전),700만원 내외,무직/기타,부산
135385,20230701,"오토바이(바이크, 스쿠터)",남성,30대,1인 가구,500만원 내외,기술/숙련직,충남
135410,20230701,전기 자전거,남성,20대,1인 가구,700만원 내외,전문직,서울
135427,20230701,전동 킥보드,남성,30대,신혼기 초과(자녀없음),700만원 내외,기술/숙련직,경기
135436,20230701,"오토바이(바이크, 스쿠터)",남성,60대 이상,자녀 독립기(막내가 결혼한 상태),800만원 내외,기술/숙련직,서울
135441,20230701,전동 킥보드,남성,60대 이상,자녀 성인기(막내가 대학생～결혼 전),"1,100~1,500만원 내외",경영/관리직,서울
135457,20230701,전기 자전거,남성,40대,자녀 유아기(막내가 초등학교 입학 전),200만원 내외,판매/서비스직,경기
135479,20230701,전기 자전거,남성,40대,자녀 유아기(막내가 초등학교 입학 전),500만원 내외,사무직,경북
135494,20230701,"오토바이(바이크, 스쿠터)",남성,50대,자녀 성인기(막내가 대학생～결혼 전),800만원 내외,기술/숙련직,경기
135495,20230701,전기 자전거,남성,40대,자녀 성장기(막내가 초등학생～고등학생),800만원 내외,판매/서비스직,서울
135506,20230701,"오토바이(바이크, 스쿠터)",남성,60대 이상,자녀 독립기(막내가 결혼한 상태),300만원 내외,무직/기타,전북
135530,20230701,"오토바이(바이크, 스쿠터)",남성,50대,1인 가구,500만원 내외,자영업,인천
135559,20230701,전기 자전거,남성,50대,자녀 성인기(막내가 대학생～결혼 전),600만원 내외,일반 공무원/준공무원,경기
135593,20230701,"오토바이(바이크, 스쿠터)",남성,40대,1인 가구,"1,600~2,000만원 내외",자영업,대구
135594,20230701,전동 휠,남성,60대 이상,자녀 독립기(막내가 결혼한 상태),400만원 내외,사무직,대전
136294,20230701,전기 자전거,남성,40대,신혼기 초과(자녀없음),600만원 내외,기술/숙련직,서울
136312,20230701,"오토바이(바이크, 스쿠터)",남성,30대,1인 가구,600만원 내외,사무직,경기
136334,20230701,"오토바이(바이크, 스쿠터)",남성,40대,1인 가구,200만원 내외,무직/기타,광주
136352,20230701,전동 킥보드,남성,40대,자녀 성인기(막내가 대학생～결혼 전),500만원 내외,사무직,전북
136406,20230701,전동 킥보드,남성,40대,1인 가구,500만원 내외,자영업,서울
136412,20230701,"오토바이(바이크, 스쿠터)",남성,50대,자녀 독립기(막내가 결혼한 상태),"1,000만원 내외",자영업,광주
136492,20230701,전기 자전거,남성,50대,자녀 성인기(막내가 대학생～결혼 전),"1,000만원 내외",기술/숙련직,경기
136518,20230701,"오토바이(바이크, 스쿠터)",남성,60대 이상,자녀 성인기(막내가 대학생～결혼 전),600만원 내외,자영업,부산
136526,20230701,전기 자전거,남성,40대,신혼기(자녀없음),500만원 내외,기술/숙련직,대전
136528,20230701,"오토바이(바이크, 스쿠터)",남성,60대 이상,자녀 독립기(막내가 결혼한 상태),400만원 내외,무직/기타,경기
136538,20230701,"오토바이(바이크, 스쿠터)",남성,40대,자녀 성장기(막내가 초등학생～고등학생),700만원 내외,사무직,경북
136539,20230701,전기 자전거,남성,40대,자녀 성장기(막내가 초등학생～고등학생),"1,100~1,500만원 내외",경영/관리직,서울
136541,20230701,전기 자전거,남성,60대 이상,자녀 독립기(막내가 결혼한 상태),500만원 내외,무직/기타,제주
136581,20230701,전기 자전거,남성,50대,자녀 성인기(막내가 대학생～결혼 전),"1,100~1,500만원 내외",기술/숙련직,대구
136610,20230701,전기 자전거,남성,60대 이상,자녀 성인기(막내가 대학생～결혼 전),"1,600~2,000만원 내외",기술/숙련직,울산
136632,20230701,전기 자전거,남성,60대 이상,자녀 성인기(막내가 대학생～결혼 전),모름,자영업,경기
136671,20230701,"오토바이(바이크, 스쿠터)",남성,40대,자녀 성인기(막내가 대학생～결혼 전),400만원 내외,무직/기타,대구
136676,20230701,전동 킥보드,남성,40대,자녀 유아기(막내가 초등학교 입학 전),500만원 내외,기술/숙련직,서울
136706,20230701,전동 킥보드,남성,40대,1인 가구,"1,100~1,500만원 내외",사무직,경기
136709,20230701,전동 킥보드,남성,50대,자녀 성장기(막내가 초등학생～고등학생),"1,000만원 내외",경영/관리직,경남
136724,20230701,전동 킥보드,여성,30대,자녀 성장기(막내가 초등학생～고등학생),700만원 내외,사무직,경북
136726,20230701,전기 자전거,남성,60대 이상,자녀 성인기(막내가 대학생～결혼 전),700만원 내외,기술/숙련직,울산
136737,20230701,"오토바이(바이크, 스쿠터)",여성,40대,1인 가구,700만원 내외,판매/서비스직,부산
136746,20230701,전기 자전거,여성,50대,자녀 성장기(막내가 초등학생～고등학생),"2,100만원 이상",전문직,서울
136754,20230701,"오토바이(바이크, 스쿠터)",남성,50대,자녀 성인기(막내가 대학생～결혼 전),700만원 내외,무직/기타,경남
136771,20230701,전동 스쿠터,여성,40대,자녀 성장기(막내가 초등학생～고등학생),400만원 내외,사무직,인천
136775,20230701,전동 킥보드,남성,30대,자녀 유아기(막내가 초등학교 입학 전),500만원 내외,판매/서비스직,경기
136779,20230701,전기 자전거,남성,50대,자녀 독립기(막내가 결혼한 상태),300만원 내외,기술/숙련직,경북
136815,20230701,"오토바이(바이크, 스쿠터)",남성,30대,자녀 유아기(막내가 초등학교 입학 전),400만원 내외,판매/서비스직,대구
136819,20230701,전기 자전거,남성,40대,자녀 성장기(막내가 초등학생～고등학생),800만원 내외,기술/숙련직,경기
136841,20230701,전동 킥보드,남성,40대,자녀 유아기(막내가 초등학교 입학 전),"1,000만원 내외",자영업,경기
136852,20230701,전동 킥보드,남성,40대,신혼기 초과(자녀없음),500만원 내외,기술/숙련직,대구
136872,20230701,전기 자전거,남성,40대,자녀 성인기(막내가 대학생～결혼 전),400만원 내외,무직/기타,경기
136876,20230701,전동 스쿠터,여성,50대,자녀 성인기(막내가 대학생～결혼 전),"1,100~1,500만원 내외",무직/기타,경기
136879,20230701,전동 킥보드,남성,40대,자녀 성장기(막내가 초등학생～고등학생),500만원 내외,기술/숙련직,경기
136882,20230701,"오토바이(바이크, 스쿠터)",남성,40대,신혼기(자녀없음),700만원 내외,전문직,경기
136893,20230701,전기 자전거,남성,30대,자녀 성인기(막내가 대학생～결혼 전),300만원 내외,판매/서비스직,강원
136896,20230701,"오토바이(바이크, 스쿠터)",남성,40대,자녀 성장기(막내가 초등학생～고등학생),600만원 내외,무직/기타,서울
136908,20230701,"오토바이(바이크, 스쿠터)",남성,60대 이상,자녀 성인기(막내가 대학생～결혼 전),400만원 내외,기술/숙련직,울산
136911,20230701,전동 킥보드,남성,40대,자녀 성장기(막내가 초등학생～고등학생),600만원 내외,경영/관리직,서울
136928,20230701,"오토바이(바이크, 스쿠터)",남성,20대,1인 가구,300만원 내외,기술/숙련직,경기
136951,20230701,"오토바이(바이크, 스쿠터)",남성,40대,자녀 유아기(막내가 초등학교 입학 전),400만원 내외,기술/숙련직,서울
136953,20230701,"오토바이(바이크, 스쿠터)",남성,30대,1인 가구,400만원 내외,무직/기타,경기
136968,20230701,"오토바이(바이크, 스쿠터)",남성,60대 이상,신혼기 초과(자녀없음),500만원 내외,경영/관리직,경남
137000,20230701,"오토바이(바이크, 스쿠터)",남성,40대,1인 가구,300만원 내외,기술/숙련직,광주
137003,20230701,전동 스케이트보드,남성,30대,자녀 성인기(막내가 대학생～결혼 전),400만원 내외,판매/서비스직,광주
137009,20230701,전동 킥보드,남성,50대,자녀 독립기(막내가 결혼한 상태),500만원 내외,자영업,서울
137014,20230701,전기 자전거,여성,20대,1인 가구,300만원 내외,기술/숙련직,경북
137032,20230701,전기 자전거,여성,50대,자녀 성인기(막내가 대학생～결혼 전),"1,100~1,500만원 내외",전업주부,경기
137046,20230701,전기 자전거,남성,40대,1인 가구,700만원 내외,기술/숙련직,경기
137090,20230701,전기 자전거,여성,30대,자녀 유아기(막내가 초등학교 입학 전),400만원 내외,전업주부,부산
137093,20230701,전동 킥보드,남성,50대,1인 가구,700만원 내외,전문직,서울
137095,20230701,전기 자전거,여성,50대,자녀 성인기(막내가 대학생～결혼 전),"1,100~1,500만원 내외",전업주부,서울
137100,20230701,"오토바이(바이크, 스쿠터)",여성,20대,자녀 성인기(막내가 대학생～결혼 전),"1,600~2,000만원 내외",사무직,경기
137110,20230701,전동 킥보드,남성,30대,1인 가구,300만원 내외,판매/서비스직,경북
137115,20230701,전동 킥보드,남성,50대,자녀 성인기(막내가 대학생～결혼 전),900만원 내외,사무직,광주
137146,20230701,"오토바이(바이크, 스쿠터)",남성,60대 이상,자녀 성인기(막내가 대학생～결혼 전),"1,000만원 내외",기술/숙련직,대구
137148,20230701,"오토바이(바이크, 스쿠터)",남성,60대 이상,자녀 독립기(막내가 결혼한 상태),200만원 내외,무직/기타,부산
137171,20230701,전기 자전거,남성,60대 이상,자녀 독립기(막내가 결혼한 상태),400만원 내외,무직/기타,경북
137190,20230701,전기 자전거,남성,60대 이상,자녀 독립기(막내가 결혼한 상태),700만원 내외,자영업,경기
137195,20230701,"오토바이(바이크, 스쿠터)",남성,40대,1인 가구,300만원 내외,무직/기타,경기
137204,20230701,전동 스케이트보드,여성,20대,1인 가구,300만원 내외,일반 공무원/준공무원,경북
137239,20230701,전동 킥보드,남성,50대,자녀 독립기(막내가 결혼한 상태),800만원 내외,무직/기타,경기
137247,20230701,전기 자전거,여성,30대,자녀 성장기(막내가 초등학생～고등학생),300만원 내외,전업주부,전북
137251,20230701,전기 자전거,남성,50대,1인 가구,300만원 내외,자영업,경기
137282,20230701,"오토바이(바이크, 스쿠터)",남성,30대,1인 가구,600만원 내외,기술/숙련직,부산
137293,20230701,"오토바이(바이크, 스쿠터)",남성,40대,자녀 성인기(막내가 대학생～결혼 전),200만원 내외,무직/기타,경북
137304,20230701,전동 스케이트보드,남성,60대 이상,자녀 성인기(막내가 대학생～결혼 전),500만원 내외,사무직,서울
137307,20230701,전동 킥보드,남성,50대,자녀 성인기(막내가 대학생～결혼 전),600만원 내외,기술/숙련직,경기
137313,20230701,전기 자전거,여성,20대,자녀 성인기(막내가 대학생～결혼 전),500만원 내외,학생,대전
137327,20230701,전동 스쿠터,여성,30대,자녀 유아기(막내가 초등학교 입학 전),300만원 내외,전업주부,인천
137344,20230701,전동 스케이트보드,여성,40대,신혼기 초과(자녀없음),"1,000만원 내외",판매/서비스직,광주
137349,20230701,전기 자전거,남성,50대,자녀 성장기(막내가 초등학생～고등학생),500만원 내외,일반 공무원/준공무원,서울
137351,20230701,"오토바이(바이크, 스쿠터)",남성,30대,자녀 유아기(막내가 초등학교 입학 전),300만원 내외,기술/숙련직,경북
137353,20230701,전동 휠,남성,50대,자녀 성인기(막내가 대학생～결혼 전),500만원 내외,자영업,대구
137355,20230701,전동 킥보드,여성,40대,자녀 성장기(막내가 초등학생～고등학생),600만원 내외,일반 공무원/준공무원,경기
137363,20230701,전기 자전거,남성,60대 이상,자녀 독립기(막내가 결혼한 상태),800만원 내외,경영/관리직,경기
137395,20230701,전기 자전거,남성,50대,자녀 성인기(막내가 대학생～결혼 전),600만원 내외,자영업,경기
137402,20230701,전기 자전거,남성,60대 이상,1인 가구,300만원 내외,기술/숙련직,경기
137431,20230701,전동 킥보드,남성,40대,자녀 유아기(막내가 초등학교 입학 전),"1,000만원 내외",자영업,서울
137447,20230701,전기 자전거,남성,50대,자녀 성장기(막내가 초등학생～고등학생),600만원 내외,무직/기타,경북
137465,20230701,"오토바이(바이크, 스쿠터)",남성,40대,1인 가구,400만원 내외,기술/숙련직,경북
137487,20230701,전동 스쿠터,여성,40대,1인 가구,600만원 내외,사무직,서울
137516,20230701,전기 자전거,남성,40대,자녀 유아기(막내가 초등학교 입학 전),600만원 내외,전문직,경기
137541,20230701,전동 킥보드,남성,30대,자녀 성장기(막내가 초등학생～고등학생),500만원 내외,판매/서비스직,광주
137547,20230701,"오토바이(바이크, 스쿠터)",남성,60대 이상,자녀 성인기(막내가 대학생～결혼 전),100만원 이하,무직/기타,대구
137551,20230701,전동 스쿠터,남성,40대,자녀 유아기(막내가 초등학교 입학 전),600만원 내외,일반 공무원/준공무원,경기
137565,20230701,"오토바이(바이크, 스쿠터)",남성,60대 이상,자녀 독립기(막내가 결혼한 상태),300만원 내외,자영업,서울
137592,20230701,"오토바이(바이크, 스쿠터)",남성,50대,자녀 독립기(막내가 결혼한 상태),300만원 내외,기술/숙련직,충남
137598,20230701,전기 자전거,남성,60대 이상,자녀 독립기(막내가 결혼한 상태),200만원 내외,무직/기타,경기
137604,20230701,전기 자전거,여성,50대,자녀 성인기(막내가 대학생～결혼 전),500만원 내외,사무직,경기
137607,20230701,"오토바이(바이크, 스쿠터)",남성,60대 이상,자녀 성인기(막내가 대학생～결혼 전),700만원 내외,사무직,경남
137621,20230701,"오토바이(바이크, 스쿠터)",남성,40대,1인 가구,700만원 내외,사무직,부산
137631,20230701,전동 휠,남성,20대,자녀 독립기(막내가 결혼한 상태),600만원 내외,전문직,서울
137670,20230701,전기 자전거,남성,60대 이상,자녀 성인기(막내가 대학생～결혼 전),600만원 내외,기술/숙련직,전북
137689,20230701,전동 킥보드,남성,60대 이상,자녀 독립기(막내가 결혼한 상태),"1,000만원 내외",일반 공무원/준공무원,경기
137699,20230701,"오토바이(바이크, 스쿠터)",남성,60대 이상,자녀 성인기(막내가 대학생～결혼 전),200만원 내외,무직/기타,전남
137704,20230701,전기 자전거,남성,60대 이상,자녀 성인기(막내가 대학생～결혼 전),400만원 내외,자영업,전북
137713,20230701,전기 자전거,남성,50대,1인 가구,200만원 내외,자영업,대전
137731,20230701,"오토바이(바이크, 스쿠터)",남성,60대 이상,자녀 독립기(막내가 결혼한 상태),400만원 내외,무직/기타,경기
137739,20230701,전동 킥보드,남성,40대,자녀 유아기(막내가 초등학교 입학 전),"1,000만원 내외",자영업,울산
137752,20230701,전동 킥보드,남성,40대,자녀 성인기(막내가 대학생～결혼 전),"1,600~2,000만원 내외",전문직,대구
137802,20230701,"오토바이(바이크, 스쿠터)",남성,40대,자녀 유아기(막내가 초등학교 입학 전),300만원 내외,기술/숙련직,부산
137808,20230701,"오토바이(바이크, 스쿠터)",남성,60대 이상,자녀 성인기(막내가 대학생～결혼 전),500만원 내외,판매/서비스직,부산
137819,20230701,전동 킥보드,남성,50대,자녀 성장기(막내가 초등학생～고등학생),"1,000만원 내외",일반 공무원/준공무원,부산
137830,20230701,전동 휠,남성,30대,자녀 유아기(막내가 초등학교 입학 전),700만원 내외,판매/서비스직,서울
137840,20230701,전동 킥보드,남성,50대,자녀 성인기(막내가 대학생～결혼 전),"1,100~1,500만원 내외",기술/숙련직,경기
137841,20230701,전기 자전거,남성,40대,신혼기 초과(자녀없음),900만원 내외,사무직,경기
137849,20230701,"오토바이(바이크, 스쿠터)",남성,50대,자녀 성인기(막내가 대학생～결혼 전),900만원 내외,기술/숙련직,울산
137878,20230701,"오토바이(바이크, 스쿠터)",남성,30대,자녀 유아기(막내가 초등학교 입학 전),800만원 내외,기술/숙련직,서울
137884,20230701,"오토바이(바이크, 스쿠터)",남성,50대,자녀 성인기(막내가 대학생～결혼 전),800만원 내외,무직/기타,부산
137891,20230701,"오토바이(바이크, 스쿠터)",남성,50대,신혼기(자녀없음),모름,자영업,서울
137892,20230701,전기 자전거,남성,30대,자녀 유아기(막내가 초등학교 입학 전),300만원 내외,기술/숙련직,경기
137896,20230701,전기 자전거,여성,50대,자녀 성인기(막내가 대학생～결혼 전),"2,100만원 이상",전업주부,경기
137911,20230701,전동 킥보드,남성,20대,1인 가구,200만원 내외,사무직,광주
137924,20230701,"오토바이(바이크, 스쿠터)",여성,40대,자녀 성장기(막내가 초등학생～고등학생),600만원 내외,자영업,경기
137939,20230701,전기 자전거,남성,50대,자녀 성인기(막내가 대학생～결혼 전),"1,100~1,500만원 내외",자영업,경북
137942,20230701,"오토바이(바이크, 스쿠터)",남성,60대 이상,자녀 성인기(막내가 대학생～결혼 전),800만원 내외,자영업,경기
137945,20230701,전동 킥보드,남성,40대,자녀 성장기(막내가 초등학생～고등학생),600만원 내외,기술/숙련직,서울
137948,20230701,"오토바이(바이크, 스쿠터)",남성,50대,자녀 성장기(막내가 초등학생～고등학생),800만원 내외,사무직,경기
137950,20230701,"오토바이(바이크, 스쿠터)",남성,40대,자녀 유아기(막내가 초등학교 입학 전),500만원 내외,사무직,경기
137954,20230701,전기 자전거,남성,50대,자녀 성인기(막내가 대학생～결혼 전),"1,000만원 내외",일반 공무원/준공무원,강원
137955,20230701,전동 킥보드,남성,30대,1인 가구,200만원 내외,기술/숙련직,대전
137969,20230701,전기 자전거,남성,30대,1인 가구,700만원 내외,전문직,인천
137997,20230701,전기 자전거,남성,60대 이상,자녀 독립기(막내가 결혼한 상태),300만원 내외,무직/기타,충북
138012,20230701,전기 자전거,여성,40대,자녀 성장기(막내가 초등학생～고등학생),500만원 내외,전업주부,충남
138017,20230701,"오토바이(바이크, 스쿠터)",남성,30대,자녀 성인기(막내가 대학생～결혼 전),800만원 내외,자영업,서울
138046,20230701,전동 킥보드,남성,40대,자녀 성장기(막내가 초등학생～고등학생),600만원 내외,사무직,경남
138062,20230701,전동 킥보드,남성,50대,자녀 성인기(막내가 대학생～결혼 전),500만원 내외,사무직,전북
138065,20230701,"오토바이(바이크, 스쿠터)",남성,60대 이상,자녀 성인기(막내가 대학생～결혼 전),300만원 내외,무직/기타,충북
138101,20230701,전기 자전거,남성,50대,자녀 성인기(막내가 대학생～결혼 전),600만원 내외,자영업,제주
138117,20230701,전기 자전거,남성,40대,1인 가구,600만원 내외,기술/숙련직,경북
138120,20230701,"오토바이(바이크, 스쿠터)",남성,20대,신혼기 초과(자녀없음),"1,000만원 내외",학생,서울
138127,20230701,전기 자전거,남성,40대,자녀 유아기(막내가 초등학교 입학 전),600만원 내외,사무직,대구
138153,20230701,전동 킥보드,남성,40대,자녀 유아기(막내가 초등학교 입학 전),700만원 내외,사무직,대전
138165,20230701,전기 자전거,남성,40대,자녀 성장기(막내가 초등학생～고등학생),500만원 내외,기술/숙련직,서울
138175,20230701,전동 킥보드,남성,40대,자녀 성장기(막내가 초등학생～고등학생),600만원 내외,자영업,경기
138177,20230701,전기 자전거,남성,60대 이상,자녀 성인기(막내가 대학생～결혼 전),600만원 내외,무직/기타,충북
138229,20230701,전기 자전거,남성,40대,자녀 독립기(막내가 결혼한 상태),400만원 내외,기술/숙련직,인천
138239,20230701,전동 휠,남성,30대,1인 가구,400만원 내외,기술/숙련직,서울
138270,20230701,"오토바이(바이크, 스쿠터)",남성,40대,자녀 유아기(막내가 초등학교 입학 전),400만원 내외,사무직,경기
138273,20230701,전기 자전거,남성,40대,자녀 성장기(막내가 초등학생～고등학생),700만원 내외,사무직,충북
138304,20230701,전동 킥보드,남성,60대 이상,자녀 성인기(막내가 대학생～결혼 전),500만원 내외,무직/기타,경기
138305,20230701,전기 자전거,남성,60대 이상,자녀 성인기(막내가 대학생～결혼 전),400만원 내외,자영업,부산
138335,20230701,"오토바이(바이크, 스쿠터)",남성,50대,1인 가구,300만원 내외,무직/기타,경북
138344,20230701,전기 자전거,남성,50대,자녀 성인기(막내가 대학생～결혼 전),"1,600~2,000만원 내외",일반 공무원/준공무원,인천
138358,20230701,전기 자전거,남성,40대,자녀 성장기(막내가 초등학생～고등학생),800만원 내외,전문직,경기
138359,20230701,전동 킥보드,남성,40대,자녀 성장기(막내가 초등학생～고등학생),800만원 내외,사무직,서울
138388,20230701,"오토바이(바이크, 스쿠터)",남성,60대 이상,자녀 독립기(막내가 결혼한 상태),600만원 내외,일반 공무원/준공무원,경기
138389,20230701,전기 자전거,남성,40대,자녀 성장기(막내가 초등학생～고등학생),900만원 내외,기술/숙련직,경기
138390,20230701,전동 스케이트보드,여성,40대,자녀 성장기(막내가 초등학생～고등학생),700만원 내외,사무직,서울
138393,20230701,"오토바이(바이크, 스쿠터)",남성,40대,자녀 성장기(막내가 초등학생～고등학생),400만원 내외,사무직,경남
138404,20230701,"오토바이(바이크, 스쿠터)",남성,50대,자녀 독립기(막내가 결혼한 상태),500만원 내외,자영업,서울
138413,20230701,"오토바이(바이크, 스쿠터)",남성,60대 이상,자녀 독립기(막내가 결혼한 상태),600만원 내외,사무직,인천
138427,20230701,전동 휠,남성,20대,1인 가구,400만원 내외,학생,경기
138435,20230701,전동 킥보드,남성,50대,자녀 성인기(막내가 대학생～결혼 전),모름,기술/숙련직,대전
138442,20230701,전기 자전거,남성,40대,1인 가구,600만원 내외,경영/관리직,서울
138446,20230701,전기 자전거,남성,40대,신혼기 초과(자녀없음),800만원 내외,기술/숙련직,경기
138447,20230701,전동 킥보드,여성,40대,1인 가구,"2,100만원 이상",판매/서비스직,대구
138454,20230701,전기 자전거,남성,30대,자녀 유아기(막내가 초등학교 입학 전),"1,100~1,500만원 내외",사무직,경기
138463,20230701,전기 자전거,남성,50대,자녀 성장기(막내가 초등학생～고등학생),"1,100~1,500만원 내외",전문직,서울
138472,20230701,전동 스쿠터,남성,40대,자녀 유아기(막내가 초등학교 입학 전),400만원 내외,판매/서비스직,경기
138483,20230701,"오토바이(바이크, 스쿠터)",남성,60대 이상,자녀 독립기(막내가 결혼한 상태),400만원 내외,무직/기타,인천
138489,20230701,전동 킥보드,남성,40대,자녀 성장기(막내가 초등학생～고등학생),500만원 내외,전문직,인천
138503,20230701,"오토바이(바이크, 스쿠터)",남성,60대 이상,자녀 성장기(막내가 초등학생～고등학생),300만원 내외,전문직,서울
138506,20230701,전동 킥보드,남성,30대,1인 가구,600만원 내외,자영업,서울
138509,20230701,전동 킥보드,남성,30대,자녀 성인기(막내가 대학생～결혼 전),600만원 내외,무직/기타,서울
138519,20230701,"오토바이(바이크, 스쿠터)",남성,40대,자녀 유아기(막내가 초등학교 입학 전),모름,자영업,경기
138544,20230701,전기 자전거,여성,50대,자녀 성인기(막내가 대학생～결혼 전),"1,100~1,500만원 내외",무직/기타,대전
138557,20230701,전기 자전거,남성,50대,자녀 성인기(막내가 대학생～결혼 전),500만원 내외,자영업,서울
138558,20230701,"오토바이(바이크, 스쿠터)",남성,50대,자녀 성인기(막내가 대학생～결혼 전),700만원 내외,자영업,경기
138573,20230701,전기 자전거,남성,40대,자녀 유아기(막내가 초등학교 입학 전),400만원 내외,무직/기타,서울
138580,20230701,전동 휠,여성,30대,자녀 독립기(막내가 결혼한 상태),700만원 내외,전문직,경기
138605,20230701,"오토바이(바이크, 스쿠터)",남성,40대,자녀 성인기(막내가 대학생～결혼 전),600만원 내외,기술/숙련직,충남
138608,20230701,전동 킥보드,여성,40대,자녀 성장기(막내가 초등학생～고등학생),500만원 내외,무직/기타,충남
138621,20230701,전기 자전거,남성,40대,자녀 성장기(막내가 초등학생～고등학생),600만원 내외,경영/관리직,경기
138622,20230701,"오토바이(바이크, 스쿠터)",남성,40대,자녀 성장기(막내가 초등학생～고등학생),300만원 내외,기술/숙련직,부산
138624,20230701,"오토바이(바이크, 스쿠터)",남성,40대,자녀 성인기(막내가 대학생～결혼 전),"1,000만원 내외",사무직,경남
138637,20230701,전기 자전거,남성,60대 이상,자녀 독립기(막내가 결혼한 상태),500만원 내외,무직/기타,경기
138648,20230701,전기 자전거,남성,50대,자녀 성장기(막내가 초등학생～고등학생),400만원 내외,자영업,경기
138655,20230701,전기 자전거,남성,60대 이상,자녀 성인기(막내가 대학생～결혼 전),800만원 내외,기술/숙련직,서울
138672,20230701,전기 자전거,남성,30대,자녀 유아기(막내가 초등학교 입학 전),"1,100~1,500만원 내외",사무직,서울
138677,20230701,"오토바이(바이크, 스쿠터)",남성,40대,자녀 유아기(막내가 초등학교 입학 전),900만원 내외,기술/숙련직,경기
138684,20230701,전기 자전거,남성,60대 이상,1인 가구,400만원 내외,무직/기타,대구
138698,20230701,전동 킥보드,남성,30대,자녀 성장기(막내가 초등학생～고등학생),400만원 내외,기술/숙련직,경남
138701,20230701,"오토바이(바이크, 스쿠터)",여성,60대 이상,자녀 유아기(막내가 초등학교 입학 전),900만원 내외,자영업,서울
138704,20230701,전동 스케이트보드,남성,40대,자녀 유아기(막내가 초등학교 입학 전),900만원 내외,자영업,서울
138713,20230701,"오토바이(바이크, 스쿠터)",남성,50대,자녀 성장기(막내가 초등학생～고등학생),900만원 내외,경영/관리직,서울
138744,20230701,"오토바이(바이크, 스쿠터)",남성,30대,1인 가구,600만원 내외,기술/숙련직,인천
138745,20230701,전동 킥보드,여성,30대,신혼기(자녀없음),"1,100~1,500만원 내외",사무직,경기
138751,20230701,"오토바이(바이크, 스쿠터)",남성,40대,자녀 성장기(막내가 초등학생～고등학생),700만원 내외,사무직,충남
138761,20230701,전기 자전거,남성,40대,신혼기 초과(자녀없음),500만원 내외,사무직,강원
138770,20230701,"오토바이(바이크, 스쿠터)",남성,40대,자녀 성장기(막내가 초등학생～고등학생),400만원 내외,경영/관리직,부산
138777,20230701,"오토바이(바이크, 스쿠터)",남성,50대,자녀 성장기(막내가 초등학생～고등학생),800만원 내외,경영/관리직,대구
138781,20230701,"오토바이(바이크, 스쿠터)",남성,40대,자녀 성장기(막내가 초등학생～고등학생),600만원 내외,기술/숙련직,서울
138786,20230701,전동 킥보드,남성,50대,자녀 성인기(막내가 대학생～결혼 전),300만원 내외,자영업,광주
138792,20230701,전기 자전거,여성,30대,자녀 성인기(막내가 대학생～결혼 전),모름,기술/숙련직,충남
138803,20230701,"오토바이(바이크, 스쿠터)",남성,50대,1인 가구,400만원 내외,기술/숙련직,서울
138825,20230701,전기 자전거,남성,40대,자녀 성장기(막내가 초등학생～고등학생),500만원 내외,사무직,경남
138840,20230701,전동 스케이트보드,남성,40대,1인 가구,"1,000만원 내외",자영업,경기
138849,20230701,전동 휠,남성,50대,자녀 성인기(막내가 대학생～결혼 전),"1,600~2,000만원 내외",일반 공무원/준공무원,경기
138866,20230701,전기 자전거,남성,50대,자녀 성장기(막내가 초등학생～고등학생),400만원 내외,사무직,서울
138867,20230701,전기 자전거,남성,50대,자녀 성인기(막내가 대학생～결혼 전),"1,100~1,500만원 내외",판매/서비스직,충북
138870,20230701,전동 킥보드,여성,30대,자녀 성장기(막내가 초등학생～고등학생),400만원 내외,전업주부,강원
138871,20230701,전기 자전거,남성,40대,자녀 성장기(막내가 초등학생～고등학생),800만원 내외,기술/숙련직,부산
138888,20230701,"오토바이(바이크, 스쿠터)",남성,50대,자녀 성인기(막내가 대학생～결혼 전),500만원 내외,일반 공무원/준공무원,경기
138900,20230701,전동 킥보드,남성,50대,자녀 성장기(막내가 초등학생～고등학생),400만원 내외,기술/숙련직,서울
138913,20230701,전기 자전거,여성,40대,신혼기 초과(자녀없음),800만원 내외,사무직,경기
138923,20230701,"오토바이(바이크, 스쿠터)",남성,40대,1인 가구,400만원 내외,사무직,경기
138930,20230701,"오토바이(바이크, 스쿠터)",남성,40대,자녀 성장기(막내가 초등학생～고등학생),700만원 내외,사무직,경기
138955,20230701,전기 자전거,남성,40대,1인 가구,300만원 내외,일반 공무원/준공무원,충북
138966,20230701,"오토바이(바이크, 스쿠터)",남성,40대,1인 가구,500만원 내외,무직/기타,서울
138975,20230701,전기 자전거,여성,60대 이상,1인 가구,300만원 내외,무직/기타,부산
138980,20230701,"오토바이(바이크, 스쿠터)",남성,40대,자녀 성장기(막내가 초등학생～고등학생),600만원 내외,자영업,강원
138989,20230701,전기 자전거,남성,50대,자녀 성인기(막내가 대학생～결혼 전),"1,000만원 내외",무직/기타,경기
139016,20230701,전동 킥보드,남성,40대,신혼기 초과(자녀없음),"1,100~1,500만원 내외",기술/숙련직,서울
139052,20230701,전동 휠,남성,50대,자녀 성인기(막내가 대학생～결혼 전),"1,100~1,500만원 내외",자영업,부산
139057,20230701,"오토바이(바이크, 스쿠터)",남성,40대,1인 가구,300만원 내외,기술/숙련직,경북
139061,20230701,전기 자전거,남성,40대,자녀 유아기(막내가 초등학교 입학 전),500만원 내외,판매/서비스직,서울
139086,20230701,전동 킥보드,남성,50대,자녀 성인기(막내가 대학생～결혼 전),600만원 내외,사무직,경기
139088,20230701,"오토바이(바이크, 스쿠터)",남성,40대,자녀 성장기(막내가 초등학생～고등학생),700만원 내외,자영업,경기
139097,20230701,"오토바이(바이크, 스쿠터)",남성,50대,신혼기 초과(자녀없음),300만원 내외,자영업,부산
139098,20230701,"오토바이(바이크, 스쿠터)",남성,50대,자녀 성인기(막내가 대학생～결혼 전),"1,100~1,500만원 내외",자영업,경북
139108,20230701,"오토바이(바이크, 스쿠터)",여성,30대,1인 가구,300만원 내외,판매/서비스직,서울
139110,20230701,전기 자전거,남성,20대,1인 가구,300만원 내외,사무직,서울
139111,20230701,전기 자전거,여성,40대,1인 가구,200만원 내외,판매/서비스직,서울
139144,20230701,전기 자전거,여성,40대,1인 가구,800만원 내외,사무직,경기
139164,20230701,"오토바이(바이크, 스쿠터)",남성,40대,1인 가구,500만원 내외,자영업,인천
139169,20230701,전동 킥보드,남성,50대,자녀 성인기(막내가 대학생～결혼 전),"1,000만원 내외",무직/기타,경기
139170,20230701,전기 자전거,여성,30대,자녀 성장기(막내가 초등학생～고등학생),400만원 내외,전업주부,서울
139176,20230701,전기 자전거,남성,30대,자녀 성인기(막내가 대학생～결혼 전),700만원 내외,기술/숙련직,인천
139187,20230701,"오토바이(바이크, 스쿠터)",남성,50대,자녀 성인기(막내가 대학생～결혼 전),"1,100~1,500만원 내외",경영/관리직,서울
139195,20230701,전기 자전거,여성,20대,1인 가구,모름,무직/기타,경기
139198,20230701,전동 킥보드,여성,30대,자녀 독립기(막내가 결혼한 상태),600만원 내외,자영업,경남
139205,20230701,전기 자전거,여성,30대,1인 가구,200만원 내외,기술/숙련직,경기
139209,20230701,"오토바이(바이크, 스쿠터)",남성,40대,자녀 유아기(막내가 초등학교 입학 전),400만원 내외,사무직,충남
139223,20230701,"오토바이(바이크, 스쿠터)",여성,50대,자녀 성장기(막내가 초등학생～고등학생),700만원 내외,전문직,경기
139227,20230701,"오토바이(바이크, 스쿠터)",남성,60대 이상,자녀 독립기(막내가 결혼한 상태),500만원 내외,자영업,전남
139237,20230701,전동 킥보드,남성,60대 이상,자녀 성인기(막내가 대학생～결혼 전),700만원 내외,일반 공무원/준공무원,서울
139241,20230701,전동 스쿠터,여성,20대,자녀 유아기(막내가 초등학교 입학 전),900만원 내외,사무직,서울
139251,20230701,전동 스쿠터,남성,40대,1인 가구,200만원 내외,사무직,경기
139257,20230701,"오토바이(바이크, 스쿠터)",남성,30대,1인 가구,300만원 내외,기술/숙련직,경기
139260,20230701,전기 자전거,남성,50대,자녀 성인기(막내가 대학생～결혼 전),600만원 내외,기술/숙련직,부산
139296,20230701,전동 킥보드,남성,40대,자녀 유아기(막내가 초등학교 입학 전),700만원 내외,사무직,강원
139300,20230701,전기 자전거,여성,50대,자녀 성인기(막내가 대학생～결혼 전),"1,000만원 내외",사무직,인천
139301,20230701,전동 킥보드,남성,30대,1인 가구,200만원 내외,일반 공무원/준공무원,광주
139316,20230701,전동 킥보드,남성,40대,자녀 성장기(막내가 초등학생～고등학생),900만원 내외,사무직,대전
139317,20230701,전기 자전거,남성,60대 이상,자녀 성인기(막내가 대학생～결혼 전),"1,100~1,500만원 내외",자영업,경기
139340,20230701,전기 자전거,남성,50대,자녀 성장기(막내가 초등학생～고등학생),"1,100~1,500만원 내외",자영업,서울
139353,20230701,전기 자전거,남성,40대,자녀 성장기(막내가 초등학생～고등학생),300만원 내외,기술/숙련직,서울
139360,20230701,전기 자전거,남성,40대,자녀 성장기(막내가 초등학생～고등학생),"1,600~2,000만원 내외",사무직,서울
139365,20230701,"오토바이(바이크, 스쿠터)",여성,40대,1인 가구,모름,판매/서비스직,부산
139369,20230701,전동 킥보드,여성,40대,자녀 유아기(막내가 초등학교 입학 전),"1,000만원 내외",무직/기타,강원
139382,20230701,전기 자전거,여성,50대,자녀 성인기(막내가 대학생～결혼 전),"1,000만원 내외",일반 공무원/준공무원,인천
139389,20230701,전기 자전거,남성,50대,자녀 성인기(막내가 대학생～결혼 전),100만원 이하,자영업,인천
139408,20230701,전기 자전거,여성,40대,자녀 성장기(막내가 초등학생～고등학생),"1,000만원 내외",일반 공무원/준공무원,부산
139411,20230701,전동 킥보드,남성,60대 이상,자녀 독립기(막내가 결혼한 상태),"1,000만원 내외",무직/기타,경기
139420,20230701,전동 킥보드,여성,20대,자녀 독립기(막내가 결혼한 상태),"1,100~1,500만원 내외",자영업,서울
139430,20230701,전동 킥보드,남성,20대,자녀 성인기(막내가 대학생～결혼 전),"1,000만원 내외",판매/서비스직,대구
139443,20230701,"오토바이(바이크, 스쿠터)",남성,50대,자녀 독립기(막내가 결혼한 상태),800만원 내외,경영/관리직,경남
139444,20230701,전기 자전거,남성,30대,1인 가구,800만원 내외,사무직,부산
139471,20230701,전동 휠,남성,40대,자녀 성장기(막내가 초등학생～고등학생),800만원 내외,경영/관리직,전북
139482,20230701,전기 자전거,남성,40대,자녀 성장기(막내가 초등학생～고등학생),500만원 내외,기술/숙련직,충북
139486,20230701,전기 자전거,여성,30대,1인 가구,"1,600~2,000만원 내외",사무직,경기
139511,20230701,전기 자전거,남성,60대 이상,자녀 성인기(막내가 대학생～결혼 전),"1,000만원 내외",사무직,서울
139517,20230701,전동 킥보드,남성,40대,자녀 성장기(막내가 초등학생～고등학생),700만원 내외,사무직,경기
139518,20230701,전기 자전거,여성,50대,자녀 성장기(막내가 초등학생～고등학생),500만원 내외,사무직,경기
139521,20230701,전동 킥보드,남성,40대,자녀 성장기(막내가 초등학생～고등학생),700만원 내외,기술/숙련직,경기
139568,20230701,전기 자전거,남성,40대,자녀 성장기(막내가 초등학생～고등학생),"1,100~1,500만원 내외",자영업,인천
139571,20230701,"오토바이(바이크, 스쿠터)",남성,40대,1인 가구,500만원 내외,전문직,서울
139584,20230701,"오토바이(바이크, 스쿠터)",남성,40대,자녀 성장기(막내가 초등학생～고등학생),모름,자영업,경북
139599,20230701,전동 킥보드,여성,40대,자녀 성장기(막내가 초등학생～고등학생),"1,000만원 내외",판매/서비스직,인천
139629,20230701,"오토바이(바이크, 스쿠터)",남성,30대,자녀 유아기(막내가 초등학교 입학 전),300만원 내외,사무직,대구
139652,20230701,"오토바이(바이크, 스쿠터)",여성,40대,자녀 성인기(막내가 대학생～결혼 전),"1,600~2,000만원 내외",자영업,경남
139660,20230701,전기 자전거,남성,60대 이상,자녀 성인기(막내가 대학생～결혼 전),"1,000만원 내외",자영업,경기
139662,20230701,"오토바이(바이크, 스쿠터)",남성,50대,자녀 성장기(막내가 초등학생～고등학생),800만원 내외,무직/기타,서울
139668,20230701,전기 자전거,남성,40대,1인 가구,300만원 내외,무직/기타,경기
139681,20230701,"오토바이(바이크, 스쿠터)",남성,40대,자녀 성장기(막내가 초등학생～고등학생),"1,000만원 내외",일반 공무원/준공무원,대전
139699,20230701,"오토바이(바이크, 스쿠터)",남성,60대 이상,자녀 독립기(막내가 결혼한 상태),600만원 내외,무직/기타,서울
139705,20230701,전동 스케이트보드,여성,60대 이상,자녀 성인기(막내가 대학생～결혼 전),300만원 내외,전업주부,전북
139706,20230701,전동 휠,남성,40대,자녀 성장기(막내가 초등학생～고등학생),500만원 내외,자영업,인천
139710,20230701,"오토바이(바이크, 스쿠터)",남성,40대,자녀 유아기(막내가 초등학교 입학 전),"1,000만원 내외",일반 공무원/준공무원,부산
139722,20230701,전동 킥보드,남성,40대,자녀 성장기(막내가 초등학생～고등학생),"1,600~2,000만원 내외",경영/관리직,서울
139726,20230701,전동 킥보드,여성,40대,자녀 성인기(막내가 대학생～결혼 전),100만원 이하,판매/서비스직,경남
139730,20230701,전동 킥보드,남성,40대,자녀 성장기(막내가 초등학생～고등학생),600만원 내외,경영/관리직,인천
139734,20230701,전동 킥보드,남성,60대 이상,자녀 독립기(막내가 결혼한 상태),200만원 내외,무직/기타,울산
139742,20230701,"오토바이(바이크, 스쿠터)",남성,60대 이상,자녀 성인기(막내가 대학생～결혼 전),900만원 내외,자영업,서울
139774,20230701,"오토바이(바이크, 스쿠터)",남성,50대,자녀 성인기(막내가 대학생～결혼 전),600만원 내외,일반 공무원/준공무원,경기
139776,20230701,전동 킥보드,남성,50대,자녀 성인기(막내가 대학생～결혼 전),500만원 내외,기술/숙련직,충북
139781,20230701,전동 킥보드,남성,40대,자녀 성장기(막내가 초등학생～고등학생),800만원 내외,기술/숙련직,서울
139794,20230701,전기 자전거,남성,50대,1인 가구,500만원 내외,자영업,경기
139801,20230701,"오토바이(바이크, 스쿠터)",남성,40대,자녀 성장기(막내가 초등학생～고등학생),모름,자영업,충남
139802,20230701,전기 자전거,남성,60대 이상,자녀 성인기(막내가 대학생～결혼 전),500만원 내외,자영업,강원
139806,20230701,전기 자전거,여성,30대,1인 가구,200만원 내외,판매/서비스직,울산
139809,20230701,"오토바이(바이크, 스쿠터)",남성,60대 이상,자녀 독립기(막내가 결혼한 상태),300만원 내외,기술/숙련직,경남
139815,20230701,전기 자전거,남성,40대,자녀 성장기(막내가 초등학생～고등학생),600만원 내외,기술/숙련직,대구
139842,20230701,"오토바이(바이크, 스쿠터)",남성,40대,자녀 유아기(막내가 초등학교 입학 전),900만원 내외,기술/숙련직,서울
139847,20230701,"오토바이(바이크, 스쿠터)",남성,30대,1인 가구,"1,000만원 내외",자영업,부산
139848,20230701,전동 스케이트보드,남성,60대 이상,자녀 유아기(막내가 초등학교 입학 전),600만원 내외,판매/서비스직,서울
139849,20230701,전동 킥보드,남성,30대,1인 가구,800만원 내외,판매/서비스직,경기
139853,20230701,"오토바이(바이크, 스쿠터)",남성,40대,자녀 독립기(막내가 결혼한 상태),500만원 내외,사무직,서울
139864,20230701,전기 자전거,여성,50대,자녀 성인기(막내가 대학생～결혼 전),"1,100~1,500만원 내외",전업주부,경북
139866,20230701,전기 자전거,여성,30대,자녀 독립기(막내가 결혼한 상태),400만원 내외,판매/서비스직,경기
139869,20230701,전동 킥보드,남성,30대,1인 가구,"2,100만원 이상",자영업,서울
139871,20230701,전기 자전거,여성,30대,자녀 성인기(막내가 대학생～결혼 전),800만원 내외,무직/기타,서울
139873,20230701,"오토바이(바이크, 스쿠터)",남성,30대,자녀 유아기(막내가 초등학교 입학 전),500만원 내외,일반 공무원/준공무원,경기
139878,20230701,전동 킥보드,남성,40대,신혼기 초과(자녀없음),400만원 내외,사무직,경기
139882,20230701,전동 킥보드,남성,40대,1인 가구,500만원 내외,무직/기타,서울
139889,20230701,"오토바이(바이크, 스쿠터)",여성,50대,자녀 성장기(막내가 초등학생～고등학생),600만원 내외,기술/숙련직,광주
139940,20230701,"오토바이(바이크, 스쿠터)",남성,30대,자녀 유아기(막내가 초등학교 입학 전),500만원 내외,기술/숙련직,울산
139958,20230701,전기 자전거,남성,60대 이상,자녀 성인기(막내가 대학생～결혼 전),600만원 내외,기술/숙련직,부산
139973,20230701,"오토바이(바이크, 스쿠터)",여성,40대,자녀 성인기(막내가 대학생～결혼 전),500만원 내외,무직/기타,강원
139975,20230701,전동 킥보드,남성,30대,자녀 성인기(막내가 대학생～결혼 전),400만원 내외,사무직,경기
139980,20230701,전동 스쿠터,여성,30대,신혼기 초과(자녀없음),400만원 내외,사무직,광주
139984,20230701,전동 스케이트보드,남성,40대,자녀 성장기(막내가 초등학생～고등학생),500만원 내외,기술/숙련직,광주
139992,20230701,"오토바이(바이크, 스쿠터)",남성,40대,자녀 성장기(막내가 초등학생～고등학생),500만원 내외,기술/숙련직,제주
140012,20230701,전동 킥보드,남성,40대,자녀 성장기(막내가 초등학생～고등학생),600만원 내외,일반 공무원/준공무원,세종
140498,20230701,전동 킥보드,남성,50대,자녀 성장기(막내가 초등학생～고등학생),500만원 내외,기술/숙련직,전북
140621,20230701,전동 스쿠터,남성,50대,자녀 성인기(막내가 대학생～결혼 전),"1,000만원 내외",기술/숙련직,인천
140634,20230701,"오토바이(바이크, 스쿠터)",여성,60대 이상,1인 가구,700만원 내외,무직/기타,강원
140721,20230701,전동 킥보드,남성,50대,자녀 성장기(막내가 초등학생～고등학생),700만원 내외,경영/관리직,인천
140730,20230701,전동 킥보드,남성,40대,자녀 성장기(막내가 초등학생～고등학생),"1,000만원 내외",전문직,서울
140731,20230701,전기 자전거,여성,50대,자녀 성인기(막내가 대학생～결혼 전),400만원 내외,전업주부,전북
140746,20230701,전동 킥보드,남성,50대,자녀 성인기(막내가 대학생～결혼 전),500만원 내외,사무직,충남
140759,20230701,"오토바이(바이크, 스쿠터)",남성,50대,자녀 성인기(막내가 대학생～결혼 전),900만원 내외,일반 공무원/준공무원,충남
140760,20230701,전동 킥보드,여성,50대,신혼기 초과(자녀없음),800만원 내외,자영업,경기
140800,20230701,전기 자전거,여성,30대,자녀 성인기(막내가 대학생～결혼 전),"1,000만원 내외",사무직,서울
140813,20230701,"오토바이(바이크, 스쿠터)",여성,50대,1인 가구,"1,000만원 내외",기술/숙련직,경기
140826,20230701,전기 자전거,남성,40대,자녀 성장기(막내가 초등학생～고등학생),500만원 내외,판매/서비스직,서울
140853,20230701,"오토바이(바이크, 스쿠터)",남성,40대,자녀 성장기(막내가 초등학생～고등학생),800만원 내외,자영업,경기
140902,20230701,전기 자전거,남성,50대,자녀 성장기(막내가 초등학생～고등학생),400만원 내외,경영/관리직,경기
140905,20230701,"오토바이(바이크, 스쿠터)",남성,40대,1인 가구,200만원 내외,자영업,대전
140924,20230701,"오토바이(바이크, 스쿠터)",남성,60대 이상,자녀 독립기(막내가 결혼한 상태),800만원 내외,무직/기타,서울
140933,20230701,전동 휠,남성,40대,신혼기(자녀없음),700만원 내외,판매/서비스직,서울
140940,20230701,전동 킥보드,남성,40대,자녀 성장기(막내가 초등학생～고등학생),400만원 내외,사무직,충북
140943,20230701,"오토바이(바이크, 스쿠터)",남성,40대,신혼기(자녀없음),500만원 내외,무직/기타,서울
140975,20230701,"오토바이(바이크, 스쿠터)",여성,40대,자녀 유아기(막내가 초등학교 입학 전),900만원 내외,전업주부,부산
141004,20230701,"오토바이(바이크, 스쿠터)",여성,50대,자녀 독립기(막내가 결혼한 상태),200만원 내외,자영업,충북
141010,20230701,전동 킥보드,남성,50대,자녀 성인기(막내가 대학생～결혼 전),"2,100만원 이상",일반 공무원/준공무원,경기
141023,20230701,전동 킥보드,여성,30대,신혼기(자녀없음),500만원 내외,자영업,서울
141050,20230701,전기 자전거,남성,50대,자녀 성장기(막내가 초등학생～고등학생),600만원 내외,기술/숙련직,서울
141061,20230701,"오토바이(바이크, 스쿠터)",남성,60대 이상,자녀 성인기(막내가 대학생～결혼 전),300만원 내외,자영업,대구
141067,20230701,전동 스쿠터,남성,50대,자녀 성인기(막내가 대학생～결혼 전),"1,000만원 내외",자영업,서울
141078,20230701,전기 자전거,여성,50대,자녀 성인기(막내가 대학생～결혼 전),"2,100만원 이상",판매/서비스직,서울
141120,20230701,전동 킥보드,남성,30대,자녀 성장기(막내가 초등학생～고등학생),700만원 내외,기술/숙련직,충남
141135,20230701,"오토바이(바이크, 스쿠터)",여성,40대,신혼기 초과(자녀없음),"1,600~2,000만원 내외",일반 공무원/준공무원,서울
141140,20230701,전기 자전거,여성,50대,자녀 독립기(막내가 결혼한 상태),"1,600~2,000만원 내외",전업주부,서울
141141,20230701,"오토바이(바이크, 스쿠터)",남성,40대,자녀 성장기(막내가 초등학생～고등학생),500만원 내외,자영업,서울
141166,20230701,전기 자전거,남성,30대,1인 가구,500만원 내외,일반 공무원/준공무원,전북
141172,20230701,"오토바이(바이크, 스쿠터)",남성,40대,자녀 성장기(막내가 초등학생～고등학생),300만원 내외,자영업,서울
141188,20230701,전동 킥보드,남성,50대,자녀 유아기(막내가 초등학교 입학 전),600만원 내외,사무직,경기
141241,20230701,"오토바이(바이크, 스쿠터)",남성,40대,자녀 성장기(막내가 초등학생～고등학생),400만원 내외,사무직,대구
141256,20230701,전기 자전거,여성,40대,자녀 성장기(막내가 초등학생～고등학생),500만원 내외,전업주부,경기
141270,20230701,"오토바이(바이크, 스쿠터)",남성,60대 이상,자녀 독립기(막내가 결혼한 상태),800만원 내외,판매/서비스직,충북
141273,20230701,전기 자전거,여성,30대,자녀 유아기(막내가 초등학교 입학 전),500만원 내외,전업주부,충북
141276,20230701,전기 자전거,남성,50대,자녀 성인기(막내가 대학생～결혼 전),"2,100만원 이상",전문직,서울
141277,20230701,전동 스케이트보드,남성,60대 이상,자녀 성장기(막내가 초등학생～고등학생),400만원 내외,전문직,인천
141288,20230701,전동 킥보드,남성,40대,자녀 성인기(막내가 대학생～결혼 전),"1,000만원 내외",자영업,제주
141289,20230701,전기 자전거,여성,60대 이상,1인 가구,500만원 내외,자영업,강원
141298,20230701,전동 킥보드,남성,50대,자녀 성장기(막내가 초등학생～고등학생),"1,000만원 내외",무직/기타,경기
141299,20230701,전기 자전거,남성,50대,자녀 독립기(막내가 결혼한 상태),"1,000만원 내외",경영/관리직,경기
141323,20230701,"오토바이(바이크, 스쿠터)",남성,30대,신혼기(자녀없음),900만원 내외,전문직,경기
141347,20230701,"오토바이(바이크, 스쿠터)",여성,40대,자녀 성장기(막내가 초등학생～고등학생),700만원 내외,기술/숙련직,인천
141378,20230701,전기 자전거,남성,40대,자녀 성장기(막내가 초등학생～고등학생),500만원 내외,기술/숙련직,충남
141426,20230701,전동 킥보드,남성,40대,1인 가구,300만원 내외,기술/숙련직,대전
141441,20230701,전기 자전거,남성,60대 이상,자녀 성인기(막내가 대학생～결혼 전),900만원 내외,무직/기타,서울
141454,20230701,전기 자전거,남성,60대 이상,자녀 독립기(막내가 결혼한 상태),500만원 내외,무직/기타,충북
141457,20230701,전동 킥보드,여성,20대,1인 가구,"1,100~1,500만원 내외",무직/기타,강원
141463,20230701,전기 자전거,여성,40대,신혼기 초과(자녀없음),500만원 내외,사무직,경기
141469,20230701,전동 킥보드,여성,40대,자녀 유아기(막내가 초등학교 입학 전),600만원 내외,사무직,서울
141489,20230701,전동 스쿠터,여성,40대,자녀 성인기(막내가 대학생～결혼 전),600만원 내외,판매/서비스직,서울
141529,20230701,"오토바이(바이크, 스쿠터)",여성,30대,신혼기(자녀없음),"1,100~1,500만원 내외",전문직,서울
141557,20230701,전기 자전거,남성,60대 이상,자녀 독립기(막내가 결혼한 상태),600만원 내외,기술/숙련직,대전
141625,20230701,전기 자전거,남성,20대,자녀 유아기(막내가 초등학교 입학 전),300만원 내외,일반 공무원/준공무원,부산
141630,20230701,전동 스쿠터,남성,50대,신혼기 초과(자녀없음),400만원 내외,일반 공무원/준공무원,대전
141634,20230701,전동 킥보드,여성,40대,자녀 성장기(막내가 초등학생～고등학생),700만원 내외,사무직,경기
141667,20230701,"오토바이(바이크, 스쿠터)",남성,50대,자녀 성장기(막내가 초등학생～고등학생),600만원 내외,일반 공무원/준공무원,강원
141678,20230701,전기 자전거,남성,30대,신혼기(자녀없음),400만원 내외,기술/숙련직,충북
141703,20230701,"오토바이(바이크, 스쿠터)",남성,40대,신혼기 초과(자녀없음),"1,000만원 내외",자영업,경기
141716,20230701,전동 킥보드,남성,40대,신혼기(자녀없음),"1,100~1,500만원 내외",자영업,경기
141724,20230701,전동 킥보드,남성,30대,자녀 성장기(막내가 초등학생～고등학생),"1,100~1,500만원 내외",자영업,서울
141734,20230701,"오토바이(바이크, 스쿠터)",남성,30대,자녀 성인기(막내가 대학생～결혼 전),"1,000만원 내외",무직/기타,강원
141746,20230701,전동 스쿠터,남성,20대,자녀 성인기(막내가 대학생～결혼 전),400만원 내외,전문직,대전
141786,20230701,전기 자전거,남성,60대 이상,자녀 독립기(막내가 결혼한 상태),500만원 내외,무직/기타,인천
141814,20230701,"오토바이(바이크, 스쿠터)",여성,50대,자녀 성인기(막내가 대학생～결혼 전),모름,자영업,대전
141819,20230701,"오토바이(바이크, 스쿠터)",남성,40대,신혼기 초과(자녀없음),400만원 내외,자영업,대구
141822,20230701,전기 자전거,남성,60대 이상,자녀 성인기(막내가 대학생～결혼 전),모름,경영/관리직,서울
141869,20230701,전기 자전거,여성,40대,자녀 성장기(막내가 초등학생～고등학생),600만원 내외,전업주부,경남
141873,20230701,전기 자전거,남성,40대,자녀 성장기(막내가 초등학생～고등학생),"1,100~1,500만원 내외",경영/관리직,서울
141905,20230701,전동 킥보드,여성,30대,신혼기 초과(자녀없음),700만원 내외,사무직,경기
141923,20230701,전동 킥보드,남성,30대,신혼기(자녀없음),200만원 내외,기술/숙련직,광주
141925,20230701,전기 자전거,남성,40대,자녀 유아기(막내가 초등학교 입학 전),800만원 내외,기술/숙련직,부산
141952,20230701,전기 자전거,여성,40대,자녀 성장기(막내가 초등학생～고등학생),800만원 내외,자영업,서울
141972,20230701,전동 킥보드,남성,40대,1인 가구,200만원 내외,판매/서비스직,부산
141976,20230701,전동 킥보드,여성,50대,자녀 독립기(막내가 결혼한 상태),400만원 내외,전업주부,서울
141988,20230701,"오토바이(바이크, 스쿠터)",남성,60대 이상,자녀 독립기(막내가 결혼한 상태),"1,000만원 내외",자영업,부산
142010,20230701,전동 휠,남성,30대,자녀 성인기(막내가 대학생～결혼 전),400만원 내외,판매/서비스직,경남
142015,20230701,"오토바이(바이크, 스쿠터)",남성,30대,1인 가구,500만원 내외,기술/숙련직,세종
142021,20230701,"오토바이(바이크, 스쿠터)",남성,60대 이상,자녀 성인기(막내가 대학생～결혼 전),300만원 내외,기술/숙련직,전북
142040,20230701,"오토바이(바이크, 스쿠터)",남성,30대,1인 가구,200만원 내외,무직/기타,서울
142048,20230701,"오토바이(바이크, 스쿠터)",남성,40대,자녀 성장기(막내가 초등학생～고등학생),400만원 내외,사무직,경기
142062,20230701,전동 킥보드,남성,60대 이상,자녀 성인기(막내가 대학생～결혼 전),800만원 내외,무직/기타,충남
142074,20230701,전동 킥보드,남성,40대,자녀 유아기(막내가 초등학교 입학 전),300만원 내외,사무직,경기
142080,20230701,"오토바이(바이크, 스쿠터)",남성,40대,자녀 독립기(막내가 결혼한 상태),600만원 내외,기술/숙련직,서울
142086,20230701,전동 킥보드,여성,50대,자녀 성인기(막내가 대학생～결혼 전),400만원 내외,자영업,전남
142088,20230701,전기 자전거,남성,40대,자녀 독립기(막내가 결혼한 상태),400만원 내외,사무직,광주
142103,20230701,"오토바이(바이크, 스쿠터)",남성,40대,자녀 성장기(막내가 초등학생～고등학생),700만원 내외,일반 공무원/준공무원,전남
142107,20230701,"오토바이(바이크, 스쿠터)",남성,60대 이상,자녀 독립기(막내가 결혼한 상태),300만원 내외,기술/숙련직,부산
142111,20230701,전기 자전거,남성,60대 이상,자녀 독립기(막내가 결혼한 상태),600만원 내외,자영업,경기
142112,20230701,"오토바이(바이크, 스쿠터)",남성,60대 이상,자녀 독립기(막내가 결혼한 상태),500만원 내외,기술/숙련직,경북
142118,20230701,"오토바이(바이크, 스쿠터)",여성,30대,신혼기 초과(자녀없음),200만원 내외,전업주부,서울
142142,20230701,전동 킥보드,남성,30대,1인 가구,100만원 이하,무직/기타,대전
142148,20230701,"오토바이(바이크, 스쿠터)",남성,40대,자녀 성장기(막내가 초등학생～고등학생),700만원 내외,자영업,경기
142152,20230701,전기 자전거,남성,20대,자녀 성인기(막내가 대학생～결혼 전),600만원 내외,무직/기타,서울
142198,20230701,전기 자전거,여성,40대,자녀 독립기(막내가 결혼한 상태),500만원 내외,학생,경기
142200,20230701,전기 자전거,남성,50대,자녀 독립기(막내가 결혼한 상태),700만원 내외,기술/숙련직,인천
142208,20230701,"오토바이(바이크, 스쿠터)",남성,50대,자녀 성인기(막내가 대학생～결혼 전),"2,100만원 이상",자영업,경기
142226,20230701,전동 스쿠터,여성,50대,자녀 성인기(막내가 대학생～결혼 전),300만원 내외,사무직,인천
142230,20230701,전기 자전거,여성,40대,자녀 성장기(막내가 초등학생～고등학생),700만원 내외,전문직,경기
142239,20230701,전동 킥보드,여성,30대,자녀 유아기(막내가 초등학교 입학 전),"1,000만원 내외",사무직,서울
142254,20230701,전동 킥보드,남성,40대,자녀 유아기(막내가 초등학교 입학 전),400만원 내외,사무직,서울
142275,20230701,전기 자전거,남성,50대,자녀 성인기(막내가 대학생～결혼 전),500만원 내외,기술/숙련직,경기
142292,20230701,전동 킥보드,남성,20대,1인 가구,200만원 내외,기술/숙련직,서울
142297,20230701,전동 킥보드,남성,30대,자녀 성인기(막내가 대학생～결혼 전),200만원 내외,사무직,충북
142306,20230701,전기 자전거,남성,60대 이상,자녀 성인기(막내가 대학생～결혼 전),300만원 내외,무직/기타,울산
142309,20230701,전동 킥보드,남성,20대,1인 가구,200만원 내외,무직/기타,경북
142312,20230701,전기 자전거,남성,60대 이상,자녀 독립기(막내가 결혼한 상태),700만원 내외,무직/기타,경기
142320,20230701,"오토바이(바이크, 스쿠터)",남성,20대,1인 가구,200만원 내외,무직/기타,서울
142333,20230701,전기 자전거,남성,40대,자녀 성장기(막내가 초등학생～고등학생),400만원 내외,기술/숙련직,충남
142335,20230701,"오토바이(바이크, 스쿠터)",여성,30대,자녀 유아기(막내가 초등학교 입학 전),400만원 내외,사무직,광주
142339,20230701,"오토바이(바이크, 스쿠터)",남성,40대,1인 가구,400만원 내외,자영업,경북
142347,20230701,전동 킥보드,남성,50대,자녀 성인기(막내가 대학생～결혼 전),500만원 내외,자영업,경기
142351,20230701,전동 킥보드,남성,40대,자녀 성장기(막내가 초등학생～고등학생),"1,000만원 내외",전문직,서울
142368,20230701,"오토바이(바이크, 스쿠터)",남성,40대,1인 가구,300만원 내외,사무직,경기
142370,20230701,"오토바이(바이크, 스쿠터)",남성,50대,자녀 성인기(막내가 대학생～결혼 전),600만원 내외,사무직,경기
142373,20230701,"오토바이(바이크, 스쿠터)",여성,40대,자녀 성장기(막내가 초등학생～고등학생),500만원 내외,사무직,경남
142378,20230701,전기 자전거,남성,40대,신혼기 초과(자녀없음),300만원 내외,자영업,경기
142382,20230701,전동 킥보드,남성,30대,자녀 성장기(막내가 초등학생～고등학생),400만원 내외,기술/숙련직,경남
142385,20230701,전동 스쿠터,여성,40대,자녀 성장기(막내가 초등학생～고등학생),600만원 내외,전업주부,경기
142387,20230701,전동 킥보드,남성,40대,자녀 성장기(막내가 초등학생～고등학생),"1,100~1,500만원 내외",자영업,경기
142392,20230701,"오토바이(바이크, 스쿠터)",남성,50대,자녀 성인기(막내가 대학생～결혼 전),"1,000만원 내외",기술/숙련직,서울
142439,20230701,전기 자전거,남성,50대,자녀 성인기(막내가 대학생～결혼 전),"1,100~1,500만원 내외",기술/숙련직,충북
142468,20230701,"오토바이(바이크, 스쿠터)",남성,60대 이상,자녀 독립기(막내가 결혼한 상태),300만원 내외,전문직,광주
142473,20230701,전기 자전거,남성,40대,1인 가구,700만원 내외,자영업,서울
142488,20230701,전동 휠,남성,50대,자녀 성인기(막내가 대학생～결혼 전),"1,000만원 내외",자영업,인천
142540,20230701,전동 스쿠터,남성,40대,1인 가구,500만원 내외,사무직,대구
142549,20230701,"오토바이(바이크, 스쿠터)",여성,30대,신혼기(자녀없음),300만원 내외,무직/기타,경기
142565,20230701,전기 자전거,여성,40대,자녀 성장기(막내가 초등학생～고등학생),400만원 내외,전업주부,경기
142588,20230701,전동 킥보드,남성,40대,자녀 성장기(막내가 초등학생～고등학생),800만원 내외,사무직,경남
142626,20230701,"오토바이(바이크, 스쿠터)",남성,40대,자녀 성장기(막내가 초등학생～고등학생),600만원 내외,자영업,대구
142632,20230701,"오토바이(바이크, 스쿠터)",남성,50대,자녀 성인기(막내가 대학생～결혼 전),600만원 내외,판매/서비스직,경남
142636,20230701,전동 킥보드,여성,40대,자녀 성장기(막내가 초등학생～고등학생),600만원 내외,사무직,대전
142640,20230701,"오토바이(바이크, 스쿠터)",남성,40대,자녀 성인기(막내가 대학생～결혼 전),500만원 내외,기술/숙련직,대구
142651,20230701,"오토바이(바이크, 스쿠터)",남성,50대,신혼기 초과(자녀없음),400만원 내외,기술/숙련직,경북
142668,20230701,"오토바이(바이크, 스쿠터)",남성,60대 이상,자녀 독립기(막내가 결혼한 상태),200만원 내외,자영업,부산
142721,20230701,전동 킥보드,여성,40대,자녀 성장기(막내가 초등학생～고등학생),"2,100만원 이상",전문직,경기
142725,20230701,전기 자전거,여성,20대,자녀 성장기(막내가 초등학생～고등학생),800만원 내외,사무직,서울
142744,20230701,전기 자전거,여성,40대,자녀 성인기(막내가 대학생～결혼 전),600만원 내외,무직/기타,광주
142753,20230701,전기 자전거,남성,60대 이상,자녀 독립기(막내가 결혼한 상태),800만원 내외,경영/관리직,강원
142767,20230701,전동 킥보드,남성,30대,신혼기 초과(자녀없음),700만원 내외,사무직,인천
142771,20230701,전동 킥보드,남성,50대,자녀 성인기(막내가 대학생～결혼 전),600만원 내외,일반 공무원/준공무원,부산
142781,20230701,전동 스케이트보드,여성,30대,신혼기 초과(자녀없음),800만원 내외,사무직,서울
142782,20230701,전기 자전거,남성,40대,자녀 유아기(막내가 초등학교 입학 전),800만원 내외,자영업,서울
142798,20230701,"오토바이(바이크, 스쿠터)",남성,60대 이상,자녀 성장기(막내가 초등학생～고등학생),500만원 내외,자영업,서울
142800,20230701,전동 킥보드,남성,40대,신혼기 초과(자녀없음),500만원 내외,사무직,경기
142804,20230701,전기 자전거,여성,30대,자녀 유아기(막내가 초등학교 입학 전),500만원 내외,전업주부,인천
142814,20230701,전기 자전거,여성,20대,자녀 성인기(막내가 대학생～결혼 전),700만원 내외,자영업,경기
142820,20230701,전기 자전거,여성,30대,자녀 성인기(막내가 대학생～결혼 전),600만원 내외,사무직,울산
142823,20230701,전기 자전거,여성,40대,자녀 성장기(막내가 초등학생～고등학생),600만원 내외,전업주부,서울
142843,20230701,전동 휠,남성,50대,자녀 성장기(막내가 초등학생～고등학생),500만원 내외,일반 공무원/준공무원,울산
142856,20230701,"오토바이(바이크, 스쿠터)",남성,60대 이상,자녀 성인기(막내가 대학생～결혼 전),"1,000만원 내외",사무직,경기
142891,20230701,전동 킥보드,남성,50대,자녀 성장기(막내가 초등학생～고등학생),600만원 내외,경영/관리직,세종
142902,20230701,"오토바이(바이크, 스쿠터)",남성,30대,1인 가구,200만원 내외,사무직,인천
142911,20230701,"오토바이(바이크, 스쿠터)",남성,30대,자녀 유아기(막내가 초등학교 입학 전),700만원 내외,자영업,전북
142926,20230701,"오토바이(바이크, 스쿠터)",남성,40대,자녀 성장기(막내가 초등학생～고등학생),"1,000만원 내외",기술/숙련직,세종
142941,20230701,전동 킥보드,남성,40대,자녀 성인기(막내가 대학생～결혼 전),500만원 내외,기술/숙련직,전남
142950,20230701,전동 스쿠터,여성,20대,1인 가구,300만원 내외,판매/서비스직,경기
142951,20230701,"오토바이(바이크, 스쿠터)",남성,60대 이상,자녀 독립기(막내가 결혼한 상태),"1,100~1,500만원 내외",기술/숙련직,경남
142965,20230701,전동 킥보드,남성,40대,자녀 성장기(막내가 초등학생～고등학생),"1,000만원 내외",자영업,서울
142969,20230701,전동 킥보드,남성,40대,자녀 성장기(막내가 초등학생～고등학생),700만원 내외,사무직,대구
142980,20230701,전동 킥보드,남성,40대,자녀 성장기(막내가 초등학생～고등학생),700만원 내외,사무직,경기
142996,20230701,전동 킥보드,여성,40대,자녀 성장기(막내가 초등학생～고등학생),"1,100~1,500만원 내외",자영업,경북
143027,20230701,전동 휠,남성,40대,자녀 성장기(막내가 초등학생～고등학생),900만원 내외,판매/서비스직,서울
143028,20230701,"오토바이(바이크, 스쿠터)",남성,40대,자녀 성장기(막내가 초등학생～고등학생),300만원 내외,일반 공무원/준공무원,제주
143039,20230701,전기 자전거,남성,40대,자녀 성장기(막내가 초등학생～고등학생),700만원 내외,사무직,충남
143054,20230701,"오토바이(바이크, 스쿠터)",남성,50대,자녀 성장기(막내가 초등학생～고등학생),700만원 내외,자영업,서울
143097,20230701,전기 자전거,남성,60대 이상,자녀 독립기(막내가 결혼한 상태),500만원 내외,기술/숙련직,대전
143110,20230701,"오토바이(바이크, 스쿠터)",남성,50대,자녀 성인기(막내가 대학생～결혼 전),600만원 내외,자영업,경남
143114,20230701,"오토바이(바이크, 스쿠터)",남성,40대,신혼기 초과(자녀없음),"1,000만원 내외",무직/기타,경기
143127,20230701,전기 자전거,남성,50대,자녀 성인기(막내가 대학생～결혼 전),800만원 내외,기술/숙련직,서울
143128,20230701,전기 자전거,남성,50대,자녀 성인기(막내가 대학생～결혼 전),700만원 내외,판매/서비스직,세종
143140,20230701,전기 자전거,남성,60대 이상,자녀 성인기(막내가 대학생～결혼 전),400만원 내외,판매/서비스직,서울
143143,20230701,전기 자전거,여성,50대,자녀 성장기(막내가 초등학생～고등학생),800만원 내외,전문직,서울
143145,20230701,전기 자전거,여성,50대,자녀 성인기(막내가 대학생～결혼 전),"1,000만원 내외",자영업,서울
143157,20230701,전동 스쿠터,남성,50대,1인 가구,400만원 내외,기술/숙련직,서울
143196,20230701,전동 킥보드,남성,40대,신혼기(자녀없음),700만원 내외,기술/숙련직,경기
143198,20230701,"오토바이(바이크, 스쿠터)",남성,50대,자녀 성장기(막내가 초등학생～고등학생),700만원 내외,기술/숙련직,경북
143203,20230701,"오토바이(바이크, 스쿠터)",남성,40대,자녀 성장기(막내가 초등학생～고등학생),300만원 내외,기술/숙련직,울산
143213,20230701,"오토바이(바이크, 스쿠터)",여성,20대,신혼기(자녀없음),500만원 내외,전업주부,경기
143251,20230701,전기 자전거,남성,60대 이상,자녀 독립기(막내가 결혼한 상태),300만원 내외,자영업,대구
143260,20230701,"오토바이(바이크, 스쿠터)",남성,60대 이상,1인 가구,500만원 내외,경영/관리직,서울
143270,20230701,전기 자전거,남성,50대,자녀 성인기(막내가 대학생～결혼 전),700만원 내외,판매/서비스직,경기
143281,20230701,전기 자전거,남성,30대,1인 가구,800만원 내외,판매/서비스직,경기
143283,20230701,전기 자전거,남성,50대,1인 가구,400만원 내외,무직/기타,경기
143293,20230701,전기 자전거,남성,30대,자녀 성장기(막내가 초등학생～고등학생),600만원 내외,기술/숙련직,경기
143297,20230701,전기 자전거,남성,40대,1인 가구,500만원 내외,기술/숙련직,강원
143327,20230701,전동 킥보드,남성,30대,1인 가구,모름,무직/기타,부산
143328,20230701,전동 휠,여성,40대,신혼기(자녀없음),200만원 내외,전업주부,강원
143331,20230701,전기 자전거,여성,40대,신혼기(자녀없음),"1,000만원 내외",사무직,서울
143332,20230701,전동 킥보드,남성,40대,1인 가구,500만원 내외,자영업,경기
143343,20230701,"오토바이(바이크, 스쿠터)",여성,50대,자녀 성인기(막내가 대학생～결혼 전),"1,600~2,000만원 내외",일반 공무원/준공무원,인천
143349,20230701,전기 자전거,남성,60대 이상,자녀 독립기(막내가 결혼한 상태),500만원 내외,무직/기타,경북
143358,20230701,"오토바이(바이크, 스쿠터)",남성,50대,자녀 성장기(막내가 초등학생～고등학생),"1,000만원 내외",자영업,부산
143412,20230701,전기 자전거,남성,30대,자녀 성인기(막내가 대학생～결혼 전),"1,000만원 내외",사무직,서울
143422,20230701,전동 킥보드,여성,40대,자녀 성장기(막내가 초등학생～고등학생),"1,100~1,500만원 내외",사무직,서울
143459,20230701,전기 자전거,남성,50대,자녀 성장기(막내가 초등학생～고등학생),"1,100~1,500만원 내외",사무직,서울
143461,20230701,전동 킥보드,남성,60대 이상,자녀 성인기(막내가 대학생～결혼 전),"1,100~1,500만원 내외",무직/기타,대전
143472,20230701,전동 킥보드,남성,40대,자녀 성장기(막내가 초등학생～고등학생),500만원 내외,사무직,충남
143486,20230701,전동 킥보드,남성,50대,자녀 성장기(막내가 초등학생～고등학생),400만원 내외,기술/숙련직,부산
143490,20230701,전기 자전거,남성,60대 이상,자녀 성인기(막내가 대학생～결혼 전),700만원 내외,일반 공무원/준공무원,서울
143510,20230701,전기 자전거,남성,60대 이상,자녀 독립기(막내가 결혼한 상태),200만원 내외,무직/기타,충북
143513,20230701,전동 킥보드,여성,40대,자녀 성장기(막내가 초등학생～고등학생),500만원 내외,일반 공무원/준공무원,인천
143523,20230701,전기 자전거,여성,40대,신혼기(자녀없음),200만원 내외,무직/기타,경북
143549,20230701,"오토바이(바이크, 스쿠터)",남성,40대,자녀 성장기(막내가 초등학생～고등학생),500만원 내외,일반 공무원/준공무원,대전
143556,20230701,전동 킥보드,여성,30대,자녀 성장기(막내가 초등학생～고등학생),"1,100~1,500만원 내외",전업주부,세종
143561,20230701,전동 킥보드,남성,50대,자녀 성인기(막내가 대학생～결혼 전),300만원 내외,기술/숙련직,전남
143594,20230701,전동 킥보드,남성,40대,자녀 성장기(막내가 초등학생～고등학생),"1,100~1,500만원 내외",경영/관리직,경기
143596,20230701,전기 자전거,여성,50대,자녀 독립기(막내가 결혼한 상태),600만원 내외,자영업,전북
143607,20230701,전동 스케이트보드,남성,40대,자녀 성장기(막내가 초등학생～고등학생),500만원 내외,기술/숙련직,서울
143619,20230701,전기 자전거,남성,40대,자녀 성장기(막내가 초등학생～고등학생),800만원 내외,사무직,서울
143628,20230701,전기 자전거,남성,40대,자녀 성장기(막내가 초등학생～고등학생),400만원 내외,무직/기타,충남
143647,20230701,전동 킥보드,여성,50대,자녀 성장기(막내가 초등학생～고등학생),"1,100~1,500만원 내외",자영업,경기
143656,20230701,전동 킥보드,남성,40대,자녀 유아기(막내가 초등학교 입학 전),700만원 내외,자영업,경기
143664,20230701,전기 자전거,남성,60대 이상,자녀 독립기(막내가 결혼한 상태),500만원 내외,사무직,경남
143673,20230701,전동 킥보드,여성,40대,자녀 성장기(막내가 초등학생～고등학생),300만원 내외,전업주부,충남
143684,20230701,전동 스쿠터,남성,40대,자녀 성인기(막내가 대학생～결혼 전),600만원 내외,사무직,서울
143692,20230701,전기 자전거,남성,30대,자녀 독립기(막내가 결혼한 상태),600만원 내외,기술/숙련직,서울
143700,20230701,전기 자전거,남성,40대,자녀 성장기(막내가 초등학생～고등학생),500만원 내외,경영/관리직,서울
143702,20230701,전동 킥보드,남성,40대,자녀 성장기(막내가 초등학생～고등학생),500만원 내외,기술/숙련직,서울
143725,20230701,"오토바이(바이크, 스쿠터)",여성,30대,자녀 유아기(막내가 초등학교 입학 전),800만원 내외,전업주부,충북
143732,20230701,전동 킥보드,여성,20대,자녀 성인기(막내가 대학생～결혼 전),"1,000만원 내외",학생,전북
143777,20230701,전기 자전거,남성,50대,자녀 성인기(막내가 대학생～결혼 전),700만원 내외,무직/기타,대구
143780,20230701,"오토바이(바이크, 스쿠터)",남성,60대 이상,자녀 성장기(막내가 초등학생～고등학생),500만원 내외,자영업,서울
143793,20230701,"오토바이(바이크, 스쿠터)",남성,40대,자녀 유아기(막내가 초등학교 입학 전),300만원 내외,일반 공무원/준공무원,경기
143795,20230701,전기 자전거,남성,60대 이상,자녀 독립기(막내가 결혼한 상태),900만원 내외,경영/관리직,서울
143803,20230701,"오토바이(바이크, 스쿠터)",남성,40대,자녀 성장기(막내가 초등학생～고등학생),500만원 내외,무직/기타,전북
143817,20230701,"오토바이(바이크, 스쿠터)",남성,30대,신혼기 초과(자녀없음),300만원 내외,자영업,대전
143824,20230701,"오토바이(바이크, 스쿠터)",여성,30대,자녀 독립기(막내가 결혼한 상태),"1,100~1,500만원 내외",자영업,서울
143828,20230701,전동 킥보드,남성,40대,자녀 유아기(막내가 초등학교 입학 전),300만원 내외,무직/기타,경기
143830,20230701,전기 자전거,남성,50대,자녀 성인기(막내가 대학생～결혼 전),300만원 내외,판매/서비스직,경기
143833,20230701,전기 자전거,남성,40대,자녀 성인기(막내가 대학생～결혼 전),"2,100만원 이상",자영업,경기
143844,20230701,전동 킥보드,남성,20대,자녀 성인기(막내가 대학생～결혼 전),500만원 내외,사무직,서울
143852,20230701,전기 자전거,남성,60대 이상,자녀 독립기(막내가 결혼한 상태),400만원 내외,자영업,울산
143861,20230701,전기 자전거,남성,40대,1인 가구,400만원 내외,사무직,경기
143881,20230701,전기 자전거,여성,60대 이상,신혼기(자녀없음),"2,100만원 이상",전업주부,경기
143886,20230701,전기 자전거,남성,30대,자녀 성장기(막내가 초등학생～고등학생),500만원 내외,판매/서비스직,광주
143904,20230701,전기 자전거,남성,40대,1인 가구,400만원 내외,사무직,인천
143911,20230701,전동 킥보드,남성,40대,1인 가구,300만원 내외,무직/기타,경기
143918,20230701,전기 자전거,남성,60대 이상,자녀 성인기(막내가 대학생～결혼 전),300만원 내외,무직/기타,경북
143930,20230701,전동 킥보드,남성,40대,자녀 성장기(막내가 초등학생～고등학생),"1,100~1,500만원 내외",일반 공무원/준공무원,인천
143934,20230701,전동 스쿠터,남성,40대,1인 가구,300만원 내외,전문직,대구
143944,20230701,전동 킥보드,남성,50대,자녀 성장기(막내가 초등학생～고등학생),700만원 내외,자영업,전북
143954,20230701,전동 킥보드,여성,30대,신혼기 초과(자녀없음),400만원 내외,전업주부,세종
144001,20230701,전동 킥보드,여성,30대,자녀 유아기(막내가 초등학교 입학 전),800만원 내외,사무직,서울
144041,20230701,"오토바이(바이크, 스쿠터)",남성,50대,자녀 성인기(막내가 대학생～결혼 전),200만원 내외,무직/기타,전남
144042,20230701,전기 자전거,남성,30대,자녀 유아기(막내가 초등학교 입학 전),800만원 내외,기술/숙련직,대전
144070,20230701,전동 킥보드,남성,40대,자녀 유아기(막내가 초등학교 입학 전),500만원 내외,사무직,부산
144103,20230701,전기 자전거,여성,30대,자녀 유아기(막내가 초등학교 입학 전),600만원 내외,무직/기타,경기
144110,20230701,전기 자전거,여성,50대,자녀 성장기(막내가 초등학생～고등학생),600만원 내외,판매/서비스직,경북
144121,20230701,전동 킥보드,남성,50대,자녀 성인기(막내가 대학생～결혼 전),800만원 내외,기술/숙련직,경북
144127,20230701,"오토바이(바이크, 스쿠터)",남성,50대,자녀 성인기(막내가 대학생～결혼 전),200만원 내외,기술/숙련직,경기
144132,20230701,전동 킥보드,남성,60대 이상,자녀 성장기(막내가 초등학생～고등학생),700만원 내외,사무직,경기
144139,20230701,전기 자전거,남성,30대,1인 가구,400만원 내외,기술/숙련직,전북
144149,20230701,전기 자전거,남성,40대,자녀 성장기(막내가 초등학생～고등학생),400만원 내외,일반 공무원/준공무원,서울
144152,20230701,"오토바이(바이크, 스쿠터)",남성,30대,자녀 성인기(막내가 대학생～결혼 전),"2,100만원 이상",사무직,경북
144215,20230701,전동 킥보드,남성,40대,1인 가구,800만원 내외,기술/숙련직,서울
144218,20230701,"오토바이(바이크, 스쿠터)",남성,40대,1인 가구,300만원 내외,기술/숙련직,충북
144219,20230701,전기 자전거,남성,40대,자녀 성장기(막내가 초등학생～고등학생),500만원 내외,기술/숙련직,경기
144224,20230701,전기 자전거,남성,50대,자녀 성인기(막내가 대학생～결혼 전),500만원 내외,자영업,경기
144234,20230701,전동 킥보드,남성,50대,자녀 성인기(막내가 대학생～결혼 전),500만원 내외,자영업,경북
144236,20230701,"오토바이(바이크, 스쿠터)",여성,40대,1인 가구,600만원 내외,판매/서비스직,경기
144253,20230701,"오토바이(바이크, 스쿠터)",여성,50대,자녀 성인기(막내가 대학생～결혼 전),300만원 내외,판매/서비스직,광주
144285,20230701,전기 자전거,남성,60대 이상,자녀 성인기(막내가 대학생～결혼 전),600만원 내외,자영업,충남
144290,20230701,전기 자전거,남성,20대,1인 가구,500만원 내외,사무직,부산
144295,20230701,전동 킥보드,남성,50대,자녀 성장기(막내가 초등학생～고등학생),600만원 내외,기술/숙련직,인천
144320,20230701,"오토바이(바이크, 스쿠터)",남성,50대,자녀 성인기(막내가 대학생～결혼 전),400만원 내외,자영업,인천
144336,20230701,전동 킥보드,여성,30대,자녀 유아기(막내가 초등학교 입학 전),700만원 내외,기술/숙련직,경기
144350,20230701,전동 킥보드,남성,30대,자녀 유아기(막내가 초등학교 입학 전),300만원 내외,기술/숙련직,경기
144351,20230701,전기 자전거,여성,30대,1인 가구,"1,100~1,500만원 내외",사무직,서울
144357,20230701,전기 자전거,여성,40대,자녀 독립기(막내가 결혼한 상태),"1,100~1,500만원 내외",사무직,서울
144358,20230701,전기 자전거,남성,60대 이상,자녀 성인기(막내가 대학생～결혼 전),500만원 내외,무직/기타,경북
144360,20230701,전기 자전거,여성,40대,자녀 성장기(막내가 초등학생～고등학생),200만원 내외,무직/기타,인천
144376,20230701,전동 킥보드,남성,50대,자녀 성장기(막내가 초등학생～고등학생),700만원 내외,기술/숙련직,충남
144380,20230701,"오토바이(바이크, 스쿠터)",남성,40대,자녀 성장기(막내가 초등학생～고등학생),500만원 내외,자영업,경남
144387,20230701,"오토바이(바이크, 스쿠터)",여성,50대,자녀 독립기(막내가 결혼한 상태),500만원 내외,자영업,경북
144392,20230701,전동 킥보드,남성,50대,자녀 성인기(막내가 대학생～결혼 전),모름,무직/기타,부산
144402,20230701,전기 자전거,남성,60대 이상,1인 가구,모름,자영업,경북
144418,20230701,전동 킥보드,남성,40대,1인 가구,800만원 내외,일반 공무원/준공무원,경기
144419,20230701,전동 킥보드,여성,40대,자녀 성장기(막내가 초등학생～고등학생),"1,000만원 내외",사무직,인천
144423,20230701,전동 스케이트보드,남성,40대,자녀 성장기(막내가 초등학생～고등학생),300만원 내외,사무직,대구
144447,20230701,전동 킥보드,남성,60대 이상,자녀 성인기(막내가 대학생～결혼 전),400만원 내외,무직/기타,부산
144454,20230701,전동 스케이트보드,남성,20대,1인 가구,700만원 내외,무직/기타,경기
144471,20230701,"오토바이(바이크, 스쿠터)",여성,40대,자녀 성장기(막내가 초등학생～고등학생),500만원 내외,무직/기타,경기
144473,20230701,전동 킥보드,여성,50대,신혼기 초과(자녀없음),700만원 내외,전업주부,경기
144494,20230701,전동 킥보드,여성,40대,자녀 성장기(막내가 초등학생～고등학생),600만원 내외,경영/관리직,경기
144503,20230701,"오토바이(바이크, 스쿠터)",남성,50대,자녀 성장기(막내가 초등학생～고등학생),300만원 내외,일반 공무원/준공무원,경기
144510,20230701,전기 자전거,여성,30대,1인 가구,500만원 내외,무직/기타,광주
144516,20230701,전기 자전거,여성,50대,자녀 성인기(막내가 대학생～결혼 전),900만원 내외,기술/숙련직,전북
144524,20230701,전기 자전거,남성,50대,자녀 성인기(막내가 대학생～결혼 전),"1,600~2,000만원 내외",경영/관리직,충남
144532,20230701,전동 스쿠터,남성,60대 이상,자녀 독립기(막내가 결혼한 상태),600만원 내외,기술/숙련직,충남
144558,20230701,전기 자전거,여성,40대,자녀 성장기(막내가 초등학생～고등학생),900만원 내외,판매/서비스직,충남
144563,20230701,"오토바이(바이크, 스쿠터)",남성,20대,1인 가구,400만원 내외,기술/숙련직,전북
144575,20230701,전기 자전거,남성,60대 이상,신혼기 초과(자녀없음),200만원 내외,자영업,경남
144596,20230701,전기 자전거,여성,40대,자녀 성장기(막내가 초등학생～고등학생),"1,100~1,500만원 내외",무직/기타,경기
144604,20230701,"오토바이(바이크, 스쿠터)",남성,40대,신혼기 초과(자녀없음),500만원 내외,자영업,경기
144625,20230701,"오토바이(바이크, 스쿠터)",남성,40대,자녀 유아기(막내가 초등학교 입학 전),400만원 내외,기술/숙련직,경기
144631,20230701,전기 자전거,남성,40대,자녀 유아기(막내가 초등학교 입학 전),"2,100만원 이상",판매/서비스직,서울
144635,20230701,전기 자전거,남성,30대,1인 가구,300만원 내외,자영업,전북
144641,20230701,전기 자전거,여성,20대,자녀 성인기(막내가 대학생～결혼 전),"1,000만원 내외",무직/기타,서울
144644,20230701,"오토바이(바이크, 스쿠터)",남성,30대,1인 가구,"2,100만원 이상",자영업,경북
144708,20230701,전기 자전거,남성,60대 이상,자녀 독립기(막내가 결혼한 상태),500만원 내외,경영/관리직,전남
144711,20230701,전기 자전거,남성,40대,신혼기(자녀없음),600만원 내외,자영업,인천
144763,20230701,전동 킥보드,남성,30대,자녀 유아기(막내가 초등학교 입학 전),600만원 내외,일반 공무원/준공무원,강원
144774,20230701,"오토바이(바이크, 스쿠터)",남성,50대,자녀 성장기(막내가 초등학생～고등학생),200만원 내외,자영업,서울
144786,20230701,전기 자전거,남성,30대,신혼기(자녀없음),"1,100~1,500만원 내외",기술/숙련직,서울
144787,20230701,"오토바이(바이크, 스쿠터)",남성,40대,1인 가구,500만원 내외,자영업,경남
144788,20230701,전동 휠,남성,50대,자녀 성인기(막내가 대학생～결혼 전),"1,000만원 내외",경영/관리직,경기
144793,20230701,"오토바이(바이크, 스쿠터)",여성,50대,자녀 성인기(막내가 대학생～결혼 전),500만원 내외,사무직,울산
144832,20230701,"오토바이(바이크, 스쿠터)",남성,50대,1인 가구,300만원 내외,기술/숙련직,울산
144836,20230701,"오토바이(바이크, 스쿠터)",남성,40대,자녀 성장기(막내가 초등학생～고등학생),800만원 내외,자영업,경기
144847,20230701,"오토바이(바이크, 스쿠터)",남성,50대,자녀 성인기(막내가 대학생～결혼 전),"1,000만원 내외",자영업,서울
144861,20230701,전기 자전거,남성,50대,자녀 성인기(막내가 대학생～결혼 전),500만원 내외,사무직,경기
144867,20230701,전동 스케이트보드,남성,30대,1인 가구,모름,사무직,대전
144880,20230701,전동 스쿠터,남성,40대,1인 가구,500만원 내외,사무직,충남
144892,20230701,"오토바이(바이크, 스쿠터)",남성,50대,자녀 성인기(막내가 대학생～결혼 전),700만원 내외,일반 공무원/준공무원,서울
144903,20230701,전동 킥보드,여성,50대,자녀 성인기(막내가 대학생～결혼 전),"1,000만원 내외",기술/숙련직,서울
144919,20230701,전동 킥보드,남성,60대 이상,1인 가구,200만원 내외,무직/기타,대구
144920,20230701,"오토바이(바이크, 스쿠터)",여성,40대,자녀 성장기(막내가 초등학생～고등학생),700만원 내외,일반 공무원/준공무원,충남
144927,20230701,전동 킥보드,남성,50대,자녀 성인기(막내가 대학생～결혼 전),800만원 내외,일반 공무원/준공무원,경남
144973,20230701,전기 자전거,여성,40대,자녀 성장기(막내가 초등학생～고등학생),600만원 내외,무직/기타,경기
144983,20230701,"오토바이(바이크, 스쿠터)",남성,60대 이상,자녀 성인기(막내가 대학생～결혼 전),600만원 내외,기술/숙련직,경기
144986,20230701,"오토바이(바이크, 스쿠터)",남성,40대,1인 가구,500만원 내외,자영업,경남
144995,20230701,전기 자전거,남성,60대 이상,자녀 성인기(막내가 대학생～결혼 전),"1,100~1,500만원 내외",자영업,서울
145006,20230701,전기 자전거,남성,60대 이상,자녀 성인기(막내가 대학생～결혼 전),700만원 내외,자영업,서울
145018,20230701,전동 스쿠터,여성,40대,1인 가구,600만원 내외,일반 공무원/준공무원,서울
145021,20230701,전동 킥보드,남성,40대,자녀 성장기(막내가 초등학생～고등학생),"1,100~1,500만원 내외",자영업,경기
145035,20230701,전동 킥보드,여성,40대,자녀 성장기(막내가 초등학생～고등학생),600만원 내외,일반 공무원/준공무원,인천
145040,20230701,전동 스쿠터,여성,20대,1인 가구,300만원 내외,기술/숙련직,경기
145049,20230701,"오토바이(바이크, 스쿠터)",남성,60대 이상,자녀 성인기(막내가 대학생～결혼 전),300만원 내외,무직/기타,충남
145057,20230701,전동 킥보드,여성,60대 이상,신혼기 초과(자녀없음),300만원 내외,무직/기타,전남
145074,20230701,"오토바이(바이크, 스쿠터)",남성,60대 이상,자녀 성인기(막내가 대학생～결혼 전),700만원 내외,자영업,서울
145083,20230701,"오토바이(바이크, 스쿠터)",여성,50대,자녀 성인기(막내가 대학생～결혼 전),600만원 내외,자영업,서울
145096,20230701,"오토바이(바이크, 스쿠터)",남성,50대,자녀 성장기(막내가 초등학생～고등학생),"1,600~2,000만원 내외",자영업,서울
145102,20230701,"오토바이(바이크, 스쿠터)",남성,40대,자녀 성장기(막내가 초등학생～고등학생),600만원 내외,전문직,대전
145112,20230701,전동 킥보드,남성,40대,자녀 성장기(막내가 초등학생～고등학생),"1,000만원 내외",사무직,경기
145121,20230701,"오토바이(바이크, 스쿠터)",여성,50대,자녀 성인기(막내가 대학생～결혼 전),900만원 내외,사무직,경기
145127,20230701,전동 킥보드,남성,60대 이상,자녀 성인기(막내가 대학생～결혼 전),"1,100~1,500만원 내외",무직/기타,서울
145136,20230701,"오토바이(바이크, 스쿠터)",남성,40대,자녀 유아기(막내가 초등학교 입학 전),400만원 내외,기술/숙련직,충남
145155,20230701,전기 자전거,남성,60대 이상,자녀 성인기(막내가 대학생～결혼 전),"1,100~1,500만원 내외",판매/서비스직,서울
145165,20230701,"오토바이(바이크, 스쿠터)",남성,50대,자녀 성인기(막내가 대학생～결혼 전),300만원 내외,자영업,경북
145171,20230701,"오토바이(바이크, 스쿠터)",남성,60대 이상,1인 가구,100만원 이하,무직/기타,부산
145205,20230701,전기 자전거,남성,40대,자녀 성장기(막내가 초등학생～고등학생),500만원 내외,판매/서비스직,서울
145208,20230701,전기 자전거,남성,30대,자녀 유아기(막내가 초등학교 입학 전),300만원 내외,사무직,경기
145217,20230701,"오토바이(바이크, 스쿠터)",남성,40대,자녀 성장기(막내가 초등학생～고등학생),500만원 내외,기술/숙련직,강원
145218,20230701,전기 자전거,남성,40대,자녀 성장기(막내가 초등학생～고등학생),800만원 내외,사무직,서울
145232,20230701,전기 자전거,여성,40대,1인 가구,300만원 내외,무직/기타,광주
145261,20230701,"오토바이(바이크, 스쿠터)",남성,60대 이상,자녀 독립기(막내가 결혼한 상태),500만원 내외,무직/기타,충남
145268,20230701,전동 킥보드,남성,40대,자녀 성장기(막내가 초등학생～고등학생),"1,600~2,000만원 내외",자영업,인천
145284,20230701,"오토바이(바이크, 스쿠터)",남성,60대 이상,자녀 독립기(막내가 결혼한 상태),500만원 내외,무직/기타,경북
145323,20230701,"오토바이(바이크, 스쿠터)",남성,40대,자녀 성장기(막내가 초등학생～고등학생),600만원 내외,무직/기타,서울
145326,20230701,"오토바이(바이크, 스쿠터)",남성,50대,자녀 성인기(막내가 대학생～결혼 전),"2,100만원 이상",자영업,경기
145341,20230701,전기 자전거,남성,60대 이상,자녀 성인기(막내가 대학생～결혼 전),"1,000만원 내외",자영업,서울
145348,20230701,전기 자전거,남성,40대,신혼기(자녀없음),400만원 내외,일반 공무원/준공무원,서울
145360,20230701,"오토바이(바이크, 스쿠터)",남성,30대,자녀 성장기(막내가 초등학생～고등학생),300만원 내외,일반 공무원/준공무원,서울
145374,20230701,"오토바이(바이크, 스쿠터)",남성,50대,자녀 성인기(막내가 대학생～결혼 전),800만원 내외,자영업,울산
145376,20230701,"오토바이(바이크, 스쿠터)",여성,40대,1인 가구,400만원 내외,무직/기타,충북
145386,20230701,"오토바이(바이크, 스쿠터)",여성,40대,자녀 유아기(막내가 초등학교 입학 전),600만원 내외,무직/기타,충남
145387,20230701,"오토바이(바이크, 스쿠터)",남성,40대,자녀 성장기(막내가 초등학생～고등학생),200만원 내외,사무직,전남
145401,20230701,전동 킥보드,남성,40대,자녀 성장기(막내가 초등학생～고등학생),500만원 내외,사무직,인천
145406,20230701,전동 킥보드,여성,40대,자녀 성장기(막내가 초등학생～고등학생),700만원 내외,기술/숙련직,부산
145408,20230701,"오토바이(바이크, 스쿠터)",남성,60대 이상,자녀 성인기(막내가 대학생～결혼 전),400만원 내외,무직/기타,전남
145420,20230701,전기 자전거,남성,50대,1인 가구,200만원 내외,자영업,전북
145427,20230701,전동 킥보드,남성,40대,자녀 성장기(막내가 초등학생～고등학생),600만원 내외,기술/숙련직,서울
145432,20230701,전기 자전거,남성,50대,자녀 성인기(막내가 대학생～결혼 전),800만원 내외,경영/관리직,대구
145441,20230701,전동 킥보드,여성,20대,신혼기 초과(자녀없음),600만원 내외,무직/기타,경기
145482,20230701,전동 킥보드,여성,30대,자녀 성장기(막내가 초등학생～고등학생),600만원 내외,사무직,경기
145491,20230701,전기 자전거,남성,50대,자녀 성장기(막내가 초등학생～고등학생),600만원 내외,기술/숙련직,충남
145514,20230701,전기 자전거,여성,50대,자녀 성인기(막내가 대학생～결혼 전),800만원 내외,일반 공무원/준공무원,경북
145518,20230701,전기 자전거,남성,50대,자녀 성인기(막내가 대학생～결혼 전),"1,100~1,500만원 내외",기술/숙련직,서울
145520,20230701,전동 킥보드,남성,50대,자녀 성인기(막내가 대학생～결혼 전),700만원 내외,판매/서비스직,충남
145522,20230701,전기 자전거,여성,40대,1인 가구,300만원 내외,사무직,경기
145525,20230701,전동 킥보드,남성,50대,자녀 성장기(막내가 초등학생～고등학생),"1,000만원 내외",전문직,경남
145556,20230701,전동 스케이트보드,남성,40대,신혼기(자녀없음),300만원 내외,기술/숙련직,세종
145603,20230701,전동 스쿠터,남성,60대 이상,자녀 독립기(막내가 결혼한 상태),400만원 내외,무직/기타,전북
145605,20230701,전동 킥보드,남성,40대,자녀 성장기(막내가 초등학생～고등학생),600만원 내외,판매/서비스직,서울
145618,20230701,전동 킥보드,남성,40대,자녀 성장기(막내가 초등학생～고등학생),900만원 내외,전문직,대구
145632,20230701,전동 킥보드,남성,40대,1인 가구,300만원 내외,사무직,경북
145648,20230701,전기 자전거,남성,60대 이상,자녀 독립기(막내가 결혼한 상태),400만원 내외,사무직,서울
145671,20230701,전동 킥보드,남성,40대,자녀 유아기(막내가 초등학교 입학 전),400만원 내외,사무직,부산
145687,20230701,전동 킥보드,남성,50대,자녀 성인기(막내가 대학생～결혼 전),700만원 내외,경영/관리직,서울
145688,20230701,"오토바이(바이크, 스쿠터)",남성,40대,1인 가구,"1,100~1,500만원 내외",무직/기타,서울
145692,20230701,전동 킥보드,남성,40대,1인 가구,500만원 내외,사무직,강원
145722,20230701,"오토바이(바이크, 스쿠터)",남성,40대,1인 가구,400만원 내외,자영업,경기
145736,20230701,전기 자전거,남성,50대,자녀 성인기(막내가 대학생～결혼 전),900만원 내외,일반 공무원/준공무원,경기
145747,20230701,"오토바이(바이크, 스쿠터)",남성,50대,자녀 성인기(막내가 대학생～결혼 전),700만원 내외,기술/숙련직,경기
145764,20230701,전동 킥보드,남성,30대,자녀 성인기(막내가 대학생～결혼 전),700만원 내외,기술/숙련직,경남
145767,20230701,전동 킥보드,남성,40대,자녀 성장기(막내가 초등학생～고등학생),"1,000만원 내외",자영업,경기
145776,20230701,전동 스케이트보드,남성,40대,1인 가구,400만원 내외,전문직,경남
145784,20230701,"오토바이(바이크, 스쿠터)",남성,60대 이상,1인 가구,100만원 이하,무직/기타,대구
145813,20230701,"오토바이(바이크, 스쿠터)",남성,40대,자녀 성장기(막내가 초등학생～고등학생),"1,000만원 내외",사무직,전남
145829,20230701,"오토바이(바이크, 스쿠터)",여성,40대,신혼기(자녀없음),600만원 내외,무직/기타,서울
145833,20230701,전기 자전거,남성,60대 이상,자녀 독립기(막내가 결혼한 상태),300만원 내외,무직/기타,경기
145879,20230701,"오토바이(바이크, 스쿠터)",남성,30대,1인 가구,500만원 내외,자영업,경기
145883,20230701,"오토바이(바이크, 스쿠터)",남성,60대 이상,자녀 성인기(막내가 대학생～결혼 전),300만원 내외,판매/서비스직,경기
145893,20230701,전기 자전거,남성,40대,자녀 유아기(막내가 초등학교 입학 전),400만원 내외,사무직,경기
145894,20230701,전기 자전거,남성,40대,자녀 유아기(막내가 초등학교 입학 전),400만원 내외,무직/기타,경남
145900,20230701,전기 자전거,남성,50대,자녀 성장기(막내가 초등학생～고등학생),800만원 내외,사무직,울산
145920,20230701,"오토바이(바이크, 스쿠터)",남성,50대,자녀 독립기(막내가 결혼한 상태),"1,600~2,000만원 내외",판매/서비스직,강원
145924,20230701,"오토바이(바이크, 스쿠터)",남성,50대,자녀 성장기(막내가 초등학생～고등학생),600만원 내외,기술/숙련직,전북
145932,20230701,전기 자전거,여성,50대,자녀 성인기(막내가 대학생～결혼 전),600만원 내외,자영업,서울
145940,20230701,"오토바이(바이크, 스쿠터)",남성,50대,자녀 성장기(막내가 초등학생～고등학생),400만원 내외,전문직,경기
145946,20230701,전동 스쿠터,남성,50대,자녀 성장기(막내가 초등학생～고등학생),300만원 내외,기술/숙련직,전북
145965,20230701,전기 자전거,남성,60대 이상,자녀 독립기(막내가 결혼한 상태),300만원 내외,기술/숙련직,서울
145966,20230701,전기 자전거,남성,50대,자녀 성인기(막내가 대학생～결혼 전),"1,000만원 내외",자영업,경기
145976,20230701,"오토바이(바이크, 스쿠터)",남성,40대,자녀 성장기(막내가 초등학생～고등학생),"1,600~2,000만원 내외",자영업,서울
145992,20230701,전동 킥보드,남성,40대,자녀 성장기(막내가 초등학생～고등학생),"1,600~2,000만원 내외",자영업,서울
145998,20230701,"오토바이(바이크, 스쿠터)",남성,40대,자녀 성장기(막내가 초등학생～고등학생),"2,100만원 이상",경영/관리직,서울
146009,20230701,전기 자전거,여성,50대,자녀 성장기(막내가 초등학생～고등학생),700만원 내외,일반 공무원/준공무원,대전
146022,20230701,전동 스쿠터,남성,40대,자녀 유아기(막내가 초등학교 입학 전),600만원 내외,사무직,서울
146030,20230701,전동 킥보드,남성,50대,자녀 성인기(막내가 대학생～결혼 전),600만원 내외,사무직,경기
146041,20230701,전기 자전거,남성,50대,자녀 성인기(막내가 대학생～결혼 전),"1,000만원 내외",자영업,서울
146058,20230701,전기 자전거,남성,60대 이상,자녀 독립기(막내가 결혼한 상태),300만원 내외,기술/숙련직,전남
146066,20230701,전동 스쿠터,여성,30대,신혼기(자녀없음),"1,100~1,500만원 내외",사무직,경기
146095,20230701,전동 휠,남성,60대 이상,신혼기 초과(자녀없음),"2,100만원 이상",자영업,서울
146110,20230701,"오토바이(바이크, 스쿠터)",남성,50대,1인 가구,300만원 내외,일반 공무원/준공무원,서울
146126,20230701,전동 스쿠터,남성,60대 이상,자녀 독립기(막내가 결혼한 상태),500만원 내외,일반 공무원/준공무원,경기
146152,20230701,"오토바이(바이크, 스쿠터)",남성,60대 이상,자녀 독립기(막내가 결혼한 상태),400만원 내외,무직/기타,충북
146160,20230701,전기 자전거,남성,60대 이상,자녀 성인기(막내가 대학생～결혼 전),"1,100~1,500만원 내외",기술/숙련직,서울
146164,20230701,전동 킥보드,남성,40대,1인 가구,"1,100~1,500만원 내외",자영업,부산
146174,20230701,전동 스쿠터,여성,60대 이상,1인 가구,200만원 내외,무직/기타,인천
146217,20230701,"오토바이(바이크, 스쿠터)",남성,50대,신혼기 초과(자녀없음),700만원 내외,사무직,인천
146246,20230701,전기 자전거,남성,40대,자녀 성장기(막내가 초등학생～고등학생),800만원 내외,기술/숙련직,광주
146256,20230701,전기 자전거,남성,60대 이상,1인 가구,300만원 내외,기술/숙련직,대전
146307,20230701,전기 자전거,남성,60대 이상,1인 가구,300만원 내외,무직/기타,서울
146320,20230701,전기 자전거,남성,40대,자녀 성장기(막내가 초등학생～고등학생),800만원 내외,사무직,경기
146322,20230701,전동 킥보드,남성,50대,자녀 성인기(막내가 대학생～결혼 전),400만원 내외,일반 공무원/준공무원,경기
146329,20230701,전기 자전거,여성,40대,1인 가구,300만원 내외,사무직,부산
146332,20230701,전동 킥보드,여성,30대,1인 가구,300만원 내외,사무직,경기
146338,20230701,전기 자전거,남성,50대,자녀 성장기(막내가 초등학생～고등학생),900만원 내외,기술/숙련직,서울
146346,20230701,전동 킥보드,남성,40대,자녀 유아기(막내가 초등학교 입학 전),700만원 내외,사무직,경기
146348,20230701,"오토바이(바이크, 스쿠터)",남성,50대,1인 가구,200만원 내외,자영업,경기
146370,20230701,전동 휠,남성,40대,자녀 성인기(막내가 대학생～결혼 전),200만원 내외,무직/기타,대전
146408,20230701,"오토바이(바이크, 스쿠터)",남성,30대,신혼기 초과(자녀없음),800만원 내외,자영업,서울
146410,20230701,전동 킥보드,남성,60대 이상,자녀 성인기(막내가 대학생～결혼 전),800만원 내외,자영업,서울
146415,20230701,"오토바이(바이크, 스쿠터)",남성,40대,자녀 성장기(막내가 초등학생～고등학생),300만원 내외,무직/기타,경기
146423,20230701,전기 자전거,여성,40대,신혼기 초과(자녀없음),800만원 내외,경영/관리직,경기
146444,20230701,전기 자전거,남성,40대,자녀 성장기(막내가 초등학생～고등학생),"2,100만원 이상",전문직,서울
146447,20230701,전동 휠,남성,50대,자녀 성장기(막내가 초등학생～고등학생),800만원 내외,사무직,경기
146449,20230701,전기 자전거,남성,60대 이상,자녀 성인기(막내가 대학생～결혼 전),600만원 내외,기술/숙련직,경북
146452,20230701,"오토바이(바이크, 스쿠터)",남성,40대,자녀 유아기(막내가 초등학교 입학 전),700만원 내외,일반 공무원/준공무원,서울
146463,20230701,전기 자전거,남성,40대,자녀 성장기(막내가 초등학생～고등학생),500만원 내외,자영업,충남
146480,20230701,전동 킥보드,남성,40대,자녀 성장기(막내가 초등학생～고등학생),"1,100~1,500만원 내외",사무직,경남
146505,20230701,"오토바이(바이크, 스쿠터)",남성,50대,자녀 성인기(막내가 대학생～결혼 전),"2,100만원 이상",자영업,광주
146512,20230701,"오토바이(바이크, 스쿠터)",남성,30대,자녀 성인기(막내가 대학생～결혼 전),"2,100만원 이상",일반 공무원/준공무원,부산
146531,20230701,전동 킥보드,남성,60대 이상,자녀 독립기(막내가 결혼한 상태),500만원 내외,경영/관리직,인천
146551,20230701,전기 자전거,남성,60대 이상,자녀 독립기(막내가 결혼한 상태),700만원 내외,기술/숙련직,대구
146554,20230701,"오토바이(바이크, 스쿠터)",남성,50대,자녀 성인기(막내가 대학생～결혼 전),300만원 내외,사무직,충남
146566,20230701,전동 킥보드,여성,40대,자녀 유아기(막내가 초등학교 입학 전),"1,600~2,000만원 내외",자영업,경기
146571,20230701,전동 킥보드,여성,40대,1인 가구,500만원 내외,사무직,서울
146585,20230701,전기 자전거,남성,50대,자녀 성장기(막내가 초등학생～고등학생),"1,000만원 내외",자영업,서울
146606,20230701,전기 자전거,남성,50대,자녀 성인기(막내가 대학생～결혼 전),600만원 내외,판매/서비스직,대구
146626,20230701,전기 자전거,남성,40대,자녀 성장기(막내가 초등학생～고등학생),"2,100만원 이상",전문직,서울
146662,20230701,"오토바이(바이크, 스쿠터)",남성,50대,자녀 성장기(막내가 초등학생～고등학생),"1,000만원 내외",사무직,울산
146671,20230701,전기 자전거,남성,50대,자녀 성인기(막내가 대학생～결혼 전),400만원 내외,사무직,경기
146677,20230701,전기 자전거,남성,30대,1인 가구,200만원 내외,무직/기타,경기
146700,20230701,전동 킥보드,남성,50대,자녀 성장기(막내가 초등학생～고등학생),"1,100~1,500만원 내외",사무직,서울
146701,20230701,전동 킥보드,남성,40대,자녀 유아기(막내가 초등학교 입학 전),800만원 내외,자영업,대구
146703,20230701,전기 자전거,남성,50대,자녀 성인기(막내가 대학생～결혼 전),600만원 내외,사무직,부산
146707,20230701,"오토바이(바이크, 스쿠터)",남성,20대,신혼기 초과(자녀없음),200만원 내외,기술/숙련직,인천
146710,20230701,전동 킥보드,남성,50대,자녀 성장기(막내가 초등학생～고등학생),"1,000만원 내외",전문직,세종
146713,20230701,전동 킥보드,남성,30대,자녀 독립기(막내가 결혼한 상태),300만원 내외,무직/기타,서울
146720,20230701,"오토바이(바이크, 스쿠터)",남성,40대,자녀 성장기(막내가 초등학생～고등학생),500만원 내외,경영/관리직,충북
146726,20230701,"오토바이(바이크, 스쿠터)",남성,40대,자녀 성장기(막내가 초등학생～고등학생),700만원 내외,기술/숙련직,경기
146736,20230701,"오토바이(바이크, 스쿠터)",남성,60대 이상,자녀 독립기(막내가 결혼한 상태),400만원 내외,무직/기타,경기
146752,20230701,"오토바이(바이크, 스쿠터)",여성,40대,1인 가구,100만원 이하,자영업,서울
146754,20230701,전동 스쿠터,남성,40대,자녀 성장기(막내가 초등학생～고등학생),"1,000만원 내외",판매/서비스직,경기
146776,20230701,전동 킥보드,남성,50대,자녀 성인기(막내가 대학생～결혼 전),600만원 내외,자영업,경기
146783,20230701,전동 킥보드,남성,60대 이상,자녀 성인기(막내가 대학생～결혼 전),800만원 내외,무직/기타,인천
146818,20230701,전동 킥보드,남성,60대 이상,자녀 성인기(막내가 대학생～결혼 전),"1,000만원 내외",경영/관리직,서울
146827,20230701,"오토바이(바이크, 스쿠터)",남성,40대,1인 가구,모름,자영업,강원
146837,20230701,"오토바이(바이크, 스쿠터)",남성,50대,자녀 성인기(막내가 대학생～결혼 전),900만원 내외,기술/숙련직,서울
146845,20230701,"오토바이(바이크, 스쿠터)",남성,50대,자녀 성인기(막내가 대학생～결혼 전),800만원 내외,기술/숙련직,경남
146852,20230701,전기 자전거,남성,40대,1인 가구,400만원 내외,기술/숙련직,서울
146869,20230701,전동 휠,여성,40대,자녀 성장기(막내가 초등학생～고등학생),"1,000만원 내외",자영업,서울
146870,20230701,전기 자전거,남성,30대,신혼기(자녀없음),700만원 내외,일반 공무원/준공무원,강원
146877,20230701,전동 킥보드,여성,50대,자녀 성인기(막내가 대학생～결혼 전),600만원 내외,전업주부,인천
146911,20230701,전기 자전거,남성,40대,신혼기(자녀없음),500만원 내외,사무직,인천
146933,20230701,"오토바이(바이크, 스쿠터)",남성,50대,자녀 성장기(막내가 초등학생～고등학생),600만원 내외,자영업,경기
146949,20230701,전기 자전거,남성,40대,자녀 성장기(막내가 초등학생～고등학생),400만원 내외,일반 공무원/준공무원,경기
146957,20230701,"오토바이(바이크, 스쿠터)",남성,40대,자녀 유아기(막내가 초등학교 입학 전),400만원 내외,사무직,서울
146984,20230701,"오토바이(바이크, 스쿠터)",남성,40대,1인 가구,100만원 이하,자영업,경남
146993,20230701,전기 자전거,여성,40대,자녀 성장기(막내가 초등학생～고등학생),"1,000만원 내외",사무직,서울
146995,20230701,전기 자전거,남성,40대,자녀 성장기(막내가 초등학생～고등학생),500만원 내외,일반 공무원/준공무원,대구
147015,20230701,전동 스쿠터,여성,30대,1인 가구,300만원 내외,사무직,대전
147029,20230701,"오토바이(바이크, 스쿠터)",남성,40대,자녀 유아기(막내가 초등학교 입학 전),"1,100~1,500만원 내외",전문직,경북
147035,20230701,전동 킥보드,여성,20대,자녀 성인기(막내가 대학생～결혼 전),600만원 내외,기술/숙련직,대전
147047,20230701,전동 킥보드,남성,30대,자녀 성장기(막내가 초등학생～고등학생),600만원 내외,사무직,대구
147048,20230701,전기 자전거,남성,50대,자녀 성인기(막내가 대학생～결혼 전),500만원 내외,일반 공무원/준공무원,전북
147054,20230701,전기 자전거,남성,40대,자녀 성장기(막내가 초등학생～고등학생),500만원 내외,기술/숙련직,경북
147057,20230701,"오토바이(바이크, 스쿠터)",남성,60대 이상,자녀 독립기(막내가 결혼한 상태),300만원 내외,무직/기타,서울
147090,20230701,"오토바이(바이크, 스쿠터)",여성,20대,신혼기(자녀없음),600만원 내외,일반 공무원/준공무원,서울
147101,20230701,전동 킥보드,남성,40대,자녀 성장기(막내가 초등학생～고등학생),600만원 내외,기술/숙련직,부산
147116,20230701,"오토바이(바이크, 스쿠터)",남성,60대 이상,자녀 성인기(막내가 대학생～결혼 전),"1,100~1,500만원 내외",전문직,서울
147124,20230701,전기 자전거,남성,50대,신혼기 초과(자녀없음),"1,000만원 내외",경영/관리직,경기
147132,20230701,전기 자전거,남성,40대,자녀 성장기(막내가 초등학생～고등학생),300만원 내외,기술/숙련직,대전
147149,20230701,"오토바이(바이크, 스쿠터)",남성,40대,1인 가구,400만원 내외,기술/숙련직,경기
147158,20230701,전기 자전거,남성,60대 이상,자녀 성인기(막내가 대학생～결혼 전),"2,100만원 이상",무직/기타,경기
147162,20230701,전동 킥보드,여성,50대,신혼기 초과(자녀없음),500만원 내외,전업주부,경기
147168,20230701,전기 자전거,남성,50대,자녀 성인기(막내가 대학생～결혼 전),700만원 내외,사무직,서울
147170,20230701,전동 스케이트보드,남성,40대,자녀 성장기(막내가 초등학생～고등학생),700만원 내외,자영업,부산
147186,20230701,전동 킥보드,남성,30대,자녀 유아기(막내가 초등학교 입학 전),700만원 내외,자영업,경기
147189,20230701,전기 자전거,남성,40대,자녀 성장기(막내가 초등학생～고등학생),"1,100~1,500만원 내외",경영/관리직,부산
147194,20230701,전기 자전거,남성,60대 이상,자녀 성인기(막내가 대학생～결혼 전),600만원 내외,일반 공무원/준공무원,대구
147204,20230701,전동 킥보드,여성,50대,자녀 성인기(막내가 대학생～결혼 전),"2,100만원 이상",전업주부,서울
147207,20230701,"오토바이(바이크, 스쿠터)",남성,50대,자녀 성장기(막내가 초등학생～고등학생),"1,000만원 내외",자영업,경기
147209,20230701,"오토바이(바이크, 스쿠터)",여성,50대,자녀 성인기(막내가 대학생～결혼 전),"1,000만원 내외",일반 공무원/준공무원,경기
147213,20230701,"오토바이(바이크, 스쿠터)",남성,60대 이상,자녀 독립기(막내가 결혼한 상태),400만원 내외,판매/서비스직,경기
147216,20230701,전동 스쿠터,여성,40대,1인 가구,500만원 내외,일반 공무원/준공무원,경기
147221,20230701,"오토바이(바이크, 스쿠터)",남성,50대,자녀 성장기(막내가 초등학생～고등학생),400만원 내외,판매/서비스직,대전
147225,20230701,전동 킥보드,남성,40대,자녀 성인기(막내가 대학생～결혼 전),"1,000만원 내외",일반 공무원/준공무원,제주
147226,20230701,"오토바이(바이크, 스쿠터)",여성,20대,자녀 성장기(막내가 초등학생～고등학생),300만원 내외,사무직,인천
147228,20230701,"오토바이(바이크, 스쿠터)",남성,30대,1인 가구,"2,100만원 이상",자영업,경기
147230,20230701,전동 스케이트보드,남성,60대 이상,자녀 유아기(막내가 초등학교 입학 전),300만원 내외,기술/숙련직,제주
147233,20230701,"오토바이(바이크, 스쿠터)",남성,40대,자녀 성장기(막내가 초등학생～고등학생),"1,000만원 내외",자영업,경기
147271,20230701,전기 자전거,남성,60대 이상,자녀 독립기(막내가 결혼한 상태),600만원 내외,무직/기타,경북
147277,20230701,전동 킥보드,남성,30대,1인 가구,300만원 내외,무직/기타,경기
147302,20230701,전동 킥보드,남성,50대,자녀 성인기(막내가 대학생～결혼 전),800만원 내외,기술/숙련직,경기
147335,20230701,"오토바이(바이크, 스쿠터)",남성,50대,자녀 성장기(막내가 초등학생～고등학생),"1,100~1,500만원 내외",경영/관리직,경남
147341,20230701,전기 자전거,여성,40대,자녀 성장기(막내가 초등학생～고등학생),600만원 내외,사무직,경기
147342,20230701,전기 자전거,남성,50대,자녀 성장기(막내가 초등학생～고등학생),900만원 내외,자영업,충북
147345,20230701,전기 자전거,여성,60대 이상,자녀 성인기(막내가 대학생～결혼 전),900만원 내외,기술/숙련직,경기
147347,20230701,전동 스케이트보드,남성,50대,자녀 독립기(막내가 결혼한 상태),"1,600~2,000만원 내외",사무직,경기
147348,20230701,전동 휠,여성,30대,자녀 유아기(막내가 초등학교 입학 전),900만원 내외,자영업,전북
147357,20230701,전동 킥보드,남성,40대,신혼기 초과(자녀없음),500만원 내외,기술/숙련직,경기
147361,20230701,전기 자전거,남성,50대,1인 가구,800만원 내외,기술/숙련직,서울
147370,20230701,전동 킥보드,남성,40대,자녀 성장기(막내가 초등학생～고등학생),700만원 내외,사무직,경남
147379,20230701,전기 자전거,남성,50대,자녀 성장기(막내가 초등학생～고등학생),"1,100~1,500만원 내외",전문직,경기
147387,20230701,전동 킥보드,남성,40대,자녀 성장기(막내가 초등학생～고등학생),900만원 내외,자영업,충북
147426,20230701,전기 자전거,남성,40대,자녀 성인기(막내가 대학생～결혼 전),"1,000만원 내외",자영업,전북
147446,20230701,전기 자전거,남성,50대,자녀 성인기(막내가 대학생～결혼 전),600만원 내외,일반 공무원/준공무원,전북
147450,20230701,전기 자전거,여성,40대,자녀 유아기(막내가 초등학교 입학 전),"1,000만원 내외",자영업,경기
147472,20230701,전동 킥보드,여성,30대,신혼기(자녀없음),모름,자영업,대전
147479,20230701,"오토바이(바이크, 스쿠터)",남성,40대,자녀 성장기(막내가 초등학생～고등학생),"1,000만원 내외",기술/숙련직,서울
147521,20230701,전기 자전거,남성,50대,자녀 성장기(막내가 초등학생～고등학생),"1,000만원 내외",사무직,서울
147558,20230701,전기 자전거,여성,30대,신혼기(자녀없음),700만원 내외,사무직,경기
147562,20230701,"오토바이(바이크, 스쿠터)",남성,40대,자녀 성장기(막내가 초등학생～고등학생),700만원 내외,전문직,서울
147588,20230701,전동 킥보드,남성,40대,자녀 성장기(막내가 초등학생～고등학생),500만원 내외,경영/관리직,인천
147606,20230701,전동 휠,여성,30대,자녀 성장기(막내가 초등학생～고등학생),"2,100만원 이상",전업주부,서울
147609,20230701,전동 킥보드,남성,50대,자녀 성인기(막내가 대학생～결혼 전),"2,100만원 이상",자영업,경기
147623,20230701,"오토바이(바이크, 스쿠터)",남성,40대,자녀 성장기(막내가 초등학생～고등학생),400만원 내외,기술/숙련직,제주
147627,20230701,전동 킥보드,남성,40대,1인 가구,600만원 내외,기술/숙련직,충북
147632,20230701,"오토바이(바이크, 스쿠터)",남성,40대,1인 가구,800만원 내외,기술/숙련직,대구
147637,20230701,"오토바이(바이크, 스쿠터)",남성,40대,자녀 독립기(막내가 결혼한 상태),300만원 내외,사무직,대전
147655,20230701,전기 자전거,남성,30대,자녀 성인기(막내가 대학생～결혼 전),900만원 내외,사무직,서울
147671,20230701,전동 킥보드,여성,20대,자녀 성장기(막내가 초등학생～고등학생),800만원 내외,학생,부산
147678,20230701,"오토바이(바이크, 스쿠터)",남성,50대,자녀 성장기(막내가 초등학생～고등학생),500만원 내외,판매/서비스직,경기
147685,20230701,전기 자전거,남성,40대,1인 가구,600만원 내외,자영업,경기
147701,20230701,전기 자전거,남성,30대,신혼기(자녀없음),700만원 내외,기술/숙련직,경기
147733,20230701,전동 휠,남성,50대,자녀 성장기(막내가 초등학생～고등학생),900만원 내외,사무직,대전
147767,20230701,전기 자전거,여성,40대,신혼기 초과(자녀없음),400만원 내외,전업주부,대전
147804,20230701,전기 자전거,여성,40대,자녀 성장기(막내가 초등학생～고등학생),200만원 내외,사무직,경기
147822,20230701,"오토바이(바이크, 스쿠터)",남성,40대,자녀 성장기(막내가 초등학생～고등학생),900만원 내외,경영/관리직,경기
147823,20230701,"오토바이(바이크, 스쿠터)",남성,40대,1인 가구,500만원 내외,자영업,경기
147834,20230701,전동 킥보드,남성,60대 이상,자녀 성인기(막내가 대학생～결혼 전),300만원 내외,무직/기타,서울
147856,20230701,전동 스쿠터,남성,40대,자녀 유아기(막내가 초등학교 입학 전),700만원 내외,사무직,서울
147869,20230701,전동 킥보드,남성,60대 이상,자녀 성인기(막내가 대학생～결혼 전),300만원 내외,무직/기타,서울
147885,20230701,전기 자전거,남성,30대,자녀 유아기(막내가 초등학교 입학 전),400만원 내외,사무직,충남
147887,20230701,"오토바이(바이크, 스쿠터)",남성,60대 이상,자녀 성인기(막내가 대학생～결혼 전),700만원 내외,무직/기타,서울
147889,20230701,"오토바이(바이크, 스쿠터)",남성,50대,자녀 성인기(막내가 대학생～결혼 전),900만원 내외,기술/숙련직,경기
147899,20230701,전동 킥보드,남성,50대,자녀 성장기(막내가 초등학생～고등학생),"1,600~2,000만원 내외",기술/숙련직,경기
147944,20230701,전기 자전거,여성,40대,자녀 독립기(막내가 결혼한 상태),600만원 내외,일반 공무원/준공무원,경기
147947,20230701,전기 자전거,여성,40대,자녀 성장기(막내가 초등학생～고등학생),"1,000만원 내외",일반 공무원/준공무원,경기
147948,20230701,전동 킥보드,여성,30대,자녀 유아기(막내가 초등학교 입학 전),200만원 내외,전업주부,충남
147981,20230701,전동 킥보드,남성,40대,자녀 유아기(막내가 초등학교 입학 전),500만원 내외,전문직,대전
147986,20230701,전기 자전거,남성,50대,자녀 유아기(막내가 초등학교 입학 전),600만원 내외,판매/서비스직,경기
147991,20230701,전동 킥보드,남성,50대,자녀 성인기(막내가 대학생～결혼 전),800만원 내외,기술/숙련직,대전
148009,20230701,"오토바이(바이크, 스쿠터)",남성,40대,자녀 성인기(막내가 대학생～결혼 전),400만원 내외,판매/서비스직,제주
148013,20230701,전기 자전거,남성,60대 이상,자녀 독립기(막내가 결혼한 상태),500만원 내외,무직/기타,경북
148024,20230701,전기 자전거,남성,40대,자녀 유아기(막내가 초등학교 입학 전),"1,100~1,500만원 내외",전문직,서울
148036,20230701,"오토바이(바이크, 스쿠터)",여성,40대,신혼기(자녀없음),800만원 내외,사무직,경기
148037,20230701,"오토바이(바이크, 스쿠터)",여성,40대,자녀 유아기(막내가 초등학교 입학 전),600만원 내외,사무직,부산
148038,20230701,전동 킥보드,남성,50대,자녀 성인기(막내가 대학생～결혼 전),"1,000만원 내외",자영업,경북
148042,20230701,전기 자전거,남성,40대,자녀 성장기(막내가 초등학생～고등학생),600만원 내외,사무직,울산
148058,20230701,전기 자전거,남성,40대,자녀 성장기(막내가 초등학생～고등학생),700만원 내외,자영업,인천
148086,20230701,전동 킥보드,남성,50대,1인 가구,400만원 내외,경영/관리직,경기
148087,20230701,전기 자전거,남성,50대,자녀 독립기(막내가 결혼한 상태),"1,100~1,500만원 내외",일반 공무원/준공무원,광주
148090,20230701,전동 킥보드,남성,50대,자녀 성인기(막내가 대학생～결혼 전),800만원 내외,사무직,경기
148099,20230701,"오토바이(바이크, 스쿠터)",여성,40대,신혼기 초과(자녀없음),300만원 내외,기술/숙련직,서울
148102,20230701,전동 휠,남성,50대,자녀 성장기(막내가 초등학생～고등학생),"1,600~2,000만원 내외",자영업,경기
148104,20230701,"오토바이(바이크, 스쿠터)",남성,50대,자녀 성인기(막내가 대학생～결혼 전),500만원 내외,사무직,부산
148116,20230701,전기 자전거,남성,30대,신혼기(자녀없음),"1,000만원 내외",사무직,서울
148120,20230701,전기 자전거,남성,50대,자녀 성인기(막내가 대학생～결혼 전),"1,100~1,500만원 내외",경영/관리직,경기
148122,20230701,전동 스케이트보드,남성,30대,신혼기 초과(자녀없음),300만원 내외,기술/숙련직,경기
148129,20230701,전동 킥보드,남성,30대,자녀 유아기(막내가 초등학교 입학 전),400만원 내외,사무직,서울
148141,20230701,전동 킥보드,남성,40대,자녀 성장기(막내가 초등학생～고등학생),500만원 내외,기술/숙련직,부산
148148,20230701,전기 자전거,남성,30대,자녀 성인기(막내가 대학생～결혼 전),500만원 내외,무직/기타,경기
148164,20230701,전동 킥보드,남성,50대,신혼기 초과(자녀없음),"1,000만원 내외",경영/관리직,경기
148172,20230701,"오토바이(바이크, 스쿠터)",남성,30대,자녀 성인기(막내가 대학생～결혼 전),400만원 내외,판매/서비스직,부산
148178,20230701,"오토바이(바이크, 스쿠터)",남성,50대,자녀 성장기(막내가 초등학생～고등학생),500만원 내외,기술/숙련직,서울
148189,20230701,전기 자전거,남성,40대,자녀 성장기(막내가 초등학생～고등학생),"1,000만원 내외",자영업,경기
148190,20230701,전기 자전거,남성,50대,자녀 성인기(막내가 대학생～결혼 전),600만원 내외,사무직,서울
148225,20230701,전동 킥보드,남성,40대,자녀 성장기(막내가 초등학생～고등학생),700만원 내외,전문직,대전
148228,20230701,전동 스케이트보드,남성,40대,1인 가구,300만원 내외,판매/서비스직,광주
148234,20230701,"오토바이(바이크, 스쿠터)",남성,40대,자녀 성장기(막내가 초등학생～고등학생),700만원 내외,일반 공무원/준공무원,서울
148240,20230701,전동 킥보드,남성,40대,자녀 유아기(막내가 초등학교 입학 전),800만원 내외,일반 공무원/준공무원,서울
148253,20230701,"오토바이(바이크, 스쿠터)",여성,30대,신혼기(자녀없음),600만원 내외,사무직,경기
148259,20230701,전동 킥보드,남성,40대,자녀 성장기(막내가 초등학생～고등학생),600만원 내외,사무직,서울
148260,20230701,전동 킥보드,여성,30대,자녀 성장기(막내가 초등학생～고등학생),400만원 내외,무직/기타,경북
148267,20230701,"오토바이(바이크, 스쿠터)",여성,40대,신혼기 초과(자녀없음),100만원 이하,자영업,부산
148269,20230701,전동 킥보드,남성,30대,자녀 유아기(막내가 초등학교 입학 전),400만원 내외,사무직,경기
148274,20230701,"오토바이(바이크, 스쿠터)",남성,40대,1인 가구,300만원 내외,자영업,경기
148277,20230701,전동 킥보드,여성,50대,자녀 성인기(막내가 대학생～결혼 전),500만원 내외,자영업,경기
148280,20230701,전동 킥보드,남성,60대 이상,자녀 성인기(막내가 대학생～결혼 전),"2,100만원 이상",전문직,경기
148284,20230701,전기 자전거,남성,40대,1인 가구,300만원 내외,자영업,부산
148311,20230701,전동 킥보드,여성,40대,자녀 성장기(막내가 초등학생～고등학생),900만원 내외,사무직,서울
148314,20230701,"오토바이(바이크, 스쿠터)",여성,20대,신혼기(자녀없음),"2,100만원 이상",전문직,경기
148362,20230701,전기 자전거,남성,30대,자녀 독립기(막내가 결혼한 상태),"1,600~2,000만원 내외",자영업,부산
148368,20230701,전동 휠,남성,40대,자녀 성장기(막내가 초등학생～고등학생),500만원 내외,기술/숙련직,경기
148383,20230701,전동 킥보드,여성,40대,1인 가구,300만원 내외,무직/기타,대구
148411,20230701,전기 자전거,여성,40대,1인 가구,"1,000만원 내외",판매/서비스직,경북
148427,20230701,"오토바이(바이크, 스쿠터)",남성,30대,자녀 독립기(막내가 결혼한 상태),100만원 이하,판매/서비스직,경남
148434,20230701,전기 자전거,남성,60대 이상,자녀 성인기(막내가 대학생～결혼 전),500만원 내외,무직/기타,세종
148442,20230701,전동 킥보드,남성,30대,자녀 유아기(막내가 초등학교 입학 전),200만원 내외,일반 공무원/준공무원,부산
148446,20230701,전동 킥보드,남성,50대,자녀 성장기(막내가 초등학생～고등학생),400만원 내외,무직/기타,경남
148454,20230701,전동 스쿠터,여성,50대,자녀 성장기(막내가 초등학생～고등학생),400만원 내외,일반 공무원/준공무원,전북
148460,20230701,전동 킥보드,남성,40대,자녀 성장기(막내가 초등학생～고등학생),"1,000만원 내외",자영업,경기
148461,20230701,전동 킥보드,남성,50대,자녀 성인기(막내가 대학생～결혼 전),800만원 내외,사무직,서울
148465,20230701,전기 자전거,남성,60대 이상,자녀 독립기(막내가 결혼한 상태),500만원 내외,자영업,경남
148468,20230701,"오토바이(바이크, 스쿠터)",남성,30대,자녀 성인기(막내가 대학생～결혼 전),500만원 내외,기술/숙련직,대구
148472,20230701,"오토바이(바이크, 스쿠터)",남성,30대,자녀 유아기(막내가 초등학교 입학 전),400만원 내외,자영업,부산
148475,20230701,전동 킥보드,남성,30대,자녀 성인기(막내가 대학생～결혼 전),800만원 내외,사무직,경기
148481,20230701,"오토바이(바이크, 스쿠터)",남성,40대,자녀 성장기(막내가 초등학생～고등학생),900만원 내외,기술/숙련직,서울
148482,20230701,전동 스케이트보드,남성,40대,자녀 성장기(막내가 초등학생～고등학생),400만원 내외,사무직,경기
148483,20230701,전기 자전거,여성,60대 이상,1인 가구,200만원 내외,판매/서비스직,충북
148491,20230701,"오토바이(바이크, 스쿠터)",남성,60대 이상,자녀 독립기(막내가 결혼한 상태),500만원 내외,자영업,서울
148492,20230701,"오토바이(바이크, 스쿠터)",남성,30대,1인 가구,300만원 내외,사무직,서울
148506,20230701,"오토바이(바이크, 스쿠터)",남성,50대,자녀 성인기(막내가 대학생～결혼 전),"1,100~1,500만원 내외",경영/관리직,서울
148511,20230701,"오토바이(바이크, 스쿠터)",남성,40대,1인 가구,100만원 이하,무직/기타,부산
148514,20230701,전기 자전거,남성,50대,자녀 성인기(막내가 대학생～결혼 전),500만원 내외,기술/숙련직,경기
148516,20230701,전기 자전거,남성,50대,자녀 독립기(막내가 결혼한 상태),700만원 내외,사무직,대구
148520,20230701,전동 킥보드,여성,20대,자녀 성인기(막내가 대학생～결혼 전),모름,학생,서울
148524,20230701,"오토바이(바이크, 스쿠터)",남성,30대,1인 가구,200만원 내외,자영업,서울
148530,20230701,전기 자전거,남성,50대,자녀 성장기(막내가 초등학생～고등학생),500만원 내외,자영업,전남
148531,20230701,"오토바이(바이크, 스쿠터)",남성,50대,1인 가구,400만원 내외,기술/숙련직,경기
148537,20230701,"오토바이(바이크, 스쿠터)",여성,40대,1인 가구,600만원 내외,사무직,경기
148540,20230701,전동 킥보드,남성,50대,자녀 성인기(막내가 대학생～결혼 전),"1,000만원 내외",기술/숙련직,서울
148546,20230701,전동 휠,남성,40대,자녀 성장기(막내가 초등학생～고등학생),"1,000만원 내외",일반 공무원/준공무원,광주
148550,20230701,전기 자전거,남성,40대,자녀 성장기(막내가 초등학생～고등학생),900만원 내외,사무직,경기
148552,20230701,전동 킥보드,남성,50대,자녀 성장기(막내가 초등학생～고등학생),600만원 내외,사무직,충남
148559,20230701,전기 자전거,남성,50대,자녀 성장기(막내가 초등학생～고등학생),"2,100만원 이상",자영업,서울
148562,20230701,전동 킥보드,남성,30대,1인 가구,"1,100~1,500만원 내외",무직/기타,대구
148565,20230701,전동 킥보드,남성,30대,신혼기(자녀없음),500만원 내외,기술/숙련직,경북
148580,20230701,"오토바이(바이크, 스쿠터)",남성,40대,1인 가구,600만원 내외,자영업,세종
148585,20230701,전동 킥보드,남성,50대,자녀 성인기(막내가 대학생～결혼 전),600만원 내외,사무직,경기
148599,20230701,전동 킥보드,남성,40대,자녀 유아기(막내가 초등학교 입학 전),300만원 내외,자영업,경남
148603,20230701,전동 킥보드,남성,30대,신혼기 초과(자녀없음),600만원 내외,기술/숙련직,인천
148606,20230701,전기 자전거,남성,40대,자녀 성장기(막내가 초등학생～고등학생),400만원 내외,사무직,경남
148626,20230701,전기 자전거,남성,40대,1인 가구,700만원 내외,자영업,경기
148634,20230701,전동 킥보드,남성,50대,1인 가구,200만원 내외,기술/숙련직,경기
148822,20230701,"오토바이(바이크, 스쿠터)",남성,60대 이상,자녀 독립기(막내가 결혼한 상태),500만원 내외,판매/서비스직,경북
148909,20230701,전동 킥보드,남성,20대,1인 가구,200만원 내외,기술/숙련직,서울
149202,20230701,전동 킥보드,남성,30대,신혼기(자녀없음),800만원 내외,기술/숙련직,경기
149251,20230701,"오토바이(바이크, 스쿠터)",남성,50대,자녀 성장기(막내가 초등학생～고등학생),500만원 내외,사무직,경남
149339,20230701,"오토바이(바이크, 스쿠터)",남성,40대,자녀 성인기(막내가 대학생～결혼 전),800만원 내외,기술/숙련직,충북
149393,20230701,전기 자전거,남성,50대,자녀 성인기(막내가 대학생～결혼 전),500만원 내외,사무직,대구
149445,20230701,"오토바이(바이크, 스쿠터)",남성,30대,1인 가구,300만원 내외,기술/숙련직,충북
149458,20230701,전동 킥보드,여성,60대 이상,자녀 독립기(막내가 결혼한 상태),700만원 내외,전업주부,서울
149533,20230701,"오토바이(바이크, 스쿠터)",남성,40대,1인 가구,400만원 내외,기술/숙련직,충남
149551,20230701,전동 킥보드,여성,30대,자녀 성장기(막내가 초등학생～고등학생),300만원 내외,무직/기타,경북
149552,20230701,"오토바이(바이크, 스쿠터)",남성,60대 이상,자녀 독립기(막내가 결혼한 상태),300만원 내외,일반 공무원/준공무원,경북
149567,20230701,전동 휠,남성,40대,자녀 성장기(막내가 초등학생～고등학생),900만원 내외,사무직,서울
149572,20230701,"오토바이(바이크, 스쿠터)",남성,60대 이상,자녀 성인기(막내가 대학생～결혼 전),"1,100~1,500만원 내외",자영업,서울
149573,20230701,전동 킥보드,여성,20대,자녀 성인기(막내가 대학생～결혼 전),700만원 내외,사무직,서울
149585,20230701,전동 스케이트보드,남성,40대,자녀 성장기(막내가 초등학생～고등학생),"1,100~1,500만원 내외",자영업,경기
149590,20230701,"오토바이(바이크, 스쿠터)",남성,40대,자녀 성장기(막내가 초등학생～고등학생),600만원 내외,일반 공무원/준공무원,대구
149591,20230701,"오토바이(바이크, 스쿠터)",여성,40대,자녀 성장기(막내가 초등학생～고등학생),600만원 내외,자영업,전남
149613,20230701,전기 자전거,남성,60대 이상,자녀 성인기(막내가 대학생～결혼 전),400만원 내외,전문직,경북
149623,20230701,전동 킥보드,남성,50대,자녀 성인기(막내가 대학생～결혼 전),300만원 내외,일반 공무원/준공무원,강원
149636,20230701,전동 킥보드,남성,60대 이상,1인 가구,100만원 이하,무직/기타,부산
149655,20230701,"오토바이(바이크, 스쿠터)",남성,40대,신혼기(자녀없음),300만원 내외,자영업,서울
149661,20230701,전기 자전거,여성,60대 이상,자녀 성인기(막내가 대학생～결혼 전),800만원 내외,전업주부,서울
149663,20230701,전동 킥보드,여성,40대,자녀 성장기(막내가 초등학생～고등학생),"1,000만원 내외",자영업,서울
149668,20230701,전기 자전거,남성,40대,자녀 성장기(막내가 초등학생～고등학생),300만원 내외,자영업,서울
149702,20230701,전기 자전거,여성,30대,자녀 유아기(막내가 초등학교 입학 전),700만원 내외,판매/서비스직,대전
149719,20230701,"오토바이(바이크, 스쿠터)",남성,60대 이상,자녀 독립기(막내가 결혼한 상태),300만원 내외,자영업,부산
149721,20230701,"오토바이(바이크, 스쿠터)",남성,40대,자녀 유아기(막내가 초등학교 입학 전),모름,사무직,서울
149729,20230701,전동 킥보드,남성,40대,자녀 성인기(막내가 대학생～결혼 전),900만원 내외,기술/숙련직,경남
149741,20230701,전동 킥보드,남성,50대,자녀 성장기(막내가 초등학생～고등학생),"1,100~1,500만원 내외",자영업,경기
149748,20230701,전기 자전거,남성,50대,자녀 성인기(막내가 대학생～결혼 전),600만원 내외,사무직,서울
149749,20230701,"오토바이(바이크, 스쿠터)",남성,40대,1인 가구,100만원 이하,무직/기타,경남
149762,20230701,전동 킥보드,남성,40대,신혼기 초과(자녀없음),"1,000만원 내외",사무직,경기
149766,20230701,전동 킥보드,남성,30대,신혼기(자녀없음),500만원 내외,사무직,경기
149771,20230701,"오토바이(바이크, 스쿠터)",남성,50대,1인 가구,"1,000만원 내외",자영업,서울
149854,20230701,전기 자전거,여성,60대 이상,자녀 독립기(막내가 결혼한 상태),500만원 내외,자영업,경남
150003,20230701,전기 자전거,남성,60대 이상,자녀 성인기(막내가 대학생～결혼 전),"1,000만원 내외",무직/기타,서울
150503,20230701,전동 킥보드,남성,40대,신혼기 초과(자녀없음),"1,100~1,500만원 내외",전문직,서울
150508,20230701,전기 자전거,남성,60대 이상,자녀 독립기(막내가 결혼한 상태),800만원 내외,무직/기타,전북
150525,20230701,"오토바이(바이크, 스쿠터)",남성,50대,자녀 성인기(막내가 대학생～결혼 전),900만원 내외,기술/숙련직,서울
150580,20230701,전동 킥보드,남성,40대,자녀 성인기(막내가 대학생～결혼 전),700만원 내외,자영업,강원
150608,20230701,전기 자전거,남성,50대,자녀 성장기(막내가 초등학생～고등학생),"1,600~2,000만원 내외",경영/관리직,경기
150621,20230701,전기 자전거,남성,30대,자녀 유아기(막내가 초등학교 입학 전),500만원 내외,전문직,충남
150638,20230701,전기 자전거,남성,30대,신혼기(자녀없음),700만원 내외,사무직,서울
150639,20230701,전동 스쿠터,남성,30대,자녀 성장기(막내가 초등학생～고등학생),"1,000만원 내외",경영/관리직,서울
150643,20230701,"오토바이(바이크, 스쿠터)",남성,50대,자녀 성장기(막내가 초등학생～고등학생),"1,000만원 내외",기술/숙련직,대구
150661,20230701,전동 킥보드,남성,40대,자녀 성장기(막내가 초등학생～고등학생),"1,100~1,500만원 내외",전문직,서울
150670,20230701,"오토바이(바이크, 스쿠터)",남성,40대,신혼기 초과(자녀없음),600만원 내외,무직/기타,경기
150694,20230701,전기 자전거,남성,60대 이상,자녀 성인기(막내가 대학생～결혼 전),700만원 내외,경영/관리직,인천
150872,20230701,전동 스쿠터,남성,30대,자녀 유아기(막내가 초등학교 입학 전),"2,100만원 이상",전문직,부산
151183,20230701,전동 스쿠터,여성,40대,자녀 유아기(막내가 초등학교 입학 전),800만원 내외,전문직,부산
151229,20230701,"오토바이(바이크, 스쿠터)",남성,50대,자녀 독립기(막내가 결혼한 상태),"2,100만원 이상",전문직,서울
151376,20230701,"오토바이(바이크, 스쿠터)",남성,50대,자녀 성장기(막내가 초등학생～고등학생),500만원 내외,일반 공무원/준공무원,대전
151384,20230701,전기 자전거,남성,50대,자녀 성장기(막내가 초등학생～고등학생),500만원 내외,일반 공무원/준공무원,경기
151446,20230701,전동 킥보드,남성,40대,자녀 성장기(막내가 초등학생～고등학생),300만원 내외,무직/기타,대구
151450,20230701,전기 자전거,남성,50대,자녀 성인기(막내가 대학생～결혼 전),800만원 내외,전문직,서울
151458,20230701,전기 자전거,남성,50대,1인 가구,800만원 내외,자영업,경기
151460,20230701,전기 자전거,남성,20대,자녀 성인기(막내가 대학생～결혼 전),"2,100만원 이상",사무직,경기
151490,20230701,전동 킥보드,남성,50대,자녀 성장기(막내가 초등학생～고등학생),"1,000만원 내외",일반 공무원/준공무원,울산
151494,20230701,"오토바이(바이크, 스쿠터)",남성,40대,자녀 성장기(막내가 초등학생～고등학생),700만원 내외,판매/서비스직,경기
151546,20230701,전기 자전거,남성,40대,자녀 성인기(막내가 대학생～결혼 전),500만원 내외,자영업,대전
151890,20230701,전기 자전거,남성,20대,자녀 성인기(막내가 대학생～결혼 전),"1,600~2,000만원 내외",기술/숙련직,서울
152349,20230701,전동 킥보드,남성,40대,자녀 성인기(막내가 대학생～결혼 전),모름,자영업,서울
152359,20230701,전기 자전거,남성,30대,자녀 유아기(막내가 초등학교 입학 전),"1,000만원 내외",사무직,경기
152388,20230701,전기 자전거,남성,40대,자녀 성장기(막내가 초등학생～고등학생),400만원 내외,판매/서비스직,경기
152395,20230701,전동 스쿠터,남성,50대,자녀 성장기(막내가 초등학생～고등학생),500만원 내외,사무직,경남
152404,20230701,"오토바이(바이크, 스쿠터)",남성,40대,자녀 성장기(막내가 초등학생～고등학생),700만원 내외,판매/서비스직,서울
152405,20230701,"오토바이(바이크, 스쿠터)",남성,50대,자녀 성인기(막내가 대학생～결혼 전),"1,100~1,500만원 내외",사무직,경북
152407,20230701,"오토바이(바이크, 스쿠터)",남성,40대,자녀 성장기(막내가 초등학생～고등학생),800만원 내외,경영/관리직,경기
152470,20230701,전동 킥보드,남성,50대,자녀 성장기(막내가 초등학생～고등학생),600만원 내외,사무직,서울
152718,20230701,전기 자전거,남성,40대,자녀 유아기(막내가 초등학교 입학 전),300만원 내외,기술/숙련직,경기
152998,20230701,전동 킥보드,남성,20대,신혼기 초과(자녀없음),600만원 내외,사무직,서울
153011,20230701,전기 자전거,남성,40대,자녀 성인기(막내가 대학생～결혼 전),500만원 내외,자영업,경기
153127,20230701,전기 자전거,남성,40대,자녀 성장기(막내가 초등학생～고등학생),700만원 내외,사무직,인천
153250,20230701,전기 자전거,남성,60대 이상,자녀 독립기(막내가 결혼한 상태),500만원 내외,무직/기타,경기
153282,20230701,전동 킥보드,남성,40대,자녀 유아기(막내가 초등학교 입학 전),700만원 내외,자영업,경기
153334,20230701,전동 휠,남성,40대,자녀 성인기(막내가 대학생～결혼 전),300만원 내외,자영업,서울
153336,20230701,"오토바이(바이크, 스쿠터)",남성,40대,1인 가구,"1,100~1,500만원 내외",자영업,인천
153351,20230701,"오토바이(바이크, 스쿠터)",여성,30대,신혼기 초과(자녀없음),800만원 내외,일반 공무원/준공무원,경북
153354,20230701,"오토바이(바이크, 스쿠터)",남성,30대,신혼기 초과(자녀없음),700만원 내외,사무직,경기
153367,20230701,전기 자전거,여성,40대,자녀 성인기(막내가 대학생～결혼 전),800만원 내외,일반 공무원/준공무원,경기
153369,20230701,전동 킥보드,남성,40대,1인 가구,300만원 내외,무직/기타,서울
153371,20230701,"오토바이(바이크, 스쿠터)",남성,40대,1인 가구,200만원 내외,무직/기타,경기
153375,20230701,전동 킥보드,남성,40대,자녀 성장기(막내가 초등학생～고등학생),500만원 내외,사무직,광주
153391,20230701,전기 자전거,남성,60대 이상,자녀 성인기(막내가 대학생～결혼 전),600만원 내외,전문직,경기
153561,20230701,전동 킥보드,남성,20대,1인 가구,300만원 내외,사무직,경기
153950,20230701,전동 킥보드,남성,30대,자녀 유아기(막내가 초등학교 입학 전),500만원 내외,기술/숙련직,경기
154148,20230701,전동 휠,남성,50대,자녀 성장기(막내가 초등학생～고등학생),800만원 내외,기술/숙련직,경기
154154,20230701,전기 자전거,남성,50대,자녀 성장기(막내가 초등학생～고등학생),200만원 내외,무직/기타,인천
154273,20230701,전동 킥보드,여성,30대,1인 가구,700만원 내외,사무직,경기
154333,20230701,전동 킥보드,여성,50대,1인 가구,500만원 내외,일반 공무원/준공무원,부산
154373,20230701,전기 자전거,남성,40대,1인 가구,300만원 내외,기술/숙련직,경기
154378,20230701,전기 자전거,남성,50대,1인 가구,300만원 내외,무직/기타,경기
154392,20230701,"오토바이(바이크, 스쿠터)",남성,30대,1인 가구,300만원 내외,판매/서비스직,경기
154427,20230701,"오토바이(바이크, 스쿠터)",남성,60대 이상,자녀 성인기(막내가 대학생～결혼 전),900만원 내외,기술/숙련직,경기
154456,20230701,전기 자전거,남성,40대,자녀 유아기(막내가 초등학교 입학 전),600만원 내외,사무직,충북
154460,20230701,전기 자전거,남성,30대,자녀 유아기(막내가 초등학교 입학 전),600만원 내외,일반 공무원/준공무원,부산
154581,20230701,전기 자전거,여성,20대,1인 가구,200만원 내외,사무직,전북
154598,20230701,"오토바이(바이크, 스쿠터)",남성,30대,1인 가구,"2,100만원 이상",자영업,서울
154605,20230701,전동 킥보드,남성,50대,자녀 성장기(막내가 초등학생～고등학생),"1,000만원 내외",사무직,서울
154607,20230701,전동 휠,여성,30대,1인 가구,100만원 이하,자영업,서울
154679,20230701,전기 자전거,남성,60대 이상,1인 가구,200만원 내외,판매/서비스직,경기
154699,20230701,전동 스케이트보드,남성,40대,자녀 성장기(막내가 초등학생～고등학생),400만원 내외,일반 공무원/준공무원,대전
154701,20230701,전기 자전거,남성,60대 이상,자녀 성인기(막내가 대학생～결혼 전),400만원 내외,경영/관리직,강원
154728,20230701,전기 자전거,여성,40대,자녀 성장기(막내가 초등학생～고등학생),800만원 내외,자영업,경기
154759,20230701,전기 자전거,남성,50대,자녀 성인기(막내가 대학생～결혼 전),500만원 내외,자영업,전북
154769,20230701,"오토바이(바이크, 스쿠터)",남성,40대,1인 가구,400만원 내외,사무직,전남
154775,20230701,전기 자전거,남성,60대 이상,1인 가구,200만원 내외,무직/기타,경기
154778,20230701,"오토바이(바이크, 스쿠터)",남성,50대,자녀 성인기(막내가 대학생～결혼 전),600만원 내외,자영업,대구
154927,20230701,"오토바이(바이크, 스쿠터)",여성,20대,자녀 성인기(막내가 대학생～결혼 전),"2,100만원 이상",무직/기타,경북
154943,20230701,전기 자전거,남성,30대,자녀 성인기(막내가 대학생～결혼 전),500만원 내외,기술/숙련직,대구
154951,20230701,전기 자전거,남성,50대,1인 가구,500만원 내외,무직/기타,서울
154976,20230701,전기 자전거,여성,40대,자녀 성장기(막내가 초등학생～고등학생),800만원 내외,사무직,경기
154991,20230701,"오토바이(바이크, 스쿠터)",남성,40대,자녀 유아기(막내가 초등학교 입학 전),400만원 내외,기술/숙련직,경기
155001,20230701,전기 자전거,여성,50대,1인 가구,200만원 내외,무직/기타,부산
155014,20230701,전동 킥보드,남성,40대,자녀 성장기(막내가 초등학생～고등학생),400만원 내외,무직/기타,경기
155026,20230701,전동 킥보드,남성,40대,1인 가구,400만원 내외,무직/기타,경기
155060,20230701,전동 스쿠터,여성,20대,1인 가구,200만원 내외,일반 공무원/준공무원,충남
155064,20230701,"오토바이(바이크, 스쿠터)",남성,50대,1인 가구,400만원 내외,무직/기타,경기
155074,20230701,"오토바이(바이크, 스쿠터)",여성,40대,자녀 성장기(막내가 초등학생～고등학생),500만원 내외,전업주부,경남
155084,20230701,전기 자전거,남성,40대,1인 가구,800만원 내외,전문직,광주
155087,20230701,전동 킥보드,여성,40대,자녀 성장기(막내가 초등학생～고등학생),500만원 내외,사무직,경기
155110,20230701,전동 킥보드,여성,60대 이상,자녀 독립기(막내가 결혼한 상태),400만원 내외,무직/기타,강원
155135,20230701,"오토바이(바이크, 스쿠터)",남성,50대,1인 가구,500만원 내외,자영업,충남
155144,20230701,"오토바이(바이크, 스쿠터)",남성,60대 이상,자녀 독립기(막내가 결혼한 상태),300만원 내외,자영업,강원
155150,20230701,전기 자전거,남성,60대 이상,자녀 성인기(막내가 대학생～결혼 전),700만원 내외,무직/기타,인천
155292,20230701,"오토바이(바이크, 스쿠터)",남성,60대 이상,자녀 성인기(막내가 대학생～결혼 전),200만원 내외,자영업,대구
155331,20230701,전기 자전거,여성,50대,자녀 성인기(막내가 대학생～결혼 전),200만원 내외,무직/기타,서울
155333,20230701,전동 킥보드,남성,50대,자녀 성인기(막내가 대학생～결혼 전),"1,100~1,500만원 내외",사무직,충남
155347,20230701,전기 자전거,남성,40대,자녀 성장기(막내가 초등학생～고등학생),900만원 내외,사무직,서울
155385,20230701,"오토바이(바이크, 스쿠터)",남성,40대,자녀 성장기(막내가 초등학생～고등학생),700만원 내외,전문직,경기
155388,20230701,전동 킥보드,남성,40대,자녀 유아기(막내가 초등학교 입학 전),500만원 내외,사무직,서울
155390,20230701,전동 킥보드,남성,50대,자녀 성인기(막내가 대학생～결혼 전),400만원 내외,기술/숙련직,경기
155405,20230701,"오토바이(바이크, 스쿠터)",남성,40대,자녀 성장기(막내가 초등학생～고등학생),700만원 내외,기술/숙련직,울산
155414,20230701,전동 킥보드,남성,60대 이상,자녀 성인기(막내가 대학생～결혼 전),900만원 내외,사무직,인천
155425,20230701,전동 킥보드,남성,40대,자녀 성장기(막내가 초등학생～고등학생),700만원 내외,경영/관리직,서울
155434,20230701,"오토바이(바이크, 스쿠터)",남성,40대,자녀 성장기(막내가 초등학생～고등학생),500만원 내외,기술/숙련직,경기
155435,20230701,전기 자전거,남성,30대,자녀 성인기(막내가 대학생～결혼 전),500만원 내외,기술/숙련직,서울
155665,20230701,전기 자전거,남성,30대,1인 가구,200만원 내외,자영업,경북
155683,20230701,"오토바이(바이크, 스쿠터)",남성,50대,자녀 성인기(막내가 대학생～결혼 전),"1,000만원 내외",무직/기타,서울
155695,20230701,"오토바이(바이크, 스쿠터)",남성,40대,1인 가구,500만원 내외,자영업,제주
155699,20230701,전기 자전거,남성,40대,자녀 유아기(막내가 초등학교 입학 전),500만원 내외,일반 공무원/준공무원,경북
155724,20230701,"오토바이(바이크, 스쿠터)",남성,50대,자녀 성인기(막내가 대학생～결혼 전),"1,600~2,000만원 내외",자영업,서울
155734,20230701,전동 킥보드,여성,30대,자녀 성인기(막내가 대학생～결혼 전),"1,600~2,000만원 내외",기술/숙련직,경북
155739,20230701,전동 킥보드,남성,40대,자녀 성장기(막내가 초등학생～고등학생),500만원 내외,사무직,서울
155756,20230701,전기 자전거,남성,50대,자녀 성인기(막내가 대학생～결혼 전),"1,100~1,500만원 내외",자영업,서울
155768,20230701,전동 킥보드,남성,30대,자녀 성인기(막내가 대학생～결혼 전),"1,000만원 내외",기술/숙련직,충북
155774,20230701,"오토바이(바이크, 스쿠터)",남성,40대,1인 가구,400만원 내외,기술/숙련직,경기
155782,20230701,전기 자전거,여성,50대,자녀 독립기(막내가 결혼한 상태),600만원 내외,기술/숙련직,인천
155789,20230701,"오토바이(바이크, 스쿠터)",남성,40대,자녀 성장기(막내가 초등학생～고등학생),500만원 내외,사무직,경남
155798,20230701,전기 자전거,남성,50대,자녀 성인기(막내가 대학생～결혼 전),300만원 내외,자영업,서울
155803,20230701,전동 킥보드,남성,20대,자녀 성장기(막내가 초등학생～고등학생),모름,학생,부산
155811,20230701,"오토바이(바이크, 스쿠터)",남성,40대,자녀 성인기(막내가 대학생～결혼 전),"2,100만원 이상",자영업,경기
155817,20230701,"오토바이(바이크, 스쿠터)",남성,50대,자녀 성장기(막내가 초등학생～고등학생),500만원 내외,자영업,서울
155824,20230701,전동 킥보드,여성,40대,자녀 성장기(막내가 초등학생～고등학생),"1,000만원 내외",사무직,서울
155882,20230701,전기 자전거,남성,50대,자녀 성인기(막내가 대학생～결혼 전),400만원 내외,무직/기타,전남
155980,20230701,전기 자전거,남성,60대 이상,자녀 성인기(막내가 대학생～결혼 전),300만원 내외,자영업,경기
155984,20230701,전기 자전거,남성,50대,자녀 성인기(막내가 대학생～결혼 전),700만원 내외,사무직,경기
156014,20230701,"오토바이(바이크, 스쿠터)",남성,50대,자녀 성인기(막내가 대학생～결혼 전),600만원 내외,자영업,전남
156028,20230701,전기 자전거,남성,50대,자녀 독립기(막내가 결혼한 상태),600만원 내외,일반 공무원/준공무원,대전
156042,20230701,"오토바이(바이크, 스쿠터)",남성,40대,자녀 유아기(막내가 초등학교 입학 전),"1,100~1,500만원 내외",기술/숙련직,경기
156076,20230701,전기 자전거,남성,20대,1인 가구,"2,100만원 이상",자영업,경북
156100,20230701,"오토바이(바이크, 스쿠터)",여성,50대,자녀 성인기(막내가 대학생～결혼 전),700만원 내외,전문직,경기
156116,20230701,전동 킥보드,남성,40대,자녀 유아기(막내가 초등학교 입학 전),600만원 내외,일반 공무원/준공무원,경기
156125,20230701,전기 자전거,남성,50대,자녀 성인기(막내가 대학생～결혼 전),"1,100~1,500만원 내외",경영/관리직,서울
156126,20230701,전동 킥보드,남성,40대,자녀 유아기(막내가 초등학교 입학 전),300만원 내외,자영업,경기
156168,20230701,전동 킥보드,여성,20대,1인 가구,500만원 내외,무직/기타,경북
156306,20230701,전동 킥보드,여성,20대,자녀 성인기(막내가 대학생～결혼 전),400만원 내외,판매/서비스직,경기
156338,20230701,전동 킥보드,남성,40대,자녀 성장기(막내가 초등학생～고등학생),"1,000만원 내외",사무직,경기
156342,20230701,전동 휠,남성,50대,자녀 성장기(막내가 초등학생～고등학생),800만원 내외,판매/서비스직,경기
156417,20230701,전동 킥보드,남성,30대,자녀 유아기(막내가 초등학교 입학 전),600만원 내외,사무직,전남
156421,20230701,전동 킥보드,남성,40대,자녀 성장기(막내가 초등학생～고등학생),"1,000만원 내외",사무직,서울
156429,20230701,전동 킥보드,남성,50대,자녀 성장기(막내가 초등학생～고등학생),700만원 내외,경영/관리직,서울
156430,20230701,전기 자전거,남성,30대,자녀 성인기(막내가 대학생～결혼 전),700만원 내외,사무직,서울
156431,20230701,전동 킥보드,남성,50대,신혼기 초과(자녀없음),300만원 내외,기술/숙련직,경기
156436,20230701,전동 킥보드,남성,40대,신혼기(자녀없음),200만원 내외,무직/기타,전북
156491,20230701,전기 자전거,남성,60대 이상,자녀 성인기(막내가 대학생～결혼 전),"1,100~1,500만원 내외",전문직,서울
156498,20230701,전기 자전거,여성,40대,자녀 성장기(막내가 초등학생～고등학생),500만원 내외,사무직,대구
156535,20230701,전기 자전거,남성,60대 이상,자녀 독립기(막내가 결혼한 상태),500만원 내외,무직/기타,전북
156557,20230701,전동 킥보드,남성,50대,1인 가구,200만원 내외,자영업,인천
156560,20230701,"오토바이(바이크, 스쿠터)",남성,50대,1인 가구,800만원 내외,기술/숙련직,경기
156562,20230701,"오토바이(바이크, 스쿠터)",남성,60대 이상,자녀 독립기(막내가 결혼한 상태),"1,000만원 내외",무직/기타,서울
156564,20230701,"오토바이(바이크, 스쿠터)",남성,30대,자녀 유아기(막내가 초등학교 입학 전),"2,100만원 이상",사무직,대구
156571,20230701,전동 킥보드,남성,40대,신혼기(자녀없음),300만원 내외,판매/서비스직,부산
156789,20230701,"오토바이(바이크, 스쿠터)",남성,30대,자녀 성인기(막내가 대학생～결혼 전),200만원 내외,학생,서울
157191,20230701,전동 킥보드,남성,60대 이상,자녀 독립기(막내가 결혼한 상태),300만원 내외,무직/기타,인천
157197,20230701,"오토바이(바이크, 스쿠터)",남성,50대,자녀 성인기(막내가 대학생～결혼 전),600만원 내외,기술/숙련직,부산
157201,20230701,전동 휠,남성,50대,자녀 성장기(막내가 초등학생～고등학생),700만원 내외,경영/관리직,인천
157207,20230701,전기 자전거,남성,60대 이상,자녀 독립기(막내가 결혼한 상태),600만원 내외,무직/기타,울산
157232,20230701,전기 자전거,남성,60대 이상,자녀 독립기(막내가 결혼한 상태),500만원 내외,자영업,대구
157249,20230701,전동 킥보드,남성,50대,자녀 성인기(막내가 대학생～결혼 전),500만원 내외,기술/숙련직,인천
157325,20230701,전기 자전거,남성,40대,자녀 성장기(막내가 초등학생～고등학생),"1,100~1,500만원 내외",사무직,경기
157356,20230701,"오토바이(바이크, 스쿠터)",남성,50대,신혼기 초과(자녀없음),300만원 내외,기술/숙련직,부산
157532,20230701,전기 자전거,여성,50대,자녀 성인기(막내가 대학생～결혼 전),400만원 내외,전업주부,경기
157581,20230701,전기 자전거,남성,30대,신혼기(자녀없음),500만원 내외,기술/숙련직,서울
157596,20230701,전동 킥보드,여성,40대,자녀 성장기(막내가 초등학생～고등학생),200만원 내외,사무직,제주
157625,20230701,전동 킥보드,여성,20대,1인 가구,"1,100~1,500만원 내외",사무직,충북
157682,20230701,전기 자전거,남성,40대,자녀 유아기(막내가 초등학교 입학 전),"1,000만원 내외",전문직,대전
157692,20230701,전동 킥보드,남성,50대,자녀 성인기(막내가 대학생～결혼 전),"2,100만원 이상",사무직,서울
157719,20230701,전동 킥보드,남성,40대,자녀 성장기(막내가 초등학생～고등학생),500만원 내외,사무직,경기
157730,20230701,전동 스케이트보드,남성,30대,자녀 성장기(막내가 초등학생～고등학생),400만원 내외,일반 공무원/준공무원,서울
157739,20230701,전기 자전거,여성,30대,자녀 성인기(막내가 대학생～결혼 전),500만원 내외,일반 공무원/준공무원,서울
157742,20230701,"오토바이(바이크, 스쿠터)",남성,40대,자녀 유아기(막내가 초등학교 입학 전),500만원 내외,기술/숙련직,대전
157756,20230701,"오토바이(바이크, 스쿠터)",남성,60대 이상,1인 가구,600만원 내외,기술/숙련직,충남
157794,20230701,"오토바이(바이크, 스쿠터)",남성,50대,자녀 성장기(막내가 초등학생～고등학생),"1,000만원 내외",전문직,인천
157798,20230701,전기 자전거,남성,50대,자녀 성인기(막내가 대학생～결혼 전),600만원 내외,경영/관리직,서울
157807,20230701,전기 자전거,남성,50대,자녀 성인기(막내가 대학생～결혼 전),600만원 내외,기술/숙련직,경기
157813,20230701,전동 킥보드,남성,40대,신혼기 초과(자녀없음),600만원 내외,사무직,서울
157820,20230701,"오토바이(바이크, 스쿠터)",남성,60대 이상,자녀 독립기(막내가 결혼한 상태),300만원 내외,자영업,전북
157864,20230701,전기 자전거,남성,30대,자녀 유아기(막내가 초등학교 입학 전),"1,000만원 내외",사무직,울산
157873,20230701,전기 자전거,남성,60대 이상,신혼기 초과(자녀없음),400만원 내외,자영업,경기
158053,20230701,전동 휠,남성,40대,자녀 성장기(막내가 초등학생～고등학생),800만원 내외,기술/숙련직,경기
158085,20230701,전동 킥보드,남성,40대,자녀 성장기(막내가 초등학생～고등학생),"2,100만원 이상",판매/서비스직,경기
158235,20230701,전기 자전거,여성,50대,자녀 성인기(막내가 대학생～결혼 전),400만원 내외,사무직,경기
158252,20230701,"오토바이(바이크, 스쿠터)",남성,50대,자녀 성인기(막내가 대학생～결혼 전),"1,600~2,000만원 내외",경영/관리직,대전
158299,20230701,전동 킥보드,남성,40대,자녀 유아기(막내가 초등학교 입학 전),700만원 내외,사무직,울산
158386,20230701,"오토바이(바이크, 스쿠터)",남성,60대 이상,자녀 성인기(막내가 대학생～결혼 전),400만원 내외,기술/숙련직,대구
158406,20230701,"오토바이(바이크, 스쿠터)",남성,40대,신혼기(자녀없음),600만원 내외,기술/숙련직,인천
158432,20230701,"오토바이(바이크, 스쿠터)",남성,60대 이상,자녀 독립기(막내가 결혼한 상태),"1,000만원 내외",자영업,경남
158521,20230701,전동 킥보드,남성,40대,자녀 성장기(막내가 초등학생～고등학생),"1,000만원 내외",사무직,경기
158524,20230701,"오토바이(바이크, 스쿠터)",남성,50대,자녀 성인기(막내가 대학생～결혼 전),800만원 내외,사무직,부산
158545,20230701,전동 킥보드,남성,40대,자녀 성장기(막내가 초등학생～고등학생),500만원 내외,경영/관리직,경남
158582,20230701,전동 킥보드,여성,50대,자녀 성장기(막내가 초등학생～고등학생),800만원 내외,전업주부,경기
158593,20230701,"오토바이(바이크, 스쿠터)",남성,30대,1인 가구,200만원 내외,판매/서비스직,경남
158607,20230701,전동 킥보드,남성,40대,신혼기 초과(자녀없음),700만원 내외,기술/숙련직,서울
158618,20230701,전기 자전거,남성,60대 이상,자녀 독립기(막내가 결혼한 상태),500만원 내외,일반 공무원/준공무원,경북
158648,20230701,"오토바이(바이크, 스쿠터)",남성,40대,자녀 유아기(막내가 초등학교 입학 전),700만원 내외,기술/숙련직,경기
158655,20230701,전기 자전거,여성,40대,자녀 성장기(막내가 초등학생～고등학생),"1,100~1,500만원 내외",일반 공무원/준공무원,서울
158678,20230701,전기 자전거,남성,40대,자녀 성인기(막내가 대학생～결혼 전),"1,000만원 내외",전문직,세종
158681,20230701,"오토바이(바이크, 스쿠터)",남성,60대 이상,신혼기 초과(자녀없음),300만원 내외,무직/기타,대구
158791,20230701,전동 킥보드,남성,40대,1인 가구,모름,무직/기타,경기
158864,20230701,전기 자전거,남성,50대,자녀 성인기(막내가 대학생～결혼 전),700만원 내외,일반 공무원/준공무원,경기
158896,20230701,전동 킥보드,남성,50대,1인 가구,300만원 내외,사무직,경기
158912,20230701,"오토바이(바이크, 스쿠터)",남성,40대,1인 가구,400만원 내외,사무직,경기
158918,20230701,"오토바이(바이크, 스쿠터)",여성,30대,자녀 성장기(막내가 초등학생～고등학생),600만원 내외,사무직,경기
158950,20230701,전동 킥보드,남성,30대,1인 가구,400만원 내외,기술/숙련직,경기
159055,20230701,"오토바이(바이크, 스쿠터)",남성,30대,자녀 유아기(막내가 초등학교 입학 전),600만원 내외,사무직,울산
159058,20230701,"오토바이(바이크, 스쿠터)",남성,50대,신혼기 초과(자녀없음),300만원 내외,기술/숙련직,경기
159075,20230701,전동 스케이트보드,남성,30대,1인 가구,900만원 내외,기술/숙련직,서울
159199,20230701,전동 킥보드,남성,30대,1인 가구,300만원 내외,일반 공무원/준공무원,부산
159203,20230701,전동 킥보드,남성,50대,자녀 성장기(막내가 초등학생～고등학생),"1,000만원 내외",경영/관리직,서울
159216,20230701,전동 킥보드,남성,40대,자녀 유아기(막내가 초등학교 입학 전),800만원 내외,사무직,경남
159242,20230701,"오토바이(바이크, 스쿠터)",여성,60대 이상,자녀 성인기(막내가 대학생～결혼 전),800만원 내외,일반 공무원/준공무원,부산
159269,20230701,"오토바이(바이크, 스쿠터)",남성,40대,자녀 성장기(막내가 초등학생～고등학생),600만원 내외,기술/숙련직,서울
159294,20230701,"오토바이(바이크, 스쿠터)",여성,40대,1인 가구,300만원 내외,사무직,충북
159300,20230701,전기 자전거,남성,50대,자녀 성장기(막내가 초등학생～고등학생),"1,000만원 내외",일반 공무원/준공무원,경기
159344,20230701,전동 스케이트보드,여성,30대,자녀 유아기(막내가 초등학교 입학 전),300만원 내외,사무직,경기
159347,20230701,"오토바이(바이크, 스쿠터)",남성,60대 이상,자녀 독립기(막내가 결혼한 상태),300만원 내외,자영업,경남
159350,20230701,전동 킥보드,남성,60대 이상,자녀 성인기(막내가 대학생～결혼 전),900만원 내외,무직/기타,경기
159362,20230701,"오토바이(바이크, 스쿠터)",남성,50대,자녀 성인기(막내가 대학생～결혼 전),"1,100~1,500만원 내외",자영업,서울
159449,20230701,전기 자전거,남성,30대,자녀 성인기(막내가 대학생～결혼 전),700만원 내외,사무직,서울
159672,20230701,전기 자전거,남성,50대,신혼기 초과(자녀없음),300만원 내외,기술/숙련직,경기
159761,20230701,전동 킥보드,남성,40대,자녀 성장기(막내가 초등학생～고등학생),500만원 내외,일반 공무원/준공무원,강원
159943,20230701,"오토바이(바이크, 스쿠터)",여성,30대,자녀 성장기(막내가 초등학생～고등학생),400만원 내외,자영업,울산
160013,20230701,전기 자전거,남성,40대,자녀 유아기(막내가 초등학교 입학 전),500만원 내외,자영업,경기
160030,20230701,전기 자전거,여성,30대,자녀 유아기(막내가 초등학교 입학 전),모름,판매/서비스직,인천
160064,20230701,전기 자전거,남성,60대 이상,자녀 성인기(막내가 대학생～결혼 전),800만원 내외,일반 공무원/준공무원,전남
160104,20230701,"오토바이(바이크, 스쿠터)",남성,40대,자녀 성장기(막내가 초등학생～고등학생),"2,100만원 이상",자영업,경기
160115,20230701,"오토바이(바이크, 스쿠터)",남성,50대,자녀 성인기(막내가 대학생～결혼 전),"1,000만원 내외",기술/숙련직,울산
160171,20230701,"오토바이(바이크, 스쿠터)",남성,60대 이상,자녀 독립기(막내가 결혼한 상태),300만원 내외,기술/숙련직,서울
160179,20230701,전동 킥보드,남성,20대,자녀 성인기(막내가 대학생～결혼 전),900만원 내외,판매/서비스직,광주
160198,20230701,"오토바이(바이크, 스쿠터)",남성,30대,1인 가구,"1,000만원 내외",사무직,경기
160256,20230701,"오토바이(바이크, 스쿠터)",남성,40대,자녀 유아기(막내가 초등학교 입학 전),300만원 내외,일반 공무원/준공무원,경기
160285,20230701,"오토바이(바이크, 스쿠터)",여성,40대,자녀 성인기(막내가 대학생～결혼 전),300만원 내외,판매/서비스직,울산
160303,20230701,"오토바이(바이크, 스쿠터)",남성,50대,자녀 성인기(막내가 대학생～결혼 전),"1,100~1,500만원 내외",사무직,대전
160307,20230701,전동 킥보드,남성,40대,신혼기 초과(자녀없음),600만원 내외,사무직,서울
160324,20230701,"오토바이(바이크, 스쿠터)",남성,30대,자녀 유아기(막내가 초등학교 입학 전),400만원 내외,기술/숙련직,경기
160359,20230701,전동 킥보드,남성,40대,자녀 유아기(막내가 초등학교 입학 전),600만원 내외,자영업,대전
160384,20230701,전기 자전거,남성,60대 이상,자녀 성인기(막내가 대학생～결혼 전),"1,000만원 내외",판매/서비스직,서울
160398,20230701,전기 자전거,남성,40대,자녀 성장기(막내가 초등학생～고등학생),400만원 내외,사무직,경기
160409,20230701,"오토바이(바이크, 스쿠터)",남성,40대,1인 가구,500만원 내외,자영업,서울
160429,20230701,전기 자전거,여성,50대,자녀 성인기(막내가 대학생～결혼 전),400만원 내외,전업주부,서울
160437,20230701,"오토바이(바이크, 스쿠터)",여성,30대,1인 가구,500만원 내외,기술/숙련직,서울
160445,20230701,"오토바이(바이크, 스쿠터)",남성,40대,자녀 성장기(막내가 초등학생～고등학생),400만원 내외,무직/기타,강원
160447,20230701,전기 자전거,여성,60대 이상,자녀 독립기(막내가 결혼한 상태),"1,000만원 내외",자영업,서울
160460,20230701,전기 자전거,여성,40대,자녀 성장기(막내가 초등학생～고등학생),700만원 내외,자영업,인천
160721,20230701,전기 자전거,남성,40대,1인 가구,200만원 내외,전문직,서울
160749,20230701,"오토바이(바이크, 스쿠터)",남성,30대,1인 가구,300만원 내외,사무직,서울
160777,20230701,전동 스쿠터,여성,40대,자녀 성장기(막내가 초등학생～고등학생),500만원 내외,사무직,대구
160782,20230701,"오토바이(바이크, 스쿠터)",남성,40대,자녀 성장기(막내가 초등학생～고등학생),700만원 내외,경영/관리직,부산
160785,20230701,"오토바이(바이크, 스쿠터)",남성,30대,자녀 성인기(막내가 대학생～결혼 전),900만원 내외,기술/숙련직,경기
160803,20230701,"오토바이(바이크, 스쿠터)",여성,20대,자녀 성인기(막내가 대학생～결혼 전),200만원 내외,무직/기타,경북
160806,20230701,전기 자전거,여성,40대,자녀 성장기(막내가 초등학생～고등학생),700만원 내외,일반 공무원/준공무원,경기
160818,20230701,전기 자전거,남성,50대,1인 가구,100만원 이하,무직/기타,충북
160820,20230701,전기 자전거,여성,30대,1인 가구,200만원 내외,사무직,경기
160827,20230701,전동 킥보드,남성,20대,자녀 성인기(막내가 대학생～결혼 전),300만원 내외,학생,서울
160839,20230701,전기 자전거,남성,30대,자녀 성인기(막내가 대학생～결혼 전),700만원 내외,판매/서비스직,부산
160842,20230701,"오토바이(바이크, 스쿠터)",남성,50대,자녀 성인기(막내가 대학생～결혼 전),300만원 내외,기술/숙련직,강원
160845,20230701,전기 자전거,남성,50대,자녀 성인기(막내가 대학생～결혼 전),600만원 내외,자영업,경기
160853,20230701,전기 자전거,여성,60대 이상,자녀 독립기(막내가 결혼한 상태),400만원 내외,기술/숙련직,경북
160906,20230701,전동 킥보드,남성,50대,자녀 성인기(막내가 대학생～결혼 전),800만원 내외,일반 공무원/준공무원,경기
160916,20230701,"오토바이(바이크, 스쿠터)",여성,30대,자녀 성인기(막내가 대학생～결혼 전),800만원 내외,사무직,경기
161051,20230701,전동 킥보드,여성,40대,신혼기(자녀없음),500만원 내외,사무직,부산
161130,20230701,"오토바이(바이크, 스쿠터)",남성,40대,신혼기(자녀없음),300만원 내외,기술/숙련직,대구
161255,20230701,전기 자전거,남성,60대 이상,자녀 성인기(막내가 대학생～결혼 전),500만원 내외,기술/숙련직,경기
161404,20230701,전동 킥보드,여성,30대,1인 가구,400만원 내외,사무직,경기
161407,20230701,"오토바이(바이크, 스쿠터)",남성,40대,자녀 성인기(막내가 대학생～결혼 전),800만원 내외,판매/서비스직,대구
161523,20230701,전동 킥보드,남성,40대,1인 가구,400만원 내외,무직/기타,경기
161537,20230701,"오토바이(바이크, 스쿠터)",남성,60대 이상,자녀 성인기(막내가 대학생～결혼 전),300만원 내외,무직/기타,경기
161541,20230701,전동 킥보드,남성,50대,자녀 성인기(막내가 대학생～결혼 전),700만원 내외,판매/서비스직,경남
161631,20230701,"오토바이(바이크, 스쿠터)",남성,50대,자녀 성장기(막내가 초등학생～고등학생),800만원 내외,기술/숙련직,경기
161648,20230701,"오토바이(바이크, 스쿠터)",남성,50대,자녀 성인기(막내가 대학생～결혼 전),800만원 내외,기술/숙련직,세종
161704,20230701,"오토바이(바이크, 스쿠터)",남성,50대,자녀 성인기(막내가 대학생～결혼 전),900만원 내외,기술/숙련직,경기
161744,20230701,전동 킥보드,여성,20대,1인 가구,200만원 내외,사무직,경기
161767,20230701,전기 자전거,남성,50대,자녀 성인기(막내가 대학생～결혼 전),"1,000만원 내외",일반 공무원/준공무원,서울
161768,20230701,전기 자전거,남성,60대 이상,자녀 성인기(막내가 대학생～결혼 전),300만원 내외,전문직,제주
161811,20230701,전동 스쿠터,남성,40대,자녀 유아기(막내가 초등학교 입학 전),700만원 내외,사무직,경기
161813,20230701,전기 자전거,남성,40대,자녀 유아기(막내가 초등학교 입학 전),"1,000만원 내외",전문직,서울
161818,20230701,전기 자전거,남성,30대,신혼기 초과(자녀없음),800만원 내외,자영업,경기
161825,20230701,전기 자전거,여성,60대 이상,자녀 독립기(막내가 결혼한 상태),300만원 내외,무직/기타,부산
161829,20230701,전기 자전거,남성,50대,자녀 유아기(막내가 초등학교 입학 전),400만원 내외,기술/숙련직,부산
161858,20230701,전동 킥보드,남성,40대,신혼기 초과(자녀없음),900만원 내외,전문직,경기
161870,20230701,전동 킥보드,남성,30대,1인 가구,100만원 이하,무직/기타,경기
161874,20230701,전동 킥보드,남성,40대,자녀 성장기(막내가 초등학생～고등학생),500만원 내외,무직/기타,경기
161886,20230701,전동 킥보드,남성,40대,자녀 성장기(막내가 초등학생～고등학생),500만원 내외,판매/서비스직,인천
162056,20230701,전동 킥보드,남성,20대,1인 가구,300만원 내외,학생,경남
162059,20230701,"오토바이(바이크, 스쿠터)",남성,60대 이상,자녀 성인기(막내가 대학생～결혼 전),"1,600~2,000만원 내외",자영업,대구
162093,20230701,전동 킥보드,남성,40대,자녀 성장기(막내가 초등학생～고등학생),700만원 내외,기술/숙련직,제주
162126,20230701,"오토바이(바이크, 스쿠터)",남성,30대,신혼기(자녀없음),500만원 내외,자영업,부산
162151,20230701,전동 킥보드,남성,50대,자녀 성인기(막내가 대학생～결혼 전),"1,100~1,500만원 내외",사무직,경기
162164,20230701,전기 자전거,남성,50대,자녀 성인기(막내가 대학생～결혼 전),"1,000만원 내외",자영업,경기
162178,20230701,전동 킥보드,남성,30대,자녀 유아기(막내가 초등학교 입학 전),800만원 내외,사무직,전남
162203,20230701,전기 자전거,남성,40대,신혼기(자녀없음),700만원 내외,전문직,경기
162231,20230701,"오토바이(바이크, 스쿠터)",남성,50대,자녀 성인기(막내가 대학생～결혼 전),500만원 내외,자영업,서울
162257,20230701,전동 킥보드,남성,40대,1인 가구,400만원 내외,사무직,서울
162300,20230701,전기 자전거,남성,50대,신혼기 초과(자녀없음),400만원 내외,기술/숙련직,경기
162454,20230701,전기 자전거,남성,50대,자녀 성인기(막내가 대학생～결혼 전),700만원 내외,자영업,경기
162676,20230701,전기 자전거,여성,40대,자녀 성장기(막내가 초등학생～고등학생),500만원 내외,일반 공무원/준공무원,서울
162837,20230701,전기 자전거,남성,60대 이상,자녀 독립기(막내가 결혼한 상태),500만원 내외,기술/숙련직,인천
162878,20230701,전동 킥보드,남성,50대,자녀 성인기(막내가 대학생～결혼 전),600만원 내외,자영업,경기
163004,20230701,전기 자전거,남성,60대 이상,1인 가구,400만원 내외,기술/숙련직,경기
163068,20230701,전동 킥보드,남성,40대,자녀 성장기(막내가 초등학생～고등학생),500만원 내외,기술/숙련직,인천
163074,20230701,"오토바이(바이크, 스쿠터)",남성,40대,신혼기 초과(자녀없음),"1,100~1,500만원 내외",판매/서비스직,경기
163096,20230701,전기 자전거,여성,40대,1인 가구,400만원 내외,일반 공무원/준공무원,경기
163147,20230701,전기 자전거,여성,40대,자녀 성장기(막내가 초등학생～고등학생),"1,000만원 내외",자영업,경기
163148,20230701,"오토바이(바이크, 스쿠터)",남성,30대,1인 가구,모름,기술/숙련직,서울
163155,20230701,전기 자전거,남성,50대,자녀 성장기(막내가 초등학생～고등학생),"1,100~1,500만원 내외",경영/관리직,서울
163159,20230701,전기 자전거,남성,50대,자녀 성인기(막내가 대학생～결혼 전),"1,600~2,000만원 내외",경영/관리직,서울
163188,20230701,"오토바이(바이크, 스쿠터)",남성,50대,자녀 성인기(막내가 대학생～결혼 전),"1,100~1,500만원 내외",자영업,서울
163206,20230701,전동 킥보드,여성,40대,신혼기 초과(자녀없음),800만원 내외,전문직,세종
163288,20230701,"오토바이(바이크, 스쿠터)",남성,40대,자녀 성인기(막내가 대학생～결혼 전),"1,000만원 내외",사무직,충남
163342,20230701,전기 자전거,남성,40대,자녀 성장기(막내가 초등학생～고등학생),300만원 내외,기술/숙련직,경기
163362,20230701,전기 자전거,남성,60대 이상,자녀 성인기(막내가 대학생～결혼 전),500만원 내외,기술/숙련직,경기
163367,20230701,전기 자전거,여성,40대,자녀 성장기(막내가 초등학생～고등학생),"1,000만원 내외",전업주부,경기
163371,20230701,전동 킥보드,남성,50대,자녀 성인기(막내가 대학생～결혼 전),600만원 내외,기술/숙련직,강원
163391,20230701,전동 킥보드,남성,40대,자녀 성장기(막내가 초등학생～고등학생),"1,000만원 내외",사무직,경기
163429,20230701,"오토바이(바이크, 스쿠터)",남성,50대,자녀 성장기(막내가 초등학생～고등학생),"1,000만원 내외",일반 공무원/준공무원,광주
163453,20230701,전동 킥보드,남성,40대,1인 가구,300만원 내외,기술/숙련직,경남
163502,20230701,전동 휠,여성,30대,자녀 유아기(막내가 초등학교 입학 전),모름,전업주부,경남
163523,20230701,전동 킥보드,남성,40대,자녀 성장기(막내가 초등학생～고등학생),500만원 내외,일반 공무원/준공무원,경기
163578,20230701,"오토바이(바이크, 스쿠터)",여성,50대,자녀 성인기(막내가 대학생～결혼 전),100만원 이하,기술/숙련직,울산
163661,20230701,전동 킥보드,남성,40대,자녀 성장기(막내가 초등학생～고등학생),"2,100만원 이상",자영업,광주
163669,20230701,"오토바이(바이크, 스쿠터)",남성,30대,자녀 성인기(막내가 대학생～결혼 전),300만원 내외,무직/기타,충북
163710,20230701,전기 자전거,남성,50대,자녀 성인기(막내가 대학생～결혼 전),"1,600~2,000만원 내외",경영/관리직,서울
163717,20230701,"오토바이(바이크, 스쿠터)",여성,30대,1인 가구,300만원 내외,자영업,제주
163719,20230701,전동 스쿠터,남성,40대,자녀 유아기(막내가 초등학교 입학 전),"1,600~2,000만원 내외",무직/기타,인천
163727,20230701,"오토바이(바이크, 스쿠터)",여성,40대,자녀 성장기(막내가 초등학생～고등학생),400만원 내외,전업주부,경남
163750,20230701,전기 자전거,남성,60대 이상,자녀 독립기(막내가 결혼한 상태),100만원 이하,무직/기타,경북
163775,20230701,전기 자전거,여성,20대,자녀 성인기(막내가 대학생～결혼 전),500만원 내외,사무직,광주
163784,20230701,전기 자전거,남성,40대,신혼기 초과(자녀없음),600만원 내외,기술/숙련직,대전
163792,20230701,"오토바이(바이크, 스쿠터)",남성,50대,자녀 성인기(막내가 대학생～결혼 전),700만원 내외,무직/기타,대구
163795,20230701,전기 자전거,남성,60대 이상,자녀 성인기(막내가 대학생～결혼 전),700만원 내외,판매/서비스직,서울
163807,20230701,"오토바이(바이크, 스쿠터)",남성,40대,1인 가구,200만원 내외,자영업,충북
163842,20230701,전기 자전거,여성,30대,자녀 유아기(막내가 초등학교 입학 전),800만원 내외,사무직,서울
163846,20230701,"오토바이(바이크, 스쿠터)",남성,50대,자녀 성인기(막내가 대학생～결혼 전),900만원 내외,일반 공무원/준공무원,부산
163847,20230701,전기 자전거,남성,30대,자녀 성장기(막내가 초등학생～고등학생),400만원 내외,사무직,경기
163854,20230701,전동 킥보드,남성,40대,자녀 독립기(막내가 결혼한 상태),500만원 내외,일반 공무원/준공무원,서울
163860,20230701,"오토바이(바이크, 스쿠터)",여성,50대,자녀 성인기(막내가 대학생～결혼 전),500만원 내외,자영업,충북
163944,20230701,전동 킥보드,남성,50대,자녀 성장기(막내가 초등학생～고등학생),"1,100~1,500만원 내외",경영/관리직,경기
164271,20230701,"오토바이(바이크, 스쿠터)",남성,60대 이상,자녀 성인기(막내가 대학생～결혼 전),500만원 내외,자영업,서울
164282,20230701,전동 킥보드,남성,30대,1인 가구,600만원 내외,사무직,대전
164386,20230701,전동 킥보드,남성,30대,자녀 유아기(막내가 초등학교 입학 전),500만원 내외,기술/숙련직,강원
164442,20230701,전동 스케이트보드,여성,40대,자녀 성인기(막내가 대학생～결혼 전),300만원 내외,기술/숙련직,경북
164549,20230701,전기 자전거,남성,60대 이상,자녀 독립기(막내가 결혼한 상태),"1,100~1,500만원 내외",기술/숙련직,경기
164564,20230701,"오토바이(바이크, 스쿠터)",남성,40대,1인 가구,400만원 내외,자영업,부산
164621,20230701,"오토바이(바이크, 스쿠터)",남성,60대 이상,자녀 독립기(막내가 결혼한 상태),"1,000만원 내외",자영업,서울
164624,20230701,전기 자전거,남성,50대,자녀 성인기(막내가 대학생～결혼 전),"1,000만원 내외",기술/숙련직,서울
164629,20230701,전기 자전거,남성,40대,1인 가구,500만원 내외,경영/관리직,부산
164635,20230701,전기 자전거,남성,50대,1인 가구,500만원 내외,자영업,제주
164717,20230701,전기 자전거,여성,20대,1인 가구,200만원 내외,사무직,서울
164738,20230701,"오토바이(바이크, 스쿠터)",남성,50대,자녀 성인기(막내가 대학생～결혼 전),400만원 내외,자영업,강원
164850,20230701,전동 킥보드,남성,30대,1인 가구,200만원 내외,기술/숙련직,울산
164855,20230701,전기 자전거,남성,60대 이상,자녀 성인기(막내가 대학생～결혼 전),"1,100~1,500만원 내외",전문직,경기
164862,20230701,전기 자전거,남성,40대,자녀 성장기(막내가 초등학생～고등학생),700만원 내외,사무직,경기
164924,20230701,전기 자전거,남성,40대,자녀 성장기(막내가 초등학생～고등학생),"1,000만원 내외",전문직,경기
164928,20230701,"오토바이(바이크, 스쿠터)",남성,40대,1인 가구,400만원 내외,기술/숙련직,대전
164929,20230701,"오토바이(바이크, 스쿠터)",남성,50대,자녀 성인기(막내가 대학생～결혼 전),700만원 내외,기술/숙련직,울산
164936,20230701,전동 스케이트보드,남성,20대,1인 가구,300만원 내외,사무직,충남
164943,20230701,전동 스쿠터,남성,40대,신혼기(자녀없음),500만원 내외,일반 공무원/준공무원,충북
164981,20230701,전동 킥보드,남성,30대,자녀 성인기(막내가 대학생～결혼 전),500만원 내외,무직/기타,경기
165074,20230701,전기 자전거,여성,30대,1인 가구,400만원 내외,기술/숙련직,서울
165081,20230701,"오토바이(바이크, 스쿠터)",남성,30대,자녀 성인기(막내가 대학생～결혼 전),600만원 내외,사무직,광주
165104,20230701,전동 킥보드,남성,30대,1인 가구,500만원 내외,일반 공무원/준공무원,대전
165142,20230701,전동 킥보드,여성,30대,신혼기 초과(자녀없음),600만원 내외,기술/숙련직,경남
165154,20230701,"오토바이(바이크, 스쿠터)",남성,30대,1인 가구,500만원 내외,기술/숙련직,서울
165159,20230701,전동 킥보드,여성,20대,1인 가구,100만원 이하,학생,경북
165162,20230701,전동 킥보드,남성,20대,1인 가구,500만원 내외,기술/숙련직,경기
165202,20230701,"오토바이(바이크, 스쿠터)",남성,40대,자녀 성장기(막내가 초등학생～고등학생),800만원 내외,전문직,경남
165213,20230701,전동 킥보드,남성,20대,1인 가구,400만원 내외,일반 공무원/준공무원,대전
165219,20230701,전기 자전거,남성,40대,신혼기 초과(자녀없음),500만원 내외,기술/숙련직,세종
165243,20230701,전기 자전거,남성,60대 이상,1인 가구,500만원 내외,판매/서비스직,경기
165246,20230701,전기 자전거,남성,40대,자녀 유아기(막내가 초등학교 입학 전),400만원 내외,기술/숙련직,서울
165258,20230701,"오토바이(바이크, 스쿠터)",여성,50대,자녀 성인기(막내가 대학생～결혼 전),400만원 내외,일반 공무원/준공무원,충북
165262,20230701,"오토바이(바이크, 스쿠터)",남성,40대,1인 가구,400만원 내외,일반 공무원/준공무원,경기
165285,20230701,전동 킥보드,남성,30대,자녀 유아기(막내가 초등학교 입학 전),600만원 내외,일반 공무원/준공무원,경기
165288,20230701,전기 자전거,여성,50대,자녀 성장기(막내가 초등학생～고등학생),"1,100~1,500만원 내외",판매/서비스직,경기
165291,20230701,전기 자전거,남성,50대,자녀 성장기(막내가 초등학생～고등학생),100만원 이하,자영업,경기
165319,20230701,전동 킥보드,남성,60대 이상,자녀 독립기(막내가 결혼한 상태),700만원 내외,무직/기타,충북
165347,20230701,"오토바이(바이크, 스쿠터)",남성,30대,자녀 유아기(막내가 초등학교 입학 전),500만원 내외,사무직,경기
165358,20230701,"오토바이(바이크, 스쿠터)",남성,30대,자녀 독립기(막내가 결혼한 상태),600만원 내외,자영업,광주
165378,20230701,전기 자전거,남성,60대 이상,신혼기 초과(자녀없음),300만원 내외,무직/기타,서울
165411,20230701,전동 킥보드,여성,40대,자녀 성장기(막내가 초등학생～고등학생),600만원 내외,무직/기타,경기
165830,20230701,"오토바이(바이크, 스쿠터)",남성,20대,자녀 성장기(막내가 초등학생～고등학생),500만원 내외,기술/숙련직,경남
165927,20230701,전기 자전거,남성,50대,자녀 성인기(막내가 대학생～결혼 전),500만원 내외,사무직,경기
166017,20230701,전동 킥보드,남성,30대,자녀 성인기(막내가 대학생～결혼 전),"1,100~1,500만원 내외",기술/숙련직,서울
166040,20230701,전동 스쿠터,여성,40대,자녀 성장기(막내가 초등학생～고등학생),"1,000만원 내외",판매/서비스직,제주
166145,20230701,전동 킥보드,여성,50대,자녀 성인기(막내가 대학생～결혼 전),"1,000만원 내외",무직/기타,경남
166169,20230701,"오토바이(바이크, 스쿠터)",남성,40대,자녀 성장기(막내가 초등학생～고등학생),800만원 내외,경영/관리직,경기
166175,20230701,"오토바이(바이크, 스쿠터)",남성,50대,자녀 성장기(막내가 초등학생～고등학생),900만원 내외,무직/기타,강원
166194,20230701,"오토바이(바이크, 스쿠터)",남성,50대,자녀 성인기(막내가 대학생～결혼 전),600만원 내외,무직/기타,충북
166202,20230701,전기 자전거,남성,40대,자녀 성장기(막내가 초등학생～고등학생),800만원 내외,사무직,경기
166235,20230701,전동 킥보드,남성,40대,신혼기(자녀없음),400만원 내외,일반 공무원/준공무원,울산
166236,20230701,"오토바이(바이크, 스쿠터)",여성,40대,자녀 성장기(막내가 초등학생～고등학생),600만원 내외,기술/숙련직,서울
166340,20230701,전기 자전거,남성,50대,자녀 성인기(막내가 대학생～결혼 전),"1,000만원 내외",경영/관리직,경기
166356,20230701,전기 자전거,남성,60대 이상,자녀 독립기(막내가 결혼한 상태),500만원 내외,무직/기타,경기
166386,20230701,"오토바이(바이크, 스쿠터)",남성,40대,자녀 성장기(막내가 초등학생～고등학생),"1,000만원 내외",기술/숙련직,경기
166449,20230701,"오토바이(바이크, 스쿠터)",여성,30대,자녀 독립기(막내가 결혼한 상태),600만원 내외,자영업,경북
166468,20230701,전기 자전거,남성,60대 이상,자녀 성인기(막내가 대학생～결혼 전),700만원 내외,전문직,서울
166472,20230701,전동 스쿠터,남성,20대,자녀 성인기(막내가 대학생～결혼 전),300만원 내외,기술/숙련직,대구
166524,20230701,전동 스케이트보드,남성,40대,자녀 성장기(막내가 초등학생～고등학생),400만원 내외,경영/관리직,서울
166543,20230701,"오토바이(바이크, 스쿠터)",남성,60대 이상,자녀 독립기(막내가 결혼한 상태),300만원 내외,무직/기타,전북
166728,20230701,"오토바이(바이크, 스쿠터)",남성,60대 이상,자녀 성인기(막내가 대학생～결혼 전),700만원 내외,자영업,서울
166746,20230701,전동 킥보드,남성,60대 이상,자녀 성장기(막내가 초등학생～고등학생),"1,000만원 내외",전문직,서울
166748,20230701,"오토바이(바이크, 스쿠터)",남성,20대,자녀 성인기(막내가 대학생～결혼 전),"1,000만원 내외",학생,경기
166759,20230701,"오토바이(바이크, 스쿠터)",남성,30대,자녀 성장기(막내가 초등학생～고등학생),800만원 내외,사무직,서울
166778,20230701,전기 자전거,남성,60대 이상,자녀 독립기(막내가 결혼한 상태),"1,100~1,500만원 내외",경영/관리직,경기
166787,20230701,"오토바이(바이크, 스쿠터)",남성,20대,자녀 성인기(막내가 대학생～결혼 전),300만원 내외,기술/숙련직,경기
166824,20230701,전동 스쿠터,남성,40대,자녀 성장기(막내가 초등학생～고등학생),400만원 내외,사무직,광주
166835,20230701,전기 자전거,남성,40대,1인 가구,800만원 내외,무직/기타,서울
166840,20230701,"오토바이(바이크, 스쿠터)",남성,60대 이상,자녀 독립기(막내가 결혼한 상태),200만원 내외,무직/기타,충북
166845,20230701,"오토바이(바이크, 스쿠터)",남성,50대,자녀 독립기(막내가 결혼한 상태),500만원 내외,자영업,서울
166887,20230701,전동 킥보드,남성,40대,자녀 성장기(막내가 초등학생～고등학생),600만원 내외,사무직,인천
166906,20230701,전동 킥보드,남성,60대 이상,자녀 성인기(막내가 대학생～결혼 전),200만원 내외,무직/기타,부산
166923,20230701,전동 킥보드,남성,40대,자녀 성장기(막내가 초등학생～고등학생),700만원 내외,사무직,경남
166929,20230701,"오토바이(바이크, 스쿠터)",여성,60대 이상,자녀 독립기(막내가 결혼한 상태),500만원 내외,기술/숙련직,서울
166933,20230701,전기 자전거,남성,30대,자녀 성인기(막내가 대학생～결혼 전),"1,000만원 내외",일반 공무원/준공무원,전남
167044,20230701,"오토바이(바이크, 스쿠터)",여성,60대 이상,자녀 독립기(막내가 결혼한 상태),600만원 내외,자영업,광주
167204,20230701,"오토바이(바이크, 스쿠터)",남성,60대 이상,자녀 성인기(막내가 대학생～결혼 전),600만원 내외,사무직,서울
167312,20230701,"오토바이(바이크, 스쿠터)",여성,20대,자녀 성인기(막내가 대학생～결혼 전),"1,000만원 내외",기술/숙련직,인천
167573,20230701,전기 자전거,남성,60대 이상,자녀 독립기(막내가 결혼한 상태),300만원 내외,자영업,대구
167680,20230701,"오토바이(바이크, 스쿠터)",남성,40대,신혼기 초과(자녀없음),600만원 내외,기술/숙련직,서울
167697,20230701,전동 킥보드,남성,40대,자녀 유아기(막내가 초등학교 입학 전),500만원 내외,일반 공무원/준공무원,전북
167724,20230701,전기 자전거,남성,40대,신혼기(자녀없음),700만원 내외,기술/숙련직,경기
167739,20230701,전기 자전거,남성,50대,1인 가구,200만원 내외,무직/기타,서울
167761,20230701,전기 자전거,남성,40대,자녀 유아기(막내가 초등학교 입학 전),600만원 내외,판매/서비스직,서울
167786,20230701,"오토바이(바이크, 스쿠터)",남성,40대,자녀 유아기(막내가 초등학교 입학 전),500만원 내외,자영업,경기
167792,20230701,"오토바이(바이크, 스쿠터)",남성,40대,자녀 유아기(막내가 초등학교 입학 전),900만원 내외,사무직,광주
167810,20230701,전동 킥보드,남성,50대,자녀 성장기(막내가 초등학생～고등학생),"1,000만원 내외",자영업,서울
167888,20230701,"오토바이(바이크, 스쿠터)",남성,50대,자녀 성인기(막내가 대학생～결혼 전),600만원 내외,기술/숙련직,서울
167920,20230701,"오토바이(바이크, 스쿠터)",여성,50대,자녀 성장기(막내가 초등학생～고등학생),700만원 내외,자영업,대전
167958,20230701,전동 킥보드,남성,40대,1인 가구,300만원 내외,사무직,경기
167981,20230701,전기 자전거,남성,40대,자녀 성장기(막내가 초등학생～고등학생),"1,000만원 내외",전문직,경기
167984,20230701,전동 휠,남성,50대,자녀 성인기(막내가 대학생～결혼 전),800만원 내외,자영업,경기
168049,20230701,전동 킥보드,남성,50대,자녀 성장기(막내가 초등학생～고등학생),"1,100~1,500만원 내외",자영업,인천
168052,20230701,전기 자전거,남성,50대,자녀 성인기(막내가 대학생～결혼 전),500만원 내외,일반 공무원/준공무원,부산
168053,20230701,전동 킥보드,남성,40대,자녀 유아기(막내가 초등학교 입학 전),"1,100~1,500만원 내외",자영업,인천
168060,20230701,전기 자전거,남성,50대,신혼기(자녀없음),모름,무직/기타,경기
168063,20230701,전동 휠,남성,40대,1인 가구,200만원 내외,사무직,서울
168185,20230701,전기 자전거,여성,30대,자녀 유아기(막내가 초등학교 입학 전),"1,100~1,500만원 내외",전문직,경기
168265,20230701,전기 자전거,남성,30대,신혼기(자녀없음),900만원 내외,사무직,서울
168304,20230701,전동 킥보드,여성,30대,자녀 유아기(막내가 초등학교 입학 전),700만원 내외,일반 공무원/준공무원,경남
168330,20230701,전동 휠,여성,30대,자녀 유아기(막내가 초등학교 입학 전),700만원 내외,자영업,서울
168348,20230701,"오토바이(바이크, 스쿠터)",여성,50대,자녀 성인기(막내가 대학생～결혼 전),"2,100만원 이상",사무직,충북
168391,20230701,전동 킥보드,남성,40대,자녀 성장기(막내가 초등학생～고등학생),500만원 내외,기술/숙련직,강원
168403,20230701,"오토바이(바이크, 스쿠터)",남성,50대,1인 가구,600만원 내외,자영업,부산
168407,20230701,전동 킥보드,여성,50대,자녀 성인기(막내가 대학생～결혼 전),600만원 내외,판매/서비스직,경기
168419,20230701,전기 자전거,남성,40대,1인 가구,300만원 내외,자영업,서울
168450,20230701,"오토바이(바이크, 스쿠터)",남성,50대,1인 가구,500만원 내외,자영업,경북
168456,20230701,"오토바이(바이크, 스쿠터)",남성,40대,자녀 성장기(막내가 초등학생～고등학생),400만원 내외,사무직,서울
168463,20230701,"오토바이(바이크, 스쿠터)",남성,30대,자녀 성인기(막내가 대학생～결혼 전),"2,100만원 이상",무직/기타,서울
168478,20230701,"오토바이(바이크, 스쿠터)",여성,50대,자녀 독립기(막내가 결혼한 상태),900만원 내외,자영업,경기
168493,20230701,전기 자전거,남성,40대,자녀 성장기(막내가 초등학생～고등학생),600만원 내외,무직/기타,경기
168682,20230701,"오토바이(바이크, 스쿠터)",남성,40대,자녀 성장기(막내가 초등학생～고등학생),900만원 내외,사무직,경기
168852,20230701,"오토바이(바이크, 스쿠터)",남성,50대,자녀 성인기(막내가 대학생～결혼 전),"1,000만원 내외",자영업,서울
168984,20230701,전기 자전거,남성,40대,자녀 유아기(막내가 초등학교 입학 전),700만원 내외,사무직,부산
169006,20230701,전기 자전거,여성,40대,자녀 성장기(막내가 초등학생～고등학생),"1,000만원 내외",판매/서비스직,서울
169097,20230701,전동 킥보드,남성,40대,자녀 성장기(막내가 초등학생～고등학생),"1,000만원 내외",기술/숙련직,경기
169214,20230701,전동 휠,남성,50대,자녀 성인기(막내가 대학생～결혼 전),900만원 내외,사무직,충북
169257,20230701,전동 킥보드,남성,30대,자녀 유아기(막내가 초등학교 입학 전),"1,000만원 내외",사무직,경기
169259,20230701,전기 자전거,남성,60대 이상,자녀 성인기(막내가 대학생～결혼 전),500만원 내외,사무직,경기
169335,20230701,전기 자전거,남성,40대,신혼기 초과(자녀없음),500만원 내외,전문직,전북
169343,20230701,전동 킥보드,남성,40대,자녀 성장기(막내가 초등학생～고등학생),700만원 내외,사무직,대전
169352,20230701,"오토바이(바이크, 스쿠터)",남성,50대,자녀 독립기(막내가 결혼한 상태),600만원 내외,자영업,경기
169389,20230701,"오토바이(바이크, 스쿠터)",남성,40대,자녀 유아기(막내가 초등학교 입학 전),700만원 내외,기술/숙련직,경기
169422,20230701,"오토바이(바이크, 스쿠터)",남성,50대,자녀 성장기(막내가 초등학생～고등학생),500만원 내외,자영업,부산
169442,20230701,전기 자전거,여성,40대,자녀 성장기(막내가 초등학생～고등학생),600만원 내외,자영업,전북
169459,20230701,"오토바이(바이크, 스쿠터)",남성,40대,자녀 성장기(막내가 초등학생～고등학생),"1,100~1,500만원 내외",자영업,경기
169463,20230701,전동 킥보드,남성,50대,자녀 성인기(막내가 대학생～결혼 전),800만원 내외,일반 공무원/준공무원,부산
169473,20230701,전기 자전거,남성,50대,자녀 성인기(막내가 대학생～결혼 전),500만원 내외,기술/숙련직,전남
169506,20230701,전동 킥보드,남성,30대,1인 가구,300만원 내외,기술/숙련직,경기
169535,20230701,전기 자전거,남성,30대,1인 가구,400만원 내외,기술/숙련직,경북
169548,20230701,"오토바이(바이크, 스쿠터)",남성,40대,신혼기 초과(자녀없음),"1,000만원 내외",판매/서비스직,경기
169572,20230701,전기 자전거,남성,60대 이상,자녀 독립기(막내가 결혼한 상태),500만원 내외,무직/기타,경기
169600,20230701,전동 킥보드,남성,30대,1인 가구,300만원 내외,기술/숙련직,충북
169645,20230701,전기 자전거,여성,40대,신혼기 초과(자녀없음),600만원 내외,기술/숙련직,부산
169654,20230701,"오토바이(바이크, 스쿠터)",남성,40대,자녀 유아기(막내가 초등학교 입학 전),"2,100만원 이상",기술/숙련직,충남
169693,20230701,전동 휠,남성,40대,자녀 성장기(막내가 초등학생～고등학생),800만원 내외,기술/숙련직,서울
169785,20230701,전기 자전거,남성,50대,자녀 성인기(막내가 대학생～결혼 전),"1,100~1,500만원 내외",사무직,서울
169788,20230701,"오토바이(바이크, 스쿠터)",남성,40대,자녀 성장기(막내가 초등학생～고등학생),"2,100만원 이상",판매/서비스직,대전
169803,20230701,"오토바이(바이크, 스쿠터)",여성,50대,자녀 성장기(막내가 초등학생～고등학생),200만원 내외,사무직,충북
169922,20230701,전기 자전거,여성,60대 이상,자녀 독립기(막내가 결혼한 상태),500만원 내외,사무직,인천
169926,20230701,전기 자전거,남성,40대,자녀 성장기(막내가 초등학생～고등학생),600만원 내외,일반 공무원/준공무원,경기
169937,20230701,"오토바이(바이크, 스쿠터)",남성,40대,자녀 유아기(막내가 초등학교 입학 전),400만원 내외,자영업,서울
169959,20230701,"오토바이(바이크, 스쿠터)",남성,50대,1인 가구,400만원 내외,기술/숙련직,대구
169976,20230701,"오토바이(바이크, 스쿠터)",남성,50대,자녀 성장기(막내가 초등학생～고등학생),500만원 내외,자영업,제주
169977,20230701,전기 자전거,여성,40대,자녀 유아기(막내가 초등학교 입학 전),"1,000만원 내외",사무직,서울
169992,20230701,전기 자전거,남성,50대,1인 가구,400만원 내외,자영업,서울
170030,20230701,전기 자전거,남성,60대 이상,자녀 독립기(막내가 결혼한 상태),300만원 내외,기술/숙련직,전북
170065,20230701,전기 자전거,여성,50대,자녀 성인기(막내가 대학생～결혼 전),800만원 내외,사무직,인천
170068,20230701,"오토바이(바이크, 스쿠터)",남성,30대,신혼기 초과(자녀없음),300만원 내외,전문직,경기
170091,20230701,"오토바이(바이크, 스쿠터)",남성,40대,자녀 성인기(막내가 대학생～결혼 전),600만원 내외,자영업,서울
170127,20230701,전기 자전거,남성,30대,1인 가구,"1,000만원 내외",사무직,서울
170159,20230701,"오토바이(바이크, 스쿠터)",남성,50대,자녀 성장기(막내가 초등학생～고등학생),800만원 내외,경영/관리직,서울
170202,20230701,"오토바이(바이크, 스쿠터)",남성,60대 이상,자녀 성인기(막내가 대학생～결혼 전),"1,600~2,000만원 내외",자영업,경기
170253,20230701,전동 스쿠터,여성,40대,자녀 성장기(막내가 초등학생～고등학생),500만원 내외,전문직,경기
170296,20230701,전기 자전거,남성,50대,1인 가구,200만원 내외,무직/기타,인천
170302,20230701,전기 자전거,남성,40대,자녀 성장기(막내가 초등학생～고등학생),500만원 내외,사무직,경기
170416,20230701,전기 자전거,남성,60대 이상,1인 가구,400만원 내외,무직/기타,전북
170427,20230701,"오토바이(바이크, 스쿠터)",남성,50대,자녀 독립기(막내가 결혼한 상태),"1,000만원 내외",자영업,서울
170452,20230701,전기 자전거,여성,40대,신혼기(자녀없음),모름,판매/서비스직,울산
170496,20230701,전기 자전거,여성,40대,자녀 성인기(막내가 대학생～결혼 전),모름,자영업,경기
170502,20230701,전동 킥보드,남성,50대,자녀 성인기(막내가 대학생～결혼 전),"1,600~2,000만원 내외",일반 공무원/준공무원,충남
170524,20230701,전동 킥보드,남성,20대,신혼기(자녀없음),300만원 내외,사무직,대구
170539,20230701,전동 킥보드,남성,50대,자녀 성장기(막내가 초등학생～고등학생),600만원 내외,일반 공무원/준공무원,대전
170558,20230701,전기 자전거,여성,40대,신혼기(자녀없음),"1,000만원 내외",자영업,충북
170568,20230701,"오토바이(바이크, 스쿠터)",남성,40대,1인 가구,300만원 내외,무직/기타,경북
170591,20230701,"오토바이(바이크, 스쿠터)",남성,60대 이상,자녀 성인기(막내가 대학생～결혼 전),500만원 내외,무직/기타,전북
170595,20230701,"오토바이(바이크, 스쿠터)",남성,50대,자녀 성인기(막내가 대학생～결혼 전),900만원 내외,자영업,경기
170606,20230701,전기 자전거,남성,40대,자녀 성장기(막내가 초등학생～고등학생),900만원 내외,일반 공무원/준공무원,세종
170617,20230701,전동 킥보드,여성,40대,자녀 성장기(막내가 초등학생～고등학생),400만원 내외,판매/서비스직,경남
170629,20230701,전기 자전거,남성,60대 이상,1인 가구,400만원 내외,무직/기타,서울
170635,20230701,전기 자전거,남성,50대,자녀 독립기(막내가 결혼한 상태),500만원 내외,기술/숙련직,서울
170645,20230701,"오토바이(바이크, 스쿠터)",남성,60대 이상,자녀 성인기(막내가 대학생～결혼 전),"1,000만원 내외",자영업,부산
170659,20230701,"오토바이(바이크, 스쿠터)",남성,50대,자녀 성인기(막내가 대학생～결혼 전),800만원 내외,일반 공무원/준공무원,경남
170660,20230701,전동 스케이트보드,여성,40대,1인 가구,100만원 이하,무직/기타,서울
170661,20230701,전기 자전거,남성,40대,자녀 성장기(막내가 초등학생～고등학생),600만원 내외,일반 공무원/준공무원,대구
170677,20230701,"오토바이(바이크, 스쿠터)",남성,60대 이상,자녀 독립기(막내가 결혼한 상태),300만원 내외,무직/기타,충북
170681,20230701,전기 자전거,여성,30대,자녀 성인기(막내가 대학생～결혼 전),"1,000만원 내외",일반 공무원/준공무원,부산
170690,20230701,전기 자전거,남성,40대,자녀 성장기(막내가 초등학생～고등학생),500만원 내외,사무직,인천
170693,20230701,전기 자전거,남성,40대,1인 가구,600만원 내외,기술/숙련직,경기
170700,20230701,전동 킥보드,남성,40대,자녀 성장기(막내가 초등학생～고등학생),"1,000만원 내외",자영업,강원
170715,20230701,"오토바이(바이크, 스쿠터)",남성,60대 이상,자녀 성인기(막내가 대학생～결혼 전),500만원 내외,무직/기타,경기
170731,20230701,전기 자전거,여성,50대,자녀 성인기(막내가 대학생～결혼 전),700만원 내외,사무직,경북
170743,20230701,"오토바이(바이크, 스쿠터)",남성,60대 이상,자녀 성인기(막내가 대학생～결혼 전),400만원 내외,기술/숙련직,경기
170744,20230701,전동 킥보드,남성,50대,1인 가구,"1,000만원 내외",자영업,전북
170746,20230701,전동 킥보드,남성,30대,신혼기 초과(자녀없음),600만원 내외,자영업,인천
170751,20230701,전동 휠,여성,40대,1인 가구,400만원 내외,무직/기타,경기
170754,20230701,전동 스쿠터,남성,60대 이상,자녀 성인기(막내가 대학생～결혼 전),300만원 내외,사무직,부산
170768,20230701,"오토바이(바이크, 스쿠터)",남성,40대,신혼기 초과(자녀없음),600만원 내외,전문직,전북
170784,20230701,전동 킥보드,남성,40대,자녀 유아기(막내가 초등학교 입학 전),300만원 내외,일반 공무원/준공무원,서울
170796,20230701,"오토바이(바이크, 스쿠터)",남성,40대,자녀 유아기(막내가 초등학교 입학 전),700만원 내외,사무직,서울
170797,20230701,전기 자전거,남성,60대 이상,자녀 독립기(막내가 결혼한 상태),700만원 내외,무직/기타,서울
170799,20230701,전동 킥보드,남성,50대,신혼기 초과(자녀없음),600만원 내외,기술/숙련직,경기
170836,20230701,전동 킥보드,남성,30대,자녀 성인기(막내가 대학생～결혼 전),900만원 내외,기술/숙련직,서울
170842,20230701,"오토바이(바이크, 스쿠터)",남성,60대 이상,자녀 성인기(막내가 대학생～결혼 전),400만원 내외,자영업,경북
170850,20230701,"오토바이(바이크, 스쿠터)",남성,60대 이상,자녀 성인기(막내가 대학생～결혼 전),200만원 내외,무직/기타,경남
170857,20230701,"오토바이(바이크, 스쿠터)",남성,30대,1인 가구,200만원 내외,기술/숙련직,부산
170858,20230701,"오토바이(바이크, 스쿠터)",남성,60대 이상,자녀 성인기(막내가 대학생～결혼 전),"1,100~1,500만원 내외",무직/기타,전북
170887,20230701,"오토바이(바이크, 스쿠터)",남성,50대,1인 가구,600만원 내외,사무직,경기
170910,20230701,전동 킥보드,여성,30대,자녀 유아기(막내가 초등학교 입학 전),700만원 내외,사무직,경기
170914,20230701,전기 자전거,남성,50대,자녀 성인기(막내가 대학생～결혼 전),"1,000만원 내외",전문직,서울
170921,20230701,전기 자전거,남성,60대 이상,자녀 독립기(막내가 결혼한 상태),"1,100~1,500만원 내외",자영업,전남
170933,20230701,전동 킥보드,남성,40대,자녀 성장기(막내가 초등학생～고등학생),500만원 내외,사무직,서울
170934,20230701,전기 자전거,여성,20대,자녀 성인기(막내가 대학생～결혼 전),"1,100~1,500만원 내외",학생,서울
170939,20230701,전동 킥보드,여성,60대 이상,자녀 성인기(막내가 대학생～결혼 전),700만원 내외,자영업,경기
170947,20230701,전동 킥보드,남성,30대,자녀 유아기(막내가 초등학교 입학 전),600만원 내외,일반 공무원/준공무원,강원
170961,20230701,전기 자전거,여성,50대,자녀 성인기(막내가 대학생～결혼 전),500만원 내외,전업주부,경기
170963,20230701,전기 자전거,남성,60대 이상,자녀 성인기(막내가 대학생～결혼 전),"1,000만원 내외",무직/기타,경기
170964,20230701,전동 킥보드,남성,40대,자녀 성장기(막내가 초등학생～고등학생),700만원 내외,일반 공무원/준공무원,인천
170975,20230701,"오토바이(바이크, 스쿠터)",남성,60대 이상,자녀 독립기(막내가 결혼한 상태),400만원 내외,사무직,울산
170979,20230701,전동 스케이트보드,여성,40대,자녀 성인기(막내가 대학생～결혼 전),800만원 내외,전업주부,부산
170985,20230701,전기 자전거,남성,50대,자녀 독립기(막내가 결혼한 상태),"1,100~1,500만원 내외",자영업,서울
170999,20230701,"오토바이(바이크, 스쿠터)",여성,30대,1인 가구,500만원 내외,자영업,서울
171015,20230701,"오토바이(바이크, 스쿠터)",남성,50대,1인 가구,800만원 내외,사무직,경기
171019,20230701,전동 휠,남성,50대,자녀 성인기(막내가 대학생～결혼 전),"1,000만원 내외",경영/관리직,서울
171024,20230701,전기 자전거,남성,40대,자녀 성장기(막내가 초등학생～고등학생),500만원 내외,자영업,경기
171049,20230701,"오토바이(바이크, 스쿠터)",여성,40대,자녀 성장기(막내가 초등학생～고등학생),"1,600~2,000만원 내외",자영업,전북
171075,20230701,"오토바이(바이크, 스쿠터)",남성,40대,자녀 성장기(막내가 초등학생～고등학생),800만원 내외,기술/숙련직,경기
171080,20230701,전기 자전거,남성,40대,자녀 성장기(막내가 초등학생～고등학생),"1,100~1,500만원 내외",일반 공무원/준공무원,부산
171081,20230701,전동 킥보드,남성,40대,자녀 성장기(막내가 초등학생～고등학생),700만원 내외,기술/숙련직,충남
171121,20230701,전기 자전거,남성,60대 이상,자녀 독립기(막내가 결혼한 상태),200만원 내외,무직/기타,서울
171140,20230701,전기 자전거,남성,60대 이상,자녀 독립기(막내가 결혼한 상태),500만원 내외,자영업,서울
171166,20230701,전기 자전거,여성,60대 이상,자녀 성인기(막내가 대학생～결혼 전),"1,000만원 내외",자영업,경기
171176,20230701,"오토바이(바이크, 스쿠터)",남성,30대,자녀 유아기(막내가 초등학교 입학 전),300만원 내외,사무직,경북
171191,20230701,"오토바이(바이크, 스쿠터)",남성,60대 이상,자녀 독립기(막내가 결혼한 상태),300만원 내외,무직/기타,대구
171210,20230701,전동 킥보드,여성,40대,자녀 성장기(막내가 초등학생～고등학생),"1,000만원 내외",전문직,서울
171211,20230701,전동 킥보드,남성,40대,자녀 성장기(막내가 초등학생～고등학생),"1,000만원 내외",판매/서비스직,경기
171265,20230701,전기 자전거,남성,50대,자녀 성인기(막내가 대학생～결혼 전),"1,000만원 내외",경영/관리직,강원
171291,20230701,"오토바이(바이크, 스쿠터)",남성,40대,자녀 성장기(막내가 초등학생～고등학생),700만원 내외,판매/서비스직,제주
171352,20230701,"오토바이(바이크, 스쿠터)",남성,50대,자녀 성인기(막내가 대학생～결혼 전),900만원 내외,기술/숙련직,전남
171392,20230701,"오토바이(바이크, 스쿠터)",남성,30대,자녀 성장기(막내가 초등학생～고등학생),"1,000만원 내외",자영업,강원
171610,20230701,전기 자전거,여성,40대,자녀 유아기(막내가 초등학교 입학 전),600만원 내외,기술/숙련직,서울
171683,20230701,전동 킥보드,남성,30대,자녀 성장기(막내가 초등학생～고등학생),300만원 내외,무직/기타,울산
171685,20230701,"오토바이(바이크, 스쿠터)",남성,40대,신혼기 초과(자녀없음),"1,100~1,500만원 내외",기술/숙련직,강원
171696,20230701,전기 자전거,남성,50대,자녀 성인기(막내가 대학생～결혼 전),300만원 내외,판매/서비스직,서울
171710,20230701,"오토바이(바이크, 스쿠터)",남성,40대,자녀 성장기(막내가 초등학생～고등학생),300만원 내외,무직/기타,경기
171712,20230701,"오토바이(바이크, 스쿠터)",남성,60대 이상,자녀 독립기(막내가 결혼한 상태),300만원 내외,무직/기타,경북
171722,20230701,"오토바이(바이크, 스쿠터)",남성,50대,1인 가구,"1,000만원 내외",전문직,서울
171767,20230701,"오토바이(바이크, 스쿠터)",남성,40대,자녀 유아기(막내가 초등학교 입학 전),"1,600~2,000만원 내외",일반 공무원/준공무원,서울
171843,20230701,"오토바이(바이크, 스쿠터)",남성,50대,자녀 성인기(막내가 대학생～결혼 전),"1,000만원 내외",일반 공무원/준공무원,대구
171900,20230701,전기 자전거,남성,40대,자녀 성장기(막내가 초등학생～고등학생),400만원 내외,무직/기타,경기
171926,20230701,전동 킥보드,남성,40대,자녀 유아기(막내가 초등학교 입학 전),"1,000만원 내외",경영/관리직,서울
171935,20230701,"오토바이(바이크, 스쿠터)",남성,50대,자녀 성인기(막내가 대학생～결혼 전),700만원 내외,일반 공무원/준공무원,전북
171961,20230701,전동 스케이트보드,여성,50대,자녀 독립기(막내가 결혼한 상태),500만원 내외,사무직,대전
171967,20230701,"오토바이(바이크, 스쿠터)",남성,40대,자녀 성장기(막내가 초등학생～고등학생),700만원 내외,판매/서비스직,울산
172055,20230701,전기 자전거,여성,50대,자녀 성인기(막내가 대학생～결혼 전),500만원 내외,일반 공무원/준공무원,강원
172059,20230701,전동 스쿠터,남성,60대 이상,자녀 성인기(막내가 대학생～결혼 전),800만원 내외,자영업,서울
172066,20230701,전기 자전거,남성,40대,자녀 성장기(막내가 초등학생～고등학생),"1,000만원 내외",전문직,서울
172110,20230701,전기 자전거,남성,50대,자녀 독립기(막내가 결혼한 상태),"1,100~1,500만원 내외",자영업,제주
172124,20230701,전기 자전거,남성,50대,자녀 독립기(막내가 결혼한 상태),"1,000만원 내외",자영업,경북
172133,20230701,"오토바이(바이크, 스쿠터)",여성,40대,자녀 성장기(막내가 초등학생～고등학생),700만원 내외,전업주부,서울
172142,20230701,전기 자전거,남성,50대,자녀 독립기(막내가 결혼한 상태),"1,100~1,500만원 내외",기술/숙련직,서울
172232,20230701,전동 킥보드,남성,60대 이상,자녀 독립기(막내가 결혼한 상태),500만원 내외,자영업,경기
172240,20230701,전동 킥보드,남성,30대,1인 가구,500만원 내외,기술/숙련직,제주
172359,20230701,전기 자전거,남성,30대,자녀 유아기(막내가 초등학교 입학 전),400만원 내외,사무직,경남
172390,20230701,"오토바이(바이크, 스쿠터)",남성,40대,1인 가구,600만원 내외,경영/관리직,서울
172433,20230701,전동 스쿠터,남성,40대,자녀 성장기(막내가 초등학생～고등학생),900만원 내외,자영업,강원
172460,20230701,전동 킥보드,남성,40대,자녀 성장기(막내가 초등학생～고등학생),900만원 내외,일반 공무원/준공무원,서울
172516,20230701,전동 킥보드,남성,50대,자녀 성인기(막내가 대학생～결혼 전),600만원 내외,무직/기타,서울
172523,20230701,"오토바이(바이크, 스쿠터)",남성,40대,1인 가구,"2,100만원 이상",사무직,제주
172532,20230701,"오토바이(바이크, 스쿠터)",남성,50대,자녀 성장기(막내가 초등학생～고등학생),"1,100~1,500만원 내외",일반 공무원/준공무원,서울
172550,20230701,"오토바이(바이크, 스쿠터)",남성,40대,자녀 유아기(막내가 초등학교 입학 전),500만원 내외,사무직,경남
172570,20230701,"오토바이(바이크, 스쿠터)",남성,50대,자녀 성인기(막내가 대학생～결혼 전),400만원 내외,무직/기타,부산
172584,20230701,"오토바이(바이크, 스쿠터)",남성,20대,자녀 성인기(막내가 대학생～결혼 전),"1,100~1,500만원 내외",기술/숙련직,부산
172588,20230701,전기 자전거,남성,50대,1인 가구,300만원 내외,전문직,서울
172591,20230701,"오토바이(바이크, 스쿠터)",여성,30대,자녀 유아기(막내가 초등학교 입학 전),"1,100~1,500만원 내외",자영업,충남
172603,20230701,전기 자전거,남성,30대,1인 가구,400만원 내외,기술/숙련직,울산
172615,20230701,"오토바이(바이크, 스쿠터)",남성,60대 이상,자녀 성인기(막내가 대학생～결혼 전),500만원 내외,전문직,광주
172617,20230701,"오토바이(바이크, 스쿠터)",남성,40대,자녀 유아기(막내가 초등학교 입학 전),400만원 내외,판매/서비스직,울산
172619,20230701,"오토바이(바이크, 스쿠터)",여성,40대,자녀 성장기(막내가 초등학생～고등학생),500만원 내외,사무직,충남
172627,20230701,"오토바이(바이크, 스쿠터)",여성,30대,신혼기(자녀없음),"1,000만원 내외",사무직,서울
172636,20230701,전기 자전거,여성,30대,자녀 성장기(막내가 초등학생～고등학생),800만원 내외,기술/숙련직,경기
172761,20230701,전동 킥보드,남성,50대,1인 가구,400만원 내외,사무직,광주
172776,20230701,"오토바이(바이크, 스쿠터)",남성,40대,1인 가구,300만원 내외,사무직,서울
172777,20230701,"오토바이(바이크, 스쿠터)",여성,40대,신혼기 초과(자녀없음),600만원 내외,기술/숙련직,울산
172785,20230701,전기 자전거,남성,40대,자녀 성장기(막내가 초등학생～고등학생),600만원 내외,기술/숙련직,경기
172831,20230701,전기 자전거,여성,50대,자녀 성인기(막내가 대학생～결혼 전),700만원 내외,사무직,경기
172928,20230701,"오토바이(바이크, 스쿠터)",남성,40대,1인 가구,200만원 내외,자영업,강원
172951,20230701,전동 킥보드,남성,30대,1인 가구,400만원 내외,전문직,경기
172975,20230701,전동 스케이트보드,남성,50대,자녀 성장기(막내가 초등학생～고등학생),800만원 내외,기술/숙련직,서울
172981,20230701,"오토바이(바이크, 스쿠터)",남성,40대,신혼기(자녀없음),"2,100만원 이상",자영업,경북
173035,20230701,전동 킥보드,여성,40대,신혼기(자녀없음),400만원 내외,전업주부,경기
173049,20230701,전기 자전거,남성,40대,자녀 성장기(막내가 초등학생～고등학생),"1,100~1,500만원 내외",자영업,대구
173050,20230701,전기 자전거,남성,60대 이상,자녀 독립기(막내가 결혼한 상태),400만원 내외,자영업,경기
173062,20230701,"오토바이(바이크, 스쿠터)",남성,40대,자녀 성장기(막내가 초등학생～고등학생),800만원 내외,일반 공무원/준공무원,충남
173064,20230701,전기 자전거,여성,50대,1인 가구,100만원 이하,전업주부,부산
173087,20230701,"오토바이(바이크, 스쿠터)",남성,50대,자녀 성인기(막내가 대학생～결혼 전),500만원 내외,기술/숙련직,경기
173095,20230701,"오토바이(바이크, 스쿠터)",남성,60대 이상,자녀 독립기(막내가 결혼한 상태),700만원 내외,전문직,서울
173161,20230701,전기 자전거,남성,40대,자녀 성장기(막내가 초등학생～고등학생),600만원 내외,일반 공무원/준공무원,부산
173196,20230701,전동 킥보드,남성,50대,자녀 성인기(막내가 대학생～결혼 전),700만원 내외,전문직,대전
173299,20230701,"오토바이(바이크, 스쿠터)",남성,60대 이상,자녀 독립기(막내가 결혼한 상태),400만원 내외,무직/기타,전남
173307,20230701,"오토바이(바이크, 스쿠터)",남성,40대,자녀 유아기(막내가 초등학교 입학 전),600만원 내외,기술/숙련직,울산
173309,20230701,전동 킥보드,남성,30대,신혼기(자녀없음),600만원 내외,기술/숙련직,경기
173327,20230701,전기 자전거,여성,50대,자녀 성인기(막내가 대학생～결혼 전),600만원 내외,사무직,서울
173340,20230701,전기 자전거,여성,50대,자녀 성인기(막내가 대학생～결혼 전),"1,000만원 내외",전업주부,울산
173392,20230701,전동 킥보드,남성,30대,1인 가구,300만원 내외,기술/숙련직,부산
173395,20230701,전동 킥보드,여성,30대,자녀 유아기(막내가 초등학교 입학 전),500만원 내외,사무직,대전
173416,20230701,전동 킥보드,여성,40대,자녀 성인기(막내가 대학생～결혼 전),500만원 내외,사무직,경기
173472,20230701,전동 킥보드,남성,50대,자녀 성인기(막내가 대학생～결혼 전),500만원 내외,자영업,경기
173473,20230701,전동 스쿠터,여성,40대,자녀 성인기(막내가 대학생～결혼 전),"1,000만원 내외",판매/서비스직,경기
173476,20230701,전동 킥보드,남성,50대,자녀 성인기(막내가 대학생～결혼 전),500만원 내외,무직/기타,서울
173485,20230701,전기 자전거,여성,50대,자녀 성장기(막내가 초등학생～고등학생),500만원 내외,판매/서비스직,경기
173542,20230701,전동 스쿠터,남성,40대,자녀 성장기(막내가 초등학생～고등학생),300만원 내외,사무직,경북
173545,20230701,"오토바이(바이크, 스쿠터)",남성,40대,1인 가구,700만원 내외,기술/숙련직,인천
173576,20230701,"오토바이(바이크, 스쿠터)",남성,40대,자녀 성장기(막내가 초등학생～고등학생),300만원 내외,무직/기타,서울
173589,20230701,전기 자전거,여성,30대,자녀 성인기(막내가 대학생～결혼 전),"2,100만원 이상",일반 공무원/준공무원,울산
173875,20230701,전기 자전거,남성,50대,1인 가구,300만원 내외,사무직,경남
173889,20230701,"오토바이(바이크, 스쿠터)",남성,40대,자녀 성인기(막내가 대학생～결혼 전),900만원 내외,기술/숙련직,서울
173894,20230701,전동 킥보드,남성,40대,자녀 성장기(막내가 초등학생～고등학생),"1,100~1,500만원 내외",사무직,서울
173905,20230701,전동 킥보드,남성,60대 이상,자녀 성인기(막내가 대학생～결혼 전),"1,600~2,000만원 내외",전문직,경기
173957,20230701,전기 자전거,남성,60대 이상,자녀 독립기(막내가 결혼한 상태),500만원 내외,판매/서비스직,전남
173969,20230701,전동 킥보드,남성,50대,자녀 성인기(막내가 대학생～결혼 전),"1,600~2,000만원 내외",자영업,경기
173975,20230701,전동 킥보드,남성,30대,자녀 유아기(막내가 초등학교 입학 전),800만원 내외,무직/기타,경기
173981,20230701,전기 자전거,남성,50대,1인 가구,500만원 내외,자영업,경북
174000,20230701,전기 자전거,남성,40대,자녀 성장기(막내가 초등학생～고등학생),"1,000만원 내외",사무직,충북
174043,20230701,"오토바이(바이크, 스쿠터)",남성,60대 이상,자녀 성인기(막내가 대학생～결혼 전),"1,100~1,500만원 내외",경영/관리직,서울
174055,20230701,전기 자전거,남성,40대,자녀 성장기(막내가 초등학생～고등학생),400만원 내외,기술/숙련직,대구
174065,20230701,전동 휠,남성,40대,자녀 성장기(막내가 초등학생～고등학생),600만원 내외,일반 공무원/준공무원,전북
174079,20230701,전기 자전거,남성,50대,자녀 성인기(막내가 대학생～결혼 전),300만원 내외,자영업,서울
174110,20230701,"오토바이(바이크, 스쿠터)",남성,40대,자녀 성장기(막내가 초등학생～고등학생),500만원 내외,자영업,서울
174210,20230701,전동 킥보드,여성,60대 이상,자녀 성인기(막내가 대학생～결혼 전),200만원 내외,기술/숙련직,경북
174255,20230701,전동 스쿠터,남성,60대 이상,자녀 독립기(막내가 결혼한 상태),300만원 내외,무직/기타,전북
174268,20230701,"오토바이(바이크, 스쿠터)",여성,40대,신혼기 초과(자녀없음),900만원 내외,사무직,경기
174280,20230701,전동 스쿠터,남성,30대,1인 가구,300만원 내외,사무직,경기
174281,20230701,전동 킥보드,남성,40대,자녀 성장기(막내가 초등학생～고등학생),700만원 내외,기술/숙련직,서울
174299,20230701,전기 자전거,남성,40대,자녀 성장기(막내가 초등학생～고등학생),700만원 내외,사무직,서울
174325,20230701,"오토바이(바이크, 스쿠터)",남성,60대 이상,자녀 독립기(막내가 결혼한 상태),"1,000만원 내외",자영업,서울
174329,20230701,전기 자전거,남성,40대,자녀 성장기(막내가 초등학생～고등학생),"1,000만원 내외",기술/숙련직,서울
174338,20230701,전동 킥보드,남성,40대,신혼기 초과(자녀없음),300만원 내외,사무직,경기
174345,20230701,전동 킥보드,남성,60대 이상,자녀 독립기(막내가 결혼한 상태),500만원 내외,무직/기타,광주
174447,20230701,"오토바이(바이크, 스쿠터)",남성,40대,자녀 성장기(막내가 초등학생～고등학생),500만원 내외,기술/숙련직,경북
174460,20230701,전기 자전거,남성,40대,1인 가구,400만원 내외,기술/숙련직,서울
174465,20230701,전기 자전거,남성,60대 이상,자녀 독립기(막내가 결혼한 상태),300만원 내외,무직/기타,세종
174557,20230701,전기 자전거,남성,60대 이상,자녀 성인기(막내가 대학생～결혼 전),"1,000만원 내외",기술/숙련직,서울
174569,20230701,전기 자전거,남성,40대,자녀 유아기(막내가 초등학교 입학 전),"1,100~1,500만원 내외",자영업,서울
174591,20230701,"오토바이(바이크, 스쿠터)",남성,50대,자녀 성인기(막내가 대학생～결혼 전),400만원 내외,사무직,서울
174594,20230701,"오토바이(바이크, 스쿠터)",남성,60대 이상,자녀 성인기(막내가 대학생～결혼 전),500만원 내외,자영업,전남
174595,20230701,전기 자전거,여성,50대,신혼기 초과(자녀없음),"1,000만원 내외",사무직,부산
174710,20230701,전동 킥보드,남성,30대,1인 가구,"1,000만원 내외",무직/기타,충북
174711,20230701,전기 자전거,여성,50대,자녀 독립기(막내가 결혼한 상태),500만원 내외,기술/숙련직,울산
174748,20230701,전동 킥보드,남성,40대,자녀 성장기(막내가 초등학생～고등학생),600만원 내외,사무직,경기
174752,20230701,"오토바이(바이크, 스쿠터)",남성,40대,자녀 유아기(막내가 초등학교 입학 전),500만원 내외,기술/숙련직,경기
174754,20230701,"오토바이(바이크, 스쿠터)",남성,40대,자녀 유아기(막내가 초등학교 입학 전),"1,100~1,500만원 내외",기술/숙련직,경기
174769,20230701,전기 자전거,남성,50대,자녀 성인기(막내가 대학생～결혼 전),700만원 내외,경영/관리직,서울
174813,20230701,"오토바이(바이크, 스쿠터)",남성,50대,1인 가구,300만원 내외,판매/서비스직,경기
174814,20230701,"오토바이(바이크, 스쿠터)",남성,20대,자녀 성인기(막내가 대학생～결혼 전),900만원 내외,학생,서울
174818,20230701,전동 휠,남성,40대,1인 가구,300만원 내외,자영업,광주
174921,20230701,"오토바이(바이크, 스쿠터)",남성,30대,신혼기(자녀없음),400만원 내외,자영업,경기
174965,20230701,"오토바이(바이크, 스쿠터)",남성,50대,자녀 성인기(막내가 대학생～결혼 전),400만원 내외,기술/숙련직,경북
175016,20230701,전동 킥보드,남성,40대,자녀 유아기(막내가 초등학교 입학 전),300만원 내외,사무직,경북
175030,20230701,"오토바이(바이크, 스쿠터)",남성,50대,자녀 성인기(막내가 대학생～결혼 전),400만원 내외,자영업,경기
175039,20230701,전동 킥보드,남성,50대,자녀 성장기(막내가 초등학생～고등학생),800만원 내외,일반 공무원/준공무원,전북
175046,20230701,전동 킥보드,남성,40대,신혼기(자녀없음),900만원 내외,일반 공무원/준공무원,대구
175047,20230701,"오토바이(바이크, 스쿠터)",여성,30대,자녀 유아기(막내가 초등학교 입학 전),700만원 내외,일반 공무원/준공무원,충북
175054,20230701,"오토바이(바이크, 스쿠터)",남성,20대,자녀 성인기(막내가 대학생～결혼 전),700만원 내외,기술/숙련직,경기
175062,20230701,"오토바이(바이크, 스쿠터)",남성,60대 이상,자녀 성인기(막내가 대학생～결혼 전),"1,000만원 내외",무직/기타,경기
175094,20230701,전동 킥보드,여성,40대,자녀 성장기(막내가 초등학생～고등학생),500만원 내외,무직/기타,대구
175105,20230701,"오토바이(바이크, 스쿠터)",남성,50대,자녀 성인기(막내가 대학생～결혼 전),500만원 내외,자영업,충남
175126,20230701,"오토바이(바이크, 스쿠터)",남성,40대,자녀 성장기(막내가 초등학생～고등학생),400만원 내외,사무직,경북
175128,20230701,"오토바이(바이크, 스쿠터)",남성,50대,자녀 성장기(막내가 초등학생～고등학생),200만원 내외,무직/기타,경기
175135,20230701,전동 휠,남성,30대,자녀 성인기(막내가 대학생～결혼 전),900만원 내외,일반 공무원/준공무원,인천
175166,20230701,전동 킥보드,남성,40대,자녀 성장기(막내가 초등학생～고등학생),700만원 내외,사무직,광주
175229,20230701,"오토바이(바이크, 스쿠터)",남성,30대,신혼기(자녀없음),900만원 내외,일반 공무원/준공무원,경남
175266,20230701,전기 자전거,남성,60대 이상,자녀 성인기(막내가 대학생～결혼 전),400만원 내외,무직/기타,서울
175287,20230701,전기 자전거,남성,50대,자녀 성장기(막내가 초등학생～고등학생),500만원 내외,일반 공무원/준공무원,서울
175291,20230701,전동 스쿠터,남성,40대,신혼기 초과(자녀없음),300만원 내외,기술/숙련직,경남
175296,20230701,"오토바이(바이크, 스쿠터)",남성,50대,자녀 독립기(막내가 결혼한 상태),"1,100~1,500만원 내외",자영업,경기
175305,20230701,전기 자전거,여성,40대,자녀 성장기(막내가 초등학생～고등학생),700만원 내외,일반 공무원/준공무원,광주
175310,20230701,전기 자전거,여성,40대,자녀 성장기(막내가 초등학생～고등학생),600만원 내외,전업주부,광주
175317,20230701,전동 스쿠터,남성,50대,자녀 성장기(막내가 초등학생～고등학생),600만원 내외,기술/숙련직,경기
175321,20230701,전기 자전거,남성,50대,자녀 성인기(막내가 대학생～결혼 전),"1,000만원 내외",사무직,제주
175383,20230701,전동 킥보드,남성,40대,신혼기 초과(자녀없음),600만원 내외,사무직,경기
175387,20230701,전동 킥보드,남성,30대,1인 가구,300만원 내외,기술/숙련직,경기
175495,20230701,전기 자전거,남성,40대,자녀 성장기(막내가 초등학생～고등학생),"1,100~1,500만원 내외",사무직,서울
175506,20230701,전동 킥보드,여성,30대,자녀 성인기(막내가 대학생～결혼 전),"1,100~1,500만원 내외",사무직,대구
175508,20230701,"오토바이(바이크, 스쿠터)",남성,50대,1인 가구,500만원 내외,기술/숙련직,서울
175554,20230701,전기 자전거,여성,30대,자녀 유아기(막내가 초등학교 입학 전),400만원 내외,사무직,대구
175560,20230701,"오토바이(바이크, 스쿠터)",남성,40대,신혼기(자녀없음),"1,000만원 내외",일반 공무원/준공무원,서울
175609,20230701,전동 킥보드,남성,40대,자녀 성장기(막내가 초등학생～고등학생),800만원 내외,기술/숙련직,경기
175679,20230701,전동 킥보드,남성,30대,자녀 성인기(막내가 대학생～결혼 전),800만원 내외,판매/서비스직,경기
175680,20230701,전기 자전거,남성,40대,1인 가구,"1,000만원 내외",사무직,서울
175695,20230701,전기 자전거,남성,60대 이상,자녀 독립기(막내가 결혼한 상태),400만원 내외,기술/숙련직,대구
175699,20230701,전기 자전거,여성,30대,신혼기(자녀없음),900만원 내외,기술/숙련직,경기
175702,20230701,전동 킥보드,남성,40대,자녀 성장기(막내가 초등학생～고등학생),500만원 내외,기술/숙련직,대전
175713,20230701,"오토바이(바이크, 스쿠터)",남성,20대,자녀 성인기(막내가 대학생～결혼 전),800만원 내외,사무직,경기
175727,20230701,전기 자전거,남성,50대,자녀 성인기(막내가 대학생～결혼 전),700만원 내외,자영업,서울
175752,20230701,"오토바이(바이크, 스쿠터)",남성,50대,자녀 독립기(막내가 결혼한 상태),500만원 내외,기술/숙련직,충남
175862,20230701,"오토바이(바이크, 스쿠터)",남성,20대,1인 가구,200만원 내외,무직/기타,서울
175863,20230701,전동 킥보드,남성,50대,자녀 독립기(막내가 결혼한 상태),"2,100만원 이상",기술/숙련직,서울
175917,20230701,"오토바이(바이크, 스쿠터)",남성,40대,자녀 유아기(막내가 초등학교 입학 전),400만원 내외,자영업,서울
175925,20230701,전동 킥보드,남성,30대,1인 가구,300만원 내외,무직/기타,충남
175932,20230701,전동 킥보드,남성,40대,자녀 성장기(막내가 초등학생～고등학생),800만원 내외,기술/숙련직,경기
175947,20230701,전기 자전거,남성,50대,자녀 성장기(막내가 초등학생～고등학생),700만원 내외,경영/관리직,경기
175968,20230701,"오토바이(바이크, 스쿠터)",남성,50대,자녀 성인기(막내가 대학생～결혼 전),"1,100~1,500만원 내외",자영업,서울
175982,20230701,전기 자전거,남성,60대 이상,자녀 성인기(막내가 대학생～결혼 전),"2,100만원 이상",경영/관리직,경기
176001,20230701,"오토바이(바이크, 스쿠터)",남성,60대 이상,자녀 독립기(막내가 결혼한 상태),200만원 내외,무직/기타,울산
176010,20230701,전동 킥보드,남성,60대 이상,자녀 성인기(막내가 대학생～결혼 전),"1,000만원 내외",무직/기타,광주
176014,20230701,전동 킥보드,남성,60대 이상,신혼기 초과(자녀없음),300만원 내외,기술/숙련직,대전
176019,20230701,"오토바이(바이크, 스쿠터)",남성,30대,신혼기(자녀없음),700만원 내외,일반 공무원/준공무원,경기
176031,20230701,전기 자전거,여성,40대,자녀 성장기(막내가 초등학생～고등학생),700만원 내외,사무직,대구
176034,20230701,전동 스케이트보드,남성,30대,1인 가구,300만원 내외,사무직,경기
176046,20230701,"오토바이(바이크, 스쿠터)",남성,30대,자녀 유아기(막내가 초등학교 입학 전),"1,000만원 내외",자영업,부산
176065,20230701,"오토바이(바이크, 스쿠터)",남성,20대,1인 가구,300만원 내외,사무직,서울
176083,20230701,전기 자전거,남성,40대,자녀 성인기(막내가 대학생～결혼 전),200만원 내외,사무직,서울
176096,20230701,전기 자전거,남성,60대 이상,자녀 성인기(막내가 대학생～결혼 전),"1,100~1,500만원 내외",사무직,서울
176099,20230701,전기 자전거,남성,60대 이상,자녀 독립기(막내가 결혼한 상태),200만원 내외,무직/기타,서울
176100,20230701,전동 휠,남성,50대,자녀 성인기(막내가 대학생～결혼 전),500만원 내외,자영업,인천
176103,20230701,전동 킥보드,여성,30대,자녀 유아기(막내가 초등학교 입학 전),500만원 내외,전업주부,경남
176106,20230701,전동 킥보드,남성,40대,자녀 성인기(막내가 대학생～결혼 전),900만원 내외,기술/숙련직,경기
176119,20230701,"오토바이(바이크, 스쿠터)",남성,60대 이상,자녀 독립기(막내가 결혼한 상태),"1,000만원 내외",경영/관리직,경북
176120,20230701,전기 자전거,남성,40대,자녀 성장기(막내가 초등학생～고등학생),"1,600~2,000만원 내외",경영/관리직,경기
176127,20230701,"오토바이(바이크, 스쿠터)",남성,50대,자녀 성인기(막내가 대학생～결혼 전),500만원 내외,일반 공무원/준공무원,서울
176144,20230701,"오토바이(바이크, 스쿠터)",여성,30대,자녀 유아기(막내가 초등학교 입학 전),200만원 내외,전업주부,부산
176149,20230701,전기 자전거,남성,60대 이상,자녀 독립기(막내가 결혼한 상태),200만원 내외,무직/기타,경기
176177,20230701,전동 휠,남성,50대,자녀 성장기(막내가 초등학생～고등학생),400만원 내외,일반 공무원/준공무원,강원
176180,20230701,"오토바이(바이크, 스쿠터)",남성,50대,자녀 성인기(막내가 대학생～결혼 전),"2,100만원 이상",무직/기타,경남
176189,20230701,전동 스쿠터,남성,50대,자녀 성장기(막내가 초등학생～고등학생),900만원 내외,기술/숙련직,인천
176210,20230701,전기 자전거,남성,50대,자녀 성장기(막내가 초등학생～고등학생),"1,100~1,500만원 내외",자영업,경기
176333,20230701,"오토바이(바이크, 스쿠터)",남성,50대,신혼기 초과(자녀없음),500만원 내외,전문직,서울
176393,20230701,전동 킥보드,남성,40대,자녀 성인기(막내가 대학생～결혼 전),500만원 내외,자영업,경기
176470,20230701,전동 휠,남성,40대,자녀 성장기(막내가 초등학생～고등학생),400만원 내외,자영업,경남
176502,20230701,전동 킥보드,남성,40대,자녀 유아기(막내가 초등학교 입학 전),"1,000만원 내외",자영업,경기
176506,20230701,"오토바이(바이크, 스쿠터)",남성,50대,자녀 성인기(막내가 대학생～결혼 전),"1,100~1,500만원 내외",기술/숙련직,전북
176520,20230701,전동 스케이트보드,남성,50대,자녀 성인기(막내가 대학생～결혼 전),"1,100~1,500만원 내외",사무직,대구
176540,20230701,"오토바이(바이크, 스쿠터)",남성,30대,1인 가구,300만원 내외,판매/서비스직,인천
176542,20230701,전기 자전거,여성,50대,자녀 성인기(막내가 대학생～결혼 전),"1,100~1,500만원 내외",자영업,전남
176568,20230701,전기 자전거,남성,60대 이상,자녀 성인기(막내가 대학생～결혼 전),600만원 내외,자영업,대전
176575,20230701,전기 자전거,남성,40대,자녀 성장기(막내가 초등학생～고등학생),700만원 내외,기술/숙련직,충북
176630,20230701,전기 자전거,남성,40대,자녀 성장기(막내가 초등학생～고등학생),500만원 내외,기술/숙련직,충북
176648,20230701,"오토바이(바이크, 스쿠터)",남성,50대,자녀 성인기(막내가 대학생～결혼 전),"1,000만원 내외",전문직,서울
176684,20230701,전동 휠,남성,50대,자녀 성장기(막내가 초등학생～고등학생),600만원 내외,사무직,충북
176779,20230701,전기 자전거,남성,40대,신혼기 초과(자녀없음),500만원 내외,기술/숙련직,경기
176788,20230701,전동 스쿠터,여성,20대,1인 가구,200만원 내외,사무직,서울
176806,20230701,전동 킥보드,남성,40대,1인 가구,400만원 내외,자영업,서울
176877,20230701,전동 킥보드,남성,50대,자녀 성장기(막내가 초등학생～고등학생),600만원 내외,경영/관리직,서울
176895,20230701,전기 자전거,남성,50대,신혼기 초과(자녀없음),300만원 내외,무직/기타,경기
177018,20230701,전기 자전거,남성,40대,1인 가구,500만원 내외,판매/서비스직,서울
177163,20230701,"오토바이(바이크, 스쿠터)",남성,50대,자녀 성장기(막내가 초등학생～고등학생),900만원 내외,자영업,강원
177202,20230701,전기 자전거,남성,50대,1인 가구,600만원 내외,자영업,경기
177213,20230701,전기 자전거,남성,50대,자녀 성인기(막내가 대학생～결혼 전),"1,100~1,500만원 내외",사무직,충북
177230,20230701,"오토바이(바이크, 스쿠터)",여성,30대,신혼기 초과(자녀없음),500만원 내외,자영업,부산
177239,20230701,전기 자전거,남성,50대,자녀 성장기(막내가 초등학생～고등학생),"1,000만원 내외",자영업,서울
177240,20230701,"오토바이(바이크, 스쿠터)",남성,40대,1인 가구,400만원 내외,일반 공무원/준공무원,경기
177354,20230701,전기 자전거,남성,40대,자녀 성장기(막내가 초등학생～고등학생),800만원 내외,기술/숙련직,서울
177374,20230701,전동 킥보드,남성,60대 이상,자녀 독립기(막내가 결혼한 상태),"1,000만원 내외",전문직,대전
177375,20230701,전기 자전거,여성,50대,신혼기 초과(자녀없음),500만원 내외,무직/기타,경기
177383,20230701,전동 킥보드,남성,50대,자녀 유아기(막내가 초등학교 입학 전),400만원 내외,사무직,울산
177414,20230701,"오토바이(바이크, 스쿠터)",남성,50대,자녀 성인기(막내가 대학생～결혼 전),700만원 내외,기술/숙련직,경기
177419,20230701,전기 자전거,남성,50대,자녀 성장기(막내가 초등학생～고등학생),700만원 내외,기술/숙련직,광주
177427,20230701,전기 자전거,여성,40대,자녀 유아기(막내가 초등학교 입학 전),500만원 내외,전업주부,경기
177515,20230701,전기 자전거,여성,40대,자녀 성인기(막내가 대학생～결혼 전),500만원 내외,사무직,경기
177588,20230701,전동 킥보드,남성,50대,자녀 성인기(막내가 대학생～결혼 전),500만원 내외,기술/숙련직,경기
177627,20230701,"오토바이(바이크, 스쿠터)",남성,50대,자녀 성장기(막내가 초등학생～고등학생),400만원 내외,사무직,부산
177629,20230701,"오토바이(바이크, 스쿠터)",남성,40대,1인 가구,300만원 내외,자영업,서울
177631,20230701,전동 킥보드,남성,40대,자녀 성장기(막내가 초등학생～고등학생),"1,100~1,500만원 내외",사무직,서울
177648,20230701,"오토바이(바이크, 스쿠터)",남성,50대,자녀 성장기(막내가 초등학생～고등학생),700만원 내외,무직/기타,울산
177657,20230701,전기 자전거,남성,40대,자녀 유아기(막내가 초등학교 입학 전),300만원 내외,기술/숙련직,부산
177793,20230701,전기 자전거,여성,30대,자녀 유아기(막내가 초등학교 입학 전),500만원 내외,전업주부,경기
177832,20230701,전동 킥보드,남성,40대,자녀 유아기(막내가 초등학교 입학 전),500만원 내외,자영업,경기
177836,20230701,"오토바이(바이크, 스쿠터)",남성,50대,1인 가구,800만원 내외,기술/숙련직,경기
177837,20230701,전기 자전거,남성,60대 이상,자녀 성인기(막내가 대학생～결혼 전),600만원 내외,자영업,경북
177864,20230701,전기 자전거,남성,30대,자녀 성인기(막내가 대학생～결혼 전),500만원 내외,무직/기타,경기
177870,20230701,전기 자전거,남성,30대,1인 가구,500만원 내외,판매/서비스직,서울
177890,20230701,전기 자전거,남성,40대,자녀 유아기(막내가 초등학교 입학 전),300만원 내외,자영업,경남
177894,20230701,전기 자전거,남성,60대 이상,자녀 성인기(막내가 대학생～결혼 전),200만원 내외,판매/서비스직,경기
177901,20230701,전동 킥보드,남성,50대,1인 가구,300만원 내외,기술/숙련직,대구
177994,20230701,전동 스쿠터,남성,40대,1인 가구,800만원 내외,기술/숙련직,대구
178019,20230701,전동 스케이트보드,남성,50대,자녀 성장기(막내가 초등학생～고등학생),300만원 내외,사무직,대전
178080,20230701,전동 킥보드,남성,50대,자녀 유아기(막내가 초등학교 입학 전),700만원 내외,기술/숙련직,부산
178103,20230701,전동 킥보드,남성,30대,자녀 독립기(막내가 결혼한 상태),모름,기술/숙련직,서울
178106,20230701,"오토바이(바이크, 스쿠터)",남성,30대,자녀 성장기(막내가 초등학생～고등학생),800만원 내외,기술/숙련직,경기
178112,20230701,전기 자전거,여성,40대,자녀 성장기(막내가 초등학생～고등학생),600만원 내외,판매/서비스직,경기
178122,20230701,전기 자전거,남성,50대,자녀 성장기(막내가 초등학생～고등학생),600만원 내외,경영/관리직,경기
178132,20230701,전기 자전거,남성,40대,자녀 유아기(막내가 초등학교 입학 전),700만원 내외,전문직,대전
178136,20230701,전동 스쿠터,남성,30대,자녀 성인기(막내가 대학생～결혼 전),800만원 내외,사무직,경기
178138,20230701,전기 자전거,남성,50대,1인 가구,400만원 내외,사무직,경기
178143,20230701,전기 자전거,남성,40대,신혼기 초과(자녀없음),"1,000만원 내외",전문직,서울
178157,20230701,전동 킥보드,남성,50대,자녀 성장기(막내가 초등학생～고등학생),900만원 내외,일반 공무원/준공무원,서울
178174,20230701,전동 킥보드,남성,30대,1인 가구,"1,000만원 내외",판매/서비스직,서울
178184,20230701,전동 킥보드,남성,40대,자녀 성인기(막내가 대학생～결혼 전),300만원 내외,자영업,서울
178264,20230701,전기 자전거,남성,60대 이상,자녀 독립기(막내가 결혼한 상태),600만원 내외,무직/기타,경북
178346,20230701,"오토바이(바이크, 스쿠터)",남성,50대,1인 가구,200만원 내외,판매/서비스직,서울
178349,20230701,전기 자전거,남성,60대 이상,자녀 독립기(막내가 결혼한 상태),200만원 내외,무직/기타,충남
178415,20230701,"오토바이(바이크, 스쿠터)",남성,50대,자녀 성장기(막내가 초등학생～고등학생),800만원 내외,기술/숙련직,경기
178470,20230701,전기 자전거,남성,40대,신혼기 초과(자녀없음),"1,100~1,500만원 내외",기술/숙련직,경기
178495,20230701,전동 킥보드,남성,60대 이상,자녀 성인기(막내가 대학생～결혼 전),100만원 이하,자영업,대전
178551,20230701,전기 자전거,여성,20대,자녀 성장기(막내가 초등학생～고등학생),"1,600~2,000만원 내외",일반 공무원/준공무원,경남
178564,20230701,전동 킥보드,남성,30대,자녀 유아기(막내가 초등학교 입학 전),600만원 내외,무직/기타,경기
178573,20230701,전동 휠,여성,40대,자녀 유아기(막내가 초등학교 입학 전),400만원 내외,전업주부,부산
178575,20230701,전동 킥보드,남성,30대,신혼기 초과(자녀없음),300만원 내외,기술/숙련직,경기
178596,20230701,전동 킥보드,남성,30대,1인 가구,500만원 내외,무직/기타,경남
178670,20230701,전기 자전거,남성,60대 이상,자녀 독립기(막내가 결혼한 상태),"1,100~1,500만원 내외",무직/기타,경기
178702,20230701,"오토바이(바이크, 스쿠터)",남성,60대 이상,자녀 성인기(막내가 대학생～결혼 전),"1,000만원 내외",경영/관리직,경기
178726,20230701,전동 휠,남성,40대,자녀 성장기(막내가 초등학생～고등학생),700만원 내외,판매/서비스직,전북
178727,20230701,"오토바이(바이크, 스쿠터)",남성,40대,자녀 성인기(막내가 대학생～결혼 전),300만원 내외,자영업,서울
178733,20230701,전기 자전거,남성,40대,자녀 성인기(막내가 대학생～결혼 전),700만원 내외,기술/숙련직,서울
178734,20230701,전동 킥보드,남성,60대 이상,자녀 성인기(막내가 대학생～결혼 전),400만원 내외,무직/기타,경북
178736,20230701,"오토바이(바이크, 스쿠터)",남성,40대,자녀 성장기(막내가 초등학생～고등학생),"1,000만원 내외",사무직,충남
178754,20230701,전기 자전거,여성,50대,자녀 독립기(막내가 결혼한 상태),600만원 내외,판매/서비스직,서울
178812,20230701,"오토바이(바이크, 스쿠터)",남성,30대,자녀 유아기(막내가 초등학교 입학 전),"2,100만원 이상",사무직,서울
178826,20230701,전기 자전거,남성,60대 이상,자녀 성인기(막내가 대학생～결혼 전),500만원 내외,무직/기타,대전
178857,20230701,전기 자전거,여성,30대,자녀 성장기(막내가 초등학생～고등학생),200만원 내외,무직/기타,충남
178864,20230701,"오토바이(바이크, 스쿠터)",남성,40대,자녀 성장기(막내가 초등학생～고등학생),"1,100~1,500만원 내외",자영업,부산
178970,20230701,전동 휠,남성,40대,자녀 성장기(막내가 초등학생～고등학생),600만원 내외,전문직,경기
178978,20230701,전동 킥보드,남성,40대,자녀 성장기(막내가 초등학생～고등학생),900만원 내외,자영업,대구
178991,20230701,전기 자전거,남성,50대,자녀 성장기(막내가 초등학생～고등학생),700만원 내외,자영업,세종
178993,20230701,전동 킥보드,남성,40대,1인 가구,400만원 내외,기술/숙련직,충북
179002,20230701,전동 킥보드,남성,40대,자녀 유아기(막내가 초등학교 입학 전),600만원 내외,사무직,서울
179021,20230701,전동 스케이트보드,여성,60대 이상,자녀 성인기(막내가 대학생～결혼 전),700만원 내외,기술/숙련직,서울
179029,20230701,"오토바이(바이크, 스쿠터)",남성,40대,자녀 성인기(막내가 대학생～결혼 전),200만원 내외,기술/숙련직,부산
179031,20230701,"오토바이(바이크, 스쿠터)",남성,50대,자녀 성인기(막내가 대학생～결혼 전),600만원 내외,자영업,충남
179121,20230701,전동 휠,남성,40대,자녀 성장기(막내가 초등학생～고등학생),800만원 내외,기술/숙련직,강원
179129,20230701,"오토바이(바이크, 스쿠터)",여성,60대 이상,자녀 성인기(막내가 대학생～결혼 전),900만원 내외,전업주부,경기
179213,20230701,전동 킥보드,여성,30대,자녀 성장기(막내가 초등학생～고등학생),"1,600~2,000만원 내외",일반 공무원/준공무원,경기
179230,20230701,"오토바이(바이크, 스쿠터)",남성,40대,자녀 성장기(막내가 초등학생～고등학생),400만원 내외,자영업,대전
179246,20230701,전동 킥보드,남성,40대,자녀 성장기(막내가 초등학생～고등학생),500만원 내외,자영업,서울
179254,20230701,"오토바이(바이크, 스쿠터)",남성,50대,신혼기(자녀없음),400만원 내외,기술/숙련직,경기
179305,20230701,전동 킥보드,남성,30대,자녀 성장기(막내가 초등학생～고등학생),700만원 내외,사무직,경기
179311,20230701,전기 자전거,남성,40대,자녀 성장기(막내가 초등학생～고등학생),800만원 내외,사무직,경기
179317,20230701,"오토바이(바이크, 스쿠터)",남성,50대,자녀 성인기(막내가 대학생～결혼 전),600만원 내외,기술/숙련직,서울
179368,20230701,"오토바이(바이크, 스쿠터)",남성,30대,자녀 성장기(막내가 초등학생～고등학생),"1,100~1,500만원 내외",판매/서비스직,경기
179398,20230701,"오토바이(바이크, 스쿠터)",남성,60대 이상,자녀 독립기(막내가 결혼한 상태),500만원 내외,무직/기타,강원
179418,20230701,전동 휠,여성,40대,자녀 성장기(막내가 초등학생～고등학생),500만원 내외,무직/기타,서울
179437,20230701,전기 자전거,남성,50대,자녀 성인기(막내가 대학생～결혼 전),400만원 내외,자영업,경남
179438,20230701,전기 자전거,여성,20대,1인 가구,200만원 내외,사무직,경기
179445,20230701,"오토바이(바이크, 스쿠터)",여성,40대,자녀 성인기(막내가 대학생～결혼 전),500만원 내외,무직/기타,서울
179447,20230701,"오토바이(바이크, 스쿠터)",남성,30대,자녀 유아기(막내가 초등학교 입학 전),900만원 내외,사무직,경기
179473,20230701,"오토바이(바이크, 스쿠터)",남성,60대 이상,자녀 독립기(막내가 결혼한 상태),200만원 내외,무직/기타,경북
179492,20230701,전동 스쿠터,남성,60대 이상,1인 가구,300만원 내외,전문직,부산
179517,20230701,"오토바이(바이크, 스쿠터)",남성,40대,1인 가구,600만원 내외,기술/숙련직,충북
179578,20230701,"오토바이(바이크, 스쿠터)",남성,30대,자녀 독립기(막내가 결혼한 상태),400만원 내외,기술/숙련직,대구
179673,20230701,전동 킥보드,남성,30대,신혼기 초과(자녀없음),"1,000만원 내외",전문직,대구
179717,20230701,전기 자전거,남성,50대,자녀 성인기(막내가 대학생～결혼 전),"1,100~1,500만원 내외",기술/숙련직,충북
179726,20230701,전기 자전거,남성,60대 이상,자녀 성인기(막내가 대학생～결혼 전),"1,100~1,500만원 내외",기술/숙련직,대구
179736,20230701,전동 킥보드,남성,50대,자녀 성인기(막내가 대학생～결혼 전),800만원 내외,자영업,경기
179848,20230701,"오토바이(바이크, 스쿠터)",여성,40대,자녀 유아기(막내가 초등학교 입학 전),"1,100~1,500만원 내외",무직/기타,대구
179876,20230701,전동 킥보드,남성,40대,자녀 성장기(막내가 초등학생～고등학생),400만원 내외,사무직,경남
179882,20230701,전기 자전거,남성,40대,1인 가구,300만원 내외,기술/숙련직,강원
179927,20230701,"오토바이(바이크, 스쿠터)",남성,50대,자녀 성장기(막내가 초등학생～고등학생),"1,100~1,500만원 내외",자영업,강원
179931,20230701,"오토바이(바이크, 스쿠터)",남성,50대,자녀 독립기(막내가 결혼한 상태),500만원 내외,기술/숙련직,충남
179935,20230701,"오토바이(바이크, 스쿠터)",남성,40대,자녀 유아기(막내가 초등학교 입학 전),"1,000만원 내외",사무직,경기
179964,20230701,전기 자전거,남성,60대 이상,1인 가구,600만원 내외,무직/기타,광주
179981,20230701,"오토바이(바이크, 스쿠터)",남성,50대,신혼기 초과(자녀없음),300만원 내외,기술/숙련직,경기
180002,20230701,전동 킥보드,남성,50대,자녀 성인기(막내가 대학생～결혼 전),500만원 내외,자영업,경기
180096,20230701,전기 자전거,남성,50대,자녀 성장기(막내가 초등학생～고등학생),400만원 내외,판매/서비스직,서울
180184,20230701,"오토바이(바이크, 스쿠터)",남성,50대,자녀 성장기(막내가 초등학생～고등학생),800만원 내외,기술/숙련직,대전
180189,20230701,전기 자전거,여성,60대 이상,자녀 성장기(막내가 초등학생～고등학생),"1,600~2,000만원 내외",전업주부,서울
180446,20230701,"오토바이(바이크, 스쿠터)",남성,40대,1인 가구,"1,000만원 내외",자영업,부산
180499,20230701,전동 킥보드,여성,30대,자녀 유아기(막내가 초등학교 입학 전),400만원 내외,전업주부,전남
180502,20230701,"오토바이(바이크, 스쿠터)",남성,40대,자녀 성장기(막내가 초등학생～고등학생),400만원 내외,기술/숙련직,인천
180617,20230701,전동 휠,남성,50대,신혼기 초과(자녀없음),600만원 내외,기술/숙련직,경남
180751,20230701,전기 자전거,남성,50대,자녀 성인기(막내가 대학생～결혼 전),"1,100~1,500만원 내외",기술/숙련직,제주
180754,20230701,"오토바이(바이크, 스쿠터)",남성,40대,1인 가구,400만원 내외,기술/숙련직,서울
180838,20230701,"오토바이(바이크, 스쿠터)",남성,40대,1인 가구,400만원 내외,사무직,부산
180848,20230701,전동 킥보드,남성,30대,1인 가구,400만원 내외,기술/숙련직,경기
180854,20230701,전동 휠,남성,40대,자녀 성장기(막내가 초등학생～고등학생),500만원 내외,판매/서비스직,경기
180864,20230701,"오토바이(바이크, 스쿠터)",남성,40대,1인 가구,200만원 내외,무직/기타,전남
180899,20230701,전기 자전거,남성,60대 이상,자녀 독립기(막내가 결혼한 상태),300만원 내외,무직/기타,충북
181182,20230701,"오토바이(바이크, 스쿠터)",남성,50대,자녀 성인기(막내가 대학생～결혼 전),"2,100만원 이상",자영업,서울
181241,20230701,전동 휠,남성,40대,자녀 유아기(막내가 초등학교 입학 전),400만원 내외,사무직,경기
181324,20230701,전동 킥보드,남성,30대,1인 가구,200만원 내외,무직/기타,경기
181466,20230701,전동 킥보드,남성,40대,자녀 성장기(막내가 초등학생～고등학생),"1,000만원 내외",기술/숙련직,인천
181539,20230701,"오토바이(바이크, 스쿠터)",남성,30대,1인 가구,400만원 내외,자영업,경기
181561,20230701,전동 킥보드,여성,20대,자녀 성장기(막내가 초등학생～고등학생),700만원 내외,판매/서비스직,경기
181630,20230701,전동 킥보드,남성,50대,자녀 성인기(막내가 대학생～결혼 전),900만원 내외,판매/서비스직,서울
181667,20230701,전기 자전거,남성,50대,신혼기 초과(자녀없음),700만원 내외,판매/서비스직,경남
181668,20230701,"오토바이(바이크, 스쿠터)",남성,50대,자녀 독립기(막내가 결혼한 상태),500만원 내외,기술/숙련직,서울
181706,20230701,전동 스쿠터,남성,60대 이상,자녀 독립기(막내가 결혼한 상태),"1,000만원 내외",자영업,경기
181718,20230701,전기 자전거,남성,30대,1인 가구,400만원 내외,기술/숙련직,경기
181755,20230701,전기 자전거,남성,50대,자녀 성인기(막내가 대학생～결혼 전),300만원 내외,자영업,강원
181916,20230701,전동 스쿠터,남성,40대,자녀 성장기(막내가 초등학생～고등학생),800만원 내외,경영/관리직,서울
182218,20230701,전동 킥보드,남성,60대 이상,자녀 독립기(막내가 결혼한 상태),500만원 내외,자영업,대전
182518,20230701,전기 자전거,남성,50대,자녀 성인기(막내가 대학생～결혼 전),"1,000만원 내외",무직/기타,서울
182574,20230701,전동 스쿠터,남성,30대,1인 가구,400만원 내외,사무직,충남
182580,20230701,전기 자전거,남성,40대,자녀 성장기(막내가 초등학생～고등학생),400만원 내외,사무직,충남
182586,20230701,전동 킥보드,남성,50대,자녀 성장기(막내가 초등학생～고등학생),"1,100~1,500만원 내외",경영/관리직,충남
182590,20230701,전기 자전거,남성,50대,자녀 성인기(막내가 대학생～결혼 전),"1,100~1,500만원 내외",자영업,경기
182640,20230701,"오토바이(바이크, 스쿠터)",남성,30대,1인 가구,400만원 내외,판매/서비스직,서울
182666,20230701,전기 자전거,남성,50대,자녀 성인기(막내가 대학생～결혼 전),"1,100~1,500만원 내외",일반 공무원/준공무원,전북
182711,20230701,"오토바이(바이크, 스쿠터)",남성,40대,1인 가구,300만원 내외,자영업,서울
182835,20230701,"오토바이(바이크, 스쿠터)",남성,30대,자녀 유아기(막내가 초등학교 입학 전),"1,100~1,500만원 내외",사무직,서울
182900,20230701,"오토바이(바이크, 스쿠터)",남성,50대,자녀 성인기(막내가 대학생～결혼 전),600만원 내외,기술/숙련직,부산
182942,20230701,전기 자전거,남성,50대,자녀 성인기(막내가 대학생～결혼 전),500만원 내외,자영업,경기
182963,20230701,전동 킥보드,남성,40대,자녀 성장기(막내가 초등학생～고등학생),400만원 내외,사무직,경남
182984,20230701,전기 자전거,남성,40대,자녀 성장기(막내가 초등학생～고등학생),500만원 내외,사무직,경기
183175,20230701,"오토바이(바이크, 스쿠터)",남성,40대,자녀 성장기(막내가 초등학생～고등학생),500만원 내외,자영업,인천
183381,20230701,전동 킥보드,남성,40대,자녀 성장기(막내가 초등학생～고등학생),600만원 내외,기술/숙련직,부산
183448,20230701,"오토바이(바이크, 스쿠터)",남성,50대,자녀 성인기(막내가 대학생～결혼 전),"1,000만원 내외",자영업,충북
183470,20230701,"오토바이(바이크, 스쿠터)",남성,50대,자녀 성인기(막내가 대학생～결혼 전),"1,000만원 내외",자영업,경기
183491,20230701,전기 자전거,남성,60대 이상,자녀 독립기(막내가 결혼한 상태),300만원 내외,무직/기타,전남
183503,20230701,전기 자전거,여성,60대 이상,자녀 독립기(막내가 결혼한 상태),300만원 내외,전업주부,경기
183513,20230701,전동 킥보드,남성,60대 이상,자녀 성인기(막내가 대학생～결혼 전),400만원 내외,기술/숙련직,부산
183515,20230701,전동 스케이트보드,남성,60대 이상,자녀 독립기(막내가 결혼한 상태),500만원 내외,무직/기타,대구
183524,20230701,"오토바이(바이크, 스쿠터)",남성,50대,자녀 독립기(막내가 결혼한 상태),300만원 내외,무직/기타,서울
183535,20230701,"오토바이(바이크, 스쿠터)",남성,50대,자녀 성인기(막내가 대학생～결혼 전),700만원 내외,기술/숙련직,울산
183550,20230701,전동 킥보드,남성,40대,자녀 성장기(막내가 초등학생～고등학생),"1,100~1,500만원 내외",기술/숙련직,세종
183558,20230701,전기 자전거,여성,40대,자녀 성장기(막내가 초등학생～고등학생),500만원 내외,기술/숙련직,대전
183568,20230701,전동 킥보드,남성,50대,자녀 성인기(막내가 대학생～결혼 전),600만원 내외,기술/숙련직,경남
183573,20230701,"오토바이(바이크, 스쿠터)",남성,30대,1인 가구,800만원 내외,자영업,서울
183578,20230701,"오토바이(바이크, 스쿠터)",남성,40대,자녀 성장기(막내가 초등학생～고등학생),300만원 내외,기술/숙련직,부산
183585,20230701,전기 자전거,남성,60대 이상,자녀 독립기(막내가 결혼한 상태),700만원 내외,자영업,서울
183639,20230701,"오토바이(바이크, 스쿠터)",남성,50대,자녀 성인기(막내가 대학생～결혼 전),"1,100~1,500만원 내외",전문직,경남
183645,20230701,"오토바이(바이크, 스쿠터)",남성,50대,자녀 성장기(막내가 초등학생～고등학생),900만원 내외,기술/숙련직,경남
183650,20230701,"오토바이(바이크, 스쿠터)",남성,60대 이상,자녀 독립기(막내가 결혼한 상태),600만원 내외,기술/숙련직,강원
183656,20230701,"오토바이(바이크, 스쿠터)",남성,40대,자녀 유아기(막내가 초등학교 입학 전),"1,000만원 내외",일반 공무원/준공무원,경남
183667,20230701,전동 킥보드,남성,40대,자녀 성장기(막내가 초등학생～고등학생),600만원 내외,기술/숙련직,경기
183695,20230701,"오토바이(바이크, 스쿠터)",남성,40대,1인 가구,300만원 내외,사무직,경기
183698,20230701,"오토바이(바이크, 스쿠터)",남성,40대,신혼기 초과(자녀없음),"1,000만원 내외",자영업,제주
183714,20230701,"오토바이(바이크, 스쿠터)",남성,60대 이상,자녀 성인기(막내가 대학생～결혼 전),800만원 내외,기술/숙련직,서울
183722,20230701,전기 자전거,남성,60대 이상,자녀 독립기(막내가 결혼한 상태),500만원 내외,자영업,서울
183743,20230701,"오토바이(바이크, 스쿠터)",남성,50대,자녀 독립기(막내가 결혼한 상태),"2,100만원 이상",일반 공무원/준공무원,부산
183748,20230701,"오토바이(바이크, 스쿠터)",남성,60대 이상,자녀 성인기(막내가 대학생～결혼 전),"1,100~1,500만원 내외",자영업,대구
183796,20230701,전기 자전거,여성,40대,자녀 성장기(막내가 초등학생～고등학생),900만원 내외,자영업,서울
183917,20230701,"오토바이(바이크, 스쿠터)",남성,50대,자녀 성인기(막내가 대학생～결혼 전),모름,자영업,서울
183964,20230701,"오토바이(바이크, 스쿠터)",남성,30대,1인 가구,500만원 내외,기술/숙련직,서울
184280,20230701,"오토바이(바이크, 스쿠터)",남성,40대,자녀 성인기(막내가 대학생～결혼 전),"1,000만원 내외",경영/관리직,전북
184504,20230701,전기 자전거,남성,50대,1인 가구,800만원 내외,일반 공무원/준공무원,경기
184568,20230701,전동 킥보드,남성,40대,자녀 성장기(막내가 초등학생～고등학생),700만원 내외,일반 공무원/준공무원,충북
184688,20230701,전동 스쿠터,남성,40대,자녀 유아기(막내가 초등학교 입학 전),900만원 내외,사무직,경기
184753,20230701,전기 자전거,남성,60대 이상,자녀 성인기(막내가 대학생～결혼 전),600만원 내외,기술/숙련직,경기
184772,20230701,"오토바이(바이크, 스쿠터)",남성,50대,1인 가구,900만원 내외,사무직,대전
184802,20230701,전기 자전거,남성,60대 이상,자녀 성인기(막내가 대학생～결혼 전),"1,100~1,500만원 내외",사무직,전남
184893,20230701,전기 자전거,여성,40대,자녀 성장기(막내가 초등학생～고등학생),700만원 내외,기술/숙련직,부산
184909,20230701,전동 킥보드,남성,50대,자녀 성장기(막내가 초등학생～고등학생),900만원 내외,기술/숙련직,대전
185062,20230701,전기 자전거,남성,40대,자녀 성장기(막내가 초등학생～고등학생),"1,100~1,500만원 내외",전문직,서울
185158,20230701,"오토바이(바이크, 스쿠터)",여성,30대,자녀 유아기(막내가 초등학교 입학 전),600만원 내외,사무직,경기
185209,20230701,전동 킥보드,남성,40대,자녀 성인기(막내가 대학생～결혼 전),"1,000만원 내외",자영업,경북
185236,20230701,전동 킥보드,여성,40대,자녀 독립기(막내가 결혼한 상태),300만원 내외,기술/숙련직,서울
185267,20230701,전기 자전거,여성,50대,자녀 성인기(막내가 대학생～결혼 전),500만원 내외,전업주부,서울
185339,20230701,전동 킥보드,남성,40대,1인 가구,300만원 내외,사무직,서울
185368,20230701,전기 자전거,남성,60대 이상,자녀 성인기(막내가 대학생～결혼 전),"1,000만원 내외",기술/숙련직,충남
185381,20230701,"오토바이(바이크, 스쿠터)",남성,40대,자녀 성장기(막내가 초등학생～고등학생),500만원 내외,사무직,대전
185388,20230701,전기 자전거,남성,50대,자녀 성인기(막내가 대학생～결혼 전),500만원 내외,기술/숙련직,서울
185416,20230701,"오토바이(바이크, 스쿠터)",여성,40대,자녀 성장기(막내가 초등학생～고등학생),"1,000만원 내외",무직/기타,인천
185419,20230701,"오토바이(바이크, 스쿠터)",남성,40대,자녀 성인기(막내가 대학생～결혼 전),"1,000만원 내외",자영업,인천
185433,20230701,"오토바이(바이크, 스쿠터)",남성,50대,자녀 성인기(막내가 대학생～결혼 전),800만원 내외,자영업,경남
185434,20230701,전기 자전거,남성,20대,자녀 성인기(막내가 대학생～결혼 전),300만원 내외,학생,서울
185438,20230701,"오토바이(바이크, 스쿠터)",남성,40대,신혼기(자녀없음),200만원 내외,기술/숙련직,서울
185444,20230701,전기 자전거,남성,60대 이상,자녀 독립기(막내가 결혼한 상태),700만원 내외,기술/숙련직,서울
185448,20230701,전기 자전거,남성,60대 이상,자녀 독립기(막내가 결혼한 상태),500만원 내외,전문직,광주
185458,20230701,"오토바이(바이크, 스쿠터)",남성,40대,신혼기 초과(자녀없음),"1,000만원 내외",판매/서비스직,대구
185480,20230701,"오토바이(바이크, 스쿠터)",남성,60대 이상,자녀 독립기(막내가 결혼한 상태),800만원 내외,기술/숙련직,서울
185481,20230701,"오토바이(바이크, 스쿠터)",남성,50대,자녀 성인기(막내가 대학생～결혼 전),900만원 내외,자영업,충남
185489,20230701,전기 자전거,남성,40대,자녀 유아기(막내가 초등학교 입학 전),500만원 내외,기술/숙련직,인천
185502,20230701,전기 자전거,남성,50대,자녀 성인기(막내가 대학생～결혼 전),700만원 내외,기술/숙련직,서울
185559,20230701,전기 자전거,남성,60대 이상,자녀 독립기(막내가 결혼한 상태),"1,600~2,000만원 내외",무직/기타,서울
185661,20230701,"오토바이(바이크, 스쿠터)",남성,20대,자녀 성인기(막내가 대학생～결혼 전),"1,600~2,000만원 내외",일반 공무원/준공무원,전남
185990,20230701,전동 킥보드,남성,50대,자녀 성인기(막내가 대학생～결혼 전),"1,000만원 내외",자영업,인천
185995,20230701,"오토바이(바이크, 스쿠터)",여성,40대,자녀 성장기(막내가 초등학생～고등학생),"1,600~2,000만원 내외",사무직,경기
186160,20230701,전기 자전거,남성,40대,자녀 성장기(막내가 초등학생～고등학생),300만원 내외,자영업,서울
186178,20230701,전동 킥보드,남성,30대,1인 가구,"1,000만원 내외",사무직,대전
186572,20230701,"오토바이(바이크, 스쿠터)",남성,40대,신혼기 초과(자녀없음),700만원 내외,무직/기타,전북
186662,20230701,"오토바이(바이크, 스쿠터)",여성,50대,자녀 유아기(막내가 초등학교 입학 전),900만원 내외,자영업,부산
186667,20230701,전동 스쿠터,남성,40대,자녀 성장기(막내가 초등학생～고등학생),"1,000만원 내외",사무직,인천
186690,20230701,전동 킥보드,남성,40대,자녀 성장기(막내가 초등학생～고등학생),800만원 내외,사무직,부산
186751,20230701,전동 킥보드,여성,20대,신혼기 초과(자녀없음),"1,100~1,500만원 내외",학생,대전
186755,20230701,"오토바이(바이크, 스쿠터)",남성,40대,자녀 유아기(막내가 초등학교 입학 전),400만원 내외,전문직,광주
186778,20230701,"오토바이(바이크, 스쿠터)",여성,50대,자녀 성인기(막내가 대학생～결혼 전),800만원 내외,전업주부,경기
186898,20230701,전동 킥보드,남성,30대,신혼기 초과(자녀없음),800만원 내외,기술/숙련직,경기
186924,20230701,"오토바이(바이크, 스쿠터)",남성,60대 이상,자녀 성인기(막내가 대학생～결혼 전),400만원 내외,자영업,서울
186958,20230701,전동 킥보드,남성,40대,신혼기 초과(자녀없음),700만원 내외,사무직,서울
186978,20230701,전기 자전거,남성,50대,자녀 성인기(막내가 대학생～결혼 전),300만원 내외,무직/기타,강원
186989,20230701,전기 자전거,남성,60대 이상,자녀 성인기(막내가 대학생～결혼 전),"2,100만원 이상",전문직,강원
187080,20230701,전동 킥보드,남성,40대,자녀 유아기(막내가 초등학교 입학 전),400만원 내외,전문직,울산
187087,20230701,전동 킥보드,남성,50대,자녀 성장기(막내가 초등학생～고등학생),900만원 내외,사무직,서울
187095,20230701,전기 자전거,여성,40대,자녀 유아기(막내가 초등학교 입학 전),600만원 내외,자영업,경기
187108,20230701,"오토바이(바이크, 스쿠터)",남성,50대,자녀 성인기(막내가 대학생～결혼 전),700만원 내외,자영업,경기
187110,20230701,전기 자전거,남성,40대,자녀 성장기(막내가 초등학생～고등학생),800만원 내외,사무직,부산
187117,20230701,"오토바이(바이크, 스쿠터)",남성,50대,자녀 성인기(막내가 대학생～결혼 전),400만원 내외,일반 공무원/준공무원,경기
187120,20230701,전동 킥보드,남성,30대,1인 가구,300만원 내외,판매/서비스직,충남
187168,20230701,전기 자전거,여성,30대,자녀 유아기(막내가 초등학교 입학 전),500만원 내외,전업주부,부산
187180,20230701,전기 자전거,여성,40대,자녀 성인기(막내가 대학생～결혼 전),"1,000만원 내외",전업주부,서울
187312,20230701,"오토바이(바이크, 스쿠터)",남성,50대,자녀 성인기(막내가 대학생～결혼 전),400만원 내외,자영업,서울
187704,20230701,전동 스케이트보드,남성,40대,자녀 성장기(막내가 초등학생～고등학생),600만원 내외,판매/서비스직,경기
187908,20230701,전동 킥보드,남성,20대,1인 가구,"1,600~2,000만원 내외",자영업,경기
187994,20230701,전기 자전거,남성,40대,1인 가구,300만원 내외,판매/서비스직,인천
188056,20230701,전기 자전거,남성,50대,자녀 성인기(막내가 대학생～결혼 전),600만원 내외,기술/숙련직,경기
188191,20230701,"오토바이(바이크, 스쿠터)",남성,40대,1인 가구,300만원 내외,사무직,경북
188242,20230701,전기 자전거,남성,30대,1인 가구,400만원 내외,전문직,경기
188281,20230701,전동 킥보드,남성,50대,자녀 성인기(막내가 대학생～결혼 전),900만원 내외,기술/숙련직,충북
188318,20230701,전기 자전거,남성,60대 이상,자녀 독립기(막내가 결혼한 상태),400만원 내외,무직/기타,경남
188472,20230701,"오토바이(바이크, 스쿠터)",여성,40대,1인 가구,500만원 내외,일반 공무원/준공무원,경북
188513,20230701,전기 자전거,여성,40대,자녀 성장기(막내가 초등학생～고등학생),500만원 내외,기술/숙련직,전북
188605,20230701,전동 킥보드,남성,20대,자녀 성인기(막내가 대학생～결혼 전),200만원 내외,기술/숙련직,인천
188614,20230701,"오토바이(바이크, 스쿠터)",남성,40대,1인 가구,900만원 내외,기술/숙련직,경기
188640,20230701,전기 자전거,여성,40대,자녀 유아기(막내가 초등학교 입학 전),700만원 내외,자영업,경기
188694,20230701,"오토바이(바이크, 스쿠터)",남성,60대 이상,자녀 성장기(막내가 초등학생～고등학생),600만원 내외,자영업,서울
188726,20230701,전동 킥보드,남성,40대,자녀 성장기(막내가 초등학생～고등학생),900만원 내외,기술/숙련직,부산
188770,20230701,전동 킥보드,남성,50대,자녀 성장기(막내가 초등학생～고등학생),400만원 내외,기술/숙련직,경기
188778,20230701,전동 킥보드,여성,40대,자녀 성장기(막내가 초등학생～고등학생),500만원 내외,전문직,광주
188821,20230701,전동 킥보드,남성,50대,1인 가구,500만원 내외,자영업,서울
188822,20230701,전기 자전거,남성,60대 이상,1인 가구,"1,000만원 내외",무직/기타,경기
188825,20230701,전동 킥보드,남성,50대,자녀 성인기(막내가 대학생～결혼 전),"1,000만원 내외",일반 공무원/준공무원,경북
188833,20230701,전기 자전거,남성,50대,자녀 독립기(막내가 결혼한 상태),400만원 내외,기술/숙련직,경기
188839,20230701,전동 킥보드,남성,50대,자녀 성장기(막내가 초등학생～고등학생),700만원 내외,일반 공무원/준공무원,대구
188858,20230701,전동 휠,남성,30대,자녀 유아기(막내가 초등학교 입학 전),800만원 내외,기술/숙련직,부산
188861,20230701,전기 자전거,남성,50대,자녀 독립기(막내가 결혼한 상태),"2,100만원 이상",경영/관리직,부산
188866,20230701,"오토바이(바이크, 스쿠터)",남성,30대,1인 가구,300만원 내외,기술/숙련직,충남
188901,20230701,"오토바이(바이크, 스쿠터)",남성,60대 이상,자녀 성인기(막내가 대학생～결혼 전),800만원 내외,무직/기타,경북
189191,20230701,전동 킥보드,남성,40대,자녀 유아기(막내가 초등학교 입학 전),200만원 내외,전문직,제주
189313,20230701,"오토바이(바이크, 스쿠터)",남성,40대,자녀 유아기(막내가 초등학교 입학 전),500만원 내외,기술/숙련직,경기
189357,20230701,전기 자전거,남성,40대,신혼기 초과(자녀없음),600만원 내외,판매/서비스직,경기
189390,20230701,전동 스쿠터,여성,40대,자녀 성장기(막내가 초등학생～고등학생),400만원 내외,전업주부,전남
189607,20230701,전동 스쿠터,남성,50대,신혼기(자녀없음),"1,000만원 내외",일반 공무원/준공무원,서울
189683,20230701,전동 스쿠터,여성,40대,자녀 성장기(막내가 초등학생～고등학생),600만원 내외,학생,경기
189804,20230701,전기 자전거,여성,40대,자녀 성장기(막내가 초등학생～고등학생),600만원 내외,사무직,대구
190149,20230701,전기 자전거,남성,50대,자녀 성인기(막내가 대학생～결혼 전),500만원 내외,기술/숙련직,대구
190172,20230701,전동 킥보드,남성,40대,자녀 성장기(막내가 초등학생～고등학생),400만원 내외,기술/숙련직,충북
190198,20230701,"오토바이(바이크, 스쿠터)",남성,50대,1인 가구,300만원 내외,기술/숙련직,경남
190224,20230701,"오토바이(바이크, 스쿠터)",남성,40대,자녀 성장기(막내가 초등학생～고등학생),400만원 내외,기술/숙련직,경남
190234,20230701,전기 자전거,남성,50대,자녀 성인기(막내가 대학생～결혼 전),"2,100만원 이상",기술/숙련직,세종
190346,20230701,전동 킥보드,남성,60대 이상,자녀 성인기(막내가 대학생～결혼 전),700만원 내외,일반 공무원/준공무원,서울
190412,20230701,"오토바이(바이크, 스쿠터)",남성,30대,자녀 성장기(막내가 초등학생～고등학생),"1,000만원 내외",기술/숙련직,경남
190417,20230701,전동 스케이트보드,여성,40대,자녀 유아기(막내가 초등학교 입학 전),600만원 내외,사무직,대구
190477,20230701,전동 킥보드,여성,50대,자녀 성인기(막내가 대학생～결혼 전),800만원 내외,사무직,서울
190533,20230701,전기 자전거,남성,40대,자녀 유아기(막내가 초등학교 입학 전),300만원 내외,일반 공무원/준공무원,경남
190554,20230701,전동 휠,여성,40대,자녀 성장기(막내가 초등학생～고등학생),400만원 내외,전업주부,경북
190564,20230701,"오토바이(바이크, 스쿠터)",남성,40대,자녀 성장기(막내가 초등학생～고등학생),700만원 내외,사무직,경기
190574,20230701,"오토바이(바이크, 스쿠터)",여성,60대 이상,자녀 독립기(막내가 결혼한 상태),800만원 내외,경영/관리직,서울
190582,20230701,전동 스쿠터,남성,50대,자녀 성장기(막내가 초등학생～고등학생),"1,000만원 내외",전문직,서울
190595,20230701,전기 자전거,남성,50대,자녀 성장기(막내가 초등학생～고등학생),500만원 내외,일반 공무원/준공무원,광주
190606,20230701,전동 킥보드,남성,30대,자녀 유아기(막내가 초등학교 입학 전),600만원 내외,기술/숙련직,경기
190847,20230701,전동 킥보드,남성,50대,자녀 성장기(막내가 초등학생～고등학생),500만원 내외,일반 공무원/준공무원,경기
191333,20230701,전기 자전거,남성,20대,자녀 성인기(막내가 대학생～결혼 전),300만원 내외,무직/기타,제주
191341,20230701,전동 킥보드,남성,30대,1인 가구,"1,000만원 내외",기술/숙련직,경기
191485,20230701,전기 자전거,여성,30대,신혼기 초과(자녀없음),500만원 내외,판매/서비스직,충북
191687,20230701,전기 자전거,남성,30대,자녀 성인기(막내가 대학생～결혼 전),400만원 내외,판매/서비스직,전북
191867,20230701,전동 킥보드,남성,50대,자녀 성인기(막내가 대학생～결혼 전),"1,100~1,500만원 내외",사무직,충남
191873,20230701,"오토바이(바이크, 스쿠터)",여성,40대,자녀 성장기(막내가 초등학생～고등학생),500만원 내외,사무직,충북
191918,20230701,전기 자전거,남성,40대,신혼기 초과(자녀없음),500만원 내외,기술/숙련직,전남
191965,20230701,"오토바이(바이크, 스쿠터)",남성,50대,자녀 성인기(막내가 대학생～결혼 전),600만원 내외,기술/숙련직,서울
191980,20230701,전기 자전거,남성,50대,자녀 성장기(막내가 초등학생～고등학생),"1,100~1,500만원 내외",일반 공무원/준공무원,경기
192161,20230701,"오토바이(바이크, 스쿠터)",남성,40대,자녀 성장기(막내가 초등학생～고등학생),"1,100~1,500만원 내외",경영/관리직,충남
192198,20230701,전기 자전거,남성,40대,자녀 유아기(막내가 초등학교 입학 전),500만원 내외,일반 공무원/준공무원,인천
192218,20230701,전동 킥보드,여성,30대,자녀 성장기(막내가 초등학생～고등학생),600만원 내외,전업주부,경기
192267,20230701,전동 휠,남성,40대,자녀 성장기(막내가 초등학생～고등학생),700만원 내외,사무직,경기
192273,20230701,전기 자전거,남성,40대,자녀 성장기(막내가 초등학생～고등학생),900만원 내외,전문직,서울
192290,20230701,"오토바이(바이크, 스쿠터)",남성,60대 이상,자녀 독립기(막내가 결혼한 상태),"1,000만원 내외",자영업,서울
192298,20230701,"오토바이(바이크, 스쿠터)",남성,50대,자녀 성장기(막내가 초등학생～고등학생),"1,000만원 내외",자영업,강원
192310,20230701,전기 자전거,남성,40대,자녀 성장기(막내가 초등학생～고등학생),"1,000만원 내외",전문직,부산
192316,20230701,"오토바이(바이크, 스쿠터)",남성,50대,자녀 성인기(막내가 대학생～결혼 전),"1,100~1,500만원 내외",일반 공무원/준공무원,경남
192321,20230701,"오토바이(바이크, 스쿠터)",여성,20대,자녀 성인기(막내가 대학생～결혼 전),"1,600~2,000만원 내외",자영업,부산
192328,20230701,전기 자전거,남성,30대,1인 가구,300만원 내외,일반 공무원/준공무원,부산
192341,20230701,전동 킥보드,남성,40대,1인 가구,"1,000만원 내외",자영업,전북
192366,20230701,"오토바이(바이크, 스쿠터)",남성,50대,자녀 성인기(막내가 대학생～결혼 전),900만원 내외,사무직,충북
192369,20230701,전기 자전거,남성,60대 이상,자녀 성인기(막내가 대학생～결혼 전),"1,000만원 내외",자영업,경기
192374,20230701,전동 킥보드,여성,40대,자녀 성장기(막내가 초등학생～고등학생),400만원 내외,판매/서비스직,경기
192408,20230701,전동 휠,남성,50대,자녀 성인기(막내가 대학생～결혼 전),"1,000만원 내외",기술/숙련직,경기
193158,20230701,"오토바이(바이크, 스쿠터)",남성,40대,자녀 성장기(막내가 초등학생～고등학생),"1,100~1,500만원 내외",경영/관리직,경기
193321,20230701,전동 킥보드,남성,40대,자녀 성장기(막내가 초등학생～고등학생),800만원 내외,경영/관리직,경기
193377,20230701,전기 자전거,남성,50대,자녀 성장기(막내가 초등학생～고등학생),900만원 내외,기술/숙련직,인천
193630,20230701,"오토바이(바이크, 스쿠터)",남성,30대,신혼기 초과(자녀없음),"1,000만원 내외",자영업,전남
193819,20230701,전동 킥보드,남성,40대,자녀 유아기(막내가 초등학교 입학 전),800만원 내외,사무직,울산
193885,20230701,전동 킥보드,남성,50대,자녀 성장기(막내가 초등학생～고등학생),700만원 내외,무직/기타,서울
193907,20230701,"오토바이(바이크, 스쿠터)",남성,50대,자녀 성인기(막내가 대학생～결혼 전),700만원 내외,일반 공무원/준공무원,서울
193989,20230701,전동 킥보드,남성,40대,자녀 성장기(막내가 초등학생～고등학생),600만원 내외,자영업,충남
193999,20230701,"오토바이(바이크, 스쿠터)",남성,20대,1인 가구,모름,자영업,서울
194003,20230701,전기 자전거,남성,50대,자녀 성인기(막내가 대학생～결혼 전),"1,000만원 내외",사무직,경기
194017,20230701,"오토바이(바이크, 스쿠터)",남성,60대 이상,자녀 독립기(막내가 결혼한 상태),800만원 내외,기술/숙련직,경기
194028,20230701,전기 자전거,남성,40대,자녀 유아기(막내가 초등학교 입학 전),"1,000만원 내외",자영업,충북
194030,20230701,전동 킥보드,여성,40대,자녀 성장기(막내가 초등학생～고등학생),"1,000만원 내외",자영업,서울
194045,20230701,전기 자전거,남성,40대,자녀 성장기(막내가 초등학생～고등학생),"1,000만원 내외",사무직,서울
194057,20230701,"오토바이(바이크, 스쿠터)",남성,50대,자녀 성인기(막내가 대학생～결혼 전),600만원 내외,기술/숙련직,전북
194069,20230701,"오토바이(바이크, 스쿠터)",남성,40대,자녀 유아기(막내가 초등학교 입학 전),900만원 내외,기술/숙련직,인천
194096,20230701,전기 자전거,남성,40대,자녀 유아기(막내가 초등학교 입학 전),500만원 내외,사무직,경기
194105,20230701,전동 킥보드,남성,50대,자녀 성인기(막내가 대학생～결혼 전),800만원 내외,자영업,부산
194117,20230701,전기 자전거,여성,40대,자녀 성장기(막내가 초등학생～고등학생),"1,100~1,500만원 내외",사무직,서울
194711,20230701,"오토바이(바이크, 스쿠터)",남성,50대,자녀 성인기(막내가 대학생～결혼 전),모름,무직/기타,경기
194954,20230701,전동 킥보드,남성,30대,자녀 성장기(막내가 초등학생～고등학생),200만원 내외,기술/숙련직,부산
195155,20230701,전기 자전거,남성,30대,자녀 유아기(막내가 초등학교 입학 전),300만원 내외,기술/숙련직,경기
195234,20230701,전기 자전거,남성,50대,자녀 성장기(막내가 초등학생～고등학생),300만원 내외,무직/기타,경기
195359,20230701,"오토바이(바이크, 스쿠터)",남성,30대,자녀 유아기(막내가 초등학교 입학 전),600만원 내외,사무직,경기
195411,20230701,전기 자전거,남성,50대,자녀 성인기(막내가 대학생～결혼 전),"1,000만원 내외",경영/관리직,경기
195440,20230701,전동 킥보드,남성,50대,자녀 성장기(막내가 초등학생～고등학생),"1,100~1,500만원 내외",전문직,인천
195441,20230701,전동 스케이트보드,여성,30대,1인 가구,400만원 내외,사무직,서울
195476,20230701,전동 킥보드,남성,60대 이상,자녀 독립기(막내가 결혼한 상태),300만원 내외,기술/숙련직,서울
195676,20230701,전동 스케이트보드,남성,30대,자녀 성장기(막내가 초등학생～고등학생),300만원 내외,기술/숙련직,경남
195678,20230701,전동 킥보드,남성,30대,1인 가구,500만원 내외,무직/기타,경기
195689,20230701,전기 자전거,남성,60대 이상,자녀 성장기(막내가 초등학생～고등학생),400만원 내외,사무직,서울
195733,20230701,전기 자전거,남성,40대,자녀 성장기(막내가 초등학생～고등학생),500만원 내외,사무직,인천
195736,20230701,전동 킥보드,남성,40대,자녀 성장기(막내가 초등학생～고등학생),"1,100~1,500만원 내외",경영/관리직,경기
195744,20230701,전동 킥보드,남성,40대,1인 가구,600만원 내외,판매/서비스직,서울
195763,20230701,전동 킥보드,남성,40대,1인 가구,"2,100만원 이상",자영업,대구
195767,20230701,"오토바이(바이크, 스쿠터)",남성,40대,1인 가구,300만원 내외,사무직,부산
195769,20230701,전기 자전거,여성,40대,자녀 성장기(막내가 초등학생～고등학생),800만원 내외,자영업,대전
195770,20230701,"오토바이(바이크, 스쿠터)",남성,50대,자녀 성인기(막내가 대학생～결혼 전),400만원 내외,사무직,경기
195771,20230701,전기 자전거,남성,60대 이상,자녀 성인기(막내가 대학생～결혼 전),"1,000만원 내외",무직/기타,경남
195780,20230701,"오토바이(바이크, 스쿠터)",남성,40대,자녀 성인기(막내가 대학생～결혼 전),800만원 내외,사무직,경기
195781,20230701,전기 자전거,남성,40대,신혼기 초과(자녀없음),500만원 내외,경영/관리직,서울
195816,20230701,전기 자전거,남성,40대,1인 가구,300만원 내외,자영업,전북
195820,20230701,전동 킥보드,남성,40대,1인 가구,500만원 내외,무직/기타,경기
195821,20230701,전기 자전거,남성,40대,자녀 유아기(막내가 초등학교 입학 전),800만원 내외,사무직,서울
195833,20230701,"오토바이(바이크, 스쿠터)",남성,60대 이상,자녀 성인기(막내가 대학생～결혼 전),모름,자영업,전북
195847,20230701,전기 자전거,남성,40대,자녀 성장기(막내가 초등학생～고등학생),"1,000만원 내외",경영/관리직,경기
195956,20230701,전동 킥보드,남성,50대,1인 가구,700만원 내외,자영업,인천
196048,20230701,"오토바이(바이크, 스쿠터)",남성,50대,자녀 성인기(막내가 대학생～결혼 전),500만원 내외,일반 공무원/준공무원,광주
196289,20230701,전동 스쿠터,여성,30대,자녀 성장기(막내가 초등학생～고등학생),500만원 내외,전업주부,경기
196309,20230701,"오토바이(바이크, 스쿠터)",남성,40대,자녀 유아기(막내가 초등학교 입학 전),500만원 내외,일반 공무원/준공무원,경기
196336,20230701,"오토바이(바이크, 스쿠터)",남성,60대 이상,자녀 성인기(막내가 대학생～결혼 전),600만원 내외,일반 공무원/준공무원,서울
196379,20230701,전동 스케이트보드,여성,30대,신혼기 초과(자녀없음),"1,600~2,000만원 내외",전문직,경기
196533,20230701,전동 킥보드,남성,60대 이상,자녀 독립기(막내가 결혼한 상태),"1,600~2,000만원 내외",전문직,경기
196608,20230701,"오토바이(바이크, 스쿠터)",남성,50대,자녀 독립기(막내가 결혼한 상태),모름,자영업,경기
196675,20230701,전동 킥보드,남성,60대 이상,자녀 독립기(막내가 결혼한 상태),400만원 내외,일반 공무원/준공무원,경기
197109,20230701,전기 자전거,여성,50대,자녀 성인기(막내가 대학생～결혼 전),600만원 내외,자영업,전북
197370,20230701,"오토바이(바이크, 스쿠터)",남성,30대,신혼기(자녀없음),"1,000만원 내외",전문직,서울
197464,20230701,"오토바이(바이크, 스쿠터)",남성,40대,자녀 성장기(막내가 초등학생～고등학생),700만원 내외,일반 공무원/준공무원,경기
197473,20230701,전기 자전거,남성,40대,자녀 성장기(막내가 초등학생～고등학생),"1,100~1,500만원 내외",사무직,부산
197490,20230701,"오토바이(바이크, 스쿠터)",남성,50대,1인 가구,300만원 내외,판매/서비스직,서울
197493,20230701,전동 스쿠터,여성,50대,자녀 성장기(막내가 초등학생～고등학생),400만원 내외,사무직,전남
197494,20230701,전기 자전거,남성,40대,자녀 성장기(막내가 초등학생～고등학생),900만원 내외,사무직,인천
197507,20230701,전동 스케이트보드,남성,40대,자녀 성장기(막내가 초등학생～고등학생),600만원 내외,사무직,대전
197509,20230701,전동 킥보드,남성,30대,신혼기(자녀없음),500만원 내외,기술/숙련직,경기
197513,20230701,전동 킥보드,여성,30대,자녀 유아기(막내가 초등학교 입학 전),800만원 내외,사무직,경기
197529,20230701,전기 자전거,여성,30대,자녀 독립기(막내가 결혼한 상태),500만원 내외,자영업,부산
197568,20230701,"오토바이(바이크, 스쿠터)",남성,40대,자녀 성장기(막내가 초등학생～고등학생),700만원 내외,무직/기타,충남
197571,20230701,"오토바이(바이크, 스쿠터)",남성,40대,자녀 성장기(막내가 초등학생～고등학생),"1,100~1,500만원 내외",기술/숙련직,인천
197576,20230701,전기 자전거,남성,60대 이상,자녀 독립기(막내가 결혼한 상태),500만원 내외,전문직,서울
197578,20230701,"오토바이(바이크, 스쿠터)",남성,50대,자녀 성인기(막내가 대학생～결혼 전),"1,600~2,000만원 내외",사무직,서울
197591,20230701,"오토바이(바이크, 스쿠터)",남성,60대 이상,자녀 성인기(막내가 대학생～결혼 전),"1,100~1,500만원 내외",전문직,서울
197597,20230701,전기 자전거,남성,20대,1인 가구,100만원 이하,무직/기타,경기
197818,20230701,전동 휠,남성,40대,1인 가구,600만원 내외,사무직,인천
197829,20230701,전기 자전거,남성,50대,자녀 성장기(막내가 초등학생～고등학생),600만원 내외,자영업,서울
197917,20230701,전기 자전거,남성,50대,자녀 성장기(막내가 초등학생～고등학생),900만원 내외,자영업,경기
198008,20230701,전동 킥보드,남성,20대,자녀 성인기(막내가 대학생～결혼 전),600만원 내외,기술/숙련직,경기
198037,20230701,"오토바이(바이크, 스쿠터)",여성,50대,자녀 성인기(막내가 대학생～결혼 전),900만원 내외,판매/서비스직,인천
198199,20230701,"오토바이(바이크, 스쿠터)",남성,50대,자녀 성장기(막내가 초등학생～고등학생),400만원 내외,자영업,인천
198327,20230701,전기 자전거,남성,60대 이상,자녀 독립기(막내가 결혼한 상태),200만원 내외,기술/숙련직,경기
198330,20230701,전기 자전거,남성,60대 이상,자녀 독립기(막내가 결혼한 상태),400만원 내외,무직/기타,대전
198555,20230701,"오토바이(바이크, 스쿠터)",남성,40대,자녀 성장기(막내가 초등학생～고등학생),200만원 내외,기술/숙련직,전북
198591,20230701,"오토바이(바이크, 스쿠터)",남성,40대,1인 가구,600만원 내외,무직/기타,경기
198812,20230701,"오토바이(바이크, 스쿠터)",남성,40대,자녀 유아기(막내가 초등학교 입학 전),"1,000만원 내외",전문직,서울
198898,20230701,전동 킥보드,여성,20대,자녀 성인기(막내가 대학생～결혼 전),900만원 내외,학생,서울
198962,20230701,"오토바이(바이크, 스쿠터)",남성,60대 이상,자녀 독립기(막내가 결혼한 상태),500만원 내외,사무직,서울
199095,20230701,"오토바이(바이크, 스쿠터)",남성,40대,자녀 성장기(막내가 초등학생～고등학생),300만원 내외,일반 공무원/준공무원,경기
199153,20230701,"오토바이(바이크, 스쿠터)",남성,40대,자녀 성장기(막내가 초등학생～고등학생),500만원 내외,기술/숙련직,경기
199178,20230701,"오토바이(바이크, 스쿠터)",남성,40대,자녀 성장기(막내가 초등학생～고등학생),800만원 내외,기술/숙련직,경남
199190,20230701,전기 자전거,남성,50대,자녀 성인기(막내가 대학생～결혼 전),500만원 내외,기술/숙련직,경기
199203,20230701,전기 자전거,남성,40대,자녀 성장기(막내가 초등학생～고등학생),700만원 내외,사무직,울산
199229,20230701,전동 스케이트보드,남성,50대,자녀 독립기(막내가 결혼한 상태),300만원 내외,기술/숙련직,충남
199248,20230701,전기 자전거,남성,40대,자녀 성장기(막내가 초등학생～고등학생),500만원 내외,판매/서비스직,경기
199257,20230701,"오토바이(바이크, 스쿠터)",남성,50대,자녀 성인기(막내가 대학생～결혼 전),500만원 내외,자영업,서울
199282,20230701,전기 자전거,남성,30대,신혼기(자녀없음),500만원 내외,기술/숙련직,경기
199285,20230701,전기 자전거,남성,50대,자녀 성장기(막내가 초등학생～고등학생),"1,100~1,500만원 내외",기술/숙련직,울산
199308,20230701,전기 자전거,남성,60대 이상,자녀 독립기(막내가 결혼한 상태),600만원 내외,무직/기타,부산
199418,20230701,전동 킥보드,여성,50대,자녀 성인기(막내가 대학생～결혼 전),900만원 내외,전문직,경기
199855,20230701,전동 킥보드,남성,40대,자녀 독립기(막내가 결혼한 상태),400만원 내외,기술/숙련직,경남
199943,20230701,전동 킥보드,남성,50대,자녀 성인기(막내가 대학생～결혼 전),"1,000만원 내외",일반 공무원/준공무원,경기
200028,20230701,전동 킥보드,여성,20대,1인 가구,300만원 내외,학생,부산
200156,20230701,전기 자전거,남성,50대,신혼기 초과(자녀없음),300만원 내외,사무직,경기
200174,20230701,전기 자전거,남성,50대,자녀 성장기(막내가 초등학생～고등학생),400만원 내외,기술/숙련직,경기
200274,20230701,"오토바이(바이크, 스쿠터)",남성,50대,자녀 성인기(막내가 대학생～결혼 전),600만원 내외,사무직,서울
200328,20230701,전동 킥보드,남성,30대,신혼기 초과(자녀없음),200만원 내외,사무직,제주
200436,20230701,전기 자전거,남성,60대 이상,자녀 독립기(막내가 결혼한 상태),400만원 내외,자영업,강원
200458,20230701,전기 자전거,남성,50대,자녀 성인기(막내가 대학생～결혼 전),700만원 내외,사무직,부산
200465,20230701,"오토바이(바이크, 스쿠터)",남성,50대,1인 가구,600만원 내외,판매/서비스직,서울
200601,20230701,"오토바이(바이크, 스쿠터)",남성,40대,자녀 성장기(막내가 초등학생～고등학생),700만원 내외,자영업,경기
200641,20230701,전기 자전거,남성,20대,자녀 성인기(막내가 대학생～결혼 전),400만원 내외,일반 공무원/준공무원,경기
200844,20230701,"오토바이(바이크, 스쿠터)",남성,40대,자녀 유아기(막내가 초등학교 입학 전),800만원 내외,기술/숙련직,경기
200857,20230701,전기 자전거,남성,40대,1인 가구,800만원 내외,자영업,서울
200900,20230701,"오토바이(바이크, 스쿠터)",남성,50대,1인 가구,500만원 내외,기술/숙련직,전남
200914,20230701,전동 킥보드,남성,50대,자녀 성인기(막내가 대학생～결혼 전),200만원 내외,무직/기타,경기
200946,20230701,"오토바이(바이크, 스쿠터)",남성,40대,자녀 성장기(막내가 초등학생～고등학생),600만원 내외,일반 공무원/준공무원,강원
200951,20230701,전기 자전거,남성,50대,자녀 성장기(막내가 초등학생～고등학생),800만원 내외,기술/숙련직,경기
200952,20230701,전기 자전거,여성,30대,자녀 성인기(막내가 대학생～결혼 전),800만원 내외,사무직,서울
200954,20230701,전기 자전거,남성,40대,자녀 성장기(막내가 초등학생～고등학생),800만원 내외,경영/관리직,경기
200958,20230701,전기 자전거,남성,30대,1인 가구,"2,100만원 이상",자영업,충북
200976,20230701,전동 킥보드,남성,40대,자녀 성장기(막내가 초등학생～고등학생),700만원 내외,사무직,대구
201002,20230701,"오토바이(바이크, 스쿠터)",남성,50대,자녀 성장기(막내가 초등학생～고등학생),500만원 내외,사무직,대구
201021,20230701,"오토바이(바이크, 스쿠터)",남성,50대,자녀 성인기(막내가 대학생～결혼 전),500만원 내외,사무직,부산
201022,20230701,전동 스쿠터,남성,50대,신혼기 초과(자녀없음),700만원 내외,사무직,서울
201050,20230701,전기 자전거,여성,40대,자녀 성장기(막내가 초등학생～고등학생),400만원 내외,판매/서비스직,강원
201068,20230701,전동 킥보드,남성,40대,자녀 유아기(막내가 초등학교 입학 전),500만원 내외,기술/숙련직,대전
201088,20230701,전동 킥보드,남성,50대,자녀 성인기(막내가 대학생～결혼 전),"1,000만원 내외",전문직,대전
201092,20230701,"오토바이(바이크, 스쿠터)",남성,50대,자녀 성인기(막내가 대학생～결혼 전),500만원 내외,기술/숙련직,경남
201129,20230701,전기 자전거,남성,60대 이상,자녀 독립기(막내가 결혼한 상태),300만원 내외,무직/기타,전북
201157,20230701,전기 자전거,여성,50대,자녀 성인기(막내가 대학생～결혼 전),600만원 내외,무직/기타,서울
201181,20230701,전동 킥보드,남성,50대,자녀 성장기(막내가 초등학생～고등학생),"1,100~1,500만원 내외",사무직,서울
201184,20230701,전동 킥보드,남성,20대,1인 가구,"1,100~1,500만원 내외",일반 공무원/준공무원,부산
201185,20230701,전동 킥보드,여성,30대,1인 가구,400만원 내외,전문직,서울
201190,20230701,전동 킥보드,여성,50대,자녀 독립기(막내가 결혼한 상태),800만원 내외,판매/서비스직,부산
201201,20230701,전기 자전거,남성,50대,자녀 성장기(막내가 초등학생～고등학생),700만원 내외,사무직,서울
201203,20230701,전동 킥보드,여성,40대,신혼기(자녀없음),600만원 내외,전업주부,인천
201206,20230701,전동 킥보드,여성,30대,자녀 유아기(막내가 초등학교 입학 전),"2,100만원 이상",자영업,서울
201213,20230701,"오토바이(바이크, 스쿠터)",남성,60대 이상,자녀 성인기(막내가 대학생～결혼 전),400만원 내외,무직/기타,서울
201243,20230701,"오토바이(바이크, 스쿠터)",남성,50대,자녀 성인기(막내가 대학생～결혼 전),800만원 내외,무직/기타,경북
201265,20230701,전동 킥보드,남성,40대,자녀 유아기(막내가 초등학교 입학 전),500만원 내외,사무직,경북
201273,20230701,"오토바이(바이크, 스쿠터)",남성,50대,자녀 성인기(막내가 대학생～결혼 전),700만원 내외,사무직,경기
201386,20230701,"오토바이(바이크, 스쿠터)",남성,60대 이상,자녀 독립기(막내가 결혼한 상태),800만원 내외,자영업,부산
201451,20230701,전동 스케이트보드,남성,30대,자녀 성장기(막내가 초등학생～고등학생),400만원 내외,사무직,전북
202141,20230701,전기 자전거,남성,50대,자녀 성장기(막내가 초등학생～고등학생),"1,000만원 내외",자영업,경기
202411,20230701,"오토바이(바이크, 스쿠터)",남성,50대,자녀 성장기(막내가 초등학생～고등학생),600만원 내외,일반 공무원/준공무원,경기
202509,20230701,전기 자전거,남성,50대,자녀 성장기(막내가 초등학생～고등학생),500만원 내외,기술/숙련직,경기
202535,20230701,전동 휠,남성,40대,자녀 성장기(막내가 초등학생～고등학생),800만원 내외,자영업,충북
202670,20230701,전동 스쿠터,남성,40대,신혼기 초과(자녀없음),600만원 내외,일반 공무원/준공무원,경기
202801,20230701,전기 자전거,남성,40대,자녀 성장기(막내가 초등학생～고등학생),600만원 내외,기술/숙련직,대전
202856,20230701,전동 킥보드,남성,30대,자녀 유아기(막내가 초등학교 입학 전),"2,100만원 이상",자영업,부산
202873,20230701,"오토바이(바이크, 스쿠터)",남성,40대,1인 가구,600만원 내외,경영/관리직,경기
202888,20230701,전동 킥보드,남성,40대,자녀 성장기(막내가 초등학생～고등학생),400만원 내외,기술/숙련직,인천
202889,20230701,전동 킥보드,남성,50대,자녀 성인기(막내가 대학생～결혼 전),500만원 내외,자영업,전북
202902,20230701,전동 킥보드,남성,30대,1인 가구,300만원 내외,사무직,서울
202912,20230701,"오토바이(바이크, 스쿠터)",남성,50대,자녀 성장기(막내가 초등학생～고등학생),600만원 내외,일반 공무원/준공무원,제주
202918,20230701,전동 킥보드,남성,50대,자녀 성장기(막내가 초등학생～고등학생),700만원 내외,사무직,인천
202932,20230701,"오토바이(바이크, 스쿠터)",남성,40대,자녀 성장기(막내가 초등학생～고등학생),"1,000만원 내외",기술/숙련직,서울
202948,20230701,"오토바이(바이크, 스쿠터)",남성,60대 이상,자녀 성인기(막내가 대학생～결혼 전),500만원 내외,일반 공무원/준공무원,대구
202952,20230701,전동 킥보드,여성,40대,자녀 성장기(막내가 초등학생～고등학생),500만원 내외,사무직,서울
203338,20230701,전동 킥보드,남성,40대,신혼기 초과(자녀없음),300만원 내외,무직/기타,경기
203451,20230701,"오토바이(바이크, 스쿠터)",남성,50대,자녀 성장기(막내가 초등학생～고등학생),400만원 내외,기술/숙련직,경남
203521,20230701,"오토바이(바이크, 스쿠터)",남성,20대,1인 가구,300만원 내외,기술/숙련직,인천
203522,20230701,"오토바이(바이크, 스쿠터)",남성,30대,자녀 유아기(막내가 초등학교 입학 전),600만원 내외,판매/서비스직,서울
203613,20230701,전동 킥보드,남성,40대,자녀 성장기(막내가 초등학생～고등학생),800만원 내외,기술/숙련직,충북
203713,20230701,전동 킥보드,남성,40대,1인 가구,300만원 내외,무직/기타,서울
203783,20230701,"오토바이(바이크, 스쿠터)",남성,40대,자녀 유아기(막내가 초등학교 입학 전),900만원 내외,전문직,경기
203864,20230701,"오토바이(바이크, 스쿠터)",남성,40대,자녀 성장기(막내가 초등학생～고등학생),500만원 내외,사무직,서울
204036,20230701,"오토바이(바이크, 스쿠터)",남성,40대,자녀 유아기(막내가 초등학교 입학 전),"1,100~1,500만원 내외",자영업,서울
204235,20230701,전기 자전거,남성,50대,자녀 성장기(막내가 초등학생～고등학생),500만원 내외,기술/숙련직,경기
204362,20230701,"오토바이(바이크, 스쿠터)",남성,40대,자녀 성장기(막내가 초등학생～고등학생),500만원 내외,자영업,경기
204380,20230701,전동 휠,남성,40대,자녀 성장기(막내가 초등학생～고등학생),800만원 내외,기술/숙련직,서울
204417,20230701,전기 자전거,남성,20대,자녀 성인기(막내가 대학생～결혼 전),"1,000만원 내외",일반 공무원/준공무원,대구
204483,20230701,"오토바이(바이크, 스쿠터)",남성,50대,자녀 성인기(막내가 대학생～결혼 전),400만원 내외,사무직,울산
204500,20230701,"오토바이(바이크, 스쿠터)",남성,30대,자녀 성장기(막내가 초등학생～고등학생),모름,무직/기타,경북
204587,20230701,전기 자전거,여성,40대,자녀 성장기(막내가 초등학생～고등학생),500만원 내외,무직/기타,경기
204646,20230701,전기 자전거,남성,40대,자녀 성장기(막내가 초등학생～고등학생),"1,600~2,000만원 내외",자영업,경기
204653,20230701,전동 킥보드,남성,50대,자녀 성장기(막내가 초등학생～고등학생),900만원 내외,경영/관리직,부산
204657,20230701,"오토바이(바이크, 스쿠터)",남성,40대,자녀 성장기(막내가 초등학생～고등학생),"1,100~1,500만원 내외",경영/관리직,인천
204674,20230701,전동 킥보드,남성,40대,자녀 성장기(막내가 초등학생～고등학생),600만원 내외,무직/기타,경기
204898,20230701,전기 자전거,남성,60대 이상,자녀 성인기(막내가 대학생～결혼 전),"1,100~1,500만원 내외",경영/관리직,경기
205208,20230701,전동 스쿠터,남성,40대,자녀 독립기(막내가 결혼한 상태),500만원 내외,사무직,서울
205489,20230701,전동 스쿠터,남성,40대,1인 가구,100만원 이하,무직/기타,강원
205529,20230701,"오토바이(바이크, 스쿠터)",남성,40대,자녀 성인기(막내가 대학생～결혼 전),500만원 내외,사무직,충북
205658,20230701,"오토바이(바이크, 스쿠터)",남성,50대,자녀 성장기(막내가 초등학생～고등학생),"1,600~2,000만원 내외",자영업,서울
205826,20230701,전기 자전거,남성,60대 이상,1인 가구,500만원 내외,기술/숙련직,경기
205834,20230701,전기 자전거,여성,30대,신혼기 초과(자녀없음),600만원 내외,일반 공무원/준공무원,전남
205843,20230701,전동 킥보드,남성,40대,1인 가구,200만원 내외,기술/숙련직,충남
205906,20230701,"오토바이(바이크, 스쿠터)",남성,40대,1인 가구,200만원 내외,기술/숙련직,경기
205914,20230701,전동 스케이트보드,여성,50대,1인 가구,500만원 내외,자영업,부산
205949,20230701,전동 킥보드,남성,60대 이상,자녀 성인기(막내가 대학생～결혼 전),"1,100~1,500만원 내외",자영업,경기
205999,20230701,"오토바이(바이크, 스쿠터)",남성,50대,자녀 성인기(막내가 대학생～결혼 전),500만원 내외,기술/숙련직,인천
206035,20230701,"오토바이(바이크, 스쿠터)",남성,40대,자녀 성인기(막내가 대학생～결혼 전),500만원 내외,기술/숙련직,전남
206043,20230701,전동 킥보드,남성,50대,자녀 성장기(막내가 초등학생～고등학생),"1,000만원 내외",기술/숙련직,대전
206051,20230701,전동 스케이트보드,여성,20대,신혼기 초과(자녀없음),500만원 내외,무직/기타,경남
206053,20230701,전동 킥보드,여성,30대,신혼기 초과(자녀없음),600만원 내외,전문직,서울
206056,20230701,"오토바이(바이크, 스쿠터)",남성,40대,자녀 성장기(막내가 초등학생～고등학생),700만원 내외,기술/숙련직,충남
206233,20230701,전동 휠,남성,40대,자녀 성장기(막내가 초등학생～고등학생),"1,100~1,500만원 내외",기술/숙련직,경남
206240,20230701,전동 킥보드,남성,50대,1인 가구,200만원 내외,무직/기타,대구
206248,20230701,"오토바이(바이크, 스쿠터)",남성,60대 이상,자녀 독립기(막내가 결혼한 상태),300만원 내외,무직/기타,강원
206252,20230701,"오토바이(바이크, 스쿠터)",남성,30대,자녀 유아기(막내가 초등학교 입학 전),"1,100~1,500만원 내외",자영업,서울
206268,20230701,전기 자전거,남성,60대 이상,자녀 성인기(막내가 대학생～결혼 전),500만원 내외,무직/기타,서울
206286,20230701,전기 자전거,남성,50대,자녀 성인기(막내가 대학생～결혼 전),500만원 내외,경영/관리직,경기
206298,20230701,"오토바이(바이크, 스쿠터)",여성,40대,자녀 성장기(막내가 초등학생～고등학생),700만원 내외,무직/기타,충남
206309,20230701,전기 자전거,남성,50대,1인 가구,500만원 내외,기술/숙련직,충남
206484,20230701,"오토바이(바이크, 스쿠터)",남성,50대,자녀 독립기(막내가 결혼한 상태),200만원 내외,일반 공무원/준공무원,충남
206639,20230701,전동 킥보드,남성,30대,신혼기(자녀없음),700만원 내외,사무직,충북
206762,20230701,"오토바이(바이크, 스쿠터)",남성,40대,자녀 성장기(막내가 초등학생～고등학생),300만원 내외,자영업,경북
206799,20230701,"오토바이(바이크, 스쿠터)",남성,40대,1인 가구,400만원 내외,기술/숙련직,경기
207111,20230701,전동 킥보드,남성,60대 이상,신혼기(자녀없음),"1,100~1,500만원 내외",기술/숙련직,경기
207211,20230701,전기 자전거,남성,40대,자녀 성장기(막내가 초등학생～고등학생),600만원 내외,사무직,대구
207298,20230701,전기 자전거,남성,30대,자녀 유아기(막내가 초등학교 입학 전),300만원 내외,기술/숙련직,대구
207318,20230701,전동 스케이트보드,여성,30대,자녀 유아기(막내가 초등학교 입학 전),600만원 내외,사무직,부산
207668,20230701,전기 자전거,남성,60대 이상,1인 가구,400만원 내외,자영업,경기
207669,20230701,"오토바이(바이크, 스쿠터)",남성,50대,자녀 성장기(막내가 초등학생～고등학생),"1,000만원 내외",자영업,전남
207784,20230701,전기 자전거,남성,30대,신혼기 초과(자녀없음),300만원 내외,무직/기타,울산
207881,20230701,전기 자전거,남성,40대,자녀 성장기(막내가 초등학생～고등학생),800만원 내외,사무직,경기
207921,20230701,전기 자전거,여성,60대 이상,자녀 성인기(막내가 대학생～결혼 전),700만원 내외,기술/숙련직,경기
207937,20230701,전동 킥보드,남성,30대,자녀 성인기(막내가 대학생～결혼 전),400만원 내외,무직/기타,대구
207952,20230701,전기 자전거,남성,40대,자녀 유아기(막내가 초등학교 입학 전),400만원 내외,기술/숙련직,서울
207980,20230701,"오토바이(바이크, 스쿠터)",남성,40대,자녀 성장기(막내가 초등학생～고등학생),"2,100만원 이상",자영업,경북
207981,20230701,전기 자전거,여성,40대,신혼기 초과(자녀없음),500만원 내외,무직/기타,울산
208000,20230701,전기 자전거,남성,50대,자녀 성인기(막내가 대학생～결혼 전),900만원 내외,판매/서비스직,광주
208012,20230701,전기 자전거,남성,40대,자녀 성인기(막내가 대학생～결혼 전),500만원 내외,기술/숙련직,서울
208015,20230701,전기 자전거,남성,60대 이상,자녀 성인기(막내가 대학생～결혼 전),700만원 내외,무직/기타,경기
208025,20230701,전동 휠,여성,40대,1인 가구,"1,600~2,000만원 내외",경영/관리직,서울
208033,20230701,전동 킥보드,남성,60대 이상,자녀 성인기(막내가 대학생～결혼 전),"1,100~1,500만원 내외",무직/기타,경기
208035,20230701,전동 킥보드,남성,30대,1인 가구,200만원 내외,기술/숙련직,경기
208043,20230701,전동 휠,남성,50대,1인 가구,300만원 내외,자영업,경기
208046,20230701,전기 자전거,남성,60대 이상,자녀 성인기(막내가 대학생～결혼 전),500만원 내외,자영업,경기
208050,20230701,전기 자전거,여성,40대,자녀 성인기(막내가 대학생～결혼 전),500만원 내외,전문직,서울
208065,20230701,"오토바이(바이크, 스쿠터)",여성,40대,자녀 성장기(막내가 초등학생～고등학생),400만원 내외,기술/숙련직,경기
208076,20230701,전동 킥보드,남성,50대,자녀 성장기(막내가 초등학생～고등학생),900만원 내외,사무직,경남
208081,20230701,전동 킥보드,남성,40대,자녀 유아기(막내가 초등학교 입학 전),600만원 내외,전문직,경기
208217,20230701,전동 킥보드,여성,50대,자녀 성장기(막내가 초등학생～고등학생),600만원 내외,일반 공무원/준공무원,전남
208404,20230701,"오토바이(바이크, 스쿠터)",남성,50대,자녀 성장기(막내가 초등학생～고등학생),"1,100~1,500만원 내외",기술/숙련직,경기
208677,20230701,전동 킥보드,여성,30대,1인 가구,모름,무직/기타,대구
208870,20230701,전동 킥보드,남성,40대,1인 가구,400만원 내외,기술/숙련직,인천
208899,20230701,전기 자전거,남성,40대,자녀 성장기(막내가 초등학생～고등학생),600만원 내외,경영/관리직,서울
209174,20230701,"오토바이(바이크, 스쿠터)",남성,30대,1인 가구,"2,100만원 이상",자영업,경기
209242,20230701,전기 자전거,남성,50대,자녀 독립기(막내가 결혼한 상태),500만원 내외,경영/관리직,경기
209243,20230701,전동 킥보드,남성,40대,1인 가구,400만원 내외,사무직,경북
209346,20230701,전동 킥보드,남성,30대,1인 가구,500만원 내외,자영업,전북
209433,20230701,전동 킥보드,남성,40대,자녀 유아기(막내가 초등학교 입학 전),500만원 내외,기술/숙련직,서울
209437,20230701,"오토바이(바이크, 스쿠터)",남성,40대,신혼기 초과(자녀없음),600만원 내외,사무직,경기
209566,20230701,"오토바이(바이크, 스쿠터)",남성,30대,신혼기(자녀없음),700만원 내외,일반 공무원/준공무원,인천
209656,20230701,전동 스케이트보드,남성,40대,자녀 유아기(막내가 초등학교 입학 전),500만원 내외,사무직,서울
209662,20230701,전기 자전거,여성,60대 이상,1인 가구,700만원 내외,판매/서비스직,경북
209675,20230701,"오토바이(바이크, 스쿠터)",남성,30대,자녀 성장기(막내가 초등학생～고등학생),400만원 내외,기술/숙련직,경남
209705,20230701,전기 자전거,여성,60대 이상,자녀 성인기(막내가 대학생～결혼 전),400만원 내외,무직/기타,경북
209723,20230701,전기 자전거,남성,40대,자녀 유아기(막내가 초등학교 입학 전),600만원 내외,판매/서비스직,서울
209772,20230701,전동 스케이트보드,남성,50대,신혼기 초과(자녀없음),"1,100~1,500만원 내외",전문직,서울
209773,20230701,전동 킥보드,남성,40대,자녀 유아기(막내가 초등학교 입학 전),800만원 내외,사무직,제주
209803,20230701,"오토바이(바이크, 스쿠터)",남성,30대,1인 가구,400만원 내외,사무직,서울
209809,20230701,전동 킥보드,남성,40대,자녀 성장기(막내가 초등학생～고등학생),700만원 내외,자영업,인천
209848,20230701,전기 자전거,남성,40대,1인 가구,400만원 내외,일반 공무원/준공무원,부산
209854,20230701,전기 자전거,남성,50대,자녀 성인기(막내가 대학생～결혼 전),"1,100~1,500만원 내외",경영/관리직,서울
209855,20230701,전기 자전거,남성,60대 이상,자녀 독립기(막내가 결혼한 상태),800만원 내외,무직/기타,세종
209863,20230701,전동 킥보드,남성,40대,자녀 성장기(막내가 초등학생～고등학생),600만원 내외,사무직,경기
209871,20230701,전기 자전거,남성,40대,자녀 유아기(막내가 초등학교 입학 전),400만원 내외,판매/서비스직,인천
209876,20230701,"오토바이(바이크, 스쿠터)",남성,60대 이상,자녀 성인기(막내가 대학생～결혼 전),300만원 내외,자영업,강원
210094,20230701,전기 자전거,남성,60대 이상,자녀 독립기(막내가 결혼한 상태),200만원 내외,무직/기타,경기
210109,20230701,"오토바이(바이크, 스쿠터)",남성,50대,자녀 성인기(막내가 대학생～결혼 전),"1,000만원 내외",경영/관리직,경기
210378,20230701,전동 스쿠터,남성,60대 이상,자녀 성인기(막내가 대학생～결혼 전),"1,000만원 내외",자영업,서울
210657,20230701,전기 자전거,여성,40대,1인 가구,100만원 이하,자영업,부산
210841,20230701,전동 킥보드,남성,30대,자녀 유아기(막내가 초등학교 입학 전),500만원 내외,자영업,강원
210858,20230701,전동 킥보드,여성,40대,자녀 성장기(막내가 초등학생～고등학생),700만원 내외,일반 공무원/준공무원,서울
211179,20230701,"오토바이(바이크, 스쿠터)",남성,30대,자녀 유아기(막내가 초등학교 입학 전),700만원 내외,자영업,서울
211291,20230701,전동 스케이트보드,여성,20대,자녀 유아기(막내가 초등학교 입학 전),"1,600~2,000만원 내외",전문직,서울
211325,20230701,"오토바이(바이크, 스쿠터)",남성,50대,신혼기 초과(자녀없음),700만원 내외,경영/관리직,경기
211334,20230701,전기 자전거,여성,60대 이상,자녀 성인기(막내가 대학생～결혼 전),800만원 내외,기술/숙련직,서울
211353,20230701,전동 스케이트보드,남성,50대,자녀 성장기(막내가 초등학생～고등학생),600만원 내외,사무직,서울
211371,20230701,전동 스케이트보드,남성,50대,자녀 성장기(막내가 초등학생～고등학생),600만원 내외,기술/숙련직,부산
211382,20230701,전동 킥보드,여성,30대,신혼기(자녀없음),500만원 내외,사무직,부산
211429,20230701,"오토바이(바이크, 스쿠터)",남성,40대,자녀 성장기(막내가 초등학생～고등학생),400만원 내외,경영/관리직,경기
211457,20230701,"오토바이(바이크, 스쿠터)",남성,60대 이상,자녀 독립기(막내가 결혼한 상태),"2,100만원 이상",전문직,서울
211471,20230701,전동 킥보드,여성,40대,자녀 성장기(막내가 초등학생～고등학생),"1,100~1,500만원 내외",사무직,서울
211479,20230701,"오토바이(바이크, 스쿠터)",남성,40대,자녀 성장기(막내가 초등학생～고등학생),"1,000만원 내외",자영업,울산
211494,20230701,전동 킥보드,남성,30대,1인 가구,400만원 내외,사무직,경기
211506,20230701,"오토바이(바이크, 스쿠터)",남성,40대,자녀 성장기(막내가 초등학생～고등학생),800만원 내외,경영/관리직,서울
211517,20230701,"오토바이(바이크, 스쿠터)",남성,40대,자녀 성장기(막내가 초등학생～고등학생),600만원 내외,사무직,인천
211520,20230701,전동 휠,남성,60대 이상,자녀 성인기(막내가 대학생～결혼 전),700만원 내외,자영업,충북
211521,20230701,전기 자전거,남성,40대,자녀 성장기(막내가 초등학생～고등학생),"1,100~1,500만원 내외",자영업,경기
211527,20230701,전기 자전거,남성,50대,자녀 성장기(막내가 초등학생～고등학생),600만원 내외,기술/숙련직,경기
211575,20230701,전기 자전거,여성,30대,1인 가구,300만원 내외,사무직,대전
211580,20230701,"오토바이(바이크, 스쿠터)",남성,50대,자녀 성인기(막내가 대학생～결혼 전),200만원 내외,무직/기타,경북
211672,20230701,전동 킥보드,남성,60대 이상,자녀 성인기(막내가 대학생～결혼 전),800만원 내외,일반 공무원/준공무원,충남
211719,20230701,"오토바이(바이크, 스쿠터)",여성,50대,자녀 성인기(막내가 대학생～결혼 전),800만원 내외,전업주부,서울
212300,20230701,전기 자전거,남성,60대 이상,자녀 독립기(막내가 결혼한 상태),500만원 내외,무직/기타,경북
212397,20230701,전기 자전거,남성,40대,자녀 성장기(막내가 초등학생～고등학생),600만원 내외,판매/서비스직,경기
212406,20230701,전동 킥보드,남성,50대,자녀 성장기(막내가 초등학생～고등학생),"1,000만원 내외",무직/기타,경기
212804,20230701,전동 킥보드,남성,50대,자녀 성인기(막내가 대학생～결혼 전),900만원 내외,사무직,경기
213021,20230701,"오토바이(바이크, 스쿠터)",남성,50대,1인 가구,400만원 내외,기술/숙련직,경기
213044,20230701,"오토바이(바이크, 스쿠터)",여성,20대,자녀 성인기(막내가 대학생～결혼 전),"1,600~2,000만원 내외",자영업,서울
213105,20230701,전동 킥보드,여성,50대,1인 가구,300만원 내외,판매/서비스직,전남
213123,20230701,전동 킥보드,남성,30대,자녀 성인기(막내가 대학생～결혼 전),500만원 내외,판매/서비스직,서울
213128,20230701,"오토바이(바이크, 스쿠터)",남성,50대,자녀 성인기(막내가 대학생～결혼 전),600만원 내외,무직/기타,전북
213131,20230701,전기 자전거,남성,50대,자녀 성장기(막내가 초등학생～고등학생),500만원 내외,사무직,서울
213161,20230701,"오토바이(바이크, 스쿠터)",남성,60대 이상,자녀 독립기(막내가 결혼한 상태),300만원 내외,무직/기타,전남
213170,20230701,전동 킥보드,남성,40대,1인 가구,300만원 내외,기술/숙련직,경기
213244,20230701,전동 킥보드,남성,40대,자녀 성장기(막내가 초등학생～고등학생),"1,600~2,000만원 내외",경영/관리직,광주
213268,20230701,전기 자전거,남성,60대 이상,자녀 독립기(막내가 결혼한 상태),700만원 내외,기술/숙련직,부산
213306,20230701,전기 자전거,남성,40대,자녀 성장기(막내가 초등학생～고등학생),900만원 내외,일반 공무원/준공무원,강원
213314,20230701,전동 휠,남성,60대 이상,자녀 성장기(막내가 초등학생～고등학생),"2,100만원 이상",전문직,경기
213316,20230701,"오토바이(바이크, 스쿠터)",남성,50대,자녀 성장기(막내가 초등학생～고등학생),700만원 내외,기술/숙련직,세종
213325,20230701,"오토바이(바이크, 스쿠터)",남성,50대,자녀 성인기(막내가 대학생～결혼 전),모름,기술/숙련직,경기
213345,20230701,전동 킥보드,남성,60대 이상,자녀 성인기(막내가 대학생～결혼 전),500만원 내외,기술/숙련직,경기
213351,20230701,전기 자전거,남성,50대,자녀 성인기(막내가 대학생～결혼 전),500만원 내외,자영업,경남
213410,20230701,전동 킥보드,남성,40대,자녀 성장기(막내가 초등학생～고등학생),700만원 내외,판매/서비스직,대구
213451,20230701,전기 자전거,여성,40대,자녀 유아기(막내가 초등학교 입학 전),400만원 내외,일반 공무원/준공무원,인천
213636,20230701,"오토바이(바이크, 스쿠터)",남성,60대 이상,신혼기 초과(자녀없음),"1,100~1,500만원 내외",자영업,충북
213740,20230701,"오토바이(바이크, 스쿠터)",남성,50대,자녀 성장기(막내가 초등학생～고등학생),600만원 내외,자영업,인천
213868,20230701,"오토바이(바이크, 스쿠터)",여성,40대,자녀 성장기(막내가 초등학생～고등학생),500만원 내외,판매/서비스직,경기
214043,20230701,"오토바이(바이크, 스쿠터)",여성,50대,자녀 성인기(막내가 대학생～결혼 전),700만원 내외,전업주부,경기
214409,20230701,전동 킥보드,남성,50대,자녀 성인기(막내가 대학생～결혼 전),800만원 내외,사무직,경기
214421,20230701,전동 킥보드,남성,40대,자녀 성장기(막내가 초등학생～고등학생),900만원 내외,기술/숙련직,경기
214501,20230701,전동 킥보드,남성,40대,1인 가구,600만원 내외,기술/숙련직,인천
214514,20230701,"오토바이(바이크, 스쿠터)",남성,50대,자녀 성인기(막내가 대학생～결혼 전),"2,100만원 이상",무직/기타,서울
214612,20230701,전동 킥보드,남성,50대,자녀 성인기(막내가 대학생～결혼 전),800만원 내외,기술/숙련직,충남
214668,20230701,전동 킥보드,남성,50대,자녀 성장기(막내가 초등학생～고등학생),600만원 내외,기술/숙련직,부산
214670,20230701,"오토바이(바이크, 스쿠터)",남성,40대,자녀 유아기(막내가 초등학교 입학 전),500만원 내외,기술/숙련직,경기
214674,20230701,전기 자전거,남성,40대,자녀 유아기(막내가 초등학교 입학 전),600만원 내외,사무직,인천
214730,20230701,전동 킥보드,남성,50대,1인 가구,400만원 내외,기술/숙련직,경기
214858,20230701,전동 킥보드,여성,30대,자녀 유아기(막내가 초등학교 입학 전),600만원 내외,일반 공무원/준공무원,충북
214939,20230701,"오토바이(바이크, 스쿠터)",남성,50대,자녀 성인기(막내가 대학생～결혼 전),500만원 내외,기술/숙련직,경기
214955,20230701,전동 킥보드,남성,50대,1인 가구,400만원 내외,판매/서비스직,서울
214958,20230701,전동 킥보드,남성,40대,자녀 성인기(막내가 대학생～결혼 전),600만원 내외,일반 공무원/준공무원,경기
214970,20230701,"오토바이(바이크, 스쿠터)",남성,50대,자녀 성장기(막내가 초등학생～고등학생),600만원 내외,자영업,서울
214973,20230701,전기 자전거,남성,30대,자녀 유아기(막내가 초등학교 입학 전),"1,000만원 내외",사무직,경기
214991,20230701,전기 자전거,남성,60대 이상,자녀 성인기(막내가 대학생～결혼 전),"1,000만원 내외",자영업,서울
215012,20230701,전동 킥보드,남성,50대,자녀 성인기(막내가 대학생～결혼 전),200만원 내외,기술/숙련직,대구
215024,20230701,"오토바이(바이크, 스쿠터)",여성,40대,신혼기(자녀없음),700만원 내외,판매/서비스직,부산
215043,20230701,전기 자전거,여성,30대,자녀 성인기(막내가 대학생～결혼 전),"2,100만원 이상",사무직,부산
215076,20230701,"오토바이(바이크, 스쿠터)",남성,60대 이상,자녀 성인기(막내가 대학생～결혼 전),300만원 내외,무직/기타,인천
215078,20230701,"오토바이(바이크, 스쿠터)",남성,50대,자녀 성장기(막내가 초등학생～고등학생),600만원 내외,사무직,서울
215080,20230701,전동 킥보드,남성,40대,자녀 성장기(막내가 초등학생～고등학생),600만원 내외,기술/숙련직,대구
215093,20230701,전동 킥보드,남성,40대,자녀 성장기(막내가 초등학생～고등학생),400만원 내외,일반 공무원/준공무원,경기
215104,20230701,전기 자전거,남성,60대 이상,자녀 독립기(막내가 결혼한 상태),200만원 내외,무직/기타,경북
215108,20230701,전기 자전거,여성,30대,신혼기(자녀없음),700만원 내외,사무직,경기
215111,20230701,전기 자전거,남성,60대 이상,자녀 독립기(막내가 결혼한 상태),300만원 내외,무직/기타,경기
215409,20230701,"오토바이(바이크, 스쿠터)",남성,40대,자녀 유아기(막내가 초등학교 입학 전),"1,000만원 내외",기술/숙련직,대전
215729,20230701,전기 자전거,남성,60대 이상,자녀 성인기(막내가 대학생～결혼 전),300만원 내외,판매/서비스직,서울
215805,20230701,전동 킥보드,남성,50대,자녀 성인기(막내가 대학생～결혼 전),"1,100~1,500만원 내외",경영/관리직,서울
215848,20230701,"오토바이(바이크, 스쿠터)",남성,50대,1인 가구,700만원 내외,자영업,경기
215872,20230701,전동 킥보드,남성,40대,신혼기(자녀없음),600만원 내외,무직/기타,경기
215886,20230701,"오토바이(바이크, 스쿠터)",남성,40대,자녀 성장기(막내가 초등학생～고등학생),900만원 내외,기술/숙련직,서울
215920,20230701,전동 스쿠터,남성,40대,자녀 성장기(막내가 초등학생～고등학생),300만원 내외,전문직,경북
216317,20230701,전동 킥보드,남성,40대,신혼기 초과(자녀없음),700만원 내외,사무직,경기
216387,20230701,전동 스쿠터,남성,40대,자녀 성장기(막내가 초등학생～고등학생),600만원 내외,사무직,부산
216420,20230701,"오토바이(바이크, 스쿠터)",남성,40대,1인 가구,"1,100~1,500만원 내외",자영업,서울
216506,20230701,"오토바이(바이크, 스쿠터)",남성,50대,자녀 성장기(막내가 초등학생～고등학생),700만원 내외,전문직,대전
216516,20230701,전동 킥보드,남성,30대,신혼기(자녀없음),"1,000만원 내외",판매/서비스직,서울
216585,20230701,전동 킥보드,남성,50대,자녀 성인기(막내가 대학생～결혼 전),300만원 내외,기술/숙련직,서울
216616,20230701,전동 킥보드,남성,50대,자녀 성인기(막내가 대학생～결혼 전),"1,000만원 내외",자영업,인천
216618,20230701,"오토바이(바이크, 스쿠터)",남성,40대,자녀 성인기(막내가 대학생～결혼 전),300만원 내외,전문직,인천
216688,20230701,"오토바이(바이크, 스쿠터)",남성,40대,자녀 성장기(막내가 초등학생～고등학생),"1,600~2,000만원 내외",사무직,경기
216692,20230701,전기 자전거,여성,50대,자녀 성인기(막내가 대학생～결혼 전),900만원 내외,자영업,대전
216696,20230701,전동 킥보드,남성,30대,자녀 유아기(막내가 초등학교 입학 전),500만원 내외,사무직,경남
216697,20230701,"오토바이(바이크, 스쿠터)",남성,40대,자녀 성장기(막내가 초등학생～고등학생),500만원 내외,일반 공무원/준공무원,서울
216717,20230701,"오토바이(바이크, 스쿠터)",남성,60대 이상,1인 가구,300만원 내외,판매/서비스직,서울
216755,20230701,전기 자전거,남성,50대,자녀 성장기(막내가 초등학생～고등학생),"2,100만원 이상",사무직,전북
216761,20230701,전기 자전거,남성,60대 이상,자녀 독립기(막내가 결혼한 상태),400만원 내외,무직/기타,대구
216782,20230701,"오토바이(바이크, 스쿠터)",남성,40대,1인 가구,300만원 내외,기술/숙련직,광주
216791,20230701,전기 자전거,남성,50대,자녀 성인기(막내가 대학생～결혼 전),500만원 내외,판매/서비스직,서울
216794,20230701,전동 킥보드,남성,40대,1인 가구,800만원 내외,전문직,경기
216802,20230701,전기 자전거,남성,40대,자녀 성장기(막내가 초등학생～고등학생),500만원 내외,사무직,대구
216819,20230701,전기 자전거,남성,50대,자녀 성장기(막내가 초등학생～고등학생),600만원 내외,기술/숙련직,대구
216857,20230701,전동 휠,남성,40대,자녀 성장기(막내가 초등학생～고등학생),"1,000만원 내외",자영업,서울
216978,20230701,"오토바이(바이크, 스쿠터)",남성,40대,자녀 성장기(막내가 초등학생～고등학생),400만원 내외,사무직,서울
217004,20230701,전기 자전거,남성,60대 이상,자녀 성인기(막내가 대학생～결혼 전),400만원 내외,무직/기타,충북
217420,20230701,전동 킥보드,남성,50대,자녀 성장기(막내가 초등학생～고등학생),800만원 내외,기술/숙련직,경기
217458,20230701,전기 자전거,남성,20대,신혼기(자녀없음),800만원 내외,기술/숙련직,울산
217463,20230701,"오토바이(바이크, 스쿠터)",남성,40대,자녀 성장기(막내가 초등학생～고등학생),600만원 내외,기술/숙련직,경남
217855,20230701,전동 스쿠터,남성,50대,1인 가구,300만원 내외,일반 공무원/준공무원,전남
217885,20230701,전기 자전거,남성,40대,자녀 성장기(막내가 초등학생～고등학생),"1,100~1,500만원 내외",무직/기타,대전
217937,20230701,"오토바이(바이크, 스쿠터)",남성,40대,자녀 유아기(막내가 초등학교 입학 전),500만원 내외,기술/숙련직,경기
218010,20230701,전기 자전거,남성,50대,자녀 성인기(막내가 대학생～결혼 전),900만원 내외,기술/숙련직,인천
218146,20230701,"오토바이(바이크, 스쿠터)",남성,40대,자녀 성장기(막내가 초등학생～고등학생),600만원 내외,경영/관리직,강원
218185,20230701,전기 자전거,여성,40대,자녀 성장기(막내가 초등학생～고등학생),600만원 내외,전업주부,경기
218379,20230701,전동 킥보드,남성,40대,자녀 성장기(막내가 초등학생～고등학생),900만원 내외,사무직,인천
218397,20230701,전기 자전거,남성,50대,1인 가구,400만원 내외,자영업,서울
218415,20230701,전동 킥보드,남성,50대,자녀 성장기(막내가 초등학생～고등학생),500만원 내외,사무직,경기
218503,20230701,전기 자전거,남성,60대 이상,자녀 독립기(막내가 결혼한 상태),500만원 내외,기술/숙련직,전남
218514,20230701,"오토바이(바이크, 스쿠터)",남성,50대,자녀 성인기(막내가 대학생～결혼 전),"1,600~2,000만원 내외",경영/관리직,경기
218531,20230701,"오토바이(바이크, 스쿠터)",남성,50대,자녀 성장기(막내가 초등학생～고등학생),"1,000만원 내외",자영업,서울
218534,20230701,"오토바이(바이크, 스쿠터)",남성,40대,자녀 성장기(막내가 초등학생～고등학생),모름,자영업,인천
218540,20230701,전동 킥보드,남성,30대,신혼기(자녀없음),"1,000만원 내외",무직/기타,전남
218548,20230701,"오토바이(바이크, 스쿠터)",남성,50대,자녀 성인기(막내가 대학생～결혼 전),300만원 내외,판매/서비스직,경기
218563,20230701,전동 킥보드,여성,30대,신혼기(자녀없음),800만원 내외,판매/서비스직,경남
218566,20230701,전동 킥보드,남성,40대,1인 가구,400만원 내외,무직/기타,경기
218568,20230701,"오토바이(바이크, 스쿠터)",남성,60대 이상,자녀 성인기(막내가 대학생～결혼 전),300만원 내외,무직/기타,경남
218603,20230701,전기 자전거,남성,60대 이상,자녀 독립기(막내가 결혼한 상태),300만원 내외,무직/기타,전남
218626,20230701,전동 킥보드,남성,40대,신혼기 초과(자녀없음),900만원 내외,무직/기타,서울
218627,20230701,전동 킥보드,남성,40대,자녀 유아기(막내가 초등학교 입학 전),500만원 내외,사무직,제주
218641,20230701,전기 자전거,남성,50대,자녀 독립기(막내가 결혼한 상태),900만원 내외,기술/숙련직,경기
218644,20230701,전기 자전거,남성,60대 이상,자녀 독립기(막내가 결혼한 상태),모름,기술/숙련직,경남
218646,20230701,전동 스쿠터,남성,40대,자녀 성장기(막내가 초등학생～고등학생),500만원 내외,기술/숙련직,전북
218647,20230701,"오토바이(바이크, 스쿠터)",남성,50대,자녀 독립기(막내가 결혼한 상태),700만원 내외,일반 공무원/준공무원,전남
218665,20230701,"오토바이(바이크, 스쿠터)",남성,50대,자녀 성장기(막내가 초등학생～고등학생),500만원 내외,기술/숙련직,전북
218669,20230701,전동 스케이트보드,남성,40대,신혼기(자녀없음),500만원 내외,사무직,광주
218674,20230701,"오토바이(바이크, 스쿠터)",남성,60대 이상,자녀 독립기(막내가 결혼한 상태),400만원 내외,무직/기타,강원
218698,20230701,전동 스쿠터,남성,50대,자녀 성인기(막내가 대학생～결혼 전),700만원 내외,자영업,전북
218700,20230701,전동 휠,남성,40대,자녀 성장기(막내가 초등학생～고등학생),800만원 내외,자영업,세종
218709,20230701,"오토바이(바이크, 스쿠터)",남성,30대,신혼기(자녀없음),"1,600~2,000만원 내외",자영업,경기
218739,20230701,"오토바이(바이크, 스쿠터)",여성,40대,1인 가구,"1,000만원 내외",판매/서비스직,서울
218758,20230701,"오토바이(바이크, 스쿠터)",남성,50대,자녀 성인기(막내가 대학생～결혼 전),500만원 내외,기술/숙련직,서울
218774,20230701,"오토바이(바이크, 스쿠터)",여성,50대,자녀 성인기(막내가 대학생～결혼 전),900만원 내외,사무직,대구
218798,20230701,"오토바이(바이크, 스쿠터)",남성,40대,신혼기 초과(자녀없음),700만원 내외,기술/숙련직,경남
218807,20230701,전동 스쿠터,남성,60대 이상,자녀 성인기(막내가 대학생～결혼 전),900만원 내외,전문직,광주
218824,20230701,"오토바이(바이크, 스쿠터)",남성,40대,1인 가구,"1,100~1,500만원 내외",사무직,부산
218838,20230701,전기 자전거,남성,30대,신혼기(자녀없음),500만원 내외,사무직,경기
218854,20230701,"오토바이(바이크, 스쿠터)",남성,40대,신혼기 초과(자녀없음),300만원 내외,기술/숙련직,경북
218892,20230701,전동 킥보드,남성,60대 이상,자녀 성인기(막내가 대학생～결혼 전),100만원 이하,무직/기타,전북
218896,20230701,"오토바이(바이크, 스쿠터)",남성,60대 이상,자녀 독립기(막내가 결혼한 상태),300만원 내외,판매/서비스직,경북
218920,20230701,전동 스케이트보드,여성,30대,자녀 유아기(막내가 초등학교 입학 전),"1,000만원 내외",전문직,경기
218931,20230701,"오토바이(바이크, 스쿠터)",남성,50대,자녀 성인기(막내가 대학생～결혼 전),700만원 내외,기술/숙련직,서울
218934,20230701,전동 스쿠터,남성,50대,자녀 성장기(막내가 초등학생～고등학생),600만원 내외,자영업,경북
218941,20230701,전기 자전거,여성,50대,1인 가구,200만원 내외,사무직,경기
218967,20230701,전동 킥보드,남성,40대,자녀 유아기(막내가 초등학교 입학 전),500만원 내외,기술/숙련직,충북
218970,20230701,전동 킥보드,남성,40대,자녀 성인기(막내가 대학생～결혼 전),400만원 내외,사무직,서울
218987,20230701,전동 스쿠터,남성,50대,자녀 독립기(막내가 결혼한 상태),300만원 내외,일반 공무원/준공무원,경기
219004,20230701,전기 자전거,여성,50대,자녀 성인기(막내가 대학생～결혼 전),500만원 내외,사무직,전남
219117,20230701,전동 킥보드,여성,40대,신혼기 초과(자녀없음),600만원 내외,자영업,경북
219216,20230701,전기 자전거,남성,50대,자녀 성인기(막내가 대학생～결혼 전),700만원 내외,일반 공무원/준공무원,제주
219222,20230701,"오토바이(바이크, 스쿠터)",남성,40대,자녀 성장기(막내가 초등학생～고등학생),"1,600~2,000만원 내외",자영업,경기
219356,20230701,전기 자전거,남성,60대 이상,자녀 독립기(막내가 결혼한 상태),200만원 내외,무직/기타,제주
219767,20230701,전동 휠,남성,50대,자녀 성장기(막내가 초등학생～고등학생),700만원 내외,자영업,대구
219777,20230701,전기 자전거,남성,50대,자녀 성인기(막내가 대학생～결혼 전),"1,100~1,500만원 내외",전문직,대구
219831,20230701,"오토바이(바이크, 스쿠터)",남성,60대 이상,자녀 독립기(막내가 결혼한 상태),"1,600~2,000만원 내외",기술/숙련직,충남
219930,20230701,전기 자전거,남성,50대,자녀 성인기(막내가 대학생～결혼 전),600만원 내외,기술/숙련직,경기
220030,20230701,"오토바이(바이크, 스쿠터)",남성,40대,자녀 성장기(막내가 초등학생～고등학생),400만원 내외,기술/숙련직,충남
220033,20230701,"오토바이(바이크, 스쿠터)",남성,40대,신혼기(자녀없음),500만원 내외,일반 공무원/준공무원,경기
220173,20230701,전동 킥보드,남성,40대,자녀 유아기(막내가 초등학교 입학 전),500만원 내외,사무직,부산
220230,20230701,전동 킥보드,남성,30대,자녀 유아기(막내가 초등학교 입학 전),600만원 내외,사무직,경기
220487,20230701,전기 자전거,남성,40대,자녀 성장기(막내가 초등학생～고등학생),500만원 내외,기술/숙련직,부산
220505,20230701,전동 스쿠터,남성,40대,자녀 성인기(막내가 대학생～결혼 전),500만원 내외,사무직,경기
220514,20230701,전기 자전거,남성,40대,자녀 성장기(막내가 초등학생～고등학생),600만원 내외,사무직,경기
220517,20230701,"오토바이(바이크, 스쿠터)",남성,60대 이상,자녀 성인기(막내가 대학생～결혼 전),500만원 내외,일반 공무원/준공무원,강원
220529,20230701,"오토바이(바이크, 스쿠터)",남성,50대,자녀 성인기(막내가 대학생～결혼 전),"1,100~1,500만원 내외",자영업,강원
220565,20230701,전기 자전거,남성,40대,1인 가구,400만원 내외,자영업,강원
220566,20230701,"오토바이(바이크, 스쿠터)",남성,30대,1인 가구,600만원 내외,무직/기타,부산
220583,20230701,전동 킥보드,남성,40대,자녀 유아기(막내가 초등학교 입학 전),400만원 내외,기술/숙련직,경기
220602,20230701,"오토바이(바이크, 스쿠터)",남성,60대 이상,자녀 독립기(막내가 결혼한 상태),800만원 내외,사무직,경기
220612,20230701,전기 자전거,남성,60대 이상,자녀 독립기(막내가 결혼한 상태),"1,000만원 내외",자영업,경기
220642,20230701,"오토바이(바이크, 스쿠터)",남성,60대 이상,자녀 독립기(막내가 결혼한 상태),300만원 내외,자영업,강원
220644,20230701,전기 자전거,여성,60대 이상,자녀 성인기(막내가 대학생～결혼 전),900만원 내외,전업주부,충남
220657,20230701,전동 킥보드,남성,40대,자녀 유아기(막내가 초등학교 입학 전),300만원 내외,사무직,충남
220659,20230701,전기 자전거,남성,60대 이상,자녀 독립기(막내가 결혼한 상태),300만원 내외,무직/기타,부산
220660,20230701,"오토바이(바이크, 스쿠터)",남성,40대,신혼기(자녀없음),500만원 내외,사무직,경북
220943,20230701,전동 킥보드,남성,50대,자녀 성장기(막내가 초등학생～고등학생),500만원 내외,기술/숙련직,인천
221080,20230701,전동 킥보드,여성,60대 이상,자녀 독립기(막내가 결혼한 상태),700만원 내외,자영업,충북
221280,20230701,전동 킥보드,남성,40대,자녀 성장기(막내가 초등학생～고등학생),500만원 내외,사무직,경기
221474,20230701,전기 자전거,남성,50대,자녀 성인기(막내가 대학생～결혼 전),900만원 내외,일반 공무원/준공무원,부산
221556,20230701,전기 자전거,남성,50대,자녀 성인기(막내가 대학생～결혼 전),500만원 내외,사무직,서울
221627,20230701,전기 자전거,남성,50대,자녀 성인기(막내가 대학생～결혼 전),800만원 내외,자영업,서울
221739,20230701,"오토바이(바이크, 스쿠터)",남성,40대,신혼기 초과(자녀없음),500만원 내외,자영업,인천
221786,20230701,전동 휠,여성,50대,자녀 성장기(막내가 초등학생～고등학생),500만원 내외,일반 공무원/준공무원,경기
221794,20230701,"오토바이(바이크, 스쿠터)",남성,40대,1인 가구,700만원 내외,전문직,서울
221910,20230701,전동 킥보드,남성,30대,자녀 유아기(막내가 초등학교 입학 전),600만원 내외,사무직,경기
221992,20230701,전기 자전거,남성,40대,신혼기 초과(자녀없음),600만원 내외,기술/숙련직,경기
222011,20230701,전동 스쿠터,남성,40대,자녀 유아기(막내가 초등학교 입학 전),"1,600~2,000만원 내외",일반 공무원/준공무원,서울
222021,20230701,전동 킥보드,남성,40대,자녀 유아기(막내가 초등학교 입학 전),700만원 내외,기술/숙련직,경남
222050,20230701,"오토바이(바이크, 스쿠터)",남성,20대,1인 가구,300만원 내외,무직/기타,서울
222055,20230701,전동 휠,남성,40대,자녀 성장기(막내가 초등학생～고등학생),"1,000만원 내외",판매/서비스직,전남
222063,20230701,전동 킥보드,남성,40대,신혼기 초과(자녀없음),700만원 내외,사무직,세종
222064,20230701,"오토바이(바이크, 스쿠터)",여성,60대 이상,자녀 성인기(막내가 대학생～결혼 전),800만원 내외,일반 공무원/준공무원,서울
222068,20230701,"오토바이(바이크, 스쿠터)",남성,50대,자녀 성인기(막내가 대학생～결혼 전),800만원 내외,자영업,경북
222079,20230701,전기 자전거,여성,50대,자녀 독립기(막내가 결혼한 상태),"1,100~1,500만원 내외",일반 공무원/준공무원,경남
222099,20230701,전기 자전거,남성,40대,자녀 성장기(막내가 초등학생～고등학생),500만원 내외,일반 공무원/준공무원,경기
222100,20230701,전기 자전거,남성,40대,자녀 성장기(막내가 초등학생～고등학생),500만원 내외,사무직,대구
222153,20230701,전기 자전거,남성,30대,자녀 유아기(막내가 초등학교 입학 전),300만원 내외,판매/서비스직,경기
222155,20230701,"오토바이(바이크, 스쿠터)",남성,50대,자녀 성장기(막내가 초등학생～고등학생),400만원 내외,기술/숙련직,광주
222158,20230701,전기 자전거,남성,50대,자녀 성장기(막내가 초등학생～고등학생),800만원 내외,기술/숙련직,광주
222164,20230701,"오토바이(바이크, 스쿠터)",남성,40대,1인 가구,600만원 내외,판매/서비스직,강원
222167,20230701,"오토바이(바이크, 스쿠터)",남성,30대,신혼기(자녀없음),500만원 내외,사무직,경기
222347,20230701,전기 자전거,남성,30대,자녀 성장기(막내가 초등학생～고등학생),700만원 내외,기술/숙련직,경북
222544,20230701,전기 자전거,남성,40대,1인 가구,800만원 내외,무직/기타,경기
222577,20230701,전동 킥보드,여성,30대,자녀 독립기(막내가 결혼한 상태),200만원 내외,사무직,서울
222634,20230701,"오토바이(바이크, 스쿠터)",남성,40대,자녀 성장기(막내가 초등학생～고등학생),700만원 내외,경영/관리직,경기
222751,20230701,"오토바이(바이크, 스쿠터)",남성,50대,자녀 성인기(막내가 대학생～결혼 전),"1,000만원 내외",전문직,경기
222800,20230701,전동 킥보드,여성,40대,자녀 성장기(막내가 초등학생～고등학생),600만원 내외,전업주부,서울
222822,20230701,"오토바이(바이크, 스쿠터)",남성,40대,자녀 유아기(막내가 초등학교 입학 전),700만원 내외,자영업,경북
222894,20230701,"오토바이(바이크, 스쿠터)",남성,60대 이상,자녀 성인기(막내가 대학생～결혼 전),200만원 내외,자영업,서울
222909,20230701,전동 킥보드,남성,40대,신혼기 초과(자녀없음),600만원 내외,기술/숙련직,경남
222911,20230701,"오토바이(바이크, 스쿠터)",여성,40대,신혼기 초과(자녀없음),모름,사무직,경북
222916,20230701,전기 자전거,남성,50대,1인 가구,200만원 내외,자영업,대전
222923,20230701,"오토바이(바이크, 스쿠터)",남성,60대 이상,자녀 독립기(막내가 결혼한 상태),700만원 내외,자영업,경기
222938,20230701,전기 자전거,남성,40대,자녀 성인기(막내가 대학생～결혼 전),"1,000만원 내외",전문직,서울
222951,20230701,전동 킥보드,남성,40대,자녀 성장기(막내가 초등학생～고등학생),"1,100~1,500만원 내외",경영/관리직,서울
222962,20230701,"오토바이(바이크, 스쿠터)",남성,60대 이상,자녀 독립기(막내가 결혼한 상태),700만원 내외,무직/기타,전남
222965,20230701,전기 자전거,남성,60대 이상,자녀 성인기(막내가 대학생～결혼 전),900만원 내외,무직/기타,경기
222982,20230701,"오토바이(바이크, 스쿠터)",남성,40대,신혼기 초과(자녀없음),800만원 내외,자영업,부산
222988,20230701,전동 스쿠터,남성,50대,신혼기 초과(자녀없음),"1,000만원 내외",자영업,광주
223012,20230701,전동 스케이트보드,남성,50대,자녀 성인기(막내가 대학생～결혼 전),700만원 내외,사무직,경기
223013,20230701,전동 킥보드,여성,30대,신혼기(자녀없음),400만원 내외,전업주부,경기
223035,20230701,"오토바이(바이크, 스쿠터)",남성,40대,자녀 성장기(막내가 초등학생～고등학생),"1,100~1,500만원 내외",전문직,서울
223273,20230701,"오토바이(바이크, 스쿠터)",남성,50대,자녀 성인기(막내가 대학생～결혼 전),900만원 내외,기술/숙련직,서울
223307,20230701,전동 휠,남성,40대,자녀 성장기(막내가 초등학생～고등학생),800만원 내외,기술/숙련직,서울
223411,20230701,전동 킥보드,남성,40대,자녀 유아기(막내가 초등학교 입학 전),600만원 내외,기술/숙련직,부산
223442,20230701,전동 스쿠터,남성,40대,신혼기(자녀없음),400만원 내외,일반 공무원/준공무원,경기
223478,20230701,전기 자전거,남성,30대,신혼기(자녀없음),700만원 내외,사무직,대전
223605,20230701,전동 킥보드,남성,30대,신혼기(자녀없음),600만원 내외,사무직,서울
223618,20230701,전기 자전거,남성,60대 이상,자녀 독립기(막내가 결혼한 상태),400만원 내외,무직/기타,세종
223661,20230701,전기 자전거,남성,50대,자녀 성인기(막내가 대학생～결혼 전),700만원 내외,기술/숙련직,충북
223693,20230701,전동 킥보드,여성,30대,자녀 성장기(막내가 초등학생～고등학생),"1,000만원 내외",사무직,서울
223694,20230701,"오토바이(바이크, 스쿠터)",남성,40대,자녀 성장기(막내가 초등학생～고등학생),500만원 내외,기술/숙련직,서울
223696,20230701,"오토바이(바이크, 스쿠터)",남성,60대 이상,자녀 독립기(막내가 결혼한 상태),400만원 내외,자영업,전남
223748,20230701,"오토바이(바이크, 스쿠터)",남성,50대,1인 가구,500만원 내외,자영업,전북
223775,20230701,전동 킥보드,여성,50대,자녀 성인기(막내가 대학생～결혼 전),700만원 내외,전업주부,서울
223795,20230701,전동 킥보드,여성,20대,자녀 성인기(막내가 대학생～결혼 전),600만원 내외,사무직,대구
223818,20230701,전동 휠,남성,50대,자녀 성장기(막내가 초등학생～고등학생),"1,000만원 내외",자영업,대구
223899,20230701,전동 킥보드,남성,30대,자녀 유아기(막내가 초등학교 입학 전),800만원 내외,자영업,서울
223908,20230701,전기 자전거,남성,50대,자녀 성장기(막내가 초등학생～고등학생),900만원 내외,경영/관리직,인천
223918,20230701,"오토바이(바이크, 스쿠터)",여성,50대,1인 가구,400만원 내외,전문직,전남
223929,20230701,전기 자전거,여성,20대,1인 가구,600만원 내외,사무직,경기
223931,20230701,전동 킥보드,여성,50대,자녀 성인기(막내가 대학생～결혼 전),500만원 내외,자영업,광주
223963,20230701,전기 자전거,여성,20대,자녀 성인기(막내가 대학생～결혼 전),800만원 내외,사무직,경기
224056,20230701,전기 자전거,남성,50대,자녀 성인기(막내가 대학생～결혼 전),"1,000만원 내외",경영/관리직,서울
224261,20230701,"오토바이(바이크, 스쿠터)",남성,40대,자녀 유아기(막내가 초등학교 입학 전),600만원 내외,일반 공무원/준공무원,경남
224377,20230701,"오토바이(바이크, 스쿠터)",남성,40대,자녀 성장기(막내가 초등학생～고등학생),300만원 내외,기술/숙련직,서울
224409,20230701,전동 킥보드,남성,50대,자녀 성인기(막내가 대학생～결혼 전),300만원 내외,기술/숙련직,부산
224411,20230701,전동 킥보드,남성,40대,자녀 유아기(막내가 초등학교 입학 전),"1,100~1,500만원 내외",기술/숙련직,부산
224425,20230701,전기 자전거,남성,40대,자녀 성장기(막내가 초등학생～고등학생),"1,600~2,000만원 내외",사무직,인천
224670,20230701,"오토바이(바이크, 스쿠터)",남성,60대 이상,자녀 성인기(막내가 대학생～결혼 전),500만원 내외,자영업,경기
224710,20230701,전기 자전거,여성,40대,자녀 유아기(막내가 초등학교 입학 전),800만원 내외,전업주부,경기
224713,20230701,전동 킥보드,남성,50대,자녀 성장기(막내가 초등학생～고등학생),500만원 내외,경영/관리직,인천
224715,20230701,"오토바이(바이크, 스쿠터)",남성,40대,1인 가구,300만원 내외,판매/서비스직,경기
224734,20230701,"오토바이(바이크, 스쿠터)",여성,50대,자녀 성인기(막내가 대학생～결혼 전),"1,100~1,500만원 내외",자영업,경기
224760,20230701,전동 킥보드,남성,40대,자녀 성장기(막내가 초등학생～고등학생),700만원 내외,일반 공무원/준공무원,경기
224783,20230701,"오토바이(바이크, 스쿠터)",남성,60대 이상,자녀 성인기(막내가 대학생～결혼 전),300만원 내외,무직/기타,서울
224794,20230701,전기 자전거,남성,50대,신혼기 초과(자녀없음),400만원 내외,자영업,부산
224809,20230701,전동 킥보드,여성,20대,1인 가구,200만원 내외,사무직,부산
224845,20230701,"오토바이(바이크, 스쿠터)",남성,50대,자녀 성인기(막내가 대학생～결혼 전),600만원 내외,일반 공무원/준공무원,경북
224850,20230701,전기 자전거,남성,60대 이상,자녀 독립기(막내가 결혼한 상태),"1,600~2,000만원 내외",자영업,서울
224928,20230701,"오토바이(바이크, 스쿠터)",남성,60대 이상,자녀 독립기(막내가 결혼한 상태),500만원 내외,무직/기타,충북
225170,20230701,"오토바이(바이크, 스쿠터)",남성,30대,1인 가구,500만원 내외,일반 공무원/준공무원,경남
225218,20230701,전기 자전거,여성,40대,자녀 성장기(막내가 초등학생～고등학생),"1,000만원 내외",자영업,경기
225225,20230701,"오토바이(바이크, 스쿠터)",남성,30대,자녀 성인기(막내가 대학생～결혼 전),800만원 내외,무직/기타,서울
225236,20230701,전기 자전거,여성,50대,1인 가구,200만원 내외,사무직,전북
225303,20230701,"오토바이(바이크, 스쿠터)",남성,60대 이상,자녀 성인기(막내가 대학생～결혼 전),800만원 내외,기술/숙련직,인천
225313,20230701,전기 자전거,여성,30대,자녀 유아기(막내가 초등학교 입학 전),"1,600~2,000만원 내외",사무직,서울
225326,20230701,전기 자전거,남성,60대 이상,자녀 성인기(막내가 대학생～결혼 전),600만원 내외,자영업,강원
225430,20230701,"오토바이(바이크, 스쿠터)",여성,40대,자녀 성인기(막내가 대학생～결혼 전),900만원 내외,사무직,경기
225594,20230701,전기 자전거,여성,20대,자녀 성인기(막내가 대학생～결혼 전),모름,무직/기타,광주
225635,20230701,전동 킥보드,남성,40대,자녀 유아기(막내가 초등학교 입학 전),"1,000만원 내외",사무직,서울
225676,20230701,전동 휠,남성,50대,자녀 성장기(막내가 초등학생～고등학생),500만원 내외,사무직,경기
225710,20230701,전동 스쿠터,남성,40대,자녀 성장기(막내가 초등학생～고등학생),400만원 내외,일반 공무원/준공무원,인천
225737,20230701,"오토바이(바이크, 스쿠터)",남성,40대,자녀 성장기(막내가 초등학생～고등학생),500만원 내외,전문직,경기
226108,20230701,"오토바이(바이크, 스쿠터)",남성,40대,자녀 성장기(막내가 초등학생～고등학생),200만원 내외,판매/서비스직,서울
226167,20230701,전기 자전거,남성,30대,자녀 유아기(막내가 초등학교 입학 전),400만원 내외,기술/숙련직,경기
226168,20230701,전기 자전거,남성,50대,자녀 성인기(막내가 대학생～결혼 전),400만원 내외,무직/기타,서울
226175,20230701,전기 자전거,여성,40대,자녀 성장기(막내가 초등학생～고등학생),600만원 내외,전업주부,서울
226189,20230701,전기 자전거,여성,50대,자녀 성인기(막내가 대학생～결혼 전),500만원 내외,전업주부,경남
226213,20230701,전동 킥보드,남성,30대,자녀 성인기(막내가 대학생～결혼 전),600만원 내외,사무직,경기
226232,20230701,"오토바이(바이크, 스쿠터)",남성,50대,자녀 성장기(막내가 초등학생～고등학생),700만원 내외,무직/기타,경기
226268,20230701,"오토바이(바이크, 스쿠터)",남성,60대 이상,자녀 독립기(막내가 결혼한 상태),500만원 내외,무직/기타,서울
226291,20230701,전동 킥보드,여성,40대,1인 가구,200만원 내외,무직/기타,인천
226317,20230701,"오토바이(바이크, 스쿠터)",남성,50대,자녀 성인기(막내가 대학생～결혼 전),"1,100~1,500만원 내외",자영업,인천
226324,20230701,전동 킥보드,남성,40대,자녀 유아기(막내가 초등학교 입학 전),"2,100만원 이상",자영업,경기
226336,20230701,"오토바이(바이크, 스쿠터)",남성,40대,1인 가구,300만원 내외,무직/기타,경북
226469,20230701,"오토바이(바이크, 스쿠터)",여성,40대,자녀 성인기(막내가 대학생～결혼 전),700만원 내외,무직/기타,경기
226477,20230701,전기 자전거,남성,40대,자녀 유아기(막내가 초등학교 입학 전),400만원 내외,사무직,광주
226483,20230701,전동 킥보드,여성,40대,자녀 성장기(막내가 초등학생～고등학생),900만원 내외,전업주부,경기
226516,20230701,전동 킥보드,남성,50대,자녀 성장기(막내가 초등학생～고등학생),600만원 내외,경영/관리직,경남
226517,20230701,"오토바이(바이크, 스쿠터)",남성,50대,자녀 독립기(막내가 결혼한 상태),600만원 내외,기술/숙련직,경기
226524,20230701,전동 휠,남성,50대,자녀 성인기(막내가 대학생～결혼 전),700만원 내외,기술/숙련직,충북
226530,20230701,"오토바이(바이크, 스쿠터)",여성,30대,자녀 성장기(막내가 초등학생～고등학생),모름,사무직,충남
226544,20230701,전기 자전거,남성,40대,자녀 성장기(막내가 초등학생～고등학생),400만원 내외,일반 공무원/준공무원,대전
226545,20230701,전동 킥보드,남성,40대,1인 가구,400만원 내외,사무직,경기
226556,20230701,"오토바이(바이크, 스쿠터)",여성,30대,1인 가구,300만원 내외,기술/숙련직,경북
226558,20230701,전동 킥보드,남성,40대,자녀 성장기(막내가 초등학생～고등학생),800만원 내외,기술/숙련직,경기
226579,20230701,"오토바이(바이크, 스쿠터)",남성,60대 이상,자녀 성인기(막내가 대학생～결혼 전),500만원 내외,무직/기타,대구
226620,20230701,전동 킥보드,남성,40대,신혼기(자녀없음),"1,100~1,500만원 내외",자영업,세종
226661,20230701,"오토바이(바이크, 스쿠터)",남성,30대,자녀 독립기(막내가 결혼한 상태),700만원 내외,무직/기타,부산
226684,20230701,전기 자전거,여성,60대 이상,자녀 독립기(막내가 결혼한 상태),500만원 내외,경영/관리직,서울
226689,20230701,전동 킥보드,남성,40대,자녀 성장기(막내가 초등학생～고등학생),"1,000만원 내외",사무직,인천
226708,20230701,전동 스쿠터,남성,60대 이상,자녀 성인기(막내가 대학생～결혼 전),700만원 내외,전문직,서울
226714,20230701,"오토바이(바이크, 스쿠터)",여성,50대,자녀 성인기(막내가 대학생～결혼 전),"1,000만원 내외",사무직,서울
226722,20230701,전동 킥보드,남성,40대,신혼기 초과(자녀없음),"1,600~2,000만원 내외",전문직,서울
226728,20230701,전동 킥보드,남성,30대,자녀 성장기(막내가 초등학생～고등학생),"1,000만원 내외",기술/숙련직,인천
226770,20230701,전기 자전거,남성,50대,자녀 성인기(막내가 대학생～결혼 전),200만원 내외,사무직,강원
226832,20230701,전기 자전거,남성,50대,자녀 성장기(막내가 초등학생～고등학생),500만원 내외,기술/숙련직,울산
226836,20230701,전기 자전거,남성,50대,1인 가구,300만원 내외,무직/기타,경남
226855,20230701,"오토바이(바이크, 스쿠터)",남성,60대 이상,자녀 독립기(막내가 결혼한 상태),400만원 내외,자영업,경기
226866,20230701,"오토바이(바이크, 스쿠터)",남성,40대,자녀 성장기(막내가 초등학생～고등학생),500만원 내외,사무직,서울
226873,20230701,전기 자전거,남성,60대 이상,자녀 성인기(막내가 대학생～결혼 전),500만원 내외,무직/기타,강원
226885,20230701,"오토바이(바이크, 스쿠터)",여성,40대,자녀 성장기(막내가 초등학생～고등학생),"1,000만원 내외",전업주부,경기
226886,20230701,전동 킥보드,남성,20대,자녀 성인기(막내가 대학생～결혼 전),"2,100만원 이상",사무직,서울
226920,20230701,전동 킥보드,남성,50대,자녀 성인기(막내가 대학생～결혼 전),500만원 내외,기술/숙련직,광주
226936,20230701,전기 자전거,여성,50대,1인 가구,100만원 이하,무직/기타,경남
226948,20230701,전동 킥보드,남성,40대,자녀 성장기(막내가 초등학생～고등학생),600만원 내외,기술/숙련직,경기
226987,20230701,전동 킥보드,남성,30대,자녀 성인기(막내가 대학생～결혼 전),300만원 내외,무직/기타,경북
226995,20230701,전기 자전거,남성,20대,1인 가구,400만원 내외,일반 공무원/준공무원,경기
227003,20230701,전기 자전거,남성,60대 이상,자녀 성인기(막내가 대학생～결혼 전),300만원 내외,기술/숙련직,서울
227007,20230701,"오토바이(바이크, 스쿠터)",여성,40대,자녀 유아기(막내가 초등학교 입학 전),300만원 내외,무직/기타,세종
227022,20230701,"오토바이(바이크, 스쿠터)",남성,50대,자녀 성인기(막내가 대학생～결혼 전),"1,600~2,000만원 내외",자영업,경북
227046,20230701,"오토바이(바이크, 스쿠터)",남성,40대,자녀 성장기(막내가 초등학생～고등학생),700만원 내외,일반 공무원/준공무원,대구
227072,20230701,전동 휠,남성,40대,자녀 유아기(막내가 초등학교 입학 전),400만원 내외,일반 공무원/준공무원,경남
227078,20230701,전기 자전거,여성,30대,자녀 유아기(막내가 초등학교 입학 전),모름,전업주부,경북
227090,20230701,전동 킥보드,남성,40대,1인 가구,400만원 내외,기술/숙련직,경남
227105,20230701,전동 킥보드,남성,30대,1인 가구,"1,100~1,500만원 내외",전문직,충북
227178,20230701,"오토바이(바이크, 스쿠터)",여성,60대 이상,자녀 독립기(막내가 결혼한 상태),"1,000만원 내외",무직/기타,전남
227180,20230701,"오토바이(바이크, 스쿠터)",남성,50대,자녀 독립기(막내가 결혼한 상태),300만원 내외,기술/숙련직,대전
227196,20230701,"오토바이(바이크, 스쿠터)",남성,50대,자녀 독립기(막내가 결혼한 상태),"1,000만원 내외",자영업,경기
227214,20230701,"오토바이(바이크, 스쿠터)",여성,50대,자녀 성인기(막내가 대학생～결혼 전),600만원 내외,전업주부,부산
227227,20230701,전동 휠,남성,40대,1인 가구,600만원 내외,기술/숙련직,경기
227239,20230701,전동 킥보드,남성,30대,자녀 성인기(막내가 대학생～결혼 전),"1,100~1,500만원 내외",판매/서비스직,경기
227247,20230701,"오토바이(바이크, 스쿠터)",남성,50대,자녀 성인기(막내가 대학생～결혼 전),400만원 내외,자영업,부산
227337,20230701,전동 킥보드,여성,40대,자녀 성장기(막내가 초등학생～고등학생),500만원 내외,사무직,울산
227341,20230701,"오토바이(바이크, 스쿠터)",남성,30대,자녀 유아기(막내가 초등학교 입학 전),200만원 내외,판매/서비스직,충북
227347,20230701,전기 자전거,남성,50대,자녀 성인기(막내가 대학생～결혼 전),600만원 내외,경영/관리직,경기
227463,20230701,전기 자전거,남성,60대 이상,자녀 성인기(막내가 대학생～결혼 전),500만원 내외,기술/숙련직,경기
227474,20230701,전동 킥보드,남성,40대,1인 가구,500만원 내외,판매/서비스직,서울
227482,20230701,전기 자전거,남성,50대,자녀 성인기(막내가 대학생～결혼 전),"1,100~1,500만원 내외",자영업,경기
227489,20230701,전동 킥보드,남성,40대,자녀 성장기(막내가 초등학생～고등학생),500만원 내외,무직/기타,강원
227497,20230701,"오토바이(바이크, 스쿠터)",남성,50대,자녀 성인기(막내가 대학생～결혼 전),600만원 내외,일반 공무원/준공무원,서울
227500,20230701,"오토바이(바이크, 스쿠터)",남성,40대,자녀 성장기(막내가 초등학생～고등학생),300만원 내외,사무직,경남
227502,20230701,전동 킥보드,남성,50대,1인 가구,300만원 내외,기술/숙련직,인천
227503,20230701,전기 자전거,남성,40대,1인 가구,200만원 내외,자영업,서울
227520,20230701,"오토바이(바이크, 스쿠터)",남성,40대,자녀 성장기(막내가 초등학생～고등학생),900만원 내외,기술/숙련직,대구
227523,20230701,전동 킥보드,여성,50대,자녀 성인기(막내가 대학생～결혼 전),"1,000만원 내외",판매/서비스직,서울
227571,20230701,전기 자전거,남성,60대 이상,자녀 독립기(막내가 결혼한 상태),300만원 내외,무직/기타,경기
227576,20230701,전동 킥보드,남성,60대 이상,자녀 성장기(막내가 초등학생～고등학생),"1,100~1,500만원 내외",사무직,경기
227592,20230701,"오토바이(바이크, 스쿠터)",남성,40대,1인 가구,"1,000만원 내외",자영업,서울
227597,20230701,전동 킥보드,남성,40대,자녀 유아기(막내가 초등학교 입학 전),400만원 내외,사무직,경북
227608,20230701,"오토바이(바이크, 스쿠터)",여성,50대,자녀 성인기(막내가 대학생～결혼 전),400만원 내외,무직/기타,경남
227614,20230701,"오토바이(바이크, 스쿠터)",남성,40대,자녀 성인기(막내가 대학생～결혼 전),400만원 내외,무직/기타,경기
227617,20230701,전기 자전거,남성,60대 이상,자녀 독립기(막내가 결혼한 상태),700만원 내외,전문직,서울
227639,20230701,전동 스쿠터,남성,60대 이상,자녀 성인기(막내가 대학생～결혼 전),"1,100~1,500만원 내외",무직/기타,전북
227641,20230701,전동 킥보드,남성,50대,자녀 성인기(막내가 대학생～결혼 전),"1,000만원 내외",자영업,서울
227649,20230701,"오토바이(바이크, 스쿠터)",남성,40대,자녀 유아기(막내가 초등학교 입학 전),"1,000만원 내외",자영업,서울
227664,20230701,전기 자전거,여성,40대,자녀 성장기(막내가 초등학생～고등학생),600만원 내외,일반 공무원/준공무원,부산
227680,20230701,전동 킥보드,남성,40대,신혼기(자녀없음),500만원 내외,기술/숙련직,전남
227694,20230701,전기 자전거,남성,30대,자녀 성인기(막내가 대학생～결혼 전),"1,000만원 내외",기술/숙련직,서울
227702,20230701,"오토바이(바이크, 스쿠터)",남성,60대 이상,자녀 성인기(막내가 대학생～결혼 전),300만원 내외,자영업,서울
227712,20230701,전기 자전거,남성,60대 이상,자녀 독립기(막내가 결혼한 상태),"1,000만원 내외",일반 공무원/준공무원,경북
227735,20230701,"오토바이(바이크, 스쿠터)",남성,30대,자녀 유아기(막내가 초등학교 입학 전),300만원 내외,무직/기타,부산
227763,20230701,전기 자전거,남성,40대,1인 가구,200만원 내외,자영업,서울
227781,20230701,전기 자전거,남성,50대,자녀 성인기(막내가 대학생～결혼 전),400만원 내외,자영업,경남
227797,20230701,"오토바이(바이크, 스쿠터)",남성,40대,신혼기(자녀없음),"1,000만원 내외",자영업,서울
227803,20230701,전기 자전거,남성,60대 이상,자녀 성인기(막내가 대학생～결혼 전),600만원 내외,무직/기타,경기
227845,20230701,전기 자전거,남성,50대,자녀 성인기(막내가 대학생～결혼 전),600만원 내외,무직/기타,부산
227848,20230701,"오토바이(바이크, 스쿠터)",남성,50대,자녀 성인기(막내가 대학생～결혼 전),500만원 내외,기술/숙련직,서울
227851,20230701,"오토바이(바이크, 스쿠터)",남성,60대 이상,자녀 독립기(막내가 결혼한 상태),400만원 내외,무직/기타,부산
227858,20230701,전기 자전거,남성,60대 이상,자녀 독립기(막내가 결혼한 상태),600만원 내외,기술/숙련직,경기
227859,20230701,전기 자전거,여성,30대,1인 가구,400만원 내외,사무직,서울
227867,20230701,전기 자전거,남성,50대,자녀 성인기(막내가 대학생～결혼 전),500만원 내외,사무직,경기
227921,20230701,전동 킥보드,남성,30대,1인 가구,400만원 내외,사무직,경기
227970,20230701,전기 자전거,여성,40대,자녀 유아기(막내가 초등학교 입학 전),"1,000만원 내외",일반 공무원/준공무원,서울
227982,20230701,"오토바이(바이크, 스쿠터)",남성,60대 이상,자녀 독립기(막내가 결혼한 상태),900만원 내외,기술/숙련직,경기
227994,20230701,"오토바이(바이크, 스쿠터)",남성,40대,신혼기 초과(자녀없음),"1,000만원 내외",기술/숙련직,충남
228033,20230701,"오토바이(바이크, 스쿠터)",남성,50대,자녀 성인기(막내가 대학생～결혼 전),700만원 내외,무직/기타,경기
228077,20230701,전기 자전거,남성,60대 이상,자녀 독립기(막내가 결혼한 상태),400만원 내외,기술/숙련직,경남
228088,20230701,"오토바이(바이크, 스쿠터)",남성,60대 이상,자녀 성인기(막내가 대학생～결혼 전),700만원 내외,자영업,경기
228096,20230701,전동 킥보드,남성,40대,자녀 유아기(막내가 초등학교 입학 전),"1,000만원 내외",전문직,서울
228115,20230701,전기 자전거,남성,40대,자녀 성장기(막내가 초등학생～고등학생),400만원 내외,사무직,서울
228136,20230701,"오토바이(바이크, 스쿠터)",남성,60대 이상,자녀 성인기(막내가 대학생～결혼 전),300만원 내외,무직/기타,경북
228148,20230701,전동 킥보드,여성,40대,자녀 성장기(막내가 초등학생～고등학생),900만원 내외,사무직,경남
228154,20230701,전동 휠,여성,30대,신혼기(자녀없음),"1,100~1,500만원 내외",사무직,경기
228173,20230701,"오토바이(바이크, 스쿠터)",남성,60대 이상,자녀 독립기(막내가 결혼한 상태),400만원 내외,전문직,충남
228196,20230701,전동 킥보드,남성,60대 이상,자녀 성인기(막내가 대학생～결혼 전),"1,000만원 내외",일반 공무원/준공무원,충남
228209,20230701,전기 자전거,남성,40대,자녀 성장기(막내가 초등학생～고등학생),600만원 내외,기술/숙련직,전북
228243,20230701,"오토바이(바이크, 스쿠터)",남성,40대,자녀 유아기(막내가 초등학교 입학 전),500만원 내외,자영업,서울
228264,20230701,"오토바이(바이크, 스쿠터)",남성,50대,자녀 성인기(막내가 대학생～결혼 전),800만원 내외,판매/서비스직,부산
228278,20230701,전동 킥보드,남성,50대,자녀 성인기(막내가 대학생～결혼 전),500만원 내외,사무직,대구
228279,20230701,전기 자전거,남성,40대,자녀 성장기(막내가 초등학생～고등학생),700만원 내외,기술/숙련직,경기
228290,20230701,전기 자전거,남성,50대,자녀 성장기(막내가 초등학생～고등학생),"1,000만원 내외",경영/관리직,경기
228296,20230701,전기 자전거,남성,60대 이상,자녀 독립기(막내가 결혼한 상태),모름,자영업,서울
228298,20230701,전기 자전거,남성,40대,자녀 성장기(막내가 초등학생～고등학생),"1,000만원 내외",자영업,강원
228302,20230701,전동 킥보드,남성,30대,자녀 성인기(막내가 대학생～결혼 전),500만원 내외,무직/기타,전남
228312,20230701,전기 자전거,여성,40대,자녀 성장기(막내가 초등학생～고등학생),700만원 내외,전문직,서울
228319,20230701,전기 자전거,남성,50대,1인 가구,500만원 내외,자영업,경기
228327,20230701,"오토바이(바이크, 스쿠터)",남성,30대,1인 가구,"2,100만원 이상",무직/기타,충북
228354,20230701,전동 스케이트보드,남성,30대,1인 가구,400만원 내외,무직/기타,충북
228382,20230701,"오토바이(바이크, 스쿠터)",남성,50대,자녀 성장기(막내가 초등학생～고등학생),700만원 내외,경영/관리직,서울
228415,20230701,"오토바이(바이크, 스쿠터)",남성,60대 이상,자녀 성인기(막내가 대학생～결혼 전),200만원 내외,자영업,대전
228507,20230701,"오토바이(바이크, 스쿠터)",남성,30대,자녀 유아기(막내가 초등학교 입학 전),500만원 내외,일반 공무원/준공무원,강원
228536,20230701,전기 자전거,남성,50대,자녀 성인기(막내가 대학생～결혼 전),500만원 내외,기술/숙련직,강원
228537,20230701,"오토바이(바이크, 스쿠터)",여성,40대,자녀 유아기(막내가 초등학교 입학 전),100만원 이하,전업주부,제주
228546,20230701,전동 킥보드,남성,30대,1인 가구,300만원 내외,기술/숙련직,광주
228551,20230701,전기 자전거,남성,40대,1인 가구,500만원 내외,기술/숙련직,광주
228602,20230701,전기 자전거,남성,50대,자녀 성인기(막내가 대학생～결혼 전),"1,600~2,000만원 내외",전문직,부산
228610,20230701,전동 킥보드,여성,40대,자녀 성장기(막내가 초등학생～고등학생),500만원 내외,자영업,경기
228685,20230701,"오토바이(바이크, 스쿠터)",남성,40대,자녀 성장기(막내가 초등학생～고등학생),600만원 내외,일반 공무원/준공무원,경기
228696,20230701,전동 킥보드,남성,40대,신혼기(자녀없음),600만원 내외,판매/서비스직,부산
228703,20230701,전동 스케이트보드,남성,40대,자녀 유아기(막내가 초등학교 입학 전),모름,사무직,서울
228727,20230701,전동 킥보드,남성,40대,자녀 성장기(막내가 초등학생～고등학생),800만원 내외,기술/숙련직,경기
228861,20230701,"오토바이(바이크, 스쿠터)",남성,60대 이상,자녀 독립기(막내가 결혼한 상태),500만원 내외,기술/숙련직,충북
228868,20230701,"오토바이(바이크, 스쿠터)",남성,50대,자녀 성인기(막내가 대학생～결혼 전),"1,000만원 내외",일반 공무원/준공무원,경기
228871,20230701,"오토바이(바이크, 스쿠터)",남성,60대 이상,자녀 성인기(막내가 대학생～결혼 전),800만원 내외,무직/기타,경북
228879,20230701,전기 자전거,남성,50대,자녀 성장기(막내가 초등학생～고등학생),500만원 내외,일반 공무원/준공무원,강원
228881,20230701,전동 킥보드,여성,30대,신혼기 초과(자녀없음),700만원 내외,기술/숙련직,충남
228886,20230701,"오토바이(바이크, 스쿠터)",남성,50대,자녀 성인기(막내가 대학생～결혼 전),700만원 내외,자영업,경북
228890,20230701,"오토바이(바이크, 스쿠터)",남성,60대 이상,자녀 성인기(막내가 대학생～결혼 전),300만원 내외,일반 공무원/준공무원,전북
228898,20230701,전동 킥보드,남성,50대,자녀 성인기(막내가 대학생～결혼 전),모름,무직/기타,경기
228905,20230701,"오토바이(바이크, 스쿠터)",남성,50대,1인 가구,300만원 내외,판매/서비스직,경북
228906,20230701,전동 킥보드,남성,50대,자녀 성장기(막내가 초등학생～고등학생),400만원 내외,경영/관리직,경기
228931,20230701,전기 자전거,남성,40대,자녀 독립기(막내가 결혼한 상태),700만원 내외,사무직,서울
228974,20230701,전동 킥보드,여성,40대,자녀 성장기(막내가 초등학생～고등학생),300만원 내외,사무직,경기
229024,20230701,"오토바이(바이크, 스쿠터)",여성,30대,1인 가구,"2,100만원 이상",전문직,경기
229102,20230701,전동 킥보드,남성,40대,자녀 성장기(막내가 초등학생～고등학생),600만원 내외,기술/숙련직,대전
229122,20230701,"오토바이(바이크, 스쿠터)",남성,60대 이상,1인 가구,300만원 내외,자영업,제주
229164,20230701,전동 킥보드,남성,50대,자녀 성인기(막내가 대학생～결혼 전),700만원 내외,기술/숙련직,경기
229179,20230701,"오토바이(바이크, 스쿠터)",남성,30대,1인 가구,모름,자영업,서울
229512,20230701,"오토바이(바이크, 스쿠터)",남성,50대,자녀 성인기(막내가 대학생～결혼 전),"2,100만원 이상",자영업,서울
229733,20230701,전기 자전거,여성,50대,자녀 성인기(막내가 대학생～결혼 전),모름,전문직,서울
229845,20230701,전동 킥보드,남성,40대,자녀 성장기(막내가 초등학생～고등학생),400만원 내외,사무직,경북
229868,20230701,전기 자전거,남성,50대,자녀 성인기(막내가 대학생～결혼 전),"1,100~1,500만원 내외",사무직,경기
229930,20230701,전기 자전거,여성,50대,자녀 성인기(막내가 대학생～결혼 전),500만원 내외,기술/숙련직,인천
229936,20230701,전기 자전거,남성,60대 이상,자녀 성인기(막내가 대학생～결혼 전),"1,000만원 내외",전문직,경기
229948,20230701,"오토바이(바이크, 스쿠터)",남성,40대,자녀 성장기(막내가 초등학생～고등학생),300만원 내외,기술/숙련직,인천
229955,20230701,전동 킥보드,남성,60대 이상,자녀 독립기(막내가 결혼한 상태),500만원 내외,무직/기타,충북
229956,20230701,전동 스쿠터,남성,50대,자녀 성장기(막내가 초등학생～고등학생),500만원 내외,판매/서비스직,부산
229957,20230701,"오토바이(바이크, 스쿠터)",여성,50대,자녀 성인기(막내가 대학생～결혼 전),"1,000만원 내외",자영업,인천
229970,20230701,"오토바이(바이크, 스쿠터)",남성,50대,자녀 성인기(막내가 대학생～결혼 전),"1,000만원 내외",자영업,충남
229983,20230701,전기 자전거,남성,60대 이상,신혼기 초과(자녀없음),300만원 내외,무직/기타,경기
230232,20230701,전기 자전거,남성,40대,자녀 성인기(막내가 대학생～결혼 전),500만원 내외,사무직,경기
230326,20230701,"오토바이(바이크, 스쿠터)",남성,20대,1인 가구,300만원 내외,기술/숙련직,인천
230327,20230701,전동 킥보드,남성,50대,자녀 성인기(막내가 대학생～결혼 전),"1,000만원 내외",경영/관리직,경기
230358,20230701,"오토바이(바이크, 스쿠터)",남성,50대,자녀 성장기(막내가 초등학생～고등학생),700만원 내외,일반 공무원/준공무원,경북
230386,20230701,전동 킥보드,남성,50대,자녀 성장기(막내가 초등학생～고등학생),700만원 내외,기술/숙련직,서울
230400,20230701,"오토바이(바이크, 스쿠터)",남성,30대,자녀 유아기(막내가 초등학교 입학 전),"1,000만원 내외",판매/서비스직,부산
230460,20230701,"오토바이(바이크, 스쿠터)",남성,30대,자녀 성장기(막내가 초등학생～고등학생),"1,000만원 내외",판매/서비스직,경기
230545,20230701,전동 킥보드,남성,40대,자녀 성장기(막내가 초등학생～고등학생),600만원 내외,기술/숙련직,경남
230679,20230701,전동 킥보드,여성,40대,자녀 성장기(막내가 초등학생～고등학생),600만원 내외,사무직,경기
230803,20230701,전동 스쿠터,여성,40대,자녀 성장기(막내가 초등학생～고등학생),500만원 내외,사무직,충북
230804,20230701,전동 킥보드,남성,50대,자녀 성장기(막내가 초등학생～고등학생),"1,600~2,000만원 내외",일반 공무원/준공무원,전북
230816,20230701,전동 킥보드,남성,40대,신혼기 초과(자녀없음),600만원 내외,일반 공무원/준공무원,경기
230946,20230701,전기 자전거,남성,30대,자녀 유아기(막내가 초등학교 입학 전),400만원 내외,사무직,대구
230951,20230701,전동 킥보드,남성,40대,자녀 성장기(막내가 초등학생～고등학생),"1,100~1,500만원 내외",경영/관리직,경기
231076,20230701,전동 킥보드,남성,40대,1인 가구,300만원 내외,일반 공무원/준공무원,대전
231275,20230701,전동 킥보드,남성,40대,1인 가구,600만원 내외,사무직,경기
231331,20230701,전동 스케이트보드,여성,30대,신혼기(자녀없음),100만원 이하,전업주부,충남
231342,20230701,전기 자전거,남성,60대 이상,자녀 성인기(막내가 대학생～결혼 전),800만원 내외,일반 공무원/준공무원,경기
231602,20230701,전동 킥보드,여성,40대,자녀 성장기(막내가 초등학생～고등학생),"1,100~1,500만원 내외",전업주부,강원
231619,20230701,전기 자전거,남성,40대,자녀 성장기(막내가 초등학생～고등학생),800만원 내외,판매/서비스직,인천
231623,20230701,전기 자전거,남성,30대,자녀 성인기(막내가 대학생～결혼 전),500만원 내외,사무직,경기
231633,20230701,"오토바이(바이크, 스쿠터)",남성,30대,1인 가구,400만원 내외,일반 공무원/준공무원,경기
231634,20230701,전기 자전거,남성,30대,자녀 성장기(막내가 초등학생～고등학생),800만원 내외,사무직,대전
231975,20230701,"오토바이(바이크, 스쿠터)",남성,30대,자녀 유아기(막내가 초등학교 입학 전),"1,000만원 내외",자영업,인천
231999,20230701,전기 자전거,여성,60대 이상,자녀 성인기(막내가 대학생～결혼 전),600만원 내외,판매/서비스직,전남
232008,20230701,"오토바이(바이크, 스쿠터)",남성,50대,자녀 성인기(막내가 대학생～결혼 전),"1,100~1,500만원 내외",사무직,서울
232009,20230701,"오토바이(바이크, 스쿠터)",남성,50대,자녀 성인기(막내가 대학생～결혼 전),800만원 내외,기술/숙련직,경기
232147,20230701,전동 킥보드,남성,40대,자녀 성장기(막내가 초등학생～고등학생),400만원 내외,자영업,충북
232288,20230701,전동 킥보드,남성,40대,자녀 성장기(막내가 초등학생～고등학생),800만원 내외,사무직,서울
232291,20230701,"오토바이(바이크, 스쿠터)",여성,30대,자녀 유아기(막내가 초등학교 입학 전),900만원 내외,전업주부,경남
232477,20230701,전동 킥보드,여성,40대,1인 가구,300만원 내외,사무직,서울
232487,20230701,"오토바이(바이크, 스쿠터)",남성,30대,1인 가구,200만원 내외,자영업,경남
232553,20230701,전기 자전거,여성,40대,1인 가구,"1,100~1,500만원 내외",사무직,서울
232585,20230701,전동 스쿠터,남성,50대,자녀 유아기(막내가 초등학교 입학 전),600만원 내외,기술/숙련직,전남
232627,20230701,"오토바이(바이크, 스쿠터)",남성,40대,1인 가구,"1,000만원 내외",기술/숙련직,서울
232669,20230701,전동 스쿠터,남성,40대,자녀 성장기(막내가 초등학생～고등학생),500만원 내외,일반 공무원/준공무원,경남
232679,20230701,"오토바이(바이크, 스쿠터)",남성,30대,신혼기 초과(자녀없음),400만원 내외,사무직,부산
232753,20230701,전동 킥보드,남성,40대,자녀 유아기(막내가 초등학교 입학 전),"1,000만원 내외",사무직,경기
232853,20230701,"오토바이(바이크, 스쿠터)",남성,40대,신혼기 초과(자녀없음),700만원 내외,사무직,서울
232860,20230701,"오토바이(바이크, 스쿠터)",남성,60대 이상,자녀 성인기(막내가 대학생～결혼 전),700만원 내외,무직/기타,경기
233085,20230701,전기 자전거,여성,20대,1인 가구,400만원 내외,일반 공무원/준공무원,경기
233121,20230701,"오토바이(바이크, 스쿠터)",남성,50대,자녀 성인기(막내가 대학생～결혼 전),500만원 내외,기술/숙련직,부산
233176,20230701,"오토바이(바이크, 스쿠터)",남성,40대,1인 가구,600만원 내외,자영업,서울
233188,20230701,전기 자전거,남성,30대,자녀 유아기(막내가 초등학교 입학 전),200만원 내외,전문직,강원
233268,20230701,"오토바이(바이크, 스쿠터)",남성,40대,자녀 성장기(막내가 초등학생～고등학생),"1,100~1,500만원 내외",자영업,경남
233272,20230701,"오토바이(바이크, 스쿠터)",남성,40대,자녀 성장기(막내가 초등학생～고등학생),800만원 내외,사무직,경기
233329,20230701,전기 자전거,남성,40대,자녀 성장기(막내가 초등학생～고등학생),400만원 내외,전문직,경기
233571,20230701,전기 자전거,남성,60대 이상,자녀 독립기(막내가 결혼한 상태),500만원 내외,자영업,경기
233627,20230701,전기 자전거,남성,60대 이상,자녀 성인기(막내가 대학생～결혼 전),700만원 내외,무직/기타,서울
233633,20230701,"오토바이(바이크, 스쿠터)",남성,40대,자녀 독립기(막내가 결혼한 상태),400만원 내외,기술/숙련직,경기
233654,20230701,전기 자전거,남성,60대 이상,자녀 성장기(막내가 초등학생～고등학생),200만원 내외,무직/기타,인천
233655,20230701,전기 자전거,남성,40대,신혼기 초과(자녀없음),800만원 내외,기술/숙련직,서울
233732,20230701,전기 자전거,남성,60대 이상,자녀 성인기(막내가 대학생～결혼 전),600만원 내외,자영업,대구
233899,20230701,전기 자전거,남성,50대,자녀 성인기(막내가 대학생～결혼 전),600만원 내외,무직/기타,경기
234686,20230701,전동 킥보드,남성,50대,자녀 성장기(막내가 초등학생～고등학생),700만원 내외,경영/관리직,경기
234789,20230701,전동 킥보드,여성,40대,자녀 성장기(막내가 초등학생～고등학생),600만원 내외,사무직,서울
234818,20230701,전동 킥보드,남성,40대,자녀 유아기(막내가 초등학교 입학 전),500만원 내외,일반 공무원/준공무원,서울
234826,20230701,전기 자전거,남성,50대,자녀 성장기(막내가 초등학생～고등학생),500만원 내외,사무직,부산
235023,20230701,전동 킥보드,남성,40대,자녀 성장기(막내가 초등학생～고등학생),500만원 내외,기술/숙련직,경기
235044,20230701,"오토바이(바이크, 스쿠터)",여성,40대,자녀 성장기(막내가 초등학생～고등학생),800만원 내외,사무직,울산
235238,20230701,"오토바이(바이크, 스쿠터)",남성,40대,자녀 성장기(막내가 초등학생～고등학생),800만원 내외,일반 공무원/준공무원,경북
235512,20230701,전동 스쿠터,남성,60대 이상,자녀 성인기(막내가 대학생～결혼 전),100만원 이하,자영업,충북
235569,20230701,전동 킥보드,남성,40대,1인 가구,"2,100만원 이상",자영업,경기
235609,20230701,전동 킥보드,남성,40대,자녀 성장기(막내가 초등학생～고등학생),700만원 내외,기술/숙련직,전남
235664,20230701,전동 스쿠터,남성,60대 이상,1인 가구,300만원 내외,일반 공무원/준공무원,대구
235946,20230701,전기 자전거,남성,50대,자녀 성인기(막내가 대학생～결혼 전),600만원 내외,일반 공무원/준공무원,충남
236035,20230701,전동 킥보드,여성,20대,자녀 성인기(막내가 대학생～결혼 전),"1,100~1,500만원 내외",기술/숙련직,경기
236091,20230701,전기 자전거,여성,50대,자녀 성인기(막내가 대학생～결혼 전),300만원 내외,전업주부,경기
236128,20230701,"오토바이(바이크, 스쿠터)",남성,50대,자녀 성인기(막내가 대학생～결혼 전),"1,600~2,000만원 내외",자영업,경기
236201,20230701,전동 휠,남성,40대,자녀 성장기(막내가 초등학생～고등학생),400만원 내외,사무직,대전
236253,20230701,전동 킥보드,남성,50대,자녀 성인기(막내가 대학생～결혼 전),500만원 내외,자영업,서울
236274,20230701,전기 자전거,남성,50대,자녀 성인기(막내가 대학생～결혼 전),모름,자영업,경기
236401,20230701,"오토바이(바이크, 스쿠터)",남성,50대,자녀 성인기(막내가 대학생～결혼 전),"1,000만원 내외",기술/숙련직,경기
236441,20230701,전동 스쿠터,여성,40대,자녀 성장기(막내가 초등학생～고등학생),400만원 내외,전업주부,서울
236452,20230701,전기 자전거,남성,30대,자녀 유아기(막내가 초등학교 입학 전),600만원 내외,기술/숙련직,경기
236486,20230701,전기 자전거,남성,60대 이상,자녀 독립기(막내가 결혼한 상태),"1,000만원 내외",무직/기타,인천
236528,20230701,전동 킥보드,남성,50대,1인 가구,800만원 내외,자영업,경남
236563,20230701,전기 자전거,여성,50대,자녀 성인기(막내가 대학생～결혼 전),"1,100~1,500만원 내외",기술/숙련직,경기
236566,20230701,"오토바이(바이크, 스쿠터)",남성,50대,자녀 성인기(막내가 대학생～결혼 전),"2,100만원 이상",경영/관리직,경기
236572,20230701,전동 킥보드,남성,50대,자녀 성인기(막내가 대학생～결혼 전),700만원 내외,사무직,서울
236574,20230701,"오토바이(바이크, 스쿠터)",여성,40대,자녀 성장기(막내가 초등학생～고등학생),800만원 내외,전문직,경기
236585,20230701,전동 킥보드,남성,50대,자녀 성인기(막내가 대학생～결혼 전),500만원 내외,무직/기타,경기
236591,20230701,"오토바이(바이크, 스쿠터)",남성,40대,자녀 유아기(막내가 초등학교 입학 전),700만원 내외,일반 공무원/준공무원,경기
236597,20230701,"오토바이(바이크, 스쿠터)",남성,40대,자녀 성장기(막내가 초등학생～고등학생),900만원 내외,전문직,전북
236615,20230701,전기 자전거,남성,60대 이상,자녀 성인기(막내가 대학생～결혼 전),900만원 내외,기술/숙련직,전남
236617,20230701,"오토바이(바이크, 스쿠터)",남성,60대 이상,자녀 성장기(막내가 초등학생～고등학생),500만원 내외,일반 공무원/준공무원,강원
236619,20230701,"오토바이(바이크, 스쿠터)",남성,60대 이상,자녀 독립기(막내가 결혼한 상태),500만원 내외,판매/서비스직,경기
236634,20230701,"오토바이(바이크, 스쿠터)",남성,50대,신혼기 초과(자녀없음),700만원 내외,판매/서비스직,울산
236658,20230701,전기 자전거,남성,40대,자녀 성인기(막내가 대학생～결혼 전),400만원 내외,기술/숙련직,서울
236659,20230701,전동 스케이트보드,남성,50대,1인 가구,400만원 내외,자영업,경기
236679,20230701,전동 킥보드,남성,50대,자녀 성인기(막내가 대학생～결혼 전),700만원 내외,일반 공무원/준공무원,부산
237098,20230701,"오토바이(바이크, 스쿠터)",남성,40대,신혼기 초과(자녀없음),"1,000만원 내외",경영/관리직,인천
237100,20230701,전동 킥보드,남성,40대,자녀 유아기(막내가 초등학교 입학 전),300만원 내외,자영업,인천
237101,20230701,전기 자전거,남성,30대,자녀 유아기(막내가 초등학교 입학 전),600만원 내외,일반 공무원/준공무원,경기
237121,20230701,전기 자전거,남성,50대,자녀 성인기(막내가 대학생～결혼 전),"2,100만원 이상",자영업,서울
237130,20230701,전기 자전거,남성,60대 이상,자녀 성인기(막내가 대학생～결혼 전),"2,100만원 이상",자영업,경기
237167,20230701,"오토바이(바이크, 스쿠터)",남성,60대 이상,자녀 독립기(막내가 결혼한 상태),"1,100~1,500만원 내외",자영업,제주
237171,20230701,전동 스쿠터,여성,40대,자녀 성장기(막내가 초등학생～고등학생),300만원 내외,일반 공무원/준공무원,경기
237187,20230701,"오토바이(바이크, 스쿠터)",남성,40대,1인 가구,500만원 내외,경영/관리직,서울
237196,20230701,전동 킥보드,여성,50대,자녀 성장기(막내가 초등학생～고등학생),"1,100~1,500만원 내외",사무직,서울
237199,20230701,전동 킥보드,남성,50대,자녀 성인기(막내가 대학생～결혼 전),"1,600~2,000만원 내외",경영/관리직,경기
237204,20230701,전기 자전거,남성,60대 이상,자녀 독립기(막내가 결혼한 상태),400만원 내외,무직/기타,서울
237205,20230701,전동 스쿠터,여성,50대,자녀 성인기(막내가 대학생～결혼 전),500만원 내외,자영업,서울
237214,20230701,"오토바이(바이크, 스쿠터)",남성,60대 이상,자녀 독립기(막내가 결혼한 상태),800만원 내외,자영업,충남
237220,20230701,전기 자전거,남성,40대,자녀 성장기(막내가 초등학생～고등학생),600만원 내외,사무직,경남
237231,20230701,전기 자전거,남성,60대 이상,1인 가구,500만원 내외,자영업,울산
237245,20230701,"오토바이(바이크, 스쿠터)",남성,30대,1인 가구,300만원 내외,기술/숙련직,경기
237252,20230701,전동 스쿠터,남성,40대,자녀 성장기(막내가 초등학생～고등학생),"1,000만원 내외",판매/서비스직,서울
237260,20230701,"오토바이(바이크, 스쿠터)",남성,30대,자녀 유아기(막내가 초등학교 입학 전),700만원 내외,무직/기타,충북
237269,20230701,전동 킥보드,여성,40대,자녀 성장기(막내가 초등학생～고등학생),500만원 내외,판매/서비스직,경기
237276,20230701,전동 킥보드,여성,50대,자녀 성인기(막내가 대학생～결혼 전),"1,100~1,500만원 내외",기술/숙련직,부산
237313,20230701,전동 킥보드,여성,30대,자녀 유아기(막내가 초등학교 입학 전),300만원 내외,전업주부,경남
237364,20230701,"오토바이(바이크, 스쿠터)",남성,50대,자녀 성인기(막내가 대학생～결혼 전),700만원 내외,자영업,경남
237381,20230701,전동 킥보드,여성,50대,자녀 성인기(막내가 대학생～결혼 전),"1,100~1,500만원 내외",전문직,경기
237393,20230701,전기 자전거,남성,30대,자녀 성인기(막내가 대학생～결혼 전),300만원 내외,사무직,서울
237425,20230701,전기 자전거,남성,20대,1인 가구,300만원 내외,기술/숙련직,경기
237437,20230701,전기 자전거,남성,60대 이상,자녀 독립기(막내가 결혼한 상태),"1,000만원 내외",전문직,경기
237964,20230701,전기 자전거,남성,60대 이상,자녀 성인기(막내가 대학생～결혼 전),"1,600~2,000만원 내외",자영업,인천
237995,20230701,"오토바이(바이크, 스쿠터)",남성,40대,1인 가구,400만원 내외,기술/숙련직,대구
238078,20230701,전동 킥보드,남성,30대,자녀 유아기(막내가 초등학교 입학 전),500만원 내외,기술/숙련직,제주
238082,20230701,전기 자전거,남성,20대,1인 가구,300만원 내외,일반 공무원/준공무원,경기
238102,20230701,전동 킥보드,여성,40대,자녀 성장기(막내가 초등학생～고등학생),700만원 내외,기술/숙련직,경기
238107,20230701,"오토바이(바이크, 스쿠터)",남성,50대,자녀 성인기(막내가 대학생～결혼 전),"1,600~2,000만원 내외",자영업,경기
238154,20230701,"오토바이(바이크, 스쿠터)",남성,40대,자녀 유아기(막내가 초등학교 입학 전),700만원 내외,자영업,인천
238416,20230701,전동 킥보드,남성,60대 이상,자녀 독립기(막내가 결혼한 상태),400만원 내외,경영/관리직,울산
238422,20230701,"오토바이(바이크, 스쿠터)",남성,50대,자녀 성인기(막내가 대학생～결혼 전),600만원 내외,일반 공무원/준공무원,서울
238424,20230701,전동 킥보드,남성,50대,자녀 성장기(막내가 초등학생～고등학생),500만원 내외,사무직,제주
238427,20230701,전동 스쿠터,여성,40대,자녀 성장기(막내가 초등학생～고등학생),800만원 내외,전문직,경기
238807,20230701,전기 자전거,남성,30대,자녀 유아기(막내가 초등학교 입학 전),800만원 내외,사무직,경기
238818,20230701,전기 자전거,여성,50대,자녀 성인기(막내가 대학생～결혼 전),600만원 내외,판매/서비스직,경북
238920,20230701,전기 자전거,남성,30대,1인 가구,300만원 내외,일반 공무원/준공무원,경기
238930,20230701,전동 킥보드,여성,30대,1인 가구,400만원 내외,사무직,경기
239078,20230701,전동 스쿠터,남성,40대,자녀 유아기(막내가 초등학교 입학 전),400만원 내외,사무직,부산
239086,20230701,전동 킥보드,남성,40대,1인 가구,400만원 내외,기술/숙련직,충남
239092,20230701,전기 자전거,여성,40대,자녀 성장기(막내가 초등학생～고등학생),800만원 내외,판매/서비스직,부산
239117,20230701,"오토바이(바이크, 스쿠터)",여성,50대,자녀 성인기(막내가 대학생～결혼 전),"1,600~2,000만원 내외",사무직,경기
239123,20230701,전동 킥보드,남성,40대,자녀 유아기(막내가 초등학교 입학 전),"1,000만원 내외",자영업,경남
239181,20230701,전기 자전거,남성,60대 이상,1인 가구,200만원 내외,무직/기타,경북
239739,20230701,전기 자전거,남성,40대,자녀 유아기(막내가 초등학교 입학 전),500만원 내외,판매/서비스직,경기
239760,20230701,전기 자전거,여성,40대,자녀 성장기(막내가 초등학생～고등학생),300만원 내외,일반 공무원/준공무원,서울
239764,20230701,"오토바이(바이크, 스쿠터)",남성,50대,자녀 성인기(막내가 대학생～결혼 전),"1,000만원 내외",전문직,전북
239772,20230701,"오토바이(바이크, 스쿠터)",남성,60대 이상,1인 가구,500만원 내외,기술/숙련직,경북
239779,20230701,전동 휠,남성,50대,자녀 성장기(막내가 초등학생～고등학생),600만원 내외,기술/숙련직,경기
239820,20230701,전동 스쿠터,여성,30대,1인 가구,400만원 내외,사무직,서울
239887,20230701,전기 자전거,남성,40대,자녀 성장기(막내가 초등학생～고등학생),600만원 내외,기술/숙련직,충북
239907,20230701,전동 킥보드,여성,40대,자녀 성장기(막내가 초등학생～고등학생),600만원 내외,기술/숙련직,충남
240050,20230701,전기 자전거,남성,40대,자녀 성장기(막내가 초등학생～고등학생),"1,100~1,500만원 내외",자영업,대구
240340,20230701,전동 킥보드,여성,40대,자녀 유아기(막내가 초등학교 입학 전),"1,000만원 내외",사무직,서울
240426,20230701,전기 자전거,남성,40대,자녀 성장기(막내가 초등학생～고등학생),700만원 내외,사무직,경기
240427,20230701,전동 킥보드,남성,40대,자녀 성장기(막내가 초등학생～고등학생),800만원 내외,전문직,경기
240486,20230701,전기 자전거,남성,50대,자녀 성인기(막내가 대학생～결혼 전),"1,000만원 내외",자영업,서울
240505,20230701,전기 자전거,남성,40대,자녀 유아기(막내가 초등학교 입학 전),300만원 내외,기술/숙련직,경기
240523,20230701,전기 자전거,남성,30대,자녀 유아기(막내가 초등학교 입학 전),500만원 내외,무직/기타,경기
240549,20230701,"오토바이(바이크, 스쿠터)",남성,30대,자녀 성장기(막내가 초등학생～고등학생),600만원 내외,자영업,부산
240581,20230701,전동 스케이트보드,남성,40대,자녀 성인기(막내가 대학생～결혼 전),"1,100~1,500만원 내외",경영/관리직,서울
240589,20230701,전동 스쿠터,남성,50대,1인 가구,500만원 내외,자영업,충남
240598,20230701,"오토바이(바이크, 스쿠터)",남성,60대 이상,자녀 성인기(막내가 대학생～결혼 전),500만원 내외,무직/기타,경북
241004,20230701,"오토바이(바이크, 스쿠터)",남성,40대,자녀 성장기(막내가 초등학생～고등학생),600만원 내외,일반 공무원/준공무원,부산
241047,20230701,전기 자전거,남성,40대,자녀 성장기(막내가 초등학생～고등학생),400만원 내외,사무직,충북
241330,20230701,전동 킥보드,남성,40대,신혼기 초과(자녀없음),700만원 내외,기술/숙련직,경북
241371,20230701,전동 킥보드,여성,40대,자녀 성장기(막내가 초등학생～고등학생),"1,000만원 내외",전업주부,경기
241394,20230701,전기 자전거,남성,50대,자녀 성인기(막내가 대학생～결혼 전),300만원 내외,자영업,서울
241407,20230701,"오토바이(바이크, 스쿠터)",남성,40대,자녀 성장기(막내가 초등학생～고등학생),400만원 내외,자영업,경북
241436,20230701,전동 킥보드,남성,50대,자녀 성장기(막내가 초등학생～고등학생),700만원 내외,기술/숙련직,경기
241502,20230701,전기 자전거,남성,40대,자녀 성장기(막내가 초등학생～고등학생),700만원 내외,일반 공무원/준공무원,광주
241505,20230701,"오토바이(바이크, 스쿠터)",남성,40대,신혼기 초과(자녀없음),600만원 내외,기술/숙련직,인천
241605,20230701,전기 자전거,남성,30대,자녀 유아기(막내가 초등학교 입학 전),800만원 내외,기술/숙련직,경기
241929,20230701,전동 킥보드,남성,40대,자녀 성장기(막내가 초등학생～고등학생),700만원 내외,기술/숙련직,경기
241950,20230701,전동 스쿠터,남성,50대,자녀 독립기(막내가 결혼한 상태),500만원 내외,무직/기타,경북
242062,20230701,"오토바이(바이크, 스쿠터)",여성,40대,자녀 유아기(막내가 초등학교 입학 전),300만원 내외,전업주부,울산
242147,20230701,"오토바이(바이크, 스쿠터)",남성,50대,자녀 성인기(막내가 대학생～결혼 전),"1,000만원 내외",자영업,부산
242151,20230701,"오토바이(바이크, 스쿠터)",남성,60대 이상,자녀 독립기(막내가 결혼한 상태),400만원 내외,무직/기타,경남
242374,20230701,전동 킥보드,남성,40대,신혼기(자녀없음),"1,000만원 내외",사무직,서울
242470,20230701,"오토바이(바이크, 스쿠터)",남성,50대,자녀 성인기(막내가 대학생～결혼 전),700만원 내외,무직/기타,전북
242521,20230701,전기 자전거,남성,60대 이상,자녀 성인기(막내가 대학생～결혼 전),800만원 내외,기술/숙련직,경기
242565,20230701,전기 자전거,남성,60대 이상,자녀 독립기(막내가 결혼한 상태),800만원 내외,전문직,경기
242567,20230701,"오토바이(바이크, 스쿠터)",여성,30대,자녀 유아기(막내가 초등학교 입학 전),400만원 내외,전업주부,광주
242579,20230701,전기 자전거,남성,50대,자녀 성인기(막내가 대학생～결혼 전),200만원 내외,경영/관리직,경남
242638,20230701,전동 킥보드,여성,20대,자녀 성인기(막내가 대학생～결혼 전),"1,100~1,500만원 내외",전문직,대전
242862,20230701,전동 휠,남성,50대,신혼기 초과(자녀없음),500만원 내외,판매/서비스직,인천
242879,20230701,전동 킥보드,여성,40대,자녀 성장기(막내가 초등학생～고등학생),700만원 내외,사무직,부산
242896,20230701,전기 자전거,남성,50대,자녀 성인기(막내가 대학생～결혼 전),400만원 내외,무직/기타,전남
243296,20230701,전동 킥보드,남성,40대,자녀 성장기(막내가 초등학생～고등학생),"1,100~1,500만원 내외",사무직,경기
243304,20230701,전동 킥보드,여성,40대,자녀 성장기(막내가 초등학생～고등학생),700만원 내외,사무직,경기
243328,20230701,전동 킥보드,남성,40대,1인 가구,800만원 내외,기술/숙련직,서울
243329,20230701,전동 휠,남성,40대,자녀 성장기(막내가 초등학생～고등학생),400만원 내외,일반 공무원/준공무원,서울
243330,20230701,전동 스쿠터,여성,50대,자녀 성장기(막내가 초등학생～고등학생),500만원 내외,전업주부,서울
243486,20230701,"오토바이(바이크, 스쿠터)",남성,40대,자녀 성장기(막내가 초등학생～고등학생),600만원 내외,사무직,세종
243545,20230701,"오토바이(바이크, 스쿠터)",남성,40대,1인 가구,700만원 내외,기술/숙련직,경기
243549,20230701,전동 킥보드,남성,40대,자녀 성장기(막내가 초등학생～고등학생),700만원 내외,일반 공무원/준공무원,경북
243551,20230701,전기 자전거,여성,30대,자녀 성장기(막내가 초등학생～고등학생),800만원 내외,사무직,충남
243585,20230701,전동 킥보드,남성,50대,자녀 성장기(막내가 초등학생～고등학생),500만원 내외,자영업,대구
243618,20230701,전기 자전거,여성,50대,1인 가구,"1,100~1,500만원 내외",자영업,인천
243637,20230701,전기 자전거,남성,40대,1인 가구,200만원 내외,전문직,서울
243644,20230701,전동 킥보드,남성,40대,자녀 유아기(막내가 초등학교 입학 전),300만원 내외,사무직,광주
243843,20230701,전기 자전거,여성,30대,자녀 독립기(막내가 결혼한 상태),"2,100만원 이상",사무직,서울
243849,20230701,전기 자전거,남성,40대,자녀 성장기(막내가 초등학생～고등학생),400만원 내외,기술/숙련직,경기
243957,20230701,전동 킥보드,남성,50대,자녀 성인기(막내가 대학생～결혼 전),600만원 내외,일반 공무원/준공무원,서울
244045,20230701,"오토바이(바이크, 스쿠터)",여성,50대,자녀 성인기(막내가 대학생～결혼 전),500만원 내외,무직/기타,세종
244084,20230701,전동 킥보드,남성,40대,자녀 성장기(막내가 초등학생～고등학생),800만원 내외,기술/숙련직,경기
244087,20230701,"오토바이(바이크, 스쿠터)",남성,50대,자녀 성인기(막내가 대학생～결혼 전),600만원 내외,자영업,부산
244116,20230701,"오토바이(바이크, 스쿠터)",남성,40대,자녀 유아기(막내가 초등학교 입학 전),400만원 내외,기술/숙련직,서울
244180,20230701,전동 킥보드,남성,40대,자녀 성장기(막내가 초등학생～고등학생),500만원 내외,기술/숙련직,경기
244255,20230701,전기 자전거,남성,40대,자녀 성인기(막내가 대학생～결혼 전),"1,100~1,500만원 내외",사무직,서울
244330,20230701,"오토바이(바이크, 스쿠터)",남성,30대,1인 가구,600만원 내외,기술/숙련직,경남
244378,20230701,전동 킥보드,남성,50대,신혼기 초과(자녀없음),300만원 내외,판매/서비스직,경기
244389,20230701,전기 자전거,남성,30대,자녀 유아기(막내가 초등학교 입학 전),400만원 내외,학생,경기
244399,20230701,전기 자전거,여성,40대,자녀 성장기(막내가 초등학생～고등학생),"1,600~2,000만원 내외",사무직,경기
244428,20230701,전기 자전거,여성,30대,자녀 성장기(막내가 초등학생～고등학생),700만원 내외,사무직,서울
244446,20230701,전동 킥보드,남성,40대,자녀 성장기(막내가 초등학생～고등학생),600만원 내외,일반 공무원/준공무원,경남
244622,20230701,전기 자전거,남성,40대,자녀 성장기(막내가 초등학생～고등학생),300만원 내외,사무직,충남
244860,20230701,전기 자전거,남성,20대,1인 가구,300만원 내외,판매/서비스직,인천
244889,20230701,전동 스쿠터,남성,50대,자녀 성인기(막내가 대학생～결혼 전),500만원 내외,판매/서비스직,경북
244896,20230701,전기 자전거,남성,40대,자녀 성장기(막내가 초등학생～고등학생),400만원 내외,판매/서비스직,서울
244918,20230701,"오토바이(바이크, 스쿠터)",남성,50대,자녀 성인기(막내가 대학생～결혼 전),900만원 내외,기술/숙련직,전남
244936,20230701,전기 자전거,여성,40대,자녀 성장기(막내가 초등학생～고등학생),800만원 내외,일반 공무원/준공무원,서울
244952,20230701,"오토바이(바이크, 스쿠터)",남성,50대,자녀 성인기(막내가 대학생～결혼 전),500만원 내외,기술/숙련직,전남
244968,20230701,전기 자전거,여성,30대,자녀 독립기(막내가 결혼한 상태),900만원 내외,사무직,서울
244983,20230701,전기 자전거,남성,50대,자녀 성장기(막내가 초등학생～고등학생),700만원 내외,경영/관리직,서울
245075,20230701,전동 킥보드,남성,60대 이상,자녀 성장기(막내가 초등학생～고등학생),800만원 내외,전문직,부산
245078,20230701,전동 킥보드,여성,20대,신혼기(자녀없음),200만원 내외,무직/기타,충남
245241,20230701,전동 킥보드,남성,30대,신혼기(자녀없음),600만원 내외,일반 공무원/준공무원,서울
245256,20230701,"오토바이(바이크, 스쿠터)",남성,50대,자녀 성인기(막내가 대학생～결혼 전),"1,100~1,500만원 내외",기술/숙련직,울산
245267,20230701,전기 자전거,남성,60대 이상,자녀 성인기(막내가 대학생～결혼 전),"1,100~1,500만원 내외",자영업,경기
245274,20230701,전기 자전거,남성,50대,자녀 유아기(막내가 초등학교 입학 전),500만원 내외,기술/숙련직,서울
245281,20230701,전기 자전거,남성,30대,자녀 성장기(막내가 초등학생～고등학생),500만원 내외,일반 공무원/준공무원,경기
245295,20230701,전동 스케이트보드,남성,40대,자녀 성장기(막내가 초등학생～고등학생),"1,100~1,500만원 내외",사무직,경기
245298,20230701,전동 휠,여성,30대,자녀 성장기(막내가 초등학생～고등학생),400만원 내외,사무직,서울
245303,20230701,"오토바이(바이크, 스쿠터)",여성,40대,자녀 성인기(막내가 대학생～결혼 전),"1,100~1,500만원 내외",사무직,경기
245311,20230701,전기 자전거,남성,40대,1인 가구,400만원 내외,기술/숙련직,경기
245319,20230701,전동 킥보드,남성,50대,자녀 성인기(막내가 대학생～결혼 전),600만원 내외,경영/관리직,서울
245462,20230701,전동 킥보드,남성,40대,자녀 유아기(막내가 초등학교 입학 전),900만원 내외,사무직,서울
245539,20230701,전동 킥보드,남성,40대,자녀 성장기(막내가 초등학생～고등학생),"1,000만원 내외",자영업,충남
245670,20230701,"오토바이(바이크, 스쿠터)",여성,50대,자녀 성인기(막내가 대학생～결혼 전),600만원 내외,자영업,부산
245716,20230701,전동 킥보드,남성,40대,자녀 성장기(막내가 초등학생～고등학생),900만원 내외,경영/관리직,충북
245752,20230701,"오토바이(바이크, 스쿠터)",남성,20대,자녀 성인기(막내가 대학생～결혼 전),600만원 내외,사무직,서울
245754,20230701,전기 자전거,남성,50대,자녀 성인기(막내가 대학생～결혼 전),800만원 내외,경영/관리직,경기
245782,20230701,전기 자전거,남성,50대,자녀 성인기(막내가 대학생～결혼 전),"1,000만원 내외",사무직,부산
245946,20230701,전기 자전거,남성,40대,신혼기 초과(자녀없음),"1,600~2,000만원 내외",전문직,경기
246022,20230701,전동 킥보드,여성,40대,자녀 유아기(막내가 초등학교 입학 전),"1,000만원 내외",전문직,경남
246047,20230701,전동 휠,남성,40대,자녀 성인기(막내가 대학생～결혼 전),700만원 내외,자영업,인천
246109,20230701,"오토바이(바이크, 스쿠터)",남성,40대,1인 가구,800만원 내외,자영업,경기
246129,20230701,전기 자전거,여성,40대,1인 가구,200만원 내외,사무직,대전
246142,20230701,전동 킥보드,남성,40대,자녀 성장기(막내가 초등학생～고등학생),"1,000만원 내외",경영/관리직,서울
246144,20230701,전동 킥보드,남성,30대,1인 가구,600만원 내외,일반 공무원/준공무원,대전
246151,20230701,"오토바이(바이크, 스쿠터)",여성,40대,자녀 유아기(막내가 초등학교 입학 전),300만원 내외,사무직,서울
246165,20230701,전동 킥보드,남성,40대,자녀 유아기(막내가 초등학교 입학 전),300만원 내외,일반 공무원/준공무원,경기
246169,20230701,전동 킥보드,남성,40대,1인 가구,500만원 내외,경영/관리직,서울
246172,20230701,전동 킥보드,남성,40대,자녀 성인기(막내가 대학생～결혼 전),500만원 내외,일반 공무원/준공무원,서울
246490,20230701,"오토바이(바이크, 스쿠터)",남성,30대,자녀 성인기(막내가 대학생～결혼 전),모름,기술/숙련직,부산
246587,20230701,"오토바이(바이크, 스쿠터)",남성,40대,자녀 성장기(막내가 초등학생～고등학생),600만원 내외,자영업,경남
246845,20230701,전동 킥보드,남성,50대,자녀 성장기(막내가 초등학생～고등학생),"1,100~1,500만원 내외",사무직,서울
246846,20230701,전동 킥보드,남성,50대,자녀 성장기(막내가 초등학생～고등학생),600만원 내외,사무직,서울
246852,20230701,전기 자전거,남성,40대,자녀 성장기(막내가 초등학생～고등학생),500만원 내외,무직/기타,경기
246864,20230701,전기 자전거,남성,50대,자녀 성인기(막내가 대학생～결혼 전),300만원 내외,사무직,인천
246872,20230701,전기 자전거,여성,50대,자녀 독립기(막내가 결혼한 상태),300만원 내외,전업주부,서울
246886,20230701,전동 킥보드,남성,60대 이상,자녀 성인기(막내가 대학생～결혼 전),600만원 내외,기술/숙련직,서울
246892,20230701,"오토바이(바이크, 스쿠터)",여성,60대 이상,자녀 독립기(막내가 결혼한 상태),"1,000만원 내외",전문직,광주
246897,20230701,전기 자전거,여성,50대,자녀 성인기(막내가 대학생～결혼 전),"1,000만원 내외",자영업,경기
247325,20230701,전기 자전거,남성,60대 이상,자녀 성인기(막내가 대학생～결혼 전),"1,600~2,000만원 내외",무직/기타,서울
247433,20230701,"오토바이(바이크, 스쿠터)",남성,50대,자녀 성인기(막내가 대학생～결혼 전),400만원 내외,자영업,서울
247516,20230701,"오토바이(바이크, 스쿠터)",남성,40대,자녀 성장기(막내가 초등학생～고등학생),700만원 내외,사무직,경기
247560,20230701,"오토바이(바이크, 스쿠터)",남성,30대,자녀 성장기(막내가 초등학생～고등학생),300만원 내외,기술/숙련직,경기
247598,20230701,전기 자전거,남성,60대 이상,자녀 성인기(막내가 대학생～결혼 전),"1,100~1,500만원 내외",일반 공무원/준공무원,전북
247602,20230701,전동 휠,여성,40대,1인 가구,500만원 내외,전업주부,강원
247604,20230701,전동 휠,남성,50대,자녀 성인기(막내가 대학생～결혼 전),"1,000만원 내외",경영/관리직,경기
247610,20230701,전동 휠,남성,60대 이상,신혼기(자녀없음),700만원 내외,무직/기타,서울
247670,20230701,"오토바이(바이크, 스쿠터)",남성,40대,자녀 성장기(막내가 초등학생～고등학생),700만원 내외,전문직,서울
247825,20230701,"오토바이(바이크, 스쿠터)",남성,30대,자녀 유아기(막내가 초등학교 입학 전),400만원 내외,자영업,서울
247829,20230701,"오토바이(바이크, 스쿠터)",남성,30대,1인 가구,400만원 내외,기술/숙련직,부산
248082,20230701,전동 킥보드,남성,40대,자녀 유아기(막내가 초등학교 입학 전),800만원 내외,사무직,서울
248088,20230701,전기 자전거,남성,40대,자녀 성장기(막내가 초등학생～고등학생),"2,100만원 이상",기술/숙련직,서울
248095,20230701,전기 자전거,남성,60대 이상,자녀 독립기(막내가 결혼한 상태),"1,100~1,500만원 내외",판매/서비스직,부산
248110,20230701,전동 킥보드,남성,50대,자녀 성인기(막내가 대학생～결혼 전),900만원 내외,기술/숙련직,강원
248139,20230701,전기 자전거,남성,50대,자녀 성장기(막내가 초등학생～고등학생),700만원 내외,기술/숙련직,부산
248201,20230701,"오토바이(바이크, 스쿠터)",남성,30대,1인 가구,600만원 내외,일반 공무원/준공무원,경기
248299,20230701,전동 킥보드,남성,30대,자녀 유아기(막내가 초등학교 입학 전),700만원 내외,일반 공무원/준공무원,세종
248302,20230701,전동 킥보드,여성,20대,1인 가구,300만원 내외,일반 공무원/준공무원,경기
248405,20230701,"오토바이(바이크, 스쿠터)",남성,50대,1인 가구,"1,000만원 내외",자영업,대구
248477,20230701,"오토바이(바이크, 스쿠터)",여성,30대,1인 가구,"1,000만원 내외",전문직,경북
248773,20230701,전기 자전거,남성,40대,자녀 성장기(막내가 초등학생～고등학생),"1,100~1,500만원 내외",자영업,서울
248814,20230701,전기 자전거,남성,30대,1인 가구,200만원 내외,무직/기타,경기
248817,20230701,전기 자전거,남성,50대,자녀 성장기(막내가 초등학생～고등학생),"2,100만원 이상",자영업,광주
248868,20230701,"오토바이(바이크, 스쿠터)",남성,40대,자녀 유아기(막내가 초등학교 입학 전),700만원 내외,자영업,경기
248890,20230701,전동 스쿠터,남성,40대,자녀 성장기(막내가 초등학생～고등학생),500만원 내외,사무직,경남
249048,20230701,전동 킥보드,여성,30대,자녀 성인기(막내가 대학생～결혼 전),"1,000만원 내외",일반 공무원/준공무원,경기
249111,20230701,전기 자전거,여성,50대,자녀 성인기(막내가 대학생～결혼 전),700만원 내외,자영업,경기
249436,20230701,전동 스쿠터,남성,30대,신혼기 초과(자녀없음),400만원 내외,사무직,충남
249587,20230701,"오토바이(바이크, 스쿠터)",여성,50대,자녀 성장기(막내가 초등학생～고등학생),600만원 내외,무직/기타,충북
249744,20230701,전기 자전거,남성,50대,자녀 성장기(막내가 초등학생～고등학생),"1,100~1,500만원 내외",자영업,인천
249776,20230701,"오토바이(바이크, 스쿠터)",남성,50대,자녀 성인기(막내가 대학생～결혼 전),600만원 내외,자영업,인천
249867,20230701,전동 킥보드,남성,40대,1인 가구,200만원 내외,무직/기타,충북
249868,20230701,전동 킥보드,남성,20대,자녀 성인기(막내가 대학생～결혼 전),"1,600~2,000만원 내외",사무직,충남
249887,20230701,"오토바이(바이크, 스쿠터)",여성,50대,자녀 성인기(막내가 대학생～결혼 전),700만원 내외,자영업,서울
250240,20230701,전동 킥보드,여성,20대,1인 가구,400만원 내외,판매/서비스직,경북
250244,20230701,전기 자전거,남성,50대,자녀 성인기(막내가 대학생～결혼 전),700만원 내외,일반 공무원/준공무원,전남
250250,20230701,전기 자전거,남성,60대 이상,자녀 독립기(막내가 결혼한 상태),600만원 내외,경영/관리직,인천
250270,20230701,전동 킥보드,남성,50대,자녀 성인기(막내가 대학생～결혼 전),700만원 내외,경영/관리직,서울
250365,20230701,"오토바이(바이크, 스쿠터)",남성,50대,자녀 독립기(막내가 결혼한 상태),500만원 내외,기술/숙련직,경기
250474,20230701,전동 스쿠터,남성,30대,자녀 성장기(막내가 초등학생～고등학생),500만원 내외,자영업,경북
250906,20230701,전동 킥보드,남성,40대,자녀 성장기(막내가 초등학생～고등학생),800만원 내외,일반 공무원/준공무원,경기
251018,20230701,"오토바이(바이크, 스쿠터)",남성,60대 이상,자녀 독립기(막내가 결혼한 상태),400만원 내외,무직/기타,경기
251171,20230701,"오토바이(바이크, 스쿠터)",여성,40대,자녀 성인기(막내가 대학생～결혼 전),600만원 내외,전문직,충북
251183,20230701,전기 자전거,남성,60대 이상,자녀 독립기(막내가 결혼한 상태),300만원 내외,기술/숙련직,충남
251244,20230701,전기 자전거,남성,40대,자녀 성장기(막내가 초등학생～고등학생),"1,600~2,000만원 내외",기술/숙련직,경기
251245,20230701,전동 킥보드,여성,40대,자녀 성장기(막내가 초등학생～고등학생),600만원 내외,자영업,대구
251255,20230701,전동 스쿠터,남성,40대,자녀 성장기(막내가 초등학생～고등학생),700만원 내외,자영업,서울
251319,20230701,전동 휠,여성,30대,자녀 성장기(막내가 초등학생～고등학생),500만원 내외,전업주부,경기
251352,20230701,전동 휠,남성,40대,자녀 성장기(막내가 초등학생～고등학생),700만원 내외,기술/숙련직,인천
251449,20230701,전동 킥보드,남성,30대,자녀 성인기(막내가 대학생～결혼 전),"1,000만원 내외",일반 공무원/준공무원,인천
251487,20230701,"오토바이(바이크, 스쿠터)",남성,50대,자녀 성인기(막내가 대학생～결혼 전),800만원 내외,자영업,경기
251626,20230701,전기 자전거,여성,40대,자녀 성장기(막내가 초등학생～고등학생),700만원 내외,전업주부,경기
251690,20230701,전동 휠,남성,40대,자녀 성장기(막내가 초등학생～고등학생),"2,100만원 이상",자영업,서울
251691,20230701,전동 킥보드,남성,30대,자녀 성인기(막내가 대학생～결혼 전),"1,100~1,500만원 내외",일반 공무원/준공무원,경기
251694,20230701,전동 킥보드,남성,30대,자녀 유아기(막내가 초등학교 입학 전),"1,000만원 내외",전문직,세종
251707,20230701,전기 자전거,남성,60대 이상,자녀 성인기(막내가 대학생～결혼 전),700만원 내외,기술/숙련직,대전
251834,20230701,전기 자전거,남성,40대,자녀 성장기(막내가 초등학생～고등학생),"1,000만원 내외",사무직,서울
251946,20230701,전기 자전거,남성,60대 이상,자녀 성인기(막내가 대학생～결혼 전),600만원 내외,무직/기타,경남
251990,20230701,전동 킥보드,남성,40대,자녀 성장기(막내가 초등학생～고등학생),800만원 내외,사무직,경북
251992,20230701,전기 자전거,남성,60대 이상,자녀 성인기(막내가 대학생～결혼 전),"1,000만원 내외",전문직,광주
252255,20230701,"오토바이(바이크, 스쿠터)",남성,50대,자녀 성인기(막내가 대학생～결혼 전),700만원 내외,자영업,서울
252258,20230701,전동 휠,남성,50대,자녀 성장기(막내가 초등학생～고등학생),"1,000만원 내외",기술/숙련직,경기
252824,20230701,전동 킥보드,여성,30대,신혼기(자녀없음),500만원 내외,일반 공무원/준공무원,경북
253345,20230701,"오토바이(바이크, 스쿠터)",남성,50대,1인 가구,400만원 내외,기술/숙련직,인천
253518,20230701,전동 킥보드,남성,40대,신혼기 초과(자녀없음),"1,000만원 내외",전문직,서울
253530,20230701,"오토바이(바이크, 스쿠터)",남성,50대,자녀 성인기(막내가 대학생～결혼 전),600만원 내외,자영업,경기
253577,20230701,전기 자전거,남성,50대,자녀 성인기(막내가 대학생～결혼 전),600만원 내외,기술/숙련직,인천
253806,20230701,전동 킥보드,남성,50대,자녀 성장기(막내가 초등학생～고등학생),900만원 내외,경영/관리직,인천
253979,20230701,"오토바이(바이크, 스쿠터)",남성,50대,자녀 성인기(막내가 대학생～결혼 전),400만원 내외,기술/숙련직,서울
254170,20230701,"오토바이(바이크, 스쿠터)",남성,30대,1인 가구,300만원 내외,자영업,경기
254214,20230701,"오토바이(바이크, 스쿠터)",남성,50대,자녀 성인기(막내가 대학생～결혼 전),700만원 내외,무직/기타,충북
254325,20230701,전동 스쿠터,남성,30대,1인 가구,900만원 내외,전문직,경기
254331,20230701,전동 킥보드,남성,50대,1인 가구,300만원 내외,기술/숙련직,대전
254926,20230701,"오토바이(바이크, 스쿠터)",남성,20대,1인 가구,"1,000만원 내외",판매/서비스직,충남
254974,20230701,전기 자전거,남성,60대 이상,자녀 독립기(막내가 결혼한 상태),500만원 내외,무직/기타,경북
254984,20230701,"오토바이(바이크, 스쿠터)",여성,40대,자녀 성인기(막내가 대학생～결혼 전),300만원 내외,사무직,전북
255083,20230701,전동 킥보드,여성,20대,자녀 유아기(막내가 초등학교 입학 전),400만원 내외,전업주부,대전
255137,20230701,"오토바이(바이크, 스쿠터)",여성,60대 이상,자녀 독립기(막내가 결혼한 상태),500만원 내외,기술/숙련직,서울
255139,20230701,전동 킥보드,남성,60대 이상,자녀 성인기(막내가 대학생～결혼 전),700만원 내외,사무직,경기
255214,20230701,전기 자전거,남성,60대 이상,자녀 성인기(막내가 대학생～결혼 전),700만원 내외,자영업,광주
255306,20230701,"오토바이(바이크, 스쿠터)",남성,40대,자녀 유아기(막내가 초등학교 입학 전),500만원 내외,사무직,서울
255322,20230701,전동 스쿠터,남성,30대,자녀 유아기(막내가 초등학교 입학 전),500만원 내외,사무직,부산
255333,20230701,전기 자전거,남성,60대 이상,자녀 독립기(막내가 결혼한 상태),300만원 내외,무직/기타,경기
255341,20230701,전기 자전거,여성,40대,1인 가구,400만원 내외,사무직,경기
255352,20230701,전기 자전거,남성,40대,자녀 성장기(막내가 초등학생～고등학생),"1,100~1,500만원 내외",경영/관리직,서울
255356,20230701,전기 자전거,여성,60대 이상,자녀 독립기(막내가 결혼한 상태),"1,000만원 내외",일반 공무원/준공무원,강원
255358,20230701,"오토바이(바이크, 스쿠터)",남성,40대,자녀 성장기(막내가 초등학생～고등학생),"1,100~1,500만원 내외",판매/서비스직,인천
255386,20230701,전동 킥보드,남성,60대 이상,자녀 독립기(막내가 결혼한 상태),"1,100~1,500만원 내외",자영업,충북
255431,20230701,전기 자전거,남성,50대,자녀 독립기(막내가 결혼한 상태),500만원 내외,무직/기타,광주
255433,20230701,전동 킥보드,남성,50대,자녀 성장기(막내가 초등학생～고등학생),700만원 내외,기술/숙련직,서울
255454,20230701,"오토바이(바이크, 스쿠터)",남성,30대,자녀 유아기(막내가 초등학교 입학 전),400만원 내외,기술/숙련직,부산
255468,20230701,"오토바이(바이크, 스쿠터)",남성,40대,자녀 유아기(막내가 초등학교 입학 전),400만원 내외,사무직,울산
255484,20230701,"오토바이(바이크, 스쿠터)",여성,20대,자녀 유아기(막내가 초등학교 입학 전),900만원 내외,자영업,서울
255486,20230701,전동 킥보드,남성,40대,자녀 성인기(막내가 대학생～결혼 전),"1,100~1,500만원 내외",일반 공무원/준공무원,인천
255493,20230701,전기 자전거,남성,60대 이상,자녀 성인기(막내가 대학생～결혼 전),300만원 내외,경영/관리직,서울
255523,20230701,"오토바이(바이크, 스쿠터)",남성,60대 이상,자녀 성인기(막내가 대학생～결혼 전),모름,무직/기타,서울
255531,20230701,"오토바이(바이크, 스쿠터)",남성,50대,자녀 성인기(막내가 대학생～결혼 전),700만원 내외,사무직,서울
255540,20230701,전기 자전거,남성,50대,자녀 성인기(막내가 대학생～결혼 전),700만원 내외,기술/숙련직,서울
255554,20230701,"오토바이(바이크, 스쿠터)",남성,50대,자녀 성장기(막내가 초등학생～고등학생),500만원 내외,사무직,서울
255571,20230701,전기 자전거,여성,50대,자녀 성인기(막내가 대학생～결혼 전),"1,100~1,500만원 내외",전업주부,경기
255577,20230701,"오토바이(바이크, 스쿠터)",남성,40대,자녀 성장기(막내가 초등학생～고등학생),700만원 내외,기술/숙련직,경기
255590,20230701,전기 자전거,여성,60대 이상,자녀 성인기(막내가 대학생～결혼 전),300만원 내외,자영업,부산
255602,20230701,"오토바이(바이크, 스쿠터)",남성,40대,자녀 유아기(막내가 초등학교 입학 전),200만원 내외,전문직,대구
255607,20230701,"오토바이(바이크, 스쿠터)",남성,40대,자녀 유아기(막내가 초등학교 입학 전),400만원 내외,자영업,대구
255616,20230701,"오토바이(바이크, 스쿠터)",남성,50대,자녀 성인기(막내가 대학생～결혼 전),"1,100~1,500만원 내외",무직/기타,경남
255669,20230701,전동 킥보드,남성,50대,자녀 성인기(막내가 대학생～결혼 전),600만원 내외,기술/숙련직,서울
255682,20230701,"오토바이(바이크, 스쿠터)",남성,50대,자녀 성인기(막내가 대학생～결혼 전),800만원 내외,기술/숙련직,울산
255685,20230701,"오토바이(바이크, 스쿠터)",남성,50대,자녀 성인기(막내가 대학생～결혼 전),"1,000만원 내외",자영업,대구
255710,20230701,전기 자전거,남성,50대,자녀 성장기(막내가 초등학생～고등학생),700만원 내외,기술/숙련직,서울
255736,20230701,"오토바이(바이크, 스쿠터)",남성,50대,자녀 성장기(막내가 초등학생～고등학생),500만원 내외,사무직,울산
255774,20230701,전동 스쿠터,남성,40대,자녀 성장기(막내가 초등학생～고등학생),700만원 내외,전문직,강원
255784,20230701,전동 킥보드,여성,40대,자녀 유아기(막내가 초등학교 입학 전),"1,000만원 내외",사무직,서울
255785,20230701,"오토바이(바이크, 스쿠터)",남성,20대,자녀 독립기(막내가 결혼한 상태),"1,000만원 내외",자영업,충북
255825,20230701,전기 자전거,남성,50대,자녀 성인기(막내가 대학생～결혼 전),700만원 내외,판매/서비스직,서울
255844,20230701,전동 스쿠터,남성,50대,자녀 성인기(막내가 대학생～결혼 전),300만원 내외,무직/기타,경북
255860,20230701,전동 킥보드,여성,40대,자녀 성장기(막내가 초등학생～고등학생),300만원 내외,자영업,대전
255864,20230701,전기 자전거,남성,60대 이상,자녀 성인기(막내가 대학생～결혼 전),"1,100~1,500만원 내외",무직/기타,대전
255866,20230701,"오토바이(바이크, 스쿠터)",남성,60대 이상,자녀 성인기(막내가 대학생～결혼 전),400만원 내외,무직/기타,충남
255873,20230701,전기 자전거,남성,50대,자녀 성인기(막내가 대학생～결혼 전),700만원 내외,기술/숙련직,서울
255880,20230701,전기 자전거,남성,40대,자녀 성장기(막내가 초등학생～고등학생),500만원 내외,사무직,경기
255884,20230701,"오토바이(바이크, 스쿠터)",남성,40대,자녀 성장기(막내가 초등학생～고등학생),600만원 내외,자영업,인천
255888,20230701,전기 자전거,남성,60대 이상,자녀 성인기(막내가 대학생～결혼 전),"1,100~1,500만원 내외",자영업,인천
255891,20230701,"오토바이(바이크, 스쿠터)",남성,40대,1인 가구,800만원 내외,사무직,서울
255893,20230701,전동 휠,여성,50대,자녀 성인기(막내가 대학생～결혼 전),900만원 내외,기술/숙련직,서울
255894,20230701,전기 자전거,여성,50대,자녀 성인기(막내가 대학생～결혼 전),800만원 내외,전업주부,경기
255924,20230701,"오토바이(바이크, 스쿠터)",남성,50대,자녀 성인기(막내가 대학생～결혼 전),500만원 내외,사무직,경기
256140,20230701,전동 킥보드,남성,30대,1인 가구,300만원 내외,사무직,경기
256278,20230701,전동 휠,남성,50대,자녀 성장기(막내가 초등학생～고등학생),800만원 내외,기술/숙련직,충북
256308,20230701,전동 킥보드,남성,30대,자녀 유아기(막내가 초등학교 입학 전),500만원 내외,판매/서비스직,경기
256312,20230701,"오토바이(바이크, 스쿠터)",남성,40대,자녀 성장기(막내가 초등학생～고등학생),"2,100만원 이상",전문직,서울
256313,20230701,전동 스쿠터,남성,30대,1인 가구,700만원 내외,사무직,경기
256314,20230701,"오토바이(바이크, 스쿠터)",여성,60대 이상,자녀 성인기(막내가 대학생～결혼 전),300만원 내외,자영업,경기
256316,20230701,전기 자전거,남성,40대,1인 가구,500만원 내외,사무직,서울
256496,20230701,전기 자전거,남성,40대,1인 가구,400만원 내외,자영업,경기
256564,20230701,전기 자전거,남성,50대,자녀 유아기(막내가 초등학교 입학 전),400만원 내외,자영업,경기
256652,20230701,전동 킥보드,남성,50대,자녀 성인기(막내가 대학생～결혼 전),500만원 내외,기술/숙련직,서울
256659,20230701,전동 스케이트보드,여성,20대,자녀 성장기(막내가 초등학생～고등학생),"2,100만원 이상",학생,경기
256711,20230701,"오토바이(바이크, 스쿠터)",남성,60대 이상,자녀 성인기(막내가 대학생～결혼 전),800만원 내외,무직/기타,경기
256741,20230701,전기 자전거,남성,40대,자녀 성장기(막내가 초등학생～고등학생),600만원 내외,사무직,경기
257076,20230701,"오토바이(바이크, 스쿠터)",남성,40대,자녀 성장기(막내가 초등학생～고등학생),400만원 내외,사무직,충북
257079,20230701,전기 자전거,남성,60대 이상,자녀 독립기(막내가 결혼한 상태),300만원 내외,기술/숙련직,서울
257099,20230701,전동 킥보드,남성,50대,1인 가구,300만원 내외,기술/숙련직,충남
257402,20230701,"오토바이(바이크, 스쿠터)",남성,50대,자녀 성인기(막내가 대학생～결혼 전),600만원 내외,기술/숙련직,울산
257436,20230701,전기 자전거,남성,40대,신혼기(자녀없음),600만원 내외,기술/숙련직,경북
257592,20230701,전동 킥보드,남성,50대,자녀 성장기(막내가 초등학생～고등학생),500만원 내외,사무직,서울
257600,20230701,전기 자전거,여성,40대,1인 가구,300만원 내외,사무직,전북
257604,20230701,전기 자전거,남성,40대,자녀 성장기(막내가 초등학생～고등학생),500만원 내외,기술/숙련직,경기
257615,20230701,전동 스쿠터,여성,40대,자녀 성인기(막내가 대학생～결혼 전),200만원 내외,무직/기타,서울
257616,20230701,"오토바이(바이크, 스쿠터)",남성,40대,자녀 성장기(막내가 초등학생～고등학생),800만원 내외,기술/숙련직,울산
257650,20230701,전동 스쿠터,여성,40대,자녀 성장기(막내가 초등학생～고등학생),600만원 내외,무직/기타,인천
257659,20230701,전동 킥보드,남성,60대 이상,자녀 독립기(막내가 결혼한 상태),500만원 내외,자영업,전남
257660,20230701,전기 자전거,여성,30대,자녀 유아기(막내가 초등학교 입학 전),600만원 내외,기술/숙련직,서울
257678,20230701,전기 자전거,남성,60대 이상,자녀 독립기(막내가 결혼한 상태),500만원 내외,무직/기타,경기
257679,20230701,전동 킥보드,남성,40대,자녀 성장기(막내가 초등학생～고등학생),900만원 내외,기술/숙련직,경기
257817,20230701,전동 킥보드,여성,30대,자녀 유아기(막내가 초등학교 입학 전),600만원 내외,전문직,전북
257979,20230701,"오토바이(바이크, 스쿠터)",남성,30대,1인 가구,"1,100~1,500만원 내외",기술/숙련직,부산
258019,20230701,전기 자전거,남성,50대,신혼기 초과(자녀없음),900만원 내외,일반 공무원/준공무원,충북
258020,20230701,"오토바이(바이크, 스쿠터)",남성,40대,신혼기 초과(자녀없음),600만원 내외,기술/숙련직,경남
258151,20230701,"오토바이(바이크, 스쿠터)",남성,40대,1인 가구,100만원 이하,기술/숙련직,경남
258191,20230701,전동 킥보드,여성,30대,자녀 성장기(막내가 초등학생～고등학생),500만원 내외,일반 공무원/준공무원,경기
258230,20230701,전기 자전거,여성,40대,자녀 성인기(막내가 대학생～결혼 전),"1,000만원 내외",기술/숙련직,인천
258442,20230701,전동 휠,남성,30대,신혼기 초과(자녀없음),800만원 내외,사무직,인천
258452,20230701,전동 휠,남성,50대,자녀 성인기(막내가 대학생～결혼 전),300만원 내외,사무직,전북
258876,20230701,"오토바이(바이크, 스쿠터)",남성,40대,자녀 성장기(막내가 초등학생～고등학생),500만원 내외,판매/서비스직,경기
258886,20230701,"오토바이(바이크, 스쿠터)",남성,40대,자녀 성인기(막내가 대학생～결혼 전),"2,100만원 이상",자영업,부산
258889,20230701,전동 킥보드,남성,50대,자녀 성인기(막내가 대학생～결혼 전),"1,600~2,000만원 내외",자영업,경기
259312,20230701,"오토바이(바이크, 스쿠터)",남성,30대,신혼기 초과(자녀없음),"1,000만원 내외",기술/숙련직,경남
259326,20230701,전동 휠,남성,40대,자녀 성장기(막내가 초등학생～고등학생),900만원 내외,사무직,서울
259329,20230701,전기 자전거,남성,50대,자녀 성장기(막내가 초등학생～고등학생),"1,000만원 내외",자영업,서울
259374,20230701,"오토바이(바이크, 스쿠터)",남성,30대,1인 가구,600만원 내외,무직/기타,경기
259957,20230701,전동 킥보드,여성,30대,자녀 유아기(막내가 초등학교 입학 전),700만원 내외,사무직,강원
260323,20230701,"오토바이(바이크, 스쿠터)",남성,40대,자녀 성장기(막내가 초등학생～고등학생),"1,600~2,000만원 내외",자영업,세종
260324,20230701,전기 자전거,남성,60대 이상,자녀 독립기(막내가 결혼한 상태),400만원 내외,무직/기타,강원
260659,20230701,전기 자전거,남성,60대 이상,자녀 독립기(막내가 결혼한 상태),500만원 내외,사무직,울산
260724,20230701,전동 킥보드,남성,40대,자녀 성장기(막내가 초등학생～고등학생),400만원 내외,자영업,경기
260853,20230701,전동 킥보드,남성,40대,자녀 성장기(막내가 초등학생～고등학생),800만원 내외,기술/숙련직,경기
261004,20230701,전기 자전거,여성,50대,자녀 성인기(막내가 대학생～결혼 전),600만원 내외,전업주부,대전
261161,20230701,전동 킥보드,남성,50대,자녀 성인기(막내가 대학생～결혼 전),600만원 내외,자영업,대전
261396,20230701,전동 킥보드,남성,60대 이상,자녀 독립기(막내가 결혼한 상태),"1,600~2,000만원 내외",전문직,서울
261523,20230701,전기 자전거,남성,50대,자녀 성인기(막내가 대학생～결혼 전),500만원 내외,기술/숙련직,경기
261883,20230701,전기 자전거,여성,60대 이상,자녀 독립기(막내가 결혼한 상태),800만원 내외,전업주부,경기
262011,20230701,"오토바이(바이크, 스쿠터)",남성,50대,1인 가구,500만원 내외,기술/숙련직,대전
262309,20230701,"오토바이(바이크, 스쿠터)",남성,40대,자녀 유아기(막내가 초등학교 입학 전),500만원 내외,기술/숙련직,제주
262337,20230701,전동 스쿠터,남성,40대,자녀 유아기(막내가 초등학교 입학 전),400만원 내외,사무직,서울
262734,20230701,전기 자전거,남성,40대,자녀 성장기(막내가 초등학생～고등학생),500만원 내외,일반 공무원/준공무원,대구
262780,20230701,"오토바이(바이크, 스쿠터)",여성,40대,신혼기 초과(자녀없음),"1,100~1,500만원 내외",자영업,강원
263004,20230701,전기 자전거,여성,50대,자녀 성인기(막내가 대학생～결혼 전),"1,100~1,500만원 내외",전업주부,서울
263375,20230701,"오토바이(바이크, 스쿠터)",남성,60대 이상,자녀 성인기(막내가 대학생～결혼 전),500만원 내외,무직/기타,서울
263404,20230701,전기 자전거,남성,60대 이상,자녀 성인기(막내가 대학생～결혼 전),500만원 내외,무직/기타,경북
263488,20230701,전기 자전거,남성,40대,1인 가구,500만원 내외,자영업,경기
263525,20230701,전동 킥보드,남성,30대,1인 가구,400만원 내외,자영업,서울
263644,20230701,전동 휠,남성,30대,자녀 독립기(막내가 결혼한 상태),"1,600~2,000만원 내외",자영업,경기
263814,20230701,전기 자전거,남성,40대,1인 가구,300만원 내외,사무직,인천
263957,20230701,전동 킥보드,남성,40대,자녀 성장기(막내가 초등학생～고등학생),700만원 내외,경영/관리직,경기
264026,20230701,"오토바이(바이크, 스쿠터)",남성,50대,1인 가구,300만원 내외,무직/기타,전북
264250,20230701,전동 킥보드,여성,30대,1인 가구,"1,000만원 내외",사무직,서울
264563,20230701,"오토바이(바이크, 스쿠터)",남성,50대,자녀 성인기(막내가 대학생～결혼 전),"2,100만원 이상",자영업,대전
264577,20230701,전동 스케이트보드,여성,20대,1인 가구,300만원 내외,기술/숙련직,경기
264620,20230701,"오토바이(바이크, 스쿠터)",남성,40대,자녀 성장기(막내가 초등학생～고등학생),500만원 내외,자영업,경기
264636,20230701,전동 킥보드,남성,40대,1인 가구,모름,무직/기타,전북
264661,20230701,"오토바이(바이크, 스쿠터)",남성,30대,자녀 성장기(막내가 초등학생～고등학생),700만원 내외,사무직,전북
264663,20230701,전동 킥보드,남성,60대 이상,자녀 독립기(막내가 결혼한 상태),"1,100~1,500만원 내외",사무직,대구
264674,20230701,전동 스쿠터,남성,40대,자녀 성장기(막내가 초등학생～고등학생),500만원 내외,사무직,경기
264707,20230701,"오토바이(바이크, 스쿠터)",남성,60대 이상,자녀 성인기(막내가 대학생～결혼 전),700만원 내외,판매/서비스직,서울
264731,20230701,전동 킥보드,남성,40대,자녀 성장기(막내가 초등학생～고등학생),"1,000만원 내외",사무직,경기
264766,20230701,"오토바이(바이크, 스쿠터)",남성,50대,자녀 성장기(막내가 초등학생～고등학생),200만원 내외,자영업,서울
264786,20230701,"오토바이(바이크, 스쿠터)",남성,20대,자녀 성인기(막내가 대학생～결혼 전),"2,100만원 이상",기술/숙련직,강원
264818,20230701,전동 킥보드,남성,50대,자녀 성인기(막내가 대학생～결혼 전),"1,100~1,500만원 내외",기술/숙련직,경기
264849,20230701,"오토바이(바이크, 스쿠터)",남성,50대,자녀 성인기(막내가 대학생～결혼 전),"1,100~1,500만원 내외",사무직,경기
264856,20230701,"오토바이(바이크, 스쿠터)",남성,30대,1인 가구,600만원 내외,자영업,경기
264871,20230701,"오토바이(바이크, 스쿠터)",남성,30대,신혼기(자녀없음),200만원 내외,일반 공무원/준공무원,대전
264875,20230701,전기 자전거,남성,50대,자녀 성장기(막내가 초등학생～고등학생),900만원 내외,기술/숙련직,경기
264878,20230701,전동 킥보드,남성,30대,자녀 성인기(막내가 대학생～결혼 전),모름,자영업,경남
264888,20230701,"오토바이(바이크, 스쿠터)",남성,20대,자녀 성인기(막내가 대학생～결혼 전),900만원 내외,학생,부산
264892,20230701,"오토바이(바이크, 스쿠터)",남성,60대 이상,자녀 독립기(막내가 결혼한 상태),900만원 내외,자영업,전북
264904,20230701,전기 자전거,남성,60대 이상,자녀 성인기(막내가 대학생～결혼 전),600만원 내외,자영업,경북
264952,20230701,"오토바이(바이크, 스쿠터)",남성,40대,자녀 성장기(막내가 초등학생～고등학생),"1,000만원 내외",자영업,경기
264955,20230701,전동 킥보드,여성,40대,자녀 성인기(막내가 대학생～결혼 전),500만원 내외,무직/기타,경기
264979,20230701,"오토바이(바이크, 스쿠터)",남성,20대,자녀 유아기(막내가 초등학교 입학 전),"1,000만원 내외",사무직,경기
264980,20230701,전동 킥보드,남성,50대,자녀 성인기(막내가 대학생～결혼 전),900만원 내외,경영/관리직,경기
264990,20230701,전동 스쿠터,여성,20대,1인 가구,모름,무직/기타,서울
264993,20230701,"오토바이(바이크, 스쿠터)",남성,40대,자녀 성장기(막내가 초등학생～고등학생),400만원 내외,기술/숙련직,인천
265006,20230701,"오토바이(바이크, 스쿠터)",여성,30대,자녀 유아기(막내가 초등학교 입학 전),400만원 내외,사무직,인천
265012,20230701,전동 킥보드,남성,50대,자녀 성인기(막내가 대학생～결혼 전),700만원 내외,기술/숙련직,경기
265021,20230701,"오토바이(바이크, 스쿠터)",남성,30대,1인 가구,300만원 내외,무직/기타,경기
265025,20230701,"오토바이(바이크, 스쿠터)",남성,40대,1인 가구,300만원 내외,기술/숙련직,대구
265027,20230701,전동 킥보드,남성,30대,1인 가구,모름,판매/서비스직,충남
265030,20230701,"오토바이(바이크, 스쿠터)",남성,40대,자녀 성장기(막내가 초등학생～고등학생),300만원 내외,기술/숙련직,충남
265047,20230701,전기 자전거,남성,60대 이상,자녀 성인기(막내가 대학생～결혼 전),200만원 내외,무직/기타,서울
265059,20230701,전기 자전거,남성,40대,1인 가구,300만원 내외,판매/서비스직,서울
