pref_sghtng_place_id,extrc_word_nm,info_obtn_dt,auser_sxdst_cd,age_group_cd,occpn_nm,hshld_incm_group_nm,mrrg_yn_nm,chdrn_yn_nm,rsid_fom_nm,auser_ara_ctprv_nm,auser_ara_gu_nm,auser_ara_dong_nm,car_group_nm,craln_tlphn_mkr_nm,craln_tlphn_sbscr_cmpn_nm,pref_sghtng_place_nm,info_obtn_site_url,info_obtn_site_subjc_nm
D***,함덕해안,201903**,F,3,,,      ,          ,,경기,부천시 원미구,상동,,,,함덕해안,https://m.blog.naver.com/33fanta/221648550419,제주 바다가 보이는 카페제주도 조천함덕해안도로 바람과바다
D***,고성 델피노 골프앤리조트,201903**,M,3,,,      ,          ,,경기,수원시 팔달구,매산로2가,,,,고성 델피노 골프앤리조트,https://blog.naver.com/aramouse/221589693496,가족여행 숙소 추천 고성 속초 델피노골프앤리조트 카페로까 조식 리뷰
D***,운암사,201903**,M,4,,,      ,          ,,서울,양천구,신정4동,,,,운암사,https://m.blog.naver.com/lucky0520/221684590217,비라칸사스와 함께한 광양 운암사
D***,담양호,201903**,M,3,,,      ,          ,,서울,마포구,도화동,,,,담양호,https://m.blog.naver.com/ka8564/221652276574,담양호 용마루길따라 과녁바위산을 돌아오는 트레킹코스
D***,청룡사,201903**,M,4,,,      ,          ,,서울,노원구,중계4동,,,,청룡사,https://m.blog.naver.com/ykan7/221713770267,191119 안성 서운산 산행청룡사주차장청룡사정상 왕복코스 끝물 단풍 감상하기
D***,부석사,201903**,M,5,"사무직 (일반사무직, 공무원, 직업군인)",400~499만원,예    ,자녀 있음 ,아파트/ 주상복합,인천,중구,운서동,"준중형차 (아반떼, K3, 크루즈, 제타급 등)",LG,알뜰폰(MVNO),부석사,https://m.blog.naver.com/ekswldkvkxm2/221710948020,경북가볼만한곳 영주 부석사
D***,장성호,201903**,M,5,"전문직 (의사, 판검사, 예술가, 종교인)","1,000만원 이상",예    ,자녀 있음 ,연립주택/ 다세대/ 빌라,경기,용인시 수지구,신봉동,"대형차 (제너시스, BMW5급 등)",삼성,SKT,장성호,https://m.blog.naver.com/wella5442/221704598476,장성 가볼만한곳 장성호 수변길 출렁다리
D***,거가대교,201903**,F,4,,,      ,          ,,서울,노원구,상계10동,,,,거가대교,https://m.blog.naver.com/ohyea95/221553123462,가덕도 가볼 만한 곳 연대봉 세계 최대 수심 해저터널 거가대교
D***,주문진,201903**,M,4,,,      ,          ,,인천,서구,연희동,,,,주문진,https://blog.naver.com/crazy_yuri/221713254200,새로웠던 주문진 맛집
D***,천안종합휴향,201903**,F,3,,,      ,          ,,경기,부천시 원미구,도당동,,,,천안종합휴향,https://m.cafe.naver.com/sejongpedal/3371,세종싸이클로드
D***,제주용머리,201903**,F,4,,,      ,          ,,강원,태백시,상장동,,,,제주용머리,http://m.blog.daum.net/_blog/_m/articleView.do?blogid=0b2pw&articleno=2342,제주 용머리해안 맛집 가족 식사엔 카도돈카츠
D***,등명,201903**,M,2,,,      ,          ,,서울,동대문구,이문동,,,,등명,https://m.blog.naver.com/fedfox77/221616393516,강릉 해수욕장 추천 작지만 편안한 등명해변등명해수욕장
D***,충온온천,201903**,M,3,,,      ,          ,,서울,서초구,서초3동,,,,충온온천,https://m.cafe.naver.com/mywetown/912,충주나우리마을
D***,충온온천,201903**,F,2,,,      ,          ,,서울,서초구,양재1동,,,,충온온천,https://m.cafe.naver.com/mywetown/912,충주나우리마을
D***,고래불,201903**,M,4,,,      ,          ,,부산,연제구,거제4동,,,,고래불,http://m.blog.daum.net/_blog/_m/articleView.do?blogid=0bogl&articleno=923,해파랑길 트레킹 제23코스 고래불 후포항
D***,라비에벨,201903**,M,2,,,      ,          ,,전북,군산시,나운1동,,,,라비에벨,https://blog.naver.com/yangjinss/221716472829,부천예식장 라비에벨웨딩 기억에 많이 남을 것 같아요
D***,마이산회봉온천,201903**,M,4,,,      ,          ,,서울,도봉구,쌍문3동,,,,마이산회봉온천,https://m.blog.naver.com/PostView.nhn?blogId=hk8300&logNo=50140957063&proxyReferer=https%3A%2F%2Fm.search.naver.com%2Fsearch.naver%3Fquery%3D%25EB%25A7%2588%25EC%259D%25B4%25EC%2582%25B0%25ED%259A%258C%25EB%25B4%2589%25EC%2598%25A8%25EC%25B2%259C%26sm%3Dmtb_hty.top%26where%3Dm%26oquery%3D%25EB%258C%2580%25EA%25B5%25AC%25EB%25A9%25B4%25EB%258F%2584%25EC%259A%2594%25EC%25A7%2580%26tqi%3DUPO7psprvAdssE166zRssssst3G-144381,마이산회봉온천 새 희망 날개 활짝 폈다
D***,여수 경도,201903**,F,3,,,      ,          ,,서울,금천구,가산동,,,,여수 경도,https://blog.naver.com/zephyr122059/221339654475,수요미식회 여수  경도 자연횟집  여수 10미 하모 샤브샤브
D***,해운대,201903**,M,2,,,      ,          ,,전북,전주시 완산구,효자동1가,,,,해운대,https://moonjj82.blog.me/221712612297,해운대뷔페 가장 좋아하는 곳 그랜드애플
D***,직탕,201903**,M,4,무직,100만원 미만,아니오,          ,단독주택,충북,음성군,맹동면,,LG,KT,직탕,https://m.blog.naver.com/sonic72/221608063332,20190806 철원일대 폭포를 찾아떠난 여름휴가 재인폭포비둘기낭폭포직탕폭포산정호수
D***,선바위,201903**,M,2,,,      ,          ,,울산,중구,복산2동,,,,선바위,https://m.blog.naver.com/7750khj/221702772489,합천 작은가야산  수리봉소바우듬선바위
D***,영월온천,201903**,M,2,,,      ,          ,,인천,부평구,삼산1동,,,,영월온천,https://m.blog.naver.com/sonjungwook22/221664214543,201707387001 영월군 영월읍 심옥리 영월온천
D***,영국사,201903**,F,4,"사무직 (일반사무직, 공무원, 직업군인)",600~699만원,예    ,자녀 있음 ,아파트/ 주상복합,서울,관악구,청림동,,삼성,LG U+,영국사,https://m.blog.naver.com/youliyan/221628365158,충북 영동 가볼만한곳 천태산 영국사
D***,묘산봉,201903**,M,4,"생산/노무직 (생산감독, 경비원, 공장근로자)",200~299만원,아니오,          ,단독주택,대전,중구,문창동,"경차 (모닝, 스파크 등)",삼성,LG U+,묘산봉,https://m.blog.naver.com/kohj007/221598565809,제주시 구좌읍 김녕리 묘산봉 일대 농어촌도로 확장
D***,내장산리조트,201903**,M,5,"판매직 (상점점원, 보험설계사, 노점상)",500~599만원,예    ,자녀 있음 ,단독주택,강원,춘천시,약사동,"중형SUV (싼타페, 쏘렌토, 캡티바, BMW X3급 등)",삼성,KT,내장산리조트,https://m.blog.naver.com/beet38/221710851873,정읍시 내장산리조트 최대규모 민자유치
D***,알펜시아,201903**,M,2,,,      ,          ,,대전,동구,용운동,,,,알펜시아,https://blog.naver.com/asdffggg2/221648164694,강원도여행 평창 알펜시아 홀리데이인스위트 투베드룸과 오션700 워터파크
D***,백제가요정읍사,201903**,F,5,,,      ,          ,,서울,동작구,상도2동,,,,백제가요정읍사,https://m.blog.naver.com/japansisa/221583141689,백제의 가요 정읍사 망한가로 새롭게 태어나다
D***,프로젝트 ECO,201903**,M,4,"기능직 (자동차정비, 운전기사, 안경사, 택시기사)",600~699만원,예    ,자녀 있음 ,아파트/ 주상복합,경남,양산시,동면,"준중형차 (아반떼, K3, 크루즈, 제타급 등)",,,프로젝트 ECO,https://humanvillage.blog.me/221713044677,애월 봉성리 프로젝트ECO조성사업
D***,예래휴양형주거,201903**,M,2,,,      ,          ,,전북,익산시,영등동,,,,예래휴양형주거,https://blog.naver.com/bigfish3/221477767193,예래 휴양형 주거단지 현황과 제주도 땅 투자
D***,태조산,201903**,M,2,,,      ,          ,,울산,남구,삼산동,,,,태조산,https://m.blog.naver.com/ohs1443/221659948848,천안 태조산421m  흑성산519m
D***,구곡폭포,201903**,F,2,"학생 (초중고학생, 대학생, 대학원생)",100만원 미만,아니오,          ,연립주택/ 다세대/ 빌라,서울,광진구,구의2동,,애플,KT,구곡폭포,https://blog.naver.com/jsl3335/221675894684,구곡 폭포 나들이
D***,울산 강동,201903**,M,3,,,      ,          ,,서울,종로구,명륜동3가,,,,울산 강동,https://blog.naver.com/usbukgu/221725467902,울산 강동 화암 주상절리 예술작품 같은 일출
D***,사선대,201903**,F,2,,,      ,          ,,서울,구로구,구로5동,,,,사선대,https://m.blog.naver.com/jbgokr/221566547422,선녀들도 반한 국민 관광지 임실 사선대  임실 나들이 명소
D***,추암,201903**,M,5,"관리직 (사장, 간부, 고위공무원)",700~799만원,예    ,자녀 있음 ,단독주택,경기,성남시 분당구,구미동,"준중형SUV (투싼, 스포티지, QM5, 티구안급 등)",LG,LG U+,추암,http://m.blog.daum.net/_blog/_m/articleView.do?blogid=0bogl&articleno=936,해파랑길 트레킹 제32코스 한재밑 추암
D***,청도용암온천,201903**,F,3,"교직 (교사, 유치원교사, 학원강사)",200~299만원,아니오,          ,연립주택/ 다세대/ 빌라,경기,고양시 일산동구,중산동,"준중형차 (아반떼, K3, 크루즈, 제타급 등)",LG,SKT,청도용암온천,https://m.blog.naver.com/jangsoras2j/221716720216,청도용암온천 즐기고 빛축제까지
D***,계림사,201903**,M,3,"자영업 (도소매업, 숙박업, 미용업)",300~399만원,아니오,          ,연립주택/ 다세대/ 빌라,대구,남구,대명9동,"중형차 (쏘나타, K5, 말리부, 골프급 등)",LG,KT,계림사,https://m.blog.naver.com/pjk3108/221686032437,김천 동부리 마애지장보살좌상 계림사 석조나한좌상
D***,쌍계사,201903**,M,5,,,      ,          ,,대전,유성구,원신흥동,,,,쌍계사,https://m.blog.naver.com/gnfeel/221717628454,경상남도 하동  하동 가볼만한곳 지리산자락으로 가을여행 떠나요 하동 쌍계사
D***,흥덕사,201903**,M,5,"사무직 (일반사무직, 공무원, 직업군인)",600~699만원,예    ,자녀 있음 ,아파트/ 주상복합,경기,용인시 수지구,상현동,"중형SUV (싼타페, 쏘렌토, 캡티바, BMW X3급 등)",LG,LG U+,흥덕사,https://m.blog.naver.com/ojs0126/221690775065,흥덕사 백운문화한마당 참석
D***3,김제온천,201903**,M,3,,,      ,          ,,울산,중구,서동,,,,김제온천,https://m.blog.naver.com/shbae3521/221589492924,김제연꽃아버지의 연사랑 흙바라기연근농장 페이지 김영훈 김계숙
D***9,안성 죽산,201903**,M,5,,,      ,          ,,서울,영등포구,대림2동,,,,안성 죽산,https://blog.naver.com/pcn1970/221720348259,2019 안성 죽산 문화재 야행 이야기
D***9,원각사,201903**,M,5,,,      ,          ,,서울,영등포구,대림2동,,,,안성 죽산,https://m.blog.naver.com/nelo30/221688868198,가볍게 다이어트 트레킹 겸 다녀온 의정부 원각사
D***3,제주헬스케어타운,201903**,M,2,"학생 (초중고학생, 대학생, 대학원생)",400~499만원,아니오,          ,연립주택/ 다세대/ 빌라,경기,부천시 원미구,심곡3동,,삼성,SKT,제주헬스케어타운,https://blog.naver.com/solguji/221651290398,추석제주여행  헬스케어타운리조트  한림칼국수  카페라이슬라
D***1,영암바둑테마파크,201903**,M,4,"교직 (교사, 유치원교사, 학원강사)",700~799만원,예    ,자녀 있음 ,아파트/ 주상복합,경기,용인시 수지구,풍덕천동,"준중형차 (아반떼, K3, 크루즈, 제타급 등)",LG,LG U+,영암바둑테마파크,https://m.blog.naver.com/ashim1/221266017832,영암 가볼만한곳  월출산 기찬랜드 가야금산조 테마공원
D***9,대관령 어흘리,201903**,M,5,,,      ,          ,,서울,구로구,개봉2동,,,,대관령 어흘리,https://m.blog.naver.com/jauroune/221662945310,대관령 어흘리 100년 소나무 숲길  대관령 치유의 숲길
D***2,용담사,201903**,M,3,,,      ,          ,,경기,광명시,철산3동,,,,용담사,https://m.blog.naver.com/rem85/221616568134,안동물놀이할만한곳안동계곡길안계곡길안용담사 근처 계곡으로 물놀이다녀왔어요
D***8,충온온천,201903**,M,3,"사무직 (일반사무직, 공무원, 직업군인)",600~699만원,예    ,자녀 없음 ,연립주택/ 다세대/ 빌라,서울,강서구,화곡본동,"경차 (모닝, 스파크 등)",삼성,SKT,남당,https://m.cafe.naver.com/mywetown/912,충주나우리마을
D***8,남당,201903**,M,3,"사무직 (일반사무직, 공무원, 직업군인)",600~699만원,예    ,자녀 없음 ,연립주택/ 다세대/ 빌라,서울,강서구,화곡본동,"경차 (모닝, 스파크 등)",삼성,SKT,남당,https://m.blog.naver.com/wodhks0389/221723046008,1130 남당피싱 워너비호 먼바다 우럭 낚시체험 인건가
D***5,회상나루,201903**,F,2,"학생 (초중고학생, 대학생, 대학원생)",300~399만원,아니오,          ,단독주택,부산,사상구,괘법동,,애플,SKT,회상나루,https://m.blog.naver.com/easagol/221179750285,회상나루 객주촌
D***0,성기동,201903**,F,3,"주부 (전업주부, 파트타임 근무 주부)",200~299만원,예    ,자녀 없음 ,연립주택/ 다세대/ 빌라,서울,중랑구,면목5동,,애플,KT,성기동,https://m.blog.naver.com/cakemart/221202346421,영암 왕인박사 유적지   3 성기동 성천
D***3,약수암,201903**,F,4,"사무직 (일반사무직, 공무원, 직업군인)",500~599만원,예    ,자녀 있음 ,연립주택/ 다세대/ 빌라,서울,강동구,길동,,삼성,KT,약수암,https://m.blog.naver.com/jcjkks/221642522935,도당산시사재 대광사 약수암
D***9,해남 오시아노,201903**,F,5,,,      ,          ,,전남,장흥군,장흥읍,,,,해남 오시아노,https://blog.naver.com/qud005/221544080363,캠핑장 추천  해남 오시아노 캠핑장
D***0,애월국제문화복합단지,201903**,M,3,,,      ,          ,,경북,포항시 북구,환호동,,,,애월국제문화복합단지,https://blog.naver.com/bigfish3/221486552408,제주도 땅 투자애월 국제문화복합단지 진척상황
D***7,수옥정,201903**,M,2,,,      ,          ,,경기,고양시 일산동구,백석동,,,,수옥정,https://m.blog.naver.com/akekdthkl200/221662955468,수옥정과 수옥폭포   충북괴산여행
D***3,마니산,201903**,F,3,,,      ,          ,,경기,수원시 팔달구,인계동,,,,마니산,https://blog.naver.com/jipangdosa/221613683019,한국명산 031 강화도 마니산 등산기
D***2,신지명사십리,201903**,M,4,,,      ,          ,,경기,광주시,초월읍,,,,신지명사십리,https://m.blog.naver.com/kurum_be/221503580309,여로4  완도 신지명사십리해수욕장  20190325
D***5,양양국제공항,201903**,M,5,,,      ,          ,,서울,노원구,하계동,,,,양양국제공항,https://blog.naver.com/4_28b/221660419232,양양국제공항 타고 제주도 가기 코리아익스프레스에어
D***9,합천호,201903**,F,2,,,      ,          ,,서울,강남구,논현2동,,,,합천호,http://m.blog.daum.net/_blog/_m/articleView.do?blogid=0Nnmh&articleno=2256,합천 악견산~의룡산 종주 - 합천호 조망과 천길단애를 경험할 수 있는 산 (대병3산/대병5악/십자바위/악견산성)
D***8,진관사,201903**,F,5,,,      ,          ,,서울,도봉구,쌍문4동,,,,진관사,https://m.blog.naver.com/ka8564/221628007626,북한산 등산코스진관사 삼천사 원점코스
D***6,휘닉스파크,201903**,M,2,,,      ,          ,,부산,사상구,주례1동,,,,휘닉스파크,https://blog.naver.com/vegemilstory/221663623759,가을 여행지 평창 가볼만한 곳 휘닉스 파크 1박 2일  양떼목장 체험까지
D***0,삼척해수욕장,201903**,F,2,,,      ,          ,,대구,달서구,성당동,,,,삼척해수욕장,https://m.blog.naver.com/funny0820/221599410365,삼척여행 Part1삼척 하얀낭만펜션일미어담삼척해변
D***5,척산온천,201903**,M,3,"사무직 (일반사무직, 공무원, 직업군인)","1,000만원 이상",아니오,          ,단독주택,인천,서구,석남3동,,삼성,LG U+,척산온천,https://m.blog.naver.com/rnara/221478732030,속초 숙소 척산온천휴양촌
D***8,대구화원,201903**,M,3,"사무직 (일반사무직, 공무원, 직업군인)",500~599만원,아니오,          ,아파트/ 주상복합,경기,수원시 권선구,구운동,"준중형SUV (투싼, 스포티지, QM5, 티구안급 등)",삼성,SKT,대구화원,https://blog.naver.com/meteorslove/221529086600,대구 화원 카페 커피문화 작은 창고형카페
D***3,경산온천,201903**,F,2,"학생 (초중고학생, 대학생, 대학원생)",400~499만원,아니오,          ,아파트/ 주상복합,전북,전주시 완산구,중화산동2가,,애플,LG U+,경산온천,https://m.blog.naver.com/nara4009/221619540380,경산온천상대온천좋아요
D***5,후곡약수터,201903**,M,3,"사무직 (일반사무직, 공무원, 직업군인)",400~499만원,예    ,자녀 있음 ,아파트/ 주상복합,경기,부천시 원미구,중4동,"중형차 (쏘나타, K5, 말리부, 골프급 등)",기타,알뜰폰(MVNO),후곡약수터,http://m.blog.daum.net/_blog/_m/articleView.do?blogid=09IWl&articleno=16152920,후곡 약수터
D***6,고흥우주해양,201903**,M,3,,,      ,          ,,서울,강동구,성내동,,,,고흥우주해양,https://blog.naver.com/yescom2000/221475087283,김 지사 고흥 우주항공 중심도시로 대도약
D***9,예안현,201903**,F,3,"주부 (전업주부, 파트타임 근무 주부)",100만원 미만,아니오,          ,아파트/ 주상복합,서울,마포구,상암동,,애플,SKT,예안현,https://m.blog.naver.com/misulmun49/221513555388,조식 유두류산록 이황
D***9,합천보조댐,201903**,F,3,"주부 (전업주부, 파트타임 근무 주부)",100만원 미만,아니오,          ,아파트/ 주상복합,서울,마포구,상암동,,애플,SKT,예안현,https://m.blog.naver.com/gnfeel/221693122206,경상남도 산책길  합천 가볼만한곳 산책하며 데이트하기 좋은 길 합천 보조댐 수변생태 탐방로
D***3,안면도,201903**,M,4,"주부 (전업주부, 파트타임 근무 주부)",300~399만원,예    ,자녀 있음 ,연립주택/ 다세대/ 빌라,서울,은평구,갈현동,,삼성,KT,안면도,http://m.blog.daum.net/_blog/_m/articleView.do?blogid=0UCYA&articleno=5829,"충남 태안 가볼만한곳, 안면도 자연휴양림 무장애 나눔길"
D***7,장성호,201903**,M,4,,,      ,          ,,충북,충주시,교현동,,,,장성호,https://m.blog.naver.com/wella5442/221704598476,장성 가볼만한곳 장성호 수변길 출렁다리
D***9,미륵사지,201903**,M,2,,,      ,          ,,대전,서구,둔산2동,,,,미륵사지,https://m.blog.naver.com/jhyang58/221711567421,미륵사지 교도소세트장 보석박물관  익산  전주 여행  1 
D***6,백암온천,201903**,M,4,,,      ,          ,,인천,남동구,만수2동,,,,백암온천,https://m.blog.naver.com/hyechon49/221711918222,백암온천 백암LG생활연수원 숙소에서  백암산 백암폭포가는 길 백암폭포 백암온천
D***7,경주 감포,201903**,M,2,,,      ,          ,,서울,도봉구,도봉2동,,,,경주 감포,https://blog.naver.com/daisykim1987/221485776355,감포팬션바닷가가 한눈에 보이는 경주 팬션
D***8,김녕해수욕장,201903**,M,5,"전문직 (의사, 판검사, 예술가, 종교인)",300~399만원,예    ,자녀 있음 ,아파트/ 주상복합,전남,화순군,화순읍,"준대형차 (그랜저, K7, 알페온, 캠리급, 파사트급 등)",삼성,SKT,김녕해수욕장,https://m.blog.naver.com/findjeju/221593221722,제주도 바다 색이 아름다운 김녕해수욕장 물놀이
D***1,충주호체험,201903**,M,3,,,      ,          ,,광주,서구,금호동,,,,충주호체험,https://m.blog.naver.com/yoohr0507/221553190270,충주호 유람선 체험
D***9,의성탑산온천,201903**,M,4,"자영업 (도소매업, 숙박업, 미용업)",300~399만원,예    ,자녀 있음 ,연립주택/ 다세대/ 빌라,경기,의정부시,의정부2동,"MPV (카니발, 올란도, 피카소급, 오딧세이 등)",LG,LG U+,의성탑산온천,https://m.blog.naver.com/darkspwn1/221256068023,경북 의성 탑산약수온천 유황냄새 진한 지방온천
D***8,삼척해수욕장,201903**,M,2,,,      ,          ,,서울,은평구,녹번동,,,,삼척해수욕장,https://m.blog.naver.com/funny0820/221599410365,삼척여행 Part1삼척 하얀낭만펜션일미어담삼척해변
D***3,만리포해수욕장,201903**,M,3,"생산/노무직 (생산감독, 경비원, 공장근로자)",100~199만원,아니오,          ,오피스텔,경기,포천시,소흘읍,,삼성,KT,만리포해수욕장,https://m.blog.naver.com/bb00dd/221721784934,당일치기 태안여행 해미읍성 만리포해수욕장 일몰 까지
D***6,경천대,201903**,F,3,"서비스직 (요식업, 숙박업, 미용실종업원)",500~599만원,예    ,자녀 없음 ,연립주택/ 다세대/ 빌라,서울,강서구,염창동,"소형SUV/CUV (티볼리, QM3 등)",LG,KT,경천대,https://m.blog.naver.com/jiyouls/221227527304,상주 경천대마음이 열리는 이곳 경천대 국민관광지
D***6,용담사,201903**,M,2,"사무직 (일반사무직, 공무원, 직업군인)","1,000만원 이상",아니오,          ,아파트/ 주상복합,서울,마포구,성산1동,,애플,KT,용담사,https://m.blog.naver.com/rem85/221616568134,안동물놀이할만한곳안동계곡길안계곡길안용담사 근처 계곡으로 물놀이다녀왔어요
D***1,혜국사,201903**,F,3,"주부 (전업주부, 파트타임 근무 주부)",400~499만원,예    ,자녀 있음 ,연립주택/ 다세대/ 빌라,경남,진주시,하대동,"준중형차 (아반떼, K3, 크루즈, 제타급 등)",삼성,KT,혜국사,https://m.blog.naver.com/lbs2/221717145682,문경 주흘산 등산코스 제1관문여궁폭포혜국사주봉 원점회귀 산행
D***4,제주남원,201903**,F,2,"학생 (초중고학생, 대학생, 대학원생)",500~599만원,아니오,          ,아파트/ 주상복합,인천,남구,숭의3동,,삼성,SKT,제주남원,https://m.blog.naver.com/since080515/221648773649,최고라고 말하고싶은 제주 남원 맛집
D***1,춘장대해수욕장,201903**,M,3,"사무직 (일반사무직, 공무원, 직업군인)",400~499만원,아니오,          ,연립주택/ 다세대/ 빌라,경기,의정부시,산곡동,"중형SUV (싼타페, 쏘렌토, 캡티바, BMW X3급 등)",애플,SKT,춘장대해수욕장,https://m.blog.naver.com/ka8564/221667927409,춘장대 해수욕장과 홍원항 쭈꾸미낚시 풍경
D***2,위봉사,201903**,M,4,,,      ,          ,,울산,중구,약사동,,,,위봉사,https://m.blog.naver.com/hansongp/221703341215,한국의 산사 10898 완주 위봉사
D***8,보적사,201903**,F,2,"학생 (초중고학생, 대학생, 대학원생)",100~199만원,아니오,          ,연립주택/ 다세대/ 빌라,서울,관악구,봉천동,,애플,SKT,보적사,https://m.blog.naver.com/n_n630/221683022330,나홀로 가을 산행  독산성 세마대지 보적사 다녀오기
D***4,영탑사,201903**,M,3,"사무직 (일반사무직, 공무원, 직업군인)",900~999만원,아니오,          ,아파트/ 주상복합,서울,은평구,구산동,"중형차 (쏘나타, K5, 말리부, 골프급 등)",LG,KT,영탑사,https://m.blog.naver.com/elderpine/221667087073,절로절로 우리절 20 당진 영탑사
D***4,장성호,201903**,M,2,"학생 (초중고학생, 대학생, 대학원생)",400~499만원,아니오,          ,아파트/ 주상복합,경기,수원시 팔달구,지동,"준중형차 (아반떼, K3, 크루즈, 제타급 등)",애플,SKT,장성호,https://m.blog.naver.com/wella5442/221704598476,장성 가볼만한곳 장성호 수변길 출렁다리
D***7,경주 보문,201903**,M,5,"판매직 (상점점원, 보험설계사, 노점상)",400~499만원,예    ,자녀 있음 ,오피스텔,경기,성남시 분당구,구미동,"대형차 (제너시스, BMW5급 등)",삼성,SKT,경주 보문,https://blog.naver.com/asas0957/221701086136,경주 단풍 보문단지 산책 with 무지개
D***7,영암바둑테마파크,201903**,F,5,"주부 (전업주부, 파트타임 근무 주부)",100~199만원,예    ,자녀 있음 ,연립주택/ 다세대/ 빌라,서울,성동구,성수1가1동,,삼성,SKT,영암바둑테마파크,https://m.blog.naver.com/ashim1/221266017832,영암 가볼만한곳  월출산 기찬랜드 가야금산조 테마공원
D***1,장흥,201903**,M,2,"사무직 (일반사무직, 공무원, 직업군인)",200~299만원,아니오,          ,단독주택,서울,구로구,개봉2동,"중형SUV (싼타페, 쏘렌토, 캡티바, BMW X3급 등)",삼성,SKT,장흥,https://blog.naver.com/queen77577/221721828437,서울 근교 장흥 참숯가마 고구마 구워 먹고 놀기 좋아
D***8,홍천온천,201903**,M,4,"서비스직 (요식업, 숙박업, 미용실종업원)",200~299만원,예    ,자녀 있음 ,아파트/ 주상복합,서울,강서구,우장산동,,삼성,KT,홍천온천,https://m.blog.naver.com/hush113/221660267943,홍천 온천홍천에서 온천을 한다면오래된 시설이지만 물은 괜찮았던 원탕 온천목욕탕
D***7,월명암,201903**,F,3,"전문직 (의사, 판검사, 예술가, 종교인)","1,000만원 이상",아니오,          ,연립주택/ 다세대/ 빌라,서울,서초구,반포동,"스포츠 (제네시스 쿠페, BMW M, 벤츠 AMG 등)",삼성,SKT,월명암,https://m.blog.naver.com/rowon98/221698025729,깊어가는 내변산의 가을 풍경1남여치월명암직소폭포재백이고개
D***4,성산포해양,201903**,M,5,"사무직 (일반사무직, 공무원, 직업군인)",400~499만원,예    ,자녀 있음 ,아파트/ 주상복합,서울,은평구,수색동,"중형차 (쏘나타, K5, 말리부, 골프급 등)",애플,SKT,성산포해양,https://blog.naver.com/wj-story/221466807198,설 구정에 어머니와 함께 성산포 성당 광치기해변 제주해양동물박물관 겨울 유채꽃 2월 제주
D***6,청학사,201903**,M,4,"사무직 (일반사무직, 공무원, 직업군인)",300~399만원,예    ,자녀 있음 ,아파트/ 주상복합,부산,연제구,거제1동,"중형SUV (싼타페, 쏘렌토, 캡티바, BMW X3급 등)",삼성,SKT,청학사,https://m.blog.naver.com/yeonsulife/221652152813,SNS 서포터즈 연수구 사찰 여행 호불사와 청학사 가을 산책
D***8,나주호,201903**,M,4,"자영업 (도소매업, 숙박업, 미용업)",400~499만원,예    ,자녀 있음 ,아파트/ 주상복합,경기,성남시 분당구,운중동,"소형SUV/CUV (티볼리, QM3 등)",삼성,KT,나주호,https://m.blog.naver.com/somangheso/221602510603,하늘이 내린 선물 나주호 반영
D***2,한국차소리문화공원,201903**,M,4,"자영업 (도소매업, 숙박업, 미용업)",300~399만원,예    ,자녀 있음 ,연립주택/ 다세대/ 빌라,충남,아산시,배방읍,"중형차 (쏘나타, K5, 말리부, 골프급 등)",기타,SKT,한국차소리문화공원,https://m.blog.naver.com/peri26100/220924962670,보성여행 보성차밭빛축제  한국차소리문화공원
D***1,안적사,201903**,M,5,"사무직 (일반사무직, 공무원, 직업군인)",700~799만원,예    ,자녀 있음 ,아파트/ 주상복합,경기,안양시 만안구,안양4동,"준대형차 (그랜저, K7, 알페온, 캠리급, 파사트급 등)",삼성,SKT,안적사,https://m.blog.naver.com/isinki/221675421360,기장 안적사에서 가을을 맞이했습니다
D***2,아리랑마을,201903**,M,2,기타 ,200~299만원,아니오,          ,단독주택,경기,고양시 일산서구,대화동,"경차 (모닝, 스파크 등)",LG,LG U+,아리랑마을,https://m.blog.naver.com/greenjeonnam/221496932441,국악의 고장 전라남도 진도  국립남도국악원 아리랑 마을
D***3,문경상리,201903**,M,2,"학생 (초중고학생, 대학생, 대학원생)",200~299만원,아니오,          ,아파트/ 주상복합,경남,김해시,진영읍,,삼성,SKT,문경상리,http://m.blog.daum.net/_blog/_m/articleView.do?blogid=03UvL&articleno=15857454,문경 상리 삼층석탑 경북 문경
D***0,광덕계곡,201903**,F,4,"주부 (전업주부, 파트타임 근무 주부)",300~399만원,예    ,자녀 있음 ,연립주택/ 다세대/ 빌라,서울,송파구,석촌동,,애플,LG U+,광덕계곡,https://m.blog.naver.com/hardprince/221676277562,즐거운 와인딩 코스 여우고개  백운계곡  광덕계곡  도마치재 M으로 지지기
D***5,설악한화리조트,201903**,M,2,"생산/노무직 (생산감독, 경비원, 공장근로자)",200~299만원,아니오,          ,연립주택/ 다세대/ 빌라,경기,이천시,중리동,,애플,KT,설악한화리조트,https://blog.naver.com/nayanahanmi/221582702954,강원도 속초여행 물놀이 먹거리 놀거리 가능한 설악 한화리조트
D***0,복전암,201903**,F,4,"주부 (전업주부, 파트타임 근무 주부)",100~199만원,예    ,자녀 있음 ,아파트/ 주상복합,경남,진주시,하대동,"대형SUV (베라크루즈, 모하비, 투아렉급 등)",애플,SKT,복전암,https://m.blog.naver.com/015sign/221552478539,토요산행   보문산
D***2,초당,201903**,M,2,무직,100만원 미만,아니오,          ,기타 ,경기,평택시,평택동,"준중형SUV (투싼, 스포티지, QM5, 티구안급 등)",애플,LG U+,초당,https://m.blog.naver.com/alicelkm/221568987442,190616 강릉 초당할머니순두부 수요미식회
D***7,무창포해수욕장,201903**,M,2,,,      ,          ,,경기,남양주시,진건읍,,,,무창포해수욕장,https://m.blog.naver.com/kaisr2/221674209424,보령 대천해수욕장과 무창포 해변
D***3,불갑사,201903**,F,5,"자영업 (도소매업, 숙박업, 미용업)",400~499만원,예    ,자녀 있음 ,아파트/ 주상복합,경기,부천시 원미구,중동,"중형차 (쏘나타, K5, 말리부, 골프급 등)",삼성,SKT,불갑사,https://m.blog.naver.com/ka8564/221649053161,불갑사 상사화 개화초기 풍경불갑사상사화축제 날에는 만개할듯
D***4,지장사,201903**,M,3,"사무직 (일반사무직, 공무원, 직업군인)","1,000만원 이상",아니오,          ,기타 ,경남,창원시 성산구,성주동,"중형SUV (싼타페, 쏘렌토, 캡티바, BMW X3급 등)",애플,SKT,지장사,https://m.blog.naver.com/asforlove/221709499900,방탄소년단 정국 지장사 직원분이 알려준 꾹이 비하인드스토리
D***7,방화동,201903**,F,5,"교직 (교사, 유치원교사, 학원강사)",300~399만원,예    ,자녀 있음 ,아파트/ 주상복합,인천,계양구,계산3동,"소형차 (액센트, 프라이드, 아베오, 피아트급 등)",애플,SKT,방화동,https://m.kin.naver.com/mobile/qna/detail.nhn?d1id=12&dirId=12011808&docId=335879922&qb=67Cp7ZmU64+Z&enc=utf8&section=kin.ext&rank=2&search_sort=0&spq=0,서울시 방화동에 건물을 지으려고 하는
D***9,지리산온천,201903**,F,4,"주부 (전업주부, 파트타임 근무 주부)",600~699만원,예    ,자녀 있음 ,아파트/ 주상복합,경기,용인시 기흥구,상갈동,"경차 (모닝, 스파크 등)",삼성,SKT,지리산온천,https://m.blog.naver.com/gksthf2702/221437321030,지리산 온천랜드 후기 지리산 가족여행가격
D***0,웰리힐리파크,201903**,M,5,"사무직 (일반사무직, 공무원, 직업군인)","1,000만원 이상",예    ,자녀 있음 ,아파트/ 주상복합,서울,중구,신당6동,"준중형SUV (투싼, 스포티지, QM5, 티구안급 등)",삼성,LG U+,웰리힐리파크,https://blog.naver.com/missjoon/221716441790,웰리힐리파크 리프트권 및 록키스키 알파인 스키강습
D***1,백운계곡,201903**,M,2,무직,400~499만원,아니오,          ,연립주택/ 다세대/ 빌라,인천,서구,가좌3동,,삼성,SKT,백운계곡,https://blog.naver.com/wnsghdudwls/221637010727,포천 백운계곡
D***8,공릉,201903**,M,4,"농/축/광/수산업 (축산, 낙농업, 수산, 임업, 광업)",100만원 미만,아니오,          ,연립주택/ 다세대/ 빌라,경기,용인시 처인구,모현면,,삼성,SKT,공릉,https://blog.naver.com/back2462/221721451198,파주 공릉캠핑장 11월 동계 캠핑의 첫 시작
D***9,소요산,201903**,M,4,"전문직 (의사, 판검사, 예술가, 종교인)",500~599만원,예    ,자녀 있음 ,아파트/ 주상복합,서울,종로구,명륜동2가,"준대형차 (그랜저, K7, 알페온, 캠리급, 파사트급 등)",LG,KT,소요산,https://blog.naver.com/pajiwn/221658923153,소요산 등산코스  소요산역자재암선녀탕의상대원점회귀 3시간
D***2,평창 용평,201903**,M,2,무직,100~199만원,아니오,          ,아파트/ 주상복합,경기,파주시,광탄면,"경차 (모닝, 스파크 등)",LG,KT,평창 용평,https://blog.naver.com/see302/221593099739,평창가볼만한곳평창 용평리조트 타워콘도 와 용평 워터파크 피크아일랜드현대홈쇼핑
D***8,성기동,201903**,M,3,"생산/노무직 (생산감독, 경비원, 공장근로자)",200~299만원,아니오,          ,아파트/ 주상복합,경남,고성군,고성읍,"경차 (모닝, 스파크 등)",삼성,알뜰폰(MVNO),성기동,https://m.blog.naver.com/cakemart/221202346421,영암 왕인박사 유적지   3 성기동 성천
D***3,마금산온천,201903**,F,3,무직,100~199만원,아니오,          ,오피스텔,부산,해운대구,우동,,애플,LG U+,마금산온천,https://m.blog.naver.com/peanut_s_/221707257988,창원북면 마금산온천호텔 창원 온천 호텔 추천 리앤호텔  풀빌라 318호 후기
D***4,원주 루첸,201903**,F,5,"교직 (교사, 유치원교사, 학원강사)",700~799만원,예    ,자녀 있음 ,아파트/ 주상복합,경기,성남시 분당구,판교동,"소형차 (액센트, 프라이드, 아베오, 피아트급 등)",삼성,SKT,원주 루첸,https://blog.naver.com/shim7803/220897494183,20161226원주투데이플라워푸르트월드 관광단지 본궤도루첸관광단지 사업내용 변경해 내년말 지정
D***7,화진포,201903**,F,2,"학생 (초중고학생, 대학생, 대학원생)",200~299만원,아니오,          ,아파트/ 주상복합,경남,양산시,물금읍,,삼성,KT,화진포,https://m.blog.naver.com/94040882/221716020914,강원도 고성 여행  화진포 신서유기에도 나왔네요
D***5,남원 드래곤,201903**,M,4,기타 ,100만원 미만,아니오,          ,아파트/ 주상복합,경남,김해시,장유면,,LG,LG U+,남원 드래곤,https://moonjung2114.blog.me/221639249397,전라도 골프 드래곤레이크cc 2박3일 남원 골프라운드 후기
D***0,속초해수욕장,201903**,M,2,"사무직 (일반사무직, 공무원, 직업군인)",200~299만원,아니오,          ,오피스텔,충남,천안시 서북구,백석동,,삼성,LG U+,속초해수욕장,https://m.blog.naver.com/plingo/221682706206,여행 아무렇게나 떠난 속초 1박 2일 청초수물회 청초호 왱왱해물촌 중앙시장 영금정 속초해수욕장
D***3,팜파스종합휴양,201903**,M,3,"기능직 (자동차정비, 운전기사, 안경사, 택시기사)",300~399만원,예    ,자녀 있음 ,아파트/ 주상복합,광주,북구,신용동,"준중형SUV (투싼, 스포티지, QM5, 티구안급 등)",삼성,SKT,팜파스종합휴양,https://blog.naver.com/hriver21/221092893072,팜파스종합휴양관광단지
D***,영월온천,201903**,M,3,,,      ,          ,,경기,김포시,월곶면,,,,영월온천,https://m.blog.naver.com/sonjungwook22/221664214543,201707387001 영월군 영월읍 심옥리 영월온천
D***,율포해수욕장,201903**,M,3,"학생 (초중고학생, 대학생, 대학원생)",500~599만원,아니오,          ,연립주택/ 다세대/ 빌라,서울,강서구,등촌2동,,삼성,SKT,율포해수욕장,https://m.blog.naver.com/day31479/221486986413,전라도1박2일여행여수낭만포차 율포해수욕장 광한루원
D***,해남사,201903**,F,4,,,      ,          ,,경기,군포시,당동,,,,해남사,https://m.blog.naver.com/lyhlsrn/221626646930,해남사 양대응 스님
D***,벽계,201903**,F,4,,,      ,          ,,부산,사상구,엄궁동,,,,벽계,https://m.blog.naver.com/uiryeonginfo/221691105047,벽계야영장은 새단장 중
D***,부곡온천,201903**,M,4,,,      ,          ,,충남,천안시 동남구,신방동,,,,부곡온천,https://m.blog.naver.com/cngblog/221721865027,하반기 HOT 생생 부곡온천 라이브공연 12회차
D***,풍기온천,201903**,M,4,,,      ,          ,,경기,수원시 장안구,정자2동,,,,풍기온천,https://m.blog.naver.com/sanm308/221569299218,물좋고 공기좋은 소백산풍기온천리조트
D***,운주사,201903**,M,4,"생산/노무직 (생산감독, 경비원, 공장근로자)",200~299만원,예    ,자녀 있음 ,연립주택/ 다세대/ 빌라,대구,수성구,만촌2동,"소형차 (액센트, 프라이드, 아베오, 피아트급 등)",삼성,SKT,운주사,https://m.blog.naver.com/sanbada2004/221635346744,화순 운주사
D***,금월봉,201903**,F,4,,,      ,          ,,인천,남구,학익1동,,,,금월봉,https://m.blog.naver.com/tarantium82/221696743035,제천1박2일2일차동산분식 덩실분식 제천청풍호모노레일 비봉산전망대 청풍호반케이블카 금월봉석갈비
D***,무창포해수욕장,201903**,M,4,"교직 (교사, 유치원교사, 학원강사)",300~399만원,아니오,          ,아파트/ 주상복합,대전,서구,가수원동,"준대형차 (그랜저, K7, 알페온, 캠리급, 파사트급 등)",애플,SKT,무창포해수욕장,https://m.blog.naver.com/kaisr2/221674209424,보령 대천해수욕장과 무창포 해변
D***,왕궁보석테마,201903**,M,3,,,      ,          ,,광주,북구,연제동,,,,왕궁보석테마,https://m.blog.naver.com/hiksanin/221692718933,익산왕궁보석테마관광지 상설공연  체험프로그램
D***,여수 첼린지 파크,201903**,F,3,"사무직 (일반사무직, 공무원, 직업군인)",400~499만원,아니오,          ,연립주택/ 다세대/ 빌라,서울,관악구,인헌동,,삼성,SKT,여수 첼린지 파크,https://blog.naver.com/okine2086/221595075033,여수 유월드 루지 테마파크 핫플 인정 100만표
D***,라비에벨,201903**,F,3,"사무직 (일반사무직, 공무원, 직업군인)",400~499만원,아니오,          ,연립주택/ 다세대/ 빌라,서울,관악구,인헌동,,삼성,SKT,여수 첼린지 파크,https://blog.naver.com/yangjinss/221716472829,부천예식장 라비에벨웨딩 기억에 많이 남을 것 같아요
D***,벽계,201903**,M,4,"사무직 (일반사무직, 공무원, 직업군인)",500~599만원,예    ,자녀 있음 ,아파트/ 주상복합,대전,서구,가수원동,"준중형SUV (투싼, 스포티지, QM5, 티구안급 등)",LG,LG U+,벽계,https://m.blog.naver.com/uiryeonginfo/221691105047,벽계야영장은 새단장 중
D***,대구면도요지,201903**,M,4,,,      ,          ,,서울,양천구,목5동,,,,대구면도요지,https://m.blog.naver.com/skku_skai/220852355231,강진 대구면 도요지 종합정비계획 학술연구용역
D***,아우라지,201903**,M,4,,,      ,          ,,인천,서구,불로동,,,,아우라지,https://m.blog.naver.com/kooni/221672541768,정선 아리랑 시장  물 폭탄 맞은 아우라지
D***,영월온천,201903**,M,4,,,      ,          ,,서울,송파구,장지동,,,,영월온천,https://m.blog.naver.com/sonjungwook22/221664214543,201707387001 영월군 영월읍 심옥리 영월온천
D***,마곡사,201903**,M,2,"학생 (초중고학생, 대학생, 대학원생)",400~499만원,아니오,          ,아파트/ 주상복합,서울,양천구,신월4동,,삼성,SKT,마곡사,https://m.blog.naver.com/usgreen99/221692318243,공주 가볼만한곳 마곡사 가을 모습은
D***,고령부례,201903**,F,3,,,      ,          ,,서울,금천구,가산동,,,,고령부례,https://m.blog.naver.com/gusdnr0409/221296355711,고령부례관광지 카라반  대구근교카라반
D***,비슬산,201903**,M,4,"사무직 (일반사무직, 공무원, 직업군인)",900~999만원,예    ,자녀 있음 ,아파트/ 주상복합,경기,성남시 분당구,수내3동,"중형차 (쏘나타, K5, 말리부, 골프급 등)",삼성,KT,비슬산,http://blog.daum.net/tourcodi/8129744,대구 달성군 관광 비슬산 암괴류 대견사 참꽃군락지 반딧불이 전기차 달성 여행
D***,임진각,201903**,F,2,"사무직 (일반사무직, 공무원, 직업군인)",600~699만원,아니오,          ,연립주택/ 다세대/ 빌라,서울,송파구,오금동,,애플,KT,임진각,https://blog.naver.com/lalla282/221708724445,파주관광지추천 아이들과 갈만한곳 임진각 평화누리공원
D***,농월정,201903**,M,4,,,      ,          ,,경기,파주시,광탄면,,,,농월정,https://m.blog.naver.com/roadmoog/221568172575,함양 남계서원 농월정 일두고택
D***,예천삼강,201903**,F,4,,,      ,          ,,대전,서구,관저1동,,,,예천삼강,https://m.post.naver.com/viewer/postView.nhn?volumeNo=25150266&memberNo=1275074&vType=VERTICAL,대구근교 가볼만하곳 더예천 삼강문화단지위기의 삼강주막 방탈출게임
D***,제주헬스케어타운,201903**,F,2,,,      ,          ,,서울,관악구,신사동,,,,제주헬스케어타운,https://blog.naver.com/solguji/221651290398,추석제주여행  헬스케어타운리조트  한림칼국수  카페라이슬라
D***,홍길동테마파크,201903**,F,3,무직,900~999만원,아니오,          ,연립주택/ 다세대/ 빌라,대전,대덕구,송촌동,,삼성,LG U+,영주순흥,https://m.blog.naver.com/hhs653409/221664061938,장성 홍길동 테마파크 반가운 지인들과의 카라반 캠핑
D***,영주순흥,201903**,F,3,무직,900~999만원,아니오,          ,연립주택/ 다세대/ 빌라,대전,대덕구,송촌동,,삼성,LG U+,영주순흥,https://m.blog.naver.com/63ksyun/221719604248,풍기 온천 후 영주 순흥 선비촌 다녀왔습니다
D***,송계사,201903**,M,2,,,      ,          ,,인천,부평구,삼산1동,,,,송계사,https://m.blog.naver.com/kimyt9999/221674102000,덕유산 지봉 산행기경남거창 송계사계곡에서 지봉에 올라 횡경재를 거쳐 백암봉까지 달려보자
D***,돌문화공원,201903**,F,5,"주부 (전업주부, 파트타임 근무 주부)",300~399만원,예    ,자녀 있음 ,아파트/ 주상복합,경기,남양주시,오남읍,"준중형차 (아반떼, K3, 크루즈, 제타급 등)",LG,SKT,돌문화공원,https://m.blog.naver.com/pran0104/221715194651, 제주여행제주관광  제주 돌문화공원
D***,곡성도림사,201903**,F,2,,,      ,          ,,경기,고양시 덕양구,행신동,,,,곡성도림사,https://m.blog.naver.com/aboutclaire/221562777372,곡성 여행 도림사 카페 씨엘로
D***,해남사,201903**,F,2,,,      ,          ,,인천,계양구,작전1동,,,,해남사,https://m.blog.naver.com/lyhlsrn/221626646930,해남사 양대응 스님
D***,흥룡사,201903**,F,3,,,      ,          ,,대구,수성구,신매동,,,,흥룡사,https://m.blog.naver.com/ddungddy9073/221281506814,포천여행 백운산 자락에 있는 흑룡사
D***,농월정,201903**,M,3,,,      ,          ,,경기,부천시 원미구,원미1동,,,,농월정,https://m.blog.naver.com/roadmoog/221568172575,함양 남계서원 농월정 일두고택
D***,청학사,201903**,F,5,,,      ,          ,,서울,양천구,신정7동,,,,청학사,https://m.blog.naver.com/yeonsulife/221652152813,SNS 서포터즈 연수구 사찰 여행 호불사와 청학사 가을 산책
D***,수옥정,201903**,M,5,,,      ,          ,,대전,유성구,원신흥동,,,,수옥정,https://m.blog.naver.com/akekdthkl200/221662955468,수옥정과 수옥폭포   충북괴산여행
D***,당항포,201903**,F,3,,,      ,          ,,경기,고양시 덕양구,삼송동,,,,당항포,https://m.blog.naver.com/turpu/221690928126,경남 고성 가볼만한곳 공룡엑스포가 펼쳐지는 당항포 관광단지
D***,금강호,201903**,F,4,,,      ,          ,,서울,금천구,독산1동,,,,금강호,https://m.blog.naver.com/sumi0ju/221704482211,오천항 금강낚시 금강호 쭈꾸미 갑오징어 출조 조황 쭈갑 선상낚시 20191109
D***,장성호,201903**,M,4,,,      ,          ,,경기,의왕시,포일동,,,,장성호,https://m.blog.naver.com/wella5442/221704598476,장성 가볼만한곳 장성호 수변길 출렁다리
D***4,지장사,201903**,F,4,,,      ,          ,,인천,서구,마전동,,,,지장사,https://m.blog.naver.com/asforlove/221709499900,방탄소년단 정국 지장사 직원분이 알려준 꾹이 비하인드스토리
D***0,송불암,201903**,F,4,"주부 (전업주부, 파트타임 근무 주부)",400~499만원,예    ,자녀 있음 ,아파트/ 주상복합,경기,파주시,조리읍,,LG,LG U+,송불암,https://m.blog.naver.com/nscity/221624748483,논산여행 황산벌의 중심에 자리한 논산 송불암 미륵불
D***4,기장도예촌,201903**,F,5,,,      ,          ,,부산,부산진구,부암동,,,,기장도예촌,https://blog.naver.com/pjhi0523/221704174358,카라반캠핑기장도예촌
D***5,마금산온천,201903**,F,4,,,      ,          ,,서울,동작구,사당2동,,,,마금산온천,https://m.blog.naver.com/peanut_s_/221707257988,창원북면 마금산온천호텔 창원 온천 호텔 추천 리앤호텔  풀빌라 318호 후기
D***0,도곡온천,201903**,M,5,"관리직 (사장, 간부, 고위공무원)",600~699만원,예    ,자녀 있음 ,아파트/ 주상복합,서울,영등포구,양평동3가,,삼성,SKT,도곡온천,https://m.blog.naver.com/jh630614/221520167548,화순 중봉산도곡온천 기준으로 완벽한 원점회귀 산행코스
D***6,보덕사 ,201903**,M,4,,,      ,          ,,경기,의정부시,의정부1동,,,,보덕사 ,http://m.blog.daum.net/_blog/_m/articleView.do?blogid=03bMR&articleno=15961077,보덕사 예산
D***4,레인보우힐링,201903**,F,2,,,      ,          ,,서울,강서구,우장산동,,,,레인보우힐링,https://m.blog.naver.com/ydpodoblog/221581379841,민주지산 자연휴양림 레인보우 힐링 숲속 가요제
D***5,원주 플라워프루트월드,201903**,F,4,,,      ,          ,,서울,양천구,목3동,,,,원주 플라워프루트월드,https://blog.naver.com/lsgasd12/221643207852,원주 플라워프루트월드 관광단지 조성 사업 본격화
D***8,다덕약수,201903**,M,4,"사무직 (일반사무직, 공무원, 직업군인)",400~499만원,아니오,          ,단독주택,전남,광양시,중동,기타 (승합차/트럭/화물차/기타 차량 등),삼성,KT,다덕약수,https://m.blog.naver.com/soda8219/221603152068,봉화 약수식당  다덕약수 로 만든 토종닭백숙
D***8,팔봉산,201903**,M,5,"사무직 (일반사무직, 공무원, 직업군인)",400~499만원,예    ,자녀 있음 ,단독주택,경기,수원시 권선구,구운동,"준대형차 (그랜저, K7, 알페온, 캠리급, 파사트급 등)",삼성,SKT,팔봉산,https://m.blog.naver.com/cm0917/221711580256,191117 홍천 팔봉산 블랙야크100대명산 산림청100대명산 한국의산하인기100산
D***6,정남진우산도,201903**,M,2,"학생 (초중고학생, 대학생, 대학원생)","1,000만원 이상",아니오,          ,아파트/ 주상복합,서울,마포구,상암동,,애플,SKT,정남진우산도,https://m.blog.naver.com/hankookceo/220778906265,정남진 장흥 물 축제 여행 정남진 전망대 위대한 영웅 안중근을 만나다
D***9,무릉계곡,201903**,M,3,"자영업 (도소매업, 숙박업, 미용업)",300~399만원,예    ,자녀 있음 ,아파트/ 주상복합,경기,의정부시,호원동,"준중형SUV (투싼, 스포티지, QM5, 티구안급 등)",LG,LG U+,무릉계곡,http://m.blog.daum.net/_blog/_m/articleView.do?blogid=0W7Ve&articleno=858,단풍따라 흐르는 가을여행 - 6. 무릉계곡 여행
D***6,덕산온천,201903**,F,2,"학생 (초중고학생, 대학생, 대학원생)",500~599만원,아니오,          ,아파트/ 주상복합,울산,중구,약사동,,애플,LG U+,덕산온천,https://m.blog.naver.com/oksusu90/221670136981,짧은 나들이 덕산온천여행 선물처럼 만난 코스모스
D***9,강원송지호,201903**,M,3,"서비스직 (요식업, 숙박업, 미용실종업원)","1,000만원 이상",아니오,          ,연립주택/ 다세대/ 빌라,경기,광명시,광명7동,"중형차 (쏘나타, K5, 말리부, 골프급 등)",애플,SKT,강원송지호,https://m.blog.naver.com/jhany00/221660903730,송지호 오토캠핑에서 여름휴가를
D***9,신화랑,201903**,M,4,,,      ,          ,,서울,마포구,도화동,,,,신화랑,https://m.blog.naver.com/wind_0227/221554355785,청도 가볼만한곳 신화랑풍류마을 생각보다 알차
D***2,연등사,201903**,M,4,,,      ,          ,,경기,광주시,초월읍,,,,연등사,https://m.blog.naver.com/buddhafind/221475602259,연등사경북 봉화군 석포면
D***6,고씨동굴,201903**,M,4,"사무직 (일반사무직, 공무원, 직업군인)",300~399만원,예    ,자녀 있음 ,아파트/ 주상복합,경기,안산시 상록구,건건동,"소형SUV/CUV (티볼리, QM3 등)",LG,알뜰폰(MVNO),고씨동굴,https://m.blog.naver.com/sumjin1002/221621090655,태화산 끝자락 억년의 신비가 숨쉬고 있는 고씨동굴
D***5,회산연꽃방죽,201903**,F,3,"관리직 (사장, 간부, 고위공무원)",300~399만원,예    ,자녀 없음 ,아파트/ 주상복합,부산,사하구,당리동,"소형SUV/CUV (티볼리, QM3 등)",삼성,알뜰폰(MVNO),회산연꽃방죽,https://m.blog.naver.com/yunm2530/221565757481,일로읍 회산연꽃방죽이야기회산백련지연꽃나들이목포꽃집목포꽃배달 남악꽃배달 일로꽃배달무안꽃배달
D***3,화순온천,201903**,M,3,,,      ,          ,,충남,금산군,제원면,,,,화순온천,https://m.blog.naver.com/haengbok2/221608294392,아들과 둘이 한 광주 차박여행광주챔피언스필드 대인야시장 화순온천 광주호 전주
D***8,운일암반일암,201903**,M,3,"전문직 (의사, 판검사, 예술가, 종교인)",900~999만원,아니오,          ,아파트/ 주상복합,충북,청주시 상당구,사천동,"준중형차 (아반떼, K3, 크루즈, 제타급 등)",삼성,알뜰폰(MVNO),운일암반일암,https://m.blog.naver.com/overroad89/221700138547,전북 가볼만한곳  진안 운일암 반일암 산책
D***6,횡성 드림마운틴,201903**,M,3,,,      ,          ,,서울,서초구,서초1동,,,,횡성 드림마운틴,https://blog.naver.com/asj910520/221251985378,드림마운틴 횡성 드림마운틴은 무엇인가
D***5,웰리힐리파크,201903**,F,5,"전문직 (의사, 판검사, 예술가, 종교인)",400~499만원,예    ,자녀 있음 ,아파트/ 주상복합,경기,용인시 기흥구,상하동,"준중형SUV (투싼, 스포티지, QM5, 티구안급 등)",삼성,KT,웰리힐리파크,https://blog.naver.com/missjoon/221716441790,웰리힐리파크 리프트권 및 록키스키 알파인 스키강습
D***6,구문소,201903**,M,2,,,      ,          ,,부산,사상구,주례1동,,,,구문소,http://m.blog.daum.net/_blog/_m/articleView.do?blogid=05TrK&articleno=15963487,억년의 세월이 빚은 비경 태백팔경 구문소
D***0,횡성 드림마운틴,201903**,F,2,,,      ,          ,,대구,달서구,성당동,,,,횡성 드림마운틴,https://blog.naver.com/asj910520/221251985378,드림마운틴 횡성 드림마운틴은 무엇인가
D***0,강원호반,201903**,M,4,"사무직 (일반사무직, 공무원, 직업군인)",400~499만원,예    ,자녀 있음 ,아파트/ 주상복합,인천,연수구,송도동,"준중형차 (아반떼, K3, 크루즈, 제타급 등)",삼성,KT,강원호반,http://blog.daum.net/yacho2011/2888,좋은 터 길라잡이(풍수문의 풍수강의)
D***1,간월도,201903**,F,4,"전문직 (의사, 판검사, 예술가, 종교인)",300~399만원,아니오,          ,단독주택,서울,종로구,이화동,"준중형SUV (투싼, 스포티지, QM5, 티구안급 등)",삼성,SKT,간월도,https://m.blog.naver.com/jjun0712/221712063671,서산 간월도 간월암 다녀왔어요
D***5,직탕,201903**,F,4,"주부 (전업주부, 파트타임 근무 주부)",200~299만원,예    ,자녀 있음 ,아파트/ 주상복합,경기,남양주시,진건읍,,삼성,LG U+,직탕,https://m.blog.naver.com/sonic72/221608063332,20190806 철원일대 폭포를 찾아떠난 여름휴가 재인폭포비둘기낭폭포직탕폭포산정호수
D***5,제주여성테마파크,201903**,M,4,"사무직 (일반사무직, 공무원, 직업군인)",500~599만원,예    ,자녀 있음 ,아파트/ 주상복합,서울,강북구,삼각산동,"준중형차 (아반떼, K3, 크루즈, 제타급 등)",LG,KT,제주여성테마파크,https://m.blog.naver.com/kkengzz/221705309627,제주아이들과가볼만한곳 서프라이즈테마파크
D***5,오전약수,201903**,M,4,,,      ,          ,,부산,연제구,연산9동,기타 (승합차/트럭/화물차/기타 차량 등),,,오전약수,https://m.blog.naver.com/sanm308/221616161992,태백산에 싸여있는 봉화군 물야 오전약수
D***1,예당,201903**,F,3,"서비스직 (요식업, 숙박업, 미용실종업원)",200~299만원,아니오,          ,단독주택,부산,남구,용호2동,,삼성,KT,예당,https://m.blog.naver.com/lovely_fat/221625644631,충남 예당저수지 예당호 출렁다리
D***8,수타사,201903**,M,4,"사무직 (일반사무직, 공무원, 직업군인)",500~599만원,예    ,자녀 있음 ,아파트/ 주상복합,경기,성남시 수정구,창곡동,"MPV (카니발, 올란도, 피카소급, 오딧세이 등)",LG,알뜰폰(MVNO),수타사,https://m.blog.naver.com/sul_hwa/221684137467,홍천 은행나무숲과 수타사 강원도 가볼만한곳
D***2,청평사,201903**,M,2,,,      ,          ,,울산,북구,명촌동,,,,청평사,https://blog.naver.com/dlduddms3469/221681611478,춘천 단풍구경하며 산책겸 등산코스 청평사가는길
D***1,일락사,201903**,F,4,,,      ,          ,,대전,중구,산성동,,,,일락사,https://m.blog.naver.com/dado8396/221541480589,일락사개심사서산농장용현계곡퉁퉁고개
D***4,남원,201903**,M,4,,,      ,          ,,서울,강북구,번2동,,,,남원,https://m.blog.naver.com/lesu0/221715390631,국내여행  남원숙소 너무 좋았던 에어비앤비 수곡당
D***0,오수의견,201903**,M,3,,,      ,          ,,부산,동래구,온천1동,,,,오수의견,https://m.blog.naver.com/gloryhealing/221610037579,전북 걷기 좋은 곳 전북 임실 오수의견공원
D***1,아산온천,201903**,M,2,,,      ,          ,,대전,유성구,관평동,,,,아산온천,https://m.blog.naver.com/bucketlist79/221721363500,아산온천 당일치기 겨울여행 아산스파비스캠마녀의 나댕김 20191124
D***8,장사해수욕장,201903**,F,3,기타 ,800~899만원,아니오,          ,아파트/ 주상복합,서울,강남구,자곡동,,애플,알뜰폰(MVNO),장사해수욕장,https://m.blog.naver.com/baroseog/221707787194,영덕 장사해수욕장 장사상륙작전 전승기념관 구경
D***3,미숭산,201903**,M,5,,,      ,          ,,대전,중구,대사동,,,,미숭산,https://m.blog.naver.com/gokory/221652921784,고령 여행 숲과 자연을 느끼며 힐링해요 미숭산자연휴양림
D***1,방화동,201903**,F,3,"교직 (교사, 유치원교사, 학원강사)",100~199만원,예    ,자녀 없음 ,아파트/ 주상복합,경기,부천시 오정구,원종2동,,LG,SKT,방화동,https://m.kin.naver.com/mobile/qna/detail.nhn?d1id=12&dirId=12011808&docId=335879922&qb=67Cp7ZmU64+Z&enc=utf8&section=kin.ext&rank=2&search_sort=0&spq=0,서울시 방화동에 건물을 지으려고 하는
D***8,태종대,201903**,M,3,"학생 (초중고학생, 대학생, 대학원생)",200~299만원,아니오,          ,아파트/ 주상복합,서울,강동구,명일동,"준중형차 (아반떼, K3, 크루즈, 제타급 등)",LG,KT,태종대,https://blog.naver.com/lovely_fat/221718153043,부산 해동용궁사와 태종대로 효도관광
D***3,여수 화양,201903**,M,4,"사무직 (일반사무직, 공무원, 직업군인)",500~599만원,예    ,자녀 있음 ,아파트/ 주상복합,경기,성남시 분당구,정자동,"준중형차 (아반떼, K3, 크루즈, 제타급 등)",삼성,SKT,여수 화양,https://hjjnlove4.blog.me/221426880809,여수 맛집 화양식당 장어구이 장어탕
D***1,망상,201903**,M,3,"사무직 (일반사무직, 공무원, 직업군인)",200~299만원,예    ,자녀 없음 ,단독주택,경기,수원시 권선구,서둔동,"중형차 (쏘나타, K5, 말리부, 골프급 등)",LG,KT,망상,https://m.blog.naver.com/kkoshooo/221596336418,강원 동해 망상오토캠핑장
D***4,거가대교,201903**,F,2,"학생 (초중고학생, 대학생, 대학원생)",500~599만원,아니오,          ,아파트/ 주상복합,인천,남구,숭의3동,,삼성,SKT,거가대교,https://m.blog.naver.com/ohyea95/221553123462,가덕도 가볼 만한 곳 연대봉 세계 최대 수심 해저터널 거가대교
D***8,홍천 비발디파크,201903**,M,3,기타 ,500~599만원,예    ,자녀 없음 ,아파트/ 주상복합,대전,중구,태평동,"중형SUV (싼타페, 쏘렌토, 캡티바, BMW X3급 등)",삼성,SKT,홍천 비발디파크,https://blog.naver.com/loveeoni/221717350562,비발디파크 근처 펜션 홍천 힐링하우스 뜨끈한 온돌방 넘나 좋음
D***8,기장도예촌,201903**,F,2,"학생 (초중고학생, 대학생, 대학원생)",100~199만원,아니오,          ,연립주택/ 다세대/ 빌라,서울,관악구,봉천동,,애플,SKT,기장도예촌,https://blog.naver.com/pjhi0523/221704174358,카라반캠핑기장도예촌
D***7,용문산,201903**,M,5,"판매직 (상점점원, 보험설계사, 노점상)",400~499만원,예    ,자녀 있음 ,오피스텔,경기,성남시 분당구,구미동,"대형차 (제너시스, BMW5급 등)",삼성,SKT,용문산,https://kaisr2.blog.me/221624459312,양평 용문산 관광단지와 용문사 은행나무
D***3,봉개휴양림,201903**,M,2,,,      ,          ,,서울,강북구,인수동,,,,봉개휴양림,https://m.blog.naver.com/slow_m00n/221700410084,제주교래자연휴양림 큰지그리오름 봉개음식물처리장 냄새 최악
D***7,구병산,201903**,F,3,"주부 (전업주부, 파트타임 근무 주부)",300~399만원,예    ,자녀 있음 ,연립주택/ 다세대/ 빌라,대전,동구,가양2동,,삼성,KT,구병산,https://m.blog.naver.com/osgsb/221692903882,충북 보은 충북알프스의 시작점 아홉봉우리의 구병산
D***2,봉서사,201903**,F,4,"교직 (교사, 유치원교사, 학원강사)",400~499만원,예    ,자녀 있음 ,아파트/ 주상복합,경기,고양시 덕양구,관산동,"준중형차 (아반떼, K3, 크루즈, 제타급 등)",삼성,LG U+,봉서사,https://m.blog.naver.com/ffk1039/221633735995,완주 봉서사
D***8,직지사,201903**,M,3,무직,200~299만원,아니오,          ,단독주택,울산,중구,반구1동,"중형차 (쏘나타, K5, 말리부, 골프급 등)",삼성,SKT,직지사,https://m.blog.naver.com/promise065/221702745601,김천 직지사  템플스테이 1박2일
D***8,봉서사,201903**,M,2,"학생 (초중고학생, 대학생, 대학원생)",600~699만원,아니오,          ,단독주택,서울,동대문구,답십리2동,"중형차 (쏘나타, K5, 말리부, 골프급 등)",애플,SKT,봉서사,https://m.blog.naver.com/ffk1039/221633735995,완주 봉서사
D***3,만남의광장,201903**,F,4,"사무직 (일반사무직, 공무원, 직업군인)",500~599만원,예    ,자녀 없음 ,아파트/ 주상복합,서울,종로구,교북동,"준중형차 (아반떼, K3, 크루즈, 제타급 등)",애플,SKT,만남의광장,https://m.post.naver.com/viewer/postView.nhn?volumeNo=25975952&memberNo=7250666&vType=VERTICAL,하남 드림 휴게소만남의광장에 수소충전소 오픈
D***1,일심사,201903**,M,3,"생산/노무직 (생산감독, 경비원, 공장근로자)",300~399만원,아니오,          ,오피스텔,경기,화성시,동탄면,"중형차 (쏘나타, K5, 말리부, 골프급 등)",애플,SKT,일심사,https://m.blog.naver.com/only_tour/221532442887,오이타 여행 코스벚꽃 운해 잇신지일심사
D***4,여수 첼린지 파크,201903**,F,2,"전문직 (의사, 판검사, 예술가, 종교인)",200~299만원,예    ,자녀 없음 ,아파트/ 주상복합,광주,북구,각화동,,삼성,SKT,여수 첼린지 파크,https://blog.naver.com/okine2086/221595075033,여수 유월드 루지 테마파크 핫플 인정 100만표
D***1,고석정,201903**,M,4,"사무직 (일반사무직, 공무원, 직업군인)",600~699만원,예    ,자녀 있음 ,아파트/ 주상복합,경기,용인시 수지구,풍덕천1동,"준대형차 (그랜저, K7, 알페온, 캠리급, 파사트급 등)",삼성,KT,고석정,https://m.blog.naver.com/mmm7962/221711870969,철원 여행 고석정 정취를 취하다
D***5,장호,201903**,M,2,"학생 (초중고학생, 대학생, 대학원생)",200~299만원,아니오,          ,아파트/ 주상복합,서울,강서구,내발산동,,삼성,SKT,장호,https://m.blog.naver.com/qsaxzd/221623300383,장호비치캠핑장 삼척여행
D***1,돌문화공원,201903**,M,5,"교직 (교사, 유치원교사, 학원강사)",300~399만원,예    ,자녀 있음 ,아파트/ 주상복합,경기,부천시 원미구,상3동,"스포츠 (제네시스 쿠페, BMW M, 벤츠 AMG 등)",삼성,알뜰폰(MVNO),돌문화공원,https://m.blog.naver.com/pran0104/221715194651, 제주여행제주관광  제주 돌문화공원
D***2,한국차소리문화공원,201903**,M,5,"생산/노무직 (생산감독, 경비원, 공장근로자)",400~499만원,예    ,자녀 있음 ,단독주택,서울,강남구,도곡1동,"중형차 (쏘나타, K5, 말리부, 골프급 등)",삼성,LG U+,한국차소리문화공원,https://m.blog.naver.com/peri26100/220924962670,보성여행 보성차밭빛축제  한국차소리문화공원
D***2,수옥정,201903**,M,3,"판매직 (상점점원, 보험설계사, 노점상)",200~299만원,아니오,          ,연립주택/ 다세대/ 빌라,서울,강남구,도곡2동,"준중형차 (아반떼, K3, 크루즈, 제타급 등)",삼성,KT,수옥정,https://m.blog.naver.com/akekdthkl200/221662955468,수옥정과 수옥폭포   충북괴산여행
D***2,협재해안,201903**,F,5,기타 ,800~899만원,예    ,자녀 있음 ,아파트/ 주상복합,서울,송파구,오금동,"중형차 (쏘나타, K5, 말리부, 골프급 등)",삼성,SKT,협재해안,https://m.blog.naver.com/yhm529/221657268440,나혼자산다수요미식회 맛집 제주 협재해안 수우동
D***4,안동문화,201903**,F,2,"학생 (초중고학생, 대학생, 대학원생)",100만원 미만,아니오,          ,연립주택/ 다세대/ 빌라,서울,용산구,청파동2가,"소형SUV/CUV (티볼리, QM3 등)",LG,SKT,안동문화,https://blog.naver.com/jomkkange/221718101147,191125 1박 2일 안동 여행  세계문화유산 도산서원
D***5,쌍계사,201903**,M,3,"전문직 (의사, 판검사, 예술가, 종교인)",500~599만원,아니오,          ,연립주택/ 다세대/ 빌라,서울,송파구,방이동,,애플,LG U+,쌍계사,https://m.blog.naver.com/gnfeel/221717628454,경상남도 하동  하동 가볼만한곳 지리산자락으로 가을여행 떠나요 하동 쌍계사
D***8,아산온천,201903**,F,3,무직,"1,000만원 이상",아니오,          ,아파트/ 주상복합,부산,금정구,구서2동,,애플,LG U+,아산온천,https://m.blog.naver.com/bucketlist79/221721363500,아산온천 당일치기 겨울여행 아산스파비스캠마녀의 나댕김 20191124
D***6,평택호,201903**,F,4,기타 ,800~899만원,예    ,자녀 없음 ,기타 ,서울,중구,남산동2가,,삼성,SKT,평택호,https://blog.naver.com/inkyungidd/221621262586,평택호텔  그랜드호텔 평택호 뷰를 볼 수 있는 호텔 추천
D***3,선바위,201903**,M,2,"학생 (초중고학생, 대학생, 대학원생)",100만원 미만,아니오,          ,기타 ,부산,남구,대연3동,,삼성,SKT,선바위,https://m.blog.naver.com/7750khj/221702772489,합천 작은가야산  수리봉소바우듬선바위
D***5,전통한방휴양,201903**,M,2,무직,400~499만원,아니오,          ,아파트/ 주상복합,대구,동구,효목1동,,삼성,KT,전통한방휴양,https://m.blog.naver.com/ndustns61/221224126114,전통한방휴양관광지 산청동의보감촌공진단만들기 체험
D***8,영국사,201903**,M,5,"관리직 (사장, 간부, 고위공무원)",600~699만원,예    ,자녀 있음 ,아파트/ 주상복합,서울,도봉구,창1동,"준중형차 (아반떼, K3, 크루즈, 제타급 등)",삼성,SKT,영국사,https://m.blog.naver.com/youliyan/221628365158,충북 영동 가볼만한곳 천태산 영국사
D***4,한탄강,201903**,M,4,"사무직 (일반사무직, 공무원, 직업군인)",400~499만원,예    ,자녀 있음 ,아파트/ 주상복합,대전,유성구,지족동,"소형차 (액센트, 프라이드, 아베오, 피아트급 등)",기타,알뜰폰(MVNO),한탄강,http://nanazip.com/221721990837,철원 카페  송대소 주상절리 한탄강을 배경으로 커피한잔에 빠져보는 모닝캄빌리지 펜션  카페
D***0,진도 대명리조트,201903**,M,3,"사무직 (일반사무직, 공무원, 직업군인)",300~399만원,아니오,          ,연립주택/ 다세대/ 빌라,서울,중랑구,면목7동,"중형차 (쏘나타, K5, 말리부, 골프급 등)",삼성,SKT,진도 대명리조트,https://bluebuskr.blog.me/221645530806,진도 여행 대명리조트 쏠비치 진도 후기
D***1,칠갑산도립온천,201903**,M,4,,,      ,          ,,경북,경산시,진량읍,,,,칠갑산도립온천,https://m.blog.naver.com/2000yhero/221524706364,칠갑산 도립공원 2
D***4,변산해수욕장,201903**,M,5,"사무직 (일반사무직, 공무원, 직업군인)",500~599만원,예    ,자녀 있음 ,아파트/ 주상복합,경기,성남시 분당구,야탑동,"중형차 (쏘나타, K5, 말리부, 골프급 등)",삼성,SKT,변산해수욕장,https://m.blog.naver.com/soolok791/221651245712,변산 해수욕장 스타렉스 캠핑카 타고 여행  갯벌체험으로 조개를 캤어요
D***5,영산호쌀문화테마공원,201903**,M,3,"생산/노무직 (생산감독, 경비원, 공장근로자)",400~499만원,아니오,          ,연립주택/ 다세대/ 빌라,경기,김포시,통진읍,"경차 (모닝, 스파크 등)",삼성,SKT,영산호쌀문화테마공원,https://m.blog.naver.com/ejp8702/221108032274,이천 농업테마공원 쌀문화전시관에서 쌀에 대해 배워봐요
D***1,제주남원,201903**,M,4,"전문직 (의사, 판검사, 예술가, 종교인)",100만원 미만,예    ,자녀 있음 ,단독주택,서울,성북구,삼선동4가,,애플,SKT,제주남원,https://m.blog.naver.com/since080515/221648773649,최고라고 말하고싶은 제주 남원 맛집
D***6,화암사,201903**,F,5,"주부 (전업주부, 파트타임 근무 주부)",100~199만원,예    ,자녀 있음 ,아파트/ 주상복합,부산,남구,용호3동,,삼성,SKT,화암사,https://m.blog.naver.com/happykids70/221674944427,화암사 숲길 신선대에서 바라보는 울산바위
D***2,미숭산,201903**,M,5,"자영업 (도소매업, 숙박업, 미용업)",100~199만원,아니오,          ,연립주택/ 다세대/ 빌라,경기,고양시 덕양구,토당동,,삼성,SKT,미숭산,https://m.blog.naver.com/gokory/221652921784,고령 여행 숲과 자연을 느끼며 힐링해요 미숭산자연휴양림
D***6,강화종합리조트,201903**,F,2,"교직 (교사, 유치원교사, 학원강사)","1,000만원 이상",아니오,          ,아파트/ 주상복합,경기,의정부시,낙양동,"중형SUV (싼타페, 쏘렌토, 캡티바, BMW X3급 등)",삼성,SKT,강화종합리조트,https://ghssghss.blog.me/221526256903,강화 길상면  강화씨사이드리조트강화도루지
D***,돈내코,201903**,F,3,,,      ,          ,,경기,의정부시,용현동,,,,돈내코,https://m.blog.naver.com/sohyun1989/221684113927,제주 원앙폭포 신비함을 느끼고 싶다면 꼭 돈내코
D***,청량사,201903**,M,4,,,      ,          ,,충남,아산시,풍기동,,,,청량사,https://m.blog.naver.com/iloveknp/221699419985,가야산국립공원남산제일봉 청량사 원점회귀 등산코스
D***,양양국제공항,201903**,M,2,"학생 (초중고학생, 대학생, 대학원생)",200~299만원,아니오,          ,연립주택/ 다세대/ 빌라,서울,은평구,대조동,"중형차 (쏘나타, K5, 말리부, 골프급 등)",삼성,LG U+,양양국제공항,https://blog.naver.com/4_28b/221660419232,양양국제공항 타고 제주도 가기 코리아익스프레스에어
D***,제주 중문,201903**,M,3,,,      ,          ,,경기,성남시 분당구,이매동,,,,제주 중문,https://blog.naver.com/artless1004/221708894020,행복했던 밥상 제주 중문 맛집
D***,성류굴,201903**,M,4,,,      ,          ,,서울,강남구,세곡동,,,,성류굴,https://m.blog.naver.com/hsakjo/221566664329,울진 금강소나무 숲길 트레킹울진 성류굴
D***,미천굴,201903**,M,5,"전문직 (의사, 판검사, 예술가, 종교인)","1,000만원 이상",예    ,자녀 있음 ,연립주택/ 다세대/ 빌라,경기,용인시 수지구,신봉동,"대형차 (제너시스, BMW5급 등)",삼성,SKT,미천굴,https://m.blog.naver.com/xodiddldkqk/221706364651,제주 일출랜드 그리고 미천굴
D***,삽교호,201903**,F,4,,,      ,          ,,서울,노원구,상계10동,,,,삽교호,https://m.blog.naver.com/yongju320/221645978745,당진 삽교호 한 바퀴
D***,김천온천,201903**,F,4,,,      ,          ,,전남,여수시,고소동,,,,김천온천,https://blog.naver.com/ejuinn69/221452242406,찜질방 데이트 김천 구미 대구 근처 온천숯가마 찜질방  성주 스파랜드u
D***,문장대온천,201903**,M,5,,,      ,          ,,경기,여주군,여주읍,,,,문장대온천,http://m.blog.daum.net/_blog/_m/articleView.do?blogid=0F0kb&articleno=8780597,문장대온천개발 온천지구 지정 사실상 백지화 가능성 커
D***,해운대,201903**,F,4,기타 ,500~599만원,예    ,자녀 있음 ,아파트/ 주상복합,서울,노원구,중계동,,삼성,SKT,해운대,https://moonjj82.blog.me/221712612297,해운대뷔페 가장 좋아하는 곳 그랜드애플
D***,오토테마파크,201903**,F,5,,,      ,          ,,서울,강서구,화곡8동,,,,오토테마파크,https://m.blog.naver.com/python99/221517135324,야경이 멋있는 합천 휴테마파크 오토캠핑장
D***,영주순흥,201903**,F,5,"주부 (전업주부, 파트타임 근무 주부)",300~399만원,예    ,자녀 없음 ,아파트/ 주상복합,경기,안양시 동안구,비산3동,,삼성,SKT,영주순흥,https://m.blog.naver.com/63ksyun/221719604248,풍기 온천 후 영주 순흥 선비촌 다녀왔습니다
D***,산정호수,201903**,M,3,,,      ,          ,,경기,군포시,금정동,,,,산정호수,https://tcacyc.blog.me/221725616480,포천 산정호수 둘레길을 걸으며
D***,만남의광장,201903**,F,3,,,      ,          ,,서울,서초구,서초1동,,,,만남의광장,https://m.post.naver.com/viewer/postView.nhn?volumeNo=25975952&memberNo=7250666&vType=VERTICAL,하남 드림 휴게소만남의광장에 수소충전소 오픈
D***,영산호쌀문화테마공원,201903**,M,2,,,      ,          ,,부산,영도구,동삼동,,,,영산호쌀문화테마공원,https://m.blog.naver.com/ejp8702/221108032274,이천 농업테마공원 쌀문화전시관에서 쌀에 대해 배워봐요
D***,신륵사,201903**,M,5,"교직 (교사, 유치원교사, 학원강사)",500~599만원,예    ,자녀 있음 ,아파트/ 주상복합,전남,순천시,용당동,"준대형차 (그랜저, K7, 알페온, 캠리급, 파사트급 등)",삼성,KT,신륵사,https://jbm993.blog.me/221521860991,여주 가볼만한곳 색색의 연등이 예쁜 신륵사
D***,벽골제,201903**,M,4,,,      ,          ,,인천,서구,불로동,,,,벽골제,https://m.blog.naver.com/robyn27/221649036302,놀거리가 가득한 곳  김제 벽골제
D***,극락암,201903**,F,3,,,      ,          ,,서울,금천구,가산동,,,,극락암,https://m.blog.naver.com/greatsm2001/221711399361,통도사 극락암의 가을
D***,오목내,201903**,M,3,,,      ,          ,,서울,강남구,일원2동,,,,오목내,https://m.blog.naver.com/skrkddlsgp/221721630990,진주 판문동 맛집 오목내 솔직후기
D***,대광해수욕장,201903**,M,4,,,      ,          ,,서울,강동구,상일동,,,,대광해수욕장,https://m.blog.naver.com/happy-luna/221332519271,아이들과 국내섬여행 임자도  해수욕장 대광해수욕장
D***,능암온천,201903**,M,5,,,      ,          ,,광주,남구,양림동,,,,능암온천,https://m.blog.naver.com/kr_chungju/221572663341,충주 가볼만 한 곳  능암온천랜드
D***,증평 에듀팜 특구,201903**,M,4,,,      ,          ,,인천,부평구,십정2동,,,,증평 에듀팜 특구,https://blog.naver.com/wwwjpgokr/221592218844,SNS기자단 기고 해외 관광객도 즐길 충북의 명소 증평 에듀팜 관광특구
D***,내장산리조트,201903**,F,3,,,      ,          ,,경기,수원시 장안구,정자동,,,,내장산리조트,https://m.blog.naver.com/beet38/221710851873,정읍시 내장산리조트 최대규모 민자유치
D***,맹방,201903**,F,4,"주부 (전업주부, 파트타임 근무 주부)",300~399만원,예    ,자녀 있음 ,아파트/ 주상복합,경기,용인시 기흥구,동백동,"경차 (모닝, 스파크 등)",삼성,SKT,맹방,https://m.blog.naver.com/brad42/221596457277,강원도 삼척 맹방해수욕장 당일치기 여행
D***,일락사,201903**,F,2,,,      ,          ,,서울,관악구,신사동,,,,일락사,https://m.blog.naver.com/dado8396/221541480589,일락사개심사서산농장용현계곡퉁퉁고개
D***,해신장보고,201903**,M,3,,,      ,          ,,서울,광진구,구의동,,,,해신장보고,https://m.blog.naver.com/hohosuly/221539086115,을왕리 조개구이  해신장보고  설레여
D***,문경상리,201903**,M,4,,,      ,          ,,서울,강서구,우장산동,,,,문경상리,http://m.blog.daum.net/_blog/_m/articleView.do?blogid=03UvL&articleno=15857454,문경 상리 삼층석탑 경북 문경
D***,용호씨사이드,201903**,M,4,기타 ,200~299만원,예    ,자녀 있음 ,아파트/ 주상복합,경기,군포시,재궁동,"준중형차 (아반떼, K3, 크루즈, 제타급 등)",삼성,SKT,용호씨사이드,http://www.kookje.co.kr/news2011/asp/newsbody.asp?code=0200&key=20171123.22001010675,부산 용호동 씨사이드 분쟁 부산시 관광지 취소 경고
D***,흥덕사,201903**,F,3,,,      ,          ,,전남,여수시,봉산동,,,,흥덕사,https://m.blog.naver.com/ojs0126/221690775065,흥덕사 백운문화한마당 참석
D***,문경온천,201903**,F,4,,,      ,          ,,인천,부평구,부개동,,,,문경온천,https://m.blog.naver.com/j3187654/221564941542,불정자연휴양림 문경온천 여행 
D***,내설악 용대,201903**,M,4,,,      ,          ,,경기,김포시,장기동,,,,내설악 용대,https://m.blog.naver.com/hoilsanta/221548303837,Jule105 봉정암  강원 인제 용대 내설악11530 월 맑음
D***,안동하회,201903**,F,2,,,      ,          ,,경남,창원시 마산합포구,월영동,,,,임진각,https://m.blog.naver.com/1004rahee/221715786295,안동하회마을 무료공연 하회별신굿탈놀이 부용대
D***,임진각,201903**,F,2,,,      ,          ,,경남,창원시 마산합포구,월영동,,,,임진각,https://blog.naver.com/lalla282/221708724445,파주관광지추천 아이들과 갈만한곳 임진각 평화누리공원
D***,팜파스종합휴양,201903**,M,5,"기능직 (자동차정비, 운전기사, 안경사, 택시기사)",400~499만원,예    ,자녀 없음 ,아파트/ 주상복합,서울,도봉구,창4동,"중형차 (쏘나타, K5, 말리부, 골프급 등)",삼성,SKT,팜파스종합휴양,https://blog.naver.com/hriver21/221092893072,팜파스종합휴양관광단지
D***,삼포 문암,201903**,M,4,,,      ,          ,,인천,서구,당하동,,,,삼포 문암,https://m.blog.naver.com/heysun62/221545300677,고성  삼포문암진해변 개발
D***,안동하회,201903**,F,3,"교직 (교사, 유치원교사, 학원강사)",200~299만원,아니오,          ,연립주택/ 다세대/ 빌라,경기,고양시 일산동구,중산동,"준중형차 (아반떼, K3, 크루즈, 제타급 등)",LG,SKT,안동하회,https://m.blog.naver.com/1004rahee/221715786295,안동하회마을 무료공연 하회별신굿탈놀이 부용대
D***,덕산온천,201903**,M,5,,,      ,          ,,경기,부천시 원미구,상동,,,,덕산온천,https://m.blog.naver.com/oksusu90/221670136981,짧은 나들이 덕산온천여행 선물처럼 만난 코스모스
D***,고래불,201903**,F,4,,,      ,          ,,인천,남구,숭의4동,,,,고래불,http://m.blog.daum.net/_blog/_m/articleView.do?blogid=0bogl&articleno=923,해파랑길 트레킹 제23코스 고래불 후포항
D***,신정호,201903**,M,4,,,      ,          ,,울산,중구,반구1동,,,,신정호,https://m.blog.naver.com/jsn920/221550735561,아산여행신정호 호수공원 전망좋은카페산책 아산 가볼만한곳
D***,비슬산,201903**,M,5,,,      ,          ,,인천,연수구,연수1동,,,,비슬산,http://blog.daum.net/tourcodi/8129744,대구 달성군 관광 비슬산 암괴류 대견사 참꽃군락지 반딧불이 전기차 달성 여행
D***1,표충사,201903**,M,5,"관리직 (사장, 간부, 고위공무원)",500~599만원,예    ,자녀 있음 ,아파트/ 주상복합,서울,노원구,상계9동,기타 (승합차/트럭/화물차/기타 차량 등),삼성,LG U+,표충사,https://m.blog.naver.com/jupan1999/221715055350,표충사 우리아이마음숲놀이터 하루 종일 놀겠다는 아이들
D***5,문수사,201903**,M,3,"전문직 (의사, 판검사, 예술가, 종교인)",100만원 미만,예    ,자녀 있음 ,단독주택,서울,강서구,가양3동,"경차 (모닝, 스파크 등)",삼성,SKT,문수사,http://m.blog.daum.net/_blog/_m/articleView.do?blogid=0qXA2&articleno=504,고창 청량산 문수사
D***4,해신장보고,201903**,F,5,,,      ,          ,,부산,부산진구,부암동,,,,해신장보고,https://m.blog.naver.com/hohosuly/221539086115,을왕리 조개구이  해신장보고  설레여
D***8,금강호,201903**,M,2,,,      ,          ,,경기,용인시 기흥구,마북동,,,,금강호,https://m.blog.naver.com/sumi0ju/221704482211,오천항 금강낚시 금강호 쭈꾸미 갑오징어 출조 조황 쭈갑 선상낚시 20191109
D***1,유현문화,201903**,M,3,,,      ,          ,,부산,사상구,모라1동,,,,유현문화,https://m.blog.naver.com/airbag1/221682877565,횡성여행 횡성호수길 5구간 국순당 유현문화관광지 풍수원성당
D***3,설악한화리조트,201903**,M,5,,,      ,          ,,인천,남동구,만수1동,,,,설악한화리조트,https://blog.naver.com/nayanahanmi/221582702954,강원도 속초여행 물놀이 먹거리 놀거리 가능한 설악 한화리조트
D***2,개암사,201903**,M,3,,,      ,          ,,충남,아산시,배방읍,,,,개암사,https://m.blog.naver.com/wona0317/221560541021,부안 개암사 그리고 개암제 나들이
D***6,협재해안,201903**,M,5,,,      ,          ,,경기,용인시 처인구,모현면,,,,협재해안,https://m.blog.naver.com/yhm529/221657268440,나혼자산다수요미식회 맛집 제주 협재해안 수우동
D***8,대구면도요지,201903**,M,2,"사무직 (일반사무직, 공무원, 직업군인)",100~199만원,아니오,          ,아파트/ 주상복합,부산,북구,화명3동,,삼성,LG U+,대구면도요지,https://m.blog.naver.com/skku_skai/220852355231,강진 대구면 도요지 종합정비계획 학술연구용역
D***9,마차탄광문화촌,201903**,M,2,,,      ,          ,,서울,종로구,구기동,,,,마차탄광문화촌,https://m.blog.naver.com/sweetmeto/221715184365,영월여행  강원도 탄광문화촌 단양영월 2박3일 여행
D***7,개척사,201903**,F,2,,,      ,          ,,서울,서초구,방배동,,,,개척사,https://m.blog.naver.com/genseoks1/221406743484,미국 개척사에 두드러진 두 청년
D***6,부곡온천,201903**,M,3,,,      ,          ,,부산,동래구,사직3동,,,,부곡온천,https://m.blog.naver.com/cngblog/221721865027,하반기 HOT 생생 부곡온천 라이브공연 12회차
D***2,서포리,201903**,M,4,"기능직 (자동차정비, 운전기사, 안경사, 택시기사)",200~299만원,예    ,자녀 없음 ,연립주택/ 다세대/ 빌라,서울,중랑구,중화1동,,삼성,KT,서포리,https://blog.naver.com/zeroheart73/221561164544,덕적도 서포리해변 백패킹511  512
D***2,경산온천,201903**,M,2,,,      ,          ,,충남,공주시,교동,,,,경산온천,https://m.blog.naver.com/nara4009/221619540380,경산온천상대온천좋아요
D***8,경주 보문,201903**,M,4,,,      ,          ,,광주,동구,계림2동,,,,경주 보문,https://blog.naver.com/asas0957/221701086136,경주 단풍 보문단지 산책 with 무지개
D***8,마곡온천,201903**,F,4,"사무직 (일반사무직, 공무원, 직업군인)",600~699만원,예    ,자녀 있음 ,아파트/ 주상복합,인천,부평구,산곡4동,"준중형차 (아반떼, K3, 크루즈, 제타급 등)",삼성,LG U+,마곡온천,https://m.blog.naver.com/coco_8600/221653876224,강화도 여행 마곡 맛집  동천  석모도미네랄온천
D***6,미탄마하생태,201903**,M,2,,,      ,          ,,부산,사상구,주례1동,,,,미탄마하생태,https://m.blog.naver.com/leeewon47/221479158841,대한민국 대표 관광지 강원도 강원도 관광지 현황은
D***3,모악산,201903**,M,3,"학생 (초중고학생, 대학생, 대학원생)",100만원 미만,아니오,          ,연립주택/ 다세대/ 빌라,부산,금정구,장전1동,,LG,LG U+,모악산,https://m.blog.naver.com/pshadm/221683408706,100대명산  모악산  84130
D***6,광덕계곡,201903**,M,3,,,      ,          ,,대전,중구,대흥동,,,,광덕계곡,https://m.blog.naver.com/hardprince/221676277562,즐거운 와인딩 코스 여우고개  백운계곡  광덕계곡  도마치재 M으로 지지기
D***7,마한문화,201903**,M,4,"사무직 (일반사무직, 공무원, 직업군인)",300~399만원,예    ,자녀 있음 ,아파트/ 주상복합,강원,강릉시,교동,"중형차 (쏘나타, K5, 말리부, 골프급 등)",삼성,SKT,마한문화,https://m.blog.naver.com/pson30/221724282236,영암 마한문화공원 191125
D***0,구병산,201903**,M,3,"서비스직 (요식업, 숙박업, 미용실종업원)",200~299만원,아니오,          ,단독주택,인천,서구,신현동,"MPV (카니발, 올란도, 피카소급, 오딧세이 등)",애플,LG U+,구병산,https://m.blog.naver.com/osgsb/221692903882,충북 보은 충북알프스의 시작점 아홉봉우리의 구병산
D***7,북고사,201903**,M,3,"기능직 (자동차정비, 운전기사, 안경사, 택시기사)","1,000만원 이상",예    ,자녀 있음 ,아파트/ 주상복합,경기,화성시,반송동,"준중형SUV (투싼, 스포티지, QM5, 티구안급 등)",삼성,SKT,북고사,https://m.blog.naver.com/meer1/221709753267,늦가을 무주의 북고사 성지순례
D***5,땅끝,201903**,M,4,"사무직 (일반사무직, 공무원, 직업군인)",500~599만원,예    ,자녀 있음 ,아파트/ 주상복합,서울,강북구,삼각산동,"준중형차 (아반떼, K3, 크루즈, 제타급 등)",LG,KT,땅끝,http://m.blog.daum.net/_blog/_m/articleView.do?blogid=0W7Ve&articleno=866,2018. 단풍따라 흐르는 가을여행 - 14. 토말. 땅끝마을
D***9,방동약수터,201903**,F,3,"주부 (전업주부, 파트타임 근무 주부)",100만원 미만,아니오,          ,아파트/ 주상복합,서울,마포구,상암동,,애플,SKT,방동약수터,https://m.blog.naver.com/ttalkook/221601473970,방태산 방동약수터
D***6,강원오색,201903**,M,3,"사무직 (일반사무직, 공무원, 직업군인)",200~299만원,아니오,          ,아파트/ 주상복합,대전,유성구,송강동,"준중형차 (아반떼, K3, 크루즈, 제타급 등)",애플,LG U+,강원오색,https://m.blog.naver.com/nhk9933/221627655775,강원 설악산 오색약수근처 오색휴펜션 오색약수 계곡 초대받아 힐링하고 왔어요
D***7,추암,201903**,F,4,,,      ,          ,,충남,천안시 동남구,청당동,,,,추암,http://m.blog.daum.net/_blog/_m/articleView.do?blogid=0bogl&articleno=936,해파랑길 트레킹 제32코스 한재밑 추암
D***5,주왕산,201903**,M,3,,,      ,          ,,서울,강서구,공항동,,,,주왕산,https://m.blog.naver.com/iloveknp/221708366122,주왕산 국립공원 만추의 주왕산 탐방
D***8,대승사,201903**,F,4,,,      ,          ,,서울,강동구,고덕1동,,,,대승사,https://m.blog.naver.com/5490ljy/221703776913,문경 사불산 대승사
D***0,실상사,201903**,M,4,"학생 (초중고학생, 대학생, 대학원생)",800~899만원,아니오,          ,아파트/ 주상복합,서울,광진구,광장동,,삼성,KT,실상사,https://m.blog.naver.com/bosom86/221711922236,리군의 사찰 에세이 02 남원 실상사
D***4,궁평,201903**,M,2,,,      ,          ,,서울,서초구,방배3동,,,,궁평,http://blog.daum.net/seohwi/277,궁평의 마을
D***2,원주 더네이처,201903**,M,4,"생산/노무직 (생산감독, 경비원, 공장근로자)",400~499만원,예    ,자녀 있음 ,아파트/ 주상복합,경기,김포시,구래동,"준중형SUV (투싼, 스포티지, QM5, 티구안급 등)",삼성,KT,원주 더네이처,http://www.kwnews.co.kr/nview.asp?s=501&aid=219042100027,원주문막읍 대규모 관광단지 4년만에 재추진
D***7,안면도,201903**,M,3,,,      ,          ,,충북,청주시 상당구,서운동,,,,안면도,http://m.blog.daum.net/_blog/_m/articleView.do?blogid=0UCYA&articleno=5829,"충남 태안 가볼만한곳, 안면도 자연휴양림 무장애 나눔길"
D***7,석정온천,201903**,M,5,"자영업 (도소매업, 숙박업, 미용업)",500~599만원,예    ,자녀 있음 ,아파트/ 주상복합,서울,성동구,행당동,"MPV (카니발, 올란도, 피카소급, 오딧세이 등)",애플,SKT,석정온천,https://m.blog.naver.com/vnqk10/221716226470,고창 힐링카운티 석정온천휴스파
D***2,예래휴양형주거,201903**,M,5,"사무직 (일반사무직, 공무원, 직업군인)",200~299만원,아니오,          ,연립주택/ 다세대/ 빌라,경기,고양시 일산서구,대화동,,삼성,SKT,예래휴양형주거,https://blog.naver.com/bigfish3/221477767193,예래 휴양형 주거단지 현황과 제주도 땅 투자
D***1,화암,201903**,M,2,,,      ,          ,,경남,양산시,매곡동,,,,화암,https://m.blog.naver.com/aoisora2/221689337096,정선 아이와 가볼만한곳 화암동굴 나들이 
D***3,창원 구산해양,201903**,F,4,,,      ,          ,,경기,성남시 중원구,상대원3동,,,,창원 구산해양,https://blog.naver.com/a23852/221319178127,창원 마산 외곽 구산카페  통통 오션뷰카페
D***1,홍천 비발디파크,201903**,F,5,"주부 (전업주부, 파트타임 근무 주부)","1,000만원 이상",예    ,자녀 있음 ,아파트/ 주상복합,경기,고양시 일산서구,탄현동,,애플,KT,홍천 비발디파크,https://blog.naver.com/loveeoni/221717350562,비발디파크 근처 펜션 홍천 힐링하우스 뜨끈한 온돌방 넘나 좋음
D***8,마우나오션,201903**,M,4,,,      ,          ,,서울,강동구,명일동,,,,마우나오션,https://blog.naver.com/soda7908/221712751372,LPGA가 열렸던 마우나오션cc로 가을골프 다녀왔어요
D***6,도곡온천,201903**,M,5,"사무직 (일반사무직, 공무원, 직업군인)",700~799만원,예    ,자녀 있음 ,아파트/ 주상복합,서울,노원구,상계6.7동,"중형차 (쏘나타, K5, 말리부, 골프급 등)",삼성,SKT,도곡온천,https://m.blog.naver.com/jh630614/221520167548,화순 중봉산도곡온천 기준으로 완벽한 원점회귀 산행코스
D***9,거제 남부,201903**,M,3,"사무직 (일반사무직, 공무원, 직업군인)",100~199만원,아니오,          ,오피스텔,서울,관악구,신림동,,애플,LG U+,거제 남부,https://blog.naver.com/rowon98/221488555544,거제 남부 해변길 걷기함목다대다포천장산여차여차홍포전망대홍포대포근포근포마을명사저구항
D***3,영주순흥,201903**,F,5,,,      ,          ,,대구,달서구,대천동,,,,영주순흥,https://m.blog.naver.com/63ksyun/221719604248,풍기 온천 후 영주 순흥 선비촌 다녀왔습니다
D***2,호미곶,201903**,F,4,"전문직 (의사, 판검사, 예술가, 종교인)",500~599만원,예    ,자녀 있음 ,아파트/ 주상복합,충북,청주시 흥덕구,죽림동,,삼성,SKT,호미곶,https://m.blog.naver.com/okkmskim/221674686567,포항펜션 두남자와 함께했던 코지스위트펜션 죽도시장호미곶
D***0,삼장사,201903**,M,2,"학생 (초중고학생, 대학생, 대학원생)",400~499만원,아니오,          ,연립주택/ 다세대/ 빌라,울산,남구,무거동,,삼성,KT,삼장사,https://m.cafe.naver.com/thebomsnap/398,20190516 성내동성당삼장사
D***4,방동약수터,201903**,M,5,"생산/노무직 (생산감독, 경비원, 공장근로자)",800~899만원,예    ,자녀 있음 ,아파트/ 주상복합,대전,유성구,궁동,"중형차 (쏘나타, K5, 말리부, 골프급 등)",삼성,LG U+,방동약수터,https://m.blog.naver.com/ttalkook/221601473970,방태산 방동약수터
D***2,원주 오크밸리,201903**,M,3,"사무직 (일반사무직, 공무원, 직업군인)",200~299만원,예    ,자녀 없음 ,아파트/ 주상복합,울산,중구,성안동,"준중형차 (아반떼, K3, 크루즈, 제타급 등)",삼성,KT,원주 오크밸리,https://blog.naver.com/orionbt/221694093685,원주 오크밸리 카라반 여행  야간산책 소나타 오브 라이트
D***5,다덕약수,201903**,F,5,"주부 (전업주부, 파트타임 근무 주부)",300~399만원,예    ,자녀 있음 ,연립주택/ 다세대/ 빌라,서울,은평구,역촌동,,삼성,KT,다덕약수,https://m.blog.naver.com/soda8219/221603152068,봉화 약수식당  다덕약수 로 만든 토종닭백숙
D***8,장흥,201903**,M,3,"판매직 (상점점원, 보험설계사, 노점상)",700~799만원,아니오,          ,단독주택,서울,중구,광희동2가,,기타,KT,장흥,https://blog.naver.com/queen77577/221721828437,서울 근교 장흥 참숯가마 고구마 구워 먹고 놀기 좋아
D***8,팔봉산,201903**,M,3,,,      ,          ,,서울,은평구,갈현동,,,,팔봉산,https://m.blog.naver.com/cm0917/221711580256,191117 홍천 팔봉산 블랙야크100대명산 산림청100대명산 한국의산하인기100산
D***8,곽지,201903**,M,3,기타 ,100~199만원,아니오,          ,아파트/ 주상복합,서울,서대문구,홍제2동,,애플,KT,곽지,https://m.blog.naver.com/wnhjeju/221718304122,제주여행 곽지해변에서 한담공원 멋진뷰
D***0,송정,201903**,M,4,"생산/노무직 (생산감독, 경비원, 공장근로자)",200~299만원,예    ,자녀 있음 ,연립주택/ 다세대/ 빌라,인천,남동구,만수5동,"대형차 (제너시스, BMW5급 등)",LG,LG U+,송정,https://m.blog.naver.com/lys9783/221711436037,부산 송정 맛집 알찬 전복영양밥 한그릇
D***0,고래불,201903**,M,5,무직,200~299만원,예    ,자녀 있음 ,아파트/ 주상복합,경북,구미시,산동면,"중형차 (쏘나타, K5, 말리부, 골프급 등)",삼성,알뜰폰(MVNO),고래불,http://m.blog.daum.net/_blog/_m/articleView.do?blogid=0bogl&articleno=923,해파랑길 트레킹 제23코스 고래불 후포항
D***0,불갑사,201903**,M,3,,,      ,          ,,인천,부평구,부평4동,,,,불갑사,https://m.blog.naver.com/ka8564/221649053161,불갑사 상사화 개화초기 풍경불갑사상사화축제 날에는 만개할듯
D***4,왜목마을,201903**,M,2,"학생 (초중고학생, 대학생, 대학원생)",400~499만원,아니오,          ,아파트/ 주상복합,경기,수원시 팔달구,지동,"준중형차 (아반떼, K3, 크루즈, 제타급 등)",애플,SKT,왜목마을,https://m.blog.naver.com/rrhcdldi/221709687950,당진당일치기 3 왜목마을 해수욕장 산책 잠깐 들리기 좋은 코스
D***7,한탄강,201903**,F,5,"주부 (전업주부, 파트타임 근무 주부)",100~199만원,예    ,자녀 있음 ,연립주택/ 다세대/ 빌라,서울,성동구,성수1가1동,,삼성,SKT,한탄강,http://nanazip.com/221721990837,철원 카페  송대소 주상절리 한탄강을 배경으로 커피한잔에 빠져보는 모닝캄빌리지 펜션  카페
D***3,제주여성테마파크,201903**,M,2,"학생 (초중고학생, 대학생, 대학원생)",100만원 미만,아니오,          ,아파트/ 주상복합,대구,수성구,지산1동,,삼성,KT,제주여성테마파크,https://m.blog.naver.com/kkengzz/221705309627,제주아이들과가볼만한곳 서프라이즈테마파크
D***9,용호씨사이드,201903**,M,2,"학생 (초중고학생, 대학생, 대학원생)",400~499만원,아니오,          ,아파트/ 주상복합,서울,성동구,성수1가1동,,삼성,KT,용호씨사이드,http://www.kookje.co.kr/news2011/asp/newsbody.asp?code=0200&key=20171123.22001010675,부산 용호동 씨사이드 분쟁 부산시 관광지 취소 경고
D***6,골드힐카운티리조트,201903**,M,5,"사무직 (일반사무직, 공무원, 직업군인)",400~499만원,예    ,자녀 있음 ,아파트/ 주상복합,경기,의정부시,민락동,"중형차 (쏘나타, K5, 말리부, 골프급 등)",삼성,KT,골드힐카운티리조트,https://www.yna.co.kr/view/PYH20190609095000063?input=1196m,천안 골드힐카운티리조트 관광단지 기공식  연합뉴스
D***4,안적사,201903**,F,2,"전문직 (의사, 판검사, 예술가, 종교인)",200~299만원,예    ,자녀 없음 ,아파트/ 주상복합,광주,북구,각화동,,삼성,SKT,안적사,https://m.blog.naver.com/isinki/221675421360,기장 안적사에서 가을을 맞이했습니다
D***1,만남의광장,201903**,M,3,"자영업 (도소매업, 숙박업, 미용업)",600~699만원,아니오,          ,단독주택,경기,여주군,가남면,"중형차 (쏘나타, K5, 말리부, 골프급 등)",삼성,SKT,만남의광장,https://m.post.naver.com/viewer/postView.nhn?volumeNo=25975952&memberNo=7250666&vType=VERTICAL,하남 드림 휴게소만남의광장에 수소충전소 오픈
D***4,제천온천,201903**,M,4,"농/축/광/수산업 (축산, 낙농업, 수산, 임업, 광업)",200~299만원,예    ,자녀 있음 ,연립주택/ 다세대/ 빌라,부산,사하구,감천동,"준대형차 (그랜저, K7, 알페온, 캠리급, 파사트급 등)",삼성,LG U+,제천온천,https://m.blog.naver.com/easeclub1/221720676545,충북 가볼만한곳 제천 리솜포레스트 온천여행과 자드락길
D***2,우수영,201903**,M,2,무직,100만원 미만,아니오,          ,기타 ,경기,평택시,평택동,"준중형SUV (투싼, 스포티지, QM5, 티구안급 등)",애플,LG U+,우수영,https://m.blog.naver.com/hp0210/221703457436,전라도 가볼만한곳 진도타워  우수영국민관광지 명량대첩기념관
D***2,비슬산,201903**,M,3,"생산/노무직 (생산감독, 경비원, 공장근로자)",200~299만원,예    ,자녀 있음 ,아파트/ 주상복합,인천,계양구,병방동,"준중형차 (아반떼, K3, 크루즈, 제타급 등)",삼성,SKT,비슬산,http://blog.daum.net/tourcodi/8129744,대구 달성군 관광 비슬산 암괴류 대견사 참꽃군락지 반딧불이 전기차 달성 여행
D***7,속리산레저,201903**,F,4,"사무직 (일반사무직, 공무원, 직업군인)",300~399만원,아니오,          ,아파트/ 주상복합,경기,화성시,봉담읍,,LG,LG U+,속리산레저,https://m.blog.naver.com/asancriti/221541893523,보은속리산 솔향공원 도깨비공원의 사람들
D***5,회산연꽃방죽,201903**,M,2,무직,400~499만원,아니오,          ,아파트/ 주상복합,대구,동구,효목1동,,삼성,KT,회산연꽃방죽,https://m.blog.naver.com/yunm2530/221565757481,일로읍 회산연꽃방죽이야기회산백련지연꽃나들이목포꽃집목포꽃배달 남악꽃배달 일로꽃배달무안꽃배달
D***4,어답산,201903**,M,4,"사무직 (일반사무직, 공무원, 직업군인)",400~499만원,예    ,자녀 있음 ,아파트/ 주상복합,대전,유성구,지족동,"소형차 (액센트, 프라이드, 아베오, 피아트급 등)",기타,알뜰폰(MVNO),어답산,https://m.blog.naver.com/iiijjjiiijjj/221600282946,20190728일 횡성 어답산횡성온천선바위장송어답산 장군봉병지방계곡
D***4,대천해수욕장,201903**,M,2,,,      ,          ,,서울,중랑구,묵1동,,애플,KT,대천해수욕장,https://m.blog.naver.com/jblee27/221714733376,대천해수욕장 짚라인 타고 스카이라운지에서 커피한잔
D***0,신화역사공원,201903**,M,2,,,      ,          ,,경기,수원시 장안구,정자2동,,,,신화역사공원,https://present0955.blog.me/221723400417,제주 신화역사공원 홍차 카페 다만프레르
D***3,금강하구둑,201903**,M,3,기타 ,800~899만원,아니오,          ,연립주택/ 다세대/ 빌라,서울,강북구,인수동,,삼성,KT,금강하구둑,https://m.blog.naver.com/11cap/221590974456,금강자전거길신탄진금강하구둑20190702
D***5,청도온천,201903**,M,2,무직,100만원 미만,아니오,          ,단독주택,부산,부산진구,양정2동,,삼성,SKT,청도온천,https://m.cafe.naver.com/daegumam2003/187255,청도 온천갑니다용
D***3,소요산,201903**,M,2,,,      ,          ,,강원,춘천시,우두동,,삼성,SKT,소요산,https://blog.naver.com/pajiwn/221658923153,소요산 등산코스  소요산역자재암선녀탕의상대원점회귀 3시간
D***,해운대,201904**,M,4,"기능직 (자동차정비, 운전기사, 안경사, 택시기사)",200~299만원,아니오,          ,연립주택/ 다세대/ 빌라,서울,동작구,사당4동,,삼성,KT,해운대,https://m.post.naver.com/viewer/postView.nhn?volumeNo=18098946&memberNo=3543910&vType=VERTICAL,해운대 달맞이길 벚꽃구경! 해운대 그랜드 호텔! 바다전망 객실 업그레이드 특전! : 네이버 포스트
D***,해운대,201904**,M,4,"기능직 (자동차정비, 운전기사, 안경사, 택시기사)",200~299만원,아니오,          ,연립주택/ 다세대/ 빌라,서울,동작구,사당4동,,삼성,KT,해운대,https://www.booking.com/searchresults.ko.html?src=index&rows=20&error_url=https%3A%2F%2Fwww.booking.com%2Findex.ko.html%3Faid%3D339530%3Blabel%3D38194_cs-ufi-img-1_v2-%3Bsid%3D39f54c577ce1ff118a8933821f658675%3Bsb_price_type%3Dtotal%3Bsrpvid%3D7d2068c3e8260091%26%3B&aid=339530&label=38194_cs-ufi-img-1_v2-&sid=39f54c577ce1ff118a8933821f658675&sb=1&search_form_id=1fdf68ee4b5b007d&ssne=%EB%B6%80%EC%82%B0&ssne_untouched=%EB%B6%80%EC%82%B0&checkin_monthday=26&checkin_year_month=2019-4&checkout_monthday=28&checkout_year_month=2019-4&checkin=2019-04-26&checkout=2019-04-28&group_adults=2&group_children=0&no_rooms=1&group_adults_overlay=2&group_children_overlay=0&no_rooms_overlay=1&latitude=35.1611925049281&longitude=129.158906215392&dest_type=district&dest_id=4469&ss_label=%ED%95%B4%EC%9A%B4%EB%8C%80%2C+%EB%B6%80%EC%82%B0%2C+%EB%8C%80%ED%95%9C%EB%AF%BC%EA%B5%AD&place_id_lon=129.158906215392&place_id_lat=35.1611925049281&ac_position=0&ac_suggestion_list_length=2&ac_langcode=ko&search_selected=true&ac_size=5&ac_click_type=b&order_ht_id=204&search_pageview_id=1fdf68ee4b5b007d,Booking.com: 호텔: 해운대구. 지금 바로 예약하세요!
D***,해운대,201904**,M,4,"기능직 (자동차정비, 운전기사, 안경사, 택시기사)",200~299만원,아니오,          ,연립주택/ 다세대/ 빌라,서울,동작구,사당4동,,삼성,KT,해운대,https://www.booking.com/hotel/kr/haeundae-rabinbabekyupensyeonhotel.ko.html?aid=339530&label=38194_cs-ufi-img-1_v2-&sid=39f54c577ce1ff118a8933821f658675&all_sr_blocks=467325301_144652420_2_1_0&checkin=2019-04-26&checkout=2019-04-28&dest_id=4469&dest_type=district&hapos=25&highlighted_blocks=467325301_144652420_2_1_0&hpos=5&sr_order=popularity&srepoch=1554649060&srpvid=efa46932078701c0&ucfs=1&matching_block_id=467325301_144652420_2_0_0&ref_is_wl=1&srhp=1,"해운대 라빈 바베큐 펜션 모텔, 부산 ? 2019 신규 특가"
D***,해운대,201904**,M,4,"기능직 (자동차정비, 운전기사, 안경사, 택시기사)",200~299만원,아니오,          ,연립주택/ 다세대/ 빌라,서울,동작구,사당4동,,삼성,KT,해운대,https://www.booking.com/hotel/kr/pobi-house.ko.html?aid=339530&label=38194_cs-ufi-img-1_v2-&sid=39f54c577ce1ff118a8933821f658675&all_sr_blocks=37780909_113821863_2_1_0&checkin=2019-04-26&checkout=2019-04-28&dest_id=-713900&dest_type=city&hapos=11&highlighted_blocks=37780909_113821863_2_1_0&hpos=11&sr_order=popularity&srepoch=1554649127&srpvid=baa3695302a60018&ucfs=1&matching_block_id=37780909_113821863_2_0_0&srhp=1&ref_is_wl=1,"포비 하우스 해운대, 부산 ? 2019 신규 특가"
D***,해운대,201904**,M,4,"기능직 (자동차정비, 운전기사, 안경사, 택시기사)",200~299만원,아니오,          ,연립주택/ 다세대/ 빌라,서울,동작구,사당4동,,삼성,KT,해운대,https://m.blog.naver.com/PostView.nhn?blogId=airenss5486&logNo=221069775147&proxyReferer=,"[부산여행] 여름 부산 2박3일 여행 코스 / 2일차!! 해운대 낙곱새, 해운대 옵스, 해운대 옛날팥빙수, 미포철길, 미포끝집, 더베이101, 오꾸닭 : 네이버 블로그"
D***,해운대,201904**,M,4,"기능직 (자동차정비, 운전기사, 안경사, 택시기사)",200~299만원,아니오,          ,연립주택/ 다세대/ 빌라,서울,동작구,사당4동,,삼성,KT,해운대,https://www.booking.com/hotel/kr/toyoko-inn-busan-haeundae-1.ko.html?aid=339530&label=38194_cs-ufi-img-1_v2-&sid=39f54c577ce1ff118a8933821f658675&all_sr_blocks=209783605_118648312_0_1_0&checkin=2019-04-26&checkout=2019-04-28&dest_id=4469&dest_type=district&hapos=23&highlighted_blocks=209783605_118648312_0_1_0&hpos=3&sr_order=popularity&srepoch=1554649008&srpvid=77b469186ffe00de&ucfs=1&matching_block_id=209783605_118648312_2_0_0&ref_is_wl=1&srhp=1&qckprv=1,"토요코인 부산해운대 1, 부산 ? 2019 신규 특가"
D***,해운대,201904**,M,4,"기능직 (자동차정비, 운전기사, 안경사, 택시기사)",200~299만원,아니오,          ,연립주택/ 다세대/ 빌라,서울,동작구,사당4동,,삼성,KT,해운대,https://www.booking.com/hotel/kr/toyoko-inn-busan-haeundae-2.ko.html?aid=339530&label=38180_cs-ufi-img-1_v2-&sid=39f54c577ce1ff118a8933821f658675&all_sr_blocks=209784602_106683154_0_1_0&checkin=2019-04-20&checkout=2019-04-21&dest_id=-713900&dest_type=city&hapos=10&highlighted_blocks=209784602_106683154_0_1_0&hpos=10&sr_order=popularity&srepoch=1554814291&srpvid=f3845a69432302aa&ucfs=1&matching_block_id=209784602_106683154_2_0_0&ref_is_wl=1&srhp=1,"토요코인 부산 해운대 2, 부산 ? 2019 신규 특가"
D***,해운대,201904**,M,4,"기능직 (자동차정비, 운전기사, 안경사, 택시기사)",200~299만원,아니오,          ,연립주택/ 다세대/ 빌라,서울,동작구,사당4동,,삼성,KT,해운대,https://m.search.naver.com/search.naver?sm=mtp_sug.top&where=m&query=%ED%95%B4%EC%9A%B4%EB%8C%80+%EC%97%90%EC%8A%A4%EC%9B%90%ED%98%B8%ED%85%94&acq=%ED%95%B4%EC%9A%B4%EB%8C%80&acr=1&qdt=0,해운대 에스원호텔 : 네이버 통합검색
D***,해운대,201904**,M,4,"기능직 (자동차정비, 운전기사, 안경사, 택시기사)",200~299만원,아니오,          ,연립주택/ 다세대/ 빌라,서울,동작구,사당4동,,삼성,KT,해운대,https://www.booking.com/hotel/kr/toyoko-inn-busan-haeundae-1.ko.html?aid=339530&label=38180_cs-ufi-img-1_v2-&sid=39f54c577ce1ff118a8933821f658675&all_sr_blocks=209783605_118648312_0_1_0&checkin=2019-04-20&checkout=2019-04-21&dest_id=-713900&dest_type=city&hapos=6&highlighted_blocks=209783605_118648312_0_1_0&hpos=6&sr_order=popularity&srepoch=1554814202&srpvid=30075a3d99c5016e&ucfs=1&matching_block_id=209783605_118648312_2_0_0&ref_is_wl=1&srhp=1,"토요코인 부산해운대 1, 부산 ? 2019 신규 특가"
D***,해운대,201904**,M,4,"기능직 (자동차정비, 운전기사, 안경사, 택시기사)",200~299만원,아니오,          ,연립주택/ 다세대/ 빌라,서울,동작구,사당4동,,삼성,KT,해운대,https://m.post.naver.com/viewer/postView.nhn?volumeNo=18098946&memberNo=3543910&vType=VERTICAL,해운대 달맞이길 벚꽃구경! 해운대 그랜드 호텔! 바다전망 객실 업그레이드 특전! : 네이버 포스트
D***,태종대,201904**,M,4,"기능직 (자동차정비, 운전기사, 안경사, 택시기사)",200~299만원,아니오,          ,연립주택/ 다세대/ 빌라,서울,동작구,사당4동,,삼성,KT,해운대,https://m.search.naver.com/search.naver?query=%EB%B6%80%EC%82%B0+%ED%83%9C%EC%A2%85%EB%8C%80&sm=mtb_sug.psn&where=m&oquery=%EB%B6%80%EC%82%B0+%ED%9D%B0%EC%97%AC%EC%9A%B8%EB%AC%B8%ED%99%94%EB%A7%88%EC%9D%84&tqi=U62J9wpVuqsssuHDZ4osssssswC-456943&acq=%ED%83%9C%EC%A2%85%EB%8C%80&acr=1&qdt=0,부산 태종대 : 네이버 통합검색
D***,태종대,201904**,M,4,"기능직 (자동차정비, 운전기사, 안경사, 택시기사)",200~299만원,아니오,          ,연립주택/ 다세대/ 빌라,서울,동작구,사당4동,,삼성,KT,해운대,https://m.blog.naver.com/overroad89/221501253753,부산 가볼만한곳 흰여울 문화마을 지나 태종대 까지 : 네이버 블로그
D***,해운대,201904**,M,4,"기능직 (자동차정비, 운전기사, 안경사, 택시기사)",200~299만원,아니오,          ,연립주택/ 다세대/ 빌라,서울,동작구,사당4동,,삼성,KT,해운대,https://m.blog.naver.com/tingho76/221495544298,"해운대 좌동> 광안리 수변공원 라이딩,벚꽃이 활짝 피었어요. : 네이버 블로그"
D***,태종대,201904**,M,4,"기능직 (자동차정비, 운전기사, 안경사, 택시기사)",200~299만원,아니오,          ,연립주택/ 다세대/ 빌라,서울,동작구,사당4동,,삼성,KT,해운대,https://m.search.naver.com/search.naver?sm=mtp_sug.top&where=m&query=%EB%B6%80%EC%82%B0+%ED%83%9C%EC%A2%85%EB%8C%80&acq=%ED%83%9C%EC%A2%85%EB%8C%80&acr=1&qdt=0,부산 태종대 : 네이버 통합검색
D***,돌문화공원,201904**,M,4,,,      ,          ,,서울,성북구,장위2동,,,,돌문화공원,https://m.blog.naver.com/pran0104/221715194651, 제주여행제주관광  제주 돌문화공원
D***,제주헬스케어타운,201904**,F,5,,,      ,          ,,전북,전주시 완산구,삼천동1가,,,,제주헬스케어타운,https://blog.naver.com/solguji/221651290398,추석제주여행  헬스케어타운리조트  한림칼국수  카페라이슬라
D***,남원 드래곤,201904**,M,4,,,      ,          ,,서울,노원구,상계3.4동,,,,남원 드래곤,https://moonjung2114.blog.me/221639249397,전라도 골프 드래곤레이크cc 2박3일 남원 골프라운드 후기
D***,창원 구산해양,201904**,F,4,,,      ,          ,,경기,고양시 덕양구,행신동,,,,창원 구산해양,https://blog.naver.com/a23852/221319178127,창원 마산 외곽 구산카페  통통 오션뷰카페
D***,충온온천,201904**,M,3,,,      ,          ,,서울,노원구,공릉2동,,,,충온온천,https://m.cafe.naver.com/mywetown/912,충주나우리마을
D***,아우라지,201904**,M,2,,,      ,          ,,대구,달서구,성당2동,,,,아우라지,https://m.blog.naver.com/kooni/221672541768,정선 아리랑 시장  물 폭탄 맞은 아우라지
D***,능암온천,201904**,F,5,"서비스직 (요식업, 숙박업, 미용실종업원)",300~399만원,예    ,자녀 있음 ,아파트/ 주상복합,대구,달서구,상인1동,,LG,알뜰폰(MVNO),능암온천,https://m.blog.naver.com/kr_chungju/221572663341,충주 가볼만 한 곳  능암온천랜드
D***,아산온천,201904**,F,5,,,      ,          ,,서울,서대문구,홍제2동,,,,아산온천,https://m.blog.naver.com/bucketlist79/221721363500,아산온천 당일치기 겨울여행 아산스파비스캠마녀의 나댕김 20191124
D***,율포해수욕장,201904**,M,2,"학생 (초중고학생, 대학생, 대학원생)","1,000만원 이상",아니오,          ,아파트/ 주상복합,경기,광명시,철산4동,"준대형차 (그랜저, K7, 알페온, 캠리급, 파사트급 등)",기타,알뜰폰(MVNO),율포해수욕장,https://m.blog.naver.com/day31479/221486986413,전라도1박2일여행여수낭만포차 율포해수욕장 광한루원
D***,한탄강,201904**,M,2,,,      ,          ,,대구,북구,고성동3가,,,,한탄강,http://nanazip.com/221721990837,철원 카페  송대소 주상절리 한탄강을 배경으로 커피한잔에 빠져보는 모닝캄빌리지 펜션  카페
D***,여수 화양,201904**,M,2,,,      ,          ,,서울,강서구,우장산동,,,,여수 화양,https://hjjnlove4.blog.me/221426880809,여수 맛집 화양식당 장어구이 장어탕
D***,극락암,201904**,M,3,"사무직 (일반사무직, 공무원, 직업군인)",200~299만원,아니오,          ,연립주택/ 다세대/ 빌라,서울,서대문구,북가좌동,"소형SUV/CUV (티볼리, QM3 등)",애플,KT,극락암,https://m.blog.naver.com/greatsm2001/221711399361,통도사 극락암의 가을
D***,김천온천,201904**,M,4,"사무직 (일반사무직, 공무원, 직업군인)",400~499만원,예    ,자녀 있음 ,아파트/ 주상복합,경기,오산시,갈곶동,"준대형차 (그랜저, K7, 알페온, 캠리급, 파사트급 등)",애플,알뜰폰(MVNO),김천온천,https://blog.naver.com/ejuinn69/221452242406,찜질방 데이트 김천 구미 대구 근처 온천숯가마 찜질방  성주 스파랜드u
D***,일심사,201904**,F,2,,,      ,          ,,서울,마포구,대흥동,,,,일심사,https://m.blog.naver.com/only_tour/221532442887,오이타 여행 코스벚꽃 운해 잇신지일심사
D***,구병산,201904**,F,2,,,      ,          ,,대전,서구,도마2동,,,,구병산,https://m.blog.naver.com/osgsb/221692903882,충북 보은 충북알프스의 시작점 아홉봉우리의 구병산
D***,일락사,201904**,F,2,,,      ,          ,,서울,성북구,종암동,,,,일락사,https://m.blog.naver.com/dado8396/221541480589,일락사개심사서산농장용현계곡퉁퉁고개
D***,한국차소리문화공원,201904**,M,2,,,      ,          ,,서울,강동구,명일동,,,,한국차소리문화공원,https://m.blog.naver.com/peri26100/220924962670,보성여행 보성차밭빛축제  한국차소리문화공원
D***,운일암반일암,201904**,F,4,,,      ,          ,,대구,북구,관음동,,,,운일암반일암,https://m.blog.naver.com/overroad89/221700138547,전북 가볼만한곳  진안 운일암 반일암 산책
D***,안동문화,201904**,M,3,,,      ,          ,,경기,의왕시,오전동,,,,안동문화,https://blog.naver.com/jomkkange/221718101147,191125 1박 2일 안동 여행  세계문화유산 도산서원
D***,해운대,201904**,F,4,,,      ,          ,,경기,김포시,장기동,,,,해운대,https://moonjj82.blog.me/221712612297,해운대뷔페 가장 좋아하는 곳 그랜드애플
D***,왜목마을,201904**,M,2,,,      ,          ,,부산,금정구,장전동,,,,왜목마을,https://m.blog.naver.com/rrhcdldi/221709687950,당진당일치기 3 왜목마을 해수욕장 산책 잠깐 들리기 좋은 코스
D***,임진각,201904**,M,3,,,      ,          ,,경기,안산시 단원구,선부동,,,,임진각,https://blog.naver.com/lalla282/221708724445,파주관광지추천 아이들과 갈만한곳 임진각 평화누리공원
D***,설악한화리조트,201904**,M,4,,,      ,          ,,서울,중랑구,상봉1동,,,,설악한화리조트,https://blog.naver.com/nayanahanmi/221582702954,강원도 속초여행 물놀이 먹거리 놀거리 가능한 설악 한화리조트
D***,예당,201904**,M,5,"사무직 (일반사무직, 공무원, 직업군인)",700~799만원,예    ,자녀 있음 ,아파트/ 주상복합,경기,파주시,광탄면,"준대형차 (그랜저, K7, 알페온, 캠리급, 파사트급 등)",삼성,알뜰폰(MVNO),예당,https://m.blog.naver.com/lovely_fat/221625644631,충남 예당저수지 예당호 출렁다리
D***,마차탄광문화촌,201904**,M,5,,,      ,          ,,서울,강남구,신사동,,,,마차탄광문화촌,https://m.blog.naver.com/sweetmeto/221715184365,영월여행  강원도 탄광문화촌 단양영월 2박3일 여행
D***,금월봉,201904**,M,3,"서비스직 (요식업, 숙박업, 미용실종업원)",600~699만원,예    ,자녀 있음 ,아파트/ 주상복합,서울,강서구,등촌1동,"경차 (모닝, 스파크 등)",삼성,KT,금월봉,https://m.blog.naver.com/tarantium82/221696743035,제천1박2일2일차동산분식 덩실분식 제천청풍호모노레일 비봉산전망대 청풍호반케이블카 금월봉석갈비
D***,백암온천,201904**,F,4,"전문직 (의사, 판검사, 예술가, 종교인)","1,000만원 이상",예    ,자녀 있음 ,아파트/ 주상복합,경북,포항시 북구,장성동,,애플,KT,백암온천,https://m.blog.naver.com/hyechon49/221711918222,백암온천 백암LG생활연수원 숙소에서  백암산 백암폭포가는 길 백암폭포 백암온천
D***,봉개휴양림,201904**,F,4,,,      ,          ,,서울,구로구,개봉1동,,,,봉개휴양림,https://m.blog.naver.com/slow_m00n/221700410084,제주교래자연휴양림 큰지그리오름 봉개음식물처리장 냄새 최악
D***,북고사,201904**,M,4,"주부 (전업주부, 파트타임 근무 주부)",700~799만원,예    ,자녀 있음 ,단독주택,강원,춘천시,퇴계동,,LG,LG U+,북고사,https://m.blog.naver.com/meer1/221709753267,늦가을 무주의 북고사 성지순례
D***,만리포해수욕장,201904**,F,3,,,      ,          ,,서울,양천구,신월4동,,,,만리포해수욕장,https://m.blog.naver.com/bb00dd/221721784934,당일치기 태안여행 해미읍성 만리포해수욕장 일몰 까지
D***,표충사,201904**,M,5,,,      ,          ,,인천,중구,중산동,,,,표충사,https://m.blog.naver.com/jupan1999/221715055350,표충사 우리아이마음숲놀이터 하루 종일 놀겠다는 아이들
D***,고흥우주해양,201904**,F,3,"사무직 (일반사무직, 공무원, 직업군인)","1,000만원 이상",예    ,자녀 있음 ,아파트/ 주상복합,서울,동대문구,답십리동,,삼성,SKT,고흥우주해양,https://blog.naver.com/yescom2000/221475087283,김 지사 고흥 우주항공 중심도시로 대도약
D***,평창 용평,201904**,F,5,,,      ,          ,,충북,충주시,수안보면,,,,평창 용평,https://blog.naver.com/see302/221593099739,평창가볼만한곳평창 용평리조트 타워콘도 와 용평 워터파크 피크아일랜드현대홈쇼핑
D***,여수 화양,201904**,F,2,"주부 (전업주부, 파트타임 근무 주부)",200~299만원,예    ,자녀 있음 ,아파트/ 주상복합,경기,수원시 권선구,호매실동,"소형차 (액센트, 프라이드, 아베오, 피아트급 등)",삼성,LG U+,여수 화양,https://hjjnlove4.blog.me/221426880809,여수 맛집 화양식당 장어구이 장어탕
D***,해남 오시아노,201904**,M,4,,,      ,          ,,충북,청주시 상당구,주중동,,,,해남 오시아노,https://blog.naver.com/qud005/221544080363,캠핑장 추천  해남 오시아노 캠핑장
D***,보적사,201904**,F,3,,,      ,          ,,경기,과천시,부림동,,,,보적사,https://m.blog.naver.com/n_n630/221683022330,나홀로 가을 산행  독산성 세마대지 보적사 다녀오기
D***,원각사,201904**,M,2,,,      ,          ,,경남,양산시,삼호동,,,,원각사,https://m.blog.naver.com/nelo30/221688868198,가볍게 다이어트 트레킹 겸 다녀온 의정부 원각사
D***,남원 드래곤,201904**,M,3,"사무직 (일반사무직, 공무원, 직업군인)",200~299만원,아니오,          ,연립주택/ 다세대/ 빌라,서울,강북구,수유2동,,삼성,알뜰폰(MVNO),남원 드래곤,https://moonjung2114.blog.me/221639249397,전라도 골프 드래곤레이크cc 2박3일 남원 골프라운드 후기
D***,경산온천,201904**,M,2,,,      ,          ,,부산,기장군,장안읍,,,,경산온천,https://m.blog.naver.com/nara4009/221619540380,경산온천상대온천좋아요
D***,계림사,201904**,M,5,"서비스직 (요식업, 숙박업, 미용실종업원)",400~499만원,예    ,자녀 있음 ,아파트/ 주상복합,경기,고양시 일산서구,일산2동,"중형SUV (싼타페, 쏘렌토, 캡티바, BMW X3급 등)",삼성,KT,계림사,https://m.blog.naver.com/pjk3108/221686032437,김천 동부리 마애지장보살좌상 계림사 석조나한좌상
D***,경주 감포,201904**,M,4,"사무직 (일반사무직, 공무원, 직업군인)",800~899만원,예    ,자녀 없음 ,아파트/ 주상복합,경기,용인시 수지구,풍덕천2동,"중형SUV (싼타페, 쏘렌토, 캡티바, BMW X3급 등)",삼성,SKT,경주 감포,https://blog.naver.com/daisykim1987/221485776355,감포팬션바닷가가 한눈에 보이는 경주 팬션
D***,망상,201904**,M,5,,,      ,          ,,인천,남동구,간석4동,,,,봉서사,https://m.blog.naver.com/kkoshooo/221596336418,강원 동해 망상오토캠핑장
D***,봉서사,201904**,M,5,,,      ,          ,,인천,남동구,간석4동,,,,봉서사,https://m.blog.naver.com/ffk1039/221633735995,완주 봉서사
D***,흥룡사,201904**,F,4,,,      ,          ,,충북,청주시 흥덕구,운천동,,,,흥룡사,https://m.blog.naver.com/ddungddy9073/221281506814,포천여행 백운산 자락에 있는 흑룡사
D***8,제주용머리,201904**,F,2,"사무직 (일반사무직, 공무원, 직업군인)",800~899만원,아니오,          ,오피스텔,경기,고양시 덕양구,도내동,"경차 (모닝, 스파크 등)",삼성,SKT,제주용머리,http://m.blog.daum.net/_blog/_m/articleView.do?blogid=0b2pw&articleno=2342,제주 용머리해안 맛집 가족 식사엔 카도돈카츠
D***4,주문진,201904**,M,5,,,      ,          ,,경기,용인시 기흥구,청덕동,,,,주문진,https://blog.naver.com/crazy_yuri/221713254200,새로웠던 주문진 맛집
D***7,왜목마을,201904**,F,2,,,      ,          ,,광주,북구,두암3동,,,,왜목마을,https://m.blog.naver.com/rrhcdldi/221709687950,당진당일치기 3 왜목마을 해수욕장 산책 잠깐 들리기 좋은 코스
D***3,무릉계곡,201904**,M,5,,,      ,          ,,서울,광진구,광장동,,,,무릉계곡,http://m.blog.daum.net/_blog/_m/articleView.do?blogid=0W7Ve&articleno=858,단풍따라 흐르는 가을여행 - 6. 무릉계곡 여행
D***5,벽계,201904**,F,4,,,      ,          ,,경기,안산시 상록구,본오1동,,,,벽계,https://m.blog.naver.com/uiryeonginfo/221691105047,벽계야영장은 새단장 중
D***0,오수의견,201904**,M,4,"사무직 (일반사무직, 공무원, 직업군인)",200~299만원,아니오,          ,연립주택/ 다세대/ 빌라,경기,평택시,장당동,"준중형SUV (투싼, 스포티지, QM5, 티구안급 등)",삼성,알뜰폰(MVNO),오수의견,https://m.blog.naver.com/gloryhealing/221610037579,전북 걷기 좋은 곳 전북 임실 오수의견공원
D***3,골드힐카운티리조트,201904**,F,3,,,      ,          ,,부산,해운대구,재송1동,,,,골드힐카운티리조트,https://www.yna.co.kr/view/PYH20190609095000063?input=1196m,천안 골드힐카운티리조트 관광단지 기공식  연합뉴스
D***3,청도온천,201904**,M,2,,,      ,          ,,서울,영등포구,영등포본동,,,,청도온천,https://m.cafe.naver.com/daegumam2003/187255,청도 온천갑니다용
D***3,영산호쌀문화테마공원,201904**,M,5,,,      ,          ,,서울,성북구,안암동3가,,,,영산호쌀문화테마공원,https://m.blog.naver.com/ejp8702/221108032274,이천 농업테마공원 쌀문화전시관에서 쌀에 대해 배워봐요
D***4,영국사,201904**,M,5,,,      ,          ,,경기,안산시 상록구,일동,,,,영국사,https://m.blog.naver.com/youliyan/221628365158,충북 영동 가볼만한곳 천태산 영국사
D***7,성산포해양,201904**,M,5,,,      ,          ,,서울,송파구,송파동,,,,성산포해양,https://blog.naver.com/wj-story/221466807198,설 구정에 어머니와 함께 성산포 성당 광치기해변 제주해양동물박물관 겨울 유채꽃 2월 제주
D***6,안동하회,201904**,M,5,,,      ,          ,,경기,안양시 동안구,비산2동,,,,안동하회,https://m.blog.naver.com/1004rahee/221715786295,안동하회마을 무료공연 하회별신굿탈놀이 부용대
D***8,진관사,201904**,M,3,,,      ,          ,,경북,포항시 남구,오천읍,,,,진관사,https://m.blog.naver.com/ka8564/221628007626,북한산 등산코스진관사 삼천사 원점코스
D***1,레인보우힐링,201904**,M,3,,,      ,          ,,서울,관악구,행운동,,애플,SKT,레인보우힐링,https://m.blog.naver.com/ydpodoblog/221581379841,민주지산 자연휴양림 레인보우 힐링 숲속 가요제
D***5,운주사,201904**,F,3,,,      ,          ,,대전,중구,옥계동,,,,운주사,https://m.blog.naver.com/sanbada2004/221635346744,화순 운주사
D***5,개척사,201904**,F,4,,,      ,          ,,경남,창원시 마산합포구,완월동,,,,개척사,https://m.blog.naver.com/genseoks1/221406743484,미국 개척사에 두드러진 두 청년
D***2,무창포해수욕장,201904**,M,5,,,      ,          ,,서울,성북구,길음2동,,,,무창포해수욕장,https://m.blog.naver.com/kaisr2/221674209424,보령 대천해수욕장과 무창포 해변
D***3,개척사,201904**,F,4,"기능직 (자동차정비, 운전기사, 안경사, 택시기사)",300~399만원,아니오,          ,연립주택/ 다세대/ 빌라,인천,남동구,남촌동,"중형차 (쏘나타, K5, 말리부, 골프급 등)",LG,LG U+,개척사,https://m.blog.naver.com/genseoks1/221406743484,미국 개척사에 두드러진 두 청년
D***4,청량사,201904**,F,4,"주부 (전업주부, 파트타임 근무 주부)",400~499만원,예    ,자녀 있음 ,연립주택/ 다세대/ 빌라,경기,안산시 상록구,사1동,"중형차 (쏘나타, K5, 말리부, 골프급 등)",삼성,SKT,청량사,https://m.blog.naver.com/iloveknp/221699419985,가야산국립공원남산제일봉 청량사 원점회귀 등산코스
D***2,계림사,201904**,F,3,"사무직 (일반사무직, 공무원, 직업군인)",300~399만원,예    ,자녀 있음 ,아파트/ 주상복합,경기,고양시 덕양구,행신3동,"중형차 (쏘나타, K5, 말리부, 골프급 등)",삼성,SKT,계림사,https://m.blog.naver.com/pjk3108/221686032437,김천 동부리 마애지장보살좌상 계림사 석조나한좌상
D***3,해신장보고,201904**,F,5,"주부 (전업주부, 파트타임 근무 주부)",300~399만원,예    ,자녀 있음 ,아파트/ 주상복합,경기,김포시,감정동,"준중형SUV (투싼, 스포티지, QM5, 티구안급 등)",LG,SKT,해신장보고,https://m.blog.naver.com/hohosuly/221539086115,을왕리 조개구이  해신장보고  설레여
D***9,신지명사십리,201904**,M,3,,,      ,          ,,서울,송파구,송파동,,,,신지명사십리,https://m.blog.naver.com/kurum_be/221503580309,여로4  완도 신지명사십리해수욕장  20190325
D***1,미숭산,201904**,F,4,"교직 (교사, 유치원교사, 학원강사)",500~599만원,예    ,자녀 있음 ,아파트/ 주상복합,경기,수원시 영통구,하동,"중형차 (쏘나타, K5, 말리부, 골프급 등)",LG,LG U+,미숭산,https://m.blog.naver.com/gokory/221652921784,고령 여행 숲과 자연을 느끼며 힐링해요 미숭산자연휴양림
D***9,광덕계곡,201904**,F,2,"학생 (초중고학생, 대학생, 대학원생)",200~299만원,아니오,          ,연립주택/ 다세대/ 빌라,대구,남구,이천동,,삼성,LG U+,광덕계곡,https://m.blog.naver.com/hardprince/221676277562,즐거운 와인딩 코스 여우고개  백운계곡  광덕계곡  도마치재 M으로 지지기
D***7,해남 오시아노,201904**,M,3,,,      ,          ,,충남,연기군,조치원읍,,,,해남 오시아노,https://blog.naver.com/qud005/221544080363,캠핑장 추천  해남 오시아노 캠핑장
D***5,보적사,201904**,M,4,"서비스직 (요식업, 숙박업, 미용실종업원)",200~299만원,아니오,          ,연립주택/ 다세대/ 빌라,충남,연기군,조치원읍,"경차 (모닝, 스파크 등)",LG,SKT,보적사,https://m.blog.naver.com/n_n630/221683022330,나홀로 가을 산행  독산성 세마대지 보적사 다녀오기
D***3,소요산,201904**,M,3,,,      ,          ,,서울,강남구,삼성동,,,,소요산,https://blog.naver.com/pajiwn/221658923153,소요산 등산코스  소요산역자재암선녀탕의상대원점회귀 3시간
D***0,화암사,201904**,F,3,무직,100만원 미만,아니오,          ,연립주택/ 다세대/ 빌라,경남,진주시,가좌동,"경차 (모닝, 스파크 등)",LG,SKT,화암사,https://m.blog.naver.com/happykids70/221674944427,화암사 숲길 신선대에서 바라보는 울산바위
D***0,부곡온천,201904**,M,3,,,      ,          ,,충남,천안시 동남구,삼룡동,,,,부곡온천,https://m.blog.naver.com/cngblog/221721865027,하반기 HOT 생생 부곡온천 라이브공연 12회차
D***0,속리산레저,201904**,M,4,,,      ,          ,,대구,북구,태전동,,,,속리산레저,https://m.blog.naver.com/asancriti/221541893523,보은속리산 솔향공원 도깨비공원의 사람들
D***3,아리랑마을,201904**,M,2,,,      ,          ,,인천,부평구,삼산동,,,,아리랑마을,https://m.blog.naver.com/greenjeonnam/221496932441,국악의 고장 전라남도 진도  국립남도국악원 아리랑 마을
D***5,원주 더네이처,201904**,M,2,,,      ,          ,,제주,서귀포시,토평동,,,,원주 더네이처,http://www.kwnews.co.kr/nview.asp?s=501&aid=219042100027,원주문막읍 대규모 관광단지 4년만에 재추진
D***9,경천대,201904**,F,4,,,      ,          ,,대구,서구,평리2동,,,,경천대,https://m.blog.naver.com/jiyouls/221227527304,상주 경천대마음이 열리는 이곳 경천대 국민관광지
D***0,김녕해수욕장,201904**,M,4,,,      ,          ,,서울,강서구,개화동,,,,김녕해수욕장,https://m.blog.naver.com/findjeju/221593221722,제주도 바다 색이 아름다운 김녕해수욕장 물놀이
D***5,부곡온천,201904**,M,4,,,      ,          ,,대전,대덕구,미호동,,,,부곡온천,https://m.blog.naver.com/cngblog/221721865027,하반기 HOT 생생 부곡온천 라이브공연 12회차
D***8,경주 감포,201904**,M,5,"교직 (교사, 유치원교사, 학원강사)",400~499만원,예    ,자녀 있음 ,연립주택/ 다세대/ 빌라,서울,은평구,역촌동,"중형차 (쏘나타, K5, 말리부, 골프급 등)",LG,SKT,경주 감포,https://blog.naver.com/daisykim1987/221485776355,감포팬션바닷가가 한눈에 보이는 경주 팬션
D***3,회상나루,201904**,M,3,,,      ,          ,,제주,제주시,노형동,,,,회상나루,https://m.blog.naver.com/easagol/221179750285,회상나루 객주촌
D***5,보적사,201904**,M,2,,,      ,          ,,인천,남동구,구월4동,,,,보적사,https://m.blog.naver.com/n_n630/221683022330,나홀로 가을 산행  독산성 세마대지 보적사 다녀오기
D***9,장호,201904**,M,4,"사무직 (일반사무직, 공무원, 직업군인)",200~299만원,예    ,자녀 있음 ,연립주택/ 다세대/ 빌라,서울,광진구,중곡동,,삼성,SKT,장호,https://m.blog.naver.com/qsaxzd/221623300383,장호비치캠핑장 삼척여행
D***0,수옥정,201904**,M,4,"사무직 (일반사무직, 공무원, 직업군인)",300~399만원,예    ,자녀 있음 ,연립주택/ 다세대/ 빌라,서울,동작구,상도4동,"중형차 (쏘나타, K5, 말리부, 골프급 등)",삼성,LG U+,수옥정,https://m.blog.naver.com/akekdthkl200/221662955468,수옥정과 수옥폭포   충북괴산여행
D***9,금월봉,201904**,M,5,"관리직 (사장, 간부, 고위공무원)",600~699만원,예    ,자녀 있음 ,아파트/ 주상복합,부산,사하구,하단동,"준중형차 (아반떼, K3, 크루즈, 제타급 등)",삼성,SKT,금월봉,https://m.blog.naver.com/tarantium82/221696743035,제천1박2일2일차동산분식 덩실분식 제천청풍호모노레일 비봉산전망대 청풍호반케이블카 금월봉석갈비
D***4,방동약수터,201904**,M,4,기타 ,200~299만원,예    ,자녀 있음 ,아파트/ 주상복합,인천,계양구,작전2동,,삼성,알뜰폰(MVNO),방동약수터,https://m.blog.naver.com/ttalkook/221601473970,방태산 방동약수터
D***6,우수영,201904**,M,4,"기능직 (자동차정비, 운전기사, 안경사, 택시기사)",300~399만원,아니오,          ,단독주택,경기,평택시,비전2동,"중형차 (쏘나타, K5, 말리부, 골프급 등)",LG,알뜰폰(MVNO),우수영,https://m.blog.naver.com/hp0210/221703457436,전라도 가볼만한곳 진도타워  우수영국민관광지 명량대첩기념관
D***0,방화동,201904**,F,4,"주부 (전업주부, 파트타임 근무 주부)",200~299만원,예    ,자녀 있음 ,단독주택,광주,서구,상무1동,기타 (승합차/트럭/화물차/기타 차량 등),삼성,SKT,방화동,https://m.kin.naver.com/mobile/qna/detail.nhn?d1id=12&dirId=12011808&docId=335879922&qb=67Cp7ZmU64+Z&enc=utf8&section=kin.ext&rank=2&search_sort=0&spq=0,서울시 방화동에 건물을 지으려고 하는
D***8,경천대,201904**,M,2,"학생 (초중고학생, 대학생, 대학원생)",100~199만원,아니오,          ,연립주택/ 다세대/ 빌라,경기,구리시,수택동,,삼성,SKT,경천대,https://m.blog.naver.com/jiyouls/221227527304,상주 경천대마음이 열리는 이곳 경천대 국민관광지
D***7,담양호,201904**,M,5,"판매직 (상점점원, 보험설계사, 노점상)",500~599만원,아니오,          ,아파트/ 주상복합,서울,중구,소공동,"대형차 (제너시스, BMW5급 등)",삼성,SKT,담양호,https://m.blog.naver.com/ka8564/221652276574,담양호 용마루길따라 과녁바위산을 돌아오는 트레킹코스
D***6,운암사,201904**,M,5,"사무직 (일반사무직, 공무원, 직업군인)",400~499만원,예    ,자녀 있음 ,아파트/ 주상복합,경기,수원시 영통구,영통1동,,LG,SKT,운암사,https://m.blog.naver.com/lucky0520/221684590217,비라칸사스와 함께한 광양 운암사
D***2,남원,201904**,F,5,"주부 (전업주부, 파트타임 근무 주부)",300~399만원,예    ,자녀 있음 ,아파트/ 주상복합,경기,수원시 장안구,정자2동,,LG,알뜰폰(MVNO),남원,https://m.blog.naver.com/lesu0/221715390631,국내여행  남원숙소 너무 좋았던 에어비앤비 수곡당
D***2,홍길동테마파크,201904**,F,3,"사무직 (일반사무직, 공무원, 직업군인)",500~599만원,아니오,          ,아파트/ 주상복합,서울,성북구,석관동,,LG,KT,홍길동테마파크,https://m.blog.naver.com/hhs653409/221664061938,장성 홍길동 테마파크 반가운 지인들과의 카라반 캠핑
D***1,대관령 어흘리,201904**,F,3,,,      ,          ,,경남,김해시,삼계동,,,,대관령 어흘리,https://m.blog.naver.com/jauroune/221662945310,대관령 어흘리 100년 소나무 숲길  대관령 치유의 숲길
D***1,용호씨사이드,201904**,F,3,,,      ,          ,,경남,김해시,삼계동,,,,대관령 어흘리,http://www.kookje.co.kr/news2011/asp/newsbody.asp?code=0200&key=20171123.22001010675,부산 용호동 씨사이드 분쟁 부산시 관광지 취소 경고
D***3,안면도,201904**,M,2,"학생 (초중고학생, 대학생, 대학원생)",200~299만원,아니오,          ,단독주택,충남,천안시 동남구,구성동,"준중형차 (아반떼, K3, 크루즈, 제타급 등)",삼성,SKT,안면도,http://m.blog.daum.net/_blog/_m/articleView.do?blogid=0UCYA&articleno=5829,"충남 태안 가볼만한곳, 안면도 자연휴양림 무장애 나눔길"
D***6,남당,201904**,M,4,"사무직 (일반사무직, 공무원, 직업군인)",200~299만원,예    ,자녀 있음 ,아파트/ 주상복합,경기,오산시,수청동,"MPV (카니발, 올란도, 피카소급, 오딧세이 등)",기타,KT,남당,https://m.blog.naver.com/wodhks0389/221723046008,1130 남당피싱 워너비호 먼바다 우럭 낚시체험 인건가
D***7,안적사,201904**,M,4,,,      ,          ,,서울,강북구,번2동,,,,안적사,https://m.blog.naver.com/isinki/221675421360,기장 안적사에서 가을을 맞이했습니다
D***4,영암바둑테마파크,201904**,F,4,"주부 (전업주부, 파트타임 근무 주부)",500~599만원,예    ,자녀 있음 ,아파트/ 주상복합,경기,부천시 원미구,상1동,"중형차 (쏘나타, K5, 말리부, 골프급 등)",삼성,SKT,영암바둑테마파크,https://m.blog.naver.com/ashim1/221266017832,영암 가볼만한곳  월출산 기찬랜드 가야금산조 테마공원
D***9,선바위,201904**,M,3,"사무직 (일반사무직, 공무원, 직업군인)",400~499만원,예    ,자녀 없음 ,아파트/ 주상복합,대구,달성군,유가면,"준중형차 (아반떼, K3, 크루즈, 제타급 등)",애플,알뜰폰(MVNO),선바위,https://m.blog.naver.com/7750khj/221702772489,합천 작은가야산  수리봉소바우듬선바위
D***8,흥룡사,201904**,M,2,,,      ,          ,,서울,노원구,하계동,,,,흥룡사,https://m.blog.naver.com/ddungddy9073/221281506814,포천여행 백운산 자락에 있는 흑룡사
D***2,팔봉산,201904**,M,3,"서비스직 (요식업, 숙박업, 미용실종업원)",400~499만원,아니오,          ,연립주택/ 다세대/ 빌라,서울,금천구,시흥5동,"경차 (모닝, 스파크 등)",LG,LG U+,팔봉산,https://m.blog.naver.com/cm0917/221711580256,191117 홍천 팔봉산 블랙야크100대명산 산림청100대명산 한국의산하인기100산
D***9,해남사,201904**,M,2,"학생 (초중고학생, 대학생, 대학원생)",900~999만원,아니오,          ,연립주택/ 다세대/ 빌라,경기,안양시 동안구,호계2동,,삼성,SKT,해남사,https://m.blog.naver.com/lyhlsrn/221626646930,해남사 양대응 스님
D***3,칠갑산도립온천,201904**,M,2,,,      ,          ,,서울,강남구,대치동,,,,칠갑산도립온천,https://m.blog.naver.com/2000yhero/221524706364,칠갑산 도립공원 2
D***6,강원오색,201904**,M,4,"사무직 (일반사무직, 공무원, 직업군인)",400~499만원,예    ,자녀 있음 ,아파트/ 주상복합,경기,파주시,검산동,"중형차 (쏘나타, K5, 말리부, 골프급 등)",LG,LG U+,양양국제공항,https://m.blog.naver.com/nhk9933/221627655775,강원 설악산 오색약수근처 오색휴펜션 오색약수 계곡 초대받아 힐링하고 왔어요
D***6,양양국제공항,201904**,M,4,"사무직 (일반사무직, 공무원, 직업군인)",400~499만원,예    ,자녀 있음 ,아파트/ 주상복합,경기,파주시,검산동,"중형차 (쏘나타, K5, 말리부, 골프급 등)",LG,LG U+,양양국제공항,https://blog.naver.com/4_28b/221660419232,양양국제공항 타고 제주도 가기 코리아익스프레스에어
D***4,장흥,201904**,F,2,"학생 (초중고학생, 대학생, 대학원생)",700~799만원,아니오,          ,단독주택,경기,고양시 덕양구,화정1동,,애플,LG U+,장흥,https://blog.naver.com/queen77577/221721828437,서울 근교 장흥 참숯가마 고구마 구워 먹고 놀기 좋아
D***2,연등사,201904**,F,5,"사무직 (일반사무직, 공무원, 직업군인)",800~899만원,예    ,자녀 있음 ,오피스텔,경기,남양주시,도농동,,LG,KT,강원송지호,https://m.blog.naver.com/buddhafind/221475602259,연등사경북 봉화군 석포면
D***2,강원송지호,201904**,F,5,"사무직 (일반사무직, 공무원, 직업군인)",800~899만원,예    ,자녀 있음 ,오피스텔,경기,남양주시,도농동,,LG,KT,강원송지호,https://m.blog.naver.com/jhany00/221660903730,송지호 오토캠핑에서 여름휴가를
D***2,진도 대명리조트,201904**,F,3,"주부 (전업주부, 파트타임 근무 주부)",500~599만원,예    ,자녀 없음 ,아파트/ 주상복합,경기,하남시,덕풍동,"준중형차 (아반떼, K3, 크루즈, 제타급 등)",애플,LG U+,진도 대명리조트,https://bluebuskr.blog.me/221645530806,진도 여행 대명리조트 쏠비치 진도 후기
D***1,신화역사공원,201904**,M,3,"자영업 (도소매업, 숙박업, 미용업)",200~299만원,예    ,자녀 없음 ,아파트/ 주상복합,대전,중구,문화동,기타 (승합차/트럭/화물차/기타 차량 등),애플,KT,신화역사공원,https://present0955.blog.me/221723400417,제주 신화역사공원 홍차 카페 다만프레르
D***3,제천온천,201904**,M,2,"학생 (초중고학생, 대학생, 대학원생)",500~599만원,아니오,          ,단독주택,제주,서귀포시,서홍동,,애플,LG U+,제천온천,https://m.blog.naver.com/easeclub1/221720676545,충북 가볼만한곳 제천 리솜포레스트 온천여행과 자드락길
D***3,북고사,201904**,F,3,"사무직 (일반사무직, 공무원, 직업군인)","1,000만원 이상",아니오,          ,아파트/ 주상복합,서울,송파구,장지동,"중형차 (쏘나타, K5, 말리부, 골프급 등)",애플,KT,북고사,https://m.blog.naver.com/meer1/221709753267,늦가을 무주의 북고사 성지순례
D***5,율포해수욕장,201904**,M,3,"학생 (초중고학생, 대학생, 대학원생)",300~399만원,아니오,          ,단독주택,경남,창원시 의창구,동읍,,LG,LG U+,율포해수욕장,https://m.blog.naver.com/day31479/221486986413,전라도1박2일여행여수낭만포차 율포해수욕장 광한루원
D***8,궁평,201904**,M,4,,,      ,          ,,서울,용산구,동빙고동,,,,궁평,http://blog.daum.net/seohwi/277,궁평의 마을
D***5,영탑사,201904**,F,2,,,      ,          ,,경기,용인시 수지구,죽전동,,,,영탑사,https://m.blog.naver.com/elderpine/221667087073,절로절로 우리절 20 당진 영탑사
D***2,일락사,201904**,M,3,"교직 (교사, 유치원교사, 학원강사)",300~399만원,아니오,          ,아파트/ 주상복합,경남,창원시 성산구,반지동,"중형SUV (싼타페, 쏘렌토, 캡티바, BMW X3급 등)",삼성,SKT,일락사,https://m.blog.naver.com/dado8396/221541480589,일락사개심사서산농장용현계곡퉁퉁고개
D***7,척산온천,201904**,M,5,"자영업 (도소매업, 숙박업, 미용업)",500~599만원,예    ,자녀 있음 ,단독주택,경남,창원시 진해구,충의동,"MPV (카니발, 올란도, 피카소급, 오딧세이 등)",삼성,SKT,척산온천,https://m.blog.naver.com/rnara/221478732030,속초 숙소 척산온천휴양촌
D***4,만리포해수욕장,201904**,M,4,"전문직 (의사, 판검사, 예술가, 종교인)",300~399만원,예    ,자녀 없음 ,연립주택/ 다세대/ 빌라,서울,서대문구,홍은동,"중형차 (쏘나타, K5, 말리부, 골프급 등)",삼성,LG U+,만리포해수욕장,https://m.blog.naver.com/bb00dd/221721784934,당일치기 태안여행 해미읍성 만리포해수욕장 일몰 까지
D***8,영국사,201904**,M,2,,,      ,          ,,충남,천안시 서북구,쌍용2동,,,,영국사,https://m.blog.naver.com/youliyan/221628365158,충북 영동 가볼만한곳 천태산 영국사
D***8,우수영,201904**,F,2,"사무직 (일반사무직, 공무원, 직업군인)",100~199만원,아니오,          ,연립주택/ 다세대/ 빌라,제주,제주시,삼도2동,,삼성,SKT,우수영,https://m.blog.naver.com/hp0210/221703457436,전라도 가볼만한곳 진도타워  우수영국민관광지 명량대첩기념관
D***7,표충사,201904**,M,3,"생산/노무직 (생산감독, 경비원, 공장근로자)",300~399만원,아니오,          ,아파트/ 주상복합,경기,수원시 권선구,권선동,"중형차 (쏘나타, K5, 말리부, 골프급 등)",LG,SKT,표충사,https://m.blog.naver.com/jupan1999/221715055350,표충사 우리아이마음숲놀이터 하루 종일 놀겠다는 아이들
D***8,지리산온천,201904**,F,3,"주부 (전업주부, 파트타임 근무 주부)",500~599만원,예    ,자녀 있음 ,아파트/ 주상복합,울산,북구,송정동,,LG,LG U+,지리산온천,https://m.blog.naver.com/gksthf2702/221437321030,지리산 온천랜드 후기 지리산 가족여행가격
D***1,미륵사지,201904**,M,2,무직,100만원 미만,아니오,          ,아파트/ 주상복합,경기,남양주시,별내면,,삼성,KT,미륵사지,https://m.blog.naver.com/jhyang58/221711567421,미륵사지 교도소세트장 보석박물관  익산  전주 여행  1 
D***2,북고사,201904**,M,3,"사무직 (일반사무직, 공무원, 직업군인)",200~299만원,아니오,          ,오피스텔,서울,강남구,개포4동,"준중형차 (아반떼, K3, 크루즈, 제타급 등)",LG,LG U+,북고사,https://m.blog.naver.com/meer1/221709753267,늦가을 무주의 북고사 성지순례
D***4,계림사,201904**,M,4,"서비스직 (요식업, 숙박업, 미용실종업원)",500~599만원,아니오,          ,아파트/ 주상복합,경기,성남시 분당구,정자동,"대형차 (제너시스, BMW5급 등)",삼성,LG U+,계림사,https://m.blog.naver.com/pjk3108/221686032437,김천 동부리 마애지장보살좌상 계림사 석조나한좌상
D***4,평창 용평,201904**,M,2,,,      ,          ,,경기,수원시 영통구,이의동,,애플,SKT,평창 용평,https://blog.naver.com/see302/221593099739,평창가볼만한곳평창 용평리조트 타워콘도 와 용평 워터파크 피크아일랜드현대홈쇼핑
D***5,해운대,201904**,M,4,"사무직 (일반사무직, 공무원, 직업군인)",500~599만원,예    ,자녀 있음 ,아파트/ 주상복합,경기,수원시 영통구,영통1동,"중형차 (쏘나타, K5, 말리부, 골프급 등)",삼성,KT,해운대,https://moonjj82.blog.me/221712612297,해운대뷔페 가장 좋아하는 곳 그랜드애플
D***8,삼장사,201904**,M,4,,,      ,          ,,경기,안산시 상록구,월피동,,,,삼장사,https://m.cafe.naver.com/thebomsnap/398,20190516 성내동성당삼장사
D***2,예당,201904**,M,5,"사무직 (일반사무직, 공무원, 직업군인)",300~399만원,예    ,자녀 있음 ,아파트/ 주상복합,경기,용인시 기흥구,중동,"중형차 (쏘나타, K5, 말리부, 골프급 등)",애플,LG U+,예당,https://m.blog.naver.com/lovely_fat/221625644631,충남 예당저수지 예당호 출렁다리
D***7,예천삼강,201904**,F,5,"교직 (교사, 유치원교사, 학원강사)",400~499만원,예    ,자녀 있음 ,아파트/ 주상복합,부산,북구,만덕1동,"준중형차 (아반떼, K3, 크루즈, 제타급 등)",삼성,KT,예천삼강,https://m.post.naver.com/viewer/postView.nhn?volumeNo=25150266&memberNo=1275074&vType=VERTICAL,대구근교 가볼만하곳 더예천 삼강문화단지위기의 삼강주막 방탈출게임
D***5,내설악 용대,201904**,M,2,"학생 (초중고학생, 대학생, 대학원생)","1,000만원 이상",아니오,          ,아파트/ 주상복합,서울,서초구,방배3동,,애플,SKT,내설악 용대,https://m.blog.naver.com/hoilsanta/221548303837,Jule105 봉정암  강원 인제 용대 내설악11530 월 맑음
D***5,아우라지,201904**,M,5,"사무직 (일반사무직, 공무원, 직업군인)",200~299만원,예    ,자녀 있음 ,아파트/ 주상복합,충북,청주시 상당구,금천동,"중형차 (쏘나타, K5, 말리부, 골프급 등)",LG,SKT,아우라지,https://m.blog.naver.com/kooni/221672541768,정선 아리랑 시장  물 폭탄 맞은 아우라지
D***3,용담사,201904**,M,3,"사무직 (일반사무직, 공무원, 직업군인)",400~499만원,예    ,자녀 있음 ,아파트/ 주상복합,인천,부평구,삼산1동,"준대형차 (그랜저, K7, 알페온, 캠리급, 파사트급 등)",삼성,알뜰폰(MVNO),용담사,https://m.blog.naver.com/rem85/221616568134,안동물놀이할만한곳안동계곡길안계곡길안용담사 근처 계곡으로 물놀이다녀왔어요
D***9,오토테마파크,201904**,M,3,,,      ,          ,,인천,중구,중산동,,,,오토테마파크,https://m.blog.naver.com/python99/221517135324,야경이 멋있는 합천 휴테마파크 오토캠핑장
D***6,지장사,201904**,F,4,"사무직 (일반사무직, 공무원, 직업군인)",300~399만원,아니오,          ,연립주택/ 다세대/ 빌라,서울,광진구,자양3동,,애플,SKT,지장사,https://m.blog.naver.com/asforlove/221709499900,방탄소년단 정국 지장사 직원분이 알려준 꾹이 비하인드스토리
D***9,예래휴양형주거,201904**,M,5,"사무직 (일반사무직, 공무원, 직업군인)",200~299만원,예    ,자녀 있음 ,아파트/ 주상복합,서울,송파구,장지동,"중형SUV (싼타페, 쏘렌토, 캡티바, BMW X3급 등)",삼성,SKT,예래휴양형주거,https://blog.naver.com/bigfish3/221477767193,예래 휴양형 주거단지 현황과 제주도 땅 투자
D***6,마이산회봉온천,201904**,M,4,"관리직 (사장, 간부, 고위공무원)",400~499만원,예    ,자녀 있음 ,아파트/ 주상복합,전북,전주시 덕진구,송천동1가,"스포츠 (제네시스 쿠페, BMW M, 벤츠 AMG 등)",삼성,SKT,마이산회봉온천,https://m.blog.naver.com/PostView.nhn?blogId=hk8300&logNo=50140957063&proxyReferer=https%3A%2F%2Fm.search.naver.com%2Fsearch.naver%3Fquery%3D%25EB%25A7%2588%25EC%259D%25B4%25EC%2582%25B0%25ED%259A%258C%25EB%25B4%2589%25EC%2598%25A8%25EC%25B2%259C%26sm%3Dmtb_hty.top%26where%3Dm%26oquery%3D%25EB%258C%2580%25EA%25B5%25AC%25EB%25A9%25B4%25EB%258F%2584%25EC%259A%2594%25EC%25A7%2580%26tqi%3DUPO7psprvAdssE166zRssssst3G-144381,마이산회봉온천 새 희망 날개 활짝 폈다
D***6,예래휴양형주거,201904**,M,5,,,      ,          ,,경기,동두천시,보산동,,,,예래휴양형주거,https://blog.naver.com/bigfish3/221477767193,예래 휴양형 주거단지 현황과 제주도 땅 투자
D***0,구곡폭포,201904**,M,4,"전문직 (의사, 판검사, 예술가, 종교인)",400~499만원,아니오,          ,연립주택/ 다세대/ 빌라,서울,송파구,삼전동,"중형차 (쏘나타, K5, 말리부, 골프급 등)",삼성,SKT,복전암,https://blog.naver.com/jsl3335/221675894684,구곡 폭포 나들이
D***0,복전암,201904**,M,4,"전문직 (의사, 판검사, 예술가, 종교인)",400~499만원,아니오,          ,연립주택/ 다세대/ 빌라,서울,송파구,삼전동,"중형차 (쏘나타, K5, 말리부, 골프급 등)",삼성,SKT,복전암,https://m.blog.naver.com/015sign/221552478539,토요산행   보문산
D***5,마곡온천,201904**,F,4,"자영업 (도소매업, 숙박업, 미용업)",600~699만원,예    ,자녀 있음 ,연립주택/ 다세대/ 빌라,경기,용인시 기흥구,보정동,"소형차 (액센트, 프라이드, 아베오, 피아트급 등)",삼성,KT,마곡온천,https://m.blog.naver.com/coco_8600/221653876224,강화도 여행 마곡 맛집  동천  석모도미네랄온천
D***8,프로젝트 ECO,201904**,F,3,무직,100만원 미만,아니오,          ,아파트/ 주상복합,부산,사하구,괴정1동,,LG,KT,프로젝트 ECO,https://humanvillage.blog.me/221713044677,애월 봉성리 프로젝트ECO조성사업
D***9,안성 죽산,201904**,M,3,"사무직 (일반사무직, 공무원, 직업군인)",500~599만원,예    ,자녀 있음 ,아파트/ 주상복합,경기,오산시,갈곶동,"준중형SUV (투싼, 스포티지, QM5, 티구안급 등)",애플,LG U+,안성 죽산,https://blog.naver.com/pcn1970/221720348259,2019 안성 죽산 문화재 야행 이야기
D***5,백암온천,201904**,M,3,"교직 (교사, 유치원교사, 학원강사)",300~399만원,예    ,자녀 있음 ,아파트/ 주상복합,경기,화성시,병점동,"중형SUV (싼타페, 쏘렌토, 캡티바, BMW X3급 등)",애플,SKT,백암온천,https://m.blog.naver.com/hyechon49/221711918222,백암온천 백암LG생활연수원 숙소에서  백암산 백암폭포가는 길 백암폭포 백암온천
D***1,영주순흥,201904**,M,3,"생산/노무직 (생산감독, 경비원, 공장근로자)",300~399만원,예    ,자녀 없음 ,연립주택/ 다세대/ 빌라,경남,김해시,내동,"준중형차 (아반떼, K3, 크루즈, 제타급 등)",삼성,LG U+,영주순흥,https://m.blog.naver.com/63ksyun/221719604248,풍기 온천 후 영주 순흥 선비촌 다녀왔습니다
D***3,후곡약수터,201904**,M,5,"전문직 (의사, 판검사, 예술가, 종교인)",100만원 미만,예    ,자녀 있음 ,단독주택,전북,전주시 완산구,동서학동,"소형차 (액센트, 프라이드, 아베오, 피아트급 등)",삼성,SKT,후곡약수터,http://m.blog.daum.net/_blog/_m/articleView.do?blogid=09IWl&articleno=16152920,후곡 약수터
D***1,개암사,201904**,M,4,"자영업 (도소매업, 숙박업, 미용업)","1,000만원 이상",예    ,자녀 있음 ,아파트/ 주상복합,서울,용산구,이태원동,"준대형차 (그랜저, K7, 알페온, 캠리급, 파사트급 등)",삼성,LG U+,개암사,https://m.blog.naver.com/wona0317/221560541021,부안 개암사 그리고 개암제 나들이
D***5,예안현,201904**,M,3,,,      ,          ,,서울,노원구,상계6.7동,,,,예안현,https://m.blog.naver.com/misulmun49/221513555388,조식 유두류산록 이황
D***3,모악산,201904**,M,4,기타 ,200~299만원,예    ,자녀 있음 ,연립주택/ 다세대/ 빌라,서울,광진구,자양2동,기타 (승합차/트럭/화물차/기타 차량 등),삼성,SKT,모악산,https://m.blog.naver.com/pshadm/221683408706,100대명산  모악산  84130
D***,김녕해수욕장,201904**,F,5,,,      ,          ,,전북,전주시 완산구,삼천동1가,,,,김녕해수욕장,https://m.blog.naver.com/findjeju/221593221722,제주도 바다 색이 아름다운 김녕해수욕장 물놀이
D***,영주순흥,201904**,F,5,,,      ,          ,,경기,안산시 단원구,고잔2동,,,,영주순흥,https://m.blog.naver.com/63ksyun/221719604248,풍기 온천 후 영주 순흥 선비촌 다녀왔습니다
D***,직지사,201904**,F,3,,,      ,          ,,경기,부천시 소사구,괴안동,,,,직지사,https://m.blog.naver.com/promise065/221702745601,김천 직지사  템플스테이 1박2일
D***,개암사,201904**,M,3,,,      ,          ,,서울,강북구,수유2동,,,,개암사,https://m.blog.naver.com/wona0317/221560541021,부안 개암사 그리고 개암제 나들이
D***,운일암반일암,201904**,M,4,"기능직 (자동차정비, 운전기사, 안경사, 택시기사)",200~299만원,아니오,          ,단독주택,경기,성남시 수정구,신흥1동,,기타,SKT,운일암반일암,https://m.blog.naver.com/overroad89/221700138547,전북 가볼만한곳  진안 운일암 반일암 산책
D***,전통한방휴양,201904**,F,5,,,      ,          ,,서울,노원구,하계2동,,,,전통한방휴양,https://m.blog.naver.com/ndustns61/221224126114,전통한방휴양관광지 산청동의보감촌공진단만들기 체험
D***,애월국제문화복합단지,201904**,M,5,"관리직 (사장, 간부, 고위공무원)","1,000만원 이상",예    ,자녀 있음 ,아파트/ 주상복합,경기,고양시 일산동구,마두1동,"준대형차 (그랜저, K7, 알페온, 캠리급, 파사트급 등)",삼성,SKT,애월국제문화복합단지,https://blog.naver.com/bigfish3/221486552408,제주도 땅 투자애월 국제문화복합단지 진척상황
D***,대천해수욕장,201904**,F,4,,,      ,          ,,서울,영등포구,신길7동,,,,대천해수욕장,https://m.blog.naver.com/jblee27/221714733376,대천해수욕장 짚라인 타고 스카이라운지에서 커피한잔
D***,어답산,201904**,F,3,,,      ,          ,,부산,남구,대연3동,,,,어답산,https://m.blog.naver.com/iiijjjiiijjj/221600282946,20190728일 횡성 어답산횡성온천선바위장송어답산 장군봉병지방계곡
D***,영주순흥,201904**,F,2,,,      ,          ,,인천,연수구,연수동,,,,영주순흥,https://m.blog.naver.com/63ksyun/221719604248,풍기 온천 후 영주 순흥 선비촌 다녀왔습니다
D***,신화랑,201904**,F,2,,,      ,          ,,대전,서구,도마2동,,,,신화랑,https://m.blog.naver.com/wind_0227/221554355785,청도 가볼만한곳 신화랑풍류마을 생각보다 알차
D***,회산연꽃방죽,201904**,M,2,,,      ,          ,,부산,서구,토성동2가,,,,회산연꽃방죽,https://m.blog.naver.com/yunm2530/221565757481,일로읍 회산연꽃방죽이야기회산백련지연꽃나들이목포꽃집목포꽃배달 남악꽃배달 일로꽃배달무안꽃배달
D***,봉개휴양림,201904**,M,2,,,      ,          ,,부산,금정구,장전동,,,,봉개휴양림,https://m.blog.naver.com/slow_m00n/221700410084,제주교래자연휴양림 큰지그리오름 봉개음식물처리장 냄새 최악
D***,안동문화,201904**,M,3,"사무직 (일반사무직, 공무원, 직업군인)",800~899만원,예    ,자녀 있음 ,아파트/ 주상복합,경기,광명시,철산3동,"준중형차 (아반떼, K3, 크루즈, 제타급 등)",삼성,SKT,안동문화,https://blog.naver.com/jomkkange/221718101147,191125 1박 2일 안동 여행  세계문화유산 도산서원
D***,맹방,201904**,M,4,,,      ,          ,,서울,중랑구,상봉1동,,,,맹방,https://m.blog.naver.com/brad42/221596457277,강원도 삼척 맹방해수욕장 당일치기 여행
D***,충온온천,201904**,F,3,"사무직 (일반사무직, 공무원, 직업군인)",400~499만원,예    ,자녀 있음 ,아파트/ 주상복합,전남,화순군,화순읍,"준중형차 (아반떼, K3, 크루즈, 제타급 등)",삼성,SKT,충온온천,https://m.cafe.naver.com/mywetown/912,충주나우리마을
D***,곽지,201904**,M,4,"생산/노무직 (생산감독, 경비원, 공장근로자)",400~499만원,예    ,자녀 없음 ,단독주택,서울,서초구,우면동,"준중형차 (아반떼, K3, 크루즈, 제타급 등)",LG,LG U+,곽지,https://m.blog.naver.com/wnhjeju/221718304122,제주여행 곽지해변에서 한담공원 멋진뷰
D***,구문소,201904**,M,4,"생산/노무직 (생산감독, 경비원, 공장근로자)",400~499만원,예    ,자녀 없음 ,단독주택,서울,서초구,우면동,"준중형차 (아반떼, K3, 크루즈, 제타급 등)",LG,LG U+,곽지,http://m.blog.daum.net/_blog/_m/articleView.do?blogid=05TrK&articleno=15963487,억년의 세월이 빚은 비경 태백팔경 구문소
D***,영국사,201904**,F,4,,,      ,          ,,서울,은평구,역촌동,,,,영국사,https://m.blog.naver.com/youliyan/221628365158,충북 영동 가볼만한곳 천태산 영국사
D***,혜국사,201904**,M,5,무직,300~399만원,예    ,자녀 있음 ,아파트/ 주상복합,서울,양천구,신월4동,"중형SUV (싼타페, 쏘렌토, 캡티바, BMW X3급 등)",삼성,LG U+,혜국사,https://m.blog.naver.com/lbs2/221717145682,문경 주흘산 등산코스 제1관문여궁폭포혜국사주봉 원점회귀 산행
D***,맹방,201904**,F,2,"사무직 (일반사무직, 공무원, 직업군인)",500~599만원,아니오,          ,아파트/ 주상복합,인천,남구,용현5동,"준중형차 (아반떼, K3, 크루즈, 제타급 등)",애플,SKT,맹방,https://m.blog.naver.com/brad42/221596457277,강원도 삼척 맹방해수욕장 당일치기 여행
D***,등명,201904**,M,5,"사무직 (일반사무직, 공무원, 직업군인)",400~499만원,예    ,자녀 있음 ,아파트/ 주상복합,충북,청주시 흥덕구,분평동,"준중형차 (아반떼, K3, 크루즈, 제타급 등)",삼성,SKT,등명,https://m.blog.naver.com/fedfox77/221616393516,강릉 해수욕장 추천 작지만 편안한 등명해변등명해수욕장
D***,강화종합리조트,201904**,M,4,"생산/노무직 (생산감독, 경비원, 공장근로자)",400~499만원,예    ,자녀 있음 ,단독주택,서울,중랑구,면목동,,삼성,SKT,강화종합리조트,https://ghssghss.blog.me/221526256903,강화 길상면  강화씨사이드리조트강화도루지
D***,직탕,201904**,F,5,,,      ,          ,,서울,강서구,화곡동,,,,직탕,https://m.blog.naver.com/sonic72/221608063332,20190806 철원일대 폭포를 찾아떠난 여름휴가 재인폭포비둘기낭폭포직탕폭포산정호수
D***,곽지,201904**,F,3,,,      ,          ,,경기,성남시 수정구,신흥1동,,,,곽지,https://m.blog.naver.com/wnhjeju/221718304122,제주여행 곽지해변에서 한담공원 멋진뷰
D***,돈내코,201904**,M,5,,,      ,          ,,충북,청주시 흥덕구,복대동,,,,돈내코,https://m.blog.naver.com/sohyun1989/221684113927,제주 원앙폭포 신비함을 느끼고 싶다면 꼭 돈내코
D***,등명,201904**,M,3,"사무직 (일반사무직, 공무원, 직업군인)",200~299만원,아니오,          ,연립주택/ 다세대/ 빌라,서울,강북구,수유2동,,삼성,알뜰폰(MVNO),등명,https://m.blog.naver.com/fedfox77/221616393516,강릉 해수욕장 추천 작지만 편안한 등명해변등명해수욕장
D***,나주호,201904**,F,4,기타 ,400~499만원,아니오,          ,연립주택/ 다세대/ 빌라,경기,부천시 오정구,고강동,,삼성,SKT,나주호,https://m.blog.naver.com/somangheso/221602510603,하늘이 내린 선물 나주호 반영
D***,능암온천,201904**,F,5,,,      ,          ,,서울,강북구,수유동,,,,능암온천,https://m.blog.naver.com/kr_chungju/221572663341,충주 가볼만 한 곳  능암온천랜드
D***,미탄마하생태,201904**,M,5,,,      ,          ,,인천,남동구,간석4동,,,,미탄마하생태,https://m.blog.naver.com/leeewon47/221479158841,대한민국 대표 관광지 강원도 강원도 관광지 현황은
D***,안면도,201904**,M,5,,,      ,          ,,인천,남동구,간석4동,,,,미탄마하생태,http://m.blog.daum.net/_blog/_m/articleView.do?blogid=0UCYA&articleno=5829,"충남 태안 가볼만한곳, 안면도 자연휴양림 무장애 나눔길"
D***,백운계곡,201904**,M,4,,,      ,          ,,서울,관악구,신림동,,,,백운계곡,https://blog.naver.com/wnsghdudwls/221637010727,포천 백운계곡
D***6,고령부례,201904**,M,3,,,      ,          ,,경기,고양시 덕양구,내유동,,,,고령부례,https://m.blog.naver.com/gusdnr0409/221296355711,고령부례관광지 카라반  대구근교카라반
D***9,청평사,201904**,M,2,무직,"1,000만원 이상",아니오,          ,아파트/ 주상복합,광주,광산구,운남동,"중형SUV (싼타페, 쏘렌토, 캡티바, BMW X3급 등)",애플,KT,청평사,https://blog.naver.com/dlduddms3469/221681611478,춘천 단풍구경하며 산책겸 등산코스 청평사가는길
D***3,여수 화양,201904**,F,4,"주부 (전업주부, 파트타임 근무 주부)",200~299만원,예    ,자녀 있음 ,연립주택/ 다세대/ 빌라,서울,강서구,등촌2동,"중형차 (쏘나타, K5, 말리부, 골프급 등)",삼성,SKT,여수 화양,https://hjjnlove4.blog.me/221426880809,여수 맛집 화양식당 장어구이 장어탕
D***8,라비에벨,201904**,M,3,"사무직 (일반사무직, 공무원, 직업군인)",500~599만원,예    ,자녀 있음 ,아파트/ 주상복합,인천,계양구,귤현동,"MPV (카니발, 올란도, 피카소급, 오딧세이 등)",애플,SKT,라비에벨,https://blog.naver.com/yangjinss/221716472829,부천예식장 라비에벨웨딩 기억에 많이 남을 것 같아요
D***8,돌문화공원,201904**,M,2,,,      ,          ,,강원,속초시,조양동,,,,돌문화공원,https://m.blog.naver.com/pran0104/221715194651, 제주여행제주관광  제주 돌문화공원
D***0,오토테마파크,201904**,M,5,,,      ,          ,,경기,수원시 영통구,망포동,,,,오토테마파크,https://m.blog.naver.com/python99/221517135324,야경이 멋있는 합천 휴테마파크 오토캠핑장
D***3,주왕산,201904**,F,3,"서비스직 (요식업, 숙박업, 미용실종업원)","1,000만원 이상",아니오,          ,아파트/ 주상복합,서울,서초구,서초동,,기타,알뜰폰(MVNO),주왕산,https://m.blog.naver.com/iloveknp/221708366122,주왕산 국립공원 만추의 주왕산 탐방
D***3,강원호반,201904**,F,5,,,      ,          ,,경기,의정부시,신곡2동,,,,당항포,http://blog.daum.net/yacho2011/2888,좋은 터 길라잡이(풍수문의 풍수강의)
D***3,당항포,201904**,F,5,,,      ,          ,,경기,의정부시,신곡2동,,,,당항포,https://m.blog.naver.com/turpu/221690928126,경남 고성 가볼만한곳 공룡엑스포가 펼쳐지는 당항포 관광단지
D***6,초당,201904**,M,4,"사무직 (일반사무직, 공무원, 직업군인)",300~399만원,아니오,          ,연립주택/ 다세대/ 빌라,서울,관악구,은천동,,LG,LG U+,초당,https://m.blog.naver.com/alicelkm/221568987442,190616 강릉 초당할머니순두부 수요미식회
D***2,화진포,201904**,M,2,"학생 (초중고학생, 대학생, 대학원생)",500~599만원,아니오,          ,아파트/ 주상복합,서울,성북구,돈암2동,,LG,LG U+,화진포,https://m.blog.naver.com/94040882/221716020914,강원도 고성 여행  화진포 신서유기에도 나왔네요
D***6,오전약수,201904**,F,4,,,      ,          ,,경기,구리시,인창동,,,,오전약수,https://m.blog.naver.com/sanm308/221616161992,태백산에 싸여있는 봉화군 물야 오전약수
D***1,김녕해수욕장,201904**,F,2,"전문직 (의사, 판검사, 예술가, 종교인)",400~499만원,아니오,          ,아파트/ 주상복합,경기,안양시 동안구,평촌동,"경차 (모닝, 스파크 등)",삼성,KT,김녕해수욕장,https://m.blog.naver.com/findjeju/221593221722,제주도 바다 색이 아름다운 김녕해수욕장 물놀이
D***1,태종대,201904**,F,5,,,      ,          ,,경기,성남시 중원구,은행2동,,,,태종대,https://blog.naver.com/lovely_fat/221718153043,부산 해동용궁사와 태종대로 효도관광
D***1,왕궁보석테마,201904**,F,5,,,      ,          ,,경기,성남시 중원구,은행2동,,,,태종대,https://m.blog.naver.com/hiksanin/221692718933,익산왕궁보석테마관광지 상설공연  체험프로그램
D***2,성류굴,201904**,M,3,,,      ,          ,,서울,구로구,개봉2동,,,,성류굴,https://m.blog.naver.com/hsakjo/221566664329,울진 금강소나무 숲길 트레킹울진 성류굴
D***8,김녕해수욕장,201904**,M,2,"학생 (초중고학생, 대학생, 대학원생)",300~399만원,아니오,          ,연립주택/ 다세대/ 빌라,서울,은평구,녹번동,,LG,KT,김녕해수욕장,https://m.blog.naver.com/findjeju/221593221722,제주도 바다 색이 아름다운 김녕해수욕장 물놀이
D***1,문장대온천,201904**,M,3,,,      ,          ,,서울,관악구,행운동,,애플,SKT,문장대온천,http://m.blog.daum.net/_blog/_m/articleView.do?blogid=0F0kb&articleno=8780597,문장대온천개발 온천지구 지정 사실상 백지화 가능성 커
D***8,변산해수욕장,201904**,M,3,,,      ,          ,,서울,광진구,구의동,,,,변산해수욕장,https://m.blog.naver.com/soolok791/221651245712,변산 해수욕장 스타렉스 캠핑카 타고 여행  갯벌체험으로 조개를 캤어요
D***0,용호씨사이드,201904**,M,4,"판매직 (상점점원, 보험설계사, 노점상)",300~399만원,예    ,자녀 있음 ,아파트/ 주상복합,서울,강서구,마곡동,"준중형차 (아반떼, K3, 크루즈, 제타급 등)",애플,KT,용호씨사이드,http://www.kookje.co.kr/news2011/asp/newsbody.asp?code=0200&key=20171123.22001010675,부산 용호동 씨사이드 분쟁 부산시 관광지 취소 경고
D***6,휘닉스파크,201904**,M,5,"관리직 (사장, 간부, 고위공무원)","1,000만원 이상",예    ,자녀 있음 ,아파트/ 주상복합,경기,안산시 단원구,고잔동,"중형차 (쏘나타, K5, 말리부, 골프급 등)",삼성,SKT,휘닉스파크,https://blog.naver.com/vegemilstory/221663623759,가을 여행지 평창 가볼만한 곳 휘닉스 파크 1박 2일  양떼목장 체험까지
D***8,청도온천,201904**,F,4,"자영업 (도소매업, 숙박업, 미용업)",300~399만원,예    ,자녀 있음 ,아파트/ 주상복합,경기,의정부시,신곡2동,"중형차 (쏘나타, K5, 말리부, 골프급 등)",삼성,SKT,청도온천,https://m.cafe.naver.com/daegumam2003/187255,청도 온천갑니다용
D***9,영암바둑테마파크,201904**,M,4,"사무직 (일반사무직, 공무원, 직업군인)",600~699만원,예    ,자녀 있음 ,아파트/ 주상복합,경기,안양시 동안구,비산동,"준중형차 (아반떼, K3, 크루즈, 제타급 등)",삼성,SKT,영암바둑테마파크,https://m.blog.naver.com/ashim1/221266017832,영암 가볼만한곳  월출산 기찬랜드 가야금산조 테마공원
D***4,속리산레저,201904**,F,3,,,      ,          ,,서울,관악구,낙성대동,,,,속리산레저,https://m.blog.naver.com/asancriti/221541893523,보은속리산 솔향공원 도깨비공원의 사람들
D***9,수타사,201904**,F,3,,,      ,          ,,서울,은평구,구산동,,,,수타사,https://m.blog.naver.com/sul_hwa/221684137467,홍천 은행나무숲과 수타사 강원도 가볼만한곳
D***5,보덕사 ,201904**,M,5,,,      ,          ,,서울,노원구,하계동,,,,보덕사 ,http://m.blog.daum.net/_blog/_m/articleView.do?blogid=03bMR&articleno=15961077,보덕사 예산
D***6,고석정,201904**,M,2,,,      ,          ,,서울,은평구,수색동,,,,고석정,https://m.blog.naver.com/mmm7962/221711870969,철원 여행 고석정 정취를 취하다
D***4,위봉사,201904**,M,5,,,      ,          ,,경기,파주시,탄현면,,,,위봉사,https://m.blog.naver.com/hansongp/221703341215,한국의 산사 10898 완주 위봉사
D***6,삼척해수욕장,201904**,M,3,기타 ,300~399만원,아니오,          ,연립주택/ 다세대/ 빌라,경기,성남시 중원구,하대원동,,기타,알뜰폰(MVNO),삼척해수욕장,https://m.blog.naver.com/funny0820/221599410365,삼척여행 Part1삼척 하얀낭만펜션일미어담삼척해변
D***8,북고사,201904**,M,3,,,      ,          ,,서울,강남구,개포2동,,,,북고사,https://m.blog.naver.com/meer1/221709753267,늦가을 무주의 북고사 성지순례
D***4,백암온천,201904**,M,3,"사무직 (일반사무직, 공무원, 직업군인)",200~299만원,아니오,          ,아파트/ 주상복합,부산,금정구,구서1동,"중형차 (쏘나타, K5, 말리부, 골프급 등)",삼성,알뜰폰(MVNO),백암온천,https://m.blog.naver.com/hyechon49/221711918222,백암온천 백암LG생활연수원 숙소에서  백암산 백암폭포가는 길 백암폭포 백암온천
D***9,태종대,201904**,M,5,"전문직 (의사, 판검사, 예술가, 종교인)",100만원 미만,예    ,자녀 없음 ,연립주택/ 다세대/ 빌라,전북,무주군,무주읍,"경차 (모닝, 스파크 등)",삼성,SKT,태종대,https://blog.naver.com/lovely_fat/221718153043,부산 해동용궁사와 태종대로 효도관광
D***7,전통한방휴양,201904**,M,3,"사무직 (일반사무직, 공무원, 직업군인)",200~299만원,예    ,자녀 있음 ,아파트/ 주상복합,경기,시흥시,조남동,"준중형SUV (투싼, 스포티지, QM5, 티구안급 등)",애플,KT,전통한방휴양,https://m.blog.naver.com/ndustns61/221224126114,전통한방휴양관광지 산청동의보감촌공진단만들기 체험
D***0,한탄강,201904**,F,3,무직,100만원 미만,아니오,          ,연립주택/ 다세대/ 빌라,경남,진주시,가좌동,"경차 (모닝, 스파크 등)",LG,SKT,한탄강,http://nanazip.com/221721990837,철원 카페  송대소 주상절리 한탄강을 배경으로 커피한잔에 빠져보는 모닝캄빌리지 펜션  카페
D***6,모악산,201904**,M,5,"자영업 (도소매업, 숙박업, 미용업)",300~399만원,예    ,자녀 있음 ,아파트/ 주상복합,인천,남동구,논현동,"MPV (카니발, 올란도, 피카소급, 오딧세이 등)",삼성,LG U+,모악산,https://m.blog.naver.com/pshadm/221683408706,100대명산  모악산  84130
D***8,삼포 문암,201904**,F,4,,,      ,          ,,대구,북구,복현동,,,,삼포 문암,https://m.blog.naver.com/heysun62/221545300677,고성  삼포문암진해변 개발
D***0,함덕해안,201904**,M,3,,,      ,          ,,인천,남동구,간석3동,,삼성,SKT,함덕해안,https://m.blog.naver.com/33fanta/221648550419,제주 바다가 보이는 카페제주도 조천함덕해안도로 바람과바다
D***8,청학사,201904**,M,3,무직,400~499만원,아니오,          ,연립주택/ 다세대/ 빌라,경기,안산시 상록구,건건동,"준중형차 (아반떼, K3, 크루즈, 제타급 등)",LG,SKT,청학사,https://m.blog.naver.com/yeonsulife/221652152813,SNS 서포터즈 연수구 사찰 여행 호불사와 청학사 가을 산책
D***3,아우라지,201904**,M,5,무직,100만원 미만,아니오,          ,아파트/ 주상복합,서울,강서구,방화3동,,LG,LG U+,아우라지,https://m.blog.naver.com/kooni/221672541768,정선 아리랑 시장  물 폭탄 맞은 아우라지
D***6,한국차소리문화공원,201904**,M,5,"관리직 (사장, 간부, 고위공무원)",500~599만원,예    ,자녀 있음 ,아파트/ 주상복합,서울,영등포구,신길1동,"중형차 (쏘나타, K5, 말리부, 골프급 등)",삼성,SKT,한국차소리문화공원,https://m.blog.naver.com/peri26100/220924962670,보성여행 보성차밭빛축제  한국차소리문화공원
D***2,마금산온천,201904**,M,3,,,      ,          ,,경기,오산시,금암동,,,,마금산온천,https://m.blog.naver.com/peanut_s_/221707257988,창원북면 마금산온천호텔 창원 온천 호텔 추천 리앤호텔  풀빌라 318호 후기
D***2,마금산온천,201904**,M,3,,,      ,          ,,경기,오산시,금암동,,,,마금산온천,https://m.blog.naver.com/peanut_s_/221707257988,창원북면 마금산온천호텔 창원 온천 호텔 추천 리앤호텔  풀빌라 318호 후기
D***9,강원송지호,201904**,M,5,,,      ,          ,,경기,용인시 수지구,풍덕천2동,,,,강원송지호,https://m.blog.naver.com/jhany00/221660903730,송지호 오토캠핑에서 여름휴가를
D***8,거가대교,201904**,M,4,,,      ,          ,,경기,파주시,금촌1동,,,,거가대교,https://m.blog.naver.com/ohyea95/221553123462,가덕도 가볼 만한 곳 연대봉 세계 최대 수심 해저터널 거가대교
D***0,담양호,201904**,M,3,,,      ,          ,,인천,계양구,갈현동,,,,담양호,https://m.blog.naver.com/ka8564/221652276574,담양호 용마루길따라 과녁바위산을 돌아오는 트레킹코스
D***6,호미곶,201904**,M,2,,,      ,          ,,경기,파주시,광탄면,,,,호미곶,https://m.blog.naver.com/okkmskim/221674686567,포항펜션 두남자와 함께했던 코지스위트펜션 죽도시장호미곶
D***1,풍기온천,201904**,M,2,,,      ,          ,,부산,수영구,망미1동,,,,풍기온천,https://m.blog.naver.com/sanm308/221569299218,물좋고 공기좋은 소백산풍기온천리조트
D***1,예천삼강,201904**,M,2,,,      ,          ,,부산,수영구,망미1동,,,,풍기온천,https://m.post.naver.com/viewer/postView.nhn?volumeNo=25150266&memberNo=1275074&vType=VERTICAL,대구근교 가볼만하곳 더예천 삼강문화단지위기의 삼강주막 방탈출게임
D***5,문경온천,201904**,F,2,"학생 (초중고학생, 대학생, 대학원생)",300~399만원,아니오,          ,아파트/ 주상복합,서울,은평구,불광동,,삼성,LG U+,문경온천,https://m.blog.naver.com/j3187654/221564941542,불정자연휴양림 문경온천 여행 
D***5,장호,201904**,F,2,"학생 (초중고학생, 대학생, 대학원생)",300~399만원,아니오,          ,아파트/ 주상복합,서울,은평구,불광동,,삼성,LG U+,문경온천,https://m.blog.naver.com/qsaxzd/221623300383,장호비치캠핑장 삼척여행
D***8,농월정,201904**,F,4,"전문직 (의사, 판검사, 예술가, 종교인)",600~699만원,예    ,자녀 있음 ,단독주택,경기,안산시 단원구,초지동,,LG,알뜰폰(MVNO),농월정,https://m.blog.naver.com/roadmoog/221568172575,함양 남계서원 농월정 일두고택
D***4,진관사,201904**,M,3,,,      ,          ,,충남,아산시,음봉면,,,,진관사,https://m.blog.naver.com/ka8564/221628007626,북한산 등산코스진관사 삼천사 원점코스
D***7,청도용암온천,201904**,M,3,"생산/노무직 (생산감독, 경비원, 공장근로자)",600~699만원,아니오,          ,연립주택/ 다세대/ 빌라,경남,거제시,아주동,,삼성,알뜰폰(MVNO),청도용암온천,https://m.blog.naver.com/jangsoras2j/221716720216,청도용암온천 즐기고 빛축제까지
D***3,호미곶,201904**,F,2,"사무직 (일반사무직, 공무원, 직업군인)",200~299만원,아니오,          ,아파트/ 주상복합,경기,광주시,오포읍,"경차 (모닝, 스파크 등)",LG,KT,호미곶,https://m.blog.naver.com/okkmskim/221674686567,포항펜션 두남자와 함께했던 코지스위트펜션 죽도시장호미곶
D***4,화진포,201904**,F,2,,,      ,          ,,인천,서구,왕길동,,,,화진포,https://m.blog.naver.com/94040882/221716020914,강원도 고성 여행  화진포 신서유기에도 나왔네요
D***4,유현문화,201904**,M,3,"사무직 (일반사무직, 공무원, 직업군인)",200~299만원,아니오,          ,연립주택/ 다세대/ 빌라,인천,부평구,부평동,"중형차 (쏘나타, K5, 말리부, 골프급 등)",삼성,SKT,유현문화,https://m.blog.naver.com/airbag1/221682877565,횡성여행 횡성호수길 5구간 국순당 유현문화관광지 풍수원성당
D***0,미천굴,201904**,F,4,"주부 (전업주부, 파트타임 근무 주부)",200~299만원,예    ,자녀 있음 ,단독주택,광주,서구,상무1동,기타 (승합차/트럭/화물차/기타 차량 등),삼성,SKT,미천굴,https://m.blog.naver.com/xodiddldkqk/221706364651,제주 일출랜드 그리고 미천굴
D***5,초당,201904**,M,5,"교직 (교사, 유치원교사, 학원강사)",100만원 미만,아니오,          ,아파트/ 주상복합,서울,관악구,성현동,"경차 (모닝, 스파크 등)",삼성,KT,초당,https://m.blog.naver.com/alicelkm/221568987442,190616 강릉 초당할머니순두부 수요미식회
D***0,추암,201904**,M,2,"학생 (초중고학생, 대학생, 대학원생)",800~899만원,아니오,          ,아파트/ 주상복합,서울,구로구,구로1동,,삼성,KT,추암,http://m.blog.daum.net/_blog/_m/articleView.do?blogid=0bogl&articleno=936,해파랑길 트레킹 제32코스 한재밑 추암
D***3,내장산리조트,201904**,M,2,,,      ,          ,,경기,성남시 분당구,삼평동,,,,춘장대해수욕장,https://m.blog.naver.com/beet38/221710851873,정읍시 내장산리조트 최대규모 민자유치
D***3,춘장대해수욕장,201904**,M,2,,,      ,          ,,경기,성남시 분당구,삼평동,,,,춘장대해수욕장,https://m.blog.naver.com/ka8564/221667927409,춘장대 해수욕장과 홍원항 쭈꾸미낚시 풍경
D***1,척산온천,201904**,F,3,"사무직 (일반사무직, 공무원, 직업군인)",800~899만원,아니오,          ,단독주택,경기,광주시,경안동,,삼성,SKT,척산온천,https://m.blog.naver.com/rnara/221478732030,속초 숙소 척산온천휴양촌
D***7,서포리,201904**,M,2,"학생 (초중고학생, 대학생, 대학원생)",800~899만원,아니오,          ,아파트/ 주상복합,경기,오산시,고현동,,애플,KT,서포리,https://blog.naver.com/zeroheart73/221561164544,덕적도 서포리해변 백패킹511  512
D***3,거제 남부,201904**,M,5,"사무직 (일반사무직, 공무원, 직업군인)",300~399만원,예    ,자녀 있음 ,아파트/ 주상복합,서울,강동구,상일동,"준대형차 (그랜저, K7, 알페온, 캠리급, 파사트급 등)",삼성,LG U+,거제 남부,https://blog.naver.com/rowon98/221488555544,거제 남부 해변길 걷기함목다대다포천장산여차여차홍포전망대홍포대포근포근포마을명사저구항
D***9,사선대,201904**,M,2,"학생 (초중고학생, 대학생, 대학원생)",900~999만원,아니오,          ,연립주택/ 다세대/ 빌라,경기,안양시 동안구,호계2동,,삼성,SKT,사선대,https://m.blog.naver.com/jbgokr/221566547422,선녀들도 반한 국민 관광지 임실 사선대  임실 나들이 명소
D***5,마곡온천,201904**,F,5,"주부 (전업주부, 파트타임 근무 주부)",800~899만원,예    ,자녀 있음 ,아파트/ 주상복합,서울,서대문구,홍은1동,,LG,LG U+,마곡온천,https://m.blog.naver.com/coco_8600/221653876224,강화도 여행 마곡 맛집  동천  석모도미네랄온천
D***9,간월도,201904**,M,2,"학생 (초중고학생, 대학생, 대학원생)",300~399만원,아니오,          ,단독주택,부산,남구,대연6동,,삼성,KT,간월도,https://m.blog.naver.com/jjun0712/221712063671,서산 간월도 간월암 다녀왔어요
D***2,약수암,201904**,M,5,"사무직 (일반사무직, 공무원, 직업군인)",400~499만원,예    ,자녀 있음 ,아파트/ 주상복합,경기,평택시,청북면,"준중형차 (아반떼, K3, 크루즈, 제타급 등)",삼성,LG U+,약수암,https://m.blog.naver.com/jcjkks/221642522935,도당산시사재 대광사 약수암
D***0,척산온천,201904**,M,4,,,      ,          ,,,,,,,,척산온천,https://m.blog.naver.com/rnara/221478732030,속초 숙소 척산온천휴양촌
D***5,영탑사,201904**,F,5,"기능직 (자동차정비, 운전기사, 안경사, 택시기사)","1,000만원 이상",예    ,자녀 있음 ,오피스텔,부산,연제구,연산4동,,,휴대전화 사용안함,영탑사,https://m.blog.naver.com/elderpine/221667087073,절로절로 우리절 20 당진 영탑사
D***5,제주 중문,201904**,F,2,,,      ,          ,,경기,용인시 수지구,죽전동,,,,제주 중문,https://blog.naver.com/artless1004/221708894020,행복했던 밥상 제주 중문 맛집
D***6,횡성 드림마운틴,201904**,F,3,"주부 (전업주부, 파트타임 근무 주부)",300~399만원,예    ,자녀 없음 ,아파트/ 주상복합,경기,수원시 팔달구,화서1동,"준중형차 (아반떼, K3, 크루즈, 제타급 등)",애플,LG U+,횡성 드림마운틴,https://blog.naver.com/asj910520/221251985378,드림마운틴 횡성 드림마운틴은 무엇인가
D***7,덕산온천,201904**,F,3,"사무직 (일반사무직, 공무원, 직업군인)",400~499만원,예    ,자녀 있음 ,연립주택/ 다세대/ 빌라,광주,동구,지산동,"준대형차 (그랜저, K7, 알페온, 캠리급, 파사트급 등)",삼성,LG U+,덕산온천,https://m.blog.naver.com/oksusu90/221670136981,짧은 나들이 덕산온천여행 선물처럼 만난 코스모스
D***0,경천대,201904**,M,3,"사무직 (일반사무직, 공무원, 직업군인)",300~399만원,예    ,자녀 있음 ,아파트/ 주상복합,경기,김포시,마산동,"중형차 (쏘나타, K5, 말리부, 골프급 등)",삼성,알뜰폰(MVNO),경천대,https://m.blog.naver.com/jiyouls/221227527304,상주 경천대마음이 열리는 이곳 경천대 국민관광지
D***1,예당,201904**,F,4,"주부 (전업주부, 파트타임 근무 주부)",400~499만원,예    ,자녀 있음 ,아파트/ 주상복합,충남,천안시 서북구,백석동,"준중형차 (아반떼, K3, 크루즈, 제타급 등)",삼성,SKT,예당,https://m.blog.naver.com/yesanhongbo/221505634138,[예산 가볼만한곳] 마음은 출렁! 기분은 일렁! 예당호 출렁다리 : 네이버 블로그
D***8,춘장대해수욕장,201904**,M,2,,,      ,          ,,,,,,,,춘장대해수욕장,https://m.blog.naver.com/ka8564/221667927409,춘장대 해수욕장과 홍원항 쭈꾸미낚시 풍경
D***3,임진각,201904**,F,3,무직,100만원 미만,아니오,          ,아파트/ 주상복합,경기,구리시,교문2동,,애플,SKT,임진각,https://blog.naver.com/lalla282/221708724445,파주관광지추천 아이들과 갈만한곳 임진각 평화누리공원
D***3,협재해안,201904**,F,3,무직,100만원 미만,아니오,          ,아파트/ 주상복합,경기,구리시,교문2동,,애플,SKT,임진각,https://m.blog.naver.com/yhm529/221657268440,나혼자산다수요미식회 맛집 제주 협재해안 수우동
D***8,부곡온천,201904**,F,4,"주부 (전업주부, 파트타임 근무 주부)",600~699만원,예    ,자녀 있음 ,아파트/ 주상복합,서울,강동구,암사2동,,삼성,SKT,부곡온천,https://m.blog.naver.com/cngblog/221721865027,하반기 HOT 생생 부곡온천 라이브공연 12회차
D***8,땅끝,201904**,M,3,"생산/노무직 (생산감독, 경비원, 공장근로자)",200~299만원,아니오,          ,연립주택/ 다세대/ 빌라,경북,구미시,구평동,,삼성,알뜰폰(MVNO),땅끝,http://m.blog.daum.net/_blog/_m/articleView.do?blogid=0W7Ve&articleno=866,2018. 단풍따라 흐르는 가을여행 - 14. 토말. 땅끝마을
D***4,산정호수,201904**,M,5,"사무직 (일반사무직, 공무원, 직업군인)",100~199만원,예    ,자녀 있음 ,아파트/ 주상복합,충북,보은군,보은읍,"중형차 (쏘나타, K5, 말리부, 골프급 등)",삼성,SKT,산정호수,https://tcacyc.blog.me/221725616480,포천 산정호수 둘레길을 걸으며
D***1,공릉,201904**,M,2,"학생 (초중고학생, 대학생, 대학원생)",500~599만원,아니오,          ,아파트/ 주상복합,경기,양주시,덕정동,,삼성,LG U+,공릉,https://blog.naver.com/back2462/221721451198,파주 공릉캠핑장 11월 동계 캠핑의 첫 시작
D***5,쌍계사,201904**,M,4,"전문직 (의사, 판검사, 예술가, 종교인)",200~299만원,예    ,자녀 있음 ,아파트/ 주상복합,경기,시흥시,포동,"경차 (모닝, 스파크 등)",삼성,알뜰폰(MVNO),쌍계사,https://m.blog.naver.com/gnfeel/221717628454,경상남도 하동  하동 가볼만한곳 지리산자락으로 가을여행 떠나요 하동 쌍계사
D***6,오전약수,201904**,F,2,"학생 (초중고학생, 대학생, 대학원생)",500~599만원,아니오,          ,아파트/ 주상복합,경기,이천시,증포동,,애플,SKT,오전약수,https://m.blog.naver.com/sanm308/221616161992,태백산에 싸여있는 봉화군 물야 오전약수
D***9,마니산,201904**,F,2,무직,100만원 미만,아니오,          ,연립주택/ 다세대/ 빌라,전남,해남군,해남읍,,LG,LG U+,마니산,https://blog.naver.com/jipangdosa/221613683019,한국명산 031 강화도 마니산 등산기
D***1,부곡온천,201904**,M,4,"사무직 (일반사무직, 공무원, 직업군인)",400~499만원,예    ,자녀 있음 ,아파트/ 주상복합,울산,북구,중산동,"준중형차 (아반떼, K3, 크루즈, 제타급 등)",삼성,SKT,부곡온천,https://m.blog.naver.com/cngblog/221721865027,하반기 HOT 생생 부곡온천 라이브공연 12회차
D***4,당항포,201904**,M,5,"자영업 (도소매업, 숙박업, 미용업)",400~499만원,예    ,자녀 있음 ,아파트/ 주상복합,부산,사상구,주례3동,"중형차 (쏘나타, K5, 말리부, 골프급 등)",LG,SKT,당항포,https://m.blog.naver.com/turpu/221690928126,경남 고성 가볼만한곳 공룡엑스포가 펼쳐지는 당항포 관광단지
D***1,청룡사,201904**,M,3,"사무직 (일반사무직, 공무원, 직업군인)",300~399만원,예    ,자녀 없음 ,아파트/ 주상복합,서울,노원구,상계1동,"준중형차 (아반떼, K3, 크루즈, 제타급 등)",애플,SKT,청룡사,https://m.blog.naver.com/ykan7/221713770267,191119 안성 서운산 산행청룡사주차장청룡사정상 왕복코스 끝물 단풍 감상하기
D***8,장호,201904**,M,5,"전문직 (의사, 판검사, 예술가, 종교인)","1,000만원 이상",예    ,자녀 있음 ,아파트/ 주상복합,제주,제주시,한림읍,"중형SUV (싼타페, 쏘렌토, 캡티바, BMW X3급 등)",LG,LG U+,장호,https://m.blog.naver.com/qsaxzd/221623300383,장호비치캠핑장 삼척여행
D***9,당항포,201904**,M,4,"사무직 (일반사무직, 공무원, 직업군인)",600~699만원,예    ,자녀 있음 ,연립주택/ 다세대/ 빌라,서울,동대문구,이문1동,"대형SUV (베라크루즈, 모하비, 투아렉급 등)",삼성,SKT,당항포,https://m.blog.naver.com/turpu/221690928126,경남 고성 가볼만한곳 공룡엑스포가 펼쳐지는 당항포 관광단지
D***3,원주 플라워프루트월드,201904**,F,5,"사무직 (일반사무직, 공무원, 직업군인)",300~399만원,예    ,자녀 있음 ,연립주택/ 다세대/ 빌라,경북,예천군,예천읍,"준중형SUV (투싼, 스포티지, QM5, 티구안급 등)",삼성,알뜰폰(MVNO),원주 플라워프루트월드,https://blog.naver.com/lsgasd12/221643207852,원주 플라워프루트월드 관광단지 조성 사업 본격화
D***1,제천온천,201904**,M,5,"서비스직 (요식업, 숙박업, 미용실종업원)",400~499만원,예    ,자녀 있음 ,아파트/ 주상복합,제주,서귀포시,동홍동,"준중형SUV (투싼, 스포티지, QM5, 티구안급 등)",삼성,LG U+,제천온천,https://m.blog.naver.com/easeclub1/221720676545,충북 가볼만한곳 제천 리솜포레스트 온천여행과 자드락길
D***0,벽골제,201904**,M,4,"사무직 (일반사무직, 공무원, 직업군인)",400~499만원,예    ,자녀 있음 ,아파트/ 주상복합,서울,동대문구,장안1동,"중형차 (쏘나타, K5, 말리부, 골프급 등)",삼성,KT,벽골제,https://m.blog.naver.com/robyn27/221649036302,놀거리가 가득한 곳  김제 벽골제
D***2,신륵사,201904**,F,4,"주부 (전업주부, 파트타임 근무 주부)",300~399만원,예    ,자녀 있음 ,연립주택/ 다세대/ 빌라,경기,수원시 권선구,권선동,,삼성,SKT,신륵사,https://jbm993.blog.me/221521860991,여주 가볼만한곳 색색의 연등이 예쁜 신륵사
D***3,울산 강동,201904**,F,3,"전문직 (의사, 판검사, 예술가, 종교인)","1,000만원 이상",예    ,자녀 있음 ,아파트/ 주상복합,부산,동구,초량3동,"준중형차 (아반떼, K3, 크루즈, 제타급 등)",애플,KT,울산 강동,https://blog.naver.com/usbukgu/221725467902,울산 강동 화암 주상절리 예술작품 같은 일출
D***6,태조산,201904**,M,2,무직,500~599만원,아니오,          ,연립주택/ 다세대/ 빌라,인천,서구,원당동,,LG,LG U+,태조산,https://m.blog.naver.com/ohs1443/221659948848,천안 태조산421m  흑성산519m
D***4,무릉계곡,201904**,M,2,"판매직 (상점점원, 보험설계사, 노점상)",300~399만원,아니오,          ,단독주택,제주,제주시,일도2동,,LG,SKT,무릉계곡,http://m.blog.daum.net/_blog/_m/articleView.do?blogid=0W7Ve&articleno=858,단풍따라 흐르는 가을여행 - 6. 무릉계곡 여행
D***8,묘산봉,201904**,M,5,"자영업 (도소매업, 숙박업, 미용업)",500~599만원,예    ,자녀 있음 ,단독주택,대전,중구,중촌동,"중형차 (쏘나타, K5, 말리부, 골프급 등)",삼성,KT,묘산봉,https://m.blog.naver.com/kohj007/221598565809,제주시 구좌읍 김녕리 묘산봉 일대 농어촌도로 확장
D***0,극락암,201904**,M,3,"서비스직 (요식업, 숙박업, 미용실종업원)",100만원 미만,아니오,          ,연립주택/ 다세대/ 빌라,충북,음성군,대소면,,삼성,SKT,극락암,https://m.blog.naver.com/greatsm2001/221711399361,통도사 극락암의 가을
D***2,프로젝트 ECO,201904**,M,4,"사무직 (일반사무직, 공무원, 직업군인)",700~799만원,예    ,자녀 있음 ,아파트/ 주상복합,인천,연수구,연수2동,"준중형차 (아반떼, K3, 크루즈, 제타급 등)",삼성,KT,프로젝트 ECO,https://humanvillage.blog.me/221713044677,애월 봉성리 프로젝트ECO조성사업
D***6,봉서사,201904**,M,2,"서비스직 (요식업, 숙박업, 미용실종업원)",500~599만원,아니오,          ,단독주택,경기,안산시 상록구,본오2동,,애플,KT,봉서사,https://m.blog.naver.com/ffk1039/221633735995,완주 봉서사
D***7,안적사,201904**,F,5,"자영업 (도소매업, 숙박업, 미용업)",400~499만원,예    ,자녀 있음 ,연립주택/ 다세대/ 빌라,서울,도봉구,창3동,,삼성,SKT,안적사,https://m.blog.naver.com/isinki/221675421360,기장 안적사에서 가을을 맞이했습니다
D***9,해남사,201904**,F,3,"서비스직 (요식업, 숙박업, 미용실종업원)",500~599만원,아니오,          ,아파트/ 주상복합,서울,광진구,광장동,,애플,KT,해남사,https://m.blog.naver.com/lyhlsrn/221626646930,해남사 양대응 스님
D***6,여수 첼린지 파크,201904**,F,3,"사무직 (일반사무직, 공무원, 직업군인)",500~599만원,예    ,자녀 있음 ,단독주택,경남,창원시 의창구,팔용동,"준중형차 (아반떼, K3, 크루즈, 제타급 등)",LG,LG U+,여수 첼린지 파크,https://blog.naver.com/okine2086/221595075033,여수 유월드 루지 테마파크 핫플 인정 100만표
D***9,부석사,201904**,M,2,"학생 (초중고학생, 대학생, 대학원생)",200~299만원,아니오,          ,아파트/ 주상복합,인천,남동구,논현동,"준중형차 (아반떼, K3, 크루즈, 제타급 등)",애플,SKT,부석사,https://m.blog.naver.com/ekswldkvkxm2/221710948020,경북가볼만한곳 영주 부석사
D***2,신지명사십리,201904**,F,5,"사무직 (일반사무직, 공무원, 직업군인)",400~499만원,예    ,자녀 있음 ,연립주택/ 다세대/ 빌라,경기,부천시 오정구,고강동,"중형차 (쏘나타, K5, 말리부, 골프급 등)",LG,SKT,신지명사십리,https://m.blog.naver.com/kurum_be/221503580309,여로4  완도 신지명사십리해수욕장  20190325
D***4,대관령 어흘리,201904**,M,2,"학생 (초중고학생, 대학생, 대학원생)","1,000만원 이상",아니오,          ,아파트/ 주상복합,경기,부천시 소사구,심곡본1동,"준중형차 (아반떼, K3, 크루즈, 제타급 등)",삼성,KT,대관령 어흘리,https://m.blog.naver.com/jauroune/221662945310,대관령 어흘리 100년 소나무 숲길  대관령 치유의 숲길
D***6,신정호,201904**,F,4,"사무직 (일반사무직, 공무원, 직업군인)",300~399만원,아니오,          ,연립주택/ 다세대/ 빌라,서울,광진구,자양3동,,애플,SKT,신정호,https://m.blog.naver.com/jsn920/221550735561,아산여행신정호 호수공원 전망좋은카페산책 아산 가볼만한곳
D***1,장사해수욕장,201904**,F,3,"교직 (교사, 유치원교사, 학원강사)",200~299만원,예    ,자녀 없음 ,아파트/ 주상복합,충북,청원군,오창읍,,애플,SKT,장사해수욕장,https://m.blog.naver.com/baroseog/221707787194,영덕 장사해수욕장 장사상륙작전 전승기념관 구경
D***2,혜국사,201904**,M,5,"교직 (교사, 유치원교사, 학원강사)",100만원 미만,예    ,자녀 있음 ,기타 ,경기,김포시,북변동,,삼성,LG U+,혜국사,https://m.blog.naver.com/lbs2/221717145682,문경 주흘산 등산코스 제1관문여궁폭포혜국사주봉 원점회귀 산행
D***7,안동문화,201904**,M,2,"학생 (초중고학생, 대학생, 대학원생)",100만원 미만,아니오,          ,아파트/ 주상복합,경기,고양시 일산동구,중산동,,LG,KT,안동문화,https://blog.naver.com/jomkkange/221718101147,191125 1박 2일 안동 여행  세계문화유산 도산서원
D***4,한탄강,201904**,M,3,"사무직 (일반사무직, 공무원, 직업군인)",400~499만원,아니오,          ,아파트/ 주상복합,서울,강남구,대치동,"중형SUV (싼타페, 쏘렌토, 캡티바, BMW X3급 등)",삼성,KT,한탄강,http://nanazip.com/221721990837,철원 카페  송대소 주상절리 한탄강을 배경으로 커피한잔에 빠져보는 모닝캄빌리지 펜션  카페
D***0,레인보우힐링,201904**,M,4,"전문직 (의사, 판검사, 예술가, 종교인)",400~499만원,아니오,          ,연립주택/ 다세대/ 빌라,서울,송파구,삼전동,"중형차 (쏘나타, K5, 말리부, 골프급 등)",삼성,SKT,레인보우힐링,https://m.blog.naver.com/ydpodoblog/221581379841,민주지산 자연휴양림 레인보우 힐링 숲속 가요제
D***6,신지명사십리,201904**,M,2,,,      ,          ,,경남,창녕군,창녕읍,,,,신지명사십리,https://m.blog.naver.com/kurum_be/221503580309,여로4  완도 신지명사십리해수욕장  20190325
D***1,강원송지호,201904**,F,4,"농/축/광/수산업 (축산, 낙농업, 수산, 임업, 광업)",100만원 미만,아니오,          ,단독주택,경남,창녕군,계성면,"준중형차 (아반떼, K3, 크루즈, 제타급 등)",삼성,SKT,강원송지호,https://m.blog.naver.com/jhany00/221660903730,송지호 오토캠핑에서 여름휴가를
D***4,도곡온천,201904**,M,5,"생산/노무직 (생산감독, 경비원, 공장근로자)",300~399만원,예    ,자녀 있음 ,연립주택/ 다세대/ 빌라,서울,송파구,마천2동,"중형차 (쏘나타, K5, 말리부, 골프급 등)",삼성,KT,도곡온천,https://m.blog.naver.com/jh630614/221520167548,화순 중봉산도곡온천 기준으로 완벽한 원점회귀 산행코스
D***8,대승사,201904**,F,2,"전문직 (의사, 판검사, 예술가, 종교인)",300~399만원,아니오,          ,아파트/ 주상복합,경기,고양시 덕양구,행신3동,,애플,KT,대승사,https://m.blog.naver.com/5490ljy/221703776913,문경 사불산 대승사
D***7,서포리,201904**,M,3,"자영업 (도소매업, 숙박업, 미용업)",800~899만원,아니오,          ,아파트/ 주상복합,대전,유성구,신성동,"준중형SUV (투싼, 스포티지, QM5, 티구안급 등)",애플,SKT,서포리,https://blog.naver.com/zeroheart73/221561164544,덕적도 서포리해변 백패킹511  512
D***,장곡사,201904**,F,4,"사무직 (일반사무직, 공무원, 직업군인)",600~699만원,예    ,자녀 있음 ,연립주택/ 다세대/ 빌라,서울,송파구,문정동,,삼성,SKT,장곡사,https://m.search.naver.com/search.naver?query=%EC%9E%A5%EA%B3%A1%EC%82%AC+%EC%B2%A0%EC%A1%B0%EB%B9%84%EB%A1%9C%EC%9E%90%EB%82%98%EB%B6%88%EC%A2%8C%EC%83%81&sm=mtb_sug.top&where=m&oquery=%EC%9E%AB%EC%9C%BC%EB%A1%9C%EC%8B%9C%EC%9E%91%ED%95%98%EB%8A%94%EB%8B%A8%EC%96%B4&tqi=UKewYwp0JxossKqHjahssssssIs-468355&acq=%EC%9E%A5%EA%B3%A1%EC%82%AC%EC%B2%A0&acr=2&qdt=0,장곡사 철조비로자나불좌상 : 네이버 통합검색
D***,용문산,201904**,F,3,"판매직 (상점점원, 보험설계사, 노점상)",300~399만원,예    ,자녀 없음 ,아파트/ 주상복합,서울,동작구,신대방2동,,삼성,KT,용문산,https://m.blog.naver.com/flower4653/221514789670,"2019년 5월 전국축제, 고양국제꽃박람회, 이천도자기축제, 황매산철쭉제, 청남대봄꽃축제, 용문산나물축제, 하동야생차문화축제~ : 네이버 블로그"
D***,의성탑산온천,201904**,F,2,,,      ,          ,,서울,동대문구,제기동,,,,의성탑산온천,https://m.blog.naver.com/darkspwn1/221256068023,경북 의성 탑산약수온천 유황냄새 진한 지방온천
D***,백운계곡,201904**,F,5,,,      ,          ,,대구,달서구,용산2동,,,,백운계곡,https://blog.naver.com/wnsghdudwls/221637010727,포천 백운계곡
D***,충주호체험,201904**,F,2,,,      ,          ,,부산,남구,용호2동,,,,충주호체험,https://m.blog.naver.com/yoohr0507/221553190270,충주호 유람선 체험
D***,설악한화리조트,201904**,M,2,,,      ,          ,,대구,달서구,성당2동,,,,설악한화리조트,https://blog.naver.com/nayanahanmi/221582702954,강원도 속초여행 물놀이 먹거리 놀거리 가능한 설악 한화리조트
D***,칠갑산도립온천,201904**,M,3,,,      ,          ,,인천,부평구,부평동,,,,칠갑산도립온천,https://m.blog.naver.com/2000yhero/221524706364,칠갑산 도립공원 2
D***,오토테마파크,201904**,F,4,,,      ,          ,,서울,강남구,일원1동,,,,오토테마파크,https://m.blog.naver.com/python99/221517135324,야경이 멋있는 합천 휴테마파크 오토캠핑장
D***,불갑사,201904**,M,3,"기능직 (자동차정비, 운전기사, 안경사, 택시기사)",100~199만원,예    ,자녀 있음 ,아파트/ 주상복합,인천,연수구,청학동,"경차 (모닝, 스파크 등)",삼성,KT,불갑사,https://m.blog.naver.com/ka8564/221649053161,불갑사 상사화 개화초기 풍경불갑사상사화축제 날에는 만개할듯
D***,횡성 드림마운틴,201904**,M,5,,,      ,          ,,대전,서구,갈마1동,,,,횡성 드림마운틴,https://blog.naver.com/asj910520/221251985378,드림마운틴 횡성 드림마운틴은 무엇인가
D***,다덕약수,201904**,F,4,"교직 (교사, 유치원교사, 학원강사)",900~999만원,예    ,자녀 있음 ,아파트/ 주상복합,경기,안양시 동안구,평안동,"준대형차 (그랜저, K7, 알페온, 캠리급, 파사트급 등)",삼성,LG U+,다덕약수,https://m.blog.naver.com/soda8219/221603152068,봉화 약수식당  다덕약수 로 만든 토종닭백숙
D***,신륵사,201904**,M,3,,,      ,          ,,경기,수원시 팔달구,화서1동,,,,신륵사,https://jbm993.blog.me/221521860991,여주 가볼만한곳 색색의 연등이 예쁜 신륵사
D***,회산연꽃방죽,201904**,M,4,"판매직 (상점점원, 보험설계사, 노점상)",200~299만원,아니오,          ,아파트/ 주상복합,서울,구로구,개봉3동,"준중형차 (아반떼, K3, 크루즈, 제타급 등)",LG,SKT,회산연꽃방죽,https://m.blog.naver.com/yunm2530/221565757481,일로읍 회산연꽃방죽이야기회산백련지연꽃나들이목포꽃집목포꽃배달 남악꽃배달 일로꽃배달무안꽃배달
D***,마한문화,201904**,F,3,,,      ,          ,,서울,관악구,신림동,,,,삽교호,https://m.blog.naver.com/pson30/221724282236,영암 마한문화공원 191125
D***,삽교호,201904**,F,3,,,      ,          ,,서울,관악구,신림동,,,,삽교호,https://m.blog.naver.com/yongju320/221645978745,당진 삽교호 한 바퀴
D***,김제온천,201904**,M,5,,,      ,          ,,서울,도봉구,창4동,,,,김제온천,https://m.blog.naver.com/shbae3521/221589492924,김제연꽃아버지의 연사랑 흙바라기연근농장 페이지 김영훈 김계숙
D***,실상사,201904**,F,2,,,      ,          ,,인천,남구,학익2동,,,,실상사,https://m.blog.naver.com/bosom86/221711922236,리군의 사찰 에세이 02 남원 실상사
D***,의성탑산온천,201904**,M,5,,,      ,          ,,경기,안산시 단원구,신길동,,,,의성탑산온천,https://m.blog.naver.com/darkspwn1/221256068023,경북 의성 탑산약수온천 유황냄새 진한 지방온천
D***,안동문화,201904**,F,3,"사무직 (일반사무직, 공무원, 직업군인)",100~199만원,아니오,          ,연립주택/ 다세대/ 빌라,경기,부천시 오정구,고강동,,LG,KT,안동문화,https://blog.naver.com/jomkkange/221718101147,191125 1박 2일 안동 여행  세계문화유산 도산서원
D***,대광해수욕장,201904**,F,2,"학생 (초중고학생, 대학생, 대학원생)",100~199만원,아니오,          ,단독주택,경기,이천시,신둔면,,LG,알뜰폰(MVNO),대광해수욕장,https://m.blog.naver.com/happy-luna/221332519271,아이들과 국내섬여행 임자도  해수욕장 대광해수욕장
D***,곽지,201904**,M,2,,,      ,          ,,경기,화성시,봉담읍,,,,곽지,https://m.blog.naver.com/wnhjeju/221718304122,제주여행 곽지해변에서 한담공원 멋진뷰
D***,팜파스종합휴양,201904**,M,5,"사무직 (일반사무직, 공무원, 직업군인)",700~799만원,예    ,자녀 있음 ,아파트/ 주상복합,경기,파주시,광탄면,"준대형차 (그랜저, K7, 알페온, 캠리급, 파사트급 등)",삼성,알뜰폰(MVNO),팜파스종합휴양,https://blog.naver.com/hriver21/221092893072,팜파스종합휴양관광단지
D***,김녕해수욕장,201904**,F,2,,,      ,          ,,울산,울주군,범서읍,,,,김녕해수욕장,https://m.blog.naver.com/findjeju/221593221722,제주도 바다 색이 아름다운 김녕해수욕장 물놀이
D***,여수 경도,201904**,M,4,"주부 (전업주부, 파트타임 근무 주부)",700~799만원,예    ,자녀 있음 ,단독주택,강원,춘천시,퇴계동,,LG,LG U+,여수 경도,https://blog.naver.com/zephyr122059/221339654475,수요미식회 여수  경도 자연횟집  여수 10미 하모 샤브샤브
D***,약수암,201904**,M,5,,,      ,          ,,대구,달성군,논공읍,,,,약수암,https://m.blog.naver.com/jcjkks/221642522935,도당산시사재 대광사 약수암
D***,천안종합휴향,201904**,M,5,,,      ,          ,,서울,노원구,공릉2동,,,,천안종합휴향,https://m.cafe.naver.com/sejongpedal/3371,세종싸이클로드
D***,구병산,201904**,F,2,"주부 (전업주부, 파트타임 근무 주부)",200~299만원,예    ,자녀 있음 ,아파트/ 주상복합,경기,수원시 권선구,호매실동,"소형차 (액센트, 프라이드, 아베오, 피아트급 등)",삼성,LG U+,구병산,https://m.blog.naver.com/osgsb/221692903882,충북 보은 충북알프스의 시작점 아홉봉우리의 구병산
D***,석정온천,201904**,F,4,,,      ,          ,,경기,의정부시,신곡2동,,,,석정온천,https://m.blog.naver.com/vnqk10/221716226470,고창 힐링카운티 석정온천휴스파
D***,금월봉,201904**,F,2,"학생 (초중고학생, 대학생, 대학원생)",500~599만원,아니오,          ,연립주택/ 다세대/ 빌라,대전,유성구,원신흥동,,애플,LG U+,금월봉,https://m.blog.naver.com/tarantium82/221696743035,제천1박2일2일차동산분식 덩실분식 제천청풍호모노레일 비봉산전망대 청풍호반케이블카 금월봉석갈비
D***,위봉사,201904**,M,2,,,      ,          ,,대구,동구,지묘동,,,,위봉사,https://m.blog.naver.com/hansongp/221703341215,한국의 산사 10898 완주 위봉사
D***,고씨동굴,201904**,F,3,,,      ,          ,,서울,구로구,구로2동,,,,고씨동굴,https://m.blog.naver.com/sumjin1002/221621090655,태화산 끝자락 억년의 신비가 숨쉬고 있는 고씨동굴
D***,대구면도요지,201904**,F,4,,,      ,          ,,울산,동구,화정동,,,,대구면도요지,https://m.blog.naver.com/skku_skai/220852355231,강진 대구면 도요지 종합정비계획 학술연구용역
D***,나주호,201904**,M,2,,,      ,          ,,충남,보령시,내항동,,,,나주호,https://m.blog.naver.com/somangheso/221602510603,하늘이 내린 선물 나주호 반영
D***,정남진우산도,201904**,M,2,,,      ,          ,,경기,오산시,부산동,,,,정남진우산도,https://m.blog.naver.com/hankookceo/220778906265,정남진 장흥 물 축제 여행 정남진 전망대 위대한 영웅 안중근을 만나다
D***,율포해수욕장,201904**,M,5,,,      ,          ,,인천,남동구,간석4동,,,,율포해수욕장,https://m.blog.naver.com/day31479/221486986413,전라도1박2일여행여수낭만포차 율포해수욕장 광한루원
D***,김천온천,201904**,F,3,,,      ,          ,,인천,서구,당하동,,,,김천온천,https://blog.naver.com/ejuinn69/221452242406,찜질방 데이트 김천 구미 대구 근처 온천숯가마 찜질방  성주 스파랜드u
D***0,맹방,201904**,M,3,"사무직 (일반사무직, 공무원, 직업군인)","1,000만원 이상",아니오,          ,아파트/ 주상복합,인천,서구,가정2동,"중형차 (쏘나타, K5, 말리부, 골프급 등)",LG,LG U+,맹방,https://m.blog.naver.com/brad42/221596457277,강원도 삼척 맹방해수욕장 당일치기 여행
D***7,원주 루첸,201904**,M,5,,,      ,          ,,경기,수원시 장안구,율전동,,,,원주 루첸,https://blog.naver.com/shim7803/220897494183,20161226원주투데이플라워푸르트월드 관광단지 본궤도루첸관광단지 사업내용 변경해 내년말 지정
D***0,합천호,201904**,M,5,,,      ,          ,,경기,수원시 영통구,망포동,,,,합천호,http://m.blog.daum.net/_blog/_m/articleView.do?blogid=0Nnmh&articleno=2256,합천 악견산~의룡산 종주 - 합천호 조망과 천길단애를 경험할 수 있는 산 (대병3산/대병5악/십자바위/악견산성)
D***2,안동문화,201904**,F,2,"학생 (초중고학생, 대학생, 대학원생)",100만원 미만,아니오,          ,단독주택,강원,춘천시,옥천동,,애플,LG U+,안동문화,https://blog.naver.com/jomkkange/221718101147,191125 1박 2일 안동 여행  세계문화유산 도산서원
D***2,알펜시아,201904**,F,2,"학생 (초중고학생, 대학생, 대학원생)",100만원 미만,아니오,          ,단독주택,강원,춘천시,옥천동,,애플,LG U+,안동문화,https://blog.naver.com/asdffggg2/221648164694,강원도여행 평창 알펜시아 홀리데이인스위트 투베드룸과 오션700 워터파크
D***5,송정,201904**,M,5,,,      ,          ,,경기,안산시 단원구,고잔1동,,,,송정,https://m.blog.naver.com/lys9783/221711436037,부산 송정 맛집 알찬 전복영양밥 한그릇
D***7,오토테마파크,201904**,M,2,,,      ,          ,,광주,서구,풍암동,,,,오토테마파크,https://m.blog.naver.com/python99/221517135324,야경이 멋있는 합천 휴테마파크 오토캠핑장
D***0,벽골제,201904**,M,3,무직,100~199만원,아니오,          ,단독주택,경기,화성시,우정읍,"소형SUV/CUV (티볼리, QM3 등)",삼성,KT,벽골제,https://m.blog.naver.com/robyn27/221649036302,놀거리가 가득한 곳  김제 벽골제
D***2,고석정,201904**,F,3,,,      ,          ,,서울,도봉구,도봉동,,,,고석정,https://m.blog.naver.com/mmm7962/221711870969,철원 여행 고석정 정취를 취하다
D***2,방동약수터,201904**,M,2,"학생 (초중고학생, 대학생, 대학원생)",500~599만원,아니오,          ,아파트/ 주상복합,서울,성북구,돈암2동,,LG,LG U+,방동약수터,https://m.blog.naver.com/ttalkook/221601473970,방태산 방동약수터
D***7,추암,201904**,M,2,"학생 (초중고학생, 대학생, 대학원생)","1,000만원 이상",아니오,          ,아파트/ 주상복합,서울,영등포구,양평동3가,,애플,SKT,추암,http://m.blog.daum.net/_blog/_m/articleView.do?blogid=0bogl&articleno=936,해파랑길 트레킹 제32코스 한재밑 추암
D***8,삼포 문암,201904**,F,5,,,      ,          ,,부산,부산진구,전포동,,,,삼포 문암,https://m.blog.naver.com/heysun62/221545300677,고성  삼포문암진해변 개발
D***0,마우나오션,201904**,F,5,"주부 (전업주부, 파트타임 근무 주부)",100~199만원,예    ,자녀 없음 ,단독주택,경남,사천시,용현면,"MPV (카니발, 올란도, 피카소급, 오딧세이 등)",삼성,SKT,마우나오션,https://blog.naver.com/soda7908/221712751372,LPGA가 열렸던 마우나오션cc로 가을골프 다녀왔어요
D***2,회산연꽃방죽,201904**,F,5,"주부 (전업주부, 파트타임 근무 주부)",900~999만원,예    ,자녀 있음 ,아파트/ 주상복합,경기,구리시,인창동,"준대형차 (그랜저, K7, 알페온, 캠리급, 파사트급 등)",삼성,SKT,회산연꽃방죽,https://m.blog.naver.com/yunm2530/221565757481,일로읍 회산연꽃방죽이야기회산백련지연꽃나들이목포꽃집목포꽃배달 남악꽃배달 일로꽃배달무안꽃배달
D***7,합천보조댐,201904**,M,3,,,      ,          ,,경기,수원시 권선구,권선동,,,,합천보조댐,https://m.blog.naver.com/gnfeel/221693122206,경상남도 산책길  합천 가볼만한곳 산책하며 데이트하기 좋은 길 합천 보조댐 수변생태 탐방로
D***2,알펜시아,201904**,M,4,"사무직 (일반사무직, 공무원, 직업군인)",600~699만원,예    ,자녀 없음 ,아파트/ 주상복합,경기,안산시 단원구,고잔2동,"준중형SUV (투싼, 스포티지, QM5, 티구안급 등)",삼성,SKT,알펜시아,https://blog.naver.com/asdffggg2/221648164694,강원도여행 평창 알펜시아 홀리데이인스위트 투베드룸과 오션700 워터파크
D***4,합천보조댐,201904**,M,3,"서비스직 (요식업, 숙박업, 미용실종업원)",300~399만원,아니오,          ,연립주택/ 다세대/ 빌라,서울,은평구,신사2동,,LG,KT,합천보조댐,https://m.blog.naver.com/gnfeel/221693122206,경상남도 산책길  합천 가볼만한곳 산책하며 데이트하기 좋은 길 합천 보조댐 수변생태 탐방로
D***6,회상나루,201904**,M,5,,,      ,          ,,서울,용산구,청파동3가,,,,회상나루,https://m.blog.naver.com/easagol/221179750285,회상나루 객주촌
D***3,주문진,201904**,M,3,,,      ,          ,,전남,영암군,삼호읍,,,,주문진,https://blog.naver.com/crazy_yuri/221713254200,새로웠던 주문진 맛집
D***9,금월봉,201904**,M,3,,,      ,          ,,경기,하남시,덕풍1동,,,,금월봉,https://m.blog.naver.com/tarantium82/221696743035,제천1박2일2일차동산분식 덩실분식 제천청풍호모노레일 비봉산전망대 청풍호반케이블카 금월봉석갈비
D***2,왕궁보석테마,201904**,M,4,"사무직 (일반사무직, 공무원, 직업군인)",600~699만원,예    ,자녀 있음 ,아파트/ 주상복합,경북,예천군,예천읍,"준대형차 (그랜저, K7, 알페온, 캠리급, 파사트급 등)",삼성,SKT,왕궁보석테마,https://m.blog.naver.com/hiksanin/221692718933,익산왕궁보석테마관광지 상설공연  체험프로그램
D***8,영암바둑테마파크,201904**,M,4,"기능직 (자동차정비, 운전기사, 안경사, 택시기사)",300~399만원,예    ,자녀 있음 ,아파트/ 주상복합,전남,장성군,장성읍,"중형SUV (싼타페, 쏘렌토, 캡티바, BMW X3급 등)",삼성,SKT,영암바둑테마파크,https://m.blog.naver.com/ashim1/221266017832,영암 가볼만한곳  월출산 기찬랜드 가야금산조 테마공원
D***9,흥덕사,201904**,M,2,,,      ,          ,,충남,공주시,의당면,,,,흥덕사,https://m.blog.naver.com/ojs0126/221690775065,흥덕사 백운문화한마당 참석
D***1,웰리힐리파크,201904**,F,2,"전문직 (의사, 판검사, 예술가, 종교인)",400~499만원,아니오,          ,아파트/ 주상복합,경기,안양시 동안구,평촌동,"경차 (모닝, 스파크 등)",삼성,KT,웰리힐리파크,https://blog.naver.com/missjoon/221716441790,웰리힐리파크 리프트권 및 록키스키 알파인 스키강습
D***2,기장도예촌,201904**,M,5,,,      ,          ,,대구,북구,칠성동2가,,,,기장도예촌,https://blog.naver.com/pjhi0523/221704174358,카라반캠핑기장도예촌
D***2,구곡폭포,201904**,M,4,"생산/노무직 (생산감독, 경비원, 공장근로자)",300~399만원,예    ,자녀 있음 ,단독주택,인천,남구,용현1동,"경차 (모닝, 스파크 등)",삼성,KT,구곡폭포,https://blog.naver.com/jsl3335/221675894684,구곡 폭포 나들이
D***2,고씨동굴,201904**,F,5,"생산/노무직 (생산감독, 경비원, 공장근로자)",500~599만원,예    ,자녀 있음 ,아파트/ 주상복합,경기,부천시 원미구,상1동,"중형차 (쏘나타, K5, 말리부, 골프급 등)",삼성,SKT,고씨동굴,https://m.blog.naver.com/sumjin1002/221621090655,태화산 끝자락 억년의 신비가 숨쉬고 있는 고씨동굴
D***8,해남사,201904**,M,3,,,      ,          ,,서울,광진구,구의동,,,,해남사,https://m.blog.naver.com/lyhlsrn/221626646930,해남사 양대응 스님
D***8,강원오색,201904**,M,4,"교직 (교사, 유치원교사, 학원강사)",500~599만원,예    ,자녀 없음 ,아파트/ 주상복합,경기,수원시 팔달구,화서동,"준중형차 (아반떼, K3, 크루즈, 제타급 등)",애플,SKT,강원오색,https://m.blog.naver.com/nhk9933/221627655775,강원 설악산 오색약수근처 오색휴펜션 오색약수 계곡 초대받아 힐링하고 왔어요
D***7,원주 루첸,201904**,M,3,,,      ,          ,,부산,수영구,광안2동,,,,원주 루첸,https://blog.naver.com/shim7803/220897494183,20161226원주투데이플라워푸르트월드 관광단지 본궤도루첸관광단지 사업내용 변경해 내년말 지정
D***0,나주호,201904**,F,2,,,      ,          ,,전남,목포시,하당동,,,,나주호,https://m.blog.naver.com/somangheso/221602510603,하늘이 내린 선물 나주호 반영
D***1,고흥우주해양,201904**,F,3,,,      ,          ,,경기,고양시 일산서구,대화동,,,,마곡사,https://blog.naver.com/yescom2000/221475087283,김 지사 고흥 우주항공 중심도시로 대도약
D***1,마곡사,201904**,F,3,,,      ,          ,,경기,고양시 일산서구,대화동,,,,마곡사,https://m.blog.naver.com/usgreen99/221692318243,공주 가볼만한곳 마곡사 가을 모습은
D***4,휘닉스파크,201904**,M,2,,,      ,          ,,인천,서구,검암동,,,,휘닉스파크,https://blog.naver.com/vegemilstory/221663623759,가을 여행지 평창 가볼만한 곳 휘닉스 파크 1박 2일  양떼목장 체험까지
D***0,팔봉산,201904**,M,4,"교직 (교사, 유치원교사, 학원강사)",400~499만원,아니오,          ,아파트/ 주상복합,서울,강남구,대치동,"준중형차 (아반떼, K3, 크루즈, 제타급 등)",삼성,SKT,팔봉산,https://m.blog.naver.com/cm0917/221711580256,191117 홍천 팔봉산 블랙야크100대명산 산림청100대명산 한국의산하인기100산
D***5,송불암,201904**,M,2,,,      ,          ,,서울,강북구,인수동,,,,송불암,https://m.blog.naver.com/nscity/221624748483,논산여행 황산벌의 중심에 자리한 논산 송불암 미륵불
D***3,고래불,201904**,M,5,"생산/노무직 (생산감독, 경비원, 공장근로자)",900~999만원,예    ,자녀 있음 ,아파트/ 주상복합,부산,사하구,구평동,"대형차 (제너시스, BMW5급 등)",삼성,SKT,고래불,http://m.blog.daum.net/_blog/_m/articleView.do?blogid=0bogl&articleno=923,해파랑길 트레킹 제23코스 고래불 후포항
D***0,문경온천,201904**,F,3,"교직 (교사, 유치원교사, 학원강사)","1,000만원 이상",예    ,자녀 없음 ,아파트/ 주상복합,서울,양천구,목1동,,애플,SKT,문경온천,https://m.blog.naver.com/j3187654/221564941542,불정자연휴양림 문경온천 여행 
D***9,속초해수욕장,201904**,M,4,"서비스직 (요식업, 숙박업, 미용실종업원)",500~599만원,아니오,          ,연립주택/ 다세대/ 빌라,서울,도봉구,방학2동,,삼성,SKT,속초해수욕장,https://m.blog.naver.com/plingo/221682706206,여행 아무렇게나 떠난 속초 1박 2일 청초수물회 청초호 왱왱해물촌 중앙시장 영금정 속초해수욕장
D***9,해남사,201904**,M,3,,,      ,          ,,서울,구로구,고척2동,,,,해남사,https://m.blog.naver.com/lyhlsrn/221626646930,해남사 양대응 스님
D***4,월명암,201904**,M,3,"생산/노무직 (생산감독, 경비원, 공장근로자)",200~299만원,아니오,          ,아파트/ 주상복합,서울,영등포구,신길7동,"준중형SUV (투싼, 스포티지, QM5, 티구안급 등)",삼성,알뜰폰(MVNO),월명암,https://m.blog.naver.com/rowon98/221698025729,깊어가는 내변산의 가을 풍경1남여치월명암직소폭포재백이고개
D***5,부석사,201904**,F,5,,,      ,          ,,전남,여수시,둔덕동,,,,부석사,https://m.blog.naver.com/ekswldkvkxm2/221710948020,경북가볼만한곳 영주 부석사
D***6,오전약수,201904**,M,4,,,      ,          ,,서울,송파구,잠실4동,,,,오전약수,https://m.blog.naver.com/sanm308/221616161992,태백산에 싸여있는 봉화군 물야 오전약수
D***4,제주남원,201904**,M,3,"사무직 (일반사무직, 공무원, 직업군인)",200~299만원,예    ,자녀 없음 ,단독주택,서울,중랑구,중화1동,"소형SUV/CUV (티볼리, QM3 등)",삼성,SKT,제주남원,https://m.blog.naver.com/since080515/221648773649,최고라고 말하고싶은 제주 남원 맛집
D***5,원주 오크밸리,201904**,M,2,,,      ,          ,,대구,동구,신서동,,,,원주 오크밸리,https://blog.naver.com/orionbt/221694093685,원주 오크밸리 카라반 여행  야간산책 소나타 오브 라이트
D***8,장성호,201904**,M,4,"전문직 (의사, 판검사, 예술가, 종교인)",400~499만원,아니오,          ,단독주택,인천,부평구,부개2동,,삼성,KT,장성호,https://m.blog.naver.com/wella5442/221704598476,장성 가볼만한곳 장성호 수변길 출렁다리
D***1,부석사,201904**,M,2,,,      ,          ,,서울,노원구,하계2동,,,,부석사,https://m.blog.naver.com/ekswldkvkxm2/221710948020,경북가볼만한곳 영주 부석사
D***9,고성 델피노 골프앤리조트,201904**,M,5,"생산/노무직 (생산감독, 경비원, 공장근로자)",300~399만원,아니오,          ,아파트/ 주상복합,부산,부산진구,전포1동,,삼성,알뜰폰(MVNO),고성 델피노 골프앤리조트,https://blog.naver.com/aramouse/221589693496,가족여행 숙소 추천 고성 속초 델피노골프앤리조트 카페로까 조식 리뷰
D***1,마니산,201904**,F,5,기타 ,100~199만원,아니오,          ,연립주택/ 다세대/ 빌라,경기,수원시 영통구,매탄동,,LG,KT,마니산,https://blog.naver.com/jipangdosa/221613683019,한국명산 031 강화도 마니산 등산기
D***0,대구화원,201904**,M,4,,,      ,          ,,전남,구례군,구례읍,,,,대구화원,https://blog.naver.com/meteorslove/221529086600,대구 화원 카페 커피문화 작은 창고형카페
D***1,고령부례,201904**,F,5,,,      ,          ,,서울,노원구,상계동,,,,고령부례,https://m.blog.naver.com/gusdnr0409/221296355711,고령부례관광지 카라반  대구근교카라반
D***6,문수사,201904**,M,4,,,      ,          ,,경기,의정부시,금오동,"중형SUV (싼타페, 쏘렌토, 캡티바, BMW X3급 등)",삼성,SKT,문수사,http://m.blog.daum.net/_blog/_m/articleView.do?blogid=0qXA2&articleno=504,고창 청량산 문수사
D***9,방화동,201904**,F,4,"주부 (전업주부, 파트타임 근무 주부)",500~599만원,예    ,자녀 있음 ,아파트/ 주상복합,대전,동구,천동,"준중형차 (아반떼, K3, 크루즈, 제타급 등)",삼성,SKT,방화동,https://m.kin.naver.com/mobile/qna/detail.nhn?d1id=12&dirId=12011808&docId=335879922&qb=67Cp7ZmU64+Z&enc=utf8&section=kin.ext&rank=2&search_sort=0&spq=0,서울시 방화동에 건물을 지으려고 하는
D***1,용문산,201904**,M,3,"전문직 (의사, 판검사, 예술가, 종교인)",300~399만원,예    ,자녀 없음 ,아파트/ 주상복합,서울,노원구,상계9동,"경차 (모닝, 스파크 등)",애플,KT,용문산,https://kaisr2.blog.me/221624459312,양평 용문산 관광단지와 용문사 은행나무
D***8,봉개휴양림,201904**,M,3,무직,200~299만원,아니오,          ,아파트/ 주상복합,충남,천안시 동남구,청당동,"대형차 (제너시스, BMW5급 등)",애플,LG U+,봉개휴양림,https://m.blog.naver.com/slow_m00n/221700410084,제주교래자연휴양림 큰지그리오름 봉개음식물처리장 냄새 최악
D***3,삼장사,201904**,M,4,"사무직 (일반사무직, 공무원, 직업군인)",600~699만원,예    ,자녀 있음 ,단독주택,서울,성북구,석관동,"준대형차 (그랜저, K7, 알페온, 캠리급, 파사트급 등)",LG,KT,삼장사,https://m.cafe.naver.com/thebomsnap/398,20190516 성내동성당삼장사
D***4,쌍계사,201904**,M,2,무직,"1,000만원 이상",아니오,          ,연립주택/ 다세대/ 빌라,경기,오산시,은계동,,삼성,LG U+,쌍계사,https://m.blog.naver.com/gnfeel/221717628454,경상남도 하동  하동 가볼만한곳 지리산자락으로 가을여행 떠나요 하동 쌍계사
D***6,수타사,201904**,M,4,"서비스직 (요식업, 숙박업, 미용실종업원)",100~199만원,아니오,          ,연립주택/ 다세대/ 빌라,서울,양천구,신월4동,"중형차 (쏘나타, K5, 말리부, 골프급 등)",삼성,알뜰폰(MVNO),수타사,https://m.blog.naver.com/sul_hwa/221684137467,홍천 은행나무숲과 수타사 강원도 가볼만한곳
D***6,경주 보문,201904**,M,4,"사무직 (일반사무직, 공무원, 직업군인)",200~299만원,예    ,자녀 있음 ,아파트/ 주상복합,경기,오산시,수청동,"MPV (카니발, 올란도, 피카소급, 오딧세이 등)",기타,KT,경주 보문,https://blog.naver.com/asas0957/221701086136,경주 단풍 보문단지 산책 with 무지개
D***7,영월온천,201904**,M,4,,,      ,          ,,서울,강북구,번2동,,,,영월온천,https://m.blog.naver.com/sonjungwook22/221664214543,201707387001 영월군 영월읍 심옥리 영월온천
D***2,대광해수욕장,201904**,F,2,"교직 (교사, 유치원교사, 학원강사)",100~199만원,아니오,          ,연립주택/ 다세대/ 빌라,서울,강북구,우이동,,애플,LG U+,대광해수욕장,https://m.blog.naver.com/happy-luna/221332519271,아이들과 국내섬여행 임자도  해수욕장 대광해수욕장
D***6,화엄사,201904**,F,2,"교직 (교사, 유치원교사, 학원강사)",300~399만원,아니오,          ,연립주택/ 다세대/ 빌라,경기,화성시,동탄면,,삼성,알뜰폰(MVNO),화엄사,https://m.search.naver.com/search.naver?sm=mtp_sug.top&where=m&query=%EA%B5%AC%EB%A1%80+%ED%99%94%EC%97%84%EC%82%AC&acq=%EA%B5%AC%EB%A1%80&acr=6&qdt=0,구례 화엄사 : 네이버 통합검색
D***6,화엄사,201904**,F,2,"교직 (교사, 유치원교사, 학원강사)",300~399만원,아니오,          ,연립주택/ 다세대/ 빌라,경기,화성시,동탄면,,삼성,알뜰폰(MVNO),화엄사,https://m.blog.naver.com/color1667/221011455785,구례 화엄사 5월에 풍경 : 네이버 블로그
D***6,화엄사,201904**,F,2,"교직 (교사, 유치원교사, 학원강사)",300~399만원,아니오,          ,연립주택/ 다세대/ 빌라,경기,화성시,동탄면,,삼성,알뜰폰(MVNO),화엄사,https://m.search.naver.com/search.naver?query=%EA%B5%AC%EB%A1%80+%ED%99%94%EC%97%84%EC%82%AC+5%EC%9B%94&sm=mtb_hty.top&where=m&oquery=%EA%B5%AC%EB%A1%80+%ED%99%94%EC%97%84%EC%82%AC&tqi=UKe1Udp0Jx8ss4qMM90ssssst%2BG-098028,구례 화엄사 5월 : 네이버 통합검색
D***5,소요산,201904**,F,5,"주부 (전업주부, 파트타임 근무 주부)",800~899만원,예    ,자녀 있음 ,아파트/ 주상복합,서울,서대문구,홍은1동,,LG,LG U+,소요산,https://blog.naver.com/pajiwn/221658923153,소요산 등산코스  소요산역자재암선녀탕의상대원점회귀 3시간
D***6,양양국제공항,201904**,M,3,"전문직 (의사, 판검사, 예술가, 종교인)",100~199만원,아니오,          ,아파트/ 주상복합,부산,강서구,구랑동,,삼성,KT,양양국제공항,https://blog.naver.com/4_28b/221660419232,양양국제공항 타고 제주도 가기 코리아익스프레스에어
D***2,성기동,201904**,F,5,"전문직 (의사, 판검사, 예술가, 종교인)",100~199만원,예    ,자녀 있음 ,연립주택/ 다세대/ 빌라,충남,천안시 동남구,구성동,,삼성,LG U+,성기동,https://m.blog.naver.com/cakemart/221202346421,영암 왕인박사 유적지   3 성기동 성천
D***5,레인보우힐링,201904**,F,5,"기능직 (자동차정비, 운전기사, 안경사, 택시기사)","1,000만원 이상",예    ,자녀 있음 ,오피스텔,부산,연제구,연산4동,,,휴대전화 사용안함,레인보우힐링,https://m.blog.naver.com/ydpodoblog/221581379841,민주지산 자연휴양림 레인보우 힐링 숲속 가요제
D***6,오전약수,201904**,M,3,기타 ,100~199만원,예    ,자녀 없음 ,단독주택,광주,광산구,임곡동,"중형차 (쏘나타, K5, 말리부, 골프급 등)",기타,KT,오전약수,https://m.blog.naver.com/sanm308/221616161992,태백산에 싸여있는 봉화군 물야 오전약수
D***4,제주여성테마파크,201904**,M,3,퇴직/연금생활자,100~199만원,아니오,          ,아파트/ 주상복합,서울,강남구,역삼동,,삼성,KT,제주여성테마파크,https://m.blog.naver.com/kkengzz/221705309627,제주아이들과가볼만한곳 서프라이즈테마파크
D***0,백제가요정읍사,201904**,M,2,"학생 (초중고학생, 대학생, 대학원생)",500~599만원,아니오,          ,아파트/ 주상복합,강원,원주시,단구동,,삼성,LG U+,백제가요정읍사,https://m.blog.naver.com/japansisa/221583141689,백제의 가요 정읍사 망한가로 새롭게 태어나다
D***6,경천대,201904**,M,4,"기능직 (자동차정비, 운전기사, 안경사, 택시기사)",300~399만원,예    ,자녀 없음 ,연립주택/ 다세대/ 빌라,부산,남구,용호동,"중형차 (쏘나타, K5, 말리부, 골프급 등)",애플,알뜰폰(MVNO),경천대,https://m.blog.naver.com/jiyouls/221227527304,상주 경천대마음이 열리는 이곳 경천대 국민관광지
D***4,내설악 용대,201904**,M,2,"학생 (초중고학생, 대학생, 대학원생)","1,000만원 이상",아니오,          ,아파트/ 주상복합,대전,서구,만년동,,애플,SKT,내설악 용대,https://m.blog.naver.com/hoilsanta/221548303837,Jule105 봉정암  강원 인제 용대 내설악11530 월 맑음
D***8,청평사,201904**,M,2,"학생 (초중고학생, 대학생, 대학원생)",100~199만원,아니오,          ,연립주택/ 다세대/ 빌라,서울,양천구,신정3동,,삼성,KT,청평사,https://blog.naver.com/dlduddms3469/221681611478,춘천 단풍구경하며 산책겸 등산코스 청평사가는길
D***8,신지명사십리,201904**,M,3,"생산/노무직 (생산감독, 경비원, 공장근로자)",200~299만원,아니오,          ,연립주택/ 다세대/ 빌라,경북,구미시,구평동,,삼성,알뜰폰(MVNO),신지명사십리,https://m.blog.naver.com/kurum_be/221503580309,여로4  완도 신지명사십리해수욕장  20190325
D***0,협재해안,201904**,M,3,"사무직 (일반사무직, 공무원, 직업군인)",700~799만원,아니오,          ,단독주택,경기,안산시 상록구,월피동,"중형SUV (싼타페, 쏘렌토, 캡티바, BMW X3급 등)",삼성,SKT,협재해안,https://m.blog.naver.com/yhm529/221657268440,나혼자산다수요미식회 맛집 제주 협재해안 수우동
D***6,만남의광장,201904**,F,2,"학생 (초중고학생, 대학생, 대학원생)",500~599만원,아니오,          ,아파트/ 주상복합,경기,이천시,증포동,,애플,SKT,만남의광장,https://m.post.naver.com/viewer/postView.nhn?volumeNo=25975952&memberNo=7250666&vType=VERTICAL,하남 드림 휴게소만남의광장에 수소충전소 오픈
D***0,삼척해수욕장,201904**,F,4,"사무직 (일반사무직, 공무원, 직업군인)",800~899만원,예    ,자녀 있음 ,아파트/ 주상복합,대구,수성구,황금1동,"경차 (모닝, 스파크 등)",LG,LG U+,삼척해수욕장,https://m.blog.naver.com/funny0820/221599410365,삼척여행 Part1삼척 하얀낭만펜션일미어담삼척해변
D***3,문경상리,201904**,F,4,"사무직 (일반사무직, 공무원, 직업군인)",600~699만원,예    ,자녀 있음 ,아파트/ 주상복합,서울,양천구,신정6동,,삼성,KT,문경상리,http://m.blog.daum.net/_blog/_m/articleView.do?blogid=03UvL&articleno=15857454,문경 상리 삼층석탑 경북 문경
D***7,비슬산,201904**,F,2,"학생 (초중고학생, 대학생, 대학원생)",800~899만원,아니오,          ,아파트/ 주상복합,인천,연수구,송도동,,삼성,LG U+,비슬산,http://blog.daum.net/tourcodi/8129744,대구 달성군 관광 비슬산 암괴류 대견사 참꽃군락지 반딧불이 전기차 달성 여행
D***1,홍천 비발디파크,201904**,M,2,"서비스직 (요식업, 숙박업, 미용실종업원)",100만원 미만,아니오,          ,단독주택,경기,하남시,덕풍1동,,,,홍천 비발디파크,https://blog.naver.com/loveeoni/221717350562,비발디파크 근처 펜션 홍천 힐링하우스 뜨끈한 온돌방 넘나 좋음
D***5,문장대온천,201904**,F,2,,,      ,          ,,서울,은평구,진관동,,,,문장대온천,http://m.blog.daum.net/_blog/_m/articleView.do?blogid=0F0kb&articleno=8780597,문장대온천개발 온천지구 지정 사실상 백지화 가능성 커
D***7,송계사,201904**,F,3,"서비스직 (요식업, 숙박업, 미용실종업원)",200~299만원,아니오,          ,연립주택/ 다세대/ 빌라,서울,광진구,군자동,,삼성,SKT,송계사,https://m.blog.naver.com/kimyt9999/221674102000,덕유산 지봉 산행기경남거창 송계사계곡에서 지봉에 올라 횡경재를 거쳐 백암봉까지 달려보자
D***6,평택호,201904**,M,5,"관리직 (사장, 간부, 고위공무원)",800~899만원,예    ,자녀 있음 ,아파트/ 주상복합,서울,강남구,자곡동,"준대형차 (그랜저, K7, 알페온, 캠리급, 파사트급 등)",삼성,KT,평택호,https://blog.naver.com/inkyungidd/221621262586,평택호텔  그랜드호텔 평택호 뷰를 볼 수 있는 호텔 추천
D***6,대관령 어흘리,201904**,F,3,"사무직 (일반사무직, 공무원, 직업군인)",500~599만원,예    ,자녀 있음 ,단독주택,경남,창원시 의창구,팔용동,"준중형차 (아반떼, K3, 크루즈, 제타급 등)",LG,LG U+,대관령 어흘리,https://m.blog.naver.com/jauroune/221662945310,대관령 어흘리 100년 소나무 숲길  대관령 치유의 숲길
D***7,경주 감포,201904**,M,2,"학생 (초중고학생, 대학생, 대학원생)",900~999만원,아니오,          ,아파트/ 주상복합,서울,서초구,서초1동,,삼성,SKT,경주 감포,https://blog.naver.com/daisykim1987/221485776355,감포팬션바닷가가 한눈에 보이는 경주 팬션
D***8,진관사,201904**,M,5,"교직 (교사, 유치원교사, 학원강사)",200~299만원,예    ,자녀 있음 ,아파트/ 주상복합,부산,동래구,명륜동,"MPV (카니발, 올란도, 피카소급, 오딧세이 등)",삼성,SKT,진관사,https://m.blog.naver.com/ka8564/221628007626,북한산 등산코스진관사 삼천사 원점코스
D***8,칠갑산도립온천,201904**,F,4,"주부 (전업주부, 파트타임 근무 주부)",500~599만원,예    ,자녀 있음 ,아파트/ 주상복합,경기,양주시,광사동,"준대형차 (그랜저, K7, 알페온, 캠리급, 파사트급 등)",삼성,LG U+,칠갑산도립온천,https://m.blog.naver.com/2000yhero/221524706364,칠갑산 도립공원 2
D***1,증평 에듀팜 특구,201904**,F,3,"사무직 (일반사무직, 공무원, 직업군인)",500~599만원,아니오,          ,아파트/ 주상복합,서울,마포구,망원2동,"준중형차 (아반떼, K3, 크루즈, 제타급 등)",삼성,SKT,증평 에듀팜 특구,https://blog.naver.com/wwwjpgokr/221592218844,SNS기자단 기고 해외 관광객도 즐길 충북의 명소 증평 에듀팜 관광특구
D***9,직탕,201904**,M,4,무직,100만원 미만,아니오,          ,아파트/ 주상복합,경기,부천시 소사구,옥길동,,삼성,KT,직탕,https://m.blog.naver.com/sonic72/221608063332,20190806 철원일대 폭포를 찾아떠난 여름휴가 재인폭포비둘기낭폭포직탕폭포산정호수
D***2,청학사,201904**,M,5,"교직 (교사, 유치원교사, 학원강사)",100만원 미만,예    ,자녀 있음 ,기타 ,경기,김포시,북변동,,삼성,LG U+,청학사,https://m.blog.naver.com/yeonsulife/221652152813,SNS 서포터즈 연수구 사찰 여행 호불사와 청학사 가을 산책
D***2,화순온천,201904**,M,4,"사무직 (일반사무직, 공무원, 직업군인)",400~499만원,예    ,자녀 있음 ,아파트/ 주상복합,서울,도봉구,창4동,"준중형차 (아반떼, K3, 크루즈, 제타급 등)",삼성,KT,화순온천,https://m.blog.naver.com/haengbok2/221608294392,아들과 둘이 한 광주 차박여행광주챔피언스필드 대인야시장 화순온천 광주호 전주
D***2,송계사,201904**,M,4,"사무직 (일반사무직, 공무원, 직업군인)",400~499만원,예    ,자녀 있음 ,아파트/ 주상복합,서울,도봉구,창4동,"준중형차 (아반떼, K3, 크루즈, 제타급 등)",삼성,KT,화순온천,https://m.blog.naver.com/kimyt9999/221674102000,덕유산 지봉 산행기경남거창 송계사계곡에서 지봉에 올라 횡경재를 거쳐 백암봉까지 달려보자
D***2,홍천온천,201904**,M,3,"사무직 (일반사무직, 공무원, 직업군인)",400~499만원,예    ,자녀 없음 ,아파트/ 주상복합,인천,부평구,산곡동,"중형SUV (싼타페, 쏘렌토, 캡티바, BMW X3급 등)",애플,SKT,홍천온천,https://m.blog.naver.com/hush113/221660267943,홍천 온천홍천에서 온천을 한다면오래된 시설이지만 물은 괜찮았던 원탕 온천목욕탕
D***3,경주 보문,201904**,M,3,"자영업 (도소매업, 숙박업, 미용업)","1,000만원 이상",예    ,자녀 있음 ,단독주택,서울,강남구,논현동,"준중형차 (아반떼, K3, 크루즈, 제타급 등)",삼성,KT,경주 보문,https://blog.naver.com/asas0957/221701086136,경주 단풍 보문단지 산책 with 무지개
D***5,화암,201904**,F,5,"주부 (전업주부, 파트타임 근무 주부)","1,000만원 이상",예    ,자녀 있음 ,아파트/ 주상복합,울산,남구,무거동,"경차 (모닝, 스파크 등)",삼성,KT,화암,https://m.blog.naver.com/aoisora2/221689337096,정선 아이와 가볼만한곳 화암동굴 나들이 
D***6,곡성도림사,201904**,M,3,"기능직 (자동차정비, 운전기사, 안경사, 택시기사)",300~399만원,아니오,          ,오피스텔,서울,강남구,역삼동,"준대형차 (그랜저, K7, 알페온, 캠리급, 파사트급 등)",애플,SKT,곡성도림사,https://m.blog.naver.com/aboutclaire/221562777372,곡성 여행 도림사 카페 씨엘로
D***9,오목내,201904**,M,2,"학생 (초중고학생, 대학생, 대학원생)",600~699만원,아니오,          ,연립주택/ 다세대/ 빌라,서울,관악구,인헌동,,삼성,SKT,오목내,https://m.blog.naver.com/skrkddlsgp/221721630990,진주 판문동 맛집 오목내 솔직후기
D***0,율포해수욕장,201904**,M,3,,,      ,          ,,서울,성동구,성수2가1동,,,,율포해수욕장,https://m.blog.naver.com/day31479/221486986413,전라도1박2일여행여수낭만포차 율포해수욕장 광한루원
D***5,회상나루,201904**,M,3,,,      ,          ,,서울,노원구,상계6.7동,,,,회상나루,https://m.blog.naver.com/easagol/221179750285,회상나루 객주촌
D***0,여수 경도,201904**,M,4,,,      ,          ,,경기,화성시,향남읍,,,,여수 경도,https://blog.naver.com/zephyr122059/221339654475,수요미식회 여수  경도 자연횟집  여수 10미 하모 샤브샤브
D***0,금강호,201904**,M,4,,,      ,          ,,경기,화성시,향남읍,,,,여수 경도,https://m.blog.naver.com/sumi0ju/221704482211,오천항 금강낚시 금강호 쭈꾸미 갑오징어 출조 조황 쭈갑 선상낚시 20191109
D***7,금강하구둑,201904**,M,3,"자영업 (도소매업, 숙박업, 미용업)",800~899만원,아니오,          ,아파트/ 주상복합,대전,유성구,신성동,"준중형SUV (투싼, 스포티지, QM5, 티구안급 등)",애플,SKT,마곡온천,https://m.blog.naver.com/11cap/221590974456,금강자전거길신탄진금강하구둑20190702
D***7,마곡온천,201904**,M,3,"자영업 (도소매업, 숙박업, 미용업)",800~899만원,아니오,          ,아파트/ 주상복합,대전,유성구,신성동,"준중형SUV (투싼, 스포티지, QM5, 티구안급 등)",애플,SKT,마곡온천,https://m.blog.naver.com/coco_8600/221653876224,강화도 여행 마곡 맛집  동천  석모도미네랄온천
D***,화방사,201905**,F,3,"서비스직 (요식업, 숙박업, 미용실종업원)",200~299만원,아니오,          ,연립주택/ 다세대/ 빌라,서울,관악구,청룡동,,LG,KT,화방사,http://m.cafe.daum.net/yeuwoobi/GbhI/17,"젯소, 모델링페이스트, 아크릴물감등 채색용품 파는 화방사이트 - 자주하는 질문 (FAQ) - 언니네 인형공방"
D***,백제가요정읍사,201905**,M,3,,,      ,          ,,서울,강서구,등촌동,,,,백제가요정읍사,https://m.blog.naver.com/japansisa/221583141689,백제의 가요 정읍사 망한가로 새롭게 태어나다
D***,묘산봉,201905**,M,4,,,      ,          ,,충남,아산시,좌부동,,,,묘산봉,https://m.blog.naver.com/kohj007/221598565809,제주시 구좌읍 김녕리 묘산봉 일대 농어촌도로 확장
D***,어답산,201905**,F,5,기타 ,200~299만원,아니오,          ,연립주택/ 다세대/ 빌라,경기,광주시,목현동,"경차 (모닝, 스파크 등)",LG,KT,어답산,https://m.blog.naver.com/iiijjjiiijjj/221600282946,20190728일 횡성 어답산횡성온천선바위장송어답산 장군봉병지방계곡
D***,계림사,201905**,M,2,,,      ,          ,,경기,오산시,오산동,,,,계림사,https://m.blog.naver.com/pjk3108/221686032437,김천 동부리 마애지장보살좌상 계림사 석조나한좌상
D***,장호,201905**,M,2,,,      ,          ,,전북,전주시 덕진구,우아동3가,,,,장호,https://m.blog.naver.com/qsaxzd/221623300383,장호비치캠핑장 삼척여행
D***,김천온천,201905**,F,4,,,      ,          ,,경기,고양시 덕양구,성사동,,,,김천온천,https://blog.naver.com/ejuinn69/221452242406,찜질방 데이트 김천 구미 대구 근처 온천숯가마 찜질방  성주 스파랜드u
D***,충온온천,201905**,M,2,,,      ,          ,,부산,금정구,장전동,,,,충온온천,https://m.cafe.naver.com/mywetown/912,충주나우리마을
D***,월명암,201905**,F,2,"학생 (초중고학생, 대학생, 대학원생)",200~299만원,아니오,          ,아파트/ 주상복합,경북,경주시,동천동,,LG,SKT,월명암,https://m.blog.naver.com/rowon98/221698025729,깊어가는 내변산의 가을 풍경1남여치월명암직소폭포재백이고개
D***,신정호,201905**,M,3,,,      ,          ,,경기,평택시,합정동,,,,신정호,https://m.blog.naver.com/jsn920/221550735561,아산여행신정호 호수공원 전망좋은카페산책 아산 가볼만한곳
D***,레인보우힐링,201905**,F,2,무직,100만원 미만,아니오,          ,연립주택/ 다세대/ 빌라,서울,용산구,청파동1가,,,SKT,레인보우힐링,https://m.blog.naver.com/ydpodoblog/221581379841,민주지산 자연휴양림 레인보우 힐링 숲속 가요제
D***,화진포,201905**,M,5,,,      ,          ,,서울,은평구,역촌동,,,,화진포,https://m.blog.naver.com/94040882/221716020914,강원도 고성 여행  화진포 신서유기에도 나왔네요
D***,금월봉,201905**,F,5,,,      ,          ,,경기,부천시 원미구,상3동,,,,금월봉,https://m.blog.naver.com/tarantium82/221696743035,제천1박2일2일차동산분식 덩실분식 제천청풍호모노레일 비봉산전망대 청풍호반케이블카 금월봉석갈비
D***,소요산,201905**,M,4,,,      ,          ,,경기,부천시 소사구,소사본동,,,,소요산,https://blog.naver.com/pajiwn/221658923153,소요산 등산코스  소요산역자재암선녀탕의상대원점회귀 3시간
D***,안적사,201905**,M,2,,,      ,          ,,서울,금천구,독산2동,,,,안적사,https://m.blog.naver.com/isinki/221675421360,기장 안적사에서 가을을 맞이했습니다
D***,청학사,201905**,F,3,"주부 (전업주부, 파트타임 근무 주부)",200~299만원,예    ,자녀 있음 ,아파트/ 주상복합,부산,사상구,엄궁동,,LG,SKT,청학사,https://m.blog.naver.com/yeonsulife/221652152813,SNS 서포터즈 연수구 사찰 여행 호불사와 청학사 가을 산책
D***,충주호체험,201905**,M,3,,,      ,          ,,인천,중구,신흥동3가,,,,충주호체험,https://m.blog.naver.com/yoohr0507/221553190270,충주호 유람선 체험
D***,영암바둑테마파크,201905**,M,3,,,      ,          ,,인천,부평구,부평2동,,,,영암바둑테마파크,https://m.blog.naver.com/ashim1/221266017832,영암 가볼만한곳  월출산 기찬랜드 가야금산조 테마공원
D***,마차탄광문화촌,201905**,F,3,,,      ,          ,,서울,서대문구,홍제2동,,,,마차탄광문화촌,https://m.blog.naver.com/sweetmeto/221715184365,영월여행  강원도 탄광문화촌 단양영월 2박3일 여행
D***,봉서사,201905**,F,3,,,      ,          ,,경남,양산시,덕계동,,,,봉서사,https://m.blog.naver.com/ffk1039/221633735995,완주 봉서사
D***,유현문화,201905**,F,2,,,      ,          ,,서울,중랑구,묵1동,,,,유현문화,https://m.blog.naver.com/airbag1/221682877565,횡성여행 횡성호수길 5구간 국순당 유현문화관광지 풍수원성당
D***,화순온천,201905**,M,2,,,      ,          ,,경기,안성시,공도읍,,,,화순온천,https://m.blog.naver.com/haengbok2/221608294392,아들과 둘이 한 광주 차박여행광주챔피언스필드 대인야시장 화순온천 광주호 전주
D***,김녕해수욕장,201905**,M,4,,,      ,          ,,광주,광산구,산정동,,,,김녕해수욕장,https://m.blog.naver.com/findjeju/221593221722,제주도 바다 색이 아름다운 김녕해수욕장 물놀이
D***,휘닉스파크,201905**,M,2,,,      ,          ,,서울,강남구,논현1동,,,,휘닉스파크,https://blog.naver.com/vegemilstory/221663623759,가을 여행지 평창 가볼만한 곳 휘닉스 파크 1박 2일  양떼목장 체험까지
D***,내설악 용대,201905**,M,4,,,      ,          ,,인천,연수구,송도동,,,,내설악 용대,https://m.blog.naver.com/hoilsanta/221548303837,Jule105 봉정암  강원 인제 용대 내설악11530 월 맑음
D***,척산온천,201905**,M,5,,,      ,          ,,인천,계양구,작전동,,,,척산온천,https://m.blog.naver.com/rnara/221478732030,속초 숙소 척산온천휴양촌
D***,성산포해양,201905**,F,4,"사무직 (일반사무직, 공무원, 직업군인)",400~499만원,예    ,자녀 있음 ,아파트/ 주상복합,부산,부산진구,가야1동,"중형SUV (싼타페, 쏘렌토, 캡티바, BMW X3급 등)",삼성,SKT,성산포해양,https://blog.naver.com/wj-story/221466807198,설 구정에 어머니와 함께 성산포 성당 광치기해변 제주해양동물박물관 겨울 유채꽃 2월 제주
D***,표충사,201905**,M,3,,,      ,          ,,경기,부천시 원미구,중동,,,,표충사,https://m.blog.naver.com/jupan1999/221715055350,표충사 우리아이마음숲놀이터 하루 종일 놀겠다는 아이들
D***,충온온천,201905**,M,3,,,      ,          ,,인천,남구,학익2동,,,,충온온천,https://m.cafe.naver.com/mywetown/912,충주나우리마을
D***,운암사,201905**,M,5,"사무직 (일반사무직, 공무원, 직업군인)",500~599만원,예    ,자녀 있음 ,아파트/ 주상복합,서울,서대문구,대현동,"MPV (카니발, 올란도, 피카소급, 오딧세이 등)",삼성,SKT,운암사,https://m.blog.naver.com/lucky0520/221684590217,비라칸사스와 함께한 광양 운암사
D***,미숭산,201905**,F,2,,,      ,          ,,서울,강서구,마곡동,,,,미숭산,https://m.blog.naver.com/gokory/221652921784,고령 여행 숲과 자연을 느끼며 힐링해요 미숭산자연휴양림
D***,속리산레저,201905**,F,3,,,      ,          ,,경기,광주시,삼동,,,,속리산레저,https://m.blog.naver.com/asancriti/221541893523,보은속리산 솔향공원 도깨비공원의 사람들
D***,봉개휴양림,201905**,F,3,,,      ,          ,,경기,용인시 기흥구,동백동,,,,봉개휴양림,https://m.blog.naver.com/slow_m00n/221700410084,제주교래자연휴양림 큰지그리오름 봉개음식물처리장 냄새 최악
D***,망상,201905**,F,2,"학생 (초중고학생, 대학생, 대학원생)",800~899만원,아니오,          ,연립주택/ 다세대/ 빌라,서울,서초구,서초1동,,삼성,LG U+,망상,https://m.blog.naver.com/kkoshooo/221596336418,강원 동해 망상오토캠핑장
D***,안면도,201905**,M,3,"관리직 (사장, 간부, 고위공무원)",500~599만원,예    ,자녀 있음 ,아파트/ 주상복합,경기,수원시 영통구,매탄동,"중형SUV (싼타페, 쏘렌토, 캡티바, BMW X3급 등)",삼성,SKT,안면도,http://m.blog.daum.net/_blog/_m/articleView.do?blogid=0UCYA&articleno=5829,"충남 태안 가볼만한곳, 안면도 자연휴양림 무장애 나눔길"
D***,모악산,201905**,F,3,,,      ,          ,,부산,서구,남부민동,,,,모악산,https://m.blog.naver.com/pshadm/221683408706,100대명산  모악산  84130
D***,영산호쌀문화테마공원,201905**,F,4,"주부 (전업주부, 파트타임 근무 주부)",500~599만원,예    ,자녀 있음 ,아파트/ 주상복합,서울,서초구,잠원동,"소형SUV/CUV (티볼리, QM3 등)",LG,SKT,영산호쌀문화테마공원,https://m.blog.naver.com/ejp8702/221108032274,이천 농업테마공원 쌀문화전시관에서 쌀에 대해 배워봐요
D***,금강호,201905**,F,4,"주부 (전업주부, 파트타임 근무 주부)",400~499만원,예    ,자녀 있음 ,아파트/ 주상복합,경기,평택시,장안동,"소형차 (액센트, 프라이드, 아베오, 피아트급 등)",LG,KT,금강호,https://m.blog.naver.com/sumi0ju/221704482211,오천항 금강낚시 금강호 쭈꾸미 갑오징어 출조 조황 쭈갑 선상낚시 20191109
D***,경산온천,201905**,F,2,,,      ,          ,,광주,서구,화정1동,,,,경산온천,https://m.blog.naver.com/nara4009/221619540380,경산온천상대온천좋아요
D***,제주여성테마파크,201905**,M,2,,,      ,          ,,서울,강남구,삼성동,,,,제주여성테마파크,https://m.blog.naver.com/kkengzz/221705309627,제주아이들과가볼만한곳 서프라이즈테마파크
D***,제주남원,201905**,F,2,,,      ,          ,,서울,송파구,잠실동,,,,제주남원,https://m.blog.naver.com/since080515/221648773649,최고라고 말하고싶은 제주 남원 맛집
D***,영암바둑테마파크,201905**,F,2,,,      ,          ,,서울,송파구,잠실동,,,,제주남원,https://m.blog.naver.com/ashim1/221266017832,영암 가볼만한곳  월출산 기찬랜드 가야금산조 테마공원
D***,청학사,201905**,M,4,,,      ,          ,,서울,강남구,삼성동,,,,청학사,https://m.blog.naver.com/yeonsulife/221652152813,SNS 서포터즈 연수구 사찰 여행 호불사와 청학사 가을 산책
D***,원주 더네이처,201905**,M,2,"학생 (초중고학생, 대학생, 대학원생)",200~299만원,아니오,          ,연립주택/ 다세대/ 빌라,전북,전주시 완산구,서신동,,삼성,알뜰폰(MVNO),원주 더네이처,http://www.kwnews.co.kr/nview.asp?s=501&aid=219042100027,원주문막읍 대규모 관광단지 4년만에 재추진
D***,서포리,201905**,M,3,"사무직 (일반사무직, 공무원, 직업군인)",300~399만원,아니오,          ,오피스텔,서울,노원구,하계2동,"중형차 (쏘나타, K5, 말리부, 골프급 등)",LG,KT,서포리,https://blog.naver.com/zeroheart73/221561164544,덕적도 서포리해변 백패킹511  512
D***,금강하구둑,201905**,M,4,"사무직 (일반사무직, 공무원, 직업군인)",400~499만원,예    ,자녀 있음 ,아파트/ 주상복합,경기,부천시 소사구,괴안동,"준중형차 (아반떼, K3, 크루즈, 제타급 등)",삼성,LG U+,금강하구둑,https://m.blog.naver.com/11cap/221590974456,금강자전거길신탄진금강하구둑20190702
D***,장성호,201905**,M,5,,,      ,          ,,인천,연수구,연수1동,,,,장성호,https://m.blog.naver.com/wella5442/221704598476,장성 가볼만한곳 장성호 수변길 출렁다리
D***9,송계사,201905**,F,2,"학생 (초중고학생, 대학생, 대학원생)",400~499만원,아니오,          ,아파트/ 주상복합,서울,강서구,화곡1동,,LG,SKT,송계사,https://m.blog.naver.com/kimyt9999/221674102000,덕유산 지봉 산행기경남거창 송계사계곡에서 지봉에 올라 횡경재를 거쳐 백암봉까지 달려보자
D***4,등명,201905**,M,3,,,      ,          ,,전북,군산시,나운1동,,,,등명,https://m.blog.naver.com/fedfox77/221616393516,강릉 해수욕장 추천 작지만 편안한 등명해변등명해수욕장
D***1,혜국사,201905**,F,2,"사무직 (일반사무직, 공무원, 직업군인)",400~499만원,아니오,          ,연립주택/ 다세대/ 빌라,서울,서대문구,북아현동,,삼성,SKT,혜국사,https://m.blog.naver.com/lbs2/221717145682,문경 주흘산 등산코스 제1관문여궁폭포혜국사주봉 원점회귀 산행
D***4,곽지,201905**,F,2,,,      ,          ,,경기,군포시,수리동,,,,곽지,https://m.blog.naver.com/wnhjeju/221718304122,제주여행 곽지해변에서 한담공원 멋진뷰
D***6,화암,201905**,F,3,"사무직 (일반사무직, 공무원, 직업군인)",400~499만원,아니오,          ,연립주택/ 다세대/ 빌라,경기,구리시,수택1동,,삼성,KT,화암,https://m.blog.naver.com/aoisora2/221689337096,정선 아이와 가볼만한곳 화암동굴 나들이 
D***7,충주호체험,201905**,F,2,,,      ,          ,,경기,부천시 소사구,소사본3동,,,,충주호체험,https://m.blog.naver.com/yoohr0507/221553190270,충주호 유람선 체험
D***1,안동하회,201905**,F,3,,,      ,          ,,대구,동구,신천동,,,,안동하회,https://m.blog.naver.com/1004rahee/221715786295,안동하회마을 무료공연 하회별신굿탈놀이 부용대
D***9,영월온천,201905**,F,2,,,      ,          ,,인천,계양구,작전1동,,,,영월온천,https://m.blog.naver.com/sonjungwook22/221664214543,201707387001 영월군 영월읍 심옥리 영월온천
D***5,애월국제문화복합단지,201905**,M,2,,,      ,          ,,서울,강동구,성내3동,,,,애월국제문화복합단지,https://blog.naver.com/bigfish3/221486552408,제주도 땅 투자애월 국제문화복합단지 진척상황
D***4,청룡사,201905**,F,4,,,      ,          ,,경남,창원시 마산회원구,회성동,,,,청룡사,https://m.blog.naver.com/ykan7/221713770267,191119 안성 서운산 산행청룡사주차장청룡사정상 왕복코스 끝물 단풍 감상하기
D***0,창원 구산해양,201905**,M,4,"사무직 (일반사무직, 공무원, 직업군인)",600~699만원,예    ,자녀 있음 ,오피스텔,서울,영등포구,문래동6가,"준중형차 (아반떼, K3, 크루즈, 제타급 등)",삼성,KT,창원 구산해양,https://blog.naver.com/a23852/221319178127,창원 마산 외곽 구산카페  통통 오션뷰카페
D***3,정남진우산도,201905**,F,3,"전문직 (의사, 판검사, 예술가, 종교인)",300~399만원,예    ,자녀 없음 ,아파트/ 주상복합,부산,금정구,남산동,"중형차 (쏘나타, K5, 말리부, 골프급 등)",LG,SKT,정남진우산도,https://m.blog.naver.com/hankookceo/220778906265,정남진 장흥 물 축제 여행 정남진 전망대 위대한 영웅 안중근을 만나다
D***7,장사해수욕장,201905**,F,3,,,      ,          ,,인천,남동구,만수6동,,,,장사해수욕장,https://m.blog.naver.com/baroseog/221707787194,영덕 장사해수욕장 장사상륙작전 전승기념관 구경
D***5,골드힐카운티리조트,201905**,M,5,기타 ,400~499만원,예    ,자녀 있음 ,단독주택,경기,하남시,신장동,"중형차 (쏘나타, K5, 말리부, 골프급 등)",삼성,SKT,골드힐카운티리조트,https://www.yna.co.kr/view/PYH20190609095000063?input=1196m,천안 골드힐카운티리조트 관광단지 기공식  연합뉴스
D***2,고석정,201905**,M,5,,,      ,          ,,대구,수성구,범어4동,,,,고석정,https://m.blog.naver.com/mmm7962/221711870969,철원 여행 고석정 정취를 취하다
D***2,비슬산,201905**,M,5,,,      ,          ,,대구,수성구,범어4동,,,,고석정,http://blog.daum.net/tourcodi/8129744,대구 달성군 관광 비슬산 암괴류 대견사 참꽃군락지 반딧불이 전기차 달성 여행
D***9,화암사,201905**,M,3,"사무직 (일반사무직, 공무원, 직업군인)",300~399만원,아니오,          ,연립주택/ 다세대/ 빌라,경기,부천시 원미구,역곡2동,,삼성,SKT,화암사,https://m.blog.naver.com/happykids70/221674944427,화암사 숲길 신선대에서 바라보는 울산바위
D***5,금월봉,201905**,M,5,"자영업 (도소매업, 숙박업, 미용업)",500~599만원,예    ,자녀 있음 ,아파트/ 주상복합,서울,송파구,송파1동,"준대형차 (그랜저, K7, 알페온, 캠리급, 파사트급 등)",삼성,KT,금월봉,https://m.blog.naver.com/tarantium82/221696743035,제천1박2일2일차동산분식 덩실분식 제천청풍호모노레일 비봉산전망대 청풍호반케이블카 금월봉석갈비
D***5,운주사,201905**,M,4,,,      ,          ,,경기,의정부시,호원2동,,,,운주사,https://m.blog.naver.com/sanbada2004/221635346744,화순 운주사
D***4,해신장보고,201905**,M,4,무직,100~199만원,예    ,자녀 있음 ,연립주택/ 다세대/ 빌라,서울,동작구,사당3동,,삼성,LG U+,해신장보고,https://m.blog.naver.com/hohosuly/221539086115,을왕리 조개구이  해신장보고  설레여
D***5,실상사,201905**,M,4,,,      ,          ,,대전,서구,변동,,,,실상사,https://m.blog.naver.com/bosom86/221711922236,리군의 사찰 에세이 02 남원 실상사
D***9,신화역사공원,201905**,F,4,"학생 (초중고학생, 대학생, 대학원생)",100만원 미만,아니오,          ,아파트/ 주상복합,서울,동작구,노량진동,"준중형차 (아반떼, K3, 크루즈, 제타급 등)",삼성,KT,신화역사공원,https://present0955.blog.me/221723400417,제주 신화역사공원 홍차 카페 다만프레르
D***0,원주 플라워프루트월드,201905**,M,3,"학생 (초중고학생, 대학생, 대학원생)",100~199만원,아니오,          ,아파트/ 주상복합,대구,수성구,지산1동,,삼성,SKT,원주 플라워프루트월드,https://blog.naver.com/lsgasd12/221643207852,원주 플라워프루트월드 관광단지 조성 사업 본격화
D***9,마금산온천,201905**,M,3,,,      ,          ,,부산,부산진구,연지동,,,,마금산온천,https://m.blog.naver.com/peanut_s_/221707257988,창원북면 마금산온천호텔 창원 온천 호텔 추천 리앤호텔  풀빌라 318호 후기
D***2,합천호,201905**,F,3,"교직 (교사, 유치원교사, 학원강사)",600~699만원,아니오,          ,단독주택,경남,창원시 진해구,석동,"준중형차 (아반떼, K3, 크루즈, 제타급 등)",삼성,SKT,합천호,http://m.blog.daum.net/_blog/_m/articleView.do?blogid=0Nnmh&articleno=2256,합천 악견산~의룡산 종주 - 합천호 조망과 천길단애를 경험할 수 있는 산 (대병3산/대병5악/십자바위/악견산성)
D***7,안성 죽산,201905**,F,2,"학생 (초중고학생, 대학생, 대학원생)",200~299만원,아니오,          ,아파트/ 주상복합,전남,여수시,여서동,,삼성,SKT,안성 죽산,https://blog.naver.com/pcn1970/221720348259,2019 안성 죽산 문화재 야행 이야기
D***7,운일암반일암,201905**,M,3,"사무직 (일반사무직, 공무원, 직업군인)",700~799만원,예    ,자녀 없음 ,연립주택/ 다세대/ 빌라,서울,양천구,신월7동,"중형차 (쏘나타, K5, 말리부, 골프급 등)",LG,KT,운일암반일암,https://m.blog.naver.com/overroad89/221700138547,전북 가볼만한곳  진안 운일암 반일암 산책
D***5,대광해수욕장,201905**,F,3,"사무직 (일반사무직, 공무원, 직업군인)",100~199만원,아니오,          ,오피스텔,서울,강북구,미아동,,삼성,LG U+,쌍계사,https://m.blog.naver.com/happy-luna/221332519271,아이들과 국내섬여행 임자도  해수욕장 대광해수욕장
D***5,쌍계사,201905**,F,3,"사무직 (일반사무직, 공무원, 직업군인)",100~199만원,아니오,          ,오피스텔,서울,강북구,미아동,,삼성,LG U+,쌍계사,https://m.blog.naver.com/gnfeel/221717628454,경상남도 하동  하동 가볼만한곳 지리산자락으로 가을여행 떠나요 하동 쌍계사
D***5,영암바둑테마파크,201905**,F,3,"사무직 (일반사무직, 공무원, 직업군인)",100~199만원,아니오,          ,오피스텔,서울,강북구,미아동,,삼성,LG U+,쌍계사,https://m.blog.naver.com/ashim1/221266017832,영암 가볼만한곳  월출산 기찬랜드 가야금산조 테마공원
D***4,여수 첼린지 파크,201905**,F,3,"사무직 (일반사무직, 공무원, 직업군인)",500~599만원,예    ,자녀 없음 ,아파트/ 주상복합,서울,도봉구,도봉2동,,삼성,SKT,여수 첼린지 파크,https://blog.naver.com/okine2086/221595075033,여수 유월드 루지 테마파크 핫플 인정 100만표
D***9,장사해수욕장,201905**,F,2,,,      ,          ,,,,,,,,장사해수욕장,https://m.blog.naver.com/baroseog/221707787194,영덕 장사해수욕장 장사상륙작전 전승기념관 구경
D***1,여수 첼린지 파크,201905**,F,4,,,      ,          ,,경기,부천시 소사구,심곡본동,,,,여수 첼린지 파크,https://blog.naver.com/okine2086/221595075033,여수 유월드 루지 테마파크 핫플 인정 100만표
D***0,산정호수,201905**,F,4,,,      ,          ,,인천,남동구,만수4동,,,,산정호수,https://tcacyc.blog.me/221725616480,포천 산정호수 둘레길을 걸으며
D***3,원주 오크밸리,201905**,F,4,"교직 (교사, 유치원교사, 학원강사)",800~899만원,예    ,자녀 있음 ,아파트/ 주상복합,서울,강동구,성내1동,"준중형차 (아반떼, K3, 크루즈, 제타급 등)",삼성,KT,원주 오크밸리,https://blog.naver.com/orionbt/221694093685,원주 오크밸리 카라반 여행  야간산책 소나타 오브 라이트
D***6,강원오색,201905**,F,5,"교직 (교사, 유치원교사, 학원강사)",100~199만원,아니오,          ,아파트/ 주상복합,광주,광산구,대산동,"스포츠 (제네시스 쿠페, BMW M, 벤츠 AMG 등)",삼성,LG U+,강원오색,https://m.blog.naver.com/nhk9933/221627655775,강원 설악산 오색약수근처 오색휴펜션 오색약수 계곡 초대받아 힐링하고 왔어요
D***1,속초해수욕장,201905**,F,2,"학생 (초중고학생, 대학생, 대학원생)",100~199만원,아니오,          ,아파트/ 주상복합,전북,김제시,만경읍,,기타,SKT,속초해수욕장,https://m.blog.naver.com/plingo/221682706206,여행 아무렇게나 떠난 속초 1박 2일 청초수물회 청초호 왱왱해물촌 중앙시장 영금정 속초해수욕장
D***2,고령부례,201905**,M,2,"학생 (초중고학생, 대학생, 대학원생)",100~199만원,아니오,          ,아파트/ 주상복합,부산,금정구,부곡3동,,삼성,SKT,고령부례,https://m.blog.naver.com/gusdnr0409/221296355711,고령부례관광지 카라반  대구근교카라반
D***5,마우나오션,201905**,F,5,,,      ,          ,,전남,여수시,둔덕동,,,,마우나오션,https://blog.naver.com/soda7908/221712751372,LPGA가 열렸던 마우나오션cc로 가을골프 다녀왔어요
D***6,청학사,201905**,F,3,"사무직 (일반사무직, 공무원, 직업군인)",600~699만원,아니오,          ,단독주택,서울,용산구,원효로1가,,애플,KT,청학사,https://m.blog.naver.com/yeonsulife/221652152813,SNS 서포터즈 연수구 사찰 여행 호불사와 청학사 가을 산책
D***7,광덕계곡,201905**,M,3,,,      ,          ,,서울,서대문구,합동,,,,광덕계곡,https://m.blog.naver.com/hardprince/221676277562,즐거운 와인딩 코스 여우고개  백운계곡  광덕계곡  도마치재 M으로 지지기
D***9,예래휴양형주거,201905**,M,2,"판매직 (상점점원, 보험설계사, 노점상)",100만원 미만,아니오,          ,아파트/ 주상복합,경기,시흥시,정왕4동,,LG,SKT,예래휴양형주거,https://blog.naver.com/bigfish3/221477767193,예래 휴양형 주거단지 현황과 제주도 땅 투자
D***1,평택호,201905**,M,4,,,      ,          ,,경기,성남시 수정구,심곡동,,,,평택호,https://blog.naver.com/inkyungidd/221621262586,평택호텔  그랜드호텔 평택호 뷰를 볼 수 있는 호텔 추천
D***5,해운대,201905**,F,5,기타 ,300~399만원,예    ,자녀 있음 ,연립주택/ 다세대/ 빌라,경기,수원시 장안구,천천동,,삼성,SKT,해운대,https://moonjj82.blog.me/221712612297,해운대뷔페 가장 좋아하는 곳 그랜드애플
D***1,추암,201905**,M,3,,,      ,          ,,광주,동구,광산동,,,,추암,http://m.blog.daum.net/_blog/_m/articleView.do?blogid=0bogl&articleno=936,해파랑길 트레킹 제32코스 한재밑 추암
D***4,여수 첼린지 파크,201905**,F,3,"주부 (전업주부, 파트타임 근무 주부)",300~399만원,예    ,자녀 없음 ,연립주택/ 다세대/ 빌라,울산,남구,야음동,,애플,SKT,여수 첼린지 파크,https://blog.naver.com/okine2086/221595075033,여수 유월드 루지 테마파크 핫플 인정 100만표
D***2,만리포해수욕장,201905**,M,4,"생산/노무직 (생산감독, 경비원, 공장근로자)",100~199만원,아니오,          ,연립주택/ 다세대/ 빌라,경북,포항시 남구,대도동,,기타,알뜰폰(MVNO),만리포해수욕장,https://m.blog.naver.com/bb00dd/221721784934,당일치기 태안여행 해미읍성 만리포해수욕장 일몰 까지
D***5,송불암,201905**,F,3,"주부 (전업주부, 파트타임 근무 주부)",200~299만원,예    ,자녀 있음 ,아파트/ 주상복합,경기,안산시 단원구,고잔동,,LG,SKT,송불암,https://m.blog.naver.com/nscity/221624748483,논산여행 황산벌의 중심에 자리한 논산 송불암 미륵불
D***8,영산호쌀문화테마공원,201905**,M,2,"학생 (초중고학생, 대학생, 대학원생)",300~399만원,아니오,          ,아파트/ 주상복합,경기,군포시,산본2동,,삼성,SKT,영산호쌀문화테마공원,https://m.blog.naver.com/ejp8702/221108032274,이천 농업테마공원 쌀문화전시관에서 쌀에 대해 배워봐요
D***2,고석정,201905**,M,4,"사무직 (일반사무직, 공무원, 직업군인)",500~599만원,예    ,자녀 있음 ,아파트/ 주상복합,경기,안양시 만안구,안양1동,"준중형차 (아반떼, K3, 크루즈, 제타급 등)",삼성,SKT,고석정,https://m.blog.naver.com/mmm7962/221711870969,철원 여행 고석정 정취를 취하다
D***0,우수영,201905**,M,4,,,      ,          ,,서울,광진구,능동,,,,우수영,https://m.blog.naver.com/hp0210/221703457436,전라도 가볼만한곳 진도타워  우수영국민관광지 명량대첩기념관
D***6,사선대,201905**,F,3,무직,500~599만원,아니오,          ,연립주택/ 다세대/ 빌라,대전,중구,태평1동,,애플,SKT,사선대,https://m.blog.naver.com/jbgokr/221566547422,선녀들도 반한 국민 관광지 임실 사선대  임실 나들이 명소
D***0,마이산회봉온천,201905**,M,3,기타 ,200~299만원,예    ,자녀 없음 ,단독주택,제주,제주시,도남동,기타 (승합차/트럭/화물차/기타 차량 등),삼성,SKT,마이산회봉온천,https://m.blog.naver.com/PostView.nhn?blogId=hk8300&logNo=50140957063&proxyReferer=https%3A%2F%2Fm.search.naver.com%2Fsearch.naver%3Fquery%3D%25EB%25A7%2588%25EC%259D%25B4%25EC%2582%25B0%25ED%259A%258C%25EB%25B4%2589%25EC%2598%25A8%25EC%25B2%259C%26sm%3Dmtb_hty.top%26where%3Dm%26oquery%3D%25EB%258C%2580%25EA%25B5%25AC%25EB%25A9%25B4%25EB%258F%2584%25EC%259A%2594%25EC%25A7%2580%26tqi%3DUPO7psprvAdssE166zRssssst3G-144381,마이산회봉온천 새 희망 날개 활짝 폈다
D***5,예당,201905**,F,4,"교직 (교사, 유치원교사, 학원강사)",200~299만원,아니오,          ,아파트/ 주상복합,경기,광주시,오포읍,"준중형차 (아반떼, K3, 크루즈, 제타급 등)",삼성,SKT,예당,https://m.blog.naver.com/lovely_fat/221625644631,충남 예당저수지 예당호 출렁다리
D***0,홍천 비발디파크,201905**,M,3,,,      ,          ,,전북,익산시,영등동,,,,홍천 비발디파크,https://blog.naver.com/loveeoni/221717350562,비발디파크 근처 펜션 홍천 힐링하우스 뜨끈한 온돌방 넘나 좋음
D***1,계림사,201905**,F,4,"사무직 (일반사무직, 공무원, 직업군인)",200~299만원,예    ,자녀 있음 ,아파트/ 주상복합,강원,원주시,명륜1동,,삼성,LG U+,계림사,https://m.blog.naver.com/pjk3108/221686032437,김천 동부리 마애지장보살좌상 계림사 석조나한좌상
D***0,마곡온천,201905**,F,3,"생산/노무직 (생산감독, 경비원, 공장근로자)",300~399만원,예    ,자녀 있음 ,연립주택/ 다세대/ 빌라,충북,진천군,진천읍,"MPV (카니발, 올란도, 피카소급, 오딧세이 등)",삼성,KT,마곡온천,https://m.blog.naver.com/coco_8600/221653876224,강화도 여행 마곡 맛집  동천  석모도미네랄온천
D***8,척산온천,201905**,F,3,"자영업 (도소매업, 숙박업, 미용업)",200~299만원,예    ,자녀 있음 ,단독주택,경기,화성시,팔탄면,기타 (승합차/트럭/화물차/기타 차량 등),삼성,알뜰폰(MVNO),척산온천,https://m.blog.naver.com/rnara/221478732030,속초 숙소 척산온천휴양촌
D***6,무창포해수욕장,201905**,M,4,"사무직 (일반사무직, 공무원, 직업군인)",300~399만원,아니오,          ,아파트/ 주상복합,부산,부산진구,부암3동,"중형차 (쏘나타, K5, 말리부, 골프급 등)",기타,알뜰폰(MVNO),무창포해수욕장,https://m.blog.naver.com/kaisr2/221674209424,보령 대천해수욕장과 무창포 해변
D***9,거가대교,201905**,M,3,"전문직 (의사, 판검사, 예술가, 종교인)",100~199만원,아니오,          ,아파트/ 주상복합,경기,고양시 일산동구,마두동,"준대형차 (그랜저, K7, 알페온, 캠리급, 파사트급 등)",삼성,SKT,거가대교,https://m.blog.naver.com/ohyea95/221553123462,가덕도 가볼 만한 곳 연대봉 세계 최대 수심 해저터널 거가대교
D***1,한국차소리문화공원,201905**,F,4,"주부 (전업주부, 파트타임 근무 주부)",300~399만원,예    ,자녀 있음 ,아파트/ 주상복합,경기,오산시,오산동,,삼성,SKT,한국차소리문화공원,https://m.blog.naver.com/peri26100/220924962670,보성여행 보성차밭빛축제  한국차소리문화공원
D***9,용호씨사이드,201905**,M,4,"주부 (전업주부, 파트타임 근무 주부)",300~399만원,예    ,자녀 있음 ,아파트/ 주상복합,경기,용인시 기흥구,동백동,,LG,KT,용호씨사이드,http://www.kookje.co.kr/news2011/asp/newsbody.asp?code=0200&key=20171123.22001010675,부산 용호동 씨사이드 분쟁 부산시 관광지 취소 경고
D***8,아산온천,201905**,M,3,"판매직 (상점점원, 보험설계사, 노점상)",700~799만원,아니오,          ,단독주택,서울,중구,광희동2가,,기타,KT,아산온천,https://m.blog.naver.com/bucketlist79/221721363500,아산온천 당일치기 겨울여행 아산스파비스캠마녀의 나댕김 20191124
D***1,북고사,201905**,M,3,"생산/노무직 (생산감독, 경비원, 공장근로자)",200~299만원,아니오,          ,아파트/ 주상복합,경기,성남시 수정구,창곡동,,삼성,SKT,북고사,https://m.blog.naver.com/meer1/221709753267,늦가을 무주의 북고사 성지순례
D***5,만남의광장,201905**,M,5,"사무직 (일반사무직, 공무원, 직업군인)",500~599만원,아니오,          ,연립주택/ 다세대/ 빌라,서울,광진구,중곡4동,,애플,SKT,만남의광장,https://m.post.naver.com/viewer/postView.nhn?volumeNo=25975952&memberNo=7250666&vType=VERTICAL,하남 드림 휴게소만남의광장에 수소충전소 오픈
D***5,양양국제공항,201905**,M,2,,,      ,          ,,경기,안양시 동안구,호계2동,,,,양양국제공항,https://blog.naver.com/4_28b/221660419232,양양국제공항 타고 제주도 가기 코리아익스프레스에어
D***6,후곡약수터,201905**,M,2,"학생 (초중고학생, 대학생, 대학원생)",100만원 미만,아니오,          ,연립주택/ 다세대/ 빌라,충북,청주시 흥덕구,복대1동,,삼성,SKT,후곡약수터,http://m.blog.daum.net/_blog/_m/articleView.do?blogid=09IWl&articleno=16152920,후곡 약수터
D***7,표충사,201905**,M,2,"학생 (초중고학생, 대학생, 대학원생)",600~699만원,아니오,          ,아파트/ 주상복합,경기,안산시 단원구,초지동,,LG,LG U+,표충사,https://m.blog.naver.com/jupan1999/221715055350,표충사 우리아이마음숲놀이터 하루 종일 놀겠다는 아이들
D***6,개암사,201905**,M,3,"사무직 (일반사무직, 공무원, 직업군인)","1,000만원 이상",아니오,          ,아파트/ 주상복합,서울,송파구,오륜동,"중형SUV (싼타페, 쏘렌토, 캡티바, BMW X3급 등)",애플,SKT,개암사,https://m.blog.naver.com/wona0317/221560541021,부안 개암사 그리고 개암제 나들이
D***4,미탄마하생태,201905**,F,5,,,      ,          ,,경기,남양주시,오남읍,,,,미탄마하생태,https://m.blog.naver.com/leeewon47/221479158841,대한민국 대표 관광지 강원도 강원도 관광지 현황은
D***4,도곡온천,201905**,M,5,"전문직 (의사, 판검사, 예술가, 종교인)","1,000만원 이상",예    ,자녀 있음 ,아파트/ 주상복합,경기,군포시,수리동,"프리미엄 (에쿠스, BMW7급 등)",삼성,SKT,도곡온천,https://m.blog.naver.com/jh630614/221520167548,화순 중봉산도곡온천 기준으로 완벽한 원점회귀 산행코스
D***6,풍기온천,201905**,F,2,"전문직 (의사, 판검사, 예술가, 종교인)",200~299만원,아니오,          ,오피스텔,경기,고양시 일산동구,백석동,,삼성,KT,풍기온천,https://m.blog.naver.com/sanm308/221569299218,물좋고 공기좋은 소백산풍기온천리조트
D***6,안성 죽산,201905**,M,3,"사무직 (일반사무직, 공무원, 직업군인)",500~599만원,예    ,자녀 있음 ,단독주택,경기,부천시 원미구,심곡3동,"중형차 (쏘나타, K5, 말리부, 골프급 등)",LG,LG U+,안성 죽산,https://blog.naver.com/pcn1970/221720348259,2019 안성 죽산 문화재 야행 이야기
D***7,전통한방휴양,201905**,F,4,"사무직 (일반사무직, 공무원, 직업군인)",300~399만원,아니오,          ,연립주택/ 다세대/ 빌라,서울,성동구,금호동3가,,애플,KT,전통한방휴양,https://m.blog.naver.com/ndustns61/221224126114,전통한방휴양관광지 산청동의보감촌공진단만들기 체험
D***4,합천보조댐,201905**,F,4,"주부 (전업주부, 파트타임 근무 주부)",500~599만원,예    ,자녀 있음 ,아파트/ 주상복합,경기,부천시 소사구,송내2동,"경차 (모닝, 스파크 등)",삼성,KT,합천보조댐,https://m.blog.naver.com/gnfeel/221693122206,경상남도 산책길  합천 가볼만한곳 산책하며 데이트하기 좋은 길 합천 보조댐 수변생태 탐방로
D***4,땅끝,201905**,F,2,무직,400~499만원,아니오,          ,연립주택/ 다세대/ 빌라,경기,광명시,철산2동,,애플,SKT,땅끝,http://m.blog.daum.net/_blog/_m/articleView.do?blogid=0W7Ve&articleno=866,2018. 단풍따라 흐르는 가을여행 - 14. 토말. 땅끝마을
D***9,화암사,201905**,F,2,"학생 (초중고학생, 대학생, 대학원생)",500~599만원,아니오,          ,단독주택,경북,영주시,가흥동,,애플,KT,화암사,https://m.blog.naver.com/happykids70/221674944427,화암사 숲길 신선대에서 바라보는 울산바위
D***2,초당,201905**,F,2,"학생 (초중고학생, 대학생, 대학원생)",800~899만원,아니오,          ,아파트/ 주상복합,충남,천안시 서북구,쌍용3동,,애플,LG U+,초당,https://m.blog.naver.com/alicelkm/221568987442,190616 강릉 초당할머니순두부 수요미식회
D***1,혜국사,201905**,M,3,"전문직 (의사, 판검사, 예술가, 종교인)",300~399만원,아니오,          ,단독주택,경기,평택시,안중읍,"경차 (모닝, 스파크 등)",삼성,LG U+,혜국사,https://m.blog.naver.com/lbs2/221717145682,문경 주흘산 등산코스 제1관문여궁폭포혜국사주봉 원점회귀 산행
D***0,충온온천,201905**,M,3,"사무직 (일반사무직, 공무원, 직업군인)",300~399만원,예    ,자녀 있음 ,아파트/ 주상복합,대구,동구,신서동,"중형차 (쏘나타, K5, 말리부, 골프급 등)",삼성,SKT,충온온천,https://m.cafe.naver.com/mywetown/912,충주나우리마을
D***6,주문진,201905**,F,2,"사무직 (일반사무직, 공무원, 직업군인)","1,000만원 이상",아니오,          ,오피스텔,서울,금천구,독산동,,애플,LG U+,주문진,https://blog.naver.com/crazy_yuri/221713254200,새로웠던 주문진 맛집
D***8,사선대,201905**,M,3,"사무직 (일반사무직, 공무원, 직업군인)",800~899만원,예    ,자녀 없음 ,아파트/ 주상복합,경북,포항시 남구,오천읍,"준중형차 (아반떼, K3, 크루즈, 제타급 등)",삼성,KT,사선대,https://m.blog.naver.com/jbgokr/221566547422,선녀들도 반한 국민 관광지 임실 사선대  임실 나들이 명소
D***3,한국차소리문화공원,201905**,M,3,"생산/노무직 (생산감독, 경비원, 공장근로자)",300~399만원,예    ,자녀 없음 ,연립주택/ 다세대/ 빌라,충남,아산시,둔포면,"소형차 (액센트, 프라이드, 아베오, 피아트급 등)",삼성,LG U+,한국차소리문화공원,https://m.blog.naver.com/peri26100/220924962670,보성여행 보성차밭빛축제  한국차소리문화공원
D***7,송정,201905**,F,2,"생산/노무직 (생산감독, 경비원, 공장근로자)",600~699만원,아니오,          ,아파트/ 주상복합,경북,칠곡군,석적읍,"경차 (모닝, 스파크 등)",애플,LG U+,송정,https://m.blog.naver.com/lys9783/221711436037,부산 송정 맛집 알찬 전복영양밥 한그릇
D***3,삼포 문암,201905**,F,3,"사무직 (일반사무직, 공무원, 직업군인)",200~299만원,아니오,          ,연립주택/ 다세대/ 빌라,대구,남구,대명6동,"경차 (모닝, 스파크 등)",애플,SKT,삼포 문암,https://m.blog.naver.com/heysun62/221545300677,고성  삼포문암진해변 개발
D***5,마한문화,201905**,F,2,기타 ,100~199만원,아니오,          ,기타 ,광주,서구,농성2동,,삼성,KT,마한문화,https://m.blog.naver.com/pson30/221724282236,영암 마한문화공원 191125
D***2,고래불,201905**,M,2,"사무직 (일반사무직, 공무원, 직업군인)",200~299만원,아니오,          ,아파트/ 주상복합,서울,송파구,오륜동,"준대형차 (그랜저, K7, 알페온, 캠리급, 파사트급 등)",애플,SKT,고래불,http://m.blog.daum.net/_blog/_m/articleView.do?blogid=0bogl&articleno=923,해파랑길 트레킹 제23코스 고래불 후포항
D***7,삼척해수욕장,201905**,M,3,"생산/노무직 (생산감독, 경비원, 공장근로자)",200~299만원,아니오,          ,아파트/ 주상복합,경남,진주시,평거동,"중형차 (쏘나타, K5, 말리부, 골프급 등)",삼성,SKT,삼척해수욕장,https://m.blog.naver.com/funny0820/221599410365,삼척여행 Part1삼척 하얀낭만펜션일미어담삼척해변
D***6,당항포,201905**,M,2,"사무직 (일반사무직, 공무원, 직업군인)",200~299만원,아니오,          ,연립주택/ 다세대/ 빌라,경기,고양시 덕양구,화정동,,기타,KT,당항포,https://m.blog.naver.com/turpu/221690928126,경남 고성 가볼만한곳 공룡엑스포가 펼쳐지는 당항포 관광단지
D***5,운주사,201905**,M,3,"기능직 (자동차정비, 운전기사, 안경사, 택시기사)",200~299만원,아니오,          ,단독주택,경기,수원시 팔달구,우만1동,기타 (승합차/트럭/화물차/기타 차량 등),삼성,LG U+,운주사,https://m.blog.naver.com/sanbada2004/221635346744,화순 운주사
D***8,유현문화,201905**,M,2,"학생 (초중고학생, 대학생, 대학원생)",400~499만원,아니오,          ,아파트/ 주상복합,대구,동구,율하동,,삼성,KT,유현문화,https://m.blog.naver.com/airbag1/221682877565,횡성여행 횡성호수길 5구간 국순당 유현문화관광지 풍수원성당
D***3,금월봉,201905**,F,3,"사무직 (일반사무직, 공무원, 직업군인)",800~899만원,예    ,자녀 있음 ,아파트/ 주상복합,인천,연수구,송도동,"대형차 (제너시스, BMW5급 등)",삼성,SKT,금월봉,https://m.blog.naver.com/tarantium82/221696743035,제천1박2일2일차동산분식 덩실분식 제천청풍호모노레일 비봉산전망대 청풍호반케이블카 금월봉석갈비
D***1,위봉사,201905**,F,2,"전문직 (의사, 판검사, 예술가, 종교인)",200~299만원,아니오,          ,아파트/ 주상복합,서울,중랑구,신내동,,애플,LG U+,위봉사,https://m.blog.naver.com/hansongp/221703341215,한국의 산사 10898 완주 위봉사
D***8,용호씨사이드,201905**,F,3,"사무직 (일반사무직, 공무원, 직업군인)",200~299만원,아니오,          ,오피스텔,서울,중랑구,상봉동,,애플,SKT,용호씨사이드,http://www.kookje.co.kr/news2011/asp/newsbody.asp?code=0200&key=20171123.22001010675,부산 용호동 씨사이드 분쟁 부산시 관광지 취소 경고
D***1,마니산,201905**,M,4,"주부 (전업주부, 파트타임 근무 주부)",600~699만원,예    ,자녀 있음 ,아파트/ 주상복합,경기,시흥시,정왕4동,,애플,SKT,마니산,https://blog.naver.com/jipangdosa/221613683019,한국명산 031 강화도 마니산 등산기
D***9,경천대,201905**,F,2,"학생 (초중고학생, 대학생, 대학원생)",100만원 미만,아니오,          ,단독주택,경남,함양군,함양읍,,애플,KT,경천대,https://m.blog.naver.com/jiyouls/221227527304,상주 경천대마음이 열리는 이곳 경천대 국민관광지
D***4,라비에벨,201905**,M,5,,,      ,          ,,경기,고양시 덕양구,화정동,,,,라비에벨,https://blog.naver.com/yangjinss/221716472829,부천예식장 라비에벨웨딩 기억에 많이 남을 것 같아요
D***3,임진각,201905**,F,4,"관리직 (사장, 간부, 고위공무원)",400~499만원,예    ,자녀 있음 ,아파트/ 주상복합,충북,청주시 상당구,명암동,"준중형차 (아반떼, K3, 크루즈, 제타급 등)",삼성,LG U+,임진각,https://blog.naver.com/lalla282/221708724445,파주관광지추천 아이들과 갈만한곳 임진각 평화누리공원
D***7,공릉,201905**,M,4,"전문직 (의사, 판검사, 예술가, 종교인)",100~199만원,아니오,          ,연립주택/ 다세대/ 빌라,경기,수원시 팔달구,화서동,,삼성,KT,공릉,https://blog.naver.com/back2462/221721451198,파주 공릉캠핑장 11월 동계 캠핑의 첫 시작
D***4,보적사,201905**,M,2,"학생 (초중고학생, 대학생, 대학원생)",200~299만원,아니오,          ,아파트/ 주상복합,경기,용인시 기흥구,공세동,,애플,알뜰폰(MVNO),보적사,https://m.blog.naver.com/n_n630/221683022330,나홀로 가을 산행  독산성 세마대지 보적사 다녀오기
D***2,해운대,201905**,M,3,"생산/노무직 (생산감독, 경비원, 공장근로자)","1,000만원 이상",아니오,          ,아파트/ 주상복합,부산,사하구,당리동,"소형차 (액센트, 프라이드, 아베오, 피아트급 등)",삼성,SKT,해운대,https://moonjj82.blog.me/221712612297,해운대뷔페 가장 좋아하는 곳 그랜드애플
D***7,간월도,201905**,M,3,무직,100~199만원,아니오,          ,아파트/ 주상복합,서울,노원구,공릉2동,,애플,KT,간월도,https://m.blog.naver.com/jjun0712/221712063671,서산 간월도 간월암 다녀왔어요
D***5,어답산,201905**,M,4,"사무직 (일반사무직, 공무원, 직업군인)",400~499만원,예    ,자녀 있음 ,연립주택/ 다세대/ 빌라,서울,도봉구,방학1동,"중형SUV (싼타페, 쏘렌토, 캡티바, BMW X3급 등)",삼성,SKT,어답산,https://m.blog.naver.com/iiijjjiiijjj/221600282946,20190728일 횡성 어답산횡성온천선바위장송어답산 장군봉병지방계곡
D***5,봉서사,201905**,F,3,"교직 (교사, 유치원교사, 학원강사)",200~299만원,예    ,자녀 없음 ,연립주택/ 다세대/ 빌라,대전,서구,가장동,,LG,LG U+,봉서사,https://m.blog.naver.com/ffk1039/221633735995,완주 봉서사
D***3,원각사,201905**,M,3,"전문직 (의사, 판검사, 예술가, 종교인)",200~299만원,예    ,자녀 있음 ,아파트/ 주상복합,대구,남구,대명3동,,애플,KT,원각사,https://m.blog.naver.com/nelo30/221688868198,가볍게 다이어트 트레킹 겸 다녀온 의정부 원각사
D***3,용문산,201905**,M,4,"서비스직 (요식업, 숙박업, 미용실종업원)",500~599만원,아니오,          ,아파트/ 주상복합,대구,수성구,노변동,"중형차 (쏘나타, K5, 말리부, 골프급 등)",LG,KT,용문산,https://kaisr2.blog.me/221624459312,양평 용문산 관광단지와 용문사 은행나무
D***7,충주호체험,201905**,F,3,"자영업 (도소매업, 숙박업, 미용업)","1,000만원 이상",예    ,자녀 없음 ,아파트/ 주상복합,,,,"준중형차 (아반떼, K3, 크루즈, 제타급 등)",애플,SKT,충주호체험,https://m.blog.naver.com/yoohr0507/221553190270,충주호 유람선 체험
D***2,송정,201905**,M,2,"학생 (초중고학생, 대학생, 대학원생)",300~399만원,아니오,          ,아파트/ 주상복합,경기,김포시,풍무동,,삼성,SKT,송정,https://m.blog.naver.com/lys9783/221711436037,부산 송정 맛집 알찬 전복영양밥 한그릇
D***8,팜파스종합휴양,201905**,M,5,"자영업 (도소매업, 숙박업, 미용업)",900~999만원,예    ,자녀 있음 ,아파트/ 주상복합,경기,용인시 기흥구,언남동,"중형SUV (싼타페, 쏘렌토, 캡티바, BMW X3급 등)",삼성,SKT,팜파스종합휴양,https://blog.naver.com/hriver21/221092893072,팜파스종합휴양관광단지
D***9,다덕약수,201905**,M,4,"사무직 (일반사무직, 공무원, 직업군인)",400~499만원,예    ,자녀 있음 ,아파트/ 주상복합,경기,화성시,동탄면,"중형차 (쏘나타, K5, 말리부, 골프급 등)",삼성,KT,다덕약수,https://m.blog.naver.com/soda8219/221603152068,봉화 약수식당  다덕약수 로 만든 토종닭백숙
D***7,척산온천,201905**,M,2,,,      ,          ,,경기,화성시,진안동,,,,문경온천,https://m.blog.naver.com/rnara/221478732030,속초 숙소 척산온천휴양촌
D***7,문경온천,201905**,M,2,,,      ,          ,,경기,화성시,진안동,,,,문경온천,https://m.blog.naver.com/j3187654/221564941542,불정자연휴양림 문경온천 여행 
D***,안면도,201905**,F,3,"서비스직 (요식업, 숙박업, 미용실종업원)",200~299만원,아니오,          ,연립주택/ 다세대/ 빌라,서울,관악구,청룡동,,LG,KT,해운대,https://m.search.daum.net/search?q=%EC%95%88%EB%A9%B4%EB%8F%84%20%EB%82%9A%EC%8B%9C%20%EC%BA%A0%ED%95%91&w=tot&nil_mtopsearch=suggest&DA=UME&rq=&sq=%EC%95%88%EB%A9%B4%EB%8F%84%EB%82%9A&o=6&sugo=10,안면도 낚시 캠핑 - Daum 검색
D***,해운대,201905**,F,3,"서비스직 (요식업, 숙박업, 미용실종업원)",200~299만원,아니오,          ,연립주택/ 다세대/ 빌라,서울,관악구,청룡동,,LG,KT,해운대,https://m.blog.naver.com/PostView.nhn?blogId=miracleyi&logNo=220111162173&proxyReferer=&proxyReferer=http%3A%2F%2Fblog.naver.com%2FPostView.nhn%3FblogId%3Dmiracleyi%26logNo%3D220111162173,내일로 기차여행 2일차 [해운대-부산시티투어버스-부산역-자갈치시장-순천역] : 네이버 블로그
D***,용궁사,201905**,F,3,"서비스직 (요식업, 숙박업, 미용실종업원)",200~299만원,아니오,          ,연립주택/ 다세대/ 빌라,서울,관악구,청룡동,,LG,KT,해운대,https://m.blog.naver.com/PostView.nhn?blogId=sera8668&logNo=221259103683&proxyReferer=,부산 여행 해동용궁사 버스로 가는 법 주변 맛 집 : 네이버 블로그
D***,해운대,201905**,F,3,"서비스직 (요식업, 숙박업, 미용실종업원)",200~299만원,아니오,          ,연립주택/ 다세대/ 빌라,서울,관악구,청룡동,,LG,KT,해운대,http://www.haeundae.go.kr/tour/index.do?menuCd=DOM_000000302002000000,소개 | 해운대구청
D***,해운대,201905**,F,3,"서비스직 (요식업, 숙박업, 미용실종업원)",200~299만원,아니오,          ,연립주택/ 다세대/ 빌라,서울,관악구,청룡동,,LG,KT,해운대,https://m.blog.naver.com/PostView.nhn?blogId=face8901&logNo=221490303926&proxyReferer=,부산 동백섬 누리마루 APEC 하우스·해운대 : 네이버 블로그
D***,태종대,201905**,F,3,"서비스직 (요식업, 숙박업, 미용실종업원)",200~299만원,아니오,          ,연립주택/ 다세대/ 빌라,서울,관악구,청룡동,,LG,KT,해운대,https://m.search.daum.net/search?w=tot&q=%ED%83%9C%EC%A2%85%EB%8C%80%20%ED%95%B4%EB%85%80%EC%B4%8C&nzq=%EB%B6%80%EC%82%B0%EA%B8%B0%EC%9E%A5%ED%95%B4%EB%85%80%EC%B4%8C%EA%B0%80%EB%8A%94%EB%B2%95&DA=NSJ,태종대 해녀촌 - Daum 검색
D***,용궁사,201905**,F,3,"서비스직 (요식업, 숙박업, 미용실종업원)",200~299만원,아니오,          ,연립주택/ 다세대/ 빌라,서울,관악구,청룡동,,LG,KT,해운대,https://m.blog.naver.com/PostView.nhn?blogId=sera8668&logNo=221259103683&proxyReferer=,부산 여행 해동용궁사 버스로 가는 법 주변 맛 집 : 네이버 블로그
D***,해운대,201905**,F,3,"서비스직 (요식업, 숙박업, 미용실종업원)",200~299만원,아니오,          ,연립주택/ 다세대/ 빌라,서울,관악구,청룡동,,LG,KT,해운대,https://m.blog.naver.com/PostView.nhn?blogId=gwangya777&logNo=221532201384&proxyReferer=,부산여행 꼭 가볼만한 곳 - 해운대 : 네이버 블로그
D***,해운대,201905**,F,3,"서비스직 (요식업, 숙박업, 미용실종업원)",200~299만원,아니오,          ,연립주택/ 다세대/ 빌라,서울,관악구,청룡동,,LG,KT,해운대,https://m.blog.naver.com/PostView.nhn?blogId=miracleyi&logNo=220111162173&proxyReferer=,내일로 기차여행 2일차 [해운대-부산시티투어버스-부산역-자갈치시장-순천역] : 네이버 블로그
D***,태종대,201905**,F,3,"서비스직 (요식업, 숙박업, 미용실종업원)",200~299만원,아니오,          ,연립주택/ 다세대/ 빌라,서울,관악구,청룡동,,LG,KT,해운대,https://m.blog.naver.com/PostView.nhn?blogId=parkjy_0424&logNo=221395555212&proxyReferer=&proxyReferer=http%3A%2F%2Fblog.naver.com%2FPostView.nhn%3FblogId%3Dparkjy_0424%26logNo%3D221395555212,부산2박3일 여행의 꽃. 태종대 그리고 해녀촌 : 네이버 블로그
D***,해운대,201905**,F,3,"서비스직 (요식업, 숙박업, 미용실종업원)",200~299만원,아니오,          ,연립주택/ 다세대/ 빌라,서울,관악구,청룡동,,LG,KT,해운대,https://m.blog.naver.com/PostView.nhn?blogId=gwangya777&logNo=221532201384&proxyReferer=,부산여행 꼭 가볼만한 곳 - 해운대 : 네이버 블로그
D***,태종대,201905**,F,3,"서비스직 (요식업, 숙박업, 미용실종업원)",200~299만원,아니오,          ,연립주택/ 다세대/ 빌라,서울,관악구,청룡동,,LG,KT,해운대,https://m.blog.naver.com/PostView.nhn?blogId=parkjy_0424&logNo=221395555212&proxyReferer=,부산2박3일 여행의 꽃. 태종대 그리고 해녀촌 : 네이버 블로그
D***,죽도,201905**,F,3,"서비스직 (요식업, 숙박업, 미용실종업원)",200~299만원,아니오,          ,연립주택/ 다세대/ 빌라,서울,관악구,청룡동,,LG,KT,해운대,https://m.blog.naver.com/kigg55/221340657313,부산여름여행. 가볼만한 곳. 기장 연화리 해녀촌 죽도. 드림촬영지 죽성드림성당 일출명소. 죽성리 해송. 기장8경 : 네이버 블로그
D***,태종대,201905**,F,3,"서비스직 (요식업, 숙박업, 미용실종업원)",200~299만원,아니오,          ,연립주택/ 다세대/ 빌라,서울,관악구,청룡동,,LG,KT,해운대,https://m.search.daum.net/search?q=%EB%B6%80%EC%82%B0%20%EC%8B%9C%ED%8B%B0%ED%88%AC%EC%96%B4%20%ED%83%9C%EC%A2%85%EB%8C%80%EC%BD%94%EC%8A%A4&w=tot&nil_profile=suggest&DA=GIQ&rq=&sq=%EB%B6%80%EC%82%B0%EC%8B%9C%ED%8B%B0%ED%88%AC%EC%96%B4%ED%83%9C%EC%A2%85%EB%8C%80&o=1&sugo=3,부산 시티투어 태종대코스 - Daum 검색
D***,해운대,201905**,F,3,"서비스직 (요식업, 숙박업, 미용실종업원)",200~299만원,아니오,          ,연립주택/ 다세대/ 빌라,서울,관악구,청룡동,,LG,KT,해운대,https://m.search.daum.net/search?q=%ED%95%B4%EC%9A%B4%EB%8C%80%20%ED%95%B4%EC%88%98%EC%9A%95%EC%9E%A5&w=tot&nil_mtopsearch=suggest&DA=UME&rq=&sq=%ED%95%B4%EC%9A%B4%EB%8C%80%ED%95%B4&o=1&sugo=10,해운대 해수욕장 - Daum 검색
D***,해운대,201905**,F,3,"서비스직 (요식업, 숙박업, 미용실종업원)",200~299만원,아니오,          ,연립주택/ 다세대/ 빌라,서울,관악구,청룡동,,LG,KT,해운대,https://m.search.daum.net/search?w=poi&DA=L7T&cid=7913306&q=%ED%95%B4%EC%9A%B4%EB%8C%80%ED%95%B4%EC%88%98%EC%9A%95%EC%9E%A5&stab=review,해운대해수욕장 - Daum 검색
D***,통도사,201905**,F,3,"교직 (교사, 유치원교사, 학원강사)",100~199만원,예    ,자녀 없음 ,아파트/ 주상복합,대구,달서구,대곡동,,삼성,SKT,통도사,https://m.search.naver.com/search.naver?where=m&sm=mtp_lve&query=%ED%86%B5%EB%8F%84%EC%82%AC,통도사 : 네이버 통합검색
D***,통도사,201905**,F,3,"교직 (교사, 유치원교사, 학원강사)",100~199만원,예    ,자녀 없음 ,아파트/ 주상복합,대구,달서구,대곡동,,삼성,SKT,통도사,https://news.v.daum.net/v/20190512203410578?f=m,통도사서 모녀가 함께 교통사고 당해..딸은 사망·노모는 중태 | 다음 뉴스
D***,죽림사,201905**,F,3,"교직 (교사, 유치원교사, 학원강사)",100~199만원,예    ,자녀 없음 ,아파트/ 주상복합,대구,달서구,대곡동,,삼성,SKT,통도사,https://m.blog.naver.com/yeongcheonsi/221533130880,"영천 부처님 오신 날 / 우리나라에서 부처님이 가장 많은 만불사, 철조여래좌상이 있는 죽림사 - 영천 사찰 : 네이버 블로그"
D***,용연사,201905**,F,3,"교직 (교사, 유치원교사, 학원강사)",100~199만원,예    ,자녀 없음 ,아파트/ 주상복합,대구,달서구,대곡동,,삼성,SKT,통도사,https://m.blog.naver.com/daeguvisit/221533959505,"대구 가볼만한곳 :: 2019년 부처님오신날, 대구 전통 사찰 4곳 소개 - 동화사, 파계사, 용연사, 대견사 : 네이버 블로그"
D***,무릉계곡,201905**,M,3,,,      ,          ,,경기,파주시,광탄면,,,,무릉계곡,http://m.blog.daum.net/_blog/_m/articleView.do?blogid=0W7Ve&articleno=858,단풍따라 흐르는 가을여행 - 6. 무릉계곡 여행
D***,덕산온천,201905**,F,2,,,      ,          ,,경북,경산시,조영동,,,,덕산온천,https://m.blog.naver.com/oksusu90/221670136981,짧은 나들이 덕산온천여행 선물처럼 만난 코스모스
D***,약수암,201905**,F,5,,,      ,          ,,경북,포항시 북구,창포동,,,,약수암,https://m.blog.naver.com/jcjkks/221642522935,도당산시사재 대광사 약수암
D***,위봉사,201905**,M,4,,,      ,          ,,충남,아산시,좌부동,,,,위봉사,https://m.blog.naver.com/hansongp/221703341215,한국의 산사 10898 완주 위봉사
D***,무창포해수욕장,201905**,F,2,,,      ,          ,,경북,경산시,옥곡동,,,,무창포해수욕장,https://m.blog.naver.com/kaisr2/221674209424,보령 대천해수욕장과 무창포 해변
D***,율포해수욕장,201905**,M,3,,,      ,          ,,경기,성남시 수정구,신흥2동,,,,율포해수욕장,https://m.blog.naver.com/day31479/221486986413,전라도1박2일여행여수낭만포차 율포해수욕장 광한루원
D***,청평사,201905**,M,2,,,      ,          ,,인천,남구,주안5동,,,,청평사,https://blog.naver.com/dlduddms3469/221681611478,춘천 단풍구경하며 산책겸 등산코스 청평사가는길
D***,신지명사십리,201905**,M,5,,,      ,          ,,인천,남동구,구월2동,,,,신지명사십리,https://m.blog.naver.com/kurum_be/221503580309,여로4  완도 신지명사십리해수욕장  20190325
D***,풍기온천,201905**,F,2,,,      ,          ,,경북,문경시,모전동,,,,풍기온천,https://m.blog.naver.com/sanm308/221569299218,물좋고 공기좋은 소백산풍기온천리조트
D***,우수영,201905**,M,3,"사무직 (일반사무직, 공무원, 직업군인)",600~699만원,예    ,자녀 있음 ,아파트/ 주상복합,울산,남구,삼산동,"준중형차 (아반떼, K3, 크루즈, 제타급 등)",삼성,SKT,속초해수욕장,https://m.blog.naver.com/hp0210/221703457436,전라도 가볼만한곳 진도타워  우수영국민관광지 명량대첩기념관
D***,속초해수욕장,201905**,M,3,"사무직 (일반사무직, 공무원, 직업군인)",600~699만원,예    ,자녀 있음 ,아파트/ 주상복합,울산,남구,삼산동,"준중형차 (아반떼, K3, 크루즈, 제타급 등)",삼성,SKT,속초해수욕장,https://m.blog.naver.com/plingo/221682706206,여행 아무렇게나 떠난 속초 1박 2일 청초수물회 청초호 왱왱해물촌 중앙시장 영금정 속초해수욕장
D***,청도용암온천,201905**,F,3,,,      ,          ,,경기,수원시 영통구,신동,,,,청도용암온천,https://m.blog.naver.com/jangsoras2j/221716720216,청도용암온천 즐기고 빛축제까지
D***,영탑사,201905**,M,2,,,      ,          ,,경기,파주시,문산읍,,,,영탑사,https://m.blog.naver.com/elderpine/221667087073,절로절로 우리절 20 당진 영탑사
D***,홍길동테마파크,201905**,M,5,,,      ,          ,,대전,서구,갈마1동,,,,홍길동테마파크,https://m.blog.naver.com/hhs653409/221664061938,장성 홍길동 테마파크 반가운 지인들과의 카라반 캠핑
D***,울산 강동,201905**,F,2,,,      ,          ,,경기,양주시,백석읍,,,,울산 강동,https://blog.naver.com/usbukgu/221725467902,울산 강동 화암 주상절리 예술작품 같은 일출
D***,대천해수욕장,201905**,M,5,기타 ,200~299만원,예    ,자녀 있음 ,연립주택/ 다세대/ 빌라,서울,강서구,화곡4동,"중형차 (쏘나타, K5, 말리부, 골프급 등)",삼성,KT,대천해수욕장,https://m.blog.naver.com/jblee27/221714733376,대천해수욕장 짚라인 타고 스카이라운지에서 커피한잔
D***,해운대,201905**,M,4,,,      ,          ,,경기,용인시 기흥구,상하동,,,,해운대,https://moonjj82.blog.me/221712612297,해운대뷔페 가장 좋아하는 곳 그랜드애플
D***,대승사,201905**,M,3,,,      ,          ,,서울,강남구,역삼동,,,,대승사,https://m.blog.naver.com/5490ljy/221703776913,문경 사불산 대승사
D***,의성탑산온천,201905**,M,3,,,      ,          ,,서울,강서구,화곡8동,,,,의성탑산온천,https://m.blog.naver.com/darkspwn1/221256068023,경북 의성 탑산약수온천 유황냄새 진한 지방온천
D***,알펜시아,201905**,M,2,,,      ,          ,,울산,울주군,서생면,,,,알펜시아,https://blog.naver.com/asdffggg2/221648164694,강원도여행 평창 알펜시아 홀리데이인스위트 투베드룸과 오션700 워터파크
D***,마우나오션,201905**,F,2,,,      ,          ,,서울,중랑구,묵1동,,,,마우나오션,https://blog.naver.com/soda7908/221712751372,LPGA가 열렸던 마우나오션cc로 가을골프 다녀왔어요
D***,내장산리조트,201905**,F,4,,,      ,          ,,서울,중랑구,면목7동,,,,내장산리조트,https://m.blog.naver.com/beet38/221710851873,정읍시 내장산리조트 최대규모 민자유치
D***,신화역사공원,201905**,F,5,"주부 (전업주부, 파트타임 근무 주부)",500~599만원,예    ,자녀 있음 ,아파트/ 주상복합,경남,창원시 진해구,용원동,"중형차 (쏘나타, K5, 말리부, 골프급 등)",LG,SKT,신화역사공원,https://present0955.blog.me/221723400417,제주 신화역사공원 홍차 카페 다만프레르
D***,라비에벨,201905**,M,2,,,      ,          ,,서울,노원구,상계1동,,,,라비에벨,https://blog.naver.com/yangjinss/221716472829,부천예식장 라비에벨웨딩 기억에 많이 남을 것 같아요
D***,금월봉,201905**,M,2,,,      ,          ,,경북,포항시 북구,창포동,,,,금월봉,https://m.blog.naver.com/tarantium82/221696743035,제천1박2일2일차동산분식 덩실분식 제천청풍호모노레일 비봉산전망대 청풍호반케이블카 금월봉석갈비
D***,안성 죽산,201905**,F,2,,,      ,          ,,부산,부산진구,범천1동,,,,안성 죽산,https://blog.naver.com/pcn1970/221720348259,2019 안성 죽산 문화재 야행 이야기
D***,내설악 용대,201905**,M,5,,,      ,          ,,서울,노원구,상계2동,,,,내설악 용대,https://m.blog.naver.com/hoilsanta/221548303837,Jule105 봉정암  강원 인제 용대 내설악11530 월 맑음
D***,예천삼강,201905**,F,3,,,      ,          ,,광주,북구,대촌동,,,,예천삼강,https://m.post.naver.com/viewer/postView.nhn?volumeNo=25150266&memberNo=1275074&vType=VERTICAL,대구근교 가볼만하곳 더예천 삼강문화단지위기의 삼강주막 방탈출게임
D***,아산온천,201905**,M,3,,,      ,          ,,경기,성남시 분당구,정자동,,,,아산온천,https://m.blog.naver.com/bucketlist79/221721363500,아산온천 당일치기 겨울여행 아산스파비스캠마녀의 나댕김 20191124
D***,만리포해수욕장,201905**,M,4,,,      ,          ,,경기,고양시 덕양구,동산동,,,,만리포해수욕장,https://m.blog.naver.com/bb00dd/221721784934,당일치기 태안여행 해미읍성 만리포해수욕장 일몰 까지
D***,고씨동굴,201905**,M,2,,,      ,          ,,서울,종로구,사직동,,,,고씨동굴,https://m.blog.naver.com/sumjin1002/221621090655,태화산 끝자락 억년의 신비가 숨쉬고 있는 고씨동굴
D***,구병산,201905**,M,2,,,      ,          ,,서울,성북구,삼선동3가,,,,구병산,https://m.blog.naver.com/osgsb/221692903882,충북 보은 충북알프스의 시작점 아홉봉우리의 구병산
D***,보덕사 ,201905**,M,2,,,      ,          ,,서울,성북구,삼선동3가,,,,구병산,http://m.blog.daum.net/_blog/_m/articleView.do?blogid=03bMR&articleno=15961077,보덕사 예산
D***,방동약수터,201905**,M,4,,,      ,          ,,전북,정읍시,수성동,,,,방동약수터,https://m.blog.naver.com/ttalkook/221601473970,방태산 방동약수터
D***,칠갑산도립온천,201905**,M,3,"서비스직 (요식업, 숙박업, 미용실종업원)",600~699만원,예    ,자녀 있음 ,아파트/ 주상복합,서울,강서구,등촌1동,"경차 (모닝, 스파크 등)",삼성,KT,칠갑산도립온천,https://m.blog.naver.com/2000yhero/221524706364,칠갑산 도립공원 2
D***,화순온천,201905**,M,4,"사무직 (일반사무직, 공무원, 직업군인)",700~799만원,예    ,자녀 있음 ,아파트/ 주상복합,대구,달서구,본리동,"MPV (카니발, 올란도, 피카소급, 오딧세이 등)",LG,SKT,화순온천,https://m.blog.naver.com/haengbok2/221608294392,아들과 둘이 한 광주 차박여행광주챔피언스필드 대인야시장 화순온천 광주호 전주
D***,마금산온천,201905**,F,2,,,      ,          ,,강원,평창군,방림면,,,,마금산온천,https://m.blog.naver.com/peanut_s_/221707257988,창원북면 마금산온천호텔 창원 온천 호텔 추천 리앤호텔  풀빌라 318호 후기
D***,프로젝트 ECO,201905**,M,2,,,      ,          ,,광주,북구,용봉동,,,,프로젝트 ECO,https://humanvillage.blog.me/221713044677,애월 봉성리 프로젝트ECO조성사업
D***,마차탄광문화촌,201905**,F,3,,,      ,          ,,경기,파주시,광탄면,,,,마차탄광문화촌,https://m.blog.naver.com/sweetmeto/221715184365,영월여행  강원도 탄광문화촌 단양영월 2박3일 여행
D***,원각사,201905**,F,2,"학생 (초중고학생, 대학생, 대학원생)",900~999만원,아니오,          ,아파트/ 주상복합,경기,부천시 원미구,상동,,애플,SKT,원각사,https://m.blog.naver.com/nelo30/221688868198,가볍게 다이어트 트레킹 겸 다녀온 의정부 원각사
D***,왕궁보석테마,201905**,F,4,,,      ,          ,,대전,유성구,지족동,,,,왕궁보석테마,https://m.blog.naver.com/hiksanin/221692718933,익산왕궁보석테마관광지 상설공연  체험프로그램
D***,고래불,201905**,M,3,"교직 (교사, 유치원교사, 학원강사)",300~399만원,아니오,          ,아파트/ 주상복합,경기,양주시,만송동,,기타,KT,고래불,http://m.blog.daum.net/_blog/_m/articleView.do?blogid=0bogl&articleno=923,해파랑길 트레킹 제23코스 고래불 후포항
D***,태조산,201905**,M,2,"학생 (초중고학생, 대학생, 대학원생)","1,000만원 이상",아니오,          ,아파트/ 주상복합,경기,수원시 권선구,권선동,,애플,SKT,태조산,https://m.blog.naver.com/ohs1443/221659948848,천안 태조산421m  흑성산519m
D***,문수사,201905**,M,3,,,      ,          ,,서울,용산구,산천동,,,,문수사,http://m.blog.daum.net/_blog/_m/articleView.do?blogid=0qXA2&articleno=504,고창 청량산 문수사
D***,미탄마하생태,201905**,F,5,,,      ,          ,,서울,종로구,홍지동,,,,미탄마하생태,https://m.blog.naver.com/leeewon47/221479158841,대한민국 대표 관광지 강원도 강원도 관광지 현황은
D***,라비에벨,201905**,M,4,,,      ,          ,,경기,포천시,신북면,,,,라비에벨,https://blog.naver.com/yangjinss/221716472829,부천예식장 라비에벨웨딩 기억에 많이 남을 것 같아요
D***,대구면도요지,201905**,M,3,,,      ,          ,,서울,강남구,개포2동,,,,대구면도요지,https://m.blog.naver.com/skku_skai/220852355231,강진 대구면 도요지 종합정비계획 학술연구용역
D***,팔봉산,201905**,M,4,,,      ,          ,,부산,해운대구,우동,,,,팔봉산,https://m.blog.naver.com/cm0917/221711580256,191117 홍천 팔봉산 블랙야크100대명산 산림청100대명산 한국의산하인기100산
D***,신륵사,201905**,M,4,,,      ,          ,,인천,남동구,구월4동,,,,신륵사,https://jbm993.blog.me/221521860991,여주 가볼만한곳 색색의 연등이 예쁜 신륵사
D***,장성호,201905**,F,2,,,      ,          ,,서울,노원구,월계1동,,,,장성호,https://m.blog.naver.com/wella5442/221704598476,장성 가볼만한곳 장성호 수변길 출렁다리
D***,보적사,201905**,F,2,,,      ,          ,,서울,영등포구,당산동5가,,,,보적사,https://m.blog.naver.com/n_n630/221683022330,나홀로 가을 산행  독산성 세마대지 보적사 다녀오기
D***,성산포해양,201905**,M,4,,,      ,          ,,서울,구로구,구로동,,,,성산포해양,https://blog.naver.com/wj-story/221466807198,설 구정에 어머니와 함께 성산포 성당 광치기해변 제주해양동물박물관 겨울 유채꽃 2월 제주
D***,남당,201905**,M,3,,,      ,          ,,서울,강서구,화곡4동,,,,남당,https://m.blog.naver.com/wodhks0389/221723046008,1130 남당피싱 워너비호 먼바다 우럭 낚시체험 인건가
D***,직지사,201905**,M,4,,,      ,          ,,서울,강남구,삼성동,,,,직지사,https://m.blog.naver.com/promise065/221702745601,김천 직지사  템플스테이 1박2일
D***,일심사,201905**,M,2,"학생 (초중고학생, 대학생, 대학원생)",200~299만원,아니오,          ,연립주택/ 다세대/ 빌라,전북,전주시 완산구,서신동,,삼성,알뜰폰(MVNO),일심사,https://m.blog.naver.com/only_tour/221532442887,오이타 여행 코스벚꽃 운해 잇신지일심사
D***,안동문화,201905**,M,5,,,      ,          ,,인천,연수구,연수1동,,,,안동문화,https://blog.naver.com/jomkkange/221718101147,191125 1박 2일 안동 여행  세계문화유산 도산서원
D***2,평택호,201905**,M,2,,,      ,          ,,서울,중랑구,면목7동,,,,평택호,https://blog.naver.com/inkyungidd/221621262586,평택호텔  그랜드호텔 평택호 뷰를 볼 수 있는 호텔 추천
D***1,제주헬스케어타운,201905**,M,3,,,      ,          ,,서울,동대문구,용두동,,,,제주헬스케어타운,https://blog.naver.com/solguji/221651290398,추석제주여행  헬스케어타운리조트  한림칼국수  카페라이슬라
D***9,아우라지,201905**,M,4,"생산/노무직 (생산감독, 경비원, 공장근로자)",200~299만원,예    ,자녀 있음 ,연립주택/ 다세대/ 빌라,서울,은평구,응암3동,,애플,SKT,아우라지,https://m.blog.naver.com/kooni/221672541768,정선 아리랑 시장  물 폭탄 맞은 아우라지
D***4,횡성 드림마운틴,201905**,F,2,무직,100만원 미만,아니오,          ,연립주택/ 다세대/ 빌라,전북,전주시 완산구,서신동,,삼성,LG U+,횡성 드림마운틴,https://blog.naver.com/asj910520/221251985378,드림마운틴 횡성 드림마운틴은 무엇인가
D***8,용담사,201905**,F,2,,,      ,          ,,경기,김포시,고촌읍,,,,용담사,https://m.blog.naver.com/rem85/221616568134,안동물놀이할만한곳안동계곡길안계곡길안용담사 근처 계곡으로 물놀이다녀왔어요
D***6,해남사,201905**,M,2,"학생 (초중고학생, 대학생, 대학원생)",300~399만원,아니오,          ,아파트/ 주상복합,광주,북구,운암동,"준중형차 (아반떼, K3, 크루즈, 제타급 등)",삼성,LG U+,해남사,https://m.blog.naver.com/lyhlsrn/221626646930,해남사 양대응 스님
D***9,화진포,201905**,M,4,,,      ,          ,,서울,은평구,역촌동,,,,화진포,https://m.blog.naver.com/94040882/221716020914,강원도 고성 여행  화진포 신서유기에도 나왔네요
D***6,수옥정,201905**,M,2,"학생 (초중고학생, 대학생, 대학원생)",500~599만원,아니오,          ,아파트/ 주상복합,서울,강서구,내발산동,,애플,KT,수옥정,https://m.blog.naver.com/akekdthkl200/221662955468,수옥정과 수옥폭포   충북괴산여행
D***1,성류굴,201905**,F,3,,,      ,          ,,경기,고양시 일산서구,일산2동,,,,성류굴,https://m.blog.naver.com/hsakjo/221566664329,울진 금강소나무 숲길 트레킹울진 성류굴
D***6,변산해수욕장,201905**,F,3,"교직 (교사, 유치원교사, 학원강사)",800~899만원,아니오,          ,아파트/ 주상복합,서울,송파구,가락1동,,애플,SKT,변산해수욕장,https://m.blog.naver.com/soolok791/221651245712,변산 해수욕장 스타렉스 캠핑카 타고 여행  갯벌체험으로 조개를 캤어요
D***5,레인보우힐링,201905**,F,2,,,      ,          ,,충남,아산시,풍기동,,,,레인보우힐링,https://m.blog.naver.com/ydpodoblog/221581379841,민주지산 자연휴양림 레인보우 힐링 숲속 가요제
D***4,안동문화,201905**,M,5,"자영업 (도소매업, 숙박업, 미용업)","1,000만원 이상",예    ,자녀 있음 ,연립주택/ 다세대/ 빌라,서울,서대문구,북가좌2동,기타 (승합차/트럭/화물차/기타 차량 등),삼성,SKT,안동문화,https://blog.naver.com/jomkkange/221718101147,191125 1박 2일 안동 여행  세계문화유산 도산서원
D***0,용문산,201905**,M,3,,,      ,          ,,서울,강북구,미아동,,,,용문산,https://kaisr2.blog.me/221624459312,양평 용문산 관광단지와 용문사 은행나무
D***1,신화랑,201905**,F,3,,,      ,          ,,대구,동구,신천동,,,,신화랑,https://m.blog.naver.com/wind_0227/221554355785,청도 가볼만한곳 신화랑풍류마을 생각보다 알차
D***3,설악한화리조트,201905**,F,2,,,      ,          ,,경기,고양시 일산서구,탄현동,,,,설악한화리조트,https://blog.naver.com/nayanahanmi/221582702954,강원도 속초여행 물놀이 먹거리 놀거리 가능한 설악 한화리조트
D***3,화암,201905**,M,3,,,      ,          ,,경기,남양주시,평내동,,,,화암,https://m.blog.naver.com/aoisora2/221689337096,정선 아이와 가볼만한곳 화암동굴 나들이 
D***0,일심사,201905**,M,3,,,      ,          ,,인천,계양구,계산동,,,,일심사,https://m.blog.naver.com/only_tour/221532442887,오이타 여행 코스벚꽃 운해 잇신지일심사
D***3,골드힐카운티리조트,201905**,M,3,,,      ,          ,,서울,서대문구,북가좌2동,,,,골드힐카운티리조트,https://www.yna.co.kr/view/PYH20190609095000063?input=1196m,천안 골드힐카운티리조트 관광단지 기공식  연합뉴스
D***6,홍길동테마파크,201905**,M,5,"자영업 (도소매업, 숙박업, 미용업)",500~599만원,예    ,자녀 있음 ,아파트/ 주상복합,서울,강남구,도곡2동,"중형SUV (싼타페, 쏘렌토, 캡티바, BMW X3급 등)",삼성,KT,홍길동테마파크,https://m.blog.naver.com/hhs653409/221664061938,장성 홍길동 테마파크 반가운 지인들과의 카라반 캠핑
D***9,월명암,201905**,M,2,,,      ,          ,,서울,송파구,삼전동,,,,월명암,https://m.blog.naver.com/rowon98/221698025729,깊어가는 내변산의 가을 풍경1남여치월명암직소폭포재백이고개
D***7,전통한방휴양,201905**,M,4,,,      ,          ,,부산,수영구,남천동,,,,전통한방휴양,https://m.blog.naver.com/ndustns61/221224126114,전통한방휴양관광지 산청동의보감촌공진단만들기 체험
D***2,대승사,201905**,M,2,,,      ,          ,,대구,달성군,옥포면,,,,대승사,https://m.blog.naver.com/5490ljy/221703776913,문경 사불산 대승사
D***5,마니산,201905**,M,5,"자영업 (도소매업, 숙박업, 미용업)",500~599만원,예    ,자녀 있음 ,아파트/ 주상복합,서울,송파구,송파1동,"준대형차 (그랜저, K7, 알페온, 캠리급, 파사트급 등)",삼성,KT,마니산,https://blog.naver.com/jipangdosa/221613683019,한국명산 031 강화도 마니산 등산기
D***7,곽지,201905**,F,2,"사무직 (일반사무직, 공무원, 직업군인)",800~899만원,아니오,          ,아파트/ 주상복합,충남,천안시 동남구,신방동,,삼성,KT,곽지,https://m.blog.naver.com/wnhjeju/221718304122,제주여행 곽지해변에서 한담공원 멋진뷰
D***5,봉개휴양림,201905**,M,4,,,      ,          ,,대전,서구,변동,,,,봉개휴양림,https://m.blog.naver.com/slow_m00n/221700410084,제주교래자연휴양림 큰지그리오름 봉개음식물처리장 냄새 최악
D***8,수타사,201905**,F,2,"사무직 (일반사무직, 공무원, 직업군인)",600~699만원,아니오,          ,아파트/ 주상복합,충남,아산시,도고면,,삼성,SKT,수타사,https://m.blog.naver.com/sul_hwa/221684137467,홍천 은행나무숲과 수타사 강원도 가볼만한곳
D***8,고흥우주해양,201905**,F,5,"주부 (전업주부, 파트타임 근무 주부)",400~499만원,예    ,자녀 있음 ,아파트/ 주상복합,인천,남구,학익1동,"경차 (모닝, 스파크 등)",삼성,SKT,고흥우주해양,https://blog.naver.com/yescom2000/221475087283,김 지사 고흥 우주항공 중심도시로 대도약
D***6,등명,201905**,M,4,,,      ,          ,,서울,동대문구,이문1동,,,,등명,https://m.blog.naver.com/fedfox77/221616393516,강릉 해수욕장 추천 작지만 편안한 등명해변등명해수욕장
D***7,성류굴,201905**,F,2,,,      ,          ,,충북,청주시 상당구,방서동,,,,성류굴,https://m.blog.naver.com/hsakjo/221566664329,울진 금강소나무 숲길 트레킹울진 성류굴
D***8,개척사,201905**,F,3,"서비스직 (요식업, 숙박업, 미용실종업원)",200~299만원,예    ,자녀 없음 ,연립주택/ 다세대/ 빌라,서울,강동구,성내1동,"소형차 (액센트, 프라이드, 아베오, 피아트급 등)",삼성,LG U+,개척사,https://m.blog.naver.com/genseoks1/221406743484,미국 개척사에 두드러진 두 청년
D***6,내설악 용대,201905**,M,4,,,      ,          ,,서울,광진구,중곡3동,,,,내설악 용대,https://m.blog.naver.com/hoilsanta/221548303837,Jule105 봉정암  강원 인제 용대 내설악11530 월 맑음
D***9,아우라지,201905**,F,4,"교직 (교사, 유치원교사, 학원강사)",300~399만원,예    ,자녀 있음 ,아파트/ 주상복합,경기,파주시,금촌2동,"경차 (모닝, 스파크 등)",삼성,SKT,아우라지,https://m.blog.naver.com/kooni/221672541768,정선 아리랑 시장  물 폭탄 맞은 아우라지
D***8,휘닉스파크,201905**,M,2,"생산/노무직 (생산감독, 경비원, 공장근로자)",100~199만원,아니오,          ,오피스텔,경북,경산시,임당동,,삼성,SKT,휘닉스파크,https://blog.naver.com/vegemilstory/221663623759,가을 여행지 평창 가볼만한 곳 휘닉스 파크 1박 2일  양떼목장 체험까지
D***4,제주용머리,201905**,M,5,,,      ,          ,,충남,당진군,송악읍,,,,제주용머리,http://m.blog.daum.net/_blog/_m/articleView.do?blogid=0b2pw&articleno=2342,제주 용머리해안 맛집 가족 식사엔 카도돈카츠
D***3,보덕사 ,201905**,M,4,"생산/노무직 (생산감독, 경비원, 공장근로자)",200~299만원,예    ,자녀 있음 ,아파트/ 주상복합,전남,목포시,북항동,"중형SUV (싼타페, 쏘렌토, 캡티바, BMW X3급 등)",삼성,SKT,보덕사 ,http://m.blog.daum.net/_blog/_m/articleView.do?blogid=03bMR&articleno=15961077,보덕사 예산
D***8,돈내코,201905**,M,4,,,      ,          ,,서울,중구,남대문로5가,,,,돈내코,https://m.blog.naver.com/sohyun1989/221684113927,제주 원앙폭포 신비함을 느끼고 싶다면 꼭 돈내코
D***9,미륵사지,201905**,M,4,"사무직 (일반사무직, 공무원, 직업군인)",700~799만원,예    ,자녀 있음 ,아파트/ 주상복합,경기,안산시 단원구,신길동,"중형SUV (싼타페, 쏘렌토, 캡티바, BMW X3급 등)",LG,LG U+,미륵사지,https://m.blog.naver.com/jhyang58/221711567421,미륵사지 교도소세트장 보석박물관  익산  전주 여행  1 
D***7,레인보우힐링,201905**,M,2,,,      ,          ,,부산,사하구,하단1동,,,,레인보우힐링,https://m.blog.naver.com/ydpodoblog/221581379841,민주지산 자연휴양림 레인보우 힐링 숲속 가요제
D***7,진관사,201905**,M,2,"학생 (초중고학생, 대학생, 대학원생)",200~299만원,아니오,          ,단독주택,서울,마포구,동교동,,LG,KT,진관사,https://m.blog.naver.com/ka8564/221628007626,북한산 등산코스진관사 삼천사 원점코스
D***6,안동문화,201905**,M,2,무직,300~399만원,아니오,          ,아파트/ 주상복합,대전,유성구,원내동,,삼성,SKT,안동문화,https://blog.naver.com/jomkkange/221718101147,191125 1박 2일 안동 여행  세계문화유산 도산서원
D***7,소요산,201905**,M,4,"자영업 (도소매업, 숙박업, 미용업)","1,000만원 이상",아니오,          ,아파트/ 주상복합,인천,연수구,옥련2동,,,,소요산,https://blog.naver.com/pajiwn/221658923153,소요산 등산코스  소요산역자재암선녀탕의상대원점회귀 3시간
D***0,고래불,201905**,F,5,"관리직 (사장, 간부, 고위공무원)",500~599만원,예    ,자녀 있음 ,아파트/ 주상복합,서울,관악구,봉천동,"중형차 (쏘나타, K5, 말리부, 골프급 등)",삼성,LG U+,고래불,http://m.blog.daum.net/_blog/_m/articleView.do?blogid=0bogl&articleno=923,해파랑길 트레킹 제23코스 고래불 후포항
D***7,삼척해수욕장,201905**,M,4,무직,100만원 미만,예    ,자녀 있음 ,아파트/ 주상복합,전남,목포시,용해동,"중형차 (쏘나타, K5, 말리부, 골프급 등)",삼성,SKT,삼척해수욕장,https://m.blog.naver.com/funny0820/221599410365,삼척여행 Part1삼척 하얀낭만펜션일미어담삼척해변
D***2,태종대,201905**,M,2,,,      ,          ,,경기,화성시,안녕동,,,,태종대,https://blog.naver.com/lovely_fat/221718153043,부산 해동용궁사와 태종대로 효도관광
D***5,여수 첼린지 파크,201905**,F,3,"주부 (전업주부, 파트타임 근무 주부)",200~299만원,예    ,자녀 있음 ,아파트/ 주상복합,경기,안산시 단원구,고잔동,,LG,SKT,여수 첼린지 파크,https://blog.naver.com/okine2086/221595075033,여수 유월드 루지 테마파크 핫플 인정 100만표
D***7,왜목마을,201905**,M,2,,,      ,          ,,강원,강릉시,포남동,,,,왜목마을,https://m.blog.naver.com/rrhcdldi/221709687950,당진당일치기 3 왜목마을 해수욕장 산책 잠깐 들리기 좋은 코스
D***3,추암,201905**,F,4,"사무직 (일반사무직, 공무원, 직업군인)",300~399만원,아니오,          ,아파트/ 주상복합,서울,동작구,대방동,"준중형SUV (투싼, 스포티지, QM5, 티구안급 등)",LG,KT,추암,http://m.blog.daum.net/_blog/_m/articleView.do?blogid=0bogl&articleno=936,해파랑길 트레킹 제32코스 한재밑 추암
D***5,당항포,201905**,M,4,"생산/노무직 (생산감독, 경비원, 공장근로자)",400~499만원,예    ,자녀 있음 ,연립주택/ 다세대/ 빌라,경기,광주시,목현동,"준중형차 (아반떼, K3, 크루즈, 제타급 등)",삼성,SKT,당항포,https://m.blog.naver.com/turpu/221690928126,경남 고성 가볼만한곳 공룡엑스포가 펼쳐지는 당항포 관광단지
D***2,통도사,201905**,F,3,"사무직 (일반사무직, 공무원, 직업군인)",400~499만원,예    ,자녀 없음 ,아파트/ 주상복합,경기,시흥시,정왕3동,"준중형차 (아반떼, K3, 크루즈, 제타급 등)",삼성,SKT,호미곶,https://n.news.naver.com/article/022/0003361882,"3대 사찰 통도사,... :: 네이버 뉴스"
D***2,장목,201905**,F,3,"사무직 (일반사무직, 공무원, 직업군인)",400~499만원,예    ,자녀 없음 ,아파트/ 주상복합,경기,시흥시,정왕3동,"준중형차 (아반떼, K3, 크루즈, 제타급 등)",삼성,SKT,호미곶,https://m.blog.naver.com/PostView.nhn?blogId=wonju_city&logNo=221527805857,[원주 축제] 치악산 황장목숲길 걷기 축제 : 네이버 블로그
D***2,호미곶,201905**,F,3,"사무직 (일반사무직, 공무원, 직업군인)",400~499만원,예    ,자녀 없음 ,아파트/ 주상복합,경기,시흥시,정왕3동,"준중형차 (아반떼, K3, 크루즈, 제타급 등)",삼성,SKT,호미곶,https://m.cafe.naver.com/hkct/840207,●역무박여행모임● 포항 호미곶+국제불꽃축제 : 네이버 카페
D***2,호미곶,201905**,F,3,"사무직 (일반사무직, 공무원, 직업군인)",400~499만원,예    ,자녀 없음 ,아파트/ 주상복합,경기,시흥시,정왕3동,"준중형차 (아반떼, K3, 크루즈, 제타급 등)",삼성,SKT,호미곶,https://m.cafe.naver.com/hkct/840207,●역무박여행모임● 포항 호미곶+국제불꽃축제 : 네이버 카페
D***7,대구면도요지,201905**,F,4,"주부 (전업주부, 파트타임 근무 주부)",400~499만원,예    ,자녀 있음 ,연립주택/ 다세대/ 빌라,서울,도봉구,쌍문2동,,삼성,SKT,대구면도요지,https://m.blog.naver.com/skku_skai/220852355231,강진 대구면 도요지 종합정비계획 학술연구용역
D***9,백제가요정읍사,201905**,F,3,기타 ,200~299만원,예    ,자녀 있음 ,아파트/ 주상복합,부산,북구,금곡동,"소형차 (액센트, 프라이드, 아베오, 피아트급 등)",LG,LG U+,백제가요정읍사,https://m.blog.naver.com/japansisa/221583141689,백제의 가요 정읍사 망한가로 새롭게 태어나다
D***6,안동문화,201905**,F,4,"자영업 (도소매업, 숙박업, 미용업)",500~599만원,예    ,자녀 있음 ,연립주택/ 다세대/ 빌라,서울,강북구,수유동,,LG,LG U+,안동문화,https://blog.naver.com/jomkkange/221718101147,191125 1박 2일 안동 여행  세계문화유산 도산서원
D***1,해남 오시아노,201905**,M,3,"사무직 (일반사무직, 공무원, 직업군인)",400~499만원,예    ,자녀 없음 ,연립주택/ 다세대/ 빌라,서울,구로구,개봉3동,"준중형SUV (투싼, 스포티지, QM5, 티구안급 등)",삼성,LG U+,해남 오시아노,https://blog.naver.com/qud005/221544080363,캠핑장 추천  해남 오시아노 캠핑장
D***0,영국사,201905**,F,2,"전문직 (의사, 판검사, 예술가, 종교인)",500~599만원,아니오,          ,아파트/ 주상복합,충남,천안시 동남구,신부동,"중형SUV (싼타페, 쏘렌토, 캡티바, BMW X3급 등)",삼성,KT,영국사,https://m.blog.naver.com/youliyan/221628365158,충북 영동 가볼만한곳 천태산 영국사
D***8,궁평,201905**,M,3,"판매직 (상점점원, 보험설계사, 노점상)",700~799만원,아니오,          ,단독주택,서울,중구,광희동2가,,기타,KT,궁평,http://blog.daum.net/seohwi/277,궁평의 마을
D***2,청도온천,201905**,F,4,"교직 (교사, 유치원교사, 학원강사)",400~499만원,예    ,자녀 있음 ,아파트/ 주상복합,전남,목포시,옥암동,"중형차 (쏘나타, K5, 말리부, 골프급 등)",삼성,SKT,청도온천,https://m.cafe.naver.com/daegumam2003/187255,청도 온천갑니다용
D***2,신지명사십리,201905**,M,4,,,      ,          ,,경기,군포시,부곡동,,,,신지명사십리,https://m.blog.naver.com/kurum_be/221503580309,여로4  완도 신지명사십리해수욕장  20190325
D***5,제주용머리,201905**,F,2,,,      ,          ,,서울,중구,신당동,,,,제주용머리,http://m.blog.daum.net/_blog/_m/articleView.do?blogid=0b2pw&articleno=2342,제주 용머리해안 맛집 가족 식사엔 카도돈카츠
D***6,충주호체험,201905**,M,4,"사무직 (일반사무직, 공무원, 직업군인)",600~699만원,예    ,자녀 없음 ,아파트/ 주상복합,서울,강동구,암사2동,"준중형차 (아반떼, K3, 크루즈, 제타급 등)",기타,SKT,충주호체험,https://m.blog.naver.com/yoohr0507/221553190270,충주호 유람선 체험
D***5,농월정,201905**,F,4,"사무직 (일반사무직, 공무원, 직업군인)","1,000만원 이상",아니오,          ,단독주택,서울,관악구,신사동,"준대형차 (그랜저, K7, 알페온, 캠리급, 파사트급 등)",애플,알뜰폰(MVNO),농월정,https://m.blog.naver.com/roadmoog/221568172575,함양 남계서원 농월정 일두고택
D***9,다덕약수,201905**,M,4,"생산/노무직 (생산감독, 경비원, 공장근로자)",200~299만원,예    ,자녀 있음 ,연립주택/ 다세대/ 빌라,경기,안산시 상록구,사2동,"중형SUV (싼타페, 쏘렌토, 캡티바, BMW X3급 등)",삼성,SKT,다덕약수,https://m.blog.naver.com/soda8219/221603152068,봉화 약수식당  다덕약수 로 만든 토종닭백숙
D***1,광덕계곡,201905**,M,4,"사무직 (일반사무직, 공무원, 직업군인)",400~499만원,예    ,자녀 있음 ,아파트/ 주상복합,광주,북구,일곡동,"준중형SUV (투싼, 스포티지, QM5, 티구안급 등)",애플,KT,광덕계곡,https://m.blog.naver.com/hardprince/221676277562,즐거운 와인딩 코스 여우고개  백운계곡  광덕계곡  도마치재 M으로 지지기
D***5,신화역사공원,201905**,F,4,"주부 (전업주부, 파트타임 근무 주부)",300~399만원,예    ,자녀 있음 ,아파트/ 주상복합,경기,남양주시,평내동,,삼성,SKT,신화역사공원,https://present0955.blog.me/221723400417,제주 신화역사공원 홍차 카페 다만프레르
D***6,안적사,201905**,F,5,,,      ,          ,,서울,성북구,돈암동,,,,안적사,https://m.blog.naver.com/isinki/221675421360,기장 안적사에서 가을을 맞이했습니다
D***4,산정호수,201905**,F,5,,,      ,          ,,경기,남양주시,오남읍,,,,산정호수,https://tcacyc.blog.me/221725616480,포천 산정호수 둘레길을 걸으며
D***9,영탑사,201905**,M,3,"기능직 (자동차정비, 운전기사, 안경사, 택시기사)",900~999만원,아니오,          ,아파트/ 주상복합,서울,광진구,중곡동,"중형차 (쏘나타, K5, 말리부, 골프급 등)",삼성,SKT,영탑사,https://m.blog.naver.com/elderpine/221667087073,절로절로 우리절 20 당진 영탑사
D***4,팜파스종합휴양,201905**,F,3,"전문직 (의사, 판검사, 예술가, 종교인)",500~599만원,예    ,자녀 없음 ,아파트/ 주상복합,서울,동작구,신대방2동,"준중형차 (아반떼, K3, 크루즈, 제타급 등)",애플,KT,무릉계곡,https://blog.naver.com/hriver21/221092893072,팜파스종합휴양관광단지
D***4,무릉계곡,201905**,F,3,"전문직 (의사, 판검사, 예술가, 종교인)",500~599만원,예    ,자녀 없음 ,아파트/ 주상복합,서울,동작구,신대방2동,"준중형차 (아반떼, K3, 크루즈, 제타급 등)",애플,KT,무릉계곡,http://m.blog.daum.net/_blog/_m/articleView.do?blogid=0W7Ve&articleno=858,단풍따라 흐르는 가을여행 - 6. 무릉계곡 여행
D***3,마이산회봉온천,201905**,M,3,,,      ,          ,,,,,,,,마이산회봉온천,https://m.blog.naver.com/PostView.nhn?blogId=hk8300&logNo=50140957063&proxyReferer=https%3A%2F%2Fm.search.naver.com%2Fsearch.naver%3Fquery%3D%25EB%25A7%2588%25EC%259D%25B4%25EC%2582%25B0%25ED%259A%258C%25EB%25B4%2589%25EC%2598%25A8%25EC%25B2%259C%26sm%3Dmtb_hty.top%26where%3Dm%26oquery%3D%25EB%258C%2580%25EA%25B5%25AC%25EB%25A9%25B4%25EB%258F%2584%25EC%259A%2594%25EC%25A7%2580%26tqi%3DUPO7psprvAdssE166zRssssst3G-144381,마이산회봉온천 새 희망 날개 활짝 폈다
D***4,평창 용평,201905**,F,4,"주부 (전업주부, 파트타임 근무 주부)",400~499만원,예    ,자녀 없음 ,오피스텔,경기,고양시 일산동구,백석동,"준중형SUV (투싼, 스포티지, QM5, 티구안급 등)",삼성,SKT,평창 용평,https://blog.naver.com/see302/221593099739,평창가볼만한곳평창 용평리조트 타워콘도 와 용평 워터파크 피크아일랜드현대홈쇼핑
D***5,거가대교,201905**,F,3,"주부 (전업주부, 파트타임 근무 주부)",400~499만원,예    ,자녀 있음 ,아파트/ 주상복합,서울,성북구,정릉4동,"중형SUV (싼타페, 쏘렌토, 캡티바, BMW X3급 등)",삼성,SKT,거가대교,https://m.blog.naver.com/ohyea95/221553123462,가덕도 가볼 만한 곳 연대봉 세계 최대 수심 해저터널 거가대교
D***6,제주여성테마파크,201905**,M,4,"기능직 (자동차정비, 운전기사, 안경사, 택시기사)",200~299만원,아니오,          ,연립주택/ 다세대/ 빌라,광주,광산구,우산동,"중형SUV (싼타페, 쏘렌토, 캡티바, BMW X3급 등)",삼성,SKT,제주여성테마파크,https://m.blog.naver.com/kkengzz/221705309627,제주아이들과가볼만한곳 서프라이즈테마파크
D***1,대구면도요지,201905**,M,3,"서비스직 (요식업, 숙박업, 미용실종업원)",200~299만원,예    ,자녀 없음 ,연립주택/ 다세대/ 빌라,대전,동구,용전동,"준중형차 (아반떼, K3, 크루즈, 제타급 등)",LG,LG U+,대구면도요지,https://m.blog.naver.com/skku_skai/220852355231,강진 대구면 도요지 종합정비계획 학술연구용역
D***6,흥덕사,201905**,F,3,"자영업 (도소매업, 숙박업, 미용업)",300~399만원,아니오,          ,아파트/ 주상복합,부산,부산진구,전포동,,삼성,SKT,흥덕사,https://m.blog.naver.com/ojs0126/221690775065,흥덕사 백운문화한마당 참석
D***2,벽계,201905**,F,2,"학생 (초중고학생, 대학생, 대학원생)",500~599만원,아니오,          ,아파트/ 주상복합,강원,원주시,단구동,,애플,KT,벽계,https://m.blog.naver.com/uiryeonginfo/221691105047,벽계야영장은 새단장 중
D***2,마곡사,201905**,M,2,,,      ,          ,,,,,,,,마곡사,https://m.blog.naver.com/usgreen99/221692318243,공주 가볼만한곳 마곡사 가을 모습은
D***5,쌍계사,201905**,M,4,,,      ,          ,,경기,용인시 수지구,죽전2동,,,,쌍계사,https://m.blog.naver.com/gnfeel/221717628454,경상남도 하동  하동 가볼만한곳 지리산자락으로 가을여행 떠나요 하동 쌍계사
D***5,금강하구둑,201905**,F,3,"사무직 (일반사무직, 공무원, 직업군인)",200~299만원,아니오,          ,연립주택/ 다세대/ 빌라,서울,영등포구,당산동,,애플,KT,망상,https://m.blog.naver.com/11cap/221590974456,금강자전거길신탄진금강하구둑20190702
D***5,망상,201905**,F,3,"사무직 (일반사무직, 공무원, 직업군인)",200~299만원,아니오,          ,연립주택/ 다세대/ 빌라,서울,영등포구,당산동,,애플,KT,망상,https://m.blog.naver.com/kkoshooo/221596336418,강원 동해 망상오토캠핑장
D***3,문수사,201905**,M,2,"학생 (초중고학생, 대학생, 대학원생)",700~799만원,아니오,          ,아파트/ 주상복합,서울,강동구,성내1동,,삼성,알뜰폰(MVNO),문수사,http://m.blog.daum.net/_blog/_m/articleView.do?blogid=0qXA2&articleno=504,고창 청량산 문수사
D***0,송불암,201905**,F,4,"주부 (전업주부, 파트타임 근무 주부)",700~799만원,예    ,자녀 있음 ,아파트/ 주상복합,광주,서구,화정2동,,삼성,LG U+,송불암,https://m.blog.naver.com/nscity/221624748483,논산여행 황산벌의 중심에 자리한 논산 송불암 미륵불
D***9,대구면도요지,201905**,M,4,,,      ,          ,,서울,관악구,난곡동,,,,대구면도요지,https://m.blog.naver.com/skku_skai/220852355231,강진 대구면 도요지 종합정비계획 학술연구용역
D***5,울산 강동,201905**,M,3,"사무직 (일반사무직, 공무원, 직업군인)",600~699만원,예    ,자녀 있음 ,아파트/ 주상복합,서울,마포구,성산1동,"중형차 (쏘나타, K5, 말리부, 골프급 등)",삼성,SKT,울산 강동,https://blog.naver.com/usbukgu/221725467902,울산 강동 화암 주상절리 예술작품 같은 일출
D***1,홍천 비발디파크,201905**,F,3,"사무직 (일반사무직, 공무원, 직업군인)",800~899만원,아니오,          ,아파트/ 주상복합,경기,오산시,양산동,"중형차 (쏘나타, K5, 말리부, 골프급 등)",애플,KT,홍천 비발디파크,https://blog.naver.com/loveeoni/221717350562,비발디파크 근처 펜션 홍천 힐링하우스 뜨끈한 온돌방 넘나 좋음
D***3,돈내코,201905**,M,2,"학생 (초중고학생, 대학생, 대학원생)",500~599만원,아니오,          ,아파트/ 주상복합,경기,고양시 일산동구,식사동,"준중형SUV (투싼, 스포티지, QM5, 티구안급 등)",삼성,KT,성기동,https://m.blog.naver.com/sohyun1989/221684113927,제주 원앙폭포 신비함을 느끼고 싶다면 꼭 돈내코
D***3,성기동,201905**,M,2,"학생 (초중고학생, 대학생, 대학원생)",500~599만원,아니오,          ,아파트/ 주상복합,경기,고양시 일산동구,식사동,"준중형SUV (투싼, 스포티지, QM5, 티구안급 등)",삼성,KT,성기동,https://m.blog.naver.com/cakemart/221202346421,영암 왕인박사 유적지   3 성기동 성천
D***4,선바위,201905**,M,3,"사무직 (일반사무직, 공무원, 직업군인)",200~299만원,예    ,자녀 있음 ,아파트/ 주상복합,경남,양산시,물금읍,"중형차 (쏘나타, K5, 말리부, 골프급 등)",삼성,LG U+,선바위,https://m.blog.naver.com/7750khj/221702772489,합천 작은가야산  수리봉소바우듬선바위
D***8,맹방,201905**,M,4,"사무직 (일반사무직, 공무원, 직업군인)",400~499만원,예    ,자녀 있음 ,아파트/ 주상복합,서울,서초구,잠원동,"중형SUV (싼타페, 쏘렌토, 캡티바, BMW X3급 등)",LG,SKT,맹방,https://m.blog.naver.com/brad42/221596457277,강원도 삼척 맹방해수욕장 당일치기 여행
D***1,직탕,201905**,F,4,"판매직 (상점점원, 보험설계사, 노점상)",400~499만원,예    ,자녀 있음 ,연립주택/ 다세대/ 빌라,서울,은평구,녹번동,,삼성,SKT,직탕,https://m.blog.naver.com/sonic72/221608063332,20190806 철원일대 폭포를 찾아떠난 여름휴가 재인폭포비둘기낭폭포직탕폭포산정호수
D***2,거제 남부,201905**,M,3,"자영업 (도소매업, 숙박업, 미용업)",700~799만원,아니오,          ,아파트/ 주상복합,서울,강남구,논현1동,"대형차 (제너시스, BMW5급 등)",삼성,LG U+,거제 남부,https://blog.naver.com/rowon98/221488555544,거제 남부 해변길 걷기함목다대다포천장산여차여차홍포전망대홍포대포근포근포마을명사저구항
D***9,거가대교,201905**,F,2,,,      ,          ,,서울,중구,필동3가,,,,거가대교,https://m.blog.naver.com/ohyea95/221553123462,가덕도 가볼 만한 곳 연대봉 세계 최대 수심 해저터널 거가대교
D***8,불갑사,201905**,F,4,"주부 (전업주부, 파트타임 근무 주부)",400~499만원,예    ,자녀 있음 ,아파트/ 주상복합,경기,용인시 기흥구,마북동,"중형SUV (싼타페, 쏘렌토, 캡티바, BMW X3급 등)",삼성,SKT,불갑사,https://m.blog.naver.com/ka8564/221649053161,불갑사 상사화 개화초기 풍경불갑사상사화축제 날에는 만개할듯
D***9,태종대,201905**,M,2,,,      ,          ,,경기,평택시,신장동,"경차 (모닝, 스파크 등)",애플,LG U+,태종대,https://blog.naver.com/lovely_fat/221718153043,부산 해동용궁사와 태종대로 효도관광
D***3,연등사,201905**,F,5,"관리직 (사장, 간부, 고위공무원)",700~799만원,예    ,자녀 있음 ,연립주택/ 다세대/ 빌라,부산,남구,대연5동,"준중형차 (아반떼, K3, 크루즈, 제타급 등)",애플,KT,연등사,https://m.blog.naver.com/buddhafind/221475602259,연등사경북 봉화군 석포면
D***3,복전암,201905**,M,3,"교직 (교사, 유치원교사, 학원강사)",500~599만원,예    ,자녀 없음 ,아파트/ 주상복합,서울,관악구,난향동,"소형SUV/CUV (티볼리, QM3 등)",애플,KT,복전암,https://m.blog.naver.com/015sign/221552478539,토요산행   보문산
D***3,의성탑산온천,201905**,F,4,"관리직 (사장, 간부, 고위공무원)",400~499만원,예    ,자녀 있음 ,아파트/ 주상복합,충북,청주시 상당구,명암동,"준중형차 (아반떼, K3, 크루즈, 제타급 등)",삼성,LG U+,의성탑산온천,https://m.blog.naver.com/darkspwn1/221256068023,경북 의성 탑산약수온천 유황냄새 진한 지방온천
D***8,화순온천,201905**,M,3,"생산/노무직 (생산감독, 경비원, 공장근로자)",100~199만원,아니오,          ,연립주택/ 다세대/ 빌라,경북,구미시,비산동,"준대형차 (그랜저, K7, 알페온, 캠리급, 파사트급 등)",삼성,SKT,화순온천,https://m.blog.naver.com/haengbok2/221608294392,아들과 둘이 한 광주 차박여행광주챔피언스필드 대인야시장 화순온천 광주호 전주
D***4,마곡사,201905**,M,4,"생산/노무직 (생산감독, 경비원, 공장근로자)",300~399만원,예    ,자녀 있음 ,아파트/ 주상복합,부산,남구,용호동,"소형SUV/CUV (티볼리, QM3 등)",LG,LG U+,마곡사,https://m.blog.naver.com/usgreen99/221692318243,공주 가볼만한곳 마곡사 가을 모습은
D***7,평택호,201905**,M,3,무직,100~199만원,아니오,          ,아파트/ 주상복합,서울,노원구,공릉2동,,애플,KT,평택호,https://blog.naver.com/inkyungidd/221621262586,평택호텔  그랜드호텔 평택호 뷰를 볼 수 있는 호텔 추천
D***9,한탄강,201905**,F,4,"주부 (전업주부, 파트타임 근무 주부)",400~499만원,예    ,자녀 있음 ,아파트/ 주상복합,충남,아산시,배방읍,"경차 (모닝, 스파크 등)",삼성,SKT,한탄강,http://nanazip.com/221721990837,철원 카페  송대소 주상절리 한탄강을 배경으로 커피한잔에 빠져보는 모닝캄빌리지 펜션  카페
D***1,강원송지호,201905**,M,3,무직,100만원 미만,예    ,자녀 있음 ,아파트/ 주상복합,경기,군포시,산본동,"준대형차 (그랜저, K7, 알페온, 캠리급, 파사트급 등)",삼성,SKT,마니산,https://m.blog.naver.com/jhany00/221660903730,송지호 오토캠핑에서 여름휴가를
D***1,마니산,201905**,M,3,무직,100만원 미만,예    ,자녀 있음 ,아파트/ 주상복합,경기,군포시,산본동,"준대형차 (그랜저, K7, 알페온, 캠리급, 파사트급 등)",삼성,SKT,마니산,https://blog.naver.com/jipangdosa/221613683019,한국명산 031 강화도 마니산 등산기
D***2,서포리,201905**,F,4,무직,200~299만원,예    ,자녀 있음 ,아파트/ 주상복합,경기,평택시,죽백동,"중형SUV (싼타페, 쏘렌토, 캡티바, BMW X3급 등)",삼성,SKT,서포리,https://blog.naver.com/zeroheart73/221561164544,덕적도 서포리해변 백패킹511  512
D***2,웰리힐리파크,201905**,F,4,"사무직 (일반사무직, 공무원, 직업군인)",600~699만원,아니오,          ,연립주택/ 다세대/ 빌라,경기,성남시 중원구,금광2동,,삼성,알뜰폰(MVNO),웰리힐리파크,https://blog.naver.com/missjoon/221716441790,웰리힐리파크 리프트권 및 록키스키 알파인 스키강습
D***6,웰리힐리파크,201905**,M,4,,,      ,          ,,경기,부천시 소사구,심곡본동,,,,웰리힐리파크,https://blog.naver.com/missjoon/221716441790,웰리힐리파크 리프트권 및 록키스키 알파인 스키강습
D***1,청도온천,201905**,M,4,"전문직 (의사, 판검사, 예술가, 종교인)",100만원 미만,예    ,자녀 있음 ,단독주택,서울,성북구,삼선동4가,,애플,SKT,청도온천,https://m.cafe.naver.com/daegumam2003/187255,청도 온천갑니다용
D***4,경주 감포,201905**,M,2,,,      ,          ,,강원,원주시,흥업면,,,,경주 감포,https://blog.naver.com/daisykim1987/221485776355,감포팬션바닷가가 한눈에 보이는 경주 팬션
D***5,봉개휴양림,201905**,M,2,"학생 (초중고학생, 대학생, 대학원생)",800~899만원,아니오,          ,오피스텔,대구,북구,산격3동,,삼성,SKT,봉개휴양림,https://m.blog.naver.com/slow_m00n/221700410084,제주교래자연휴양림 큰지그리오름 봉개음식물처리장 냄새 최악
D***0,오토테마파크,201905**,M,5,,,      ,          ,,경기,용인시 수지구,신봉동,,,,오토테마파크,https://m.blog.naver.com/python99/221517135324,야경이 멋있는 합천 휴테마파크 오토캠핑장
D***4,합천호,201905**,M,2,,,      ,          ,,대전,서구,탄방동,,,,합천호,http://m.blog.daum.net/_blog/_m/articleView.do?blogid=0Nnmh&articleno=2256,합천 악견산~의룡산 종주 - 합천호 조망과 천길단애를 경험할 수 있는 산 (대병3산/대병5악/십자바위/악견산성)
D***4,삼장사,201905**,M,5,,,      ,          ,,경기,안양시 동안구,관양동,,,,삼장사,https://m.cafe.naver.com/thebomsnap/398,20190516 성내동성당삼장사
D***,농월정,201905**,M,3,,,      ,          ,,경기,파주시,광탄면,,,,농월정,https://m.blog.naver.com/roadmoog/221568172575,함양 남계서원 농월정 일두고택
D***,강원송지호,201905**,F,3,,,      ,          ,,경기,오산시,누읍동,,,,강원송지호,https://m.blog.naver.com/jhany00/221660903730,송지호 오토캠핑에서 여름휴가를
D***,원주 플라워프루트월드,201905**,M,5,,,      ,          ,,서울,양천구,신정동,,,,원주 플라워프루트월드,https://blog.naver.com/lsgasd12/221643207852,원주 플라워프루트월드 관광단지 조성 사업 본격화
D***,연등사,201905**,M,4,,,      ,          ,,인천,연수구,연수1동,,,,연등사,https://m.blog.naver.com/buddhafind/221475602259,연등사경북 봉화군 석포면
D***,운주사,201905**,F,4,,,      ,          ,,경기,파주시,파주읍,,,,운주사,https://m.blog.naver.com/sanbada2004/221635346744,화순 운주사
D***,지리산온천,201905**,F,4,,,      ,          ,,서울,광진구,구의1동,,,,지리산온천,https://m.blog.naver.com/gksthf2702/221437321030,지리산 온천랜드 후기 지리산 가족여행가격
D***,대승사,201905**,F,5,기타 ,200~299만원,아니오,          ,연립주택/ 다세대/ 빌라,경기,광주시,목현동,"경차 (모닝, 스파크 등)",LG,KT,대승사,https://m.blog.naver.com/5490ljy/221703776913,문경 사불산 대승사
D***,나주호,201905**,M,3,,,      ,          ,,서울,종로구,무악동,,,,나주호,https://m.blog.naver.com/somangheso/221602510603,하늘이 내린 선물 나주호 반영
D***,신지명사십리,201905**,M,3,"사무직 (일반사무직, 공무원, 직업군인)",700~799만원,예    ,자녀 있음 ,아파트/ 주상복합,부산,해운대구,우2동,"중형SUV (싼타페, 쏘렌토, 캡티바, BMW X3급 등)",LG,SKT,신지명사십리,https://m.blog.naver.com/kurum_be/221503580309,여로4  완도 신지명사십리해수욕장  20190325
D***,여수 화양,201905**,F,4,"주부 (전업주부, 파트타임 근무 주부)",600~699만원,예    ,자녀 있음 ,연립주택/ 다세대/ 빌라,경기,성남시 분당구,판교동,"소형차 (액센트, 프라이드, 아베오, 피아트급 등)",삼성,LG U+,여수 화양,https://hjjnlove4.blog.me/221426880809,여수 맛집 화양식당 장어구이 장어탕
D***,고씨동굴,201905**,F,4,,,      ,          ,,인천,중구,중산동,,,,고씨동굴,https://m.blog.naver.com/sumjin1002/221621090655,태화산 끝자락 억년의 신비가 숨쉬고 있는 고씨동굴
D***,문장대온천,201905**,F,5,,,      ,          ,,서울,강북구,미아동,,,,문장대온천,http://m.blog.daum.net/_blog/_m/articleView.do?blogid=0F0kb&articleno=8780597,문장대온천개발 온천지구 지정 사실상 백지화 가능성 커
D***,만남의광장,201905**,M,3,,,      ,          ,,부산,금정구,두구동,,,,만남의광장,https://m.post.naver.com/viewer/postView.nhn?volumeNo=25975952&memberNo=7250666&vType=VERTICAL,하남 드림 휴게소만남의광장에 수소충전소 오픈
D***,안동문화,201905**,M,5,,,      ,          ,,경남,김해시,장유면,,,,안동문화,https://blog.naver.com/jomkkange/221718101147,191125 1박 2일 안동 여행  세계문화유산 도산서원
D***,합천호,201905**,M,4,,,      ,          ,,경남,진주시,신안동,,,,합천호,http://m.blog.daum.net/_blog/_m/articleView.do?blogid=0Nnmh&articleno=2256,합천 악견산~의룡산 종주 - 합천호 조망과 천길단애를 경험할 수 있는 산 (대병3산/대병5악/십자바위/악견산성)
D***,홍길동테마파크,201905**,F,2,,,      ,          ,,경기,성남시 분당구,구미동,,,,홍길동테마파크,https://m.blog.naver.com/hhs653409/221664061938,장성 홍길동 테마파크 반가운 지인들과의 카라반 캠핑
D***,흥룡사,201905**,M,3,,,      ,          ,,서울,강남구,역삼동,,,,흥룡사,https://m.blog.naver.com/ddungddy9073/221281506814,포천여행 백운산 자락에 있는 흑룡사
D***,강원호반,201905**,F,3,,,      ,          ,,경기,성남시 중원구,상대원1동,,,,경주 보문,http://blog.daum.net/yacho2011/2888,좋은 터 길라잡이(풍수문의 풍수강의)
D***,경주 보문,201905**,F,3,,,      ,          ,,경기,성남시 중원구,상대원1동,,,,경주 보문,https://blog.naver.com/asas0957/221701086136,경주 단풍 보문단지 산책 with 무지개
D***,신정호,201905**,M,2,,,      ,          ,,경기,남양주시,금곡동,,,,신정호,https://m.blog.naver.com/jsn920/221550735561,아산여행신정호 호수공원 전망좋은카페산책 아산 가볼만한곳
D***,구곡폭포,201905**,M,2,,,      ,          ,,경기,시흥시,대야동,,,,구곡폭포,https://blog.naver.com/jsl3335/221675894684,구곡 폭포 나들이
D***,제주 중문,201905**,M,4,,,      ,          ,,부산,남구,용당동,,,,제주 중문,https://blog.naver.com/artless1004/221708894020,행복했던 밥상 제주 중문 맛집
D***,구곡폭포,201905**,M,3,기타 ,200~299만원,예    ,자녀 있음 ,아파트/ 주상복합,경기,의정부시,금오동,"중형SUV (싼타페, 쏘렌토, 캡티바, BMW X3급 등)",애플,KT,구곡폭포,https://blog.naver.com/jsl3335/221675894684,구곡 폭포 나들이
D***,삼포 문암,201905**,F,3,,,      ,          ,,경기,고양시 일산동구,백석2동,,,,삼포 문암,https://m.blog.naver.com/heysun62/221545300677,고성  삼포문암진해변 개발
D***,문장대온천,201905**,M,5,,,      ,          ,,부산,사하구,괴정1동,,,,문장대온천,http://m.blog.daum.net/_blog/_m/articleView.do?blogid=0F0kb&articleno=8780597,문장대온천개발 온천지구 지정 사실상 백지화 가능성 커
D***,왕궁보석테마,201905**,M,2,,,      ,          ,,서울,강남구,역삼1동,,,,왕궁보석테마,https://m.blog.naver.com/hiksanin/221692718933,익산왕궁보석테마관광지 상설공연  체험프로그램
D***,송계사,201905**,M,2,,,      ,          ,,대전,유성구,관평동,,,,송계사,https://m.blog.naver.com/kimyt9999/221674102000,덕유산 지봉 산행기경남거창 송계사계곡에서 지봉에 올라 횡경재를 거쳐 백암봉까지 달려보자
D***,회산연꽃방죽,201905**,F,3,,,      ,          ,,경기,성남시 수정구,수진2동,,,,회산연꽃방죽,https://m.blog.naver.com/yunm2530/221565757481,일로읍 회산연꽃방죽이야기회산백련지연꽃나들이목포꽃집목포꽃배달 남악꽃배달 일로꽃배달무안꽃배달
D***,홍천온천,201905**,M,2,무직,100만원 미만,아니오,          ,아파트/ 주상복합,서울,강서구,등촌2동,,,알뜰폰(MVNO),홍천온천,https://m.blog.naver.com/hush113/221660267943,홍천 온천홍천에서 온천을 한다면오래된 시설이지만 물은 괜찮았던 원탕 온천목욕탕
D***,남원,201905**,M,3,,,      ,          ,,강원,삼척시,교동,,,,남원,https://m.blog.naver.com/lesu0/221715390631,국내여행  남원숙소 너무 좋았던 에어비앤비 수곡당
D***,묘산봉,201905**,F,5,,,      ,          ,,경남,김해시,진영읍,,,,묘산봉,https://m.blog.naver.com/kohj007/221598565809,제주시 구좌읍 김녕리 묘산봉 일대 농어촌도로 확장
D***,미천굴,201905**,M,2,,,      ,          ,,서울,중구,장충동2가,,,,미천굴,https://m.blog.naver.com/xodiddldkqk/221706364651,제주 일출랜드 그리고 미천굴
D***,오목내,201905**,M,2,무직,100만원 미만,아니오,          ,아파트/ 주상복합,서울,강남구,대치1동,,삼성,KT,오목내,https://m.blog.naver.com/skrkddlsgp/221721630990,진주 판문동 맛집 오목내 솔직후기
D***,연등사,201905**,M,2,,,      ,          ,,강원,화천군,사내면,,,,연등사,https://m.blog.naver.com/buddhafind/221475602259,연등사경북 봉화군 석포면
D***,홍천 비발디파크,201905**,M,3,,,      ,          ,,서울,강남구,역삼동,,,,홍천 비발디파크,https://blog.naver.com/loveeoni/221717350562,비발디파크 근처 펜션 홍천 힐링하우스 뜨끈한 온돌방 넘나 좋음
D***,표충사,201905**,F,4,,,      ,          ,,서울,영등포구,신길6동,,,,표충사,https://m.blog.naver.com/jupan1999/221715055350,표충사 우리아이마음숲놀이터 하루 종일 놀겠다는 아이들
D***,왕궁보석테마,201905**,F,4,,,      ,          ,,부산,동래구,안락2동,,,,왕궁보석테마,https://m.blog.naver.com/hiksanin/221692718933,익산왕궁보석테마관광지 상설공연  체험프로그램
D***,제천온천,201905**,M,5,무직,300~399만원,예    ,자녀 있음 ,아파트/ 주상복합,서울,양천구,신월4동,"중형SUV (싼타페, 쏘렌토, 캡티바, BMW X3급 등)",삼성,LG U+,제천온천,https://m.blog.naver.com/easeclub1/221720676545,충북 가볼만한곳 제천 리솜포레스트 온천여행과 자드락길
D***,칠갑산도립온천,201905**,F,2,,,      ,          ,,대전,중구,대흥동,,,,칠갑산도립온천,https://m.blog.naver.com/2000yhero/221524706364,칠갑산 도립공원 2
D***,선바위,201905**,F,4,,,      ,          ,,서울,광진구,구의3동,,,,선바위,https://m.blog.naver.com/7750khj/221702772489,합천 작은가야산  수리봉소바우듬선바위
D***,진관사,201905**,M,3,"사무직 (일반사무직, 공무원, 직업군인)",400~499만원,예    ,자녀 있음 ,아파트/ 주상복합,전남,순천시,조례동,"준중형SUV (투싼, 스포티지, QM5, 티구안급 등)",삼성,SKT,진관사,https://m.blog.naver.com/ka8564/221628007626,북한산 등산코스진관사 삼천사 원점코스
D***,오전약수,201905**,M,2,,,      ,          ,,서울,양천구,목4동,,,,오전약수,https://m.blog.naver.com/sanm308/221616161992,태백산에 싸여있는 봉화군 물야 오전약수
D***,임진각,201905**,M,4,,,      ,          ,,서울,강남구,개포1동,,,,임진각,https://blog.naver.com/lalla282/221708724445,파주관광지추천 아이들과 갈만한곳 임진각 평화누리공원
D***,율포해수욕장,201905**,M,2,"학생 (초중고학생, 대학생, 대학원생)",300~399만원,아니오,          ,연립주택/ 다세대/ 빌라,서울,광진구,자양4동,,삼성,KT,율포해수욕장,https://m.blog.naver.com/day31479/221486986413,전라도1박2일여행여수낭만포차 율포해수욕장 광한루원
D***,묘산봉,201905**,F,3,,,      ,          ,,경남,창원시 의창구,명서동,,,,묘산봉,https://m.blog.naver.com/kohj007/221598565809,제주시 구좌읍 김녕리 묘산봉 일대 농어촌도로 확장
D***,척산온천,201905**,M,3,,,      ,          ,,울산,동구,방어동,,,,척산온천,https://m.blog.naver.com/rnara/221478732030,속초 숙소 척산온천휴양촌
D***,홍천 비발디파크,201905**,F,5,"자영업 (도소매업, 숙박업, 미용업)",700~799만원,예    ,자녀 있음 ,아파트/ 주상복합,대구,달서구,감삼동,"중형차 (쏘나타, K5, 말리부, 골프급 등)",삼성,KT,홍천 비발디파크,https://blog.naver.com/loveeoni/221717350562,비발디파크 근처 펜션 홍천 힐링하우스 뜨끈한 온돌방 넘나 좋음
D***,함덕해안,201905**,F,4,,,      ,          ,,대전,유성구,지족동,,,,함덕해안,https://m.blog.naver.com/33fanta/221648550419,제주 바다가 보이는 카페제주도 조천함덕해안도로 바람과바다
D***,여수 경도,201905**,F,4,"사무직 (일반사무직, 공무원, 직업군인)",600~699만원,예    ,자녀 있음 ,연립주택/ 다세대/ 빌라,서울,서초구,방배2동,,삼성,알뜰폰(MVNO),여수 경도,https://blog.naver.com/zephyr122059/221339654475,수요미식회 여수  경도 자연횟집  여수 10미 하모 샤브샤브
D***,합천보조댐,201905**,M,2,,,      ,          ,,경기,의정부시,가능1동,,,,합천보조댐,https://m.blog.naver.com/gnfeel/221693122206,경상남도 산책길  합천 가볼만한곳 산책하며 데이트하기 좋은 길 합천 보조댐 수변생태 탐방로
D***,해남 오시아노,201905**,M,3,,,      ,          ,,경기,성남시 수정구,태평2동,,,,해남 오시아노,https://blog.naver.com/qud005/221544080363,캠핑장 추천  해남 오시아노 캠핑장
D***,제주남원,201905**,F,3,,,      ,          ,,서울,은평구,역촌동,,,,제주남원,https://m.blog.naver.com/since080515/221648773649,최고라고 말하고싶은 제주 남원 맛집
D***,호미곶,201905**,M,5,,,      ,          ,,서울,노원구,상계9동,,,,호미곶,https://m.blog.naver.com/okkmskim/221674686567,포항펜션 두남자와 함께했던 코지스위트펜션 죽도시장호미곶
D***,라비에벨,201905**,M,3,,,      ,          ,,인천,계양구,귤현동,,,,라비에벨,https://blog.naver.com/yangjinss/221716472829,부천예식장 라비에벨웨딩 기억에 많이 남을 것 같아요
D***,백암온천,201905**,M,4,,,      ,          ,,경남,진주시,신안동,,,,백암온천,https://m.blog.naver.com/hyechon49/221711918222,백암온천 백암LG생활연수원 숙소에서  백암산 백암폭포가는 길 백암폭포 백암온천
D***,기장도예촌,201905**,F,2,,,      ,          ,,광주,서구,화정1동,,,,기장도예촌,https://blog.naver.com/pjhi0523/221704174358,카라반캠핑기장도예촌
D***,평창 용평,201905**,M,2,,,      ,          ,,부산,해운대구,우1동,,,,평창 용평,https://blog.naver.com/see302/221593099739,평창가볼만한곳평창 용평리조트 타워콘도 와 용평 워터파크 피크아일랜드현대홈쇼핑
D***,울산 강동,201905**,F,3,,,      ,          ,,인천,남동구,간석4동,,,,울산 강동,https://blog.naver.com/usbukgu/221725467902,울산 강동 화암 주상절리 예술작품 같은 일출
D***,삼장사,201905**,F,3,,,      ,          ,,부산,강서구,강동동,,,,삼장사,https://m.cafe.naver.com/thebomsnap/398,20190516 성내동성당삼장사
D***,청평사,201905**,M,4,,,      ,          ,,경기,의정부시,민락동,,,,청평사,https://blog.naver.com/dlduddms3469/221681611478,춘천 단풍구경하며 산책겸 등산코스 청평사가는길
D***0,대천해수욕장,201905**,M,2,"서비스직 (요식업, 숙박업, 미용실종업원)",300~399만원,아니오,          ,단독주택,서울,용산구,보광동,,삼성,SKT,대천해수욕장,https://m.blog.naver.com/jblee27/221714733376,대천해수욕장 짚라인 타고 스카이라운지에서 커피한잔
D***4,팔봉산,201905**,F,2,무직,100만원 미만,아니오,          ,연립주택/ 다세대/ 빌라,전북,전주시 완산구,서신동,,삼성,LG U+,팔봉산,https://m.blog.naver.com/cm0917/221711580256,191117 홍천 팔봉산 블랙야크100대명산 산림청100대명산 한국의산하인기100산
D***6,칠갑산도립온천,201905**,M,4,"사무직 (일반사무직, 공무원, 직업군인)","1,000만원 이상",아니오,          ,연립주택/ 다세대/ 빌라,경기,부천시 소사구,괴안동,"준대형차 (그랜저, K7, 알페온, 캠리급, 파사트급 등)",삼성,SKT,칠갑산도립온천,https://m.blog.naver.com/2000yhero/221524706364,칠갑산 도립공원 2
D***9,함덕해안,201905**,M,4,"사무직 (일반사무직, 공무원, 직업군인)",800~899만원,예    ,자녀 있음 ,아파트/ 주상복합,경기,광명시,광명1동,"준중형차 (아반떼, K3, 크루즈, 제타급 등)",LG,KT,함덕해안,https://m.blog.naver.com/33fanta/221648550419,제주 바다가 보이는 카페제주도 조천함덕해안도로 바람과바다
D***6,협재해안,201905**,M,2,,,      ,          ,,대전,동구,대동,,,,협재해안,https://m.blog.naver.com/yhm529/221657268440,나혼자산다수요미식회 맛집 제주 협재해안 수우동
D***6,돈내코,201905**,M,2,"학생 (초중고학생, 대학생, 대학원생)",500~599만원,아니오,          ,아파트/ 주상복합,서울,강서구,내발산동,,애플,KT,돈내코,https://m.blog.naver.com/sohyun1989/221684113927,제주 원앙폭포 신비함을 느끼고 싶다면 꼭 돈내코
D***1,증평 에듀팜 특구,201905**,F,3,,,      ,          ,,경기,고양시 일산서구,일산2동,,,,증평 에듀팜 특구,https://blog.naver.com/wwwjpgokr/221592218844,SNS기자단 기고 해외 관광객도 즐길 충북의 명소 증평 에듀팜 관광특구
D***1,곡성도림사,201905**,F,3,"교직 (교사, 유치원교사, 학원강사)",400~499만원,예    ,자녀 없음 ,연립주택/ 다세대/ 빌라,서울,구로구,구로동,,삼성,KT,곡성도림사,https://m.blog.naver.com/aboutclaire/221562777372,곡성 여행 도림사 카페 씨엘로
D***5,태조산,201905**,F,2,,,      ,          ,,충남,아산시,풍기동,,,,태조산,https://m.blog.naver.com/ohs1443/221659948848,천안 태조산421m  흑성산519m
D***3,어답산,201905**,M,3,,,      ,          ,,부산,금정구,부곡동,,,,어답산,https://m.blog.naver.com/iiijjjiiijjj/221600282946,20190728일 횡성 어답산횡성온천선바위장송어답산 장군봉병지방계곡
D***3,제주 중문,201905**,M,2,,,      ,          ,,서울,서대문구,홍은동,,,,제주 중문,https://blog.naver.com/artless1004/221708894020,행복했던 밥상 제주 중문 맛집
D***8,봉개휴양림,201905**,M,4,"사무직 (일반사무직, 공무원, 직업군인)",300~399만원,예    ,자녀 있음 ,아파트/ 주상복합,부산,강서구,지사동,"준대형차 (그랜저, K7, 알페온, 캠리급, 파사트급 등)",삼성,SKT,봉개휴양림,https://m.blog.naver.com/slow_m00n/221700410084,제주교래자연휴양림 큰지그리오름 봉개음식물처리장 냄새 최악
D***2,등명,201905**,F,3,"전문직 (의사, 판검사, 예술가, 종교인)",700~799만원,예    ,자녀 있음 ,아파트/ 주상복합,경남,창원시 성산구,반림동,"중형차 (쏘나타, K5, 말리부, 골프급 등)",애플,LG U+,등명,https://m.blog.naver.com/fedfox77/221616393516,강릉 해수욕장 추천 작지만 편안한 등명해변등명해수욕장
D***3,마금산온천,201905**,M,4,,,      ,          ,,부산,금정구,금사동,,,,마금산온천,https://m.blog.naver.com/peanut_s_/221707257988,창원북면 마금산온천호텔 창원 온천 호텔 추천 리앤호텔  풀빌라 318호 후기
D***7,경산온천,201905**,M,4,,,      ,          ,,부산,수영구,남천동,,,,경산온천,https://m.blog.naver.com/nara4009/221619540380,경산온천상대온천좋아요
D***6,담양호,201905**,F,5,"주부 (전업주부, 파트타임 근무 주부)",900~999만원,예    ,자녀 있음 ,아파트/ 주상복합,경기,용인시 기흥구,중동,"중형SUV (싼타페, 쏘렌토, 캡티바, BMW X3급 등)",삼성,SKT,담양호,https://m.blog.naver.com/ka8564/221652276574,담양호 용마루길따라 과녁바위산을 돌아오는 트레킹코스
D***7,진도 대명리조트,201905**,M,5,,,      ,          ,,경기,여주군,흥천면,,,,진도 대명리조트,https://bluebuskr.blog.me/221645530806,진도 여행 대명리조트 쏠비치 진도 후기
D***7,만남의광장,201905**,M,4,"생산/노무직 (생산감독, 경비원, 공장근로자)",300~399만원,예    ,자녀 있음 ,아파트/ 주상복합,부산,사하구,다대1동,"소형차 (액센트, 프라이드, 아베오, 피아트급 등)",삼성,LG U+,만남의광장,https://m.post.naver.com/viewer/postView.nhn?volumeNo=25975952&memberNo=7250666&vType=VERTICAL,하남 드림 휴게소만남의광장에 수소충전소 오픈
D***0,장호,201905**,M,3,,,      ,          ,,서울,강동구,천호1동,,,,장호,https://m.blog.naver.com/qsaxzd/221623300383,장호비치캠핑장 삼척여행
D***8,대구화원,201905**,F,3,,,      ,          ,,서울,성동구,금호동4가,,,,장흥,https://blog.naver.com/meteorslove/221529086600,대구 화원 카페 커피문화 작은 창고형카페
D***8,장흥,201905**,F,3,,,      ,          ,,서울,성동구,금호동4가,,,,장흥,https://blog.naver.com/queen77577/221721828437,서울 근교 장흥 참숯가마 고구마 구워 먹고 놀기 좋아
D***7,팔봉산,201905**,M,3,"사무직 (일반사무직, 공무원, 직업군인)",800~899만원,예    ,자녀 있음 ,아파트/ 주상복합,광주,북구,풍향동,"대형SUV (베라크루즈, 모하비, 투아렉급 등)",삼성,SKT,팔봉산,https://m.blog.naver.com/cm0917/221711580256,191117 홍천 팔봉산 블랙야크100대명산 산림청100대명산 한국의산하인기100산
D***6,제주용머리,201905**,F,2,,,      ,          ,,경남,양산시,물금읍,,,,제주용머리,http://m.blog.daum.net/_blog/_m/articleView.do?blogid=0b2pw&articleno=2342,제주 용머리해안 맛집 가족 식사엔 카도돈카츠
D***0,진도 대명리조트,201905**,M,3,"학생 (초중고학생, 대학생, 대학원생)",100~199만원,아니오,          ,아파트/ 주상복합,대구,수성구,지산1동,,삼성,SKT,진도 대명리조트,https://bluebuskr.blog.me/221645530806,진도 여행 대명리조트 쏠비치 진도 후기
D***6,정남진우산도,201905**,M,2,"학생 (초중고학생, 대학생, 대학원생)",300~399만원,아니오,          ,연립주택/ 다세대/ 빌라,경기,이천시,창전동,,삼성,KT,정남진우산도,https://m.blog.naver.com/hankookceo/220778906265,정남진 장흥 물 축제 여행 정남진 전망대 위대한 영웅 안중근을 만나다
D***0,신륵사,201905**,M,2,"학생 (초중고학생, 대학생, 대학원생)",100만원 미만,아니오,          ,아파트/ 주상복합,인천,연수구,송도동,,LG,LG U+,신륵사,https://jbm993.blog.me/221521860991,여주 가볼만한곳 색색의 연등이 예쁜 신륵사
D***4,공릉,201905**,M,2,,,      ,          ,,서울,양천구,신월1동,"소형차 (액센트, 프라이드, 아베오, 피아트급 등)",애플,KT,공릉,https://blog.naver.com/back2462/221721451198,파주 공릉캠핑장 11월 동계 캠핑의 첫 시작
D***1,청평사,201905**,F,3,"사무직 (일반사무직, 공무원, 직업군인)",900~999만원,아니오,          ,단독주택,경남,김해시,상동면,"준중형차 (아반떼, K3, 크루즈, 제타급 등)",삼성,SKT,청평사,https://blog.naver.com/dlduddms3469/221681611478,춘천 단풍구경하며 산책겸 등산코스 청평사가는길
D***0,울산 강동,201905**,F,4,,,      ,          ,,경기,고양시 덕양구,관산동,,,,울산 강동,https://blog.naver.com/usbukgu/221725467902,울산 강동 화암 주상절리 예술작품 같은 일출
D***4,비슬산,201905**,M,2,,,      ,          ,,울산,남구,달동,,,,비슬산,http://blog.daum.net/tourcodi/8129744,대구 달성군 관광 비슬산 암괴류 대견사 참꽃군락지 반딧불이 전기차 달성 여행
D***4,당항포,201905**,M,4,,,      ,          ,,경기,구리시,수택1동,,,,당항포,https://m.blog.naver.com/turpu/221690928126,경남 고성 가볼만한곳 공룡엑스포가 펼쳐지는 당항포 관광단지
D***9,홍천온천,201905**,M,4,"사무직 (일반사무직, 공무원, 직업군인)",400~499만원,예    ,자녀 있음 ,아파트/ 주상복합,대전,유성구,노은동,"준대형차 (그랜저, K7, 알페온, 캠리급, 파사트급 등)",LG,SKT,홍천온천,https://m.blog.naver.com/hush113/221660267943,홍천 온천홍천에서 온천을 한다면오래된 시설이지만 물은 괜찮았던 원탕 온천목욕탕
D***0,원주 더네이처,201905**,M,3,,,      ,          ,,경기,의정부시,의정부1동,,,,원주 더네이처,http://www.kwnews.co.kr/nview.asp?s=501&aid=219042100027,원주문막읍 대규모 관광단지 4년만에 재추진
D***1,풍기온천,201905**,M,4,,,      ,          ,,충남,공주시,신풍면,,,,풍기온천,https://m.blog.naver.com/sanm308/221569299218,물좋고 공기좋은 소백산풍기온천리조트
D***6,고흥우주해양,201905**,F,4,,,      ,          ,,,,,,,,고흥우주해양,https://blog.naver.com/yescom2000/221475087283,김 지사 고흥 우주항공 중심도시로 대도약
D***4,약수암,201905**,M,4,"자영업 (도소매업, 숙박업, 미용업)",300~399만원,예    ,자녀 있음 ,아파트/ 주상복합,대구,달서구,상인1동,"중형차 (쏘나타, K5, 말리부, 골프급 등)",삼성,SKT,약수암,https://m.blog.naver.com/jcjkks/221642522935,도당산시사재 대광사 약수암
D***0,임진각,201905**,F,3,"사무직 (일반사무직, 공무원, 직업군인)",400~499만원,예    ,자녀 없음 ,아파트/ 주상복합,경기,파주시,광탄면,"준대형차 (그랜저, K7, 알페온, 캠리급, 파사트급 등)",애플,SKT,임진각,https://blog.naver.com/lalla282/221708724445,파주관광지추천 아이들과 갈만한곳 임진각 평화누리공원
D***6,봉개휴양림,201905**,M,2,무직,300~399만원,아니오,          ,아파트/ 주상복합,대전,유성구,원내동,,삼성,SKT,봉개휴양림,https://m.blog.naver.com/slow_m00n/221700410084,제주교래자연휴양림 큰지그리오름 봉개음식물처리장 냄새 최악
D***9,남원 드래곤,201905**,M,3,,,      ,          ,,대구,남구,봉덕2동,,,,남원 드래곤,https://moonjung2114.blog.me/221639249397,전라도 골프 드래곤레이크cc 2박3일 남원 골프라운드 후기
D***6,석정온천,201905**,M,3,,,      ,          ,,서울,금천구,독산1동,,,,석정온천,https://m.blog.naver.com/vnqk10/221716226470,고창 힐링카운티 석정온천휴스파
D***2,백운계곡,201905**,M,3,,,      ,          ,,경기,시흥시,신천동,,,,백운계곡,https://blog.naver.com/wnsghdudwls/221637010727,포천 백운계곡
D***6,마곡사,201905**,M,2,"학생 (초중고학생, 대학생, 대학원생)",300~399만원,아니오,          ,연립주택/ 다세대/ 빌라,서울,마포구,망원2동,,삼성,KT,마곡사,https://m.blog.naver.com/usgreen99/221692318243,공주 가볼만한곳 마곡사 가을 모습은
D***2,백제가요정읍사,201905**,M,2,"생산/노무직 (생산감독, 경비원, 공장근로자)",200~299만원,아니오,          ,연립주택/ 다세대/ 빌라,대구,서구,평리1동,,삼성,알뜰폰(MVNO),백제가요정읍사,https://m.blog.naver.com/japansisa/221583141689,백제의 가요 정읍사 망한가로 새롭게 태어나다
D***4,용호씨사이드,201905**,F,2,"학생 (초중고학생, 대학생, 대학원생)","1,000만원 이상",아니오,          ,연립주택/ 다세대/ 빌라,서울,관악구,신림동,"중형차 (쏘나타, K5, 말리부, 골프급 등)",삼성,LG U+,용호씨사이드,http://www.kookje.co.kr/news2011/asp/newsbody.asp?code=0200&key=20171123.22001010675,부산 용호동 씨사이드 분쟁 부산시 관광지 취소 경고
D***7,월명암,201905**,F,3,"사무직 (일반사무직, 공무원, 직업군인)",700~799만원,아니오,          ,아파트/ 주상복합,서울,성북구,정릉동,,기타,SKT,월명암,https://m.blog.naver.com/rowon98/221698025729,깊어가는 내변산의 가을 풍경1남여치월명암직소폭포재백이고개
D***2,지리산온천,201905**,M,3,,,      ,          ,,경기,김포시,북변동,,,,지리산온천,https://m.blog.naver.com/gksthf2702/221437321030,지리산 온천랜드 후기 지리산 가족여행가격
D***8,고래불,201905**,F,4,"사무직 (일반사무직, 공무원, 직업군인)",500~599만원,예    ,자녀 없음 ,오피스텔,서울,영등포구,양평동3가,,삼성,SKT,고래불,http://m.blog.daum.net/_blog/_m/articleView.do?blogid=0bogl&articleno=923,해파랑길 트레킹 제23코스 고래불 후포항
D***5,경주 감포,201905**,M,4,"생산/노무직 (생산감독, 경비원, 공장근로자)",300~399만원,예    ,자녀 있음 ,아파트/ 주상복합,경기,이천시,창전동,"준중형SUV (투싼, 스포티지, QM5, 티구안급 등)",삼성,KT,경주 감포,https://blog.naver.com/daisykim1987/221485776355,감포팬션바닷가가 한눈에 보이는 경주 팬션
D***7,사선대,201905**,F,4,"주부 (전업주부, 파트타임 근무 주부)",400~499만원,예    ,자녀 있음 ,연립주택/ 다세대/ 빌라,서울,도봉구,쌍문2동,,삼성,SKT,사선대,https://m.blog.naver.com/jbgokr/221566547422,선녀들도 반한 국민 관광지 임실 사선대  임실 나들이 명소
D***9,무창포해수욕장,201905**,F,3,기타 ,200~299만원,예    ,자녀 있음 ,아파트/ 주상복합,부산,북구,금곡동,"소형차 (액센트, 프라이드, 아베오, 피아트급 등)",LG,LG U+,무창포해수욕장,https://m.blog.naver.com/kaisr2/221674209424,보령 대천해수욕장과 무창포 해변
D***4,서포리,201905**,M,4,"사무직 (일반사무직, 공무원, 직업군인)",500~599만원,예    ,자녀 있음 ,아파트/ 주상복합,전북,전주시 완산구,효자동1가,"중형SUV (싼타페, 쏘렌토, 캡티바, BMW X3급 등)",삼성,SKT,서포리,https://blog.naver.com/zeroheart73/221561164544,덕적도 서포리해변 백패킹511  512
D***3,제주헬스케어타운,201905**,F,5,"주부 (전업주부, 파트타임 근무 주부)",500~599만원,예    ,자녀 있음 ,아파트/ 주상복합,서울,성북구,종암동,,삼성,KT,제주헬스케어타운,https://blog.naver.com/solguji/221651290398,추석제주여행  헬스케어타운리조트  한림칼국수  카페라이슬라
D***3,진도 대명리조트,201905**,M,3,"사무직 (일반사무직, 공무원, 직업군인)",500~599만원,예    ,자녀 없음 ,아파트/ 주상복합,경남,양산시,덕계동,"중형차 (쏘나타, K5, 말리부, 골프급 등)",애플,SKT,진도 대명리조트,https://bluebuskr.blog.me/221645530806,진도 여행 대명리조트 쏠비치 진도 후기
D***4,약수암,201905**,M,2,"학생 (초중고학생, 대학생, 대학원생)",100~199만원,아니오,          ,아파트/ 주상복합,경남,진주시,신안동,,삼성,KT,약수암,https://m.blog.naver.com/jcjkks/221642522935,도당산시사재 대광사 약수암
D***5,원주 루첸,201905**,F,4,"주부 (전업주부, 파트타임 근무 주부)",600~699만원,예    ,자녀 있음 ,아파트/ 주상복합,경기,의왕시,포일동,"경차 (모닝, 스파크 등)",LG,KT,원주 루첸,https://blog.naver.com/shim7803/220897494183,20161226원주투데이플라워푸르트월드 관광단지 본궤도루첸관광단지 사업내용 변경해 내년말 지정
D***1,아리랑마을,201905**,M,3,"생산/노무직 (생산감독, 경비원, 공장근로자)",200~299만원,아니오,          ,아파트/ 주상복합,경기,성남시 수정구,창곡동,,삼성,SKT,아리랑마을,https://m.blog.naver.com/greenjeonnam/221496932441,국악의 고장 전라남도 진도  국립남도국악원 아리랑 마을
D***3,방동약수터,201905**,M,2,"학생 (초중고학생, 대학생, 대학원생)",100만원 미만,아니오,          ,연립주택/ 다세대/ 빌라,서울,은평구,신사1동,,LG,SKT,방동약수터,https://m.blog.naver.com/ttalkook/221601473970,방태산 방동약수터
D***3,회상나루,201905**,F,3,"서비스직 (요식업, 숙박업, 미용실종업원)",400~499만원,아니오,          ,연립주택/ 다세대/ 빌라,부산,연제구,연산동,,삼성,LG U+,회상나루,https://m.blog.naver.com/easagol/221179750285,회상나루 객주촌
D***5,합천호,201905**,F,3,"전문직 (의사, 판검사, 예술가, 종교인)","1,000만원 이상",아니오,          ,단독주택,강원,강릉시,송정동,"준대형차 (그랜저, K7, 알페온, 캠리급, 파사트급 등)",애플,SKT,합천호,http://m.blog.daum.net/_blog/_m/articleView.do?blogid=0Nnmh&articleno=2256,합천 악견산~의룡산 종주 - 합천호 조망과 천길단애를 경험할 수 있는 산 (대병3산/대병5악/십자바위/악견산성)
D***6,용담사,201905**,M,3,"사무직 (일반사무직, 공무원, 직업군인)",300~399만원,예    ,자녀 없음 ,아파트/ 주상복합,인천,남구,주안동,"준중형차 (아반떼, K3, 크루즈, 제타급 등)",LG,SKT,용담사,https://m.blog.naver.com/rem85/221616568134,안동물놀이할만한곳안동계곡길안계곡길안용담사 근처 계곡으로 물놀이다녀왔어요
D***7,알펜시아,201905**,M,2,"학생 (초중고학생, 대학생, 대학원생)",600~699만원,아니오,          ,아파트/ 주상복합,경기,안산시 단원구,초지동,,LG,LG U+,알펜시아,https://blog.naver.com/asdffggg2/221648164694,강원도여행 평창 알펜시아 홀리데이인스위트 투베드룸과 오션700 워터파크
D***0,고령부례,201905**,M,5,"관리직 (사장, 간부, 고위공무원)",400~499만원,예    ,자녀 있음 ,연립주택/ 다세대/ 빌라,서울,은평구,갈현2동,"소형차 (액센트, 프라이드, 아베오, 피아트급 등)",LG,LG U+,고령부례,https://m.blog.naver.com/gusdnr0409/221296355711,고령부례관광지 카라반  대구근교카라반
D***7,개암사,201905**,M,5,기타 ,200~299만원,예    ,자녀 있음 ,단독주택,경남,창녕군,창녕읍,"경차 (모닝, 스파크 등)",삼성,KT,개암사,https://m.blog.naver.com/wona0317/221560541021,부안 개암사 그리고 개암제 나들이
D***9,석정온천,201905**,M,2,,,      ,          ,,서울,서대문구,남가좌1동,,,,석정온천,https://m.blog.naver.com/vnqk10/221716226470,고창 힐링카운티 석정온천휴스파
D***1,오수의견,201905**,M,4,"사무직 (일반사무직, 공무원, 직업군인)",400~499만원,예    ,자녀 있음 ,아파트/ 주상복합,광주,북구,일곡동,"준중형SUV (투싼, 스포티지, QM5, 티구안급 등)",애플,KT,오수의견,https://m.blog.naver.com/gloryhealing/221610037579,전북 걷기 좋은 곳 전북 임실 오수의견공원
D***5,천안종합휴향,201905**,F,4,"주부 (전업주부, 파트타임 근무 주부)",300~399만원,예    ,자녀 있음 ,아파트/ 주상복합,경기,남양주시,평내동,,삼성,SKT,천안종합휴향,https://m.cafe.naver.com/sejongpedal/3371,세종싸이클로드
D***0,벽골제,201905**,M,2,"학생 (초중고학생, 대학생, 대학원생)",500~599만원,아니오,          ,아파트/ 주상복합,부산,북구,화명3동,,LG,LG U+,벽골제,https://m.blog.naver.com/robyn27/221649036302,놀거리가 가득한 곳  김제 벽골제
D***3,지리산온천,201905**,M,2,"학생 (초중고학생, 대학생, 대학원생)",100만원 미만,아니오,          ,연립주택/ 다세대/ 빌라,광주,북구,두암3동,,삼성,SKT,지리산온천,https://m.blog.naver.com/gksthf2702/221437321030,지리산 온천랜드 후기 지리산 가족여행가격
D***0,주왕산,201905**,M,3,"사무직 (일반사무직, 공무원, 직업군인)",200~299만원,예    ,자녀 없음 ,아파트/ 주상복합,서울,성동구,응봉동,"준중형SUV (투싼, 스포티지, QM5, 티구안급 등)",애플,SKT,주왕산,https://m.blog.naver.com/iloveknp/221708366122,주왕산 국립공원 만추의 주왕산 탐방
D***2,평창 용평,201905**,F,4,"주부 (전업주부, 파트타임 근무 주부)",500~599만원,예    ,자녀 있음 ,연립주택/ 다세대/ 빌라,부산,기장군,정관면,"경차 (모닝, 스파크 등)",삼성,LG U+,평창 용평,https://blog.naver.com/see302/221593099739,평창가볼만한곳평창 용평리조트 타워콘도 와 용평 워터파크 피크아일랜드현대홈쇼핑
D***9,고흥우주해양,201905**,M,3,"전문직 (의사, 판검사, 예술가, 종교인)",500~599만원,아니오,          ,연립주택/ 다세대/ 빌라,부산,서구,동대신동3가,"중형차 (쏘나타, K5, 말리부, 골프급 등)",삼성,알뜰폰(MVNO),고흥우주해양,https://blog.naver.com/yescom2000/221475087283,김 지사 고흥 우주항공 중심도시로 대도약
D***7,백운계곡,201905**,M,2,"학생 (초중고학생, 대학생, 대학원생)",100만원 미만,아니오,          ,아파트/ 주상복합,서울,강남구,개포1동,,애플,KT,백운계곡,https://blog.naver.com/wnsghdudwls/221637010727,포천 백운계곡
D***0,혜국사,201905**,M,2,"학생 (초중고학생, 대학생, 대학원생)",100~199만원,아니오,          ,연립주택/ 다세대/ 빌라,대구,북구,산격3동,,삼성,KT,혜국사,https://m.blog.naver.com/lbs2/221717145682,문경 주흘산 등산코스 제1관문여궁폭포혜국사주봉 원점회귀 산행
D***3,여수 화양,201905**,M,3,"사무직 (일반사무직, 공무원, 직업군인)",200~299만원,예    ,자녀 있음 ,아파트/ 주상복합,광주,서구,유촌동,"준중형SUV (투싼, 스포티지, QM5, 티구안급 등)",애플,SKT,여수 화양,https://hjjnlove4.blog.me/221426880809,여수 맛집 화양식당 장어구이 장어탕
D***3,칠갑산도립온천,201905**,M,3,,,      ,          ,,,,,,,,칠갑산도립온천,https://m.blog.naver.com/2000yhero/221524706364,칠갑산 도립공원 2
D***0,일락사,201905**,F,4,"주부 (전업주부, 파트타임 근무 주부)",400~499만원,예    ,자녀 있음 ,아파트/ 주상복합,광주,남구,노대동,,삼성,KT,일락사,https://m.blog.naver.com/dado8396/221541480589,일락사개심사서산농장용현계곡퉁퉁고개
D***7,진관사,201905**,F,3,"전문직 (의사, 판검사, 예술가, 종교인)",900~999만원,예    ,자녀 없음 ,아파트/ 주상복합,경기,안양시 만안구,안양1동,"중형SUV (싼타페, 쏘렌토, 캡티바, BMW X3급 등)",삼성,알뜰폰(MVNO),진관사,https://m.blog.naver.com/ka8564/221628007626,북한산 등산코스진관사 삼천사 원점코스
D***6,부곡온천,201905**,M,3,"사무직 (일반사무직, 공무원, 직업군인)","1,000만원 이상",아니오,          ,아파트/ 주상복합,서울,노원구,중계2.3동,"MPV (카니발, 올란도, 피카소급, 오딧세이 등)",삼성,KT,부곡온천,https://m.blog.naver.com/cngblog/221721865027,하반기 HOT 생생 부곡온천 라이브공연 12회차
D***5,대구화원,201905**,F,2,"사무직 (일반사무직, 공무원, 직업군인)",100만원 미만,아니오,          ,아파트/ 주상복합,경북,포항시 남구,효자동,,삼성,SKT,대구화원,https://blog.naver.com/meteorslove/221529086600,대구 화원 카페 커피문화 작은 창고형카페
D***0,아우라지,201905**,F,3,"사무직 (일반사무직, 공무원, 직업군인)",600~699만원,예    ,자녀 있음 ,아파트/ 주상복합,서울,강동구,상일동,,삼성,KT,아우라지,https://m.blog.naver.com/kooni/221672541768,정선 아리랑 시장  물 폭탄 맞은 아우라지
D***9,창원 구산해양,201905**,F,3,"자영업 (도소매업, 숙박업, 미용업)",200~299만원,예    ,자녀 있음 ,아파트/ 주상복합,경기,고양시 덕양구,행신2동,"프리미엄 (에쿠스, BMW7급 등)",애플,SKT,창원 구산해양,https://blog.naver.com/a23852/221319178127,창원 마산 외곽 구산카페  통통 오션뷰카페
D***2,추암,201905**,F,3,"판매직 (상점점원, 보험설계사, 노점상)",500~599만원,예    ,자녀 없음 ,아파트/ 주상복합,광주,서구,덕흥동,,애플,LG U+,추암,http://m.blog.daum.net/_blog/_m/articleView.do?blogid=0bogl&articleno=936,해파랑길 트레킹 제32코스 한재밑 추암
D***7,극락암,201905**,M,4,"사무직 (일반사무직, 공무원, 직업군인)",400~499만원,아니오,          ,오피스텔,서울,동대문구,답십리동,"준중형차 (아반떼, K3, 크루즈, 제타급 등)",기타,KT,극락암,https://m.blog.naver.com/greatsm2001/221711399361,통도사 극락암의 가을
D***8,강화종합리조트,201905**,F,2,"사무직 (일반사무직, 공무원, 직업군인)",300~399만원,예    ,자녀 없음 ,아파트/ 주상복합,울산,남구,삼산동,,삼성,SKT,강화종합리조트,https://ghssghss.blog.me/221526256903,강화 길상면  강화씨사이드리조트강화도루지
D***9,거제 남부,201905**,M,3,"기능직 (자동차정비, 운전기사, 안경사, 택시기사)",300~399만원,아니오,          ,연립주택/ 다세대/ 빌라,서울,중랑구,중화1동,,LG,LG U+,거제 남부,https://blog.naver.com/rowon98/221488555544,거제 남부 해변길 걷기함목다대다포천장산여차여차홍포전망대홍포대포근포근포마을명사저구항
D***6,신정호,201905**,M,5,"자영업 (도소매업, 숙박업, 미용업)",700~799만원,예    ,자녀 있음 ,아파트/ 주상복합,서울,용산구,한남동,"준중형SUV (투싼, 스포티지, QM5, 티구안급 등)",삼성,KT,신정호,https://m.blog.naver.com/jsn920/221550735561,아산여행신정호 호수공원 전망좋은카페산책 아산 가볼만한곳
D***4,진도 대명리조트,201905**,M,2,"학생 (초중고학생, 대학생, 대학원생)",500~599만원,아니오,          ,아파트/ 주상복합,부산,동래구,명륜동,,애플,SKT,진도 대명리조트,https://bluebuskr.blog.me/221645530806,진도 여행 대명리조트 쏠비치 진도 후기
D***9,횡성 드림마운틴,201905**,M,4,"사무직 (일반사무직, 공무원, 직업군인)",300~399만원,예    ,자녀 있음 ,아파트/ 주상복합,경기,시흥시,정왕2동,,삼성,SKT,횡성 드림마운틴,https://blog.naver.com/asj910520/221251985378,드림마운틴 횡성 드림마운틴은 무엇인가
D***2,남원,201905**,M,2,,,      ,          ,,,,,,,,남원,https://m.blog.naver.com/lesu0/221715390631,국내여행  남원숙소 너무 좋았던 에어비앤비 수곡당
D***6,경천대,201905**,M,3,"자영업 (도소매업, 숙박업, 미용업)",200~299만원,아니오,          ,오피스텔,울산,동구,방어동,,삼성,SKT,경천대,https://m.blog.naver.com/jiyouls/221227527304,상주 경천대마음이 열리는 이곳 경천대 국민관광지
D***5,문경상리,201905**,M,2,"자영업 (도소매업, 숙박업, 미용업)",200~299만원,아니오,          ,연립주택/ 다세대/ 빌라,부산,중구,영주동,"대형차 (제너시스, BMW5급 등)",삼성,SKT,문경상리,http://m.blog.daum.net/_blog/_m/articleView.do?blogid=03UvL&articleno=15857454,문경 상리 삼층석탑 경북 문경
D***6,땅끝,201905**,F,2,"학생 (초중고학생, 대학생, 대학원생)",100만원 미만,아니오,          ,연립주택/ 다세대/ 빌라,인천,부평구,부평6동,,애플,LG U+,땅끝,http://m.blog.daum.net/_blog/_m/articleView.do?blogid=0W7Ve&articleno=866,2018. 단풍따라 흐르는 가을여행 - 14. 토말. 땅끝마을
D***0,영주순흥,201905**,F,5,기타 ,400~499만원,예    ,자녀 있음 ,연립주택/ 다세대/ 빌라,경기,부천시 원미구,춘의동,,삼성,LG U+,영주순흥,https://m.blog.naver.com/63ksyun/221719604248,풍기 온천 후 영주 순흥 선비촌 다녀왔습니다
D***9,능암온천,201905**,M,4,,,      ,          ,,서울,관악구,난곡동,,,,능암온천,https://m.blog.naver.com/kr_chungju/221572663341,충주 가볼만 한 곳  능암온천랜드
D***7,홍천온천,201905**,F,2,"서비스직 (요식업, 숙박업, 미용실종업원)",100~199만원,아니오,          ,아파트/ 주상복합,경기,남양주시,평내동,,삼성,LG U+,홍천온천,https://m.blog.naver.com/hush113/221660267943,홍천 온천홍천에서 온천을 한다면오래된 시설이지만 물은 괜찮았던 원탕 온천목욕탕
D***4,개척사,201905**,M,3,"사무직 (일반사무직, 공무원, 직업군인)",200~299만원,예    ,자녀 있음 ,아파트/ 주상복합,경남,양산시,물금읍,"중형차 (쏘나타, K5, 말리부, 골프급 등)",삼성,LG U+,개척사,https://m.blog.naver.com/genseoks1/221406743484,미국 개척사에 두드러진 두 청년
D***8,삽교호,201905**,M,3,,,      ,          ,,서울,서초구,방배동,,,,삽교호,https://m.blog.naver.com/yongju320/221645978745,당진 삽교호 한 바퀴
D***3,예안현,201905**,M,2,"학생 (초중고학생, 대학생, 대학원생)",700~799만원,아니오,          ,아파트/ 주상복합,경기,의정부시,신곡2동,,삼성,SKT,예안현,https://m.blog.naver.com/misulmun49/221513555388,조식 유두류산록 이황
D***6,정남진우산도,201905**,M,3,"자영업 (도소매업, 숙박업, 미용업)",100~199만원,아니오,          ,단독주택,경기,파주시,적성면,"소형차 (액센트, 프라이드, 아베오, 피아트급 등)",애플,KT,정남진우산도,https://m.blog.naver.com/hankookceo/220778906265,정남진 장흥 물 축제 여행 정남진 전망대 위대한 영웅 안중근을 만나다
D***9,신륵사,201905**,M,4,"자영업 (도소매업, 숙박업, 미용업)",300~399만원,아니오,          ,아파트/ 주상복합,대구,북구,고성동2가,"중형차 (쏘나타, K5, 말리부, 골프급 등)",기타,알뜰폰(MVNO),신륵사,https://jbm993.blog.me/221521860991,여주 가볼만한곳 색색의 연등이 예쁜 신륵사
D***3,개척사,201905**,F,3,"사무직 (일반사무직, 공무원, 직업군인)",100~199만원,아니오,          ,연립주택/ 다세대/ 빌라,경북,경산시,압량면,,LG,LG U+,개척사,https://m.blog.naver.com/genseoks1/221406743484,미국 개척사에 두드러진 두 청년
D***6,장성호,201905**,M,3,"사무직 (일반사무직, 공무원, 직업군인)",400~499만원,예    ,자녀 있음 ,아파트/ 주상복합,인천,부평구,부평동,"중형SUV (싼타페, 쏘렌토, 캡티바, BMW X3급 등)",삼성,알뜰폰(MVNO),장성호,https://m.blog.naver.com/wella5442/221704598476,장성 가볼만한곳 장성호 수변길 출렁다리
D***7,비슬산,201905**,M,3,"생산/노무직 (생산감독, 경비원, 공장근로자)",600~699만원,아니오,          ,아파트/ 주상복합,대전,유성구,지족동,,삼성,SKT,비슬산,http://blog.daum.net/tourcodi/8129744,대구 달성군 관광 비슬산 암괴류 대견사 참꽃군락지 반딧불이 전기차 달성 여행
D***3,여수 화양,201905**,F,3,"자영업 (도소매업, 숙박업, 미용업)",400~499만원,예    ,자녀 있음 ,아파트/ 주상복합,경기,수원시 권선구,권선동,,삼성,LG U+,여수 화양,https://hjjnlove4.blog.me/221426880809,여수 맛집 화양식당 장어구이 장어탕
D***7,팜파스종합휴양,201905**,F,2,"학생 (초중고학생, 대학생, 대학원생)",500~599만원,아니오,          ,오피스텔,서울,서대문구,연희동,,애플,LG U+,팜파스종합휴양,https://blog.naver.com/hriver21/221092893072,팜파스종합휴양관광단지
D***1,함덕해안,201905**,M,2,,,      ,          ,,,,,,,,함덕해안,https://m.blog.naver.com/33fanta/221648550419,제주 바다가 보이는 카페제주도 조천함덕해안도로 바람과바다
D***1,구문소,201905**,F,2,"전문직 (의사, 판검사, 예술가, 종교인)",200~299만원,아니오,          ,아파트/ 주상복합,서울,중랑구,신내동,,애플,LG U+,구문소,http://m.blog.daum.net/_blog/_m/articleView.do?blogid=05TrK&articleno=15963487,억년의 세월이 빚은 비경 태백팔경 구문소
D***9,대관령 어흘리,201905**,M,2,,,      ,          ,,,,,,,,대관령 어흘리,https://m.blog.naver.com/jauroune/221662945310,대관령 어흘리 100년 소나무 숲길  대관령 치유의 숲길
D***0,구곡폭포,201905**,F,2,,,      ,          ,,,,,,,,구곡폭포,https://blog.naver.com/jsl3335/221675894684,구곡 폭포 나들이
D***7,고성 델피노 골프앤리조트,201905**,F,3,"전문직 (의사, 판검사, 예술가, 종교인)",400~499만원,아니오,          ,오피스텔,서울,구로구,구로동,,애플,SKT,고성 델피노 골프앤리조트,https://blog.naver.com/aramouse/221589693496,가족여행 숙소 추천 고성 속초 델피노골프앤리조트 카페로까 조식 리뷰
D***1,거제 남부,201905**,M,3,"사무직 (일반사무직, 공무원, 직업군인)",400~499만원,예    ,자녀 있음 ,아파트/ 주상복합,서울,성동구,금호동1가,"소형차 (액센트, 프라이드, 아베오, 피아트급 등)",삼성,SKT,거제 남부,https://blog.naver.com/rowon98/221488555544,거제 남부 해변길 걷기함목다대다포천장산여차여차홍포전망대홍포대포근포근포마을명사저구항
D***3,청량사,201905**,M,3,"교직 (교사, 유치원교사, 학원강사)",500~599만원,예    ,자녀 없음 ,아파트/ 주상복합,서울,관악구,난향동,"소형SUV/CUV (티볼리, QM3 등)",애플,KT,청량사,https://m.blog.naver.com/iloveknp/221699419985,가야산국립공원남산제일봉 청량사 원점회귀 등산코스
D***6,방동약수터,201905**,M,3,"사무직 (일반사무직, 공무원, 직업군인)",400~499만원,예    ,자녀 있음 ,아파트/ 주상복합,대구,중구,대신동,"중형차 (쏘나타, K5, 말리부, 골프급 등)",애플,SKT,방동약수터,https://m.blog.naver.com/ttalkook/221601473970,방태산 방동약수터
D***7,청평사,201905**,F,3,"자영업 (도소매업, 숙박업, 미용업)",100~199만원,아니오,          ,오피스텔,제주,제주시,오라2동,,애플,알뜰폰(MVNO),청평사,https://blog.naver.com/dlduddms3469/221681611478,춘천 단풍구경하며 산책겸 등산코스 청평사가는길
D***4,청도온천,201905**,F,2,"전문직 (의사, 판검사, 예술가, 종교인)",600~699만원,아니오,          ,아파트/ 주상복합,인천,남동구,구월동,,삼성,SKT,청도온천,https://m.cafe.naver.com/daegumam2003/187255,청도 온천갑니다용
D***2,춘장대해수욕장,201905**,F,2,,,      ,          ,,서울,서초구,서초1동,,,,춘장대해수욕장,https://m.blog.naver.com/ka8564/221667927409,춘장대 해수욕장과 홍원항 쭈꾸미낚시 풍경
D***7,대관령 어흘리,201905**,M,4,"전문직 (의사, 판검사, 예술가, 종교인)",100~199만원,아니오,          ,연립주택/ 다세대/ 빌라,경기,수원시 팔달구,화서동,,삼성,KT,대관령 어흘리,https://m.blog.naver.com/jauroune/221662945310,대관령 어흘리 100년 소나무 숲길  대관령 치유의 숲길
D***2,부석사,201905**,M,5,"자영업 (도소매업, 숙박업, 미용업)",400~499만원,예    ,자녀 있음 ,연립주택/ 다세대/ 빌라,경기,구리시,수택1동,"준중형차 (아반떼, K3, 크루즈, 제타급 등)",삼성,KT,부석사,https://m.blog.naver.com/ekswldkvkxm2/221710948020,경북가볼만한곳 영주 부석사
D***7,대관령 어흘리,201905**,M,5,"생산/노무직 (생산감독, 경비원, 공장근로자)",100~199만원,예    ,자녀 없음 ,아파트/ 주상복합,경북,안동시,옥동,,삼성,LG U+,대관령 어흘리,https://m.blog.naver.com/jauroune/221662945310,대관령 어흘리 100년 소나무 숲길  대관령 치유의 숲길
D***3,강원오색,201905**,M,2,"사무직 (일반사무직, 공무원, 직업군인)",100~199만원,아니오,          ,아파트/ 주상복합,경기,화성시,향남읍,,삼성,LG U+,강원오색,https://m.blog.naver.com/nhk9933/221627655775,강원 설악산 오색약수근처 오색휴펜션 오색약수 계곡 초대받아 힐링하고 왔어요
D***1,제천온천,201905**,M,3,"사무직 (일반사무직, 공무원, 직업군인)",400~499만원,예    ,자녀 있음 ,아파트/ 주상복합,경북,김천시,신음동,"준중형차 (아반떼, K3, 크루즈, 제타급 등)",LG,LG U+,제천온천,https://m.blog.naver.com/easeclub1/221720676545,충북 가볼만한곳 제천 리솜포레스트 온천여행과 자드락길
D***7,고래불,201905**,F,5,"전문직 (의사, 판검사, 예술가, 종교인)","1,000만원 이상",예    ,자녀 있음 ,아파트/ 주상복합,서울,강서구,가양동,"대형차 (제너시스, BMW5급 등)",삼성,LG U+,지장사,http://m.blog.daum.net/_blog/_m/articleView.do?blogid=0bogl&articleno=923,해파랑길 트레킹 제23코스 고래불 후포항
D***7,지장사,201905**,F,5,"전문직 (의사, 판검사, 예술가, 종교인)","1,000만원 이상",예    ,자녀 있음 ,아파트/ 주상복합,서울,강서구,가양동,"대형차 (제너시스, BMW5급 등)",삼성,LG U+,지장사,https://m.blog.naver.com/asforlove/221709499900,방탄소년단 정국 지장사 직원분이 알려준 꾹이 비하인드스토리
D***8,덕산온천,201905**,F,2,,,      ,          ,,서울,강남구,논현동,,,,덕산온천,https://m.blog.naver.com/oksusu90/221670136981,짧은 나들이 덕산온천여행 선물처럼 만난 코스모스
D***5,돌문화공원,201905**,F,3,"교직 (교사, 유치원교사, 학원강사)",200~299만원,예    ,자녀 없음 ,연립주택/ 다세대/ 빌라,대전,서구,가장동,,LG,LG U+,돌문화공원,https://m.blog.naver.com/pran0104/221715194651, 제주여행제주관광  제주 돌문화공원
D***9,등명,201905**,M,2,"관리직 (사장, 간부, 고위공무원)",600~699만원,예    ,자녀 있음 ,단독주택,서울,강서구,등촌2동,"소형차 (액센트, 프라이드, 아베오, 피아트급 등)",삼성,SKT,등명,https://m.blog.naver.com/fedfox77/221616393516,강릉 해수욕장 추천 작지만 편안한 등명해변등명해수욕장
D***9,백운계곡,201905**,M,3,"사무직 (일반사무직, 공무원, 직업군인)",800~899만원,예    ,자녀 없음 ,아파트/ 주상복합,서울,성동구,금호동1가,"중형차 (쏘나타, K5, 말리부, 골프급 등)",애플,SKT,백운계곡,https://blog.naver.com/wnsghdudwls/221637010727,포천 백운계곡
D***0,용호씨사이드,201905**,M,3,"관리직 (사장, 간부, 고위공무원)",200~299만원,아니오,          ,아파트/ 주상복합,경기,오산시,양산동,"준대형차 (그랜저, K7, 알페온, 캠리급, 파사트급 등)",LG,LG U+,용호씨사이드,http://www.kookje.co.kr/news2011/asp/newsbody.asp?code=0200&key=20171123.22001010675,부산 용호동 씨사이드 분쟁 부산시 관광지 취소 경고
D***1,운일암반일암,201905**,M,2,"학생 (초중고학생, 대학생, 대학원생)",300~399만원,아니오,          ,연립주택/ 다세대/ 빌라,대전,유성구,덕명동,,삼성,KT,운일암반일암,https://m.blog.naver.com/overroad89/221700138547,전북 가볼만한곳  진안 운일암 반일암 산책
D***3,신지명사십리,201905**,M,2,,,      ,          ,,경북,안동시,명륜동,,삼성,SKT,신지명사십리,https://m.blog.naver.com/kurum_be/221503580309,여로4  완도 신지명사십리해수욕장  20190325
D***8,방화동,201905**,F,4,"사무직 (일반사무직, 공무원, 직업군인)",200~299만원,아니오,          ,아파트/ 주상복합,경기,성남시 분당구,야탑동,"경차 (모닝, 스파크 등)",삼성,KT,방화동,https://m.kin.naver.com/mobile/qna/detail.nhn?d1id=12&dirId=12011808&docId=335879922&qb=67Cp7ZmU64+Z&enc=utf8&section=kin.ext&rank=2&search_sort=0&spq=0,서울시 방화동에 건물을 지으려고 하는
D***1,송불암,201905**,M,4,기타 ,500~599만원,예    ,자녀 있음 ,아파트/ 주상복합,서울,강남구,도곡2동,,삼성,SKT,송불암,https://m.blog.naver.com/nscity/221624748483,논산여행 황산벌의 중심에 자리한 논산 송불암 미륵불
D***7,레인보우힐링,201905**,M,3,"기능직 (자동차정비, 운전기사, 안경사, 택시기사)",600~699만원,예    ,자녀 있음 ,아파트/ 주상복합,경기,구리시,교문동,,,,레인보우힐링,https://m.blog.naver.com/ydpodoblog/221581379841,민주지산 자연휴양림 레인보우 힐링 숲속 가요제
D***7,기장도예촌,201905**,M,5,퇴직/연금생활자,500~599만원,예    ,자녀 있음 ,아파트/ 주상복합,서울,강서구,방화3동,,LG,SKT,기장도예촌,https://blog.naver.com/pjhi0523/221704174358,카라반캠핑기장도예촌
D***5,수옥정,201905**,M,3,"사무직 (일반사무직, 공무원, 직업군인)",500~599만원,아니오,          ,단독주택,경기,광주시,도척면,"중형차 (쏘나타, K5, 말리부, 골프급 등)",LG,LG U+,수옥정,https://m.blog.naver.com/akekdthkl200/221662955468,수옥정과 수옥폭포   충북괴산여행
D***9,김제온천,201905**,M,3,"서비스직 (요식업, 숙박업, 미용실종업원)",400~499만원,아니오,          ,단독주택,서울,송파구,풍납1동,"중형차 (쏘나타, K5, 말리부, 골프급 등)",삼성,SKT,김제온천,https://m.blog.naver.com/shbae3521/221589492924,김제연꽃아버지의 연사랑 흙바라기연근농장 페이지 김영훈 김계숙
D***3,풍기온천,201905**,M,3,"전문직 (의사, 판검사, 예술가, 종교인)",600~699만원,예    ,자녀 있음 ,아파트/ 주상복합,경기,수원시 영통구,망포동,"준중형차 (아반떼, K3, 크루즈, 제타급 등)",LG,SKT,풍기온천,https://m.blog.naver.com/sanm308/221569299218,물좋고 공기좋은 소백산풍기온천리조트
D***,돌문화공원,201906**,F,5,,,      ,          ,,경기,용인시 기흥구,중동,,,,돌문화공원,https://m.blog.naver.com/pran0104/221715194651, 제주여행제주관광  제주 돌문화공원
D***,제주용머리,201906**,M,2,,,      ,          ,,서울,관악구,미성동,,,,제주용머리,http://m.blog.daum.net/_blog/_m/articleView.do?blogid=0b2pw&articleno=2342,제주 용머리해안 맛집 가족 식사엔 카도돈카츠
D***,문수사,201906**,M,5,,,      ,          ,,부산,동래구,안락2동,,,,문수사,http://m.blog.daum.net/_blog/_m/articleView.do?blogid=0qXA2&articleno=504,고창 청량산 문수사
D***,남원 드래곤,201906**,M,4,"사무직 (일반사무직, 공무원, 직업군인)",700~799만원,예    ,자녀 있음 ,연립주택/ 다세대/ 빌라,경기,용인시 처인구,역북동,"경차 (모닝, 스파크 등)",삼성,SKT,남원 드래곤,https://moonjung2114.blog.me/221639249397,전라도 골프 드래곤레이크cc 2박3일 남원 골프라운드 후기
D***,고래불,201906**,M,4,,,      ,          ,,인천,부평구,십정1동,,,,고래불,http://m.blog.daum.net/_blog/_m/articleView.do?blogid=0bogl&articleno=923,해파랑길 트레킹 제23코스 고래불 후포항
D***,대천해수욕장,201906**,F,2,,,      ,          ,,인천,계양구,작전동,,,,대천해수욕장,https://m.blog.naver.com/jblee27/221714733376,대천해수욕장 짚라인 타고 스카이라운지에서 커피한잔
D***,김천온천,201906**,F,3,,,      ,          ,,울산,남구,신정1동,,,,김천온천,https://blog.naver.com/ejuinn69/221452242406,찜질방 데이트 김천 구미 대구 근처 온천숯가마 찜질방  성주 스파랜드u
D***,안동하회,201906**,M,5,"관리직 (사장, 간부, 고위공무원)","1,000만원 이상",예    ,자녀 있음 ,아파트/ 주상복합,경기,고양시 일산동구,마두1동,"준대형차 (그랜저, K7, 알페온, 캠리급, 파사트급 등)",삼성,SKT,안동하회,https://m.blog.naver.com/1004rahee/221715786295,안동하회마을 무료공연 하회별신굿탈놀이 부용대
D***,거가대교,201906**,F,3,,,      ,          ,,인천,서구,연희동,,,,거가대교,https://m.blog.naver.com/ohyea95/221553123462,가덕도 가볼 만한 곳 연대봉 세계 최대 수심 해저터널 거가대교
D***,청도온천,201906**,F,2,,,      ,          ,,경기,안산시 상록구,성포동,,,,청도온천,https://m.cafe.naver.com/daegumam2003/187255,청도 온천갑니다용
D***,직탕,201906**,F,4,,,      ,          ,,서울,도봉구,도봉2동,,,,직탕,https://m.blog.naver.com/sonic72/221608063332,20190806 철원일대 폭포를 찾아떠난 여름휴가 재인폭포비둘기낭폭포직탕폭포산정호수
D***,삼포 문암,201906**,M,2,,,      ,          ,,경기,안산시 단원구,선부3동,,,,삼포 문암,https://m.blog.naver.com/heysun62/221545300677,고성  삼포문암진해변 개발
D***,장흥,201906**,M,4,"자영업 (도소매업, 숙박업, 미용업)",100만원 미만,아니오,          ,아파트/ 주상복합,경남,창원시 마산회원구,내서읍,,삼성,SKT,장흥,https://blog.naver.com/queen77577/221721828437,서울 근교 장흥 참숯가마 고구마 구워 먹고 놀기 좋아
D***,여수 경도,201906**,M,4,,,      ,          ,,경기,수원시 권선구,세류3동,,,,여수 경도,https://blog.naver.com/zephyr122059/221339654475,수요미식회 여수  경도 자연횟집  여수 10미 하모 샤브샤브
D***,강원오색,201906**,M,3,,,      ,          ,,경기,화성시,동탄면,,,,강원오색,https://m.blog.naver.com/nhk9933/221627655775,강원 설악산 오색약수근처 오색휴펜션 오색약수 계곡 초대받아 힐링하고 왔어요
D***,일락사,201906**,F,2,기타 ,500~599만원,아니오,          ,연립주택/ 다세대/ 빌라,서울,관악구,서림동,,삼성,SKT,일락사,https://m.blog.naver.com/dado8396/221541480589,일락사개심사서산농장용현계곡퉁퉁고개
D***,청룡사,201906**,M,3,,,      ,          ,,대구,달성군,다사읍,,,,청룡사,https://m.blog.naver.com/ykan7/221713770267,191119 안성 서운산 산행청룡사주차장청룡사정상 왕복코스 끝물 단풍 감상하기
D***,성기동,201906**,M,4,"전문직 (의사, 판검사, 예술가, 종교인)",800~899만원,예    ,자녀 있음 ,아파트/ 주상복합,서울,서초구,서초2동,"대형차 (제너시스, BMW5급 등)",기타,SKT,성기동,https://m.blog.naver.com/cakemart/221202346421,영암 왕인박사 유적지   3 성기동 성천
D***,신정호,201906**,M,2,,,      ,          ,,부산,영도구,동삼3동,,,,신정호,https://m.blog.naver.com/jsn920/221550735561,아산여행신정호 호수공원 전망좋은카페산책 아산 가볼만한곳
D***,용담사,201906**,M,3,"자영업 (도소매업, 숙박업, 미용업)",400~499만원,아니오,          ,아파트/ 주상복합,광주,서구,치평동,"준중형SUV (투싼, 스포티지, QM5, 티구안급 등)",삼성,SKT,용담사,https://m.blog.naver.com/rem85/221616568134,안동물놀이할만한곳안동계곡길안계곡길안용담사 근처 계곡으로 물놀이다녀왔어요
D***,백암온천,201906**,M,4,"사무직 (일반사무직, 공무원, 직업군인)",200~299만원,예    ,자녀 없음 ,연립주택/ 다세대/ 빌라,서울,은평구,응암2동,"중형SUV (싼타페, 쏘렌토, 캡티바, BMW X3급 등)",애플,KT,백암온천,https://m.blog.naver.com/hyechon49/221711918222,백암온천 백암LG생활연수원 숙소에서  백암산 백암폭포가는 길 백암폭포 백암온천
D***,등명,201906**,M,3,"생산/노무직 (생산감독, 경비원, 공장근로자)",200~299만원,아니오,          ,연립주택/ 다세대/ 빌라,강원,삼척시,정상동,"중형SUV (싼타페, 쏘렌토, 캡티바, BMW X3급 등)",삼성,SKT,등명,https://m.blog.naver.com/fedfox77/221616393516,강릉 해수욕장 추천 작지만 편안한 등명해변등명해수욕장
D***,고성 델피노 골프앤리조트,201906**,M,2,,,      ,          ,,경기,안양시 만안구,석수2동,,,,고성 델피노 골프앤리조트,https://blog.naver.com/aramouse/221589693496,가족여행 숙소 추천 고성 속초 델피노골프앤리조트 카페로까 조식 리뷰
D***,협재해안,201906**,M,3,"사무직 (일반사무직, 공무원, 직업군인)",400~499만원,예    ,자녀 있음 ,아파트/ 주상복합,전남,순천시,조례동,"준중형SUV (투싼, 스포티지, QM5, 티구안급 등)",삼성,SKT,협재해안,https://m.blog.naver.com/yhm529/221657268440,나혼자산다수요미식회 맛집 제주 협재해안 수우동
D***,도곡온천,201906**,M,5,"관리직 (사장, 간부, 고위공무원)",700~799만원,예    ,자녀 있음 ,아파트/ 주상복합,경기,성남시 분당구,야탑동,"중형SUV (싼타페, 쏘렌토, 캡티바, BMW X3급 등)",삼성,알뜰폰(MVNO),도곡온천,https://m.blog.naver.com/jh630614/221520167548,화순 중봉산도곡온천 기준으로 완벽한 원점회귀 산행코스
D***,초당,201906**,M,4,"교직 (교사, 유치원교사, 학원강사)",400~499만원,예    ,자녀 있음 ,아파트/ 주상복합,인천,남동구,논현동,"준중형SUV (투싼, 스포티지, QM5, 티구안급 등)",LG,KT,초당,https://m.blog.naver.com/alicelkm/221568987442,190616 강릉 초당할머니순두부 수요미식회
D***,원주 플라워프루트월드,201906**,M,2,,,      ,          ,,서울,노원구,상계2동,,,,원주 플라워프루트월드,https://blog.naver.com/lsgasd12/221643207852,원주 플라워프루트월드 관광단지 조성 사업 본격화
D***,마금산온천,201906**,F,4,"사무직 (일반사무직, 공무원, 직업군인)",500~599만원,예    ,자녀 있음 ,아파트/ 주상복합,서울,은평구,대조동,"준중형차 (아반떼, K3, 크루즈, 제타급 등)",삼성,SKT,마금산온천,https://m.blog.naver.com/peanut_s_/221707257988,창원북면 마금산온천호텔 창원 온천 호텔 추천 리앤호텔  풀빌라 318호 후기
D***,예래휴양형주거,201906**,M,4,,,      ,          ,,인천,서구,당하동,,,,예래휴양형주거,https://blog.naver.com/bigfish3/221477767193,예래 휴양형 주거단지 현황과 제주도 땅 투자
D***,봉개휴양림,201906**,F,4,,,      ,          ,,서울,서대문구,북가좌2동,,,,봉개휴양림,https://m.blog.naver.com/slow_m00n/221700410084,제주교래자연휴양림 큰지그리오름 봉개음식물처리장 냄새 최악
D***,혜국사,201906**,F,4,,,      ,          ,,경기,광주시,탄벌동,,,,혜국사,https://m.blog.naver.com/lbs2/221717145682,문경 주흘산 등산코스 제1관문여궁폭포혜국사주봉 원점회귀 산행
D***,성산포해양,201906**,M,4,,,      ,          ,,부산,서구,서대신동2가,,,,성산포해양,https://blog.naver.com/wj-story/221466807198,설 구정에 어머니와 함께 성산포 성당 광치기해변 제주해양동물박물관 겨울 유채꽃 2월 제주
D***,화암,201906**,M,4,,,      ,          ,,인천,계양구,작전2동,,,,화암,https://m.blog.naver.com/aoisora2/221689337096,정선 아이와 가볼만한곳 화암동굴 나들이 
D***,안면도,201906**,F,5,,,      ,          ,,경기,시흥시,하중동,,,,안면도,http://m.blog.daum.net/_blog/_m/articleView.do?blogid=0UCYA&articleno=5829,"충남 태안 가볼만한곳, 안면도 자연휴양림 무장애 나눔길"
D***,마우나오션,201906**,F,5,,,      ,          ,,경기,시흥시,하중동,,,,안면도,https://blog.naver.com/soda7908/221712751372,LPGA가 열렸던 마우나오션cc로 가을골프 다녀왔어요
D***,계림사,201906**,M,4,"사무직 (일반사무직, 공무원, 직업군인)",200~299만원,아니오,          ,아파트/ 주상복합,서울,영등포구,당산동4가,,LG,SKT,계림사,https://m.blog.naver.com/pjk3108/221686032437,김천 동부리 마애지장보살좌상 계림사 석조나한좌상
D***,청룡사,201906**,F,2,"학생 (초중고학생, 대학생, 대학원생)",200~299만원,아니오,          ,단독주택,경기,부천시 원미구,상2동,,LG,LG U+,청룡사,https://m.blog.naver.com/ykan7/221713770267,191119 안성 서운산 산행청룡사주차장청룡사정상 왕복코스 끝물 단풍 감상하기
D***,청룡사,201906**,M,3,"판매직 (상점점원, 보험설계사, 노점상)",200~299만원,예    ,자녀 있음 ,아파트/ 주상복합,경기,구리시,인창동,"준중형차 (아반떼, K3, 크루즈, 제타급 등)",삼성,KT,청룡사,https://m.blog.naver.com/ykan7/221713770267,191119 안성 서운산 산행청룡사주차장청룡사정상 왕복코스 끝물 단풍 감상하기
D***,임진각,201906**,M,4,,,      ,          ,,서울,영등포구,양평동3가,,,,임진각,https://blog.naver.com/lalla282/221708724445,파주관광지추천 아이들과 갈만한곳 임진각 평화누리공원
D***,여수 첼린지 파크,201906**,F,2,,,      ,          ,,경북,경주시,충효동,,,,여수 첼린지 파크,https://blog.naver.com/okine2086/221595075033,여수 유월드 루지 테마파크 핫플 인정 100만표
D***,경천대,201906**,F,2,,,      ,          ,,서울,동작구,사당5동,,,,경천대,https://m.blog.naver.com/jiyouls/221227527304,상주 경천대마음이 열리는 이곳 경천대 국민관광지
D***,공릉,201906**,M,5,"사무직 (일반사무직, 공무원, 직업군인)",300~399만원,아니오,          ,아파트/ 주상복합,충북,음성군,감곡면,"준중형차 (아반떼, K3, 크루즈, 제타급 등)",삼성,SKT,공릉,https://blog.naver.com/back2462/221721451198,파주 공릉캠핑장 11월 동계 캠핑의 첫 시작
D***,백제가요정읍사,201906**,F,2,,,      ,          ,,경기,광주시,중대동,,,,백제가요정읍사,https://m.blog.naver.com/japansisa/221583141689,백제의 가요 정읍사 망한가로 새롭게 태어나다
D***5,신정호,201906**,M,2,,,      ,          ,,대구,동구,각산동,,,,신정호,https://m.blog.naver.com/jsn920/221550735561,아산여행신정호 호수공원 전망좋은카페산책 아산 가볼만한곳
D***6,소요산,201906**,M,3,"사무직 (일반사무직, 공무원, 직업군인)",100~199만원,예    ,자녀 있음 ,아파트/ 주상복합,울산,남구,신정동,"MPV (카니발, 올란도, 피카소급, 오딧세이 등)",삼성,SKT,소요산,https://blog.naver.com/pajiwn/221658923153,소요산 등산코스  소요산역자재암선녀탕의상대원점회귀 3시간
D***2,공릉,201906**,F,3,,,      ,          ,,부산,사하구,신평1동,,,,공릉,https://blog.naver.com/back2462/221721451198,파주 공릉캠핑장 11월 동계 캠핑의 첫 시작
D***0,문경온천,201906**,F,4,,,      ,          ,,서울,송파구,오금동,,,,문경온천,https://m.blog.naver.com/j3187654/221564941542,불정자연휴양림 문경온천 여행 
D***0,만리포해수욕장,201906**,F,2,"사무직 (일반사무직, 공무원, 직업군인)",700~799만원,아니오,          ,아파트/ 주상복합,부산,동래구,온천3동,,삼성,SKT,만리포해수욕장,https://m.blog.naver.com/bb00dd/221721784934,당일치기 태안여행 해미읍성 만리포해수욕장 일몰 까지
D***7,남원 드래곤,201906**,M,2,,,      ,          ,,강원,강릉시,주문진읍,,,,남원 드래곤,https://moonjung2114.blog.me/221639249397,전라도 골프 드래곤레이크cc 2박3일 남원 골프라운드 후기
D***3,나주호,201906**,M,4,"사무직 (일반사무직, 공무원, 직업군인)",600~699만원,예    ,자녀 있음 ,아파트/ 주상복합,서울,강동구,고덕1동,"준중형차 (아반떼, K3, 크루즈, 제타급 등)",삼성,알뜰폰(MVNO),나주호,https://m.blog.naver.com/somangheso/221602510603,하늘이 내린 선물 나주호 반영
D***4,용호씨사이드,201906**,F,3,"사무직 (일반사무직, 공무원, 직업군인)",500~599만원,예    ,자녀 있음 ,아파트/ 주상복합,대전,서구,복수동,"준중형SUV (투싼, 스포티지, QM5, 티구안급 등)",LG,LG U+,용호씨사이드,http://www.kookje.co.kr/news2011/asp/newsbody.asp?code=0200&key=20171123.22001010675,부산 용호동 씨사이드 분쟁 부산시 관광지 취소 경고
D***0,제주헬스케어타운,201906**,F,2,,,      ,          ,,서울,관악구,낙성대동,,,,제주헬스케어타운,https://blog.naver.com/solguji/221651290398,추석제주여행  헬스케어타운리조트  한림칼국수  카페라이슬라
D***3,고령부례,201906**,M,3,,,      ,          ,,울산,울주군,온양읍,,,,고령부례,https://m.blog.naver.com/gusdnr0409/221296355711,고령부례관광지 카라반  대구근교카라반
D***7,횡성 드림마운틴,201906**,F,3,"학생 (초중고학생, 대학생, 대학원생)",400~499만원,예    ,자녀 없음 ,아파트/ 주상복합,경북,구미시,구포동,,LG,알뜰폰(MVNO),횡성 드림마운틴,https://blog.naver.com/asj910520/221251985378,드림마운틴 횡성 드림마운틴은 무엇인가
D***4,천안종합휴향,201906**,F,3,,,      ,          ,,서울,동대문구,회기동,,,,천안종합휴향,https://m.cafe.naver.com/sejongpedal/3371,세종싸이클로드
D***3,신정호,201906**,M,3,"서비스직 (요식업, 숙박업, 미용실종업원)",200~299만원,아니오,          ,오피스텔,부산,부산진구,부전동,,삼성,알뜰폰(MVNO),신정호,https://m.blog.naver.com/jsn920/221550735561,아산여행신정호 호수공원 전망좋은카페산책 아산 가볼만한곳
D***7,후곡약수터,201906**,F,3,"전문직 (의사, 판검사, 예술가, 종교인)",100~199만원,아니오,          ,연립주택/ 다세대/ 빌라,서울,광진구,구의1동,,,,후곡약수터,http://m.blog.daum.net/_blog/_m/articleView.do?blogid=09IWl&articleno=16152920,후곡 약수터
D***5,실상사,201906**,F,3,,,      ,          ,,부산,사하구,괴정2동,,,,실상사,https://m.blog.naver.com/bosom86/221711922236,리군의 사찰 에세이 02 남원 실상사
D***6,내장산리조트,201906**,F,4,,,      ,          ,,광주,북구,양산동,,,,내장산리조트,https://m.blog.naver.com/beet38/221710851873,정읍시 내장산리조트 최대규모 민자유치
D***8,설악한화리조트,201906**,M,5,,,      ,          ,,대구,수성구,범물1동,,,,설악한화리조트,https://blog.naver.com/nayanahanmi/221582702954,강원도 속초여행 물놀이 먹거리 놀거리 가능한 설악 한화리조트
D***9,보적사,201906**,M,3,,,      ,          ,,충남,홍성군,홍북면,,,,보적사,https://m.blog.naver.com/n_n630/221683022330,나홀로 가을 산행  독산성 세마대지 보적사 다녀오기
D***1,마니산,201906**,M,3,,,      ,          ,,충남,청양군,화성면,,,,마니산,https://blog.naver.com/jipangdosa/221613683019,한국명산 031 강화도 마니산 등산기
D***7,신정호,201906**,M,3,,,      ,          ,,인천,연수구,동춘동,,,,신정호,https://m.blog.naver.com/jsn920/221550735561,아산여행신정호 호수공원 전망좋은카페산책 아산 가볼만한곳
D***2,화암사,201906**,M,5,"교직 (교사, 유치원교사, 학원강사)",500~599만원,예    ,자녀 있음 ,아파트/ 주상복합,광주,남구,진월동,"중형차 (쏘나타, K5, 말리부, 골프급 등)",삼성,SKT,화암사,https://m.blog.naver.com/happykids70/221674944427,화암사 숲길 신선대에서 바라보는 울산바위
D***3,왕궁보석테마,201906**,M,4,"생산/노무직 (생산감독, 경비원, 공장근로자)",300~399만원,예    ,자녀 있음 ,아파트/ 주상복합,전북,남원시,월락동,"준대형차 (그랜저, K7, 알페온, 캠리급, 파사트급 등)",LG,KT,왕궁보석테마,https://m.blog.naver.com/hiksanin/221692718933,익산왕궁보석테마관광지 상설공연  체험프로그램
D***9,마곡온천,201906**,F,3,"주부 (전업주부, 파트타임 근무 주부)",200~299만원,예    ,자녀 있음 ,연립주택/ 다세대/ 빌라,경기,안산시 상록구,사1동,"준중형SUV (투싼, 스포티지, QM5, 티구안급 등)",애플,KT,마곡온천,https://m.blog.naver.com/coco_8600/221653876224,강화도 여행 마곡 맛집  동천  석모도미네랄온천
D***0,선바위,201906**,M,3,"전문직 (의사, 판검사, 예술가, 종교인)",300~399만원,아니오,          ,아파트/ 주상복합,인천,남동구,구월동,"준중형차 (아반떼, K3, 크루즈, 제타급 등)",삼성,LG U+,선바위,https://m.blog.naver.com/7750khj/221702772489,합천 작은가야산  수리봉소바우듬선바위
D***2,왕궁보석테마,201906**,M,4,무직,500~599만원,예    ,자녀 있음 ,아파트/ 주상복합,경기,고양시 덕양구,행신1동,"프리미엄 (에쿠스, BMW7급 등)",삼성,SKT,왕궁보석테마,https://m.blog.naver.com/hiksanin/221692718933,익산왕궁보석테마관광지 상설공연  체험프로그램
D***8,안동문화,201906**,M,3,"사무직 (일반사무직, 공무원, 직업군인)",900~999만원,아니오,          ,아파트/ 주상복합,서울,서대문구,북아현동,"준중형SUV (투싼, 스포티지, QM5, 티구안급 등)",애플,KT,안동문화,https://blog.naver.com/jomkkange/221718101147,191125 1박 2일 안동 여행  세계문화유산 도산서원
D***8,장사해수욕장,201906**,M,5,"학생 (초중고학생, 대학생, 대학원생)",400~499만원,아니오,          ,연립주택/ 다세대/ 빌라,경기,김포시,대곶면,,삼성,KT,능암온천,https://m.blog.naver.com/baroseog/221707787194,영덕 장사해수욕장 장사상륙작전 전승기념관 구경
D***8,능암온천,201906**,M,5,"학생 (초중고학생, 대학생, 대학원생)",400~499만원,아니오,          ,연립주택/ 다세대/ 빌라,경기,김포시,대곶면,,삼성,KT,능암온천,https://m.blog.naver.com/kr_chungju/221572663341,충주 가볼만 한 곳  능암온천랜드
D***7,흥덕사,201906**,F,3,"전문직 (의사, 판검사, 예술가, 종교인)",200~299만원,예    ,자녀 없음 ,연립주택/ 다세대/ 빌라,서울,광진구,자양1동,,애플,SKT,흥덕사,https://m.blog.naver.com/ojs0126/221690775065,흥덕사 백운문화한마당 참석
D***5,안동문화,201906**,M,5,"생산/노무직 (생산감독, 경비원, 공장근로자)",200~299만원,예    ,자녀 있음 ,아파트/ 주상복합,인천,부평구,부평1동,"준중형차 (아반떼, K3, 크루즈, 제타급 등)",삼성,SKT,안동문화,https://blog.naver.com/jomkkange/221718101147,191125 1박 2일 안동 여행  세계문화유산 도산서원
D***8,청평사,201906**,M,3,,,      ,          ,,경남,김해시,삼정동,,,,청평사,https://blog.naver.com/dlduddms3469/221681611478,춘천 단풍구경하며 산책겸 등산코스 청평사가는길
D***7,장성호,201906**,M,2,,,      ,          ,,서울,도봉구,도봉2동,,,,장성호,https://m.blog.naver.com/wella5442/221704598476,장성 가볼만한곳 장성호 수변길 출렁다리
D***4,원주 루첸,201906**,M,2,,,      ,          ,,서울,동작구,신대방2동,,,,원주 루첸,https://blog.naver.com/shim7803/220897494183,20161226원주투데이플라워푸르트월드 관광단지 본궤도루첸관광단지 사업내용 변경해 내년말 지정
D***4,산정호수,201906**,F,2,,,      ,          ,,인천,서구,경서동,,,,산정호수,https://tcacyc.blog.me/221725616480,포천 산정호수 둘레길을 걸으며
D***8,연등사,201906**,M,2,,,      ,          ,,경기,이천시,대월면,,,,연등사,https://m.blog.naver.com/buddhafind/221475602259,연등사경북 봉화군 석포면
D***0,오수의견,201906**,M,4,,,      ,          ,,경기,오산시,오산동,,,,오수의견,https://m.blog.naver.com/gloryhealing/221610037579,전북 걷기 좋은 곳 전북 임실 오수의견공원
D***8,마한문화,201906**,M,2,"학생 (초중고학생, 대학생, 대학원생)",500~599만원,아니오,          ,단독주택,강원,춘천시,우두동,"중형SUV (싼타페, 쏘렌토, 캡티바, BMW X3급 등)",삼성,KT,마한문화,https://m.blog.naver.com/pson30/221724282236,영암 마한문화공원 191125
D***6,월명암,201906**,M,4,,,      ,          ,,부산,금정구,구서1동,,,,월명암,https://m.blog.naver.com/rowon98/221698025729,깊어가는 내변산의 가을 풍경1남여치월명암직소폭포재백이고개
D***3,궁평,201906**,F,4,기타 ,800~899만원,예    ,자녀 있음 ,아파트/ 주상복합,서울,노원구,중계동,,애플,SKT,궁평,http://blog.daum.net/seohwi/277,궁평의 마을
D***7,미천굴,201906**,M,3,"사무직 (일반사무직, 공무원, 직업군인)",500~599만원,예    ,자녀 있음 ,아파트/ 주상복합,경기,과천시,원문동,"준중형차 (아반떼, K3, 크루즈, 제타급 등)",애플,SKT,미천굴,https://m.blog.naver.com/xodiddldkqk/221706364651,제주 일출랜드 그리고 미천굴
D***9,문경상리,201906**,F,3,"주부 (전업주부, 파트타임 근무 주부)",300~399만원,예    ,자녀 있음 ,아파트/ 주상복합,경기,용인시 기흥구,중동,"소형차 (액센트, 프라이드, 아베오, 피아트급 등)",삼성,SKT,문경상리,http://m.blog.daum.net/_blog/_m/articleView.do?blogid=03UvL&articleno=15857454,문경 상리 삼층석탑 경북 문경
D***3,신화랑,201906**,M,4,"자영업 (도소매업, 숙박업, 미용업)",800~899만원,예    ,자녀 있음 ,아파트/ 주상복합,서울,강남구,압구정동,"준중형SUV (투싼, 스포티지, QM5, 티구안급 등)",삼성,KT,신화랑,https://m.blog.naver.com/wind_0227/221554355785,청도 가볼만한곳 신화랑풍류마을 생각보다 알차
D***0,망상,201906**,M,4,,,      ,          ,,서울,노원구,상계1동,,,,망상,https://m.blog.naver.com/kkoshooo/221596336418,강원 동해 망상오토캠핑장
D***6,제주 중문,201906**,M,3,"사무직 (일반사무직, 공무원, 직업군인)",200~299만원,예    ,자녀 있음 ,아파트/ 주상복합,경남,김해시,진영읍,"중형SUV (싼타페, 쏘렌토, 캡티바, BMW X3급 등)",LG,SKT,제주 중문,https://blog.naver.com/artless1004/221708894020,행복했던 밥상 제주 중문 맛집
D***0,수옥정,201906**,F,4,"사무직 (일반사무직, 공무원, 직업군인)",700~799만원,예    ,자녀 있음 ,아파트/ 주상복합,인천,서구,검암동,"준중형차 (아반떼, K3, 크루즈, 제타급 등)",애플,SKT,수옥정,https://m.blog.naver.com/akekdthkl200/221662955468,수옥정과 수옥폭포   충북괴산여행
D***4,창원 구산해양,201906**,F,5,"주부 (전업주부, 파트타임 근무 주부)",500~599만원,예    ,자녀 있음 ,아파트/ 주상복합,서울,동대문구,전농2동,"준중형SUV (투싼, 스포티지, QM5, 티구안급 등)",삼성,LG U+,창원 구산해양,https://blog.naver.com/a23852/221319178127,창원 마산 외곽 구산카페  통통 오션뷰카페
D***3,춘장대해수욕장,201906**,F,4,"판매직 (상점점원, 보험설계사, 노점상)",200~299만원,아니오,          ,연립주택/ 다세대/ 빌라,부산,기장군,정관면,"준중형차 (아반떼, K3, 크루즈, 제타급 등)",애플,LG U+,춘장대해수욕장,https://m.blog.naver.com/ka8564/221667927409,춘장대 해수욕장과 홍원항 쭈꾸미낚시 풍경
D***5,구문소,201906**,F,3,"생산/노무직 (생산감독, 경비원, 공장근로자)","1,000만원 이상",예    ,자녀 있음 ,아파트/ 주상복합,경기,파주시,금능동,,LG,LG U+,구문소,http://m.blog.daum.net/_blog/_m/articleView.do?blogid=05TrK&articleno=15963487,억년의 세월이 빚은 비경 태백팔경 구문소
D***6,회상나루,201906**,F,2,,,      ,          ,,경기,군포시,산본2동,,,,회상나루,https://m.blog.naver.com/easagol/221179750285,회상나루 객주촌
D***5,개척사,201906**,M,2,"생산/노무직 (생산감독, 경비원, 공장근로자)",200~299만원,아니오,          ,아파트/ 주상복합,경기,의왕시,삼동,,LG,KT,개척사,https://m.blog.naver.com/genseoks1/221406743484,미국 개척사에 두드러진 두 청년
D***8,금강호,201906**,F,2,"학생 (초중고학생, 대학생, 대학원생)",300~399만원,아니오,          ,연립주택/ 다세대/ 빌라,서울,종로구,숭인동,,애플,SKT,금강호,https://m.blog.naver.com/sumi0ju/221704482211,오천항 금강낚시 금강호 쭈꾸미 갑오징어 출조 조황 쭈갑 선상낚시 20191109
D***7,직지사,201906**,M,5,기타 ,300~399만원,예    ,자녀 있음 ,아파트/ 주상복합,서울,송파구,잠실3동,"대형차 (제너시스, BMW5급 등)",삼성,SKT,직지사,https://m.blog.naver.com/promise065/221702745601,김천 직지사  템플스테이 1박2일
D***4,덕산온천,201906**,F,4,"주부 (전업주부, 파트타임 근무 주부)","1,000만원 이상",예    ,자녀 있음 ,아파트/ 주상복합,경기,고양시 일산동구,식사동,"중형SUV (싼타페, 쏘렌토, 캡티바, BMW X3급 등)",애플,LG U+,덕산온천,https://m.blog.naver.com/oksusu90/221670136981,짧은 나들이 덕산온천여행 선물처럼 만난 코스모스
D***0,아산온천,201906**,F,3,"주부 (전업주부, 파트타임 근무 주부)",200~299만원,예    ,자녀 있음 ,아파트/ 주상복합,경기,평택시,세교동,,삼성,LG U+,아산온천,https://m.blog.naver.com/bucketlist79/221721363500,아산온천 당일치기 겨울여행 아산스파비스캠마녀의 나댕김 20191124
D***2,청량사,201906**,M,3,,,      ,          ,,서울,강서구,화곡1동,,,,청량사,https://m.blog.naver.com/iloveknp/221699419985,가야산국립공원남산제일봉 청량사 원점회귀 등산코스
D***4,무릉계곡,201906**,M,2,,,      ,          ,,,,,,,,여수 첼린지 파크,http://m.blog.daum.net/_blog/_m/articleView.do?blogid=0W7Ve&articleno=858,단풍따라 흐르는 가을여행 - 6. 무릉계곡 여행
D***4,여수 첼린지 파크,201906**,M,2,,,      ,          ,,,,,,,,여수 첼린지 파크,https://blog.naver.com/okine2086/221595075033,여수 유월드 루지 테마파크 핫플 인정 100만표
D***4,속리산레저,201906**,M,2,,,      ,          ,,,,,,,,여수 첼린지 파크,https://m.blog.naver.com/asancriti/221541893523,보은속리산 솔향공원 도깨비공원의 사람들
D***2,영국사,201906**,M,4,"사무직 (일반사무직, 공무원, 직업군인)",300~399만원,예    ,자녀 있음 ,아파트/ 주상복합,대전,서구,만년동,"중형SUV (싼타페, 쏘렌토, 캡티바, BMW X3급 등)",삼성,SKT,영국사,https://m.blog.naver.com/youliyan/221628365158,충북 영동 가볼만한곳 천태산 영국사
D***3,오토테마파크,201906**,M,2,무직,200~299만원,아니오,          ,아파트/ 주상복합,경기,파주시,조리읍,,애플,SKT,오토테마파크,https://m.blog.naver.com/python99/221517135324,야경이 멋있는 합천 휴테마파크 오토캠핑장
D***6,지장사,201906**,F,3,"사무직 (일반사무직, 공무원, 직업군인)",400~499만원,아니오,          ,아파트/ 주상복합,서울,관악구,조원동,"중형SUV (싼타페, 쏘렌토, 캡티바, BMW X3급 등)",애플,알뜰폰(MVNO),지장사,https://m.blog.naver.com/asforlove/221709499900,방탄소년단 정국 지장사 직원분이 알려준 꾹이 비하인드스토리
D***0,알펜시아,201906**,M,3,기타 ,200~299만원,아니오,          ,연립주택/ 다세대/ 빌라,전북,전주시 덕진구,진북동,,삼성,LG U+,알펜시아,https://blog.naver.com/asdffggg2/221648164694,강원도여행 평창 알펜시아 홀리데이인스위트 투베드룸과 오션700 워터파크
D***3,해운대,201906**,M,3,무직,100~199만원,아니오,          ,단독주택,서울,성북구,삼선동4가,,애플,KT,해운대,https://moonjj82.blog.me/221712612297,해운대뷔페 가장 좋아하는 곳 그랜드애플
D***7,평택호,201906**,M,2,"전문직 (의사, 판검사, 예술가, 종교인)",400~499만원,아니오,          ,연립주택/ 다세대/ 빌라,부산,북구,만덕3동,기타 (승합차/트럭/화물차/기타 차량 등),삼성,KT,평택호,https://blog.naver.com/inkyungidd/221621262586,평택호텔  그랜드호텔 평택호 뷰를 볼 수 있는 호텔 추천
D***7,궁평,201906**,M,3,"전문직 (의사, 판검사, 예술가, 종교인)",400~499만원,아니오,          ,오피스텔,경기,화성시,석우동,"준대형차 (그랜저, K7, 알페온, 캠리급, 파사트급 등)",애플,SKT,궁평,http://blog.daum.net/seohwi/277,궁평의 마을
D***6,극락암,201906**,F,2,"학생 (초중고학생, 대학생, 대학원생)",500~599만원,아니오,          ,아파트/ 주상복합,전남,순천시,조례동,,애플,LG U+,극락암,https://m.blog.naver.com/greatsm2001/221711399361,통도사 극락암의 가을
D***9,당항포,201906**,F,3,"자영업 (도소매업, 숙박업, 미용업)",700~799만원,아니오,          ,단독주택,충남,공주시,반포면,,애플,KT,당항포,https://m.blog.naver.com/turpu/221690928126,경남 고성 가볼만한곳 공룡엑스포가 펼쳐지는 당항포 관광단지
D***2,송계사,201906**,F,3,기타 ,600~699만원,아니오,          ,연립주택/ 다세대/ 빌라,서울,관악구,난곡동,,삼성,SKT,송계사,https://m.blog.naver.com/kimyt9999/221674102000,덕유산 지봉 산행기경남거창 송계사계곡에서 지봉에 올라 횡경재를 거쳐 백암봉까지 달려보자
D***2,죽도,201906**,M,4,"전문직 (의사, 판검사, 예술가, 종교인)",600~699만원,예    ,자녀 있음 ,아파트/ 주상복합,서울,노원구,상계2동,"대형SUV (베라크루즈, 모하비, 투아렉급 등)",삼성,LG U+,죽도,http://jukdobeach.kr/mobile/sub.php,죽도오토캠핑장 모바일웹
D***2,죽도,201906**,M,4,"전문직 (의사, 판검사, 예술가, 종교인)",600~699만원,예    ,자녀 있음 ,아파트/ 주상복합,서울,노원구,상계2동,"대형SUV (베라크루즈, 모하비, 투아렉급 등)",삼성,LG U+,죽도,http://jukdobeach.kr/mobile/,죽도오토캠핑장 모바일웹
D***2,죽도,201906**,M,4,"전문직 (의사, 판검사, 예술가, 종교인)",600~699만원,예    ,자녀 있음 ,아파트/ 주상복합,서울,노원구,상계2동,"대형SUV (베라크루즈, 모하비, 투아렉급 등)",삼성,LG U+,죽도,http://jukdobeach.kr/mobile/sub1.php,죽도오토캠핑장 모바일웹
D***2,죽도,201906**,M,4,"전문직 (의사, 판검사, 예술가, 종교인)",600~699만원,예    ,자녀 있음 ,아파트/ 주상복합,서울,노원구,상계2동,"대형SUV (베라크루즈, 모하비, 투아렉급 등)",삼성,LG U+,죽도,https://m.search.naver.com/search.naver?query=%EC%96%91%EC%96%91%EC%A3%BD%EB%8F%84%EC%98%A4%ED%86%A0%EC%BA%A0%ED%95%91%EC%9E%A5&where=m&sm=mtp_sug.top&acq=%EC%A3%BD%EB%8F%84&acr=2&qdt=0,양양죽도오토캠핑장 : 네이버 통합검색
D***9,청량사,201906**,M,3,"판매직 (상점점원, 보험설계사, 노점상)",200~299만원,아니오,          ,오피스텔,서울,중구,충무로5가,"준중형차 (아반떼, K3, 크루즈, 제타급 등)",삼성,KT,청량사,https://m.blog.naver.com/iloveknp/221699419985,가야산국립공원남산제일봉 청량사 원점회귀 등산코스
D***4,증평 에듀팜 특구,201906**,M,2,"학생 (초중고학생, 대학생, 대학원생)",700~799만원,아니오,          ,연립주택/ 다세대/ 빌라,서울,서대문구,연희동,"준중형차 (아반떼, K3, 크루즈, 제타급 등)",애플,SKT,증평 에듀팜 특구,https://blog.naver.com/wwwjpgokr/221592218844,SNS기자단 기고 해외 관광객도 즐길 충북의 명소 증평 에듀팜 관광특구
D***8,알펜시아,201906**,M,2,"사무직 (일반사무직, 공무원, 직업군인)",800~899만원,아니오,          ,아파트/ 주상복합,부산,동래구,복천동,"준중형차 (아반떼, K3, 크루즈, 제타급 등)",LG,KT,알펜시아,https://blog.naver.com/asdffggg2/221648164694,강원도여행 평창 알펜시아 홀리데이인스위트 투베드룸과 오션700 워터파크
D***9,후곡약수터,201906**,F,3,"사무직 (일반사무직, 공무원, 직업군인)",500~599만원,예    ,자녀 없음 ,아파트/ 주상복합,충남,천안시 서북구,쌍용동,"대형SUV (베라크루즈, 모하비, 투아렉급 등)",애플,KT,후곡약수터,http://m.blog.daum.net/_blog/_m/articleView.do?blogid=09IWl&articleno=16152920,후곡 약수터
D***1,표충사,201906**,M,5,"서비스직 (요식업, 숙박업, 미용실종업원)",400~499만원,예    ,자녀 있음 ,아파트/ 주상복합,제주,서귀포시,동홍동,"준중형SUV (투싼, 스포티지, QM5, 티구안급 등)",삼성,LG U+,표충사,https://m.blog.naver.com/jupan1999/221715055350,표충사 우리아이마음숲놀이터 하루 종일 놀겠다는 아이들
D***4,주문진,201906**,M,3,"사무직 (일반사무직, 공무원, 직업군인)",300~399만원,아니오,          ,연립주택/ 다세대/ 빌라,경기,용인시 기흥구,영덕동,"스포츠 (제네시스 쿠페, BMW M, 벤츠 AMG 등)",삼성,SKT,주문진,https://blog.naver.com/crazy_yuri/221713254200,새로웠던 주문진 맛집
D***9,부곡온천,201906**,M,3,"기능직 (자동차정비, 운전기사, 안경사, 택시기사)",200~299만원,예    ,자녀 있음 ,단독주택,경남,창원시 마산합포구,반월동,"준중형차 (아반떼, K3, 크루즈, 제타급 등)",삼성,SKT,부곡온천,https://m.blog.naver.com/cngblog/221721865027,하반기 HOT 생생 부곡온천 라이브공연 12회차
D***6,대구면도요지,201906**,F,2,"학생 (초중고학생, 대학생, 대학원생)",500~599만원,아니오,          ,아파트/ 주상복합,경남,양산시,동면,,애플,KT,대구면도요지,https://m.blog.naver.com/skku_skai/220852355231,강진 대구면 도요지 종합정비계획 학술연구용역
D***6,아우라지,201906**,M,3,,,      ,          ,,대구,서구,중리동,"중형차 (쏘나타, K5, 말리부, 골프급 등)",,,아우라지,https://m.blog.naver.com/kooni/221672541768,정선 아리랑 시장  물 폭탄 맞은 아우라지
D***7,홍길동테마파크,201906**,M,3,"자영업 (도소매업, 숙박업, 미용업)",200~299만원,예    ,자녀 있음 ,단독주택,경기,양주시,산북동,"경차 (모닝, 스파크 등)",LG,LG U+,홍길동테마파크,https://m.blog.naver.com/hhs653409/221664061938,장성 홍길동 테마파크 반가운 지인들과의 카라반 캠핑
D***6,태조산,201906**,M,4,"생산/노무직 (생산감독, 경비원, 공장근로자)",400~499만원,아니오,          ,아파트/ 주상복합,경기,의왕시,왕곡동,,기타,알뜰폰(MVNO),태조산,https://m.blog.naver.com/ohs1443/221659948848,천안 태조산421m  흑성산519m
D***6,구병산,201906**,M,4,"생산/노무직 (생산감독, 경비원, 공장근로자)",400~499만원,아니오,          ,아파트/ 주상복합,경기,의왕시,왕곡동,,기타,알뜰폰(MVNO),태조산,https://m.blog.naver.com/osgsb/221692903882,충북 보은 충북알프스의 시작점 아홉봉우리의 구병산
D***5,진도 대명리조트,201906**,M,3,"사무직 (일반사무직, 공무원, 직업군인)",200~299만원,아니오,          ,아파트/ 주상복합,전북,완주군,이서면,"준중형차 (아반떼, K3, 크루즈, 제타급 등)",애플,SKT,진도 대명리조트,https://bluebuskr.blog.me/221645530806,진도 여행 대명리조트 쏠비치 진도 후기
D***8,김녕해수욕장,201906**,M,4,"생산/노무직 (생산감독, 경비원, 공장근로자)",200~299만원,아니오,          ,아파트/ 주상복합,경남,고성군,고성읍,"준중형차 (아반떼, K3, 크루즈, 제타급 등)",LG,LG U+,김녕해수욕장,https://m.blog.naver.com/findjeju/221593221722,제주도 바다 색이 아름다운 김녕해수욕장 물놀이
D***1,김제온천,201906**,F,2,무직,700~799만원,아니오,          ,아파트/ 주상복합,인천,연수구,동춘2동,,애플,KT,김제온천,https://m.blog.naver.com/shbae3521/221589492924,김제연꽃아버지의 연사랑 흙바라기연근농장 페이지 김영훈 김계숙
D***9,남원,201906**,F,2,"학생 (초중고학생, 대학생, 대학원생)",400~499만원,아니오,          ,연립주택/ 다세대/ 빌라,인천,계양구,임학동,,삼성,KT,남원,https://m.blog.naver.com/lesu0/221715390631,국내여행  남원숙소 너무 좋았던 에어비앤비 수곡당
D***0,김천온천,201906**,M,5,"생산/노무직 (생산감독, 경비원, 공장근로자)",300~399만원,예    ,자녀 없음 ,아파트/ 주상복합,경북,포항시 남구,대도동,"준중형SUV (투싼, 스포티지, QM5, 티구안급 등)",삼성,KT,김천온천,https://blog.naver.com/ejuinn69/221452242406,찜질방 데이트 김천 구미 대구 근처 온천숯가마 찜질방  성주 스파랜드u
D***2,창원 구산해양,201906**,M,2,"학생 (초중고학생, 대학생, 대학원생)",200~299만원,아니오,          ,아파트/ 주상복합,경기,부천시 원미구,상2동,,LG,SKT,창원 구산해양,https://blog.naver.com/a23852/221319178127,창원 마산 외곽 구산카페  통통 오션뷰카페
D***8,공릉,201906**,M,2,"학생 (초중고학생, 대학생, 대학원생)",700~799만원,아니오,          ,아파트/ 주상복합,경기,고양시 일산동구,식사동,,기타,알뜰폰(MVNO),공릉,https://blog.naver.com/back2462/221721451198,파주 공릉캠핑장 11월 동계 캠핑의 첫 시작
D***3,의성탑산온천,201906**,M,2,"교직 (교사, 유치원교사, 학원강사)",300~399만원,아니오,          ,단독주택,경기,성남시 수정구,신흥1동,"소형차 (액센트, 프라이드, 아베오, 피아트급 등)",삼성,KT,의성탑산온천,https://m.blog.naver.com/darkspwn1/221256068023,경북 의성 탑산약수온천 유황냄새 진한 지방온천
D***1,곡성도림사,201906**,M,2,무직,100만원 미만,아니오,          ,단독주택,서울,성북구,하월곡동,,기타,LG U+,곡성도림사,https://m.blog.naver.com/aboutclaire/221562777372,곡성 여행 도림사 카페 씨엘로
D***3,미숭산,201906**,F,2,"학생 (초중고학생, 대학생, 대학원생)","1,000만원 이상",아니오,          ,아파트/ 주상복합,경기,성남시 분당구,삼평동,,LG,KT,미숭산,https://m.blog.naver.com/gokory/221652921784,고령 여행 숲과 자연을 느끼며 힐링해요 미숭산자연휴양림
D***6,신륵사,201906**,M,2,"학생 (초중고학생, 대학생, 대학원생)",100~199만원,아니오,          ,단독주택,서울,강동구,천호1동,,삼성,SKT,신륵사,https://jbm993.blog.me/221521860991,여주 가볼만한곳 색색의 연등이 예쁜 신륵사
D***1,태종대,201906**,M,2,"판매직 (상점점원, 보험설계사, 노점상)",100~199만원,아니오,          ,연립주택/ 다세대/ 빌라,광주,서구,화정4동,,삼성,KT,태종대,https://blog.naver.com/lovely_fat/221718153043,부산 해동용궁사와 태종대로 효도관광
D***2,보덕사 ,201906**,M,3,"사무직 (일반사무직, 공무원, 직업군인)",700~799만원,아니오,          ,아파트/ 주상복합,서울,서대문구,천연동,"준대형차 (그랜저, K7, 알페온, 캠리급, 파사트급 등)",삼성,KT,보덕사 ,http://m.blog.daum.net/_blog/_m/articleView.do?blogid=03bMR&articleno=15961077,보덕사 예산
D***0,영산호쌀문화테마공원,201906**,M,4,"사무직 (일반사무직, 공무원, 직업군인)",100~199만원,아니오,          ,연립주택/ 다세대/ 빌라,서울,마포구,성산2동,"소형SUV/CUV (티볼리, QM3 등)",애플,SKT,영산호쌀문화테마공원,https://m.blog.naver.com/ejp8702/221108032274,이천 농업테마공원 쌀문화전시관에서 쌀에 대해 배워봐요
D***0,예당,201906**,M,2,"학생 (초중고학생, 대학생, 대학원생)",700~799만원,아니오,          ,아파트/ 주상복합,부산,부산진구,당감3동,"준중형SUV (투싼, 스포티지, QM5, 티구안급 등)",애플,LG U+,예당,https://m.blog.naver.com/lovely_fat/221625644631,충남 예당저수지 예당호 출렁다리
D***6,경주 감포,201906**,F,4,"생산/노무직 (생산감독, 경비원, 공장근로자)",100~199만원,아니오,          ,아파트/ 주상복합,서울,성북구,보문동3가,,삼성,SKT,경주 감포,https://blog.naver.com/daisykim1987/221485776355,감포팬션바닷가가 한눈에 보이는 경주 팬션
D***,갑사,201906**,F,2,"사무직 (일반사무직, 공무원, 직업군인)",400~499만원,아니오,          ,아파트/ 주상복합,부산,북구,화명1동,,삼성,SKT,갑사,https://m.cafe.naver.com/ArticleRead.nhn?clubid=10050813&articleid=25838755&page=27&boardtype=L&menuid=3,생로랑지퍼지갑 사용하시는분들~~ : 네이버 카페
D***,해운대,201906**,F,2,"사무직 (일반사무직, 공무원, 직업군인)",400~499만원,아니오,          ,아파트/ 주상복합,부산,북구,화명1동,,삼성,SKT,갑사,https://m.blog.naver.com/dmstjs7789/221556320789,"부산 해운대 호텔)) 파크하얏트 부산 수영장, 조식식당, 레스토랑, 파티쉐리 : 네이버 블로그"
D***,다리안,201906**,F,2,"사무직 (일반사무직, 공무원, 직업군인)",400~499만원,아니오,          ,아파트/ 주상복합,부산,북구,화명1동,,삼성,SKT,갑사,https://m.cafe.naver.com/ArticleRead.nhn?clubid=10050813&articleid=25849063&page=26&boardtype=L&menuid=3,"L자다리 안한지 1주일된거같은데 하고안하고 차이 꽤 나네요,..; : 네이버 카페"
D***,청도용암온천,201906**,F,5,"사무직 (일반사무직, 공무원, 직업군인)",700~799만원,예    ,자녀 있음 ,아파트/ 주상복합,부산,북구,만덕2동,,삼성,SKT,청도용암온천,https://m.blog.naver.com/jangsoras2j/221716720216,청도용암온천 즐기고 빛축제까지
D***,미탄마하생태,201906**,M,3,"사무직 (일반사무직, 공무원, 직업군인)",200~299만원,예    ,자녀 있음 ,아파트/ 주상복합,광주,광산구,장덕동,"중형차 (쏘나타, K5, 말리부, 골프급 등)",기타,SKT,미탄마하생태,https://m.blog.naver.com/leeewon47/221479158841,대한민국 대표 관광지 강원도 강원도 관광지 현황은
D***,금강호,201906**,F,4,,,      ,          ,,경북,칠곡군,석적읍,,,,금강호,https://m.blog.naver.com/sumi0ju/221704482211,오천항 금강낚시 금강호 쭈꾸미 갑오징어 출조 조황 쭈갑 선상낚시 20191109
D***,진관사,201906**,F,5,"사무직 (일반사무직, 공무원, 직업군인)",300~399만원,예    ,자녀 있음 ,단독주택,서울,서초구,방배2동,,삼성,SKT,진관사,https://m.blog.naver.com/ka8564/221628007626,북한산 등산코스진관사 삼천사 원점코스
D***,일심사,201906**,M,3,,,      ,          ,,서울,광진구,중곡4동,,,,일심사,https://m.blog.naver.com/only_tour/221532442887,오이타 여행 코스벚꽃 운해 잇신지일심사
D***,원주 루첸,201906**,M,3,,,      ,          ,,서울,은평구,갈현2동,,,,원주 루첸,https://blog.naver.com/shim7803/220897494183,20161226원주투데이플라워푸르트월드 관광단지 본궤도루첸관광단지 사업내용 변경해 내년말 지정
D***,고석정,201906**,M,4,,,      ,          ,,서울,강남구,역삼1동,,,,고석정,https://m.blog.naver.com/mmm7962/221711870969,철원 여행 고석정 정취를 취하다
D***,용호씨사이드,201906**,M,4,,,      ,          ,,경남,창원시 마산합포구,완월동,,,,용호씨사이드,http://www.kookje.co.kr/news2011/asp/newsbody.asp?code=0200&key=20171123.22001010675,부산 용호동 씨사이드 분쟁 부산시 관광지 취소 경고
D***,영암바둑테마파크,201906**,M,4,,,      ,          ,,충북,청주시 흥덕구,가경동,,,,영암바둑테마파크,https://m.blog.naver.com/ashim1/221266017832,영암 가볼만한곳  월출산 기찬랜드 가야금산조 테마공원
D***,해운대,201906**,M,2,,,      ,          ,,경기,안양시 동안구,호계동,,,,해운대,https://moonjj82.blog.me/221712612297,해운대뷔페 가장 좋아하는 곳 그랜드애플
D***,안면도,201906**,M,3,,,      ,          ,,서울,중랑구,면목동,,,,안면도,http://m.blog.daum.net/_blog/_m/articleView.do?blogid=0UCYA&articleno=5829,"충남 태안 가볼만한곳, 안면도 자연휴양림 무장애 나눔길"
D***,협재해안,201906**,M,4,"사무직 (일반사무직, 공무원, 직업군인)",500~599만원,예    ,자녀 있음 ,아파트/ 주상복합,서울,구로구,구로동,"준중형차 (아반떼, K3, 크루즈, 제타급 등)",삼성,KT,협재해안,https://m.blog.naver.com/yhm529/221657268440,나혼자산다수요미식회 맛집 제주 협재해안 수우동
D***,안성 죽산,201906**,M,3,,,      ,          ,,경기,안양시 만안구,석수1동,,,,안성 죽산,https://blog.naver.com/pcn1970/221720348259,2019 안성 죽산 문화재 야행 이야기
D***,묘산봉,201906**,M,3,,,      ,          ,,경기,안양시 만안구,석수1동,,,,안성 죽산,https://m.blog.naver.com/kohj007/221598565809,제주시 구좌읍 김녕리 묘산봉 일대 농어촌도로 확장
D***,합천호,201906**,F,2,,,      ,          ,,서울,마포구,성산2동,,,,합천호,http://m.blog.daum.net/_blog/_m/articleView.do?blogid=0Nnmh&articleno=2256,합천 악견산~의룡산 종주 - 합천호 조망과 천길단애를 경험할 수 있는 산 (대병3산/대병5악/십자바위/악견산성)
D***,마곡사,201906**,M,2,"생산/노무직 (생산감독, 경비원, 공장근로자)",100~199만원,아니오,          ,아파트/ 주상복합,경기,안양시 동안구,신촌동,,삼성,LG U+,마곡사,https://m.blog.naver.com/usgreen99/221692318243,공주 가볼만한곳 마곡사 가을 모습은
D***,제주용머리,201906**,M,4,,,      ,          ,,충북,청주시 흥덕구,산남동,,,,제주용머리,http://m.blog.daum.net/_blog/_m/articleView.do?blogid=0b2pw&articleno=2342,제주 용머리해안 맛집 가족 식사엔 카도돈카츠
D***,울산 강동,201906**,M,3,,,      ,          ,,경기,수원시 권선구,권선동,,,,울산 강동,https://blog.naver.com/usbukgu/221725467902,울산 강동 화암 주상절리 예술작품 같은 일출
D***,제주용머리,201906**,M,2,"학생 (초중고학생, 대학생, 대학원생)",400~499만원,아니오,          ,아파트/ 주상복합,대구,동구,봉무동,"준중형차 (아반떼, K3, 크루즈, 제타급 등)",애플,SKT,제주용머리,http://m.blog.daum.net/_blog/_m/articleView.do?blogid=0b2pw&articleno=2342,제주 용머리해안 맛집 가족 식사엔 카도돈카츠
D***,제주남원,201906**,M,2,,,      ,          ,,대전,대덕구,송촌동,,,,제주남원,https://m.blog.naver.com/since080515/221648773649,최고라고 말하고싶은 제주 남원 맛집
D***,불갑사,201906**,F,2,,,      ,          ,,경기,수원시 영통구,매탄3동,,,,불갑사,https://m.blog.naver.com/ka8564/221649053161,불갑사 상사화 개화초기 풍경불갑사상사화축제 날에는 만개할듯
D***,고래불,201906**,F,2,,,      ,          ,,경기,수원시 영통구,매탄3동,,,,불갑사,http://m.blog.daum.net/_blog/_m/articleView.do?blogid=0bogl&articleno=923,해파랑길 트레킹 제23코스 고래불 후포항
D***,충주호체험,201906**,F,2,,,      ,          ,,전남,함평군,함평읍,,,,충주호체험,https://m.blog.naver.com/yoohr0507/221553190270,충주호 유람선 체험
D***,예안현,201906**,F,4,"교직 (교사, 유치원교사, 학원강사)",400~499만원,예    ,자녀 있음 ,아파트/ 주상복합,서울,도봉구,방학1동,"준중형SUV (투싼, 스포티지, QM5, 티구안급 등)",삼성,SKT,예안현,https://m.blog.naver.com/misulmun49/221513555388,조식 유두류산록 이황
D***,백운계곡,201906**,F,4,,,      ,          ,,서울,강남구,자곡동,,,,백운계곡,https://blog.naver.com/wnsghdudwls/221637010727,포천 백운계곡
D***,화암사,201906**,F,2,,,      ,          ,,경기,김포시,사우동,,,,화암사,https://m.blog.naver.com/happykids70/221674944427,화암사 숲길 신선대에서 바라보는 울산바위
D***,원주 루첸,201906**,F,4,,,      ,          ,,충남,천안시 서북구,두정동,,,,원주 루첸,https://blog.naver.com/shim7803/220897494183,20161226원주투데이플라워푸르트월드 관광단지 본궤도루첸관광단지 사업내용 변경해 내년말 지정
D***,거제 남부,201906**,F,3,"주부 (전업주부, 파트타임 근무 주부)",300~399만원,예    ,자녀 없음 ,오피스텔,인천,서구,연희동,,애플,LG U+,거제 남부,https://blog.naver.com/rowon98/221488555544,거제 남부 해변길 걷기함목다대다포천장산여차여차홍포전망대홍포대포근포근포마을명사저구항
D***,만남의광장,201906**,M,3,,,      ,          ,,인천,연수구,동춘3동,,,,만남의광장,https://m.post.naver.com/viewer/postView.nhn?volumeNo=25975952&memberNo=7250666&vType=VERTICAL,하남 드림 휴게소만남의광장에 수소충전소 오픈
D***,돌문화공원,201906**,F,4,,,      ,          ,,서울,성동구,응봉동,,,,돌문화공원,https://m.blog.naver.com/pran0104/221715194651, 제주여행제주관광  제주 돌문화공원
D***,창원 구산해양,201906**,M,3,"생산/노무직 (생산감독, 경비원, 공장근로자)",200~299만원,아니오,          ,연립주택/ 다세대/ 빌라,강원,삼척시,정상동,"중형SUV (싼타페, 쏘렌토, 캡티바, BMW X3급 등)",삼성,SKT,창원 구산해양,https://blog.naver.com/a23852/221319178127,창원 마산 외곽 구산카페  통통 오션뷰카페
D***,오목내,201906**,M,3,"사무직 (일반사무직, 공무원, 직업군인)",400~499만원,예    ,자녀 있음 ,아파트/ 주상복합,전남,순천시,조례동,"준중형SUV (투싼, 스포티지, QM5, 티구안급 등)",삼성,SKT,오목내,https://m.blog.naver.com/skrkddlsgp/221721630990,진주 판문동 맛집 오목내 솔직후기
D***,평창 용평,201906**,M,3,,,      ,          ,,서울,강서구,화곡6동,,,,평창 용평,https://blog.naver.com/see302/221593099739,평창가볼만한곳평창 용평리조트 타워콘도 와 용평 워터파크 피크아일랜드현대홈쇼핑
D***,마곡온천,201906**,M,2,,,      ,          ,,부산,남구,감만동,,,,마곡온천,https://m.blog.naver.com/coco_8600/221653876224,강화도 여행 마곡 맛집  동천  석모도미네랄온천
D***,서포리,201906**,F,3,"주부 (전업주부, 파트타임 근무 주부)",400~499만원,예    ,자녀 있음 ,연립주택/ 다세대/ 빌라,경기,화성시,진안동,,삼성,SKT,서포리,https://blog.naver.com/zeroheart73/221561164544,덕적도 서포리해변 백패킹511  512
D***,삼포 문암,201906**,M,3,,,      ,          ,,경남,통영시,광도면,,,,삼포 문암,https://m.blog.naver.com/heysun62/221545300677,고성  삼포문암진해변 개발
D***,방화동,201906**,F,4,"사무직 (일반사무직, 공무원, 직업군인)",500~599만원,예    ,자녀 있음 ,아파트/ 주상복합,경기,고양시 덕양구,동산동,"준중형SUV (투싼, 스포티지, QM5, 티구안급 등)",삼성,KT,방화동,https://m.kin.naver.com/mobile/qna/detail.nhn?d1id=12&dirId=12011808&docId=335879922&qb=67Cp7ZmU64+Z&enc=utf8&section=kin.ext&rank=2&search_sort=0&spq=0,서울시 방화동에 건물을 지으려고 하는
D***,계림사,201906**,M,5,"관리직 (사장, 간부, 고위공무원)",400~499만원,예    ,자녀 있음 ,연립주택/ 다세대/ 빌라,경기,화성시,반송동,"소형차 (액센트, 프라이드, 아베오, 피아트급 등)",삼성,LG U+,계림사,https://m.blog.naver.com/pjk3108/221686032437,김천 동부리 마애지장보살좌상 계림사 석조나한좌상
D***,청도용암온천,201906**,M,5,"관리직 (사장, 간부, 고위공무원)","1,000만원 이상",예    ,자녀 있음 ,아파트/ 주상복합,서울,양천구,신정6동,"중형차 (쏘나타, K5, 말리부, 골프급 등)",삼성,KT,청도용암온천,https://m.blog.naver.com/jangsoras2j/221716720216,청도용암온천 즐기고 빛축제까지
D***,운암사,201906**,M,3,,,      ,          ,,서울,성동구,성수2가1동,,,,운암사,https://m.blog.naver.com/lucky0520/221684590217,비라칸사스와 함께한 광양 운암사
D***,봉개휴양림,201906**,M,2,"학생 (초중고학생, 대학생, 대학원생)",100만원 미만,아니오,          ,기타 ,경기,안양시 동안구,관양2동,"중형차 (쏘나타, K5, 말리부, 골프급 등)",삼성,KT,봉개휴양림,https://m.blog.naver.com/slow_m00n/221700410084,제주교래자연휴양림 큰지그리오름 봉개음식물처리장 냄새 최악
D***,삽교호,201906**,F,3,,,      ,          ,,인천,남동구,구월동,,,,삽교호,https://m.blog.naver.com/yongju320/221645978745,당진 삽교호 한 바퀴
D***,벽골제,201906**,M,5,,,      ,          ,,부산,부산진구,양정1동,,,,벽골제,https://m.blog.naver.com/robyn27/221649036302,놀거리가 가득한 곳  김제 벽골제
D***,임진각,201906**,M,5,,,      ,          ,,경기,안산시 상록구,월피동,,,,임진각,https://blog.naver.com/lalla282/221708724445,파주관광지추천 아이들과 갈만한곳 임진각 평화누리공원
D***,문장대온천,201906**,M,2,,,      ,          ,,경기,성남시 수정구,신흥2동,,,,문장대온천,http://m.blog.daum.net/_blog/_m/articleView.do?blogid=0F0kb&articleno=8780597,문장대온천개발 온천지구 지정 사실상 백지화 가능성 커
D***,청학사,201906**,M,4,"관리직 (사장, 간부, 고위공무원)",400~499만원,예    ,자녀 있음 ,아파트/ 주상복합,경북,문경시,모전동,"중형차 (쏘나타, K5, 말리부, 골프급 등)",삼성,KT,청학사,https://m.blog.naver.com/yeonsulife/221652152813,SNS 서포터즈 연수구 사찰 여행 호불사와 청학사 가을 산책
D***,진관사,201906**,M,2,,,      ,          ,,충남,아산시,탕정면,,,,비슬산,https://m.blog.naver.com/ka8564/221628007626,북한산 등산코스진관사 삼천사 원점코스
D***,비슬산,201906**,M,2,,,      ,          ,,충남,아산시,탕정면,,,,비슬산,http://blog.daum.net/tourcodi/8129744,대구 달성군 관광 비슬산 암괴류 대견사 참꽃군락지 반딧불이 전기차 달성 여행
D***8,일심사,201906**,M,4,"기능직 (자동차정비, 운전기사, 안경사, 택시기사)",200~299만원,아니오,          ,연립주택/ 다세대/ 빌라,서울,동대문구,청량리동,"중형차 (쏘나타, K5, 말리부, 골프급 등)",삼성,LG U+,일심사,https://m.blog.naver.com/only_tour/221532442887,오이타 여행 코스벚꽃 운해 잇신지일심사
D***7,산정호수,201906**,M,4,,,      ,          ,,경기,수원시 권선구,구운동,,,,산정호수,https://tcacyc.blog.me/221725616480,포천 산정호수 둘레길을 걸으며
D***2,모악산,201906**,F,3,,,      ,          ,,부산,사하구,신평1동,,,,모악산,https://m.blog.naver.com/pshadm/221683408706,100대명산  모악산  84130
D***1,능암온천,201906**,F,5,"사무직 (일반사무직, 공무원, 직업군인)",400~499만원,예    ,자녀 있음 ,연립주택/ 다세대/ 빌라,서울,관악구,서원동,,삼성,SKT,능암온천,https://m.blog.naver.com/kr_chungju/221572663341,충주 가볼만 한 곳  능암온천랜드
D***7,충주호체험,201906**,F,4,"사무직 (일반사무직, 공무원, 직업군인)",600~699만원,예    ,자녀 있음 ,아파트/ 주상복합,서울,중랑구,신내2동,"대형차 (제너시스, BMW5급 등)",삼성,SKT,충주호체험,https://m.blog.naver.com/yoohr0507/221553190270,충주호 유람선 체험
D***5,미륵사지,201906**,M,3,,,      ,          ,,대구,동구,각산동,,,,미륵사지,https://m.blog.naver.com/jhyang58/221711567421,미륵사지 교도소세트장 보석박물관  익산  전주 여행  1 
D***7,궁평,201906**,M,3,,,      ,          ,,서울,도봉구,창2동,,,,궁평,http://blog.daum.net/seohwi/277,궁평의 마을
D***8,송계사,201906**,F,5,"전문직 (의사, 판검사, 예술가, 종교인)",500~599만원,예    ,자녀 있음 ,아파트/ 주상복합,충남,계룡시,두마면,"준대형차 (그랜저, K7, 알페온, 캠리급, 파사트급 등)",삼성,SKT,송계사,https://m.blog.naver.com/kimyt9999/221674102000,덕유산 지봉 산행기경남거창 송계사계곡에서 지봉에 올라 횡경재를 거쳐 백암봉까지 달려보자
D***7,무릉계곡,201906**,M,2,"학생 (초중고학생, 대학생, 대학원생)",600~699만원,아니오,          ,오피스텔,서울,성북구,삼선동4가,,기타,SKT,무릉계곡,http://m.blog.daum.net/_blog/_m/articleView.do?blogid=0W7Ve&articleno=858,단풍따라 흐르는 가을여행 - 6. 무릉계곡 여행
D***0,무창포해수욕장,201906**,F,2,,,      ,          ,,서울,성동구,송정동,,,,무창포해수욕장,https://m.blog.naver.com/kaisr2/221674209424,보령 대천해수욕장과 무창포 해변
D***8,화암,201906**,M,2,,,      ,          ,,인천,남동구,구월1동,,삼성,SKT,화암,https://m.blog.naver.com/aoisora2/221689337096,정선 아이와 가볼만한곳 화암동굴 나들이 
D***2,능암온천,201906**,F,5,,,      ,          ,,충남,보령시,명천동,,,,능암온천,https://m.blog.naver.com/kr_chungju/221572663341,충주 가볼만 한 곳  능암온천랜드
D***2,웰리힐리파크,201906**,M,3,,,      ,          ,,충남,아산시,배방읍,,,,웰리힐리파크,https://blog.naver.com/missjoon/221716441790,웰리힐리파크 리프트권 및 록키스키 알파인 스키강습
D***3,송계사,201906**,M,2,"학생 (초중고학생, 대학생, 대학원생)","1,000만원 이상",아니오,          ,아파트/ 주상복합,서울,성동구,행당1동,,삼성,LG U+,송계사,https://m.blog.naver.com/kimyt9999/221674102000,덕유산 지봉 산행기경남거창 송계사계곡에서 지봉에 올라 횡경재를 거쳐 백암봉까지 달려보자
D***6,평창 용평,201906**,M,2,,,      ,          ,,서울,관악구,대학동,,,,평창 용평,https://blog.naver.com/see302/221593099739,평창가볼만한곳평창 용평리조트 타워콘도 와 용평 워터파크 피크아일랜드현대홈쇼핑
D***6,백운계곡,201906**,M,4,"관리직 (사장, 간부, 고위공무원)",500~599만원,예    ,자녀 있음 ,연립주택/ 다세대/ 빌라,경기,고양시 일산동구,문봉동,"대형차 (제너시스, BMW5급 등)",삼성,KT,백운계곡,https://blog.naver.com/wnsghdudwls/221637010727,포천 백운계곡
D***0,구병산,201906**,M,2,"학생 (초중고학생, 대학생, 대학원생)",600~699만원,아니오,          ,연립주택/ 다세대/ 빌라,경기,군포시,당동,,삼성,KT,구병산,https://m.blog.naver.com/osgsb/221692903882,충북 보은 충북알프스의 시작점 아홉봉우리의 구병산
D***5,금강호,201906**,M,2,,,      ,          ,,서울,마포구,신수동,,,,금강호,https://m.blog.naver.com/sumi0ju/221704482211,오천항 금강낚시 금강호 쭈꾸미 갑오징어 출조 조황 쭈갑 선상낚시 20191109
D***9,오전약수,201906**,M,4,"서비스직 (요식업, 숙박업, 미용실종업원)",100~199만원,아니오,          ,연립주택/ 다세대/ 빌라,서울,동작구,신대방1동,,삼성,KT,오전약수,https://m.blog.naver.com/sanm308/221616161992,태백산에 싸여있는 봉화군 물야 오전약수
D***4,속리산레저,201906**,M,5,"생산/노무직 (생산감독, 경비원, 공장근로자)",400~499만원,예    ,자녀 있음 ,아파트/ 주상복합,경북,포항시 북구,두호동,,삼성,알뜰폰(MVNO),속리산레저,https://m.blog.naver.com/asancriti/221541893523,보은속리산 솔향공원 도깨비공원의 사람들
D***7,애월국제문화복합단지,201906**,M,2,"학생 (초중고학생, 대학생, 대학원생)",400~499만원,아니오,          ,아파트/ 주상복합,전북,전주시 완산구,평화동2가,,LG,KT,애월국제문화복합단지,https://blog.naver.com/bigfish3/221486552408,제주도 땅 투자애월 국제문화복합단지 진척상황
D***7,대승사,201906**,F,2,,,      ,          ,,경기,고양시 일산서구,주엽2동,,,,대승사,https://m.blog.naver.com/5490ljy/221703776913,문경 사불산 대승사
D***0,어답산,201906**,M,2,"학생 (초중고학생, 대학생, 대학원생)",600~699만원,아니오,          ,아파트/ 주상복합,서울,강서구,화곡3동,,LG,KT,어답산,https://m.blog.naver.com/iiijjjiiijjj/221600282946,20190728일 횡성 어답산횡성온천선바위장송어답산 장군봉병지방계곡
D***1,문수사,201906**,F,3,,,      ,          ,,서울,강남구,압구정동,,,,문수사,http://m.blog.daum.net/_blog/_m/articleView.do?blogid=0qXA2&articleno=504,고창 청량산 문수사
D***4,김녕해수욕장,201906**,M,3,,,      ,          ,,경기,의정부시,의정부1동,,,,김녕해수욕장,https://m.blog.naver.com/findjeju/221593221722,제주도 바다 색이 아름다운 김녕해수욕장 물놀이
D***5,증평 에듀팜 특구,201906**,M,3,"생산/노무직 (생산감독, 경비원, 공장근로자)",300~399만원,예    ,자녀 없음 ,아파트/ 주상복합,경북,경산시,압량면,"소형SUV/CUV (티볼리, QM3 등)",애플,KT,증평 에듀팜 특구,https://blog.naver.com/wwwjpgokr/221592218844,SNS기자단 기고 해외 관광객도 즐길 충북의 명소 증평 에듀팜 관광특구
D***0,척산온천,201906**,F,2,"학생 (초중고학생, 대학생, 대학원생)","1,000만원 이상",아니오,          ,아파트/ 주상복합,서울,동작구,상도4동,,애플,SKT,척산온천,https://m.blog.naver.com/rnara/221478732030,속초 숙소 척산온천휴양촌
D***2,수옥정,201906**,M,3,,,      ,          ,,대전,서구,갈마동,,,,수옥정,https://m.blog.naver.com/akekdthkl200/221662955468,수옥정과 수옥폭포   충북괴산여행
D***2,강원호반,201906**,F,2,,,      ,          ,,부산,해운대구,좌1동,,,,강원호반,http://blog.daum.net/yacho2011/2888,좋은 터 길라잡이(풍수문의 풍수강의)
D***2,대구화원,201906**,M,4,,,      ,          ,,서울,중구,신당동,,,,대구화원,https://blog.naver.com/meteorslove/221529086600,대구 화원 카페 커피문화 작은 창고형카페
D***1,청량사,201906**,M,2,,,      ,          ,,서울,서대문구,연희동,,,,청량사,https://m.blog.naver.com/iloveknp/221699419985,가야산국립공원남산제일봉 청량사 원점회귀 등산코스
D***2,전통한방휴양,201906**,F,2,,,      ,          ,,경북,포항시 남구,연일읍,,,,전통한방휴양,https://m.blog.naver.com/ndustns61/221224126114,전통한방휴양관광지 산청동의보감촌공진단만들기 체험
D***8,고래불,201906**,M,3,,,      ,          ,,울산,남구,신정3동,,,,고래불,http://m.blog.daum.net/_blog/_m/articleView.do?blogid=0bogl&articleno=923,해파랑길 트레킹 제23코스 고래불 후포항
D***2,소요산,201906**,F,4,"사무직 (일반사무직, 공무원, 직업군인)",400~499만원,예    ,자녀 있음 ,연립주택/ 다세대/ 빌라,서울,송파구,거여동,,삼성,SKT,소요산,https://blog.naver.com/pajiwn/221658923153,소요산 등산코스  소요산역자재암선녀탕의상대원점회귀 3시간
D***6,횡성 드림마운틴,201906**,M,2,"학생 (초중고학생, 대학생, 대학원생)","1,000만원 이상",아니오,          ,아파트/ 주상복합,서울,마포구,상암동,,애플,SKT,횡성 드림마운틴,https://blog.naver.com/asj910520/221251985378,드림마운틴 횡성 드림마운틴은 무엇인가
D***4,풍기온천,201906**,F,4,"주부 (전업주부, 파트타임 근무 주부)",700~799만원,예    ,자녀 있음 ,연립주택/ 다세대/ 빌라,경기,파주시,광탄면,"중형SUV (싼타페, 쏘렌토, 캡티바, BMW X3급 등)",LG,알뜰폰(MVNO),풍기온천,https://m.blog.naver.com/sanm308/221569299218,물좋고 공기좋은 소백산풍기온천리조트
D***0,용호씨사이드,201906**,M,3,"전문직 (의사, 판검사, 예술가, 종교인)",300~399만원,아니오,          ,아파트/ 주상복합,인천,남동구,구월동,"준중형차 (아반떼, K3, 크루즈, 제타급 등)",삼성,LG U+,용호씨사이드,http://www.kookje.co.kr/news2011/asp/newsbody.asp?code=0200&key=20171123.22001010675,부산 용호동 씨사이드 분쟁 부산시 관광지 취소 경고
D***8,알펜시아,201906**,M,4,"생산/노무직 (생산감독, 경비원, 공장근로자)",200~299만원,예    ,자녀 있음 ,아파트/ 주상복합,부산,기장군,정관면,,LG,SKT,알펜시아,https://blog.naver.com/asdffggg2/221648164694,강원도여행 평창 알펜시아 홀리데이인스위트 투베드룸과 오션700 워터파크
D***4,홍길동테마파크,201906**,M,3,,,      ,          ,,광주,남구,노대동,,,,홍길동테마파크,https://m.blog.naver.com/hhs653409/221664061938,장성 홍길동 테마파크 반가운 지인들과의 카라반 캠핑
D***2,강원호반,201906**,M,4,"전문직 (의사, 판검사, 예술가, 종교인)",800~899만원,예    ,자녀 있음 ,아파트/ 주상복합,인천,연수구,송도동,"프리미엄 (에쿠스, BMW7급 등)",삼성,SKT,강원호반,http://blog.daum.net/yacho2011/2888,좋은 터 길라잡이(풍수문의 풍수강의)
D***7,강화종합리조트,201906**,M,3,,,      ,          ,,서울,양천구,신월1동,,,,강화종합리조트,https://ghssghss.blog.me/221526256903,강화 길상면  강화씨사이드리조트강화도루지
D***4,대관령 어흘리,201906**,M,2,,,      ,          ,,충북,청주시 상당구,우암동,,,,대관령 어흘리,https://m.blog.naver.com/jauroune/221662945310,대관령 어흘리 100년 소나무 숲길  대관령 치유의 숲길
D***6,여수 화양,201906**,M,2,,,      ,          ,,전북,군산시,수송동,,삼성,LG U+,여수 화양,https://hjjnlove4.blog.me/221426880809,여수 맛집 화양식당 장어구이 장어탕
D***2,백운계곡,201906**,M,4,,,      ,          ,,인천,중구,북성동1가,,,,백운계곡,https://blog.naver.com/wnsghdudwls/221637010727,포천 백운계곡
D***8,실상사,201906**,M,2,"학생 (초중고학생, 대학생, 대학원생)",300~399만원,아니오,          ,아파트/ 주상복합,경기,포천시,신읍동,,LG,KT,실상사,https://m.blog.naver.com/bosom86/221711922236,리군의 사찰 에세이 02 남원 실상사
D***0,주문진,201906**,M,5,"주부 (전업주부, 파트타임 근무 주부)","1,000만원 이상",예    ,자녀 있음 ,아파트/ 주상복합,경기,구리시,수택동,"MPV (카니발, 올란도, 피카소급, 오딧세이 등)",삼성,KT,주문진,https://blog.naver.com/crazy_yuri/221713254200,새로웠던 주문진 맛집
D***0,개암사,201906**,F,5,,,      ,          ,,경기,안산시 단원구,고잔2동,,,,개암사,https://m.blog.naver.com/wona0317/221560541021,부안 개암사 그리고 개암제 나들이
D***5,미천굴,201906**,M,4,"농/축/광/수산업 (축산, 낙농업, 수산, 임업, 광업)","1,000만원 이상",아니오,          ,단독주택,충남,아산시,인주면,기타 (승합차/트럭/화물차/기타 차량 등),삼성,알뜰폰(MVNO),미천굴,https://m.blog.naver.com/xodiddldkqk/221706364651,제주 일출랜드 그리고 미천굴
D***7,흥덕사,201906**,M,2,,,      ,          ,,서울,강남구,개포1동,,,,흥덕사,https://m.blog.naver.com/ojs0126/221690775065,흥덕사 백운문화한마당 참석
D***0,곽지,201906**,M,3,,,      ,          ,,서울,강서구,가양3동,,,,곽지,https://m.blog.naver.com/wnhjeju/221718304122,제주여행 곽지해변에서 한담공원 멋진뷰
D***6,신화역사공원,201906**,M,4,,,      ,          ,,전북,부안군,변산면,,,,신화역사공원,https://present0955.blog.me/221723400417,제주 신화역사공원 홍차 카페 다만프레르
D***4,유현문화,201906**,M,2,,,      ,          ,,부산,사상구,감전동,,,,유현문화,https://m.blog.naver.com/airbag1/221682877565,횡성여행 횡성호수길 5구간 국순당 유현문화관광지 풍수원성당
D***8,수타사,201906**,M,5,"전문직 (의사, 판검사, 예술가, 종교인)",300~399만원,예    ,자녀 있음 ,아파트/ 주상복합,전남,화순군,화순읍,"준대형차 (그랜저, K7, 알페온, 캠리급, 파사트급 등)",삼성,SKT,수타사,https://m.blog.naver.com/sul_hwa/221684137467,홍천 은행나무숲과 수타사 강원도 가볼만한곳
D***8,극락암,201906**,M,5,"전문직 (의사, 판검사, 예술가, 종교인)",300~399만원,예    ,자녀 있음 ,아파트/ 주상복합,전남,화순군,화순읍,"준대형차 (그랜저, K7, 알페온, 캠리급, 파사트급 등)",삼성,SKT,수타사,https://m.blog.naver.com/greatsm2001/221711399361,통도사 극락암의 가을
D***8,충온온천,201906**,M,4,,,      ,          ,,경남,진주시,가좌동,,,,무릉계곡,https://m.cafe.naver.com/mywetown/912,충주나우리마을
D***8,무릉계곡,201906**,M,4,,,      ,          ,,경남,진주시,가좌동,,,,무릉계곡,http://m.blog.daum.net/_blog/_m/articleView.do?blogid=0W7Ve&articleno=858,단풍따라 흐르는 가을여행 - 6. 무릉계곡 여행
D***2,비슬산,201906**,M,3,"학생 (초중고학생, 대학생, 대학원생)",400~499만원,아니오,          ,아파트/ 주상복합,부산,북구,만덕3동,"소형차 (액센트, 프라이드, 아베오, 피아트급 등)",삼성,KT,비슬산,http://blog.daum.net/tourcodi/8129744,대구 달성군 관광 비슬산 암괴류 대견사 참꽃군락지 반딧불이 전기차 달성 여행
D***3,영월온천,201906**,M,4,"생산/노무직 (생산감독, 경비원, 공장근로자)",100~199만원,아니오,          ,연립주택/ 다세대/ 빌라,대전,유성구,장대동,,기타,알뜰폰(MVNO),영월온천,https://m.blog.naver.com/sonjungwook22/221664214543,201707387001 영월군 영월읍 심옥리 영월온천
D***0,운주사,201906**,F,4,,,      ,          ,,광주,동구,광산동,,,,운주사,https://m.blog.naver.com/sanbada2004/221635346744,화순 운주사
D***1,화순온천,201906**,M,4,"사무직 (일반사무직, 공무원, 직업군인)",300~399만원,예    ,자녀 있음 ,연립주택/ 다세대/ 빌라,서울,송파구,마천1동,"준중형SUV (투싼, 스포티지, QM5, 티구안급 등)",삼성,SKT,화순온천,https://m.blog.naver.com/haengbok2/221608294392,아들과 둘이 한 광주 차박여행광주챔피언스필드 대인야시장 화순온천 광주호 전주
D***4,다덕약수,201906**,M,3,"사무직 (일반사무직, 공무원, 직업군인)",300~399만원,아니오,          ,단독주택,부산,부산진구,범전동,"준중형차 (아반떼, K3, 크루즈, 제타급 등)",애플,LG U+,다덕약수,https://m.blog.naver.com/soda8219/221603152068,봉화 약수식당  다덕약수 로 만든 토종닭백숙
D***7,백제가요정읍사,201906**,F,4,"주부 (전업주부, 파트타임 근무 주부)",500~599만원,예    ,자녀 있음 ,아파트/ 주상복합,경기,시흥시,능곡동,"경차 (모닝, 스파크 등)",애플,KT,백제가요정읍사,https://m.blog.naver.com/japansisa/221583141689,백제의 가요 정읍사 망한가로 새롭게 태어나다
D***4,지리산온천,201906**,M,3,"사무직 (일반사무직, 공무원, 직업군인)",200~299만원,아니오,          ,오피스텔,전북,익산시,신동,"준중형차 (아반떼, K3, 크루즈, 제타급 등)",애플,LG U+,지리산온천,https://m.blog.naver.com/gksthf2702/221437321030,지리산 온천랜드 후기 지리산 가족여행가격
D***8,경주 감포,201906**,M,4,"기능직 (자동차정비, 운전기사, 안경사, 택시기사)",500~599만원,예    ,자녀 있음 ,연립주택/ 다세대/ 빌라,경기,부천시 원미구,심곡2동,"경차 (모닝, 스파크 등)",LG,LG U+,경주 감포,https://blog.naver.com/daisykim1987/221485776355,감포팬션바닷가가 한눈에 보이는 경주 팬션
D***1,예천삼강,201906**,F,2,,,      ,          ,,서울,강북구,번2동,,,,예천삼강,https://m.post.naver.com/viewer/postView.nhn?volumeNo=25150266&memberNo=1275074&vType=VERTICAL,대구근교 가볼만하곳 더예천 삼강문화단지위기의 삼강주막 방탈출게임
D***9,유현문화,201906**,F,4,"사무직 (일반사무직, 공무원, 직업군인)",200~299만원,아니오,          ,연립주택/ 다세대/ 빌라,충북,충주시,연수동,"소형SUV/CUV (티볼리, QM3 등)",기타,알뜰폰(MVNO),유현문화,https://m.blog.naver.com/airbag1/221682877565,횡성여행 횡성호수길 5구간 국순당 유현문화관광지 풍수원성당
D***4,담양호,201906**,F,3,"전문직 (의사, 판검사, 예술가, 종교인)",500~599만원,아니오,          ,단독주택,충북,음성군,감곡면,"소형SUV/CUV (티볼리, QM3 등)",애플,SKT,담양호,https://m.blog.naver.com/ka8564/221652276574,담양호 용마루길따라 과녁바위산을 돌아오는 트레킹코스
D***2,간월도,201906**,F,3,"사무직 (일반사무직, 공무원, 직업군인)",800~899만원,예    ,자녀 없음 ,아파트/ 주상복합,서울,강북구,미아동,,삼성,KT,간월도,https://m.blog.naver.com/jjun0712/221712063671,서산 간월도 간월암 다녀왔어요
D***2,아산온천,201906**,F,4,"주부 (전업주부, 파트타임 근무 주부)",700~799만원,예    ,자녀 있음 ,아파트/ 주상복합,인천,남동구,논현동,"준대형차 (그랜저, K7, 알페온, 캠리급, 파사트급 등)",삼성,SKT,아산온천,https://m.blog.naver.com/bucketlist79/221721363500,아산온천 당일치기 겨울여행 아산스파비스캠마녀의 나댕김 20191124
D***5,능암온천,201906**,F,4,"교직 (교사, 유치원교사, 학원강사)",500~599만원,아니오,          ,아파트/ 주상복합,서울,강서구,마곡동,,애플,SKT,능암온천,https://m.blog.naver.com/kr_chungju/221572663341,충주 가볼만 한 곳  능암온천랜드
D***5,해남 오시아노,201906**,F,3,"생산/노무직 (생산감독, 경비원, 공장근로자)","1,000만원 이상",예    ,자녀 있음 ,아파트/ 주상복합,경기,파주시,금능동,,LG,LG U+,해남 오시아노,https://blog.naver.com/qud005/221544080363,캠핑장 추천  해남 오시아노 캠핑장
D***2,문장대온천,201906**,M,2,"학생 (초중고학생, 대학생, 대학원생)",100만원 미만,아니오,          ,기타 ,경기,용인시 수지구,상현1동,,LG,LG U+,문장대온천,http://m.blog.daum.net/_blog/_m/articleView.do?blogid=0F0kb&articleno=8780597,문장대온천개발 온천지구 지정 사실상 백지화 가능성 커
D***0,방화동,201906**,M,5,"기능직 (자동차정비, 운전기사, 안경사, 택시기사)",300~399만원,예    ,자녀 있음 ,연립주택/ 다세대/ 빌라,경기,안산시 단원구,선부3동,"준중형차 (아반떼, K3, 크루즈, 제타급 등)",삼성,KT,방화동,https://m.kin.naver.com/mobile/qna/detail.nhn?d1id=12&dirId=12011808&docId=335879922&qb=67Cp7ZmU64+Z&enc=utf8&section=kin.ext&rank=2&search_sort=0&spq=0,서울시 방화동에 건물을 지으려고 하는
D***8,고씨동굴,201906**,M,3,"사무직 (일반사무직, 공무원, 직업군인)",100~199만원,아니오,          ,아파트/ 주상복합,경기,수원시 영통구,영통1동,"프리미엄 (에쿠스, BMW7급 등)",애플,SKT,고씨동굴,https://m.blog.naver.com/sumjin1002/221621090655,태화산 끝자락 억년의 신비가 숨쉬고 있는 고씨동굴
D***1,오목내,201906**,F,4,"주부 (전업주부, 파트타임 근무 주부)",300~399만원,예    ,자녀 있음 ,아파트/ 주상복합,충북,옥천군,옥천읍,,LG,KT,오목내,https://m.blog.naver.com/skrkddlsgp/221721630990,진주 판문동 맛집 오목내 솔직후기
D***9,미천굴,201906**,M,2,,,      ,          ,,제주,서귀포시,표선면,,,,미천굴,https://m.blog.naver.com/xodiddldkqk/221706364651,제주 일출랜드 그리고 미천굴
D***1,운암사,201906**,F,3,"서비스직 (요식업, 숙박업, 미용실종업원)",100~199만원,예    ,자녀 있음 ,아파트/ 주상복합,경기,남양주시,화도읍,"준중형차 (아반떼, K3, 크루즈, 제타급 등)",삼성,SKT,운암사,https://m.blog.naver.com/lucky0520/221684590217,비라칸사스와 함께한 광양 운암사
D***3,해신장보고,201906**,M,2,,,      ,          ,,경기,부천시 원미구,상3동,,LG,알뜰폰(MVNO),해신장보고,https://m.blog.naver.com/hohosuly/221539086115,을왕리 조개구이  해신장보고  설레여
D***9,일심사,201906**,M,2,무직,100만원 미만,아니오,          ,단독주택,경기,이천시,중리동,,삼성,LG U+,일심사,https://m.blog.naver.com/only_tour/221532442887,오이타 여행 코스벚꽃 운해 잇신지일심사
D***1,한탄강,201906**,M,4,,,      ,          ,,경기,안양시 동안구,범계동,"중형SUV (싼타페, 쏘렌토, 캡티바, BMW X3급 등)",삼성,SKT,한탄강,http://nanazip.com/221721990837,철원 카페  송대소 주상절리 한탄강을 배경으로 커피한잔에 빠져보는 모닝캄빌리지 펜션  카페
D***4,망상,201906**,M,2,"학생 (초중고학생, 대학생, 대학원생)",700~799만원,아니오,          ,아파트/ 주상복합,,,,,삼성,LG U+,망상,https://m.blog.naver.com/kkoshooo/221596336418,강원 동해 망상오토캠핑장
D***5,당항포,201906**,M,3,"생산/노무직 (생산감독, 경비원, 공장근로자)",200~299만원,아니오,          ,오피스텔,전남,여수시,학동,,애플,SKT,당항포,https://m.blog.naver.com/turpu/221690928126,경남 고성 가볼만한곳 공룡엑스포가 펼쳐지는 당항포 관광단지
D***6,구병산,201906**,M,4,"교직 (교사, 유치원교사, 학원강사)",300~399만원,예    ,자녀 있음 ,아파트/ 주상복합,광주,북구,삼각동,"준중형차 (아반떼, K3, 크루즈, 제타급 등)",삼성,KT,구병산,https://m.blog.naver.com/osgsb/221692903882,충북 보은 충북알프스의 시작점 아홉봉우리의 구병산
D***1,장사해수욕장,201906**,F,3,"주부 (전업주부, 파트타임 근무 주부)",400~499만원,예    ,자녀 있음 ,아파트/ 주상복합,인천,남동구,간석2동,,삼성,KT,대구화원,https://m.blog.naver.com/baroseog/221707787194,영덕 장사해수욕장 장사상륙작전 전승기념관 구경
D***1,대구화원,201906**,F,3,"주부 (전업주부, 파트타임 근무 주부)",400~499만원,예    ,자녀 있음 ,아파트/ 주상복합,인천,남동구,간석2동,,삼성,KT,대구화원,https://blog.naver.com/meteorslove/221529086600,대구 화원 카페 커피문화 작은 창고형카페
D***2,장성호,201906**,M,3,,,      ,          ,,서울,강서구,화곡1동,,,,장성호,https://m.blog.naver.com/wella5442/221704598476,장성 가볼만한곳 장성호 수변길 출렁다리
D***6,합천보조댐,201906**,M,3,"전문직 (의사, 판검사, 예술가, 종교인)",300~399만원,예    ,자녀 있음 ,아파트/ 주상복합,인천,부평구,부개2동,"준중형차 (아반떼, K3, 크루즈, 제타급 등)",애플,SKT,합천보조댐,https://m.blog.naver.com/gnfeel/221693122206,경상남도 산책길  합천 가볼만한곳 산책하며 데이트하기 좋은 길 합천 보조댐 수변생태 탐방로
D***5,공릉,201906**,M,3,"기능직 (자동차정비, 운전기사, 안경사, 택시기사)",200~299만원,아니오,          ,단독주택,울산,남구,신정1동,"준중형SUV (투싼, 스포티지, QM5, 티구안급 등)",LG,LG U+,공릉,https://blog.naver.com/back2462/221721451198,파주 공릉캠핑장 11월 동계 캠핑의 첫 시작
D***8,신륵사,201906**,M,3,"기능직 (자동차정비, 운전기사, 안경사, 택시기사)",100~199만원,아니오,          ,연립주택/ 다세대/ 빌라,충남,천안시 서북구,차암동,"소형차 (액센트, 프라이드, 아베오, 피아트급 등)",삼성,KT,신륵사,https://jbm993.blog.me/221521860991,여주 가볼만한곳 색색의 연등이 예쁜 신륵사
D***9,봉서사,201906**,F,3,"사무직 (일반사무직, 공무원, 직업군인)",100~199만원,예    ,자녀 있음 ,아파트/ 주상복합,서울,중랑구,중화동,"준중형차 (아반떼, K3, 크루즈, 제타급 등)",LG,LG U+,봉서사,https://m.blog.naver.com/ffk1039/221633735995,완주 봉서사
D***0,안적사,201906**,F,3,"주부 (전업주부, 파트타임 근무 주부)",200~299만원,예    ,자녀 있음 ,연립주택/ 다세대/ 빌라,인천,남동구,도림동,,삼성,LG U+,안적사,https://m.blog.naver.com/isinki/221675421360,기장 안적사에서 가을을 맞이했습니다
D***4,정남진우산도,201906**,M,3,,,      ,          ,,,,,,,,정남진우산도,https://m.blog.naver.com/hankookceo/220778906265,정남진 장흥 물 축제 여행 정남진 전망대 위대한 영웅 안중근을 만나다
D***3,고성 델피노 골프앤리조트,201906**,F,3,"사무직 (일반사무직, 공무원, 직업군인)",200~299만원,아니오,          ,연립주택/ 다세대/ 빌라,서울,양천구,신월동,"준중형차 (아반떼, K3, 크루즈, 제타급 등)",삼성,LG U+,고성 델피노 골프앤리조트,https://blog.naver.com/aramouse/221589693496,가족여행 숙소 추천 고성 속초 델피노골프앤리조트 카페로까 조식 리뷰
D***8,미천굴,201906**,M,2,"학생 (초중고학생, 대학생, 대학원생)",100~199만원,아니오,          ,단독주택,서울,양천구,목동,,삼성,KT,미천굴,https://m.blog.naver.com/xodiddldkqk/221706364651,제주 일출랜드 그리고 미천굴
D***8,회상나루,201906**,M,2,"학생 (초중고학생, 대학생, 대학원생)",100~199만원,아니오,          ,단독주택,서울,양천구,목동,,삼성,KT,미천굴,https://m.blog.naver.com/easagol/221179750285,회상나루 객주촌
D***9,마차탄광문화촌,201906**,F,3,"사무직 (일반사무직, 공무원, 직업군인)",700~799만원,아니오,          ,연립주택/ 다세대/ 빌라,경기,성남시 중원구,성남동,,삼성,LG U+,팜파스종합휴양,https://m.blog.naver.com/sweetmeto/221715184365,영월여행  강원도 탄광문화촌 단양영월 2박3일 여행
D***9,팜파스종합휴양,201906**,F,3,"사무직 (일반사무직, 공무원, 직업군인)",700~799만원,아니오,          ,연립주택/ 다세대/ 빌라,경기,성남시 중원구,성남동,,삼성,LG U+,팜파스종합휴양,https://blog.naver.com/hriver21/221092893072,팜파스종합휴양관광단지
D***0,영암바둑테마파크,201906**,M,2,"농/축/광/수산업 (축산, 낙농업, 수산, 임업, 광업)",400~499만원,아니오,          ,아파트/ 주상복합,광주,남구,방림2동,,애플,SKT,영암바둑테마파크,https://m.blog.naver.com/ashim1/221266017832,영암 가볼만한곳  월출산 기찬랜드 가야금산조 테마공원
D***9,안면도,201906**,F,3,"주부 (전업주부, 파트타임 근무 주부)",400~499만원,예    ,자녀 있음 ,아파트/ 주상복합,경기,안산시 단원구,원곡2동,,삼성,SKT,안면도,https://m.search.naver.com/search.naver?query=%EC%95%88%EB%A9%B4%EB%8F%84+%EC%95%84%EC%9D%B4%EB%8B%88+%ED%8E%9C%EC%85%98&sm=mtb_viw.cafe&stnm=rel&where=m_blog&nso=,안면도 아이니 펜션 : 네이버 블로그검색
D***9,안면도,201906**,F,3,"주부 (전업주부, 파트타임 근무 주부)",400~499만원,예    ,자녀 있음 ,아파트/ 주상복합,경기,안산시 단원구,원곡2동,,삼성,SKT,안면도,https://m.search.naver.com/search.naver?where=m&sm=mtb_jum&query=%EC%95%88%EB%A9%B4%EB%8F%84+%EC%95%84%EC%9D%B4%EB%8B%88+%ED%8E%9C%EC%85%98,안면도 아이니 펜션 : 네이버 통합검색
D***9,안면도,201906**,F,3,"주부 (전업주부, 파트타임 근무 주부)",400~499만원,예    ,자녀 있음 ,아파트/ 주상복합,경기,안산시 단원구,원곡2동,,삼성,SKT,안면도,https://m.search.naver.com/search.naver?where=m_article&sm=mtb_viw.all&query=%EC%95%88%EB%A9%B4%EB%8F%84%20%EC%95%84%EC%9D%B4%EB%8B%88%20%ED%8E%9C%EC%85%98&nso=,안면도 아이니 펜션 : 네이버 전체글
D***8,장호,201906**,M,3,"사무직 (일반사무직, 공무원, 직업군인)",600~699만원,예    ,자녀 있음 ,아파트/ 주상복합,서울,강동구,천호3동,"중형차 (쏘나타, K5, 말리부, 골프급 등)",삼성,SKT,장호,https://m.blog.naver.com/qsaxzd/221623300383,장호비치캠핑장 삼척여행
D***9,주왕산,201906**,F,5,"주부 (전업주부, 파트타임 근무 주부)",300~399만원,예    ,자녀 있음 ,아파트/ 주상복합,서울,강동구,강일동,"소형차 (액센트, 프라이드, 아베오, 피아트급 등)",삼성,LG U+,주왕산,https://m.blog.naver.com/iloveknp/221708366122,주왕산 국립공원 만추의 주왕산 탐방
D***9,창원 구산해양,201906**,F,5,"주부 (전업주부, 파트타임 근무 주부)",300~399만원,예    ,자녀 있음 ,아파트/ 주상복합,서울,강동구,강일동,"소형차 (액센트, 프라이드, 아베오, 피아트급 등)",삼성,LG U+,주왕산,https://blog.naver.com/a23852/221319178127,창원 마산 외곽 구산카페  통통 오션뷰카페
D***9,부곡온천,201906**,F,3,"자영업 (도소매업, 숙박업, 미용업)",700~799만원,아니오,          ,단독주택,충남,공주시,반포면,,애플,KT,부곡온천,https://m.blog.naver.com/cngblog/221721865027,하반기 HOT 생생 부곡온천 라이브공연 12회차
D***9,제주여성테마파크,201906**,M,3,"판매직 (상점점원, 보험설계사, 노점상)",200~299만원,아니오,          ,오피스텔,서울,중구,충무로5가,"준중형차 (아반떼, K3, 크루즈, 제타급 등)",삼성,KT,제주여성테마파크,https://m.blog.naver.com/kkengzz/221705309627,제주아이들과가볼만한곳 서프라이즈테마파크
D***9,신지명사십리,201906**,F,3,"사무직 (일반사무직, 공무원, 직업군인)",600~699만원,예    ,자녀 있음 ,연립주택/ 다세대/ 빌라,서울,종로구,평창동,"경차 (모닝, 스파크 등)",애플,SKT,신지명사십리,https://m.blog.naver.com/kurum_be/221503580309,여로4  완도 신지명사십리해수욕장  20190325
D***8,우수영,201906**,F,2,무직,300~399만원,아니오,          ,연립주택/ 다세대/ 빌라,경기,성남시 중원구,금광2동,,삼성,LG U+,우수영,https://m.blog.naver.com/hp0210/221703457436,전라도 가볼만한곳 진도타워  우수영국민관광지 명량대첩기념관
D***0,신정호,201906**,M,4,기타 ,500~599만원,예    ,자녀 있음 ,아파트/ 주상복합,전남,목포시,산정동,"MPV (카니발, 올란도, 피카소급, 오딧세이 등)",삼성,SKT,신정호,https://m.blog.naver.com/jsn920/221550735561,아산여행신정호 호수공원 전망좋은카페산책 아산 가볼만한곳
D***1,실상사,201906**,F,3,"서비스직 (요식업, 숙박업, 미용실종업원)",300~399만원,예    ,자녀 없음 ,연립주택/ 다세대/ 빌라,서울,중랑구,망우3동,,LG,SKT,실상사,https://m.blog.naver.com/bosom86/221711922236,리군의 사찰 에세이 02 남원 실상사
D***9,고흥우주해양,201906**,M,5,"기능직 (자동차정비, 운전기사, 안경사, 택시기사)",300~399만원,예    ,자녀 있음 ,아파트/ 주상복합,서울,강남구,자곡동,"중형SUV (싼타페, 쏘렌토, 캡티바, BMW X3급 등)",삼성,SKT,고흥우주해양,https://blog.naver.com/yescom2000/221475087283,김 지사 고흥 우주항공 중심도시로 대도약
D***2,속초해수욕장,201906**,F,3,"주부 (전업주부, 파트타임 근무 주부)",500~599만원,예    ,자녀 있음 ,아파트/ 주상복합,서울,구로구,오류1동,,삼성,KT,속초해수욕장,https://m.blog.naver.com/plingo/221682706206,여행 아무렇게나 떠난 속초 1박 2일 청초수물회 청초호 왱왱해물촌 중앙시장 영금정 속초해수욕장
D***7,신륵사,201906**,M,4,"사무직 (일반사무직, 공무원, 직업군인)",700~799만원,예    ,자녀 없음 ,아파트/ 주상복합,서울,구로구,개봉2동,,삼성,SKT,신륵사,https://jbm993.blog.me/221521860991,여주 가볼만한곳 색색의 연등이 예쁜 신륵사
D***2,원주 플라워프루트월드,201906**,F,2,"사무직 (일반사무직, 공무원, 직업군인)","1,000만원 이상",아니오,          ,아파트/ 주상복합,서울,노원구,상계5동,,LG,알뜰폰(MVNO),원주 플라워프루트월드,https://blog.naver.com/lsgasd12/221643207852,원주 플라워프루트월드 관광단지 조성 사업 본격화
D***9,강원호반,201906**,F,3,,,      ,          ,,경기,용인시 기흥구,상갈동,,,,강원호반,http://blog.daum.net/yacho2011/2888,좋은 터 길라잡이(풍수문의 풍수강의)
D***3,약수암,201906**,F,5,,,      ,          ,,경기,안산시 상록구,본오1동,,,,율포해수욕장,https://m.blog.naver.com/jcjkks/221642522935,도당산시사재 대광사 약수암
D***3,율포해수욕장,201906**,F,5,,,      ,          ,,경기,안산시 상록구,본오1동,,,,율포해수욕장,https://m.blog.naver.com/day31479/221486986413,전라도1박2일여행여수낭만포차 율포해수욕장 광한루원
D***2,비슬산,201906**,F,3,"학생 (초중고학생, 대학생, 대학원생)",900~999만원,아니오,          ,아파트/ 주상복합,광주,북구,동림동,"소형SUV/CUV (티볼리, QM3 등)",애플,KT,비슬산,http://blog.daum.net/tourcodi/8129744,대구 달성군 관광 비슬산 암괴류 대견사 참꽃군락지 반딧불이 전기차 달성 여행
D***8,약수암,201906**,F,3,"사무직 (일반사무직, 공무원, 직업군인)",600~699만원,아니오,          ,아파트/ 주상복합,경기,의정부시,호원동,,애플,LG U+,약수암,https://m.blog.naver.com/jcjkks/221642522935,도당산시사재 대광사 약수암
D***7,여수 경도,201906**,M,2,"서비스직 (요식업, 숙박업, 미용실종업원)",200~299만원,아니오,          ,아파트/ 주상복합,경기,광명시,소하동,,애플,KT,여수 경도,https://blog.naver.com/zephyr122059/221339654475,수요미식회 여수  경도 자연횟집  여수 10미 하모 샤브샤브
D***6,홍천온천,201906**,F,2,"학생 (초중고학생, 대학생, 대학원생)",200~299만원,아니오,          ,아파트/ 주상복합,경북,구미시,형곡2동,,삼성,SKT,홍천온천,https://m.blog.naver.com/hush113/221660267943,홍천 온천홍천에서 온천을 한다면오래된 시설이지만 물은 괜찮았던 원탕 온천목욕탕
D***5,북고사,201906**,M,3,"서비스직 (요식업, 숙박업, 미용실종업원)",400~499만원,예    ,자녀 있음 ,아파트/ 주상복합,서울,광진구,구의1동,"경차 (모닝, 스파크 등)",삼성,KT,북고사,https://m.blog.naver.com/meer1/221709753267,늦가을 무주의 북고사 성지순례
D***7,김제온천,201906**,F,2,"학생 (초중고학생, 대학생, 대학원생)",400~499만원,아니오,          ,아파트/ 주상복합,경북,포항시 남구,대도동,,애플,KT,김제온천,https://m.blog.naver.com/shbae3521/221589492924,김제연꽃아버지의 연사랑 흙바라기연근농장 페이지 김영훈 김계숙
D***7,예안현,201906**,F,2,"학생 (초중고학생, 대학생, 대학원생)",400~499만원,아니오,          ,아파트/ 주상복합,경북,포항시 남구,대도동,,애플,KT,김제온천,https://m.blog.naver.com/misulmun49/221513555388,조식 유두류산록 이황
D***0,고령부례,201906**,M,3,"기능직 (자동차정비, 운전기사, 안경사, 택시기사)",300~399만원,예    ,자녀 있음 ,아파트/ 주상복합,경기,용인시 기흥구,중동,"준중형SUV (투싼, 스포티지, QM5, 티구안급 등)",삼성,SKT,고령부례,https://m.blog.naver.com/gusdnr0409/221296355711,고령부례관광지 카라반  대구근교카라반
D***5,용담사,201906**,M,2,"관리직 (사장, 간부, 고위공무원)",700~799만원,아니오,          ,단독주택,경기,화성시,반송동,,삼성,SKT,용담사,https://m.blog.naver.com/rem85/221616568134,안동물놀이할만한곳안동계곡길안계곡길안용담사 근처 계곡으로 물놀이다녀왔어요
D***5,마우나오션,201906**,F,2,"학생 (초중고학생, 대학생, 대학원생)",400~499만원,아니오,          ,연립주택/ 다세대/ 빌라,서울,노원구,공릉2동,,애플,LG U+,마우나오션,https://blog.naver.com/soda7908/221712751372,LPGA가 열렸던 마우나오션cc로 가을골프 다녀왔어요
D***8,구곡폭포,201906**,M,3,"사무직 (일반사무직, 공무원, 직업군인)",300~399만원,아니오,          ,아파트/ 주상복합,광주,북구,문흥2동,,애플,SKT,구곡폭포,https://blog.naver.com/jsl3335/221675894684,구곡 폭포 나들이
D***3,용문산,201906**,M,3,"사무직 (일반사무직, 공무원, 직업군인)",400~499만원,예    ,자녀 있음 ,아파트/ 주상복합,경기,부천시 소사구,옥길동,,LG,SKT,용문산,https://kaisr2.blog.me/221624459312,양평 용문산 관광단지와 용문사 은행나무
D***2,강원송지호,201906**,M,4,"사무직 (일반사무직, 공무원, 직업군인)",300~399만원,아니오,          ,단독주택,강원,강릉시,임당동,"준중형차 (아반떼, K3, 크루즈, 제타급 등)",애플,SKT,강원송지호,https://m.blog.naver.com/jhany00/221660903730,송지호 오토캠핑에서 여름휴가를
D***3,화순온천,201906**,F,4,"주부 (전업주부, 파트타임 근무 주부)",200~299만원,예    ,자녀 있음 ,아파트/ 주상복합,전북,전주시 완산구,삼천동2가,,삼성,KT,화순온천,https://m.blog.naver.com/haengbok2/221608294392,아들과 둘이 한 광주 차박여행광주챔피언스필드 대인야시장 화순온천 광주호 전주
D***8,대구화원,201906**,M,5,"사무직 (일반사무직, 공무원, 직업군인)",600~699만원,예    ,자녀 있음 ,아파트/ 주상복합,서울,종로구,종로2가,"중형차 (쏘나타, K5, 말리부, 골프급 등)",삼성,SKT,대구화원,https://blog.naver.com/meteorslove/221529086600,대구 화원 카페 커피문화 작은 창고형카페
D***1,금월봉,201906**,M,2,기타 ,100~199만원,아니오,          ,아파트/ 주상복합,경기,성남시 분당구,야탑동,,삼성,KT,금월봉,https://m.blog.naver.com/tarantium82/221696743035,제천1박2일2일차동산분식 덩실분식 제천청풍호모노레일 비봉산전망대 청풍호반케이블카 금월봉석갈비
D***9,아산온천,201906**,M,2,"생산/노무직 (생산감독, 경비원, 공장근로자)",100~199만원,아니오,          ,아파트/ 주상복합,경북,영주시,휴천3동,,삼성,KT,아산온천,https://m.blog.naver.com/bucketlist79/221721363500,아산온천 당일치기 겨울여행 아산스파비스캠마녀의 나댕김 20191124
D***9,복전암,201906**,M,2,"전문직 (의사, 판검사, 예술가, 종교인)","1,000만원 이상",아니오,          ,연립주택/ 다세대/ 빌라,경기,평택시,합정동,,애플,KT,복전암,https://m.blog.naver.com/015sign/221552478539,토요산행   보문산
D***2,우수영,201906**,F,3,"교직 (교사, 유치원교사, 학원강사)",400~499만원,예    ,자녀 없음 ,아파트/ 주상복합,충남,보령시,동대동,"준중형차 (아반떼, K3, 크루즈, 제타급 등)",삼성,SKT,우수영,https://m.blog.naver.com/hp0210/221703457436,전라도 가볼만한곳 진도타워  우수영국민관광지 명량대첩기념관
D***5,제천온천,201906**,F,4,"주부 (전업주부, 파트타임 근무 주부)",500~599만원,예    ,자녀 있음 ,아파트/ 주상복합,서울,마포구,서교동,"준중형차 (아반떼, K3, 크루즈, 제타급 등)",LG,LG U+,제천온천,https://m.blog.naver.com/easeclub1/221720676545,충북 가볼만한곳 제천 리솜포레스트 온천여행과 자드락길
D***7,속리산레저,201906**,F,2,"사무직 (일반사무직, 공무원, 직업군인)",400~499만원,아니오,          ,연립주택/ 다세대/ 빌라,서울,양천구,신정3동,"중형차 (쏘나타, K5, 말리부, 골프급 등)",애플,KT,속리산레저,https://m.blog.naver.com/asancriti/221541893523,보은속리산 솔향공원 도깨비공원의 사람들
D***6,합천호,201906**,F,5,,,      ,          ,,경기,의정부시,낙양동,,,,합천호,http://m.blog.daum.net/_blog/_m/articleView.do?blogid=0Nnmh&articleno=2256,합천 악견산~의룡산 종주 - 합천호 조망과 천길단애를 경험할 수 있는 산 (대병3산/대병5악/십자바위/악견산성)
D***9,충온온천,201906**,F,4,"생산/노무직 (생산감독, 경비원, 공장근로자)",600~699만원,예    ,자녀 있음 ,아파트/ 주상복합,경남,거제시,옥포2동,"중형차 (쏘나타, K5, 말리부, 골프급 등)",삼성,KT,충온온천,https://m.cafe.naver.com/mywetown/912,충주나우리마을
D***6,의성탑산온천,201906**,M,2,,,      ,          ,,서울,서초구,잠원동,,삼성,LG U+,의성탑산온천,https://m.blog.naver.com/darkspwn1/221256068023,경북 의성 탑산약수온천 유황냄새 진한 지방온천
D***5,등명,201906**,M,3,,,      ,          ,,강원,홍천군,화촌면,,삼성,알뜰폰(MVNO),등명,https://m.blog.naver.com/fedfox77/221616393516,강릉 해수욕장 추천 작지만 편안한 등명해변등명해수욕장
D***8,북고사,201906**,F,3,"사무직 (일반사무직, 공무원, 직업군인)",100~199만원,아니오,          ,연립주택/ 다세대/ 빌라,서울,서대문구,북가좌1동,,삼성,SKT,북고사,https://m.blog.naver.com/meer1/221709753267,늦가을 무주의 북고사 성지순례
D***2,마이산회봉온천,201906**,M,5,"사무직 (일반사무직, 공무원, 직업군인)",500~599만원,예    ,자녀 있음 ,아파트/ 주상복합,서울,광진구,구의1동,"소형차 (액센트, 프라이드, 아베오, 피아트급 등)",삼성,LG U+,마이산회봉온천,https://m.blog.naver.com/PostView.nhn?blogId=hk8300&logNo=50140957063&proxyReferer=https%3A%2F%2Fm.search.naver.com%2Fsearch.naver%3Fquery%3D%25EB%25A7%2588%25EC%259D%25B4%25EC%2582%25B0%25ED%259A%258C%25EB%25B4%2589%25EC%2598%25A8%25EC%25B2%259C%26sm%3Dmtb_hty.top%26where%3Dm%26oquery%3D%25EB%258C%2580%25EA%25B5%25AC%25EB%25A9%25B4%25EB%258F%2584%25EC%259A%2594%25EC%25A7%2580%26tqi%3DUPO7psprvAdssE166zRssssst3G-144381,마이산회봉온천 새 희망 날개 활짝 폈다
D***,장의사,201906**,F,3,"교직 (교사, 유치원교사, 학원강사)",100~199만원,예    ,자녀 없음 ,아파트/ 주상복합,대구,달서구,대곡동,,삼성,SKT,장의사,http://www.nbnnews.co.kr/news/articleView.html?idxno=286129,"‘핫이슈‘ 송중기 송혜교, 색다른 논란 빚은 한 장의 사진?... “네티즌 수사대가 찾아냈다” - 내외뉴스통신"
D***,죽사,201906**,F,2,"사무직 (일반사무직, 공무원, 직업군인)",400~499만원,아니오,          ,아파트/ 주상복합,부산,북구,화명1동,,삼성,SKT,죽사,https://m.cafe.naver.com/ArticleRead.nhn?clubid=10050813&articleid=25924267&page=8&boardtype=L&menuid=3,프라다 사피아노는 진짜 가죽사에 획을 그은 것 같지 않나요 : 네이버 카페
D***,회산연꽃방죽,201906**,M,3,,,      ,          ,,부산,서구,동대신동3가,,,,회산연꽃방죽,https://m.blog.naver.com/yunm2530/221565757481,일로읍 회산연꽃방죽이야기회산백련지연꽃나들이목포꽃집목포꽃배달 남악꽃배달 일로꽃배달무안꽃배달
D***,도곡온천,201906**,M,3,"사무직 (일반사무직, 공무원, 직업군인)",400~499만원,아니오,          ,아파트/ 주상복합,경기,의정부시,호원1동,"준중형파생 (벨로스터, I30 등)",삼성,SKT,도곡온천,https://m.blog.naver.com/jh630614/221520167548,화순 중봉산도곡온천 기준으로 완벽한 원점회귀 산행코스
D***,혜국사,201906**,F,4,,,      ,          ,,경기,부천시 원미구,역곡2동,,,,혜국사,https://m.blog.naver.com/lbs2/221717145682,문경 주흘산 등산코스 제1관문여궁폭포혜국사주봉 원점회귀 산행
D***,레인보우힐링,201906**,M,3,,,      ,          ,,경남,김해시,장유면,,,,레인보우힐링,https://m.blog.naver.com/ydpodoblog/221581379841,민주지산 자연휴양림 레인보우 힐링 숲속 가요제
D***,남당,201906**,F,4,,,      ,          ,,대전,유성구,원내동,,,,남당,https://m.blog.naver.com/wodhks0389/221723046008,1130 남당피싱 워너비호 먼바다 우럭 낚시체험 인건가
D***,보적사,201906**,M,5,"관리직 (사장, 간부, 고위공무원)",100~199만원,아니오,          ,아파트/ 주상복합,서울,강서구,화곡3동,"대형SUV (베라크루즈, 모하비, 투아렉급 등)",애플,KT,보적사,https://m.blog.naver.com/n_n630/221683022330,나홀로 가을 산행  독산성 세마대지 보적사 다녀오기
D***,흥덕사,201906**,M,3,,,      ,          ,,인천,남동구,구월1동,,,,흥덕사,https://m.blog.naver.com/ojs0126/221690775065,흥덕사 백운문화한마당 참석
D***,청학사,201906**,F,4,,,      ,          ,,서울,도봉구,창4동,,,,청학사,https://m.blog.naver.com/yeonsulife/221652152813,SNS 서포터즈 연수구 사찰 여행 호불사와 청학사 가을 산책
D***,영탑사,201906**,M,3,,,      ,          ,,서울,강북구,미아동,,,,영탑사,https://m.blog.naver.com/elderpine/221667087073,절로절로 우리절 20 당진 영탑사
D***,진도 대명리조트,201906**,F,4,,,      ,          ,,경기,수원시 영통구,망포동,,,,진도 대명리조트,https://bluebuskr.blog.me/221645530806,진도 여행 대명리조트 쏠비치 진도 후기
D***,당항포,201906**,M,4,"사무직 (일반사무직, 공무원, 직업군인)",300~399만원,아니오,          ,오피스텔,서울,강동구,고덕2동,"대형SUV (베라크루즈, 모하비, 투아렉급 등)",애플,SKT,당항포,https://m.blog.naver.com/turpu/221690928126,경남 고성 가볼만한곳 공룡엑스포가 펼쳐지는 당항포 관광단지
D***,고성 델피노 골프앤리조트,201906**,M,3,"사무직 (일반사무직, 공무원, 직업군인)",400~499만원,예    ,자녀 있음 ,아파트/ 주상복합,경기,군포시,당동,"MPV (카니발, 올란도, 피카소급, 오딧세이 등)",삼성,KT,고성 델피노 골프앤리조트,https://blog.naver.com/aramouse/221589693496,가족여행 숙소 추천 고성 속초 델피노골프앤리조트 카페로까 조식 리뷰
D***,부석사,201906**,M,2,,,      ,          ,,인천,남구,용현동,,,,부석사,https://m.blog.naver.com/ekswldkvkxm2/221710948020,경북가볼만한곳 영주 부석사
D***,라비에벨,201906**,M,4,,,      ,          ,,서울,강남구,역삼1동,,,,라비에벨,https://blog.naver.com/yangjinss/221716472829,부천예식장 라비에벨웨딩 기억에 많이 남을 것 같아요
D***,화암사,201906**,F,3,,,      ,          ,,경기,부천시 원미구,소사동,,,,칠갑산도립온천,https://m.blog.naver.com/happykids70/221674944427,화암사 숲길 신선대에서 바라보는 울산바위
D***,칠갑산도립온천,201906**,F,3,,,      ,          ,,경기,부천시 원미구,소사동,,,,칠갑산도립온천,https://m.blog.naver.com/2000yhero/221524706364,칠갑산 도립공원 2
D***,웰리힐리파크,201906**,M,2,,,      ,          ,,경기,안양시 동안구,호계동,,,,웰리힐리파크,https://blog.naver.com/missjoon/221716441790,웰리힐리파크 리프트권 및 록키스키 알파인 스키강습
D***,대천해수욕장,201906**,F,2,,,      ,          ,,경기,양주시,만송동,,,,대천해수욕장,https://m.blog.naver.com/jblee27/221714733376,대천해수욕장 짚라인 타고 스카이라운지에서 커피한잔
D***,의성탑산온천,201906**,M,4,,,      ,          ,,충북,청주시 흥덕구,산남동,,,,의성탑산온천,https://m.blog.naver.com/darkspwn1/221256068023,경북 의성 탑산약수온천 유황냄새 진한 지방온천
D***,남원 드래곤,201906**,M,3,,,      ,          ,,인천,서구,공촌동,,,,남원 드래곤,https://moonjung2114.blog.me/221639249397,전라도 골프 드래곤레이크cc 2박3일 남원 골프라운드 후기
D***,영주순흥,201906**,F,2,,,      ,          ,,경기,평택시,안중읍,,,,영주순흥,https://m.blog.naver.com/63ksyun/221719604248,풍기 온천 후 영주 순흥 선비촌 다녀왔습니다
D***,안적사,201906**,M,2,,,      ,          ,,경기,안산시 단원구,선부3동,,,,안적사,https://m.blog.naver.com/isinki/221675421360,기장 안적사에서 가을을 맞이했습니다
D***,월명암,201906**,M,4,,,      ,          ,,서울,관악구,신사동,,,,월명암,https://m.blog.naver.com/rowon98/221698025729,깊어가는 내변산의 가을 풍경1남여치월명암직소폭포재백이고개
D***,레인보우힐링,201906**,M,4,,,      ,          ,,서울,성북구,길음동,,,,레인보우힐링,https://m.blog.naver.com/ydpodoblog/221581379841,민주지산 자연휴양림 레인보우 힐링 숲속 가요제
D***,표충사,201906**,M,2,,,      ,          ,,서울,강서구,화곡1동,,,,표충사,https://m.blog.naver.com/jupan1999/221715055350,표충사 우리아이마음숲놀이터 하루 종일 놀겠다는 아이들
D***,지장사,201906**,F,4,"교직 (교사, 유치원교사, 학원강사)",400~499만원,예    ,자녀 있음 ,아파트/ 주상복합,서울,도봉구,방학1동,"준중형SUV (투싼, 스포티지, QM5, 티구안급 등)",삼성,SKT,지장사,https://m.blog.naver.com/asforlove/221709499900,방탄소년단 정국 지장사 직원분이 알려준 꾹이 비하인드스토리
D***,거제 남부,201906**,F,3,,,      ,          ,,경기,남양주시,별내면,,,,거제 남부,https://blog.naver.com/rowon98/221488555544,거제 남부 해변길 걷기함목다대다포천장산여차여차홍포전망대홍포대포근포근포마을명사저구항
D***,곽지,201906**,F,5,"주부 (전업주부, 파트타임 근무 주부)",500~599만원,예    ,자녀 있음 ,단독주택,서울,중랑구,중화2동,"준중형SUV (투싼, 스포티지, QM5, 티구안급 등)",삼성,SKT,곽지,https://m.blog.naver.com/wnhjeju/221718304122,제주여행 곽지해변에서 한담공원 멋진뷰
D***,서포리,201906**,F,4,,,      ,          ,,서울,강남구,자곡동,,,,서포리,https://blog.naver.com/zeroheart73/221561164544,덕적도 서포리해변 백패킹511  512
D***,영주순흥,201906**,M,4,,,      ,          ,,서울,관악구,신림동,,,,영주순흥,https://m.blog.naver.com/63ksyun/221719604248,풍기 온천 후 영주 순흥 선비촌 다녀왔습니다
D***,홍천 비발디파크,201906**,F,5,,,      ,          ,,광주,서구,유촌동,,,,홍천 비발디파크,https://blog.naver.com/loveeoni/221717350562,비발디파크 근처 펜션 홍천 힐링하우스 뜨끈한 온돌방 넘나 좋음
D***,무릉계곡,201906**,F,3,"전문직 (의사, 판검사, 예술가, 종교인)",100~199만원,아니오,          ,연립주택/ 다세대/ 빌라,서울,동대문구,장안1동,,LG,LG U+,무릉계곡,http://m.blog.daum.net/_blog/_m/articleView.do?blogid=0W7Ve&articleno=858,단풍따라 흐르는 가을여행 - 6. 무릉계곡 여행
D***,곡성도림사,201906**,F,4,,,      ,          ,,서울,구로구,구로3동,,,,곡성도림사,https://m.blog.naver.com/aboutclaire/221562777372,곡성 여행 도림사 카페 씨엘로
D***,해남사,201906**,M,2,,,      ,          ,,경기,수원시 권선구,입북동,,,,해남사,https://m.blog.naver.com/lyhlsrn/221626646930,해남사 양대응 스님
D***,아우라지,201906**,F,4,,,      ,          ,,서울,강서구,방화2동,,,,아우라지,https://m.blog.naver.com/kooni/221672541768,정선 아리랑 시장  물 폭탄 맞은 아우라지
D***,변산해수욕장,201906**,M,3,,,      ,          ,,경기,수원시 장안구,영화동,,,,변산해수욕장,https://m.blog.naver.com/soolok791/221651245712,변산 해수욕장 스타렉스 캠핑카 타고 여행  갯벌체험으로 조개를 캤어요
D***,원주 더네이처,201906**,F,2,"전문직 (의사, 판검사, 예술가, 종교인)",200~299만원,아니오,          ,오피스텔,서울,강남구,신사동,,삼성,KT,원주 더네이처,http://www.kwnews.co.kr/nview.asp?s=501&aid=219042100027,원주문막읍 대규모 관광단지 4년만에 재추진
D***,의성탑산온천,201906**,M,2,,,      ,          ,,부산,남구,감만동,,,,의성탑산온천,https://m.blog.naver.com/darkspwn1/221256068023,경북 의성 탑산약수온천 유황냄새 진한 지방온천
D***,홍길동테마파크,201906**,F,2,"사무직 (일반사무직, 공무원, 직업군인)",900~999만원,아니오,          ,아파트/ 주상복합,서울,강동구,명일동,,삼성,SKT,홍길동테마파크,https://m.blog.naver.com/hhs653409/221664061938,장성 홍길동 테마파크 반가운 지인들과의 카라반 캠핑
D***,삼장사,201906**,F,2,무직,100만원 미만,아니오,          ,연립주택/ 다세대/ 빌라,서울,서대문구,남가좌동,,애플,알뜰폰(MVNO),삼장사,https://m.cafe.naver.com/thebomsnap/398,20190516 성내동성당삼장사
D***,기장도예촌,201906**,M,5,"생산/노무직 (생산감독, 경비원, 공장근로자)",300~399만원,예    ,자녀 있음 ,아파트/ 주상복합,부산,북구,금곡동,"준중형차 (아반떼, K3, 크루즈, 제타급 등)",삼성,KT,기장도예촌,https://blog.naver.com/pjhi0523/221704174358,카라반캠핑기장도예촌
D***,돈내코,201906**,M,2,,,      ,          ,,경기,안양시 만안구,박달2동,,,,돈내코,https://m.blog.naver.com/sohyun1989/221684113927,제주 원앙폭포 신비함을 느끼고 싶다면 꼭 돈내코
D***,휘닉스파크,201906**,M,3,,,      ,          ,,서울,강남구,개포동,,,,경주 보문,https://blog.naver.com/vegemilstory/221663623759,가을 여행지 평창 가볼만한 곳 휘닉스 파크 1박 2일  양떼목장 체험까지
D***,경주 보문,201906**,M,3,,,      ,          ,,서울,강남구,개포동,,,,경주 보문,https://blog.naver.com/asas0957/221701086136,경주 단풍 보문단지 산책 with 무지개
D***,한국차소리문화공원,201906**,M,4,"생산/노무직 (생산감독, 경비원, 공장근로자)",100~199만원,아니오,          ,아파트/ 주상복합,경기,안산시 상록구,성포동,,삼성,알뜰폰(MVNO),한국차소리문화공원,https://m.blog.naver.com/peri26100/220924962670,보성여행 보성차밭빛축제  한국차소리문화공원
D***,위봉사,201906**,M,2,,,      ,          ,,대전,유성구,상대동,,,,위봉사,https://m.blog.naver.com/hansongp/221703341215,한국의 산사 10898 완주 위봉사
D***,마니산,201906**,F,4,,,      ,          ,,서울,서대문구,북가좌2동,,,,마니산,https://blog.naver.com/jipangdosa/221613683019,한국명산 031 강화도 마니산 등산기
D***,실상사,201906**,M,3,,,      ,          ,,서울,동작구,상도4동,,,,실상사,https://m.blog.naver.com/bosom86/221711922236,리군의 사찰 에세이 02 남원 실상사
D***,회상나루,201906**,M,4,,,      ,          ,,부산,서구,서대신동2가,,,,회상나루,https://m.blog.naver.com/easagol/221179750285,회상나루 객주촌
D***,예래휴양형주거,201906**,F,4,,,      ,          ,,인천,남동구,구월3동,,,,예래휴양형주거,https://blog.naver.com/bigfish3/221477767193,예래 휴양형 주거단지 현황과 제주도 땅 투자
D***1,서포리,201906**,M,2,,,      ,          ,,경기,평택시,서정동,,,,서포리,https://blog.naver.com/zeroheart73/221561164544,덕적도 서포리해변 백패킹511  512
D***5,금강호,201906**,F,2,,,      ,          ,,경기,고양시 일산서구,일산동,,,,금강호,https://m.blog.naver.com/sumi0ju/221704482211,오천항 금강낚시 금강호 쭈꾸미 갑오징어 출조 조황 쭈갑 선상낚시 20191109
D***2,한탄강,201906**,F,2,,,      ,          ,,대전,대덕구,송촌동,,삼성,LG U+,한탄강,http://nanazip.com/221721990837,철원 카페  송대소 주상절리 한탄강을 배경으로 커피한잔에 빠져보는 모닝캄빌리지 펜션  카페
D***6,대관령 어흘리,201906**,F,3,"사무직 (일반사무직, 공무원, 직업군인)",400~499만원,아니오,          ,연립주택/ 다세대/ 빌라,서울,동작구,사당동,,삼성,KT,대관령 어흘리,https://m.blog.naver.com/jauroune/221662945310,대관령 어흘리 100년 소나무 숲길  대관령 치유의 숲길
D***8,대천해수욕장,201906**,M,3,,,      ,          ,,서울,성동구,금호동1가,,,,대천해수욕장,https://m.blog.naver.com/jblee27/221714733376,대천해수욕장 짚라인 타고 스카이라운지에서 커피한잔
D***5,삼포 문암,201906**,F,4,,,      ,          ,,경기,고양시 덕양구,내유동,,,,삼포 문암,https://m.blog.naver.com/heysun62/221545300677,고성  삼포문암진해변 개발
D***6,오수의견,201906**,F,2,,,      ,          ,,부산,연제구,연산8동,,,,오수의견,https://m.blog.naver.com/gloryhealing/221610037579,전북 걷기 좋은 곳 전북 임실 오수의견공원
D***2,휘닉스파크,201906**,F,3,,,      ,          ,,강원,원주시,반곡동,,,,휘닉스파크,https://blog.naver.com/vegemilstory/221663623759,가을 여행지 평창 가볼만한 곳 휘닉스 파크 1박 2일  양떼목장 체험까지
D***5,마니산,201906**,M,3,,,      ,          ,,경기,고양시 일산동구,마두1동,,,,마니산,https://blog.naver.com/jipangdosa/221613683019,한국명산 031 강화도 마니산 등산기
D***3,화암사,201906**,M,4,"주부 (전업주부, 파트타임 근무 주부)",300~399만원,예    ,자녀 있음 ,단독주택,경기,성남시 수정구,태평1동,,삼성,KT,화암사,https://m.blog.naver.com/happykids70/221674944427,화암사 숲길 신선대에서 바라보는 울산바위
D***6,라비에벨,201906**,M,3,"사무직 (일반사무직, 공무원, 직업군인)",400~499만원,예    ,자녀 있음 ,아파트/ 주상복합,부산,연제구,연산9동,"중형차 (쏘나타, K5, 말리부, 골프급 등)",애플,SKT,라비에벨,https://blog.naver.com/yangjinss/221716472829,부천예식장 라비에벨웨딩 기억에 많이 남을 것 같아요
D***7,양양국제공항,201906**,M,3,,,      ,          ,,서울,금천구,시흥2동,,,,양양국제공항,https://blog.naver.com/4_28b/221660419232,양양국제공항 타고 제주도 가기 코리아익스프레스에어
D***0,강원송지호,201906**,M,2,"학생 (초중고학생, 대학생, 대학원생)",600~699만원,아니오,          ,아파트/ 주상복합,서울,강서구,화곡3동,,LG,KT,강원송지호,https://m.blog.naver.com/jhany00/221660903730,송지호 오토캠핑에서 여름휴가를
D***0,삽교호,201906**,F,3,"사무직 (일반사무직, 공무원, 직업군인)",,      ,          ,,경기,성남시 분당구,백현동,,삼성,SKT,삽교호,https://m.blog.naver.com/yongju320/221645978745,당진 삽교호 한 바퀴
D***7,지장사,201906**,F,5,,,      ,          ,,서울,은평구,녹번동,"중형SUV (싼타페, 쏘렌토, 캡티바, BMW X3급 등)",,,지장사,https://m.blog.naver.com/asforlove/221709499900,방탄소년단 정국 지장사 직원분이 알려준 꾹이 비하인드스토리
D***8,척산온천,201906**,F,3,,,      ,          ,,경기,고양시 일산서구,주엽1동,,,,척산온천,https://m.blog.naver.com/rnara/221478732030,속초 숙소 척산온천휴양촌
D***0,무릉계곡,201906**,F,2,"학생 (초중고학생, 대학생, 대학원생)","1,000만원 이상",아니오,          ,아파트/ 주상복합,서울,동작구,상도4동,,애플,SKT,무릉계곡,http://m.blog.daum.net/_blog/_m/articleView.do?blogid=0W7Ve&articleno=858,단풍따라 흐르는 가을여행 - 6. 무릉계곡 여행
D***6,마우나오션,201906**,F,4,,,      ,          ,,광주,북구,양산동,,,,마우나오션,https://blog.naver.com/soda7908/221712751372,LPGA가 열렸던 마우나오션cc로 가을골프 다녀왔어요
D***3,골드힐카운티리조트,201906**,M,2,,,      ,          ,,전남,순천시,해룡면,,,,골드힐카운티리조트,https://www.yna.co.kr/view/PYH20190609095000063?input=1196m,천안 골드힐카운티리조트 관광단지 기공식  연합뉴스
D***8,추암,201906**,F,3,,,      ,          ,,인천,부평구,갈산동,,,,추암,http://m.blog.daum.net/_blog/_m/articleView.do?blogid=0bogl&articleno=936,해파랑길 트레킹 제32코스 한재밑 추암
D***2,금월봉,201906**,F,2,,,      ,          ,,부산,해운대구,좌1동,,,,금월봉,https://m.blog.naver.com/tarantium82/221696743035,제천1박2일2일차동산분식 덩실분식 제천청풍호모노레일 비봉산전망대 청풍호반케이블카 금월봉석갈비
D***7,나주호,201906**,M,2,,,      ,          ,,서울,강서구,화곡본동,,,,나주호,https://m.blog.naver.com/somangheso/221602510603,하늘이 내린 선물 나주호 반영
D***1,내설악 용대,201906**,F,2,,,      ,          ,,대구,중구,수동,,,,내설악 용대,https://m.blog.naver.com/hoilsanta/221548303837,Jule105 봉정암  강원 인제 용대 내설악11530 월 맑음
D***2,증평 에듀팜 특구,201906**,M,5,"교직 (교사, 유치원교사, 학원강사)",500~599만원,예    ,자녀 있음 ,아파트/ 주상복합,광주,남구,진월동,"중형차 (쏘나타, K5, 말리부, 골프급 등)",삼성,SKT,증평 에듀팜 특구,https://blog.naver.com/wwwjpgokr/221592218844,SNS기자단 기고 해외 관광객도 즐길 충북의 명소 증평 에듀팜 관광특구
D***1,망상,201906**,M,3,"교직 (교사, 유치원교사, 학원강사)",800~899만원,아니오,          ,아파트/ 주상복합,서울,양천구,목1동,"중형차 (쏘나타, K5, 말리부, 골프급 등)",삼성,SKT,망상,https://m.blog.naver.com/kkoshooo/221596336418,강원 동해 망상오토캠핑장
D***0,마이산회봉온천,201906**,M,3,"전문직 (의사, 판검사, 예술가, 종교인)",300~399만원,아니오,          ,아파트/ 주상복합,인천,남동구,구월동,"준중형차 (아반떼, K3, 크루즈, 제타급 등)",삼성,LG U+,마이산회봉온천,https://m.blog.naver.com/PostView.nhn?blogId=hk8300&logNo=50140957063&proxyReferer=https%3A%2F%2Fm.search.naver.com%2Fsearch.naver%3Fquery%3D%25EB%25A7%2588%25EC%259D%25B4%25EC%2582%25B0%25ED%259A%258C%25EB%25B4%2589%25EC%2598%25A8%25EC%25B2%259C%26sm%3Dmtb_hty.top%26where%3Dm%26oquery%3D%25EB%258C%2580%25EA%25B5%25AC%25EB%25A9%25B4%25EB%258F%2584%25EC%259A%2594%25EC%25A7%2580%26tqi%3DUPO7psprvAdssE166zRssssst3G-144381,마이산회봉온천 새 희망 날개 활짝 폈다
D***0,화진포,201906**,M,3,"전문직 (의사, 판검사, 예술가, 종교인)",300~399만원,아니오,          ,아파트/ 주상복합,인천,남동구,구월동,"준중형차 (아반떼, K3, 크루즈, 제타급 등)",삼성,LG U+,마이산회봉온천,https://m.blog.naver.com/94040882/221716020914,강원도 고성 여행  화진포 신서유기에도 나왔네요
D***7,금강하구둑,201906**,M,2,,,      ,          ,,서울,종로구,원서동,,,,금강하구둑,https://m.blog.naver.com/11cap/221590974456,금강자전거길신탄진금강하구둑20190702
D***1,미륵사지,201906**,F,2,"사무직 (일반사무직, 공무원, 직업군인)",300~399만원,아니오,          ,연립주택/ 다세대/ 빌라,서울,마포구,연남동,"경차 (모닝, 스파크 등)",애플,SKT,미륵사지,https://m.blog.naver.com/jhyang58/221711567421,미륵사지 교도소세트장 보석박물관  익산  전주 여행  1 
D***2,광덕계곡,201906**,M,4,"사무직 (일반사무직, 공무원, 직업군인)",300~399만원,아니오,          ,연립주택/ 다세대/ 빌라,부산,금정구,남산동,"중형차 (쏘나타, K5, 말리부, 골프급 등)",삼성,KT,광덕계곡,https://m.blog.naver.com/hardprince/221676277562,즐거운 와인딩 코스 여우고개  백운계곡  광덕계곡  도마치재 M으로 지지기
D***6,아리랑마을,201906**,F,3,"사무직 (일반사무직, 공무원, 직업군인)",600~699만원,아니오,          ,아파트/ 주상복합,경기,고양시 덕양구,성사2동,"경차 (모닝, 스파크 등)",애플,SKT,아리랑마을,https://m.blog.naver.com/greenjeonnam/221496932441,국악의 고장 전라남도 진도  국립남도국악원 아리랑 마을
D***0,불갑사,201906**,M,5,"교직 (교사, 유치원교사, 학원강사)",400~499만원,예    ,자녀 있음 ,아파트/ 주상복합,충북,충주시,칠금동,기타 (승합차/트럭/화물차/기타 차량 등),애플,LG U+,불갑사,https://m.blog.naver.com/ka8564/221649053161,불갑사 상사화 개화초기 풍경불갑사상사화축제 날에는 만개할듯
D***3,당항포,201906**,M,2,무직,300~399만원,아니오,          ,연립주택/ 다세대/ 빌라,전남,여수시,선원동,,삼성,KT,당항포,https://m.blog.naver.com/turpu/221690928126,경남 고성 가볼만한곳 공룡엑스포가 펼쳐지는 당항포 관광단지
D***5,경천대,201906**,F,2,무직,100만원 미만,아니오,          ,단독주택,서울,용산구,후암동,,삼성,알뜰폰(MVNO),경천대,https://m.blog.naver.com/jiyouls/221227527304,상주 경천대마음이 열리는 이곳 경천대 국민관광지
D***1,금강호,201906**,M,2,"사무직 (일반사무직, 공무원, 직업군인)",100~199만원,아니오,          ,단독주택,경남,창원시 진해구,석동,,삼성,SKT,금강호,https://m.blog.naver.com/sumi0ju/221704482211,오천항 금강낚시 금강호 쭈꾸미 갑오징어 출조 조황 쭈갑 선상낚시 20191109
D***9,칠갑산도립온천,201906**,M,2,"자영업 (도소매업, 숙박업, 미용업)","1,000만원 이상",아니오,          ,아파트/ 주상복합,경기,고양시 일산서구,일산3동,,삼성,SKT,칠갑산도립온천,https://m.blog.naver.com/2000yhero/221524706364,칠갑산 도립공원 2
D***2,송불암,201906**,M,4,,,      ,          ,,충남,천안시 동남구,청당동,,,,송불암,https://m.blog.naver.com/nscity/221624748483,논산여행 황산벌의 중심에 자리한 논산 송불암 미륵불
D***8,울산 강동,201906**,M,3,,,      ,          ,,서울,노원구,공릉1.3동,,,,울산 강동,https://blog.naver.com/usbukgu/221725467902,울산 강동 화암 주상절리 예술작품 같은 일출
D***4,원주 더네이처,201906**,F,4,,,      ,          ,,서울,관악구,난곡동,,,,원주 더네이처,http://www.kwnews.co.kr/nview.asp?s=501&aid=219042100027,원주문막읍 대규모 관광단지 4년만에 재추진
D***6,맹방,201906**,M,2,,,      ,          ,,부산,동래구,명장2동,,기타,알뜰폰(MVNO),맹방,https://m.blog.naver.com/brad42/221596457277,강원도 삼척 맹방해수욕장 당일치기 여행
D***8,벽계,201906**,F,3,"전문직 (의사, 판검사, 예술가, 종교인)",200~299만원,아니오,          ,연립주택/ 다세대/ 빌라,서울,구로구,오류동,,애플,SKT,벽계,https://m.blog.naver.com/uiryeonginfo/221691105047,벽계야영장은 새단장 중
D***8,율포해수욕장,201906**,F,3,"전문직 (의사, 판검사, 예술가, 종교인)",200~299만원,아니오,          ,연립주택/ 다세대/ 빌라,서울,구로구,오류동,,애플,SKT,벽계,https://m.blog.naver.com/day31479/221486986413,전라도1박2일여행여수낭만포차 율포해수욕장 광한루원
D***4,송정,201906**,F,3,"사무직 (일반사무직, 공무원, 직업군인)",200~299만원,아니오,          ,아파트/ 주상복합,인천,연수구,옥련2동,,LG,KT,송정,https://m.blog.naver.com/lys9783/221711436037,부산 송정 맛집 알찬 전복영양밥 한그릇
D***6,회상나루,201906**,F,5,"주부 (전업주부, 파트타임 근무 주부)",800~899만원,예    ,자녀 있음 ,아파트/ 주상복합,경기,안산시 상록구,사3동,,삼성,SKT,회상나루,https://m.blog.naver.com/easagol/221179750285,회상나루 객주촌
D***9,안적사,201906**,F,4,"사무직 (일반사무직, 공무원, 직업군인)",600~699만원,예    ,자녀 없음 ,연립주택/ 다세대/ 빌라,서울,송파구,송파동,,삼성,SKT,안적사,https://m.blog.naver.com/isinki/221675421360,기장 안적사에서 가을을 맞이했습니다
D***2,신화역사공원,201906**,M,4,"전문직 (의사, 판검사, 예술가, 종교인)",500~599만원,예    ,자녀 있음 ,아파트/ 주상복합,경기,하남시,덕풍3동,"경차 (모닝, 스파크 등)",삼성,SKT,신화역사공원,https://present0955.blog.me/221723400417,제주 신화역사공원 홍차 카페 다만프레르
D***9,원각사,201906**,F,2,"주부 (전업주부, 파트타임 근무 주부)",300~399만원,예    ,자녀 없음 ,연립주택/ 다세대/ 빌라,강원,강릉시,남항진동,"준중형차 (아반떼, K3, 크루즈, 제타급 등)",삼성,SKT,원각사,https://m.blog.naver.com/nelo30/221688868198,가볍게 다이어트 트레킹 겸 다녀온 의정부 원각사
D***5,구곡폭포,201906**,F,2,"학생 (초중고학생, 대학생, 대학원생)",500~599만원,아니오,          ,아파트/ 주상복합,경기,고양시 덕양구,화정동,,삼성,SKT,구곡폭포,https://blog.naver.com/jsl3335/221675894684,구곡 폭포 나들이
D***0,한탄강,201906**,F,4,"사무직 (일반사무직, 공무원, 직업군인)",700~799만원,예    ,자녀 있음 ,아파트/ 주상복합,인천,서구,검암동,"준중형차 (아반떼, K3, 크루즈, 제타급 등)",애플,SKT,한탄강,http://nanazip.com/221721990837,철원 카페  송대소 주상절리 한탄강을 배경으로 커피한잔에 빠져보는 모닝캄빌리지 펜션  카페
D***9,영주순흥,201906**,F,3,"서비스직 (요식업, 숙박업, 미용실종업원)",300~399만원,아니오,          ,연립주택/ 다세대/ 빌라,서울,강북구,인수동,,애플,SKT,영주순흥,https://m.blog.naver.com/63ksyun/221719604248,풍기 온천 후 영주 순흥 선비촌 다녀왔습니다
D***8,직탕,201906**,F,3,"주부 (전업주부, 파트타임 근무 주부)",200~299만원,예    ,자녀 없음 ,아파트/ 주상복합,대전,서구,관저동,,애플,LG U+,직탕,https://m.blog.naver.com/sonic72/221608063332,20190806 철원일대 폭포를 찾아떠난 여름휴가 재인폭포비둘기낭폭포직탕폭포산정호수
D***8,삼척해수욕장,201906**,M,2,,,      ,          ,,충남,천안시 서북구,쌍용동,,,,삼척해수욕장,https://m.blog.naver.com/funny0820/221599410365,삼척여행 Part1삼척 하얀낭만펜션일미어담삼척해변
D***4,경산온천,201906**,F,3,"판매직 (상점점원, 보험설계사, 노점상)",500~599만원,아니오,          ,아파트/ 주상복합,서울,중랑구,중화2동,,애플,SKT,경산온천,https://m.blog.naver.com/nara4009/221619540380,경산온천상대온천좋아요
D***6,호미곶,201906**,M,4,"사무직 (일반사무직, 공무원, 직업군인)",300~399만원,예    ,자녀 있음 ,아파트/ 주상복합,인천,연수구,선학동,"중형차 (쏘나타, K5, 말리부, 골프급 등)",삼성,KT,호미곶,https://m.blog.naver.com/okkmskim/221674686567,포항펜션 두남자와 함께했던 코지스위트펜션 죽도시장호미곶
D***0,설악한화리조트,201906**,M,3,"사무직 (일반사무직, 공무원, 직업군인)",600~699만원,아니오,          ,연립주택/ 다세대/ 빌라,광주,북구,일곡동,,삼성,SKT,설악한화리조트,https://blog.naver.com/nayanahanmi/221582702954,강원도 속초여행 물놀이 먹거리 놀거리 가능한 설악 한화리조트
D***8,여수 경도,201906**,M,5,무직,500~599만원,예    ,자녀 있음 ,아파트/ 주상복합,경남,창원시 성산구,남양동,"준대형차 (그랜저, K7, 알페온, 캠리급, 파사트급 등)",애플,LG U+,여수 경도,https://blog.naver.com/zephyr122059/221339654475,수요미식회 여수  경도 자연횟집  여수 10미 하모 샤브샤브
D***4,땅끝,201906**,M,2,"학생 (초중고학생, 대학생, 대학원생)",100만원 미만,아니오,          ,아파트/ 주상복합,서울,중구,필동1가,,LG,SKT,땅끝,http://m.blog.daum.net/_blog/_m/articleView.do?blogid=0W7Ve&articleno=866,2018. 단풍따라 흐르는 가을여행 - 14. 토말. 땅끝마을
D***1,송불암,201906**,M,3,"생산/노무직 (생산감독, 경비원, 공장근로자)",200~299만원,아니오,          ,아파트/ 주상복합,충남,서산시,예천동,"중형차 (쏘나타, K5, 말리부, 골프급 등)",LG,LG U+,송불암,https://m.blog.naver.com/nscity/221624748483,논산여행 황산벌의 중심에 자리한 논산 송불암 미륵불
D***0,한국차소리문화공원,201906**,M,4,"생산/노무직 (생산감독, 경비원, 공장근로자)",200~299만원,예    ,자녀 있음 ,아파트/ 주상복합,경기,고양시 일산서구,덕이동,"중형SUV (싼타페, 쏘렌토, 캡티바, BMW X3급 등)",삼성,SKT,한국차소리문화공원,https://m.blog.naver.com/peri26100/220924962670,보성여행 보성차밭빛축제  한국차소리문화공원
D***5,제주용머리,201906**,F,3,"주부 (전업주부, 파트타임 근무 주부)",200~299만원,예    ,자녀 있음 ,연립주택/ 다세대/ 빌라,인천,남구,문학동,"준중형차 (아반떼, K3, 크루즈, 제타급 등)",LG,SKT,제주용머리,http://m.blog.daum.net/_blog/_m/articleView.do?blogid=0b2pw&articleno=2342,제주 용머리해안 맛집 가족 식사엔 카도돈카츠
D***5,홍천 비발디파크,201906**,F,2,무직,500~599만원,아니오,          ,아파트/ 주상복합,서울,성북구,돈암동,,삼성,SKT,홍천 비발디파크,https://blog.naver.com/loveeoni/221717350562,비발디파크 근처 펜션 홍천 힐링하우스 뜨끈한 온돌방 넘나 좋음
D***9,제주여성테마파크,201906**,M,2,"학생 (초중고학생, 대학생, 대학원생)",200~299만원,아니오,          ,단독주택,광주,서구,화정1동,,삼성,LG U+,제주여성테마파크,https://m.blog.naver.com/kkengzz/221705309627,제주아이들과가볼만한곳 서프라이즈테마파크
D***5,원주 오크밸리,201906**,M,4,"사무직 (일반사무직, 공무원, 직업군인)",500~599만원,예    ,자녀 있음 ,아파트/ 주상복합,서울,강동구,강일동,"중형차 (쏘나타, K5, 말리부, 골프급 등)",삼성,알뜰폰(MVNO),원주 오크밸리,https://blog.naver.com/orionbt/221694093685,원주 오크밸리 카라반 여행  야간산책 소나타 오브 라이트
D***2,어답산,201906**,F,2,,,      ,          ,,서울,성북구,삼선동3가,,,,어답산,https://m.blog.naver.com/iiijjjiiijjj/221600282946,20190728일 횡성 어답산횡성온천선바위장송어답산 장군봉병지방계곡
D***5,오토테마파크,201906**,F,2,"학생 (초중고학생, 대학생, 대학원생)",300~399만원,아니오,          ,아파트/ 주상복합,경기,의왕시,내손1동,,애플,LG U+,오토테마파크,https://m.blog.naver.com/python99/221517135324,야경이 멋있는 합천 휴테마파크 오토캠핑장
D***6,김제온천,201906**,F,3,"사무직 (일반사무직, 공무원, 직업군인)",400~499만원,아니오,          ,아파트/ 주상복합,서울,관악구,조원동,"중형SUV (싼타페, 쏘렌토, 캡티바, BMW X3급 등)",애플,알뜰폰(MVNO),김제온천,https://m.blog.naver.com/shbae3521/221589492924,김제연꽃아버지의 연사랑 흙바라기연근농장 페이지 김영훈 김계숙
D***2,사선대,201906**,M,2,무직,100~199만원,아니오,          ,연립주택/ 다세대/ 빌라,충남,금산군,금산읍,,삼성,KT,사선대,https://m.blog.naver.com/jbgokr/221566547422,선녀들도 반한 국민 관광지 임실 사선대  임실 나들이 명소
D***5,함덕해안,201906**,F,2,"학생 (초중고학생, 대학생, 대학원생)",400~499만원,아니오,          ,아파트/ 주상복합,경기,오산시,오산동,,삼성,SKT,함덕해안,https://m.blog.naver.com/33fanta/221648550419,제주 바다가 보이는 카페제주도 조천함덕해안도로 바람과바다
D***9,용문산,201906**,F,3,"주부 (전업주부, 파트타임 근무 주부)",400~499만원,예    ,자녀 있음 ,아파트/ 주상복합,경기,안산시 단원구,원곡2동,,삼성,SKT,용문산,https://www.swijapark.com/contents/index.php,쉬자파크+ 메인 | 쉬자파크 & 용문산휴양림
D***9,용문산,201906**,F,3,"주부 (전업주부, 파트타임 근무 주부)",400~499만원,예    ,자녀 있음 ,아파트/ 주상복합,경기,안산시 단원구,원곡2동,,삼성,SKT,용문산,https://www.swijapark.com/contents/index.php,쉬자파크+ 메인 | 쉬자파크 & 용문산휴양림
D***9,장목,201906**,F,3,"주부 (전업주부, 파트타임 근무 주부)",400~499만원,예    ,자녀 있음 ,아파트/ 주상복합,경기,안산시 단원구,원곡2동,,삼성,SKT,용문산,https://tour.yp21.go.kr/www/selectTourCntntsWebList.do?key=138&ctgry=28,소규모오일장 목록 - 양평문화관광
D***9,약수암,201906**,F,5,"주부 (전업주부, 파트타임 근무 주부)",300~399만원,예    ,자녀 있음 ,아파트/ 주상복합,서울,강동구,강일동,"소형차 (액센트, 프라이드, 아베오, 피아트급 등)",삼성,LG U+,약수암,https://m.blog.naver.com/jcjkks/221642522935,도당산시사재 대광사 약수암
D***0,원주 플라워프루트월드,201906**,M,3,"자영업 (도소매업, 숙박업, 미용업)",200~299만원,아니오,          ,단독주택,광주,동구,소태동,"준중형SUV (투싼, 스포티지, QM5, 티구안급 등)",애플,SKT,원주 플라워프루트월드,https://blog.naver.com/lsgasd12/221643207852,원주 플라워프루트월드 관광단지 조성 사업 본격화
D***6,문경온천,201906**,M,3,"관리직 (사장, 간부, 고위공무원)",400~499만원,아니오,          ,연립주택/ 다세대/ 빌라,강원,춘천시,석사동,,LG,LG U+,문경온천,https://m.blog.naver.com/j3187654/221564941542,불정자연휴양림 문경온천 여행 
D***3,김천온천,201906**,M,2,무직,300~399만원,아니오,          ,아파트/ 주상복합,경기,의정부시,호원2동,기타 (승합차/트럭/화물차/기타 차량 등),애플,SKT,김천온천,https://blog.naver.com/ejuinn69/221452242406,찜질방 데이트 김천 구미 대구 근처 온천숯가마 찜질방  성주 스파랜드u
D***4,농월정,201906**,M,4,"사무직 (일반사무직, 공무원, 직업군인)",300~399만원,예    ,자녀 있음 ,아파트/ 주상복합,서울,강서구,내발산동,"준중형차 (아반떼, K3, 크루즈, 제타급 등)",삼성,LG U+,농월정,https://m.blog.naver.com/roadmoog/221568172575,함양 남계서원 농월정 일두고택
D***6,대광해수욕장,201906**,M,4,"전문직 (의사, 판검사, 예술가, 종교인)",400~499만원,아니오,          ,아파트/ 주상복합,부산,해운대구,우동,"중형차 (쏘나타, K5, 말리부, 골프급 등)",삼성,SKT,대광해수욕장,https://m.blog.naver.com/happy-luna/221332519271,아이들과 국내섬여행 임자도  해수욕장 대광해수욕장
D***0,벽계,201906**,F,4,기타 ,600~699만원,예    ,자녀 있음 ,아파트/ 주상복합,인천,연수구,옥련동,"중형SUV (싼타페, 쏘렌토, 캡티바, BMW X3급 등)",애플,KT,벽계,https://m.blog.naver.com/uiryeonginfo/221691105047,벽계야영장은 새단장 중
D***4,안동하회,201906**,F,3,무직,100~199만원,아니오,          ,오피스텔,서울,강서구,공항동,,삼성,KT,안동하회,https://m.blog.naver.com/1004rahee/221715786295,안동하회마을 무료공연 하회별신굿탈놀이 부용대
D***9,양양국제공항,201906**,M,3,"생산/노무직 (생산감독, 경비원, 공장근로자)",200~299만원,예    ,자녀 있음 ,아파트/ 주상복합,경기,용인시 기흥구,동백동,"준중형SUV (투싼, 스포티지, QM5, 티구안급 등)",삼성,SKT,양양국제공항,https://blog.naver.com/4_28b/221660419232,양양국제공항 타고 제주도 가기 코리아익스프레스에어
D***4,소요산,201906**,M,4,무직,100만원 미만,아니오,          ,단독주택,충남,청양군,대치면,,삼성,SKT,소요산,https://blog.naver.com/pajiwn/221658923153,소요산 등산코스  소요산역자재암선녀탕의상대원점회귀 3시간
D***0,만리포해수욕장,201906**,F,4,"교직 (교사, 유치원교사, 학원강사)",500~599만원,예    ,자녀 있음 ,아파트/ 주상복합,경기,부천시 원미구,중동,"중형차 (쏘나타, K5, 말리부, 골프급 등)",삼성,KT,만리포해수욕장,https://m.blog.naver.com/bb00dd/221721784934,당일치기 태안여행 해미읍성 만리포해수욕장 일몰 까지
D***6,쌍계사,201906**,F,4,"자영업 (도소매업, 숙박업, 미용업)",200~299만원,아니오,          ,아파트/ 주상복합,대구,서구,내당4동,"준중형차 (아반떼, K3, 크루즈, 제타급 등)",삼성,SKT,쌍계사,https://m.blog.naver.com/gnfeel/221717628454,경상남도 하동  하동 가볼만한곳 지리산자락으로 가을여행 떠나요 하동 쌍계사
D***7,미숭산,201906**,F,5,"사무직 (일반사무직, 공무원, 직업군인)",500~599만원,아니오,          ,아파트/ 주상복합,서울,관악구,봉천동,,,,미숭산,https://m.blog.naver.com/gokory/221652921784,고령 여행 숲과 자연을 느끼며 힐링해요 미숭산자연휴양림
D***0,고씨동굴,201906**,F,2,,,      ,          ,,,,,,,,고씨동굴,https://m.blog.naver.com/sumjin1002/221621090655,태화산 끝자락 억년의 신비가 숨쉬고 있는 고씨동굴
D***5,성류굴,201906**,M,4,"자영업 (도소매업, 숙박업, 미용업)",100~199만원,아니오,          ,아파트/ 주상복합,경기,안양시 만안구,안양9동,,삼성,알뜰폰(MVNO),성류굴,https://m.blog.naver.com/hsakjo/221566664329,울진 금강소나무 숲길 트레킹울진 성류굴
D***2,왜목마을,201906**,M,3,"기능직 (자동차정비, 운전기사, 안경사, 택시기사)",500~599만원,아니오,          ,연립주택/ 다세대/ 빌라,대전,대덕구,중리동,,삼성,SKT,왜목마을,https://m.blog.naver.com/rrhcdldi/221709687950,당진당일치기 3 왜목마을 해수욕장 산책 잠깐 들리기 좋은 코스
D***5,운일암반일암,201906**,F,3,,,      ,          ,,경기,과천시,주암동,,,,운일암반일암,https://m.blog.naver.com/overroad89/221700138547,전북 가볼만한곳  진안 운일암 반일암 산책
D***1,석정온천,201906**,M,5,"자영업 (도소매업, 숙박업, 미용업)",700~799만원,예    ,자녀 있음 ,오피스텔,경기,안산시 단원구,고잔동,,삼성,LG U+,석정온천,https://m.blog.naver.com/vnqk10/221716226470,고창 힐링카운티 석정온천휴스파
D***7,대광해수욕장,201906**,F,3,,,      ,          ,,경기,화성시,병점동,,,,대광해수욕장,https://m.blog.naver.com/happy-luna/221332519271,아이들과 국내섬여행 임자도  해수욕장 대광해수욕장
D***0,장사해수욕장,201906**,M,4,"관리직 (사장, 간부, 고위공무원)",500~599만원,예    ,자녀 있음 ,아파트/ 주상복합,경기,용인시 기흥구,보라동,"중형SUV (싼타페, 쏘렌토, 캡티바, BMW X3급 등)",애플,KT,장사해수욕장,https://m.blog.naver.com/baroseog/221707787194,영덕 장사해수욕장 장사상륙작전 전승기념관 구경
D***8,지리산온천,201906**,M,2,"사무직 (일반사무직, 공무원, 직업군인)",700~799만원,아니오,          ,단독주택,경남,진주시,대평면,기타 (승합차/트럭/화물차/기타 차량 등),기타,SKT,지리산온천,https://m.blog.naver.com/gksthf2702/221437321030,지리산 온천랜드 후기 지리산 가족여행가격
D***2,속초해수욕장,201906**,M,4,"사무직 (일반사무직, 공무원, 직업군인)",300~399만원,아니오,          ,단독주택,강원,강릉시,임당동,"준중형차 (아반떼, K3, 크루즈, 제타급 등)",애플,SKT,속초해수욕장,https://m.blog.naver.com/plingo/221682706206,여행 아무렇게나 떠난 속초 1박 2일 청초수물회 청초호 왱왱해물촌 중앙시장 영금정 속초해수욕장
D***4,흥룡사,201906**,M,3,"자영업 (도소매업, 숙박업, 미용업)","1,000만원 이상",예    ,자녀 있음 ,아파트/ 주상복합,경기,성남시 분당구,금곡동,"중형차 (쏘나타, K5, 말리부, 골프급 등)",삼성,알뜰폰(MVNO),흥룡사,https://m.blog.naver.com/ddungddy9073/221281506814,포천여행 백운산 자락에 있는 흑룡사
D***1,프로젝트 ECO,201906**,M,4,"학생 (초중고학생, 대학생, 대학원생)",300~399만원,아니오,          ,아파트/ 주상복합,충남,아산시,권곡동,,LG,LG U+,프로젝트 ECO,https://humanvillage.blog.me/221713044677,애월 봉성리 프로젝트ECO조성사업
D***6,제주헬스케어타운,201906**,M,4,"사무직 (일반사무직, 공무원, 직업군인)",400~499만원,아니오,          ,아파트/ 주상복합,서울,관악구,성현동,"중형차 (쏘나타, K5, 말리부, 골프급 등)",삼성,SKT,제주헬스케어타운,https://blog.naver.com/solguji/221651290398,추석제주여행  헬스케어타운리조트  한림칼국수  카페라이슬라
D***8,팔봉산,201906**,M,3,"사무직 (일반사무직, 공무원, 직업군인)",400~499만원,예    ,자녀 있음 ,아파트/ 주상복합,서울,영등포구,양평동3가,"중형차 (쏘나타, K5, 말리부, 골프급 등)",애플,SKT,팔봉산,https://m.blog.naver.com/cm0917/221711580256,191117 홍천 팔봉산 블랙야크100대명산 산림청100대명산 한국의산하인기100산
D***8,묘산봉,201906**,M,2,"서비스직 (요식업, 숙박업, 미용실종업원)","1,000만원 이상",아니오,          ,연립주택/ 다세대/ 빌라,경기,광주시,회덕동,,삼성,KT,묘산봉,https://m.blog.naver.com/kohj007/221598565809,제주시 구좌읍 김녕리 묘산봉 일대 농어촌도로 확장
D***9,방동약수터,201906**,M,5,,,      ,          ,,서울,양천구,신정동,"중형SUV (싼타페, 쏘렌토, 캡티바, BMW X3급 등)",,,방동약수터,https://m.blog.naver.com/ttalkook/221601473970,방태산 방동약수터
D***5,남원 드래곤,201906**,M,3,"사무직 (일반사무직, 공무원, 직업군인)",200~299만원,아니오,          ,아파트/ 주상복합,대구,달성군,다사읍,"중형SUV (싼타페, 쏘렌토, 캡티바, BMW X3급 등)",삼성,SKT,남원 드래곤,https://moonjung2114.blog.me/221639249397,전라도 골프 드래곤레이크cc 2박3일 남원 골프라운드 후기
D***9,어답산,201906**,M,3,"서비스직 (요식업, 숙박업, 미용실종업원)",400~499만원,예    ,자녀 있음 ,아파트/ 주상복합,대전,동구,용운동,"준중형SUV (투싼, 스포티지, QM5, 티구안급 등)",삼성,KT,어답산,https://m.blog.naver.com/iiijjjiiijjj/221600282946,20190728일 횡성 어답산횡성온천선바위장송어답산 장군봉병지방계곡
D***8,제천온천,201906**,M,3,기타 ,300~399만원,예    ,자녀 있음 ,연립주택/ 다세대/ 빌라,경기,오산시,원동,"준중형차 (아반떼, K3, 크루즈, 제타급 등)",삼성,LG U+,제천온천,https://m.blog.naver.com/easeclub1/221720676545,충북 가볼만한곳 제천 리솜포레스트 온천여행과 자드락길
D***4,태조산,201906**,M,5,"자영업 (도소매업, 숙박업, 미용업)",300~399만원,예    ,자녀 있음 ,단독주택,서울,중구,신당4동,"중형차 (쏘나타, K5, 말리부, 골프급 등)",LG,알뜰폰(MVNO),태조산,https://m.blog.naver.com/ohs1443/221659948848,천안 태조산421m  흑성산519m
D***,수정사,201907**,M,2,"학생 (초중고학생, 대학생, 대학원생)",500~599만원,아니오,          ,단독주택,서울,마포구,창전동,,삼성,SKT,수정사,https://m.search.naver.com/search.naver?sm=mtp_hty.top&where=m&query=%EC%9D%B5%EC%82%B0+%EC%88%98%EC%A0%95%EC%82%AC%EC%9A%B0%EB%82%98,익산 수정사우나 : 네이버 통합검색
D***,수정사,201907**,M,2,"학생 (초중고학생, 대학생, 대학원생)",500~599만원,아니오,          ,단독주택,서울,마포구,창전동,,삼성,SKT,수정사,https://m.search.naver.com/search.naver?sm=mtp_sug.psn&where=m&query=%EC%9D%B5%EC%82%B0+%EC%88%98%EC%A0%95%EC%82%AC%EC%9A%B0%EB%82%98&acq=%EC%9D%B5%EC%82%B0&acr=0&qdt=0,익산 수정사우나 : 네이버 통합검색
D***,부석사,201907**,M,4,,,      ,          ,,경기,고양시 일산동구,중산동,,,,부석사,https://m.blog.naver.com/ekswldkvkxm2/221710948020,경북가볼만한곳 영주 부석사
D***,경산온천,201907**,F,5,"교직 (교사, 유치원교사, 학원강사)",700~799만원,예    ,자녀 있음 ,아파트/ 주상복합,인천,연수구,동춘동,,삼성,KT,경산온천,https://m.blog.naver.com/nara4009/221619540380,경산온천상대온천좋아요
D***,척산온천,201907**,M,4,,,      ,          ,,대구,남구,이천동,,,,척산온천,https://m.blog.naver.com/rnara/221478732030,속초 숙소 척산온천휴양촌
D***,나주호,201907**,F,2,,,      ,          ,,서울,서초구,우면동,,,,나주호,https://m.blog.naver.com/somangheso/221602510603,하늘이 내린 선물 나주호 반영
D***,북고사,201907**,F,3,,,      ,          ,,경기,구리시,수택동,,,,북고사,https://m.blog.naver.com/meer1/221709753267,늦가을 무주의 북고사 성지순례
D***,수옥정,201907**,M,4,,,      ,          ,,서울,구로구,개봉1동,,,,수옥정,https://m.blog.naver.com/akekdthkl200/221662955468,수옥정과 수옥폭포   충북괴산여행
D***,영탑사,201907**,M,2,"학생 (초중고학생, 대학생, 대학원생)",400~499만원,아니오,          ,아파트/ 주상복합,경남,진주시,금산면,,애플,LG U+,영탑사,https://m.blog.naver.com/elderpine/221667087073,절로절로 우리절 20 당진 영탑사
D***,오전약수,201907**,M,4,"사무직 (일반사무직, 공무원, 직업군인)",300~399만원,예    ,자녀 있음 ,아파트/ 주상복합,경남,양산시,동면,"준중형차 (아반떼, K3, 크루즈, 제타급 등)",삼성,SKT,오전약수,https://m.blog.naver.com/sanm308/221616161992,태백산에 싸여있는 봉화군 물야 오전약수
D***,장사해수욕장,201907**,M,3,"사무직 (일반사무직, 공무원, 직업군인)",800~899만원,예    ,자녀 있음 ,아파트/ 주상복합,부산,남구,용당동,"중형차 (쏘나타, K5, 말리부, 골프급 등)",LG,KT,장사해수욕장,https://m.blog.naver.com/baroseog/221707787194,영덕 장사해수욕장 장사상륙작전 전승기념관 구경
D***,대승사,201907**,M,2,"학생 (초중고학생, 대학생, 대학원생)",200~299만원,아니오,          ,아파트/ 주상복합,충남,아산시,용화동,,삼성,KT,대승사,https://m.blog.naver.com/5490ljy/221703776913,문경 사불산 대승사
D***,궁평,201907**,M,4,,,      ,          ,,서울,동대문구,장안2동,,,,궁평,http://blog.daum.net/seohwi/277,궁평의 마을
D***,프로젝트 ECO,201907**,M,4,"사무직 (일반사무직, 공무원, 직업군인)",200~299만원,예    ,자녀 있음 ,아파트/ 주상복합,서울,성북구,길음동,"준중형차 (아반떼, K3, 크루즈, 제타급 등)",삼성,SKT,프로젝트 ECO,https://humanvillage.blog.me/221713044677,애월 봉성리 프로젝트ECO조성사업
D***,미륵사지,201907**,F,5,"주부 (전업주부, 파트타임 근무 주부)",800~899만원,예    ,자녀 있음 ,아파트/ 주상복합,서울,강북구,송중동,,삼성,SKT,미륵사지,https://m.blog.naver.com/jhyang58/221711567421,미륵사지 교도소세트장 보석박물관  익산  전주 여행  1 
D***,원주 오크밸리,201907**,F,5,,,      ,          ,,서울,양천구,신정3동,,,,원주 오크밸리,https://blog.naver.com/orionbt/221694093685,원주 오크밸리 카라반 여행  야간산책 소나타 오브 라이트
D***,구곡폭포,201907**,M,5,"관리직 (사장, 간부, 고위공무원)",700~799만원,예    ,자녀 있음 ,아파트/ 주상복합,경기,용인시 수지구,상현1동,"준중형SUV (투싼, 스포티지, QM5, 티구안급 등)",삼성,SKT,구곡폭포,https://blog.naver.com/jsl3335/221675894684,구곡 폭포 나들이
D***,청룡사,201907**,M,3,,,      ,          ,,경기,부천시 원미구,춘의동,,,,청룡사,https://m.blog.naver.com/ykan7/221713770267,191119 안성 서운산 산행청룡사주차장청룡사정상 왕복코스 끝물 단풍 감상하기
D***,벽골제,201907**,M,2,"학생 (초중고학생, 대학생, 대학원생)",500~599만원,아니오,          ,연립주택/ 다세대/ 빌라,대구,북구,노원동2가,,애플,SKT,벽골제,https://m.blog.naver.com/robyn27/221649036302,놀거리가 가득한 곳  김제 벽골제
D***,영국사,201907**,M,2,,,      ,          ,,서울,관악구,낙성대동,,,,영국사,https://m.blog.naver.com/youliyan/221628365158,충북 영동 가볼만한곳 천태산 영국사
D***,고래불,201907**,M,4,,,      ,          ,,대전,서구,탄방동,,,,고래불,http://m.blog.daum.net/_blog/_m/articleView.do?blogid=0bogl&articleno=923,해파랑길 트레킹 제23코스 고래불 후포항
D***,땅끝,201907**,F,2,,,      ,          ,,경기,안산시 상록구,본오2동,,,,땅끝,http://m.blog.daum.net/_blog/_m/articleView.do?blogid=0W7Ve&articleno=866,2018. 단풍따라 흐르는 가을여행 - 14. 토말. 땅끝마을
D***,농월정,201907**,M,4,"사무직 (일반사무직, 공무원, 직업군인)",700~799만원,아니오,          ,연립주택/ 다세대/ 빌라,서울,영등포구,도림동,"준중형SUV (투싼, 스포티지, QM5, 티구안급 등)",삼성,SKT,농월정,https://m.blog.naver.com/roadmoog/221568172575,함양 남계서원 농월정 일두고택
D***,거제 남부,201907**,M,3,,,      ,          ,,서울,강남구,수서동,,,,거제 남부,https://blog.naver.com/rowon98/221488555544,거제 남부 해변길 걷기함목다대다포천장산여차여차홍포전망대홍포대포근포근포마을명사저구항
D***,진관사,201907**,M,2,,,      ,          ,,서울,동작구,상도1동,,,,진관사,https://m.blog.naver.com/ka8564/221628007626,북한산 등산코스진관사 삼천사 원점코스
D***,청량사,201907**,M,4,,,      ,          ,,부산,부산진구,전포2동,,,,청량사,https://m.blog.naver.com/iloveknp/221699419985,가야산국립공원남산제일봉 청량사 원점회귀 등산코스
D***,영국사,201907**,M,2,,,      ,          ,,서울,동대문구,답십리동,,,,영국사,https://m.blog.naver.com/youliyan/221628365158,충북 영동 가볼만한곳 천태산 영국사
D***,마곡온천,201907**,F,2,,,      ,          ,,충북,충주시,안림동,,,,마곡온천,https://m.blog.naver.com/coco_8600/221653876224,강화도 여행 마곡 맛집  동천  석모도미네랄온천
D***,합천보조댐,201907**,M,5,,,      ,          ,,경기,수원시 권선구,고색동,,,,합천보조댐,https://m.blog.naver.com/gnfeel/221693122206,경상남도 산책길  합천 가볼만한곳 산책하며 데이트하기 좋은 길 합천 보조댐 수변생태 탐방로
D***,태조산,201907**,M,3,"사무직 (일반사무직, 공무원, 직업군인)",500~599만원,아니오,          ,아파트/ 주상복합,인천,남구,주안1동,"대형차 (제너시스, BMW5급 등)",삼성,SKT,태조산,https://m.blog.naver.com/ohs1443/221659948848,천안 태조산421m  흑성산519m
D***,해남 오시아노,201907**,F,2,,,      ,          ,,서울,성북구,동선동2가,,,,해남 오시아노,https://blog.naver.com/qud005/221544080363,캠핑장 추천  해남 오시아노 캠핑장
D***9,문경온천,201907**,M,2,"학생 (초중고학생, 대학생, 대학원생)",200~299만원,아니오,          ,연립주택/ 다세대/ 빌라,충북,진천군,광혜원면,,삼성,SKT,문경온천,https://m.blog.naver.com/j3187654/221564941542,불정자연휴양림 문경온천 여행 
D***9,일락사,201907**,F,3,,,      ,          ,,서울,강남구,일원1동,,,,일락사,https://m.blog.naver.com/dado8396/221541480589,일락사개심사서산농장용현계곡퉁퉁고개
D***5,용문산,201907**,F,2,,,      ,          ,,서울,강동구,고덕1동,,,,용문산,https://kaisr2.blog.me/221624459312,양평 용문산 관광단지와 용문사 은행나무
D***7,태종대,201907**,F,3,무직,200~299만원,아니오,          ,연립주택/ 다세대/ 빌라,서울,성북구,종암동,,삼성,KT,화진포,https://m.blog.naver.com/fllfll2/221574607069,2019년 제14회 태종대 태종사 수국꽃 문화축제 : 네이버 블로그
D***7,화진포,201907**,F,3,무직,200~299만원,아니오,          ,연립주택/ 다세대/ 빌라,서울,성북구,종암동,,삼성,KT,화진포,https://poksikm.tistory.com/479,배틀트립 147회 고성 화진포박포수가든 창바위식당 남경식당
D***7,화진포,201907**,F,3,무직,200~299만원,아니오,          ,연립주택/ 다세대/ 빌라,서울,성북구,종암동,,삼성,KT,화진포,https://m.search.naver.com/search.naver?where=m_view&sm=mtb_nrm&query=%ED%99%94%EC%A7%84%ED%8F%AC%20%EB%91%98%EB%A0%88%EA%B8%B8&mode=normal&nso=&qdt=0,화진포 둘레길 : 네이버 VIEW
D***7,화진포,201907**,F,3,무직,200~299만원,아니오,          ,연립주택/ 다세대/ 빌라,서울,성북구,종암동,,삼성,KT,화진포,https://m.search.naver.com/search.naver?sm=mtp_sug.top&where=m&query=%ED%99%94%EC%A7%84%ED%8F%AC+%EB%91%98%EB%A0%88%EA%B8%B8&acq=%ED%99%94%EC%A7%84%ED%8F%AC&acr=0&qdt=0,화진포 둘레길 : 네이버 통합검색
D***7,화진포,201907**,F,3,무직,200~299만원,아니오,          ,연립주택/ 다세대/ 빌라,서울,성북구,종암동,,삼성,KT,화진포,https://m.blog.naver.com/dmz-museum/221411806363,화진포 해변을 가장 알차게 즐길 수 있는 방법 - 화진포 둘레길 자전거 대여소 : 네이버 블로그
D***7,화진포,201907**,F,3,무직,200~299만원,아니오,          ,연립주택/ 다세대/ 빌라,서울,성북구,종암동,,삼성,KT,화진포,https://m.blog.naver.com/koreatrails/221379885444,"강원 고성 가볼만한곳 | 자연호수 따라 자전거 여행 코스, 화진포 둘레길 : 네이버 블로그"
D***7,화진포,201907**,F,3,무직,200~299만원,아니오,          ,연립주택/ 다세대/ 빌라,서울,성북구,종암동,,삼성,KT,화진포,https://m.cafe.naver.com/k1camping/6009,화진포호수 둘레길 : 네이버 카페
D***7,화진포,201907**,F,3,무직,200~299만원,아니오,          ,연립주택/ 다세대/ 빌라,서울,성북구,종암동,,삼성,KT,화진포,https://m.blog.naver.com/kingofload/221264563990,화진포 & 화진포해수욕장 & 화진포 둘레길 : 네이버 블로그
D***7,화진포,201907**,F,3,무직,200~299만원,아니오,          ,연립주택/ 다세대/ 빌라,서울,성북구,종암동,,삼성,KT,화진포,https://m.blog.naver.com/csk0941/221427423174,[고성군-화진포 둘레길]_화진포 관광후 한적하게 걷기 좋은 코스 : 네이버 블로그
D***7,화진포,201907**,F,3,무직,200~299만원,아니오,          ,연립주택/ 다세대/ 빌라,서울,성북구,종암동,,삼성,KT,화진포,https://m.blog.naver.com/bingohwan/221555680017,강원도 여행 고성 화진포 해맞이 숲길 : 네이버 블로그
D***6,직지사,201907**,F,3,,,      ,          ,,경기,용인시 수지구,상현2동,,,,직지사,https://m.blog.naver.com/promise065/221702745601,김천 직지사  템플스테이 1박2일
D***0,원각사,201907**,M,5,"생산/노무직 (생산감독, 경비원, 공장근로자)",500~599만원,예    ,자녀 있음 ,아파트/ 주상복합,대구,서구,중리동,"준중형차 (아반떼, K3, 크루즈, 제타급 등)",LG,SKT,원각사,https://m.blog.naver.com/nelo30/221688868198,가볍게 다이어트 트레킹 겸 다녀온 의정부 원각사
D***4,금강호,201907**,M,3,,,      ,          ,,경기,용인시 수지구,상현동,,,,금강호,https://m.blog.naver.com/sumi0ju/221704482211,오천항 금강낚시 금강호 쭈꾸미 갑오징어 출조 조황 쭈갑 선상낚시 20191109
D***6,미탄마하생태,201907**,F,2,"사무직 (일반사무직, 공무원, 직업군인)",900~999만원,아니오,          ,아파트/ 주상복합,서울,도봉구,쌍문2동,,삼성,LG U+,미탄마하생태,https://m.blog.naver.com/leeewon47/221479158841,대한민국 대표 관광지 강원도 강원도 관광지 현황은
D***2,간월도,201907**,M,4,,,      ,          ,,전남,보성군,보성읍,,,,간월도,https://m.blog.naver.com/jjun0712/221712063671,서산 간월도 간월암 다녀왔어요
D***2,마금산온천,201907**,M,4,"사무직 (일반사무직, 공무원, 직업군인)",400~499만원,예    ,자녀 있음 ,아파트/ 주상복합,경남,진주시,가좌동,"준중형차 (아반떼, K3, 크루즈, 제타급 등)",삼성,SKT,마금산온천,https://m.blog.naver.com/peanut_s_/221707257988,창원북면 마금산온천호텔 창원 온천 호텔 추천 리앤호텔  풀빌라 318호 후기
D***0,삽교호,201907**,M,2,,,      ,          ,,서울,노원구,상계2동,,,,삽교호,https://m.blog.naver.com/yongju320/221645978745,당진 삽교호 한 바퀴
D***0,지리산온천,201907**,F,5,"주부 (전업주부, 파트타임 근무 주부)",500~599만원,예    ,자녀 있음 ,아파트/ 주상복합,경기,안양시 동안구,평안동,"중형차 (쏘나타, K5, 말리부, 골프급 등)",삼성,LG U+,지리산온천,https://m.blog.naver.com/gksthf2702/221437321030,지리산 온천랜드 후기 지리산 가족여행가격
D***9,강원송지호,201907**,F,5,,,      ,          ,,경기,안양시 만안구,박달2동,,,,강원송지호,https://m.blog.naver.com/jhany00/221660903730,송지호 오토캠핑에서 여름휴가를
D***6,강화종합리조트,201907**,F,3,,,      ,          ,,경기,광명시,철산동,,,,강화종합리조트,https://ghssghss.blog.me/221526256903,강화 길상면  강화씨사이드리조트강화도루지
D***4,신지명사십리,201907**,F,4,,,      ,          ,,부산,동래구,사직2동,"중형차 (쏘나타, K5, 말리부, 골프급 등)",,,신지명사십리,https://m.blog.naver.com/kurum_be/221503580309,여로4  완도 신지명사십리해수욕장  20190325
D***6,강원호반,201907**,M,5,"관리직 (사장, 간부, 고위공무원)",500~599만원,예    ,자녀 있음 ,아파트/ 주상복합,경기,고양시 일산동구,중산동,"준중형차 (아반떼, K3, 크루즈, 제타급 등)",삼성,LG U+,강원호반,http://blog.daum.net/yacho2011/2888,좋은 터 길라잡이(풍수문의 풍수강의)
D***2,남원,201907**,M,3,무직,"1,000만원 이상",아니오,          ,아파트/ 주상복합,부산,부산진구,범천1동,,삼성,LG U+,남원,https://m.blog.naver.com/lesu0/221715390631,국내여행  남원숙소 너무 좋았던 에어비앤비 수곡당
D***7,충주호체험,201907**,M,3,"생산/노무직 (생산감독, 경비원, 공장근로자)",200~299만원,아니오,          ,아파트/ 주상복합,광주,북구,유동,,기타,알뜰폰(MVNO),충주호체험,https://m.blog.naver.com/yoohr0507/221553190270,충주호 유람선 체험
D***7,칠갑산도립온천,201907**,M,3,"생산/노무직 (생산감독, 경비원, 공장근로자)",200~299만원,아니오,          ,아파트/ 주상복합,광주,북구,유동,,기타,알뜰폰(MVNO),충주호체험,https://m.blog.naver.com/2000yhero/221524706364,칠갑산 도립공원 2
D***6,청학사,201907**,M,4,"서비스직 (요식업, 숙박업, 미용실종업원)",200~299만원,아니오,          ,아파트/ 주상복합,경기,용인시 수지구,상현동,"중형SUV (싼타페, 쏘렌토, 캡티바, BMW X3급 등)",삼성,SKT,청학사,https://m.blog.naver.com/yeonsulife/221652152813,SNS 서포터즈 연수구 사찰 여행 호불사와 청학사 가을 산책
D***2,해신장보고,201907**,M,4,,,      ,          ,,부산,남구,대연5동,,,,해신장보고,https://m.blog.naver.com/hohosuly/221539086115,을왕리 조개구이  해신장보고  설레여
D***8,대천해수욕장,201907**,M,5,"사무직 (일반사무직, 공무원, 직업군인)",400~499만원,예    ,자녀 있음 ,연립주택/ 다세대/ 빌라,인천,계양구,임학동,"소형차 (액센트, 프라이드, 아베오, 피아트급 등)",삼성,KT,대천해수욕장,https://m.blog.naver.com/jblee27/221714733376,대천해수욕장 짚라인 타고 스카이라운지에서 커피한잔
D***0,홍길동테마파크,201907**,M,4,"생산/노무직 (생산감독, 경비원, 공장근로자)",300~399만원,예    ,자녀 있음 ,아파트/ 주상복합,경기,고양시 덕양구,고양동,"중형SUV (싼타페, 쏘렌토, 캡티바, BMW X3급 등)",삼성,SKT,홍길동테마파크,https://m.blog.naver.com/hhs653409/221664061938,장성 홍길동 테마파크 반가운 지인들과의 카라반 캠핑
D***0,제주용머리,201907**,M,3,"학생 (초중고학생, 대학생, 대학원생)",200~299만원,아니오,          ,연립주택/ 다세대/ 빌라,대구,서구,평리1동,,삼성,SKT,제주용머리,http://m.blog.daum.net/_blog/_m/articleView.do?blogid=0b2pw&articleno=2342,제주 용머리해안 맛집 가족 식사엔 카도돈카츠
D***2,알펜시아,201907**,M,4,,,      ,          ,,서울,중랑구,상봉2동,,,,알펜시아,https://blog.naver.com/asdffggg2/221648164694,강원도여행 평창 알펜시아 홀리데이인스위트 투베드룸과 오션700 워터파크
D***7,골드힐카운티리조트,201907**,M,3,,,      ,          ,,강원,강릉시,홍제동,,,,골드힐카운티리조트,https://www.yna.co.kr/view/PYH20190609095000063?input=1196m,천안 골드힐카운티리조트 관광단지 기공식  연합뉴스
D***3,변산해수욕장,201907**,F,3,"사무직 (일반사무직, 공무원, 직업군인)",300~399만원,아니오,          ,오피스텔,서울,강남구,자곡동,,LG,LG U+,변산해수욕장,https://m.blog.naver.com/soolok791/221651245712,변산 해수욕장 스타렉스 캠핑카 타고 여행  갯벌체험으로 조개를 캤어요
D***5,안적사,201907**,M,3,"서비스직 (요식업, 숙박업, 미용실종업원)",200~299만원,아니오,          ,연립주택/ 다세대/ 빌라,대구,남구,봉덕3동,,LG,알뜰폰(MVNO),안적사,https://m.blog.naver.com/isinki/221675421360,기장 안적사에서 가을을 맞이했습니다
D***0,방동약수터,201907**,M,4,"사무직 (일반사무직, 공무원, 직업군인)",300~399만원,예    ,자녀 있음 ,연립주택/ 다세대/ 빌라,서울,동작구,상도4동,"중형차 (쏘나타, K5, 말리부, 골프급 등)",삼성,LG U+,방동약수터,https://m.blog.naver.com/ttalkook/221601473970,방태산 방동약수터
D***3,덕산온천,201907**,M,4,"주부 (전업주부, 파트타임 근무 주부)",600~699만원,예    ,자녀 있음 ,아파트/ 주상복합,경기,고양시 덕양구,성사1동,"중형차 (쏘나타, K5, 말리부, 골프급 등)",삼성,SKT,덕산온천,https://m.blog.naver.com/oksusu90/221670136981,짧은 나들이 덕산온천여행 선물처럼 만난 코스모스
D***3,백운계곡,201907**,M,3,"서비스직 (요식업, 숙박업, 미용실종업원)",300~399만원,아니오,          ,오피스텔,경기,남양주시,가운동,"경차 (모닝, 스파크 등)",삼성,SKT,백운계곡,https://blog.naver.com/wnsghdudwls/221637010727,포천 백운계곡
D***6,금월봉,201907**,M,4,기타 ,700~799만원,예    ,자녀 있음 ,아파트/ 주상복합,대구,달서구,대천동,"중형SUV (싼타페, 쏘렌토, 캡티바, BMW X3급 등)",삼성,SKT,금월봉,https://m.blog.naver.com/tarantium82/221696743035,제천1박2일2일차동산분식 덩실분식 제천청풍호모노레일 비봉산전망대 청풍호반케이블카 금월봉석갈비
D***5,남원,201907**,F,3,"주부 (전업주부, 파트타임 근무 주부)",300~399만원,예    ,자녀 있음 ,연립주택/ 다세대/ 빌라,경기,성남시 분당구,정자동,,애플,LG U+,남원,https://m.blog.naver.com/lesu0/221715390631,국내여행  남원숙소 너무 좋았던 에어비앤비 수곡당
D***2,일심사,201907**,F,3,"주부 (전업주부, 파트타임 근무 주부)",500~599만원,예    ,자녀 있음 ,연립주택/ 다세대/ 빌라,울산,동구,일산동,"준중형차 (아반떼, K3, 크루즈, 제타급 등)",삼성,KT,일심사,https://m.blog.naver.com/only_tour/221532442887,오이타 여행 코스벚꽃 운해 잇신지일심사
D***7,유현문화,201907**,F,3,"주부 (전업주부, 파트타임 근무 주부)",300~399만원,예    ,자녀 있음 ,단독주택,서울,도봉구,쌍문4동,,삼성,SKT,유현문화,https://m.blog.naver.com/airbag1/221682877565,횡성여행 횡성호수길 5구간 국순당 유현문화관광지 풍수원성당
D***6,신륵사,201907**,F,4,"교직 (교사, 유치원교사, 학원강사)",400~499만원,아니오,          ,아파트/ 주상복합,서울,은평구,갈현동,,삼성,KT,신륵사,https://jbm993.blog.me/221521860991,여주 가볼만한곳 색색의 연등이 예쁜 신륵사
D***9,대구면도요지,201907**,F,4,"주부 (전업주부, 파트타임 근무 주부)",400~499만원,예    ,자녀 있음 ,단독주택,대전,중구,목동,,기타,알뜰폰(MVNO),대구면도요지,https://m.blog.naver.com/skku_skai/220852355231,강진 대구면 도요지 종합정비계획 학술연구용역
D***4,화진포,201907**,F,2,"학생 (초중고학생, 대학생, 대학원생)",400~499만원,아니오,          ,연립주택/ 다세대/ 빌라,서울,강서구,화곡1동,,삼성,KT,화진포,https://m.blog.naver.com/94040882/221716020914,강원도 고성 여행  화진포 신서유기에도 나왔네요
D***8,연등사,201907**,F,5,퇴직/연금생활자,200~299만원,예    ,자녀 있음 ,아파트/ 주상복합,경기,부천시 원미구,약대동,,LG,알뜰폰(MVNO),연등사,https://m.blog.naver.com/buddhafind/221475602259,연등사경북 봉화군 석포면
D***1,실상사,201907**,M,3,,,      ,          ,,서울,마포구,도화동,,,,실상사,https://m.blog.naver.com/bosom86/221711922236,리군의 사찰 에세이 02 남원 실상사
D***1,김천온천,201907**,M,3,,,      ,          ,,서울,마포구,도화동,,,,실상사,https://blog.naver.com/ejuinn69/221452242406,찜질방 데이트 김천 구미 대구 근처 온천숯가마 찜질방  성주 스파랜드u
D***3,도곡온천,201907**,F,2,"학생 (초중고학생, 대학생, 대학원생)","1,000만원 이상",아니오,          ,아파트/ 주상복합,서울,서대문구,북가좌1동,,LG,SKT,도곡온천,https://m.blog.naver.com/jh630614/221520167548,화순 중봉산도곡온천 기준으로 완벽한 원점회귀 산행코스
D***7,충온온천,201907**,F,2,"서비스직 (요식업, 숙박업, 미용실종업원)","1,000만원 이상",아니오,          ,기타 ,경남,진주시,대안동,,삼성,KT,충온온천,https://m.cafe.naver.com/mywetown/912,충주나우리마을
D***3,청도용암온천,201907**,F,3,"교직 (교사, 유치원교사, 학원강사)",500~599만원,아니오,          ,아파트/ 주상복합,경기,고양시 일산서구,탄현동,"준중형SUV (투싼, 스포티지, QM5, 티구안급 등)",애플,KT,청도용암온천,https://m.blog.naver.com/jangsoras2j/221716720216,청도용암온천 즐기고 빛축제까지
D***4,광덕계곡,201907**,M,2,"학생 (초중고학생, 대학생, 대학원생)",600~699만원,아니오,          ,아파트/ 주상복합,서울,성북구,길음1동,"준대형차 (그랜저, K7, 알페온, 캠리급, 파사트급 등)",애플,알뜰폰(MVNO),광덕계곡,https://m.blog.naver.com/hardprince/221676277562,즐거운 와인딩 코스 여우고개  백운계곡  광덕계곡  도마치재 M으로 지지기
D***7,후곡약수터,201907**,M,3,"사무직 (일반사무직, 공무원, 직업군인)",200~299만원,아니오,          ,아파트/ 주상복합,부산,기장군,정관면,"소형SUV/CUV (티볼리, QM3 등)",삼성,SKT,후곡약수터,http://m.blog.daum.net/_blog/_m/articleView.do?blogid=09IWl&articleno=16152920,후곡 약수터
D***7,오수의견,201907**,M,2,,,      ,          ,,경기,안성시,공도읍,,,,오수의견,https://m.blog.naver.com/gloryhealing/221610037579,전북 걷기 좋은 곳 전북 임실 오수의견공원
D***3,금강하구둑,201907**,M,3,"전문직 (의사, 판검사, 예술가, 종교인)","1,000만원 이상",아니오,          ,아파트/ 주상복합,서울,서초구,잠원동,,애플,SKT,금강하구둑,https://m.blog.naver.com/11cap/221590974456,금강자전거길신탄진금강하구둑20190702
D***7,평창 용평,201907**,F,2,"학생 (초중고학생, 대학생, 대학원생)",300~399만원,아니오,          ,아파트/ 주상복합,인천,계양구,작전1동,,애플,SKT,평창 용평,https://blog.naver.com/see302/221593099739,평창가볼만한곳평창 용평리조트 타워콘도 와 용평 워터파크 피크아일랜드현대홈쇼핑
D***0,합천호,201907**,F,3,"주부 (전업주부, 파트타임 근무 주부)",300~399만원,예    ,자녀 없음 ,아파트/ 주상복합,서울,용산구,이촌2동,,애플,SKT,합천호,http://m.blog.daum.net/_blog/_m/articleView.do?blogid=0Nnmh&articleno=2256,합천 악견산~의룡산 종주 - 합천호 조망과 천길단애를 경험할 수 있는 산 (대병3산/대병5악/십자바위/악견산성)
D***9,호미곶,201907**,M,3,"사무직 (일반사무직, 공무원, 직업군인)",200~299만원,예    ,자녀 있음 ,오피스텔,경북,구미시,형곡동,"대형차 (제너시스, BMW5급 등)",삼성,SKT,호미곶,https://m.blog.naver.com/okkmskim/221674686567,포항펜션 두남자와 함께했던 코지스위트펜션 죽도시장호미곶
D***6,남원 드래곤,201907**,F,4,무직,100~199만원,아니오,          ,단독주택,경기,하남시,덕풍2동,,LG,LG U+,남원 드래곤,https://moonjung2114.blog.me/221639249397,전라도 골프 드래곤레이크cc 2박3일 남원 골프라운드 후기
D***3,라비에벨,201907**,F,5,"주부 (전업주부, 파트타임 근무 주부)",400~499만원,예    ,자녀 있음 ,단독주택,서울,양천구,신월동,"MPV (카니발, 올란도, 피카소급, 오딧세이 등)",LG,KT,라비에벨,https://blog.naver.com/yangjinss/221716472829,부천예식장 라비에벨웨딩 기억에 많이 남을 것 같아요
D***5,영주순흥,201907**,F,2,"학생 (초중고학생, 대학생, 대학원생)",200~299만원,아니오,          ,연립주택/ 다세대/ 빌라,서울,서초구,서초3동,,삼성,SKT,영주순흥,https://m.blog.naver.com/63ksyun/221719604248,풍기 온천 후 영주 순흥 선비촌 다녀왔습니다
D***9,설악한화리조트,201907**,M,5,,,      ,          ,,,,,,,,설악한화리조트,https://blog.naver.com/nayanahanmi/221582702954,강원도 속초여행 물놀이 먹거리 놀거리 가능한 설악 한화리조트
D***2,후곡약수터,201907**,M,4,"사무직 (일반사무직, 공무원, 직업군인)",400~499만원,예    ,자녀 있음 ,아파트/ 주상복합,서울,영등포구,양평동1가,"중형차 (쏘나타, K5, 말리부, 골프급 등)",LG,SKT,후곡약수터,http://m.blog.daum.net/_blog/_m/articleView.do?blogid=09IWl&articleno=16152920,후곡 약수터
D***8,개암사,201907**,M,3,"사무직 (일반사무직, 공무원, 직업군인)",300~399만원,예    ,자녀 있음 ,아파트/ 주상복합,부산,기장군,기장읍,"준중형차 (아반떼, K3, 크루즈, 제타급 등)",삼성,SKT,개암사,https://m.blog.naver.com/wona0317/221560541021,부안 개암사 그리고 개암제 나들이
D***3,원주 더네이처,201907**,M,5,"자영업 (도소매업, 숙박업, 미용업)",800~899만원,예    ,자녀 있음 ,아파트/ 주상복합,서울,서초구,반포동,"준대형차 (그랜저, K7, 알페온, 캠리급, 파사트급 등)",LG,LG U+,원주 더네이처,http://www.kwnews.co.kr/nview.asp?s=501&aid=219042100027,원주문막읍 대규모 관광단지 4년만에 재추진
D***5,송정,201907**,F,2,"학생 (초중고학생, 대학생, 대학원생)",700~799만원,아니오,          ,오피스텔,경기,용인시 수지구,죽전1동,,애플,LG U+,송정,https://m.blog.naver.com/lys9783/221711436037,부산 송정 맛집 알찬 전복영양밥 한그릇
D***3,아리랑마을,201907**,F,3,"주부 (전업주부, 파트타임 근무 주부)",200~299만원,예    ,자녀 있음 ,아파트/ 주상복합,서울,구로구,개봉1동,,삼성,SKT,아리랑마을,https://m.blog.naver.com/greenjeonnam/221496932441,국악의 고장 전라남도 진도  국립남도국악원 아리랑 마을
D***5,화순온천,201907**,M,5,"자영업 (도소매업, 숙박업, 미용업)",400~499만원,예    ,자녀 있음 ,아파트/ 주상복합,경북,포항시 남구,구룡포읍,기타 (승합차/트럭/화물차/기타 차량 등),삼성,SKT,화순온천,https://m.blog.naver.com/haengbok2/221608294392,아들과 둘이 한 광주 차박여행광주챔피언스필드 대인야시장 화순온천 광주호 전주
D***1,합천보조댐,201907**,M,2,"학생 (초중고학생, 대학생, 대학원생)",300~399만원,아니오,          ,아파트/ 주상복합,경기,고양시 일산서구,주엽동,,LG,LG U+,합천보조댐,https://m.blog.naver.com/gnfeel/221693122206,경상남도 산책길  합천 가볼만한곳 산책하며 데이트하기 좋은 길 합천 보조댐 수변생태 탐방로
D***0,수옥정,201907**,M,5,"사무직 (일반사무직, 공무원, 직업군인)",500~599만원,아니오,          ,연립주택/ 다세대/ 빌라,서울,성북구,정릉1동,"소형차 (액센트, 프라이드, 아베오, 피아트급 등)",삼성,SKT,수옥정,https://m.blog.naver.com/akekdthkl200/221662955468,수옥정과 수옥폭포   충북괴산여행
D***2,망상,201907**,F,2,"학생 (초중고학생, 대학생, 대학원생)",500~599만원,아니오,          ,아파트/ 주상복합,부산,수영구,남천2동,,삼성,알뜰폰(MVNO),망상,https://m.blog.naver.com/kkoshooo/221596336418,강원 동해 망상오토캠핑장
D***6,만리포해수욕장,201907**,M,3,"사무직 (일반사무직, 공무원, 직업군인)",400~499만원,예    ,자녀 있음 ,아파트/ 주상복합,인천,부평구,부평동,"중형SUV (싼타페, 쏘렌토, 캡티바, BMW X3급 등)",삼성,알뜰폰(MVNO),만리포해수욕장,https://m.blog.naver.com/bb00dd/221721784934,당일치기 태안여행 해미읍성 만리포해수욕장 일몰 까지
D***4,연등사,201907**,F,3,"주부 (전업주부, 파트타임 근무 주부)",400~499만원,예    ,자녀 있음 ,아파트/ 주상복합,서울,중랑구,상봉1동,"준중형SUV (투싼, 스포티지, QM5, 티구안급 등)",삼성,LG U+,연등사,https://m.blog.naver.com/buddhafind/221475602259,연등사경북 봉화군 석포면
D***9,장흥,201907**,M,3,"사무직 (일반사무직, 공무원, 직업군인)",800~899만원,예    ,자녀 있음 ,아파트/ 주상복합,서울,노원구,상계8동,"준중형차 (아반떼, K3, 크루즈, 제타급 등)",애플,KT,장흥,https://blog.naver.com/queen77577/221721828437,서울 근교 장흥 참숯가마 고구마 구워 먹고 놀기 좋아
D***4,기장도예촌,201907**,F,4,"주부 (전업주부, 파트타임 근무 주부)",600~699만원,예    ,자녀 있음 ,아파트/ 주상복합,경기,군포시,산본2동,,삼성,SKT,기장도예촌,https://blog.naver.com/pjhi0523/221704174358,카라반캠핑기장도예촌
D***0,신지명사십리,201907**,M,3,"생산/노무직 (생산감독, 경비원, 공장근로자)",400~499만원,예    ,자녀 있음 ,아파트/ 주상복합,경북,포항시 북구,용흥동,"준중형SUV (투싼, 스포티지, QM5, 티구안급 등)",삼성,SKT,신지명사십리,https://m.blog.naver.com/kurum_be/221503580309,여로4  완도 신지명사십리해수욕장  20190325
D***3,성산포해양,201907**,M,4,"전문직 (의사, 판검사, 예술가, 종교인)",700~799만원,예    ,자녀 있음 ,아파트/ 주상복합,서울,노원구,하계2동,"준중형차 (아반떼, K3, 크루즈, 제타급 등)",삼성,KT,성산포해양,https://blog.naver.com/wj-story/221466807198,설 구정에 어머니와 함께 성산포 성당 광치기해변 제주해양동물박물관 겨울 유채꽃 2월 제주
D***5,골드힐카운티리조트,201907**,M,2,,,      ,          ,,서울,서대문구,창천동,,,,골드힐카운티리조트,https://www.yna.co.kr/view/PYH20190609095000063?input=1196m,천안 골드힐카운티리조트 관광단지 기공식  연합뉴스
D***4,창원 구산해양,201907**,F,3,,,      ,          ,,대구,달서구,장기동,,,,창원 구산해양,https://blog.naver.com/a23852/221319178127,창원 마산 외곽 구산카페  통통 오션뷰카페
D***0,제주헬스케어타운,201907**,F,2,무직,300~399만원,예    ,자녀 없음 ,아파트/ 주상복합,경기,안산시 단원구,선부2동,,삼성,SKT,제주헬스케어타운,https://blog.naver.com/solguji/221651290398,추석제주여행  헬스케어타운리조트  한림칼국수  카페라이슬라
D***3,속리산레저,201907**,F,4,무직,100만원 미만,예    ,자녀 있음 ,아파트/ 주상복합,전남,목포시,상동,,삼성,KT,속리산레저,https://m.blog.naver.com/asancriti/221541893523,보은속리산 솔향공원 도깨비공원의 사람들
D***8,증평 에듀팜 특구,201907**,F,3,"자영업 (도소매업, 숙박업, 미용업)",200~299만원,아니오,          ,아파트/ 주상복합,경남,양산시,물금읍,,애플,LG U+,증평 에듀팜 특구,https://blog.naver.com/wwwjpgokr/221592218844,SNS기자단 기고 해외 관광객도 즐길 충북의 명소 증평 에듀팜 관광특구
D***4,장사해수욕장,201907**,F,4,"주부 (전업주부, 파트타임 근무 주부)","1,000만원 이상",예    ,자녀 있음 ,아파트/ 주상복합,부산,동래구,안락2동,,LG,SKT,장사해수욕장,https://m.blog.naver.com/baroseog/221707787194,영덕 장사해수욕장 장사상륙작전 전승기념관 구경
D***0,골드힐카운티리조트,201907**,M,2,"사무직 (일반사무직, 공무원, 직업군인)",200~299만원,아니오,          ,연립주택/ 다세대/ 빌라,서울,강남구,일원1동,"중형SUV (싼타페, 쏘렌토, 캡티바, BMW X3급 등)",삼성,KT,골드힐카운티리조트,https://www.yna.co.kr/view/PYH20190609095000063?input=1196m,천안 골드힐카운티리조트 관광단지 기공식  연합뉴스
D***,오수의견,201907**,F,4,,,      ,          ,,서울,광진구,중곡2동,,,,오수의견,https://m.blog.naver.com/gloryhealing/221610037579,전북 걷기 좋은 곳 전북 임실 오수의견공원
D***,대승사,201907**,M,5,,,      ,          ,,서울,송파구,잠실4동,,,,대승사,https://m.blog.naver.com/5490ljy/221703776913,문경 사불산 대승사
D***,진관사,201907**,M,5,,,      ,          ,,부산,북구,금곡동,,,,진관사,https://m.blog.naver.com/ka8564/221628007626,북한산 등산코스진관사 삼천사 원점코스
D***,고래불,201907**,M,4,,,      ,          ,,광주,남구,노대동,,,,고래불,http://m.blog.daum.net/_blog/_m/articleView.do?blogid=0bogl&articleno=923,해파랑길 트레킹 제23코스 고래불 후포항
D***,곽지,201907**,M,2,,,      ,          ,,서울,은평구,신사동,,,,곽지,https://m.blog.naver.com/wnhjeju/221718304122,제주여행 곽지해변에서 한담공원 멋진뷰
D***,제주 중문,201907**,M,2,,,      ,          ,,서울,은평구,신사동,,,,곽지,https://blog.naver.com/artless1004/221708894020,행복했던 밥상 제주 중문 맛집
D***,안동하회,201907**,M,3,,,      ,          ,,경기,평택시,서정동,,,,안동하회,https://m.blog.naver.com/1004rahee/221715786295,안동하회마을 무료공연 하회별신굿탈놀이 부용대
D***,예당,201907**,F,4,,,      ,          ,,서울,동작구,사당5동,,,,예당,https://m.blog.naver.com/lovely_fat/221625644631,충남 예당저수지 예당호 출렁다리
D***,청평사,201907**,F,4,,,      ,          ,,경기,파주시,광탄면,,,,성기동,https://blog.naver.com/dlduddms3469/221681611478,춘천 단풍구경하며 산책겸 등산코스 청평사가는길
D***,성기동,201907**,F,4,,,      ,          ,,경기,파주시,광탄면,,,,성기동,https://m.blog.naver.com/cakemart/221202346421,영암 왕인박사 유적지   3 성기동 성천
D***,호미곶,201907**,F,2,,,      ,          ,,서울,강남구,개포4동,,,,호미곶,https://m.blog.naver.com/okkmskim/221674686567,포항펜션 두남자와 함께했던 코지스위트펜션 죽도시장호미곶
D***,오목내,201907**,F,3,"주부 (전업주부, 파트타임 근무 주부)",100~199만원,예    ,자녀 있음 ,아파트/ 주상복합,경남,창원시 진해구,용원동,,LG,SKT,오목내,https://m.blog.naver.com/skrkddlsgp/221721630990,진주 판문동 맛집 오목내 솔직후기
D***,아우라지,201907**,M,4,,,      ,          ,,대구,남구,이천동,,,,아우라지,https://m.blog.naver.com/kooni/221672541768,정선 아리랑 시장  물 폭탄 맞은 아우라지
D***,소요산,201907**,M,3,,,      ,          ,,인천,부평구,십정2동,,,,소요산,https://blog.naver.com/pajiwn/221658923153,소요산 등산코스  소요산역자재암선녀탕의상대원점회귀 3시간
D***,풍기온천,201907**,M,3,,,      ,          ,,충남,아산시,영인면,,,,풍기온천,https://m.blog.naver.com/sanm308/221569299218,물좋고 공기좋은 소백산풍기온천리조트
D***,개척사,201907**,F,4,,,      ,          ,,경기,동두천시,상봉암동,,,,개척사,https://m.blog.naver.com/genseoks1/221406743484,미국 개척사에 두드러진 두 청년
D***,마이산회봉온천,201907**,M,4,,,      ,          ,,경남,진주시,신안동,,,,마이산회봉온천,https://m.blog.naver.com/PostView.nhn?blogId=hk8300&logNo=50140957063&proxyReferer=https%3A%2F%2Fm.search.naver.com%2Fsearch.naver%3Fquery%3D%25EB%25A7%2588%25EC%259D%25B4%25EC%2582%25B0%25ED%259A%258C%25EB%25B4%2589%25EC%2598%25A8%25EC%25B2%259C%26sm%3Dmtb_hty.top%26where%3Dm%26oquery%3D%25EB%258C%2580%25EA%25B5%25AC%25EB%25A9%25B4%25EB%258F%2584%25EC%259A%2594%25EC%25A7%2580%26tqi%3DUPO7psprvAdssE166zRssssst3G-144381,마이산회봉온천 새 희망 날개 활짝 폈다
D***,광덕계곡,201907**,M,4,,,      ,          ,,경남,창원시 의창구,용호동,,,,광덕계곡,https://m.blog.naver.com/hardprince/221676277562,즐거운 와인딩 코스 여우고개  백운계곡  광덕계곡  도마치재 M으로 지지기
D***,직탕,201907**,M,2,,,      ,          ,,전북,군산시,미장동,,,,직탕,https://m.blog.naver.com/sonic72/221608063332,20190806 철원일대 폭포를 찾아떠난 여름휴가 재인폭포비둘기낭폭포직탕폭포산정호수
D***,해남사,201907**,M,4,"사무직 (일반사무직, 공무원, 직업군인)",300~399만원,예    ,자녀 있음 ,아파트/ 주상복합,경남,양산시,동면,"준중형차 (아반떼, K3, 크루즈, 제타급 등)",삼성,SKT,해남사,https://m.blog.naver.com/lyhlsrn/221626646930,해남사 양대응 스님
D***,양양국제공항,201907**,F,4,,,      ,          ,,경북,포항시 북구,용흥동,,,,양양국제공항,https://blog.naver.com/4_28b/221660419232,양양국제공항 타고 제주도 가기 코리아익스프레스에어
D***,능암온천,201907**,F,2,,,      ,          ,,경기,수원시 영통구,영통1동,,,,능암온천,https://m.blog.naver.com/kr_chungju/221572663341,충주 가볼만 한 곳  능암온천랜드
D***,다덕약수,201907**,M,3,,,      ,          ,,광주,광산구,월곡2동,,,,다덕약수,https://m.blog.naver.com/soda8219/221603152068,봉화 약수식당  다덕약수 로 만든 토종닭백숙
D***,돌문화공원,201907**,M,4,,,      ,          ,,경북,포항시 북구,죽도동,,,,돌문화공원,https://m.blog.naver.com/pran0104/221715194651, 제주여행제주관광  제주 돌문화공원
D***,송불암,201907**,F,2,"사무직 (일반사무직, 공무원, 직업군인)",400~499만원,아니오,          ,아파트/ 주상복합,서울,광진구,구의3동,,애플,SKT,송불암,https://m.blog.naver.com/nscity/221624748483,논산여행 황산벌의 중심에 자리한 논산 송불암 미륵불
D***,고석정,201907**,F,3,"사무직 (일반사무직, 공무원, 직업군인)",800~899만원,아니오,          ,아파트/ 주상복합,경기,안양시 동안구,달안동,"중형차 (쏘나타, K5, 말리부, 골프급 등)",삼성,SKT,고석정,https://m.blog.naver.com/mmm7962/221711870969,철원 여행 고석정 정취를 취하다
D***,곡성도림사,201907**,F,4,"주부 (전업주부, 파트타임 근무 주부)",400~499만원,예    ,자녀 있음 ,아파트/ 주상복합,서울,강서구,염창동,"중형차 (쏘나타, K5, 말리부, 골프급 등)",삼성,SKT,곡성도림사,https://m.blog.naver.com/aboutclaire/221562777372,곡성 여행 도림사 카페 씨엘로
D***,마곡사,201907**,F,4,"주부 (전업주부, 파트타임 근무 주부)",400~499만원,예    ,자녀 있음 ,아파트/ 주상복합,서울,강서구,염창동,"중형차 (쏘나타, K5, 말리부, 골프급 등)",삼성,SKT,곡성도림사,https://m.blog.naver.com/usgreen99/221692318243,공주 가볼만한곳 마곡사 가을 모습은
D***,팜파스종합휴양,201907**,F,4,"주부 (전업주부, 파트타임 근무 주부)",400~499만원,예    ,자녀 있음 ,아파트/ 주상복합,서울,강서구,염창동,"중형차 (쏘나타, K5, 말리부, 골프급 등)",삼성,SKT,곡성도림사,https://blog.naver.com/hriver21/221092893072,팜파스종합휴양관광단지
D***,돌문화공원,201907**,M,3,,,      ,          ,,서울,중랑구,망우3동,,,,돌문화공원,https://m.blog.naver.com/pran0104/221715194651, 제주여행제주관광  제주 돌문화공원
D***,경주 감포,201907**,M,4,"사무직 (일반사무직, 공무원, 직업군인)",600~699만원,예    ,자녀 있음 ,아파트/ 주상복합,대전,동구,대성동,"중형SUV (싼타페, 쏘렌토, 캡티바, BMW X3급 등)",삼성,SKT,경주 감포,https://blog.naver.com/daisykim1987/221485776355,감포팬션바닷가가 한눈에 보이는 경주 팬션
D***,대구면도요지,201907**,M,3,"사무직 (일반사무직, 공무원, 직업군인)",200~299만원,예    ,자녀 없음 ,연립주택/ 다세대/ 빌라,서울,종로구,행촌동,,삼성,SKT,대구면도요지,https://m.blog.naver.com/skku_skai/220852355231,강진 대구면 도요지 종합정비계획 학술연구용역
D***,울산 강동,201907**,F,3,,,      ,          ,,인천,서구,경서동,,,,울산 강동,https://blog.naver.com/usbukgu/221725467902,울산 강동 화암 주상절리 예술작품 같은 일출
D***,제주헬스케어타운,201907**,M,4,,,      ,          ,,대전,중구,문화동,,,,제주헬스케어타운,https://blog.naver.com/solguji/221651290398,추석제주여행  헬스케어타운리조트  한림칼국수  카페라이슬라
D***,장호,201907**,F,3,,,      ,          ,,서울,강서구,등촌동,,,,장호,https://m.blog.naver.com/qsaxzd/221623300383,장호비치캠핑장 삼척여행
D***,태조산,201907**,F,4,"주부 (전업주부, 파트타임 근무 주부)",300~399만원,예    ,자녀 있음 ,연립주택/ 다세대/ 빌라,서울,광진구,중곡4동,,삼성,KT,태조산,https://m.blog.naver.com/ohs1443/221659948848,천안 태조산421m  흑성산519m
D***,홍길동테마파크,201907**,M,2,,,      ,          ,,서울,중랑구,면목동,,,,홍길동테마파크,https://m.blog.naver.com/hhs653409/221664061938,장성 홍길동 테마파크 반가운 지인들과의 카라반 캠핑
D***,복전암,201907**,F,4,"사무직 (일반사무직, 공무원, 직업군인)",400~499만원,예    ,자녀 있음 ,아파트/ 주상복합,경기,안양시 동안구,부흥동,"경차 (모닝, 스파크 등)",LG,LG U+,복전암,https://m.blog.naver.com/015sign/221552478539,토요산행   보문산
D***,백암온천,201907**,M,2,"학생 (초중고학생, 대학생, 대학원생)",700~799만원,아니오,          ,아파트/ 주상복합,서울,서대문구,홍은동,,,KT,백암온천,https://m.blog.naver.com/hyechon49/221711918222,백암온천 백암LG생활연수원 숙소에서  백암산 백암폭포가는 길 백암폭포 백암온천
D***,운암사,201907**,M,4,,,      ,          ,,인천,남동구,구월4동,,,,운암사,https://m.blog.naver.com/lucky0520/221684590217,비라칸사스와 함께한 광양 운암사
D***,궁평,201907**,M,2,"판매직 (상점점원, 보험설계사, 노점상)",200~299만원,예    ,자녀 없음 ,기타 ,경기,고양시 덕양구,삼송동,"소형SUV/CUV (티볼리, QM3 등)",삼성,LG U+,추암,http://blog.daum.net/seohwi/277,궁평의 마을
D***,추암,201907**,M,2,"판매직 (상점점원, 보험설계사, 노점상)",200~299만원,예    ,자녀 없음 ,기타 ,경기,고양시 덕양구,삼송동,"소형SUV/CUV (티볼리, QM3 등)",삼성,LG U+,추암,http://m.blog.daum.net/_blog/_m/articleView.do?blogid=0bogl&articleno=936,해파랑길 트레킹 제32코스 한재밑 추암
D***,미숭산,201907**,M,5,,,      ,          ,,경기,과천시,부림동,,,,미숭산,https://m.blog.naver.com/gokory/221652921784,고령 여행 숲과 자연을 느끼며 힐링해요 미숭산자연휴양림
D***,성류굴,201907**,F,4,"교직 (교사, 유치원교사, 학원강사)",500~599만원,예    ,자녀 있음 ,아파트/ 주상복합,강원,원주시,반곡동,,삼성,LG U+,성류굴,https://m.blog.naver.com/hsakjo/221566664329,울진 금강소나무 숲길 트레킹울진 성류굴
D***,울산 강동,201907**,M,3,,,      ,          ,,경기,부천시 원미구,중1동,,,,울산 강동,https://blog.naver.com/usbukgu/221725467902,울산 강동 화암 주상절리 예술작품 같은 일출
D***,여수 첼린지 파크,201907**,M,5,무직,100~199만원,예    ,자녀 있음 ,아파트/ 주상복합,인천,남동구,만수6동,"준중형SUV (투싼, 스포티지, QM5, 티구안급 등)",삼성,LG U+,여수 첼린지 파크,https://blog.naver.com/okine2086/221595075033,여수 유월드 루지 테마파크 핫플 인정 100만표
D***3,구병산,201907**,F,5,,,      ,          ,,서울,강서구,공항동,,,,구병산,https://m.blog.naver.com/osgsb/221692903882,충북 보은 충북알프스의 시작점 아홉봉우리의 구병산
D***4,수타사,201907**,M,4,"전문직 (의사, 판검사, 예술가, 종교인)",800~899만원,예    ,자녀 있음 ,아파트/ 주상복합,서울,노원구,공릉동,"소형SUV/CUV (티볼리, QM3 등)",애플,LG U+,고흥우주해양,https://m.blog.naver.com/sul_hwa/221684137467,홍천 은행나무숲과 수타사 강원도 가볼만한곳
D***4,고흥우주해양,201907**,M,4,"전문직 (의사, 판검사, 예술가, 종교인)",800~899만원,예    ,자녀 있음 ,아파트/ 주상복합,서울,노원구,공릉동,"소형SUV/CUV (티볼리, QM3 등)",애플,LG U+,고흥우주해양,https://blog.naver.com/yescom2000/221475087283,김 지사 고흥 우주항공 중심도시로 대도약
D***7,화진포,201907**,F,3,무직,200~299만원,아니오,          ,연립주택/ 다세대/ 빌라,서울,성북구,종암동,,삼성,KT,화진포,https://m.blog.naver.com/misssin6023/221550287864,고성가족여행 _통일전망타워/화진포해수욕장/돌아기 : 네이버 블로그
D***0,강원호반,201907**,F,2,,,      ,          ,,광주,남구,월산1동,,,,강원호반,http://blog.daum.net/yacho2011/2888,좋은 터 길라잡이(풍수문의 풍수강의)
D***8,오토테마파크,201907**,F,4,,,      ,          ,,부산,해운대구,우1동,,,,오토테마파크,https://m.blog.naver.com/python99/221517135324,야경이 멋있는 합천 휴테마파크 오토캠핑장
D***9,태종대,201907**,F,4,,,      ,          ,,경기,성남시 수정구,신흥1동,,,,태종대,https://blog.naver.com/lovely_fat/221718153043,부산 해동용궁사와 태종대로 효도관광
D***3,곽지,201907**,M,2,,,      ,          ,,대구,달서구,본동,,,,곽지,https://m.blog.naver.com/wnhjeju/221718304122,제주여행 곽지해변에서 한담공원 멋진뷰
D***7,주문진,201907**,M,2,,,      ,          ,,경기,남양주시,양정동,,,,주문진,https://blog.naver.com/crazy_yuri/221713254200,새로웠던 주문진 맛집
D***1,칠갑산도립온천,201907**,M,4,"사무직 (일반사무직, 공무원, 직업군인)",300~399만원,예    ,자녀 있음 ,아파트/ 주상복합,인천,연수구,청학동,"준중형차 (아반떼, K3, 크루즈, 제타급 등)",삼성,KT,칠갑산도립온천,https://m.blog.naver.com/2000yhero/221524706364,칠갑산 도립공원 2
D***2,장호,201907**,F,5,"사무직 (일반사무직, 공무원, 직업군인)",800~899만원,예    ,자녀 있음 ,연립주택/ 다세대/ 빌라,서울,서초구,서초3동,,삼성,SKT,장호,https://m.blog.naver.com/qsaxzd/221623300383,장호비치캠핑장 삼척여행
D***5,흥덕사,201907**,F,2,,,      ,          ,,울산,동구,전하동,,,,흥덕사,https://m.blog.naver.com/ojs0126/221690775065,흥덕사 백운문화한마당 참석
D***1,고성 델피노 골프앤리조트,201907**,M,2,"학생 (초중고학생, 대학생, 대학원생)","1,000만원 이상",아니오,          ,연립주택/ 다세대/ 빌라,부산,서구,동대신동1가,,삼성,LG U+,고성 델피노 골프앤리조트,https://blog.naver.com/aramouse/221589693496,가족여행 숙소 추천 고성 속초 델피노골프앤리조트 카페로까 조식 리뷰
D***9,영월온천,201907**,F,2,"학생 (초중고학생, 대학생, 대학원생)",300~399만원,아니오,          ,연립주택/ 다세대/ 빌라,대구,달서구,신당동,,애플,LG U+,영월온천,https://m.blog.naver.com/sonjungwook22/221664214543,201707387001 영월군 영월읍 심옥리 영월온천
D***7,안면도,201907**,M,5,,,      ,          ,,서울,동작구,사당1동,,LG,LG U+,안면도,http://m.blog.daum.net/_blog/_m/articleView.do?blogid=0UCYA&articleno=5829,"충남 태안 가볼만한곳, 안면도 자연휴양림 무장애 나눔길"
D***6,강원호반,201907**,F,5,,,      ,          ,,부산,연제구,거제1동,,,,강원호반,http://blog.daum.net/yacho2011/2888,좋은 터 길라잡이(풍수문의 풍수강의)
D***3,직지사,201907**,F,3,"교직 (교사, 유치원교사, 학원강사)",600~699만원,아니오,          ,아파트/ 주상복합,경기,화성시,반송동,"경차 (모닝, 스파크 등)",애플,LG U+,직지사,https://m.blog.naver.com/promise065/221702745601,김천 직지사  템플스테이 1박2일
D***1,선바위,201907**,M,4,,,      ,          ,,경기,성남시 분당구,정자동,,,,선바위,https://m.blog.naver.com/7750khj/221702772489,합천 작은가야산  수리봉소바우듬선바위
D***0,도곡온천,201907**,F,2,,,      ,          ,,충남,아산시,신창면,,,,도곡온천,https://m.blog.naver.com/jh630614/221520167548,화순 중봉산도곡온천 기준으로 완벽한 원점회귀 산행코스
D***1,금강호,201907**,M,2,,,      ,          ,,경기,의정부시,가능2동,,,,금강호,https://m.blog.naver.com/sumi0ju/221704482211,오천항 금강낚시 금강호 쭈꾸미 갑오징어 출조 조황 쭈갑 선상낚시 20191109
D***4,당항포,201907**,M,5,,,      ,          ,,경기,파주시,탄현면,,,,당항포,https://m.blog.naver.com/turpu/221690928126,경남 고성 가볼만한곳 공룡엑스포가 펼쳐지는 당항포 관광단지
D***9,전통한방휴양,201907**,F,3,,,      ,          ,,경기,화성시,동탄면,,,,전통한방휴양,https://m.blog.naver.com/ndustns61/221224126114,전통한방휴양관광지 산청동의보감촌공진단만들기 체험
D***3,원주 오크밸리,201907**,M,4,"사무직 (일반사무직, 공무원, 직업군인)",300~399만원,아니오,          ,아파트/ 주상복합,서울,동대문구,신설동,,LG,SKT,원주 오크밸리,https://blog.naver.com/orionbt/221694093685,원주 오크밸리 카라반 여행  야간산책 소나타 오브 라이트
D***8,김녕해수욕장,201907**,M,3,"사무직 (일반사무직, 공무원, 직업군인)",700~799만원,예    ,자녀 있음 ,아파트/ 주상복합,경기,안양시 동안구,호계2동,"중형차 (쏘나타, K5, 말리부, 골프급 등)",LG,LG U+,김녕해수욕장,https://m.blog.naver.com/findjeju/221593221722,제주도 바다 색이 아름다운 김녕해수욕장 물놀이
D***9,홍천온천,201907**,F,5,,,      ,          ,,경기,안양시 만안구,박달2동,,,,홍천온천,https://m.blog.naver.com/hush113/221660267943,홍천 온천홍천에서 온천을 한다면오래된 시설이지만 물은 괜찮았던 원탕 온천목욕탕
D***1,예안현,201907**,F,4,"사무직 (일반사무직, 공무원, 직업군인)",500~599만원,예    ,자녀 있음 ,단독주택,서울,강서구,화곡동,,삼성,SKT,협재해안,https://m.blog.naver.com/misulmun49/221513555388,조식 유두류산록 이황
D***1,협재해안,201907**,F,4,"사무직 (일반사무직, 공무원, 직업군인)",500~599만원,예    ,자녀 있음 ,단독주택,서울,강서구,화곡동,,삼성,SKT,협재해안,https://m.blog.naver.com/yhm529/221657268440,나혼자산다수요미식회 맛집 제주 협재해안 수우동
D***1,월명암,201907**,M,2,"학생 (초중고학생, 대학생, 대학원생)",400~499만원,아니오,          ,단독주택,서울,강동구,고덕동,,삼성,SKT,월명암,https://m.blog.naver.com/rowon98/221698025729,깊어가는 내변산의 가을 풍경1남여치월명암직소폭포재백이고개
D***2,마한문화,201907**,F,5,"사무직 (일반사무직, 공무원, 직업군인)","1,000만원 이상",아니오,          ,아파트/ 주상복합,서울,관악구,청룡동,,애플,SKT,마한문화,https://m.blog.naver.com/pson30/221724282236,영암 마한문화공원 191125
D***6,원주 루첸,201907**,F,4,"주부 (전업주부, 파트타임 근무 주부)",300~399만원,예    ,자녀 있음 ,단독주택,경북,구미시,도량동,"중형SUV (싼타페, 쏘렌토, 캡티바, BMW X3급 등)",LG,LG U+,원주 루첸,https://blog.naver.com/shim7803/220897494183,20161226원주투데이플라워푸르트월드 관광단지 본궤도루첸관광단지 사업내용 변경해 내년말 지정
D***8,백암온천,201907**,M,5,"사무직 (일반사무직, 공무원, 직업군인)",400~499만원,예    ,자녀 있음 ,단독주택,경기,용인시 처인구,백암면,"중형차 (쏘나타, K5, 말리부, 골프급 등)",삼성,알뜰폰(MVNO),백암온천,https://m.blog.naver.com/hyechon49/221711918222,백암온천 백암LG생활연수원 숙소에서  백암산 백암폭포가는 길 백암폭포 백암온천
D***2,운주사,201907**,F,3,기타 ,100~199만원,예    ,자녀 없음 ,아파트/ 주상복합,경기,김포시,장기동,"준중형차 (아반떼, K3, 크루즈, 제타급 등)",애플,KT,운주사,https://m.blog.naver.com/sanbada2004/221635346744,화순 운주사
D***6,화암사,201907**,M,4,기타 ,100만원 미만,아니오,          ,오피스텔,서울,양천구,목4동,,삼성,KT,화암사,https://m.blog.naver.com/happykids70/221674944427,화암사 숲길 신선대에서 바라보는 울산바위
D***1,제주용머리,201907**,M,3,,,      ,          ,,인천,계양구,계산2동,,,,제주용머리,http://m.blog.daum.net/_blog/_m/articleView.do?blogid=0b2pw&articleno=2342,제주 용머리해안 맛집 가족 식사엔 카도돈카츠
D***8,신화랑,201907**,M,2,,,      ,          ,,광주,동구,궁동,,,,신화랑,https://m.blog.naver.com/wind_0227/221554355785,청도 가볼만한곳 신화랑풍류마을 생각보다 알차
D***9,강화종합리조트,201907**,F,2,"학생 (초중고학생, 대학생, 대학원생)","1,000만원 이상",아니오,          ,아파트/ 주상복합,서울,서대문구,영천동,,애플,LG U+,강화종합리조트,https://ghssghss.blog.me/221526256903,강화 길상면  강화씨사이드리조트강화도루지
D***1,대구화원,201907**,F,4,,,      ,          ,,대구,북구,태전1동,"중형SUV (싼타페, 쏘렌토, 캡티바, BMW X3급 등)",,,대구화원,https://blog.naver.com/meteorslove/221529086600,대구 화원 카페 커피문화 작은 창고형카페
D***6,제주남원,201907**,M,3,,,      ,          ,,경기,고양시 덕양구,내유동,,,,제주남원,https://m.blog.naver.com/since080515/221648773649,최고라고 말하고싶은 제주 남원 맛집
D***7,공릉,201907**,M,3,"주부 (전업주부, 파트타임 근무 주부)",300~399만원,예    ,자녀 있음 ,단독주택,경기,안성시,금광면,,LG,LG U+,공릉,https://blog.naver.com/back2462/221721451198,파주 공릉캠핑장 11월 동계 캠핑의 첫 시작
D***9,돈내코,201907**,M,2,,,      ,          ,,경기,구리시,인창동,,,,돈내코,https://m.blog.naver.com/sohyun1989/221684113927,제주 원앙폭포 신비함을 느끼고 싶다면 꼭 돈내코
D***6,담양호,201907**,M,2,무직,100만원 미만,아니오,          ,오피스텔,서울,강북구,미아동,,삼성,KT,담양호,https://m.blog.naver.com/ka8564/221652276574,담양호 용마루길따라 과녁바위산을 돌아오는 트레킹코스
D***5,속초해수욕장,201907**,M,2,,,      ,          ,,경기,안양시 만안구,안양5동,,,,속초해수욕장,https://m.blog.naver.com/plingo/221682706206,여행 아무렇게나 떠난 속초 1박 2일 청초수물회 청초호 왱왱해물촌 중앙시장 영금정 속초해수욕장
D***6,선바위,201907**,F,3,,,      ,          ,,서울,강남구,개포1동,,,,선바위,https://m.blog.naver.com/7750khj/221702772489,합천 작은가야산  수리봉소바우듬선바위
D***2,구병산,201907**,M,4,,,      ,          ,,서울,중랑구,상봉2동,,,,구병산,https://m.blog.naver.com/osgsb/221692903882,충북 보은 충북알프스의 시작점 아홉봉우리의 구병산
D***3,원주 플라워프루트월드,201907**,F,5,,,      ,          ,,부산,강서구,명지동,,,,원주 플라워프루트월드,https://blog.naver.com/lsgasd12/221643207852,원주 플라워프루트월드 관광단지 조성 사업 본격화
D***2,호미곶,201907**,F,4,"주부 (전업주부, 파트타임 근무 주부)",200~299만원,예    ,자녀 있음 ,연립주택/ 다세대/ 빌라,서울,성북구,정릉4동,"중형SUV (싼타페, 쏘렌토, 캡티바, BMW X3급 등)",애플,KT,호미곶,https://m.blog.naver.com/okkmskim/221674686567,포항펜션 두남자와 함께했던 코지스위트펜션 죽도시장호미곶
D***4,김제온천,201907**,F,4,"사무직 (일반사무직, 공무원, 직업군인)",500~599만원,예    ,자녀 있음 ,아파트/ 주상복합,강원,강릉시,입암동,"소형차 (액센트, 프라이드, 아베오, 피아트급 등)",삼성,SKT,김제온천,https://m.blog.naver.com/shbae3521/221589492924,김제연꽃아버지의 연사랑 흙바라기연근농장 페이지 김영훈 김계숙
D***0,오토테마파크,201907**,M,4,,,      ,          ,,서울,양천구,신정4동,,,,오토테마파크,https://m.blog.naver.com/python99/221517135324,야경이 멋있는 합천 휴테마파크 오토캠핑장
D***2,김천온천,201907**,F,2,"사무직 (일반사무직, 공무원, 직업군인)",700~799만원,아니오,          ,단독주택,인천,남구,도화1동,,애플,LG U+,예래휴양형주거,https://blog.naver.com/ejuinn69/221452242406,찜질방 데이트 김천 구미 대구 근처 온천숯가마 찜질방  성주 스파랜드u
D***2,예래휴양형주거,201907**,F,2,"사무직 (일반사무직, 공무원, 직업군인)",700~799만원,아니오,          ,단독주택,인천,남구,도화1동,,애플,LG U+,예래휴양형주거,https://blog.naver.com/bigfish3/221477767193,예래 휴양형 주거단지 현황과 제주도 땅 투자
D***1,원각사,201907**,M,3,,,      ,          ,,경남,함안군,가야읍,,삼성,알뜰폰(MVNO),원각사,https://m.blog.naver.com/nelo30/221688868198,가볍게 다이어트 트레킹 겸 다녀온 의정부 원각사
D***3,표충사,201907**,F,3,"사무직 (일반사무직, 공무원, 직업군인)",300~399만원,아니오,          ,오피스텔,서울,강남구,자곡동,,LG,LG U+,표충사,https://m.blog.naver.com/jupan1999/221715055350,표충사 우리아이마음숲놀이터 하루 종일 놀겠다는 아이들
D***0,김녕해수욕장,201907**,M,3,"자영업 (도소매업, 숙박업, 미용업)","1,000만원 이상",아니오,          ,아파트/ 주상복합,서울,강북구,번2동,"대형차 (제너시스, BMW5급 등)",애플,알뜰폰(MVNO),김녕해수욕장,https://m.blog.naver.com/findjeju/221593221722,제주도 바다 색이 아름다운 김녕해수욕장 물놀이
D***6,법인사,201907**,F,3,"사무직 (일반사무직, 공무원, 직업군인)",800~899만원,아니오,          ,아파트/ 주상복합,경기,이천시,증포동,"소형차 (액센트, 프라이드, 아베오, 피아트급 등)",LG,SKT,만의사,http://m.saramin.co.kr/search?q=%EC%99%B8%EA%B5%AD%EA%B3%84+%ED%9A%8C%EA%B3%84%EB%B2%95%EC%9D%B8&searchType=recent&searchword=%EC%99%B8%EA%B5%AD%EA%B3%84+%ED%9A%8C%EA%B3%84%EB%B2%95%EC%9D%B8,외국계 회계법인 :: 사람인 통합검색
D***6,만의사,201907**,F,3,"사무직 (일반사무직, 공무원, 직업군인)",800~899만원,아니오,          ,아파트/ 주상복합,경기,이천시,증포동,"소형차 (액센트, 프라이드, 아베오, 피아트급 등)",LG,SKT,만의사,https://m.blog.naver.com/goytday/221403730974,전세계 1% 미만의 사람들만 섭취한다는 디사이드 미네랄워터 어디서 볼수 있나요? : 네이버 블로그
D***1,여수 화양,201907**,M,3,,,      ,          ,,경기,광주시,오포읍,"준중형차 (아반떼, K3, 크루즈, 제타급 등)",,,여수 화양,https://hjjnlove4.blog.me/221426880809,여수 맛집 화양식당 장어구이 장어탕
D***4,등명,201907**,F,2,"전문직 (의사, 판검사, 예술가, 종교인)",100~199만원,아니오,          ,아파트/ 주상복합,전북,남원시,노암동,,삼성,KT,등명,https://m.blog.naver.com/fedfox77/221616393516,강릉 해수욕장 추천 작지만 편안한 등명해변등명해수욕장
D***1,선바위,201907**,F,3,무직,300~399만원,아니오,          ,아파트/ 주상복합,경기,오산시,서동,,삼성,KT,선바위,https://m.blog.naver.com/7750khj/221702772489,합천 작은가야산  수리봉소바우듬선바위
D***0,애월국제문화복합단지,201907**,M,3,"전문직 (의사, 판검사, 예술가, 종교인)",900~999만원,예    ,자녀 있음 ,아파트/ 주상복합,서울,광진구,화양동,"준중형차 (아반떼, K3, 크루즈, 제타급 등)",삼성,KT,애월국제문화복합단지,https://blog.naver.com/bigfish3/221486552408,제주도 땅 투자애월 국제문화복합단지 진척상황
D***5,마우나오션,201907**,F,4,"주부 (전업주부, 파트타임 근무 주부)",600~699만원,예    ,자녀 있음 ,아파트/ 주상복합,경기,의왕시,포일동,"경차 (모닝, 스파크 등)",LG,KT,마우나오션,https://blog.naver.com/soda7908/221712751372,LPGA가 열렸던 마우나오션cc로 가을골프 다녀왔어요
D***1,고령부례,201907**,M,5,"관리직 (사장, 간부, 고위공무원)",300~399만원,예    ,자녀 있음 ,아파트/ 주상복합,광주,광산구,수완동,"중형SUV (싼타페, 쏘렌토, 캡티바, BMW X3급 등)",기타,LG U+,고령부례,https://m.blog.naver.com/gusdnr0409/221296355711,고령부례관광지 카라반  대구근교카라반
D***3,웰리힐리파크,201907**,M,5,"관리직 (사장, 간부, 고위공무원)",300~399만원,예    ,자녀 있음 ,아파트/ 주상복합,경기,고양시 덕양구,토당동,"경차 (모닝, 스파크 등)",삼성,KT,웰리힐리파크,https://blog.naver.com/missjoon/221716441790,웰리힐리파크 리프트권 및 록키스키 알파인 스키강습
D***1,대관령 어흘리,201907**,M,5,"관리직 (사장, 간부, 고위공무원)",600~699만원,예    ,자녀 있음 ,아파트/ 주상복합,서울,마포구,도화동,"준대형차 (그랜저, K7, 알페온, 캠리급, 파사트급 등)",삼성,KT,대관령 어흘리,https://m.blog.naver.com/jauroune/221662945310,대관령 어흘리 100년 소나무 숲길  대관령 치유의 숲길
D***2,마곡사,201907**,M,3,무직,100만원 미만,아니오,          ,기타 ,경북,구미시,인의동,,LG,SKT,마곡사,https://m.blog.naver.com/usgreen99/221692318243,공주 가볼만한곳 마곡사 가을 모습은
D***3,극락암,201907**,M,2,"학생 (초중고학생, 대학생, 대학원생)",100~199만원,아니오,          ,아파트/ 주상복합,대전,중구,중촌동,,삼성,KT,극락암,https://m.blog.naver.com/greatsm2001/221711399361,통도사 극락암의 가을
D***9,안동하회,201907**,F,3,"판매직 (상점점원, 보험설계사, 노점상)",400~499만원,예    ,자녀 없음 ,연립주택/ 다세대/ 빌라,서울,은평구,응암동,,삼성,SKT,안동하회,https://m.blog.naver.com/1004rahee/221715786295,안동하회마을 무료공연 하회별신굿탈놀이 부용대
D***3,석정온천,201907**,F,4,"전문직 (의사, 판검사, 예술가, 종교인)",200~299만원,아니오,          ,아파트/ 주상복합,인천,남동구,만수3동,"경차 (모닝, 스파크 등)",애플,LG U+,석정온천,https://m.blog.naver.com/vnqk10/221716226470,고창 힐링카운티 석정온천휴스파
D***6,회산연꽃방죽,201907**,M,4,"사무직 (일반사무직, 공무원, 직업군인)",200~299만원,예    ,자녀 있음 ,연립주택/ 다세대/ 빌라,서울,은평구,불광1동,"소형차 (액센트, 프라이드, 아베오, 피아트급 등)",삼성,SKT,회산연꽃방죽,https://m.blog.naver.com/yunm2530/221565757481,일로읍 회산연꽃방죽이야기회산백련지연꽃나들이목포꽃집목포꽃배달 남악꽃배달 일로꽃배달무안꽃배달
D***3,영산호쌀문화테마공원,201907**,M,2,"학생 (초중고학생, 대학생, 대학원생)",500~599만원,아니오,          ,단독주택,제주,서귀포시,서홍동,,애플,LG U+,영산호쌀문화테마공원,https://m.blog.naver.com/ejp8702/221108032274,이천 농업테마공원 쌀문화전시관에서 쌀에 대해 배워봐요
D***2,안동문화,201907**,M,2,"학생 (초중고학생, 대학생, 대학원생)",200~299만원,아니오,          ,아파트/ 주상복합,경기,용인시 수지구,죽전2동,,LG,KT,안동문화,https://blog.naver.com/jomkkange/221718101147,191125 1박 2일 안동 여행  세계문화유산 도산서원
D***3,의성탑산온천,201907**,M,4,"자영업 (도소매업, 숙박업, 미용업)",100~199만원,아니오,          ,아파트/ 주상복합,경남,김해시,어방동,"준중형SUV (투싼, 스포티지, QM5, 티구안급 등)",삼성,SKT,의성탑산온천,https://m.blog.naver.com/darkspwn1/221256068023,경북 의성 탑산약수온천 유황냄새 진한 지방온천
D***1,마차탄광문화촌,201907**,F,4,무직,200~299만원,아니오,          ,단독주택,경북,포항시 북구,기계면,,LG,LG U+,마차탄광문화촌,https://m.blog.naver.com/sweetmeto/221715184365,영월여행  강원도 탄광문화촌 단양영월 2박3일 여행
D***7,서포리,201907**,M,3,,,      ,          ,,경기,수원시 권선구,호매실동,,,,서포리,https://blog.naver.com/zeroheart73/221561164544,덕적도 서포리해변 백패킹511  512
D***2,약수암,201907**,F,4,"전문직 (의사, 판검사, 예술가, 종교인)",400~499만원,예    ,자녀 있음 ,아파트/ 주상복합,서울,성동구,성수1가2동,"경차 (모닝, 스파크 등)",삼성,SKT,약수암,https://m.blog.naver.com/jcjkks/221642522935,도당산시사재 대광사 약수암
D***3,광덕계곡,201907**,F,2,"사무직 (일반사무직, 공무원, 직업군인)",100~199만원,아니오,          ,연립주택/ 다세대/ 빌라,서울,관악구,신림동,,삼성,LG U+,광덕계곡,https://m.blog.naver.com/hardprince/221676277562,즐거운 와인딩 코스 여우고개  백운계곡  광덕계곡  도마치재 M으로 지지기
D***4,수타사,201907**,F,4,"주부 (전업주부, 파트타임 근무 주부)",300~399만원,예    ,자녀 있음 ,아파트/ 주상복합,경기,김포시,고촌읍,,삼성,SKT,수타사,https://m.blog.naver.com/sul_hwa/221684137467,홍천 은행나무숲과 수타사 강원도 가볼만한곳
D***3,백제가요정읍사,201907**,F,5,"주부 (전업주부, 파트타임 근무 주부)",200~299만원,예    ,자녀 있음 ,아파트/ 주상복합,경기,용인시 기흥구,신갈동,,삼성,LG U+,백제가요정읍사,https://m.blog.naver.com/japansisa/221583141689,백제의 가요 정읍사 망한가로 새롭게 태어나다
D***7,천안종합휴향,201907**,F,2,"주부 (전업주부, 파트타임 근무 주부)",100~199만원,아니오,          ,연립주택/ 다세대/ 빌라,인천,남구,관교동,,LG,알뜰폰(MVNO),천안종합휴향,https://m.cafe.naver.com/sejongpedal/3371,세종싸이클로드
D***5,임진각,201907**,M,3,무직,200~299만원,아니오,          ,연립주택/ 다세대/ 빌라,서울,관악구,신림동,,LG,KT,임진각,https://blog.naver.com/lalla282/221708724445,파주관광지추천 아이들과 갈만한곳 임진각 평화누리공원
D***4,미천굴,201907**,F,3,"전문직 (의사, 판검사, 예술가, 종교인)",200~299만원,아니오,          ,연립주택/ 다세대/ 빌라,대구,달서구,송현1동,"경차 (모닝, 스파크 등)",애플,SKT,미천굴,https://m.blog.naver.com/xodiddldkqk/221706364651,제주 일출랜드 그리고 미천굴
D***8,제주 중문,201907**,F,2,,,      ,          ,,서울,광진구,화양동,,LG,LG U+,제주 중문,https://blog.naver.com/artless1004/221708894020,행복했던 밥상 제주 중문 맛집
D***6,정남진우산도,201907**,F,5,"주부 (전업주부, 파트타임 근무 주부)",300~399만원,예    ,자녀 있음 ,단독주택,서울,동작구,노량진2동,,삼성,SKT,정남진우산도,https://m.blog.naver.com/hankookceo/220778906265,정남진 장흥 물 축제 여행 정남진 전망대 위대한 영웅 안중근을 만나다
D***6,용담사,201907**,F,3,"교직 (교사, 유치원교사, 학원강사)",200~299만원,아니오,          ,연립주택/ 다세대/ 빌라,경기,시흥시,대야동,"준중형차 (아반떼, K3, 크루즈, 제타급 등)",삼성,SKT,용담사,https://m.blog.naver.com/rem85/221616568134,안동물놀이할만한곳안동계곡길안계곡길안용담사 근처 계곡으로 물놀이다녀왔어요
D***1,합천호,201907**,F,3,,,      ,          ,,,,,,,,합천호,http://m.blog.daum.net/_blog/_m/articleView.do?blogid=0Nnmh&articleno=2256,합천 악견산~의룡산 종주 - 합천호 조망과 천길단애를 경험할 수 있는 산 (대병3산/대병5악/십자바위/악견산성)
D***1,금강호,201907**,F,3,,,      ,          ,,,,,,,,합천호,https://m.blog.naver.com/sumi0ju/221704482211,오천항 금강낚시 금강호 쭈꾸미 갑오징어 출조 조황 쭈갑 선상낚시 20191109
D***6,봉개휴양림,201907**,M,2,"생산/노무직 (생산감독, 경비원, 공장근로자)","1,000만원 이상",아니오,          ,연립주택/ 다세대/ 빌라,서울,영등포구,도림동,,삼성,SKT,봉개휴양림,https://m.blog.naver.com/slow_m00n/221700410084,제주교래자연휴양림 큰지그리오름 봉개음식물처리장 냄새 최악
D***8,해신장보고,201907**,F,3,"주부 (전업주부, 파트타임 근무 주부)",200~299만원,예    ,자녀 있음 ,아파트/ 주상복합,경기,파주시,금촌1동,,삼성,KT,해신장보고,https://m.blog.naver.com/hohosuly/221539086115,을왕리 조개구이  해신장보고  설레여
D***9,홍천 비발디파크,201907**,M,3,"사무직 (일반사무직, 공무원, 직업군인)",500~599만원,예    ,자녀 있음 ,아파트/ 주상복합,서울,강서구,가양동,"MPV (카니발, 올란도, 피카소급, 오딧세이 등)",애플,KT,홍천 비발디파크,https://blog.naver.com/loveeoni/221717350562,비발디파크 근처 펜션 홍천 힐링하우스 뜨끈한 온돌방 넘나 좋음
D***1,송정,201907**,F,5,"주부 (전업주부, 파트타임 근무 주부)",800~899만원,예    ,자녀 있음 ,아파트/ 주상복합,경기,김포시,운양동,,삼성,LG U+,송정,https://m.blog.naver.com/lys9783/221711436037,부산 송정 맛집 알찬 전복영양밥 한그릇
D***5,고석정,201907**,M,2,"학생 (초중고학생, 대학생, 대학원생)",100만원 미만,아니오,          ,아파트/ 주상복합,충북,증평군,증평읍,,애플,KT,고석정,https://m.blog.naver.com/mmm7962/221711870969,철원 여행 고석정 정취를 취하다
D***6,불갑사,201907**,F,2,무직,"1,000만원 이상",아니오,          ,연립주택/ 다세대/ 빌라,경남,진주시,수정동,,삼성,SKT,불갑사,https://m.blog.naver.com/ka8564/221649053161,불갑사 상사화 개화초기 풍경불갑사상사화축제 날에는 만개할듯
D***6,오전약수,201907**,F,2,무직,"1,000만원 이상",아니오,          ,연립주택/ 다세대/ 빌라,경남,진주시,수정동,,삼성,SKT,불갑사,https://m.blog.naver.com/sanm308/221616161992,태백산에 싸여있는 봉화군 물야 오전약수
D***1,예천삼강,201907**,M,2,"학생 (초중고학생, 대학생, 대학원생)",700~799만원,아니오,          ,오피스텔,대전,유성구,구암동,,애플,KT,예천삼강,https://m.post.naver.com/viewer/postView.nhn?volumeNo=25150266&memberNo=1275074&vType=VERTICAL,대구근교 가볼만하곳 더예천 삼강문화단지위기의 삼강주막 방탈출게임
D***0,팔봉산,201907**,M,2,"학생 (초중고학생, 대학생, 대학원생)",200~299만원,아니오,          ,아파트/ 주상복합,부산,수영구,남천2동,,애플,SKT,팔봉산,https://m.blog.naver.com/cm0917/221711580256,191117 홍천 팔봉산 블랙야크100대명산 산림청100대명산 한국의산하인기100산
D***3,제주헬스케어타운,201907**,M,4,"사무직 (일반사무직, 공무원, 직업군인)",300~399만원,예    ,자녀 있음 ,아파트/ 주상복합,경기,용인시 수지구,풍덕천동,"중형차 (쏘나타, K5, 말리부, 골프급 등)",애플,KT,제주헬스케어타운,https://blog.naver.com/solguji/221651290398,추석제주여행  헬스케어타운리조트  한림칼국수  카페라이슬라
D***8,혜국사,201907**,M,2,"관리직 (사장, 간부, 고위공무원)",100~199만원,아니오,          ,연립주택/ 다세대/ 빌라,경기,파주시,조리읍,,LG,LG U+,혜국사,https://m.blog.naver.com/lbs2/221717145682,문경 주흘산 등산코스 제1관문여궁폭포혜국사주봉 원점회귀 산행
D***1,진관사,201907**,F,2,무직,500~599만원,아니오,          ,아파트/ 주상복합,경기,구리시,인창동,,애플,SKT,진관사,https://m.blog.naver.com/ka8564/221628007626,북한산 등산코스진관사 삼천사 원점코스
D***1,안성 죽산,201907**,F,2,,,      ,          ,,서울,관악구,성현동,,,,흥룡사,https://blog.naver.com/pcn1970/221720348259,2019 안성 죽산 문화재 야행 이야기
D***1,흥룡사,201907**,F,2,,,      ,          ,,서울,관악구,성현동,,,,흥룡사,https://m.blog.naver.com/ddungddy9073/221281506814,포천여행 백운산 자락에 있는 흑룡사
D***4,마차탄광문화촌,201907**,M,3,"사무직 (일반사무직, 공무원, 직업군인)",300~399만원,예    ,자녀 있음 ,아파트/ 주상복합,서울,관악구,인헌동,"대형SUV (베라크루즈, 모하비, 투아렉급 등)",삼성,SKT,마차탄광문화촌,https://m.blog.naver.com/sweetmeto/221715184365,영월여행  강원도 탄광문화촌 단양영월 2박3일 여행
D***4,장성호,201907**,F,4,"주부 (전업주부, 파트타임 근무 주부)",600~699만원,예    ,자녀 있음 ,아파트/ 주상복합,경기,군포시,산본2동,,삼성,SKT,장성호,https://m.blog.naver.com/wella5442/221704598476,장성 가볼만한곳 장성호 수변길 출렁다리
D***1,고씨동굴,201907**,M,4,"사무직 (일반사무직, 공무원, 직업군인)",500~599만원,예    ,자녀 있음 ,아파트/ 주상복합,경기,파주시,야동동,"준중형SUV (투싼, 스포티지, QM5, 티구안급 등)",삼성,알뜰폰(MVNO),고씨동굴,https://m.blog.naver.com/sumjin1002/221621090655,태화산 끝자락 억년의 신비가 숨쉬고 있는 고씨동굴
D***7,평택호,201907**,M,4,"전문직 (의사, 판검사, 예술가, 종교인)",900~999만원,예    ,자녀 있음 ,아파트/ 주상복합,경기,용인시 수지구,성복동,"중형SUV (싼타페, 쏘렌토, 캡티바, BMW X3급 등)",LG,SKT,평택호,https://blog.naver.com/inkyungidd/221621262586,평택호텔  그랜드호텔 평택호 뷰를 볼 수 있는 호텔 추천
D***1,맹방,201907**,M,3,"생산/노무직 (생산감독, 경비원, 공장근로자)",300~399만원,예    ,자녀 있음 ,아파트/ 주상복합,경기,시흥시,정왕4동,"경차 (모닝, 스파크 등)",애플,SKT,맹방,https://m.blog.naver.com/brad42/221596457277,강원도 삼척 맹방해수욕장 당일치기 여행
D***5,원주 루첸,201907**,F,2,"서비스직 (요식업, 숙박업, 미용실종업원)",500~599만원,아니오,          ,연립주택/ 다세대/ 빌라,경기,안산시 상록구,부곡동,,삼성,SKT,원주 루첸,https://blog.naver.com/shim7803/220897494183,20161226원주투데이플라워푸르트월드 관광단지 본궤도루첸관광단지 사업내용 변경해 내년말 지정
D***8,한국차소리문화공원,201907**,M,5,"자영업 (도소매업, 숙박업, 미용업)",400~499만원,예    ,자녀 있음 ,아파트/ 주상복합,서울,영등포구,신길동,기타 (승합차/트럭/화물차/기타 차량 등),삼성,KT,한국차소리문화공원,https://m.blog.naver.com/peri26100/220924962670,보성여행 보성차밭빛축제  한국차소리문화공원
D***4,영탑사,201907**,M,3,,,      ,          ,,경기,수원시 영통구,이의동,,,,영탑사,https://m.blog.naver.com/elderpine/221667087073,절로절로 우리절 20 당진 영탑사
D***2,화순온천,201907**,F,3,"사무직 (일반사무직, 공무원, 직업군인)",300~399만원,예    ,자녀 없음 ,아파트/ 주상복합,경기,수원시 권선구,권선동,,삼성,SKT,벽골제,https://m.blog.naver.com/haengbok2/221608294392,아들과 둘이 한 광주 차박여행광주챔피언스필드 대인야시장 화순온천 광주호 전주
D***2,벽골제,201907**,F,3,"사무직 (일반사무직, 공무원, 직업군인)",300~399만원,예    ,자녀 없음 ,아파트/ 주상복합,경기,수원시 권선구,권선동,,삼성,SKT,벽골제,https://m.blog.naver.com/robyn27/221649036302,놀거리가 가득한 곳  김제 벽골제
D***2,설악한화리조트,201907**,F,3,"사무직 (일반사무직, 공무원, 직업군인)",600~699만원,아니오,          ,아파트/ 주상복합,경기,의정부시,민락동,"경차 (모닝, 스파크 등)",삼성,KT,설악한화리조트,https://blog.naver.com/nayanahanmi/221582702954,강원도 속초여행 물놀이 먹거리 놀거리 가능한 설악 한화리조트
D***7,성류굴,201907**,M,2,"학생 (초중고학생, 대학생, 대학원생)",500~599만원,아니오,          ,기타 ,대구,북구,대현동,,LG,LG U+,성류굴,https://m.blog.naver.com/hsakjo/221566664329,울진 금강소나무 숲길 트레킹울진 성류굴
D***2,왕궁보석테마,201907**,M,4,"사무직 (일반사무직, 공무원, 직업군인)",500~599만원,아니오,          ,아파트/ 주상복합,서울,관악구,은천동,"경차 (모닝, 스파크 등)",애플,SKT,왕궁보석테마,https://m.blog.naver.com/hiksanin/221692718933,익산왕궁보석테마관광지 상설공연  체험프로그램
D***0,쌍계사,201907**,M,3,"기능직 (자동차정비, 운전기사, 안경사, 택시기사)",200~299만원,아니오,          ,연립주택/ 다세대/ 빌라,인천,남동구,구월동,"중형차 (쏘나타, K5, 말리부, 골프급 등)",LG,KT,쌍계사,https://m.blog.naver.com/gnfeel/221717628454,경상남도 하동  하동 가볼만한곳 지리산자락으로 가을여행 떠나요 하동 쌍계사
D***8,개척사,201907**,M,3,"사무직 (일반사무직, 공무원, 직업군인)",500~599만원,예    ,자녀 있음 ,연립주택/ 다세대/ 빌라,경기,수원시 장안구,조원동,"준중형차 (아반떼, K3, 크루즈, 제타급 등)",애플,SKT,개척사,https://m.blog.naver.com/genseoks1/221406743484,미국 개척사에 두드러진 두 청년
D***1,예안현,201907**,F,2,"판매직 (상점점원, 보험설계사, 노점상)",600~699만원,아니오,          ,연립주택/ 다세대/ 빌라,경기,성남시 중원구,성남동,"준중형차 (아반떼, K3, 크루즈, 제타급 등)",애플,LG U+,예안현,https://m.blog.naver.com/misulmun49/221513555388,조식 유두류산록 이황
D***,산정호수,201907**,M,4,"사무직 (일반사무직, 공무원, 직업군인)",700~799만원,예    ,자녀 있음 ,연립주택/ 다세대/ 빌라,서울,구로구,개봉동,,삼성,SKT,곽지,https://n.news.naver.com/article/055/0000746752?ntype=RANKING,한라산 사라오름 ... :: 네이버 뉴스
D***,곽지,201907**,M,4,"사무직 (일반사무직, 공무원, 직업군인)",700~799만원,예    ,자녀 있음 ,연립주택/ 다세대/ 빌라,서울,구로구,개봉동,,삼성,SKT,곽지,https://m.blog.naver.com/eun2916/221394587449,"제주 바다 후기 : 이호테우, 한담&애월, 함덕, 곽지, 협재, 금능 : 네이버 블로그"
D***,곽지,201907**,M,4,"사무직 (일반사무직, 공무원, 직업군인)",700~799만원,예    ,자녀 있음 ,연립주택/ 다세대/ 빌라,서울,구로구,개봉동,,삼성,SKT,곽지,https://m.blog.naver.com/woals5507/221594590593,[제주도여행;곽지해수욕장/이호테우해변]통발체험/제주사진찍기좋은곳/제주낚시/제주통발 : 네이버 블로그
D***,김녕해수욕장,201907**,M,4,"사무직 (일반사무직, 공무원, 직업군인)",700~799만원,예    ,자녀 있음 ,연립주택/ 다세대/ 빌라,서울,구로구,개봉동,,삼성,SKT,곽지,https://m.store.naver.com/attractions/detail?id=13491485&entry=pll,김녕해수욕장 : 네이버
D***,용호씨사이드,201907**,M,4,"사무직 (일반사무직, 공무원, 직업군인)",400~499만원,예    ,자녀 있음 ,아파트/ 주상복합,인천,부평구,산곡4동,"준중형차 (아반떼, K3, 크루즈, 제타급 등)",삼성,LG U+,용호씨사이드,http://www.kookje.co.kr/news2011/asp/newsbody.asp?code=0200&key=20171123.22001010675,부산 용호동 씨사이드 분쟁 부산시 관광지 취소 경고
D***,제천온천,201907**,M,4,"사무직 (일반사무직, 공무원, 직업군인)",400~499만원,예    ,자녀 있음 ,아파트/ 주상복합,인천,부평구,산곡4동,"준중형차 (아반떼, K3, 크루즈, 제타급 등)",삼성,LG U+,용호씨사이드,https://m.blog.naver.com/easeclub1/221720676545,충북 가볼만한곳 제천 리솜포레스트 온천여행과 자드락길
D***,영산호쌀문화테마공원,201907**,M,2,,,      ,          ,,울산,남구,무거동,,,,영산호쌀문화테마공원,https://m.blog.naver.com/ejp8702/221108032274,이천 농업테마공원 쌀문화전시관에서 쌀에 대해 배워봐요
D***,청평사,201907**,M,5,,,      ,          ,,경남,김해시,내동,,,,청평사,https://blog.naver.com/dlduddms3469/221681611478,춘천 단풍구경하며 산책겸 등산코스 청평사가는길
D***,표충사,201907**,F,3,,,      ,          ,,대구,달서구,장기동,,,,표충사,https://m.blog.naver.com/jupan1999/221715055350,표충사 우리아이마음숲놀이터 하루 종일 놀겠다는 아이들
D***,원주 루첸,201907**,F,2,"학생 (초중고학생, 대학생, 대학원생)",600~699만원,아니오,          ,연립주택/ 다세대/ 빌라,강원,원주시,단계동,"준대형차 (그랜저, K7, 알페온, 캠리급, 파사트급 등)",삼성,LG U+,원주 루첸,https://blog.naver.com/shim7803/220897494183,20161226원주투데이플라워푸르트월드 관광단지 본궤도루첸관광단지 사업내용 변경해 내년말 지정
D***,주문진,201907**,F,5,"주부 (전업주부, 파트타임 근무 주부)",400~499만원,예    ,자녀 있음 ,아파트/ 주상복합,경기,수원시 권선구,권선동,"경차 (모닝, 스파크 등)",삼성,KT,주문진,https://blog.naver.com/crazy_yuri/221713254200,새로웠던 주문진 맛집
D***,강원오색,201907**,F,2,,,      ,          ,,서울,중랑구,신내2동,,,,강원오색,https://m.blog.naver.com/nhk9933/221627655775,강원 설악산 오색약수근처 오색휴펜션 오색약수 계곡 초대받아 힐링하고 왔어요
D***,안동하회,201907**,F,3,,,      ,          ,,부산,사상구,주례2동,,,,안동하회,https://m.blog.naver.com/1004rahee/221715786295,안동하회마을 무료공연 하회별신굿탈놀이 부용대
D***,팜파스종합휴양,201907**,M,2,,,      ,          ,,부산,연제구,연산6동,,,,팜파스종합휴양,https://blog.naver.com/hriver21/221092893072,팜파스종합휴양관광단지
D***,만남의광장,201907**,F,4,,,      ,          ,,서울,강남구,개포1동,,,,만남의광장,https://m.post.naver.com/viewer/postView.nhn?volumeNo=25975952&memberNo=7250666&vType=VERTICAL,하남 드림 휴게소만남의광장에 수소충전소 오픈
D***,궁평,201907**,M,3,,,      ,          ,,경기,광명시,소하1동,,,,궁평,http://blog.daum.net/seohwi/277,궁평의 마을
D***,남당,201907**,F,3,"서비스직 (요식업, 숙박업, 미용실종업원)",300~399만원,아니오,          ,기타 ,전북,전주시 완산구,중노송동,,LG,SKT,남당,https://m.blog.naver.com/wodhks0389/221723046008,1130 남당피싱 워너비호 먼바다 우럭 낚시체험 인건가
D***,안동문화,201907**,M,4,,,      ,          ,,서울,구로구,개봉1동,,,,안동문화,https://blog.naver.com/jomkkange/221718101147,191125 1박 2일 안동 여행  세계문화유산 도산서원
D***,화암사,201907**,M,2,,,      ,          ,,대구,수성구,만촌3동,,,,화암사,https://m.blog.naver.com/happykids70/221674944427,화암사 숲길 신선대에서 바라보는 울산바위
D***,직탕,201907**,F,3,,,      ,          ,,서울,관악구,신사동,,,,직탕,https://m.blog.naver.com/sonic72/221608063332,20190806 철원일대 폭포를 찾아떠난 여름휴가 재인폭포비둘기낭폭포직탕폭포산정호수
D***,실상사,201907**,F,2,,,      ,          ,,부산,수영구,망미1동,,,,실상사,https://m.blog.naver.com/bosom86/221711922236,리군의 사찰 에세이 02 남원 실상사
D***,화진포,201907**,F,2,,,      ,          ,,광주,동구,소태동,,,,화진포,https://m.blog.naver.com/94040882/221716020914,강원도 고성 여행  화진포 신서유기에도 나왔네요
D***,안동문화,201907**,M,5,,,      ,          ,,경기,안산시 단원구,신길동,,,,안동문화,https://blog.naver.com/jomkkange/221718101147,191125 1박 2일 안동 여행  세계문화유산 도산서원
D***,모악산,201907**,M,4,,,      ,          ,,서울,양천구,신정6동,,,,모악산,https://m.blog.naver.com/pshadm/221683408706,100대명산  모악산  84130
D***,화암,201907**,F,2,,,      ,          ,,인천,서구,심곡동,,,,화암,https://m.blog.naver.com/aoisora2/221689337096,정선 아이와 가볼만한곳 화암동굴 나들이 
D***,산정호수,201907**,M,2,,,      ,          ,,인천,연수구,동춘2동,,,,산정호수,https://tcacyc.blog.me/221725616480,포천 산정호수 둘레길을 걸으며
D***,지장사,201907**,M,3,"사무직 (일반사무직, 공무원, 직업군인)",400~499만원,아니오,          ,아파트/ 주상복합,경기,광명시,광명7동,"준중형파생 (벨로스터, I30 등)",삼성,LG U+,지장사,https://m.blog.naver.com/asforlove/221709499900,방탄소년단 정국 지장사 직원분이 알려준 꾹이 비하인드스토리
D***,삼척해수욕장,201907**,F,4,,,      ,          ,,울산,북구,매곡동,,,,삼척해수욕장,https://m.blog.naver.com/funny0820/221599410365,삼척여행 Part1삼척 하얀낭만펜션일미어담삼척해변
D***,고석정,201907**,F,4,,,      ,          ,,울산,북구,매곡동,,,,삼척해수욕장,https://m.blog.naver.com/mmm7962/221711870969,철원 여행 고석정 정취를 취하다
D***,고석정,201907**,M,2,,,      ,          ,,대전,유성구,원내동,,,,고석정,https://m.blog.naver.com/mmm7962/221711870969,철원 여행 고석정 정취를 취하다
D***,회산연꽃방죽,201907**,M,4,,,      ,          ,,서울,서초구,양재1동,,,,회산연꽃방죽,https://m.blog.naver.com/yunm2530/221565757481,일로읍 회산연꽃방죽이야기회산백련지연꽃나들이목포꽃집목포꽃배달 남악꽃배달 일로꽃배달무안꽃배달
D***,알펜시아,201907**,M,2,"학생 (초중고학생, 대학생, 대학원생)",500~599만원,아니오,          ,아파트/ 주상복합,충남,아산시,권곡동,,삼성,SKT,알펜시아,https://blog.naver.com/asdffggg2/221648164694,강원도여행 평창 알펜시아 홀리데이인스위트 투베드룸과 오션700 워터파크
D***,초당,201907**,M,2,,,      ,          ,,대구,북구,학정동,,,,초당,https://m.blog.naver.com/alicelkm/221568987442,190616 강릉 초당할머니순두부 수요미식회
D***,회산연꽃방죽,201907**,F,2,,,      ,          ,,서울,도봉구,창1동,,,,회산연꽃방죽,https://m.blog.naver.com/yunm2530/221565757481,일로읍 회산연꽃방죽이야기회산백련지연꽃나들이목포꽃집목포꽃배달 남악꽃배달 일로꽃배달무안꽃배달
D***,왕궁보석테마,201907**,M,2,"학생 (초중고학생, 대학생, 대학원생)",600~699만원,아니오,          ,단독주택,서울,영등포구,신길6동,,기타,KT,왕궁보석테마,https://m.blog.naver.com/hiksanin/221692718933,익산왕궁보석테마관광지 상설공연  체험프로그램
D***,레인보우힐링,201907**,F,2,"학생 (초중고학생, 대학생, 대학원생)",400~499만원,아니오,          ,단독주택,경남,창원시 성산구,상남동,,LG,LG U+,레인보우힐링,https://m.blog.naver.com/ydpodoblog/221581379841,민주지산 자연휴양림 레인보우 힐링 숲속 가요제
D***,보덕사 ,201907**,M,3,"전문직 (의사, 판검사, 예술가, 종교인)",200~299만원,아니오,          ,연립주택/ 다세대/ 빌라,충북,진천군,덕산면,"중형차 (쏘나타, K5, 말리부, 골프급 등)",애플,LG U+,보덕사 ,http://m.blog.daum.net/_blog/_m/articleView.do?blogid=03bMR&articleno=15961077,보덕사 예산
D***,무창포해수욕장,201907**,M,2,,,      ,          ,,제주,제주시,노형동,,,,무창포해수욕장,https://m.blog.naver.com/kaisr2/221674209424,보령 대천해수욕장과 무창포 해변
D***,내장산리조트,201907**,M,3,,,      ,          ,,서울,동작구,노량진1동,,,,내장산리조트,https://m.blog.naver.com/beet38/221710851873,정읍시 내장산리조트 최대규모 민자유치
D***,함덕해안,201907**,M,2,,,      ,          ,,경남,밀양시,하남읍,,,,함덕해안,https://m.blog.naver.com/33fanta/221648550419,제주 바다가 보이는 카페제주도 조천함덕해안도로 바람과바다
D***,함덕해안,201907**,M,2,,,      ,          ,,대전,유성구,궁동,,,,함덕해안,https://m.blog.naver.com/33fanta/221648550419,제주 바다가 보이는 카페제주도 조천함덕해안도로 바람과바다
D***,경주 보문,201907**,F,3,"기능직 (자동차정비, 운전기사, 안경사, 택시기사)",100~199만원,아니오,          ,오피스텔,경기,파주시,광탄면,"소형SUV/CUV (티볼리, QM3 등)",,휴대전화 사용안함,경주 보문,https://blog.naver.com/asas0957/221701086136,경주 단풍 보문단지 산책 with 무지개
D***,신화역사공원,201907**,M,2,,,      ,          ,,인천,부평구,부개1동,,,,신화역사공원,https://present0955.blog.me/221723400417,제주 신화역사공원 홍차 카페 다만프레르
D***4,김녕해수욕장,201907**,M,4,"전문직 (의사, 판검사, 예술가, 종교인)",800~899만원,예    ,자녀 있음 ,아파트/ 주상복합,서울,노원구,공릉동,"소형SUV/CUV (티볼리, QM3 등)",애플,LG U+,김녕해수욕장,https://m.blog.naver.com/findjeju/221593221722,제주도 바다 색이 아름다운 김녕해수욕장 물놀이
D***9,경주 감포,201907**,M,2,"학생 (초중고학생, 대학생, 대학원생)",300~399만원,아니오,          ,아파트/ 주상복합,인천,남동구,구월2동,,LG,LG U+,경주 감포,https://blog.naver.com/daisykim1987/221485776355,감포팬션바닷가가 한눈에 보이는 경주 팬션
D***3,구곡폭포,201907**,M,2,기타 ,100만원 미만,아니오,          ,아파트/ 주상복합,전북,익산시,어양동,"대형차 (제너시스, BMW5급 등)",애플,KT,구곡폭포,https://blog.naver.com/jsl3335/221675894684,구곡 폭포 나들이
D***1,영암바둑테마파크,201907**,M,3,,,      ,          ,,서울,노원구,월계2동,,,,영암바둑테마파크,https://m.blog.naver.com/ashim1/221266017832,영암 가볼만한곳  월출산 기찬랜드 가야금산조 테마공원
D***2,대광해수욕장,201907**,M,2,,,      ,          ,,서울,노원구,상계9동,,,,대광해수욕장,https://m.blog.naver.com/happy-luna/221332519271,아이들과 국내섬여행 임자도  해수욕장 대광해수욕장
D***9,홍길동테마파크,201907**,F,2,,,      ,          ,,경기,성남시 중원구,여수동,,,,홍길동테마파크,https://m.blog.naver.com/hhs653409/221664061938,장성 홍길동 테마파크 반가운 지인들과의 카라반 캠핑
D***2,오전약수,201907**,F,5,,,      ,          ,,광주,북구,문흥1동,,,,오전약수,https://m.blog.naver.com/sanm308/221616161992,태백산에 싸여있는 봉화군 물야 오전약수
D***6,공릉,201907**,M,2,"전문직 (의사, 판검사, 예술가, 종교인)",700~799만원,아니오,          ,연립주택/ 다세대/ 빌라,충남,홍성군,홍성읍,"준중형차 (아반떼, K3, 크루즈, 제타급 등)",삼성,KT,공릉,https://blog.naver.com/back2462/221721451198,파주 공릉캠핑장 11월 동계 캠핑의 첫 시작
D***7,미천굴,201907**,M,2,,,      ,          ,,경기,남양주시,진건읍,,,,미천굴,https://m.blog.naver.com/xodiddldkqk/221706364651,제주 일출랜드 그리고 미천굴
D***3,고래불,201907**,F,5,"교직 (교사, 유치원교사, 학원강사)",500~599만원,예    ,자녀 있음 ,아파트/ 주상복합,충북,청주시 흥덕구,개신동,"중형SUV (싼타페, 쏘렌토, 캡티바, BMW X3급 등)",LG,SKT,고래불,http://m.blog.daum.net/_blog/_m/articleView.do?blogid=0bogl&articleno=923,해파랑길 트레킹 제23코스 고래불 후포항
D***6,충온온천,201907**,F,2,,,      ,          ,,경기,안산시 상록구,부곡동,,,,충온온천,https://m.cafe.naver.com/mywetown/912,충주나우리마을
D***1,한탄강,201907**,F,2,"판매직 (상점점원, 보험설계사, 노점상)",100~199만원,아니오,          ,연립주택/ 다세대/ 빌라,전북,정읍시,수성동,"준중형차 (아반떼, K3, 크루즈, 제타급 등)",LG,LG U+,한탄강,http://nanazip.com/221721990837,철원 카페  송대소 주상절리 한탄강을 배경으로 커피한잔에 빠져보는 모닝캄빌리지 펜션  카페
D***7,남당,201907**,M,5,,,      ,          ,,서울,동작구,사당1동,,LG,LG U+,남당,https://m.blog.naver.com/wodhks0389/221723046008,1130 남당피싱 워너비호 먼바다 우럭 낚시체험 인건가
D***3,직탕,201907**,M,4,,,      ,          ,,대구,동구,신서동,,,,직탕,https://m.blog.naver.com/sonic72/221608063332,20190806 철원일대 폭포를 찾아떠난 여름휴가 재인폭포비둘기낭폭포직탕폭포산정호수
D***1,미탄마하생태,201907**,F,2,"교직 (교사, 유치원교사, 학원강사)",300~399만원,아니오,          ,아파트/ 주상복합,경북,경산시,옥곡동,,삼성,SKT,미탄마하생태,https://m.blog.naver.com/leeewon47/221479158841,대한민국 대표 관광지 강원도 강원도 관광지 현황은
D***2,쌍계사,201907**,F,3,,,      ,          ,,강원,춘천시,효자2동,,,,쌍계사,https://m.blog.naver.com/gnfeel/221717628454,경상남도 하동  하동 가볼만한곳 지리산자락으로 가을여행 떠나요 하동 쌍계사
D***3,거가대교,201907**,F,2,,,      ,          ,,서울,서대문구,홍은2동,,,,거가대교,https://m.blog.naver.com/ohyea95/221553123462,가덕도 가볼 만한 곳 연대봉 세계 최대 수심 해저터널 거가대교
D***4,여수 경도,201907**,M,5,,,      ,          ,,서울,강남구,역삼동,,,,여수 경도,https://blog.naver.com/zephyr122059/221339654475,수요미식회 여수  경도 자연횟집  여수 10미 하모 샤브샤브
D***5,휘닉스파크,201907**,F,5,"주부 (전업주부, 파트타임 근무 주부)",900~999만원,예    ,자녀 있음 ,아파트/ 주상복합,서울,송파구,오륜동,,삼성,KT,휘닉스파크,https://blog.naver.com/vegemilstory/221663623759,가을 여행지 평창 가볼만한 곳 휘닉스 파크 1박 2일  양떼목장 체험까지
D***4,청도온천,201907**,M,5,,,      ,          ,,경기,파주시,탄현면,,,,청도온천,https://m.cafe.naver.com/daegumam2003/187255,청도 온천갑니다용
D***7,수타사,201907**,M,3,"사무직 (일반사무직, 공무원, 직업군인)",700~799만원,예    ,자녀 없음 ,오피스텔,서울,강서구,마곡동,"중형차 (쏘나타, K5, 말리부, 골프급 등)",삼성,LG U+,수타사,https://m.blog.naver.com/sul_hwa/221684137467,홍천 은행나무숲과 수타사 강원도 가볼만한곳
D***2,삼포 문암,201907**,M,2,"학생 (초중고학생, 대학생, 대학원생)",600~699만원,아니오,          ,아파트/ 주상복합,경기,의정부시,녹양동,,LG,KT,삼포 문암,https://m.blog.naver.com/heysun62/221545300677,고성  삼포문암진해변 개발
D***5,여수 첼린지 파크,201907**,F,3,"사무직 (일반사무직, 공무원, 직업군인)",400~499만원,예    ,자녀 있음 ,아파트/ 주상복합,서울,영등포구,당산동4가,"중형차 (쏘나타, K5, 말리부, 골프급 등)",LG,SKT,여수 첼린지 파크,https://blog.naver.com/okine2086/221595075033,여수 유월드 루지 테마파크 핫플 인정 100만표
D***9,약수암,201907**,M,2,,,      ,          ,,울산,울주군,범서읍,,,,약수암,https://m.blog.naver.com/jcjkks/221642522935,도당산시사재 대광사 약수암
D***8,문수사,201907**,M,4,"판매직 (상점점원, 보험설계사, 노점상)",300~399만원,예    ,자녀 없음 ,아파트/ 주상복합,대전,유성구,봉산동,"준중형차 (아반떼, K3, 크루즈, 제타급 등)",삼성,LG U+,문수사,http://m.blog.daum.net/_blog/_m/articleView.do?blogid=0qXA2&articleno=504,고창 청량산 문수사
D***3,율포해수욕장,201907**,M,3,"사무직 (일반사무직, 공무원, 직업군인)",300~399만원,예    ,자녀 있음 ,아파트/ 주상복합,대전,유성구,지족동,"MPV (카니발, 올란도, 피카소급, 오딧세이 등)",애플,SKT,율포해수욕장,https://m.blog.naver.com/day31479/221486986413,전라도1박2일여행여수낭만포차 율포해수욕장 광한루원
D***9,합천보조댐,201907**,M,4,"사무직 (일반사무직, 공무원, 직업군인)",200~299만원,예    ,자녀 있음 ,아파트/ 주상복합,서울,중랑구,신내1동,,삼성,SKT,합천보조댐,https://m.blog.naver.com/gnfeel/221693122206,경상남도 산책길  합천 가볼만한곳 산책하며 데이트하기 좋은 길 합천 보조댐 수변생태 탐방로
D***5,문경온천,201907**,M,2,"학생 (초중고학생, 대학생, 대학원생)",200~299만원,아니오,          ,아파트/ 주상복합,경기,화성시,반송동,,삼성,KT,문경온천,https://m.blog.naver.com/j3187654/221564941542,불정자연휴양림 문경온천 여행 
D***0,신정호,201907**,M,4,"자영업 (도소매업, 숙박업, 미용업)",400~499만원,아니오,          ,연립주택/ 다세대/ 빌라,경북,포항시 남구,해도동,"준중형SUV (투싼, 스포티지, QM5, 티구안급 등)",LG,SKT,신정호,https://m.blog.naver.com/jsn920/221550735561,아산여행신정호 호수공원 전망좋은카페산책 아산 가볼만한곳
D***9,춘장대해수욕장,201907**,M,5,"전문직 (의사, 판검사, 예술가, 종교인)",100만원 미만,예    ,자녀 없음 ,연립주택/ 다세대/ 빌라,전북,무주군,무주읍,"경차 (모닝, 스파크 등)",삼성,SKT,춘장대해수욕장,https://m.blog.naver.com/ka8564/221667927409,춘장대 해수욕장과 홍원항 쭈꾸미낚시 풍경
D***9,제주여성테마파크,201907**,M,5,"전문직 (의사, 판검사, 예술가, 종교인)",100만원 미만,예    ,자녀 없음 ,연립주택/ 다세대/ 빌라,전북,무주군,무주읍,"경차 (모닝, 스파크 등)",삼성,SKT,춘장대해수욕장,https://m.blog.naver.com/kkengzz/221705309627,제주아이들과가볼만한곳 서프라이즈테마파크
D***7,흥덕사,201907**,M,4,"기능직 (자동차정비, 운전기사, 안경사, 택시기사)",100~199만원,아니오,          ,오피스텔,서울,종로구,숭인동,,기타,KT,흥덕사,https://m.blog.naver.com/ojs0126/221690775065,흥덕사 백운문화한마당 참석
D***3,주왕산,201907**,F,3,"교직 (교사, 유치원교사, 학원강사)",800~899만원,아니오,          ,단독주택,경남,창원시 성산구,반지동,,삼성,SKT,주왕산,https://m.blog.naver.com/iloveknp/221708366122,주왕산 국립공원 만추의 주왕산 탐방
D***8,운일암반일암,201907**,F,5,"교직 (교사, 유치원교사, 학원강사)",500~599만원,예    ,자녀 있음 ,아파트/ 주상복합,강원,강릉시,홍제동,,삼성,SKT,운일암반일암,https://m.blog.naver.com/overroad89/221700138547,전북 가볼만한곳  진안 운일암 반일암 산책
D***9,곡성도림사,201907**,M,2,,,      ,          ,,서울,강북구,번동,,,,곡성도림사,https://m.blog.naver.com/aboutclaire/221562777372,곡성 여행 도림사 카페 씨엘로
D***4,내설악 용대,201907**,F,3,"전문직 (의사, 판검사, 예술가, 종교인)",700~799만원,아니오,          ,아파트/ 주상복합,서울,강동구,상일동,,애플,KT,내설악 용대,https://m.blog.naver.com/hoilsanta/221548303837,Jule105 봉정암  강원 인제 용대 내설악11530 월 맑음
D***0,보적사,201907**,M,4,"생산/노무직 (생산감독, 경비원, 공장근로자)",300~399만원,예    ,자녀 있음 ,아파트/ 주상복합,경기,고양시 덕양구,고양동,"중형SUV (싼타페, 쏘렌토, 캡티바, BMW X3급 등)",삼성,SKT,보적사,https://m.blog.naver.com/n_n630/221683022330,나홀로 가을 산행  독산성 세마대지 보적사 다녀오기
D***1,충주호체험,201907**,F,2,,,      ,          ,,광주,남구,방림동,,,,충주호체험,https://m.blog.naver.com/yoohr0507/221553190270,충주호 유람선 체험
D***6,방화동,201907**,M,4,,,      ,          ,,경기,안양시 동안구,비산1동,,,,방화동,https://m.kin.naver.com/mobile/qna/detail.nhn?d1id=12&dirId=12011808&docId=335879922&qb=67Cp7ZmU64+Z&enc=utf8&section=kin.ext&rank=2&search_sort=0&spq=0,서울시 방화동에 건물을 지으려고 하는
D***6,원각사,201907**,M,4,"사무직 (일반사무직, 공무원, 직업군인)",500~599만원,예    ,자녀 없음 ,단독주택,서울,성북구,정릉2동,"준중형차 (아반떼, K3, 크루즈, 제타급 등)",LG,LG U+,원각사,https://m.blog.naver.com/nelo30/221688868198,가볍게 다이어트 트레킹 겸 다녀온 의정부 원각사
D***9,서포리,201907**,M,4,,,      ,          ,,인천,동구,송림3동,,,,서포리,https://blog.naver.com/zeroheart73/221561164544,덕적도 서포리해변 백패킹511  512
D***9,우수영,201907**,F,4,"주부 (전업주부, 파트타임 근무 주부)",300~399만원,예    ,자녀 있음 ,아파트/ 주상복합,경기,안양시 동안구,호계동,"소형차 (액센트, 프라이드, 아베오, 피아트급 등)",삼성,SKT,우수영,https://m.blog.naver.com/hp0210/221703457436,전라도 가볼만한곳 진도타워  우수영국민관광지 명량대첩기념관
D***4,부곡온천,201907**,M,5,"서비스직 (요식업, 숙박업, 미용실종업원)",500~599만원,예    ,자녀 있음 ,연립주택/ 다세대/ 빌라,경기,성남시 분당구,판교동,"중형차 (쏘나타, K5, 말리부, 골프급 등)",삼성,KT,부곡온천,https://m.blog.naver.com/cngblog/221721865027,하반기 HOT 생생 부곡온천 라이브공연 12회차
D***0,백운계곡,201907**,M,3,"학생 (초중고학생, 대학생, 대학원생)",200~299만원,아니오,          ,연립주택/ 다세대/ 빌라,대구,서구,평리1동,,삼성,SKT,백운계곡,https://blog.naver.com/wnsghdudwls/221637010727,포천 백운계곡
D***7,해운대,201907**,F,3,,,      ,          ,,서울,강남구,개포1동,,,,해운대,https://moonjj82.blog.me/221712612297,해운대뷔페 가장 좋아하는 곳 그랜드애플
D***8,어답산,201907**,F,5,기타 ,600~699만원,예    ,자녀 있음 ,아파트/ 주상복합,대전,서구,복수동,"준대형차 (그랜저, K7, 알페온, 캠리급, 파사트급 등)",삼성,SKT,어답산,https://m.blog.naver.com/iiijjjiiijjj/221600282946,20190728일 횡성 어답산횡성온천선바위장송어답산 장군봉병지방계곡
D***5,삼장사,201907**,F,3,기타 ,400~499만원,예    ,자녀 없음 ,아파트/ 주상복합,서울,강서구,방화동,,삼성,SKT,삼장사,https://m.cafe.naver.com/thebomsnap/398,20190516 성내동성당삼장사
D***7,왕궁보석테마,201907**,M,3,"생산/노무직 (생산감독, 경비원, 공장근로자)",300~399만원,예    ,자녀 있음 ,아파트/ 주상복합,경기,평택시,청북면,,삼성,알뜰폰(MVNO),왕궁보석테마,https://m.blog.naver.com/hiksanin/221692718933,익산왕궁보석테마관광지 상설공연  체험프로그램
D***8,고석정,201907**,M,3,기타 ,400~499만원,예    ,자녀 없음 ,오피스텔,경기,수원시 팔달구,인계동,"준중형차 (아반떼, K3, 크루즈, 제타급 등)",삼성,SKT,고석정,https://m.blog.naver.com/mmm7962/221711870969,철원 여행 고석정 정취를 취하다
D***8,마니산,201907**,M,3,,,      ,          ,,울산,동구,서부동,,,,마니산,https://blog.naver.com/jipangdosa/221613683019,한국명산 031 강화도 마니산 등산기
D***6,구곡폭포,201907**,F,4,"주부 (전업주부, 파트타임 근무 주부)",600~699만원,예    ,자녀 있음 ,아파트/ 주상복합,충북,청주시 흥덕구,분평동,,삼성,SKT,구곡폭포,https://blog.naver.com/jsl3335/221675894684,구곡 폭포 나들이
D***2,용문산,201907**,F,4,기타 ,400~499만원,예    ,자녀 있음 ,아파트/ 주상복합,부산,동래구,사직3동,"경차 (모닝, 스파크 등)",삼성,KT,영탑사,https://kaisr2.blog.me/221624459312,양평 용문산 관광단지와 용문사 은행나무
D***2,영탑사,201907**,F,4,기타 ,400~499만원,예    ,자녀 있음 ,아파트/ 주상복합,부산,동래구,사직3동,"경차 (모닝, 스파크 등)",삼성,KT,영탑사,https://m.blog.naver.com/elderpine/221667087073,절로절로 우리절 20 당진 영탑사
D***0,소요산,201907**,F,4,"사무직 (일반사무직, 공무원, 직업군인)",300~399만원,아니오,          ,연립주택/ 다세대/ 빌라,서울,은평구,신사1동,"중형차 (쏘나타, K5, 말리부, 골프급 등)",삼성,LG U+,소요산,https://blog.naver.com/pajiwn/221658923153,소요산 등산코스  소요산역자재암선녀탕의상대원점회귀 3시간
D***6,진도 대명리조트,201907**,F,4,"주부 (전업주부, 파트타임 근무 주부)","1,000만원 이상",예    ,자녀 있음 ,아파트/ 주상복합,경기,평택시,비전동,"중형SUV (싼타페, 쏘렌토, 캡티바, BMW X3급 등)",삼성,SKT,진도 대명리조트,https://bluebuskr.blog.me/221645530806,진도 여행 대명리조트 쏠비치 진도 후기
D***7,여수 경도,201907**,M,3,"사무직 (일반사무직, 공무원, 직업군인)",400~499만원,예    ,자녀 있음 ,아파트/ 주상복합,대구,동구,각산동,"중형차 (쏘나타, K5, 말리부, 골프급 등)",LG,KT,여수 경도,https://blog.naver.com/zephyr122059/221339654475,수요미식회 여수  경도 자연횟집  여수 10미 하모 샤브샤브
D***6,아산온천,201907**,F,2,"전문직 (의사, 판검사, 예술가, 종교인)",600~699만원,아니오,          ,아파트/ 주상복합,인천,서구,검암동,,애플,LG U+,아산온천,https://m.blog.naver.com/bucketlist79/221721363500,아산온천 당일치기 겨울여행 아산스파비스캠마녀의 나댕김 20191124
D***4,위봉사,201907**,F,4,"전문직 (의사, 판검사, 예술가, 종교인)",600~699만원,예    ,자녀 있음 ,아파트/ 주상복합,서울,서초구,반포2동,,삼성,LG U+,위봉사,https://m.blog.naver.com/hansongp/221703341215,한국의 산사 10898 완주 위봉사
D***4,왜목마을,201907**,F,2,"학생 (초중고학생, 대학생, 대학원생)",400~499만원,아니오,          ,연립주택/ 다세대/ 빌라,서울,강서구,화곡1동,,삼성,KT,운주사,https://m.blog.naver.com/rrhcdldi/221709687950,당진당일치기 3 왜목마을 해수욕장 산책 잠깐 들리기 좋은 코스
D***4,운주사,201907**,F,2,"학생 (초중고학생, 대학생, 대학원생)",400~499만원,아니오,          ,연립주택/ 다세대/ 빌라,서울,강서구,화곡1동,,삼성,KT,운주사,https://m.blog.naver.com/sanbada2004/221635346744,화순 운주사
D***9,문경상리,201907**,F,3,"사무직 (일반사무직, 공무원, 직업군인)",600~699만원,예    ,자녀 없음 ,오피스텔,서울,광진구,군자동,"준중형차 (아반떼, K3, 크루즈, 제타급 등)",애플,KT,문경상리,http://m.blog.daum.net/_blog/_m/articleView.do?blogid=03UvL&articleno=15857454,문경 상리 삼층석탑 경북 문경
D***0,웰리힐리파크,201907**,F,2,"교직 (교사, 유치원교사, 학원강사)",100~199만원,아니오,          ,연립주택/ 다세대/ 빌라,인천,계양구,계산1동,,삼성,알뜰폰(MVNO),웰리힐리파크,https://blog.naver.com/missjoon/221716441790,웰리힐리파크 리프트권 및 록키스키 알파인 스키강습
D***4,용호씨사이드,201907**,F,2,,,      ,          ,,서울,구로구,신도림동,,,,용호씨사이드,http://www.kookje.co.kr/news2011/asp/newsbody.asp?code=0200&key=20171123.22001010675,부산 용호동 씨사이드 분쟁 부산시 관광지 취소 경고
D***7,속초해수욕장,201907**,M,3,"생산/노무직 (생산감독, 경비원, 공장근로자)",300~399만원,예    ,자녀 있음 ,연립주택/ 다세대/ 빌라,전북,익산시,마동,"중형SUV (싼타페, 쏘렌토, 캡티바, BMW X3급 등)",LG,LG U+,속초해수욕장,https://m.blog.naver.com/plingo/221682706206,여행 아무렇게나 떠난 속초 1박 2일 청초수물회 청초호 왱왱해물촌 중앙시장 영금정 속초해수욕장
D***9,구문소,201907**,F,3,"판매직 (상점점원, 보험설계사, 노점상)",400~499만원,예    ,자녀 없음 ,연립주택/ 다세대/ 빌라,서울,은평구,응암동,,삼성,SKT,구문소,http://m.blog.daum.net/_blog/_m/articleView.do?blogid=05TrK&articleno=15963487,억년의 세월이 빚은 비경 태백팔경 구문소
D***3,영주순흥,201907**,M,2,,,      ,          ,,서울,강북구,인수동,,,,영주순흥,https://m.blog.naver.com/63ksyun/221719604248,풍기 온천 후 영주 순흥 선비촌 다녀왔습니다
D***5,풍기온천,201907**,F,3,"사무직 (일반사무직, 공무원, 직업군인)","1,000만원 이상",예    ,자녀 없음 ,아파트/ 주상복합,서울,중구,신당동,,삼성,LG U+,풍기온천,https://m.blog.naver.com/sanm308/221569299218,물좋고 공기좋은 소백산풍기온천리조트
D***6,묘산봉,201907**,M,2,,,      ,          ,,서울,구로구,궁동,,애플,KT,묘산봉,https://m.blog.naver.com/kohj007/221598565809,제주시 구좌읍 김녕리 묘산봉 일대 농어촌도로 확장
D***8,강원송지호,201907**,M,4,"서비스직 (요식업, 숙박업, 미용실종업원)",200~299만원,예    ,자녀 있음 ,아파트/ 주상복합,서울,강서구,우장산동,,삼성,KT,강원송지호,https://m.blog.naver.com/jhany00/221660903730,송지호 오토캠핑에서 여름휴가를
D***7,봉서사,201907**,F,4,"사무직 (일반사무직, 공무원, 직업군인)",400~499만원,아니오,          ,아파트/ 주상복합,서울,중랑구,면목동,,LG,LG U+,봉서사,https://m.blog.naver.com/ffk1039/221633735995,완주 봉서사
D***0,비슬산,201907**,M,2,"학생 (초중고학생, 대학생, 대학원생)",400~499만원,아니오,          ,연립주택/ 다세대/ 빌라,전북,전주시 완산구,효자동1가,기타 (승합차/트럭/화물차/기타 차량 등),삼성,KT,비슬산,http://blog.daum.net/tourcodi/8129744,대구 달성군 관광 비슬산 암괴류 대견사 참꽃군락지 반딧불이 전기차 달성 여행
D***0,태종대,201907**,M,2,"학생 (초중고학생, 대학생, 대학원생)",400~499만원,아니오,          ,연립주택/ 다세대/ 빌라,전북,전주시 완산구,효자동1가,기타 (승합차/트럭/화물차/기타 차량 등),삼성,KT,비슬산,https://blog.naver.com/lovely_fat/221718153043,부산 해동용궁사와 태종대로 효도관광
D***5,망상,201907**,F,2,"사무직 (일반사무직, 공무원, 직업군인)",200~299만원,아니오,          ,아파트/ 주상복합,경남,창원시 성산구,상남동,,삼성,KT,망상,https://m.blog.naver.com/kkoshooo/221596336418,강원 동해 망상오토캠핑장
D***5,청량사,201907**,M,2,무직,200~299만원,아니오,          ,아파트/ 주상복합,경기,용인시 처인구,이동면,,애플,KT,청량사,https://m.blog.naver.com/iloveknp/221699419985,가야산국립공원남산제일봉 청량사 원점회귀 등산코스
D***3,초당,201907**,F,2,"사무직 (일반사무직, 공무원, 직업군인)",100~199만원,아니오,          ,연립주택/ 다세대/ 빌라,서울,관악구,신림동,,삼성,LG U+,초당,https://m.blog.naver.com/alicelkm/221568987442,190616 강릉 초당할머니순두부 수요미식회
D***6,팔봉산,201907**,F,4,무직,100~199만원,아니오,          ,단독주택,경기,하남시,덕풍2동,,LG,LG U+,팔봉산,https://m.blog.naver.com/cm0917/221711580256,191117 홍천 팔봉산 블랙야크100대명산 산림청100대명산 한국의산하인기100산
D***1,송계사,201907**,F,4,"주부 (전업주부, 파트타임 근무 주부)",400~499만원,예    ,자녀 있음 ,아파트/ 주상복합,충남,천안시 서북구,백석동,"준중형차 (아반떼, K3, 크루즈, 제타급 등)",삼성,SKT,송계사,https://m.blog.naver.com/kimyt9999/221674102000,덕유산 지봉 산행기경남거창 송계사계곡에서 지봉에 올라 횡경재를 거쳐 백암봉까지 달려보자
D***7,팔봉산,201907**,F,3,"주부 (전업주부, 파트타임 근무 주부)",400~499만원,예    ,자녀 있음 ,아파트/ 주상복합,경기,안양시 동안구,비산1동,"준중형차 (아반떼, K3, 크루즈, 제타급 등)",삼성,SKT,팔봉산,https://m.blog.naver.com/cm0917/221711580256,191117 홍천 팔봉산 블랙야크100대명산 산림청100대명산 한국의산하인기100산
D***3,태조산,201907**,F,5,"주부 (전업주부, 파트타임 근무 주부)",200~299만원,예    ,자녀 있음 ,아파트/ 주상복합,경기,용인시 기흥구,신갈동,,삼성,LG U+,태조산,https://m.blog.naver.com/ohs1443/221659948848,천안 태조산421m  흑성산519m
D***0,극락암,201907**,F,4,"서비스직 (요식업, 숙박업, 미용실종업원)",200~299만원,예    ,자녀 있음 ,아파트/ 주상복합,충남,천안시 서북구,쌍용동,"MPV (카니발, 올란도, 피카소급, 오딧세이 등)",삼성,SKT,극락암,https://m.blog.naver.com/greatsm2001/221711399361,통도사 극락암의 가을
D***5,애월국제문화복합단지,201907**,M,2,"학생 (초중고학생, 대학생, 대학원생)",100만원 미만,아니오,          ,단독주택,경기,고양시 덕양구,대자동,,LG,KT,계림사,https://blog.naver.com/bigfish3/221486552408,제주도 땅 투자애월 국제문화복합단지 진척상황
D***5,계림사,201907**,M,2,"학생 (초중고학생, 대학생, 대학원생)",100만원 미만,아니오,          ,단독주택,경기,고양시 덕양구,대자동,,LG,KT,계림사,https://m.blog.naver.com/pjk3108/221686032437,김천 동부리 마애지장보살좌상 계림사 석조나한좌상
D***6,무릉계곡,201907**,M,3,"사무직 (일반사무직, 공무원, 직업군인)",600~699만원,예    ,자녀 있음 ,연립주택/ 다세대/ 빌라,서울,은평구,응암동,"중형SUV (싼타페, 쏘렌토, 캡티바, BMW X3급 등)",삼성,SKT,무릉계곡,http://m.blog.daum.net/_blog/_m/articleView.do?blogid=0W7Ve&articleno=858,단풍따라 흐르는 가을여행 - 6. 무릉계곡 여행
D***1,백제가요정읍사,201907**,M,4,"전문직 (의사, 판검사, 예술가, 종교인)",300~399만원,예    ,자녀 없음 ,아파트/ 주상복합,서울,구로구,천왕동,"경차 (모닝, 스파크 등)",애플,SKT,백제가요정읍사,https://m.blog.naver.com/japansisa/221583141689,백제의 가요 정읍사 망한가로 새롭게 태어나다
D***4,마곡사,201907**,F,3,"사무직 (일반사무직, 공무원, 직업군인)",300~399만원,예    ,자녀 없음 ,아파트/ 주상복합,대구,달서구,이곡1동,,애플,KT,마곡사,https://m.blog.naver.com/usgreen99/221692318243,공주 가볼만한곳 마곡사 가을 모습은
D***1,사선대,201907**,M,3,기타 ,300~399만원,아니오,          ,연립주택/ 다세대/ 빌라,서울,광진구,자양4동,"준중형SUV (투싼, 스포티지, QM5, 티구안급 등)",애플,SKT,사선대,https://m.blog.naver.com/jbgokr/221566547422,선녀들도 반한 국민 관광지 임실 사선대  임실 나들이 명소
D***3,회상나루,201907**,F,4,"교직 (교사, 유치원교사, 학원강사)",400~499만원,아니오,          ,아파트/ 주상복합,경북,포항시 남구,해도동,,애플,KT,회상나루,https://m.blog.naver.com/easagol/221179750285,회상나루 객주촌
D***1,성류굴,201907**,M,3,"판매직 (상점점원, 보험설계사, 노점상)","1,000만원 이상",아니오,          ,연립주택/ 다세대/ 빌라,경기,안산시 단원구,선부3동,"중형차 (쏘나타, K5, 말리부, 골프급 등)",애플,LG U+,성류굴,https://m.blog.naver.com/hsakjo/221566664329,울진 금강소나무 숲길 트레킹울진 성류굴
D***9,대구면도요지,201907**,M,2,"관리직 (사장, 간부, 고위공무원)",200~299만원,아니오,          ,아파트/ 주상복합,충남,천안시 동남구,수신면,,,휴대전화 사용안함,대구면도요지,https://m.blog.naver.com/skku_skai/220852355231,강진 대구면 도요지 종합정비계획 학술연구용역
D***0,척산온천,201907**,M,4,"사무직 (일반사무직, 공무원, 직업군인)",600~699만원,예    ,자녀 있음 ,아파트/ 주상복합,서울,영등포구,영등포본동,"중형차 (쏘나타, K5, 말리부, 골프급 등)",LG,LG U+,척산온천,https://m.blog.naver.com/rnara/221478732030,속초 숙소 척산온천휴양촌
D***4,마한문화,201907**,M,3,"사무직 (일반사무직, 공무원, 직업군인)",300~399만원,예    ,자녀 없음 ,아파트/ 주상복합,서울,영등포구,대림3동,"소형차 (액센트, 프라이드, 아베오, 피아트급 등)",삼성,SKT,마한문화,https://m.blog.naver.com/pson30/221724282236,영암 마한문화공원 191125
D***1,진관사,201907**,F,2,"사무직 (일반사무직, 공무원, 직업군인)",200~299만원,아니오,          ,연립주택/ 다세대/ 빌라,인천,부평구,십정동,"준중형차 (아반떼, K3, 크루즈, 제타급 등)",삼성,KT,진관사,https://m.blog.naver.com/ka8564/221628007626,북한산 등산코스진관사 삼천사 원점코스
D***4,진도 대명리조트,201907**,F,3,"주부 (전업주부, 파트타임 근무 주부)",400~499만원,예    ,자녀 있음 ,아파트/ 주상복합,서울,중랑구,상봉1동,"준중형SUV (투싼, 스포티지, QM5, 티구안급 등)",삼성,LG U+,진도 대명리조트,https://bluebuskr.blog.me/221645530806,진도 여행 대명리조트 쏠비치 진도 후기
D***0,망상,201907**,F,4,"주부 (전업주부, 파트타임 근무 주부)",400~499만원,예    ,자녀 있음 ,아파트/ 주상복합,서울,강서구,등촌1동,,삼성,SKT,망상,https://m.blog.naver.com/kkoshooo/221596336418,강원 동해 망상오토캠핑장
D***4,복전암,201907**,M,3,"생산/노무직 (생산감독, 경비원, 공장근로자)",300~399만원,예    ,자녀 있음 ,아파트/ 주상복합,광주,북구,운암3동,"준중형차 (아반떼, K3, 크루즈, 제타급 등)",LG,LG U+,복전암,https://m.blog.naver.com/015sign/221552478539,토요산행   보문산
D***8,문장대온천,201907**,M,2,,,      ,          ,,,,,,,,문장대온천,http://m.blog.daum.net/_blog/_m/articleView.do?blogid=0F0kb&articleno=8780597,문장대온천개발 온천지구 지정 사실상 백지화 가능성 커
D***0,대천해수욕장,201907**,F,2,"자영업 (도소매업, 숙박업, 미용업)",500~599만원,아니오,          ,아파트/ 주상복합,충북,충주시,신니면,"중형차 (쏘나타, K5, 말리부, 골프급 등)",애플,LG U+,대천해수욕장,https://m.blog.naver.com/jblee27/221714733376,대천해수욕장 짚라인 타고 스카이라운지에서 커피한잔
D***8,횡성 드림마운틴,201907**,M,2,"학생 (초중고학생, 대학생, 대학원생)","1,000만원 이상",아니오,          ,아파트/ 주상복합,대구,북구,산격1동,,애플,SKT,횡성 드림마운틴,https://blog.naver.com/asj910520/221251985378,드림마운틴 횡성 드림마운틴은 무엇인가
D***0,성기동,201907**,M,5,"관리직 (사장, 간부, 고위공무원)",700~799만원,예    ,자녀 있음 ,아파트/ 주상복합,서울,영등포구,여의도동,"대형차 (제너시스, BMW5급 등)",삼성,SKT,성기동,https://m.blog.naver.com/cakemart/221202346421,영암 왕인박사 유적지   3 성기동 성천
D***9,돈내코,201907**,F,3,"주부 (전업주부, 파트타임 근무 주부)",600~699만원,예    ,자녀 없음 ,연립주택/ 다세대/ 빌라,서울,은평구,갈현1동,,삼성,KT,돈내코,https://m.blog.naver.com/sohyun1989/221684113927,제주 원앙폭포 신비함을 느끼고 싶다면 꼭 돈내코
D***7,구곡폭포,201907**,M,2,"자영업 (도소매업, 숙박업, 미용업)",100만원 미만,아니오,          ,연립주택/ 다세대/ 빌라,대구,동구,각산동,,애플,SKT,구곡폭포,https://blog.naver.com/jsl3335/221675894684,구곡 폭포 나들이
D***1,예천삼강,201907**,M,3,"판매직 (상점점원, 보험설계사, 노점상)",200~299만원,아니오,          ,연립주택/ 다세대/ 빌라,서울,강남구,논현동,,삼성,KT,예천삼강,https://m.post.naver.com/viewer/postView.nhn?volumeNo=25150266&memberNo=1275074&vType=VERTICAL,대구근교 가볼만하곳 더예천 삼강문화단지위기의 삼강주막 방탈출게임
D***7,마우나오션,201907**,F,5,"사무직 (일반사무직, 공무원, 직업군인)",600~699만원,예    ,자녀 있음 ,연립주택/ 다세대/ 빌라,서울,강북구,수유동,,애플,KT,마우나오션,https://blog.naver.com/soda7908/221712751372,LPGA가 열렸던 마우나오션cc로 가을골프 다녀왔어요
D***4,영산호쌀문화테마공원,201907**,M,2,"학생 (초중고학생, 대학생, 대학원생)",100~199만원,아니오,          ,아파트/ 주상복합,서울,구로구,천왕동,,애플,SKT,영산호쌀문화테마공원,https://m.blog.naver.com/ejp8702/221108032274,이천 농업테마공원 쌀문화전시관에서 쌀에 대해 배워봐요
D***3,벽계,201907**,F,4,"주부 (전업주부, 파트타임 근무 주부)",400~499만원,예    ,자녀 있음 ,아파트/ 주상복합,경남,김해시,장유면,"경차 (모닝, 스파크 등)",삼성,SKT,벽계,https://m.blog.naver.com/uiryeonginfo/221691105047,벽계야영장은 새단장 중
D***6,복전암,201907**,F,2,"학생 (초중고학생, 대학생, 대학원생)",400~499만원,아니오,          ,아파트/ 주상복합,부산,수영구,광안1동,,삼성,SKT,복전암,https://m.blog.naver.com/015sign/221552478539,토요산행   보문산
D***7,경천대,201907**,M,5,"사무직 (일반사무직, 공무원, 직업군인)",400~499만원,예    ,자녀 있음 ,단독주택,서울,동대문구,전농1동,"소형차 (액센트, 프라이드, 아베오, 피아트급 등)",삼성,KT,경천대,https://m.blog.naver.com/jiyouls/221227527304,상주 경천대마음이 열리는 이곳 경천대 국민관광지
D***9,예천삼강,201907**,M,2,"사무직 (일반사무직, 공무원, 직업군인)",700~799만원,아니오,          ,연립주택/ 다세대/ 빌라,서울,영등포구,도림동,,삼성,SKT,예천삼강,https://m.post.naver.com/viewer/postView.nhn?volumeNo=25150266&memberNo=1275074&vType=VERTICAL,대구근교 가볼만하곳 더예천 삼강문화단지위기의 삼강주막 방탈출게임
D***,표선,201908**,F,5,"주부 (전업주부, 파트타임 근무 주부)",300~399만원,예    ,자녀 있음 ,아파트/ 주상복합,서울,광진구,중곡1동,,LG,SKT,한탄강,https://n.news.naver.com/article/081/0003018659,실종 나흘째 숨진... :: 네이버 뉴스
D***,남당,201908**,F,5,"주부 (전업주부, 파트타임 근무 주부)",300~399만원,예    ,자녀 있음 ,아파트/ 주상복합,서울,광진구,중곡1동,,LG,SKT,한탄강,https://n.news.naver.com/article/032/0002954814,충남 당진에서 한... :: 네이버 뉴스
D***,한탄강,201908**,F,5,"주부 (전업주부, 파트타임 근무 주부)",300~399만원,예    ,자녀 있음 ,아파트/ 주상복합,서울,광진구,중곡1동,,LG,SKT,한탄강,https://m.blog.naver.com/sgl01/221343410799,"가성비 끝판왕 <연천 한탄강 물놀이터> 4,000원의 행복♡ : 네이버 블로그"
D***,장흥,201908**,F,5,"주부 (전업주부, 파트타임 근무 주부)",300~399만원,예    ,자녀 있음 ,아파트/ 주상복합,서울,광진구,중곡1동,,LG,SKT,한탄강,https://m.cafe.naver.com/PopularArticleRead.nhn?clubid=11306253&articleid=3313918,장흥 조각공원 다녀왔네요^^ : 네이버 카페
D***,한탄강,201908**,F,5,"주부 (전업주부, 파트타임 근무 주부)",300~399만원,예    ,자녀 있음 ,아파트/ 주상복합,서울,광진구,중곡1동,,LG,SKT,한탄강,https://m.blog.naver.com/iyc21net/221327840075,무료 물놀이터 연천 한탄강 캐릭터 공원 : 네이버 블로그
D***,한탄강,201908**,F,5,"주부 (전업주부, 파트타임 근무 주부)",300~399만원,예    ,자녀 있음 ,아파트/ 주상복합,서울,광진구,중곡1동,,LG,SKT,한탄강,https://m.cafe.naver.com/PopularArticleRead.nhn?clubid=11306253&articleid=3314127,한탄강 물놀이장 : 네이버 카페
D***,원주오크밸리,201908**,F,5,"주부 (전업주부, 파트타임 근무 주부)",300~399만원,예    ,자녀 있음 ,아파트/ 주상복합,서울,광진구,중곡1동,,LG,SKT,한탄강,https://m.blog.naver.com/jollynii1/221591393097,원주 오크밸리 카라반 태풍이와도 좋다 : 네이버 블로그
D***,원주오크밸리,201908**,F,5,"주부 (전업주부, 파트타임 근무 주부)",300~399만원,예    ,자녀 있음 ,아파트/ 주상복합,서울,광진구,중곡1동,,LG,SKT,한탄강,https://m.blog.naver.com/g_major/221596580574,"원주 오크밸리 카라반 캠핑장, 물놀이와 캠핑까지 즐겨요 : 네이버 블로그"
D***,상연대,201908**,M,5,"관리직 (사장, 간부, 고위공무원)",400~499만원,예    ,자녀 있음 ,아파트/ 주상복합,경북,구미시,봉곡동,"중형SUV (싼타페, 쏘렌토, 캡티바, BMW X3급 등)",삼성,SKT,상연대,https://news.v.daum.net/v/20190809152558855?f=m,日서 NO 아베 집회·자발적 소녀상 연대 움직임 잇따라 | 다음 뉴스
D***,김녕해수욕장,201908**,F,3,"전문직 (의사, 판검사, 예술가, 종교인)",400~499만원,예    ,자녀 있음 ,단독주택,부산,강서구,대저2동,"경차 (모닝, 스파크 등)",삼성,LG U+,서대사,https://m.search.naver.com/search.naver?query=%EC%A0%9C%EC%A3%BC%EB%8F%84+%EA%B9%80%EB%85%95%ED%95%B4%EC%88%98%EC%9A%95%EC%9E%A5+%EC%A1%B0%EA%B0%9C&sm=mtb_hty.top&where=m_view&oquery=%EC%A0%9C%EC%A3%BC%EB%8F%84+%EC%A1%B0%EA%B0%9C%EC%9E%A1%EC%9D%B4&tqi=URgDbsprv2NssgkbjRZssssssGl-198504,제주도 김녕해수욕장 조개 : 네이버 VIEW
D***,김녕해수욕장,201908**,F,3,"전문직 (의사, 판검사, 예술가, 종교인)",400~499만원,예    ,자녀 있음 ,단독주택,부산,강서구,대저2동,"경차 (모닝, 스파크 등)",삼성,LG U+,서대사,https://m.blog.naver.com/no_name_0/221341771813,다모리의 하루 : 목포에서 배 타고 제주도 가기 (feat.퀸 메리호) / 김녕해수욕장 / 조개캐기 연습 : 네이버 블로그
D***,제주용머리,201908**,F,3,"전문직 (의사, 판검사, 예술가, 종교인)",400~499만원,예    ,자녀 있음 ,단독주택,부산,강서구,대저2동,"경차 (모닝, 스파크 등)",삼성,LG U+,서대사,https://m.search.naver.com/search.naver?sm=mtp_sug.mbk&where=m&query=%EC%A0%9C%EC%A3%BC+%EC%9A%A9%EB%A8%B8%EB%A6%AC%ED%95%B4%EC%95%88&acq=%EC%9A%94%EB%A8%B8%EB%A6%AC&acr=0&qdt=0,제주 용머리해안 : 네이버 통합검색
D***,영지사,201908**,F,3,"전문직 (의사, 판검사, 예술가, 종교인)",400~499만원,예    ,자녀 있음 ,단독주택,부산,강서구,대저2동,"경차 (모닝, 스파크 등)",삼성,LG U+,서대사,https://m.blog.naver.com/yujiny43/221601901096,[8월 제주도 가볼만한곳] 제주도 스냅사진촬영지 사진놀이터에서 특별한 추억을! : 네이버 블로그
D***,서대사,201908**,F,3,"전문직 (의사, 판검사, 예술가, 종교인)",400~499만원,예    ,자녀 있음 ,단독주택,부산,강서구,대저2동,"경차 (모닝, 스파크 등)",삼성,LG U+,서대사,https://m.search.naver.com/search.naver?sm=mtp_hty.top&where=m&query=%EB%8F%99%EC%84%9C%EB%8C%80%EC%82%AC%ED%9A%8C%EA%B5%90%EC%9B%8D%EC%9B%90,동서대사회교웍원 : 네이버 통합검색
D***,서대사,201908**,F,3,"전문직 (의사, 판검사, 예술가, 종교인)",400~499만원,예    ,자녀 있음 ,단독주택,부산,강서구,대저2동,"경차 (모닝, 스파크 등)",삼성,LG U+,서대사,https://m.search.naver.com/search.naver?query=%EB%8F%99%EC%84%9C%EB%8C%80%EC%82%AC%ED%9A%8C%EA%B5%90%EC%9C%A1%EC%9B%90&sm=mtb_hty.top&where=m&oquery=%EB%8F%99%EC%84%9C%EB%8C%80%EC%82%AC%ED%9A%8C%EA%B5%90%EC%9B%8D%EC%9B%90&tqi=URWVKsp0JxlssnMS%2BI4ssssssYN-186623,동서대사회교육원 : 네이버 통합검색
D***,경주 보문,201908**,M,3,,,      ,          ,,경기,고양시 덕양구,원흥동,,,,경주 보문,https://blog.naver.com/asas0957/221701086136,경주 단풍 보문단지 산책 with 무지개
D***,수타사,201908**,M,2,,,      ,          ,,서울,양천구,신정3동,,,,수타사,https://m.blog.naver.com/sul_hwa/221684137467,홍천 은행나무숲과 수타사 강원도 가볼만한곳
D***,오토테마파크,201908**,M,5,,,      ,          ,,서울,강서구,염창동,,,,오토테마파크,https://m.blog.naver.com/python99/221517135324,야경이 멋있는 합천 휴테마파크 오토캠핑장
D***,능암온천,201908**,M,4,,,      ,          ,,경기,수원시 영통구,이의동,,,,능암온천,https://m.blog.naver.com/kr_chungju/221572663341,충주 가볼만 한 곳  능암온천랜드
D***,장흥,201908**,M,4,,,      ,          ,,서울,서초구,서초4동,,,,장흥,https://blog.naver.com/queen77577/221721828437,서울 근교 장흥 참숯가마 고구마 구워 먹고 놀기 좋아
D***,한탄강,201908**,F,2,,,      ,          ,,인천,남구,용현동,,,,한탄강,http://nanazip.com/221721990837,철원 카페  송대소 주상절리 한탄강을 배경으로 커피한잔에 빠져보는 모닝캄빌리지 펜션  카페
D***,삼장사,201908**,M,4,"사무직 (일반사무직, 공무원, 직업군인)",700~799만원,예    ,자녀 없음 ,단독주택,서울,동대문구,휘경1동,"대형SUV (베라크루즈, 모하비, 투아렉급 등)",삼성,LG U+,삼장사,https://m.cafe.naver.com/thebomsnap/398,20190516 성내동성당삼장사
D***,대천해수욕장,201908**,M,2,,,      ,          ,,경기,과천시,문원동,,,,대천해수욕장,https://m.blog.naver.com/jblee27/221714733376,대천해수욕장 짚라인 타고 스카이라운지에서 커피한잔
D***,마금산온천,201908**,M,4,,,      ,          ,,서울,영등포구,신길5동,,,,마금산온천,https://m.blog.naver.com/peanut_s_/221707257988,창원북면 마금산온천호텔 창원 온천 호텔 추천 리앤호텔  풀빌라 318호 후기
D***,신정호,201908**,F,4,,,      ,          ,,서울,성북구,길음2동,,,,신정호,https://m.blog.naver.com/jsn920/221550735561,아산여행신정호 호수공원 전망좋은카페산책 아산 가볼만한곳
D***,고석정,201908**,M,5,"교직 (교사, 유치원교사, 학원강사)",400~499만원,예    ,자녀 있음 ,아파트/ 주상복합,인천,서구,연희동,"중형차 (쏘나타, K5, 말리부, 골프급 등)",삼성,알뜰폰(MVNO),고석정,https://m.blog.naver.com/mmm7962/221711870969,철원 여행 고석정 정취를 취하다
D***,증평 에듀팜 특구,201908**,F,5,"주부 (전업주부, 파트타임 근무 주부)",300~399만원,예    ,자녀 있음 ,아파트/ 주상복합,인천,부평구,삼산1동,,LG,LG U+,증평 에듀팜 특구,https://blog.naver.com/wwwjpgokr/221592218844,SNS기자단 기고 해외 관광객도 즐길 충북의 명소 증평 에듀팜 관광특구
D***,미천굴,201908**,M,4,,,      ,          ,,경남,양산시,평산동,,,,미천굴,https://m.blog.naver.com/xodiddldkqk/221706364651,제주 일출랜드 그리고 미천굴
D***,내설악 용대,201908**,M,4,,,      ,          ,,경기,안양시 만안구,박달2동,,,,내설악 용대,https://m.blog.naver.com/hoilsanta/221548303837,Jule105 봉정암  강원 인제 용대 내설악11530 월 맑음
D***,삽교호,201908**,M,3,,,      ,          ,,경기,수원시 영통구,하동,,,,삽교호,https://m.blog.naver.com/yongju320/221645978745,당진 삽교호 한 바퀴
D***,송계사,201908**,F,2,"학생 (초중고학생, 대학생, 대학원생)",500~599만원,아니오,          ,단독주택,경기,부천시 원미구,상동,,삼성,SKT,송계사,https://m.blog.naver.com/kimyt9999/221674102000,덕유산 지봉 산행기경남거창 송계사계곡에서 지봉에 올라 횡경재를 거쳐 백암봉까지 달려보자
D***,영국사,201908**,M,5,,,      ,          ,,전북,전주시 완산구,효자동2가,,,,영국사,https://m.blog.naver.com/youliyan/221628365158,충북 영동 가볼만한곳 천태산 영국사
D***,봉서사,201908**,F,3,,,      ,          ,,충북,청주시 흥덕구,봉명2동,,,,봉서사,https://m.blog.naver.com/ffk1039/221633735995,완주 봉서사
D***,제주헬스케어타운,201908**,F,4,"관리직 (사장, 간부, 고위공무원)",200~299만원,아니오,          ,아파트/ 주상복합,경남,양산시,물금읍,"경차 (모닝, 스파크 등)",애플,SKT,제주헬스케어타운,https://blog.naver.com/solguji/221651290398,추석제주여행  헬스케어타운리조트  한림칼국수  카페라이슬라
D***,신지명사십리,201908**,M,2,,,      ,          ,,대전,서구,변동,,,,신지명사십리,https://m.blog.naver.com/kurum_be/221503580309,여로4  완도 신지명사십리해수욕장  20190325
D***,진관사,201908**,M,3,,,      ,          ,,경기,수원시 장안구,파장동,,,,진관사,https://m.blog.naver.com/ka8564/221628007626,북한산 등산코스진관사 삼천사 원점코스
D***,일락사,201908**,F,2,,,      ,          ,,경기,용인시 기흥구,공세동,,,,일락사,https://m.blog.naver.com/dado8396/221541480589,일락사개심사서산농장용현계곡퉁퉁고개
D***,영주순흥,201908**,M,2,,,      ,          ,,서울,동작구,상도4동,,,,영주순흥,https://m.blog.naver.com/63ksyun/221719604248,풍기 온천 후 영주 순흥 선비촌 다녀왔습니다
D***,내장산리조트,201908**,M,3,,,      ,          ,,경기,고양시 덕양구,삼송동,,,,내장산리조트,https://m.blog.naver.com/beet38/221710851873,정읍시 내장산리조트 최대규모 민자유치
D***,원주 루첸,201908**,F,2,,,      ,          ,,서울,성동구,성수동2가,,,,원주 루첸,https://blog.naver.com/shim7803/220897494183,20161226원주투데이플라워푸르트월드 관광단지 본궤도루첸관광단지 사업내용 변경해 내년말 지정
D***,청학사,201908**,F,2,,,      ,          ,,서울,성북구,상월곡동,,,,청학사,https://m.blog.naver.com/yeonsulife/221652152813,SNS 서포터즈 연수구 사찰 여행 호불사와 청학사 가을 산책
D***,금강호,201908**,M,2,,,      ,          ,,경북,영주시,휴천3동,,,,금강호,https://m.blog.naver.com/sumi0ju/221704482211,오천항 금강낚시 금강호 쭈꾸미 갑오징어 출조 조황 쭈갑 선상낚시 20191109
D***,거제 남부,201908**,M,2,,,      ,          ,,경남,진주시,신안동,,,,거제 남부,https://blog.naver.com/rowon98/221488555544,거제 남부 해변길 걷기함목다대다포천장산여차여차홍포전망대홍포대포근포근포마을명사저구항
D***,청평사,201908**,M,3,,,      ,          ,,충북,청주시 흥덕구,사직2동,,,,청평사,https://blog.naver.com/dlduddms3469/221681611478,춘천 단풍구경하며 산책겸 등산코스 청평사가는길
D***,금강호,201908**,F,4,"주부 (전업주부, 파트타임 근무 주부)",100만원 미만,예    ,자녀 있음 ,아파트/ 주상복합,경북,의성군,의성읍,,삼성,LG U+,금강호,https://m.blog.naver.com/sumi0ju/221704482211,오천항 금강낚시 금강호 쭈꾸미 갑오징어 출조 조황 쭈갑 선상낚시 20191109
D***,장호,201908**,M,2,"자영업 (도소매업, 숙박업, 미용업)",100만원 미만,아니오,          ,연립주택/ 다세대/ 빌라,경북,안동시,용상동,,삼성,LG U+,장호,https://m.blog.naver.com/qsaxzd/221623300383,장호비치캠핑장 삼척여행
D***,율포해수욕장,201908**,F,3,"사무직 (일반사무직, 공무원, 직업군인)",400~499만원,예    ,자녀 있음 ,아파트/ 주상복합,서울,금천구,시흥2동,,애플,SKT,율포해수욕장,https://m.blog.naver.com/day31479/221486986413,전라도1박2일여행여수낭만포차 율포해수욕장 광한루원
D***,남원 드래곤,201908**,M,2,,,      ,          ,,서울,양천구,목2동,,,,남원 드래곤,https://moonjung2114.blog.me/221639249397,전라도 골프 드래곤레이크cc 2박3일 남원 골프라운드 후기
D***,웰리힐리파크,201908**,M,3,,,      ,          ,,충남,천안시 서북구,불당동,,,,웰리힐리파크,https://blog.naver.com/missjoon/221716441790,웰리힐리파크 리프트권 및 록키스키 알파인 스키강습
D***,해남사,201908**,M,4,기타 ,300~399만원,예    ,자녀 있음 ,아파트/ 주상복합,경기,양주시,덕정동,"준중형SUV (투싼, 스포티지, QM5, 티구안급 등)",삼성,SKT,해남사,https://m.blog.naver.com/lyhlsrn/221626646930,해남사 양대응 스님
D***7,제주 중문,201908**,M,5,,,      ,          ,,강원,강릉시,교1동,,,,제주 중문,https://blog.naver.com/artless1004/221708894020,행복했던 밥상 제주 중문 맛집
D***8,한탄강,201908**,M,2,"사무직 (일반사무직, 공무원, 직업군인)",300~399만원,아니오,          ,아파트/ 주상복합,경기,고양시 덕양구,행신1동,,삼성,알뜰폰(MVNO),한탄강,http://nanazip.com/221721990837,철원 카페  송대소 주상절리 한탄강을 배경으로 커피한잔에 빠져보는 모닝캄빌리지 펜션  카페
D***7,왕궁보석테마,201908**,M,3,,,      ,          ,,충남,천안시 서북구,성거읍,,,,왕궁보석테마,https://m.blog.naver.com/hiksanin/221692718933,익산왕궁보석테마관광지 상설공연  체험프로그램
D***1,미탄마하생태,201908**,M,2,"학생 (초중고학생, 대학생, 대학원생)",100만원 미만,아니오,          ,오피스텔,경기,평택시,안중읍,,LG,SKT,미탄마하생태,https://m.blog.naver.com/leeewon47/221479158841,대한민국 대표 관광지 강원도 강원도 관광지 현황은
D***4,성류굴,201908**,M,3,,,      ,          ,,경기,고양시 일산서구,탄현동,,,,성류굴,https://m.blog.naver.com/hsakjo/221566664329,울진 금강소나무 숲길 트레킹울진 성류굴
D***0,추암,201908**,M,2,,,      ,          ,,충남,서천군,서면,,,,추암,http://m.blog.daum.net/_blog/_m/articleView.do?blogid=0bogl&articleno=936,해파랑길 트레킹 제32코스 한재밑 추암
D***0,주왕산,201908**,M,3,,,      ,          ,,충북,제천시,명동,,,,주왕산,https://m.blog.naver.com/iloveknp/221708366122,주왕산 국립공원 만추의 주왕산 탐방
D***4,다덕약수,201908**,M,5,,,      ,          ,,서울,강동구,천호3동,,,,다덕약수,https://m.blog.naver.com/soda8219/221603152068,봉화 약수식당  다덕약수 로 만든 토종닭백숙
D***1,능암온천,201908**,M,5,,,      ,          ,,인천,남동구,만수6동,,,,능암온천,https://m.blog.naver.com/kr_chungju/221572663341,충주 가볼만 한 곳  능암온천랜드
D***3,곽지,201908**,M,2,,,      ,          ,,경기,성남시 중원구,은행1동,,,,곽지,https://m.blog.naver.com/wnhjeju/221718304122,제주여행 곽지해변에서 한담공원 멋진뷰
D***2,팜파스종합휴양,201908**,F,2,,,      ,          ,,전북,전주시 덕진구,우아동2가,,,,팜파스종합휴양,https://blog.naver.com/hriver21/221092893072,팜파스종합휴양관광단지
D***4,흥룡사,201908**,M,3,,,      ,          ,,대구,수성구,지산1동,,,,흥룡사,https://m.blog.naver.com/ddungddy9073/221281506814,포천여행 백운산 자락에 있는 흑룡사
D***5,여수 첼린지 파크,201908**,M,4,"사무직 (일반사무직, 공무원, 직업군인)",400~499만원,아니오,          ,아파트/ 주상복합,경기,광명시,소하1동,"준중형차 (아반떼, K3, 크루즈, 제타급 등)",LG,LG U+,여수 첼린지 파크,https://blog.naver.com/okine2086/221595075033,여수 유월드 루지 테마파크 핫플 인정 100만표
D***0,덕산온천,201908**,M,2,"서비스직 (요식업, 숙박업, 미용실종업원)",400~499만원,아니오,          ,아파트/ 주상복합,경기,용인시 기흥구,상하동,"준대형차 (그랜저, K7, 알페온, 캠리급, 파사트급 등)",삼성,SKT,덕산온천,https://m.blog.naver.com/oksusu90/221670136981,짧은 나들이 덕산온천여행 선물처럼 만난 코스모스
D***4,백암온천,201908**,M,5,"사무직 (일반사무직, 공무원, 직업군인)",400~499만원,예    ,자녀 있음 ,아파트/ 주상복합,충북,청주시 흥덕구,분평동,"소형차 (액센트, 프라이드, 아베오, 피아트급 등)",삼성,SKT,백암온천,https://m.blog.naver.com/hyechon49/221711918222,백암온천 백암LG생활연수원 숙소에서  백암산 백암폭포가는 길 백암폭포 백암온천
D***9,개암사,201908**,F,3,,,      ,          ,,인천,연수구,동춘3동,,,,개암사,https://m.blog.naver.com/wona0317/221560541021,부안 개암사 그리고 개암제 나들이
D***4,구병산,201908**,M,3,"사무직 (일반사무직, 공무원, 직업군인)",300~399만원,예    ,자녀 있음 ,아파트/ 주상복합,경기,김포시,운양동,"중형SUV (싼타페, 쏘렌토, 캡티바, BMW X3급 등)",삼성,SKT,구병산,https://m.blog.naver.com/osgsb/221692903882,충북 보은 충북알프스의 시작점 아홉봉우리의 구병산
D***8,흥룡사,201908**,F,4,,,      ,          ,,서울,강서구,등촌동,,,,흥룡사,https://m.blog.naver.com/ddungddy9073/221281506814,포천여행 백운산 자락에 있는 흑룡사
D***5,부곡온천,201908**,F,5,"전문직 (의사, 판검사, 예술가, 종교인)",400~499만원,예    ,자녀 있음 ,아파트/ 주상복합,경기,용인시 기흥구,상하동,"준중형SUV (투싼, 스포티지, QM5, 티구안급 등)",삼성,KT,부곡온천,https://m.blog.naver.com/cngblog/221721865027,하반기 HOT 생생 부곡온천 라이브공연 12회차
D***9,해남사,201908**,F,2,,,      ,          ,,광주,동구,산수2동,,,,해남사,https://m.blog.naver.com/lyhlsrn/221626646930,해남사 양대응 스님
D***0,미탄마하생태,201908**,F,3,"서비스직 (요식업, 숙박업, 미용실종업원)",400~499만원,아니오,          ,아파트/ 주상복합,울산,남구,야음동,,삼성,KT,미탄마하생태,https://m.blog.naver.com/leeewon47/221479158841,대한민국 대표 관광지 강원도 강원도 관광지 현황은
D***4,오토테마파크,201908**,F,2,"학생 (초중고학생, 대학생, 대학원생)",100만원 미만,아니오,          ,아파트/ 주상복합,서울,양천구,신정2동,,삼성,KT,오토테마파크,https://m.blog.naver.com/python99/221517135324,야경이 멋있는 합천 휴테마파크 오토캠핑장
D***6,홍길동테마파크,201908**,M,4,,,      ,          ,,경북,경주시,충효동,"중형차 (쏘나타, K5, 말리부, 골프급 등)",,,홍길동테마파크,https://m.blog.naver.com/hhs653409/221664061938,장성 홍길동 테마파크 반가운 지인들과의 카라반 캠핑
D***1,안성 죽산,201908**,M,3,,,      ,          ,,충북,충주시,용산동,,삼성,SKT,안성 죽산,https://blog.naver.com/pcn1970/221720348259,2019 안성 죽산 문화재 야행 이야기
D***6,당항포,201908**,M,2,"학생 (초중고학생, 대학생, 대학원생)",100~199만원,아니오,          ,연립주택/ 다세대/ 빌라,서울,관악구,신림동,,삼성,KT,당항포,https://m.blog.naver.com/turpu/221690928126,경남 고성 가볼만한곳 공룡엑스포가 펼쳐지는 당항포 관광단지
D***3,선바위,201908**,M,2,,,      ,          ,,경기,용인시 수지구,상현동,,,,선바위,https://m.blog.naver.com/7750khj/221702772489,합천 작은가야산  수리봉소바우듬선바위
D***1,어답산,201908**,M,2,"학생 (초중고학생, 대학생, 대학원생)",100만원 미만,아니오,          ,아파트/ 주상복합,경남,거제시,연초면,,삼성,KT,어답산,https://m.blog.naver.com/iiijjjiiijjj/221600282946,20190728일 횡성 어답산횡성온천선바위장송어답산 장군봉병지방계곡
D***1,제천온천,201908**,M,5,기타 ,600~699만원,예    ,자녀 있음 ,아파트/ 주상복합,경기,김포시,감정동,"소형차 (액센트, 프라이드, 아베오, 피아트급 등)",삼성,SKT,제천온천,https://m.blog.naver.com/easeclub1/221720676545,충북 가볼만한곳 제천 리솜포레스트 온천여행과 자드락길
D***2,신륵사,201908**,M,4,"판매직 (상점점원, 보험설계사, 노점상)",200~299만원,아니오,          ,연립주택/ 다세대/ 빌라,대구,동구,신서동,"중형차 (쏘나타, K5, 말리부, 골프급 등)",삼성,SKT,신륵사,https://jbm993.blog.me/221521860991,여주 가볼만한곳 색색의 연등이 예쁜 신륵사
D***3,천안종합휴향,201908**,F,4,"전문직 (의사, 판검사, 예술가, 종교인)",100~199만원,예    ,자녀 있음 ,연립주택/ 다세대/ 빌라,강원,강릉시,포남1동,"경차 (모닝, 스파크 등)",LG,LG U+,천안종합휴향,https://m.cafe.naver.com/sejongpedal/3371,세종싸이클로드
D***7,한국차소리문화공원,201908**,M,4,,,      ,          ,,대구,중구,남산4동,기타 (승합차/트럭/화물차/기타 차량 등),,,한국차소리문화공원,https://m.blog.naver.com/peri26100/220924962670,보성여행 보성차밭빛축제  한국차소리문화공원
D***3,왜목마을,201908**,M,2,"판매직 (상점점원, 보험설계사, 노점상)",200~299만원,아니오,          ,단독주택,서울,구로구,구로3동,,LG,SKT,왜목마을,https://m.blog.naver.com/rrhcdldi/221709687950,당진당일치기 3 왜목마을 해수욕장 산책 잠깐 들리기 좋은 코스
D***0,협재해안,201908**,M,3,,,      ,          ,,서울,강북구,송천동,,,,협재해안,https://m.blog.naver.com/yhm529/221657268440,나혼자산다수요미식회 맛집 제주 협재해안 수우동
D***6,청도온천,201908**,M,4,,,      ,          ,,서울,마포구,신수동,,,,청도온천,https://m.cafe.naver.com/daegumam2003/187255,청도 온천갑니다용
D***4,아리랑마을,201908**,M,2,,,      ,          ,,제주,제주시,용담2동,,,,아리랑마을,https://m.blog.naver.com/greenjeonnam/221496932441,국악의 고장 전라남도 진도  국립남도국악원 아리랑 마을
D***3,춘장대해수욕장,201908**,F,5,"주부 (전업주부, 파트타임 근무 주부)",400~499만원,예    ,자녀 있음 ,아파트/ 주상복합,서울,동대문구,전농동,,삼성,LG U+,춘장대해수욕장,https://m.blog.naver.com/ka8564/221667927409,춘장대 해수욕장과 홍원항 쭈꾸미낚시 풍경
D***8,구곡폭포,201908**,M,3,"사무직 (일반사무직, 공무원, 직업군인)",400~499만원,예    ,자녀 있음 ,아파트/ 주상복합,전남,화순군,화순읍,"준중형차 (아반떼, K3, 크루즈, 제타급 등)",삼성,SKT,구곡폭포,https://blog.naver.com/jsl3335/221675894684,구곡 폭포 나들이
D***8,혜국사,201908**,F,3,"교직 (교사, 유치원교사, 학원강사)",300~399만원,예    ,자녀 있음 ,아파트/ 주상복합,서울,노원구,상계8동,,삼성,KT,혜국사,https://m.blog.naver.com/lbs2/221717145682,문경 주흘산 등산코스 제1관문여궁폭포혜국사주봉 원점회귀 산행
D***0,봉개휴양림,201908**,M,3,,,      ,          ,,경남,창녕군,창녕읍,,,,봉개휴양림,https://m.blog.naver.com/slow_m00n/221700410084,제주교래자연휴양림 큰지그리오름 봉개음식물처리장 냄새 최악
D***6,장사해수욕장,201908**,F,5,,,      ,          ,,경북,경산시,중방동,,,,장사해수욕장,https://m.blog.naver.com/baroseog/221707787194,영덕 장사해수욕장 장사상륙작전 전승기념관 구경
D***0,맹방,201908**,M,4,"사무직 (일반사무직, 공무원, 직업군인)",500~599만원,예    ,자녀 있음 ,아파트/ 주상복합,서울,은평구,불광1동,"준중형차 (아반떼, K3, 크루즈, 제타급 등)",삼성,KT,맹방,https://m.blog.naver.com/brad42/221596457277,강원도 삼척 맹방해수욕장 당일치기 여행
D***2,영국사,201908**,M,4,기타 ,200~299만원,예    ,자녀 있음 ,아파트/ 주상복합,경기,시흥시,하상동,기타 (승합차/트럭/화물차/기타 차량 등),삼성,LG U+,영국사,https://m.blog.naver.com/youliyan/221628365158,충북 영동 가볼만한곳 천태산 영국사
D***9,문수사,201908**,F,2,,,      ,          ,,서울,동대문구,이문1동,,,,문수사,http://m.blog.daum.net/_blog/_m/articleView.do?blogid=0qXA2&articleno=504,고창 청량산 문수사
D***3,회산연꽃방죽,201908**,F,4,"주부 (전업주부, 파트타임 근무 주부)",300~399만원,예    ,자녀 있음 ,연립주택/ 다세대/ 빌라,서울,도봉구,방학2동,"준대형차 (그랜저, K7, 알페온, 캠리급, 파사트급 등)",삼성,SKT,회산연꽃방죽,https://m.blog.naver.com/yunm2530/221565757481,일로읍 회산연꽃방죽이야기회산백련지연꽃나들이목포꽃집목포꽃배달 남악꽃배달 일로꽃배달무안꽃배달
D***8,백운계곡,201908**,F,4,"서비스직 (요식업, 숙박업, 미용실종업원)",300~399만원,예    ,자녀 있음 ,연립주택/ 다세대/ 빌라,대전,중구,선화동,,삼성,KT,백운계곡,https://blog.naver.com/wnsghdudwls/221637010727,포천 백운계곡
D***5,곽지,201908**,F,3,,,      ,          ,,경기,화성시,능동,,,,곽지,https://m.blog.naver.com/wnhjeju/221718304122,제주여행 곽지해변에서 한담공원 멋진뷰
D***3,백제가요정읍사,201908**,M,3,"교직 (교사, 유치원교사, 학원강사)",100만원 미만,아니오,          ,단독주택,경남,거제시,거제면,"경차 (모닝, 스파크 등)",LG,LG U+,백제가요정읍사,https://m.blog.naver.com/japansisa/221583141689,백제의 가요 정읍사 망한가로 새롭게 태어나다
D***7,부곡온천,201908**,M,3,"사무직 (일반사무직, 공무원, 직업군인)",200~299만원,예    ,자녀 있음 ,아파트/ 주상복합,경기,화성시,동탄면,"준중형SUV (투싼, 스포티지, QM5, 티구안급 등)",삼성,SKT,부곡온천,https://m.blog.naver.com/cngblog/221721865027,하반기 HOT 생생 부곡온천 라이브공연 12회차
D***7,흥룡사,201908**,F,2,무직,"1,000만원 이상",아니오,          ,오피스텔,전남,목포시,상동,,LG,SKT,흥룡사,https://m.blog.naver.com/ddungddy9073/221281506814,포천여행 백운산 자락에 있는 흑룡사
D***8,운주사,201908**,M,4,"전문직 (의사, 판검사, 예술가, 종교인)",200~299만원,예    ,자녀 있음 ,아파트/ 주상복합,부산,부산진구,전포1동,"준중형차 (아반떼, K3, 크루즈, 제타급 등)",삼성,LG U+,운주사,https://m.blog.naver.com/sanbada2004/221635346744,화순 운주사
D***9,용호씨사이드,201908**,F,3,"교직 (교사, 유치원교사, 학원강사)",500~599만원,예    ,자녀 없음 ,아파트/ 주상복합,경기,수원시 권선구,권선동,,LG,SKT,용호씨사이드,http://www.kookje.co.kr/news2011/asp/newsbody.asp?code=0200&key=20171123.22001010675,부산 용호동 씨사이드 분쟁 부산시 관광지 취소 경고
D***2,용문산,201908**,M,5,"자영업 (도소매업, 숙박업, 미용업)",400~499만원,예    ,자녀 있음 ,아파트/ 주상복합,경기,오산시,원동,"준중형SUV (투싼, 스포티지, QM5, 티구안급 등)",삼성,SKT,용문산,https://kaisr2.blog.me/221624459312,양평 용문산 관광단지와 용문사 은행나무
D***3,북고사,201908**,M,2,기타 ,300~399만원,아니오,          ,아파트/ 주상복합,서울,금천구,독산1동,"소형차 (액센트, 프라이드, 아베오, 피아트급 등)",애플,KT,북고사,https://m.blog.naver.com/meer1/221709753267,늦가을 무주의 북고사 성지순례
D***0,백제가요정읍사,201908**,F,3,"서비스직 (요식업, 숙박업, 미용실종업원)",400~499만원,아니오,          ,연립주택/ 다세대/ 빌라,서울,양천구,신정4동,,애플,LG U+,백제가요정읍사,https://m.blog.naver.com/japansisa/221583141689,백제의 가요 정읍사 망한가로 새롭게 태어나다
D***9,대승사,201908**,F,4,"교직 (교사, 유치원교사, 학원강사)",300~399만원,예    ,자녀 없음 ,연립주택/ 다세대/ 빌라,경기,수원시 장안구,영화동,"준중형SUV (투싼, 스포티지, QM5, 티구안급 등)",삼성,SKT,대승사,https://m.blog.naver.com/5490ljy/221703776913,문경 사불산 대승사
D***1,농월정,201908**,F,4,기타 ,200~299만원,아니오,          ,연립주택/ 다세대/ 빌라,서울,강서구,화곡6동,,삼성,SKT,농월정,https://m.blog.naver.com/roadmoog/221568172575,함양 남계서원 농월정 일두고택
D***5,예안현,201908**,M,2,무직,400~499만원,아니오,          ,아파트/ 주상복합,전남,순천시,연향동,,삼성,SKT,예안현,https://m.blog.naver.com/misulmun49/221513555388,조식 유두류산록 이황
D***1,정남진우산도,201908**,M,5,"기능직 (자동차정비, 운전기사, 안경사, 택시기사)",500~599만원,예    ,자녀 있음 ,아파트/ 주상복합,,,,"중형차 (쏘나타, K5, 말리부, 골프급 등)",,,정남진우산도,https://m.blog.naver.com/hankookceo/220778906265,정남진 장흥 물 축제 여행 정남진 전망대 위대한 영웅 안중근을 만나다
D***6,부곡온천,201908**,F,5,기타 ,500~599만원,아니오,          ,아파트/ 주상복합,서울,서초구,우면동,"중형차 (쏘나타, K5, 말리부, 골프급 등)",기타,알뜰폰(MVNO),부곡온천,https://m.blog.naver.com/cngblog/221721865027,하반기 HOT 생생 부곡온천 라이브공연 12회차
D***0,보덕사 ,201908**,M,2,무직,100만원 미만,아니오,          ,연립주택/ 다세대/ 빌라,경기,안산시 상록구,본오동,,애플,LG U+,보덕사 ,http://m.blog.daum.net/_blog/_m/articleView.do?blogid=03bMR&articleno=15961077,보덕사 예산
D***9,곡성도림사,201908**,M,5,"사무직 (일반사무직, 공무원, 직업군인)",600~699만원,예    ,자녀 있음 ,아파트/ 주상복합,경북,안동시,송현동,"준중형차 (아반떼, K3, 크루즈, 제타급 등)",삼성,SKT,곡성도림사,https://m.blog.naver.com/aboutclaire/221562777372,곡성 여행 도림사 카페 씨엘로
D***1,설악한화리조트,201908**,M,2,"생산/노무직 (생산감독, 경비원, 공장근로자)",200~299만원,아니오,          ,연립주택/ 다세대/ 빌라,경기,안산시 단원구,고잔1동,"경차 (모닝, 스파크 등)",애플,SKT,설악한화리조트,https://blog.naver.com/nayanahanmi/221582702954,강원도 속초여행 물놀이 먹거리 놀거리 가능한 설악 한화리조트
D***8,강원오색,201908**,F,5,"전문직 (의사, 판검사, 예술가, 종교인)",400~499만원,예    ,자녀 있음 ,연립주택/ 다세대/ 빌라,경기,하남시,신장2동,"MPV (카니발, 올란도, 피카소급, 오딧세이 등)",LG,KT,강원오색,https://m.blog.naver.com/nhk9933/221627655775,강원 설악산 오색약수근처 오색휴펜션 오색약수 계곡 초대받아 힐링하고 왔어요
D***9,변산해수욕장,201908**,M,2,"학생 (초중고학생, 대학생, 대학원생)",500~599만원,아니오,          ,아파트/ 주상복합,대구,동구,신천3동,"준중형SUV (투싼, 스포티지, QM5, 티구안급 등)",애플,KT,변산해수욕장,https://m.blog.naver.com/soolok791/221651245712,변산 해수욕장 스타렉스 캠핑카 타고 여행  갯벌체험으로 조개를 캤어요
D***2,고령부례,201908**,F,2,"학생 (초중고학생, 대학생, 대학원생)",600~699만원,아니오,          ,아파트/ 주상복합,경기,고양시 덕양구,고양동,"소형SUV/CUV (티볼리, QM3 등)",애플,KT,고령부례,https://m.blog.naver.com/gusdnr0409/221296355711,고령부례관광지 카라반  대구근교카라반
D***8,금강호,201908**,M,4,"관리직 (사장, 간부, 고위공무원)",600~699만원,예    ,자녀 있음 ,연립주택/ 다세대/ 빌라,인천,서구,마전동,"준중형차 (아반떼, K3, 크루즈, 제타급 등)",삼성,KT,금강호,https://m.blog.naver.com/sumi0ju/221704482211,오천항 금강낚시 금강호 쭈꾸미 갑오징어 출조 조황 쭈갑 선상낚시 20191109
D***3,영월온천,201908**,F,2,"학생 (초중고학생, 대학생, 대학원생)",400~499만원,아니오,          ,아파트/ 주상복합,서울,구로구,고척1동,,LG,SKT,영월온천,https://m.blog.naver.com/sonjungwook22/221664214543,201707387001 영월군 영월읍 심옥리 영월온천
D***3,초당,201908**,F,2,"학생 (초중고학생, 대학생, 대학원생)",400~499만원,아니오,          ,아파트/ 주상복합,서울,구로구,고척1동,,LG,SKT,영월온천,https://m.blog.naver.com/alicelkm/221568987442,190616 강릉 초당할머니순두부 수요미식회
D***6,우수영,201908**,M,4,"생산/노무직 (생산감독, 경비원, 공장근로자)",300~399만원,아니오,          ,연립주택/ 다세대/ 빌라,부산,사하구,괴정2동,"MPV (카니발, 올란도, 피카소급, 오딧세이 등)",삼성,SKT,우수영,https://m.blog.naver.com/hp0210/221703457436,전라도 가볼만한곳 진도타워  우수영국민관광지 명량대첩기념관
D***1,강원호반,201908**,F,2,"주부 (전업주부, 파트타임 근무 주부)",100~199만원,아니오,          ,연립주택/ 다세대/ 빌라,충북,청주시 흥덕구,복대1동,,애플,LG U+,강원호반,http://blog.daum.net/yacho2011/2888,좋은 터 길라잡이(풍수문의 풍수강의)
D***9,연등사,201908**,F,2,"서비스직 (요식업, 숙박업, 미용실종업원)",200~299만원,아니오,          ,오피스텔,충북,청주시 흥덕구,복대1동,,애플,SKT,연등사,https://m.blog.naver.com/buddhafind/221475602259,연등사경북 봉화군 석포면
D***0,회상나루,201908**,M,3,"기능직 (자동차정비, 운전기사, 안경사, 택시기사)",400~499만원,예    ,자녀 있음 ,아파트/ 주상복합,부산,기장군,정관면,"준중형SUV (투싼, 스포티지, QM5, 티구안급 등)",삼성,KT,회상나루,https://m.blog.naver.com/easagol/221179750285,회상나루 객주촌
D***4,궁평,201908**,M,2,"학생 (초중고학생, 대학생, 대학원생)",700~799만원,아니오,          ,연립주택/ 다세대/ 빌라,서울,서대문구,연희동,"준중형차 (아반떼, K3, 크루즈, 제타급 등)",애플,SKT,궁평,http://blog.daum.net/seohwi/277,궁평의 마을
D***1,석정온천,201908**,M,4,"판매직 (상점점원, 보험설계사, 노점상)",400~499만원,예    ,자녀 있음 ,아파트/ 주상복합,인천,서구,왕길동,"준중형SUV (투싼, 스포티지, QM5, 티구안급 등)",삼성,SKT,석정온천,https://m.blog.naver.com/vnqk10/221716226470,고창 힐링카운티 석정온천휴스파
D***2,신정호,201908**,M,2,"학생 (초중고학생, 대학생, 대학원생)",400~499만원,아니오,          ,연립주택/ 다세대/ 빌라,제주,제주시,연동,,삼성,KT,신정호,https://m.blog.naver.com/jsn920/221550735561,아산여행신정호 호수공원 전망좋은카페산책 아산 가볼만한곳
D***6,신륵사,201908**,F,2,,,      ,          ,,인천,남구,주안8동,,애플,SKT,신륵사,https://jbm993.blog.me/221521860991,여주 가볼만한곳 색색의 연등이 예쁜 신륵사
D***7,구문소,201908**,M,2,"자영업 (도소매업, 숙박업, 미용업)",100~199만원,아니오,          ,단독주택,경북,경주시,서부동,"MPV (카니발, 올란도, 피카소급, 오딧세이 등)",삼성,SKT,구문소,http://m.blog.daum.net/_blog/_m/articleView.do?blogid=05TrK&articleno=15963487,억년의 세월이 빚은 비경 태백팔경 구문소
D***6,신화랑,201908**,F,4,"사무직 (일반사무직, 공무원, 직업군인)",800~899만원,예    ,자녀 없음 ,오피스텔,인천,서구,마전동,,삼성,KT,신화랑,https://m.blog.naver.com/wind_0227/221554355785,청도 가볼만한곳 신화랑풍류마을 생각보다 알차
D***0,무창포해수욕장,201908**,F,4,"판매직 (상점점원, 보험설계사, 노점상)",600~699만원,예    ,자녀 있음 ,아파트/ 주상복합,경기,수원시 팔달구,매산로1가,"소형차 (액센트, 프라이드, 아베오, 피아트급 등)",삼성,SKT,무창포해수욕장,https://m.blog.naver.com/kaisr2/221674209424,보령 대천해수욕장과 무창포 해변
D***3,불갑사,201908**,M,3,기타 ,600~699만원,아니오,          ,아파트/ 주상복합,서울,송파구,장지동,,삼성,SKT,불갑사,https://m.blog.naver.com/ka8564/221649053161,불갑사 상사화 개화초기 풍경불갑사상사화축제 날에는 만개할듯
D***9,청도온천,201908**,F,4,"주부 (전업주부, 파트타임 근무 주부)",700~799만원,예    ,자녀 있음 ,연립주택/ 다세대/ 빌라,서울,양천구,신정4동,,애플,SKT,청도온천,https://m.cafe.naver.com/daegumam2003/187255,청도 온천갑니다용
D***6,보적사,201908**,M,3,"농/축/광/수산업 (축산, 낙농업, 수산, 임업, 광업)",200~299만원,아니오,          ,기타 ,경남,김해시,장유면,"준대형차 (그랜저, K7, 알페온, 캠리급, 파사트급 등)",애플,SKT,보적사,https://m.blog.naver.com/n_n630/221683022330,나홀로 가을 산행  독산성 세마대지 보적사 다녀오기
D***6,개암사,201908**,M,3,"농/축/광/수산업 (축산, 낙농업, 수산, 임업, 광업)",200~299만원,아니오,          ,기타 ,경남,김해시,장유면,"준대형차 (그랜저, K7, 알페온, 캠리급, 파사트급 등)",애플,SKT,보적사,https://m.blog.naver.com/wona0317/221560541021,부안 개암사 그리고 개암제 나들이
D***4,마한문화,201908**,M,5,,,      ,          ,,경기,고양시 덕양구,화정동,,,,마한문화,https://m.blog.naver.com/pson30/221724282236,영암 마한문화공원 191125
D***1,대광해수욕장,201908**,M,4,"사무직 (일반사무직, 공무원, 직업군인)",400~499만원,예    ,자녀 있음 ,아파트/ 주상복합,서울,영등포구,영등포동,"준중형SUV (투싼, 스포티지, QM5, 티구안급 등)",애플,SKT,대광해수욕장,https://m.blog.naver.com/happy-luna/221332519271,아이들과 국내섬여행 임자도  해수욕장 대광해수욕장
D***1,일심사,201908**,M,4,"사무직 (일반사무직, 공무원, 직업군인)",400~499만원,예    ,자녀 있음 ,아파트/ 주상복합,서울,영등포구,영등포동,"준중형SUV (투싼, 스포티지, QM5, 티구안급 등)",애플,SKT,대광해수욕장,https://m.blog.naver.com/only_tour/221532442887,오이타 여행 코스벚꽃 운해 잇신지일심사
D***4,기장도예촌,201908**,F,3,"사무직 (일반사무직, 공무원, 직업군인)",300~399만원,아니오,          ,연립주택/ 다세대/ 빌라,서울,강서구,등촌1동,"준대형차 (그랜저, K7, 알페온, 캠리급, 파사트급 등)",LG,KT,기장도예촌,https://blog.naver.com/pjhi0523/221704174358,카라반캠핑기장도예촌
D***9,회산연꽃방죽,201908**,F,4,"주부 (전업주부, 파트타임 근무 주부)",300~399만원,예    ,자녀 있음 ,아파트/ 주상복합,경기,용인시 수지구,상현동,"대형차 (제너시스, BMW5급 등)",삼성,SKT,회산연꽃방죽,https://m.blog.naver.com/yunm2530/221565757481,일로읍 회산연꽃방죽이야기회산백련지연꽃나들이목포꽃집목포꽃배달 남악꽃배달 일로꽃배달무안꽃배달
D***1,혜국사,201908**,F,3,"전문직 (의사, 판검사, 예술가, 종교인)",200~299만원,예    ,자녀 있음 ,아파트/ 주상복합,강원,춘천시,사농동,,애플,SKT,혜국사,https://m.blog.naver.com/lbs2/221717145682,문경 주흘산 등산코스 제1관문여궁폭포혜국사주봉 원점회귀 산행
D***0,초당,201908**,M,3,"전문직 (의사, 판검사, 예술가, 종교인)",800~899만원,예    ,자녀 없음 ,연립주택/ 다세대/ 빌라,서울,마포구,상암동,"중형차 (쏘나타, K5, 말리부, 골프급 등)",애플,KT,초당,https://m.blog.naver.com/alicelkm/221568987442,190616 강릉 초당할머니순두부 수요미식회
D***6,덕산온천,201908**,F,4,"주부 (전업주부, 파트타임 근무 주부)",500~599만원,예    ,자녀 있음 ,아파트/ 주상복합,서울,마포구,공덕동,"중형SUV (싼타페, 쏘렌토, 캡티바, BMW X3급 등)",삼성,KT,덕산온천,https://m.blog.naver.com/oksusu90/221670136981,짧은 나들이 덕산온천여행 선물처럼 만난 코스모스
D***1,해신장보고,201908**,M,2,기타 ,100~199만원,아니오,          ,아파트/ 주상복합,경기,성남시 분당구,야탑동,,삼성,KT,해신장보고,https://m.blog.naver.com/hohosuly/221539086115,을왕리 조개구이  해신장보고  설레여
D***0,경산온천,201908**,M,3,"사무직 (일반사무직, 공무원, 직업군인)",300~399만원,예    ,자녀 있음 ,아파트/ 주상복합,서울,서대문구,남가좌2동,"중형차 (쏘나타, K5, 말리부, 골프급 등)",애플,LG U+,경산온천,https://m.blog.naver.com/nara4009/221619540380,경산온천상대온천좋아요
D***0,직지사,201908**,M,3,"사무직 (일반사무직, 공무원, 직업군인)",300~399만원,아니오,          ,아파트/ 주상복합,경북,구미시,산동면,기타 (승합차/트럭/화물차/기타 차량 등),삼성,SKT,직지사,https://m.blog.naver.com/promise065/221702745601,김천 직지사  템플스테이 1박2일
D***2,만남의광장,201908**,M,3,,,      ,          ,,서울,구로구,항동,,,,만남의광장,https://m.post.naver.com/viewer/postView.nhn?volumeNo=25975952&memberNo=7250666&vType=VERTICAL,하남 드림 휴게소만남의광장에 수소충전소 오픈
D***4,제주 중문,201908**,M,2,"교직 (교사, 유치원교사, 학원강사)",500~599만원,아니오,          ,아파트/ 주상복합,경기,양주시,삼숭동,,삼성,KT,제주 중문,https://blog.naver.com/artless1004/221708894020,행복했던 밥상 제주 중문 맛집
D***9,웰리힐리파크,201908**,M,4,"교직 (교사, 유치원교사, 학원강사)",100~199만원,예    ,자녀 있음 ,아파트/ 주상복합,제주,제주시,노형동,"준중형차 (아반떼, K3, 크루즈, 제타급 등)",애플,KT,웰리힐리파크,https://blog.naver.com/missjoon/221716441790,웰리힐리파크 리프트권 및 록키스키 알파인 스키강습
D***4,예안현,201908**,F,4,"주부 (전업주부, 파트타임 근무 주부)",300~399만원,예    ,자녀 있음 ,아파트/ 주상복합,부산,동래구,수안동,,삼성,SKT,예안현,https://m.blog.naver.com/misulmun49/221513555388,조식 유두류산록 이황
D***1,충온온천,201908**,M,2,,,      ,          ,,경기,성남시 분당구,분당동,,,,충온온천,https://m.cafe.naver.com/mywetown/912,충주나우리마을
D***7,후곡약수터,201908**,F,5,"주부 (전업주부, 파트타임 근무 주부)",200~299만원,예    ,자녀 있음 ,아파트/ 주상복합,경북,경주시,동천동,,삼성,SKT,후곡약수터,http://m.blog.daum.net/_blog/_m/articleView.do?blogid=09IWl&articleno=16152920,후곡 약수터
D***,구문소,201908**,F,5,"주부 (전업주부, 파트타임 근무 주부)",300~399만원,예    ,자녀 있음 ,아파트/ 주상복합,서울,광진구,중곡1동,,LG,SKT,구문소,https://m.blog.naver.com/PostView.nhn?blogId=zodzk_2001&logNo=221112880537&proxyReferer=&proxyReferer=http%3A%2F%2Fblog.naver.com%2Fzodzk_2001%2F221112880537,"가족여행 3일차 : 태양의후예촬영지 , 구문소 , 분천역 산타마을 , 빵심이바베큐 , 청량사 , 하늘다리 : 네이버 블로그"
D***,구문소,201908**,F,5,"주부 (전업주부, 파트타임 근무 주부)",300~399만원,예    ,자녀 있음 ,아파트/ 주상복합,서울,광진구,중곡1동,,LG,SKT,구문소,https://m.blog.naver.com/PostView.nhn?blogId=zodzk_2001&logNo=221112880537&proxyReferer=,"가족여행 3일차 : 태양의후예촬영지 , 구문소 , 분천역 산타마을 , 빵심이바베큐 , 청량사 , 하늘다리 : 네이버 블로그"
D***,구문소,201908**,F,5,"주부 (전업주부, 파트타임 근무 주부)",300~399만원,예    ,자녀 있음 ,아파트/ 주상복합,서울,광진구,중곡1동,,LG,SKT,구문소,https://m.blog.naver.com/PostView.nhn?blogId=zodzk_2001&logNo=221112880537&proxyReferer=,"가족여행 3일차 : 태양의후예촬영지 , 구문소 , 분천역 산타마을 , 빵심이바베큐 , 청량사 , 하늘다리 : 네이버 블로그"
D***,구문소,201908**,F,5,"주부 (전업주부, 파트타임 근무 주부)",300~399만원,예    ,자녀 있음 ,아파트/ 주상복합,서울,광진구,중곡1동,,LG,SKT,구문소,https://m.blog.naver.com/PostView.nhn?blogId=zodzk_2001&logNo=221112880537&proxyReferer=,"가족여행 3일차 : 태양의후예촬영지 , 구문소 , 분천역 산타마을 , 빵심이바베큐 , 청량사 , 하늘다리 : 네이버 블로그"
D***,구문소,201908**,F,5,"주부 (전업주부, 파트타임 근무 주부)",300~399만원,예    ,자녀 있음 ,아파트/ 주상복합,서울,광진구,중곡1동,,LG,SKT,구문소,https://m.blog.naver.com/PostView.nhn?blogId=zodzk_2001&logNo=221112880537&proxyReferer=,"가족여행 3일차 : 태양의후예촬영지 , 구문소 , 분천역 산타마을 , 빵심이바베큐 , 청량사 , 하늘다리 : 네이버 블로그"
D***,도림사,201908**,M,4,"사무직 (일반사무직, 공무원, 직업군인)",400~499만원,예    ,자녀 있음 ,아파트/ 주상복합,광주,서구,화정동,"중형차 (쏘나타, K5, 말리부, 골프급 등)",삼성,SKT,남원,http://mnews.sarangbang.com/detail/culture/1651519,올여름도 도림사 계곡은 캬~ 좋다~
D***,예당,201908**,M,4,"사무직 (일반사무직, 공무원, 직업군인)",400~499만원,예    ,자녀 있음 ,아파트/ 주상복합,광주,서구,화정동,"중형차 (쏘나타, K5, 말리부, 골프급 등)",삼성,SKT,남원,http://mnews.sarangbang.com/talk/bbs/story/140554,화정 골드클래스 예당
D***,남원,201908**,M,4,"사무직 (일반사무직, 공무원, 직업군인)",400~499만원,예    ,자녀 있음 ,아파트/ 주상복합,광주,서구,화정동,"중형차 (쏘나타, K5, 말리부, 골프급 등)",삼성,SKT,남원,https://m.search.naver.com/search.naver?sm=mtp_hty.top&where=m&query=%EB%82%A8%EC%9B%90%EC%8B%9C%EC%9E%A5%EC%8B%9D%EB%8B%B9,남원시장식당 : 네이버 통합검색
D***,예당,201908**,F,5,"사무직 (일반사무직, 공무원, 직업군인)",900~999만원,예    ,자녀 있음 ,아파트/ 주상복합,경기,안양시 동안구,관양1동,"중형차 (쏘나타, K5, 말리부, 골프급 등)",삼성,KT,예당,https://m.search.naver.com/search.naver?sm=mtp_sug.top&where=m&query=%EC%98%88%EB%8B%B9%ED%98%B8+%EC%B6%9C%EB%A0%81%EB%8B%A4%EB%A6%AC&acq=%EC%98%88%EB%8B%B9&acr=2&qdt=0,예당호 출렁다리 : 네이버 통합검색
D***,예당,201908**,F,5,"사무직 (일반사무직, 공무원, 직업군인)",900~999만원,예    ,자녀 있음 ,아파트/ 주상복합,경기,안양시 동안구,관양1동,"중형차 (쏘나타, K5, 말리부, 골프급 등)",삼성,KT,예당,https://m.search.naver.com/search.naver?where=m&query=%EC%98%88%EB%8B%B9%ED%98%B8+%EC%B6%9C%EB%A0%81%EB%8B%A4%EB%A6%AC+%EC%9E%85%EC%9E%A5%EB%A3%8C&sm=mtb_she&qdt=0,예당호 출렁다리 입장료 : 네이버 통합검색
D***,옥계,201908**,M,5,"관리직 (사장, 간부, 고위공무원)",400~499만원,예    ,자녀 있음 ,아파트/ 주상복합,경북,구미시,봉곡동,"중형SUV (싼타페, 쏘렌토, 캡티바, BMW X3급 등)",삼성,SKT,옥계,https://m.search.daum.net/search?w=fusion&q=%EA%B5%AC%EB%AF%B8+%EC%98%A5%EA%B3%84+%EB%A7%9B%EC%A7%91&DA=TWB&lv=2&p=2,구미 옥계 맛집 - Daum 검색
D***,안동하회,201908**,M,5,"관리직 (사장, 간부, 고위공무원)",400~499만원,예    ,자녀 있음 ,아파트/ 주상복합,경북,구미시,봉곡동,"중형SUV (싼타페, 쏘렌토, 캡티바, BMW X3급 등)",삼성,SKT,옥계,https://m.blog.naver.com/PostView.nhn?blogId=vitamin8713&logNo=221576863621&proxyReferer=,[경북도청맛집/안동하회마을맛집] 안동육장갈비에서 추억의 한우버섯불고기전골 먹고 왔어요 : 네이버 블로그
D***,옥계,201908**,M,5,"관리직 (사장, 간부, 고위공무원)",400~499만원,예    ,자녀 있음 ,아파트/ 주상복합,경북,구미시,봉곡동,"중형SUV (싼타페, 쏘렌토, 캡티바, BMW X3급 등)",삼성,SKT,옥계,https://m.search.daum.net/search?w=tot&q=%EA%B5%AC%EB%AF%B8%20%EC%98%A5%EA%B3%84%20%EB%A7%9B%EC%A7%91&nzq=%EA%B5%AC%EB%AF%B8%20%EC%82%B0%EB%8F%99%20%EB%A7%9B%EC%A7%91&DA=NSC,구미 옥계 맛집 - Daum 검색
D***,옥계,201908**,M,5,"관리직 (사장, 간부, 고위공무원)",400~499만원,예    ,자녀 있음 ,아파트/ 주상복합,경북,구미시,봉곡동,"중형SUV (싼타페, 쏘렌토, 캡티바, BMW X3급 등)",삼성,SKT,옥계,http://mnews.imaeil.com/Flavor/2019040513070891207,"구미 옥계 맛집 하루, 싱싱한 A등급 활어회와 숙성회를 합리적인 가격에 즐기는 옥계동 추천 횟집 - 매일신문"
D***,옥계,201908**,M,5,"관리직 (사장, 간부, 고위공무원)",400~499만원,예    ,자녀 있음 ,아파트/ 주상복합,경북,구미시,봉곡동,"중형SUV (싼타페, 쏘렌토, 캡티바, BMW X3급 등)",삼성,SKT,옥계,https://m.search.daum.net/search?w=tot&q=%EA%B5%AC%EB%AF%B8%20%EC%98%A5%EA%B3%84%20%EB%A7%9B%EC%A7%91&nzq=%EA%B5%AC%EB%AF%B8%20%EC%82%B0%EB%8F%99%20%EB%A7%9B%EC%A7%91&DA=NSC,구미 옥계 맛집 - Daum 검색
D***,옥계,201908**,M,5,"관리직 (사장, 간부, 고위공무원)",400~499만원,예    ,자녀 있음 ,아파트/ 주상복합,경북,구미시,봉곡동,"중형SUV (싼타페, 쏘렌토, 캡티바, BMW X3급 등)",삼성,SKT,옥계,https://m.blog.naver.com/PostView.nhn?blogId=prmank&logNo=220882753159&proxyReferer=,구미 옥계 맛집 대야면옥 목살구이&만두전골 싹쓸이 : 네이버 블로그
D***,해인사,201908**,M,5,"관리직 (사장, 간부, 고위공무원)",400~499만원,예    ,자녀 있음 ,아파트/ 주상복합,경북,구미시,봉곡동,"중형SUV (싼타페, 쏘렌토, 캡티바, BMW X3급 등)",삼성,SKT,옥계,https://m.search.daum.net/search?w=poi&DA=GG3&cid=10442559&q=%ED%95%B4%EC%9D%B8%EC%82%AC%20%EC%82%BC%EC%84%B1%EC%8B%9D%EB%8B%B9,해인사 삼성식당 - Daum 검색
D***,옥계,201908**,M,5,"관리직 (사장, 간부, 고위공무원)",400~499만원,예    ,자녀 있음 ,아파트/ 주상복합,경북,구미시,봉곡동,"중형SUV (싼타페, 쏘렌토, 캡티바, BMW X3급 등)",삼성,SKT,옥계,https://m.search.daum.net/search?w=tot&q=%EA%B5%AC%EB%AF%B8%20%EC%98%A5%EA%B3%84%20%EB%A7%9B%EC%A7%91%20%EC%B6%94%EC%B2%9C&nzq=%EA%B5%AC%EB%AF%B8%20%EC%98%A5%EA%B3%84%20%EB%A7%9B%EC%A7%91&DA=DCC,구미 옥계 맛집 추천 - Daum 검색
D***,옥계,201908**,M,5,"관리직 (사장, 간부, 고위공무원)",400~499만원,예    ,자녀 있음 ,아파트/ 주상복합,경북,구미시,봉곡동,"중형SUV (싼타페, 쏘렌토, 캡티바, BMW X3급 등)",삼성,SKT,옥계,https://m.blog.naver.com/PostView.nhn?blogId=prmank&logNo=220882753159&proxyReferer=,구미 옥계 맛집 대야면옥 목살구이&만두전골 싹쓸이 : 네이버 블로그
D***,옥계,201908**,M,5,"관리직 (사장, 간부, 고위공무원)",400~499만원,예    ,자녀 있음 ,아파트/ 주상복합,경북,구미시,봉곡동,"중형SUV (싼타페, 쏘렌토, 캡티바, BMW X3급 등)",삼성,SKT,옥계,https://m.blog.naver.com/PostView.nhn?blogId=smd5881&logNo=221538155520&proxyReferer=,구미 옥계 맛집 명장화로 에서 점심특선 먹었어요 : 네이버 블로그
D***,주문진,201908**,M,5,"관리직 (사장, 간부, 고위공무원)",400~499만원,예    ,자녀 있음 ,아파트/ 주상복합,경북,구미시,봉곡동,"중형SUV (싼타페, 쏘렌토, 캡티바, BMW X3급 등)",삼성,SKT,옥계,https://m.search.daum.net/search?w=poi&DA=GG3&cid=1314362342&q=%EC%A3%BC%EB%AC%B8%EC%A7%84%EC%8B%9D%EB%8B%B9,주문진식당 - Daum 검색
D***,안동문화,201908**,M,5,"관리직 (사장, 간부, 고위공무원)",400~499만원,예    ,자녀 있음 ,아파트/ 주상복합,경북,구미시,봉곡동,"중형SUV (싼타페, 쏘렌토, 캡티바, BMW X3급 등)",삼성,SKT,옥계,http://andong.grandculture.net/Contents?local=andong&dataType=01&contents_id=GC02400737,홍극가 묘 출토 복식(洪克家墓出土服飾) - 디지털안동문화대전에 오신 것을 환영합니다.
D***,미탄마하생태,201908**,M,3,,,      ,          ,,경기,고양시 덕양구,내유동,,,,미탄마하생태,https://m.blog.naver.com/leeewon47/221479158841,대한민국 대표 관광지 강원도 강원도 관광지 현황은
D***,제천온천,201908**,M,2,,,      ,          ,,경기,성남시 중원구,상대원2동,,,,제천온천,https://m.blog.naver.com/easeclub1/221720676545,충북 가볼만한곳 제천 리솜포레스트 온천여행과 자드락길
D***,화진포,201908**,M,5,"사무직 (일반사무직, 공무원, 직업군인)",300~399만원,예    ,자녀 있음 ,아파트/ 주상복합,경기,하남시,덕풍3동,"경차 (모닝, 스파크 등)",기타,알뜰폰(MVNO),화진포,https://m.blog.naver.com/94040882/221716020914,강원도 고성 여행  화진포 신서유기에도 나왔네요
D***,제주헬스케어타운,201908**,M,4,,,      ,          ,,경기,수원시 영통구,이의동,,,,제주헬스케어타운,https://blog.naver.com/solguji/221651290398,추석제주여행  헬스케어타운리조트  한림칼국수  카페라이슬라
D***,라비에벨,201908**,M,4,,,      ,          ,,인천,서구,왕길동,,,,라비에벨,https://blog.naver.com/yangjinss/221716472829,부천예식장 라비에벨웨딩 기억에 많이 남을 것 같아요
D***,팔봉산,201908**,M,3,,,      ,          ,,서울,구로구,구로3동,,,,팔봉산,https://m.blog.naver.com/cm0917/221711580256,191117 홍천 팔봉산 블랙야크100대명산 산림청100대명산 한국의산하인기100산
D***,송계사,201908**,F,2,,,      ,          ,,인천,남동구,구월2동,,,,송계사,https://m.blog.naver.com/kimyt9999/221674102000,덕유산 지봉 산행기경남거창 송계사계곡에서 지봉에 올라 횡경재를 거쳐 백암봉까지 달려보자
D***,송정,201908**,F,3,,,      ,          ,,경기,성남시 분당구,이매동,,,,송정,https://m.blog.naver.com/lys9783/221711436037,부산 송정 맛집 알찬 전복영양밥 한그릇
D***,화암,201908**,M,4,"기능직 (자동차정비, 운전기사, 안경사, 택시기사)",300~399만원,예    ,자녀 있음 ,아파트/ 주상복합,서울,금천구,시흥동,기타 (승합차/트럭/화물차/기타 차량 등),LG,SKT,화암,https://m.blog.naver.com/aoisora2/221689337096,정선 아이와 가볼만한곳 화암동굴 나들이 
D***,충주호체험,201908**,F,2,,,      ,          ,,서울,동작구,신대방동,,,,봉서사,https://m.blog.naver.com/yoohr0507/221553190270,충주호 유람선 체험
D***,봉서사,201908**,F,2,,,      ,          ,,서울,동작구,신대방동,,,,봉서사,https://m.blog.naver.com/ffk1039/221633735995,완주 봉서사
D***,청룡사,201908**,M,4,,,      ,          ,,충남,아산시,풍기동,,,,청룡사,https://m.blog.naver.com/ykan7/221713770267,191119 안성 서운산 산행청룡사주차장청룡사정상 왕복코스 끝물 단풍 감상하기
D***,의성탑산온천,201908**,M,4,,,      ,          ,,충남,아산시,풍기동,,,,청룡사,https://m.blog.naver.com/darkspwn1/221256068023,경북 의성 탑산약수온천 유황냄새 진한 지방온천
D***,회상나루,201908**,F,3,"사무직 (일반사무직, 공무원, 직업군인)",300~399만원,아니오,          ,오피스텔,서울,강서구,등촌3동,,애플,KT,회상나루,https://m.blog.naver.com/easagol/221179750285,회상나루 객주촌
D***,표충사,201908**,M,2,,,      ,          ,,경기,수원시 장안구,조원동,,,,표충사,https://m.blog.naver.com/jupan1999/221715055350,표충사 우리아이마음숲놀이터 하루 종일 놀겠다는 아이들
D***,당항포,201908**,F,2,"학생 (초중고학생, 대학생, 대학원생)",600~699만원,아니오,          ,아파트/ 주상복합,경기,용인시 수지구,풍덕천동,,애플,SKT,당항포,https://m.blog.naver.com/turpu/221690928126,경남 고성 가볼만한곳 공룡엑스포가 펼쳐지는 당항포 관광단지
D***,레인보우힐링,201908**,F,3,,,      ,          ,,대전,동구,삼성동,,,,레인보우힐링,https://m.blog.naver.com/ydpodoblog/221581379841,민주지산 자연휴양림 레인보우 힐링 숲속 가요제
D***,곡성도림사,201908**,M,2,무직,100만원 미만,아니오,          ,아파트/ 주상복합,서울,강남구,대치1동,,삼성,KT,곡성도림사,https://m.blog.naver.com/aboutclaire/221562777372,곡성 여행 도림사 카페 씨엘로
D***,오목내,201908**,F,2,,,      ,          ,,대전,서구,괴정동,,,,오목내,https://m.blog.naver.com/skrkddlsgp/221721630990,진주 판문동 맛집 오목내 솔직후기
D***,방화동,201908**,F,2,,,      ,          ,,경기,수원시 장안구,율전동,,,,방화동,https://m.kin.naver.com/mobile/qna/detail.nhn?d1id=12&dirId=12011808&docId=335879922&qb=67Cp7ZmU64+Z&enc=utf8&section=kin.ext&rank=2&search_sort=0&spq=0,서울시 방화동에 건물을 지으려고 하는
D***,운암사,201908**,F,5,,,      ,          ,,경기,안산시 단원구,고잔1동,,,,운암사,https://m.blog.naver.com/lucky0520/221684590217,비라칸사스와 함께한 광양 운암사
D***,김제온천,201908**,F,2,"학생 (초중고학생, 대학생, 대학원생)","1,000만원 이상",아니오,          ,아파트/ 주상복합,인천,연수구,송도동,"대형차 (제너시스, BMW5급 등)",애플,KT,김제온천,https://m.blog.naver.com/shbae3521/221589492924,김제연꽃아버지의 연사랑 흙바라기연근농장 페이지 김영훈 김계숙
D***,진관사,201908**,M,4,"전문직 (의사, 판검사, 예술가, 종교인)",700~799만원,예    ,자녀 있음 ,아파트/ 주상복합,경기,성남시 분당구,구미동,"중형차 (쏘나타, K5, 말리부, 골프급 등)",애플,KT,진관사,https://m.blog.naver.com/ka8564/221628007626,북한산 등산코스진관사 삼천사 원점코스
D***,김천온천,201908**,M,2,,,      ,          ,,경기,성남시 수정구,산성동,,,,김천온천,https://blog.naver.com/ejuinn69/221452242406,찜질방 데이트 김천 구미 대구 근처 온천숯가마 찜질방  성주 스파랜드u
D***,원주 오크밸리,201908**,M,3,"사무직 (일반사무직, 공무원, 직업군인)",400~499만원,예    ,자녀 없음 ,아파트/ 주상복합,서울,강북구,번3동,,기타,SKT,원주 오크밸리,https://blog.naver.com/orionbt/221694093685,원주 오크밸리 카라반 여행  야간산책 소나타 오브 라이트
D***,대구화원,201908**,M,2,,,      ,          ,,인천,서구,불로동,,,,대구화원,https://blog.naver.com/meteorslove/221529086600,대구 화원 카페 커피문화 작은 창고형카페
D***,오목내,201908**,M,4,,,      ,          ,,서울,은평구,구산동,,,,오목내,https://m.blog.naver.com/skrkddlsgp/221721630990,진주 판문동 맛집 오목내 솔직후기
D***,홍천 비발디파크,201908**,F,2,,,      ,          ,,서울,성동구,성수동2가,,,,홍천 비발디파크,https://blog.naver.com/loveeoni/221717350562,비발디파크 근처 펜션 홍천 힐링하우스 뜨끈한 온돌방 넘나 좋음
D***,남원,201908**,M,2,,,      ,          ,,경남,진주시,신안동,,,,남원,https://m.blog.naver.com/lesu0/221715390631,국내여행  남원숙소 너무 좋았던 에어비앤비 수곡당
D***,문수사,201908**,M,3,,,      ,          ,,서울,강서구,화곡동,,,,문수사,http://m.blog.daum.net/_blog/_m/articleView.do?blogid=0qXA2&articleno=504,고창 청량산 문수사
D***,진도 대명리조트,201908**,F,4,"주부 (전업주부, 파트타임 근무 주부)",100만원 미만,예    ,자녀 있음 ,아파트/ 주상복합,경북,의성군,의성읍,,삼성,LG U+,진도 대명리조트,https://bluebuskr.blog.me/221645530806,진도 여행 대명리조트 쏠비치 진도 후기
D***,문경상리,201908**,F,5,,,      ,          ,,서울,송파구,장지동,,,,문경상리,http://m.blog.daum.net/_blog/_m/articleView.do?blogid=03UvL&articleno=15857454,문경 상리 삼층석탑 경북 문경
D***,문수사,201908**,F,3,"사무직 (일반사무직, 공무원, 직업군인)",400~499만원,예    ,자녀 있음 ,아파트/ 주상복합,서울,금천구,시흥2동,,애플,SKT,문수사,http://m.blog.daum.net/_blog/_m/articleView.do?blogid=0qXA2&articleno=504,고창 청량산 문수사
D***,여수 화양,201908**,M,3,,,      ,          ,,경기,의정부시,용현동,,,,여수 화양,https://hjjnlove4.blog.me/221426880809,여수 맛집 화양식당 장어구이 장어탕
D***,백운계곡,201908**,M,5,"서비스직 (요식업, 숙박업, 미용실종업원)",400~499만원,예    ,자녀 있음 ,아파트/ 주상복합,경기,고양시 일산서구,일산2동,"중형SUV (싼타페, 쏘렌토, 캡티바, BMW X3급 등)",삼성,KT,백운계곡,https://blog.naver.com/wnsghdudwls/221637010727,포천 백운계곡
D***,송계사,201908**,F,3,"교직 (교사, 유치원교사, 학원강사)",400~499만원,예    ,자녀 있음 ,연립주택/ 다세대/ 빌라,부산,사상구,주례1동,"중형차 (쏘나타, K5, 말리부, 골프급 등)",삼성,LG U+,송계사,https://m.blog.naver.com/kimyt9999/221674102000,덕유산 지봉 산행기경남거창 송계사계곡에서 지봉에 올라 횡경재를 거쳐 백암봉까지 달려보자
D***,운주사,201908**,M,2,"학생 (초중고학생, 대학생, 대학원생)","1,000만원 이상",아니오,          ,아파트/ 주상복합,서울,동대문구,전농동,,기타,SKT,운주사,https://m.blog.naver.com/sanbada2004/221635346744,화순 운주사
D***3,춘장대해수욕장,201908**,M,2,,,      ,          ,,서울,동대문구,전농동,,,,춘장대해수욕장,https://m.blog.naver.com/ka8564/221667927409,춘장대 해수욕장과 홍원항 쭈꾸미낚시 풍경
D***8,서포리,201908**,M,4,"사무직 (일반사무직, 공무원, 직업군인)",500~599만원,예    ,자녀 있음 ,아파트/ 주상복합,경기,오산시,갈곶동,"중형차 (쏘나타, K5, 말리부, 골프급 등)",LG,LG U+,서포리,https://blog.naver.com/zeroheart73/221561164544,덕적도 서포리해변 백패킹511  512
D***5,망상,201908**,M,3,,,      ,          ,,경기,고양시 일산서구,대화동,,,,망상,https://m.blog.naver.com/kkoshooo/221596336418,강원 동해 망상오토캠핑장
D***9,고흥우주해양,201908**,F,3,,,      ,          ,,서울,강남구,일원1동,,,,고흥우주해양,https://blog.naver.com/yescom2000/221475087283,김 지사 고흥 우주항공 중심도시로 대도약
D***9,안면도,201908**,F,4,,,      ,          ,,서울,강남구,삼성1동,,,,안면도,http://m.blog.daum.net/_blog/_m/articleView.do?blogid=0UCYA&articleno=5829,"충남 태안 가볼만한곳, 안면도 자연휴양림 무장애 나눔길"
D***1,영탑사,201908**,F,3,"교직 (교사, 유치원교사, 학원강사)",500~599만원,예    ,자녀 없음 ,아파트/ 주상복합,경기,부천시 원미구,중3동,"준중형SUV (투싼, 스포티지, QM5, 티구안급 등)",삼성,SKT,영탑사,https://m.blog.naver.com/elderpine/221667087073,절로절로 우리절 20 당진 영탑사
D***7,청도온천,201908**,M,3,,,      ,          ,,서울,영등포구,양평동6가,,,,청도온천,https://m.cafe.naver.com/daegumam2003/187255,청도 온천갑니다용
D***8,속리산레저,201908**,M,3,,,      ,          ,,서울,강북구,미아동,,,,속리산레저,https://m.blog.naver.com/asancriti/221541893523,보은속리산 솔향공원 도깨비공원의 사람들
D***0,설악한화리조트,201908**,M,3,,,      ,          ,,서울,송파구,가락1동,,,,설악한화리조트,https://blog.naver.com/nayanahanmi/221582702954,강원도 속초여행 물놀이 먹거리 놀거리 가능한 설악 한화리조트
D***4,고래불,201908**,F,3,,,      ,          ,,인천,부평구,삼산동,,,,고래불,http://m.blog.daum.net/_blog/_m/articleView.do?blogid=0bogl&articleno=923,해파랑길 트레킹 제23코스 고래불 후포항
D***5,소요산,201908**,M,4,,,      ,          ,,경기,부천시 원미구,상1동,,,,소요산,https://blog.naver.com/pajiwn/221658923153,소요산 등산코스  소요산역자재암선녀탕의상대원점회귀 3시간
D***6,흥덕사,201908**,M,2,,,      ,          ,,서울,성북구,동소문동7가,,,,흥덕사,https://m.blog.naver.com/ojs0126/221690775065,흥덕사 백운문화한마당 참석
D***5,안동문화,201908**,F,3,"사무직 (일반사무직, 공무원, 직업군인)",700~799만원,예    ,자녀 없음 ,아파트/ 주상복합,경기,화성시,남양동,,LG,KT,한탄강,https://blog.naver.com/jomkkange/221718101147,191125 1박 2일 안동 여행  세계문화유산 도산서원
D***5,한탄강,201908**,F,3,"사무직 (일반사무직, 공무원, 직업군인)",700~799만원,예    ,자녀 없음 ,아파트/ 주상복합,경기,화성시,남양동,,LG,KT,한탄강,http://nanazip.com/221721990837,철원 카페  송대소 주상절리 한탄강을 배경으로 커피한잔에 빠져보는 모닝캄빌리지 펜션  카페
D***2,화순온천,201908**,F,4,,,      ,          ,,대전,서구,탄방동,,,,화순온천,https://m.blog.naver.com/haengbok2/221608294392,아들과 둘이 한 광주 차박여행광주챔피언스필드 대인야시장 화순온천 광주호 전주
D***6,척산온천,201908**,F,2,,,      ,          ,,서울,성북구,정릉1동,,,,척산온천,https://m.blog.naver.com/rnara/221478732030,속초 숙소 척산온천휴양촌
D***3,풍기온천,201908**,F,5,,,      ,          ,,인천,남동구,논현동,,,,풍기온천,https://m.blog.naver.com/sanm308/221569299218,물좋고 공기좋은 소백산풍기온천리조트
D***3,안적사,201908**,M,3,"교직 (교사, 유치원교사, 학원강사)",500~599만원,예    ,자녀 있음 ,아파트/ 주상복합,전북,전주시 덕진구,우아동2가,"준대형차 (그랜저, K7, 알페온, 캠리급, 파사트급 등)",애플,KT,안적사,https://m.blog.naver.com/isinki/221675421360,기장 안적사에서 가을을 맞이했습니다
D***4,성기동,201908**,M,3,"기능직 (자동차정비, 운전기사, 안경사, 택시기사)",500~599만원,예    ,자녀 있음 ,연립주택/ 다세대/ 빌라,경기,구리시,수택1동,"경차 (모닝, 스파크 등)",삼성,KT,성기동,https://m.blog.naver.com/cakemart/221202346421,영암 왕인박사 유적지   3 성기동 성천
D***0,돌문화공원,201908**,F,2,,,      ,          ,,서울,강남구,삼성동,,,,돌문화공원,https://m.blog.naver.com/pran0104/221715194651, 제주여행제주관광  제주 돌문화공원
D***4,수옥정,201908**,M,2,,,      ,          ,,서울,강남구,도곡2동,,,,수옥정,https://m.blog.naver.com/akekdthkl200/221662955468,수옥정과 수옥폭포   충북괴산여행
D***1,화순온천,201908**,M,2,,,      ,          ,,부산,금정구,장전1동,,,,화순온천,https://m.blog.naver.com/haengbok2/221608294392,아들과 둘이 한 광주 차박여행광주챔피언스필드 대인야시장 화순온천 광주호 전주
D***3,프로젝트 ECO,201908**,M,4,,,      ,          ,,경북,상주시,복룡동,"중형차 (쏘나타, K5, 말리부, 골프급 등)",,,프로젝트 ECO,https://humanvillage.blog.me/221713044677,애월 봉성리 프로젝트ECO조성사업
D***5,담양호,201908**,F,4,,,      ,          ,,전북,전주시 완산구,서신동,"준대형차 (그랜저, K7, 알페온, 캠리급, 파사트급 등)",,,담양호,https://m.blog.naver.com/ka8564/221652276574,담양호 용마루길따라 과녁바위산을 돌아오는 트레킹코스
D***5,대승사,201908**,M,2,무직,"1,000만원 이상",아니오,          ,아파트/ 주상복합,서울,강동구,고덕1동,,삼성,KT,대승사,https://m.blog.naver.com/5490ljy/221703776913,문경 사불산 대승사
D***3,제주남원,201908**,M,2,"학생 (초중고학생, 대학생, 대학원생)",500~599만원,예    ,자녀 있음 ,연립주택/ 다세대/ 빌라,경기,성남시 분당구,분당동,,삼성,SKT,제주남원,https://m.blog.naver.com/since080515/221648773649,최고라고 말하고싶은 제주 남원 맛집
D***0,경주 보문,201908**,M,4,,,      ,          ,,서울,도봉구,창1동,,,,경주 보문,https://blog.naver.com/asas0957/221701086136,경주 단풍 보문단지 산책 with 무지개
D***4,망상,201908**,M,3,,,      ,          ,,경기,의정부시,신곡2동,,,,망상,https://m.blog.naver.com/kkoshooo/221596336418,강원 동해 망상오토캠핑장
D***6,성산포해양,201908**,F,5,"교직 (교사, 유치원교사, 학원강사)",100~199만원,아니오,          ,아파트/ 주상복합,광주,광산구,대산동,"스포츠 (제네시스 쿠페, BMW M, 벤츠 AMG 등)",삼성,LG U+,성산포해양,https://blog.naver.com/wj-story/221466807198,설 구정에 어머니와 함께 성산포 성당 광치기해변 제주해양동물박물관 겨울 유채꽃 2월 제주
D***1,위봉사,201908**,F,2,"교직 (교사, 유치원교사, 학원강사)",200~299만원,아니오,          ,아파트/ 주상복합,경기,부천시 원미구,중동,,애플,SKT,위봉사,https://m.blog.naver.com/hansongp/221703341215,한국의 산사 10898 완주 위봉사
D***1,대승사,201908**,M,5,,,      ,          ,,인천,서구,가정동,,,,대승사,https://m.blog.naver.com/5490ljy/221703776913,문경 사불산 대승사
D***8,사선대,201908**,F,3,무직,300~399만원,아니오,          ,연립주택/ 다세대/ 빌라,서울,송파구,거여2동,,애플,KT,사선대,https://m.blog.naver.com/jbgokr/221566547422,선녀들도 반한 국민 관광지 임실 사선대  임실 나들이 명소
D***8,태조산,201908**,M,4,"관리직 (사장, 간부, 고위공무원)",800~899만원,예    ,자녀 있음 ,연립주택/ 다세대/ 빌라,대구,동구,신천4동,"준중형SUV (투싼, 스포티지, QM5, 티구안급 등)",애플,SKT,태조산,https://m.blog.naver.com/ohs1443/221659948848,천안 태조산421m  흑성산519m
D***7,선바위,201908**,M,2,,,      ,          ,,경기,용인시 처인구,삼가동,,,,선바위,https://m.blog.naver.com/7750khj/221702772489,합천 작은가야산  수리봉소바우듬선바위
D***6,거가대교,201908**,F,4,"주부 (전업주부, 파트타임 근무 주부)",100만원 미만,예    ,자녀 있음 ,연립주택/ 다세대/ 빌라,경기,광주시,오포읍,,삼성,SKT,거가대교,https://m.blog.naver.com/ohyea95/221553123462,가덕도 가볼 만한 곳 연대봉 세계 최대 수심 해저터널 거가대교
D***7,합천보조댐,201908**,F,3,"사무직 (일반사무직, 공무원, 직업군인)",400~499만원,예    ,자녀 없음 ,연립주택/ 다세대/ 빌라,서울,광진구,중곡1동,"경차 (모닝, 스파크 등)",삼성,SKT,합천보조댐,https://m.blog.naver.com/gnfeel/221693122206,경상남도 산책길  합천 가볼만한곳 산책하며 데이트하기 좋은 길 합천 보조댐 수변생태 탐방로
D***5,표충사,201908**,M,2,,,      ,          ,,전남,여수시,덕충동,,,,표충사,https://m.blog.naver.com/jupan1999/221715055350,표충사 우리아이마음숲놀이터 하루 종일 놀겠다는 아이들
D***9,화순온천,201908**,M,2,,,      ,          ,,서울,송파구,마천동,,,,화순온천,https://m.blog.naver.com/haengbok2/221608294392,아들과 둘이 한 광주 차박여행광주챔피언스필드 대인야시장 화순온천 광주호 전주
D***8,간월도,201908**,M,5,,,      ,          ,,경기,성남시 분당구,정자동,,,,간월도,https://m.blog.naver.com/jjun0712/221712063671,서산 간월도 간월암 다녀왔어요
D***3,예천삼강,201908**,M,3,,,      ,          ,,인천,남구,문학동,,,,예천삼강,https://m.post.naver.com/viewer/postView.nhn?volumeNo=25150266&memberNo=1275074&vType=VERTICAL,대구근교 가볼만하곳 더예천 삼강문화단지위기의 삼강주막 방탈출게임
D***3,화순온천,201908**,M,5,"사무직 (일반사무직, 공무원, 직업군인)","1,000만원 이상",예    ,자녀 있음 ,아파트/ 주상복합,서울,강남구,압구정동,"중형SUV (싼타페, 쏘렌토, 캡티바, BMW X3급 등)",삼성,SKT,화순온천,https://m.blog.naver.com/haengbok2/221608294392,아들과 둘이 한 광주 차박여행광주챔피언스필드 대인야시장 화순온천 광주호 전주
D***2,제주남원,201908**,M,3,"사무직 (일반사무직, 공무원, 직업군인)",100~199만원,예    ,자녀 있음 ,아파트/ 주상복합,전북,전주시 완산구,효자동3가,"준중형SUV (투싼, 스포티지, QM5, 티구안급 등)",삼성,SKT,제주남원,https://m.blog.naver.com/since080515/221648773649,최고라고 말하고싶은 제주 남원 맛집
D***8,땅끝,201908**,F,5,"주부 (전업주부, 파트타임 근무 주부)",600~699만원,예    ,자녀 있음 ,아파트/ 주상복합,서울,강남구,대치2동,,삼성,KT,땅끝,http://m.blog.daum.net/_blog/_m/articleView.do?blogid=0W7Ve&articleno=866,2018. 단풍따라 흐르는 가을여행 - 14. 토말. 땅끝마을
D***9,울산 강동,201908**,M,3,"사무직 (일반사무직, 공무원, 직업군인)",300~399만원,예    ,자녀 있음 ,아파트/ 주상복합,충남,천안시 서북구,불당동,"준중형차 (아반떼, K3, 크루즈, 제타급 등)",삼성,KT,울산 강동,https://blog.naver.com/usbukgu/221725467902,울산 강동 화암 주상절리 예술작품 같은 일출
D***3,송불암,201908**,M,5,,,      ,          ,,충남,아산시,배방읍,,,,전통한방휴양,https://m.blog.naver.com/nscity/221624748483,논산여행 황산벌의 중심에 자리한 논산 송불암 미륵불
D***3,전통한방휴양,201908**,M,5,,,      ,          ,,충남,아산시,배방읍,,,,전통한방휴양,https://m.blog.naver.com/ndustns61/221224126114,전통한방휴양관광지 산청동의보감촌공진단만들기 체험
D***7,백운계곡,201908**,F,4,"주부 (전업주부, 파트타임 근무 주부)",200~299만원,예    ,자녀 있음 ,아파트/ 주상복합,울산,중구,성안동,,삼성,SKT,백운계곡,https://blog.naver.com/wnsghdudwls/221637010727,포천 백운계곡
D***3,장사해수욕장,201908**,F,4,"주부 (전업주부, 파트타임 근무 주부)",300~399만원,예    ,자녀 있음 ,연립주택/ 다세대/ 빌라,서울,도봉구,방학2동,"준대형차 (그랜저, K7, 알페온, 캠리급, 파사트급 등)",삼성,SKT,장사해수욕장,https://m.blog.naver.com/baroseog/221707787194,영덕 장사해수욕장 장사상륙작전 전승기념관 구경
D***7,횡성 드림마운틴,201908**,M,2,"서비스직 (요식업, 숙박업, 미용실종업원)",200~299만원,아니오,          ,연립주택/ 다세대/ 빌라,서울,서대문구,북가좌2동,,삼성,SKT,횡성 드림마운틴,https://blog.naver.com/asj910520/221251985378,드림마운틴 횡성 드림마운틴은 무엇인가
D***8,마우나오션,201908**,F,4,"서비스직 (요식업, 숙박업, 미용실종업원)",300~399만원,예    ,자녀 있음 ,연립주택/ 다세대/ 빌라,대전,중구,선화동,,삼성,KT,마우나오션,https://blog.naver.com/soda7908/221712751372,LPGA가 열렸던 마우나오션cc로 가을골프 다녀왔어요
D***1,진도 대명리조트,201908**,F,5,,,      ,          ,,경기,안산시 상록구,부곡동,,,,진도 대명리조트,https://bluebuskr.blog.me/221645530806,진도 여행 대명리조트 쏠비치 진도 후기
D***6,팜파스종합휴양,201908**,M,4,"사무직 (일반사무직, 공무원, 직업군인)",300~399만원,예    ,자녀 없음 ,아파트/ 주상복합,경북,구미시,봉곡동,"중형차 (쏘나타, K5, 말리부, 골프급 등)",삼성,SKT,팜파스종합휴양,https://blog.naver.com/hriver21/221092893072,팜파스종합휴양관광단지
D***7,팜파스종합휴양,201908**,M,2,"학생 (초중고학생, 대학생, 대학원생)",500~599만원,아니오,          ,아파트/ 주상복합,서울,서대문구,홍제동,"중형차 (쏘나타, K5, 말리부, 골프급 등)",삼성,KT,팜파스종합휴양,https://blog.naver.com/hriver21/221092893072,팜파스종합휴양관광단지
D***1,호미곶,201908**,M,4,"생산/노무직 (생산감독, 경비원, 공장근로자)",400~499만원,아니오,          ,아파트/ 주상복합,서울,동작구,사당1동,,애플,SKT,호미곶,https://m.blog.naver.com/okkmskim/221674686567,포항펜션 두남자와 함께했던 코지스위트펜션 죽도시장호미곶
D***9,예안현,201908**,M,4,"사무직 (일반사무직, 공무원, 직업군인)",300~399만원,예    ,자녀 있음 ,아파트/ 주상복합,광주,광산구,산월동,"대형SUV (베라크루즈, 모하비, 투아렉급 등)",삼성,SKT,예안현,https://m.blog.naver.com/misulmun49/221513555388,조식 유두류산록 이황
D***1,칠갑산도립온천,201908**,F,4,"주부 (전업주부, 파트타임 근무 주부)",600~699만원,예    ,자녀 있음 ,아파트/ 주상복합,서울,은평구,갈현2동,"중형SUV (싼타페, 쏘렌토, 캡티바, BMW X3급 등)",삼성,SKT,칠갑산도립온천,https://m.blog.naver.com/2000yhero/221524706364,칠갑산 도립공원 2
D***3,한국차소리문화공원,201908**,M,4,"기능직 (자동차정비, 운전기사, 안경사, 택시기사)",200~299만원,예    ,자녀 있음 ,단독주택,경기,파주시,광탄면,"준중형차 (아반떼, K3, 크루즈, 제타급 등)",LG,KT,한국차소리문화공원,https://m.blog.naver.com/peri26100/220924962670,보성여행 보성차밭빛축제  한국차소리문화공원
D***8,도곡온천,201908**,M,3,"사무직 (일반사무직, 공무원, 직업군인)",200~299만원,아니오,          ,아파트/ 주상복합,충남,천안시 서북구,성거읍,"준중형차 (아반떼, K3, 크루즈, 제타급 등)",애플,SKT,도곡온천,https://m.blog.naver.com/jh630614/221520167548,화순 중봉산도곡온천 기준으로 완벽한 원점회귀 산행코스
D***8,김천온천,201908**,M,3,"사무직 (일반사무직, 공무원, 직업군인)",300~399만원,예    ,자녀 있음 ,아파트/ 주상복합,충남,천안시 서북구,차암동,"중형차 (쏘나타, K5, 말리부, 골프급 등)",애플,KT,김천온천,https://blog.naver.com/ejuinn69/221452242406,찜질방 데이트 김천 구미 대구 근처 온천숯가마 찜질방  성주 스파랜드u
D***8,풍기온천,201908**,M,3,"사무직 (일반사무직, 공무원, 직업군인)",300~399만원,예    ,자녀 있음 ,아파트/ 주상복합,충남,천안시 서북구,차암동,"중형차 (쏘나타, K5, 말리부, 골프급 등)",애플,KT,김천온천,https://m.blog.naver.com/sanm308/221569299218,물좋고 공기좋은 소백산풍기온천리조트
D***1,골드힐카운티리조트,201908**,M,2,무직,100~199만원,아니오,          ,연립주택/ 다세대/ 빌라,충북,청주시 흥덕구,분평동,"소형SUV/CUV (티볼리, QM3 등)",삼성,KT,골드힐카운티리조트,https://www.yna.co.kr/view/PYH20190609095000063?input=1196m,천안 골드힐카운티리조트 관광단지 기공식  연합뉴스
D***1,돈내코,201908**,M,2,무직,100~199만원,아니오,          ,연립주택/ 다세대/ 빌라,충북,청주시 흥덕구,분평동,"소형SUV/CUV (티볼리, QM3 등)",삼성,KT,골드힐카운티리조트,https://m.blog.naver.com/sohyun1989/221684113927,제주 원앙폭포 신비함을 느끼고 싶다면 꼭 돈내코
D***9,골드힐카운티리조트,201908**,M,3,"사무직 (일반사무직, 공무원, 직업군인)",100~199만원,아니오,          ,오피스텔,충북,청주시 상당구,율량동,"준중형차 (아반떼, K3, 크루즈, 제타급 등)",애플,KT,골드힐카운티리조트,https://www.yna.co.kr/view/PYH20190609095000063?input=1196m,천안 골드힐카운티리조트 관광단지 기공식  연합뉴스
D***8,계림사,201908**,F,2,"학생 (초중고학생, 대학생, 대학원생)",100~199만원,아니오,          ,아파트/ 주상복합,충북,제천시,하소동,,삼성,LG U+,계림사,https://m.blog.naver.com/pjk3108/221686032437,김천 동부리 마애지장보살좌상 계림사 석조나한좌상
D***0,신륵사,201908**,M,3,"서비스직 (요식업, 숙박업, 미용실종업원)",900~999만원,예    ,자녀 없음 ,아파트/ 주상복합,대구,동구,신암2동,,삼성,SKT,신륵사,https://jbm993.blog.me/221521860991,여주 가볼만한곳 색색의 연등이 예쁜 신륵사
D***2,안성 죽산,201908**,F,5,"교직 (교사, 유치원교사, 학원강사)",800~899만원,예    ,자녀 있음 ,아파트/ 주상복합,서울,서초구,잠원동,,애플,LG U+,안성 죽산,https://blog.naver.com/pcn1970/221720348259,2019 안성 죽산 문화재 야행 이야기
D***5,아우라지,201908**,F,4,"주부 (전업주부, 파트타임 근무 주부)",400~499만원,예    ,자녀 있음 ,아파트/ 주상복합,서울,강서구,화곡동,"준중형SUV (투싼, 스포티지, QM5, 티구안급 등)",삼성,KT,아우라지,https://m.blog.naver.com/kooni/221672541768,정선 아리랑 시장  물 폭탄 맞은 아우라지
D***0,왕궁보석테마,201908**,M,3,기타 ,300~399만원,예    ,자녀 있음 ,아파트/ 주상복합,충남,아산시,둔포면,,삼성,SKT,왕궁보석테마,https://m.blog.naver.com/hiksanin/221692718933,익산왕궁보석테마관광지 상설공연  체험프로그램
D***8,마곡사,201908**,F,4,"주부 (전업주부, 파트타임 근무 주부)",400~499만원,예    ,자녀 있음 ,아파트/ 주상복합,경기,부천시 원미구,상3동,,LG,알뜰폰(MVNO),마곡사,https://m.blog.naver.com/usgreen99/221692318243,공주 가볼만한곳 마곡사 가을 모습은
D***7,여수 화양,201908**,M,2,"학생 (초중고학생, 대학생, 대학원생)",100만원 미만,아니오,          ,아파트/ 주상복합,서울,강남구,개포1동,,애플,KT,여수 화양,https://hjjnlove4.blog.me/221426880809,여수 맛집 화양식당 장어구이 장어탕
D***6,척산온천,201908**,M,4,"생산/노무직 (생산감독, 경비원, 공장근로자)",400~499만원,예    ,자녀 있음 ,아파트/ 주상복합,서울,성동구,사근동,"중형차 (쏘나타, K5, 말리부, 골프급 등)",기타,SKT,척산온천,https://m.blog.naver.com/rnara/221478732030,속초 숙소 척산온천휴양촌
D***9,제주여성테마파크,201908**,M,5,"사무직 (일반사무직, 공무원, 직업군인)",600~699만원,예    ,자녀 있음 ,아파트/ 주상복합,경북,안동시,송현동,"준중형차 (아반떼, K3, 크루즈, 제타급 등)",삼성,SKT,제주여성테마파크,https://m.blog.naver.com/kkengzz/221705309627,제주아이들과가볼만한곳 서프라이즈테마파크
D***3,용담사,201908**,M,3,기타 ,200~299만원,예    ,자녀 있음 ,단독주택,제주,서귀포시,남원읍,"중형차 (쏘나타, K5, 말리부, 골프급 등)",애플,LG U+,용담사,https://m.blog.naver.com/rem85/221616568134,안동물놀이할만한곳안동계곡길안계곡길안용담사 근처 계곡으로 물놀이다녀왔어요
D***5,모악산,201908**,M,5,기타 ,400~499만원,예    ,자녀 있음 ,아파트/ 주상복합,서울,중랑구,중화동,"준중형차 (아반떼, K3, 크루즈, 제타급 등)",LG,LG U+,모악산,https://m.blog.naver.com/pshadm/221683408706,100대명산  모악산  84130
D***8,마곡사,201908**,F,5,"전문직 (의사, 판검사, 예술가, 종교인)",400~499만원,예    ,자녀 있음 ,연립주택/ 다세대/ 빌라,경기,하남시,신장2동,"MPV (카니발, 올란도, 피카소급, 오딧세이 등)",LG,KT,마곡사,https://m.blog.naver.com/usgreen99/221692318243,공주 가볼만한곳 마곡사 가을 모습은
D***7,경천대,201908**,M,5,"사무직 (일반사무직, 공무원, 직업군인)",400~499만원,예    ,자녀 있음 ,아파트/ 주상복합,서울,노원구,월계3동,기타 (승합차/트럭/화물차/기타 차량 등),LG,SKT,경천대,https://m.blog.naver.com/jiyouls/221227527304,상주 경천대마음이 열리는 이곳 경천대 국민관광지
D***6,수타사,201908**,F,3,"전문직 (의사, 판검사, 예술가, 종교인)",200~299만원,아니오,          ,연립주택/ 다세대/ 빌라,서울,광진구,구의1동,,삼성,SKT,수타사,https://m.blog.naver.com/sul_hwa/221684137467,홍천 은행나무숲과 수타사 강원도 가볼만한곳
D***0,거제 남부,201908**,F,3,"서비스직 (요식업, 숙박업, 미용실종업원)",500~599만원,예    ,자녀 없음 ,아파트/ 주상복합,서울,마포구,연남동,,삼성,KT,거제 남부,https://blog.naver.com/rowon98/221488555544,거제 남부 해변길 걷기함목다대다포천장산여차여차홍포전망대홍포대포근포근포마을명사저구항
D***6,안성 죽산,201908**,M,3,"사무직 (일반사무직, 공무원, 직업군인)",600~699만원,예    ,자녀 있음 ,연립주택/ 다세대/ 빌라,서울,은평구,응암동,"중형SUV (싼타페, 쏘렌토, 캡티바, BMW X3급 등)",삼성,SKT,안성 죽산,https://blog.naver.com/pcn1970/221720348259,2019 안성 죽산 문화재 야행 이야기
D***4,궁평,201908**,F,3,"주부 (전업주부, 파트타임 근무 주부)",100~199만원,예    ,자녀 없음 ,아파트/ 주상복합,경기,안양시 동안구,비산1동,,LG,KT,궁평,http://blog.daum.net/seohwi/277,궁평의 마을
D***7,홍길동테마파크,201908**,M,5,"자영업 (도소매업, 숙박업, 미용업)",600~699만원,예    ,자녀 있음 ,아파트/ 주상복합,경기,김포시,마산동,"중형차 (쏘나타, K5, 말리부, 골프급 등)",삼성,SKT,홍길동테마파크,https://m.blog.naver.com/hhs653409/221664061938,장성 홍길동 테마파크 반가운 지인들과의 카라반 캠핑
D***2,원주 플라워프루트월드,201908**,M,2,"학생 (초중고학생, 대학생, 대학원생)",400~499만원,아니오,          ,연립주택/ 다세대/ 빌라,제주,제주시,연동,,삼성,KT,원주 플라워프루트월드,https://blog.naver.com/lsgasd12/221643207852,원주 플라워프루트월드 관광단지 조성 사업 본격화
D***8,원주 오크밸리,201908**,M,2,"서비스직 (요식업, 숙박업, 미용실종업원)",300~399만원,예    ,자녀 있음 ,연립주택/ 다세대/ 빌라,서울,마포구,공덕동,,애플,SKT,원주 오크밸리,https://blog.naver.com/orionbt/221694093685,원주 오크밸리 카라반 여행  야간산책 소나타 오브 라이트
D***1,예당,201908**,M,3,"사무직 (일반사무직, 공무원, 직업군인)",400~499만원,예    ,자녀 없음 ,아파트/ 주상복합,서울,구로구,개봉3동,"준중형차 (아반떼, K3, 크루즈, 제타급 등)",삼성,SKT,예당,https://m.blog.naver.com/lovely_fat/221625644631,충남 예당저수지 예당호 출렁다리
D***3,삼장사,201908**,F,3,기타 ,"1,000만원 이상",아니오,          ,아파트/ 주상복합,경기,남양주시,진접읍,,삼성,SKT,삼장사,https://m.cafe.naver.com/thebomsnap/398,20190516 성내동성당삼장사
D***1,남당,201908**,M,2,"학생 (초중고학생, 대학생, 대학원생)",600~699만원,아니오,          ,아파트/ 주상복합,경기,용인시 처인구,삼가동,,애플,SKT,남당,https://m.blog.naver.com/wodhks0389/221723046008,1130 남당피싱 워너비호 먼바다 우럭 낚시체험 인건가
D***1,알펜시아,201908**,M,5,"자영업 (도소매업, 숙박업, 미용업)",800~899만원,예    ,자녀 있음 ,연립주택/ 다세대/ 빌라,서울,강서구,화곡1동,"준중형차 (아반떼, K3, 크루즈, 제타급 등)",삼성,SKT,알펜시아,https://blog.naver.com/asdffggg2/221648164694,강원도여행 평창 알펜시아 홀리데이인스위트 투베드룸과 오션700 워터파크
D***7,극락암,201908**,M,3,"전문직 (의사, 판검사, 예술가, 종교인)","1,000만원 이상",예    ,자녀 있음 ,단독주택,경기,안산시 상록구,이동,"스포츠 (제네시스 쿠페, BMW M, 벤츠 AMG 등)",삼성,LG U+,극락암,https://m.blog.naver.com/greatsm2001/221711399361,통도사 극락암의 가을
D***3,봉서사,201908**,F,2,"사무직 (일반사무직, 공무원, 직업군인)",700~799만원,아니오,          ,연립주택/ 다세대/ 빌라,서울,관악구,신림동,,애플,SKT,봉서사,https://m.blog.naver.com/ffk1039/221633735995,완주 봉서사
D***4,일락사,201908**,F,3,"주부 (전업주부, 파트타임 근무 주부)",200~299만원,예    ,자녀 없음 ,아파트/ 주상복합,대구,동구,방촌동,,애플,KT,일락사,https://m.blog.naver.com/dado8396/221541480589,일락사개심사서산농장용현계곡퉁퉁고개
D***4,김녕해수욕장,201908**,F,3,"주부 (전업주부, 파트타임 근무 주부)",200~299만원,예    ,자녀 없음 ,아파트/ 주상복합,대구,동구,방촌동,,애플,KT,일락사,https://m.blog.naver.com/findjeju/221593221722,제주도 바다 색이 아름다운 김녕해수욕장 물놀이
D***0,간월도,201908**,M,2,"사무직 (일반사무직, 공무원, 직업군인)","1,000만원 이상",아니오,          ,단독주택,경기,평택시,오성면,"중형차 (쏘나타, K5, 말리부, 골프급 등)",삼성,KT,간월도,https://m.blog.naver.com/jjun0712/221712063671,서산 간월도 간월암 다녀왔어요
D***6,궁평,201908**,M,4,"사무직 (일반사무직, 공무원, 직업군인)",400~499만원,예    ,자녀 있음 ,아파트/ 주상복합,서울,노원구,월계2동,"중형차 (쏘나타, K5, 말리부, 골프급 등)",LG,SKT,궁평,http://blog.daum.net/seohwi/277,궁평의 마을
D***0,용문산,201908**,M,2,"판매직 (상점점원, 보험설계사, 노점상)",100~199만원,아니오,          ,기타 ,부산,남구,대연3동,,삼성,SKT,농월정,https://kaisr2.blog.me/221624459312,양평 용문산 관광단지와 용문사 은행나무
D***0,농월정,201908**,M,2,"판매직 (상점점원, 보험설계사, 노점상)",100~199만원,아니오,          ,기타 ,부산,남구,대연3동,,삼성,SKT,농월정,https://m.blog.naver.com/roadmoog/221568172575,함양 남계서원 농월정 일두고택
D***7,예래휴양형주거,201908**,M,2,무직,500~599만원,아니오,          ,오피스텔,서울,관악구,봉천동,,삼성,LG U+,예래휴양형주거,https://blog.naver.com/bigfish3/221477767193,예래 휴양형 주거단지 현황과 제주도 땅 투자
D***8,사선대,201908**,F,3,"사무직 (일반사무직, 공무원, 직업군인)",400~499만원,예    ,자녀 있음 ,아파트/ 주상복합,인천,서구,연희동,,삼성,KT,사선대,https://m.blog.naver.com/jbgokr/221566547422,선녀들도 반한 국민 관광지 임실 사선대  임실 나들이 명소
D***3,신륵사,201908**,M,2,기타 ,700~799만원,아니오,          ,아파트/ 주상복합,대전,중구,유천2동,,애플,KT,신륵사,https://jbm993.blog.me/221521860991,여주 가볼만한곳 색색의 연등이 예쁜 신륵사
D***4,삼척해수욕장,201908**,F,4,"주부 (전업주부, 파트타임 근무 주부)",400~499만원,예    ,자녀 있음 ,아파트/ 주상복합,경남,밀양시,삼문동,"경차 (모닝, 스파크 등)",LG,LG U+,삼척해수욕장,https://m.blog.naver.com/funny0820/221599410365,삼척여행 Part1삼척 하얀낭만펜션일미어담삼척해변
D***5,금월봉,201908**,F,2,무직,100만원 미만,아니오,          ,연립주택/ 다세대/ 빌라,서울,관악구,신림동,,애플,SKT,금월봉,https://m.blog.naver.com/tarantium82/221696743035,제천1박2일2일차동산분식 덩실분식 제천청풍호모노레일 비봉산전망대 청풍호반케이블카 금월봉석갈비
D***0,청평사,201908**,M,4,"판매직 (상점점원, 보험설계사, 노점상)",200~299만원,예    ,자녀 있음 ,연립주택/ 다세대/ 빌라,서울,중랑구,망우동,"중형차 (쏘나타, K5, 말리부, 골프급 등)",삼성,SKT,청평사,https://blog.naver.com/dlduddms3469/221681611478,춘천 단풍구경하며 산책겸 등산코스 청평사가는길
D***1,호미곶,201908**,M,2,"학생 (초중고학생, 대학생, 대학원생)",100만원 미만,아니오,          ,연립주택/ 다세대/ 빌라,경기,수원시 권선구,금곡동,"경차 (모닝, 스파크 등)",삼성,LG U+,호미곶,https://m.blog.naver.com/okkmskim/221674686567,포항펜션 두남자와 함께했던 코지스위트펜션 죽도시장호미곶
D***9,양양국제공항,201908**,F,3,"사무직 (일반사무직, 공무원, 직업군인)",500~599만원,아니오,          ,아파트/ 주상복합,서울,영등포구,문래동2가,,기타,알뜰폰(MVNO),양양국제공항,https://blog.naver.com/4_28b/221660419232,양양국제공항 타고 제주도 가기 코리아익스프레스에어
D***,장성호,201908**,M,4,"사무직 (일반사무직, 공무원, 직업군인)",400~499만원,예    ,자녀 있음 ,아파트/ 주상복합,광주,서구,화정동,"중형차 (쏘나타, K5, 말리부, 골프급 등)",삼성,SKT,장성호,http://mnews.sarangbang.com/detail/article/1668927,장성 직래거장터 장성호·상무대 최종 선정
D***,주왕산,201908**,M,4,"사무직 (일반사무직, 공무원, 직업군인)",400~499만원,예    ,자녀 있음 ,아파트/ 주상복합,광주,서구,화정동,"중형차 (쏘나타, K5, 말리부, 골프급 등)",삼성,SKT,장성호,https://m.cafe.naver.com/PopularArticleRead.nhn?clubid=12772904&articleid=6768801,주왕산짱 2차 공유벳팅 힘내시고 잘 적중합시다 : 네이버 카페
D***,남원,201908**,F,5,"사무직 (일반사무직, 공무원, 직업군인)",900~999만원,예    ,자녀 있음 ,아파트/ 주상복합,경기,안양시 동안구,관양1동,"중형차 (쏘나타, K5, 말리부, 골프급 등)",삼성,KT,남원,https://news.v.daum.net/v/20190822134143868,남원 원룸 살인사건 60대 女피의자 이미 죽어 있었다 | 다음 뉴스
D***,삽교호,201908**,F,3,"사무직 (일반사무직, 공무원, 직업군인)",300~399만원,아니오,          ,아파트/ 주상복합,인천,중구,중산동,,삼성,SKT,사성암,https://m.blog.naver.com/bennywhang/221431657745,당진 가볼만한곳 삽교호놀이동산 인생사진 찍기 좋아요~ : 네이버 블로그
D***,사성암,201908**,F,3,"사무직 (일반사무직, 공무원, 직업군인)",300~399만원,아니오,          ,아파트/ 주상복합,인천,중구,중산동,,삼성,SKT,사성암,https://m.blog.naver.com/rosalinekim/221605554023,"2019년 여름 섬진강 종주 -04- 횡탄정, 사성암, 남도대교 : 네이버 블로그"
D***,사성암,201908**,F,3,"사무직 (일반사무직, 공무원, 직업군인)",300~399만원,아니오,          ,아파트/ 주상복합,인천,중구,중산동,,삼성,SKT,사성암,https://m.search.naver.com/search.naver?query=%EC%82%AC%EC%84%B1%EC%95%94+8%EC%9B%94+%ED%96%89%EC%82%AC&sm=mtb_hty.top&where=m&oquery=%EC%82%AC%EC%84%B1%EC%95%94+%ED%96%89%EC%82%AC&tqi=UTu0ksp0JWVssQtcN%2FCssssss0l-260251,사성암 8월 행사 : 네이버 통합검색
D***,사성암,201908**,F,3,"사무직 (일반사무직, 공무원, 직업군인)",300~399만원,아니오,          ,아파트/ 주상복합,인천,중구,중산동,,삼성,SKT,사성암,https://m.search.naver.com/search.naver?sm=mtp_hty.top&where=m&query=%EC%82%AC%EC%84%B1%EC%95%94+%ED%96%89%EC%82%AC,사성암 행사 : 네이버 통합검색
D***,보적사,201908**,M,2,,,      ,          ,,광주,동구,금남로5가,,,,보적사,https://m.blog.naver.com/n_n630/221683022330,나홀로 가을 산행  독산성 세마대지 보적사 다녀오기
D***,궁평,201908**,M,2,,,      ,          ,,경기,부천시 원미구,역곡1동,,,,궁평,http://blog.daum.net/seohwi/277,궁평의 마을
D***,속초해수욕장,201908**,F,4,,,      ,          ,,충북,청주시 상당구,율량동,,,,속초해수욕장,https://m.blog.naver.com/plingo/221682706206,여행 아무렇게나 떠난 속초 1박 2일 청초수물회 청초호 왱왱해물촌 중앙시장 영금정 속초해수욕장
D***,해운대,201908**,M,4,"사무직 (일반사무직, 공무원, 직업군인)",500~599만원,예    ,자녀 있음 ,연립주택/ 다세대/ 빌라,서울,강남구,일원동,"중형SUV (싼타페, 쏘렌토, 캡티바, BMW X3급 등)",삼성,SKT,해운대,https://moonjj82.blog.me/221712612297,해운대뷔페 가장 좋아하는 곳 그랜드애플
D***,함덕해안,201908**,M,5,,,      ,          ,,서울,종로구,창신3동,,,,함덕해안,https://m.blog.naver.com/33fanta/221648550419,제주 바다가 보이는 카페제주도 조천함덕해안도로 바람과바다
D***,원주 더네이처,201908**,F,2,,,      ,          ,,서울,양천구,목3동,,,,원주 더네이처,http://www.kwnews.co.kr/nview.asp?s=501&aid=219042100027,원주문막읍 대규모 관광단지 4년만에 재추진
D***,고래불,201908**,F,3,,,      ,          ,,경기,안산시 상록구,월피동,,,,고래불,http://m.blog.daum.net/_blog/_m/articleView.do?blogid=0bogl&articleno=923,해파랑길 트레킹 제23코스 고래불 후포항
D***,방동약수터,201908**,M,5,"자영업 (도소매업, 숙박업, 미용업)",600~699만원,예    ,자녀 있음 ,아파트/ 주상복합,서울,송파구,장지동,"준대형차 (그랜저, K7, 알페온, 캠리급, 파사트급 등)",삼성,LG U+,방동약수터,https://m.blog.naver.com/ttalkook/221601473970,방태산 방동약수터
D***,강화종합리조트,201908**,F,3,,,      ,          ,,경기,파주시,광탄면,,,,강화종합리조트,https://ghssghss.blog.me/221526256903,강화 길상면  강화씨사이드리조트강화도루지
D***,구병산,201908**,F,2,,,      ,          ,,제주,제주시,삼양2동,,,,구병산,https://m.blog.naver.com/osgsb/221692903882,충북 보은 충북알프스의 시작점 아홉봉우리의 구병산
D***,제주헬스케어타운,201908**,M,3,,,      ,          ,,서울,동작구,사당5동,,,,실상사,https://blog.naver.com/solguji/221651290398,추석제주여행  헬스케어타운리조트  한림칼국수  카페라이슬라
D***,실상사,201908**,M,3,,,      ,          ,,서울,동작구,사당5동,,,,실상사,https://m.blog.naver.com/bosom86/221711922236,리군의 사찰 에세이 02 남원 실상사
D***,복전암,201908**,M,2,,,      ,          ,,서울,강동구,강일동,,,,복전암,https://m.blog.naver.com/015sign/221552478539,토요산행   보문산
D***,영산호쌀문화테마공원,201908**,F,3,,,      ,          ,,경기,성남시 분당구,이매동,,,,영산호쌀문화테마공원,https://m.blog.naver.com/ejp8702/221108032274,이천 농업테마공원 쌀문화전시관에서 쌀에 대해 배워봐요
D***,태조산,201908**,M,3,,,      ,          ,,경기,수원시 영통구,하동,,,,태조산,https://m.blog.naver.com/ohs1443/221659948848,천안 태조산421m  흑성산519m
D***,강원송지호,201908**,F,2,"전문직 (의사, 판검사, 예술가, 종교인)",400~499만원,아니오,          ,연립주택/ 다세대/ 빌라,경기,고양시 덕양구,행신3동,,삼성,SKT,강원송지호,https://m.blog.naver.com/jhany00/221660903730,송지호 오토캠핑에서 여름휴가를
D***,송계사,201908**,F,3,,,      ,          ,,충북,청주시 흥덕구,봉명2동,,,,송계사,https://m.blog.naver.com/kimyt9999/221674102000,덕유산 지봉 산행기경남거창 송계사계곡에서 지봉에 올라 횡경재를 거쳐 백암봉까지 달려보자
D***,유현문화,201908**,F,3,"사무직 (일반사무직, 공무원, 직업군인)",200~299만원,아니오,          ,오피스텔,경기,고양시 일산동구,장항2동,"준중형차 (아반떼, K3, 크루즈, 제타급 등)",삼성,SKT,사선대,https://m.blog.naver.com/airbag1/221682877565,횡성여행 횡성호수길 5구간 국순당 유현문화관광지 풍수원성당
D***,사선대,201908**,F,3,"사무직 (일반사무직, 공무원, 직업군인)",200~299만원,아니오,          ,오피스텔,경기,고양시 일산동구,장항2동,"준중형차 (아반떼, K3, 크루즈, 제타급 등)",삼성,SKT,사선대,https://m.blog.naver.com/jbgokr/221566547422,선녀들도 반한 국민 관광지 임실 사선대  임실 나들이 명소
D***,원주 루첸,201908**,M,3,,,      ,          ,,경기,남양주시,진접읍,,,,원주 루첸,https://blog.naver.com/shim7803/220897494183,20161226원주투데이플라워푸르트월드 관광단지 본궤도루첸관광단지 사업내용 변경해 내년말 지정
D***,풍기온천,201908**,M,2,,,      ,          ,,경남,거제시,아주동,,,,풍기온천,https://m.blog.naver.com/sanm308/221569299218,물좋고 공기좋은 소백산풍기온천리조트
D***,유현문화,201908**,M,4,,,      ,          ,,서울,양천구,신정3동,,,,유현문화,https://m.blog.naver.com/airbag1/221682877565,횡성여행 횡성호수길 5구간 국순당 유현문화관광지 풍수원성당
D***,송계사,201908**,M,2,,,      ,          ,,서울,강남구,개포동,,,,송계사,https://m.blog.naver.com/kimyt9999/221674102000,덕유산 지봉 산행기경남거창 송계사계곡에서 지봉에 올라 횡경재를 거쳐 백암봉까지 달려보자
D***,화암,201908**,F,3,,,      ,          ,,대전,동구,삼성동,,,,화암,https://m.blog.naver.com/aoisora2/221689337096,정선 아이와 가볼만한곳 화암동굴 나들이 
D***,마이산회봉온천,201908**,M,3,,,      ,          ,,서울,성북구,석관동,,,,마이산회봉온천,https://m.blog.naver.com/PostView.nhn?blogId=hk8300&logNo=50140957063&proxyReferer=https%3A%2F%2Fm.search.naver.com%2Fsearch.naver%3Fquery%3D%25EB%25A7%2588%25EC%259D%25B4%25EC%2582%25B0%25ED%259A%258C%25EB%25B4%2589%25EC%2598%25A8%25EC%25B2%259C%26sm%3Dmtb_hty.top%26where%3Dm%26oquery%3D%25EB%258C%2580%25EA%25B5%25AC%25EB%25A9%25B4%25EB%258F%2584%25EC%259A%2594%25EC%25A7%2580%26tqi%3DUPO7psprvAdssE166zRssssst3G-144381,마이산회봉온천 새 희망 날개 활짝 폈다
D***,영주순흥,201908**,M,2,,,      ,          ,,전남,영광군,영광읍,,,,영주순흥,https://m.blog.naver.com/63ksyun/221719604248,풍기 온천 후 영주 순흥 선비촌 다녀왔습니다
D***,연등사,201908**,M,3,,,      ,          ,,서울,강서구,가양1동,,,,연등사,https://m.blog.naver.com/buddhafind/221475602259,연등사경북 봉화군 석포면
D***,안동하회,201908**,M,3,,,      ,          ,,서울,마포구,신수동,,,,안동하회,https://m.blog.naver.com/1004rahee/221715786295,안동하회마을 무료공연 하회별신굿탈놀이 부용대
D***,다덕약수,201908**,F,3,,,      ,          ,,서울,강서구,화곡3동,,,,다덕약수,https://m.blog.naver.com/soda8219/221603152068,봉화 약수식당  다덕약수 로 만든 토종닭백숙
D***,직탕,201908**,M,3,,,      ,          ,,울산,동구,방어동,,,,직탕,https://m.blog.naver.com/sonic72/221608063332,20190806 철원일대 폭포를 찾아떠난 여름휴가 재인폭포비둘기낭폭포직탕폭포산정호수
D***,팜파스종합휴양,201908**,M,4,"교직 (교사, 유치원교사, 학원강사)",200~299만원,예    ,자녀 있음 ,아파트/ 주상복합,전북,익산시,부송동,"소형차 (액센트, 프라이드, 아베오, 피아트급 등)",삼성,SKT,팜파스종합휴양,https://blog.naver.com/hriver21/221092893072,팜파스종합휴양관광단지
D***,원각사,201908**,F,2,"학생 (초중고학생, 대학생, 대학원생)",600~699만원,아니오,          ,아파트/ 주상복합,인천,계양구,작전동,,삼성,LG U+,원각사,https://m.blog.naver.com/nelo30/221688868198,가볍게 다이어트 트레킹 겸 다녀온 의정부 원각사
D***,지리산온천,201908**,M,3,"사무직 (일반사무직, 공무원, 직업군인)",400~499만원,아니오,          ,아파트/ 주상복합,경기,광명시,광명7동,"준중형파생 (벨로스터, I30 등)",삼성,LG U+,지리산온천,https://m.blog.naver.com/gksthf2702/221437321030,지리산 온천랜드 후기 지리산 가족여행가격
D***,구인사,201908**,F,3,"주부 (전업주부, 파트타임 근무 주부)",200~299만원,예    ,자녀 없음 ,연립주택/ 다세대/ 빌라,서울,강서구,화곡본동,"경차 (모닝, 스파크 등)",삼성,LG U+,구인사,http://www.insightkorea.co.kr//news/articleView.html?idxno=53879,콩블리 다이어트 초성퀴즈 정답은?...콩블리 다이어트 주인공은 누구? - 인사이트코리아
D***,회상나루,201908**,F,4,"주부 (전업주부, 파트타임 근무 주부)",400~499만원,예    ,자녀 있음 ,아파트/ 주상복합,경기,김포시,장기동,"준중형SUV (투싼, 스포티지, QM5, 티구안급 등)",삼성,SKT,회상나루,https://m.blog.naver.com/easagol/221179750285,회상나루 객주촌
D***,미숭산,201908**,F,2,,,      ,          ,,경기,군포시,군포1동,,,,미숭산,https://m.blog.naver.com/gokory/221652921784,고령 여행 숲과 자연을 느끼며 힐링해요 미숭산자연휴양림
D***,원각사,201908**,M,5,,,      ,          ,,전북,정읍시,수성동,,,,원각사,https://m.blog.naver.com/nelo30/221688868198,가볍게 다이어트 트레킹 겸 다녀온 의정부 원각사
D***,웰리힐리파크,201908**,M,2,,,      ,          ,,경기,시흥시,거모동,,,,웰리힐리파크,https://blog.naver.com/missjoon/221716441790,웰리힐리파크 리프트권 및 록키스키 알파인 스키강습
D***,만리포해수욕장,201908**,F,2,"학생 (초중고학생, 대학생, 대학원생)",500~599만원,아니오,          ,아파트/ 주상복합,경기,의정부시,민락동,"중형SUV (싼타페, 쏘렌토, 캡티바, BMW X3급 등)",애플,LG U+,만리포해수욕장,https://m.blog.naver.com/bb00dd/221721784934,당일치기 태안여행 해미읍성 만리포해수욕장 일몰 까지
D***,문경온천,201908**,M,2,,,      ,          ,,인천,남동구,논현동,,,,문경온천,https://m.blog.naver.com/j3187654/221564941542,불정자연휴양림 문경온천 여행 
D***,레인보우힐링,201908**,M,3,,,      ,          ,,대구,수성구,범물동,,,,레인보우힐링,https://m.blog.naver.com/ydpodoblog/221581379841,민주지산 자연휴양림 레인보우 힐링 숲속 가요제
D***,신화역사공원,201908**,M,3,,,      ,          ,,서울,강서구,등촌3동,,,,신화역사공원,https://present0955.blog.me/221723400417,제주 신화역사공원 홍차 카페 다만프레르
D***,약수암,201908**,F,3,,,      ,          ,,서울,영등포구,당산동6가,,,,약수암,https://m.blog.naver.com/jcjkks/221642522935,도당산시사재 대광사 약수암
D***,청도용암온천,201908**,M,3,"사무직 (일반사무직, 공무원, 직업군인)",300~399만원,아니오,          ,오피스텔,경기,군포시,당정동,"준중형차 (아반떼, K3, 크루즈, 제타급 등)",기타,SKT,청도용암온천,https://m.blog.naver.com/jangsoras2j/221716720216,청도용암온천 즐기고 빛축제까지
D***,간월도,201908**,M,5,,,      ,          ,,충남,천안시 동남구,신부동,,,,간월도,https://m.blog.naver.com/jjun0712/221712063671,서산 간월도 간월암 다녀왔어요
D***,평창 용평,201908**,M,3,기타 ,500~599만원,아니오,          ,연립주택/ 다세대/ 빌라,서울,강북구,번2동,,LG,LG U+,평창 용평,https://blog.naver.com/see302/221593099739,평창가볼만한곳평창 용평리조트 타워콘도 와 용평 워터파크 피크아일랜드현대홈쇼핑
D***8,무창포해수욕장,201908**,M,3,,,      ,          ,,서울,송파구,방이동,,,,무창포해수욕장,https://m.blog.naver.com/kaisr2/221674209424,보령 대천해수욕장과 무창포 해변
D***7,예안현,201908**,M,3,,,      ,          ,,경기,평택시,합정동,,,,예안현,https://m.blog.naver.com/misulmun49/221513555388,조식 유두류산록 이황
D***5,벽계,201908**,M,2,,,      ,          ,,경기,포천시,소흘읍,,,,벽계,https://m.blog.naver.com/uiryeonginfo/221691105047,벽계야영장은 새단장 중
D***9,애월국제문화복합단지,201908**,M,2,,,      ,          ,,서울,강서구,내발산동,,,,애월국제문화복합단지,https://blog.naver.com/bigfish3/221486552408,제주도 땅 투자애월 국제문화복합단지 진척상황
D***4,약수암,201908**,F,2,,,      ,          ,,경남,통영시,광도면,,,,약수암,https://m.blog.naver.com/jcjkks/221642522935,도당산시사재 대광사 약수암
D***8,양양국제공항,201908**,F,5,"주부 (전업주부, 파트타임 근무 주부)","1,000만원 이상",예    ,자녀 있음 ,아파트/ 주상복합,서울,강서구,화곡동,"소형차 (액센트, 프라이드, 아베오, 피아트급 등)",삼성,SKT,양양국제공항,https://blog.naver.com/4_28b/221660419232,양양국제공항 타고 제주도 가기 코리아익스프레스에어
D***0,라비에벨,201908**,F,3,,,      ,          ,,부산,동래구,안락2동,,,,라비에벨,https://blog.naver.com/yangjinss/221716472829,부천예식장 라비에벨웨딩 기억에 많이 남을 것 같아요
D***7,송정,201908**,M,4,,,      ,          ,,서울,성동구,홍익동,,,,송정,https://m.blog.naver.com/lys9783/221711436037,부산 송정 맛집 알찬 전복영양밥 한그릇
D***2,경산온천,201908**,M,3,,,      ,          ,,서울,광진구,중곡1동,,,,기장도예촌,https://m.blog.naver.com/nara4009/221619540380,경산온천상대온천좋아요
D***2,기장도예촌,201908**,M,3,,,      ,          ,,서울,광진구,중곡1동,,,,기장도예촌,https://blog.naver.com/pjhi0523/221704174358,카라반캠핑기장도예촌
D***2,고씨동굴,201908**,M,4,"사무직 (일반사무직, 공무원, 직업군인)",600~699만원,예    ,자녀 있음 ,아파트/ 주상복합,서울,양천구,신정4동,,삼성,SKT,고씨동굴,https://m.blog.naver.com/sumjin1002/221621090655,태화산 끝자락 억년의 신비가 숨쉬고 있는 고씨동굴
D***4,문장대온천,201908**,M,2,,,      ,          ,,서울,강동구,암사3동,,,,문장대온천,http://m.blog.daum.net/_blog/_m/articleView.do?blogid=0F0kb&articleno=8780597,문장대온천개발 온천지구 지정 사실상 백지화 가능성 커
D***5,고석정,201908**,M,2,,,      ,          ,,서울,용산구,동빙고동,,,,고석정,https://m.blog.naver.com/mmm7962/221711870969,철원 여행 고석정 정취를 취하다
D***5,화암사,201908**,M,5,,,      ,          ,,경북,구미시,봉곡동,,,,화암사,https://m.blog.naver.com/happykids70/221674944427,화암사 숲길 신선대에서 바라보는 울산바위
D***3,마니산,201908**,M,5,"교직 (교사, 유치원교사, 학원강사)",400~499만원,예    ,자녀 있음 ,아파트/ 주상복합,경기,광명시,철산동,,기타,SKT,마니산,https://blog.naver.com/jipangdosa/221613683019,한국명산 031 강화도 마니산 등산기
D***7,공릉,201908**,M,3,"사무직 (일반사무직, 공무원, 직업군인)",200~299만원,아니오,          ,아파트/ 주상복합,경기,군포시,산본1동,"준중형차 (아반떼, K3, 크루즈, 제타급 등)",애플,SKT,공릉,https://blog.naver.com/back2462/221721451198,파주 공릉캠핑장 11월 동계 캠핑의 첫 시작
D***4,지장사,201908**,M,3,,,      ,          ,,경기,수원시 권선구,권선동,,,,지장사,https://m.blog.naver.com/asforlove/221709499900,방탄소년단 정국 지장사 직원분이 알려준 꾹이 비하인드스토리
D***1,충주호체험,201908**,M,2,,,      ,          ,,전북,전주시 완산구,중화산동2가,,,,충주호체험,https://m.blog.naver.com/yoohr0507/221553190270,충주호 유람선 체험
D***0,보적사,201908**,M,3,,,      ,          ,,부산,북구,화명3동,,,,보적사,https://m.blog.naver.com/n_n630/221683022330,나홀로 가을 산행  독산성 세마대지 보적사 다녀오기
D***0,무창포해수욕장,201908**,M,2,,,      ,          ,,경기,고양시 덕양구,신원동,,,,무창포해수욕장,https://m.blog.naver.com/kaisr2/221674209424,보령 대천해수욕장과 무창포 해변
D***0,산정호수,201908**,F,2,,,      ,          ,,서울,강남구,삼성동,,,,산정호수,https://tcacyc.blog.me/221725616480,포천 산정호수 둘레길을 걸으며
D***2,회산연꽃방죽,201908**,M,5,"사무직 (일반사무직, 공무원, 직업군인)",800~899만원,예    ,자녀 있음 ,아파트/ 주상복합,경기,광명시,철산3동,"중형차 (쏘나타, K5, 말리부, 골프급 등)",삼성,SKT,회산연꽃방죽,https://m.blog.naver.com/yunm2530/221565757481,일로읍 회산연꽃방죽이야기회산백련지연꽃나들이목포꽃집목포꽃배달 남악꽃배달 일로꽃배달무안꽃배달
D***4,돌문화공원,201908**,F,2,"학생 (초중고학생, 대학생, 대학원생)",100만원 미만,아니오,          ,아파트/ 주상복합,서울,양천구,신정2동,,삼성,KT,돌문화공원,https://m.blog.naver.com/pran0104/221715194651, 제주여행제주관광  제주 돌문화공원
D***1,마금산온천,201908**,F,5,"주부 (전업주부, 파트타임 근무 주부)",300~399만원,예    ,자녀 있음 ,아파트/ 주상복합,서울,영등포구,문래동3가,,LG,KT,마금산온천,https://m.blog.naver.com/peanut_s_/221707257988,창원북면 마금산온천호텔 창원 온천 호텔 추천 리앤호텔  풀빌라 318호 후기
D***4,마니산,201908**,M,2,,,      ,          ,,경기,화성시,향남읍,,,,마니산,https://blog.naver.com/jipangdosa/221613683019,한국명산 031 강화도 마니산 등산기
D***5,주문진,201908**,M,3,,,      ,          ,,광주,광산구,신촌동,,,,주문진,https://blog.naver.com/crazy_yuri/221713254200,새로웠던 주문진 맛집
D***6,부곡온천,201908**,M,5,,,      ,          ,,경기,화성시,능동,,,,부곡온천,https://m.blog.naver.com/cngblog/221721865027,하반기 HOT 생생 부곡온천 라이브공연 12회차
D***6,쌍계사,201908**,M,5,,,      ,          ,,서울,관악구,대학동,,,,쌍계사,https://m.blog.naver.com/gnfeel/221717628454,경상남도 하동  하동 가볼만한곳 지리산자락으로 가을여행 떠나요 하동 쌍계사
D***3,도곡온천,201908**,M,4,"전문직 (의사, 판검사, 예술가, 종교인)",400~499만원,예    ,자녀 있음 ,연립주택/ 다세대/ 빌라,부산,사하구,괴정4동,,삼성,KT,도곡온천,https://m.blog.naver.com/jh630614/221520167548,화순 중봉산도곡온천 기준으로 완벽한 원점회귀 산행코스
D***1,마곡온천,201908**,M,2,,,      ,          ,,인천,부평구,구산동,,,,마곡온천,https://m.blog.naver.com/coco_8600/221653876224,강화도 여행 마곡 맛집  동천  석모도미네랄온천
D***9,운일암반일암,201908**,F,2,,,      ,          ,,경북,칠곡군,가산면,,,,운일암반일암,https://m.blog.naver.com/overroad89/221700138547,전북 가볼만한곳  진안 운일암 반일암 산책
D***1,나주호,201908**,M,2,,,      ,          ,,인천,연수구,옥련1동,,,,나주호,https://m.blog.naver.com/somangheso/221602510603,하늘이 내린 선물 나주호 반영
D***2,강원호반,201908**,M,2,"학생 (초중고학생, 대학생, 대학원생)",100만원 미만,아니오,          ,아파트/ 주상복합,서울,마포구,염리동,,기타,KT,강원호반,http://blog.daum.net/yacho2011/2888,좋은 터 길라잡이(풍수문의 풍수강의)
D***3,한탄강,201908**,F,4,,,      ,          ,,전북,김제시,금구면,,,,한탄강,http://nanazip.com/221721990837,철원 카페  송대소 주상절리 한탄강을 배경으로 커피한잔에 빠져보는 모닝캄빌리지 펜션  카페
D***6,청룡사,201908**,M,4,,,      ,          ,,서울,마포구,신수동,,,,청룡사,https://m.blog.naver.com/ykan7/221713770267,191119 안성 서운산 산행청룡사주차장청룡사정상 왕복코스 끝물 단풍 감상하기
D***4,약수암,201908**,M,2,,,      ,          ,,제주,제주시,용담2동,,,,약수암,https://m.blog.naver.com/jcjkks/221642522935,도당산시사재 대광사 약수암
D***1,경주 감포,201908**,F,4,무직,100~199만원,아니오,          ,단독주택,부산,부산진구,당감1동,,LG,LG U+,경주 감포,https://blog.naver.com/daisykim1987/221485776355,감포팬션바닷가가 한눈에 보이는 경주 팬션
D***7,직탕,201908**,F,5,,,      ,          ,,충남,홍성군,홍북면,,,,직탕,https://m.blog.naver.com/sonic72/221608063332,20190806 철원일대 폭포를 찾아떠난 여름휴가 재인폭포비둘기낭폭포직탕폭포산정호수
D***3,원주 오크밸리,201908**,M,2,,,      ,          ,,서울,강서구,가양동,,,,원주 오크밸리,https://blog.naver.com/orionbt/221694093685,원주 오크밸리 카라반 여행  야간산책 소나타 오브 라이트
D***9,오수의견,201908**,M,5,,,      ,          ,,인천,연수구,옥련2동,,,,오수의견,https://m.blog.naver.com/gloryhealing/221610037579,전북 걷기 좋은 곳 전북 임실 오수의견공원
D***2,산정호수,201908**,M,3,"사무직 (일반사무직, 공무원, 직업군인)",300~399만원,예    ,자녀 있음 ,아파트/ 주상복합,경북,포항시 북구,양덕동,"준대형차 (그랜저, K7, 알페온, 캠리급, 파사트급 등)",삼성,KT,제주용머리,https://tcacyc.blog.me/221725616480,포천 산정호수 둘레길을 걸으며
D***2,제주용머리,201908**,M,3,"사무직 (일반사무직, 공무원, 직업군인)",300~399만원,예    ,자녀 있음 ,아파트/ 주상복합,경북,포항시 북구,양덕동,"준대형차 (그랜저, K7, 알페온, 캠리급, 파사트급 등)",삼성,KT,제주용머리,http://m.blog.daum.net/_blog/_m/articleView.do?blogid=0b2pw&articleno=2342,제주 용머리해안 맛집 가족 식사엔 카도돈카츠
D***5,영주순흥,201908**,F,3,"교직 (교사, 유치원교사, 학원강사)",600~699만원,예    ,자녀 없음 ,아파트/ 주상복합,서울,영등포구,영등포본동,"중형차 (쏘나타, K5, 말리부, 골프급 등)",LG,SKT,영주순흥,https://m.blog.naver.com/63ksyun/221719604248,풍기 온천 후 영주 순흥 선비촌 다녀왔습니다
D***3,영암바둑테마파크,201908**,M,5,"사무직 (일반사무직, 공무원, 직업군인)",600~699만원,예    ,자녀 있음 ,아파트/ 주상복합,경기,의왕시,내손동,"중형차 (쏘나타, K5, 말리부, 골프급 등)",삼성,KT,영암바둑테마파크,https://m.blog.naver.com/ashim1/221266017832,영암 가볼만한곳  월출산 기찬랜드 가야금산조 테마공원
D***1,문경온천,201908**,F,2,,,      ,          ,,,,,,,,문경온천,https://m.blog.naver.com/j3187654/221564941542,불정자연휴양림 문경온천 여행 
D***4,신정호,201908**,M,4,"서비스직 (요식업, 숙박업, 미용실종업원)",200~299만원,아니오,          ,오피스텔,서울,구로구,구로3동,,LG,SKT,신정호,https://m.blog.naver.com/jsn920/221550735561,아산여행신정호 호수공원 전망좋은카페산책 아산 가볼만한곳
D***1,창원 구산해양,201908**,M,3,기타 ,400~499만원,예    ,자녀 없음 ,아파트/ 주상복합,충북,청주시 상당구,사천동,"준중형차 (아반떼, K3, 크루즈, 제타급 등)",LG,KT,창원 구산해양,https://blog.naver.com/a23852/221319178127,창원 마산 외곽 구산카페  통통 오션뷰카페
D***5,제주헬스케어타운,201908**,M,5,"교직 (교사, 유치원교사, 학원강사)",100만원 미만,아니오,          ,아파트/ 주상복합,서울,관악구,성현동,"경차 (모닝, 스파크 등)",삼성,KT,제주헬스케어타운,https://blog.naver.com/solguji/221651290398,추석제주여행  헬스케어타운리조트  한림칼국수  카페라이슬라
D***0,대구면도요지,201908**,M,3,"판매직 (상점점원, 보험설계사, 노점상)",300~399만원,예    ,자녀 있음 ,아파트/ 주상복합,경기,고양시 일산동구,백석1동,"경차 (모닝, 스파크 등)",기타,알뜰폰(MVNO),대구면도요지,https://m.blog.naver.com/skku_skai/220852355231,강진 대구면 도요지 종합정비계획 학술연구용역
D***0,알펜시아,201908**,M,4,"자영업 (도소매업, 숙박업, 미용업)",500~599만원,아니오,          ,오피스텔,서울,금천구,독산1동,"준중형차 (아반떼, K3, 크루즈, 제타급 등)",삼성,SKT,알펜시아,https://blog.naver.com/asdffggg2/221648164694,강원도여행 평창 알펜시아 홀리데이인스위트 투베드룸과 오션700 워터파크
D***7,비슬산,201908**,F,2,"자영업 (도소매업, 숙박업, 미용업)",100~199만원,아니오,          ,오피스텔,서울,마포구,대흥동,,애플,SKT,비슬산,http://blog.daum.net/tourcodi/8129744,대구 달성군 관광 비슬산 암괴류 대견사 참꽃군락지 반딧불이 전기차 달성 여행
D***9,개척사,201908**,F,3,"교직 (교사, 유치원교사, 학원강사)",500~599만원,예    ,자녀 없음 ,아파트/ 주상복합,경기,수원시 권선구,권선동,,LG,SKT,개척사,https://m.blog.naver.com/genseoks1/221406743484,미국 개척사에 두드러진 두 청년
D***2,만남의광장,201908**,M,3,"전문직 (의사, 판검사, 예술가, 종교인)",400~499만원,예    ,자녀 없음 ,아파트/ 주상복합,경남,창원시 성산구,가음동,"준중형차 (아반떼, K3, 크루즈, 제타급 등)",애플,KT,만남의광장,https://m.post.naver.com/viewer/postView.nhn?volumeNo=25975952&memberNo=7250666&vType=VERTICAL,하남 드림 휴게소만남의광장에 수소충전소 오픈
D***3,마우나오션,201908**,M,4,"기능직 (자동차정비, 운전기사, 안경사, 택시기사)",200~299만원,예    ,자녀 있음 ,단독주택,경기,파주시,광탄면,"준중형차 (아반떼, K3, 크루즈, 제타급 등)",LG,KT,마우나오션,https://blog.naver.com/soda7908/221712751372,LPGA가 열렸던 마우나오션cc로 가을골프 다녀왔어요
D***1,임진각,201908**,M,4,"전문직 (의사, 판검사, 예술가, 종교인)",100~199만원,아니오,          ,연립주택/ 다세대/ 빌라,부산,동래구,명륜1동,"준중형차 (아반떼, K3, 크루즈, 제타급 등)",LG,알뜰폰(MVNO),임진각,https://blog.naver.com/lalla282/221708724445,파주관광지추천 아이들과 갈만한곳 임진각 평화누리공원
D***5,아우라지,201908**,M,3,기타 ,300~399만원,아니오,          ,아파트/ 주상복합,경기,수원시 팔달구,화서2동,,LG,LG U+,아우라지,https://m.blog.naver.com/kooni/221672541768,정선 아리랑 시장  물 폭탄 맞은 아우라지
D***4,의성탑산온천,201908**,M,5,"기능직 (자동차정비, 운전기사, 안경사, 택시기사)",100~199만원,예    ,자녀 있음 ,아파트/ 주상복합,충남,천안시 서북구,두정동,"준중형차 (아반떼, K3, 크루즈, 제타급 등)",삼성,LG U+,의성탑산온천,https://m.blog.naver.com/darkspwn1/221256068023,경북 의성 탑산약수온천 유황냄새 진한 지방온천
D***3,묘산봉,201908**,M,2,퇴직/연금생활자,400~499만원,아니오,          ,연립주택/ 다세대/ 빌라,경기,오산시,오산동,"중형차 (쏘나타, K5, 말리부, 골프급 등)",LG,SKT,묘산봉,https://m.blog.naver.com/kohj007/221598565809,제주시 구좌읍 김녕리 묘산봉 일대 농어촌도로 확장
D***0,농월정,201908**,F,3,"주부 (전업주부, 파트타임 근무 주부)",400~499만원,예    ,자녀 없음 ,아파트/ 주상복합,부산,기장군,철마면,,애플,KT,농월정,https://m.blog.naver.com/roadmoog/221568172575,함양 남계서원 농월정 일두고택
D***1,마차탄광문화촌,201908**,F,4,기타 ,200~299만원,아니오,          ,연립주택/ 다세대/ 빌라,서울,강서구,화곡6동,,삼성,SKT,마차탄광문화촌,https://m.blog.naver.com/sweetmeto/221715184365,영월여행  강원도 탄광문화촌 단양영월 2박3일 여행
D***9,척산온천,201908**,M,2,"사무직 (일반사무직, 공무원, 직업군인)",200~299만원,예    ,자녀 없음 ,아파트/ 주상복합,서울,양천구,신정1동,"준대형차 (그랜저, K7, 알페온, 캠리급, 파사트급 등)",삼성,SKT,척산온천,https://m.blog.naver.com/rnara/221478732030,속초 숙소 척산온천휴양촌
D***0,예래휴양형주거,201908**,F,4,"주부 (전업주부, 파트타임 근무 주부)",400~499만원,예    ,자녀 있음 ,아파트/ 주상복합,경기,김포시,감정동,,삼성,KT,예래휴양형주거,https://blog.naver.com/bigfish3/221477767193,예래 휴양형 주거단지 현황과 제주도 땅 투자
D***2,초당,201908**,M,2,,,      ,          ,,대구,북구,침산2동,,,,초당,https://m.blog.naver.com/alicelkm/221568987442,190616 강릉 초당할머니순두부 수요미식회
D***0,강화종합리조트,201908**,M,2,무직,100만원 미만,아니오,          ,연립주택/ 다세대/ 빌라,경기,안산시 상록구,본오동,,애플,LG U+,강화종합리조트,https://ghssghss.blog.me/221526256903,강화 길상면  강화씨사이드리조트강화도루지
D***9,부석사,201908**,M,3,"사무직 (일반사무직, 공무원, 직업군인)",300~399만원,예    ,자녀 있음 ,연립주택/ 다세대/ 빌라,서울,은평구,진관동,"준중형차 (아반떼, K3, 크루즈, 제타급 등)",삼성,SKT,부석사,https://m.blog.naver.com/ekswldkvkxm2/221710948020,경북가볼만한곳 영주 부석사
D***7,광덕계곡,201908**,M,3,"사무직 (일반사무직, 공무원, 직업군인)",700~799만원,예    ,자녀 없음 ,연립주택/ 다세대/ 빌라,서울,마포구,도화동,"중형차 (쏘나타, K5, 말리부, 골프급 등)",기타,SKT,광덕계곡,https://m.blog.naver.com/hardprince/221676277562,즐거운 와인딩 코스 여우고개  백운계곡  광덕계곡  도마치재 M으로 지지기
D***8,청량사,201908**,M,3,"기능직 (자동차정비, 운전기사, 안경사, 택시기사)",100~199만원,아니오,          ,단독주택,강원,영월군,영월읍,"중형차 (쏘나타, K5, 말리부, 골프급 등)",삼성,SKT,청량사,https://m.blog.naver.com/iloveknp/221699419985,가야산국립공원남산제일봉 청량사 원점회귀 등산코스
D***8,실상사,201908**,M,2,기타 ,300~399만원,아니오,          ,연립주택/ 다세대/ 빌라,서울,강북구,번동,"준중형SUV (투싼, 스포티지, QM5, 티구안급 등)",삼성,SKT,실상사,https://m.blog.naver.com/bosom86/221711922236,리군의 사찰 에세이 02 남원 실상사
D***9,용호씨사이드,201908**,F,2,"학생 (초중고학생, 대학생, 대학원생)",400~499만원,아니오,          ,연립주택/ 다세대/ 빌라,서울,송파구,장지동,,애플,LG U+,용호씨사이드,http://www.kookje.co.kr/news2011/asp/newsbody.asp?code=0200&key=20171123.22001010675,부산 용호동 씨사이드 분쟁 부산시 관광지 취소 경고
D***9,장성호,201908**,M,3,"기능직 (자동차정비, 운전기사, 안경사, 택시기사)",300~399만원,아니오,          ,연립주택/ 다세대/ 빌라,서울,송파구,송파1동,"소형차 (액센트, 프라이드, 아베오, 피아트급 등)",삼성,LG U+,장성호,https://m.blog.naver.com/wella5442/221704598476,장성 가볼만한곳 장성호 수변길 출렁다리
D***5,개척사,201908**,F,3,"사무직 (일반사무직, 공무원, 직업군인)",300~399만원,아니오,          ,아파트/ 주상복합,충북,진천군,진천읍,"경차 (모닝, 스파크 등)",삼성,LG U+,개척사,https://m.blog.naver.com/genseoks1/221406743484,미국 개척사에 두드러진 두 청년
D***9,해남 오시아노,201908**,M,2,"학생 (초중고학생, 대학생, 대학원생)",500~599만원,아니오,          ,아파트/ 주상복합,대구,동구,신천3동,"준중형SUV (투싼, 스포티지, QM5, 티구안급 등)",애플,KT,해남 오시아노,https://blog.naver.com/qud005/221544080363,캠핑장 추천  해남 오시아노 캠핑장
D***8,오전약수,201908**,F,5,"전문직 (의사, 판검사, 예술가, 종교인)",500~599만원,예    ,자녀 있음 ,연립주택/ 다세대/ 빌라,인천,강화군,강화읍,,삼성,LG U+,오전약수,https://m.blog.naver.com/sanm308/221616161992,태백산에 싸여있는 봉화군 물야 오전약수
D***4,무릉계곡,201908**,M,5,"관리직 (사장, 간부, 고위공무원)",800~899만원,예    ,자녀 있음 ,아파트/ 주상복합,경기,파주시,광탄면,"준대형차 (그랜저, K7, 알페온, 캠리급, 파사트급 등)",LG,LG U+,무릉계곡,http://m.blog.daum.net/_blog/_m/articleView.do?blogid=0W7Ve&articleno=858,단풍따라 흐르는 가을여행 - 6. 무릉계곡 여행
D***6,미륵사지,201908**,F,3,"전문직 (의사, 판검사, 예술가, 종교인)",200~299만원,아니오,          ,연립주택/ 다세대/ 빌라,서울,광진구,구의1동,,삼성,SKT,미륵사지,https://m.blog.naver.com/jhyang58/221711567421,미륵사지 교도소세트장 보석박물관  익산  전주 여행  1 
D***9,평택호,201908**,M,5,"자영업 (도소매업, 숙박업, 미용업)",400~499만원,예    ,자녀 있음 ,아파트/ 주상복합,서울,송파구,잠실3동,"대형차 (제너시스, BMW5급 등)",삼성,KT,평택호,https://blog.naver.com/inkyungidd/221621262586,평택호텔  그랜드호텔 평택호 뷰를 볼 수 있는 호텔 추천
D***6,휘닉스파크,201908**,M,2,,,      ,          ,,,,,,,,휘닉스파크,https://blog.naver.com/vegemilstory/221663623759,가을 여행지 평창 가볼만한 곳 휘닉스 파크 1박 2일  양떼목장 체험까지
D***7,남원,201908**,F,2,"주부 (전업주부, 파트타임 근무 주부)",100만원 미만,예    ,자녀 있음 ,아파트/ 주상복합,부산,부산진구,개금동,,삼성,KT,남원,https://m.blog.naver.com/lesu0/221715390631,국내여행  남원숙소 너무 좋았던 에어비앤비 수곡당
D***9,청도온천,201908**,F,2,,,      ,          ,,서울,동작구,사당5동,,,,청도온천,https://m.cafe.naver.com/daegumam2003/187255,청도 온천갑니다용
D***5,부곡온천,201908**,F,2,"학생 (초중고학생, 대학생, 대학원생)",400~499만원,아니오,          ,아파트/ 주상복합,경기,용인시 기흥구,신갈동,,애플,LG U+,부곡온천,https://m.blog.naver.com/cngblog/221721865027,하반기 HOT 생생 부곡온천 라이브공연 12회차
D***3,홍길동테마파크,201908**,M,2,"학생 (초중고학생, 대학생, 대학원생)",100만원 미만,아니오,          ,단독주택,서울,동대문구,회기동,,삼성,KT,홍길동테마파크,https://m.blog.naver.com/hhs653409/221664061938,장성 홍길동 테마파크 반가운 지인들과의 카라반 캠핑
D***6,태종대,201908**,F,2,,,      ,          ,,대전,서구,둔산동,,,,태종대,https://blog.naver.com/lovely_fat/221718153043,부산 해동용궁사와 태종대로 효도관광
D***9,벽골제,201908**,M,5,,,      ,          ,,전북,전주시 완산구,서노송동,,,,벽골제,https://m.blog.naver.com/robyn27/221649036302,놀거리가 가득한 곳  김제 벽골제
D***6,문경상리,201908**,F,2,,,      ,          ,,인천,남구,주안8동,,애플,SKT,문경상리,http://m.blog.daum.net/_blog/_m/articleView.do?blogid=03UvL&articleno=15857454,문경 상리 삼층석탑 경북 문경
D***5,대관령 어흘리,201908**,M,3,"사무직 (일반사무직, 공무원, 직업군인)",400~499만원,예    ,자녀 있음 ,아파트/ 주상복합,경기,하남시,덕풍1동,"대형차 (제너시스, BMW5급 등)",삼성,KT,대관령 어흘리,https://m.blog.naver.com/jauroune/221662945310,대관령 어흘리 100년 소나무 숲길  대관령 치유의 숲길
D***6,송불암,201908**,M,3,"전문직 (의사, 판검사, 예술가, 종교인)",400~499만원,예    ,자녀 없음 ,오피스텔,경기,수원시 영통구,이의동,"준중형차 (아반떼, K3, 크루즈, 제타급 등)",삼성,KT,송불암,https://m.blog.naver.com/nscity/221624748483,논산여행 황산벌의 중심에 자리한 논산 송불암 미륵불
D***2,홍천 비발디파크,201908**,F,5,"사무직 (일반사무직, 공무원, 직업군인)",400~499만원,예    ,자녀 있음 ,연립주택/ 다세대/ 빌라,인천,부평구,산곡1동,,기타,SKT,홍천 비발디파크,https://blog.naver.com/loveeoni/221717350562,비발디파크 근처 펜션 홍천 힐링하우스 뜨끈한 온돌방 넘나 좋음
D***4,운주사,201908**,F,3,"판매직 (상점점원, 보험설계사, 노점상)",200~299만원,아니오,          ,단독주택,서울,강북구,미아동,,LG,알뜰폰(MVNO),운주사,https://m.blog.naver.com/sanbada2004/221635346744,화순 운주사
D***0,월명암,201908**,M,2,"학생 (초중고학생, 대학생, 대학원생)",400~499만원,아니오,          ,아파트/ 주상복합,서울,광진구,구의3동,,애플,SKT,월명암,https://m.blog.naver.com/rowon98/221698025729,깊어가는 내변산의 가을 풍경1남여치월명암직소폭포재백이고개
D***7,문수사,201908**,M,4,,,      ,          ,,경기,남양주시,화도읍,,,,문수사,http://m.blog.daum.net/_blog/_m/articleView.do?blogid=0qXA2&articleno=504,고창 청량산 문수사
D***5,여수 화양,201908**,F,5,"주부 (전업주부, 파트타임 근무 주부)",400~499만원,예    ,자녀 있음 ,아파트/ 주상복합,경기,부천시 원미구,역곡2동,,삼성,SKT,여수 화양,https://hjjnlove4.blog.me/221426880809,여수 맛집 화양식당 장어구이 장어탕
D***5,문장대온천,201908**,M,5,"관리직 (사장, 간부, 고위공무원)",500~599만원,예    ,자녀 있음 ,오피스텔,서울,서대문구,창천동,"준대형차 (그랜저, K7, 알페온, 캠리급, 파사트급 등)",삼성,SKT,문장대온천,http://m.blog.daum.net/_blog/_m/articleView.do?blogid=0F0kb&articleno=8780597,문장대온천개발 온천지구 지정 사실상 백지화 가능성 커
D***4,합천호,201908**,M,2,"학생 (초중고학생, 대학생, 대학원생)","1,000만원 이상",아니오,          ,아파트/ 주상복합,부산,사하구,당리동,,애플,SKT,합천호,http://m.blog.daum.net/_blog/_m/articleView.do?blogid=0Nnmh&articleno=2256,합천 악견산~의룡산 종주 - 합천호 조망과 천길단애를 경험할 수 있는 산 (대병3산/대병5악/십자바위/악견산성)
D***3,직지사,201908**,F,2,"사무직 (일반사무직, 공무원, 직업군인)",700~799만원,아니오,          ,연립주택/ 다세대/ 빌라,서울,관악구,신림동,,애플,SKT,직지사,https://m.blog.naver.com/promise065/221702745601,김천 직지사  템플스테이 1박2일
D***0,금강하구둑,201908**,F,2,"주부 (전업주부, 파트타임 근무 주부)",200~299만원,예    ,자녀 없음 ,아파트/ 주상복합,서울,관악구,신원동,"대형SUV (베라크루즈, 모하비, 투아렉급 등)",애플,KT,금강하구둑,https://m.blog.naver.com/11cap/221590974456,금강자전거길신탄진금강하구둑20190702
D***6,아산온천,201908**,M,2,"생산/노무직 (생산감독, 경비원, 공장근로자)",300~399만원,아니오,          ,기타 ,울산,북구,양정동,,삼성,KT,아산온천,https://m.blog.naver.com/bucketlist79/221721363500,아산온천 당일치기 겨울여행 아산스파비스캠마녀의 나댕김 20191124
D***2,고성 델피노 골프앤리조트,201908**,M,5,"기능직 (자동차정비, 운전기사, 안경사, 택시기사)",800~899만원,예    ,자녀 있음 ,아파트/ 주상복합,경기,군포시,산본동,"중형차 (쏘나타, K5, 말리부, 골프급 등)",삼성,SKT,고성 델피노 골프앤리조트,https://blog.naver.com/aramouse/221589693496,가족여행 숙소 추천 고성 속초 델피노골프앤리조트 카페로까 조식 리뷰
D***8,나주호,201908**,F,5,"주부 (전업주부, 파트타임 근무 주부)",300~399만원,예    ,자녀 있음 ,아파트/ 주상복합,경북,경주시,현곡면,"경차 (모닝, 스파크 등)",삼성,SKT,나주호,https://m.blog.naver.com/somangheso/221602510603,하늘이 내린 선물 나주호 반영
D***6,청룡사,201908**,F,2,"사무직 (일반사무직, 공무원, 직업군인)",900~999만원,아니오,          ,아파트/ 주상복합,경기,군포시,수리동,,애플,KT,청룡사,https://m.blog.naver.com/ykan7/221713770267,191119 안성 서운산 산행청룡사주차장청룡사정상 왕복코스 끝물 단풍 감상하기
D***5,만남의광장,201908**,M,4,"사무직 (일반사무직, 공무원, 직업군인)",200~299만원,아니오,          ,연립주택/ 다세대/ 빌라,서울,강남구,대치동,"중형SUV (싼타페, 쏘렌토, 캡티바, BMW X3급 등)",삼성,SKT,만남의광장,https://m.post.naver.com/viewer/postView.nhn?volumeNo=25975952&memberNo=7250666&vType=VERTICAL,하남 드림 휴게소만남의광장에 수소충전소 오픈
D***6,화순온천,201908**,M,2,"판매직 (상점점원, 보험설계사, 노점상)",100~199만원,아니오,          ,단독주택,대구,수성구,중동,,애플,KT,화순온천,https://m.blog.naver.com/haengbok2/221608294392,아들과 둘이 한 광주 차박여행광주챔피언스필드 대인야시장 화순온천 광주호 전주
D***7,마한문화,201908**,M,4,"사무직 (일반사무직, 공무원, 직업군인)",400~499만원,예    ,자녀 있음 ,아파트/ 주상복합,서울,영등포구,문래동4가,"준중형SUV (투싼, 스포티지, QM5, 티구안급 등)",삼성,SKT,마한문화,https://m.blog.naver.com/pson30/221724282236,영암 마한문화공원 191125
D***6,장성호,201908**,F,2,기타 ,500~599만원,예    ,자녀 있음 ,아파트/ 주상복합,경기,군포시,당동,,삼성,SKT,장성호,https://m.blog.naver.com/wella5442/221704598476,장성 가볼만한곳 장성호 수변길 출렁다리
D***6,춘장대해수욕장,201908**,M,4,,,      ,          ,,서울,관악구,봉천동,,,,춘장대해수욕장,https://m.blog.naver.com/ka8564/221667927409,춘장대 해수욕장과 홍원항 쭈꾸미낚시 풍경
D***8,여수 경도,201908**,M,4,"기능직 (자동차정비, 운전기사, 안경사, 택시기사)",500~599만원,예    ,자녀 있음 ,아파트/ 주상복합,경남,밀양시,삼문동,"준중형SUV (투싼, 스포티지, QM5, 티구안급 등)",삼성,KT,여수 경도,https://blog.naver.com/zephyr122059/221339654475,수요미식회 여수  경도 자연횟집  여수 10미 하모 샤브샤브
D***2,고성 델피노 골프앤리조트,201908**,M,3,,,      ,          ,,서울,강북구,삼각산동,,,,고성 델피노 골프앤리조트,https://blog.naver.com/aramouse/221589693496,가족여행 숙소 추천 고성 속초 델피노골프앤리조트 카페로까 조식 리뷰
D***8,삼포 문암,201908**,F,5,무직,100~199만원,예    ,자녀 없음 ,연립주택/ 다세대/ 빌라,서울,도봉구,쌍문3동,,삼성,SKT,삼포 문암,https://m.blog.naver.com/heysun62/221545300677,고성  삼포문암진해변 개발
D***8,청학사,201908**,F,3,"사무직 (일반사무직, 공무원, 직업군인)",400~499만원,아니오,          ,아파트/ 주상복합,경기,용인시 기흥구,동백동,"중형차 (쏘나타, K5, 말리부, 골프급 등)",애플,KT,청학사,https://m.blog.naver.com/yeonsulife/221652152813,SNS 서포터즈 연수구 사찰 여행 호불사와 청학사 가을 산책
D***0,등명,201908**,M,4,"판매직 (상점점원, 보험설계사, 노점상)",200~299만원,예    ,자녀 있음 ,연립주택/ 다세대/ 빌라,서울,중랑구,망우동,"중형차 (쏘나타, K5, 말리부, 골프급 등)",삼성,SKT,등명,https://m.blog.naver.com/fedfox77/221616393516,강릉 해수욕장 추천 작지만 편안한 등명해변등명해수욕장
D***6,미탄마하생태,201908**,M,2,"학생 (초중고학생, 대학생, 대학원생)",500~599만원,아니오,          ,기타 ,경남,창원시 성산구,불모산동,"소형차 (액센트, 프라이드, 아베오, 피아트급 등)",삼성,LG U+,미탄마하생태,https://m.blog.naver.com/leeewon47/221479158841,대한민국 대표 관광지 강원도 강원도 관광지 현황은
D***4,홍천온천,201908**,M,3,"서비스직 (요식업, 숙박업, 미용실종업원)",400~499만원,예    ,자녀 없음 ,연립주택/ 다세대/ 빌라,서울,강남구,일원본동,,,휴대전화 사용안함,홍천온천,https://m.blog.naver.com/hush113/221660267943,홍천 온천홍천에서 온천을 한다면오래된 시설이지만 물은 괜찮았던 원탕 온천목욕탕
D***6,화암,201908**,M,4,"사무직 (일반사무직, 공무원, 직업군인)",400~499만원,예    ,자녀 없음 ,아파트/ 주상복합,경기,의정부시,호원2동,"중형차 (쏘나타, K5, 말리부, 골프급 등)",애플,SKT,화암,https://m.blog.naver.com/aoisora2/221689337096,정선 아이와 가볼만한곳 화암동굴 나들이 
D***9,성기동,201908**,F,3,"사무직 (일반사무직, 공무원, 직업군인)",500~599만원,아니오,          ,아파트/ 주상복합,서울,영등포구,문래동2가,,기타,알뜰폰(MVNO),성기동,https://m.blog.naver.com/cakemart/221202346421,영암 왕인박사 유적지   3 성기동 성천
D***,경주 보문,201909**,M,3,,,      ,          ,,경기,오산시,오산동,,,,경주 보문,https://blog.naver.com/asas0957/221701086136,경주 단풍 보문단지 산책 with 무지개
D***,흥룡사,201909**,F,5,"사무직 (일반사무직, 공무원, 직업군인)",700~799만원,예    ,자녀 있음 ,아파트/ 주상복합,부산,북구,만덕2동,,삼성,SKT,흥룡사,https://m.blog.naver.com/ddungddy9073/221281506814,포천여행 백운산 자락에 있는 흑룡사
D***,변산해수욕장,201909**,F,5,,,      ,          ,,인천,중구,운남동,,,,변산해수욕장,https://m.blog.naver.com/soolok791/221651245712,변산 해수욕장 스타렉스 캠핑카 타고 여행  갯벌체험으로 조개를 캤어요
D***,복전암,201909**,M,4,,,      ,          ,,경기,고양시 덕양구,토당동,,,,복전암,https://m.blog.naver.com/015sign/221552478539,토요산행   보문산
D***,안성 죽산,201909**,F,2,,,      ,          ,,부산,남구,문현3동,,,,안성 죽산,https://blog.naver.com/pcn1970/221720348259,2019 안성 죽산 문화재 야행 이야기
D***,산정호수,201909**,M,4,"생산/노무직 (생산감독, 경비원, 공장근로자)",700~799만원,예    ,자녀 있음 ,아파트/ 주상복합,대전,유성구,관평동,"중형차 (쏘나타, K5, 말리부, 골프급 등)",삼성,알뜰폰(MVNO),산정호수,https://tcacyc.blog.me/221725616480,포천 산정호수 둘레길을 걸으며
D***,알펜시아,201909**,F,3,,,      ,          ,,서울,광진구,구의3동,,,,알펜시아,https://blog.naver.com/asdffggg2/221648164694,강원도여행 평창 알펜시아 홀리데이인스위트 투베드룸과 오션700 워터파크
D***,지리산온천,201909**,M,5,"사무직 (일반사무직, 공무원, 직업군인)",800~899만원,예    ,자녀 있음 ,아파트/ 주상복합,전북,무주군,무주읍,"준중형차 (아반떼, K3, 크루즈, 제타급 등)",LG,LG U+,지리산온천,https://m.blog.naver.com/gksthf2702/221437321030,지리산 온천랜드 후기 지리산 가족여행가격
D***,청도용암온천,201909**,M,3,,,      ,          ,,인천,남동구,만수5동,,,,청도용암온천,https://m.blog.naver.com/jangsoras2j/221716720216,청도용암온천 즐기고 빛축제까지
D***,한국차소리문화공원,201909**,M,3,,,      ,          ,,서울,관악구,청룡동,,,,한국차소리문화공원,https://m.blog.naver.com/peri26100/220924962670,보성여행 보성차밭빛축제  한국차소리문화공원
D***,금강하구둑,201909**,M,2,,,      ,          ,,충남,천안시 서북구,쌍용3동,,,,금강하구둑,https://m.blog.naver.com/11cap/221590974456,금강자전거길신탄진금강하구둑20190702
D***,고성 델피노 골프앤리조트,201909**,F,3,,,      ,          ,,대전,유성구,죽동,,,,고성 델피노 골프앤리조트,https://blog.naver.com/aramouse/221589693496,가족여행 숙소 추천 고성 속초 델피노골프앤리조트 카페로까 조식 리뷰
D***,협재해안,201909**,M,5,,,      ,          ,,대구,북구,침산2동,,,,협재해안,https://m.blog.naver.com/yhm529/221657268440,나혼자산다수요미식회 맛집 제주 협재해안 수우동
D***,방동약수터,201909**,M,5,"관리직 (사장, 간부, 고위공무원)",600~699만원,예    ,자녀 있음 ,아파트/ 주상복합,충남,천안시 서북구,쌍용2동,"중형차 (쏘나타, K5, 말리부, 골프급 등)",LG,KT,방동약수터,https://m.blog.naver.com/ttalkook/221601473970,방태산 방동약수터
D***,임진각,201909**,F,3,,,      ,          ,,서울,강북구,수유2동,,,,임진각,https://blog.naver.com/lalla282/221708724445,파주관광지추천 아이들과 갈만한곳 임진각 평화누리공원
D***,율포해수욕장,201909**,M,3,"학생 (초중고학생, 대학생, 대학원생)",100~199만원,아니오,          ,단독주택,제주,제주시,삼도2동,,삼성,SKT,율포해수욕장,https://m.blog.naver.com/day31479/221486986413,전라도1박2일여행여수낭만포차 율포해수욕장 광한루원
D***,신지명사십리,201909**,M,3,,,      ,          ,,서울,중랑구,면목동,,,,신지명사십리,https://m.blog.naver.com/kurum_be/221503580309,여로4  완도 신지명사십리해수욕장  20190325
D***,신화랑,201909**,F,5,,,      ,          ,,인천,남동구,논현동,,,,신화랑,https://m.blog.naver.com/wind_0227/221554355785,청도 가볼만한곳 신화랑풍류마을 생각보다 알차
D***,예안현,201909**,F,3,,,      ,          ,,경기,용인시 수지구,동천동,,,,예안현,https://m.blog.naver.com/misulmun49/221513555388,조식 유두류산록 이황
D***,문경온천,201909**,M,4,,,      ,          ,,대전,서구,갈마2동,,,,문경온천,https://m.blog.naver.com/j3187654/221564941542,불정자연휴양림 문경온천 여행 
D***,거제 남부,201909**,F,4,"전문직 (의사, 판검사, 예술가, 종교인)",800~899만원,예    ,자녀 있음 ,아파트/ 주상복합,경기,과천시,갈현동,"중형차 (쏘나타, K5, 말리부, 골프급 등)",삼성,알뜰폰(MVNO),거제 남부,https://blog.naver.com/rowon98/221488555544,거제 남부 해변길 걷기함목다대다포천장산여차여차홍포전망대홍포대포근포근포마을명사저구항
D***,장호,201909**,M,4,,,      ,          ,,경북,경주시,동천동,,,,장호,https://m.blog.naver.com/qsaxzd/221623300383,장호비치캠핑장 삼척여행
D***,구곡폭포,201909**,F,5,,,      ,          ,,서울,강남구,대치1동,,,,구곡폭포,https://blog.naver.com/jsl3335/221675894684,구곡 폭포 나들이
D***,호미곶,201909**,F,5,,,      ,          ,,서울,강남구,대치1동,,,,구곡폭포,https://m.blog.naver.com/okkmskim/221674686567,포항펜션 두남자와 함께했던 코지스위트펜션 죽도시장호미곶
D***,호미곶,201909**,M,2,,,      ,          ,,충남,천안시 동남구,신부동,,,,호미곶,https://m.blog.naver.com/okkmskim/221674686567,포항펜션 두남자와 함께했던 코지스위트펜션 죽도시장호미곶
D***,벽골제,201909**,M,2,"학생 (초중고학생, 대학생, 대학원생)",300~399만원,아니오,          ,아파트/ 주상복합,서울,강북구,번3동,,삼성,LG U+,벽골제,https://m.blog.naver.com/robyn27/221649036302,놀거리가 가득한 곳  김제 벽골제
D***,제주용머리,201909**,F,4,무직,100~199만원,아니오,          ,오피스텔,서울,구로구,오류동,,LG,SKT,제주용머리,http://m.blog.daum.net/_blog/_m/articleView.do?blogid=0b2pw&articleno=2342,제주 용머리해안 맛집 가족 식사엔 카도돈카츠
D***,대관령 어흘리,201909**,F,3,,,      ,          ,,충북,청주시 흥덕구,가경동,,,,대관령 어흘리,https://m.blog.naver.com/jauroune/221662945310,대관령 어흘리 100년 소나무 숲길  대관령 치유의 숲길
D***,삼척해수욕장,201909**,F,4,"사무직 (일반사무직, 공무원, 직업군인)",500~599만원,예    ,자녀 있음 ,연립주택/ 다세대/ 빌라,경기,부천시 원미구,상동,"중형SUV (싼타페, 쏘렌토, 캡티바, BMW X3급 등)",삼성,SKT,삼척해수욕장,https://m.blog.naver.com/funny0820/221599410365,삼척여행 Part1삼척 하얀낭만펜션일미어담삼척해변
D***,화순온천,201909**,M,3,"사무직 (일반사무직, 공무원, 직업군인)",300~399만원,예    ,자녀 있음 ,아파트/ 주상복합,경남,양산시,물금읍,"중형SUV (싼타페, 쏘렌토, 캡티바, BMW X3급 등)",삼성,SKT,화순온천,https://m.blog.naver.com/haengbok2/221608294392,아들과 둘이 한 광주 차박여행광주챔피언스필드 대인야시장 화순온천 광주호 전주
D***,백제가요정읍사,201909**,M,2,,,      ,          ,,서울,강남구,일원본동,,,,백제가요정읍사,https://m.blog.naver.com/japansisa/221583141689,백제의 가요 정읍사 망한가로 새롭게 태어나다
D***,초당,201909**,F,3,"전문직 (의사, 판검사, 예술가, 종교인)",800~899만원,예    ,자녀 없음 ,아파트/ 주상복합,서울,은평구,신사1동,"준중형차 (아반떼, K3, 크루즈, 제타급 등)",삼성,SKT,초당,https://m.blog.naver.com/alicelkm/221568987442,190616 강릉 초당할머니순두부 수요미식회
D***,평택호,201909**,M,5,,,      ,          ,,강원,동해시,부곡동,,,,평택호,https://blog.naver.com/inkyungidd/221621262586,평택호텔  그랜드호텔 평택호 뷰를 볼 수 있는 호텔 추천
D***,해신장보고,201909**,M,5,,,      ,          ,,전북,고창군,상하면,,,,해신장보고,https://m.blog.naver.com/hohosuly/221539086115,을왕리 조개구이  해신장보고  설레여
D***,청량사,201909**,M,2,"학생 (초중고학생, 대학생, 대학원생)",500~599만원,아니오,          ,연립주택/ 다세대/ 빌라,서울,관악구,신림동,"중형SUV (싼타페, 쏘렌토, 캡티바, BMW X3급 등)",애플,KT,청량사,https://m.blog.naver.com/iloveknp/221699419985,가야산국립공원남산제일봉 청량사 원점회귀 등산코스
D***,알펜시아,201909**,M,5,,,      ,          ,,서울,노원구,공릉1.3동,,,,알펜시아,https://blog.naver.com/asdffggg2/221648164694,강원도여행 평창 알펜시아 홀리데이인스위트 투베드룸과 오션700 워터파크
D***,영암바둑테마파크,201909**,F,3,,,      ,          ,,인천,서구,당하동,,,,영암바둑테마파크,https://m.blog.naver.com/ashim1/221266017832,영암 가볼만한곳  월출산 기찬랜드 가야금산조 테마공원
D***,미천굴,201909**,M,4,,,      ,          ,,경기,수원시 장안구,정자3동,,,,미천굴,https://m.blog.naver.com/xodiddldkqk/221706364651,제주 일출랜드 그리고 미천굴
D***,무릉계곡,201909**,M,5,"기능직 (자동차정비, 운전기사, 안경사, 택시기사)",300~399만원,예    ,자녀 있음 ,아파트/ 주상복합,부산,연제구,연산5동,"중형SUV (싼타페, 쏘렌토, 캡티바, BMW X3급 등)",삼성,KT,무릉계곡,http://m.blog.daum.net/_blog/_m/articleView.do?blogid=0W7Ve&articleno=858,단풍따라 흐르는 가을여행 - 6. 무릉계곡 여행
D***,돌문화공원,201909**,F,2,,,      ,          ,,서울,광진구,자양3동,,,,돌문화공원,https://m.blog.naver.com/pran0104/221715194651, 제주여행제주관광  제주 돌문화공원
D***,표충사,201909**,M,4,,,      ,          ,,서울,양천구,신정4동,,,,표충사,https://m.blog.naver.com/jupan1999/221715055350,표충사 우리아이마음숲놀이터 하루 종일 놀겠다는 아이들
D***,무창포해수욕장,201909**,F,5,,,      ,          ,,서울,노원구,중계동,,,,무창포해수욕장,https://m.blog.naver.com/kaisr2/221674209424,보령 대천해수욕장과 무창포 해변
D***,보적사,201909**,M,4,,,      ,          ,,경북,구미시,공단동,,,,보적사,https://m.blog.naver.com/n_n630/221683022330,나홀로 가을 산행  독산성 세마대지 보적사 다녀오기
D***,안동문화,201909**,M,4,,,      ,          ,,경기,고양시 일산서구,일산2동,,,,안동문화,https://blog.naver.com/jomkkange/221718101147,191125 1박 2일 안동 여행  세계문화유산 도산서원
D***,삼포 문암,201909**,M,3,"전문직 (의사, 판검사, 예술가, 종교인)",800~899만원,예    ,자녀 있음 ,아파트/ 주상복합,경기,안양시 동안구,관양2동,"대형차 (제너시스, BMW5급 등)",애플,SKT,삼포 문암,https://m.blog.naver.com/heysun62/221545300677,고성  삼포문암진해변 개발
D***,안적사,201909**,F,2,,,      ,          ,,광주,북구,연제동,,,,안적사,https://m.blog.naver.com/isinki/221675421360,기장 안적사에서 가을을 맞이했습니다
D***,고래불,201909**,M,5,"사무직 (일반사무직, 공무원, 직업군인)",400~499만원,예    ,자녀 있음 ,아파트/ 주상복합,강원,동해시,쇄운동,"중형차 (쏘나타, K5, 말리부, 골프급 등)",삼성,SKT,고래불,http://m.blog.daum.net/_blog/_m/articleView.do?blogid=0bogl&articleno=923,해파랑길 트레킹 제23코스 고래불 후포항
D***2,덕산온천,201909**,F,3,기타 ,300~399만원,아니오,          ,아파트/ 주상복합,전북,익산시,모현동1가,,LG,KT,덕산온천,https://m.blog.naver.com/oksusu90/221670136981,짧은 나들이 덕산온천여행 선물처럼 만난 코스모스
D***2,마금산온천,201909**,F,3,기타 ,300~399만원,아니오,          ,아파트/ 주상복합,전북,익산시,모현동1가,,LG,KT,덕산온천,https://m.blog.naver.com/peanut_s_/221707257988,창원북면 마금산온천호텔 창원 온천 호텔 추천 리앤호텔  풀빌라 318호 후기
D***3,복전암,201909**,F,4,,,      ,          ,,대전,대덕구,대화동,,,,복전암,https://m.blog.naver.com/015sign/221552478539,토요산행   보문산
D***4,안적사,201909**,F,3,,,      ,          ,,서울,광진구,자양4동,,,,안적사,https://m.blog.naver.com/isinki/221675421360,기장 안적사에서 가을을 맞이했습니다
D***1,회상나루,201909**,F,4,,,      ,          ,,경기,수원시 권선구,권선동,,,,회상나루,https://m.blog.naver.com/easagol/221179750285,회상나루 객주촌
D***3,송불암,201909**,F,3,,,      ,          ,,서울,용산구,후암동,,,,송불암,https://m.blog.naver.com/nscity/221624748483,논산여행 황산벌의 중심에 자리한 논산 송불암 미륵불
D***7,제주여성테마파크,201909**,M,5,,,      ,          ,,서울,강서구,등촌2동,,,,제주여성테마파크,https://m.blog.naver.com/kkengzz/221705309627,제주아이들과가볼만한곳 서프라이즈테마파크
D***5,극락암,201909**,M,4,"서비스직 (요식업, 숙박업, 미용실종업원)",400~499만원,아니오,          ,단독주택,서울,구로구,가리봉동,,삼성,SKT,극락암,https://m.blog.naver.com/greatsm2001/221711399361,통도사 극락암의 가을
D***9,대승사,201909**,M,4,,,      ,          ,,충북,청원군,강내면,,,,대승사,https://m.blog.naver.com/5490ljy/221703776913,문경 사불산 대승사
D***0,용담사,201909**,M,3,,,      ,          ,,부산,금정구,노포동,,,,용담사,https://m.blog.naver.com/rem85/221616568134,안동물놀이할만한곳안동계곡길안계곡길안용담사 근처 계곡으로 물놀이다녀왔어요
D***9,여수 경도,201909**,M,3,,,      ,          ,,대전,서구,복수동,,,,여수 경도,https://blog.naver.com/zephyr122059/221339654475,수요미식회 여수  경도 자연횟집  여수 10미 하모 샤브샤브
D***4,혜국사,201909**,M,2,,,      ,          ,,광주,서구,금호동,,,,혜국사,https://m.blog.naver.com/lbs2/221717145682,문경 주흘산 등산코스 제1관문여궁폭포혜국사주봉 원점회귀 산행
D***4,담양호,201909**,F,3,,,      ,          ,,부산,사상구,감전동,,,,담양호,https://m.blog.naver.com/ka8564/221652276574,담양호 용마루길따라 과녁바위산을 돌아오는 트레킹코스
D***0,농월정,201909**,M,3,"사무직 (일반사무직, 공무원, 직업군인)",400~499만원,예    ,자녀 있음 ,아파트/ 주상복합,경기,평택시,용이동,"준중형SUV (투싼, 스포티지, QM5, 티구안급 등)",삼성,SKT,농월정,https://m.blog.naver.com/roadmoog/221568172575,함양 남계서원 농월정 일두고택
D***5,성기동,201909**,F,5,"주부 (전업주부, 파트타임 근무 주부)",600~699만원,예    ,자녀 있음 ,아파트/ 주상복합,인천,서구,검암동,,LG,KT,성기동,https://m.blog.naver.com/cakemart/221202346421,영암 왕인박사 유적지   3 성기동 성천
D***9,무릉계곡,201909**,F,2,"학생 (초중고학생, 대학생, 대학원생)",500~599만원,아니오,          ,연립주택/ 다세대/ 빌라,경기,동두천시,하봉암동,,삼성,LG U+,무릉계곡,http://m.blog.daum.net/_blog/_m/articleView.do?blogid=0W7Ve&articleno=858,단풍따라 흐르는 가을여행 - 6. 무릉계곡 여행
D***4,애월국제문화복합단지,201909**,F,3,,,      ,          ,,경북,영천시,망정동,,,,애월국제문화복합단지,https://blog.naver.com/bigfish3/221486552408,제주도 땅 투자애월 국제문화복합단지 진척상황
D***6,용문산,201909**,M,3,,,      ,          ,,서울,강서구,염창동,,,,용문산,https://kaisr2.blog.me/221624459312,양평 용문산 관광단지와 용문사 은행나무
D***5,마곡온천,201909**,F,3,,,      ,          ,,서울,마포구,망원동,,,,마곡온천,https://m.blog.naver.com/coco_8600/221653876224,강화도 여행 마곡 맛집  동천  석모도미네랄온천
D***3,강화종합리조트,201909**,F,2,"사무직 (일반사무직, 공무원, 직업군인)",200~299만원,예    ,자녀 있음 ,아파트/ 주상복합,전남,영암군,삼호읍,,애플,SKT,강화종합리조트,https://ghssghss.blog.me/221526256903,강화 길상면  강화씨사이드리조트강화도루지
D***2,연등사,201909**,M,3,"사무직 (일반사무직, 공무원, 직업군인)",400~499만원,아니오,          ,아파트/ 주상복합,경기,수원시 권선구,곡반정동,,삼성,SKT,연등사,https://m.blog.naver.com/buddhafind/221475602259,연등사경북 봉화군 석포면
D***0,창원 구산해양,201909**,F,4,"주부 (전업주부, 파트타임 근무 주부)",300~399만원,예    ,자녀 있음 ,아파트/ 주상복합,부산,동래구,사직2동,,삼성,KT,창원 구산해양,https://blog.naver.com/a23852/221319178127,창원 마산 외곽 구산카페  통통 오션뷰카페
D***8,설악한화리조트,201909**,M,5,무직,100만원 미만,아니오,          ,기타 ,경남,창원시 의창구,팔용동,"경차 (모닝, 스파크 등)",삼성,SKT,설악한화리조트,https://blog.naver.com/nayanahanmi/221582702954,강원도 속초여행 물놀이 먹거리 놀거리 가능한 설악 한화리조트
D***5,만남의광장,201909**,M,2,무직,200~299만원,아니오,          ,아파트/ 주상복합,서울,송파구,잠실4동,,삼성,KT,만남의광장,https://m.post.naver.com/viewer/postView.nhn?volumeNo=25975952&memberNo=7250666&vType=VERTICAL,하남 드림 휴게소만남의광장에 수소충전소 오픈
D***7,레인보우힐링,201909**,M,2,"관리직 (사장, 간부, 고위공무원)",200~299만원,아니오,          ,아파트/ 주상복합,서울,영등포구,당산동4가,,LG,LG U+,레인보우힐링,https://m.blog.naver.com/ydpodoblog/221581379841,민주지산 자연휴양림 레인보우 힐링 숲속 가요제
D***4,마금산온천,201909**,M,2,"학생 (초중고학생, 대학생, 대학원생)",200~299만원,아니오,          ,단독주택,서울,동대문구,휘경동,,삼성,LG U+,마금산온천,https://m.blog.naver.com/peanut_s_/221707257988,창원북면 마금산온천호텔 창원 온천 호텔 추천 리앤호텔  풀빌라 318호 후기
D***2,문경상리,201909**,M,4,,,      ,          ,,인천,연수구,연수1동,,,,문경상리,http://m.blog.daum.net/_blog/_m/articleView.do?blogid=03UvL&articleno=15857454,문경 상리 삼층석탑 경북 문경
D***5,장호,201909**,M,3,,,      ,          ,,강원,춘천시,후평1동,,삼성,SKT,장호,https://m.blog.naver.com/qsaxzd/221623300383,장호비치캠핑장 삼척여행
D***7,농월정,201909**,M,2,,,      ,          ,,인천,강화군,삼산면,,,,농월정,https://m.blog.naver.com/roadmoog/221568172575,함양 남계서원 농월정 일두고택
D***1,태종대,201909**,F,5,"사무직 (일반사무직, 공무원, 직업군인)",600~699만원,예    ,자녀 있음 ,아파트/ 주상복합,서울,구로구,고척1동,"준대형차 (그랜저, K7, 알페온, 캠리급, 파사트급 등)",애플,KT,태종대,https://blog.naver.com/lovely_fat/221718153043,부산 해동용궁사와 태종대로 효도관광
D***2,경산온천,201909**,F,4,,,      ,          ,,서울,강남구,개포1동,,,,경산온천,https://m.blog.naver.com/nara4009/221619540380,경산온천상대온천좋아요
D***4,회산연꽃방죽,201909**,M,3,무직,100만원 미만,아니오,          ,아파트/ 주상복합,서울,중구,신당동,,,KT,회산연꽃방죽,https://m.blog.naver.com/yunm2530/221565757481,일로읍 회산연꽃방죽이야기회산백련지연꽃나들이목포꽃집목포꽃배달 남악꽃배달 일로꽃배달무안꽃배달
D***9,평창 용평,201909**,M,3,,,      ,          ,,경남,창원시 의창구,북면,,,,평창 용평,https://blog.naver.com/see302/221593099739,평창가볼만한곳평창 용평리조트 타워콘도 와 용평 워터파크 피크아일랜드현대홈쇼핑
D***1,보덕사 ,201909**,M,3,"기능직 (자동차정비, 운전기사, 안경사, 택시기사)",300~399만원,예    ,자녀 없음 ,아파트/ 주상복합,경북,포항시 북구,용흥동,"준대형차 (그랜저, K7, 알페온, 캠리급, 파사트급 등)",애플,KT,보덕사 ,http://m.blog.daum.net/_blog/_m/articleView.do?blogid=03bMR&articleno=15961077,보덕사 예산
D***1,아리랑마을,201909**,F,4,"판매직 (상점점원, 보험설계사, 노점상)",600~699만원,예    ,자녀 있음 ,연립주택/ 다세대/ 빌라,경기,안산시 상록구,사동,,삼성,KT,아리랑마을,https://m.blog.naver.com/greenjeonnam/221496932441,국악의 고장 전라남도 진도  국립남도국악원 아리랑 마을
D***2,쌍계사,201909**,M,4,"전문직 (의사, 판검사, 예술가, 종교인)",300~399만원,아니오,          ,연립주택/ 다세대/ 빌라,서울,마포구,창전동,,삼성,KT,쌍계사,https://m.blog.naver.com/gnfeel/221717628454,경상남도 하동  하동 가볼만한곳 지리산자락으로 가을여행 떠나요 하동 쌍계사
D***8,만리포해수욕장,201909**,F,4,"주부 (전업주부, 파트타임 근무 주부)",200~299만원,예    ,자녀 없음 ,아파트/ 주상복합,경기,파주시,문산읍,,애플,KT,만리포해수욕장,https://m.blog.naver.com/bb00dd/221721784934,당일치기 태안여행 해미읍성 만리포해수욕장 일몰 까지
D***7,대구화원,201909**,M,3,"학생 (초중고학생, 대학생, 대학원생)",400~499만원,아니오,          ,오피스텔,서울,강서구,등촌동,,삼성,SKT,대구화원,https://blog.naver.com/meteorslove/221529086600,대구 화원 카페 커피문화 작은 창고형카페
D***7,남원 드래곤,201909**,M,3,"학생 (초중고학생, 대학생, 대학원생)",400~499만원,아니오,          ,오피스텔,서울,강서구,등촌동,,삼성,SKT,대구화원,https://moonjung2114.blog.me/221639249397,전라도 골프 드래곤레이크cc 2박3일 남원 골프라운드 후기
D***0,해신장보고,201909**,F,3,"사무직 (일반사무직, 공무원, 직업군인)",500~599만원,예    ,자녀 없음 ,연립주택/ 다세대/ 빌라,서울,마포구,서교동,"중형차 (쏘나타, K5, 말리부, 골프급 등)",삼성,SKT,해신장보고,https://m.blog.naver.com/hohosuly/221539086115,을왕리 조개구이  해신장보고  설레여
D***1,태종대,201909**,M,3,"학생 (초중고학생, 대학생, 대학원생)",400~499만원,아니오,          ,아파트/ 주상복합,서울,종로구,교남동,,기타,알뜰폰(MVNO),태종대,https://blog.naver.com/lovely_fat/221718153043,부산 해동용궁사와 태종대로 효도관광
D***1,오목내,201909**,M,3,"학생 (초중고학생, 대학생, 대학원생)",400~499만원,아니오,          ,아파트/ 주상복합,서울,종로구,교남동,,기타,알뜰폰(MVNO),태종대,https://m.blog.naver.com/skrkddlsgp/221721630990,진주 판문동 맛집 오목내 솔직후기
D***3,문경온천,201909**,F,5,"생산/노무직 (생산감독, 경비원, 공장근로자)",400~499만원,예    ,자녀 있음 ,단독주택,경기,성남시 수정구,신흥3동,,삼성,SKT,문경온천,https://m.blog.naver.com/j3187654/221564941542,불정자연휴양림 문경온천 여행 
D***5,여수 화양,201909**,M,3,"판매직 (상점점원, 보험설계사, 노점상)",700~799만원,아니오,          ,오피스텔,경기,화성시,능동,"경차 (모닝, 스파크 등)",삼성,LG U+,여수 화양,https://hjjnlove4.blog.me/221426880809,여수 맛집 화양식당 장어구이 장어탕
D***5,김천온천,201909**,M,4,"자영업 (도소매업, 숙박업, 미용업)",500~599만원,예    ,자녀 있음 ,아파트/ 주상복합,대구,남구,대명3동,"중형SUV (싼타페, 쏘렌토, 캡티바, BMW X3급 등)",애플,SKT,김천온천,https://blog.naver.com/ejuinn69/221452242406,찜질방 데이트 김천 구미 대구 근처 온천숯가마 찜질방  성주 스파랜드u
D***6,협재해안,201909**,F,3,"교직 (교사, 유치원교사, 학원강사)",400~499만원,예    ,자녀 없음 ,연립주택/ 다세대/ 빌라,서울,광진구,능동,,애플,KT,협재해안,https://m.blog.naver.com/yhm529/221657268440,나혼자산다수요미식회 맛집 제주 협재해안 수우동
D***8,백암온천,201909**,M,3,"기능직 (자동차정비, 운전기사, 안경사, 택시기사)",100~199만원,예    ,자녀 있음 ,연립주택/ 다세대/ 빌라,강원,영월군,영월읍,기타 (승합차/트럭/화물차/기타 차량 등),삼성,SKT,백암온천,https://m.blog.naver.com/hyechon49/221711918222,백암온천 백암LG생활연수원 숙소에서  백암산 백암폭포가는 길 백암폭포 백암온천
D***0,아산온천,201909**,F,2,"학생 (초중고학생, 대학생, 대학원생)",500~599만원,아니오,          ,아파트/ 주상복합,경기,안성시,봉산동,,애플,LG U+,아산온천,https://m.blog.naver.com/bucketlist79/221721363500,아산온천 당일치기 겨울여행 아산스파비스캠마녀의 나댕김 20191124
D***9,원주 더네이처,201909**,F,2,"서비스직 (요식업, 숙박업, 미용실종업원)",400~499만원,예    ,자녀 있음 ,연립주택/ 다세대/ 빌라,경기,안양시 만안구,안양9동,"중형차 (쏘나타, K5, 말리부, 골프급 등)",삼성,KT,원주 더네이처,http://www.kwnews.co.kr/nview.asp?s=501&aid=219042100027,원주문막읍 대규모 관광단지 4년만에 재추진
D***6,골드힐카운티리조트,201909**,F,3,"자영업 (도소매업, 숙박업, 미용업)",100~199만원,예    ,자녀 있음 ,아파트/ 주상복합,대구,달서구,월성동,"준대형차 (그랜저, K7, 알페온, 캠리급, 파사트급 등)",삼성,KT,골드힐카운티리조트,https://www.yna.co.kr/view/PYH20190609095000063?input=1196m,천안 골드힐카운티리조트 관광단지 기공식  연합뉴스
D***5,흥덕사,201909**,F,5,무직,300~399만원,아니오,          ,아파트/ 주상복합,서울,서초구,반포3동,"준중형차 (아반떼, K3, 크루즈, 제타급 등)",LG,KT,흥덕사,https://m.blog.naver.com/ojs0126/221690775065,흥덕사 백운문화한마당 참석
D***6,주왕산,201909**,M,2,,,      ,          ,,서울,서대문구,북가좌동,,,,주왕산,https://m.blog.naver.com/iloveknp/221708366122,주왕산 국립공원 만추의 주왕산 탐방
D***2,여수 첼린지 파크,201909**,F,3,"사무직 (일반사무직, 공무원, 직업군인)",600~699만원,예    ,자녀 있음 ,오피스텔,경기,시흥시,정왕동,"경차 (모닝, 스파크 등)",삼성,SKT,여수 첼린지 파크,https://blog.naver.com/okine2086/221595075033,여수 유월드 루지 테마파크 핫플 인정 100만표
D***8,함덕해안,201909**,M,4,,,      ,          ,,경기,시흥시,포동,,,,함덕해안,https://m.blog.naver.com/33fanta/221648550419,제주 바다가 보이는 카페제주도 조천함덕해안도로 바람과바다
D***2,진관사,201909**,M,5,,,      ,          ,,서울,송파구,가락동,"중형SUV (싼타페, 쏘렌토, 캡티바, BMW X3급 등)",삼성,KT,진관사,https://m.blog.naver.com/ka8564/221628007626,북한산 등산코스진관사 삼천사 원점코스
D***1,정남진우산도,201909**,M,3,"서비스직 (요식업, 숙박업, 미용실종업원)",200~299만원,예    ,자녀 있음 ,아파트/ 주상복합,경기,용인시 수지구,풍덕천1동,"준중형차 (아반떼, K3, 크루즈, 제타급 등)",삼성,SKT,정남진우산도,https://m.blog.naver.com/hankookceo/220778906265,정남진 장흥 물 축제 여행 정남진 전망대 위대한 영웅 안중근을 만나다
D***8,화암사,201909**,M,5,"관리직 (사장, 간부, 고위공무원)",400~499만원,예    ,자녀 있음 ,연립주택/ 다세대/ 빌라,전남,여수시,화양면,"중형차 (쏘나타, K5, 말리부, 골프급 등)",삼성,SKT,화암사,https://m.blog.naver.com/happykids70/221674944427,화암사 숲길 신선대에서 바라보는 울산바위
D***5,홍천온천,201909**,M,4,,,      ,          ,,서울,중랑구,묵1동,,,,홍천온천,https://m.blog.naver.com/hush113/221660267943,홍천 온천홍천에서 온천을 한다면오래된 시설이지만 물은 괜찮았던 원탕 온천목욕탕
D***2,홍길동테마파크,201909**,M,4,"관리직 (사장, 간부, 고위공무원)",400~499만원,예    ,자녀 있음 ,아파트/ 주상복합,서울,강남구,도곡1동,"준중형SUV (투싼, 스포티지, QM5, 티구안급 등)",삼성,KT,홍길동테마파크,https://m.blog.naver.com/hhs653409/221664061938,장성 홍길동 테마파크 반가운 지인들과의 카라반 캠핑
D***7,프로젝트 ECO,201909**,M,3,"서비스직 (요식업, 숙박업, 미용실종업원)",400~499만원,아니오,          ,연립주택/ 다세대/ 빌라,대구,수성구,만촌2동,"경차 (모닝, 스파크 등)",애플,KT,프로젝트 ECO,https://humanvillage.blog.me/221713044677,애월 봉성리 프로젝트ECO조성사업
D***2,내장산리조트,201909**,F,2,"사무직 (일반사무직, 공무원, 직업군인)",300~399만원,아니오,          ,아파트/ 주상복합,경기,구리시,수택1동,,기타,SKT,내장산리조트,https://m.blog.naver.com/beet38/221710851873,정읍시 내장산리조트 최대규모 민자유치
D***2,농월정,201909**,M,3,"사무직 (일반사무직, 공무원, 직업군인)",900~999만원,예    ,자녀 없음 ,아파트/ 주상복합,서울,광진구,구의동,"준중형파생 (벨로스터, I30 등)",애플,SKT,농월정,https://m.blog.naver.com/roadmoog/221568172575,함양 남계서원 농월정 일두고택
D***0,마우나오션,201909**,F,3,"사무직 (일반사무직, 공무원, 직업군인)",500~599만원,예    ,자녀 있음 ,아파트/ 주상복합,광주,서구,벽진동,"중형SUV (싼타페, 쏘렌토, 캡티바, BMW X3급 등)",삼성,SKT,마우나오션,https://blog.naver.com/soda7908/221712751372,LPGA가 열렸던 마우나오션cc로 가을골프 다녀왔어요
D***3,강원송지호,201909**,M,2,"학생 (초중고학생, 대학생, 대학원생)",100만원 미만,아니오,          ,아파트/ 주상복합,경기,수원시 장안구,정자3동,,LG,KT,강원송지호,https://m.blog.naver.com/jhany00/221660903730,송지호 오토캠핑에서 여름휴가를
D***0,마이산회봉온천,201909**,M,2,"학생 (초중고학생, 대학생, 대학원생)",700~799만원,아니오,          ,아파트/ 주상복합,강원,원주시,문막읍,"경차 (모닝, 스파크 등)",애플,KT,마이산회봉온천,https://m.blog.naver.com/PostView.nhn?blogId=hk8300&logNo=50140957063&proxyReferer=https%3A%2F%2Fm.search.naver.com%2Fsearch.naver%3Fquery%3D%25EB%25A7%2588%25EC%259D%25B4%25EC%2582%25B0%25ED%259A%258C%25EB%25B4%2589%25EC%2598%25A8%25EC%25B2%259C%26sm%3Dmtb_hty.top%26where%3Dm%26oquery%3D%25EB%258C%2580%25EA%25B5%25AC%25EB%25A9%25B4%25EB%258F%2584%25EC%259A%2594%25EC%25A7%2580%26tqi%3DUPO7psprvAdssE166zRssssst3G-144381,마이산회봉온천 새 희망 날개 활짝 폈다
D***5,화암사,201909**,F,2,"학생 (초중고학생, 대학생, 대학원생)",400~499만원,아니오,          ,아파트/ 주상복합,경기,용인시 기흥구,신갈동,,애플,LG U+,화암사,https://m.blog.naver.com/happykids70/221674944427,화암사 숲길 신선대에서 바라보는 울산바위
D***8,칠갑산도립온천,201909**,F,5,"교직 (교사, 유치원교사, 학원강사)",300~399만원,예    ,자녀 있음 ,연립주택/ 다세대/ 빌라,인천,남동구,간석3동,,삼성,KT,칠갑산도립온천,https://m.blog.naver.com/2000yhero/221524706364,칠갑산 도립공원 2
D***5,홍천 비발디파크,201909**,M,3,"전문직 (의사, 판검사, 예술가, 종교인)",500~599만원,아니오,          ,연립주택/ 다세대/ 빌라,서울,강동구,천호2동,,삼성,KT,홍천 비발디파크,https://blog.naver.com/loveeoni/221717350562,비발디파크 근처 펜션 홍천 힐링하우스 뜨끈한 온돌방 넘나 좋음
D***7,해운대,201909**,F,4,"교직 (교사, 유치원교사, 학원강사)",200~299만원,아니오,          ,아파트/ 주상복합,경기,안양시 동안구,부흥동,,애플,SKT,해운대,https://moonjj82.blog.me/221712612297,해운대뷔페 가장 좋아하는 곳 그랜드애플
D***7,소요산,201909**,F,5,"주부 (전업주부, 파트타임 근무 주부)",600~699만원,예    ,자녀 있음 ,연립주택/ 다세대/ 빌라,서울,도봉구,방학1동,"중형차 (쏘나타, K5, 말리부, 골프급 등)",삼성,SKT,소요산,https://blog.naver.com/pajiwn/221658923153,소요산 등산코스  소요산역자재암선녀탕의상대원점회귀 3시간
D***9,월명암,201909**,M,4,기타 ,500~599만원,예    ,자녀 있음 ,아파트/ 주상복합,울산,울주군,언양읍,"MPV (카니발, 올란도, 피카소급, 오딧세이 등)",삼성,SKT,월명암,https://m.blog.naver.com/rowon98/221698025729,깊어가는 내변산의 가을 풍경1남여치월명암직소폭포재백이고개
D***3,일심사,201909**,F,3,"사무직 (일반사무직, 공무원, 직업군인)",200~299만원,아니오,          ,아파트/ 주상복합,인천,서구,당하동,,삼성,KT,일심사,https://m.blog.naver.com/only_tour/221532442887,오이타 여행 코스벚꽃 운해 잇신지일심사
D***7,천안종합휴향,201909**,M,2,무직,200~299만원,아니오,          ,단독주택,광주,북구,운암2동,,삼성,KT,천안종합휴향,https://m.cafe.naver.com/sejongpedal/3371,세종싸이클로드
D***8,왜목마을,201909**,M,4,"자영업 (도소매업, 숙박업, 미용업)",200~299만원,예    ,자녀 없음 ,아파트/ 주상복합,대전,중구,대흥동,"중형차 (쏘나타, K5, 말리부, 골프급 등)",삼성,SKT,왜목마을,https://m.blog.naver.com/rrhcdldi/221709687950,당진당일치기 3 왜목마을 해수욕장 산책 잠깐 들리기 좋은 코스
D***8,척산온천,201909**,M,2,"학생 (초중고학생, 대학생, 대학원생)",400~499만원,아니오,          ,아파트/ 주상복합,광주,서구,치평동,,삼성,SKT,척산온천,https://m.blog.naver.com/rnara/221478732030,속초 숙소 척산온천휴양촌
D***0,고씨동굴,201909**,F,4,"전문직 (의사, 판검사, 예술가, 종교인)",700~799만원,예    ,자녀 있음 ,오피스텔,인천,부평구,부평5동,"경차 (모닝, 스파크 등)",LG,KT,고씨동굴,https://m.blog.naver.com/sumjin1002/221621090655,태화산 끝자락 억년의 신비가 숨쉬고 있는 고씨동굴
D***4,수옥정,201909**,M,2,"학생 (초중고학생, 대학생, 대학원생)",600~699만원,아니오,          ,기타 ,경기,수원시 영통구,이의동,,삼성,SKT,수옥정,https://m.blog.naver.com/akekdthkl200/221662955468,수옥정과 수옥폭포   충북괴산여행
D***9,아리랑마을,201909**,M,4,"사무직 (일반사무직, 공무원, 직업군인)",500~599만원,아니오,          ,아파트/ 주상복합,경기,고양시 일산서구,일산2동,"대형SUV (베라크루즈, 모하비, 투아렉급 등)",애플,알뜰폰(MVNO),아리랑마을,https://m.blog.naver.com/greenjeonnam/221496932441,국악의 고장 전라남도 진도  국립남도국악원 아리랑 마을
D***5,오전약수,201909**,M,5,"생산/노무직 (생산감독, 경비원, 공장근로자)","1,000만원 이상",예    ,자녀 있음 ,아파트/ 주상복합,서울,동대문구,전농동,"준중형차 (아반떼, K3, 크루즈, 제타급 등)",삼성,SKT,오전약수,https://m.blog.naver.com/sanm308/221616161992,태백산에 싸여있는 봉화군 물야 오전약수
D***3,고씨동굴,201909**,F,3,"교직 (교사, 유치원교사, 학원강사)",400~499만원,예    ,자녀 있음 ,아파트/ 주상복합,서울,동대문구,제기동,,애플,KT,고씨동굴,https://m.blog.naver.com/sumjin1002/221621090655,태화산 끝자락 억년의 신비가 숨쉬고 있는 고씨동굴
D***3,라비에벨,201909**,F,4,"주부 (전업주부, 파트타임 근무 주부)",400~499만원,예    ,자녀 있음 ,아파트/ 주상복합,경기,용인시 기흥구,서천동,,삼성,SKT,라비에벨,https://blog.naver.com/yangjinss/221716472829,부천예식장 라비에벨웨딩 기억에 많이 남을 것 같아요
D***5,선바위,201909**,M,3,,,      ,          ,,서울,강서구,마곡동,,,,선바위,https://m.blog.naver.com/7750khj/221702772489,합천 작은가야산  수리봉소바우듬선바위
D***1,아산온천,201909**,M,3,"생산/노무직 (생산감독, 경비원, 공장근로자)",600~699만원,예    ,자녀 있음 ,단독주택,경북,구미시,봉곡동,,삼성,LG U+,아산온천,https://m.blog.naver.com/bucketlist79/221721363500,아산온천 당일치기 겨울여행 아산스파비스캠마녀의 나댕김 20191124
D***5,구문소,201909**,F,3,"주부 (전업주부, 파트타임 근무 주부)",600~699만원,예    ,자녀 있음 ,아파트/ 주상복합,서울,서초구,내곡동,"중형SUV (싼타페, 쏘렌토, 캡티바, BMW X3급 등)",LG,KT,구문소,http://m.blog.daum.net/_blog/_m/articleView.do?blogid=05TrK&articleno=15963487,억년의 세월이 빚은 비경 태백팔경 구문소
D***9,아산온천,201909**,M,4,,,      ,          ,,,,,,,,아산온천,https://m.blog.naver.com/bucketlist79/221721363500,아산온천 당일치기 겨울여행 아산스파비스캠마녀의 나댕김 20191124
D***5,제천온천,201909**,M,4,,,      ,          ,,서울,동작구,흑석동,,,,제천온천,https://m.blog.naver.com/easeclub1/221720676545,충북 가볼만한곳 제천 리솜포레스트 온천여행과 자드락길
D***4,수옥정,201909**,M,3,,,      ,          ,,경기,평택시,세교동,"준중형차 (아반떼, K3, 크루즈, 제타급 등)",삼성,LG U+,수옥정,https://m.blog.naver.com/akekdthkl200/221662955468,수옥정과 수옥폭포   충북괴산여행
D***3,보적사,201909**,M,3,"생산/노무직 (생산감독, 경비원, 공장근로자)",200~299만원,예    ,자녀 없음 ,아파트/ 주상복합,대전,유성구,지족동,"준중형차 (아반떼, K3, 크루즈, 제타급 등)",LG,KT,보적사,https://m.blog.naver.com/n_n630/221683022330,나홀로 가을 산행  독산성 세마대지 보적사 다녀오기
D***0,원주 오크밸리,201909**,M,3,무직,100만원 미만,아니오,          ,아파트/ 주상복합,부산,남구,우암1동,,삼성,KT,원주 오크밸리,https://blog.naver.com/orionbt/221694093685,원주 오크밸리 카라반 여행  야간산책 소나타 오브 라이트
D***1,대승사,201909**,M,3,기타 ,300~399만원,예    ,자녀 없음 ,아파트/ 주상복합,인천,연수구,연수동,"소형차 (액센트, 프라이드, 아베오, 피아트급 등)",LG,SKT,대승사,https://m.blog.naver.com/5490ljy/221703776913,문경 사불산 대승사
D***1,장호,201909**,M,4,"관리직 (사장, 간부, 고위공무원)",500~599만원,예    ,자녀 있음 ,연립주택/ 다세대/ 빌라,서울,강남구,삼성1동,"준중형SUV (투싼, 스포티지, QM5, 티구안급 등)",삼성,SKT,장호,https://m.blog.naver.com/qsaxzd/221623300383,장호비치캠핑장 삼척여행
D***,당항포,201909**,M,5,,,      ,          ,,경기,의정부시,의정부2동,,,,당항포,https://m.blog.naver.com/turpu/221690928126,경남 고성 가볼만한곳 공룡엑스포가 펼쳐지는 당항포 관광단지
D***,금강호,201909**,M,4,"관리직 (사장, 간부, 고위공무원)",700~799만원,예    ,자녀 있음 ,아파트/ 주상복합,부산,기장군,정관면,"대형차 (제너시스, BMW5급 등)",LG,LG U+,금강호,https://m.blog.naver.com/sumi0ju/221704482211,오천항 금강낚시 금강호 쭈꾸미 갑오징어 출조 조황 쭈갑 선상낚시 20191109
D***,예당,201909**,M,2,,,      ,          ,,경남,창원시 마산합포구,상남동,,,,예당,https://m.blog.naver.com/lovely_fat/221625644631,충남 예당저수지 예당호 출렁다리
D***,태조산,201909**,F,5,"사무직 (일반사무직, 공무원, 직업군인)",300~399만원,아니오,          ,단독주택,강원,횡성군,횡성읍,,삼성,알뜰폰(MVNO),태조산,https://m.blog.naver.com/ohs1443/221659948848,천안 태조산421m  흑성산519m
D***,제주 중문,201909**,M,5,,,      ,          ,,경기,부천시 원미구,도당동,,,,홍천온천,https://blog.naver.com/artless1004/221708894020,행복했던 밥상 제주 중문 맛집
D***,홍천온천,201909**,M,5,,,      ,          ,,경기,부천시 원미구,도당동,,,,홍천온천,https://m.blog.naver.com/hush113/221660267943,홍천 온천홍천에서 온천을 한다면오래된 시설이지만 물은 괜찮았던 원탕 온천목욕탕
D***,협재해안,201909**,M,3,"사무직 (일반사무직, 공무원, 직업군인)",200~299만원,아니오,          ,아파트/ 주상복합,충남,논산시,내동,,LG,SKT,협재해안,https://m.blog.naver.com/yhm529/221657268440,나혼자산다수요미식회 맛집 제주 협재해안 수우동
D***,일심사,201909**,F,3,"교직 (교사, 유치원교사, 학원강사)",200~299만원,아니오,          ,단독주택,경남,통영시,용남면,"준중형차 (아반떼, K3, 크루즈, 제타급 등)",삼성,SKT,일심사,https://m.blog.naver.com/only_tour/221532442887,오이타 여행 코스벚꽃 운해 잇신지일심사
D***,오토테마파크,201909**,M,5,,,      ,          ,,충북,청원군,강내면,,,,오토테마파크,https://m.blog.naver.com/python99/221517135324,야경이 멋있는 합천 휴테마파크 오토캠핑장
D***,운주사,201909**,M,2,,,      ,          ,,부산,사하구,장림2동,,,,운주사,https://m.blog.naver.com/sanbada2004/221635346744,화순 운주사
D***,봉서사,201909**,M,5,,,      ,          ,,경기,안산시 상록구,본오동,,,,봉서사,https://m.blog.naver.com/ffk1039/221633735995,완주 봉서사
D***,청평사,201909**,M,2,,,      ,          ,,경기,수원시 영통구,매탄3동,,,,청평사,https://blog.naver.com/dlduddms3469/221681611478,춘천 단풍구경하며 산책겸 등산코스 청평사가는길
D***,해남사,201909**,M,3,,,      ,          ,,경기,하남시,덕풍2동,,,,해남사,https://m.blog.naver.com/lyhlsrn/221626646930,해남사 양대응 스님
D***,화암,201909**,M,3,"사무직 (일반사무직, 공무원, 직업군인)",300~399만원,아니오,          ,아파트/ 주상복합,경기,수원시 팔달구,우만동,"소형차 (액센트, 프라이드, 아베오, 피아트급 등)",삼성,알뜰폰(MVNO),화암,https://m.blog.naver.com/aoisora2/221689337096,정선 아이와 가볼만한곳 화암동굴 나들이 
D***,광덕계곡,201909**,F,5,,,      ,          ,,부산,사하구,신평1동,,,,광덕계곡,https://m.blog.naver.com/hardprince/221676277562,즐거운 와인딩 코스 여우고개  백운계곡  광덕계곡  도마치재 M으로 지지기
D***,여수 첼린지 파크,201909**,F,3,,,      ,          ,,경기,용인시 수지구,풍덕천2동,,,,여수 첼린지 파크,https://blog.naver.com/okine2086/221595075033,여수 유월드 루지 테마파크 핫플 인정 100만표
D***,장사해수욕장,201909**,M,2,,,      ,          ,,서울,관악구,미성동,,,,장사해수욕장,https://m.blog.naver.com/baroseog/221707787194,영덕 장사해수욕장 장사상륙작전 전승기념관 구경
D***,마곡사,201909**,F,3,"주부 (전업주부, 파트타임 근무 주부)",100만원 미만,예    ,자녀 있음 ,아파트/ 주상복합,제주,서귀포시,대정읍,,애플,LG U+,마곡사,https://m.blog.naver.com/usgreen99/221692318243,공주 가볼만한곳 마곡사 가을 모습은
D***,간월도,201909**,M,3,,,      ,          ,,서울,동대문구,신설동,,,,간월도,https://m.blog.naver.com/jjun0712/221712063671,서산 간월도 간월암 다녀왔어요
D***,석정온천,201909**,F,4,,,      ,          ,,광주,광산구,신창동,,,,석정온천,https://m.blog.naver.com/vnqk10/221716226470,고창 힐링카운티 석정온천휴스파
D***,운주사,201909**,F,3,"주부 (전업주부, 파트타임 근무 주부)",400~499만원,예    ,자녀 있음 ,아파트/ 주상복합,충남,연기군,금남면,,삼성,SKT,운주사,https://m.blog.naver.com/sanbada2004/221635346744,화순 운주사
D***,능암온천,201909**,M,2,,,      ,          ,,부산,남구,대연3동,,,,능암온천,https://m.blog.naver.com/kr_chungju/221572663341,충주 가볼만 한 곳  능암온천랜드
D***,부곡온천,201909**,M,4,"사무직 (일반사무직, 공무원, 직업군인)",700~799만원,예    ,자녀 있음 ,아파트/ 주상복합,서울,구로구,구로1동,"중형차 (쏘나타, K5, 말리부, 골프급 등)",삼성,LG U+,부곡온천,https://m.blog.naver.com/cngblog/221721865027,하반기 HOT 생생 부곡온천 라이브공연 12회차
D***,개암사,201909**,M,3,,,      ,          ,,서울,양천구,신월7동,,,,개암사,https://m.blog.naver.com/wona0317/221560541021,부안 개암사 그리고 개암제 나들이
D***,계림사,201909**,M,3,,,      ,          ,,경기,의정부시,금오동,,,,계림사,https://m.blog.naver.com/pjk3108/221686032437,김천 동부리 마애지장보살좌상 계림사 석조나한좌상
D***,경주 보문,201909**,M,2,"사무직 (일반사무직, 공무원, 직업군인)","1,000만원 이상",아니오,          ,단독주택,경기,남양주시,별내면,,애플,SKT,경주 보문,https://blog.naver.com/asas0957/221701086136,경주 단풍 보문단지 산책 with 무지개
D***,원각사,201909**,F,3,,,      ,          ,,충북,청주시 흥덕구,가경동,,,,원각사,https://m.blog.naver.com/nelo30/221688868198,가볍게 다이어트 트레킹 겸 다녀온 의정부 원각사
D***,제주헬스케어타운,201909**,M,4,"사무직 (일반사무직, 공무원, 직업군인)",500~599만원,예    ,자녀 있음 ,아파트/ 주상복합,경기,안산시 상록구,사동,"대형SUV (베라크루즈, 모하비, 투아렉급 등)",LG,SKT,제주헬스케어타운,https://blog.naver.com/solguji/221651290398,추석제주여행  헬스케어타운리조트  한림칼국수  카페라이슬라
D***,북고사,201909**,F,3,,,      ,          ,,경기,성남시 중원구,은행2동,,,,북고사,https://m.blog.naver.com/meer1/221709753267,늦가을 무주의 북고사 성지순례
D***,마곡사,201909**,F,3,,,      ,          ,,서울,노원구,상계3.4동,,,,마곡사,https://m.blog.naver.com/usgreen99/221692318243,공주 가볼만한곳 마곡사 가을 모습은
D***,여수 화양,201909**,M,5,,,      ,          ,,경기,남양주시,별내면,,,,여수 화양,https://hjjnlove4.blog.me/221426880809,여수 맛집 화양식당 장어구이 장어탕
D***,합천호,201909**,F,5,"전문직 (의사, 판검사, 예술가, 종교인)",800~899만원,예    ,자녀 있음 ,아파트/ 주상복합,대구,수성구,황금동,"준중형차 (아반떼, K3, 크루즈, 제타급 등)",애플,KT,합천호,http://m.blog.daum.net/_blog/_m/articleView.do?blogid=0Nnmh&articleno=2256,합천 악견산~의룡산 종주 - 합천호 조망과 천길단애를 경험할 수 있는 산 (대병3산/대병5악/십자바위/악견산성)
D***,진도 대명리조트,201909**,M,4,,,      ,          ,,인천,부평구,산곡3동,,,,진도 대명리조트,https://bluebuskr.blog.me/221645530806,진도 여행 대명리조트 쏠비치 진도 후기
D***,신화역사공원,201909**,F,4,"주부 (전업주부, 파트타임 근무 주부)",300~399만원,예    ,자녀 있음 ,아파트/ 주상복합,서울,강서구,공항동,,삼성,SKT,신화역사공원,https://present0955.blog.me/221723400417,제주 신화역사공원 홍차 카페 다만프레르
D***,청도온천,201909**,F,5,기타 ,300~399만원,예    ,자녀 있음 ,아파트/ 주상복합,대구,수성구,황금1동,,LG,KT,청도온천,https://m.cafe.naver.com/daegumam2003/187255,청도 온천갑니다용
D***,전통한방휴양,201909**,M,2,,,      ,          ,,경기,용인시 수지구,죽전2동,,,,전통한방휴양,https://m.blog.naver.com/ndustns61/221224126114,전통한방휴양관광지 산청동의보감촌공진단만들기 체험
D***,송계사,201909**,M,3,,,      ,          ,,경기,파주시,광탄면,,,,송계사,https://m.blog.naver.com/kimyt9999/221674102000,덕유산 지봉 산행기경남거창 송계사계곡에서 지봉에 올라 횡경재를 거쳐 백암봉까지 달려보자
D***,구문소,201909**,F,4,,,      ,          ,,충북,청주시 흥덕구,운천동,,,,구문소,http://m.blog.daum.net/_blog/_m/articleView.do?blogid=05TrK&articleno=15963487,억년의 세월이 빚은 비경 태백팔경 구문소
D***,기장도예촌,201909**,M,4,"사무직 (일반사무직, 공무원, 직업군인)",600~699만원,예    ,자녀 있음 ,아파트/ 주상복합,서울,동대문구,답십리동,"준중형SUV (투싼, 스포티지, QM5, 티구안급 등)",삼성,SKT,기장도예촌,https://blog.naver.com/pjhi0523/221704174358,카라반캠핑기장도예촌
D***,대구면도요지,201909**,F,4,,,      ,          ,,전북,전주시 완산구,중화산동2가,,,,대구면도요지,https://m.blog.naver.com/skku_skai/220852355231,강진 대구면 도요지 종합정비계획 학술연구용역
D***,용호씨사이드,201909**,M,3,,,      ,          ,,서울,송파구,풍납1동,,,,용호씨사이드,http://www.kookje.co.kr/news2011/asp/newsbody.asp?code=0200&key=20171123.22001010675,부산 용호동 씨사이드 분쟁 부산시 관광지 취소 경고
D***,속초해수욕장,201909**,M,5,"사무직 (일반사무직, 공무원, 직업군인)",400~499만원,예    ,자녀 있음 ,아파트/ 주상복합,강원,동해시,쇄운동,"중형차 (쏘나타, K5, 말리부, 골프급 등)",삼성,SKT,속초해수욕장,https://m.blog.naver.com/plingo/221682706206,여행 아무렇게나 떠난 속초 1박 2일 청초수물회 청초호 왱왱해물촌 중앙시장 영금정 속초해수욕장
D***6,영산호쌀문화테마공원,201909**,F,3,,,      ,          ,,경기,이천시,대월면,,,,영산호쌀문화테마공원,https://m.blog.naver.com/ejp8702/221108032274,이천 농업테마공원 쌀문화전시관에서 쌀에 대해 배워봐요
D***9,강원송지호,201909**,M,4,,,      ,          ,,서울,송파구,장지동,,,,강원송지호,https://m.blog.naver.com/jhany00/221660903730,송지호 오토캠핑에서 여름휴가를
D***7,속리산레저,201909**,M,2,,,      ,          ,,경기,고양시 일산서구,대화동,,,,속리산레저,https://m.blog.naver.com/asancriti/221541893523,보은속리산 솔향공원 도깨비공원의 사람들
D***2,어답산,201909**,F,4,,,      ,          ,,인천,남동구,구월2동,,,,어답산,https://m.blog.naver.com/iiijjjiiijjj/221600282946,20190728일 횡성 어답산횡성온천선바위장송어답산 장군봉병지방계곡
D***0,봉개휴양림,201909**,F,2,,,      ,          ,,광주,서구,금호동,,,,성류굴,https://m.blog.naver.com/slow_m00n/221700410084,제주교래자연휴양림 큰지그리오름 봉개음식물처리장 냄새 최악
D***0,성류굴,201909**,F,2,,,      ,          ,,광주,서구,금호동,,,,성류굴,https://m.blog.naver.com/hsakjo/221566664329,울진 금강소나무 숲길 트레킹울진 성류굴
D***7,삼척해수욕장,201909**,F,2,,,      ,          ,,부산,금정구,장전1동,,,,삼척해수욕장,https://m.blog.naver.com/funny0820/221599410365,삼척여행 Part1삼척 하얀낭만펜션일미어담삼척해변
D***8,약수암,201909**,M,2,,,      ,          ,,경남,창원시 마산합포구,창포동1가,,,,약수암,https://m.blog.naver.com/jcjkks/221642522935,도당산시사재 대광사 약수암
D***1,송정,201909**,M,3,,,      ,          ,,경북,경주시,시래동,,,,송정,https://m.blog.naver.com/lys9783/221711436037,부산 송정 맛집 알찬 전복영양밥 한그릇
D***2,예천삼강,201909**,M,4,"사무직 (일반사무직, 공무원, 직업군인)",400~499만원,예    ,자녀 있음 ,아파트/ 주상복합,서울,서초구,서초2동,"준중형차 (아반떼, K3, 크루즈, 제타급 등)",LG,SKT,예천삼강,https://m.post.naver.com/viewer/postView.nhn?volumeNo=25150266&memberNo=1275074&vType=VERTICAL,대구근교 가볼만하곳 더예천 삼강문화단지위기의 삼강주막 방탈출게임
D***9,곡성도림사,201909**,M,4,,,      ,          ,,서울,성북구,종암동,,,,곡성도림사,https://m.blog.naver.com/aboutclaire/221562777372,곡성 여행 도림사 카페 씨엘로
D***9,내설악 용대,201909**,M,3,,,      ,          ,,대전,서구,복수동,,,,내설악 용대,https://m.blog.naver.com/hoilsanta/221548303837,Jule105 봉정암  강원 인제 용대 내설악11530 월 맑음
D***2,경주 감포,201909**,M,5,,,      ,          ,,서울,노원구,상계9동,,,,경주 감포,https://blog.naver.com/daisykim1987/221485776355,감포팬션바닷가가 한눈에 보이는 경주 팬션
D***3,애월국제문화복합단지,201909**,F,5,,,      ,          ,,서울,강남구,청담동,,,,애월국제문화복합단지,https://blog.naver.com/bigfish3/221486552408,제주도 땅 투자애월 국제문화복합단지 진척상황
D***4,원각사,201909**,M,2,,,      ,          ,,광주,서구,금호동,,,,원각사,https://m.blog.naver.com/nelo30/221688868198,가볍게 다이어트 트레킹 겸 다녀온 의정부 원각사
D***6,신정호,201909**,F,4,"주부 (전업주부, 파트타임 근무 주부)",300~399만원,예    ,자녀 있음 ,아파트/ 주상복합,울산,울주군,온양읍,,LG,SKT,신정호,https://m.blog.naver.com/jsn920/221550735561,아산여행신정호 호수공원 전망좋은카페산책 아산 가볼만한곳
D***4,양양국제공항,201909**,F,3,,,      ,          ,,서울,강북구,번3동,,,,양양국제공항,https://blog.naver.com/4_28b/221660419232,양양국제공항 타고 제주도 가기 코리아익스프레스에어
D***1,등명,201909**,F,5,,,      ,          ,,인천,남동구,구월2동,,,,등명,https://m.blog.naver.com/fedfox77/221616393516,강릉 해수욕장 추천 작지만 편안한 등명해변등명해수욕장
D***1,지장사,201909**,F,5,,,      ,          ,,인천,남동구,구월2동,,,,등명,https://m.blog.naver.com/asforlove/221709499900,방탄소년단 정국 지장사 직원분이 알려준 꾹이 비하인드스토리
D***8,마한문화,201909**,F,3,,,      ,          ,,충북,진천군,진천읍,,,,마한문화,https://m.blog.naver.com/pson30/221724282236,영암 마한문화공원 191125
D***8,마이산회봉온천,201909**,M,3,"사무직 (일반사무직, 공무원, 직업군인)",300~399만원,예    ,자녀 있음 ,아파트/ 주상복합,부산,해운대구,우2동,"준중형SUV (투싼, 스포티지, QM5, 티구안급 등)",삼성,LG U+,마이산회봉온천,https://m.blog.naver.com/PostView.nhn?blogId=hk8300&logNo=50140957063&proxyReferer=https%3A%2F%2Fm.search.naver.com%2Fsearch.naver%3Fquery%3D%25EB%25A7%2588%25EC%259D%25B4%25EC%2582%25B0%25ED%259A%258C%25EB%25B4%2589%25EC%2598%25A8%25EC%25B2%259C%26sm%3Dmtb_hty.top%26where%3Dm%26oquery%3D%25EB%258C%2580%25EA%25B5%25AC%25EB%25A9%25B4%25EB%258F%2584%25EC%259A%2594%25EC%25A7%2580%26tqi%3DUPO7psprvAdssE166zRssssst3G-144381,마이산회봉온천 새 희망 날개 활짝 폈다
D***5,백운계곡,201909**,M,2,무직,200~299만원,아니오,          ,아파트/ 주상복합,서울,송파구,잠실4동,,삼성,KT,백운계곡,https://blog.naver.com/wnsghdudwls/221637010727,포천 백운계곡
D***2,모악산,201909**,M,3,"사무직 (일반사무직, 공무원, 직업군인)",400~499만원,예    ,자녀 있음 ,아파트/ 주상복합,경남,창원시 진해구,동상동,"준중형차 (아반떼, K3, 크루즈, 제타급 등)",삼성,SKT,모악산,https://m.blog.naver.com/pshadm/221683408706,100대명산  모악산  84130
D***6,사선대,201909**,M,5,,,      ,          ,,부산,북구,덕천3동,,,,사선대,https://m.blog.naver.com/jbgokr/221566547422,선녀들도 반한 국민 관광지 임실 사선대  임실 나들이 명소
D***5,운일암반일암,201909**,M,2,,,      ,          ,,서울,용산구,청파동1가,,,,운일암반일암,https://m.blog.naver.com/overroad89/221700138547,전북 가볼만한곳  진안 운일암 반일암 산책
D***5,보덕사 ,201909**,M,4,"자영업 (도소매업, 숙박업, 미용업)",100~199만원,아니오,          ,단독주택,강원,강릉시,사천면,기타 (승합차/트럭/화물차/기타 차량 등),삼성,SKT,보덕사 ,http://m.blog.daum.net/_blog/_m/articleView.do?blogid=03bMR&articleno=15961077,보덕사 예산
D***3,어답산,201909**,M,5,"사무직 (일반사무직, 공무원, 직업군인)",400~499만원,예    ,자녀 있음 ,연립주택/ 다세대/ 빌라,울산,중구,성안동,"중형차 (쏘나타, K5, 말리부, 골프급 등)",LG,LG U+,어답산,https://m.blog.naver.com/iiijjjiiijjj/221600282946,20190728일 횡성 어답산횡성온천선바위장송어답산 장군봉병지방계곡
D***0,마니산,201909**,M,3,무직,200~299만원,아니오,          ,단독주택,경기,부천시 소사구,괴안동,,LG,LG U+,마니산,https://blog.naver.com/jipangdosa/221613683019,한국명산 031 강화도 마니산 등산기
D***9,춘장대해수욕장,201909**,M,2,,,      ,          ,,전북,전주시 덕진구,우아동2가,,,,춘장대해수욕장,https://m.blog.naver.com/ka8564/221667927409,춘장대 해수욕장과 홍원항 쭈꾸미낚시 풍경
D***4,오수의견,201909**,M,4,"서비스직 (요식업, 숙박업, 미용실종업원)",200~299만원,아니오,          ,연립주택/ 다세대/ 빌라,서울,구로구,온수동,"준중형차 (아반떼, K3, 크루즈, 제타급 등)",삼성,SKT,오수의견,https://m.blog.naver.com/gloryhealing/221610037579,전북 걷기 좋은 곳 전북 임실 오수의견공원
D***7,금강호,201909**,M,3,"생산/노무직 (생산감독, 경비원, 공장근로자)",300~399만원,예    ,자녀 없음 ,연립주택/ 다세대/ 빌라,서울,송파구,석촌동,"중형SUV (싼타페, 쏘렌토, 캡티바, BMW X3급 등)",삼성,KT,금강호,https://m.blog.naver.com/sumi0ju/221704482211,오천항 금강낚시 금강호 쭈꾸미 갑오징어 출조 조황 쭈갑 선상낚시 20191109
D***0,한탄강,201909**,M,5,,,      ,          ,,경남,창녕군,창녕읍,,,,한탄강,http://nanazip.com/221721990837,철원 카페  송대소 주상절리 한탄강을 배경으로 커피한잔에 빠져보는 모닝캄빌리지 펜션  카페
D***1,합천보조댐,201909**,F,5,"사무직 (일반사무직, 공무원, 직업군인)",600~699만원,예    ,자녀 있음 ,아파트/ 주상복합,서울,구로구,고척1동,"준대형차 (그랜저, K7, 알페온, 캠리급, 파사트급 등)",애플,KT,합천보조댐,https://m.blog.naver.com/gnfeel/221693122206,경상남도 산책길  합천 가볼만한곳 산책하며 데이트하기 좋은 길 합천 보조댐 수변생태 탐방로
D***3,홍천 비발디파크,201909**,F,5,,,      ,          ,,서울,은평구,진관동,,,,홍천 비발디파크,https://blog.naver.com/loveeoni/221717350562,비발디파크 근처 펜션 홍천 힐링하우스 뜨끈한 온돌방 넘나 좋음
D***6,안동문화,201909**,F,2,"사무직 (일반사무직, 공무원, 직업군인)",100~199만원,아니오,          ,아파트/ 주상복합,경남,창원시 의창구,명서동,,LG,알뜰폰(MVNO),안동문화,https://blog.naver.com/jomkkange/221718101147,191125 1박 2일 안동 여행  세계문화유산 도산서원
D***7,마니산,201909**,M,3,,,      ,          ,,대구,북구,대현동,,,,마니산,https://blog.naver.com/jipangdosa/221613683019,한국명산 031 강화도 마니산 등산기
D***4,예래휴양형주거,201909**,M,3,"사무직 (일반사무직, 공무원, 직업군인)",400~499만원,예    ,자녀 있음 ,아파트/ 주상복합,인천,남구,용현5동,"중형차 (쏘나타, K5, 말리부, 골프급 등)",삼성,KT,예래휴양형주거,https://blog.naver.com/bigfish3/221477767193,예래 휴양형 주거단지 현황과 제주도 땅 투자
D***5,해남 오시아노,201909**,F,5,"주부 (전업주부, 파트타임 근무 주부)",100~199만원,예    ,자녀 있음 ,아파트/ 주상복합,인천,동구,송림3동,"소형차 (액센트, 프라이드, 아베오, 피아트급 등)",LG,LG U+,해남 오시아노,https://blog.naver.com/qud005/221544080363,캠핑장 추천  해남 오시아노 캠핑장
D***1,땅끝,201909**,M,3,"사무직 (일반사무직, 공무원, 직업군인)",800~899만원,예    ,자녀 있음 ,아파트/ 주상복합,서울,광진구,자양1동,"준중형차 (아반떼, K3, 크루즈, 제타급 등)",애플,KT,땅끝,http://m.blog.daum.net/_blog/_m/articleView.do?blogid=0W7Ve&articleno=866,2018. 단풍따라 흐르는 가을여행 - 14. 토말. 땅끝마을
D***1,무릉계곡,201909**,M,3,"사무직 (일반사무직, 공무원, 직업군인)",300~399만원,예    ,자녀 있음 ,아파트/ 주상복합,경남,거제시,고현동,"중형차 (쏘나타, K5, 말리부, 골프급 등)",LG,KT,무릉계곡,http://m.blog.daum.net/_blog/_m/articleView.do?blogid=0W7Ve&articleno=858,단풍따라 흐르는 가을여행 - 6. 무릉계곡 여행
D***3,해남 오시아노,201909**,F,3,"사무직 (일반사무직, 공무원, 직업군인)",500~599만원,예    ,자녀 있음 ,연립주택/ 다세대/ 빌라,서울,송파구,가락1동,,삼성,KT,해남 오시아노,https://blog.naver.com/qud005/221544080363,캠핑장 추천  해남 오시아노 캠핑장
D***9,추암,201909**,M,4,"사무직 (일반사무직, 공무원, 직업군인)",600~699만원,예    ,자녀 있음 ,아파트/ 주상복합,대전,동구,가오동,"준대형차 (그랜저, K7, 알페온, 캠리급, 파사트급 등)",삼성,SKT,추암,http://m.blog.daum.net/_blog/_m/articleView.do?blogid=0bogl&articleno=936,해파랑길 트레킹 제32코스 한재밑 추암
D***7,공릉,201909**,F,4,"주부 (전업주부, 파트타임 근무 주부)",200~299만원,예    ,자녀 있음 ,아파트/ 주상복합,강원,태백시,황지동,,삼성,LG U+,공릉,https://blog.naver.com/back2462/221721451198,파주 공릉캠핑장 11월 동계 캠핑의 첫 시작
D***2,신륵사,201909**,M,5,무직,100만원 미만,아니오,          ,아파트/ 주상복합,경기,김포시,풍무동,,삼성,SKT,신륵사,https://jbm993.blog.me/221521860991,여주 가볼만한곳 색색의 연등이 예쁜 신륵사
D***0,금월봉,201909**,M,3,"생산/노무직 (생산감독, 경비원, 공장근로자)",300~399만원,예    ,자녀 있음 ,연립주택/ 다세대/ 빌라,경기,안산시 단원구,선부3동,"중형차 (쏘나타, K5, 말리부, 골프급 등)",삼성,LG U+,금월봉,https://m.blog.naver.com/tarantium82/221696743035,제천1박2일2일차동산분식 덩실분식 제천청풍호모노레일 비봉산전망대 청풍호반케이블카 금월봉석갈비
D***0,원주 더네이처,201909**,F,4,"전문직 (의사, 판검사, 예술가, 종교인)",900~999만원,예    ,자녀 있음 ,아파트/ 주상복합,서울,동작구,흑석동,"경차 (모닝, 스파크 등)",기타,SKT,원주 더네이처,http://www.kwnews.co.kr/nview.asp?s=501&aid=219042100027,원주문막읍 대규모 관광단지 4년만에 재추진
D***4,아우라지,201909**,M,4,"전문직 (의사, 판검사, 예술가, 종교인)",200~299만원,예    ,자녀 있음 ,아파트/ 주상복합,부산,기장군,정관면,"경차 (모닝, 스파크 등)",삼성,SKT,아우라지,https://m.blog.naver.com/kooni/221672541768,정선 아리랑 시장  물 폭탄 맞은 아우라지
D***4,화암,201909**,F,5,"사무직 (일반사무직, 공무원, 직업군인)",300~399만원,아니오,          ,단독주택,서울,용산구,이태원2동,,삼성,SKT,화암,https://m.blog.naver.com/aoisora2/221689337096,정선 아이와 가볼만한곳 화암동굴 나들이 
D***2,묘산봉,201909**,M,5,,,      ,          ,,서울,송파구,가락동,"중형SUV (싼타페, 쏘렌토, 캡티바, BMW X3급 등)",삼성,KT,묘산봉,https://m.blog.naver.com/kohj007/221598565809,제주시 구좌읍 김녕리 묘산봉 일대 농어촌도로 확장
D***8,신정호,201909**,M,5,"관리직 (사장, 간부, 고위공무원)",400~499만원,예    ,자녀 있음 ,연립주택/ 다세대/ 빌라,전남,여수시,화양면,"중형차 (쏘나타, K5, 말리부, 골프급 등)",삼성,SKT,신정호,https://m.blog.naver.com/jsn920/221550735561,아산여행신정호 호수공원 전망좋은카페산책 아산 가볼만한곳
D***7,제주용머리,201909**,F,4,"교직 (교사, 유치원교사, 학원강사)",400~499만원,예    ,자녀 있음 ,아파트/ 주상복합,경기,하남시,미사동,"준중형차 (아반떼, K3, 크루즈, 제타급 등)",삼성,LG U+,제주용머리,http://m.blog.daum.net/_blog/_m/articleView.do?blogid=0b2pw&articleno=2342,제주 용머리해안 맛집 가족 식사엔 카도돈카츠
D***3,장흥,201909**,F,3,"생산/노무직 (생산감독, 경비원, 공장근로자)",300~399만원,예    ,자녀 있음 ,아파트/ 주상복합,충남,천안시 서북구,두정동,"경차 (모닝, 스파크 등)",삼성,SKT,장흥,https://blog.naver.com/queen77577/221721828437,서울 근교 장흥 참숯가마 고구마 구워 먹고 놀기 좋아
D***2,광덕계곡,201909**,M,4,"관리직 (사장, 간부, 고위공무원)",400~499만원,예    ,자녀 있음 ,아파트/ 주상복합,서울,강남구,도곡1동,"준중형SUV (투싼, 스포티지, QM5, 티구안급 등)",삼성,KT,광덕계곡,https://m.blog.naver.com/hardprince/221676277562,즐거운 와인딩 코스 여우고개  백운계곡  광덕계곡  도마치재 M으로 지지기
D***2,강원호반,201909**,M,4,"관리직 (사장, 간부, 고위공무원)",400~499만원,예    ,자녀 있음 ,아파트/ 주상복합,서울,강남구,도곡1동,"준중형SUV (투싼, 스포티지, QM5, 티구안급 등)",삼성,KT,광덕계곡,http://blog.daum.net/yacho2011/2888,좋은 터 길라잡이(풍수문의 풍수강의)
D***8,청학사,201909**,F,3,"주부 (전업주부, 파트타임 근무 주부)","1,000만원 이상",예    ,자녀 있음 ,연립주택/ 다세대/ 빌라,서울,관악구,보라매동,,애플,SKT,청학사,https://m.blog.naver.com/yeonsulife/221652152813,SNS 서포터즈 연수구 사찰 여행 호불사와 청학사 가을 산책
D***1,원주 플라워프루트월드,201909**,M,4,"기능직 (자동차정비, 운전기사, 안경사, 택시기사)",800~899만원,예    ,자녀 있음 ,아파트/ 주상복합,울산,북구,매곡동,"대형SUV (베라크루즈, 모하비, 투아렉급 등)",삼성,SKT,원주 플라워프루트월드,https://blog.naver.com/lsgasd12/221643207852,원주 플라워프루트월드 관광단지 조성 사업 본격화
D***4,개척사,201909**,F,3,"전문직 (의사, 판검사, 예술가, 종교인)",500~599만원,예    ,자녀 있음 ,연립주택/ 다세대/ 빌라,부산,해운대구,우1동,"중형차 (쏘나타, K5, 말리부, 골프급 등)",애플,SKT,개척사,https://m.blog.naver.com/genseoks1/221406743484,미국 개척사에 두드러진 두 청년
D***1,율포해수욕장,201909**,F,2,"학생 (초중고학생, 대학생, 대학원생)","1,000만원 이상",아니오,          ,아파트/ 주상복합,경기,남양주시,화도읍,,삼성,SKT,율포해수욕장,https://m.blog.naver.com/day31479/221486986413,전라도1박2일여행여수낭만포차 율포해수욕장 광한루원
D***4,해신장보고,201909**,F,4,"사무직 (일반사무직, 공무원, 직업군인)",200~299만원,아니오,          ,아파트/ 주상복합,전북,전주시 완산구,평화동2가,"준중형차 (아반떼, K3, 크루즈, 제타급 등)",애플,KT,해신장보고,https://m.blog.naver.com/hohosuly/221539086115,을왕리 조개구이  해신장보고  설레여
D***1,쌍계사,201909**,M,3,무직,100만원 미만,아니오,          ,오피스텔,서울,동대문구,장안1동,"준대형차 (그랜저, K7, 알페온, 캠리급, 파사트급 등)",삼성,SKT,쌍계사,https://m.blog.naver.com/gnfeel/221717628454,경상남도 하동  하동 가볼만한곳 지리산자락으로 가을여행 떠나요 하동 쌍계사
D***5,경천대,201909**,M,4,,,      ,          ,,경기,안양시 만안구,안양5동,,,,경천대,https://m.blog.naver.com/jiyouls/221227527304,상주 경천대마음이 열리는 이곳 경천대 국민관광지
D***3,소요산,201909**,M,2,"자영업 (도소매업, 숙박업, 미용업)",500~599만원,아니오,          ,기타 ,서울,관악구,미성동,"준중형차 (아반떼, K3, 크루즈, 제타급 등)",애플,KT,소요산,https://blog.naver.com/pajiwn/221658923153,소요산 등산코스  소요산역자재암선녀탕의상대원점회귀 3시간
D***0,대천해수욕장,201909**,F,3,"주부 (전업주부, 파트타임 근무 주부)",300~399만원,예    ,자녀 있음 ,연립주택/ 다세대/ 빌라,강원,원주시,무실동,,애플,SKT,대천해수욕장,https://m.blog.naver.com/jblee27/221714733376,대천해수욕장 짚라인 타고 스카이라운지에서 커피한잔
D***1,불갑사,201909**,M,2,"학생 (초중고학생, 대학생, 대학원생)",300~399만원,아니오,          ,아파트/ 주상복합,경기,고양시 일산서구,주엽동,,LG,LG U+,불갑사,https://m.blog.naver.com/ka8564/221649053161,불갑사 상사화 개화초기 풍경불갑사상사화축제 날에는 만개할듯
D***7,구병산,201909**,F,2,"학생 (초중고학생, 대학생, 대학원생)",100만원 미만,아니오,          ,단독주택,경남,밀양시,초동면,,애플,LG U+,구병산,https://m.blog.naver.com/osgsb/221692903882,충북 보은 충북알프스의 시작점 아홉봉우리의 구병산
D***4,대광해수욕장,201909**,F,3,"사무직 (일반사무직, 공무원, 직업군인)",700~799만원,예    ,자녀 있음 ,연립주택/ 다세대/ 빌라,경기,하남시,망월동,,삼성,SKT,대광해수욕장,https://m.blog.naver.com/happy-luna/221332519271,아이들과 국내섬여행 임자도  해수욕장 대광해수욕장
D***2,극락암,201909**,M,3,"사무직 (일반사무직, 공무원, 직업군인)",300~399만원,예    ,자녀 있음 ,아파트/ 주상복합,대구,달성군,다사읍,"준중형차 (아반떼, K3, 크루즈, 제타급 등)",애플,KT,극락암,https://m.blog.naver.com/greatsm2001/221711399361,통도사 극락암의 가을
D***9,울산 강동,201909**,F,2,"사무직 (일반사무직, 공무원, 직업군인)",700~799만원,아니오,          ,연립주택/ 다세대/ 빌라,서울,구로구,궁동,,삼성,KT,울산 강동,https://blog.naver.com/usbukgu/221725467902,울산 강동 화암 주상절리 예술작품 같은 일출
D***2,충온온천,201909**,M,5,"관리직 (사장, 간부, 고위공무원)",100~199만원,아니오,          ,오피스텔,경남,양산시,삼호동,"중형SUV (싼타페, 쏘렌토, 캡티바, BMW X3급 등)",삼성,LG U+,충온온천,https://m.cafe.naver.com/mywetown/912,충주나우리마을
D***9,횡성 드림마운틴,201909**,M,3,"사무직 (일반사무직, 공무원, 직업군인)",200~299만원,예    ,자녀 있음 ,아파트/ 주상복합,경기,파주시,조리읍,"중형차 (쏘나타, K5, 말리부, 골프급 등)",삼성,KT,횡성 드림마운틴,https://blog.naver.com/asj910520/221251985378,드림마운틴 횡성 드림마운틴은 무엇인가
D***9,안적사,201909**,M,5,"사무직 (일반사무직, 공무원, 직업군인)",400~499만원,예    ,자녀 있음 ,아파트/ 주상복합,경기,성남시 수정구,창곡동,"중형차 (쏘나타, K5, 말리부, 골프급 등)",삼성,SKT,안적사,https://m.blog.naver.com/isinki/221675421360,기장 안적사에서 가을을 맞이했습니다
D***2,거가대교,201909**,F,3,"전문직 (의사, 판검사, 예술가, 종교인)",300~399만원,예    ,자녀 없음 ,아파트/ 주상복합,경남,창원시 성산구,남양동,"경차 (모닝, 스파크 등)",애플,KT,거가대교,https://m.blog.naver.com/ohyea95/221553123462,가덕도 가볼 만한 곳 연대봉 세계 최대 수심 해저터널 거가대교
D***7,개척사,201909**,F,3,,,      ,          ,,경기,하남시,미사동,,,,개척사,https://m.blog.naver.com/genseoks1/221406743484,미국 개척사에 두드러진 두 청년
D***4,주문진,201909**,M,3,"생산/노무직 (생산감독, 경비원, 공장근로자)",300~399만원,예    ,자녀 있음 ,아파트/ 주상복합,충남,아산시,음봉면,"준중형SUV (투싼, 스포티지, QM5, 티구안급 등)",애플,KT,주문진,https://blog.naver.com/crazy_yuri/221713254200,새로웠던 주문진 맛집
D***6,삼장사,201909**,F,4,"주부 (전업주부, 파트타임 근무 주부)",500~599만원,예    ,자녀 있음 ,아파트/ 주상복합,전남,목포시,대성동,"중형차 (쏘나타, K5, 말리부, 골프급 등)",삼성,KT,삼장사,https://m.cafe.naver.com/thebomsnap/398,20190516 성내동성당삼장사
D***6,방화동,201909**,M,3,"사무직 (일반사무직, 공무원, 직업군인)",300~399만원,아니오,          ,아파트/ 주상복합,인천,남구,학익1동,"중형차 (쏘나타, K5, 말리부, 골프급 등)",삼성,LG U+,방화동,https://m.kin.naver.com/mobile/qna/detail.nhn?d1id=12&dirId=12011808&docId=335879922&qb=67Cp7ZmU64+Z&enc=utf8&section=kin.ext&rank=2&search_sort=0&spq=0,서울시 방화동에 건물을 지으려고 하는
D***7,고성 델피노 골프앤리조트,201909**,M,4,"사무직 (일반사무직, 공무원, 직업군인)",600~699만원,예    ,자녀 있음 ,아파트/ 주상복합,서울,관악구,난향동,"소형차 (액센트, 프라이드, 아베오, 피아트급 등)",LG,SKT,고성 델피노 골프앤리조트,https://blog.naver.com/aramouse/221589693496,가족여행 숙소 추천 고성 속초 델피노골프앤리조트 카페로까 조식 리뷰
D***0,척산온천,201909**,F,3,"자영업 (도소매업, 숙박업, 미용업)",900~999만원,아니오,          ,아파트/ 주상복합,경기,안양시 동안구,관양동,"준중형차 (아반떼, K3, 크루즈, 제타급 등)",애플,KT,척산온천,https://m.blog.naver.com/rnara/221478732030,속초 숙소 척산온천휴양촌
D***6,정남진우산도,201909**,M,4,"사무직 (일반사무직, 공무원, 직업군인)",500~599만원,예    ,자녀 없음 ,연립주택/ 다세대/ 빌라,경기,안산시 상록구,일동,"준중형차 (아반떼, K3, 크루즈, 제타급 등)",삼성,KT,정남진우산도,https://m.blog.naver.com/hankookceo/220778906265,정남진 장흥 물 축제 여행 정남진 전망대 위대한 영웅 안중근을 만나다
D***6,돈내코,201909**,M,4,"사무직 (일반사무직, 공무원, 직업군인)",500~599만원,예    ,자녀 없음 ,연립주택/ 다세대/ 빌라,경기,안산시 상록구,일동,"준중형차 (아반떼, K3, 크루즈, 제타급 등)",삼성,KT,정남진우산도,https://m.blog.naver.com/sohyun1989/221684113927,제주 원앙폭포 신비함을 느끼고 싶다면 꼭 돈내코
D***8,고석정,201909**,F,3,"사무직 (일반사무직, 공무원, 직업군인)",400~499만원,아니오,          ,연립주택/ 다세대/ 빌라,인천,부평구,부평4동,"소형SUV/CUV (티볼리, QM3 등)",삼성,SKT,고석정,https://m.blog.naver.com/mmm7962/221711870969,철원 여행 고석정 정취를 취하다
D***5,직탕,201909**,F,3,"주부 (전업주부, 파트타임 근무 주부)",600~699만원,예    ,자녀 있음 ,아파트/ 주상복합,서울,서초구,내곡동,"중형SUV (싼타페, 쏘렌토, 캡티바, BMW X3급 등)",LG,KT,직탕,https://m.blog.naver.com/sonic72/221608063332,20190806 철원일대 폭포를 찾아떠난 여름휴가 재인폭포비둘기낭폭포직탕폭포산정호수
D***0,대구화원,201909**,M,5,기타 ,500~599만원,예    ,자녀 있음 ,아파트/ 주상복합,서울,동작구,사당1동,,삼성,KT,대구화원,https://blog.naver.com/meteorslove/221529086600,대구 화원 카페 커피문화 작은 창고형카페
D***4,영탑사,201909**,F,3,"교직 (교사, 유치원교사, 학원강사)",500~599만원,예    ,자녀 없음 ,아파트/ 주상복합,서울,영등포구,당산동1가,,애플,KT,영탑사,https://m.blog.naver.com/elderpine/221667087073,절로절로 우리절 20 당진 영탑사
D***6,왕궁보석테마,201909**,M,3,"자영업 (도소매업, 숙박업, 미용업)",700~799만원,아니오,          ,연립주택/ 다세대/ 빌라,서울,서초구,반포4동,"MPV (카니발, 올란도, 피카소급, 오딧세이 등)",삼성,KT,왕궁보석테마,https://m.blog.naver.com/hiksanin/221692718933,익산왕궁보석테마관광지 상설공연  체험프로그램
D***5,대관령 어흘리,201909**,M,5,"교직 (교사, 유치원교사, 학원강사)",600~699만원,예    ,자녀 있음 ,아파트/ 주상복합,경기,군포시,궁내동,"대형차 (제너시스, BMW5급 등)",애플,LG U+,대관령 어흘리,https://m.blog.naver.com/jauroune/221662945310,대관령 어흘리 100년 소나무 숲길  대관령 치유의 숲길
D***0,운암사,201909**,M,4,"관리직 (사장, 간부, 고위공무원)",300~399만원,예    ,자녀 있음 ,아파트/ 주상복합,경북,칠곡군,석적읍,"MPV (카니발, 올란도, 피카소급, 오딧세이 등)",삼성,SKT,운암사,https://m.blog.naver.com/lucky0520/221684590217,비라칸사스와 함께한 광양 운암사
D***5,경주 감포,201909**,M,2,"학생 (초중고학생, 대학생, 대학원생)",300~399만원,아니오,          ,아파트/ 주상복합,경남,창원시 마산합포구,현동,,삼성,LG U+,경주 감포,https://blog.naver.com/daisykim1987/221485776355,감포팬션바닷가가 한눈에 보이는 경주 팬션
D***5,오전약수,201909**,F,3,"사무직 (일반사무직, 공무원, 직업군인)",200~299만원,아니오,          ,오피스텔,경기,성남시 분당구,구미동,,애플,KT,오전약수,https://m.blog.naver.com/sanm308/221616161992,태백산에 싸여있는 봉화군 물야 오전약수
D***4,제주헬스케어타운,201909**,F,2,"학생 (초중고학생, 대학생, 대학원생)",100만원 미만,아니오,          ,아파트/ 주상복합,서울,종로구,구기동,,애플,KT,제주헬스케어타운,https://blog.naver.com/solguji/221651290398,추석제주여행  헬스케어타운리조트  한림칼국수  카페라이슬라
D***9,송계사,201909**,M,3,무직,100~199만원,아니오,          ,기타 ,경기,안양시 동안구,갈산동,"준중형SUV (투싼, 스포티지, QM5, 티구안급 등)",삼성,알뜰폰(MVNO),송계사,https://m.blog.naver.com/kimyt9999/221674102000,덕유산 지봉 산행기경남거창 송계사계곡에서 지봉에 올라 횡경재를 거쳐 백암봉까지 달려보자
D***1,신정호,201909**,M,4,"사무직 (일반사무직, 공무원, 직업군인)",300~399만원,예    ,자녀 있음 ,아파트/ 주상복합,경기,화성시,반월동,"중형차 (쏘나타, K5, 말리부, 골프급 등)",애플,KT,신정호,https://m.blog.naver.com/jsn920/221550735561,아산여행신정호 호수공원 전망좋은카페산책 아산 가볼만한곳
D***9,수타사,201909**,M,5,,,      ,          ,,서울,양천구,신정동,"중형SUV (싼타페, 쏘렌토, 캡티바, BMW X3급 등)",,,수타사,https://m.blog.naver.com/sul_hwa/221684137467,홍천 은행나무숲과 수타사 강원도 가볼만한곳
D***5,남원,201909**,F,3,"서비스직 (요식업, 숙박업, 미용실종업원)",200~299만원,아니오,          ,연립주택/ 다세대/ 빌라,경기,광주시,퇴촌면,"소형차 (액센트, 프라이드, 아베오, 피아트급 등)",애플,SKT,남원,https://m.blog.naver.com/lesu0/221715390631,국내여행  남원숙소 너무 좋았던 에어비앤비 수곡당
D***1,강원오색,201909**,F,2,"학생 (초중고학생, 대학생, 대학원생)",500~599만원,아니오,          ,아파트/ 주상복합,울산,북구,중산동,,애플,LG U+,강원오색,https://m.blog.naver.com/nhk9933/221627655775,강원 설악산 오색약수근처 오색휴펜션 오색약수 계곡 초대받아 힐링하고 왔어요
D***,석정온천,201909**,F,5,,,      ,          ,,인천,중구,운남동,,,,석정온천,https://m.blog.naver.com/vnqk10/221716226470,고창 힐링카운티 석정온천휴스파
D***,안면도,201909**,M,3,,,      ,          ,,경기,구리시,수택2동,,,,안면도,http://m.blog.daum.net/_blog/_m/articleView.do?blogid=0UCYA&articleno=5829,"충남 태안 가볼만한곳, 안면도 자연휴양림 무장애 나눔길"
D***,신화랑,201909**,M,4,"사무직 (일반사무직, 공무원, 직업군인)",500~599만원,예    ,자녀 있음 ,아파트/ 주상복합,서울,노원구,중계2.3동,"중형차 (쏘나타, K5, 말리부, 골프급 등)",삼성,SKT,신화랑,https://m.blog.naver.com/wind_0227/221554355785,청도 가볼만한곳 신화랑풍류마을 생각보다 알차
D***,천안종합휴향,201909**,F,2,,,      ,          ,,서울,송파구,문정1동,,,,천안종합휴향,https://m.cafe.naver.com/sejongpedal/3371,세종싸이클로드
D***,창원 구산해양,201909**,F,3,,,      ,          ,,대구,남구,봉덕1동,,,,창원 구산해양,https://blog.naver.com/a23852/221319178127,창원 마산 외곽 구산카페  통통 오션뷰카페
D***,고흥우주해양,201909**,M,3,"판매직 (상점점원, 보험설계사, 노점상)",200~299만원,예    ,자녀 있음 ,아파트/ 주상복합,충북,충주시,용산동,"중형차 (쏘나타, K5, 말리부, 골프급 등)",삼성,SKT,고흥우주해양,https://blog.naver.com/yescom2000/221475087283,김 지사 고흥 우주항공 중심도시로 대도약
D***,표충사,201909**,M,5,,,      ,          ,,경기,파주시,광탄면,,,,표충사,https://m.blog.naver.com/jupan1999/221715055350,표충사 우리아이마음숲놀이터 하루 종일 놀겠다는 아이들
D***,해신장보고,201909**,M,4,,,      ,          ,,경기,고양시 일산동구,마두1동,,,,해신장보고,https://m.blog.naver.com/hohosuly/221539086115,을왕리 조개구이  해신장보고  설레여
D***,홍길동테마파크,201909**,M,5,,,      ,          ,,서울,강남구,대치1동,,,,홍길동테마파크,https://m.blog.naver.com/hhs653409/221664061938,장성 홍길동 테마파크 반가운 지인들과의 카라반 캠핑
D***,삼장사,201909**,F,4,"교직 (교사, 유치원교사, 학원강사)",200~299만원,예    ,자녀 있음 ,아파트/ 주상복합,전남,목포시,연산동,,삼성,SKT,삼장사,https://m.cafe.naver.com/thebomsnap/398,20190516 성내동성당삼장사
D***,고령부례,201909**,F,5,"자영업 (도소매업, 숙박업, 미용업)",400~499만원,예    ,자녀 있음 ,단독주택,부산,금정구,회동동,"소형차 (액센트, 프라이드, 아베오, 피아트급 등)",LG,LG U+,고령부례,https://m.blog.naver.com/gusdnr0409/221296355711,고령부례관광지 카라반  대구근교카라반
D***,한탄강,201909**,F,4,"교직 (교사, 유치원교사, 학원강사)",300~399만원,예    ,자녀 없음 ,아파트/ 주상복합,부산,해운대구,중1동,"준대형차 (그랜저, K7, 알페온, 캠리급, 파사트급 등)",삼성,SKT,한탄강,http://nanazip.com/221721990837,철원 카페  송대소 주상절리 한탄강을 배경으로 커피한잔에 빠져보는 모닝캄빌리지 펜션  카페
D***,운일암반일암,201909**,M,5,,,      ,          ,,충북,청원군,강내면,,,,운일암반일암,https://m.blog.naver.com/overroad89/221700138547,전북 가볼만한곳  진안 운일암 반일암 산책
D***,맹방,201909**,M,4,"자영업 (도소매업, 숙박업, 미용업)",100~199만원,아니오,          ,단독주택,충북,청주시 상당구,율량동,"준대형차 (그랜저, K7, 알페온, 캠리급, 파사트급 등)",삼성,LG U+,맹방,https://m.blog.naver.com/brad42/221596457277,강원도 삼척 맹방해수욕장 당일치기 여행
D***,직지사,201909**,F,2,,,      ,          ,,대구,동구,봉무동,,,,직지사,https://m.blog.naver.com/promise065/221702745601,김천 직지사  템플스테이 1박2일
D***,청학사,201909**,M,3,,,      ,          ,,경기,가평군,북면,,,,청학사,https://m.blog.naver.com/yeonsulife/221652152813,SNS 서포터즈 연수구 사찰 여행 호불사와 청학사 가을 산책
D***,진관사,201909**,M,3,,,      ,          ,,서울,구로구,개봉1동,,,,진관사,https://m.blog.naver.com/ka8564/221628007626,북한산 등산코스진관사 삼천사 원점코스
D***,실상사,201909**,F,2,,,      ,          ,,서울,송파구,잠실2동,,,,실상사,https://m.blog.naver.com/bosom86/221711922236,리군의 사찰 에세이 02 남원 실상사
D***,문경상리,201909**,F,5,"주부 (전업주부, 파트타임 근무 주부)",300~399만원,예    ,자녀 있음 ,아파트/ 주상복합,경기,오산시,수청동,,삼성,SKT,문경상리,http://m.blog.daum.net/_blog/_m/articleView.do?blogid=03UvL&articleno=15857454,문경 상리 삼층석탑 경북 문경
D***,안동하회,201909**,F,3,,,      ,          ,,경기,용인시 수지구,풍덕천2동,,,,안동하회,https://m.blog.naver.com/1004rahee/221715786295,안동하회마을 무료공연 하회별신굿탈놀이 부용대
D***,후곡약수터,201909**,F,2,"사무직 (일반사무직, 공무원, 직업군인)",100~199만원,아니오,          ,아파트/ 주상복합,대전,서구,월평동,"중형차 (쏘나타, K5, 말리부, 골프급 등)",애플,KT,후곡약수터,http://m.blog.daum.net/_blog/_m/articleView.do?blogid=09IWl&articleno=16152920,후곡 약수터
D***,개암사,201909**,M,4,"전문직 (의사, 판검사, 예술가, 종교인)",800~899만원,예    ,자녀 없음 ,연립주택/ 다세대/ 빌라,서울,용산구,한남동,"준중형SUV (투싼, 스포티지, QM5, 티구안급 등)",애플,KT,개암사,https://m.blog.naver.com/wona0317/221560541021,부안 개암사 그리고 개암제 나들이
D***,도곡온천,201909**,F,4,,,      ,          ,,광주,광산구,신창동,,,,도곡온천,https://m.blog.naver.com/jh630614/221520167548,화순 중봉산도곡온천 기준으로 완벽한 원점회귀 산행코스
D***,장성호,201909**,F,3,"사무직 (일반사무직, 공무원, 직업군인)",200~299만원,예    ,자녀 있음 ,연립주택/ 다세대/ 빌라,전북,군산시,수송동,,삼성,SKT,장성호,https://m.blog.naver.com/wella5442/221704598476,장성 가볼만한곳 장성호 수변길 출렁다리
D***,당항포,201909**,M,5,"자영업 (도소매업, 숙박업, 미용업)",200~299만원,예    ,자녀 있음 ,단독주택,경기,광명시,철산2동,"준중형SUV (투싼, 스포티지, QM5, 티구안급 등)",삼성,SKT,당항포,https://m.blog.naver.com/turpu/221690928126,경남 고성 가볼만한곳 공룡엑스포가 펼쳐지는 당항포 관광단지
D***,대승사,201909**,F,4,,,      ,          ,,경기,김포시,구래동,,,,대승사,https://m.blog.naver.com/5490ljy/221703776913,문경 사불산 대승사
D***,속리산레저,201909**,M,5,,,      ,          ,,서울,양천구,신월6동,,,,충주호체험,https://m.blog.naver.com/asancriti/221541893523,보은속리산 솔향공원 도깨비공원의 사람들
D***,충주호체험,201909**,M,5,,,      ,          ,,서울,양천구,신월6동,,,,충주호체험,https://m.blog.naver.com/yoohr0507/221553190270,충주호 유람선 체험
D***,간월도,201909**,M,3,,,      ,          ,,경남,창원시 진해구,풍호동,,,,간월도,https://m.blog.naver.com/jjun0712/221712063671,서산 간월도 간월암 다녀왔어요
D***,벽골제,201909**,F,3,,,      ,          ,,경남,창원시 마산합포구,월포동,,,,벽골제,https://m.blog.naver.com/robyn27/221649036302,놀거리가 가득한 곳  김제 벽골제
D***,곽지,201909**,M,2,"학생 (초중고학생, 대학생, 대학원생)",200~299만원,아니오,          ,아파트/ 주상복합,경기,시흥시,은행동,,삼성,LG U+,곽지,https://m.blog.naver.com/wnhjeju/221718304122,제주여행 곽지해변에서 한담공원 멋진뷰
D***,영주순흥,201909**,M,4,"관리직 (사장, 간부, 고위공무원)",500~599만원,예    ,자녀 있음 ,아파트/ 주상복합,서울,마포구,대흥동,"준중형차 (아반떼, K3, 크루즈, 제타급 등)",삼성,SKT,영주순흥,https://m.blog.naver.com/63ksyun/221719604248,풍기 온천 후 영주 순흥 선비촌 다녀왔습니다
D***,풍기온천,201909**,F,4,"자영업 (도소매업, 숙박업, 미용업)",400~499만원,예    ,자녀 있음 ,단독주택,강원,영월군,영월읍,,삼성,KT,풍기온천,https://m.blog.naver.com/sanm308/221569299218,물좋고 공기좋은 소백산풍기온천리조트
D***,보덕사 ,201909**,F,4,"사무직 (일반사무직, 공무원, 직업군인)",600~699만원,예    ,자녀 있음 ,아파트/ 주상복합,경기,남양주시,화도읍,"경차 (모닝, 스파크 등)",삼성,LG U+,보덕사 ,http://m.blog.daum.net/_blog/_m/articleView.do?blogid=03bMR&articleno=15961077,보덕사 예산
D***,복전암,201909**,M,5,,,      ,          ,,경기,안양시 동안구,평안동,,,,복전암,https://m.blog.naver.com/015sign/221552478539,토요산행   보문산
D***,평창 용평,201909**,M,3,,,      ,          ,,경기,성남시 분당구,분당동,,,,평창 용평,https://blog.naver.com/see302/221593099739,평창가볼만한곳평창 용평리조트 타워콘도 와 용평 워터파크 피크아일랜드현대홈쇼핑
D***,비슬산,201909**,F,2,,,      ,          ,,경기,군포시,산본동,,,,비슬산,http://blog.daum.net/tourcodi/8129744,대구 달성군 관광 비슬산 암괴류 대견사 참꽃군락지 반딧불이 전기차 달성 여행
D***,팔봉산,201909**,M,3,,,      ,          ,,충남,천안시 서북구,두정동,,,,팔봉산,https://m.blog.naver.com/cm0917/221711580256,191117 홍천 팔봉산 블랙야크100대명산 산림청100대명산 한국의산하인기100산
D***,제천온천,201909**,F,3,"주부 (전업주부, 파트타임 근무 주부)",300~399만원,예    ,자녀 있음 ,아파트/ 주상복합,대구,수성구,범물1동,"중형차 (쏘나타, K5, 말리부, 골프급 등)",애플,SKT,팜파스종합휴양,https://m.blog.naver.com/easeclub1/221720676545,충북 가볼만한곳 제천 리솜포레스트 온천여행과 자드락길
D***,팜파스종합휴양,201909**,F,3,"주부 (전업주부, 파트타임 근무 주부)",300~399만원,예    ,자녀 있음 ,아파트/ 주상복합,대구,수성구,범물1동,"중형차 (쏘나타, K5, 말리부, 골프급 등)",애플,SKT,팜파스종합휴양,https://blog.naver.com/hriver21/221092893072,팜파스종합휴양관광단지
D***,송계사,201909**,M,4,,,      ,          ,,경기,광주시,퇴촌면,,,,송계사,https://m.blog.naver.com/kimyt9999/221674102000,덕유산 지봉 산행기경남거창 송계사계곡에서 지봉에 올라 횡경재를 거쳐 백암봉까지 달려보자
D***,합천보조댐,201909**,M,3,"판매직 (상점점원, 보험설계사, 노점상)",200~299만원,예    ,자녀 있음 ,아파트/ 주상복합,경기,구리시,인창동,"준중형차 (아반떼, K3, 크루즈, 제타급 등)",삼성,KT,합천보조댐,https://m.blog.naver.com/gnfeel/221693122206,경상남도 산책길  합천 가볼만한곳 산책하며 데이트하기 좋은 길 합천 보조댐 수변생태 탐방로
D***,강원오색,201909**,M,3,,,      ,          ,,경기,파주시,광탄면,,,,강원오색,https://m.blog.naver.com/nhk9933/221627655775,강원 설악산 오색약수근처 오색휴펜션 오색약수 계곡 초대받아 힐링하고 왔어요
D***,홍천 비발디파크,201909**,F,4,,,      ,          ,,충남,홍성군,홍북면,,,,홍천 비발디파크,https://blog.naver.com/loveeoni/221717350562,비발디파크 근처 펜션 홍천 힐링하우스 뜨끈한 온돌방 넘나 좋음
D***,아우라지,201909**,M,4,,,      ,          ,,경북,구미시,공단동,,,,아우라지,https://m.blog.naver.com/kooni/221672541768,정선 아리랑 시장  물 폭탄 맞은 아우라지
D***,휘닉스파크,201909**,M,2,,,      ,          ,,경기,용인시 처인구,양지면,,,,휘닉스파크,https://blog.naver.com/vegemilstory/221663623759,가을 여행지 평창 가볼만한 곳 휘닉스 파크 1박 2일  양떼목장 체험까지
D***,일심사,201909**,M,4,,,      ,          ,,경기,고양시 일산서구,일산2동,,,,일심사,https://m.blog.naver.com/only_tour/221532442887,오이타 여행 코스벚꽃 운해 잇신지일심사
D***,문수사,201909**,F,3,"기능직 (자동차정비, 운전기사, 안경사, 택시기사)",200~299만원,아니오,          ,아파트/ 주상복합,경남,창원시 마산회원구,양덕2동,,삼성,SKT,문수사,http://m.blog.daum.net/_blog/_m/articleView.do?blogid=0qXA2&articleno=504,고창 청량산 문수사
D***7,속초해수욕장,201909**,F,3,,,      ,          ,,인천,연수구,송도동,"경차 (모닝, 스파크 등)",삼성,알뜰폰(MVNO),속초해수욕장,https://m.blog.naver.com/plingo/221682706206,여행 아무렇게나 떠난 속초 1박 2일 청초수물회 청초호 왱왱해물촌 중앙시장 영금정 속초해수욕장
D***4,서포리,201909**,F,4,,,      ,          ,,경기,오산시,금암동,,,,서포리,https://blog.naver.com/zeroheart73/221561164544,덕적도 서포리해변 백패킹511  512
D***7,장성호,201909**,M,2,,,      ,          ,,경기,고양시 일산서구,대화동,,,,장성호,https://m.blog.naver.com/wella5442/221704598476,장성 가볼만한곳 장성호 수변길 출렁다리
D***1,여수 경도,201909**,F,4,,,      ,          ,,경기,수원시 권선구,권선동,,,,여수 경도,https://blog.naver.com/zephyr122059/221339654475,수요미식회 여수  경도 자연횟집  여수 10미 하모 샤브샤브
D***3,신화역사공원,201909**,F,4,"전문직 (의사, 판검사, 예술가, 종교인)",500~599만원,예    ,자녀 있음 ,아파트/ 주상복합,부산,남구,용호1동,,삼성,LG U+,신화역사공원,https://present0955.blog.me/221723400417,제주 신화역사공원 홍차 카페 다만프레르
D***0,영암바둑테마파크,201909**,F,2,,,      ,          ,,광주,서구,금호동,,,,영암바둑테마파크,https://m.blog.naver.com/ashim1/221266017832,영암 가볼만한곳  월출산 기찬랜드 가야금산조 테마공원
D***4,돌문화공원,201909**,F,5,"자영업 (도소매업, 숙박업, 미용업)",200~299만원,예    ,자녀 없음 ,연립주택/ 다세대/ 빌라,인천,서구,검암동,,삼성,SKT,돌문화공원,https://m.blog.naver.com/pran0104/221715194651, 제주여행제주관광  제주 돌문화공원
D***8,실상사,201909**,F,5,"자영업 (도소매업, 숙박업, 미용업)",400~499만원,아니오,          ,아파트/ 주상복합,경기,용인시 기흥구,서천동,"중형차 (쏘나타, K5, 말리부, 골프급 등)",삼성,SKT,실상사,https://m.blog.naver.com/bosom86/221711922236,리군의 사찰 에세이 02 남원 실상사
D***5,충온온천,201909**,F,2,,,      ,          ,,경남,거창군,가북면,,,,충온온천,https://m.cafe.naver.com/mywetown/912,충주나우리마을
D***0,복전암,201909**,M,3,,,      ,          ,,부산,금정구,노포동,,,,복전암,https://m.blog.naver.com/015sign/221552478539,토요산행   보문산
D***3,부석사,201909**,F,5,,,      ,          ,,서울,강남구,청담동,,,,부석사,https://m.blog.naver.com/ekswldkvkxm2/221710948020,경북가볼만한곳 영주 부석사
D***4,유현문화,201909**,M,2,,,      ,          ,,광주,서구,금호동,,,,유현문화,https://m.blog.naver.com/airbag1/221682877565,횡성여행 횡성호수길 5구간 국순당 유현문화관광지 풍수원성당
D***1,광덕계곡,201909**,F,3,무직,200~299만원,아니오,          ,아파트/ 주상복합,충북,청주시 상당구,내덕2동,,애플,KT,광덕계곡,https://m.blog.naver.com/hardprince/221676277562,즐거운 와인딩 코스 여우고개  백운계곡  광덕계곡  도마치재 M으로 지지기
D***1,봉개휴양림,201909**,M,3,,,      ,          ,,인천,중구,중산동,,,,봉개휴양림,https://m.blog.naver.com/slow_m00n/221700410084,제주교래자연휴양림 큰지그리오름 봉개음식물처리장 냄새 최악
D***7,위봉사,201909**,F,2,,,      ,          ,,전북,전주시 덕진구,덕진동2가,,,,위봉사,https://m.blog.naver.com/hansongp/221703341215,한국의 산사 10898 완주 위봉사
D***5,거제 남부,201909**,F,3,"주부 (전업주부, 파트타임 근무 주부)",400~499만원,예    ,자녀 있음 ,아파트/ 주상복합,인천,계양구,작전1동,"준중형차 (아반떼, K3, 크루즈, 제타급 등)",삼성,LG U+,거제 남부,https://blog.naver.com/rowon98/221488555544,거제 남부 해변길 걷기함목다대다포천장산여차여차홍포전망대홍포대포근포근포마을명사저구항
D***4,여수 첼린지 파크,201909**,M,4,"사무직 (일반사무직, 공무원, 직업군인)",400~499만원,예    ,자녀 있음 ,아파트/ 주상복합,부산,남구,대연3동,"준중형차 (아반떼, K3, 크루즈, 제타급 등)",삼성,KT,여수 첼린지 파크,https://blog.naver.com/okine2086/221595075033,여수 유월드 루지 테마파크 핫플 인정 100만표
D***9,망상,201909**,M,2,,,      ,          ,,서울,중랑구,상봉동,,,,망상,https://m.blog.naver.com/kkoshooo/221596336418,강원 동해 망상오토캠핑장
D***3,프로젝트 ECO,201909**,F,3,"사무직 (일반사무직, 공무원, 직업군인)",500~599만원,예    ,자녀 없음 ,아파트/ 주상복합,경기,고양시 일산동구,백석1동,,삼성,KT,프로젝트 ECO,https://humanvillage.blog.me/221713044677,애월 봉성리 프로젝트ECO조성사업
D***7,경주 감포,201909**,M,3,,,      ,          ,,서울,마포구,서교동,,,,경주 감포,https://blog.naver.com/daisykim1987/221485776355,감포팬션바닷가가 한눈에 보이는 경주 팬션
D***9,용호씨사이드,201909**,F,3,"사무직 (일반사무직, 공무원, 직업군인)",600~699만원,예    ,자녀 없음 ,아파트/ 주상복합,경남,창원시 성산구,남양동,"경차 (모닝, 스파크 등)",삼성,SKT,용호씨사이드,http://www.kookje.co.kr/news2011/asp/newsbody.asp?code=0200&key=20171123.22001010675,부산 용호동 씨사이드 분쟁 부산시 관광지 취소 경고
D***8,송불암,201909**,M,4,"관리직 (사장, 간부, 고위공무원)",100~199만원,예    ,자녀 있음 ,연립주택/ 다세대/ 빌라,서울,강동구,길동,"프리미엄 (에쿠스, BMW7급 등)",LG,KT,송불암,https://m.blog.naver.com/nscity/221624748483,논산여행 황산벌의 중심에 자리한 논산 송불암 미륵불
D***4,제주남원,201909**,M,3,"사무직 (일반사무직, 공무원, 직업군인)",200~299만원,아니오,          ,아파트/ 주상복합,인천,남구,주안7동,,삼성,SKT,제주남원,https://m.blog.naver.com/since080515/221648773649,최고라고 말하고싶은 제주 남원 맛집
D***2,신화역사공원,201909**,M,2,,,      ,          ,,경기,안양시 만안구,박달동,,,,신화역사공원,https://present0955.blog.me/221723400417,제주 신화역사공원 홍차 카페 다만프레르
D***3,영국사,201909**,F,4,,,      ,          ,,광주,광산구,수완동,,,,영국사,https://m.blog.naver.com/youliyan/221628365158,충북 영동 가볼만한곳 천태산 영국사
D***7,성류굴,201909**,M,3,"교직 (교사, 유치원교사, 학원강사)",600~699만원,아니오,          ,아파트/ 주상복합,인천,부평구,부개동,,애플,KT,성류굴,https://m.blog.naver.com/hsakjo/221566664329,울진 금강소나무 숲길 트레킹울진 성류굴
D***4,보덕사 ,201909**,F,2,"사무직 (일반사무직, 공무원, 직업군인)",300~399만원,아니오,          ,아파트/ 주상복합,경남,창원시 성산구,남양동,"경차 (모닝, 스파크 등)",삼성,SKT,보덕사 ,http://m.blog.daum.net/_blog/_m/articleView.do?blogid=03bMR&articleno=15961077,보덕사 예산
D***6,증평 에듀팜 특구,201909**,M,2,,,      ,          ,,경북,경산시,자인면,,,,증평 에듀팜 특구,https://blog.naver.com/wwwjpgokr/221592218844,SNS기자단 기고 해외 관광객도 즐길 충북의 명소 증평 에듀팜 관광특구
D***5,청룡사,201909**,F,3,"사무직 (일반사무직, 공무원, 직업군인)","1,000만원 이상",아니오,          ,아파트/ 주상복합,경기,김포시,장기동,,애플,KT,청룡사,https://m.blog.naver.com/ykan7/221713770267,191119 안성 서운산 산행청룡사주차장청룡사정상 왕복코스 끝물 단풍 감상하기
D***7,남당,201909**,M,4,,,      ,          ,,경기,용인시 처인구,역북동,,,,남당,https://m.blog.naver.com/wodhks0389/221723046008,1130 남당피싱 워너비호 먼바다 우럭 낚시체험 인건가
D***7,삽교호,201909**,M,5,,,      ,          ,,경기,고양시 일산동구,풍동,,,,삽교호,https://m.blog.naver.com/yongju320/221645978745,당진 삽교호 한 바퀴
D***2,묘산봉,201909**,M,2,,,      ,          ,,서울,강남구,개포1동,,,,묘산봉,https://m.blog.naver.com/kohj007/221598565809,제주시 구좌읍 김녕리 묘산봉 일대 농어촌도로 확장
D***4,벽계,201909**,M,4,,,      ,          ,,충남,보령시,동대동,,,,벽계,https://m.blog.naver.com/uiryeonginfo/221691105047,벽계야영장은 새단장 중
D***8,화진포,201909**,M,3,,,      ,          ,,경기,파주시,파주읍,,,,화진포,https://m.blog.naver.com/94040882/221716020914,강원도 고성 여행  화진포 신서유기에도 나왔네요
D***9,일락사,201909**,M,3,,,      ,          ,,경기,안산시 상록구,월피동,,,,일락사,https://m.blog.naver.com/dado8396/221541480589,일락사개심사서산농장용현계곡퉁퉁고개
D***5,문장대온천,201909**,M,5,"사무직 (일반사무직, 공무원, 직업군인)",400~499만원,예    ,자녀 있음 ,아파트/ 주상복합,부산,동래구,온천2동,"경차 (모닝, 스파크 등)",삼성,SKT,문장대온천,http://m.blog.daum.net/_blog/_m/articleView.do?blogid=0F0kb&articleno=8780597,문장대온천개발 온천지구 지정 사실상 백지화 가능성 커
D***6,남당,201909**,M,3,"전문직 (의사, 판검사, 예술가, 종교인)",700~799만원,아니오,          ,오피스텔,서울,서초구,방배2동,"프리미엄 (에쿠스, BMW7급 등)",삼성,SKT,남당,https://m.blog.naver.com/wodhks0389/221723046008,1130 남당피싱 워너비호 먼바다 우럭 낚시체험 인건가
D***5,주문진,201909**,F,4,"사무직 (일반사무직, 공무원, 직업군인)",700~799만원,예    ,자녀 있음 ,아파트/ 주상복합,서울,중구,신당2동,"중형차 (쏘나타, K5, 말리부, 골프급 등)",삼성,SKT,주문진,https://blog.naver.com/crazy_yuri/221713254200,새로웠던 주문진 맛집
D***0,김제온천,201909**,F,4,기타 ,400~499만원,예    ,자녀 있음 ,아파트/ 주상복합,대전,동구,성남동,,삼성,SKT,김제온천,https://m.blog.naver.com/shbae3521/221589492924,김제연꽃아버지의 연사랑 흙바라기연근농장 페이지 김영훈 김계숙
D***7,약수암,201909**,M,3,"생산/노무직 (생산감독, 경비원, 공장근로자)",100~199만원,아니오,          ,아파트/ 주상복합,전북,전주시 덕진구,송천동2가,"중형차 (쏘나타, K5, 말리부, 골프급 등)",애플,SKT,약수암,https://m.blog.naver.com/jcjkks/221642522935,도당산시사재 대광사 약수암
D***7,제주용머리,201909**,M,2,기타 ,100~199만원,아니오,          ,아파트/ 주상복합,전남,목포시,용해동,,삼성,SKT,제주용머리,http://m.blog.daum.net/_blog/_m/articleView.do?blogid=0b2pw&articleno=2342,제주 용머리해안 맛집 가족 식사엔 카도돈카츠
D***6,곡성도림사,201909**,M,3,"사무직 (일반사무직, 공무원, 직업군인)",400~499만원,아니오,          ,오피스텔,충남,태안군,근흥면,"준대형차 (그랜저, K7, 알페온, 캠리급, 파사트급 등)",애플,KT,곡성도림사,https://m.blog.naver.com/aboutclaire/221562777372,곡성 여행 도림사 카페 씨엘로
D***2,김녕해수욕장,201909**,F,2,,,      ,          ,,경기,파주시,광탄면,,,,김녕해수욕장,https://m.blog.naver.com/findjeju/221593221722,제주도 바다 색이 아름다운 김녕해수욕장 물놀이
D***2,유현문화,201909**,F,4,"사무직 (일반사무직, 공무원, 직업군인)",600~699만원,예    ,자녀 있음 ,연립주택/ 다세대/ 빌라,서울,은평구,신사2동,,삼성,SKT,유현문화,https://m.blog.naver.com/airbag1/221682877565,횡성여행 횡성호수길 5구간 국순당 유현문화관광지 풍수원성당
D***1,궁평,201909**,M,2,"자영업 (도소매업, 숙박업, 미용업)",500~599만원,예    ,자녀 없음 ,아파트/ 주상복합,대구,북구,침산3동,"대형차 (제너시스, BMW5급 등)",LG,KT,궁평,http://blog.daum.net/seohwi/277,궁평의 마을
D***5,도곡온천,201909**,F,4,"사무직 (일반사무직, 공무원, 직업군인)",800~899만원,예    ,자녀 있음 ,아파트/ 주상복합,경기,광명시,철산3동,"중형SUV (싼타페, 쏘렌토, 캡티바, BMW X3급 등)",LG,LG U+,도곡온천,https://m.blog.naver.com/jh630614/221520167548,화순 중봉산도곡온천 기준으로 완벽한 원점회귀 산행코스
D***0,마곡온천,201909**,F,2,무직,700~799만원,아니오,          ,아파트/ 주상복합,서울,동대문구,전농2동,,애플,SKT,마곡온천,https://m.blog.naver.com/coco_8600/221653876224,강화도 여행 마곡 맛집  동천  석모도미네랄온천
D***0,미탄마하생태,201909**,M,3,기타 ,200~299만원,아니오,          ,아파트/ 주상복합,경기,구리시,인창동,"준중형SUV (투싼, 스포티지, QM5, 티구안급 등)",삼성,KT,미탄마하생태,https://m.blog.naver.com/leeewon47/221479158841,대한민국 대표 관광지 강원도 강원도 관광지 현황은
D***4,궁평,201909**,F,5,"주부 (전업주부, 파트타임 근무 주부)",500~599만원,예    ,자녀 없음 ,아파트/ 주상복합,서울,서초구,서초4동,"대형차 (제너시스, BMW5급 등)",삼성,SKT,궁평,http://blog.daum.net/seohwi/277,궁평의 마을
D***8,우수영,201909**,M,2,"기능직 (자동차정비, 운전기사, 안경사, 택시기사)",200~299만원,아니오,          ,연립주택/ 다세대/ 빌라,광주,북구,두암2동,,애플,KT,우수영,https://m.blog.naver.com/hp0210/221703457436,전라도 가볼만한곳 진도타워  우수영국민관광지 명량대첩기념관
D***1,태조산,201909**,M,4,,,      ,          ,,부산,부산진구,개금동,,LG,알뜰폰(MVNO),태조산,https://m.blog.naver.com/ohs1443/221659948848,천안 태조산421m  흑성산519m
D***8,묘산봉,201909**,F,3,"사무직 (일반사무직, 공무원, 직업군인)",900~999만원,아니오,          ,아파트/ 주상복합,서울,성동구,마장동,,삼성,KT,묘산봉,https://m.blog.naver.com/kohj007/221598565809,제주시 구좌읍 김녕리 묘산봉 일대 농어촌도로 확장
D***1,예당,201909**,F,2,"학생 (초중고학생, 대학생, 대학원생)","1,000만원 이상",아니오,          ,아파트/ 주상복합,서울,강남구,역삼동,,애플,SKT,예당,https://m.blog.naver.com/lovely_fat/221625644631,충남 예당저수지 예당호 출렁다리
D***1,용문산,201909**,F,2,"학생 (초중고학생, 대학생, 대학원생)","1,000만원 이상",아니오,          ,아파트/ 주상복합,서울,강남구,역삼동,,애플,SKT,예당,https://kaisr2.blog.me/221624459312,양평 용문산 관광단지와 용문사 은행나무
D***6,회산연꽃방죽,201909**,F,2,무직,500~599만원,아니오,          ,아파트/ 주상복합,경기,안산시 상록구,건건동,,애플,LG U+,회산연꽃방죽,https://m.blog.naver.com/yunm2530/221565757481,일로읍 회산연꽃방죽이야기회산백련지연꽃나들이목포꽃집목포꽃배달 남악꽃배달 일로꽃배달무안꽃배달
D***4,영월온천,201909**,F,4,"사무직 (일반사무직, 공무원, 직업군인)",200~299만원,아니오,          ,아파트/ 주상복합,전북,전주시 완산구,평화동2가,"준중형차 (아반떼, K3, 크루즈, 제타급 등)",애플,KT,영월온천,https://m.blog.naver.com/sonjungwook22/221664214543,201707387001 영월군 영월읍 심옥리 영월온천
D***0,다덕약수,201909**,M,3,"사무직 (일반사무직, 공무원, 직업군인)","1,000만원 이상",예    ,자녀 있음 ,아파트/ 주상복합,서울,양천구,목5동,"중형차 (쏘나타, K5, 말리부, 골프급 등)",애플,SKT,다덕약수,https://m.blog.naver.com/soda8219/221603152068,봉화 약수식당  다덕약수 로 만든 토종닭백숙
D***5,웰리힐리파크,201909**,F,4,"주부 (전업주부, 파트타임 근무 주부)",100만원 미만,예    ,자녀 있음 ,아파트/ 주상복합,울산,동구,방어동,"중형SUV (싼타페, 쏘렌토, 캡티바, BMW X3급 등)",삼성,SKT,웰리힐리파크,https://blog.naver.com/missjoon/221716441790,웰리힐리파크 리프트권 및 록키스키 알파인 스키강습
D***8,장성호,201909**,M,5,"생산/노무직 (생산감독, 경비원, 공장근로자)",400~499만원,예    ,자녀 있음 ,아파트/ 주상복합,경기,평택시,용이동,"소형차 (액센트, 프라이드, 아베오, 피아트급 등)",기타,LG U+,장성호,https://m.blog.naver.com/wella5442/221704598476,장성 가볼만한곳 장성호 수변길 출렁다리
D***6,마차탄광문화촌,201909**,F,4,"주부 (전업주부, 파트타임 근무 주부)",500~599만원,예    ,자녀 있음 ,아파트/ 주상복합,경북,구미시,산동면,"소형차 (액센트, 프라이드, 아베오, 피아트급 등)",삼성,SKT,마차탄광문화촌,https://m.blog.naver.com/sweetmeto/221715184365,영월여행  강원도 탄광문화촌 단양영월 2박3일 여행
D***7,청평사,201909**,F,2,"서비스직 (요식업, 숙박업, 미용실종업원)",500~599만원,아니오,          ,단독주택,서울,양천구,신월1동,,애플,SKT,청평사,https://blog.naver.com/dlduddms3469/221681611478,춘천 단풍구경하며 산책겸 등산코스 청평사가는길
D***8,미륵사지,201909**,F,5,"교직 (교사, 유치원교사, 학원강사)",300~399만원,예    ,자녀 있음 ,연립주택/ 다세대/ 빌라,인천,남동구,간석3동,,삼성,KT,미륵사지,https://m.blog.naver.com/jhyang58/221711567421,미륵사지 교도소세트장 보석박물관  익산  전주 여행  1 
D***1,삽교호,201909**,M,2,"학생 (초중고학생, 대학생, 대학원생)",800~899만원,아니오,          ,아파트/ 주상복합,경기,고양시 일산동구,중산동,,삼성,알뜰폰(MVNO),삽교호,https://m.blog.naver.com/yongju320/221645978745,당진 삽교호 한 바퀴
D***4,원주 루첸,201909**,F,4,"주부 (전업주부, 파트타임 근무 주부)",200~299만원,예    ,자녀 있음 ,연립주택/ 다세대/ 빌라,경기,안성시,공도읍,,애플,SKT,원주 루첸,https://blog.naver.com/shim7803/220897494183,20161226원주투데이플라워푸르트월드 관광단지 본궤도루첸관광단지 사업내용 변경해 내년말 지정
D***0,공릉,201909**,F,2,"학생 (초중고학생, 대학생, 대학원생)","1,000만원 이상",아니오,          ,단독주택,대구,북구,태전동,,삼성,SKT,공릉,https://blog.naver.com/back2462/221721451198,파주 공릉캠핑장 11월 동계 캠핑의 첫 시작
D***8,진관사,201909**,M,4,"사무직 (일반사무직, 공무원, 직업군인)",800~899만원,아니오,          ,아파트/ 주상복합,서울,마포구,마포동,"준대형차 (그랜저, K7, 알페온, 캠리급, 파사트급 등)",애플,SKT,진관사,https://m.blog.naver.com/ka8564/221628007626,북한산 등산코스진관사 삼천사 원점코스
D***0,화암,201909**,M,2,"학생 (초중고학생, 대학생, 대학원생)","1,000만원 이상",아니오,          ,아파트/ 주상복합,강원,속초시,조양동,,애플,알뜰폰(MVNO),화암,https://m.blog.naver.com/aoisora2/221689337096,정선 아이와 가볼만한곳 화암동굴 나들이 
D***5,청량사,201909**,F,5,"주부 (전업주부, 파트타임 근무 주부)",500~599만원,예    ,자녀 있음 ,연립주택/ 다세대/ 빌라,서울,은평구,갈현동,,LG,LG U+,청량사,https://m.blog.naver.com/iloveknp/221699419985,가야산국립공원남산제일봉 청량사 원점회귀 등산코스
D***9,벽계,201909**,F,2,"학생 (초중고학생, 대학생, 대학원생)",400~499만원,아니오,          ,단독주택,강원,횡성군,공근면,,삼성,SKT,벽계,https://m.blog.naver.com/uiryeonginfo/221691105047,벽계야영장은 새단장 중
D***2,나주호,201909**,M,3,"사무직 (일반사무직, 공무원, 직업군인)",600~699만원,예    ,자녀 있음 ,아파트/ 주상복합,서울,강서구,등촌동,"준중형차 (아반떼, K3, 크루즈, 제타급 등)",LG,LG U+,나주호,https://m.blog.naver.com/somangheso/221602510603,하늘이 내린 선물 나주호 반영
D***3,문수사,201909**,F,5,"판매직 (상점점원, 보험설계사, 노점상)",500~599만원,예    ,자녀 있음 ,아파트/ 주상복합,경기,고양시 덕양구,대자동,,삼성,KT,문수사,http://m.blog.daum.net/_blog/_m/articleView.do?blogid=0qXA2&articleno=504,고창 청량산 문수사
D***5,팔봉산,201909**,M,3,"사무직 (일반사무직, 공무원, 직업군인)",200~299만원,아니오,          ,아파트/ 주상복합,경기,평택시,비전1동,,삼성,KT,팔봉산,https://m.blog.naver.com/cm0917/221711580256,191117 홍천 팔봉산 블랙야크100대명산 산림청100대명산 한국의산하인기100산
D***2,함덕해안,201909**,F,4,"주부 (전업주부, 파트타임 근무 주부)",300~399만원,예    ,자녀 있음 ,단독주택,대구,중구,남산4동,,삼성,SKT,함덕해안,https://m.blog.naver.com/33fanta/221648550419,제주 바다가 보이는 카페제주도 조천함덕해안도로 바람과바다
D***8,흥덕사,201909**,M,2,기타 ,200~299만원,아니오,          ,아파트/ 주상복합,경기,수원시 장안구,이목동,,삼성,SKT,흥덕사,https://m.blog.naver.com/ojs0126/221690775065,흥덕사 백운문화한마당 참석
D***5,보적사,201909**,M,2,"학생 (초중고학생, 대학생, 대학원생)",300~399만원,아니오,          ,아파트/ 주상복합,경남,창원시 마산합포구,현동,,삼성,LG U+,보적사,https://m.blog.naver.com/n_n630/221683022330,나홀로 가을 산행  독산성 세마대지 보적사 다녀오기
D***7,의성탑산온천,201909**,F,2,"전문직 (의사, 판검사, 예술가, 종교인)",400~499만원,아니오,          ,연립주택/ 다세대/ 빌라,대구,달서구,상인3동,,애플,KT,의성탑산온천,https://m.blog.naver.com/darkspwn1/221256068023,경북 의성 탑산약수온천 유황냄새 진한 지방온천
D***3,영주순흥,201909**,M,2,"학생 (초중고학생, 대학생, 대학원생)",300~399만원,아니오,          ,아파트/ 주상복합,경기,용인시 기흥구,마북동,"중형차 (쏘나타, K5, 말리부, 골프급 등)",LG,KT,영주순흥,https://m.blog.naver.com/63ksyun/221719604248,풍기 온천 후 영주 순흥 선비촌 다녀왔습니다
D***4,안동하회,201909**,F,2,"학생 (초중고학생, 대학생, 대학원생)",100만원 미만,아니오,          ,아파트/ 주상복합,서울,종로구,구기동,,애플,KT,안동하회,https://m.blog.naver.com/1004rahee/221715786295,안동하회마을 무료공연 하회별신굿탈놀이 부용대
D***4,비슬산,201909**,F,3,"사무직 (일반사무직, 공무원, 직업군인)",600~699만원,아니오,          ,아파트/ 주상복합,부산,동래구,수안동,,애플,SKT,비슬산,http://blog.daum.net/tourcodi/8129744,대구 달성군 관광 비슬산 암괴류 대견사 참꽃군락지 반딧불이 전기차 달성 여행
D***8,성산포해양,201909**,F,4,"주부 (전업주부, 파트타임 근무 주부)",300~399만원,예    ,자녀 있음 ,연립주택/ 다세대/ 빌라,경기,안산시 단원구,선부3동,기타 (승합차/트럭/화물차/기타 차량 등),삼성,SKT,성산포해양,https://blog.naver.com/wj-story/221466807198,설 구정에 어머니와 함께 성산포 성당 광치기해변 제주해양동물박물관 겨울 유채꽃 2월 제주
D***7,여수 경도,201909**,M,5,"판매직 (상점점원, 보험설계사, 노점상)",300~399만원,예    ,자녀 있음 ,연립주택/ 다세대/ 빌라,경기,화성시,봉담읍,"소형차 (액센트, 프라이드, 아베오, 피아트급 등)",기타,SKT,여수 경도,https://blog.naver.com/zephyr122059/221339654475,수요미식회 여수  경도 자연횟집  여수 10미 하모 샤브샤브
D***2,곽지,201909**,M,4,"사무직 (일반사무직, 공무원, 직업군인)",300~399만원,예    ,자녀 있음 ,아파트/ 주상복합,대전,유성구,노은동,"준중형SUV (투싼, 스포티지, QM5, 티구안급 등)",삼성,LG U+,곽지,https://m.blog.naver.com/wnhjeju/221718304122,제주여행 곽지해변에서 한담공원 멋진뷰
D***2,미숭산,201909**,M,2,"학생 (초중고학생, 대학생, 대학원생)",100만원 미만,아니오,          ,연립주택/ 다세대/ 빌라,서울,종로구,구기동,,애플,KT,미숭산,https://m.blog.naver.com/gokory/221652921784,고령 여행 숲과 자연을 느끼며 힐링해요 미숭산자연휴양림
D***,운암사,201910**,F,2,,,      ,          ,,충남,천안시 동남구,용곡동,,,,운암사,https://m.blog.naver.com/lucky0520/221684590217,비라칸사스와 함께한 광양 운암사
D***,구곡폭포,201910**,F,3,,,      ,          ,,인천,부평구,산곡2동,,,,구곡폭포,https://blog.naver.com/jsl3335/221675894684,구곡 폭포 나들이
D***,만리포해수욕장,201910**,M,5,,,      ,          ,,경기,수원시 권선구,오목천동,,,,만리포해수욕장,https://m.blog.naver.com/bb00dd/221721784934,당일치기 태안여행 해미읍성 만리포해수욕장 일몰 까지
D***,화진포,201910**,F,5,기타 ,200~299만원,아니오,          ,연립주택/ 다세대/ 빌라,경기,광주시,목현동,"경차 (모닝, 스파크 등)",LG,KT,화진포,https://m.blog.naver.com/94040882/221716020914,강원도 고성 여행  화진포 신서유기에도 나왔네요
D***,해남사,201910**,M,4,,,      ,          ,,서울,송파구,거여동,,,,해남사,https://m.blog.naver.com/lyhlsrn/221626646930,해남사 양대응 스님
D***,화순온천,201910**,M,3,,,      ,          ,,광주,광산구,선암동,,,,화순온천,https://m.blog.naver.com/haengbok2/221608294392,아들과 둘이 한 광주 차박여행광주챔피언스필드 대인야시장 화순온천 광주호 전주
D***,오토테마파크,201910**,M,3,,,      ,          ,,광주,광산구,선암동,,,,화순온천,https://m.blog.naver.com/python99/221517135324,야경이 멋있는 합천 휴테마파크 오토캠핑장
D***,문장대온천,201910**,F,4,,,      ,          ,,서울,강동구,상일동,,,,문장대온천,http://m.blog.daum.net/_blog/_m/articleView.do?blogid=0F0kb&articleno=8780597,문장대온천개발 온천지구 지정 사실상 백지화 가능성 커
D***,복전암,201910**,M,4,,,      ,          ,,대구,수성구,수성동4가,,,,복전암,https://m.blog.naver.com/015sign/221552478539,토요산행   보문산
D***,창원 구산해양,201910**,M,4,,,      ,          ,,서울,영등포구,양평동,,,,창원 구산해양,https://blog.naver.com/a23852/221319178127,창원 마산 외곽 구산카페  통통 오션뷰카페
D***,청도용암온천,201910**,M,2,,,      ,          ,,대전,유성구,지족동,,,,청도용암온천,https://m.blog.naver.com/jangsoras2j/221716720216,청도용암온천 즐기고 빛축제까지
D***,신화랑,201910**,M,4,,,      ,          ,,강원,영월군,영월읍,,,,신화랑,https://m.blog.naver.com/wind_0227/221554355785,청도 가볼만한곳 신화랑풍류마을 생각보다 알차
D***,정남진우산도,201910**,M,4,"사무직 (일반사무직, 공무원, 직업군인)",300~399만원,예    ,자녀 있음 ,아파트/ 주상복합,부산,남구,용호2동,"중형차 (쏘나타, K5, 말리부, 골프급 등)",삼성,SKT,정남진우산도,https://m.blog.naver.com/hankookceo/220778906265,정남진 장흥 물 축제 여행 정남진 전망대 위대한 영웅 안중근을 만나다
D***,해운대,201910**,M,5,,,      ,          ,,서울,강남구,대치1동,,,,해운대,https://moonjj82.blog.me/221712612297,해운대뷔페 가장 좋아하는 곳 그랜드애플
D***,방화동,201910**,M,4,,,      ,          ,,인천,남구,주안6동,,,,방화동,https://m.kin.naver.com/mobile/qna/detail.nhn?d1id=12&dirId=12011808&docId=335879922&qb=67Cp7ZmU64+Z&enc=utf8&section=kin.ext&rank=2&search_sort=0&spq=0,서울시 방화동에 건물을 지으려고 하는
D***,돈내코,201910**,M,3,"사무직 (일반사무직, 공무원, 직업군인)",200~299만원,예    ,자녀 있음 ,아파트/ 주상복합,경남,김해시,장유면,"준중형차 (아반떼, K3, 크루즈, 제타급 등)",LG,알뜰폰(MVNO),돈내코,https://m.blog.naver.com/sohyun1989/221684113927,제주 원앙폭포 신비함을 느끼고 싶다면 꼭 돈내코
D***,삼장사,201910**,M,5,,,      ,          ,,경기,여주군,여주읍,,,,삼장사,https://m.cafe.naver.com/thebomsnap/398,20190516 성내동성당삼장사
D***,화진포,201910**,M,4,,,      ,          ,,경기,성남시 중원구,상대원동,,,,화진포,https://m.blog.naver.com/94040882/221716020914,강원도 고성 여행  화진포 신서유기에도 나왔네요
D***,안면도,201910**,M,3,,,      ,          ,,대구,수성구,사월동,,,,안면도,http://m.blog.daum.net/_blog/_m/articleView.do?blogid=0UCYA&articleno=5829,"충남 태안 가볼만한곳, 안면도 자연휴양림 무장애 나눔길"
D***,고령부례,201910**,F,2,,,      ,          ,,전남,목포시,하당동,,,,고령부례,https://m.blog.naver.com/gusdnr0409/221296355711,고령부례관광지 카라반  대구근교카라반
D***,여수 경도,201910**,M,4,,,      ,          ,,경기,안산시 상록구,본오3동,,,,맹방,https://blog.naver.com/zephyr122059/221339654475,수요미식회 여수  경도 자연횟집  여수 10미 하모 샤브샤브
D***,맹방,201910**,M,4,,,      ,          ,,경기,안산시 상록구,본오3동,,,,맹방,https://m.blog.naver.com/brad42/221596457277,강원도 삼척 맹방해수욕장 당일치기 여행
D***,광덕계곡,201910**,F,2,,,      ,          ,,부산,금정구,남산동,,,,광덕계곡,https://m.blog.naver.com/hardprince/221676277562,즐거운 와인딩 코스 여우고개  백운계곡  광덕계곡  도마치재 M으로 지지기
D***,초당,201910**,M,4,,,      ,          ,,서울,동대문구,장안2동,,,,초당,https://m.blog.naver.com/alicelkm/221568987442,190616 강릉 초당할머니순두부 수요미식회
D***,신화랑,201910**,F,4,"주부 (전업주부, 파트타임 근무 주부)",300~399만원,예    ,자녀 있음 ,아파트/ 주상복합,충남,서산시,예천동,,기타,LG U+,신화랑,https://m.blog.naver.com/wind_0227/221554355785,청도 가볼만한곳 신화랑풍류마을 생각보다 알차
D***,운주사,201910**,M,5,,,      ,          ,,경기,용인시 기흥구,동백동,,,,운주사,https://m.blog.naver.com/sanbada2004/221635346744,화순 운주사
D***,돌문화공원,201910**,M,3,"전문직 (의사, 판검사, 예술가, 종교인)","1,000만원 이상",예    ,자녀 있음 ,아파트/ 주상복합,서울,양천구,목5동,"대형차 (제너시스, BMW5급 등)",삼성,SKT,돌문화공원,https://m.blog.naver.com/pran0104/221715194651, 제주여행제주관광  제주 돌문화공원
D***,원주 더네이처,201910**,M,2,"학생 (초중고학생, 대학생, 대학원생)",200~299만원,아니오,          ,연립주택/ 다세대/ 빌라,서울,송파구,풍납1동,"경차 (모닝, 스파크 등)",삼성,SKT,원주 더네이처,http://www.kwnews.co.kr/nview.asp?s=501&aid=219042100027,원주문막읍 대규모 관광단지 4년만에 재추진
D***,지리산온천,201910**,M,2,"사무직 (일반사무직, 공무원, 직업군인)",100~199만원,아니오,          ,연립주택/ 다세대/ 빌라,경기,포천시,선단동,,삼성,KT,지리산온천,https://m.blog.naver.com/gksthf2702/221437321030,지리산 온천랜드 후기 지리산 가족여행가격
D***,대승사,201910**,M,4,,,      ,          ,,충북,음성군,맹동면,,,,대승사,https://m.blog.naver.com/5490ljy/221703776913,문경 사불산 대승사
D***,소요산,201910**,F,2,,,      ,          ,,경북,구미시,황상동,,,,소요산,https://blog.naver.com/pajiwn/221658923153,소요산 등산코스  소요산역자재암선녀탕의상대원점회귀 3시간
D***,충온온천,201910**,F,3,"사무직 (일반사무직, 공무원, 직업군인)",800~899만원,아니오,          ,아파트/ 주상복합,경기,성남시 분당구,수내3동,"준중형차 (아반떼, K3, 크루즈, 제타급 등)",삼성,LG U+,충온온천,https://m.cafe.naver.com/mywetown/912,충주나우리마을
D***,예당,201910**,M,5,,,      ,          ,,서울,강남구,신사동,,,,예당,https://m.blog.naver.com/lovely_fat/221625644631,충남 예당저수지 예당호 출렁다리
D***,아산온천,201910**,F,3,,,      ,          ,,경기,부천시 원미구,중4동,,,,아산온천,https://m.blog.naver.com/bucketlist79/221721363500,아산온천 당일치기 겨울여행 아산스파비스캠마녀의 나댕김 20191124
D***,화암,201910**,M,4,,,      ,          ,,서울,영등포구,당산동3가,,,,화암,https://m.blog.naver.com/aoisora2/221689337096,정선 아이와 가볼만한곳 화암동굴 나들이 
D***,지장사,201910**,M,4,,,      ,          ,,서울,노원구,상계2동,,,,지장사,https://m.blog.naver.com/asforlove/221709499900,방탄소년단 정국 지장사 직원분이 알려준 꾹이 비하인드스토리
D***,조계사,201910**,F,3,"전문직 (의사, 판검사, 예술가, 종교인)","1,000만원 이상",아니오,          ,연립주택/ 다세대/ 빌라,서울,구로구,개봉1동,,삼성,SKT,조계사,https://m.search.naver.com/search.naver?where=m&query=%EC%84%9C%EC%9A%B8+%EC%A1%B0%EA%B3%84%EC%82%AC&sm=mtb_she&qdt=0,서울 조계사 : 네이버 통합검색
D***,조계사,201910**,F,3,"전문직 (의사, 판검사, 예술가, 종교인)","1,000만원 이상",아니오,          ,연립주택/ 다세대/ 빌라,서울,구로구,개봉1동,,삼성,SKT,조계사,https://m.search.naver.com/search.naver?where=m&query=%EC%84%9C%EC%9A%B8+%EC%A1%B0%EA%B3%84%EC%82%AC&sm=mtb_she&qdt=0,서울 조계사 : 네이버 통합검색
D***,조계사,201910**,F,3,"전문직 (의사, 판검사, 예술가, 종교인)","1,000만원 이상",아니오,          ,연립주택/ 다세대/ 빌라,서울,구로구,개봉1동,,삼성,SKT,조계사,https://m.search.naver.com/search.naver?query=%EC%84%9C%EC%9A%B8+%EC%A1%B0%EA%B3%84%EC%82%AC&sm=mtb_hty.top&where=m&oquery=%EC%84%9C%EC%9A%B8+%EC%A1%B0%EA%B3%84%EC%82%AC+%EA%B5%AD%ED%99%94&tqi=UiTOTlprvPKssvfFbosssssssMo-133826,서울 조계사 : 네이버 통합검색
D***,조계사,201910**,F,3,"전문직 (의사, 판검사, 예술가, 종교인)","1,000만원 이상",아니오,          ,연립주택/ 다세대/ 빌라,서울,구로구,개봉1동,,삼성,SKT,조계사,http://www.jogyesa.kr/user/jogye/,대한불교조계종조계사
D***,조계사,201910**,F,3,"전문직 (의사, 판검사, 예술가, 종교인)","1,000만원 이상",아니오,          ,연립주택/ 다세대/ 빌라,서울,구로구,개봉1동,,삼성,SKT,조계사,https://m.search.naver.com/search.naver?query=%EC%84%9C%EC%9A%B8+%EC%A1%B0%EA%B3%84%EC%82%AC&sm=mtb_hty.top&where=m&oquery=%EC%84%9C%EC%9A%B8+%EC%A1%B0%EA%B3%84%EC%82%AC+%EA%B5%AD%ED%99%94%EC%B6%95%EC%A0%9C&tqi=UiSdAlp0JWlssPVClxossssssqG-243755,서울 조계사 : 네이버 통합검색
D***,조계사,201910**,F,3,"전문직 (의사, 판검사, 예술가, 종교인)","1,000만원 이상",아니오,          ,연립주택/ 다세대/ 빌라,서울,구로구,개봉1동,,삼성,SKT,조계사,https://m.search.naver.com/search.naver?query=%EC%A1%B0%EA%B3%84%EC%82%AC&where=m&sm=mtp_hty.top,조계사 : 네이버 통합검색
D***,조계사,201910**,F,3,"전문직 (의사, 판검사, 예술가, 종교인)","1,000만원 이상",아니오,          ,연립주택/ 다세대/ 빌라,서울,구로구,개봉1동,,삼성,SKT,조계사,http://www.jogyesa.kr/user/indexSub.action?codyMenuSeq=677&siteId=jogye&menuType=T&uId=1&sortChar=A&menuFrame=&linkUrl=0601.html&mainFrame=right,대한불교조계종조계사
D***,조계사,201910**,F,3,"전문직 (의사, 판검사, 예술가, 종교인)","1,000만원 이상",아니오,          ,연립주택/ 다세대/ 빌라,서울,구로구,개봉1동,,삼성,SKT,조계사,https://m.search.naver.com/search.naver?where=m&query=%EC%84%9C%EC%9A%B8+%EC%A1%B0%EA%B3%84%EC%82%AC&sm=mtb_she&qdt=0,서울 조계사 : 네이버 통합검색
D***,조계사,201910**,F,3,"전문직 (의사, 판검사, 예술가, 종교인)","1,000만원 이상",아니오,          ,연립주택/ 다세대/ 빌라,서울,구로구,개봉1동,,삼성,SKT,조계사,http://www.jogyesa.kr/user/jogye/,대한불교조계종조계사
D***,조계사,201910**,F,3,"전문직 (의사, 판검사, 예술가, 종교인)","1,000만원 이상",아니오,          ,연립주택/ 다세대/ 빌라,서울,구로구,개봉1동,,삼성,SKT,조계사,https://m.search.naver.com/search.naver?query=%EC%A1%B0%EA%B3%84%EC%82%AC&where=m&sm=mtp_hty.top,조계사 : 네이버 통합검색
D***,조계사,201910**,F,3,"전문직 (의사, 판검사, 예술가, 종교인)","1,000만원 이상",아니오,          ,연립주택/ 다세대/ 빌라,서울,구로구,개봉1동,,삼성,SKT,조계사,https://m.search.naver.com/search.naver?query=%EC%84%9C%EC%9A%B8+%EC%A1%B0%EA%B3%84%EC%82%AC+%EA%B5%AD%ED%99%94&sm=mtb_hty.top&where=m&oquery=%EC%84%9C%EC%9A%B8+%EC%A1%B0%EA%B3%84%EC%82%AC&tqi=UiSdgwp0JWossS1aeZdssssssTh-360480,서울 조계사 국화 : 네이버 통합검색
D***,조계사,201910**,F,3,"전문직 (의사, 판검사, 예술가, 종교인)","1,000만원 이상",아니오,          ,연립주택/ 다세대/ 빌라,서울,구로구,개봉1동,,삼성,SKT,조계사,https://m.search.naver.com/search.naver?query=%EC%84%9C%EC%9A%B8+%EC%A1%B0%EA%B3%84%EC%82%AC+%EA%B5%AD%ED%99%94%EC%B6%95%EC%A0%9C&sm=mtb_hty.top&where=m&oquery=%EC%84%9C%EC%9A%B8+%EC%A1%B0%EA%B3%84%EC%82%AC+%EA%B5%AD%ED%99%94&tqi=UiSdPlp0Jxwssj5NSLGssssss8h-172247,서울 조계사 국화축제 : 네이버 통합검색
D***,조계사,201910**,F,3,"전문직 (의사, 판검사, 예술가, 종교인)","1,000만원 이상",아니오,          ,연립주택/ 다세대/ 빌라,서울,구로구,개봉1동,,삼성,SKT,조계사,https://m.search.naver.com/search.naver?query=%EC%84%9C%EC%9A%B8+%EC%A1%B0%EA%B3%84%EC%82%AC&sm=mtb_hty.top&where=m&oquery=%EC%84%9C%EC%9A%B8+%EC%A1%B0%EA%B3%84%EC%82%AC+%EA%B5%AD%ED%99%94%EC%B6%95%EC%A0%9C&tqi=UiSdAlp0JWlssPVClxossssssqG-243755,서울 조계사 : 네이버 통합검색
D***,조계사,201910**,F,3,"전문직 (의사, 판검사, 예술가, 종교인)","1,000만원 이상",아니오,          ,연립주택/ 다세대/ 빌라,서울,구로구,개봉1동,,삼성,SKT,조계사,http://www.jogyesa.kr/user/indexFrame.action?framePath=unknownboard&siteId=jogye&dum=dum&boardId=494&page=1&command=view&boardSeq=13373,대한불교조계종조계사
D***,조계사,201910**,F,3,"전문직 (의사, 판검사, 예술가, 종교인)","1,000만원 이상",아니오,          ,연립주택/ 다세대/ 빌라,서울,구로구,개봉1동,,삼성,SKT,조계사,https://m.search.naver.com/search.naver?query=%EC%84%9C%EC%9A%B8+%EC%A1%B0%EA%B3%84%EC%82%AC+%EA%B5%AD%ED%99%94&sm=mtb_hty.top&where=m&oquery=%EC%84%9C%EC%9A%B8+%EC%A1%B0%EA%B3%84%EC%82%AC&tqi=UiSdgwp0JWossS1aeZdssssssTh-360480,서울 조계사 국화 : 네이버 통합검색
D***,조계사,201910**,F,3,"전문직 (의사, 판검사, 예술가, 종교인)","1,000만원 이상",아니오,          ,연립주택/ 다세대/ 빌라,서울,구로구,개봉1동,,삼성,SKT,조계사,https://m.search.naver.com/search.naver?query=%EC%84%9C%EC%9A%B8+%EC%A1%B0%EA%B3%84%EC%82%AC+%EA%B5%AD%ED%99%94&sm=mtb_hty.top&where=m&oquery=%EC%84%9C%EC%9A%B8+%EC%A1%B0%EA%B3%84%EC%82%AC&tqi=UiTOglprvy4ssULjWYNssssstb4-165969,서울 조계사 국화 : 네이버 통합검색
D***,조계사,201910**,F,3,"전문직 (의사, 판검사, 예술가, 종교인)","1,000만원 이상",아니오,          ,연립주택/ 다세대/ 빌라,서울,구로구,개봉1동,,삼성,SKT,조계사,https://m.news.naver.com/read.nhn?mode=LSD&mid=sec&sid1=102&oid=023&aid=0003477543,"스님 합성사진 고소당한 공지영, 조계사 찾아 누를 끼쳐 죄송"
D***,조계사,201910**,F,3,"전문직 (의사, 판검사, 예술가, 종교인)","1,000만원 이상",아니오,          ,연립주택/ 다세대/ 빌라,서울,구로구,개봉1동,,삼성,SKT,조계사,http://www.jogyesa.kr/user/jogye/,대한불교조계종조계사
D***,조계사,201910**,F,3,"전문직 (의사, 판검사, 예술가, 종교인)","1,000만원 이상",아니오,          ,연립주택/ 다세대/ 빌라,서울,구로구,개봉1동,,삼성,SKT,조계사,https://m.search.naver.com/search.naver?query=%EC%84%9C%EC%9A%B8+%EC%A1%B0%EA%B3%84%EC%82%AC+%EA%B5%AD%ED%99%94%EC%B6%95%EC%A0%9C&sm=mtb_hty.top&where=m&oquery=%EC%84%9C%EC%9A%B8+%EC%A1%B0%EA%B3%84%EC%82%AC+%EA%B5%AD%ED%99%94&tqi=UiSdPlp0Jxwssj5NSLGssssss8h-172247,서울 조계사 국화축제 : 네이버 통합검색
D***,조계사,201910**,F,3,"전문직 (의사, 판검사, 예술가, 종교인)","1,000만원 이상",아니오,          ,연립주택/ 다세대/ 빌라,서울,구로구,개봉1동,,삼성,SKT,조계사,https://m.search.naver.com/search.naver?query=%EC%84%9C%EC%9A%B8+%EC%A1%B0%EA%B3%84%EC%82%AC&where=m&sm=mtp_sug.top&acq=%EC%A1%B0%EA%B3%84%EC%82%AC&acr=0&qdt=0,서울 조계사 : 네이버 통합검색
D***,영산호쌀문화테마공원,201910**,F,2,,,      ,          ,,경기,광명시,광명7동,,,,영산호쌀문화테마공원,https://m.blog.naver.com/ejp8702/221108032274,이천 농업테마공원 쌀문화전시관에서 쌀에 대해 배워봐요
D***,증평 에듀팜 특구,201910**,M,3,"관리직 (사장, 간부, 고위공무원)","1,000만원 이상",예    ,자녀 없음 ,연립주택/ 다세대/ 빌라,서울,송파구,풍납동,"스포츠 (제네시스 쿠페, BMW M, 벤츠 AMG 등)",삼성,SKT,증평 에듀팜 특구,https://blog.naver.com/wwwjpgokr/221592218844,SNS기자단 기고 해외 관광객도 즐길 충북의 명소 증평 에듀팜 관광특구
D***,원주 루첸,201910**,M,5,,,      ,          ,,충남,천안시 서북구,쌍용2동,,,,원주 루첸,https://blog.naver.com/shim7803/220897494183,20161226원주투데이플라워푸르트월드 관광단지 본궤도루첸관광단지 사업내용 변경해 내년말 지정
D***,봉서사,201910**,M,3,,,      ,          ,,인천,서구,마전동,,삼성,LG U+,봉서사,https://m.blog.naver.com/ffk1039/221633735995,완주 봉서사
D***,지장사,201910**,M,3,,,      ,          ,,경기,오산시,궐동,,,,지장사,https://m.blog.naver.com/asforlove/221709499900,방탄소년단 정국 지장사 직원분이 알려준 꾹이 비하인드스토리
D***,삽교호,201910**,M,2,,,      ,          ,,강원,고성군,간성읍,,,,삽교호,https://m.blog.naver.com/yongju320/221645978745,당진 삽교호 한 바퀴
D***,레인보우힐링,201910**,M,3,,,      ,          ,,서울,동대문구,전농동,,,,레인보우힐링,https://m.blog.naver.com/ydpodoblog/221581379841,민주지산 자연휴양림 레인보우 힐링 숲속 가요제
D***,임진각,201910**,M,3,,,      ,          ,,서울,서초구,방배동,,,,임진각,https://blog.naver.com/lalla282/221708724445,파주관광지추천 아이들과 갈만한곳 임진각 평화누리공원
D***,마한문화,201910**,F,2,"사무직 (일반사무직, 공무원, 직업군인)",900~999만원,아니오,          ,아파트/ 주상복합,경기,평택시,합정동,"준중형차 (아반떼, K3, 크루즈, 제타급 등)",삼성,SKT,마한문화,https://m.blog.naver.com/pson30/221724282236,영암 마한문화공원 191125
D***,충주호체험,201910**,F,3,,,      ,          ,,경남,김해시,장유면,,,,충주호체험,https://m.blog.naver.com/yoohr0507/221553190270,충주호 유람선 체험
D***,김제온천,201910**,F,2,,,      ,          ,,경기,양주시,삼숭동,,,,김제온천,https://m.blog.naver.com/shbae3521/221589492924,김제연꽃아버지의 연사랑 흙바라기연근농장 페이지 김영훈 김계숙
D***4,영주순흥,201910**,F,3,,,      ,          ,,인천,남동구,논현동,,,,영주순흥,https://m.blog.naver.com/63ksyun/221719604248,풍기 온천 후 영주 순흥 선비촌 다녀왔습니다
D***1,운주사,201910**,M,2,"사무직 (일반사무직, 공무원, 직업군인)",700~799만원,아니오,          ,단독주택,서울,성북구,동선동1가,"준중형차 (아반떼, K3, 크루즈, 제타급 등)",삼성,SKT,운주사,https://m.blog.naver.com/sanbada2004/221635346744,화순 운주사
D***2,양양국제공항,201910**,M,3,"기능직 (자동차정비, 운전기사, 안경사, 택시기사)",100~199만원,예    ,자녀 있음 ,단독주택,경기,시흥시,정왕1동,"소형차 (액센트, 프라이드, 아베오, 피아트급 등)",애플,SKT,양양국제공항,https://blog.naver.com/4_28b/221660419232,양양국제공항 타고 제주도 가기 코리아익스프레스에어
D***6,사선대,201910**,M,4,,,      ,          ,,인천,서구,가정1동,,,,사선대,https://m.blog.naver.com/jbgokr/221566547422,선녀들도 반한 국민 관광지 임실 사선대  임실 나들이 명소
D***5,오전약수,201910**,M,5,"사무직 (일반사무직, 공무원, 직업군인)",800~899만원,예    ,자녀 있음 ,아파트/ 주상복합,서울,구로구,개봉1동,"MPV (카니발, 올란도, 피카소급, 오딧세이 등)",삼성,SKT,오전약수,https://m.blog.naver.com/sanm308/221616161992,태백산에 싸여있는 봉화군 물야 오전약수
D***1,장호,201910**,F,5,"주부 (전업주부, 파트타임 근무 주부)",500~599만원,예    ,자녀 있음 ,아파트/ 주상복합,경기,안양시 만안구,석수2동,"중형차 (쏘나타, K5, 말리부, 골프급 등)",삼성,KT,장호,https://m.blog.naver.com/qsaxzd/221623300383,장호비치캠핑장 삼척여행
D***5,어답산,201910**,F,3,"사무직 (일반사무직, 공무원, 직업군인)",500~599만원,예    ,자녀 있음 ,아파트/ 주상복합,인천,남동구,구월1동,"경차 (모닝, 스파크 등)",삼성,SKT,어답산,https://m.blog.naver.com/iiijjjiiijjj/221600282946,20190728일 횡성 어답산횡성온천선바위장송어답산 장군봉병지방계곡
D***9,레인보우힐링,201910**,F,2,,,      ,          ,,충남,천안시 동남구,신방동,,,,레인보우힐링,https://m.blog.naver.com/ydpodoblog/221581379841,민주지산 자연휴양림 레인보우 힐링 숲속 가요제
D***9,구병산,201910**,F,2,,,      ,          ,,충남,천안시 동남구,신방동,,,,레인보우힐링,https://m.blog.naver.com/osgsb/221692903882,충북 보은 충북알프스의 시작점 아홉봉우리의 구병산
D***8,직탕,201910**,M,4,,,      ,          ,,경기,안산시 상록구,사2동,,,,직탕,https://m.blog.naver.com/sonic72/221608063332,20190806 철원일대 폭포를 찾아떠난 여름휴가 재인폭포비둘기낭폭포직탕폭포산정호수
D***2,마곡사,201910**,M,3,"사무직 (일반사무직, 공무원, 직업군인)",200~299만원,예    ,자녀 있음 ,연립주택/ 다세대/ 빌라,서울,성북구,동선동3가,"경차 (모닝, 스파크 등)",애플,SKT,마곡사,https://m.blog.naver.com/usgreen99/221692318243,공주 가볼만한곳 마곡사 가을 모습은
D***1,문경상리,201910**,M,4,,,      ,          ,,경북,경산시,옥산동,,,,문경상리,http://m.blog.daum.net/_blog/_m/articleView.do?blogid=03UvL&articleno=15857454,문경 상리 삼층석탑 경북 문경
D***4,문장대온천,201910**,F,2,"학생 (초중고학생, 대학생, 대학원생)",300~399만원,아니오,          ,아파트/ 주상복합,충남,천안시 동남구,신방동,,삼성,KT,문장대온천,http://m.blog.daum.net/_blog/_m/articleView.do?blogid=0F0kb&articleno=8780597,문장대온천개발 온천지구 지정 사실상 백지화 가능성 커
D***1,태종대,201910**,M,2,,,      ,          ,,경기,오산시,양산동,,,,태종대,https://blog.naver.com/lovely_fat/221718153043,부산 해동용궁사와 태종대로 효도관광
D***5,신화역사공원,201910**,M,2,,,      ,          ,,충북,충주시,봉방동,,,,신화역사공원,https://present0955.blog.me/221723400417,제주 신화역사공원 홍차 카페 다만프레르
D***0,마니산,201910**,F,4,"교직 (교사, 유치원교사, 학원강사)",800~899만원,예    ,자녀 있음 ,아파트/ 주상복합,광주,남구,봉선2동,"준중형차 (아반떼, K3, 크루즈, 제타급 등)",LG,SKT,마니산,https://blog.naver.com/jipangdosa/221613683019,한국명산 031 강화도 마니산 등산기
D***4,개암사,201910**,F,5,,,      ,          ,,서울,강남구,개포1동,,,,개암사,https://m.blog.naver.com/wona0317/221560541021,부안 개암사 그리고 개암제 나들이
D***9,평택호,201910**,M,2,,,      ,          ,,서울,양천구,신정3동,,,,평택호,https://blog.naver.com/inkyungidd/221621262586,평택호텔  그랜드호텔 평택호 뷰를 볼 수 있는 호텔 추천
D***8,원주 플라워프루트월드,201910**,M,4,,,      ,          ,,서울,양천구,신정2동,,,,원주 플라워프루트월드,https://blog.naver.com/lsgasd12/221643207852,원주 플라워프루트월드 관광단지 조성 사업 본격화
D***6,횡성 드림마운틴,201910**,F,5,"주부 (전업주부, 파트타임 근무 주부)",900~999만원,예    ,자녀 있음 ,아파트/ 주상복합,경기,용인시 기흥구,중동,"중형SUV (싼타페, 쏘렌토, 캡티바, BMW X3급 등)",삼성,SKT,횡성 드림마운틴,https://blog.naver.com/asj910520/221251985378,드림마운틴 횡성 드림마운틴은 무엇인가
D***4,백암온천,201910**,M,3,"사무직 (일반사무직, 공무원, 직업군인)",300~399만원,예    ,자녀 있음 ,연립주택/ 다세대/ 빌라,경기,광명시,광명4동,"준중형차 (아반떼, K3, 크루즈, 제타급 등)",애플,KT,백암온천,https://m.blog.naver.com/hyechon49/221711918222,백암온천 백암LG생활연수원 숙소에서  백암산 백암폭포가는 길 백암폭포 백암온천
D***9,홍천온천,201910**,M,3,,,      ,          ,,경기,용인시 수지구,풍덕천1동,,,,홍천온천,https://m.blog.naver.com/hush113/221660267943,홍천 온천홍천에서 온천을 한다면오래된 시설이지만 물은 괜찮았던 원탕 온천목욕탕
D***2,구곡폭포,201910**,F,3,"교직 (교사, 유치원교사, 학원강사)",300~399만원,예    ,자녀 있음 ,연립주택/ 다세대/ 빌라,경기,광주시,오포읍,,삼성,SKT,구곡폭포,https://blog.naver.com/jsl3335/221675894684,구곡 폭포 나들이
D***9,문수사,201910**,M,4,,,      ,          ,,서울,마포구,성산2동,,,,문수사,http://m.blog.daum.net/_blog/_m/articleView.do?blogid=0qXA2&articleno=504,고창 청량산 문수사
D***1,모악산,201910**,M,3,"사무직 (일반사무직, 공무원, 직업군인)",400~499만원,예    ,자녀 있음 ,아파트/ 주상복합,서울,성북구,종암동,"준대형차 (그랜저, K7, 알페온, 캠리급, 파사트급 등)",삼성,SKT,모악산,https://m.blog.naver.com/pshadm/221683408706,100대명산  모악산  84130
D***4,예천삼강,201910**,M,2,,,      ,          ,,서울,강서구,마곡동,,,,예천삼강,https://m.post.naver.com/viewer/postView.nhn?volumeNo=25150266&memberNo=1275074&vType=VERTICAL,대구근교 가볼만하곳 더예천 삼강문화단지위기의 삼강주막 방탈출게임
D***7,성류굴,201910**,M,4,"사무직 (일반사무직, 공무원, 직업군인)",500~599만원,예    ,자녀 있음 ,아파트/ 주상복합,경기,시흥시,정왕4동,"중형차 (쏘나타, K5, 말리부, 골프급 등)",애플,LG U+,성류굴,https://m.blog.naver.com/hsakjo/221566664329,울진 금강소나무 숲길 트레킹울진 성류굴
D***4,미천굴,201910**,M,3,,,      ,          ,,경기,군포시,산본2동,,,,미천굴,https://m.blog.naver.com/xodiddldkqk/221706364651,제주 일출랜드 그리고 미천굴
D***7,제주남원,201910**,F,3,무직,100만원 미만,아니오,          ,단독주택,경기,부천시 원미구,상동,,삼성,SKT,제주남원,https://m.blog.naver.com/since080515/221648773649,최고라고 말하고싶은 제주 남원 맛집
D***9,미륵사지,201910**,M,3,"생산/노무직 (생산감독, 경비원, 공장근로자)",200~299만원,아니오,          ,기타 ,충남,천안시 서북구,성정2동,,LG,KT,미륵사지,https://m.blog.naver.com/jhyang58/221711567421,미륵사지 교도소세트장 보석박물관  익산  전주 여행  1 
D***3,설악한화리조트,201910**,F,4,기타 ,200~299만원,예    ,자녀 있음 ,연립주택/ 다세대/ 빌라,경기,김포시,고촌읍,"중형차 (쏘나타, K5, 말리부, 골프급 등)",삼성,LG U+,설악한화리조트,https://blog.naver.com/nayanahanmi/221582702954,강원도 속초여행 물놀이 먹거리 놀거리 가능한 설악 한화리조트
D***5,대천해수욕장,201910**,F,3,"사무직 (일반사무직, 공무원, 직업군인)",500~599만원,예    ,자녀 있음 ,아파트/ 주상복합,경기,성남시 수정구,수진2동,"중형차 (쏘나타, K5, 말리부, 골프급 등)",애플,KT,대천해수욕장,https://m.blog.naver.com/jblee27/221714733376,대천해수욕장 짚라인 타고 스카이라운지에서 커피한잔
D***7,약수암,201910**,M,4,"사무직 (일반사무직, 공무원, 직업군인)",400~499만원,예    ,자녀 있음 ,연립주택/ 다세대/ 빌라,서울,은평구,역촌동,"경차 (모닝, 스파크 등)",삼성,KT,약수암,https://m.blog.naver.com/jcjkks/221642522935,도당산시사재 대광사 약수암
D***3,예당,201910**,F,4,"주부 (전업주부, 파트타임 근무 주부)",500~599만원,예    ,자녀 있음 ,아파트/ 주상복합,경기,성남시 분당구,판교동,,삼성,KT,예당,https://m.blog.naver.com/lovely_fat/221625644631,충남 예당저수지 예당호 출렁다리
D***3,다덕약수,201910**,M,5,"서비스직 (요식업, 숙박업, 미용실종업원)",200~299만원,아니오,          ,연립주택/ 다세대/ 빌라,경기,성남시 중원구,은행1동,,삼성,SKT,다덕약수,https://m.blog.naver.com/soda8219/221603152068,봉화 약수식당  다덕약수 로 만든 토종닭백숙
D***8,송불암,201910**,F,3,,,      ,          ,,부산,연제구,연산5동,,,,송불암,https://m.blog.naver.com/nscity/221624748483,논산여행 황산벌의 중심에 자리한 논산 송불암 미륵불
D***0,대관령 어흘리,201910**,M,3,,,      ,          ,,충북,제천시,천남동,,,,대관령 어흘리,https://m.blog.naver.com/jauroune/221662945310,대관령 어흘리 100년 소나무 숲길  대관령 치유의 숲길
D***3,초당,201910**,M,2,"서비스직 (요식업, 숙박업, 미용실종업원)",200~299만원,예    ,자녀 있음 ,아파트/ 주상복합,대전,대덕구,덕암동,,삼성,KT,초당,https://m.blog.naver.com/alicelkm/221568987442,190616 강릉 초당할머니순두부 수요미식회
D***5,충주호체험,201910**,M,2,"학생 (초중고학생, 대학생, 대학원생)",300~399만원,아니오,          ,연립주택/ 다세대/ 빌라,서울,도봉구,창5동,,삼성,KT,충주호체험,https://m.blog.naver.com/yoohr0507/221553190270,충주호 유람선 체험
D***2,한탄강,201910**,M,2,"학생 (초중고학생, 대학생, 대학원생)",100~199만원,아니오,          ,연립주택/ 다세대/ 빌라,인천,계양구,계산동,,애플,LG U+,한탄강,http://nanazip.com/221721990837,철원 카페  송대소 주상절리 한탄강을 배경으로 커피한잔에 빠져보는 모닝캄빌리지 펜션  카페
D***5,속초해수욕장,201910**,M,5,무직,100만원 미만,아니오,          ,단독주택,부산,북구,구포동,,삼성,SKT,속초해수욕장,https://m.blog.naver.com/plingo/221682706206,여행 아무렇게나 떠난 속초 1박 2일 청초수물회 청초호 왱왱해물촌 중앙시장 영금정 속초해수욕장
D***5,영월온천,201910**,M,2,무직,200~299만원,아니오,          ,연립주택/ 다세대/ 빌라,서울,성북구,안암동1가,,삼성,KT,영월온천,https://m.blog.naver.com/sonjungwook22/221664214543,201707387001 영월군 영월읍 심옥리 영월온천
D***3,강원호반,201910**,M,4,,,      ,          ,,강원,삼척시,정상동,,,,강원호반,http://blog.daum.net/yacho2011/2888,좋은 터 길라잡이(풍수문의 풍수강의)
D***1,설악한화리조트,201910**,M,2,,,      ,          ,,전북,전주시 덕진구,인후동2가,,,,설악한화리조트,https://blog.naver.com/nayanahanmi/221582702954,강원도 속초여행 물놀이 먹거리 놀거리 가능한 설악 한화리조트
D***1,마이산회봉온천,201910**,M,2,,,      ,          ,,전북,전주시 덕진구,인후동2가,,,,설악한화리조트,https://m.blog.naver.com/PostView.nhn?blogId=hk8300&logNo=50140957063&proxyReferer=https%3A%2F%2Fm.search.naver.com%2Fsearch.naver%3Fquery%3D%25EB%25A7%2588%25EC%259D%25B4%25EC%2582%25B0%25ED%259A%258C%25EB%25B4%2589%25EC%2598%25A8%25EC%25B2%259C%26sm%3Dmtb_hty.top%26where%3Dm%26oquery%3D%25EB%258C%2580%25EA%25B5%25AC%25EB%25A9%25B4%25EB%258F%2584%25EC%259A%2594%25EC%25A7%2580%26tqi%3DUPO7psprvAdssE166zRssssst3G-144381,마이산회봉온천 새 희망 날개 활짝 폈다
D***2,변산해수욕장,201910**,M,2,,,      ,          ,,부산,금정구,구서1동,,,,변산해수욕장,https://m.blog.naver.com/soolok791/221651245712,변산 해수욕장 스타렉스 캠핑카 타고 여행  갯벌체험으로 조개를 캤어요
D***3,영주순흥,201910**,F,3,"주부 (전업주부, 파트타임 근무 주부)",300~399만원,예    ,자녀 있음 ,연립주택/ 다세대/ 빌라,충남,천안시 서북구,성거읍,,LG,SKT,영주순흥,https://m.blog.naver.com/63ksyun/221719604248,풍기 온천 후 영주 순흥 선비촌 다녀왔습니다
D***1,라비에벨,201910**,M,3,,,      ,          ,,대구,서구,비산1동,,,,라비에벨,https://blog.naver.com/yangjinss/221716472829,부천예식장 라비에벨웨딩 기억에 많이 남을 것 같아요
D***5,영국사,201910**,M,4,"서비스직 (요식업, 숙박업, 미용실종업원)",200~299만원,아니오,          ,연립주택/ 다세대/ 빌라,서울,종로구,숭인2동,,삼성,SKT,영국사,https://m.blog.naver.com/youliyan/221628365158,충북 영동 가볼만한곳 천태산 영국사
D***1,남당,201910**,M,2,,,      ,          ,,제주,서귀포시,동홍동,,,,남당,https://m.blog.naver.com/wodhks0389/221723046008,1130 남당피싱 워너비호 먼바다 우럭 낚시체험 인건가
D***9,천안종합휴향,201910**,F,3,무직,100만원 미만,예    ,자녀 있음 ,단독주택,경기,수원시 팔달구,우만동,,,,천안종합휴향,https://m.cafe.naver.com/sejongpedal/3371,세종싸이클로드
D***4,극락암,201910**,M,3,,,      ,          ,,인천,부평구,부평4동,,,,극락암,https://m.blog.naver.com/greatsm2001/221711399361,통도사 극락암의 가을
D***0,장흥,201910**,F,4,,,      ,          ,,광주,동구,광산동,,,,장흥,https://blog.naver.com/queen77577/221721828437,서울 근교 장흥 참숯가마 고구마 구워 먹고 놀기 좋아
D***0,유현문화,201910**,F,2,,,      ,          ,,경기,군포시,당정동,,,,유현문화,https://m.blog.naver.com/airbag1/221682877565,횡성여행 횡성호수길 5구간 국순당 유현문화관광지 풍수원성당
D***4,개암사,201910**,F,4,,,      ,          ,,광주,북구,일곡동,,,,개암사,https://m.blog.naver.com/wona0317/221560541021,부안 개암사 그리고 개암제 나들이
D***8,대구면도요지,201910**,F,3,"사무직 (일반사무직, 공무원, 직업군인)",400~499만원,예    ,자녀 없음 ,아파트/ 주상복합,광주,서구,치평동,"준중형차 (아반떼, K3, 크루즈, 제타급 등)",애플,KT,대구면도요지,https://m.blog.naver.com/skku_skai/220852355231,강진 대구면 도요지 종합정비계획 학술연구용역
D***9,개암사,201910**,M,3,"사무직 (일반사무직, 공무원, 직업군인)",100~199만원,아니오,          ,연립주택/ 다세대/ 빌라,서울,영등포구,대림1동,,삼성,LG U+,개암사,https://m.blog.naver.com/wona0317/221560541021,부안 개암사 그리고 개암제 나들이
D***5,보덕사 ,201910**,F,3,"전문직 (의사, 판검사, 예술가, 종교인)",200~299만원,아니오,          ,아파트/ 주상복합,경기,성남시 분당구,서현동,"소형차 (액센트, 프라이드, 아베오, 피아트급 등)",애플,KT,보덕사 ,http://m.blog.daum.net/_blog/_m/articleView.do?blogid=03bMR&articleno=15961077,보덕사 예산
D***7,알펜시아,201910**,F,4,"주부 (전업주부, 파트타임 근무 주부)",600~699만원,예    ,자녀 있음 ,아파트/ 주상복합,경기,고양시 덕양구,동산동,"준대형차 (그랜저, K7, 알페온, 캠리급, 파사트급 등)",삼성,SKT,알펜시아,https://blog.naver.com/asdffggg2/221648164694,강원도여행 평창 알펜시아 홀리데이인스위트 투베드룸과 오션700 워터파크
D***0,돌문화공원,201910**,M,3,"사무직 (일반사무직, 공무원, 직업군인)",400~499만원,예    ,자녀 있음 ,아파트/ 주상복합,대전,유성구,노은동,"중형차 (쏘나타, K5, 말리부, 골프급 등)",애플,KT,돌문화공원,https://m.blog.naver.com/pran0104/221715194651, 제주여행제주관광  제주 돌문화공원
D***4,표충사,201910**,M,5,"사무직 (일반사무직, 공무원, 직업군인)",500~599만원,예    ,자녀 있음 ,아파트/ 주상복합,경기,부천시 원미구,상3동,"준중형SUV (투싼, 스포티지, QM5, 티구안급 등)",삼성,SKT,표충사,https://m.blog.naver.com/jupan1999/221715055350,표충사 우리아이마음숲놀이터 하루 종일 놀겠다는 아이들
D***5,고석정,201910**,M,5,"사무직 (일반사무직, 공무원, 직업군인)",500~599만원,아니오,          ,연립주택/ 다세대/ 빌라,서울,광진구,중곡4동,,애플,SKT,고석정,https://m.blog.naver.com/mmm7962/221711870969,철원 여행 고석정 정취를 취하다
D***7,미천굴,201910**,M,3,"사무직 (일반사무직, 공무원, 직업군인)",200~299만원,예    ,자녀 있음 ,아파트/ 주상복합,경기,화성시,동탄면,"준중형SUV (투싼, 스포티지, QM5, 티구안급 등)",삼성,SKT,미천굴,https://m.blog.naver.com/xodiddldkqk/221706364651,제주 일출랜드 그리고 미천굴
D***4,해신장보고,201910**,F,4,,,      ,          ,,,,,,,,해신장보고,https://m.blog.naver.com/hohosuly/221539086115,을왕리 조개구이  해신장보고  설레여
D***4,만남의광장,201910**,M,4,"전문직 (의사, 판검사, 예술가, 종교인)",200~299만원,예    ,자녀 있음 ,아파트/ 주상복합,부산,기장군,정관면,"경차 (모닝, 스파크 등)",삼성,SKT,만남의광장,https://m.post.naver.com/viewer/postView.nhn?volumeNo=25975952&memberNo=7250666&vType=VERTICAL,하남 드림 휴게소만남의광장에 수소충전소 오픈
D***9,다덕약수,201910**,M,4,"관리직 (사장, 간부, 고위공무원)","1,000만원 이상",아니오,          ,아파트/ 주상복합,인천,동구,송림3동,,기타,SKT,다덕약수,https://m.blog.naver.com/soda8219/221603152068,봉화 약수식당  다덕약수 로 만든 토종닭백숙
D***8,용담사,201910**,F,3,"전문직 (의사, 판검사, 예술가, 종교인)",200~299만원,아니오,          ,단독주택,서울,성북구,안암동4가,,애플,SKT,용담사,https://m.blog.naver.com/rem85/221616568134,안동물놀이할만한곳안동계곡길안계곡길안용담사 근처 계곡으로 물놀이다녀왔어요
D***1,담양호,201910**,M,4,"생산/노무직 (생산감독, 경비원, 공장근로자)",300~399만원,예    ,자녀 있음 ,아파트/ 주상복합,부산,해운대구,좌3동,"중형SUV (싼타페, 쏘렌토, 캡티바, BMW X3급 등)",기타,SKT,담양호,https://m.blog.naver.com/ka8564/221652276574,담양호 용마루길따라 과녁바위산을 돌아오는 트레킹코스
D***2,주문진,201910**,F,2,기타 ,200~299만원,아니오,          ,연립주택/ 다세대/ 빌라,서울,용산구,후암동,,삼성,SKT,주문진,https://blog.naver.com/crazy_yuri/221713254200,새로웠던 주문진 맛집
D***8,경산온천,201910**,M,4,"관리직 (사장, 간부, 고위공무원)",500~599만원,아니오,          ,연립주택/ 다세대/ 빌라,경기,성남시 분당구,정자동,"중형SUV (싼타페, 쏘렌토, 캡티바, BMW X3급 등)",삼성,SKT,경산온천,https://m.blog.naver.com/nara4009/221619540380,경산온천상대온천좋아요
D***4,만남의광장,201910**,M,4,"사무직 (일반사무직, 공무원, 직업군인)",500~599만원,예    ,자녀 있음 ,아파트/ 주상복합,서울,중구,신당6동,"MPV (카니발, 올란도, 피카소급, 오딧세이 등)",애플,KT,만남의광장,https://m.post.naver.com/viewer/postView.nhn?volumeNo=25975952&memberNo=7250666&vType=VERTICAL,하남 드림 휴게소만남의광장에 수소충전소 오픈
D***1,구곡폭포,201910**,F,3,"사무직 (일반사무직, 공무원, 직업군인)",400~499만원,아니오,          ,아파트/ 주상복합,서울,관악구,신림동,"MPV (카니발, 올란도, 피카소급, 오딧세이 등)",삼성,LG U+,구곡폭포,https://blog.naver.com/jsl3335/221675894684,구곡 폭포 나들이
D***3,라비에벨,201910**,F,5,"사무직 (일반사무직, 공무원, 직업군인)",800~899만원,예    ,자녀 있음 ,아파트/ 주상복합,대구,달서구,이곡2동,"소형차 (액센트, 프라이드, 아베오, 피아트급 등)",삼성,KT,라비에벨,https://blog.naver.com/yangjinss/221716472829,부천예식장 라비에벨웨딩 기억에 많이 남을 것 같아요
D***7,땅끝,201910**,F,5,"사무직 (일반사무직, 공무원, 직업군인)",400~499만원,예    ,자녀 있음 ,아파트/ 주상복합,경기,고양시 일산서구,탄현동,,삼성,LG U+,땅끝,http://m.blog.daum.net/_blog/_m/articleView.do?blogid=0W7Ve&articleno=866,2018. 단풍따라 흐르는 가을여행 - 14. 토말. 땅끝마을
D***2,애월국제문화복합단지,201910**,M,5,"사무직 (일반사무직, 공무원, 직업군인)",400~499만원,예    ,자녀 있음 ,연립주택/ 다세대/ 빌라,인천,서구,원당동,,삼성,KT,애월국제문화복합단지,https://blog.naver.com/bigfish3/221486552408,제주도 땅 투자애월 국제문화복합단지 진척상황
D***1,계림사,201910**,M,5,"사무직 (일반사무직, 공무원, 직업군인)",400~499만원,예    ,자녀 있음 ,아파트/ 주상복합,경기,파주시,야동동,"중형차 (쏘나타, K5, 말리부, 골프급 등)",LG,LG U+,계림사,https://m.blog.naver.com/pjk3108/221686032437,김천 동부리 마애지장보살좌상 계림사 석조나한좌상
D***0,등명,201910**,M,3,"기능직 (자동차정비, 운전기사, 안경사, 택시기사)",500~599만원,아니오,          ,아파트/ 주상복합,경기,성남시 중원구,금광1동,기타 (승합차/트럭/화물차/기타 차량 등),삼성,LG U+,등명,https://m.blog.naver.com/fedfox77/221616393516,강릉 해수욕장 추천 작지만 편안한 등명해변등명해수욕장
D***4,신지명사십리,201910**,M,3,"사무직 (일반사무직, 공무원, 직업군인)",100만원 미만,아니오,          ,아파트/ 주상복합,강원,속초시,교동,"준중형SUV (투싼, 스포티지, QM5, 티구안급 등)",기타,알뜰폰(MVNO),신지명사십리,https://m.blog.naver.com/kurum_be/221503580309,여로4  완도 신지명사십리해수욕장  20190325
D***2,공릉,201910**,M,2,"학생 (초중고학생, 대학생, 대학원생)",500~599만원,아니오,          ,아파트/ 주상복합,전북,전주시 완산구,서신동,"경차 (모닝, 스파크 등)",삼성,SKT,공릉,https://blog.naver.com/back2462/221721451198,파주 공릉캠핑장 11월 동계 캠핑의 첫 시작
D***3,간월도,201910**,F,5,"관리직 (사장, 간부, 고위공무원)","1,000만원 이상",아니오,          ,연립주택/ 다세대/ 빌라,경기,용인시 처인구,백암면,,기타,LG U+,간월도,https://m.blog.naver.com/jjun0712/221712063671,서산 간월도 간월암 다녀왔어요
D***7,청도용암온천,201910**,M,3,"사무직 (일반사무직, 공무원, 직업군인)",400~499만원,예    ,자녀 있음 ,아파트/ 주상복합,경기,부천시 원미구,상1동,"경차 (모닝, 스파크 등)",애플,KT,청도용암온천,https://m.blog.naver.com/jangsoras2j/221716720216,청도용암온천 즐기고 빛축제까지
D***2,아우라지,201910**,F,4,"주부 (전업주부, 파트타임 근무 주부)",500~599만원,예    ,자녀 있음 ,아파트/ 주상복합,서울,강서구,방화1동,,LG,알뜰폰(MVNO),아우라지,https://m.blog.naver.com/kooni/221672541768,정선 아리랑 시장  물 폭탄 맞은 아우라지
D***6,궁평,201910**,M,5,"사무직 (일반사무직, 공무원, 직업군인)",300~399만원,예    ,자녀 있음 ,아파트/ 주상복합,경북,안동시,정하동,"중형차 (쏘나타, K5, 말리부, 골프급 등)",삼성,SKT,궁평,http://blog.daum.net/seohwi/277,궁평의 마을
D***7,합천호,201910**,M,3,"사무직 (일반사무직, 공무원, 직업군인)",300~399만원,예    ,자녀 있음 ,연립주택/ 다세대/ 빌라,서울,송파구,삼전동,,애플,LG U+,합천호,http://m.blog.daum.net/_blog/_m/articleView.do?blogid=0Nnmh&articleno=2256,합천 악견산~의룡산 종주 - 합천호 조망과 천길단애를 경험할 수 있는 산 (대병3산/대병5악/십자바위/악견산성)
D***5,용문산,201910**,M,3,"사무직 (일반사무직, 공무원, 직업군인)",500~599만원,예    ,자녀 없음 ,연립주택/ 다세대/ 빌라,서울,강동구,성내3동,"소형차 (액센트, 프라이드, 아베오, 피아트급 등)",LG,LG U+,용문산,https://kaisr2.blog.me/221624459312,양평 용문산 관광단지와 용문사 은행나무
D***0,백운계곡,201910**,M,3,"사무직 (일반사무직, 공무원, 직업군인)",500~599만원,예    ,자녀 없음 ,아파트/ 주상복합,인천,남구,관교동,"소형SUV/CUV (티볼리, QM3 등)",삼성,KT,백운계곡,https://blog.naver.com/wnsghdudwls/221637010727,포천 백운계곡
D***8,대구면도요지,201910**,M,3,"사무직 (일반사무직, 공무원, 직업군인)",300~399만원,아니오,          ,아파트/ 주상복합,서울,성북구,돈암2동,,애플,SKT,대구면도요지,https://m.blog.naver.com/skku_skai/220852355231,강진 대구면 도요지 종합정비계획 학술연구용역
D***9,지장사,201910**,M,4,"생산/노무직 (생산감독, 경비원, 공장근로자)",300~399만원,아니오,          ,연립주택/ 다세대/ 빌라,부산,남구,용호3동,,LG,SKT,지장사,https://m.blog.naver.com/asforlove/221709499900,방탄소년단 정국 지장사 직원분이 알려준 꾹이 비하인드스토리
D***8,남원 드래곤,201910**,F,4,무직,100~199만원,아니오,          ,아파트/ 주상복합,서울,강동구,천호1동,,삼성,KT,남원 드래곤,https://moonjung2114.blog.me/221639249397,전라도 골프 드래곤레이크cc 2박3일 남원 골프라운드 후기
D***5,경천대,201910**,F,3,"학생 (초중고학생, 대학생, 대학원생)",100만원 미만,예    ,자녀 없음 ,단독주택,경기,하남시,덕풍3동,"중형차 (쏘나타, K5, 말리부, 골프급 등)",LG,LG U+,경천대,https://m.blog.naver.com/jiyouls/221227527304,상주 경천대마음이 열리는 이곳 경천대 국민관광지
D***8,당항포,201910**,M,5,"사무직 (일반사무직, 공무원, 직업군인)",400~499만원,예    ,자녀 있음 ,아파트/ 주상복합,서울,관악구,신림동,,삼성,SKT,당항포,https://m.blog.naver.com/turpu/221690928126,경남 고성 가볼만한곳 공룡엑스포가 펼쳐지는 당항포 관광단지
D***0,원각사,201910**,F,3,"사무직 (일반사무직, 공무원, 직업군인)",100~199만원,아니오,          ,아파트/ 주상복합,서울,양천구,신정4동,,애플,KT,원각사,https://m.blog.naver.com/nelo30/221688868198,가볍게 다이어트 트레킹 겸 다녀온 의정부 원각사
D***6,삽교호,201910**,M,4,"생산/노무직 (생산감독, 경비원, 공장근로자)",400~499만원,아니오,          ,아파트/ 주상복합,경기,의왕시,왕곡동,,기타,알뜰폰(MVNO),삽교호,https://m.blog.naver.com/yongju320/221645978745,당진 삽교호 한 바퀴
D***8,영국사,201910**,M,4,"자영업 (도소매업, 숙박업, 미용업)","1,000만원 이상",예    ,자녀 있음 ,아파트/ 주상복합,경기,남양주시,호평동,"대형차 (제너시스, BMW5급 등)",삼성,SKT,영국사,https://m.blog.naver.com/youliyan/221628365158,충북 영동 가볼만한곳 천태산 영국사
D***6,안적사,201910**,M,3,"자영업 (도소매업, 숙박업, 미용업)",300~399만원,예    ,자녀 없음 ,아파트/ 주상복합,대구,북구,칠성동2가,"준대형차 (그랜저, K7, 알페온, 캠리급, 파사트급 등)",애플,KT,안적사,https://m.blog.naver.com/isinki/221675421360,기장 안적사에서 가을을 맞이했습니다
D***3,용호씨사이드,201910**,M,4,"전문직 (의사, 판검사, 예술가, 종교인)","1,000만원 이상",예    ,자녀 있음 ,아파트/ 주상복합,충남,논산시,연무읍,"준중형SUV (투싼, 스포티지, QM5, 티구안급 등)",삼성,KT,용호씨사이드,http://www.kookje.co.kr/news2011/asp/newsbody.asp?code=0200&key=20171123.22001010675,부산 용호동 씨사이드 분쟁 부산시 관광지 취소 경고
D***6,장호,201910**,F,3,"주부 (전업주부, 파트타임 근무 주부)",500~599만원,예    ,자녀 있음 ,아파트/ 주상복합,충북,청주시 흥덕구,복대동,,LG,LG U+,장호,https://m.blog.naver.com/qsaxzd/221623300383,장호비치캠핑장 삼척여행
D***7,횡성 드림마운틴,201910**,M,3,"판매직 (상점점원, 보험설계사, 노점상)","1,000만원 이상",아니오,          ,아파트/ 주상복합,서울,광진구,구의2동,"준대형차 (그랜저, K7, 알페온, 캠리급, 파사트급 등)",삼성,SKT,횡성 드림마운틴,https://blog.naver.com/asj910520/221251985378,드림마운틴 횡성 드림마운틴은 무엇인가
D***9,덕산온천,201910**,F,3,무직,"1,000만원 이상",아니오,          ,아파트/ 주상복합,서울,마포구,염리동,,삼성,SKT,덕산온천,https://m.blog.naver.com/oksusu90/221670136981,짧은 나들이 덕산온천여행 선물처럼 만난 코스모스
D***0,벽골제,201910**,M,5,"전문직 (의사, 판검사, 예술가, 종교인)",300~399만원,아니오,          ,아파트/ 주상복합,서울,용산구,이촌1동,,삼성,LG U+,벽골제,https://m.blog.naver.com/robyn27/221649036302,놀거리가 가득한 곳  김제 벽골제
D***4,라비에벨,201910**,M,5,기타 ,500~599만원,예    ,자녀 있음 ,아파트/ 주상복합,서울,강동구,명일1동,"중형차 (쏘나타, K5, 말리부, 골프급 등)",LG,KT,라비에벨,https://blog.naver.com/yangjinss/221716472829,부천예식장 라비에벨웨딩 기억에 많이 남을 것 같아요
D***,대구화원,201910**,F,3,,,      ,          ,,인천,부평구,산곡2동,,,,대구화원,https://blog.naver.com/meteorslove/221529086600,대구 화원 카페 커피문화 작은 창고형카페
D***,합천보조댐,201910**,M,4,,,      ,          ,,서울,송파구,거여동,,,,합천보조댐,https://m.blog.naver.com/gnfeel/221693122206,경상남도 산책길  합천 가볼만한곳 산책하며 데이트하기 좋은 길 합천 보조댐 수변생태 탐방로
D***,강원오색,201910**,F,2,"주부 (전업주부, 파트타임 근무 주부)",300~399만원,예    ,자녀 없음 ,아파트/ 주상복합,경기,남양주시,진접읍,,애플,KT,강원오색,https://m.blog.naver.com/nhk9933/221627655775,강원 설악산 오색약수근처 오색휴펜션 오색약수 계곡 초대받아 힐링하고 왔어요
D***,문경온천,201910**,M,3,,,      ,          ,,서울,송파구,잠실4동,,,,문경온천,https://m.blog.naver.com/j3187654/221564941542,불정자연휴양림 문경온천 여행 
D***,원주 오크밸리,201910**,M,4,,,      ,          ,,경기,가평군,가평읍,,,,구곡폭포,https://blog.naver.com/orionbt/221694093685,원주 오크밸리 카라반 여행  야간산책 소나타 오브 라이트
D***,구곡폭포,201910**,M,4,,,      ,          ,,경기,가평군,가평읍,,,,구곡폭포,https://blog.naver.com/jsl3335/221675894684,구곡 폭포 나들이
D***,수타사,201910**,M,5,,,      ,          ,,서울,강북구,번2동,,,,수타사,https://m.blog.naver.com/sul_hwa/221684137467,홍천 은행나무숲과 수타사 강원도 가볼만한곳
D***,증평 에듀팜 특구,201910**,M,2,,,      ,          ,,서울,강동구,고덕1동,,,,증평 에듀팜 특구,https://blog.naver.com/wwwjpgokr/221592218844,SNS기자단 기고 해외 관광객도 즐길 충북의 명소 증평 에듀팜 관광특구
D***,오목내,201910**,M,3,"기능직 (자동차정비, 운전기사, 안경사, 택시기사)",600~699만원,아니오,          ,아파트/ 주상복합,경기,수원시 권선구,권선동,,삼성,SKT,장성호,https://m.blog.naver.com/skrkddlsgp/221721630990,진주 판문동 맛집 오목내 솔직후기
D***,장성호,201910**,M,3,"기능직 (자동차정비, 운전기사, 안경사, 택시기사)",600~699만원,아니오,          ,아파트/ 주상복합,경기,수원시 권선구,권선동,,삼성,SKT,장성호,https://m.blog.naver.com/wella5442/221704598476,장성 가볼만한곳 장성호 수변길 출렁다리
D***,원주 더네이처,201910**,F,4,,,      ,          ,,인천,서구,석남3동,,,,원주 더네이처,http://www.kwnews.co.kr/nview.asp?s=501&aid=219042100027,원주문막읍 대규모 관광단지 4년만에 재추진
D***,예래휴양형주거,201910**,F,5,,,      ,          ,,서울,노원구,상계9동,,,,예래휴양형주거,https://blog.naver.com/bigfish3/221477767193,예래 휴양형 주거단지 현황과 제주도 땅 투자
D***,돈내코,201910**,F,3,,,      ,          ,,서울,구로구,신도림동,,,,돈내코,https://m.blog.naver.com/sohyun1989/221684113927,제주 원앙폭포 신비함을 느끼고 싶다면 꼭 돈내코
D***,장흥,201910**,M,5,"사무직 (일반사무직, 공무원, 직업군인)",800~899만원,예    ,자녀 있음 ,아파트/ 주상복합,전북,무주군,무주읍,"준중형차 (아반떼, K3, 크루즈, 제타급 등)",LG,LG U+,장흥,https://blog.naver.com/queen77577/221721828437,서울 근교 장흥 참숯가마 고구마 구워 먹고 놀기 좋아
D***,태조산,201910**,F,2,,,      ,          ,,대구,수성구,황금1동,,,,태조산,https://m.blog.naver.com/ohs1443/221659948848,천안 태조산421m  흑성산519m
D***,덕산온천,201910**,M,4,,,      ,          ,,서울,관악구,신림동,,,,덕산온천,https://m.blog.naver.com/oksusu90/221670136981,짧은 나들이 덕산온천여행 선물처럼 만난 코스모스
D***,벽골제,201910**,M,4,,,      ,          ,,서울,강북구,미아동,,,,벽골제,https://m.blog.naver.com/robyn27/221649036302,놀거리가 가득한 곳  김제 벽골제
D***,칠갑산도립온천,201910**,F,3,"사무직 (일반사무직, 공무원, 직업군인)",100~199만원,아니오,          ,아파트/ 주상복합,경기,고양시 덕양구,행신3동,,기타,KT,칠갑산도립온천,https://m.blog.naver.com/2000yhero/221524706364,칠갑산 도립공원 2
D***,문경온천,201910**,M,4,,,      ,          ,,대전,서구,만년동,,,,문경온천,https://m.blog.naver.com/j3187654/221564941542,불정자연휴양림 문경온천 여행 
D***,궁평,201910**,M,4,"전문직 (의사, 판검사, 예술가, 종교인)",400~499만원,아니오,          ,아파트/ 주상복합,서울,도봉구,방학3동,"준중형SUV (투싼, 스포티지, QM5, 티구안급 등)",애플,KT,궁평,http://blog.daum.net/seohwi/277,궁평의 마을
D***,고씨동굴,201910**,M,5,,,      ,          ,,강원,동해시,삼화동,,,,고씨동굴,https://m.blog.naver.com/sumjin1002/221621090655,태화산 끝자락 억년의 신비가 숨쉬고 있는 고씨동굴
D***,금강호,201910**,F,5,"사무직 (일반사무직, 공무원, 직업군인)",300~399만원,예    ,자녀 있음 ,아파트/ 주상복합,서울,서초구,우면동,,애플,SKT,금강호,https://m.blog.naver.com/sumi0ju/221704482211,오천항 금강낚시 금강호 쭈꾸미 갑오징어 출조 조황 쭈갑 선상낚시 20191109
D***,도곡온천,201910**,M,2,,,      ,          ,,경기,화성시,동탄면,,,,도곡온천,https://m.blog.naver.com/jh630614/221520167548,화순 중봉산도곡온천 기준으로 완벽한 원점회귀 산행코스
D***,오수의견,201910**,M,2,,,      ,          ,,경기,화성시,동탄면,,,,도곡온천,https://m.blog.naver.com/gloryhealing/221610037579,전북 걷기 좋은 곳 전북 임실 오수의견공원
D***,선바위,201910**,F,4,"사무직 (일반사무직, 공무원, 직업군인)",400~499만원,예    ,자녀 있음 ,아파트/ 주상복합,서울,노원구,월계3동,,삼성,SKT,선바위,https://m.blog.naver.com/7750khj/221702772489,합천 작은가야산  수리봉소바우듬선바위
D***,흥덕사,201910**,F,5,"교직 (교사, 유치원교사, 학원강사)",600~699만원,예    ,자녀 있음 ,아파트/ 주상복합,서울,노원구,상계6.7동,"준중형SUV (투싼, 스포티지, QM5, 티구안급 등)",삼성,LG U+,흥덕사,https://m.blog.naver.com/ojs0126/221690775065,흥덕사 백운문화한마당 참석
D***,곽지,201910**,M,3,"자영업 (도소매업, 숙박업, 미용업)",200~299만원,예    ,자녀 있음 ,아파트/ 주상복합,경기,수원시 팔달구,우만동,"중형차 (쏘나타, K5, 말리부, 골프급 등)",애플,KT,곽지,https://m.blog.naver.com/wnhjeju/221718304122,제주여행 곽지해변에서 한담공원 멋진뷰
D***,월명암,201910**,M,4,,,      ,          ,,서울,영등포구,당산동3가,,,,월명암,https://m.blog.naver.com/rowon98/221698025729,깊어가는 내변산의 가을 풍경1남여치월명암직소폭포재백이고개
D***,의성탑산온천,201910**,M,2,,,      ,          ,,부산,금정구,서2동,,,,의성탑산온천,https://m.blog.naver.com/darkspwn1/221256068023,경북 의성 탑산약수온천 유황냄새 진한 지방온천
D***,강화종합리조트,201910**,M,3,"사무직 (일반사무직, 공무원, 직업군인)",200~299만원,아니오,          ,연립주택/ 다세대/ 빌라,대구,달성군,다사읍,"준중형차 (아반떼, K3, 크루즈, 제타급 등)",삼성,KT,강화종합리조트,https://ghssghss.blog.me/221526256903,강화 길상면  강화씨사이드리조트강화도루지
D***,홍천온천,201910**,F,5,"사무직 (일반사무직, 공무원, 직업군인)",500~599만원,예    ,자녀 있음 ,아파트/ 주상복합,서울,동작구,노량진1동,"경차 (모닝, 스파크 등)",삼성,LG U+,홍천온천,https://m.blog.naver.com/hush113/221660267943,홍천 온천홍천에서 온천을 한다면오래된 시설이지만 물은 괜찮았던 원탕 온천목욕탕
D***,휘닉스파크,201910**,F,4,,,      ,          ,,경기,광주시,오포읍,,,,휘닉스파크,https://blog.naver.com/vegemilstory/221663623759,가을 여행지 평창 가볼만한 곳 휘닉스 파크 1박 2일  양떼목장 체험까지
D***,양양국제공항,201910**,M,4,"사무직 (일반사무직, 공무원, 직업군인)",500~599만원,예    ,자녀 있음 ,아파트/ 주상복합,경기,안산시 상록구,사동,"대형SUV (베라크루즈, 모하비, 투아렉급 등)",LG,SKT,양양국제공항,https://blog.naver.com/4_28b/221660419232,양양국제공항 타고 제주도 가기 코리아익스프레스에어
D***,제천온천,201910**,F,2,,,      ,          ,,경기,구리시,수택2동,,,,제천온천,https://m.blog.naver.com/easeclub1/221720676545,충북 가볼만한곳 제천 리솜포레스트 온천여행과 자드락길
D***,지장사,201910**,M,4,,,      ,          ,,서울,도봉구,도봉2동,,,,지장사,https://m.blog.naver.com/asforlove/221709499900,방탄소년단 정국 지장사 직원분이 알려준 꾹이 비하인드스토리
D***,고성 델피노 골프앤리조트,201910**,M,2,"학생 (초중고학생, 대학생, 대학원생)",700~799만원,아니오,          ,아파트/ 주상복합,경남,창원시 성산구,상남동,,애플,KT,고성 델피노 골프앤리조트,https://blog.naver.com/aramouse/221589693496,가족여행 숙소 추천 고성 속초 델피노골프앤리조트 카페로까 조식 리뷰
D***,농월정,201910**,M,2,,,      ,          ,,강원,고성군,간성읍,,,,농월정,https://m.blog.naver.com/roadmoog/221568172575,함양 남계서원 농월정 일두고택
D***,공릉,201910**,M,4,,,      ,          ,,서울,양천구,신정1동,,,,공릉,https://blog.naver.com/back2462/221721451198,파주 공릉캠핑장 11월 동계 캠핑의 첫 시작
D***,개암사,201910**,F,2,,,      ,          ,,경기,양주시,삼숭동,,,,개암사,https://m.blog.naver.com/wona0317/221560541021,부안 개암사 그리고 개암제 나들이
D***,제주용머리,201910**,M,5,,,      ,          ,,경기,화성시,우정읍,,,,제주용머리,http://m.blog.daum.net/_blog/_m/articleView.do?blogid=0b2pw&articleno=2342,제주 용머리해안 맛집 가족 식사엔 카도돈카츠
D***,쌍계사,201910**,M,3,,,      ,          ,,서울,은평구,증산동,,,,쌍계사,https://m.blog.naver.com/gnfeel/221717628454,경상남도 하동  하동 가볼만한곳 지리산자락으로 가을여행 떠나요 하동 쌍계사
D***,구병산,201910**,M,4,"전문직 (의사, 판검사, 예술가, 종교인)",300~399만원,예    ,자녀 있음 ,아파트/ 주상복합,부산,해운대구,반여3동,"중형차 (쏘나타, K5, 말리부, 골프급 등)",LG,알뜰폰(MVNO),구병산,https://m.blog.naver.com/osgsb/221692903882,충북 보은 충북알프스의 시작점 아홉봉우리의 구병산
D***,개암사,201910**,M,3,,,      ,          ,,경기,시흥시,월곶동,,,,개암사,https://m.blog.naver.com/wona0317/221560541021,부안 개암사 그리고 개암제 나들이
D***,보적사,201910**,M,3,,,      ,          ,,경기,시흥시,월곶동,,,,개암사,https://m.blog.naver.com/n_n630/221683022330,나홀로 가을 산행  독산성 세마대지 보적사 다녀오기
D***,합천보조댐,201910**,M,4,,,      ,          ,,경기,고양시 일산서구,대화동,,,,합천보조댐,https://m.blog.naver.com/gnfeel/221693122206,경상남도 산책길  합천 가볼만한곳 산책하며 데이트하기 좋은 길 합천 보조댐 수변생태 탐방로
D***,마한문화,201910**,M,3,"관리직 (사장, 간부, 고위공무원)",400~499만원,아니오,          ,연립주택/ 다세대/ 빌라,서울,강동구,성내동,"중형차 (쏘나타, K5, 말리부, 골프급 등)",LG,LG U+,마한문화,https://m.blog.naver.com/pson30/221724282236,영암 마한문화공원 191125
D***3,궁평,201910**,M,3,,,      ,          ,,경남,진주시,평거동,,,,궁평,http://blog.daum.net/seohwi/277,궁평의 마을
D***1,전통한방휴양,201910**,M,2,"사무직 (일반사무직, 공무원, 직업군인)",200~299만원,아니오,          ,아파트/ 주상복합,광주,광산구,소촌동,"준중형차 (아반떼, K3, 크루즈, 제타급 등)",삼성,SKT,전통한방휴양,https://m.blog.naver.com/ndustns61/221224126114,전통한방휴양관광지 산청동의보감촌공진단만들기 체험
D***0,웰리힐리파크,201910**,F,4,"주부 (전업주부, 파트타임 근무 주부)",500~599만원,예    ,자녀 있음 ,연립주택/ 다세대/ 빌라,광주,광산구,신가동,"중형SUV (싼타페, 쏘렌토, 캡티바, BMW X3급 등)",LG,알뜰폰(MVNO),웰리힐리파크,https://blog.naver.com/missjoon/221716441790,웰리힐리파크 리프트권 및 록키스키 알파인 스키강습
D***0,한국차소리문화공원,201910**,M,5,,,      ,          ,,인천,남동구,서창동,,,,한국차소리문화공원,https://m.blog.naver.com/peri26100/220924962670,보성여행 보성차밭빛축제  한국차소리문화공원
D***5,제천온천,201910**,M,5,,,      ,          ,,대구,수성구,범어2동,,,,제천온천,https://m.blog.naver.com/easeclub1/221720676545,충북 가볼만한곳 제천 리솜포레스트 온천여행과 자드락길
D***5,경산온천,201910**,F,3,"교직 (교사, 유치원교사, 학원강사)",600~699만원,예    ,자녀 없음 ,아파트/ 주상복합,서울,관악구,난곡동,,삼성,SKT,경산온천,https://m.blog.naver.com/nara4009/221619540380,경산온천상대온천좋아요
D***3,마우나오션,201910**,F,2,,,      ,          ,,대전,대덕구,석봉동,,,,마우나오션,https://blog.naver.com/soda7908/221712751372,LPGA가 열렸던 마우나오션cc로 가을골프 다녀왔어요
D***4,월명암,201910**,M,5,,,      ,          ,,서울,도봉구,도봉2동,,,,월명암,https://m.blog.naver.com/rowon98/221698025729,깊어가는 내변산의 가을 풍경1남여치월명암직소폭포재백이고개
D***4,문경상리,201910**,M,5,"사무직 (일반사무직, 공무원, 직업군인)",200~299만원,아니오,          ,단독주택,서울,성북구,삼선동1가,기타 (승합차/트럭/화물차/기타 차량 등),LG,KT,문경상리,http://m.blog.daum.net/_blog/_m/articleView.do?blogid=03UvL&articleno=15857454,문경 상리 삼층석탑 경북 문경
D***2,신화랑,201910**,M,3,"사무직 (일반사무직, 공무원, 직업군인)",200~299만원,예    ,자녀 있음 ,연립주택/ 다세대/ 빌라,서울,성북구,동선동3가,"경차 (모닝, 스파크 등)",애플,SKT,신화랑,https://m.blog.naver.com/wind_0227/221554355785,청도 가볼만한곳 신화랑풍류마을 생각보다 알차
D***2,평택호,201910**,M,3,"사무직 (일반사무직, 공무원, 직업군인)",200~299만원,예    ,자녀 있음 ,연립주택/ 다세대/ 빌라,서울,성북구,동선동3가,"경차 (모닝, 스파크 등)",애플,SKT,신화랑,https://blog.naver.com/inkyungidd/221621262586,평택호텔  그랜드호텔 평택호 뷰를 볼 수 있는 호텔 추천
D***1,성류굴,201910**,M,4,,,      ,          ,,경북,경산시,옥산동,,,,성류굴,https://m.blog.naver.com/hsakjo/221566664329,울진 금강소나무 숲길 트레킹울진 성류굴
D***8,청도용암온천,201910**,F,4,,,      ,          ,,경기,안양시 동안구,호계1동,,,,청도용암온천,https://m.blog.naver.com/jangsoras2j/221716720216,청도용암온천 즐기고 빛축제까지
D***5,석정온천,201910**,M,5,"생산/노무직 (생산감독, 경비원, 공장근로자)",500~599만원,예    ,자녀 있음 ,아파트/ 주상복합,경기,수원시 권선구,구운동,"소형차 (액센트, 프라이드, 아베오, 피아트급 등)",삼성,SKT,석정온천,https://m.blog.naver.com/vnqk10/221716226470,고창 힐링카운티 석정온천휴스파
D***7,장흥,201910**,M,4,,,      ,          ,,경기,평택시,오성면,,,,장흥,https://blog.naver.com/queen77577/221721828437,서울 근교 장흥 참숯가마 고구마 구워 먹고 놀기 좋아
D***1,등명,201910**,M,3,,,      ,          ,,서울,강동구,천호3동,,,,등명,https://m.blog.naver.com/fedfox77/221616393516,강릉 해수욕장 추천 작지만 편안한 등명해변등명해수욕장
D***3,오토테마파크,201910**,M,2,"학생 (초중고학생, 대학생, 대학원생)",300~399만원,아니오,          ,연립주택/ 다세대/ 빌라,인천,남동구,간석3동,,삼성,SKT,오토테마파크,https://m.blog.naver.com/python99/221517135324,야경이 멋있는 합천 휴테마파크 오토캠핑장
D***4,직탕,201910**,M,3,,,      ,          ,,서울,관악구,대학동,,,,직탕,https://m.blog.naver.com/sonic72/221608063332,20190806 철원일대 폭포를 찾아떠난 여름휴가 재인폭포비둘기낭폭포직탕폭포산정호수
D***3,마곡사,201910**,M,4,,,      ,          ,,부산,금정구,금사동,,,,마곡사,https://m.blog.naver.com/usgreen99/221692318243,공주 가볼만한곳 마곡사 가을 모습은
D***3,오전약수,201910**,M,3,"생산/노무직 (생산감독, 경비원, 공장근로자)",200~299만원,아니오,          ,연립주택/ 다세대/ 빌라,경남,양산시,물금읍,"준중형차 (아반떼, K3, 크루즈, 제타급 등)",삼성,SKT,오전약수,https://m.blog.naver.com/sanm308/221616161992,태백산에 싸여있는 봉화군 물야 오전약수
D***9,신륵사,201910**,M,3,"사무직 (일반사무직, 공무원, 직업군인)","1,000만원 이상",예    ,자녀 있음 ,아파트/ 주상복합,경기,안양시 만안구,석수2동,"준중형차 (아반떼, K3, 크루즈, 제타급 등)",애플,SKT,신륵사,https://jbm993.blog.me/221521860991,여주 가볼만한곳 색색의 연등이 예쁜 신륵사
D***4,신륵사,201910**,M,4,"사무직 (일반사무직, 공무원, 직업군인)",300~399만원,예    ,자녀 있음 ,아파트/ 주상복합,경남,김해시,장유면,"준중형차 (아반떼, K3, 크루즈, 제타급 등)",삼성,SKT,신륵사,https://jbm993.blog.me/221521860991,여주 가볼만한곳 색색의 연등이 예쁜 신륵사
D***1,남원 드래곤,201910**,F,3,"사무직 (일반사무직, 공무원, 직업군인)",400~499만원,예    ,자녀 없음 ,아파트/ 주상복합,인천,남동구,간석동,"준중형차 (아반떼, K3, 크루즈, 제타급 등)",LG,LG U+,남원 드래곤,https://moonjung2114.blog.me/221639249397,전라도 골프 드래곤레이크cc 2박3일 남원 골프라운드 후기
D***0,풍기온천,201910**,M,3,"생산/노무직 (생산감독, 경비원, 공장근로자)",200~299만원,아니오,          ,오피스텔,울산,북구,연암동,"중형차 (쏘나타, K5, 말리부, 골프급 등)",LG,LG U+,풍기온천,https://m.blog.naver.com/sanm308/221569299218,물좋고 공기좋은 소백산풍기온천리조트
D***5,마우나오션,201910**,F,3,"사무직 (일반사무직, 공무원, 직업군인)",500~599만원,예    ,자녀 있음 ,아파트/ 주상복합,경기,성남시 수정구,수진2동,"중형차 (쏘나타, K5, 말리부, 골프급 등)",애플,KT,마우나오션,https://blog.naver.com/soda7908/221712751372,LPGA가 열렸던 마우나오션cc로 가을골프 다녀왔어요
D***7,춘장대해수욕장,201910**,M,4,"사무직 (일반사무직, 공무원, 직업군인)",400~499만원,예    ,자녀 있음 ,연립주택/ 다세대/ 빌라,서울,은평구,역촌동,"경차 (모닝, 스파크 등)",삼성,KT,춘장대해수욕장,https://m.blog.naver.com/ka8564/221667927409,춘장대 해수욕장과 홍원항 쭈꾸미낚시 풍경
D***9,마곡온천,201910**,M,5,,,      ,          ,,울산,동구,화정동,,,,마곡온천,https://m.blog.naver.com/coco_8600/221653876224,강화도 여행 마곡 맛집  동천  석모도미네랄온천
D***0,영주순흥,201910**,F,5,퇴직/연금생활자,"1,000만원 이상",예    ,자녀 있음 ,아파트/ 주상복합,경기,안산시 상록구,일동,,LG,LG U+,영주순흥,https://m.blog.naver.com/63ksyun/221719604248,풍기 온천 후 영주 순흥 선비촌 다녀왔습니다
D***3,표충사,201910**,F,2,"학생 (초중고학생, 대학생, 대학원생)",500~599만원,아니오,          ,아파트/ 주상복합,광주,광산구,산월동,,애플,SKT,표충사,https://m.blog.naver.com/jupan1999/221715055350,표충사 우리아이마음숲놀이터 하루 종일 놀겠다는 아이들
D***9,용호씨사이드,201910**,M,3,,,      ,          ,,서울,금천구,독산1동,,,,용호씨사이드,http://www.kookje.co.kr/news2011/asp/newsbody.asp?code=0200&key=20171123.22001010675,부산 용호동 씨사이드 분쟁 부산시 관광지 취소 경고
D***7,고흥우주해양,201910**,M,5,,,      ,          ,,경기,수원시 팔달구,고등동,,,,고흥우주해양,https://blog.naver.com/yescom2000/221475087283,김 지사 고흥 우주항공 중심도시로 대도약
D***2,거가대교,201910**,M,2,무직,200~299만원,아니오,          ,아파트/ 주상복합,부산,사하구,괴정4동,,삼성,SKT,거가대교,https://m.blog.naver.com/ohyea95/221553123462,가덕도 가볼 만한 곳 연대봉 세계 최대 수심 해저터널 거가대교
D***5,원각사,201910**,M,2,"학생 (초중고학생, 대학생, 대학원생)",300~399만원,아니오,          ,연립주택/ 다세대/ 빌라,서울,도봉구,창5동,,삼성,KT,원각사,https://m.blog.naver.com/nelo30/221688868198,가볍게 다이어트 트레킹 겸 다녀온 의정부 원각사
D***0,아리랑마을,201910**,M,2,,,      ,          ,,서울,광진구,자양3동,,,,아리랑마을,https://m.blog.naver.com/greenjeonnam/221496932441,국악의 고장 전라남도 진도  국립남도국악원 아리랑 마을
D***1,고흥우주해양,201910**,M,2,,,      ,          ,,전북,전주시 덕진구,인후동2가,,,,고흥우주해양,https://blog.naver.com/yescom2000/221475087283,김 지사 고흥 우주항공 중심도시로 대도약
D***5,고성 델피노 골프앤리조트,201910**,M,5,"사무직 (일반사무직, 공무원, 직업군인)",400~499만원,예    ,자녀 있음 ,아파트/ 주상복합,경남,거제시,상동동,"중형SUV (싼타페, 쏘렌토, 캡티바, BMW X3급 등)",삼성,알뜰폰(MVNO),고성 델피노 골프앤리조트,https://blog.naver.com/aramouse/221589693496,가족여행 숙소 추천 고성 속초 델피노골프앤리조트 카페로까 조식 리뷰
D***4,진도 대명리조트,201910**,M,5,퇴직/연금생활자,300~399만원,아니오,          ,단독주택,강원,횡성군,우천면,"경차 (모닝, 스파크 등)",삼성,LG U+,진도 대명리조트,https://bluebuskr.blog.me/221645530806,진도 여행 대명리조트 쏠비치 진도 후기
D***2,대광해수욕장,201910**,M,2,,,      ,          ,,대전,중구,대흥동,,,,대광해수욕장,https://m.blog.naver.com/happy-luna/221332519271,아이들과 국내섬여행 임자도  해수욕장 대광해수욕장
D***9,김녕해수욕장,201910**,M,4,"사무직 (일반사무직, 공무원, 직업군인)",500~599만원,아니오,          ,연립주택/ 다세대/ 빌라,서울,강북구,미아동,,삼성,LG U+,김녕해수욕장,https://m.blog.naver.com/findjeju/221593221722,제주도 바다 색이 아름다운 김녕해수욕장 물놀이
D***3,진도 대명리조트,201910**,F,5,,,      ,          ,,부산,금정구,남산동,,,,진도 대명리조트,https://bluebuskr.blog.me/221645530806,진도 여행 대명리조트 쏠비치 진도 후기
D***1,제주용머리,201910**,F,2,,,      ,          ,,충남,논산시,가야곡면,,,,제주용머리,http://m.blog.daum.net/_blog/_m/articleView.do?blogid=0b2pw&articleno=2342,제주 용머리해안 맛집 가족 식사엔 카도돈카츠
D***4,봉개휴양림,201910**,M,4,"사무직 (일반사무직, 공무원, 직업군인)",400~499만원,예    ,자녀 없음 ,오피스텔,경기,수원시 팔달구,인계동,"중형차 (쏘나타, K5, 말리부, 골프급 등)",삼성,KT,봉개휴양림,https://m.blog.naver.com/slow_m00n/221700410084,제주교래자연휴양림 큰지그리오름 봉개음식물처리장 냄새 최악
D***8,삼척해수욕장,201910**,F,3,"사무직 (일반사무직, 공무원, 직업군인)",400~499만원,예    ,자녀 없음 ,아파트/ 주상복합,광주,서구,치평동,"준중형차 (아반떼, K3, 크루즈, 제타급 등)",애플,KT,삼척해수욕장,https://m.blog.naver.com/funny0820/221599410365,삼척여행 Part1삼척 하얀낭만펜션일미어담삼척해변
D***2,고래불,201910**,F,4,,,      ,          ,,경기,용인시 수지구,성복동,,,,고래불,http://m.blog.daum.net/_blog/_m/articleView.do?blogid=0bogl&articleno=923,해파랑길 트레킹 제23코스 고래불 후포항
D***2,개척사,201910**,F,4,,,      ,          ,,경기,용인시 수지구,성복동,,,,고래불,https://m.blog.naver.com/genseoks1/221406743484,미국 개척사에 두드러진 두 청년
D***4,혜국사,201910**,M,3,"사무직 (일반사무직, 공무원, 직업군인)",300~399만원,예    ,자녀 없음 ,연립주택/ 다세대/ 빌라,서울,서초구,양재2동,"준중형파생 (벨로스터, I30 등)",애플,SKT,혜국사,https://m.blog.naver.com/lbs2/221717145682,문경 주흘산 등산코스 제1관문여궁폭포혜국사주봉 원점회귀 산행
D***9,마차탄광문화촌,201910**,M,3,"사무직 (일반사무직, 공무원, 직업군인)",400~499만원,예    ,자녀 있음 ,아파트/ 주상복합,경기,성남시 중원구,하대원동,"중형차 (쏘나타, K5, 말리부, 골프급 등)",LG,LG U+,마차탄광문화촌,https://m.blog.naver.com/sweetmeto/221715184365,영월여행  강원도 탄광문화촌 단양영월 2박3일 여행
D***2,평창 용평,201910**,M,4,"서비스직 (요식업, 숙박업, 미용실종업원)",100~199만원,아니오,          ,단독주택,대구,서구,평리1동,,LG,SKT,평창 용평,https://blog.naver.com/see302/221593099739,평창가볼만한곳평창 용평리조트 타워콘도 와 용평 워터파크 피크아일랜드현대홈쇼핑
D***5,마곡사,201910**,F,3,기타 ,400~499만원,예    ,자녀 있음 ,아파트/ 주상복합,경기,시흥시,정왕동,,삼성,SKT,마곡사,https://m.blog.naver.com/usgreen99/221692318243,공주 가볼만한곳 마곡사 가을 모습은
D***5,간월도,201910**,F,3,기타 ,400~499만원,예    ,자녀 있음 ,아파트/ 주상복합,경기,시흥시,정왕동,,삼성,SKT,마곡사,https://m.blog.naver.com/jjun0712/221712063671,서산 간월도 간월암 다녀왔어요
D***7,공릉,201910**,M,4,무직,200~299만원,아니오,          ,아파트/ 주상복합,경기,부천시 원미구,중1동,"소형차 (액센트, 프라이드, 아베오, 피아트급 등)",삼성,SKT,공릉,https://blog.naver.com/back2462/221721451198,파주 공릉캠핑장 11월 동계 캠핑의 첫 시작
D***6,안동문화,201910**,F,3,"주부 (전업주부, 파트타임 근무 주부)",400~499만원,예    ,자녀 있음 ,아파트/ 주상복합,경기,수원시 권선구,호매실동,,삼성,SKT,안동문화,https://blog.naver.com/jomkkange/221718101147,191125 1박 2일 안동 여행  세계문화유산 도산서원
D***9,성산포해양,201910**,M,3,"사무직 (일반사무직, 공무원, 직업군인)",700~799만원,예    ,자녀 있음 ,단독주택,대구,달서구,송현1동,"중형차 (쏘나타, K5, 말리부, 골프급 등)",삼성,SKT,성산포해양,https://blog.naver.com/wj-story/221466807198,설 구정에 어머니와 함께 성산포 성당 광치기해변 제주해양동물박물관 겨울 유채꽃 2월 제주
D***6,척산온천,201910**,M,5,"교직 (교사, 유치원교사, 학원강사)",700~799만원,예    ,자녀 있음 ,단독주택,서울,강동구,고덕2동,"MPV (카니발, 올란도, 피카소급, 오딧세이 등)",기타,SKT,척산온천,https://m.blog.naver.com/rnara/221478732030,속초 숙소 척산온천휴양촌
D***3,삼척해수욕장,201910**,M,4,"사무직 (일반사무직, 공무원, 직업군인)",400~499만원,아니오,          ,연립주택/ 다세대/ 빌라,경기,남양주시,별내면,"중형SUV (싼타페, 쏘렌토, 캡티바, BMW X3급 등)",LG,LG U+,삼척해수욕장,https://m.blog.naver.com/funny0820/221599410365,삼척여행 Part1삼척 하얀낭만펜션일미어담삼척해변
D***4,보덕사 ,201910**,F,4,,,      ,          ,,경기,용인시 수지구,풍덕천2동,,,,보덕사 ,http://m.blog.daum.net/_blog/_m/articleView.do?blogid=03bMR&articleno=15961077,보덕사 예산
D***3,알펜시아,201910**,M,2,"생산/노무직 (생산감독, 경비원, 공장근로자)",200~299만원,아니오,          ,기타 ,대전,유성구,송강동,,삼성,SKT,알펜시아,https://blog.naver.com/asdffggg2/221648164694,강원도여행 평창 알펜시아 홀리데이인스위트 투베드룸과 오션700 워터파크
D***0,만남의광장,201910**,F,4,"사무직 (일반사무직, 공무원, 직업군인)",500~599만원,예    ,자녀 있음 ,아파트/ 주상복합,경기,광주시,회덕동,"중형차 (쏘나타, K5, 말리부, 골프급 등)",삼성,SKT,만남의광장,https://m.post.naver.com/viewer/postView.nhn?volumeNo=25975952&memberNo=7250666&vType=VERTICAL,하남 드림 휴게소만남의광장에 수소충전소 오픈
D***0,화진포,201910**,M,4,"사무직 (일반사무직, 공무원, 직업군인)",300~399만원,아니오,          ,아파트/ 주상복합,경기,구리시,갈매동,"중형차 (쏘나타, K5, 말리부, 골프급 등)",삼성,SKT,화진포,https://m.blog.naver.com/94040882/221716020914,강원도 고성 여행  화진포 신서유기에도 나왔네요
D***5,아산온천,201910**,M,2,"기능직 (자동차정비, 운전기사, 안경사, 택시기사)",400~499만원,아니오,          ,오피스텔,강원,원주시,문막읍,"소형차 (액센트, 프라이드, 아베오, 피아트급 등)",LG,알뜰폰(MVNO),아산온천,https://m.blog.naver.com/bucketlist79/221721363500,아산온천 당일치기 겨울여행 아산스파비스캠마녀의 나댕김 20191124
D***7,벽계,201910**,M,5,"전문직 (의사, 판검사, 예술가, 종교인)",400~499만원,예    ,자녀 있음 ,아파트/ 주상복합,부산,남구,용호동,,삼성,SKT,벽계,https://m.blog.naver.com/uiryeonginfo/221691105047,벽계야영장은 새단장 중
D***4,문수사,201910**,M,3,"농/축/광/수산업 (축산, 낙농업, 수산, 임업, 광업)",200~299만원,아니오,          ,아파트/ 주상복합,경기,용인시 수지구,죽전동,,애플,KT,문수사,http://m.blog.daum.net/_blog/_m/articleView.do?blogid=0qXA2&articleno=504,고창 청량산 문수사
D***2,속리산레저,201910**,M,5,"농/축/광/수산업 (축산, 낙농업, 수산, 임업, 광업)",200~299만원,예    ,자녀 있음 ,단독주택,충남,예산군,대흥면,"준중형차 (아반떼, K3, 크루즈, 제타급 등)",LG,KT,속리산레저,https://m.blog.naver.com/asancriti/221541893523,보은속리산 솔향공원 도깨비공원의 사람들
D***7,거제 남부,201910**,F,4,"주부 (전업주부, 파트타임 근무 주부)",200~299만원,예    ,자녀 있음 ,아파트/ 주상복합,제주,서귀포시,서호동,,삼성,LG U+,거제 남부,https://blog.naver.com/rowon98/221488555544,거제 남부 해변길 걷기함목다대다포천장산여차여차홍포전망대홍포대포근포근포마을명사저구항
D***1,강화종합리조트,201910**,F,4,"사무직 (일반사무직, 공무원, 직업군인)",400~499만원,예    ,자녀 있음 ,단독주택,대구,중구,대봉2동,기타 (승합차/트럭/화물차/기타 차량 등),삼성,LG U+,강화종합리조트,https://ghssghss.blog.me/221526256903,강화 길상면  강화씨사이드리조트강화도루지
D***7,팜파스종합휴양,201910**,M,2,무직,100만원 미만,아니오,          ,연립주택/ 다세대/ 빌라,울산,동구,방어동,,LG,KT,팜파스종합휴양,https://blog.naver.com/hriver21/221092893072,팜파스종합휴양관광단지
D***2,율포해수욕장,201910**,F,5,"주부 (전업주부, 파트타임 근무 주부)",300~399만원,예    ,자녀 있음 ,아파트/ 주상복합,경기,고양시 일산동구,풍동,,삼성,LG U+,율포해수욕장,https://m.blog.naver.com/day31479/221486986413,전라도1박2일여행여수낭만포차 율포해수욕장 광한루원
D***3,마금산온천,201910**,M,2,"전문직 (의사, 판검사, 예술가, 종교인)","1,000만원 이상",아니오,          ,단독주택,인천,동구,송림3동,,삼성,LG U+,마금산온천,https://m.blog.naver.com/peanut_s_/221707257988,창원북면 마금산온천호텔 창원 온천 호텔 추천 리앤호텔  풀빌라 318호 후기
D***9,직지사,201910**,M,5,,,      ,          ,,서울,강남구,개포동,,삼성,SKT,직지사,https://m.blog.naver.com/promise065/221702745601,김천 직지사  템플스테이 1박2일
D***4,한국차소리문화공원,201910**,F,5,,,      ,          ,,서울,은평구,역촌동,,,,한국차소리문화공원,https://m.blog.naver.com/peri26100/220924962670,보성여행 보성차밭빛축제  한국차소리문화공원
D***5,태종대,201910**,M,3,"사무직 (일반사무직, 공무원, 직업군인)",500~599만원,예    ,자녀 없음 ,연립주택/ 다세대/ 빌라,서울,강동구,성내3동,"소형차 (액센트, 프라이드, 아베오, 피아트급 등)",LG,LG U+,태종대,https://blog.naver.com/lovely_fat/221718153043,부산 해동용궁사와 태종대로 효도관광
D***7,방화동,201910**,M,2,"기능직 (자동차정비, 운전기사, 안경사, 택시기사)",200~299만원,아니오,          ,연립주택/ 다세대/ 빌라,부산,기장군,정관면,,기타,알뜰폰(MVNO),방화동,https://m.kin.naver.com/mobile/qna/detail.nhn?d1id=12&dirId=12011808&docId=335879922&qb=67Cp7ZmU64+Z&enc=utf8&section=kin.ext&rank=2&search_sort=0&spq=0,서울시 방화동에 건물을 지으려고 하는
D***8,신륵사,201910**,F,4,무직,100~199만원,아니오,          ,아파트/ 주상복합,서울,강동구,천호1동,,삼성,KT,신륵사,https://jbm993.blog.me/221521860991,여주 가볼만한곳 색색의 연등이 예쁜 신륵사
D***6,화암사,201910**,M,4,"교직 (교사, 유치원교사, 학원강사)","1,000만원 이상",예    ,자녀 있음 ,아파트/ 주상복합,경북,경주시,현곡면,"경차 (모닝, 스파크 등)",삼성,LG U+,화암사,https://m.blog.naver.com/happykids70/221674944427,화암사 숲길 신선대에서 바라보는 울산바위
D***4,대승사,201910**,M,3,"사무직 (일반사무직, 공무원, 직업군인)",800~899만원,아니오,          ,오피스텔,서울,강서구,화곡4동,"소형차 (액센트, 프라이드, 아베오, 피아트급 등)",삼성,KT,대승사,https://m.blog.naver.com/5490ljy/221703776913,문경 사불산 대승사
D***2,마곡온천,201910**,M,2,,,      ,          ,,인천,계양구,계산1동,,,,마곡온천,https://m.blog.naver.com/coco_8600/221653876224,강화도 여행 마곡 맛집  동천  석모도미네랄온천
D***4,김천온천,201910**,M,5,,,      ,          ,,경기,고양시 덕양구,화정동,,,,김천온천,https://blog.naver.com/ejuinn69/221452242406,찜질방 데이트 김천 구미 대구 근처 온천숯가마 찜질방  성주 스파랜드u
D***5,내설악 용대,201910**,M,4,,,      ,          ,,인천,남동구,구월동,,,,내설악 용대,https://m.blog.naver.com/hoilsanta/221548303837,Jule105 봉정암  강원 인제 용대 내설악11530 월 맑음
D***8,장사해수욕장,201910**,M,3,,,      ,          ,,인천,서구,가정3동,,,,장사해수욕장,https://m.blog.naver.com/baroseog/221707787194,영덕 장사해수욕장 장사상륙작전 전승기념관 구경
D***4,문장대온천,201910**,M,4,"생산/노무직 (생산감독, 경비원, 공장근로자)",400~499만원,예    ,자녀 있음 ,아파트/ 주상복합,대전,동구,낭월동,"준대형차 (그랜저, K7, 알페온, 캠리급, 파사트급 등)",삼성,SKT,문장대온천,http://m.blog.daum.net/_blog/_m/articleView.do?blogid=0F0kb&articleno=8780597,문장대온천개발 온천지구 지정 사실상 백지화 가능성 커
D***0,해남사,201910**,M,5,무직,100~199만원,예    ,자녀 있음 ,단독주택,제주,제주시,조천읍,,삼성,KT,해남사,https://m.blog.naver.com/lyhlsrn/221626646930,해남사 양대응 스님
D***7,지장사,201910**,F,4,"전문직 (의사, 판검사, 예술가, 종교인)",700~799만원,아니오,          ,연립주택/ 다세대/ 빌라,경기,이천시,부발읍,"소형차 (액센트, 프라이드, 아베오, 피아트급 등)",삼성,SKT,지장사,https://m.blog.naver.com/asforlove/221709499900,방탄소년단 정국 지장사 직원분이 알려준 꾹이 비하인드스토리
D***7,간월도,201910**,F,4,"전문직 (의사, 판검사, 예술가, 종교인)",700~799만원,아니오,          ,연립주택/ 다세대/ 빌라,경기,이천시,부발읍,"소형차 (액센트, 프라이드, 아베오, 피아트급 등)",삼성,SKT,지장사,https://m.blog.naver.com/jjun0712/221712063671,서산 간월도 간월암 다녀왔어요
D***2,망상,201910**,M,4,"사무직 (일반사무직, 공무원, 직업군인)",600~699만원,예    ,자녀 있음 ,아파트/ 주상복합,경기,김포시,운양동,,애플,LG U+,망상,https://m.blog.naver.com/kkoshooo/221596336418,강원 동해 망상오토캠핑장
D***0,청량사,201910**,M,5,"전문직 (의사, 판검사, 예술가, 종교인)",300~399만원,아니오,          ,아파트/ 주상복합,서울,용산구,이촌1동,,삼성,LG U+,청량사,https://m.blog.naver.com/iloveknp/221699419985,가야산국립공원남산제일봉 청량사 원점회귀 등산코스
D***3,증평 에듀팜 특구,201910**,F,2,무직,100만원 미만,아니오,          ,오피스텔,경기,성남시 중원구,성남동,,LG,KT,증평 에듀팜 특구,https://blog.naver.com/wwwjpgokr/221592218844,SNS기자단 기고 해외 관광객도 즐길 충북의 명소 증평 에듀팜 관광특구
D***,부곡온천,201910**,M,4,,,      ,          ,,서울,영등포구,문래동3가,,,,부곡온천,https://m.blog.naver.com/cngblog/221721865027,하반기 HOT 생생 부곡온천 라이브공연 12회차
D***,만남의광장,201910**,M,3,,,      ,          ,,서울,동대문구,장안동,,,,만남의광장,https://m.post.naver.com/viewer/postView.nhn?volumeNo=25975952&memberNo=7250666&vType=VERTICAL,하남 드림 휴게소만남의광장에 수소충전소 오픈
D***,청학사,201910**,M,4,"사무직 (일반사무직, 공무원, 직업군인)",400~499만원,예    ,자녀 있음 ,아파트/ 주상복합,서울,송파구,장지동,"준중형차 (아반떼, K3, 크루즈, 제타급 등)",기타,SKT,청학사,https://m.blog.naver.com/yeonsulife/221652152813,SNS 서포터즈 연수구 사찰 여행 호불사와 청학사 가을 산책
D***,송정,201910**,M,4,,,      ,          ,,경기,의왕시,내손동,,,,송정,https://m.blog.naver.com/lys9783/221711436037,부산 송정 맛집 알찬 전복영양밥 한그릇
D***,벽골제,201910**,M,4,"기능직 (자동차정비, 운전기사, 안경사, 택시기사)",200~299만원,예    ,자녀 있음 ,아파트/ 주상복합,부산,남구,용호4동,"준중형차 (아반떼, K3, 크루즈, 제타급 등)",삼성,SKT,벽골제,https://m.blog.naver.com/robyn27/221649036302,놀거리가 가득한 곳  김제 벽골제
D***,남원,201910**,F,2,,,      ,          ,,경기,수원시 영통구,매탄4동,,,,남원,https://m.blog.naver.com/lesu0/221715390631,국내여행  남원숙소 너무 좋았던 에어비앤비 수곡당
D***,어답산,201910**,M,3,,,      ,          ,,경기,양주시,덕정동,,,,어답산,https://m.blog.naver.com/iiijjjiiijjj/221600282946,20190728일 횡성 어답산횡성온천선바위장송어답산 장군봉병지방계곡
D***,우수영,201910**,F,3,"생산/노무직 (생산감독, 경비원, 공장근로자)",400~499만원,예    ,자녀 있음 ,연립주택/ 다세대/ 빌라,경기,포천시,설운동,"준중형SUV (투싼, 스포티지, QM5, 티구안급 등)",삼성,LG U+,우수영,https://m.blog.naver.com/hp0210/221703457436,전라도 가볼만한곳 진도타워  우수영국민관광지 명량대첩기념관
D***,원주 오크밸리,201910**,M,3,,,      ,          ,,경기,시흥시,신천동,,,,원주 오크밸리,https://blog.naver.com/orionbt/221694093685,원주 오크밸리 카라반 여행  야간산책 소나타 오브 라이트
D***,제주남원,201910**,F,4,,,      ,          ,,서울,영등포구,신길3동,,,,제주남원,https://m.blog.naver.com/since080515/221648773649,최고라고 말하고싶은 제주 남원 맛집
D***,서포리,201910**,F,2,무직,100만원 미만,아니오,          ,아파트/ 주상복합,서울,동작구,노량진1동,,애플,KT,서포리,https://blog.naver.com/zeroheart73/221561164544,덕적도 서포리해변 백패킹511  512
D***,용호씨사이드,201910**,F,4,,,      ,          ,,충남,연기군,금남면,,,,용호씨사이드,http://www.kookje.co.kr/news2011/asp/newsbody.asp?code=0200&key=20171123.22001010675,부산 용호동 씨사이드 분쟁 부산시 관광지 취소 경고
D***,산정호수,201910**,M,2,,,      ,          ,,경기,성남시 분당구,구미동,,,,산정호수,https://tcacyc.blog.me/221725616480,포천 산정호수 둘레길을 걸으며
D***,경주 보문,201910**,M,2,,,      ,          ,,경기,성남시 분당구,구미동,,,,산정호수,https://blog.naver.com/asas0957/221701086136,경주 단풍 보문단지 산책 with 무지개
D***,곡성도림사,201910**,M,4,,,      ,          ,,전남,무안군,무안읍,,,,곡성도림사,https://m.blog.naver.com/aboutclaire/221562777372,곡성 여행 도림사 카페 씨엘로
D***,연등사,201910**,M,3,,,      ,          ,,경기,용인시 기흥구,서천동,,,,연등사,https://m.blog.naver.com/buddhafind/221475602259,연등사경북 봉화군 석포면
D***,방화동,201910**,F,5,"주부 (전업주부, 파트타임 근무 주부)",200~299만원,예    ,자녀 있음 ,아파트/ 주상복합,서울,동대문구,장안2동,,LG,SKT,방화동,https://m.kin.naver.com/mobile/qna/detail.nhn?d1id=12&dirId=12011808&docId=335879922&qb=67Cp7ZmU64+Z&enc=utf8&section=kin.ext&rank=2&search_sort=0&spq=0,서울시 방화동에 건물을 지으려고 하는
D***,웰리힐리파크,201910**,M,2,,,      ,          ,,부산,남구,감만2동,,,,웰리힐리파크,https://blog.naver.com/missjoon/221716441790,웰리힐리파크 리프트권 및 록키스키 알파인 스키강습
D***,약수암,201910**,M,2,,,      ,          ,,서울,성동구,사근동,,,,약수암,https://m.blog.naver.com/jcjkks/221642522935,도당산시사재 대광사 약수암
D***,제주헬스케어타운,201910**,F,5,,,      ,          ,,서울,서대문구,홍제1동,,,,제주헬스케어타운,https://blog.naver.com/solguji/221651290398,추석제주여행  헬스케어타운리조트  한림칼국수  카페라이슬라
D***,신정호,201910**,M,4,,,      ,          ,,대전,서구,만년동,,,,신정호,https://m.blog.naver.com/jsn920/221550735561,아산여행신정호 호수공원 전망좋은카페산책 아산 가볼만한곳
D***,함덕해안,201910**,M,2,,,      ,          ,,경기,고양시 덕양구,도내동,,,,함덕해안,https://m.blog.naver.com/33fanta/221648550419,제주 바다가 보이는 카페제주도 조천함덕해안도로 바람과바다
D***,오목내,201910**,M,5,,,      ,          ,,강원,강릉시,포남2동,,,,오목내,https://m.blog.naver.com/skrkddlsgp/221721630990,진주 판문동 맛집 오목내 솔직후기
D***,제주여성테마파크,201910**,M,2,,,      ,          ,,경기,시흥시,거모동,,,,제주여성테마파크,https://m.blog.naver.com/kkengzz/221705309627,제주아이들과가볼만한곳 서프라이즈테마파크
D***,운일암반일암,201910**,M,4,,,      ,          ,,대구,북구,구암동,,,,운일암반일암,https://m.blog.naver.com/overroad89/221700138547,전북 가볼만한곳  진안 운일암 반일암 산책
D***,마니산,201910**,M,4,,,      ,          ,,경기,고양시 일산서구,탄현동,,,,마니산,https://blog.naver.com/jipangdosa/221613683019,한국명산 031 강화도 마니산 등산기
D***,제주헬스케어타운,201910**,F,4,"주부 (전업주부, 파트타임 근무 주부)",400~499만원,예    ,자녀 있음 ,아파트/ 주상복합,경기,성남시 분당구,분당동,"준대형차 (그랜저, K7, 알페온, 캠리급, 파사트급 등)",삼성,LG U+,제주헬스케어타운,https://blog.naver.com/solguji/221651290398,추석제주여행  헬스케어타운리조트  한림칼국수  카페라이슬라
D***,수타사,201910**,F,2,,,      ,          ,,경기,광명시,광명7동,,,,수타사,https://m.blog.naver.com/sul_hwa/221684137467,홍천 은행나무숲과 수타사 강원도 가볼만한곳
D***,임진각,201910**,F,4,,,      ,          ,,경기,용인시 기흥구,서천동,,,,임진각,https://blog.naver.com/lalla282/221708724445,파주관광지추천 아이들과 갈만한곳 임진각 평화누리공원
D***,능암온천,201910**,M,5,"전문직 (의사, 판검사, 예술가, 종교인)",500~599만원,예    ,자녀 있음 ,아파트/ 주상복합,인천,남구,관교동,"중형차 (쏘나타, K5, 말리부, 골프급 등)",삼성,SKT,능암온천,https://m.blog.naver.com/kr_chungju/221572663341,충주 가볼만 한 곳  능암온천랜드
D***,금강호,201910**,F,3,"주부 (전업주부, 파트타임 근무 주부)",200~299만원,예    ,자녀 없음 ,연립주택/ 다세대/ 빌라,서울,강서구,화곡본동,"경차 (모닝, 스파크 등)",삼성,LG U+,금강호,https://m.news.naver.com/rankingRead.nhn?oid=421&aid=0004270533&ntype=RANKING&rc=N,김정은이 싹 들어내라는 해금강호텔 통째 끌고오면 돼
D***,사선대,201910**,F,2,기타 ,300~399만원,아니오,          ,아파트/ 주상복합,경기,부천시 원미구,상동,,LG,LG U+,사선대,https://m.blog.naver.com/jbgokr/221566547422,선녀들도 반한 국민 관광지 임실 사선대  임실 나들이 명소
D***,묘산봉,201910**,M,5,,,      ,          ,,충남,천안시 서북구,쌍용2동,,,,묘산봉,https://m.blog.naver.com/kohj007/221598565809,제주시 구좌읍 김녕리 묘산봉 일대 농어촌도로 확장
D***,남당,201910**,M,3,"사무직 (일반사무직, 공무원, 직업군인)",600~699만원,아니오,          ,연립주택/ 다세대/ 빌라,서울,구로구,개봉동,"준중형차 (아반떼, K3, 크루즈, 제타급 등)",삼성,KT,남당,https://m.blog.naver.com/wodhks0389/221723046008,1130 남당피싱 워너비호 먼바다 우럭 낚시체험 인건가
D***,제주 중문,201910**,M,2,,,      ,          ,,경기,용인시 처인구,운학동,,,,제주 중문,https://blog.naver.com/artless1004/221708894020,행복했던 밥상 제주 중문 맛집
D***,구문소,201910**,F,5,"사무직 (일반사무직, 공무원, 직업군인)",300~399만원,예    ,자녀 있음 ,아파트/ 주상복합,대전,중구,문화1동,"준중형차 (아반떼, K3, 크루즈, 제타급 등)",삼성,SKT,구문소,http://m.blog.daum.net/_blog/_m/articleView.do?blogid=05TrK&articleno=15963487,억년의 세월이 빚은 비경 태백팔경 구문소
D***,영암바둑테마파크,201910**,M,4,,,      ,          ,,서울,강서구,공항동,,,,영암바둑테마파크,https://m.blog.naver.com/ashim1/221266017832,영암 가볼만한곳  월출산 기찬랜드 가야금산조 테마공원
D***,부석사,201910**,M,2,,,      ,          ,,인천,부평구,부평1동,,,,부석사,https://m.blog.naver.com/ekswldkvkxm2/221710948020,경북가볼만한곳 영주 부석사
D***,태종대,201910**,F,4,"주부 (전업주부, 파트타임 근무 주부)",200~299만원,예    ,자녀 없음 ,단독주택,경기,고양시 일산동구,장항동,"소형SUV/CUV (티볼리, QM3 등)",삼성,SKT,태종대,https://blog.naver.com/lovely_fat/221718153043,부산 해동용궁사와 태종대로 효도관광
D***,거가대교,201910**,M,3,,,      ,          ,,서울,서초구,방배동,,,,거가대교,https://m.blog.naver.com/ohyea95/221553123462,가덕도 가볼 만한 곳 연대봉 세계 최대 수심 해저터널 거가대교
D***,안동하회,201910**,F,3,,,      ,          ,,경남,김해시,장유면,,,,안동하회,https://m.blog.naver.com/1004rahee/221715786295,안동하회마을 무료공연 하회별신굿탈놀이 부용대
D***,태조산,201910**,F,2,,,      ,          ,,경기,의정부시,녹양동,,,,태조산,https://m.blog.naver.com/ohs1443/221659948848,천안 태조산421m  흑성산519m
D***,회상나루,201910**,M,3,,,      ,          ,,부산,금정구,노포동,,,,회상나루,https://m.blog.naver.com/easagol/221179750285,회상나루 객주촌
D***,맹방,201910**,F,3,"사무직 (일반사무직, 공무원, 직업군인)",200~299만원,아니오,          ,아파트/ 주상복합,경기,수원시 영통구,영통2동,"준중형차 (아반떼, K3, 크루즈, 제타급 등)",LG,LG U+,맹방,https://m.blog.naver.com/brad42/221596457277,강원도 삼척 맹방해수욕장 당일치기 여행
D***,무창포해수욕장,201910**,M,3,"기능직 (자동차정비, 운전기사, 안경사, 택시기사)",300~399만원,아니오,          ,단독주택,부산,서구,동대신동2가,,삼성,SKT,무창포해수욕장,https://m.blog.naver.com/kaisr2/221674209424,보령 대천해수욕장과 무창포 해변
D***,후곡약수터,201910**,M,4,,,      ,          ,,서울,중랑구,망우3동,,,,후곡약수터,http://m.blog.daum.net/_blog/_m/articleView.do?blogid=09IWl&articleno=16152920,후곡 약수터
D***,금월봉,201910**,M,4,,,      ,          ,,서울,강동구,상일동,,,,금월봉,https://m.blog.naver.com/tarantium82/221696743035,제천1박2일2일차동산분식 덩실분식 제천청풍호모노레일 비봉산전망대 청풍호반케이블카 금월봉석갈비
D***,유현문화,201910**,M,2,,,      ,          ,,서울,강서구,내발산동,,,,유현문화,https://m.blog.naver.com/airbag1/221682877565,횡성여행 횡성호수길 5구간 국순당 유현문화관광지 풍수원성당
D***,안동문화,201910**,M,2,,,      ,          ,,서울,강서구,내발산동,,,,유현문화,https://blog.naver.com/jomkkange/221718101147,191125 1박 2일 안동 여행  세계문화유산 도산서원
D***,구문소,201910**,M,3,"사무직 (일반사무직, 공무원, 직업군인)",200~299만원,예    ,자녀 있음 ,아파트/ 주상복합,경기,의정부시,용현동,"준중형차 (아반떼, K3, 크루즈, 제타급 등)",삼성,SKT,구문소,http://m.blog.daum.net/_blog/_m/articleView.do?blogid=05TrK&articleno=15963487,억년의 세월이 빚은 비경 태백팔경 구문소
D***,프로젝트 ECO,201910**,F,3,,,      ,          ,,충남,천안시 서북구,백석동,,,,프로젝트 ECO,https://humanvillage.blog.me/221713044677,애월 봉성리 프로젝트ECO조성사업
D***,알펜시아,201910**,F,2,무직,400~499만원,아니오,          ,단독주택,서울,강북구,송천동,,삼성,LG U+,알펜시아,https://blog.naver.com/asdffggg2/221648164694,강원도여행 평창 알펜시아 홀리데이인스위트 투베드룸과 오션700 워터파크
D***1,나주호,201910**,F,3,"자영업 (도소매업, 숙박업, 미용업)",500~599만원,아니오,          ,아파트/ 주상복합,경기,광명시,소하2동,"중형차 (쏘나타, K5, 말리부, 골프급 등)",삼성,SKT,나주호,https://m.blog.naver.com/somangheso/221602510603,하늘이 내린 선물 나주호 반영
D***6,홍길동테마파크,201910**,M,4,,,      ,          ,,경기,용인시 수지구,풍덕천동,,,,홍길동테마파크,https://m.blog.naver.com/hhs653409/221664061938,장성 홍길동 테마파크 반가운 지인들과의 카라반 캠핑
D***1,직지사,201910**,M,2,"사무직 (일반사무직, 공무원, 직업군인)",200~299만원,아니오,          ,아파트/ 주상복합,광주,광산구,소촌동,"준중형차 (아반떼, K3, 크루즈, 제타급 등)",삼성,SKT,직지사,https://m.blog.naver.com/promise065/221702745601,김천 직지사  템플스테이 1박2일
D***5,정남진우산도,201910**,M,3,무직,100만원 미만,아니오,          ,단독주택,충남,태안군,태안읍,,LG,SKT,정남진우산도,https://m.blog.naver.com/hankookceo/220778906265,정남진 장흥 물 축제 여행 정남진 전망대 위대한 영웅 안중근을 만나다
D***9,왜목마을,201910**,M,5,,,      ,          ,,부산,연제구,거제1동,,,,왜목마을,https://m.blog.naver.com/rrhcdldi/221709687950,당진당일치기 3 왜목마을 해수욕장 산책 잠깐 들리기 좋은 코스
D***6,흥룡사,201910**,M,5,,,      ,          ,,대구,달서구,월성동,,,,흥룡사,https://m.blog.naver.com/ddungddy9073/221281506814,포천여행 백운산 자락에 있는 흑룡사
D***9,예안현,201910**,F,4,"전문직 (의사, 판검사, 예술가, 종교인)",300~399만원,아니오,          ,오피스텔,경기,고양시 일산동구,백석2동,"준중형차 (아반떼, K3, 크루즈, 제타급 등)",삼성,SKT,예안현,https://m.blog.naver.com/misulmun49/221513555388,조식 유두류산록 이황
D***5,경주 감포,201910**,F,2,,,      ,          ,,부산,사하구,괴정4동,,,,경주 감포,https://blog.naver.com/daisykim1987/221485776355,감포팬션바닷가가 한눈에 보이는 경주 팬션
D***0,회산연꽃방죽,201910**,M,5,,,      ,          ,,인천,남동구,서창동,,,,골드힐카운티리조트,https://m.blog.naver.com/yunm2530/221565757481,일로읍 회산연꽃방죽이야기회산백련지연꽃나들이목포꽃집목포꽃배달 남악꽃배달 일로꽃배달무안꽃배달
D***0,골드힐카운티리조트,201910**,M,5,,,      ,          ,,인천,남동구,서창동,,,,골드힐카운티리조트,https://www.yna.co.kr/view/PYH20190609095000063?input=1196m,천안 골드힐카운티리조트 관광단지 기공식  연합뉴스
D***4,왜목마을,201910**,M,3,"사무직 (일반사무직, 공무원, 직업군인)",300~399만원,예    ,자녀 있음 ,연립주택/ 다세대/ 빌라,서울,양천구,신정4동,"중형차 (쏘나타, K5, 말리부, 골프급 등)",삼성,SKT,왜목마을,https://m.blog.naver.com/rrhcdldi/221709687950,당진당일치기 3 왜목마을 해수욕장 산책 잠깐 들리기 좋은 코스
D***1,금월봉,201910**,F,4,"주부 (전업주부, 파트타임 근무 주부)","1,000만원 이상",예    ,자녀 있음 ,아파트/ 주상복합,경기,안양시 동안구,평촌동,"준중형차 (아반떼, K3, 크루즈, 제타급 등)",애플,SKT,금월봉,https://m.blog.naver.com/tarantium82/221696743035,제천1박2일2일차동산분식 덩실분식 제천청풍호모노레일 비봉산전망대 청풍호반케이블카 금월봉석갈비
D***7,애월국제문화복합단지,201910**,F,5,"판매직 (상점점원, 보험설계사, 노점상)",100~199만원,예    ,자녀 있음 ,아파트/ 주상복합,인천,남동구,논현동,"경차 (모닝, 스파크 등)",삼성,SKT,애월국제문화복합단지,https://blog.naver.com/bigfish3/221486552408,제주도 땅 투자애월 국제문화복합단지 진척상황
D***0,안성 죽산,201910**,F,2,,,      ,          ,,경기,광명시,광명4동,,,,안성 죽산,https://blog.naver.com/pcn1970/221720348259,2019 안성 죽산 문화재 야행 이야기
D***3,팔봉산,201910**,M,2,,,      ,          ,,대전,서구,갈마2동,,,,팔봉산,https://m.blog.naver.com/cm0917/221711580256,191117 홍천 팔봉산 블랙야크100대명산 산림청100대명산 한국의산하인기100산
D***4,청룡사,201910**,F,5,"사무직 (일반사무직, 공무원, 직업군인)",600~699만원,예    ,자녀 있음 ,연립주택/ 다세대/ 빌라,서울,동대문구,전농동,"중형SUV (싼타페, 쏘렌토, 캡티바, BMW X3급 등)",삼성,KT,청룡사,https://m.blog.naver.com/ykan7/221713770267,191119 안성 서운산 산행청룡사주차장청룡사정상 왕복코스 끝물 단풍 감상하기
D***4,기장도예촌,201910**,F,5,"사무직 (일반사무직, 공무원, 직업군인)",600~699만원,예    ,자녀 있음 ,연립주택/ 다세대/ 빌라,서울,동대문구,전농동,"중형SUV (싼타페, 쏘렌토, 캡티바, BMW X3급 등)",삼성,KT,청룡사,https://blog.naver.com/pjhi0523/221704174358,카라반캠핑기장도예촌
D***9,비슬산,201910**,F,2,,,      ,          ,,충남,천안시 동남구,신방동,,,,비슬산,http://blog.daum.net/tourcodi/8129744,대구 달성군 관광 비슬산 암괴류 대견사 참꽃군락지 반딧불이 전기차 달성 여행
D***5,골드힐카운티리조트,201910**,M,2,,,      ,          ,,서울,강남구,개포1동,,,,골드힐카운티리조트,https://www.yna.co.kr/view/PYH20190609095000063?input=1196m,천안 골드힐카운티리조트 관광단지 기공식  연합뉴스
D***5,울산 강동,201910**,M,2,"학생 (초중고학생, 대학생, 대학원생)",300~399만원,아니오,          ,기타 ,서울,관악구,낙성대동,,LG,SKT,울산 강동,https://blog.naver.com/usbukgu/221725467902,울산 강동 화암 주상절리 예술작품 같은 일출
D***5,한탄강,201910**,M,2,"학생 (초중고학생, 대학생, 대학원생)",300~399만원,아니오,          ,기타 ,서울,관악구,낙성대동,,LG,SKT,울산 강동,http://nanazip.com/221721990837,철원 카페  송대소 주상절리 한탄강을 배경으로 커피한잔에 빠져보는 모닝캄빌리지 펜션  카페
D***0,성기동,201910**,F,5,,,      ,          ,,서울,동대문구,장안2동,,,,성기동,https://m.blog.naver.com/cakemart/221202346421,영암 왕인박사 유적지   3 성기동 성천
D***7,삼포 문암,201910**,F,5,,,      ,          ,,서울,구로구,개봉동,,,,삼포 문암,https://m.blog.naver.com/heysun62/221545300677,고성  삼포문암진해변 개발
D***9,예안현,201910**,M,4,"사무직 (일반사무직, 공무원, 직업군인)",500~599만원,예    ,자녀 있음 ,아파트/ 주상복합,경기,용인시 수지구,풍덕천2동,"소형SUV/CUV (티볼리, QM3 등)",LG,KT,예안현,https://m.blog.naver.com/misulmun49/221513555388,조식 유두류산록 이황
D***7,무창포해수욕장,201910**,M,4,,,      ,          ,,서울,노원구,월계2동,,,,무창포해수욕장,https://m.blog.naver.com/kaisr2/221674209424,보령 대천해수욕장과 무창포 해변
D***7,오목내,201910**,M,5,,,      ,          ,,대전,서구,둔산2동,,,,오목내,https://m.blog.naver.com/skrkddlsgp/221721630990,진주 판문동 맛집 오목내 솔직후기
D***8,복전암,201910**,F,4,"서비스직 (요식업, 숙박업, 미용실종업원)",200~299만원,아니오,          ,아파트/ 주상복합,전북,익산시,영등동,,삼성,LG U+,청평사,https://m.blog.naver.com/015sign/221552478539,토요산행   보문산
D***8,청평사,201910**,F,4,"서비스직 (요식업, 숙박업, 미용실종업원)",200~299만원,아니오,          ,아파트/ 주상복합,전북,익산시,영등동,,삼성,LG U+,청평사,https://blog.naver.com/dlduddms3469/221681611478,춘천 단풍구경하며 산책겸 등산코스 청평사가는길
D***5,송계사,201910**,M,2,,,      ,          ,,충북,충주시,봉방동,,,,송계사,https://m.blog.naver.com/kimyt9999/221674102000,덕유산 지봉 산행기경남거창 송계사계곡에서 지봉에 올라 횡경재를 거쳐 백암봉까지 달려보자
D***4,경산온천,201910**,M,4,,,      ,          ,,경기,화성시,능동,,,,경산온천,https://m.blog.naver.com/nara4009/221619540380,경산온천상대온천좋아요
D***8,주문진,201910**,M,3,,,      ,          ,,충북,청원군,오창읍,,,,주문진,https://blog.naver.com/crazy_yuri/221713254200,새로웠던 주문진 맛집
D***0,표충사,201910**,F,2,"사무직 (일반사무직, 공무원, 직업군인)",700~799만원,아니오,          ,아파트/ 주상복합,서울,서초구,반포동,"중형차 (쏘나타, K5, 말리부, 골프급 등)",애플,LG U+,표충사,https://m.blog.naver.com/jupan1999/221715055350,표충사 우리아이마음숲놀이터 하루 종일 놀겠다는 아이들
D***1,추암,201910**,M,2,,,      ,          ,,인천,연수구,연수2동,,,,추암,http://m.blog.daum.net/_blog/_m/articleView.do?blogid=0bogl&articleno=936,해파랑길 트레킹 제32코스 한재밑 추암
D***6,벽계,201910**,F,5,"주부 (전업주부, 파트타임 근무 주부)",400~499만원,예    ,자녀 있음 ,아파트/ 주상복합,경기,고양시 일산서구,일산3동,,LG,KT,벽계,https://m.blog.naver.com/uiryeonginfo/221691105047,벽계야영장은 새단장 중
D***0,불갑사,201910**,M,5,"사무직 (일반사무직, 공무원, 직업군인)",500~599만원,예    ,자녀 있음 ,아파트/ 주상복합,서울,마포구,아현동,"준대형차 (그랜저, K7, 알페온, 캠리급, 파사트급 등)",삼성,알뜰폰(MVNO),불갑사,https://m.blog.naver.com/ka8564/221649053161,불갑사 상사화 개화초기 풍경불갑사상사화축제 날에는 만개할듯
D***2,광덕계곡,201910**,F,3,"교직 (교사, 유치원교사, 학원강사)",300~399만원,예    ,자녀 있음 ,연립주택/ 다세대/ 빌라,경기,광주시,오포읍,,삼성,SKT,광덕계곡,https://m.blog.naver.com/hardprince/221676277562,즐거운 와인딩 코스 여우고개  백운계곡  광덕계곡  도마치재 M으로 지지기
D***2,위봉사,201910**,M,2,,,      ,          ,,서울,노원구,공릉2동,,,,위봉사,https://m.blog.naver.com/hansongp/221703341215,한국의 산사 10898 완주 위봉사
D***7,대천해수욕장,201910**,F,2,"학생 (초중고학생, 대학생, 대학원생)",900~999만원,아니오,          ,아파트/ 주상복합,경기,안양시 동안구,부림동,,애플,KT,대천해수욕장,https://m.blog.naver.com/jblee27/221714733376,대천해수욕장 짚라인 타고 스카이라운지에서 커피한잔
D***7,홍천 비발디파크,201910**,F,2,,,      ,          ,,경기,구리시,인창동,,,,홍천 비발디파크,https://blog.naver.com/loveeoni/221717350562,비발디파크 근처 펜션 홍천 힐링하우스 뜨끈한 온돌방 넘나 좋음
D***3,추암,201910**,F,3,무직,200~299만원,아니오,          ,연립주택/ 다세대/ 빌라,서울,영등포구,신길동,,애플,SKT,추암,http://m.blog.daum.net/_blog/_m/articleView.do?blogid=0bogl&articleno=936,해파랑길 트레킹 제32코스 한재밑 추암
D***4,대승사,201910**,M,5,기타 ,200~299만원,예    ,자녀 있음 ,아파트/ 주상복합,경기,군포시,당동,"준대형차 (그랜저, K7, 알페온, 캠리급, 파사트급 등)",삼성,KT,대승사,https://m.blog.naver.com/5490ljy/221703776913,문경 사불산 대승사
D***0,유현문화,201910**,F,4,"사무직 (일반사무직, 공무원, 직업군인)",300~399만원,예    ,자녀 있음 ,연립주택/ 다세대/ 빌라,서울,서대문구,북아현동,,삼성,SKT,유현문화,https://m.blog.naver.com/airbag1/221682877565,횡성여행 횡성호수길 5구간 국순당 유현문화관광지 풍수원성당
D***9,모악산,201910**,M,3,무직,100만원 미만,아니오,          ,연립주택/ 다세대/ 빌라,경기,부천시 원미구,원미1동,,LG,KT,모악산,https://m.blog.naver.com/pshadm/221683408706,100대명산  모악산  84130
D***3,부석사,201910**,F,4,"주부 (전업주부, 파트타임 근무 주부)",500~599만원,예    ,자녀 있음 ,아파트/ 주상복합,경기,성남시 분당구,판교동,,삼성,KT,부석사,https://m.blog.naver.com/ekswldkvkxm2/221710948020,경북가볼만한곳 영주 부석사
D***2,문경온천,201910**,M,2,"학생 (초중고학생, 대학생, 대학원생)",300~399만원,아니오,          ,아파트/ 주상복합,경기,군포시,부곡동,,삼성,SKT,문경온천,https://m.blog.naver.com/j3187654/221564941542,불정자연휴양림 문경온천 여행 
D***3,해남 오시아노,201910**,M,4,,,      ,          ,,인천,남구,문학동,,LG,알뜰폰(MVNO),해남 오시아노,https://blog.naver.com/qud005/221544080363,캠핑장 추천  해남 오시아노 캠핑장
D***5,고씨동굴,201910**,M,2,,,      ,          ,,대구,동구,율하동,,,,고씨동굴,https://m.blog.naver.com/sumjin1002/221621090655,태화산 끝자락 억년의 신비가 숨쉬고 있는 고씨동굴
D***8,천안종합휴향,201910**,M,3,,,      ,          ,,경기,의정부시,호원동,,,,천안종합휴향,https://m.cafe.naver.com/sejongpedal/3371,세종싸이클로드
D***7,합천호,201910**,F,3,"교직 (교사, 유치원교사, 학원강사)",500~599만원,예    ,자녀 있음 ,아파트/ 주상복합,대구,수성구,노변동,"준중형SUV (투싼, 스포티지, QM5, 티구안급 등)",삼성,SKT,합천호,http://m.blog.daum.net/_blog/_m/articleView.do?blogid=0Nnmh&articleno=2256,합천 악견산~의룡산 종주 - 합천호 조망과 천길단애를 경험할 수 있는 산 (대병3산/대병5악/십자바위/악견산성)
D***4,담양호,201910**,M,2,,,      ,          ,,인천,부평구,부개1동,,,,담양호,https://m.blog.naver.com/ka8564/221652276574,담양호 용마루길따라 과녁바위산을 돌아오는 트레킹코스
D***4,미탄마하생태,201910**,M,3,"사무직 (일반사무직, 공무원, 직업군인)",400~499만원,아니오,          ,아파트/ 주상복합,서울,용산구,원효로4가,,,SKT,미탄마하생태,https://m.blog.naver.com/leeewon47/221479158841,대한민국 대표 관광지 강원도 강원도 관광지 현황은
D***1,영탑사,201910**,M,4,,,      ,          ,,전북,전주시 덕진구,덕진동2가,,,,영탑사,https://m.blog.naver.com/elderpine/221667087073,절로절로 우리절 20 당진 영탑사
D***5,광덕계곡,201910**,M,5,"생산/노무직 (생산감독, 경비원, 공장근로자)",100만원 미만,아니오,          ,연립주택/ 다세대/ 빌라,서울,용산구,갈월동,,삼성,알뜰폰(MVNO),광덕계곡,https://m.blog.naver.com/hardprince/221676277562,즐거운 와인딩 코스 여우고개  백운계곡  광덕계곡  도마치재 M으로 지지기
D***3,미륵사지,201910**,F,5,,,      ,          ,,부산,금정구,남산동,,,,미륵사지,https://m.blog.naver.com/jhyang58/221711567421,미륵사지 교도소세트장 보석박물관  익산  전주 여행  1 
D***1,정남진우산도,201910**,M,2,,,      ,          ,,제주,서귀포시,동홍동,,,,정남진우산도,https://m.blog.naver.com/hankookceo/220778906265,정남진 장흥 물 축제 여행 정남진 전망대 위대한 영웅 안중근을 만나다
D***4,개척사,201910**,M,3,,,      ,          ,,인천,부평구,부평4동,,,,개척사,https://m.blog.naver.com/genseoks1/221406743484,미국 개척사에 두드러진 두 청년
D***2,여수 첼린지 파크,201910**,M,4,,,      ,          ,,울산,동구,방어동,,,,여수 첼린지 파크,https://blog.naver.com/okine2086/221595075033,여수 유월드 루지 테마파크 핫플 인정 100만표
D***9,농월정,201910**,M,3,"사무직 (일반사무직, 공무원, 직업군인)",400~499만원,예    ,자녀 없음 ,아파트/ 주상복합,서울,서초구,잠원동,,애플,KT,농월정,https://m.blog.naver.com/roadmoog/221568172575,함양 남계서원 농월정 일두고택
D***9,장사해수욕장,201910**,M,5,"자영업 (도소매업, 숙박업, 미용업)",200~299만원,예    ,자녀 있음 ,아파트/ 주상복합,경기,수원시 장안구,정자동,"준중형차 (아반떼, K3, 크루즈, 제타급 등)",LG,SKT,장사해수욕장,https://m.blog.naver.com/baroseog/221707787194,영덕 장사해수욕장 장사상륙작전 전승기념관 구경
D***2,추암,201910**,F,4,"주부 (전업주부, 파트타임 근무 주부)",600~699만원,예    ,자녀 있음 ,아파트/ 주상복합,서울,강남구,압구정동,"프리미엄 (에쿠스, BMW7급 등)",애플,KT,추암,http://m.blog.daum.net/_blog/_m/articleView.do?blogid=0bogl&articleno=936,해파랑길 트레킹 제32코스 한재밑 추암
D***5,백제가요정읍사,201910**,F,4,"주부 (전업주부, 파트타임 근무 주부)",400~499만원,예    ,자녀 있음 ,아파트/ 주상복합,경기,파주시,야동동,,삼성,KT,백제가요정읍사,https://m.blog.naver.com/japansisa/221583141689,백제의 가요 정읍사 망한가로 새롭게 태어나다
D***8,석정온천,201910**,M,4,"생산/노무직 (생산감독, 경비원, 공장근로자)",100만원 미만,아니오,          ,오피스텔,충남,예산군,예산읍,,삼성,SKT,석정온천,https://m.blog.naver.com/vnqk10/221716226470,고창 힐링카운티 석정온천휴스파
D***4,호미곶,201910**,F,4,"학생 (초중고학생, 대학생, 대학원생)",400~499만원,예    ,자녀 있음 ,오피스텔,인천,부평구,부평5동,"준중형차 (아반떼, K3, 크루즈, 제타급 등)",애플,KT,호미곶,https://m.blog.naver.com/okkmskim/221674686567,포항펜션 두남자와 함께했던 코지스위트펜션 죽도시장호미곶
D***7,아우라지,201910**,F,4,"주부 (전업주부, 파트타임 근무 주부)",600~699만원,예    ,자녀 있음 ,아파트/ 주상복합,경기,고양시 덕양구,동산동,"준대형차 (그랜저, K7, 알페온, 캠리급, 파사트급 등)",삼성,SKT,아우라지,https://m.blog.naver.com/kooni/221672541768,정선 아리랑 시장  물 폭탄 맞은 아우라지
D***8,영산호쌀문화테마공원,201910**,M,5,"사무직 (일반사무직, 공무원, 직업군인)",300~399만원,예    ,자녀 있음 ,아파트/ 주상복합,대구,남구,대명1동,"중형차 (쏘나타, K5, 말리부, 골프급 등)",LG,KT,영산호쌀문화테마공원,https://m.blog.naver.com/ejp8702/221108032274,이천 농업테마공원 쌀문화전시관에서 쌀에 대해 배워봐요
D***8,쌍계사,201910**,M,2,,,      ,          ,,광주,광산구,송정1동,,,,쌍계사,https://m.blog.naver.com/gnfeel/221717628454,경상남도 하동  하동 가볼만한곳 지리산자락으로 가을여행 떠나요 하동 쌍계사
D***9,고래불,201910**,M,2,,,      ,          ,,경기,안산시 단원구,선부3동,,,,고래불,http://m.blog.daum.net/_blog/_m/articleView.do?blogid=0bogl&articleno=923,해파랑길 트레킹 제23코스 고래불 후포항
D***9,장흥,201910**,F,4,무직,300~399만원,아니오,          ,단독주택,충북,제천시,신월동,,LG,KT,장흥,https://blog.naver.com/queen77577/221721828437,서울 근교 장흥 참숯가마 고구마 구워 먹고 놀기 좋아
D***0,보덕사 ,201910**,F,2,,,      ,          ,,,,,,,,보덕사 ,http://m.blog.daum.net/_blog/_m/articleView.do?blogid=03bMR&articleno=15961077,보덕사 예산
D***4,제주용머리,201910**,M,3,"생산/노무직 (생산감독, 경비원, 공장근로자)",100~199만원,아니오,          ,아파트/ 주상복합,서울,성동구,금호동1가,,삼성,알뜰폰(MVNO),제주용머리,http://m.blog.daum.net/_blog/_m/articleView.do?blogid=0b2pw&articleno=2342,제주 용머리해안 맛집 가족 식사엔 카도돈카츠
D***7,문수사,201910**,M,4,무직,200~299만원,아니오,          ,아파트/ 주상복합,경기,부천시 원미구,중1동,"소형차 (액센트, 프라이드, 아베오, 피아트급 등)",삼성,SKT,문수사,http://m.blog.daum.net/_blog/_m/articleView.do?blogid=0qXA2&articleno=504,고창 청량산 문수사
D***0,수옥정,201910**,M,5,"관리직 (사장, 간부, 고위공무원)",400~499만원,예    ,자녀 있음 ,연립주택/ 다세대/ 빌라,서울,은평구,갈현2동,"소형차 (액센트, 프라이드, 아베오, 피아트급 등)",LG,LG U+,수옥정,https://m.blog.naver.com/akekdthkl200/221662955468,수옥정과 수옥폭포   충북괴산여행
D***7,제주헬스케어타운,201910**,M,2,"사무직 (일반사무직, 공무원, 직업군인)",500~599만원,아니오,          ,단독주택,서울,강북구,수유3동,,애플,KT,제주헬스케어타운,https://blog.naver.com/solguji/221651290398,추석제주여행  헬스케어타운리조트  한림칼국수  카페라이슬라
D***2,실상사,201910**,M,5,,,      ,          ,,서울,송파구,가락동,"중형SUV (싼타페, 쏘렌토, 캡티바, BMW X3급 등)",삼성,KT,실상사,https://m.blog.naver.com/bosom86/221711922236,리군의 사찰 에세이 02 남원 실상사
D***8,영암바둑테마파크,201910**,F,2,"학생 (초중고학생, 대학생, 대학원생)",300~399만원,아니오,          ,연립주택/ 다세대/ 빌라,서울,종로구,숭인동,,애플,SKT,영암바둑테마파크,https://m.blog.naver.com/ashim1/221266017832,영암 가볼만한곳  월출산 기찬랜드 가야금산조 테마공원
D***6,웰리힐리파크,201910**,M,2,"학생 (초중고학생, 대학생, 대학원생)",300~399만원,아니오,          ,아파트/ 주상복합,경기,수원시 장안구,조원동,,삼성,SKT,웰리힐리파크,https://blog.naver.com/missjoon/221716441790,웰리힐리파크 리프트권 및 록키스키 알파인 스키강습
D***8,실상사,201910**,M,3,"생산/노무직 (생산감독, 경비원, 공장근로자)",400~499만원,아니오,          ,아파트/ 주상복합,충남,천안시 동남구,신방동,"소형SUV/CUV (티볼리, QM3 등)",삼성,SKT,실상사,https://m.blog.naver.com/bosom86/221711922236,리군의 사찰 에세이 02 남원 실상사
D***8,남원,201910**,M,5,"사무직 (일반사무직, 공무원, 직업군인)",500~599만원,예    ,자녀 있음 ,아파트/ 주상복합,대구,북구,산격2동,"중형SUV (싼타페, 쏘렌토, 캡티바, BMW X3급 등)",삼성,SKT,남원,https://m.blog.naver.com/lesu0/221715390631,국내여행  남원숙소 너무 좋았던 에어비앤비 수곡당
D***3,부곡온천,201910**,F,5,"전문직 (의사, 판검사, 예술가, 종교인)",100~199만원,아니오,          ,아파트/ 주상복합,강원,속초시,조양동,,삼성,SKT,부곡온천,https://m.blog.naver.com/cngblog/221721865027,하반기 HOT 생생 부곡온천 라이브공연 12회차
D***5,북고사,201910**,F,2,"전문직 (의사, 판검사, 예술가, 종교인)",900~999만원,아니오,          ,연립주택/ 다세대/ 빌라,서울,마포구,연남동,"경차 (모닝, 스파크 등)",애플,SKT,북고사,https://m.blog.naver.com/meer1/221709753267,늦가을 무주의 북고사 성지순례
D***7,영탑사,201910**,F,5,"사무직 (일반사무직, 공무원, 직업군인)",400~499만원,예    ,자녀 있음 ,아파트/ 주상복합,경기,고양시 일산서구,탄현동,,삼성,LG U+,영탑사,https://m.blog.naver.com/elderpine/221667087073,절로절로 우리절 20 당진 영탑사
D***0,여수 화양,201910**,M,4,"사무직 (일반사무직, 공무원, 직업군인)",300~399만원,아니오,          ,아파트/ 주상복합,경기,구리시,갈매동,"중형차 (쏘나타, K5, 말리부, 골프급 등)",삼성,SKT,여수 화양,https://hjjnlove4.blog.me/221426880809,여수 맛집 화양식당 장어구이 장어탕
D***4,협재해안,201910**,M,3,"농/축/광/수산업 (축산, 낙농업, 수산, 임업, 광업)",200~299만원,아니오,          ,아파트/ 주상복합,경기,용인시 수지구,죽전동,,애플,KT,협재해안,https://m.blog.naver.com/yhm529/221657268440,나혼자산다수요미식회 맛집 제주 협재해안 수우동
D***4,만남의광장,201910**,F,4,"주부 (전업주부, 파트타임 근무 주부)",100만원 미만,예    ,자녀 있음 ,아파트/ 주상복합,경기,고양시 일산서구,탄현동,"준중형SUV (투싼, 스포티지, QM5, 티구안급 등)",LG,LG U+,만남의광장,https://m.post.naver.com/viewer/postView.nhn?volumeNo=25975952&memberNo=7250666&vType=VERTICAL,하남 드림 휴게소만남의광장에 수소충전소 오픈
D***9,내장산리조트,201910**,M,4,"판매직 (상점점원, 보험설계사, 노점상)",300~399만원,예    ,자녀 있음 ,연립주택/ 다세대/ 빌라,경기,부천시 소사구,괴안동,,삼성,KT,내장산리조트,https://m.blog.naver.com/beet38/221710851873,정읍시 내장산리조트 최대규모 민자유치
D***6,고래불,201910**,F,4,"교직 (교사, 유치원교사, 학원강사)",200~299만원,아니오,          ,아파트/ 주상복합,경기,화성시,향남읍,,애플,KT,고래불,http://m.blog.daum.net/_blog/_m/articleView.do?blogid=0bogl&articleno=923,해파랑길 트레킹 제23코스 고래불 후포항
D***0,일락사,201910**,M,3,"기능직 (자동차정비, 운전기사, 안경사, 택시기사)",500~599만원,아니오,          ,아파트/ 주상복합,경기,성남시 중원구,금광1동,기타 (승합차/트럭/화물차/기타 차량 등),삼성,LG U+,일락사,https://m.blog.naver.com/dado8396/221541480589,일락사개심사서산농장용현계곡퉁퉁고개
D***2,만리포해수욕장,201910**,F,3,"서비스직 (요식업, 숙박업, 미용실종업원)",100~199만원,아니오,          ,오피스텔,인천,중구,중앙동3가,,삼성,KT,청도온천,https://m.blog.naver.com/bb00dd/221721784934,당일치기 태안여행 해미읍성 만리포해수욕장 일몰 까지
D***2,청도온천,201910**,F,3,"서비스직 (요식업, 숙박업, 미용실종업원)",100~199만원,아니오,          ,오피스텔,인천,중구,중앙동3가,,삼성,KT,청도온천,https://m.cafe.naver.com/daegumam2003/187255,청도 온천갑니다용
D***0,마니산,201910**,F,3,무직,100만원 미만,아니오,          ,연립주택/ 다세대/ 빌라,부산,부산진구,개금2동,,LG,LG U+,마니산,https://blog.naver.com/jipangdosa/221613683019,한국명산 031 강화도 마니산 등산기
D***7,모악산,201910**,M,4,"전문직 (의사, 판검사, 예술가, 종교인)",900~999만원,예    ,자녀 있음 ,아파트/ 주상복합,울산,남구,옥동,"대형차 (제너시스, BMW5급 등)",삼성,SKT,모악산,https://m.blog.naver.com/pshadm/221683408706,100대명산  모악산  84130
D***7,왕궁보석테마,201910**,M,4,"전문직 (의사, 판검사, 예술가, 종교인)",900~999만원,예    ,자녀 있음 ,아파트/ 주상복합,울산,남구,옥동,"대형차 (제너시스, BMW5급 등)",삼성,SKT,모악산,https://m.blog.naver.com/hiksanin/221692718933,익산왕궁보석테마관광지 상설공연  체험프로그램
D***3,주왕산,201910**,M,2,"사무직 (일반사무직, 공무원, 직업군인)",600~699만원,아니오,          ,아파트/ 주상복합,서울,영등포구,문래동3가,"준대형차 (그랜저, K7, 알페온, 캠리급, 파사트급 등)",삼성,KT,주왕산,https://m.blog.naver.com/iloveknp/221708366122,주왕산 국립공원 만추의 주왕산 탐방
D***1,홍길동테마파크,201910**,M,4,"사무직 (일반사무직, 공무원, 직업군인)",400~499만원,예    ,자녀 있음 ,아파트/ 주상복합,경기,화성시,반월동,"준중형SUV (투싼, 스포티지, QM5, 티구안급 등)",LG,SKT,홍길동테마파크,https://m.blog.naver.com/hhs653409/221664061938,장성 홍길동 테마파크 반가운 지인들과의 카라반 캠핑
D***3,미숭산,201910**,M,4,,,      ,          ,,경기,수원시 영통구,영통1동,,,,미숭산,https://m.blog.naver.com/gokory/221652921784,고령 여행 숲과 자연을 느끼며 힐링해요 미숭산자연휴양림
D***5,금강하구둑,201910**,F,3,"기능직 (자동차정비, 운전기사, 안경사, 택시기사)",100~199만원,예    ,자녀 없음 ,기타 ,대구,동구,불로동,,삼성,LG U+,금강하구둑,https://m.blog.naver.com/11cap/221590974456,금강자전거길신탄진금강하구둑20190702
D***3,무릉계곡,201910**,M,2,"전문직 (의사, 판검사, 예술가, 종교인)","1,000만원 이상",아니오,          ,단독주택,인천,동구,송림3동,,삼성,LG U+,무릉계곡,http://m.blog.daum.net/_blog/_m/articleView.do?blogid=0W7Ve&articleno=858,단풍따라 흐르는 가을여행 - 6. 무릉계곡 여행
D***4,선바위,201910**,M,3,"사무직 (일반사무직, 공무원, 직업군인)",300~399만원,아니오,          ,연립주택/ 다세대/ 빌라,경기,용인시 기흥구,영덕동,"스포츠 (제네시스 쿠페, BMW M, 벤츠 AMG 등)",삼성,SKT,선바위,https://m.blog.naver.com/7750khj/221702772489,합천 작은가야산  수리봉소바우듬선바위
D***2,모악산,201910**,F,4,"주부 (전업주부, 파트타임 근무 주부)",400~499만원,예    ,자녀 있음 ,연립주택/ 다세대/ 빌라,서울,강남구,삼성2동,"중형차 (쏘나타, K5, 말리부, 골프급 등)",애플,SKT,모악산,https://m.blog.naver.com/pshadm/221683408706,100대명산  모악산  84130
D***8,송정,201910**,M,3,"사무직 (일반사무직, 공무원, 직업군인)",300~399만원,아니오,          ,아파트/ 주상복합,서울,성북구,돈암2동,,애플,SKT,송정,https://m.blog.naver.com/lys9783/221711436037,부산 송정 맛집 알찬 전복영양밥 한그릇
D***8,마니산,201910**,M,4,"사무직 (일반사무직, 공무원, 직업군인)",100~199만원,아니오,          ,연립주택/ 다세대/ 빌라,서울,광진구,구의동,"준중형차 (아반떼, K3, 크루즈, 제타급 등)",삼성,SKT,마니산,https://blog.naver.com/jipangdosa/221613683019,한국명산 031 강화도 마니산 등산기
D***1,김천온천,201910**,M,3,"서비스직 (요식업, 숙박업, 미용실종업원)","1,000만원 이상",아니오,          ,아파트/ 주상복합,서울,동대문구,장안동,,삼성,SKT,김천온천,https://blog.naver.com/ejuinn69/221452242406,찜질방 데이트 김천 구미 대구 근처 온천숯가마 찜질방  성주 스파랜드u
D***3,진관사,201910**,M,3,"판매직 (상점점원, 보험설계사, 노점상)",200~299만원,예    ,자녀 있음 ,아파트/ 주상복합,광주,북구,두암동,"준중형차 (아반떼, K3, 크루즈, 제타급 등)",애플,SKT,진관사,https://m.blog.naver.com/ka8564/221628007626,북한산 등산코스진관사 삼천사 원점코스
D***4,실상사,201910**,M,2,,,      ,          ,,대전,서구,둔산동,,,,실상사,https://m.blog.naver.com/bosom86/221711922236,리군의 사찰 에세이 02 남원 실상사
D***2,나주호,201910**,M,3,"판매직 (상점점원, 보험설계사, 노점상)",200~299만원,예    ,자녀 있음 ,연립주택/ 다세대/ 빌라,서울,광진구,자양4동,,LG,KT,나주호,https://m.blog.naver.com/somangheso/221602510603,하늘이 내린 선물 나주호 반영
D***4,풍기온천,201910**,M,3,"사무직 (일반사무직, 공무원, 직업군인)",800~899만원,아니오,          ,오피스텔,서울,강서구,화곡4동,"소형차 (액센트, 프라이드, 아베오, 피아트급 등)",삼성,KT,풍기온천,https://m.blog.naver.com/sanm308/221569299218,물좋고 공기좋은 소백산풍기온천리조트
D***2,김녕해수욕장,201910**,M,2,"학생 (초중고학생, 대학생, 대학원생)",700~799만원,아니오,          ,기타 ,경기,용인시 수지구,죽전동,,애플,SKT,김녕해수욕장,https://m.blog.naver.com/findjeju/221593221722,제주도 바다 색이 아름다운 김녕해수욕장 물놀이
D***6,강원송지호,201910**,M,3,"사무직 (일반사무직, 공무원, 직업군인)",200~299만원,예    ,자녀 있음 ,아파트/ 주상복합,울산,남구,달동,"준중형차 (아반떼, K3, 크루즈, 제타급 등)",삼성,KT,강원송지호,https://m.blog.naver.com/jhany00/221660903730,송지호 오토캠핑에서 여름휴가를
D***2,미륵사지,201910**,F,4,"주부 (전업주부, 파트타임 근무 주부)",500~599만원,예    ,자녀 있음 ,아파트/ 주상복합,경기,용인시 수지구,상현동,,삼성,SKT,미륵사지,https://m.blog.naver.com/jhyang58/221711567421,미륵사지 교도소세트장 보석박물관  익산  전주 여행  1 
D***7,경주 감포,201910**,M,4,"교직 (교사, 유치원교사, 학원강사)",400~499만원,예    ,자녀 있음 ,아파트/ 주상복합,광주,서구,화정동,"준대형차 (그랜저, K7, 알페온, 캠리급, 파사트급 등)",삼성,KT,경주 감포,https://blog.naver.com/daisykim1987/221485776355,감포팬션바닷가가 한눈에 보이는 경주 팬션
D***4,창원 구산해양,201910**,M,2,"생산/노무직 (생산감독, 경비원, 공장근로자)",700~799만원,아니오,          ,연립주택/ 다세대/ 빌라,경기,부천시 원미구,중2동,"준중형차 (아반떼, K3, 크루즈, 제타급 등)",삼성,KT,창원 구산해양,https://blog.naver.com/a23852/221319178127,창원 마산 외곽 구산카페  통통 오션뷰카페
D***7,아리랑마을,201910**,M,2,"사무직 (일반사무직, 공무원, 직업군인)",300~399만원,예    ,자녀 있음 ,연립주택/ 다세대/ 빌라,울산,북구,상안동,"소형차 (액센트, 프라이드, 아베오, 피아트급 등)",삼성,LG U+,아리랑마을,https://m.blog.naver.com/greenjeonnam/221496932441,국악의 고장 전라남도 진도  국립남도국악원 아리랑 마을
D***7,운암사,201910**,M,2,"사무직 (일반사무직, 공무원, 직업군인)",300~399만원,예    ,자녀 있음 ,연립주택/ 다세대/ 빌라,울산,북구,상안동,"소형차 (액센트, 프라이드, 아베오, 피아트급 등)",삼성,LG U+,아리랑마을,https://m.blog.naver.com/lucky0520/221684590217,비라칸사스와 함께한 광양 운암사
D***0,마이산회봉온천,201910**,M,4,"사무직 (일반사무직, 공무원, 직업군인)",200~299만원,예    ,자녀 없음 ,아파트/ 주상복합,서울,서초구,우면동,"준중형차 (아반떼, K3, 크루즈, 제타급 등)",삼성,알뜰폰(MVNO),마이산회봉온천,https://m.blog.naver.com/PostView.nhn?blogId=hk8300&logNo=50140957063&proxyReferer=https%3A%2F%2Fm.search.naver.com%2Fsearch.naver%3Fquery%3D%25EB%25A7%2588%25EC%259D%25B4%25EC%2582%25B0%25ED%259A%258C%25EB%25B4%2589%25EC%2598%25A8%25EC%25B2%259C%26sm%3Dmtb_hty.top%26where%3Dm%26oquery%3D%25EB%258C%2580%25EA%25B5%25AC%25EB%25A9%25B4%25EB%258F%2584%25EC%259A%2594%25EC%25A7%2580%26tqi%3DUPO7psprvAdssE166zRssssst3G-144381,마이산회봉온천 새 희망 날개 활짝 폈다
D***3,일심사,201910**,M,2,,,      ,          ,,,,,,,,일심사,https://m.blog.naver.com/only_tour/221532442887,오이타 여행 코스벚꽃 운해 잇신지일심사
D***9,방동약수터,201910**,M,4,"자영업 (도소매업, 숙박업, 미용업)",900~999만원,아니오,          ,아파트/ 주상복합,서울,송파구,잠실2동,"중형SUV (싼타페, 쏘렌토, 캡티바, BMW X3급 등)",삼성,SKT,방동약수터,https://m.blog.naver.com/ttalkook/221601473970,방태산 방동약수터
D***4,고흥우주해양,201910**,M,5,기타 ,500~599만원,예    ,자녀 있음 ,아파트/ 주상복합,서울,강동구,명일1동,"중형차 (쏘나타, K5, 말리부, 골프급 등)",LG,KT,고흥우주해양,https://blog.naver.com/yescom2000/221475087283,김 지사 고흥 우주항공 중심도시로 대도약
D***5,장호,201910**,M,4,,,      ,          ,,서울,동대문구,휘경동,,,,장호,https://m.blog.naver.com/qsaxzd/221623300383,장호비치캠핑장 삼척여행
D***,고석정,201911**,M,3,,,      ,          ,,경기,고양시 덕양구,원흥동,,,,고석정,https://m.blog.naver.com/mmm7962/221711870969,철원 여행 고석정 정취를 취하다
D***,개척사,201911**,F,4,,,      ,          ,,서울,구로구,고척1동,,,,개척사,https://m.blog.naver.com/genseoks1/221406743484,미국 개척사에 두드러진 두 청년
D***,경주 보문,201911**,F,5,,,      ,          ,,인천,중구,운남동,,,,경주 보문,https://blog.naver.com/asas0957/221701086136,경주 단풍 보문단지 산책 with 무지개
D***,프로젝트 ECO,201911**,M,4,,,      ,          ,,서울,서초구,서초4동,,,,프로젝트 ECO,https://humanvillage.blog.me/221713044677,애월 봉성리 프로젝트ECO조성사업
D***,팜파스종합휴양,201911**,M,4,"서비스직 (요식업, 숙박업, 미용실종업원)","1,000만원 이상",아니오,          ,단독주택,경기,용인시 기흥구,보라동,기타 (승합차/트럭/화물차/기타 차량 등),기타,알뜰폰(MVNO),팜파스종합휴양,https://blog.naver.com/hriver21/221092893072,팜파스종합휴양관광단지
D***,초당,201911**,M,4,,,      ,          ,,인천,연수구,연수3동,,,,초당,https://m.blog.naver.com/alicelkm/221568987442,190616 강릉 초당할머니순두부 수요미식회
D***,미륵사지,201911**,F,3,,,      ,          ,,부산,사상구,주례1동,,,,미륵사지,https://m.blog.naver.com/jhyang58/221711567421,미륵사지 교도소세트장 보석박물관  익산  전주 여행  1 
D***,영월온천,201911**,F,3,,,      ,          ,,부산,사상구,주례1동,,,,미륵사지,https://m.blog.naver.com/sonjungwook22/221664214543,201707387001 영월군 영월읍 심옥리 영월온천
D***,실상사,201911**,F,4,"주부 (전업주부, 파트타임 근무 주부)",300~399만원,예    ,자녀 없음 ,오피스텔,경기,고양시 일산동구,장항2동,"준중형차 (아반떼, K3, 크루즈, 제타급 등)",삼성,LG U+,고산사,https://m.news.naver.com/memoRankingRead.nhn?oid=020&aid=0003252209&sid1=104&date=2019110821&ntype=MEMORANKING,"“韓, 3일만에 사실상 사형선고”… 北주민 추방에 국제사회 비판"
D***,고산사,201911**,F,4,"주부 (전업주부, 파트타임 근무 주부)",300~399만원,예    ,자녀 없음 ,오피스텔,경기,고양시 일산동구,장항2동,"준중형차 (아반떼, K3, 크루즈, 제타급 등)",삼성,LG U+,고산사,https://news.v.daum.net/v/20191109142409642?f=m,말뚝 박고 차 세우고..산사태 복구현장 통행 막는 땅 주인 | 다음 뉴스
D***,벽골제,201911**,M,4,,,      ,          ,,충남,태안군,태안읍,,,,벽골제,https://m.blog.naver.com/robyn27/221649036302,놀거리가 가득한 곳  김제 벽골제
D***,신화랑,201911**,M,3,"생산/노무직 (생산감독, 경비원, 공장근로자)",300~399만원,아니오,          ,오피스텔,경남,김해시,어방동,"대형차 (제너시스, BMW5급 등)",삼성,LG U+,신화랑,https://m.blog.naver.com/wind_0227/221554355785,청도 가볼만한곳 신화랑풍류마을 생각보다 알차
D***,방동약수터,201911**,M,3,,,      ,          ,,광주,서구,풍암동,,,,방동약수터,https://m.blog.naver.com/ttalkook/221601473970,방태산 방동약수터
D***,일락사,201911**,F,3,,,      ,          ,,서울,서초구,양재1동,,,,일락사,https://m.blog.naver.com/dado8396/221541480589,일락사개심사서산농장용현계곡퉁퉁고개
D***,예래휴양형주거,201911**,F,5,,,      ,          ,,경기,양주시,광사동,,,,예래휴양형주거,https://blog.naver.com/bigfish3/221477767193,예래 휴양형 주거단지 현황과 제주도 땅 투자
D***,여수 첼린지 파크,201911**,M,4,,,      ,          ,,서울,광진구,자양2동,,,,여수 첼린지 파크,https://blog.naver.com/okine2086/221595075033,여수 유월드 루지 테마파크 핫플 인정 100만표
D***,맹방,201911**,M,3,"판매직 (상점점원, 보험설계사, 노점상)",400~499만원,아니오,          ,아파트/ 주상복합,인천,계양구,작전1동,"준대형차 (그랜저, K7, 알페온, 캠리급, 파사트급 등)",삼성,LG U+,맹방,https://m.blog.naver.com/brad42/221596457277,강원도 삼척 맹방해수욕장 당일치기 여행
D***,태조산,201911**,F,5,,,      ,          ,,경기,하남시,덕풍동,,,,태조산,https://m.blog.naver.com/ohs1443/221659948848,천안 태조산421m  흑성산519m
D***,추암,201911**,F,2,,,      ,          ,,전북,전주시 덕진구,인후동1가,,,,추암,http://m.blog.daum.net/_blog/_m/articleView.do?blogid=0bogl&articleno=936,해파랑길 트레킹 제32코스 한재밑 추암
D***,해신장보고,201911**,F,4,"판매직 (상점점원, 보험설계사, 노점상)",600~699만원,아니오,          ,아파트/ 주상복합,경기,군포시,광정동,,애플,LG U+,해신장보고,https://m.blog.naver.com/hohosuly/221539086115,을왕리 조개구이  해신장보고  설레여
D***,후곡약수터,201911**,M,4,"전문직 (의사, 판검사, 예술가, 종교인)",700~799만원,예    ,자녀 있음 ,아파트/ 주상복합,경기,성남시 분당구,구미동,"중형차 (쏘나타, K5, 말리부, 골프급 등)",애플,KT,후곡약수터,http://m.blog.daum.net/_blog/_m/articleView.do?blogid=09IWl&articleno=16152920,후곡 약수터
D***,주문진,201911**,F,5,,,      ,          ,,경기,고양시 일산서구,주엽2동,,,,주문진,https://blog.naver.com/crazy_yuri/221713254200,새로웠던 주문진 맛집
D***,제주남원,201911**,F,4,"주부 (전업주부, 파트타임 근무 주부)",300~399만원,예    ,자녀 있음 ,아파트/ 주상복합,서울,강동구,둔촌2동,"준중형차 (아반떼, K3, 크루즈, 제타급 등)",LG,KT,제주남원,https://m.blog.naver.com/since080515/221648773649,최고라고 말하고싶은 제주 남원 맛집
D***,혜국사,201911**,M,5,,,      ,          ,,서울,강남구,개포1동,,,,혜국사,https://m.blog.naver.com/lbs2/221717145682,문경 주흘산 등산코스 제1관문여궁폭포혜국사주봉 원점회귀 산행
D***,계림사,201911**,M,3,,,      ,          ,,경기,부천시 소사구,괴안동,,,,계림사,https://m.blog.naver.com/pjk3108/221686032437,김천 동부리 마애지장보살좌상 계림사 석조나한좌상
D***,호미곶,201911**,M,3,"전문직 (의사, 판검사, 예술가, 종교인)",600~699만원,아니오,          ,아파트/ 주상복합,경기,부천시 소사구,송내2동,"대형SUV (베라크루즈, 모하비, 투아렉급 등)",삼성,SKT,호미곶,https://m.blog.naver.com/okkmskim/221674686567,포항펜션 두남자와 함께했던 코지스위트펜션 죽도시장호미곶
D***,웰리힐리파크,201911**,M,2,,,      ,          ,,전북,군산시,나운1동,,,,웰리힐리파크,https://blog.naver.com/missjoon/221716441790,웰리힐리파크 리프트권 및 록키스키 알파인 스키강습
D***,왕궁보석테마,201911**,M,4,,,      ,          ,,경기,김포시,장기동,,,,왕궁보석테마,https://m.blog.naver.com/hiksanin/221692718933,익산왕궁보석테마관광지 상설공연  체험프로그램
D***,평창 용평,201911**,M,4,"사무직 (일반사무직, 공무원, 직업군인)",500~599만원,아니오,          ,단독주택,울산,남구,옥동,"준대형차 (그랜저, K7, 알페온, 캠리급, 파사트급 등)",삼성,LG U+,평창 용평,https://blog.naver.com/see302/221593099739,평창가볼만한곳평창 용평리조트 타워콘도 와 용평 워터파크 피크아일랜드현대홈쇼핑
D***,무릉계곡,201911**,F,3,,,      ,          ,,부산,북구,구포동,,,,무릉계곡,http://m.blog.daum.net/_blog/_m/articleView.do?blogid=0W7Ve&articleno=858,단풍따라 흐르는 가을여행 - 6. 무릉계곡 여행
D***,증평 에듀팜 특구,201911**,M,5,"기능직 (자동차정비, 운전기사, 안경사, 택시기사)",400~499만원,예    ,자녀 없음 ,연립주택/ 다세대/ 빌라,서울,강북구,미아동,,삼성,알뜰폰(MVNO),증평 에듀팜 특구,https://blog.naver.com/wwwjpgokr/221592218844,SNS기자단 기고 해외 관광객도 즐길 충북의 명소 증평 에듀팜 관광특구
D***,제주여성테마파크,201911**,F,2,무직,300~399만원,아니오,          ,연립주택/ 다세대/ 빌라,대전,대덕구,비래동,,삼성,LG U+,제주여성테마파크,https://m.blog.naver.com/kkengzz/221705309627,제주아이들과가볼만한곳 서프라이즈테마파크
D***,석정온천,201911**,F,2,,,      ,          ,,경기,성남시 수정구,신흥2동,,,,석정온천,https://m.blog.naver.com/vnqk10/221716226470,고창 힐링카운티 석정온천휴스파
D***,용호씨사이드,201911**,M,5,,,      ,          ,,경기,안산시 상록구,월피동,,,,용호씨사이드,http://www.kookje.co.kr/news2011/asp/newsbody.asp?code=0200&key=20171123.22001010675,부산 용호동 씨사이드 분쟁 부산시 관광지 취소 경고
D***,송불암,201911**,M,4,,,      ,          ,,인천,남동구,만수동,,,,송불암,https://m.blog.naver.com/nscity/221624748483,논산여행 황산벌의 중심에 자리한 논산 송불암 미륵불
D***,고흥우주해양,201911**,M,4,,,      ,          ,,경북,경주시,충효동,,,,고흥우주해양,https://blog.naver.com/yescom2000/221475087283,김 지사 고흥 우주항공 중심도시로 대도약
D***,남당,201911**,F,3,"주부 (전업주부, 파트타임 근무 주부)",400~499만원,예    ,자녀 있음 ,아파트/ 주상복합,부산,금정구,구서2동,,삼성,SKT,남당,https://m.blog.naver.com/wodhks0389/221723046008,1130 남당피싱 워너비호 먼바다 우럭 낚시체험 인건가
D***2,양양국제공항,201911**,F,2,,,      ,          ,,서울,은평구,불광1동,,,,양양국제공항,https://blog.naver.com/4_28b/221660419232,양양국제공항 타고 제주도 가기 코리아익스프레스에어
D***0,영탑사,201911**,M,2,,,      ,          ,,경남,진주시,망경동,,,,영탑사,https://m.blog.naver.com/elderpine/221667087073,절로절로 우리절 20 당진 영탑사
D***6,연등사,201911**,M,4,,,      ,          ,,인천,서구,가정동,,,,연등사,https://m.blog.naver.com/buddhafind/221475602259,연등사경북 봉화군 석포면
D***6,내설악 용대,201911**,M,3,,,      ,          ,,서울,강남구,개포동,,,,내설악 용대,https://m.blog.naver.com/hoilsanta/221548303837,Jule105 봉정암  강원 인제 용대 내설악11530 월 맑음
D***9,여수 화양,201911**,M,2,,,      ,          ,,인천,중구,송월동1가,,,,여수 화양,https://hjjnlove4.blog.me/221426880809,여수 맛집 화양식당 장어구이 장어탕
D***2,충주호체험,201911**,M,2,,,      ,          ,,경기,용인시 처인구,삼가동,,,,충주호체험,https://m.blog.naver.com/yoohr0507/221553190270,충주호 유람선 체험
D***1,농월정,201911**,M,2,,,      ,          ,,서울,관악구,신원동,,,,농월정,https://m.blog.naver.com/roadmoog/221568172575,함양 남계서원 농월정 일두고택
D***9,흥룡사,201911**,M,3,,,      ,          ,,경기,화성시,병점동,,,,흥룡사,https://m.blog.naver.com/ddungddy9073/221281506814,포천여행 백운산 자락에 있는 흑룡사
D***0,임진각,201911**,M,2,"학생 (초중고학생, 대학생, 대학원생)",300~399만원,아니오,          ,연립주택/ 다세대/ 빌라,대구,북구,팔달동,,삼성,KT,임진각,https://blog.naver.com/lalla282/221708724445,파주관광지추천 아이들과 갈만한곳 임진각 평화누리공원
D***6,칠갑산도립온천,201911**,M,5,"기능직 (자동차정비, 운전기사, 안경사, 택시기사)",100~199만원,아니오,          ,아파트/ 주상복합,전남,목포시,용해동,,삼성,알뜰폰(MVNO),칠갑산도립온천,https://m.blog.naver.com/2000yhero/221524706364,칠갑산 도립공원 2
D***6,천안종합휴향,201911**,M,2,"학생 (초중고학생, 대학생, 대학원생)",500~599만원,아니오,          ,아파트/ 주상복합,부산,해운대구,재송1동,,삼성,LG U+,천안종합휴향,https://m.cafe.naver.com/sejongpedal/3371,세종싸이클로드
D***8,돌문화공원,201911**,F,2,"학생 (초중고학생, 대학생, 대학원생)",100만원 미만,예    ,자녀 있음 ,아파트/ 주상복합,서울,관악구,서림동,,삼성,KT,돌문화공원,https://m.blog.naver.com/pran0104/221715194651, 제주여행제주관광  제주 돌문화공원
D***3,어답산,201911**,M,5,"교직 (교사, 유치원교사, 학원강사)",400~499만원,예    ,자녀 있음 ,아파트/ 주상복합,경기,광명시,철산동,,기타,SKT,어답산,https://m.blog.naver.com/iiijjjiiijjj/221600282946,20190728일 횡성 어답산횡성온천선바위장송어답산 장군봉병지방계곡
D***3,오목내,201911**,F,3,"교직 (교사, 유치원교사, 학원강사)",600~699만원,아니오,          ,아파트/ 주상복합,경기,화성시,반송동,"경차 (모닝, 스파크 등)",애플,LG U+,오목내,https://m.blog.naver.com/skrkddlsgp/221721630990,진주 판문동 맛집 오목내 솔직후기
D***6,대승사,201911**,M,3,,,      ,          ,,경기,고양시 덕양구,대자동,,,,대승사,https://m.blog.naver.com/5490ljy/221703776913,문경 사불산 대승사
D***8,미탄마하생태,201911**,M,2,,,      ,          ,,서울,용산구,보광동,,,,미탄마하생태,https://m.blog.naver.com/leeewon47/221479158841,대한민국 대표 관광지 강원도 강원도 관광지 현황은
D***6,홍천 비발디파크,201911**,M,3,"사무직 (일반사무직, 공무원, 직업군인)",400~499만원,예    ,자녀 없음 ,연립주택/ 다세대/ 빌라,경기,광명시,하안3동,"준중형차 (아반떼, K3, 크루즈, 제타급 등)",삼성,SKT,홍천 비발디파크,https://blog.naver.com/loveeoni/221717350562,비발디파크 근처 펜션 홍천 힐링하우스 뜨끈한 온돌방 넘나 좋음
D***6,부석사,201911**,M,5,,,      ,          ,,경북,구미시,옥계동,,,,부석사,https://m.blog.naver.com/ekswldkvkxm2/221710948020,경북가볼만한곳 영주 부석사
D***9,정남진우산도,201911**,F,5,,,      ,          ,,대전,서구,탄방동,,,,정남진우산도,https://m.blog.naver.com/hankookceo/220778906265,정남진 장흥 물 축제 여행 정남진 전망대 위대한 영웅 안중근을 만나다
D***8,무릉계곡,201911**,F,3,"사무직 (일반사무직, 공무원, 직업군인)",600~699만원,예    ,자녀 있음 ,아파트/ 주상복합,부산,부산진구,부전1동,"중형차 (쏘나타, K5, 말리부, 골프급 등)",LG,LG U+,무릉계곡,http://m.blog.daum.net/_blog/_m/articleView.do?blogid=0W7Ve&articleno=858,단풍따라 흐르는 가을여행 - 6. 무릉계곡 여행
D***8,남원 드래곤,201911**,F,3,무직,"1,000만원 이상",아니오,          ,아파트/ 주상복합,부산,해운대구,우동,,애플,알뜰폰(MVNO),남원 드래곤,https://moonjung2114.blog.me/221639249397,전라도 골프 드래곤레이크cc 2박3일 남원 골프라운드 후기
D***5,문수사,201911**,M,3,"사무직 (일반사무직, 공무원, 직업군인)",200~299만원,아니오,          ,연립주택/ 다세대/ 빌라,부산,동래구,온천동,,애플,알뜰폰(MVNO),문수사,http://m.blog.daum.net/_blog/_m/articleView.do?blogid=0qXA2&articleno=504,고창 청량산 문수사
D***6,강원송지호,201911**,M,3,"사무직 (일반사무직, 공무원, 직업군인)",900~999만원,예    ,자녀 없음 ,아파트/ 주상복합,강원,강릉시,교1동,"중형SUV (싼타페, 쏘렌토, 캡티바, BMW X3급 등)",애플,KT,강원송지호,https://m.blog.naver.com/jhany00/221660903730,송지호 오토캠핑에서 여름휴가를
D***5,오토테마파크,201911**,M,2,,,      ,          ,,대구,서구,평리5동,,,,오토테마파크,https://m.blog.naver.com/python99/221517135324,야경이 멋있는 합천 휴테마파크 오토캠핑장
D***4,홍천온천,201911**,F,2,"학생 (초중고학생, 대학생, 대학원생)",100~199만원,아니오,          ,아파트/ 주상복합,부산,해운대구,좌4동,,삼성,LG U+,홍천온천,https://m.blog.naver.com/hush113/221660267943,홍천 온천홍천에서 온천을 한다면오래된 시설이지만 물은 괜찮았던 원탕 온천목욕탕
D***3,땅끝,201911**,M,2,무직,100~199만원,아니오,          ,연립주택/ 다세대/ 빌라,서울,구로구,고척1동,,삼성,SKT,땅끝,http://m.blog.daum.net/_blog/_m/articleView.do?blogid=0W7Ve&articleno=866,2018. 단풍따라 흐르는 가을여행 - 14. 토말. 땅끝마을
D***5,화암사,201911**,M,4,"자영업 (도소매업, 숙박업, 미용업)",100~199만원,아니오,          ,단독주택,대구,남구,대명동,,삼성,KT,화암사,https://m.blog.naver.com/happykids70/221674944427,화암사 숲길 신선대에서 바라보는 울산바위
D***5,예안현,201911**,M,2,,,      ,          ,,대전,동구,대동,,삼성,LG U+,예안현,https://m.blog.naver.com/misulmun49/221513555388,조식 유두류산록 이황
D***3,오목내,201911**,M,4,기타 ,"1,000만원 이상",예    ,자녀 있음 ,아파트/ 주상복합,서울,강남구,개포1동,"MPV (카니발, 올란도, 피카소급, 오딧세이 등)",LG,LG U+,오목내,https://m.blog.naver.com/skrkddlsgp/221721630990,진주 판문동 맛집 오목내 솔직후기
D***2,지리산온천,201911**,M,4,,,      ,          ,,경기,수원시 권선구,입북동,,,,지리산온천,https://m.blog.naver.com/gksthf2702/221437321030,지리산 온천랜드 후기 지리산 가족여행가격
D***9,여수 첼린지 파크,201911**,F,4,"주부 (전업주부, 파트타임 근무 주부)",300~399만원,예    ,자녀 있음 ,아파트/ 주상복합,경기,의정부시,신곡1동,,애플,SKT,여수 첼린지 파크,https://blog.naver.com/okine2086/221595075033,여수 유월드 루지 테마파크 핫플 인정 100만표
D***6,아우라지,201911**,M,2,"자영업 (도소매업, 숙박업, 미용업)","1,000만원 이상",아니오,          ,연립주택/ 다세대/ 빌라,서울,광진구,구의1동,,애플,SKT,아우라지,https://m.blog.naver.com/kooni/221672541768,정선 아리랑 시장  물 폭탄 맞은 아우라지
D***7,창원 구산해양,201911**,M,2,"전문직 (의사, 판검사, 예술가, 종교인)",900~999만원,아니오,          ,아파트/ 주상복합,서울,강남구,대치동,,LG,SKT,창원 구산해양,https://blog.naver.com/a23852/221319178127,창원 마산 외곽 구산카페  통통 오션뷰카페
D***1,묘산봉,201911**,M,3,기타 ,400~499만원,예    ,자녀 없음 ,연립주택/ 다세대/ 빌라,서울,송파구,삼전동,"경차 (모닝, 스파크 등)",삼성,SKT,묘산봉,https://m.blog.naver.com/kohj007/221598565809,제주시 구좌읍 김녕리 묘산봉 일대 농어촌도로 확장
D***4,유현문화,201911**,F,4,"교직 (교사, 유치원교사, 학원강사)",400~499만원,예    ,자녀 있음 ,아파트/ 주상복합,경기,남양주시,와부읍,"준중형SUV (투싼, 스포티지, QM5, 티구안급 등)",삼성,KT,유현문화,https://m.blog.naver.com/airbag1/221682877565,횡성여행 횡성호수길 5구간 국순당 유현문화관광지 풍수원성당
D***3,마니산,201911**,M,3,"사무직 (일반사무직, 공무원, 직업군인)",200~299만원,아니오,          ,오피스텔,대구,동구,신천동,"중형SUV (싼타페, 쏘렌토, 캡티바, BMW X3급 등)",LG,LG U+,마니산,https://blog.naver.com/jipangdosa/221613683019,한국명산 031 강화도 마니산 등산기
D***5,춘장대해수욕장,201911**,F,5,,,      ,          ,,부산,동래구,낙민동,,,,춘장대해수욕장,https://m.blog.naver.com/ka8564/221667927409,춘장대 해수욕장과 홍원항 쭈꾸미낚시 풍경
D***7,삼장사,201911**,F,3,"주부 (전업주부, 파트타임 근무 주부)",200~299만원,예    ,자녀 없음 ,아파트/ 주상복합,경기,의정부시,호원동,"중형차 (쏘나타, K5, 말리부, 골프급 등)",삼성,KT,삼장사,https://m.cafe.naver.com/thebomsnap/398,20190516 성내동성당삼장사
D***5,율포해수욕장,201911**,M,5,"교직 (교사, 유치원교사, 학원강사)",400~499만원,예    ,자녀 있음 ,연립주택/ 다세대/ 빌라,울산,중구,복산동,"준대형차 (그랜저, K7, 알페온, 캠리급, 파사트급 등)",삼성,SKT,율포해수욕장,https://m.blog.naver.com/day31479/221486986413,전라도1박2일여행여수낭만포차 율포해수욕장 광한루원
D***1,간월도,201911**,F,3,"주부 (전업주부, 파트타임 근무 주부)",300~399만원,예    ,자녀 있음 ,오피스텔,부산,동구,범일2동,"준중형차 (아반떼, K3, 크루즈, 제타급 등)",애플,LG U+,간월도,https://m.blog.naver.com/jjun0712/221712063671,서산 간월도 간월암 다녀왔어요
D***7,송계사,201911**,M,5,기타 ,100~199만원,아니오,          ,아파트/ 주상복합,부산,부산진구,개금3동,,삼성,KT,송계사,https://m.blog.naver.com/kimyt9999/221674102000,덕유산 지봉 산행기경남거창 송계사계곡에서 지봉에 올라 횡경재를 거쳐 백암봉까지 달려보자
D***4,회산연꽃방죽,201911**,M,3,"사무직 (일반사무직, 공무원, 직업군인)",200~299만원,아니오,          ,연립주택/ 다세대/ 빌라,서울,관악구,인헌동,,LG,KT,회산연꽃방죽,https://m.blog.naver.com/yunm2530/221565757481,일로읍 회산연꽃방죽이야기회산백련지연꽃나들이목포꽃집목포꽃배달 남악꽃배달 일로꽃배달무안꽃배달
D***7,대광해수욕장,201911**,M,3,"사무직 (일반사무직, 공무원, 직업군인)",500~599만원,아니오,          ,아파트/ 주상복합,서울,마포구,망원2동,"MPV (카니발, 올란도, 피카소급, 오딧세이 등)",LG,LG U+,대광해수욕장,https://m.blog.naver.com/happy-luna/221332519271,아이들과 국내섬여행 임자도  해수욕장 대광해수욕장
D***3,문장대온천,201911**,M,4,"주부 (전업주부, 파트타임 근무 주부)",300~399만원,예    ,자녀 있음 ,아파트/ 주상복합,대구,달서구,유천동,,삼성,SKT,문장대온천,http://m.blog.daum.net/_blog/_m/articleView.do?blogid=0F0kb&articleno=8780597,문장대온천개발 온천지구 지정 사실상 백지화 가능성 커
D***6,장호,201911**,M,3,"판매직 (상점점원, 보험설계사, 노점상)",200~299만원,아니오,          ,연립주택/ 다세대/ 빌라,부산,사하구,하단2동,,LG,KT,장호,https://m.blog.naver.com/qsaxzd/221623300383,장호비치캠핑장 삼척여행
D***9,미륵사지,201911**,M,4,"사무직 (일반사무직, 공무원, 직업군인)",500~599만원,예    ,자녀 있음 ,아파트/ 주상복합,서울,동작구,상도1동,"준중형SUV (투싼, 스포티지, QM5, 티구안급 등)",삼성,SKT,미륵사지,https://m.blog.naver.com/jhyang58/221711567421,미륵사지 교도소세트장 보석박물관  익산  전주 여행  1 
D***1,예래휴양형주거,201911**,M,4,무직,300~399만원,예    ,자녀 없음 ,아파트/ 주상복합,경기,광명시,하안2동,"준대형차 (그랜저, K7, 알페온, 캠리급, 파사트급 등)",LG,LG U+,예래휴양형주거,https://blog.naver.com/bigfish3/221477767193,예래 휴양형 주거단지 현황과 제주도 땅 투자
D***9,수옥정,201911**,F,5,"사무직 (일반사무직, 공무원, 직업군인)",100~199만원,아니오,          ,단독주택,강원,속초시,동명동,,삼성,SKT,수옥정,https://m.blog.naver.com/akekdthkl200/221662955468,수옥정과 수옥폭포   충북괴산여행
D***5,돈내코,201911**,M,4,"사무직 (일반사무직, 공무원, 직업군인)",200~299만원,예    ,자녀 있음 ,아파트/ 주상복합,부산,동래구,온천3동,"중형차 (쏘나타, K5, 말리부, 골프급 등)",삼성,SKT,돈내코,https://m.blog.naver.com/sohyun1989/221684113927,제주 원앙폭포 신비함을 느끼고 싶다면 꼭 돈내코
D***1,홍천 비발디파크,201911**,F,3,"사무직 (일반사무직, 공무원, 직업군인)",200~299만원,아니오,          ,아파트/ 주상복합,서울,강남구,논현동,,애플,SKT,홍천 비발디파크,https://blog.naver.com/loveeoni/221717350562,비발디파크 근처 펜션 홍천 힐링하우스 뜨끈한 온돌방 넘나 좋음
D***4,문경온천,201911**,F,2,"학생 (초중고학생, 대학생, 대학원생)",800~899만원,아니오,          ,연립주택/ 다세대/ 빌라,경남,창원시 의창구,명서동,,삼성,LG U+,문경온천,https://m.blog.naver.com/j3187654/221564941542,불정자연휴양림 문경온천 여행 
D***9,다덕약수,201911**,M,5,"사무직 (일반사무직, 공무원, 직업군인)",200~299만원,예    ,자녀 있음 ,아파트/ 주상복합,울산,중구,남외동,"중형차 (쏘나타, K5, 말리부, 골프급 등)",삼성,SKT,다덕약수,https://m.blog.naver.com/soda8219/221603152068,봉화 약수식당  다덕약수 로 만든 토종닭백숙
D***9,북고사,201911**,M,3,"사무직 (일반사무직, 공무원, 직업군인)",200~299만원,예    ,자녀 있음 ,오피스텔,경북,구미시,형곡동,"대형차 (제너시스, BMW5급 등)",삼성,SKT,북고사,https://m.blog.naver.com/meer1/221709753267,늦가을 무주의 북고사 성지순례
D***7,청도용암온천,201911**,M,5,"사무직 (일반사무직, 공무원, 직업군인)",400~499만원,예    ,자녀 있음 ,아파트/ 주상복합,서울,노원구,월계3동,기타 (승합차/트럭/화물차/기타 차량 등),LG,SKT,청도용암온천,https://m.blog.naver.com/jangsoras2j/221716720216,청도용암온천 즐기고 빛축제까지
D***9,거가대교,201911**,M,2,무직,300~399만원,아니오,          ,연립주택/ 다세대/ 빌라,경기,부천시 원미구,소사동,,LG,LG U+,거가대교,https://m.blog.naver.com/ohyea95/221553123462,가덕도 가볼 만한 곳 연대봉 세계 최대 수심 해저터널 거가대교
D***9,골드힐카운티리조트,201911**,F,3,"사무직 (일반사무직, 공무원, 직업군인)",400~499만원,예    ,자녀 없음 ,연립주택/ 다세대/ 빌라,경기,고양시 일산동구,정발산동,,애플,SKT,골드힐카운티리조트,https://www.yna.co.kr/view/PYH20190609095000063?input=1196m,천안 골드힐카운티리조트 관광단지 기공식  연합뉴스
D***8,원주 더네이처,201911**,F,3,"자영업 (도소매업, 숙박업, 미용업)","1,000만원 이상",예    ,자녀 없음 ,단독주택,서울,강동구,천호동,"대형차 (제너시스, BMW5급 등)",삼성,KT,원주 더네이처,http://www.kwnews.co.kr/nview.asp?s=501&aid=219042100027,원주문막읍 대규모 관광단지 4년만에 재추진
D***6,청학사,201911**,M,4,기타 ,600~699만원,예    ,자녀 있음 ,아파트/ 주상복합,인천,남동구,만수3동,"중형SUV (싼타페, 쏘렌토, 캡티바, BMW X3급 등)",삼성,KT,청학사,https://m.blog.naver.com/yeonsulife/221652152813,SNS 서포터즈 연수구 사찰 여행 호불사와 청학사 가을 산책
D***3,한국차소리문화공원,201911**,M,3,"사무직 (일반사무직, 공무원, 직업군인)",400~499만원,예    ,자녀 있음 ,아파트/ 주상복합,경기,안산시 단원구,고잔2동,"준중형차 (아반떼, K3, 크루즈, 제타급 등)",애플,KT,한국차소리문화공원,https://m.blog.naver.com/peri26100/220924962670,보성여행 보성차밭빛축제  한국차소리문화공원
D***4,고성 델피노 골프앤리조트,201911**,M,3,기타 ,500~599만원,아니오,          ,아파트/ 주상복합,경기,평택시,비전동,"중형차 (쏘나타, K5, 말리부, 골프급 등)",삼성,SKT,고성 델피노 골프앤리조트,https://blog.naver.com/aramouse/221589693496,가족여행 숙소 추천 고성 속초 델피노골프앤리조트 카페로까 조식 리뷰
D***6,내장산리조트,201911**,M,4,"사무직 (일반사무직, 공무원, 직업군인)",900~999만원,예    ,자녀 있음 ,아파트/ 주상복합,경기,성남시 분당구,구미동,"준중형차 (아반떼, K3, 크루즈, 제타급 등)",삼성,KT,내장산리조트,https://m.blog.naver.com/beet38/221710851873,정읍시 내장산리조트 최대규모 민자유치
D***5,용호씨사이드,201911**,M,2,"학생 (초중고학생, 대학생, 대학원생)",500~599만원,아니오,          ,아파트/ 주상복합,전남,순천시,용당동,,LG,SKT,용호씨사이드,http://www.kookje.co.kr/news2011/asp/newsbody.asp?code=0200&key=20171123.22001010675,부산 용호동 씨사이드 분쟁 부산시 관광지 취소 경고
D***4,원각사,201911**,M,2,"학생 (초중고학생, 대학생, 대학원생)","1,000만원 이상",아니오,          ,아파트/ 주상복합,서울,강동구,고덕2동,,LG,LG U+,원각사,https://m.blog.naver.com/nelo30/221688868198,가볍게 다이어트 트레킹 겸 다녀온 의정부 원각사
D***8,신지명사십리,201911**,F,4,"주부 (전업주부, 파트타임 근무 주부)",600~699만원,예    ,자녀 있음 ,아파트/ 주상복합,경기,용인시 처인구,김량장동,"대형차 (제너시스, BMW5급 등)",삼성,SKT,신지명사십리,https://m.blog.naver.com/kurum_be/221503580309,여로4  완도 신지명사십리해수욕장  20190325
D***1,만리포해수욕장,201911**,M,2,"학생 (초중고학생, 대학생, 대학원생)",100~199만원,아니오,          ,연립주택/ 다세대/ 빌라,전북,익산시,영등동,,삼성,KT,만리포해수욕장,https://m.blog.naver.com/bb00dd/221721784934,당일치기 태안여행 해미읍성 만리포해수욕장 일몰 까지
D***7,해남 오시아노,201911**,M,2,"학생 (초중고학생, 대학생, 대학원생)","1,000만원 이상",아니오,          ,아파트/ 주상복합,경북,안동시,옥동,,애플,SKT,해남 오시아노,https://blog.naver.com/qud005/221544080363,캠핑장 추천  해남 오시아노 캠핑장
D***2,흥덕사,201911**,M,3,,,      ,          ,,,,,,,,흥덕사,https://m.blog.naver.com/ojs0126/221690775065,흥덕사 백운문화한마당 참석
D***9,아리랑마을,201911**,F,4,무직,100~199만원,아니오,          ,아파트/ 주상복합,충북,음성군,음성읍,,LG,LG U+,아리랑마을,https://m.blog.naver.com/greenjeonnam/221496932441,국악의 고장 전라남도 진도  국립남도국악원 아리랑 마을
D***2,망상,201911**,M,2,,,      ,          ,,경기,부천시 원미구,심곡2동,,삼성,KT,망상,https://m.blog.naver.com/kkoshooo/221596336418,강원 동해 망상오토캠핑장
D***9,안적사,201911**,F,3,무직,200~299만원,아니오,          ,연립주택/ 다세대/ 빌라,경기,의정부시,가능3동,,애플,LG U+,안적사,https://m.blog.naver.com/isinki/221675421360,기장 안적사에서 가을을 맞이했습니다
D***3,개암사,201911**,F,2,"사무직 (일반사무직, 공무원, 직업군인)",200~299만원,아니오,          ,오피스텔,서울,구로구,구로2동,,애플,LG U+,개암사,https://m.blog.naver.com/wona0317/221560541021,부안 개암사 그리고 개암제 나들이
D***9,마금산온천,201911**,F,4,"주부 (전업주부, 파트타임 근무 주부)",600~699만원,예    ,자녀 있음 ,아파트/ 주상복합,경기,용인시 기흥구,상갈동,"경차 (모닝, 스파크 등)",삼성,SKT,마금산온천,https://m.blog.naver.com/peanut_s_/221707257988,창원북면 마금산온천호텔 창원 온천 호텔 추천 리앤호텔  풀빌라 318호 후기
D***2,무창포해수욕장,201911**,F,3,"사무직 (일반사무직, 공무원, 직업군인)",600~699만원,예    ,자녀 없음 ,연립주택/ 다세대/ 빌라,서울,영등포구,당산동3가,,애플,SKT,무창포해수욕장,https://m.blog.naver.com/kaisr2/221674209424,보령 대천해수욕장과 무창포 해변
D***8,속초해수욕장,201911**,M,5,"자영업 (도소매업, 숙박업, 미용업)",400~499만원,예    ,자녀 있음 ,아파트/ 주상복합,서울,영등포구,신길동,기타 (승합차/트럭/화물차/기타 차량 등),삼성,KT,속초해수욕장,https://m.blog.naver.com/plingo/221682706206,여행 아무렇게나 떠난 속초 1박 2일 청초수물회 청초호 왱왱해물촌 중앙시장 영금정 속초해수욕장
D***1,안동하회,201911**,F,2,"자영업 (도소매업, 숙박업, 미용업)",400~499만원,예    ,자녀 있음 ,아파트/ 주상복합,인천,연수구,동춘동,,애플,LG U+,안동하회,https://m.blog.naver.com/1004rahee/221715786295,안동하회마을 무료공연 하회별신굿탈놀이 부용대
D***3,해운대,201911**,M,5,기타 ,300~399만원,예    ,자녀 있음 ,아파트/ 주상복합,부산,영도구,동삼1동,"중형차 (쏘나타, K5, 말리부, 골프급 등)",삼성,KT,해운대,https://moonjj82.blog.me/221712612297,해운대뷔페 가장 좋아하는 곳 그랜드애플
D***3,용문산,201911**,F,3,,,      ,          ,,서울,강남구,일원본동,,,,용문산,https://kaisr2.blog.me/221624459312,양평 용문산 관광단지와 용문사 은행나무
D***,일심사,201911**,M,4,,,      ,          ,,서울,서대문구,홍은동,,,,일심사,https://m.blog.naver.com/only_tour/221532442887,오이타 여행 코스벚꽃 운해 잇신지일심사
D***,제주중문,201911**,M,4,"사무직 (일반사무직, 공무원, 직업군인)",400~499만원,예    ,자녀 있음 ,아파트/ 주상복합,서울,송파구,장지동,"준중형차 (아반떼, K3, 크루즈, 제타급 등)",기타,SKT,제주중문,https://m.blog.naver.com/ddawndew/221635773519,제주 중문 논짓물 근처 가성비 좋았던 그랜드메르호텔 : 네이버 블로그
D***,오전약수,201911**,M,4,"사무직 (일반사무직, 공무원, 직업군인)",200~299만원,예    ,자녀 있음 ,기타 ,강원,춘천시,후평3동,"경차 (모닝, 스파크 등)",애플,SKT,오전약수,https://m.blog.naver.com/sanm308/221616161992,태백산에 싸여있는 봉화군 물야 오전약수
D***,미탄마하생태,201911**,M,4,,,      ,          ,,경기,의정부시,신곡2동,,,,미탄마하생태,https://m.blog.naver.com/leeewon47/221479158841,대한민국 대표 관광지 강원도 강원도 관광지 현황은
D***,안성 죽산,201911**,M,4,"사무직 (일반사무직, 공무원, 직업군인)",600~699만원,예    ,자녀 있음 ,아파트/ 주상복합,경기,광명시,하안3동,"MPV (카니발, 올란도, 피카소급, 오딧세이 등)",삼성,KT,안성 죽산,https://blog.naver.com/pcn1970/221720348259,2019 안성 죽산 문화재 야행 이야기
D***,사선대,201911**,M,5,,,      ,          ,,서울,구로구,신도림동,,,,사선대,https://m.blog.naver.com/jbgokr/221566547422,선녀들도 반한 국민 관광지 임실 사선대  임실 나들이 명소
D***,등명,201911**,F,5,"주부 (전업주부, 파트타임 근무 주부)",200~299만원,예    ,자녀 있음 ,아파트/ 주상복합,경기,시흥시,정왕3동,,삼성,LG U+,등명,https://m.blog.naver.com/fedfox77/221616393516,강릉 해수욕장 추천 작지만 편안한 등명해변등명해수욕장
D***,경산온천,201911**,F,5,"서비스직 (요식업, 숙박업, 미용실종업원)",300~399만원,예    ,자녀 있음 ,연립주택/ 다세대/ 빌라,서울,송파구,방이2동,"준중형SUV (투싼, 스포티지, QM5, 티구안급 등)",삼성,KT,경산온천,https://m.blog.naver.com/nara4009/221619540380,경산온천상대온천좋아요
D***,장의사,201911**,F,4,"주부 (전업주부, 파트타임 근무 주부)",300~399만원,예    ,자녀 없음 ,오피스텔,경기,고양시 일산동구,장항2동,"준중형차 (아반떼, K3, 크루즈, 제타급 등)",삼성,LG U+,장의사,http://www.nbnnews.co.kr/news/articleView.html?idxno=340724#08r9,유리 오빠 ‘논란 모습은?’... 네티즌 수사대 찾아낸 한 장의 사진 ‘이목 집중’ - 내외뉴스통신
D***,모악산,201911**,F,4,"주부 (전업주부, 파트타임 근무 주부)",600~699만원,예    ,자녀 있음 ,아파트/ 주상복합,경기,의정부시,신곡1동,"소형SUV/CUV (티볼리, QM3 등)",삼성,SKT,모악산,https://m.blog.naver.com/pshadm/221683408706,100대명산  모악산  84130
D***,충온온천,201911**,F,4,"주부 (전업주부, 파트타임 근무 주부)",600~699만원,예    ,자녀 있음 ,아파트/ 주상복합,경기,의정부시,신곡1동,"소형SUV/CUV (티볼리, QM3 등)",삼성,SKT,모악산,https://m.cafe.naver.com/mywetown/912,충주나우리마을
D***,태종대,201911**,M,3,,,      ,          ,,광주,서구,상무1동,,,,태종대,https://blog.naver.com/lovely_fat/221718153043,부산 해동용궁사와 태종대로 효도관광
D***,백제가요정읍사,201911**,M,4,"사무직 (일반사무직, 공무원, 직업군인)",500~599만원,예    ,자녀 있음 ,아파트/ 주상복합,대전,서구,가수원동,"준중형SUV (투싼, 스포티지, QM5, 티구안급 등)",LG,LG U+,백제가요정읍사,https://m.blog.naver.com/japansisa/221583141689,백제의 가요 정읍사 망한가로 새롭게 태어나다
D***,만남의광장,201911**,M,4,,,      ,          ,,경기,부천시 오정구,원종1동,,,,만남의광장,https://m.post.naver.com/viewer/postView.nhn?volumeNo=25975952&memberNo=7250666&vType=VERTICAL,하남 드림 휴게소만남의광장에 수소충전소 오픈
D***,원각사,201911**,M,5,,,      ,          ,,인천,남구,관교동,,,,원각사,https://m.blog.naver.com/nelo30/221688868198,가볍게 다이어트 트레킹 겸 다녀온 의정부 원각사
D***,강원오색,201911**,M,3,,,      ,          ,,경기,성남시 분당구,서현동,,,,강원오색,https://m.blog.naver.com/nhk9933/221627655775,강원 설악산 오색약수근처 오색휴펜션 오색약수 계곡 초대받아 힐링하고 왔어요
D***,강원송지호,201911**,F,2,,,      ,          ,,경기,수원시 팔달구,고등동,,,,강원송지호,https://m.blog.naver.com/jhany00/221660903730,송지호 오토캠핑에서 여름휴가를
D***,극락암,201911**,F,4,"사무직 (일반사무직, 공무원, 직업군인)",700~799만원,예    ,자녀 있음 ,아파트/ 주상복합,충북,옥천군,옥천읍,"경차 (모닝, 스파크 등)",삼성,KT,극락암,https://m.blog.naver.com/greatsm2001/221711399361,통도사 극락암의 가을
D***,성기동,201911**,M,3,,,      ,          ,,서울,중랑구,중화동,,,,성기동,https://m.blog.naver.com/cakemart/221202346421,영암 왕인박사 유적지   3 성기동 성천
D***,북고사,201911**,M,5,,,      ,          ,,서울,금천구,독산1동,,,,북고사,https://m.blog.naver.com/meer1/221709753267,늦가을 무주의 북고사 성지순례
D***,애월국제문화복합단지,201911**,F,3,,,      ,          ,,서울,강남구,논현2동,,,,애월국제문화복합단지,https://blog.naver.com/bigfish3/221486552408,제주도 땅 투자애월 국제문화복합단지 진척상황
D***,울산 강동,201911**,M,4,,,      ,          ,,서울,금천구,시흥4동,,,,울산 강동,https://blog.naver.com/usbukgu/221725467902,울산 강동 화암 주상절리 예술작품 같은 일출
D***,마곡온천,201911**,F,2,무직,300~399만원,아니오,          ,연립주택/ 다세대/ 빌라,대전,대덕구,비래동,,삼성,LG U+,마곡온천,https://m.blog.naver.com/coco_8600/221653876224,강화도 여행 마곡 맛집  동천  석모도미네랄온천
D***,경천대,201911**,M,5,,,      ,          ,,광주,남구,봉선2동,,,,경천대,https://m.blog.naver.com/jiyouls/221227527304,상주 경천대마음이 열리는 이곳 경천대 국민관광지
D***,신륵사,201911**,M,3,,,      ,          ,,충북,청주시 흥덕구,가경동,,,,신륵사,https://jbm993.blog.me/221521860991,여주 가볼만한곳 색색의 연등이 예쁜 신륵사
D***,예천삼강,201911**,M,5,"관리직 (사장, 간부, 고위공무원)","1,000만원 이상",예    ,자녀 있음 ,단독주택,서울,양천구,목1동,"준중형차 (아반떼, K3, 크루즈, 제타급 등)",삼성,SKT,예천삼강,https://m.post.naver.com/viewer/postView.nhn?volumeNo=25150266&memberNo=1275074&vType=VERTICAL,대구근교 가볼만하곳 더예천 삼강문화단지위기의 삼강주막 방탈출게임
D***,라비에벨,201911**,F,2,,,      ,          ,,대구,남구,대명1동,,,,라비에벨,https://blog.naver.com/yangjinss/221716472829,부천예식장 라비에벨웨딩 기억에 많이 남을 것 같아요
D***2,알펜시아,201911**,F,2,,,      ,          ,,서울,은평구,불광1동,,,,알펜시아,https://blog.naver.com/asdffggg2/221648164694,강원도여행 평창 알펜시아 홀리데이인스위트 투베드룸과 오션700 워터파크
D***2,운주사,201911**,M,3,,,      ,          ,,광주,서구,화정3동,,,,운주사,https://m.blog.naver.com/sanbada2004/221635346744,화순 운주사
D***8,원주 루첸,201911**,M,3,,,      ,          ,,서울,서초구,방배3동,,,,원주 루첸,https://blog.naver.com/shim7803/220897494183,20161226원주투데이플라워푸르트월드 관광단지 본궤도루첸관광단지 사업내용 변경해 내년말 지정
D***8,진관사,201911**,M,3,,,      ,          ,,서울,서초구,방배3동,,,,원주 루첸,https://m.blog.naver.com/ka8564/221628007626,북한산 등산코스진관사 삼천사 원점코스
D***2,합천호,201911**,F,2,,,      ,          ,,경기,부천시 소사구,송내1동,,,,합천호,http://m.blog.daum.net/_blog/_m/articleView.do?blogid=0Nnmh&articleno=2256,합천 악견산~의룡산 종주 - 합천호 조망과 천길단애를 경험할 수 있는 산 (대병3산/대병5악/십자바위/악견산성)
D***8,청평사,201911**,F,2,,,      ,          ,,서울,양천구,신정7동,,,,청평사,https://blog.naver.com/dlduddms3469/221681611478,춘천 단풍구경하며 산책겸 등산코스 청평사가는길
D***8,방화동,201911**,M,5,"사무직 (일반사무직, 공무원, 직업군인)",400~499만원,예    ,자녀 있음 ,단독주택,경기,수원시 권선구,구운동,"준대형차 (그랜저, K7, 알페온, 캠리급, 파사트급 등)",삼성,SKT,방화동,https://m.kin.naver.com/mobile/qna/detail.nhn?d1id=12&dirId=12011808&docId=335879922&qb=67Cp7ZmU64+Z&enc=utf8&section=kin.ext&rank=2&search_sort=0&spq=0,서울시 방화동에 건물을 지으려고 하는
D***8,청량사,201911**,F,2,"학생 (초중고학생, 대학생, 대학원생)",900~999만원,아니오,          ,아파트/ 주상복합,경기,안성시,공도읍,"프리미엄 (에쿠스, BMW7급 등)",삼성,SKT,청량사,https://m.blog.naver.com/iloveknp/221699419985,가야산국립공원남산제일봉 청량사 원점회귀 등산코스
D***5,신화역사공원,201911**,M,3,,,      ,          ,,경기,파주시,광탄면,,,,신화역사공원,https://present0955.blog.me/221723400417,제주 신화역사공원 홍차 카페 다만프레르
D***1,기장도예촌,201911**,F,3,"사무직 (일반사무직, 공무원, 직업군인)",300~399만원,아니오,          ,아파트/ 주상복합,인천,서구,연희동,,LG,LG U+,기장도예촌,https://blog.naver.com/pjhi0523/221704174358,카라반캠핑기장도예촌
D***0,능암온천,201911**,M,2,,,      ,          ,,서울,강남구,개포2동,,,,능암온천,https://m.blog.naver.com/kr_chungju/221572663341,충주 가볼만 한 곳  능암온천랜드
D***3,보적사,201911**,M,2,,,      ,          ,,경기,용인시 수지구,상현1동,,,,보적사,https://m.blog.naver.com/n_n630/221683022330,나홀로 가을 산행  독산성 세마대지 보적사 다녀오기
D***8,홍천온천,201911**,M,2,,,      ,          ,,서울,용산구,보광동,,,,홍천온천,https://m.blog.naver.com/hush113/221660267943,홍천 온천홍천에서 온천을 한다면오래된 시설이지만 물은 괜찮았던 원탕 온천목욕탕
D***2,장성호,201911**,M,4,"사무직 (일반사무직, 공무원, 직업군인)",500~599만원,예    ,자녀 있음 ,단독주택,서울,광진구,중곡1동,"준중형차 (아반떼, K3, 크루즈, 제타급 등)",LG,LG U+,장성호,https://m.blog.naver.com/wella5442/221704598476,장성 가볼만한곳 장성호 수변길 출렁다리
D***4,예당,201911**,F,4,,,      ,          ,,경기,광주시,오포읍,,,,예당,https://m.blog.naver.com/lovely_fat/221625644631,충남 예당저수지 예당호 출렁다리
D***1,운암사,201911**,M,2,"학생 (초중고학생, 대학생, 대학원생)","1,000만원 이상",아니오,          ,아파트/ 주상복합,대구,동구,신서동,,기타,SKT,운암사,https://m.blog.naver.com/lucky0520/221684590217,비라칸사스와 함께한 광양 운암사
D***5,신정호,201911**,M,4,"사무직 (일반사무직, 공무원, 직업군인)",500~599만원,예    ,자녀 있음 ,아파트/ 주상복합,서울,강북구,삼각산동,"준중형차 (아반떼, K3, 크루즈, 제타급 등)",LG,KT,신정호,https://m.blog.naver.com/jsn920/221550735561,아산여행신정호 호수공원 전망좋은카페산책 아산 가볼만한곳
D***2,영산호쌀문화테마공원,201911**,F,3,"사무직 (일반사무직, 공무원, 직업군인)",300~399만원,아니오,          ,연립주택/ 다세대/ 빌라,서울,용산구,용산동1가,"경차 (모닝, 스파크 등)",기타,LG U+,영산호쌀문화테마공원,https://m.blog.naver.com/ejp8702/221108032274,이천 농업테마공원 쌀문화전시관에서 쌀에 대해 배워봐요
D***2,망상,201911**,F,4,,,      ,          ,,울산,울주군,서생면,,,,망상,https://m.blog.naver.com/kkoshooo/221596336418,강원 동해 망상오토캠핑장
D***9,의성탑산온천,201911**,F,3,기타 ,600~699만원,아니오,          ,단독주택,서울,강북구,미아동,,애플,SKT,의성탑산온천,https://m.blog.naver.com/darkspwn1/221256068023,경북 의성 탑산약수온천 유황냄새 진한 지방온천
D***0,구곡폭포,201911**,M,3,,,      ,          ,,서울,강서구,화곡2동,,,,구곡폭포,https://blog.naver.com/jsl3335/221675894684,구곡 폭포 나들이
D***9,용담사,201911**,M,4,"자영업 (도소매업, 숙박업, 미용업)",300~399만원,예    ,자녀 있음 ,연립주택/ 다세대/ 빌라,서울,강동구,성내3동,"스포츠 (제네시스 쿠페, BMW M, 벤츠 AMG 등)",삼성,SKT,용담사,https://m.blog.naver.com/rem85/221616568134,안동물놀이할만한곳안동계곡길안계곡길안용담사 근처 계곡으로 물놀이다녀왔어요
D***0,강원호반,201911**,F,2,,,      ,          ,,경기,파주시,광탄면,,,,강원호반,http://blog.daum.net/yacho2011/2888,좋은 터 길라잡이(풍수문의 풍수강의)
D***8,구병산,201911**,M,5,"사무직 (일반사무직, 공무원, 직업군인)",400~499만원,예    ,자녀 있음 ,연립주택/ 다세대/ 빌라,인천,계양구,임학동,"소형차 (액센트, 프라이드, 아베오, 피아트급 등)",삼성,KT,구병산,https://m.blog.naver.com/osgsb/221692903882,충북 보은 충북알프스의 시작점 아홉봉우리의 구병산
D***8,농월정,201911**,M,5,"사무직 (일반사무직, 공무원, 직업군인)",400~499만원,예    ,자녀 있음 ,연립주택/ 다세대/ 빌라,인천,계양구,임학동,"소형차 (액센트, 프라이드, 아베오, 피아트급 등)",삼성,KT,구병산,https://m.blog.naver.com/roadmoog/221568172575,함양 남계서원 농월정 일두고택
D***2,칠갑산도립온천,201911**,M,4,,,      ,          ,,대구,북구,금호동,,,,칠갑산도립온천,https://m.blog.naver.com/2000yhero/221524706364,칠갑산 도립공원 2
D***5,월명암,201911**,M,2,,,      ,          ,,전북,고창군,흥덕면,,,,월명암,https://m.blog.naver.com/rowon98/221698025729,깊어가는 내변산의 가을 풍경1남여치월명암직소폭포재백이고개
D***7,삼척해수욕장,201911**,M,2,"학생 (초중고학생, 대학생, 대학원생)",200~299만원,아니오,          ,아파트/ 주상복합,경기,안산시 단원구,고잔동,,삼성,KT,삼척해수욕장,https://m.blog.naver.com/funny0820/221599410365,삼척여행 Part1삼척 하얀낭만펜션일미어담삼척해변
D***3,제주헬스케어타운,201911**,F,5,,,      ,          ,,전남,순천시,연향동,,,,제주헬스케어타운,https://blog.naver.com/solguji/221651290398,추석제주여행  헬스케어타운리조트  한림칼국수  카페라이슬라
D***5,홍길동테마파크,201911**,M,5,"생산/노무직 (생산감독, 경비원, 공장근로자)",100만원 미만,아니오,          ,연립주택/ 다세대/ 빌라,서울,용산구,갈월동,,삼성,알뜰폰(MVNO),홍길동테마파크,https://m.blog.naver.com/hhs653409/221664061938,장성 홍길동 테마파크 반가운 지인들과의 카라반 캠핑
D***2,마이산회봉온천,201911**,M,3,,,      ,          ,,서울,구로구,궁동,,,,마이산회봉온천,https://m.blog.naver.com/PostView.nhn?blogId=hk8300&logNo=50140957063&proxyReferer=https%3A%2F%2Fm.search.naver.com%2Fsearch.naver%3Fquery%3D%25EB%25A7%2588%25EC%259D%25B4%25EC%2582%25B0%25ED%259A%258C%25EB%25B4%2589%25EC%2598%25A8%25EC%25B2%259C%26sm%3Dmtb_hty.top%26where%3Dm%26oquery%3D%25EB%258C%2580%25EA%25B5%25AC%25EB%25A9%25B4%25EB%258F%2584%25EC%259A%2594%25EC%25A7%2580%26tqi%3DUPO7psprvAdssE166zRssssst3G-144381,마이산회봉온천 새 희망 날개 활짝 폈다
D***6,불갑사,201911**,M,2,"자영업 (도소매업, 숙박업, 미용업)","1,000만원 이상",아니오,          ,연립주택/ 다세대/ 빌라,서울,광진구,구의1동,,애플,SKT,불갑사,https://m.blog.naver.com/ka8564/221649053161,불갑사 상사화 개화초기 풍경불갑사상사화축제 날에는 만개할듯
D***2,협재해안,201911**,F,4,"교직 (교사, 유치원교사, 학원강사)",500~599만원,예    ,자녀 없음 ,연립주택/ 다세대/ 빌라,서울,은평구,역촌동,"준중형차 (아반떼, K3, 크루즈, 제타급 등)",애플,SKT,협재해안,https://m.blog.naver.com/yhm529/221657268440,나혼자산다수요미식회 맛집 제주 협재해안 수우동
D***6,직지사,201911**,M,4,무직,100~199만원,아니오,          ,아파트/ 주상복합,대구,달성군,다사읍,,,,직지사,https://m.blog.naver.com/promise065/221702745601,김천 직지사  템플스테이 1박2일
D***9,속리산레저,201911**,F,4,"주부 (전업주부, 파트타임 근무 주부)",200~299만원,예    ,자녀 있음 ,아파트/ 주상복합,광주,남구,노대동,"경차 (모닝, 스파크 등)",삼성,SKT,속리산레저,https://m.blog.naver.com/asancriti/221541893523,보은속리산 솔향공원 도깨비공원의 사람들
D***0,구문소,201911**,M,4,,,      ,          ,,서울,강남구,대치동,,애플,SKT,구문소,http://m.blog.daum.net/_blog/_m/articleView.do?blogid=05TrK&articleno=15963487,억년의 세월이 빚은 비경 태백팔경 구문소
D***7,아산온천,201911**,M,3,"기능직 (자동차정비, 운전기사, 안경사, 택시기사)",200~299만원,아니오,          ,아파트/ 주상복합,부산,영도구,동삼1동,,삼성,KT,아산온천,https://m.blog.naver.com/bucketlist79/221721363500,아산온천 당일치기 겨울여행 아산스파비스캠마녀의 나댕김 20191124
D***5,여수 경도,201911**,M,4,무직,200~299만원,예    ,자녀 있음 ,아파트/ 주상복합,경기,부천시 원미구,상동,"중형SUV (싼타페, 쏘렌토, 캡티바, BMW X3급 등)",삼성,SKT,여수 경도,https://blog.naver.com/zephyr122059/221339654475,수요미식회 여수  경도 자연횟집  여수 10미 하모 샤브샤브
D***3,예안현,201911**,M,3,"전문직 (의사, 판검사, 예술가, 종교인)",900~999만원,예    ,자녀 없음 ,아파트/ 주상복합,서울,서초구,서초3동,"중형SUV (싼타페, 쏘렌토, 캡티바, BMW X3급 등)",삼성,SKT,예안현,https://m.blog.naver.com/misulmun49/221513555388,조식 유두류산록 이황
D***4,김녕해수욕장,201911**,M,3,"사무직 (일반사무직, 공무원, 직업군인)",200~299만원,아니오,          ,연립주택/ 다세대/ 빌라,서울,관악구,인헌동,,LG,KT,김녕해수욕장,https://m.blog.naver.com/findjeju/221593221722,제주도 바다 색이 아름다운 김녕해수욕장 물놀이
D***0,송정,201911**,M,4,"생산/노무직 (생산감독, 경비원, 공장근로자)",200~299만원,예    ,자녀 있음 ,연립주택/ 다세대/ 빌라,인천,남동구,만수5동,"대형차 (제너시스, BMW5급 등)",LG,LG U+,송정,https://m.blog.naver.com/lys9783/221711436037,부산 송정 맛집 알찬 전복영양밥 한그릇
D***4,보덕사 ,201911**,M,3,"생산/노무직 (생산감독, 경비원, 공장근로자)",100~199만원,아니오,          ,아파트/ 주상복합,서울,성동구,금호동1가,,삼성,알뜰폰(MVNO),보덕사 ,http://m.blog.daum.net/_blog/_m/articleView.do?blogid=03bMR&articleno=15961077,보덕사 예산
D***4,나주호,201911**,M,3,"생산/노무직 (생산감독, 경비원, 공장근로자)",100~199만원,아니오,          ,아파트/ 주상복합,서울,성동구,금호동1가,,삼성,알뜰폰(MVNO),보덕사 ,https://m.blog.naver.com/somangheso/221602510603,하늘이 내린 선물 나주호 반영
D***5,안동문화,201911**,M,3,"사무직 (일반사무직, 공무원, 직업군인)",400~499만원,예    ,자녀 있음 ,아파트/ 주상복합,부산,수영구,광안동,"소형SUV/CUV (티볼리, QM3 등)",삼성,KT,안동문화,https://blog.naver.com/jomkkange/221718101147,191125 1박 2일 안동 여행  세계문화유산 도산서원
D***5,김천온천,201911**,M,4,"사무직 (일반사무직, 공무원, 직업군인)",200~299만원,예    ,자녀 있음 ,아파트/ 주상복합,부산,동래구,온천3동,"중형차 (쏘나타, K5, 말리부, 골프급 등)",삼성,SKT,김천온천,https://blog.naver.com/ejuinn69/221452242406,찜질방 데이트 김천 구미 대구 근처 온천숯가마 찜질방  성주 스파랜드u
D***9,고래불,201911**,F,4,"주부 (전업주부, 파트타임 근무 주부)",500~599만원,예    ,자녀 있음 ,아파트/ 주상복합,광주,남구,노대동,"대형차 (제너시스, BMW5급 등)",애플,KT,고래불,http://m.blog.daum.net/_blog/_m/articleView.do?blogid=0bogl&articleno=923,해파랑길 트레킹 제23코스 고래불 후포항
D***7,마곡사,201911**,M,4,기타 ,300~399만원,예    ,자녀 있음 ,아파트/ 주상복합,경기,화성시,반송동,"MPV (카니발, 올란도, 피카소급, 오딧세이 등)",삼성,LG U+,마곡사,https://m.blog.naver.com/usgreen99/221692318243,공주 가볼만한곳 마곡사 가을 모습은
D***7,부곡온천,201911**,F,5,"주부 (전업주부, 파트타임 근무 주부)",400~499만원,예    ,자녀 있음 ,아파트/ 주상복합,부산,해운대구,좌2동,,애플,SKT,부곡온천,https://m.blog.naver.com/cngblog/221721865027,하반기 HOT 생생 부곡온천 라이브공연 12회차
D***7,담양호,201911**,M,4,"사무직 (일반사무직, 공무원, 직업군인)",200~299만원,아니오,          ,오피스텔,서울,서초구,서초동,,삼성,KT,담양호,https://m.blog.naver.com/ka8564/221652276574,담양호 용마루길따라 과녁바위산을 돌아오는 트레킹코스
D***2,땅끝,201911**,M,2,무직,200~299만원,아니오,          ,아파트/ 주상복합,경기,남양주시,진건읍,,LG,SKT,땅끝,http://m.blog.daum.net/_blog/_m/articleView.do?blogid=0W7Ve&articleno=866,2018. 단풍따라 흐르는 가을여행 - 14. 토말. 땅끝마을
D***2,원주 플라워프루트월드,201911**,F,3,"판매직 (상점점원, 보험설계사, 노점상)",500~599만원,예    ,자녀 없음 ,아파트/ 주상복합,광주,서구,덕흥동,,애플,LG U+,원주 플라워프루트월드,https://blog.naver.com/lsgasd12/221643207852,원주 플라워프루트월드 관광단지 조성 사업 본격화
D***5,거제 남부,201911**,M,4,"사무직 (일반사무직, 공무원, 직업군인)",400~499만원,예    ,자녀 있음 ,아파트/ 주상복합,경기,평택시,이충동,"중형SUV (싼타페, 쏘렌토, 캡티바, BMW X3급 등)",LG,SKT,거제 남부,https://blog.naver.com/rowon98/221488555544,거제 남부 해변길 걷기함목다대다포천장산여차여차홍포전망대홍포대포근포근포마을명사저구항
D***6,영주순흥,201911**,F,4,"주부 (전업주부, 파트타임 근무 주부)",600~699만원,예    ,자녀 있음 ,연립주택/ 다세대/ 빌라,서울,송파구,석촌동,,삼성,SKT,영주순흥,https://m.blog.naver.com/63ksyun/221719604248,풍기 온천 후 영주 순흥 선비촌 다녀왔습니다
D***4,삼포 문암,201911**,M,2,"학생 (초중고학생, 대학생, 대학원생)",300~399만원,아니오,          ,단독주택,경기,안산시 상록구,건건동,,애플,LG U+,삼포 문암,https://m.blog.naver.com/heysun62/221545300677,고성  삼포문암진해변 개발
D***5,삽교호,201911**,M,3,"사무직 (일반사무직, 공무원, 직업군인)",400~499만원,예    ,자녀 있음 ,연립주택/ 다세대/ 빌라,서울,은평구,증산동,"준중형SUV (투싼, 스포티지, QM5, 티구안급 등)",애플,SKT,삽교호,https://m.blog.naver.com/yongju320/221645978745,당진 삽교호 한 바퀴
D***2,성류굴,201911**,M,4,"사무직 (일반사무직, 공무원, 직업군인)",400~499만원,아니오,          ,단독주택,서울,서초구,서초1동,"중형차 (쏘나타, K5, 말리부, 골프급 등)",애플,LG U+,성류굴,https://m.blog.naver.com/hsakjo/221566664329,울진 금강소나무 숲길 트레킹울진 성류굴
D***2,미천굴,201911**,M,4,"사무직 (일반사무직, 공무원, 직업군인)",400~499만원,아니오,          ,단독주택,서울,서초구,서초1동,"중형차 (쏘나타, K5, 말리부, 골프급 등)",애플,LG U+,성류굴,https://m.blog.naver.com/xodiddldkqk/221706364651,제주 일출랜드 그리고 미천굴
D***0,수타사,201911**,F,3,"판매직 (상점점원, 보험설계사, 노점상)",200~299만원,아니오,          ,연립주택/ 다세대/ 빌라,경기,수원시 권선구,권선동,"중형차 (쏘나타, K5, 말리부, 골프급 등)",삼성,SKT,수타사,https://m.blog.naver.com/sul_hwa/221684137467,홍천 은행나무숲과 수타사 강원도 가볼만한곳
D***0,왕궁보석테마,201911**,M,3,"관리직 (사장, 간부, 고위공무원)",600~699만원,예    ,자녀 없음 ,아파트/ 주상복합,경기,시흥시,은행동,"준중형차 (아반떼, K3, 크루즈, 제타급 등)",애플,SKT,왕궁보석테마,https://m.blog.naver.com/hiksanin/221692718933,익산왕궁보석테마관광지 상설공연  체험프로그램
D***6,쌍계사,201911**,M,2,"학생 (초중고학생, 대학생, 대학원생)",200~299만원,아니오,          ,아파트/ 주상복합,경기,남양주시,오남읍,,LG,SKT,쌍계사,https://m.blog.naver.com/gnfeel/221717628454,경상남도 하동  하동 가볼만한곳 지리산자락으로 가을여행 떠나요 하동 쌍계사
D***6,소요산,201911**,M,2,"학생 (초중고학생, 대학생, 대학원생)",200~299만원,아니오,          ,아파트/ 주상복합,경기,남양주시,오남읍,,LG,SKT,쌍계사,https://blog.naver.com/pajiwn/221658923153,소요산 등산코스  소요산역자재암선녀탕의상대원점회귀 3시간
D***4,화암,201911**,M,2,무직,200~299만원,아니오,          ,아파트/ 주상복합,울산,중구,남외동,,삼성,SKT,화암,https://m.blog.naver.com/aoisora2/221689337096,정선 아이와 가볼만한곳 화암동굴 나들이 
D***6,곡성도림사,201911**,M,5,기타 ,500~599만원,아니오,          ,오피스텔,경기,수원시 영통구,이의동,"준대형차 (그랜저, K7, 알페온, 캠리급, 파사트급 등)",LG,알뜰폰(MVNO),곡성도림사,https://m.blog.naver.com/aboutclaire/221562777372,곡성 여행 도림사 카페 씨엘로
D***9,직지사,201911**,M,3,"생산/노무직 (생산감독, 경비원, 공장근로자)",300~399만원,아니오,          ,기타 ,경기,시흥시,정왕동,,LG,LG U+,직지사,https://m.blog.naver.com/promise065/221702745601,김천 직지사  템플스테이 1박2일
D***2,우수영,201911**,M,3,"사무직 (일반사무직, 공무원, 직업군인)",400~499만원,예    ,자녀 없음 ,아파트/ 주상복합,인천,부평구,산곡동,"중형SUV (싼타페, 쏘렌토, 캡티바, BMW X3급 등)",애플,SKT,우수영,https://m.blog.naver.com/hp0210/221703457436,전라도 가볼만한곳 진도타워  우수영국민관광지 명량대첩기념관
D***0,평택호,201911**,M,5,무직,100~199만원,예    ,자녀 있음 ,단독주택,제주,제주시,조천읍,,삼성,KT,평택호,https://blog.naver.com/inkyungidd/221621262586,평택호텔  그랜드호텔 평택호 뷰를 볼 수 있는 호텔 추천
D***1,서포리,201911**,F,2,"자영업 (도소매업, 숙박업, 미용업)",400~499만원,예    ,자녀 있음 ,아파트/ 주상복합,인천,연수구,동춘동,,애플,LG U+,서포리,https://blog.naver.com/zeroheart73/221561164544,덕적도 서포리해변 백패킹511  512
D***5,청량사,201911**,M,3,"사무직 (일반사무직, 공무원, 직업군인)",600~699만원,예    ,자녀 있음 ,아파트/ 주상복합,강원,인제군,기린면,"MPV (카니발, 올란도, 피카소급, 오딧세이 등)",애플,SKT,청량사,https://m.blog.naver.com/iloveknp/221699419985,가야산국립공원남산제일봉 청량사 원점회귀 등산코스
D***,삽교호,201911**,M,5,,,      ,          ,,인천,남동구,논현동,,,,삽교호,https://m.blog.naver.com/yongju320/221645978745,당진 삽교호 한 바퀴
D***,백암온천,201911**,F,5,"서비스직 (요식업, 숙박업, 미용실종업원)",300~399만원,예    ,자녀 있음 ,연립주택/ 다세대/ 빌라,서울,송파구,방이2동,"준중형SUV (투싼, 스포티지, QM5, 티구안급 등)",삼성,KT,백암온천,https://m.blog.naver.com/hyechon49/221711918222,백암온천 백암LG생활연수원 숙소에서  백암산 백암폭포가는 길 백암폭포 백암온천
D***,왜목마을,201911**,M,2,,,      ,          ,,광주,서구,상무1동,,,,왜목마을,https://m.blog.naver.com/rrhcdldi/221709687950,당진당일치기 3 왜목마을 해수욕장 산책 잠깐 들리기 좋은 코스
D***,백운계곡,201911**,M,4,"학생 (초중고학생, 대학생, 대학원생)",100만원 미만,아니오,          ,연립주택/ 다세대/ 빌라,서울,강북구,미아동,,삼성,KT,백운계곡,https://blog.naver.com/wnsghdudwls/221637010727,포천 백운계곡
D***,원주 더네이처,201911**,M,3,,,      ,          ,,경기,수원시 영통구,매탄2동,,,,원주 더네이처,http://www.kwnews.co.kr/nview.asp?s=501&aid=219042100027,원주문막읍 대규모 관광단지 4년만에 재추진
D***,예래휴양형주거,201911**,M,4,,,      ,          ,,부산,해운대구,우동,,,,예래휴양형주거,https://blog.naver.com/bigfish3/221477767193,예래 휴양형 주거단지 현황과 제주도 땅 투자
D***,봉서사,201911**,M,5,"주부 (전업주부, 파트타임 근무 주부)",300~399만원,예    ,자녀 있음 ,아파트/ 주상복합,경기,수원시 장안구,율전동,"MPV (카니발, 올란도, 피카소급, 오딧세이 등)",LG,SKT,봉서사,https://m.blog.naver.com/ffk1039/221633735995,완주 봉서사
D***,거제 남부,201911**,F,4,,,      ,          ,,서울,서초구,서초2동,,,,거제 남부,https://blog.naver.com/rowon98/221488555544,거제 남부 해변길 걷기함목다대다포천장산여차여차홍포전망대홍포대포근포근포마을명사저구항
D***,문경상리,201911**,M,5,"사무직 (일반사무직, 공무원, 직업군인)",400~499만원,예    ,자녀 있음 ,아파트/ 주상복합,경남,김해시,외동,"준중형차 (아반떼, K3, 크루즈, 제타급 등)",삼성,KT,문경상리,http://m.blog.daum.net/_blog/_m/articleView.do?blogid=03UvL&articleno=15857454,문경 상리 삼층석탑 경북 문경
D***,원주 오크밸리,201911**,M,5,"생산/노무직 (생산감독, 경비원, 공장근로자)",100~199만원,예    ,자녀 없음 ,연립주택/ 다세대/ 빌라,서울,서초구,방배동,,LG,LG U+,원주 오크밸리,https://blog.naver.com/orionbt/221694093685,원주 오크밸리 카라반 여행  야간산책 소나타 오브 라이트
D***,안동문화,201911**,M,2,"학생 (초중고학생, 대학생, 대학원생)",500~599만원,아니오,          ,연립주택/ 다세대/ 빌라,경기,양주시,백석읍,,삼성,SKT,안동문화,https://blog.naver.com/jomkkange/221718101147,191125 1박 2일 안동 여행  세계문화유산 도산서원
D***,곽지,201911**,M,4,,,      ,          ,,부산,사상구,엄궁동,,,,곽지,https://m.blog.naver.com/wnhjeju/221718304122,제주여행 곽지해변에서 한담공원 멋진뷰
D***,대관령 어흘리,201911**,M,3,"사무직 (일반사무직, 공무원, 직업군인)",500~599만원,아니오,          ,아파트/ 주상복합,경기,용인시 처인구,역북동,"준대형차 (그랜저, K7, 알페온, 캠리급, 파사트급 등)",애플,LG U+,대관령 어흘리,https://m.blog.naver.com/jauroune/221662945310,대관령 어흘리 100년 소나무 숲길  대관령 치유의 숲길
D***,마우나오션,201911**,M,3,"기능직 (자동차정비, 운전기사, 안경사, 택시기사)",500~599만원,예    ,자녀 없음 ,오피스텔,경남,창원시 의창구,서상동,"준중형SUV (투싼, 스포티지, QM5, 티구안급 등)",삼성,SKT,마우나오션,https://blog.naver.com/soda7908/221712751372,LPGA가 열렸던 마우나오션cc로 가을골프 다녀왔어요
D***,실상사,201911**,M,3,기타 ,600~699만원,아니오,          ,연립주택/ 다세대/ 빌라,강원,원주시,일산동,,애플,KT,실상사,https://m.blog.naver.com/bosom86/221711922236,리군의 사찰 에세이 02 남원 실상사
D***,합천보조댐,201911**,F,4,,,      ,          ,,경기,고양시 일산서구,일산3동,,,,합천보조댐,https://m.blog.naver.com/gnfeel/221693122206,경상남도 산책길  합천 가볼만한곳 산책하며 데이트하기 좋은 길 합천 보조댐 수변생태 탐방로
D***,홍천온천,201911**,M,4,,,      ,          ,,경기,고양시 일산서구,주엽1동,,,,홍천온천,https://m.blog.naver.com/hush113/221660267943,홍천 온천홍천에서 온천을 한다면오래된 시설이지만 물은 괜찮았던 원탕 온천목욕탕
D***,직탕,201911**,M,4,,,      ,          ,,서울,양천구,목1동,,,,직탕,https://m.blog.naver.com/sonic72/221608063332,20190806 철원일대 폭포를 찾아떠난 여름휴가 재인폭포비둘기낭폭포직탕폭포산정호수
D***,화진포,201911**,F,3,,,      ,          ,,부산,북구,화명3동,,,,화진포,https://m.blog.naver.com/94040882/221716020914,강원도 고성 여행  화진포 신서유기에도 나왔네요
D***,제주여성테마파크,201911**,M,5,,,      ,          ,,전남,광양시,광영동,,,,제주여성테마파크,https://m.blog.naver.com/kkengzz/221705309627,제주아이들과가볼만한곳 서프라이즈테마파크
D***,송불암,201911**,M,4,,,      ,          ,,서울,성북구,길음1동,,,,송불암,https://m.blog.naver.com/nscity/221624748483,논산여행 황산벌의 중심에 자리한 논산 송불암 미륵불
D***,위봉사,201911**,M,4,"사무직 (일반사무직, 공무원, 직업군인)",400~499만원,예    ,자녀 있음 ,아파트/ 주상복합,경기,수원시 팔달구,인계동,"중형차 (쏘나타, K5, 말리부, 골프급 등)",삼성,SKT,위봉사,https://m.blog.naver.com/hansongp/221703341215,한국의 산사 10898 완주 위봉사
D***,전통한방휴양,201911**,F,5,,,      ,          ,,서울,성동구,금호동4가,,,,전통한방휴양,https://m.blog.naver.com/ndustns61/221224126114,전통한방휴양관광지 산청동의보감촌공진단만들기 체험
D***,비슬산,201911**,F,5,,,      ,          ,,서울,강남구,대치1동,,,,비슬산,http://blog.daum.net/tourcodi/8129744,대구 달성군 관광 비슬산 암괴류 대견사 참꽃군락지 반딧불이 전기차 달성 여행
D***,영국사,201911**,F,5,"관리직 (사장, 간부, 고위공무원)",500~599만원,아니오,          ,아파트/ 주상복합,경기,의왕시,내손동,,삼성,SKT,영국사,https://m.blog.naver.com/youliyan/221628365158,충북 영동 가볼만한곳 천태산 영국사
D***,선바위,201911**,F,4,,,      ,          ,,서울,동작구,흑석동,,,,선바위,https://m.blog.naver.com/7750khj/221702772489,합천 작은가야산  수리봉소바우듬선바위
D***,풍기온천,201911**,M,2,"학생 (초중고학생, 대학생, 대학원생)",300~399만원,아니오,          ,연립주택/ 다세대/ 빌라,서울,광진구,자양4동,,삼성,KT,풍기온천,https://m.blog.naver.com/sanm308/221569299218,물좋고 공기좋은 소백산풍기온천리조트
D***,안동하회,201911**,M,4,,,      ,          ,,경기,김포시,장기동,,,,안동하회,https://m.blog.naver.com/1004rahee/221715786295,안동하회마을 무료공연 하회별신굿탈놀이 부용대
D***,미숭산,201911**,F,2,"주부 (전업주부, 파트타임 근무 주부)",200~299만원,예    ,자녀 있음 ,아파트/ 주상복합,경기,수원시 권선구,호매실동,"소형차 (액센트, 프라이드, 아베오, 피아트급 등)",삼성,LG U+,미숭산,https://m.blog.naver.com/gokory/221652921784,고령 여행 숲과 자연을 느끼며 힐링해요 미숭산자연휴양림
D***,제주 중문,201911**,M,4,"사무직 (일반사무직, 공무원, 직업군인)",200~299만원,아니오,          ,아파트/ 주상복합,경기,성남시 수정구,수진2동,,삼성,KT,제주 중문,https://blog.naver.com/artless1004/221708894020,행복했던 밥상 제주 중문 맛집
D***,월명암,201911**,M,2,,,      ,          ,,경기,수원시 권선구,구운동,,,,월명암,https://m.blog.naver.com/rowon98/221698025729,깊어가는 내변산의 가을 풍경1남여치월명암직소폭포재백이고개
D***,대구화원,201911**,M,4,,,      ,          ,,경북,경주시,충효동,,,,대구화원,https://blog.naver.com/meteorslove/221529086600,대구 화원 카페 커피문화 작은 창고형카페
D***,일락사,201911**,F,2,,,      ,          ,,대구,남구,대명1동,,,,일락사,https://m.blog.naver.com/dado8396/221541480589,일락사개심사서산농장용현계곡퉁퉁고개
D***0,당항포,201911**,M,2,,,      ,          ,,광주,서구,풍암동,,,,당항포,https://m.blog.naver.com/turpu/221690928126,경남 고성 가볼만한곳 공룡엑스포가 펼쳐지는 당항포 관광단지
D***2,변산해수욕장,201911**,F,2,,,      ,          ,,서울,은평구,불광1동,,,,변산해수욕장,https://m.blog.naver.com/soolok791/221651245712,변산 해수욕장 스타렉스 캠핑카 타고 여행  갯벌체험으로 조개를 캤어요
D***6,공릉,201911**,M,4,,,      ,          ,,인천,서구,가정동,,,,공릉,https://blog.naver.com/back2462/221721451198,파주 공릉캠핑장 11월 동계 캠핑의 첫 시작
D***1,화순온천,201911**,M,5,,,      ,          ,,경기,용인시 처인구,유방동,,,,화순온천,https://m.blog.naver.com/haengbok2/221608294392,아들과 둘이 한 광주 차박여행광주챔피언스필드 대인야시장 화순온천 광주호 전주
D***4,영암바둑테마파크,201911**,F,5,,,      ,          ,,인천,부평구,일신동,,,,영암바둑테마파크,https://m.blog.naver.com/ashim1/221266017832,영암 가볼만한곳  월출산 기찬랜드 가야금산조 테마공원
D***8,광덕계곡,201911**,M,4,,,      ,          ,,서울,마포구,서교동,,,,광덕계곡,https://m.blog.naver.com/hardprince/221676277562,즐거운 와인딩 코스 여우고개  백운계곡  광덕계곡  도마치재 M으로 지지기
D***5,표충사,201911**,M,5,,,      ,          ,,경기,안산시 단원구,고잔1동,,,,표충사,https://m.blog.naver.com/jupan1999/221715055350,표충사 우리아이마음숲놀이터 하루 종일 놀겠다는 아이들
D***1,양양국제공항,201911**,F,4,,,      ,          ,,서울,서대문구,연희동,,,,양양국제공항,https://blog.naver.com/4_28b/221660419232,양양국제공항 타고 제주도 가기 코리아익스프레스에어
D***9,복전암,201911**,M,2,,,      ,          ,,경기,평택시,신장2동,,,,복전암,https://m.blog.naver.com/015sign/221552478539,토요산행   보문산
D***1,마이산회봉온천,201911**,M,3,"사무직 (일반사무직, 공무원, 직업군인)",300~399만원,아니오,          ,아파트/ 주상복합,부산,해운대구,우2동,"소형SUV/CUV (티볼리, QM3 등)",삼성,KT,마이산회봉온천,https://m.blog.naver.com/PostView.nhn?blogId=hk8300&logNo=50140957063&proxyReferer=https%3A%2F%2Fm.search.naver.com%2Fsearch.naver%3Fquery%3D%25EB%25A7%2588%25EC%259D%25B4%25EC%2582%25B0%25ED%259A%258C%25EB%25B4%2589%25EC%2598%25A8%25EC%25B2%259C%26sm%3Dmtb_hty.top%26where%3Dm%26oquery%3D%25EB%258C%2580%25EA%25B5%25AC%25EB%25A9%25B4%25EB%258F%2584%25EC%259A%2594%25EC%25A7%2580%26tqi%3DUPO7psprvAdssE166zRssssst3G-144381,마이산회봉온천 새 희망 날개 활짝 폈다
D***2,아리랑마을,201911**,F,4,,,      ,          ,,경남,김해시,장유면,,,,아리랑마을,https://m.blog.naver.com/greenjeonnam/221496932441,국악의 고장 전라남도 진도  국립남도국악원 아리랑 마을
D***1,주왕산,201911**,M,2,,,      ,          ,,서울,강동구,길동,,,,주왕산,https://m.blog.naver.com/iloveknp/221708366122,주왕산 국립공원 만추의 주왕산 탐방
D***9,강화종합리조트,201911**,F,3,"사무직 (일반사무직, 공무원, 직업군인)",600~699만원,예    ,자녀 없음 ,아파트/ 주상복합,서울,성동구,금호동4가,,삼성,SKT,강화종합리조트,https://ghssghss.blog.me/221526256903,강화 길상면  강화씨사이드리조트강화도루지
D***8,등명,201911**,M,5,"사무직 (일반사무직, 공무원, 직업군인)",400~499만원,예    ,자녀 있음 ,단독주택,경기,수원시 권선구,구운동,"준대형차 (그랜저, K7, 알페온, 캠리급, 파사트급 등)",삼성,SKT,등명,https://m.blog.naver.com/fedfox77/221616393516,강릉 해수욕장 추천 작지만 편안한 등명해변등명해수욕장
D***0,제주용머리,201911**,M,3,,,      ,          ,,경기,수원시 영통구,영통1동,,,,제주용머리,http://m.blog.daum.net/_blog/_m/articleView.do?blogid=0b2pw&articleno=2342,제주 용머리해안 맛집 가족 식사엔 카도돈카츠
D***8,오수의견,201911**,M,4,"전문직 (의사, 판검사, 예술가, 종교인)",400~499만원,예    ,자녀 있음 ,단독주택,서울,종로구,부암동,"준대형차 (그랜저, K7, 알페온, 캠리급, 파사트급 등)",삼성,KT,오수의견,https://m.blog.naver.com/gloryhealing/221610037579,전북 걷기 좋은 곳 전북 임실 오수의견공원
D***5,휘닉스파크,201911**,M,3,,,      ,          ,,서울,은평구,불광동,,,,휘닉스파크,https://blog.naver.com/vegemilstory/221663623759,가을 여행지 평창 가볼만한 곳 휘닉스 파크 1박 2일  양떼목장 체험까지
D***1,척산온천,201911**,M,4,,,      ,          ,,서울,서대문구,북가좌1동,,,,척산온천,https://m.blog.naver.com/rnara/221478732030,속초 숙소 척산온천휴양촌
D***1,예천삼강,201911**,M,2,,,      ,          ,,경남,거제시,옥포2동,,,,예천삼강,https://m.post.naver.com/viewer/postView.nhn?volumeNo=25150266&memberNo=1275074&vType=VERTICAL,대구근교 가볼만하곳 더예천 삼강문화단지위기의 삼강주막 방탈출게임
D***6,아리랑마을,201911**,F,4,"주부 (전업주부, 파트타임 근무 주부)",300~399만원,예    ,자녀 있음 ,아파트/ 주상복합,울산,울주군,온양읍,,LG,SKT,아리랑마을,https://m.blog.naver.com/greenjeonnam/221496932441,국악의 고장 전라남도 진도  국립남도국악원 아리랑 마을
D***4,장사해수욕장,201911**,M,3,"사무직 (일반사무직, 공무원, 직업군인)",300~399만원,예    ,자녀 있음 ,아파트/ 주상복합,경기,김포시,운양동,"중형SUV (싼타페, 쏘렌토, 캡티바, BMW X3급 등)",삼성,SKT,장사해수욕장,https://m.blog.naver.com/baroseog/221707787194,영덕 장사해수욕장 장사상륙작전 전승기념관 구경
D***7,영국사,201911**,M,4,,,      ,          ,,부산,영도구,동삼동,,,,영국사,https://m.blog.naver.com/youliyan/221628365158,충북 영동 가볼만한곳 천태산 영국사
D***3,금강호,201911**,M,2,,,      ,          ,,경기,용인시 수지구,상현1동,,,,금강호,https://m.blog.naver.com/sumi0ju/221704482211,오천항 금강낚시 금강호 쭈꾸미 갑오징어 출조 조황 쭈갑 선상낚시 20191109
D***1,대구면도요지,201911**,F,3,"사무직 (일반사무직, 공무원, 직업군인)",300~399만원,예    ,자녀 있음 ,아파트/ 주상복합,경기,고양시 덕양구,원흥동,"경차 (모닝, 스파크 등)",삼성,SKT,대구면도요지,https://m.blog.naver.com/skku_skai/220852355231,강진 대구면 도요지 종합정비계획 학술연구용역
D***1,제천온천,201911**,M,2,"학생 (초중고학생, 대학생, 대학원생)","1,000만원 이상",아니오,          ,아파트/ 주상복합,대구,동구,신서동,,기타,SKT,제천온천,https://m.blog.naver.com/easeclub1/221720676545,충북 가볼만한곳 제천 리솜포레스트 온천여행과 자드락길
D***7,금월봉,201911**,M,4,"사무직 (일반사무직, 공무원, 직업군인)",800~899만원,예    ,자녀 있음 ,아파트/ 주상복합,서울,강남구,압구정동,"중형SUV (싼타페, 쏘렌토, 캡티바, BMW X3급 등)",애플,SKT,금월봉,https://m.blog.naver.com/tarantium82/221696743035,제천1박2일2일차동산분식 덩실분식 제천청풍호모노레일 비봉산전망대 청풍호반케이블카 금월봉석갈비
D***1,연등사,201911**,F,4,"서비스직 (요식업, 숙박업, 미용실종업원)",100만원 미만,아니오,          ,연립주택/ 다세대/ 빌라,인천,연수구,연수동,,기타,알뜰폰(MVNO),연등사,https://m.blog.naver.com/buddhafind/221475602259,연등사경북 봉화군 석포면
D***9,약수암,201911**,F,3,기타 ,600~699만원,아니오,          ,단독주택,서울,강북구,미아동,,애플,SKT,약수암,https://m.blog.naver.com/jcjkks/221642522935,도당산시사재 대광사 약수암
D***1,운일암반일암,201911**,M,3,"학생 (초중고학생, 대학생, 대학원생)",100만원 미만,아니오,          ,아파트/ 주상복합,경기,안산시 상록구,사2동,,애플,KT,운일암반일암,https://m.blog.naver.com/overroad89/221700138547,전북 가볼만한곳  진안 운일암 반일암 산책
D***4,마한문화,201911**,M,2,,,      ,          ,,전북,익산시,부송동,,,,마한문화,https://m.blog.naver.com/pson30/221724282236,영암 마한문화공원 191125
D***2,함덕해안,201911**,M,2,,,      ,          ,,경북,경산시,계양동,,,,함덕해안,https://m.blog.naver.com/33fanta/221648550419,제주 바다가 보이는 카페제주도 조천함덕해안도로 바람과바다
D***5,장흥,201911**,M,4,"자영업 (도소매업, 숙박업, 미용업)",100~199만원,아니오,          ,단독주택,대구,남구,대명동,,삼성,KT,장흥,https://blog.naver.com/queen77577/221721828437,서울 근교 장흥 참숯가마 고구마 구워 먹고 놀기 좋아
D***9,척산온천,201911**,F,2,"학생 (초중고학생, 대학생, 대학원생)",500~599만원,아니오,          ,아파트/ 주상복합,경북,포항시 남구,대잠동,,삼성,SKT,척산온천,https://m.blog.naver.com/rnara/221478732030,속초 숙소 척산온천휴양촌
D***6,도곡온천,201911**,M,4,,,      ,          ,,대구,달성군,다사읍,,,,도곡온천,https://m.blog.naver.com/jh630614/221520167548,화순 중봉산도곡온천 기준으로 완벽한 원점회귀 산행코스
D***9,설악한화리조트,201911**,M,2,,,      ,          ,,경기,수원시 권선구,권선동,,,,설악한화리조트,https://blog.naver.com/nayanahanmi/221582702954,강원도 속초여행 물놀이 먹거리 놀거리 가능한 설악 한화리조트
D***5,고씨동굴,201911**,M,5,"생산/노무직 (생산감독, 경비원, 공장근로자)",100만원 미만,아니오,          ,연립주택/ 다세대/ 빌라,서울,용산구,갈월동,,삼성,알뜰폰(MVNO),고씨동굴,https://m.blog.naver.com/sumjin1002/221621090655,태화산 끝자락 억년의 신비가 숨쉬고 있는 고씨동굴
D***5,마차탄광문화촌,201911**,M,3,"서비스직 (요식업, 숙박업, 미용실종업원)",200~299만원,예    ,자녀 있음 ,아파트/ 주상복합,경기,평택시,이충동,"준중형차 (아반떼, K3, 크루즈, 제타급 등)",애플,SKT,마차탄광문화촌,https://m.blog.naver.com/sweetmeto/221715184365,영월여행  강원도 탄광문화촌 단양영월 2박3일 여행
D***8,한탄강,201911**,M,3,"기능직 (자동차정비, 운전기사, 안경사, 택시기사)",400~499만원,아니오,          ,아파트/ 주상복합,대전,서구,탄방동,"스포츠 (제네시스 쿠페, BMW M, 벤츠 AMG 등)",LG,SKT,한탄강,http://nanazip.com/221721990837,철원 카페  송대소 주상절리 한탄강을 배경으로 커피한잔에 빠져보는 모닝캄빌리지 펜션  카페
D***0,청룡사,201911**,F,5,,,      ,          ,,대구,중구,삼덕동3가,,,,청룡사,https://m.blog.naver.com/ykan7/221713770267,191119 안성 서운산 산행청룡사주차장청룡사정상 왕복코스 끝물 단풍 감상하기
D***7,벽계,201911**,M,5,"사무직 (일반사무직, 공무원, 직업군인)",300~399만원,예    ,자녀 있음 ,아파트/ 주상복합,인천,부평구,십정2동,"경차 (모닝, 스파크 등)",삼성,KT,벽계,https://m.blog.naver.com/uiryeonginfo/221691105047,벽계야영장은 새단장 중
D***0,충주호체험,201911**,M,4,"사무직 (일반사무직, 공무원, 직업군인)",400~499만원,아니오,          ,아파트/ 주상복합,경기,안양시 동안구,비산1동,"준중형SUV (투싼, 스포티지, QM5, 티구안급 등)",삼성,KT,충주호체험,https://m.blog.naver.com/yoohr0507/221553190270,충주호 유람선 체험
D***7,청도온천,201911**,F,4,"주부 (전업주부, 파트타임 근무 주부)",400~499만원,예    ,자녀 있음 ,아파트/ 주상복합,충남,천안시 서북구,백석동,,삼성,LG U+,청도온천,https://m.cafe.naver.com/daegumam2003/187255,청도 온천갑니다용
D***5,팔봉산,201911**,F,4,"교직 (교사, 유치원교사, 학원강사)",200~299만원,예    ,자녀 있음 ,연립주택/ 다세대/ 빌라,인천,부평구,산곡3동,,LG,LG U+,팔봉산,https://m.blog.naver.com/cm0917/221711580256,191117 홍천 팔봉산 블랙야크100대명산 산림청100대명산 한국의산하인기100산
D***5,봉개휴양림,201911**,F,4,"교직 (교사, 유치원교사, 학원강사)",200~299만원,예    ,자녀 있음 ,연립주택/ 다세대/ 빌라,인천,부평구,산곡3동,,LG,LG U+,팔봉산,https://m.blog.naver.com/slow_m00n/221700410084,제주교래자연휴양림 큰지그리오름 봉개음식물처리장 냄새 최악
D***3,진도 대명리조트,201911**,M,2,,,      ,          ,,서울,중구,신당6동,,,,진도 대명리조트,https://bluebuskr.blog.me/221645530806,진도 여행 대명리조트 쏠비치 진도 후기
D***2,대천해수욕장,201911**,F,4,"서비스직 (요식업, 숙박업, 미용실종업원)",200~299만원,예    ,자녀 있음 ,아파트/ 주상복합,서울,금천구,독산2동,,삼성,SKT,대천해수욕장,https://m.blog.naver.com/jblee27/221714733376,대천해수욕장 짚라인 타고 스카이라운지에서 커피한잔
D***7,미탄마하생태,201911**,F,4,"사무직 (일반사무직, 공무원, 직업군인)",200~299만원,예    ,자녀 있음 ,아파트/ 주상복합,경남,의령군,의령읍,"경차 (모닝, 스파크 등)",삼성,KT,미탄마하생태,https://m.blog.naver.com/leeewon47/221479158841,대한민국 대표 관광지 강원도 강원도 관광지 현황은
D***2,김제온천,201911**,M,5,"사무직 (일반사무직, 공무원, 직업군인)",500~599만원,예    ,자녀 있음 ,아파트/ 주상복합,경기,파주시,광탄면,"MPV (카니발, 올란도, 피카소급, 오딧세이 등)",LG,LG U+,김제온천,https://m.blog.naver.com/shbae3521/221589492924,김제연꽃아버지의 연사랑 흙바라기연근농장 페이지 김영훈 김계숙
D***1,어답산,201911**,F,3,"사무직 (일반사무직, 공무원, 직업군인)",200~299만원,아니오,          ,아파트/ 주상복합,서울,강남구,논현동,,애플,SKT,어답산,https://m.blog.naver.com/iiijjjiiijjj/221600282946,20190728일 횡성 어답산횡성온천선바위장송어답산 장군봉병지방계곡
D***8,창원 구산해양,201911**,M,2,"학생 (초중고학생, 대학생, 대학원생)",500~599만원,아니오,          ,아파트/ 주상복합,경기,안양시 동안구,범계동,"대형SUV (베라크루즈, 모하비, 투아렉급 등)",삼성,SKT,창원 구산해양,https://blog.naver.com/a23852/221319178127,창원 마산 외곽 구산카페  통통 오션뷰카페
D***9,산정호수,201911**,F,4,"주부 (전업주부, 파트타임 근무 주부)",200~299만원,예    ,자녀 있음 ,아파트/ 주상복합,경기,남양주시,진접읍,"준중형차 (아반떼, K3, 크루즈, 제타급 등)",애플,LG U+,산정호수,https://tcacyc.blog.me/221725616480,포천 산정호수 둘레길을 걸으며
D***0,담양호,201911**,M,2,,,      ,          ,,서울,송파구,오륜동,,,,담양호,https://m.blog.naver.com/ka8564/221652276574,담양호 용마루길따라 과녁바위산을 돌아오는 트레킹코스
D***1,안면도,201911**,M,3,"사무직 (일반사무직, 공무원, 직업군인)",200~299만원,아니오,          ,아파트/ 주상복합,충북,청주시 흥덕구,수곡동,,삼성,KT,안면도,http://m.blog.daum.net/_blog/_m/articleView.do?blogid=0UCYA&articleno=5829,"충남 태안 가볼만한곳, 안면도 자연휴양림 무장애 나눔길"
D***0,남원,201911**,F,5,"교직 (교사, 유치원교사, 학원강사)",600~699만원,아니오,          ,아파트/ 주상복합,서울,광진구,광장동,"대형SUV (베라크루즈, 모하비, 투아렉급 등)",LG,KT,남원,https://m.blog.naver.com/lesu0/221715390631,국내여행  남원숙소 너무 좋았던 에어비앤비 수곡당
D***3,경주 감포,201911**,M,5,"기능직 (자동차정비, 운전기사, 안경사, 택시기사)",400~499만원,예    ,자녀 있음 ,아파트/ 주상복합,서울,광진구,자양3동,기타 (승합차/트럭/화물차/기타 차량 등),삼성,SKT,경주 감포,https://blog.naver.com/daisykim1987/221485776355,감포팬션바닷가가 한눈에 보이는 경주 팬션
D***5,금강하구둑,201911**,F,2,"사무직 (일반사무직, 공무원, 직업군인)",100~199만원,아니오,          ,오피스텔,서울,은평구,진관동,,애플,SKT,금강하구둑,https://m.blog.naver.com/11cap/221590974456,금강자전거길신탄진금강하구둑20190702
D***8,레인보우힐링,201911**,M,4,"사무직 (일반사무직, 공무원, 직업군인)",800~899만원,예    ,자녀 있음 ,아파트/ 주상복합,서울,성동구,금호동4가,"준대형차 (그랜저, K7, 알페온, 캠리급, 파사트급 등)",LG,LG U+,레인보우힐링,https://m.blog.naver.com/ydpodoblog/221581379841,민주지산 자연휴양림 레인보우 힐링 숲속 가요제
D***5,마곡온천,201911**,M,2,"학생 (초중고학생, 대학생, 대학원생)","1,000만원 이상",아니오,          ,아파트/ 주상복합,충북,청주시 흥덕구,모충동,,애플,KT,마곡온천,https://m.blog.naver.com/coco_8600/221653876224,강화도 여행 마곡 맛집  동천  석모도미네랄온천
D***0,신화역사공원,201911**,F,4,,,      ,          ,,서울,노원구,하계2동,,,,신화역사공원,https://present0955.blog.me/221723400417,제주 신화역사공원 홍차 카페 다만프레르
D***4,회상나루,201911**,M,4,"사무직 (일반사무직, 공무원, 직업군인)",200~299만원,예    ,자녀 없음 ,아파트/ 주상복합,경기,용인시 기흥구,신갈동,"준중형차 (아반떼, K3, 크루즈, 제타급 등)",애플,SKT,회상나루,https://m.blog.naver.com/easagol/221179750285,회상나루 객주촌
D***2,경주 감포,201911**,M,3,기타 ,300~399만원,아니오,          ,연립주택/ 다세대/ 빌라,경기,수원시 영통구,원천동,"소형SUV/CUV (티볼리, QM3 등)",삼성,알뜰폰(MVNO),경주 감포,https://blog.naver.com/daisykim1987/221485776355,감포팬션바닷가가 한눈에 보이는 경주 팬션
D***1,고령부례,201911**,F,3,"사무직 (일반사무직, 공무원, 직업군인)",100~199만원,아니오,          ,아파트/ 주상복합,서울,강남구,논현1동,,삼성,KT,고령부례,https://m.blog.naver.com/gusdnr0409/221296355711,고령부례관광지 카라반  대구근교카라반
D***1,성산포해양,201911**,F,3,"전문직 (의사, 판검사, 예술가, 종교인)",400~499만원,예    ,자녀 있음 ,아파트/ 주상복합,전남,화순군,화순읍,"준중형차 (아반떼, K3, 크루즈, 제타급 등)",LG,LG U+,성산포해양,https://blog.naver.com/wj-story/221466807198,설 구정에 어머니와 함께 성산포 성당 광치기해변 제주해양동물박물관 겨울 유채꽃 2월 제주
D***3,경산온천,201911**,M,5,"자영업 (도소매업, 숙박업, 미용업)",400~499만원,예    ,자녀 있음 ,아파트/ 주상복합,인천,계양구,작전서운동,"대형차 (제너시스, BMW5급 등)",삼성,SKT,경산온천,https://m.blog.naver.com/nara4009/221619540380,경산온천상대온천좋아요
D***3,청도온천,201911**,M,3,,,      ,          ,,경기,용인시 수지구,신봉동,,삼성,SKT,청도온천,https://m.cafe.naver.com/daegumam2003/187255,청도 온천갑니다용
D***7,보적사,201911**,M,5,"관리직 (사장, 간부, 고위공무원)",900~999만원,예    ,자녀 있음 ,아파트/ 주상복합,강원,춘천시,동내면,"대형차 (제너시스, BMW5급 등)",LG,LG U+,보적사,https://m.blog.naver.com/n_n630/221683022330,나홀로 가을 산행  독산성 세마대지 보적사 다녀오기
D***5,지장사,201911**,M,4,"판매직 (상점점원, 보험설계사, 노점상)",200~299만원,아니오,          ,연립주택/ 다세대/ 빌라,서울,강남구,일원동,,삼성,SKT,지장사,https://m.blog.naver.com/asforlove/221709499900,방탄소년단 정국 지장사 직원분이 알려준 꾹이 비하인드스토리
D***9,쌍계사,201911**,F,2,무직,400~499만원,아니오,          ,아파트/ 주상복합,경기,의왕시,내손1동,"MPV (카니발, 올란도, 피카소급, 오딧세이 등)",애플,SKT,쌍계사,https://m.blog.naver.com/gnfeel/221717628454,경상남도 하동  하동 가볼만한곳 지리산자락으로 가을여행 떠나요 하동 쌍계사
D***1,횡성 드림마운틴,201911**,M,2,,,      ,          ,,경기,수원시 장안구,정자2동,,,,횡성 드림마운틴,https://blog.naver.com/asj910520/221251985378,드림마운틴 횡성 드림마운틴은 무엇인가
D***8,구문소,201911**,M,5,"자영업 (도소매업, 숙박업, 미용업)",400~499만원,예    ,자녀 있음 ,아파트/ 주상복합,서울,영등포구,신길동,기타 (승합차/트럭/화물차/기타 차량 등),삼성,KT,구문소,http://m.blog.daum.net/_blog/_m/articleView.do?blogid=05TrK&articleno=15963487,억년의 세월이 빚은 비경 태백팔경 구문소
D***0,궁평,201911**,F,2,"사무직 (일반사무직, 공무원, 직업군인)",400~499만원,아니오,          ,아파트/ 주상복합,광주,광산구,운남동,"소형차 (액센트, 프라이드, 아베오, 피아트급 등)",애플,SKT,궁평,http://blog.daum.net/seohwi/277,궁평의 마을
D***2,덕산온천,201911**,M,3,"사무직 (일반사무직, 공무원, 직업군인)",200~299만원,아니오,          ,아파트/ 주상복합,충북,청주시 흥덕구,신봉동,"준중형SUV (투싼, 스포티지, QM5, 티구안급 등)",삼성,SKT,덕산온천,https://m.blog.naver.com/oksusu90/221670136981,짧은 나들이 덕산온천여행 선물처럼 만난 코스모스
D***1,장흥,201911**,M,3,기타 ,300~399만원,예    ,자녀 없음 ,아파트/ 주상복합,인천,연수구,연수동,"소형차 (액센트, 프라이드, 아베오, 피아트급 등)",LG,SKT,장흥,https://blog.naver.com/queen77577/221721828437,서울 근교 장흥 참숯가마 고구마 구워 먹고 놀기 좋아
D***9,해남사,201911**,M,3,"농/축/광/수산업 (축산, 낙농업, 수산, 임업, 광업)",200~299만원,아니오,          ,연립주택/ 다세대/ 빌라,서울,노원구,상계6.7동,,,휴대전화 사용안함,해남사,https://m.blog.naver.com/lyhlsrn/221626646930,해남사 양대응 스님
D***2,화암사,201911**,F,5,"서비스직 (요식업, 숙박업, 미용실종업원)",200~299만원,예    ,자녀 있음 ,기타 ,경북,문경시,모전동,,삼성,LG U+,화암사,https://m.blog.naver.com/happykids70/221674944427,화암사 숲길 신선대에서 바라보는 울산바위
