구매id,리뷰날짜,구매옵션,리뷰내용,리뷰점수,수량,감정분석결과
zlem****,2025-03-28T00:57:25.632+00:00,자전거: 01.삼천리 카라 / 컬러: 다크블루(바구니포함),배송빠르고 좋아요 ㅋㅋㅋ,3,1,부정
adon******,2025-03-23T01:04:04.402+00:00,자전거: 01.삼천리 카라 / 컬러: 아이보리(바구니포함),좋은 자전거 삼천리,5,1,부정
jloy****,2025-02-13T05:57:00.888+00:00,자전거: 02.삼천리 메이비20 / 컬러: 민트(바구니포함),마음에듭니다 또 구매할게요,5,2,긍정
juda*******,2025-02-12T16:54:05.318+00:00,자전거: 01.삼천리 카라 / 컬러: 다크블루(바구니포함),좋습니다 잘타고다닙니다,5,1,긍정
isan****,2025-02-18T11:33:45.126+00:00,자전거: 01.삼천리 카라 / 컬러: 다크블루(바구니포함),"디자인이 예뻐요 자전거는 왕초보가 타기엔
약간 무거운거 같아요",5,1,긍정
phil*********,2025-01-29T02:34:05.874+00:00,자전거: 01.삼천리 카라 / 컬러: 다크블루(바구니포함),자전거 온라인구매망설엿는데 잘산거같아여,5,1,긍정
lamu****,2025-01-17T13:47:21.468+00:00,자전거: 02.삼천리 메이비20 / 컬러: 민트(바구니포함),"아직 안탔지만 일단 이뻐보이네요
잘 쓰겠습니다",5,1,긍정
juda*******,2025-01-13T17:07:31.032+00:00,자전거: 01.삼천리 카라 / 컬러: 다크블루(바구니포함),감사합니다 잘받았습니다,5,1,부정
gjdu******,2025-01-10T14:14:44.534+00:00,자전거: 02.삼천리 메이비20 / 컬러: 라이트핑크(바구니포함),잘타고 있습니다 많이 사세요,5,1,긍정
jloy****,2025-01-03T13:16:56.989+00:00,자전거: 02.삼천리 메이비20 / 컬러: 민트(바구니포함),마음에듭니다 또 구매할게요,5,1,부정
loo4****,2025-01-26T07:01:04.268+00:00,자전거: 01.삼천리 카라 / 컬러: 다크블루(바구니포함),배송이 빠르고 예쁘네요,5,1,긍정
qumo***,2025-01-11T07:04:54.914+00:00,자전거: 01.삼천리 카라 / 컬러: 다크블루(바구니포함),접이식지전거는 매장에 안팔아서 인터넷으로 주문한거고 뭐 품질이야 익히 아는거니 만족합니다,5,1,긍정
para*****,2024-12-05T02:47:34.588+00:00,자전거: 02.삼천리 메이비20 / 컬러: 라이트핑크(바구니포함),"보조 바퀴 다느라 고생 좀 했지만, (대리점 방문) 초1 딸래미가 아주 좋아합니다^^",5,1,부정
phil*********,2024-12-17T10:21:04.150+00:00,자전거: 01.삼천리 카라 / 컬러: 다크블루(바구니포함),자전거온라인이라 많이 고민햇는데 잘산거같아여 아직 조립전이라 대충후기봣는데 조립쉬울거같아여,5,1,긍정
heow******,2024-12-25T12:18:46.438+00:00,자전거: 02.삼천리 메이비20 / 컬러: 민트(바구니포함),"감사합니다 
잘 쓰겠습니다",5,1,부정
euns*****,2024-11-04T06:56:41.087+00:00,자전거: 01.삼천리 카라 / 컬러: 다크블루(바구니포함),부모님께서 예쁘고 좋다고 하시네요.,5,1,긍정
syh4***,2024-11-20T13:53:43.367+00:00,자전거: 02.삼천리 메이비20 / 컬러: 라이트핑크(바구니포함),배송빠르고상춤좋아요굿,5,1,부정
qumo***,2024-10-22T12:50:46.246+00:00,자전거: 01.삼천리 카라 / 컬러: 다크블루(바구니포함),"디자인이 너무 예뻐요

브래이크 조정이 좀 어려웠어요",5,1,긍정
saes****,2024-11-09T14:53:27.242+00:00,자전거: 01.삼천리 카라 / 컬러: 다크블루(바구니포함),배송도 빠르고 자건거도 예쁘고 좋아요.,5,1,부정
zene****,2024-09-21T23:09:27.631+00:00,자전거: 01.삼천리 카라 / 컬러: 다크블루(바구니포함),배송 정말빠르네요~ 자전거가 이뿝니다~ 높이조절되어서 타는대 불편감 없구요~ 다리가 긴분들은 헨들이랑 안장사이 간격이 좁아 조금 불편할수도 있겠네요~ 잘타겠습니다~,5,1,부정
heow******,2024-10-17T10:21:25.022+00:00,자전거: 02.삼천리 메이비20 / 컬러: 민트(바구니포함),"감사합니다 
두 번째 구매입니다.
잘 타겠습니다 ㅋ",5,1,긍정
gjdu******,2024-10-24T11:28:14.143+00:00,자전거: 02.삼천리 메이비20 / 컬러: 라이트핑크(바구니포함),딸이.잘 타고 있습니다.,5,1,긍정
mula*****,2024-10-12T13:51:51.679+00:00,자전거: 01.삼천리 카라 / 컬러: 다크블루(바구니포함),초저아이들 자전거로 적당합니다 오래 사고없이 잘탔으면해요,5,1,부정
dddh******,2024-10-29T02:17:28.736+00:00,자전거: 01.삼천리 카라 / 컬러: 다크블루(바구니포함),"아이가 좋아해요~
바구니는 찌그러져서 왔어요 😭",5,1,긍정
ga****,2024-10-05T08:25:18.119+00:00,자전거: 01.삼천리 카라 / 컬러: 다크블루(바구니포함),보조바퀴 장착이 조금 어려운거  빼고 대만족 입니다 잘탈게요,5,1,부정
pk****,2024-09-24T04:37:28.745+00:00,자전거: 01.삼천리 카라 / 컬러: 다크블루(바구니포함),"타지않고 . 아파트에서 바람채워놓고 그냥 놔두기만 했는데 바람이 푹 빠졌어요.ㅠ
이거 괜찮은건가요?ㅠ",5,1,부정
sung****,2024-10-24T14:16:27.067+00:00,자전거: 01.삼천리 카라 / 컬러: 다크블루(바구니포함),잘 쓰겠습니다 감사합니다,5,1,부정
ozic*****,2024-07-18T05:07:41.451+00:00,자전거: 01.삼천리 카라 / 컬러: 다크블루(바구니포함),"빠른 기일 내에 배송 잘 받있습니다.
아이 자전거를 구입하기 위해서 여기 저기 알아보다가,
 자전거 하면 삼찬리 이니까요, 삼천리 카라로 선택 하였습니다.

색상 사진과 똑같고, 디자인도 괜찮아요,
초등학생 여자이이, 남자아이가 탈려고 하는데, 안장 높 낮이 조절로 130~ 180까지도 무난 할 것 같습니다.

조립은 조립하는 사람마다 다를 수 있겠지만,
간단하고, 쉽게 조립 하였습니다.

딸이랑 함께 조립 하였는데, 딸이 옆에서 보조 해 주니까 더 빨리 조립 했던것 같아요, 함께 조립하는 시간도 좋았구요.

삼천리니까 잔고장 없겠죠~ 
안전히 잘 타겠습니다~


자전거는 무게가 초등학생 아이들 기준으로는 가볍지는 않습니다. 너무 가벼우면 고장이 잘 날 수 도 있을 것 같아서 견고해 보이는 걸로 무게는 퉁 칩니다.

비슷하거나 좀 더 저렴한 것들도 있지만, 삼천리로 픽 했습니다.

좋아요. 추천합니다.",5,1,부정
dusn****,2024-09-27T00:30:08.551+00:00,자전거: 01.삼천리 카라 / 컬러: 다크블루(바구니포함),"아직 안타봤지만 좋아보여요!!
접이식이라 차 트렁크에 가지고 다닐 수 있어서 좋아요! 요번 주말에 공원가서 타볼예정입니다",5,1,부정
eksn****,2024-09-23T10:57:51.815+00:00,자전거: 01.삼천리 카라 / 컬러: 다크블루(바구니포함),적당한 가격에 생활 저전거로  좋아요.,5,1,긍정
wels****,2024-10-12T06:17:23.052+00:00,자전거: 01.삼천리 카라 / 컬러: 다크블루(바구니포함),여전히 열심히 타고 있어요 아주 맘에 쏙드나봐요 좋아요,5,1,긍정
took****,2024-09-04T15:01:45.854+00:00,자전거: 01.삼천리 카라 / 컬러: 다크블루(바구니포함),잘타고 다닙니다 잘구매한거 같아요,5,1,긍정
baby*******,2024-09-06T05:05:07.556+00:00,자전거: 01.삼천리 카라 / 컬러: 다크블루(바구니포함),"아이와 함께 타니 너무 좋더라구요
사이즈도 적당하니 딱 좋아요
잘 쓸게요^^",4,1,긍정
jsjh****,2024-09-04T09:32:01.941+00:00,자전거: 01.삼천리 카라 / 컬러: 다크블루(바구니포함),"접이식이라 뒷트렁크 들어가고 좋아요
조립도 간편",5,1,긍정
eh****,2024-08-26T11:17:57.523+00:00,자전거: 03.삼천리 화이트라벨 / 컬러: 블랙,배송빠르고 조립 쉬워요 근데 앞네 손잡이 기둥 부분은 계속 움직이는 어떻게 조여요?,5,1,부정
sung****,2024-09-04T06:22:09.381+00:00,자전거: 01.삼천리 카라 / 컬러: 다크블루(바구니포함),잘 탈게여. 감사합니다.,5,1,긍정
se****,2024-08-25T11:51:26.471+00:00,자전거: 01.삼천리 카라 / 컬러: 다크블루(바구니포함),너무 마음에 들어요. 날씨가 좀 선선해지면 더 잘 탈게요. 따릉따릉 소리도 잘 나요.,5,1,긍정
took****,2024-07-20T12:26:57.185+00:00,자전거: 01.삼천리 카라 / 컬러: 다크블루(바구니포함),조립은 쉬윘습니다 배송도 빠르고 하지만 브레이크랑 기어가 잘 안맞아서 매장방문을 ㅠㅠ 다행이 아는분이라 그냥 손봐주셨는데 조금만더 신경써서 조립만하면 완벽하게 보내주셨으면 좋앟을걸 아쉬움이 남네요,4,1,긍정
quq2***,2024-08-28T12:59:15.445+00:00,자전거: 03.삼천리 화이트라벨 / 컬러: 블랙,"주 2~3회 1시간정도 탑니다
엉덩이 조금 아픈거 빼곤 만족습럽게 타고 다니고잇습니다",5,1,긍정
jeon********,2024-09-13T11:15:42.568+00:00,자전거: 01.삼천리 카라 / 컬러: 다크블루(바구니포함),좋아요 좋아요 좋아요 좋아요 좋아요 좋아요 좋아요 좋아요 좋아요,5,1,부정
wels****,2024-08-09T06:04:19.546+00:00,자전거: 01.삼천리 카라 / 컬러: 다크블루(바구니포함),엄청 맘에 들어 합니다. 좋아하네요^^ 넘어지지 말고 언능 두발자전거 까지 슝슝~~~~,5,1,긍정
heey*****,2024-08-07T16:03:44.504+00:00,자전거: 01.삼천리 카라 / 컬러: 다크블루(바구니포함),아직 두발자전거 도전중이라 보조바퀴달고 타고 있는데 차에두려고 접이식을 샀고 보관중인데 꽤 무겁긴하네요,4,1,긍정
dool***,2024-09-25T00:31:06.648+00:00,자전거: 01.삼천리 카라 / 컬러: 다크블루(바구니포함),배송빠릅니다....,5,1,부정
ayk7***,2024-09-21T02:15:06.170+00:00,자전거: 03.삼천리 화이트라벨 / 컬러: 블랙,조거낙닥나긔닥낙짓거,3,1,긍정
lala***,2024-08-19T20:16:53.731+00:00,자전거: 01.삼천리 카라 / 컬러: 다크블루(바구니포함),"9살아들이 아주 잘타고다녀요
사이즈도 딱이에요",5,1,부정
taro****,2024-08-10T03:11:41.309+00:00,자전거: 01.삼천리 카라 / 컬러: 다크블루(바구니포함),출퇴근용으로 구매했어요! 사이즈도 적당하고 앞에 바구니도 있어서 좋아요. 사이즈가 작다는 리뷰가 있어서 너무 작을까봐 걱정했는데 키 작은 성인여성이 타기에 사이즈 괜찮았어요. 쿠션이 푹신한 편은 아니긴하지만 회사가 자전거로 5분정도 거리라 큰 불편함은 없어요. 잘 타고 다니겠습니다 :),5,1,부정
vinc***,2024-08-22T05:41:28.753+00:00,자전거: 01.삼천리 카라 / 컬러: 다크블루(바구니포함),"아이가 처음 타는데도
금방타네요",5,1,부정
simb****,2024-08-15T10:26:08.139+00:00,자전거: 01.삼천리 카라 / 컬러: 다크블루(바구니포함),아이가 자전거 잘 타고 있습니다 자전거 타는걸 너무 좋아하네요,4,1,긍정
rona*****,2024-07-02T07:42:40.513+00:00,자전거: 01.삼천리 카라 / 컬러: 다크블루(바구니포함),아들이 너무좋아합니다 ㅎㅎ 비만안오면 타러나가자고 하네요 가격대비 최고의 자건거 같습니다 배송도 빠르구요 조립? 여자분들도 할수있는 정도 입니다 초등학생3학년 남자 애구요 타 적당해요 어른인 제가타기에는 약간 버거운지 와이프가 당장 내리라고 하더군요 ㅎㅎ 상품은 대박 만족입니다,5,1,긍정
hmj3****,2024-07-26T05:33:19.006+00:00,자전거: 01.삼천리 카라 / 컬러: 다크블루(바구니포함),"키152  아이 편안하게 탈수있는 자전거입니다
165미만 성인여자도 충분히 탈수있을듯 해요 디자인도 예쁘고 무게도 괜찮습니다^^",5,1,부정
wody******,2024-09-10T02:05:18.848+00:00,자전거: 02.삼천리 메이비20 / 컬러: 민트(바구니포함),아이가 아주 좋아해요~,5,1,부정
wjdt******,2024-09-02T00:32:46.287+00:00,자전거: 01.삼천리 카라 / 컬러: 다크블루(바구니포함),아이가 너무 좋아해요~~예뻐요,5,1,긍정
raub***,2024-08-12T06:17:01.617+00:00,자전거: 01.삼천리 카라 / 컬러: 다크블루(바구니포함),자전거가 아주 튼튼하다고 경품 받은 손님이 가을되면 또 자전거 시작할거라고 .. 하십니당,5,1,긍정
rlal******,2024-09-05T07:49:45.091+00:00,자전거: 01.삼천리 카라 / 컬러: 다크블루(바구니포함),아직도 잘타고있습니다 좋아요,5,1,부정
kjwo****,2024-08-17T09:09:34.510+00:00,자전거: 01.삼천리 카라 / 컬러: 다크블루(바구니포함),편하고 잘 나갑니다 추천이요~,5,1,부정
lyun****,2024-08-28T23:31:45.172+00:00,자전거: 01.삼천리 카라 / 컬러: 다크블루(바구니포함),아이가잘타요 디자인도이뻐요,5,1,긍정
an02****,2024-07-24T17:33:53.601+00:00,자전거: 01.삼천리 카라 / 컬러: 다크블루(바구니포함),초보도 조립하기 쉬워요!! 여자친구한테 선물해줬는데 너무 좋아하네요 ㅎㅎ 동네에서 잘 타고 다니는 것 같아요!,5,1,긍정
high*****,2024-08-06T03:06:29.531+00:00,자전거: 03.삼천리 화이트라벨 / 컬러: 블랙,"아버지 사드렸는데 좋아하세요, 조립도 어렵지않네요",5,1,부정
bobo****,2024-08-13T07:32:38.733+00:00,자전거: 02.삼천리 메이비20 / 컬러: 민트(바구니포함),초3 딸아이가 잘타고 다닙니다.,5,1,부정
auau****,2024-08-29T14:06:30.083+00:00,자전거: 01.삼천리 카라 / 컬러: 다크블루(바구니포함),제가타기에 사이즈가 맞는거같아요  운동하게되어요,5,1,부정
k091***,2024-07-30T11:09:07.567+00:00,자전거: 01.삼천리 카라 / 컬러: 다크블루(바구니포함),"초 2 아이 첫 자전거~~^^
배송도 빠르고 제품도 좋아요~~",5,1,부정
jsjh****,2024-08-03T01:28:50.946+00:00,자전거: 01.삼천리 카라 / 컬러: 다크블루(바구니포함),"성인여자, 초등 고학년 같이 타려고 샀어요
굿!",5,1,긍정
st****,2024-08-28T03:33:26.081+00:00,자전거: 01.삼천리 카라 / 컬러: 다크블루(바구니포함),자전거 배우기 용으로 적합해 보입니다.,5,1,부정
skji*****,2024-07-08T09:20:02.711+00:00,자전거: 02.삼천리 메이비20 / 컬러: 민트(바구니포함),"아이가 타던 자건거가 고장나서 새로샀는데 
여자혼자 조립하기 빡쎕니다... 
조립다하고 박스에 자전거전문점가서 조립하라는거 
뒤늦게 봤네요..😭
아이가 좋아해서 만족합니다. 
바퀴바람 따로 좀 더 넣어야 합니다.
조립방법 유투브 설명서있음 좋았을것같은데 조금 아쉬웠네요",4,1,긍정
wjdt******,2024-08-01T15:38:42.938+00:00,자전거: 01.삼천리 카라 / 컬러: 다크블루(바구니포함),"자전거가 예뻐요~
초3  아이한테 딱이네요^^",5,1,부정
choi*******,2024-08-07T00:42:49.898+00:00,자전거: 01.삼천리 카라 / 컬러: 다크블루(바구니포함),좋아서 엄마 아빠 한대식 사드렸습니다 😊,5,1,긍정
dew2***,2024-07-19T05:55:19.068+00:00,자전거: 01.삼천리 카라 / 컬러: 다크블루(바구니포함),배송 빨랐고 상품 포장도 아주 꼼꼼하게 잘 도착했습니다. 아이에겐 약간 크지만 잘 태워보아야 겠어요.,5,1,부정
dool******,2024-08-02T01:16:41.471+00:00,자전거: 01.삼천리 카라 / 컬러: 다크블루(바구니포함),조립하기 쉽고 깔끔하니 좋아요.,5,1,긍정
gusa*****,2024-08-02T01:55:38.761+00:00,자전거: 01.삼천리 카라 / 컬러: 다크블루(바구니포함),부모님이 타신다고 해서 주문했어요~,4,1,부정
xsw1***,2024-07-18T12:03:44.244+00:00,자전거: 01.삼천리 카라 / 컬러: 다크블루(바구니포함),"탈만 한데 좀 작음.. 어른이 타기에 작다기 보다.. 체중이 70키로 미만이거나 키가 170. 미만의 사람이면 탈 만도 한데, 전체적으로 청소년들이 타기에 적당할 듯",4,1,긍정
lost****,2024-06-19T14:05:59.055+00:00,자전거: 03.삼천리 화이트라벨 / 컬러: 블랙,"처음 조립이후 바람넣는거에 애먹었어요
 바람넣는기구와 잘 결착이 안되면 안들어갑니다.
집에서 지하철까지 1km 왔다갔다하는용도로 저렴하게 구매했고 승차감이 안좋다는 이야기에 추가로 자전거 안장 커버도 같이 구매했지만 크게 소용없는거 같아요.
제품 자체가 바퀴가 얇고 서스펜션기능은 없기때문에 고스란히 안장에 전달됩니다.
다만 저렴하기때문에 지하철 역앞에 두고 퇴근시간에 다시 끌고와도 딱히 분실걱정, 분실되더라도 매우 크게(?) 아쉬워 하지는 않을거 같은점은 장점입니다.
핸들에 벨과 라이트도 있습니다.",4,1,긍정
lost****,2024-07-23T01:49:41.540+00:00,자전거: 03.삼천리 화이트라벨 / 컬러: 블랙,"앞바퀴 바람이 자꾸 빠짐, 장마로 인해 타지 않고 2주간 방치하였는데 그사이에도 바람이 빠져있음.
최초 문의 이후에 다시 해결했다고 채팅하였을때 최소한의 답장도 없고 응대에도 답변도 없었음. 
저렴한가격으로 감안 한다지만 가성비가 훌륭하고 좋은 제품은 절대 못됨.",1,1,긍정
xodi*******,2024-08-19T23:28:37.581+00:00,자전거: 01.삼천리 카라 / 컬러: 다크블루(바구니포함),배송도 빠르고 좋네요,5,1,부정
cute****,2024-07-10T10:12:41.645+00:00,자전거: 01.삼천리 카라 / 컬러: 다크블루(바구니포함),"아이가 너무 좋아해요 ㅎ 첫 자전거라서 더 기대해요
성인이타도되고 디자이너 예뻐요",5,1,부정
quq2***,2024-07-17T12:55:39.094+00:00,자전거: 03.삼천리 화이트라벨 / 컬러: 블랙,엉덩이쿠션 추가했는데 그래도 조금 아픕니다 그거 빼곤 보관도 편하고 좋아요!,5,1,긍정
jina*****,2024-07-20T13:16:55.829+00:00,자전거: 01.삼천리 카라 / 컬러: 다크블루(바구니포함),잘타고있어요~아이가좋아해요,4,1,긍정
ye****,2024-07-08T08:55:23.232+00:00,자전거: 01.삼천리 카라 / 컬러: 다크블루(바구니포함),디자인이 우선 너무 이뻐요. 사진으로 봤을때보다 실물이 더 이뻐서 놀랬습니다. 앞으로 잘 타고 다닐 것 같아요~,5,1,부정
ks****,2024-08-16T00:23:18.950+00:00,자전거: 01.삼천리 카라 / 컬러: 다크블루(바구니포함),초4아들이 잘타고다녀요,5,1,긍정
vinc***,2024-07-23T07:45:47.892+00:00,자전거: 01.삼천리 카라 / 컬러: 다크블루(바구니포함),아이가 엄청 좋아합니다,5,1,긍정
2den****,2024-07-11T08:35:48.118+00:00,자전거: 01.삼천리 카라 / 컬러: 다크블루(바구니포함),"어머니 동네 마실용 잔차 뽑아드렸어요!
기존에 타셨던 잔차를 누가 훔쳐간 바람에
급하게 이 잔차 사드렸는데, 너무 좋아하셔서
되려 제가 더 기분 좋은 구매였어요.
무게는 조금 나가는데 그만큼 뭐 튼튼하다는 
반증이니까요~ 배송도 빠르고 만족!",5,1,긍정
neog*****,2024-07-03T12:38:15.636+00:00,자전거: 01.삼천리 카라 / 컬러: 다크블루(바구니포함),초3아이 자전거 업글해주면서 바꿔줬어요~ 좋네요,5,1,긍정
clau******,2024-07-23T00:22:31.685+00:00,자전거: 03.삼천리 화이트라벨 / 컬러: 블랙,마음에 들고 좋습니다.,5,1,부정
dark*****,2024-06-24T11:20:17.677+00:00,자전거: 01.삼천리 카라 / 컬러: 다크블루(바구니포함),"승차감도 좋고, 가격도 착한데 디자인도 이뻐요.
살짝 무게감은 느껴집니다.그래도 이가격에 최고에요",5,1,긍정
simb****,2024-07-14T05:27:29.018+00:00,자전거: 01.삼천리 카라 / 컬러: 다크블루(바구니포함),아이가 잘 타고 있습니다 초등학생용으로 좋네요,4,1,긍정
jeon********,2024-07-27T23:52:53.394+00:00,자전거: 01.삼천리 카라 / 컬러: 다크블루(바구니포함),좋아요 좋아요 좋아요 좋아요 좋아요 좋아요 좋아요,5,1,긍정
5cha****,2024-07-07T11:39:51.750+00:00,자전거: 01.삼천리 카라 / 컬러: 아이보리(바구니포함),튼튼해요 아이가 불편함 없이 잘 타고 놀아요,5,1,긍정
dada******,2024-06-03T23:16:24.518+00:00,자전거: 01.삼천리 카라 / 컬러: 아이보리(바구니포함),"초등학교2학년 여자아이예요 .아무 어려움 없이 잘 타요. 조립은 남편이 뚝딱뚝딱 쉽게 했고 혹시몰라 아이와 대리점가서 안장높이 다시  보고 점검했어요.
아이가 정말좋아하네요.",5,1,부정
pook*****,2024-07-26T05:22:14.813+00:00,자전거: 01.삼천리 카라 / 컬러: 다크블루(바구니포함),주변 분들이 애들이 타고 다니는 거 아니냐며 얘기하시지만 출퇴근 때 요긴하게 타고 있습니다,5,1,부정
pssj*****,2024-06-12T11:24:44.009+00:00,자전거: 01.삼천리 카라 / 컬러: 다크블루(바구니포함),"배송 빨리왔구 조립하기도 완전 쉬워요
아직 타기 전이지만 만족합니다
다만 바구니가 찌그러져 왔어요
교환해주세요",5,1,부정
yh****,2024-07-07T13:58:17.997+00:00,자전거: 01.삼천리 카라 / 컬러: 다크블루(바구니포함),"배송도 빠르고 자전거가
귀여워요",5,1,긍정
fl****,2024-05-25T06:37:05.289+00:00,자전거: 01.삼천리 카라 / 컬러: 다크블루(바구니포함),배송 빠르게오고 조립도 간편해 좋았어요. 제품자체가 견고하고 단단한느낌이라 아이들이타도 걱정없을거 같아요. 보조바퀴 결합시키는게 약간 힘을줘야되는점 제외하곤 아주만족합니다.,5,1,긍정
drin***,2024-07-24T11:38:51.713+00:00,자전거: 01.삼천리 카라 / 컬러: 다크블루(바구니포함),"동네 산책용으로 구매했는데 가볍게 타기
조아용",5,1,긍정
sims********,2024-07-05T11:38:01.470+00:00,자전거: 01.삼천리 카라 / 컬러: 아이보리(바구니포함),구입목적이 동네 마실용이었는데 정확하게 부합해요 ㅎ,5,1,긍정
kyou*****,2024-07-16T04:39:42.262+00:00,자전거: 01.삼천리 카라 / 컬러: 다크블루(바구니포함),매일 1~2시간 자전거 타고다니는데 안장커버 씌우고 타서 그런지 생각보다 엉덩이 아프지 않아서 좋습니다 잘타고 있습니다,5,1,부정
hiko****,2024-07-09T06:18:53.562+00:00,자전거: 01.삼천리 카라 / 컬러: 아이보리(바구니포함),아이가 잘타고 다녀요,3,1,긍정
se****,2024-06-18T13:18:00.582+00:00,자전거: 01.삼천리 카라 / 컬러: 다크블루(바구니포함),바구니가 살짝 튀어나온 부분이 있어서 말씀드리니 잘 해결해 주셨어요. 김사드립니다. 새 자전거 타고 슝슝~^^,5,1,부정
lala***,2024-06-27T00:40:14.955+00:00,자전거: 01.삼천리 카라 / 컬러: 다크블루(바구니포함),초등아이한테사이즈딱조아요 너무잘타요 이뻐요,5,1,긍정
gong****,2024-07-04T09:53:11.605+00:00,자전거: 01.삼천리 카라 / 컬러: 다크블루(바구니포함),아이델고 타기 좋아요,5,1,부정
leef***,2024-06-27T01:20:53.281+00:00,자전거: 03.삼천리 화이트라벨 / 컬러: 블랙,"대체로 만족합니다.
잘사용할게요",5,1,부정
fi****,2024-06-27T04:14:11.953+00:00,자전거: 01.삼천리 카라 / 컬러: 아이보리(바구니포함),만족하며 잘 타고 있습니다.!!,5,1,부정
rlal******,2024-06-22T07:32:00.699+00:00,자전거: 01.삼천리 카라 / 컬러: 다크블루(바구니포함),좋아요 아들이 너무 만족하네오,5,1,긍정
raub***,2024-06-21T04:36:38.308+00:00,자전거: 01.삼천리 카라 / 컬러: 다크블루(바구니포함),홍보관 행사 사은품으로 인기 좋아요,5,1,긍정
ba****,2024-06-24T10:27:48.281+00:00,자전거: 01.삼천리 카라 / 컬러: 다크블루(바구니포함),초4아이를 위해 샀어요. 접히니까 좋아요,5,1,부정
raub***,2024-07-01T05:41:41.577+00:00,자전거: 01.삼천리 카라 / 컬러: 다크블루(바구니포함),자전거 덕분에 행사 잘 마쳤습니다 ㅎㅎ,5,1,긍정
df10****,2024-05-24T10:34:28.203+00:00,자전거: 01.삼천리 카라 / 컬러: 다크블루(바구니포함),초4 남자아이 탈려고 구입했어요 차에 싣고 다녀야하기에 접이식으로 골랐는데 일단 가격대가 맘에 들고 디자인도 이뻐요 무게감은 있지만 가격대가 저렴하니 감안할점이고 아이가 타보더니 너무 좋아해요 2년정도 타다가 동생 물려주면 될것 같아요,5,1,긍정
jio7***,2024-07-20T10:50:40.518+00:00,자전거: 01.삼천리 카라 / 컬러: 다크블루(바구니포함),아이 엄마타기 좋아여~~,5,1,긍정
eh****,2024-06-25T08:28:22.011+00:00,자전거: 03.삼천리 화이트라벨 / 컬러: 블랙,배송이 정말 빠르네요,5,1,긍정
siny*****,2024-07-12T15:00:29.301+00:00,자전거: 01.삼천리 카라 / 컬러: 다크블루(바구니포함),디자인도 이쁘고 마실용으로 좋네요,5,1,부정
mayb****,2024-06-27T12:39:22.845+00:00,자전거: 01.삼천리 카라 / 컬러: 아이보리(바구니포함),잘 타고 있어용 만족,5,1,긍정
dool***,2024-07-19T03:11:17.270+00:00,자전거: 01.삼천리 카라 / 컬러: 다크블루(바구니포함),배송빠릅니다........,5,1,부정
auau****,2024-06-08T15:15:24.350+00:00,자전거: 01.삼천리 카라 / 컬러: 다크블루(바구니포함),맘에들어요~♡♡  운동이 잘될거같아요~♡타는데 힘들지않고 좋아요~♡,5,1,긍정
lame*****,2024-06-21T01:50:48.479+00:00,자전거: 01.삼천리 카라 / 컬러: 다크블루(바구니포함),초2 아이가 타기 딱 좋습니다. 튼튼하구요.^^,5,1,부정
chiv*****,2024-07-04T23:27:47.911+00:00,자전거: 01.삼천리 카라 / 컬러: 아이보리(바구니포함),아이들이 완전 좋아하고 아주 이쁜 디자인에 만족합니다~,5,1,긍정
shfi******,2024-05-26T09:16:50.669+00:00,자전거: 01.삼천리 카라 / 컬러: 아이보리(바구니포함),잘받았습니다:)저희는 손님분들을 위해 구매 비치 하였습니다:)엊그제 주말 새자전거라고 하니 엄청들 좋아하셨어요~이번에 두대 구매 했는데 세대더 구매예정 입니다:),5,1,긍정
shfi******,2024-05-26T09:20:15.097+00:00,자전거: 01.삼천리 카라 / 컬러: 다크블루(바구니포함),"아담하고 예쁘네요~^^새거라 그런지 브레이크 대박~
저희는 손님분들 타시라고 구매,비치 한거라서요~저번주 주말 새자전거라 좋아들 하셨어요~세대 더 구매 예정 입니다:)",5,1,부정
lhj5***,2024-06-18T14:55:38.170+00:00,자전거: 02.삼천리 메이비20 / 컬러: 민트(바구니포함),딸이 매유 좋아하네요,5,1,긍정
char*****,2024-06-18T00:34:36.523+00:00,자전거: 01.삼천리 카라 / 컬러: 다크블루(바구니포함),좋아요 감사합니다 ~^^,5,1,긍정
jina*****,2024-06-11T02:04:19.351+00:00,자전거: 01.삼천리 카라 / 컬러: 다크블루(바구니포함),배송빨라요~~아이가좋아하네요,4,1,부정
pook*****,2024-05-31T01:23:42.079+00:00,자전거: 01.삼천리 카라 / 컬러: 다크블루(바구니포함),조립이 정말 간편하고 차에 다시 넣기에도 용이합니다 깔끔하고 귀엽고 튼튼하고 출퇴근용으로 여유롭게 잘 타고 다니고 있습니다,5,1,긍정
kjsd****,2024-06-06T01:41:17.006+00:00,자전거: 03.삼천리 화이트라벨 / 컬러: 블랙,어머니 선물로 사드렸어요.조립도 간편하고 맘에 들어하시네요,5,1,부정
gjhp******,2024-06-03T17:31:59.235+00:00,자전거: 01.삼천리 카라 / 컬러: 다크블루(바구니포함),"자전거 좋아요! 예쁘고 만족스럽습니다. 다만 쓰다보니 삐걱삐걱 거리는 소리가 나긴 하는데, 아직 이유는 잘 모르겠네요! 자전거 수리점 한 번 가보려고요! 접이식이어서 너무 좋고 높이 조절이 쉬운편이라 좋습니다",5,1,긍정
anji******,2024-06-11T07:37:18.780+00:00,자전거: 03.삼천리 화이트라벨 / 컬러: 블랙,상품이 예상한 날짜 딱 맞게 와서 무리없이 즐길수 있었습니다.,5,1,부정
go****,2024-07-16T01:10:17.774+00:00,자전거: 01.삼천리 카라 / 컬러: 아이보리(바구니포함),Simple and easy to use bike.,5,1,긍정
bobo****,2024-06-06T02:02:55.815+00:00,자전거: 02.삼천리 메이비20 / 컬러: 민트(바구니포함),딸아이가 좋아하네요. 연습하기 좋습니다.,5,1,긍정
food******,2024-06-05T09:46:56.060+00:00,자전거: 01.삼천리 카라 / 컬러: 다크블루(바구니포함),"조립 어찌 하는지 몰라서 헤메긴 했는데
아이가 엄청 좋아합니다
잘 탈게요",5,1,부정
dudr******,2024-06-12T04:20:45.026+00:00,자전거: 03.삼천리 화이트라벨 / 컬러: 블랙,"깔끔해서좋습니다
편리해요",5,1,긍정
os****,2024-06-16T13:51:04.354+00:00,자전거: 01.삼천리 카라 / 컬러: 다크블루(바구니포함),잘 사용하고 있습니다.,5,2,부정
in****,2024-06-14T02:39:41.021+00:00,자전거: 02.삼천리 메이비20 / 컬러: 민트(바구니포함),아이가 많이 좋아해요^^,5,1,긍정
jayo********,2024-05-21T01:11:11.454+00:00,자전거: 01.삼천리 카라 / 컬러: 다크블루(바구니포함),10세 아이 22인치 샀는데 바퀴가 조금 작은감이 있어요~ 좀 더 크면 아쉬울 듯 하지만 그래도 안장으로 조절하면 잘 탈거 같습니다. 기어변속도 되고 아이가 너무 만족합니다!,5,1,긍정
ro****,2024-06-12T10:06:21.706+00:00,자전거: 01.삼천리 카라 / 컬러: 다크블루(바구니포함),13세 여아 작은체구인데 딱맞고 좋습니다,5,1,긍정
ks****,2024-07-04T10:20:29.081+00:00,자전거: 01.삼천리 카라 / 컬러: 다크블루(바구니포함),초4아들이 너무 좋아해요~~^^,5,1,긍정
xodi*******,2024-07-08T02:23:43.209+00:00,자전거: 01.삼천리 카라 / 컬러: 다크블루(바구니포함),배송도빠르고좋네요ㅊㅊ,5,1,긍정
good*******,2024-06-30T06:00:39.708+00:00,자전거: 01.삼천리 카라 / 컬러: 다크블루(바구니포함),빠른배송 좋은품질 입니다,5,1,긍정
hyas******,2024-05-05T03:18:54.932+00:00,자전거: 01.삼천리 카라 / 컬러: 다크블루(바구니포함),높이 조절도되고 이뻐서 좋아해요. 아이 어린이날 선물로 최고였습니다.,5,1,긍정
80****,2024-06-09T01:26:03.708+00:00,자전거: 01.삼천리 카라 / 컬러: 다크블루(바구니포함),"배송과정에서 앞바퀴 흙받이가 휘어서 왔지만 전체적으로 상태 양호 합니다.
초등학생용 샀는데 보조바퀴 설치는 쉽지않네요
(벌트가 집공구로는 풀리지 않아 자전거 매장 가야할 듯)",4,1,긍정
nari****,2024-06-20T02:59:45.064+00:00,자전거: 02.삼천리 메이비20 / 컬러: 민트(바구니포함),색깔도 이쁘고 잘 나가네요 애기가 좋아해요~^^,5,1,긍정
kb****,2024-05-26T02:52:40.910+00:00,자전거: 02.삼천리 메이비20 / 컬러: 민트(바구니포함),4학년 큰아이. 1학년 작은아이 같이 타도 좋은사이즈입니다. 큰맘먹고 구매했는데 정말 만족해요.~~,5,1,부정
mi****,2024-06-26T03:36:10.726+00:00,자전거: 01.삼천리 카라 / 컬러: 다크블루(바구니포함),상품도 좋고 빠른 배송 잘 받았습니다!,5,1,긍정
heaj***,2024-06-01T12:48:52.478+00:00,자전거: 02.삼천리 메이비20 / 컬러: 민트(바구니포함),아이껄 조립하는데 힘들긴했지만 좋네요,4,1,부정
kimm***,2024-06-11T06:09:10.983+00:00,자전거: 02.삼천리 메이비20 / 컬러: 민트(바구니포함),아이가 갖고 싶어해서 여러 제품을 비교하다가 구매했는데 색감도 이쁘고 승차감도 좋은거 같아요.,5,1,긍정
suni******,2024-05-11T00:51:49.085+00:00,자전거: 01.삼천리 카라 / 컬러: 다크블루(바구니포함),"1학년 여아 어린이날 선물로 
사주었어요.
발이 닿지 않아서 보조바퀴 
달고 신나게 잘 타요.
자전거가 무거운 편이라 
페달을 가볍게 돌릴 수 있게
기어를 바꿔주었어요.",5,1,긍정
raub***,2024-05-31T06:58:14.871+00:00,자전거: 01.삼천리 카라 / 컬러: 다크블루(바구니포함),경품 당첨되었다고 엄청 좋아하셨는데 .. 배송 잘 되었겠죠?,5,1,긍정
king******,2024-05-10T00:58:55.234+00:00,자전거: 01.삼천리 카라 / 컬러: 다크블루(바구니포함),"빠르게 잘 받았습니다.
조립은 간단했으나 브레이크가 약간 느슨해서 조금더 조였습니다.
넘어지는거에 조바심이 있었는데 적당한 크기와 발을 벌릴수 있어서 좋습니다.
전체적으로 만족~",5,1,긍정
dear****,2024-05-28T09:57:37.964+00:00,자전거: 03.삼천리 화이트라벨 / 컬러: 블랙,아이 연습용으로 구입했는데 적당하게 괜찮은것 같아요,5,1,부정
ayk7***,2024-06-25T20:25:53.116+00:00,자전거: 03.삼천리 화이트라벨 / 컬러: 블랙,조오아여가나다가나가,3,1,긍정
ysjc*****,2024-05-03T12:49:46.355+00:00,자전거: 02.삼천리 메이비20 / 컬러: 민트(바구니포함),배송도 빠르고 포장도잘되어왔어요~ 딸래미 생일선물인데 너무좋아하네요^^ 감사합니다 번창하세요~,5,1,부정
lemo******,2024-05-25T13:30:28.127+00:00,자전거: 02.삼천리 메이비20 / 컬러: 민트(바구니포함),아이가 참좋아합니다. 아주 좋습니다.,5,1,긍정
yuhy*******,2024-05-31T05:37:47.279+00:00,자전거: 01.삼천리 카라 / 컬러: 다크블루(바구니포함),아주 만족중 좋어요 자전거,5,1,긍정
chiv*****,2024-06-12T05:04:42.280+00:00,자전거: 01.삼천리 카라 / 컬러: 아이보리(바구니포함),자전거 이쁘고 접기 좋네요 하지만 무겁긴 무겁네요,5,1,긍정
y2****,2024-06-13T05:48:40.287+00:00,자전거: 01.삼천리 카라 / 컬러: 다크블루(바구니포함),매일 매일 자전거 타러 아이가 밖으로 나가네요. 좋습니다.,5,1,긍정
hman***,2024-05-18T10:49:06.300+00:00,자전거: 01.삼천리 카라 / 컬러: 아이보리(바구니포함),"잘 사용하고 있고 좋은 자전거 입니다.
생각보다 사이즈가 조금 작다는 느낌이 있으니 참고하세용",5,1,긍정
raub***,2024-05-27T01:28:38.334+00:00,자전거: 01.삼천리 카라 / 컬러: 다크블루(바구니포함),이번 마지막 경품행사 타신 분 엄청 좋아하십니다,5,1,부정
dios***,2024-06-12T04:09:34.494+00:00,자전거: 01.삼천리 카라 / 컬러: 아이보리(바구니포함),승차감이 좋아요 예쁘기도 하고 ^^,5,1,부정
simj******,2024-06-07T05:02:57.798+00:00,자전거: 01.삼천리 카라 / 컬러: 다크블루(바구니포함),여자친구 선물해줬는데 너무 좋아하네요 감사합니다,5,1,긍정
wkdg******,2024-05-04T11:12:16.110+00:00,자전거: 01.삼천리 카라 / 컬러: 다크블루(바구니포함),"초등생 자전거로 좋습니다!
거의 대부분조립되어 왔고 핸들, 안장만 장착하면되요. 
근처삼천리 매장가서 만원주고 확인하고 타이어공기도 더넣고했어요",5,1,긍정
flyf*****,2024-06-01T08:59:00.042+00:00,자전거: 01.삼천리 카라 / 컬러: 아이보리(바구니포함),잘타거있어요^^ㅋㅋ,5,1,부정
2wis****,2024-05-08T05:57:52.297+00:00,자전거: 01.삼천리 카라 / 컬러: 다크블루(바구니포함),"초등학생 고학년 아이에게 어린이날 기념으로 선물 했습니다.
아직은 조금 무서워 하지만 어서 빨리 잘 배워서 탔으면 좋겠네요
디자인은 세련되고 아주 예쁩니다",4,1,긍정
s2k2***,2024-06-10T07:40:57.789+00:00,자전거: 01.삼천리 카라 / 컬러: 다크블루(바구니포함),매우 빠른 배송 감사합니다,5,1,긍정
choc******,2024-05-30T14:52:03.181+00:00,자전거: 01.삼천리 카라 / 컬러: 다크블루(바구니포함),"포장 및 배송빠르고 좋습니다. 다만
보조바퀴가 왔는데 우째 달아야될지 모르겠어요 ㅠㅠ",5,1,긍정
jayo********,2024-05-21T01:11:57.174+00:00,자전거: 01.삼천리 카라 / 컬러: 아이보리(바구니포함),아이가 만족하며 잘 탑니다!,5,1,부정
asd0****,2024-05-19T02:02:36.158+00:00,자전거: 01.삼천리 카라 / 컬러: 아이보리(바구니포함),처음 배우는 자전거라 안장을 제일 낮게 했어요,5,1,긍정
fi****,2024-04-25T06:24:23.653+00:00,자전거: 01.삼천리 카라 / 컬러: 아이보리(바구니포함),"저렴한 가격에 만족합니다. 박스를 뜯어보니 프레임에 상처가 좀 있어서 아쉬웠지만, 박스안에서 먼길 택배오는데 상처안나는게 더 이상할거라 위안 삼습니다.~",5,1,긍정
fros****,2024-05-12T23:42:48.653+00:00,자전거: 02.삼천리 메이비20 / 컬러: 민트(바구니포함),"초등학생에게는 약간 크나
디자인이 맘에 들어요",5,1,부정
raub***,2024-05-16T07:05:07.894+00:00,자전거: 01.삼천리 카라 / 컬러: 다크블루(바구니포함),"행사경품으로 준비했어요 
받은 분이 아주 좋아 하십니다",5,1,긍정
ka****,2024-03-29T06:51:10.180+00:00,자전거: 01.삼천리 카라 / 컬러: 다크민트(바구니포함),"부모님께서 가볍게 동네에서 타실 자전거가 필요했는데 디자인도 깔끔하고 조작도 쉽고 가볍네요. 바퀴 굴리는데 힘들지도 않고 잘 나간다고 좋아하십니다. 바구니는 생각보다 작고 약하긴 하지만 작은 짐은 충분히 수납 가능해요. 간단한 사은품도 있어서 좋았고 라이트랑 안장 커버, 번호키도 한번에 구매할 수 있어서 좋았습니다. 배송도 다음 날 안전하게 잘 받았고 조립은 10분 이상 걸렸는데 그렇게 어렵진 않았어요. 좋은 가격으로 잘 구매한 거 같아서 좋아요.",5,1,긍정
y2****,2024-05-09T00:06:53.672+00:00,자전거: 01.삼천리 카라 / 컬러: 다크블루(바구니포함),"어린이날 선물로 사준 자전거
조립도 쉽고 승차감도 좋고 무엇보다 
가격이 맘에 드네요.",5,1,긍정
jing****,2024-05-07T01:46:40.706+00:00,자전거: 01.삼천리 카라 / 컬러: 아이보리(바구니포함),중3 여학생이 타기에는 작아요. 안장높이고 타보려고 합니다. 아주 가볍고 컴팩트합니다.,4,1,긍정
lemo*******,2024-05-20T01:57:15.959+00:00,자전거: 01.삼천리 카라 / 컬러: 아이보리(바구니포함),키가 160인데 미니벨로 카라 자전거 최고예요 자전거 왕초보라 꾸준히 연습해서 잘 타려구요~ 조립 진짜 빡세요 제품은 좋습니다!,5,1,긍정
dhtj******,2024-05-09T07:04:46.120+00:00,자전거: 01.삼천리 카라 / 컬러: 아이보리(바구니포함),아이가 좋아해요  오래탈수있고 접이식이라 좋아요,5,1,부정
norm*******,2024-05-03T09:49:03.581+00:00,자전거: 01.삼천리 카라 / 컬러: 아이보리(바구니포함),"딸 어린이날 선물로 사줬는데
첫 자전거인데 1시간만에 바로 잘 타네요.
조립도 수월하게 잘 했습니다.",5,1,부정
w255****,2024-05-12T06:59:16.061+00:00,자전거: 01.삼천리 카라 / 컬러: 다크블루(바구니포함),좋아요 아이도 잘 타네요,5,1,긍정
oddl*****,2024-05-09T00:05:45.769+00:00,자전거: 01.삼천리 카라 / 컬러: 아이보리(바구니포함),"바람을 넣고 잘 연습시켜
안전하게 타길요~~!
이쁩니다",5,1,긍정
mind****,2024-06-03T02:41:59.561+00:00,자전거: 01.삼천리 카라 / 컬러: 아이보리(바구니포함),"아주 좋습니다.
자녀에게 딱이에요",5,1,부정
enff****,2024-05-11T01:46:06.970+00:00,자전거: 01.삼천리 카라 / 컬러: 아이보리(바구니포함),아이가 운전하기도 편해하고  조립도 간편했어요,5,1,긍정
vvld*****,2024-05-21T07:02:54.059+00:00,자전거: 03.삼천리 화이트라벨 / 컬러: 블랙,자전거 좋아요 근데 그냥 타면 체인 소리도 나고 해서 기름칠을 좀 해야할듯,5,1,긍정
uu****,2024-06-03T01:28:46.384+00:00,자전거: 02.삼천리 메이비20 / 컬러: 민트(바구니포함),아이가 타기 좋고 적당하뉴크기입니다,5,1,긍정
deuk****,2024-05-01T06:51:42.226+00:00,자전거: 01.삼천리 카라 / 컬러: 아이보리(바구니포함),"배송빠르고,
안에 제품 포장상태도 좋네요. 
사은품도 잘들어있습니다. 
(바구니,벨,라이트)",5,1,부정
hipc*****,2024-05-14T11:39:07.532+00:00,자전거: 01.삼천리 카라 / 컬러: 다크블루(바구니포함),애기가 잘타고 좋아합니다,5,1,부정
hiko****,2024-05-08T05:34:18.967+00:00,자전거: 01.삼천리 카라 / 컬러: 아이보리(바구니포함),배송이 조금 늦었지만 아이들이 좋아해서 만족합니다,3,1,부정
yuny****,2024-05-09T10:45:42.463+00:00,자전거: 01.삼천리 카라 / 컬러: 아이보리(바구니포함),색깔도 이쁘고 안장도 편해요,5,1,부정
ol****,2024-05-03T09:45:33.879+00:00,자전거: 01.삼천리 카라 / 컬러: 아이보리(바구니포함),"초2. 여자아이인데 조금 큰듯하지만 곧 잘타요
많이파세요",5,1,긍정
lyun****,2024-06-02T06:58:52.071+00:00,자전거: 01.삼천리 카라 / 컬러: 다크블루(바구니포함),아이가너무좋아해요~~~~~~,3,1,부정
scyd******,2024-04-17T13:52:10.073+00:00,자전거: 01.삼천리 카라 / 컬러: 다크블루(바구니포함),"포장도 잘 되어 왔어요
튼튼하고 좋네요
색도 예쁘고 
아이가 좋아하네요~^^
감사합니다",5,1,긍정
masa****,2024-05-10T23:48:10.170+00:00,자전거: 01.삼천리 카라 / 컬러: 아이보리(바구니포함),자녀가 사용하기 좋은 사이즈,5,1,긍정
qq****,2024-05-20T00:20:02.069+00:00,자전거: 01.삼천리 카라 / 컬러: 다크블루(바구니포함),엄마가 키가작고 자전거못타셔서 보조바퀴같이구매해 장착해드렸습니다 자전거가높지않아서 아주 잘타고 계십니다,5,1,부정
euna********,2024-05-28T12:44:27.032+00:00,자전거: 03.삼천리 화이트라벨 / 컬러: 블랙,잘타겠습니다 ㆍㆍㆍㆍㆍㆍ,5,1,부정
bae7*****,2024-04-22T11:57:19.971+00:00,자전거: 01.삼천리 카라 / 컬러: 다크블루(바구니포함),"포장도 잘 해서 보내주시고 감사합니다
조립할것도 없어 너무 좋아요
감사합니다",5,1,긍정
ddol*****,2024-05-24T14:11:17.415+00:00,자전거: 03.삼천리 화이트라벨 / 컬러: 블랙,"빠른 배송에 놀랐고
제품 좋아서 또 놀랐네요^^",5,1,부정
per3***,2024-05-10T01:07:14.990+00:00,자전거: 01.삼천리 카라 / 컬러: 아이보리(바구니포함),"아이가 좋아하네요.
안장이랑 핸들 높이만조절하면 성인여성도 탈수있어서 좋습니다.",5,1,부정
hjsu*****,2024-05-11T05:36:08.093+00:00,자전거: 01.삼천리 카라 / 컬러: 다크블루(바구니포함),"아주 이쁘고 좋아요 조립도 어렵지않고 금방 되네요^^
감사합니다~",5,1,긍정
pcs0***,2024-05-01T02:53:24.434+00:00,자전거: 01.삼천리 카라 / 컬러: 다크블루(바구니포함),좋아요 대리점에서 조립도 도욎ㄷㆍ시고 친절해요,5,1,긍정
wnrd******,2024-04-25T12:50:45.001+00:00,자전거: 01.삼천리 카라 / 컬러: 다크블루(바구니포함),조립이 생각보다 쉽네요 주말부터 동네 한바퀴할 생각입니다,5,1,긍정
jio7***,2024-05-04T04:35:07.755+00:00,자전거: 01.삼천리 카라 / 컬러: 다크블루(바구니포함),"초2  아들이 잘 타요
자전거가 클 줄 알았는데
딱 맞아요",5,1,긍정
apxk***,2024-04-30T09:55:20.533+00:00,자전거: 01.삼천리 카라 / 컬러: 다크블루(바구니포함),배송상태 좋아요 잘 쓸께요,5,1,긍정
inji***,2024-05-26T22:20:44.004+00:00,자전거: 01.삼천리 카라 / 컬러: 아이보리(바구니포함),잘 타고 있네요 좋아해요,5,1,긍정
flyf*****,2024-05-01T15:37:39.516+00:00,자전거: 01.삼천리 카라 / 컬러: 아이보리(바구니포함),잘받았어요 좋네요^^ㅋ,5,1,긍정
dios***,2024-04-22T03:59:09.978+00:00,자전거: 01.삼천리 카라 / 컬러: 아이보리(바구니포함),"직접조립했는데 어렵지 않네요^^
좋아요~",5,1,부정
raub***,2024-04-26T07:20:56.358+00:00,자전거: 01.삼천리 카라 / 컬러: 다크블루(바구니포함),"홍보관 행사선물로 준비했습니다 
선물받은 분이 아주 좋아하세요",5,1,부정
bloo****,2024-05-12T08:25:04.191+00:00,자전거: 02.삼천리 메이비20 / 컬러: 민트(바구니포함),깔끔하게 포장되어 빠르게 배송이와서 좋았어요,5,1,부정
ilov*****,2024-05-19T18:40:04.285+00:00,자전거: 01.삼천리 카라 / 컬러: 다크블루(바구니포함),아이가 너무 좋아라 합니다!!!,5,1,긍정
kshc***,2024-04-27T02:26:18.510+00:00,자전거: 01.삼천리 카라 / 컬러: 다크블루(바구니포함),가성비 좋고 만족스럽습니다,5,1,부정
ggsu****,2024-06-19T02:30:49.727+00:00,자전거: 01.삼천리 카라 / 컬러: 다크블루(바구니포함),good!@!!!@@@,3,1,부정
ssod*****,2024-05-09T21:10:35.105+00:00,자전거: 02.삼천리 메이비20 / 컬러: 민트(바구니포함),"초3 여아 괜찮게잘어울려요
보조바퀴도딱임니다",5,1,부정
yoll******,2024-04-23T08:50:34.011+00:00,자전거: 01.삼천리 카라 / 컬러: 아이보리(바구니포함),초3  여아 자전거로 샀는데 너무 이쁘네요!!!,5,1,긍정
ak****,2024-05-10T00:30:28.839+00:00,자전거: 01.삼천리 카라 / 컬러: 아이보리(바구니포함),평일 배송 부탁드렸는데 시간에 맞게 잘 도착하였습니다.,5,1,부정
arkp*****,2024-04-17T15:08:26.438+00:00,자전거: 01.삼천리 카라 / 컬러: 아이보리(바구니포함),"생각보다이쁘고 접이식이라공간도많이
차지하지않아서좋네요",5,1,부정
go****,2024-05-26T12:11:46.762+00:00,자전거: 01.삼천리 카라 / 컬러: 아이보리(바구니포함),Small and compact.,5,1,부정
5cha****,2024-04-10T01:00:19.733+00:00,자전거: 01.삼천리 카라 / 컬러: 아이보리(바구니포함),"키 127정도 되는 딸래미 아주 잘타고 다녀요
불편한것 없이 편하다고 합니다
신랑도 타봤는데 바퀴 멀쩡하네요ㅎㅎ 튼튼해욤!!",5,1,부정
taek********,2024-05-08T08:23:51.741+00:00,자전거: 01.삼천리 카라 / 컬러: 아이보리(바구니포함),너무 좋아요 조립도 쉬워요,5,1,부정
raub***,2024-04-19T00:19:22.415+00:00,자전거: 01.삼천리 카라 / 컬러: 다크블루(바구니포함),경품행사 사은품으로 준비했습니다 반응이 좋아요,5,1,부정
love***,2024-04-25T07:04:24.365+00:00,자전거: 01.삼천리 카라 / 컬러: 다크블루(바구니포함),아들 선물로 샀는데 좋습니다.,5,1,부정
nnsz****,2024-05-08T12:39:07.332+00:00,자전거: 01.삼천리 카라 / 컬러: 다크블루(바구니포함),행사로 인해 주문하게되었는데 좋았어요,5,1,부정
ye****,2024-04-18T10:49:56.222+00:00,자전거: 01.삼천리 카라 / 컬러: 다크블루(바구니포함),"선물했는데
너무 만족한대요
좋습니다",5,1,부정
sims********,2024-04-15T11:08:44.208+00:00,자전거: 01.삼천리 카라 / 컬러: 아이보리(바구니포함),튼튼하고 가격대비 엄청 좋네요,5,1,긍정
tjdn***,2024-04-25T10:49:29.886+00:00,자전거: 01.삼천리 카라 / 컬러: 다크블루(바구니포함),"안장 조절하고 타게 되면 조금씩 내려갑니다. 잘 조여줘야 하는데 힘주기가 쉽지 않네요.
다른 것은 괜찮습니다",4,1,부정
sind***,2024-04-01T11:53:30.447+00:00,자전거: 01.삼천리 카라 / 컬러: 다크블루(바구니포함),아이(초등3학년 여아) 잘 탑니다. 인터넷으로 사서 가격도 괜찮고 자전거도 튼튼하고 좋네요~,5,1,긍정
sesa*******,2024-03-22T12:30:20.535+00:00,자전거: 01.삼천리 카라 / 컬러: 아이보리(바구니포함),자전거가 너무 예뻐요 아직 잘타지 못해서 작은 바퀴를 골랐는데 더 연습해보려고요 성인인데 키가작아서 샀습니다,5,1,긍정
enff****,2024-04-08T07:28:14.302+00:00,자전거: 01.삼천리 카라 / 컬러: 아이보리(바구니포함),조립도 편하고 아이가 타기에도 딱이에요~ 좋아요,5,1,긍정
junh****,2024-04-14T01:49:46.823+00:00,자전거: 01.삼천리 카라 / 컬러: 다크블루(바구니포함),배송이 빠르고 설치가 편해요.,5,1,부정
raub***,2024-04-11T02:43:27.837+00:00,자전거: 01.삼천리 카라 / 컬러: 다크블루(바구니포함),경품으로 자전거 받은분이 다른 친구분도 모시고 오네요 ㅎ,5,1,부정
guri****,2024-04-05T12:53:10.788+00:00,자전거: 01.삼천리 카라 / 컬러: 다크블루(바구니포함),아이가 이쁘다고 좋아하네요~잘 탈께요~,5,1,긍정
get_****,2024-04-23T13:17:50.206+00:00,자전거: 01.삼천리 카라 / 컬러: 다크블루(바구니포함),조립도 편하고 만족스럽습니다. 잘 타고 다니겠습니다.,5,1,긍정
daon***,2024-04-22T00:02:52.351+00:00,자전거: 01.삼천리 카라 / 컬러: 다크민트(바구니포함),상품 잘 받았습니다. 만족합니다. 감사합니다~~^^,4,1,긍정
0072***,2024-05-01T12:51:45.811+00:00,자전거: 01.삼천리 카라 / 컬러: 아이보리(바구니포함),생각보다 무거워서 놀람,4,1,부정
good*******,2024-04-26T10:14:51.102+00:00,자전거: 01.삼천리 카라 / 컬러: 다크블루(바구니포함),"빠른배송 아주 좋아요
잘 탈게요  감사",5,1,부정
ooju***,2024-04-07T22:44:53.807+00:00,자전거: 01.삼천리 카라 / 컬러: 다크블루(바구니포함),아이가 만족하며 타고있어요,5,1,긍정
ooju***,2024-04-07T22:46:37.763+00:00,자전거: 02.삼천리 메이비20 / 컬러: 민트(바구니포함),첫째아이가 잘 타서 하나 더 구매했어요,5,1,부정
jang*****,2024-04-24T05:31:14.306+00:00,자전거: 01.삼천리 카라 / 컬러: 다크블루(바구니포함),좋아요 잘타고 있습니다~,4,1,부정
sws1*****,2024-04-19T07:12:09.590+00:00,자전거: 01.삼천리 카라 / 컬러: 다크블루(바구니포함),자전거 자체는 튼튼하고 좋아요 사이즈 미스로 조금은 불편 좀 넉넉ㅎ게 사세요,5,1,부정
bj****,2024-04-20T17:23:49.040+00:00,자전거: 01.삼천리 카라 / 컬러: 다크블루(바구니포함),예쁘고 잘 나가네요 만족합니다.,5,1,긍정
yuhy*******,2024-04-06T03:48:23.334+00:00,자전거: 01.삼천리 카라 / 컬러: 다크블루(바구니포함),마음에 드네요 좋아요,5,1,부정
raub***,2024-03-29T04:36:31.588+00:00,자전거: 01.삼천리 카라 / 컬러: 다크블루(바구니포함),경품 당첨된분이 봄에 운동으로 자전거 탈거라고 엄청 좋아하셨어요 ~,5,1,부정
mind****,2024-04-26T04:55:33.990+00:00,자전거: 01.삼천리 카라 / 컬러: 아이보리(바구니포함),"자전거 잘나가고 좋습니다.
크기도 적당해요",5,1,부정
fox7***,2024-04-16T01:26:56.417+00:00,자전거: 01.삼천리 카라 / 컬러: 다크블루(바구니포함),초등 1학년아이 타라고 구입했어요 살짝 크긴 하지만 금방 적응하고 잘타더라구요,5,1,부정
epyo*****,2024-04-10T06:29:03.747+00:00,자전거: 02.삼천리 메이비20 / 컬러: 민트(바구니포함),9살 아이가 잘 타네요,5,1,긍정
uaau*****,2024-04-28T12:45:20.565+00:00,자전거: 01.삼천리 카라 / 컬러: 다크민트(바구니포함),즐겨타고 있습니다.,5,1,부정
mel2*****,2024-04-27T05:13:02.236+00:00,자전거: 01.삼천리 카라 / 컬러: 아이보리(바구니포함),승치감이 좋았습니다.,5,1,부정
love***,2024-03-13T12:21:32.917+00:00,자전거: 03.삼천리 화이트라벨 / 컬러: 화이트,솔직히 7살 아이에겐 많이 큽니다ㅋ매장에서 본 사이즈로는 22인치 정도 됩니다. 많이 크지만 그냥 쓰려고요~초등학생되면 얼추 맞을거 같습니다ㅎ상품은 튼튼합니다~,5,1,긍정
jira*****,2024-03-19T13:42:08.886+00:00,자전거: 01.삼천리 카라 / 컬러: 다크블루(바구니포함),"거의 반 조립이에요. 핸들하고 안장만 끼우면 되요. 사은품으로 따릉이랑 led 라이트, 후미 반사판 같이 왔어요.",5,1,긍정
enjo*****,2024-04-06T00:39:08.888+00:00,자전거: 01.삼천리 카라 / 컬러: 다크블루(바구니포함),"배송빠르고..
디자인도 깔끔하고..초등학생 여자아이 타기 딱 좋은것 같아요",4,1,긍정
mydn****,2024-04-19T14:55:42.258+00:00,자전거: 01.삼천리 카라 / 컬러: 다크블루(바구니포함),삼촌 출퇴근용 선물 해드렸습니다 튼튼해요,5,1,부정
kshc***,2024-03-25T01:29:38.769+00:00,자전거: 01.삼천리 카라 / 컬러: 다크블루(바구니포함),배송빠르고 만족스럽습니다,5,1,긍정
raub***,2024-03-18T01:05:34.767+00:00,자전거: 01.삼천리 카라 / 컬러: 다크블루(바구니포함),"추첨을 통해 당첨되어 보내드렸어요 
감사하다 연락을 주셨네요",5,1,긍정
raub***,2024-03-22T05:56:41.405+00:00,자전거: 01.삼천리 카라 / 컬러: 다크블루(바구니포함),"행사 경품당첨되면 보내드립니다 
아주 좋아하세요",5,1,긍정
tjsg****,2024-03-16T02:38:10.020+00:00,자전거: 01.삼천리 카라 / 컬러: 다크블루(바구니포함),"예쁘고 좋습니다
감사합니다",5,1,긍정
nhj1***,2024-03-20T22:55:11.121+00:00,자전거: 01.삼천리 카라 / 컬러: 아이보리(바구니포함),아이랑 타기 편하고 좋아요,5,1,긍정
cool***,2024-05-06T05:11:22.037+00:00,자전거: 01.삼천리 카라 / 컬러: 아이보리(바구니포함),"수고하세요수고하세요수고하세요 
수고하세요",2,1,긍정
only*****,2024-02-22T13:47:01.299+00:00,자전거: 01.삼천리 카라 / 컬러: 다크블루(바구니포함),"페달이 기어 조정해도 좀 무겁네요.
다리길이는 안장 높이 낮추니 그럭저럭 괜찮은데 전체적으로 너무 무거워서 덩치크고 힘좋은 미취학 아동에게는 아직 좀 버겁네요.
접이식은 최강 장점이고, 168인 제가 타려해도 가능한 사이즈의 제품입니다.",5,1,긍정
hope*******,2024-04-05T03:09:04.860+00:00,자전거: 01.삼천리 카라 / 컬러: 다크민트(바구니포함),조카가 너무 만족하면서 타고 놀아여,5,1,부정
2000***,2024-02-26T07:36:26.012+00:00,자전거: 01.삼천리 카라 / 컬러: 아이보리(바구니포함),"초등학교 3학년 아이랑 같이 타려고 구입했는데
아이가 넘 좋아하네요~ 기어가 조금 안맞는부분은 좀 아쉽지만 그냥 동네에서  가볍게 타기는 괨찮아요~",4,1,긍정
raub***,2024-03-11T05:13:20.620+00:00,자전거: 01.삼천리 카라 / 컬러: 다크블루(바구니포함),좋은 제품인걸 알고 일부러 찾아 구매했습니다,5,1,긍정
40ly***,2024-04-01T06:11:47.506+00:00,자전거: 01.삼천리 카라 / 컬러: 다크블루(바구니포함),회사 선물용으로 좋아요,5,1,긍정
pizz*****,2024-03-18T14:48:27.093+00:00,자전거: 01.삼천리 카라 / 컬러: 다크민트(바구니포함),"딸 자전거 사줬는데 좋아해요
5학년 타기 딱 좋아요",4,1,긍정
jang*****,2024-03-22T03:53:48.855+00:00,자전거: 01.삼천리 카라 / 컬러: 다크블루(바구니포함),좋아요 초등학생 타기 아주 좋아요,5,1,긍정
dubi***,2024-02-17T05:25:42.487+00:00,자전거: 01.삼천리 카라 / 컬러: 다크블루(바구니포함),배송도 안전하게 빨리도착했네요.자전거도 이쁘고 만족해 합니다.,5,1,긍정
ssc2***,2024-03-01T13:07:57.034+00:00,자전거: 02.삼천리 메이비20 / 컬러: 민트(바구니포함),색깔이 이쁘고 주행감이 단단해요~,5,1,부정
ilwo*****,2024-02-21T16:10:44.534+00:00,자전거: 03.삼천리 화이트라벨 / 컬러: 화이트,상품 상세 페이지에서 본대로의 상품이 잘 배송된 것 같아서 만족합니다.,5,1,부정
pink****,2024-02-15T04:12:28.516+00:00,자전거: 01.삼천리 카라 / 컬러: 다크민트(바구니포함),"세우는 부분이 좀 빡빡하긴한데,
색감이랑은 좋아요.
조립은 간단해요~",5,1,부정
f4st****,2024-03-17T06:06:16.288+00:00,자전거: 03.삼천리 화이트라벨 / 컬러: 화이트,가격 대비 아주 좋아요.,5,1,부정
pa****,2024-02-21T11:21:04.109+00:00,자전거: 02.삼천리 메이비20 / 컬러: 라이트핑크(바구니포함),.배송 빠르고 제품 좋습니다,5,1,긍정
uaau*****,2024-03-12T14:05:55.311+00:00,자전거: 01.삼천리 카라 / 컬러: 다크민트(바구니포함),빠른 배송 좋습니다,5,1,부정
llju*****,2024-03-07T11:53:42.256+00:00,자전거: 01.삼천리 카라 / 컬러: 다크블루(바구니포함),조립도 쉽고 잘타고 다녀요,4,1,부정
only*****,2024-01-04T13:18:55.955+00:00,자전거: 01.삼천리 카라 / 컬러: 다크블루(바구니포함),"크기는 핸들,안장 최대로 높이면 167인 저도 가뿐히 탈 수 있는 사이즈입니다.
저흰 18인치가 있어서 오래 태우려고 이걸로 샀어요.
저는 안장 최대로 높이니 발 2/1이 바닥에 닿고, 아이는 최대로 낮추니 발 4/1이 바닥에 닿네요.
무게는 무겁고 크기도 큰 편이라 키는 130넘는게 좋을것 같기해요.
기어조율이 필요한건진 모르겠지만 페달은 젤 편한 기어로 설정해도 또래대비 힘 좋은 아이(18년생)임에도좀 빡빡해서 굴리는데 힘이 많이 필요해요. 
유아용은 절대 아닌것 같아요.ㅎ
접이식이라는게 가장 장점입니다.",5,1,부정
k_yo****,2024-02-28T16:00:38.068+00:00,자전거: 01.삼천리 카라 / 컬러: 아이보리(바구니포함),좋아요 이뻐요 잘 접혀요,5,1,긍정
shan******,2024-02-07T13:25:37.300+00:00,자전거: 01.삼천리 카라 / 컬러: 아이보리(바구니포함),좀 먼 마트에 갔다올때 자주 타고갑니다~,5,1,긍정
juye********,2024-02-05T02:00:50.957+00:00,자전거: 03.삼천리 화이트라벨 / 컬러: 블랙,배송도 빠르고 좋아요,5,3,긍정
love*****,2024-02-18T05:22:12.579+00:00,자전거: 01.삼천리 카라 / 컬러: 다크블루(바구니포함),생각보다 너무좋고 이뻐요.  거의 조립되서 옵니다,5,1,긍정
heej********,2024-02-03T08:26:23.851+00:00,자전거: 01.삼천리 카라 / 컬러: 다크블루(바구니포함),선물할거였는데 너무예뻐서 제가타고싶네요ㅋㅋ,5,1,긍정
shan******,2024-01-07T10:49:52.201+00:00,자전거: 01.삼천리 카라 / 컬러: 아이보리(바구니포함),"너무 좋아요~!! 자전거 진짜 이쁘고, 장보러 다니기 넘 좋아요~!! 삼천리 자전거점에 가서 조립 2만원 드리고 요청했구요~ 거기서 피아노 조율하듯 브레이크부터 패달까지 다 조율해서 완벽하게 만들어주시더라구요~",5,1,부정
kyor***,2024-02-06T07:52:17.543+00:00,자전거: 03.삼천리 화이트라벨 / 컬러: 블랙,"너무좋아요
튼튼하고 잘굴러가요
접이식이라 간편하고 활용성좋습니다.\",5,1,긍정
rick*****,2024-01-25T15:01:31.392+00:00,자전거: 01.삼천리 카라 / 컬러: 아이보리(바구니포함),빠른배송 좋은상품 감사합니다,5,3,긍정
kjhz***,2024-01-15T09:00:31.169+00:00,자전거: 03.삼천리 화이트라벨 / 컬러: 화이트,"생각보다 괜찮네요
유투브보고 브레이크 재정비했고요
엉덩이가 아픕니다",5,1,긍정
pout******,2024-01-06T05:21:34.444+00:00,자전거: 01.삼천리 카라 / 컬러: 다크민트(바구니포함),오래 탈 수 있게 8살 아들에게 20인치 자전거 사줬습니다. 조립은 생각보다 어려웠지만 일단 타기에 문제가 없습니다,5,1,긍정
baby****,2024-01-01T15:55:17.804+00:00,자전거: 01.삼천리 카라 / 컬러: 다크블루(바구니포함),어머니께 자전거 선물드렸는데 예쁘다고 만족스러워 하셨어요! 배송도 금방오고 꼼꼼히 포장되어 있어서 좋았습니다,5,1,부정
nama******,2024-01-16T02:37:11.255+00:00,자전거: 02.삼천리 메이비20 / 컬러: 라이트핑크(바구니포함),재밌게 잘 타고 있습니다.,5,1,긍정
siuk****,2024-02-10T11:50:40.384+00:00,자전거: 01.삼천리 카라 / 컬러: 아이보리(바구니포함),조아요조아요조아요조아요,5,3,부정
ktar***,2023-12-30T06:15:38.450+00:00,자전거: 01.삼천리 카라 / 컬러: 다크민트(바구니포함),아이가 직접 골랐어요 이뻐요,5,1,긍정
haes*******,2024-01-20T00:49:56.022+00:00,자전거: 01.삼천리 카라 / 컬러: 다크블루(바구니포함),자전거 너무 예뻐요^^,5,1,긍정
siuk****,2024-01-07T04:24:41.092+00:00,자전거: 01.삼천리 카라 / 컬러: 아이보리(바구니포함),조아요조아요조아요조아요,5,1,부정
rick*****,2023-12-12T04:58:53.324+00:00,자전거: 01.삼천리 카라 / 컬러: 아이보리(바구니포함),빠른배송 좋은상품 감사합니다 잘쓰겠습니다,5,1,부정
fash********,2023-12-25T10:18:20.093+00:00,자전거: 01.삼천리 카라 / 컬러: 다크블루(바구니포함),"동네 마실용으로 샀어요
바구니도 있고 아담해서 여자가 타기 너무 좋아요.
너무 잘타고있습니다",5,1,긍정
hdgy****,2023-12-20T01:46:32.284+00:00,자전거: 01.삼천리 카라 / 컬러: 다크블루(바구니포함),아직 미개봉이지만 삼천리자전거여서 믿고 탑니다,5,1,부정
0oah***,2023-11-27T14:02:03.719+00:00,자전거: 01.삼천리 카라 / 컬러: 다크블루(바구니포함),"2년전에도 동일한 제품으로 구매해서 어머니 선물로 드렸는데, 아무래도 밖에 세워두고 눈비 다 맞고 ㅜㅜ 매일같이 자전거를 타시는 어머니인데 관리가 제대로 안되어서 ㅠㅠ 자전거포에 갔더니 수리비가 10만원이 나와서 다시 동일한 상품으로 재주문했습니다 ㅎ 새자전거 타시니 너무 좋아하시네요. 자전거 커버도 사서 이제 눈비안맞게 잘 관리해서 타실거같아요. 빠른 배송 감사합니다.",5,1,긍정
hoyi*******,2023-12-16T02:03:23.169+00:00,자전거: 01.삼천리 카라 / 컬러: 다크블루(바구니포함),조카 선물로 구매했습니다 많이 좋아하네요,5,1,긍정
altm******,2023-12-07T07:50:47.735+00:00,자전거: 01.삼천리 카라 / 컬러: 다크블루(바구니포함),초등학교3학년 딸아이 생일때 선물로 사줬는데 아주 잘 타고 있어요^^,5,1,부정
dhdd******,2023-12-08T14:19:05.438+00:00,자전거: 01.삼천리 카라 / 컬러: 아이보리(바구니포함),귀여워요 가까운 거리 유용하게 잘 타고 있어요,5,1,긍정
idre***,2023-12-10T07:41:09.969+00:00,자전거: 03.삼천리 화이트라벨 / 컬러: 화이트,행사 경품으로 내놨는데 받은 분이 너무 좋아했어요. 잘 타고 있다고 후기까지 들려주셨네요. 좋은 제품 감사합니다.,5,1,긍정
99ha****,2023-12-19T03:57:15.843+00:00,자전거: 01.삼천리 카라 / 컬러: 다크블루(바구니포함),자전거 오랜만에 타는데 시승감이 괜찮네요. 좋아요.,5,1,부정
sonc******,2023-12-06T02:09:42.295+00:00,자전거: 01.삼천리 카라 / 컬러: 다크블루(바구니포함),접는거도 잘되고 편하고 좋아요,5,1,부정
gmld******,2023-12-20T23:22:45.701+00:00,자전거: 03.삼천리 화이트라벨 / 컬러: 화이트,2년전에 샀을때보다 좀 비싸졌지만 자전거는 좋아요 ㅎㅎ,5,1,긍정
nice*******,2023-12-07T06:14:13.384+00:00,자전거: 01.삼천리 카라 / 컬러: 다크블루(바구니포함),잘쓰고있는 듯 합니다,5,1,부정
ibis***,2023-12-11T12:31:12.266+00:00,자전거: 03.삼천리 화이트라벨 / 컬러: 블랙,배송도 빠르고 좋아요 또 주문할게요,5,1,긍정
aaar******,2023-11-22T08:28:34.040+00:00,자전거: 01.삼천리 카라 / 컬러: 아이보리(바구니포함),배송빠르고 튼튼하게 잘 받았어요,5,1,긍정
juny*****,2023-11-15T23:36:24.053+00:00,자전거: 03.삼천리 화이트라벨 / 컬러: 화이트,"포장상태 좋았습니다.
조립도 편했구요
후미등 라이트 추가 구매했는데
밝진않네요..",5,1,부정
zhwl****,2023-11-21T00:41:14.307+00:00,자전거: 01.삼천리 카라 / 컬러: 다크블루(바구니포함),튼튼하고 이뻐요 추운날빼고 잘 타고댕깁니다,5,1,긍정
sens***********,2023-12-15T02:14:16.168+00:00,자전거: 01.삼천리 카라 / 컬러: 아이보리(바구니포함),배송 잘 받았습니다,5,2,부정
shch****,2023-12-11T04:19:11.155+00:00,자전거: 01.삼천리 카라 / 컬러: 다크블루(바구니포함),생각보다 예뻐요 잘 타겠습니다,5,1,긍정
gmld******,2023-11-03T10:12:54.535+00:00,자전거: 03.삼천리 화이트라벨 / 컬러: 화이트,3년전에 사서 선물하려고 잘타고 재구매했어요 가격이 조금 오르긴했지만 접이식이라 편하고 가벼워요 ㅎㅎ배송 엄청빨라요!,5,1,부정
pjyu****,2023-11-08T00:22:40.957+00:00,자전거: 01.삼천리 카라 / 컬러: 다크블루(바구니포함),"선물용으로 구입했어요
선물용이라 박스를 뜯지는 못했지만 삼천리자전거 믹고 구매합니다",5,1,부정
jsel****,2023-11-07T15:32:23.153+00:00,자전거: 01.삼천리 카라 / 컬러: 다크블루(바구니포함),초딩딸 타려고 구매했어요  색상도 예쁘고 디자인도 좋고 설치도 어렵지않았네요,5,1,긍정
hjk0*****,2023-11-22T22:41:17.970+00:00,자전거: 03.삼천리 화이트라벨 / 컬러: 블랙,좋아요 탈만해요 ㅎㅎ,4,1,긍정
a1****,2023-10-29T13:11:41.289+00:00,자전거: 03.삼천리 화이트라벨 / 컬러: 화이트,"짧은 거리 오고갈때 시간이 애매해서 운동할겸 자전거 사봤는데 짧은 거리 만족합니다!
안장이 좀 딱딱하긴 하지만.. 크기도 적당하고 좋아요!",5,1,부정
sonc******,2023-11-03T04:00:47.995+00:00,자전거: 01.삼천리 카라 / 컬러: 다크블루(바구니포함),사이즈도 딱이고 디자인도 예뻐요 가볍게기좋아요,5,1,부정
hh_8***,2023-11-07T05:19:10.783+00:00,자전거: 01.삼천리 카라 / 컬러: 다크블루(바구니포함),진작 사줄걸 후회되요 아이가 너무 좋아하네요,5,1,부정
pjyu****,2023-11-08T00:24:03.143+00:00,자전거: 01.삼천리 카라 / 컬러: 아이보리(바구니포함),선물용이라 박스개봉은 못했지만 받은사람이 아주 좋다고합니다,5,1,긍정
kill******,2023-10-08T18:30:37.621+00:00,자전거: 02.삼천리 메이비20 / 컬러: 라이트핑크(바구니포함),잘타고 있는데 보조바퀴도 같이사서 삼천리대리점 조립도 잘됬나 점검도 할겸 달아달라하니까 자기네 매장서 산거 아니면 안해준다 하더라고요 박스에도 조립은 가까운 매장가서 하라고 써있던데....열받아서 공구 쿠팡서 사서 혼자하긴 했는데 어이없더라고요,5,1,부정
modd***,2023-11-10T06:05:05.209+00:00,자전거: 01.삼천리 카라 / 컬러: 다크블루(바구니포함),잘 받았습니다 많이 파세요,4,1,부정
fkfm******,2023-10-31T10:15:24.795+00:00,자전거: 03.삼천리 화이트라벨 / 컬러: 블랙,"안장이 조금 높긴 하지만 잘 타네요
초딩3학년 아들이 타려고 구매했습니다",4,1,긍정
51****,2023-10-10T09:53:54.359+00:00,자전거: 03.삼천리 화이트라벨 / 컬러: 블랙,여자혼자서 조립하기에도 참 쉬웠고 간단했어요 튼튼한 자전거 구매잘한거같아서 기분좋아용 출퇴근용으로 요기나게 애용할것같습니다~!!,5,1,부정
jmh2***,2023-11-09T07:27:32.101+00:00,자전거: 02.삼천리 메이비20 / 컬러: 라이트핑크(바구니포함),빠르게 잘왔어요 감사해요~,4,1,긍정
mgel***,2023-10-25T08:21:19.738+00:00,자전거: 01.삼천리 카라 / 컬러: 다크블루(바구니포함),"만족해요!
문의 사항도 바로 해결해주시고~ 
날이 더 추워지기전에 많이 타야겠어용!",5,1,긍정
byst****,2023-10-30T09:34:59.430+00:00,자전거: 01.삼천리 카라 / 컬러: 다크블루(바구니포함),역시 믿고가는 삼천리자전거입니다.,5,1,부정
mgel***,2023-10-25T08:23:14.863+00:00,자전거: 01.삼천리 카라 / 컬러: 아이보리(바구니포함),"커플로 같이 타기 좋아요
조립도 간편한데 차에 싣고 가는 법을 좀 연구해야겠네요~",5,1,긍정
nice*******,2023-11-02T02:31:06.642+00:00,자전거: 01.삼천리 카라 / 컬러: 다크블루(바구니포함),회사 행사 경품으로 사용하려고 구입,5,1,긍정
alls*******,2023-10-30T01:34:01.336+00:00,자전거: 01.삼천리 카라 / 컬러: 아이보리(바구니포함),잘받았습니다 근데 쫌 약하네요,3,1,부정
heej********,2023-11-01T13:03:13.399+00:00,자전거: 01.삼천리 카라 / 컬러: 아이보리(바구니포함),"출퇴근용으로 구입
조립이 어려움",4,1,부정
ybfr****,2023-10-10T01:05:13.670+00:00,자전거: 01.삼천리 카라 / 컬러: 다크민트(바구니포함),"아담하니 이쁩니다
저렴한 만큼? 주행 성능은
아쉽네요

좀더 익숙해지면 마실용으론
괜찮은듯합니다

잘타겠습니다^^",5,1,부정
zhwl****,2023-10-16T05:39:33.103+00:00,자전거: 01.삼천리 카라 / 컬러: 다크블루(바구니포함),아직 설치전인데 색상 마음에 들어요 내일부터 출퇴근할때 타고다니려구요 ㅎㅎ,5,1,긍정
ball***,2023-10-13T12:05:51.264+00:00,자전거: 03.삼천리 화이트라벨 / 컬러: 블랙,사용해보고 리뷰 올려요 우선 배송은 꼼꼼하니 잘왔어요. 조립도 동영상보고 하니 어렵지 않았어요 근데 핸들이 많이 흔들거리고 안장이 작아서 조금 타면 엉덩이가 아파요 그것만 참고하면 괜찮았어요,4,1,부정
gold******,2023-11-13T02:32:53.437+00:00,자전거: 01.삼천리 카라 / 컬러: 다크블루(바구니포함),잘쓰고있습니다^^ 좋은자전거!,5,1,부정
yama****,2023-11-14T07:18:03.207+00:00,자전거: 01.삼천리 카라 / 컬러: 아이보리(바구니포함),너무 잘사용하고있습니다,5,1,부정
altm******,2023-10-13T02:49:11.310+00:00,자전거: 01.삼천리 카라 / 컬러: 다크블루(바구니포함),첫째 아이가 기존에 타던 자전거가 너무 작아서 불편해 하길래 생일선물로 사줬는데 너무 좋아하고 잘 타고 다니고 있습니다^^,5,1,부정
nawu******,2023-10-24T12:49:56.098+00:00,자전거: 02.삼천리 메이비20 / 컬러: 라이트핑크(바구니포함),핑크색 아주 이쁘네요,5,1,부정
tost******,2023-10-17T21:55:05.709+00:00,자전거: 02.삼천리 메이비20 / 컬러: 민트(바구니포함),좋아요 애들이좋아해요,4,1,긍정
tost******,2023-10-17T21:54:35.030+00:00,자전거: 02.삼천리 메이비20 / 컬러: 라이트핑크(바구니포함),좋아요 애들이 좋아해요,4,1,부정
sc****,2023-10-22T06:38:34.443+00:00,자전거: 01.삼천리 카라 / 컬러: 다크블루(바구니포함),"좋아요
아이가 좋아해요",3,1,긍정
ds****,2023-10-20T06:34:12.925+00:00,자전거: 01.삼천리 카라 / 컬러: 다크블루(바구니포함),물받이 중심이ㅜ안맞아요,4,1,긍정
whit****,2023-11-11T10:44:43.094+00:00,자전거: 01.삼천리 카라 / 컬러: 다크블루(바구니포함),배송빠르고 가성비 좋네요~,5,1,부정
gold******,2023-11-13T02:33:49.568+00:00,자전거: 01.삼천리 카라 / 컬러: 다크블루(바구니포함),최고의 자전거 최고 좋아요,5,1,부정
shch****,2023-11-07T03:53:18.876+00:00,자전거: 01.삼천리 카라 / 컬러: 다크블루(바구니포함),생각보다 너무 예쁘고 좋아요 잘 타겠습니다,5,1,긍정
wodl**********,2023-10-22T02:26:36.908+00:00,자전거: 01.삼천리 카라 / 컬러: 아이보리(바구니포함),"애들이랑 같이 타려고 샀는데 아직은 나쁘지 않네요~
조립도 쉽고 대체적으로 만족중입니다~",5,1,긍정
s245****,2023-10-27T02:24:26.419+00:00,자전거: 01.삼천리 카라 / 컬러: 다크민트(바구니포함),좋아요최고에요 담번에 또구매할께요,5,1,부정
ck****,2023-10-23T23:43:26.222+00:00,자전거: 01.삼천리 카라 / 컬러: 다크블루(바구니포함),"아이 자전거로 아주 좋습니다.
디자인도 준수하고.... 우선 아이가 좋아해서 매우 만족합니다.",5,1,긍정
mint********,2023-10-11T05:37:07.640+00:00,자전거: 01.삼천리 카라 / 컬러: 다크블루(바구니포함),배송 잘왔어요~ 바퀴에 공기넣고 하니까 잘되요,4,1,긍정
sens***********,2023-10-17T22:41:03.333+00:00,자전거: 01.삼천리 카라 / 컬러: 아이보리(바구니포함),배송 잘 받았습니다,5,1,긍정
ball***,2023-09-13T10:19:56.060+00:00,자전거: 03.삼천리 화이트라벨 / 컬러: 블랙,시골이라 배송이 좀 느렸어요.동네에서 탈려고 주문했어요 조립은 어렵지 않았어요.보내주신 공구로 간단 조립이에요동영상 보고하니깐 쉬웠어요근데 바람 넣는 방법에 대한 설명을 좀 해주셨으면 하네요 좀 해매다 유튜브 보고 넣었어요 알고보니 쉽더라구요 만족해요,5,1,부정
hshn***,2023-10-30T00:03:15.769+00:00,자전거: 03.삼천리 화이트라벨 / 컬러: 화이트,삼천리접이식자전거 카라 미니벨로 20인치자전거 예쁘고 좋아요`~~~~,3,1,긍정
dz12****,2023-10-12T22:43:16.182+00:00,자전거: 01.삼천리 카라 / 컬러: 다크블루(바구니포함),무난무난하게 괜찮네요,4,1,긍정
ball***,2023-09-13T10:31:55.509+00:00,자전거: 01.삼천리 카라 / 컬러: 다크블루(바구니포함),배송빠르고 아주 간단하게 조립 가능해요.기술 필요없고 동봉된 공구로 조립  가능하네요 바람만 넣으면 되네요 동네에서 탈려구요 아주 만족합니다 디자인도 마음에 들어요,5,1,부정
yhk1*****,2023-10-08T09:47:02.143+00:00,자전거: 01.삼천리 카라 / 컬러: 아이보리(바구니포함),자전거가 이쁘고 편해요,5,1,긍정
heow******,2023-10-06T05:48:36.580+00:00,자전거: 01.삼천리 카라 / 컬러: 다크블루(바구니포함),"10세 아이가 탈려고 샀는데 너무 좋아합니다
 ㅎ",5,1,긍정
ya****,2023-10-28T17:24:57.741+00:00,자전거: 01.삼천리 카라 / 컬러: 다크블루(바구니포함),아이들이 너무 좋아해요~,5,1,부정
kdhk****,2023-09-12T12:22:10.935+00:00,자전거: 02.삼천리 메이비20 / 컬러: 민트(바구니포함),"초등2학년 여아가 타는데 지금은 좀 크지만
고학년까지 잘탈수있겠어요~
자전거가 좀 무겁다는 리뷰보고 좀 걱정했는데
생각보단 괜찮아요.
딸이 그렇게 무겁지는 않다고하네요.
가성비좋게 잘 샀습니다.
많이파세요~ ~ ^^",5,1,부정
wldb*****,2023-10-19T04:28:52.827+00:00,자전거: 01.삼천리 카라 / 컬러: 아이보리(바구니포함),튼튼하고 좋아요 아이가 좋아해요,5,1,긍정
alro******,2023-09-07T13:22:06.060+00:00,자전거: 01.삼천리 카라 / 컬러: 다크블루(바구니포함),주문할때 작을까봐 걱정했는데 저한테 딱 맞는 자전거였어요! 가격도 착하고 디자인까지 딱 예쁘니 기분이 좋네요,5,1,긍정
zi****,2023-09-14T08:23:07.007+00:00,자전거: 03.삼천리 화이트라벨 / 컬러: 화이트,좋습니다. 다만 기어부분이 명확하지 않아서 조정을 수차례 했는데 깔끔하게 기어변속이 잘 안되네요.,5,1,부정
vhxm*****,2023-08-28T13:02:53.206+00:00,자전거: 01.삼천리 카라 / 컬러: 다크블루(바구니포함),디자인도 귀엽고 깔끔합니다! 바구니는 많이 작은 감이 있습니다! 어른이 탈꺼고 적당합니다! 조립도 어렵지 않아요! 너무 예뻐요!,5,1,긍정
alsd****,2023-09-22T11:42:56.036+00:00,자전거: 01.삼천리 카라 / 컬러: 아이보리(바구니포함),"초3아이 생일선물로 사줬어요
색도 예쁘고 사이즈도 만족합니다
아이가 너무 좋아해요ㅎㅎ",5,1,긍정
me****,2023-10-12T08:10:04.373+00:00,자전거: 03.삼천리 화이트라벨 / 컬러: 화이트,좋습니다 마니마니 사세요,5,1,부정
hyon****,2023-10-05T04:56:19.566+00:00,자전거: 03.삼천리 화이트라벨 / 컬러: 화이트,"자전거 이쁘고 좋아요,",5,1,부정
dudr*********,2023-09-13T07:44:08.812+00:00,자전거: 01.삼천리 카라 / 컬러: 아이보리(바구니포함),자전거 너무 잘타고 있습ㄴ다. ㅎㅎ,5,1,부정
21bn***,2023-09-22T06:31:51.271+00:00,자전거: 03.삼천리 화이트라벨 / 컬러: 화이트,핸들 고정용 +자형 세트스크루가 있는데 탭이 없어서 사용불가해 고정이 조금 아쉽네요.,5,1,긍정
jung*****,2023-09-05T21:19:56.797+00:00,자전거: 01.삼천리 카라 / 컬러: 다크블루(바구니포함),마실용으로 잘타고 다니고 있어요,5,1,부정
joyr***,2023-08-17T11:10:52.321+00:00,자전거: 03.삼천리 화이트라벨 / 컬러: 화이트,"안장커버했더니 편해요 생각보다 더 잘나가요 
 디자인도 예뻐요 흰색 잘 선택한듯요",5,1,부정
high******,2023-08-31T08:51:51.725+00:00,자전거: 03.삼천리 화이트라벨 / 컬러: 블랙,"초등 아이 유아용 자전거가 부끄러울 나이라 생일선물로 사줬는데 일단 깔끔하고 세련된 디자인에 가격이 합리적입니다.
조립도 간단하고 좋았구요. 매일매일 타고다니네요",5,1,긍정
pjh8****,2023-08-29T05:16:55.015+00:00,자전거: 01.삼천리 카라 / 컬러: 다크블루(바구니포함),"어머니가 좋아하세요~ 
이쁘고 좋아여!",5,1,부정
ch****,2023-09-20T08:12:17.453+00:00,자전거: 03.삼천리 화이트라벨 / 컬러: 화이트,너무너무좋아요 감사합니다,5,1,부정
kbc0***,2023-09-10T10:32:52.444+00:00,자전거: 03.삼천리 화이트라벨 / 컬러: 화이트,"잘받았습니다. 도심에서 업무시 이동하는데 타려고 구입했습니다.
잘 타겠습니다",4,1,부정
id75****,2023-08-21T08:22:16.808+00:00,자전거: 01.삼천리 카라 / 컬러: 다크블루(바구니포함),사이즈도 딱 원하는 사이즈에 조립도 간단하고 근거리 다니기에 좋아요,5,1,부정
ivy8****,2023-08-25T07:01:43.721+00:00,자전거: 01.삼천리 카라 / 컬러: 다크블루(바구니포함),"딸 생일선물로 사줬는데
너무 좋아하네여",5,1,부정
nhb0***,2023-08-30T08:04:39.138+00:00,자전거: 01.삼천리 카라 / 컬러: 다크블루(바구니포함),"상태 다 좋고 포장도 꼼꼼히 잘 돼서 왔네요~ 
자전거 바퀴 바람이나 전체적인 점검은 자전거 가게에서 받으면 좋을것 같아요",5,1,긍정
hans********,2023-08-21T05:48:20.616+00:00,자전거: 01.삼천리 카라 / 컬러: 다크민트(바구니포함),무거워서 저학년 초딩이 타기엔 좀 무리있는듯,5,1,부정
qhal****,2023-08-17T09:24:46.590+00:00,자전거: 01.삼천리 카라 / 컬러: 다크민트(바구니포함),두발자전거 연습할려고 샀는데 생각보다 자전거가 무거워요....초1이 타기엔 좀 힘든것 같아요. 남자아이도 힘들어하는데 여자애들은 더 힘들듯....,4,1,부정
trae****,2023-09-10T06:31:04.392+00:00,자전거: 01.삼천리 카라 / 컬러: 다크민트(바구니포함),아주 마음에 듭니다,5,1,긍정
leej********,2023-08-13T04:39:35.659+00:00,자전거: 01.삼천리 카라 / 컬러: 다크블루(바구니포함),주문하고 이틀맘에왔어요,5,1,부정
dydy****,2023-09-04T04:25:48.405+00:00,자전거: 01.삼천리 카라 / 컬러: 다크블루(바구니포함),보조바퀴 달 때 나사가 안 풀려서 애를 먹었습니다 아이가 좋아합니다,4,1,부정
sdj8***,2023-07-12T09:52:14.815+00:00,자전거: 01.삼천리 카라 / 컬러: 다크블루(바구니포함),"빠른배송으로 받아 기분이 좋지만 개인이 조립하기엔 무리가있네요 색상은 사진상과는 다르며 다크블루라는 판매글로 색상이 이해가됩니다.
초등학교 2학년 학생에게 선물하기좋았으며 성인여성들도 타기좋은 사이즈네요 저렴하게 구입했다고 생각할뻔했으나 조립공임을 따져보면 오프라인매장과 별반차이가없네요 튼튼하길 바랄뿐입니다.",4,1,긍정
jjm8***,2023-08-29T09:08:48.675+00:00,자전거: 01.삼천리 카라 / 컬러: 아이보리(바구니포함),"생각보다 튼튼하고 견고해서 잘 타고 다니고 있고
가성비가 좋습니다",5,1,부정
wm****,2023-08-11T03:25:46.960+00:00,자전거: 01.삼천리 카라 / 컬러: 다크블루(바구니포함),저렴한가격에 타기좋아요,4,1,긍정
ohya*****,2023-09-07T16:13:56.958+00:00,자전거: 01.삼천리 카라 / 컬러: 아이보리(바구니포함),잘쓰고 있어요...,5,1,부정
jung*****,2023-08-07T05:56:17.850+00:00,자전거: 01.삼천리 카라 / 컬러: 다크블루(바구니포함),조립이 쉽고  디자인이 맘에들어요,5,1,부정
duck****,2023-07-24T05:14:25.849+00:00,자전거: 03.삼천리 화이트라벨 / 컬러: 블랙,조립 어렵지 않고 작아서 차에 싣고다니면서 탈수 있고 좋아요  패드 덧댔는데도 엉덩이는 좀 아파요,5,1,부정
luer******,2023-09-02T15:25:47.777+00:00,자전거: 01.삼천리 카라 / 컬러: 다크블루(바구니포함),배송이 참 빨라요.,5,1,긍정
kki2***,2023-07-07T10:36:26.382+00:00,자전거: 01.삼천리 카라 / 컬러: 다크블루(바구니포함),"동네에서 타려고 샀는데 아주 좋아요
미니라 걱정했는데 아주 잘 나가요~
근데 대리점으로 주문해서 조립하는것도 있었네요,,,
전 그것도 모르고 집에서 힘들게 대리점까지 갔네요ㅜㅜ",5,1,긍정
wjdw*****,2023-07-15T05:15:18.334+00:00,자전거: 03.삼천리 화이트라벨 / 컬러: 화이트,사이즈도 잘 맞고 조립도 혼자 하기 쉽네요!! 출퇴근용으로 구매해서 잘 쓰고있습니다~!,5,1,긍정
kira********,2023-07-13T10:47:19.890+00:00,자전거: 01.삼천리 카라 / 컬러: 다크민트(바구니포함),"만족합니다^^ 박스포장에서 왓고요
근처 삼천리나가보니
조립비3만원이라더라구요-~ 차마ㅡ하세요",5,1,부정
ds****,2023-08-10T05:21:44.174+00:00,자전거: 03.삼천리 화이트라벨 / 컬러: 블랙,바퀴가 작네요 ㅎㅎ 잘쓰겠습니다,3,1,부정
kimy*******,2023-07-19T11:37:06.496+00:00,자전거: 03.삼천리 화이트라벨 / 컬러: 화이트,후기 보고 샀는데 ㅠ 애 키가 안맞아여 흑,4,1,부정
euns******,2023-05-10T11:11:30.448+00:00,자전거: 03.삼천리 화이트라벨 / 컬러: 화이트,"이제 6학년이 된 제 동생의 어린이날 선물이 되었습니다. 잼민이라고 부를 때마다 자신은 잼민이가 아니라 다 컸다며 방방뛰고 쒹쒹거리던 녀석이 어린이날만 되면 갑자기 어린이로 둔갑합니다. 오빠의 입장에서 어이가 없지만 그러건 말건 그래도 부모님 입장에선 어린 아이처럼 보이나봅니다. 하기사 내일모레 서른인 아들내미를 보고도 아직도 어른으로 안 보인다고 하시는데, 그렇지 않으시겠습니까. 아니 그렇다고 제가 여전히 철이 없는 꼬락서니를 하고 앉아있다거나 그런건 아닙니다만 말입니다. 
바퀴 크기가 작다보니 주문할 때만 해도 동생은, 내 키에 이런 작은 바퀴가 맞겠냐며 투덜대더만, 막상 받아보더니 맘에 쏙 든다고 합니다. 바퀴가 전혀 작지 않다고 하는데, 160인 동생 키에 딱 맞나봅니다. 그거 외엔 색깔도 맘에 들고 다 예쁘다고 하는데, 아무쪼록 만족한 어린이날 선물을 받은 것 같습니다. 그래도 다른 미니벨로보단 사이즈가 조금 있어보이는데, 딱 부담스럽지않게 탈 수 있을 것 같습니다. 거기다 효율적으로 착착 접히는 것을 보니 아주 좋아보입니다. 아들내미는 타지생활을 하느라 자전거 실물을 보진 못하고 사진으로만 건네받았지만, 아무튼 그렇지 않을까요. 만족스런 선물이 되어 기분이 좋습니다.",5,1,긍정
jayo*******,2023-06-09T08:19:58.523+00:00,자전거: 01.삼천리 카라 / 컬러: 아이보리(바구니포함),"직접 조립했는데 별로 어렵지 않았어요.
제가 키가 작아서 20인치로 했는데 핸들이랑 안장 최대로 뽑아야 맞네요;;성인이면 키가 작아도 한 사이즈 더 큰걸로 하는게 좋을것 같아요. 
그리고 사진은 색깔이 아이보리로 나오는데 실제로 보면 아이보리는 아니고 연한 연둣빛에 가까워서 아쉬웠어요ㅠ
그래도 가성비 좋고 튼튼합니다.",4,1,부정
hite*******,2023-07-27T09:58:06.826+00:00,자전거: 01.삼천리 카라 / 컬러: 아이보리(바구니포함),접으면 확실히 공간이 줄어서 좋아요 펴서 탈때도 조금 무겁지만 아주 좋습니다.,5,1,부정
hans********,2023-07-09T02:27:45.844+00:00,자전거: 01.삼천리 카라 / 컬러: 다크민트(바구니포함),너무 무거워. 초딩 중학년은 돼야 제대로 컨트롤할듯,5,1,긍정
wm****,2023-07-07T04:34:55.514+00:00,자전거: 01.삼천리 카라 / 컬러: 다크블루(바구니포함),사이즈가 딱맞아서 타기좋아요,5,1,부정
kj****,2023-07-26T13:11:57.197+00:00,자전거: 01.삼천리 카라 / 컬러: 아이보리(바구니포함),초등학교 6학년이 타기는 정말 좋습니다,4,1,긍정
jjm8***,2023-07-09T03:06:43.090+00:00,자전거: 01.삼천리 카라 / 컬러: 아이보리(바구니포함),조립도 쉽고 배송도 빠룹니다,5,1,긍정
ho****,2023-07-01T12:26:48.358+00:00,자전거: 01.삼천리 카라 / 컬러: 다크블루(바구니포함),직접 보니까 더 이퍼요 애가 좋아할꺼 같아요,4,1,긍정
feel*****,2023-06-26T00:47:34.455+00:00,자전거: 01.삼천리 카라 / 컬러: 다크민트(바구니포함),"아이가 자전거 배워보려고 샀어요
잘 쓸께여",5,1,부정
ld****,2023-06-20T12:25:51.270+00:00,자전거: 01.삼천리 카라 / 컬러: 다크블루(바구니포함),너무 예쁘고 좋아요^^~ 승차감도 좋네요. 배송도 빨랐습니다.,5,1,긍정
mom1*****,2023-05-31T06:39:07.012+00:00,자전거: 02.삼천리 메이비20 / 컬러: 민트(바구니포함),초등2학년 남자아이가 직접골라 구매했어요. 사이즈는 성인여성이 타도 동네마실용으로는 무난한데 아이가 끌고다니기엔 무겁긴 하네요. 좀 다리힘이 생기면 남자아이들이 많이 타는 스타일로 바꿔주고 엄마가 타야하나 생각중입니다. 상품자체는 접히기도 하고 트렁크에 싣고 다닐수도 있고 만족해요.,5,1,부정
su****,2023-06-21T00:12:39.541+00:00,자전거: 01.삼천리 카라 / 컬러: 다크블루(바구니포함),"배송도 빨리 해주셨고 제품도 만족합니다
초등학생 아들이 탈거라 직접 타보고 사주려고 오프라인 매장을 찾아봤는데 딱히 맘에 드는 제품이 없어서 온라인으로 주문하면서 조금 걱정했는데 사이즈도 타는데 지장없고 디자인도 괜찮았습니다.",4,1,부정
kimy*******,2023-06-16T12:17:46.772+00:00,자전거: 03.삼천리 화이트라벨 / 컬러: 화이트,자전거 두개사서 딸이랑 타요 ㅎㅎ 초3딸에게는 아직 키가 안되네요🫠 그래두 중심잡아주면 잘타요,5,1,부정
kryu****,2023-07-21T11:08:44.531+00:00,자전거: 03.삼천리 화이트라벨 / 컬러: 블랙,색깔도 참 예뻐요ㅎ,5,1,부정
blac*****,2023-07-14T02:13:54.678+00:00,자전거: 01.삼천리 카라 / 컬러: 아이보리(바구니포함),초등학교 2학년 딸 아이에게 사주었는데 좋아하네요.,5,1,부정
kryu****,2023-07-21T11:09:02.028+00:00,자전거: 03.삼천리 화이트라벨 / 컬러: 화이트,초중학생 딱 사이즈,5,1,부정
p010****,2023-06-30T08:09:36.529+00:00,자전거: 03.삼천리 화이트라벨 / 컬러: 블랙,잘 타고 다니고 있습니다 ㅎㅎㅎ,5,1,부정
lmk6***,2023-07-10T03:13:16.491+00:00,자전거: 02.삼천리 메이비20 / 컬러: 민트(바구니포함),"선물용으로 아주 좋고 조립도 쉬운편이고 
잘나갑니다",5,1,부정
chk4***,2023-06-09T04:21:12.345+00:00,자전거: 01.삼천리 카라 / 컬러: 다크블루(바구니포함),"배송이 빨랐어요
혼자 조립하려고했는데 후기들 보고 그냥 삼천리 매장에 상자도 하나도 안뜯고 가져가려고합니다",3,1,부정
tnsa***,2023-07-06T02:35:09.938+00:00,자전거: 01.삼천리 카라 / 컬러: 다크블루(바구니포함),아이 통학을 시키기 위해 구매를 했는데 유용하게 쓰고 있습니다.,5,1,부정
hong*****,2023-07-06T02:12:29.576+00:00,자전거: 01.삼천리 카라 / 컬러: 다크블루(바구니포함),중학생 조카 사줬어요. 너무 좋아하네요,5,1,긍정
emil*****,2023-06-02T02:55:08.411+00:00,자전거: 01.삼천리 카라 / 컬러: 다크블루(바구니포함),초등6학년이고 아직 자전거타는것이 서툴러 배워보려 합니다. 색깔이랑 보관이 좋네요..단점은 많이 무거워요,5,1,부정
hite*******,2023-06-28T13:50:36.629+00:00,자전거: 01.삼천리 카라 / 컬러: 아이보리(바구니포함),자전거로 운동하기 너무 좋습니다 조금 무거운데 차로 가지고 다녀서 괜찮아요,5,1,긍정
hask****,2023-07-03T05:31:08.035+00:00,자전거: 01.삼천리 카라 / 컬러: 다크블루(바구니포함),약간 무거워도 접어서 이동하기에는 좋아요,4,1,부정
iatr***,2023-07-06T11:55:46.189+00:00,자전거: 01.삼천리 카라 / 컬러: 다크블루(바구니포함),배송 빠르고 좋아요,5,3,부정
sale****,2023-05-31T10:52:47.926+00:00,자전거: 01.삼천리 카라 / 컬러: 아이보리(바구니포함),자전거 좋아요. 성인도 타는 사이즈라 초등학교 저학년에게는 약간 큰편이에요,5,1,긍정
snac******,2023-05-27T05:27:26.960+00:00,자전거: 01.삼천리 카라 / 컬러: 아이보리(바구니포함),자전거 좋긴 한데 저의 만 9세 딸 한태 무거워서 타기가 아직 어려운 거 같습니다. 여성 초등학생들 다른 자전거 구매하시면 좋을 거 같습니다.,3,1,긍정
jido******,2023-05-16T11:29:28.549+00:00,자전거: 01.삼천리 카라 / 컬러: 다크블루(바구니포함),어린이날 선물로 삼촌이 사준 선물이예요 :-) 조립하기 쉽고 접이식이라서 트렁크에 싣고 다니며 어디서든 원할때 탈수있으니 너무 좋네요👍🏻 안장하고 핸들 높이를 높이면 저도 탈수있어서 출퇴근할때 가끔 타도 될것 같아요 ㅎ,5,1,긍정
j200***,2023-07-06T06:54:33.004+00:00,자전거: 01.삼천리 카라 / 컬러: 다크블루(바구니포함),빠르게 잘 받았습니다.,5,1,부정
bohw*****,2023-06-21T10:51:09.760+00:00,자전거: 01.삼천리 카라 / 컬러: 아이보리(바구니포함),"그냥 매장가서 사세요
가격도 차이안나고  오히려 비싼느낌이고
어짜피 매장가서 조율해야돼요",1,1,부정
soft*******,2023-06-29T02:26:41.589+00:00,자전거: 01.삼천리 카라 / 컬러: 다크블루(바구니포함),초등 2학년인데 좀 크네요 아쉽긴한데 좀더 커서 타라고 했습니다,4,1,부정
kuk8*****,2023-05-09T04:46:19.875+00:00,자전거: 01.삼천리 카라 / 컬러: 다크블루(바구니포함),어린이날 선물로 주문했는데 넘 만족입니다 7살 넉넉하게 20인치 주문했고 살짝 큰데 원래 아이가 표준 이상이라 ㅋㅋㅋ아주 잘 쓸거 같아요 금방 크니까요 ㅠㅠ 보조바퀴까지 성공적이에여 주말에 공원가려구요 접이식 좋네용,5,1,부정
18****,2023-06-10T09:39:18.994+00:00,자전거: 01.삼천리 카라 / 컬러: 다크블루(바구니포함),잘 타고 있어요 만족합니다,5,1,부정
is****,2023-05-06T15:22:40.226+00:00,자전거: 01.삼천리 카라 / 컬러: 다크블루(바구니포함),자전거는 나무랄데 없이 좋습니다. 그런데 성인인 경우 22인치 바퀴가 좋을 거 같아요. 전에 탓던 자전거와 비교하면 약간 안정감이 덜한 건 바퀴 크기 때문인 거 같습니다. 하지만 적응해서 잘 사용하겠습니다. 번창하세요~,5,1,부정
grad****,2023-06-09T05:15:05.315+00:00,자전거: 02.삼천리 메이비20 / 컬러: 민트(바구니포함),약간 무거운 감이 있지만 잘 타고 있어요,5,1,긍정
lmk6***,2023-06-22T16:35:11.520+00:00,자전거: 02.삼천리 메이비20 / 컬러: 민트(바구니포함),"선물용으로 아주 좋고 튼튼해요!
조립도 쉽구요!",5,1,부정
sung***,2023-04-08T07:40:24.452+00:00,자전거: 01.삼천리 카라 / 컬러: 아이보리(바구니포함),"바구니, 흙받이,딸랑이 다 마음에 들어요.
바람이 앞바퀴만들어있는데, 뒷바퀴도 있었으면 좋았을것같아요.바람넣는게 없어서 아파트관리소까지 끌고 가느라 힘들었어요. 
 바람넣는걸 구입할걸 그랬나 싶어요.
 실물이 더 예뻐서 초3 아들이 좋아했어요.
중학생 될때까지 실컷 타고 엄마가 타도 될것같아요.
브레이크 유격조절은 자전거포에서 했어요.",5,1,긍정
yoon**********,2023-06-12T08:56:22.297+00:00,자전거: 01.삼천리 카라 / 컬러: 아이보리(바구니포함),딸 아이가 잘 사용 중입니다~^^,5,1,부정
smin*****,2023-06-10T23:47:44.174+00:00,자전거: 01.삼천리 카라 / 컬러: 다크블루(바구니포함),디자인 깔끔하고 이뻐요.. 요즘  가볍게 이 아이로 라이딩 하고 있는데  너무 잘 산 거 같다 느낍니다.,5,1,부정
heju******,2023-06-03T16:04:50.452+00:00,자전거: 01.삼천리 카라 / 컬러: 다크블루(바구니포함),크고 무거워서 아직 잘 못 타욤 대신 어른인 제가 타도 끄떡없네요,5,1,긍정
hu****,2023-05-07T01:09:31.677+00:00,자전거: 01.삼천리 카라 / 컬러: 다크블루(바구니포함),"조립하기 쉽고 가격대비 퀄리티도 좋네요
다만 약식 설명서가 좀 보기힘듬.
유튜브에 찾아보면 영상으로 나오니 구매하시는 분들 꼭 찾아보셔요.",5,1,부정
koko******,2023-05-05T11:55:16.885+00:00,자전거: 01.삼천리 카라 / 컬러: 아이보리(바구니포함),"초등학교 5학년
딸이 엄청 좋아하네요
중학교 가서 타도 전혀 어색하지 않을것 같고
성인인 엄마가 타도 너무 자연스럽고 좋네요^^
사장님께서 자전거 조립과 세팅을
완전히 꼼꼼하게 해주신 것이 살펴보니
잘 느껴져서 만족감이 더 좋습니다
잘 타겠습니다^_^💕☺️🎶👍",5,1,부정
klee***,2023-06-07T07:52:54.682+00:00,자전거: 01.삼천리 카라 / 컬러: 다크블루(바구니포함),동네 마실다닐때 좋을듯 하네요,5,1,긍정
rngu*******,2023-05-30T08:51:55.870+00:00,자전거: 03.삼천리 화이트라벨 / 컬러: 블랙,"주말내내비와서 못탔어요
이쁘고좋아요",5,1,긍정
sale****,2023-06-29T01:50:42.655+00:00,자전거: 01.삼천리 카라 / 컬러: 아이보리(바구니포함),잘 사용하고 있습니다,5,1,긍정
jyhg*****,2023-06-15T07:18:09.047+00:00,자전거: 03.삼천리 화이트라벨 / 컬러: 화이트,만족합니다~ 근데 안장이 넘 딱딱해서 엉덩이가 아프네요 ㅜㅜ,4,1,긍정
yeog****,2023-06-17T01:15:19.078+00:00,자전거: 01.삼천리 카라 / 컬러: 다크블루(바구니포함),자전거가탄탄해요 아이 어른 둘다 타기좋아요,5,1,긍정
kj****,2023-06-24T04:08:52.583+00:00,자전거: 01.삼천리 카라 / 컬러: 아이보리(바구니포함),초등학생 6학년이 타기에는 무난 합니다,4,1,긍정
im_f*****,2023-05-22T00:05:40.545+00:00,자전거: 01.삼천리 카라 / 컬러: 다크블루(바구니포함),아직 타기 전인데 자전거가 너무 예쁘네요.. 제 인생 첫 자전거! 잘 타겠습니다~~!!,5,1,긍정
smms***,2023-07-07T01:33:00.512+00:00,자전거: 01.삼천리 카라 / 컬러: 아이보리(바구니포함),좋아요 좋아요 좋아요,4,4,긍정
happ********,2023-06-16T10:55:10.661+00:00,자전거: 01.삼천리 카라 / 컬러: 다크민트(바구니포함),디자인도  이쁘고  승차감도  괜찬아요,5,1,긍정
suhu*****,2023-06-09T11:50:58.718+00:00,자전거: 01.삼천리 카라 / 컬러: 다크블루(바구니포함),조아용 출퇴근용으로 삿습요 조립하는데 혼자했지만 뚝딱 하게되네요,5,1,긍정
effo******,2023-05-06T14:17:49.664+00:00,자전거: 01.삼천리 카라 / 컬러: 아이보리(바구니포함),"초등학생 5학년 아들한테 사줬는데 좋아하니 기쁘네요.
자전거 가격도 착하고 이쁘고 좋아요.",5,1,부정
ranm****,2023-06-26T20:54:48.573+00:00,자전거: 01.삼천리 카라 / 컬러: 다크블루(바구니포함),Hcududuxixidif,5,1,긍정
samg****,2023-05-19T03:57:00.636+00:00,자전거: 01.삼천리 카라 / 컬러: 다크블루(바구니포함),좋아요 좀 크긴한데 오래쓸수있을듯합니다,5,1,부정
1021*****,2023-05-14T15:29:38.203+00:00,자전거: 01.삼천리 카라 / 컬러: 다크블루(바구니포함),아이가 좋아하네요. 깔끔하고 괜찮아요,5,1,긍정
hkra****,2023-05-23T08:17:37.462+00:00,자전거: 01.삼천리 카라 / 컬러: 다크민트(바구니포함),좋아요좋아좋아요좋아 좋아,5,1,부정
p619***,2023-06-30T14:09:25.228+00:00,자전거: 03.삼천리 화이트라벨 / 컬러: 블랙,만족합니다 감사합니다,5,1,긍정
hyej******,2023-06-09T05:42:35.743+00:00,자전거: 01.삼천리 카라 / 컬러: 다크민트(바구니포함),색상도 예쁘고 아이가 잘타네요~~,4,1,긍정
socc*******,2023-06-01T03:01:59.259+00:00,자전거: 02.삼천리 메이비20 / 컬러: 민트(바구니포함),"튼튼하고, 주행시 떨림이 적네요
아이들도 같이 타고 좋습니다.",5,1,부정
qort*******,2023-05-18T21:58:16.399+00:00,자전거: 01.삼천리 카라 / 컬러: 다크블루(바구니포함),어머니 마실 용으로 사드렸어요,5,1,부정
mom1*****,2023-03-29T23:37:50.650+00:00,자전거: 02.삼천리 메이비20 / 컬러: 민트(바구니포함),"초2130남아 직접 고른 색상이에요. 무게가 15라더니 체감은 더무거워요, 그래도 아이엄마가 혼자 유튜브 찾아보며 조립하기 어렵지않았어요.십자 드라이버 하나 따로 준비하셔야 해요. 안장제일 낮추니 발도 잘 닿고 좋다네요. 보조바퀴도 구매하긴 했는데 볼트너트가 너무 꽉 조여져있어서 아직 체결못했어요 ㅎ",5,1,긍정
enll****,2023-05-31T09:50:30.782+00:00,자전거: 01.삼천리 카라 / 컬러: 다크블루(바구니포함),엄마줄려고 샀는데 원래 삼천리 미니벨로 타고있어서 잘타고있던지라 인터넷 구매했어요,5,1,긍정
jins*******,2023-05-13T00:34:06.106+00:00,자전거: 01.삼천리 카라 / 컬러: 아이보리(바구니포함),근거리 출퇴근용으로 가볍게 쓰기 좋아요,5,1,긍정
heju******,2023-04-28T07:07:15.842+00:00,자전거: 01.삼천리 카라 / 컬러: 다크블루(바구니포함),"아이가 좋아해요 
두발자전거가 첨이라 무서워하긴 하지만 금방 적응할듯합니다
조립도 어렵지않게 했어요~",5,1,부정
1021*****,2023-05-14T15:30:08.851+00:00,자전거: 02.삼천리 메이비20 / 컬러: 라이트핑크(바구니포함),깔끔하고 타기 편하고 좋아요,4,1,부정
ps12***,2023-04-29T05:44:14.447+00:00,자전거: 01.삼천리 카라 / 컬러: 다크민트(바구니포함),"배송,포장 다 마음에 들구요 자전거 사이즈,디자인 다 마음에 드네요 아주 좋아요",5,1,긍정
injo***,2023-04-09T07:06:55.730+00:00,자전거: 01.삼천리 카라 / 컬러: 다크블루(바구니포함),"초등학교2학년 아들용으로샀는데 좋습니다.
조립도 쉽고, 포장도 꼼꼼하네요.
핸들이랑 안장높이 조절도 편해서 저랑 와이프도 타기좋네요.
접는것도 간편해서 트렁크에 넣고이동하기도 편하겠네요",5,1,부정
se****,2023-05-12T12:32:53.632+00:00,자전거: 01.삼천리 카라 / 컬러: 다크블루(바구니포함),엄청 빠른 배송 감사합니다,5,1,긍정
aldn********,2023-04-23T14:09:02.544+00:00,자전거: 01.삼천리 카라 / 컬러: 다크블루(바구니포함),"조립 어렵지 않아요.
주말에 날이조아 한강에 다녀왔어요.",5,1,긍정
ip****,2023-05-04T05:56:06.258+00:00,자전거: 03.삼천리 화이트라벨 / 컬러: 블랙,"제 덩치에는 좀 작게 느껴지네요.

시트가 작아서 엉덩이가 조금 아파요 ㅎ.ㅎ",5,1,긍정
grad****,2023-05-10T12:28:07.205+00:00,자전거: 02.삼천리 메이비20 / 컬러: 민트(바구니포함),빠송 빠르고 약간 큰 감이 있네요,5,1,긍정
iopq***,2023-05-03T00:24:29.331+00:00,자전거: 01.삼천리 카라 / 컬러: 다크블루(바구니포함),"무난 합니다 꽉조여야해요 
출퇴근용 잘 쓰고 있어요",4,1,부정
best*******,2023-05-27T23:53:59.008+00:00,자전거: 02.삼천리 메이비20 / 컬러: 라이트핑크(바구니포함),좀 묵직한감이 있고..기어조정을 잘하면 잘나갑니당...,4,1,긍정
alsc****,2023-05-29T11:52:29.984+00:00,자전거: 01.삼천리 카라 / 컬러: 다크블루(바구니포함),배송이 엄청 빨랐어요! 좋습니다,5,1,긍정
daho*****,2023-05-25T05:34:20.452+00:00,자전거: 03.삼천리 화이트라벨 / 컬러: 화이트,경품행사에 사용했는데 좋앗습니다.,5,1,긍정
jo****,2023-05-26T06:45:32.604+00:00,자전거: 01.삼천리 카라 / 컬러: 아이보리(바구니포함),배송이 빠르고 사진만큼 실물도 이쁘네요.,5,1,부정
sisd****,2023-05-04T06:15:08.920+00:00,자전거: 01.삼천리 카라 / 컬러: 다크블루(바구니포함),사이즈도 괜찮고 제품 이상 없이 왔어요~!!,5,1,부정
p010****,2023-05-06T05:01:02.147+00:00,자전거: 03.삼천리 화이트라벨 / 컬러: 블랙,배송도빠르고 신랑이좋아했음좋겠네요ㅋㅋ,5,1,부정
cd****,2023-05-06T01:28:35.285+00:00,자전거: 03.삼천리 화이트라벨 / 컬러: 블랙,배송도 굉장히 빠르고 조립도 간편하네요ㅔ,5,1,부정
yj29*****,2023-05-06T15:18:23.615+00:00,자전거: 01.삼천리 카라 / 컬러: 다크블루(바구니포함),아직 조립전인데..튼튼할꺼 같아요~~,5,1,긍정
jusu******,2023-05-01T22:55:23.044+00:00,자전거: 03.삼천리 화이트라벨 / 컬러: 블랙,키가 작은편이라면 20대이후 여성이 타기도 좋은자전거,5,1,긍정
call****,2023-05-06T04:28:19.741+00:00,자전거: 01.삼천리 카라 / 컬러: 다크블루(바구니포함),초등3년 딸아이가 타기 딱이네요.,4,1,긍정
jw****,2023-05-04T07:50:59.390+00:00,자전거: 01.삼천리 카라 / 컬러: 다크블루(바구니포함),배송도 빠르고 이뻐요,5,1,부정
kwon****,2023-05-02T02:13:41.561+00:00,자전거: 01.삼천리 카라 / 컬러: 다크블루(바구니포함),"디자인, 색상 모두 마음에 듭니다^^",5,1,부정
kkh8***,2023-04-15T07:22:51.129+00:00,자전거: 01.삼천리 카라 / 컬러: 아이보리(바구니포함),전체적으로 무난하고 자전거도 예쁘다~아쉬운점은 바퀴에 바람이 넣어져 있었으면 더 편했을텐데 하는 생각이 들었다.,4,1,긍정
cnw1***,2023-04-16T16:14:39.071+00:00,자전거: 01.삼천리 카라 / 컬러: 다크블루(바구니포함),"접었을때 무거운것 빼고는 만족합니다
조립도 간단하구요
아이가 너무 좋아하네요",5,1,긍정
ck****,2023-05-06T02:54:35.731+00:00,자전거: 01.삼천리 카라 / 컬러: 다크블루(바구니포함),아이가 많이 좋아하네요 성능도 좋아요 추천,5,1,긍정
mome*****,2023-05-17T00:57:42.802+00:00,자전거: 01.삼천리 카라 / 컬러: 다크민트(바구니포함),배송도빠르고제품도좋아요,5,2,긍정
baba******,2023-04-24T01:01:40.112+00:00,자전거: 01.삼천리 카라 / 컬러: 다크블루(바구니포함),"아이가 두발자전거 필요해서 샀어요
8살인데 잘타네요",4,1,긍정
kyou*****,2023-04-15T04:22:52.392+00:00,자전거: 03.삼천리 화이트라벨 / 컬러: 화이트,설치는 쉽지않네요.조립하고나니 괜찮네오ㆍ,5,1,긍정
chan*******,2023-05-10T10:05:44.574+00:00,자전거: 03.삼천리 화이트라벨 / 컬러: 화이트,"디자인도 예쁘고, 군더더기 없네요 좋아요",5,1,부정
qord*****,2023-05-11T11:36:38.871+00:00,자전거: 01.삼천리 카라 / 컬러: 다크블루(바구니포함),조카가 잘 타고 있대요 만족합니다,5,1,부정
effo******,2023-04-08T04:24:32.978+00:00,자전거: 01.삼천리 카라 / 컬러: 아이보리(바구니포함),"초등학생 아들 사줬는데 맘에 들어해서 좋네요.
자전거 이쁘고 좋아요",5,1,긍정
tngh*******,2023-04-19T04:27:04.997+00:00,자전거: 01.삼천리 카라 / 컬러: 다크블루(바구니포함),어머니 사드렸는데 튼튼하고 가벼운 운동용으로 좋아보입니다.,5,1,긍정
whit****,2023-05-08T06:21:27.082+00:00,자전거: 04.삼천리 로시난테 / 컬러: 네이비,잘쓰고있어요 쓸수록 좋아요,5,1,부정
hask****,2023-05-12T04:05:55.006+00:00,자전거: 01.삼천리 카라 / 컬러: 다크블루(바구니포함),실속있는 가격 좋은 품질,4,1,긍정
soul*******,2023-05-13T01:27:11.391+00:00,자전거: 01.삼천리 카라 / 컬러: 다크블루(바구니포함),빠른배송 빠른 자전거 만족합니다~,5,1,긍정
chwo***,2023-04-13T06:47:36.270+00:00,자전거: 03.삼천리 화이트라벨 / 컬러: 블랙,"이가격에 나름만족스럽고 좋습니다만
안장은 바꾸길 추천드립니더
엉덩이가 많이 아프네여",4,1,부정
kihy*****,2023-04-21T02:42:18.412+00:00,자전거: 01.삼천리 카라 / 컬러: 다크블루(바구니포함),초등학생 5학년인데 사이즈 잘 맞네요~,4,1,긍정
leny****,2023-03-31T04:16:45.064+00:00,자전거: 02.삼천리 메이비20 / 컬러: 라이트핑크(바구니포함),"초2, 유치원생 조카 선물해줬는데, 좋아하네요. 처음에만 어려워하고 패달 익숙해지니 금방 적응했어요. 튼튼해서 초등생 동안은 잘 탈거같아요.",5,2,긍정
leny****,2023-03-31T03:54:52.780+00:00,자전거: 01.삼천리 카라 / 컬러: 다크블루(바구니포함),"초2, 유치원생 조카 선물해줬는데, 좋아하네요. 처음에만 어려워하고 패달 익숙해지니 금방 적응했어요. 튼튼해서 초등생 동안은 잘 탈거같아요.",5,1,부정
dami***,2023-03-24T01:53:03.999+00:00,자전거: 01.삼천리 카라 / 컬러: 다크블루(바구니포함),배송도 빠르고 제품도 좋네요~배송 박스에 같이 들어있는 바구니가 한쪽이 찌그러져 왔는데 힘줘서 펴니 흔적은 조금남아 있네요. 주신거 잘 쓸께요~ 번창하세요,4,1,부정
akan******,2023-04-12T12:43:00.391+00:00,자전거: 02.삼천리 메이비20 / 컬러: 라이트핑크(바구니포함),삼천리데 너무 스티커가 허접해요....,4,1,긍정
nibb*******,2023-05-03T10:01:14.427+00:00,자전거: 01.삼천리 카라 / 컬러: 다크블루(바구니포함),"배송도 빠르고
포장도 꼼꼼하고
아이가 너무 조아했어요👍🏻",5,1,긍정
0172****,2023-04-24T22:54:52.610+00:00,자전거: 02.삼천리 메이비20 / 컬러: 민트(바구니포함),배송도 빠르고 조립도 쉽네요. 만족합니다,5,1,긍정
lc****,2023-03-24T03:50:35.616+00:00,자전거: 01.삼천리 카라 / 컬러: 다크블루(바구니포함),색상 사이즈 모두 맘에 듭니다. 안장이 푹신해서 딸이가 좋아하네요. 잔고장만 없으면 퍼펙.,5,1,부정
fron*******,2023-03-26T06:35:46.713+00:00,자전거: 03.삼천리 화이트라벨 / 컬러: 블랙,출퇴근용으로 구입. 조립 어렵지 않음. 타이어공기 약해서 공기주입기로 넣어야 함. 결과적으로 만족함,5,1,긍정
9710****,2023-05-08T00:54:52.558+00:00,자전거: 01.삼천리 카라 / 컬러: 다크블루(바구니포함),좋은 상품 입니다.,5,1,긍정
dm****,2023-04-27T05:52:53.453+00:00,자전거: 03.삼천리 화이트라벨 / 컬러: 블랙,"핸들 조립시, 기준선 하나만 있다면 6점도 가능 하겠어요",5,1,긍정
mh****,2023-04-20T22:15:56.008+00:00,자전거: 01.삼천리 카라 / 컬러: 다크블루(바구니포함),"아이가  너무 좋아해요
딱 원하던 자전거라네요",5,1,부정
phj0*****,2023-04-28T04:45:17.156+00:00,자전거: 01.삼천리 카라 / 컬러: 다크민트(바구니포함),아이가 너무좋아해요^^,5,2,긍정
hyej******,2023-04-07T13:20:44.680+00:00,자전거: 01.삼천리 카라 / 컬러: 다크민트(바구니포함),빨리 배송되었고 색상도 예쁘네요~조립하는건 어렵지 않았어요...,4,1,부정
uaau*****,2023-04-21T22:47:26.333+00:00,자전거: 01.삼천리 카라 / 컬러: 다크블루(바구니포함),빠른 배송 좋습니가.,5,1,긍정
qord*****,2023-03-29T12:34:45.087+00:00,자전거: 01.삼천리 카라 / 컬러: 다크블루(바구니포함),조카가 너무 좋아해요 ~^^,5,1,긍정
jm****,2023-03-17T13:27:55.943+00:00,자전거: 02.삼천리 메이비20 / 컬러: 민트(바구니포함),"만족 합니다.
자전거 이제 처음 배우는데
좋을듯 합니다.",5,1,부정
345t****,2023-02-13T13:24:47.744+00:00,자전거: 03.삼천리 화이트라벨 / 컬러: 블랙,"엉덩이 안장이 좀 작아서 아프더라구요 그래서 3.5 주고 새로사서 바꿔꼈습니다
바구니 따로 구매했는데 별로 추천 안드립니다.. 바구니 잘 고정이 안돼요 계속 떨어져서 타다가 다칠 뻔한 적이 있어요..  잠금장치는 소자 했는데 사이즈 괜찮아요~

바퀴는 작은 편이예요! 
 
162 정도되고 집 앞 왔다갔다하는 정도로 괜찮네요 가격대비 만족합니다",3,1,부정
wlsg*****,2023-03-25T05:55:52.935+00:00,자전거: 01.삼천리 카라 / 컬러: 다크블루(바구니포함),조카사줬는데 좋아합니다 조립도 슁숴요,5,1,부정
zeve***,2023-03-23T23:04:14.160+00:00,자전거: 04.삼천리 로시난테 / 컬러: 네이비,한달째 타고있는데 아주 만족해요 ㅎㅎ,5,1,부정
sc****,2023-03-18T10:10:01.365+00:00,자전거: 01.삼천리 카라 / 컬러: 다크블루(바구니포함),조립간단하며 사진보다 실물이 훨씬 보기좋음,5,1,부정
movi****,2023-04-13T01:18:50.805+00:00,자전거: 03.삼천리 화이트라벨 / 컬러: 블랙,삼천리접이식자전거 카라 미니벨로 20인치자전,5,1,긍정
jusu******,2023-03-18T03:01:03.573+00:00,자전거: 03.삼천리 화이트라벨 / 컬러: 블랙,매우 만족스러운 자전거 접을시 승용차 트렁크에 실립니다,5,1,긍정
assi****,2023-04-11T02:18:26.460+00:00,자전거: 03.삼천리 화이트라벨 / 컬러: 화이트,가격도 괜찮고 편하게 타기 좋아요,5,1,긍정
sn****,2023-04-09T19:31:23.157+00:00,자전거: 01.삼천리 카라 / 컬러: 다크블루(바구니포함),초보자가 타기에도 편해요,5,1,긍정
qkrt*******,2023-04-05T09:38:53.452+00:00,자전거: 02.삼천리 메이비20 / 컬러: 민트(바구니포함),배송빠르고가격저렴하고좋네여,4,1,부정
mome*****,2023-04-08T04:58:12.948+00:00,자전거: 01.삼천리 카라 / 컬러: 다크민트(바구니포함),배송도빠르고제품도좋아요,5,1,부정
year***,2023-04-18T11:02:16.784+00:00,자전거: 01.삼천리 카라 / 컬러: 아이보리(바구니포함),👍👍👍👍👍👍👍👍👍👍👍👍,5,1,긍정
chwo***,2023-03-14T04:11:05.255+00:00,자전거: 03.삼천리 화이트라벨 / 컬러: 블랙,조립 간편하고 짱장하니 좋네여,5,1,부정
soft*******,2023-04-08T06:40:58.322+00:00,자전거: 01.삼천리 카라 / 컬러: 다크블루(바구니포함),초2입니다 좀 더 커야겠네요ㅜ,4,1,긍정
lagn***,2023-03-05T01:39:24.984+00:00,자전거: 01.삼천리 카라 / 컬러: 아이보리(바구니포함),124 아이가 잘 타네요 단점은 저렴이라그런지 기어에서 체인졸아가는소리가 계속나니요,5,1,긍정
avai******,2023-03-15T10:10:42.189+00:00,자전거: 01.삼천리 카라 / 컬러: 다크민트(바구니포함),산뜻한 민트색 좋아요,5,1,긍정
ssag*******,2023-03-10T04:47:48.411+00:00,자전거: 01.삼천리 카라 / 컬러: 아이보리(바구니포함),자전거도  이쁘고 딸아이 맘에 들어해요,4,1,긍정
yjh_***,2023-03-13T00:58:15.935+00:00,자전거: 01.삼천리 카라 / 컬러: 다크블루(바구니포함),여자친구 선물로 사줬는데 좋아합니다,4,1,부정
jkhg*****,2023-03-08T23:46:39.326+00:00,자전거: 03.삼천리 화이트라벨 / 컬러: 화이트,초등남자아이가 타는데 만족합니다 ~~!!,5,1,부정
noon*****,2023-03-03T09:32:01.007+00:00,자전거: 01.삼천리 카라 / 컬러: 다크블루(바구니포함),"잘 받았고요 예쁘네요
운동하려고 구매했어요",5,1,긍정
wuw8***,2023-02-28T09:53:29.323+00:00,자전거: 01.삼천리 카라 / 컬러: 아이보리(바구니포함),"엄마 가게 왔다갔가할 때 타시라고 주문했습니다.
배송도 빠르고 조립하게 쉽습니다.",5,1,부정
whdr****,2023-04-01T00:54:35.357+00:00,자전거: 03.삼천리 화이트라벨 / 컬러: 블랙,배송도 빠르고 자전거 상태도 좋네요!!,5,1,부정
fu****,2023-03-08T13:44:45.535+00:00,자전거: 04.삼천리 로시난테 / 컬러: 네이비,벌써 출퇴근용 통행료 굳었네요.,5,1,긍정
offi******,2023-01-25T15:34:04.857+00:00,자전거: 04.삼천리 로시난테 / 컬러: 네이비,"3.8키로 출퇴근길 사용하려고 자전거 알아봄
가성비좋고 접이식으로 알아보던 중에 리뷰많은것 같아서 고름, 특히나 중국제가 싫어서 삼천리로 구매함

1. 장점: 트렁크 안에 들어감, 모양이 이쁨

2. 단점: 바퀴가 작아서 잘 안나가요. 바퀴가 딱딱해서 승차감이 좋지 않아요. 특히 오르막길 힘들어요. 무게가 무겁습니다.",3,1,부정
bara*****,2023-02-17T09:04:23.234+00:00,자전거: 01.삼천리 카라 / 컬러: 아이보리(바구니포함),8살 딸아이가 무척 좋아합니다.. 하루만에 두발 자전거 성공 ㅎㅎ,5,1,부정
hjk3***,2023-02-27T06:12:06.558+00:00,자전거: 03.삼천리 화이트라벨 / 컬러: 화이트,배송 빠르고 좋습니다,4,3,긍정
npso****,2023-03-16T06:59:04.570+00:00,자전거: 03.삼천리 화이트라벨 / 컬러: 화이트,디자인 이쁘고 이제 날씨 따뜻해져서 많이 타고 다닐 예정입니다~,4,1,부정
345t****,2023-01-27T10:37:51.763+00:00,자전거: 03.삼천리 화이트라벨 / 컬러: 블랙,남자가 타기에는 조금 작은거 같아요! 저는 여자고 키 162정도 되는데 집 앞에 잠시 나갈때 편하게 탈 수 있네요! 저한테는 딱 맞아요,5,1,긍정
eloh******,2022-12-19T10:58:55.751+00:00,자전거: 04.삼천리 로시난테 / 컬러: 네이비,"살좀 빼보려고 마눌꺼랑 제꺼 두대사서 조립하고 마누라 코로나걸려 일주일 못타고 두세번 타고 또 날씨 추워져서 못타고 세워 놓고 있습니다
어디 부디치거나 한것도 없는데 앞뒤바퀴가 헛돌며 휘어있는것 같은데 이 부분 A/S 가능한지요?
동영상 첨부합니다
가능하다면 어떻게 해야 하는지도 알려 주세요 
자전거는 모양이나 접이식은 만족하고 있습니다",3,1,긍정
zeve***,2023-02-14T08:51:19.576+00:00,자전거: 04.삼천리 로시난테 / 컬러: 네이비,한달전에 한대 구매했었는데 가격대비 괜찮은 상품같아서 한대 더 구입했네요 ㅎㅎ,5,1,긍정
gh****,2023-03-02T00:41:55.212+00:00,자전거: 01.삼천리 카라 / 컬러: 아이보리(바구니포함),빠른배송 좋았어요 뒷바퀴바람이 잘안들어가서 고생했어요,4,1,부정
socc*******,2023-02-20T02:41:48.230+00:00,자전거: 01.삼천리 카라 / 컬러: 아이보리(바구니포함),"전체적으로 괜찮습니다만 
자동 조임 공구가 없을시 연장으로 보내주시는데
넘 사용 불편한감이 있고, 약해서 휘어 집니다.

또한 기어가 최고 위까지 잘 안올라 갑니다. 
수고하세요.",4,1,부정
jaeu****,2023-02-06T06:57:34.654+00:00,자전거: 01.삼천리 카라 / 컬러: 다크블루(바구니포함),"출퇴근용으로 샀는데작고귀엽네요
조립도어렵지않아서 쉽게함
잘탈게요",4,1,긍정
pent****,2023-03-06T06:09:40.282+00:00,자전거: 01.삼천리 카라 / 컬러: 다크민트(바구니포함),배송도 빠르고 좋습니다 잘사용할께요,5,2,긍정
pent****,2023-03-06T06:08:48.209+00:00,자전거: 01.삼천리 카라 / 컬러: 다크블루(바구니포함),배송도 빠르고 좋습니다 잘사용할께요,5,1,긍정
valu********,2023-02-12T04:54:20.089+00:00,자전거: 01.삼천리 카라 / 컬러: 다크블루(바구니포함),너무 사이즈가 작아 그냥 그래요 ㅠ,1,1,부정
whit****,2023-03-10T01:58:10.976+00:00,자전거: 04.삼천리 로시난테 / 컬러: 네이비,빠르게 잘받았어요 좋네요,5,1,부정
tjfw*******,2023-03-01T06:28:15.526+00:00,자전거: 02.삼천리 메이비20 / 컬러: 민트(바구니포함),자전거가 예쁘고 너무 좋아요,5,1,부정
ulbo*****,2023-03-07T13:08:54.456+00:00,자전거: 01.삼천리 카라 / 컬러: 다크블루(바구니포함),가볍고 편해요!!!!!!,5,1,긍정
eloh******,2022-12-19T10:50:17.890+00:00,자전거: 01.삼천리 카라 / 컬러: 다크블루(바구니포함),"구매후 조립은 신랑이 잘 했네요
자전거도 못타면서 살좀빼보려고 신랑은 로시난테 저는 카라가 맘에들어서 구매했습니다 
코로나 걸려서 일주일 못타고 지금은 한파에 길바닥이 얼어붙어서 지금까지 두세번 밬에 못탔네요
모양도 예쁘고 가격도 많이 비싸지 않고 접이식이라 차에 싫고 다닐 수 있어서 좋으네요 
카라는 차에 실고 다니기에는 바구니가 없는게 더 편해서 떼어놓고 쓰고 있습니다
그냥 로시난테로 두대 살걸 그랬나 싶어요
참 로시난테는 신랑이 타는데 부딛힌데도 없는데 바퀴가 좀 휘어있는거 같아요
바퀴 휜것도 A/S가 가능한지요?",4,1,부정
ojh3***,2023-02-18T15:27:48.040+00:00,자전거: 01.삼천리 카라 / 컬러: 다크블루(바구니포함),무난하게 타기 좋구요~ 안전하게 탈께요,5,1,부정
fu****,2023-01-15T00:46:45.840+00:00,자전거: 04.삼천리 로시난테 / 컬러: 네이비,출퇴근용으로 좋습니다. 문의사항에 친절히 응대해주셔서 감사합니다.  사장님 부자 되십시요.,5,1,부정
npso****,2023-01-11T07:24:25.717+00:00,자전거: 03.삼천리 화이트라벨 / 컬러: 화이트,조립하려하니 여자 힘으로는 조금 뻑뻑해서 힘들었습니다. 그래도 자전거 자체는 마음에 들었어요!,4,1,긍정
tmdw*****,2023-01-21T05:50:14.005+00:00,자전거: 04.삼천리 로시난테 / 컬러: 네이비,집 앞 마실 용으로 타고 다니기 좋음,4,1,부정
ps****,2023-01-12T20:48:56.027+00:00,자전거: 01.삼천리 카라 / 컬러: 다크민트(바구니포함),아이가 너무 좋아해요 운동되고 잘타고 있어요,5,1,긍정
jan9***,2022-12-28T12:05:55.676+00:00,자전거: 01.삼천리 카라 / 컬러: 다크블루(바구니포함),엄마 마트용 자전거 너무 낡아서 바꿔드렸어요 ㅎㅎ 좋아하시네요 바구니는 넘 작다고 하셔용 감사합니다,5,1,부정
5sj2***,2023-01-10T05:15:12.726+00:00,자전거: 04.삼천리 로시난테 / 컬러: 네이비,빠른배송과 편안하게 탈수 있어 만족합니다.,4,1,부정
took****,2022-12-16T11:58:24.612+00:00,자전거: 03.삼천리 화이트라벨 / 컬러: 블랙,전체적으로 자전거에 대한 만족도는 매우 좋습니다. 조립도 쉬웠고 성인이 타기에도 사이즈도 괜찮습니다. 바구니를 추가 구매했는데 이건 정말 구매하지 마세요. 설치 안내대로 단단히 고정해도 바구니가 주행중에 튀면서 앞쪽으로 넘어가버립니다. 바구니 아래 고정홀도 찌그러지고요. 케이블타이나 다른 고정없이는 바구니가 주행에 방해됩니다.  미리 알았다면 반품 하거나 했을겁니다. 아니면 고정하는 방법을 판매자가 해결해야 하죠. 이외 자전거는 좋습니다.,4,1,부정
whdg*****,2023-01-12T12:01:54.262+00:00,자전거: 01.삼천리 카라 / 컬러: 다크블루(바구니포함),조립도 쉽고 예뻐요,5,2,긍정
wkdg***,2023-01-04T13:09:18.255+00:00,자전거: 04.삼천리 로시난테 / 컬러: 네이비,빠른배송 감사합니다 자전거 이쁘네요,5,1,부정
thwl*****,2023-01-12T04:38:59.222+00:00,자전거: 01.삼천리 카라 / 컬러: 다크블루(바구니포함),디자인도 기얍고 가성비도 쥬아용,5,1,부정
valu********,2022-12-21T12:06:33.419+00:00,자전거: 01.삼천리 카라 / 컬러: 다크블루(바구니포함),우째 이런일이..165cm 까지 탈수 있다고해서 성인도 탈수 있겠구나 싶어 샀는데..너무 작아요...이건 그냥 아이들용이라고 생각이 드는데...성인은 안사시는게 나을듯요.,3,1,긍정
rhle****,2022-12-19T11:44:46.174+00:00,자전거: 03.삼천리 화이트라벨 / 컬러: 블랙,"배송 빠르고 자전거도 맘에 들어요
문의사항도 친절하게 응대해주셔서 만족스러웠습니다",5,1,긍정
kths***,2023-01-28T13:37:59.960+00:00,자전거: 03.삼천리 화이트라벨 / 컬러: 화이트,너무 예쁩니다 굿굿~,5,1,긍정
fghd***,2023-01-04T11:07:03.743+00:00,자전거: 03.삼천리 화이트라벨 / 컬러: 블랙,가성비 좋은거같아요,5,1,긍정
rhle****,2022-12-19T11:43:45.895+00:00,자전거: 03.삼천리 화이트라벨 / 컬러: 화이트,"조립 간편하고 배송도 안전하게 잘 왔어요
자전거도 이쁘고 맘에 들어요",5,1,부정
leon***,2022-12-28T03:51:23.899+00:00,자전거: 01.삼천리 카라 / 컬러: 다크민트(바구니포함),좀 무거운것 빼고는 10세 아이한테 잘 맞습니다.,4,1,긍정
ckt1***,2023-01-17T05:14:36.580+00:00,자전거: 01.삼천리 카라 / 컬러: 다크블루(바구니포함),좋아요.좋아요.좋아요.,5,2,긍정
ckt1***,2023-01-17T05:14:01.270+00:00,자전거: 01.삼천리 카라 / 컬러: 다크민트(바구니포함),좋아요.좋아요.좋아요.,5,1,긍정
defc******,2023-01-24T11:23:07.734+00:00,자전거: 03.삼천리 화이트라벨 / 컬러: 블랙,쓸만해요 ㅅㅎ ㅎㅎㅎ,3,1,부정
rudx******,2023-02-09T22:29:38.052+00:00,자전거: 03.삼천리 화이트라벨 / 컬러: 블랙,좋습니다~~~~~~,4,1,긍정
byou******,2022-12-19T11:50:26.047+00:00,자전거: 03.삼천리 화이트라벨 / 컬러: 블랙,조립을 쉽게 할 수 있어서 좋았어요. 직접 타보니 승차감이 좋았어요. 사이즈는 생각한 것보다 좀 작았네요,5,1,긍정
yuri****,2022-11-01T06:07:57.784+00:00,자전거: 01.삼천리 카라 / 컬러: 다크민트(바구니포함),"메이비 20인치 사고 싶었는데 품절이라 카라 20인치 구입했어요 카라도 예쁘네요 바퀴가 까만색이라 때도 덜 탈 것 같구요 키 130 안되는 초2 여아인데 제가 보기엔 좀 커보이는데 아이는 편하대요 
쌩쌩 잘 타고 놀아요 
핸들도 높이 조절되고 안장도 높이 조절되니 오래 탈 수 있겠어요 완전 가성비 갑!!
이전에 타던 자전거가 알루미늄이라 가벼웠나봐요 알루미늄 자전거는 가격도 있고 하니 이건 스틸이라 확실히 좀 더 무겁긴한데 가성비 좋은 것 같아 만족합니다 딸 아이도 좋아하네요",5,1,부정
youn*******,2022-12-01T14:38:58.205+00:00,자전거: 01.삼천리 카라 / 컬러: 다크민트(바구니포함),키181 몸무게86정도 인데  너무작아요 ㅜㅜ 바퀴가터질듯 키160대 여자분이타시기 적당할듯합니다 ㅜㅜ,2,1,부정
0107*******,2023-01-05T02:11:11.439+00:00,자전거: 04.삼천리 로시난테 / 컬러: 네이비,남자가 타기에도 아주 좋네요,5,1,부정
hyiy*****,2022-12-27T13:35:43.061+00:00,자전거: 01.삼천리 카라 / 컬러: 다크블루(바구니포함),편하게 잘 타고 다녔어요. 키작은 사람이 타기에 좋아요.,5,1,긍정
hyiy*****,2022-11-15T14:09:05.421+00:00,자전거: 01.삼천리 카라 / 컬러: 다크블루(바구니포함),색상도 깔끔하고 화면보다 아담하고 귀여워요~ 산책용으로 부담없이 편하게 타고 다니는 용도로 구매한거라.. 가격대비 만족합니다. 주니어나 여성용으로 타기 좋을것 같아요.,5,1,긍정
pest****,2022-11-15T00:34:37.418+00:00,자전거: 02.삼천리 메이비20 / 컬러: 민트(바구니포함),"초딩3학년딸래미한테 안장을 다내리니 맞아요!! 
조립도 집에서 했구요,, 바구니있어서 이것저것 넣기좋아요! 
다좋은게 한가지 아쉬운점은 체인때문에 바지에 기름이 다 묻는다는거? 체인덮개가있었으면 더 좋았을거같아요! 
딸래미가 만족하면 잘타고있습니다!",5,1,부정
hell*****,2022-12-16T08:28:52.714+00:00,자전거: 01.삼천리 카라 / 컬러: 다크블루(바구니포함),잘타고있습니다 어머니가,5,1,긍정
kyun*******,2022-12-05T10:29:35.218+00:00,자전거: 01.삼천리 카라 / 컬러: 다크블루(바구니포함),수영다닐때 타려고 구매했어요~ 키작은분들한테 딱입니당~!,5,1,부정
djba***,2022-12-16T11:32:42.211+00:00,자전거: 03.삼천리 화이트라벨 / 컬러: 블랙,바퀴에 바람이 없음 왜 그러죠 나머진 괜찮아요 조립도 유튜브 사이트 가르쳐 진대로 했어요  펑크나서 그런가요,4,1,부정
ssun******,2023-01-27T07:09:57.283+00:00,자전거: 03.삼천리 화이트라벨 / 컬러: 블랙,엉덩이가 아파요 아파요,3,1,부정
ncy0***,2022-12-01T01:11:02.637+00:00,자전거: 04.삼천리 로시난테 / 컬러: 네이비,거의 조립이 다 되어 있었고 안장과 핸들만 꽂으면 되어서 조립이 쉬웠습니다. 만족해요.,5,1,긍정
didu****,2022-11-13T03:18:09.696+00:00,자전거: 04.삼천리 로시난테 / 컬러: 네이비,싸게 쓰기엔 좋습니다. 바퀴가 작고 힘이 약해서 중심잡기나 오르막길 용으론 안좋고 디자인이나 휴대성은 좋습니다. 포장이 케이블 타이로 되있어서 가위로 자를 때 기스 나니까 조심하세요,4,1,긍정
yuri****,2022-12-07T13:27:39.934+00:00,자전거: 01.삼천리 카라 / 컬러: 다크민트(바구니포함),아이가 잘 타고 있어서 만족합니다,5,1,긍정
shek*****,2022-11-08T12:13:37.780+00:00,자전거: 01.삼천리 카라 / 컬러: 다크블루(바구니포함),"160인 저에게 골반까지 오네여 ㅎㅎ
작아서 오르막은 힘이들지만 아주 좋규 씽씽 잘다녀요 조립하다 모르는게있어서 전화드렸더니 친절하게 알려주시구 , 조율받으러갔을때도 만질거없고 다 정상이라 하실정도로 조립도 쉬워요!",5,1,긍정
kf21****,2022-12-27T09:29:54.049+00:00,자전거: 03.삼천리 화이트라벨 / 컬러: 화이트,간편하고 가벼워요 타고다니기 정말좋아요,5,1,긍정
cj****,2022-11-17T23:29:20.500+00:00,자전거: 01.삼천리 카라 / 컬러: 다크민트(바구니포함),할아버지 선물로 손녀한테 사줬더니 너무너무 좋아합니다. 민트색 너무 이쁘대요. 감사합니다,5,1,긍정
smar*****,2022-11-20T11:58:39.654+00:00,자전거: 01.삼천리 카라 / 컬러: 다크민트(바구니포함),네발이 좀 떠있어서 아직 서툴은 아이에겐 넘어짐이 좀 생기긴 하지만 더 빨리 두발이 되겠죠^^ 전반적으로 만족합니다.,5,1,긍정
scou****,2022-12-25T03:51:56.335+00:00,자전거: 01.삼천리 카라 / 컬러: 다크블루(바구니포함),배송도 빠르고 예쁘네요,5,1,부정
li****,2022-11-19T13:22:46.070+00:00,자전거: 04.삼천리 로시난테 / 컬러: 네이비,다시 접기가 귀찮아서 그냥 펼쳐서 쓰는데 색도 예쁘고 좋습니당 생각보다는 사이즈가 큽니당,5,1,긍정
timo******,2022-12-19T08:52:18.748+00:00,자전거: 01.삼천리 카라 / 컬러: 다크블루(바구니포함),안전하게 배송해주셔서 감사합니다~,5,1,긍정
me****,2022-12-15T05:19:12.858+00:00,자전거: 03.삼천리 화이트라벨 / 컬러: 화이트,친절하고 인내력 있는 설명에 잘 조립하고 잘 타고 있습니다 감사합니다,5,1,긍정
jjan****,2022-11-23T06:16:05.472+00:00,자전거: 01.삼천리 카라 / 컬러: 다크블루(바구니포함),저렴하게 잘샀어요 번창하세요,5,1,긍정
jieu****,2022-12-19T04:31:25.940+00:00,자전거: 01.삼천리 카라 / 컬러: 다크블루(바구니포함),배송빠르고 좋아요~,5,2,긍정
tmdd********,2022-12-18T11:01:05.564+00:00,자전거: 01.삼천리 카라 / 컬러: 다크블루(바구니포함),제품 설명과 동일한 좋은 제품입니다.,5,1,부정
myks*****,2022-11-03T01:27:01.637+00:00,자전거: 03.삼천리 화이트라벨 / 컬러: 블랙,"디자인이 생각보다 너무 깔끔하고 포장도 깔끔하게 해주시고, 아들 생일선물로 사줬는데 좋아해서 만족입니다.  조립도 쉬웠구요 ~",4,1,부정
ssan****,2022-12-11T02:45:21.731+00:00,자전거: 01.삼천리 카라 / 컬러: 다크블루(바구니포함),여성이 타기 사이즈 좋고 승차감 좋아요,5,1,긍정
para*****,2022-12-16T23:06:08.196+00:00,자전거: 01.삼천리 카라 / 컬러: 다크블루(바구니포함),"아버지
사드렸는데 좋아하세요~~^^",5,1,부정
eh_j***,2022-12-15T09:55:41.660+00:00,자전거: 01.삼천리 카라 / 컬러: 다크블루(바구니포함),출퇴근용으로 잘타고있어요!,5,1,부정
kimo********,2022-11-16T22:16:47.710+00:00,자전거: 03.삼천리 화이트라벨 / 컬러: 화이트,좋아요굿이에요짱 이에요,5,1,긍정
ldy2***,2022-11-08T02:39:00.915+00:00,자전거: 01.삼천리 카라 / 컬러: 다크민트(바구니포함),적당한가격에 접으면 사이즈도 괜찮아요,5,1,부정
zose***,2022-10-17T02:49:16.270+00:00,자전거: 03.삼천리 화이트라벨 / 컬러: 화이트,"주문하고서 실제 타보고 후기 작성합니다.

우선.. 조립은 집에서 하실 수 있으나 대리점에서 꼭 조율하세요~! 확실히 다릅니다!!
돈 2~3만원 사이로 받을실거예요.

배송시에 문제 발생했을때 빠르게 대처해주시고, 부품도 다시 보내주시고.. 친절하게 응대 잘 해주셔서 감사했습니다^^
화이트라벨 선택하길 잘한것 같아요.
아이거 비슷한 사양으로 타 브랜드 제품도 있는데.. 한강을 쭉 달려보니 역시 아이것은 동네 마실용이지 라이팅용으로는 부족하더라구요.
근데 이 제품은 생각보다 잘나가서 놀랐습니다!
그래서 제가 타려던것은 아이가 타버린.. ㅠㅠ
네 뺏겼습니다..... ㅋ

단점은..... 후기들도 써 있듯이 엉덩이가 너무 아파요 ㅠㅠ
안장커버 사서 끼울 예정입니다~

이상 만족 후기였습니다~ㅋ",5,1,부정
le****,2022-11-21T22:27:37.321+00:00,자전거: 01.삼천리 카라 / 컬러: 다크블루(바구니포함),빠른배송 감사합니다!,5,2,부정
jy02***,2022-11-24T08:03:56.442+00:00,자전거: 01.삼천리 카라 / 컬러: 다크민트(바구니포함),사이즈는 작지만 키가작아서 맞아요 가볍고 색도이쁘고 잘타고있습니다,5,1,부정
blue******,2022-11-20T09:34:06.828+00:00,자전거: 01.삼천리 카라 / 컬러: 다크블루(바구니포함),조립도 쉽고 주행감도 좋아요,5,1,부정
dnjs****,2022-11-10T05:52:22.116+00:00,자전거: 03.삼천리 화이트라벨 / 컬러: 블랙,좋아요 라이딩 재밌게 하고 있습니다.,5,1,긍정
inde*****,2022-10-31T06:29:07.803+00:00,자전거: 01.삼천리 카라 / 컬러: 다크블루(바구니포함),"아이가 좋아하네요.
사실 둘째 사준건데 첫째가 타기로요",5,1,긍정
oz****,2022-11-09T03:14:52.630+00:00,자전거: 01.삼천리 카라 / 컬러: 다크블루(바구니포함),트렁크에 싣고 꺼낼때 엄마는 느므 힘이들지만 아들이 즐거워하니 저두 좋네요🥲,5,1,부정
02****,2022-10-17T09:18:48.476+00:00,자전거: 02.삼천리 메이비20 / 컬러: 라이트핑크(바구니포함),"오프라인은 비싸고 인터넷에 자전거 고르고 고르다가 구매했는데 좀 무거운거 말고는 만족합니다.
승용차 트렁크에 넣고 빼는게 힘좀 써야합니다 ㅎ
9살 딸아이가 디자인과 색상도 맘에 들어하고 잘타고 다니네요.
찬바람 불기전에 실컷 태워야겠습니다",5,1,부정
aas5***,2022-11-10T09:42:58.729+00:00,자전거: 01.삼천리 카라 / 컬러: 다크블루(바구니포함),조립도 간편하고 좋습니다,5,1,긍정
mate*****,2022-10-22T13:26:06.281+00:00,자전거: 01.삼천리 카라 / 컬러: 다크민트(바구니포함),만듬새품질이우수합니다.잘굴러가고잘서네요ㅋㅋ,5,1,부정
kbce*****,2022-10-31T05:36:17.107+00:00,자전거: 03.삼천리 화이트라벨 / 컬러: 블랙,"자전거는 잘 받았는데 조립식이라 조립공구는 넣어줄줄 알았습니다만 L렌치가 없네요?
그게 아쉬워서 3점 줬습니다.",3,1,긍정
mong*******,2022-10-27T14:41:11.036+00:00,자전거: 01.삼천리 카라 / 컬러: 다크블루(바구니포함),생각보다 사이즈가 큰듯합니다. 미니벨로는 아니에요. 저렴한 가격에 가성비는 좋습니다.,5,1,긍정
dken*****,2022-11-29T10:05:23.703+00:00,자전거: 01.삼천리 카라 / 컬러: 다크블루(바구니포함),달릴 때 힘은 좀 들지만 이정도면 만족합니다!!,5,1,부정
took****,2022-10-26T01:08:12.189+00:00,자전거: 03.삼천리 화이트라벨 / 컬러: 블랙,"배송빠르고, 이상없이 잘 도착했습니다. 조립도 핸들하고 안장만 높이에 맞춰서 하는 정도라 매우 쉽네요. 초등생 자녀인데 키가 170이라 작을까 걱정했는데, 높이도 잘 맞고 매우 만족합니다. 블랙 색상이 아주 깔끔하고 무난하고 이쁩니다.",5,1,부정
tndu*****,2022-11-10T02:05:08.358+00:00,자전거: 01.삼천리 카라 / 컬러: 다크블루(바구니포함),그나마 저렴해서 좋아요.,5,1,긍정
zk****,2022-11-27T19:45:49.204+00:00,자전거: 01.삼천리 카라 / 컬러: 다크민트(바구니포함),생각보다 퀄리티가 괜찮아요,5,1,부정
scor*******,2022-11-22T10:01:15.861+00:00,자전거: 03.삼천리 화이트라벨 / 컬러: 블랙,접히는 것이 좋았고 일단은 바퀴가 20인치라 더욱 마음에 들어요,4,1,부정
shj7***,2022-11-01T05:45:04.641+00:00,자전거: 01.삼천리 카라 / 컬러: 아이보리(바구니포함),아이와 엄마가 같이타네요. 너무 좋아요,5,1,부정
jjan****,2022-10-21T14:47:00.254+00:00,자전거: 01.삼천리 카라 / 컬러: 다크블루(바구니포함),"조립편하고, 배송 빨라요~
저렴하게 잘샀어요 번창하세요",5,1,긍정
vivi******,2022-11-18T14:34:53.132+00:00,자전거: 01.삼천리 카라 / 컬러: 다크블루(바구니포함),3학년 아이가 즐겁게 타고있습니다. 조립도 쉬웠습니다^^,5,1,부정
haha*****,2022-10-19T01:17:19.562+00:00,자전거: 03.삼천리 화이트라벨 / 컬러: 화이트,"좋아요 좋습니다 최고에요
사은품으로 드렸는데 너무 좋아하세요",5,1,긍정
vj****,2022-10-26T00:22:57.804+00:00,자전거: 01.삼천리 카라 / 컬러: 다크블루(바구니포함),"맘에 드네요.
저렴하게 잘 탈께요",5,1,긍정
born******,2022-10-03T00:41:40.744+00:00,자전거: 01.삼천리 카라 / 컬러: 다크블루(바구니포함),"초등 4학년 아이의 두발자전거 연습을 위해 자전거를 찾다가, 접이식 자전거를 저렴하게 잘 구매했습니다.
반조립 상태라 1-20분 정도에 핸들, 안장 등 조립할 수 있었습니다.
바구니는 약간 저렴한 느낌이 들어 설치하지는 않았습니다. 그래도 필요할 때 요긴하게 사용할 수 있을 듯 합니다.",5,1,부정
kaga****,2022-10-13T05:25:57.628+00:00,자전거: 04.삼천리 로시난테 / 컬러: 네이비,아이들 생일 선물로 주문했어요~ 아주 마음에 듭니다~ 바구니 불량이 있었는데요. 신속하게 조치해주셨어요~ 정말 좋아요~,5,2,긍정
kaga****,2022-10-13T05:25:34.333+00:00,자전거: 01.삼천리 카라 / 컬러: 다크블루(바구니포함),아이들 생일 선물로 주문했어요~ 아주 마음에 듭니다~ 바구니 불량이 있었는데요. 신속하게 조치해주셨어요~ 정말 좋아요~,5,1,부정
0107*******,2022-11-01T00:57:13.022+00:00,자전거: 04.삼천리 로시난테 / 컬러: 네이비,"조립은 다했지만 아직 안타봤습니다
근데 브레이크 부분이 바퀴에 거의 붙어있어서
소리도 나는거 같고 바퀴도 잘 안돌아가네요
근처 삼천리 매장가서 점검 받아야겠어요~
타보고 후기 또 남길게요!",5,1,부정
ma****,2022-11-15T04:00:44.695+00:00,자전거: 01.삼천리 카라 / 컬러: 다크블루(바구니포함),아버지가 체구가 작으셔서 딱입니다~ 암튼 아담하이 갠츈함,4,1,긍정
kimo********,2022-10-11T17:24:39.680+00:00,자전거: 03.삼천리 화이트라벨 / 컬러: 화이트,"잘받았습니다. 가격대비 품질,구성 좋습니다. 포장도 꼼꼼히 잘해주셨습니다. 조립도간단히 쉬워서 10분안쪽으로 금방했습니다.",5,1,부정
prad*****,2022-11-25T03:34:52.976+00:00,자전거: 02.삼천리 메이비20 / 컬러: 라이트핑크(바구니포함),"싸게잘사고
잘타고있습니다",5,1,부정
bams*******,2022-11-19T13:07:40.798+00:00,자전거: 04.삼천리 로시난테 / 컬러: 네이비,좋아요 만족합니다.,5,2,부정
ma****,2022-10-28T06:06:24.138+00:00,자전거: 02.삼천리 메이비20 / 컬러: 라이트핑크(바구니포함),적당한것 같아요 아직 문제 없네요,4,1,부정
hiya****,2022-10-25T06:09:27.040+00:00,자전거: 01.삼천리 카라 / 컬러: 아이보리(바구니포함),바퀴 바람 빠져서 다시 넣었고 잘 타고 있습니다 좋아요,5,1,부정
fing******,2022-10-29T01:10:54.305+00:00,자전거: 03.삼천리 화이트라벨 / 컬러: 화이트,선물해줬는데 부부끼리 타기좋다하더라구요!,5,1,긍정
hoya******,2022-09-22T10:16:47.067+00:00,자전거: 01.삼천리 카라 / 컬러: 다크블루(바구니포함),"엄마가 필요로 하셔서 주문해드렸는데 
일단 판매자님의 대응이 너무 좋았습니다. 
나사가 하나 빠져있는 상태였는데 바로 보내주시고 혹시나 염려하시며 점검까지 받아보라 권해주셔서 덕분에 안전하게 점검까지 잘 받았습니다. 

엄마 키가 작으셔서 바퀴는 작고
차로 이동을 위해 접이식 자전거를 찾았는데 
딱 맘에 들어하시네요

할머니집에 가면 초등학생 아들도 탈수있는 사이즈여서 두루두루 잘 샀다 생각됩니다.",5,1,긍정
me****,2022-11-13T09:34:50.023+00:00,자전거: 03.삼천리 화이트라벨 / 컬러: 화이트,조립에서 어리버리 탔는데 친절하게 응대해 주셔서 잘 타고 있습니다,5,1,부정
le****,2022-10-15T04:16:42.058+00:00,자전거: 01.삼천리 카라 / 컬러: 다크블루(바구니포함),빠른배송 좋어요! 조립이 저에게는 어려워서 집옆 삼천리 자전거점에서 조립 완료 했어요!,5,1,긍정
jins*****,2022-10-25T13:12:09.273+00:00,자전거: 03.삼천리 화이트라벨 / 컬러: 화이트,"가성비 좋은 미니밸로입니다
튼튼해요",5,1,긍정
an****,2022-10-25T01:17:12.339+00:00,자전거: 03.삼천리 화이트라벨 / 컬러: 화이트,괜찮아요 잘 사용할게요,5,1,긍정
youw****,2022-10-06T09:49:43.492+00:00,자전거: 01.삼천리 카라 / 컬러: 다크민트(바구니포함),136센치 아이에게 잘 맞아요. 보조바퀴 달때 조금 시간이 걸린것 빼고 조립도 금방 했습니다. 색깔도 이쁘고 튼튼하네요 많이 파세요,5,1,부정
dnjs****,2022-11-10T05:52:54.790+00:00,자전거: 03.삼천리 화이트라벨 / 컬러: 화이트,좋아요 아주 좋아요 미치겠습니다 정말 좋습니다,5,1,부정
fing******,2022-10-29T01:10:19.502+00:00,자전거: 04.삼천리 로시난테 / 컬러: 네이비,선물해줬는데 좋다고해요!!,5,1,긍정
haha*****,2022-10-19T01:17:51.452+00:00,자전거: 03.삼천리 화이트라벨 / 컬러: 블랙,사은품으로 드렸는데 너무 좋아하세요,5,1,부정
rhan******,2022-09-22T00:18:27.708+00:00,자전거: 03.삼천리 화이트라벨 / 컬러: 화이트,"불편사항 접수 응대는 즉각 잘 답변해주셔서 좋았습니다. 안장은 딱딱해서 엉덩이가 좀 아픕니다. 그리고 브레이크 잡을때 소리가 나서 근처 수리점 갔는데 수리가 불가능하다고 해서 다른곳도 가볼려고 합니다.. 소음이 너무커서 ,, 타고 댕길때 좀 많이 민망해집니다..  일단 다른곳도 가보고 다시 접수 할 생각입니다,",4,1,부정
dm****,2022-10-29T04:32:19.638+00:00,자전거: 03.삼천리 화이트라벨 / 컬러: 화이트,바람이 빠져 있어서 빵구가 난건지 모르겟따 아직까지 한달동안 조립만 하고 쓰지 않고 있따 바람을 넣으러 가야 하는데 졸라 귀찮다,3,1,긍정
jsc2***,2022-09-28T09:26:36.744+00:00,자전거: 01.삼천리 카라 / 컬러: 다크블루(바구니포함),자전거를 택배로 사보는건 처음인데 상당히 만족스럽네요. 색상도 이쁘고 조립도 큰 어려움이 없었습니다.,5,1,부정
peac****,2022-10-20T03:31:16.288+00:00,자전거: 03.삼천리 화이트라벨 / 컬러: 화이트,안장이불편하지만잘사용중입니다,5,1,부정
hwan*****,2022-11-03T07:57:47.395+00:00,자전거: 01.삼천리 카라 / 컬러: 다크블루(바구니포함),배송빠르고 제품하자없고 조립이 편하다.,5,1,부정
kk****,2022-10-13T02:01:16.964+00:00,자전거: 03.삼천리 화이트라벨 / 컬러: 화이트,바퀴가작아서 다른사람들보다 더돌려야하지만 괜찬아요,5,1,부정
76****,2022-11-09T05:45:41.804+00:00,자전거: 03.삼천리 화이트라벨 / 컬러: 블랙,아직 조립전이지만 기대되네요,4,1,긍정
yuil****,2022-09-21T13:32:10.908+00:00,자전거: 01.삼천리 카라 / 컬러: 다크블루(바구니포함),깔끔하게 보장 되어오고 좀 많이 무겁지만 7살부터 탈 수 있네요 보조바퀴도 튼튼해요,5,1,부정
nosl****,2022-10-03T07:45:32.964+00:00,자전거: 01.삼천리 카라 / 컬러: 다크블루(바구니포함),자전거 빨리 받았어요~뒷 타이어가 바람이 자꾸 빠져서 연락드리니 수리후 영수증 청구하라고 하셔서 튜브교체하고 청구하였네요~^^,5,1,부정
kt****,2022-11-07T21:48:47.671+00:00,자전거: 04.삼천리 로시난테 / 컬러: 네이비,출퇴근용으로 제격입니다.,5,1,긍정
bbid****,2022-10-09T08:37:55.495+00:00,자전거: 01.삼천리 카라 / 컬러: 다크민트(바구니포함),가격 저렴하고 조립도 아주 쉽습니다.,5,1,부정
zpzp****,2022-09-27T12:28:09.727+00:00,자전거: 01.삼천리 카라 / 컬러: 다크블루(바구니포함),"배송 엄청 빨랐어요! 이틀만에 도착했네요
조립도 쉬웠어요
바퀴 바람만 빵빵하게 넣으면 될 것 같아요
좋은 상품 감사합니다^^",5,1,부정
juli********,2022-10-09T14:26:19.750+00:00,자전거: 01.삼천리 카라 / 컬러: 다크블루(바구니포함),택배가 너무 빨라서 만족하고 제품도 너무 좋고 다회사 보다 가격도 착합니다.,5,1,부정
ddow*****,2022-08-26T12:44:40.340+00:00,자전거: 01.삼천리 카라 / 컬러: 다크블루(바구니포함),"어두운 데서 찍어서 잘 안 나왔지만 우선 질리지 않는 색상이라 좋았습니다. 간편하게 조립이 가능한 상태로 왔는데, 다만 처음이다 보니 다소 헤맨 것 같아요. 참고할 수 있는 영상 링크? 같은 게 있었다면 더 좋았을 것 같습니다. 잘 쓸게요!",5,1,긍정
ekgm****,2022-09-21T13:00:29.410+00:00,자전거: 01.삼천리 카라 / 컬러: 다크블루(바구니포함),"가운데 있는 자전거에요!
한 달 타보니 초등학교 고학년이나 중학생들에게 크기가 맞을 것 같아요~
저한테는 작네요 ㅠㅠ
성인 여자가 타도 될 것 같긴한테 보이는 사진과 같이 뒷바퀴가 작은 편이라 조금 낮아요!
성인이라면 여자 160이하 추천이요🙃",5,1,부정
shar******,2022-09-17T01:31:35.973+00:00,자전거: 01.삼천리 카라 / 컬러: 다크블루(바구니포함),아이도 안전하게 잘 타고 지내고 있고 승차감도 제가 타보니 좋습니다. 처음 샀을때 디자인이 때깔이 나서 기분이 좋습니다. 퀄리티도 좋고 좋은 제품 많이 파세요~,5,1,긍정
in****,2022-10-12T12:52:51.852+00:00,자전거: 01.삼천리 카라 / 컬러: 다크민트(바구니포함),"자전거가 참 예쁩니다.
딸아이도 좋아합니다",5,1,긍정
soba*******,2022-11-03T18:32:53.760+00:00,자전거: 01.삼천리 카라 / 컬러: 다크민트(바구니포함),너무 좋아요 너무 좋아요,5,1,긍정
rhks****,2022-10-15T02:47:11.880+00:00,자전거: 01.삼천리 카라 / 컬러: 다크블루(바구니포함),외관적으로 괜찮아요,5,1,부정
rela****,2022-09-15T10:29:09.671+00:00,자전거: 03.삼천리 화이트라벨 / 컬러: 블랙,"아이들이 자꾸 자전거 타자고 해서 고등학교 이후로 첫 성인자전거 구매했습니다.
조립은 매우 쉽구요,
디자인도 마음에 듭니다.
다만 안장이 조금만 푹신하면 더 좋았을거 같습니다^^",5,1,긍정
oz****,2022-09-23T12:11:32.532+00:00,자전거: 01.삼천리 카라 / 컬러: 다크블루(바구니포함),"키 125 cm 7살이 타기에 조금 큰감이 있지만 타는데는 문제 없어요~~! 키가 조금만 더크면 딱맞을꺼 같아요
디자인도 괜찮고 뭣보다 접이식을 찾고 잇엇던터라 딱입니다~~~~",5,1,긍정
hyun******,2022-09-28T12:27:03.229+00:00,자전거: 01.삼천리 카라 / 컬러: 다크블루(바구니포함),"배송도 빠르고 
조립도 여자가 하기에 쉬웠어요 ~ 
초1 아이가 덩치가 있는편이라 
작으면 어쩌나 걱정했는데  딱이네요ㅎㅎㅎ",5,1,부정
free*******,2022-10-29T04:53:57.288+00:00,자전거: 01.삼천리 카라 / 컬러: 다크민트(바구니포함),색감도 맘에들고 조립도 쉬워서 더 맘에드네요,4,1,부정
kf21****,2022-10-14T06:37:53.830+00:00,자전거: 03.삼천리 화이트라벨 / 컬러: 화이트,가볍고 조립5분이면 충분합니다,5,1,부정
ggre****,2022-10-11T04:00:02.562+00:00,자전거: 01.삼천리 카라 / 컬러: 다크블루(바구니포함),한달사용해봐도 아무문제없고 튼튼하네요,5,1,긍정
yo****,2022-09-29T06:25:44.428+00:00,자전거: 04.삼천리 로시난테 / 컬러: 네이비,상품 손상없이 빠르게 배송된 점 매우 만족하였습니다. 상품은 두말할 것도 없이 좋구요.,5,1,부정
llll*****,2022-10-10T17:50:21.212+00:00,자전거: 01.삼천리 카라 / 컬러: 다크블루(바구니포함),배송도 진짜 빠르고 만족합니다,5,1,긍정
bear****,2022-09-30T02:17:13.228+00:00,자전거: 04.삼천리 로시난테 / 컬러: 네이비,너무예뻐요! 생각했던거보단 무게감 있어서 힘들거같긴한데 그래도 좋네요!,5,1,긍정
rlag******,2022-10-06T14:30:16.709+00:00,자전거: 04.삼천리 로시난테 / 컬러: 네이비,생각보다 잘나가고 예쁩니다 잘샀어요!!,5,1,긍정
tb****,2022-10-31T02:50:26.600+00:00,자전거: 03.삼천리 화이트라벨 / 컬러: 화이트,배송 빠르고 제품 좋아요,4,1,긍정
usai***,2022-09-19T11:45:09.923+00:00,자전거: 01.삼천리 카라 / 컬러: 다크민트(바구니포함),"배송은 꼼꼼하게 잘 왔네요 박스 터진곳도 없이요~
자전거 전문점에서 조율받았고 자전거에 문제 있었지만 빠르게 답변주시고 해결해주셔서 그다지 맘 상하진 않았어요.
아이는 잘 타고 다니고 있네요.",4,1,부정
budu****,2022-09-17T19:04:42.556+00:00,자전거: 01.삼천리 카라 / 컬러: 다크블루(바구니포함),"애가 타는거라 잘은 모르겠네요.. 
다만 타이어가 너무 공기압이 적은듯 말랑거리던데요..
타이어에 적혀있는 정상압이 들어가 있는데(250 kpa)전 너무 말랑거려서 320kpa까지 넣었거든요.
괜찮을까 모르것네요..
그정도 넣어도 손으로 꽉 누르면 조금은 말랑거리더라구여..",5,1,부정
seji******,2022-10-28T10:54:17.258+00:00,자전거: 01.삼천리 카라 / 컬러: 다크블루(바구니포함),디자인도 이쁘고 좋아요!,5,1,부정
ma****,2022-10-18T05:47:19.345+00:00,자전거: 01.삼천리 카라 / 컬러: 다크블루(바구니포함),키작은 아부지께서 딱 맞게 잘 타고 있구요 조립간단하고 실용적인것 같습니다,4,1,부정
dlaw********,2022-10-19T08:22:49.695+00:00,자전거: 01.삼천리 카라 / 컬러: 다크블루(바구니포함),라이딩용이아니여서 언덕오를때힘들지만.. ㅋㅋㅋ 진짜 잘타고있습니다 ㅎㅎ 감사합니당 ㅎㅎ,5,1,긍정
mulp****,2022-10-11T02:25:43.210+00:00,자전거: 01.삼천리 카라 / 컬러: 다크블루(바구니포함),"배송좋음.
초등2학년 타기에 적당",5,1,부정
baby****,2022-10-09T01:12:18.224+00:00,자전거: 03.삼천리 화이트라벨 / 컬러: 블랙,9살아들이너무좋아합니다~,5,1,긍정
mavi****,2022-09-26T05:18:18.569+00:00,자전거: 01.삼천리 카라 / 컬러: 아이보리(바구니포함),딱한달 자전거 배우고 중고로 10만원에 넘겼어요 8만원 하늘로 ㅎㅎ,5,1,긍정
mjy2***,2022-10-22T23:32:09.548+00:00,자전거: 01.삼천리 카라 / 컬러: 다크블루(바구니포함),그냥 가볍게 타려고 주문했는데 좀 무거운게 빼고는 잘타고 있습니다.,4,1,부정
seul****,2022-09-20T08:03:17.802+00:00,자전거: 01.삼천리 카라 / 컬러: 다크민트(바구니포함),"조립은 쉬웠어요ㅋ근데 생각보다 너무 무거워요
아이가 좋아해요ㅋ",4,1,부정
th****,2022-10-17T02:41:45.823+00:00,자전거: 01.삼천리 카라 / 컬러: 다크블루(바구니포함),"키가 작은데 사이즈가 딱이고 
승차감도 좋고 접이식이어서 보관하기에도 좋아요   ◡̈",5,1,긍정
yeji******,2022-10-02T09:33:31.289+00:00,자전거: 01.삼천리 카라 / 컬러: 다크블루(바구니포함),배송이 빠르고 저렴해서 너무 좋아요,5,1,부정
th****,2022-09-20T22:39:05.020+00:00,자전거: 01.삼천리 카라 / 컬러: 다크블루(바구니포함),키가 작은데 사이즈 딱 좋고 디자인도 귀엽고 예뻐요  ☺︎ 접이식이라 보관하기에도 좋네요,5,1,부정
jmsu*****,2022-10-14T14:33:08.147+00:00,자전거: 01.삼천리 카라 / 컬러: 다크블루(바구니포함),"가성비 좋아요 
아이보리  모델이 없어 아쉽네요",4,1,부정
ba****,2022-10-17T14:45:56.069+00:00,자전거: 01.삼천리 카라 / 컬러: 다크블루(바구니포함),"배송빠르고 10살 아이 타기에 딱입니다
색상도 네이비 베이지 조합 굿",5,1,긍정
para*****,2022-10-25T06:35:28.758+00:00,자전거: 01.삼천리 카라 / 컬러: 다크블루(바구니포함),"아버지 타시라고 사드렸는데 
좋으시다고 하네요 ㅍㅎ",5,1,긍정
seji******,2022-09-06T03:23:03.184+00:00,자전거: 01.삼천리 카라 / 컬러: 다크블루(바구니포함),엄마가 타신다고 하셔서 주문해드렸는데 만족하세요! 조립은 아빠가 하셨는데 그렇게 어려움 없어다고 하네요! 저는 보조바퀴까지 주문했는데 그게 다는게 조금 까다로웠다고합니다. 디자인도 좋고 만족합니다!,5,1,긍정
04****,2022-10-22T05:22:03.526+00:00,자전거: 03.삼천리 화이트라벨 / 컬러: 블랙,생각보다는 저하고는 맞질않네요!,3,1,부정
lj****,2022-09-29T08:35:37.928+00:00,자전거: 01.삼천리 카라 / 컬러: 다크블루(바구니포함),배송 이 좀 늦었지만 안전하고 조립해보니 이상 없어서 좋네요,5,1,부정
i12u***,2022-10-24T04:41:47.444+00:00,자전거: 02.삼천리 메이비20 / 컬러: 라이트핑크(바구니포함),아이가 너무 좋아해요,5,2,부정
skyl*******,2022-10-05T01:58:25.731+00:00,자전거: 02.삼천리 메이비20 / 컬러: 라이트핑크(바구니포함),아이가 좋아하고 잘 타네요~,4,1,부정
penn*****,2022-09-19T02:28:20.236+00:00,자전거: 01.삼천리 카라 / 컬러: 다크블루(바구니포함),"생각했던것 보다 사이즈가 많이 작아요
그래서 무릎이 아픕니다
참고하세요",3,1,부정
k_95****,2022-09-19T10:36:50.137+00:00,자전거: 01.삼천리 카라 / 컬러: 다크민트(바구니포함),"생각보다 작지도 않고 구성이 괜찮아요
색깔도 넘 귀여워서 만족합니당",5,1,긍정
hhj8*****,2022-10-17T23:37:44.517+00:00,자전거: 01.삼천리 카라 / 컬러: 다크민트(바구니포함),이쁘긴한데 작고 무겁네요 승차감무거워서그런지 힘이많이그네요,2,1,긍정
bora***,2022-10-02T22:37:09.408+00:00,자전거: 04.삼천리 로시난테 / 컬러: 네이비,"손자랑 며칠 계속 탔더니 하부지 사랑해
사랑해 훗^~^",5,1,긍정
sinj*******,2022-09-28T12:56:15.552+00:00,자전거: 01.삼천리 카라 / 컬러: 다크블루(바구니포함),바퀴 바람 없는것 빼곤 마음에 들어요.,3,1,긍정
hell*****,2022-09-23T14:29:44.712+00:00,자전거: 01.삼천리 카라 / 컬러: 다크블루(바구니포함),어머니 마실용으로 사드렸는데 적절하게 잘 산것같습니다 좋아요,5,1,긍정
kkss******,2022-10-06T06:16:50.403+00:00,자전거: 01.삼천리 카라 / 컬러: 다크블루(바구니포함),딸이너무좋아하네요 만족합니다번창하세요,5,1,긍정
jeon*****,2022-10-14T12:22:39.854+00:00,자전거: 01.삼천리 카라 / 컬러: 다크블루(바구니포함),좋아요 이쁘구요 아이가 잘타요,5,1,부정
dlad********,2022-10-08T04:01:47.207+00:00,자전거: 01.삼천리 카라 / 컬러: 다크블루(바구니포함),삼천리는 값을 하네요 너무 좋고 일단은 확실히 튼튼해 보입니다,5,1,긍정
shee******,2022-10-04T06:18:26.280+00:00,자전거: 03.삼천리 화이트라벨 / 컬러: 블랙,애가 좋아해요~~~,5,1,부정
rcnm****,2022-09-07T14:25:34.463+00:00,자전거: 02.삼천리 메이비20 / 컬러: 민트(바구니포함),"자전거는 좋지만 상품일부가 손상이 있어서
그부분이 아쉽네요 출하전 검사는 해야되지 않을까
싶습니다. 그래도 판매자분이 대응을 잘해주셔서
그냥 쓰겠습니다.",2,1,부정
kuno***,2022-09-27T15:07:47.965+00:00,자전거: 01.삼천리 카라 / 컬러: 아이보리(바구니포함),선물로 드렸는데 아주 잘쓰고 계시다고 하네요,5,1,긍정
ks****,2022-10-18T05:32:46.328+00:00,자전거: 01.삼천리 카라 / 컬러: 다크블루(바구니포함),크기 성능 가격 아주 만족합니다.,5,1,긍정
ck****,2022-10-16T23:51:41.992+00:00,자전거: 03.삼천리 화이트라벨 / 컬러: 화이트,사이즈도 적당하고 초등학생이 타기에 적당해요,4,1,부정
netb*****,2022-09-12T05:50:39.896+00:00,자전거: 01.삼천리 카라 / 컬러: 다크블루(바구니포함),배송도 빠르고 조립도 되어와서 바로 탈 수 있었네요 딸내미가 아주 좋아합니다,5,1,부정
chlr********,2022-10-01T00:12:51.627+00:00,자전거: 04.삼천리 로시난테 / 컬러: 네이비,야무지게알차게잘타요,5,1,부정
tnal*****,2022-09-09T02:12:36.622+00:00,자전거: 01.삼천리 카라 / 컬러: 다크블루(바구니포함),작고 귀여워요 평지에서만 타야해요 경사있는곳 타다 너무 고생했어요,5,1,부정
kmaa****,2022-09-17T13:18:41.563+00:00,자전거: 02.삼천리 메이비20 / 컬러: 라이트핑크(바구니포함),"3학년 여아 타기에 좋아요
배송도 빠르고
색깔도 이뻐서 대만족 입니다!!",5,1,긍정
tjdc*****,2022-09-21T08:13:17.280+00:00,자전거: 04.삼천리 로시난테 / 컬러: 네이비,조립도 개당 10분정로 편하고 가격대비 좋아요!!,5,1,부정
impr***,2022-10-17T13:29:44.543+00:00,자전거: 01.삼천리 카라 / 컬러: 다크블루(바구니포함),초등아이가 타기 딱 좋은 것 같아요.,4,1,부정
lime****,2022-09-26T05:59:13.733+00:00,자전거: 03.삼천리 화이트라벨 / 컬러: 화이트,키 179에도 잘 맞고 승차감 좋아요,5,1,부정
ador******,2022-10-16T04:28:36.375+00:00,자전거: 03.삼천리 화이트라벨 / 컬러: 블랙,접이식이라 어디든 잘들어가고 좋네요,5,1,부정
eh_j***,2022-09-21T05:16:28.846+00:00,자전거: 01.삼천리 카라 / 컬러: 다크블루(바구니포함),좋습니다 작다해서 걱정했는데 제생각보단 크네용 ㅎ,5,1,긍정
wass*****,2022-10-18T14:09:37.140+00:00,자전거: 03.삼천리 화이트라벨 / 컬러: 블랙,컴팩트하고 실용적입니다,5,1,긍정
suhy*******,2022-09-25T07:26:31.442+00:00,자전거: 01.삼천리 카라 / 컬러: 다크블루(바구니포함),저렴하게 만족하고 있어요,5,1,긍정
dnjs****,2022-10-06T16:37:06.340+00:00,자전거: 03.삼천리 화이트라벨 / 컬러: 화이트,좋아여 좋아요 좋아여 좋아여 좋아요 좋아요 좋아요 좋아요 좋아여 좋아요 조아요 좋아요,5,1,부정
feel***,2022-10-04T10:20:47.617+00:00,자전거: 01.삼천리 카라 / 컬러: 다크블루(바구니포함),좋아요 경품 선물로 드렸어요 애들이 좋아하네요,4,1,긍정
jsgm***,2022-09-03T01:58:44.939+00:00,자전거: 03.삼천리 화이트라벨 / 컬러: 화이트,"가성비 괜찮아요~~
안장만 더 편안한걸로 바꾸고싶은 정도~~
나머지는 만족합니다~^^",5,1,부정
ta****,2022-10-11T22:11:56.296+00:00,자전거: 01.삼천리 카라 / 컬러: 아이보리(바구니포함),가성비 좋고 애들이 타기에 딱 좋아요,5,1,긍정
4058****,2022-09-19T01:35:55.100+00:00,자전거: 01.삼천리 카라 / 컬러: 다크블루(바구니포함),원하는 조건이 거의 맞아요,5,1,부정
pest****,2022-09-26T00:11:16.740+00:00,자전거: 02.삼천리 메이비20 / 컬러: 민트(바구니포함),초등3학년 딸래미가 탈려고 주문했습니다. 여자아이가 좋아할색상에 사이즈입니다..조립도쉽고 바구니도 라이트까지 아주좋아요!,5,1,부정
pomk******,2022-09-18T04:06:27.261+00:00,자전거: 01.삼천리 카라 / 컬러: 다크블루(바구니포함),"빠른배송에
좋은자전거를구매해감사합니다",5,1,긍정
fing******,2022-09-25T05:31:57.994+00:00,자전거: 03.삼천리 화이트라벨 / 컬러: 화이트,잘쓸께요! 잘쓸께요! ㅎㅎ,5,1,긍정
yhse******,2022-09-15T06:09:19.023+00:00,자전거: 04.삼천리 로시난테 / 컬러: 네이비,기대이상으로 조립도쉽고 안정감있고 즐겁게타고 있어요,5,1,긍정
nana****,2022-07-23T04:44:33.744+00:00,자전거: 01.삼천리 카라 / 컬러: 아이보리(바구니포함),"배송빠르고 삼품 좋아요! 초4딸 타려고샀는데 20인치 자전거면 중학교까지는탈듯싶어서.. 18인치는 작겠더라구요. 그렇다고 어른꺼는 넘 클 것같고 상품받아보니 지금부터 중학생정도까진 잘탈듯해요. 저도 키가작아서 같이 타도될것같음 탈까도 했는데 안장하고 핸들사이가 좀 가까워서 작은 느낌도 들고 너무 오랫만에 타서 그럴지도 모르겠는데..약간 작은느낌은 들긴 했어요. 리뷰에는 어른들도많이타던데..흠안장하고 핸들조절하면될것같기도하고요..
미니벨하고 라이트도 같이주셔서 좋네요 번호키도 추가해서 샀는데 괜찮구요~ 자전거 받침대가 좀빡빡하던데 원래그런걸까요? 애가 내리고올리기좀힘들듯. 계속쓰다보면괜찮겠나 싶네요~ 사진에 옆에자전거는 16인치네요~",5,1,긍정
dong******,2022-11-13T09:58:26.932+00:00,자전거: 01.삼천리 카라 / 컬러: 다크블루(바구니포함),🕺🕺🕺🕺🕺👍👍👍👍👍👍,5,1,긍정
tjeo*****,2022-10-08T13:53:41.559+00:00,자전거: 02.삼천리 메이비20 / 컬러: 민트(바구니포함),아주좋네요ㅎㅎ잘쓸게요,5,1,부정
qute*****,2022-09-20T04:20:42.895+00:00,자전거: 03.삼천리 화이트라벨 / 컬러: 블랙,학교 오갈때 잘 타고 다니겠습니다!,5,1,부정
dono*********,2022-09-07T01:29:27.063+00:00,자전거: 01.삼천리 카라 / 컬러: 다크블루(바구니포함),"추석 연휴를 앞두고도 배송이 굉장히 빨랐습니다 
감사합니다, 어머님이 집근처 다니실때 가볍게 타시는 용도로 주문 했는데 젛을거 같습니다",5,1,긍정
dldn******,2022-08-11T08:20:25.218+00:00,자전거: 01.삼천리 카라 / 컬러: 다크블루(바구니포함),"완전 초딩 저학년용 이네요
엄마 사드렸는데 엄마가 키가 150도 안돼요
근데도 너무 작은 느낌입니다 핸들도 너무 좁아서 엄청 불편하고 
타이어 바람도 안 채워서 배송해주는게 원래 맞는건가요?
타이어도 너무 작아서 그런가 바람을 최대한 넣어도 푹푹 꺼지는데 엄마가 몸무게도 많이 안 나가요
제가 비싼걸 산건 아니지만 17만원 짜리가 이렇게 어설플 수가 있나요? 17만원 어치는 해야 되는거 아닌가요?
한두달 뒤 당근행 예상합니다
추가로 역시 리뷰는 믿을게 못 된다는걸 오늘도 깨닫고 갑니다",3,1,긍정
ps****,2022-08-30T10:55:21.872+00:00,자전거: 01.삼천리 카라 / 컬러: 아이보리(바구니포함),"튼튼하구 문제없이 포장 꼼꼼하게 왔어요
초등 5학년 아빠랑 자전거연습흐는데 너무 행복입니다",5,1,긍정
ma****,2022-09-19T05:24:10.244+00:00,자전거: 02.삼천리 메이비20 / 컬러: 라이트핑크(바구니포함),색상도 좋고 좋은 것 같아요,4,1,긍정
impr***,2022-09-08T12:09:22.694+00:00,자전거: 01.삼천리 카라 / 컬러: 다크블루(바구니포함),아이가 좋아해서 맘에 들어요 초등 4학년 여자아이타기 좋습니다.,5,1,부정
sett****,2022-09-22T03:11:48.720+00:00,자전거: 01.삼천리 카라 / 컬러: 다크민트(바구니포함),좋습니다 가성비가 매우,5,10,부정
sett****,2022-09-22T03:11:30.464+00:00,자전거: 01.삼천리 카라 / 컬러: 다크민트(바구니포함),좋습니다 가성비가 매우,5,1,부정
sett****,2022-09-22T03:11:03.033+00:00,자전거: 01.삼천리 카라 / 컬러: 다크민트(바구니포함),좋습니다 가성비가 매우,5,1,긍정
sett****,2022-09-22T03:10:42.061+00:00,자전거: 01.삼천리 카라 / 컬러: 다크민트(바구니포함),좋습니다 가성비가 매우,5,1,부정
sett****,2022-09-22T03:10:22.206+00:00,자전거: 01.삼천리 카라 / 컬러: 다크민트(바구니포함),좋습니다 가성비가 매우,5,1,긍정
sett****,2022-09-22T03:09:57.029+00:00,자전거: 01.삼천리 카라 / 컬러: 다크민트(바구니포함),좋습니다 가성비가 매우,5,1,긍정
sett****,2022-09-22T03:09:34.986+00:00,자전거: 01.삼천리 카라 / 컬러: 다크민트(바구니포함),좋습니다 가성비가 매우,5,1,부정
sett****,2022-09-22T03:09:17.908+00:00,자전거: 01.삼천리 카라 / 컬러: 다크민트(바구니포함),좋습니다 가성비가 매우,5,1,부정
sett****,2022-09-22T03:09:00.195+00:00,자전거: 01.삼천리 카라 / 컬러: 다크민트(바구니포함),좋습니다 가성비가 매우,5,1,긍정
zero***,2022-09-16T12:15:50.558+00:00,자전거: 02.삼천리 메이비20 / 컬러: 민트(바구니포함),생각보다는 크긴한데 125cm아들도 충분하네요,5,1,긍정
q2q1****,2022-09-16T09:47:26.168+00:00,자전거: 01.삼천리 카라 / 컬러: 다크블루(바구니포함),초등아이 자전거로 너무좋아요,5,1,부정
hisw*****,2022-10-08T05:29:57.248+00:00,자전거: 02.삼천리 메이비20 / 컬러: 민트(바구니포함),엄마 선물로 드렸는데 크기가 적당합니다.,5,1,부정
sm_w***,2022-10-10T04:37:24.290+00:00,자전거: 01.삼천리 카라 / 컬러: 다크블루(바구니포함),우리 딸 연습용으로 딱입니다.,5,1,긍정
cros*******,2022-10-08T12:21:40.448+00:00,자전거: 01.삼천리 카라 / 컬러: 다크블루(바구니포함),아이가 타기 딱 좋아요,5,1,긍정
zoob******,2022-10-03T06:06:47.525+00:00,자전거: 01.삼천리 카라 / 컬러: 다크민트(바구니포함),조림도 편하고 튼튼해보이고 색상도 굳,5,1,긍정
dkhu***,2022-09-15T12:11:57.736+00:00,자전거: 03.삼천리 화이트라벨 / 컬러: 화이트,자전거가 아주 마음에 들어요,5,1,긍정
ky****,2022-08-24T04:36:58.507+00:00,자전거: 01.삼천리 카라 / 컬러: 다크블루(바구니포함),"성인 남자가 타기에는 생가보다 크기가 작네요, 물건은 전체적으로 좋은것같은데 기어변속이 그리 매끄럽지 못한게 아마 가격만큼 하는것같습니다 여성과 아이들이 타기에는 딱 이쁘고 좋은듯",4,1,부정
dnjs****,2022-10-06T16:37:34.900+00:00,자전거: 03.삼천리 화이트라벨 / 컬러: 블랙,좋아여 좋아여 좋아여 좋아요 좋아요,5,1,긍정
rhan******,2022-08-18T14:28:28.095+00:00,자전거: 03.삼천리 화이트라벨 / 컬러: 화이트,안장이 딱딱해서 엉덩이가 아픈거 빼곤 만족합니다 사이즈도 너무 귀엽고 마실용으로굿. 조립은 조금 어려웟어요 그래도 할만한 차근차근 하면 됩니다. !,5,1,긍정
mavi****,2022-08-26T01:44:14.240+00:00,자전거: 01.삼천리 카라 / 컬러: 아이보리(바구니포함),생각보다 작은거 같아 성인은 타기 어려운듯요 가성비는 좋아요,4,1,긍정
win5***,2022-09-13T09:05:09.195+00:00,자전거: 01.삼천리 카라 / 컬러: 다크블루(바구니포함),잘 타고있어용 ㅎㅎ 잘나가고 좋네요!!,5,1,부정
fing******,2022-09-25T05:31:07.795+00:00,자전거: 04.삼천리 로시난테 / 컬러: 네이비,좋아용! 좋아용! ㅎㅎ,5,1,긍정
ggre****,2022-08-30T06:38:56.161+00:00,자전거: 01.삼천리 카라 / 컬러: 다크블루(바구니포함),"배송도엄청빨리오네요
조립하기도 쉽긴한데 조금더설명이있었으면하네요
아이가 좋아하니 최고입니다",5,1,긍정
gyql******,2022-10-03T11:59:30.950+00:00,자전거: 01.삼천리 카라 / 컬러: 아이보리(바구니포함),부모님선물햇는데좋아하셧어요,5,1,부정
a623****,2022-08-08T14:54:13.864+00:00,자전거: 01.삼천리 카라 / 컬러: 다크블루(바구니포함),"조립을 처음해봐서 오기 전까지 고민이 많았는데 생각보다 쉅게 되어서 좋았어요! 그리고 26인치 타다가 큰거 겉아서 24인치랑 20인치 고민했는데 적당하게 잘 구매한거 같아요! 키는 164이고, 가까운 거리에 있는 마트나 편의점에 들르고 주변 산책하는 용도로 구매했는데 딱 적합합니다:-)",5,1,부정
mn79******,2022-09-12T04:26:56.547+00:00,자전거: 04.삼천리 로시난테 / 컬러: 네이비,예쁘고 접이식이라 모닝트렁크에 싣고다녀요~,5,1,부정
dkhu***,2022-09-15T12:13:03.462+00:00,자전거: 03.삼천리 화이트라벨 / 컬러: 블랙,자전거 아주 미음에 들어여 ㅎㅎ,5,1,긍정
hiya****,2022-09-10T02:52:56.903+00:00,자전거: 01.삼천리 카라 / 컬러: 아이보리(바구니포함),좋아요 화물택배라서 수령까지 4-5일 정도 걸려요~,5,1,부정
dlwj********,2022-09-07T04:45:22.631+00:00,자전거: 03.삼천리 화이트라벨 / 컬러: 블랙,조립도 쉽고 잘나가네요 굿굿,5,1,긍정
devi********,2022-09-22T15:44:52.126+00:00,자전거: 01.삼천리 카라 / 컬러: 다크블루(바구니포함),출근길에 매일 여자친구랑 타고 출근해요. 편하고 좋아요.,5,2,부정
devi********,2022-09-22T15:44:33.991+00:00,자전거: 04.삼천리 로시난테 / 컬러: 네이비,출근길에 매일 여자친구랑 타고 출근해요. 편하고 좋아요.,5,1,긍정
jsgm***,2022-09-03T02:00:06.100+00:00,자전거: 01.삼천리 카라 / 컬러: 아이보리(바구니포함),"아이들과 가을을 즐기기위해 2대 장만했는데
가성비 괜찮아요~~",5,1,부정
youn****,2022-09-18T08:04:18.200+00:00,자전거: 03.삼천리 화이트라벨 / 컬러: 화이트,조립도 생각보다 어렵지 않고 좋으네요 살짝 무거운감은 있습니다 동네한바퀴 돌았는데 좋아요,5,1,부정
bams*******,2022-09-30T05:55:39.993+00:00,자전거: 04.삼천리 로시난테 / 컬러: 네이비,좋아요 만족합니다.,5,1,부정
feel***,2022-09-05T08:23:27.305+00:00,자전거: 01.삼천리 카라 / 컬러: 다크블루(바구니포함),좋아요 설치도 간단하고 좋아요,4,1,긍정
shdk******,2022-09-06T14:20:49.781+00:00,자전거: 04.삼천리 로시난테 / 컬러: 네이비,한달동안 엄청 잘 타구 댕깁니다 감사합니다,5,1,긍정
sung********,2022-09-02T13:01:24.536+00:00,자전거: 03.삼천리 화이트라벨 / 컬러: 블랙,안장이 조금 딱딱한 편이라 다이소에서 젤 쿠션사서 썼는데 좋아요!,5,1,긍정
actt****,2022-09-26T13:57:54.655+00:00,자전거: 03.삼천리 화이트라벨 / 컬러: 화이트,가을에 타려고 주문했는데 배송이 빨랐습니다. 잘 받았습니다,4,1,긍정
kk****,2022-08-25T14:23:48.397+00:00,자전거: 03.삼천리 화이트라벨 / 컬러: 화이트,"자전거 조립해서 타봤는데 괜찬아용
브레이크소리 빽빽거리는거빼구요",5,1,긍정
sora****,2022-09-16T07:35:19.349+00:00,자전거: 01.삼천리 카라 / 컬러: 다크블루(바구니포함),잘타고 다니고 있습니당. 그냥 동네마실용.. 바퀴가 작은만큼 속도내기 어려워요.,5,1,부정
hyba*****,2022-10-03T02:47:11.969+00:00,자전거: 01.삼천리 카라 / 컬러: 다크블루(바구니포함),125cm 8세 남아가 타기에 딱 좋네요~,5,1,부정
pett****,2022-09-19T02:46:08.512+00:00,자전거: 01.삼천리 카라 / 컬러: 다크민트(바구니포함),10살 여자아이가 예쁜 자전거 만족해요. 저도 같이 타려구요,5,1,긍정
kimd******,2022-10-05T01:43:26.749+00:00,자전거: 03.삼천리 화이트라벨 / 컬러: 블랙,만족합니다~~~!!!,5,1,긍정
dlwj********,2022-09-07T04:46:23.760+00:00,자전거: 03.삼천리 화이트라벨 / 컬러: 화이트,조립도쉽고 잘나가네여,5,1,부정
soda******,2022-09-01T12:44:07.518+00:00,자전거: 01.삼천리 카라 / 컬러: 다크민트(바구니포함),배송 빠르네요. 받자마자 조립했어요. 초4아이 타기 적당해요.,5,1,부정
bora***,2022-08-31T07:59:51.671+00:00,자전거: 04.삼천리 로시난테 / 컬러: 네이비,"사무실에서 탈려고 주문했어요ㆍ
사이즈 딱 좋아요",5,1,부정
kuno***,2022-08-26T07:31:24.032+00:00,자전거: 01.삼천리 카라 / 컬러: 아이보리(바구니포함),"생각보다 조립이 매우 간단하네요
아직 타보지는 못했습니다~~",5,1,긍정
ja****,2022-09-07T04:32:53.865+00:00,자전거: 02.삼천리 메이비20 / 컬러: 라이트핑크(바구니포함),역시 자전거는 삼천리...색깔도 이쁘고 자전거자체도 이쁘네요 1학년 딸아이가 너무 좋아라합니다,5,1,부정
sung********,2022-09-02T13:51:35.632+00:00,자전거: 03.삼천리 화이트라벨 / 컬러: 화이트,"조립 자체는 단순한데, 핸들부분의 위치?를 잡는게 좀 햇깔려요!",5,1,긍정
chlr********,2022-08-12T07:36:12.431+00:00,자전거: 04.삼천리 로시난테 / 컬러: 네이비,"내생각은 전문점서 조립해야한다생각함!!!
돈좀써도 핸들수평.패달.브레이크강도조절.바퀴바람.이런저런 위치별 쪼임. 기어변속 테스트 및 조이기 체크. 체인체크 등등 여러부분에서 안전에 문제이니 전문가의 손길이 필요함!!!",4,1,부정
visu*****,2022-09-02T04:02:46.527+00:00,자전거: 03.삼천리 화이트라벨 / 컬러: 화이트,아직 타보기전이지만 상태는 만족합니다~,5,1,긍정
kr****,2022-08-17T10:30:52.994+00:00,자전거: 01.삼천리 카라 / 컬러: 다크블루(바구니포함),처음에는 좀 무거운가? 싶었는데 주행할 때는 가볍게 달려서 좋아요 !! 기어는 거의 후반까지 올려놓으니까 좀 달리는 느낌이 나요 잘 타고 있어요~!!!,5,1,긍정
hayu*****,2022-09-03T03:01:55.621+00:00,자전거: 01.삼천리 카라 / 컬러: 아이보리(바구니포함),저렴해요 오프라인은 비싸더라구요ㅠ,5,1,긍정
jini***,2022-09-22T16:13:55.233+00:00,자전거: 03.삼천리 화이트라벨 / 컬러: 블랙,"이쁘고 넘 좋아요 
잘타고 다니겠습니다",5,1,긍정
dldn******,2022-09-12T16:27:16.157+00:00,자전거: 01.삼천리 카라 / 컬러: 다크블루(바구니포함),"딱 초딩 저학년용
초딩고학년 만한 엄마가 타는데도 작고 타이어 사이즈도 작다보니 바람 최대한 넣어도 얼마 안 들어가서 푹푹 꺼짐
배송올때 바람도 안 넣어서 옴",4,1,긍정
qhen****,2022-08-31T07:48:30.661+00:00,자전거: 01.삼천리 카라 / 컬러: 다크블루(바구니포함),"배송도 빠르고
너무 튼튼하고 좋아요",5,1,부정
sk****,2022-09-22T01:33:04.526+00:00,자전거: 03.삼천리 화이트라벨 / 컬러: 블랙,브레이크가 너무 뻑뻑해요,3,1,부정
ti****,2022-09-01T08:06:49.145+00:00,자전거: 01.삼천리 카라 / 컬러: 아이보리(바구니포함),잘받았습니다 딸아이가 좋아할것 같아요,4,1,긍정
jebo***,2022-09-14T06:30:32.598+00:00,자전거: 01.삼천리 카라 / 컬러: 아이보리(바구니포함),"조립도 쉽고
타고다니기 좋네요
가격대비 만족합니다",5,1,긍정
jess******,2022-09-04T02:34:24.430+00:00,자전거: 01.삼천리 카라 / 컬러: 다크블루(바구니포함),차에 여유있게 실림. 카니반,5,1,부정
shee******,2022-08-20T12:37:48.692+00:00,자전거: 01.삼천리 카라 / 컬러: 다크블루(바구니포함),애들이 좋아해요~~ 애들끼리 조립할수있을정도로 쉬워요,5,1,긍정
yamo*****,2022-08-25T09:40:06.347+00:00,자전거: 04.삼천리 로시난테 / 컬러: 네이비,"가격 대비 그냥 저냥 괜찮습니다
마실용으로 쓰는 정도에요",4,1,긍정
ch****,2022-09-28T07:12:04.621+00:00,자전거: 01.삼천리 카라 / 컬러: 다크블루(바구니포함),편하고 좋아욤~~~~,5,1,긍정
hn08****,2022-08-26T13:26:18.774+00:00,자전거: 01.삼천리 카라 / 컬러: 다크블루(바구니포함),빠른 배송 감사해요 아이에게 딱 맞아요,5,1,부정
ksh4***,2022-09-19T21:44:42.369+00:00,자전거: 01.삼천리 카라 / 컬러: 다크블루(바구니포함),아들이 너무 좋아하네요,5,1,긍정
park***,2022-09-14T08:49:12.846+00:00,자전거: 01.삼천리 카라 / 컬러: 다크민트(바구니포함),빠른 배송과 이용시 편안함과 안정적인 핸들링이 좋아요,5,1,부정
dldy*****,2022-08-27T12:40:55.221+00:00,자전거: 04.삼천리 로시난테 / 컬러: 네이비,"빠른 배송
거의 조립된 상태

설명서는 빈약",5,1,부정
dbsd******,2022-08-13T08:24:48.933+00:00,자전거: 01.삼천리 카라 / 컬러: 아이보리(바구니포함),바퀴가 작은데도 불구하고 스무스하게 잘 굴러가서 좋아요 출퇴근용으로 조아요,5,1,긍정
sett****,2022-09-22T03:12:03.286+00:00,자전거: 01.삼천리 카라 / 컬러: 다크민트(바구니포함),좋습니다 가성비가 매우,5,1,부정
dlaw********,2022-09-16T07:15:59.915+00:00,자전거: 01.삼천리 카라 / 컬러: 다크블루(바구니포함),"이쁘고 좋아용
잘쑤고있습니다 ㅎㅎ",5,1,부정
gu****,2022-08-29T09:29:04.987+00:00,자전거: 03.삼천리 화이트라벨 / 컬러: 화이트,조립 어렵지않아요 좋습니다~~!,5,1,부정
ihs4***,2022-08-31T11:58:32.449+00:00,자전거: 03.삼천리 화이트라벨 / 컬러: 화이트,자전거 잘타고잇습니다,5,1,부정
yash***,2022-09-07T23:06:31.944+00:00,자전거: 01.삼천리 카라 / 컬러: 아이보리(바구니포함),"배송도 아주 아주 빠르고 디자인도 아주 마음에 드네여
좋은 제품 저렴하게 잘 구입 했습니다.",5,1,부정
plti***,2022-09-17T08:02:00.500+00:00,자전거: 01.삼천리 카라 / 컬러: 다크블루(바구니포함),좋아요ㅠ잘쓸게요~~~ㅎ,5,1,부정
tjsd********,2022-08-26T23:46:21.300+00:00,자전거: 01.삼천리 카라 / 컬러: 다크블루(바구니포함),생각보다 작긴 한데 좋아요,5,1,긍정
junk***,2022-09-08T00:30:00.479+00:00,자전거: 01.삼천리 카라 / 컬러: 아이보리(바구니포함),"초등 1학년사용이고.무겁긴한데 
타기에는.괜찮아요",4,1,긍정
shee******,2022-08-20T12:35:55.533+00:00,자전거: 01.삼천리 카라 / 컬러: 다크민트(바구니포함),아이가 좋아해요~~ 조립도 쉬워요,5,1,부정
cheo*****,2022-08-18T13:49:16.525+00:00,자전거: 01.삼천리 카라 / 컬러: 다크블루(바구니포함),"디자인 색상 이쁨
선물받은 공주님이 너무 맘에들어하심 ^^",4,1,긍정
jjhk******,2022-08-08T01:57:33.718+00:00,자전거: 01.삼천리 카라 / 컬러: 아이보리(바구니포함),"견고하고 이뻐서 아이도 좋아하네요
감사합니다 조립도 쉽고 금방 탈수있었어요",5,1,부정
skyl*******,2022-08-25T02:41:40.213+00:00,자전거: 02.삼천리 메이비20 / 컬러: 라이트핑크(바구니포함),핑크색이라 아이가 좋아해요~,4,1,긍정
81****,2022-09-16T07:36:21.601+00:00,자전거: 01.삼천리 카라 / 컬러: 다크블루(바구니포함),아주아주좋아요 마니파세요,5,1,긍정
cjsg*****,2022-08-28T04:04:39.445+00:00,자전거: 01.삼천리 카라 / 컬러: 아이보리(바구니포함),문제 없이 잘 타고 다닙니다!,5,1,긍정
outl*********,2022-09-27T15:01:59.687+00:00,자전거: 01.삼천리 카라 / 컬러: 다크블루(바구니포함),좋아요좋아요좋아요좋아요좋아요,5,1,긍정
wndl****,2022-08-18T14:12:22.580+00:00,자전거: 01.삼천리 카라 / 컬러: 다크블루(바구니포함),초보인 제가 타기에도 안정감있고 크기도 적당하니 좋아요,4,1,긍정
lmw4***,2022-09-14T13:35:22.151+00:00,자전거: 01.삼천리 카라 / 컬러: 다크민트(바구니포함),삼천리 접이식 좋아요,5,1,부정
habb*****,2022-09-15T11:00:37.248+00:00,자전거: 03.삼천리 화이트라벨 / 컬러: 블랙,딸아이 사고 아들것도 구입요,5,1,긍정
kt****,2022-09-13T01:35:56.720+00:00,자전거: 04.삼천리 로시난테 / 컬러: 네이비,조립이 어려웠지만 잘 사용하고 있어요,5,1,부정
jmy2***,2022-09-06T06:55:14.086+00:00,자전거: 02.삼천리 메이비20 / 컬러: 라이트핑크(바구니포함),이쁘고 딱 맞아요 싸이즈  50대 아줌마,5,1,부정
dogf*******,2022-08-19T08:37:29.148+00:00,자전거: 02.삼천리 메이비20 / 컬러: 라이트핑크(바구니포함),조립하기 쉬우며 마감품질이 우수합니다,5,1,부정
81****,2022-08-10T06:59:20.546+00:00,자전거: 01.삼천리 카라 / 컬러: 다크블루(바구니포함),배송도 빨리오고 조립도 쉬워요 다만  보조바뀌  나사가  잘안풀려  고생 했어요,4,1,긍정
wjsg******,2022-08-22T10:20:05.247+00:00,자전거: 01.삼천리 카라 / 컬러: 다크블루(바구니포함),날씨가 별로라 차트렁크에 보관중,5,1,부정
yjin*****,2022-08-17T15:31:36.746+00:00,자전거: 01.삼천리 카라 / 컬러: 다크블루(바구니포함),조립 쪼끔힘듬 그래도30분안걸렸어요,5,1,긍정
0864***,2022-08-24T14:49:00.256+00:00,자전거: 03.삼천리 화이트라벨 / 컬러: 화이트,자전거 이쁘고 괜찮습니다. 핸들 바퀴와 각도맞추는게 힘들었지만 다른 조립은 간단했어요.,5,1,부정
habb*****,2022-09-04T11:53:46.177+00:00,자전거: 03.삼천리 화이트라벨 / 컬러: 화이트,아직 시승은 해보지 않았는데 조립하고 나서 보니 괜찮을거 같아요,5,1,긍정
tnal*****,2022-08-05T06:48:25.697+00:00,자전거: 04.삼천리 로시난테 / 컬러: 네이비,새 자전거에 기스나 있는거는 상관없는데^^라이트가 아예 망가져서 온거는 어째야하나요,5,1,부정
drun***,2022-08-19T09:29:55.285+00:00,자전거: 01.삼천리 카라 / 컬러: 다크블루(바구니포함),빠른 배송 감사합니다,5,3,긍정
yghb****,2022-07-24T23:48:36.349+00:00,자전거: 01.삼천리 카라 / 컬러: 다크블루(바구니포함),"조립도 어렵지 않고 사이즈도 적당히 좋습니다.
무게감은 좀 있습니다.",4,1,긍정
ihs4***,2022-08-18T14:06:23.206+00:00,자전거: 03.삼천리 화이트라벨 / 컬러: 화이트,"예뻐요
조립하고  한바퀴돌았네요 ㅎ ㅎ",5,1,긍정
gyql******,2022-09-07T20:41:18.147+00:00,자전거: 01.삼천리 카라 / 컬러: 아이보리(바구니포함),엄마선물드렸는데 좋아하세요,5,1,부정
devi********,2022-08-11T11:08:58.485+00:00,자전거: 04.삼천리 로시난테 / 컬러: 네이비,커플자전거로 가성비 찾고 있었는데 정말 맘에 들어요.,5,1,긍정
dudd****,2022-07-20T07:31:58.455+00:00,자전거: 01.삼천리 카라 / 컬러: 다크블루(바구니포함),배송 빠른편 주문후 이틀 걸림 조립간편 바구니는 장착이? 불안정 만족합니딘,5,1,부정
xian*****,2022-07-01T07:36:54.989+00:00,자전거: 01.삼천리 카라 / 컬러: 다크블루(바구니포함),"어제 받고 막내가 너무 신이 났네요^^
아직 2발자전거는 못타서 보조바퀴 같이 주문했는데
보조바퀴만 있고 연결나사(?) 
암튼 머가 없대서 
신랑이 공구함 보더니 다 조립해줬어요
보조바퀴 추가말고 다른 부품 추가는 못봤는데
같이 있었으면 더 좋았을거 같아요",5,1,부정
salh***,2022-08-05T10:04:11.651+00:00,자전거: 01.삼천리 카라 / 컬러: 아이보리(바구니포함),이쁘네요 초2아이가 탈껀데 맘에들어하네요,5,1,긍정
puha*******,2022-08-09T01:34:35.393+00:00,자전거: 01.삼천리 카라 / 컬러: 아이보리(바구니포함),"잘타고다녀요
싸이즈도좋고.이쁩니다.",5,1,긍정
xxvb***,2022-08-12T04:42:38.710+00:00,자전거: 01.삼천리 카라 / 컬러: 다크블루(바구니포함),이쁘네요~~~마누라 사줬는데 좋다네요~~,5,1,부정
sm_w***,2022-09-01T01:38:15.609+00:00,자전거: 01.삼천리 카라 / 컬러: 다크블루(바구니포함),접이식이라 차량에 싣고 이동하기가 아주 편하고 좋네요,5,1,부정
shee******,2022-08-20T12:38:38.496+00:00,자전거: 03.삼천리 화이트라벨 / 컬러: 블랙,아주 이쁘네요~~~^^,5,1,부정
cnbe****,2022-08-13T13:26:39.721+00:00,자전거: 03.삼천리 화이트라벨 / 컬러: 화이트,선물 했는데 이쁘고 배송도 빠르게 잘 왔습니다!,5,1,부정
dank****,2022-08-10T01:21:21.467+00:00,자전거: 03.삼천리 화이트라벨 / 컬러: 화이트,"여자친구와 커플로 구매했는데 
너무 만족합니다",5,1,긍정
dldy****,2022-08-07T03:26:45.052+00:00,자전거: 01.삼천리 카라 / 컬러: 아이보리(바구니포함),일단 빠른 배송 너무좋아요 그리고 조립하는것도 남녀 누구나 할 수 있는 상태라서 좋았습니다ㅎㅎ  다만 무게가 생각보다있어서 조금 조심하셔야할것같아요ㅎㅎ 오늘 처음 타고 출근했는데 좋았습니다!,5,1,부정
iron****,2022-08-31T21:39:26.800+00:00,자전거: 01.삼천리 카라 / 컬러: 다크민트(바구니포함),조립하는데 큰 어려움없었어요,5,1,긍정
ksh0***,2022-08-10T00:23:19.381+00:00,자전거: 01.삼천리 카라 / 컬러: 다크민트(바구니포함),애들이 잘 타네요 아빠도 타구요,5,1,부정
iou_****,2022-08-11T14:58:11.044+00:00,자전거: 01.삼천리 카라 / 컬러: 다크블루(바구니포함),저렴한데 앞바퀴 바람이 너무 자주 빠지네요,5,1,긍정
juyo******,2022-07-28T02:44:59.488+00:00,자전거: 01.삼천리 카라 / 컬러: 다크민트(바구니포함),동네 삼x리 매장보다 금액 차이가 많이나서 여기서 구매했습니다. 조립하기 편하고 이쁘내요,5,1,부정
devi********,2022-08-11T11:09:51.637+00:00,자전거: 01.삼천리 카라 / 컬러: 다크블루(바구니포함),커플자전거로 구매했는데 잘타고 다녀요.,5,1,긍정
dndn******,2022-09-02T06:23:10.011+00:00,자전거: 03.삼천리 화이트라벨 / 컬러: 블랙,실제로는 더 좋은 상품이에요,5,1,부정
yu****,2022-07-21T14:39:04.472+00:00,자전거: 01.삼천리 카라 / 컬러: 아이보리(바구니포함),"페달이 아주 부드럽게 잘 돌아가고 접는 방법도 간단해요~ 실제로 보니 더 이쁘네요.
아이가 좋아해요",5,1,긍정
lmw4***,2022-08-10T20:38:51.736+00:00,자전거: 01.삼천리 카라 / 컬러: 다크민트(바구니포함),삼천리 카라 자전거 굿,5,1,부정
ryan******,2022-08-23T05:58:14.374+00:00,자전거: 02.삼천리 메이비20 / 컬러: 민트(바구니포함),사이즈별로 샀는데 조립도 아주 간편하고 무억보다 딸이 좋아 합니다~~,5,1,긍정
mkj1***,2022-08-05T13:11:49.619+00:00,자전거: 01.삼천리 카라 / 컬러: 다크블루(바구니포함),무게감은 어쩔수 없지만 괜찮아요!,5,1,긍정
ihs3***,2022-07-13T09:03:05.955+00:00,자전거: 03.삼천리 화이트라벨 / 컬러: 블랙,동네 가볍게 유산소할 목적으로 샀는데 이쁘고 좋아요 여자가 들기에 무겁긴한데 그렇게 들고 왔다갔다할일이 크게 없을거같아 만족합니다 안장은 여성전용으로 바꿔야할거같아요 기본템이 딱딱해서 엉덩이 아프네요ㅠ,5,1,긍정
ragn*****,2022-07-19T10:31:55.315+00:00,자전거: 01.삼천리 카라 / 컬러: 다크블루(바구니포함),"생가보다 더 튼튼하고 좋아요~
개인이 조립도 가능하지만 매장에서 조율을 한번 하는게 더 안전하게 탈수 있는거 같아요~",5,1,부정
win5***,2022-08-08T03:14:33.176+00:00,자전거: 01.삼천리 카라 / 컬러: 다크블루(바구니포함),나들이용으로 샀는데 잘 쓸게요 ㅎㅎㅎ,5,1,긍정
eliy****,2022-08-09T11:18:14.893+00:00,자전거: 03.삼천리 화이트라벨 / 컬러: 블랙,배송 빠르고 좋아요,5,1,부정
kims******,2022-07-19T12:04:30.088+00:00,자전거: 01.삼천리 카라 / 컬러: 다크블루(바구니포함),가격대비 아주 만족합니다 기본적으로는 다 셋팅이.되어잇고 조립만 하면되네요 20분정도면 완성할수 잇네요,5,1,부정
alsw*****,2022-08-15T03:41:02.205+00:00,자전거: 01.삼천리 카라 / 컬러: 다크블루(바구니포함),어머니 키에 딱 맞아서 주문했는데 생각보다 조립도 쉽고 괜찮아서 너무 좋았습니다.,5,1,부정
ai****,2022-07-20T06:45:20.397+00:00,자전거: 01.삼천리 카라 / 컬러: 아이보리(바구니포함),안장과 핸들정도 조립해주면 되고 육각렌치가 들어있어 좋네요. 키 130 정도 되는 아이에게도 잘 맞는 것 같습니다.,5,1,긍정
dank****,2022-08-10T01:21:38.979+00:00,자전거: 03.삼천리 화이트라벨 / 컬러: 블랙,너무 만족합니다!!!!!,5,1,부정
sa****,2022-08-31T10:29:09.069+00:00,자전거: 01.삼천리 카라 / 컬러: 다크블루(바구니포함),아주조아요! !!!,5,1,부정
tnal*****,2022-07-21T07:20:37.946+00:00,자전거: 01.삼천리 카라 / 컬러: 다크블루(바구니포함),생각보다 많이 작아서 조금만 경사가 있어도 힘드네요ㄷㄷ평지에서만 타야겠어요,4,1,긍정
peac****,2022-07-27T17:06:08.374+00:00,자전거: 03.삼천리 화이트라벨 / 컬러: 화이트,"사이즈는생각보다크지만
맘에들어요",5,1,긍정
tong****,2022-07-23T14:22:55.556+00:00,자전거: 03.삼천리 화이트라벨 / 컬러: 화이트,아주좋습니다.선물했는데 좋아하셔요,5,1,부정
ta****,2022-07-20T20:14:41.242+00:00,자전거: 01.삼천리 카라 / 컬러: 아이보리(바구니포함),"꼼꼼하게 잘 포장되어서 좋았어요. 
자전거 자체도 매우 만족해요!",5,1,긍정
fryp*****,2022-08-07T16:16:06.699+00:00,자전거: 01.삼천리 카라 / 컬러: 다크블루(바구니포함),고맙습니다. 잘 탈게요^^,5,1,긍정
mb****,2022-07-12T21:00:38.348+00:00,자전거: 04.삼천리 로시난테 / 컬러: 네이비,핸들과 안장만  간단하게 조립하면 되네요. 접었을때 자전거 전체를 묶어질 끈이 있으면 좋겠어요,3,1,부정
hisw*****,2022-08-15T04:32:38.074+00:00,자전거: 02.삼천리 메이비20 / 컬러: 민트(바구니포함),엄마 생신 선물로 사드렸는데 너무 예쁘다고 좋아하시네요.,5,1,부정
dolf***,2022-08-11T02:21:32.655+00:00,자전거: 04.삼천리 로시난테 / 컬러: 네이비,접어 놓으니 공간도 덜 차지 하고 승차감도 좋습니다. 첫째가 잘 타고 있어요,5,1,긍정
sunk*****,2022-07-09T06:48:37.588+00:00,자전거: 01.삼천리 카라 / 컬러: 다크블루(바구니포함),"자건거 디자인도 이쁘고 좋네요
9세 딸이 너무 좋아해요? 
조립에 좀 어려움이 있긴 했지만 별로 힘든지는 않았어요
아이들 자전거로 추천합니다",5,1,부정
yjin*****,2022-08-21T16:06:23.283+00:00,자전거: 01.삼천리 카라 / 컬러: 다크블루(바구니포함),앞바퀴가자꾸돌아가는데어떻하죠?,5,1,긍정
to****,2022-08-24T09:41:38.450+00:00,자전거: 03.삼천리 화이트라벨 / 컬러: 화이트,성인이 타기에 좋네요~,5,1,부정
algm*****,2022-07-21T10:44:29.263+00:00,자전거: 02.삼천리 메이비20 / 컬러: 라이트핑크(바구니포함),주말마다 아빠와 매일 운동겸 나가는데 너무너무 좋아해서 아들것도 하나 사야할것 같아요.,5,1,긍정
cvcv****,2022-07-23T11:14:18.333+00:00,자전거: 01.삼천리 카라 / 컬러: 아이보리(바구니포함),설명서가 없어서ㅠㅠㅠ자전거 처음 만져보는 저로써는 조금 어려웟네용ㅠ바구니는 생각보다 작은데 자전거는 괜찮아요 맘에 들어옹 포장을 정말 꼼꼼히 해주셔서 좋아용,5,1,긍정
asj9***,2022-08-11T11:06:57.626+00:00,자전거: 01.삼천리 카라 / 컬러: 아이보리(바구니포함),"사이즈가 여성용으로 좋아요
디자인도 예뻐요",5,1,부정
wjsg******,2022-07-21T07:09:59.957+00:00,자전거: 01.삼천리 카라 / 컬러: 다크블루(바구니포함),조리도 편하고 배송도 빠르고 그래도 조율은 자전거점에서 하세요,5,1,긍정
yu****,2022-08-15T13:26:39.262+00:00,자전거: 01.삼천리 카라 / 컬러: 다크블루(바구니포함),실제로 받아보니까 더 예쁘네요~,5,1,부정
sk****,2022-08-01T02:01:34.145+00:00,자전거: 03.삼천리 화이트라벨 / 컬러: 블랙,조립 설명서가 없어서 아쉽네요 ㅜ 그 외엔 괜찮은거 같습니다,4,1,부정
qo****,2022-07-18T00:42:48.005+00:00,자전거: 01.삼천리 카라 / 컬러: 아이보리(바구니포함),엉덩이가 조금 아픈 거 말고는 조립하기도 쉽고 앙증맞고 좋아요,5,1,긍정
dbsd******,2022-07-17T10:41:50.379+00:00,자전거: 01.삼천리 카라 / 컬러: 아이보리(바구니포함),자잔거 편하고좋아요 사징은 이따 수정할게요ㅠㅠ,5,1,부정
y2k6***,2022-08-09T07:57:46.403+00:00,자전거: 01.삼천리 카라 / 컬러: 다크블루(바구니포함),잘 타고 정말 만족스럽게 사용하고 있습니다,5,1,부정
khj8*****,2022-07-15T04:20:35.103+00:00,자전거: 01.삼천리 카라 / 컬러: 아이보리(바구니포함),"아이가 참 좋아합니다.
접이식이라 일반 자전거보다는 살짝 먼거같기는한데 타는데는 지장이 없습니다.",5,1,부정
rich*****,2022-07-23T05:07:43.374+00:00,자전거: 01.삼천리 카라 / 컬러: 다크블루(바구니포함),배송도 빠르고 제품도 만족합니다,5,1,긍정
jyoo****,2022-06-25T06:58:34.364+00:00,자전거: 01.삼천리 카라 / 컬러: 아이보리(바구니포함),"조립은 가위만 있으면 됩니당
160 48 가녀린 여인이 20분만에 조립 완료했어용 
135~160이라길래 안장 제일 높게 조립했더니 다리가 짧아서 조금 낮췄습니다
네.. 사실 158이에요..
자전거 넘 예쁘고 한바퀴 돌아봤는데
동네마실용으로 좋아용~~ 기어도잇고 ㅎㅎ
마니들사세요!!!",5,1,긍정
konk***,2022-07-21T04:50:12.079+00:00,자전거: 02.삼천리 메이비20 / 컬러: 라이트핑크(바구니포함),어머니가 만족하며 타고 계세요~~,5,1,부정
eunb****,2022-07-19T15:34:02.927+00:00,자전거: 01.삼천리 카라 / 컬러: 다크블루(바구니포함),"9살 조카 선물하고꙼̈ 한번 타봤어요 
성인이 타도 문제없어요",5,1,긍정
0106*******,2022-07-08T04:51:11.737+00:00,자전거: 01.삼천리 카라 / 컬러: 다크블루(바구니포함),"집 주변 천에서 슬슬타려고 주문했어요!
빠른 배송 감사드립니다~
조심히 잘 탈게요^^~~~",5,1,긍정
tmdw****,2022-07-22T06:53:14.896+00:00,자전거: 04.삼천리 로시난테 / 컬러: 네이비,"고민하고 있다면 빨리 사서 타고 다니시길.
전 무척 만족하면서 타고 다니고 있어요.
다만 처음에 타이어 바람좀 체크하고 타시면 더욱 좋을듯 하네요.",5,1,부정
lite****,2022-07-27T11:43:19.535+00:00,자전거: 01.삼천리 카라 / 컬러: 다크민트(바구니포함),빠른배송에 완전 만족했어요^^ 자전거 대리점에서 꼭 마무리조립하세요~,5,1,긍정
tjal******,2022-07-10T08:00:54.201+00:00,자전거: 04.삼천리 로시난테 / 컬러: 네이비,잘나가고 디자인도 넘 맘에듭니다 잘 타고 다니고있어요,5,1,부정
yami*****,2022-06-22T06:00:44.418+00:00,자전거: 03.삼천리 화이트라벨 / 컬러: 블랙,"거의 다 조립이 되어 와서
손잡이 조립만 하면 되는데 손잡이 조립이 바퀴랑 일자 맞추는게 혼자하기 좀 힘들었어요.
무게감이 꽤 있어서 접어서 들고 다니긴 힘들거 같구요.
1-2km정도 잠시 탈 땐 괜찮은거 같아요.",5,1,부정
kkm1***,2022-08-05T12:48:48.808+00:00,자전거: 01.삼천리 카라 / 컬러: 다크블루(바구니포함),휴가있어서 늦게받았는데 귀엽데요 잘탈께요,5,1,부정
algm*****,2022-06-23T04:51:33.044+00:00,자전거: 02.삼천리 메이비20 / 컬러: 라이트핑크(바구니포함),큰아이가 노래부르던 자전거를 이제야 구매하네여. 분홍색이라 더 좋아하고요. 매 주말마다 운동겸 잘 타고 있어요. 튼튼해서 엄마도 같이 탈수 있어 더 좋네요. 조립하기도 쉬웠습니다.^^,5,1,긍정
yong***,2022-08-06T07:06:56.642+00:00,자전거: 04.삼천리 로시난테 / 컬러: 네이비,집 근처 나갈때 자주 이용합니다ㅎ,5,1,부정
k4****,2022-06-08T06:49:28.746+00:00,자전거: 03.삼천리 화이트라벨 / 컬러: 블랙,접이식이라 그런지 내리막길에서 손잡이가 접혀버려서 크게 넘어졌네요ㅠ 타시기 전에 안전걸이 제대로 채결됐는지 꼭 확인하세용,5,1,부정
kims****,2022-08-03T11:48:42.234+00:00,자전거: 01.삼천리 카라 / 컬러: 다크블루(바구니포함),아담하고 탑승시 승차감이 좋아요,5,1,긍정
cjsg*****,2022-07-17T11:43:53.879+00:00,자전거: 01.삼천리 카라 / 컬러: 아이보리(바구니포함),배송 빠르고 좋아요!,5,2,긍정
yss0***,2022-07-27T02:21:05.287+00:00,자전거: 01.삼천리 카라 / 컬러: 다크블루(바구니포함),튼튼하고 예뻐요. 초등 고학년이나 여성들한테 어울려요.,4,1,부정
aktk*****,2022-06-24T04:29:21.857+00:00,자전거: 01.삼천리 카라 / 컬러: 다크블루(바구니포함),상품배송 만족합니다  저렴하게구입했어요  근데 자전거가 조금약해요 몇번안탔는데 벌써브레이크케이블이 끊어졌네요,5,1,부정
isaa*****,2022-07-31T07:24:49.330+00:00,자전거: 03.삼천리 화이트라벨 / 컬러: 화이트,아이 등하교하기 위해 샀는데 깜찍하고 이쁘네요,4,1,긍정
yjun****,2022-07-14T22:18:08.730+00:00,자전거: 01.삼천리 카라 / 컬러: 다크블루(바구니포함),예쁘고 조립 간편합니다,5,1,긍정
ohdo***,2022-07-12T12:41:05.419+00:00,자전거: 04.삼천리 로시난테 / 컬러: 네이비,"가격 착하고
품질 성실하고
디자인 깔끔",5,1,부정
ka****,2022-08-06T14:32:24.917+00:00,자전거: 01.삼천리 카라 / 컬러: 다크민트(바구니포함),잘 받았습니더  수고하$세요,4,1,부정
jin9*****,2022-08-04T19:24:25.997+00:00,자전거: 01.삼천리 카라 / 컬러: 다크블루(바구니포함),배송도 빠르고 좋아요~,5,2,긍정
unde*******,2022-06-25T02:55:26.014+00:00,자전거: 04.삼천리 로시난테 / 컬러: 네이비,"타봤는데 정말 마음에 듭니다!
조립하고 전문점에서 따로 조율하지 않고
20km 정도 타봤는데 기어변속 브레이크 이상없이 잘작동됩니다. 많이파세요~",5,1,긍정
zizi****,2022-07-28T14:44:11.117+00:00,자전거: 01.삼천리 카라 / 컬러: 다크블루(바구니포함),작은사이즈이고 초등 저학년 사용하기 좋습니다,5,1,긍정
getu***,2022-07-14T11:56:28.702+00:00,자전거: 04.삼천리 로시난테 / 컬러: 네이비,비와서요즘못타고있다요,5,1,부정
pean****,2022-08-01T01:55:05.896+00:00,자전거: 01.삼천리 카라 / 컬러: 다크블루(바구니포함),"아이가 좋아합니다.

키130인데 안장 조금 높여서 잘타요~!",5,1,부정
adon****,2022-07-18T13:56:28.813+00:00,자전거: 03.삼천리 화이트라벨 / 컬러: 화이트,"바람이 조금 빠져있어 보충했습니다.
또 빠지는지 지켜봐야 하구요.
강성비 좋아요~",4,1,긍정
seve*****,2022-07-11T09:12:44.721+00:00,자전거: 01.삼천리 카라 / 컬러: 아이보리(바구니포함),잘받았습니다. 감사합니다.,4,2,부정
rbdu*****,2022-06-25T10:26:30.027+00:00,자전거: 01.삼천리 카라 / 컬러: 아이보리(바구니포함),"디자인이 맘에들어서 주문했는데
탑승감도 너무 좋고 몇시간 달렸는데도 
무리없어여 완전 굿ㅋ",5,1,긍정
bosu****,2022-06-24T01:57:31.984+00:00,자전거: 01.삼천리 카라 / 컬러: 다크블루(바구니포함),아들이 좋아해요 생일 선물로 좋아요 아빠랑 같이 자전거 타고 다녀서 좋아요^^,5,1,부정
ten4***,2022-06-21T07:45:05.879+00:00,자전거: 01.삼천리 카라 / 컬러: 아이보리(바구니포함),"사이즈 작으면 어쩌나했는데 158센치인 제가 타기 딱입니다 속도도 잘나가고 브레이크도좋아요~~
요즘 출퇴근 잘 이용하고 있습니다",5,1,부정
vg****,2022-06-22T10:24:44.863+00:00,자전거: 01.삼천리 카라 / 컬러: 다크블루(바구니포함),아직 직접 보진 못했지만 아버지 운동 하시라 사드렸는데 엄청 좋아하시네요 담번 부모님 댁 가면 자전거 구경좀 해야겠어요ㅎㅎ,4,1,부정
yoon******,2022-07-01T11:36:55.262+00:00,자전거: 04.삼천리 로시난테 / 컬러: 네이비,아직 안 타봤지만 디자인은 이쁘고 생각보다 커서 좋아요,5,1,부정
dlan********,2022-06-11T09:46:20.628+00:00,자전거: 01.삼천리 카라 / 컬러: 다크블루(바구니포함),"잘받았습니다. 조립하고 브레이크 패드 조절과 흙받이 미세조정은 꼭 해야되네요.
조립안해보신분은 가까운 자전거 대리점 가셔서 하세요. 가격은 참 좋아요. 삼천리자전거 대리점갔더니 비슷한걸 25만원달라고 하네요. 가격이 정말좋아요",5,1,긍정
newp****,2022-07-30T07:36:53.810+00:00,자전거: 04.삼천리 로시난테 / 컬러: 네이비,어릴 때부터 자전거 하면 삼천리죠.,5,1,긍정
suji******,2022-07-20T11:52:10.958+00:00,자전거: 02.삼천리 메이비20 / 컬러: 라이트핑크(바구니포함),"디자인과 색상은 이쁜데 기어가 엉망임
자전거수리집에서 돈주고 기어부품 구입해서 다시 손봤음",4,1,긍정
geeg***,2022-08-05T11:47:57.299+00:00,자전거: 01.삼천리 카라 / 컬러: 다크블루(바구니포함),자전거 최고!~!~~!~!,5,1,긍정
oots*******,2022-07-08T08:22:13.789+00:00,자전거: 04.삼천리 로시난테 / 컬러: 네이비,너무너무 좋아하네요 잘 타겠습니다,5,1,긍정
100m****,2022-07-06T15:13:28.709+00:00,자전거: 01.삼천리 카라 / 컬러: 다크블루(바구니포함),접히는부분 불량인데 이미 탓대서 걍타고있어요...,4,1,긍정
styl*******,2022-07-12T01:04:48.026+00:00,자전거: 02.삼천리 메이비20 / 컬러: 라이트핑크(바구니포함),운동 잘하고 있어요.,5,1,긍정
ohtu****,2022-07-07T12:05:44.007+00:00,자전거: 01.삼천리 카라 / 컬러: 다크블루(바구니포함),만족합니다 마니파세요,5,1,부정
ln****,2022-07-09T22:44:28.014+00:00,자전거: 01.삼천리 카라 / 컬러: 다크블루(바구니포함),가격대에맞는 성능임,3,1,긍정
doou***,2022-07-20T02:29:36.923+00:00,자전거: 01.삼천리 카라 / 컬러: 아이보리(바구니포함),"키 158에 딱 좋습니다
카카오자전거 빌려탔는데 그거보다 조금 작아서 딱 좋아요",5,1,부정
shin****,2022-06-25T23:13:38.008+00:00,자전거: 03.삼천리 화이트라벨 / 컬러: 블랙,"뒷바퀴 바람이 빠지네요
검수가 안되고 발송하신거 같습니다
조치가 필요합니다",2,1,부정
anst****,2022-07-03T11:27:16.212+00:00,자전거: 01.삼천리 카라 / 컬러: 다크블루(바구니포함),아직 타보지 않았지만 사진이랑 똑같아여 넘 이쁩니당 !,3,1,부정
eg****,2022-07-08T12:21:05.467+00:00,자전거: 01.삼천리 카라 / 컬러: 다크블루(바구니포함),자전거는 역쉬 삼천리죠,4,1,긍정
ij****,2022-06-17T03:39:52.154+00:00,자전거: 03.삼천리 화이트라벨 / 컬러: 블랙,"배송도 알맞게오고
초4 아들 선물인데..
사진처럼 실물도 디자인 색상 모두 이쁘게 자나왔네요.
아주 만족합니다.ㅎㅎ",5,1,긍정
ygy1***,2022-06-27T03:47:23.942+00:00,자전거: 03.삼천리 화이트라벨 / 컬러: 화이트,"배송이 매우 빨라요🤟
받자마자 타려고 했는데 비가 오네요 꺼이꺼이",5,1,긍정
sora****,2022-07-15T14:47:37.482+00:00,자전거: 01.삼천리 카라 / 컬러: 다크블루(바구니포함),"조립하기 좀 어려웠지만, 충분히 할 수 있었어요! 예쁘고 튼튼한 자전거 :)",5,1,긍정
1010***,2022-06-20T11:55:36.185+00:00,자전거: 03.삼천리 화이트라벨 / 컬러: 블랙,일단디자인이 맘에들어요.여자분들이 타면좋을것같아요,5,1,긍정
kjb2*****,2022-07-25T01:00:35.860+00:00,자전거: 01.삼천리 카라 / 컬러: 아이보리(바구니포함),저렴하게 잘 샀어여~,5,1,부정
hoor***,2022-06-21T05:06:16.547+00:00,자전거: 01.삼천리 카라 / 컬러: 다크민트(바구니포함),"다 좋습니다~
딱 하나, 접었을 때 고정 할 수 있으면 더 좋겠네요~
접어서 suv 트렁크에는 들어갑니다~",4,1,부정
kd****,2022-07-22T05:30:46.764+00:00,자전거: 01.삼천리 카라 / 컬러: 아이보리(바구니포함),삼천리접이식자전거 카라 20인치미니벨로,4,2,부정
kjb2*****,2022-07-25T00:59:54.846+00:00,자전거: 01.삼천리 카라 / 컬러: 다크블루(바구니포함),저렴하니 좋아요~~,5,1,긍정
huma****,2022-07-10T18:32:23.149+00:00,자전거: 01.삼천리 카라 / 컬러: 다크블루(바구니포함),"아이생일선물로 구매햇어요 디자인도 이쁘고
잘타고 잇어요",5,1,부정
sosv*****,2022-07-03T07:47:43.310+00:00,자전거: 01.삼천리 카라 / 컬러: 다크블루(바구니포함),배송빠르고좋아요 ^^,5,1,부정
free***,2022-06-30T11:46:19.538+00:00,자전거: 01.삼천리 카라 / 컬러: 아이보리(바구니포함),조립도 편하고 만족합니다~,4,1,긍정
dark*****,2022-06-27T22:36:09.746+00:00,자전거: 04.삼천리 로시난테 / 컬러: 네이비,핸들 의자 부분 펜치 안막하고 손으로 돌려야 하는게 좀 불편하고 힘드네요 거 빼고 가성비 대 만족 입니다,5,1,부정
tigl******,2022-06-13T05:34:59.871+00:00,자전거: 01.삼천리 카라 / 컬러: 다크블루(바구니포함),초보라 바퀴 작은거 샀었는데 타다보니 조금 더 큰거 사도 괜찮았을거같아요 근데 아주 만족하며 잘 타고 다닙니다!!,5,1,긍정
ld****,2022-06-11T13:14:43.427+00:00,자전거: 01.삼천리 카라 / 컬러: 다크블루(바구니포함),"조립하고 브레이크 조절하는데 조금 시간이 걸렸지만 만족합니다. 바구니가 배송중에 찌그러져서, 펴는데 힘들었습니다.",4,1,부정
sung*****,2022-06-29T11:23:24.791+00:00,자전거: 04.삼천리 로시난테 / 컬러: 네이비,잘타고다닙니다 조아요~,5,1,부정
real********,2022-07-14T09:50:49.937+00:00,자전거: 01.삼천리 카라 / 컬러: 다크블루(바구니포함),덕분에 주말에 애들이 밖에도 나갈려고하고 활동적으로 변해서 좋습니다,5,1,긍정
sshh***,2022-05-14T03:35:32.235+00:00,자전거: 03.삼천리 화이트라벨 / 컬러: 블랙,"우선...구매하고 첫시승하고 앞바퀴 브레이크가 안잡히길래 봤더니 풀려있는 상태라 어찌어찌 고친 상태네요...
그리고 핸들 조립할때 앉아서 힘껏 들어올려도 안빠지고 튼튼한지 확인해보고 타세요..저는 제대로 조립못했다가 핸들 빠져서 넘어졌었어요.
그리고 또 딴건 다 괜찮은데 앞바퀴 바람이 자꾸 빠지는데 이건 불량같네요ㅜ",3,1,부정
jy****,2022-07-05T04:04:40.570+00:00,자전거: 01.삼천리 카라 / 컬러: 아이보리(바구니포함),"와이프 자전가 갈치라고 구매하여는데
운동 신경이 없는지 잘못타네요.
올해는 잘가르처서  라이딩할려구요.",5,1,부정
sugi****,2022-06-16T11:04:02.151+00:00,자전거: 03.삼천리 화이트라벨 / 컬러: 블랙,빠른배송 감사드려요 안전하게 잘 타겠습니다 많이 파세요,5,1,부정
ar****,2022-06-26T02:31:00.368+00:00,자전거: 01.삼천리 카라 / 컬러: 아이보리(바구니포함),배송와서 매장에서 조립하려합니다 배송은 빨랐습니다,3,1,부정
zeve***,2022-06-15T13:30:56.061+00:00,자전거: 04.삼천리 로시난테 / 컬러: 네이비,크 가격대비 너무 좋아요 ㅎㅎ 짱입니다,5,1,긍정
csc7****,2022-07-16T06:21:52.526+00:00,자전거: 03.삼천리 화이트라벨 / 컬러: 화이트,잘받았습니다 감사합니다,4,2,긍정
main***,2022-05-24T12:38:51.217+00:00,자전거: 01.삼천리 카라 / 컬러: 다크블루(바구니포함),"너무 예쁘고 크기도 딱 좋아요~~! 출퇴근길에 타려고 샀는데, 제가 조립하기 좀 불안(?)해서 그냥 자전거가게 가서 돈 주고 해달라고 했더니 편하고 좋네여 ṑṑṑ 추가로 돈은 냈지만 마음이 훨 편해요.. 배송 진짜 빠르고 좋아요!! 열심히 타볼게요!!",5,1,부정
khj8*****,2022-06-10T00:10:37.822+00:00,자전거: 01.삼천리 카라 / 컬러: 아이보리(바구니포함),"생각했던것보다 무게감이 있습니다.
유튜브영상보며 조립했더니 아빠는 쉽게 하더라구요
배송도 잘왔고 만족합니다",5,1,긍정
woog***,2022-06-25T07:07:18.427+00:00,자전거: 01.삼천리 카라 / 컬러: 다크민트(바구니포함),맘에 드네요 많이 파세요,5,1,긍정
glas***,2022-05-11T15:31:35.568+00:00,자전거: 04.삼천리 로시난테 / 컬러: 네이비,"저렴한 가격에 마실용 생활자전거 좋아요! 가격대비 만족!! 잘 타고있습니다. 
그런데 아주 자세히보면 본체 앞 절반이 좌측으로 조금 휘어있고 ㅠ 안장도 뒷부분이 높아서 앞쪽으로 엉덩이가 쏠리게 되네요. 무엇보다 핸들이 일자여서 손에 힘이 더 들어가고 , 핸들 바 부분이 조금 짧고 딱딱합니다. 무엇보다 분명 처음 받았을 땐 반으로 딱 잘 접혀있었는데 한번 펴고 그 후 접으려니 이렇게 저렇게 해봐도 반으로 딱 접히지않아 조금 불편합니다..",4,1,긍정
yura******,2022-06-18T02:22:10.717+00:00,자전거: 01.삼천리 카라 / 컬러: 아이보리(바구니포함),울딸이 넘 좋아해요 싸이즈도 딱 맞아요 ^^,5,1,부정
ct****,2022-06-22T12:38:03.620+00:00,자전거: 01.삼천리 카라 / 컬러: 다크블루(바구니포함),어머니가 타시려고 구매했는데 살짝 무겁다고 하네요 ㅎㅎ;,5,1,긍정
dlwn*****,2022-06-24T13:22:24.449+00:00,자전거: 01.삼천리 카라 / 컬러: 다크블루(바구니포함),아이가 아주 좋아합니다.,5,1,부정
geeg***,2022-07-04T23:18:12.686+00:00,자전거: 01.삼천리 카라 / 컬러: 다크블루(바구니포함),자전거 이쁘고 조립도 편해서 가성비 대비 만족해요~~!!!,5,1,긍정
djjd****************,2022-07-16T04:16:37.177+00:00,자전거: 01.삼천리 카라 / 컬러: 다크블루(바구니포함),너무뻑뻑해요자전거가,1,1,부정
kjy2****,2022-07-12T12:27:02.717+00:00,자전거: 01.삼천리 카라 / 컬러: 다크블루(바구니포함),아주 만족하면서 타고 있습니다,5,1,긍정
edem***,2022-06-20T21:53:51.076+00:00,자전거: 01.삼천리 카라 / 컬러: 다크블루(바구니포함),튼튼하고 좋습니다. 무난한 자전거네요,5,1,긍정
bisa****,2022-06-23T09:24:01.402+00:00,자전거: 01.삼천리 카라 / 컬러: 다크블루(바구니포함),조립전 완전 기대 됩니다,5,1,부정
sosv*****,2022-06-09T00:44:42.503+00:00,자전거: 01.삼천리 카라 / 컬러: 다크블루(바구니포함),배송도 빠르고 애들이 좋아해요 다음에 또주문할게요 많이 파세요^^,5,1,부정
ym****,2022-06-15T13:01:06.317+00:00,자전거: 04.삼천리 로시난테 / 컬러: 네이비,자전거 너무 좋아요 ^^ 아이가 좋아합니다~,5,1,긍정
top-****,2022-07-11T13:56:56.158+00:00,자전거: 01.삼천리 카라 / 컬러: 아이보리(바구니포함),배송도빠르고포장도꼼꼼하니좋아요,5,1,긍정
kss5***,2022-06-17T12:39:15.219+00:00,자전거: 01.삼천리 카라 / 컬러: 다크블루(바구니포함),좋아요  아이가 잘타고있어요,5,1,부정
jo****,2022-06-21T08:29:56.266+00:00,자전거: 04.삼천리 로시난테 / 컬러: 네이비,가성비 좋은조립식자전거,5,1,부정
423h****,2022-06-08T10:12:28.424+00:00,자전거: 01.삼천리 카라 / 컬러: 다크블루(바구니포함),"초등3 남아 타려고 주문했어요~
조립하기는 힘들었지만 아이가 좋아해서 
만족합니다^^",5,1,긍정
nonv***,2022-06-09T13:15:35.196+00:00,자전거: 04.삼천리 로시난테 / 컬러: 네이비,잘 타고 있습니다. 타이어랑 내튜브랑 사이즈가 조금 다른 듯 하네요. 조금 타니까 펑크나서 정비했어요,5,1,부정
sk****,2022-07-08T15:39:46.824+00:00,자전거: 01.삼천리 카라 / 컬러: 다크블루(바구니포함),초등학생들이 입문용으로 배우기에는 좋은것 같습니다,5,1,긍정
jy****,2022-07-11T12:39:02.020+00:00,자전거: 01.삼천리 카라 / 컬러: 다크블루(바구니포함),AS 확실히 해 주셔서 감사합니다,4,1,부정
konk***,2022-06-16T10:34:54.370+00:00,자전거: 02.삼천리 메이비20 / 컬러: 라이트핑크(바구니포함),어머니 선물해드렸어요 만족해하시네요~~,5,1,부정
jjle*****,2022-06-28T08:01:32.519+00:00,자전거: 01.삼천리 카라 / 컬러: 아이보리(바구니포함),조립도 편하고 이쁘네요~ 물건을 제때 못받은거 말고는 만족합니다.,5,1,긍정
en****,2022-06-23T21:47:42.233+00:00,자전거: 01.삼천리 카라 / 컬러: 다크블루(바구니포함),마음에 듭니다 ..,5,1,부정
sony********,2022-06-23T00:45:01.706+00:00,자전거: 02.삼천리 메이비20 / 컬러: 민트(바구니포함),아이가 잘 타요. 좋습니다,5,1,긍정
fdfd****,2022-06-06T13:45:04.325+00:00,자전거: 01.삼천리 카라 / 컬러: 다크블루(바구니포함),"색깔도 이쁘고 다 좋은데 학생용이라 좀 작아서 출퇴근용으로는 힘들겠습니다ㅠㅠ
그냥 운동용으로 사용해야겠어요ㅠ",5,1,긍정
habi*****,2022-05-29T13:45:18.036+00:00,자전거: 04.삼천리 로시난테 / 컬러: 네이비,"잘 타고 다니고 있어요
장거리 라이딩은 힘들지만 휴대성이 좋아서 만족합니다.
디자인도 너무이뻐요!",5,1,부정
luve****,2022-07-11T22:29:44.725+00:00,자전거: 01.삼천리 카라 / 컬러: 아이보리(바구니포함),배송 매우빠르고 좋습니다,5,1,긍정
getu***,2022-06-19T05:57:31.334+00:00,자전거: 04.삼천리 로시난테 / 컬러: 네이비,브레이크와 기어가 많은조정필요함임 ㅜㅠ,3,1,긍정
taey*****,2022-07-06T06:30:45.846+00:00,자전거: 02.삼천리 메이비20 / 컬러: 민트(바구니포함),사용하기 편리하고  좋습니다.  많이 파세요,5,1,부정
sshh***,2022-05-22T02:48:53.250+00:00,자전거: 03.삼천리 화이트라벨 / 컬러: 화이트,자전거 가격이 어떤지 감이 없지만 가격은 괜찮은것 같아요...다만 그전에 산 검은색은 바퀴 튜브 구멍난 것과 브레이크 빠져있는 등 하자가 있을 수 있는 부분은 감수할 수 밖에 없으니 참고하시고 주변 대리점가서 한번 검사는 받는게 좋을듯하네요,5,1,긍정
iou_****,2022-06-11T18:17:26.948+00:00,자전거: 01.삼천리 카라 / 컬러: 다크블루(바구니포함),조립 나름 쉬워요~ 가성비좋아요,5,1,긍정
ohdo***,2022-05-26T04:16:28.617+00:00,자전거: 04.삼천리 로시난테 / 컬러: 네이비,"조립 간단하고
프레임이 튼튼합니다
접이식이니 이동시 차에 수납도
용이하고 무엇보다 색상이 무척 
고급스럽고 좋네요
아이가 아주 좋아합니다",5,1,긍정
nsto****,2022-06-22T13:29:04.257+00:00,자전거: 04.삼천리 로시난테 / 컬러: 네이비,가격대비 품질이 너무 좋습니다. 앞으로 잘 타고 다닐게요.,5,1,부정
erin****,2022-06-22T22:28:22.917+00:00,자전거: 04.삼천리 로시난테 / 컬러: 네이비,좋습니다 잘 탈게요~~,4,1,긍정
nice***,2022-06-06T18:02:43.436+00:00,자전거: 04.삼천리 로시난테 / 컬러: 네이비,"자전거 작지만 잘나갑니다. 
좋네요. 조립도 어렵지 않고. 
많이 파세요.",4,1,긍정
uuuu****,2022-06-15T07:54:20.685+00:00,자전거: 01.삼천리 카라 / 컬러: 다크블루(바구니포함),애들 연습후 잘탑니다. 감사합니다.,5,1,긍정
tj****,2022-06-03T02:20:51.298+00:00,자전거: 03.삼천리 화이트라벨 / 컬러: 블랙,배송 및 안내가 좋았습니다. 자전거 상태도 물론이고요 조립시 반드시 장갑끼고 조립하세요 살점 나갑니다 ㅎㅎ,5,1,부정
rush***,2022-07-14T00:35:25.642+00:00,자전거: 03.삼천리 화이트라벨 / 컬러: 블랙,너무  무겁습니다..ㅜㅜ,2,1,부정
tj****,2022-06-03T02:21:51.131+00:00,자전거: 03.삼천리 화이트라벨 / 컬러: 화이트,빠른배송 감사합니다. 번창하시고 앞으로는 여기서 주문해야할것 같습니다.,5,1,부정
dogn*****,2022-05-27T08:13:05.351+00:00,자전거: 01.삼천리 카라 / 컬러: 다크블루(바구니포함),조립도간편하고 튼튼한거같아요!! 접어서 차에싣기도 좋아요!!마트갈때 타고 다녀요! 바퀴는따로 바람을넣어서 타야해요!,5,1,긍정
pwb7***,2022-07-10T04:13:00.425+00:00,자전거: 01.삼천리 카라 / 컬러: 다크블루(바구니포함),다들 잘샀다고 하네요~,5,1,긍정
fion*****,2022-06-16T01:46:18.091+00:00,자전거: 01.삼천리 카라 / 컬러: 아이보리(바구니포함),배송도 생각보다 빨리오고 자전거 조립도 아주 어렵지는 않아요. 삼천리 어린이 자전거 품질좋고 실제로 보면 더 컬러가 예쁘네요,5,1,긍정
ysbo***,2022-06-05T04:19:47.167+00:00,자전거: 03.삼천리 화이트라벨 / 컬러: 화이트,가격대비 무난하고 문제없이 잘 타고 있어요 ㅎㅎ,4,1,부정
sd****,2022-07-12T10:42:31.641+00:00,자전거: 02.삼천리 메이비20 / 컬러: 라이트핑크(바구니포함),빠른 배송 감사해요. ..^^,5,1,긍정
ssun*****,2022-06-16T06:58:31.998+00:00,자전거: 01.삼천리 카라 / 컬러: 아이보리(바구니포함),배송도 빠르고 조립도 쉬워요,5,1,긍정
didt*******,2022-06-15T07:26:16.799+00:00,자전거: 01.삼천리 카라 / 컬러: 다크블루(바구니포함),배송빠르고 만족합니다,5,2,부정
son8****,2022-06-18T10:35:34.200+00:00,자전거: 04.삼천리 로시난테 / 컬러: 네이비,튼튼하고 너무 너무 좋아요!!,5,1,긍정
luck*******,2022-06-06T06:11:18.051+00:00,자전거: 03.삼천리 화이트라벨 / 컬러: 블랙,좋아요 멋지고 다만 보조바퀴 설치하는데 매우 힘들었음,3,1,부정
dbgh****,2022-06-13T14:26:59.572+00:00,자전거: 03.삼천리 화이트라벨 / 컬러: 블랙,아주 좋습니다. 멋지고. ~~~굿굿,5,1,긍정
nacu***,2022-06-09T11:01:01.608+00:00,자전거: 04.삼천리 로시난테 / 컬러: 네이비,조립 안내가 없어 아쉬움. 제품은 가격대비 괜찮은 편,5,1,부정
iris****,2022-05-21T00:04:47.293+00:00,자전거: 01.삼천리 카라 / 컬러: 다크블루(바구니포함),자전거 바퀴 바람이 빠져 있어 아직 타지 못했지만 괜찮은 것 같아요. 자전거에 대해 1도 모르는 왕초보라 좋은건지 어쩐지는 잘 모르겠지만 자전거 배우려고 샀는데 운전을 못해서 더 그런가 무겁긴 하네요.,4,1,긍정
ms****,2022-06-17T07:38:01.399+00:00,자전거: 02.삼천리 메이비20 / 컬러: 라이트핑크(바구니포함),"색감도 예쁘고 조립도편해서 금방할수있었어요
딸 선물한건데 너무 만족합니다",5,1,부정
suo0***,2022-05-28T03:47:44.168+00:00,자전거: 04.삼천리 로시난테 / 컬러: 네이비,아주 마음에 들어요&hellip;,5,1,긍정
ghjk****,2022-05-11T08:32:16.717+00:00,자전거: 01.삼천리 카라 / 컬러: 다크블루(바구니포함),자전거 사기 전후로 저의 운동량이 확연히 달라졌습니다...이제 가까운 거리는 자전거를 이용하고 바람을 맞으며 달리는 재미를 알아버려 일부러 돌아서 가고 그럽니닽ㅋㅋ아직도 엉덩이가 아프고 무게가 좀 무거운거 같지만...이 자전거는 스포츠용 자전거가 아니니 그러려니 하고 아주 만족합니다! 감사해욥!,5,1,긍정
sung*****,2022-05-25T13:41:25.175+00:00,자전거: 04.삼천리 로시난테 / 컬러: 네이비,조립 어렵지않고 몇번 타봤는데 문제없이 잘 나가네요 귀엽고 좋습니다~,5,1,긍정
sl****,2022-06-08T23:19:10.969+00:00,자전거: 01.삼천리 카라 / 컬러: 다크민트(바구니포함),무게가 좀 있지만 쉽게 접히고 suv차량으로  이동하기 편리합니다,4,1,부정
sung********,2022-07-03T03:35:14.729+00:00,자전거: 04.삼천리 로시난테 / 컬러: 네이비,배송빠르고 제품 좋아요!!,5,1,부정
wate****,2022-05-18T05:43:47.665+00:00,자전거: 01.삼천리 카라 / 컬러: 다크민트(바구니포함),"보조바퀴까지 달았더니 무게가 좀 있어서 아이가 타기 조금 힘들어하긴 해요ㅠㅠ
그래도 접이식이고 아이가 색이 마음에 든다고 하니 만족합니다",4,1,긍정
wndl****,2022-06-05T12:38:34.000+00:00,자전거: 01.삼천리 카라 / 컬러: 다크블루(바구니포함),조립도 편하고 배송도 꼼꼼히 가격대비 좋아요,4,1,부정
csc7****,2022-07-01T10:15:13.467+00:00,자전거: 03.삼천리 화이트라벨 / 컬러: 화이트,수고하세요 감사합니다,5,1,부정
yong********,2022-06-23T16:00:57.595+00:00,자전거: 01.삼천리 카라 / 컬러: 다크블루(바구니포함),매장보다도 싸게 샀어요.조립도 어렵지않아요,5,1,긍정
aes0***,2022-06-05T13:37:31.787+00:00,자전거: 01.삼천리 카라 / 컬러: 다크블루(바구니포함),"아들이 좋아해요
매일타고다녀요",5,1,긍정
acmj***,2022-05-24T12:12:31.339+00:00,자전거: 01.삼천리 카라 / 컬러: 다크민트(바구니포함),조립도 거의 90프로정도 돼서 온거라 핸들이랑 안장만 끼우면 돼서 할 것도 없었네요 ㅎㅎ 10살 딸아이가 탈건데 사이즈도 딱 적당하고 좋아요~,5,1,부정
natu*****,2022-06-08T09:14:34.698+00:00,자전거: 01.삼천리 카라 / 컬러: 다크블루(바구니포함),빠른배송 좋은상품 감사합니다,5,1,부정
yong***,2022-05-21T01:19:26.980+00:00,자전거: 04.삼천리 로시난테 / 컬러: 네이비,"컬러도 맘에들고 이쁘네요!
잘 타고 다닐께요!
근데 다만 배송중에 박스 모서리 부분이 찢여져서 왔네요..그 부분이 조금 아쉽습니다..그 부분을 제외하고는 만족이요!",4,1,부정
hyxo*******,2022-06-17T01:12:02.804+00:00,자전거: 01.삼천리 카라 / 컬러: 다크블루(바구니포함),확실히 조그매서 언덕은 잘 안올라가는데 그냥 헬스장 가기엔 걸어선 너무 멀고 차 끌기엔 요새 기름값 너무 비싸서 부담이였는데 무난하게 잘 산거 같아요!!,3,1,긍정
100m****,2022-06-05T04:57:41.461+00:00,자전거: 01.삼천리 카라 / 컬러: 다크블루(바구니포함),안접혀요 접힌다고 되어있는데...,1,1,긍정
sana***,2022-05-30T23:41:30.944+00:00,자전거: 01.삼천리 카라 / 컬러: 다크민트(바구니포함),"자전거 사고 삶의 질이 달라졌어요
바구니만 좀 컸으면 좋겠어요",5,1,긍정
wndr******,2022-05-21T15:16:28.828+00:00,자전거: 02.삼천리 메이비20 / 컬러: 라이트핑크(바구니포함),"자전거 세워야하는데 고정하는 지지대가 
뒤로 넘어가서 세울수가 없어요
벽에 기대놔야하는데 ..어찌해야될까요..하하
조절할수 있는걸 아무리 찾아봐도 찾을수도 없고",3,1,부정
mihe*****,2022-05-28T01:29:13.400+00:00,자전거: 01.삼천리 카라 / 컬러: 다크민트(바구니포함),"초등3학년 여아인데 너무 좋아해요. 
접으니까 공간차지도 별로안하네요^^",5,1,부정
kong****,2022-06-25T12:33:00.509+00:00,자전거: 01.삼천리 카라 / 컬러: 다크블루(바구니포함),배송도빠르고 문의 답변에 빠른 응답도 좋았어요 ^_^,5,1,긍정
acco****,2022-05-28T05:57:16.276+00:00,자전거: 01.삼천리 카라 / 컬러: 다크민트(바구니포함),"아직 타보지는 않았는데 애가 좋다고합니다~
자전거 잘 못타는 아이인데 잘 탈수 있었으면 좋겠네요~",5,1,부정
kiss****,2022-05-10T03:17:41.111+00:00,자전거: 04.삼천리 로시난테 / 컬러: 네이비,"초5 딸 어린이날 선물로 사줬는데 너무 좋아 하내요
크기도 작지 않은까 걱정했는데,
키177cm 몸무게 86kg 인 아빠가 타도 튼튼하고 잘 나가내요.
접기도 편하고, 접어서 트렁크에 넣으니 쏙 들어가고 좋아요..",5,1,긍정
jiny*****,2022-06-06T20:58:05.992+00:00,자전거: 01.삼천리 카라 / 컬러: 다크블루(바구니포함),볼트도 잘 조여있고 기어가 좀 이상한것 같아서 그건 대리점가서 맞췄어요 생각보다 무겁지도 않고 바구니는 조금 작네요 그래듀 만족합니다ㅏ,5,1,긍정
rt****,2022-06-25T02:25:43.506+00:00,자전거: 01.삼천리 카라 / 컬러: 다크블루(바구니포함),아이들 여성 노인분들 타기에 딱 좋은 스탠다드한 자전거,5,1,긍정
pjh0*****,2022-06-27T03:41:38.859+00:00,자전거: 01.삼천리 카라 / 컬러: 다크블루(바구니포함),전체적으로 맘에 듭니다,5,1,부정
ru****,2022-05-17T05:40:27.819+00:00,자전거: 04.삼천리 로시난테 / 컬러: 네이비,"잘 받았어요. 미니벨로는 처음이라서 좀 작고, 속도감은 낼수 없을거 같은 조심스러움~!   그래도  접이식이니까 사용 용도에 맞게 만족 합니다.",5,1,부정
jhos***,2022-06-29T04:47:39.312+00:00,자전거: 02.삼천리 메이비20 / 컬러: 민트(바구니포함),9살 아들이 타기 적절합니다,5,1,부정
jjun******,2022-05-28T07:54:23.560+00:00,자전거: 01.삼천리 카라 / 컬러: 다크블루(바구니포함),가격대비 괜찮아요 부모님이 좋아하세요,5,1,긍정
lj****,2022-05-25T14:53:27.520+00:00,자전거: 04.삼천리 로시난테 / 컬러: 네이비,"조립은결국도움받앗지만 타고다니기좋아요
다만아쉬운건 바퀴가작아서 여러번굴러야한다는것...",5,1,긍정
dbrk******,2022-06-01T01:06:10.130+00:00,자전거: 02.삼천리 메이비20 / 컬러: 라이트핑크(바구니포함),보조바퀴 조립이 어려워서 카센타 아는데 가서 조립해옴ㅠ,3,1,긍정
sl****,2022-05-03T12:53:29.159+00:00,자전거: 01.삼천리 카라 / 컬러: 다크민트(바구니포함),빠름 배송 감사합니다. 포장도 꼼꼼하고 조립하기 쉬웠습니다. 바구니는 고정이 잘 안 되는게 좀 아쉬웠습니다. 색깔이 사진보다 훨씬 예쁘네요!,5,1,부정
lyag*****,2022-06-25T09:06:17.285+00:00,자전거: 01.삼천리 카라 / 컬러: 다크블루(바구니포함),배송빨리왔고 잘 샀어요,5,1,부정
ckdg******,2022-06-28T04:07:14.075+00:00,자전거: 01.삼천리 카라 / 컬러: 아이보리(바구니포함),자전거 이상없이 좋네요,4,1,부정
s2****,2022-05-17T08:20:01.350+00:00,자전거: 04.삼천리 로시난테 / 컬러: 네이비,"전반적으로 좋네요.

전 조립&amp;조율 자신없고 
괜히 잘못 만졌다 고장날까봐

동네 삼천리 매장에서 현금3만 주고
조립&amp;조율 했네요.
맡기길 잘했네요. 잘탈게요.",5,1,부정
tong****,2022-06-02T01:45:48.558+00:00,자전거: 03.삼천리 화이트라벨 / 컬러: 화이트,튼튼해요. 조립도쉽고ㅋㅋ,5,1,긍정
jiny******,2022-05-21T05:21:18.412+00:00,자전거: 02.삼천리 메이비20 / 컬러: 라이트핑크(바구니포함),예쁘고 좋은데 보조바퀴 설치가 힘드네요. 결국 동네매장에서 만원내고 설치했어요. 잘 탈게요^^,5,1,부정
khjh*****,2022-06-17T06:47:54.675+00:00,자전거: 01.삼천리 카라 / 컬러: 다크블루(바구니포함),좋아요 안장이 편해보이네요,5,1,긍정
voic*****,2022-05-15T21:15:08.689+00:00,자전거: 01.삼천리 카라 / 컬러: 다크민트(바구니포함),아이가 좋아해요~다만 보조바퀴 함께 구매했는데 집에서 달기는 힘들어서 자전거 가게에 가서 달았어요,5,1,긍정
ne****,2022-05-09T08:07:31.884+00:00,자전거: 01.삼천리 카라 / 컬러: 다크블루(바구니포함),9살 마른 편인 여자아이가 타기에는 살짝 큰 감이 있지만 아이가 매우 만족함 핸들과 안장은 직접 스스로 조립 가능함 두발 자전거 타는 연습하려고 보조바퀴도 시킴 보조바퀴는 동봉해주는 도구나 일반 몽키스패너 같은 것으로는 조립이 힘든 편임 결국 5천원 주고 자전거가게 가서 조립함,5,1,부정
hans*****,2022-05-14T04:08:19.008+00:00,자전거: 01.삼천리 카라 / 컬러: 다크블루(바구니포함),7단기어를 샀는데 1단짜리로 앞부분을 해서 사자마자 쓰지도 못하고 수리를 해야 했습니다. 대충 돌아가게 만들고 파는 행위는 정말 쓰레기같은 행위 같네요. 자전거에 대해 모르는사람들이 대충 자전거가 타지면 되게만 만들걸 보고 경악을 금치 못했습니다. 앞으로도 사기를 쳐서 돈을 많이 버실거 같은데 나중에 벌받습니다. 어짜피 반품처리도 못해서 이렇게 댓글이라도 달지만 다른분들은 절대 속지 마시고 직접보시고 사세요.,1,1,부정
jd****,2022-06-22T13:31:47.242+00:00,자전거: 01.삼천리 카라 / 컬러: 다크블루(바구니포함),잘받았습니다.감사합니다,5,1,부정
ragn*****,2022-05-05T15:05:53.159+00:00,자전거: 01.삼천리 카라 / 컬러: 다크블루(바구니포함),"튼튼하고 이쁘고 좋아요~~
간단한 설명서가 있었으면 더 좋을듯해요~
그리어렵진않지만 모르면 어려울수도 있어요~^^",5,1,긍정
chm4***,2022-06-22T03:56:16.105+00:00,자전거: 01.삼천리 카라 / 컬러: 다크블루(바구니포함),사용하기에 편리합니다,4,2,긍정
ku****,2022-05-10T09:07:01.810+00:00,자전거: 04.삼천리 로시난테 / 컬러: 네이비,"배송도 빠르고 저렴한 가격에 예쁘고 좋아요!

바퀴 바람이 빠져있어서 조립후 바로 타시려면 바람펌프를 준비해 두시는 것이 좋습니다!
(다이소 5천원 짜리 사두면 됩니다~^^)",5,1,긍정
ss****,2022-05-20T14:10:05.242+00:00,자전거: 01.삼천리 카라 / 컬러: 다크블루(바구니포함),"조립시 조금어려웠으나 못할정도는 아니었습니다
차량으로 이동할 목적으로 산건데 생각보다 무거웠습니다",4,1,부정
eg****,2022-05-27T07:10:36.025+00:00,자전거: 01.삼천리 카라 / 컬러: 다크블루(바구니포함),조립가단하네요 퀄리티좋네요,4,1,부정
msto****,2022-06-06T05:28:10.156+00:00,자전거: 02.삼천리 메이비20 / 컬러: 라이트핑크(바구니포함),"제품  만족합니다. 배송도 빨랐구요.
조립도 쉬워서 대리점에 갈 필요는 없어요",5,1,부정
netd***,2022-05-15T02:38:53.272+00:00,자전거: 03.삼천리 화이트라벨 / 컬러: 블랙,육각렌치 불량으로 손다치고 조립도 못하고 있습니다.육각렌치 다시 보내주세요.,4,1,긍정
y120****,2022-05-17T09:17:55.262+00:00,자전거: 01.삼천리 카라 / 컬러: 다크민트(바구니포함),"자전거 조립도 쉽고 튼튼하고 너무 만족스럽게 타고있급니다
아이도 좋아해요^^
초2인데 넘 편해해요",5,1,긍정
laon***,2022-06-11T03:08:00.429+00:00,자전거: 01.삼천리 카라 / 컬러: 다크민트(바구니포함),"바퀴 바람이없네요.
그래서 별하나뺏고 다 마음에들어요",4,1,부정
jim0***,2022-05-22T08:55:42.403+00:00,자전거: 04.삼천리 로시난테 / 컬러: 네이비,튼튼하고 좋아요~ 무난하게 타기 적당한거같네요,5,1,부정
nice******,2022-05-18T09:14:56.719+00:00,자전거: 01.삼천리 카라 / 컬러: 다크블루(바구니포함),"빠른 배송 감사합니다.
첫째가 너무 좋아하네요",5,1,긍정
pd****,2022-05-04T13:59:18.639+00:00,자전거: 01.삼천리 카라 / 컬러: 다크블루(바구니포함),자전거는 좋아요. 다만 2대 주문 중 한대는 바람이 빠져서 공기주입했는데 다시 빠지길래 샵에 갔더니 바람 넣는곳이 삐뚤어져(?) 있다며 구매한 2대 모두 비용 지불(현금 지불해서 청구도 포기합니다)하고 손 봤습니다. 구매후 샵에서 조립하라고 가이드 있던데 참고하세요.,3,1,부정
ssan*****,2022-05-10T00:43:54.930+00:00,자전거: 01.삼천리 카라 / 컬러: 다크블루(바구니포함),"자전거 본 제품은 문제가 없는데
세부적인 브레이크 좌우 조립성이 별로 좋지 못하네요 이런거 잘하시면 가성비 좋습니다",4,1,부정
kss5***,2022-05-15T10:50:04.101+00:00,자전거: 01.삼천리 카라 / 컬러: 다크블루(바구니포함),자전거  예쁘네요  초6 4학년 키150대 아이들이 타기에 딱 좋아요 많이파세요,5,1,부정
sdds****,2022-06-18T03:13:51.848+00:00,자전거: 01.삼천리 카라 / 컬러: 다크민트(바구니포함),생각보다 많이 무겁습니다.,3,1,긍정
rlar*******,2022-04-20T07:29:49.285+00:00,자전거: 04.삼천리 로시난테 / 컬러: 네이비,"조립상태가 진짜 엉망입니다
진짜 말그대로 '조립'만 되어있어요
브레이크도 조립하다 말았고
자전거 접는 경첩부 볼트는 휘어있어요..
다른건 몰라도 이건 너무 심한거같아요
딱봐도 볼트가 돌아가서 움직여야하는데
간섭나니까 억지로 힘으로 돌리다 휜거같던데.
다행히 자전거 만질줄 알아서 다 셋팅해서
어찌저찌 잘 굴러는 가는데 너무 실망입니다.",1,1,부정
yit_***,2022-05-31T07:46:29.679+00:00,,"자전거는 만족하지만 보조바퀴를 설치하려고 뒷바퀴 너트를 풀어보니 너트에 홈이 없네요.
동네 자전거집에서 너트 사다가 자가수리해서 탑니다.",1,1,부정
tosi******,2022-06-22T07:19:17.527+00:00,자전거: 01.삼천리 카라 / 컬러: 다크블루(바구니포함),잘 타고 있습니다.,4,4,긍정
rogu****,2022-05-13T02:44:20.254+00:00,자전거: 01.삼천리 카라 / 컬러: 다크블루(바구니포함),"조립은쉬운데 브레이크 기어 셋팅은 전문가도움이 필요하네요 무거운거빼고는 만족합니다
초5 딸아이가 좋아하네요",5,1,부정
hwon***,2022-05-08T04:14:25.022+00:00,자전거: 01.삼천리 카라 / 컬러: 다크블루(바구니포함),빠른 배송과 편리한 조립 방식이 마음에 드네요. 바구니도 잘 묶으니 흔들림도 적은편이네요. 이번 여름 가을에 재밌게 탈 것 같습니다~,5,1,부정
moaj***,2022-04-03T05:23:11.482+00:00,자전거: 01.삼천리 카라 / 컬러: 다크민트(바구니포함),받아서 조립하는데는 어렵지 안았어요..  설명서가 있었으면 초보들한테는 좋았을거 같네요.. 색상도 생각보다 이쁘고 사이즈도 적당합니다. 와이프  타라고 산거라..  기어는 좀 아쉽지만 가격을 생각하면 감안할 수 있는 정도입니다.. 삼천리라 나중에 고장나도 AS를 생각하면 좋네요..  아쉬운 점 하나는 핸들을 고정할때 사용하는 지렛대 같은걸 고정할 수 없다는겁니다. 그게 아쉽네요,3,1,부정
bang******,2022-06-10T12:27:19.375+00:00,자전거: 01.삼천리 카라 / 컬러: 다크블루(바구니포함),조립이 간편하고 고장난 부분 없이 도착해서 좋았어요~,5,1,부정
kjy2****,2022-06-14T13:44:24.908+00:00,자전거: 01.삼천리 카라 / 컬러: 다크블루(바구니포함),아주만족합니다 잘나가구요,5,1,부정
lind***,2022-05-12T01:59:59.502+00:00,자전거: 03.삼천리 화이트라벨 / 컬러: 화이트,잘타고있어요 항상 좋아요 나중에 아들것도 사주려구요,5,1,긍정
sons*****,2022-05-26T12:01:38.897+00:00,자전거: 02.삼천리 메이비20 / 컬러: 라이트핑크(바구니포함),애가 자전거 타는걸 좋아합니다,5,1,긍정
ws****,2022-05-20T08:10:26.783+00:00,자전거: 03.삼천리 화이트라벨 / 컬러: 화이트,아이가 정말 좋아해요 만족합니다,5,1,부정
hwon***,2022-05-08T04:12:33.921+00:00,자전거: 04.삼천리 로시난테 / 컬러: 네이비,배송도 빨랐고 상태도 좋았어요 바람은 조금 빠진 상태로 오니까 조립 후 가까운 자전거대리점에 방문해서 공기 주입 후 타는게 좋을 것 같습니다~,5,1,부정
dmsd***,2022-04-29T01:55:27.769+00:00,자전거: 01.삼천리 카라 / 컬러: 다크블루(바구니포함),"상품만족합니다
조립도 간단히 했어요~
7세아이 키128인데 사이즈 작아서 바꿨는데 사이즈도좋아요
추가 구성품을 다 구매했는데 라이트도달려있고 후미등도 있어서 구매하실분들은 확인하고하세요
바구니는 기존에있던거 달았어요",5,1,긍정
ye****,2022-06-14T03:40:06.064+00:00,자전거: 01.삼천리 카라 / 컬러: 다크블루(바구니포함),이쁘고 조립이 쉬움,5,1,긍정
son8****,2022-05-13T02:04:33.322+00:00,자전거: 04.삼천리 로시난테 / 컬러: 네이비,"배송이 빠르고 좋아요!!
조립도 쉽고 디자인도 이쁘네요",5,1,긍정
chlo********,2022-05-04T03:41:06.873+00:00,자전거: 01.삼천리 카라 / 컬러: 다크블루(바구니포함),조립 완료했고 남편 자전거 옆에 세워뒀어요~ 바퀴에 바람이 빵빵하지 않아서 아직 타보진 못했어요.,5,1,긍정
fore*****,2022-05-23T12:13:10.539+00:00,자전거: 01.삼천리 카라 / 컬러: 다크블루(바구니포함),상품너무잘받았습니다.,4,1,긍정
chop*****,2022-06-12T15:55:35.644+00:00,자전거: 01.삼천리 카라 / 컬러: 다크블루(바구니포함),매우매우 만족하면서 쓰고있습니다!,5,1,긍정
haha***,2022-06-08T11:24:17.128+00:00,자전거: 04.삼천리 로시난테 / 컬러: 네이비,"내구성도 나쁘지 않고, 잘 사용하고 있습니다.",4,1,긍정
core*******,2022-03-16T11:54:36.787+00:00,자전거: 03.삼천리 화이트라벨 / 컬러: 블랙,"자출족이 되어보려고 중고생 시절이후 20년만에 자전거를 구매했습니다.

사진처럼 박스안에 자전거가 거의 90프로 이상 조립이 되어 와서 좋았구요.
핸들부분 끼우는 게 안되서 저녁 7시쯤 네이버톡톡 문의하니, 사장님께서 거의 바로 친절히 답 주셔서 해결했습니다.

완성 후 가볍게 탄천 라이딩을 했는데, 아주 잘 나가고 상쾌하네요.

좋은 상품과 빠르고 친절한 응대 감사합니다.
많이 파세요.",5,1,긍정
dank****,2022-05-13T01:30:01.401+00:00,자전거: 03.삼천리 화이트라벨 / 컬러: 블랙,"두대 주문했습니다.
아직 조립은 안했는데 빠른배송 맘에 듭니다",4,1,부정
prai*****,2022-05-27T02:29:25.574+00:00,자전거: 03.삼천리 화이트라벨 / 컬러: 화이트,만족스러워요. 제가 85키로쯤 되는데 무거워서그런건지 몰라도 타이어가 좀 눌리네요 ㅠ 바람은 충분한거같은뎅..,5,1,부정
audt*******,2022-06-13T03:53:02.212+00:00,자전거: 02.삼천리 메이비20 / 컬러: 라이트핑크(바구니포함),배송 빠릅니다 만족합키다,5,1,긍정
wndu*****,2022-06-18T03:54:12.830+00:00,자전거: 01.삼천리 카라 / 컬러: 다크블루(바구니포함),선물했습니다~~~~,5,1,부정
wate****,2022-04-21T01:22:05.532+00:00,자전거: 01.삼천리 카라 / 컬러: 다크민트(바구니포함),"생각보다 자전거가 많이 무거워요
보조바퀴까지 달았더니 훨씬 더 무겁네요ㅜㅜ

부품에 문제가 있고 바구니도 구겨진채 배송이 와서 좀 속상하긴 했지만 빠르게 처리해 주셔서 좋았어요

보내주신 스패너로는 절대 보조바퀴 교체가 되지 않아요
보조바퀴 구매하시는 분들은 더 큰 스패너도 하시거나 대리점 가서 다는게 나아요ㅜㅜ",4,1,긍정
pjnj******,2022-05-21T11:02:27.513+00:00,자전거: 04.삼천리 로시난테 / 컬러: 네이비,다 좋은데 기어가 좀 뻑뻑하네요,4,1,긍정
lts6***,2022-06-09T02:35:47.235+00:00,자전거: 02.삼천리 메이비20 / 컬러: 라이트핑크(바구니포함),좋아요 아기가 좋아하네요~,5,1,긍정
qogu*****,2022-05-06T05:26:27.240+00:00,자전거: 03.삼천리 화이트라벨 / 컬러: 화이트,박스는 엄청 크고 무거웠어여 설명서보고 하니 조립은 간단한 편이였고요 스무스하게 잘 굴러갑니다,5,1,부정
eunh******,2022-05-18T05:47:03.099+00:00,자전거: 01.삼천리 카라 / 컬러: 다크블루(바구니포함),만족하며 잘 사용하고있습니다,4,1,긍정
pjnj******,2022-05-21T11:03:05.927+00:00,자전거: 01.삼천리 카라 / 컬러: 다크블루(바구니포함),다 좋은데 기어가 조금 뻑뻑함,4,1,긍정
sony********,2022-05-02T10:27:38.659+00:00,자전거: 02.삼천리 메이비20 / 컬러: 민트(바구니포함),배송도 빠르고 자전거도 만족합니다. 5학년 딸아이 어린이날 선물로 사줬는데 너무 좋아해요,4,1,긍정
vinc*****,2022-06-09T23:38:11.964+00:00,자전거: 01.삼천리 카라 / 컬러: 다크블루(바구니포함),보조바퀴달고 잘타고 있어요,5,1,부정
ket8***,2022-05-24T14:41:04.425+00:00,자전거: 01.삼천리 카라 / 컬러: 다크블루(바구니포함),배송 빠르고 조립 거의 다 돼있어 좋았어요. 뭣보다 안장이 덜 딱딱해서 좋았어요.,5,1,긍정
ar****,2022-05-17T01:41:09.546+00:00,자전거: 01.삼천리 카라 / 컬러: 다크블루(바구니포함),좋아요 타기편해요 ㅎ헤,5,1,긍정
huj2***,2022-04-30T12:12:45.376+00:00,자전거: 01.삼천리 카라 / 컬러: 다크민트(바구니포함),"빠른배송 예쁜색감
9살 딸래미 첫두발을 함께했답니ㅏ드
아주 잘타고 견고하고 좀더 타다 큰 걸로 바꿔줘야할거같어요. 바구니가 찌그러져 왔는데 제힘으로 폈어요 .ㅋㅋ 번창하십쇼",5,1,부정
webg****,2022-05-09T03:48:44.026+00:00,자전거: 01.삼천리 카라 / 컬러: 다크블루(바구니포함),조립도 생각보다 어렵지 않았고 제품 디자인 좋습니다 바구니 이상으로 별하니뺍니다,4,1,긍정
rudg******,2022-05-13T00:36:25.572+00:00,자전거: 01.삼천리 카라 / 컬러: 다크블루(바구니포함),휴일이 껴서 그런지 배송이 조금 느렸어요.. 아이가 너무 기다렸거든요 ㅎㅎ 포장싱태는 깔끔하고 엉덩이랑 핸들만 조립하면 되니 너무 좋더라구요~ 여자 혼자서도 충분히 조립기능해요~ 중간 중간 작은 나사들은 한번더 조여야 겠더라구요~,4,1,부정
ohtu****,2022-05-21T08:12:35.624+00:00,자전거: 01.삼천리 카라 / 컬러: 다크블루(바구니포함),문제없이 잘받았습니다,5,1,긍정
kims****,2022-05-26T10:50:20.864+00:00,,색감도 예쁘고 아담하고 좋습니다. 가볍게 타고 다니기 좋은 것 같아요.,5,1,긍정
chop*****,2022-05-06T04:50:38.339+00:00,자전거: 01.삼천리 카라 / 컬러: 다크블루(바구니포함),어버이날 선물로 어머니 사드렸는데 매우 좋아하십니다!!가성비 좋아요!!!,5,1,부정
bm****,2022-05-11T22:39:15.381+00:00,자전거: 03.삼천리 화이트라벨 / 컬러: 블랙,짧은 거리 출퇴근시 딱이에요 ㅎㅎ 먼 거리는 좀 힘들긴 해요 ㅎㅎ,5,1,긍정
skc0***,2022-06-01T05:40:32.128+00:00,자전거: 04.삼천리 로시난테 / 컬러: 네이비,"조립도 쉽고 접이식이라서 더 좋아요
디자인도 예뻐요",5,1,긍정
hyun********,2022-04-30T06:56:17.373+00:00,자전거: 04.삼천리 로시난테 / 컬러: 네이비,"파손 없이 배송이 왔어요.
조립도 어렵지 않고 쉽게 했어요.
아직 주행전이지만 많이 만족 스러워요.
안전하게 잘 탈께요.",5,1,긍정
armi****,2022-04-22T10:38:41.624+00:00,자전거: 01.삼천리 카라 / 컬러: 다크블루(바구니포함),아이가 두발자전거 첨 타려고 샀어요. 가성비는 좋아보여요. 근데 조립이 너무 힘들었어요. 설명서가 없어서 너무 아쉽네요. 핸들  끼우는데 엄청고생했어요. 조립을 위해 설명서 첨부해주시길요,3,1,긍정
josa******,2022-05-15T12:01:28.413+00:00,자전거: 01.삼천리 카라 / 컬러: 다크블루(바구니포함),배송도 빠르고 아이가 만족해요,5,1,부정
gg****,2022-05-08T02:28:56.807+00:00,자전거: 01.삼천리 카라 / 컬러: 다크블루(바구니포함),"기본 조립이 엉망으로 왔네요
처음 탔는데 브레이크가 제대로 안 듣고 하마터면 사고날뻔했어요
대리점 들고 갔더니 어떻게 이렇게 조립을 해서 보내냐고하고 엉망진창이라고 하시네요
개인 돈만 더 들었어요
정말 비추입니다 그냥 동네 자전거 대리점에서 사는게 훨씬 낫겠어요 온라인으로 산거 처음으로 후회합니다",1,1,부정
ps****,2022-04-29T07:53:08.261+00:00,자전거: 04.삼천리 로시난테 / 컬러: 네이비,조립하기전에 기스랑 찌그러짐 확인했어야하는데ㅠㅠ 미처확인못해서 그냥 타고있어요 가성비 편리성 만족합니다.,4,1,부정
jhos***,2022-04-29T10:16:03.035+00:00,자전거: 02.삼천리 메이비20 / 컬러: 민트(바구니포함),초2 아들이 타려고  샀는데 본인만족하고 색상 포장상태 만족입니다 바구니결합이 넘 허접해요  단순 걸이 후 벨크로 고정..  헐...,4,1,긍정
dkfm************,2022-03-27T04:37:50.936+00:00,자전거: 03.삼천리 화이트라벨 / 컬러: 화이트,페인트랑 스티커 자국땜에 사용하기 좀 꺼려져서 교환할까 했는데 사용하는데 크게 문제 없겠지싶어서 넘기려는데 브레이크 문제 땜에 좀 골치 아팠지만 상담을 통해서 원만히 해결할 수 있어서 좋았어요 디자인도 맘에들고 근데 탄지 얼마 안되긴했는데 기어변속이 잘 안돼요 1단 중간단 7단 이렇게 세가지만 되는거 같아요,3,1,부정
cheo*****,2022-05-02T04:01:39.614+00:00,자전거: 01.삼천리 카라 / 컬러: 다크블루(바구니포함),배송 빨랐어요. 파손 없도록 꼼꼼히 포장 잘 해서 주셨습니다. 조립 어렵지 않았어요. 잘 타볼게요.,5,1,부정
love*********,2022-05-05T06:01:40.604+00:00,자전거: 01.삼천리 카라 / 컬러: 다크블루(바구니포함),"빠른배송 감사합니다
어린이날 선물로 구매했습니다
초1인데 사이즈도 적당하고 접이식이라서
무엇보다좋네요",5,1,긍정
edem***,2022-05-06T12:30:43.083+00:00,자전거: 01.삼천리 카라 / 컬러: 다크블루(바구니포함),조립 어렵지 않고 제품 좋아요. 만족합니딘,5,1,부정
jess************,2022-05-27T09:34:34.981+00:00,자전거: 01.삼천리 카라 / 컬러: 다크블루(바구니포함),깨끗하게 잘왔어요 조립은 맡기는 게 편해요,4,1,부정
gjfz*****,2022-05-22T02:11:19.387+00:00,자전거: 04.삼천리 로시난테 / 컬러: 네이비,"디자인 이쁘고 사이즈 좋고 다 만족합니다!
바구니가 품절이라 좀 아쉽네요",5,1,긍정
shin******,2022-06-09T02:42:40.687+00:00,자전거: 01.삼천리 카라 / 컬러: 다크블루(바구니포함),5점 드려요 화이팅,5,1,긍정
kt****,2022-05-04T13:32:34.846+00:00,자전거: 03.삼천리 화이트라벨 / 컬러: 화이트,자전거 퀄리티가 생각버다 넘 조아여 제 아들도 좋아하네요. 감사합니당.,5,1,긍정
trus*****,2022-05-07T12:32:28.373+00:00,자전거: 03.삼천리 화이트라벨 / 컬러: 블랙,"재송이 정말 빠르네요....
상품이 꼼꼼하게 배송되요..


어른도 아이도 탈수있어요..",5,1,긍정
kate*********,2022-04-23T10:46:00.623+00:00,자전거: 04.삼천리 로시난테 / 컬러: 네이비,"생각보다 조립하기 쉬웠어요~
키168 타기에도 자전거 크기 좋아요~
자전거 수리센터 가서 점검도 받았는데 파손된 곳도 없고 바퀴도 이상없다고 하셨어요~
잘타겠습니다~~",5,1,부정
jjyo*****,2022-05-13T12:21:35.233+00:00,자전거: 03.삼천리 화이트라벨 / 컬러: 화이트,잘쓰고 있네요. 잘달려야지,5,1,긍정
ssam****,2022-05-11T14:56:52.108+00:00,자전거: 03.삼천리 화이트라벨 / 컬러: 화이트,조카 어린이날 선물로 사줬는데 너무 만족하네요.,5,1,긍정
jjyo*****,2022-05-13T12:22:26.276+00:00,자전거: 04.삼천리 로시난테 / 컬러: 네이비,잘 사용중입니드 약간 무거운거만 빼면 ㅋ,5,1,긍정
real********,2022-05-26T22:30:15.562+00:00,자전거: 01.삼천리 카라 / 컬러: 다크민트(바구니포함),한달가량 애들 태웠는데 잔고장없이 잘 타고있습니다. 좋아요,5,1,긍정
tmfl***,2022-05-16T03:31:19.992+00:00,자전거: 01.삼천리 카라 / 컬러: 다크민트(바구니포함),"조립은 남편이 해줬어요 
부서진곳 없이 잘 배송 왔습니다 ~
둘이 탈수도 있네요 ㅋㅋ 
안장 최대로 올리면 불편하지만 
키 165 인 제가 탈 수도 있어요 
안장 가장 내리면 키 120 cm  6세 아들이 탑니다",5,1,부정
pd****,2022-05-04T13:53:40.557+00:00,자전거: 01.삼천리 카라 / 컬러: 다크민트(바구니포함),셀프 조립에 약간 허둥댔지만 할만합니다. 아이가 좋아하구요.,4,1,부정
dbek****,2022-05-30T01:32:56.016+00:00,자전거: 01.삼천리 카라 / 컬러: 다크블루(바구니포함),"자전거 조립도 간편하고, 디자인도 예쁘게 잘 왔습니다!",5,1,부정
25****,2022-06-04T01:47:17.364+00:00,자전거: 04.삼천리 로시난테 / 컬러: 네이비,좋은 제품 감사합니다 ~!!,4,1,부정
wlsw****,2022-05-30T10:32:38.634+00:00,자전거: 04.삼천리 로시난테 / 컬러: 네이비,"우선이쁘네요ㅡ
튼튼한지는애매하지만
타봐야겠죠",4,1,긍정
wldn****,2022-03-27T10:28:12.908+00:00,자전거: 01.삼천리 카라 / 컬러: 다크블루(바구니포함),"가성비대비 기능 최고  튼튼함  정말 좋아요^^
점포가면20만원대가 넘던데싸게 잘 구매했습니다.",5,1,긍정
nigh****,2022-06-03T00:50:43.479+00:00,자전거: 03.삼천리 화이트라벨 / 컬러: 블랙,젛습니다.감사합니다.,5,1,긍정
qkqj*****,2022-05-19T14:21:48.781+00:00,자전거: 01.삼천리 카라 / 컬러: 다크블루(바구니포함),2학년이고 키가 130정도인데 타기 딱 좋아요~ 아이도 두번정도 타니까 곧잘타네여,5,1,긍정
minu****,2022-05-30T12:14:06.455+00:00,자전거: 01.삼천리 카라 / 컬러: 다크블루(바구니포함),요즘  바람도 좋고 날씨도 좋고 가볍게  타기에 좋아요  접어서 차에넣고 다니기도 좋고요,5,1,긍정
kj****,2022-05-14T22:42:03.785+00:00,자전거: 04.삼천리 로시난테 / 컬러: 네이비,잘 사용하고 있습니다.,5,1,부정
jhw7***,2022-06-03T02:52:22.685+00:00,자전거: 01.삼천리 카라 / 컬러: 다크블루(바구니포함),문제없이 잘 타고 있습니다.,5,1,긍정
obad*****,2022-05-24T01:54:40.924+00:00,자전거: 03.삼천리 화이트라벨 / 컬러: 화이트,"저렴하게 잘 구매해서 사용 중인데, 너무 좋습니다.",5,1,부정
zizi****,2022-05-19T09:45:09.656+00:00,자전거: 01.삼천리 카라 / 컬러: 다크블루(바구니포함),완전 좋아하네요~~~조립도 쉽고 3학년 아이 잘 탑니다,5,1,긍정
alfk****,2022-05-12T10:40:50.822+00:00,자전거: 03.삼천리 화이트라벨 / 컬러: 화이트,예쁘고 잘 굴러가고 좋아요,5,1,긍정
rdr4***,2022-05-19T00:34:48.023+00:00,자전거: 01.삼천리 카라 / 컬러: 다크블루(바구니포함),자전거 너무이쁘고 사길 잘했어요 너무좋아요,4,1,부정
bum2***,2022-05-08T05:29:41.877+00:00,자전거: 01.삼천리 카라 / 컬러: 다크블루(바구니포함),자전거 이쁘고 잘타고 있습니다,5,1,긍정
jjyo*****,2022-05-13T12:20:50.210+00:00,자전거: 03.삼천리 화이트라벨 / 컬러: 블랙,잘 달리네요. 잘쓸께요.,5,1,부정
lwj0***,2022-05-15T12:42:17.053+00:00,자전거: 01.삼천리 카라 / 컬러: 다크민트(바구니포함),잘받았습니다 잘탈께요~,5,1,부정
hong***,2022-05-03T04:28:16.121+00:00,자전거: 01.삼천리 카라 / 컬러: 다크블루(바구니포함),포장 깔끔하고 좋아요  아이가 좋아해요,5,1,부정
dbrk******,2022-06-01T01:09:45.538+00:00,자전거: 02.삼천리 메이비20 / 컬러: 민트(바구니포함),너무 너무 이쁘네요ㅠㅠ,3,1,부정
nike***,2022-05-30T04:38:40.723+00:00,자전거: 01.삼천리 카라 / 컬러: 다크블루(바구니포함),일상생활중  타기 안성마춤입니다,5,1,긍정
glas***,2022-04-27T04:57:21.892+00:00,자전거: 04.삼천리 로시난테 / 컬러: 네이비,핸들이 일자형이라 조금 불편하고 핸들 수평 조금 안맞는데 타는데 문제는 안됩니다. 그외는 괜찮아요!,4,1,부정
sd****,2022-06-04T03:08:29.897+00:00,자전거: 02.삼천리 메이비20 / 컬러: 라이트핑크(바구니포함),빠른배송 감사해요...^^,5,1,부정
real********,2022-04-20T09:20:11.764+00:00,자전거: 01.삼천리 카라 / 컬러: 다크블루(바구니포함),보조바퀴 조립도 간편하고 마감도 좋네요. 초등학생 형제가 서로 탈려고해서 한대 더 주문합니다ㅎ,5,1,부정
11dl*****,2022-04-16T02:48:43.065+00:00,자전거: 01.삼천리 카라 / 컬러: 다크민트(바구니포함),"조립도 거의 다 되어서 오고 가격도 괜찮고
자전거도 튼튼해 보이네요~ 좋아요~^^
애하고 같이 자건타고 올게요~",5,1,긍정
ilov********,2022-05-04T10:09:35.059+00:00,자전거: 03.삼천리 화이트라벨 / 컬러: 화이트,배송빨랏어요ㅋ엉덩이아픈거빼고 좋네요,4,1,긍정
obad*****,2022-05-24T01:54:57.377+00:00,자전거: 03.삼천리 화이트라벨 / 컬러: 블랙,커플로 구매하여 사용 중에 있는데 접이식이라 간편하고 편합니다.,5,1,부정
gree*****,2022-05-05T14:54:35.624+00:00,자전거: 01.삼천리 카라 / 컬러: 다크블루(바구니포함),"9살 키 132 남아 어린이날 선물이었어요. 
일단 빠른 배송 너무 좋았구요. 
생애 첫 자전거라 스스로 타지는 못했지만 
어린이날 하루 열심히 노력했네요. 

제 키가164인데 안장만 높이면 제가 타기도 부담없을 것 같아요. 

안전하게 잘 타겠습니다.",5,1,부정
metr*****,2022-05-16T02:36:04.388+00:00,자전거: 01.삼천리 카라 / 컬러: 다크블루(바구니포함),포장도 꼼꼼하고 조립도 간단하네요 아들이 좋아합니다 좋아요,5,1,긍정
soot***,2022-04-26T23:35:44.197+00:00,자전거: 01.삼천리 카라 / 컬러: 다크블루(바구니포함),이사하고 자전거가 필요했는데 배송도 빠르고 어려움없이 조립했어요! 마음에 들어요~^^,5,1,부정
lind***,2022-03-30T03:04:44.474+00:00,자전거: 04.삼천리 로시난테 / 컬러: 네이비,"자전거 잘 도착했어요 사진과 같아요 실내여서 잘표현은 안되지만 색상같고
구엽고 이쁩니다.
다만 앞바퀴 바람구멍 마개가 없네요 뒷바퀴는 있어요",5,1,긍정
eu****,2022-03-28T08:05:14.722+00:00,자전거: 01.삼천리 카라 / 컬러: 다크블루(바구니포함),"일단 15키로로 부담스럽지 않은 무게인 점 작은 사이즈라서 자전거를 처음 타시는 분들이 안전하게 탈 수 있다는 점이 장점이고요. 단점은 바퀴가 작다보니 오르막길은 그냥 못간다고 보셔야 합니다. 평상시에 걸을 때는 오르막길이라고 느끼지 못할 정도의 오르막길 이여도, 애는 허벅지가 터지고요. 도보에서 오르막길이라고 조금이라도 인지되는 그런 오르막길은 그냥 못갑니다. 무조건 내려서 끌고 가야해요. 페달 돌리다가 무릎 나갑니다 아니 애초에 이 자전거의 권장 신장에 해당하시는 분들은 오르막길에서 페달을 못돌리실겁니다. 저는 참고로 161cm 입니다.",2,1,부정
bany***,2022-04-20T05:24:12.398+00:00,자전거: 01.삼천리 카라 / 컬러: 다크블루(바구니포함),"자전거는 잘도착했습니다 
엉덩이가많이아프네요..
자전거를 잘못타서 그런것같아용
자전거 이뻐요",4,1,부정
xblu*******,2022-04-29T23:15:54.199+00:00,자전거: 01.삼천리 카라 / 컬러: 다크민트(바구니포함),아이가 좋아해요 색깔도 예쁘고 좋네요,5,1,긍정
sieu*****,2022-05-13T07:02:47.955+00:00,자전거: 02.삼천리 메이비20 / 컬러: 라이트핑크(바구니포함),조립완성했어요ㅎ혼자서못해서전문가의손길을빌렸네요ㅎ 설명서에도전문가한테맡기라해서~빨리타고싶네요♡,5,1,부정
lj****,2022-04-13T14:10:31.140+00:00,자전거: 04.삼천리 로시난테 / 컬러: 네이비,"포장엄청꼼꼼해요 접어서와서 보관하기도좋고, 컬러너무예뻐요. 네이비랑 브라운안장이 잘어울림.
택배도이틀만에받고, 얼른타고싶네용",5,1,긍정
di****,2022-05-21T07:57:06.907+00:00,자전거: 04.삼천리 로시난테 / 컬러: 네이비,자전거 예뻐요 살짝 무겁지만 가성비 좋네요,5,1,부정
jjeu****,2022-04-26T01:53:08.688+00:00,자전거: 02.삼천리 메이비20 / 컬러: 민트(바구니포함),"조립하는데 30분 걸린것같아요
색감이뿌고 초딩이3학년 타기 좋네요
성인되서도 탈수있으니 좋아요^^",5,1,부정
lkey****,2022-04-28T03:12:31.010+00:00,자전거: 01.삼천리 카라 / 컬러: 다크민트(바구니포함),"잘받았습니다 
부모님이 좋아하시네요",5,1,부정
lik6***,2022-04-27T07:43:25.671+00:00,자전거: 03.삼천리 화이트라벨 / 컬러: 화이트,배송빠르고 제품도 좋아서 만족합니다,5,2,부정
key5***,2022-04-18T12:28:39.578+00:00,자전거: 01.삼천리 카라 / 컬러: 다크블루(바구니포함),"140센티 여아입니다
안장 조절이나 손잡이 조절
기어 조절 전반적으로 만족합니다
색상은 너무 세련되구 예뻐요
그러나
조금 무거운 감이 있네요ㅠㅠ",5,1,부정
lkey****,2022-04-28T03:11:49.322+00:00,자전거: 03.삼천리 화이트라벨 / 컬러: 블랙,"잘받았습니다
부모님이 좋아하시네요
 ㅎㅎ",5,1,부정
lkey****,2022-05-25T05:05:25.305+00:00,자전거: 01.삼천리 카라 / 컬러: 다크민트(바구니포함),잘쓰고있ㅇ습니다  잘굴러가융,5,1,긍정
nami*****,2022-04-12T15:05:35.119+00:00,자전거: 04.삼천리 로시난테 / 컬러: 네이비,디자인 이쁘고 가격 괜찮음...다만 조립에 대한 설명이 없어서 힘들었고...조립다 했는데...실제 타보니 요즘 자전거가 그런지 뭔가 이상한 느낌이..,4,1,부정
lind***,2022-04-30T01:47:53.553+00:00,자전거: 04.삼천리 로시난테 / 컬러: 네이비,잘타고있어요 성인 타기도좋고 중딩 아들이 타기도좋고 차에도 쏙 좋아요,5,1,부정
euns******,2022-05-03T01:31:15.307+00:00,자전거: 03.삼천리 화이트라벨 / 컬러: 화이트,선물로 사줬는데 매일 매일 잘 타고 다닌다네요 ㅎㅎ,5,1,긍정
john*******,2022-05-17T23:34:15.229+00:00,자전거: 01.삼천리 카라 / 컬러: 다크블루(바구니포함),와이프한테 선물로 사줬는데 예쁘고 편하다고 합니다.,5,1,긍정
zzin****,2022-05-08T15:28:44.757+00:00,자전거: 01.삼천리 카라 / 컬러: 다크블루(바구니포함),엄마가 혼자 자전거타는걸 습득하셔서 이제 잘 타고다니십니다. 자전거도 예쁘고 좋네요,5,1,긍정
pica****,2022-05-22T04:59:51.351+00:00,자전거: 01.삼천리 카라 / 컬러: 다크블루(바구니포함),"9살 아이가 배우는단계에
딱 좋은 크기입니다~",5,1,긍정
mhle****,2022-04-14T02:24:09.104+00:00,자전거: 01.삼천리 카라 / 컬러: 다크블루(바구니포함),"딸아이껄로 삿는데 도착하자 조립마무리 오늘부터 룰루랄라 안전하게 타고다닙니다
색상이 너무 고급스럽게 나왔어요
삼천리꺼라 두말하면 잔소리♡",5,1,긍정
jski*****,2022-05-05T16:12:46.956+00:00,자전거: 01.삼천리 카라 / 컬러: 다크블루(바구니포함),자전거타고운동 다냐요~!,5,1,부정
tlaw********,2022-03-29T08:21:20.364+00:00,자전거: 04.삼천리 로시난테 / 컬러: 네이비,"조립이 어려울만한 것이 있었으나 잘 넘어갔고
험한길 안 다닌다면 가성비 좋은 제품이네요
동네 마실용으로 아주 좋아요",5,1,긍정
aa01****,2022-05-11T07:39:05.326+00:00,자전거: 01.삼천리 카라 / 컬러: 다크블루(바구니포함),디자인도 괜찮아요 울아들이 너무 맘에들어합니다 잘 탈게요 ~,5,1,부정
kort*******,2022-04-14T08:04:10.779+00:00,자전거: 04.삼천리 로시난테 / 컬러: 네이비,"일단 디자인이 이쁩니다.
작은 인치바퀴인데도 생각보다 잘 굴러가네요
브레이크 잡소리도 없고",5,1,부정
tjal******,2022-04-20T12:50:24.098+00:00,자전거: 04.삼천리 로시난테 / 컬러: 네이비,적당한 가격에 삼천리라니 만족스럽습니다 조립도 쉽고 아직 안타봤지만 벌써 기분이 좋아요,5,1,긍정
davi***,2022-05-16T11:56:17.711+00:00,자전거: 01.삼천리 카라 / 컬러: 다크블루(바구니포함),잘 도착했습니다. 조립도 쉽네요...,4,1,부정
alsw*****,2022-04-12T11:28:21.125+00:00,자전거: 03.삼천리 화이트라벨 / 컬러: 화이트,"부모님이 놀러가서 자전거 타며 구경하고 싶다고 해서 구매했어요!!
가격대비 좋은 것 같습니다!!!",5,1,긍정
moon***,2022-04-14T04:29:42.669+00:00,자전거: 02.삼천리 메이비20 / 컬러: 민트(바구니포함),"인터넷으로 처음 자전거를 구매하였는데, 저렴하고 너무 만족스럽네요. 감사합니다.",5,1,긍정
happ*******,2022-03-13T14:56:55.418+00:00,자전거: 01.삼천리 카라 / 컬러: 다크민트(바구니포함),조립은 남편이 해줘서 뚝딱 만들어서 탔습니다. 쉽다고 하는데 저는 자전거도 처음 다뤄보고 만약 혼자였으면 조립 하지 못할뻔했네요;; 인생처음 자전거인데 보조바퀴달아야되나 고민했지만 하루정도 연습하니 금방 타더라구요. 속력도 낼 정도로~~ 초보가 타기에 딱 좋아요ㅋㅋ 저는 162에 55입니다.ㅋㅋ 오프라인보다 저렴하게 잘 산거같아요. 친절하시고 만족합니다^^ 앞으로 여기저기 자전거 타고 다녀볼려구요~~ 넘 재밌습니다!!,5,1,부정
pret******,2022-05-13T08:41:31.658+00:00,자전거: 03.삼천리 화이트라벨 / 컬러: 화이트,다 좋은데 안장이 너무 아파서 삼천리 매장가서 다른 안장으로 교체했어요,4,1,긍정
nsj7***,2022-05-17T11:07:03.189+00:00,자전거: 01.삼천리 카라 / 컬러: 다크블루(바구니포함),이번이 두번째 구매인데 만족합니다,5,1,부정
wban***,2022-04-12T13:01:45.220+00:00,자전거: 03.삼천리 화이트라벨 / 컬러: 화이트,파손없는 빠른 배송 감사합니다!! 화이트라벨 실물이 더 예뻐요.,5,1,부정
l248****,2022-04-13T09:28:21.134+00:00,자전거: 03.삼천리 화이트라벨 / 컬러: 화이트,흠잡을게 없이 왔네요 와이프가 처음 자전거 배워보려는데 안장이 좀 아픈거 빼곤 맘에 들어하네요,5,1,긍정
byan***,2022-05-15T03:12:22.658+00:00,자전거: 01.삼천리 카라 / 컬러: 다크블루(바구니포함),조금 무거운 감이 있지만 접기편 하고 만족합니다.,4,1,부정
vinc*****,2022-05-05T07:47:17.167+00:00,자전거: 01.삼천리 카라 / 컬러: 다크블루(바구니포함),보조바퀴달땐 힘들었는데 조립후 세명이서 돌아가며 잘타고 있어요. 조만간 한대 더 구입해야할거 같아요.,5,1,부정
kyc3***,2022-05-01T08:32:49.830+00:00,자전거: 01.삼천리 카라 / 컬러: 다크블루(바구니포함),자전거 2대 사서 잘 조립했어요.,5,1,부정
lemi****,2022-05-18T05:53:49.421+00:00,자전거: 04.삼천리 로시난테 / 컬러: 네이비,"굿굿굿..
가성비 좋습니다.",5,1,긍정
youc***,2022-05-16T04:45:34.599+00:00,자전거: 01.삼천리 카라 / 컬러: 다크블루(바구니포함),매뉴얼을 조금더 폭 넓게 자세하게 해주기 바랍니다,3,1,부정
kyc3***,2022-05-01T08:34:33.148+00:00,자전거: 02.삼천리 메이비20 / 컬러: 민트(바구니포함),자전거 조립 잘 했어요.,5,1,긍정
jind***,2022-05-08T12:59:17.024+00:00,자전거: 04.삼천리 로시난테 / 컬러: 네이비,"조립은 좀 어렵더라구요 
하지만 시간이 걸리지 조립은 했습니다조립설명서가 자세히 동봉되면 좋겠습니다",5,1,긍정
voic*****,2022-04-13T21:50:31.388+00:00,자전거: 01.삼천리 카라 / 컬러: 다크민트(바구니포함),조립은 남편이 뚝딱 했어요~  아이가 너무 좋아합니다. 아이랑 주말에 타러 나가야겠어요.,5,1,부정
mins******,2022-04-28T09:09:24.249+00:00,자전거: 03.삼천리 화이트라벨 / 컬러: 화이트,싸이즈 너무 좋고 만족합니다,5,1,긍정
hj70***,2022-04-17T08:20:40.216+00:00,자전거: 01.삼천리 카라 / 컬러: 다크블루(바구니포함),내가 못하는건가 싶었는데 따릉이보다 속도가 안나네요 똑같은 속도를 내려면 발을 2배로 더 굴려야해요 기어도 조정하고 해봐도 똑같습니다.. 자전거 볼줄도 몰라서 불량인지 아닌지도 모르겠고 이왕 샀으니 쓰고있긴한데 재구매 의사는 없어요,2,1,긍정
lts6***,2022-04-28T01:37:05.026+00:00,자전거: 02.삼천리 메이비20 / 컬러: 라이트핑크(바구니포함),좋아요~ 딸이 좋아하네요^^,5,1,부정
yure****,2022-04-11T03:28:00.806+00:00,자전거: 01.삼천리 카라 / 컬러: 다크블루(바구니포함),동네 주변 가볍게 타기 좋아요. 색상도 이쁘구요. 맘에 듭니다.,5,1,부정
minu****,2022-04-23T07:55:47.117+00:00,자전거: 01.삼천리 카라 / 컬러: 다크블루(바구니포함),운동 위해샀어요  너무 맘에들어요,5,1,부정
yosh******,2022-03-23T07:17:25.432+00:00,자전거: 01.삼천리 카라 / 컬러: 다크블루(바구니포함),"티티카*자전거보다 (가격도 비싼데 칠도 덕지덕지 벗겨지고 )배송포장상태가 정말 굿!!
여자혼자 조립가능입니다.
온라인 자전거 구매 합리적인 가격에 너무 좋네요.
딸아이가 너무 좋아할것 같아요",5,1,긍정
pb****,2022-04-12T20:04:55.572+00:00,자전거: 03.삼천리 화이트라벨 / 컬러: 블랙,조립은 거의 되서 배송되며 핸들과 안장만 조립하시면 되는데 핸들조립시 설명서 읽어보시고 조립하세요!,5,1,긍정
alsd****,2022-04-28T07:44:58.708+00:00,자전거: 01.삼천리 카라 / 컬러: 다크블루(바구니포함),편하게 아주 잘타고 있어요ㅎ,5,1,긍정
wef7***,2022-05-13T02:05:34.097+00:00,자전거: 01.삼천리 카라 / 컬러: 다크민트(바구니포함),우리딸이 좋아해요 맘에들어요,5,1,긍정
chuc*****,2022-05-07T02:04:55.778+00:00,자전거: 01.삼천리 카라 / 컬러: 다크블루(바구니포함),"적당히 좋아요 
130 초1 아들 탔구요 
자전거샵가서 보조바퀴달고 점검받고 탔어요",5,1,긍정
youn********,2022-03-22T09:00:34.788+00:00,자전거: 02.삼천리 메이비20 / 컬러: 민트(바구니포함),일단 배송은 이렇게 오구요 아직 조립전이지만 색상이 너무예쁘구요 아이들이 너무 좋아합니다 얼른 조립해서 데리고 나가야겠어요ㅎ,5,1,긍정
lind***,2022-04-05T06:10:00.525+00:00,자전거: 03.삼천리 화이트라벨 / 컬러: 화이트,"잘받았습니다.
이쁘고 좋아요~^^
나중에 아들것도 또 구매하러올께요~^^",5,1,긍정
sjdo****,2022-03-28T06:47:59.254+00:00,자전거: 01.삼천리 카라 / 컬러: 다크블루(바구니포함),12시 조금 넘겨서 주문했는데도 당일배송 시작됐고 바로 다음날 받았습니다. 엄청 꼼꼼히 케이블타이와 보호를 위한 박스지가 감겨있어서 별 상처없이 들어있네요. 비교적 저렴한 가격이지만 조립에 별 어려움 없었고 아내도 좋아합니다.,5,1,긍정
slay*******,2022-03-23T03:39:22.876+00:00,자전거: 01.삼천리 카라 / 컬러: 다크블루(바구니포함),"인터넷으로 산 자전거 치고 너무 만족스러워요!! 진짜 가성비 갑입니다. 망설이는 중이라면 꼭 사세요. 고민은 배송만 늦출뿐입니다.
다만 바구니 고정시키는 찍찍이가 너무 짧아서 주행중에 잘 빠집니다. 길이가 2센티만 더 길어도 좋을거 같아요.  저는 집에 찍찍이가 있어서 그걸로 고정시켰어요.",5,1,긍정
gusf***,2022-04-27T11:11:12.948+00:00,자전거: 02.삼천리 메이비20 / 컬러: 민트(바구니포함),아이아주 잘타고있어요~,5,1,부정
myst***,2022-04-25T04:56:39.774+00:00,자전거: 04.삼천리 로시난테 / 컬러: 네이비,"조립산태가 엉망이라서 샵에 싣교가서 25,000원 주고 재조립..이럴거면 차라리 삼천리 샵에으로 배송할겅 그랬네요..소비자 우롱하지 마세요. 금방 뽀록납니다.",1,1,긍정
yoo7***,2022-05-13T03:04:58.203+00:00,자전거: 01.삼천리 카라 / 컬러: 다크블루(바구니포함),배송 빠르고 상품도 좋아요.,5,1,부정
youn********,2022-03-22T08:56:38.732+00:00,자전거: 02.삼천리 메이비20 / 컬러: 라이트핑크(바구니포함),"일단 상품은 이렇게 배송이 됩니다.
조립전이라 아직 착샷은 없구요 기대가 되네요^^
아이들이 너무 좋아합니다",5,1,부정
lees*****,2022-04-20T07:33:02.581+00:00,자전거: 04.삼천리 로시난테 / 컬러: 네이비,색감 완벽합니다 한대 더 사고싶습니다 강추띠,5,1,긍정
wef7***,2022-05-13T02:05:51.407+00:00,자전거: 03.삼천리 화이트라벨 / 컬러: 블랙,우리가족 첫번째 자전거로 만족,5,1,부정
jim0***,2022-03-13T01:16:31.384+00:00,자전거: 04.삼천리 로시난테 / 컬러: 네이비,"95%조립한 상태에서 오긴하지만 자전거 조립 처음인 사람에겐 나머지 조립과정이 쉽지만은 않네요
앞쪽 핸들부분 육각너트로 꽉 안 조이면 위험하더라규요.. 그래도 자전거는 잘 나갑니다. 아쉬운 점은 안장이랑 핸들 거리가 좀 먼거같긴해요. 
자전거가 비교적 조그맣고 접이도 되는 건 좋아요. 잘 타겠습니다~",4,1,긍정
cafe*****,2022-04-23T08:34:40.745+00:00,자전거: 03.삼천리 화이트라벨 / 컬러: 블랙,제품좋고 사용하기 편해요,5,1,긍정
scmj****,2022-04-22T05:17:49.556+00:00,자전거: 01.삼천리 카라 / 컬러: 다크블루(바구니포함),조립도 쉽고 이뻐요,5,1,부정
ni****,2022-04-23T00:50:11.919+00:00,자전거: 01.삼천리 카라 / 컬러: 다크블루(바구니포함),9살 우리애기가 참좋아합니다,4,1,긍정
real********,2022-04-25T05:43:44.384+00:00,자전거: 01.삼천리 카라 / 컬러: 다크민트(바구니포함),아들이 둘이라 또 구매했네요. 만족합니다. 보조바퀴 장착도 쉽고 애들 타기에 정말 좋은거 같네요.,5,1,부정
ceza***,2022-04-21T00:40:49.859+00:00,자전거: 01.삼천리 카라 / 컬러: 다크블루(바구니포함),좋은 제품 빠른배송에 감사드립니다.,5,1,긍정
wef7***,2022-05-13T02:05:07.832+00:00,자전거: 03.삼천리 화이트라벨 / 컬러: 화이트,이쁘네요 만족합니다,5,1,긍정
ho****,2022-04-12T02:27:44.562+00:00,자전거: 04.삼천리 로시난테 / 컬러: 네이비,"선물용으로 구매!!!
조립하는 게 다소 번거로움ㅜㅜ
그외 만족합니다!!",5,1,긍정
tjsa******,2022-05-09T14:04:26.602+00:00,자전거: 01.삼천리 카라 / 컬러: 다크민트(바구니포함),선물했는데 아주마음에들어하네요,5,1,긍정
nani****,2022-04-07T00:23:36.974+00:00,자전거: 01.삼천리 카라 / 컬러: 다크블루(바구니포함),"괜찮긴 한데 쇼바가 조금 휘었어요
가격대비 탈만해요",4,1,긍정
bd****,2022-04-12T14:55:19.180+00:00,자전거: 03.삼천리 화이트라벨 / 컬러: 화이트,가성비 조아염~  조립하고 개시했는데 공영자전거 스펙이상은 나와염ㅋ,5,1,긍정
nolj*****,2022-05-07T13:38:43.659+00:00,자전거: 01.삼천리 카라 / 컬러: 다크블루(바구니포함),자전거가 생각보다 조금 무겁긴한데... 잘산거같아요ㅎ,5,1,긍정
drea*****,2022-05-13T01:36:19.307+00:00,자전거: 01.삼천리 카라 / 컬러: 다크블루(바구니포함),잘사용하고있습니다.,5,1,긍정
kort*******,2022-05-09T02:21:34.233+00:00,자전거: 01.삼천리 카라 / 컬러: 다크민트(바구니포함),브레이크 잡소리 없고 튼튼해보여요,5,1,긍정
aoiy****,2022-05-07T14:21:12.947+00:00,자전거: 04.삼천리 로시난테 / 컬러: 네이비,가성비좋은데 오래타면 꼬리뼈가 넘아파용 ㅠ,5,1,긍정
yble*****,2022-05-07T00:36:07.732+00:00,자전거: 01.삼천리 카라 / 컬러: 다크블루(바구니포함),아이 사줬는데 너무 젛아해요 추천합니다,4,1,긍정
lami*******,2022-03-03T03:28:03.983+00:00,자전거: 01.삼천리 카라 / 컬러: 다크민트(바구니포함),"구매이유: 자전거 타고 싶어하시는 엄마 생신선물

구매방법:  리뷰많은 순

구매방식: 여자라 자전거 안장 젤리 추가

일자형 핸들은 엄마가 사용하시기에 비추하여서 여성용,아동용 자전거를 보러 하이에나처럼 검색하고 다녔드랬죠. 쿠팡, 옥션 모두 이가격이 최저가라네요. 8000짜리 젤리 안장 추가했습니다. 동영상은 미니벨로 조립파일 선물로 드립니다ㅋㅋ좋은 하루 되세욤",5,1,긍정
smal*******,2022-04-17T14:37:53.950+00:00,자전거: 04.삼천리 로시난테 / 컬러: 네이비,조립하기 개빡셈 바구니 좀 이상함,2,1,부정
ghjk****,2022-04-07T14:44:37.482+00:00,자전거: 01.삼천리 카라 / 컬러: 다크블루(바구니포함),좀 작긴한데 출 퇴근용 으로는 딱이에요!!! 안장 골반 높이 정도로 맞추고 핸들은 안장보다 살짝 아래로  맞추고 타니까 자세가 제일 편하더라구요!! 안장 엉덩이 베기는건 어쩔수없는거 같아요ㅠㅠㅠ핸들이랑 안장 사이 거리가 좀 좁긴한데 감안하고 탈만합니다!!,5,1,긍정
luck*****,2022-05-09T17:45:59.864+00:00,자전거: 01.삼천리 카라 / 컬러: 다크민트(바구니포함),좋아요 잘쓰겠습니다,5,1,부정
vict*****,2022-04-24T09:48:49.933+00:00,자전거: 02.삼천리 메이비20 / 컬러: 민트(바구니포함),조립도 쉽고 애가 좋아하네요 그런데 여자인 제가 들기는 역시 좀 무겁네요,4,1,부정
ghdt**********,2022-05-04T01:48:49.963+00:00,자전거: 01.삼천리 카라 / 컬러: 다크블루(바구니포함),자전거 조립도 금방했고 잘 타고 다니고 있습니다,5,1,긍정
king******,2022-05-05T02:00:01.731+00:00,자전거: 03.삼천리 화이트라벨 / 컬러: 블랙,아주 좋습니다 바퀴가 작아 힘들긴 합니다,5,1,긍정
smc4***,2022-04-14T07:03:56.971+00:00,자전거: 03.삼천리 화이트라벨 / 컬러: 화이트,총알배송 받자마자 조립완료.,5,1,부정
goan****,2022-05-07T02:11:50.369+00:00,자전거: 01.삼천리 카라 / 컬러: 다크블루(바구니포함),오르막길 다소 힘들어요. 깔끔,4,1,부정
kiki****,2022-05-06T01:19:07.563+00:00,자전거: 01.삼천리 카라 / 컬러: 다크블루(바구니포함),어머님이 아주 만족해 하셨습니다.,5,1,부정
cher******,2022-04-06T13:16:42.928+00:00,자전거: 01.삼천리 카라 / 컬러: 다크블루(바구니포함),아이랑같이탈꺼에요 너무좋습니다,5,1,긍정
nacy***,2022-04-06T22:34:12.499+00:00,자전거: 03.삼천리 화이트라벨 / 컬러: 화이트,아이들 선물로 샀어요. 잘타겠습니다,5,2,부정
nacy***,2022-04-06T22:33:37.444+00:00,자전거: 03.삼천리 화이트라벨 / 컬러: 블랙,아이들 선물로 샀어요. 잘타겠습니다,5,1,긍정
caty****,2022-03-11T15:46:30.921+00:00,자전거: 04.삼천리 로시난테 / 컬러: 네이비,"어후 오래걸렸어요 남편이랑 같이 타려고 주문했는데ㅎ제 키긴 157 인데 꼰지발 서야 닿아요ㅋㅋ운전이 살짝 어렵네요
해당 제품 조립 영상이나 설명서가 없어서 고생했어요 어찌어찌 조립했는데 체인이 살짝 풀리는 느낌, 핸들 자꾸 내려가서 결국 삼천리 샵 다녀와야할 듯",3,1,긍정
samn*****,2022-05-02T02:54:57.874+00:00,자전거: 03.삼천리 화이트라벨 / 컬러: 화이트,빠른 배송에 제품도 너무 만족합니다.,5,1,긍정
an****,2022-04-09T03:00:31.862+00:00,자전거: 01.삼천리 카라 / 컬러: 다크블루(바구니포함),"출퇴근용으로 딱 좋은거 겉아요
바구니는 조금더 컸으면 좋겠습니다",4,1,부정
euns******,2022-03-30T04:31:03.560+00:00,자전거: 03.삼천리 화이트라벨 / 컬러: 화이트,선물용으로 샀습니다 ㅎㅎ 조립도 간편하고 만족합니다!,5,1,긍정
nonv***,2022-04-13T03:45:54.293+00:00,자전거: 04.삼천리 로시난테 / 컬러: 네이비,조립쉽고 품질 괜찮습니다.,5,1,부정
my****,2022-04-20T23:16:17.770+00:00,자전거: 01.삼천리 카라 / 컬러: 다크블루(바구니포함),접이식이 처음이라 처음에는 좀 어려웠지만 익숙해지면 괜찮을 것 같네요! 키가 156인데 타기 딱 적당합니다~!,5,1,부정
ssee******,2022-04-09T08:27:18.079+00:00,자전거: 01.삼천리 카라 / 컬러: 다크블루(바구니포함),"저한테 딱이에요
튼튼하고 만족스럽습니다",5,1,부정
or****,2022-04-04T13:08:23.494+00:00,자전거: 04.삼천리 로시난테 / 컬러: 네이비,성인이 타기에 부담없고 좋네요. 조립도 쉬워요,5,1,긍정
jump****,2022-04-09T02:42:28.325+00:00,자전거: 01.삼천리 카라 / 컬러: 다크블루(바구니포함),"문제있는부분도 바로 해결해주시고 좋았어요
자전거도 졸귀예용 ㅋㅡㅋ",5,1,긍정
youn********,2022-04-22T22:36:22.262+00:00,자전거: 03.삼천리 화이트라벨 / 컬러: 블랙,"7세아이가 타기는 좀 크네요 초등학생이 맞을거같습니다
깔끙합니다",4,1,부정
afri******,2022-03-11T14:46:46.906+00:00,자전거: 01.삼천리 카라 / 컬러: 다크블루(바구니포함),배송 엄청 빠르네요~~ 아빠가 바쁜 관계로 받고 3일이지나서야 조립했네요 ㅜㅜ 어려운건 아닌데 잘모르니 조심스럽게 조립시작~ㅎㅎ 보호비닐이랑 종이뜯는 시간 포함 15분 안걸려 조립 완성됩니다^^ 타이어 바람도 빵빵하고 내일 놀이터에서 바로 탈 수 있을것 같아요~,5,1,긍정
jc****,2022-03-26T22:51:54.397+00:00,자전거: 01.삼천리 카라 / 컬러: 다크블루(바구니포함),"배송도 빠르고 꼼꼼히 잘 조립되어 왔네요.
생각보단 무게감이 있으나 동네 나드리용으로는 괜찮을거 같아요",5,1,부정
ksu9*****,2022-03-26T02:29:05.701+00:00,자전거: 01.삼천리 카라 / 컬러: 다크블루(바구니포함),"싸고 접히고 삼천리라서 샀어요~ 
살랑살랑 타긴 좋아요!! 
속도내기엔 페달 많이 돌려야하니 하이브리드형으로 구매추천해요!",4,1,부정
jjyo*****,2022-04-07T12:40:26.848+00:00,자전거: 03.삼천리 화이트라벨 / 컬러: 블랙,잘산거 같아요. 열심히 타고다녀야지,5,1,긍정
jjyo*****,2022-04-07T12:39:14.025+00:00,자전거: 04.삼천리 로시난테 / 컬러: 네이비,잘산거 같네요. 열심히 타고 다녀야지,5,1,부정
smc4***,2022-04-14T07:03:17.420+00:00,자전거: 01.삼천리 카라 / 컬러: 다크민트(바구니포함),배송이 총알배송이네요.,5,1,긍정
bbb0****,2022-04-14T16:07:54.448+00:00,자전거: 01.삼천리 카라 / 컬러: 다크민트(바구니포함),잘타고 있습니다. 좋네요,5,1,부정
chan*****,2022-05-04T00:49:46.293+00:00,자전거: 01.삼천리 카라 / 컬러: 다크블루(바구니포함),굿잡쓰 만족쓰합니다요오옹ㅋ,5,1,부정
iris****,2022-03-09T00:41:47.216+00:00,자전거: 01.삼천리 카라 / 컬러: 다크블루(바구니포함),아직 많이 타보지는 못했는데 괜찮은 것 같아요. 자전거 배우려고 산건데 바퀴 크기가 작아서 160cm 키에 적당히 괜찮은 것 같습니다. 좀 아쉬운 점은 원래 자전거가 이렇게 무거운건지 무거운 감이 있어요. 그래도 예쁘고 마음에 듭니다.,4,1,긍정
golc******,2022-04-10T03:15:56.035+00:00,자전거: 01.삼천리 카라 / 컬러: 다크블루(바구니포함),출퇴근시 주차장에서 거리가  멀어 불편했는데  접이식 자전거 구매 후 편해졌어요 승용차에 편리하게  싣고 다니거든요,4,1,긍정
jinh******,2022-05-03T14:32:12.928+00:00,자전거: 01.삼천리 카라 / 컬러: 다크블루(바구니포함),배송도 빠르고  좋네요,5,1,부정
time********,2022-04-07T22:50:31.704+00:00,자전거: 01.삼천리 카라 / 컬러: 다크민트(바구니포함),배송도 빠르고 원하던 제품 입니다.,5,1,부정
re11****,2022-03-22T03:51:25.388+00:00,자전거: 01.삼천리 카라 / 컬러: 다크블루(바구니포함),튼튼하고 잘 나가요~ 다만 앞에 바구니 찍찍이 길이가 좀 짧은 게 아쉽네요 바구니도 약간 찢어져서 왔는데 큰 이상은 없어 사용해요~,5,1,긍정
jd****,2022-05-02T09:47:25.659+00:00,자전거: 01.삼천리 카라 / 컬러: 다크블루(바구니포함),잘받았습니다.이상없네요,5,1,긍정
haha***,2022-03-22T02:09:06.913+00:00,자전거: 04.삼천리 로시난테 / 컬러: 네이비,"엉덩이는 아프지만, 가격대비 만족입니다! 조립도 간단하고 날씨 풀리면 차에 실어서 여행 갈 생각입니다.",4,1,부정
jsb1***,2022-04-22T13:00:57.655+00:00,자전거: 01.삼천리 카라 / 컬러: 다크블루(바구니포함),"아이들이 너무 좋아하네요~
둘째도 사줘야 겠어요^^",5,1,부정
nike***,2022-04-28T02:18:00.931+00:00,자전거: 01.삼천리 카라 / 컬러: 다크블루(바구니포함),삼천리 자전거 가성비ㆍ가심비 모두 흡족,5,1,부정
anna***,2022-03-29T22:10:32.471+00:00,자전거: 01.삼천리 카라 / 컬러: 다크블루(바구니포함),자전거 필요해서 샀네요^^ 제가 동네에서 타려구요~ 자전거 20년만에?! 타니 어색하네요ㅋ,5,1,부정
jski*****,2022-03-30T06:00:34.309+00:00,자전거: 01.삼천리 카라 / 컬러: 다크블루(바구니포함),배송이 빨랐어요 사용법은 동영상 있음 조캣어요,4,1,긍정
jjyo*****,2022-04-07T12:39:52.257+00:00,자전거: 03.삼천리 화이트라벨 / 컬러: 화이트,잘산거 같아요 열심히 타고 다녀야지,5,1,긍정
k950****,2022-04-12T12:27:15.915+00:00,자전거: 01.삼천리 카라 / 컬러: 다크블루(바구니포함),자전거 모르는 사람이라 그런지 조립이 생각보다 어려워요~~ 하지만 아이들이 잘 타고 다닐 자전거 가대하고 있어요,4,1,부정
bigs********,2022-03-13T11:19:09.712+00:00,자전거: 02.삼천리 메이비20 / 컬러: 민트(바구니포함),자전거가 이뿌고 튼튼하고 좋습니다. 아이가 타기에도 좋습니다.,5,1,긍정
tigl******,2022-03-20T10:33:43.884+00:00,자전거: 01.삼천리 카라 / 컬러: 다크블루(바구니포함),"예뻐여 
근데 혼자 조립하다가 암것도 몰라서 화딱지가 났네용
그래서 친척오빠 불렀습니다ㅎㅎㅎ
어쨌든 잘 나가요!",5,1,긍정
csko*****,2022-03-21T04:05:00.296+00:00,자전거: 02.삼천리 메이비20 / 컬러: 라이트핑크(바구니포함),"좋은 제품 잘 받았습니다. 전화 대응도 잘 해주시고 감사합니다.
제품 포장도 꼼꼼하게 잘 해주시고 빠른 배송에 너무 만족합니다.
다른 분들에게도 자전거 구매하신다면 꼭 추천 드립니다.
반드시 만족 하실 겁니다. 
조만간 또 주문 드릴 거 같네요.
감사합니다.",5,1,긍정
jnst***,2022-04-30T00:33:20.121+00:00,자전거: 01.삼천리 카라 / 컬러: 다크민트(바구니포함),사진보다 더 이쁘네요.,5,1,긍정
hjy9*****,2022-03-22T13:38:33.487+00:00,자전거: 03.삼천리 화이트라벨 / 컬러: 화이트,다 좋은데 바퀴에 바람만 더 빵빵했으면 좋겠어요! 디자인은 맘에듭니다 ㅋㅋ,4,1,부정
tjdd*****,2022-03-07T07:11:06.781+00:00,자전거: 01.삼천리 카라 / 컬러: 다크블루(바구니포함),사진보다 실물이 훨씬 이쁘고 가격대비 가성지 좋습니다,5,1,긍정
haya*****,2022-03-25T04:57:07.908+00:00,자전거: 01.삼천리 카라 / 컬러: 다크블루(바구니포함),"배송도 빠르고 가성비 좋네요!
초등 5학년 딸~와이프 싸이즈에 맞아요",5,1,부정
jurb***,2022-03-29T10:06:59.392+00:00,자전거: 01.삼천리 카라 / 컬러: 다크블루(바구니포함),너무 예뻐요 잘 타겠습니다 빠른배송 감사,5,1,부정
whda***,2022-05-17T14:31:09.971+00:00,자전거: 01.삼천리 카라 / 컬러: 다크블루(바구니포함),너무너무너무만족합니다,5,1,긍정
tlst******,2022-04-19T04:01:55.116+00:00,자전거: 01.삼천리 카라 / 컬러: 다크블루(바구니포함),"탈만해여
안장높이조절이잘되어서
여자도 쉽게 조립해서 탈수있어요",5,1,부정
wind******,2022-03-24T13:48:20.581+00:00,자전거: 01.삼천리 카라 / 컬러: 다크민트(바구니포함),배송이 빠르고 포장이 꼼꼼했어요,4,1,부정
duom***,2022-04-23T09:17:31.453+00:00,자전거: 01.삼천리 카라 / 컬러: 다크블루(바구니포함),아이가 좋아하는데 탈시간이 없네요,5,1,부정
kma7***,2022-03-25T02:42:51.180+00:00,자전거: 01.삼천리 카라 / 컬러: 다크블루(바구니포함),"배송이 정말 빠르네요
초2에게는 조금 큰거 같아요",5,1,부정
bm****,2022-03-11T02:50:22.666+00:00,자전거: 03.삼천리 화이트라벨 / 컬러: 블랙,무난해요~ 크기가 작아서 집 현관쪽에 세워 놓을 수 있네요 ㅎ 타다가 비오거나 눈 오면 자전거 접은 채로 버스 탈려고 했는데 그래도 크기와 무게가 있어서 쉽지는 않을 듯 해요 ㅜ,5,1,긍정
alsd****,2022-03-28T02:31:55.077+00:00,자전거: 01.삼천리 카라 / 컬러: 다크블루(바구니포함),조립할때 쪼끔 어려웠지만 자전거는 매우 만족이랍니다~^^,5,1,부정
rlaw*********,2022-03-04T07:16:45.585+00:00,자전거: 01.삼천리 카라 / 컬러: 다크블루(바구니포함),승차감 좋아요! 자전거가게 갈 필요없었구요. 근데 초반에 탈 때 안장을 고정했는데도자꾸 내려가더라구요? 왜 그랬는지는 모르겠는데 그냥 무시하고 계속 탔더니 이제는 괜찮아졌어요. 다른분들 리뷰 보면 안장 때문에 허리아프다고들 하시던데 전 잘 모르겠습니다. 좋아용,5,1,긍정
rkfl*******,2022-04-21T04:11:00.437+00:00,자전거: 04.삼천리 로시난테 / 컬러: 네이비,좋아요 재구매 예정,5,1,부정
alan****,2022-03-13T05:10:58.135+00:00,자전거: 01.삼천리 카라 / 컬러: 다크블루(바구니포함),"주문하고 다음날 받았습니다.
핸들과 안장만 설치하면 되는데 설명서가 따로없어 유투브 보며 조립했습니다.
조립후 동네 자전거매장가서 조율했습니다",4,1,긍정
lik6***,2022-04-19T08:41:42.510+00:00,자전거: 03.삼천리 화이트라벨 / 컬러: 블랙,배송빠르고 제품도 좋아서 만족합니다,5,1,부정
vite*****,2022-02-26T05:53:02.414+00:00,자전거: 01.삼천리 카라 / 컬러: 다크블루(바구니포함),"고민 끝에 샀는데 너무 예쁘고 만족스러워요
조립이 힘들었는데 아빠가 도와주지 않았으면 아직 완성 못했을 거 같아요 근데 그만큼 튼튼하고 안전한거라고 생각됩니다 힘만 충분하다면 조립은 간단합니다
제 첫 자전거 너무 만족합니다!!",5,1,부정
duom***,2022-03-19T00:51:56.333+00:00,자전거: 01.삼천리 카라 / 컬러: 다크블루(바구니포함),"조립은 아이도 할 정도네요
세련되 보이고 좋아요
좀 더 가벼웠의면 더 좋았을 것 같아요",5,1,부정
gaoo****,2022-04-07T03:52:56.143+00:00,자전거: 01.삼천리 카라 / 컬러: 다크블루(바구니포함),조립도 쉽고 픔질도 맘에 들었습니다. 어제 덕분에 세가족 자전거 나들이 했어요~,5,1,긍정
jae0****,2022-04-22T00:29:47.103+00:00,자전거: 03.삼천리 화이트라벨 / 컬러: 블랙,디자인이 마음에듭니다.,4,1,부정
navy***,2022-03-26T02:31:53.665+00:00,자전거: 01.삼천리 카라 / 컬러: 다크블루(바구니포함),와이프 선물로 샀는데 맘에 들어 하네요,5,1,부정
lhjg****,2022-03-19T01:32:11.003+00:00,자전거: 01.삼천리 카라 / 컬러: 다크블루(바구니포함),"초3 아이에게 약간 크긴 한데 좋아합니다.
조립이 살짝 복잡하긴 한데 할만 하고,
전반적으로 만족합니다.",5,1,부정
qo****,2022-03-16T05:11:52.079+00:00,자전거: 01.삼천리 카라 / 컬러: 다크블루(바구니포함),배송 2일만에왔어요 너무빠르고좋네요~ 성인 여자가 탈거여서 주문했구~ 15kg여서 무게는 꽤나가지만 유용하게 잘 탈수있을꺼같아요~,5,1,긍정
squa*****,2022-04-17T06:59:36.411+00:00,자전거: 01.삼천리 카라 / 컬러: 다크블루(바구니포함),배송빠르고 제품도 좋아요,5,1,부정
goo1***,2022-03-08T03:48:38.431+00:00,자전거: 01.삼천리 카라 / 컬러: 다크블루(바구니포함),"설명서가 자세하면 좋겠어여ㅠ 조립하느라 살짝 애먹었어요
키 157인 20대 여자가 타기 매우 좋습니다
출퇴근 거리가 걸어서 30분이어서 자전거를 샀는데
자전거 타고가니 10분컷입니다 곧 봄이니 매일매일 주말에도 탈 예정이에요",5,1,부정
cnwk*****,2022-03-19T08:58:25.199+00:00,자전거: 01.삼천리 카라 / 컬러: 다크블루(바구니포함),"배송도 빠르고 조립도 쉽네요
초등2학년과 엄마랑 타려고 샀는데 사이즈도 적당하니 좋네요",5,1,부정
tosi******,2022-04-23T14:53:44.871+00:00,자전거: 01.삼천리 카라 / 컬러: 다크블루(바구니포함),잘받았습니다잘받았습니다,4,2,긍정
ssun*****,2022-04-14T10:32:14.325+00:00,자전거: 01.삼천리 카라 / 컬러: 다크블루(바구니포함),빠른배송 모두 감사드립니다,5,1,긍정
john*******,2022-04-16T06:51:20.913+00:00,자전거: 01.삼천리 카라 / 컬러: 다크블루(바구니포함),와이프가 좋아합니다 감사합니다,5,1,부정
tjda*****,2022-03-27T10:51:09.672+00:00,자전거: 03.삼천리 화이트라벨 / 컬러: 블랙,배송도 잘 되었고 요즘 잘 타고 있습니다!,5,1,긍정
spee***,2022-04-11T03:22:15.129+00:00,자전거: 01.삼천리 카라 / 컬러: 다크블루(바구니포함),좋아요~~사이즈 아담하고,5,1,긍정
snf0****,2022-03-08T19:21:15.070+00:00,자전거: 01.삼천리 카라 / 컬러: 다크블루(바구니포함),"배송도 빠르고 자전거도 넘 예뻐요~~
제 키가 150대라 높은 자전거 타면 발이 땅에 안닿길래 무서워서 낮은걸로 샀는데 제 키에 딱 맞고 좋아요~!!^^",5,1,부정
jwsl****,2022-04-18T07:16:05.558+00:00,자전거: 02.삼천리 메이비20 / 컬러: 민트(바구니포함),자전거가 안정적으로 잘 나가요,5,1,부정
rudd******,2022-03-28T05:43:38.401+00:00,자전거: 01.삼천리 카라 / 컬러: 다크블루(바구니포함),조립하기 쉽고 좋아요,5,1,긍정
duri****,2022-03-22T15:46:23.891+00:00,자전거: 01.삼천리 카라 / 컬러: 다크블루(바구니포함),너무 마음에 들어요 잘 탈게요,5,1,긍정
natu*****,2022-03-25T07:36:12.025+00:00,자전거: 01.삼천리 카라 / 컬러: 다크블루(바구니포함),빠른배송 좋은상품 감사합니다,5,1,부정
78pu****,2022-04-05T02:01:38.429+00:00,자전거: 02.삼천리 메이비20 / 컬러: 민트(바구니포함),"색상 디자인 이쁘고 맘에듭니다.
초3아이와 중2아이 같이타고 있어요
좋아요~~^^",4,1,부정
wndu*****,2022-04-19T15:22:29.809+00:00,자전거: 01.삼천리 카라 / 컬러: 다크블루(바구니포함),선물했어요! 좋습니다,5,1,긍정
jgil****,2022-03-26T03:42:22.675+00:00,자전거: 01.삼천리 카라 / 컬러: 다크민트(바구니포함),바구니가  찌그러 졌는데 다음날 다시 왔어요~~^^,4,1,긍정
qksx***,2022-03-11T04:10:32.365+00:00,자전거: 01.삼천리 카라 / 컬러: 다크블루(바구니포함),"여자 혼자 조립하기 충분합니다! 
제 키는 163 정도 되는데 그 이상이신 분은 좀 작을 거 같아요 ㅠㅠ! 150~160이 타기에 딱 맞는 크기 같아요",5,1,긍정
kr****,2022-03-25T03:42:34.399+00:00,자전거: 03.삼천리 화이트라벨 / 컬러: 화이트,예쁘고 마실나갈때 좋아요,5,1,긍정
jhw7***,2022-04-09T03:39:50.048+00:00,자전거: 01.삼천리 카라 / 컬러: 다크블루(바구니포함),좋네요. 아들이 너무 좋아해요.,5,1,긍정
youn****,2022-04-03T17:43:28.247+00:00,자전거: 02.삼천리 메이비20 / 컬러: 라이트핑크(바구니포함),조아요. 핸들 안장 조립법이 있었으면 하는 아쉬움이 조금 있습니다.,4,1,긍정
znlz***,2022-03-24T12:33:43.632+00:00,자전거: 01.삼천리 카라 / 컬러: 다크블루(바구니포함),조립이 어려웠지만 하고 나니 굿입니다,5,1,긍정
dog2****,2022-03-19T04:01:23.156+00:00,자전거: 01.삼천리 카라 / 컬러: 다크블루(바구니포함),빠른배송 감사합니다. 자전거를 못타서 이번에 제대로 한번 배워보자싶어 연습용으로 사긴했는데 과연 잘 탈수있을지 모르겠네요.,5,1,긍정
ez****,2022-03-05T00:28:48.898+00:00,자전거: 01.삼천리 카라 / 컬러: 다크민트(바구니포함),사이즈도 생각한대로이고 일단 어머니가 좋아하십니다 ㅎㅎ,5,1,긍정
merb***,2022-04-09T03:48:04.449+00:00,자전거: 01.삼천리 카라 / 컬러: 다크블루(바구니포함),오랜만에 야외에서 씽씽 달리니 기분 좋아요,5,1,긍정
jnh0****,2022-03-21T14:41:36.313+00:00,자전거: 01.삼천리 카라 / 컬러: 다크블루(바구니포함),여자들이 타기 편안한  자전거인거같아요.,5,1,긍정
stil*****,2022-02-13T03:35:56.550+00:00,자전거: 01.삼천리 카라 / 컬러: 다크블루(바구니포함),파손없이 배송되었구요. 딱히 손이 많이 가지않았어요. 아이(145cm)와 저(160cm)랑 같이 탈려고 샀는데 좋아요.,5,1,긍정
youn****,2022-04-03T17:45:26.830+00:00,자전거: 04.삼천리 로시난테 / 컬러: 네이비,좋아요. 설명서 좀 있었으면 아쉬워요.,3,1,부정
djho********,2022-05-12T09:42:45.892+00:00,자전거: 03.삼천리 화이트라벨 / 컬러: 화이트,👍🏻👍🏻👍🏻,5,1,부정
gusf***,2022-03-15T01:49:12.594+00:00,자전거: 02.삼천리 메이비20 / 컬러: 민트(바구니포함),배송잘받앗습니다 아이가좋아하네요,5,1,긍정
syho****,2022-03-31T05:10:37.597+00:00,자전거: 03.삼천리 화이트라벨 / 컬러: 블랙,자전거 예전에 화이트로 타다가 잃어버려서 똑같은거 블랙으로 구입했습니다.  이쁘네요,5,1,긍정
babo****,2022-03-11T10:53:31.236+00:00,자전거: 01.삼천리 카라 / 컬러: 다크블루(바구니포함),"좋은 자전거 저렴하게 잘 샀습니다
조립도 어렵지 않았어요",5,1,긍정
grac***,2022-04-14T08:53:40.755+00:00,자전거: 03.삼천리 화이트라벨 / 컬러: 화이트,아주 잘타고있어요^^,5,1,부정
asdf****,2022-03-14T02:50:59.790+00:00,자전거: 01.삼천리 카라 / 컬러: 다크블루(바구니포함),조카들이 좋아합니다.,5,2,긍정
asdf****,2022-03-14T02:50:34.460+00:00,자전거: 01.삼천리 카라 / 컬러: 다크민트(바구니포함),조카들이 좋아합니다.,5,1,부정
bbb0****,2022-03-13T03:32:41.571+00:00,자전거: 01.삼천리 카라 / 컬러: 다크민트(바구니포함),항상 여기서 구매합니다.,5,1,긍정
grac***,2022-03-14T12:49:40.783+00:00,자전거: 03.삼천리 화이트라벨 / 컬러: 화이트,엉덩이가 많이 아프긴하지만 그래도 나름 만족합니다^^,5,1,부정
ehdw*****,2022-04-03T17:00:03.057+00:00,자전거: 01.삼천리 카라 / 컬러: 다크블루(바구니포함),"다른거 다좋은데 한가지 아쉬운게
접이식인데 많이 무거워요",5,1,긍정
sinn*****,2022-02-08T08:30:44.145+00:00,자전거: 01.삼천리 카라 / 컬러: 다크민트(바구니포함),자전거는 예쁘고 우선 아이가 넘 좋아라 하네요 배송두 빨랐구요 근데 설명서가 없어서 처음 자전거를 접해 보는 저는 설치하는데 좀 어려움이 있었답니다 보조바퀴는 아예 손도 못대고 있어요 ㅋㅋㅋ  그리고 여기 저기 찍힌자국이 좀 많았어요 어차피 타다보믄 상처가 날꺼 같아서 교환은 안합니다~,3,1,긍정
jwhy****,2022-02-14T06:14:35.132+00:00,자전거: 01.삼천리 카라 / 컬러: 다크블루(바구니포함),조카선물로 사줫는데 너무좋아하네요 색도이쁘고 무엇보다 폴딩이 되니까 싣고다니기 편한거같아요!,5,1,부정
nozi******,2022-03-09T07:20:59.899+00:00,자전거: 04.삼천리 로시난테 / 컬러: 네이비,자전거가 체인이 없이 와서 아쉬웠지만 빠르게 대응 해주셔서 좋았습니다.,4,1,부정
skfr***,2022-03-17T01:27:34.671+00:00,자전거: 02.삼천리 메이비20 / 컬러: 라이트핑크(바구니포함),너무 이뻐용 체고에요,5,1,긍정
hanj***,2022-04-04T09:05:24.169+00:00,자전거: 01.삼천리 카라 / 컬러: 다크블루(바구니포함),친구한테 선물했는데 친구가 완전 좋아해요ㅎㅎ,5,1,부정
sang******,2022-04-03T00:09:16.878+00:00,자전거: 03.삼천리 화이트라벨 / 컬러: 블랙,체인이탈 문제있엇는데...빠른대응 좋아요,4,1,부정
hj70***,2022-03-16T10:16:14.739+00:00,자전거: 01.삼천리 카라 / 컬러: 다크블루(바구니포함),예쁩니다 좋아요 굿,5,1,긍정
ro****,2022-03-11T13:54:40.312+00:00,자전거: 01.삼천리 카라 / 컬러: 다크블루(바구니포함),배송도 빠르고 포장상태도 좋아요,4,1,긍정
blac*******,2022-03-17T12:41:54.712+00:00,자전거: 02.삼천리 메이비20 / 컬러: 민트(바구니포함),좋은 제품 잘 구매했습니다 ^^,5,1,긍정
ro****,2022-04-30T07:37:25.356+00:00,자전거: 01.삼천리 카라 / 컬러: 다크블루(바구니포함),좋아요좋아요좋아요좋아요,4,9,긍정
sons*****,2022-03-08T01:28:54.017+00:00,자전거: 02.삼천리 메이비20 / 컬러: 라이트핑크(바구니포함),조립 완성 후 상태는 생각 보다 괜찮다는 느낌 입니다,5,1,부정
inhy*****,2022-03-30T10:32:32.245+00:00,자전거: 02.삼천리 메이비20 / 컬러: 라이트핑크(바구니포함),초등여아가 색감도 좋고 만족합니다,4,1,부정
x_****,2022-03-26T00:45:27.988+00:00,자전거: 04.삼천리 로시난테 / 컬러: 네이비,로시난테 옵션으로 구입했는데 손잡이 부분 녹이 슬어 있어서 조립하는데 애먹었어요.,2,1,긍정
khs5***,2022-04-01T13:03:21.768+00:00,자전거: 01.삼천리 카라 / 컬러: 다크블루(바구니포함),자전거가 이쁘고 좋아요,5,1,긍정
chm4***,2022-04-01T02:43:34.079+00:00,자전거: 01.삼천리 카라 / 컬러: 다크블루(바구니포함),사용하기에 편리합니다,4,1,긍정
shpc*******,2022-01-11T17:20:23.103+00:00,자전거: 01.삼천리 카라 / 컬러: 다크블루(바구니포함),"다크블루가 품절이라 입고가 1월초 예정이나 늦어질수도 있다고 했는데 다행히 빨리 입고되어 늦었지만 조카 크리스마스 선물로 보내줬어요. &quot;짱&quot;
원하던 자전거라고 너무 좋아합니다. 
기다렸다 선물한 보람있네요~^^

장점 1. 엘베없는데 접어서 차에 보관가능해
             힘겹게 가지고 올라갈 필요없구요
장점 2. 초등 조카~엄마 동생(164cm)까지 조절
            가능하고 디자인 &amp;색상 또한 세련되고
            깔끔해요.
장점 3. 바구니 포함해서 주셔서 비용절감 효과
            와 아이 학원 가방이나 간단한 소집품들
            넣고 다니니까 간편하고 좋네요
****3가지만 간추려 적어봤어요~^^******",5,1,부정
toyl*****,2022-04-09T04:52:28.013+00:00,자전거: 02.삼천리 메이비20 / 컬러: 민트(바구니포함),너무 예뻐요 잘 사ㅆ어요 ㅎㅎ ㅌㄷᆞ삳거예요,5,1,긍정
38ro***,2022-04-04T06:45:32.638+00:00,자전거: 02.삼천리 메이비20 / 컬러: 라이트핑크(바구니포함),좋네요 좋네요 좋네요,4,3,부정
sun2*****,2022-03-06T05:23:32.880+00:00,자전거: 03.삼천리 화이트라벨 / 컬러: 블랙,예뻐요 마음에 듭니다,5,1,부정
gula****,2022-03-16T14:21:23.068+00:00,자전거: 03.삼천리 화이트라벨 / 컬러: 화이트,ㅎㅎ조립이 좀 애먹었지만 그래도 문제없는거 같아요 ㅎ 저렴하게 잘 샀습니다 ^^,5,1,긍정
sunn*****,2022-02-09T15:38:10.620+00:00,자전거: 01.삼천리 카라 / 컬러: 다크블루(바구니포함),"접고 펼치기 편해요~
높이조절도 쉬워서 아이랑 같이 타기도 좋아요
무게가 좀 나가서 매번 옮겨줘야 하지만 그렇게 힘들거나 하진 않구요
적당한 가격에 너무 잘샀어요~~",5,1,부정
a01k***,2022-04-22T03:13:25.481+00:00,자전거: 01.삼천리 카라 / 컬러: 다크민트(바구니포함),잘 받았습니다 받았습니다,5,1,부정
mo****,2022-03-27T09:18:43.331+00:00,자전거: 04.삼천리 로시난테 / 컬러: 네이비,아내가 이쁘다고 좋아하네요~,5,1,긍정
ewjd***,2022-01-28T02:10:38.816+00:00,자전거: 01.삼천리 카라 / 컬러: 다크블루(바구니포함),자전거 타고 싶어하는 초등 딸래미을 위한 선물이었는데... 아직 시승은 못했지만 자기 스타일이라고 만족합니다. 설 연휴 전이라 배송 걱정했는데.. 빨리 배송되고 자전거 품질도 가격대비 매우 만족합니다. 땅라이가 잘 탔으면 좋겠네요.,4,1,긍정
pola*******,2022-02-11T10:28:27.057+00:00,자전거: 03.삼천리 화이트라벨 / 컬러: 화이트,"생각보다 조립도 어렵고 엄청 무겁고힘들었네요 ㅠㅠ
접었다 폈다할 용도는 아닌것 같고
그냥 세워놔야할것 같아요 ㅠ ㅠ
 잘 타볼께요ㅠㅠ",4,1,긍정
0103***,2022-02-28T12:41:04.928+00:00,자전거: 01.삼천리 카라 / 컬러: 다크민트(바구니포함),조립도 쉽고 튼튼하고 이뻐요 ㅎ,5,1,긍정
woo5***,2022-02-20T08:46:51.812+00:00,자전거: 02.삼천리 메이비20 / 컬러: 라이트핑크(바구니포함),"보조바퀴 달려고 너트 풀려는데 몽키로도 잘 안풀리네요 ㅡㅡ
일단 보조바퀴없이 가르쳐보고 정 안되면 자전거방 가서 달 계획이네요
그것 말고는 괜찮습니다",4,1,부정
swee********,2022-03-29T19:41:29.546+00:00,자전거: 03.삼천리 화이트라벨 / 컬러: 블랙,내일 점검받아봐야죠ㅠ,5,1,부정
goan****,2022-03-15T02:35:09.642+00:00,자전거: 01.삼천리 카라 / 컬러: 다크블루(바구니포함),좋아요~ 성인 여자 타기에 좋아요 기아 변속도 잘 되고요,4,1,긍정
rnsw***,2022-03-20T04:14:12.108+00:00,자전거: 01.삼천리 카라 / 컬러: 다크블루(바구니포함),장착하기 쉽구 부모님이 좋아합니다,5,1,긍정
zzin****,2022-03-18T03:31:49.877+00:00,자전거: 01.삼천리 카라 / 컬러: 다크블루(바구니포함),실물이 훨씬 예쁘고 넘 귀엽습니다 엄마가 넘 좋아하셔요,5,1,긍정
viol******,2022-03-31T09:57:54.876+00:00,자전거: 02.삼천리 메이비20 / 컬러: 민트(바구니포함),잘 쓰고있습니다!!!,5,1,부정
tj****,2022-02-21T09:27:12.100+00:00,자전거: 02.삼천리 메이비20 / 컬러: 라이트핑크(바구니포함),배어 자전거 두고가신게 넘 번거로웠지만 자전거 이쁘고 조립도 간편했어용!,5,1,부정
habi*******,2022-03-17T00:03:20.313+00:00,자전거: 01.삼천리 카라 / 컬러: 다크블루(바구니포함),부모님 선물로 사드럈는데 아이처럼 좋아하시네요 ㅎㅎ,5,1,긍정
jsb1***,2022-03-11T01:43:08.514+00:00,자전거: 01.삼천리 카라 / 컬러: 다크블루(바구니포함),"아들이 너무너무 좋아하네요~
하루종일 자전거타다 왔습니다^^",5,1,긍정
kto0***,2022-02-26T10:31:11.062+00:00,자전거: 03.삼천리 화이트라벨 / 컬러: 화이트,"아들이 방학내내 열심히 달리고 있습니다
잘 타겠습니다",5,1,긍정
taey*******,2022-03-25T21:10:17.337+00:00,자전거: 04.삼천리 로시난테 / 컬러: 네이비,예쁘고 잘나가요!@,5,1,긍정
haeg****,2022-02-25T07:25:31.190+00:00,자전거: 01.삼천리 카라 / 컬러: 다크블루(바구니포함),초등2학년 아들 자전거로 샀는데 안장 낮춰서 타니까 잘타네요. 자전거 세울때 사용하는 지지대가 너무 뻑뻑해서 문의했더니 정상이래요. 아마 사용할수록 부드럽게 되나싶은데 아직까진 지지대 펴고 접을때 힘을 엄청 써야됩니다;;;,3,1,긍정
hgs0****,2022-02-24T15:48:50.195+00:00,자전거: 01.삼천리 카라 / 컬러: 다크블루(바구니포함),음... 싼 맛에 쓰는거지만 너무 안나가서 -1별,4,1,긍정
yann*****,2022-04-18T03:35:59.389+00:00,자전거: 01.삼천리 카라 / 컬러: 다크블루(바구니포함),조립도 쉽고 접고 펴는 것도 잘 되네요~ ^^. 아직 큰자전거는 첨이라 좀 무거워하네요.,4,1,긍정
mw****,2022-02-11T03:27:54.912+00:00,자전거: 02.삼천리 메이비20 / 컬러: 민트(바구니포함),안전하게 잘 배송왔어요  보조바퀴나사 푸는게 힘들긴했는데 조립이 어렵진 않아요!,5,1,긍정
kto0***,2022-01-21T11:27:55.898+00:00,자전거: 03.삼천리 화이트라벨 / 컬러: 화이트,"택배파업 여파에도 불구하고 빠르게 배송해주셔서
 감사합니다 문의사항도 바로 처리해주시고
정말 감사합니다
아이가 조립하는 내내 옆에서 군침을 흘리다가
조립 끝나자 마자 바로 지하주차장에서 1시간 넘게
 날라 다녔습니다 😁😁  쫓아다니라 죽는줄😅
잘 타겠습니다",5,1,긍정
demo******,2022-02-16T07:22:42.860+00:00,자전거: 01.삼천리 카라 / 컬러: 다크블루(바구니포함),"배송도 빠르고 조립도 쉽고 타기 편해요
키 작은 성인에게 진짜로 맞춤형 인듯",5,1,긍정
this*******,2022-03-05T04:55:15.579+00:00,자전거: 01.삼천리 카라 / 컬러: 다크민트(바구니포함),빠른 배송 좋네요. 쌍둥이들이 너무좋아해여,5,1,긍정
sori****,2022-02-18T00:32:42.782+00:00,자전거: 01.삼천리 카라 / 컬러: 다크블루(바구니포함),슝슝 잘 나가네요 실물도 엄청 예뻐요,5,1,긍정
huni***,2022-02-18T07:55:22.770+00:00,자전거: 01.삼천리 카라 / 컬러: 다크민트(바구니포함),빨리 배송됐어요 직접 조립하려는데 잘 되길..,5,1,부정
hwan*****,2022-04-12T01:59:41.150+00:00,자전거: 01.삼천리 카라 / 컬러: 다크블루(바구니포함),물건이 좋아요 배송도  너무 빠르고포장상태도 좋아요,3,1,긍정
nsj7***,2022-03-09T13:55:56.301+00:00,자전거: 01.삼천리 카라 / 컬러: 다크블루(바구니포함),"설명서가 조금 더 자세했으면 합니다 
다른 부분은 만족해요.",5,1,긍정
dbdb****,2022-03-11T14:02:00.307+00:00,자전거: 03.삼천리 화이트라벨 / 컬러: 화이트,잘받았습니다 감사합니다,5,1,긍정
mi****,2022-03-03T10:18:12.362+00:00,자전거: 03.삼천리 화이트라벨 / 컬러: 블랙,생각보다 좋습니다. 기어 변속도 부드럽고,5,1,부정
wej9***,2022-02-11T23:54:05.179+00:00,자전거: 01.삼천리 카라 / 컬러: 다크블루(바구니포함),좋아요~ 배송이 약간 늦은거 빼고는요~ 안전하게 도착했어요,5,1,긍정
skyd*****,2022-02-23T03:17:09.691+00:00,자전거: 01.삼천리 카라 / 컬러: 다크블루(바구니포함),꼼꼼히 잘포장되어 왔습니다,5,1,부정
vero***,2022-02-08T23:20:05.096+00:00,자전거: 01.삼천리 카라 / 컬러: 다크블루(바구니포함),출퇴근하려고 샀는데 너무 좋습니다. 조립도 쉽구료.,5,1,부정
dcw0***,2022-02-10T09:52:43.009+00:00,자전거: 01.삼천리 카라 / 컬러: 다크블루(바구니포함),"배송된 바구니 파손된 채 왔습니다.
다시보내주세요",3,1,긍정
946s*******,2022-03-06T09:05:40.960+00:00,자전거: 03.삼천리 화이트라벨 / 컬러: 블랙,"애들이랑 봄에 타려고 삿는데 가격대비 괜찮습니다
추천합니다^^",5,1,부정
xodk***,2022-03-07T12:41:52.312+00:00,자전거: 04.삼천리 로시난테 / 컬러: 네이비,디자인듀 이쁘고 괜찮습니다,5,1,부정
dhwl*******,2021-12-23T04:12:22.077+00:00,자전거: 01.삼천리 카라 / 컬러: 다크민트(바구니포함),"초등3학년 여아가 앉아보니 지금부터 타기 좋겠네요
크리스마스선물인데 일찍 도착했어요ㅎㅎ
엄마혼자 조립하려니까 설명서도없고 힘들었어요..특히 보조바퀴 달려고 너트 풀어야하는데 너무 꽉조여있어서 결국 자전거 기스내면서 힘줘서 풀었네요ㅠㅠ
보조바퀴말고는 그냥 끼우고 조이는거라 조립이 쉽네요
색상도이쁘고 좋습니다",5,1,부정
alst*******,2022-03-06T01:43:41.814+00:00,자전거: 01.삼천리 카라 / 컬러: 다크블루(바구니포함),배송도 빠르고 잘 포장되어 왔습니다,5,1,부정
holi*****,2022-03-07T01:55:20.147+00:00,자전거: 03.삼천리 화이트라벨 / 컬러: 화이트,늘 사용하던 제품이라 좋습니다.,5,1,부정
star*****,2022-03-05T16:28:15.087+00:00,자전거: 01.삼천리 카라 / 컬러: 다크블루(바구니포함),사이즈랑 성능이 좋네요,5,1,부정
jmyo******,2022-03-01T07:00:19.568+00:00,자전거: 01.삼천리 카라 / 컬러: 다크블루(바구니포함),설치가 좀 어려워서 맡겼는데 나머지는 다 만족행ㅎ,5,1,긍정
ybbo***,2022-03-18T03:51:41.669+00:00,자전거: 01.삼천리 카라 / 컬러: 다크블루(바구니포함),좋아요좋아요좋아요좋아요좋아요좋아요,5,1,부정
dkdl*****,2022-02-27T00:58:10.074+00:00,자전거: 01.삼천리 카라 / 컬러: 다크민트(바구니포함),조립하기도 괜찮았고 초등 3학년 딸아이가 타기 딱 좋았어요,5,1,부정
isd0*****,2022-02-28T11:23:46.337+00:00,자전거: 01.삼천리 카라 / 컬러: 다크블루(바구니포함),자전거 저렴하고 튼튼하고 예뻐요,5,1,부정
viol******,2022-03-03T01:06:54.133+00:00,자전거: 02.삼천리 메이비20 / 컬러: 라이트핑크(바구니포함),빠른 배송 감사합니다!,5,2,긍정
ldmn***,2022-03-04T15:40:05.830+00:00,자전거: 01.삼천리 카라 / 컬러: 다크민트(바구니포함),배송도빠르고 좋내요.,5,1,긍정
ku****,2022-02-17T12:17:54.665+00:00,자전거: 01.삼천리 카라 / 컬러: 다크블루(바구니포함),"배송도 빠르고 좋아요.
조립하는 방법만 적혀있었으면 더 좋겠어요",4,1,긍정
isd0*****,2022-01-11T12:26:42.991+00:00,자전거: 01.삼천리 카라 / 컬러: 다크블루(바구니포함),조립이 어려울까봐 걱정했는데 어렵지 않네요자전거는 받아보니 더예쁘네요  단지 바구니가이쁘긴한데 고정하는 찍찍이가 길이도 짧고 좀허술해서  처음자전거를배우는  사람은 넘어지면 바구니가 빠질것 같아요,5,1,긍정
ehdw*****,2022-03-04T14:52:24.194+00:00,자전거: 01.삼천리 카라 / 컬러: 다크블루(바구니포함),좋아유 그런데 조금 무거워용!,5,1,긍정
viol******,2022-02-28T04:18:16.380+00:00,자전거: 02.삼천리 메이비20 / 컬러: 민트(바구니포함),빠른배송 감사합니다!,5,1,긍정
ghdt*******,2022-01-22T07:37:31.373+00:00,자전거: 01.삼천리 카라 / 컬러: 다크민트(바구니포함),"아이들 크기에 잘 맞고
자전거 좋아하네요
삼천리자전거 브랜드파워 
안전성을 믿고 구매했습니다",4,1,긍정
kiki******,2022-03-02T10:10:28.249+00:00,자전거: 01.삼천리 카라 / 컬러: 다크블루(바구니포함),엄마사드렸는데 좋아하세요,5,1,긍정
ku****,2022-03-02T13:34:30.329+00:00,자전거: 01.삼천리 카라 / 컬러: 다크블루(바구니포함),2개 구매했는데 잘쓰고 있어요,5,1,긍정
viol******,2022-02-26T03:13:16.753+00:00,자전거: 01.삼천리 카라 / 컬러: 다크블루(바구니포함),빠른 배송감사합니다,5,1,부정
jera***,2022-01-18T14:49:26.410+00:00,자전거: 01.삼천리 카라 / 컬러: 다크민트(바구니포함),조카 사주려고샀는데 배송도 빠르고 이쁘네요 조립도 쉬워요 잔고장없이 잘탔으면 합니다 감사합니다^^,5,1,긍정
dltm*******,2021-12-22T02:58:06.780+00:00,자전거: 01.삼천리 카라 / 컬러: 다크블루(바구니포함),"가성비 생각하면 완전 만족합니다. 잘 굴러가요! 
조립할 때는 설명서 내용이 부족해서 유튜브 따로 찾아봤습니다. 설명서 보완되면 좋을 것 같습니다.
안장이랑 핸들만 조립하면 돼서 대충했는데, 힘이 약했는지 아빠가 다시 조여주셨어요. 
후기 보고 애들만 타는건가 걱정했는데, 160cm 초반 성인 여성까지 무리 없이 탈 수 있을 것 같습니다.
작고 귀여운 외관과는 달리 무거워서 옮기기 힘듭니다. 저처럼 동네 마실용으로 구입한 분들은 크게 문제 안 될 것 같아요.",5,1,긍정
viol******,2022-02-26T03:11:15.503+00:00,자전거: 01.삼천리 카라 / 컬러: 다크블루(바구니포함),빠른 배송 감사합니다!,5,1,긍정
viol******,2022-02-26T03:13:03.307+00:00,자전거: 01.삼천리 카라 / 컬러: 다크블루(바구니포함),빠르고 튼튼한 상품 감사합니다.,5,1,긍정
viol******,2022-02-26T03:12:01.069+00:00,자전거: 02.삼천리 메이비20 / 컬러: 민트(바구니포함),빠른 배송 감사합니다!!,5,1,긍정
xium********,2022-02-12T12:17:50.564+00:00,자전거: 01.삼천리 카라 / 컬러: 다크블루(바구니포함),색상이 너무 고급지고 예뻐요! 성인여성들이 사용하기 딱 좋은거같아요,5,1,부정
viol******,2022-02-26T03:11:45.781+00:00,자전거: 02.삼천리 메이비20 / 컬러: 민트(바구니포함),빠른 배송과 튼튼합니다!,5,1,부정
viol******,2022-02-21T07:15:14.352+00:00,자전거: 02.삼천리 메이비20 / 컬러: 라이트핑크(바구니포함),빠르고 안전한 배송 감사합니다!,5,1,긍정
viol******,2022-02-21T02:18:44.548+00:00,자전거: 01.삼천리 카라 / 컬러: 다크블루(바구니포함),안전하고 빠른배송 감사합니다!,5,1,부정
sm92****,2022-02-24T01:14:12.631+00:00,자전거: 01.삼천리 카라 / 컬러: 다크블루(바구니포함),아이가 아주 만족해 하네요^^,5,1,부정
cybe******,2021-12-21T07:40:52.198+00:00,자전거: 01.삼천리 카라 / 컬러: 다크민트(바구니포함),"보조바퀴까지 포함해서 구입했어요. 제품이 매우 튼튼합니다. 거의 다 조립된 상태라 핸들끼고 보조바퀴만 결합시켰어요.
애이가 아주 좋아합니다.
그리고 민트색 모델은 사진보다 실물이 낫네요.",5,1,부정
viol******,2022-02-26T03:11:27.762+00:00,자전거: 02.삼천리 메이비20 / 컬러: 라이트핑크(바구니포함),튼튼하고 좋습니다!!,5,1,부정
kjso*****,2022-01-20T13:21:58.031+00:00,자전거: 01.삼천리 카라 / 컬러: 다크민트(바구니포함),"가볍고 좋아요
기아변속도 잘되고
접이식이라 차에 싣고 다니기 편하네요",4,1,부정
0103*******,2022-02-18T16:02:06.052+00:00,자전거: 03.삼천리 화이트라벨 / 컬러: 블랙,배송도빠르고 좋아요,5,1,긍정
kosc***,2022-02-12T01:20:17.823+00:00,자전거: 01.삼천리 카라 / 컬러: 다크민트(바구니포함),"아이들이 좋아하네요.
학원갈때 매일 사용중",5,1,긍정
rmfo***,2022-01-24T10:35:46.996+00:00,자전거: 02.삼천리 메이비20 / 컬러: 민트(바구니포함),아이가 좋아하네요.조립도 금방 되네요,5,1,부정
viol******,2022-02-26T03:13:26.261+00:00,자전거: 01.삼천리 카라 / 컬러: 다크민트(바구니포함),빠르고 좋ㅍ습니다!,5,1,긍정
oys5******,2022-01-10T02:23:15.211+00:00,자전거: 03.삼천리 화이트라벨 / 컬러: 화이트,가볍고 의자조절도가능하고 싸이즈도작아 트렁크에 쏙들어가요.  아이가 편하게잘타요,5,1,긍정
ve****,2022-01-08T07:23:15.765+00:00,자전거: 01.삼천리 카라 / 컬러: 다크민트(바구니포함),"배송이 빨랐어요
대리점보다 싸게 정말 잘 샀어요.
아이들도 좋아하니 저도 기쁘네용!",5,1,긍정
lkmi***,2022-02-10T16:06:40.597+00:00,자전거: 04.삼천리 로시난테 / 컬러: 네이비,잘 받았습니다 조립방법만 자세히 나옴 더 좋을듯,5,1,긍정
gabi****,2021-12-25T02:50:28.365+00:00,자전거: 02.삼천리 메이비20 / 컬러: 라이트핑크(바구니포함),"자전거는 이쁘나 무게가 상당합니다.
조립 후 기어 체인이 자꾸 데이는거 같아서 자가 조율도중 열만 받고, 자전거점에 가니 기어부가 휘어져있다고 몽키로 잡고 휘어서 조율하니 그나마 낫긴한데, 뭔가 부실하네요..
일단 사면 자전거점에서 재조립비용 2~3만원 추가된다고 생각하시면 될듯합니다.",1,1,긍정
thsd******,2022-02-07T00:16:51.532+00:00,자전거: 02.삼천리 메이비20 / 컬러: 라이트핑크(바구니포함),"항상 재주문하고 있습니다
품질좋고 너무 좋습니다",4,1,긍정
bong********,2022-01-14T02:30:16.624+00:00,자전거: 03.삼천리 화이트라벨 / 컬러: 블랙,"작년에 구매하고 싶었는디
품절이라 못하고

올해 구매했어요!
맘이드네용",5,1,긍정
hu****,2022-02-13T02:41:05.425+00:00,자전거: 01.삼천리 카라 / 컬러: 다크블루(바구니포함),크기 적당하고 좋습니다.,5,1,긍정
ssan*****,2022-01-19T00:55:31.029+00:00,자전거: 01.삼천리 카라 / 컬러: 다크민트(바구니포함),아이가 잘타고 좋아해요,5,1,부정
dueo***,2021-12-24T11:32:28.793+00:00,자전거: 02.삼천리 메이비20 / 컬러: 민트(바구니포함),배송은 빨리 왔고 초등 4학년 남자아이한테 사이즈 괜찮은거 같아요. 조립은 어려운거 없고 브레이크만 조금 조정하니깐 괜찮네요,5,1,긍정
kosc***,2022-02-02T17:50:14.230+00:00,자전거: 01.삼천리 카라 / 컬러: 다크민트(바구니포함),"잘사용중이며 좋네요.
아이들이 좋아하네요.",5,1,부정
ppon*****,2022-01-17T23:36:42.412+00:00,자전거: 04.삼천리 로시난테 / 컬러: 네이비,조립 설명서 없는게 너무 별로예요 ㅜㅜ,3,1,긍정
sjsb***,2022-01-04T01:59:56.427+00:00,자전거: 01.삼천리 카라 / 컬러: 다크민트(바구니포함),"초등 2학년 탈려구 샀는데 크기도
딱 적당하고 어른인 저도 같이 탈수잇어요
민트색 너무 예뻐요♡♡",5,1,부정
dlat********,2022-01-28T10:34:02.121+00:00,자전거: 01.삼천리 카라 / 컬러: 다크민트(바구니포함),좋아요~~사이즈도 딱 맞고 좋네요,4,1,긍정
hoba***,2022-02-01T02:08:43.288+00:00,자전거: 01.삼천리 카라 / 컬러: 다크블루(바구니포함),즣아요! 동네에서 사용하기 좋고 튼튼해요,5,1,부정
zh****,2022-01-17T01:19:12.585+00:00,자전거: 03.삼천리 화이트라벨 / 컬러: 화이트,접을 수 있어 아주 좋아요~,5,1,긍정
ve****,2022-01-08T07:25:02.772+00:00,자전거: 01.삼천리 카라 / 컬러: 다크블루(바구니포함),"딸 아이들 민트1 네이비1  샀어요
아빠가 조립해주고 재밋게 타고있어요~^^",5,1,긍정
jsh_***,2021-12-30T04:38:20.708+00:00,자전거: 03.삼천리 화이트라벨 / 컬러: 화이트,엉덩이가 너무 아파서 안장은 바꿔야할거같아요 그외에는 다 만족스럽습니다!!잘나가요 아주 슝슝,5,1,긍정
jo****,2022-01-13T05:26:30.322+00:00,자전거: 01.삼천리 카라 / 컬러: 다크블루(바구니포함),만족합니다.만족합니다.,5,2,긍정
mc_h***,2022-01-03T05:00:14.247+00:00,자전거: 01.삼천리 카라 / 컬러: 다크민트(바구니포함),아이가 아주잘타고 있어요^^ 하나더 구매할까 고민중^^ㅎ,5,1,부정
sing*******,2022-01-06T04:44:41.127+00:00,자전거: 01.삼천리 카라 / 컬러: 다크민트(바구니포함),잘받아서  조립도 잘했습니다  감사합니다,5,1,부정
euns*****,2021-12-19T02:59:44.243+00:00,자전거: 01.삼천리 카라 / 컬러: 다크민트(바구니포함),"아들이잘타고 다녀요 보조바퀴달기가 어려워 자전거방에서 할러니15천원 추가로들었네요ㅠ
색상은 너무마음에들어요",4,1,부정
ghtn***,2022-01-25T23:28:37.628+00:00,자전거: 01.삼천리 카라 / 컬러: 다크민트(바구니포함),조립도 쉽고 고장도 없고 너무 잘타고 있습니다,5,1,긍정
7977***,2022-01-01T01:36:17.542+00:00,자전거: 01.삼천리 카라 / 컬러: 다크블루(바구니포함),안장 조립시 렌지가 맞는게 없어 고생했지만 이쁘고 좋아요,5,1,긍정
jjkh***,2022-01-03T10:32:54.425+00:00,자전거: 02.삼천리 메이비20 / 컬러: 라이트핑크(바구니포함),디자인도 이쁘고 조절하기도 편하ㅡ고 아이가 좋아해요^^,5,1,부정
para********,2021-12-26T06:52:28.998+00:00,자전거: 01.삼천리 카라 / 컬러: 다크민트(바구니포함),"사진보다 이쁘고 깔끔하네요
크리스마스 선물 아들이 좋아하네요^^",4,1,긍정
isey***,2021-12-22T16:55:41.684+00:00,자전거: 01.삼천리 카라 / 컬러: 다크블루(바구니포함),보조바퀴다는데 좀 힘들었지만 튼튼하고 좋아요 매우만족!,5,1,부정
vip2***,2021-12-05T13:37:09.472+00:00,자전거: 01.삼천리 카라 / 컬러: 다크민트(바구니포함),"정말 잘샀어요^^~~  
고민은 배송만 늦출뿐~~!
아이가 너무 좋아하니 저도 좋네요^^",5,1,긍정
fnsk****,2021-12-26T09:18:29.469+00:00,자전거: 01.삼천리 카라 / 컬러: 다크블루(바구니포함),배송도 빠르고 제품도 좋아 만족합니다. 애가 좋아합니다!,5,1,긍정
higi*****,2022-01-03T12:31:21.949+00:00,자전거: 01.삼천리 카라 / 컬러: 다크블루(바구니포함),온 가족이 덕분에 자전거 타고 달립니다^^,5,1,부정
zeus***,2021-12-19T02:45:45.943+00:00,자전거: 01.삼천리 카라 / 컬러: 다크민트(바구니포함),"배송도 빠르고 상품도 넘 좋습니다.
감사합니다.",5,1,부정
kbj8***,2021-12-21T01:55:59.888+00:00,자전거: 01.삼천리 카라 / 컬러: 다크민트(바구니포함),공사 현장에서 이동할때 쓰려고 구매했습니다. 현장에서 사진을 안보내주셔서 사진첨부가 어렵네요ㅜ,5,1,긍정
kbj8***,2021-12-23T05:35:59.850+00:00,자전거: 01.삼천리 카라 / 컬러: 다크민트(바구니포함),현장이 커서 이동하려고 자전거 주문했는데 잘 쓰고있다고 사진을 보내오셔서 첨부해봅니다.,5,1,긍정
2e****,2021-12-20T09:06:48.558+00:00,자전거: 01.삼천리 카라 / 컬러: 다크블루(바구니포함),"배송이 빠르고 자전거가 탄탄한게 좋네요^^
추천합니당",5,1,긍정
agor****,2021-12-29T01:01:42.604+00:00,자전거: 03.삼천리 화이트라벨 / 컬러: 블랙,잘쓰고 있습니다. 좋아요,5,1,부정
evil*****,2022-01-03T09:39:37.429+00:00,자전거: 02.삼천리 메이비20 / 컬러: 민트(바구니포함),파손 안되게 잘 보내어 주셨다면 더 좋았을것 같네요. 어쨌든 처리 감사드립니다.,4,1,긍정
shye****,2022-01-10T14:54:59.810+00:00,자전거: 01.삼천리 카라 / 컬러: 다크블루(바구니포함),좋아요좋아요좋아요좋아요,5,1,긍정
5676***,2021-12-14T02:46:46.914+00:00,자전거: 02.삼천리 메이비20 / 컬러: 라이트핑크(바구니포함),"브랜드는 역시 브랜드다. 
색깔부터 디자인까지 하나하나 너무 마음에 들 다 
게다가 배송도 너무 빠르다 
서비스도 응답도 완벽하다 
정말 잘 사용하고 있다. 
이 가격에 접기까지 가능하다니 
강추 할 수 밖에 없다. 

많이 파세요~",5,1,부정
af****,2021-12-20T03:17:25.772+00:00,자전거: 01.삼천리 카라 / 컬러: 다크민트(바구니포함),생각보다 빠르게 잘받았습니다,4,1,긍정
dkal*******,2021-12-15T13:03:51.646+00:00,자전거: 03.삼천리 화이트라벨 / 컬러: 화이트,잘 굴러가요! 다만 킥스탠드가 불량이라 별하나 뺐어여ㅜ,4,1,부정
su****,2021-11-29T04:30:12.680+00:00,자전거: 02.삼천리 메이비20 / 컬러: 라이트핑크(바구니포함),애가 너무 좋아하니 만족합니다. 보조바퀴 체결시 고생햇지만 이제 요령이 생겼네요. 보조바퀴 한칸 내리거나 올릴때는 반대쪽(둥근플라스틱쪽) 핀을 빼서 푸는게 수월합니다.,4,1,긍정
isis***,2021-12-23T14:13:48.901+00:00,자전거: 01.삼천리 카라 / 컬러: 다크민트(바구니포함),빠르게 배송해주셔서 감사합니다~  크리스마스 선물이라 아직 개봉은 안했어요~,5,1,긍정
xiao******,2021-12-08T09:04:51.374+00:00,자전거: 01.삼천리 카라 / 컬러: 다크민트(바구니포함),"생각보다  작지는 않네요, 마음에 들어요, 근데 타이어 바람없네요.",4,1,부정
hyun********,2022-01-07T02:02:16.340+00:00,자전거: 02.삼천리 메이비20 / 컬러: 민트(바구니포함),두달정도 애가 타고 있는데 뭐 괜찮아요,5,1,부정
kk****,2022-01-01T09:53:49.920+00:00,자전거: 02.삼천리 메이비20 / 컬러: 라이트핑크(바구니포함),만족합니다. 잘 사용하겠습니다. 감사합니다.,5,1,긍정
hanm****,2021-12-17T08:39:11.717+00:00,자전거: 01.삼천리 카라 / 컬러: 다크민트(바구니포함),조카선물로 사줬는데 엄청 좋아하네요~,5,1,긍정
oys5******,2021-12-13T01:56:53.009+00:00,자전거: 03.삼천리 화이트라벨 / 컬러: 화이트,140키 딸아이 사줬는데 잘맞아요 가볍고 좋아요,5,1,부정
kk****,2022-01-01T09:53:35.942+00:00,자전거: 02.삼천리 메이비20 / 컬러: 민트(바구니포함),만족합니다. 잘 쓰겠습니다!,5,1,긍정
holi*****,2022-01-11T02:43:11.995+00:00,자전거: 03.삼천리 화이트라벨 / 컬러: 화이트,아직 안타봤지만 좋겠죠?ㅎ,5,1,긍정
hunt*****,2021-11-02T14:12:04.681+00:00,자전거: 01.삼천리 카라 / 컬러: 다크블루(바구니포함),"8살 딸아이가 유아용 자전거 타다가 키가 커서 맞지않아서, 새로운 자전거를 찾다가 구입하게 되었습니다.
대리점에서 구입하다가 인터넷으로는 처음이라 조립 잘할수 있을까 걱정했는데 유튜브 보면서 무난하게 잘 조립 마쳤습니다. 아직 보조바퀴 없이는 타지 못해서 바퀴도 직접 달았는데 다크블루색과 이질감이 없어서 보조바퀴도 좋았습니다.아이들이 좋아하니 보람이 느껴져 좋았습니다",5,1,부정
ssan*****,2021-12-14T10:42:21.353+00:00,자전거: 01.삼천리 카라 / 컬러: 다크민트(바구니포함),아이가 매우 좋아하네요,4,1,부정
bast********,2021-10-25T06:03:08.877+00:00,자전거: 02.삼천리 메이비20 / 컬러: 라이트핑크(바구니포함),"자전거는 이상없이 잘 받았습니다.
그런데 바구니에 하자가 있네요 ㅡㅡ;
뭐 있으나 마나한 바구니긴 하지만 괜시리 찝찝하고해서 좋은 평점 못드립니다.
그리고 보조바퀴도 너무많이 올라가 있어서 좌우로너무많이 흔들리네요... 본제품이 아니라 추가 구성품인걸 감안 하더라도 좀 많이 심하네요
개선이 필요해 보입니다.
1. 발송전 검수
2. 보조바퀴 개선 요망
감사합니다",3,2,긍정
sw09****,2021-12-19T06:36:59.373+00:00,자전거: 01.삼천리 카라 / 컬러: 다크블루(바구니포함),배송빠르고좋네요...,5,1,긍정
huye***********,2021-12-09T13:53:08.097+00:00,자전거: 01.삼천리 카라 / 컬러: 다크블루(바구니포함),"자전거 너무 좋습니다 
가격 대비 좋습니다 
배송도 바랍니다",5,1,긍정
alsr******,2021-12-04T15:20:45.230+00:00,자전거: 03.삼천리 화이트라벨 / 컬러: 화이트,가성비 참 좋네요 ㅋㅋ 뭐 비싼놈들에 비하면 좀 아쉽지만 ^^ 이 가격에 이 성능이뇨? ㅋㅋ,5,1,긍정
a6****,2021-12-19T14:41:48.018+00:00,자전거: 01.삼천리 카라 / 컬러: 다크민트(바구니포함),초2남아 잘 타고있어용,5,1,부정
ohso***,2021-12-09T01:23:28.825+00:00,,"바퀴에 모래 및 알 수 없는것들이 묻어있어
톡톡으로 문의했는데 빠른 답장 해주셨습니다.
여자 혼자 조립이 쉽다고 하엿으나 똥손인 저는 일주일만에 친구가 와서 조립해주었고, 바퀴에 바람을 넣는 방법을 몰라 아직 타보진 못했습니다 ㅠㅠ 각 자전거별 조립영상을 준비해주시면 어떨까라는 생각이 드네요 ㅠ",3,1,부정
sead***,2022-01-22T17:08:42.015+00:00,자전거: 04.삼천리 로시난테 / 컬러: 네이비,"상품도 튼튼하며 배송도 엄청 빨라요
디자인도 멋지네요",5,1,부정
bast********,2021-10-25T06:04:00.653+00:00,자전거: 01.삼천리 카라 / 컬러: 다크블루(바구니포함),"자전거는 이상없이 잘 받았습니다.
그런데 바구니에 하자가 있네요 ㅡㅡ;
뭐 있으나 마나한 바구니긴 하지만 괜시리 찝찝하고해서 좋은 평점 못드립니다.
그리고 보조바퀴도 너무많이 올라가 있어서 좌우로너무많이 흔들리네요... 본제품이 아니라 추가 구성품인걸 감안 하더라도 좀 많이 심하네요
개선이 필요해 보입니다.
1. 발송전 검수
2. 보조바퀴 개선 요망
감사합니다",3,1,부정
oola****,2021-12-14T11:17:11.042+00:00,자전거: 01.삼천리 카라 / 컬러: 다크민트(바구니포함),자전거 너무 좋아합니다,5,1,긍정
vp****,2021-11-06T04:48:03.971+00:00,자전거: 03.삼천리 화이트라벨 / 컬러: 블랙,"배송이 빨라요. 디자인 이뻐요.
기어변속이 안되서 문의하니 배송중에 기어쪽 안전핀? 부분이 눌려서 그렇다고 근처 삼천리가서 수리받고 비용청구함.(수리비는 당일 보내주심).. 쿠션은 좀 딱딱해서 엉덩이가 아파요.  근처 삼천리자전거 방에서 다른제품으로 교환해서 업그레이드 함 ㅎ",4,1,긍정
hwar****,2021-12-07T12:38:48.499+00:00,자전거: 03.삼천리 화이트라벨 / 컬러: 화이트,잘쓰고 있어요. 열쇠에 키링도 달앗어용,5,1,부정
eesu*****,2021-12-07T10:03:55.710+00:00,자전거: 01.삼천리 카라 / 컬러: 다크블루(바구니포함),튼튼하고 디자인도 이쁘구 만족하면서 잘 타고 있어요 !,5,1,긍정
ind1***,2021-12-27T02:50:15.067+00:00,자전거: 01.삼천리 카라 / 컬러: 다크민트(바구니포함),빠른배송과포장이상없이잘왔어요,5,1,긍정
qkrr******,2021-11-05T06:20:28.875+00:00,자전거: 01.삼천리 카라 / 컬러: 다크블루(바구니포함),"편하게 막타는용으로 제격입니다
당연한거겠지만 장거리용으로 못탈듯싶습니다.

그리고
중국생산 제품인것은 알지만. 뭔가 군데군데 중국산 느낌?이 난다는

많이 파세요~",4,1,긍정
qwer*****,2021-11-16T14:25:26.297+00:00,자전거: 01.삼천리 카라 / 컬러: 다크블루(바구니포함),"애들 사주려고 두번째 구매했습니다
사은품은 맘에들지만 나사가 없어서
살짝 아쉽습니다
케이블타이로 묶어서 사용할까봐요",5,1,부정
jo****,2021-12-13T01:06:28.680+00:00,자전거: 01.삼천리 카라 / 컬러: 다크블루(바구니포함),만족합니다.만족합니다.,5,1,부정
miss****,2021-12-07T12:14:23.657+00:00,자전거: 01.삼천리 카라 / 컬러: 다크블루(바구니포함),아이가 만족해해요 편해보여요,5,1,부정
taey*****,2021-12-28T07:04:09.833+00:00,자전거: 02.삼천리 메이비20 / 컬러: 라이트핑크(바구니포함),품질 괜찮네요 번창 하세요,5,1,긍정
inte*****,2021-11-22T14:39:18.088+00:00,자전거: 02.삼천리 메이비20 / 컬러: 라이트핑크(바구니포함),디자인이나 실제 운전감이 초등학생에게 좋아요,5,1,부정
ekdu*****,2021-11-23T02:57:00.462+00:00,자전거: 02.삼천리 메이비20 / 컬러: 민트(바구니포함),상품은 잘 받았습니다. 삼천리 가서 점검하라고 해서 매장 방문했는데 점검비? 2만원 더 들더라구요. A/S 까지 생각하면 매장에서 하는게 좋다는 말 들었다해서 뭔가 씁쓸했네요. 자전거 잘 몰라서 인터넷 쇼핑만 하고 골랐는데 생각보다 무거운 느낌이었네요. 아이가 너무 좋아하고 잘 타고 있어 만족합니다.,4,1,부정
nyun****,2021-12-08T00:49:44.165+00:00,자전거: 02.삼천리 메이비20 / 컬러: 라이트핑크(바구니포함),접어지니 차에 쏙들어가고좋네요,5,1,긍정
tjdt*****,2021-12-07T12:35:53.690+00:00,자전거: 04.삼천리 로시난테 / 컬러: 네이비,동네 마실나갈때 차 안타도 되니까 너무 편하네요,5,1,부정
chk3***,2021-11-25T05:29:04.408+00:00,자전거: 01.삼천리 카라 / 컬러: 다크블루(바구니포함),"넘 잘 사용하고 있어요
조립이 안된상태로 배송되었고
 조립은 그렇게 어렵지않아요
뒷자리 아이태우려고
뒷안장 따로 구매해서 타고 다녀요",5,1,부정
alsr******,2021-12-04T15:28:06.569+00:00,자전거: 03.삼천리 화이트라벨 / 컬러: 화이트,가성비 참 좋습니다 20&quot; 휠이라 속도 내기도 좋습니다,5,1,긍정
lave*******,2021-12-06T23:01:38.223+00:00,자전거: 03.삼천리 화이트라벨 / 컬러: 화이트,보관때 자리도 적게 차지하고 잘타고 있어요^^,5,1,긍정
flsk****,2021-12-04T00:18:33.330+00:00,자전거: 01.삼천리 카라 / 컬러: 다크블루(바구니포함),선물용으로 주문했는데 만족하더라고요,5,1,긍정
heew*****,2021-12-29T15:46:18.664+00:00,자전거: 04.삼천리 로시난테 / 컬러: 네이비,아주 잘 사용하고 있습니다.,4,1,부정
chao******,2021-11-16T09:19:13.223+00:00,자전거: 01.삼천리 카라 / 컬러: 다크블루(바구니포함),오르막길완전 헬입니다. 구매전으로 돌아가면 접이식말고 다른것을 사겠어요. 무거워서 이동도 불편해요,4,1,긍정
rkak******,2021-12-15T05:16:15.193+00:00,자전거: 02.삼천리 메이비20 / 컬러: 라이트핑크(바구니포함),아이가 좋아해요 지금은 자전거가커서 내년에 탈수 있을듯해요~,5,1,긍정
jong*******,2021-12-06T00:06:38.208+00:00,자전거: 02.삼천리 메이비20 / 컬러: 라이트핑크(바구니포함),물건 잘 받았습니다,5,1,부정
fanc*******,2021-12-01T02:03:36.611+00:00,자전거: 03.삼천리 화이트라벨 / 컬러: 화이트,접어서 현관에 보관 할수도 있어 좋아요,5,1,부정
25****,2021-12-18T12:13:34.864+00:00,자전거: 01.삼천리 카라 / 컬러: 다크블루(바구니포함),조아요오 날풀리면 타려구여,5,1,긍정
fanc*******,2021-12-01T02:02:29.875+00:00,자전거: 03.삼천리 화이트라벨 / 컬러: 블랙,접어서 현관에도 보관할수 있어 좋네요,5,1,부정
naba***,2021-11-30T13:34:20.480+00:00,자전거: 01.삼천리 카라 / 컬러: 다크블루(바구니포함),"좋은 자전거 좋은 가격에 살 수 있어서 좋았어요.
아이랑 같이 탈 수 있는 자전거라 더 좋습니다.
배송도 빨랐어요. 감사해요",5,1,부정
wldo****,2021-11-25T02:09:04.552+00:00,자전거: 01.삼천리 카라 / 컬러: 다크블루(바구니포함),"아주잘쓰고있어요 조그만한 자전거지만 
바퀴가 바람이잘빠지는듯하여 중간마다 바람넣고 다닙니다  여행용으루 쓰기에는 조금 부족한용이지만
그래도 가까을출퇴근용이나 마트장볼때용으루괸찬은거같아요ㆍ마니마니파세요",5,1,부정
lsoc******,2021-11-08T08:00:27.234+00:00,자전거: 03.삼천리 화이트라벨 / 컬러: 블랙,"출퇴근용으로 타고 있는데 타고 다닌지 며칠 안 되서 연결부위 마다  삐걱거리는 소리가 나더군요. 특히 핸들쪽에서 많이 났습니다. 접이식 자전거의 단점이라고 하던데 연결부위마다 구리스를 발라주니 이틀만에 사라졌습니다. 

지금까지 잘 타고 있습니다^^",5,1,긍정
sl27*****,2021-10-24T12:42:56.425+00:00,자전거: 01.삼천리 카라 / 컬러: 다크블루(바구니포함),나쁘지 않아요 그런데 160넘으면 타기 힘들 것 같아요. 안장이 생각보다 낮더라구요. 조립하는데 좀 힘들었어요. 체인도 약간 문제 있엇는데 타다보니 괜찮아졌어요. 안장을 꽉 안조이면 타다가 안장이 내려가서 무릎이 아프더라구요. 값싸서 타기 적당한 느낌이에요~,4,1,부정
dldp*****,2021-11-28T23:04:14.702+00:00,자전거: 01.삼천리 카라 / 컬러: 다크블루(바구니포함),튼튼해보이내요 잘탈게요~,5,1,긍정
sinj*****,2021-12-08T12:55:00.351+00:00,자전거: 01.삼천리 카라 / 컬러: 다크민트(바구니포함),처음배우는초보라 샤이즈가 딱맞아 좋아요 색상도  예쁘네요,4,1,긍정
ghtn***,2021-12-22T13:37:53.609+00:00,자전거: 01.삼천리 카라 / 컬러: 다크민트(바구니포함),싼가격에 너무 잘샀어요!!,5,1,부정
yuri******,2021-11-18T04:38:42.428+00:00,자전거: 01.삼천리 카라 / 컬러: 다크블루(바구니포함),"지하철 역이랑 회사가 멀어서 구매했는데 너무 잘 구매했어요..
진짜 회사까지 편하게 다니네요!",5,1,긍정
smil*********,2021-10-14T13:39:28.231+00:00,자전거: 03.삼천리 화이트라벨 / 컬러: 화이트,"일단 조립하기 쉽구요, 사이즈도 160-180 시행가능해서 좋고 
접의식이라 차에 들고 다니기도 넘 좋고
아이랑 같이 받자마자 타러 갔는데 
좋아요~
다만 제 기준 좀 무거워요, 
그리고 조립 설명서가 없어서 유튜브 보고 했는데
쉬워요, 여자 혼자서도 금방이면 한다는점 ~~",5,1,부정
gang****,2021-11-05T11:43:11.448+00:00,자전거: 03.삼천리 화이트라벨 / 컬러: 화이트,"하루만에 총알배송이 왔어요~^^ 조립도 쉽고 애가 금방타네요~깨끗하고 잘나가고 브레이크도 잘잡히고 좋습니다.
좋은상품 감사합니다.",5,1,긍정
road***,2021-12-24T01:26:16.120+00:00,자전거: 01.삼천리 카라 / 컬러: 다크블루(바구니포함),점 마니 무거워요 ㅠㅠ하아,3,1,긍정
hoba***,2021-12-10T07:31:24.533+00:00,,이쁩니다. 배송도 꼼꼼히 해서 보내주셨습니다.,3,1,긍정
alsr******,2021-11-16T12:34:11.906+00:00,자전거: 03.삼천리 화이트라벨 / 컬러: 화이트,가성비 지존입니다 두대째 구매하네요!! 감사합니다 많이 파세요!,5,1,부정
0119*******,2021-11-20T09:12:58.632+00:00,자전거: 02.삼천리 메이비20 / 컬러: 민트(바구니포함),아직 사이즈가커서 익숙하지않지만 계속연습하고있어요,4,1,긍정
somi******,2021-10-06T01:51:12.960+00:00,자전거: 01.삼천리 카라 / 컬러: 다크블루(바구니포함),"키 158센치라 카라로 구매했는데 사이즈도 딱 맞고 잘 쓰구있어요 자전거타고 20분거리 출퇴근할려고 구매했습니다.
근데 단점이 여자혼자서는 조립하기가 힘듭니다ㅠㅠ 이웃분이 조립해주셨어요 ㅠㅠ!
그리구 바게쓰가 찌그러져서 왔었는데 이리저리 누르니까 원상복구되긴했어요 !",5,1,긍정
sonc********,2021-11-30T06:29:58.242+00:00,자전거: 01.삼천리 카라 / 컬러: 다크민트(바구니포함),8세 남아 126cm 약간 크고 무게가 있어서 좀 힘들다 하네요. 다른건 뭐 괜찮아요.,3,1,부정
join****,2021-10-09T06:17:46.501+00:00,자전거: 03.삼천리 화이트라벨 / 컬러: 화이트,아이 자전거 구매후 와이프 마실용으로 하나 더 샀네요. 가성비는 아주 좋은데 기어쉬프트가 좀 아쉬워서 기어쉬프트하고 핸들 그립만 따로사서 업그레이드 했습니다. 업그레이드하니 아주만족스럽네요.,5,1,긍정
euns*****,2021-10-26T04:43:56.910+00:00,자전거: 01.삼천리 카라 / 컬러: 다크민트(바구니포함),배송도빠르고 아들이 너무좋아하네요 실물색깔이 더마음에드네여   보조바퀴조립이 힘들어 자전거방에서 만원주고 다시 조립했네요가,4,1,긍정
xizz****,2021-11-18T03:24:42.747+00:00,자전거: 02.삼천리 메이비20 / 컬러: 라이트핑크(바구니포함),자전거가 생각보다 빨리왔어요. 딸이 너무 좋아하네요. 편리하고 접이식이라 트렁크에도 들어갈것 같네요. 감사합니다. 수고하세요~~,5,1,부정
kjso*****,2021-11-15T22:36:30.878+00:00,자전거: 01.삼천리 카라 / 컬러: 다크민트(바구니포함),"예쁘고 좋아요
좀 무거워요
애 혼자 접고 펴기에는 힘들겠네요",4,1,긍정
iron***,2021-10-08T01:06:45.267+00:00,자전거: 02.삼천리 메이비20 / 컬러: 민트(바구니포함),"조립이 간단해보이지만, 쉽지만은 않습니다.
할것이 생각보다 많아요. 바퀴 공기주입해야하고, 브레이부분, 기어변속부분 손을 봐야합니다. 보조바퀴도 같이 구매했는데, 동봉된 공구로는 힘들구요, 별도 공구가 필요합니다~ㅠㅠ.
색상은 실물로 카라가 더 예뻐요~
자전거도 잘 나갑니다~~~!!!",5,1,부정
forc*******,2021-11-15T00:12:21.613+00:00,자전거: 01.삼천리 카라 / 컬러: 다크블루(바구니포함),"택배사 문제로 배송이 늦긴했지만 판매자님이 잘 응대해 주셔서 안전하게 물건 잘 받았습니다^^
사진처럼 예쁘구요 아이가 엄청 좋아하네요~",5,1,긍정
ny****,2021-10-21T03:10:51.619+00:00,자전거: 01.삼천리 카라 / 컬러: 다크블루(바구니포함),신발 신으면 165좀 넘는데 안장 높여서 타면 딱이에요. 핸들이랑 안장만 조립하면 돼서 좋아요. 근데 장보기 바구니는 좀 작으니 참고하시길 바래요. 또한 물건은 좋은데 판매담당자분이 불친절하셔서 앞으론 다른 사이트에서 살 생각이에요.,5,1,부정
wngu*****,2021-11-04T21:45:08.554+00:00,자전거: 01.삼천리 카라 / 컬러: 다크블루(바구니포함),가격대비 좋은데 보조바퀴는 업체에서 달기추천드려요ㅎ  쫌 무거움,5,1,긍정
wlsr********,2021-11-09T03:48:56.653+00:00,자전거: 03.삼천리 화이트라벨 / 컬러: 화이트,"출퇴근 용으로 샀는데 좋아요
아쉬운 점은 안장이... 엉덩이가 찢어질 거 같아서 출퇴근 시간과 엉덩이의 수명을 맞바꿨다 생각해야겠습니다.",4,1,긍정
miin****,2021-12-04T07:25:11.773+00:00,자전거: 01.삼천리 카라 / 컬러: 다크블루(바구니포함),"아이가 타기 사이즈도 좋고 튼튼해요 
만족해요",4,1,부정
higi*****,2021-11-09T12:41:45.822+00:00,자전거: 01.삼천리 카라 / 컬러: 다크블루(바구니포함),너무 이쁘네요 좀 무겁지만 뒷 좌석이 있어서 선택했어요 혹시나 아들 태울까봐요,5,1,부정
sjlo*******,2021-11-12T04:48:47.301+00:00,자전거: 02.삼천리 메이비20 / 컬러: 라이트핑크(바구니포함),"바람이 잘 빠지네요 몇번안탔는데요ㅜㅜ
바람넣는거 따루사서 넣었어요",5,1,긍정
dlat********,2021-12-27T14:10:45.452+00:00,자전거: 01.삼천리 카라 / 컬러: 다크민트(바구니포함),좋아요좋아요좋아요좋아요,5,1,긍정
bit1****,2021-11-11T07:02:36.324+00:00,자전거: 01.삼천리 카라 / 컬러: 다크블루(바구니포함),자전거 바꿔주려고 검색해보고 구입했어요. 괜찮아요,5,1,부정
81****,2021-11-11T04:51:53.510+00:00,자전거: 01.삼천리 카라 / 컬러: 다크블루(바구니포함),아이가 너무 잘타요 예쁘고 좋아해요,4,1,부정
a6****,2021-11-07T12:10:12.128+00:00,자전거: 01.삼천리 카라 / 컬러: 다크민트(바구니포함),"초2 아들 키140 잘타네요
생일선물로 사준건데
아들도 좋아하고 만족이요",5,1,부정
evet***,2021-10-31T22:30:42.648+00:00,자전거: 02.삼천리 메이비20 / 컬러: 라이트핑크(바구니포함),잘받았습니다 3학년 여아 자전거 배우고 싶어해 구입 보통키의 여아 아주 잘 맞습니다 색도 예쁘다며 아주 마음에 들어합니다 감사합니다,5,1,긍정
si****,2021-11-07T01:56:54.766+00:00,자전거: 01.삼천리 카라 / 컬러: 다크블루(바구니포함),"자전거 초3여아가 타는데 만족합니다.
다만 바구니는 좀 장식입니다....",5,1,부정
sukw****,2021-11-20T09:29:45.049+00:00,자전거: 03.삼천리 화이트라벨 / 컬러: 블랙,아주 잘 타고 있습니다,5,3,부정
sukw****,2021-11-20T09:30:06.572+00:00,자전거: 03.삼천리 화이트라벨 / 컬러: 화이트,아주 잘 타고 있어요,5,1,부정
lave*******,2021-11-09T11:48:02.166+00:00,자전거: 03.삼천리 화이트라벨 / 컬러: 화이트,큰아이가 좋아하고 저도 함께 탈수있어서 좋아요^^,5,1,긍정
hym6***,2021-12-05T12:33:31.752+00:00,자전거: 01.삼천리 카라 / 컬러: 다크블루(바구니포함),조립하기도쉽고 타기쉬워요,5,1,긍정
se****,2021-11-12T09:34:54.756+00:00,자전거: 01.삼천리 카라 / 컬러: 다크블루(바구니포함),아직 박스는 못 열었지만 평이 넘 좋아 두개 주문했어요.   삼천리,5,1,부정
wisd******,2021-12-05T10:01:25.376+00:00,자전거: 01.삼천리 카라 / 컬러: 다크블루(바구니포함),저한테는좀작은데 잘잡혀요,5,1,긍정
nobe***,2021-11-20T04:48:07.855+00:00,자전거: 02.삼천리 메이비20 / 컬러: 라이트핑크(바구니포함),빠르고 좋습니다. 만족,5,1,부정
lss3****,2021-10-15T14:37:57.108+00:00,자전거: 01.삼천리 카라 / 컬러: 다크블루(바구니포함),"박스 포장 잘 되어서 왔고, 바구니도 찌그러짐 없었네요~~ 자전거 조립은 거의 완성품이라 크게 할껀 없더라구요~~ 많이 파세요 ^^",5,1,긍정
kiki***,2021-12-03T12:56:35.059+00:00,자전거: 01.삼천리 카라 / 컬러: 다크민트(바구니포함),안전 하고 빠르고 좋아요 굳루구구구,5,1,긍정
fanc*******,2021-10-21T22:47:34.615+00:00,자전거: 03.삼천리 화이트라벨 / 컬러: 화이트,조립 다 하고 나면 별거 아닌데 처음이라 버벅거렸네요. 도전해보세요 ㅎㅎ 조립 쉽고 저렴한 접이식이라 걱정했는데 튼튼합니다.,5,2,긍정
song***,2021-11-29T07:34:45.922+00:00,자전거: 01.삼천리 카라 / 컬러: 다크블루(바구니포함),엄마가 잘 탑니다. 가성비 좋네요,5,1,부정
jsh_***,2021-10-24T10:41:45.227+00:00,자전거: 03.삼천리 화이트라벨 / 컬러: 화이트,디자인 이뻐요 근데 안장이 불편해서 봉뽑아서 바꿔낄려는데 남자힘으로 해도 안빠지구 자전거가 처음왔을때처럼 접히지도않아용...요령이없는걸까요 불량인걸까요..ㅠ,4,1,부정
fanc*******,2021-10-21T22:48:19.652+00:00,자전거: 03.삼천리 화이트라벨 / 컬러: 블랙,조립 다 하고 나면 별거 아닌데 처음이라 버벅거렸네요. 도전해보세요 ㅎㅎ 조립 쉽고 저렴한 접이식이라 걱정했는데 튼튼합니다.,5,1,부정
insi***,2021-10-02T08:45:49.955+00:00,자전거: 01.삼천리 카라 / 컬러: 다크블루(바구니포함),아이가 타기전에 제가 먼저 타봤어요~ 브레이크도 잘되고 오래타도 편하고 잘 나가네요^^ 디자인도 너무 예뻐요 초2 키작은 아이 자전거 고르기 난감했는데 저렴한 가격에 엄마랑 같이 탈수있는 자전거라서 너무 맘에 들어요!,5,1,부정
knah***,2021-11-06T05:07:34.184+00:00,자전거: 01.삼천리 카라 / 컬러: 다크블루(바구니포함),"키가 작아서 자전거들이 다들 불편했는데
이건편하게 타고 있어요
잘 구입했습니다",5,1,긍정
sukw*****,2021-11-04T10:49:29.218+00:00,자전거: 01.삼천리 카라 / 컬러: 다크블루(바구니포함),배송도 안전하게 잘왔구요 가성비도 좋네요!,5,1,긍정
ps****,2021-12-14T20:25:38.694+00:00,자전거: 03.삼천리 화이트라벨 / 컬러: 화이트,Love love love,5,1,긍정
te****,2021-11-12T16:47:34.767+00:00,자전거: 01.삼천리 카라 / 컬러: 다크블루(바구니포함),"아이가 잘타고 있어요
상품 훌륭합니다",5,1,부정
lks0***,2021-10-06T10:27:30.183+00:00,자전거: 01.삼천리 카라 / 컬러: 다크블루(바구니포함),"역시 삼천리인가봐요
170남자인데 기존 10만원짜리 싸구려 자전거 타다 이거 타니 같은 무게인데도
실제로 탈때는 엄청 가볍네요
혼자서 조립할수 있구요
단, 브레이크 조율은 유투브 보고했네요
자전거는 좋아요
바구니는 조금 작네요
큰바구니 필요하신분은 별도로 사셔야할듯
손가방같은건 넣어도 일반가방은 못넣어요",5,1,긍정
no****,2021-11-02T11:17:12.632+00:00,자전거: 01.삼천리 카라 / 컬러: 다크민트(바구니포함),조립도 80%는 완료되서 오네요. 초등2학년 딸이 타기에 너무 좋아요.,5,1,부정
sunr******,2021-10-16T01:08:57.362+00:00,자전거: 01.삼천리 카라 / 컬러: 다크블루(바구니포함),"동봉된 조립설명서가 별 도움이 되질 않아요.
특히 핸들 조립은 헤매다 유튜브에 누가 올린 동영상보고 겨우 맞췄네요.
어쨋든 설치 다 하니 초3아이 너무 좋아해요.",5,1,긍정
jd****,2021-10-05T08:41:58.512+00:00,자전거: 01.삼천리 카라 / 컬러: 다크블루(바구니포함),"초6 딸아이용 자전거로 구매했구요.
디자인도 이쁘고, 타기도 좋네요.
딸아이가 너무 좋아합니다.
그리고 무엇보다 제조사의 대응이 좋았습니다.
조립후, 체인에 문제가 있어 반품해야하는지 고민했는데요. 이미조립한거 다시 분해하고, 포장하고 택배보내고 다시받고.ㅠ 일단 고객상당실 전화드렸드니, 무엇보다 죄송하다고 하시며, 근처 자전거 수리점가셔서 수리후 영수증첨부하면된다고 하셔서 수월하게 처리했습니다. 물론, 영수증보내고 금액은 돌려받았구요. 
이금액에 가끔 불량품도 나올수있다구 생각은하구요.
다만 이후처리에서 고객응대와 처리과정이 좋았다고 생각합니다.^^ 
많이 파시고, 대박나세요.~",5,1,긍정
c5****,2021-11-13T11:55:10.902+00:00,자전거: 01.삼천리 카라 / 컬러: 다크블루(바구니포함),가성비 최고예요~~,5,1,부정
mi****,2021-10-22T04:21:43.453+00:00,자전거: 01.삼천리 카라 / 컬러: 다크블루(바구니포함),페인트 살짝 까진 부분 있기는 한데 딱히 신경은 안 써서 괜찮아요 바람은 넣어서 탔고 여자가 타기 좋은 사이즈긴 한데 무겁긴 합니다,4,1,부정
leeh*****,2021-11-07T18:04:52.112+00:00,자전거: 01.삼천리 카라 / 컬러: 다크블루(바구니포함),9살 딸 아주잘타고 있어요 성인이타도 무리없이 탈수 있어요,5,1,부정
sung******,2021-10-17T04:18:37.385+00:00,자전거: 01.삼천리 카라 / 컬러: 다크블루(바구니포함),"빠른 배송 좋습니다. 다만, 뒷 브레이크쪽이 좀 이상한 듯 해서 AS를 받아야 할 듯 싶네요. 교환하기에는 물건이 좀 커서...",5,1,부정
alsr******,2021-10-31T14:02:19.661+00:00,자전거: 03.삼천리 화이트라벨 / 컬러: 화이트,배송빠르고 좋습니다 엉덩이가 좀 아픈데 안장은 한번 손을 봐야겠네요~,5,1,부정
bsk0***,2021-11-02T08:01:25.142+00:00,자전거: 02.삼천리 메이비20 / 컬러: 민트(바구니포함),"애들이잘타고있습니다.
그런데바람이 한번 그냥빠지고  핸들 고정이좀풀리던데 맞춰서 타고는있습니다",5,1,부정
irag*****,2021-11-25T11:55:44.109+00:00,자전거: 01.삼천리 카라 / 컬러: 다크블루(바구니포함),잘받았습니다잘받았습니다잘받았습니다,5,1,부정
jjw8***,2021-10-19T11:36:42.185+00:00,자전거: 04.삼천리 로시난테 / 컬러: 네이비,디자인이 이쁘고 싼맛에 구매했는데 대충잘굴러갑니다. 앞 휠 자체가 조금 휘었지만 치명 결함은 아니라 대충 쓰려합니다,3,1,부정
k1****,2021-10-23T10:53:08.379+00:00,자전거: 01.삼천리 카라 / 컬러: 다크민트(바구니포함),바구니가 좀 찌그러져 온 것을 빼고는 대체로 품질이 좋아보입니다 기어 변환도 잘 되고 조립도 간단하네요,5,1,긍정
bk****,2021-11-09T09:46:03.317+00:00,자전거: 03.삼천리 화이트라벨 / 컬러: 블랙,간단하게타기좋은듯하네요~~,5,1,긍정
effo******,2021-11-11T15:32:21.596+00:00,자전거: 01.삼천리 카라 / 컬러: 다크블루(바구니포함),"아들이 좋아해요.
추워서 요즘은 안타고 있지만 아들이 맘에 들어하고 평소 좋아합니다.",5,1,부정
lo****,2021-11-24T12:11:29.871+00:00,자전거: 01.삼천리 카라 / 컬러: 다크블루(바구니포함),배송도 빠르고 좋아요,5,1,부정
agne*****,2021-11-08T00:00:56.544+00:00,자전거: 02.삼천리 메이비20 / 컬러: 라이트핑크(바구니포함),가성비 좋습니다. 동네 삼천리 자전거 사장님께 출장 조립 의뢰해서 출장비 15000원과 조립비 25000원 해서 총 40000원 내고 했어요. 그래도 여기서 사는게 매장보다 가성비 있어요. 추천합니다.,5,1,부정
skco*****,2021-11-05T12:04:49.762+00:00,자전거: 04.삼천리 로시난테 / 컬러: 네이비,좀 무겁긴한데 가성비 좋아요~,4,1,부정
skco*****,2021-11-05T12:06:14.176+00:00,자전거: 01.삼천리 카라 / 컬러: 다크블루(바구니포함),무겁김한데 가성비좋아요,4,1,부정
ku****,2021-11-02T11:51:33.036+00:00,자전거: 03.삼천리 화이트라벨 / 컬러: 화이트,이프고 저렴하게 잘 샀어요,5,1,부정
kjk8*****,2021-11-03T13:56:39.460+00:00,자전거: 01.삼천리 카라 / 컬러: 다크민트(바구니포함),배송도 빠르고 좋았어요.,5,1,부정
lks0***,2021-11-05T06:20:44.358+00:00,자전거: 01.삼천리 카라 / 컬러: 다크블루(바구니포함),"무거운데 탈때는 가벼워요
좋아요",5,1,긍정
dkal*******,2021-10-13T12:42:47.510+00:00,자전거: 03.삼천리 화이트라벨 / 컬러: 화이트,안전하게 배달 왔습니다. 조립하고 타보니 뒷바퀴 바람이 빠져있어서ㅜ 바람 넣으러 다녀왔네여... 다 좋은데 이거하나 아쉽습니다. 잘타다가 한달후 사용후기도 써볼께여!,5,1,긍정
soba****,2021-10-18T09:34:26.864+00:00,자전거: 02.삼천리 메이비20 / 컬러: 라이트핑크(바구니포함),엄마가 탄다고 핑크로 주문했는데 이뻐요. 배송이 엄청 빠르고요.,5,1,긍정
moon***,2021-10-27T12:46:24.986+00:00,자전거: 03.삼천리 화이트라벨 / 컬러: 화이트,저렴한데 이쁘네요 화이트라벨,4,1,긍정
mari****,2021-11-05T02:24:08.679+00:00,자전거: 01.삼천리 카라 / 컬러: 다크민트(바구니포함),빠른배송감사합니다~~색도예쁘고 아이가 너무 좋아합니다~~~,5,1,긍정
kdj5***,2021-11-18T01:13:25.305+00:00,자전거: 01.삼천리 카라 / 컬러: 다크민트(바구니포함),가격대비 견고하고 아주 좋습니다,5,1,부정
sjlo*******,2021-10-05T04:39:07.648+00:00,자전거: 02.삼천리 메이비20 / 컬러: 라이트핑크(바구니포함),너무예뻐요 아이도좋아하구요 ㅎㅎ 손잡이도옵션구매했는데 하길잘했어요 아직 페달을 잘안구르려해서요 클래식해서넘귀여워요,5,1,긍정
qust******,2021-10-25T06:49:52.251+00:00,자전거: 01.삼천리 카라 / 컬러: 다크블루(바구니포함),솔직히 부실하네요  걍수리점가서 돈주고라도고쳐야겠네요,1,1,긍정
id****,2021-11-13T22:34:58.756+00:00,자전거: 01.삼천리 카라 / 컬러: 다크블루(바구니포함),"잘 쓰고 있어요 
아이도 제법 타구요 ~ 
나중엔 아이랑 자전거 같이 타겠어여",5,1,긍정
qust******,2021-11-26T04:06:08.436+00:00,자전거: 01.삼천리 카라 / 컬러: 다크블루(바구니포함),허술합니디ㅡ 그래도잘탈게요,1,1,긍정
morp********,2021-11-24T12:51:50.222+00:00,자전거: 01.삼천리 카라 / 컬러: 다크블루(바구니포함),초1이 타기 좋아요,5,1,부정
klyk******,2021-10-18T07:54:31.930+00:00,자전거: 01.삼천리 카라 / 컬러: 다크블루(바구니포함),동네 마실 나갈 때 아주 유용하게 잘 쓰고있어요ㅎㅎ 마음에 들어요,5,1,긍정
se****,2021-10-16T01:42:44.020+00:00,자전거: 01.삼천리 카라 / 컬러: 다크블루(바구니포함),"좋은상품 저렴하게 잘받았습니다~
잘나가고 잘서고 휴대하기 좋습니다
더불어 스타일도 굿~!!",5,1,긍정
joon******,2021-10-16T15:47:12.021+00:00,자전거: 01.삼천리 카라 / 컬러: 다크블루(바구니포함),디자인도 예쁘고 아들이 타기에 아주 잘맞아요 살짝 걱정 했는데 아들도 좋아해요,5,1,긍정
pst3***,2021-10-22T12:28:39.555+00:00,자전거: 03.삼천리 화이트라벨 / 컬러: 블랙,만족해요 근데 동네 자전거가게에 똑같은거 17만원에 파네요..,4,1,부정
mc_h***,2021-10-13T05:41:29.584+00:00,자전거: 01.삼천리 카라 / 컬러: 다크민트(바구니포함),색상도 너무 좋고 조립도 다되어서오네요^^ 보조바퀴만 직접 달았네요,5,1,부정
poro*******,2021-10-19T11:54:56.340+00:00,자전거: 01.삼천리 카라 / 컬러: 다크민트(바구니포함),보조 바퀴 졸업 기념으로 사줬어요 아이가 엄청 좋아합니다 ^^*,5,1,부정
lljh***,2021-11-15T12:30:17.965+00:00,자전거: 02.삼천리 메이비20 / 컬러: 민트(바구니포함),"참 좋아요
후회없는 선택입니다",5,1,긍정
ora2****,2021-10-09T03:48:23.883+00:00,자전거: 02.삼천리 메이비20 / 컬러: 민트(바구니포함),"접을때 방법을 잘몰라 고샹을 했는데
생각보다 쉽네요. 
접하는곳 힌지부분을 살짝올리니 쉽게 접히네요. 
배송, 상태 다 좋네요",5,1,긍정
road***,2021-11-20T00:17:15.110+00:00,자전거: 01.삼천리 카라 / 컬러: 다크블루(바구니포함),무겁긴해여 디자인은 이쁜데,4,1,긍정
hoho***,2021-10-14T08:24:41.368+00:00,자전거: 01.삼천리 카라 / 컬러: 다크민트(바구니포함),우와 사진보다 실물이 훨씬 이쁘고 좋네요 ㅎㅎ아이가 만족해합니다,5,1,부정
lljh***,2021-11-15T12:26:54.820+00:00,자전거: 03.삼천리 화이트라벨 / 컬러: 화이트,"참 좋아요
K7트렁크에 2대 넉넉하게 들어갑니다",5,1,부정
tank****,2021-10-22T09:33:43.295+00:00,자전거: 02.삼천리 메이비20 / 컬러: 민트(바구니포함),"사진보다 실물이 더 이쁘네요
아이도 너무 좋아해요~",5,1,긍정
aime****,2021-12-18T06:26:33.182+00:00,자전거: 01.삼천리 카라 / 컬러: 다크블루(바구니포함),굿~~~~~~~~~~~~~~~~~~~~~,5,1,긍정
khyu*****,2021-11-18T01:02:27.342+00:00,자전거: 01.삼천리 카라 / 컬러: 다크블루(바구니포함),아이들이 타기 좋아요,5,1,부정
soph*****,2021-10-04T02:41:15.410+00:00,자전거: 04.삼천리 로시난테 / 컬러: 네이비,배송빠르고 예쁘네요 ㅎㅎ원래 화이트라벨이랑 고민했는데 안장이 아플거같아서 로시난테로 바꿨어요 여자가 타기 딱인거같아여 ㅎㅎ 기어변속시 소리는 좀 나요... ㅎㅎ,4,1,부정
wisj***,2021-10-12T11:44:06.889+00:00,자전거: 01.삼천리 카라 / 컬러: 다크민트(바구니포함),예쁘고 좋군요. 가격에 비해 좋은 품질의 제품이네요.,5,1,부정
bam4***,2021-11-15T08:42:17.025+00:00,자전거: 01.삼천리 카라 / 컬러: 다크민트(바구니포함),딸아이가 엄청 좋아합니다,5,1,긍정
alwa******,2021-10-25T03:00:06.391+00:00,자전거: 02.삼천리 메이비20 / 컬러: 민트(바구니포함),이뻐요~ 마음에 들러요.,5,1,부정
bast********,2021-11-27T00:55:04.308+00:00,자전거: 02.삼천리 메이비20 / 컬러: 라이트핑크(바구니포함),..........,4,1,긍정
bast********,2021-11-27T00:54:34.781+00:00,자전거: 01.삼천리 카라 / 컬러: 다크블루(바구니포함),.................,4,1,긍정
join****,2021-10-03T11:59:55.968+00:00,자전거: 03.삼천리 화이트라벨 / 컬러: 블랙,"초등4학년 딸아이 너무 좋아합니다
조립도 간편하고 기어 조율이 조금 어렵지만 그래도
자전거 조금 아시는 분들이라면 금방 조립됩니다
와이프가 부러워해서 다시하나 구매합니다",5,1,긍정
heew*****,2021-11-13T17:51:09.116+00:00,자전거: 04.삼천리 로시난테 / 컬러: 네이비,가격대비 아주 만족 합니다~!!!,4,1,긍정
ho****,2021-11-10T12:35:52.853+00:00,자전거: 03.삼천리 화이트라벨 / 컬러: 화이트,접이식이라 무거운것만 빼면 이쁘고 좋습니다~ 출퇴근용으루 딱이네여~^^,5,1,부정
naho***,2021-11-04T22:10:05.139+00:00,자전거: 01.삼천리 카라 / 컬러: 다크블루(바구니포함),"키150,자전거초보인사람으로
저렴한가격,적당한크기등
모든것에만족합니다",4,1,부정
solo****,2021-10-25T11:59:36.063+00:00,자전거: 03.삼천리 화이트라벨 / 컬러: 블랙,이제야  혼자 자전거를 잘 탈수 있내요,5,1,긍정
wate*******,2021-10-10T08:01:59.947+00:00,자전거: 02.삼천리 메이비20 / 컬러: 라이트핑크(바구니포함),"빨리왔고 애들도 좋아하네요.
조립도 쉽다고 합니다.",4,1,부정
doma****,2021-10-26T00:56:08.192+00:00,자전거: 01.삼천리 카라 / 컬러: 다크민트(바구니포함),조립도 쉽고 좋아요,5,1,부정
jkch****,2021-10-15T05:40:06.447+00:00,자전거: 03.삼천리 화이트라벨 / 컬러: 블랙,가까운곳 산책하기 좋습니다 안장은 교체했어요 다른 모델로 아들녀석 추가 구매하네요,4,1,긍정
wisj***,2021-10-12T11:41:41.591+00:00,자전거: 01.삼천리 카라 / 컬러: 다크블루(바구니포함),마음에 듭니다. 가성비 좋은 제품입니다. 추천합니다!,5,1,부정
13ma***,2021-11-05T11:06:26.381+00:00,자전거: 02.삼천리 메이비20 / 컬러: 라이트핑크(바구니포함),배송빠르고 또 색깔도 맘에듭니다,5,1,긍정
gosu*****,2021-10-25T13:50:49.904+00:00,자전거: 01.삼천리 카라 / 컬러: 다크블루(바구니포함),여가시간에 잘 타고 있어요,4,1,긍정
te****,2021-10-07T01:57:59.801+00:00,자전거: 01.삼천리 카라 / 컬러: 다크블루(바구니포함),"빠른배송 굿
저렴하게 잘샀어요
키큰 초2 좋다고 하네요 잘타겠습니다",5,1,긍정
llby********,2021-10-02T08:33:55.086+00:00,자전거: 04.삼천리 로시난테 / 컬러: 네이비,저가형이라서 오프라인에는 안 팔길래 온라인으로 샀어요. 빠른 배송 감사합니다. 조립 미흡인지 삐걱 소리는 많이 나요.,5,1,긍정
dyda******,2021-09-27T16:17:57.070+00:00,자전거: 01.삼천리 카라 / 컬러: 다크블루(바구니포함),"저렴한 가격에 잘 쓰고 있습니다.
안장이 잘 고정되지 않는 것 같아 걱정했는데
힘을주고 막 내리지 않는 이상 안내려가요.
제 조립법이 맞는지 모르겠습니다&hellip;;
딱 가격 값 해요.",3,1,긍정
lsoc******,2021-10-01T02:58:19.603+00:00,자전거: 03.삼천리 화이트라벨 / 컬러: 블랙,출퇴근용으로 샀어요 크기도 작고 접혀지니까 가게 창고랑 집 현관에 두기도 좋습니다,5,1,긍정
terr***,2021-09-30T04:22:09.611+00:00,자전거: 01.삼천리 카라 / 컬러: 다크민트(바구니포함),부품이 깨져와서 직접수리하는 번거러움이 있었지만.. 수리센터로 무겁게 들고가서 고쳐옴.. 아이가 좋아하니 좋네요. 연락이 잘 안되는 점은 꼭 개선하셔야할 듯 합니다. 좀 화 날 뻔했네요.,4,1,부정
haen******,2021-11-13T07:21:13.023+00:00,자전거: 03.삼천리 화이트라벨 / 컬러: 블랙,조립도 쉽고  배송도 빨라요,5,1,긍정
ti****,2021-10-15T22:52:08.570+00:00,자전거: 02.삼천리 메이비20 / 컬러: 라이트핑크(바구니포함),"이쁩니다. 다만 조립하는데
은근시간이 걸리네요",5,1,부정
topa***,2021-10-31T09:01:29.616+00:00,자전거: 04.삼천리 로시난테 / 컬러: 네이비,"엄청 빠른 배송 감사합니다
근데 조립방법을 설명서로 보내주시면 더 좋을듯 합니다",5,1,긍정
yoon*****,2021-10-31T05:51:46.484+00:00,자전거: 03.삼천리 화이트라벨 / 컬러: 화이트,매일 따릉이만 타다가 자전거 직접 구매해서 타보니 오르막길도 올라가는데 훨씬 수월하고 좋아요..,5,1,긍정
fc****,2021-10-04T00:07:17.763+00:00,,초2 딸아이 타려고 구매했는데 안장을 낮추워 조립했더니 잘 맞네요.. 색도 너무 진하지 않아 연핑크 정말 좋아합니다^^,5,1,부정
jhma****,2021-11-06T04:52:06.673+00:00,자전거: 04.삼천리 로시난테 / 컬러: 네이비,두개 중에 한개가 기어가 좀 이상했는데 오빠가 고쳐줘서 잘 타고 있어요,5,1,긍정
jkch****,2021-10-18T00:42:25.627+00:00,자전거: 01.삼천리 카라 / 컬러: 다크블루(바구니포함),배송빠르고 아들녀석도 좋아하네요,4,1,부정
0018***,2021-10-10T01:55:25.577+00:00,자전거: 01.삼천리 카라 / 컬러: 다크민트(바구니포함),입문용으로 좋아요 조립은 자전거전문점 가서 다시했네용,4,1,긍정
leeh*****,2021-10-10T00:36:47.395+00:00,자전거: 01.삼천리 카라 / 컬러: 다크블루(바구니포함),아주 좋아요 초등2학년 사랑스러운딸 좋아서 잘탑니다,5,1,긍정
tmdd****,2021-09-28T16:27:20.895+00:00,자전거: 03.삼천리 화이트라벨 / 컬러: 블랙,"가격대비 다른건 넘어가겠는데
 앞쪽 타이어,브레이크부분?? 에서 10년된 자전거처럼 끼익끼익 소리너무나요 창피해요;; ㅠ
구매한지 얼마안된건데..",1,1,긍정
li****,2021-10-07T00:17:53.458+00:00,자전거: 01.삼천리 카라 / 컬러: 다크블루(바구니포함),"키 154 안장 살짝 높이고
조절하니까 딱 좋아요
선물했는데 좋아합니다
타이거 공기압은 한번 체크필수",5,1,긍정
yoon****,2021-10-11T08:55:00.827+00:00,자전거: 02.삼천리 메이비20 / 컬러: 민트(바구니포함),"견고하고 좋아요 
색상이 아주 맘에 들고 타기도 편합니다",4,1,부정
gamj******,2021-11-07T11:54:47.825+00:00,자전거: 01.삼천리 카라 / 컬러: 다크블루(바구니포함),배송 빠르고 조립도 간단하네요,5,1,부정
mani****,2021-10-10T09:10:13.470+00:00,자전거: 01.삼천리 카라 / 컬러: 다크블루(바구니포함),"빠른 배송 안전한 배송 맘에 듭니다
색상도 이쁘네요",5,1,부정
hyej********,2021-09-14T03:58:17.869+00:00,자전거: 03.삼천리 화이트라벨 / 컬러: 화이트,넘 이쁘구 좋아여~ 그냥 집근처 1~2키로 다니려고 샀는데 만족합니당 바구니 달아주니 완벽하네유 안장이 조금 불편하긴 해여! 조립은 두명이서 했는데 핸들이 돌아가있어서 근처 자전거샵 가서 만원주고 다시 조립하고 조율했습니다^.^,5,1,부정
c6****,2021-10-28T09:44:20.569+00:00,자전거: 01.삼천리 카라 / 컬러: 다크블루(바구니포함),"보조바퀴 장착하느라 자전거 대리점에서 돈주고 했네요
나사가 안 풀어지고 ㅡㅡ
대리점 사장님한테도 싫은 소리 듣고&hellip;사장님도 힘들게 하시더군요",3,1,부정
rudd*******,2021-11-03T06:42:34.008+00:00,자전거: 01.삼천리 카라 / 컬러: 다크민트(바구니포함),잘받았습니다 잘받았습니다 감사합니다,5,1,긍정
id****,2021-10-15T01:47:59.168+00:00,자전거: 01.삼천리 카라 / 컬러: 다크블루(바구니포함),"대체휴일이껴서 그렇지 배송은 빨랏구요 
자전거 넘 좋아하네요 ~ 아이가 ^^ 
여자혼자 조립은 쫌 힘들거 같구요 
아예 자전거샵에서 세팅받는것도 좋은생각인거 같아요 ,,  신랑이 초기세팅한다고 고생쫌하더라구요 ;;:",5,1,긍정
caes******,2021-10-18T10:46:33.649+00:00,자전거: 02.삼천리 메이비20 / 컬러: 라이트핑크(바구니포함),자전거 이뻐요 잘탈께요,5,1,부정
yes5***,2021-09-29T11:48:51.969+00:00,자전거: 01.삼천리 카라 / 컬러: 다크블루(바구니포함),감사해요 조립도 쉽고 키작은 저에게 안장높이도 알맞게 조절되고 마음에들아요^^ 잘 타고 다니겠습니다,5,1,긍정
king******,2021-10-05T06:00:25.679+00:00,자전거: 01.삼천리 카라 / 컬러: 다크블루(바구니포함),조립도 쉽고 아이가 너무 좋아해요 그리고 튼튼해요~^^,5,1,부정
yes5***,2021-10-31T11:31:49.534+00:00,자전거: 01.삼천리 카라 / 컬러: 다크블루(바구니포함),잘타고있어요 자전거 너무 이쁘고 마음에들아요,5,1,긍정
fk****,2021-10-21T02:42:27.046+00:00,자전거: 01.삼천리 카라 / 컬러: 다크민트(바구니포함),아주좋습니다~~~~,5,1,긍정
guin******,2021-10-09T12:09:10.190+00:00,자전거: 01.삼천리 카라 / 컬러: 다크블루(바구니포함),튼튼하니 좋습니다. 잘 타고 있어요.,5,2,긍정
hunl******,2021-10-26T23:08:02.683+00:00,자전거: 03.삼천리 화이트라벨 / 컬러: 화이트,조립하는과정이 조금복잡하기는 하지만 저렴하고 좋습니다.,4,1,긍정
hanr***,2021-10-29T19:54:20.162+00:00,자전거: 01.삼천리 카라 / 컬러: 다크블루(바구니포함),인근자전거매장가보고 가격깜놀해서 저렴이로구입,5,1,긍정
dkdl*****,2021-11-04T11:17:10.771+00:00,자전거: 04.삼천리 로시난테 / 컬러: 네이비,만족합니다 만족합니다,3,1,긍정
l991***,2021-10-28T04:06:05.993+00:00,자전거: 01.삼천리 카라 / 컬러: 다크블루(바구니포함),무겁긴한데 좋아요. 바구니까지 있고,5,1,부정
flyh******,2021-10-31T07:47:08.438+00:00,자전거: 01.삼천리 카라 / 컬러: 다크블루(바구니포함),아담해서 좋습니다. 자주 타려구요,4,1,부정
c5****,2021-10-13T23:56:57.572+00:00,자전거: 01.삼천리 카라 / 컬러: 다크블루(바구니포함),굿 가성비 좋아요 튼튼해용,5,1,긍정
won3***,2021-10-11T04:30:40.476+00:00,자전거: 04.삼천리 로시난테 / 컬러: 네이비,조립하는데 시간이걸렸지만 좋습니다,5,1,부정
voca*******,2021-10-12T18:46:44.368+00:00,자전거: 04.삼천리 로시난테 / 컬러: 네이비,아주 예쁘고 정리하기 쉬워요!!!!!!!!,5,1,긍정
lar9***,2021-11-12T08:06:58.778+00:00,자전거: 03.삼천리 화이트라벨 / 컬러: 화이트,아직 뜯짐 않았는데 하자없ㄱㅔㅆ죠,5,1,긍정
qwer****,2021-10-06T10:55:57.445+00:00,자전거: 01.삼천리 카라 / 컬러: 다크민트(바구니포함),가성비좋아요 근데. 좀 무겁긴한거같아요,5,1,부정
prom*******,2021-10-04T12:36:18.169+00:00,자전거: 01.삼천리 카라 / 컬러: 다크블루(바구니포함),좋아요 튼튼하고 만족합니다,5,1,긍정
hym6***,2021-10-17T14:07:56.651+00:00,자전거: 01.삼천리 카라 / 컬러: 다크블루(바구니포함),가성비가 좋아요~~~~~,5,1,부정
hyun********,2021-11-03T00:55:20.820+00:00,자전거: 02.삼천리 메이비20 / 컬러: 민트(바구니포함),배송도 빠르고 조립도 쉽네요,5,2,부정
dbgu******,2021-11-08T01:12:16.202+00:00,자전거: 03.삼천리 화이트라벨 / 컬러: 블랙,음..   좋네요 많이 파셍ᆢㄷ,5,1,부정
sjhw***,2021-10-28T02:08:36.413+00:00,자전거: 01.삼천리 카라 / 컬러: 다크블루(바구니포함),아이가좋아해요 잘타네요,5,1,부정
miso******,2021-10-01T13:36:02.232+00:00,자전거: 01.삼천리 카라 / 컬러: 다크민트(바구니포함),디자인 좋고 가성비좋아요  자전거 업체 가서 핸들을 한번 손 봐야겠네요,4,1,긍정
dque*****,2021-11-03T07:37:46.232+00:00,자전거: 01.삼천리 카라 / 컬러: 다크민트(바구니포함),튼튼하고 좋습니다. ^^,5,1,부정
rnrn***,2021-11-05T04:00:17.522+00:00,자전거: 01.삼천리 카라 / 컬러: 다크블루(바구니포함),자전거 좋아용~~~~,5,1,긍정
jws1***,2021-11-01T01:19:43.864+00:00,자전거: 02.삼천리 메이비20 / 컬러: 민트(바구니포함),"잘사용하고있습니다
많이파세요",4,1,긍정
flyh******,2021-10-31T07:45:23.054+00:00,자전거: 04.삼천리 로시난테 / 컬러: 네이비,아담해서 가볍고 좋습니다 ㅎㅎ,3,1,부정
81****,2021-10-02T12:16:30.909+00:00,자전거: 01.삼천리 카라 / 컬러: 다크블루(바구니포함),"튼튼하고 좋아요^^
아이들이 좋아해요^^",5,1,부정
xeno****,2021-10-09T09:19:50.992+00:00,자전거: 02.삼천리 메이비20 / 컬러: 민트(바구니포함),색상도 좋고 잘타고 있습니다.,5,1,부정
banu***,2021-10-29T05:01:39.016+00:00,자전거: 04.삼천리 로시난테 / 컬러: 네이비,출퇴근용으로 샀는데 많이 무겁네요 자전거가ㅠㅠ,4,1,긍정
devi****,2021-08-22T01:58:44.880+00:00,자전거: 04.삼천리 로시난테 / 컬러: 네이비,실물 이쁘고 좋네요. 자가조립도 핸들과 안장쪽만 하면 되서 간편합니다. 다만 브레이크가 휠에 닿는 느낌이 들어서 가까운 매장에 가져가서 점검 받아야 하는 불편함은 있네요. 9월부터 와이프 출퇴근용으로 구매한건데 예쁘다고 엄청 좋아하네요. 바구니랑 폰거치대랑 컵홀더 달아주니 실용성도 굿굿 ^^,5,1,긍정
krim****,2021-10-16T09:20:32.098+00:00,자전거: 01.삼천리 카라 / 컬러: 다크민트(바구니포함),"우리딸 자전거 사줬는데 이쁘다고 좋아하네요
번창하세요",5,1,긍정
prom*******,2021-09-29T01:29:40.906+00:00,자전거: 01.삼천리 카라 / 컬러: 다크블루(바구니포함),"자전거 딱 제가 원하는 사이즈예요
집앞 근처 이동할때 사용하려고 샀는데 잘산것같아요^^",4,1,부정
miss****,2021-09-28T00:47:45.998+00:00,자전거: 01.삼천리 카라 / 컬러: 다크블루(바구니포함),"접기 편하네요
아이도 잘타구요",5,1,긍정
s343****,2021-10-19T11:45:28.208+00:00,자전거: 04.삼천리 로시난테 / 컬러: 네이비,"디자인이 이쁘네요
조립설명서가 없어서 조금 아쉽네요",4,1,긍정
sind*****,2021-10-05T10:40:19.993+00:00,자전거: 04.삼천리 로시난테 / 컬러: 네이비,"만족합니다
접으니 귀엽네요",4,1,긍정
shys****,2021-09-22T07:58:25.674+00:00,자전거: 01.삼천리 카라 / 컬러: 다크블루(바구니포함),"접이식이라 편하고, 튼튼해요.
무엇보다도 아이가 넘 좋아하네요^^
좋은제품 감사합니다.",5,1,부정
roy9***,2021-10-28T11:32:38.782+00:00,자전거: 03.삼천리 화이트라벨 / 컬러: 화이트,배송빠르고 깔끔합니다,5,1,부정
neve*******,2021-09-29T03:50:40.374+00:00,자전거: 01.삼천리 카라 / 컬러: 다크블루(바구니포함),양호하네요. 집안에서 타보기만 했는데 날씨 좋을때 나가서 타봐야겠네요.,5,1,긍정
dhfp******,2021-10-01T02:44:47.460+00:00,자전거: 02.삼천리 메이비20 / 컬러: 라이트핑크(바구니포함),아이가 좋아해요! 잘타겠습니다,5,1,긍정
prom*******,2021-10-04T12:35:48.481+00:00,자전거: 01.삼천리 카라 / 컬러: 다크민트(바구니포함),좋아요 튼튼하고 조립이 쉽네요,4,1,부정
visi*****,2021-10-25T11:48:04.274+00:00,자전거: 01.삼천리 카라 / 컬러: 다크블루(바구니포함),편하게 트렁크에 넣고 다녀서 좋아요~~,5,1,부정
yeli*****,2021-10-04T09:40:39.458+00:00,자전거: 01.삼천리 카라 / 컬러: 다크블루(바구니포함),가볍게 타려고 샀는데 만족스럽습니다!,5,1,긍정
earp****,2021-09-03T00:47:59.056+00:00,자전거: 01.삼천리 카라 / 컬러: 다크블루(바구니포함),"손상없이 잘 왔어요
뒷바퀴 돌 때 기어가 살짝 꿈틀거리는 것이 있지만 둘 다 그런걸  보니 원래그런가봐요 탈 때는 몰라요",5,1,긍정
dkdl*****,2021-10-01T12:06:23.647+00:00,자전거: 04.삼천리 로시난테 / 컬러: 네이비,핸들 중간부가 살짝 휘었고 접는부분 잠금장치가 살짝 헐거운데 지켜봐야할듯,2,1,부정
hjuh******,2021-09-07T12:32:46.874+00:00,자전거: 04.삼천리 로시난테 / 컬러: 네이비,"일단 매장에 있는 자전거보다 저렴해서 좋구요
아이가 엄청 좋아하네요~
색상도 이쁘고 하자없이 와서 좋습니다",5,1,부정
moku******,2021-10-29T02:40:07.754+00:00,자전거: 01.삼천리 카라 / 컬러: 다크민트(바구니포함),아들이 무척 좋아합니다.,5,1,부정
nd****,2021-10-29T04:18:47.027+00:00,자전거: 03.삼천리 화이트라벨 / 컬러: 블랙,가볍고 타기 좋네요,4,1,긍정
tjdt*****,2021-09-30T06:49:44.463+00:00,자전거: 04.삼천리 로시난테 / 컬러: 네이비,조립 잘 했어요 ㅎㅎ 내일한번 타봐야지,5,1,부정
cois*****,2021-08-21T04:45:17.256+00:00,자전거: 02.삼천리 메이비20 / 컬러: 라이트핑크(바구니포함),초1학년 125cm 40kg의자  다내리면 발바닥 두발  다 다고 5cm위로 올리고 타니  딱이네요 핸들은 최대로 내리고 타면되고  초  고학년까지 타도되겠어요 자전거 접는거는 아직 길이안들어  뻐뻑하고  전체적으로  볼트 풀린거있나  다 쪼이고 브레이크패드 내려가있어  다시 조정하고 디자인 넘 예뻐여  틀별  하자없이  잘 도착했네요  만족합니다,5,1,부정
klyk******,2021-09-12T10:15:24.709+00:00,자전거: 01.삼천리 카라 / 컬러: 다크블루(바구니포함),동네 마실용으로 샀는데 조립도 쉽고 잘 나가고 디자인도 괜찮아요~ 사은품으로 온 라이트는 불량이네요ㅜㅜ,5,1,긍정
suki****,2021-09-24T07:01:58.376+00:00,자전거: 02.삼천리 메이비20 / 컬러: 민트(바구니포함),첫째에 이어 둘째도 구입했어요 완전 좋아하네요,5,1,긍정
7r****,2021-09-05T23:14:03.706+00:00,자전거: 01.삼천리 카라 / 컬러: 다크블루(바구니포함),"조립도 너무 쉽고 안장도 폭식해요 
높이 조절도 가능해서 사용자에 맞게 조절해서 사용하니 좋아요 오르막길에서는 패달 더 열심히 밟아야긴한데 오를만 하더라구요 작아서 마음에 들어요 ㅎㅎ",5,1,부정
wjla***,2021-10-02T02:52:59.394+00:00,자전거: 01.삼천리 카라 / 컬러: 다크블루(바구니포함),첫째 아이의 첫 자전거!! 만족합니다!!,5,1,부정
kid1****,2021-10-15T02:21:43.191+00:00,자전거: 01.삼천리 카라 / 컬러: 다크블루(바구니포함),언덕길은 아이들이 타기가 점 힘들어하고  집앞 마실용으로 적당해요,3,1,부정
theg***,2021-09-27T13:06:43.518+00:00,자전거: 01.삼천리 카라 / 컬러: 다크블루(바구니포함),60대 여성이 처음 배우기에 좋을 만한 자전거 일 것 같아서 구매했어요~,5,1,부정
ilb1***,2021-09-24T07:17:38.005+00:00,자전거: 03.삼천리 화이트라벨 / 컬러: 화이트,추석 껴서 배송은 늦었지만 자전거는 아주 만족스럽네요~~,4,1,긍정
bsk0***,2021-10-01T20:14:56.335+00:00,자전거: 02.삼천리 메이비20 / 컬러: 민트(바구니포함),사용하다가 문제발생되믄 연락드릴께요.,5,1,긍정
skyb********,2021-10-15T13:34:28.336+00:00,자전거: 01.삼천리 카라 / 컬러: 다크민트(바구니포함),색상이 산뜻하니 진짜 예뻐요,5,1,부정
co****,2021-10-17T01:18:16.233+00:00,자전거: 01.삼천리 카라 / 컬러: 다크블루(바구니포함),디자인!성능!주행성!아주좋아요!,5,1,부정
pota******,2021-10-11T00:18:40.916+00:00,자전거: 03.삼천리 화이트라벨 / 컬러: 블랙,"핸들부분 흔들려서 연락하니 부품하나 줌.
그러나 또 흔들림 그냥 써야되나..짜증남",1,1,부정
wldo****,2021-09-03T10:46:28.203+00:00,자전거: 01.삼천리 카라 / 컬러: 다크블루(바구니포함),"음ㆍㆍㆍ이거비슷한 자전거산적이있었는데
나중에보니안좋은거래서ㅠ 디자인이나색깔 진짜맘에들었는데블랙에 레드였어요ㆍ이번에는그런색찾기힘들어서 이번 자전거는비슷한거라도찾을까했어요집도작은데들어갈용도가안나서 ㆍ불렀는데  진짜귀여미네요^^* 입구에 놓고 방수커버하니그나마걱정줄어들었어요  ㆍ",5,1,부정
mds9***,2021-10-18T02:20:02.490+00:00,자전거: 03.삼천리 화이트라벨 / 컬러: 화이트,배송도 빠르고 너무 마음에 들어요~~^^,5,1,부정
heew********,2021-09-29T10:29:42.179+00:00,자전거: 02.삼천리 메이비20 / 컬러: 라이트핑크(바구니포함),아이가 너무 마음에 들어합니다,5,1,부정
yeli*****,2021-10-04T08:28:50.086+00:00,자전거: 03.삼천리 화이트라벨 / 컬러: 블랙,튼튼하고 좋아요~!,5,1,부정
coco***,2021-10-15T01:15:35.479+00:00,자전거: 03.삼천리 화이트라벨 / 컬러: 화이트,조립식이라 좀 무겁긴하지만 차에 실어다닐꺼라 좋아요,5,1,부정
hoya****,2021-09-18T10:11:29.691+00:00,자전거: 01.삼천리 카라 / 컬러: 다크블루(바구니포함),"세련되고예뻐요 굿  아이와함께 달리려고샀어요
만족도굿",5,1,부정
jiny****,2021-09-28T01:52:54.674+00:00,자전거: 04.삼천리 로시난테 / 컬러: 네이비,동네 타고다니기 불편함 없어요,5,1,긍정
psrp***,2021-09-19T03:04:49.332+00:00,자전거: 01.삼천리 카라 / 컬러: 다크블루(바구니포함),빠른배송 좋은금액 상태 좋아요,5,1,부정
jujj*****,2021-10-19T14:15:42.507+00:00,자전거: 04.삼천리 로시난테 / 컬러: 네이비,"출퇴근용으로 
좋아요
바구니는 너무적어요  ㅠㅠㅠ",5,1,긍정
jeej****,2021-09-17T16:25:44.594+00:00,자전거: 01.삼천리 카라 / 컬러: 다크블루(바구니포함),약간만 경사있어도 허벅지 터질거같지만 가까운거리라 잘 쓰고있습니다 기어가 좀 부실하지만 나쁘지않아요,4,1,긍정
sora****,2021-09-14T06:05:44.854+00:00,자전거: 01.삼천리 카라 / 컬러: 다크블루(바구니포함),빠른배송 좋아요 조립하는중인데 좀어렵네요 열심히조립중요~,5,1,긍정
alfk*****,2021-09-13T11:55:35.749+00:00,자전거: 01.삼천리 카라 / 컬러: 다크블루(바구니포함),"8살아들이 골라서샀어요
튼튼해보이고 접이식이라 차에싣고댕기기좋네요",5,1,부정
pyoy****,2021-10-21T12:40:14.793+00:00,자전거: 01.삼천리 카라 / 컬러: 다크블루(바구니포함),튼튼해요 ㅎㅎㅎ좋아요,5,1,부정
psrp***,2021-09-19T03:21:53.972+00:00,자전거: 03.삼천리 화이트라벨 / 컬러: 화이트,접이식 가섬비 좋아요. 엉덩이 아파요. 조립 시워요,5,1,부정
pr****,2021-10-07T11:40:43.432+00:00,자전거: 03.삼천리 화이트라벨 / 컬러: 블랙,생가보다 가볍고 기어전환도 부드럽게잘되네요. 가성비최고인듯!!!,5,1,부정
he****,2021-10-15T11:32:58.537+00:00,자전거: 01.삼천리 카라 / 컬러: 다크블루(바구니포함),배송 빠르고 제품은 이가격대 만큼 합니다,5,1,부정
sjhw***,2021-09-21T06:36:57.610+00:00,자전거: 01.삼천리 카라 / 컬러: 다크블루(바구니포함),아이가 좋아해요 가성비좋아요,5,1,부정
jin1****,2021-10-20T04:27:57.381+00:00,자전거: 02.삼천리 메이비20 / 컬러: 민트(바구니포함),색상됴 이쁘고 부드럽게 잘가네요.,5,1,긍정
joli***,2021-09-28T10:53:04.936+00:00,자전거: 01.삼천리 카라 / 컬러: 다크민트(바구니포함),배송도 빠르고 조립하기도 쉬워요.,5,1,부정
wjla***,2021-10-02T02:53:46.908+00:00,자전거: 02.삼천리 메이비20 / 컬러: 민트(바구니포함),둘째아이의 첫 자전거!!,5,1,긍정
psrp***,2021-09-19T03:05:30.058+00:00,자전거: 02.삼천리 메이비20 / 컬러: 라이트핑크(바구니포함),빠른배송 좋은금액 가성비 추천,5,1,긍정
psrp***,2021-09-19T03:20:21.919+00:00,자전거: 03.삼천리 화이트라벨 / 컬러: 블랙,접이식 가성비 좋아요. 엉덩이 아파요,5,1,긍정
yoon*****,2021-09-26T11:28:33.590+00:00,자전거: 03.삼천리 화이트라벨 / 컬러: 화이트,너무 예쁘고 좋은데 안장 아파용..,5,1,부정
l991***,2021-09-25T11:20:29.312+00:00,자전거: 01.삼천리 카라 / 컬러: 다크블루(바구니포함),"제품은 좋은데 설명서가 없어 불친절하네요.
그래서 별4개 제품은 진짜 좋네요. 
성인 남자가 타도 문제가 없고 
바구니까지 있어 더 좋았어요.",4,1,부정
khyu*****,2021-10-14T04:08:21.813+00:00,자전거: 01.삼천리 카라 / 컬러: 다크블루(바구니포함),아이들이 너무 좋아해요,5,1,긍정
dque*****,2021-09-25T13:52:24.500+00:00,자전거: 01.삼천리 카라 / 컬러: 다크민트(바구니포함),간단한 조립과 편의성 최고,5,1,부정
kitt***,2021-10-10T11:39:05.842+00:00,자전거: 01.삼천리 카라 / 컬러: 다크블루(바구니포함),좋아요!!!좋은가격에 잘샀어요~,3,1,긍정
araj******,2021-10-12T02:17:27.472+00:00,자전거: 02.삼천리 메이비20 / 컬러: 라이트핑크(바구니포함),배송 빠르고 조립도 어렵지 않아 금방했어요,5,1,부정
xr55****,2021-10-09T06:52:30.018+00:00,자전거: 01.삼천리 카라 / 컬러: 다크민트(바구니포함),"접이식이라서 승용차에 넣어서 다니기 좋아요
아이가 잘 타고 다녀요",5,1,긍정
msh1*****,2021-10-17T13:58:49.952+00:00,자전거: 01.삼천리 카라 / 컬러: 다크민트(바구니포함),가성비 만족합니다.,5,1,부정
best***,2021-10-09T09:00:47.245+00:00,자전거: 04.삼천리 로시난테 / 컬러: 네이비,자전거 이쁘고 좋아요. 온가족 자전거에요,5,1,긍정
cch2****,2021-09-18T02:45:01.750+00:00,자전거: 01.삼천리 카라 / 컬러: 다크블루(바구니포함),좋아요~ 8세 아이인데 딱 좋으네요,5,1,긍정
dltj********,2021-09-01T09:52:03.471+00:00,자전거: 01.삼천리 카라 / 컬러: 다크블루(바구니포함),"아이가 좋아하네요...근데 접는 방법을 모르겠어요...
아무리봐도...미치겠네요",5,1,긍정
hjma****,2021-09-24T05:40:41.969+00:00,자전거: 02.삼천리 메이비20 / 컬러: 민트(바구니포함),배송도 빠르고 조립도 간편했어요,5,1,긍정
btzz******,2021-10-09T05:40:21.975+00:00,자전거: 01.삼천리 카라 / 컬러: 다크민트(바구니포함),"가성비갑 민트색이 뽀인트
아담사쥬 여성이타기좋아요",5,1,부정
yoon****,2021-09-03T17:55:28.486+00:00,자전거: 02.삼천리 메이비20 / 컬러: 민트(바구니포함),"초1 딸이 타도 되네요
안장 다 낮추면 딱 탈만합니다
아이도 만족하고 역시 삼천리라.. 기본 퀄리티가 좋아요
조립도 간단하구요",4,1,부정
s950***,2021-09-06T05:16:20.724+00:00,자전거: 01.삼천리 카라 / 컬러: 다크블루(바구니포함),방지턱 올라갈 때 충격이 많이 오는 느낌? 이지만 전체적으로 무난하고 예쁘고 좋아요!! 이가격에 적당하다고 생각해유,5,1,긍정
ging****,2021-10-08T04:03:57.364+00:00,자전거: 02.삼천리 메이비20 / 컬러: 라이트핑크(바구니포함),"민트,핑크 두개 주문했는데 애들이 너무 좋아하네요",5,1,긍정
wo****,2021-09-14T13:39:37.810+00:00,자전거: 04.삼천리 로시난테 / 컬러: 네이비,"접히는 페달에서 소리가 나요. 
처음에는 소리도 안나고 좋았는데, 비를 맞아서 그런지는 모르겠지만 한 2~3주 정도되었을 때부터 페달을 밟을 때마다 소리가 나서 사람들이 쳐다보니 참 쪽팔리더라구요..
그래서 자주는 안타는데, 페달만 새로 사서 바꾸면 될것 같은데, 
새 자건거인데, 페달을 또 사려니..",3,1,긍정
wisd******,2021-10-09T00:49:32.567+00:00,자전거: 01.삼천리 카라 / 컬러: 다크블루(바구니포함),저한테조금 작은감잇지만 잘타고잇어요,5,1,부정
soon****,2021-09-11T01:07:09.992+00:00,자전거: 01.삼천리 카라 / 컬러: 다크블루(바구니포함),"저렴하게 잘 샀어요
조립도 쉬웠어요",5,1,부정
eb****,2021-10-03T00:21:06.418+00:00,자전거: 01.삼천리 카라 / 컬러: 다크블루(바구니포함),"가성비 좋음
초등생이 타기 적합
공간 차지 적음",3,1,긍정
7667****,2021-09-16T07:28:58.927+00:00,자전거: 01.삼천리 카라 / 컬러: 다크블루(바구니포함),좋네요 조립도.쉽고 아이가.좋아해요,5,1,부정
keym******,2021-10-04T11:46:33.423+00:00,자전거: 01.삼천리 카라 / 컬러: 다크블루(바구니포함),어머네 선물해드렸는데 잘 타고 계십니다 좋아요,5,1,긍정
henr*****,2021-09-07T18:03:04.390+00:00,자전거: 02.삼천리 메이비20 / 컬러: 라이트핑크(바구니포함),"초등학생1학년 인데 조금 큰 느낌은 있어도
금새 적응하네요~접이가 되서 좋네요",5,1,부정
oola****,2021-09-20T04:41:15.574+00:00,자전거: 01.삼천리 카라 / 컬러: 다크민트(바구니포함),딸아이가 맘에 들어하네요,3,1,긍정
carm*****,2021-09-15T09:00:12.229+00:00,자전거: 01.삼천리 카라 / 컬러: 다크블루(바구니포함),색감이 가격대비 꽤 퀄리티가 있네요,5,1,부정
joon******,2021-09-07T23:42:39.448+00:00,자전거: 01.삼천리 카라 / 컬러: 다크블루(바구니포함),아무 이상 없이 잘 도착했어요 아주 마음에 들어요,4,1,긍정
vero******,2021-08-16T10:00:06.348+00:00,자전거: 03.삼천리 화이트라벨 / 컬러: 화이트,"캠핑 다닐 때 타려고 샀는데 디자인도 이쁘고 접이식이라 좋네요!
친구들도 보더니 이쁘다고 합니다.

여자 혼자 조립하느라 좀 힘들긴 했지만 글두 뭐 할만한 정도였고, 좀 무거운 거 같지만 혼자 거뜬히 옮길 정도 무게입니다.
키가 168인데 가볍게 타기 딱 좋은 거 같네요! 빨리 날이 시원해져서 캠핑 나가 달리고 싶네요.",4,1,부정
ant3***,2021-09-04T04:08:21.397+00:00,자전거: 01.삼천리 카라 / 컬러: 다크블루(바구니포함),"장보러 다닐려고 샀어요. 
뒤에 바구니 하나 구매해서 다니까 딱이네요.
부담없고 좋아요",5,1,부정
sys2***,2021-10-06T02:05:29.606+00:00,자전거: 01.삼천리 카라 / 컬러: 다크블루(바구니포함),가격도 저렴하고 아쉬운되로 탈만하네요.,5,1,긍정
bunn***,2021-09-12T05:00:33.863+00:00,자전거: 02.삼천리 메이비20 / 컬러: 라이트핑크(바구니포함),너무 만족합니다. 감사합니다,5,1,부정
tmdd****,2021-09-01T11:41:54.435+00:00,자전거: 03.삼천리 화이트라벨 / 컬러: 블랙,안장이 딱딱하긴 하네요 ㅠ 그리고 무게가 좀 나가서 들고 다니기엔 조금 부담되네요,4,1,긍정
mir4***,2021-09-18T01:26:20.730+00:00,자전거: 02.삼천리 메이비20 / 컬러: 라이트핑크(바구니포함),배송도 빠르고 조립도 쉽네요,5,1,부정
sj****,2021-10-04T05:53:26.343+00:00,자전거: 04.삼천리 로시난테 / 컬러: 네이비,"가격대비 괜찮은 자전거인거 같아요
잘탈게요",4,1,부정
bit1****,2021-09-27T08:52:46.285+00:00,자전거: 01.삼천리 카라 / 컬러: 다크블루(바구니포함),튼튼하고 좋아요.아이가 좋아합니다,5,1,긍정
figo****,2021-10-12T01:13:38.403+00:00,자전거: 01.삼천리 카라 / 컬러: 다크블루(바구니포함),와이프가 잘 타요 ㅎ,5,1,긍정
es****,2021-10-05T06:32:22.276+00:00,자전거: 01.삼천리 카라 / 컬러: 다크블루(바구니포함),살짝 무겁지만 가성비 조아요,4,1,부정
yhle*****,2021-10-04T04:41:13.004+00:00,자전거: 04.삼천리 로시난테 / 컬러: 네이비,자전거 좋습니다.조아요,5,1,긍정
rlad*******,2021-09-28T06:08:44.950+00:00,자전거: 01.삼천리 카라 / 컬러: 다크블루(바구니포함),잘타고 있어요 단점은 자전거가 좀무겁네요,3,1,부정
ksm5***,2021-08-27T03:30:48.587+00:00,자전거: 01.삼천리 카라 / 컬러: 다크블루(바구니포함),배송도 빠르고 좋은데 기어가 7단중 6단까지밖에 안올라가더라고요 조금더 신경써서 판매하시면 좋을듯합니다,4,1,부정
djhg***,2021-10-02T01:21:50.945+00:00,자전거: 01.삼천리 카라 / 컬러: 다크블루(바구니포함),배송도 빠르고 맘에들어요,5,1,긍정
so****,2021-09-06T14:03:48.306+00:00,자전거: 01.삼천리 카라 / 컬러: 다크블루(바구니포함),"안장도 크고 좋아요
7세 117cm 남아 살짝큰데 운전에는 큰 무리가 없습니다.
120cm 이상이 좋을듯합니다",5,1,긍정
altj*****,2021-09-26T15:56:36.545+00:00,자전거: 03.삼천리 화이트라벨 / 컬러: 블랙,"가격대비 굿이에요~
디자인도 이쁘고 잘타고 다니고 있어요",5,1,긍정
whee****,2021-09-07T03:36:54.306+00:00,자전거: 01.삼천리 카라 / 컬러: 다크블루(바구니포함),"9살아이 잘타요
어른이 타도 될정도로 크긴합니다",5,1,긍정
pota******,2021-09-08T23:34:20.229+00:00,자전거: 03.삼천리 화이트라벨 / 컬러: 블랙,"핸들 연결부분 아무리 다시 재조정해봐도 흔들거림!
어찌하오리까?",1,1,긍정
dalc*******,2021-10-03T17:55:50.811+00:00,자전거: 02.삼천리 메이비20 / 컬러: 라이트핑크(바구니포함),"7세 여아 타고 있습니다.
살짝 큰편인데 잘타고 다닙니다^^",5,1,긍정
skyk****,2021-10-04T12:39:20.014+00:00,자전거: 04.삼천리 로시난테 / 컬러: 네이비,잘타고있어여~좋아요,4,1,긍정
myst******,2021-09-30T14:08:25.909+00:00,자전거: 01.삼천리 카라 / 컬러: 다크블루(바구니포함),자전거가 깔끔하고 견고하고 좋습니다,5,1,부정
minn***,2021-09-24T10:51:11.313+00:00,자전거: 01.삼천리 카라 / 컬러: 다크민트(바구니포함),제품 퀄리티가 훌륭하네요. 역시 자전거는 삼천리네요,5,1,부정
audg******,2021-10-02T06:27:11.739+00:00,자전거: 02.삼천리 메이비20 / 컬러: 라이트핑크(바구니포함),파손없이배송잘왔어요,5,1,부정
rlax*******,2021-09-23T03:52:10.909+00:00,자전거: 03.삼천리 화이트라벨 / 컬러: 화이트,감사합니다 잘받았습니다  자전거 예쁘네요.,5,1,부정
yeon****,2021-09-27T22:13:46.099+00:00,자전거: 02.삼천리 메이비20 / 컬러: 민트(바구니포함),색깔도 예쁘고 조립도 어렵지않습니다,5,1,긍정
en****,2021-07-22T13:00:38.149+00:00,자전거: 01.삼천리 카라 / 컬러: 다크블루(바구니포함),"따릉이보다 더 안나가는 자전거가 있다니 좀 충격이에요 정말정말정말 언덕 좀만 있어도 죽습니다... 따릉이로 올라가는 언덕배기도 못넘어가요...
키가 160인데 안장은 높이올리면 잘 맞는데 핸들은 아무리 올려도 너무 낮아서 어깨랑 목 아파요 ㅠㅠ
그리고 비맞으니까 바로 안장 고정하는 부분 녹슬었습니다... 힘들어서 오래는 못타고요 ☆평지☆에서만 타실분만 사세요 ㅠㅠ",5,1,부정
jsk0******,2021-07-20T11:48:18.333+00:00,자전거: 04.삼천리 로시난테 / 컬러: 네이비,"우선 배송도 빠르고 생각보다 만듬새가 좋네요. 가격이 싸서 저품질이진 않을까 걱정했는데 그렇진 않았고요.
리뷰에서 보니까 정품이 아니라고 했는데, 주소를 찾아보니 삼천리 총판에서 판매하는거 같네요.
좀 무겁긴 한데 차에 실을수 있을 정도로 접히는거 같아서 만족하고요 사이즈도 좋습니다.
포장도 꼼꼼하게 잘 돼어 있네요. 잘 탈게요~",5,1,긍정
swee******,2021-10-04T00:20:55.760+00:00,자전거: 04.삼천리 로시난테 / 컬러: 네이비,너무만족합니다~~~,5,1,긍정
haso***,2021-09-09T01:24:51.788+00:00,자전거: 01.삼천리 카라 / 컬러: 다크블루(바구니포함),배송빠르고 좋은거 같아요,5,1,부정
miki****,2021-09-02T07:21:20.535+00:00,자전거: 04.삼천리 로시난테 / 컬러: 네이비,"가볍게 탈료고 주문했어요 
조립도 간단해요",5,1,긍정
dina*****,2021-09-28T17:22:50.530+00:00,자전거: 01.삼천리 카라 / 컬러: 다크민트(바구니포함),가격도 좋고 자전거도 맘에들어요,5,1,긍정
hjuh******,2021-09-07T12:44:52.085+00:00,자전거: 02.삼천리 메이비20 / 컬러: 라이트핑크(바구니포함),막둥이가 엄청 좋아하네요,5,1,긍정
en****,2021-07-22T12:59:16.634+00:00,자전거: 01.삼천리 카라 / 컬러: 다크민트(바구니포함),"제주도 한달살기 하려고 샀는데 그냥저냥 탔어요
싼만큼 싼값을 해요 ㅠㅠ
진짜 따릉이보다 더 안나가는 자전거가 있다니 좀 충격이에요 정말정말정말 언덕 좀만 있어도 죽습니다... 따릉이로 올라가는 언덕배기도 못넘어가요...
키가 160인데 안장은 높이올리면 잘 맞는데 핸들은 아무리 올려도 너무 낮아서 어깨랑 목 아파요 ㅠㅠ
그리고 비맞으니까 바로 안장 고정하는 부분 녹슬었습니다... 힘들어서 오래는 못타고요 ☆평지☆에서만 타실분만 사세요 ㅠㅠ",5,1,긍정
kdg9******,2021-09-19T13:02:50.288+00:00,자전거: 01.삼천리 카라 / 컬러: 다크블루(바구니포함),"자전거 한개가 옆부분이 긁혀서왔네요.
제품검수에 신경쓰시길..",2,1,부정
pigl*******,2021-09-14T09:02:56.477+00:00,자전거: 01.삼천리 카라 / 컬러: 다크민트(바구니포함),조립하기어려워요...  유투브보고 해도 잘안되네여...  체인에서도 돌리면 딱딱 소리나고...,4,1,긍정
jws1***,2021-09-29T01:25:33.799+00:00,자전거: 02.삼천리 메이비20 / 컬러: 민트(바구니포함),"잘사용하고 있습니다
많이파세요",4,1,부정
sukw****,2021-09-08T00:50:21.701+00:00,자전거: 03.삼천리 화이트라벨 / 컬러: 화이트,아쥬 만족스럽습니다,5,1,부정
jiny****,2021-08-16T06:03:17.472+00:00,자전거: 04.삼천리 로시난테 / 컬러: 네이비,"상품 문제 생겨서 문의했는제, 처리도 빠르고 정확하게 해주시네요 감사합니다~ 
자전거 이쁘고 가볍게 타기.좋아요",5,1,긍정
jung******,2021-08-22T06:28:55.216+00:00,자전거: 01.삼천리 카라 / 컬러: 다크민트(바구니포함),"두발 자전거 연습하는데 아직 잘 못타지만
초2 학생이 맘에 들어해요
얼릉 잘 타길 바래봅니다.
어른인 제가 타기에도 괜찬아요",5,1,부정
be****,2021-09-15T13:44:58.362+00:00,자전거: 01.삼천리 카라 / 컬러: 다크민트(바구니포함),가성비갑인거같아요~아이가 너무 잘 타요,5,1,부정
chae****,2021-09-03T01:16:32.548+00:00,자전거: 03.삼천리 화이트라벨 / 컬러: 화이트,가성비 좋고 조립도쉬워요~,4,1,부정
jull******,2021-08-23T04:09:37.216+00:00,자전거: 02.삼천리 메이비20 / 컬러: 라이트핑크(바구니포함),"초등학교2학년딸 사줬는데 너무 좋아했어요 
무겁긴한데 접히니까 차에 실기도 좋고 조립ㄷㅗ 쉬웠어요",5,1,긍정
nu****,2021-09-03T22:35:15.047+00:00,자전거: 01.삼천리 카라 / 컬러: 다크블루(바구니포함),더워서 잘 못탔는데 가을엔 더 많이 타려구요,5,1,긍정
iq****,2021-09-15T03:57:33.199+00:00,자전거: 01.삼천리 카라 / 컬러: 다크블루(바구니포함),초등3 딸아이가 매일 타고있습니다. 핸드링도 좋고~ 예뿌네요,5,1,부정
baob******,2021-09-28T05:12:20.088+00:00,자전거: 01.삼천리 카라 / 컬러: 다크민트(바구니포함),마실용으로 아주 좋을 듯,5,1,긍정
0018***,2021-08-20T08:36:34.673+00:00,자전거: 01.삼천리 카라 / 컬러: 다크민트(바구니포함),배송 하루만에 왔어요 ㅎㅎ이뻐요~~! 엄마 타실거라서 낮은거 샀네요 잘쓸게요,5,1,긍정
sukw****,2021-09-08T00:49:49.380+00:00,자전거: 03.삼천리 화이트라벨 / 컬러: 블랙,아주 잘 타고 있습니다,5,1,부정
baob******,2021-09-28T05:13:21.548+00:00,자전거: 01.삼천리 카라 / 컬러: 다크블루(바구니포함),마실갈 때 아주 좋을듯,5,1,부정
yeoh*****,2021-08-13T00:12:16.466+00:00,자전거: 03.삼천리 화이트라벨 / 컬러: 화이트,괜찮아요! 라이트 불량이던것도 얘기하니까 다시 보내주시고. 디자인도 마음에 드네요. 안장은 교체하는게 좋을듯 하네요,4,1,긍정
smin*****,2021-09-14T23:13:35.959+00:00,자전거: 02.삼천리 메이비20 / 컬러: 라이트핑크(바구니포함),자전거 배송 너무 빠르고 튼튼해 보입니다 잘 쓸께요,5,1,부정
cois*****,2021-09-24T08:36:41.988+00:00,자전거: 02.삼천리 메이비20 / 컬러: 라이트핑크(바구니포함),좋애에담에도구매할켕르,4,1,긍정
rudd*******,2021-09-14T03:48:20.822+00:00,자전거: 01.삼천리 카라 / 컬러: 다크민트(바구니포함),"잘받았습니다 잘받았습니다 배송빠르네요
조립도 쉽고요",5,1,긍정
easy****,2021-08-15T00:09:25.912+00:00,자전거: 01.삼천리 카라 / 컬러: 다크블루(바구니포함),8세 아들이랑 같이 타다가 크면 더 큰 자전거 사주고 저 혼자타려고 샀어요. 아들한텐 약간 크지만 탈순 있고 자전거 이뻐요,5,1,부정
shmi*******,2021-09-23T14:42:24.870+00:00,자전거: 02.삼천리 메이비20 / 컬러: 민트(바구니포함),무거워요 잘타고다니긴할게요,5,1,부정
sage****,2021-08-31T08:58:01.114+00:00,자전거: 01.삼천리 카라 / 컬러: 다크블루(바구니포함),만족하면서 사용했어요.,5,1,부정
dycj*****,2021-08-14T02:08:19.681+00:00,자전거: 02.삼천리 메이비20 / 컬러: 민트(바구니포함),"아이가 너무좋아하네요 
그런데 바퀴 바람이 너무 빠져있고 바구니가 너무 헐렁해서 고건 다시 손봐야겠어요",4,1,긍정
cand*****,2021-08-24T11:36:49.176+00:00,자전거: 01.삼천리 카라 / 컬러: 다크블루(바구니포함),조립쉬워요ㅎㅎ 동네에서 타기 좋을것같아요^^,5,1,긍정
miin****,2021-09-19T01:38:26.723+00:00,자전거: 01.삼천리 카라 / 컬러: 다크블루(바구니포함),배송빠르고 조립간단해요,4,1,긍정
wlal*****,2021-08-28T03:35:33.965+00:00,자전거: 01.삼천리 카라 / 컬러: 다크블루(바구니포함),자전거 타보니까 튼튼하고 좋아요,5,1,부정
ohnu*****,2021-09-19T08:28:53.767+00:00,자전거: 02.삼천리 메이비20 / 컬러: 민트(바구니포함),좋아요좋아오좋아오좋아요,4,1,긍정
gisa*****,2021-08-22T09:39:08.099+00:00,자전거: 02.삼천리 메이비20 / 컬러: 민트(바구니포함),"자전거가조금무겁지만 튼튼하고좋아요
아이들이잘타고있습니다",5,1,긍정
jmw0***,2021-09-20T00:01:18.805+00:00,자전거: 01.삼천리 카라 / 컬러: 다크민트(바구니포함),조립도 쉽고 상품도 좋아요,5,1,긍정
syam****,2021-09-04T08:42:40.375+00:00,자전거: 01.삼천리 카라 / 컬러: 다크블루(바구니포함),자전거는 이쁘고 괜찮은듯 한데 육각렌즈도 같이 보내주셧으면 좋겠네요 브레이크 고정하는게 육각렌즈가 있어야 대네요..,4,1,부정
chon*****,2021-08-23T20:05:01.104+00:00,자전거: 01.삼천리 카라 / 컬러: 다크블루(바구니포함),무겁긴 하지만 키 130 아이가 안장 높이 조절하니 발도 디디고 타기 딱 좋습니다,5,1,긍정
yis0***,2021-09-14T03:06:53.510+00:00,자전거: 01.삼천리 카라 / 컬러: 다크블루(바구니포함),가까운 거리 타는 용도로 구입했는데 좋아요,5,1,긍정
eunb***,2021-08-06T23:31:16.005+00:00,자전거: 01.삼천리 카라 / 컬러: 다크블루(바구니포함),판매자분이 정말 친절하세요 ㅎㅎ 자전거는 생각보다 살짝 무겁지만 조립하기 어렵지 않아서 좋았어요!,5,1,긍정
rudd*****,2021-09-18T02:19:39.327+00:00,자전거: 02.삼천리 메이비20 / 컬러: 민트(바구니포함),색깔도 예쁘고 좋아요,5,1,긍정
jane****,2021-07-15T08:28:31.635+00:00,자전거: 02.삼천리 메이비20 / 컬러: 라이트핑크(바구니포함),접으니 아주 작아지네요 색도 예쁜핑크라 너무이쁘고좋아요!! 안장이 약간 미끌거려서 다른걸 달아야할거같아요! 그리고 무게는 생각보다 훨씬더 무겁습니당 ㅠㅠ성인이 타려고 샀는데 확실히 멀리 나가는용은 아닐거같구 동네에서 타기에 딱 좋은거 같습니당 ㅋㅋ 디자인도 그렇고 가격도 완전 맘에 들었어요 잘 산거같아요 감사합니다~,5,1,부정
sbm0***,2021-09-12T08:40:09.536+00:00,자전거: 01.삼천리 카라 / 컬러: 다크민트(바구니포함),조립 간단하고 디자인 예쁘고 좋아요,5,1,긍정
jeej****,2021-08-12T04:44:19.502+00:00,자전거: 01.삼천리 카라 / 컬러: 다크블루(바구니포함),기어 풀면 좀 불안하긴 하네요 회사내에서 이동할때 타려고 산거라 큰 문제는 없긴합니다 신장 156cm 여성이 타기에 문제없네요 잘탈게요,4,1,긍정
ld****,2021-07-15T11:58:47.150+00:00,자전거: 01.삼천리 카라 / 컬러: 다크블루(바구니포함),당근 알아보다 가격차가 나지 않아 구입했습니다. 초등생부터 키작은 여성까지 가능할것 같습니다. 조립 어렵지 않구...육각이랑 조일수 있는 도구 두개 있습니다. 바구니는 좀 허술해 보이네요. 뒷좌석이 뒷바퀴랑 일치 않은건 구동계 때문인것 같아요. ㅠ,5,1,부정
ge****,2021-09-10T09:07:32.317+00:00,자전거: 01.삼천리 카라 / 컬러: 다크블루(바구니포함),진짜이쁘고 좋아요 여성용 딱,5,1,긍정
suns****,2021-08-30T03:45:30.949+00:00,자전거: 01.삼천리 카라 / 컬러: 다크블루(바구니포함),아들이 잘 타고 있었요,5,1,긍정
haeo******,2021-08-30T02:17:34.969+00:00,자전거: 01.삼천리 카라 / 컬러: 다크블루(바구니포함),"접이식이라 차량에 넣고 다니면서 사용할 수 있어요 좋아요.
초등학생 딸이 타기에 적합합니다.",4,1,긍정
su****,2021-08-30T10:43:09.777+00:00,자전거: 01.삼천리 카라 / 컬러: 다크민트(바구니포함),좋습니다 매일 타러다녀요*^^*,5,1,부정
phan******,2021-08-13T09:40:59.647+00:00,자전거: 03.삼천리 화이트라벨 / 컬러: 화이트,빠른배송에 조립도 엄청쉬웟어요ㅋㅋ가성비갑입니다,5,1,부정
iiii****,2021-09-03T08:37:10.494+00:00,자전거: 04.삼천리 로시난테 / 컬러: 네이비,배송빠르고 자전거이뿌네요 근데바퀴바람이땡땡하게안넣어졌네요,5,1,긍정
ging****,2021-09-12T09:34:16.203+00:00,자전거: 02.삼천리 메이비20 / 컬러: 라이트핑크(바구니포함),디자인도 예쁘고 애들이 좋아하네요,5,1,긍정
kang*****,2021-08-25T11:26:39.451+00:00,자전거: 01.삼천리 카라 / 컬러: 다크블루(바구니포함),대체적으로 만족합니다,5,1,부정
dbwj******,2021-08-13T11:55:42.238+00:00,자전거: 02.삼천리 메이비20 / 컬러: 라이트핑크(바구니포함),배송빠르게왔어요~생일선물인데감사,4,1,부정
et****,2021-08-23T08:43:09.308+00:00,자전거: 01.삼천리 카라 / 컬러: 다크블루(바구니포함),무겁지만운동하기좋아요,5,1,부정
yka8***,2021-09-02T16:04:18.587+00:00,자전거: 01.삼천리 카라 / 컬러: 다크민트(바구니포함),잘 타고 다닙니다. 색도 이쁘고 안전감도 있네요,5,1,긍정
bam4***,2021-09-10T02:24:54.313+00:00,자전거: 01.삼천리 카라 / 컬러: 다크민트(바구니포함),아주 만족합니다 짱짱짱,5,1,부정
ging****,2021-09-12T09:34:56.627+00:00,자전거: 02.삼천리 메이비20 / 컬러: 민트(바구니포함),디자인도 예쁘고 애들도 좋아합니다,5,1,긍정
kiki***,2021-09-13T11:33:50.400+00:00,자전거: 01.삼천리 카라 / 컬러: 다크민트(바구니포함),아주좋아요 굳구루굳국ㄷ,5,1,부정
kkj1***,2021-09-10T02:49:21.844+00:00,자전거: 03.삼천리 화이트라벨 / 컬러: 블랙,좋아요 잘쓸개요 감사해요,5,1,긍정
effo******,2021-09-02T12:18:18.540+00:00,자전거: 01.삼천리 카라 / 컬러: 다크블루(바구니포함),상품 검수를 안하고 출고를 하시는지 타이어 펑크난 불량을 보내셨는데 반품교환 귀찮아서 수리비 받아 수리하고 사용하려 합니다.,3,1,긍정
mira******,2021-08-25T14:19:50.492+00:00,자전거: 01.삼천리 카라 / 컬러: 다크블루(바구니포함),초3 딸아이 타기 딱 좋네요,4,1,부정
sail****,2021-06-28T12:47:11.550+00:00,자전거: 02.삼천리 메이비20 / 컬러: 민트(바구니포함),택배사 문제로 배송이... 너무 오래 걸렸네요ㅠㅠ 택배사랑 기사님께 연락하고 다행히 아이 생일날 받았어요. 다른데는 상처안나게 잘 포장해주셨는데 뒷바퀴쪽에 날카로운 부품에 긁힌 자국이 심하게 났어요. ㅠㅠ 아이가 좀 속상해했습니다. 엄마는 핑크가 넘 이뻐보였는데 아이는 민트를 골랐어요. 민트도 상콤하네요~~ 핸들 끼우기가 조금 어려웠지만 블로그 리뷰 찾아보며 조립했어요. 간단한 설명서라도 들어있으면 더 좋을것 같아요.,4,1,긍정
jsk0******,2021-08-24T23:49:39.816+00:00,자전거: 04.삼천리 로시난테 / 컬러: 네이비,잘 타고 다니고 있습니다,5,1,부정
kkan****,2021-08-10T22:18:16.412+00:00,자전거: 01.삼천리 카라 / 컬러: 다크블루(바구니포함),"튼튼해요 아이껀데 제가 가끔타고있어요ㅎ
바구니 찌글찌글하고 좀 안맞는거 빼곤 괜찮아요ㅋ",5,1,부정
ksan****,2021-08-20T10:20:44.648+00:00,자전거: 01.삼천리 카라 / 컬러: 다크민트(바구니포함),딸이 잘타고 다닙니다 좋아요,5,1,긍정
pjsv***,2021-08-20T15:45:38.130+00:00,자전거: 03.삼천리 화이트라벨 / 컬러: 화이트,자전거 상태가 좋고 접고 다니기 좋네요,4,1,부정
pr****,2021-09-04T05:37:44.602+00:00,자전거: 03.삼천리 화이트라벨 / 컬러: 블랙,접이식이라 이동도 간편하고 생각보다 가벼운거같아서 좋네요~,5,1,부정
dung***,2021-09-08T13:13:21.439+00:00,자전거: 01.삼천리 카라 / 컬러: 다크블루(바구니포함),근본있는 자전거를 싸게 잘샀습니다.,5,1,긍정
yhjl******,2021-08-11T17:12:54.557+00:00,자전거: 01.삼천리 카라 / 컬러: 다크블루(바구니포함),친구 딸 생일이라  선물해줬는데 조립도 쉽고 너무좋아하네요,5,1,부정
imks*****,2021-07-08T13:35:49.745+00:00,자전거: 01.삼천리 카라 / 컬러: 다크블루(바구니포함),"조립은 가까운 자전거 가게에서 했어요!
무게가 꽤 나가긴 하네요&hellip; 접이식이라 그런지 그 중심 부분이 조금 느슨(?)하다는 느낌을 받기도 해요. 

무쪼록 여러분 자전거 타실 때 조심히, 안전 유의하세요 :~).",5,1,부정
jaeh******,2021-07-02T02:37:51.826+00:00,자전거: 01.삼천리 카라 / 컬러: 다크민트(바구니포함),"배송이 엄청 빨랐네요 ! 
색감도 예쁘고 아주 좋아요 ~ 
무게감이 좀 있긴하지만, 좋아요 ~딸이랑 같이 타고다리려고삿어요 ~ 
찍찍이로 바구니 고정되고 높낮이 조절되고 괜찮아요 
어른보다는 초등학생이나 작은 성인이 더 좋긴할거같아요^^;; 안장이 낮추니 초등학생에게 더 잘 맞더라구요 .. ㅎㅎ 초4기준요 .. 135정도되는데 
작게낮추니 딱 괜찮더라구요 .. ㅎㅎ 
잘탈게요 ~",5,1,긍정
xr55****,2021-09-09T11:28:56.150+00:00,자전거: 01.삼천리 카라 / 컬러: 다크민트(바구니포함),친절하게 상담해 주었어요,4,1,긍정
smil*****,2021-08-03T03:24:34.342+00:00,자전거: 03.삼천리 화이트라벨 / 컬러: 블랙,같은가격이라면 좀더 큰자전거를 추천합니다. 저는 조금 후회되요..생각보다 많이 작아요,2,1,긍정
wate******,2021-09-04T10:28:39.408+00:00,자전거: 01.삼천리 카라 / 컬러: 다크블루(바구니포함),좋습니다.기능도좋고 성능도 좋아요,5,1,부정
hyej*****,2021-08-27T07:35:39.930+00:00,자전거: 01.삼천리 카라 / 컬러: 다크블루(바구니포함),디자인이젤맘에들어요 볼때마다 만족^^,4,1,긍정
jsky***,2021-08-15T04:29:51.434+00:00,자전거: 01.삼천리 카라 / 컬러: 다크블루(바구니포함),조립도 쉬웠고 동네마실용으로 잘타고있네요,4,1,긍정
lmhu****,2021-07-21T14:24:08.612+00:00,자전거: 01.삼천리 카라 / 컬러: 다크블루(바구니포함),10세 딸이 타기에 딱 좋습니다. 보통의 성인여성까지 탈수 있다니 오래 탈수도 있겠다 싶어서 더 좋네요. 저도 오랜만에 타봤는데 불편한거 못느끼고 잘 탔습니다. 기아 조절도 쉽네요. 이젠 킥보드는 안탈려고 합니다 ㅠㅠ.,5,1,긍정
9608****,2021-09-01T14:52:51.930+00:00,자전거: 01.삼천리 카라 / 컬러: 다크민트(바구니포함),자전거 빨리도착했어요 수리점에서 조립할려고 차에 넣어놨어요 타다 안타면 조카줄ㄹㅕ구요,5,1,긍정
ssk1****,2021-08-13T09:52:59.772+00:00,자전거: 01.삼천리 카라 / 컬러: 다크블루(바구니포함),아무 하자없이 받게 되었고 조립은 쉬웠습니다. 접이식이라 생각보다 무거웠고요 초딩여자 초보자가 타기에는 쉽지 않은것 같습니다. 본바퀴와 보조바퀴의 단차가 많이 나서 자주 넘어지네요.,4,1,긍정
seoi****,2021-09-08T11:05:08.156+00:00,자전거: 04.삼천리 로시난테 / 컬러: 네이비,배송은3일만에도착 상품은 그럭저럭,3,1,긍정
us****,2021-09-08T05:12:59.875+00:00,자전거: 01.삼천리 카라 / 컬러: 다크블루(바구니포함),빠른 배송 감사합니다 ^________^,5,1,부정
myar****,2021-08-17T11:26:29.939+00:00,자전거: 03.삼천리 화이트라벨 / 컬러: 화이트,귀엽고 주행도 부드러워요,5,1,부정
dudg*****,2021-08-07T13:09:00.786+00:00,자전거: 03.삼천리 화이트라벨 / 컬러: 화이트,폴딩 자전거의 최대 장점! 테트리스 잘하면 4대까지 실을수 있어요 ㅎㅎ,5,1,부정
es****,2021-09-04T13:57:02.460+00:00,자전거: 01.삼천리 카라 / 컬러: 다크블루(바구니포함),빠른배송 감사합니다,4,4,긍정
seco****,2021-07-22T13:17:16.503+00:00,자전거: 01.삼천리 카라 / 컬러: 다크민트(바구니포함),"자전거 너무 맘에 들어요~
딸아이가 민트색상 좋아하는데 보더니 너무 좋아해요^^ 조립이 첨이라 버벅대긴 했지만 딱 좋아요!!
자전거 처음타는 딸램 열씨미 가르쳐볼게요~^^",5,1,부정
jaem****,2021-08-21T02:27:48.433+00:00,자전거: 01.삼천리 카라 / 컬러: 다크블루(바구니포함),삼천리는 오래전부터 국민 자전거 였습니다  비록 현재는  중국에서 만들지만  프레임과 구조가 튼튼하게 보입니다  잘타겠습니다 가격도 부담이 없어 좋습니다,5,1,부정
onec******,2021-09-03T03:25:19.365+00:00,자전거: 02.삼천리 메이비20 / 컬러: 민트(바구니포함),"아이가 좋아해요
잘탈게요",5,1,긍정
jst3***,2021-07-28T06:06:08.746+00:00,자전거: 03.삼천리 화이트라벨 / 컬러: 화이트,맘에 듭니다. 애들 둘 있어서 두대를 구입해서 몇번 태웠는데 애들이 좋다고 하네요. 요즘은 더워서 못 태우는데 날 시원해지면 다시 태우려고요.,5,1,긍정
achi****,2021-08-20T09:31:28.767+00:00,자전거: 01.삼천리 카라 / 컬러: 다크블루(바구니포함),"작고 귀엽네요
7단 기어이긴 하지만 경사진곳은 좀 힘드네요
동네 마실용으론 딱이예요",4,1,부정
qudw*****,2021-08-24T00:07:33.870+00:00,자전거: 03.삼천리 화이트라벨 / 컬러: 블랙,아주 좋습니다. 다만 핸들 조향시 삐걱대는 소리가 있어 wd로 작업해줬습니다,5,1,부정
dhtk******,2021-07-26T02:23:18.751+00:00,자전거: 03.삼천리 화이트라벨 / 컬러: 화이트,"저속 주행할 때 앞바퀴 브레이크에서 끼익끼익 소리가납니다ㅠ
그리고 핸들이랑 안장 조립하실때 최대한 나사를 조이시길 바랍니다. 어정쩡하게 조이면 주행할때 쑤욱 내려갑니다ㄷㄷ
그외에는 만족하고 잘 타고있습니다.",4,1,부정
gotw*****,2021-08-22T22:25:26.024+00:00,자전거: 01.삼천리 카라 / 컬러: 다크블루(바구니포함),"키150인 저에게 딱이예요.
안장 최대로 낮추면 140대 정도의 키도
충분히 탈 수 있고 햔들이 커브형이라
손목에 무리가없어서 좋아요.",5,1,긍정
50****,2021-08-23T03:36:32.514+00:00,자전거: 01.삼천리 카라 / 컬러: 다크블루(바구니포함),조립 쉽고 짱 이쁘네요 딸아이가 좋아합니다. 많이 파세요.,5,1,긍정
youn******,2021-08-09T10:23:45.327+00:00,자전거: 04.삼천리 로시난테 / 컬러: 네이비,좋아요 ㅎ 감사합니다,5,1,부정
solo****,2021-08-08T11:58:51.876+00:00,자전거: 03.삼천리 화이트라벨 / 컬러: 블랙,"애들이 너무 좋아 합니다
제품도 이상없고 등록도 이상없이 잘 했네요",5,1,부정
cstr*****,2021-09-04T04:37:01.583+00:00,자전거: 01.삼천리 카라 / 컬러: 다크블루(바구니포함),와이프 타고다니는데 뷸편함 없이 잘타고다녀요,5,1,긍정
chog********,2021-08-30T03:26:42.666+00:00,자전거: 02.삼천리 메이비20 / 컬러: 민트(바구니포함),착한가격에 좋은 상품 감사합니다,5,1,긍정
hhs3***,2021-09-02T03:08:25.660+00:00,자전거: 01.삼천리 카라 / 컬러: 다크블루(바구니포함),빠른배송 너무좋아요 ㅎ,5,1,부정
mira******,2021-07-15T14:55:55.571+00:00,자전거: 01.삼천리 카라 / 컬러: 다크블루(바구니포함),"초3 딸 선물로 사줬는데 디자인도 예쁘고 가격도 저렴하니 좋네요
가성비 짱입니다♡♡",5,1,부정
dudg*****,2021-08-07T13:07:54.525+00:00,자전거: 03.삼천리 화이트라벨 / 컬러: 블랙,다혼 미니벨로 옆에 있어도 더 고급지고 주행성도 좋네요,5,1,부정
xp****,2021-09-01T13:04:00.572+00:00,자전거: 01.삼천리 카라 / 컬러: 다크블루(바구니포함),색깔이 이쁘고 조립이 쉬워여 ~,5,1,긍정
gent*****,2021-09-08T10:55:51.591+00:00,자전거: 03.삼천리 화이트라벨 / 컬러: 화이트,가볍고 편리해요^^,5,1,긍정
yoo_******,2021-08-14T12:47:51.716+00:00,자전거: 01.삼천리 카라 / 컬러: 다크민트(바구니포함),143센티 아이에게도 잘 맞고 163인 저도 잘 맞습니다,5,1,긍정
wood****,2021-08-09T03:59:16.732+00:00,,"조립 빡셌음 ㅋㅋㅋ
손아귀힘이 약하거나 조립이 서툰분들은 그냥 매장가서 사세요 저는 그냥 해내긴했는데 땀뻘뻘 ㅋㅋㅋ 싸게산 자전거니까 그냥 탑니다
자전거가 아주 가볍지도않고 딱 보통의 자전거 ㅇㅇ! 
출퇴근용으로 만족하며 타려구요",4,1,긍정
cl****,2021-08-29T12:43:19.038+00:00,자전거: 01.삼천리 카라 / 컬러: 다크블루(바구니포함),좋네요. 포장도 잘 되었어요,5,1,부정
to****,2021-08-07T05:36:21.679+00:00,자전거: 03.삼천리 화이트라벨 / 컬러: 블랙,만족해요! 사이즈도 아담해요,5,1,부정
22****,2021-07-20T05:29:54.563+00:00,자전거: 02.삼천리 메이비20 / 컬러: 라이트핑크(바구니포함),"초딩1학년 123cm이여서 클까봐 걱정했는데 의자를 낮게 하니까 바닥에 까치발로 설수 있네요..
아직까지는 이상없이 잘타고 다녀요~
만족합니다.",5,1,부정
jung******,2021-07-23T17:08:34.981+00:00,자전거: 02.삼천리 메이비20 / 컬러: 라이트핑크(바구니포함),"너무괜찮네요
자전거는무광이에요
접이식이라차에싵기도좋구요
1학년 125?쯤 되는아이 타기 딱좋아요

이제막자전거배운 아이에요",5,1,부정
cchh***,2021-08-18T04:00:26.744+00:00,자전거: 01.삼천리 카라 / 컬러: 다크블루(바구니포함),애들 타기에는 무난하고 좋습니다. 다만 자전거가 무거워요.,4,1,부정
dl****,2021-08-14T02:48:49.692+00:00,자전거: 04.삼천리 로시난테 / 컬러: 네이비,"사진보다 실물이 훨신 잘빠졌네요
의자높이가 최저로 낮췄을때 좀 높은편이었고
타이어 공기압이 좀 빠져있어서 아쉬웠으나
가성비는 좋은듯!",4,1,부정
bsk_***,2021-07-18T12:31:47.900+00:00,자전거: 03.삼천리 화이트라벨 / 컬러: 화이트,처음엔 자전거가 생각보다 작아서 당황했는데 타다보니 적응되서 탈만해요. 기어도 너무 낮아서 많이 굴러야하지만 운동되는것같고 좋네요^^;,4,1,긍정
zozo****,2021-08-31T10:22:42.156+00:00,자전거: 04.삼천리 로시난테 / 컬러: 네이비,튼튼하고 너무좋아용,5,1,긍정
kdyk******,2021-07-25T07:29:18.115+00:00,자전거: 03.삼천리 화이트라벨 / 컬러: 블랙,후기보면 안장이 불편하다는데 안장 정말 불편하긴 하네요 그래도 가격대비 만족합니다,5,1,부정
to****,2021-08-07T05:35:47.916+00:00,자전거: 01.삼천리 카라 / 컬러: 다크민트(바구니포함),부모님 선물로 사드렸는데 좋아하세요,5,1,부정
airx****,2021-07-30T22:29:13.086+00:00,자전거: 01.삼천리 카라 / 컬러: 다크블루(바구니포함),"자전거 잘구입해서
잘타고 있습니다
좋아유 좋아요 좋아유 좋아요",5,1,긍정
park********,2021-07-14T13:25:09.633+00:00,자전거: 01.삼천리 카라 / 컬러: 다크블루(바구니포함),"가성비 좋아요^^
조립도 남편이 금방해줬어요
아직 시승 전이지만 도착하고 조립하니 기분좋네요^^ 
유산소운동 해야하는데 걷는건 지루할것 같아서
자전거로 동네 돌아다니며 유산소운동 하려고요",4,1,부정
c0****,2021-08-16T11:51:45.936+00:00,자전거: 01.삼천리 카라 / 컬러: 다크블루(바구니포함),배송빠르고좋아요 다음에또이용할께요,4,2,긍정
goma********,2021-09-02T10:38:41.067+00:00,자전거: 01.삼천리 카라 / 컬러: 다크블루(바구니포함),아주 잘타고 있어요~,5,1,부정
eb****,2021-08-03T01:13:55.284+00:00,자전거: 01.삼천리 카라 / 컬러: 다크블루(바구니포함),"빠른 배송 좋았으나
후레시 안켜짐ㅜㅜ 
후레시는 뽑기였는지요?
아니면 교환가능한지요?
배송된 건전지를 다시 끼워보고
뒤집어 끼워보기도 했디만
안 켜지더라는요
건전지가 방전되었거나
후레시가 불량인듯..",2,1,긍정
para*****,2021-07-23T02:53:13.650+00:00,자전거: 02.삼천리 메이비20 / 컬러: 라이트핑크(바구니포함),"배송도 빠르구요, 조립도 아주 어렵진 않았어요. 몇개 끼우는 정도? 초3이 타기에 딱이네요",5,1,부정
dudg*****,2021-08-09T03:46:12.763+00:00,자전거: 02.삼천리 메이비20 / 컬러: 민트(바구니포함),딸아이가 장말 좋아해요!!!,5,1,긍정
zozo****,2021-08-31T10:23:19.126+00:00,자전거: 03.삼천리 화이트라벨 / 컬러: 블랙,달라구달리기 툰튼튼,5,1,부정
jst3***,2021-07-28T06:07:33.338+00:00,자전거: 01.삼천리 카라 / 컬러: 다크블루(바구니포함),자전거 좋아요. 두대 구입했는데 잘 나갑니다. 많이 파세요.,5,1,긍정
numb****,2021-08-15T08:08:45.393+00:00,자전거: 01.삼천리 카라 / 컬러: 다크블루(바구니포함),조립도 쉽고 색깔 다 만족합니다 초2 아들래미가 완전 좋아해요,5,1,긍정
2goo*****,2021-08-20T19:07:39.790+00:00,자전거: 02.삼천리 메이비20 / 컬러: 라이트핑크(바구니포함),"무거운거 빼고 괜찮습니다.
아이도 좋아하고 즐겁게 타고 있어요",4,1,부정
cjru*****,2021-07-23T00:45:15.178+00:00,자전거: 01.삼천리 카라 / 컬러: 다크블루(바구니포함),"사이즈가 작긴하지만 잘 나가고 좋아요
배송문제가 좀 있었지만 잘 받았습니다",4,1,부정
geno****,2021-07-24T01:57:53.928+00:00,자전거: 01.삼천리 카라 / 컬러: 다크블루(바구니포함),"빠른배송 완벽한포장상태 너무좋아요
많이파세요",5,1,긍정
kkju****,2021-08-25T10:29:20.847+00:00,자전거: 01.삼천리 카라 / 컬러: 다크블루(바구니포함),예쁘고 아이가 좋아하네요,4,1,부정
roon*****,2021-07-26T00:34:55.561+00:00,자전거: 02.삼천리 메이비20 / 컬러: 라이트핑크(바구니포함),"자전거 이뻐요~초3 135 잘타요~
쭉 고학년까지 잘탈것 같습니다.
저도 가끔 타요~",5,1,긍정
yaki****,2021-07-30T16:30:11.165+00:00,자전거: 03.삼천리 화이트라벨 / 컬러: 블랙,자전거 좋아요 튼튼하고 맘에 듭니다,5,1,부정
clic***,2021-08-26T13:23:55.739+00:00,자전거: 01.삼천리 카라 / 컬러: 다크블루(바구니포함),아이의 첫 자전거로 딱입니다,5,1,부정
esis****,2021-08-07T08:05:54.574+00:00,자전거: 01.삼천리 카라 / 컬러: 다크블루(바구니포함),배송 빠르고 좋습니다. 선물 용으로 구매했는데 마음에 들어 하시네요.,5,1,긍정
gpdl****,2021-07-07T07:34:42.796+00:00,자전거: 01.삼천리 카라 / 컬러: 다크블루(바구니포함),"조립도 여자 혼자 할수 있고 배송도 다음날 점심에 딱 도착해서 조립까지 30분 걸렸어요!
어머니께서 자전거 처음 배우시는데 아직 까지 못타지만 곧 탈수 있으시겠죠?ㅎㅎ 아 접이식 잘 안돼서 헤메었는데 스프링 위로 살쩍 당겨야 하더라구요. 예쁘고 만족하는 자전거입니다!",5,1,긍정
oran*****,2021-08-25T07:32:47.446+00:00,자전거: 01.삼천리 카라 / 컬러: 다크블루(바구니포함),조금 무거운거말고는 만족합니다,4,1,부정
allo*******,2021-07-17T02:01:58.964+00:00,자전거: 01.삼천리 카라 / 컬러: 다크블루(바구니포함),조립하면서 조금 헤매긴 했는데 어렵지는 않고 괜찮았습니다. 생각보다 더 아기자기한 느낌이네요 :),5,1,긍정
apho******,2021-07-20T08:53:52.206+00:00,자전거: 01.삼천리 카라 / 컬러: 다크블루(바구니포함),"사이즈도 적당하고 동네에서 편하게 타고 다니기  좋을 것 같습니다.
다만 타이어가 너무 얇고 쉽게 터질 것 같아서 좀 타다가 튼튼한 타이어로 교체해야 될 것 같습니다.",4,1,부정
gurd*******,2021-06-17T07:12:06.988+00:00,자전거: 01.삼천리 카라 / 컬러: 다크민트(바구니포함),"배송도 빠르구요~~~ 조립도 쉬웠습니다!!!
바구니 덕분에 간단한 짐실어놓고 동네 마실 겸 운동하러 타기 딱 좋아요!!!!
아쉬운거는 생각보다 바구니가 작아요 ㅠㅠ그거만 아님 색도 그렇고 기어 변속도 쉽고 만족스럽습니다:)",5,1,긍정
myst*****,2021-09-05T01:03:33.334+00:00,자전거: 01.삼천리 카라 / 컬러: 다크블루(바구니포함),감사합니다 감사합니다 감사합니다 감사합니다 감사합니다,5,1,부정
newc********,2021-08-01T05:58:36.130+00:00,자전거: 01.삼천리 카라 / 컬러: 다크블루(바구니포함),무겁지만 아이가 만족해하네요,5,1,부정
keym******,2021-08-26T13:15:43.490+00:00,자전거: 01.삼천리 카라 / 컬러: 다크블루(바구니포함),어머니가 좋아합니다,4,1,긍정
lsy6***,2021-07-29T08:53:06.906+00:00,자전거: 01.삼천리 카라 / 컬러: 다크블루(바구니포함),선물했는데 넘 맘에들어하시네요^^,5,1,부정
susi*****,2021-07-29T06:59:34.514+00:00,자전거: 01.삼천리 카라 / 컬러: 다크민트(바구니포함),"산책할때좋아요
사이즈는좀작아요",4,1,부정
hak8*****,2021-08-23T05:05:03.577+00:00,자전거: 01.삼천리 카라 / 컬러: 다크블루(바구니포함),아들이  넘 좋아해요,5,1,부정
tta9***,2021-07-16T04:21:00.854+00:00,자전거: 01.삼천리 카라 / 컬러: 다크블루(바구니포함),조립포장이 완벽합니다.작동도 잘 됩니다. 알루미늄 이 아니라 좀 무거운건 감안해야 합니다.,5,1,긍정
su****,2021-07-30T06:55:57.864+00:00,자전거: 01.삼천리 카라 / 컬러: 다크민트(바구니포함),좋습니다 10세  초등학생이 타기에 딱좋습니다,5,1,부정
guin******,2021-07-25T01:21:13.465+00:00,자전거: 01.삼천리 카라 / 컬러: 다크블루(바구니포함),튼튼하니 좋습니다. 잘 타고 있어요.,5,1,긍정
mina****,2021-08-17T17:00:39.726+00:00,자전거: 01.삼천리 카라 / 컬러: 다크블루(바구니포함),만족해요~~!!만족해요~~!!만족해요~~!!만족해요~~!!,5,1,부정
vl****,2021-08-18T22:33:51.249+00:00,자전거: 03.삼천리 화이트라벨 / 컬러: 블랙,오래 앉아있으면 의자 불편합니다,4,1,부정
love*********,2021-07-06T04:21:57.855+00:00,자전거: 01.삼천리 카라 / 컬러: 다크블루(바구니포함),"배송은 주말껴서 5일정도 걸린 것 같아요. 보내주신건 오후에 주문하고  다음날  12시전에 보내주셔서 배송은 빠르다고 생각해요~
우선 포장 꼼꼼하고 접이식이라 좋고 예뻐요^^  튼튼은 기본이구요^^",5,1,긍정
rlad********,2021-07-15T00:38:36.602+00:00,자전거: 01.삼천리 카라 / 컬러: 다크블루(바구니포함),가격을 따지고 보면 괜찮긴 하나 자전거가 너무 무거워요&hellip;  그냥 좀 더 돈 주고 비싼거 사는게&hellip;,3,1,긍정
wlal*****,2021-07-28T10:46:13.634+00:00,자전거: 01.삼천리 카라 / 컬러: 다크블루(바구니포함),가볍게 운동용으로 괜찮은것같습니다.,5,1,긍정
soon*****,2021-07-15T12:51:32.456+00:00,자전거: 01.삼천리 카라 / 컬러: 다크민트(바구니포함),우리아들이 너무좋아합니다,5,1,긍정
ryun*****,2021-07-12T00:36:17.778+00:00,자전거: 01.삼천리 카라 / 컬러: 다크민트(바구니포함),"접이식이라서 이동하기 편해요.
색깔도 예쁘고 조립하기도 어렵지 않아요.",5,1,긍정
skat******,2021-07-13T22:41:58.178+00:00,자전거: 02.삼천리 메이비20 / 컬러: 민트(바구니포함),"8살이 타기엔 조금 커요 페달 밟는데 많은 힘이
든다고 하더라구요 힘들어해요 ㅠ 조금더 커야 잘탈수 있을거 같아요",3,1,긍정
aldu*******,2021-08-16T12:31:05.186+00:00,자전거: 01.삼천리 카라 / 컬러: 다크블루(바구니포함),디자인도 예쁘고 좋아요,5,1,긍정
osuk******,2021-07-20T11:54:23.265+00:00,자전거: 02.삼천리 메이비20 / 컬러: 라이트핑크(바구니포함),신속한 배송 감사합니다 다만도장면 벗겨진 부분이있어요,4,1,부정
dlsr*****,2021-07-19T13:13:46.592+00:00,자전거: 01.삼천리 카라 / 컬러: 다크블루(바구니포함),"아주좋아요 가까운거리 출퇴근용으로 사용하기 좋네여
많이파세용~",5,1,부정
sage****,2021-08-02T13:49:07.162+00:00,자전거: 01.삼천리 카라 / 컬러: 다크블루(바구니포함),그럭저럭 쓸만합니다 .,5,1,긍정
luna******,2021-07-22T07:10:08.812+00:00,자전거: 02.삼천리 메이비20 / 컬러: 민트(바구니포함),저렴하게잘샀어요 감사합니다,5,2,부정
rlad*******,2021-08-19T17:22:26.508+00:00,자전거: 01.삼천리 카라 / 컬러: 다크블루(바구니포함),묹안하게 잘 사용할것같네요,4,1,긍정
resc***,2021-08-14T11:06:46.340+00:00,자전거: 01.삼천리 카라 / 컬러: 다크블루(바구니포함),생각보다 품질이 좋은거 같네요..,5,1,긍정
tery****,2021-07-04T02:50:12.030+00:00,자전거: 02.삼천리 메이비20 / 컬러: 라이트핑크(바구니포함),넘 질타고 있어요. 요녀석과 함께 유튜브보고 두발자전거타기 성공했고 매일 즐기고있죠~^^ 나도 자전거탈수있다! 초보라이딩~♡ 행복합니다~☆,5,1,부정
syj0****,2021-07-22T01:22:54.605+00:00,자전거: 03.삼천리 화이트라벨 / 컬러: 화이트,그냥저냥 탈만합니다 뒷바퀴 바람이 좀 빠져서 짜증나네요,4,1,긍정
erin****,2021-08-05T02:56:57.390+00:00,자전거: 01.삼천리 카라 / 컬러: 다크블루(바구니포함),실물이 더이뻐요 생각보다 무겁구요 튼튼하고 좋습니다,5,1,긍정
spee****,2021-07-01T08:56:04.510+00:00,자전거: 02.삼천리 메이비20 / 컬러: 민트(바구니포함),"컬러 이쁘고 아이가 좋아합니다. 바구니 걸이가 좀 애매하긴합니다.
벨크로 칙칙이로 고정이 맞나? 잘 모르겠어요.
첨에 접는거  연결도 헤맸는데
자전거 본연의 기능은 좋네요.
담에 제꺼도 구매하려구요",4,1,부정
spee****,2021-07-11T00:46:10.279+00:00,자전거: 02.삼천리 메이비20 / 컬러: 민트(바구니포함),"잘타고 있어요.
 볼수록 색상 이쁘고 깔끔해요.
바구니는 자리를 고려한건 아닌것 같지만..",5,1,긍정
no****,2021-06-29T01:34:46.567+00:00,자전거: 01.삼천리 카라 / 컬러: 다크민트(바구니포함),"일단 높낮이  조절 쉽게할수 있고요
11살 여자앤데  쉽게   금방 자전거  배웠습니다
가격도 싸고  잘타고  다닙니다
만족합니다",5,1,긍정
cg****,2021-07-24T12:46:32.740+00:00,자전거: 01.삼천리 카라 / 컬러: 다크블루(바구니포함),잘 타고 다니고 있어요 무거운 것 빼고 다 좋아요!!,5,1,긍정
zzan******,2021-07-02T10:25:22.147+00:00,자전거: 01.삼천리 카라 / 컬러: 다크블루(바구니포함),아이어른할것없이 타기에 너무너무 편하고 좋습니다. 아이와 주말에 뭐할지 매번 고민했었는데 요즘엔 한강에 나가서 자전거 타느라 시간가는줄 모르네요!! 너무너무 고맙습니다 ~ 많이 파세용!,5,1,긍정
gg****,2021-08-20T04:14:21.997+00:00,자전거: 01.삼천리 카라 / 컬러: 다크블루(바구니포함),후기 최소 열자 이상,5,1,긍정
jf****,2021-08-14T01:10:46.859+00:00,자전거: 01.삼천리 카라 / 컬러: 다크민트(바구니포함),딸래미가 아주 좋아함 튼튼하고 잘사용중입니다,4,1,긍정
skdl*****,2021-07-01T09:19:55.351+00:00,자전거: 01.삼천리 카라 / 컬러: 다크민트(바구니포함),"아이 선물로 사줬는데 너무 좋아해요
핑크 하얀바퀴로 사려다가 바퀴 검정이 때가 안탈것 같아서 이걸로 주문했어요
조금 무겁긴한데 그래도 아이가 혼자 잘 끌고 다닐정도는 되네요~",5,1,부정
nu****,2021-07-08T12:09:11.648+00:00,자전거: 01.삼천리 카라 / 컬러: 다크블루(바구니포함),엄마선물로 드렸어요  가격도 적당하고 괜찮네요 튼튼해보여요,5,1,부정
suns****,2021-07-15T01:39:31.848+00:00,자전거: 01.삼천리 카라 / 컬러: 다크블루(바구니포함),아들래미가  너무 좋아 합니다  계속 비가 와서  아직 못 타고 있어서  빨리 타고 싶어 하네요  타보고  한달 후기 쓸께요,4,1,부정
pink***,2021-07-15T00:41:13.974+00:00,자전거: 02.삼천리 메이비20 / 컬러: 라이트핑크(바구니포함),"여자아이 최애템이네요~
한달  넘었는데  아끼면서 아주 잘타고 있어요",5,1,부정
cool******,2021-07-23T03:42:29.493+00:00,,설명도 진철하고 조립도 간단해서 매우 편하게 조립하고 잘 사용중입니다. 아이도 이틀만에 두발 자전거 타기를 성공하여 너무 좋아하고 접이식이라 큰 공원 갈땐 늘 항상 챙겨다닙니다.,4,1,부정
rim1***,2021-08-14T07:19:38.702+00:00,자전거: 02.삼천리 메이비20 / 컬러: 민트(바구니포함),주문한제품 잘받았습니다,4,1,부정
3s****,2021-07-16T22:41:04.551+00:00,자전거: 04.삼천리 로시난테 / 컬러: 네이비,너무좋아요 적극 추천합니다 배송도 빨라요,5,1,긍정
jk****,2021-07-15T09:37:51.665+00:00,자전거: 01.삼천리 카라 / 컬러: 다크블루(바구니포함),조립이 좀 어렵긴했지만..괜찮은거 같아요!!! 잘 타겠습니다~,5,1,긍정
tta9***,2021-08-17T12:04:29.641+00:00,자전거: 01.삼천리 카라 / 컬러: 다크블루(바구니포함),튼튼하고 잘나갑니다,5,1,긍정
clic****,2021-06-30T11:18:27.907+00:00,자전거: 01.삼천리 카라 / 컬러: 다크블루(바구니포함),"상품을 받아보니 디자인이 생각보다 괜찮았어요~
조립이 어려울줄 알았는데 생각보다 금방 끝나더라구요! 안장도 쿠션이 있어서 편안한 느낌이 들어서 좋았네요^^",5,1,긍정
rkan*****,2021-07-02T01:44:38.404+00:00,자전거: 01.삼천리 카라 / 컬러: 다크블루(바구니포함),"생각보다 조금 무겁네요
몇번 타다보니까 괜찮은거 같아요
사이즈도 아담합니다
용도에 맞춰서 구입한거라 
만족하면서 사용하고있습니다~^^",4,1,긍정
cuty***,2021-07-14T01:36:27.586+00:00,자전거: 01.삼천리 카라 / 컬러: 다크블루(바구니포함),디자인예쁘네요 조립하는데 좀 힘들긴햇지많요,5,1,부정
my_l*********,2021-08-11T13:23:26.952+00:00,자전거: 01.삼천리 카라 / 컬러: 다크민트(바구니포함),삼천리 자전거는 믿고 구매합니다,5,1,부정
inju*****,2021-08-11T06:00:20.864+00:00,자전거: 01.삼천리 카라 / 컬러: 다크블루(바구니포함),튼튼하고 디자인도 이쁘고 좋습니다,4,1,긍정
jsj8***,2021-08-17T15:27:31.552+00:00,자전거: 02.삼천리 메이비20 / 컬러: 민트(바구니포함),만족 하면 ~타고있어요~,5,1,부정
cjh8*****,2021-08-14T02:48:29.718+00:00,자전거: 02.삼천리 메이비20 / 컬러: 민트(바구니포함),거의조립되어서조립하기편했어요..^^,5,1,부정
expr****,2021-06-03T00:47:01.479+00:00,자전거: 01.삼천리 카라 / 컬러: 다크블루(바구니포함),"빠르게 잘 받았습니다. 아이가 너무 좋아하네요.
배송 중에 문제가 조금 있었네요. 박스가 훼손 되어 있네요. 뒷바퀴 오른쪽 체인있는 부분 가드가 스크래치 나고 조금 휨이 생겼네요. 이부분도 신경써주시면 좋을거 같아 리뷰에  남깁니다.",5,1,긍정
qoqo******,2021-07-01T09:55:37.751+00:00,자전거: 01.삼천리 카라 / 컬러: 다크블루(바구니포함),"생일선물로 주문했어요
아주 만족합니다 ㅎㅎ 색감도 예쁘고 크기도 
너무 크지않아서 성인여성이타기에도 좋아요~",4,1,부정
onlo*****,2021-06-23T13:19:52.817+00:00,자전거: 04.삼천리 로시난테 / 컬러: 네이비,자전거 다 조립하구 너무 마음에 들었는데 전조등 후미등이 다 안켜지구 지지대가 조금 약한 것 같다는 생각이 들었어요ㅠ 필요한 것들은 보충하겠지만 이 부분은 아쉬웠습니다..! 그래도 자전거가 예쁘고 좋아요! 감사합니당,3,1,부정
hhc3****,2021-07-19T13:25:43.385+00:00,자전거: 01.삼천리 카라 / 컬러: 다크블루(바구니포함),큰딸아이가 너무 좋아해요,5,1,부정
tjdw******,2021-08-11T06:33:06.583+00:00,자전거: 04.삼천리 로시난테 / 컬러: 네이비,조립도 간편하고 편하게했어요~,5,1,부정
cjh3***,2021-06-01T02:43:06.652+00:00,자전거: 01.삼천리 카라 / 컬러: 다크블루(바구니포함),"자전거 디자인 예쁘네요 무게는 제법 무겁습니다. 근데 핸들이랑 안장 보조바퀴 조립하는데 애를 먹었습니다  설명서가 자세하게 안되어 있고 간단하게 되어 있어서 힘드네요.. 자신없으신 분들은 삼천리 가셔서 조율도 받고 점검 받으시는게 나을듯 싶네요;;;; 조립하는 공구도 같이 넣어 주셨는데 공구가 약해서 별도로 있어야합니다 몽키?머시긴가.
초등학교2학년 아이인데 키가 130정도 인데 자전거 사기가 애매했는데 지금 타기 딱이네요. 안장을 오히려 더 높였어요..",4,1,부정
elle****,2021-06-25T10:35:36.044+00:00,자전거: 01.삼천리 카라 / 컬러: 다크블루(바구니포함),접이식이라 휴대가 용이하고 색이 넘 이쁘네요. 여자 혼자 조립하기 어렵지 않았어요 바퀴가 조금 더 컷으면 좋겟어요 허허,4,1,긍정
new8****,2021-07-21T10:53:16.002+00:00,자전거: 01.삼천리 카라 / 컬러: 다크블루(바구니포함),"주문하고 바로 다음날 배송됐어요
삼천리 매장가서 조립하고 잠깐 타봤는데
아이가 너무 좋아합니다",5,1,부정
mire****,2021-06-16T13:00:52.650+00:00,자전거: 02.삼천리 메이비20 / 컬러: 민트(바구니포함),배송도 빠르고 제품도 잘 받았어요. 아이가 고른 색이라 그런지 정말 예쁘다고 좋아하네요. 생각보다 무게감이 있네요~잘 탈께요^^,5,1,부정
nahy*******,2021-08-09T04:51:03.524+00:00,자전거: 01.삼천리 카라 / 컬러: 다크블루(바구니포함),성인여자까지 타기 괜찮아요 잘나가네요,5,1,긍정
sm****,2021-06-24T11:00:12.531+00:00,자전거: 01.삼천리 카라 / 컬러: 다크민트(바구니포함),자전거 너무  예쁘고 좋은데 안장이 자꾸 밑으로 내려가네요 고정을 잘시켜도 내려가는 이유가 뭘까요?,5,1,부정
ad****,2021-07-20T11:51:19.519+00:00,자전거: 01.삼천리 카라 / 컬러: 다크블루(바구니포함),보관용이하고 너무 좋아요,5,1,부정
gg****,2021-07-04T01:21:54.154+00:00,자전거: 01.삼천리 카라 / 컬러: 다크블루(바구니포함),"그냥 다 좋은거같아요
포장좋고 가격좋고 튼튼하고
별로였던건 .... 
택배기사가 사전연락도 없이 문앞에 놓고갔다는거ㅎㅎㅎ",5,1,긍정
as****,2021-07-28T07:53:10.973+00:00,자전거: 01.삼천리 카라 / 컬러: 다크블루(바구니포함),배송은 잘 왔어요 조립하기도 괜찮앗는데 손잡이부분 고무가 뜯겨져서왔어요,4,1,긍정
gjh0***,2021-07-19T03:46:36.318+00:00,자전거: 01.삼천리 카라 / 컬러: 다크블루(바구니포함),여자친구 사줬는데 만족합니다~!,5,1,긍정
zozo****,2021-08-13T21:06:04.694+00:00,자전거: 02.삼천리 메이비20 / 컬러: 라이트핑크(바구니포함),튼튼하고합니다. 굿,5,1,부정
hyej*****,2021-07-05T22:30:06.357+00:00,자전거: 01.삼천리 카라 / 컬러: 다크블루(바구니포함),아직타기전인데넘 귀엽구 예뻐요  비가 그치면 탈려구해요 기대되요~,5,1,부정
jsj8***,2021-08-02T13:20:52.524+00:00,자전거: 02.삼천리 메이비20 / 컬러: 민트(바구니포함),가격대비 만족해요 근데 조금 무거워요,4,1,부정
kims****,2021-07-20T23:30:28.205+00:00,자전거: 03.삼천리 화이트라벨 / 컬러: 블랙,남편이랑 커플로 잘쓰고 있어요!,5,1,긍정
zaxs***,2021-07-13T05:59:35.861+00:00,자전거: 01.삼천리 카라 / 컬러: 다크블루(바구니포함),좋아요! 아이들이 좋아해요,5,1,부정
akfl***,2021-08-07T10:24:13.021+00:00,자전거: 03.삼천리 화이트라벨 / 컬러: 블랙,"핸들이 자꾸 들렁거리내요
꽉장겄는데도",1,1,부정
uni0***,2021-07-11T13:48:42.413+00:00,자전거: 01.삼천리 카라 / 컬러: 다크블루(바구니포함),무겁긴하지만 아이가타기에는 괜찮습니다. 감사합니다~^^,5,1,긍정
voxc***,2021-08-08T03:45:39.676+00:00,자전거: 02.삼천리 메이비20 / 컬러: 라이트핑크(바구니포함),색깔 예쁘네요 잘 타겠습니다^^,5,1,긍정
dudd******,2021-06-21T21:09:57.508+00:00,자전거: 04.삼천리 로시난테 / 컬러: 네이비,가격대비좋은것같아요 삼천리라서 믿고 살수있어요 접는게첨엔잘 안되서 고생함이요 ㅠ작은핀이있는데살짝 들어서 접어야접힌다고해요 핸들과 안장조절해서 타고있어요,5,1,긍정
mssy****,2021-06-23T04:23:40.571+00:00,자전거: 02.삼천리 메이비20 / 컬러: 민트(바구니포함),"튼튼해요!
아이가 민트색으로 골라서
찾아보다가 가성비 좋아 주문했는데
조립도 쉽고! 너무좋아요
아직은 아침저녁으로 타기 좋은 날씨라서 아이도타고 엄마도 타고있어요ㅎ",5,1,부정
jinm*****,2021-07-17T09:18:20.288+00:00,자전거: 01.삼천리 카라 / 컬러: 다크블루(바구니포함),약간 작긴 하지만 잘 달려요,4,1,부정
gkdl*****,2021-08-01T00:58:29.997+00:00,자전거: 02.삼천리 메이비20 / 컬러: 라이트핑크(바구니포함),굿 좋아요  화면이랑 색도 같고,5,1,부정
kyba*****,2021-07-14T01:27:31.743+00:00,자전거: 03.삼천리 화이트라벨 / 컬러: 화이트,"매우 만족
스럽네요 감사합니다 잘 탈게요!",5,1,긍정
save*****,2021-07-03T00:47:29.770+00:00,자전거: 01.삼천리 카라 / 컬러: 다크블루(바구니포함),아이가 너무좋아해요~제품도 튼튼하고 가격도 너무맘에듭니다~~,5,1,부정
nakj****,2021-07-19T02:31:29.459+00:00,자전거: 01.삼천리 카라 / 컬러: 다크블루(바구니포함),키 165 인 여성이구요 사이즈도 적당하고 조립도 그렇게 어렵지않게 했어요~ 바구니는 다시 구매해야할듯해요 넘 작아요~,4,1,긍정
et****,2021-07-05T07:11:13.508+00:00,자전거: 01.삼천리 카라 / 컬러: 다크블루(바구니포함),조립이간편하고디자인이예뻐요 역시삼천리라서그런지튼튼하네요 만족  잘탈게요,5,1,부정
madp********,2021-08-06T11:33:09.978+00:00,자전거: 02.삼천리 메이비20 / 컬러: 라이트핑크(바구니포함),너무 잘사서 타고있어요,5,1,긍정
9620****,2021-07-16T00:50:35.865+00:00,자전거: 03.삼천리 화이트라벨 / 컬러: 화이트,좋아요 너무 좋아요,5,1,부정
airx****,2021-06-27T09:11:11.170+00:00,자전거: 01.삼천리 카라 / 컬러: 다크블루(바구니포함),"삼천리 브랜드 제품 
색깔 밎  성능등등 가격대비 
개인적으로 만족합니다 
좋아유 좋아요 좋아유 좋아요",5,1,긍정
kimm****,2021-08-08T14:41:03.118+00:00,자전거: 01.삼천리 카라 / 컬러: 다크블루(바구니포함),어머니가 좋아하십니다,5,1,긍정
yo81****,2021-06-28T07:32:28.940+00:00,자전거: 01.삼천리 카라 / 컬러: 다크블루(바구니포함),아주 만족하면 잘타고 있습니다  아이들도 너무 좋아해요 가격면에서도 넘실속있는거같아요,4,1,부정
firs****,2021-07-07T12:31:55.886+00:00,자전거: 04.삼천리 로시난테 / 컬러: 네이비,"가격대비 만족~
색상이 세련 됐네요~
배송은 담날 도착~~^^",5,1,부정
sd****,2021-07-14T04:37:57.331+00:00,자전거: 01.삼천리 카라 / 컬러: 다크민트(바구니포함),정말 조립도 쉽고 잘 타고 있습니다^^,5,1,긍정
kims****,2021-07-20T23:29:55.455+00:00,자전거: 03.삼천리 화이트라벨 / 컬러: 화이트,ㅈ고장없이 잘쓰고 있어요!,5,1,부정
oriy****,2021-07-17T07:58:00.310+00:00,자전거: 03.삼천리 화이트라벨 / 컬러: 화이트,너무 이쁘고 튼튼해요~^^,5,1,부정
unic******,2021-07-05T04:47:46.670+00:00,자전거: 01.삼천리 카라 / 컬러: 다크민트(바구니포함),"딸이 민트색를  원해서 찾다가발션..예쁠에요.
라하도 잘타요 참고로 132센치합니더",4,1,긍정
brad***,2021-07-13T14:53:09.184+00:00,자전거: 01.삼천리 카라 / 컬러: 다크블루(바구니포함),가성비 뛰어납니다~ 만족요~^^,5,1,부정
jsky***,2021-06-29T03:59:02.645+00:00,자전거: 01.삼천리 카라 / 컬러: 다크블루(바구니포함),배송 빨랐고 조립이 거의되어서 와서 핸들꼽고 뒷바퀴 브레이크만 살짝조정했어요 접히는거라 좋네요~~,4,1,부정
yka8***,2021-07-16T11:55:36.457+00:00,자전거: 01.삼천리 카라 / 컬러: 다크민트(바구니포함),아이가 좋아합니다.,5,1,부정
dmsr******,2021-07-13T01:11:17.909+00:00,자전거: 03.삼천리 화이트라벨 / 컬러: 블랙,따릉이가 부숴져서 왔지만 진전거는 좋앟습니다!,5,1,부정
jinm*****,2021-07-17T09:17:25.815+00:00,자전거: 04.삼천리 로시난테 / 컬러: 네이비,예뻐고 평범해요 ㅎㅎ,4,1,부정
gusw*****,2021-07-05T06:15:12.724+00:00,자전거: 01.삼천리 카라 / 컬러: 다크블루(바구니포함),굿!!잘타고있어요. 튼튼한거같구~~조립도쉬웠어요,5,1,긍정
du****,2021-07-15T01:23:38.575+00:00,자전거: 01.삼천리 카라 / 컬러: 다크블루(바구니포함),가성비 굳입미다 잘쓰고 있어요,5,1,긍정
co****,2021-07-20T02:16:11.682+00:00,자전거: 01.삼천리 카라 / 컬러: 다크블루(바구니포함),엄청 빠른 배송과 가격대비 품질좋은 자전거를 매일매일 탈수있게되어서 기쁩니다.,5,1,긍정
qudw*****,2021-06-27T07:34:54.042+00:00,자전거: 03.삼천리 화이트라벨 / 컬러: 블랙,자전거가 만든지 꽤 된건지 조립후 탓는데 핸들에서 끽끽 소리가 너무 크게 납니다. 그 외엔 만족합니다 ㅎㅎ,5,1,긍정
dlat*******,2021-07-08T07:14:27.106+00:00,자전거: 03.삼천리 화이트라벨 / 컬러: 블랙,아이가 너무 잘 타요 ㅋㅋ,5,1,긍정
s950***,2021-07-04T03:53:54.547+00:00,자전거: 01.삼천리 카라 / 컬러: 다크블루(바구니포함),디자인 예쁘고 좋아요! 조립도 할만해요!,5,1,긍정
dbww****,2021-07-31T01:58:40.668+00:00,자전거: 01.삼천리 카라 / 컬러: 다크블루(바구니포함),엄마 사드렸는데 아주 만족합니다,5,1,부정
o3o_********,2021-07-04T22:46:48.136+00:00,자전거: 01.삼천리 카라 / 컬러: 다크블루(바구니포함),"여자 혼자 30분 내로 다 조립 가능
자전거는 이쁘고 생각보다 묵직 하네용",5,1,부정
youn******,2021-06-26T12:52:51.864+00:00,자전거: 04.삼천리 로시난테 / 컬러: 네이비,잘받았습니다 배송중 살짝 파손이 있었어요... 제품 자체는 아주 맘에 듭니다,5,1,긍정
song********,2021-06-19T17:08:41.704+00:00,자전거: 01.삼천리 카라 / 컬러: 다크블루(바구니포함),"배송빠름.
최초배송품이  이상 있어 교환요청했더니 바로 처리해주심.
바구니사이즈가 작은거외에는 대체로 만족함.",3,1,긍정
kmi5***,2021-07-18T02:08:33.725+00:00,자전거: 04.삼천리 로시난테 / 컬러: 네이비,배송이빨라요.~~~~~~~,4,1,부정
gn****,2021-06-28T08:58:30.382+00:00,자전거: 04.삼천리 로시난테 / 컬러: 네이비,이쁘고 접을수 있어서 보관이 편리해요 잘 타겠습니당,5,1,긍정
gmlw******,2021-07-13T05:12:33.183+00:00,자전거: 01.삼천리 카라 / 컬러: 다크블루(바구니포함),엄청 잘 쓰고 이썽요!! 효자템ㅇㅣ에요!!,4,1,부정
dung*****,2021-06-12T01:20:03.629+00:00,자전거: 01.삼천리 카라 / 컬러: 다크민트(바구니포함),처음에 남색 구입했고 조립도 편하고 사용도 편해서 추가로 민트 구입했습니다. 그런데ㅠㅠ 단수 조절이 이상합니다. 조립하고 괜찮은지 바로 타봤는데 L보다 훨씬 아래로 내려가야 1단이 됩니다. 이미 사용했으니 반품 교환도 안될 것 같아 그냥 사용합니다.,3,1,부정
ykyo****,2021-07-22T10:59:16.275+00:00,자전거: 02.삼천리 메이비20 / 컬러: 라이트핑크(바구니포함),집사람이 타고 있는데 아주 편하고 합니다.색상도 이쁘고 튼튼하고 가격도 착한편 이니다.,5,1,부정
mdsk***,2021-08-11T13:46:38.653+00:00,자전거: 01.삼천리 카라 / 컬러: 다크블루(바구니포함),역시 삼천리 &hellip;&hellip;&hellip;,5,1,부정
cjw4***,2021-06-08T07:07:50.893+00:00,자전거: 01.삼천리 카라 / 컬러: 다크민트(바구니포함),"아이도 좋아하구 예뻐요
조립설치할때 조금 힘들긴했어요
브레이크 방향이 삐툴어져서 잘 안잡혔는데
저는 신경도 못쓰구있었구
애아빠가 뚝딱뚝딱 하니까 잘 맞춰지긴했는데
저 혼자 조립은 못했을 것같아요
브레이크 균형 맞춰야하나 이런
신경도 쓸줄도 모르구요ㅠ",5,1,부정
pyh2****,2021-07-17T16:34:42.136+00:00,자전거: 01.삼천리 카라 / 컬러: 다크블루(바구니포함),"바구니에 찍찍이까지 있어 완전고정됩니다.
자전거도 이쁘고~크기적당하고~",5,1,긍정
iduk***,2021-07-31T20:57:34.012+00:00,자전거: 01.삼천리 카라 / 컬러: 다크민트(바구니포함),가격대비 만족해요.,5,1,긍정
bsk_***,2021-06-01T14:05:32.915+00:00,자전거: 03.삼천리 화이트라벨 / 컬러: 화이트,아무리 키작은 성인 여자라도 편하게 타기에는 무리가 있는 자전거입니다. 엉덩이에 살이 많아서 왠만하면 안아픈데 엉덩이가 정말 아프고 특히 오르막길에서 죽음이에요^^ 하지만 평지에서는 탈만해요... 하지만 왠만하면 좀 더 크고 질좋은 자전거를 사세요!,3,1,부정
chri*******,2021-07-15T14:09:14.505+00:00,자전거: 04.삼천리 로시난테 / 컬러: 네이비,잘타고 있습니다.ㅎ,5,1,긍정
kisx***,2021-07-29T12:46:45.853+00:00,자전거: 04.삼천리 로시난테 / 컬러: 네이비,괜찮네요 괜찮아요~~,5,1,부정
anna*******,2021-07-23T00:04:23.968+00:00,자전거: 01.삼천리 카라 / 컬러: 다크블루(바구니포함),초1아들 너무 무거워서 게속 넘아져서 ㅠ 제가 타고잇어요..,4,1,부정
haeo******,2021-07-22T08:53:49.280+00:00,자전거: 01.삼천리 카라 / 컬러: 다크블루(바구니포함),"초등학생이 타기 딱 좋은것 같아요
딸아이가 좋아하네요",5,1,긍정
art3***,2021-06-29T06:05:45.160+00:00,자전거: 01.삼천리 카라 / 컬러: 다크민트(바구니포함),딸 생일선물로 큰 맘먹고 사줬는데 너무 좋다고 잘 타고 보니네요,5,1,긍정
kn****,2021-07-23T01:19:07.775+00:00,자전거: 02.삼천리 메이비20 / 컬러: 민트(바구니포함),딸아이잘타고있어요 크기도 적당해요,5,1,긍정
hsy2***,2021-07-03T03:02:32.153+00:00,자전거: 04.삼천리 로시난테 / 컬러: 네이비,자전거디자인이쁘고좋네요 만족합니다,4,1,부정
ssca***,2021-07-18T00:48:08.573+00:00,자전거: 02.삼천리 메이비20 / 컬러: 민트(바구니포함),아이들이 너무 좋아 하네요 잘 타고 있습니다~,5,2,부정
ssca***,2021-07-18T00:47:49.789+00:00,자전거: 01.삼천리 카라 / 컬러: 다크블루(바구니포함),아이들이 너무 좋아 하네요 잘 타고 있습니다~,5,1,부정
nare*****,2021-07-18T05:28:46.333+00:00,자전거: 04.삼천리 로시난테 / 컬러: 네이비,"로시난테 너무 이쁘고 좋음.
단 기어가 최저단으로 해놓으면
끝까지 가지 않아서 탈선을 좀 힌ㅁ
기어 교정 필요",5,1,긍정
nari***,2021-07-31T01:12:22.082+00:00,자전거: 04.삼천리 로시난테 / 컬러: 네이비,무겁지만 컴팩트하고 좋네요,5,1,부정
okb2***,2021-06-08T03:17:46.292+00:00,자전거: 01.삼천리 카라 / 컬러: 다크블루(바구니포함),"조립경험이 없는 여자인데 혼자 충분히 가능했습니다.
출퇴근용으로 구매해서 잘타고 다니고 있습니다.
이쁘고 튼튼해요
바구니도 쓸만하구모
감사합니다",5,1,긍정
sung*****,2021-06-14T01:41:35.268+00:00,자전거: 02.삼천리 메이비20 / 컬러: 라이트핑크(바구니포함),"안장과 핸들만 집에서 조립해서 탔더니 금방 고장났어요. 집근처 삼천리가서 점검했더니 부품조립이 다 엉성해서 다시 손보고 이제 잘탑니다
자전거는 이쁘고 좋습니다",5,1,부정
iz****,2021-06-09T11:10:00.435+00:00,자전거: 02.삼천리 메이비20 / 컬러: 민트(바구니포함),무겁다는 평이 있어서 걱정했는데 타는데 무리는 없었어요. 여자인 제가 접어서 차에 쉽게 실을 수 있을 정도예요. 사진에 있는 아이는 키가 150센티인데 안장 조절했더니 잘 맞아요. 가격대비 좋아요.,4,1,부정
goto*****,2021-07-02T00:48:08.878+00:00,자전거: 02.삼천리 메이비20 / 컬러: 라이트핑크(바구니포함),너무좋네요 애가좋아해요,4,1,부정
supi****,2021-07-25T01:33:45.026+00:00,자전거: 01.삼천리 카라 / 컬러: 다크블루(바구니포함),쵝오 조립도편하고 이쁘고 싸이즈도,5,1,긍정
jikb****,2021-07-08T00:34:51.984+00:00,자전거: 02.삼천리 메이비20 / 컬러: 민트(바구니포함),재미있게 타고 있어요,5,1,부정
digu****,2021-07-27T08:53:38.911+00:00,자전거: 02.삼천리 메이비20 / 컬러: 라이트핑크(바구니포함),"요즘 자전거에 재미들어서 매일타고
있어요.",5,1,긍정
cmhw***,2021-06-21T10:48:29.020+00:00,자전거: 03.삼천리 화이트라벨 / 컬러: 블랙,"아이가 쓸 자전거인데
배송도빠르고 좋았어요.
튼튼해서 아이가 안전하게 잘타고있어요.
재미나게 잘타고 있어요.",4,1,긍정
mire****,2021-06-16T13:08:07.129+00:00,자전거: 02.삼천리 메이비20 / 컬러: 라이트핑크(바구니포함),"무게감은 있지만 편리하게 잘 탈 수있을거 같고, 부품달린게 좀 허술한건 있어요 색감도 예뻐서 질리지않게 탈 수 있을것같아서 좋아요~",5,1,긍정
cmj6***,2021-07-22T00:44:47.856+00:00,자전거: 01.삼천리 카라 / 컬러: 다크민트(바구니포함),애들이 잘타요 만족합니다.,4,1,긍정
zapk*****,2021-06-21T10:07:36.819+00:00,자전거: 02.삼천리 메이비20 / 컬러: 민트(바구니포함),배송도빠르고 튼튼해요. 하지만 제일높은 기어에서 체인이 자꾸 빠지내요. 그것만빼면 무난한듯,4,1,부정
gusw****,2021-06-03T11:25:45.041+00:00,자전거: 04.삼천리 로시난테 / 컬러: 네이비,"진짜 최고!!! 예쁘고 튼튼하고 애들하고 같이탈수도있어서 좋아요
산책할때 타려고 샀는데 넘나 좋아요
색깔도 이쁘고 바구니 따로 구입해서 달았더니 간단한 장보기도 좋아요
배송도 빨랐고 조립도 쉬웠어요",5,1,부정
jihy****,2021-06-23T12:38:37.002+00:00,자전거: 01.삼천리 카라 / 컬러: 다크블루(바구니포함),자전거를 받고 조립하였고 아직 사용전이지만 삼천리접이식이고 크기도 적당하고 차에 싣고  다니기 좋을꺼같습니다.,4,1,부정
007j*****,2021-07-20T18:04:54.205+00:00,자전거: 02.삼천리 메이비20 / 컬러: 민트(바구니포함),"가성비 아주좋아요
접이식이라 이동도 용이하고 좋아요",5,1,긍정
dhgu*****,2021-06-08T09:54:03.445+00:00,자전거: 01.삼천리 카라 / 컬러: 다크민트(바구니포함),큰애 자전거를 구입했다 작은애가 사달라고해서 재구입 했네요. 민트색상이라 산뜻하고 좋긴 하네요. 다만 보조바퀴 조립시 조금 힘들더라구요. 두번째라 수월하긴 했지만요.,4,1,긍정
topw*****,2021-07-02T14:45:20.393+00:00,자전거: 01.삼천리 카라 / 컬러: 다크블루(바구니포함),배송도 빠르고 디자인도 너무 예뻐요,5,1,부정
lovi********,2021-07-22T10:28:56.106+00:00,자전거: 01.삼천리 카라 / 컬러: 다크블루(바구니포함),"성인여자가 조립하기에도 편했구
튼튼하네요",5,1,긍정
gozl*****,2021-07-09T08:04:51.565+00:00,자전거: 03.삼천리 화이트라벨 / 컬러: 화이트,너무잘쓰고있어요~~~~~,5,1,부정
5k****,2021-06-08T15:49:33.254+00:00,자전거: 04.삼천리 로시난테 / 컬러: 네이비,"화요일 주문한걸 택배사가 지점에
3일동안 묵혀두는 바람에 토요일 하루종일
택배 기다리느라 주말을 허비했지만..

판매자는 당일발송과 자전거는 마음에 들어요.
추가구성품 오배송건이 있었지만 실수는 할수있죠.
빠른대응 그거면 됐습니다. 만족.",5,1,긍정
tlsd********,2021-05-31T13:54:08.417+00:00,자전거: 01.삼천리 카라 / 컬러: 다크블루(바구니포함),"초4딸 아이가 타려고 주문했어요 142센치 정도되는데 사이즈 딱이네요
디자인도 깔끔하고 초간단 조립에 순식간에 신랑이 조립했어요 딸려오는 공구도 있고 따로 조립하는데 필요한건 없더라구요 
저렴하니깐 당연한거겠죠 아이가 낑낑거리며자전거를 들때가있네요 무거운거 빼만 엄청 만족스러워요",4,1,부정
poro****,2021-05-30T05:56:59.055+00:00,자전거: 02.삼천리 메이비20 / 컬러: 민트(바구니포함),"아이 생일선물로 구매했는데 뒷쪽이 찌그러져 와서 너무 속상했어요ㅠㅠ 이미 어느정도 상품을 풀어놓은 상태였고, 바퀴돌아가는데는 지장이 없을거 같아 그냥 타려고요
그거 빼곤 아주 좋아요. 속상한 맘에 별 두개 뺐네요",3,1,긍정
blue*******,2021-06-17T01:51:39.986+00:00,자전거: 02.삼천리 메이비20 / 컬러: 민트(바구니포함),아직까지 문제없이 잘 타고 있어요. 근데 기어변속 후에 계속 소리가 나네요. 그리고 체인에 가드? 덮개 이런게 없어서 폭이넓은긴바지를 입고타면 체인에 걸려요.,5,1,긍정
ae****,2021-06-12T06:13:00.904+00:00,자전거: 01.삼천리 카라 / 컬러: 다크블루(바구니포함),도착해서 개봉하니 앞바퀴플라스틱이 불령이에요,1,1,부정
chil*****,2021-06-11T23:36:28.877+00:00,자전거: 03.삼천리 화이트라벨 / 컬러: 블랙,좋으네요 저렴하게 잘 구매했어요  사이즈가 작아서 차에 싣고 다니기 넘 편합니다 무계도 그정도면 가볍워서 좋아요,5,1,부정
ssh0***,2021-07-02T03:25:15.432+00:00,자전거: 01.삼천리 카라 / 컬러: 다크민트(바구니포함),"전체적으로 만족합니다.
뒷바퀴 덮개? 부분이 조금 뒤틀려있긴한데
아이가 타는데 지장은 없으니 그냥 사용합니다.
11세 여아 만족해합니다.
감사합니다!!!",4,1,긍정
jkpa****,2021-06-19T11:52:19.996+00:00,자전거: 01.삼천리 카라 / 컬러: 다크민트(바구니포함),"아주 만족합니다. 
동네 마트에서 브랜드도 없는게 20만원 넘네요
가성비 좋네요",5,1,긍정
hyuj****,2021-06-21T23:40:19.520+00:00,자전거: 01.삼천리 카라 / 컬러: 다크블루(바구니포함),조립도 어렵지 않고 아이가 엄청 좋아합니다. 금방 배우더니 잘 타네요.,5,1,부정
jh00***,2021-07-15T04:52:35.023+00:00,자전거: 04.삼천리 로시난테 / 컬러: 네이비,이쁘고 가성비 있고 잘나가는데 단점이 좀 마니 무거워요 헉헉,5,1,부정
cstr*****,2021-07-24T09:38:21.712+00:00,자전거: 01.삼천리 카라 / 컬러: 다크블루(바구니포함),좋아요 아주 좋아요,5,1,긍정
madp********,2021-07-02T09:09:26.700+00:00,자전거: 02.삼천리 메이비20 / 컬러: 라이트핑크(바구니포함),저렴하게 잘 샀어요,5,1,긍정
gksr********,2021-06-27T02:19:06.993+00:00,자전거: 04.삼천리 로시난테 / 컬러: 네이비,나모 이뻐요 가장 대중적인 삼천리!!,5,1,긍정
bh****,2021-07-23T01:27:02.873+00:00,자전거: 01.삼천리 카라 / 컬러: 다크블루(바구니포함),감사합니다 잘 타겠습니다,5,1,긍정
susi*****,2021-06-12T10:01:13.829+00:00,자전거: 01.삼천리 카라 / 컬러: 다크민트(바구니포함),고장난상태로왔는데 문의하니 삼천리자전거로가서 유료로 수리받으라네요. 삼천리자전거가서 자전거보여주니 정품아니고 중국산이라네요,1,1,긍정
jwsl*******,2021-06-08T10:52:52.202+00:00,자전거: 01.삼천리 카라 / 컬러: 다크블루(바구니포함),"혼자 조립한다고 낑낑 ㅜㅜ
사장님께 전화하니 상담시간 아님..
마지막 핸들이 문제..유튜브에서 답을 찾았어요
헥헥..바구니 고정이 어려워용
화이트라벨 장바구니 담았어요
아들이랑 같이 타려고용
아들이 20인치 타고 저는 18인치 탔네요 ^^;;",5,1,긍정
assa****,2021-06-29T00:02:41.855+00:00,자전거: 04.삼천리 로시난테 / 컬러: 네이비,만족합니다.추천힙니다.,5,1,부정
jjun****,2021-07-07T12:47:12.366+00:00,자전거: 01.삼천리 카라 / 컬러: 다크블루(바구니포함),"어제 주문해서 오늘 받았어요, 받자마자 금방 조립했어요,  딸 아이가 좋아하네요..  그런데 비가와서 시승은 내일.",5,1,긍정
mini******,2021-06-24T14:15:24.755+00:00,자전거: 01.삼천리 카라 / 컬러: 다크블루(바구니포함),크기가 제법크네요 튼튼해보여요,5,1,부정
tnt5***,2021-07-23T02:12:10.079+00:00,자전거: 04.삼천리 로시난테 / 컬러: 네이비,자잔거 패달에서 계속 소리가 납니다,3,1,부정
kwon****,2021-07-18T14:40:54.612+00:00,자전거: 01.삼천리 카라 / 컬러: 다크블루(바구니포함),"아이가 편안해하고 색상도 깔끔해요
바구니도 유용하네요",5,1,부정
pjsv***,2021-06-19T13:53:06.275+00:00,자전거: 03.삼천리 화이트라벨 / 컬러: 화이트,"접이식 자전거가 성능도 좋고
지하철에 들고 다닐수 있어서 유용하게 쓰일것 같네요",4,1,긍정
ssin***,2021-06-11T12:46:21.666+00:00,자전거: 01.삼천리 카라 / 컬러: 다크블루(바구니포함),잘받았습니다 너무 만족해요 흙받이쪽에 도색불량이있었지만 교환하기힘들어 그냥 탈게요~,5,1,긍정
anna*******,2021-06-11T05:29:45.117+00:00,자전거: 01.삼천리 카라 / 컬러: 다크블루(바구니포함),"초1 아들 120센치 좀 넘어요
원래 타던거보다 무겁고 새거라서 뻑뻑하네요 ㅎ
무거워서 안정감은 있는데 기어 바꿔도 힘이 더 많이 들어가나봐요 ㅎ
요새 자전거에 꽂혀 맨날 타서 뽕뽑을수 있겟어요 ㅎ",5,1,긍정
kkea*****,2021-07-04T01:18:40.859+00:00,자전거: 01.삼천리 카라 / 컬러: 다크블루(바구니포함),아이가 타기 좋아요^^,5,1,긍정
kims****,2021-06-16T00:28:11.071+00:00,자전거: 03.삼천리 화이트라벨 / 컬러: 화이트,"철이라 무겁긴 하지만,가격도 저렴하고 배송도 하루만에 왔어요.
하자없이 잘 땄어욬",5,1,부정
ysyo*****,2021-07-11T12:15:36.395+00:00,자전거: 01.삼천리 카라 / 컬러: 다크블루(바구니포함),"외관도 이쁘고 접이식도 잘되고 합니다
다만 접이식이다보니 안장과 핸들이 조금 먼건 감안해야 할듯 합니다",5,1,부정
am****,2021-06-06T13:46:21.742+00:00,자전거: 03.삼천리 화이트라벨 / 컬러: 화이트,"자전거가 좋네요 ㅎ
다만 엉덩이가 아파서 안장에 쿠션 하나 설치했는데 그래도 장시간 타면 아프긴 합니다 ㅎ
그거 빼고 디자인, 성능 뭐 다 무난하고 좋네요 ㅎ",5,1,부정
carl*****,2021-06-25T02:56:16.773+00:00,자전거: 01.삼천리 카라 / 컬러: 다크민트(바구니포함),잘있습니다. 그런데 아이가 탈생각을 안하네요 ㅋ,5,1,긍정
21cp*****,2021-06-28T02:51:24.321+00:00,자전거: 04.삼천리 로시난테 / 컬러: 네이비,차에 넣고 다니기 좋습니다.  잘산거 같네요!,5,1,긍정
pink***,2021-06-08T14:03:09.554+00:00,자전거: 02.삼천리 메이비20 / 컬러: 라이트핑크(바구니포함),"여자~여자한 핑크 자전거~
딸이 너무좋아해요~
요즘 애들 민트 너무  많이 가지고 다녀서 핑크로 했는데 잘 산것 같아요~♡
가성비 좋은 자전거 같아요",5,1,부정
dhgu*****,2021-06-02T08:26:46.336+00:00,자전거: 01.삼천리 카라 / 컬러: 다크블루(바구니포함),"공간이 협소한 관계로 접이식 자전거를 구입하게 되었는데 좋더군요. 아이가 무척이나 좋아 하네요. 만족스럽습니다.
다만 보조바퀴 달때 볼트가 잘 안풀려서 애 좀 먹었네요.",4,1,긍정
oy****,2021-06-11T14:01:59.143+00:00,자전거: 02.삼천리 메이비20 / 컬러: 라이트핑크(바구니포함),차트렁크에 넣고 다니며 잘 타고 있어요. 바구니 있어야 편하네요.  두발로 못타서 보조바퀴 따로 구입해서 달아줫어요. 언젠가는타겠죠..? ㅋㅋ,5,1,부정
yo81****,2021-05-26T10:49:08.614+00:00,자전거: 01.삼천리 카라 / 컬러: 다크블루(바구니포함),아이가 너무 좋아해요 접어지니 보관하기도 넘좋구요 이자전거로 연습해서 두발자전거를 드뎌타게 되었는데 아이가 신하네요 잼있다고 바구니도 있어 물건도 넣을수 있어 좋네요 아직 까진 엄청 만족하며 잘타고있습니다 조립도 쉽네요,5,1,긍정
my_l*********,2021-05-25T16:06:27.670+00:00,자전거: 01.삼천리 카라 / 컬러: 다크민트(바구니포함),"무사히 잘 받았습니다. 해외사는데 자전거가 괜찮은건 너무 비싸고 , 중국산샀더니 두번타고 망가졌네요
삼천리자전거는 가격대비 내구성이 너무 좋아서 해외에서도 삼천리자전거 사게되네요. 해외배송도 가능하면 좋겠네요~",5,1,부정
need****,2021-06-08T02:00:28.007+00:00,자전거: 02.삼천리 메이비20 / 컬러: 라이트핑크(바구니포함),"초1  자전거 기어 없는 작은거 타더니 힘들다고 징징 거려서 큰걸로 사줬네요.
외할머니댁에 가져가서 자전거 타면서 산책을 했는데 기어가 있어서 힘도 덜 들고 좋다고 하네요..",5,1,부정
lyuj****,2021-06-20T01:44:46.478+00:00,자전거: 01.삼천리 카라 / 컬러: 다크블루(바구니포함),배송 완전 빠르고 자전거 귀엽게 생겨내요 조립하는데도 그리 힘들지 않고 잘 타겠습니다~,5,1,부정
zozo****,2021-07-23T07:37:50.162+00:00,자전거: 04.삼천리 로시난테 / 컬러: 네이비,튼튼하고 좋아요..,5,1,부정
kkd0****,2021-06-12T17:16:14.614+00:00,자전거: 04.삼천리 로시난테 / 컬러: 네이비,자전거 빨리 잘도착했습니다 ㅎㅎ 바람이 빠져있어서 바람넣고 타보니 좋아요~~~,5,1,긍정
ss****,2021-07-17T04:28:42.330+00:00,자전거: 04.삼천리 로시난테 / 컬러: 네이비,빠른 배송에 감사드립니다.,5,1,부정
sora****,2021-07-12T01:24:45.851+00:00,자전거: 03.삼천리 화이트라벨 / 컬러: 화이트,좋아요좋아요좋아요 좋아요좋아요좋아요,5,1,부정
youn******,2021-06-26T12:53:14.583+00:00,자전거: 01.삼천리 카라 / 컬러: 다크블루(바구니포함),잘받았어요 감사합니다,5,1,부정
goma********,2021-06-25T10:54:40.381+00:00,자전거: 01.삼천리 카라 / 컬러: 다크블루(바구니포함),조립도 간편하고 트렁크에 쏙들어가요,5,1,긍정
syab****,2021-05-28T11:15:16.165+00:00,자전거: 01.삼천리 카라 / 컬러: 다크블루(바구니포함),"디자인 이뻐요.
주문한지 하루만에 배송왔어요.
세워두는 발걸이가 뻑뻑해서 못모르고 제끼다 안제껴져서 발다칠뻔했네요.
체인에 기름기가 하나도없이 매끈해서 새느낌이 너무 좋았습니다.
wd 있는걸로 살짝 뿌리고 탔어요~

무엇보다 아들래미가 넘나 행복해합니다~♡",5,1,부정
ksan****,2021-06-29T12:50:09.352+00:00,자전거: 01.삼천리 카라 / 컬러: 다크민트(바구니포함),이쁘고 좋아요 잘산거 같아요,5,1,부정
an96****,2021-05-12T06:25:05.531+00:00,자전거: 01.삼천리 카라 / 컬러: 다크블루(바구니포함),"가성비 좋네요.. 어린이날 선물로 주문할려다 품절.품절.. 5.5일지나서야 구매할수있었네요..
자전건 좋은데 바구니가 찌그러지게 와서 좀 그랬는데 손으로 피니까 그럭저럭 된거 같아 다행이네요..
포장시 바구니 안쪽에 뭘 껴야되지 않을까 합니다",5,1,부정
bmbb***,2021-06-29T13:15:19.131+00:00,자전거: 01.삼천리 카라 / 컬러: 다크블루(바구니포함),초등학생 아이거로 구매했네요,4,1,부정
wate******,2021-07-10T17:51:37.426+00:00,자전거: 01.삼천리 카라 / 컬러: 다크블루(바구니포함),무겁긴하지만 이뿌네요..타기도좋아요,4,1,부정
jss3***,2021-06-11T01:44:31.236+00:00,자전거: 01.삼천리 카라 / 컬러: 다크블루(바구니포함),"3학년 딸이 좋아해요.
키 125 여자아이 안장 내리고 타는데 문제없네요.",5,1,부정
swee*******,2021-06-05T08:09:18.214+00:00,자전거: 02.삼천리 메이비20 / 컬러: 라이트핑크(바구니포함),"배송도 빠르고 조립하기도 쉬웠어요
초2여아 조금 클것같아 걱정했는데 잘 타요
아이가 너무 좋아해요",5,1,긍정
im****,2021-07-13T11:24:58.669+00:00,자전거: 02.삼천리 메이비20 / 컬러: 라이트핑크(바구니포함),빠른 배송 감사해요. 잘 사용할께요,5,1,부정
en****,2021-06-07T10:31:05.527+00:00,자전거: 01.삼천리 카라 / 컬러: 다크민트(바구니포함),"제주도로 배송했는데 배송빨랐어요 
조립도 쉽네요!
제주도 여행다니면서 잘 타고 있습니다 ㅎㅎ
근데 키크신분은 타면 안될것 같아요 ㅋㅋㅋ 작긴 작습니다",5,1,부정
soom********,2021-07-19T07:08:26.740+00:00,자전거: 02.삼천리 메이비20 / 컬러: 라이트핑크(바구니포함),아무 문제 없이 잘 타고 좋아합니다,5,1,긍정
goet****,2021-07-15T05:48:52.948+00:00,자전거: 02.삼천리 메이비20 / 컬러: 민트(바구니포함),대체적으로 만족하지만 조금 무겁습니다,5,1,긍정
sehy*****,2021-07-19T00:48:39.368+00:00,자전거: 01.삼천리 카라 / 컬러: 다크블루(바구니포함),자전거 예쁘네요 블루,5,1,긍정
jm****,2021-07-13T08:49:27.087+00:00,자전거: 04.삼천리 로시난테 / 컬러: 네이비,기어가 많이 약해서 조금 타다 기어 수리해야할듯 기어때문에 체인 줄 잘빠짐,2,1,부정
kims*****,2021-06-14T00:48:11.576+00:00,자전거: 03.삼천리 화이트라벨 / 컬러: 화이트,"수평 맞추는기 살짝 어려웠지만 자전거는 이쁘네요~
사진은 남편 자전거랑 크기 비교입니당",5,1,긍정
ubud*****,2021-06-20T11:09:22.657+00:00,자전거: 04.삼천리 로시난테 / 컬러: 네이비,"디자인도 이쁘고 잘 나가네요
183 키의 아들이 타도 괜찮넹ㅛ",5,1,긍정
alsk****,2021-06-27T05:46:25.659+00:00,자전거: 01.삼천리 카라 / 컬러: 다크민트(바구니포함),아이가 너무 잘타고있습니다~,5,1,긍정
oran*****,2021-07-18T04:25:45.358+00:00,자전거: 01.삼천리 카라 / 컬러: 다크블루(바구니포함),조립도 간단하고 조아요,5,1,긍정
turb********,2021-06-09T05:21:28.549+00:00,자전거: 01.삼천리 카라 / 컬러: 다크민트(바구니포함),"빠른배송 간편한설치 불량없는 정상제품 모두다 매우 만족합니다.
번창하세요^^",5,1,부정
jss3***,2021-06-11T01:42:48.702+00:00,자전거: 03.삼천리 화이트라벨 / 컬러: 블랙,"딸이 좋아하네요
6학년 여자아이 키 146  타는데 문제 없습니다.",5,1,긍정
cwy9******,2021-06-27T11:55:22.512+00:00,자전거: 04.삼천리 로시난테 / 컬러: 네이비,배송도 빠르고 조립도 편하네요,5,1,긍정
yons********,2021-07-16T01:39:14.943+00:00,자전거: 01.삼천리 카라 / 컬러: 다크블루(바구니포함),잘받았습니다 운동 열심히 할께요^^,5,1,부정
epoc****,2021-05-12T07:11:19.656+00:00,자전거: 02.삼천리 메이비20 / 컬러: 민트(바구니포함),어린이날 선물로 구매했구요~ 딸내미가 좋아하는 민트색상으로 구매했습니다. 사진보다도 훨씬 예쁘네요. 바구니도 벨크로 체결을 하면 단단하게 고정되구요. 다른분들이 말씀하신대로 무게감이 조금 있는것을 제외하면 나무랄데 없는 제품 같습니다. 조립이라 할것도 없이 접힌거 펴서 안장과 핸들 끼우면 끝나네요. 잘 받았습니다. 감사합니다~~~,5,1,긍정
vkrt*****,2021-06-03T04:33:59.800+00:00,자전거: 01.삼천리 카라 / 컬러: 다크블루(바구니포함),출퇴근용으로 정말 잘 쓰고있어요~ 애기들이 많이탄다고 해서 유치해보일까 싶었는데 성인여자가 타고다녀도  손색 없네용 ㅎ  무게가 많이 나가긴 하지만 운행하는데에는 아무문제 없습니당~~~~,5,1,긍정
luna******,2021-06-19T08:55:31.357+00:00,자전거: 02.삼천리 메이비20 / 컬러: 민트(바구니포함),저렴하게잘샀어요 감사합니다,5,1,부정
romi****,2021-06-03T13:10:25.373+00:00,자전거: 03.삼천리 화이트라벨 / 컬러: 화이트,디자인 성능 너무 좋아요. 편안하게 라이딩하기엔 강력추천입니다. 가성비가 좋아요. 저는 2대 구매....,5,1,긍정
oy****,2021-05-11T08:16:00.256+00:00,자전거: 02.삼천리 메이비20 / 컬러: 라이트핑크(바구니포함),초2 여아에게 선물하려고 구입했어요. 좀 무겁고 아이에겐 아직 좀 큰데 태워보니 까치발로 탈만합니다..ㅋ  40중반 주부인.. 기계치에 조립치인 제가 혼자서 포장풀고 조립한거보니 이거 아무나 조립할 수 있겠네요. 바구니가 살짝 스크래치가 났는데 바구니는 조립 안할거라 그냥 씁니다.  근데 이 바구니가 꽤 예뻐서 천장에 메달고 덩쿨식물 화분으로 써도 되겠네요..ㅎㅎㅎ,5,1,부정
soom********,2021-06-17T10:53:33.882+00:00,자전거: 02.삼천리 메이비20 / 컬러: 라이트핑크(바구니포함),색감좋고 배송도 빠르고 애들이 무척 마음에 들어합니다.,5,1,긍정
mdsk***,2021-06-23T02:04:04.711+00:00,자전거: 01.삼천리 카라 / 컬러: 다크블루(바구니포함),배송빠르고 물건 좋은 보조바퀴 추가로 다시는 분은 뒷바퀴쪽 너트가 엄청강하게 잠겨있음 wd40 뿌려놓고 10분정도있다 보내준 툴 중에 전체 감싸는 육각모양에 넣고 고무만치고 살살처서 풀어야함 렌치로 힘으로 풀었더니 너트가 그냥 뭉게지기만하네요 애먹었음,5,1,부정
yoon***,2021-05-05T05:33:44.643+00:00,자전거: 01.삼천리 카라 / 컬러: 다크민트(바구니포함),"아이랑 같이 타려고 샀어요..
거의ㅜ매일 타고 다녀요
아침에 작은아이 유치원 등원할때도 뒤에 태워서 다니고 있어요..
조립하기도 편해요",5,1,긍정
gree****,2021-07-15T10:19:50.874+00:00,자전거: 02.삼천리 메이비20 / 컬러: 민트(바구니포함),두발자전거 너무힘드러하네요 ㅎㅎ,4,1,부정
dlth*******,2021-06-23T12:50:44.234+00:00,자전거: 01.삼천리 카라 / 컬러: 다크블루(바구니포함),아주좋아요 조금 약해보이긴 합니다 ㅠ,5,1,긍정
juny*****,2021-06-08T23:25:00.933+00:00,자전거: 02.삼천리 메이비20 / 컬러: 라이트핑크(바구니포함),배송도 빠르고 꼼꼼하게 포장 되어 안전하게 왔네요~~ 아쉬운 것은 조립 설명서가 따로 없어 유튜브에서 유사한 자전거 조립 장면 보고 따라 했더니 40분만에 완성 되었어요!! 11살 딸이 타기에 크기는 적당 하나 좀 무거운게 흠이네요!! 그래도 가격대비 괜찮은거 같아요,4,1,긍정
ewha******,2021-05-10T23:01:33.198+00:00,자전거: 02.삼천리 메이비20 / 컬러: 민트(바구니포함),"조립은 생각보다 쉽게 했습니다. 자전거가 묵직해서 10살 딸아이 아직은 킹낑거리네요. 민트에 흰색 안장  흰색 바퀴 색조합이 최고로 예뻐요.
많은 분들이 말씀하신 바구니 벨크로는 좀 어이가 없는 부분입니다. 벨크로 길이가 충분한것도 아니고  몇번 여미면 접착력이 떨어질 느낌이요. 클 때까지 잘 타겠습니다~",4,1,긍정
lor8***,2021-06-25T03:00:10.995+00:00,자전거: 01.삼천리 카라 / 컬러: 다크민트(바구니포함),조립쉽고 새거가 좋네요,5,1,긍정
hdo1***,2021-05-24T06:07:41.594+00:00,자전거: 01.삼천리 카라 / 컬러: 다크블루(바구니포함),디자인도 너무 만족스럽고 좋네요~ 아이가 너무좋아해요~ 조립도 간단하고 잘타겠습니다~ 아직은조금크지만 아이가조금더크면 잘맞겠네요~ 초등저학년친구들에게 강추합니다~ 너무예뻐요~♡♡,5,1,긍정
dlat*******,2021-06-12T13:28:14.344+00:00,자전거: 03.삼천리 화이트라벨 / 컬러: 블랙,빠른배송 좋아요~~~,5,1,부정
no****,2021-05-29T09:57:24.874+00:00,자전거: 01.삼천리 카라 / 컬러: 다크민트(바구니포함),"배송 빠르고요
조립 간단하고요
디자인 이쁩니다
4학년 딸애가 너무  좋아합니다
강추ㅎㅎ",5,1,부정
yuri****,2021-05-24T02:00:28.882+00:00,자전거: 02.삼천리 메이비20 / 컬러: 라이트핑크(바구니포함),"일단 조립 쉽지않고, 괜히 제가했다가 잘못돼서 삼천리 맡겼어요 결국ㅠㅠ 그냥 맡기시는 거 추천해요. 자전거는 참 예쁩니다. 안장은 조금 불편한 편이고, 생각보다 무거워요! 예쁜맛에 동네마실용으로 탑니다!",3,1,긍정
rlad********,2021-04-28T11:09:32.828+00:00,자전거: 01.삼천리 카라 / 컬러: 다크블루(바구니포함),귀여워요.. 성인 여자인데 체구가 작아서 샀는데 사이즈가 딱 맞아요 조립도 쉽고 그치만 조립방법을 가르쳐줬더라면 더 쉽게 했을것 같아요..! 글고 리뷰에 보니까 자전거가 무겁다길래 어차피 뭐 들고 다니는것도 아닌데 상관 없지~ 했는데 막상 보니 자전거 자체가 무거워서 그런가 좀 세게 밟아야 앞으로 잘 나가네요...! 힘을 좀 더 써야한다는거..? 단거리 이용으로 즐기기엔 좋으나 장거리용으로는 정말 엑스 입니다~ 저처럼 출퇴근용 (10~30분)이 좋은듯 해요~ 바구니 작아요 작은거 몇개 넣으면 가득 찰 정도....! 브레이크는 잘 돼요 배송도 빠르고 포장도 잘 되어있구요 대체적으로 만족스럽습니다,5,1,긍정
ms****,2021-06-08T05:26:10.739+00:00,자전거: 02.삼천리 메이비20 / 컬러: 라이트핑크(바구니포함),아이가 좋아하고 가끔 잘 타고 있어요~!  한가지 흠이 있다면 보조바퀴가 지면과 상당히 거리가 있어서 자칫하면 넘어지네요!,5,1,긍정
kkwl****,2021-06-20T01:29:31.692+00:00,자전거: 01.삼천리 카라 / 컬러: 다크민트(바구니포함),편하게 잘 타고 있어요. 바구니도 있어서 편해요.,4,1,부정
rlag*******,2021-06-24T01:13:11.009+00:00,자전거: 01.삼천리 카라 / 컬러: 다크블루(바구니포함),튼튼하고 아이가 좋아해요,5,1,부정
sh****,2021-06-23T11:00:17.652+00:00,,한달동안 써보니까 좋았습니다~,5,1,부정
kkan*****,2021-06-24T05:59:38.848+00:00,자전거: 02.삼천리 메이비20 / 컬러: 민트(바구니포함),저렵하지만 품질이 좋습니다~~,5,1,부정
dlfk***,2021-06-03T06:14:43.119+00:00,자전거: 01.삼천리 카라 / 컬러: 다크블루(바구니포함),동네 마실용으로 구입했는데 접이식이라 RV 트렁크에 들어 가네요 조립도 간단하고 가볍네요,5,1,부정
me****,2021-06-11T12:17:25.252+00:00,자전거: 04.삼천리 로시난테 / 컬러: 네이비,"색상도 이쁘고 만족합니다..
근데 생각했던것보다 무게가 조금 나가네요.",5,1,부정
en****,2021-06-07T10:32:09.978+00:00,자전거: 01.삼천리 카라 / 컬러: 다크블루(바구니포함),"네이비 민트 같이사서 제주도 여행중입니다
저렴한 가격대비 좋으네요!
조립 쉽습니다!!",5,1,긍정
kmk3******,2021-07-14T04:35:39.186+00:00,자전거: 01.삼천리 카라 / 컬러: 다크블루(바구니포함),아들이 정말좋아합니다,5,1,부정
ad****,2021-06-09T00:27:22.201+00:00,자전거: 01.삼천리 카라 / 컬러: 다크블루(바구니포함),너무좋아요 조립은 삼천리매장에서 했어요,5,1,부정
rjat******,2021-06-04T14:17:43.155+00:00,자전거: 01.삼천리 카라 / 컬러: 다크민트(바구니포함),"작게나왔는데 안장올리니 초딩딸도 저도 돌아가며 탈 수 있는사이즈네요
접이식이라 차에 실려서 좋아요",5,1,부정
akir****,2021-05-26T07:18:29.731+00:00,자전거: 02.삼천리 메이비20 / 컬러: 민트(바구니포함),"조립이 너무 잘되어 있어서 보조바퀴 달때 힘들었어요~
빨리 배송도 해주시고 저희 딸이 너무너무 좋아하네요!
초등학생 여자아이가 타면 완전 딱 이뻐용~",5,1,부정
lky0***,2021-06-25T16:26:46.307+00:00,자전거: 01.삼천리 카라 / 컬러: 다크블루(바구니포함),이쁘고  좋네요~~~~,5,1,긍정
ldjl******,2021-07-12T01:22:42.956+00:00,자전거: 02.삼천리 메이비20 / 컬러: 라이트핑크(바구니포함),자전거 너무 예쁘고 맘에 듭니다,5,1,긍정
jinh*****,2021-07-06T11:58:44.702+00:00,자전거: 01.삼천리 카라 / 컬러: 다크블루(바구니포함),아주 좋아요 ..조립도 쉽고,5,1,긍정
pinn***,2021-06-08T12:24:50.446+00:00,자전거: 02.삼천리 메이비20 / 컬러: 라이트핑크(바구니포함),"보조바퀴를 달아주니 7살 아이가 타기 좋네요.
초등학교 고학년까지 쓸수 있을거 같아요.",5,1,부정
fjqm****,2021-06-21T10:26:05.648+00:00,자전거: 02.삼천리 메이비20 / 컬러: 라이트핑크(바구니포함),미니미니해서 너무 귀엽네요 잘타고잇어요,5,1,긍정
thes*****,2021-06-02T05:50:59.585+00:00,자전거: 03.삼천리 화이트라벨 / 컬러: 블랙,"시골인데 배송은 2일정도 빨리왔구요
조립은 생각보다 쉽네요 대신 수평맞추니라 고생했습니다 공구도 들어있어서
칼이나 가위정도만있으면 충분해요",5,1,긍정
hee0***,2021-06-20T15:13:18.621+00:00,자전거: 01.삼천리 카라 / 컬러: 다크블루(바구니포함),"자전거조립도 쉽고.간편해요ㆍ
아이도 좋아하고 잘타네요~
가격도 너무좋고, 디자인도 예뻐서 만족스러워요",5,1,부정
c0****,2021-06-29T23:04:13.889+00:00,자전거: 01.삼천리 카라 / 컬러: 다크블루(바구니포함),배송빠르고좋아요 다음에또이용할께요,4,1,부정
hh****,2021-07-04T05:55:37.078+00:00,자전거: 04.삼천리 로시난테 / 컬러: 네이비,튼튼하고 예뻐요~만족합니다,5,1,긍정
me****,2021-06-01T13:50:23.271+00:00,자전거: 01.삼천리 카라 / 컬러: 다크블루(바구니포함),"배송 빠르게 받았어요.
컬러가 많이 예쁘네요.
초등 4학년 아이가 잝탈것같습니다.",5,1,부정
east********,2021-06-30T06:26:20.621+00:00,자전거: 03.삼천리 화이트라벨 / 컬러: 블랙,좋아요 ㅎㅎㅎ타이어가 불량이긴 했지만 응대를 너무 잘해주셨어요 ㅎㅎ,5,1,긍정
blue*******,2021-05-09T03:11:37.808+00:00,자전거: 02.삼천리 메이비20 / 컬러: 민트(바구니포함),바구니가 망가져오지 않을까 걱정했는데 너무 안전하게 망가진곳없이 잘 왔네요. 자전거 안장이 너무 맨질해서 자꾸 미끄러지더라구요. 안장커버를 씌워야겠어요. 130센치 아이한테 딱 적당해요. 아직은 커보이지만 그래도 잘타네요.,5,1,부정
smil******,2021-06-01T23:41:13.125+00:00,자전거: 02.삼천리 메이비20 / 컬러: 라이트핑크(바구니포함),색상 진짜 이뻐요~ 22인치랑 사이즈로 고민하다가 상세설명에 20인치가 165cm까지 키 가능하다고 써있어서 20인치로 샀어요. 2학년 여아 무리없이 타네요~^^,5,1,긍정
itby****,2021-06-24T04:55:16.445+00:00,자전거: 02.삼천리 메이비20 / 컬러: 민트(바구니포함),초1 키 120cm 정도이고 안장 최대한 낮춰서 타니까 크게 문제는 없습니다. 아이가 좋아하네요. 감사합니다.,5,1,긍정
qkrd*******,2021-06-16T18:05:21.017+00:00,자전거: 03.삼천리 화이트라벨 / 컬러: 화이트,"되게 좋아요 근데 조립이 조금 어렵더라구요 ㅠㅠ ㅎㅎ그리고 접이식이지만 무거워서 휴대는 좀 힘들 것 같고 자물쇠사서 산책용 또는 출근용으로 잘 쓰고 있습니당
바퀴가 좀 얇아서 보도블럭에서는 조심히 타야 해용",5,1,긍정
ferd******,2021-06-01T01:56:34.179+00:00,자전거: 01.삼천리 카라 / 컬러: 다크민트(바구니포함),안보고 온라인서 구입하다 보니까 생각보다 작지만~ 좋아요~ 거진 다 조립된상태라 편하네요~,4,1,부정
hyun****,2021-06-12T02:08:55.887+00:00,자전거: 01.삼천리 카라 / 컬러: 다크블루(바구니포함),가볍고 편해요 가격도 착하고,5,1,긍정
hyun****,2021-05-01T03:53:41.616+00:00,자전거: 01.삼천리 카라 / 컬러: 다크블루(바구니포함),거의다 조립해서 오니까 안장과 손잡이만 조립하면 되니까 쉽고 편해요.  자전거도 튼튼해보이고 색도 맘에 들어요 다만 바구니 고정하라고 벨크로를 주셨는데 약해서 조금만 잡아다녀도 풀리네요 차라리 케이블타이를 몇개 주시지. . .  그리고 바구니가 아담해서 소지품 정도 밖에 못 넣겠네요.  그외에는 만족해요,5,1,긍정
gmlw******,2021-05-31T23:15:20.705+00:00,자전거: 01.삼천리 카라 / 컬러: 다크블루(바구니포함),디자인이랑 자전거는 예쁜데... 브레이크 선 다 고장나있고.. 바퀴에 바람도 없고 부품도 여러개 빠져있고...상품 나가기 전에 한 번 더 확인해주셨으면 좋았을 것 같아요.. ㅜㅜㅜ 고치다가 손에 피도 났어요..,2,1,긍정
ggom******,2021-05-25T04:58:26.853+00:00,자전거: 02.삼천리 메이비20 / 컬러: 민트(바구니포함),"아이가 너무나 좋아합니다 
배송도 안전하게왔고 조립도 어렵지 않았어요 
그래도 설명서가 제대로 있었다면 더 쉽게 할수 있었을거 같아요 
핸들과 안장만 조립하면 나머지는 되어온듯 해요 
많이파세요",5,1,부정
du****,2021-06-15T13:47:03.353+00:00,자전거: 01.삼천리 카라 / 컬러: 다크블루(바구니포함),어머니 선물로 사드렸는데 정말 좋아하십니다 최고!,5,1,부정
curl******,2021-06-14T21:17:40.157+00:00,자전거: 04.삼천리 로시난테 / 컬러: 네이비,조립편해요 차에 쏙 들어가네요,5,1,부정
yumi******,2021-06-27T10:08:33.550+00:00,자전거: 01.삼천리 카라 / 컬러: 다크블루(바구니포함),배송도 빠르고 가격도 저렴하고 타기도 편합니다 조립은  쉬우나 핸들낄때만 잘하면 됩니다 가족모두 타기 편합니다,5,1,부정
baac***,2021-05-20T00:35:09.472+00:00,자전거: 01.삼천리 카라 / 컬러: 다크블루(바구니포함),"배송은 주문후 3일정도 걸렸습니다~
일단 자전거가 너무 예뻐요~ 무게감은 좀 있지만 예뻐서 크게신경쓰이지는 않고, 9살 아들이 너무 좋아해요~ 조립도 어렵지 않네요~  남편이 20분안쪽에 뚝딱 조립했어요~",4,1,긍정
yh10****,2021-06-15T03:23:23.816+00:00,자전거: 01.삼천리 카라 / 컬러: 다크민트(바구니포함),"성능좋고
이쁩니다
아이가좋아해요",5,1,부정
yk****,2021-06-20T03:09:09.000+00:00,자전거: 02.삼천리 메이비20 / 컬러: 라이트핑크(바구니포함),좋습니다 딸아이가 잘 타고 있어요,3,1,긍정
woun****,2021-07-09T02:42:00.659+00:00,자전거: 02.삼천리 메이비20 / 컬러: 민트(바구니포함),색상도 너무 예쁘고 잘 나가네요^^,5,1,긍정
kmch***,2021-06-16T05:51:22.434+00:00,자전거: 02.삼천리 메이비20 / 컬러: 라이트핑크(바구니포함),"배송빠르고 , 아이가 좋아하네요. .",5,1,부정
megi***,2021-06-05T06:04:19.376+00:00,자전거: 02.삼천리 메이비20 / 컬러: 라이트핑크(바구니포함),배송도 아주 빠르고 자전거도 하자 없고 깨끗합니다. 무거운게 단점이지만 가성비 자전거가 맞네요~,4,1,긍정
hje0***,2021-05-30T01:55:03.195+00:00,자전거: 01.삼천리 카라 / 컬러: 다크블루(바구니포함),튼튼하고 맘에 들어요 아이가 너무 좋아하네요,5,1,긍정
urak****,2021-06-22T13:05:49.103+00:00,자전거: 01.삼천리 카라 / 컬러: 다크민트(바구니포함),이쁜데 무겁긴 하네요,5,1,부정
nahy*******,2021-07-13T07:44:56.487+00:00,자전거: 01.삼천리 카라 / 컬러: 다크블루(바구니포함),동네에서 타기 딱이예요~~,5,1,부정
kjun*****,2021-06-11T23:26:57.869+00:00,자전거: 01.삼천리 카라 / 컬러: 다크민트(바구니포함),튼튼해서 안심이네요.여전히 아이가 잘 타고 있습니다.,5,1,긍정
whdq*****,2021-07-10T02:18:05.016+00:00,자전거: 04.삼천리 로시난테 / 컬러: 네이비,안전하고즐겁게잘타고있어요,5,1,부정
hanl*****,2021-05-27T23:22:08.823+00:00,자전거: 02.삼천리 메이비20 / 컬러: 민트(바구니포함),좋아요 !! 자전거 이쁘고 아이가 좋아하네요 !!,4,1,긍정
pino******,2021-06-29T15:21:13.525+00:00,자전거: 03.삼천리 화이트라벨 / 컬러: 블랙,디자인도 마음에들고 안전하게 빠르게와서 너무너무대만족입니다,5,1,부정
euiy*******,2021-05-18T15:14:42.360+00:00,자전거: 03.삼천리 화이트라벨 / 컬러: 화이트,"박스 포장이 뜯기 너무 편했어요.
조립할때 조금 더 디테일한 설명이 있으면 좋을거같아요 
브레이크 조이는 부분이요!
두대 샀는데 색감이 너무예뻐요 
굿굿",5,1,부정
inju*****,2021-07-09T03:18:07.805+00:00,자전거: 01.삼천리 카라 / 컬러: 다크블루(바구니포함),제품도 좋고 배송도 좋고 다 좋네요,4,1,긍정
hkju*****,2021-06-05T00:43:41.089+00:00,자전거: 01.삼천리 카라 / 컬러: 다크블루(바구니포함),"아이가 참 좋아하고, 잘 타네요. 모양도 예쁘구요~^^",5,1,긍정
youw****,2021-06-22T01:06:14.210+00:00,자전거: 01.삼천리 카라 / 컬러: 다크블루(바구니포함),좋은 제품 높은 가성비! 초2 아들이 정말 좋아해요. 자전거도 금방 배워서 잘타고 다니고 있습니다.,5,1,부정
uni0***,2021-06-03T10:10:29.478+00:00,자전거: 01.삼천리 카라 / 컬러: 다크블루(바구니포함),"많이 무겁더라구요
초등학생 탈수있을지 모르겠어요.
후미등, 자물쇠 사야하네요
같이 판매했으면 더 좋았을것 같아요",3,1,긍정
jeon**********,2021-04-18T05:57:28.382+00:00,자전거: 01.삼천리 카라 / 컬러: 다크블루(바구니포함),"장점 
1. 조립이 편해요 10분도안걸렸어요 조절도편함 포장도 정말  세심하게 잘 해주셨어요
2. 예쁘게 생겼어요 특히 색이진짜 정말정말 예뻐요 
3. 바구니 딸려와서 좋아요
4. 가성비 왕

단점
1. 무거워요.. 오래타면 다른자전거에 비해 더 힘이듭니다 

총평
: 가볍게 산책가듯 타고다니기는 좋지만 주행용으로는 아쉽습니다 그러나 작고 예쁘고 편해서 전체적으로는 만족!",5,1,부정
gnsw****,2021-06-10T13:54:26.830+00:00,자전거: 01.삼천리 카라 / 컬러: 다크민트(바구니포함),"초딩여자아이가 타기에  딱 좋네요
어른도 타기에도 무난해요
핸들 의자높이도 간단히조작할수있고 무엇보다 접이식이라 이동하기도 편해요
다만 오르막길은 힘들어요
전체적으로는 가격대비 만족^^",5,1,긍정
arch****,2021-07-10T09:43:06.091+00:00,자전거: 01.삼천리 카라 / 컬러: 다크블루(바구니포함),아이가 잘 타고  있어요,4,1,부정
kmk3******,2021-07-07T06:01:54.672+00:00,자전거: 02.삼천리 메이비20 / 컬러: 민트(바구니포함),아이가 아주 좋아합니다,5,1,긍정
jahr****,2021-05-25T07:40:04.740+00:00,자전거: 01.삼천리 카라 / 컬러: 다크블루(바구니포함),자세한 조립 설명서가 있었음 더욱 좋았겠지만.. 검색 통해서 리뷰 보고 쉽게 조립할 수 있었어요. 뒷 자리는 한 명 더 타기는 힘들어요(15킬로)~^^;; 짐 정도 실을 수 있어요.,5,1,긍정
zeph***,2021-06-07T01:55:14.741+00:00,자전거: 01.삼천리 카라 / 컬러: 다크블루(바구니포함),"색상 예쁘고 아이가 타기에 사이즈가 딱이예요.
배송또한 빠르고 마음에 듭니다.",5,1,부정
fore********,2021-07-04T00:40:46.303+00:00,자전거: 01.삼천리 카라 / 컬러: 다크블루(바구니포함),아이가 너무 좋아합니다,5,1,긍정
euiy*******,2021-05-18T15:11:25.045+00:00,자전거: 03.삼천리 화이트라벨 / 컬러: 블랙,"브레이크 적당히 세팅해서 보내주셔서 따로 조절 안하고 바로타셔도 됩니다
엉덩이가 아파서 완장 추가 구매예정입니다~
두대 사서 같이 타는데 너무 좋아해서 좋네요 ㅎㅎ
전 추천드립니다~!",5,1,긍정
micr****,2021-06-15T19:15:36.542+00:00,자전거: 04.삼천리 로시난테 / 컬러: 네이비,자전거이쁘고마니파세요,5,1,부정
prom******,2021-06-05T11:31:52.779+00:00,자전거: 03.삼천리 화이트라벨 / 컬러: 블랙,배송도 빠르고 커플로사서 잘타고있습니다,5,1,긍정
prom******,2021-06-05T11:31:17.786+00:00,자전거: 03.삼천리 화이트라벨 / 컬러: 화이트,배송도빠르고 커플로 사서 잘타고있습니다,5,1,긍정
yung***,2021-05-30T15:17:44.977+00:00,자전거: 01.삼천리 카라 / 컬러: 다크민트(바구니포함),"배송 하루만에 왔네요
파손없이 잘 받았습니다
초2 여아126cm 안장 최대로 내려서
잘 맞아요 오래 타겠네요",5,1,부정
hsl0***,2021-05-25T04:37:14.955+00:00,자전거: 01.삼천리 카라 / 컬러: 다크블루(바구니포함),"아직 시승해 보진 않았지만 아이가 좋아해요..
기존 아이 자전거보다 무거운 감이 있구요..
앞 바구니는 설치하니 브레이크에 간섭이 생겨서 앞브레이크, 뒷브레이크가 잡히더라구요..
우선 제거 해 놓았습니다.",4,1,부정
yeom***,2021-06-03T04:52:26.386+00:00,자전거: 03.삼천리 화이트라벨 / 컬러: 화이트,잘 타고 있어요 무겁긴하지만 가성비 좋은 자전거를 편하게 택배로 받으니 넘 좋네요 많이 파세요^^,5,1,긍정
like****,2021-06-13T09:22:55.083+00:00,자전거: 02.삼천리 메이비20 / 컬러: 민트(바구니포함),예쁘고 튼튼합니다 성인 남성도 탐,5,1,긍정
sky1****,2021-04-28T11:03:58.695+00:00,자전거: 04.삼천리 로시난테 / 컬러: 네이비,조립이 간단하고 쉽네요. 튼튼하게 생겼고요. 다만 배송중에 박스에 구멍이 나서 바퀴살에 끼우는 부속이 부서졌어요. 기능과 상관없는 부속이여서 다행인데 배송은 좀 신경 써야겠어요. 번창하세요.,5,1,부정
dn****,2021-07-08T23:46:23.868+00:00,자전거: 04.삼천리 로시난테 / 컬러: 네이비,미니벨로 치고는 큰편인듯...,4,1,부정
clea******,2021-05-29T10:42:00.400+00:00,자전거: 02.삼천리 메이비20 / 컬러: 민트(바구니포함),초등4학년 아이에게 선물로 사주었어요. 색도 예쁘고 지금 타기  좋네요^^,5,1,부정
jang****,2021-06-07T13:12:50.958+00:00,자전거: 02.삼천리 메이비20 / 컬러: 라이트핑크(바구니포함),약간 무겁긴 하지만 만족합니다 아이가 좋아해요,4,1,부정
wjd8***,2021-06-05T08:40:37.206+00:00,자전거: 01.삼천리 카라 / 컬러: 다크민트(바구니포함),"디자인도 예쁘고 조립도 간단했습니다
잘 타겠습니다~",5,1,부정
cnsd******,2021-07-07T00:26:20.866+00:00,자전거: 01.삼천리 카라 / 컬러: 다크블루(바구니포함),어머님 사드렸는데 좋아하심,5,1,부정
tokt****,2021-05-21T12:19:34.191+00:00,자전거: 01.삼천리 카라 / 컬러: 다크블루(바구니포함),자전거가 무겁긴해요. 조립도 힘들어서 자전거 집가서 했어요. 보조바퀴도 자전거집가서 달고 왔어요. 색깔은 생각보다 깔끔하고 예뻐요.,3,1,부정
ky****,2021-06-15T16:58:21.002+00:00,자전거: 04.삼천리 로시난테 / 컬러: 네이비,볼때마다 이쁨 가성비 굿굿,5,1,긍정
euni****,2021-06-19T07:21:10.751+00:00,자전거: 01.삼천리 카라 / 컬러: 다크민트(바구니포함),예쁘고 튼튼해요~^^♡♡♡,5,1,긍정
kims****,2021-06-16T00:28:45.202+00:00,자전거: 03.삼천리 화이트라벨 / 컬러: 블랙,검은색도 예ㅃ네요ㅋ잘탔어요,5,1,부정
pa****,2021-05-23T05:50:40.680+00:00,자전거: 04.삼천리 로시난테 / 컬러: 네이비,"조립도 간단하고 튼튼해 보이네요
아이랑 같이 타기 좋네요",5,1,부정
kimh*****,2021-07-02T23:56:38.562+00:00,자전거: 02.삼천리 메이비20 / 컬러: 라이트핑크(바구니포함),이쁘고 초등저학년이타기좋아요.,4,1,부정
han5***,2021-05-22T08:16:10.354+00:00,자전거: 04.삼천리 로시난테 / 컬러: 네이비,"접이식 자전거라 조금은 불안했는데  구입
성공적이네요~ 미세먼지도 없고
자전거 타기 딱인 날씨라 더 마음에 들어요~^^
번창하세요~~~🤟👍👍❤",5,1,긍정
alwl****,2021-05-17T02:52:28.266+00:00,자전거: 03.삼천리 화이트라벨 / 컬러: 블랙,바구니랑 안장커버 추가해서 20만원정도에 구입했어요~!사진대로 똑같고 이뻐요~!다만 제가 자전거 조립은 처음해봐서 혼자헤매다가 어떻게 끼우긴했는데 수평이 안맞아서 자전거점가서 전체적으로 조율했어요,5,1,부정
juli******,2021-05-14T01:05:46.293+00:00,자전거: 02.삼천리 메이비20 / 컬러: 민트(바구니포함),"배송도 빠르고  포장도 잘 되어있어요. 조립 생각보다 어렵지 않아서 좋아요. 울 딸이 너무나 좋아라 합니다. 열심히 연습하더니 두시간 만에 혼자서도 잘 타네요. 
그리고 색상이 너무 예쁩니다.",5,1,부정
hami****,2021-05-26T07:27:20.022+00:00,자전거: 01.삼천리 카라 / 컬러: 다크블루(바구니포함),만족수럽긴 한데요. 기어부분에 문제가 있어 문의했더니 근처 자전거as점가서 수리후 영수처리하라고하네요. 주말에 가볼예정입니다,5,1,긍정
yisb****,2021-06-14T03:16:02.992+00:00,자전거: 01.삼천리 카라 / 컬러: 다크블루(바구니포함),좀 많이 무겁네엽.. 가성비는 좋아염..!!!,3,1,부정
ahza****,2021-05-16T21:21:32.800+00:00,자전거: 02.삼천리 메이비20 / 컬러: 민트(바구니포함),"배송이 예상보다 늦어서 애가 오래 기다리긴 했지만
조립 간편하고 바구니도 찌그러지지 않고
하자없이 와서 만족해요
키140 좀 넘는 딸아이 안장 조금 높여줬더니 딱 좋습니다",5,1,부정
dbe0****,2021-06-30T07:26:55.348+00:00,자전거: 03.삼천리 화이트라벨 / 컬러: 블랙,오래 탔을때 엉덩이가 아픈거 빼곤 좋아요,4,1,긍정
sd****,2021-06-14T11:43:10.451+00:00,자전거: 01.삼천리 카라 / 컬러: 다크민트(바구니포함),"빠르게 잘 받았습니다
잘 타겠습니다",5,1,부정
woun****,2021-06-29T02:34:32.699+00:00,자전거: 02.삼천리 메이비20 / 컬러: 라이트핑크(바구니포함),색상도 너무 예쁘고 딸이 너무 좋아하네요,5,1,부정
clou****,2021-06-05T03:49:04.311+00:00,자전거: 01.삼천리 카라 / 컬러: 다크블루(바구니포함),"배송 빠른 편이고, 조립도 쉬운편입니다.
혹시나해서 유튜브에 검색했더니 애기 엄마가 직접 조립하시는 영상도 있네요.
동네 빵집에 식빵 사러 갈때, 마실용으로 산거라 가성비로 괜찮은것 같네요",5,1,부정
kdyk******,2021-05-19T01:44:32.550+00:00,자전거: 03.삼천리 화이트라벨 / 컬러: 블랙,외관상 예쁘지만 제가 힘이 없어서 그럴 수도 있지만 좀 무거워요ㅠㅠ안장이 좀 불편하긴 한데 쓸만 하고 정 불편하시면 교체하셔도 될 거 같아요! 전체적으로 보면 가격대비 만족해요ㅎㅎ,4,1,부정
jhs7***,2021-05-29T08:32:32.289+00:00,자전거: 04.삼천리 로시난테 / 컬러: 네이비,무겁지만 다른건 다 좋네요. 그런데 기어가 끝까지 안 풀려요. L 단계 끝까디 풀면 제일 큰 바퀴로 가야하는데 체인이 가지 않네요.,5,1,부정
euni****,2021-05-19T11:38:14.871+00:00,자전거: 01.삼천리 카라 / 컬러: 다크민트(바구니포함),품절되서 입고되기만을 기다렸는데~~ 기다린 보람이 있네요~^^ 짱 예쁘고 포장도 꼼꼼하게 와서 너무 기분좋아요~^^ 이거타고 신나게 시장가려구요~^^,5,1,부정
lhc3***,2021-06-15T16:31:42.996+00:00,자전거: 03.삼천리 화이트라벨 / 컬러: 블랙,너무 이쁘고 너무 귀엽고 여자친구도 너무 좋아하고 아주 만족스러워요!! 배송도 빠르구ㅎㅎ 너무 좋습니다!!,5,1,부정
tery****,2021-05-26T08:21:46.216+00:00,자전거: 02.삼천리 메이비20 / 컬러: 라이트핑크(바구니포함),30대 여잔데 자전거 못타는 1인이예요. 전남친도 포기한 저인데 유투브보고 혼자 연습해보려공 샀어요. 조립 10분컷이예요. ㅎㅎ 아~ 진짜 잘타고 싶어요~~~♡,5,1,부정
lhj6***,2021-05-21T05:19:48.037+00:00,자전거: 04.삼천리 로시난테 / 컬러: 네이비,"자전거가 무겁긴 한데 귀엽고 튼튼해서 좋아요.
키 160정도 되는 성인 여성인데
가볍게 타고싶어서 구매했어요~~
배송 무척 빠르고요ㅎㅎ 잘 타겠습니다~~",4,1,긍정
zzaa******,2021-05-24T04:02:33.571+00:00,자전거: 04.삼천리 로시난테 / 컬러: 네이비,자전거 거치대  2대설치하고  접이식으로 트렁크에 실으려고 구매했어요  하자없이 잘 왔구요  아이들과  타기 좋아요~~^^,5,1,부정
gofo****,2021-06-09T02:26:36.793+00:00,자전거: 02.삼천리 메이비20 / 컬러: 민트(바구니포함),이쁜데 너무 무거워서 아이가 힘들어 해요,3,1,부정
kkan****,2021-05-26T21:30:27.412+00:00,자전거: 01.삼천리 카라 / 컬러: 다크블루(바구니포함),"맘에들어요 아이도 좋아해요

조립도 간단하고 저렴한데 퀄리티 좋습니다~",5,1,부정
kn****,2021-05-30T01:25:08.039+00:00,자전거: 02.삼천리 메이비20 / 컬러: 민트(바구니포함),자전거 사진처럼 예뻐요 딸아이가 좋아하네요,5,1,긍정
mnlo***,2021-05-01T01:02:41.273+00:00,자전거: 02.삼천리 메이비20 / 컬러: 라이트핑크(바구니포함),넘이뿌고좋네요  우선 빠른배송 택배기사님이 친철하게해주셔서 정말감사했습니다   잘도착했다고 사진찍어서보내주시고 넘감사했어요  자건거받았는데  색깔이너무이뿌네요  다좋아요 조립도 걱정했는데쉬었어요  딸이다조립해줬네요  참고로딸은12살입니다 ㅋㅋ  자전거 넘좋네용   강추,5,1,부정
whdq*****,2021-06-06T00:29:31.125+00:00,자전거: 04.삼천리 로시난테 / 컬러: 네이비,뒤바퀴 브레이크패드 불량이라 근처 삼천리에서 부속값내고 교환했네요,1,1,부정
stoc****,2021-06-24T10:39:16.237+00:00,자전거: 02.삼천리 메이비20 / 컬러: 민트(바구니포함),좀무거워요 애들이들기에는 근데이뻐서 잘타고다녀요,5,1,부정
leej*****,2021-05-16T02:47:14.434+00:00,자전거: 02.삼천리 메이비20 / 컬러: 라이트핑크(바구니포함),"9살 딸아이를 위해 샀어요
키는 138cm고 조립해서 주니 너무 좋아 하네요
조립도 간단해요
핑크 넘 이뻐요ㅎ
저렴히 잘 샀어요",5,1,긍정
soom********,2021-06-03T12:56:26.704+00:00,자전거: 01.삼천리 카라 / 컬러: 다크블루(바구니포함),"자전거가 너무 이쁘네요~
가성비 좋아요^^",4,1,긍정
munt****,2021-05-31T07:57:19.776+00:00,자전거: 02.삼천리 메이비20 / 컬러: 민트(바구니포함),아이가너무좋아해요 아직두발은어려워서 보조바퀴추가했는데 달기힘들어서 자건거샵가서 했어요ㅜ나사풀기가 어려워요 자전거는이쁘고 좋아요,5,1,긍정
bi****,2021-07-02T13:38:22.326+00:00,자전거: 01.삼천리 카라 / 컬러: 다크블루(바구니포함),튼튼하고 편하게 잘 타고 있어요,5,1,긍정
dus8***,2021-07-25T13:50:21.471+00:00,자전거: 02.삼천리 메이비20 / 컬러: 라이트핑크(바구니포함),잘타고있어요 잘접히고 튼튼해요,5,1,긍정
andg*****,2021-06-25T07:04:04.542+00:00,자전거: 01.삼천리 카라 / 컬러: 다크블루(바구니포함),배송 빨리 잘왔어요. 포장 잘되서 왔어요.,5,1,긍정
frie******,2021-06-07T06:01:15.138+00:00,자전거: 02.삼천리 메이비20 / 컬러: 라이트핑크(바구니포함),잘타고있어요 이쁘고좋음,5,1,부정
soos*****,2021-05-28T04:54:35.313+00:00,자전거: 01.삼천리 카라 / 컬러: 다크민트(바구니포함),"130cm 초등1학년아이 보조바퀴 달아서 타기 좋아요 굿~~~처음 타는데도 잘타요
언능 두발로 타기를",5,1,긍정
fpah******,2021-06-02T02:38:33.699+00:00,자전거: 04.삼천리 로시난테 / 컬러: 네이비,하루만에 배송이 왔어염 ㅠㅠ 이제 조립이 문제인데 잘 해볼게여,5,1,긍정
keki***,2021-05-20T09:36:02.207+00:00,자전거: 02.삼천리 메이비20 / 컬러: 라이트핑크(바구니포함),가성비는 좋네요 지전거가  여자어린이가 끌기에는 좀 무거운 감이 있습니다. 조립은 아주 쉽지만 그래도 조립 방법 설명서가 있으면 더 좋을 듯 합니다,4,1,부정
84ai***,2021-05-14T07:49:30.738+00:00,자전거: 02.삼천리 메이비20 / 컬러: 라이트핑크(바구니포함),"자전거 가게에 직접 사러갔다가
인터넷이 훨씬 저렴해서 반신반의하면서 샀는데
진짜 너무이뻐요

조립이랄것도없어요
핸든하고 엉덩이만 끼워주면 끝이예요

3개샀는데 트렁크에 다들어요 이게제일만족😍",5,1,긍정
chzh******,2021-06-23T09:01:55.656+00:00,자전거: 01.삼천리 카라 / 컬러: 다크블루(바구니포함),"타기전이지만 
조립어려워요...설명서가..음..냐..",5,1,긍정
gree********,2021-06-02T15:15:08.243+00:00,자전거: 02.삼천리 메이비20 / 컬러: 라이트핑크(바구니포함),배송도 빠르고  어느곳 하자없이  잘 받았어요,5,1,긍정
sunh*****,2021-05-24T02:47:26.653+00:00,자전거: 01.삼천리 카라 / 컬러: 다크블루(바구니포함),아주맘에든다고 연락왔네요~~ 어머니타실자전거예요 ^^,5,1,부정
gons****,2021-06-02T13:37:33.813+00:00,자전거: 04.삼천리 로시난테 / 컬러: 네이비,잘나가요 고장없이 디자인도 짱,5,1,긍정
netj******,2021-06-30T11:59:55.204+00:00,자전거: 01.삼천리 카라 / 컬러: 다크블루(바구니포함),잘타고 있습니다~만족해요^^,4,2,부정
netj******,2021-06-30T11:58:04.049+00:00,자전거: 01.삼천리 카라 / 컬러: 다크민트(바구니포함),잘타고 있습니다~만족해요^^,4,1,부정
simd****,2021-06-25T05:36:46.570+00:00,자전거: 01.삼천리 카라 / 컬러: 다크민트(바구니포함),색상도 이쁘고 아이가 안전하게 잘타고 다닙니다.,5,1,긍정
cchh***,2021-06-03T10:23:51.702+00:00,자전거: 01.삼천리 카라 / 컬러: 다크블루(바구니포함),디자인은 괜찮아요. 근데 너무 무거워요.,4,1,부정
kalm***,2021-05-13T05:22:26.876+00:00,자전거: 02.삼천리 메이비20 / 컬러: 라이트핑크(바구니포함),"초1학년 딸에게 어린이날 선물로 사줬는데 배송도 빠르고 거의 조립되어 와서 짱 좋았습니다.
아이도 엄청 이쁘다며 만족했구요. 뿌듯했어요. ^^",4,1,부정
gu****,2021-06-08T11:30:37.308+00:00,자전거: 02.삼천리 메이비20 / 컬러: 라이트핑크(바구니포함),맘에 들어요 많이파세요,5,1,부정
eana*****,2021-05-25T12:46:42.649+00:00,자전거: 01.삼천리 카라 / 컬러: 다크블루(바구니포함),조립이 거의 다 되서 배달 되니 좋아요~ 핸들하고 안장만 조립하면 되네요,5,1,긍정
jinh*****,2021-06-05T13:31:22.491+00:00,자전거: 01.삼천리 카라 / 컬러: 다크블루(바구니포함),"와우 싼거라 ..그냥 그런줄..알았어요
하지만 열어보니 최고입니다..
아 그리고 작은 라이트랑 딸랑이? 그리고 의자 아래 반사판 .. 와우 ..그런것도 있다는거.. 깜놀입니다 
대만족입니다",5,1,부정
self******,2021-06-07T01:24:10.665+00:00,자전거: 03.삼천리 화이트라벨 / 컬러: 화이트,접이식이라 차량 뒤에 두고 놀다오기 좋습니다.,5,1,부정
c11j***,2021-05-29T23:59:52.124+00:00,자전거: 01.삼천리 카라 / 컬러: 다크블루(바구니포함),색상도 예쁘고 조립도 쉽네요. 잘 달립니다,4,1,긍정
yoyo*****,2021-06-21T07:50:42.676+00:00,자전거: 01.삼천리 카라 / 컬러: 다크블루(바구니포함),잘굴러가고  사이즈도적당하고 잘타고있어요  만족합니다 ~~,5,1,부정
cute*****,2021-06-16T13:48:58.707+00:00,자전거: 02.삼천리 메이비20 / 컬러: 라이트핑크(바구니포함),딸아이가아주좋ㅇㆍ허요,5,1,긍정
lhjh***,2021-06-04T03:45:32.155+00:00,자전거: 03.삼천리 화이트라벨 / 컬러: 화이트,"미니벨로를 첨 조립해봐서 약간 햇갈렸지만 머 한번 해보니 아무나 할수 있겠네요. 딸이 타보더니 엄청 좋아라 합니다.
근데 뒷브레이크 조절 여유가 많이 없이 왔네요. 나중에 고무 마모되면 브레이크 줄 다시 세팅해야겠습니다.",5,1,긍정
toch***,2021-06-12T00:15:01.166+00:00,자전거: 01.삼천리 카라 / 컬러: 다크블루(바구니포함),좋습니다 아이들이 타면서 좋아하네요 삼천리자전거 누구나 좋아하는. 상품입니다~~^^,5,1,부정
3710***,2021-06-26T07:57:09.597+00:00,자전거: 01.삼천리 카라 / 컬러: 다크블루(바구니포함),조립도쉽고 아이가좋아하네요,5,1,부정
rgw2***,2021-05-25T19:31:57.079+00:00,자전거: 03.삼천리 화이트라벨 / 컬러: 화이트,"아..조립하기에 은근히 짜증 나네요
조립하고 나니 만족은 하지만 조립하기가 개짜증임.",3,1,부정
rjoo*****,2021-05-07T02:52:38.994+00:00,자전거: 01.삼천리 카라 / 컬러: 다크민트(바구니포함),"어린이날 선물로 좀 급하게 주문하긴 했지만 완벽한 타이밍에 배송해주셨습니다. 좀 무겁긴 해도 자전거가 다 그정도 무게일테고 접이식에다 핸들 탈부착도 쉬워 트렁크에 넣기 딱이에요. 
어린이날 바로 개시해서 잘 탔습니다~",5,1,긍정
sck4***,2021-05-01T01:33:11.894+00:00,자전거: 01.삼천리 카라 / 컬러: 다크민트(바구니포함),"딸아이가 좋아하네요~
다만 바구니가 찌그러져서온것과, 브레이크가 좀 헐거운느낌이 드는부분이 아쉽네요.",4,1,부정
thej****,2021-06-17T05:07:03.577+00:00,자전거: 03.삼천리 화이트라벨 / 컬러: 블랙,이쁘고 좋아요. 성인이 타기에 크기도 적당해요.,5,1,부정
wonh***,2021-04-24T17:01:17.734+00:00,자전거: 03.삼천리 화이트라벨 / 컬러: 블랙,성인남성이고 올해 초 구매하서 잘 타고있습니다.조립도 업체에 안맡기고 혼자했는데 견고하게 잘 만들어져서 고장/이상 없네요. 안장이 불편해서 한번더 업그레이드 했습니다. 단점으로는 무게가 제법 나가서 들고 오르내릴때 힘이 들고. 바퀴가 작고 기어도 낮아서 언덕오를때 좀빡세요. 마지막으로 바퀴바람이 이상하리만큼 자주빠지는데 다이소에서 3천원짜리 에어펌프사서 해결했습니다.,5,1,긍정
na****,2021-06-05T13:00:50.599+00:00,자전거: 02.삼천리 메이비20 / 컬러: 라이트핑크(바구니포함),좀무거워여 안장젤낮게해서 130초1 딸아이 타요 좋네요,5,1,부정
hero****,2021-06-16T08:58:04.558+00:00,자전거: 04.삼천리 로시난테 / 컬러: 네이비,자전거 이쁘고 좋아요. 여자친구가 많이 좋아하네요,4,1,긍정
ezia****,2021-06-17T16:38:35.989+00:00,자전거: 01.삼천리 카라 / 컬러: 다크블루(바구니포함),"맞추기 어렵지 않아요.
튼튼하고 가격대비 만족합니다.",5,1,긍정
radi*******,2021-05-04T01:51:27.249+00:00,자전거: 02.삼천리 메이비20 / 컬러: 라이트핑크(바구니포함),"가격 배송 다좋은데 엄청 무겁습니다 감안하셔야할것같고 브레이크 클립부분이 불량으로 배송왔습니다
근처 수리소 들려서 서비스받고 영수증 첨부하라는데 엄청 귀찮긴하네요
자전거는 이쁩니다",4,1,긍정
youw****,2021-06-22T01:05:05.001+00:00,자전거: 04.삼천리 로시난테 / 컬러: 네이비,제품 좋고 예쁩니다. 잘타고 다니고있어요.,5,1,부정
syj0****,2021-06-09T23:48:32.808+00:00,자전거: 03.삼천리 화이트라벨 / 컬러: 화이트,그러저럭 탈만합니다,4,1,긍정
jane****,2021-04-30T03:35:32.992+00:00,자전거: 02.삼천리 메이비20 / 컬러: 라이트핑크(바구니포함),"이곳에서 두번째 자전거 구입입니다^^
첫번째 민트에 이어서 핑크로요. 첫번째살때 핑크가 품절이여서 민트를 산건데 민트도 이뻐서 첫째가 잘탔어요.이번엔 다행히도 재고가  있어서 둘째딸은 핑크로 샀어요.제품 잘도착했고 조립 뚝딱하고보니 넘이쁘네요~^^ 백퍼 만족입니다.번창하세요.",5,1,부정
aejo****,2021-05-31T00:29:36.679+00:00,자전거: 01.삼천리 카라 / 컬러: 다크민트(바구니포함),"아이가 민트색을 좋아해서 구매하게 되었는데. 접이식이라서 공원갈때 편리하네요. 보조석에 싣고. WD뿌려주고.탔어요. 아직 못타지만 재미있어합니다.
165엄마가 타도 되요.",5,1,부정
groo****,2021-06-10T12:34:34.214+00:00,자전거: 03.삼천리 화이트라벨 / 컬러: 화이트,"음...우선자전거는 좋은데....
설명이 부족해요..자전거를 모르는 사람이 살수도 있는데 조립방법이라든가 이런게 조금 아쉬워요",3,1,부정
jsis****,2021-05-09T00:13:58.731+00:00,자전거: 03.삼천리 화이트라벨 / 컬러: 블랙,조아요 약간 조립은 거의 다됫지만 몇개는해야하능데 설명서가없는 기계치라.... 좀 해멧어요 ㅜㅜㅜ 찾아보다가 유투브동여영상잇길래 참고했습니다! 나며지는 조아요!!!! 무겁긴하네여 ㅋㅋ 그래도 재미로 타려고 삿어용 ♡̷̷̷,5,1,긍정
crea*****,2021-05-22T09:33:14.600+00:00,자전거: 02.삼천리 메이비20 / 컬러: 라이트핑크(바구니포함),튼튼해요 조립은 초보는 어려움 한시간 고생했어요 보조바퀴안달면 가능해요 보조바퀴는 자전거수라점애서 5천원에됨,5,1,긍정
cmhw***,2021-05-21T07:27:31.469+00:00,자전거: 03.삼천리 화이트라벨 / 컬러: 블랙,"배송도 빠른편이었구요.
반조립상태로 옵니다.
다만 아쉬운건 설명서라도 있음 
더좋을껄 하네요.
잘탈게요.",3,1,부정
plus***,2021-06-24T01:35:42.969+00:00,자전거: 02.삼천리 메이비20 / 컬러: 라이트핑크(바구니포함),조금 무겁기는 한데 가성비 좋습니다,5,1,부정
wogu****,2021-06-28T15:49:36.615+00:00,자전거: 04.삼천리 로시난테 / 컬러: 네이비,너무 너무 마음에 들어요,5,1,긍정
gozl*****,2021-06-08T19:36:24.515+00:00,자전거: 03.삼천리 화이트라벨 / 컬러: 화이트,선물예쁘게했어요~~~,5,1,긍정
thym****,2021-05-29T06:20:21.182+00:00,자전거: 02.삼천리 메이비20 / 컬러: 민트(바구니포함),잘타고다니고 있어요. 동네에서 타기에 좋아요.,4,1,부정
smmi****,2021-06-07T07:38:26.122+00:00,자전거: 04.삼천리 로시난테 / 컬러: 네이비,애가 넘 갖고싶어해서 품절이라 빨리사느라 제대로 안보고사서 다른거 사버려서 넘 높네요...자전거는 넘이뻐용. 꼼꼼 포장 죠아요,5,1,긍정
lg****,2021-05-31T09:23:55.426+00:00,자전거: 01.삼천리 카라 / 컬러: 다크블루(바구니포함),"설명서없어서 조립하기 힘들었는데..
저렴하게 잘산듯해여",5,1,긍정
mysa*****,2021-06-08T06:46:30.773+00:00,자전거: 02.삼천리 메이비20 / 컬러: 라이트핑크(바구니포함),너무잘타고 다녀요 ㅎㅎㅎ,5,1,부정
psj5*****,2021-06-06T18:21:51.343+00:00,자전거: 02.삼천리 메이비20 / 컬러: 라이트핑크(바구니포함),"조금 작은? 낮은? 느낌이 들지만 좋아요!
동네 돌아다니기 딱 좋은 자전거입니당",4,1,부정
inpy*****,2021-06-22T21:23:56.711+00:00,자전거: 02.삼천리 메이비20 / 컬러: 민트(바구니포함),"자전거 잘쓰고있습니다.
불편하지않고무겁지도않습니다",5,1,긍정
gn****,2021-06-11T11:30:57.792+00:00,자전거: 01.삼천리 카라 / 컬러: 다크블루(바구니포함),무겁워요 아이가 가끔 넘어지면 버거워 하지만 접혀서 차에 가져 다닐수있어 좋네요 8살 아이가 타기에 좋네요,4,1,긍정
as****,2021-04-15T01:36:09.107+00:00,자전거: 04.삼천리 로시난테 / 컬러: 네이비,"배송도 일단 예상보다 빨리왓어요.

디자인도 좋고 맘에듭니다.
셋팅하는데 한시간 좀 걸린거같아요.
혼자서 충분히 가능합니다

두 개 조립하고 보조바퀴까지 장착하느라 시간은 좀 걸렸는데 애들이 좋아해서 좋네요.",5,1,부정
pret******,2021-05-15T02:48:37.887+00:00,자전거: 02.삼천리 메이비20 / 컬러: 라이트핑크(바구니포함),바구니가 찌그러와서 망치로 폈어요 바퀴는 바람이없이오나봐요 넣고 타야겠네요 색상은 연핑크라 초등여아가 좋아해요 배송은 이틀?엄청빨리왔어요!,3,1,긍정
lllo******,2021-06-19T14:35:01.815+00:00,자전거: 01.삼천리 카라 / 컬러: 다크블루(바구니포함),좋아요조아요조아요조아요,5,1,긍정
woop****,2021-06-24T03:20:53.913+00:00,자전거: 03.삼천리 화이트라벨 / 컬러: 블랙,조립이 쉽긴한데 핸들고정은 좀 어렵네요,3,1,부정
s159***,2021-05-27T22:31:10.465+00:00,자전거: 04.삼천리 로시난테 / 컬러: 네이비,바구니는 불편해서 튀어나온 바구니 고정 거치 잘라서 사용하니 아주 좋더라고요 요즘 날씨가 안좋아서 못 탔지만 차에 실어서 좋은 곳 가서 자전거 탈 수 있어서 좋아요 조금 무거워요 차에 실고 내릴때 너무 힘듦 ㅜㅜ,5,1,부정
haha****,2021-04-29T09:21:31.595+00:00,자전거: 04.삼천리 로시난테 / 컬러: 네이비,"엄청 배송이 빨리왔구요.
조립도 어렵지않았어요~~~
아직 타보지는 않았지만 기대되네요^^",5,1,부정
kozi****,2021-05-24T07:46:09.910+00:00,자전거: 01.삼천리 카라 / 컬러: 다크블루(바구니포함),가격대비 좋아요. 바람터져서 근처에서 13000원주고 고쳤어요,4,1,긍정
smhr****,2021-06-07T07:44:04.392+00:00,자전거: 02.삼천리 메이비20 / 컬러: 라이트핑크(바구니포함),좋아요 이쁩니다 ㅋㅋ,5,1,긍정
leeh*****,2021-06-04T07:54:59.488+00:00,자전거: 03.삼천리 화이트라벨 / 컬러: 화이트,출퇴근용으로 샀는데 잘 타고 다녀요!,5,1,긍정
self******,2021-06-07T01:23:04.439+00:00,자전거: 01.삼천리 카라 / 컬러: 다크블루(바구니포함),아이타기 좋아요..,5,1,긍정
mx****,2021-06-15T03:37:31.594+00:00,자전거: 01.삼천리 카라 / 컬러: 다크민트(바구니포함),"아이가 아주 좋아해요
가성비 좋고 잘나가요~^^",5,1,긍정
inpy*****,2021-05-01T17:57:10.073+00:00,자전거: 02.삼천리 메이비20 / 컬러: 민트(바구니포함),"가격대비 성능 좋습니다. 박스안에 제품 잘 포장되어 왔습니다. 거의 다 조립되어있어서 완성하기 쉬어요. 전문점에가서 조립하라고 박스에 적혀있던데. 글쎄요 굳이 그럴필요까지.
정말 마음에 듭니다. 10살 딸아이 대만족",5,1,긍정
z00z****,2021-05-19T08:38:52.572+00:00,자전거: 04.삼천리 로시난테 / 컬러: 네이비,"여자 혼자서는 조립하기 힘들어요. 나사를 진짜 세게 조여야 해요. 아니면 타다가 핸들이 분리 돼요...
아빠한테 부탁해서 타는중인데 진짜진짜 무겁구요.
 엉덩이 아파요. 그래도 싼맛에 타는 중입니다. 가성비는 조아요.",3,1,긍정
shin****,2021-06-03T21:27:48.756+00:00,자전거: 03.삼천리 화이트라벨 / 컬러: 화이트,조립도 쉬운데 접는게 잘 안되네요,5,1,긍정
bsl4***,2021-05-13T04:26:44.532+00:00,자전거: 02.삼천리 메이비20 / 컬러: 라이트핑크(바구니포함),"배송도 엄청 빨리왔네요~
8살 초1여자아이 안장 제일 낮게했는데..
딱 맞고 좋아요.
색도 이쁘다고 좋아하고.. 잘 산듯합니다^^",5,1,긍정
hang******,2021-06-22T02:25:51.346+00:00,자전거: 02.삼천리 메이비20 / 컬러: 라이트핑크(바구니포함),잘 접어져서  뒷 좌석에실을  수있어서  좋습니다,5,1,긍정
cg****,2021-06-01T15:08:30.380+00:00,자전거: 01.삼천리 카라 / 컬러: 다크블루(바구니포함),확실히 많이 무겁긴 한데 그래도 만족하고 있어요!,5,1,긍정
21cp*****,2021-05-27T02:44:06.449+00:00,자전거: 04.삼천리 로시난테 / 컬러: 네이비,안전하게 잘 박았습니다. 아주 좋습니다.,5,1,부정
supi****,2021-06-23T21:02:51.887+00:00,자전거: 01.삼천리 카라 / 컬러: 다크블루(바구니포함),진짜잘샀엉ㆍ가볍고 6학년아이 타기좋넹ᆢㄷ,5,1,부정
miok****,2021-05-28T06:45:59.630+00:00,자전거: 01.삼천리 카라 / 컬러: 다크민트(바구니포함),너무좋아요 아이가 잘 타요,5,1,부정
hyun*******,2021-05-19T09:32:31.983+00:00,자전거: 01.삼천리 카라 / 컬러: 다크블루(바구니포함),"조립 설명서 보다가 이해 못 해서 영상도 찾아 보며 안장과 핸들 고정했는데 브레이크며 도통 잘 되가는지 몰라서 결국 집 주변 자전거가게 갔어요^^역시 왜 아침 부터 고생했는지ㅜㅜ전문가에게 맡기는게 좋아요~
자전거는 무겁지만 너무 예뻐요~! 큰 아이 좋아합니다!",5,1,부정
gkrr******,2021-05-13T02:29:17.443+00:00,자전거: 02.삼천리 메이비20 / 컬러: 라이트핑크(바구니포함),생각보다 진짜 너무 무거워서 아이혼자서 타기는 무리에요~보조바퀴와 함께 타니깐 안정감있어요~ 키가 120인데 잘타요^^,3,1,긍정
rlah******,2021-05-13T02:59:26.046+00:00,자전거: 03.삼천리 화이트라벨 / 컬러: 화이트,초등학생 아들 딸 어린이날 선물로 구매했어요 애들이 좋아하네요 조립도 쉽고 배송도 빠르네요,5,2,부정
rlah******,2021-05-13T02:58:46.563+00:00,자전거: 03.삼천리 화이트라벨 / 컬러: 블랙,초등학생 아들 딸 어린이날 선물로 구매했어요 애들이 좋아하네요 조립도 쉽고 배송도 빠르네요,5,1,긍정
pj****,2021-05-26T06:45:45.851+00:00,자전거: 01.삼천리 카라 / 컬러: 다크민트(바구니포함),아이가 너무 좋아합니다. 8살 아이 타기 적당해요.,5,1,부정
ezia****,2021-06-17T16:40:02.886+00:00,자전거: 01.삼천리 카라 / 컬러: 다크민트(바구니포함),튼튼하고 이쁘고 가격대비완전만족,5,1,긍정
wine****,2021-05-20T23:25:14.069+00:00,자전거: 01.삼천리 카라 / 컬러: 다크블루(바구니포함),"보조바퀴 장착하는데 약간 힘들었네요
접으니 베라단에 보관하기 좋네요",5,1,긍정
gota***,2021-05-27T02:12:46.309+00:00,자전거: 03.삼천리 화이트라벨 / 컬러: 화이트,"몇번타고 아이가 브레이크가 풀린것같다고 하는데
아이가 좋아해서 만족해요",4,1,긍정
cmj6***,2021-05-26T12:26:54.532+00:00,자전거: 01.삼천리 카라 / 컬러: 다크블루(바구니포함),"아이들이 좋아해요 키130,146에 다좋아요",4,1,부정
dae0****,2021-04-15T00:32:51.219+00:00,자전거: 01.삼천리 카라 / 컬러: 다크블루(바구니포함),"카라 다크블루가 한동안 품절이라 많이 기다리다, 재입고 되자마자 구매했습니다. 색상, 디자인 모두 마음에 드네요.  다만 기본 바구니 고정을 위한 벌크로가 짧아 좀 타이트한 느낌이네요.
135cm 초등4학년  아이가 탈 예정인데, 안장을 최대한 낮췄을 때, 두발로 서면 살짝 까치발을 들지만, 페달은 편하게 돌립니다. 만족합니다.",5,1,긍정
moon******,2021-05-13T12:38:40.655+00:00,자전거: 02.삼천리 메이비20 / 컬러: 라이트핑크(바구니포함),중학생 아들이 여동생한테 만들어 줬네요.상품.가격.배송 모두 만족합니다.~,5,1,부정
dbe0****,2021-05-21T06:24:33.910+00:00,자전거: 03.삼천리 화이트라벨 / 컬러: 블랙,잘 굴러가고 좋아요! 실물이 훨 예쁘네요,4,1,긍정
alsk****,2021-05-20T00:59:45.857+00:00,자전거: 01.삼천리 카라 / 컬러: 다크민트(바구니포함),잘받았습니다 너무 이쁘네요~아이가좋아하네요 ~,5,1,부정
sj****,2021-05-11T13:10:16.363+00:00,자전거: 03.삼천리 화이트라벨 / 컬러: 화이트,"디자인도 이쁘고 조립도 크게 어렵지 않네요.
타이어 공기앞 충분. 브레이크 상태양호 합니다. 내일 아들하고 라이딤 하기로 했어요",4,1,부정
hj****,2021-06-23T09:48:24.830+00:00,자전거: 02.삼천리 메이비20 / 컬러: 라이트핑크(바구니포함),강추 완전 최고입니다♡,5,1,긍정
chan******,2021-04-28T13:53:28.957+00:00,자전거: 02.삼천리 메이비20 / 컬러: 라이트핑크(바구니포함),"색상도 너무 이쁘고 조립도 간편합니다 야간라이트,따르릉벨까지 주셨네요~너무 만족합니다 가정의달을 맞이해서 선물용으로 좋을것같아요",5,1,부정
inni****,2021-05-24T09:54:16.664+00:00,자전거: 03.삼천리 화이트라벨 / 컬러: 화이트,저보다 초3 아들이 더 잘 타고 있어요 접이식이라 이동 편하고 좋아요 고맙습니다,5,1,긍정
gule*****,2021-05-31T07:32:55.839+00:00,자전거: 03.삼천리 화이트라벨 / 컬러: 화이트,남편 출퇴근으로 사줫는데 좋아요👍🏼,5,1,긍정
22****,2021-04-29T03:22:08.160+00:00,자전거: 02.삼천리 메이비20 / 컬러: 라이트핑크(바구니포함),초1딸 어린이날 선물로 구매했는데 너무 좋아하네요. 키가 122정도인데 안장 제일 밑으로 내리니까 까치발로 간당간당하게 바닥에 닿아요.. 브레이크 패드가 너무 딱 붙어서 조절해서 조금 띄워줘야 할꺼 같아요.,5,1,긍정
gkrr******,2021-05-03T00:45:16.648+00:00,자전거: 02.삼천리 메이비20 / 컬러: 민트(바구니포함),아이가 너무 좋아해요. 8살 키는 122센치에요~ 자전거 크기가 생각보다 크고 무게가 너~~무 무거워서ㅜ애들이 혼자 이동시키지는 못해요~ 지금은 보조바퀴꼭 해야 탈수 있어요 ㅎㅎ,3,1,부정
pej0***,2021-07-07T07:34:48.173+00:00,자전거: 01.삼천리 카라 / 컬러: 다크블루(바구니포함),좋아요좋아요좋아요좋아요,5,1,부정
foyj****,2021-05-17T01:54:35.467+00:00,자전거: 02.삼천리 메이비20 / 컬러: 민트(바구니포함),"받을 당시 포장상태 등 설명서가 부족한게 아쉬워요
접는 방법 펴는 방법 이런 사소한 것도 알려주는 페이지가 필요할 것 같아요",4,1,긍정
chri*******,2021-05-28T14:02:34.693+00:00,자전거: 04.삼천리 로시난테 / 컬러: 네이비,디자인 이쁘고 내구성 좋음,5,1,부정
pigh******,2021-05-31T09:35:37.784+00:00,자전거: 01.삼천리 카라 / 컬러: 다크민트(바구니포함),날씨 좋은 날 공원에서 잘타고 있습니다,5,2,부정
pigh******,2021-05-31T09:35:01.302+00:00,자전거: 04.삼천리 로시난테 / 컬러: 네이비,날씨 좋은 날 공원에서 잘타고 있습니다,5,1,긍정
jhs7***,2021-05-29T08:33:14.144+00:00,자전거: 01.삼천리 카라 / 컬러: 다크민트(바구니포함),무겁지만 다른것은 다 만족스러워요.,5,1,긍정
ggak****,2021-06-13T16:14:28.125+00:00,자전거: 01.삼천리 카라 / 컬러: 다크블루(바구니포함),튼튼하고 편해서 아주 잘 타고 있습니다.무거운건 비밀.,5,1,긍정
arom*****,2021-05-22T01:53:50.500+00:00,자전거: 01.삼천리 카라 / 컬러: 다크블루(바구니포함),"디자인도 이쁘고 크기도 적당하고 좋아요
근데 조금 무거워요",5,1,긍정
qusr****,2021-05-22T14:12:15.213+00:00,자전거: 03.삼천리 화이트라벨 / 컬러: 화이트,너무너무조아요~~~커플자전거 짱! 잘나가요~튼튼해요~,5,1,부정
youj*****,2021-06-03T14:07:00.188+00:00,자전거: 02.삼천리 메이비20 / 컬러: 민트(바구니포함),"여자10세 아이 어린이날 선물로 샀는데 좋아하네요
조립은 보통일반인은 힘들거 같고. 자전거점가서
조립했습니다 조립비만 25000원. 받네요",4,1,부정
ggak****,2021-06-13T16:14:15.459+00:00,자전거: 04.삼천리 로시난테 / 컬러: 네이비,튼튼하고 편해서 아주 잘 타고 있습니다.무거운건 비밀..,5,1,긍정
anch***********,2021-06-19T12:35:47.383+00:00,자전거: 01.삼천리 카라 / 컬러: 다크블루(바구니포함),가성비 최고 잘타고있습니다,4,1,긍정
phye****,2021-04-23T12:31:31.598+00:00,자전거: 01.삼천리 카라 / 컬러: 다크블루(바구니포함),"빠른배송 좋아요^^
상품도 마음에 듭니다 다만 바구니가 좀 황당합니다
그냥 벨크로로 고정합니다
접이식이라 바퀴는 체결되어있어서 조립하기 편한데 브레이크를 조절해야 해서 많이 힘들었어요
그거 말고는 조립도 쉽고 자전거 이뻐요",5,1,부정
as****,2021-04-15T01:34:45.770+00:00,자전거: 02.삼천리 메이비20 / 컬러: 라이트핑크(바구니포함),"배송도 일단 예상보다 빨리왓어요.

디자인도 좋고 맘에듭니다.
두 개 조립하고 보조바퀴까지 장착하느라 시간은 좀 걸렸는데 애들이 좋아해서 좋네요.",5,1,긍정
psuj*****,2021-06-23T01:19:21.952+00:00,자전거: 01.삼천리 카라 / 컬러: 다크블루(바구니포함),아이가 잘 타고 있어요,4,1,부정
momo****,2021-05-29T04:57:30.386+00:00,자전거: 04.삼천리 로시난테 / 컬러: 네이비,배송이 너무 지연되서 3별ㅡㅡ 상품은 맘에들어요 조립도쉽고 불량없이 잘도착햇어요 근대 무게는 좀잇는편이며 접이식인데 너무 빡빡해요,3,1,긍정
ym****,2021-05-19T13:43:50.492+00:00,자전거: 01.삼천리 카라 / 컬러: 다크블루(바구니포함),잘잡히고 아이가 잘타요 성인 여자도 탈수있는 사이즈에요~,5,1,부정
rokm*****,2021-06-12T00:26:36.017+00:00,자전거: 02.삼천리 메이비20 / 컬러: 라이트핑크(바구니포함),"아이가 막타기 좋아요
다만 차체 무게가 나가는 편이예요",4,1,부정
sala****,2021-05-16T00:22:24.264+00:00,자전거: 04.삼천리 로시난테 / 컬러: 네이비,남편 생선으로 로시난테 구매했어요~ 산책로 마실용인데 남편이 좋아하네요ㅋㅋ,4,1,긍정
ever*****,2021-05-14T02:33:58.183+00:00,자전거: 02.삼천리 메이비20 / 컬러: 라이트핑크(바구니포함),디자인 예뻐요. 아무 설명서도 안 들어있어서 애 좀 먹었어요. 대체적으로 괜찮아요,4,1,부정
sm****,2021-05-30T07:41:18.336+00:00,자전거: 01.삼천리 카라 / 컬러: 다크블루(바구니포함),조카가아주좋아합니다.,4,1,부정
frie***,2021-05-11T12:10:05.452+00:00,자전거: 02.삼천리 메이비20 / 컬러: 라이트핑크(바구니포함),보조바퀴 달려고 너트? 풀 때 조심스러워서 힘들었는데 힘 주니깐 풀렸어요 ㅋㅋ 기어 조절해주니깐 혼자서도 잘 타요~~ 애가 좋아하네요~~,5,1,부정
miju******,2021-06-09T03:05:39.535+00:00,자전거: 02.삼천리 메이비20 / 컬러: 라이트핑크(바구니포함),어제받자마타봤는데ᆢᆢ아이가ᆢᆢ너무좋아하네요ᆢᆢ색감도ㆍ너무ᆢᆢ이뻐요,5,1,긍정
js****,2021-06-15T12:52:27.824+00:00,자전거: 01.삼천리 카라 / 컬러: 다크민트(바구니포함),"처음 두발자전거 배우는 아이에게
너무 높지않아 좋습니다",5,1,긍정
xowl********,2021-06-01T02:47:46.289+00:00,자전거: 02.삼천리 메이비20 / 컬러: 민트(바구니포함),괜찮아요 좋습니다 ㅎㅎㅎ,4,1,긍정
ralo*****,2021-05-12T09:05:36.759+00:00,자전거: 02.삼천리 메이비20 / 컬러: 라이트핑크(바구니포함),둘째딸 선물인데 좋아하니 별5개 아닙니까,5,1,긍정
yyk1***,2021-06-07T10:39:42.950+00:00,자전거: 04.삼천리 로시난테 / 컬러: 네이비,가성비 좋고 튼튼하고 디자인도 좋네요 추천해드릴께요 많이 파시고 번창하세요!,5,1,긍정
nice*****,2021-05-05T12:41:57.285+00:00,자전거: 01.삼천리 카라 / 컬러: 다크블루(바구니포함),손잡이를 분리해서 접어서 트렁크에 쉽게 들어가네요. 아이가 참 좋아했고. 기어 덕분에 더 쉽게 탈수 있었습니다. 감사합니다.,5,1,긍정
indo****,2021-05-26T23:57:55.617+00:00,자전거: 01.삼천리 카라 / 컬러: 다크블루(바구니포함),조립간단하고 가성비 좋습니다,5,1,부정
mo****,2021-06-12T06:29:12.028+00:00,자전거: 01.삼천리 카라 / 컬러: 다크블루(바구니포함),"좋아요~^^
성인이타기에 조금 아담하긴해요~^^",5,1,부정
dmst*****,2021-06-05T10:13:54.366+00:00,자전거: 01.삼천리 카라 / 컬러: 다크블루(바구니포함),"동네 나갈 때 어디든 가지고 나가요:)
돌아다닐 때 너무 편해요
다만 바퀴가 작아서 오르막은 조금 힘들어요ㅠㅠ",4,1,부정
kwon****,2021-05-16T11:09:45.423+00:00,자전거: 01.삼천리 카라 / 컬러: 다크블루(바구니포함),어린이날 선물로 구매했어요~ 접이식이라 차에 싣고 다니기도 좋네요~,5,1,긍정
jf****,2021-06-04T07:35:35.086+00:00,자전거: 01.삼천리 카라 / 컬러: 다크민트(바구니포함),초1학년 딸이 타던 자전거가 작아서 산건데 크기도 알맞고 색감도 이쁘고 좋네요~~,5,1,부정
jisu******,2021-06-11T12:58:34.826+00:00,자전거: 02.삼천리 메이비20 / 컬러: 라이트핑크(바구니포함),완전 튼튼 초등5학년 완전맘에듬니다 배송빠르고요 👍,5,1,긍정
zzzz*****,2021-05-25T10:49:29.983+00:00,자전거: 01.삼천리 카라 / 컬러: 다크블루(바구니포함),접이식이라서 편하고 작아서그런지 타기도편합니당,5,1,긍정
hak8*****,2021-06-17T04:41:07.914+00:00,자전거: 01.삼천리 카라 / 컬러: 다크블루(바구니포함),우리아들이 넘좋아해요,5,1,부정
free******,2021-04-16T21:42:22.078+00:00,자전거: 02.삼천리 메이비20 / 컬러: 라이트핑크(바구니포함),"7세 여아가 타기에도 괜찮네요.
기어 조정만 잘해서 주니까 자전거가 무거운데도 그럭저럭 잘 나갑니다.
온라인 주문으로 어느정도 감수하고 구매했는데 생각보다 파손부위 없이 잘 왔구요.
단점은 하얀색 안장, 핑크색 본체인데...
검정 기름자국들이 좀 있네요.
장갑에 묻은거 그냥 잡고 안지운거 같아요...
그것 제외하고 만족합니다.",4,1,긍정
daha*****,2021-06-12T03:53:34.766+00:00,자전거: 03.삼천리 화이트라벨 / 컬러: 화이트,튼튼하고 좋아요 근데 좀 무거워요,5,1,긍정
ligh********,2021-05-24T23:19:05.203+00:00,자전거: 04.삼천리 로시난테 / 컬러: 네이비,아이들이 잘 타고있어요 만족합니다,5,1,긍정
cazm***,2021-05-17T07:52:00.482+00:00,자전거: 02.삼천리 메이비20 / 컬러: 민트(바구니포함),초4 여아 선물로 사줬는데 핸들이랑 의자 높이만 조절하면 성년까지도 탈 수 있을 것 같네요.,5,1,긍정
altk***,2021-05-17T05:39:36.639+00:00,자전거: 04.삼천리 로시난테 / 컬러: 네이비,"2대째 구입 입니다. ^^  안사람 하고 커플  자전거로 구입했습니다.
  제일 좋은 점은 휴대성이요^^",5,1,긍정
mine*******,2021-05-01T13:53:38.169+00:00,자전거: 01.삼천리 카라 / 컬러: 다크블루(바구니포함),"배송 빠르고 거의다 조립되서 와서
금방 했네요 다만 추가구성품 전방등이
불량인거 같습니다 건전지넣고 뚜껑을
닫아도 뚜껑이 잠기질 않네요 ~",3,1,부정
jskf***,2021-05-24T08:09:06.544+00:00,자전거: 01.삼천리 카라 / 컬러: 다크블루(바구니포함),생각보다 제품에 이상이 없고 좋습니다,3,1,부정
tnsa***,2021-05-10T00:31:59.553+00:00,자전거: 02.삼천리 메이비20 / 컬러: 민트(바구니포함),엄마 선물로 보내드렸는데 만족합니다. 예뻐요. 조립도 동생이 직접 간단하게 했다고 하네요.,5,1,긍정
tj****,2021-06-11T02:57:31.880+00:00,자전거: 02.삼천리 메이비20 / 컬러: 라이트핑크(바구니포함),"배송이 빨라서 좋았어요
애들이 좋아하네요!!",5,1,긍정
lees*****,2021-05-22T09:53:36.911+00:00,자전거: 01.삼천리 카라 / 컬러: 다크블루(바구니포함),"배송빠르고 조립어렵지않아요
오랜만에 타니 재미지네요",4,1,긍정
yong*******,2021-06-09T09:54:16.248+00:00,자전거: 01.삼천리 카라 / 컬러: 다크민트(바구니포함),"조립이 간단하고 쉬워요
여자가 타기에 좋을것 같아요",5,1,부정
llhk****,2021-05-21T02:56:40.931+00:00,자전거: 01.삼천리 카라 / 컬러: 다크블루(바구니포함),"자전거 이쁘네요
보조바퀴 달려고 하는데 나사가 돌려지질 않네요",5,1,부정
cr****,2021-05-20T00:26:28.017+00:00,자전거: 02.삼천리 메이비20 / 컬러: 민트(바구니포함),이쁘고 빨리도착했어요 조립도 간편했고요~,5,1,긍정
inth*****,2021-05-24T21:43:25.618+00:00,자전거: 02.삼천리 메이비20 / 컬러: 라이트핑크(바구니포함),좋자요조아요좋아요~,3,1,긍정
ligh********,2021-05-24T23:18:37.493+00:00,자전거: 01.삼천리 카라 / 컬러: 다크블루(바구니포함),잘 타고 있어요 아주 만족합니다,5,1,긍정
susu****,2021-05-19T19:46:27.104+00:00,자전거: 01.삼천리 카라 / 컬러: 다크블루(바구니포함),자전거 디자인도 너무 이쁘고 조립도 20대초반인 제가 하기에도 너무 쉬웠어요,5,1,긍정
lovi********,2021-06-13T02:26:45.996+00:00,자전거: 01.삼천리 카라 / 컬러: 다크블루(바구니포함),"아주 튼튼해요ㅎ 
접이식이라 편리하네요ㅎ",5,1,긍정
cuty******,2021-05-20T05:20:22.517+00:00,자전거: 01.삼천리 카라 / 컬러: 다크블루(바구니포함),"조립도 쉽고 가격도 저렴하고 좋아요 
예뻐요",5,1,긍정
jj****,2021-05-18T11:43:07.550+00:00,자전거: 01.삼천리 카라 / 컬러: 다크블루(바구니포함),조립은 했는데 고정장치가 사진처럼 너무 뒤로가있는데 앞으로 오게하려면 어떻게 해야하나요,4,1,긍정
zk****,2021-05-27T14:15:55.760+00:00,자전거: 02.삼천리 메이비20 / 컬러: 라이트핑크(바구니포함),좋아요 조금크지만 잘타요,5,1,긍정
jn****,2021-04-29T22:28:45.802+00:00,자전거: 01.삼천리 카라 / 컬러: 다크블루(바구니포함),"어린이날 선물로 주문했는데..
주문한지 하루만에 도착~~^^
완전 빠르고 조립도 생각보다 쉽네요..
아이가 잘 배웠으면 좋겠네요~~",5,1,긍정
li****,2021-05-02T12:45:12.158+00:00,자전거: 01.삼천리 카라 / 컬러: 다크블루(바구니포함),가볍고 조립 편해요 그런데 속도가 좀 느리네요 ㅠㅠ,4,1,부정
wisd********,2021-05-24T01:32:49.933+00:00,자전거: 01.삼천리 카라 / 컬러: 다크민트(바구니포함),초등1학년 들어간 딸아이가 좋아합니다.,5,1,긍정
sung*****,2021-05-12T00:52:02.265+00:00,자전거: 02.삼천리 메이비20 / 컬러: 라이트핑크(바구니포함),"배송도 빠르고 조립하기도 쉬웟습니다
자전거도 이쁘네요
매장보다 저렴하게 구입해서 기분좋네요",5,1,긍정
skdl*****,2021-04-23T11:59:11.667+00:00,자전거: 01.삼천리 카라 / 컬러: 다크민트(바구니포함),"메이비랑 이거중에 결정하다가 메이비는 민트색이 품절이라서 이걸로 결정했어요~
조립도 쉽고 실물이 너무 이뻐요
아이도 매우 좋아하네요~~~
키 130 조금 안되는 아이한테 딱 좋네요~",5,1,부정
cmj6***,2021-05-26T12:25:52.596+00:00,자전거: 01.삼천리 카라 / 컬러: 다크민트(바구니포함),아이가 엄청좋아해요,4,1,부정
kihy*****,2021-05-24T06:06:01.337+00:00,자전거: 01.삼천리 카라 / 컬러: 다크민트(바구니포함),조카 사줬더니 완전 맘에 들어하네요~^^,5,1,부정
hyun****,2021-04-23T09:39:58.590+00:00,자전거: 01.삼천리 카라 / 컬러: 다크블루(바구니포함),포장뜯는게 좀 힘들었지만 그래도 조립은 쉬웠습니다. 자전거 디자인도 예쁘고 마음에 들어요~그런데 제가 뭘 잘못 한건지 몰라도 안장 높이 조절후 좀 타다보면 안장이 조금씩 내려가네요..안장 높이고정에 대한 설명을 좀 해주시면 좋겠습니다.,4,1,긍정
dus8***,2021-05-13T08:55:24.380+00:00,자전거: 02.삼천리 메이비20 / 컬러: 라이트핑크(바구니포함),튼튼하고 핑크핑크 이쁘네요~ 키 130되는 여자아이인데 잘 맞는 것 같아요~,5,1,부정
zam3***,2021-06-14T12:16:38.902+00:00,자전거: 03.삼천리 화이트라벨 / 컬러: 화이트,믿고쓰는제품만족합니다,5,1,긍정
hsyu*****,2021-06-06T00:33:58.519+00:00,자전거: 01.삼천리 카라 / 컬러: 다크민트(바구니포함),초등 딸이 너무좋아하네요 만족합니다,5,1,긍정
qhfl*******,2021-05-24T21:09:11.705+00:00,자전거: 03.삼천리 화이트라벨 / 컬러: 화이트,튼튼하고 예쁘다고 사람들이 물어봐요,4,1,부정
llpg*******,2021-05-29T23:08:53.495+00:00,자전거: 03.삼천리 화이트라벨 / 컬러: 화이트,한 십 분 정도 이리저리 만지다보니 조립은 됐어요. 다만 바퀴에 바람이 빠져있는 게 아쉬웠어요,4,1,부정
sonm******,2021-05-25T00:18:14.861+00:00,자전거: 01.삼천리 카라 / 컬러: 다크민트(바구니포함),좋은 제품을 보내주셔서 잘 타고 있습니다~^^,5,1,긍정
vksx*****,2021-04-27T06:28:16.896+00:00,자전거: 01.삼천리 카라 / 컬러: 다크블루(바구니포함),"자전거가 색도 예쁘고 튼튼해보여요
그런데 그만큼 묵직한 느낌이 들어 탈 때마다 힘들긴 하네용 
그래도 만족스러운 상품입니다",5,1,긍정
wlsg******,2021-05-14T13:03:02.764+00:00,자전거: 03.삼천리 화이트라벨 / 컬러: 블랙,좋아요 생각보다작은데 이뻐요,5,1,부정
gwzd*****,2021-05-23T07:28:34.623+00:00,자전거: 03.삼천리 화이트라벨 / 컬러: 화이트,"아직까지 잘 사용하고있습니다
주말마다 잘타고 있네요~~",5,1,긍정
cind*****,2021-05-25T00:22:54.295+00:00,자전거: 02.삼천리 메이비20 / 컬러: 라이트핑크(바구니포함),자전거 넘 예쁘고 좋습니다~!,5,1,부정
jsis****,2021-06-14T01:52:27.634+00:00,자전거: 03.삼천리 화이트라벨 / 컬러: 블랙,약간 무겁긴한데 잘타고다녀용 ㅋㅋㅋ 가성샂삽,5,1,긍정
ar****,2021-05-05T12:56:56.491+00:00,자전거: 01.삼천리 카라 / 컬러: 다크블루(바구니포함),"차에 싣고 다니려고 접이식으로 구입했어요
트렁크에 넣고 다니면서 공원가서 타게 하는데
아이가 너무 좋아해요^^",5,1,부정
ro****,2021-05-15T00:17:37.254+00:00,자전거: 02.삼천리 메이비20 / 컬러: 라이트핑크(바구니포함),"조카 어린이날 선물로 선물했는데 좋아하네요
근데 비싼듯...",4,1,부정
gn****,2021-07-13T10:50:33.613+00:00,자전거: 01.삼천리 카라 / 컬러: 다크블루(바구니포함),무거운거빼면 좋아요~ 잘타고다니네요,4,1,긍정
quee*****,2021-05-15T11:34:02.245+00:00,자전거: 04.삼천리 로시난테 / 컬러: 네이비,"아주 잘 타고 있어요~
바구니함께 구매했는데
바구니는 잘 맞지 않는 느낌이예요..",5,1,긍정
2h****,2021-05-09T08:44:25.930+00:00,자전거: 02.삼천리 메이비20 / 컬러: 라이트핑크(바구니포함),가격대비 품질 좋구요. 기어랑 브레이크 조절만 하면 바로 탈수있네요,5,1,긍정
0721*****,2021-06-03T06:28:55.277+00:00,자전거: 02.삼천리 메이비20 / 컬러: 민트(바구니포함),"1. 상품하자없이 깔끔하게 포장되어 옴
2. 빠른 배송
3. 조립의 간편함",5,1,부정
dkfq***,2021-06-08T05:12:37.423+00:00,자전거: 01.삼천리 카라 / 컬러: 다크블루(바구니포함),조금 무겁긴 하지만 자전거 연습용으로 만족합니다,5,1,긍정
onma*****,2021-04-10T05:02:17.570+00:00,자전거: 02.삼천리 메이비20 / 컬러: 라이트핑크(바구니포함),"배송은..금요일에 주문해서 목요일에 받았습니다.오래걸렸죠~배송 문제 문의시는 아주 불만족스러웠어요.
CS대응을 좀 잘해주시면 좋겠네요.
제품은 예쁘고 좋아요.초1 딸아이도 좋아하고요.
다만..바퀴가 오염되어 있네요. 어짜피 타고 다니면 까맣게되는거 그냥 타기로 했습니다.
좋은 제품을 저렴하게 판매하시는건 좋은데 응대하시는 태도와 제품 상태 점검은 좀더 신경쓰시면 좋겠네요",3,1,긍정
ssum******,2021-04-23T07:29:32.475+00:00,자전거: 01.삼천리 카라 / 컬러: 다크민트(바구니포함),포장이 꼼꼼히 되어있어서 기스불량없이 잘 받았습니다. 초등저학년 여자아이가 타기엔 크네요. 성인여성이나 남자초2정도부터 추천합니다,4,1,긍정
bigt*****,2021-05-28T07:12:22.505+00:00,자전거: 01.삼천리 카라 / 컬러: 다크블루(바구니포함),"하루만에 배송받았어요!
핸들 안장 바구니만 조립 간단하구요
바퀴 바람만 넣음 바로 탈수 있네요ㅎ",5,1,부정
sala****,2021-05-16T00:24:21.673+00:00,자전거: 03.삼천리 화이트라벨 / 컬러: 화이트,키 160 화이트라벨 딱입니다 어제 한 시간 정도 탔어요~ 마실용으로 딱입니다!,4,1,부정
free*******,2021-05-21T05:49:06.917+00:00,자전거: 01.삼천리 카라 / 컬러: 다크민트(바구니포함),"좀무겁긴하지만
아이가좋아합니다",5,1,부정
junm****,2021-05-09T14:52:09.906+00:00,자전거: 04.삼천리 로시난테 / 컬러: 네이비,사정이 있어 계속 사용하지 못하고 세워만 놨는데 앞바퀴 바람이 빠지네요ㅠ처음올때부터 앞바퀴가 바람이 빠져와서 대리점가서 조립하고 바람도 넣고왔는데  지금은 바람이 빠져서 타질못하고 있어요 처음부터 불량인데 몰랐던건지 대체적으로 만족했는데 앞바퀴가 문제라 속상합니다...,4,1,긍정
mysa*****,2021-05-01T04:26:51.070+00:00,자전거: 02.삼천리 메이비20 / 컬러: 라이트핑크(바구니포함),조립하긴 다소 힘들었지만 하고보니 넘 이쁘네요 어린이날 선물 딸이 너무 좋아하네요♡♡,5,1,부정
asdz*****,2021-05-20T00:14:27.938+00:00,자전거: 03.삼천리 화이트라벨 / 컬러: 화이트,실물 이쁘고 가볍게 타고다니기 좋아요,5,1,부정
yy****,2021-05-06T13:30:43.473+00:00,자전거: 03.삼천리 화이트라벨 / 컬러: 블랙,"디자인이 이뻐서 커플로 삿네요 
좀 무겁지만 가성비는 진짜 좋네요 
쉬는 날 잘 타고 왔어요",5,2,긍정
yy****,2021-05-06T13:29:51.008+00:00,자전거: 03.삼천리 화이트라벨 / 컬러: 화이트,"디자인이 이뻐서 커플로 삿네요 
좀 무겁지만 가성비는 진짜 좋네요 
쉬는 날 잘 타고 왔어요",5,1,부정
kmk3******,2021-06-08T07:18:14.709+00:00,자전거: 01.삼천리 카라 / 컬러: 다크블루(바구니포함),만족합니다 아들이좋아해요,4,1,부정
07dm***,2021-05-06T12:10:59.812+00:00,자전거: 02.삼천리 메이비20 / 컬러: 라이트핑크(바구니포함),조립도 편하고 무엇보다 하자없이 와서 바로 조립하고.아이가 탔네요 너무 좋아하네요,5,1,부정
funs*****,2021-06-11T22:18:10.707+00:00,자전거: 01.삼천리 카라 / 컬러: 다크블루(바구니포함),ㄴ아이가잘타고있어요 너무좋습니다,5,1,부정
9gpd*****,2021-04-27T13:15:51.049+00:00,자전거: 03.삼천리 화이트라벨 / 컬러: 화이트,"키가 160정도 되는데 사이즈 딱 맞고 좋네요!
펼치기만 하면 돼서 조립(?)도 간편했구요,
바구니가 필요해서 옵션 추가로 달았는데 소지품 몇가지 넣고다니기 좋습니다~
라이트는 구성품에 있어서 따로 구매하지 않아도 될 걸 그랬어요ㅎㅎ",5,1,부정
0207***,2021-05-13T00:24:47.286+00:00,자전거: 02.삼천리 메이비20 / 컬러: 라이트핑크(바구니포함),바구니가있어 넘 좋고 여자아이라 핑크색주문했는데 배송도 빠르고 색깔이 넘 예뻐용,5,1,긍정
sh****,2021-05-21T12:48:37.614+00:00,,배송 빠르고 좋아요!,5,1,부정
gpfl*****,2021-05-19T06:00:46.248+00:00,자전거: 02.삼천리 메이비20 / 컬러: 라이트핑크(바구니포함),접히는점 때문에 샀는데 예쁘고 좋아요,5,1,부정
mean****,2021-06-07T15:17:12.322+00:00,자전거: 02.삼천리 메이비20 / 컬러: 민트(바구니포함),바구니가 구겨져서 온거 빼고는 잘 받았어요,4,1,부정
oms5***,2021-06-04T07:07:08.317+00:00,자전거: 02.삼천리 메이비20 / 컬러: 민트(바구니포함),"뒷바퀴 민트색 부위에 까짐,찍힘  상태로 왔어요~그냥타기로할께요.",4,1,긍정
hyuk*****,2021-05-10T11:44:50.658+00:00,자전거: 01.삼천리 카라 / 컬러: 다크민트(바구니포함),"배송도 안전하게 잘왔고 조립도 간단합니다
판매자님이 문의글에 회신도 빠르고 좋아요",5,1,긍정
duhe*****,2021-06-12T14:20:05.042+00:00,자전거: 04.삼천리 로시난테 / 컬러: 네이비,무겁긴한데 그냥저냥탈만해요,4,1,긍정
00****,2021-05-21T13:30:40.205+00:00,자전거: 01.삼천리 카라 / 컬러: 다크민트(바구니포함),"좋아요^^
잘타고있어요",5,1,긍정
meks***,2021-05-13T09:54:26.577+00:00,자전거: 02.삼천리 메이비20 / 컬러: 라이트핑크(바구니포함),그격대비 상당히 좋네요. 아이가 좋아합니다,5,1,긍정
up****,2021-05-23T06:44:06.739+00:00,자전거: 01.삼천리 카라 / 컬러: 다크민트(바구니포함),조립 설명서가 있으면 좋겠네요.,4,1,부정
hoei***,2021-05-17T10:08:29.991+00:00,자전거: 01.삼천리 카라 / 컬러: 다크민트(바구니포함),어린이날선물  너무 좋아합니다,5,1,긍정
lhc3***,2021-06-15T16:32:10.547+00:00,자전거: 03.삼천리 화이트라벨 / 컬러: 화이트,너무너무 마음에 듭니다!!!!,5,1,긍정
wpdl****,2021-05-11T06:47:38.627+00:00,자전거: 03.삼천리 화이트라벨 / 컬러: 블랙,조립도간편하고 3학년이라서조금큰감은있지만 디자인이괜찮아서샀는데 괜찮은거같아요^^,5,1,긍정
dlgi******,2021-05-03T01:44:18.037+00:00,자전거: 01.삼천리 카라 / 컬러: 다크블루(바구니포함),사진처럼 실물도 색감이 이쁘네요 ^^ 초등학교 3학년 딸이 너무 좋아해요.,5,1,부정
salo*******,2021-05-20T05:58:33.063+00:00,자전거: 03.삼천리 화이트라벨 / 컬러: 화이트,잘쓰고있습니다 감사합니다,5,1,부정
yksk******,2021-05-04T09:52:57.046+00:00,자전거: 01.삼천리 카라 / 컬러: 다크민트(바구니포함),"조립도 쉬웠고 10살 큰딸이 너무 좋아하네요~^^
안장을 제일 낮추니 맞았어요~ 충분히 오래 탈수 있겠어요~^^",5,1,부정
mi53*****,2021-06-09T10:14:12.975+00:00,자전거: 01.삼천리 카라 / 컬러: 다크민트(바구니포함),조립설명서 자세하게 없고~ 흔들거림이 심해요,2,1,부정
duhe*****,2021-06-12T14:19:25.179+00:00,자전거: 01.삼천리 카라 / 컬러: 다크블루(바구니포함),무겁지만 저렴히탈만해요,4,1,긍정
smil*****,2021-06-16T13:08:15.498+00:00,자전거: 03.삼천리 화이트라벨 / 컬러: 블랙,좋아여좋아여좋아여좋아여,4,1,부정
iduk***,2021-06-06T03:36:06.257+00:00,자전거: 01.삼천리 카라 / 컬러: 다크민트(바구니포함),"제품 상태 좋아요.
잘타고 있어요",5,1,긍정
hang*****,2021-05-09T12:05:58.892+00:00,자전거: 02.삼천리 메이비20 / 컬러: 라이트핑크(바구니포함),마감처리가 불량하여 철이 가시처럼 삐져나와 제 딸 손가락을 다쳤네요. 자전거표면에 얼룩도 있고 거치대는 직각으로 세워져야하는데 90도가 안되서 자칫 세우다가 자전거가 넘어질수있네요. 전에 반품비 2만원낸적이 있어서 또 반품비 들까봐 그냥 타렵니다,1,1,부정
so****,2021-05-14T02:29:42.858+00:00,자전거: 02.삼천리 메이비20 / 컬러: 라이트핑크(바구니포함),어린이날 선물로 구매했는데 너무 좋아하네요~,5,1,긍정
dong********,2021-04-28T07:48:47.943+00:00,자전거: 01.삼천리 카라 / 컬러: 다크블루(바구니포함),"색깔 예뻐요~ 근데 배송이 좀 느리네요ㅠㅠ
그래도 만족합니다^^ 감사합니다",4,1,부정
cher******,2021-06-09T13:41:58.373+00:00,자전거: 01.삼천리 카라 / 컬러: 다크블루(바구니포함),너무 무겁고 엉덩이가 아파요 ㅠ,3,1,긍정
rks1***,2021-05-03T09:44:09.162+00:00,자전거: 02.삼천리 메이비20 / 컬러: 라이트핑크(바구니포함),"조립도 쉽고 가격도적당하고
딸아이가 예쁘다고좋아하네요",5,1,부정
8204***,2021-05-15T10:51:50.164+00:00,자전거: 01.삼천리 카라 / 컬러: 다크블루(바구니포함),감사합니다 사업 번창하세요 사장님,5,1,긍정
osej***,2021-06-08T12:10:52.156+00:00,자전거: 03.삼천리 화이트라벨 / 컬러: 블랙,배송빠르고 조립어렵지않습니다~,4,1,부정
dbfl*******,2021-04-21T05:46:04.043+00:00,자전거: 01.삼천리 카라 / 컬러: 다크블루(바구니포함),튼튼해보이네요 배송빨랐구요 어머니께서 타신다고 주문한건데 조립도 혼자 다하셨어요- 실제로 보니 더 예쁘네요,5,1,부정
yh10****,2021-05-10T00:25:52.862+00:00,자전거: 01.삼천리 카라 / 컬러: 다크민트(바구니포함),"아직 타보지는 않았지만
파손없이 잘배송되었습니다
박스가 뜯어지긴 했지만
페달부분이라 다행",5,1,긍정
best*****,2021-05-20T04:30:37.649+00:00,자전거: 04.삼천리 로시난테 / 컬러: 네이비,잘 받았습니다 잘 쓸게요,3,1,부정
qetu*****,2021-06-09T14:36:08.124+00:00,자전거: 03.삼천리 화이트라벨 / 컬러: 블랙,작고 가벼워 좋았습니다,5,1,부정
kmk3******,2021-06-08T07:18:53.936+00:00,자전거: 02.삼천리 메이비20 / 컬러: 민트(바구니포함),딸이좋아합니다 감사합니다,4,1,부정
ky****,2021-05-17T06:15:00.665+00:00,자전거: 04.삼천리 로시난테 / 컬러: 네이비,생각보다 실물이 겁나 이쁘고 무거움,5,1,긍정
rhdg*****,2021-06-08T15:53:39.354+00:00,자전거: 03.삼천리 화이트라벨 / 컬러: 화이트,갬사합니다 또주문하렉오,4,1,긍정
cutg****,2021-05-23T14:46:27.044+00:00,자전거: 01.삼천리 카라 / 컬러: 다크민트(바구니포함),하루 한시간씩 꼭꼭탕ㅎ,5,1,부정
kjun*****,2021-05-02T13:25:52.222+00:00,자전거: 01.삼천리 카라 / 컬러: 다크민트(바구니포함),포장이 깔끔하고 안전하게 왔습니다.조립도 어렵지 않아서 금방조립했어요. 잘타겠습니다.,4,1,부정
melo******,2021-06-07T03:35:28.494+00:00,자전거: 01.삼천리 카라 / 컬러: 다크민트(바구니포함),이쁘고 어머니가 좋아하시네요,5,1,긍정
qw****,2021-05-06T12:49:57.878+00:00,자전거: 02.삼천리 메이비20 / 컬러: 민트(바구니포함),어린이날선물로 주문했는데 배송도 빠르고 자전거도 넘 이쁘고 좋아요,5,1,긍정
alol***,2021-05-22T10:39:13.960+00:00,자전거: 01.삼천리 카라 / 컬러: 다크블루(바구니포함),감사히 잘쓰고 있습니다.,5,1,긍정
hw****,2021-06-07T06:05:35.828+00:00,자전거: 01.삼천리 카라 / 컬러: 다크민트(바구니포함),엄마와 초등3딸이 같이 타니 좋아요~~,4,1,부정
hsy2***,2021-05-15T03:15:05.326+00:00,자전거: 04.삼천리 로시난테 / 컬러: 네이비,조립어렵지않고 만족합니다,5,1,긍정
hand****,2021-04-22T02:29:12.338+00:00,자전거: 02.삼천리 메이비20 / 컬러: 라이트핑크(바구니포함),"초등 1학년 딸램이 넘 좋아하네요.
너무 클까봐 걱정했는데 그렇지도 않고 
색도 너무 이뻐요.
보조바퀴 장착해서
주말에 나가보려구요.^^",4,1,긍정
viol******,2021-06-04T00:45:11.009+00:00,자전거: 01.삼천리 카라 / 컬러: 다크민트(바구니포함),너무 좋아요! 잘 사용하고 있어요!,5,1,긍정
wltn*****,2021-05-02T11:00:35.071+00:00,자전거: 02.삼천리 메이비20 / 컬러: 라이트핑크(바구니포함),3학년아이 두발자전거 구매해줬어요~! 안전하게 잘 타네요^^배송도 상품도 만족합니다~많이 파세요,5,1,긍정
jsmi***,2021-05-15T00:55:42.677+00:00,자전거: 03.삼천리 화이트라벨 / 컬러: 화이트,조립도 간단하고 자전거 너무 맘에 들어요,5,1,긍정
free******,2021-05-28T17:21:11.432+00:00,자전거: 01.삼천리 카라 / 컬러: 다크민트(바구니포함),조금 무거운 감은 있어요. 자전거 처음 시작하는 아이는 조금 적응이 필요합니다.,3,1,부정
hkki****,2021-04-23T01:21:04.248+00:00,자전거: 01.삼천리 카라 / 컬러: 다크민트(바구니포함),배송빠르구요. 디자인 색상 마음에 듭니다. 딸아이가 좋아합니다. 무거운건 가격때문에 어쩔수 없어요ㅎ 가벼운건 40은 줘야합니다,4,1,긍정
blis****,2021-05-05T03:05:33.046+00:00,자전거: 01.삼천리 카라 / 컬러: 다크민트(바구니포함),자전거가 무거워서 오르내리기가 좀힘들긴한데 아이가 넘 좋아합니다^^같이산 보조바퀴도 튼튼하니 좋으네여,5,1,긍정
d_am*****,2021-05-11T23:35:29.141+00:00,자전거: 04.삼천리 로시난테 / 컬러: 네이비,이쁘고 잘나가요 혼자조립했는데 괜찮은듯,4,1,부정
inom******,2021-06-01T04:31:02.019+00:00,자전거: 04.삼천리 로시난테 / 컬러: 네이비,다소 무겁긴 하지만 조립도 쉽고 튼튼해요,4,1,부정
woun***,2021-05-09T09:45:26.909+00:00,자전거: 02.삼천리 메이비20 / 컬러: 민트(바구니포함),튼튼하고 잘나갑니다. 색상도 이뻐서 아이가 너무 좋아해요.,5,1,부정
zaxs***,2021-05-16T06:40:34.153+00:00,자전거: 01.삼천리 카라 / 컬러: 다크블루(바구니포함),자전거 색도 이쁘고 마음에 들어요^^,5,1,부정
wlst*******,2021-05-30T01:52:03.132+00:00,자전거: 03.삼천리 화이트라벨 / 컬러: 화이트,이쁘고 좋아요 브레이크 너무 헐거워용,5,1,긍정
ewsd***,2021-06-02T03:29:09.403+00:00,자전거: 03.삼천리 화이트라벨 / 컬러: 화이트,변속 부드럽고 패달링도 괜찮아오 동생이 참 좋아합니다^_^,5,1,긍정
sinb******,2021-05-13T10:08:27.642+00:00,자전거: 04.삼천리 로시난테 / 컬러: 네이비,탈만해요 가성비 갑,4,1,부정
mi53*****,2021-05-10T13:26:43.004+00:00,자전거: 01.삼천리 카라 / 컬러: 다크민트(바구니포함),"조립할수 있는 설명서가 상세하게 첨부 되지
않아 조립할때 좀 불편 했지만 딸아이가
잘 타고 있어요",3,1,부정
civi***,2021-05-30T07:58:15.476+00:00,자전거: 01.삼천리 카라 / 컬러: 다크블루(바구니포함),자전거가 튼튼하네요. 아들내미가 즐겁게 타고있어요,5,1,부정
fjqm****,2021-05-14T11:37:28.874+00:00,자전거: 02.삼천리 메이비20 / 컬러: 라이트핑크(바구니포함),너무귀여워요 누가훔쳐가믄 어떡하졍 🤣,5,1,부정
link****,2021-05-07T01:38:44.669+00:00,자전거: 01.삼천리 카라 / 컬러: 다크민트(바구니포함),아주 좋아요   고장도없고  아이가좋아해요,5,1,긍정
qudd******,2021-05-03T09:25:00.613+00:00,자전거: 01.삼천리 카라 / 컬러: 다크민트(바구니포함),배송은 정말 빠르네요~아쉬운점은 자전버 뒷바퀴 바람이 빠져있떠라구요....ㅎ,4,1,부정
kyba*****,2021-05-18T16:32:58.722+00:00,자전거: 03.삼천리 화이트라벨 / 컬러: 화이트,매우 만족스러워요~,5,1,부정
tody****,2021-05-15T13:53:02.189+00:00,자전거: 02.삼천리 메이비20 / 컬러: 라이트핑크(바구니포함),저는 처음조립해봐서 사실 조립하는데 조금 어려웠지만 조립하고나니 너무 이뿌고 성능도 좋네요~^^만족스럽습니다~,5,1,부정
yout*******,2021-02-24T13:20:50.040+00:00,자전거: 01.삼천리 카라 / 컬러: 다크블루(바구니포함),"배송빨라요. 박스안에 케이블타이등으로 묶이고, 보호판?도 끼워져서 움직이지않고 문제없이 잘왔네요!!

여자혼자 조립하기 전혀 힘들고 어렵지않아서, 조립 후 바로 나가서 아이들 태웠어요^^*

바구니한개가 찌그러져서왔는데 바로 새 상품으로보내주셔서 다시받았습니다.
그런데 타다보니 자전거가 넘어지면 바구니기 쉽게 찌그러지긴하는데, 반대로 쉽게 펴지기도하구요^^.

작은 문제라면)) 
바구니 스트랩 길이가 두개가 달랐고, 모두 너무 짧아서 고정시키지는 못하다보니, 넘어질때 바구니가 떨어지기도했네요^^;;

자전거색상은 화면보다 실물이 더 예쁜것같아요!!^^
키 123,127아이들 안장.핸들 모두 제일 낮게했고, 주말에 접어서 차에싣고 공원나가서도 탔어요!! 162인저는 안장적당히 높여 아이들쉬는 중간중간 탔어요!!",4,1,부정
migl***,2021-06-04T05:44:31.499+00:00,자전거: 02.삼천리 메이비20 / 컬러: 라이트핑크(바구니포함),배송이 빨라 좋아요,5,1,부정
gg****,2021-05-09T15:29:56.181+00:00,자전거: 02.삼천리 메이비20 / 컬러: 라이트핑크(바구니포함),잇힝 너무좋아요 아이가잘타고잇어요,5,1,부정
lowl****,2021-06-06T22:23:49.647+00:00,자전거: 02.삼천리 메이비20 / 컬러: 라이트핑크(바구니포함),정말 빠르고 좋아요,5,1,부정
leej*******,2021-05-11T05:09:28.068+00:00,자전거: 02.삼천리 메이비20 / 컬러: 민트(바구니포함),자전거 노래불렀는데 역시나 좋아해주니 넘좋으네요~,5,1,긍정
suns*****,2021-05-02T01:34:48.075+00:00,자전거: 01.삼천리 카라 / 컬러: 다크블루(바구니포함),"어린이날 선물로 미리구매했어요
색도예쁘고 맘에듭니다",5,1,부정
tnsa*****,2021-05-11T02:00:24.568+00:00,자전거: 02.삼천리 메이비20 / 컬러: 민트(바구니포함),"아이 맘에 들어해서 다행이에요.
바퀴에 바람은 충전해야겠네요..ㅜ",5,1,부정
go****,2021-05-01T07:40:49.738+00:00,자전거: 02.삼천리 메이비20 / 컬러: 라이트핑크(바구니포함),"배송 빠르네요. 
안장에 찍힘이 있어 마음에 안들지만 귀찮아서 그냥 씁니다.",3,1,부정
carr******,2021-04-30T08:06:28.109+00:00,자전거: 02.삼천리 메이비20 / 컬러: 라이트핑크(바구니포함),"배송도 빠르고 포장깔끔 제품도 좋아요
조치도 깔끔하게 해주셨어요

아이들과 함께 탈 자전거도 여기서 사야겠어요",5,1,부정
joko***,2021-04-25T16:43:21.776+00:00,자전거: 04.삼천리 로시난테 / 컬러: 네이비,"안장에서 손잡이까지 사이가 길어요ㅋㅋㅋ
생각지 못했는데 당황...
글고 자전거 바구니는 다른거 사세요....
방지턱 넘다가 바구니 떨어지고 난리나서
케이블타이로 묶었어여....ㅋㅋㅋ
자전거 자체는 만족하는 편입니다~",4,1,긍정
dnwj****,2021-06-02T04:10:07.571+00:00,,자전거가 너무 귀여워용 잘 타겠습니다,5,1,긍정
micr****,2021-05-12T08:46:41.038+00:00,자전거: 04.삼천리 로시난테 / 컬러: 네이비,이쁘고 좋네요 마니파세요,5,1,긍정
se****,2021-05-02T00:48:56.330+00:00,자전거: 01.삼천리 카라 / 컬러: 다크블루(바구니포함),배송은빠른편은아니고 다른건 괜찮습니다.다만보조바퀴가 기대만큼은 아니네요,4,1,부정
s177****,2021-05-15T04:32:03.519+00:00,자전거: 02.삼천리 메이비20 / 컬러: 민트(바구니포함),"큰문제 없이 잘 타고 있네요
좋아요",4,1,부정
79ki****,2021-05-09T04:14:03.881+00:00,자전거: 02.삼천리 메이비20 / 컬러: 라이트핑크(바구니포함),"가격대비   진짜  득템
아이가   너무  좋아하네용",5,1,긍정
pink*******,2021-04-22T11:22:13.106+00:00,자전거: 01.삼천리 카라 / 컬러: 다크블루(바구니포함),"예쁘고 조립도 어렵지 않았어요. 택배 기사님께는 죄송했지만 커다란 박스에 꼼꼼히 포장되어서 왔답니다. 바구니, 라이트 풀옵션이라 너무 만족스러워요.",5,1,부정
jski****,2021-06-04T12:04:14.232+00:00,자전거: 02.삼천리 메이비20 / 컬러: 라이트핑크(바구니포함),배송빠르고 좋아요!!,5,1,부정
chwo***,2021-05-10T05:30:45.365+00:00,자전거: 01.삼천리 카라 / 컬러: 다크민트(바구니포함),"탈만하면 비오고 요즘 비가자주오내여 
다들 안전히 즐기세요~ 

제품은 곻습니다",4,1,부정
real****,2021-04-24T04:03:46.692+00:00,자전거: 01.삼천리 카라 / 컬러: 다크민트(바구니포함),"4학년 아이 어린이날 선물로 미리주문 했어요
민트색도 예쁘고 조립도 생각보다 쉬워요
약간 무거운게 단점^^",4,1,긍정
youn*****,2021-06-03T06:10:40.972+00:00,자전거: 01.삼천리 카라 / 컬러: 다크민트(바구니포함),잘타고있어요..많이파세요..,5,1,부정
cari****,2021-04-22T04:37:23.853+00:00,자전거: 02.삼천리 메이비20 / 컬러: 라이트핑크(바구니포함),예쁘고 저렴하네요 그런데 아이들 용인데 체인 커버가없어서 좀 그래요 그리고 보조바퀴 달고 싶은데 너무 꽉 조여 놓으셔서 풀고 조립할 수가 없네요...ㅠㅠ,5,1,부정
gota***,2021-04-12T13:55:39.034+00:00,자전거: 03.삼천리 화이트라벨 / 컬러: 화이트,"초등고학년 큰아이 생일선물로 구입했어요
타고다니던 자전거는 24인치였는데
인치작은 접이식을 갖고 싶다고 해서 사주었어요
너무좋아하니 저도 덩달아 기분이 좋았답니다
빠른배송 너무 감사합니다",5,1,긍정
ghkf*****,2021-05-12T06:49:56.897+00:00,자전거: 03.삼천리 화이트라벨 / 컬러: 화이트,이뽀여 생각보다가벼워용 ㅋㅋ,5,1,긍정
psyc****,2021-05-02T02:29:16.793+00:00,자전거: 02.삼천리 메이비20 / 컬러: 라이트핑크(바구니포함),역시 저렴하게 잘샀어요 조립이 좀 힘들었지만 만족해요,4,1,긍정
kimp*******,2021-05-12T09:40:37.913+00:00,자전거: 04.삼천리 로시난테 / 컬러: 네이비,조립도 쉽고 아이들이 좋아해요,4,1,부정
km****,2021-05-21T14:50:22.267+00:00,자전거: 01.삼천리 카라 / 컬러: 다크민트(바구니포함),배송이 빠르고 상품이 맘에들어요. 자전거가 예뻐요.,5,1,긍정
hoje*******,2021-05-21T00:49:45.120+00:00,자전거: 01.삼천리 카라 / 컬러: 다크블루(바구니포함),"초2  타려고 샀어요
크기도 잘맞고 색상도 예쁘네요 
큰애는 민트사서 잘타고있어서 재구입했어요",5,1,부정
mich********,2021-04-30T01:15:19.178+00:00,자전거: 01.삼천리 카라 / 컬러: 다크블루(바구니포함),잘 타고있어요. 여전히 예쁘고 튼튼하고 좋아요 다만 오르막길에 무거워요.  좀 더 능숙하게 탈 수 있을 때는 그런 부분까지 고려해서 가벼운 자전거로 구매하려고요. 하지만 입문자들에게는 비용 디자인 성능 다 만족스러워요. 번창하세요,5,1,부정
math****,2021-05-14T06:35:18.077+00:00,,저렴한 가격에 잘 샀습니다. 다만 접는 레버가 안쪽에 숨겨져 있어서 조립하는데 애먹었네요. 다른건 다 마음에 듭니다.,4,1,부정
love****,2021-05-10T01:14:28.751+00:00,자전거: 02.삼천리 메이비20 / 컬러: 민트(바구니포함),배송도 생각보다 빨리왔고 조립도 어렵지 않았어요. 근데 설명서가 모르겠어서 네이버검색해서 찾아봤네요 키작 초5  너무 좋아합니다~,5,1,긍정
nhjs***,2021-05-31T06:26:35.257+00:00,자전거: 03.삼천리 화이트라벨 / 컬러: 블랙,아이한테 아직크긴하지만 이쁘네요,5,1,긍정
carr******,2021-04-30T08:03:54.276+00:00,자전거: 01.삼천리 카라 / 컬러: 다크민트(바구니포함),"배송도 빠르고
조립도 어렵지 않아요

부속이 파손되어 왔는데
조치도 빠르고 깔끔하게 해줬어요

아이들용으로는 다소 무겁고
길지만 잘 타네요",5,1,부정
sesz***,2021-05-04T00:36:45.434+00:00,자전거: 04.삼천리 로시난테 / 컬러: 네이비,페달 접다가 프레임 눌렀는데 움푹 들어가서 깜짝 놀랬어요 ㄷ ㄷ 내구성 약한 것 같습니다,3,1,긍정
yout*******,2021-02-24T13:15:46.976+00:00,자전거: 02.삼천리 메이비20 / 컬러: 라이트핑크(바구니포함),"배송빨라요. 박스안에 케이블타이등으로 묶이고, 보호판?도 끼워져서 움직이지않고 문제없이 잘왔네요!!

여자혼자 조립하기 전혀 힘들고 어렵지않아서, 조립 후 바로 나가서 아이들 태웠어요^^*

바구니한개가 찌그러져서왔는데 바로 새 상품으로보내주셔서 다시받았습니다.
그런데 타다보니 자전거가 넘어지면 바구니기 쉽게 찌그러지긴하는데, 반대로 쉽게 펴지기도하구요^^.

작은 문제라면)) 
바구니 스트랩 길이가 두개가 달랐고, 모두 너무 짧아서 고정시키지는 못하다보니, 넘어질때 바구니가 떨어지기도했네요^^;;

자전거색상은 화면보다 실물이 더 예쁜것같아요!!^^
키 123,127아이들 안장,핸들 모두 제일 낮게해서 주말부터 잘타고 있습니다!!",4,1,긍정
godd***,2021-05-07T20:34:44.517+00:00,자전거: 01.삼천리 카라 / 컬러: 다크블루(바구니포함),가성비 좋아요. 만족해요,5,1,부정
kms0****,2021-04-24T14:22:20.355+00:00,자전거: 03.삼천리 화이트라벨 / 컬러: 화이트,"가격과 실용성 모두 만족합니다

집에서 조립하는데 5분도 안 걸리더라구요

무게는 좀 무겁습니다",5,1,부정
gn****,2021-05-26T17:01:37.332+00:00,자전거: 01.삼천리 카라 / 컬러: 다크민트(바구니포함),2학년 두발자전거 마스터후 구입하게 됐습니다 아주~만족합니다,5,1,부정
free******,2021-04-21T05:19:15.907+00:00,자전거: 01.삼천리 카라 / 컬러: 다크민트(바구니포함),125cm 이상 키부터 탈수 있을듯 합니다. 자전거는 무거운 편이지만 접이식이라 접어서 차에 싣고 공원 데려가서 태우기 좋네요.,4,1,부정
anil*********,2021-05-13T11:26:06.830+00:00,자전거: 02.삼천리 메이비20 / 컬러: 민트(바구니포함),"상품은 괜찮았는데,주문한지 거의 10일만에 배송받았어요. 배송 1:1문의 두번이나 했는데, 마치 AI 답변같은 똑같은 답변만 와서 오늘도 안오면 취소해야지 했는데. 왔어요.",3,1,긍정
yj00*****,2021-04-23T01:55:48.854+00:00,자전거: 02.삼천리 메이비20 / 컬러: 라이트핑크(바구니포함),"이쁘네요~키 123정돈데 안장 젤 낮춰서 타니 맞네요. 뒤에 동생도 태우고 탈수있어 좋더라구요
엄마인 저도 탈수있어서 좋습니다~",5,1,긍정
miss******,2021-05-03T03:12:45.726+00:00,자전거: 02.삼천리 메이비20 / 컬러: 라이트핑크(바구니포함),"어린이날개봉하려고 아직안뜯었어요
배송 빠르네요  며칠후에개봉하고 한달리뷰남길게요",5,1,긍정
ring*****,2021-04-30T13:02:35.139+00:00,자전거: 01.삼천리 카라 / 컬러: 다크민트(바구니포함),색상도예쁘고 조립도금방했어요 아이가좋아합니다.,5,1,긍정
hugo****,2021-06-06T02:19:53.171+00:00,자전거: 01.삼천리 카라 / 컬러: 다크블루(바구니포함),완전좋아딱좋아아주좋아,5,1,긍정
hj****,2021-05-03T01:43:10.232+00:00,자전거: 01.삼천리 카라 / 컬러: 다크블루(바구니포함),울 아들의 첫 자전거인데 사주길 잘했고 아들도 바구니 달린걸 원해서 골랐는데 대만족~,5,1,긍정
hjm6***,2021-05-05T15:40:21.875+00:00,자전거: 01.삼천리 카라 / 컬러: 다크블루(바구니포함),자전거 우리 아이들이 체격에도 잘 맞고 조립도 쉽고 좋아요~,5,1,부정
sofi***,2021-04-24T00:31:20.103+00:00,자전거: 02.삼천리 메이비20 / 컬러: 라이트핑크(바구니포함),배송에서 약간 문제는 있었지만 자전거는 가격대비 좋은 것 같아요! 만족합니다^^,5,1,부정
mcju******,2021-05-05T11:46:03.019+00:00,자전거: 01.삼천리 카라 / 컬러: 다크블루(바구니포함),"사진이랑 똑같아서 사진 일부만 올립니다ㅎ..
좋아요~^^",5,1,부정
pomn*****,2021-05-20T05:50:32.236+00:00,자전거: 01.삼천리 카라 / 컬러: 다크민트(바구니포함),가격대비 대만족입니다 좀 작은 따릉이를 타는 것 같아요,5,1,긍정
duhe*****,2021-04-29T13:31:07.839+00:00,자전거: 01.삼천리 카라 / 컬러: 다크블루(바구니포함),"조립편하고좋아요!저렴하고배송빨라요.
좀무거운편이네요",5,1,긍정
cjw4***,2021-05-10T05:24:22.628+00:00,자전거: 01.삼천리 카라 / 컬러: 다크민트(바구니포함),"예쁘구 튼튼해요
아이가 넘 좋아하는데
조립할때 힘든게 있었어요
설명서도 넘 간단히 되어있구
브레이크도 헐겁게 조여져있어서
별한개 뺏네용",4,1,긍정
go****,2021-05-03T00:52:46.252+00:00,자전거: 04.삼천리 로시난테 / 컬러: 네이비,튼튼하고 좋아요 실물으 훨씬 예뻐요,5,1,긍정
el****,2021-05-02T11:25:41.586+00:00,자전거: 02.삼천리 메이비20 / 컬러: 라이트핑크(바구니포함),"색상도 너무예뻐요
아직은 좀크지만
연습하면돼요",5,1,부정
ms****,2021-04-11T05:01:58.227+00:00,자전거: 02.삼천리 메이비20 / 컬러: 라이트핑크(바구니포함),좋아요~!  단지 보조바퀴 조립할때 공구가 필요합니다~,5,1,부정
altk***,2021-05-11T02:02:57.673+00:00,자전거: 04.삼천리 로시난테 / 컬러: 네이비,가격대비 진짜 잘 나왔음,5,1,부정
vivi****,2021-04-14T12:42:38.127+00:00,자전거: 01.삼천리 카라 / 컬러: 다크블루(바구니포함),"색이 너무나 이쁩니다~~
이제 막 자전거 배우는 아이 차안에 접어넣고 공원가서 타기 딱 좋아요~~
아직 시승전이고 전시만 해놨지만 주말엔 나가볼생각입니다~~^^",4,1,긍정
ji_n*****,2021-05-03T06:24:08.482+00:00,자전거: 02.삼천리 메이비20 / 컬러: 민트(바구니포함),"배송빠르고 넘이뻐요~
 초3 자전거 바꿔줬습니다~~",5,1,긍정
appl******,2021-05-28T09:05:21.030+00:00,자전거: 01.삼천리 카라 / 컬러: 다크블루(바구니포함),스크래치가있고 배송도5일이나걸렸네요,4,1,부정
hiso******,2021-05-28T09:26:23.410+00:00,자전거: 01.삼천리 카라 / 컬러: 다크블루(바구니포함),조립할 것도 없이 펴서 바로 탈 수 있고 아이가 질 타요,5,1,긍정
da_l*****,2021-03-10T01:42:55.937+00:00,자전거: 03.삼천리 화이트라벨 / 컬러: 화이트,평소에 큰 자전거를 타다가 이번에 고장나는 바람에 접이식 자전거가 매력적이라 구매를 했는데요! 조립은 집에서 하시지 마시고 자전거매장가서 조립비내고 꼭 받으세요! 매장에서 초보자가 할 수 없는 부분까지 나사 하나하나 다 잡아주십니다 :) 다만 오르막길 오를 때 힘든 부분은 있네요 .... 그리고 매장에서 전문가분이 그러시길 이 바퀴는 약해서 일주일 단위로 바퀴 바람을 채워야한다고 하셨어요! 자전거 펌프 사려구요 저는 ㅎㅎ,4,1,부정
12dl******,2021-05-09T02:28:29.469+00:00,자전거: 01.삼천리 카라 / 컬러: 다크블루(바구니포함),완전좋앗습니다. 굿입니다.,5,1,부정
cute*****,2021-04-30T01:41:33.720+00:00,자전거: 02.삼천리 메이비20 / 컬러: 라이트핑크(바구니포함),딸아이 보조바퀴뗀기념으로새자전거샀어요ㅋ엄청좋아하네요,5,1,부정
uy****,2021-05-05T09:45:41.586+00:00,자전거: 01.삼천리 카라 / 컬러: 다크블루(바구니포함),조립도 쉽게 했고 동네 마실 나갈때 잘 쓰고 있어요,5,1,긍정
xx****,2021-05-01T02:35:47.622+00:00,자전거: 01.삼천리 카라 / 컬러: 다크블루(바구니포함),"4학년딸 어린이날선물로 두번째 자전거로
사줬는데 딱입니다 10년은 탈듯합니다
조립도 5분완성.",5,1,긍정
hc****,2021-06-01T01:53:42.317+00:00,자전거: 01.삼천리 카라 / 컬러: 다크블루(바구니포함),"빠른배송!!!
가성비갑입니다",5,1,부정
ljy8***,2021-05-03T01:40:37.086+00:00,자전거: 01.삼천리 카라 / 컬러: 다크민트(바구니포함),튼튼하고 이뻐요. 초2가 타기엔 좀 크고 무겁네요,5,1,부정
ggak****,2021-04-29T12:21:07.306+00:00,자전거: 01.삼천리 카라 / 컬러: 다크블루(바구니포함),자전거가 이뿌고 색상도 고급지고 튼튼라고 조립도 엄청 쉬워요..,5,1,긍정
dica****,2021-05-10T08:17:52.187+00:00,자전거: 03.삼천리 화이트라벨 / 컬러: 화이트,저렴하게 잘 구매했습니다~,5,1,긍정
s159***,2021-04-09T04:25:39.491+00:00,자전거: 04.삼천리 로시난테 / 컬러: 네이비,조립이라 좋은데 손잡이가 좀 휜 것 같은 느낌이...ㅜㅜ 그래도 적응되니 괜찮네요 ㅎ 사기전에 고민해보셔야 할 것 같아요,2,1,긍정
boya****,2021-05-26T01:19:23.886+00:00,자전거: 01.삼천리 카라 / 컬러: 다크블루(바구니포함),아들이 좋아하네요.. 괜찮습니다....,4,1,긍정
chou********,2021-04-14T23:54:08.625+00:00,자전거: 02.삼천리 메이비20 / 컬러: 민트(바구니포함),조립하고 타려고 했는데 잘 되지 않아서 자전거포 가서 물어봤더니 출고하기 전에 제대로 조여서 보내지 않았다네요&hellip; 2만원 추가비용 들었어요&hellip; 이럴거면 집주변에서 사면 되는데 좀 저렴하다고 인터넷에서 샀다가 시가낭비가 심했네요&hellip;,1,1,긍정
hjy0***,2021-04-25T01:06:17.765+00:00,자전거: 01.삼천리 카라 / 컬러: 다크블루(바구니포함),"조립은 정말 간단함
박스랑 테이프 뜯는게 조립보다 더 오래걸림
바구니는 생각보다 작아서 큰걸로 다시 달았음",5,1,부정
micj***,2021-05-07T14:30:54.090+00:00,자전거: 02.삼천리 메이비20 / 컬러: 라이트핑크(바구니포함),상품도 배송도 다 마음에 들어요^^,5,1,긍정
mini****,2021-05-11T02:54:45.488+00:00,자전거: 02.삼천리 메이비20 / 컬러: 라이트핑크(바구니포함),어머니 사드렸는데 좋아하세요,5,1,긍정
oper****,2021-05-31T03:42:38.730+00:00,자전거: 02.삼천리 메이비20 / 컬러: 민트(바구니포함),딸이 너무 좋아라함,5,1,부정
shje****,2021-05-08T01:01:42.163+00:00,자전거: 02.삼천리 메이비20 / 컬러: 라이트핑크(바구니포함),배송도 빠르고 좋아요~,5,1,부정
sinb******,2021-05-13T10:09:05.967+00:00,자전거: 03.삼천리 화이트라벨 / 컬러: 화이트,가성비 좋네요 굿굿,4,1,부정
na52****,2021-05-11T09:22:37.475+00:00,자전거: 01.삼천리 카라 / 컬러: 다크블루(바구니포함),출퇴근용으로 잘 타고 다녀요♡,5,1,긍정
alsn****,2021-05-07T03:15:39.310+00:00,자전거: 04.삼천리 로시난테 / 컬러: 네이비,"배송 빠르게 왔고 잘받아서 조립 곰방 했어요 (남편이함 ㅋㅋ) 
내일이주말인데 날이 좋으면 당장 타러갈거에요 
여러분 한강에서 봐요~~~~~ 
불안불안하게 로시난테를 운전하고 있으면 저일거에요...",5,1,부정
prem*****,2021-05-28T22:18:30.733+00:00,자전거: 01.삼천리 카라 / 컬러: 다크민트(바구니포함),편리하고 색상이 예쁘네요,5,1,부정
7519***,2021-05-16T03:22:39.459+00:00,자전거: 02.삼천리 메이비20 / 컬러: 라이트핑크(바구니포함),아이가 너무좋아하네요 핑크색깔도 이쁘고요,4,1,긍정
nigi*****,2021-03-20T04:53:25.589+00:00,자전거: 02.삼천리 메이비20 / 컬러: 라이트핑크(바구니포함),"포장을 뜯고 조립하는 중에 브레이크선의 피복이 찢겨있음. 아무리 생각해도 절단면을 봤을 때 배송중에 일어난 일이라고 생각할 수 없음. 상품 보낼 때 제대로 검수도 안 하는지.. 이 정도로 반품하기도 그래서 그냥 테이프 감아서 쓰려고 함. 매장에서 구매했더라면 하자있는 상품은 절대 사지 않겠지만, 상품 상태를 볼 수 없는 인터넷쇼핑의 맹점이라고 생각하고 아쉬운대로 딸아이에게 양해를 구하고 태우려고 함. 상품 출고 전 판매자는 상품의 상태를 철저히 검수하여 판매바람",2,1,긍정
blis****,2021-04-04T07:37:20.886+00:00,자전거: 01.삼천리 카라 / 컬러: 다크민트(바구니포함),"자전거가 무겁긴하네요 들고 매일 계단을 내려갈 생각을하니 벌써힘드네요ㅎㅎ하지만 아이가 너무 좋아합니다 배송도 빠르고 만족합니다 배송중에 리뷰처럼 바구니가 좀 찌그러져왔지만 손으로피니 펴지네요,,",5,1,부정
sw****,2021-05-06T04:18:15.454+00:00,자전거: 04.삼천리 로시난테 / 컬러: 네이비,바퀴 터져서 삼천리 매장 가니깐 왜 이렇게 안좋은거 샀냐고...,3,1,긍정
yk****,2021-04-28T08:22:06.322+00:00,자전거: 02.삼천리 메이비20 / 컬러: 라이트핑크(바구니포함),"배송 빠르고 조립도 쉽습니다
초2  딸이 너무 좋아하네요",4,1,긍정
ggak****,2021-04-29T12:20:13.357+00:00,자전거: 04.삼천리 로시난테 / 컬러: 네이비,자전거가 무척 고급지네요..조립도 쉬워요,5,1,긍정
pesq***,2021-03-31T06:26:29.122+00:00,자전거: 04.삼천리 로시난테 / 컬러: 네이비,"키 190정도가 탔는데
길이감 이라던지 전혀 문제 없었어요
자전거도 튼튼하고 조립도 쉬웠어요
시승하러 한강까지 나갔는데
타이어에 공기주입을 조금더 하니
승차감이 좋았어요
앞바퀴 빗물받이 거꾸로 조립한건
안비밀ㅋㅋ 
이왕 구매하는거 자전거 번호키 까지 
구매하는걸 강추해요",5,1,긍정
josj****,2021-05-10T02:40:56.119+00:00,자전거: 02.삼천리 메이비20 / 컬러: 민트(바구니포함),빠르게 오고 결합하기 쉬워요,5,1,긍정
ro73*****,2021-05-03T05:23:44.624+00:00,자전거: 02.삼천리 메이비20 / 컬러: 민트(바구니포함),배송도 빠르고 제품은 그냥 그래요,4,1,긍정
llxz*****,2021-05-07T04:51:11.100+00:00,자전거: 03.삼천리 화이트라벨 / 컬러: 블랙,배송도빠르고 잘받았습니다,5,1,부정
ansd***,2021-04-12T07:12:24.018+00:00,자전거: 01.삼천리 카라 / 컬러: 다크블루(바구니포함),"색 넘  맘에들어요 튼튼하고 안장 핸들 조립도 어렵지 않습니다.

다만 바구니가 고정이 너무 허술해요 다른 바구니 사서 해야할듯해요

벨이랑 라이트? 반사판? 달려있는거 너무 감사하네요 ㅎㅎ

잘타겠습니다.",5,1,부정
qj****,2021-05-25T02:50:30.486+00:00,자전거: 03.삼천리 화이트라벨 / 컬러: 화이트,안장 커버는 괜찮은거 같음,4,1,부정
wkdt*****,2021-05-08T09:00:43.432+00:00,자전거: 02.삼천리 메이비20 / 컬러: 라이트핑크(바구니포함),9살 여아가 타기 좋으네요,5,1,부정
2004***,2021-03-26T05:07:42.513+00:00,자전거: 02.삼천리 메이비20 / 컬러: 라이트핑크(바구니포함),"할머니께 새 자전거를 선물해드렸는데 말로는 싫다고 하시지만 좋아하는 마음을 감추시진 못하시네요 ㅎㅎ
할머니가 좋아하셔서 저도 좋습니다 ㅎㅎ
할머니도 소녀의 마음으로 돌아가서 분홍색 자전거를 타고 운동 열심히 하셨으면 좋겠어요 감사합니다❤️",5,1,긍정
spgo***,2021-06-01T14:34:59.074+00:00,자전거: 01.삼천리 카라 / 컬러: 다크블루(바구니포함),딸아이가 잘탑니다!,5,1,긍정
4som*****,2021-05-13T05:53:43.121+00:00,자전거: 04.삼천리 로시난테 / 컬러: 네이비,일단 자전거가 이쁘고 귀엽습니다. 미니벨로 답구요. 속도는 안나지만 매우 타기 쉽습니다.,5,1,부정
sofi***,2021-04-24T00:32:54.756+00:00,자전거: 01.삼천리 카라 / 컬러: 다크블루(바구니포함),"배송이 순차적으로 되어서 아이들에게 속상한 일이 생겼었지만, 지금은 만족하고 잘 타고 다녀서 기쁩니다!^^",5,1,부정
ling*******,2021-05-06T10:37:43.984+00:00,자전거: 01.삼천리 카라 / 컬러: 다크민트(바구니포함),배송도 빠르고 좋아요^^,5,1,부정
choi****,2021-05-07T13:42:12.195+00:00,자전거: 01.삼천리 카라 / 컬러: 다크블루(바구니포함),"1.배송이 빠르다
2.조립이 쉽다
3.다만 설명서가 없어서 처음에는 좀 헤멘다
설명서가 있으면 좋겠어요
상품자체 및 배송은 좋아요",4,1,부정
juho****,2021-04-30T01:16:05.579+00:00,자전거: 01.삼천리 카라 / 컬러: 다크민트(바구니포함),선물했는데 좋아하네요 실물이 더 이쁘네요,4,1,긍정
wori*******,2021-06-02T00:00:46.566+00:00,자전거: 03.삼천리 화이트라벨 / 컬러: 화이트,잘 타고 있습니다.,5,1,긍정
hael****,2021-05-31T12:24:51.940+00:00,자전거: 01.삼천리 카라 / 컬러: 다크블루(바구니포함),이쁘고 잘 나갑니다,5,1,긍정
nasl*****,2021-05-04T00:34:41.725+00:00,자전거: 04.삼천리 로시난테 / 컬러: 네이비,"저렴하고 배송도 빠르고 물건도 하자없었습니다
조립하고 브레이크 이런것도 별도 조정없이 잘 됐고요. 다만 후반반사판 다는 자리가 있는데 원래 없는건지 빠진건지 판사판이 없어서 못달았습니다",5,1,긍정
carb****,2021-05-20T23:19:13.785+00:00,자전거: 04.삼천리 로시난테 / 컬러: 네이비,"배송 빨리 잘 받았고,조립도 생각보다 쉬웠어요.",5,1,부정
smil********,2021-04-28T12:48:06.703+00:00,자전거: 02.삼천리 메이비20 / 컬러: 민트(바구니포함),포장 깔끔하게 잘 왔구요 민트색 이쁘네요 초3딸아이가 정말 맘에 들어하네요 생각보다 무게는 좀 나가서 별한개 뺐어요~,4,1,긍정
newc***,2021-05-06T11:44:15.140+00:00,자전거: 02.삼천리 메이비20 / 컬러: 민트(바구니포함),처음 구매했는데 좋아요,5,1,부정
aa****,2021-06-01T03:43:15.352+00:00,자전거: 02.삼천리 메이비20 / 컬러: 라이트핑크(바구니포함),가성비 최고네요~~~~~~~~,5,1,부정
bora****,2021-04-26T05:54:17.697+00:00,자전거: 01.삼천리 카라 / 컬러: 다크블루(바구니포함),"가격ㄷ가만족입니다^^잘타겠습니다..
조립하는것도간단합니다",5,1,긍정
sb****,2021-05-23T00:41:16.331+00:00,자전거: 02.삼천리 메이비20 / 컬러: 라이트핑크(바구니포함),가격대비 좋은자전거입니다,4,1,부정
lee0*****,2021-05-03T08:30:46.113+00:00,자전거: 02.삼천리 메이비20 / 컬러: 라이트핑크(바구니포함),색상도..배송도 모두 맘에 들어요^^,5,1,긍정
y007***,2021-05-05T00:25:03.166+00:00,자전거: 01.삼천리 카라 / 컬러: 다크블루(바구니포함),"초등 3 딸 어린이날 선물
간단한 조립",5,1,부정
roob***,2021-04-26T16:18:55.532+00:00,자전거: 03.삼천리 화이트라벨 / 컬러: 화이트,차에 넣고 다니는 용도로 굿 사실 안장은 엉덩이가 너무 아파서 커버를 사서 씌웠다 미니벨로 너무 작아서 이상하다 생각했는데 안장도 핸들도 높고 안정감 있고 무엇보다 예쁨 많이 사랑해 주겠음,5,1,긍정
carb****,2021-05-20T23:18:54.542+00:00,자전거: 01.삼천리 카라 / 컬러: 다크민트(바구니포함),"생각보다 조립도 쉬웠고, 배송도 빨리 잘 받았어요.",5,1,긍정
saha********,2021-04-30T09:12:45.926+00:00,자전거: 01.삼천리 카라 / 컬러: 다크블루(바구니포함),"68세 엄마께서 타신다고 사드렸는데 좋아하세요.
안전하게 오래 탈수 있으면 좋겠어요.",5,1,부정
zozo****,2021-06-18T02:09:00.493+00:00,자전거: 03.삼천리 화이트라벨 / 컬러: 블랙,너무너무너무 친절합니다,3,1,긍정
kimu*****,2021-04-18T06:17:17.392+00:00,자전거: 02.삼천리 메이비20 / 컬러: 라이트핑크(바구니포함),"자전거가 이쁘네요.
즤집 둘째딸래미가 엄청좋아해요.
그런데 무게가 쫌 무거운거ㅃㅐ고는 
만족해요.",4,1,긍정
dmla******,2021-04-01T01:32:36.846+00:00,자전거: 01.삼천리 카라 / 컬러: 다크민트(바구니포함),"일단 배송이 빨라 좋네요.
바로 박스 뜯어 꺼내보고 아이가 엄청좋아했네요~
컬러도 너무 맘에들어하구요~
다만 앞바구니가 찌그러져와서 좀 속상했는데 바로교환해주신다니 다행입니다.",5,1,긍정
lgkt****,2021-05-14T11:35:52.693+00:00,자전거: 04.삼천리 로시난테 / 컬러: 네이비,자전거 상태 좋네요 위험할까봐 자전거 전문점 가서 조립하고 시승까지 했네요 안전하게 잘탈게요,5,1,부정
lks8***,2021-05-24T12:06:54.524+00:00,자전거: 03.삼천리 화이트라벨 / 컬러: 화이트,좋아요좋아요좋아요ㅎ,5,1,부정
hang*****,2021-06-13T10:59:43.551+00:00,자전거: 02.삼천리 메이비20 / 컬러: 라이트핑크(바구니포함),좋아요 좋아요 좋아요,5,1,긍정
gimm***,2021-05-07T01:09:41.383+00:00,자전거: 01.삼천리 카라 / 컬러: 다크블루(바구니포함),스틸은 무겁다고 해서 좀 걱정했는데 전혀 괜찮아요. 자전거 들일이 별로 없어서요. 전 매우 만족입니다.,5,1,부정
mb****,2021-04-24T21:30:18.334+00:00,자전거: 01.삼천리 카라 / 컬러: 다크블루(바구니포함),부모님용으로 구매했어요~ 안전하게 주행하실수만 있으면 좋겠습니다~,5,1,부정
i0****,2021-05-10T02:10:25.360+00:00,자전거: 02.삼천리 메이비20 / 컬러: 라이트핑크(바구니포함),딸아이가 너무좋아해요^^색상도 이쁘고 크기도 맞고자전거도 잘 나가네요~^^,4,1,부정
lee0*****,2021-05-03T08:32:07.513+00:00,자전거: 01.삼천리 카라 / 컬러: 다크블루(바구니포함),색상도 배송도 맘에 들어요~,5,1,긍정
carl*****,2021-04-16T08:17:53.317+00:00,자전거: 01.삼천리 카라 / 컬러: 다크민트(바구니포함),"아이태우려고 샀어요
조립도 생각보다 쉽고 핸들 조립을 몰라 연락드리니 유튜브 동영상 알려주셔서 보고 잘 설치했네요~ 잘 탈께요",5,1,부정
mkco******,2021-04-22T10:27:59.511+00:00,자전거: 01.삼천리 카라 / 컬러: 다크블루(바구니포함),3학년 우리 아들 좋아하네요~~봄이라 꽃가루땜에ㅜㅜ좀 지나고 괜찮아지면 달릴려구요~~^^,5,1,부정
mini****,2021-05-02T09:53:24.252+00:00,자전거: 01.삼천리 카라 / 컬러: 다크블루(바구니포함),짧은거리에 타고다니기 좋아요,4,1,긍정
lj****,2021-04-17T03:50:13.082+00:00,자전거: 01.삼천리 카라 / 컬러: 다크블루(바구니포함),"가볍고 작아서 차에 넣고 다니기 좋아요
부모님 선물로 드렸는데 좋아하십니다",5,1,부정
su****,2021-05-04T12:17:52.040+00:00,자전거: 02.삼천리 메이비20 / 컬러: 라이트핑크(바구니포함),색깔이 너무 예쁘네요,4,1,부정
kmj5***,2021-05-06T00:59:59.737+00:00,자전거: 01.삼천리 카라 / 컬러: 다크블루(바구니포함),"가성비 최고인거같아요~
 무겁고 접는것도 힘들지만 가볍고 잘 되는것은
가격이 그만큼 +@ 될것이니~ 정말 좋습니다.",5,1,부정
pigh******,2021-04-28T05:44:38.645+00:00,자전거: 04.삼천리 로시난테 / 컬러: 네이비,빠른 배송과 자전거 제품 결함 없이 잘 받았습니다. 잘 타고 다닐게요!,5,1,부정
seco********,2021-05-01T03:55:18.191+00:00,,빠른 배송 넘모 감사합니다.,5,1,긍정
feel********,2021-04-20T11:33:15.643+00:00,자전거: 01.삼천리 카라 / 컬러: 다크민트(바구니포함),"초1이라 장만했는데 예쁜데 처음 타기엔아이용보단 힘들겠네요
오래탈려면 맞겠지만 좀 큰 느낌이네요",5,1,부정
ismi****,2021-06-09T05:21:03.346+00:00,자전거: 02.삼천리 메이비20 / 컬러: 민트(바구니포함),좋아요 괜찮아요 맘에들어요,5,1,부정
ligh********,2021-04-23T05:30:49.841+00:00,자전거: 04.삼천리 로시난테 / 컬러: 네이비,조립도 쉽고 만족해요 아이가 좋아해요,5,1,긍정
plus****,2021-05-19T08:23:42.909+00:00,자전거: 01.삼천리 카라 / 컬러: 다크민트(바구니포함),생각보다 무게가 있어서 아이가 타기에 조금 버거워요,3,1,긍정
oe****,2021-04-29T05:22:52.131+00:00,자전거: 01.삼천리 카라 / 컬러: 다크민트(바구니포함),배송도 빠르고 제품이 안전하게 도착했어요,5,1,부정
60****,2021-05-18T13:24:19.120+00:00,자전거: 01.삼천리 카라 / 컬러: 다크블루(바구니포함),좋아요좋아요좋아요좋아요,5,1,부정
nv****,2021-05-01T01:51:05.703+00:00,자전거: 02.삼천리 메이비20 / 컬러: 민트(바구니포함),빠른배송 및 쉬운 조립 만족합니다~,5,1,긍정
kimk*******,2021-04-13T10:15:14.320+00:00,자전거: 01.삼천리 카라 / 컬러: 다크민트(바구니포함),배송이 빠르고 자전거도 기스없이 잘포장되어왔네요,5,1,긍정
sjfk*****,2021-05-13T10:41:45.879+00:00,자전거: 04.삼천리 로시난테 / 컬러: 네이비,곧 중학생 되는 동생이 정말 좋아해요 잘 타고 다니네요,5,1,긍정
wnda*****,2021-05-09T03:15:22.809+00:00,자전거: 02.삼천리 메이비20 / 컬러: 라이트핑크(바구니포함),"어머니가 시골에서 탈려고 샀어요ㅎㅎ 
시골이란 장소라서 그런지 배송은 3일 정도 걸렸구요
그거 외에는 물건은 이상없고 좋내요",5,1,부정
puru****,2021-06-13T00:57:43.939+00:00,자전거: 03.삼천리 화이트라벨 / 컬러: 화이트,괜찮아요 괜찮아요.,5,1,부정
pigh******,2021-04-28T05:45:45.725+00:00,자전거: 01.삼천리 카라 / 컬러: 다크민트(바구니포함),빠른 배송과 제품 결함 없이 잘 받았습니다. 잘 타고 다닐게요.!,5,1,부정
ssca***,2021-05-02T01:10:45.890+00:00,자전거: 01.삼천리 카라 / 컬러: 다크블루(바구니포함),배송 빠르고 상품 좋습니다,5,2,부정
ssca***,2021-05-02T01:09:51.311+00:00,자전거: 02.삼천리 메이비20 / 컬러: 민트(바구니포함),배송 빠르고 상품 좋습니다,5,1,긍정
msxa******,2021-04-14T00:07:44.444+00:00,자전거: 01.삼천리 카라 / 컬러: 다크블루(바구니포함),"배송시 살짝 기스가 있지만 대체로 가성비가 좋은 제품입니다.
혹시 몰라서 자전거대리점에서 체인에 기름 바르고 점검 받았습니다.
사용설명서가 제품과 맞지 않아서 간단한 프린트물이라도 넣어서
보내주시면 좋을 것 같습니다.",4,1,긍정
xofl*****,2021-04-27T06:16:44.048+00:00,자전거: 01.삼천리 카라 / 컬러: 다크블루(바구니포함),"생각 보다 실물이 훨씬 이쁘고
튼튼하네요!!",5,1,부정
samt****,2021-05-17T12:15:24.272+00:00,자전거: 01.삼천리 카라 / 컬러: 다크블루(바구니포함),애기가.편한 구조로 좋아요,5,1,긍정
duhe*****,2021-04-29T13:31:45.919+00:00,자전거: 04.삼천리 로시난테 / 컬러: 네이비,배송빠르고조립편한데 좀무거워요,5,1,부정
kp****,2021-05-17T09:24:27.836+00:00,자전거: 03.삼천리 화이트라벨 / 컬러: 화이트,좋아요 잘타고있습니다,5,1,긍정
jang****,2021-04-13T10:36:43.987+00:00,자전거: 02.삼천리 메이비20 / 컬러: 라이트핑크(바구니포함),"잘샀네요 
바구니가 약간 구겨졌지만 잘폈고
뒷바퀴에서 소리가 약간 나지만 만족합니다!",4,1,부정
aeyc***,2021-04-09T00:52:31.160+00:00,자전거: 02.삼천리 메이비20 / 컬러: 민트(바구니포함),딸아이가  11살인데 사이즈맞고 잘 타요.  배송도 빠르고  조립도 편리했어요.  아빠의 힘을 빌려 뚝딱.. 지금 날씨 자전거 타기 좋아요.,5,1,긍정
us****,2021-05-05T14:02:06.420+00:00,자전거: 01.삼천리 카라 / 컬러: 다크블루(바구니포함),초등2학년에게 잘 맞네요.,5,1,긍정
pjj6***,2021-05-04T00:59:55.874+00:00,,겉보기에는 튼튼하니 좋은것 같네요 배송도 빠르고 잘 사용하겠습니다,4,1,긍정
jych*****,2021-04-14T15:43:51.472+00:00,자전거: 01.삼천리 카라 / 컬러: 다크블루(바구니포함),색상 예쁘고 보조바퀴 달아서 애들타기 좋네요. 브레이크가 처음에 약간 안맞아서 동영상 찾아보고 조율해서 탔어요.,5,1,부정
mich********,2021-02-15T11:40:10.851+00:00,자전거: 01.삼천리 카라 / 컬러: 다크블루(바구니포함),"리뷰 도움을 많이 받아서 솔직  정성으로 리뷰 남겨봅니다. 
장점 :  1.가성비 좋고 현재까지 거의 매일 잘 타고 있습니다. 번창하세요~
2. 디자인 색상 사진과 동일하게 너무 예쁩니다. 보기에도 튼튼합니다. 
3. 사이트 운영자분 굉장히 친절하시고 매번  전화문의 문자문의 빠르게 응대해주셔서 문제발생시 안심했습니다. 감사합니다~

불편했던 점
별을 하나 뺀건 배송후 조율시 뒷바퀴에 구멍이 나서 새로 교체해야하는 불편함이 있었습니다. 
다만 판매자분껴 문의하니 배송시 상태 재확인이 어려워서 ( 판매 절차상 1차 확인 후 2차확인 )이런 경우가 아주  간혹 있다 했습니다.
판매자 분이 타이어 교체비용은 영수증 사진 보내드리고 비용 처리해주셔서 추가 비용손실 없이 잘 타고 있습니다.

저는 조율 비용을 자물쇠값(1만원 지불/ 타이어교체비용은  판매자분이 처리해주셨지만 조율비용은 구매자가 지불해야합니다. ) 으로 처리했지만 조율해주시는 분에 따라서 무료~ 2혹은3만원정도 지불해야하는 경우도 있다고 하네요. 완전 초보이고 주변에 조율해줄 사람 없다면 미리 자전거 오프라인 샵에 조율 비용 문의하시길 추천 합니다.

무겁다는건 리뷰로 알고 있었지만 생각보다 더 무겁게 느껴졌고 이 무게가 오르막 길 오르는데 힘이 더 드는것 같아서 연세 많으신 분들은 무릎에 무리가 갈 것 같아요.",4,1,부정
safe*****,2021-04-10T07:35:27.652+00:00,자전거: 04.삼천리 로시난테 / 컬러: 네이비,"설치편하고 배송도 좋았는데 앞바퀴 물받이가 휘어져있어서 4점입니다
다만 후처리가 맘에 들어서 만족은하네요",4,1,부정
pass********,2021-05-01T05:57:54.941+00:00,자전거: 01.삼천리 카라 / 컬러: 다크민트(바구니포함),색상도 이뿌고 조립하기도 편해요,5,1,부정
sm****,2021-04-28T08:07:29.003+00:00,자전거: 01.삼천리 카라 / 컬러: 다크블루(바구니포함),"애기때,초등학교들어가면사준다는걸안잊고잇더라고요",4,1,부정
007j*****,2021-05-09T07:06:47.628+00:00,자전거: 02.삼천리 메이비20 / 컬러: 민트(바구니포함),"딸이 완전 좋아해요
배송택배사는 문제가 많은거같네요
그거 빼곤 좋아요",4,1,긍정
road******,2021-05-22T11:16:30.289+00:00,자전거: 01.삼천리 카라 / 컬러: 다크블루(바구니포함),아이가 즐겁게 잘 타요,5,1,부정
qkrd*******,2021-05-04T15:45:12.009+00:00,,일단 이쁘네요 근데 간단한 조립인줄 알았는데 애 좀 먹었어요 설명서를 참고 하면 좋을 거 같아요 !~~~,4,1,부정
hd****,2021-05-20T23:29:08.557+00:00,자전거: 02.삼천리 메이비20 / 컬러: 민트(바구니포함),조립 편의성과 접이식임에도 견고합니다,5,1,부정
sw****,2021-03-31T14:18:41.738+00:00,자전거: 04.삼천리 로시난테 / 컬러: 네이비,"얼마 전에 제 지인도 샀는데 
물품 받았을 때 바퀴가 깨끗하고, 바퀴에 바람도 들어가있고,
사은품으로 주는 전조등도 있었는데
오늘 도착한 제 자전거의 바퀴는 누가 쓴 것 처럼 
지저분하고, 바람도 빠져있고 전조등은 없었어요...",3,1,긍정
hibl******,2021-05-03T10:46:19.281+00:00,자전거: 02.삼천리 메이비20 / 컬러: 라이트핑크(바구니포함),아이가 넘넘 좋아해요~^^,4,1,부정
chwo***,2021-04-07T04:38:43.436+00:00,자전거: 01.삼천리 카라 / 컬러: 다크민트(바구니포함),"잘받았습니다 큰건 손목이퍼서 일부로 작은모델오삿습니다(저는 남자잊니다)
남녀노소 누구나 쉽개 조립가능핮니다
바구니는 생각보다 작습니다 그게조금아쉽네여 
상품은 좋슺니다",4,1,부정
dder*****,2021-05-02T10:19:28.968+00:00,자전거: 01.삼천리 카라 / 컬러: 다크블루(바구니포함),가격대비훌륭합니다~,5,1,부정
lh****,2021-04-18T01:26:17.847+00:00,자전거: 01.삼천리 카라 / 컬러: 다크민트(바구니포함),"아이가좋아하구요
조립도신랑이 잘하네요
오늘한번타보려구요~",5,1,부정
ssy9*****,2021-04-19T01:50:22.780+00:00,자전거: 02.삼천리 메이비20 / 컬러: 라이트핑크(바구니포함),"가격대비완전만족합니다
키높이에조절가능해서넘좋네요",5,1,부정
dlsc****,2021-04-27T13:50:05.428+00:00,자전거: 02.삼천리 메이비20 / 컬러: 라이트핑크(바구니포함),포장이잘되어있네요  부분부분  꼼꼼히 잘해놓으셨네요  생각보다배송도 빠른거같네요   잘받아서너무좋넉요,5,1,부정
ligh********,2021-04-23T05:31:12.555+00:00,자전거: 01.삼천리 카라 / 컬러: 다크블루(바구니포함),만족해요 아이들이 좋아하네요,5,1,부정
dlwl********,2021-04-25T13:15:30.571+00:00,자전거: 01.삼천리 카라 / 컬러: 다크민트(바구니포함),"사이즈도 딱 맞고, 민트색 너무 이쁩니다",5,1,긍정
kimh*****,2021-05-17T10:53:42.619+00:00,자전거: 02.삼천리 메이비20 / 컬러: 라이트핑크(바구니포함),이뻐요.색상도좋아요.,5,1,부정
namk****,2021-04-30T13:22:09.692+00:00,자전거: 02.삼천리 메이비20 / 컬러: 라이트핑크(바구니포함),색감이 예쁘네요 ㅎ,5,1,긍정
roob***,2021-03-17T00:23:51.238+00:00,자전거: 03.삼천리 화이트라벨 / 컬러: 화이트,"자전거 아주 예뻐요 차에 넣고 다닐려고 구매했어요 다른 리뷰처럼 안장이 딱딱하고 충격흡수가 안되요 안장커버를 구매해서 조금은 나아졌지만 엉덩이가 아파요 그리고 페달이 한쪽밖에 안접히는게 맞나요? 둘다 안접혀서 보관할때 좀 불편해요 저는 레저용으로 구매한거지만 출퇴근용으로 구매하신다면 서스펜션이 있는걸로 구매해야 될듯하네요
다른점들은 다 알고 구매한거라 대체로 만족해요 페달 안접히는것만 빼구요",4,1,긍정
samp*****,2021-05-11T05:01:28.465+00:00,자전거: 02.삼천리 메이비20 / 컬러: 민트(바구니포함),색도 예쁘고 접히니까 차에 싣고 다니기 좋네요,5,1,부정
drea*******,2021-04-20T12:20:20.748+00:00,자전거: 04.삼천리 로시난테 / 컬러: 네이비,좋아요 이쁘고 근데 중간에 한번 고장나서 돈주고 수리..,5,1,부정
mkco******,2021-04-22T10:29:30.124+00:00,자전거: 04.삼천리 로시난테 / 컬러: 네이비,와우~~이제 바구니 달린 자전거 탈수 있게 됐네요~~넘 이뻐요~~^^,5,1,긍정
inni****,2021-03-11T05:25:11.683+00:00,자전거: 03.삼천리 화이트라벨 / 컬러: 화이트,"배송이 빠르네요. 물건도 안전하게 잘 도착했습니다. 저는 가까운 자전거 가게에 박스 그대로 들고가서 2만원 주고 조립을 했습니다. 
블랙 앤 화이트 색상이 깔끔하고 예쁘네요. 성인 여성이 타기에 작으면 어쩌지 걱정했는데 기우였습니다. 초등 저학년인 저희 아들에게는 좀 컸고 초등 고학년이나 성인 여성이 타기에 알맞은 것 같아요. 네식구가 나들이 갈 때 타려고 일부러 접이식 자전거를 샀는데 만족합니다. 감사합니다^^",5,1,긍정
daih*****,2021-05-06T13:30:34.541+00:00,자전거: 02.삼천리 메이비20 / 컬러: 민트(바구니포함),잘타고 있습니다. ~,5,1,긍정
rnjs*******,2021-04-16T10:05:26.025+00:00,자전거: 01.삼천리 카라 / 컬러: 다크블루(바구니포함),그냥저냥 동네 마실용으로 괜찮은거같아요. 까진부분도있고.. 녹슬까봐 매니큐어 발라놨네요...,4,1,긍정
kkok*****,2021-04-26T10:12:42.260+00:00,자전거: 01.삼천리 카라 / 컬러: 다크민트(바구니포함),배송도 빠르고 제품도 매우 만족합니다,5,1,부정
wndu*****,2021-04-29T05:05:10.766+00:00,자전거: 01.삼천리 카라 / 컬러: 다크블루(바구니포함),예뻐요. 근데 너무 덜커덩거려서 자전거집에 맡겼는데 이상태로 타면 안된다고하더라고요. 점검비만2만원이에요. 사시는 분들 안전하게 점검받고 타셨으면 좋겠어요.,3,1,부정
city****,2021-04-26T01:24:46.370+00:00,자전거: 01.삼천리 카라 / 컬러: 다크블루(바구니포함),조립도쉽고 배송도빨라서 좋았어요,5,1,부정
guri********,2021-05-16T05:32:27.364+00:00,자전거: 02.삼천리 메이비20 / 컬러: 라이트핑크(바구니포함),기어부분이 약해서 외부매장가서 교환했어요,5,1,긍정
qpqp********,2021-05-01T11:41:53.052+00:00,자전거: 03.삼천리 화이트라벨 / 컬러: 화이트,튼튼하고 가성비 짱짱♡,5,1,부정
inha****,2021-05-08T13:29:06.412+00:00,자전거: 03.삼천리 화이트라벨 / 컬러: 블랙,정말 조립 편하고 배송 빠르고 다 좋았습니다. 다만....안장이....너무 불편...아퍼요 ㅠㅠ,5,1,긍정
juj9***,2021-05-07T03:54:41.472+00:00,자전거: 02.삼천리 메이비20 / 컬러: 라이트핑크(바구니포함),"아이, 어른 다 탈수 있어 넘 좋아요.
색도 이쁘구요.",5,1,긍정
wlsg******,2021-05-14T13:04:53.974+00:00,자전거: 03.삼천리 화이트라벨 / 컬러: 화이트,좋아요 자전거가이뻐요,5,1,부정
cr****,2021-05-02T07:20:04.416+00:00,자전거: 02.삼천리 메이비20 / 컬러: 라이트핑크(바구니포함),"배송도 빠르고 아이들이 정말 좋아하네용~
색도 이쁘다고~
저희는 어디 녹이나 그런거 없이 깔끔하게 잘 와서 잘 타고 노네용~
감사합니다~~~!",5,1,부정
ko****,2021-05-21T00:59:42.993+00:00,자전거: 01.삼천리 카라 / 컬러: 다크민트(바구니포함),자전거 가격대비 좋습니다~~*,5,1,부정
8204***,2021-04-14T09:06:58.441+00:00,자전거: 01.삼천리 카라 / 컬러: 다크블루(바구니포함),배송이넘빠르네요 일요일저녁에구매했는데 화요일날도착했네요 조립도 10분이면끝나요 강츄,5,1,긍정
shjb***,2021-04-14T11:34:42.881+00:00,자전거: 01.삼천리 카라 / 컬러: 다크블루(바구니포함),배송도 빠르고 조립도 편하고 좋아요~~색깔도 깔끔하니 잘쓰겠습니다.,5,1,부정
sunc*****,2021-05-02T08:03:47.769+00:00,자전거: 01.삼천리 카라 / 컬러: 다크블루(바구니포함),조립하기도 편하고 무엇보다 아이가 너무 좋아하네요. 감사합니다,5,1,부정
hjb5***,2021-04-20T21:55:08.383+00:00,자전거: 01.삼천리 카라 / 컬러: 다크블루(바구니포함),가격대비 성능과 디자인 모두 맘에 들어요^^,5,1,긍정
coji****,2021-05-08T15:28:47.424+00:00,자전거: 01.삼천리 카라 / 컬러: 다크블루(바구니포함),좋습니다 설명서 없이도 조립가능합니다 아들이 맘에들어해서 곧바로 공원에서 씽씽달렸어요,5,1,부정
sowe*****,2021-04-13T00:27:17.648+00:00,자전거: 02.삼천리 메이비20 / 컬러: 민트(바구니포함),"배송 오자마자 조립해서 바로 탈 수 있었어요
자전거는 넘 이쁜데 좀 무거워요
초딩딸이 잘 타고 있습니다",5,1,부정
wodj*****,2021-04-21T07:02:51.235+00:00,자전거: 02.삼천리 메이비20 / 컬러: 민트(바구니포함),"접이식이라 잘 사용하고 있습니다
이동할때 접어서 가져가기 편하네요",4,1,긍정
ro****,2021-03-23T23:32:47.368+00:00,자전거: 02.삼천리 메이비20 / 컬러: 라이트핑크(바구니포함),"배송이 빨랐고
물건을 받고 설명서가 없어서 문의드렸더니 유튜브 링크보내주셨어요~
그 덕분에 다른 유튜브 찾아서 브레이크조절까지 다 배우고 조립했어요~^^! 
힘이 없어서인지... 다시 접지를 못하겠어요 ㅜㅜ
색도 이쁘고 아이들도 신나게 잘탔어요",5,1,부정
netj******,2021-05-05T04:17:52.375+00:00,자전거: 01.삼천리 카라 / 컬러: 다크민트(바구니포함),"사진으로 본것보다 맘에 들어요~
사이즈도 넉넉하고 예쁩니다",5,1,부정
ttlp******,2021-05-15T02:14:00.027+00:00,자전거: 02.삼천리 메이비20 / 컬러: 라이트핑크(바구니포함),오프라인 상품보다 가격에서 메리트있어요,5,1,긍정
pesq***,2021-03-30T12:29:54.519+00:00,자전거: 01.삼천리 카라 / 컬러: 다크민트(바구니포함),"자전거는 인터넷으로 처음 주문했는데 
배송도 빠르고 하자도 없고 조립도 쉽네요. 
받자마자 신나서 텐션 업이 되어 조립했더니
이제와서 사진보니 앞바퀴 빗물받이 
반대로 조립했네요ㅋㅋ (다시하기 귀찮..)
조립하자마자 바로 타고 나가봤는데 아주 좋아요",5,1,부정
pe****,2021-04-27T09:24:44.765+00:00,자전거: 01.삼천리 카라 / 컬러: 다크블루(바구니포함),키 작은 어른용으로 좋아요,5,1,긍정
mr****,2021-03-16T07:42:07.150+00:00,자전거: 02.삼천리 메이비20 / 컬러: 라이트핑크(바구니포함),"배송빠르고 기사님도 친절했어요. 배송후 문자로 사진 보내주셨구요. 파손없이 잘 받았네요. 
조립은 생각보다 그닥 어려울건 없었어요. 
초등1학년 16인치가 작아져서 구매했는데 잘탑니다^^ 키125에 27-8키로 아이가 타요. 
차에 실으려고 접이식 산건데 무겁긴 해요 ㅋ",5,1,부정
hwan*****,2021-05-09T02:11:01.978+00:00,자전거: 01.삼천리 카라 / 컬러: 다크블루(바구니포함),아주 예쁘고 작은게 어머니 선물로 딱이였습니다 감사합니다,5,1,부정
soph****,2021-05-03T02:38:47.742+00:00,자전거: 04.삼천리 로시난테 / 컬러: 네이비,아이들과 함께 주말에 자전거 타러 가려고 구매했어요. 접이식이라 차에도 들어가고 딱 좋네요.,5,1,부정
pos0****,2021-04-25T08:19:15.321+00:00,자전거: 01.삼천리 카라 / 컬러: 다크블루(바구니포함),"아주 좋아요
색상도 사진 그대로에요",5,1,긍정
sora****,2021-05-13T04:56:15.842+00:00,자전거: 03.삼천리 화이트라벨 / 컬러: 화이트,좋아요 좋아요좋아요좋아요,5,1,긍정
ssm5***,2021-06-06T13:26:40.042+00:00,자전거: 01.삼천리 카라 / 컬러: 다크블루(바구니포함),조아요조아요조아요~,5,1,긍정
ato0****,2021-05-31T23:49:50.307+00:00,자전거: 02.삼천리 메이비20 / 컬러: 라이트핑크(바구니포함),조ㅗ아요~~~~~~~~,5,1,부정
love*****,2021-05-10T03:10:38.825+00:00,자전거: 01.삼천리 카라 / 컬러: 다크민트(바구니포함),색상도 깔끔하고 예쁘고 5학년 딸이 너무 좋아하네요~,5,1,부정
jojo****,2021-04-25T10:44:55.030+00:00,자전거: 02.삼천리 메이비20 / 컬러: 라이트핑크(바구니포함),처음 가르치는 자전거라 잘사용하고있습니다,3,1,긍정
nice****,2021-04-10T05:21:16.311+00:00,자전거: 02.삼천리 메이비20 / 컬러: 라이트핑크(바구니포함),"배송 포장 양호 합니다
조립은 간단했고 미니 벨로라 의자 제일 낮게 하면 키작은 초3 여아탈수 있고 의자 올리면 엄마도 탈수 있을거 같아요",5,1,부정
yumi******,2021-04-30T04:51:12.588+00:00,자전거: 01.삼천리 카라 / 컬러: 다크블루(바구니포함),배송도 엄청 빠르고 애들  선물로는 최고인것 같습니다 튼튼하고 어른까지도 탈수 있을거 같아요,5,1,긍정
korg***,2021-04-27T12:52:53.578+00:00,자전거: 02.삼천리 메이비20 / 컬러: 라이트핑크(바구니포함),"색감이 예뻐요 라이트도 덤으로 달려있고 오프라인보다
훨씬저렴해서 좋습니다",5,1,부정
go****,2021-04-27T08:55:40.053+00:00,자전거: 01.삼천리 카라 / 컬러: 다크블루(바구니포함),전에 타던거라 익숙하고 편해요,5,1,부정
wlgn*****,2021-03-24T06:24:34.896+00:00,자전거: 03.삼천리 화이트라벨 / 컬러: 화이트,최악이에요 자전거 바구니 스트랩으로 고정하라고요? 스트랩이 문제가아니라 그냥 타다가 바구니 쇠에서혼자 막 분리되고 난리네요;; 바구니 떨어진거 두 번째고 사고라도 나면 어쩌나요;; 자전거도 앞바퀴가 너무 잘 흔들려요 아이들이 타면 위험할거같네요,1,1,부정
eu****,2021-04-18T15:04:02.640+00:00,자전거: 02.삼천리 메이비20 / 컬러: 라이트핑크(바구니포함),"예뻐서 아이가 잘 타고 다녀요
만족합니다 ㅎ",5,1,부정
sk****,2021-05-15T10:57:42.914+00:00,자전거: 03.삼천리 화이트라벨 / 컬러: 블랙,조립도 간편하니 좋구 자전거도 너무너무 좋아요|,5,1,부정
inni******,2021-04-11T11:16:32.785+00:00,자전거: 01.삼천리 카라 / 컬러: 다크민트(바구니포함),조립하기 정말 힘들었어요. 그래도 조립하고 나니 뿌듯하네요. 8살 딸이 열심히 연습하고 있어요.,4,1,부정
kimh******,2021-04-11T02:46:11.903+00:00,자전거: 04.삼천리 로시난테 / 컬러: 네이비,접이식 자전거가 필요했는데 크기도 적당하고 너무 이뻐요~! 만족합니다,5,1,부정
stel******,2021-05-07T02:09:05.339+00:00,자전거: 01.삼천리 카라 / 컬러: 다크블루(바구니포함),열심히 잘 타고 있습니다.  매일 1시간씩 타고 있는데 바람을 좀 자주 넣게 되네요.,5,1,부정
ssun****,2021-03-15T08:12:16.039+00:00,자전거: 03.삼천리 화이트라벨 / 컬러: 화이트,"동네마실겸 가벼운 운동겸 구매했습니다 딱이네요
흰색이 아주 예쁩니다 뭔가 타고 다니면 주변의 시선이
느껴지는 그런 느낌이랄까요? 핸들 조립도 어렵지 않네요
타이어 바람도 빵빵하게 왔습니다(좀더 채우긴하셔야해요)
아 그리고 오래타면 엉덩이가 아프긴해요 커버 추가했는데도...
엉덩이와 허벅비 사이 뼈라고 해야하나... 아픕니다...
그래도 좋아요 가성비 쵝오인듯합니당. 잘타고 다닐게요",5,1,긍정
hyun******,2021-04-18T01:50:38.382+00:00,자전거: 03.삼천리 화이트라벨 / 컬러: 화이트,"신랑타라고 사줬어요
가격대비 너무 만족해하고 있어요",5,1,부정
ga****,2021-05-29T05:55:22.599+00:00,자전거: 01.삼천리 카라 / 컬러: 다크블루(바구니포함),아주~굿~~~~~~~~~~~~~~~~,5,1,부정
hang******,2021-05-10T03:24:47.027+00:00,자전거: 02.삼천리 메이비20 / 컬러: 라이트핑크(바구니포함),잘  받아서  잘  탈게요  조립이 쉽습니다,5,1,부정
cs****,2021-05-06T01:27:49.266+00:00,자전거: 01.삼천리 카라 / 컬러: 다크민트(바구니포함),접히는것이 가능해서 보관하기에도 편하고 아이가 잘 타고 노네요^^,5,1,긍정
soph****,2021-05-14T04:53:02.579+00:00,자전거: 03.삼천리 화이트라벨 / 컬러: 블랙,잘 접히고 휴대성 좋고 튼튼해요,5,1,부정
artc*******,2021-04-09T03:44:19.443+00:00,자전거: 04.삼천리 로시난테 / 컬러: 네이비,"자전거 너무 이뻐요ㅠㅠㅠ
선물해줬는데 좋아하네요 근데 자전거 무겁습니다
그거 말고는 다 좋아욤",5,1,긍정
yeil****,2021-05-03T03:01:03.781+00:00,자전거: 01.삼천리 카라 / 컬러: 다크블루(바구니포함),"좋은 자전거 구매해서, 다큰 자녀 자전거 가르쳤어요.  복도에 놓지 않아도 돼서 넘 좋네요.",5,1,부정
line****,2021-04-23T12:32:43.941+00:00,자전거: 01.삼천리 카라 / 컬러: 다크민트(바구니포함),배송빠르고 제품도 이상없고 좋네요 ㅎㅎ,5,1,긍정
cjst*****,2021-04-13T01:03:59.041+00:00,자전거: 01.삼천리 카라 / 컬러: 다크블루(바구니포함),무게감이 있지만  좋아요  아이들도 잘타고  성인인 아빠가 타도 튼튼해요^^,5,1,긍정
zam3***,2021-05-15T13:06:01.138+00:00,자전거: 03.삼천리 화이트라벨 / 컬러: 화이트,조립도쉽고만족합니다,5,1,부정
ksh2****,2021-05-17T23:10:18.319+00:00,자전거: 02.삼천리 메이비20 / 컬러: 라이트핑크(바구니포함),너무 마음에 들어요..,4,1,긍정
jina****,2021-05-19T05:23:40.029+00:00,자전거: 01.삼천리 카라 / 컬러: 다크블루(바구니포함),아주 잘 타고있습니다~,5,1,긍정
ange*******,2021-05-04T00:48:10.344+00:00,자전거: 01.삼천리 카라 / 컬러: 다크블루(바구니포함),배송 바로왔어요 선물하려고 샀는데 좋아하시네요,5,1,긍정
salt****,2021-03-25T05:01:46.066+00:00,자전거: 04.삼천리 로시난테 / 컬러: 네이비,배송은 2일만에 받았고 조립은 집근처 자전거 전문 수리점에 맡겼습니다. 브레이크 기어 등 꼼꼼히 봐주시고 직접 조립보다는 맡겨서 조립하시는게 낫은것 같습니다. 가격대비 자전거 잘 나가고 좋습니다. 적극추천합니다.,5,1,긍정
phyo*******,2021-04-27T08:24:11.067+00:00,자전거: 01.삼천리 카라 / 컬러: 다크블루(바구니포함),잘사용하고 있습니다,5,1,부정
ocy7***,2021-05-07T07:28:26.576+00:00,자전거: 03.삼천리 화이트라벨 / 컬러: 화이트,가볍게 타려고 주문 했네요..고장 없이 타야흔디 어쩔란가 ㅎㅎ,4,1,긍정
ehtj*****,2021-04-09T11:18:35.976+00:00,자전거: 01.삼천리 카라 / 컬러: 다크민트(바구니포함),"조립할게 거이 없던데..
자전거는 흠난곳없이 상태 매우 좋습니다
잘타고 있어요
바구니는 다이소에서 고정벨크로 사서 추가로 했더니 튼튼하니 고정 잘되네요",5,1,부정
s177****,2021-04-09T10:29:55.289+00:00,자전거: 02.삼천리 메이비20 / 컬러: 민트(바구니포함),"브랜드라 믿고 구매 좋습니다
잘 온거 같구요 조립도 쉽습니다",4,1,긍정
ansa********,2021-04-27T07:09:01.015+00:00,자전거: 03.삼천리 화이트라벨 / 컬러: 블랙,대만족 입니다. 자전거도 너무 이쁘고 접기도 수월해서 QM3타는데 뒷자석 접고 접이식 자전거 두대 들어갑니다.,5,2,부정
ansa********,2021-04-27T07:08:49.124+00:00,자전거: 01.삼천리 카라 / 컬러: 다크블루(바구니포함),대만족 입니다. 자전거도 너무 이쁘고 접기도 수월해서 QM3타는데 뒷자석 접고 접이식 자전거 두대 들어갑니다.,5,1,부정
chs6******,2021-04-19T12:45:44.903+00:00,자전거: 02.삼천리 메이비20 / 컬러: 민트(바구니포함),"잘타고다녀요
좋아요
잘샀어요",5,1,긍정
ehdr******,2021-05-12T03:56:22.139+00:00,자전거: 03.삼천리 화이트라벨 / 컬러: 화이트,배송 빠르고 좋아요,4,1,부정
comi******,2021-04-21T13:48:13.213+00:00,자전거: 01.삼천리 카라 / 컬러: 다크민트(바구니포함),"설명서가 자세하진않았지만 이쁘고 좋네요.
아이들도 좋아하고~ 130cm인 딸은 맞는것같은데 120cm인 아들은 좀 큰듯해요ㅎㅎ",4,1,긍정
expe******,2021-05-08T01:49:45.131+00:00,자전거: 01.삼천리 카라 / 컬러: 다크블루(바구니포함),이쁘네요 잘 쓰고있습니다,5,1,부정
jyou***,2021-04-22T10:24:44.012+00:00,자전거: 01.삼천리 카라 / 컬러: 다크민트(바구니포함),"포장상태 너무 좋네요
한군데도 상처 없이 잘 받았고 조립을 어떻게 해야하나 걱정했는데 빠르고 쉽게 조립 했네요 많이 파세요",5,1,부정
uesh****,2021-04-21T11:28:03.871+00:00,자전거: 02.삼천리 메이비20 / 컬러: 라이트핑크(바구니포함),빠른배송감사합니다.,5,4,부정
kimj*******,2021-04-26T05:45:11.962+00:00,자전거: 03.삼천리 화이트라벨 / 컬러: 화이트,아주 잘 타고 있습니다,5,1,긍정
shan***,2021-04-14T00:46:14.772+00:00,자전거: 01.삼천리 카라 / 컬러: 다크블루(바구니포함),빡빡해서 조립이 좀 힘들지만 배송도 빠르고 너무 좋습니다,5,1,긍정
cysp******,2021-05-21T04:31:19.328+00:00,자전거: 02.삼천리 메이비20 / 컬러: 라이트핑크(바구니포함),굿굿굯그좋아그그그굯ㄱㅅ,4,1,긍정
laah***,2021-05-14T12:44:45.867+00:00,자전거: 02.삼천리 메이비20 / 컬러: 민트(바구니포함),다 마음에 들고 좋아요!!,5,1,부정
jhs7***,2021-04-10T05:33:06.219+00:00,자전거: 01.삼천리 카라 / 컬러: 다크민트(바구니포함),너무 잘나가고 너무 좋습니다. 색도 예쁘고 다 마음에 들어요.,5,1,긍정
funs*****,2021-04-15T00:16:06.853+00:00,자전거: 01.삼천리 카라 / 컬러: 다크블루(바구니포함),배송빠르고아직나가서 타보진않았는데 좋아요,5,1,부정
pej0***,2021-04-23T07:02:35.587+00:00,자전거: 01.삼천리 카라 / 컬러: 다크블루(바구니포함),사진보다 실물이 훨씬 예쁘넹ㆍ느,5,1,긍정
tkdt****,2021-05-07T06:41:01.223+00:00,자전거: 04.삼천리 로시난테 / 컬러: 네이비,좋아요굿굿가나다라마바,5,1,부정
geni****,2021-03-24T11:05:22.387+00:00,자전거: 01.삼천리 카라 / 컬러: 다크민트(바구니포함),"빨리오고 조립하기도 편하네요.
딸아이가 너무 좋아해요.
신나서 달리는 딸이네요.",5,1,긍정
rudx***,2021-04-19T00:43:01.127+00:00,자전거: 01.삼천리 카라 / 컬러: 다크블루(바구니포함),아이와 애기엄마가 너무잘타고있어요^^,5,1,부정
rokm******,2021-05-07T09:59:24.019+00:00,자전거: 04.삼천리 로시난테 / 컬러: 네이비,"무게는 있지만 휴대하기편하고
가볍게타기는 좋아요",5,1,긍정
jhs7***,2021-04-13T10:37:42.217+00:00,자전거: 04.삼천리 로시난테 / 컬러: 네이비,무겁지만 타기 좋고 예쁘네요. 잘 탈께요.,5,1,긍정
kkam****,2021-05-10T05:11:20.215+00:00,자전거: 02.삼천리 메이비20 / 컬러: 민트(바구니포함),조카사줬는데 넘좋아해요,5,1,부정
rhwl*****,2021-05-08T10:01:15.148+00:00,자전거: 03.삼천리 화이트라벨 / 컬러: 화이트,조립도 너무 쉽고 괜찮은거 같아요,4,1,긍정
rhdg*****,2021-04-14T11:20:52.602+00:00,자전거: 03.삼천리 화이트라벨 / 컬러: 화이트,정말 친절하게 해주셔서 너무감사합니다.,5,1,부정
99ek****,2021-04-05T10:20:07.422+00:00,자전거: 01.삼천리 카라 / 컬러: 다크블루(바구니포함),"아이가 넘나 좋아해요
초 4 딸랑구에게 딱 맞고 초 2 아들래미도 안장 내리면 잘 타네요 ㅎㅎ",4,1,부정
ksun***,2021-03-28T07:45:10.947+00:00,자전거: 02.삼천리 메이비20 / 컬러: 라이트핑크(바구니포함),자전거가 손상되어 있었어요,1,1,긍정
romi***,2021-04-17T11:51:13.173+00:00,자전거: 01.삼천리 카라 / 컬러: 다크블루(바구니포함),색상과 디자인이 맘에들어요 예쁩니다 튼튼해보이구요. 초3 아이에게 브레이크 잡는것이 조금 힘들어요,5,1,부정
day3***,2021-03-28T12:22:35.021+00:00,자전거: 01.삼천리 카라 / 컬러: 다크민트(바구니포함),가족 모두 타도 손색이 없고 특히 초5딸이 맘에 들어합니다 조립도 비교적 쉽고 실제로보니 민트가 촌스럽지 않아 좋아요,5,1,부정
cysp******,2021-05-21T04:30:52.138+00:00,자전거: 04.삼천리 로시난테 / 컬러: 네이비,조립너무 쉬워욪ㄱㄷㄱ,4,1,긍정
rlad*******,2021-04-02T12:36:29.546+00:00,자전거: 03.삼천리 화이트라벨 / 컬러: 화이트,"정말 빠른 배송 및 빠른 답변
간편한 조립 + 마음에 드는 디자인! 
생각보다 가볍기도 하고 그냥 최고!",5,1,부정
eunk*******,2021-04-11T13:22:46.910+00:00,자전거: 02.삼천리 메이비20 / 컬러: 라이트핑크(바구니포함),아이가 좋아하네요~핑크핑크 이뻐요~~,5,1,부정
alsd******,2021-04-14T08:47:18.063+00:00,자전거: 01.삼천리 카라 / 컬러: 다크블루(바구니포함),"핸들 조립에 좀 당황했는데
조립해놓고 보니 견고하고 좋네요👍",5,1,부정
ditn****,2021-04-24T11:29:58.272+00:00,자전거: 03.삼천리 화이트라벨 / 컬러: 화이트,"저렴하게 잘 사용하네요...
가성비 최고!! 아들이 엄청 좋아합니다...",5,1,긍정
inha****,2021-05-08T13:29:35.826+00:00,자전거: 03.삼천리 화이트라벨 / 컬러: 화이트,배송 빠르고 조립편하지만 안장이....아파요...,5,1,부정
hero****,2021-04-18T22:37:48.347+00:00,자전거: 04.삼천리 로시난테 / 컬러: 네이비,"배송은 4~5일 걸려서 생각보다 약간 늦었지만, 디자인 이쁘고 제품도 깔끔하게 잘 도착했네요~ 잘사용하겠습니다.",5,1,부정
siri*****,2021-05-07T01:33:39.569+00:00,자전거: 01.삼천리 카라 / 컬러: 다크민트(바구니포함),배송 빠 르고 상품 가성비 매우 좋습니다.,5,1,부정
kims****,2021-05-09T07:30:33.197+00:00,자전거: 01.삼천리 카라 / 컬러: 다크민트(바구니포함),튼튼하고 민트색상 예뻐요.,5,1,부정
gaia********,2021-05-02T08:53:00.553+00:00,자전거: 01.삼천리 카라 / 컬러: 다크블루(바구니포함),자전거도 거의 조립 되어있고 성능도 좋고 만족합니다,5,1,긍정
alsg*****,2021-04-18T09:57:14.926+00:00,자전거: 01.삼천리 카라 / 컬러: 다크블루(바구니포함),아이도 너무 좋아 하고 너무 좋네요,5,1,긍정
pkc1***,2021-05-08T16:24:13.201+00:00,자전거: 02.삼천리 메이비20 / 컬러: 민트(바구니포함),조립도 간단해서 좋았어요,5,1,긍정
pkc1***,2021-05-08T16:25:13.980+00:00,자전거: 02.삼천리 메이비20 / 컬러: 라이트핑크(바구니포함),조립도 간단해서 좋았너요,5,1,부정
jych*****,2021-03-29T01:54:49.483+00:00,자전거: 01.삼천리 카라 / 컬러: 다크민트(바구니포함),"가성비 좋은듯 합니다. 초등자녀 가볍게 타기 좋네요. 안장, 핸들, 브레이크 설명서대로 조립 어렵지 않게 했습니다.",5,1,부정
rlag*******,2021-04-15T01:57:10.627+00:00,자전거: 01.삼천리 카라 / 컬러: 다크블루(바구니포함),빠른배송 포장도 꼼꼼해요,5,1,부정
hhd0***,2021-03-23T07:04:35.526+00:00,자전거: 02.삼천리 메이비20 / 컬러: 민트(바구니포함),아이가 초등학교 4학년이 되서 좀 더 큰 자전거를 원해서 알아보다가 오프라인보다 저렴하게 구입했어요. 배송도 빠르게 해주셔서 아이가 무척 맘에 들어하네요.,5,1,긍정
jhwy******,2021-04-19T14:35:19.021+00:00,자전거: 01.삼천리 카라 / 컬러: 다크블루(바구니포함),가성비 좋고 잘 나갑니다~^^,5,1,부정
rudd****,2021-03-20T01:05:28.457+00:00,자전거: 01.삼천리 카라 / 컬러: 다크민트(바구니포함),배송짱빠르고 조립하기 쉬워요. 다 해서 그냥 안장하고 핸들만 달면됨 여자인 제가 하기 쉬웠는데..저는 자전거 잘 알아서 쉬웠던거 같기도하고..여턴 울 딸래미 오자마자 바로 자전거 배우고 매일 타고 다녀요~ 너무만족!!제꺼도 살려구요~,5,1,긍정
6711***,2021-04-28T05:24:51.219+00:00,자전거: 01.삼천리 카라 / 컬러: 다크블루(바구니포함),배송도 빠르고 기사님도 친절하고 상품도 매우 만족입니다,5,1,부정
urak****,2021-05-05T10:30:19.935+00:00,자전거: 01.삼천리 카라 / 컬러: 다크민트(바구니포함),빠른배송 감사합니다,5,1,부정
spir*****,2021-04-14T07:12:07.560+00:00,자전거: 01.삼천리 카라 / 컬러: 다크블루(바구니포함),자전거 깔끔하고 예쁘네요~,5,1,긍정
cool******,2021-04-17T04:09:14.426+00:00,자전거: 01.삼천리 카라 / 컬러: 다크블루(바구니포함),값 싸고 좋은 제품입니다 👍,5,1,부정
logi***,2021-05-06T10:22:29.948+00:00,자전거: 02.삼천리 메이비20 / 컬러: 민트(바구니포함),좋아요 이뻐요 쉬워요,5,1,부정
0007****,2021-03-26T08:09:14.994+00:00,자전거: 01.삼천리 카라 / 컬러: 다크민트(바구니포함),좋아요. 조립 많이 어렵지 않은데 근처 자전거 가게에서 마지막으로 손봐달라고 해보려고요,5,1,부정
gamz******,2021-04-20T10:21:24.077+00:00,자전거: 04.삼천리 로시난테 / 컬러: 네이비,한 번 잘 타볼게요,5,1,긍정
omom****,2021-05-06T12:37:40.952+00:00,자전거: 01.삼천리 카라 / 컬러: 다크블루(바구니포함),초등5학년아이가좋아해요,5,1,긍정
extr********,2021-05-05T01:39:46.493+00:00,자전거: 01.삼천리 카라 / 컬러: 다크민트(바구니포함),"좋아요.사진과같아요.
좋네요.",5,1,부정
junm****,2021-03-09T11:46:19.220+00:00,자전거: 04.삼천리 로시난테 / 컬러: 네이비,디자인이나 칼라가 너무 예뻐요  그냥 조립해서 탈까하다가 안전하게 타려구 전문가에게 맡겨서 조립했습니다  그런데 자전거 앞바퀴 바람이 빠져서 왔더라구요  원래 핸들이 365도로 회전하는게 맞는건지 초보가 탈거라 걱정이네요 그래도 배송도 엄청 빠르구  무게도 적당하고 편하게 접을수 있어서  대체로 만족입니다...,4,1,긍정
wisd********,2021-04-16T07:16:53.332+00:00,자전거: 01.삼천리 카라 / 컬러: 다크민트(바구니포함),아이가 얼른 밖에서 타고싶다고합니다~~,5,1,부정
hy****,2021-05-02T01:56:52.155+00:00,자전거: 02.삼천리 메이비20 / 컬러: 라이트핑크(바구니포함),접이식이라서 거의다 조립되어와서 좋네요,4,1,부정
alru*****,2021-04-11T13:41:57.470+00:00,자전거: 02.삼천리 메이비20 / 컬러: 민트(바구니포함),너무 예쁘고 든든하네요. 좋아요,5,1,긍정
alsg*****,2021-03-26T02:04:10.290+00:00,자전거: 01.삼천리 카라 / 컬러: 다크블루(바구니포함),"아이 생일 선물로 구매 했습니다 처음 색상을 잘못 선택 해서 교환 하느라 추가 배송비 지불 했지만 아이가 너무 좋아 해서 저
까지 기분이 좋네요",5,1,긍정
tkdt****,2021-05-07T06:41:28.597+00:00,자전거: 01.삼천리 카라 / 컬러: 다크블루(바구니포함),가나다바나사자아가다사하,5,1,긍정
mysi****,2021-05-05T12:39:05.791+00:00,자전거: 03.삼천리 화이트라벨 / 컬러: 화이트,접이식 자전거 용이하게 잘 사용합니다.,4,1,긍정
ggir****,2021-04-10T01:22:34.043+00:00,자전거: 04.삼천리 로시난테 / 컬러: 네이비,"완전이뻐요 아쁘거보고샀는데 만족이요
조립도 쉽고 좋네요
돈키호테가 된것같은 ㅋㅋㅋ
바퀴가 살짝 작아 아쉽긴한데 만족해요",5,1,긍정
summ*********,2021-02-24T12:31:35.024+00:00,자전거: 03.삼천리 화이트라벨 / 컬러: 화이트,"배송깔끔하게왔어요 기사님친절하시고,딸랑이볼트가안왔네요 브레이크너무붙어있어서 바퀴가걸렸어요 인터넷보고 앞뒤브레이크조정했슴 생각많큼이뻐요 바퀴가작아도 욜라잘굴러감 힘안들이고 모냥이쫌남ㅎㅎ 조립설명서가없어서 쪼금방황^ 조립할때맨붕이 핸들아래꼽는거 있는데 휘어져있는거ᆢ 욜라당황ᆢ
TiP핸들아래꼽는거 정면에서보면서 돌리다보면 자전거프레임하고일직선이되는시점이있음 그때숨도쉬지말고 렌치로 고정하면됨 안장은 쪼금올리면 모냥도나고 더편하게 탈수있어용ㅋ",4,1,긍정
radi********,2021-04-15T13:37:56.327+00:00,자전거: 02.삼천리 메이비20 / 컬러: 라이트핑크(바구니포함),"저렴하고 이쁘고,좋아요",5,1,부정
sooj*****,2021-04-24T02:08:45.865+00:00,자전거: 01.삼천리 카라 / 컬러: 다크블루(바구니포함),아이가 좋아합니다. 디자인도 예쁘고 좋네요,5,1,부정
sjh7****,2021-04-24T06:12:32.984+00:00,자전거: 01.삼천리 카라 / 컬러: 다크블루(바구니포함),색상도 이쁘고 튼튼해요  가까운거리 이동이 잦은데 유용하게 잘 탈거같아요,5,1,긍정
deba*****,2021-05-04T02:18:35.373+00:00,자전거: 02.삼천리 메이비20 / 컬러: 민트(바구니포함),생각보다 크지는 안아요,4,1,부정
turb*****,2021-05-07T01:45:04.470+00:00,자전거: 02.삼천리 메이비20 / 컬러: 라이트핑크(바구니포함),아주아주 좋습니다~~~,5,1,긍정
thin****,2021-04-30T03:16:09.450+00:00,자전거: 04.삼천리 로시난테 / 컬러: 네이비,배송 빠릅니다 가성비 좋아요,5,1,부정
hun9***,2021-05-06T04:06:19.876+00:00,자전거: 02.삼천리 메이비20 / 컬러: 라이트핑크(바구니포함),아이가 아주아주 좋아합니다.,5,1,부정
kkan***,2021-05-03T01:06:39.362+00:00,자전거: 01.삼천리 카라 / 컬러: 다크블루(바구니포함),배송빠르고 조립도쉬워요,5,1,부정
hmsg*****,2021-04-11T02:53:03.623+00:00,자전거: 01.삼천리 카라 / 컬러: 다크민트(바구니포함),어머니 사드렸는데 엄청 좋아하시네요 ㅎㅎ,5,1,부정
x790***,2021-04-15T13:36:24.251+00:00,자전거: 01.삼천리 카라 / 컬러: 다크블루(바구니포함),아이가 놀이터에서 한두시간 탔을까요... 타이어에 바람아 빠졌어요..아직은 초보라 험하게 탄것도 아니고 가까운 거리 왔다갔다 했는데 ... 첫날 처음 탔는데...,1,1,부정
ms****,2021-04-13T11:14:55.304+00:00,자전거: 01.삼천리 카라 / 컬러: 다크블루(바구니포함),좋습니다 아이와 와이프가 잘타요,5,1,부정
rhdg*****,2021-03-17T06:19:06.946+00:00,자전거: 03.삼천리 화이트라벨 / 컬러: 블랙,"화이트제품은 불량이지만 잘  처리해주신다니 기다리는중입니다.

실물 자전거 정말 잘빠졋구요
검정색달려보니 너무부드럽고 브레이크.잔소음 없네요 몇달타다가 상위트림 주문할게요~

와이프랑잘탈게요.",5,1,부정
zzzz*****,2021-04-22T14:52:44.250+00:00,자전거: 01.삼천리 카라 / 컬러: 다크블루(바구니포함),배송도완전 빠르고 조립식인데 생각보다 어렵지않앗고 깔끔하고 이뿌네욥!!!,5,1,부정
ksk7***,2021-04-18T00:50:27.876+00:00,자전거: 04.삼천리 로시난테 / 컬러: 네이비,이쁘게 잘 탈게요.,5,1,긍정
wink***,2021-04-09T04:54:45.358+00:00,자전거: 02.삼천리 메이비20 / 컬러: 민트(바구니포함),배송도 빠르고 포장도 잘되어서 왔네요..,5,1,부정
youj*****,2021-04-17T09:44:41.547+00:00,자전거: 02.삼천리 메이비20 / 컬러: 민트(바구니포함),"10세 여자아이 타기좋으면 의자높이 조절하면
성인도 타기 좋아요, 의자가 너무 미끄러워서
의자만 재질이 변했으면 좋겠네요",4,1,부정
bell********,2021-04-01T19:02:12.503+00:00,자전거: 03.삼천리 화이트라벨 / 컬러: 화이트,잘 타고 있어요 디자인도 성능도 초보가타긴좋아요,5,1,긍정
slow******,2021-03-26T17:05:57.059+00:00,자전거: 04.삼천리 로시난테 / 컬러: 네이비,너무 이쁩니다. 출퇴근 용인데 매장 밖에 내놔도 소품 효과까지 갖춘 제품이에요~~ 바구니 없이 타는게 훨씬 이쁠 것 같아요.,5,1,긍정
bell********,2021-04-09T22:03:07.871+00:00,자전거: 02.삼천리 메이비20 / 컬러: 민트(바구니포함),좋아요 잘타고있어요,5,1,긍정
sens****,2021-05-02T02:07:59.129+00:00,자전거: 02.삼천리 메이비20 / 컬러: 민트(바구니포함),잘받앗습니다 감사합니다,5,1,긍정
psj1***,2021-04-15T10:44:30.769+00:00,자전거: 01.삼천리 카라 / 컬러: 다크블루(바구니포함),잘 굴러가고 이쁩니다,5,1,긍정
57****,2021-05-01T18:18:06.098+00:00,자전거: 01.삼천리 카라 / 컬러: 다크블루(바구니포함),초등학생 아들이 좋아하네요.,5,1,부정
gimm***,2021-03-09T01:22:21.562+00:00,자전거: 01.삼천리 카라 / 컬러: 다크블루(바구니포함),"배달온 상태에서는 무거웠지만 자전거 조립한 후 들어보면 그리 무겁지 않아요. 
무게를 제일 걱정했거든요. 
자전거 사니 생활의 질이 달라져서 넘나 만족입니다. 뒤에 ㅈㅁ받이도 있고 좋아요
조립은 자전거 가게 가서 하시는 걸 추천드립니다. 별거 아니라고 생각하실 수 있는데 사고는 어디에서나 일어날 수 있어요. 자전거 가게에서 아조씨가 조립해주시는 걸 보고 있자니 직접 안하길 잘했다는 생각이 들었어요. 유튜브고 뭐고 필요없습니다. 자신과 아이의 안전을 위해 조립은 의뢰하세요. 브레이크나 바퀴 상태 모든 걸 꼼꼼히 봐줍니다. 안전을 위해 2만원 아깝지 않아요.

8개월 정도 탔습니다. 어디 가든 함께하는 나의 애마 ㅎㅎ",5,1,부정
hiso******,2021-04-21T01:10:10.692+00:00,자전거: 01.삼천리 카라 / 컬러: 다크블루(바구니포함),색상도 예쁘고 배송은 하루만에 오네요. 조립도 쉬워요,5,1,긍정
ken2***,2021-04-04T11:44:57.736+00:00,자전거: 04.삼천리 로시난테 / 컬러: 네이비,바퀴 너무 이쁘네요 싼 가격에 만족해요,5,1,부정
tomy******,2021-02-25T01:53:51.798+00:00,자전거: 01.삼천리 카라 / 컬러: 다크블루(바구니포함),"엄마집으로 보내드렸어요
여기저기 엄청 고민하고 샀는데
역시 삼천리였나봐요
접이식이라 조립도 거의 다 되서 오고
자전거도 너무 이쁘다고
좋아하시네요.
24인정도 찾으셔서 너무 작으면 어쩌나 했는데
딱이래요 넘 귀엽고 좋은것 같아요.
무겁단말이 있어서 걱정했는데 오히려
안정감 있는거갖고 엄마는 별로 무겁지도 않다 하시네요.
괜히 저도 하나 사고싶어지네요",5,1,긍정
gwzd*****,2021-04-01T15:05:26.977+00:00,자전거: 03.삼천리 화이트라벨 / 컬러: 화이트,"배송빠르게잘받았습니다
조립하는데 힘들었지만 금액대비좋습니다",4,1,긍정
aksw***,2021-03-20T10:09:48.094+00:00,자전거: 03.삼천리 화이트라벨 / 컬러: 화이트,패달이랑 바퀴에 먼지가 넘 많이 묻어있어서 꼭 누가 사용한건줄..그리고 넘 무거워요ㅠㅠ그래도 조립해서 닦고 광내었더니 이쁘네요^^ 날씨 좋은날 탈 생각하니 설렘ㅋ,3,1,긍정
e990****,2021-04-24T06:47:36.065+00:00,자전거: 02.삼천리 메이비20 / 컬러: 민트(바구니포함),잘타고있어요. 접이식이라 여행갈때 항상 챙겨갑니다.,5,1,부정
salo*******,2021-04-13T08:13:21.092+00:00,자전거: 03.삼천리 화이트라벨 / 컬러: 화이트,좋은상품 감사합니다 :) !,5,1,긍정
jjim*****,2021-04-08T08:50:20.220+00:00,자전거: 02.삼천리 메이비20 / 컬러: 라이트핑크(바구니포함),설치 간단하고 이쁘네요,5,1,부정
fory******,2021-04-27T12:55:47.397+00:00,자전거: 02.삼천리 메이비20 / 컬러: 라이트핑크(바구니포함),아... 자전거가 참 무거워요 싼 이유가 있더군요,1,1,부정
pinn***,2021-03-25T13:25:09.215+00:00,자전거: 02.삼천리 메이비20 / 컬러: 라이트핑크(바구니포함),"딸아이가 너무 좋아하네요.
키 122라, 보조 바퀴달고 안장 살짝올리면 충분히 탈수 있습니다.",5,1,부정
youn*******,2021-04-15T10:39:57.308+00:00,자전거: 01.삼천리 카라 / 컬러: 다크블루(바구니포함),잘달리고 좋습니다.,3,1,부정
buyf******,2021-04-01T15:47:34.101+00:00,자전거: 01.삼천리 카라 / 컬러: 다크민트(바구니포함),거의 반조립상태라 바로 조립해서 태웠습니다.아들이 좋아합니다,5,1,부정
comi******,2021-04-21T13:48:50.333+00:00,자전거: 01.삼천리 카라 / 컬러: 다크블루(바구니포함),좋아요~ 아이들이 정말 좋아합니다,4,1,긍정
melo******,2021-04-04T01:40:00.156+00:00,자전거: 01.삼천리 카라 / 컬러: 다크민트(바구니포함),이쁘네요 어머니가 좋아하세요,5,1,부정
lgc2***,2021-04-08T04:41:32.779+00:00,자전거: 02.삼천리 메이비20 / 컬러: 민트(바구니포함),자전거 색이 정말이뻐요~,5,1,긍정
sums***,2021-03-08T09:03:11.457+00:00,자전거: 01.삼천리 카라 / 컬러: 다크민트(바구니포함),"우선 택배로 받는게 불안했는데 그래도 잘 왔어요~
단 바구니는 많이 찌그러져서 왔네요~
리뷰에 잘 펴진다해서 교환 귀챦아서 제가 손으로 폈는데 많이 찌그러진데는 이쁘게는 안펴지네요~
안장 제일 낮게해서 아들과 같이 타려고 하는데 자전거도 타기 쉽지않네요~
열심히 연습해서 가까운 곳은 자전거 이용 하렵니당~",4,1,부정
kipl********,2021-04-23T01:25:34.098+00:00,자전거: 01.삼천리 카라 / 컬러: 다크민트(바구니포함),어린이날 선물인데 아이가 너무 맘에 들어해요,5,2,부정
kipl********,2021-04-23T01:25:16.637+00:00,자전거: 02.삼천리 메이비20 / 컬러: 라이트핑크(바구니포함),어린이날 선물인데 아이가 너무 맘에 들어해요,5,1,긍정
99ek****,2021-04-09T02:30:00.933+00:00,자전거: 01.삼천리 카라 / 컬러: 다크블루(바구니포함),조금 무겁긴 이 정도 쯤은 애들도 커버하네요 ㅎㅎ,4,1,부정
ro****,2021-05-02T08:04:30.692+00:00,자전거: 01.삼천리 카라 / 컬러: 다크블루(바구니포함),고장안나고잘타고다녀요,5,1,부정
reno****,2021-03-23T13:42:44.208+00:00,자전거: 02.삼천리 메이비20 / 컬러: 민트(바구니포함),씽씽 잘나갑니다. 완벽할순 없지만 만족해요,5,2,긍정
reno****,2021-03-23T13:42:00.433+00:00,자전거: 01.삼천리 카라 / 컬러: 다크민트(바구니포함),씽씽 잘나갑니다. 완벽할순 없지만 만족해요,5,1,긍정
thym****,2021-03-13T11:15:54.932+00:00,자전거: 02.삼천리 메이비20 / 컬러: 민트(바구니포함),안장하고 손잡이 브레이크 정도는 조절해줘야 탈 수 있는데 왕초보라 잘 몰라서 여기저기 찾아봤네요 상세페이지에 설명 되어있으면 좋을 것 같아요 자전거는 가격도 저렴하고 마음에 듭니당,4,1,긍정
dmsc******,2021-02-20T13:52:42.582+00:00,자전거: 03.삼천리 화이트라벨 / 컬러: 화이트,자전거 역시 너무 예뻐요 배송은 ...빨리 올줄 알았는데 6일만에 왔어요 기다리다 목빠질뻔했네요그리고 자전거 엉덩이가 너무 아파요 안장 바꿔야겠어요 타고 나서 엉덩이가 아려요 이것들 때문에별 하나 뺏어요 하지만 넘 예뻐요ㅜㅜ 접이식이라 그런지 진짜 무겁긴해요 감안하고 사세용 그래도 오래오래 탈듯해요 만족합니다 많이파세용,4,1,긍정
with***,2021-04-08T01:40:41.672+00:00,자전거: 01.삼천리 카라 / 컬러: 다크민트(바구니포함),좀 무겁긴하지만 아이가 좋아해요!,5,1,긍정
sinb******,2021-04-03T13:37:10.374+00:00,자전거: 04.삼천리 로시난테 / 컬러: 네이비,조금 상처가 있게 왔지만 문제없이 탈 수 있겠네요 감사합니다~!,4,1,긍정
ljy5*****,2021-03-19T07:23:11.191+00:00,자전거: 03.삼천리 화이트라벨 / 컬러: 화이트,디자인예쁘고 가성비가 좋네요 단점은 접이식 미니벨로라 그런가 오르막길 올라갈때 힘들어요,4,1,긍정
civi***,2021-04-24T01:01:09.575+00:00,자전거: 01.삼천리 카라 / 컬러: 다크블루(바구니포함),아직 조립하지못했지만 내일은 공원에가서 시승을 해봐야죠. 재밌게 탈게요,5,1,부정
wjde*****,2021-04-19T01:28:10.824+00:00,자전거: 01.삼천리 카라 / 컬러: 다크블루(바구니포함),딸이 출근길 잘 사용하고 있어요~~성인은 바퀴24인치  추천합니다  약간 오르막은 힘이 든가 봅니다~~~,4,1,긍정
2_****,2021-04-04T01:46:11.975+00:00,자전거: 01.삼천리 카라 / 컬러: 다크블루(바구니포함),크기가 적당해서 가볍게 타기 좋아요,5,1,부정
dd****,2021-02-28T12:17:11.921+00:00,자전거: 02.삼천리 메이비20 / 컬러: 민트(바구니포함),요즘 자전거는 이런가요? 전에 둘째것도 막타고 부딫히기도햇어도 뭐 애들이 일부러 그런건 아니지만 모시려고 타는건 아니니 좀 타니  앞에가 360도 돌아가던데  중국산이여서 그런가 햇는ㄷ 자전거포가서 고쳐도 안고쳐지고 타다 버려서 이번에 내임벨류잇는 걸로 주문햇는데 방식이 똑같네요 오래탈려고 큰거 삿는데 이거또 돈버렷나 싶은데  아직 뭐 타봐야 알겟죠뭐 전문가도 아니라 잘 모르겟네요   아무튼 배송이나 상품상태는 좋아요,5,1,부정
salt****,2021-03-25T04:59:00.380+00:00,자전거: 03.삼천리 화이트라벨 / 컬러: 화이트,조립은 집근처 자전거 전문 수리점에 맡기고 꼼꼼히 조율도 받았습니다. 가격대비 잘 나가고 정말 만족합니다.,5,1,부정
naya****,2021-04-20T00:38:38.261+00:00,자전거: 01.삼천리 카라 / 컬러: 다크블루(바구니포함),튼튼하고 좋네요! 아이가 좋아합니다~,5,1,부정
hime***,2021-03-11T11:00:35.026+00:00,자전거: 01.삼천리 카라 / 컬러: 다크블루(바구니포함),"보조 바퀴를 장착 하려면 같이동봉되어 있는 공구로는 풀수가 없더군요~~ 그리고 택배사 사정이긴 하나 택배도 늦게왔습니다~~
제품은 괜찮아 보입니다
뒷바퀴쪽 브레이크가 휠에 붙어 있어 문의좀 드리려 했는데 오후 4시까지만 전화를 받으신다고 하는건 좀 그렇네요~~",3,1,부정
join*****,2021-04-10T01:54:25.090+00:00,자전거: 01.삼천리 카라 / 컬러: 다크블루(바구니포함),접이식 되니까 편하긴 하네요,4,1,부정
drea*******,2021-03-17T14:48:30.839+00:00,자전거: 04.삼천리 로시난테 / 컬러: 네이비,"조립이 조금 빡셌지만
여자 혼자 낑낑해서 30분만에 완료했어요
아빠가 나사로 전조등 후미등 고정해주고
전조등 후미등 있어서 좋았어요 
바람 넣으러 삼천리는 한번 가야쓰것네요",5,1,부정
joko***,2021-03-24T15:55:42.071+00:00,자전거: 04.삼천리 로시난테 / 컬러: 네이비,"자전거 잘나가고 좋네용
근데 바구니 달았는데 딱 안맞아서 헐겁고
위에 걸이 부분때문에 자전거에 스크레치 엄청났네요ㅜㅜ",4,1,긍정
oztr***,2021-04-21T01:45:49.253+00:00,자전거: 04.삼천리 로시난테 / 컬러: 네이비,아직 타보지는 못했지만 디자인이 마음에 들어요,3,1,부정
sj94***,2021-03-22T07:31:52.272+00:00,자전거: 03.삼천리 화이트라벨 / 컬러: 화이트,"디자인 예쁘고 접이식이라 차에 실기도 좋아요
안장은 커버 씌워도 엉덩이가 아파서
다른거로 교체했어요",5,1,부정
dd****,2021-04-02T05:58:58.761+00:00,자전거: 02.삼천리 메이비20 / 컬러: 민트(바구니포함),아이가 젛아해요 직접 색도고르고  이것저것 조절도 되고 좋아요,5,1,부정
sang*****,2021-04-18T14:12:47.773+00:00,자전거: 02.삼천리 메이비20 / 컬러: 라이트핑크(바구니포함),아이가 좋아해요 저렴하게 잘산것같아요,4,1,부정
dl****,2021-04-26T09:45:15.682+00:00,자전거: 01.삼천리 카라 / 컬러: 다크블루(바구니포함),배송도 빠르고 상품도 좋아요,5,1,부정
delu***,2021-04-11T20:28:30.878+00:00,자전거: 01.삼천리 카라 / 컬러: 다크블루(바구니포함),깔끔하고 좋은데 생각보다 작아요. 초5어린인데 좀 작은것 같음.,4,1,긍정
wlsg*******,2021-03-20T02:19:45.584+00:00,자전거: 02.삼천리 메이비20 / 컬러: 라이트핑크(바구니포함),"아이가 너무잘타고  타면탈수록  너무편하고좋아요
한강라이딩도 나갔어요 만족만족해요",5,1,부정
seoj******,2021-04-04T13:00:55.838+00:00,자전거: 03.삼천리 화이트라벨 / 컬러: 화이트,ㅋㅋ조립도 간편하고 타고다니기도 이쁘네요ㅎㅎ,4,1,부정
xg****,2021-03-22T09:50:13.794+00:00,자전거: 03.삼천리 화이트라벨 / 컬러: 화이트,"조립은 남자가 해야할거같아요~
오자마자 자전거타고 달렸는데 좋아요
만족합니다",5,1,긍정
juda****,2021-04-12T03:07:19.651+00:00,자전거: 02.삼천리 메이비20 / 컬러: 라이트핑크(바구니포함),민트색 샀다가 딸이 핑크색으로해달라해서 민트는 싸게 팔고 핑크로 다시 샀네요~가성비는좋습니다~ 브레이크는 다시조절해야하네요~~,4,1,부정
qusr****,2021-04-01T15:06:01.468+00:00,자전거: 03.삼천리 화이트라벨 / 컬러: 화이트,배송도빠르고 자전거도이쁘고 아주만족해요,5,1,긍정
shin******,2021-04-14T12:08:44.088+00:00,자전거: 01.삼천리 카라 / 컬러: 다크민트(바구니포함),아주 좋아요 배송빠르고 품질도 좋고,5,1,긍정
part***,2021-04-23T09:42:56.663+00:00,자전거: 01.삼천리 카라 / 컬러: 다크민트(바구니포함),"배송이 진짜 빠릅니다.
조립도 쉬움",5,1,부정
wldm*****,2021-04-02T04:33:46.406+00:00,자전거: 03.삼천리 화이트라벨 / 컬러: 화이트,"제품은 생각보다 큰것빼곤 이쁘고 괜찮아요
안장은 다른분들이 궁둥이.아프다해서 얼마나 아프겠나 했는데 정말 1시간타고 3일이나 아플줄이야.... 안장때문에 무서워서 못타겠어요 
안장만 바꾸면 잘 타고 다닐것 같네용",4,1,부정
hyun******,2021-04-25T03:07:32.053+00:00,자전거: 01.삼천리 카라 / 컬러: 다크블루(바구니포함),"디자인이쁘고 조립도 편해요
잘타고 있어요",5,1,부정
gofo****,2021-04-04T09:03:50.971+00:00,자전거: 02.삼천리 메이비20 / 컬러: 민트(바구니포함),자전거는 이쁜데 너무 무겁고 기어변속이 잘 안되요,3,1,긍정
ljy5*****,2021-04-25T14:48:56.330+00:00,자전거: 03.삼천리 화이트라벨 / 컬러: 화이트,동네마실용으로 나쁘지않아요,4,1,부정
love*****,2021-03-15T10:52:09.945+00:00,자전거: 01.삼천리 카라 / 컬러: 다크민트(바구니포함),4학년 아이가 골라서 구매했어요 색상도 맘에 들어하고 잘 나간다고 좋아해요,5,1,부정
38ro***,2021-05-03T02:58:17.913+00:00,자전거: 02.삼천리 메이비20 / 컬러: 민트(바구니포함),좋네요 좋네요 좋네요,4,1,부정
junk*****,2021-04-27T14:13:23.532+00:00,자전거: 01.삼천리 카라 / 컬러: 다크블루(바구니포함),잘타고있어요 초딩생용 입니다,5,1,부정
sc****,2021-03-21T07:51:50.725+00:00,자전거: 03.삼천리 화이트라벨 / 컬러: 화이트,"부품 빠져왔는데 빠른처리로 보내주셨어요
자전거도 이쁘고 만족합니다",5,1,부정
chae*******,2021-04-18T00:15:13.723+00:00,자전거: 02.삼천리 메이비20 / 컬러: 민트(바구니포함),아이가 좋아해요 바구니는 금방 찌그러짐,5,1,부정
es****,2021-03-06T05:29:33.402+00:00,자전거: 01.삼천리 카라 / 컬러: 다크블루(바구니포함),아주 빨리 배송되고  전문가 도움 없이도 조립이 아주 쉽습니다. 바람이 조금 부족해서 제가 넣었습니다. 초등4. 딸아이도 잘타고 좋습니다,5,1,부정
kaj1***,2021-02-27T11:38:24.602+00:00,자전거: 01.삼천리 카라 / 컬러: 다크블루(바구니포함),애가너무좋아하네요 배송도빠르고 포장도튼튼하게왔어요 색상은 화면보다 더 깔끔해요 단계조절도 잘돼요,5,1,긍정
ah****,2021-04-30T05:58:23.162+00:00,자전거: 01.삼천리 카라 / 컬러: 다크민트(바구니포함),아이가 좋아해요~~^^,4,1,긍정
noop***,2021-04-12T00:40:22.941+00:00,자전거: 01.삼천리 카라 / 컬러: 다크민트(바구니포함),"배송 빠릅니다~ 나사 몇개만 조이면 끝이네요~ 
좋은 제품 싸게 샀어요~",5,1,부정
dong********,2021-04-04T09:31:44.058+00:00,자전거: 03.삼천리 화이트라벨 / 컬러: 화이트,안장 교체하고 오늘 첨 스타트 난족합니다.,5,1,부정
aa****,2021-04-29T16:20:55.261+00:00,자전거: 02.삼천리 메이비20 / 컬러: 라이트핑크(바구니포함),가성비 최고 입니다.~~~~~~~,5,1,부정
ga****,2021-04-26T01:27:24.618+00:00,자전거: 01.삼천리 카라 / 컬러: 다크블루(바구니포함),가성비  대박~~~~~야무지고 아주좋아요~~~~~~~,5,1,긍정
worh*******,2021-05-17T23:59:00.977+00:00,자전거: 02.삼천리 메이비20 / 컬러: 민트(바구니포함),너무너무 좋아요^^,5,1,부정
kmg4***,2021-04-06T12:48:13.161+00:00,자전거: 01.삼천리 카라 / 컬러: 다크블루(바구니포함),딸아이랑 주말에 또는 저녁에 잘타요~~,5,1,부정
anst*****,2021-04-22T07:33:01.360+00:00,자전거: 02.삼천리 메이비20 / 컬러: 라이트핑크(바구니포함),초3 여아용인데 조립도 쉽고 딱 맞네요,5,1,부정
86****,2021-03-24T02:22:13.729+00:00,자전거: 01.삼천리 카라 / 컬러: 다크블루(바구니포함),"초등 5학년 3학년 인데 사이즈가 딱 좋아요 
접이식인데 제가 들기엔 좀 무거워서 그냥 펴서 쓰구 있어요",5,1,긍정
sh****,2021-02-09T13:24:40.287+00:00,자전거: 01.삼천리 카라 / 컬러: 다크블루(바구니포함),"가격대비 완전 만족합니다^^
자전거 못 타던 12살 딸래미 보조바퀴달고 3일만에 자전거를 배웠습니다~
한번도 다치지 않고 자전거를 배울수 있다니 너무 좋네요~~
자전거 가르쳐줄 생각에 고생하겠다 생각했는데 너무 감사하네요~~
접이식이라 트렁크에 싫고 다녀서 좋구 전등도 있고 바구니도 있고 가격대비 만족합니다^^",5,1,부정
daih*****,2021-03-19T06:43:34.484+00:00,자전거: 02.삼천리 메이비20 / 컬러: 민트(바구니포함),자전거도 좋고 판매자님도 아주아주 친절하십니다. 다만 택배사가 아주 화나게하네요. 판매자님믿고 추가 구매예정입니다.,5,1,긍정
bost******,2021-05-01T03:32:04.405+00:00,자전거: 04.삼천리 로시난테 / 컬러: 네이비,감사합니다@@@@@@,4,1,긍정
guri********,2021-03-26T00:55:58.877+00:00,자전거: 02.삼천리 메이비20 / 컬러: 라이트핑크(바구니포함),너무 이뻐요 조립하고 바로 타러 나가네요,5,1,긍정
yeom***,2021-04-01T08:13:00.054+00:00,자전거: 01.삼천리 카라 / 컬러: 다크블루(바구니포함),좋아요 잘 타고 있어요,5,1,부정
youw****,2021-05-21T00:35:50.581+00:00,자전거: 01.삼천리 카라 / 컬러: 다크블루(바구니포함),"조립이 쉽고, 자전거 퀄리티가 기대이상이네요. 초2 아들이 엄청 좋아합니다.",5,1,부정
oksk***,2021-03-13T12:23:07.170+00:00,자전거: 01.삼천리 카라 / 컬러: 다크블루(바구니포함),주문다음날바로받았어요~ㅎ 조립도 거의 다 되와서 쉽게한것같아요. 신나게 잘 탔습니다. 근데바구니가 좀더 단단하게 고정이 됐으면 좋을것같아요 타다 넘어지니 바구니도 같이 떨어져서 다시 걸었네요,5,1,부정
gghk****,2021-04-04T08:26:41.099+00:00,자전거: 01.삼천리 카라 / 컬러: 다크민트(바구니포함),"10살 딸 아이가 타기 좋아요
안장 제일 낮게 해놓고 타요
딸아이 키는 127센티에요 
비슷한가격대 중국산 놓고 고민하지 마시고
2~3만원 시원하게 더 쓰시는거 강추 입니다.",5,1,긍정
thdw*****,2021-03-11T15:28:21.432+00:00,자전거: 03.삼천리 화이트라벨 / 컬러: 화이트,자전거 아아아예 처음 타보는 초보인데도 조립방법이 크게 어렵지 않았고 (한시간 정도 뚝딱거리면 완료!)근데 안장이 넘 딱딱해용 ㅠ 근데 원래 자전거 안장이 그렇죠 뭐 .. 그거말고는 다 완벽했습니다,4,1,긍정
wint***,2021-04-17T01:14:47.061+00:00,자전거: 04.삼천리 로시난테 / 컬러: 네이비,가격대비 좋습니다 어린이가 탈려고했는데 크기는 하네요,5,1,부정
wlsg******,2021-03-28T03:08:30.329+00:00,자전거: 03.삼천리 화이트라벨 / 컬러: 화이트,좋아요 여자친구랑타려고 샀어요,5,1,부정
peac****,2021-04-14T00:52:46.506+00:00,자전거: 01.삼천리 카라 / 컬러: 다크블루(바구니포함),"아들이 좋아하네요.
접이식인데 이쁘네요",5,1,긍정
dong******,2021-04-18T02:32:39.893+00:00,자전거: 02.삼천리 메이비20 / 컬러: 라이트핑크(바구니포함),빠른 배송. 아이들이 좋아 하니~ 좋네요,4,1,부정
cybe******,2021-03-14T23:49:48.409+00:00,자전거: 03.삼천리 화이트라벨 / 컬러: 화이트,"배송도 빠르고 아무문제 없이 잘 도착했습니다.
이번 봄이 기대가 되네요",5,1,부정
sinb******,2021-04-03T13:38:33.230+00:00,자전거: 03.삼천리 화이트라벨 / 컬러: 화이트,잘탈게요 감사합니다~!,4,1,긍정
vkim****,2021-03-16T03:24:34.582+00:00,자전거: 03.삼천리 화이트라벨 / 컬러: 화이트,"조립식 이라서 상당히 불편 하구요
의자도 거꾸로 되어있고
앞에 손잡이도 계속 움직여서
어떻게 끌고 다녀야할지 모르겠어요
계속 자전거가 쓰러지고ㅠ",1,1,부정
ro****,2021-03-23T23:34:36.087+00:00,자전거: 01.삼천리 카라 / 컬러: 다크민트(바구니포함),"카라가 조립하기 더 쉬웠어요 연결고리들이 덜 뻑뻑해서 잘 돌아가서요~^^
잘탈게요~^^",5,1,긍정
ba****,2021-03-06T05:44:08.409+00:00,자전거: 01.삼천리 카라 / 컬러: 다크블루(바구니포함),"자전거 정말 이쁘네요
초등학생 여성분들께 강추합니다.
바구니가 찌그러저서 왔는데, 바로
다시 보내 주셔서 잘 받았습니다.",5,1,부정
zzzu***,2021-04-13T06:14:59.615+00:00,자전거: 01.삼천리 카라 / 컬러: 다크블루(바구니포함),보조바퀴가 조금 낮아요~~! 높이는 성인여성 타기 좋아요!,5,1,부정
psjt****,2021-03-25T11:22:33.305+00:00,자전거: 02.삼천리 메이비20 / 컬러: 민트(바구니포함),아이가 좋아해요 싸고좋아요,5,1,부정
daep*****,2021-03-11T12:01:36.710+00:00,자전거: 04.삼천리 로시난테 / 컬러: 네이비,"상당히 이쁘고, 조립도 제가 했는데 그리.어렵진 않았습니다. 니퍼랑 드라이버만 있으면 되더군요. 좋은 제품 감사합니다.",5,1,부정
gr****,2021-04-02T03:14:28.747+00:00,자전거: 03.삼천리 화이트라벨 / 컬러: 화이트,"무엇보다 가성비 이쁘고 좋아요
아이가 좋아서 매일 자전거 타네요
사주길 잘한 것 같아요",5,1,부정
hchi****,2021-03-20T10:28:05.579+00:00,자전거: 03.삼천리 화이트라벨 / 컬러: 화이트,"저렴한 가격에 잘 구매한것 같아요.
요즘 날씨가 좋아서 잘 타고 있습니다.",5,1,긍정
zzzu***,2021-04-20T14:03:17.269+00:00,자전거: 01.삼천리 카라 / 컬러: 다크블루(바구니포함),매일밤 연습삼이 타고 있어요 좋아요,5,1,부정
amic****,2021-03-23T13:40:25.789+00:00,자전거: 01.삼천리 카라 / 컬러: 다크민트(바구니포함),10살 여자아이에게 딱~ 너무 예쁘고 좋아요!!,5,1,부정
elan****,2021-03-27T19:00:28.791+00:00,자전거: 03.삼천리 화이트라벨 / 컬러: 화이트,자전거가 좀 무겁습니다 그래서 운동이 됩니다,3,1,긍정
won6***,2021-03-24T13:26:59.633+00:00,자전거: 02.삼천리 메이비20 / 컬러: 민트(바구니포함),아이생일 선물로 구입했습니다 너무 좋아하네요,5,1,부정
ardu*******,2021-03-25T04:38:21.669+00:00,자전거: 02.삼천리 메이비20 / 컬러: 민트(바구니포함),"자전거 싸고 예쁨니다!!
어머니 선물로 사드렸는데 엄청 좋아하시네요~",5,1,긍정
dlsk*****,2021-03-05T05:30:30.045+00:00,자전거: 02.삼천리 메이비20 / 컬러: 라이트핑크(바구니포함),"8살딸아이자전거로구매했습니다
보조바퀴는혼자못하겠더라구요
오프라인매장가서달았어요
엄청무겁네요ㅜ
아직타는게익숙치않아서쌩쌩은안됩니다
어서보조바퀴떼고쌩쌩달리는모습
보고싶네요
가성비좋아요",5,1,긍정
wlsg******,2021-03-28T03:09:25.368+00:00,자전거: 03.삼천리 화이트라벨 / 컬러: 블랙,직접조립해서그런지 기어 변속기는 살짝손봐야할듯요,5,1,부정
wj****,2021-03-20T02:13:14.988+00:00,자전거: 01.삼천리 카라 / 컬러: 다크민트(바구니포함),배송도 빠르고 초등4학년아이가 타니 딱이네요~,5,1,긍정
jhm7***,2021-04-24T04:24:05.869+00:00,자전거: 01.삼천리 카라 / 컬러: 다크블루(바구니포함),자전거 잘 타고다닙니다.,5,1,부정
alsr******,2021-03-12T00:07:51.469+00:00,자전거: 02.삼천리 메이비20 / 컬러: 라이트핑크(바구니포함),배송도 빠르고 자전거 진짜 이뻐요 색깔도 그렇고~근데 조금 아쉬운점은 성인 여자가 타기엔 좀 작은거 같아요ㅠㅠ,5,1,긍정
yg****,2021-03-20T13:38:21.154+00:00,자전거: 01.삼천리 카라 / 컬러: 다크블루(바구니포함),적당한데 아주 좋습니다. 조립공구도 포함되어 있습니다,4,1,긍정
dmst*****,2021-03-14T03:00:08.380+00:00,자전거: 01.삼천리 카라 / 컬러: 다크블루(바구니포함),자전거 두 대 구매하니 추가 할인도 있고 배송도 빠르고 문의 답변도 상세히 잘 해주셔서 좋았습니다!,5,1,긍정
wjsr*****,2021-03-19T13:17:50.476+00:00,자전거: 03.삼천리 화이트라벨 / 컬러: 화이트,"초등학교 4학년인데 타기 괜찮네요
블랙 품절이라 화이트 삿는데 화이트도
이쁘네요
접는것도 편하네요",5,1,부정
jsto***,2021-03-15T02:11:00.311+00:00,자전거: 04.삼천리 로시난테 / 컬러: 네이비,지인 선물했는데 차체가 무거워서 속도가 안난다고하네요.. 디자인은 괜찮습니다,3,1,긍정
hoya****,2021-03-21T01:22:37.314+00:00,자전거: 01.삼천리 카라 / 컬러: 다크민트(바구니포함),"파손없이 잘 보내 주셨네요.
조립도 간단하고, 아이가 좋아해요..",5,1,부정
iy****,2021-03-12T00:00:12.727+00:00,자전거: 01.삼천리 카라 / 컬러: 다크블루(바구니포함),아기자기하고 괜찮아요! 근데 바구니가 좀 덜렁덜렁거려서 거슬리긴 하네요 ㅠ 그래도 조립도 간편하고 만족 ^^,5,1,긍정
maes*****,2021-04-01T05:51:28.494+00:00,자전거: 01.삼천리 카라 / 컬러: 다크민트(바구니포함),색상이 너무 예쁩니다.~~,5,1,긍정
sjys****,2021-03-21T08:14:13.444+00:00,자전거: 03.삼천리 화이트라벨 / 컬러: 화이트,조립 간편하고 좋아요. 안장은 딱딱해요.,5,1,긍정
blue***,2021-02-23T08:32:45.942+00:00,자전거: 02.삼천리 메이비20 / 컬러: 민트(바구니포함),"예쁘고 조립도 쉽네요
앞브레이크는 조립안된 상태로 오는데 뒷브레이크 보면서 따라서 하면 되네요
근데 브레이크 잡을때 너무 꽉 잡혀서 근처 자전거방 가서 조율받긴해야 할듯 해요
뒷좌석에 살짝 긁힌부분 있긴한데 신경쓰일정도는 아닙니다",5,1,긍정
yoll***,2021-03-18T11:03:55.094+00:00,자전거: 01.삼천리 카라 / 컬러: 다크민트(바구니포함),초등학생 딸 선물로 구매했는데 아이가 너무 좋아하네요~,5,1,부정
yeom***,2021-03-10T01:39:53.028+00:00,자전거: 03.삼천리 화이트라벨 / 컬러: 화이트,"다자인 너무 이쁘고 잘 나가요 
배송 빠르고 조립도 쉬워요^^
자전거를 택배로 받다니 최고입니다ㅎㅎ",5,1,부정
prem*****,2021-04-18T03:32:13.335+00:00,자전거: 01.삼천리 카라 / 컬러: 다크민트(바구니포함),배송빠르고  좋아요.,5,1,부정
jf****,2021-03-29T13:39:09.954+00:00,자전거: 01.삼천리 카라 / 컬러: 다크블루(바구니포함),만족하며 잘 타고 있습니다.,5,1,긍정
chae*****,2021-04-07T11:08:07.904+00:00,자전거: 01.삼천리 카라 / 컬러: 다크블루(바구니포함),"자전거 마음에 듭니다
사용도 편하고 
다만 여자가 들고 계단을 다니기에 조금 무겁네요",4,1,긍정
tomy******,2021-03-27T05:56:31.862+00:00,자전거: 01.삼천리 카라 / 컬러: 다크블루(바구니포함),"잘타고있어요
좀 작은거 같긴한데
그래서 발을 더 많이 굴러야 하는?그런
불편함이 있는것도 같아요ㅋ
그래도
아담하니 이쁘곶고장 없이 잘타고있습니다.",5,1,부정
lee7******,2021-03-08T03:19:55.238+00:00,자전거: 02.삼천리 메이비20 / 컬러: 민트(바구니포함),컬러가 넘 마음에 들어요. 좀 무겁긴합니다. 그래도 가격대비 괜찮아요. 조립도 쉬워요.,4,1,긍정
nitr*****,2021-03-09T09:06:25.829+00:00,자전거: 01.삼천리 카라 / 컬러: 다크블루(바구니포함),2일만에 칼배송 왔네요 조립 난이도 하입니다 딸아이가 좋아하네요 제품 만족합니다,5,1,부정
gnsw****,2021-03-28T01:29:45.832+00:00,자전거: 01.삼천리 카라 / 컬러: 다크민트(바구니포함),"여자혼자조립하는게 어렵진않았지만 좀 헤맸네요
아이도타고 저도타고 접이식까지 되니 1석3조
오르막길은 다소 힘들지만 부담없는가격에 막 탈수있어 좋아요",5,1,부정
ys__***,2021-04-08T04:47:27.070+00:00,자전거: 02.삼천리 메이비20 / 컬러: 라이트핑크(바구니포함),만족합니다. 서비스 좋아요.,5,1,긍정
sara******,2021-04-17T09:06:40.358+00:00,자전거: 01.삼천리 카라 / 컬러: 다크블루(바구니포함),상품 배송모두 만족합니다,5,1,부정
ku****,2021-04-09T03:24:57.123+00:00,자전거: 01.삼천리 카라 / 컬러: 다크블루(바구니포함),여자도 조작하기 쉽고 타기 좋네요. 잘 산거 같아요,5,1,부정
like****,2021-03-27T05:19:22.966+00:00,자전거: 02.삼천리 메이비20 / 컬러: 민트(바구니포함),조립설명서가 좀 부실합니다,5,1,부정
re****,2021-04-15T11:38:00.365+00:00,자전거: 01.삼천리 카라 / 컬러: 다크민트(바구니포함),디자인 깔끔하고 초3이 타기 딱 좋네요,5,1,긍정
mu09****,2021-03-21T12:17:38.568+00:00,자전거: 02.삼천리 메이비20 / 컬러: 라이트핑크(바구니포함),튼튼하고 예뻐요~아이가 좋아해요~~ㅎ,5,1,긍정
erl1***,2021-03-21T15:01:59.134+00:00,자전거: 01.삼천리 카라 / 컬러: 다크블루(바구니포함),"배송이 빠르고 제품도 만족스럽습니다.전문점에 가서
조율 받아서 안전하게 잘타겠습니다.
가격또한 적당히 저렴하게 좋은제품 구입한것 같아서 
만족스럽습니다.
감사합니다.~^^",5,1,부정
sowh*****,2021-03-04T07:15:13.158+00:00,자전거: 01.삼천리 카라 / 컬러: 다크블루(바구니포함),조립할것도 없네요.. 튼튼해서 무게는 좀 나가는편입니다. 여자혼자 들고 계단 내려가긴 버거울듯..,5,1,긍정
pink***,2021-03-16T01:21:48.106+00:00,자전거: 03.삼천리 화이트라벨 / 컬러: 화이트,"자전거 조립할줄알아야할듯요
아니면 돈주고 조립해야해서
예쁘고 어른도 초등4학년여아도타기좋네요",5,1,긍정
leec*****,2021-04-05T03:28:07.616+00:00,자전거: 02.삼천리 메이비20 / 컬러: 민트(바구니포함),"자전거 바구니 너무 허접하네요
저런 바구니가 1만원이나 하다니.
배송은 빠르네요",3,1,부정
frie******,2021-03-10T01:43:01.842+00:00,자전거: 02.삼천리 메이비20 / 컬러: 라이트핑크(바구니포함),"싸게잘샀어요~♡
색깔도이쁘구 좋네여
8살 살짝크긴한데 잘타요",5,1,긍정
jee8***,2021-02-20T09:24:24.652+00:00,자전거: 01.삼천리 카라 / 컬러: 다크블루(바구니포함),"키 170기준 사용하는데 큰 불편함은 없어요!
제가 키가 커서 자전거가 너무 작을거같았는데 그냥 나름 탈만한데 허벅지에 힘 무진장 들어가서 아파요,,ㅎㅎ
완전 기계치에다 조립 못하는 사람이라 조립하는데 쫌 애먹긴 했는데 그래도 전화해서 물어보니 사진찍어서 엄청 자세하게 알려주셔서 다행히도 잘 마무리 짓고 타고다니고 있습니다",4,1,부정
arch****,2021-04-14T13:51:17.445+00:00,자전거: 01.삼천리 카라 / 컬러: 다크블루(바구니포함),조립도 어렵지 않고 잘타고 있습니다.,5,1,긍정
xk****,2021-03-13T00:54:49.467+00:00,자전거: 03.삼천리 화이트라벨 / 컬러: 블랙,"바퀴 튜브가 튀어나왔었지만 바람빼고 다시 넣었어요 
좋네요 ㅋ 애기들이 엄창좋아합니다",4,1,부정
hodo****,2021-03-20T08:54:50.950+00:00,자전거: 03.삼천리 화이트라벨 / 컬러: 화이트,자전거 너무 이쁘고 포장도 꼼꼼히 잘 왔어요,5,1,부정
ysm6****,2021-03-20T05:04:34.781+00:00,자전거: 03.삼천리 화이트라벨 / 컬러: 화이트,사진보다 훨씬 깔끔하고 무엇보다 타 중국산이랑 비교가 안되네요 굿,5,1,긍정
pday****,2021-02-18T13:00:37.993+00:00,자전거: 02.삼천리 메이비20 / 컬러: 민트(바구니포함),조카 초등 입학선물인데 맘에들어하네요 생각보다 많이 크지는 않아요 2학년쯤에 보조바퀴 떼기를 기대합니다,4,1,긍정
geo1***,2021-02-28T08:55:58.125+00:00,자전거: 03.삼천리 화이트라벨 / 컬러: 화이트,자전거 펑크난채로 와서 대리점까지 끌고가는데 고생했어요 그래도 수리비 영수증 첨부해서 환불 해주신다네요 바구니도 택배사에서 분실됐는데 너무 안오길래 먼저 말했더니 그제서야 다시 보내주시고 좀 실망했어요,2,1,긍정
bokk***,2021-03-04T01:14:12.709+00:00,자전거: 02.삼천리 메이비20 / 컬러: 민트(바구니포함),우이딸이 너무좋아해요  잘사용하겠습니다 배송도 빠르네요,5,1,부정
miru*******,2021-04-16T12:46:59.814+00:00,자전거: 01.삼천리 카라 / 컬러: 다크블루(바구니포함),"제품, 배송 모두 만족합니다.",5,1,부정
na52****,2021-03-15T11:14:16.485+00:00,자전거: 01.삼천리 카라 / 컬러: 다크블루(바구니포함),디자인이나 색상 너무 이뻐요! 출퇴근용으로 잘 타고 다닙니당!,5,1,부정
robo******,2021-03-07T16:09:39.148+00:00,자전거: 02.삼천리 메이비20 / 컬러: 민트(바구니포함),조립간편하고 잘 나갑니다. 무겁다는 단점이 있고 포장과 배송에 의해 찍히고 찌그러진 부분이 조금 있어 아쉽지만 타다보면 어차피 생길 흠이라 생각합니다.,5,1,긍정
witc*****,2021-04-12T13:40:45.368+00:00,자전거: 03.삼천리 화이트라벨 / 컬러: 블랙,"덕분에 출퇴근 잘하고있습니다.
가성비 좋아요.",5,1,부정
samt****,2021-03-18T08:18:53.981+00:00,자전거: 01.삼천리 카라 / 컬러: 다크블루(바구니포함),애기들 타기딱 좋아요!! Suv트렁크에 잘들어갑니다,5,1,부정
cjko****,2021-04-13T08:59:25.708+00:00,자전거: 03.삼천리 화이트라벨 / 컬러: 화이트,가성비 괜찮은거 같아요~,5,1,부정
lllo******,2021-05-01T00:40:04.529+00:00,자전거: 01.삼천리 카라 / 컬러: 다크블루(바구니포함),좋아요좋아요좋아요좋아요,5,1,긍정
juda****,2021-04-12T03:10:02.811+00:00,자전거: 02.삼천리 메이비20 / 컬러: 민트(바구니포함),가성비 좋습니다~ 딸이 초2(신장127)인데 잘타고 다닙니다~,4,1,부정
youn*****,2021-04-03T10:52:54.922+00:00,자전거: 03.삼천리 화이트라벨 / 컬러: 화이트,배송빨라요. 안장이 엉덩이가 아프네요,3,1,긍정
ekdm****,2021-03-13T03:01:48.370+00:00,자전거: 04.삼천리 로시난테 / 컬러: 네이비,너무 이뻐요!! 조립하는것도 간편해서 혼자 잘할수 있었어요,5,1,부정
eu****,2021-03-17T09:26:03.853+00:00,자전거: 02.삼천리 메이비20 / 컬러: 라이트핑크(바구니포함),"빠르게 꼼꼼하게 잘 배송되어 왔어요
조립전인데 별 이상없기를 바랍니다",5,1,긍정
nine********,2021-03-27T05:34:31.443+00:00,자전거: 01.삼천리 카라 / 컬러: 다크민트(바구니포함),"애들이 좋아합니다.
조립 설명서가 간단하게라도 있었으면 좋겠네요.
상자푸시고, 상품 묶여있는부분 자세히 확인하셔서 푸세요.
성격 급하신분들은 답답하실겁니다.",4,1,긍정
ga****,2021-05-07T09:53:17.889+00:00,자전거: 02.삼천리 메이비20 / 컬러: 민트(바구니포함),너무너무 감사 감사 합니다,5,1,긍정
wntm******,2021-03-05T16:01:19.606+00:00,자전거: 03.삼천리 화이트라벨 / 컬러: 화이트,"하루만에 배송 왔습니다ㅎㅎ 무겁다는 말들이 많아서 걱정했는데 저는 괜찮았어요 엄청 잘 나가네요
집 밑 삼천리자전거 가서 조립 받았어요!",5,1,부정
jhwy******,2021-03-20T11:06:29.431+00:00,자전거: 01.삼천리 카라 / 컬러: 다크블루(바구니포함),배송빠르고 좋습니다~^^,5,1,긍정
ktp0***,2021-03-17T13:52:03.923+00:00,자전거: 01.삼천리 카라 / 컬러: 다크민트(바구니포함),설명내용과 동일함 초1이 처음배우기 적합,5,1,부정
pine********,2021-03-06T04:58:01.385+00:00,자전거: 01.삼천리 카라 / 컬러: 다크블루(바구니포함),"아직 타보진 않았지만 바구니도 찌그러지지 않고 꼼꼼하게 포장되서 왔네요~
잠깐 헤맸지만 조립도 간편해요.
날 좋을때 시승해봐야겠어요!",5,1,긍정
wbwb****,2021-03-01T09:19:19.677+00:00,자전거: 03.삼천리 화이트라벨 / 컬러: 블랙,너무 맘어 드네요~~  펴기만 해서 살짝 조립만 하면 끝이에요~~^^ 출퇴근 운동하려고 주문했는데 벌써부터 기대됩니다~~^^ 주문하고 이틀만에 왔어요~ 빠른배송 감사합니다~~^^,5,1,긍정
hodo****,2021-03-20T08:55:50.635+00:00,자전거: 01.삼천리 카라 / 컬러: 다크블루(바구니포함),자전거 너무 이쁘고 포장도 꼼꼼히 해주셨어요,5,1,부정
wlst******,2021-02-21T16:03:55.972+00:00,자전거: 03.삼천리 화이트라벨 / 컬러: 화이트,"자전거 엄청 이쁘네요.
접이식이라 차에싣고 다니기쉽구요
다만 접는거 익숙하지않아 좀 힘이들어요.
근데 이뻐서 좋아요~기어변속 방법도 설명해주심 좋을것같아요.",5,1,긍정
wlsd********,2021-03-16T12:39:24.861+00:00,자전거: 01.삼천리 카라 / 컬러: 다크블루(바구니포함),저희집 멈무이가 좋아합니당 그리고 후레쉬없는줄알고 시켰는데 기본 작은게 달려있네영,4,1,긍정
ska8****,2021-04-07T18:04:26.060+00:00,자전거: 01.삼천리 카라 / 컬러: 다크블루(바구니포함),매일 매일 신나게 타고 있습니다. 대만족,5,1,긍정
psj2******,2021-04-14T06:06:16.306+00:00,자전거: 01.삼천리 카라 / 컬러: 다크블루(바구니포함),좋아용 진짜 가볍게 타는 용으로 딱이에요,5,1,긍정
bbos*****,2021-03-12T11:27:45.581+00:00,자전거: 01.삼천리 카라 / 컬러: 다크민트(바구니포함),"배송도 빠르고 자전거도 너무 이쁘네요
페인팅도 잘되어있고 아이도 만족합니다
둘째아이 자전거도 구매해야겠ㅇㅓ요",5,1,부정
yeom***,2021-03-04T00:46:26.796+00:00,자전거: 01.삼천리 카라 / 컬러: 다크블루(바구니포함),"빠른 배송, 좋은 품질, 가격대비 넘 좋아요
좀 무겁긴해도 부드럽게 잘 나가고 좋아요^^",5,1,부정
kkok******,2021-03-19T07:41:28.414+00:00,자전거: 03.삼천리 화이트라벨 / 컬러: 화이트,출퇴근용으로 구매하였는데 마음에 쏙드네요,5,1,긍정
hyuc*******,2021-02-21T02:17:33.272+00:00,자전거: 02.삼천리 메이비20 / 컬러: 라이트핑크(바구니포함),배송은빨리 왔는데 바람이 빠져와서 상담사분과 통화했는데 친절하게 응대해주셨습니다. 일단 바람만 넣었는데 괜찮은거같습니다. 하루이틀 보고 바람 빠져있으면 연락드리겠습니다.,5,1,부정
blue*******,2021-03-18T08:39:49.816+00:00,자전거: 01.삼천리 카라 / 컬러: 다크블루(바구니포함),예뻐요 조립도 쉬워요,5,1,부정
ng****,2021-03-24T14:09:24.230+00:00,자전거: 04.삼천리 로시난테 / 컬러: 네이비,잘탈게요 수고용~~~,5,1,긍정
yjth*******,2021-03-05T10:10:45.305+00:00,자전거: 01.삼천리 카라 / 컬러: 다크블루(바구니포함),배송 빠르고. 안전하게 배송되었습니다.키 160 여자이고 딱 좋으네요^^ 안장이 넓어서 편해요.,5,1,긍정
mx****,2021-04-01T00:10:56.141+00:00,자전거: 01.삼천리 카라 / 컬러: 다크민트(바구니포함),"예쁘고 아이가 너무 좋아해요
배송기사님도 친절했습니다",5,1,긍정
lena****,2021-03-12T00:43:29.166+00:00,자전거: 01.삼천리 카라 / 컬러: 다크블루(바구니포함),"차 트렁크에 실을때 핸들을 풀어서 뺀후에 실어야하는 부분은 살짝 불편하지만, 나머지는 만족합니다.",4,1,부정
zzin***,2021-03-15T10:56:09.665+00:00,자전거: 02.삼천리 메이비20 / 컬러: 민트(바구니포함),"목욜밤 늦게 주문했는데 월요일 오전에 도착했습니다
배송 굿 상태 굿입니다",5,1,긍정
amet*****,2021-03-03T10:49:26.848+00:00,자전거: 01.삼천리 카라 / 컬러: 다크블루(바구니포함),"일단 자전거가 너무 이쁘고 조립도 간편해요
아이가 너무 좋아하네요 잘 타겠습니다^^",5,1,긍정
clea****,2021-03-11T09:56:55.771+00:00,자전거: 02.삼천리 메이비20 / 컬러: 라이트핑크(바구니포함),배송너무빠르고 포장꼼꼼해요,5,1,부정
dalz***,2021-03-24T04:46:19.448+00:00,자전거: 01.삼천리 카라 / 컬러: 다크블루(바구니포함),타기 부담스럽지않고 좋습니다~,5,1,긍정
alse******,2021-03-17T12:13:25.354+00:00,자전거: 01.삼천리 카라 / 컬러: 다크블루(바구니포함),빠른배송 깔끔한 상태 너무좋네요,5,1,긍정
pjke***,2021-03-26T01:44:42.245+00:00,자전거: 01.삼천리 카라 / 컬러: 다크민트(바구니포함),아이가  좋아해요   ㅋㅋㅋ,5,1,부정
fkfk********,2021-04-02T02:46:21.229+00:00,자전거: 01.삼천리 카라 / 컬러: 다크블루(바구니포함),"친구에게 선물로 줬는데
너무 맘에들어했어요
예쁘구요!",5,1,긍정
dpwl*****,2021-03-06T02:32:31.228+00:00,자전거: 01.삼천리 카라 / 컬러: 다크블루(바구니포함),아무런 이상 없이 잘 왔어요 배송이 진짜 빨라서 깜짝놀랐습니다 ..잘탈게요!!,5,1,긍정
aldh****,2021-04-13T02:17:40.517+00:00,자전거: 01.삼천리 카라 / 컬러: 다크블루(바구니포함),좀무겁지만 예뻐요.,5,1,부정
jhye******,2021-01-10T04:51:23.844+00:00,자전거: 01.삼천리 카라 / 컬러: 다크블루(바구니포함),"12시반 이전 주문 당일발송 해주셔서 좋았는데
배송업체에서 하루 묵혔다 와서ㅜㅜ
그래도 배송 빨라요!!

키 164cm 성인 여성인데 첫 자전거라 바퀴 큰 건 무서워서 카라로 샀어요
색상 너무 예쁘네요
포장도 엄청 꼼꼼해요 기스 날 수가 없는 구조ㅋㅋㅋ

미조립으로 주문했는데
남자친구가 조립해주고 이것저것 손봐줘서 바로 탈 수 있게 됐어요
자전거 펴고 안장이랑 핸들만 끼우면 되는 건데
조립이야 유튜브 보고 저 혼자서도 할 수는 있었겠지만
자전거에 대해 잘 모르시는 분이면 자전거 가게에서 손보시길 추천드려요
안전을 위해서는 전문가한테 맡겨야겠더라구요

생각했던 날짜에 배송이 안돼서 공유자전거로 연습했는데 그것보단 안장이 훨씬 편해요
사은품으로 주신 벨이랑 전조등도 귀엽고 생각보다 성능이 좋아서 그냥 사용하기로 했어요
아! 좀 무겁긴 해요ㅜㅜ

제 건 다행히 바구니 찌그러진 곳 없이 왔고
바구니 걸고 동봉해주신 밸크로로 한 번 더 고정하면 될 것 같아요
근데 바구니가 생각보다 작아서 큰 건 넣을 수가 없을 것 같아요

몰라요 걍 예쁨ㅜㅜ
안전하게 오래 탔으면 좋겠어요",5,1,긍정
happ******,2021-02-27T10:32:03.825+00:00,자전거: 03.삼천리 화이트라벨 / 컬러: 블랙,"키 178, 몸무게 90 인데 타는데 불편함은 없네요. 
조립도 쉽고 접으면 차에 들어가서 이동하기도 편합니다.",4,1,부정
cjst*****,2021-04-13T01:05:14.635+00:00,자전거: 01.삼천리 카라 / 컬러: 다크블루(바구니포함),성인이 타도 완전  튼튼 해요,5,1,부정
jojo****,2021-03-05T11:14:06.940+00:00,자전거: 02.삼천리 메이비20 / 컬러: 라이트핑크(바구니포함),뒷바퀴 휠이 휘었네요 교환하기도. 힘들거같고 MTB 탄지17년 넘었지만 자전거 금액대가 그런지라 그냥타야겠네요 ~,3,1,긍정
hyun****,2021-04-10T22:11:24.578+00:00,자전거: 01.삼천리 카라 / 컬러: 다크민트(바구니포함),예쁘고 조립도 간편해요,5,1,긍정
kimj*******,2021-03-04T08:30:11.264+00:00,자전거: 03.삼천리 화이트라벨 / 컬러: 화이트,배송도 빨랐고 제품도 마음에 들어요 안장이랑 핸들만 조립하면 돼서 어렵지 않았습니다,5,1,긍정
allt****,2021-02-25T05:30:04.777+00:00,자전거: 03.삼천리 화이트라벨 / 컬러: 블랙,"처음에 세팅할때 설명서 없어서 고생좀했네요!
그래도 어느정도 타면서 알아서 세팅 해놓으니까 탈만합니다~
오르막길은 진짜 엄청힘드니까 오르막길 많은 동네는 무조건 MTB 추천드려요!!!!",4,1,긍정
wa****,2021-05-06T10:27:06.546+00:00,자전거: 01.삼천리 카라 / 컬러: 다크민트(바구니포함),좋습니다요좋습니다요,4,2,긍정
jung*****,2021-03-16T01:29:54.776+00:00,자전거: 01.삼천리 카라 / 컬러: 다크블루(바구니포함),"무거워서 안정감이 좀 있는거 같아요
집에서 조립했는데 할만했어요
포장도 꼼꼼히 잘 되어서 왔어요
바구니 플래시 옵션도 잘왔고 연습 해서 잘 타고 다니겠습니다",5,1,긍정
27****,2021-04-07T11:08:55.907+00:00,자전거: 01.삼천리 카라 / 컬러: 다크민트(바구니포함),빠른배송과 적절한 가격 만족합니다,4,1,부정
hatn****,2021-03-13T03:57:16.150+00:00,자전거: 03.삼천리 화이트라벨 / 컬러: 화이트,이쁘고 깔끔해요. 바람은 조금 더 넣어야겠어요,5,1,부정
486t******,2021-02-27T02:11:34.142+00:00,자전거: 01.삼천리 카라 / 컬러: 다크블루(바구니포함),조립하는 것도 쉽고 빗물 방지 패드?약간 휘었었는데 힘으로 폈어욬ㅋㅋㅋ아주 저렴한가격에 예쁜 상품구매하게 되어 좋아요!,5,1,긍정
qium***,2021-04-11T09:00:04.483+00:00,자전거: 01.삼천리 카라 / 컬러: 다크민트(바구니포함),튼튼하게 잘 사용하고 있어요,5,1,긍정
sjys****,2021-03-21T07:51:48.095+00:00,자전거: 01.삼천리 카라 / 컬러: 다크민트(바구니포함),예쁘고 가볍게 타기 좋을 것 같아요.,5,1,부정
kpop*****,2021-02-20T03:51:13.548+00:00,자전거: 02.삼천리 메이비20 / 컬러: 라이트핑크(바구니포함),"이뻐요 여자애들이 딱 좋아하는 색감입니다 
생각보단 무거워요 ㅠㅜ 
배송 받고 바로 삼천리 매장가서
기본 셋팅하고 참고로 25000원 지불했습니다",5,1,부정
do33***,2021-03-28T07:54:08.023+00:00,자전거: 01.삼천리 카라 / 컬러: 다크민트(바구니포함),아이가 좋아하네요~~색상도 예쁘고  마감도 깔끔해요,5,1,부정
dp98****,2021-03-17T12:31:05.002+00:00,자전거: 01.삼천리 카라 / 컬러: 다크블루(바구니포함),"6세 110센티 너무큰거 아닐까했는데
페달에 발닿네요
참고하세요~",4,1,긍정
chs6******,2021-03-17T23:29:45.357+00:00,자전거: 02.삼천리 메이비20 / 컬러: 민트(바구니포함),"잘받았습니다 
주말에 탈려고 샀어요",5,1,부정
ilik****,2021-03-02T06:15:55.602+00:00,자전거: 02.삼천리 메이비20 / 컬러: 민트(바구니포함),예쁘고 타기에도 무난합니다. 바구니가 있어서 소지품 담기에도 넉넉하네요. 다만 안장이 조금 미끄러운 소재로 되어있어서 그 점은 조심해야할 것 같네요.,5,1,부정
writ***,2021-03-10T14:48:56.550+00:00,자전거: 01.삼천리 카라 / 컬러: 다크블루(바구니포함),"배송 빠르고 자전거도 너무 예쁜데
성인여자가 타기엔 좀 작아요ㅎㅎ",5,1,부정
jk70*****,2021-03-01T04:49:35.078+00:00,자전거: 02.삼천리 메이비20 / 컬러: 라이트핑크(바구니포함),"선물이라 조카가 예쁘다고 하였지만.아직
시승 전이고,
바퀴가 바람이 빠져있어 넣어야한다길래
별하나 뺐어요^^;;",4,1,긍정
ijoa***,2021-03-06T22:49:10.869+00:00,자전거: 01.삼천리 카라 / 컬러: 다크민트(바구니포함),튼튼하고 조립도 쉬워요~ 민트색 예뻐서 아이도 너무 맘에들어해요^^,5,1,긍정
this***,2021-03-07T01:37:14.731+00:00,자전거: 01.삼천리 카라 / 컬러: 다크민트(바구니포함),"실물도  이쁘고 튼튼해보여요~
아이가 너무 좋아합니다",5,1,긍정
ksjm****,2021-03-08T03:29:49.343+00:00,자전거: 01.삼천리 카라 / 컬러: 다크민트(바구니포함),"이뻐요~
조립하기도 어렵지않고 아이가 좋아하네요",5,1,부정
jisu******,2021-03-25T06:01:24.982+00:00,자전거: 02.삼천리 메이비20 / 컬러: 라이트핑크(바구니포함),튼튼해보이고 처음 접하는 초등4학년인데 보조바퀴도 튼튼하네염 어른이 타도 문제없을듯 보여짐니다,5,1,긍정
simd****,2021-04-01T10:37:03.606+00:00,자전거: 01.삼천리 카라 / 컬러: 다크민트(바구니포함),배송도 빠르고 색상도 아이가 너무 맘에 들어하네요.,5,1,부정
aldh****,2021-03-12T12:10:30.277+00:00,자전거: 01.삼천리 카라 / 컬러: 다크블루(바구니포함),조립하기쉽고 색도 예뻐요,5,1,긍정
hyuc*******,2021-03-24T01:01:33.759+00:00,자전거: 02.삼천리 메이비20 / 컬러: 라이트핑크(바구니포함),잘 타고 있습니다.,5,1,긍정
pret*******,2021-03-18T14:14:49.453+00:00,자전거: 01.삼천리 카라 / 컬러: 다크민트(바구니포함),아들이 너무나 좋아해요,5,1,긍정
slal****,2021-02-28T02:50:40.113+00:00,자전거: 03.삼천리 화이트라벨 / 컬러: 블랙,가격대비 저렴하지만 가성비는 끝판왕..하지만   조금 아쉬움점...ㅎㅎ그래도 맘에 들어요 아이들과 함께라면....ㅎㅎ,4,1,부정
imne*****,2021-03-21T08:22:04.351+00:00,자전거: 01.삼천리 카라 / 컬러: 다크블루(바구니포함),장모님  선물로  구입했는데요    아주 만족해 하시는 모습에  제가  더 즐겁고 고맙습니다,5,1,긍정
kira********,2021-03-04T06:12:41.558+00:00,자전거: 01.삼천리 카라 / 컬러: 다크블루(바구니포함),어머님 생신선물로 사드렸는데 너무 좋아하시네요!,5,1,긍정
gyou***,2021-04-07T10:05:05.114+00:00,자전거: 04.삼천리 로시난테 / 컬러: 네이비,디자인도 예쁘고 좋습니다,5,1,부정
skla****,2021-03-17T04:15:25.451+00:00,자전거: 03.삼천리 화이트라벨 / 컬러: 블랙,디자인도 넘 이쁘고 잘나가네요~,5,1,부정
east******,2021-03-21T16:46:44.309+00:00,자전거: 01.삼천리 카라 / 컬러: 다크민트(바구니포함),"좋은 가격에 접이식 자전거 잘 구매한 것 같습니다.

조립 설명서 내용이 좀 부족한 것 같아서 아쉬움이 좀 있습니다만, 아주 어려운 조립은 아니었습니다.

기본 장착된 반사판과 LED등도 감사히 잘 장착했습니다.",4,1,긍정
th****,2021-03-05T21:27:42.650+00:00,자전거: 01.삼천리 카라 / 컬러: 다크민트(바구니포함),"초3 아이용 구매했는데 좋네요, 조립도 쉽고요 만족합니다",5,1,부정
doro****,2021-03-31T20:28:14.719+00:00,자전거: 03.삼천리 화이트라벨 / 컬러: 블랙,접이식이라 이동하기에 좋습니다. 번창하세요.,5,1,부정
hatn*******,2021-03-12T11:36:10.026+00:00,자전거: 02.삼천리 메이비20 / 컬러: 민트(바구니포함),"배송정말 빠릅니다
아이가 좋아하네요",4,1,긍정
jhli*****,2021-03-11T23:15:41.626+00:00,자전거: 02.삼천리 메이비20 / 컬러: 민트(바구니포함),조아요 아주 조아요 조아요 조아요,5,1,부정
jw****,2021-03-14T08:46:44.904+00:00,자전거: 01.삼천리 카라 / 컬러: 다크민트(바구니포함),자전거 타기좋아요 조립할때 유투브 보고조립했어요,5,1,부정
bes1***,2021-03-16T13:17:32.702+00:00,자전거: 02.삼천리 메이비20 / 컬러: 라이트핑크(바구니포함),빠른 배송 감사합니다^^,5,1,긍정
jinj*****,2021-03-13T01:23:41.234+00:00,자전거: 03.삼천리 화이트라벨 / 컬러: 화이트,"조립도 금방했어요..^^
주말이니 이제 타러 나가려구요.^^",5,1,긍정
ppop****,2021-02-24T10:34:07.783+00:00,자전거: 02.삼천리 메이비20 / 컬러: 민트(바구니포함),초등4학년딸  사주었어요.민트색을 갖고싶어했는데 제가시킨건 민트가아니고 연두색 이더라구요ㅜ 딸이 실망햇는데 그냥타야죠.삼천리자전거니까 그냥만족하구요,3,1,부정
kgw1***,2021-03-08T02:38:43.013+00:00,자전거: 01.삼천리 카라 / 컬러: 다크블루(바구니포함),자전거는 이뻐요 다만 제가 자전거 조립자채를 처음하는데 그 어떠한 설명이 제대로 안나와있어 한람 헤맸습니다ㅋㅋㅋ그리고 뒷바퀴쪽 브레이크쪽 나사 중 한쪽이 이미 한번 조였다 푼건지 나사가 안조여지더라구요ㅋㅋㅋ 그것빼고는 좋아요 자전거도 잘 나가고...,4,1,부정
youn*****,2021-04-06T04:45:37.179+00:00,자전거: 01.삼천리 카라 / 컬러: 다크민트(바구니포함),딸래미가 좋아해요..,5,1,긍정
sa****,2021-03-30T10:03:02.439+00:00,자전거: 01.삼천리 카라 / 컬러: 다크민트(바구니포함),"아이가 너무 좋아합니다
와이프가 이거타고 출퇴근해요",5,1,부정
huan***,2021-03-16T04:58:03.063+00:00,자전거: 01.삼천리 카라 / 컬러: 다크블루(바구니포함),만족합니다 잘 타고있어요,5,1,부정
este******,2021-02-27T04:14:06.960+00:00,자전거: 01.삼천리 카라 / 컬러: 다크블루(바구니포함),중학교입학하는 아이 타고다니라고 샀어요. 생각보다 튼튼하고 이뻐요. 아이가 아주 맘에 들어하네요.,5,1,긍정
mhy0***,2021-04-04T15:58:43.067+00:00,자전거: 04.삼천리 로시난테 / 컬러: 네이비,부품빠져서 삼천리 매장 가서 개고생했네요.,3,1,긍정
choi****,2021-02-27T06:35:09.260+00:00,자전거: 02.삼천리 메이비20 / 컬러: 민트(바구니포함),배송은 빨랐으나 색상이 잘못와 신청하니 바로 교환해주셨습니다~~아이선물로구입했어요 잘탈꺼같아요,5,1,긍정
pulc****,2021-03-11T14:23:48.849+00:00,자전거: 01.삼천리 카라 / 컬러: 다크민트(바구니포함),접는 부위가 좀 그렇지만 가격대비 만족해여,4,1,부정
mhy0***,2021-04-04T16:00:31.934+00:00,자전거: 03.삼천리 화이트라벨 / 컬러: 화이트,"배송도 너무 늦고, 싼맛에 타요.",3,1,긍정
ehdr****,2021-03-14T13:17:47.542+00:00,자전거: 03.삼천리 화이트라벨 / 컬러: 블랙,예쁘고 조립쉽고 만족합니다,5,1,부정
dlen*****,2021-03-13T19:25:38.092+00:00,자전거: 02.삼천리 메이비20 / 컬러: 민트(바구니포함),"잘받았습니다.
감사합니다.",4,1,긍정
psj1***,2021-03-11T13:47:20.985+00:00,자전거: 01.삼천리 카라 / 컬러: 다크블루(바구니포함),여자 혼자 조립ㅎㅏ기 조금 힘들지만 배송 빠르고 안전하게 왔어요,5,1,긍정
kais*****,2021-03-06T08:52:03.993+00:00,자전거: 02.삼천리 메이비20 / 컬러: 민트(바구니포함),"아이가 정말 좋아하네요.
추천합니다.",5,1,긍정
todr********,2021-04-01T05:02:44.368+00:00,자전거: 02.삼천리 메이비20 / 컬러: 라이트핑크(바구니포함),이쁘게 잘 왔네요 잘타겠습니다.,5,1,부정
minj******,2021-02-20T07:53:49.414+00:00,자전거: 01.삼천리 카라 / 컬러: 다크블루(바구니포함),자전거 접기는 좀 힘든데 만족하면서 타고 있어요 키 150 중반이 타기는 딱 좋은데 160대가 타기는 좀 작은 것 같아요 안장이 생각보다 딱딱하니 쿠션을 같이 구매하시면 좋을 것 같습니당,5,1,긍정
cara*******,2021-03-05T01:43:51.644+00:00,자전거: 01.삼천리 카라 / 컬러: 다크블루(바구니포함),"일단 예쁘고 튼튼해 보입니다
접이식에 이가격이면 훌륭하다고 봅니다",5,1,부정
kwd0***,2021-04-05T03:14:13.140+00:00,자전거: 03.삼천리 화이트라벨 / 컬러: 화이트,자전거타고 이동하니까 신나내요,4,1,부정
dayi*****,2021-03-15T13:57:57.235+00:00,자전거: 01.삼천리 카라 / 컬러: 다크블루(바구니포함),조립도쉽고 어디든갈수있을듯이요~~,4,1,긍정
jisu****,2021-03-17T05:00:29.476+00:00,자전거: 01.삼천리 카라 / 컬러: 다크블루(바구니포함),너뮤 귀엽고 좋아요!!,5,1,부정
sean****,2021-04-04T00:54:28.146+00:00,자전거: 03.삼천리 화이트라벨 / 컬러: 블랙,가성비의 끝판왕이에여,5,1,부정
tail*****,2021-04-05T02:11:47.683+00:00,자전거: 03.삼천리 화이트라벨 / 컬러: 화이트,가격대비조아윰ㅋㅋㅋ,4,1,긍정
cutg****,2021-03-11T15:16:08.834+00:00,자전거: 01.삼천리 카라 / 컬러: 다크민트(바구니포함),좋아요 아주맘에듭니다,5,1,부정
he****,2021-03-26T10:51:52.202+00:00,자전거: 03.삼천리 화이트라벨 / 컬러: 화이트,"배송 정말 빨라요
자전거  디자인이 예뻐요~^^",5,1,긍정
name***,2021-02-26T07:11:30.897+00:00,자전거: 02.삼천리 메이비20 / 컬러: 민트(바구니포함),이뻐요 색도이쁘고 8세여아 두발자전거 도전 좋아요 ㅎ 다른친구들한테도 추천했어요,5,1,긍정
elly****,2021-03-31T11:53:15.505+00:00,자전거: 01.삼천리 카라 / 컬러: 다크민트(바구니포함),잘 받았습니다 만족합니다,5,1,긍정
ek33*****,2021-03-09T14:51:42.724+00:00,자전거: 02.삼천리 메이비20 / 컬러: 민트(바구니포함),"배송빠르고, 볼트 다 쪼여와서 안전하게 탈수 있음",5,1,긍정
rokm*****,2021-03-23T14:28:54.179+00:00,자전거: 02.삼천리 메이비20 / 컬러: 라이트핑크(바구니포함),"사진과 똑같이 예쁘네요
배송도 빨라요
무게감은 확실히 있네요",4,1,긍정
vtng******,2021-02-22T14:24:58.219+00:00,자전거: 03.삼천리 화이트라벨 / 컬러: 화이트,"생각보다 너무 이ㅃㅓ요
집이 계단이라서 접어서 집에서 보관하려고 햇는데.. 생각보다 무거워서 그건포기
그냥 자물쇠로 바깥에 두세요
처음받으면 바로 대리점가서 손봐달라고 해주세요 혼자서 하면 위험할것같아요 
잘쓰겟습니다",5,1,부정
leej*******,2021-02-26T18:42:13.707+00:00,자전거: 02.삼천리 메이비20 / 컬러: 민트(바구니포함),아이가 너무좋아하네요~민트색너무이쁘고 오자마자 타겠다고ㅎ,5,1,부정
bell********,2021-02-24T03:22:06.521+00:00,자전거: 03.삼천리 화이트라벨 / 컬러: 화이트,조립은 하긴해봤는데 안전하게 매장에도 다녀왔어용 이뻐요 어제첨 탔는데 너무 재미있어요,5,1,부정
mu09****,2021-02-20T01:51:22.516+00:00,자전거: 02.삼천리 메이비20 / 컬러: 라이트핑크(바구니포함),품절이라 많이기다렸네요 8세조금 큰감있지만 괜찮아요 쭉~~탈수있으니깐요~ㅎ 아이뒤에태워봤네요 바퀴가터질까 걱정되긴했어요~ㅋ 아이가 좋아하네요 ^^,4,1,부정
true****,2021-03-07T02:05:47.800+00:00,자전거: 03.삼천리 화이트라벨 / 컬러: 화이트,마음에 듭니다 조립은 크게 어렵지 않습니다.,4,1,부정
yo****,2021-04-02T15:22:20.429+00:00,자전거: 01.삼천리 카라 / 컬러: 다크민트(바구니포함),좋아요 아주아주 좋아요,5,2,부정
yo****,2021-04-02T15:21:45.799+00:00,자전거: 04.삼천리 로시난테 / 컬러: 네이비,좋아요 아주아주 좋아요,5,1,부정
ms****,2021-03-07T14:06:03.501+00:00,자전거: 01.삼천리 카라 / 컬러: 다크블루(바구니포함),나쁘지는 않습니다 기어가 최대까지 잘안올라 가네요,4,1,부정
38ro***,2021-04-29T05:45:22.986+00:00,자전거: 01.삼천리 카라 / 컬러: 다크블루(바구니포함),좋네요 좋네요 좋네요,3,1,부정
ska8****,2021-02-24T09:50:19.949+00:00,자전거: 01.삼천리 카라 / 컬러: 다크블루(바구니포함),무겁지만 디자인 이쁘네요~~아이들도 재밌게 탔습니다,5,1,부정
jkco*****,2021-02-17T02:20:27.207+00:00,자전거: 01.삼천리 카라 / 컬러: 다크민트(바구니포함),"사진보다   색상이  이쁘네요
조립했는데  바퀴굴러갈때  소리가나서
샵에  가보려구요
조립은 십분이면  층분해요
샵에서   조율하구  고장없이  잘타길  바래봅니다   암마와   아이가  같이타려고  구입했어요~",5,1,부정
zmzm*****,2021-03-19T12:58:38.634+00:00,자전거: 01.삼천리 카라 / 컬러: 다크블루(바구니포함),굿 아주 좋아요 무겁고 운동되고 장난 아니더라고요 ㅎㅎ 그래도 무거운거 빼면 잘 타고 있죠,3,1,부정
ceci****,2021-03-30T06:04:40.159+00:00,자전거: 04.삼천리 로시난테 / 컬러: 네이비,디자인도이쁘고  조아요,4,1,부정
gy****,2021-03-27T01:37:49.190+00:00,자전거: 02.삼천리 메이비20 / 컬러: 라이트핑크(바구니포함),아주아주 이뻐요 대대대만족!!,5,1,부정
leev******,2021-03-10T10:25:01.239+00:00,자전거: 04.삼천리 로시난테 / 컬러: 네이비,사진 그대로입니다 조립도 쉬워요,5,1,부정
jise*****,2021-03-06T14:02:22.410+00:00,자전거: 01.삼천리 카라 / 컬러: 다크블루(바구니포함),"손잡이빼고 조립 다 괜차낫구요
완제품 그자체.. 대만족이요",5,1,긍정
posi*******,2021-02-24T17:00:53.871+00:00,자전거: 01.삼천리 카라 / 컬러: 다크민트(바구니포함),"굳이에요 열심히 타고 있는중입니다.
조립은 꼭 근처 자전거매장에서 하시는걸 추천합니다",5,1,부정
cham*******,2021-03-13T03:17:36.119+00:00,자전거: 01.삼천리 카라 / 컬러: 다크민트(바구니포함),어제 조립했고 오늘 타러 나가요 딸아이가 너무좋아합니다 배송도 빠르고 잘 탈게요,5,1,긍정
skyk****,2021-03-06T00:26:15.273+00:00,자전거: 01.삼천리 카라 / 컬러: 다크블루(바구니포함),상품 좋습니다ㆍ가격대비 만족입니다ㆍ보조바퀴도 장착완료ㆍ아들이 매우 좋아합니다ㆍ사업번창하세요ㆍ,5,1,긍정
gg****,2021-03-13T13:37:37.546+00:00,자전거: 01.삼천리 카라 / 컬러: 다크블루(바구니포함),"조율도 받았고 폴딩도 잘되고 편의성은 좋습니다만
예전에 큰 자전거 탔을때 비교해서
성인 키 164인데 페달도링 꾀 어색하고
평지에서도 잘 안나가는 느낌입니다 
제 예상과는 다르지만 물건은 좋습니다",3,1,긍정
cn****,2021-02-26T14:14:09.220+00:00,자전거: 01.삼천리 카라 / 컬러: 다크블루(바구니포함),"자전거는 빠르게 배송되었어요.
깉이 구매한 헬멧은 배송중이네요ㅡㅡ
싸게 잘샀어요 ㅎ",5,1,긍정
rj10***,2021-02-25T05:23:38.344+00:00,자전거: 03.삼천리 화이트라벨 / 컬러: 화이트,"너무이뻐요
조립도 동영상보고 따라하면 여자혼자 가능합니다.
잘샀어요 !",5,1,부정
kkk6***,2021-02-28T12:51:19.945+00:00,자전거: 01.삼천리 카라 / 컬러: 다크블루(바구니포함),"조립도 쉽고 좋아요!
가성비 좋은 자전거에요~",5,1,부정
hobb*****,2021-02-26T14:21:19.894+00:00,자전거: 01.삼천리 카라 / 컬러: 다크민트(바구니포함),디자인 칼라 다 괜찮네요 조립도 생각보다 어렵지 않았어요,5,1,부정
heo9***,2021-02-24T05:18:53.711+00:00,자전거: 01.삼천리 카라 / 컬러: 다크민트(바구니포함),"사용편하고 앞뒤 핸들안장 높이조절 잘되고
사용감도 좋아요.강추.추천합니다.",4,1,긍정
hjc4***,2021-03-08T12:25:17.255+00:00,자전거: 01.삼천리 카라 / 컬러: 다크민트(바구니포함),만족합니다 번창하세요,5,1,부정
dr****,2021-02-27T18:20:48.251+00:00,자전거: 01.삼천리 카라 / 컬러: 다크블루(바구니포함),"파란색이 사냥 파란색이아니라 고급스럽고 이뻐요,",5,1,부정
cysp******,2021-03-28T01:19:17.114+00:00,자전거: 04.삼천리 로시난테 / 컬러: 네이비,약간의 스크레치가 있었으나 만족합니다,4,1,부정
mi****,2021-03-28T06:44:11.843+00:00,자전거: 01.삼천리 카라 / 컬러: 다크블루(바구니포함),어머니 선물로 사드렸는데 만족하시네요.,5,1,부정
tndu*****,2021-03-17T23:57:11.075+00:00,자전거: 01.삼천리 카라 / 컬러: 다크민트(바구니포함),"조립설명서가없어요.
그래도 튼튼해보이네요.
잘쓸게요",4,1,부정
99ar***,2021-03-10T03:29:24.391+00:00,자전거: 02.삼천리 메이비20 / 컬러: 라이트핑크(바구니포함),이쁘고 배송도 빨라 좋네요,5,1,부정
mote****,2021-03-18T00:34:26.589+00:00,자전거: 02.삼천리 메이비20 / 컬러: 라이트핑크(바구니포함),가격대비 만족합니다(운전대가 너무 멀어서 어린이가ㅠ타기 약간 불편할 수 있습니다),5,1,부정
sonm******,2021-03-09T10:53:52.711+00:00,자전거: 01.삼천리 카라 / 컬러: 다크민트(바구니포함),보조바퀴 조립에서 좀 애먹은것 빼곤 만족합니다! ㅎㅎ,5,1,긍정
time***,2021-03-07T07:48:52.757+00:00,자전거: 03.삼천리 화이트라벨 / 컬러: 화이트,가격대비 아주 만족합니다,5,2,긍정
time***,2021-03-07T07:48:12.514+00:00,자전거: 01.삼천리 카라 / 컬러: 다크블루(바구니포함),가격대비 아주 만족합니다,5,1,긍정
kp****,2021-03-04T13:45:45.619+00:00,자전거: 03.삼천리 화이트라벨 / 컬러: 화이트,배송 빨라요 포장 깔끔해요,5,1,부정
kk****,2021-03-15T11:36:47.799+00:00,자전거: 03.삼천리 화이트라벨 / 컬러: 블랙,아이가 너무 맘에 들어해요. 조립도 어렵지 않네요. 망설이지 말고 구매하세요.~,5,1,긍정
alol***,2021-03-12T05:29:46.585+00:00,자전거: 01.삼천리 카라 / 컬러: 다크블루(바구니포함),좋은 가격에 좋은 품질 입니다.,5,1,부정
glas*****,2021-02-23T15:56:02.615+00:00,자전거: 01.삼천리 카라 / 컬러: 다크블루(바구니포함),브레이크 부드럽고 페달 밟는 것이 많이 힘들지 않아서 좋아요 아이가 잘 타고 다닙니다,5,1,부정
bb****,2021-03-17T09:38:18.723+00:00,자전거: 03.삼천리 화이트라벨 / 컬러: 화이트,려러러ㅓ러라야ㅑ댜댜갸갸가아,5,1,부정
mysk***,2021-03-09T09:21:28.641+00:00,자전거: 01.삼천리 카라 / 컬러: 다크블루(바구니포함),좋아요 다치지않고 잘 다길,5,1,긍정
rudx***,2021-03-08T08:52:08.454+00:00,자전거: 01.삼천리 카라 / 컬러: 다크블루(바구니포함),"아이와함께 타고있습니다.
너무좋아요^^",5,1,부정
pak7***,2021-03-14T11:55:04.440+00:00,자전거: 01.삼천리 카라 / 컬러: 다크민트(바구니포함),"아이가 좋아하네요
색도 예쁘고 반조립이지만 어렵지 않았어요",5,1,부정
hatn****,2021-03-13T03:56:46.665+00:00,자전거: 03.삼천리 화이트라벨 / 컬러: 블랙,이쁘구 깔끔해요~~,5,1,긍정
bban****,2021-02-07T13:30:21.483+00:00,자전거: 01.삼천리 카라 / 컬러: 다크블루(바구니포함),"안장이 가끔 돌아가는 부분 빼고는 매우 만족해요.
사이즈가 작아 초보자가 자전거 배우기에 딱입니다.
성인인데 불편함 없어요",5,1,부정
slal****,2021-02-28T02:57:03.102+00:00,자전거: 03.삼천리 화이트라벨 / 컬러: 화이트,가성비 짱인듯해요^^아이들이 좋아서 행복합니다,5,1,긍정
h103***,2021-03-06T02:21:34.223+00:00,자전거: 01.삼천리 카라 / 컬러: 다크블루(바구니포함),"이번자전거  제몸에  익숙해가는중
바구닌 손좀 봐야해요",5,1,긍정
heo2***,2021-03-05T04:01:10.376+00:00,자전거: 01.삼천리 카라 / 컬러: 다크블루(바구니포함),"7살 아들이 타기에 좀큰듯
조립도 쉽고 만족합니다.",4,1,부정
zhfp*******,2021-03-06T23:42:14.392+00:00,자전거: 02.삼천리 메이비20 / 컬러: 라이트핑크(바구니포함),"아주좋아요
만족합니다",5,1,부정
yumi*****,2021-02-17T15:03:12.967+00:00,자전거: 01.삼천리 카라 / 컬러: 다크블루(바구니포함),"엄청 예뻐요!! 조립하는 것도 쉽습니다!!
배송도 안전하게 오구 좋네요
근데 ㅠㅠ 손잡이에 걸려온 라이트는 안켜져서 못쓰겠네요",5,1,부정
ajw4***,2021-03-07T11:19:20.714+00:00,자전거: 03.삼천리 화이트라벨 / 컬러: 블랙,조립도 쉽고 좋아요! 엉덩이가 좀 아프긴 한데 자전거 타는게 넘 재밌어서 참을만 한거 같아요!! 번창하세요ㅎㅎ,5,1,긍정
ksh2****,2021-02-27T10:28:47.169+00:00,자전거: 02.삼천리 메이비20 / 컬러: 라이트핑크(바구니포함),색깔도 이쁘고 넘 맘에들어요..무거운거 빼곤 다 맘에들어요~~^^,5,1,부정
jyh9*****,2021-03-22T12:48:00.465+00:00,자전거: 04.삼천리 로시난테 / 컬러: 네이비,배송도 빠르고 파손없이 아주 잘받았습니다,5,1,부정
peti****,2021-03-05T06:22:41.552+00:00,자전거: 01.삼천리 카라 / 컬러: 다크블루(바구니포함),"너무 에쁘고 좋으네요
조립이 좀 힘들었지만 좋아요",5,1,긍정
cysp******,2021-03-29T00:50:22.700+00:00,자전거: 02.삼천리 메이비20 / 컬러: 라이트핑크(바구니포함),배송 빠르고 꼼꼼히 포장,4,1,부정
kill****,2021-03-27T01:54:02.253+00:00,자전거: 01.삼천리 카라 / 컬러: 다크민트(바구니포함),배송도빠르고 정확하고좋네요,5,1,부정
sooo****,2021-03-07T04:12:27.832+00:00,자전거: 01.삼천리 카라 / 컬러: 다크블루(바구니포함),너무좋아용 너무 마음에 들어요~~~^,5,1,긍정
kwd0***,2021-03-26T01:28:37.558+00:00,자전거: 01.삼천리 카라 / 컬러: 다크블루(바구니포함),주말에 자전거타고 시간보내니 좋아요!,4,1,부정
bles***,2021-02-23T09:29:38.951+00:00,자전거: 01.삼천리 카라 / 컬러: 다크블루(바구니포함),아이가 정말좋아하네요. 접이식이라 보관도 딱입니다.,5,1,긍정
deve****,2021-02-27T13:41:43.582+00:00,자전거: 01.삼천리 카라 / 컬러: 다크블루(바구니포함),"키120  안장 제일 낮게 하면 무릎이 좀 접히지만 곧 키는 클거라.
잘 탑니다.",5,1,긍정
vip4***,2021-02-17T08:10:51.611+00:00,자전거: 01.삼천리 카라 / 컬러: 다크블루(바구니포함),"조립은... 설명서 없이도... 이게 어떻게 된거지 원리분석 10분, 아하 실제 조립 10분, 핸들 및 안장 높이 조정 및 기타 등등 10분해서 총 30분정도면 탈수 있도록 조립할수 있네요. 타이어 바람도 빵빵했습니다. 비슷한 형태의 몇만원 더 싼 중국 브랜드 제품들도 보이던데, 삼천리 믿고 구매했습니다. 눈와서 아직 타보지는 않았는데, 잘 구르고, 잘 서겠죠. 감사합니다.",5,1,긍정
sj****,2021-03-10T05:06:06.734+00:00,자전거: 01.삼천리 카라 / 컬러: 다크블루(바구니포함),싸게 구매해서 좋고 예뻐요 반조립 되서와서 조립도 쉽게해서 잘 타고 다니고 있습니다. 감사합니다~,5,1,부정
ojoo***,2021-02-26T22:06:29.386+00:00,자전거: 01.삼천리 카라 / 컬러: 다크블루(바구니포함),"배송도 빠르고 조립도  할게없고  바퀴도 문제없고 다 만족스럽습니다 
감사합니다",5,1,부정
logi***,2021-03-23T00:29:07.757+00:00,자전거: 01.삼천리 카라 / 컬러: 다크민트(바구니포함),좀 무겁지만 초 3 여야가 타기에 크기도 색도 예뻐서 만족해요,5,1,부정
plus******,2021-03-01T02:50:53.238+00:00,자전거: 01.삼천리 카라 / 컬러: 다크블루(바구니포함),금요일 주문했는데 토요일 도착했어요...너무빨리도착해서 놀람..,5,1,긍정
kmg4***,2021-02-18T10:52:03.580+00:00,자전거: 01.삼천리 카라 / 컬러: 다크블루(바구니포함),"너무 디자인이 예쁘고,딸한테 딱 맞아용~~^^♡
브레이크도 잘되고,잘 타져요~",5,1,부정
gyps*******,2021-03-19T14:14:49.844+00:00,자전거: 04.삼천리 로시난테 / 컬러: 네이비,"170 키에 자전거가 작아보이지
않고 좋아요~! 육각 레버가 안왔어요!",5,1,부정
mk12****,2021-02-21T01:06:32.393+00:00,자전거: 01.삼천리 카라 / 컬러: 다크블루(바구니포함),"반조립이라 따로 정비 받아야되는건 불편하네요
보조바퀴 달려고 했는데 너트가 절대 안풀려서 고생 좀 했어요;",4,1,부정
1u****,2021-03-26T16:34:17.905+00:00,자전거: 01.삼천리 카라 / 컬러: 다크블루(바구니포함),후회중 ㅠㅠ 엄청무거워요,1,1,부정
juya*****,2021-03-25T11:22:16.482+00:00,자전거: 03.삼천리 화이트라벨 / 컬러: 블랙,"편하고 좋습니다.
안장커버는 필요 합니다.",5,1,긍정
leee******,2021-03-18T06:04:20.879+00:00,자전거: 03.삼천리 화이트라벨 / 컬러: 블랙,"상품은 하자 없이 배송 받았습니다. 
처음 조립할 때 안내서가 자세하게 나왔으면 좋겠네요.",5,1,부정
skid********,2021-03-08T01:05:01.025+00:00,자전거: 03.삼천리 화이트라벨 / 컬러: 화이트,조립도 싑고 배송도 좋았어요,5,1,긍정
sj****,2021-03-10T05:04:32.954+00:00,자전거: 01.삼천리 카라 / 컬러: 다크민트(바구니포함),예뻐요 조립도 할거 별로없이 되어서 와서 쉽게 잘하고 타고다녀요. 싸게 구입해서 너무 좋네요^^,5,1,긍정
trad****,2021-03-06T07:44:25.803+00:00,자전거: 01.삼천리 카라 / 컬러: 다크블루(바구니포함),조립이 잘 되어서 좋습니다,5,1,부정
wlsg*******,2021-02-09T08:36:07.749+00:00,자전거: 02.삼천리 메이비20 / 컬러: 라이트핑크(바구니포함),"둘째딸 생일로 샀어요~ 
너무이쁘고 만족스러워요~
쿠팡급 배달도 정말칭찬합니다👍",5,1,긍정
rlaw********,2021-02-08T04:36:20.478+00:00,자전거: 01.삼천리 카라 / 컬러: 다크블루(바구니포함),"이쁘고 조립이 쉬워용ㅋ
생각보다 러벅지 힘이 많이 들어가네요
어릴때 타고 성인되서는 처음 자전거 타보는데
재밋네요~3살 아들 태우고 남편이 산책도 햇어요",4,1,부정
leee*******,2021-03-12T10:32:24.510+00:00,자전거: 03.삼천리 화이트라벨 / 컬러: 화이트,좋아요 다만 조립을 자전거가게에 가서 해야한다는 점이 있어요 2만원 들었어요 참고하세요,5,1,부정
00****,2021-03-23T07:05:16.980+00:00,자전거: 01.삼천리 카라 / 컬러: 다크블루(바구니포함),가성비 쵝오👍 입니다 많이파세요,4,1,긍정
timb*****,2021-03-23T21:51:14.039+00:00,자전거: 02.삼천리 메이비20 / 컬러: 민트(바구니포함),배송도 빠르고 아이가 잘 타니 좋네요,5,1,긍정
eu****,2021-03-23T06:33:58.965+00:00,자전거: 03.삼천리 화이트라벨 / 컬러: 화이트,잘받았어요 포장이 깔끔ㅎㅐ요,5,1,부정
kmjk******,2021-03-10T14:58:32.550+00:00,자전거: 03.삼천리 화이트라벨 / 컬러: 화이트,배송도 생각보다 빠르네요 그런데 여기저기 좀 더럽네여. ㅠㅠ 그래서 별 하나 뺐어여,4,1,부정
kshm*****,2021-03-11T21:52:34.171+00:00,자전거: 01.삼천리 카라 / 컬러: 다크민트(바구니포함),작지만 아주 견고하고 색깔도 마음에듭니다 주변에 여럿이 있지만 자전거란 삼천리 역시나  좋습니다 망설이지 마시고 3000리로 결정 하세요  강추--,5,1,부정
60****,2021-04-17T08:26:49.656+00:00,자전거: 01.삼천리 카라 / 컬러: 다크블루(바구니포함),좋아요좋아요젛아요좋아요,5,1,긍정
kjh1*****,2021-03-21T09:02:12.653+00:00,자전거: 01.삼천리 카라 / 컬러: 다크블루(바구니포함),너무조아요~ 잘타고있습니다^^,5,1,긍정
sara*****,2021-03-04T15:51:39.871+00:00,자전거: 01.삼천리 카라 / 컬러: 다크블루(바구니포함),불량없이 배송 잘 되었습니다,5,1,긍정
jina****,2021-02-27T11:07:15.396+00:00,자전거: 01.삼천리 카라 / 컬러: 다크블루(바구니포함),잘타고다녀요~~  색도 예쁘고 맘에들어요~,5,1,부정
wpvm****,2021-02-26T02:37:08.663+00:00,자전거: 03.삼천리 화이트라벨 / 컬러: 화이트,하자는 없고 예뻐요 근데 너무 무겁고 느리네요ㅠ,4,1,긍정
gara****,2021-02-26T09:39:33.967+00:00,자전거: 01.삼천리 카라 / 컬러: 다크블루(바구니포함),좋아요 생각보다 너무좋네요,5,1,부정
pxh3***,2021-03-12T19:53:13.816+00:00,자전거: 01.삼천리 카라 / 컬러: 다크민트(바구니포함),색상 제품 둘다 만족합니다  8살 막 입학한 초1아이도 클까 걱정했는데 안장 다 낮추니 잘 타네요,5,1,부정
ueom****,2021-03-25T02:39:39.406+00:00,,물건 받았습니다. 감사합니다,5,1,부정
sisi****,2021-02-22T01:43:56.340+00:00,자전거: 01.삼천리 카라 / 컬러: 다크민트(바구니포함),딸이 아주아주 만족하네요~~ 조립도 간단하고 접이도 간단하네요~,5,1,긍정
wori*******,2021-03-29T09:36:34.846+00:00,자전거: 03.삼천리 화이트라벨 / 컬러: 화이트,열심히 타 보겠습니다.,5,1,긍정
uesh****,2021-03-03T09:08:00.377+00:00,자전거: 02.삼천리 메이비20 / 컬러: 라이트핑크(바구니포함),빠른배송감사합니다.,5,1,부정
rkdn*****,2021-02-25T02:55:44.055+00:00,자전거: 01.삼천리 카라 / 컬러: 다크블루(바구니포함),"사이즈도 적당하고 색감도 너무 예뻐요 
너무 필요했는데 만족입니다",5,1,부정
herl***,2021-02-21T00:48:22.367+00:00,자전거: 02.삼천리 메이비20 / 컬러: 민트(바구니포함),"생각보다 무거워요
가성비 최고 인거 같네요~
좋아요~^^",4,1,긍정
jymy***,2021-03-12T01:54:53.400+00:00,자전거: 02.삼천리 메이비20 / 컬러: 라이트핑크(바구니포함),"딱 여자아이 타기 좋은것같아요.
이쁘고 튼튼. 만족입니다",5,1,부정
qpqp********,2021-03-05T11:55:37.978+00:00,자전거: 03.삼천리 화이트라벨 / 컬러: 화이트,너무 편하고 이뻐여,5,1,부정
ansa********,2021-03-06T07:36:21.110+00:00,자전거: 03.삼천리 화이트라벨 / 컬러: 블랙,"브레이크도 잘되고 자전거 둘다 너무 예뻐요!! 
QM3 타는데 뒷자석 접으니까 둘다 여유있게 들어갑니다. 가격대비 가성비 굳",5,2,부정
ansa********,2021-03-06T07:35:54.791+00:00,자전거: 01.삼천리 카라 / 컬러: 다크블루(바구니포함),"브레이크도 잘되고 자전거 둘다 너무 예뻐요!! 
QM3 타는데 뒷자석 접으니까 둘다 여유있게 들어갑니다. 가격대비 가성비 굳",5,1,긍정
ro****,2021-03-26T20:37:26.348+00:00,자전거: 01.삼천리 카라 / 컬러: 다크블루(바구니포함),브레이크등잘맞추고나니 잘됩니다,5,1,긍정
qkrw********,2021-02-27T09:20:43.090+00:00,자전거: 03.삼천리 화이트라벨 / 컬러: 블랙,엉덩이가 아프긴하지만 안장쿠션더삿거 조아요,5,1,부정
jf****,2021-02-25T13:21:37.034+00:00,자전거: 01.삼천리 카라 / 컬러: 다크블루(바구니포함),"다 마음에 드는데, 페인트가 살짝 벗겨져 있는 것이 아쉽네요",4,1,긍정
plai******,2021-02-18T13:10:04.805+00:00,자전거: 03.삼천리 화이트라벨 / 컬러: 블랙,"처음에 좀 당황했는데, 막상 동영상 보고 조립하니까 그리 어렵지는 않네요^^  잘 탈게요.",5,1,부정
qnfl****,2021-03-04T01:55:21.154+00:00,자전거: 01.삼천리 카라 / 컬러: 다크블루(바구니포함),조한요좋아요 좋아요,5,1,부정
blue*******,2021-02-28T03:14:57.694+00:00,자전거: 01.삼천리 카라 / 컬러: 다크민트(바구니포함),배송이 정말 빨랐어요!!  주문완료하고  그날 바로 배송시작 됐더라구요~ 물건도 하자없이 잘 왔구요. 감사합니다^^,5,1,긍정
myho****,2021-03-21T12:43:41.008+00:00,자전거: 01.삼천리 카라 / 컬러: 다크블루(바구니포함),잘 받았습니다. 감사합니다.,5,1,긍정
wodj*****,2021-02-25T06:36:44.363+00:00,자전거: 02.삼천리 메이비20 / 컬러: 민트(바구니포함),자전거 이쁘네요. 잘받았어요,4,1,부정
ei****,2021-03-14T23:09:30.514+00:00,자전거: 03.삼천리 화이트라벨 / 컬러: 블랙,잘타고아다녀요 감사합니다 생각보다작아요,5,1,부정
elan****,2021-02-19T06:07:11.383+00:00,자전거: 03.삼천리 화이트라벨 / 컬러: 화이트,자전거가 좀 작아요 하지만 차에 쏙 들어가서 좋ㄴ0요 전문가에게 조립 맡겼어요 별 의미는 없네요.,3,1,긍정
bbod****,2021-02-17T12:03:25.193+00:00,자전거: 03.삼천리 화이트라벨 / 컬러: 화이트,따뜻해지면 타려고 구입했는데 핸들까지 접혀서 차에 넣고 이동다니기 좋을거 같아요👍,5,2,긍정
bbod****,2021-02-17T12:02:09.357+00:00,자전거: 03.삼천리 화이트라벨 / 컬러: 블랙,따뜻해지면 타려고 구입했는데 핸들까지 접혀서 차에 넣고 이동다니기 좋을거 같아요👍,5,1,부정
ja****,2021-03-18T06:51:40.324+00:00,자전거: 02.삼천리 메이비20 / 컬러: 라이트핑크(바구니포함),포장 잘 되어오고 아이들타기 좋습니다.,5,1,긍정
toug****,2021-03-13T01:48:56.943+00:00,자전거: 01.삼천리 카라 / 컬러: 다크블루(바구니포함),생각보다 훨씬 더 좋습니다. 가성비 최고,5,1,긍정
daha*****,2021-02-20T16:22:59.827+00:00,자전거: 01.삼천리 카라 / 컬러: 다크블루(바구니포함),"자전거만 보일려고 사진이 좀 짤렸는데, 디자인도 이쁘고 사이즈도 적당해요",4,1,긍정
dkfl*****,2021-03-02T10:54:24.251+00:00,자전거: 01.삼천리 카라 / 컬러: 다크블루(바구니포함),페달 밟을 때 살짝 무거운 감이 있네요,3,1,부정
math****,2021-02-18T23:53:52.964+00:00,자전거: 01.삼천리 카라 / 컬러: 다크민트(바구니포함),아이가 재밌게 잘타네요 추운데도 꼭 타려고 하니 사주길 잘했어요,5,1,긍정
dldn*******,2021-03-18T13:10:44.559+00:00,자전거: 03.삼천리 화이트라벨 / 컬러: 화이트,배송빠르고 포장도 잘해주셨네요.,4,1,긍정
ddae****,2021-03-20T03:55:17.367+00:00,자전거: 01.삼천리 카라 / 컬러: 다크블루(바구니포함),배송이 빠르고 친절하세요 !,5,1,긍정
mok8*****,2021-02-04T21:38:50.679+00:00,자전거: 01.삼천리 카라 / 컬러: 다크블루(바구니포함),"너무 만족해요
잘타고 다닐꺼요
빠는배송굿!",5,1,부정
adam*****,2021-03-02T08:32:27.860+00:00,자전거: 01.삼천리 카라 / 컬러: 다크블루(바구니포함),아이한테 가로가 좀 긴거 같아요,3,1,부정
alsr******,2021-03-11T09:56:08.430+00:00,자전거: 01.삼천리 카라 / 컬러: 다크블루(바구니포함),가격대비 정말괜찮네요 와이프가 좋아하네요,5,1,부정
ku****,2021-02-24T03:44:52.867+00:00,,"삐른 배송 및 쉬운조립 만족합니다
잘 타고 있습니다",5,1,긍정
figo****,2021-03-18T23:17:40.542+00:00,자전거: 02.삼천리 메이비20 / 컬러: 민트(바구니포함),배송도 빠르고 좋아요,5,1,부정
alsw*****,2021-02-23T05:58:02.791+00:00,자전거: 02.삼천리 메이비20 / 컬러: 민트(바구니포함),실물이 진짜이뻐요 사진이랑 비교가안되네요,5,1,긍정
wyve*****,2021-02-25T02:06:54.201+00:00,자전거: 01.삼천리 카라 / 컬러: 다크민트(바구니포함),조립다되어와서 핸들조립하고 저녁에 아이랑 한강라이딩 갔어요.,5,1,긍정
ysji****,2021-02-22T04:32:48.642+00:00,자전거: 01.삼천리 카라 / 컬러: 다크블루(바구니포함),"조립간편하고 이쁩니다.
애도 맘에들어하네요~",4,1,부정
alsg*****,2021-03-19T08:09:26.326+00:00,자전거: 03.삼천리 화이트라벨 / 컬러: 화이트,약간 무겁긴한데 엄청 이쁘고 좋아요 ㅎㅎㅎ,5,1,부정
dlau*****,2021-02-24T12:55:32.373+00:00,자전거: 01.삼천리 카라 / 컬러: 다크민트(바구니포함),무겁지만 튼튼해요. 가성비 좋아요.,5,1,긍정
bell********,2021-02-17T02:06:11.435+00:00,자전거: 02.삼천리 메이비20 / 컬러: 민트(바구니포함),딸이 너무 좋아해요 조립도 쉽네요,5,1,부정
mino*****,2021-03-20T01:49:38.862+00:00,자전거: 02.삼천리 메이비20 / 컬러: 민트(바구니포함),깔끔하니 아이가 좋아하네요~,5,1,부정
bbs9***,2021-02-27T06:22:58.128+00:00,자전거: 03.삼천리 화이트라벨 / 컬러: 블랙,어린이가타기에는모르겄지만 성인이타기에는 좀아니다,2,1,부정
ryou*********,2021-03-08T00:42:54.873+00:00,자전거: 01.삼천리 카라 / 컬러: 다크블루(바구니포함),"이뻐요~아직 시승은 못했네요~
남편이 조립해줘서 눈으로 보기엔 아주 쉬었어요ㅋㅋ",5,1,긍정
kwd0***,2021-03-06T23:09:11.541+00:00,자전거: 03.삼천리 화이트라벨 / 컬러: 화이트,처음엔 조립이 안되서 자전거불량인가 했는데 그게아니였네요. 조립법을 몰랐었다는 ㅎㅎ 자전거 잘 타고 다니고있어요~,4,1,긍정
join*****,2021-02-27T15:32:01.717+00:00,자전거: 01.삼천리 카라 / 컬러: 다크블루(바구니포함),아들녀석이 좋아하네요,5,1,부정
av****,2021-03-16T05:47:15.618+00:00,자전거: 01.삼천리 카라 / 컬러: 다크블루(바구니포함),가성비최고입니다. 만족합니다,5,1,부정
kbh0***,2021-03-10T07:40:22.705+00:00,자전거: 02.삼천리 메이비20 / 컬러: 라이트핑크(바구니포함),"배송도 빠르고 제품도 깔끔하게 포장되어서 왔습니다 
조립도 어렵지 않고 좋아요",5,1,부정
roh8*****,2021-02-27T02:36:33.709+00:00,자전거: 03.삼천리 화이트라벨 / 컬러: 화이트,대충 부품 꽂아서 모양만 갖춰놨는데 뭔가 엄청 힘이 드네요. 상당히 무게가 있고 접고 펴는 부분들이 상당히 빡빡해서 상당히 애를 먹었네요. 잘 정비해서 타야겠어요,3,1,긍정
ning*****,2021-03-19T03:33:32.362+00:00,자전거: 02.삼천리 메이비20 / 컬러: 라이트핑크(바구니포함),조립하기도 쉽고 만족합니다.,5,1,부정
rosy****,2021-03-14T03:29:35.895+00:00,자전거: 03.삼천리 화이트라벨 / 컬러: 블랙,성인 남여가 타기에도 좋습니다 어제 바로 나가서타봤는데 이상 없었어요,5,1,긍정
ss33***,2021-03-19T05:16:04.946+00:00,자전거: 01.삼천리 카라 / 컬러: 다크블루(바구니포함),엄마 사드렸는데 타고 다니는지는 몰겠네요 ㅋㅋ,5,1,긍정
hjle*****,2021-02-22T02:24:51.642+00:00,자전거: 01.삼천리 카라 / 컬러: 다크블루(바구니포함),아이가 좋아합니다.조금 무게감이 있지만 잘 탑니다.,5,1,부정
sdri*****,2021-02-27T01:16:36.757+00:00,자전거: 01.삼천리 카라 / 컬러: 다크민트(바구니포함),애가 엄청 좋아하네요,5,1,부정
skyk******,2021-02-25T11:50:12.762+00:00,자전거: 01.삼천리 카라 / 컬러: 다크블루(바구니포함),"색상도 너무 예쁘고 
튼튼하네요",5,1,긍정
audr*****,2021-03-01T10:07:57.221+00:00,자전거: 01.삼천리 카라 / 컬러: 다크민트(바구니포함),자전거 너무 이뻐요~^^,5,1,긍정
huny***,2021-02-19T03:38:29.419+00:00,자전거: 02.삼천리 메이비20 / 컬러: 민트(바구니포함),조카선물로 샀는데 마음에 들어하면 좋겠네요,5,1,긍정
miff******,2021-03-12T09:56:33.995+00:00,자전거: 01.삼천리 카라 / 컬러: 다크민트(바구니포함),좋아요. 보조바퀴달아서 잘쓰고있어요,5,1,부정
sung*******,2021-03-18T08:44:26.172+00:00,자전거: 02.삼천리 메이비20 / 컬러: 민트(바구니포함),역시 무겁네요 접이식인데 어린이는 못접어요~,2,1,부정
al****,2021-02-12T15:13:44.779+00:00,자전거: 01.삼천리 카라 / 컬러: 다크민트(바구니포함),손쉽게 조립할수있고 무엇보다 두대를 구매해서 애들과 조립하고 바로 타러가니 정말 좋아하네요.^^,5,2,부정
al****,2021-02-12T15:13:14.888+00:00,자전거: 01.삼천리 카라 / 컬러: 다크블루(바구니포함),손쉽게 조립할수있고 무엇보다 두대를 구매해서 애들과 조립하고 바로 타러가니 정말 좋아하네요.^^,5,1,부정
ditn****,2021-03-21T09:42:45.795+00:00,자전거: 03.삼천리 화이트라벨 / 컬러: 화이트,초4 아들이 엄청 좋아 하네요.,5,1,부정
al****,2021-02-23T02:05:56.487+00:00,자전거: 01.삼천리 카라 / 컬러: 다크블루(바구니포함),좀 무거운거 빼고는 접이식이고 디쟌도 만족스러워요!,5,1,긍정
qkrt****,2021-03-13T10:54:08.580+00:00,자전거: 02.삼천리 메이비20 / 컬러: 민트(바구니포함),조카 선물했더니 너무 좋아하네요,5,1,긍정
bb****,2021-03-17T09:37:32.812+00:00,자전거: 03.삼천리 화이트라벨 / 컬러: 화이트,어어앙라ㅏㄹ라라ㅏㄹ라ㅏㄹ,5,1,부정
qkdc******,2021-03-16T05:51:57.262+00:00,자전거: 02.삼천리 메이비20 / 컬러: 민트(바구니포함),빠른배송감사합니다.,5,1,긍정
he****,2021-03-16T13:22:08.683+00:00,자전거: 01.삼천리 카라 / 컬러: 다크블루(바구니포함),삼천리자전거 마음에듭니다,5,1,부정
seey*****,2021-02-18T02:15:32.133+00:00,자전거: 03.삼천리 화이트라벨 / 컬러: 화이트,"배송상태 좋아요. 
조립도 여자 혼자 가능했습니다. 

바퀴가 얇은 감은 있지만 전 집 근처 운동용으로 산거라 
크기, 승차감 만족합니다.",4,1,긍정
jn****,2021-02-22T05:55:37.761+00:00,자전거: 03.삼천리 화이트라벨 / 컬러: 블랙,접어서 트렁크에 넣을수 있어서 좋아요~,5,1,부정
chae*******,2021-03-04T20:41:47.238+00:00,자전거: 02.삼천리 메이비20 / 컬러: 민트(바구니포함),배송이 빠르네요 다만 스틸이라 조금 무겁습니다,5,1,긍정
qkfk******,2021-02-26T02:27:28.062+00:00,자전거: 02.삼천리 메이비20 / 컬러: 라이트핑크(바구니포함),조립도 쉽고 디자인도 예뻐요~,5,1,긍정
xiao***,2021-02-07T00:27:47.089+00:00,자전거: 01.삼천리 카라 / 컬러: 다크블루(바구니포함),"자전거 예뻐요.
흙받이도 깔끔하게 잘 되어있고.
바구니가 좀 어설퍼보이긴 해요.
혹시 몰라서 자전거 셋팅해달라구 가져갔더니 만원 받네요.",5,1,부정
altk***,2021-03-18T01:06:58.725+00:00,자전거: 04.삼천리 로시난테 / 컬러: 네이비,진짜 가볍고 좋아요,5,1,부정
hoho*******,2021-03-05T12:58:18.886+00:00,자전거: 01.삼천리 카라 / 컬러: 다크블루(바구니포함),배송 엄청 빠르고 삼천리 자전거!! 에이에스 ㅋ삽가능 자잔가고 이빠오,5,1,부정
kw****,2021-02-24T09:46:13.205+00:00,자전거: 01.삼천리 카라 / 컬러: 다크블루(바구니포함),조립도 쉽고 배송도 빠르네요,5,1,긍정
wonh***,2021-01-26T12:15:45.928+00:00,자전거: 03.삼천리 화이트라벨 / 컬러: 블랙,계속 매진이길래 기다리다가 구매했습니다.  타이어 공기 들어있고 반조립 상태로 배송되서 핸들쪽만 조립하면 되요 난이도는 쉬움.  안장은 불편해서 쿠션있는 제품으로 교환했습니다.,5,1,부정
jmk5***,2021-03-09T11:12:55.892+00:00,자전거: 01.삼천리 카라 / 컬러: 다크블루(바구니포함),가격도 좋고 디자인도 예뻐요^^초3아이도잘타고다녀요~~,5,1,긍정
sjy4***,2021-02-04T20:15:55.373+00:00,자전거: 03.삼천리 화이트라벨 / 컬러: 화이트,"디자인 너무 예뻐요!! 배송도 빠릅니다 :)
추가적으로 구매한 건 아직 안 와서 자전거를 못 타러 가네용 ㅠㅠ",5,1,부정
dalz***,2021-02-17T14:53:48.649+00:00,자전거: 01.삼천리 카라 / 컬러: 다크블루(바구니포함),자전거 좋네요! 엄지척!!,5,1,부정
kiok****,2021-03-16T05:14:12.729+00:00,자전거: 03.삼천리 화이트라벨 / 컬러: 화이트,자전거 좋아요 잘샀어요 ㅎㅎ,4,1,긍정
haro*****,2021-03-05T12:54:36.779+00:00,자전거: 01.삼천리 카라 / 컬러: 다크블루(바구니포함),"배송 완전빠르구요
디자인도 예ㅣ쁘고 크기도 만족..
앞에 큰바구니 달아서 우리 강쥐태우고 운동다녀요~~",5,1,긍정
thdc******,2021-03-17T11:21:20.806+00:00,자전거: 03.삼천리 화이트라벨 / 컬러: 화이트,잘받앗습니다많이파세요,5,1,부정
jsto***,2021-03-15T02:15:38.982+00:00,자전거: 02.삼천리 메이비20 / 컬러: 라이트핑크(바구니포함),칼라 예쁘고 무난합니다,4,1,긍정
newr******,2021-02-23T01:36:01.433+00:00,자전거: 01.삼천리 카라 / 컬러: 다크블루(바구니포함),"작긴 작은데. 모양이랑 색상 이뿌네요
동네 마실 다니기에는 좋아요
가격도 다른것들에 비해선. 저렴한편이고",5,1,긍정
soph****,2021-03-13T13:50:36.673+00:00,자전거: 03.삼천리 화이트라벨 / 컬러: 블랙,조립도 좋고 간편하고 좋아요,5,1,부정
se****,2021-02-21T04:24:46.427+00:00,자전거: 01.삼천리 카라 / 컬러: 다크블루(바구니포함),작아서 만만하니 타기좋아요,5,1,긍정
e990****,2021-02-27T09:00:09.870+00:00,자전거: 02.삼천리 메이비20 / 컬러: 민트(바구니포함),조립 간단하고 색상도 이쁘네요. 아이가 좋아합니다.,5,1,부정
wans***,2021-02-14T04:16:55.357+00:00,자전거: 01.삼천리 카라 / 컬러: 다크민트(바구니포함),"조금 무겁긴 했지만 아이들이 잘 타고 다닙니다.

키 130 큰 딸은 무리 없이 타고 다니고, 키 120 작은 딸은 약간 버거워 합니다. 참고하세요.",5,1,긍정
rkde******,2021-02-18T14:29:16.649+00:00,자전거: 01.삼천리 카라 / 컬러: 다크블루(바구니포함),휴대도 편하고잘굴러가요 튼튼합니다,5,1,긍정
hyun******,2021-03-16T09:27:52.753+00:00,자전거: 01.삼천리 카라 / 컬러: 다크블루(바구니포함),배송빠르고 이뻐요~~,5,1,긍정
sky7*****,2021-03-19T05:09:44.578+00:00,자전거: 03.삼천리 화이트라벨 / 컬러: 화이트,그냥그냥그냥그냥그냥해요,2,1,부정
gg****,2021-03-05T06:21:00.267+00:00,자전거: 03.삼천리 화이트라벨 / 컬러: 화이트,조립이 어렵지 않았네요 안장은 딱딱한감이 있어요,5,1,긍정
youn*****,2021-03-08T01:50:51.867+00:00,자전거: 01.삼천리 카라 / 컬러: 다크블루(바구니포함),애들이 좋아해서 하나 더 시켰는데 모든면에 만족,5,1,부정
mira******,2021-01-31T01:59:49.799+00:00,자전거: 01.삼천리 카라 / 컬러: 다크민트(바구니포함),"120센티, 24kg 운동신경 좋은 아이에요 안장 낮추어주니 아주 신나게 잘 타네요. 자전거 색은 아이가 직접 골랐는데 어두운 곳에서도 눈에 띄라고 밝은 색 골랐대요 ㅋㅋ",5,1,부정
khri*****,2021-03-08T08:39:23.104+00:00,자전거: 01.삼천리 카라 / 컬러: 다크블루(바구니포함),생가보다 작고 무겁지만 가성비는 좋은거같아요.,4,1,긍정
yos0***,2021-03-02T02:41:12.104+00:00,자전거: 01.삼천리 카라 / 컬러: 다크블루(바구니포함),작아서 저랑 잘 맞아요 키 큰 분들보단 키 작은 분들에게 잘 맞을거 같습니다.,5,1,긍정
aene****,2021-02-06T09:15:29.705+00:00,자전거: 03.삼천리 화이트라벨 / 컬러: 화이트,프레임이 아주 약간 휜 거 같기도 한데 싸고 튼튼하니 만족합니다.,5,1,긍정
am****,2021-01-30T08:36:12.707+00:00,자전거: 01.삼천리 카라 / 컬러: 다크블루(바구니포함),"맘에 들어요~~
이제 8세되는 아들태어줄려고 샀는데
아들도 좋아하네요
아직 두발자전거는 첨이라 보조바퀴따로
구매해서 달아줬어요~~^^",5,1,긍정
kbh0***,2021-03-10T07:41:08.753+00:00,자전거: 01.삼천리 카라 / 컬러: 다크민트(바구니포함),"제품 포장 오케이 배송 오케이 
다 만족합니다",5,1,긍정
muss*****,2021-03-12T05:13:07.878+00:00,자전거: 01.삼천리 카라 / 컬러: 다크블루(바구니포함),조립도 쉽고 타기 좋아요~,5,1,부정
ra****,2021-02-10T16:09:14.368+00:00,자전거: 01.삼천리 카라 / 컬러: 다크블루(바구니포함),"배송도 빠르고 예뻐요
자전거알못이라 동네 자전거포에 가서 조립해달라고 했어요..",5,1,긍정
cron****,2021-03-12T11:13:56.149+00:00,,배송도 빠르고 상품도 좋습니다.,5,1,부정
qium***,2021-02-07T00:31:55.847+00:00,자전거: 01.삼천리 카라 / 컬러: 다크민트(바구니포함),튼튼하고 예뻐요. 아이가 너무 좋아하네요,5,1,부정
dksp******,2021-03-09T06:14:42.117+00:00,자전거: 01.삼천리 카라 / 컬러: 다크블루(바구니포함),조립도 쉽고 사진이랑 똑같아요,5,1,긍정
alsr******,2021-01-31T21:17:20.303+00:00,자전거: 01.삼천리 카라 / 컬러: 다크블루(바구니포함),"설치도 간편하고 이쁘고 괜찮네요!
잘 타보겟습니다
초보자한텐 딱인듯하네요 ㅎㅎ",5,1,부정
puru****,2021-02-27T03:50:46.023+00:00,자전거: 01.삼천리 카라 / 컬러: 다크블루(바구니포함),친구가 타보고 좋다고 추천해줘서 선택했어요~잘 타고 다닐거같아요^^,5,1,부정
k102*****,2021-03-08T03:31:12.901+00:00,자전거: 02.삼천리 메이비20 / 컬러: 민트(바구니포함),색상도이쁘고 접이식이라편해요,5,1,긍정
tlvk********,2021-02-04T13:36:42.204+00:00,자전거: 01.삼천리 카라 / 컬러: 다크민트(바구니포함),"저녁주문후 이틀만에 도착했어요.
128센티 8세 아들이랑 같이탈려고 주문했는데
낙낙하니 좋아요~",5,1,긍정
kjh1*****,2021-02-05T00:59:34.828+00:00,자전거: 01.삼천리 카라 / 컬러: 다크블루(바구니포함),너무좋아요 눈이오는바람에 한번밖에 못데리고나갔지만 제 전용 부릉이가생겨서 너무좋아요♡,5,1,부정
ib****,2021-02-09T11:42:45.016+00:00,자전거: 02.삼천리 메이비20 / 컬러: 민트(바구니포함),그냥 샵가서 사는게 정신 건강에 좋음. 어차피 샵가서 셋팅 다시받야함. 정말대충 보내는거 같네요.. 그리고 보조바퀴 집에서 절대 달수가 없네요. 포함된 공구로는 너트 절대풀리지 않습니다.. 몽키로도 안풀립니다.이리저리하면 오프로사는게 이득.. 다 때려 부수려다 참고.. 진정중.. 릴렉스.. 릴렉스..,1,1,긍정
daia****,2021-01-10T12:09:23.556+00:00,자전거: 01.삼천리 카라 / 컬러: 다크블루(바구니포함),일다닐때 타고 다니려고 샀는데 일단 크기는 보통 성인이 타기에는 조금 작아요 그래도 의자 높게해서 타고 다녀요 초등 아이들이 타기엔 딱 좋을거 같아요 근데 의자는 쿠션감이 없어서 엉덩이가 조금 아프더라구요 그래서 별하나 뺏어요 안장쿠션착용해서 타니까 괜찮더라구요 잘타고 다니고 있어요~,4,1,긍정
hoon********,2021-03-06T07:09:16.073+00:00,자전거: 01.삼천리 카라 / 컬러: 다크블루(바구니포함),디자인도 예쁘고 잘  타고 나닐 수 있겠어요,5,1,부정
towe****,2021-03-07T13:22:53.868+00:00,자전거: 01.삼천리 카라 / 컬러: 다크블루(바구니포함),빠른 배송 감사드려요,5,1,긍정
viol******,2021-03-08T08:11:36.542+00:00,자전거: 01.삼천리 카라 / 컬러: 다크민트(바구니포함),빠른 배송 감사합니다~~,5,1,부정
ntro****,2021-02-06T23:58:35.938+00:00,자전거: 01.삼천리 카라 / 컬러: 다크블루(바구니포함),가격대비 괜찮아요 그런데 바규니는 살짝 아쉬움,4,1,부정
chjl******,2021-03-10T09:33:27.208+00:00,자전거: 01.삼천리 카라 / 컬러: 다크블루(바구니포함),너무 예뻐요~~|!!,5,1,긍정
viol******,2021-03-08T08:11:02.893+00:00,자전거: 01.삼천리 카라 / 컬러: 다크블루(바구니포함),빠른배송 감사합니다!!!,5,1,부정
viol******,2021-03-02T10:48:28.432+00:00,자전거: 01.삼천리 카라 / 컬러: 다크블루(바구니포함),연휴인데도 불구하고 빠른 배송감사합니다.,5,1,긍정
phyo*******,2021-01-29T07:36:09.203+00:00,자전거: 01.삼천리 카라 / 컬러: 다크블루(바구니포함),"배송 진짜 빨라요
보조바퀴 나사 빼느라 힘들었어요
저렴하게 구매했어요",5,1,긍정
dlqt****,2021-03-04T09:31:11.494+00:00,자전거: 01.삼천리 카라 / 컬러: 다크블루(바구니포함),애들이 타기 좋고 디자인도 예뻐서 좋아해요,5,1,긍정
viol******,2021-03-08T08:12:04.971+00:00,자전거: 01.삼천리 카라 / 컬러: 다크민트(바구니포함),배송 빠르고 좋아요~~~,5,1,부정
aene****,2021-02-06T09:14:36.015+00:00,자전거: 03.삼천리 화이트라벨 / 컬러: 블랙,생각보다 이쁘고 조립도 간단하네요.,5,1,부정
cucu****,2021-03-12T14:05:00.100+00:00,자전거: 01.삼천리 카라 / 컬러: 다크블루(바구니포함),예쁘고 좋아요~~~~,5,1,긍정
jj15*****,2021-03-05T03:48:17.403+00:00,자전거: 03.삼천리 화이트라벨 / 컬러: 화이트,튼튼 깔끔 조립간단 이쁨 대만족,5,1,긍정
amur*****,2021-02-28T19:06:08.210+00:00,자전거: 01.삼천리 카라 / 컬러: 다크블루(바구니포함),자전거는 마음에 드는데 배송이 넘 느려요.,3,1,긍정
viol******,2021-03-05T14:38:50.221+00:00,자전거: 01.삼천리 카라 / 컬러: 다크블루(바구니포함),빠른 배송 감사드려요!!,5,1,부정
mech******,2021-02-09T15:18:43.494+00:00,자전거: 01.삼천리 카라 / 컬러: 다크블루(바구니포함),배송 빠르고 조립도 유튜브 보고 하니까 금방 했어요!!,5,1,긍정
jys0***,2021-01-17T05:28:36.002+00:00,자전거: 01.삼천리 카라 / 컬러: 다크블루(바구니포함),예정일보다 더빨리왔어요.아주깔끔하게 상품도 완벽해요.,5,1,긍정
ggi0***,2021-02-05T15:25:52.032+00:00,자전거: 01.삼천리 카라 / 컬러: 다크블루(바구니포함),튼튼하고 디자인색상 이쁩니다. 무겁긴 합니다.,5,1,긍정
viol******,2021-03-05T14:36:07.808+00:00,자전거: 01.삼천리 카라 / 컬러: 다크민트(바구니포함),빠른 배송 감사합니다!!!,5,1,긍정
ssau***,2021-02-25T08:34:38.971+00:00,자전거: 01.삼천리 카라 / 컬러: 다크블루(바구니포함),대리점에서  점검 받고 나니 좋네요. 꼭 비용이  들더라도 하세요.,5,1,긍정
brow******,2021-02-19T01:30:08.633+00:00,자전거: 02.삼천리 메이비20 / 컬러: 라이트핑크(바구니포함),"빠른배송과 색상 변경에 대한 피드백 반영
그런데 아직 포장을 풀지 못했어요 ㅜㅜ 유선 구매할게요",5,1,긍정
hans********,2021-02-10T08:58:21.034+00:00,자전거: 01.삼천리 카라 / 컬러: 다크블루(바구니포함),너무 좋아요 타기쉽구요,5,1,긍정
jays******,2021-03-01T03:20:46.815+00:00,자전거: 02.삼천리 메이비20 / 컬러: 라이트핑크(바구니포함),접히는 자전거라 차에도 실리고 색깔도 예뻐요,5,1,긍정
leej******,2021-02-14T23:54:53.946+00:00,자전거: 01.삼천리 카라 / 컬러: 다크블루(바구니포함),울 아들이 잘 타고 다닙니다,5,1,긍정
rkdd******,2021-02-04T04:01:36.830+00:00,자전거: 01.삼천리 카라 / 컬러: 다크민트(바구니포함),"제가 자전거 핵핵초보거든여 
이제 배워서 타려구샀는데ㅋㅋㅋ저같은 찐초보들에게는 딱이에요 ^^이제 연습해서 타고다닙니다 
아마 초등학생들도 타고 다닐수있을꺼에요 
민트색이라 색감도이쁘고 바구니있어서 
가벼웅 짐도 넣어다닐수있어서 좋아요 
다만 조금 무거운건 어쩔수없지만",5,1,긍정
rlax*******,2021-02-24T04:33:57.086+00:00,자전거: 03.삼천리 화이트라벨 / 컬러: 블랙,감사합니다 잘받았습니다  자전거 예쁘네요,5,1,부정
mu****,2021-02-26T17:13:41.101+00:00,자전거: 01.삼천리 카라 / 컬러: 다크블루(바구니포함),좋아요 애들이 좋아하네요,5,1,긍정
dory******,2021-03-04T01:47:41.049+00:00,자전거: 01.삼천리 카라 / 컬러: 다크블루(바구니포함),성인 여성이 타기에 좋아요,5,1,긍정
jjap****,2021-01-23T13:43:43.950+00:00,자전거: 01.삼천리 카라 / 컬러: 다크민트(바구니포함),아이 엄마가 번갈아 탑니다^^ 자전거 맘에 든다고하네요 민트/화이트가 땡겼는데 품절이라 민트/블랙을 골랐는데 오히려 이게 더나은듯합니다,5,1,긍정
zhfp*******,2021-03-04T06:00:33.619+00:00,자전거: 02.삼천리 메이비20 / 컬러: 민트(바구니포함),조립도 간단하고 좋습니다,5,1,부정
hy****,2021-03-04T14:38:21.189+00:00,자전거: 03.삼천리 화이트라벨 / 컬러: 화이트,아주좋아요 추천합니다,5,1,부정
dlqt****,2021-03-04T09:29:30.630+00:00,자전거: 01.삼천리 카라 / 컬러: 다크민트(바구니포함),아이가 타기에 좋아요,5,1,부정
amin****,2021-03-03T23:06:29.460+00:00,자전거: 02.삼천리 메이비20 / 컬러: 민트(바구니포함),빨리 배송됬어요~잘탈께요~,4,1,긍정
ehdz****,2021-01-29T10:40:46.443+00:00,자전거: 01.삼천리 카라 / 컬러: 다크블루(바구니포함),"예뻐요 포장 매우 꼼꼼해요
배송은 좀 느리네요",5,1,긍정
amur*****,2021-02-28T19:04:15.446+00:00,자전거: 03.삼천리 화이트라벨 / 컬러: 블랙,자전거는 마음제 듭니다. 배송이 너무 느려서 ...,3,1,부정
pooh****,2021-02-19T13:48:31.183+00:00,자전거: 01.삼천리 카라 / 컬러: 다크블루(바구니포함),"아이가 좋아해요^^
배송빠르고 좋아요",4,1,긍정
no****,2021-02-26T05:38:32.467+00:00,자전거: 03.삼천리 화이트라벨 / 컬러: 화이트,디자인도 이쁘고 마음에 들어요,5,1,긍정
haru****,2021-01-13T16:02:16.096+00:00,자전거: 02.삼천리 메이비20 / 컬러: 민트,"색깔도 이쁘고 아이도 잘 타고 다녀요 아직 보조바퀴가 있어서 오히려 중심이 잘 안잡힐때도 있어요 보조바퀴가 균형이 잘 안맞는건 제가 조립을 잘 못한건지;;;
보조바퀴 떼고 타면 괜찮을것 같아요
무게는 꽤 무거워요",5,1,부정
viol******,2021-03-02T10:48:07.129+00:00,자전거: 01.삼천리 카라 / 컬러: 다크블루(바구니포함),빠른 배송 감사합니다!!!!,5,1,긍정
viol******,2021-03-02T10:44:24.356+00:00,자전거: 01.삼천리 카라 / 컬러: 다크블루(바구니포함),빠른 배송 감사합니다!!!!!,5,1,부정
jong*******,2021-02-20T09:11:41.621+00:00,자전거: 03.삼천리 화이트라벨 / 컬러: 화이트,너무 이쁘네요 생각보다 너무 만족스럽습니다.,5,1,부정
gomi***,2021-02-25T00:59:31.495+00:00,자전거: 01.삼천리 카라 / 컬러: 다크블루(바구니포함),한대 더사고싶어요. 너무 좋아요,5,1,부정
kasa****,2021-02-09T10:18:26.195+00:00,자전거: 01.삼천리 카라 / 컬러: 다크블루(바구니포함),저렴하고 배송빠릅니다,5,2,부정
wa****,2021-03-27T05:19:59.542+00:00,자전거: 01.삼천리 카라 / 컬러: 다크민트(바구니포함),좋습니다요좋습니다요,4,1,부정
wing****,2021-02-09T06:28:30.789+00:00,자전거: 01.삼천리 카라 / 컬러: 다크블루(바구니포함),여자친구가 좋아해요,5,1,긍정
tkaw*****,2021-02-22T04:09:46.831+00:00,자전거: 01.삼천리 카라 / 컬러: 다크민트(바구니포함),조아요  아이가 엄청 좋아해요,5,1,부정
wc****,2021-03-03T07:46:32.752+00:00,자전거: 01.삼천리 카라 / 컬러: 다크민트(바구니포함),아이가타기에적당해요,5,1,긍정
sund****,2021-02-02T15:42:33.288+00:00,자전거: 01.삼천리 카라 / 컬러: 다크블루(바구니포함),가격 대비 디자인과 성능이 좋습니다,4,1,긍정
cjst*****,2021-02-22T12:21:12.029+00:00,자전거: 01.삼천리 카라 / 컬러: 다크블루(바구니포함),배송이 느려서  많이 그랫는데 제품은 튼튼 한듯 싶어요,4,1,긍정
lena****,2021-02-06T07:11:15.865+00:00,자전거: 01.삼천리 카라 / 컬러: 다크블루(바구니포함),"배송도 빠르고, 애들이 좋아하네요.",5,1,부정
cek4***,2021-02-26T07:42:13.222+00:00,자전거: 01.삼천리 카라 / 컬러: 다크블루(바구니포함),배송도 빠르고 잘받았습니다,4,1,부정
xlov*****,2021-02-22T00:19:24.095+00:00,,배송도 빠르고 자전거도 안전하게 잘 왔네요.,5,1,긍정
youn*****,2021-02-26T12:56:50.207+00:00,자전거: 01.삼천리 카라 / 컬러: 다크민트(바구니포함),제품과배송에 만족합니다.,5,1,부정
rock*****,2021-02-13T01:13:48.922+00:00,자전거: 02.삼천리 메이비20 / 컬러: 라이트핑크(바구니포함),디자인이 이뻐서 딸애가 좋아합니다~다만 브레이크간격조정을 좀 해야합니다,4,1,긍정
qnfl****,2021-02-02T09:13:57.664+00:00,자전거: 01.삼천리 카라 / 컬러: 다크블루(바구니포함),"어머니가 좋아하세요
색깔도 세렴되고 좋아요 ㅎ",5,1,긍정
luce*****,2021-02-18T10:37:57.307+00:00,자전거: 01.삼천리 카라 / 컬러: 다크민트(바구니포함),날씨가 추워 아직 타보진 못했지만. 딸이 좋아 하네요,5,1,긍정
song*******,2021-02-20T13:27:39.515+00:00,자전거: 02.삼천리 메이비20 / 컬러: 민트(바구니포함),아이가 좋아해요~ 잘 타겠습니다~~,5,1,긍정
kkam***,2021-01-23T08:03:57.895+00:00,자전거: 01.삼천리 카라 / 컬러: 다크블루(바구니포함),조카 입학선물로 자전거 선물했어요. 받아보더니 넘 좋다네요. 잘 탈게요.,5,1,부정
blue******,2021-01-15T04:30:00.835+00:00,자전거: 01.삼천리 카라 / 컬러: 다크블루(바구니포함),"너무 만족합니다
초등저학년 125센티 뒷꿈치들고 잘 타네요
135센치 언니는 사이즈 딱 좋아요
살짝 무거운감은 있어요",5,1,긍정
vkdk******,2021-01-08T01:33:44.312+00:00,자전거: 02.삼천리 메이비20 / 컬러: 라이트핑크,"올해 8살된 여아예요~~ 
가끔 아이몰래 저도 타고다녀요 ㅎ
안장이랑 핸들 높이조절하는거 쉬워요!! 
고정도 엄~청 잘되구요~ 
접는방법도 쉬워서 차(큐엠3) 트렁크에 저혼자도 실고 다니곤 해요~  쫌 무겁긴하지만,,, 
둘째도 좀 크면 이거랑 똑같은거 사줄꺼예요!",5,1,긍정
bban****,2021-01-02T04:32:14.731+00:00,자전거: 01.삼천리 카라 / 컬러: 다크블루(바구니포함),"조립은 남편한테 맡겼어요. 
자전거 짱짱하고 좋아요. 바퀴 바람이 좀 빠져있어서 
넣을 예정이고, 상품평 보니 초등학생들도 많이 타는갓 같은데 저처럼 나이들어 자전거 처음 타는 분들에게도 
딱이겠네요. 높지 않아 다리가 닿으니 맘이 편해서 
금방 배우는 것 같아요. 바로 타봤습니다.
집에 자전거 세워두니 든든해요!",5,1,긍정
caos***,2021-02-20T12:39:06.398+00:00,자전거: 01.삼천리 카라 / 컬러: 다크블루(바구니포함),초등딸  매일 나가서 탑니다 디자인도 크기도 딱입니다,5,1,부정
doro****,2021-02-12T13:57:17.048+00:00,자전거: 03.삼천리 화이트라벨 / 컬러: 블랙,빠른 배송 감사합니다. 번창하세요.,5,1,부정
haru******,2020-12-30T11:38:12.214+00:00,자전거: 01.삼천리 카라 / 컬러: 다크블루,잘받았습니다 배송이 정말 빠르네요 정말 마음에 듭니다 수고하세요 다음에 또 들리겠습니다 수고하세요,5,1,부정
djse***,2021-02-20T08:36:58.874+00:00,자전거: 01.삼천리 카라 / 컬러: 다크블루(바구니포함),배송이빠르네요 조립하기편하네요,4,1,긍정
ssam****,2020-12-21T06:42:29.684+00:00,자전거: 02.삼천리 메이비20 / 컬러: 라이트핑크(바구니포함),"앗.. 벌써 구매한지 한달이 되었네요. 
조립한지는 며칠 안되었는데 ㅎㅎ
무겁단 후기를 보고 무겁다는건 예상했는데 어른이들기에도 무거워요. 
분홍 좋아하는 공주님..  보조바퀴 있어야 한다고 해서 구매했는데,   보조바퀴 다는게 쉬워보이지 않아 아이에게 없이 타보는걸 연습하자고 했어요. 
진작에 구매해줄것을.. 
고민을 너무 오래하다보니 한창 탈 수 있는 가을 시기를 놓친게 아쉬워요 
아이가 균형을 너무 못잡아서 결국 이번주말에 보조바퀴 설치하기로 했구요. 
조립은 쉬운듯 어려워 보였으나, 
유튜브 검색하고는 바로 조립했어요.",5,1,부정
adio*****,2021-02-17T06:16:56.349+00:00,자전거: 01.삼천리 카라 / 컬러: 다크민트(바구니포함),우선 배송이빨라서 무엇보다 좋았어요,5,1,긍정
glas*****,2021-01-23T13:07:14.176+00:00,자전거: 01.삼천리 카라 / 컬러: 다크블루(바구니포함),"거의 조립되어 오고 핸들과 안장 정도 설치하고
바퀴나 브레이크 정도 확인하면 되네오~
페달 부드럽게 밟히니 타기 편합니다",5,1,긍정
kwd0***,2021-02-19T14:37:13.261+00:00,자전거: 01.삼천리 카라 / 컬러: 다크블루(바구니포함),디자인이 이뻐서 좋아요,4,1,긍정
hi****,2021-02-12T04:27:25.787+00:00,자전거: 02.삼천리 메이비20 / 컬러: 라이트핑크(바구니포함),배송빠르고 자전거는 이쁘네요. 애가 좋아합니다.,5,1,부정
um****,2021-02-19T17:42:03.025+00:00,자전거: 02.삼천리 메이비20 / 컬러: 라이트핑크(바구니포함),색깔도 이쁘고 기능도 좋네요.,5,1,긍정
no1d*****,2021-02-02T02:46:21.628+00:00,자전거: 03.삼천리 화이트라벨 / 컬러: 화이트,아주좋네요 자전거 씽씽~!!,5,1,부정
yeon*****,2021-01-26T10:25:24.055+00:00,자전거: 01.삼천리 카라 / 컬러: 다크블루(바구니포함),만족합니다!!배송독팔랐어요,5,1,긍정
kwon****,2021-02-19T03:57:43.108+00:00,자전거: 03.삼천리 화이트라벨 / 컬러: 화이트,가볍고 도립하기 쉬어요.^^잘탈께요,4,1,부정
fiix****,2021-02-20T22:24:33.319+00:00,자전거: 03.삼천리 화이트라벨 / 컬러: 화이트,가격대비 만족합니다,4,3,긍정
glgl****,2021-02-20T01:11:36.004+00:00,자전거: 03.삼천리 화이트라벨 / 컬러: 화이트,차에 싣고 다니기 좋네요,4,1,긍정
moon***,2021-01-20T10:53:12.292+00:00,자전거: 01.삼천리 카라 / 컬러: 다크민트(바구니포함),아이가 좋아해요 동생 태워 준다고 뒤에 모양 보고 자기가 골랐어요 ㅎㅎ,5,1,긍정
choi****,2021-01-22T08:04:08.197+00:00,자전거: 02.삼천리 메이비20 / 컬러: 라이트핑크(바구니포함),가볍고튼튼하고색상이 너무이뻐요 좋아요,5,1,긍정
illg****,2021-02-22T15:42:34.987+00:00,자전거: 01.삼천리 카라 / 컬러: 다크민트(바구니포함),아무 문제없이 도착했어요~!,5,1,긍정
woob***,2021-01-26T07:43:07.154+00:00,자전거: 01.삼천리 카라 / 컬러: 다크민트(바구니포함),좋아요. 그런데 진짜 무거워요,5,1,긍정
assa******,2021-02-21T07:33:45.683+00:00,자전거: 03.삼천리 화이트라벨 / 컬러: 블랙,빠른 배송 좋와여~~~~,5,1,부정
suji***,2021-01-04T06:31:51.971+00:00,자전거: 01.삼천리 카라 / 컬러: 다크블루(바구니포함),"조립이 쉬운 편이어서 금방 끝났어요.
다만 기어쪽이 이상한 듯 해서 문의드리니 친절히 응대해주셔서 넘 감사합니다.",5,1,긍정
fi****,2021-02-10T05:43:43.225+00:00,자전거: 01.삼천리 카라 / 컬러: 다크블루(바구니포함),배송도 빠르고 설명도 잘 해주셨어요.,5,1,긍정
spic******,2020-12-26T11:17:24.081+00:00,자전거: 01.삼천리 카라 / 컬러: 다크민트(바구니포함),"산타 선물이었는데 빠른 배송 감사드립니다.
핸들과 안장만 끼우면 되서 조립도 쉬웠어요.
사진보다 실물이 훨씬 예쁘네요. ^^
빨리 타러 나가보고싶습니다.",5,1,부정
9560****,2021-01-11T03:27:36.083+00:00,자전거: 01.삼천리 카라 / 컬러: 다크민트(바구니포함),"8세 남아가 타요
자전거 사달라 ㅎㅐ서 이걸로 선택했어요
아직은 아이한테 커서 보조바퀴를 달아줬어요 날추워 잘 못 나가지만 연습중이요",5,1,부정
noma*****,2021-01-13T08:48:42.590+00:00,자전거: 01.삼천리 카라 / 컬러: 다크블루(바구니포함),배송도 예상보다 빠르고 좋았습니다. 빨리 날씨좋아지기만 기다리네요 ㅎ,5,1,부정
rws8***,2021-01-24T07:56:16.531+00:00,자전거: 02.삼천리 메이비20 / 컬러: 라이트핑크(바구니포함),디자인이 너무예쁘고 편해요,4,1,긍정
hh****,2021-03-06T21:45:43.375+00:00,자전거: 03.삼천리 화이트라벨 / 컬러: 화이트,감사합니다감사합니다,5,1,긍정
50****,2021-01-20T05:42:27.939+00:00,자전거: 01.삼천리 카라 / 컬러: 다크민트,"색이랑 디자인은 너무 마음에 들어요.
그런데 사용하다보니 자전가가 무거워서 잘 안나가네요...
강제로 운동 엄청 열심히하는 기분이에요~
덕분에 다리 힘 많이 길러졌네요!",3,1,부정
cool****,2020-12-27T14:53:35.706+00:00,자전거: 01.삼천리 카라 / 컬러: 다크블루(바구니포함),"아이가 아주 좋아하네요!
배송두 빠르고 좋았습니다.",4,1,부정
lopa*****,2021-03-06T03:14:45.449+00:00,자전거: 01.삼천리 카라 / 컬러: 다크블루(바구니포함),정말좋아요정말좋아요,5,1,긍정
dm****,2021-01-18T22:15:58.579+00:00,자전거: 01.삼천리 카라 / 컬러: 다크민트(바구니포함),"너무좋아요
날씨가 추운데도  자꾸 나가고 싶습니다",5,1,긍정
masi****,2021-01-19T01:22:36.278+00:00,자전거: 01.삼천리 카라 / 컬러: 다크블루(바구니포함),어머니 선물 해드렸는데 잘 타고 계시네요~,5,1,부정
2_****,2021-01-09T04:36:12.175+00:00,자전거: 01.삼천리 카라 / 컬러: 다크블루(바구니포함),잘 받았어요 파손없이 왔어요 선물 받으신 분이 만족하시네요,5,1,긍정
sm****,2020-12-09T13:41:47.360+00:00,자전거: 01.삼천리 카라 / 컬러: 다크블루(바구니포함),배송은빠르게잘왔어요.누락된물건도 바로보내주시는것도좋았어요..근데 20인치 자전거를시켰으면 보조바퀴도 그에맞는게와야되는게아닐까요?자전거대리점에 보조바퀴달러갔더니 자전거보다 작은거라고 최대한 했는데도바퀴가떠있다고..오래하고있지않을거라 대충달았지만 이건아니지싶네요..,3,1,부정
hone*****,2021-01-04T06:20:06.737+00:00,자전거: 01.삼천리 카라 / 컬러: 다크블루(바구니포함),유사 품목보다는 몇 만원 비싸지만 상품의 퀄리티가 훨씬 좋더라구요. 대만족 중입니다.,5,1,긍정
hone*****,2020-12-27T12:43:02.487+00:00,자전거: 01.삼천리 카라 / 컬러: 다크민트(바구니포함),최소한의 노력으로 조립을 쉽게 완료했구요. 재질이나 마감처리가 확실이 좋았습니다. 몇 만 원 더 쓴게 아깝지 않네요. 설명서가 작아서 좀 그랬는데... 볼 필요가 없더라구요.,5,1,긍정
ss33***,2021-01-07T02:30:59.935+00:00,자전거: 01.삼천리 카라 / 컬러: 다크블루(바구니포함),"엄마가 운동하신다고 자전거 찾아보달라고해서 주문했습니다.

마음에 들어 하세요",5,1,부정
ding********,2021-01-15T10:19:21.306+00:00,자전거: 01.삼천리 카라 / 컬러: 다크블루(바구니포함),배송빠르고 포장장태좋고 조립 쉽고 물건에 하자 없고,5,1,긍정
soda******,2021-02-15T15:13:47.280+00:00,자전거: 01.삼천리 카라 / 컬러: 다크민트(바구니포함),잘 타고 있습니다.,4,1,부정
park**********,2021-02-07T16:21:37.042+00:00,자전거: 01.삼천리 카라 / 컬러: 다크블루(바구니포함),가격착하고 아주 잘 쓰고있습니다,5,1,부정
kims*******,2020-12-15T13:30:25.288+00:00,자전거: 01.삼천리 카라 / 컬러: 다크블루(바구니포함),조립은 그럭저럭했는데 보조바퀴 다느라 한참 애먹었네요 저녁먹고 조립하고 겁나게 추운  야밤에 자전거 타러 나갔다왔습니다 아이들은 추운줄도 모르고 너무 신나게 타네요 진작 사줄걸 그랬어요,5,1,부정
iwld******,2021-01-26T08:45:48.449+00:00,자전거: 03.삼천리 화이트라벨 / 컬러: 화이트,조립이힘드렁요...,4,1,긍정
ho****,2021-01-06T14:57:46.732+00:00,자전거: 01.삼천리 카라 / 컬러: 다크블루(바구니포함),어머니께 다크블루로 사드렸는데 실물이 너무 예뻐서 만족했습니다,5,1,긍정
go****,2021-02-02T10:33:42.962+00:00,자전거: 01.삼천리 카라 / 컬러: 다크민트(바구니포함),"아이가 골라서 민트색 구매햇어요ㅡ
배송도 빠른편이고 제품도 만족스럽네요",5,1,긍정
trip****,2021-01-08T00:51:42.644+00:00,자전거: 01.삼천리 카라 / 컬러: 다크블루(바구니포함),튼튼해요. 알루미늄 프레임에비해ㅈ다소 무거운건 사실. 그런데 타는 것과는 무관하니 상관없음.,5,1,부정
solt***,2021-02-06T01:57:46.110+00:00,자전거: 03.삼천리 화이트라벨 / 컬러: 화이트,"화이트 라벨 구매 했는데 나름 괜찮습니다.
딸이 좋아 하네요.....",4,1,부정
gksq*******,2021-02-08T04:00:18.667+00:00,자전거: 01.삼천리 카라 / 컬러: 다크블루(바구니포함),타기 좋고 조립도 쉽습니다^^,4,1,부정
dkfl*****,2021-01-16T08:06:35.842+00:00,자전거: 01.삼천리 카라 / 컬러: 다크블루(바구니포함),키152인데 타기 딱 좋네요!,5,1,부정
pcm0****,2021-02-04T23:24:03.382+00:00,자전거: 01.삼천리 카라 / 컬러: 다크블루(바구니포함),쉽게 접을 수 있고 성인이타도 안전하게 잘 탈 수 있어요,5,1,부정
ymin****,2021-01-16T09:10:25.184+00:00,자전거: 01.삼천리 카라 / 컬러: 다크민트(바구니포함),튼튼하고 조립하기도 쉽고 좋네요^^,5,1,긍정
dlsw******,2021-01-17T22:22:56.715+00:00,자전거: 03.삼천리 화이트라벨 / 컬러: 화이트,가볍고 이뻐서 좋아영,5,1,부정
rnjs*******,2021-02-05T03:48:18.675+00:00,자전거: 03.삼천리 화이트라벨 / 컬러: 화이트,빠른배송 너무좋아요.,5,1,부정
frig***,2020-12-30T15:14:15.312+00:00,자전거: 01.삼천리 카라 / 컬러: 다크블루(바구니포함),배송이 빠르고 잘됐네요 타는데 불편한건없는것같습니다 다만 바구니가 좀 휘어서와서 장착하는데 어려움이 있네요,4,1,부정
cool********,2021-01-11T02:24:12.128+00:00,자전거: 02.삼천리 메이비20 / 컬러: 라이트핑크(바구니포함),이쁘고.베리굿.가격대비 최강,5,1,긍정
dj****,2020-12-25T13:30:32.270+00:00,자전거: 01.삼천리 카라 / 컬러: 다크블루(바구니포함),"상품 잘 받았습니다 
빠른배송이었어요~  아직 조립전이지만 삼천리자전거 믿고 구매하여 확정합니다.",5,1,부정
funf*****,2020-11-28T16:02:29.055+00:00,자전거: 02.삼천리 메이비20 / 컬러: 라이트핑크(바구니포함),"가격이 여기가 가장 좋은 것 같아 구매했습니다..
올려놓고 배송 잘 안해주는 곳도 많은 것 같은데...
여긴 배송도 빠르고 완전 품질도 좋습니다...
와이프 혼자 조립해서 잘 타고 다니네요...선물해줬는데 완전 좋아합니다...
완전 강추입니다...",5,1,부정
math****,2021-01-04T12:18:06.466+00:00,자전거: 01.삼천리 카라 / 컬러: 다크민트(바구니포함),아이가 좋아했어요~ 빠른발송도 감사합니다!,5,1,부정
ppae***,2021-01-19T10:29:21.383+00:00,자전거: 01.삼천리 카라 / 컬러: 다크민트,"구입 당시 초등학교 1학년(21년 2학년) 딸이 사용하려고 구입했었고요. 조금 크게 사서 고학년까지 탈 생각으로.. 튼튼하고 예쁘고 잘나가고 접어지고 ㅎㅎ
좋습니다.",5,1,긍정
honn*****,2021-01-05T12:40:53.502+00:00,자전거: 01.삼천리 카라 / 컬러: 다크블루(바구니포함),초2잘탑니다  근데 넘 무겁 ㅜ,5,1,긍정
dmsw*****,2021-01-18T12:59:04.003+00:00,자전거: 01.삼천리 카라 / 컬러: 다크블루(바구니포함),"샹각보다 굉장히 무겁네요 ^^..
보조바퀴는 매장 방문해야한대서 갔는데
상담 직원 분이 추가 금액얘기 말씀안하셨는데
발생해서 당황스러웠네요",4,1,긍정
yf****,2020-12-30T06:34:41.506+00:00,자전거: 01.삼천리 카라 / 컬러: 다크민트(바구니포함),좀 무겁긴한데 잘 접히고 민트색이라 딸아이가 좋아하네요 색상이 이뻐요,5,1,부정
kimm*****,2021-01-14T02:51:28.491+00:00,자전거: 01.삼천리 카라 / 컬러: 다크블루(바구니포함),재미있게 타고 있습니다,5,1,긍정
ryo7****,2020-12-19T07:22:07.911+00:00,자전거: 01.삼천리 카라 / 컬러: 다크민트(바구니포함),배송 빠르고 자전거도 좋습니다. 딸램이 좋아하네요~,5,1,긍정
ksj4***,2020-11-27T12:26:00.903+00:00,자전거: 01.삼천리 카라 / 컬러: 다크블루(바구니포함),"설명서만으로는 많이 부족하네요
싸게 사려고 인터넷 주문한건데
자전거가게가서 돈 또 내고 점검하자니 돈이 아까웠어요
브레이크를 너무 조여서 바퀴가 안굴러가서 불량인줄 알았서
혼자 쑈를 했네요 ㅎㅎ
디자인은 심플하니 이뻐요 키 155센티 성인이 타요 패달을 진짜 열심히 밟아야 합니다.. 괜히 바퀴 크걸 사는게 아닌가봐요.. 바퀴가 작으니 으니 그만큼 많이 밟아야 해서 진짜 운동 지데로 했네요
아이와 타려고 차량에 두대 넣으려니 접이식으로 작은사이즈 산건데
너무 뻑뻑해서 혼자 못접고 결국 뒷자석에 탑승시켰답니다 ㅜㅜ",4,1,긍정
susi********,2021-01-10T04:25:08.307+00:00,자전거: 01.삼천리 카라 / 컬러: 다크블루(바구니포함),아주 좋아해요. 잘 타고 있어요^^,5,1,긍정
micr***,2020-12-26T15:15:16.344+00:00,자전거: 01.삼천리 카라 / 컬러: 다크블루(바구니포함),크리스마스 선물로 구입한거라 이제서야 제대로 풀고  조립해서 밖에서 탔습니다. 접이식이라 완성후 박스에 들어가있어 조립이랄건 없었는데요 브레이크가 림에 너무 붙어 있어서 그거 조절이 필요했습니다. 잘 달리고 잘 섭니다. 아이가 좋아하니 저도 좋으네요 적당한 가격에 적당한 품질... 가성비란 말이 딱 어울립니다.,5,1,부정
tkda******,2021-01-02T23:19:41.429+00:00,자전거: 01.삼천리 카라 / 컬러: 다크블루(바구니포함),"배송 제품 모두 만족합니다.
아이들이 타기 딱 즣습니다",5,1,부정
sewo****,2020-12-26T15:54:23.570+00:00,자전거: 01.삼천리 카라 / 컬러: 다크블루,날이 추워져서 많이는 못 타지만 별다른 문제 없고 잘 달려요ㅎ,5,1,긍정
sjju***,2021-01-11T07:15:32.754+00:00,자전거: 01.삼천리 카라 / 컬러: 다크블루(바구니포함),배송시 제품에 약간의 문제가 있었는데 잘 대처해 주셨습니다. 상품은 가격대비 정말 괜찮네요. 색깔도 예뻐서 아이가 좋아합니다,5,1,긍정
asd5****,2020-12-30T10:02:00.246+00:00,자전거: 01.삼천리 카라 / 컬러: 다크블루(바구니포함),"자전거 이쁘네요 .  

가격도 적당해요.",5,1,긍정
hs****,2020-12-19T03:09:21.407+00:00,자전거: 01.삼천리 카라 / 컬러: 다크민트(바구니포함),앞쪽 브레이크 플라스틱 파손되어 왔네요 그리고 페인트 벗겨진 부분도있고,1,1,긍정
lks8***,2021-01-02T12:08:01.406+00:00,자전거: 01.삼천리 카라 / 컬러: 다크블루(바구니포함),"조카 새해선물로사줬는데
커서도 쓸수 있고 좋을것같아요
접이식이라 차에도 편해요",5,1,부정
kims*******,2020-12-15T13:32:35.548+00:00,자전거: 01.삼천리 카라 / 컬러: 다크민트(바구니포함),배송도 빠르고 가격대비 넘 만족합니다 추운줄 모르고 야밤에 아이들 신나게 타고 들어왔어요,5,1,부정
duwl*****,2020-12-12T17:46:47.830+00:00,자전거: 01.삼천리 카라 / 컬러: 다크블루(바구니포함),안전하게 배송받았습니다 아이가 너무 좋아하네요~ 몇번 이것저것 만져보니 브레이크도 금방 조절할수 있겠드라구요~ 감사합니다 ^^,5,1,부정
redf*****,2021-01-22T11:12:45.954+00:00,자전거: 01.삼천리 카라 / 컬러: 다크민트(바구니포함),"아이들이 너무좋아해요~~
좋아요~~굿",5,1,긍정
jung********,2021-01-14T08:01:45.949+00:00,자전거: 03.삼천리 화이트라벨 / 컬러: 블랙,"잘타고 있다가 추워져서 못타는데
조립을 다 다시했어요
핸들이 지멋대로 움직여서~;;
바퀴가 아주 작아서 타기 힘들어요!",3,1,긍정
hu****,2021-01-04T06:19:28.019+00:00,,제 자전와 같이 타면서 아이가 너무 좋아하네요~~,5,1,부정
ivan****,2021-01-13T08:56:23.327+00:00,자전거: 01.삼천리 카라 / 컬러: 다크민트(바구니포함),"오프라인 매장 대비 가격이 넘 좋네요
조립도 어렵지 않구요..
애들 뿐만 아니라 집사람도 가끔 타고 다닙니다..ㅎㅎ",5,1,부정
eter********,2020-12-18T00:46:52.606+00:00,자전거: 01.삼천리 카라 / 컬러: 다크민트(바구니포함),"일단 박스가 어마어마하게 커서 택배아저씨께 좀 죄송했네요  배송빠르고  아이 크리스마스 선물이라 일단 아직 비밀로 보관중 

사용해보고 다시 리뷰올릴게요",4,1,긍정
tggk******,2020-12-09T11:51:24.084+00:00,자전거: 02.삼천리 메이비20 / 컬러: 라이트핑크(바구니포함),초등3학년여자아이도 잘 타네요.안장조절해서.저도 타야겠어요.설명서없어서 버벅대느라 진땀뺐는데 이뻐서 잊었어요.ㅎㅎ 특히 딸기우유색이 너무 맘에들어용~근데 원래 붙어있던 안장 아래 등은 불이.안나오고 장식인가요?,5,1,부정
hm****,2020-12-31T15:09:38.148+00:00,자전거: 01.삼천리 카라 / 컬러: 다크블루(바구니포함),조카가 너무 좋아해요! 키 130정도면 좀 큰데 그래도 탈만 해요!,5,1,긍정
rlar*****,2020-11-28T14:31:36.703+00:00,자전거: 01.삼천리 카라 / 컬러: 다크블루(바구니포함),와우 거의 조립된 상태라 뭐 딱히 할것도 없네요. 핸들이랑 안장만 끼우고 조였어요. 아 브레이크 각도 잡아서 고정시키고... 자전거에 대해 잘 몰라서 블로그에 어떤분이 조립법 올려주셔서 보고 따라했는데 그닥 할것도 없습니다 ㅋ 컬러도 고급지고 좋으네요. 괜히 비싼돈 들여 매장가서 샀어요. 예전에 샀던 삼천리 자전거 간만에 점검 좀 받아볼까하고 구매했던 매장 찾아 갔더니 띠꺼워 하시며 바퀴 바람도 셀프로 넣으라하고 담부턴 돈받는다며 ㅎㅎㅎ 울 딸래미랑 낼 신나게 타보려구요~^^,5,1,긍정
hijj*****,2021-01-07T01:12:10.768+00:00,자전거: 02.삼천리 메이비20 / 컬러: 민트,아이가 좋아하고 휴대성이 좋습니다,5,1,긍정
ilov********,2021-01-01T04:53:04.191+00:00,자전거: 01.삼천리 카라 / 컬러: 다크블루(바구니포함),조금무겁긴하지만 첫자전거로가격대비매우만족,5,1,부정
gdy0***,2021-01-29T14:03:04.794+00:00,자전거: 01.삼천리 카라 / 컬러: 다크블루(바구니포함),예쁘고 튼튼해서 좋아요,5,1,부정
kobe***,2020-12-15T00:25:37.403+00:00,자전거: 01.삼천리 카라 / 컬러: 다크블루(바구니포함),구성품튼튼하고거의조립이돼있어서조립하는데별로힘들지않았어요.다반바퀴에바람은좀더채워야할것같아요.색상도맘에듭니다.,5,1,부정
wndm*****,2021-01-24T14:20:41.602+00:00,자전거: 01.삼천리 카라 / 컬러: 다크민트(바구니포함),자전거는 인터넷으로 처음 구매하는데 만족해요.,4,1,부정
kjy0***,2021-01-07T14:40:51.054+00:00,자전거: 02.삼천리 메이비20 / 컬러: 민트(바구니포함),아이가만족하고조아해요,5,1,부정
juli******,2021-01-25T12:02:29.812+00:00,자전거: 01.삼천리 카라 / 컬러: 다크블루(바구니포함),예쁘고 반 조립이라 택배로 받아도 편해요~,5,1,긍정
00****,2021-01-28T15:13:37.355+00:00,자전거: 01.삼천리 카라 / 컬러: 다크블루(바구니포함),"상품, 배송 모두 만족합니다",5,1,부정
luvw*******,2020-12-24T12:25:27.447+00:00,자전거: 01.삼천리 카라 / 컬러: 다크민트(바구니포함),바구니가 왜 이 모양인지...  자전거에 달아도 삐툴어지네요,4,1,부정
mych******,2020-12-30T12:34:36.090+00:00,자전거: 01.삼천리 카라 / 컬러: 다크민트(바구니포함),8세타기괜찮아요 한이년은 더 탈듯요ㅎ,5,1,부정
miss********,2020-12-05T10:47:15.789+00:00,자전거: 01.삼천리 카라 / 컬러: 다크블루(바구니포함),조립이라고할것도없이 너무좋은상태로왔어요. 핸들고정정도만힌면 되었고 무엇보다배송도 빠르고 이쁘고  싸고 좋아요 바구니가조금 작은것말고는최고에요,5,1,부정
dung******,2020-12-30T00:41:45.741+00:00,자전거: 01.삼천리 카라 / 컬러: 다크민트(바구니포함),"조립도 생각보다 쉬워서 금방했고 튼튼해보입니다. 
좋아요",4,1,부정
miri******,2020-12-29T11:51:35.248+00:00,자전거: 03.삼천리 화이트라벨 / 컬러: 블랙,"여전히 잘 사용 하고 있어요 ~ 
저렴한 가격에 잘 산것 같아요",5,1,긍정
jm****,2021-01-02T05:56:14.996+00:00,자전거: 01.삼천리 카라 / 컬러: 다크민트(바구니포함),"저렴한가격에..잘샀어요~~
제가한건 아니지만..신랑이 조립이라할것도 없다네요..끼우기만 하면 된다고~~8살 딸래미  키 132 ..안장젤아래로 하니 잘타네요...162성인도 탈수있어요~~
민트색도 예뻐요",5,1,긍정
8817***,2021-01-31T13:09:51.082+00:00,자전거: 01.삼천리 카라 / 컬러: 다크블루(바구니포함),"빠른배송 ㄱㅅ합니다 
아직사용전",4,1,긍정
whit*****,2020-12-25T05:15:16.908+00:00,자전거: 01.삼천리 카라 / 컬러: 다크블루(바구니포함),"아이키가 135에 초3 여자아이에요
두발자전거 사달라고해서 구매했는데 딱맞네요 
제키가 160인데 제가타기도좋네요",5,1,긍정
k770***,2020-12-25T04:27:15.324+00:00,자전거: 01.삼천리 카라 / 컬러: 다크민트(바구니포함),보관도 용이하고 아이가 정말 좋아하네요,5,1,긍정
se****,2020-12-16T14:53:52.780+00:00,자전거: 02.삼천리 메이비20 / 컬러: 민트,"고장안나고 잘 타고 있습니다.
같은 아파트에서 같은 자전거 여러대봐서요,
어떤 표식...을 꼭 해야 할 듯 해요.ㅎㅎ
저렴한 가격..강추입니다 ~",5,1,긍정
bk11***,2020-12-18T08:22:29.145+00:00,자전거: 01.삼천리 카라 / 컬러: 다크블루(바구니포함),8살 130cm 여아 타기에 아주 좋아요. 안장을 올리면 성인 여자도 충분히 탈 수 있어 가격대비 만족스럽습니다.,5,1,부정
dlqt****,2021-01-21T11:36:43.776+00:00,자전거: 01.삼천리 카라 / 컬러: 다크민트(바구니포함),"배송빠르고 애들도 좋아해요
디자인도 예뻐요",5,2,부정
dlqt****,2021-01-21T11:36:02.486+00:00,자전거: 01.삼천리 카라 / 컬러: 다크블루(바구니포함),"배송빠르고 애들도 좋아해요
디자인도 예뻐요",5,1,긍정
posi*******,2020-12-30T11:25:22.272+00:00,자전거: 01.삼천리 카라 / 컬러: 다크민트(바구니포함),"뒷자리쪽 살짝 흠집이 있었지만
전반적으로 만족합니다.",4,1,긍정
tend****,2021-01-01T03:57:20.199+00:00,자전거: 01.삼천리 카라 / 컬러: 다크블루(바구니포함),"아들 크리스마스 선물로 구매했어요
그동안 물려 받은 낡은 자전거 타다가 새 자전거 타니 너무 신나합니다
디자인도 깔끔하고 예뻐서 너무 좋아요~",5,1,부정
to****,2021-01-05T00:06:33.985+00:00,자전거: 01.삼천리 카라 / 컬러: 다크블루(바구니포함),가격대비 만족 합니다,4,2,부정
wisd*****,2021-01-25T01:06:53.825+00:00,자전거: 01.삼천리 카라 / 컬러: 다크블루(바구니포함),맘에 들어오 괜찮아요,4,1,부정
elgr***,2021-01-06T01:47:39.776+00:00,자전거: 01.삼천리 카라 / 컬러: 다크블루(바구니포함),무거운거만 빼면 괜찮아요,4,1,긍정
silv******,2020-12-04T06:25:29.867+00:00,자전거: 01.삼천리 카라 / 컬러: 다크블루(바구니포함),"60대 친정엄마 버킷리스트 1순위가 자전거 배우는거라 생신선물로 사드렸어요.
보조바퀴 추가로 주문해서 달아드리니 혼자서도 탈 수 있어 좋아하시네요.
진작 사드리지 못한게 너무 후회 될 정도로 매우만족입니다.",5,1,긍정
phs0***,2021-01-01T06:17:25.240+00:00,자전거: 01.삼천리 카라 / 컬러: 다크블루(바구니포함),빠른 배송이랑 설치가 쉬워서  좋습니다.,5,1,긍정
kkk7****,2021-01-28T05:43:59.583+00:00,자전거: 01.삼천리 카라 / 컬러: 다크블루(바구니포함),가성비좋네요  ㅎㅎ,5,1,부정
hee3***,2020-12-11T02:51:47.515+00:00,자전거: 01.삼천리 카라 / 컬러: 다크블루,자전거 배우길 원하는 어머님때문에 주문했어요. 보조바퀴도 같이 주문해서 달았는데 조금 빡세지만 집에서 무리없이 달 수 있었어요. 초보자용으로 작은걸 골랐는데 좀 무거워요. 그래도 바구니도 있고 타기 편한것 같아요.,4,1,긍정
leej******,2021-01-03T08:43:52.894+00:00,자전거: 01.삼천리 카라 / 컬러: 다크블루(바구니포함),울 아들이 넘 잘타고 다니고 있습니다,5,1,부정
zenk*****,2020-12-18T13:32:47.209+00:00,자전거: 01.삼천리 카라 / 컬러: 다크블루(바구니포함),키 130cm 아이에게 아슬아슬하게 맞는 사이즈에요. 눈이 와서 아직 시승식은 못했지만 아이가 이쁘다고 좋아합니다.,5,1,부정
fm****,2021-01-18T22:24:47.914+00:00,자전거: 01.삼천리 카라 / 컬러: 다크블루(바구니포함),배송은 조금 느렸지만 상풍의 상태가 좋앗어요,5,1,부정
shua***********,2020-12-28T00:38:57.590+00:00,자전거: 01.삼천리 카라 / 컬러: 다크블루(바구니포함),"상품좋아요, 배송도  빨라요",5,1,부정
k770***,2021-01-25T04:21:24.244+00:00,자전거: 01.삼천리 카라 / 컬러: 다크민트(바구니포함),아이가 좋아합니다~,5,2,긍정
aser******,2020-12-20T04:37:13.096+00:00,자전거: 01.삼천리 카라 / 컬러: 다크블루(바구니포함),"8살 키125 여자아이 다행히 탈 수 있네요!
안맞으면 어른이 탈 생각으로 샀는데!
무거운거 빼곤 좋아요.",4,1,긍정
dung*****,2020-11-23T01:23:48.355+00:00,자전거: 01.삼천리 카라 / 컬러: 다크블루(바구니포함),하필 주문했을 때 겨울 휴가 중이셔서 수령까지 며칠 걸리긴 했지만 휴가 날짜를 제외하고 생각하면 빨리 받았습니다. 생각보다 상품 박스가 커서 놀랐습니다. 조립은 쉬웠습니다. 아담하니 귀엽습니다!,4,1,부정
fs****,2020-12-13T01:10:20.458+00:00,자전거: 01.삼천리 카라 / 컬러: 다크블루(바구니포함),좋아요 조립도 쉽고 요즘 추워서 안타지만  뒷자리 엉덩이 아파서 받침하고 타니 젛아요,5,1,부정
aaaa******,2020-12-17T04:04:23.832+00:00,자전거: 01.삼천리 카라 / 컬러: 다크블루(바구니포함),가성비 짱이예요~ 기본구성품도 좋네요 후레쉬 딸랑이도 있고~잘 사용하겠습니다,5,1,부정
sh****,2020-12-11T10:49:45.640+00:00,자전거: 01.삼천리 카라 / 컬러: 다크블루(바구니포함),"저렴히 구입했습니다^^
좀 무거운게 흠이네요",4,1,긍정
mkmz***,2020-12-30T08:28:55.971+00:00,자전거: 02.삼천리 메이비20 / 컬러: 민트,작고 귀여워서 여자친구가 좋아하네요^^,5,1,부정
haim******,2020-12-13T10:22:05.912+00:00,자전거: 01.삼천리 카라 / 컬러: 다크블루(바구니포함),디자인이 이쁘고 칼라도 심플해서. 딸아이가 좋아해요 크리스마스 선물로 굿^^,5,1,긍정
ha****,2020-12-22T19:56:28.419+00:00,자전거: 01.삼천리 카라 / 컬러: 다크블루(바구니포함),기가막힙니다. 와이프 사줬는데 너무 좋아하네요,5,1,부정
14****,2020-12-28T09:36:47.513+00:00,자전거: 01.삼천리 카라 / 컬러: 다크블루(바구니포함),너무 맘에 듭니다. 잘탈게요 많이파세요,5,1,긍정
kasa****,2020-12-31T01:33:10.841+00:00,자전거: 01.삼천리 카라 / 컬러: 다크블루(바구니포함),저렴하고 배송빠릅니다,5,1,부정
m2****,2020-12-15T16:07:32.068+00:00,자전거: 01.삼천리 카라 / 컬러: 다크블루(바구니포함),"3학년딸아이  크리스마스 선물로 구매했어요
디자인도 색도 너무예쁘네요
튼튼합니다",5,1,부정
wond****,2020-12-24T15:45:23.278+00:00,자전거: 01.삼천리 카라 / 컬러: 다크블루,"자전거 색깔이 정말 예뻐요.
1학년 여자 아이 선물인데 좋아해요.
처음에 민트색 사려고 했는데 오히려 남색이 질리지 않을것같아요. 조립도 뚝딱 잘됐어요.
보조바퀴도 구입했는데 한쪽이 좀 많이 떠요",5,1,긍정
ku****,2021-01-13T02:51:39.785+00:00,자전거: 01.삼천리 카라 / 컬러: 다크민트(바구니포함),"거의 완제품이라 조립도 쉬웠습니다.
보조바퀴 조정이 좀 어려웠다는...",4,1,부정
jies****,2021-01-22T09:07:06.037+00:00,자전거: 03.삼천리 화이트라벨 / 컬러: 화이트,좋아욪 잘 타고 있답니다,5,1,긍정
sky8****,2020-11-24T04:20:05.402+00:00,자전거: 02.삼천리 메이비20 / 컬러: 라이트핑크(바구니포함),색상이며 튼튼한면 모두 마음에 들어요 딸아이가 엄청좋아해요~^^여자아이들에게 강추에요 전20인치샀는데 안장조절이되어서 낮춰타다가 키크면 좀높여주려구요~^^배송도 빨라서 감사해요~^^,5,1,긍정
rlaw******,2020-12-11T13:36:09.598+00:00,,아이가 민트색 골랐는데 화면보다 훨씬 예쁘네요. 기스없이 꼼꼼하게 포장해주셔서 감사해요. 바람만 넣으러 다녀오면 될것 같아요,5,1,부정
bsej****,2020-12-15T13:13:49.197+00:00,자전거: 01.삼천리 카라 / 컬러: 다크블루(바구니포함),배송도 빠르고 제품도 가격도 만족해요 조카선물로 사줬는데 넘 좋아하네요^^,5,1,부정
ss95****,2021-01-07T08:29:06.663+00:00,자전거: 01.삼천리 카라 / 컬러: 다크블루(바구니포함),배송빠르고 가격대비 품질도 좋고 조립도 간편하고 만족합니다,4,1,부정
bana******,2020-12-09T12:04:11.177+00:00,자전거: 01.삼천리 카라 / 컬러: 다크블루(바구니포함),"월요일오후에시켰는데 빨리배송되었구요
높지않아 어르신타기에 괜찮을꺼 같아요
외관은 너무이쁘네요~^^많이파세요~~",5,1,긍정
audr*******,2020-11-26T00:09:04.124+00:00,자전거: 01.삼천리 카라 / 컬러: 다크블루(바구니포함),"여자친구 선물용으로 구매했는데 너무 좋아합니다
자동차 트렁크에도 잘 들어갑니다",5,1,부정
park**********,2021-01-02T09:03:23.076+00:00,자전거: 01.삼천리 카라 / 컬러: 다크블루(바구니포함),"와우 가성비 짱입니다  
사무실 업무용으로 구매했는데  조립도 간편하고 튼튼하고 예뻐요",5,1,긍정
adel******,2021-01-02T05:26:47.078+00:00,자전거: 03.삼천리 화이트라벨 / 컬러: 화이트,"아이가 조금 커요..그래서 연습이 힘들어서 ㅎㅎ
보조바퀴도 샀네요.
무게감이 좀 있습니다. 그래도 괜찮아요.",5,1,부정
herb******,2021-01-04T11:57:01.340+00:00,자전거: 01.삼천리 카라 / 컬러: 다크민트,색깔도 디자인도 넘나 이쁘구요 아이들이 타는데 편하고 좋았어요,5,1,부정
ari1***,2020-12-20T10:34:12.077+00:00,자전거: 03.삼천리 화이트라벨 / 컬러: 화이트,접이식이라서 편하고 좋아요. 잘쓰고 있어요,5,1,긍정
0q****,2021-01-06T15:16:33.062+00:00,자전거: 01.삼천리 카라 / 컬러: 다크블루,애들이좋아하네요 자전거도  예쁘고,5,1,부정
coo2***,2020-12-07T01:27:57.939+00:00,자전거: 01.삼천리 카라 / 컬러: 다크블루,"한 달 동안 타보고 남기는 후기에요~
별 다른 특별한 점 없이 무난하게 잘 타고 다녔어요
불편하지 않고 잘 굴러가네요 바구니까지 있어서 실용성 최고에요",5,1,부정
bu****,2020-12-05T13:41:25.018+00:00,자전거: 01.삼천리 카라 / 컬러: 다크민트(바구니포함),애들이 너무 좋아 하네요.. 근데 보조바퀴를 못 달겠어요.... 넛트가 안풀어 지네요... 내일 자전거샵 가보려구요.. 배송도 빠르고 일단 만족입니다.,5,1,부정
blue****,2020-09-28T08:22:16.107+00:00,자전거: 03.삼천리 화이트라벨 / 컬러: 화이트,"미니벨로 어떤거를 사야할까 많이 망설였는데 디자인과 많이 접히는거 하나보고 구매했습니다. 하얀색이라 이쁘구요. 이쁘고, 이쁩니다.
처음에 조립되어 온것인줄 알만큼 조립은 쉽습니다. 핸들끼우는것도 전혀 어렵지 않습니다. 뭐 체인도 다 걸려있고 브레이크 조금만 조절해 주면 되고 딱히 할께 없습니다. 
차에 싣고 다니며 탈꺼라 접었다 폈다해야되서 전체적으로 조절을 할 줄 알아야 나중에 고생하지 않을꺼 같아 잘 알아보고 잘 조립했습니다.
책꽂이에 책 꼽듯이 잘 접어서 잘 넣으면 SUV트렁크에 3대까지는 들어갈듯 합니다.
아이한테는 안장이 좀 높긴한데 조금 더 크고 타는데 익숙해지면 무리 없을꺼라고 생각합니다. 와이프한테는 딱 좋은 크기입니다.
무게는 조금 무겁지만 한손으로 들고도 충분히 이동가능합니다.
이쁘고 잘 접혀서 어디가서 좋은 풍경 즐기며 자전거 탈분들께 추천해드립니다.",5,1,부정
dkfh*****,2020-11-21T12:50:18.732+00:00,자전거: 01.삼천리 카라 / 컬러: 다크블루,몇번 타 봤는데 보조바퀴 끼고 처음 자전거를 타는거라 더 연습이 필요하지만 자전거 자체는 좋아요..튼튼하고 저렴하고 만족합니다,5,1,긍정
chon****,2021-01-06T13:40:09.292+00:00,자전거: 02.삼천리 메이비20 / 컬러: 라이트핑크(바구니포함),한강에 가서 타고 오기 좋아요 . 아주 예뻐요,5,1,긍정
dlrh*****,2021-01-15T07:35:44.112+00:00,자전거: 01.삼천리 카라 / 컬러: 다크블루(바구니포함),애가 아주  좋아합니다. 감사합니다.!,5,1,부정
herb******,2021-01-04T11:58:13.853+00:00,자전거: 01.삼천리 카라 / 컬러: 다크블루,작은 자전거에서 갈아탈때 하루 이틀정도 적응한다고 불편해했는데 적응하고나니 정말 잘타고 좋아해요,5,1,긍정
rws8***,2020-12-25T02:15:28.993+00:00,자전거: 02.삼천리 메이비20 / 컬러: 라이트핑크(바구니포함),디자인예쁘고 타기편했습니다,4,1,긍정
sign******,2020-12-07T05:44:43.841+00:00,자전거: 01.삼천리 카라 / 컬러: 다크블루(바구니포함),예뻐요 한 가지 불편한 점은 접기가 뭔가 어려워요 익숙해져야 될듯ㅠㅠ 그래도 싸게 잘 샀어요,4,1,긍정
rosa*****,2020-12-02T09:42:21.364+00:00,자전거: 01.삼천리 카라 / 컬러: 다크블루(바구니포함),생각보다 무게 있고 조립은 어렵지 않게 배송되어 왔어요. 초등여야 두발자전거 연습용으로 샀는데 조금 큰 감이 없지 않지만 날 따뜻해지면 타볼까해요.,4,1,긍정
kms4***,2021-01-06T05:17:26.836+00:00,자전거: 01.삼천리 카라 / 컬러: 다크블루,튼튼하고 좋습니다. 브레이크가 자주 헐거워 지내요,4,1,긍정
mong*****,2020-12-05T14:04:08.319+00:00,자전거: 01.삼천리 카라 / 컬러: 다크민트(바구니포함),아이 생일선물로 샀구요. 무조건 민트색으로 사달라고해서 샀습니다. 맘에 들어하구요. 조립도 금방했어요. 많이파세요~,5,1,부정
coo2***,2020-12-07T01:26:54.950+00:00,자전거: 01.삼천리 카라 / 컬러: 다크민트,한 달 사용후기에요~ 튼튼하고 타는데 불편없이 잘 사용중이에요~~ 친동생들에게 선물로 두 개 구매한건데 다들 운동할겸 잘 타고 다녀요,5,1,긍정
bibi****,2020-12-04T08:38:37.880+00:00,자전거: 01.삼천리 카라 / 컬러: 다크블루(바구니포함),아이 생일 선물로 샀는데 실제로 받아보니 칼라도 깔끔하니 예쁘네요 꼬맹이가 많이 좋아해요~~ 번창하세요!!,5,1,부정
llag********,2020-12-25T20:58:20.920+00:00,자전거: 01.삼천리 카라 / 컬러: 다크민트(바구니포함),조카가 너무 좋아하네요!,5,1,긍정
meth*******,2020-11-07T03:41:21.561+00:00,자전거: 03.삼천리 화이트라벨 / 컬러: 화이트,"두발 자전거를 못타는데 두발 샀어요. 삼천리 자전거보다 조금 싼 다른 브랜드 보다가 후기가 안좋아서 몇 만원 더 투자했습니다. 그리고 성공했습니다. 두발 자전거 못타면 그냥 보조바퀴 달려고했는데, 두발 타기 성공했습니다. 사십년가까이 두발 자전거 못탄 제가 한 시간 만에 비틀거리지만 어디 부딪히지 않고 이십여미터를 해냈습니다!! 이때껏 내가 두발 자전거를 못 탄 이유는 삼천리 자전거를 타지 않았기 때문이었네요. 
새로운 라이더의 길을 열어줘서 감사합니다.",5,1,부정
fiuf***,2020-12-09T08:47:10.925+00:00,자전거: 02.삼천리 메이비20 / 컬러: 라이트핑크,너무 이뻐요 여자친구가 색깔도 마음에 들어해서 뿌듯해요.,5,1,부정
taee******,2020-12-07T11:24:58.459+00:00,자전거: 01.삼천리 카라 / 컬러: 다크블루(바구니포함),"빠른배송 아이도 너무좋아해요
꼼꼼한포장좋아요",5,1,긍정
th****,2020-12-22T13:48:48.344+00:00,자전거: 01.삼천리 카라 / 컬러: 다크블루,한달 이상 사용했는데 단점이 없는 자전거에요 ㅎㅎ,5,1,긍정
jess*******,2020-12-08T10:38:55.368+00:00,자전거: 01.삼천리 카라 / 컬러: 다크블루(바구니포함),"구매하고 바로 자전거 가게 갔는데 ㅋ누가 조립했냐며 ㅋㅋ 너무 잘했다고 ㅋㅋ
좋아요!! ㅋ",5,1,부정
bang*******,2020-12-10T13:13:04.604+00:00,자전거: 01.삼천리 카라 / 컬러: 다크블루(바구니포함),조립하는데 좀 걸렸지만 조립해 놓고 보니 예쁘네요~ 127센티 초2 여자 아이가 타려고 샀어요~,5,1,부정
hara*****,2020-12-16T11:30:19.071+00:00,자전거: 01.삼천리 카라 / 컬러: 다크민트(바구니포함),아이가 좋다고 하네요. 다행입니다.,5,1,부정
spab***,2020-11-12T14:12:21.056+00:00,자전거: 01.삼천리 카라 / 컬러: 다크블루,7살 여아인데 보조바퀴 없는걸 두려워하더니 금방타네요 역시 애들은 빨리적응하네요 매일 자전거 타고싶다고 하루도 빠짐없이 타네요^^,5,1,긍정
empt*****,2020-11-24T14:29:34.764+00:00,자전거: 01.삼천리 카라 / 컬러: 다크블루(바구니포함),"조립도 금방 뚝딱했고, 바구니도 잘 왔습니다! 20인치 바퀴라 너무 작진 않을까 했는데, 성인도 부담없이 타기 좋은 크기에요 ㅎㅎ 색도 예쁘고요! 이번주 주말부터 타려고 합니다!",5,1,긍정
jhwa***,2020-11-28T02:34:43.574+00:00,자전거: 01.삼천리 카라 / 컬러: 다크블루(바구니포함),초5 아이랑 캠핑가서 타려고 접이식 구입했어요.. 아직 아이가 접고펴기는 힘들지만 도와주면 괜찮을 것 같아요..  삼천리라 믿고 구입했습니다..코로나때문에 나가서 타보진 못했어요ㅠ,5,1,긍정
ahri****,2020-12-29T11:24:18.636+00:00,자전거: 01.삼천리 카라 / 컬러: 다크민트(바구니포함),좋아요 ~~~~~~,5,1,부정
brbr****,2020-12-14T01:50:32.229+00:00,자전거: 01.삼천리 카라 / 컬러: 다크민트(바구니포함),아주좋아요 잘타고있답니다,5,1,긍정
ahri****,2020-12-29T11:24:48.163+00:00,자전거: 01.삼천리 카라 / 컬러: 다크블루(바구니포함),좋아요 ~~~~~~~~~,5,1,부정
scol***,2020-12-19T04:22:41.648+00:00,자전거: 02.삼천리 메이비20 / 컬러: 민트,날이 추워져서 많이 못탔지만 좋습니다,5,2,긍정
scol***,2020-12-19T04:21:13.858+00:00,자전거: 02.삼천리 메이비20 / 컬러: 라이트핑크(바구니포함),날이 추워져서 많이 못탔지만 좋습니다,5,1,긍정
cgh2***,2020-12-28T13:30:56.441+00:00,자전거: 02.삼천리 메이비20 / 컬러: 라이트핑크(바구니포함),아이가좋와하네오ㅡㄱ,5,1,긍정
qkrt*******,2020-12-02T07:39:25.968+00:00,자전거: 01.삼천리 카라 / 컬러: 다크블루(바구니포함),"자전거가 생각보다 이뻐요
무거워서 조립하는데 애먹었지만 어렵지는 않았어요 저는 여자에요",5,1,부정
bb****,2020-12-06T23:05:18.490+00:00,자전거: 01.삼천리 카라 / 컬러: 다크민트(바구니포함),"조립은 쉽고요 세팅도 얼추 되어있어서 좋았습니다. 박스포장과 자전거 보호포장 뜯는데 시간이 더 오래걸린 것 같네요 ㅋㅋ
그리고 장보는 용으로 사용하실 분은 바구니가 많이 작습니다 ㅠㅠ
판매자님 물건 잘 받았고 승승장구 하십시요~~",4,1,부정
anar*****,2020-12-01T03:14:22.418+00:00,자전거: 03.삼천리 화이트라벨 / 컬러: 블랙,"받으면 타기전에 점검은 한번 받아야하는 것 같아요
조립하고 괜찮은 것 같아서 몇번 타보다가
바퀴바람 한번 넣고 삐걱거리는 거 때문에 한번 더 가서 점검 받았어요 
그래서 지금은 이상없이 잘 타고 있습니다!
안장이랑 바구니 추가옵션했었구요
바구니가 작은게 쪼금 아쉽긴 하지만 그래도 이거라도 사길 잘 한 거 같아요
이정도면 최고의 가성비 입니다 ㅎㅎ",5,1,긍정
chan****,2021-01-05T12:17:38.696+00:00,자전거: 01.삼천리 카라 / 컬러: 다크민트(바구니포함),빠른 배송 감사 드립니다.,4,1,부정
chla********,2020-12-21T01:25:31.360+00:00,자전거: 01.삼천리 카라 / 컬러: 다크민트,초등학교 1학년 조카 선물로 구매하게 되었습니다~!   큰 고장없이 잘 타고 다닙니다~ 추천드려요!,5,1,긍정
jugh***,2020-12-11T00:54:17.893+00:00,자전거: 01.삼천리 카라 / 컬러: 다크블루,견고하고 애가 타기 너무 좋네요 강추합니다,5,1,긍정
hs****,2020-12-16T03:11:55.329+00:00,자전거: 01.삼천리 카라 / 컬러: 다크블루(바구니포함),아이가 안정되게타며 예뻐요,5,1,부정
koso*****,2020-12-04T07:56:22.761+00:00,자전거: 01.삼천리 카라 / 컬러: 다크민트,배송 정말 정말 빨라요 좋은 제품 보내주셔서 감사합니다 번창하세요ㅑ호ㅓ,5,1,긍정
g_****,2020-12-04T02:29:42.507+00:00,자전거: 02.삼천리 메이비20 / 컬러: 민트,"잘타고있어요.
놀러 갈 때 접어서 가져가요.
해안도로에서도 타보고 공원에서도 타보고 바깥바람 제대로 쐬고 옵니다~",5,1,부정
ttun****,2021-01-06T01:15:23.766+00:00,자전거: 01.삼천리 카라 / 컬러: 다크블루(바구니포함),튼튼하고 좋아요 가성비,5,1,긍정
flcl********,2020-11-06T11:55:06.323+00:00,자전거: 01.삼천리 카라 / 컬러: 다크블루(바구니포함),완젼 좋아요~ 튼튼하고 견고하게 잘만들었어요~ 가격도 완젼 대박착해요~ 우리 아들이 너무좋아하네요~^^  딸도 사달라고해서 민트색으로 또주문합니다~♡  이건 무조건  구매각이네요👍👍,5,1,긍정
myth****,2020-11-25T12:19:06.444+00:00,자전거: 01.삼천리 카라 / 컬러: 다크민트(바구니포함),배송빠르고 아이도 만족하네요. 민트 색깔도 아이가 너무 맘에들어합니다.,5,1,부정
blue******,2020-10-19T07:41:40.802+00:00,자전거: 02.삼천리 메이비20 / 컬러: 라이트핑크,"현재 첫째딸 14인치 둘째딸 12인치 자전거 업어온아이로 타고있어요~
이제 내년에 초등학교도 가니깐 첫째딸 자전거를 업해주려고 고민하다가 고른 자전거입니다.

14인치가 너무 작았고, 주위에 남자친구들은 정말 큰 자전거 타면서 딸래미한테 애기자전거탄다고 놀려서 울
공주가 속상해 했었거든요~
얻어온아이이기도하고 이제 2발자전거로 태워주려니 14인치는 너무 작더라구요~~
고민하다가 저는 접이식자전거로 구매했어요~
무엇보다 가격도 저렵하고 디자인도 이쁘고 접이식이니 소풍가서 탈수도있겠고
초등학생용이니 너무 핑크하면 촌스럽고 저도 탈수있겠더라구요~

바구니달린 러블리 디자인~~~",5,1,부정
74rl******,2020-11-21T01:51:20.293+00:00,자전거: 01.삼천리 카라 / 컬러: 다크블루(바구니포함),디자인. 색상. 서비스. 모두 좋아요.  가격도 품질에 비해좋고요. 우리딸이  너~~~무  좋아해요,5,1,긍정
sewo****,2020-10-16T04:10:51.019+00:00,자전거: 01.삼천리 카라 / 컬러: 다크블루,"디자인이며 퀄리티며 아주 만족합니다.
초3 남아가 탈건데 핸들(?)이 일자인건 싫다고하여
고르고 골랐는데 잘샀네요ㅎ
가격도 저렴한데 가격생각 안나게 고급져보이고요.
접이식이라 조립도 거의 다되어 와서
포장 뜯고 완성하는데 한 10분정도 걸린듯 하네요ㅎ
작년부터 새자전거 사주기로 해놓고 이런저런 핑계로
약속을 못 지켰었는데 진작 사줄껄 그랬어요ㅜㅜ",5,1,긍정
doom*****,2020-12-07T11:26:34.297+00:00,자전거: 01.삼천리 카라 / 컬러: 다크블루(바구니포함),색도 이쁘고 좋아요 근데 무게가 좀 나가긴 해요,5,1,부정
sl****,2020-12-22T12:48:25.556+00:00,자전거: 02.삼천리 메이비20 / 컬러: 라이트핑크,"아이가 무난하게 잘 타고 다니고, 색상도 예뻐서 질이지 않는 것 같아요
가끔씩 와이퍼도 탈 수 있어서 좋네요",5,1,부정
palq***,2020-12-06T10:16:29.167+00:00,자전거: 01.삼천리 카라 / 컬러: 다크블루(바구니포함),배송빠르곶조아요마니피시길,5,1,긍정
yml_*****,2020-12-30T08:41:32.044+00:00,,"헤드부분 조립이 헷갈렸지만, 동영상도 따로 보내주셔서 잘 사용하고 있습니다.",4,1,부정
jsun*****,2020-12-18T01:43:04.193+00:00,자전거: 01.삼천리 카라 / 컬러: 다크민트(바구니포함),체인이 자꾸 바져서 삼천리자전거가서 2만원주고 전체 맞췄어요 ~ 제품은 좋아요 130cm아이가 타기에는 조금 크지만 그래도 잘 타네요~,4,1,부정
pjh1****,2020-12-19T08:00:55.981+00:00,자전거: 01.삼천리 카라 / 컬러: 다크민트,아이가 재밌게 타고있어요~~~~~~~,5,1,긍정
zwza****,2020-12-29T14:55:44.196+00:00,자전거: 01.삼천리 카라 / 컬러: 다크민트(바구니포함),22일날 남자아이꺼 구매했는데 가격대비 넘괜찮아서 여자아이꺼도 구매했네요~^^,5,1,부정
sjs0***,2020-12-28T07:15:22.807+00:00,자전거: 01.삼천리 카라 / 컬러: 다크민트(바구니포함),배송땜시 맘졸인거빼고는 이상없구 조카애들이 좋아하내요,5,1,긍정
any0***,2020-12-30T13:39:22.528+00:00,자전거: 03.삼천리 화이트라벨 / 컬러: 화이트,간편하게 접어서 트렁크에 싣고다니기 좋아요,5,1,긍정
rkdd******,2020-12-03T03:47:55.614+00:00,자전거: 01.삼천리 카라 / 컬러: 다크민트(바구니포함),"배송이정말 빨리와서 너무좋았습니다 
제가 자전거 하수라 일부러 이걸샀눈데 실제로 보면 정말 이뻐요 ^_^ 미니벨로 짱이에요 배울맛이절로 생겨요 ^_^
추천드려요",5,1,부정
jjoi****,2020-12-01T23:09:30.698+00:00,자전거: 01.삼천리 카라 / 컬러: 다크블루(바구니포함),"배송엄청 빠르네요
색상도 이렇게 이쁠수가
아이가 추워도 자전거 타러 매일 나갑니다",5,1,부정
park*****,2021-01-01T13:10:55.151+00:00,자전거: 02.삼천리 메이비20 / 컬러: 민트(바구니포함),자전거 예쁘고 잘 타고 다닙니다.,5,1,긍정
lich*****,2020-12-27T16:23:47.062+00:00,자전거: 01.삼천리 카라 / 컬러: 다크민트,겨울이 되어서 몇번 타지는 못했지만.. 아이가 좋아하네요~,5,1,부정
sj82****,2020-11-13T07:47:44.896+00:00,자전거: 01.삼천리 카라 / 컬러: 다크블루(바구니포함),처음에 바인딩한 거 풀 때 너무 꽉 조여있어서 자르다 가위를 두 개나 부러트렸습니다. 조립시 주의할 점은 핸들과 앞바퀴 및 본체가 일자를 만들도록 해야 한다는 것입니다. 그리고 안장이 조금 작은듯 하여 불편합니다. 하지만 전체적으로 만족합니다.,4,1,부정
dhgy********,2021-01-01T08:30:06.777+00:00,자전거: 01.삼천리 카라 / 컬러: 다크블루,남 좋아요오조헝요오오오,5,1,긍정
bi****,2021-01-03T13:11:03.623+00:00,자전거: 01.삼천리 카라 / 컬러: 다크블루(바구니포함),디자인도 굿  이뿌넹ᆢ,5,1,부정
ccam***,2020-12-27T04:58:07.995+00:00,자전거: 01.삼천리 카라 / 컬러: 다크민트(바구니포함),상품은   마음에 드는데  마감이  깔끔하지 못한 부분들이  보이네요~~~,4,1,부정
gdy0***,2020-12-12T03:14:21.386+00:00,자전거: 01.삼천리 카라 / 컬러: 다크블루(바구니포함),작아도 튼튼하고 예뻐요,5,1,긍정
scan******,2020-12-16T12:23:31.707+00:00,자전거: 01.삼천리 카라 / 컬러: 다크블루,역시 삼천리입니다.,5,1,부정
cjh5***,2020-12-29T01:30:29.575+00:00,자전거: 01.삼천리 카라 / 컬러: 다크블루(바구니포함),"자전거 튼튼하고 좋아요
사용잘하고 있습니다^^",5,1,부정
tae5***,2020-12-24T02:47:35.956+00:00,자전거: 01.삼천리 카라 / 컬러: 다크블루,생각보다 작긴하지만 아이가 타기에는 괜찬은거 같아요~~^^,4,1,부정
pks0*****,2020-12-21T02:02:33.670+00:00,자전거: 02.삼천리 메이비20 / 컬러: 민트,2대 샀는데 잘사용하고 있어요  요즘은 추워서 잘못타지만 굿굿,5,1,부정
zscf****,2020-12-10T08:12:51.575+00:00,자전거: 02.삼천리 메이비20 / 컬러: 라이트핑크,한달동안 아무 문제 없이 잘쓰고 있습니다,4,1,부정
noel****,2020-12-06T12:37:43.785+00:00,자전거: 01.삼천리 카라 / 컬러: 다크민트(바구니포함),조립이다되있어와서 삼발이 다는거빼고는 어려운점이 없엇어여,5,1,긍정
daum******,2021-01-01T19:39:02.855+00:00,자전거: 01.삼천리 카라 / 컬러: 다크블루(바구니포함),애가 너무 좋아해요.,5,1,긍정
rudd***,2020-11-27T05:22:41.998+00:00,자전거: 01.삼천리 카라 / 컬러: 다크블루(바구니포함),"이뿌네요ㅎ
연습할려고 주문했는데 조립도 쉽고 만족합니다",5,1,부정
mj83****,2020-11-27T08:40:57.390+00:00,자전거: 01.삼천리 카라 / 컬러: 다크민트,"두 딸아이 첫 두발자전거로 구입했어요
제가 조립하려던거 결국 산랑이 했지만
조립하기 쉬웠구요
무게감이 좀 있김한데 너무 가벼운것보다 
애들 처음 타긴 좋을건같았어요
둥다 너무 좋아해서 자전거에 빠져 있어요",5,1,긍정
iwil******,2020-10-26T02:58:33.210+00:00,자전거: 01.삼천리 카라 / 컬러: 다크민트(바구니포함),"배송도 빨랐고 조립도 크게 어렵지 않았습니다. 
20인치라서 키 120cm가 조금 안되는 7살 아이가 잘 탈 수 있을까 걱정했는데 다행히 잘 탔고 기어가 있어서 동생을 태워도 씽씽 달리네요. 
브레이크 조절때문에 시간이 조금 걸렸네요. 전문가의 손길을 빌리지 않아도 큰 어려움없이 잘 조립했습니다. 보조바퀴도 높이조절이 가능해서 바닥에서 살짝 뜨는 정도여서 타는데 어려움이 없었네요. 
몽키스페너와 펜치만 있으면 조립 가능합니다. 
많이 파세요~",5,1,부정
zwza****,2020-12-22T12:21:54.699+00:00,자전거: 01.삼천리 카라 / 컬러: 다크블루(바구니포함),배송도빠르고 아이가 너무좋아하네요~^^,5,1,긍정
ou****,2020-12-06T10:26:53.497+00:00,자전거: 01.삼천리 카라 / 컬러: 다크민트(바구니포함),색도 이쁘고 좋습니다,5,1,부정
nred***,2020-10-21T00:48:11.353+00:00,자전거: 02.삼천리 메이비20 / 컬러: 민트,"배송은 빠르고 저렴합니다
받은 상품이... 생산된지 좀 지난 상품인지 보관 상태가 나빴는지 조립하는데 여기저기 아쉬운 부분이 많네요 딸 선물로 줄려했는데 그렇게 흡족하지 않아요",2,1,부정
qhrr******,2020-11-05T08:20:44.850+00:00,자전거: 03.삼천리 화이트라벨 / 컬러: 화이트,정말 좋아요! 가격이 너무 싸서 어딘가 부족하지 않을까 싶었는데 한 달 사용 결과 전혀 그런 것 없습니다! 조립도 동영상보면서 천천히 하면 금방 끼워 맞출 수 있어요. 전 20대 여성인데 혼자 잘 조립해서 쓰고 있습니다 ㅎㅎ 키는 159cm이고 자전거가 제 키와 잘 맞아요 추천합니당!!!,5,1,긍정
pali****,2020-12-20T06:01:57.654+00:00,자전거: 02.삼천리 메이비20 / 컬러: 라이트핑크(바구니포함),일주일정도 타고나서 빵꾸가나서 자전거수리점 갔더니 조립이 제대로 안되서 그랬다고 하네요,3,1,긍정
sula****,2020-12-25T23:04:31.087+00:00,자전거: 01.삼천리 카라 / 컬러: 다크블루(바구니포함),아이가 너무 좋아해요,5,1,부정
aa82***,2020-11-27T10:29:38.961+00:00,자전거: 03.삼천리 화이트라벨 / 컬러: 블랙,자전거를 아이가.너무 좋아해서  매주.처에 싣고 나가네요,5,1,부정
jies****,2020-11-07T23:57:52.371+00:00,자전거: 03.삼천리 화이트라벨 / 컬러: 화이트,"동영상이랑 조립 방법이 약간 틀려  자전거 수리점에 끌고가서   1만원주고 다시 조립? 했어요
기스난곳 없고 엉덩이가 아파서 엉덩이뽕샀구요 가벼울줄 알았는데  약간 무게가 나가네요 자전거 생겨서 넘 좋아요",5,1,부정
wc****,2020-12-25T05:33:02.493+00:00,자전거: 01.삼천리 카라 / 컬러: 다크민트(바구니포함),이직조립전인데 자전거는좋으네요,5,1,부정
ro****,2020-12-22T12:59:57.562+00:00,자전거: 03.삼천리 화이트라벨 / 컬러: 화이트,아주 잘타고 다닙니다~ 와이프가 좋아합니다~,5,1,부정
hyos*******,2020-12-19T08:57:01.403+00:00,자전거: 03.삼천리 화이트라벨 / 컬러: 화이트,좋아용ㅎㅎㅎ!!!ㅋ,5,1,긍정
ne****,2020-10-09T07:07:44.939+00:00,자전거: 01.삼천리 카라 / 컬러: 다크블루,"자전거 튼튼하고 반으로 접어지는 것도 모두
만족입니다! 한가지 너무 무겁네요 😭😭
삼천리 자전거 박스채로 가져가 조립비용 3만원 지불하고 조립했습니다!
바퀴 바람도 넣어주고 브레이크도 잘 봐주셨습니다!
7살 남아가 타는데 자전거가 무거워 옆으로 기울때 휙 넘어가 잘 가누지 못해 힘들어 하는데
자전거 실력이 늘어나면 괜찮겠죠?^^",4,1,긍정
heeh******,2020-11-04T11:08:18.536+00:00,자전거: 01.삼천리 카라 / 컬러: 다크블루,지금도 자전거를 잘타구있습니다. 출퇴근용으로 샀어요!! 이제더추워지면 못타겠지만 그전까진 열심히타려구요!! 감사합니다,5,1,긍정
sun2***,2020-12-26T19:20:07.754+00:00,자전거: 01.삼천리 카라 / 컬러: 다크블루(바구니포함),생각했던것보다 훨씬 멋져요!,5,1,부정
trip****,2020-11-28T01:04:34.805+00:00,자전거: 01.삼천리 카라 / 컬러: 다크블루(바구니포함),"튼튼하고 초등 2학년 아들이 좋아합니다.

높이 조절이 가능해서 꽤 오래 탈수 있을거 같습니다",4,1,긍정
thsw*********,2020-12-03T02:56:52.623+00:00,자전거: 01.삼천리 카라 / 컬러: 다크블루(바구니포함),잘왔어요!! 너무 이뻐요,5,1,부정
bu****,2020-12-05T13:42:49.791+00:00,자전거: 01.삼천리 카라 / 컬러: 다크블루(바구니포함),자전거 두대 구매해서 후기도 두번 올립니다.. 만족합미다.,5,1,긍정
youn*******,2020-11-29T02:05:05.799+00:00,자전거: 01.삼천리 카라 / 컬러: 다크민트(바구니포함),"삼천리 자전거 믿고 구매해요.
좀 무겁긴 하지만 깔끔하고 민트색이 예뻐요.
조립설명서가 없어서 아쉽네요.
첨에 당황했어요. 손다칠뻔도 하구요.",3,1,긍정
daum***,2020-11-29T04:45:08.843+00:00,자전거: 01.삼천리 카라 / 컬러: 다크블루(바구니포함),자전거는 예쁜데 바구니가 제대로 안끼워지네요 잘 탈게요,3,1,부정
nulm******,2020-12-04T03:25:32.649+00:00,자전거: 01.삼천리 카라 / 컬러: 다크블루,사용 해보니 타기 괜찮은 것 같아요,5,1,긍정
ocea*****,2020-11-24T02:06:26.411+00:00,자전거: 02.삼천리 메이비20 / 컬러: 라이트핑크(바구니포함),상품이 무거운데도 전용 택배사에서 안전하고 빠르게 배송되었습니다 상품도 좋네요 많이 파세요,5,1,긍정
joon*****,2020-12-16T13:04:56.518+00:00,자전거: 03.삼천리 화이트라벨 / 컬러: 화이트,배송이 굉장히 빠르네요. 잘쓰겠습니다,5,1,부정
vk****,2020-12-18T03:52:31.027+00:00,자전거: 01.삼천리 카라 / 컬러: 다크블루(바구니포함),좋아요 아이가너무좋아해요. ^^,5,1,부정
blac****,2020-11-27T19:43:18.330+00:00,자전거: 01.삼천리 카라 / 컬러: 다크블루,"아들래미가 좋아해요
.싸고 실용적 입니다.",5,1,긍정
glam****,2020-12-04T11:23:55.294+00:00,자전거: 02.삼천리 메이비20 / 컬러: 민트,튼튼하고 좋습니다 많이파세요,5,1,긍정
hbjm****,2020-12-08T14:19:49.483+00:00,자전거: 01.삼천리 카라 / 컬러: 다크블루(바구니포함),딸아이가 무척 좋아합니다.,4,1,긍정
oo****,2020-11-10T15:31:32.126+00:00,자전거: 02.삼천리 메이비20 / 컬러: 민트,"초등학생 딸아이 타려고 구매했는데
자전거 구입 후 매주 공원에서 자전거 타고 있네요
아직까지는 아무 문제없이 잘 즐기고 있습니다.
접어서 차에 넣기에도 무난하네요..
코란도 투리스모인데 막내녀석 자전거와 두대 싣고
다니면서 태워주고 있습니다.",5,1,부정
glam****,2020-12-04T11:25:00.416+00:00,자전거: 02.삼천리 메이비20 / 컬러: 라이트핑크,이쁘고 좋아요 많이파세요,5,1,긍정
dbwh****,2020-12-24T11:52:33.909+00:00,자전거: 01.삼천리 카라 / 컬러: 다크민트(바구니포함),초3아이 엄청 좋아하네요~^^,4,1,부정
wjda*****,2020-12-19T06:14:08.718+00:00,자전거: 02.삼천리 메이비20 / 컬러: 라이트핑크(바구니포함),미니벨로 20인치는 8살 아이들부터 사용하기가 상당히 좋습니다,5,1,긍정
aj10****,2021-01-02T18:48:30.240+00:00,자전거: 01.삼천리 카라 / 컬러: 다크블루(바구니포함),기가막히겢좋습ㄴㄱ다아,5,1,부정
aabb******,2020-12-05T11:07:38.914+00:00,자전거: 01.삼천리 카라 / 컬러: 다크블루(바구니포함),아이들타기엔 좀크고그러네요,4,1,부정
anar*****,2020-10-15T13:10:57.970+00:00,자전거: 03.삼천리 화이트라벨 / 컬러: 블랙,"배송은 쬠 느렸지만 연휴들이 겹쳐서 어쩔 수 없었던 걸로..ㅎ
자전거는 넘 좋습니다!
조립은 바퀴랑 핸들 일직선 맞추려면 둘이 하는게 아무래도 나아요.
접고 펴는 것도 편하고 무게는.. 여자가 들고 계단 오르내리기는 좀 힘들지만 차에 싣고 내리는 정도는 충분합니다.
안장이 딱딱해보여서 쿠션을 추가로 구매하긴 했지만 그래도 아프긴 하네요ㅋ
그래도 이 가격에 이 정도 자전거면 너무 좋습니다!",5,1,부정
pks0*****,2020-12-21T02:02:11.306+00:00,자전거: 01.삼천리 카라 / 컬러: 다크블루,마음에 들어요 구매해도 되요~~,5,1,부정
voic****,2020-11-26T13:42:18.245+00:00,자전거: 01.삼천리 카라 / 컬러: 다크블루,아들이 엄청 잘 타고 다니네요~만족합니다^^,4,1,부정
so****,2020-12-02T04:37:04.523+00:00,자전거: 01.삼천리 카라 / 컬러: 다크블루,미니라서 지하철에 실어서갈수도있어서 좋은것같아요.. 날씨가 춥지않을때 1시간씩 출퇴근용으로 사용하고있는데 아주 좋습니다..,5,1,부정
chld****,2020-11-18T17:19:10.289+00:00,자전거: 01.삼천리 카라 / 컬러: 다크블루(바구니포함),"배송도 빠르고 흠집하나 없이 안전하게 배송 되었습니다 
  조립하는것도 빨리할수있어서 좋아요",5,1,긍정
mk****,2020-12-03T22:58:41.114+00:00,자전거: 01.삼천리 카라 / 컬러: 다크블루(바구니포함),튼튼하네요.무거운건 돈을 덜 지불했으니깐 내잘못.아이가 엄청 좋아하네요.번창하세요.,5,1,부정
hsma*******,2020-11-17T08:04:05.727+00:00,자전거: 01.삼천리 카라 / 컬러: 다크블루,아이가 보조바퀴달린 자전거타다 두발 첨 타보는데. 이틀만에 마스터 했습니다. 튼튼하니 아직까진 별탈없이 타고있습니다.,4,1,부정
shin*****,2020-12-27T12:44:13.744+00:00,자전거: 01.삼천리 카라 / 컬러: 다크블루,초5딸이 타기 딱이에요,5,1,긍정
long******,2020-11-09T12:45:28.547+00:00,자전거: 03.삼천리 화이트라벨 / 컬러: 화이트,빠른배송..조립설명서는 없네요. 가볍게 타기엔 딱이예요~,5,1,긍정
dlsw******,2020-11-25T00:29:24.796+00:00,자전거: 02.삼천리 메이비20 / 컬러: 라이트핑크(바구니포함),사진보다 실물이 훨씬 이쁩니다~,5,1,긍정
5266***,2020-11-22T03:18:20.941+00:00,자전거: 01.삼천리 카라 / 컬러: 다크민트,너무 잘사용하고있어요 딸이좋아합니다,4,1,부정
zlxp*****,2020-11-12T04:07:36.529+00:00,자전거: 01.삼천리 카라 / 컬러: 다크블루,예뻐요 작고 괜찮아요! 저렴하게 적당한 자전거 찾으면 괜찮을듯요 ㅎ 제 키가 165인데 요것도 잘 쓸만 해요,4,1,부정
nymp*****,2020-11-03T11:46:48.045+00:00,자전거: 02.삼천리 메이비20 / 컬러: 라이트핑크(바구니포함),"배송도 빠르고 아이가 맘에 들어해요~
스크레치가 살짝 나있어서 핑크색이 벗겨져 표가 좀 나지만 크진 않아요.
조립도 간단하고, 매장보다 싸게 구매해서 더좋네요~^^",5,1,부정
bwsr****,2020-10-23T23:21:06.266+00:00,자전거: 01.삼천리 카라 / 컬러: 다크블루,아이 키가 135인데 자전거가 커요. 그래도 잘타긴하는데.. 자전거가 엄청 무겁네요ㅠㅠ 둘째키가 115정도되는데 자전거 페달밟고 올라가서 꾸역꾸역 타는데 자전거가 크지만 잘탑니당. 색상이 질리지않을색이라 여자아이인데 이걸로 골랐어용. 앞바퀴 위쪽에달린 갈색 판떼기?같은거 휘어져서왔는데 힘으로 다시 제자리를 찾아놨음ㅋㅋㅋ 놀이터에서 친구들이나 동생들 태워주고 다니는애라 뒤에 앉을수있을걸로 구매했고 뒷자리에 양말목으로 방석하나 만들어서 달아줬는뎅 자전거 색상에 잘어울리네용,4,1,부정
ansm****,2020-11-16T22:53:19.467+00:00,자전거: 03.삼천리 화이트라벨 / 컬러: 블랙,"엄지척입니다.
퀄리티좋네요.
애들이 타고 너무 좋아하네요.",5,1,부정
hk****,2020-12-18T21:57:42.372+00:00,자전거: 02.삼천리 메이비20 / 컬러: 라이트핑크,아버지께 선물로드렸는데 좋아하시네요,5,1,부정
sun7***,2020-11-23T03:43:25.446+00:00,자전거: 02.삼천리 메이비20 / 컬러: 라이트핑크(바구니포함),좀 작은감은 있지만 핑크라 예쁘고 아이도 좋아하네요,4,1,긍정
sain*****,2020-11-27T11:01:31.456+00:00,자전거: 01.삼천리 카라 / 컬러: 다크블루(바구니포함),배송도 엄청 빠르고 상품도 대만족입니다. 최고에요 우리 딸아이가 너무 좋아합니다~,5,1,부정
say3***,2020-11-26T08:35:19.686+00:00,자전거: 01.삼천리 카라 / 컬러: 다크민트(바구니포함),배송오자마자 안장조립중입니다 딸아이좋아하네요~,5,1,긍정
kkan***,2020-10-23T00:24:17.970+00:00,자전거: 01.삼천리 카라 / 컬러: 다크블루,"배송빠르고. 포장 꼼꼼하게 왔어요.
타이어는 바람을 넣어야 겠네요.
아이가 타는 동안 바구니는 안달고 타야겠어요.
바구니가 고정나사가 따로 있지는 않고 걸어 놓는 타입이예요. 평소에 품절이라 수시로 보다 토요일 늦은 밤에 겨우 구입했네요. 물건이 들어오는 날이있나봐요. 암튼 하루 이틀 뒤에 사이트 열어보니 또 품절이더라구요. 원하는 자전거 잘 샀어요.",5,1,부정
xray****,2020-11-09T01:39:07.695+00:00,,"조립설명서가 잘 안되어 있어 조립이 좀 불편하고 브레이크 패드가 너무 꽉 붙어 있어 그 부분의 조절이 필요한거 말고는 디자인, 색상, 성능 다 맘에 듭니다. 아이가 잘 타네요~ 5학년입니다.",4,2,부정
sind****,2020-12-01T08:29:42.319+00:00,자전거: 01.삼천리 카라 / 컬러: 다크블루(바구니포함),"어른까지 탈 수 있어서 아이들보다 제가 많이 타고 다니네요 
자전거가 잘 나가고 기어도 잘 조정되고 정말 만족합니다",5,1,긍정
0119*******,2020-10-22T10:57:03.475+00:00,자전거: 03.삼천리 화이트라벨 / 컬러: 블랙,"가성비가 좋네요
초3학년 140cm부터 적절한것 같습니다
단지 무게가 있어서 조립 후 들때 아빠가 
들어야할듯합니다
조립은 조금 헷갈리지만 동영상 및 완료사진보시면
20분내 가능합니다",5,1,긍정
ekfh****,2020-11-14T04:45:53.133+00:00,자전거: 01.삼천리 카라 / 컬러: 다크블루(바구니포함),이쁘네요 .바퀴커버가 휘어있는점 빼고는 튼튼해보입니다,5,2,긍정
ekfh****,2020-11-14T04:45:03.132+00:00,자전거: 02.삼천리 메이비20 / 컬러: 라이트핑크(바구니포함),이쁘네요 .바퀴커버가 휘어있는점 빼고는 튼튼해보입니다,5,1,부정
ca****,2020-10-27T15:11:37.451+00:00,자전거: 03.삼천리 화이트라벨 / 컬러: 화이트,오늘 잘받았어요 조립도 쉽게 바로하구요~ 곧바로타보구 만족합니다. 다만 엉덩이가 아프네요 ㅠ 안장커버를 구매해야할거같아요,4,1,부정
sunj***,2020-11-25T10:28:17.879+00:00,자전거: 01.삼천리 카라 / 컬러: 다크블루,1학년아이가 잘타고다녀요~아직까진 이상없구요ㅎㅎ,4,1,긍정
voic****,2020-10-10T12:26:09.990+00:00,자전거: 01.삼천리 카라 / 컬러: 다크블루,"울 아들이 기다리고 기다리던 자전거가 이제야 왔네요~추석 전에 구매해서 매일 매일 손꼽아 기다렸는데~생각보다 배송이 좀 늦었네요~
자전거 색감은 사진 그대로 이고 조립도 남편이 쉽게 했답니다~어린이가 타기에 무게감이 조금 있지만 아들이 좋아하며 잘 타네요~추천합니다^^",5,1,부정
fofa***,2020-11-26T01:50:14.185+00:00,자전거: 02.삼천리 메이비20 / 컬러: 민트,아이한테 무겁고 기어바꾸는건 어른이해도 손에 물집잡힘,3,1,부정
24****,2020-11-12T06:12:47.070+00:00,자전거: 02.삼천리 메이비20 / 컬러: 라이트핑크(바구니포함),아이가 너무 좋아해요 22인치 민트로 큰애꺼 사고 예뻐서 동생꺼는 20인치 핑크로..대만족입니다!!^^,5,1,긍정
vent****,2020-10-23T12:35:38.476+00:00,자전거: 01.삼천리 카라 / 컬러: 다크블루,"가성비로 만족합니다. 다만, 스템 조립이나 이런 부분은 자전거를 처음 접하는 분들이 어려울 수도 있는데, 설명서엔 별내용이 없어서 아쉽네요. QR코드를 활용해서 동영상으로 조립과정을 볼 수 있게 만들어도 좋겠네요.",5,1,긍정
oghk********,2020-11-30T10:15:31.312+00:00,자전거: 03.삼천리 화이트라벨 / 컬러: 화이트,좋아요 두개째입니다.,5,1,부정
al****,2020-11-30T05:14:14.221+00:00,자전거: 01.삼천리 카라 / 컬러: 다크블루(바구니포함),초1 작은 아이인데 두발자전거 마스터하고 탈정도되요^^ 160 성인도 의자높여서 탈만하구요~ 색상도 만족스럽습니다!!! 이뻐영~,5,1,긍정
quty****,2020-12-11T06:17:06.122+00:00,자전거: 01.삼천리 카라 / 컬러: 다크민트,"자전거도 부드럽게 잘타져요
색상크기 딱 좋아요",5,1,긍정
jing******,2020-10-22T03:12:52.440+00:00,자전거: 03.삼천리 화이트라벨 / 컬러: 화이트,"조립도 쉽고 단단한것 같아요
다만 접어서 차에 싣고 할때 여자한테는 조금 무거운 감이 있어요.
그래도 아이가 너무 좋아해 별5개요!",5,1,긍정
oghk********,2020-11-30T02:58:05.788+00:00,자전거: 03.삼천리 화이트라벨 / 컬러: 블랙,두개샀습니다좋아요!,5,1,부정
love********,2020-12-15T20:06:12.713+00:00,자전거: 01.삼천리 카라 / 컬러: 다크블루(바구니포함),좀무겁네요 조립하느라 힘들었어요,4,1,부정
min7***,2020-10-18T01:55:31.863+00:00,자전거: 02.삼천리 메이비20 / 컬러: 민트,"일단 배송이 빨라서 너무 좋았어요
금요일날 오전에 주문하고 토요일 12시쯤
제품 받았습니다 조립은 신랑이 했지만
어렵지 않다고 했어요
초1 딸 키가 124센치이고 타는데
무리 없이 잘 탑니다
다만 핸들이 좀 무거워 처음이라 좀 힘들어하지만
그래도 타는데 이상없이 잘타고
민트색 너무 이뻐용",5,1,긍정
ha****,2020-11-04T23:00:20.456+00:00,자전거: 01.삼천리 카라 / 컬러: 다크블루(바구니포함),배송하루만에 와서 놀랬어요 ㅎㅎㅎ 생각보다 튼튼하네요  조립못해서 근처 자전거집에 점검할겸 조립해서 타구있오요 싼가격에 잘산거같아요,5,1,부정
gksm*******,2020-12-18T07:28:55.158+00:00,자전거: 01.삼천리 카라 / 컬러: 다크블루,아이들이 좋아했습니다,4,1,긍정
kbj2***,2020-11-11T00:55:10.362+00:00,자전거: 02.삼천리 메이비20 / 컬러: 라이트핑크(바구니포함),이쁩니다 7살 딸아이가 타기엔 아직 조금 큰감이 있지만 안장 제일 밑으로 내려서 타긴합니다 ㅎㅎ 잘쓸께요,5,1,부정
o_****,2020-12-23T06:16:37.041+00:00,자전거: 01.삼천리 카라 / 컬러: 다크민트,잘 타고 있습니다~,4,1,부정
popp***,2020-10-28T07:55:27.279+00:00,자전거: 01.삼천리 카라 / 컬러: 다크블루(바구니포함),"색상 마음에 들고, 크기도 적당해요. 조금 무거운 감은 있지만 128cm 키의 아이가 타기에 딱 좋으네요. 매우 만족합니다. 배송도 매우 빨리 해주셔서 감사합니다.",5,1,긍정
jk****,2020-12-12T09:53:20.980+00:00,자전거: 01.삼천리 카라 / 컬러: 다크블루(바구니포함),조립도 쉽고 이쁘고 아이가 너무 좋아해요~~~,5,1,긍정
plas****,2020-11-26T11:47:09.569+00:00,자전거: 01.삼천리 카라 / 컬러: 다크블루(바구니포함),설명데로 조립 잘되고 좋습니다^^,5,1,부정
ilov********,2020-11-30T01:00:50.937+00:00,자전거: 01.삼천리 카라 / 컬러: 다크블루(바구니포함),조립이 집에서 될 줄알고 하다가 자전거방에 다녀왔어요. 금방 조립되고 아이가 좋아하더라구요. 무게가 엄청나서 후덜덜했지만ㅋㅋ,5,1,긍정
para***,2020-12-05T04:03:35.961+00:00,자전거: 01.삼천리 카라 / 컬러: 다크블루(바구니포함),"택배사 조회도 안되고
알고보니 로젠이아닌 한진
그리고 배송도 오배송하여 다른집으로 가고한숨
하지만 자전거는 빨리오고 이상없네요",4,1,부정
ju****,2020-11-24T21:59:20.842+00:00,자전거: 01.삼천리 카라 / 컬러: 다크블루(바구니포함),좋네여 애가 잘타고 즐거워해요,4,1,긍정
kara****,2020-10-14T13:13:29.025+00:00,자전거: 01.삼천리 카라 / 컬러: 다크블루,"어제 시켰는데 오늘 왔어요
아이가 무척 기다렸는데 빨리와서 다행입니다
색이 무난하니 이쁩니다
두발이 처음인데도 20분 타더니만 혼자 
잘타네요",5,1,부정
hs82****,2020-11-22T01:19:10.470+00:00,자전거: 01.삼천리 카라 / 컬러: 다크블루,잘쓰고있어여. 감사합니다.,5,1,부정
feel***,2020-12-13T05:28:48.436+00:00,자전거: 03.삼천리 화이트라벨 / 컬러: 화이트,"거의 조립이 되어 있어 바로 탔는데
아들이 넘 넘 좋아하네요",5,1,부정
cs****,2020-12-08T05:32:35.663+00:00,,"10살 아이 잘타고 있습니다. 
보조바퀴 고민했는데
안 달아 주었더니 더 금방 배우네요",5,1,부정
dlsw******,2020-11-30T00:32:22.132+00:00,자전거: 03.삼천리 화이트라벨 / 컬러: 화이트,예쁘고 잘 굴러가여,5,1,부정
wond****,2020-10-19T01:08:45.485+00:00,자전거: 01.삼천리 카라 / 컬러: 다크블루,"자전거 예뻐요.
아이도 좋아하고요.
키 124
초1 타기에 괜찮아요.
성인인 저도 타봤는데 괜찮았구요.

보조바퀴도 구입했는데
바닥에서 너무 뜨네요.
사진에 보면 바닥에서 보조바퀴가 엄청 떠있죠. 반대쪽이 땅에 닿으면 한쪽은 저렇게 심하게 떠요.
그 단점 빼고는 좋아요.",4,1,긍정
haha****,2020-12-10T09:57:48.706+00:00,자전거: 01.삼천리 카라 / 컬러: 다크블루,조립이 쉽고 아이가 처음타는 자전거로 잘 사용하고 있어요~^^,5,1,부정
ca****,2020-12-15T05:57:16.867+00:00,자전거: 03.삼천리 화이트라벨 / 컬러: 화이트,좀 무겁지만 이쁘고 깔끔해요,5,1,긍정
xkat*******,2020-11-13T07:26:19.570+00:00,자전거: 01.삼천리 카라 / 컬러: 다크블루(바구니포함),"색깔도 너무 예쁘고
조립도 쉽네요.
베이지와 네이비가 잘 어울려요.",5,1,긍정
aqaq***,2020-11-09T15:01:59.565+00:00,자전거: 01.삼천리 카라 / 컬러: 다크블루(바구니포함),"우선 배송이 빠르고요
박스 찌그러진 곳 없이 깨끗이 배달 되었어요.
칼라가 햇빛 비치면 너무 이쁘고
스크레치 없고
라이트와 후미등 모두 부착되어 있네요.
초1학년 딸이 두발을 일찍 타서 사준건데
안장 제일 아래로 내리고 맞추니 안정적이게 잘 탑니다.",5,1,긍정
mk****,2020-10-27T10:13:16.821+00:00,자전거: 01.삼천리 카라 / 컬러: 다크블루(바구니포함),배송 빨라요.제가 주문한건 와이프가 조립할 수 있을정도로 난이도 괜찮네요.집에서 유땡땡보시며 조립하시길~,5,1,부정
th****,2020-10-11T16:42:40.936+00:00,자전거: 01.삼천리 카라 / 컬러: 다크블루,"주로 어린이 용으로 많이 구입하시는것 같은데 저는 성인 158cm이거든요~ 그런데도 작지 않고 딱 적당하네요 ㅎㅎ 배송도 빠르고 안전하게 잘 왔어요~ 벨 고정할 나사가 빠져 오긴 했는데 집에 여분 나사가 있어서 사용했습ㄴㅣ다! 기본적으로 앞쪽 밝히는 조명등이랑 안장 뒤에 붙은 빨간 안전등, 따릉벨 있으니까 참고하셔서 옵션 선택하심 될것같아요 저는 자물쇠만 추가구입했는데 만족해요~ 바구니는 생각보다 작고 헐거워서 하나 사려구요^_^",5,1,부정
ce****,2020-11-05T07:10:35.289+00:00,자전거: 03.삼천리 화이트라벨 / 컬러: 화이트,제품 좋습니다. 핸들과 앞바퀴 수직으로 맞추기가 조금 까다로왔지만 동영상보고 무난하게 조립할 수 있었습니다. 디자인 만족스럽습니다.,5,1,부정
josn*****,2020-11-08T01:43:14.068+00:00,자전거: 01.삼천리 카라 / 컬러: 다크민트(바구니포함),조립이 쉽고 색도 예쁘고 튼튼해요. 딸이 매우 만족스러워해요~~^^,5,1,부정
keeh********,2020-11-19T14:42:03.554+00:00,자전거: 01.삼천리 카라 / 컬러: 다크민트(바구니포함),아이가 좋아해요. 7세 여아 입니다.,5,1,긍정
ggga******,2020-11-10T08:47:48.096+00:00,자전거: 02.삼천리 메이비20 / 컬러: 라이트핑크(바구니포함),색상도 이쁘고 넘 좋네요 저희 딸래미가 무쟈게 만족해 합니다,5,1,긍정
8912***,2020-11-16T11:15:47.179+00:00,자전거: 03.삼천리 화이트라벨 / 컬러: 화이트,가볍고 예쁘고 단거리 이동이나 산책용으로 좋네요,5,1,긍정
lm****,2020-11-19T06:21:34.535+00:00,자전거: 03.삼천리 화이트라벨 / 컬러: 화이트,디자인은 맘에 들었는데요 가까운 산책용으로는 좋지만 장시간 타면 무리가 있네요. 조립을 잘못해서 그런지 앞바퀴 브레이크를 잡을시 심한 소리가 나서 불편하네요.,2,1,긍정
ccee******,2020-11-10T05:17:46.434+00:00,자전거: 01.삼천리 카라 / 컬러: 다크블루(바구니포함),"드뎌 왔네요
딸들이 얼마나 기다렷는지 ㅎㅎ
배송도 빠르고 조립도 쉬웟어요
색상도 이쁘네요~~~^^",5,1,긍정
susi********,2020-11-27T03:34:56.933+00:00,자전거: 01.삼천리 카라 / 컬러: 다크블루(바구니포함),남매 자전거 구매했어요.,5,1,부정
honn*****,2020-11-20T12:04:24.932+00:00,자전거: 01.삼천리 카라 / 컬러: 다크블루(바구니포함),좋아요 근데 무겁네요 ..이쁘이쁘,5,1,부정
cgh2***,2020-11-26T22:22:55.449+00:00,자전거: 02.삼천리 메이비20 / 컬러: 라이트핑크(바구니포함),조금 무겁지만 좋와요,5,1,긍정
rlat******,2020-10-20T10:12:57.851+00:00,자전거: 01.삼천리 카라 / 컬러: 다크블루,추석지나고 물류가 많아서 배송은 조금 느렸지만 그래도 생각보다 빨리와서 좋았어요. 조립이 쉽다했는데 그래도 안전하게 타려고 매장가서 비용내고 조립했습니다. 같이온 바구니는 조금 작은감이 있어서 조금 큰걸로 바꿨어요.,5,1,긍정
kman****,2020-11-08T03:09:55.315+00:00,자전거: 01.삼천리 카라(8월20일출고에정) / 컬러: 다크블루,아내가 타는데 가성비 만족합니다. 지금은 추워서 자주 못타지만 내년 봄을 더 기대합니다. 추천합니다.,4,1,부정
reme*******,2020-10-31T03:09:38.215+00:00,자전거: 03.삼천리 화이트라벨 / 컬러: 화이트,배송도 엄청 빨랐고 자전거도 넘 맘에 들어요 잘 선택한 것 같아요 조립도 동영상보며 쉽게 했네요~~ 좋은 제품 감사합니다~~,5,1,긍정
cool********,2020-10-28T06:24:59.048+00:00,자전거: 02.삼천리 메이비20 / 컬러: 라이트핑크(바구니포함),너무 만족합니다.이쁘네요.핸들이 좀 가벼워서 이리저리 움직이길래 지금은 보조바퀴달았어요.추후 더크면 바퀴떼려구요,5,1,긍정
yobo***,2020-12-09T07:09:17.046+00:00,자전거: 01.삼천리 카라 / 컬러: 다크민트,나름 튼튼하고 아이가 타고 다니기 좋아요,5,1,부정
sunn*******,2020-10-12T12:28:12.742+00:00,자전거: 02.삼천리 메이비20 / 컬러: 라이트핑크,무광 연핑크색상이 예쁩니다.  안장과 바퀴까지 화이트라 나름 간지납니다.  안정감도 있구요. 다만 접이식이라 생각보다 무겁습니다. 무엇보다 아이 생일선물이었는데 택배가 너무 느리고 부피가 크다는 이유로 며칠째 미배달해서 아이도 저도 맘이 좀 불편해서 별 하나 뺍니다.,4,1,긍정
tazs****,2020-12-06T04:36:15.127+00:00,자전거: 01.삼천리 카라 / 컬러: 다크민트,"여자아이가 집근처 심부름가고, 놀이터에서 놀때 타기 좋네요.",5,1,부정
pops***,2020-10-25T07:26:11.223+00:00,자전거: 02.삼천리 메이비20 / 컬러: 민트,"뒷바퀴 물받이부분이랑 찌그러져서옴 
 반사판  나사가없네여",2,1,부정
boll********,2020-10-21T08:30:15.500+00:00,자전거: 01.삼천리 카라 / 컬러: 다크블루,"출퇴근용 자전거 찾아보다가 구매하게 된 자전거입니다!  막 사용하려고 찾은건데 진짜 가성비 갑 이에요!
튼튼하고 구성품도 빠짐없이 오고,안장쪽에 기스가 있어서 좀 찝찝하긴했는데 반품/교환 귀찮아서 걍 쓰려구요. 써보고 한 달 후기도 남길게요!",5,1,긍정
good******,2020-11-06T03:53:04.324+00:00,자전거: 01.삼천리 카라 / 컬러: 다크민트(바구니포함),잘받았습니다 배송도 빠르고 설명도 친절하시고^^,5,1,부정
dmdw*****,2020-11-04T08:44:43.057+00:00,자전거: 01.삼천리 카라 / 컬러: 다크블루(바구니포함),예쁘네요 마음에 듭니다,5,1,부정
syli***,2020-12-05T12:18:03.796+00:00,자전거: 01.삼천리 카라 / 컬러: 다크블루(바구니포함),배송이 빠르네요. 참 좋았습니다.,5,1,긍정
aotk***,2020-10-25T02:34:10.778+00:00,자전거: 02.삼천리 메이비20 / 컬러: 라이트핑크(바구니포함),"매장에서 보니 디자인은 안이쁘고 가격은 비싸고 ㅠ
인터넷 검색하다 이거 찾았는데 가성비가 압도적이네요 ㅎㅎ 딸 생일인데 몰래 조립해놨습니다
보면 완전 좋아하겠어요 
사장님 번창하세요^^",5,1,부정
jlwo***,2020-11-22T15:57:24.001+00:00,자전거: 01.삼천리 카라 / 컬러: 다크블루(바구니포함),튼튼하고 7살아들이 잘탑니다,5,1,긍정
shin******,2020-11-12T04:20:15.112+00:00,자전거: 01.삼천리 카라 / 컬러: 다크블루,가성비 좋아요 터고 다니면서 잘 사용하고 있어요,5,1,부정
sind****,2020-10-28T21:49:00.690+00:00,자전거: 01.삼천리 카라 / 컬러: 다크블루(바구니포함),배송도 빠르고 색상도 화면보다 훨씬 마음에 들어요 조립도 쉽게 할 수 있고 4학년 아이부터 저까지 다 탈 수 있어 좋아요,5,1,부정
fr****,2020-12-08T12:46:21.742+00:00,자전거: 01.삼천리 카라 / 컬러: 다크민트(바구니포함),아이가 좋아합니다. 잘 타고 있어요,5,1,부정
rnjs*****,2020-10-17T12:57:41.550+00:00,자전거: 01.삼천리 카라 / 컬러: 다크블루,"조립하기 힘들줄 알았는데 힘들긴하네요,, 혼자 조립하는데 핸들고정하는법 몰라서 유튜브쳤더니 바로 나와서 보고 잘 조립했습니다~ 자전거 예쁘고 잘타고다닐 것 같아요.",5,1,긍정
skyf*****,2020-11-13T08:09:51.302+00:00,자전거: 03.삼천리 화이트라벨 / 컬러: 화이트,모양도 이쁘고 페달로 부드럽게 잘 밟혀요,5,1,부정
2you***,2020-11-09T08:38:43.722+00:00,자전거: 01.삼천리 카라 / 컬러: 다크블루(바구니포함),"조립은 어렵지 않았어요
조립되고나서 바퀴바람 다시 넣어줘야되요
무게는 좀 나가요",5,1,부정
ce****,2020-11-05T07:04:51.784+00:00,자전거: 01.삼천리 카라 / 컬러: 다크블루(바구니포함),배송빠르고 제품 양호합니다. 초4~여자성인용으로 사이즈 적당합니다.,5,1,부정
bwsr****,2020-11-17T14:28:27.099+00:00,자전거: 01.삼천리 카라 / 컬러: 다크블루,잘 사용중입니다 아이가 좋아해요~,5,1,긍정
tx90****,2020-10-29T04:50:25.769+00:00,자전거: 02.삼천리 메이비20 / 컬러: 라이트핑크,초등4학년 딸래미 선물했는데 잘타고 튼튼하네요! 사이즈도 딱맞고 너무 좋은것 같아요 역시 삼천리!,5,1,부정
hjy1***,2020-12-09T03:03:53.936+00:00,자전거: 01.삼천리 카라 / 컬러: 다크블루(바구니포함),사용하기 편리하고 좋습니다.,5,1,긍정
mu****,2020-10-06T04:38:56.104+00:00,자전거: 01.삼천리 카라 / 컬러: 다크민트,초1타기적당하고 무게감있어서 조심히다닐듯합니다 라이트하나도서비스주셔서감사합니다 색상도이쁘네요 포장도잘되어있었습니다 배송도빠르고 직접 배송온듯합니다 좋아해서 저또한기분이좋네요 다리가달듯말듯 타니 사이즈도내년까지탈수있을듯합니다  많이 파세요 사장님 굿입니다 추천드려요 많이달릴수있어요 스피드도곧잘나옵니다,5,1,부정
vkdk******,2020-10-22T01:04:06.000+00:00,자전거: 02.삼천리 메이비20 / 컬러: 라이트핑크,"아이 선물로 구매했어요~ 
어린이 20인치 검색하다 빼고 검색하니 가격차이가..... ㅡㅡ  똑같이 20인치인데.... 
너무 맘에들어요!! 
7살 120센치 여아인데 완전 잘타고 있어요!! 
엄마랑 딸이랑 같이타도 됩니다!!! 
핑크핑크하니 아이도 너무 좋아합니다&hearts;",5,1,긍정
8912***,2020-11-16T11:14:51.474+00:00,자전거: 03.삼천리 화이트라벨 / 컬러: 블랙,좋아요 가볍고 예쁘고,5,1,부정
blac******,2020-11-01T00:34:25.297+00:00,자전거: 02.삼천리 메이비20 / 컬러: 라이트핑크(바구니포함),"디자인도 너무 이쁘고 자전거가 잘 나가서 너무 좋네요~^^
딸이 엄청 좋아하네요~
잘 타겠습니다~^^",5,1,긍정
jjs0******,2020-12-05T01:28:43.297+00:00,자전거: 02.삼천리 메이비20 / 컬러: 라이트핑크(바구니포함),"아직개봉전입니다
신랑오면조립해달라고기다리고있어요",4,1,부정
didw*****,2020-11-15T05:50:20.161+00:00,자전거: 01.삼천리 카라 / 컬러: 다크블루,괜찮아요 잘쓰고있네요,3,1,부정
lifl***,2020-11-13T13:10:09.949+00:00,자전거: 01.삼천리 카라 / 컬러: 다크블루(바구니포함),만 6세 아이 선물로 사줬네요. 자전거 튼튼하고 좋습니다. 단지 보조바퀴를 함께 구매했는데 손으로는 나사 풀기가 힘들어 결국 자전거샵에서 추가비용 내고 설치했네요.,4,1,긍정
rish****,2020-11-01T11:58:45.839+00:00,자전거: 03.삼천리 화이트라벨 / 컬러: 화이트,조립하느라 조금 애를 먹긴 했지만 디자인도 이쁘고 타보니 자전거도 잘 나가네요. 오랫동안 잘 탈거 같습니다.,4,1,긍정
sa****,2020-11-04T06:14:23.805+00:00,자전거: 02.삼천리 메이비20 / 컬러: 라이트핑크(바구니포함),배송 빠르네요 아직 안태워봤지만 일단 만족합니다,5,1,부정
swee*****,2020-10-17T01:45:14.437+00:00,자전거: 02.삼천리 메이비20 / 컬러: 라이트핑크,"조립도 어렵지 않고 다만 안장부분 조일때 여성의 힘으로는 어려워보입니다.  

핑크에 하얀타이어라 때가 탈것 같지만. 
너무 이쁘네요 

추천합니다.",4,1,부정
kyk0***,2020-11-15T02:01:10.135+00:00,자전거: 01.삼천리 카라 / 컬러: 다크민트(바구니포함),배송도 빠르고 제품도 좋아요,5,2,긍정
simi***,2020-11-04T13:05:42.035+00:00,자전거: 01.삼천리 카라 / 컬러: 다크민트(바구니포함),보던것과 같아요. 다만 판매글에 조립방법이 자세히 나오지 않아서 다른 블로그참고해서 조립했어요.,5,1,부정
helm******,2020-10-16T13:07:37.426+00:00,자전거: 01.삼천리 카라 / 컬러: 다크블루,"좋아요
초3아이도 타고 저도 배워서 함티께타려고 샀어요
삼천리대리점 조심스레 전화해서 조립가능한지 여쭤봤는데  가져오라고 흔쾌히 말씀해주셔서 3만원드리고 다른 부분도 꼼꼼히 체크해 주셔서 안전하게 탈수 있게 되었어요",5,1,부정
bong****,2020-10-30T20:16:11.877+00:00,자전거: 02.삼천리 메이비20 / 컬러: 민트(바구니포함),"토요일 딸램 칭구들이랑 자전거 타러 가야해서 금요일까지는 보내달라고 메모 남겼는데 금욜 도착했어요~
초등4학년 딸램이 좋다고~~~ㅋ
잘 타겠습니다~~",4,1,긍정
moga*****,2020-11-03T07:09:27.944+00:00,자전거: 01.삼천리 카라 / 컬러: 다크블루(바구니포함),"중2아들이혼자 조립하네요
고급지고 예뻐요~~",5,1,긍정
memy********,2020-11-02T01:02:37.593+00:00,자전거: 01.삼천리 카라 / 컬러: 다크블루(바구니포함),가성비 좋아요  ㅎ  반조립되어오니 나사조여주고  바퀴바람 넣어주면  굿굿,5,1,긍정
hrli***,2020-11-12T01:52:55.224+00:00,자전거: 02.삼천리 메이비20 / 컬러: 민트(바구니포함),조립하기 쉽고 어린이와 여성이 타기 좋네요.,5,1,부정
dlth*******,2020-12-05T12:26:16.931+00:00,자전거: 03.삼천리 화이트라벨 / 컬러: 화이트,자전거 너무 편하고 좋아요,5,2,부정
dlth*******,2020-12-05T12:26:04.855+00:00,자전거: 03.삼천리 화이트라벨 / 컬러: 블랙,자전거 너무 편하고 좋아요,5,1,부정
libo*****,2020-11-11T12:31:16.267+00:00,자전거: 02.삼천리 메이비20 / 컬러: 라이트핑크(바구니포함),너무 예쁘네요 색도 예쁘고 포장도 너무 잘 해주셔서 완전 만족합니다!! 감사합니다~~ 127인 어린이다 타기에도 조금 크지만 좋아요~~~,5,1,긍정
ishu****,2020-09-24T11:56:35.929+00:00,자전거: 01.삼천리 카라 / 컬러: 다크블루,잘 받았습니다. 확실히 무게감이 있네요. 조립 자체가 복잡하지는 않은데 꽉 조여야 해서 힘이 많이 들어갑니다. 작업용 장갑 착용하고 있는 힘껏 조여줬습니다. 바구니는 핸들에 걸고 동봉된 벨크로테잎으로 고정하니 흔들림 없고 좋습니다. 아이도 무척 맘에 들어하네요.,5,1,부정
qu****,2020-11-11T01:41:18.779+00:00,자전거: 01.삼천리 카라 / 컬러: 다크민트,앞바퀴쪽에서 달리면 삐그덕소리가남 앞 브레이크페드쪽에 문제인지,4,1,긍정
oden***,2020-10-27T14:16:10.691+00:00,자전거: 03.삼천리 화이트라벨 / 컬러: 화이트,여자혼자조립했고 한시간정도걸렸어요. 다해놓고나니 튼튼하고 좋아요. 자전거샵이근처에있으면 맡기시는걸 추천합니다.,5,1,부정
js****,2020-11-24T05:25:43.397+00:00,자전거: 01.삼천리 카라 / 컬러: 다크블루,안정감이 있고 높이 조절이 가능해 편리하네요,4,1,긍정
ba****,2020-10-11T10:16:18.410+00:00,자전거: 01.삼천리 카라 / 컬러: 다크블루,"좋은 가격에 아이 둘꺼 같이 샀어요~ 128센터 첫째는 딱 맞게 타고 둘째 118센티 키에는 아직 자전거가 커요~ 클거란걸 알고 사서 천천히 연습시켜 내년에 오래 태울 생각이예요~ 
조립은 신랑이 했고 보조바퀴 끼울때 좀 힘들어했어요~ 나사가 빡빡해서요~ 보조바퀴 안끼우시는 분들은 튼튼히 조여왔으니 만족하실 것 같아요^^",5,1,부정
huma****,2020-11-10T07:48:02.224+00:00,자전거: 02.삼천리 메이비20 / 컬러: 라이트핑크(바구니포함),"조카 생일 선물로 구매해줬습니다~
타 사이트보다 저렴한 가격에, 배송도 잘 받았네요. 감사합니다.
많이 파세요",5,1,부정
syek****,2020-11-24T07:08:04.378+00:00,자전거: 02.삼천리 메이비20 / 컬러: 민트,"너무 잘타고 있어요~~고장도 안나고요~~~
예쁘고 튼튼합니다!",5,1,부정
free****,2020-11-14T00:04:55.947+00:00,자전거: 02.삼천리 메이비20 / 컬러: 라이트핑크(바구니포함),아아가 아주 마음에 들어 합니다.,5,1,부정
mu****,2020-10-29T03:43:36.737+00:00,자전거: 01.삼천리 카라 / 컬러: 다크민트,"아이가잘사용합니다

매일 나가네요

잘타고돌아다니니 괜찮아요

허리도안아프고 친구들도한번씩타보자고
달라고하기도합니다",5,1,부정
scol***,2020-10-26T15:25:46.652+00:00,자전거: 02.삼천리 메이비20 / 컬러: 민트,자전거 색상도 이뿌고 조립도 간단하네요~ 포장이 엄청 꼼꼼해서 조립보다 포장 뜯는게 더 오래걸린듯해요 ㅎㅎ,5,1,부정
mm****,2020-11-18T13:48:16.705+00:00,자전거: 01.삼천리 카라 / 컬러: 다크블루,"디자인이 이쁘고 안정감있어요
좀 무겁긴해서 아이가 넘어졌을때 올리기 힘들어해요",4,1,부정
sjyo****,2020-10-05T18:04:28.698+00:00,자전거: 01.삼천리 카라 / 컬러: 다크블루,초등1학년 여아122cm 타는데 무리없어요ᆢ 페달 충분히 밟아지구요ᆢ 이제 막 두발떼서 브레이크를 꽉 잡는걸 힘들어하네요ᆞ 서서 출발할때도 자전거 무게가있고 아직 힘부족으로 밀어주고 출발하지만 잘타네요ᆞ,4,1,부정
ma****,2020-11-14T13:46:40.045+00:00,자전거: 01.삼천리 카라 / 컬러: 다크블루(바구니포함),아주 좋아요 많이 파세요,5,1,긍정
nost*****,2020-12-04T23:36:14.680+00:00,자전거: 03.삼천리 화이트라벨 / 컬러: 블랙,배송도 빠르고 만족합니다!,5,1,긍정
kdh8***,2020-10-30T05:51:00.279+00:00,자전거: 01.삼천리 카라 / 컬러: 다크블루(바구니포함),싸고 좋아요. 삼천리라 그런지 다른 비슷한 가격대 자전거보다 퀄리티가 좋네요~~,5,1,부정
hee3***,2020-09-13T14:05:13.053+00:00,자전거: 01.삼천리 카라 / 컬러: 다크블루,"자전거 정말 이뻐요. 성인이지만 키가 작아서 사이즈도 작아서 좋아요.
 다만 조립 설명서가 없어서 핸들 조립할때 어려웠어요. 잘 몰라서 반대로 설치 하는 바람에 지나가시는 분이 보고는 다시 조립해 주셨어요. 그렇게 타면 위험하다고 알려 주시더라구요. 조립이 어려운건 아니지만 자전거에 대해 잘 모르는 사람은 실수할 수도 있을꺼 같으니 조립 과정이 구매 페이지에 상세히 있으면 좋겠어요.
무게가 좀 무거운 편이지만 가격 대비 정말 좋은 자전거라고 생각해요. 바구니가 있어서 더 좋았어요.",5,1,긍정
yu****,2020-11-28T13:28:30.595+00:00,자전거: 01.삼천리 카라 / 컬러: 다크민트(바구니포함),배송도 빠르고 조립도 쉽고 선물해줬는데 좋아하네요~^^,5,1,부정
roky*****,2020-11-15T06:37:12.700+00:00,자전거: 03.삼천리 화이트라벨 / 컬러: 블랙,잘 타고있는 좋은 자전거 입니다,5,1,부정
quty****,2020-10-25T06:51:17.980+00:00,자전거: 01.삼천리 카라 / 컬러: 다크민트,"여자혼자 조립할정도로 조립도 아주간편해요 아이가 무척좋아해요
자전거도 부드럽게 잘타진다네요",5,1,긍정
asap****,2020-11-26T09:12:18.035+00:00,자전거: 02.삼천리 메이비20 / 컬러: 라이트핑크(바구니포함),조립도 쉽고 핑크 타이어 너무 이뻐요,5,1,긍정
rain*********,2020-11-23T02:05:35.274+00:00,자전거: 02.삼천리 메이비20 / 컬러: 라이트핑크(바구니포함),"배송도 빠르고 안전하게 왔어요^^
이 추위에 우리 아이는 매일 달리네요",5,1,긍정
ghkd******,2020-12-04T17:02:45.355+00:00,자전거: 01.삼천리 카라 / 컬러: 다크블루(바구니포함),귀엽고 조립도 쉬워요,4,1,긍정
hymn****,2020-09-29T15:27:02.054+00:00,자전거: 03.삼천리 화이트라벨 / 컬러: 화이트,"디자인도 좋고 예쁜데, 바퀴 품질이 영 별로네요.... 5년 전에도 삼천리 자전거를 사용 했어서, 당연히 좋은 품질을 기대했는데, 음... 좀 너무 미끄럽고... 위험할 거 같아요... 이미 조립을 해버려서 환불을 할 수도 없고 ㅠㅠ 구매평도 좋고 많이들 구매하셔서 좋은 상품이다 라고 생각해서 구매했는데, 기대가 커서 그랬던건지... 아쉽네요 많이...",1,1,부정
js90***,2020-12-04T14:59:35.579+00:00,자전거: 01.삼천리 카라 / 컬러: 다크블루(바구니포함),조립이 너무어려웠어요.,2,1,부정
pjm1***,2020-10-20T13:06:01.038+00:00,자전거: 02.삼천리 메이비20 / 컬러: 라이트핑크,"안장하고 핸들만 조립하면되네요
꼽고돌려주면되네요
색상도이쁘고 맘에듭니다
단 핸들이 조금 몸쪽으로 더오면좋겠어요ㅋㅋ",5,1,긍정
kjyk***,2020-10-29T09:16:21.767+00:00,자전거: 01.삼천리 카라 / 컬러: 다크블루(바구니포함),"다크블루 재입고 기다렸다가 샀어요
역시 예쁘네요~~
아이가 좋아하며 잘 탑니다~~굿",5,1,부정
ch****,2020-11-04T08:08:08.169+00:00,자전거: 01.삼천리 카라 / 컬러: 다크블루(바구니포함),배송 빠르고 애기가 넘 좋아하네요,5,1,긍정
blac********,2020-10-21T08:54:05.444+00:00,자전거: 03.삼천리 화이트라벨 / 컬러: 화이트,"한대값으로 두대 샀어요.
키135 /키 150아이 타려고 샀는데 20인치 바퀴자전거로 자전거배우고 좀 커서까지 타려고했는데  안장높이가 높은 편라 키135는 비추/ 키150cm정도부터 추천하구요. 
자전거 산 이후로 매일 잘 타고 있어요.",5,1,긍정
aj10****,2020-11-11T06:11:35.434+00:00,자전거: 01.삼천리 카라 / 컬러: 다크블루(바구니포함),딸내미 사줬는데 아주 만족합니다,5,1,부정
syli***,2020-12-05T12:18:38.770+00:00,자전거: 01.삼천리 카라 / 컬러: 다크블루(바구니포함),상품배송이 정확하고 빨라요.,5,1,긍정
chnp*********,2020-09-26T13:10:45.663+00:00,자전거: 02.삼천리 메이비20 / 컬러: 민트,"아이가 타려고 구매했는데 너무 만족합니다! 
좋은 제품 많이 판매하세요~~",5,1,긍정
yher***,2020-11-20T14:19:03.274+00:00,자전거: 01.삼천리 카라 / 컬러: 다크블루(바구니포함),"배송도 잘 왔고 자전거 조립도 쉬워요.
내일 태우러 나갈건데 아이가 잘 탔으면  좋겠네요",5,1,긍정
mate***,2020-10-30T12:42:42.182+00:00,자전거: 01.삼천리 카라 / 컬러: 다크블루(바구니포함),깔끔하고 예쁘긴한데 브레이크가 타이어에붙어서 바퀴가돌지를 않네요. 조정을좀해야할듯,3,1,긍정
un****,2020-11-18T23:09:39.646+00:00,자전거: 03.삼천리 화이트라벨 / 컬러: 화이트,"무겁습니다. 뒤 안장, 펜더 모두 떼어냈습니다. 기어 모든 단을 이용하려면 튜닝 노하우가 필요할듯...
그래도 마감은 훌륭하고 접고 펴기도 쉽습니다.",4,1,부정
tkda******,2020-11-10T01:43:22.953+00:00,자전거: 03.삼천리 화이트라벨 / 컬러: 화이트,배송도 빠르고 예쁘고 튼튼합니다. 추천,5,1,부정
jkh7*****,2020-11-09T03:01:29.015+00:00,자전거: 03.삼천리 화이트라벨 / 컬러: 화이트,"잼나게 잘타고있어요
코로나시대에 최고",5,1,부정
scol***,2020-10-31T08:00:28.394+00:00,자전거: 02.삼천리 메이비20 / 컬러: 라이트핑크(바구니포함),이쁘고 너무 좋네요~ 아이가 너무 좋아합니다,5,1,부정
park*****,2020-11-16T19:50:34.246+00:00,자전거: 02.삼천리 메이비20 / 컬러: 민트(바구니포함),"조립이 쉬웠습니다. 색도 이쁘고 아이가 대만족합니다. 
금방 잘타고 다녀요.",5,1,부정
jang******,2020-10-17T02:52:26.392+00:00,자전거: 02.삼천리 메이비20 / 컬러: 민트,"배송빠르고 문의도 드렸는데 상담도 빠르고
좋아요
아이도 잘타네요,
조립이 쉽네요,자전거가게 안가고 신랑이 해서요",5,1,긍정
gkdl******,2020-10-18T14:04:03.735+00:00,자전거: 02.삼천리 메이비20 / 컬러: 민트,"민트 신청했는데 핑크가 왔어요.ㅎㅎㅎ 다행히? 딸아이 인지라 그냥 탓어요. 오늘 타고싶으면 핑크해야되고 아님 기다려야된다고 했더니. . 좀 시끄러웠지만 잘타고 다녀요. 

키127 입니다. ㅎㅎ안장 최대로 낮춰서 타고 재미있어하네요.",4,1,부정
sub2***,2020-11-03T12:09:04.383+00:00,자전거: 03.삼천리 화이트라벨 / 컬러: 화이트,깔끔합니다. 아직 타기전이지만 만족합니다,5,1,긍정
geta*******,2020-10-12T00:57:16.404+00:00,자전거: 02.삼천리 메이비20 / 컬러: 민트,"배송은 아쉬웠지만, 제품이 이쁘구요 
배송시 박스상태 이상없이 깨끗이 왔구요 
꼼꼼하게 제품이 포장되어었더라구요 ..어디 한군데 파손되거나
스크레치 없이 왔습니다. 
무엇보다 딸아이가 너무 이쁘다고 자전거도 잘나가고 브레이크도
잘 잡힌다하 하니 그걸로 충분한듯 합니다. 
잘 쓰겠습니다.",5,1,긍정
fr****,2020-10-30T12:42:28.207+00:00,자전거: 01.삼천리 카라 / 컬러: 다크민트(바구니포함),조립 잘했네요. 아직 타보진 않았어요. 아이가 좋아합니다,5,1,부정
ydlr*****,2020-11-04T12:15:33.012+00:00,자전거: 03.삼천리 화이트라벨 / 컬러: 화이트,맘에들어요 감사히잘쓰겟습니다,5,1,긍정
ss****,2020-09-27T06:14:11.376+00:00,자전거: 01.삼천리 카라 / 컬러: 다크블루,"가족이 자전거로 운동을 시작하려고 구입했습니다.
사용은 고1 딸이 사용하고요,
제품 자체는 좋고 만족합니가.
개인적으로 러아딩 목적이면 미니벨로는 비추천입니다.
저는 아파트라 보관의 공간적인 측면에서 접이식을 찾다가
미니벨로를 구입하게 되었는데 일단 미니벨로는 7단밖에 안되고 26인치는 21단이기때문에 오르막길 등 조금 편하게 갈수 있는것 같고요.
26인치도 접이식이 있다는것을 몰라네요.
조금 작은느낌(어린이용 같은 느낌)도 들고
그래도 자전거는 잘 나가고 좋습니다~~",5,1,긍정
oh****,2020-11-12T13:56:58.662+00:00,자전거: 01.삼천리 카라 / 컬러: 다크블루,"아직 자전거를 잘 못타는 아들이여서 그런지 자전거가 큰듯요~
일단 겁나 무겁습니다. 사이즈는 20인치 치고 큰듯해서 맘에들어요
2학년 135키에 살짝 큰 정도이구요~",4,1,긍정
stry*****,2020-07-17T03:38:15.000+00:00,,"초등학교 3학년 딸 아이가 타기에 적당했습니다. 조금 무거운 감은 있었지만 크게 문제가 되지는 않았습니다.
무엇보다 반으로 딱 접혀서 차량에 실고 공원으로 가기에 참 좋았습니다. 배송도 빠르고, 조립도 그렇게 어렵지 않았습니다.
(여성분들이 조립하기에는 조금 부담스러울수 있으므로 아빠들이 조립하시면 될것 같습니다.)
대체적으로 만족하고, 가성비 좋다는 생각입니다.^^
상암동 월드컵공원에서 신나게 자전거를 타고 좋았습니다.

운동도 되고, 성장기 어린이들에게 자전거가 많은 도움이 될것 같습니다.

사용후기 한달후:  처음에 아이 키와 힘등에 비례하여 자전거가 부담이 될듯했는데요
한달 지나보니 정말 잘 다루고 잘 타고 있습니다. 자전거에 맞추어 몸에 힘이 붙는것 같아 체력적으로 도움이 되구요 일주일전에는 상암 월드컵공원에서 난지한강공원까지 5km정도 자전거를 탔는데요 쉬지않고 정말 신나게 달렸습니다. 초3부터 사용하기에 정말 좋은것 같습니다. 또 반은로 접히는 부분이 정말 장점이지요 차에 실고 다니기 좋아요^^ 참고로 저는 카니발인데요 자전거 2대 킥보드4개 간식등을 실고 다녀요^^자녀가 넷이라서요^^",4,1,부정
tkda******,2020-11-10T01:42:38.362+00:00,자전거: 01.삼천리 카라 / 컬러: 다크블루(바구니포함),배송도 빠르고 예쁘고 튼튼합니다.,5,1,긍정
mmm1****,2020-11-14T13:21:17.046+00:00,자전거: 01.삼천리 카라 / 컬러: 다크블루(바구니포함),빠른배송 좋네요..,3,1,부정
dkfh*****,2020-10-18T04:51:57.460+00:00,자전거: 01.삼천리 카라 / 컬러: 다크블루,배송은 칼 배송이었는데 시간이 없어 이제야 조립 하고 첫 개시를  하네요~일단 아이가 맘에 들어하고 좋아합니다..저렴하게 잘 산듯 해요,5,1,긍정
love******,2020-10-29T06:06:54.269+00:00,자전거: 03.삼천리 화이트라벨 / 컬러: 화이트,"티키타* 사려다가 너무 비싸 삼천리샀어요
친구가 티키 타는데 전혀 뒤지지않아요 ㅎㅎ
접는거 뭐 다 비슷해요^-^",5,1,긍정
sl****,2020-10-23T02:03:08.661+00:00,자전거: 02.삼천리 메이비20 / 컬러: 라이트핑크,"배송도 빠르고 상품도 예쁘고 조립도 간편해서 좋아요
아이가 아직 작은편인데 높이도 제일 낮게하니 맞네요
베리 굿~~",5,1,긍정
zscf****,2020-10-18T15:09:19.433+00:00,자전거: 02.삼천리 메이비20 / 컬러: 라이트핑크,무사히 잘 도착했습니다. 포장에 신경 많이 쓰신게 느껴졌어요. 보조바퀴를 아직 못달았는데 달아서 잘 쓰겠습니다,4,1,긍정
mgeb******,2020-11-24T13:46:34.182+00:00,자전거: 01.삼천리 카라 / 컬러: 다크블루(바구니포함),아이가좋아합니다빠른배송인편입니나,4,1,긍정
chil*****,2020-12-05T01:19:58.410+00:00,자전거: 01.삼천리 카라 / 컬러: 다크블루(바구니포함),좀 무거운편이네요~,4,1,긍정
to****,2020-11-10T13:06:04.102+00:00,자전거: 01.삼천리 카라 / 컬러: 다크블루(바구니포함),가격대비 만족 합니다,5,1,부정
artz***,2020-11-01T00:36:40.740+00:00,자전거: 01.삼천리 카라 / 컬러: 다크블루(바구니포함),빠른배송 초등학교4학년 타기 즣아요!!,5,1,긍정
bigb*****,2020-09-27T06:50:05.838+00:00,자전거: 03.삼천리 화이트라벨 / 컬러: 화이트,"수요일 주문 후 오늘 일요일에 받았어요.
발송은 엄청 일찍 해주셨는데 택배가 오래 걸려서 Q&amp;A란에 올렸는데 친절하게 답변해주셔서 감사드립니다~^^

조립도 핸들만 하면 되었는데 상품소개란에 올려져 있는 동영상 보고 바로 했어요~~
초등학생 키 142 정도 되는 여아도 딱 좋네요~

이뻐서 더 좋구요^^

판매자님께서 친절하셔서 기분 좋게 후기 남겨요 :)",4,1,긍정
re****,2020-10-08T11:25:43.561+00:00,자전거: 02.삼천리 메이비20 / 컬러: 민트,"자전거는 이쁘고 좋은데요
뒷바퀴 흙받이에 큰 스크레치가 생겨서 왓어요...
다행히 큰애가 그냥 탄다 하네요 ㅎㅎ
판매자분이 교환 대신 용품보네주신다고하니
맘이 좀 풀리네요",3,1,부정
yobo***,2020-10-13T07:49:00.660+00:00,자전거: 01.삼천리 카라 / 컬러: 다크민트,조립이 간단하긴 한데 힘을 좀 써야하네요 힘들긴 하지만 다하고 나니 너무 이쁘고 테스트 주행 쭉쭉 잘나가요~ 아이가 너무너무 좋아해서 뿌듯합니다 ㅎㅎㅎ아빠랑 둘이 커플?맞추고 이제 주말마다 드라이빙한대요~~~~~😄,5,1,긍정
blac********,2020-10-21T08:50:06.037+00:00,자전거: 03.삼천리 화이트라벨 / 컬러: 블랙,"이 가격에이정도면 대만족입니다.
키150 초딩아이부터 키 180 아빠까지 탈수 있어요.
(참고로 키135는 다리가 안닿이고 자전거 가운데 봉때문에 타고내리기가 어려움)
조립 후 바퀴에 바람은 따로 더 넣어야 좋을 것 같아요.
디자인도 이쁘고 접이식이라 트렁크 실리니 좋아요.
챙겨주신 사은품들도 달았는데유용합니다.",5,1,부정
mgss****,2020-11-23T14:11:53.417+00:00,자전거: 01.삼천리 카라 / 컬러: 다크블루(바구니포함),생각보다 배송도 빨랐고 튼튼한 것 같아요,5,1,긍정
mhlo*****,2020-10-14T02:57:51.294+00:00,자전거: 01.삼천리 카라 / 컬러: 다크블루,아이가 엄청 좋아합니다.배송 빠르고요.오전에 배송와서 신랑 기다려야 하나 고민하다가 직접 조립했는데 쉽게 조립되서 더 좋네요.자물쇠만 집에 있던거 해줬습니다.,5,1,긍정
dpss****,2020-09-19T09:34:07.177+00:00,자전거: 01.삼천리 카라 / 컬러: 다크블루,자전거는맘에 드는데 조립하다보니 브레이크 한쪽이 계속 안되서 제가 못하는건가 싶어서 자전거가게 방문했더니 불량제품이 왔던거네요 가서 수리하고 오천원냈어요 불량인줄 알았으면 진작에 전화해서 물건교체 요청했을텐데 이미 가게 까지 끌고가서 어쩔수없이 돈내고 고쳤네요 자전거 가게 아저씨가 휘어서 잡아주지 못한거라고 하더라구요 보시면 연락주세요,3,1,부정
ze****,2020-11-20T12:14:47.433+00:00,자전거: 01.삼천리 카라(8월20일출고에정) / 컬러: 다크블루,첨  살때랑 동일합니다. 튼튼하고 안정감 있어요,5,1,긍정
hanb******,2020-09-27T01:25:38.897+00:00,자전거: 01.삼천리 카라 / 컬러: 다크블루,빠른배송 감사합니다 개봉후 제품 확인  조립은 간단하고요. 조립하다 보니 앞쪽 브레이크 부분 손상 있어 판매자 문의 바로 응대 자전거 대리점가서 수리후 영수정 보내 주시면 비용 주신다고요  저는 브레이크 부품 택배로 받아서 제가 그냥 교체  했습니다   어자피 제품은 뽑기라고 생각이 되어서 신경 안쓰고요 판매자분 빠른 응대가 좋습니다,3,1,부정
hune******,2020-10-22T02:27:33.645+00:00,자전거: 02.삼천리 메이비20 / 컬러: 라이트핑크,"생각보다 너무 예쁩니다. 
튼튼하고 접이도 생각보다 간편합니다. 
추가로 구매한 보조바퀴 소리가 조금 바닥에 닿을때
기존 키즈용 보다는 시끄러운편이에요",5,1,긍정
nani****,2020-11-22T00:27:58.184+00:00,자전거: 01.삼천리 카라 / 컬러: 다크블루,예뻐요~~근처 강가에서 잘타고 다닙니다,5,1,긍정
hono****,2020-11-04T23:03:38.507+00:00,자전거: 02.삼천리 메이비20 / 컬러: 라이트핑크,이쁘고 하자가 없어서 문제없이 타고있어요,5,1,긍정
jhwi***,2020-10-14T07:14:52.751+00:00,자전거: 03.삼천리 화이트라벨 / 컬러: 화이트,이런 거 조립 잘 못하시는 완조립 제품 추천드립니다... 핸들 조립 생각보다 어려워요. 현관 부셔가며 노력했는데도 핸들이 비뚤어져 있어요. 자전거 매장 근처에 찾아보고 조립 의뢰를 해야할듯 ㅠ,5,1,부정
rose*******,2020-10-10T15:09:42.094+00:00,자전거: 03.삼천리 화이트라벨 / 컬러: 화이트,"자전거와 바구니 상태도 다 괜찮았어요.
색상도 이쁘고 좋네요
포장이 잘 돼 와서 마무리 조립도 잘 완성했어요",5,1,긍정
masi****,2020-11-07T04:31:40.852+00:00,자전거: 01.삼천리 카라 / 컬러: 다크블루(바구니포함),잘도착했고 물건도 이상없네요~,5,1,부정
pali****,2020-10-30T22:11:24.965+00:00,자전거: 02.삼천리 메이비20 / 컬러: 라이트핑크(바구니포함),디자인도 이쁘고 딸이너무좋아하네요,5,1,긍정
ck68***,2020-12-01T12:07:07.858+00:00,자전거: 01.삼천리 카라 / 컬러: 다크블루(바구니포함),상품  보는거와 같습니다,3,1,긍정
bong***,2020-11-04T13:40:32.564+00:00,자전거: 03.삼천리 화이트라벨 / 컬러: 화이트,좋아요. 조립이 쉬워요.,5,1,긍정
kks9******,2020-10-17T10:44:42.978+00:00,자전거: 01.삼천리 카라 / 컬러: 다크블루,"디자인, 색상 다 예쁘고 맘에 듭니다. 반조립제품이라 근처 자전거 매장에서 2만원주고 조립했네요. 바구니는 별매인가요? 구성품 사진에는 같이 있는데 오지 않아서요.",4,1,부정
et****,2020-10-07T15:47:04.297+00:00,자전거: 02.삼천리 메이비20 / 컬러: 민트,20인치 사이즈에 보조바퀴까지 달아 아이가 자전거 처음 타는데 좋은 거 같아요. 애들도 매우 만족하네요. 자전거를 접을 수 있어서  차 트렁크에 넣어 여행가서도  타 보려해요. 가성비도 좋은 거 같아 맘에 듭니다.,5,1,긍정
glam****,2020-10-20T02:44:09.829+00:00,자전거: 02.삼천리 메이비20 / 컬러: 라이트핑크,다음날 배송 바로 왔고 고객대응도 좋네요 아이들이 엄청 좋아하네요많이파세요,5,2,긍정
glam****,2020-10-20T02:43:32.444+00:00,자전거: 02.삼천리 메이비20 / 컬러: 민트,다음날 배송 바로 왔고 고객대응도 좋네요 아이들이 엄청 좋아하네요많이파세요,5,1,긍정
ny78****,2020-11-16T01:37:17.085+00:00,자전거: 03.삼천리 화이트라벨 / 컬러: 화이트,"디자인 깔끔하고   다  좋아요~~^^

키  141   초등생인  딸아이  잘  타고  있어요~~",5,1,부정
you3******,2020-10-15T22:36:11.585+00:00,자전거: 01.삼천리 카라 / 컬러: 다크블루,조립은 어렵진 않았어요 배송이 일주일이상걸려서 아이가많이기다렸어요 한번타봤는데 지금까진 괜찮은거같아요,5,1,긍정
ghwn*****,2020-11-16T03:52:01.475+00:00,자전거: 03.삼천리 화이트라벨 / 컬러: 블랙,생각보다 너무 견고해요 정말 험하게 타는데도 아직 잘 돌아 갑니다.,5,1,부정
jey0***,2020-11-27T12:51:58.187+00:00,자전거: 02.삼천리 메이비20 / 컬러: 민트,좀 무거운감이 있긴한데 잘타고있어요,4,1,긍정
supe*******,2020-11-22T12:40:52.857+00:00,자전거: 03.삼천리 화이트라벨 / 컬러: 화이트,가성비 좋네요 차에 넣어 이동하기도 좋아요,5,1,부정
mini******,2020-09-11T12:38:58.997+00:00,자전거: 03.삼천리 화이트라벨 / 컬러: 화이트,"택배 2~3일 만에 온것 같고 가격대비 괜찮아요 무게가 조금 무겁기는 합니다
조립도 거의 다 되서 온지라 동영상 찾아서 보고 쉽게 했고 간단한 공구도 들어 있어서 좋았어요
안장 딱딱하다는 평이 있어 추가로 주문했는데 생각보다는 폭신해요
접으면 작긴한데 경차 트렁크에는 싣기 좀 힘들고 뒷좌석에 두고 이동 해야할듯 싶네요
접을때 한쪽 페달은 안접혀서 그건 좀 아쉬워요
비가와서 아직 타보지는 않았는데 싸이즈도 딱이고 가격대비는 괜찮은것 같아요",4,1,부정
eo****,2020-10-12T04:36:10.153+00:00,자전거: 03.삼천리 화이트라벨 / 컬러: 화이트,"핸들과 바퀴를 일직선으로 맞추는게 어렵네요.
타이어의 두께가 좁아서 승차감이 좀 별로입니다.
하지만 오래타는게 아니고 싸게 산거라 만족합니다.
안장 눌려서 찍혀있었던것은 시간이 지나니 점점 펴져서 없어졌어요.",4,1,부정
ze****,2020-11-20T12:14:18.869+00:00,자전거: 02.삼천리 메이비20(8월20일출고에정) / 컬러: 라이트핑크,처음과 동일하게 제품은 튼튼합니다. 무겁긴하지만 그만큼안정감이 있다고 생각합니다,5,1,긍정
fs****,2020-10-31T04:23:20.071+00:00,자전거: 01.삼천리 카라 / 컬러: 다크블루(바구니포함),저렴하고 좋아요  올팍에서 달립니다.,5,1,부정
hyun*****,2020-10-22T01:44:11.054+00:00,자전거: 02.삼천리 메이비20 / 컬러: 민트,"배송빠르네요 색상도 이뻐요!
포장도 꼼꼼히 잘되어있네요
단점은 포장시 핸들이 눌러져서 뒷바퀴쪽 커버에 스크레치가 생겨있네요! 그리고 핸들끼우기가 힘들어요
여러번시도 끝에 설치했네요.
배송전 체크를 해주셔야겠어요!
작동은 잘되고 지금 잘타고 있습니다~
많이 파세요~",5,1,부정
fiuf***,2020-11-09T04:50:55.269+00:00,자전거: 02.삼천리 메이비20 / 컬러: 라이트핑크,여자친구가  무척 좋아합니다!,5,1,긍정
se****,2020-10-13T00:26:05.939+00:00,자전거: 02.삼천리 메이비20 / 컬러: 민트,"배송이 오래 걸렸어요.
택배기사님께 전화까지..그랬더니 바로 가져다주시긴 했습니다.
남편은 22인치 사주자고 했는데 제가 20인치로 우겨서 구입..전 만족합니다.
안정적으로 보이네요.",3,1,긍정
duwh***,2020-10-08T11:31:53.901+00:00,자전거: 02.삼천리 메이비20 / 컬러: 라이트핑크,"색상도 예쁘고 아이도 좋아합니다 다만 보조바퀴를 달기위해 너트를 분해해야하는데 같이 동봉된 도구로는 작업이 어려워 별도 몽키스패너로 작업을 했습니다.
그리고 너트가 약해서 마모기 심합니다. 몇번 분해조립하면 너트를 교체해야할것 같군요",4,1,긍정
asdf****,2020-10-22T13:38:41.021+00:00,자전거: 01.삼천리 카라 / 컬러: 다크블루,"접이식이라 차에 실어가지고 가기편함.
무게가좀있음.
접고펴기편함.
초2,4  타기좋음. 초2한테는 좀크긴함",5,1,부정
appl********,2020-10-24T03:15:05.081+00:00,자전거: 01.삼천리 카라 / 컬러: 다크민트,"초2, 135cm 혹시 클까봐 걱정했는데 아주 좋아요~
조립도 금방 했어요~ 강추합니다~^^",5,1,부정
im50****,2020-11-16T05:53:25.114+00:00,자전거: 01.삼천리 카라 / 컬러: 다크민트(바구니포함),"처음으로 2발자전거를 탔는데 20분 만에 혼자 타네요 화면 그대로입니다
튼튼합니다~",4,1,부정
nara*****,2020-11-14T00:08:27.016+00:00,자전거: 01.삼천리 카라 / 컬러: 다크블루,안장이빠져있어서 안장을따로보내주셨어요! 조립하기쉬웠구 잘 타고있습니다ㅎㅎ,5,1,부정
ym****,2020-11-06T02:56:38.970+00:00,자전거: 01.삼천리 카라 / 컬러: 다크블루,좀 무겁긴 하지만 이 가격대 자전거는 다 그렇죠^^ 엉덩이도 안 아프고 초보용으로 딱입니다!! 딸아이가 넘 좋아해요.,5,1,긍정
cjh5***,2020-11-23T02:04:15.674+00:00,자전거: 01.삼천리 카라 / 컬러: 다크블루(바구니포함),자전거 배송도 빠르고 상품도 좋아요,5,1,긍정
2e****,2020-11-23T05:21:10.921+00:00,자전거: 02.삼천리 메이비20 / 컬러: 라이트핑크(바구니포함),조립도 간편하고 다 좋았는데 바구니가 찌그러져 있었네요,5,1,긍정
koso*****,2020-10-22T12:02:58.474+00:00,자전거: 01.삼천리 카라 / 컬러: 다크민트,배송빠르구요 조립이 쉬워 여자도 할수있어요 초등학생이타기적합하네요,5,1,긍정
sh19***,2020-11-23T00:55:54.558+00:00,자전거: 01.삼천리 카라 / 컬러: 다크민트,선물용으로 샀는데 좋아요,5,2,부정
sh19***,2020-11-23T00:55:40.568+00:00,자전거: 01.삼천리 카라 / 컬러: 다크블루,선물용으로 샀는데 좋아요,5,1,긍정
zkxm********,2020-11-23T07:46:32.801+00:00,자전거: 01.삼천리 카라 / 컬러: 다크블루(바구니포함),전체조립에 불편함 없음,5,1,부정
yoki****,2020-11-06T06:38:15.217+00:00,자전거: 01.삼천리 카라 / 컬러: 다크민트(바구니포함),너무 이쁘고 튼튼하네요.,5,1,부정
jsyk******,2020-11-04T02:58:53.279+00:00,자전거: 01.삼천리 카라 / 컬러: 다크블루,가까운거리 이동용으로 잘사용하고 있습니다,4,1,긍정
berl******,2020-11-21T12:11:59.950+00:00,자전거: 02.삼천리 메이비20 / 컬러: 라이트핑크(바구니포함),튼튼하고 아이가 너무좋아해요,5,1,긍정
iamc********,2020-11-11T09:17:07.096+00:00,자전거: 01.삼천리 카라 / 컬러: 다크민트,"조금 뭐거운것빼곤 좋아요.
이쁘고요.
그래서 그런지 한달도 안되 도둑맞았어요.-.-",5,1,긍정
cjst*******,2020-10-29T14:00:10.384+00:00,자전거: 01.삼천리 카라 / 컬러: 다크블루(바구니포함),"생각보다 사이즈가 작았고 너무 예뻤어요.
접는방법은 따로 안내가 되어있지 않았고 타이어공기넣는게 잘 안되서 좀 걱정이긴해요",4,1,긍정
chul******,2020-10-09T07:24:48.647+00:00,자전거: 02.삼천리 메이비20 / 컬러: 라이트핑크,"이뻐요 딸이엄청좋아해요
튼튼하고가성비최고예요 후기에 긁히거나 그런거 있다고해서 걱정했는데 좋은제풍보내주셨어요",3,1,긍정
aeja****,2020-10-15T07:47:13.106+00:00,자전거: 03.삼천리 화이트라벨 / 컬러: 화이트,"조립하기 간단하고
아이부터 어른까지 잔 탈수있어 좋아요~
선택옵션 바구니는 조금 약한거같아요
자전거는 아주 만족합니다",5,1,부정
kbj2***,2020-11-24T02:42:45.452+00:00,자전거: 01.삼천리 카라 / 컬러: 다크블루(바구니포함),"삼社리자전거 3000리자전거
접이식기술   
20인치성인용 자전거입니다",5,1,긍정
ym****,2020-10-20T15:42:09.830+00:00,자전거: 01.삼천리 카라 / 컬러: 다크블루,튼튼하고 예쁘고 좋아요. 반 딱 접어서 베란다에 놓기도 좋고요. 아이가 엉덩이도 안 아프고 좋다고 하네요,5,1,부정
jenu****,2020-10-12T05:08:55.498+00:00,자전거: 03.삼천리 화이트라벨 / 컬러: 블랙,"화이트라벨 검정색으로 샀어요!!
제가 집에 없는 사이 동생이 조립해놨는데 
크게 어려운 부분은 없었다고 하네요
뒷바퀴 바람이 좀 없는 상태라 직접 넣었어요
사은품으로 주신 앞라이트랑 미니벨도 잘 끼웠습니다
많이 파세요!",5,1,긍정
pks0*****,2020-11-02T06:47:57.490+00:00,자전거: 01.삼천리 카라 / 컬러: 다크블루,일단 자전거 표면이 배송중에 조금 까져서 왔어요...전화응대도 잘해주시고 사은품도 좋았구요...자전거도 아이들이 좋아라하고..추천합니다. ~~,5,1,부정
teah******,2020-10-15T09:08:26.030+00:00,자전거: 03.삼천리 화이트라벨 / 컬러: 화이트,아이가 기분좋게 타네요. 사이즈도 좋고 차에 접어서 실을수 있어서 좋아요~~~,5,1,긍정
hsma*******,2020-10-14T08:13:28.787+00:00,자전거: 01.삼천리 카라 / 컬러: 다크블루,"아이 생일선물로 구매했어요. 배송 빠르네요.
조립은 아빠가 했는데,  설명서 보고 금방했어요. 아이가 바로 타고싶다고. 좋아해요~~",4,1,부정
iavr******,2020-09-22T14:08:16.699+00:00,자전거: 01.삼천리 카라 / 컬러: 다크블루,제품 불량도 없고 색이 예쁘네요~! 조립도 쉬습니다ㅎㅎ 가격대비 완전 만족이에요!! 날 추워지기전에 많이 타야겠어요~ (바구니대신 가죽가방 달았는데 더 예뻐요!! 손잡이 가운데 부분때문에 가운데 뒷부분은 다 긁히지만..ㅠㅠ),5,1,긍정
fict*****,2020-10-10T00:18:00.199+00:00,자전거: 01.삼천리 카라 / 컬러: 다크블루,"초2 작은 아이라, 고민 많이 했는데, 조금 핸들이 멀고 높긴 하지만, 잘 적응해서 타네요. 차에 싣고 다니기 좋은점 생각하면, 아이도 금방 클테니까 괜찮은 선택이었다고 봅니다. 근데 일양택배는 좀 오래걸렸네요.",5,1,부정
gkxm******,2020-11-04T07:03:02.126+00:00,자전거: 01.삼천리 카라 / 컬러: 다크블루(바구니포함),잘받앗습니다. 감사합니다,5,1,긍정
wlsw*****,2020-11-11T17:06:25.385+00:00,자전거: 01.삼천리 카라 / 컬러: 다크블루(바구니포함),배송도 안전하게 잘 해주시고 조립도 쉽고 저렴해서 기분 좋은 선물입니다,5,1,긍정
na51****,2020-10-14T06:29:56.923+00:00,자전거: 02.삼천리 메이비20 / 컬러: 라이트핑크,잘타고 다니고 있어요~^^  아이가 너무좋아해서 매일매일탑니다  코로나때문에  확찐자인데  정말좋네요~,5,1,긍정
ca****,2020-11-08T23:07:27.894+00:00,자전거: 01.삼천리 카라 / 컬러: 다크블루(바구니포함),실제로 보는 색감이 더 예쁘네요 ㅎㅎ 아이 태울려고 샀는데 저도 타도될거같아요 ㅎㅎ,5,1,긍정
rmsl****,2020-11-17T23:10:18.683+00:00,자전거: 01.삼천리 카라 / 컬러: 다크블루(바구니포함),무세는 조금있습니다 아들이 많이좋아하네요 8살입니다,5,1,부정
hyun****,2020-11-02T07:36:23.503+00:00,자전거: 01.삼천리 카라 / 컬러: 다크블루(바구니포함),잘받았습니다. 자전거 조립은 그리 어렵지 않은데 보조바퀴는 제힘으로 안되서 삼천리 자전거 대리점 가서 5000원 주고 조립했네요. 프라이드 5도어 인데 트렁크에 간신히 들어가네요.,5,1,긍정
100k****,2020-10-12T03:12:35.821+00:00,자전거: 03.삼천리 화이트라벨 / 컬러: 화이트,"저는 조립이 좀 어려웠어요 ㅜㅜ
그런데 손잡이가 휘어진게 원래 그런건줄 알았는
아닌것 같네요
여자어른은 탈수가 없네요
넘 가까워서
그리고 바퀴도 쫌 불안하게 생겼어요
얇아서",3,1,부정
onew****,2020-09-11T07:03:05.522+00:00,자전거: 01.삼천리 카라 / 컬러: 다크블루,배송은 이틀 걸렸어요! 따릉이 보다 조금 더 작은 크기예요 조립할 때 약간 헤맸지만 그리 어렵지는 않습니다~ 산 이후로 매일 타고 있어요 생각보다 무겁지만 너무 귀엽고 예뻐서 괜찮습니다 ㅎㅎ,5,1,부정
cjst*****,2020-10-10T05:36:34.014+00:00,자전거: 03.삼천리 화이트라벨 / 컬러: 화이트,핸들 조립 동영상 첨부한거보고 바로 했고 간단한 브레이크 작동되는지 보고 탔는데 넘 좋았어요!!! 맨날 타는거 아니라 가격도 적당한 것 같고 나중에 한 대 더 구매하려구요,5,1,부정
20se****,2020-10-08T07:09:33.790+00:00,자전거: 03.삼천리 화이트라벨 / 컬러: 화이트,"추석이 있어서 예상보다 쬐금 늦어졌지만 상품은 만족합니다.  사이즈 조절도 되고.. 튼튼한거 같습니다.
디자인도 색상도 맘에 듭니다..",5,1,부정
jjan*****,2020-10-23T04:01:50.525+00:00,자전거: 02.삼천리 메이비20 / 컬러: 민트,간편한조립과 여자애들이 타기 딱 좋아요,5,1,부정
love********,2020-09-27T09:55:47.066+00:00,자전거: 03.삼천리 화이트라벨 / 컬러: 화이트,"디자인이 깔끔하고 너무 좋습니다~ 
사은품으로 주신 미니벨과 후레쉬도 잘 되어요! 다만... 이건 90% 조립이 된 상태라 셀프 조립하려고 했는데 설명서가 없어서 당황스러웠습니다..!! 유튜브에 검색해서 완성은 했고 바로 타보았는데 잘 움직입니다~ 안장은 딱딱해서 교체하려구요!",4,1,긍정
any0***,2020-10-10T05:33:44.696+00:00,자전거: 03.삼천리 화이트라벨 / 컬러: 화이트,"아들 타려고 샀는데 조립도 쉽고 모양도 이쁘네요.
추가로산 안장도 폭신해서 좋습니다.",5,1,긍정
mida******,2020-11-22T09:00:59.808+00:00,자전거: 02.삼천리 메이비20 / 컬러: 라이트핑크,튼튼하고 아이가 너무 잘 타요.,5,1,부정
illk*****,2020-10-28T02:43:29.533+00:00,,배송도 빠르고 제품도 문제없이 잘 도착했습니다~,5,1,긍정
yh05****,2020-10-28T09:28:56.063+00:00,자전거: 03.삼천리 화이트라벨 / 컬러: 화이트,배송 엄청 빠르고 조립도 간편하네요 좋아요,5,1,부정
vgtd****,2020-10-11T10:08:21.870+00:00,자전거: 01.삼천리 카라 / 컬러: 다크민트,"자전거가 처음 조립이 어렵네요.
 핸들 끼워넣을때 위에꺼 돌려가면서 넣어야되는거였네요. 왼쪽 브레이크가 약하긴 하지만 만족합니다",5,1,긍정
hyun********,2020-11-22T03:22:03.199+00:00,자전거: 01.삼천리 카라 / 컬러: 다크민트(바구니포함),너무 예쁘고 아이가 좋아하네요^^,5,1,긍정
qusw****,2020-10-30T03:14:55.033+00:00,자전거: 02.삼천리 메이비20 / 컬러: 민트(바구니포함),큰아이쓰게 샀는데 아주좋아하더라구요.,5,1,부정
naom****,2020-10-16T11:20:23.600+00:00,자전거: 02.삼천리 메이비20 / 컬러: 라이트핑크,"옥천물류센터에서 오래 머물러있는것처럼조회가 되어 많이 답답했어요
어찌되었건 오늘 도착해서 도착하자마자 바로 조립했어요 예뻐요",5,1,부정
yeso*****,2020-09-21T08:26:54.883+00:00,자전거: 01.삼천리 카라 / 컬러: 다크블루,"키148이고, 사이즈 딱 좋습니다~~
같이 오는줄 모르고, 라이트를 따로사서 ㅋㅋ
그냥 두개 달고 다녀요ㅋㅋ
바구니가 조금 허술하지만 물이랑 지갑 등등 넣기 딱 좋아요!! 저렴하게 잘 산 듯 합니다!",5,1,긍정
jjan*****,2020-10-23T04:00:30.106+00:00,자전거: 02.삼천리 메이비20 / 컬러: 라이트핑크,간편한 조립과 깔끔하게 잘 받았습니다,5,1,긍정
hj78****,2020-10-15T12:00:37.118+00:00,자전거: 01.삼천리 카라 / 컬러: 다크블루,잘받았습니다 색이 예뻐요 아직 밖에서 안타봐서 어떤진 모르겠네요,5,1,부정
kapp****,2020-11-22T11:16:10.213+00:00,자전거: 01.삼천리 카라 / 컬러: 다크민트,정말가격대비 굿입니다.,4,1,부정
love****,2020-10-19T15:21:23.284+00:00,자전거: 02.삼천리 메이비20 / 컬러: 라이트핑크,"매일 타고 다녀요
두발성공해서 너무좋아해요
접이식이라 차에 싣기도 좋네요",5,1,부정
ly****,2020-10-13T10:18:30.034+00:00,자전거: 03.삼천리 화이트라벨 / 컬러: 화이트,조립 설명서가 없어서 좀 헤맸지만 싸게 잘 산거같아요 다만 바퀴가 작아서그런지 체인조정해도 힘들어서 오르막길은 그냥 내려서 걸어올라가요 ㅠ 그리고 바구니가 너무 허술해요 ...좀 덜컹거리는 길에서 탈때 바구니가 빠질거같아요... 그리고 앞바퀴에서 계속 끼익소리가 나는데 어떻게해야하나요 ?? 그냥 타도 괜찮은 것인지..?? 브레이크를 잡을때도 소리가 끼익거립니다 그냥 평지에서 타기는 좋아요,3,1,부정
ari1***,2020-10-12T04:54:28.888+00:00,자전거: 03.삼천리 화이트라벨 / 컬러: 화이트,초3 남자아이 쓰는데 좋아요. 두발 처음 타는데금새 잘 타요. 접이식이라 공간 많이 차지 않하고 가격대비 잘 산것 같아요.,5,1,긍정
aeja****,2020-10-19T04:34:11.027+00:00,자전거: 03.삼천리 화이트라벨 / 컬러: 화이트,"조립간단하게 할수있어 좋아요~
디자인 예쁘고튼튼합니다~^^",5,1,긍정
lee2******,2020-10-12T03:05:51.657+00:00,자전거: 02.삼천리 메이비20 / 컬러: 민트,"사이즈가 작아서 엘리베이터에 들어가서 유동하기 좋은것 같아요
오르막길 올라갈땐 그냥 내려서 끌고 가야합니다
30도정도 되는 경사도 그냥 포기하고 끌고 갑니다
디자인은 상큼해요",4,1,부정
pd10***,2020-09-25T23:18:21.864+00:00,자전거: 03.삼천리 화이트라벨 / 컬러: 화이트,우선은 디자인이 넘예뻐요. 집에 있는 20만원대의 자전거와 비교해보니 거치대랑 기어 넣는 부분이 다르네요. 저렴한 가격에 잘샀고 무게가 있긴하지만 성인여자가 휘청거릴 정도는 아니네요. 조립하는 부분은 남편이 해줬는데 동영상 보고 10분내에 했던것 같아요. 조립하는거는 앞바퀴에 달려있었어요. 바퀴에 흙이 살짝 묻어있는건 시운전해보셔서 그런거겠죠?,4,1,부정
spab***,2020-10-11T03:38:10.185+00:00,자전거: 01.삼천리 카라 / 컬러: 다크블루,7살 125/31키로예요 잘 타네요 ~^^,5,1,부정
name****,2020-11-11T21:11:02.713+00:00,자전거: 01.삼천리 카라 / 컬러: 다크블루,"초등생이 사용하기 좋은거같아요
색도 이쁘네요",5,1,긍정
9560****,2020-10-22T00:02:56.169+00:00,자전거: 01.삼천리 카라 / 컬러: 다크민트(바구니포함),"7세 아이가 탈려구요
키는 123이고 발은 딱 닿네요 ㅎㅎ
너무 좋아해요",5,1,부정
heeh******,2020-09-12T07:48:01.747+00:00,자전거: 01.삼천리 카라 / 컬러: 다크블루,"뒷바퀴 보호?  뭐그거 삐뚤어져서 왓어요.
자전거는 튼튼하니좋아요.
근데 조립설명서가 없어서 유투브찾아서 힘들게 조립했네요. 바구니는... 너무달랑달랑ㅜㅜ 꽂기만 하는거더라구요.고정이 되는 부분은 있는데 연결할수있는 그무언가가없어서 그냥 달랑거려요 금방빠질것같아요. 저렴한가격에 잘샀네요.",4,1,부정
dltj********,2020-10-10T12:15:12.565+00:00,자전거: 03.삼천리 화이트라벨 / 컬러: 블랙,만족합니다요  안장만 푹시하믄조켔어요,4,1,긍정
fpah****,2020-10-19T01:19:14.588+00:00,자전거: 02.삼천리 메이비20 / 컬러: 라이트핑크,색깔 너무 예뻐요! 조립도 어렵지 않게 했습니당,5,1,긍정
soul********,2020-11-20T15:24:36.282+00:00,자전거: 02.삼천리 메이비20 / 컬러: 라이트핑크(바구니포함),좋습니다. 애가 좋아하네요.,5,1,긍정
kph3***,2020-10-30T05:54:36.089+00:00,자전거: 03.삼천리 화이트라벨 / 컬러: 화이트,만족만족 조립방법도 좋구 좋네요,5,1,부정
hyer****,2020-10-17T04:20:45.849+00:00,자전거: 01.삼천리 카라 / 컬러: 다크블루,배송도빠르고 저렴하고 마실용으로 딱이에요!!!!!! 디자인도이쁘고 바구니까지 마실용으로 추천!!!!!!!!,5,1,부정
roll********,2020-09-10T02:29:44.980+00:00,자전거: 03.삼천리 화이트라벨 / 컬러: 화이트,핸들만 조립하면 뭐 할게없이 되어있네요 제품도 짱짱하고 이쁘기도하네요 배송 2틀 걸렷으니 참고하시고 별하나 빠진건 뽑기운인가요 하자인가요 안장에 주름이 갈라저있네요 많이 아쉽네요..안장 아니면 완벽했을텐데..,4,1,긍정
yoge******,2020-09-29T16:53:13.482+00:00,자전거: 01.삼천리 카라 / 컬러: 다크블루,20인치가 따릉이정도 크기인줄 알았더니 훨씬 작더라고요~! 크기 잘 확인하고 사셔야될거같아요 그래도 싼맛에 잘 타는중입니다! 배달도 빠르고 답변도 잘해주셔서 좋았어요 굳굳쓰~,4,1,긍정
jey0***,2020-10-15T08:11:54.050+00:00,자전거: 02.삼천리 메이비20 / 컬러: 민트,9살 딸아이가 탈려고 주문했어요 색상도 이쁘고 조립도 많이어렵지않아 좋네요,5,1,부정
eo****,2020-09-09T09:51:17.857+00:00,자전거: 03.삼천리 화이트라벨 / 컬러: 화이트,"주문 하루지나고 바로 받아볼수 있었어요. 동영상보고 조립하는게 어려운건 아닌데... 여자힘으로 혼자하는 건 힘들었어요. 누가 잡아주면 몰라도요. 
디자인도 예쁘고 좋은데 안장이 눌려있네요. 이건 교환요청을 하던지 히야 할듯해요.",4,1,부정
nulm******,2020-09-19T17:08:31.192+00:00,자전거: 01.삼천리 카라 / 컬러: 다크블루,"그 전에도 삼천리 접이식 자전거 타서 온라인으로 구매 했습니다
색상은 사진과 같이 무난하고 이쁘네요
그런데 바구니는 탈부착이 너무 잘되서 그냥 누가 가져 가도 그려려니 해야 할 정도?
그리고 앞에 손잡이 부분의 가 로 넓이가 좁이서 좀 불편합니다.그래서 역시 자전거는 싸다고 덜컥 주문 하면 안되나 봅니다..
익숙해 지길 바라며..그냥 싼 맛에 타는 자전거라 보심 될 듯요ㅜㅜ",3,1,부정
94da****,2020-09-20T13:54:22.531+00:00,자전거: 01.삼천리 카라 / 컬러: 다크민트,이쁘게 잘 왔어용 다만 공구나 조립에 익숙하지 않은분 힘 약한분은 조립이 좀 오래걸려요.. 설명서 같은건 특별히 친절하진 않아서 유튜브 찾아보면서 했어요. 대신 톡톡으로 문의 남기면 친절히 알려주셔요. 정말 감사했습니다. 사진은 바구니 꽂기 전입니당,5,1,긍정
jujw****,2020-09-23T10:03:38.122+00:00,자전거: 03.삼천리 화이트라벨 / 컬러: 화이트,"자전거 조립 설명이 좀 부족해서 헤맸지만 그래도 성공했어요! 자전거 깔끔하니 이쁘네요~사진이랑 똑같아요 만족만족! 빠른배송 감사합니다! 근데 안장이 너무 불편하네요,,돈주고 바꿔야겠어요ㅜㅜ 여튼 번창하세요~~",4,1,긍정
kais******,2020-10-13T02:56:50.378+00:00,자전거: 02.삼천리 메이비20 / 컬러: 민트,"상품 넘 잘받았습니다.
조카가 자전거  이쁘고 좋다고 넘 좋아하네요.
많이 파시고  부자 되세요.",5,1,부정
a732***,2020-10-28T04:37:31.261+00:00,자전거: 03.삼천리 화이트라벨 / 컬러: 화이트,실물로 보니 더 맘에 드네요,5,1,부정
mp****,2020-11-08T08:54:19.694+00:00,자전거: 02.삼천리 메이비20 / 컬러: 라이트핑크(바구니포함),"최고 좋아요 아이들에게 딱 완전좋음
초5,초3,초2  모두딱 좋음",5,1,부정
them*******,2020-11-03T03:49:05.895+00:00,자전거: 01.삼천리 카라 / 컬러: 다크민트,"색깔이 이쁘고 여자 초등생들이 타기에 좋아요..
아이가 맘에 들어하고 조금 무겁긴 해요..",4,1,부정
to****,2020-10-17T00:31:11.586+00:00,자전거: 01.삼천리 카라 / 컬러: 다크블루,"자전거는 빠르게 왔는데 일부부속이 누락되서 늦었네요
응대는 빠릅니다",4,1,긍정
feel******,2020-09-27T04:03:45.298+00:00,자전거: 03.삼천리 화이트라벨 / 컬러: 블랙,"주문하고 다음날 자전거 바로 왔어요
배송도 빠르고 자전거도 정말 예뻐요
조립이 의외로 간단해서 조립하고 바로 탔어요
화이트 라벨 색깔별로 산건데 너무 귀엽고 예뻐요
잘 탈게요",5,1,부정
g_****,2020-09-25T04:27:04.257+00:00,자전거: 02.삼천리 메이비20 / 컬러: 민트,"신속하게 안전하게 보내주셔서 감사합니다.
조립은 어렵지 않지만 밴드로 고정돼있는걸 모르고 힘을 썼네요... 밴드 풀고는 금방 조립했습니다ㅎ
키가 130cm 정도인데 사이즈 잘 맞아요.
의자랑 핸들 올리면 커서도 충분히 탈 수 있겠어요~!
색이 예뻐서 좋아요.",5,1,부정
sexy******,2020-10-09T07:18:10.392+00:00,자전거: 01.삼천리 카라 / 컬러: 다크블루,너무너무예쁘네요 11살딸 너무 좋아해요 합리적가격에 정말잘구매했습니다,5,1,긍정
ha****,2020-11-11T03:08:07.073+00:00,자전거: 02.삼천리 메이비20 / 컬러: 라이트핑크,정말좋아요 아이가 좋아해요,5,1,긍정
ttun****,2020-11-21T08:16:17.018+00:00,자전거: 01.삼천리 카라 / 컬러: 다크블루(바구니포함),물건이 좋습니다ㅎㅎ,5,1,긍정
lsh9***,2020-10-14T01:20:29.634+00:00,자전거: 03.삼천리 화이트라벨 / 컬러: 화이트,남성용인거 같아요.. 안장이 너무 불편해요 그래도 디자인은 예쁩니다!,3,1,부정
ansm****,2020-10-14T07:55:56.866+00:00,자전거: 03.삼천리 화이트라벨 / 컬러: 블랙,"정말 가격대비 최고입니다.
아이들도 좋아합니다.
일단 더타보고 한대더 추가구매할예정입니다.",5,1,긍정
wl****,2020-10-09T04:47:14.952+00:00,자전거: 01.삼천리 카라 / 컬러: 다크블루,디자인 예쁘고 접어지니 차에 실을 수도 있고ㅋ넘좋아용ㅋ딸아이 선물로 산건데 제가 신나서 탔네요ㅋㅋ,5,1,부정
yd****,2020-10-15T11:02:00.422+00:00,자전거: 01.삼천리 카라 / 컬러: 다크블루,편하고 예쁘고 좋아요,4,1,부정
tidd****,2020-10-15T08:22:51.341+00:00,자전거: 01.삼천리 카라 / 컬러: 다크민트,배송도빠르고무엇보다안전하게잘왔어용  아이가넘좋아하네요,5,1,긍정
spir*****,2020-09-28T03:59:42.363+00:00,자전거: 01.삼천리 카라 / 컬러: 다크블루,"핸들 꼿기 너무 어려웠어요 무작정 힘으로 해야하니 ..설치동영상도 없고요  갱신히 했답니다 자전거는 예뻐요 보조바퀴다느라 자전거 가게갔는데 연장으로  너트만 빼고 넣는것만해주고 나머진 저희가 ...2대해서 5000원 받더라고요 
자전거 움직일땐 보조바퀴 한쪽만 닿는데 판매자님이 정상이라고 하시더라요",3,1,긍정
atta****,2020-11-16T23:36:10.444+00:00,,조립도 쉽게 잘되왔고 아주 잘타고있습니다.,5,1,부정
5266***,2020-10-20T13:28:33.301+00:00,자전거: 01.삼천리 카라 / 컬러: 다크민트,고르고골라 결정한만큼 조립완벽하고 좋습니다,5,1,긍정
gago****,2020-10-11T22:55:56.464+00:00,자전거: 02.삼천리 메이비20 / 컬러: 라이트핑크,"생각보다 예뻐요~
아이한테 좀 크긴 하지만 안장 낮추고타니 좋네요^^",5,1,긍정
sek1***,2020-10-20T07:32:41.007+00:00,자전거: 02.삼천리 메이비20 / 컬러: 라이트핑크,"예뻐요
근데 이직핸들하고안장을 제대로못껴서 샵가서 해달라고하려구요!",5,1,부정
fofa***,2020-10-19T07:09:53.376+00:00,자전거: 02.삼천리 메이비20 / 컬러: 민트,가격대는 만족하나 무게와 기어가 너무 뻑뻑해서 아이가 돌리기 힘드네요,4,1,긍정
hyo0***,2020-10-05T08:04:58.017+00:00,자전거: 01.삼천리 카라 / 컬러: 다크블루,"아이가 너무 마음에 들어하네요
무겁긴한데ㅜㅜ 
그래서 튼튼한가도 싶고요^^

여튼,조립도 생각보다 쉬웠고요
배송도 빨랐습니다",5,1,부정
bi93***,2020-10-10T13:37:03.233+00:00,자전거: 01.삼천리 카라 / 컬러: 다크블루,가성비 갑입니다. 디자인은 이쁜데 구석구석 원가절감형인게 티나네요. 그래도 애들용으로는 그만인것 같아요,5,1,긍정
chul******,2020-10-09T07:26:17.223+00:00,자전거: 01.삼천리 카라 / 컬러: 다크블루,"색상이진네이비랑 크리아이보리 조화가 넘이뻐요
제품도하자없는상품보내주고우리아들잘타고 너무좋아해요",4,1,부정
thes****,2020-11-06T03:56:37.891+00:00,자전거: 01.삼천리 카라 / 컬러: 다크블루(바구니포함),사진으로 본 거랑 똑같네요 바구니도 달려있고 마음에 들어요.,5,1,부정
dydw*****,2020-11-12T01:26:13.897+00:00,자전거: 01.삼천리 카라 / 컬러: 다크블루(바구니포함),어머니가 자전거배운다고 구매했는데 만족해요,5,1,긍정
hyer****,2020-11-16T15:14:43.184+00:00,자전거: 01.삼천리 카라 / 컬러: 다크블루,좋아요 ㅎㅎ좋네용ㅋㅋ,5,1,부정
prel*****,2020-11-13T10:54:13.673+00:00,자전거: 01.삼천리 카라 / 컬러: 다크블루(바구니포함),"자전거도 좋고, 배송상태도 좋았어요",5,1,부정
hyun***,2020-11-11T07:39:48.987+00:00,자전거: 01.삼천리 카라 / 컬러: 다크블루(바구니포함),조카가 너무좋아하네요 감사합니다,5,1,긍정
yh****,2020-10-29T03:01:27.094+00:00,자전거: 02.삼천리 메이비20 / 컬러: 민트(바구니포함),"배송도 빠르고 제품도 기대이상으로 좋고
서비스도 깔끔하고
여러모로 질 좋은 제품을 선택하여
구매하기 잘했다는 생각이네요.
감사합ㄴ다.",5,1,부정
aj****,2020-09-28T12:16:53.847+00:00,자전거: 01.삼천리 카라 / 컬러: 다크블루,아이들이나 저처럼 자전거 초보 여자들에게 딱 좋은 자전거입니다. 조금 작아보이고 무겁긴 하지만 가성비 좋습니다. 그리고 우리남편이 조립해줬는데 엄청 쉽대요. 그리고 접이식이라 승용차 트렁크에도 들어가요.,5,1,긍정
heli***,2020-10-13T08:41:51.152+00:00,자전거: 02.삼천리 메이비20 / 컬러: 라이트핑크,"색상이 실제가 더 이쁘네요. 딸이 아주 좋아해요.
10세 135cm 여아에게 잘 맞습니다",5,1,긍정
sala****,2020-10-11T12:39:58.106+00:00,자전거: 02.삼천리 메이비20 / 컬러: 라이트핑크,너무예쁘고 아이가 좋아해요 자전거대리점가서 조율하고 타니 안전하고 좋아요,4,1,부정
bono****,2020-10-09T04:12:35.152+00:00,자전거: 02.삼천리 메이비20 / 컬러: 민트,"8살 아이가 아주 만족스러워 합니다 
네발 자전거 졸업 기념으로 장만했어요
색상은 민트색 예뻐요 ㅎㅎ",5,1,긍정
sdre******,2020-09-27T13:16:02.439+00:00,자전거: 01.삼천리 카라 / 컬러: 다크블루,괜찮아요! 초1 아들이 아주 좋아합니다 키가 127인데도 잘타고 심지어  5살 동생도 뒤에 태우고 잘 다닙니다. 다만 완전조립이 아니라 튜닝이 좀 필요합니다. 저도 7단기어가 안들어가서 집앞 삼천리 자전거에가서 만원주고 간단하게 튜닝받았습니다.,4,1,긍정
llze******,2020-10-15T12:53:33.059+00:00,자전거: 02.삼천리 메이비20 / 컬러: 라이트핑크,안전하게 포장되어 왔습니다. 여자혼자서도 조립 가능하네요~,5,1,긍정
algm*****,2020-10-15T10:07:33.574+00:00,자전거: 01.카라 / 컬러: 다크민트,"접이식이라 승용차트렁크에 잘실리고
색상이이뻐 아이가 너무 좋아해요",5,1,부정
ghwn*****,2020-11-16T03:52:45.142+00:00,자전거: 03.삼천리 화이트라벨 / 컬러: 화이트,1~2달 남짓타면서 300킬로 정도 탔는데 문제 1도 없어요,5,1,긍정
barb*******,2020-10-23T13:54:23.938+00:00,자전거: 02.삼천리 메이비20 / 컬러: 민트,"갬성갬성 터집니다 민트진짜 너무이뻐요
저는 90프로 조립이었는데 힘들었어요
조립영상있었으면 좋겠어요
조립할일이 있어야지요",5,1,부정
qwer******,2020-10-30T10:41:07.983+00:00,자전거: 01.삼천리 카라 / 컬러: 다크블루,포장잘되서 왔구요 날씨가 갑자기 추워져서 많이 못탔지만 튼튼하고 좋습니다,5,1,긍정
saer****,2020-10-13T02:26:06.846+00:00,자전거: 02.삼천리 메이비20 / 컬러: 라이트핑크,"아이가좋아하네요.
명절이 겹쳐서 배송이 좀 꼬였지만 만족합니다",5,1,긍정
yh****,2020-09-25T03:35:12.941+00:00,자전거: 01.삼천리 카라 / 컬러: 다크민트,초등2학년딸한테클꺼봐 걱정했는데 적응하니 너무잘타고 크기도적당하고 좋아요~~딸도 좋아해요 진작사줄껄하는생각이들어요~~127센티 30킬로 참고하세요^^,3,1,부정
da****,2020-10-28T11:36:29.419+00:00,자전거: 03.삼천리 화이트라벨 / 컬러: 화이트,어렵지않게조립잘되네요,5,1,부정
shak********,2020-10-27T13:39:10.251+00:00,자전거: 03.삼천리 화이트라벨 / 컬러: 화이트,포징 잘 되어서 깔끔하게 왔네요,5,1,긍정
pakn***,2020-10-19T05:28:41.928+00:00,자전거: 02.삼천리 메이비20 / 컬러: 민트,"배송빠르고...나사 빠진것 다시보내주시고
역시 삼천리께 이쁘고 좋아용",5,1,부정
aneo****,2020-10-10T08:49:48.213+00:00,자전거: 01.삼천리 카라 / 컬러: 다크민트,"우리 아이가 좋아하네요..
그런데 미세한 마감은 부족한데 가격대비 만족합니다.",4,1,긍정
icar****,2020-11-01T03:58:55.973+00:00,자전거: 01.삼천리 카라 / 컬러: 다크민트(바구니포함),"빠르게잘 받았습니다.
생각했던 딱 그대로네요~ 
물통거치대를 따로 달았네요. 잘쓸게요.",5,1,부정
herb******,2020-10-12T12:28:22.152+00:00,자전거: 01.삼천리 카라 / 컬러: 다크블루,저희애들은 쌍둥이 9살 남매인데요 키가 커져서 예전 자전거가 낡기도 낡았고 비오는데ㅜ그냥 나뒀더니 녹이 슬어서... 바꿔줬더니 너무 좋아해요 라이트랑 따릉이  자전거 바구니까지 같이오는 옵션도 너무 좋고 여자인 제가 조립했는데 별 무리 없이했어요 감사합니다,4,1,긍정
stry*****,2020-08-26T13:16:41.000+00:00,자전거: 01.카라 / 컬러: 다크블루,"벌써 한달이 넘었네요 초3. 둘째 아이의 소중한 친구가 되었네요 이제는 몸에 완전 익숙해졌구요
또 최근 코로나로 외부활동이 어려운가운데 그래도 평일 오후늦은시간 한적한 공원을 찾아 자전거를 타고는 합니다. 집안에만있는 아이들에게 자전거는 운동도 되고 스트레스해소에 큰 역할을 하는것 같습니다.
삼천리의 미니밸로 반으로 딱 접어져 차에 실기도 편리하고 아이들 성장에 맞춰 높이 조절등이 편리해서 너무 좋습니다. 특별한 하자는 아직까지 없구요. 초등생 자전거 사셔야 하신다면 적극 추천합니다^^",5,1,긍정
fffj******,2020-10-12T02:57:58.041+00:00,자전거: 02.삼천리 메이비20 / 컬러: 민트,배송도 아주빠르고 좋아요 다만 안장이 딱딱해요,5,1,부정
bige******,2020-10-25T22:56:27.984+00:00,자전거: 02.삼천리 메이비20 / 컬러: 라이트핑크(바구니포함),"디자인도 예쁘고 배송도 빨랐어요. 저렴한가격에  예쁜 자전거 구매해서 잘타고 있습니다.
감사합니다.",5,1,부정
saed***,2020-10-26T07:27:10.810+00:00,자전거: 03.삼천리 화이트라벨 / 컬러: 화이트,초등생 아이가 아주잘타고있어요,5,1,긍정
sein****,2020-10-09T16:45:05.469+00:00,자전거: 01.카라 / 컬러: 다크민트,동네 산책용으로 저렴하고 딱 좋아요,5,1,부정
to****,2020-11-15T02:40:55.307+00:00,자전거: 01.삼천리 카라 / 컬러: 다크블루,튼튼하고 접으면 트렁크에 쏙들어가요,5,1,긍정
darr****,2020-10-24T07:27:58.087+00:00,자전거: 01.삼천리 카라 / 컬러: 다크블루,안장을 고정해도 타면 탈수록 조금씩 내려가요,3,1,긍정
hyos*******,2020-10-29T14:37:57.791+00:00,자전거: 03.삼천리 화이트라벨 / 컬러: 화이트,가성비 좋아요 굿굿,5,1,부정
99****,2020-10-22T11:42:37.972+00:00,자전거: 01.삼천리 카라 / 컬러: 다크민트,좀 무거운거 빼고는 튼튼하게 잘타고 있어요 성인여성도 타요~~^^,4,1,부정
aluc*****,2020-09-30T03:09:31.687+00:00,자전거: 02.삼천리 메이비20 / 컬러: 라이트핑크,생가보다 조립하기 쉬웠구요 디자인 이뻐서 아이들이 무척 좋아하네요 브레이크는 처음부터 잘되어서 따로 대리점 방문은 하지 않았구요 이제 아이들이 두발 자전거 적응만 하면 되겠네요~^^,5,2,긍정
aluc*****,2020-09-30T03:07:31.407+00:00,자전거: 02.삼천리 메이비20 / 컬러: 민트,생가보다 조립하기 쉬웠구요 디자인 이뻐서 아이들이 무척 좋아하네요 브레이크는 처음부터 잘되어서 따로 대리점 방문은 하지 않았구요 이제 아이들이 두발 자전거 적응만 하면 되겠네요~^^,5,1,긍정
hihi*****,2020-11-09T23:51:36.641+00:00,자전거: 01.삼천리 카라 / 컬러: 다크민트(바구니포함),바퀴가 좀 작은거 빼고 다 맘에 드네요 ㅋㅋ,5,1,부정
nios***,2020-10-13T10:13:22.289+00:00,자전거: 01.삼천리 카라 / 컬러: 다크블루,"조립도 싶고, 디자인도 이쁘네요.
아이들이 많이 좋아 하네요..
많이 파세요.",4,1,부정
mo****,2020-10-13T07:31:13.013+00:00,자전거: 01.삼천리 카라 / 컬러: 다크민트,가격대비 가성비가 좋은거 같고 생각보다 안정감이 느껴져 사용하는데 만족합니다.,4,1,긍정
twos******,2020-11-10T09:30:15.321+00:00,자전거: 01.삼천리 카라 / 컬러: 다크블루(바구니포함),조립도 간단하고 튼튼한것 같아요.,5,1,긍정
funk****,2020-10-17T05:13:55.559+00:00,자전거: 01.삼천리 카라 / 컬러: 다크블루,깔끔하고 이뻐요. 조립후 조율 받고 잘 타고 있어요.,5,1,긍정
ksu7*****,2020-11-12T11:07:50.906+00:00,자전거: 01.삼천리 카라 / 컬러: 다크민트(바구니포함),"빠른배송. 좋은상품,.",5,1,긍정
goun*****,2020-10-14T13:49:34.386+00:00,자전거: 01.삼천리 카라 / 컬러: 다크블루,조립이 쉽진 않은데 배송도 빠르고 가격대비 좋아요.,5,1,부정
vlft******,2020-10-21T03:13:00.418+00:00,자전거: 01.삼천리 카라 / 컬러: 다크민트,"128센치 8살이에요 
무겁다고는 하는데 잘맞아요~
잘탔어요~~",5,1,부정
8204****,2020-10-15T08:30:02.838+00:00,자전거: 03.삼천리 화이트라벨 / 컬러: 화이트,잘받았어요~담에또주문할게요,3,1,긍정
tofu****,2020-10-09T14:51:17.980+00:00,자전거: 01.삼천리 카라 / 컬러: 다크민트,"아이들이랑 가까운 강가도 다녀오고 
안전하게 잘 이용하고 있습니다 ㅎㅎ 
조만간 자전거 등록 ? 번호 부여 받는것도 하려구요",5,2,긍정
tofu****,2020-10-09T14:50:52.897+00:00,자전거: 01.삼천리 카라 / 컬러: 다크블루,"아이들이랑 가까운 강가도 다녀오고 
안전하게 잘 이용하고 있습니다 ㅎㅎ 
조만간 자전거 등록 ? 번호 부여 받는것도 하려구요",5,1,부정
ssoo****,2020-11-08T02:11:33.799+00:00,자전거: 03.삼천리 화이트라벨 / 컬러: 화이트,배송이 늦었지만 상품은 잘 받았습니다,4,1,부정
si****,2020-11-01T03:02:19.664+00:00,자전거: 03.삼천리 화이트라벨 / 컬러: 화이트,화이트 디자인은 예뻐요.뒷바퀴 조임이 세서 보조바퀴 달다 포기입니다.,4,1,부정
chun*******,2020-09-16T07:50:16.397+00:00,자전거: 02.삼천리 메이비20 / 컬러: 라이트핑크,"최고 너무이뻐요~^^ 택배도 빨리받았어요~^^감사해영
외할머니가사준 딸래미선물 최고.
남편잠자고있어서 저가조립했어요~간단해요~안방.손잡이 바구니만 설치하면끝~설명서없어도 간단하게설치하면되요^^ 잘사용할께요~^^",5,1,긍정
redf******,2020-10-20T10:44:01.726+00:00,자전거: 03.삼천리 화이트라벨 / 컬러: 화이트,조립이좀어려웠지만하고나니넘이뻐요,5,1,긍정
nann****,2020-10-20T13:26:33.552+00:00,자전거: 02.삼천리 메이비20 / 컬러: 라이트핑크,배송도 빠르고 너무 러블리한 자전거에요,5,1,부정
wook****,2020-10-12T04:29:12.121+00:00,자전거: 03.삼천리 화이트라벨 / 컬러: 블랙,배송이 조금늦었어요 다전거는 만족합니다,3,1,부정
lees***,2020-10-01T05:36:35.108+00:00,자전거: 01.삼천리 카라 / 컬러: 다크블루,"자리도 많이 안 차지하고 너무 좋아요! 들고 계단 내려가면 조금 무겁긴한데, 자전거는 조립도 쉽고 탈때 불편함도 크게 없어요.",5,1,부정
sumi******,2020-11-07T11:29:11.612+00:00,자전거: 02.삼천리 메이비20 / 컬러: 라이트핑크,만족합니다부품하나빠지긴햇어도바로보내주셨어요,4,1,부정
real******,2020-11-01T00:31:37.532+00:00,자전거: 03.삼천리 화이트라벨 / 컬러: 화이트,아직 타보진 않았지만 괜찮아보여요. 성인 여자 타기에 안정적입니다.,5,1,부정
50****,2020-11-01T03:56:47.255+00:00,자전거: 01.삼천리 카라 / 컬러: 다크민트,"가격도 디자인도 마음에 들어요
다만 자전가가 많이 무거워요",4,1,부정
worm****,2020-11-14T16:15:51.908+00:00,자전거: 02.삼천리 메이비20 / 컬러: 라이트핑크(바구니포함),아바이 바 있다 오후 있는 것이,5,1,긍정
ye****,2020-10-13T06:43:25.417+00:00,자전거: 01.삼천리 카라 / 컬러: 다크블루,"조립이 쉽고, 디자인이 예쁜편이에요! 
168인 저에게도 딱 맞는 정도고, 마실용으로 사용중인데 적당하네요
근데 자전거를 탈때 계속 잘 안나가서 삼천리 자전거에 AS하러갔더네 브레이크 부부이 애초부터 잘못 조립 되어있어서 브레이크부분을 다시 손봐주셨습니다. 만원정도 들었구요 
이 부분 참고 하셔서 안전하고 즐거운 라이딩 하세요!!",4,1,부정
1tjs***,2020-10-16T00:25:52.585+00:00,자전거: 01.삼천리 카라 / 컬러: 다크블루,"배송도 빠르고 조립도 간단했어요
사진보다 실물이 더 예쁘네요",5,1,긍정
keep******,2020-11-04T04:52:32.490+00:00,자전거: 01.삼천리 카라 / 컬러: 다크민트(바구니포함),배송도 빠르고 친절한 대응이 좋았어요,5,1,긍정
wjdd********,2020-09-23T04:52:08.119+00:00,자전거: 03.삼천리 화이트라벨 / 컬러: 화이트,"외관상 안장 찍힘이랑 긁힘 없었고 조립은 제가
대강 해놓은 상태인데 조립도 쉽고 예뻐요ㅎ 바퀴 돌려서 브레이크 이상 없음도 확인했습니다~
주행은 아직 못해봤는데 저렴한 가격에 잘 산것 같아요 배송은 어제 출고해서 오늘 왔습니다~",5,1,부정
ym****,2020-10-15T10:18:01.420+00:00,자전거: 01.삼천리 카라 / 컬러: 다크블루,"빠른배송 감사합니다
좋은선물됐어요~",5,1,긍정
ekdu*****,2020-09-01T04:18:12.000+00:00,자전거: 03.삼천리 화이트라벨 / 컬러: 화이트,"키가 큰 편이라서 작을 까봐 걱정했는데 생각보다 커서 좋았어요. 조립하는데 설명서를 못찾아서 좀 헤맸지만 30분 정도 걸린것같아요. 이런쪽 잘하는 분들은 10?15분이면 되지않을까 싶네요. 자전거 무게는 여자분들이 들고 다니긴 무거울 것 같아요.
갑자기 재택을 시작해서 당장 타보진 못할것 같지만 너무 기대됩니다. 많이 파세요~
(사용설명서 자전거 어딘가메 매달려 있었어요. 조립자신 없으신 분들은 그걸 찾아보시면 될 것 같아요.)",5,1,부정
lj****,2020-10-11T03:18:48.682+00:00,자전거: 01.삼천리 카라 / 컬러: 다크블루,"아이들 자전거로 꼭필요했는데 아주 좋은가격에 잘산듯합니다
전체적으로 이쁘장합니다. 
사업번창하세요",5,1,부정
skyt*******,2020-10-11T00:46:40.503+00:00,자전거: 01.삼천리 카라 / 컬러: 다크블루,"가볍게 운동하고 타는데는  문제없이 딱 좋아요
지방이라 따릉이 없어  구입해서 잘타고 좋아요",4,1,긍정
qkfk*******,2020-09-22T09:31:12.866+00:00,자전거: 02.삼천리 메이비20 / 컬러: 라이트핑크,"여기서 자전거 사지마세요!!!! 자전거는 자전거전문점 직접가서 타보고사시길요!!!!!!!
자전거 탄지 몇일됬는데 소리가나네요‥끼이이익‥
쇳소리가 그냥 끌고다녀도 소리가나고 기어때문인가해서 기어도돌려봤는데 안되구요
기어에서 나는것같기도하고 페달에서 나는것같기도하구요
쇳소리가 끼이이익 오지게나요 중고를파시는건지 아니 이게 어떻게 10만원이 넘어요? 싼게 빈지떡이라더니ㅡㅡ오르막길은 아예나가지도않네요ㅎ",1,1,부정
min7*****,2020-10-09T06:26:34.613+00:00,자전거: 01.삼천리 카라 / 컬러: 다크블루,아주좋아요 제품도좋고 조립도 편하구요 대박나세요,5,1,긍정
haru******,2020-10-07T10:18:34.687+00:00,자전거: 01.삼천리 카라 / 컬러: 다크블루,배송이 빠르네요 핸들이 너무 흔들려서 가까운 자전거점에 가봐야겠어요... 근데 여자 혼자 자전거 접기 ...하다가 포기했어요..,4,1,긍정
pjm1***,2020-10-20T13:06:32.902+00:00,자전거: 02.삼천리 메이비20 / 컬러: 민트,"맘에듭니다
번창하세요",5,1,긍정
eunj******,2020-10-22T07:02:35.173+00:00,자전거: 02.삼천리 메이비20 / 컬러: 민트,조립도 생각보다 쉽고 색도 예뻐요~,5,1,부정
kej9***,2020-11-09T05:13:13.806+00:00,자전거: 01.삼천리 카라 / 컬러: 다크블루(바구니포함),조립도 너무 쉽고 아이가 좋아하네요,5,1,긍정
b197*****,2020-10-14T05:45:03.682+00:00,자전거: 02.삼천리 메이비20 / 컬러: 민트,"아이가만족 해요 
색상도  예쁘네요",5,1,긍정
yull***,2020-10-11T06:35:01.658+00:00,자전거: 03.삼천리 화이트라벨 / 컬러: 화이트,"딸램 선물로 샀는데
디자인도 이쁘고 너무 마음에 들어요~",5,1,부정
sesl******,2020-10-18T13:48:50.728+00:00,자전거: 01.삼천리 카라 / 컬러: 다크민트,접이식 자전거 좋은 가격에 구입해서 좋네요. .,4,1,부정
hmo1***,2020-10-21T06:54:48.875+00:00,자전거: 03.삼천리 화이트라벨 / 컬러: 블랙,아주 좋음 또 구매하고싶음,5,1,부정
kx****,2020-11-12T12:44:54.690+00:00,자전거: 01.삼천리 카라 / 컬러: 다크민트,다소 무게감이 있지만 튼튼합니다.,4,1,긍정
babb****,2020-11-10T00:50:11.935+00:00,자전거: 01.삼천리 카라 / 컬러: 다크블루,조립도 쉽고 아이가 젛아해여,5,1,부정
daju******,2020-10-19T04:58:41.574+00:00,자전거: 02.삼천리 메이비20 / 컬러: 라이트핑크,배송이 엄청.느렸지만 자전거는 좋네요,4,1,부정
oo****,2020-10-12T00:43:05.739+00:00,자전거: 02.삼천리 메이비20 / 컬러: 민트,"금요일 제품 배송받고 주말에 잘 사용했습니다..
어른이 타기에도 큰 문제없이 가능하더군요..",5,1,긍정
soda***,2020-11-10T03:14:57.550+00:00,자전거: 01.삼천리 카라 / 컬러: 다크민트,선물했는데 좋다고 하십니다,5,1,긍정
kook*****,2020-09-30T15:42:51.914+00:00,자전거: 01.삼천리 카라 / 컬러: 다크블루,"반품교환상담친절히해주시고 
배송도엉청빠르네요
아이가넘좋아해요
초등학생 3학년여아 입니당",5,1,부정
wawa******,2020-11-01T00:56:51.732+00:00,자전거: 03.삼천리 화이트라벨 / 컬러: 화이트,너무너무 좋아요 다음에 또 구매할 꺼예요!,5,1,부정
mp****,2020-11-08T08:55:16.371+00:00,자전거: 01.삼천리 카라 / 컬러: 다크블루(바구니포함),고급스러워보임 엽집아짐 20만원 넘는거보다 좋다고함,5,1,부정
so****,2020-10-12T11:32:55.318+00:00,자전거: 03.삼천리 화이트라벨 / 컬러: 블랙,추석 뒤로 택배사에서 배송이 조금 늦었지만 매장에서 사는것보다 저렴하게 잘 산거 같아요 9살 아들도 혼자 접었다 폈다는 할수있어요 (힘이 조금 셉니다) 승용차라서 트렁크에 실고 다니기 좋아요,4,1,부정
o_****,2020-10-20T05:39:21.977+00:00,자전거: 01.삼천리 카라 / 컬러: 다크민트,잘 받았습니다 조립만 남았네요ㅎ,4,1,부정
ey91****,2020-10-28T09:55:56.914+00:00,자전거: 01.삼천리 카라 / 컬러: 다크블루(바구니포함),초등아이탈려고샀는데사이즈좋고색깔도이뻐요~~튼튼해보이네요^^,5,1,긍정
ekfe****,2020-10-15T10:26:13.007+00:00,자전거: 01.삼천리 카라 / 컬러: 다크블루,좋아요 2학년아들첫자전거에요 ㅋㅋ,5,1,부정
kwyd*****,2020-10-14T14:13:36.052+00:00,자전거: 01.삼천리 카라 / 컬러: 다크민트,삼천리 자전거 짱 좋아요 !! 진리 입니다.,5,1,긍정
chya***,2020-11-07T02:53:39.589+00:00,자전거: 01.삼천리 카라 / 컬러: 다크민트(바구니포함),배송빠르네요번창하세요,5,1,긍정
sin1***,2020-10-16T04:19:19.019+00:00,자전거: 03.삼천리 화이트라벨 / 컬러: 화이트,쉽게 차에 넣어 이동이 가능해요,5,2,부정
sin1***,2020-10-16T04:18:39.877+00:00,자전거: 03.삼천리 화이트라벨 / 컬러: 블랙,쉽게 차에 넣어 이동이 가능해요,5,1,부정
gums***,2020-10-23T12:35:15.789+00:00,자전거: 02.삼천리 메이비20 / 컬러: 라이트핑크,바퀴가 뻑뻑해서 페달 밟기가 힘들었는데 자전거 수리점에서 조절하니 부드럽게 달리네요 무거운거 빼고는 다 좋습니다,4,1,부정
inha*****,2020-09-18T23:51:13.980+00:00,자전거: 01.삼천리 카라 / 컬러: 다크블루,"이제 두발 자전거를 배운 딸에게 선물애줬는데 너무 좋아하네요
이쁘고 사이즈도 딱좋고 오래오래 탈거 같아요",5,1,부정
rose*******,2020-10-10T15:11:10.699+00:00,자전거: 02.삼천리 메이비20 / 컬러: 라이트핑크,포장상태 굿~ 조립 완성해서 주말에 잘 탔어요^^,5,1,부정
ej****,2020-11-06T05:09:26.831+00:00,자전거: 03.삼천리 화이트라벨 / 컬러: 화이트,잘받았습니다 배송도빨라요,5,1,긍정
jooh*****,2020-10-12T01:19:03.191+00:00,자전거: 02.삼천리 메이비20 / 컬러: 라이트핑크,"가성비 좋은 거 같아요.
조립도 거의 다 되어 있었네요",5,1,부정
drea*******,2020-10-17T11:15:59.427+00:00,자전거: 01.삼천리 카라 / 컬러: 다크블루,"목요일 저녁에 주문했는데 토요일에 바로 받았네요~
배송도 빠르고 포장도 꼼꼼하고...
무엇보다 자전거가 너무 예쁘네요.
번창하세요~^^",5,1,긍정
aizz*****,2020-10-15T03:14:22.037+00:00,자전거: 03.삼천리 화이트라벨 / 컬러: 블랙,"배송 안전하게 빨리 잘 왔어요
화면 그대로 이쁘고 튼튼해 보여요 
단 안장이 오래타긴 불편하네요",4,1,부정
pjh1****,2020-10-20T03:08:49.751+00:00,자전거: 01.삼천리 카라 / 컬러: 다크민트,인기많은데는 다 이유가 있네요~~~~,5,1,부정
xray****,2020-09-28T02:13:28.462+00:00,자전거: 01.삼천리 카라 / 컬러: 다크블루,"조립설명서가 잘 안되어 있어 조립이 좀 불편하고 브레이크 패드가 너무 꽉 붙어 있어 그 부분의 조절이 필요한거 말고는 디자인, 색상, 성능 다 맘에 듭니다. 아이가 잘 타네요~ 5학년입니다.",4,1,부정
choi*****,2020-10-09T06:00:45.796+00:00,자전거: 01.삼천리 카라 / 컬러: 다크민트,"10살 여자 아이 인데 핑크는 싫다고 해서 민트로 구매했어요~~
바구니도  있고 타기 편하다네요",5,1,긍정
jyjj******,2020-11-03T13:26:01.748+00:00,자전거: 01.삼천리 카라 / 컬러: 다크블루(바구니포함),너무좋아요~~튼튼하고 예쁘네요,5,1,부정
jung*******,2020-09-27T08:14:27.848+00:00,자전거: 03.삼천리 화이트라벨 / 컬러: 블랙,"블랙 기다렸다가 들어온거 보고 바로 주문완료!
이쁘고 좋아요~^^ 배송도 잘 왔습니다.",5,1,부정
shsw***,2020-10-14T04:57:14.425+00:00,자전거: 03.삼천리 화이트라벨 / 컬러: 블랙,일단 남녀노소 다 탈수 있을정도의 크기고 접이식이라 차 트렁크에 넣을수 있어 좋네요. 조립도 어렵지 않습니다. 남자면 누구나 가능. 1대 더 구매할 예정인데 추천드리고 갑니다.,5,1,긍정
roky*****,2020-10-10T08:59:05.764+00:00,자전거: 03.삼천리 화이트라벨 / 컬러: 블랙,자전거 좋네요. 사자마자 저렇게 타고 놀았답니다.,5,1,부정
theg******,2020-10-15T02:57:42.956+00:00,자전거: 03.삼천리 화이트라벨 / 컬러: 블랙,"진짜 작고 셰련되었어요

건강도 챙기고 출퇴근용으로 딱!!!!",5,1,부정
ael-*******,2020-11-08T10:03:05.543+00:00,자전거: 03.삼천리 화이트라벨 / 컬러: 화이트,조아요 조아요 조아요,5,1,긍정
sung****,2020-10-28T13:00:05.429+00:00,자전거: 03.삼천리 화이트라벨 / 컬러: 화이트,"바구니를 추가 했는데 생각보다 작아서 달지 않았네요
타는데는 무리 없습니다",4,1,긍정
ho****,2020-11-06T05:25:54.767+00:00,자전거: 01.삼천리 카라 / 컬러: 다크민트(바구니포함),빠른 배송과 내용물에 이상없습니다,5,1,긍정
hyp5***,2020-09-25T12:55:42.611+00:00,자전거: 03.삼천리 화이트라벨 / 컬러: 화이트,크기때문에 걱정했는데 성인용으로 타기 딱좋아요 !!!집근처에서 타려고 샀어요 이뻐요^^자전거가 묵직하네요 ㅎㅎ,5,1,긍정
yht0***,2020-09-22T04:16:00.237+00:00,자전거: 01.삼천리 카라 / 컬러: 다크민트,"상품은 만족합니다. 아이가 좋아하기도 하고요. 그런데 조립하고 보니 앞프레이크 라인이 빠져 있던데, 그건 원래 그런건가요? 그거 낀다고 고생했네요...그게 아쉬웠어요",4,1,부정
09****,2020-10-11T03:39:17.745+00:00,자전거: 03.삼천리 화이트라벨 / 컬러: 화이트,"자전거는 괜찮은데요 배송업체를 어떻게 하시냐의 질문에 답변ㅇ 없네요,,, 답변좀 주세요",4,1,긍정
kasn*****,2020-11-06T10:11:08.907+00:00,자전거: 01.삼천리 카라 / 컬러: 다크블루(바구니포함),원하던사이즈 조립도쉽고 배송도빨라요,5,1,긍정
jji5***,2020-09-10T11:39:56.006+00:00,자전거: 02.삼천리 메이비20 / 컬러: 라이트핑크,"배송도 빠르고 기스난곳 없이 자전거 잘 왔어요 조립은 쉬웠는데 보조바퀴 다는게 힘들었네요 기존 너트를 풀어야하는데 너무 꽉 쪼여있어서 몽키2개로 겨우 풀었어요 ㅋㅋ
초1 123센티 여아 곧잘 타네요 물론 보조바퀴 덕분이지만요",5,1,긍정
tkfk***,2020-10-09T13:48:57.799+00:00,자전거: 02.삼천리 메이비20 / 컬러: 민트,"16인치 타다가 너무 작아서 주문했습니다.
1학년 잘 탑니다",5,1,부정
oops*****,2020-10-04T07:11:17.521+00:00,자전거: 01.삼천리 카라 / 컬러: 다크블루,조카가 좋아하네요..색깔이 예뻐요..바구니가 조금 더 고급스러웠으면 좋았겠다 싶어요..,4,1,긍정
paju***,2020-09-15T03:16:27.017+00:00,자전거: 01.삼천리 카라 / 컬러: 다크블루,살짝 무거운 감이 있는데 9살 딸이 타기에 큰 무리가 없네요. 핸들 조립 하는 방법이 설명서로 첨부되면 좋겠어요.,4,1,부정
sc****,2020-11-06T02:29:28.741+00:00,자전거: 02.삼천리 메이비20 / 컬러: 라이트핑크(바구니포함),배송이 빠르고 포장도 안전하게 옴.,4,1,부정
tofu****,2020-09-08T03:26:47.885+00:00,자전거: 01.삼천리 카라 / 컬러: 다크블루,"조카들 선물 했어요 
초등학생 저학년이 타면 클줄 알았는데
리뷰 자세히 보구 적당하게 구매 잘했습니다 ㅎㅎ


아이들이 너무 좋아해서 
저도 기분이 엄청 조아용! 

잘 구매했습니다!! 감사합니다 ㅎㅎ",5,1,긍정
pjon****,2020-10-15T10:09:39.147+00:00,자전거: 01.삼천리 카라 / 컬러: 다크블루,어머니 사드렸는데 너무 좋아하시네요,5,1,부정
79re****,2020-09-14T15:38:48.619+00:00,자전거: 01.삼천리 카라 / 컬러: 다크블루,금요일에 주문하고 주말에 타고싶어서 전화드렸는데 친절하게 바로 발송시켜주시고 감사합니다~ 10살딸이 너무 잘타구요. 조립도 특별히 어려운거 없었습니다~너무 만족이에요,5,1,부정
hjoh***,2020-08-27T09:25:49.000+00:00,자전거: 03.삼천리 화이트라벨 / 컬러: 화이트,"배송 빠르게 보내주셔서 잘받았습니다.
코로나 시국이라 자전거라도 타려고 주문했는데~~잘한 선택이였네요^^
조립같은거 잘못해서 살짝 어럽긴 했지만~~~^^:;
그래도 동영상 보고 또보면서 하니깐 조립이 되었어요.
동네 마실용이나 운동하기 딱이네요.
자전거도 이쁘고 마음에 듭니다~
고민듕이시라면 주문 고고~~",5,1,부정
pks0*****,2020-10-16T13:22:15.302+00:00,자전거: 02.삼천리 메이비20 / 컬러: 민트,응대가너무좋았어요   칠도까지고  이음새가벌어져서제가 다시조립할때  시간이꽤걸렸고  맘도속상했는데  정말친절하세요  추천합니다~~,5,1,긍정
godg******,2020-10-06T14:59:41.600+00:00,자전거: 03.삼천리 화이트라벨 / 컬러: 화이트,빨리 말고 천천히 달릴때 핸들이 너무 휙휙 돌아가서 중심이 잘 안잡혀요ㅠㅠ 조립을 잘못한걸까요ㅠㅠ?,4,1,긍정
ro****,2020-10-09T09:53:11.409+00:00,자전거: 03.삼천리 화이트라벨 / 컬러: 화이트,"배송이 좀 느렸지만 택배사문제니 어쩔수없고
제품은 아무문제없이 좋습니다~",5,1,부정
ko****,2020-10-04T01:31:48.656+00:00,자전거: 01.삼천리 카라 / 컬러: 다크블루,"조립을 했는데 뭔가 자꾸 삐딱하고해서 자전거방에 가봐야겠어요~~
아이가 넘 좋아라합니다~~",4,1,부정
97ju****,2020-10-12T03:24:15.941+00:00,자전거: 01.삼천리 카라 / 컬러: 다크블루,"한참탈수있겠어요
바구니까지 있어좋네요
타기전에 타이어바람은  좀넣어야할듯요",5,1,긍정
j383***,2020-09-26T04:47:44.920+00:00,자전거: 02.삼천리 메이비20 / 컬러: 민트,엄마 선물로 드렸는데 좋아하세요~단 바구니가 작다며 큰걸로 바꿔다셨네요~~장보셔서 담아오시니 개인적으론 작게 느껴지셨나봐요,4,1,긍정
lssh****,2020-10-12T15:08:53.905+00:00,자전거: 01.삼천리 카라 / 컬러: 다크블루,디자인도 예쁘고 4학년 남자아이가 타기엔 크지도 작지도 않고 딱 좋아요.무게감이 있어서 초보자용으로 더 좋은거 같아요.,5,1,긍정
gmld******,2020-10-10T00:05:05.293+00:00,자전거: 03.삼천리 화이트라벨 / 컬러: 화이트,자전거가 생각했던것보단 작긴한데 잘굴러가고 배송도 빠르고 예쁘네요~^^,4,1,긍정
twow****,2020-09-28T00:26:19.746+00:00,자전거: 01.삼천리 카라 / 컬러: 다크블루,친구한테 선물 하려고 구매 했는데~ 박스 포장으로 오니까 편하게 전달 할 수 있을 것 같아요! 일반 승용차는 안들어가고 suv차량은 뒷자리 들어갓어요~,5,1,긍정
nalj****,2020-11-10T02:30:19.047+00:00,자전거: 03.삼천리 화이트라벨 / 컬러: 화이트,좋아유 아주 좋아유 좋다고 구매해,5,1,부정
aces****,2020-10-17T11:46:45.527+00:00,자전거: 01.삼천리 카라 / 컬러: 다크블루,빨리 아무 문제 없이 정상적인 제품이 와서 조립 잘 했습니다. 아이도 좋아합니다. 좋은 제품 더 많이 파시고 사업 번창하세요.,4,1,부정
baek****,2020-09-29T06:23:02.719+00:00,자전거: 01.삼천리 카라 / 컬러: 다크민트,배송도 잘 되서 오고 별로 손댈 것 없이 이용 가능했어요 작은 아이가 좋아요~,5,1,긍정
tmxh******,2020-09-29T14:29:04.669+00:00,자전거: 02.삼천리 메이비20 / 컬러: 라이트핑크,"바구니가 저렇게 벗겨져서 왔어요ㅜㅜ
접는법을 몰라서 한참 헤맸네요.. 
알고보니 이렇게 쉬운걸...",4,1,부정
jini******,2020-10-22T07:27:02.072+00:00,자전거: 01.삼천리 카라 / 컬러: 다크민트,아이가 너무 좋아하고색깔도 너무 이뻐요~~조립하는데 어렵지 않아요,5,1,긍정
ykuk*******,2020-11-02T11:39:48.969+00:00,자전거: 01.삼천리 카라 / 컬러: 다크블루,항상 잘쓰고 있습니다 번창하세요~,5,1,긍정
yasi*****,2020-10-07T06:16:54.004+00:00,자전거: 02.삼천리 메이비20 / 컬러: 민트,매일 나가서 자전거타요~^^,5,1,긍정
bms1***,2020-10-08T03:56:26.211+00:00,자전거: 01.삼천리 카라 / 컬러: 다크민트,초3 딸아이가 너무 좋아해여~조립도 쉬웠다네요~남편께서^^기존에 타던 자전거가 너무 작아져서 바꿔준건데...좀 크고 무거운듯해요~그래도 가성비 아주 좋은 자전거입니다^*,5,1,부정
ni****,2020-10-08T12:10:56.999+00:00,자전거: 01.삼천리 카라 / 컬러: 다크블루,디자인 너무 예뻐요. 조립도 신랑이 5분만에 뚝딱했네요.,5,1,긍정
kshk*****,2020-09-20T02:18:28.057+00:00,자전거: 01.삼천리 카라 / 컬러: 다크블루,"초등 4학년용으로 샀는데 성인도 함께 탑니다.
배송도 빠르고 박스도 안전하게 잘 배송되었어요.핸들과 안장만 조립하면 되서 비교적 간단하게 조립할수 있는 편입니다.
접어서 차에 싣고 다니는데 딱입니다.",5,1,부정
hjy1***,2020-11-05T00:30:13.829+00:00,자전거: 01.삼천리 카라 / 컬러: 다크블루(바구니포함),빠른 배송 감사합니다.,5,1,긍정
spir*****,2020-09-28T03:51:59.623+00:00,자전거: 01.삼천리 카라 / 컬러: 다크민트,"핸들 꼿기 너무어려웠어요 동봉되어있는 연장?은 정말 필요도 없네요  
신랑이 했는데도 안들어가서 여러번 시도끝에 성공했네요  보조바퀴도 연장이 없어서 자전거 가게에가서 5000원주고 조립했네요",3,1,부정
shin****,2020-10-19T22:33:14.252+00:00,자전거: 01.삼천리 카라 / 컬러: 다크블루,"조립하기쉬웠어요. 안장뒤에램프는 고장인것같아요.
불이안켜졌어요. 아이가좋아하니만족요.",5,1,부정
mm25****,2020-10-23T04:30:20.005+00:00,자전거: 01.삼천리 카라 / 컬러: 다크블루,아직 사용하지 않았지만 아이가 좋아하네요~ 칼라도 이뻐요~^^ 많이  파세요~,5,1,부정
skin****,2020-10-21T12:19:39.063+00:00,자전거: 01.삼천리 카라 / 컬러: 다크블루,접고 피기가 쉬웠어요 디자인도 너무예쁘고 마음에 들어요,5,1,부정
dnfl******,2020-10-16T01:56:15.968+00:00,자전거: 03.삼천리 화이트라벨 / 컬러: 블랙,착승감좋고 만족스럽네요,5,1,부정
syek****,2020-10-20T07:35:17.916+00:00,자전거: 02.삼천리 메이비20 / 컬러: 라이트핑크,"색도 너무예쁘고 자전거도 잘 가요~
아이들이 너무 좋아합니다^^",5,1,긍정
tjsq***,2020-10-13T11:52:51.839+00:00,자전거: 03.삼천리 화이트라벨 / 컬러: 화이트,조립도 어렵지않고~ 조심히잘타고댕길게요!!,4,1,부정
supi*****,2020-09-17T17:14:09.646+00:00,자전거: 01.삼천리 카라 / 컬러: 다크블루,사진과 같았습니다. 조립은 어렵지 않았어요. 쉽게 바로했고요 배송도 빨리왔어요. 바구니가 고정이 잘 안된어서 찍찍이로 고정했어요.ㅎ,5,1,부정
on****,2020-10-14T21:42:01.272+00:00,자전거: 02.삼천리 메이비20 / 컬러: 민트,"초1 딸아이 태우려고 주문했습니다. 
조립하는데 그다지 어렵지 않았구요. 다만 넘 무겁네요. 그점 빼고는 가격대비 훌륭한 자전거 입니다.",4,1,긍정
sm****,2020-10-26T16:33:29.915+00:00,자전거: 01.카라 / 컬러: 다크민트,이쁘고 좋네요 아이가 좋아해요,5,1,긍정
huwo*****,2020-11-07T22:53:52.044+00:00,자전거: 01.삼천리 카라 / 컬러: 다크블루(바구니포함),잘타고 다닙니다 좋습니다,5,1,긍정
haha****,2020-10-11T11:01:19.589+00:00,자전거: 01.삼천리 카라 / 컬러: 다크블루,"접이식 자전거 처음 구매하는거라 걱정하고 판매자님께 여쭤봤더니 정성스레 대답도 해주셨어요~받아보고 직접 조립하는데 어려움없이 조립가능했어요~^^
자전거는 색상도 너무 예뻐요~",5,1,긍정
fuha********,2020-10-14T00:21:31.645+00:00,자전거: 03.삼천리 화이트라벨 / 컬러: 화이트,조립도 어렵지 않고 잘 타고 있습니다.,4,1,부정
ka****,2020-09-22T23:41:25.043+00:00,자전거: 01.삼천리 카라 / 컬러: 다크민트,"초3학년 저희 딸 너무 좋아해요
키135 타기에 사이즈 딱 좋아요
조립도 간단하구요
마음에 들어요",5,1,긍정
jge1***,2020-10-12T13:35:13.709+00:00,자전거: 01.삼천리 카라 / 컬러: 다크블루,"배송도 빨랐고 무엇보다 여자 혼자 조립하기에 전혀 어렵지 않고 크게 무겁지도 않아서 후딱 조립했구요, 초3 아들램이 타는데 디자인도 심플하고 기어도 그정도면 딱 좋습니다~!^^",5,1,긍정
ba****,2020-09-27T07:01:08.807+00:00,자전거: 03.삼천리 화이트라벨 / 컬러: 화이트,자전거가 예쁘고 휴대도 편하고 좋아요. 단 조금 무거워요~. 하지만 가격대비 좋은 것 같아요^^,5,1,부정
lj****,2020-09-24T12:49:28.045+00:00,자전거: 03.삼천리 화이트라벨 / 컬러: 블랙,대충조립완료 맡겨서 조율만하면될거같아용 화이트시키공 아들이랑같이 자전거탈려고하나더시켰어용^^완전만족 높이도만족 차안에쏘옥들어가니더만족합니당,5,1,부정
qhqn********,2020-09-24T15:50:04.634+00:00,자전거: 03.화이트라벨 / 컬러: 화이트,쓰다보니 저렴한 값하네용 ㅠ 안장도 엉덩이 아프고.. 브레이크 좀 끼익거리공  그래도 가성비 좋습니다,4,1,긍정
1258****,2020-10-06T13:05:47.408+00:00,자전거: 01.카라 / 컬러: 다크블루,자전거는탈만해요 작은싸이즈라그런지동네마실용으로적합하네요,4,1,긍정
dbwj*****,2020-10-17T13:25:22.167+00:00,자전거: 02.메이비 20 / 컬러: 라이트핑크,"오르막길 올라갈때 죽을거같아요 
버겁더라도 바퀴 조금더 큰거 살걸 조금 후회됩니다 ㅠㅠㅠ 그래도 자전거는 넘나 예뻐요",3,1,긍정
si****,2020-10-06T04:42:43.761+00:00,자전거: 02.삼천리 메이비20(8월20일출고에정) / 컬러: 민트,큰애선물인데 작은애도 사달라네요..작은자전건 이제 싫다며..,5,1,부정
gold**********,2020-10-14T04:11:25.236+00:00,자전거: 01.삼천리 카라 / 컬러: 다크블루,"이쁘네요감사합니다,",5,1,긍정
hkgg****,2020-09-03T12:41:42.000+00:00,자전거: 01.삼천리 카라(8월20일출고에정) / 컬러: 다크블루,"자전거에 대해 잘 몰라서 뭘 사야할까 구입을 많이 망설였는데 잘 산것 같아요
무게는 생각한거보다 좀 무거운 편이였고 조립하고 첫 시승하러 나갔는데 자전거가 너무 안나가서 
잘 못산건가 큰일났다 싶어서 삼천리자전거 매장으로 가서 점검해 달라고 했어요~브레이크가 바퀴에 많이 닿아 있어서 그렇다고 전체적으로 점검하고 봐주시니 잘나가요~ 
혹시 잘 안되면 전문가를 찾아가세요.
적은 비용으로 큰 해결을 해 주십니다.
오르막길 갈때는 좀 힘들긴 하지만 잘나가고 이쁘고 가볍게 타기에 가성비 좋은 자전거 입니다~",4,1,긍정
free******,2020-09-09T05:47:21.619+00:00,자전거: 03.삼천리 화이트라벨 / 컬러: 화이트,"초4 이구요 살짝크기하시만성장기때라금방클거닌까 만족만족 아이가너므이쁘다고해요
친절하게설명해주시고제품저렴히구입했습니다 여자혼자조립하고 조율은 자전거매장에맡기였습니다 차에쏙집어넣고 살짝끙끙 아빠도움이필요하네요ㅠ. 공원갈생각에 아이가  시승해보러가봅니다다좋아요^^",5,1,부정
moon*****,2020-10-14T05:06:19.805+00:00,자전거: 01.삼천리 카라 / 컬러: 다크블루,자전거가 너무 예쁘고 타기 좋아요~~,5,1,부정
suki****,2020-10-10T12:07:53.646+00:00,자전거: 02.삼천리 메이비20 / 컬러: 라이트핑크,초1 딸한테 사이즈도 딱맞고 좋습니다,5,1,부정
cyjk*****,2020-09-08T04:02:19.001+00:00,자전거: 02.삼천리 메이비20 / 컬러: 민트,"8살 딸아이 선물로 샀어요
조립은 여자인 제가 혼자 하기에도 큰무리 없었네요
배송도 빨랐고 예쁘고 다 좋은데 좀 무거워요
차에 싣고 내릴때 좀 힘들듯해요ㅠㅠ
그래도 전반적으로 만족입니다 잘 탈게요~^^
※올란도에 싣은 모습 찍어봤어요※",4,1,긍정
se_x*****,2020-11-02T12:44:20.687+00:00,자전거: 02.삼천리 메이비20 / 컬러: 라이트핑크,예쁘고 귀엽고 편해요,4,1,부정
ptan***,2020-09-12T06:18:01.034+00:00,자전거: 01.삼천리 카라 / 컬러: 다크블루,포장 상태가 꼼꼼하게 와서 좋고 기스 나거나 부서진 것 없이 배송이 되어 좋았어요 그리고 조립도 어렵지 않아서 좋았습니다 무엇보다 아이가 아주 맘에 들어 해서 좋네요 오늘 열심히 타고 놀았습니다,5,1,부정
brin*******,2020-09-11T07:31:23.233+00:00,자전거: 01.삼천리 카라 / 컬러: 다크블루,"자전거 자체는 좋아요
그런데 진짜 설명 하나 없고 유튜브 뒤지고뒤지고..진짜 오래걸렸네요 ㅜㅜ 특히 브레이크 조립 방법은 영상이라도 있으면 좋겠어요 그리고 보조바퀴는 사람의 힘으로는 안되고 기계로나 가능하네요.. 앞바퀴 바람이 다 빠져와서 내일 바람 먼저 넣으러 가야겠어요..",3,1,긍정
sook********,2020-11-06T17:40:24.711+00:00,자전거: 01.삼천리 카라 / 컬러: 다크블루,"디자인, 실용성 굿",5,1,긍정
mm****,2020-10-16T13:53:39.277+00:00,자전거: 01.삼천리 카라 / 컬러: 다크블루,"디자인이 너무 이쁘네요
초1여아타기에도.좋고 성인도 무리없이 탈수있어요
단점은 조금 무겁습니다",5,1,긍정
hanl******,2020-10-12T23:35:00.428+00:00,자전거: 01.삼천리 카라 / 컬러: 다크민트,좋아요~^^많이파세요~,5,1,부정
ta****,2020-09-22T10:27:29.820+00:00,자전거: 01.삼천리 카라 / 컬러: 다크민트,"배송 잘 오고 좋아요. 조립 설명서가 없어서 초반에 당황했지만, 반조립 상태라 그냥저냥 할만한듯 합니다.",5,1,긍정
para****,2020-10-10T10:19:41.500+00:00,자전거: 02.삼천리 메이비20(8월20일출고에정) / 컬러: 라이트핑크,"너무너무 좋아해요
초1ㅇ라 좀 큰데 그래도 만족요",5,1,부정
gumg***,2020-10-06T07:47:28.105+00:00,자전거: 01.삼천리 카라 / 컬러: 다크민트,"날씨도 선선해서 잘 타고 놀았네요
어린이용이긴 합니다",5,1,긍정
hijj*****,2020-10-12T09:58:36.967+00:00,자전거: 02.삼천리 메이비20 / 컬러: 민트,조립도 쉽고 아이가 좋아하네요,5,1,부정
love*******,2020-09-10T22:59:12.067+00:00,자전거: 02.삼천리 메이비20 / 컬러: 라이트핑크,"라이트핑크색상은 화면처럼 예뻐요.
조립은 간단해서 어렵지않게 완성했습니다 ~
초2이고 키는 130인데 자전거 잘 맞습니다~
아이도 맘에 들어하고 좋아요~",5,1,부정
fenc*****,2020-10-14T06:29:39.161+00:00,자전거: 02.삼천리 메이비20 / 컬러: 라이트핑크,"여야148센치 초5학년남139센치 초3학년둘다
안장조절하니 다잘맞습니다^^ 접히는것도좋구차에실어서 나들이가야겠어요 코로나땜시실내로못놀러다니니~~ 한적한공원이나 가야겠습니다",5,1,긍정
bo****,2020-10-10T04:49:29.827+00:00,자전거: 01.삼천리 카라 / 컬러: 다크블루,"좋아요!!! Good!!

가성비가 좋음",5,1,부정
cs****,2020-09-29T03:30:51.779+00:00,자전거: 01.삼천리 카라 / 컬러: 다크민트,"배송빠르고
(추석연휴임에도 불구하고
1박2일 소요됨)

색상 디자인 너무 예뻐요
다만 좀더 가벼웠으면 하는 바람이 있네요",4,1,긍정
ica1***,2020-09-09T09:29:13.705+00:00,자전거: 01.삼천리 카라 / 컬러: 다크블루,너무 작은거 아닌가 걱정했는데 딱 좋습니다. 사진이랑 똑같이 생겼고 귀여워요. 조립도 얼마 안걸렸습니다. 다만 바구니가 좀 허술하네요. 접히는부분도 레버 당기기 엄청 힘들었는데 고정시키니까 단단히 고정되어서 좋네요. 비가 와서 아직 타보진 못했지만 좋습니다!,5,1,긍정
yasi*****,2020-08-26T04:30:44.000+00:00,자전거: 02.삼천리 메이비20 / 컬러: 민트,"배송도 빠르고 조립도 쉬워요
울공주가 색상이 넘 이쁘다고 
너~~무 좋아해요",5,1,부정
lsh9***,2020-10-14T01:18:56.669+00:00,자전거: 01.삼천리 카라 / 컬러: 다크블루,안장도 편하고 좋아요,5,1,긍정
happ********,2020-10-08T11:26:04.243+00:00,자전거: 01.삼천리 카라 / 컬러: 다크블루,튼튼해 보이네요. 잘 탈께요,5,1,긍정
gold**********,2020-10-14T04:14:02.389+00:00,자전거: 01.삼천리 카라 / 컬러: 다크블루,좋습니다 감사합니다,5,1,부정
gold**********,2020-10-14T04:13:32.417+00:00,자전거: 02.삼천리 메이비20 / 컬러: 민트,감사합니다 좋습니다,5,1,부정
aa82***,2020-10-09T03:34:57.057+00:00,자전거: 03.삼천리 화이트라벨 / 컬러: 블랙,조립하는게 좀 힘들었지만 자전거는 이뻐요,4,1,긍정
nobl*****,2020-10-27T01:46:39.963+00:00,자전거: 02.삼천리 메이비20 / 컬러: 민트(바구니포함),"8살 딸 사줬는데 맘에 들어합니다.
가격대비 만족",5,1,긍정
dpsw*******,2020-10-13T01:35:20.083+00:00,자전거: 03.삼천리 화이트라벨 / 컬러: 화이트,조립이 힘들어서 저는 주위 자전거 가게 가서 돈 드리고 조립했어요 ㅎㅎ 잘 타고 다닐게용 마음에 들어용,5,1,긍정
baby***,2020-10-05T06:12:59.782+00:00,자전거: 02.삼천리 메이비20(8월20일출고에정) / 컬러: 라이트핑크,잘 타고 있습니다. 예쁘고 튼튼하고 좋아요.,5,1,긍정
eowl****,2020-10-07T14:27:40.953+00:00,자전거: 01.삼천리 카라 / 컬러: 다크블루,색도 이쁘고 너무이쁘고 좋습니다,5,1,긍정
naba*******,2020-10-09T05:24:04.841+00:00,자전거: 03.삼천리 화이트라벨 / 컬러: 화이트,헨들이 약간 문제가 있지만 삼천리가서 에이에스 받으려구요~~,4,1,부정
luma****,2020-10-11T08:36:59.069+00:00,자전거: 01.삼천리 카라 / 컬러: 다크민트,빠르고 안전하게 잘 왔습니다,5,1,긍정
pkse***,2020-10-15T12:37:24.974+00:00,자전거: 02.삼천리 메이비20 / 컬러: 민트,무게감은 있지만 좋습니다^^,5,1,긍정
sans***,2020-10-06T04:46:06.870+00:00,자전거: 02.삼천리 메이비20 / 컬러: 민트,무거운 감은 있지만 저렴한 가격에 잘 타고 있습니다  아이들이 잘 타고있습니다,5,2,부정
sans***,2020-10-06T04:45:43.057+00:00,자전거: 02.삼천리 메이비20 / 컬러: 라이트핑크,무거운 감은 있지만 저렴한 가격에 잘 타고 있습니다  아이들이 잘 타고있습니다,5,1,부정
mond****,2020-09-17T06:35:18.976+00:00,자전거: 01.삼천리 카라 / 컬러: 다크민트,"빠른배송감사하고요. 바퀴가순간 안돌아갈때가있는데 좀더타봐야할것같아요.
8살딸이탔는데, 안장낮추니조금불편은한데 그랴도잘타네요. 무겁긴한데 가성비좋아요",4,1,긍정
arig*******,2020-10-01T21:45:14.478+00:00,자전거: 01.삼천리 카라 / 컬러: 다크블루,"딸이 너무너무좋아해요.
자전거도이쁘고 정말좋아요.",5,1,부정
natu******,2020-09-25T08:05:57.575+00:00,자전거: 01.삼천리 카라 / 컬러: 다크블루,"조립 어렵지않게 했어요.-신랑이..

깔끔하니 넘 좋네요..남아 여아 상관없이 무난하게 탈수있겠어요..",5,1,긍정
jeju********,2020-09-25T06:59:53.593+00:00,자전거: 02.삼천리 메이비20 / 컬러: 민트,"큰딸이 직접고른 색이라서 예쁘고 보조바퀴까지 달고 걱정없이 즐기고있습니다.
행복해 하는모습을 보니 넘좋네요",5,1,부정
anmi****,2020-08-27T08:40:19.000+00:00,자전거: 03.삼천리 화이트라벨 / 컬러: 화이트,"디자인도 세련되고 잘나가요.
성인 여성이 부담없이 타기에 좋아요.
아이와 함께 동네에서 타고다녀요.ㅋ
조립은 남편이 해주었는데 어렵지않다네요.
엉덩이 아플까봐 안장추가했더니 편해요.
자전거 벨이랑 라이트도 같이와서 좋네요.
바구니는 따로 단것입니다.",5,1,부정
whej****,2020-09-22T00:26:48.668+00:00,자전거: 01.삼천리 카라 / 컬러: 다크민트,"자전거 좋아요!
무겁습니다.
보조바퀴 달려고 했는데, 기존 너트가 너무 꽉 조여져서 동봉된 도구로는 못 풀어, 근처 자전거포 가서 5,000원에 부착했습니다.^^",5,1,긍정
dbqn******,2020-09-29T04:15:41.799+00:00,자전거: 01.삼천리 카라 / 컬러: 다크블루,이뻐요 키 162cm 어른인데 딱 적당한것같아요 근데 기어에서 드르륵소리나는건 왜그런걸까요..?,5,1,긍정
whit******,2020-09-16T23:04:56.538+00:00,자전거: 02.메이비 22 / 컬러: 민트,배송이 너무 빨라서 좋았습니다.아이가 너무 좋아하네요..가성비 갑인 것같습니다.감사합니다.^^,4,1,부정
ry****,2020-10-31T05:37:36.431+00:00,자전거: 02.삼천리 메이비20 / 컬러: 민트(바구니포함),배송 빠르고 좋아요.,5,1,긍정
issu******,2020-10-08T06:55:11.066+00:00,자전거: 01.삼천리 카라 / 컬러: 다크민트,아이가 안전하고 편안하게탈수있네요,5,1,긍정
pi****,2020-09-18T10:42:00.517+00:00,자전거: 01.삼천리 카라 / 컬러: 다크민트,"실제로 보니 색상도 더 밝고 이쁘네요.  단점 이라면
프레임 자체가 무겁고 보통 남성이 조립하긴 어렵진
않지만 조립설명서가 있다면 좀더 낫지 않을까 하는
아쉬움이 있네요",4,1,긍정
sala******,2020-09-02T11:40:38.000+00:00,자전거: 03.삼천리 화이트라벨 / 컬러: 화이트,"조립이 만만치 않네요ㅠ
설명서가 조금 더 구체적으로 되어있었으면
좋았을거 같아요ㅠㅠ
판매자님도 자전거샵 조율 권장하신다니까
일단 한번타보고 가려구요 여차저차 남편이랑 
눈대중으로 하긴 했는데
맞게 한지 모르겠어요ㅎ
잔기스나 이런건 신경안써서 세부디테일 안따졌고
브레이크 잘 잡히나 까딱까딱해보구 핸들 돌려보구
진빠져서 일단 모셔뒀어요 잘 타겠습니다~",5,1,긍정
ssn1***,2020-09-19T00:52:08.592+00:00,자전거: 01.삼천리 카라 / 컬러: 다크블루,배송빠르고 좋습니다. 다만 앞바퀴쪽 빗물막이가 틀어져있어서 재조립했습니다.그외에는 좋습니다.,5,1,부정
rwgz****,2020-10-30T06:25:17.582+00:00,자전거: 03.삼천리 화이트라벨 / 컬러: 화이트,"변속기가 고장이 났는데, 너무 쉽게 고장난 것 같습니다.",3,1,부정
cise*****,2020-10-27T13:00:14.533+00:00,자전거: 01.삼천리 카라 / 컬러: 다크블루(바구니포함),조립이 쉽고 오늘 한번 타 보았는데 별이상이 없었음,3,1,긍정
sibb******,2020-10-07T15:18:25.139+00:00,자전거: 01.삼천리 카라 / 컬러: 다크블루,배송도 빠르고 이쁘고 좋아요!,4,1,긍정
love*******,2020-10-11T23:47:22.031+00:00,자전거: 02.삼천리 메이비20 / 컬러: 라이트핑크,예뻐요~~타기 편해요~~,5,1,긍정
youn******,2020-11-03T07:18:29.986+00:00,자전거: 03.삼천리 화이트라벨 / 컬러: 화이트,간다하게타기 좋네요,3,1,부정
ghwn*****,2020-09-23T09:27:34.848+00:00,자전거: 03.삼천리 화이트라벨 / 컬러: 블랙,자전거 수리점에 가져가지않는한 조금 힘들어요 뭘 조여야하는지 이런설명이 없어서요,4,1,부정
carr******,2020-08-30T12:12:45.000+00:00,자전거: 03.삼천리 화이트라벨 / 컬러: 화이트,배송이 빨랐구요~추가 안장을 선택했는데 구입한 자전거에 더 맞는 안장 추천해주신다고 따로 연락을 주셨네요~ 받자마자 다리 다치는 바람에 아직 타보진 못했는데 모양이며 색깔이며 딱 제가 찾는 자전거에요~ 조립은 신랑이 해줬는데 따로 설명서가 없어서 조금 버벅거리다 홈페이지 사진 보고 하더라구요~뚝딱뚝딱 조립 잘 하는 사람인데 20~30분 걸린 것 같아요,4,1,긍정
hs82****,2020-10-10T00:52:42.478+00:00,자전거: 01.삼천리 카라 / 컬러: 다크블루,이쁘네요 깔끔하고 사은품 Led조명도 잘되요...,5,1,긍정
si****,2020-10-16T13:01:11.246+00:00,자전거: 02.삼천리 메이비20 / 컬러: 민트,조립이 간편한 편이네요. 아직 안 타봤지만 가성비 좋고 예쁩니다.,5,1,긍정
go81***,2020-09-03T00:14:51.000+00:00,자전거: 03.삼천리 화이트라벨 / 컬러: 화이트,"제가조립할줄알았는데  생각보다  힘들어서  남편이  다해줬어요  ㅜㅜ그것빼곤  좋아요~^^
한번타고  나갔는데 바퀴가  빵꾸  나서  자전거대리점에가서   만오천원주고  뒷바퀴고무갈아끼웠어요  ㅜㅜ
안쪽이  뻥구난거라  프레임에  찍혀서  센다구  사장님이  갈아끼우는게  났다구  하더라두여  하루만에  바퀴가  빵꾸나니  아쉽네요ㅜㅜ",4,1,긍정
gums***,2020-08-27T07:31:49.000+00:00,자전거: 01.삼천리 카라 / 컬러: 다크블루,너무 좋네요 포장도 다 뜯지도 않고 조립했어요(흠집날까봐)핑크는 타이어에도 랩핑이 되어 왔는데 요건 그냥 왔네요 흠집 하나 없이 와서 너무 좋았어요 브레이크선이 약간 짧아서 핸들을 어렵게 넣었어요 그것 말고는  엄마 혼자 거실에서 쉽게 조립했네요,5,1,긍정
70****,2020-10-11T04:13:43.730+00:00,자전거: 01.삼천리 카라 / 컬러: 다크민트,배송 너무 느리고 보조바퀴  조립등은 불편하였으나  자전거는  아주  좋습니다. 딸애가  맘에  쏙 들어합니다.,5,1,긍정
njh6***,2020-10-06T13:08:28.889+00:00,자전거: 03.삼천리 화이트라벨 / 컬러: 화이트,"싸게사서 조으요 
기아조절돼서 오르막도 굿",4,1,긍정
gudt******,2020-10-28T09:29:52.135+00:00,자전거: 01.삼천리 카라 / 컬러: 다크블루,너무 만족하고 어머니가 좋아하세요~,5,1,긍정
fenc*****,2020-10-14T06:27:56.064+00:00,자전거: 01.삼천리 카라 / 컬러: 다크블루,"키148 센치~~ 초5학년인데 잘맞습니다^^ 
165까지라고해서안심하고주문했구요
이제두발자전거 뗀건데두 잘타네요^^
자전거가이쁘네요^^",5,1,긍정
dvdp***,2020-10-30T09:02:38.101+00:00,자전거: 03.삼천리 화이트라벨 / 컬러: 화이트,예 가성비 좋은거 같습니다.,4,1,부정
27****,2020-10-09T09:46:58.269+00:00,자전거: 02.삼천리 메이비20 / 컬러: 민트,가격도 저렴하고 배송도 정확해요,5,1,긍정
aj****,2020-09-13T09:19:30.892+00:00,자전거: 01.삼천리 카라 / 컬러: 다크블루,자전거 사달라고해서 접이식 자전거를 알아보던중 삼천리로 결정했어요~ 아이도 너무 좋아하구요~~ 조립은 제가 자신없어서 신랑이 했는데 금방했어요~~,5,1,긍정
neve******,2020-09-25T01:30:45.246+00:00,자전거: 03.삼천리 화이트라벨 / 컬러: 화이트,배송엄청빨라여!! 조립도 생각보다 쉽고 오늘 점검 받구내일탈거에여!!,5,1,부정
ky****,2020-10-17T08:49:55.013+00:00,자전거: 01.삼천리 카라 / 컬러: 다크블루,생각보다 작아서놀람 ㅋㅋㅋ디자인은 이쁘네요,3,1,긍정
ba****,2020-10-31T02:09:34.849+00:00,자전거: 03.삼천리 화이트라벨 / 컬러: 화이트,무거운 감은 있지만 잘사용하고 있네요~~^^,5,1,긍정
s960****,2020-10-11T07:15:47.956+00:00,자전거: 01.삼천리 카라 / 컬러: 다크블루,"아들이 좋아합ㄴㅣ다
조립은 금방합니다
8세 이후나 맞을듯네요",4,1,부정
wlud*****,2020-09-09T12:21:23.257+00:00,자전거: 01.삼천리 카라 / 컬러: 다크블루,"승용차 트렁크에 넣고 다닐 용도로 샀어요.
생각보다 커서 안들어갈것같았는데 핸들빼고 넣으니까 들어가요!
엉덩이도 나름 푹신하고
아직 접는게 익숙하지가 않아서 시간이 좀 걸리지만
접고 펴기 쉬워요!
불량도 없고 잘 쓰고 있습니다~",5,1,부정
dldu*******,2020-10-25T01:12:47.302+00:00,자전거: 01.삼천리 카라 / 컬러: 다크블루,"좋아요
아이가 엄청 좋아합니다
조금 무겁네요",5,1,부정
juha***,2020-09-21T01:13:46.058+00:00,자전거: 01.삼천리 카라 / 컬러: 다크블루,"초3 딸아이가 골랐는데 크기도 딱 좋고 정말 좋아하네요, 매일 타고 있습니다",5,1,부정
nice******,2020-10-09T22:33:30.192+00:00,자전거: 01.삼천리 카라 / 컬러: 다크블루,빠른배송 감사합니다 앞 v 브레이크 고정하는곳이 휘어져있네요 그냥 펴서 다시달았지만 좀 찝찝합니다,3,1,긍정
ry****,2020-09-20T23:48:15.287+00:00,자전거: 01.삼천리 카라 / 컬러: 다크블루,배송빨리해주시고 키작녀에게 딱 좋은 사이즈에요!! 근데 조립은 좀 어려워서 동네 삼천리가서 조금 도움받고 조율했어요.,4,1,긍정
didw*****,2020-10-02T18:14:30.006+00:00,자전거: 01.삼천리 카라 / 컬러: 다크블루,괜찮아요 아이가 좋아하네요,3,1,긍정
kms4***,2020-10-13T09:22:07.074+00:00,자전거: 01.삼천리 카라 / 컬러: 다크민트,"자전거하면 삼천리인데 구매했고요, 접었다 펼쳤을 때 브레이크가 약간 
오류가 발생했지만 이내 괜찮아서 좋았어요",4,1,부정
jini****,2020-10-10T02:02:13.132+00:00,자전거: 02.삼천리 메이비20 / 컬러: 라이트핑크,아이가 정말좋아합니다^^,5,1,긍정
1211****,2020-09-14T08:27:44.838+00:00,자전거: 01.삼천리 카라 / 컬러: 다크블루,"좋은 가격에 좋은 상품 구매 한 것 같습니다
다 좋은데 앞바퀴 브레이크가 바퀴에 닿는 거 같아 별 1개 뺐어요.

같이 구매한 메이비 자전거는 괜찮은데 이것만 이러네요. 이건 자전거 집에가서 고쳐야 할 듯요.

그래도 좋습니다",4,1,부정
coo2***,2020-09-27T10:19:53.882+00:00,자전거: 01.삼천리 카라 / 컬러: 다크블루,선물용으로 구매했는데 예쁘고 넘 잘 타네요,5,1,긍정
miri******,2020-10-02T06:49:34.822+00:00,자전거: 03.삼천리 화이트라벨 / 컬러: 블랙,디자인 깔끔하고 동네 타고 다니기 좋아요,5,1,부정
samb*******,2020-10-28T03:27:02.661+00:00,자전거: 01.삼천리 카라 / 컬러: 다크블루(바구니포함),우리 아드 사줬는데 너무너무 좋아하네요 ㅎㅎㅎ,5,1,긍정
hj00***,2020-10-18T09:00:46.841+00:00,자전거: 01.삼천리 카라 / 컬러: 다크블루,배송 빠르고 제품 좋아요. 아이에게 가르치고 있어요~~~,5,1,긍정
bern*******,2020-08-30T09:00:26.000+00:00,자전거: 02.삼천리 메이비20 / 컬러: 라이트핑크,조립하다가 힘들어서 삼천리가서 공임비 만오천원내고 다시 조율받아왔어요 훨씬 매끄럽게 잘가요ㅎㅎ 그때 매장해서 봐보니 저랑 똑같은 자전거가 20만원정도 하더라구요ㅋㅋ 저렴하 잘산가같아요 받았을때 너무 작아서 다시 반품해야하나 싶었는데 좀 타다가 나중에 욕심나면 다른거사려구요ㅋㅋ 저렴해서 편하게 사용하려구해요 많이파세요,4,1,긍정
nfri****,2020-10-16T04:19:53.472+00:00,자전거: 01.삼천리 카라 / 컬러: 다크블루,최고예요 아들이 좋아하는 모습을 보니 정말 잘 샀구나 싶더라구요,5,1,긍정
9377***,2020-10-18T15:09:42.556+00:00,자전거: 01.삼천리 카라 / 컬러: 다크블루,"가볍고 예뻐요~
바퀴가 좀 작긴하네용",5,1,긍정
lich*****,2020-10-02T13:57:57.801+00:00,자전거: 01.삼천리 카라 / 컬러: 다크민트,"아이가 자전가 이쁘다며, 엄청 좋아하네요~",5,1,부정
nost*****,2020-09-29T07:39:38.585+00:00,자전거: 03.삼천리 화이트라벨 / 컬러: 블랙,배송도 빠르도 친절하게 설명도 잘 해주시네요!,5,1,부정
jinj*******,2020-10-25T04:42:52.980+00:00,자전거: 01.삼천리 카라 / 컬러: 다크민트(바구니포함),조립도 편하고 딸도 너무 재미나게 잘타네요,5,1,긍정
yyl9***,2020-10-08T06:27:51.589+00:00,자전거: 01.삼천리 카라 / 컬러: 다크블루,조립만 해놓고 아직 타보진 않았어요ㅎㅎ,5,1,부정
bks5*****,2020-10-21T11:16:34.098+00:00,자전거: 01.삼천리 카라 / 컬러: 다크블루,"가볍고 이쁘고 좋아요~
잘타고다니고 있어요~",5,1,긍정
aste*****,2020-09-12T05:39:00.320+00:00,자전거: 01.삼천리 카라 / 컬러: 다크민트,"유튜브 보고 조립 쉽게 잘 했습니다.
정품등록까지 마치고 나니
더 뿌듯하네요.
더 타봐야 알겠지만 접이식이라고
막 가벼운건 아니니 참고하시고
저렴한 가격에 전 만족합니다.",5,1,부정
chon******,2020-10-16T01:18:30.618+00:00,자전거: 02.삼천리 메이비20 / 컬러: 민트,도착하자마자 조립해서 아이들 하루만에 연습해서 지금은 넘잘타네요~~^^넘 좋아요,5,1,부정
129y***,2020-10-17T05:53:38.969+00:00,자전거: 02.삼천리 메이비20 / 컬러: 라이트핑크,가격대비 좋습니다. 조립도 어렵지 않구요.,4,1,긍정
ahna***,2020-10-14T06:40:14.125+00:00,자전거: 02.삼천리 메이비20 / 컬러: 민트,아이가 고른 민트색이라 너무 좋아해요. 접이식이지만 무게가 있어요.,5,1,부정
es****,2020-09-12T12:16:00.315+00:00,자전거: 03.삼천리 화이트라벨 / 컬러: 화이트,"조립은 자전거 매장에서 해야 한다고 해서 집에서 대충 끌수만 있게 조립후 매장방문 

바구니-6천
잠금-만원
조립비 -3만원 추가로 주고 완성했어요",5,1,부정
koun*******,2020-08-29T02:27:03.000+00:00,자전거: 03.삼천리 화이트라벨 / 컬러: 화이트,"대체로 만족합니다 ㅎ 
제가 조립을 잘 못하는게 문젠거죠 ㅠ
다 좋은데 앞에 실리콘등 주셨는데 불이 안들어와요 안에 건전지도 있는데 ㅠㅠ 새로사야겠어요 ㅠㅠ 그래도 좋습니다 이뻐요",4,1,긍정
vzsv***,2020-10-15T04:24:28.047+00:00,자전거: 01.카라 / 컬러: 다크민트,무게감이다소있어요 하지만크기가 적당하고 어디든 싣고다니기 좋아 편리합니다!!,4,1,긍정
rmsh********,2020-09-04T03:37:30.000+00:00,자전거: 01.삼천리 카라 / 컬러: 다크블루,색상도 이쁘고 아이가 4학년이라 작지않을까 걱정했는데 딱 맞네요 만족합니다,5,1,긍정
bae5***,2020-10-20T11:22:04.479+00:00,자전거: 03.삼천리 화이트라벨 / 컬러: 화이트,너무 잘타고 있습니다~ 내구성 가격대비 좋습니다!,5,1,부정
tree***,2020-09-21T02:32:09.860+00:00,자전거: 01.삼천리 카라 / 컬러: 다크민트,"무겁고 여자 혼자 자전거 조립하기는
진짜 힘들었어요! 하지만 예쁘고 동네마실용으로 딱 좋답니다",5,1,긍정
aass****,2020-10-26T20:48:08.103+00:00,자전거: 02.삼천리 메이비20 / 컬러: 라이트핑크(바구니포함),지전거가마음에들어요,5,1,부정
aini****,2020-09-11T12:22:14.420+00:00,자전거: 01.삼천리 카라 / 컬러: 다크블루,"배송도 빠르고 생각보다 너무 좋아요 
가격에 싸서 혹시나.. 걱정했는데 튼튼하고
너무 이쁘네요!! 아이가 너무 좋아해요^^",5,1,긍정
lila******,2020-09-29T04:00:50.374+00:00,자전거: 01.삼천리 카라 / 컬러: 다크블루,잘 타고있어요 가성비 좋습니다. 많이파세요. ^^,5,1,부정
joon*********,2020-10-15T09:10:33.091+00:00,자전거: 02.삼천리 메이비20 / 컬러: 라이트핑크,디자인 예쁘고 가격대비 좋네요. 좀 무겁긴 합니다.,4,1,부정
rosa******,2020-09-21T06:28:27.252+00:00,자전거: 03.삼천리 화이트라벨 / 컬러: 화이트,디자인이 너무 이쁘고 크기도 딱 적당해요. 만족스럽게 잘 타고 있습니당~,5,1,부정
josh***,2020-10-14T22:05:30.818+00:00,자전거: 01.삼천리 카라 / 컬러: 다크블루,주문하고 하루만에 왔네요.빠른배송 감사합니다~,5,1,부정
jmr6***,2020-10-13T06:33:54.352+00:00,자전거: 01.삼천리 카라 / 컬러: 다크블루,"포장이 잘 되어 왔고요
정말 내가 생각했던 제품이라 
딱 좋아요",4,1,긍정
nkm0***,2020-09-23T06:36:48.196+00:00,자전거: 03.삼천리 화이트라벨 / 컬러: 화이트,이쁘고 좋아보여요 근데 조립 설명서가 없어서 진짜 애써야겠네요...,4,1,긍정
ming****,2020-09-13T06:18:43.988+00:00,자전거: 01.삼천리 카라 / 컬러: 다크민트,조카 선물로 사줬는데 엄청 좋아하네요 ㅎㅎ 조립은 집근처 가게에서 했는데 얼마안들었다고하네요 튼튼하고 좋은거 같아요^^,5,1,긍정
nono*****,2020-10-31T09:18:35.238+00:00,자전거: 02.삼천리 메이비20 / 컬러: 라이트핑크(바구니포함),잘 받았습니다~~~,5,1,부정
sans***,2020-09-06T04:50:19.557+00:00,자전거: 02.삼천리 메이비20 / 컬러: 라이트핑크,배송 빠르구요~~~조립도 너무 쉬웠어요~~~아쉬운점은... 바구니가 조금 파손이 됐다는점... 그냥 타려구요 바구니가 구멍이 나있지만 그것쯤이야 귀찮으니까~~~핑크는 7살 딸아이 태워주려고 샀습니다~~7살에겐 너무 크네요~~타려는 의지는 강하나 다리가 안닿는점... 보조바퀴 달아서 태워주려구요~~,5,1,부정
hh****,2020-09-22T01:56:07.299+00:00,자전거: 01.삼천리 카라 / 컬러: 다크블루,"여자 혼자 설치는 조금 어려웠어요~
대리점에가서 했어요
이쁘고 좋아요",4,1,부정
lare*****,2020-09-15T01:16:17.688+00:00,자전거: 03.삼천리 화이트라벨 / 컬러: 화이트,받은 자전거 문제가 있어 문의했더니 판매자분 친절하고 좋았어요~ 자전거도 무겁긴 하지만 맘에드네요.,5,1,긍정
busc****,2020-10-15T14:52:59.979+00:00,자전거: 01.삼천리 카라 / 컬러: 다크블루,조립도 간단한 편이고 기어 덕분인지 애가 넘 잘 나간다고 좋아하네요,5,1,긍정
hk****,2020-10-10T13:25:09.931+00:00,자전거: 01.삼천리 카라 / 컬러: 다크민트,"자전거 너무좋아요.
접이식인데 조립도 너무 간단하고 가격도너무좋아요.  짱입니다",5,1,긍정
blac********,2020-09-27T06:34:35.070+00:00,자전거: 01.카라 / 컬러: 다크블루,"매우좋습니다
다만 무게가 있어서 여성이 혼자들고 다니긴 
다소어렵긴 하네요",5,1,부정
pret******,2020-10-07T18:53:26.414+00:00,자전거: 01.삼천리 카라 / 컬러: 다크블루,잘 사용하고 있어요 9세남아,4,1,부정
k760*****,2020-10-12T01:51:40.195+00:00,자전거: 01.삼천리 카라 / 컬러: 다크민트,너무 좋아요  아들 딸과 좋은 추억 만들 수 있어 좋십니다,5,1,긍정
kkn1***,2020-10-14T12:26:14.531+00:00,자전거: 01.삼천리 카라 / 컬러: 다크블루,아주 잘 타고 있어요...거의 매일 타고 다니는데 너무 잘 사준것 같아 만족합니다...,4,1,부정
kevi*****,2020-10-27T04:04:17.010+00:00,자전거: 02.삼천리 메이비20 / 컬러: 라이트핑크,매우아주무척이나좋습니다,5,1,부정
yacc***,2020-10-07T00:23:11.296+00:00,자전거: 01.삼천리 카라 / 컬러: 다크민트,키 140cm 여학생 타기 딱 좋아요,5,1,부정
nani****,2020-10-19T13:21:31.451+00:00,자전거: 01.삼천리 카라 / 컬러: 다크블루,6학년 아이가 좋아해요 저두 같이타네요^^,5,1,긍정
woog******,2020-10-04T19:47:18.851+00:00,자전거: 01.삼천리 카라 / 컬러: 다크블루,금액대비 가성비 좋아요,5,1,부정
na51****,2020-09-13T22:27:54.183+00:00,자전거: 02.삼천리 메이비20 / 컬러: 라이트핑크,"진작사줄껄   그랬어요~   매일매일   자전거타고있어요  확찐자되서  걱정되었는데   너무좋네요~~~^^
접이식인데  튼튼하고   차에실어서   장거리이동에도  함께하고있습니다~~^^",5,1,긍정
k3****,2020-10-12T08:31:21.019+00:00,자전거: 03.삼천리 화이트라벨 / 컬러: 블랙,너무 이쁘고 좋아요 배송도 빠르고 정말강추입니다,5,1,긍정
kj20***,2020-09-24T12:00:22.501+00:00,자전거: 01.삼천리 카라 / 컬러: 다크민트,가격도 저렴하고 자전거도 이쁘네요 좋아요,5,1,부정
dltn*****,2020-09-28T04:15:17.521+00:00,자전거: 01.삼천리 카라 / 컬러: 다크블루,아이도 좋아하고 두발자전거 연습해서 올해 성공시켜봐야죠,5,1,부정
l5y5*****,2020-10-21T09:12:54.215+00:00,자전거: 02.삼천리 메이비20 / 컬러: 민트,조립하기는 힘들었지만 깔끔하고 튼튼하네요~,5,1,부정
ava_***,2020-10-08T02:00:53.092+00:00,자전거: 01.삼천리 카라 / 컬러: 다크블루,"엄마가 자전거 배우고싶다하셔서 선물했어요
체구 작은 사람한테 딱이네요. 튼튼하고 좋아요",5,1,긍정
wsl0***,2020-10-31T12:09:57.891+00:00,자전거: 02.바이맥스 샤프리 / 컬러: 라이트블루,만족합니다.....,5,2,부정
wsl0***,2020-10-31T12:09:30.585+00:00,자전거: 02.바이맥스 샤프리 / 컬러: 아이보리,"만족합니다....,",5,1,긍정
0196******,2020-10-16T07:47:45.013+00:00,자전거: 01.삼천리 카라 / 컬러: 다크블루,좀 작네요 여자가타기에 괜찮아요,4,1,긍정
hunt*****,2020-10-21T13:58:49.919+00:00,자전거: 01.삼천리 카라 / 컬러: 다크민트,감사합니다잘쓰겠습니다,4,1,부정
au****,2020-10-28T09:33:45.278+00:00,자전거: 01.삼천리 카라 / 컬러: 다크블루(바구니포함),초2아들에게 딱이네요,5,1,긍정
darc***,2020-10-11T11:14:05.197+00:00,자전거: 01.삼천리 카라 / 컬러: 다크블루,"색도맘에들고조으네요:D
아이랑자전거로한강까지다녀왔어요!",5,1,긍정
ju****,2020-09-30T23:34:31.212+00:00,자전거: 01.삼천리 카라 / 컬러: 다크블루,"국산 자전거라 퀄리티가 좋네요
잘 사용할게요",5,1,부정
gums***,2020-08-27T07:21:13.000+00:00,자전거: 02.삼천리 메이비20 / 컬러: 라이트핑크,아이가 받고 너무 좋아합니다 색깔도 너무 이쁘네요 엄마가 다 조립했어요 별다른 기구 없이 조여주기만 했네요 흠집 하나 없이 와서 너무 좋아요,5,1,부정
endy****,2020-08-28T05:20:24.000+00:00,자전거: 01.삼천리 카라 / 컬러: 다크블루,"배송은 빠르게 왔고요.
다행히 제품상태 양호하게 배송되었고요
접이식이라 거의 조립되어서 왔네요
안장과 핸들만 끼우면 되더라구요!
핸들끼우는 방법에 대한 안내문이 있으면 좋았을거라는 아쉬움은 있고요.
핸들끼울때 브레이크줄이 타이트해서 구멍에 맞출때 좀 애를써야 합니다(줄을 밀어서 핸들쪽으로 최대한 확보해야 간신히 구멍에 넣을수 있어요",5,1,부정
saed***,2020-09-03T23:15:10.000+00:00,자전거: 03.삼천리 화이트라벨 / 컬러: 화이트,"초등생부터 어른까지 모두 즐길 수 있는 자전거네요.
조립도 핸들만 해주면되고 별도의 어려운 세팅이 필요치 않아 바람만 넣어주고 바로 주행 가능합니다. 아주 좋아요",5,1,부정
quee****,2020-09-10T23:51:26.962+00:00,자전거: 01.삼천리 카라 / 컬러: 다크민트,"생일선물로 사줬어요
근데 기타비용들어가는 거나 서비스로 자물쇠하나 안들어온거 보고서 근처삼천리 사장님이 그건 너무했다 하시네요ㅋㅋㅋ
가격은 매장이라 차이가 크게 없습니다~",5,2,부정
quee****,2020-09-10T23:51:01.577+00:00,자전거: 01.삼천리 카라 / 컬러: 다크블루,"생일선물로 사줬어요
근데 기타비용들어가는 거나 서비스로 자물쇠하나 안들어온거 보고서 근처삼천리 사장님이 그건 너무했다 하시네요ㅋㅋㅋ
가격은 매장이라 차이가 크게 없습니다~",5,1,부정
ghks****,2020-10-01T12:52:46.415+00:00,자전거: 02.메이비 20 / 컬러: 라이트핑크,초 4  딸랑구 아주 잘 타고다닙니다~ 좋아요~,5,1,긍정
feel******,2020-09-27T04:02:22.689+00:00,자전거: 03.삼천리 화이트라벨 / 컬러: 화이트,배송도 정말 빠르고 자전거도 예쁘고 맘에 들어요,5,1,부정
tkdd******,2020-10-16T02:01:24.186+00:00,자전거: 03.삼천리 화이트라벨 / 컬러: 블랙,배송이 정말 빨랐습니다 가성비 짱,5,1,부정
hys7***,2020-10-23T08:04:10.992+00:00,자전거: 01.삼천리 카라 / 컬러: 다크민트(바구니포함),조립하기도쉽고좋아요,5,1,부정
99****,2020-08-28T13:05:02.000+00:00,자전거: 01.삼천리 카라 / 컬러: 다크민트,빠른 배송에 가성비 쵝오 상품까지~~ 아이가 너무 좋아했어요~~색상도 자기가 좋아하는 색이라며 초2인데 금방 익숙해져서 잘 타더라고요~ 키120센치만 넘어도 타는거 문제 없을거 같아요~~ 기어 바꾸는 방법도 쉬운지 금방 터득했고요 좋은 상품 감사합니다~,5,1,부정
tg****,2020-10-18T12:00:46.760+00:00,자전거: 02.삼천리 메이비20 / 컬러: 라이트핑크,"배송빠르고
열어보지는않았는데 포장은 꼼꼼한듯",4,1,부정
de****,2020-10-08T08:25:20.319+00:00,자전거: 01.삼천리 카라 / 컬러: 다크블루,"중1된 아이 자전거 배워줄려고 샀어요~이쁘고 좋네요 ㅎㅎ
조립도 쉬워요~",5,1,긍정
chih***,2020-08-22T08:06:14.000+00:00,자전거: 01.삼천리 카라(8월20일출고에정) / 컬러: 다크블루,예약했는데 오늘 오전에 배송이 빠르게 왔네요. 색상도 맘에 들고 예쁘네요. 당분간은 제가 타다가 125cm 딸아이가 타기에는 조금커서 내년에 초등학교 들어가면 타는법 가르쳐 줘야 겠네요.,5,1,긍정
es****,2020-09-13T08:21:39.265+00:00,자전거: 01.삼천리 카라 / 컬러: 다크블루,"자전거는 말할것없이 좋구요.ㅎ
언제오는거냐곸.문의 남겻더니.자세하게 답해주시고, 바로 처리해주시겠다고 하셔서.감동~~
아이가 너무~너무 좋아해요~~~♡",5,1,부정
1507*****,2020-10-22T10:06:34.467+00:00,자전거: 02.삼천리 메이비20 / 컬러: 민트,배송이 빨라요  예쁘네요,4,1,긍정
hyun****,2020-10-11T07:42:05.264+00:00,자전거: 01.삼천리 카라 / 컬러: 다크블루,조립도 쉽게 도고 아이가 좋아해요. 대박 나세요.,5,1,부정
leem****,2020-09-29T08:56:32.248+00:00,자전거: 03.화이트라벨 / 컬러: 블랙,가성비 좋습니다 여전히 잘 타고있어요,5,1,긍정
sunj***,2020-10-21T11:35:30.263+00:00,자전거: 01.삼천리 카라 / 컬러: 다크블루,시중보다 너무싸게 구입해서 좋아요~!!!,5,1,부정
whk1***,2020-09-06T05:54:38.493+00:00,자전거: 01.삼천리 카라 / 컬러: 다크블루,생각보다 커서 너무 좋았고 키가 158인데 타기 딱 좋아요!!! 색도 무난하고 첨에 조립할줄 몰라서 쩔쩔매다가 했네용ㅎㅎ 저렴한 가격에 좋은 자전거 감사합니당!!,5,1,긍정
junj*****,2020-09-25T21:43:07.520+00:00,자전거: 01.삼천리 카라 / 컬러: 다크블루,주문하고 다음날 배송!!겁나빨라요,5,1,긍정
minu*****,2020-09-22T04:10:38.622+00:00,,"빠른배송.
아이가 좋아합니다.
저는 조립을 별도로 대리점에서 했습니다.",4,1,긍정
ha****,2020-09-23T23:25:05.596+00:00,자전거: 02.삼천리 메이비20 / 컬러: 라이트핑크,초등학교 5학년 아이가 타기 딱 좋은 크기에 조립도 간단하고 정말 좋습니다.,5,1,긍정
gq_0***,2020-09-13T03:10:55.859+00:00,자전거: 02.삼천리 메이비20 / 컬러: 라이트핑크,색깔 예쁜 베이비핑크라 좋아요! 어머니가 만족하시네요.,5,1,부정
jbd8***,2020-09-24T06:24:56.588+00:00,자전거: 01.삼천리 카라 / 컬러: 다크블루,배송은 좀 늦었지만 자전거 튼튼하고 잘 받았습니다,5,1,부정
ka****,2020-09-27T12:44:33.938+00:00,자전거: 01.삼천리 카라 / 컬러: 다크블루,"쉽게 조립했고, 매우 튼튼합니다.
애가 아주 좋아합니다~",5,1,긍정
nawl***,2020-10-01T01:51:48.506+00:00,자전거: 03.삼천리 화이트라벨 / 컬러: 화이트,생각보다 쉽게 조립했어용,5,1,부정
ares****,2020-09-21T10:39:54.887+00:00,자전거: 01.삼천리 카라 / 컬러: 다크블루,"초1자전거 구입 굿굿굿
무겁긴해요 디자인이이쁩니다",5,1,긍정
1001***,2020-10-23T13:37:17.446+00:00,자전거: 01.삼천리 카라 / 컬러: 다크블루,거진 90프로 조립되어 있어서 편해요,5,1,부정
kwon******,2020-10-18T05:14:57.694+00:00,자전거: 01.삼천리 카라 / 컬러: 다크블루,잘받았습니다 딸이 좋아해요,3,1,부정
qkql*******,2020-10-14T10:25:52.246+00:00,자전거: 02.삼천리 메이비20 / 컬러: 라이트핑크,"조립이 그렇게 어렵진 않았지만 무거운 편이에요
색은 예쁜데 계속 안장을 높여도 내려가요",4,1,부정
xf****,2020-08-03T12:26:55.000+00:00,자전거: 01.카라 / 컬러: 다크민트,"별하나도 주기싫으면 어떻게해야하죠? 하나밑으로 안되네요.
 카라랑 메이비 하나씩 주문했는데 카라가 마치 중고제품같네요 두군데 도장과 안쪽 금속이 다긁힌 상처가있고 그중한군데에선 녹처럼 빨갛게올라오고있어요
아마 누군가 받았다가 반품한 제품인것인지 조립전 핸들 하부 결합구에 마개도없고 손잡이비닐 타이어비닐도 없고 전체적으로 너무 지저분합니다.
새것가격주고 중고나라에서 중고 산 기분이네요.
어떤 생각으로 이런 걸 보내셨는지 모르겠습니다.",1,1,부정
hees*****,2020-09-26T10:17:04.666+00:00,자전거: 03.삼천리 화이트라벨 / 컬러: 블랙,작은거 태우다가 바꿔줬더니 잘타고 좋아하네요,5,1,긍정
kisi****,2020-09-17T10:44:41.289+00:00,자전거: 02.삼천리 메이비20 / 컬러: 라이트핑크,저렴이잘샀어요~근데앞바퀴바람이다빠져서왔어요ㅠ제품은좋아요,3,1,긍정
ck****,2020-09-20T04:34:27.050+00:00,자전거: 01.삼천리 카라 / 컬러: 다크민트,역시  스탠이라 무거움  이  있지만  가격대비  만족  합니다  삼천리에서  3만원주고  조립했는데  잘  나가요  ~~,4,1,긍정
kms4***,2020-10-13T09:18:24.936+00:00,자전거: 01.삼천리 카라 / 컬러: 다크블루,"접이식이라 차량 이동은 쉬운데 펼쳤을 경우 약간의 브레이크 등이
제대로 작동안하는 경우가 있습니다.",4,1,긍정
jjuy****,2020-09-08T13:14:59.533+00:00,자전거: 02.삼천리 메이비20 / 컬러: 라이트핑크,"초등학생 딸아이 두번째 자전거인데 예쁘네요 ^^
좀 무겁긴하지만 가격대비 구성품도 좋고 배송도 빠르고 만족합니다",5,1,긍정
mulk****,2020-09-13T13:21:50.771+00:00,자전거: 02.삼천리 메이비20 / 컬러: 라이트핑크,"배송 빠르네요~
딸이 빨리 타고 싶어해서  남편없이  저혼자  조립했네요ㅎ  꼼꼼한 포장상태도  굿~~",5,1,부정
sk****,2020-09-01T22:29:52.000+00:00,자전거: 03.삼천리 화이트라벨 / 컬러: 화이트,일단 외관 사이즈 디자인은 전부 만점입니다  근데 육각렌츠가 없어서 조이질 못하네요 참고하세요 일단 제품은 대만족!,4,1,긍정
lieb******,2020-09-27T00:11:49.282+00:00,자전거: 01.삼천리 카라 / 컬러: 다크블루,"이쁘네요
배송이 연휴때매 늦었지만
잘 탔습니다~",4,1,긍정
sunn*****,2020-09-26T01:43:51.643+00:00,자전거: 02.삼천리 메이비20 / 컬러: 민트,조립도 쉽게 잘 됐구요. 색깔도 이뻐요,5,1,부정
ahna***,2020-09-14T01:15:17.475+00:00,자전거: 02.삼천리 메이비20 / 컬러: 민트,"135? 정도 되는 초등 딸아이 위해 구입했습니다.
아들 경험에 금방 작아지고해서 욕심부려 22인치 구매했다가 20인치로 재구매하네요.
발안닿으니 무서워해서 안장 최대로 낮추니 까치발 들고 딱 좋았어요.
곰손인 아이아빠가 금방 조립해주어서 좋았습니다.
기어없는 유아자전거 타다가 레벨업해주었더니 씽씽 잘타서 흡족합니다.",5,1,부정
coar***,2020-10-21T11:27:49.094+00:00,자전거: 01.삼천리 카라 / 컬러: 다크블루,아들이 많이 좋아하네요.,5,1,긍정
claf*****,2020-09-04T09:31:34.000+00:00,자전거: 02.삼천리 메이비20 / 컬러: 민트,우선 배송 엄청빠르고요  조립도 설명서 없이 쉽게할수 있었습니다,5,1,긍정
dkcl********,2020-10-19T07:37:50.655+00:00,자전거: 02.삼천리 메이비20 / 컬러: 민트,화면보다 색상이 더 밝고 예쁘네요^^,4,1,부정
ggoy******,2020-10-04T03:46:36.087+00:00,자전거: 01.삼천리 카라 / 컬러: 다크블루,잘 타고 다니고 이썽요~,5,1,부정
deux***,2020-10-21T15:01:02.796+00:00,자전거: 02.삼천리 메이비20 / 컬러: 라이트핑크,배송 빠르구 이뻐요,5,1,긍정
yacc***,2020-08-29T05:50:23.000+00:00,자전거: 01.삼천리 카라 / 컬러: 다크민트,"조립하긴 쉬워요
약간의 흠도 있지만 타는데 괜찮을거 같아 구매확정해요
접이식이라서 차에 싣고 다닐수 있을거 같네요
배송 빠르고 좋아요",5,1,부정
yhdi***,2020-09-25T23:50:43.061+00:00,자전거: 01.삼천리 카라 / 컬러: 다크블루,설명서가 없어서 힘들었어요,5,1,부정
jine****,2020-09-02T12:45:23.000+00:00,자전거: 03.삼천리 화이트라벨 / 컬러: 화이트,조립이 생각보다 쉬웠어요~ 8살 쌍둥이들이 탐내내요~ 좀더 크면 같이 타도 되겠어요~ 합리적인 가격에 퀄리티 좋은것 같아요~ 비가와서 밖에서 타보진 못했어요~ 다음주에 아이들이랑 같이 달려봐야겠어요~,4,1,긍정
ny78****,2020-10-11T05:23:48.900+00:00,자전거: 03.삼천리 화이트라벨 / 컬러: 화이트,"구매후기보고   주문했는데     좋네요~~^^

딸아이   키137cm     아빠,엄마  모두  같이  사용해도  되겠어요~~^^",5,1,긍정
redp********,2020-09-21T17:48:34.983+00:00,자전거: 01.카라 / 컬러: 다크민트,딸아이가 잘 타고 노네요 색깔도 너무 예뻐요,5,1,부정
8828***,2020-09-26T09:29:07.184+00:00,자전거: 03.삼천리 화이트라벨 / 컬러: 화이트,사이즈도 딱 좋고 아주 이쁘네요^^♡,5,1,부정
hang***,2020-10-18T13:24:21.639+00:00,자전거: 02.바이맥스 샤프리 / 컬러: 아이보리,여자아이가 타기에 딱좋아요,5,1,부정
hoho*******,2020-09-27T15:50:41.275+00:00,자전거: 03.삼천리 화이트라벨 / 컬러: 화이트,"배송도 엄청 빠르고 포장도 나름 잘되서 왔어요
다만 핸들부분 조립설명서가 없어  조금 헷갈렸어요
자전거는 좋아요",4,1,부정
42****,2020-08-25T10:32:57.000+00:00,자전거: 01.삼천리 카라(8월20일출고에정) / 컬러: 다크민트,"초3 키 130센티미터입니다
타는데 무리 없습니다 기다린 보람이 있네요
성인 여자 혼자서 조립하기 어렵지 않아요
박스에서 꺼내기가 힘들지
조립 금방 입니다
꼼꼼하게  포장 잘 해주셨고
흠집 없습니다",5,1,긍정
emin****,2020-09-23T10:24:57.195+00:00,자전거: 01.삼천리 카라 / 컬러: 다크블루,자전거도 이쁘구 맘에들어여 근데 뒷바퀴에 바람이 하나도없이왔네여,4,1,긍정
ghwn*****,2020-09-23T09:28:07.796+00:00,자전거: 03.삼천리 화이트라벨 / 컬러: 화이트,설명 필요도 필요하고 그냥 대리점에 가져가서 해달라고 하세욤.,4,1,긍정
wldu****,2020-09-24T09:11:37.645+00:00,자전거: 01.삼천리 카라 / 컬러: 다크블루,배송도 빠르고 실물이 더 좋아요,5,1,부정
cjsw*****,2020-09-28T15:26:06.949+00:00,자전거: 02.메이비 20 / 컬러: 라이트핑크,너무 잘타고 있습니다. 튼튼해요~~,5,1,긍정
ajy1***,2020-09-25T04:16:41.107+00:00,자전거: 02.삼천리 메이비20 / 컬러: 라이트핑크,좀더연습하고 넓은곳으로가서 타면 아이가 더 좋아할것 같아요,4,1,부정
happ********,2020-09-09T12:52:57.108+00:00,자전거: 01.삼천리 카라 / 컬러: 다크블루,아이가 좋아하네요. 받아서 브레이크 조정하느라 수리점에서 만원 주고 조정했구요.흙받이가 문제가 있었는데 다시 보내주셨네요. 사진은 흙받이 분리 상태네요.,5,1,긍정
qocn****,2020-09-24T12:33:39.162+00:00,자전거: 01.삼천리 카라 / 컬러: 다크블루,9살 아들 선물했는데 또래보다 작은편이지만 안장 낮추어타니 딱이네요 아들이 좋아해서 저두 기분좋은 선물입니다!!,5,1,부정
aaaa****,2020-09-21T23:44:36.231+00:00,자전거: 01.삼천리 카라 / 컬러: 다크블루,"조립 간단하고 좋아요
배송도 하루만에 왔고요",5,1,긍정
iv****,2020-10-16T06:50:33.034+00:00,자전거: 02.삼천리 메이비20 / 컬러: 라이트핑크,"배송이 빠릅니다.
초등학교 2학년이 타는데, 문제 없어요.",5,1,긍정
chaw*****,2020-10-14T11:56:17.794+00:00,자전거: 02.삼천리 메이비20 / 컬러: 민트,포장상태 좋고 상품또한 문제 없이 잘받았습니다,5,1,긍정
chyu****,2020-09-16T13:26:48.445+00:00,자전거: 01.카라 / 컬러: 다크민트,이쁘게 잘 타고있어요. 아이들도 좋아하고 저도 재미있네요,5,1,부정
silv******,2020-09-22T04:27:24.179+00:00,자전거: 03.화이트라벨 / 컬러: 블랙,접어서 차로 이동하기 편하고 색상도 핑크라 아이가 좋아해요~^^,5,1,부정
jyek****,2020-10-18T04:48:31.475+00:00,자전거: 01.삼천리 카라 / 컬러: 다크블루,저렴한가격에 잘샀습니다,5,1,부정
real******,2020-08-25T00:59:10.000+00:00,자전거: 02.삼천리 메이비20(8월20일출고에정) / 컬러: 민트,"예약날짜 되자마자 바로 발송해주셔서 받았구요. 메이비 디자인 깔끔하고 좋네요. 많이 무거울까봐 걱정했는데, 초3 딸아이 가뿐하게 잘타네요. 자전거 대리점에 박스 채 들고가서  만얼마 주고 조립했더니 잘 맞춰주셨어요.  안장커버 추가 했는데, 좀 커서 딱 맞진 않고, 좀 미끄러웠어요.  딸이 너무 신나하네요~",5,1,부정
sopb***,2020-10-17T06:12:34.179+00:00,자전거: 03.삼천리 화이트라벨 / 컬러: 블랙,정말아이가 맘에 들어하네요,5,1,부정
yunk****,2020-10-11T07:13:44.101+00:00,자전거: 01.삼천리 카라 / 컬러: 다크블루,예쁘네요 조립도 쉽고,5,1,긍정
hijo****,2020-09-29T13:30:47.677+00:00,자전거: 02.삼천리 메이비20 / 컬러: 라이트핑크,"조립 혼자서 절대 못합니다 
대리점가서 2만원 주고 조립했네요...
글구 8살 보통 체격 키의 여자아이가 타기엔 무리입닏다 너무 커요 ㅠㅜ 그래서 울며 겨자먹기로 제가 타기로.. 39살 아줌마인데..",3,1,부정
yg****,2020-09-28T02:36:10.083+00:00,자전거: 01.삼천리 카라 / 컬러: 다크블루,어머니 사드렸는데 제가 타도 좋네요,5,1,긍정
mihe****,2020-09-04T13:17:37.000+00:00,자전거: 01.삼천리 카라 / 컬러: 다크블루,"배송이 늦었지만
택배사의
문제니 
자전거 받고는 조립도 금방 했고
좋아요^^잘타구있어요",5,1,부정
pave*****,2020-10-11T23:06:21.498+00:00,자전거: 03.삼천리 화이트라벨 / 컬러: 화이트,핸들 등 간단한 조립만 하면 되서 더욱 믿고 사용할 수 있습니다.,5,1,긍정
shed***,2020-10-12T23:39:51.869+00:00,자전거: 02.삼천리 메이비20 / 컬러: 라이트핑크,가격대비 이쁘고 아이들이 좋아해요,5,1,부정
syle*****,2020-09-18T11:53:59.904+00:00,자전거: 02.삼천리 메이비20 / 컬러: 라이트핑크,"자전거는  이쁘고 좋네요

근데 배송이  3일 걸렸네요",5,1,긍정
yeo0***,2020-09-20T23:44:09.772+00:00,자전거: 01.삼천리 카라 / 컬러: 다크블루,조립도 쉽고 괜찮습니다 일할때 이동할때 짐싣고 요긴하게 타고 있네요,5,1,긍정
wodm*****,2020-09-08T02:50:10.603+00:00,자전거: 03.삼천리 화이트라벨 / 컬러: 화이트,너무 이쁘고 좋아요 날도 시원해서 이제 자주 탈것같아요 근데 조립은 저는 생각보다 어려워서 많이 허덕거렸어요ㅠㅠ,5,1,긍정
qkqx****,2020-09-11T12:19:59.968+00:00,자전거: 03.삼천리 화이트라벨 / 컬러: 화이트,"빠른배송도 좋았고. 자전거도 너무 맘에들어요^^
가성비 짱이예요",5,1,부정
to****,2020-09-26T02:51:36.051+00:00,자전거: 01.삼천리 카라 / 컬러: 다크블루,7세 아이 입문용으로 가성비 좋아요.,4,1,부정
sans***,2020-09-06T04:57:09.623+00:00,자전거: 02.삼천리 메이비20 / 컬러: 민트,민트는 8살 딸아이 주려고 구매했습니다 배송이 빠릅니다 그리고 조립도 쉬웠고요~~~단점이 있다면 딸아이가 겁이많아서 안타려고한다는게 문제이네요~~~,5,1,긍정
100k****,2020-09-04T13:54:48.000+00:00,자전거: 02.삼천리 메이비20 / 컬러: 민트,"사진보다 색이 좀 진한 민트색이네요~
저는 조립하는데 좀 힘들었어요.
디자인이 예뻐서 초등학교 3학년이 타기 좋아요~",4,1,긍정
omgg***,2020-10-11T23:55:19.261+00:00,자전거: 01.삼천리 카라 / 컬러: 다크블루,역시 삼천리에요~불량 없고 조립 잘 하였습니다.,5,1,긍정
fanc*******,2020-09-01T02:08:15.000+00:00,자전거: 03.삼천리 화이트라벨(8월20일출고에정) / 컬러: 화이트,일단 다른 자전거에 비해 가벼워서 샀는데 뭔가 안정성이 살짝 부족한 느낌이 들어요 그래도 이가격에 이정도면 괜찮은거겠죠..? 접히는거도 잘접히고 화이트 색이 이뻐요,4,1,부정
kx****,2020-10-12T03:53:03.128+00:00,자전거: 01.삼천리 카라 / 컬러: 다크민트,무게감 있는거 외에는 가성비 좋습니다.,4,1,긍정
jamj*****,2020-09-25T01:07:36.071+00:00,자전거: 02.삼천리 메이비20 / 컬러: 라이트핑크,너무 이쁘고 좋습니다,5,2,긍정
winm****,2020-10-19T03:29:28.781+00:00,자전거: 01.카라 / 컬러: 다크민트,초등2 딸아이가 아주 좋아 합니다,5,1,부정
ri****,2020-09-18T13:14:55.408+00:00,자전거: 02.삼천리 메이비20 / 컬러: 라이트핑크,자전거 좋아요. 아이가 좋아합니다:),5,1,부정
9877****,2020-08-25T02:43:01.000+00:00,자전거: 01.삼천리 카라(8월20일출고에정) / 컬러: 다크블루,배송 빠르고 포장도 꼼꼼하게 잘되있네요 조립도 쉽고 아이도 좋아하고 좋은제품 감사합니다^^,5,1,긍정
trev****,2020-08-30T02:41:00.000+00:00,자전거: 01.삼천리 카라(8월20일출고에정) / 컬러: 다크민트,계속 비가 와서 자전거 받은지 일주일 만에 풀러봤습니다. 조립은 어렵지 않지만 핸들 맞추는 법을 모르겠어 너튜브 보고 했네요. 조립 설명서도 같이 있으면 좋을것 같습니다,4,1,긍정
lm****,2020-10-08T01:49:20.088+00:00,자전거: 03.삼천리 화이트라벨 / 컬러: 화이트,여자가 조립하기에는 힘든것 같지만 디자인이 마음에 들고 직접 타보니 더 마음에 들었어요.,4,1,긍정
miga***,2020-09-24T08:16:29.062+00:00,자전거: 01.삼천리 카라(8월20일출고에정) / 컬러: 다크블루,아이가좋아하고 잘타고있습니다,5,1,부정
10****,2020-09-06T10:07:32.355+00:00,자전거: 01.삼천리 카라 / 컬러: 다크블루,"설명서가 조금더 자세했으면 좋겠습니다
가성비로는 아주 만족스럽습니다 
조립만하고 계속 비와서 아직 타보진
못했어요 그리고 실물이 더 이쁩니다",4,1,부정
nimb******,2020-09-24T20:13:53.534+00:00,자전거: 01.삼천리 카라 / 컬러: 다크블루,"배송 빠르고 조립도 간편, 품질도 굿 입니다.",5,1,부정
p009***,2020-10-13T04:03:47.493+00:00,자전거: 01.삼천리 카라 / 컬러: 다크민트,배송빠르고 저렴함 최고임,5,1,부정
mire****,2020-09-25T07:06:22.836+00:00,자전거: 01.삼천리 카라 / 컬러: 다크블루,조립 편하고 깔끔 해요 추천,5,1,긍정
atta****,2020-10-14T03:44:26.444+00:00,자전거: 02.삼천리 메이비20 / 컬러: 민트,배송도 완전 발리왔고 조립도 나름 쉽네요,5,1,긍정
sexy******,2020-08-09T09:34:16.000+00:00,자전거: 02.메이비 22 / 컬러: 민트,"카라가품절이여서메이비로주문했는데주문하길잘한거같아요 초2딸큰듯하지만무난히잘탑니다
색깔도예뻐요",5,1,긍정
chon******,2020-10-16T01:19:29.868+00:00,자전거: 02.삼천리 메이비20 / 컬러: 라이트핑크,아이들이 넘 좋아해요~~^^,5,1,긍정
ghse***,2020-08-30T12:50:17.000+00:00,자전거: 01.삼천리 카라(8월20일출고에정) / 컬러: 다크블루,키 150대도 무난하게 탈 수 있는 크기예요 새 자전거라 아직까지 별 문제없이 잘 타고 있습니다 다만 무게가 좀 무겁고 조립 설명서가 없다는 점이 아쉽네요,4,1,긍정
tmdw*****,2020-10-08T13:32:44.698+00:00,자전거: 01.카라 / 컬러: 다크민트,차에 실고 다니려고 접이식 샀어요 무거워서 힘들지만,3,1,부정
74****,2020-09-10T07:24:35.933+00:00,자전거: 03.삼천리 화이트라벨 / 컬러: 화이트,딱원하던사이즈예요. 조립은 어려워 어차피 조율도 받아야하니 비용 지불하고 조립과 조율을 받으려구요,5,1,부정
1211****,2020-09-14T08:26:28.274+00:00,자전거: 02.삼천리 메이비20 / 컬러: 민트,"딸이 좋아 하네요.

튼튼하고 잘 움직입니다.

보조 바퀴 달 때 힘 많이 쓴거 빼곤 다 좋습니다.",5,1,부정
hyan*****,2020-10-10T06:46:28.151+00:00,자전거: 01.삼천리 카라 / 컬러: 다크블루,배송이 늦어요...따로와서 더 불편했어요,3,1,긍정
heed*****,2020-08-30T14:12:11.000+00:00,자전거: 01.삼천리 카라(8월20일출고에정) / 컬러: 다크블루,초2  타기에 좋아요. 자전거가 살짝 무거운감 있지만 그래도 잘 타고다니네요. 조립하기 쉬웠고 조율따로 안했어요. 가격대비 가성비 좋은 자전거인거같아요^^,4,1,부정
gksr*******,2020-10-10T16:33:51.749+00:00,자전거: 01.삼천리 카라 / 컬러: 다크블루,너무 좋구요. 색깔도 예뻐요 ^^,5,1,긍정
kim0*****,2020-10-12T04:23:49.565+00:00,자전거: 01.삼천리 카라 / 컬러: 다크블루,초등 4학년 딸아이가 쓰기에 적당하고 좋아요.,5,1,부정
rksg*****,2020-09-23T06:54:38.419+00:00,자전거: 02.삼천리 메이비20 / 컬러: 라이트핑크,아이가 너무좋아하네요^^,5,1,긍정
miga***,2020-09-24T08:17:22.193+00:00,자전거: 01.삼천리 카라(8월20일출고에정) / 컬러: 다크민트,트렁크에 넣고다니며 잘태우고 있습니다,5,1,부정
wlsd******,2020-08-30T11:21:07.000+00:00,자전거: 03.삼천리 화이트라벨 / 컬러: 화이트,"배송도 빠르고 생각보다 가성비괜찮네요!
서비스로 주신 부속품들도 유용해서 좋아요",5,1,부정
mija****,2020-09-16T18:37:46.155+00:00,자전거: 01.삼천리 카라 / 컬러: 다크블루,여자가 조립하기에는 조금 힘이 들지만 그래도 자전거 샵에서 돈을 주고 조립할 정도는 아니네요,3,1,부정
last****,2020-10-15T13:08:08.965+00:00,자전거: 03.삼천리 화이트라벨 / 컬러: 블랙,설치 굉장히 쉽습니더,5,1,부정
js97****,2020-10-15T08:40:09.827+00:00,자전거: 01.삼천리 카라 / 컬러: 다크블루,딸도 타고 저도 타고 성인 여성이 타기 딱 좋습니다.,4,1,부정
jiye***,2020-09-09T05:37:44.946+00:00,자전거: 02.삼천리 메이비20 / 컬러: 민트,아직 키가 130이 안되서 잘 못타지만 내년이면 잘 탈 수 일을꺼 같아요.. 무겁긴 하지만 튼튼해 보이고 좋네요,5,1,부정
tndu*****,2020-09-16T06:37:20.577+00:00,자전거: 02.삼천리 메이비20 / 컬러: 민트,배송도 빨랏고 우리아이가 잘타고 다녀서 너무 좋네요 ^^,5,1,부정
yhdi***,2020-09-22T12:50:57.815+00:00,자전거: 02.삼천리 메이비20 / 컬러: 라이트핑크,배송빠르고 이뻐요 감사핮니다,5,1,부정
soda***,2020-09-08T08:56:01.773+00:00,자전거: 01.삼천리 카라 / 컬러: 다크민트,140cm 타기 좋아요. 포장 꼼꼼히 배송왔고 타이어 빵빵해서 조립해서 바로 라이딩합니다,5,1,긍정
sh****,2020-10-07T23:50:01.755+00:00,자전거: 01.삼천리 카라 / 컬러: 다크블루,"초등학교 3학년 아이 선물로 구매, 아이가 매일 타면서 좋아합니다.
많이 파세요~",5,1,긍정
tkfk*******,2020-10-17T03:33:36.179+00:00,자전거: 02.삼천리 메이비20 / 컬러: 민트,기대가되요  고맙습니다,5,1,긍정
soju****,2020-10-09T04:03:41.194+00:00,자전거: 02.삼천리 메이비20 / 컬러: 민트,잘선택한 것 같습니다. 딸아이도 편하게 잘타네요.,5,1,부정
haha******,2020-09-05T07:31:05.000+00:00,자전거: 01.삼천리 카라 / 컬러: 다크블루,"엄마 선물로 샀어요!
엄마 키가 149인데 잘 맞아요. 귀욥귀욥
아빠가 조립해줬는데 금방 조립하시더라구요!ㅎㅎ",5,1,긍정
tika***,2020-10-12T09:44:56.649+00:00,자전거: 01.삼천리 카라 / 컬러: 다크블루,아이에게 조절해서 타니까 좋아요~,4,1,긍정
yeon******,2020-09-11T07:51:03.746+00:00,자전거: 03.삼천리 화이트라벨 / 컬러: 화이트,"배송빠르고 친절하시고 싸고 넘 좋음 그런데 딱 가격만큼 함 그렇게 튼튼하진않음 그리고 안장 보호대해도 넘 아프ㅏ,,,",4,1,부정
8912***,2020-09-24T09:38:06.937+00:00,자전거: 03.삼천리 화이트라벨 / 컬러: 블랙,자전거 커플 산책용으로 샀어요,5,1,긍정
8912***,2020-09-24T09:37:33.036+00:00,자전거: 03.삼천리 화이트라벨 / 컬러: 화이트,산책용 자전거 커플 구입했어요,5,1,부정
kmle***,2020-09-21T01:56:15.128+00:00,자전거: 01.삼천리 카라 / 컬러: 다크블루,배송도 빠르고 제품도 튼튼하니 마음에 듭니다.,4,1,긍정
open****,2020-09-12T07:34:50.917+00:00,자전거: 03.화이트라벨 / 컬러: 블랙,휴대편의성이 최곱니다. 접으면 마티즈에 두대 들어갑니다,5,1,긍정
ever****,2020-08-25T11:34:30.000+00:00,자전거: 01.삼천리 카라(8월20일출고에정) / 컬러: 다크블루,"가격대비 좀 허접한듯해요
색은 이쁜데 땜질한 자국이 넘 심하게 나네요
삼천리 브랜드 믿고 구입했는데 좀 부실한 느낌이 드네요",4,1,긍정
kasm*****,2020-10-16T04:14:47.349+00:00,자전거: 01.삼천리 카라 / 컬러: 다크민트,가성비 정말 좋네요^^,5,1,부정
epik***,2020-09-16T01:50:38.224+00:00,자전거: 01.삼천리 카라 / 컬러: 다크블루,"싸게 잘산거 같아요
삼천리라 브랜드있는거라 어디서든 A/S 될꺼 같아서 마음이 들어요",5,1,긍정
boya***,2020-08-01T17:25:20.000+00:00,,"배송도 빠르고 하자나 흠집없는 상품으로 와서 기분이 좋네요 색상도 한참 고민했는데 잘 선택한것 같아요^^
요즘 동네에 자전거 붐이 일었는지 많이들 타고 다니길래 저도 운동도 할겸 가까운 곳은 타고나니려고 구매했는데 옛날 생각도 나고 좋네요ㅎㅎ 
안장이랑 손잡이부분이 편하고 안장 높이가 쉽게 조절가능해서 좋더라구요 접이식이니 차에싣고 야외로 가지고 나갈수도 있고~ 
받자마자 공원이랑 동네 몇군데 타고다녔는데 자전거 예쁘다는 말 몇번 들었어요 디자인이나 실용성, 내구성 모두 만족합니다^^",5,1,부정
jy****,2020-08-29T04:10:35.000+00:00,자전거: 02.삼천리 메이비20 / 컬러: 라이트핑크,"색상도예쁘고,여자혼자  조립도 쉬웠어요.
다만조이는걸 꽉 해야할꺼같아요.
가성비좋고,동네마실용으론딱좋아요.",4,1,부정
dlth*******,2020-10-12T01:34:41.438+00:00,자전거: 03.삼천리 화이트라벨 / 컬러: 블랙,아직 조립하기 전인데 튼튼하게 잘 배송왔어요~,5,2,긍정
dlth*******,2020-10-12T01:34:35.397+00:00,자전거: 03.삼천리 화이트라벨 / 컬러: 화이트,아직 조립하기 전인데 튼튼하게 잘 배송왔어요~,5,1,부정
79ni***,2020-09-22T13:18:30.872+00:00,자전거: 02.삼천리 메이비20 / 컬러: 라이트핑크,조립도 쉽고 배송도 빠르고 좋았습니다.,5,1,부정
shed***,2020-10-12T23:39:33.942+00:00,자전거: 02.삼천리 메이비20 / 컬러: 민트,가격대비 이쁘고 좋습니다,5,1,긍정
giri****,2020-09-06T02:02:16.261+00:00,자전거: 01.삼천리 카라 / 컬러: 다크민트,"배송 상태 좋고 엄청 빨리 도착했습니다.
무게가 있어서 엄마가 접고 차에 싣기에는 무리가 있어요~~",5,1,긍정
coo2***,2020-09-27T10:20:53.630+00:00,자전거: 01.삼천리 카라 / 컬러: 다크민트,잘 사용하고 있어요~,5,1,부정
4383***,2020-10-14T11:24:38.118+00:00,자전거: 02.삼천리 메이비20 / 컬러: 라이트핑크,조카에게 사 줬는데 잘 안타요,5,1,긍정
js****,2020-10-12T14:40:53.693+00:00,자전거: 01.삼천리 카라 / 컬러: 다크블루,안장 높이 조절이 있어 여러사람이 탈수 있어유용함,4,1,부정
21ac***,2020-09-08T04:01:01.397+00:00,,비가 와서 안 타봤지만 바구니 작은 게 너무 아쉬워요..중자정도만 되어도 가방도 들어가겠는데...마트 장 볼 때 바구니가 너무 유용한데 너무 작아서 ㅠㅠ 일단 외관은 괜찮아요...포장도 튼튼하게 해주셔서 작은 기스 하나 없더라고요.,3,1,부정
ca****,2020-09-10T10:05:20.576+00:00,자전거: 01.삼천리 카라 / 컬러: 다크블루,접었을때 부피가 좀 커요 처음엔 냄새가 좀 나요,5,1,부정
ohcr********,2020-09-22T10:38:37.088+00:00,자전거: 02.삼천리 메이비20 / 컬러: 라이트핑크,"이뻐요.
쉽고 좋네요",5,1,부정
sonh*****,2020-07-30T22:23:38.000+00:00,자전거: 01.카라 / 컬러: 다크민트,"배송도 빠르고, 생각보다 이뻐요 ㅋㅋ
그리고 튼튼해보여서 너무만족합니다 역시 자전거는 삼천리 자전거인것같아요~ 동네 마실용으로 보다가 이것저것 비교해보고 구매한건데 조립은 사실 남편이 다 해줘써요! 금방 뚝딱해주더라구요!  전문적으로 운동을 하려고 구매한건 아니고, 그냥 딱~ 동네 마실용으로 산건데 아주 나이스예요! 걸어가기는 애매하고 버스타기도 애매한 거리갈때 최고! 올여름은 자전거로 운동좀 해보겠습니다! 아 그리고 접이식이라 차에 딱 싣고다닐수있어서 좋은것같아요 활용도가 높을것같아요! 대만족!",5,1,긍정
appl*******,2020-09-20T03:51:20.253+00:00,자전거: 01.삼천리 카라 / 컬러: 다크민트,쉽게 접히고 아이가 좋아합니다. 초2 여아 안장 낮춰서 타면 좋습니다. 22인치 하려다 20인치했는데 만족합니다. 그런데 조금 무거워요,5,1,긍정
says***,2020-10-09T09:35:34.173+00:00,자전거: 01.삼천리 카라 / 컬러: 다크블루,"가격대비 괜찮아요 
아이가 좋아해요",4,1,긍정
qh****,2020-09-08T10:29:57.206+00:00,자전거: 01.삼천리 카라 / 컬러: 다크블루,"포장도 꼼곰히 해주시고 배송도 빠르네요
아들램이가 정말 좋아했어요",5,1,긍정
sh19***,2020-10-15T06:03:46.532+00:00,자전거: 01.삼천리 카라 / 컬러: 다크블루,잘받앗습니다 이쁩니다,5,2,긍정
sh19***,2020-10-15T06:03:31.353+00:00,자전거: 01.삼천리 카라 / 컬러: 다크민트,잘받앗습니다 이쁩니다,5,1,긍정
mins********,2020-08-27T03:08:44.000+00:00,자전거: 01.삼천리 카라 / 컬러: 다크블루,"빠른배송 감사드려요
일단 조립이 너무 쉽고 아이와 타보니 금액대비 가성비 좋습니다",5,1,긍정
runn****,2020-09-20T06:06:25.359+00:00,자전거: 02.삼천리 메이비20 / 컬러: 라이트핑크,배송 빠르고 자전거도 상태 좋음,5,1,부정
ckck***,2020-10-12T16:51:01.800+00:00,자전거: 02.삼천리 메이비20(8월20일출고에정) / 컬러: 민트,잘받아서 사용하고 있어요  이쁜편,4,1,긍정
tofu****,2020-09-08T03:27:48.565+00:00,자전거: 01.삼천리 카라 / 컬러: 다크민트,"만족합니다 ㅎㅎㅎ
안전하게 잘 이용해볼게요",5,1,긍정
ca****,2020-09-10T10:04:12.695+00:00,자전거: 03.삼천리 화이트라벨 / 컬러: 화이트,접었을때 은근 부피가 있어요 처음엔 냄새가 좀 나요,5,1,부정
1096***,2020-10-07T15:55:13.589+00:00,자전거: 03.삼천리 화이트라벨 / 컬러: 블랙,배송도 빠르고 저렴해서 좋아요,5,1,부정
tyvp******,2020-09-02T12:45:22.000+00:00,자전거: 01.삼천리 카라 / 컬러: 다크민트,아직조립전이에요 무거운데 가벼우려면 가격대가 올라가겠죠 조립해서타보고 후기올릴게요,5,1,긍정
sky9****,2020-10-01T11:53:56.692+00:00,자전거: 02.삼천리 메이비20 / 컬러: 라이트핑크,정말 애들이 좋아 하내요  추석선물로 딱이였습니다,5,1,긍정
supe*******,2020-10-10T06:08:37.811+00:00,자전거: 01.삼천리 카라 / 컬러: 다크블루,빠른배송감사합니다.,5,1,부정
m4****,2020-10-07T13:17:17.484+00:00,자전거: 02.삼천리 메이비20 / 컬러: 민트,조립하기가 조금힘들었지만 아주 만족합니다,5,1,긍정
yj01****,2020-10-10T09:37:03.838+00:00,자전거: 01.삼천리 카라 / 컬러: 다크블루,우리아이 첫 자전거로 괜찮았으면 좋겠습니다,5,1,긍정
no01***,2020-08-18T13:06:22.000+00:00,자전거: 01.카라 / 컬러: 다크블루,"아내가 타고 다니는데 너무 좋다고 합니다.
여성용으로 최고의 사이즈에 가성비 좋고
조립도 쉬워서 너무 만족합니다.
바구니가 생각보다 많은 활용을 할 수있어 좋습니다. 감사합니다..",5,1,긍정
gods******,2020-09-20T22:15:19.590+00:00,자전거: 01.삼천리 카라 / 컬러: 다크민트,어제'시승했는데 완전 좋아요ㅋ,5,1,부정
1096***,2020-10-07T15:54:54.451+00:00,자전거: 03.삼천리 화이트라벨 / 컬러: 화이트,배송도 빠르고 저렴해서 좋아요 ~~,5,1,부정
ra****,2020-09-13T21:45:49.887+00:00,자전거: 03.화이트라벨 / 컬러: 블랙,"자전거 열심히 타고있어요
코로나때문에 어디 다니지도 못하는데 자전거로운동많이하고있네요",4,1,부정
snow****,2020-09-11T06:05:13.208+00:00,자전거: 01.삼천리 카라 / 컬러: 다크블루,"8세 아이가 타기에 적당해요, 접이식이라 차에 실어 이동하기에도 좋을거 같아요!^^",5,1,부정
kapp****,2020-09-20T01:01:30.071+00:00,자전거: 01.삼천리 카라 / 컬러: 다크민트,초등학생이타기좋아요,4,1,부정
yema****,2020-08-27T04:50:25.000+00:00,자전거: 01.삼천리 카라(8월20일출고에정) / 컬러: 다크민트,"초3 여자아이 기어 있는 자전거 원해서 찾아보다 가성비 좋은 자전거 발견해서 구매했는데 너무 좋네요
아이가 타기 딱 좋고 아이도 엄청 좋아해서 매일 매일 이용하고 있습니다",5,1,부정
byun***,2020-10-07T13:36:26.507+00:00,자전거: 03.삼천리 화이트라벨 / 컬러: 화이트,초등 3학년 딸이 너무 좋아해요.,5,1,긍정
jjjh******,2020-09-28T06:24:58.003+00:00,자전거: 03.삼천리 화이트라벨 / 컬러: 화이트,안장 낮은 자전거를 찾았던거라 잘 맞았고요~ 흰색 이뻐요.,4,1,긍정
my56****,2020-10-17T09:37:58.241+00:00,자전거: 01.삼천리 카라 / 컬러: 다크블루,싼값에샀습니다....,3,1,부정
dand*****,2020-09-16T05:39:16.731+00:00,자전거: 02.삼천리 메이비20 / 컬러: 민트,딸램이 좋아해요^^,5,1,부정
ho****,2020-09-08T07:06:06.987+00:00,자전거: 01.카라 / 컬러: 다크블루,"작고 귀여워서 넘조와용
라이딩할때 어디에선가 계속 소리나는거랑 펄럭거리는 바지 입으면 오른쪽 바짓단에 기름 묻는거만 빼면요",5,1,부정
repl****,2020-10-11T05:17:45.987+00:00,자전거: 01.삼천리 카라 / 컬러: 다크블루,여친이랑 아주잘타고 다닙니다,5,2,부정
repl****,2020-10-11T05:17:26.712+00:00,자전거: 02.삼천리 메이비20 / 컬러: 라이트핑크,여친이랑 아주잘타고 다닙니다,5,1,긍정
co****,2020-10-08T08:30:07.492+00:00,자전거: 01.삼천리 카라 / 컬러: 다크블루,배송이 빠르고 잘 도착했습니다,5,1,부정
u3****,2020-09-28T00:13:53.374+00:00,자전거: 02.삼천리 메이비20 / 컬러: 라이트핑크,"빠른배송 2일만에 왔네요
포장도 꼼꼼하게 잘 되있구요",5,1,긍정
dbtj*******,2020-09-25T11:31:02.883+00:00,자전거: 03.삼천리 화이트라벨 / 컬러: 화이트,배송오고나서 불량판정나서 아직은 제대로 못타봤지만 불량 부품 교체비용을 아주빨리 신속하게 지원 해주셨다는것만으로 만족합니다,5,1,긍정
yoon****,2020-09-12T12:33:17.378+00:00,자전거: 03.삼천리 화이트라벨 / 컬러: 화이트,"귀여워요
파손되서와서 처리하기힘들엇음
검수 잘해주셔야될듯",3,1,부정
bull*****,2020-08-25T02:17:05.000+00:00,자전거: 01.삼천리 카라(8월20일출고에정) / 컬러: 다크블루,"핸들 부분이 안들어가서 고생좀 했네요
선이 짧은거같아서 계속 걸리더라구요
어찌해서 완성했는데 기어변속 체인부분이 소리가 나서 결국 대리점가서 공임비내고 체크받았습니다 이가격에 상품은 만족합니다",4,1,긍정
hnks****,2020-09-16T14:35:15.416+00:00,자전거: 03.삼천리 화이트라벨 / 컬러: 화이트,"배송도 빠르고 자전거도 예쁘네요
잘 타겠습니다",5,1,긍정
wlsa******,2020-09-14T13:42:11.777+00:00,자전거: 03.화이트라벨 / 컬러: 블랙,조립하는거는 살짝 어려웠는데 별로 오래걸리진않았어요 잘나갑니다^^,5,1,긍정
ifre***,2020-08-28T05:55:17.000+00:00,자전거: 01.삼천리 카라 / 컬러: 다크블루,가성비 짱짱 만족합니다^^,5,1,부정
baby***,2020-08-25T08:34:21.000+00:00,자전거: 02.삼천리 메이비20(8월20일출고에정) / 컬러: 라이트핑크,예뻐요. 맘에 들어요. 조립도 쉬웠어요. 초등고학년부터 어른까지 다 탈 수 있어요,5,1,부정
un****,2020-09-29T08:41:17.789+00:00,자전거: 03.삼천리 화이트라벨 / 컬러: 화이트,가성비 최고인듯.. 마감도 좋고 디자인도 좋습니다.,5,1,부정
club***,2020-10-07T05:38:21.592+00:00,자전거: 01.삼천리 카라 / 컬러: 다크민트,빠른 배송 감사합니다,5,1,긍정
ke****,2020-08-29T06:05:24.000+00:00,자전거: 01.삼천리 카라 / 컬러: 다크블루,자전거 너무 이쁘고 귀여워요ㅠㅠ 요즘 자꾸 비와서 아직 개시를 못했지만 볼때마다 기분이 좋아져요,5,1,부정
hjdo***,2020-10-08T07:18:13.457+00:00,자전거: 03.삼천리 화이트라벨 / 컬러: 화이트,아이가 너무 좋아하네요~~~~,4,1,긍정
251_****,2020-08-25T16:43:23.000+00:00,자전거: 02.삼천리 메이비20(8월20일출고에정) / 컬러: 라이트핑크,"나갔다왔더니 신랑이 조립해놨네요
너무 고급스럽고 예뻐서 놀랐어요
무게감이 있긴한데 아이가 좋아해요
초3학년 딱입니다^^
많이들구매하세요 추천합니다",5,1,긍정
rory*****,2020-09-19T20:05:27.287+00:00,자전거: 01.삼천리 카라 / 컬러: 다크블루,"튼튼하고  예쁘고 실용적이며
가성비 귿입니다ㆍ",4,1,부정
qudr******,2020-09-14T05:18:02.935+00:00,자전거: 03.삼천리 화이트라벨 / 컬러: 화이트,제품 매우 이쁩니다 감사합니다,4,1,부정
dhgy********,2020-10-08T15:04:54.776+00:00,자전거: 01.삼천리 카라 / 컬러: 다크블루,너무좋아요엉너무좋아여오ㅓ,5,1,부정
ysh1*****,2020-08-02T07:34:25.000+00:00,,"아이가 네발 자전거를 떼서 20인치로 업그레이드 시켜줬어요.
네발 자전거도 심천리로 태웠는데 튼튼하고 안전해서 이번에도 삼천리로 선택했어요~
본체나 바퀴도 튼튼하고 브레이크도 부드럽게 잘 잡아줘서 손에 힘이 없는 제 아이도 편하게 잘 잡네요.
방지턱 같은 장애물에서 아파하지 않아 쿠션감이 좋아서 역시 삼천리 자전거다! 라고 느꼈어요.
디자인도 세련되고 민트 색상이 시선을 사로잡아요~ 아이가 너무 좋아하고 만족하면서 타고 있어요^^",5,1,긍정
pyj7***,2020-10-04T06:23:42.076+00:00,자전거: 02.삼천리 메이비20 / 컬러: 라이트핑크,"거의 매일매일 타고 있어요 
좀 무거운 감이 있긴한데 좋아요",5,1,긍정
wawa******,2020-09-28T05:47:30.378+00:00,,너무너무 좋아요 다음에 또 구매할 꺼예요,5,1,부정
skyl*******,2020-09-04T23:04:51.000+00:00,자전거: 01.삼천리 카라 / 컬러: 다크블루,빠른배송 좋습니다 다만 보조바퀴 설치시 너트 푸는게 진짜힘들었네요ㅎㅎ,5,1,부정
febu*****,2020-09-03T02:30:44.000+00:00,자전거: 03.삼천리 화이트라벨 / 컬러: 화이트,"배송 하루만에 도착했습니다. 
아직 조립을 완료하지 못했지만
동네에서 타고 다니기에 
좋을 것 같습니다.",5,1,부정
wh****,2020-08-27T00:29:41.000+00:00,자전거: 02.삼천리 메이비20(8월20일출고에정) / 컬러: 라이트핑크,초 5 딸아이 자전거 사달라고 졸라서 구매했어요. 색상도 이쁘고 사이즈도 딱이네요.사고없이 안전하게 잘 타고 다니길  바래봅니다.,5,1,긍정
myag***,2020-09-21T00:24:47.301+00:00,자전거: 02.메이비 20 / 컬러: 라이트핑크,너무 이쁜 자전거 입니다.,5,1,부정
darr****,2020-09-19T07:13:31.273+00:00,자전거: 01.삼천리 카라 / 컬러: 다크블루,이쁘고 조립 쉬워요 ㅋ,5,1,부정
anne*****,2020-08-26T02:09:23.000+00:00,자전거: 02.삼천리 메이비20 / 컬러: 라이트핑크,"빠른배송 . 아이가 많이 좋아하네요
20인치 초2학년에 딱좋은듯 합니다.
90프로 조립되서 핸들과 안장만 끼우니깐
편하네요.",5,1,부정
2180*****,2020-09-04T08:50:57.000+00:00,자전거: 01.카라 / 컬러: 다크블루,잘나가고 좋아요..딸이랑 같이 타기 좋아요.잘 쓰겠습니다~,5,1,부정
so05***,2020-09-27T23:56:44.407+00:00,자전거: 02.삼천리 메이비20 / 컬러: 민트,앞에 바구니도 있고 동생 태워서 잘 다녀요 동생이 조금만 더크면또 시킬께요,5,1,부정
sunu*****,2020-08-23T23:40:49.000+00:00,자전거: 02.메이비 20 / 컬러: 라이트핑크,색깔은 예쁜데 무게는 많이 무거워요. 안장도 딱딱하구요. ㅠ 처음엔 초2아이가 무거워 힘들어하더니 자전거 조정후에  지금은 잘 타고 다니네요.,3,1,긍정
bann****,2020-09-11T13:27:38.647+00:00,자전거: 02.메이비 20 / 컬러: 라이트핑크,"저렴하고 배송도 빨랐어요
아이친구한테도 추천해서 친구도 따라 샀어요",5,1,부정
shin******,2020-09-08T13:56:13.599+00:00,자전거: 01.삼천리 카라 / 컬러: 다크블루,초등4학년 딸램거예요. 조립도 쉽고  좋아요,5,1,긍정
qhrw******,2020-09-13T02:32:09.036+00:00,자전거: 01.삼천리 카라 / 컬러: 다크블루,좋아요~~^^ 너무 크지 않고용,5,1,긍정
hayo*******,2020-09-21T22:35:09.767+00:00,자전거: 03.삼천리 화이트라벨 / 컬러: 화이트,가볍게타기좋네요!!!,4,1,부정
im79***,2020-09-12T03:07:11.340+00:00,자전거: 01.삼천리 카라 / 컬러: 다크블루,"무게가 좀 무거워요 앞바퀴 브레이크를 잡으면 복원력이 떨어져 바퀴에 계속 닿아있어 소리가 나네요~
아이가 좋아해서 그거말곤 좋은거 같아요
미조립샀는데 조립할게 없네요~",4,1,긍정
79****,2020-09-15T09:27:18.866+00:00,자전거: 01.삼천리 카라 / 컬러: 다크블루,저렴한 가격에 잘 샀습니다,3,1,부정
name****,2020-09-04T21:29:34.000+00:00,자전거: 01.삼천리 카라 / 컬러: 다크블루,"택배는 하루만에 도착했고
조립도 쉬웠어요
이 색도 너무이쁘네요",5,1,부정
aso1***,2020-09-21T18:12:47.810+00:00,자전거: 01.삼천리 카라(8월20일출고에정) / 컬러: 다크블루,"삼천리 카라 저렴한 가격에 가성비도 좋고 이뻐요~
잘 탈게요~ ^^",5,1,부정
mida******,2020-09-22T11:03:32.297+00:00,자전거: 02.삼천리 메이비20 / 컬러: 라이트핑크,배송 빨라요. 조립도 간단해요. 색도 예쁩니다.,5,1,긍정
zx****,2020-08-30T13:40:24.000+00:00,자전거: 03.삼천리 화이트라벨 / 컬러: 화이트,"배송도 빨랐고 자전거도 이쁘고 좋아요 ㅎㅎ
다만 안장이 너무 아파서 바꿨어요",5,1,긍정
bae5***,2020-09-02T12:55:31.000+00:00,자전거: 03.삼천리 화이트라벨 / 컬러: 화이트,포장 잘 되어있었구 사진이랑 똑같습니다. 저렴하게 잘 구입했어요.,5,1,부정
empi*******,2020-09-16T02:38:26.257+00:00,자전거: 03.삼천리 화이트라벨 / 컬러: 화이트,아직 조립전이에요. 받아만 놓았어요. 일단 잘 조립해보고 다시 후기 올릴게요. 배송은 빠르고 좋았습니다. 감사합니다,5,1,부정
kman****,2020-08-24T01:49:42.000+00:00,,"핸들 외에는 조립도 무난하다고 보고, 디자인 괜찮은것 같습니다.
무게는 여자가 들기에는 가볍지 않다고 생각합니다.
시운전 결과 가성비 대비 만족합니다.",4,1,긍정
leey***,2020-10-08T09:12:21.617+00:00,자전거: 01.삼천리 카라 / 컬러: 다크블루,아주아주 좋아요~~,5,1,부정
ze****,2020-08-29T02:58:09.000+00:00,자전거: 01.삼천리 카라(8월20일출고에정) / 컬러: 다크블루,"저렴하게 아들 딸 자전거 구입했음.
기어변속도 가능하고 튼튼한게 잘 선택한거 같음.",5,1,긍정
ze****,2020-08-29T02:59:36.000+00:00,자전거: 02.삼천리 메이비20(8월20일출고에정) / 컬러: 라이트핑크,아들 딸 자전거 구입함 아이들이 매우 좋아하고 배송도 빠름. 튼튼하고 안정감있음,5,1,긍정
yssh********,2020-08-26T03:29:13.000+00:00,자전거: 03.삼천리 화이트라벨(8월20일출고에정) / 컬러: 화이트,"조립하기 쉽게 배송 되었어요!
핸들도 접히니까, 차에 캐리어 안달아도 될 것 같네요!",5,1,긍정
soju****,2020-09-15T04:23:02.052+00:00,자전거: 02.삼천리 메이비20 / 컬러: 민트,조립이 쉽고 잘 나갑니다.,5,1,부정
sk****,2020-08-25T02:33:32.000+00:00,자전거: 02.삼천리 메이비20(8월20일출고에정) / 컬러: 라이트핑크,아이가 아주 좋아하네요. 초등3학년 여자 아이인데 적당해요. 조립도 어렵지 않습니다.,4,1,긍정
kjoh***,2020-08-27T00:43:50.000+00:00,자전거: 01.삼천리 카라(8월20일출고에정) / 컬러: 다크블루,"포장이 세밀하게 되어졌고
조립 또한 간단히 할수 있어서 편리했습니다",5,1,부정
pyj7***,2020-09-03T11:24:22.000+00:00,자전거: 02.삼천리 메이비20 / 컬러: 라이트핑크,"배송 빨랐고 색깔도 기대했던것보다 이쁘네요
근데 조립하는게 조금힘들어요",5,1,부정
para****,2020-08-27T02:11:30.000+00:00,자전거: 02.삼천리 메이비20(8월20일출고에정) / 컬러: 라이트핑크,"우선 색상이 너무 고급스럽고 조립도 어렵지 않아요 금액대비 만족합니다
오자마자 설렘 폭발인 모습입니다^^",5,1,부정
mulf****,2020-09-11T13:49:59.274+00:00,자전거: 01.삼천리 카라 / 컬러: 다크민트,색상도 사이즈도 만족하고 초3딸이 좋아하네요,5,1,긍정
kmjk******,2020-08-13T13:58:37.000+00:00,,"저 아직 못 타고 있어요.
공기압 체크라던가...조립만 겨우 했는데...공기압체크라던가....
타기전 준비과정이 필요하네요. 기압 조절...흠...이상하네요...바퀴가 뒤로는 잘 돌아가고 정방향으로는 잘 안 돌아가요. 뒤로 돌아갈때 체인에서 딱딱딱 소리가 납니다. 이거 정상인가요?아직 거실에 모셔놓고 출발할 날을 기다리고 있습니다. 귀차니즘과 비가 와서 시운전도 못했어요.",3,1,긍정
zhy0***,2020-09-07T06:20:02.447+00:00,자전거: 02.메이비 20 / 컬러: 민트,"우리 큰 딸래미가 자전거를 잘 타고 있어요
가끔 동생도 태우고 너무 좋아요",4,1,긍정
4383***,2020-09-12T10:42:03.834+00:00,자전거: 02.삼천리 메이비20 / 컬러: 라이트핑크,소재 퀄리티가 조금 떨어지네요,4,1,긍정
ccc6***,2020-10-16T15:10:13.235+00:00,자전거: 02.삼천리 메이비20 / 컬러: 민트,좋아요 좋아요 좋아요 좋아요 좋아요 좋아요 좋아요 좋아요,5,1,긍정
pys7***,2020-09-26T13:19:37.743+00:00,자전거: 01.삼천리 카라 / 컬러: 다크블루,아이가 최고 만족합니다~또 하나 추가 구매합니다~,5,1,긍정
p4****,2020-08-31T02:11:13.000+00:00,자전거: 01.삼천리 카라 / 컬러: 다크민트,"디자인 및 색상이 이쁘고 배송또한 빠르게 배송됨.
반조립 상태라 조립도 쉽게 가능함",4,1,부정
quan*******,2020-09-08T22:43:20.664+00:00,자전거: 03.삼천리 화이트라벨 / 컬러: 화이트,"자전거라이트가 안켜지길래 원래자전거에꺼 옮겨놨어요 , 귀엽네요 ㅋㅋㅋ",5,1,부정
dkan********,2020-08-26T08:02:19.000+00:00,자전거: 01.삼천리 카라 / 컬러: 다크블루,"좋아요. 아이가 좋아합니다. 전에 타던 자전거가
작아져 구매했는데 이번에 접이식을 사서 공원에 
차에 실어 가서 타야겠어요.",5,1,긍정
y770***,2020-09-29T04:06:47.047+00:00,자전거: 01.삼천리 카라 / 컬러: 다크블루,디자인도 예쁘고 좋은데 아이가 타기엔 좀 무거워요~~,4,1,부정
cek4***,2020-09-05T09:59:30.000+00:00,자전거: 01.삼천리 카라 / 컬러: 다크블루,"빠른배송에 감사, 생각보다 쉬운조립에 잘 선택한거 같아요.",4,1,부정
qu****,2020-09-10T05:11:04.444+00:00,자전거: 01.삼천리 카라 / 컬러: 다크민트,배송빠르고 딸아이꺼 추가 구매했어요,5,1,긍정
twot******,2020-07-29T10:32:29.000+00:00,자전거: 01.카라 / 컬러: 다크민트,"코로나 때문에 딸아이가 맨날 핸드폰만 하니 안되겠다라구요. 큰맘 먹고 집 앞 공원에서 태우려고 구입했어요.
일단 외관이 너무 예쁘고 감각적이라 맘에 들었어요. 
색상도 너무 너무 예뻐요. 
접이식이라 현관에 놓기도 너무 편하고 자리 차지 안해서 굿이네요. 부득이한 상황에서 들고 이동하기도 좋구요. 
차에도 쏙~들어가고.. 생각보다 접는 방법도 무척 간편하더라구요. 거의 초보 수준인데도 부담없이 타기 딱입니다~",5,1,부정
miso****,2020-08-29T04:36:25.000+00:00,자전거: 01.삼천리 카라 / 컬러: 다크블루,"배송도 빠르고 깨끗한걸로 왔어요~
조립도 쉽고, 160이하 성인여성 동네마실용으로 좋아요~",5,1,긍정
aso1***,2020-09-30T07:00:15.119+00:00,자전거: 01.삼천리 카라(8월20일출고에정) / 컬러: 다크블루,삼천리 카라 자전거 좋습니다~,5,1,부정
love****,2020-09-26T12:49:51.208+00:00,자전거: 03.삼천리 화이트라벨 / 컬러: 블랙,가볍고 예쁘네요~~^^여자아이가 탈 자전거였어요,5,1,긍정
onew*******,2020-07-07T08:20:59.000+00:00,자전거: 01.카라 / 컬러: 다크블루,"일단 꼼꼼한 상품포장은 매우 맘에 듭니다.
조립은 자전거를 모르시는 여성분들은 남편분에게 맡기는게 좋을것 같다는 생각이고,반조립은 맞지만 나사나 너트들은 다시한번 전체적으로 조여서 확인해보세요. 저는 무단기어 16 18인치 아이들것을 몇번 만지다보니 감이 생겨서 브레이크 유격조절이나 좌우패드 밸런스나 기어 단수 변경 유격등이 조절 가능했는데 2대 중 한대가 유독 기어가 H L 변경시 한대는 H에서 너무 오버되고 한대는 L까지 돌릴시 2단밑에서  멈추더군요. 가격이 저렴한만큼  판매자가 따로 조율후 보내는게 아니라서 저만큼이라도 아는분들은 기본셋팅이 되지만 모르겠다 싶은분들은 2.3만원주고 자전거방 가서 셋팅하세요. 9세 125센치 아이는 안장 살짝올리고 핸들바 최하로 내리면 딱맞고 7세 아이 108센치는 큰건 알고 있었는데 안장,핸들바 최하로 내려도 안장에서 핸들까지의 거리가 좀 멀어서 허리가 숙여집니다. 그래도 어찌어찌 탈수는 있겠네요. 가성비는 정말 좋은 예쁜 자전거 맞습니다. 점등 후레시 사은품 감사합니다.",4,1,긍정
ange*****,2020-08-17T09:00:25.000+00:00,자전거: 01.카라 / 컬러: 다크블루,"더운 여름에도 초2  딸래미는 매일 자전거탑니다.
적절한 시기에 잘사준것같아요.
배송후 조립은 그리어렵지않았구요. 추가금액내고
자전거 전문점에서 조율은 받았습니다. 완전만족합니다.",5,1,부정
bunn***,2020-09-30T21:25:29.564+00:00,자전거: 01.삼천리 카라 / 컬러: 다크민트,아이들이 너무 좋아해요 ㅎ,5,1,부정
para*****,2020-09-05T07:00:32.000+00:00,자전거: 02.삼천리 메이비20 / 컬러: 라이트핑크,손잡이 조립에대한 설명이 없어서 좀 헤맸지만 배송 빠르고 이뻐요,4,1,부정
topv*****,2020-10-15T14:37:46.229+00:00,자전거: 01.삼천리 카라 / 컬러: 다크블루,좋아요.............,5,1,부정
co****,2020-09-02T09:16:44.000+00:00,자전거: 02.삼천리 메이비20 / 컬러: 라이트핑크,생각했던것보다 이쁘고 견고하네요 역시 삼천리,5,1,부정
qwep******,2020-09-06T02:23:48.544+00:00,자전거: 01.삼천리 카라 / 컬러: 다크블루,8살남자아이 타기에 안정감있고 크기도 딱 적당하고좋네요~,5,1,긍정
ek****,2020-09-18T07:25:47.788+00:00,자전거: 03.삼천리 화이트라벨 / 컬러: 화이트,"가성비 괜찮은듯 합니다
앞바퀴 타이어에 구멍이 있었는데 잘 처리해주셨어요",4,1,긍정
redd****,2020-09-27T07:47:12.215+00:00,자전거: 01.삼천리 카라 / 컬러: 다크민트,초등학교 여학생이 타기에는 색상이랑 스타일이 너무좋습니다..,4,1,긍정
vict*******,2020-09-24T06:41:51.861+00:00,자전거: 01.삼천리 카라 / 컬러: 다크민트,조아요 조아요 조아요 조아요 조아요 조아요 조아요 조아요 조아요 조아요 조아요 조아요 조아요 조아요 조아요 조아요 조아요,5,1,부정
subu***,2020-09-25T16:43:44.403+00:00,자전거: 01.카라 / 컬러: 다크민트,"일단 너무 이쁘구요
고장없이 오래 쓸 수 있기를 기원해 봅니다",5,1,긍정
pshc***,2020-09-11T16:36:32.161+00:00,자전거: 01.삼천리 카라 / 컬러: 다크블루,조카들이 너무 좋아해요,5,2,긍정
pshc***,2020-09-11T16:35:51.119+00:00,자전거: 02.삼천리 메이비20 / 컬러: 라이트핑크,조카들이 너무 좋아해요,5,1,긍정
dega****,2020-09-17T03:09:44.992+00:00,자전거: 02.삼천리 메이비20 / 컬러: 민트,"정말 좋아합니다.
만족도가 높아요~ 이쁘다고
매일 자전거 타러가자고 합니다.",5,1,부정
newh******,2020-09-28T11:19:41.639+00:00,자전거: 02.삼천리 메이비20 / 컬러: 라이트핑크,번창하세요. 삼천리자전거...,5,1,부정
qhfk*******,2020-09-04T11:45:59.000+00:00,자전거: 01.삼천리 카라 / 컬러: 다크블루,생각보다 작은 사이즈 이지만 튼튼한것 같아요,4,1,부정
opil******,2020-09-04T13:25:51.000+00:00,자전거: 03.화이트라벨 / 컬러: 블랙,아주 좋아요 디자인이 예뻐요,5,1,부정
powe******,2020-09-27T09:45:50.074+00:00,자전거: 03.삼천리 화이트라벨 / 컬러: 블랙,좋아요 디자인 예뻐요,5,1,부정
babb****,2020-09-19T05:55:21.062+00:00,자전거: 01.삼천리 카라 / 컬러: 다크블루,"좋아요 그런데 많이 무거워서 잘 못타네요
보조바퀴 추가 구매해여겠어요",5,1,부정
jung*******,2020-08-06T03:54:47.000+00:00,자전거: 03.화이트라벨 / 컬러: 화이트,"구입 후 저녁시간이랑 주말에 운동할겸 바람쐴겸 너무 잘 타고 있습니다. 사길 정말 잘했다는 생각이 들어요. 자전거 아무 문제없이 잘 타고있고, 즐겁게 운동할 수 있어서 매우 만족스럽습니다. 핸들부분까지 접이가 가능해 차에 싣고 다닐 수 있어 더 좋습니다!",5,1,긍정
ggkw*******,2020-10-17T13:04:06.506+00:00,자전거: 01.삼천리 카라 / 컬러: 다크블루,괜찮네요괜찮아요괜찮은것같아요,3,1,긍정
chol***,2020-09-03T03:59:08.000+00:00,자전거: 01.카라 / 컬러: 다크민트,아이가 너무좋아하네요  만족합니다,5,1,긍정
deav*****,2020-09-09T03:10:43.597+00:00,자전거: 02.삼천리 메이비20 / 컬러: 민트,배송도 빨리왔고 아내가 좋아하네요 ㅋㅋ,5,1,부정
blac****,2020-09-09T09:56:29.876+00:00,자전거: 01.삼천리 카라 / 컬러: 다크민트,조립도 편하고 깨끗하게왔네요,5,1,부정
sky8*****,2020-08-14T01:06:31.000+00:00,자전거: 02.메이비 22 / 컬러: 민트,아이가 타기 편하고 접어서 승용차 트렁크에 넣을수 있어 좋아요.,4,1,부정
nsho*******,2020-08-27T15:00:09.000+00:00,자전거: 01.삼천리 카라 / 컬러: 다크민트,"120갓 넘은 딸아이
조금은 큰듯 하지만 열심히 재밌게 탔네요
민트색상 촌스럽지 않을까했는데 
좋아요^^",5,1,부정
0909***,2020-09-27T04:35:48.548+00:00,자전거: 03.삼천리 화이트라벨 / 컬러: 화이트,"깔끔하네요,  엉덩이는 아프다네요",4,1,부정
merc*****,2020-09-08T05:28:02.614+00:00,자전거: 03.삼천리 화이트라벨 / 컬러: 화이트,배송빠르고 조립도 쉽고 가볍고 좋네요!,5,1,긍정
skdy*****,2020-09-26T14:48:05.241+00:00,자전거: 01.삼천리 카라 / 컬러: 다크블루,12시전에 주문해서 다음날 바로 받았습니다. 작고 예쁘네요^^,5,1,긍정
ggoy******,2020-08-29T12:47:11.000+00:00,자전거: 01.삼천리 카라 / 컬러: 다크블루,나름 괜탆네요. 근데 조립후 안장이 자꾸 내려가고 핸들도 막 돌아가고해서 점검 받았어여ㅠㅠ,5,1,긍정
jyj9****,2020-09-27T14:49:24.910+00:00,자전거: 01.카라 / 컬러: 다크민트,잘타고 다니고 있어요 ㅋㅋ 좋아요,5,1,긍정
enjw******,2020-09-06T18:25:21.065+00:00,자전거: 03.삼천리 화이트라벨 / 컬러: 화이트,"무엇보다 사장님이 너무 친절하세요
조립비 +2만",5,1,부정
hanl******,2020-09-08T07:32:11.487+00:00,,좋아요~ 많이파세요~^^,4,1,부정
moon******,2020-08-25T16:28:43.000+00:00,자전거: 01.삼천리 카라(8월20일출고에정) / 컬러: 다크블루,"색깔은 예쁜데 자전거 앞쪽이 조금 까여있었어요.
이미 조립한상태라서 그냥 타긴 할건데
조금 아쉽네요.",3,1,긍정
gyrn****,2020-09-10T05:26:33.633+00:00,자전거: 01.삼천리 카라 / 컬러: 다크블루,좋아요굿굿굿ㅎㅎㅅ오,5,1,긍정
abbo****,2020-09-20T03:04:19.618+00:00,자전거: 01.삼천리 카라 / 컬러: 다크블루,조립 설명서가 부족하지만  빠른배송  꼼꼼한  포장은 마음에들어요,3,1,긍정
44****,2020-09-02T13:42:21.000+00:00,자전거: 03.삼천리 화이트라벨 / 컬러: 화이트,아직 개봉은 못했지만 배송도 너무 마음에 들어요!!,5,1,부정
mm****,2020-09-07T13:49:55.710+00:00,자전거: 01.카라 / 컬러: 다크민트,조카 선물로 사줬는데 좋아하네요,5,1,부정
apol******,2020-09-05T06:33:58.000+00:00,자전거: 01.삼천리 카라 / 컬러: 다크민트,자전거 조립하기도 쉽고 색상도 똑같네요.,5,1,긍정
go****,2020-09-07T09:22:02.664+00:00,자전거: 01.삼천리 카라 / 컬러: 다크블루,자전거 처음타는 동생이 만족합니다.,5,1,긍정
tpgm****,2020-08-28T04:22:47.000+00:00,자전거: 02.삼천리 메이비20 / 컬러: 라이트핑크,작은 자전거에요 조립도쉽고 색상이 이뻐요오,5,1,긍정
teaw********,2020-08-20T08:35:06.000+00:00,자전거: 02.메이비 20 / 컬러: 라이트핑크,"120 키의 어린이가 타는데 안장 높이는 괜찮은데 
핸들까지가 멀어서 브레이크 잡기가 좀 어렵네요~이외 조금 무겁긴 하고 그래도 접어서 보관 되고 이뻐서 좋아요",4,1,긍정
jge1***,2020-09-07T03:13:53.077+00:00,자전거: 01.삼천리 카라 / 컬러: 다크블루,"배송도 빨랐고 포장도 꼼꼼하게 해주시고:D
초3 아들이 타는데 안정감있고 디자인도 세련되고 안장도 편해서 맘에들어 하네요^^",5,1,긍정
zzan******,2020-09-24T00:26:53.637+00:00,자전거: 02.삼천리 메이비20 / 컬러: 라이트핑크,부품하나가 파손되어왔네요ㅠ 사비로 구입했어요,3,1,부정
dhgi******,2020-09-04T05:33:22.000+00:00,자전거: 03.삼천리 화이트라벨 / 컬러: 화이트,아직 조립은 못햇지만 이쁘구 만족해요^^,5,1,긍정
big_******,2020-08-02T03:13:17.000+00:00,자전거: 01.카라 / 컬러: 다크블루,"첫째 딸한테 사준 자전거고,
가격과 색상 마음에 들어서 구매했습니다. 

모든게 좋았지만, 약간 아쉬운건 
도장된 부분 일부분 퀄리티가 살짝 떨어지는 부분이 있습니다.  

그부분 빼곤 좋습니다. 차에 실기도 좋고
이동하기도 편합니다. 그래도 무게는 조금 있습니다.",4,1,부정
poin*****,2020-09-04T02:33:26.000+00:00,자전거: 01.삼천리 카라 / 컬러: 다크민트,9살아들램 사줬어요..너무좋아라하네요..,5,1,부정
toto*****,2020-09-18T01:50:19.773+00:00,자전거: 02.삼천리 메이비20 / 컬러: 민트,색상도 이쁘고 초4학년 타기 딱 좋네요.다만 실리콘안장 추가로 구매했는데 좀 커서 자꾸 ㅂㅣ틀어지네요,5,1,긍정
sheh****,2020-09-13T04:39:07.909+00:00,자전거: 01.삼천리 카라 / 컬러: 다크블루,배송도 빠르고 아무탈없이 잘 도착해서 조립햇어요  혼자서 조립가능하고 쉬워요,5,1,긍정
dmsr*****,2020-06-12T15:18:10.000+00:00,자전거: 02.메이비 20 / 컬러: 라이트핑크,다예쁘고 좋은데 바퀴옆에 검정색 끼는게 하나가없어서 큰딸이속상해해요 배송도  이틀만에오고 너무좋아요 검정색 앞에 끼는거 우편으로좀보내주세요  꼭좀 부탁드립니다  큰딸120센티25키로8살 뒷발달아서 바로타구요 작은딸 5살105센티 몸무게 20키로 통통 합닏다 ㅋㅋ 엄정 얼굴벌개지고 온몸이 땀 줄줄 흐르고 비가와도 탄다고 땡깡부립니다! 최고에요! 브레이크가 자전거 두대다 조금씩 강도가 다르지만 어쨋든 사은품실리콘후레쉬랑 빠빵벨도 너무나 좋고 바구니도 깨끗한화이트이고 너무나 좋아요 아이들 키참고하시고 구매들하세요 앞으로를 생각해서 안장 높여서 탈생각하시고 이걸로 샀는데 탁월한 선택입니다  첫날 타자마자 두시간타다 소나기가와서 두대를 다 제 승용차에 싣어야하는데 접이식이라 여자혼자 편하게  접어서 하나는 뒷트렁크 하나는 조수석에 실으니 딱이네요 접이닉아니면 클랄뻔 했어요 강추! 사장님 무튼 검정색 앞에 고무판인지 동그란거 한개만 우편으로 보내주세요 대전 최은지 입니다 작은딸껀  양쪽다있어서 양쪽에 키티스티커붙였는데 큰딸껀 없어서 한쪽만 붙였어요 기다리고 있을께요~^^,5,1,긍정
bks5*****,2020-09-08T07:37:47.416+00:00,자전거: 01.삼천리 카라 / 컬러: 다크블루,"빠른배송
사진그대로이뻐요~",5,1,부정
exce***,2020-08-25T01:55:59.000+00:00,자전거: 01.삼천리 카라(8월20일출고에정) / 컬러: 다크민트,"딸아이가 너무 좋아해요
키가 130 이라 살짝 까치발 들어야 하지만 그래도 괜찮네요^^",5,1,부정
glas****,2020-09-08T00:12:08.081+00:00,자전거: 02.메이비 20 / 컬러: 민트,아이도 잘 타고 만족해요,5,1,부정
aliv*****,2020-09-25T07:05:20.482+00:00,자전거: 02.삼천리 메이비20 / 컬러: 민트,조립도 쉽고 딸랑구 좋아함,4,1,부정
bean***,2020-09-28T02:30:12.522+00:00,자전거: 03.삼천리 화이트라벨 / 컬러: 화이트,굿굿~~배송 굿 상품 기스없이 굿~~,5,1,부정
mimo********,2020-09-20T03:49:59.302+00:00,자전거: 01.삼천리 카라 / 컬러: 다크민트,자전거 너무 맘에 들어요..아이가 좋아해요~~^^,5,1,부정
aram****,2020-09-26T23:43:59.930+00:00,자전거: 01.삼천리 카라 / 컬러: 다크민트,부모님 댁에 잘 도착했습니다,5,1,부정
holy*******,2020-09-25T01:09:08.717+00:00,자전거: 02.삼천리 메이비20 / 컬러: 라이트핑크,"파손없이 빠르게 배송 되었고..
튼튼하니 좋습니다..",5,1,부정
skyt*******,2020-09-06T12:58:35.676+00:00,자전거: 01.삼천리 카라 / 컬러: 다크블루,디자인 이쁘고 165성인 타기도 좋네요,4,1,부정
wonh******,2020-08-28T10:08:42.000+00:00,자전거: 03.화이트라벨 / 컬러: 화이트,딸들이 좋아해요ㅎ 살짝 무거운거 빼고는 좋아요~~~,5,1,부정
youo*****,2020-09-08T03:07:12.124+00:00,자전거: 01.삼천리 카라 / 컬러: 다크블루,배송도 빠르고 제품도 좋습니다,5,2,부정
ggog*****,2020-09-01T07:51:26.000+00:00,자전거: 02.메이비 20 / 컬러: 라이트핑크,"잘탑니다 
초2 여학생이 타요
근데 좀 무겁긴 합니다
아직 거어나 다른 고장 없이 잘 쓰고 있어요",5,1,긍정
re****,2020-09-10T02:04:35.204+00:00,자전거: 02.삼천리 메이비20 / 컬러: 민트,"아이가 좋아합니다. 우선 조립하기 어렵지 않습니다. 
핸들과 안장만 끼우면 되는 수준입니다.",5,1,부정
miga***,2020-08-22T03:03:43.000+00:00,자전거: 01.삼천리 카라(8월20일출고에정) / 컬러: 다크민트,두대시켰는데 엘베가 없어서  택배아저씨가 조금힘들어 하셨네요  잘태울께요,5,1,부정
z6eu********,2020-08-20T14:37:00.000+00:00,자전거: 03.화이트라벨 / 컬러: 화이트,엉덩이가 조금 아프긴하지만 다른안장으로 바꾸고 타니 괜찮은것 같아요~가성비 좋게 산듯!,5,1,긍정
hk****,2020-09-26T06:45:54.826+00:00,자전거: 02.삼천리 메이비20 / 컬러: 라이트핑크,3학년 여아가 쓰기에 딱 좋아요,5,1,긍정
hoti****,2020-07-29T08:49:16.000+00:00,자전거: 01.카라 / 컬러: 다크민트,"조카가 어릴 때 타던 자전거 이후로 
아무것도 안 사줬는데
언니도 모르고 있었던 것 같은데
조카가 조용히 와서 자전거 타고 싶다고
애교를 부리더라구요 ㅎㅎ

저도 저전거는 잘 모르는데 삼천리 자전거는
모르는 사람이 없잖아요 ㅎ
그래서 이걸로 구입했는데
중요한건 조카가 마음에 드냐였는데
너무 좋아하네요 ㅋㅋㅋ

오자마자 바로 타고 좋아서 난리가 났는데
그 다음 중요한 부분이 안전이잖아요
아빠가 자전거 관심 많으신 편인데
보자마자 싹 다 살펴보시더니
엄청 튼튼하다고 걱정 안해조 되겠다고 하시네요 ㅎ",5,1,부정
qsef*****,2020-09-13T11:03:22.647+00:00,자전거: 01.삼천리 카라 / 컬러: 다크블루,"배송도 빠르고 생각보다 조립도 쉬웠어요
자전거 예뻐요",5,1,긍정
sana*****,2020-09-03T01:13:32.000+00:00,자전거: 01.카라 / 컬러: 다크민트,딸아이 사줬는데 너무 만족하고 잘타네요,4,1,긍정
no****,2020-09-03T09:53:18.000+00:00,자전거: 01.삼천리 카라 / 컬러: 다크민트,조립5분만에완성 제품도매우만족합니다,5,1,부정
rs****,2020-09-27T00:38:33.277+00:00,자전거: 01.삼천리 카라 / 컬러: 다크블루,잘타고 이습니다다음에구매할께요,5,1,긍정
wjdd*******,2020-09-01T08:27:53.000+00:00,자전거: 01.삼천리 카라 / 컬러: 다크블루,대학생딸이 좋아해요 잘타요,4,1,부정
megi*****,2020-08-24T00:39:58.000+00:00,자전거: 01.삼천리 카라(8월20일출고에정) / 컬러: 다크블루,"이정도 가격에 이정도 퀄리티면 정말 괜찮네요
초등학교 3학년 여아가 너무 좋아합니다.",5,1,긍정
mona****,2020-08-20T10:18:45.000+00:00,자전거: 03.화이트라벨 / 컬러: 화이트,"좋아요 처음에 배송보낼때 자전거벨이나 그런걸 쫌 단단하게 조여주셨으면 더 좋을꺼같네요
나사가 빠졌어요",4,1,부정
jazz****,2020-09-13T08:53:16.175+00:00,자전거: 01.삼천리 카라 / 컬러: 다크블루,완전 빠른 배송입니다~그리고 삼천리 자전거의 품질은 말한필요없는듯요~,5,1,부정
soli*****,2020-09-12T13:14:31.437+00:00,자전거: 01.삼천리 카라 / 컬러: 다크민트,자전거 이뻐요 민트색샀는데 아이도 만족하고 승차감도 좋다고하네요~,5,1,부정
hoho***,2020-09-15T12:55:42.736+00:00,자전거: 01.삼천리 카라 / 컬러: 다크블루,기어를 바꿀때 체인이 자꾸 걸려요 디나인은 깔끔하고 예뻐요,4,1,부정
sang********,2020-08-05T11:27:15.000+00:00,자전거: 02.메이비 22 / 컬러: 민트,초등학생 2학년 딸래미 생일선물로 자전거 사주려고 알아보다가 발견하게 된 자전거인데 일단 삼천리꺼라서 샀어요. 딸래미가 좋아하는 민트색상으로 샀더니 디자인은 일단합격~! 이제 막 자전거 배우고 타기 시작해서 이 자전거 보자마자 딸래미가 좋아해서 선물해준 보람도 들고 뿌듯하더라구요.  비 안 오는날마다 자전거 타려고 나가자고하네요...ㅎㅎ  저도 잠시 타봤지만 안장 앉아보니 편하고 잘 굴러가고 튼튼해요. 접이식이라 보관 용이해서 맘에 들어요~ 당분간은 매일 탈거라 접을일은 없을거같지만요..ㅎㅎ,5,1,부정
seoh****,2020-09-03T02:51:19.000+00:00,자전거: 03.삼천리 화이트라벨 / 컬러: 화이트,너무 예쁘고 크기도 딱좋네요!!!,5,1,긍정
dh****,2020-09-04T01:46:23.000+00:00,자전거: 02.삼천리 메이비20 / 컬러: 라이트핑크,조립도 쉽게하고 사은품도 감사합니다,5,1,긍정
jinc********,2020-10-22T05:17:44.156+00:00,자전거: 03.삼천리 화이트라벨 / 컬러: 화이트,좋습니다좋습니다좋습니다,5,1,긍정
qufd***,2020-08-02T11:41:35.000+00:00,자전거: 02.메이비 22 / 컬러: 민트,"아이가 자전거 타고싶어해서 고민하던 중 미니벨로자전거가 눈에 띄어서 구매했는데 사이즈도 그렇게 작지않으면서도 접이식이라 공간차지도 많이 안해서 좋더라구요 
접는방법도 가운데만 접고 바퀴 접으면 끝~ 너무 쉽더라구요ㅎㅎ 
자전거타는 공원이 조금 멀어서 같이 다니기도 힘들었는데 이제 차에 싣고 가서 내려주면 되니 사고위험도 없고 너무 좋네요~ 
안장 조절하면 성인여성도 충분히 탈수 있는 사이즈라서 가끔 마트잠깐 들릴때 타봤는데 슝슝 잘 나가더라구요^^ 7단이지만 2단정도만 조절해도 충분히 동네마실정도는 다닐수 있었어요! 
바구니도 있고 짐도 올릴수 있어서 가방안매도 되고  물, 핸드폰등 간단히 넣고 자전거타면 되니 편하고 좋네요^^",5,1,부정
semi******,2020-09-08T04:04:25.567+00:00,자전거: 03.삼천리 화이트라벨 / 컬러: 화이트,4학년 아이가 타기에도 좋네요. ㅋ,5,1,부정
suok****,2020-09-09T07:26:10.338+00:00,자전거: 01.카라 / 컬러: 다크민트,몸무겁지만 색상도 이쁘고 타기도편해 초등학생2학년 이틀만에 바로탔어요 요즘날씨도 좋고 코로나만 없어지면 좋겠어요,4,1,긍정
suyo*******,2020-09-02T13:46:20.000+00:00,자전거: 03.화이트라벨 / 컬러: 화이트,"자전거 전체적인 느낌은 나쁘지 않아요 
누가쓰던것처럼 흠집이 심하게있는데 그냥 타려구요 
다른분들께는 더 신경써서 보내주세요 제발 ㅠ",4,1,부정
wlsg*******,2020-08-07T16:05:45.000+00:00,자전거: 02.메이비 22 / 컬러: 민트,"만족합니다.
기대한만큼좋네요 ㅋ ㅋ",5,1,부정
co****,2020-09-20T08:52:51.394+00:00,자전거: 01.삼천리 카라 / 컬러: 다크민트,"좋네요. 좋아.
아이가 좋아합니다.",5,1,긍정
shru*******,2020-07-31T08:20:30.000+00:00,자전거: 01.카라 / 컬러: 다크민트,배송 잘 받았습니다~ 이번에 이사가면서 직장 출퇴근하는데 버스타기엔 가깝고 걸어다니기엔 멀고 거리가 애매해서 계속 고민하다가 구매했어요~ 가격도 괜찮은 편이고 일단 디자인이랑 색상이 너무 예뻐서 마음에 들어요~ 실물로 보니까 더 예쁘네용!!ㅎㅎ 앞쪽에 짐바구니?가 있어서 가방 넣어놓고 편하게 탈 수 있어서 너무 좋네요ㅎㅎ 안장에 승차감도 좋아서 엉덩이도 안아프구 높낮이 조절하기도 큰 힘 안들이고 편해요ㅎㅎ 그리고 무엇보다 접었다 폈다 할 수 있어서 너무 좋아요! 집에 자전거를 보관할만한 공간이 마땅치 않은데 자전거를 접을 수 있으니까 공간도 많이 차지하지 않아서 보관하기 너무 좋네요!! 완전 만족해요!!!,5,1,부정
hur4***,2020-09-02T08:39:28.000+00:00,자전거: 01.삼천리 카라 / 컬러: 다크블루,아이들이 너무 좋아해요.,5,1,부정
jsyk******,2020-09-05T04:02:13.000+00:00,자전거: 01.삼천리 카라 / 컬러: 다크블루,가격대비 만족합니다,5,1,부정
tjdg*****,2020-10-10T15:58:40.530+00:00,자전거: 01.삼천리 카라 / 컬러: 다크민트,좋아요좋아요좋아요좋아요,5,1,긍정
mtca****,2020-09-21T07:07:53.445+00:00,자전거: 02.삼천리 메이비20 / 컬러: 라이트핑크,"신속하게 잘 받았습니다 
보조바퀴 못달아요",5,1,긍정
co****,2020-09-02T09:17:10.000+00:00,자전거: 01.삼천리 카라 / 컬러: 다크블루,완전 이쁘고 좋습니다,5,1,긍정
go****,2020-09-07T16:02:07.838+00:00,자전거: 01.삼천리 카라 / 컬러: 다크블루,"키124에 카라구매했어요
조금큰감이 있긴하지만 금방클듯해서
보조바퀴 추가했구요~
뒤에 나사가 안빠져서 너무힘드네요ㅠ",4,1,긍정
jhmo****,2020-07-09T03:13:05.000+00:00,자전거: 03.화이트라벨 / 컬러: 화이트,배송 빨라서 좋았어요. 근데 조립..전 어렵더라고요.. 날도 덥고 낑낑되가지고 대충 맞춘거 끌고 가게 가서 맞췄어요~ 자전거왕초보라 이 자전거가 좋은지 아닌지는 모르겠으나 일단 사이즈가 작아서 초보인 저같은 사람에게는 부담도 덜하고 괜찮았어요 더 잘타도록 연습해서 라이딩 할 수 있는 그날까지 달려야겠네용 🚲,4,1,부정
ckm9***,2020-08-24T10:39:11.000+00:00,자전거: 02.삼천리 메이비20(8월20일출고에정) / 컬러: 민트,"자전거 너무 이뻐요
무게감이 있긴하지만~
2학년 128 에 29딱맞아요~~
성인까지 탈수 있다하니 저도한번
타고 나가야겠어요",4,1,부정
k_****,2020-09-20T12:48:19.428+00:00,자전거: 01.삼천리 카라 / 컬러: 다크블루,배송도 빨랐고 조립도 처음에 조금 헤맸지만 쉬웠어요,5,1,긍정
ahxh******,2020-09-17T23:48:45.759+00:00,자전거: 01.삼천리 카라 / 컬러: 다크블루,"초2아들 딱좋아요
배우는단계라 적당합니다 강추해요",5,1,긍정
miga***,2020-08-22T03:02:34.000+00:00,자전거: 01.삼천리 카라(8월20일출고에정) / 컬러: 다크블루,다음주에 올줄알았는데  빨리왔네요  초3인데 애가작아서그런지  조금크네요   잘가르쳐서 태워야겠네요,5,1,부정
na****,2020-09-16T00:23:46.651+00:00,자전거: 01.삼천리 카라 / 컬러: 다크블루,잘받았습니다. 가성비좋아요,5,1,긍정
sy****,2020-09-18T08:47:08.859+00:00,자전거: 02.삼천리 메이비20 / 컬러: 민트,상품은 좋아요.. 초등 4학년에게 딱맞아요,4,1,긍정
skym******,2020-09-10T03:47:52.608+00:00,자전거: 01.삼천리 카라 / 컬러: 다크블루,아주좋아요!^^ ㅎㅎ,5,1,긍정
dogg******,2020-08-23T10:24:15.000+00:00,자전거: 01.카라 / 컬러: 다크블루,초6년 여자아이가 타기엔 약간 작아보이기도한데 본인은 너무 만족하네요,5,1,긍정
at****,2020-08-26T11:37:56.000+00:00,자전거: 03.삼천리 화이트라벨 / 컬러: 화이트,"빠른배송 감사합니다
자전거가 예뻐요",5,1,부정
jeey*****,2020-06-28T10:00:36.000+00:00,자전거: 01.카라 / 컬러: 다크블루,"잘포장되어서 왔어요. 접이식 찾다가 디자인도이뻐서 주문했습니다. 바구니도있는데 저희집 아들은 달지말아달라고해서 빼고조립했습니다 핸들이랑 안장만 끼워넣으면 되더라구요.

 엄마인 제가 아빠도움없이 장착했어요~^^ 브레이크잡는 손잡이랑 벨은 한번씩 더 고정시켜야했습니다. 

첨에 핸들부분이 잘안들어가서 당황했는데 고정시키는부분(마지막완성된사진의 빨간색으로 동그라미한부분)을 풀어준뒤에 넣으면 쉽게들어가더라구요. 안들어간다고 당황하지마시고 핸들정중앙에 있는부분(사진참조)해서 넣어보세요~^^
접고 펴는건 그리 어렵지 않았어요. 유투브에 많이 올라와있으니 참고하셔도 좋을듯 싶어요.

무게감은 있어요~접이식은 프레임이 튼튼해야해서 무겁다고하더군요. 

전스토어 쿠폰받아서 137000원에 구매했어요.",5,1,부정
os****,2020-08-28T08:33:47.000+00:00,자전거: 02.삼천리 메이비20(8월20일출고에정) / 컬러: 라이트핑크,편해요.엉덩이 안아프고 색상이 이뻐요,5,1,긍정
miso******,2020-07-07T00:21:54.000+00:00,자전거: 02.메이비 20 / 컬러: 라이트핑크,"배송도 이틀밖에 걸리지 않았구요
디자인도 다 맘에 듭니다
아이가 무척 좋아해요
ㅈ접혀지는 자전거라 안 접혀지는 18인치자전거와 같이 승용차에 들어가더라구요 조금 힘들긴 하지만요ㅋ
키122센치 여아인데 발이 살짝 닿진 않지만 타는데 무리는 없더라구요
아이한테 살짝 큰듯 하지만 앞으로 쭈욱 타려 20인치로 구매 했어요",5,1,부정
leel******,2020-09-02T14:34:04.000+00:00,자전거: 03.삼천리 화이트라벨 / 컬러: 화이트,마음에 듭니다! 잘탈것같아요,5,1,긍정
redv******,2020-08-28T03:17:34.000+00:00,자전거: 01.삼천리 카라 / 컬러: 다크블루,배송 빠르고 타보니 아이들이 좋아합니다,5,1,긍정
yssh********,2020-08-26T03:30:12.000+00:00,자전거: 03.삼천리 화이트라벨(8월20일출고에정) / 컬러: 블랙,"잘 접히고, 차에 싣고 여행 다니기 좋을 것 같아요!",5,1,부정
labe*********,2020-09-19T12:56:57.508+00:00,자전거: 01.삼천리 카라 / 컬러: 다크블루,배송도 빠르고 좀 무겁지만 튼튼하고 좋습니다,5,1,부정
sall*****,2020-09-01T03:48:54.000+00:00,자전거: 02.삼천리 메이비20 / 컬러: 민트,색이 너무 마음에 들어요~~,5,1,부정
gyrn****,2020-10-17T09:37:45.812+00:00,자전거: 01.삼천리 카라 / 컬러: 다크블루,좋아요 굿굿 ㅎㅎ굿,5,1,부정
jinh*****,2020-08-31T12:51:07.000+00:00,자전거: 03.화이트라벨 / 컬러: 블랙,구매후 너무잘사용하고있답니당,5,1,부정
crys*******,2020-08-26T04:55:49.000+00:00,자전거: 02.메이비 20 / 컬러: 민트,7살아이 사줬는데 조금 큰느낌은 있지만 불편해하지않고 아주 잘 타요^^ 접이식이라서 차에도 실려서 같이 타니 아이가 더 좋아하네요^^,5,1,부정
dooa*****,2020-08-27T08:21:07.000+00:00,자전거: 02.삼천리 메이비20(8월20일출고에정) / 컬러: 라이트핑크,"핑크색자전거는 역시 딸내미가
너무좋아하네요
접이식이라 트렁크에 넣어서 다니니깐
언제든 탈 수 있어서 더 좋아요
바구니도 이뻐서 자전거 탈때마다
이쁘다고말하네요^^",5,1,부정
ytg1***,2020-09-09T11:22:20.691+00:00,자전거: 01.카라 / 컬러: 다크블루,"딸아이 생일선물인데  아주 만족 하네요
덩달아 기쁩니다",5,1,부정
focn****,2020-09-20T15:12:58.351+00:00,자전거: 01.카라 / 컬러: 다크블루,제 키에도 높이가 맞고 좋았어요,5,1,긍정
pyr7***,2020-09-03T12:52:51.000+00:00,자전거: 03.삼천리 화이트라벨 / 컬러: 화이트,조립조금힘들었지만 좋아여,4,1,부정
hoho***,2020-09-15T12:56:44.442+00:00,자전거: 02.삼천리 메이비20 / 컬러: 라이트핑크,디자인 예쁘고 바퀴도 탄탄한데 뭔가 핸들이 부드럽지 않은 느낌?,4,1,부정
eose******,2020-08-31T13:11:04.000+00:00,자전거: 01.삼천리 카라(8월20일출고에정) / 컬러: 다크블루,디자인도 이쁘고 잘달리네요,5,1,긍정
divi******,2020-08-31T05:55:21.000+00:00,자전거: 02.메이비 20 / 컬러: 민트,무겁습니다 그래서 그런지 가볍게잘 안나가요,3,1,부정
mind******,2020-09-09T03:40:15.155+00:00,자전거: 02.삼천리 메이비20 / 컬러: 라이트핑크,"잘받았습니다. 조립도 간단하고, 디자인도 이뻐서 딸이 좋아하네요.",5,1,부정
iiii*****,2020-09-08T07:13:11.842+00:00,자전거: 03.삼천리 화이트라벨 / 컬러: 화이트,귀엽고 좋아요 근데 거꾸로 조립되어있는게 있어서 아저씨가 새로 다시 해주셨어요,5,1,부정
th****,2020-08-03T14:23:55.000+00:00,자전거: 02.메이비 22 / 컬러: 민트,"자전거 브랜드가 다양해져서 여러 매장가서도 타보고 인터넷 검색도 며칠동안 하다가 고민끝에 주문했어요~ 포장 꼼꼼하게 해서 배송 되어서 왔구요 오자마자 조립해보니 생각보다 쉽게 조립할 수 있었어요 색깔은 화면과 같은 은은한 민트색이구요 22인치라 사이즈 넉넉하게 초등고학년부터 쭉 탈 수 있겠어요  아들이 너무 좋아하네요
자전거는 역시 삼천리라는 생각이 드네요 튼튼해보여서 오래 탈 수 있을거 같아요^^",5,1,긍정
ykw6***,2020-09-18T01:16:19.681+00:00,자전거: 01.삼천리 카라 / 컬러: 다크블루,좋아요  가성비 최고 좋아요,5,1,부정
love*****,2020-09-22T07:54:37.665+00:00,자전거: 01.삼천리 카라 / 컬러: 다크민트,아직 뜯어보진 않앗지만 기대해봅니다^^,5,1,긍정
tyoo****,2020-09-05T03:45:24.000+00:00,자전거: 01.삼천리 카라 / 컬러: 다크블루,"좀 큰가 셒었는데 만족스럽네요
애들도 좋아하고...
보조바퀴 설치는 대리점 가서 했습니다
정말 안풀리더라구요",5,1,부정
wndu*****,2020-08-24T18:19:12.000+00:00,자전거: 02.삼천리 메이비20(8월20일출고에정) / 컬러: 라이트핑크,"성인은 약간 작은 감이 있지만 가까운곳 다니기는
나쁘지않습니다",5,1,긍정
li****,2020-08-28T06:27:08.000+00:00,자전거: 02.삼천리 메이비20 / 컬러: 민트,배송도 빠르고 아이가 좋아합니다~^^,5,1,부정
gimh****,2020-09-02T02:51:38.000+00:00,자전거: 01.삼천리 카라 / 컬러: 다크블루,주문하고 이틀뒤에 받았어요,4,1,긍정
ahjf*****,2020-08-26T02:06:30.000+00:00,자전거: 01.카라 / 컬러: 다크민트,애가좋아해요 늘 잘타고다녀요,5,1,부정
jumi******,2020-08-02T06:21:19.000+00:00,자전거: 02.메이비 22 / 컬러: 민트,"자전거 주문하고 오매불망 기다렸는데 배송 빨랐어요^^ 야호~
민트색 ..넘나 예쁜것!! 완전 취향저격이에요~!!
현관이 좁아서 접이식으로 샀는데 레버를 사용해서 쉽게 접혀지고 펴지더라고요~ 
그리고 이건... 흙받이가 있어서 빗물이 튀는거 막아주요!! 대박!!
제동력도 좋네요~ 역시 삼천리 크~
앞에 바구니도 예뻐서 꼭 파바가서 바게트를 사서 넣어올거에요 ㅎㅎ
뒤에 짐도 실을 수 있어서 뭐 실을 때도 좋아요^^
날 좋으면 멀리 라이딩 가야겠어요~^^",5,1,부정
dkss*******,2020-08-02T07:04:23.000+00:00,자전거: 02.메이비 22 / 컬러: 민트,요새 운동하고싶어도 헬스다니기도 좀 불안하고해서 몇달전부터 자전거 빌려서 출퇴근 하거나 하다보니까 셀프생일선물로 자전거하나 이참에 장만할까싶더라구요 접이식이라서 차에 넣기도 좋구 집에 베란다에 내놓아도 자리차지가 많이 되지 않아서 좋네요 크기도 적당하고 타기에 편해서 저말고도 온가족이 요거 이용하네요 색감도 검정이나 단순한 색상으로 고민하다가 민트색했는데 민트하길 잘한거같아요 완전 만족스럽습니다,5,1,긍정
quf2***,2020-08-03T12:57:31.000+00:00,자전거: 02.메이비 22 / 컬러: 민트,"색깔 넘 이뿌네요!! 이왕 자전거 탈 꺼 디자인도 이쁜걸로 사고 싶었는데 디자인을 생각하면 기능면으로 떨어져서 고민중이였는데 여러군데 알아보길 잘했네요!
공원에서 체력 키우고 다이어트도 할 겸매일 한시간 씩 타고 있는데 바퀴가 안정감 있게 잘 굴러가고 색깔도 이쁘게 잘 나왔고 무엇보다 접이식이라 아파트 복도에 공간차지를 많이 안 해서 잘 타고 있습니다 
배송 빠르고 포장 꼼꼼하게 왔네요 만족합니다.",5,1,긍정
eunj*****,2020-09-06T11:00:41.068+00:00,자전거: 02.삼천리 메이비20 / 컬러: 민트,간단히 조립할 수 있어 좋았고 가성비가 좋아요. 아이가 아주 좋아합니다.,5,1,긍정
qkrg*******,2020-08-08T11:24:42.000+00:00,,"진짜 자전거 너무좋은것 같아요 ! 
지금코로나로 인해서 멀리가진 못하지만 마스크끼고 
자전거 타면서 이래저래 동네는 다닐 수 있어서 
운동삼아 지금 잘 이용하고 있습니다. 
구입하고 남편도 탐을 내긴하더라고요 ! 
조만간 남편용도 한개 장만할까 싶습니다~~!
배송도 빠르고 삼천리 접이식 자전거는 여기만큼 좋은 곳은 없는 것 같아요 
감사합니다. ! 
유용하게 잘 탈수있는 자전거!",5,1,부정
nice*****,2020-09-20T23:23:04.973+00:00,자전거: 01.삼천리 카라 / 컬러: 다크블루,배송이 빨라서 좋네요,5,1,부정
suhj*****,2020-09-07T07:43:01.311+00:00,자전거: 01.카라 / 컬러: 다크블루,사진 그대로라서 마음에 들어요 설치비주고 대리섬에서 조립했습니다,4,1,부정
anfv******,2020-08-01T18:35:02.000+00:00,자전거: 02.메이비 22 / 컬러: 민트,기존에 안 접어지는 자전거 타다가 오래되기도 하고 접이식 자전거가 더 유용할것 같아서 구매했어요~ 아무래도 접어지지가 않아서 밖에다 세워두니 더 빨리 낡는 느낌이 나서 접이식으로 사서 문앞에 두고 쓰려고요~ 오프라인으로 사려면 디자인도 맘에 드는게 많이 없고 훨씬 비싼데 너무 좋은 가격에 잘 샀어요. 디자인도 마음에 쏙 드네요. 보관 때문에 산건데 차량에도 실려서 차타고 큰 공원가서 탈수도 있고 좋네요. 얼렁 장마 끝나서 자전거 타고 다니고 싶네요~~,5,1,긍정
dmme*******,2020-08-02T14:44:17.000+00:00,자전거: 01.카라 / 컬러: 다크민트,시골은 아니지만 저희 아파트 주변에는 마트도없고 걸어서 15분이상가야 작은마트라도 있는 곳이기 때문에 운전 못하는 뚜벅이는 자전거 필수에요ㅜ 벼르기만하다가 보관도 쉽고 가격도 괜찮아서 언능 구매했어요! 자전거 받자마자 다음날 살것도 없지만 마트갔어요ㅋ 더운날인데도 자전거타니 시원하고 하자없고 무엇보다 택배라 걱정했는데 정말 꼼꼼히 포장해주셨네용ㅜ 이렇게 작게 접어지다니ㅋㅋ넘 귀엽고 디자인도 진짜 맘에 들어요!,5,1,긍정
smho***,2020-08-19T12:23:49.000+00:00,자전거: 02.메이비 20 / 컬러: 라이트핑크,"자전거가너무이뻐요^^
좀더큰거사야하나햇는데
130 아이한테 딱이에요^^",5,1,부정
si****,2020-08-24T09:05:40.000+00:00,자전거: 02.삼천리 메이비20(8월20일출고에정) / 컬러: 민트,뒷변속기 조정이 쉽지않네요..70%만 조정하고 그냥 쓰려구요..ㅡㅡ,5,1,긍정
minz***,2020-08-10T01:20:18.000+00:00,자전거: 03.화이트라벨 / 컬러: 블랙,"배송 아주 빠르게 받았어요.
하지만 자전거 하자로 교환 받았어요.
빠르게 처리해 주셔서 불편함은 없었어요.
박스를 버리면 교환이 어렵다니 점검 다 할때까진 보관하는게 좋겠네요.참고하세요.
아이가 잘 타고 다닙니다.
초2 130정도 되는데 설때 살짝 까치발이고 나머진 별 문제 없네요.좋아요.^^",4,1,부정
hl****,2020-08-31T08:52:25.000+00:00,자전거: 01.삼천리 카라 / 컬러: 다크블루,빠르게 잘 받았습니다,5,2,부정
redv******,2020-08-28T03:16:35.000+00:00,자전거: 01.삼천리 카라 / 컬러: 다크민트,배송빠르고 조립이 어렵지 않았어요,5,1,긍정
lgy0***,2020-08-18T13:52:14.000+00:00,자전거: 02.메이비 20 / 컬러: 라이트핑크,"예쁘고 바구니가 있어서 편하고 좋아요 ㅎㅎ 
엄마가 밤마다 타면서 같이 운동하고 있어요!",5,1,부정
ci****,2020-09-26T12:17:48.823+00:00,자전거: 02.삼천리 메이비20 / 컬러: 라이트핑크,잘 쓰고 있습니다~^^,4,1,긍정
kkn1***,2020-09-12T06:03:31.588+00:00,자전거: 01.삼천리 카라 / 컬러: 다크블루,좋아요.튼튼해보이고 디자인도 이쁘네요~~~^^,5,1,부정
redp********,2020-08-19T12:01:22.000+00:00,자전거: 01.카라 / 컬러: 다크민트,색감이 너무 맘에 들어요 기어조작도 편해요,5,1,긍정
zzoo***,2020-08-22T08:04:13.000+00:00,자전거: 02.메이비 20 / 컬러: 민트,튼튼하고 좋아요. 딸이 아주 좋아해요.,5,1,긍정
gksk*****,2020-08-24T04:07:50.000+00:00,자전거: 01.삼천리 카라(8월20일출고에정) / 컬러: 다크민트,좋아요 좋아요 좋아요 상처없이 왔어요~,5,1,부정
ju81****,2020-09-08T14:27:45.980+00:00,자전거: 03.삼천리 화이트라벨 / 컬러: 화이트,아들이 자전거 타고 싶다고 해서 구매했는데 너무 좋아요 잘 타고 있어요~,5,1,긍정
mobu********,2020-08-05T05:05:15.000+00:00,자전거: 02.메이비 22 / 컬러: 민트,"체력관리좀 해야겠다 싶어서 자전거 타볼까해서
따릉이 몇번 탔어요 ㅋㅋ 반납이나 이런건 편해서 좋은데 너무 무거워서
어디 들고다니기는 힘들어서 멀리는 못나가겠더라구요ㅠㅠ 
그리고 좀 몇번타보니까 출퇴근때 자전거 있어도 편하겠다 싶어서 구매!!
일단 앞에 바구니 있어서 너무좋아요! 따릉이 타면서도 바구니 있는게 확실히 소지품넣고 타기 좋아서 편하더라구요
그리고 접이식 대박사건 타다가 가끔 힘들때 들고 대중교통 이용하면되고 차 트렁크안에도 쏙 들어가니까 너무 편해요 색상도진짜 너무이쁨요!",5,1,부정
syka*****,2020-08-22T02:44:21.000+00:00,자전거: 02.삼천리 메이비20(8월20일출고에정) / 컬러: 라이트핑크,빠른 배송 감사합니다..,5,1,부정
woni***,2020-09-05T05:59:33.000+00:00,자전거: 01.삼천리 카라 / 컬러: 다크민트,만족합니다~~~!!,5,1,부정
mags***,2020-09-12T00:56:54.444+00:00,자전거: 01.삼천리 카라 / 컬러: 다크블루,"엄마가 자전거로 출퇴근 원하셨는데 마침 생일도 다가오고해서 사드렸어요
좋아하십니다 :)",5,1,긍정
heoh****,2020-08-02T03:38:17.000+00:00,자전거: 02.메이비 22 / 컬러: 민트,"운동은 꾸준히 했었는데 코로나 이후로는 중단했거든요.
살은 포동하게 계속 오르고... 도저히 안될 것 같아서 아이와 함꼐
자전거 타기로 약속했습니다. (엄마와 아이모두 뚠뚠이가 되어 가는중 ㅎㅎㅎ)
아이가 탈거라 아이가 원하는 디자인으로 고르게 했는데 민트 색상이 젤 이쁘다고 하더라고요. 실물도 사진 처럼 정말 이쁩니다.
또한, 자전거만 두대이다보니 공간차지를 많이해서 걱정이었는데 접이식이라 공간활용하기 좋아요. 잘탈게요 배송도 빠름!",5,1,긍정
happ***********,2020-08-02T07:59:09.000+00:00,자전거: 01.카라 / 컬러: 다크민트,접이식자전거면서 부피차지안하고 이왕이면 예쁜자전거찾고있었는데 딱이에요 완전예쁘네요 자전거사이즈도 딱제가 원하던사이즈에요. 차트렁크에 싣고서 공원가서 탈계획인데 접을때도 정말간편하고 쉽더라구요 자전거색도 예뻐서 괜시리 탈때 기분도좋더라구요 자전거라서 배송이 어떻게올지 걱정했는데 꼼꼼하게 포장해주시고 빠르게배송해주셔서 너무감사했습니다 자전거자주타면서 운동도하구 참좋아요,5,1,긍정
ghkd****,2020-08-02T23:56:57.000+00:00,자전거: 01.카라 / 컬러: 다크민트,"배송도 엄청 빨랐고 손상된거없이 넘나 잘받았네용ㅎ
맨날 걸어다니다가 도저히 여름이라 못걸을거같아서 자전거 처음으로 사봤는데 다들 삼천리자전거가 좋다고하더라고요! 미니벨로라 자리차지도 많이 안하고 딱 여자들이 타기좋은거같아요 집에 보관할땐 접을수있어서 자리차지도 많이안하더라고요 조립하는거도 잘 나와있어서그런지 어렵지않게할수있었네요 색도 너무이쁘고 대만족입니다",5,1,긍정
xf****,2020-08-03T12:29:31.000+00:00,자전거: 02.메이비 22 / 컬러: 민트,"메이비는 상태 좋았습니다.
카라를 저런제품으로받지않았다면
아이한테 기분좋게 조립해주고 마무리했겠건만..
카라는 유광민트라면 메이비는 무광민트칼라입니다.
메이비 무광민트칼라가 느낌이좋아요.
굉장히 예쁩니다.",4,1,부정
2005***,2020-09-18T11:13:35.351+00:00,자전거: 01.삼천리 카라 / 컬러: 다크민트,예쁘고 조립하기 편해요,5,1,부정
slay*****,2020-09-11T03:28:56.938+00:00,자전거: 02.삼천리 메이비20 / 컬러: 라이트핑크,"잘받았습니다
그런데 택배에서 그런건지 바구니가 찌그러져왔네요",4,1,긍정
sunb*****,2020-08-01T13:27:15.000+00:00,자전거: 02.메이비 22 / 컬러: 민트,"자전거 넘 맘에 들어요!!
이름없는 자전거 몆개월타다 버리고 새로 삼천리자전거로 구입했습니다.
역시 삼천리네요 ㅎ
민트컬러라 색상도 넘 샤방샤방 예쁘고 내구성 또한 굿입니다.
보관도 편리하고 차에도 싣고 다니려고 접이식했는데 접었다 폈다하기도 매우 간단하고  쉽네요 ~
매장나가 사는것보다 가격도 착하고 넘 잘산것같아 기분이 좋아요 ㅎㅎ
열심히 자전거타서 살빼는 일만 남았네요
좋은제품  감사함돠!!",5,1,부정
dndp****,2020-08-19T10:37:44.000+00:00,자전거: 01.카라 / 컬러: 다크블루,"운동겸 스트레스해소용으로샀어요
만족합니다♡♡",5,1,부정
keng****,2020-07-31T01:10:21.000+00:00,자전거: 01.카라 / 컬러: 다크민트,"집에 작은 자전거가 한대 있는데 트렁크에 들어가질않아서
어디 멀리갈땐 못들고다니겠드라구요 ㅎㅎ 접이식 알아보다가
가격도 저렴하구 성능도 괜찮아보여 구입했어여 ^^
색상두 넘 화사하니 이뿌구 트렁크에도 쏙 들어가서 여행가서 타기 
딱좋네요 ㅋㅋ 승차감두 너무 편하드라구요 집에 있는 자전거보다 
더 편하구 잘나가욥ㅋㅋ 사이즈가 작아서 아이들용일까 문의드렸는데
친절하게 답변해주셔서 넘 좋았습니다 제가 키가 작은데 요게 딱이드라구요 ㅋ",5,1,부정
vkwk******,2020-08-02T04:14:17.000+00:00,자전거: 02.메이비 22 / 컬러: 민트,받아보고 너무 예뻐서 대만족 이에요 빨리 타고 싶었는데 배송도 정말 흠집 하나없이 와서 너무 감사해요 자전거는 크지 않아요 제가 체구가 작은 편인데 저한테 적당하고 좋아요 정말 자전거가 예뻐요 동화 속에 나오는 자전거 같아요 튼튼하고 잘 굴러가요 핸들링도 좋고 이뿌기만 한게 아니라서 좋아요 그리고 접이식이라서 어디갈때 트렁크에 들어가서 참 편리해요 강추에요 정말!!!,5,1,부정
ggan****,2020-07-28T05:35:25.000+00:00,자전거: 02.메이비 20 / 컬러: 라이트핑크,"어느덧 첫째딸이 두 발 자전거를 타네요~ㅎㅎ
신나게 타고싶은데 기존에 있던건 너무 작다보니 탈 때 많이 불편해 보이더라고요...;;;
얼마전 망설이다 품절되고는 8월까지 기다려야 하나 싶었는데 지난 주말 재고가 생겨 운좋게 주문했습니다~!^^
받자마자 조립(?)해보니 그리 어렵지도 않고 튼튼한거 같아 좋습니다~!!
한 달 신나게 달려보고 더 자세한 후기 올릴께요~!!^^",5,1,긍정
mail***,2020-08-03T09:04:46.000+00:00,자전거: 02.메이비 22 / 컬러: 민트,정말 제가 찾던 자전거입니다. 크기도 앙증맞고 접이식이라서 접는방법도 간단해서 정말 편하더라구요! 색깔도 민트색 자전거라서 정말 주위에서 난리더라구요 ㅎㅎ 자전거 너무예쁘다고 ! 괜시리 저까지 기분좋아지는..요즘 매일 동네한바퀴 타고 다니고있어요. 다음주에는 날씨좀 괜찮으면 차에다가 싣고서 한강가려구요! 정말 자전거 강추합니다! 배송도 포장을 아주꼼꼼하게해서 보내주셔서 받을때기분도 좋았답니다!,5,1,부정
supe*******,2020-09-12T04:42:37.408+00:00,자전거: 03.삼천리 화이트라벨 / 컬러: 화이트,무겁지 않고 좋네요 가성비도 이만하면 굿,5,1,부정
hoho****,2020-09-09T00:38:37.683+00:00,자전거: 03.삼천리 화이트라벨 / 컬러: 화이트,160 여성 가볍게 나들이로 타기 적당하네요 디자인이 예뻐요,4,1,부정
js97****,2020-09-10T14:26:24.878+00:00,자전거: 01.삼천리 카라 / 컬러: 다크블루,"11살 아이가 타기 딱 좋아요...
오래 탈 수 있을거 같아요...",4,1,부정
choh****,2020-08-03T07:46:07.000+00:00,자전거: 01.카라 / 컬러: 다크민트,남편이 조립하는데 생각보다 수월히 했구요~택배기사님도 무거운 자전거 집앞까지 친철하게 배달해주셨어요 비가와서 한번도 타보지를 못해서 일단 별4점 줬습니다 삼처리자전거니까 믿고 잘타겠습니다~,4,1,부정
ahjf*****,2020-08-26T02:07:17.000+00:00,자전거: 02.메이비 20 / 컬러: 라이트핑크,"잘타고다닙니다
접는게 어려웠는데  이젠 수월해요",5,1,부정
iren*******,2020-09-02T15:07:21.000+00:00,자전거: 03.삼천리 화이트라벨 / 컬러: 화이트,159 여자 키에 적당해요,5,1,긍정
babu****,2020-08-01T08:55:13.000+00:00,자전거: 01.카라 / 컬러: 다크민트,"기존에 타던 자전거가 좀 낡아서 새 자전거 알아보다가 구매했어요. 꼼꼼히 포장된 상태로 빠르게 보내주셔서 잘 받았어요~ 받자마자 타러 가봤는데 안장 편하고 사랑스러운 컬러가 참 예쁘네요. 접이식이라 트렁크에 싣고 다니기에 편해서 좋구요~ 집에서 보관하기에도 공간 차지 많이 하지 않아서 만족스럽고, 앞에 바구니가 있어서 장보러 갈 때 물건 담기도 편합니다. 여러모로 만족스럽습니다",5,1,긍정
herm******,2020-07-02T02:26:18.000+00:00,자전거: 01.카라 / 컬러: 다크블루,"배송, 품질, AS  전부 만족이요~
딸애가 키는 큰데 16인치 타서..ㅎㅎ
사줘야 하는데 자전거가 싼것도 아니고 쉽게 결정하기 어려웠는데 바이맥스가 후기도 많지만 가격도 착하고..여러모로 선택할만 했어요.
여기서 몇개 시킬게 있는데..믿고 살 수 있을것 같아요.
조립은 여자 혼자해도 정신차리고 15분?이면 하는것 같이요. 조립준비물 미리 다 챙겨 놓으시고~~^^ 기본 펜치, 장갑, 포장제거용 가위 등
딸애가 갑자기 커진 자전거 처음에  어려워하더니 3,4일 타니까 적응한 것 같아요.
다만 다리에 멍은 옵션이네요..ㅎㅎ
이도 지나가겠죠.
저희딸 탄거 보고 동네언니도 똑같은거 시켰어요~^^ 
색상 너무 이쁘다구요~~
민트 핑크 다 이쁜데~블루 대박짱짱 이뻐용
즐쇼했네요. 수고하세요~",5,1,긍정
haha****,2020-07-31T11:15:07.000+00:00,자전거: 01.카라 / 컬러: 다크민트,"평소에 자전거에관심 없던 아들이 갑자기 자전거를 배워보겠다고 하길래 얼른 주문했네요
 오프라인보다 저렴한 가격에 구매해서 혹시나 늦게오면어쩌나했는데  빠른 배송덕에 오래기다리지 않아 좋더라구요~
자전거본체와 부품및부자재와함께 조립 공구가  함께들어있어 별도의 공구 없이도 조립이 가능하고 생각보다 조립도 간단하고 쉬웠어요
조금 무겁긴해도 그래야 안정감이있어야할꺼같아서 패쓰!! 접이식이라 접어서 자동차에도 실어다닐수 있어 가격대비 가성비가 아주 좋은듯 해요",5,1,부정
here********,2020-08-09T23:21:04.000+00:00,자전거: 01.카라 / 컬러: 다크민트,좋아요 조립도 생각보다 쉬웠습니다 비가 와서 많이 못탄게 좀 아쉽네요,5,1,긍정
tong*****,2020-08-24T03:54:05.000+00:00,자전거: 02.삼천리 메이비20 / 컬러: 라이트핑크,잘 받았습니다. 다만 조립하고 처음탈때 아이용으로 산거라 브레이크 손잡이 간격을 조절해야 되서 약간 귀찮았습니다. 미리 아이용인지 확인이 돼서 간격조절이 어느정도 돼서 오면 정말 좋을것 같습니다. 잘 타겠습니다.,5,1,부정
chan*****,2020-09-15T03:19:44.951+00:00,자전거: 01.삼천리 카라 / 컬러: 다크민트,"잘배송문앞까지 받았고깨끗하게
전달받았읍니다",4,1,부정
jkh7*****,2020-09-04T13:05:02.000+00:00,자전거: 03.삼천리 화이트라벨 / 컬러: 화이트,"넘 예뻐용
일요일날 또 태풍이 온다고하니
내일 시승식을 해봐야겠어요
한달후기때는 사진이랑 많이 올릴께요",5,1,긍정
feel******,2020-07-31T02:55:23.000+00:00,자전거: 01.카라 / 컬러: 다크민트,"배송도 빠르고 디자인도 예쁘네요. 다크민트 주문했는데, 저 맘에 딱 들어요
브레이크 작동이 잘되고, 프레임레버를 사용해서 자전거 접고 펴는 것도 잘됩니다.^^
특히, 접이식이라 여행갈때 트렁크에 넣고 이동하기 좋을 듯 합니다.
다른 자전거에 비해 안장이 넓고 스프링이 좋은 것 같아 승차감이 좋아요
거기에 바구니가 있어 가방 넣어다니기 딱입니다!!
키가 작아서 항상 고민이었는데, 저에게도 너무 편해서 더 맘에 드네요.",5,1,부정
kity***,2020-08-25T09:48:22.000+00:00,자전거: 02.삼천리 메이비20(8월20일출고에정) / 컬러: 라이트핑크,아직 타보진못했지만 색상과 디자인은 화면과 같아요^^,4,1,긍정
sper********,2020-08-07T04:40:57.000+00:00,자전거: 01.카라 / 컬러: 다크블루,"초등 4학년 아이 아파트 단지내 5번도 안탔는데 바퀴가 이리 돼서 AS문의 했더니 구입 1주내만 가능하다네요...
제품이 자전거 구입 몇번 했지만 이렇게 허술한건 첨이네요.",1,1,부정
milk*****,2020-09-16T03:56:28.387+00:00,자전거: 02.삼천리 메이비20 / 컬러: 민트,좋아요 편리하고요 좋아요,5,1,긍정
inae*****,2020-09-11T15:33:32.297+00:00,자전거: 02.삼천리 메이비20 / 컬러: 라이트핑크,배송완전빠르고너무예뻐요맘에들어요,5,1,부정
zoam***,2020-09-09T12:15:01.925+00:00,자전거: 01.삼천리 카라 / 컬러: 다크블루,"가격대비 제품이 좋아요
조립 설명서가있었으면 해요",5,1,긍정
choi******,2020-08-13T23:36:46.000+00:00,,"주문하고 다음날 받을 수 있어서 만족합니다. 
미조립이라 해서 조립부품이 많으면 고생하겠네 했는데
기본 바퀴등은 조립이 되어있고, 간단하게 몇개만 손보면 탈수있어
아이도 부모도 다 좋아합니다. 
바구니가 약간 깨져있어 별4개 올립니다. 어짜피 처음 배우면서
탈꺼라 깨지고 찍히고 긁힐꺼라 상관은 없지만",4,1,긍정
nada***,2020-07-31T08:29:36.000+00:00,자전거: 01.카라 / 컬러: 다크민트,"아이가 요즘 운동부족에 코로나탓에 밖에 나가지도못하니 몸이 계속 안좋아지는거같아 운동겸 자전거 태우려고 구매했는데
배송도 빠르게왔고 제품 뜯어보니 조립도 간편해서 금방했어요~
접이식이라서 접기도 편리하게 견고하게 만들어져서 마음에드네요!!
남편이랑 애들이 공원가서 많이타는데 차량에 싣기도 접이식이라 편해서 저보다 남편이 좋아해요 ㅋㅋ
안장도 불편함없이 잘맞구요!
핸들링 만족스러워서 좋아요",5,1,부정
haoh*******,2020-07-29T11:11:57.000+00:00,자전거: 01.카라 / 컬러: 다크민트,초딩 큰아이 타던 네발 자전거에서 두발 자전거로 업그레이드 시켜주려고 튼튼하고 가성비 좋은 자전거로 검색해서 선택했는데 역시 삼천리꺼라 믿음도 가고 좋으네요. 차 트렁크에 실리는 디자인이 편해서 접이식으로 봤는데 사이즈가 정말 맞춤처럼 딱이에요. 무게감도 괜찮아서 제가 혼자 들어서 넣기에도 버겁지 않더라구요. 도착해서 조립하는데 조금 어려움을 있었지만 천천히 따라하니까 끝까지 마무리 잘 했어요. 아이도 좋아하고 운동삼아 씽씽타러 나가야겠네욤^^,5,1,긍정
cjft*****,2020-09-11T01:16:02.807+00:00,자전거: 02.메이비 20 / 컬러: 민트,자진거 이쁘고 키작녀들도 땅에발닿아서 좋아요,3,1,긍정
skwn********,2020-07-31T09:40:23.000+00:00,자전거: 01.카라 / 컬러: 다크민트,"지금 휴직중이라 9월부터 다시 출근시작인데 출근할때 이용하려고 이곳저곳 알아보다 디자인이며 색상이 맘에 들어 구매했어요~
차로 출근하기엔 거리가 가깝고 걸어다니기엔 땡볕에 힘들거같아 자전거가 좋을거 같더라구요
택배상자 큼직하게 안전하게 잘 배송되서 받았구요.. 많이 무겁지도 않고 좋네요
한바퀴 돌고 왔는데 너무 신나게 잘 나가고 튼튼하고 기분좋더라구요
출근전 자전거운동 해야겠어요",5,1,부정
rwgz****,2020-08-29T09:45:49.000+00:00,자전거: 03.삼천리 화이트라벨 / 컬러: 화이트,이쁜자전거 잘 샀습니다,5,1,부정
jc****,2020-07-16T22:31:51.000+00:00,자전거: 03.화이트라벨 / 컬러: 블랙,배송 빨랐구요. 조립 핸들만 끼우면 되겠금 배송와서  여자인 제가 동영상보고 10분만에 조립했네요. 조립할수 있는 공구도 다들어가 있었구요. 흰색 구매하고 싶었으나 품절이라 검정 샀는데 좋아요.  안장이 작고 좁고 딱딱해요. 해서 저는 추가옵션에 안장도 같이 구매해서 씌웠더니 그나마 덜아프게 탔어요. 다만 추가구매한 안장에 하얀색 마크부분이 바지에 묻어서 바지는 빨고 뜯었네요. 계속 묻겠더라고요.,4,1,긍정
hkka****,2020-08-01T09:21:39.000+00:00,,"출퇴근용으로나 일상시에 끌고 다닐 수단으로 찾아 보다가 전동킥보드랑 자전거랑 엄청 고민하다가 자전거로 택했어요
아무래도 운동도 같이 되면서 더 안전한걸로 찾다가 자전거 구입 했는데 역시 자전거는 삼천리자전거인 거 같아요.
사이즈도 딱 잘맞고 제가 원하는 디자인으로 골라서 산건데 너무 예쁘고 마음에 들어요. 안장도 딱 편해서 좋네요.
빠른 배송 감사합니다 잘타고 다닐게요^^",5,1,긍정
p199****,2020-08-27T07:29:03.000+00:00,자전거: 01.카라 / 컬러: 다크블루,편하게 누구나 탈수 있는 튼튼한 자전거입니다. 안장조절로 초딩부터 성인도 타기에 부족함이 없어요,5,1,부정
ssug****,2020-07-30T22:14:51.000+00:00,자전거: 01.카라 / 컬러: 다크민트,"자전거는 역시 삼천리죠ㅎㅎㅎ
울 꼬꼬마들 이제 아기티 벗고 20인치로 갈아탔어요. 
집 공간이 넓지 않아서 접이식 으로 구매했는데요~ 진짜 잘한 거 같아요. 굳이 밖에 보관할 필요없이 접어서 집에서 보관하고 있습니다. 

오자마자 태워줬는데 변속도 쉬워보이고 흙받이가 달려있어서 땅이 젖어 있을 때도 문제가 없더라고요.

디자인도 군더더기 없이 깔끔하고 무엇보다 색상이 넘 이쁘게 잘 빠진 것 같아요.",5,1,긍정
p830***,2020-09-09T03:01:48.815+00:00,자전거: 01.카라 / 컬러: 다크민트,"고장없이 잘 사용하고 있습니다.
많이 무겁지 않아서 아이가 들고 내리고 하기도
한답니다",5,1,긍정
yunw****,2020-07-12T12:00:30.000+00:00,자전거: 01.카라 / 컬러: 다크블루,"배송 빠르고 제품 문제없이 잘 받았습니다.
조립도 쉬워서 아빠들이 아이들에게 선물로 사줘도 아빠들이 조립하기 어렵지 않아요",5,1,긍정
tiwa***,2020-07-29T14:54:25.000+00:00,자전거: 01.카라 / 컬러: 다크민트,코로나때문에 여행을 가기도 쉽지않고 조카가 맨날 집에서 심심해하면서 티비랑 핸드폰만 한다길래 근처 공원에가서 타라구 선물로 사줬어요~! 자전거 보자마자 엄청 좋아하네요ㅎㅎ 자전거 타는법 알려주니까 첨엔 무서워하더니 금방 안정적이게 타더라구요. 자전거가 배송도 빨랐구 견고해서 초등학생 조카가 타기에 딱 좋았어요. 색상도 화면보다 실제로 보는게 더 예쁘더라구요. 올 여름은 자전거로 잘 보내게 해야겠어요,5,1,부정
73****,2020-08-07T09:57:29.000+00:00,자전거: 03.화이트라벨 / 컬러: 화이트,배송 빠르고 문제시 피드백 빨라 좋아요^^,4,1,부정
view****,2020-08-26T14:44:33.000+00:00,자전거: 03.삼천리 화이트라벨(8월20일출고에정) / 컬러: 화이트,"포장상태 양호, 배송정확",5,1,긍정
le****,2020-08-05T13:01:11.000+00:00,자전거: 02.메이비 22 / 컬러: 민트,"저녁먹고 운동겸 동네 한바퀴 돌까싶어서 자전거 샀어요
삼천리는 자전거로 유명해서 일단 마음에 들더라구요~~
색깔은 제가 민트초코부터 민트 성애자라서 보자마자 민트로 초이스 했어요 완전 취향저격 제대로 입니다ㅜㅜㅜ 존예로워요
내구성도 튼튼하고 타보니 좋더라구요
무엇보다 자전거 보관장소가 마땅치 않았는데 이건 접이식이라서 집안에 보관해도 공간차지 크게 없이 가능해서 굿입니다 ㅎㅎ",5,1,부정
curl*******,2020-08-29T04:30:54.000+00:00,자전거: 01.삼천리 카라 / 컬러: 다크블루,제품은 예쁘고 조립도 많이어렵진않았어요. 앞바퀴에바람이 하나도없는채로 와서 바로타지못한게아쉬웟ㅊ어요,3,1,부정
jinh******,2020-07-30T10:58:39.000+00:00,자전거: 01.카라 / 컬러: 다크민트,평소 짧은거리는 자전거를 타고 잘 다니는데 얼마전에 도둑맞았어요 -_- 그래서 이번엔 집안에 보관하려고 접이식자전거를 구입했는데 너무 만족스러워서 후기남깁니다! 여자인 제가 혼자 접고펴기도 간편하고 무게도 무겁지않아요~ 그리고 주말에 차에 넣어서 공원같은 곳에서 타기에도 적당합니다ㅎㅎ 코로나때문에 답답했는데 마스크쓰고 슝슝 돌아다니기 좋아요! 색상도 너무 예뻐서 잘 산 것 같아요~^^,5,1,긍정
nsjg***,2020-07-29T11:18:54.000+00:00,자전거: 01.카라 / 컬러: 다크민트,"자전거 연습해서 타려는데
못타는 애들..
힘드네요
자전거 튼튼하고 예쁩니다
앞바퀴에 끼우는 까만 동그라미 한개가 안왔어요
보내주세요~~!!",5,1,긍정
cmr4***,2020-09-11T14:17:55.567+00:00,자전거: 01.삼천리 카라 / 컬러: 다크블루,배송빠르고 좋아요 좋아요,5,1,부정
soon*******,2020-09-04T19:45:04.000+00:00,자전거: 01.카라 / 컬러: 다크블루,아들이 좋아하네요~사이즈도 아담하니 좋아요,4,1,긍정
woow******,2020-07-30T22:19:05.000+00:00,자전거: 01.카라 / 컬러: 다크민트,"생각보다 빠르게 받았네요.
초등학생 2학년인데 어떤걸로 살까 고민이 많았어요. 상세페이지에 나와있는 키보고 초이스 했는데 크기도 적당하고 이제막 배우기 시작한 아이에게 딱 맞는 것 같아요. 여자아이인지라 바구니에 이것저것 넣는거 좋아라 하는데 바구니 있다며 넘 좋아하네요 ㅎㅎ 색감도 파스텔 톤이라 너무 이쁘고 접이식이라 공간차지 하지 않아서 좋은 거 같아요.

잘쓸게요 : )",5,1,긍정
donk***,2020-09-04T21:49:43.000+00:00,자전거: 02.삼천리 메이비20 / 컬러: 라이트핑크,너무 좋아요.다음에 또 구입하고 싶어요.,5,1,긍정
hnsc****,2020-09-10T08:08:22.183+00:00,자전거: 01.삼천리 카라 / 컬러: 다크민트,"안녕하세요
크기도 적당하고
너무너무 좋아요",5,1,긍정
nunm****,2020-08-02T00:12:00.000+00:00,자전거: 01.카라 / 컬러: 다크민트,맨날 방콕하고 있어서 자꾸만 살이 쪄서 안되겠다 싶어서 운동기구 뭐 살까 하다가 ㅎㅎ 집에서 하는 것 보다 공원가서 자전거 타는게 좋겠다 싶어서 자전거 사기로 하고 찾아보다가 이 자전거 보고완전 반했어여 ㅋㅋ 컬러 무엇 ㅋㅋ 너무 예뻐여 ㅎㅎ 그리고 접이식이라 보관하는데 편하고요 카페에도 가지고 들어갈 수 있어서 좋아요 ㅎㅎ 운동겸 산책겸 자주 사용하고 있어여,5,1,부정
jyj9****,2020-07-31T13:28:48.000+00:00,자전거: 01.카라 / 컬러: 다크민트,"완전 맘에 드는 자전거네요 작은아이도 삼철리 자전거 타고 있는데 아주 튼튼해서 큰애꺼도 삼천리껄로 구매했어요 접이식이라 보관도 용이해서 좋았구요 내구성도 좋아서 아주 맘에 들더라구요 
민트색깔이라 아이가 넘 맘에 들어하구요 오프라인매장보다 확실히 저렴하게 산것 같아서 만족 합니다 집앞 공원에서 타 보니 바퀴도 잘굴러가구요 접을때 아주 부드럽게 접해서 만족 합니다",5,1,부정
jnj1***,2020-07-23T06:34:48.000+00:00,자전거: 01.카라 / 컬러: 다크블루,"일단 가성비 갑, 제 키가 158인데 딱 맞아요. 자전거 안장 조절가능하고 멈출 때 브레이크도 짱짱해서 잘 멈춰요. 괜찮음",4,1,부정
dark******,2020-08-02T00:00:03.000+00:00,자전거: 02.메이비 22 / 컬러: 민트,포장 완전 꼼꼼하게 해서 보내주셨어용ㅎㅎ 오자마자 타보니까 바퀴 뭐 이상도 없고 잘 굴러가더라고요. 저희 집 근처는 대부분 자전거로 생활하는 자전거생활권이라서 저도 고민하다가 구입했는데 타사이트보다 저렴한 가격에 완전 만족합니다.자전거를 온라인으로 구입하는거라서 기스나 뭐 하나라도 고장나서 오면 어쩌지 했는데 후기 보고 조금이나마 안심했습니다. 자전거를 온라인으로 구입하는거라서 기스나 뭐 하나라도 고장나서 오면 어쩌지 했는데 후기 보고 조금이나마 안심했습니다.,5,1,긍정
9303****,2020-08-23T14:04:44.000+00:00,자전거: 02.메이비 20 / 컬러: 민트,조립이 쉽고 아이가 좋아해요,5,1,긍정
do****,2020-07-31T06:43:53.000+00:00,자전거: 01.카라 / 컬러: 다크민트,딸램이 생일선물로 새로 장만해줬습니다. 18인치 디즈니 자전거 타다가 요거로 업그레이드 해줬는데 키나 체격에도 잘맞고 안정감 있어서 더 좋아하구요. 다크민트 컬러인데 핑크아니라고 별로라고 하면 어쩔가.. 싶었는데 왠걸 이제 언니라 민트라 더 좋다고 완전 신나합니다^^ 안장이며 페달도 안정감있고 처음부터 삼천리만 봤는데 이래서 삼천리 삼천리 하나싶고요. 오프라인보다 가격도 착하게 구매해서 기분 좋습니다.,5,1,긍정
rabb*****,2020-09-14T08:08:39.705+00:00,자전거: 01.삼천리 카라 / 컬러: 다크블루,좋아요좋아오좋아요오,5,1,부정
1999***,2020-08-28T22:25:09.000+00:00,자전거: 03.삼천리 화이트라벨 / 컬러: 화이트,자전거가 생각보다 조금 무겁긴한데 그래도 들만하네요!! 자전거 샵 가서 조립 하고 바로 타봤는데 씽씽 잘나가네요~~,4,1,긍정
algh***,2020-08-14T06:02:31.000+00:00,자전거: 01.카라 / 컬러: 다크블루,키126센티인데 아이가 잘타요~무겁지만 가격대비 만족합니다~,4,1,부정
tktm****,2020-07-29T12:52:41.000+00:00,자전거: 01.카라 / 컬러: 다크민트,"빠른 배송 잘받았어요~
아이가 초등학생이다 보니 유아용 샀던거 이제는 더 안타겟다고 해서 자전거 알아보다가 구매해요
삼천리 자전거라 일단 믿음이 가고 20인치라 지금부터 쭉 타기도 좋은거 같아서 좋습니다.
저희 아파트가 비상계단에 자전거를 못두게 되어서 밖에 세워두자니 비를 거의 다맞는 구조라 집안에 두어야되는데 이건 접이식 자전거라 현관에 두어도 공간차지가 맣이 안되서 이점이 젤젤 맘에 듭니다
컬러나 디자인도 고급스럽고 예쁘네여^^",5,1,긍정
jung******,2020-08-03T07:04:51.000+00:00,자전거: 02.메이비 22 / 컬러: 민트,"가까운거리에 타고다닐려고 주문했는데 딱이예요~~색상도 너무예뻐서 다들이뿌다고 해주니 기분이좋네요~~일단 접이식이라 너무 맘에들어요~~차 트렁크가 좀작아서 접이식찾고있었는데 딱이네요~~접이식이라서 쉽게 차에싣고 다닐수있어서 자전거를 잘활용할수있을것같네요~~
멀리서도 제자전거가 어디에있는지 한눈에 알아볼수있어요 ㅋㅋ 자전거 초보로서 이정도면 정말 만족하는 자전거예요~~잘타고다닐께요^^",5,1,부정
yj23***,2020-05-21T00:29:09.000+00:00,자전거: 02.메이비 22 / 컬러: 민트,"조카선물로 산건데.....혹시 매장 전시상품인가요!?새거아닌가요??ㅠㅠ 
박스가 찢겨서온겨야 택배쪽에서그렇다고 하지만...바퀴에 밖에서 굴린건자국은 아니지만 검은게 묻어있고 어느정도 닦은사진인데도 아직 남아있긴했구요...ㅠ 세우는?그거 밑부분도 까져?있었어요 꼭...교환할려고햇는데...조카가 더못기다린다고해서 다른건 하자없는듯해서 그냥사용하려구요..그래도 기분은쫌 그렇네요ㅜ담부터 확인 꼼꼼히 하시고 출고부탁드릴께요!!",4,1,긍정
tjdd*****,2020-09-18T11:58:31.348+00:00,자전거: 01.삼천리 카라 / 컬러: 다크블루,"만 족 합 니
다 .",5,1,긍정
shia*****,2020-07-15T10:22:14.000+00:00,자전거: 01.카라 / 컬러: 다크블루,"출퇴근용 자전거를 찾다가 주문하게 되었는데 발송후 다음날 빠르고 안전하게 도착했습니다:) 
상태너무 좋고 바구니가 포함된줄 몰랐는데 상품모두 찌그러진곳 없이 잘 왔어요 
핸들,안장 영상보면서 해서 시간 소요 많이 하지 않고 조립후에 시운전 해봤는데 아주 잘 나갑니다!
좋은 상품 감사합니다 번창하세요!",5,1,긍정
myag***,2020-07-21T04:52:28.000+00:00,자전거: 02.메이비 20 / 컬러: 라이트핑크,색상에 반해서 주문했어요. 딸기핑크 너무 이쁩니다.조립이 쉬웠다는 글에 선뜻 박스를 풀었는데 핸들있는쪽을 꽂는데서 포기하고 멘붕이 왔었네요. 아이가 다시 보고 우여곡절 끝에 꽂았는데..잘하는 분이 하면 상당히 심플한데 저같이 조립꽝들은 멘붕이 오네요. 동영상이나 설명이 조금 더 있었음 좋겠다는 생각입니다.아직 바깥이 더워서 나가지 않았는데 오후에 가지고 나가서 타보려구요.너무 이쁩니다.,4,1,긍정
come***,2020-09-10T16:49:29.966+00:00,자전거: 01.삼천리 카라 / 컬러: 다크블루,아직 미개봉상태지만 좋을 거 같아요,3,1,부정
blac****,2020-09-15T03:29:19.629+00:00,자전거: 01.삼천리 카라 / 컬러: 다크블루,아들이 좋아하네요.,4,1,부정
chul****,2020-10-01T06:43:18.235+00:00,자전거: 02.삼천리 메이비20 / 컬러: 민트,매우 만족합니다 조립도 편하고 만족만족,5,1,부정
ts****,2020-08-17T15:00:09.000+00:00,,"구매한지 벌써 한달이 지났네요, 아주 잘 타고 다녀요^^",5,1,부정
tjtj***,2020-09-13T23:10:12.082+00:00,자전거: 01.삼천리 카라 / 컬러: 다크민트,아주좋아요~아주좋아요!,5,1,부정
rlar********,2020-08-05T11:05:38.000+00:00,자전거: 02.메이비 22 / 컬러: 민트,"배송 잘 받았어요~ 만족스러워요!
그냥 가볍게 운동이나 가까운 곳에 갈때 타려고 구매했어요~ 
전동킥보드도 있는데 운동이 안돼서 자전거도 구매했어요ㅎㅎ 
자전거는 무난합니다ㅎㅎ 딱히 불편한 것도 없고 모자란 것도 없어요~ 
처음 타시는 분들에게 잘 맞을 거 같아요!
또 접어서 보관할 수 있으니 오피스텔이나 원룸에 사시는 분들은 집에서 보관도 가능해서 좋아요!",5,1,긍정
kjwj******,2020-08-28T13:01:40.000+00:00,자전거: 01.삼천리 카라 / 컬러: 다크블루,"잘도착했어요~근데 바구니가 쫌 찌그러져서 별하나 뺏어요.
자전거 조립해 아이가 타봤는데 좋다고 하네요.",4,1,부정
onem***,2020-08-15T06:21:29.000+00:00,자전거: 02.메이비 20 / 컬러: 라이트핑크,사이즈 컬러 다 맘에 들구여 잘 타고 다니고 있습니다,5,1,긍정
hosa******,2020-09-03T04:02:01.000+00:00,자전거: 02.메이비 20 / 컬러: 민트,"높이 조절이 않되서인지 성인이 타기에는 너무 작은거 같아요
키 160미만 여자인데도 무릎이 너무 아파요",4,1,부정
yooj****,2020-07-31T05:52:01.000+00:00,자전거: 01.카라 / 컬러: 다크민트,직접 앉아보니 자전가 안정감있고 편하네요~ 아이가 타는 자전고 사이즈 변경이 필요하다 싶어서 알아보다가 구매했어요~ 포장도 잘되어서 왔고 배송도 빠르게 잘 왔습니다. 조립할때요 동영상 보고 조립하면 되서 조립도 그 닥 어렵지 않게 할 수 있었던것 같아요. 사이즈가 작아서 어디가서 타고 싶어도 가지고 다니기는 힘든게 자전거였는데.. 차에 접어서 실어 다닐수도 있어서 만족스럽네요~,5,1,부정
aura****,2020-07-08T08:46:19.000+00:00,자전거: 01.카라 / 컬러: 다크민트,"튼튼하고  예쁘네요.
두발 자전거 시작하고 오르막 가기 힘들어서 기어 있는걸로 바꿔줬는데 오르막  오르기 더 쉽다네요.
잘 산거 같아요. 아이도 너무 좋아해서 매일 자전거 타고 있네요.
초2  키128~9 정도되는 딸 안장 제일 낮게 하고 타니까 반정도 까치발 되네요.
금방 적응해서 잘 타고 있어요.
이전것보다 자전거 무게가 5킬로 더 나가서 묵직하긴 한데 3일정도 되니 편하게는 아니지만 제법 다룹니다.",5,1,긍정
mtls****,2020-07-08T15:07:04.000+00:00,자전거: 03.화이트라벨 / 컬러: 화이트,"우선 외관이 세련되고 멋져요. 로고도 감각적이고요. 초등학생 자녀와 같이 타려고 샀는데 학원용, 장보기할때 휴대성도 좋고 좁은길 다니기도 편하네요.
티티카카와 고민하다가 이걸로 선택했는데 후회없고 가성비 훌륭합니다. 
한가지 사소한 아쉬움은 거치대가 약간 길어서 세워둘때 자꾸 넘어지네요. 이부분 보완하셔서 판매해주시길 바랍니다. 기어 변경도 부드럽게 잘되고요. 대만족입니다.",5,1,부정
simc***,2020-08-17T05:20:13.000+00:00,자전거: 01.카라 / 컬러: 다크민트,브레이크 잘 잡히고 안장 조절 잘 되고 색깔도 예뻐서 좋아요~,5,1,부정
jhsm***,2020-08-04T15:43:22.000+00:00,자전거: 02.메이비 22 / 컬러: 민트,핑크 민트 고민하다가 민트 결정...완젼 고민 수백번했는데 뻔한거 하지말자 해서 한건데 진짜 색 넘 이뻐요 ㅋㅋ 그리고 저희 조카도 타보더니 좋다고 주라고하는데 새거여서 안된다고ㅋㅋ 좀더타보고 좋으면  하나더 사야지 하고있는데 지금 생각이면 재구매 생각 입니다ㅎ 초등학생 고학년들은 잘탈것 같습니다 타는데불편없고 그냥  삼천리 이름보고 구매 하셔도 될것같아요^^,5,1,부정
79tj****,2020-07-27T00:59:43.000+00:00,자전거: 01.카라 / 컬러: 다크민트,"트렁크에 넣으려고 샀어요
근데 접어도 생각보다 커서 트렁크 다 비우고 넣었어요
저희집 트렁크가 크진 않지만 ㅜㅜ
그리고 무게가 있어서 여자 혼자 넣고 빼기는 힘드네요",3,1,부정
tl****,2020-07-22T07:14:45.000+00:00,자전거: 01.카라 / 컬러: 다크블루,"간단한 조립. 두가지 조립용 공구가 들어 있음.  브레이크, 기어 잘 동작함. 바구니는 안쓸거라 떼어둬서 사진에는 안나옴. 타이어  공기압은 약간 부족해서 추가로 넣어 주어야함.
가성비 만족.",5,1,부정
popo****,2020-07-30T10:58:44.000+00:00,자전거: 01.카라 / 컬러: 다크민트,뒤쪽 브레이크 패드도 붙어 있고 기아 변속도 안 되고 해서 신랑이 유튜브 보고 나름 손 본다고 손 봤는데 2단에서 6단까지 밖에 안 되네요~ 타이어에 바람도 전부 다 빠져 있고 아무튼 이래저래 손이 너무 많이 갔습니다ㅠ ㅠ신랑 없었으면 조립도 못 했을 뻔. . .,2,1,긍정
sa****,2020-09-03T17:41:34.000+00:00,자전거: 02.메이비 20 / 컬러: 라이트핑크,예쁘고 편해선지 우리딸아이 엄청 열심히 타네요,5,1,긍정
mijo****,2020-08-22T06:49:33.000+00:00,자전거: 01.카라 / 컬러: 다크블루,"정말 잘 타고 다니고있어요 
잘샀어요",5,1,부정
dmsw*****,2020-08-28T13:59:51.000+00:00,자전거: 01.삼천리 카라 / 컬러: 다크블루,"배송이 빨랐고요.
조립도 간단히 했습니다.
안장을 제일 낮게 하면 키 120정도 아이도 발이 닿습니다.",5,1,부정
wndu********,2020-06-29T23:21:44.000+00:00,자전거: 02.메이비 20 / 컬러: 라이트핑크,"생각보다 튼튼하고  너무 괜찮아요~~
택배받고 집근처 삼천리 대리점가서 조리받았어요^^
아이가 너무 좋아해요~~
색도 너무예뻐서 여자애들에게 딱이예요~~
바구니가 있어서 수납도 편해요~~",5,1,부정
whzz****,2020-08-01T12:10:44.000+00:00,자전거: 01.카라 / 컬러: 다크민트,"짧은 거리는 자전거 타고 다니려고 구매했어요
요즘 자전거 도로도 잘되어있어서 
편리할것 같더라구용
이 자전거는 접이식이라서 보관이 용이한점이 끌렸답니다
좁은 집안에 두거나 잠시 외부에 보관할때도 
간편하게 접어서 보관하니
자리도 덜 차지해서 좋아요~~~
그리고 공구업이 안장 높이를 조절할 수 있어서
제 몸에 딱 맞게 불편함 없이 라이딩 했습니다.
짐받이에 간단한 짐 실고 달리니 기부니가 조크든요",5,1,부정
cjj0***,2020-06-27T14:31:59.000+00:00,자전거: 03.화이트라벨 / 컬러: 블랙,"일단 배송 빠르게 잘 받았고요, 사진보다 너무 예쁘고 좋네요. 그런데 실제로 타보니 아래 몇몇 상품평처럼 엉덩이가 좀 많이 불편하고요, , 바퀴도 예상치 못했는데 굉장히 얇아서 좀 조심스럽게 타게 되네요. 그리고 기아 변속도 시원시원하게 좀 안되는 감이 있는 것 같아요. 이건 좀 타면서 전문가에 조율 맡겨야 될 것 같아요. 그외에는 다 괜찮은 것 같아요. 가격 감안하면 뭐 가성비 좋다고 해야죠!",5,1,부정
eogh****,2020-07-30T03:10:47.000+00:00,자전거: 01.카라 / 컬러: 다크민트,요즘 안움직였더니 살이 많이쪄가지고 집에서 움직이는걸로는 한계가 있다고 생각해서 밖에서 운동좀 하려고 자전거를 샀어요 7단 변속으로 되어있어서 오르막길갈때나 좀 다리가 아플때 조절할 수 있어서 편하네요 ㅎㅎ 브레이크도 V브레이크를 사용해서 제동력도 맘에들어요! 뒤에 짐받이가 있어서 짐이 있더라도 올려서 묶으면 되니까 어디 시장갔다 올때도 편하더라고요 ㅎㅎ 감사합니다,5,1,부정
gk****,2020-08-17T11:39:09.000+00:00,자전거: 01.카라 / 컬러: 다크민트,"아이가 정말 잘타고 있어요
가격도 좋고 배송도 빨라요",5,1,긍정
love********,2020-09-01T11:07:16.000+00:00,자전거: 01.삼천리 카라 / 컬러: 다크민트,"크기도 만족 하고 

브레이크가 오른쪽이 뒷브레이크 인대 맞는건지 잘 모르겠내요",5,1,긍정
star***,2020-09-04T08:28:07.000+00:00,자전거: 02.삼천리 메이비20 / 컬러: 라이트핑크,너무 좋네여~ 가볍고 튼튼해여,5,1,긍정
se****,2020-08-07T14:09:10.000+00:00,자전거: 02.메이비 22 / 컬러: 민트,색상이 너무 이쁘네요 ^^ 조립도 어려지 않고.. 사은품 LED등 및 벨도 도 감사합니다 ^^,5,1,부정
rhj1***,2020-08-09T06:41:27.000+00:00,자전거: 02.메이비 20 / 컬러: 라이트핑크,"딸아이가 너무 만족하며 타고있습니다~~
크기도 적당하고 색깔도 너무예쁜 핑크라 마음에 듭니다!",5,1,부정
dewl****,2020-08-24T01:40:24.000+00:00,자전거: 01.카라 / 컬러: 다크민트,좀 무겁지만 좋아헤요,5,1,긍정
ehdg*****,2020-07-20T18:45:16.000+00:00,자전거: 01.카라 / 컬러: 다크블루,"디자인과 색상 너무 마음에 들어요. 그리고 튼튼한 것 같습니다.
다만 안장이 너무 딱딱해서 오래타면 엉덩이아파요. 그리고 손잡이가 끈적한느낌도 있어요.",4,1,긍정
chlt********,2020-08-07T09:21:05.000+00:00,자전거: 02.메이비 22 / 컬러: 민트,완전좋아요 예쁘고 튼튼해요 신랑이 조립하니까 10분컷이에요 ㅎㅎ,5,1,부정
ran2***,2020-07-21T11:39:44.000+00:00,자전거: 02.메이비 20 / 컬러: 라이트핑크,"일요일 저녁에 주문했는데 화요일 오전에 도착했어요..택배기사님도 친절하시고..
저희는 근처 대리점에 맡겼는데 딸 아이가 넘 좋아해요..
초2 130인데 안장 끝까지내려서 타니 까치발정도하고 잘 답니다..",5,1,긍정
mtls****,2020-08-09T11:10:38.000+00:00,자전거: 03.화이트라벨 / 컬러: 화이트,초등3학년 딸아이와 같이 타요. 가성비 최고의 자전거입니다.,5,1,부정
memy****,2020-07-12T05:08:20.000+00:00,자전거: 01.카라 / 컬러: 다크블루,만족해요 조립도쉽고 딸아이가 색도 맘에들어해요 튼튼하고 좋아요,5,1,부정
56****,2020-08-31T22:31:31.000+00:00,자전거: 01.삼천리 카라 / 컬러: 다크블루,잘받았습니다 아이가 매우좋아해요,5,1,긍정
c354****,2020-09-03T14:36:38.000+00:00,자전거: 01.삼천리 카라 / 컬러: 다크블루,배송은 빨랐고 조립상태가  디테일하지 않네요 머타는덴 지장없었습니다.,4,1,부정
bora****,2020-08-01T12:20:11.000+00:00,자전거: 01.카라 / 컬러: 다크민트,"자전거로 다이어트 겸 건강해지려고
큰맘먹고 구매했어요
가까운거리는 자전거타고 이동하고
주말에 산책겸 한강 라이딩도 즐기고있네요
짐받이가 있어서 편리하고
디자인도 예쁘고 엔틱해서
요즘 뉴트로 시대에 걸맞는 아이템같아요
안장이 폭신폭신해서 엉덩이도 덜아프구요
배송도 빠르고 좋앗습니다
합리적인가격에  제게 꼬옥 맞는
자전거 구매한것같아 마음에 들어요",5,1,긍정
ky24****,2020-08-11T05:45:36.000+00:00,자전거: 01.카라 / 컬러: 다크민트,한달넘게 탓어요 튼튼하고 고장없이 잘 타고 있습니다,5,1,긍정
chlt********,2020-08-07T09:21:35.000+00:00,자전거: 03.화이트라벨 / 컬러: 블랙,실제로 보니까 더 예쁘고 튼튼해보여요 ^^ 얼른 타고 싶네요,5,1,부정
song***,2020-09-09T04:50:25.726+00:00,자전거: 02.삼천리 메이비20 / 컬러: 라이트핑크,조카가 마음에 들어해요~~,4,1,긍정
msmo********,2020-09-06T09:40:17.197+00:00,자전거: 02.삼천리 메이비20 / 컬러: 민트,매장에서 사용중인데 좋습니다,5,3,긍정
msmo********,2020-09-06T09:40:13.246+00:00,자전거: 02.삼천리 메이비20 / 컬러: 라이트핑크,매장에서 사용중인데 좋습니다,5,1,긍정
msmo********,2020-09-06T09:40:09.656+00:00,자전거: 01.삼천리 카라 / 컬러: 다크블루,매장에서 사용중인데 좋습니다,5,1,긍정
alsw*****,2020-07-16T01:41:59.000+00:00,자전거: 01.카라 / 컬러: 다크블루,일단 자전거가 너무 예쁘고 색상도 고급스럽게 잘 빠진 거 같아요 설명서에 써있는 거 처럼 키 작은 사람들을 위한 자전거 인 거 같구요 전 160이라서 불편함 없이 잘 쓰고 있습니다 그리고 바구니도 기본 옵션으로 있어서 너무 예쁘고 좋습니당,5,1,긍정
hide***,2020-07-22T10:55:13.000+00:00,자전거: 02.메이비 20 / 컬러: 라이트핑크,가격 적당하게 잘사서 너무 좋아요 제품도 이상없고 조립도 완전 쉬웠어요 무게도 가볍고 작동도 쉬워요 너무 만족합니다,5,1,부정
lim8******,2020-09-23T10:53:32.699+00:00,자전거: 01.카라 / 컬러: 다크블루,좋아요좋아요좋아요좋아요,5,1,부정
jinh******,2020-08-03T04:28:54.000+00:00,자전거: 02.메이비 20 / 컬러: 민트,큰아이용으로 샀는데 크기도 적당하고 이쁜것 같아요. 아이도 만족합니다.,5,1,긍정
rkdx****,2020-08-03T13:51:25.000+00:00,자전거: 01.카라 / 컬러: 다크민트,"제가 이나이 먹도록 자전거를 못타니까
남자친구가 같이 자전거 빌려서 타고
그러고 싶은데 못하니까 자전거 알려준다고 하더라구요
집에 자전거라고는 아빠 출퇴근용으로 쓰시던 자전거랑 엄마가 예전에 쓰시던게 있는데 아빠는 쓰셔야해서 엄마꺼 빌려서 연습하다가 넘어지고 그래서 좀 망가진 것 같다라구요
엄마한테 죄송하기도 하고 그래서 그냥 연습용으로 쓰고 새걸로 하나 사드렸는데 엄청 좋아하시네요 ㅋㅋ
저도 연습 좀 해서 하나 더 사야겠어요 ㅋㅋ",5,1,부정
kkk8***,2020-09-20T04:47:11.623+00:00,자전거: 01.삼천리 카라 / 컬러: 다크블루,좋아요~~~~~~~~~~~~~~,5,1,부정
rlaw*******,2020-08-16T02:33:35.000+00:00,자전거: 02.바이맥스 샤프리 / 컬러: 라이트블루,색도 너무 화사하고 이쁘고 조립도 여자 혼자 하기 괜찮았어요. 자전거가게 전화하니까 3만원 달라 하더라구요. 너무 비싸서 혼자 했는데 잘됐어요. 재밌게 탈게요~,5,1,부정
o0mi*****,2020-08-24T12:30:33.000+00:00,자전거: 01.삼천리 카라(8월20일출고에정) / 컬러: 다크민트,"4학년 딸아이 선물로 구매했는데 너무 좋아하네여~~
조립도간편하고 저도 맘에듭니다",5,1,긍정
jjji****,2020-08-02T05:57:09.000+00:00,자전거: 01.카라 / 컬러: 다크민트,"아이가 마니 좋아하네요~
비가 와서 많이는 못탔지만 타보고 다시 한달후기 남길게요^^",4,1,부정
sky1*****,2020-08-14T07:47:54.000+00:00,자전거: 02.메이비 20 / 컬러: 민트,좋아요 초2딸 잘 타고 댕겨요,5,1,부정
tott***,2020-07-29T12:46:44.000+00:00,자전거: 01.카라 / 컬러: 다크민트,"딸아이가 너무좋아하네요 튼튼하고좋습니다
조립도쉽고",5,1,긍정
hkmo****,2020-06-12T14:18:55.000+00:00,자전거: 01.카라 / 컬러: 다크민트,"제품수령후 직접 조립하였으나 브레이크부분이 출고할때부터 제대로 조립되어 있지 않아서 본점에 연락하니까 가까운 대리점에가서 A/S를 받으라고 하여 지시한 지점으로 갔는데(집으로 부터 4킬로미터 정도거리) 5분정도 봐주는데 25000원을 달라고 하여 지불했음 (자전거 가격의 20%임). 그냥 다른 일반 자전거점에 가려고 하다가 그래도 삼천리 지점이라 괜찮겠지 하고 정비를 받았는데 내가 다조립하고 간상태에서 브레이크 나사 조금풀었다 조였다하고 바퀴부분 나사 조여진거 다시 확인차 한번씩 각 3초가 총 5분정도 체크했는데 25000원 지불했음. 승용차 점검보다 몇배가 비싼거라고 봄. 내가보기에는 처음 제기한 브레이크 외엔 크게 이상은 없었던것  같았음. 그후  30분타다가 브레이크 부분이 하자가 있어서 다시 갔으나 지점 주인은 자전거 가격이 싸니까 대충타라는 식으로 말하여 정말 마음이 상했음. 싼자전거는 사지말라는 건지... 자기네 가게에서 구매하지 않아서 심술을 부리는 건지 왠참... 앞으론 다시는 삼천리 자전거 구매하지 않겠음. 하자가 있어도 일반 가게로 가서 정비할것임. 이글을 보시는 구매자님은 자전거 조립은 누구라도 할 수있음. 다 조립하면 분명히 브레이크 부분 이상이 있을 것임. 그러면 인근 자전거 수리점으로 가서 브레이크 부분만 봐달라고 하고 보는김에 다른것도 봐달라고 하면 될것임. 동네 가게니까 터무니 없이 불친절하거나 바가지 씌우지는 않을것임. 결론적으로 매우 기분이 상했음.
외제 자전거가 판치는 상황에서 옛추억을 생각하며 굳이 삼천리자전거를 택했는데... 40년 전엔 삼천리가 1등, 삼광자전거가 2등이었는데...
(참고로 불친절 바가지 삼천리 지점은 봉화산 00번 출구 옆에있는 지점임)",1,1,부정
am****,2020-09-06T12:46:47.854+00:00,자전거: 01.삼천리 카라 / 컬러: 다크블루,배송도 빠르고 잘 탈께요,5,1,긍정
dngu*****,2020-09-12T02:43:08.244+00:00,자전거: 02.삼천리 메이비20 / 컬러: 라이트핑크,색깔ㅇ 너무 예쁘네요 ㅎㅎㅎ,5,1,부정
bu****,2020-07-06T00:30:59.000+00:00,자전거: 02.메이비 20 / 컬러: 민트,"메이비 22, 20 두개 상품 잘받았습니다. 반 조립상태여서 나머지 조립하는데 그리 어렵지 않았구여..바퀴 바람만 보강하고 시운전했는데 브레이크 기어 전환 모두 양호 해서 만족합니다. 안장커버는 별루여서..이용안할것 같네요..",4,1,부정
io****,2020-08-26T00:21:11.000+00:00,자전거: 01.삼천리 카라(8월20일출고에정) / 컬러: 다크블루,아이가 좋아해요~~딴곳보다 저렴하게 잘 산것같아요,5,1,부정
one1****,2020-07-29T11:48:55.000+00:00,자전거: 03.화이트라벨 / 컬러: 화이트,내것만 설명서가 없는건지..창의력을 발휘해 조립은 했습니다.근데 서있질 못하고 자꾸 쓰러져요.애정을 갖고 잘 타겠습니다,5,1,부정
iamc********,2020-09-04T07:19:51.000+00:00,자전거: 01.삼천리 카라 / 컬러: 다크민트,저가자전거보다 역시 삼천리강추,5,1,긍정
tjda*****,2020-07-23T01:33:59.000+00:00,자전거: 02.메이비 20 / 컬러: 민트,"유튜브 보고 조립했구요
기존에 삼천리 니키 타다가 그건 동생주고
 누나껄로 다시 산건데 훨씬 무겁고 앞으로 쭉 타겠네요 124센치 7살 살짝 까치발하고 맞아요
미니벨 실리콘 라이트 감사합니다",4,1,부정
ralr***,2020-09-04T08:02:56.000+00:00,자전거: 03.삼천리 화이트라벨 / 컬러: 화이트,배송도 빠르고 가성비갑입니다,5,1,부정
och4***,2020-07-28T08:49:15.000+00:00,자전거: 01.카라 / 컬러: 다크민트,디자인과 색상이 마음에 들어요^^ 아들이 사용하려고 샀는데..생각보다 커서 아내가 사용하려고 합니다.,4,1,부정
sein****,2020-07-26T12:39:08.000+00:00,자전거: 01.카라 / 컬러: 다크민트,"자전거 타고싶었는데 싸게 잘 산 것 같아요!!
다들 이쁘다고 하고,, 조립도 엄청 어렵진 않아요~~ 동네에서 가볍게 타기에 딱입니당",5,1,부정
samu*****,2020-07-21T08:04:11.000+00:00,자전거: 02.메이비 20 / 컬러: 라이트핑크,"가성비 최고 인듯합니다. 
중국제 이름없는것 보다 좋아요. 
특히 아이 눈에 
좋게 보이는지 무척 좋아라 합니다. 
삼천리 이름값 톡톡히 하는 물건입니다.
 번창하세요.",5,1,부정
mann***,2020-07-15T11:45:25.000+00:00,자전거: 02.메이비 20 / 컬러: 라이트핑크,"배송도 빠르고
안전하게 포장도 잘되어 있어서 간단히
조립해서 사용할 수 있었습니가
개봉하자마자 딸이 바로 시승해서 한시간 남게
타고왔네요 ^^
앞바구니 고정이 미흡한거 빼고 
모두 만족스럽습니다",5,1,긍정
leem****,2020-08-07T22:12:02.000+00:00,자전거: 03.화이트라벨 / 컬러: 블랙,디자인 깔끔하고 좋네요 핸들조립하는 매뉴얼을 같이 넣어주면 좋겠습니다,5,1,긍정
iamk******,2020-08-15T12:22:41.000+00:00,자전거: 01.카라 / 컬러: 다크블루,보조 바퀴 높이 조절은 .. 너무너무 안 풀려서 포기했어요ㅜㅜ,5,1,긍정
andl***,2020-08-16T11:09:17.000+00:00,자전거: 01.카라 / 컬러: 다크블루,"좀 무거운 느낌이지만
애가 잘타네요",4,1,긍정
cat1***,2020-07-31T12:40:06.000+00:00,자전거: 01.카라 / 컬러: 다크민트,"아이가 자전거 갖고싶다고 노래했는데 걱정스런 마음에 계속 미뤘는데.
코로나로 살이 넘 쪄서 자전거 타고 운동 좀 하라고 샀어요.
학원갈 때 차 태워줬는데 이제 학원갈때도 자전거 타고 다니라고 했네요.
자전거 온거 보더니 맘에 쏙든다고 좋아 죽네요.
자전거 테스트삼아 같이 신천에 운동하러나갔는데 
씽씽 잘 타고 다니네요~
좋아하는거 보니까 진작에 사줄껄 그랬나 싶네요.ㅋ",5,1,긍정
minj******,2020-09-02T09:52:01.000+00:00,자전거: 02.삼천리 메이비20 / 컬러: 민트,잘받았습니다 조립이랄께 따로 없네요,4,1,부정
pmk1***,2020-08-29T05:16:26.000+00:00,자전거: 01.삼천리 카라 / 컬러: 다크블루,조립은 삼천리자전거가서 조립했네요 아이가 잘타고 다녀요,5,1,긍정
yatt******,2020-09-05T02:11:55.000+00:00,자전거: 02.삼천리 메이비20(8월20일출고에정) / 컬러: 민트,아이가 너무 만족합니다,5,1,부정
jang*****,2020-09-02T13:16:10.000+00:00,자전거: 01.카라 / 컬러: 다크민트,잘 타고 있어요. 쓸만합니다,4,1,부정
sarr***,2020-08-31T21:40:56.000+00:00,자전거: 01.카라 / 컬러: 다크민트,자전거 아이에게 딱맞고 이쁘고 너무 좋아여,5,1,부정
dlsg******,2020-07-14T09:04:13.000+00:00,자전거: 02.메이비 20 / 컬러: 라이트핑크,"배송도 빠르고 조립도 반조립 되어 와서 어렵지 않네요
좀 무겁긴 하지만 가격대비 타기 좋은듯 해요.
사은품으로 주신 자전거 램프?는 오래된건지 고무가 녹아 손에 묻어나네요 ㅠㅠ",4,1,부정
hans******,2020-08-13T14:46:07.000+00:00,자전거: 01.카라 / 컬러: 다크민트,"아이가 좋아합니다
잘 타고 있어요",4,1,부정
nrg0***,2020-09-09T07:53:41.319+00:00,자전거: 02.삼천리 메이비20(8월20일출고에정) / 컬러: 라이트핑크,부탁받아 주문해두려ㅛ어요 좋아하시넹ㅅ,5,1,긍정
wjdd********,2020-08-27T00:12:26.000+00:00,자전거: 01.삼천리 카라 / 컬러: 다크블루,배송도 빠르고 꼼꼼하게 포장해서 보내주셔서 감사합니다.,5,1,부정
kasu****,2020-09-02T01:20:47.000+00:00,자전거: 01.삼천리 카라 / 컬러: 다크블루,포장 잘 해 주셔서 파손없이 잘 도착 되었습니다.,5,1,부정
jh79****,2020-09-03T03:00:50.000+00:00,자전거: 01.삼천리 카라 / 컬러: 다크블루,아들이 너무좋아하네요.^^,4,1,긍정
seok*******,2020-09-04T00:49:19.000+00:00,자전거: 02.삼천리 메이비20 / 컬러: 라이트핑크,참 이쁜데 택배로 받으니..자전거가 상처가 많네요,3,1,부정
jbec****,2020-07-03T03:19:24.000+00:00,자전거: 03.화이트라벨 / 컬러: 화이트,"초등5학년 키작은 여자아이가 타려고 주문했어요
팔길이가 혹여 모자랄까 걱정했는데 제법 잘 맞고 잘 타네요
튼튼하고 안정감있어요
무게감이 있어서 이동할때 아이가 힘을 써야하긴 해요
아이가 좋다하니 더욱 만족스러워요^^",5,1,부정
sahw***,2020-08-24T11:42:07.000+00:00,자전거: 02.삼천리 메이비20(8월20일출고에정) / 컬러: 민트,색이 너무 예뻐요~ 아이도 좋아하네요^^,5,1,긍정
anho**********,2020-07-28T22:45:31.000+00:00,자전거: 02.메이비 20 / 컬러: 민트,12살쌍둥이 딸내미 생일선물로 사줬는데 너무조싸하네요  조립도 간단하고 좋은데 단점 자전가가 좀무거워요,5,1,부정
bagm******,2020-09-04T06:27:52.000+00:00,자전거: 01.카라 / 컬러: 다크블루,"아이가 잘 타고 있어요
멋짐 
무게는 좀",5,1,긍정
hjpe*****,2020-07-23T08:10:43.000+00:00,자전거: 02.메이비 20 / 컬러: 민트,"받고 조립했어요~
이뿌네요~
바퀴는 바람좀 넣고 타면 될듯합니다.
너무맘에드네요~",5,1,긍정
0107*******,2020-07-13T07:41:14.000+00:00,자전거: 02.메이비 20 / 컬러: 민트,"배송이 하루 늦어서 아쉬웠네요. 
토요일인데 지역택배사에서 출고가 안되 월요일에 왔습니다. 그거 재외하고 전반적인 가격, 제품은 만족합니다. 체인쪽 기스가 조금 있는데 아쉽네요 ㅜㅜ",4,1,긍정
anti*****,2020-07-05T06:03:36.000+00:00,자전거: 03.화이트라벨 / 컬러: 화이트,가격대비 성능이 좋은거 같아요.가격에 비해 무게도 가볍고요.,5,1,부정
wonp******,2020-09-04T08:06:47.000+00:00,자전거: 01.삼천리 카라 / 컬러: 다크블루,빠른 배송이었습니다.,3,1,부정
asdf***,2020-07-28T22:56:37.000+00:00,자전거: 01.카라 / 컬러: 다크민트,"배송빠르고 이뻐요.

8살아이가 탈려고 주문했는데 적당하고 이쁘내요.",5,1,긍정
tmdw*****,2020-08-02T14:31:54.000+00:00,자전거: 01.카라 / 컬러: 다크민트,접어두니 자리차지가 적어요 색상 이쁨,3,1,긍정
junn*****,2020-08-07T02:12:08.000+00:00,자전거: 03.화이트라벨 / 컬러: 화이트,디자인도 안질리고 와이프가 매우 잘 타고 다니고 있네요,5,1,긍정
kang******,2020-08-28T12:40:18.000+00:00,자전거: 02.삼천리 메이비20 / 컬러: 라이트핑크,조립이 참 간편하네요. 10분만에 조립끝냈어요.,5,1,부정
dbwj*****,2020-07-27T11:35:09.000+00:00,자전거: 02.메이비 20 / 컬러: 라이트핑크,"모양도 너무 예쁘고 크기도 딱 좋은데 
다른 글처럼 너무 무거워요 ㅠㅠ 그리고 접고 펴는게 힘들어요 ㅠㅠ 제가 체력이 부족해서 그런지는 모르겠지만 오르막길에서 너무 힘들구요... 그거 외에는 아직까지 다 마음에 들어요 ㅠㅠ 자전거 너무 귀여워요",4,1,부정
looo***,2020-07-17T03:48:14.000+00:00,자전거: 01.카라 / 컬러: 다크블루,자전거 바꾸고 한강까지 다녀왔어요~,5,1,긍정
miyu******,2020-08-25T11:00:28.000+00:00,자전거: 02.메이비 20 / 컬러: 라이트핑크,튼튼하고 좋아요~ 아이가 좋아해요,5,1,긍정
le****,2020-08-09T05:30:17.000+00:00,자전거: 03.화이트라벨 / 컬러: 화이트,아주 좋아요 굿굿입니다,5,1,부정
ange*****,2020-07-10T02:42:26.000+00:00,자전거: 01.카라 / 컬러: 다크블루,저렴한 가격에 빠르게 배송되었습니다.  초2 여아인데 약간 무거운 감은 있지만 페달 굴리고 타는데는 무리가 없습니다. 조립은 엄마인 제가 해도 될만큼 무척 쉬웠지만 자전거 전문점에서 2만원 지불하고 따로 조율은 하였습니다. 안전을 위해서는 조율은 필수 일것 같아요. 무척 만족합니다.,5,1,긍정
he****,2020-09-02T12:18:39.000+00:00,자전거: 01.카라 / 컬러: 다크블루,가격대비 만족이에요~,5,1,부정
ghks****,2020-07-20T09:33:37.000+00:00,자전거: 02.메이비 20 / 컬러: 라이트핑크,여자혼자 조립하기 어렵지 않아요~ 안장하고 손잡이 조절하면 성인여성이 타도되요~  초4 딸랑구가 잘 타구 다녀요~ 배송도 문제없이 잘 왔습니다~,5,1,부정
o3****,2020-07-24T11:15:14.000+00:00,자전거: 01.카라 / 컬러: 다크민트,아이가 좋아해요 매장가서 보조바퀴사고 조율받았는데 차라리 그냥 매장에서 살껄 그랬네요 매장에선 이 자전거 취급도 안한다네요,4,1,긍정
pks1***,2020-08-09T05:03:59.000+00:00,자전거: 01.카라 / 컬러: 다크블루,잘타고 있습니다!보조바퀴없이 타고 있습니다,5,1,부정
opil******,2020-07-17T03:11:39.000+00:00,자전거: 03.화이트라벨 / 컬러: 블랙,디자인 너무 이쁘고 조립도 쉬워요 저희 아파트 바람넣는곳이 망가져서 펌프 주문해서 아직 안와 아직 타보진 못했지만 좋을듯요,5,1,긍정
l0****,2020-07-21T12:36:25.000+00:00,자전거: 02.메이비 20 / 컬러: 라이트핑크,"좋아요 ㅎ 부드럽고 어디서 소리나는것도 없고
안정감 있습니다
총알 배송 최고~~",5,1,긍정
pink*****,2020-06-24T12:17:02.000+00:00,자전거: 01.카라 / 컬러: 다크블루,조립하기 힘들다고해서 걱정했는데 유튜브 틀어놓고 따라하니 쉬웠어요.  여자혼자 도움없이 했답니다. 성인까지도 탈수있는 사이즈라서 좋아요. 손잡이랑 의자높이 손쉽게 조절 가능해서 가족끼리 돌아가며 탈수 있어요. 한대 더 구입해야겠습니다.,5,1,긍정
nice***,2020-08-28T23:33:32.000+00:00,자전거: 01.삼천리 카라(8월20일출고에정) / 컬러: 다크블루,감사합니다 너무좋아요,5,1,부정
wl****,2020-09-04T01:31:31.000+00:00,자전거: 01.삼천리 카라 / 컬러: 다크블루,깔끔하고 좋네요^^,4,1,긍정
dosa****,2020-07-23T10:03:47.000+00:00,자전거: 03.화이트라벨 / 컬러: 블랙,초등3학년이 타고다니는데 조금높은거 같지만 좋아요! 무게감있어요!만족합니다,5,1,부정
i_am******,2020-09-01T17:52:21.000+00:00,자전거: 01.카라 / 컬러: 다크블루,가볍고 정말 좋아요,5,1,부정
1028****,2020-07-08T03:45:35.000+00:00,자전거: 01.카라 / 컬러: 다크블루,"여기가 최저가 이네요~
조립은 집에서다하지못해 삼천리자전거에가서 점검 받았습니다.
아이가타는거라 집에서보단 전문점에서 조립받으시는걸 추천드려요~
바퀴 ,기어, 완벽하고 꼼꼼하게 봐주시네요~
만족합니다.",5,1,긍정
dpgr****,2020-08-24T13:27:42.000+00:00,자전거: 01.삼천리 카라(8월20일출고에정) / 컬러: 다크블루,"아이가 넘 만족해합니다
고급스럽고 좋네요",5,1,긍정
k091*******,2020-08-26T09:37:55.000+00:00,자전거: 02.삼천리 메이비20 / 컬러: 라이트핑크,색도 이쁘고 애들이 좋아합니다,5,1,긍정
smyo****,2020-07-28T01:49:01.000+00:00,자전거: 01.카라 / 컬러: 다크민트,"배송빠르고 조립도 거의 다 되서 왔네요
브레이크도 조금만 조절하니 잘됩니다",5,1,부정
tagg*****,2020-08-27T03:41:41.000+00:00,자전거: 01.삼천리 카라 / 컬러: 다크블루,배송빠르네요 감사합니다,5,1,긍정
zhy0***,2020-07-14T10:37:39.000+00:00,자전거: 02.메이비 20 / 컬러: 민트,"자전거 잘 받았어요. 가격이도 저렴하고 조립도 쉽고 아주 만족합니다^^
자전거 너무 예뻐서 우리 딸래미 엄청 좋아해요~~매일 자전거를 타고 동내 돌아다녀요~~
많이 파세요$$",5,1,긍정
sons*****,2020-08-10T03:24:42.000+00:00,자전거: 03.화이트라벨 / 컬러: 블랙,"가격대비 괜찮아요. 접이식 조립하는데 핸들부분이 너무 뻑뻑해서 힘좀 써야되는 문제가 있으나 프레임,안장 부분은 부드럽게 접고 펼수 있어요.",3,1,부정
ti****,2020-08-02T05:08:02.000+00:00,자전거: 01.카라 / 컬러: 다크민트,비 오기 전에 얼른 조립해서 타봤어요. 좋은 제픔 잘샀네요.,5,1,부정
keul*******,2020-08-27T00:23:28.000+00:00,자전거: 02.삼천리 메이비20(8월20일출고에정) / 컬러: 민트,조립도쉽고 색상도 너무 이뻐요,5,1,긍정
shan*****,2020-07-28T11:34:08.000+00:00,자전거: 02.메이비 20 / 컬러: 라이트핑크,"디자인 성능 다 만족해요
초2 구매했는데 성인까지 탈수 있을거 같아요",5,1,긍정
dodo****,2020-07-30T12:52:28.000+00:00,자전거: 03.화이트라벨 / 컬러: 화이트,"깔끔하고 예뻐요.
비안오면 주말에 공원가서 타야겠어요~",5,1,부정
reee****,2020-08-25T05:54:46.000+00:00,자전거: 01.카라 / 컬러: 다크민트,딸 아이가 좋아하는데  코로나땜에 타질 못하네요ㅜㅜ,5,1,부정
pan0***,2020-08-27T09:15:36.000+00:00,자전거: 02.삼천리 메이비20 / 컬러: 민트,좋아요 좋아요 좋아요,5,1,부정
ejch***,2020-07-30T13:03:47.000+00:00,자전거: 01.카라 / 컬러: 다크블루,"약간 길이가 기러서 타기 조금 불편하지만
가격대비 좋아요",3,1,부정
khjk****,2020-07-24T04:37:02.000+00:00,자전거: 02.메이비 20 / 컬러: 민트,아이 선물인데 너무 좋아합니다. 다만 아직 발이 닿지 않아서 탈 수 있을지..,5,1,부정
qhqn********,2020-07-12T13:12:36.000+00:00,자전거: 03.화이트라벨 / 컬러: 화이트,자전거 뜯자마자 바퀴를 찢어먹어서ㅠㅠ 삼천리매장가서 바퀴 바꾸고 조립까지 다하니 42000원 나왔어요 흑흑.. 그냥 먼저 조립 맡기시는거 추천합니다.. 배보다 배꼽이 더큼 ㅠ 그래듀 이쁘고 자전거 꽤 잘 나가서 좋아요,5,1,긍정
si****,2020-08-31T05:19:11.000+00:00,자전거: 01.삼천리 카라 / 컬러: 다크블루,가격대비 만족합니다....,5,1,긍정
noti*******,2020-08-26T11:02:48.000+00:00,자전거: 03.삼천리 화이트라벨(8월20일출고에정) / 컬러: 화이트,배송이 연기되서 바구니도 받고 상품도 하자없이 왔네요.,5,1,부정
ohsh****,2020-08-03T00:06:23.000+00:00,자전거: 01.카라 / 컬러: 다크민트,"가성비 최고인듯합니다
유튜브에 조립영상있습니다",5,1,부정
slis***,2020-08-23T11:45:21.000+00:00,자전거: 01.카라 / 컬러: 다크민트,초5 아이가 많이 좋아하고 성인이 타기도 무리 없네요.,5,1,긍정
jk47****,2020-06-18T00:29:11.000+00:00,자전거: 02.메이비 20 / 컬러: 민트,"아동용 24인치를 구매하고 싶었는데 코로나때문인지 도무지 살 수가 없던차에 아동부터 성인까지 탈 수 있는  메이비를 알게되었어욯ㅎ
바디가 크고 무게가 무거워서 아이에게 약간 버겁긴 하네요.
아동용으로 샀어야하는 생각이 살짝듭니다^^;;
그래도 초3 131  여아 무리없이 잘탑니다^^
접히는 부분 페인트가 벗겨져서 와서 살짝 아쉬웠네요",5,1,긍정
artt***,2020-07-09T02:47:34.000+00:00,자전거: 01.카라 / 컬러: 다크블루,"125센티 아들 16인치  중고로 연습하고
첫18인치로 구입했습니다
보통 18인치보다는 손잡이 거리가 좀 멀어 팔을 쭉뻗어야합니다 할리데이비슨 타는거 아니냐고 놀립니다....ㅋㅋ
근처한강에 자전거공원이 있어 자전거3대를 실고가야해 접이식으로 주문한건데 트렁크에 2개 꽉 들어갑니다...
오늘 하나 더 주문했어요ㅜ",5,1,긍정
si****,2020-08-31T05:18:54.000+00:00,자전거: 03.삼천리 화이트라벨 / 컬러: 화이트,가격대비 만족합니다.....,5,1,부정
focu***,2020-08-28T05:10:36.000+00:00,자전거: 01.카라 / 컬러: 다크블루,배송빠르고 만족합니다,5,1,긍정
da****,2020-07-24T07:56:46.000+00:00,자전거: 01.카라 / 컬러: 다크민트,딸아이가 맘에 들어합니다..색상도 이쁘구요..근데 자전거가 약간 무겁습니다.,4,1,부정
oban******,2020-08-26T20:10:56.000+00:00,자전거: 02.메이비 20 / 컬러: 민트,생각보다 무거운 감은 있네요,4,1,부정
ssad****,2020-07-17T09:46:09.000+00:00,자전거: 02.메이비 20 / 컬러: 라이트핑크,아주 마음에 듭니다 보조바퀴는 전동렌츠 없으면 달기 어렵네요ㅠㅠ 접는게 생각보다 어지만 전반적으로 괜찮은것 같습니다,5,1,긍정
simc***,2020-07-17T16:07:02.000+00:00,자전거: 01.카라 / 컬러: 다크민트,포장도 엄청꼼꼼하고 배송도 빠르게 왔어요~색상도 깔끔하니 예쁘고 튼튼하고 좋아용~,5,1,부정
gto1***,2020-09-01T08:03:03.000+00:00,자전거: 02.메이비 20 / 컬러: 라이트핑크,무척 좋아라 합니다.,5,1,부정
hatp****,2020-08-09T17:19:46.000+00:00,자전거: 02.메이비 20 / 컬러: 민트,튼튼하고 좋습니다~~,5,1,부정
tjwl***********,2020-08-24T04:02:27.000+00:00,자전거: 02.삼천리 메이비20 / 컬러: 라이트핑크,초등부터 성인까지 탈수있어서 좋아요,5,1,긍정
reee****,2020-07-21T22:42:46.000+00:00,자전거: 01.카라 / 컬러: 다크민트,"조금 무겁긴 하지만
아이가 잘 타고 좋아해요~~~~
색깔도 이쁘고 크기도 적당해요~",5,1,부정
ky33****,2020-07-28T06:22:20.000+00:00,자전거: 01.카라 / 컬러: 다크블루,살짝 까진?부분있어서 문의드렸더니 상담도 친절하시고 배송도 빨랐어요,4,1,부정
juge****,2020-07-17T11:36:51.000+00:00,자전거: 01.카라 / 컬러: 다크민트,가격 대비 괜찮은거같아요. 디자인도 나쁘지않음. 다만 애들한테는 좀 무겁기는한데. 타는데 큰 지장은 없어요.,5,1,부정
smil*****,2020-08-23T09:59:48.000+00:00,자전거: 03.화이트라벨 / 컬러: 화이트,생각보다 튼튼해서 아직 잘 사용하고 있습니다.,5,1,긍정
it****,2020-08-18T03:35:12.000+00:00,자전거: 01.카라 / 컬러: 다크민트,"20인치가 생각보다 큽니다. 니로 트렁크에 자전거로 꽉찹니다.
사이즈 고려하여 구매하세요..",3,1,부정
kang********,2020-06-27T13:18:53.000+00:00,자전거: 02.메이비 20 / 컬러: 민트,어린이날 선물로 사줬는데 매주 주말마다 타자며 졸라대네요. 키가 아직 110cm밖에 안되는데도 다행히 안장 많이 낮추니까 페달질하는데 문제는 없어요. 전체제인 디자인이나 보조바퀴 탈착 가능하다는 점에서 애들이 타기에 좋은 자전거인거는 같은데 다만 자전거 무게가 무거워서 애들이 다루기엔 다소 무겁네요.,5,1,부정
himn******,2020-07-25T03:23:20.000+00:00,자전거: 01.카라 / 컬러: 다크민트,"꼼꼼하고 안전하게 배송되어 너무 좋았습니다.
조립도 어렵지 않았어요~",5,1,긍정
wjdg******,2020-07-08T12:22:11.000+00:00,자전거: 02.메이비 20 / 컬러: 민트,"색감이 너무 예쁘네요^^
아이가 좋아해서  더 맘에들어요~~ 
대리점가서 바퀴.등 점검하라했는데 또 돈주고하면  싼건 아닌거 같아요",5,1,긍정
godb******,2020-06-24T01:18:30.000+00:00,자전거: 03.화이트라벨 / 컬러: 화이트,"배송도 안전하게 왔고 조립할때 올려주신 영상보고 신랑이 뚜딱뚜딱하니 셀프로 조립도 가능했어요 ^^
일단 색이랑 디자인이 넘넘 예뻐요! 재입고 기다기다가 날짜 기억하고 주문했는데 기다린 보람이 있네요
후레쉬랑 종까지 있어서 넘 예뻐요 자전거가 예쁘니깐 빨리 타고 싶어서 조립하고 나가서 저녁에 자전거 연습도 했네용! 굿굿 : )",5,1,부정
y1****,2020-08-25T04:56:31.000+00:00,자전거: 01.삼천리 카라 / 컬러: 다크블루,배송도 빠르고 좋아요!,4,1,부정
anho**********,2020-07-28T22:46:25.000+00:00,자전거: 02.메이비 20 / 컬러: 라이트핑크,쌍둥이 딸내미생일선물로 사줬는데  너무좋아하네요,5,1,긍정
minj*****,2020-07-03T23:59:32.000+00:00,자전거: 01.카라 / 컬러: 다크블루,자전거 완전 예뻐요! 자전거 못타는데 무슨 바람이 들어서 이번에 배워보려고 샀습니다! 살짝한번 타봤는데 못타겠네요... 보조바퀴 따로 구매할수있나요? 자전거 구매할땐 저를 너무 과대평가했던거 같네요...! 처음 배우시는 분들 그냥 보조바퀴 함께 구입하세요!,5,1,긍정
njum*****,2020-06-28T02:39:20.000+00:00,자전거: 03.화이트라벨 / 컬러: 블랙,"디자인 너무 맘에 들고, 여자인 제가 조립해도 뚝딱 잘 됩니다.
동영상 참고.
좀 무겁기는 하지만,,  접이식에 가성비 갑입니다요",5,1,긍정
minj*******,2020-07-31T16:50:51.000+00:00,자전거: 03.화이트라벨 / 컬러: 화이트,조립이 어려웠는뎅 ㅎㅎㅎ 형부가 도와줬어요 ㅠ 여자 혼자 동영상 보고 하기에는힘들어요 바퀴에 바람이 좀 부족해서 넣었습니다. 바퀴가 얇기는한데 마음에 들어요,4,1,부정
wsl0***,2020-08-12T04:06:05.000+00:00,자전거: 02.바이맥스 샤프리 / 컬러: 라이트블루,만족합니다.....,5,1,긍정
nand*****,2020-07-09T14:20:24.000+00:00,자전거: 01.카라 / 컬러: 다크민트,"리뷰에 다들조립이 쉽다고했지만 ㅜ여자인 저는 앞핸들 넣을때 힘들었네요~ㅜ
그래도 무사히 넣어서~  오늘하루신나게탔네요^^
127cm 8세아이 좋아해요~~ 22안사고20사길잘한것같아요~  ㅎ",5,1,긍정
yunh***,2020-08-05T15:06:56.000+00:00,자전거: 01.카라 / 컬러: 다크블루,아이가 잘 적응하고 신나게 타고 있어요^^,5,1,부정
9923***,2020-07-21T10:41:34.000+00:00,자전거: 02.메이비 20 / 컬러: 라이트핑크,"물건 잘받아서 안장이 흰색이라 조금 아쉬워요.
딸이 좋아하네요",4,1,부정
hero****,2020-08-26T10:18:03.000+00:00,자전거: 01.삼천리 카라 / 컬러: 다크블루,배송 빠르고 좋습니다,5,1,긍정
dkzn*******,2020-07-16T01:04:50.000+00:00,자전거: 03.화이트라벨 / 컬러: 화이트,자전거는넘예쁜데 안장이너무딱딱해서 엉덩이가너무아파요 ㅠ 그리고 바퀴바람도빠져있었어요,4,1,부정
wsl0***,2020-08-12T04:07:08.000+00:00,자전거: 02.바이맥스 샤프리 / 컬러: 아이보리,만족합니다.......,5,1,부정
dmsd******,2020-08-23T03:24:39.000+00:00,자전거: 01.삼천리 카라(8월20일출고에정) / 컬러: 다크블루,잘탈게요 넘 이쁘네요,5,1,부정
ji****,2020-07-18T18:14:16.000+00:00,자전거: 01.카라 / 컬러: 다크블루,"너무 예쁘고 좋아요
초4  여아 자전거 고민많았는데 선택잘한듯요!",5,1,긍정
dark*****,2020-08-27T01:49:01.000+00:00,자전거: 03.화이트라벨 / 컬러: 블랙,애들이 타기좋고 보관성이 용이합니다...,5,1,부정
ssit***,2020-07-06T03:33:04.000+00:00,자전거: 02.메이비 22 / 컬러: 민트,"튼튼하고 저렴한 가격에 잘산거 같아요
나이에 비해 큰걸 사서 걱정했는데 금방 잘타고 좋습니다
동영상을 잘못첨부해서 다시 첨부합니다 ^^;",5,1,긍정
ke****,2020-07-10T12:28:17.000+00:00,자전거: 01.카라 / 컬러: 다크블루,어휴 조립하러 삼천리갔는데 눈치 엄청보이고조립비 삼만원달래요 돈주는데도 엄청 눈치주고 매장꺼랑틀리다면서 저런건 우리매장에 없다그러고  남자사장님은 친절하신데 사모님이 엄청 눈치주고 기분 나쁘더라구요,5,1,부정
jill****,2020-06-21T03:33:22.000+00:00,자전거: 01.카라 / 컬러: 다크블루,"조립형이긴 하지만 정말 쉽게 조립할 수 있습니다! 전문업체에 맡기지 않아도 괜찮아요! 

미니벨로라서 여자들이 가볍게 타기에 좋아요 근데 제가 조금 통통한 편이라서 조금 더 작아보인다는 점ㅎㅎ 

항상 시에서 운영되는 자전거를 탔는데 주차하거나 빌리는데 어려움이 있어서 이번에 구입하게 되었는데 가볍게 타고 다니기에는 아주 적당합니다👍🏻",5,1,긍정
rupi*****,2020-07-26T04:15:15.000+00:00,자전거: 02.메이비 20 / 컬러: 민트,"원하는 색상이 없어서 핑크로 구매했는데
아이가 너무 좋아했어요^^",5,1,부정
mona****,2020-07-24T00:17:47.000+00:00,자전거: 03.화이트라벨 / 컬러: 화이트,가성비좋은것같아요 자전거값이 많이 싸졌네요,4,1,부정
sorb****,2020-05-22T13:31:39.000+00:00,자전거: 02.메이비 22 / 컬러: 라이트핑크,"29살 저한테 어른이날 선물로 사줬어요
배송은 바로 주문한 바로 다음날에 무사히 왔어요
제가 너무 좋아하네요^^
키는 166입니다.

조립은 금방 했는데, 근처 자전거 가게에서 이만원주고 조율도 받았어요. 바퀴에 바람도 더 넣고, 브레이크 나사 조이고, 핸들브레이크 위치 조정하고 나사조이고, 딸랑이, 핸들높이, 안장높이 등등 생각보다 손이 많이 가더라구요. 판매자님이 조율 꼭 받으라고하신 이유를 깨닫고 말았습니다. 확실히 손보기 전과 후에 승차감이 달라요. 

자전거는 보는것처럼 너무 예쁘고,부드럽고 매끄럽게 잘 나갑니다. 들면 무거운데 끌거나 탈때는 전혀 모르겠어요. 전조등 후방반사판 바구니 다있어서 체인이랑 휴대폰거치대만 사서 타고다녀요. 첫 자전거인데 너무 만족해요~",5,1,부정
jiwo******,2020-08-25T00:53:42.000+00:00,자전거: 01.삼천리 카라(8월20일출고에정) / 컬러: 다크블루,색도이쁘고 사이즈도 딱이에요,4,1,긍정
gi****,2020-08-03T01:52:05.000+00:00,자전거: 01.카라 / 컬러: 다크민트,"여기가 제일 저렴해요
무료배송이고 조립도 쉽네요",5,1,부정
shys****,2020-07-04T07:19:34.000+00:00,자전거: 03.화이트라벨 / 컬러: 블랙,"접이식이 최고 장점이에요
저렴해서 사는데 부담없는 거도 좋구요
스파크에도 실려서 어디든 가서 라이딩 할 수 있어요.
귀엽고 튼튼해요!
워낙 몸치라 아직도 잘타진 않지만 이제라도 배워서 정말 다행이에요! 재미있어요!",5,1,부정
kkj0*******,2020-07-26T13:22:00.000+00:00,자전거: 01.카라 / 컬러: 다크블루,"아직보조바퀴로 달리지만
아들이 넘좋아합니다
무거운거어쩔수없는것같네요;;",5,1,부정
mir2*******,2020-07-01T00:10:34.000+00:00,자전거: 02.메이비 20 / 컬러: 민트,"제주도인데 배송 이틀만에왔구요

조립하는것도간단하고 민트색상도 이쁘네요 아이가 좋아할꺼같아요  아침 일찍 문의전화했는데 설명도 자세히 해주셔서 감사합니다 많이파세요",5,1,긍정
me****,2020-07-17T01:32:54.000+00:00,자전거: 01.카라 / 컬러: 다크블루,"디자인 넘 좋아요 조립도 어렵지 않아요~ 
아이가 좋아합니다!",5,1,부정
soly***,2020-07-15T00:20:52.000+00:00,자전거: 01.카라 / 컬러: 다크블루,한달동안 정말 여러군데 다니면서 많이탔어요~초1인데 크기도적당하고 잘타네요 ㅋ지금까지 고장안나고 문제라고할만한것은없었어요ㅋ,5,1,부정
nos1***,2020-08-22T04:57:18.000+00:00,자전거: 01.삼천리 카라(8월20일출고에정) / 컬러: 다크블루,가성비 매우 훌륭합니다.,4,1,부정
ek****,2020-08-07T02:34:35.000+00:00,자전거: 01.카라 / 컬러: 다크민트,"조립시 좀 안맞는 부분이 있어 삼천리대리점 가서 조율 받았어요. 추가비용 들었네요ㅠ
자전거는 아주 맘에 들어요",3,1,부정
jh****,2020-08-26T08:20:34.000+00:00,자전거: 03.화이트라벨 / 컬러: 블랙,정말 잘샀단느생각이 듭니다.,5,1,부정
jak8***,2020-07-12T04:24:08.000+00:00,자전거: 03.화이트라벨 / 컬러: 블랙,남편이랑 같은걸로 구입했는데 예쁘고 접이식이어서 차에 싣고 다니기도 편할 듯 합니다. 근데 자전거 부품하나가 빠져있어요. 남편꺼랑 같은 거라서 부품이 빠져있는걸 발견했는데 하나만 샀으면 모르고 그냥 썼을것 같아요.,4,1,부정
48****,2020-07-22T13:51:10.000+00:00,자전거: 02.메이비 20 / 컬러: 민트,아이가 너무좋아합니다.색상도 너무마음에들어요,5,1,부정
snem***,2020-08-26T05:05:12.000+00:00,자전거: 03.삼천리 화이트라벨 / 컬러: 화이트,핸들 조립만 빼고 완벽합니다~~,5,1,긍정
whsk******,2020-07-03T00:55:57.000+00:00,자전거: 02.메이비 20 / 컬러: 민트,"배송 빨랐구요~반조립인데 접이식이라 크게 할게 없네요~보조바퀴 높낮이만 좀 더 조정하면 될것같아요~
오자마자 신나게 운동장20바퀴 돌고 딸이 만족도가 아주 높아요~접이부분에 살짝 녹이 있는데 머 크게 신경쓸정도는 아니어서 그냥 탑니다~",5,1,긍정
blue******,2020-08-16T13:49:53.000+00:00,자전거: 01.카라 / 컬러: 다크블루,아이가 엄청 좋아합니다 비가오고 폭염이라 잘  못타서 아쉬워해요,5,1,부정
vudt****,2020-07-28T11:05:37.000+00:00,자전거: 01.카라 / 컬러: 다크민트,배송 퀵이네요 아이가 좋아해요,5,1,긍정
kore*****,2020-07-09T03:33:32.000+00:00,자전거: 02.메이비 20 / 컬러: 라이트핑크,제품은 좋았는데요 손잡이 옆부분이 찍혀 있는게 흠이네요 새 제품  받아 딸이 기분 좋게 탔음 했는데 이점에 별하나가 아쉽네요,4,1,긍정
juge****,2020-07-17T11:38:06.000+00:00,자전거: 01.카라 / 컬러: 다크블루,"애들용으로 구입했는데 가격대비 좋아요.
다소 무겁긴한데. 타는데 지장은없어요",5,1,부정
nsjg***,2020-07-29T11:16:04.000+00:00,자전거: 01.카라 / 컬러: 다크민트,"애들한테는 무겁지만
디자인도 예쁘고 애들이 좋아합니다",5,1,부정
jk47****,2020-06-18T00:36:33.000+00:00,자전거: 01.카라 / 컬러: 다크블루,"메이비랑 카라 두개 구매했는데 개인적으로 카라가 더 맘에 듭니다.
아이들에겐 바디가 커서 버겁긴 하지만 
초3 132  여아 잘 타네요.
메이비 무광민트는 색은 참 예쁜데 무광인데다가  화이트 배색이라 금방 때타고 흠집생길것 같은데 카라는 다크네이비와 베이지의 배색이 참 예쁩니다.때 타도 티도 안날것같고ㅎㅎ 둘 다 맘에듭니다^^",5,1,부정
yjja****,2020-08-12T15:19:34.000+00:00,자전거: 01.카라 / 컬러: 다크블루,가성비 굿입니다 저녁마다 운동하기 좋아요,5,1,부정
seal*****,2020-07-03T13:18:02.000+00:00,자전거: 03.화이트라벨 / 컬러: 화이트,"동생과 함께 타려고 검정색, 하얀색 두개 구입하였습니다.
디자인도 깔끔하고 편하게 타기 딱 좋은것 같습니다.
조립도 전문가의 조율을 한 번 더 받으면 좋겠지만, 영상보면서 조립하니 어렵지않게 할 수 있었어요.  
만족합니다!",5,1,긍정
lk****,2020-08-13T01:58:30.000+00:00,자전거: 01.카라 / 컬러: 다크블루,아내가 사용하려고 구매했는데 색상도 이쁘고 접어서 차에 싣고 가기 편해요,5,1,긍정
bery****,2020-07-07T12:08:54.000+00:00,자전거: 01.카라 / 컬러: 다크블루,배송 하루만에 왔어요. 삼천리 대리점 가서 조립 2만원 주고 부탁드렸습니다. 키 초2 130 아이에게 맞아요 다만 자전거가 좀 무겁네요. 바구니는 벨크로로 묶는 방식입니다.,4,1,부정
mapo****,2020-07-24T05:33:10.000+00:00,자전거: 01.카라 / 컬러: 다크민트,"빠른 배송 좋습니다.
다크블루 색상으로 구매하려 했는데 
품절이라 아쉽네요",4,1,부정
hooj*****,2020-07-21T03:54:31.000+00:00,자전거: 01.카라 / 컬러: 다크민트,"편하게 조립할수 있게 되있어요
색상도 마음에 들고 초딩용으로 완전 좋아요",5,1,긍정
jak8***,2020-07-17T03:04:50.000+00:00,자전거: 03.화이트라벨 / 컬러: 화이트,부품이 일부 빠진게 있었는데 얘기하니 바로 보내주셨네요!! 자전거도 너무 예쁘고 좋습니다~,5,1,부정
9923***,2020-08-22T23:30:30.000+00:00,자전거: 02.메이비 20 / 컬러: 라이트핑크,튼튼하고 자녀 잘타고 다녀요,4,1,긍정
ccon****,2020-08-18T09:24:07.000+00:00,자전거: 01.카라 / 컬러: 다크민트,오래사용가능하고 가성비가 좋아요,5,2,긍정
ccon****,2020-08-18T09:23:53.000+00:00,자전거: 01.카라 / 컬러: 다크블루,오래사용가능하고 가성비가 좋아요,5,1,긍정
ra****,2020-06-29T00:04:34.000+00:00,자전거: 01.카라 / 컬러: 다크민트,저렴하게 잘구매했구요~ 우리딸래미가 엄청좋아하네요 진즉에 한대 사줄껄 그랬네요^^ 배송중에 바구니가좀 찌그러졌다고 전화드리니 바로 새거 택배로 보내준다고 하시네요~~ 강추합니다,5,1,부정
ki****,2020-08-12T08:07:08.000+00:00,자전거: 03.화이트라벨 / 컬러: 블랙,이뻐요!! 검정인데도 이쁘고 잘 굴러가요 떼구르르르,5,1,부정
orbe****,2020-07-14T12:33:06.000+00:00,자전거: 02.메이비 20 / 컬러: 민트,초3 조카 선물로 사줬는데 너무 좋아하네요~ 민트색이 꼭 같고싶다고 해서 사줬네요~ 이쁩니다,5,1,부정
ai****,2020-08-04T23:56:51.000+00:00,자전거: 02.메이비 22 / 컬러: 민트,아이가 동네에서 가볍게 타고 다니기 좋아요. 조립도 간단하고 어렵지 않아요,5,1,부정
orol***,2020-08-04T02:16:44.000+00:00,자전거: 01.카라 / 컬러: 다크블루,155~160 성인여자가 타기에 좋습니다^^,5,1,부정
gsbr***,2020-07-18T00:32:35.000+00:00,자전거: 01.카라 / 컬러: 다크블루,선물용으로 지인주었는데 매우 만족했어요 ㅎㅎ 잘타고 있어요,5,1,긍정
jwhi****,2020-07-27T10:52:27.000+00:00,자전거: 01.카라 / 컬러: 다크민트,배송도 빠르고 초 2  여자아이 타기 딱 이네요~,5,1,부정
acti****,2020-07-10T13:47:47.000+00:00,자전거: 02.메이비 20 / 컬러: 민트,"보조바퀴 장착이 힘들어서 삼천리대리점 방문하니 휠발란, 브레이크 조절등 해야탈수있다며 2만원에 조립 맡겼습니다
안전을 위해서 구매후 꼭대리점에서 점검하세요",5,1,부정
bu****,2020-08-06T00:30:52.000+00:00,자전거: 02.메이비 22 / 컬러: 민트,"제품 이상없이 잘 도착했습니다.
아이가 엄청 좋아하고 있습니다.",5,1,긍정
happ******,2020-06-26T10:27:26.000+00:00,자전거: 01.카라 / 컬러: 다크블루,택배는 3일만에 도착했어요~ 받자마자 아빠가 뚝딱 조립해서 아이가 신나게 타고 공원으로 가바렸어요^^* 아이가 너무 좋아하네요~ 오프 매장보다 가격이 착하고 자전거도 탄탄해 보입니다. 만족합니다^^*,5,1,부정
hmj1***,2020-07-15T02:20:11.000+00:00,자전거: 02.메이비 20 / 컬러: 라이트핑크,"체인이 불량이였어요.. 아이는 너무 맘에 들어했는데ㅠ
샵에가서 수리비 1만원 ㅠㅠ",4,1,부정
wonh******,2020-07-02T00:36:49.000+00:00,자전거: 03.화이트라벨 / 컬러: 화이트,"조립하기도 어렵지 않고 10분만에 끝냈습니다.
아주 좋습니다ㅋ",5,1,긍정
flow*****,2020-06-06T15:10:57.000+00:00,자전거: 01.카라 / 컬러: 다크블루,"자전거 받은지는 좀 됐는데 이제야 리뷰를 씁니다.일단 생각보다 자전거 조립이 쉽지 않음.아빠도 자전거 예전에 좀 타셨다는데 손을 못보시더라구요. 그래서 대충 꼭 붙여야할거만 붙이고 연습하다가 전체적으로 자전거 손보려고 주변 삼천리 자전거 매장에 갔는데 너무 불친절하고 대충 봐주고 돈만 비싸게 받아서 아빠 아는 자전거 수리점으로 다시 갔는데 넘 친절하게 이것저것 다 봐주시고 돈도 적게 받더라구요. 
as가 좋은줄 알고 국내 브랜드 샀는데 굳이 삼천리 자전거 살 이유가 없었습니다.대리점이라는 개념이 아니더군요.사실 분들 괜히 삼천리 자전거로 가지 마세요.",4,1,부정
1eun****,2020-07-19T08:11:27.000+00:00,자전거: 01.카라 / 컬러: 다크블루,"색깔도 예쁘고 조립도 뚝딱 쉬었어요 
아이가 좋아해요",5,1,긍정
pife***,2020-08-10T08:18:45.000+00:00,자전거: 01.카라 / 컬러: 다크블루,매우 좋아요 크기도 적당하고,5,1,긍정
itsk*****,2020-06-19T09:21:02.000+00:00,자전거: 01.카라 / 컬러: 다크민트,자전거완전예뻐요~친구랑 같이 똑같은거 민트색으로 샀어요^^가격도 저렴하게 사서 만족합니다~~조립은  어렵지않은데 좀 귀찮아서리 접는거라서 나중에 멀리나가서 타보아야될꺼 같아요♡♡,5,1,긍정
juli*******,2020-07-11T03:13:16.000+00:00,자전거: 01.카라 / 컬러: 다크블루,"배달빠르고 조립 편하네요
조립이 어렵지 않고 유트브에서 동영상보면서 하니까 쉬워요
아이가 아주 좋아합니다
싸게  잘 구입했습니다",5,1,긍정
lmhl*******,2020-07-15T11:33:45.000+00:00,자전거: 01.카라 / 컬러: 다크블루,"남매가타기에 색상도 맘에들고
접이식에 기어까지 가격도 좋아요
비가와서 아직개시는못했어요",5,1,부정
abcd*******,2020-08-12T11:12:29.000+00:00,자전거: 01.카라 / 컬러: 다크블루,보조바퀴달아서 잘쓰고잇어요 접어지니좋네용ㅎㅎ,5,1,부정
scan****,2020-07-23T10:13:59.000+00:00,자전거: 01.카라 / 컬러: 다크민트,좋아요  아이가 좋아하네요,5,1,긍정
edit****,2020-07-14T01:44:16.000+00:00,자전거: 02.메이비 20 / 컬러: 라이트핑크,아이한테 좀 크고 무겁지만 가성비 좋아요~ 삼천리라 믿고 구매했습니다.,4,1,부정
sunu*****,2020-06-30T01:08:18.000+00:00,자전거: 02.메이비 20 / 컬러: 라이트핑크,라이트핑크 색상 예뻐요. 무겁긴한데 그만큼 튼튼하고 여자성인도 탈수있는 사이즈라 구매했어요. 뒷쪽 찍힘 있었는데 판매자분이 잘 처리해주셨어요.,4,1,부정
hhkk****,2020-08-21T03:06:03.000+00:00,자전거: 01.카라 / 컬러: 다크블루,초5딸  타기 좋아요,5,1,부정
ljd6***,2020-07-25T06:57:01.000+00:00,자전거: 01.카라 / 컬러: 다크민트,자전거 색상도 이쁘고 애들이 너무좋아하네요^^,5,1,부정
ssek****,2020-07-24T03:45:05.000+00:00,자전거: 01.카라 / 컬러: 다크블루,"사진보다 실물이 더 이쁩니다~~^^
3학년 딸이 타고있어요",5,1,부정
wlsa******,2020-07-13T10:21:39.000+00:00,자전거: 03.화이트라벨 / 컬러: 블랙,가격이저렴해서 큰기대안했는데 퀄리티 훌륨한데욤? ㅋㅎ  만 ~적 ~,5,1,부정
blue******,2020-06-26T11:24:08.000+00:00,자전거: 01.카라 / 컬러: 다크블루,거의 완제품상태로 배달되어와서 조립도 금방 끝내고 타러나갔습니다 생각보다는 아이한테 살짝  큰데 타는데 큰 문제는 없는지 잘 타더라고요,5,1,부정
god2*****,2020-07-24T11:43:15.000+00:00,자전거: 01.카라 / 컬러: 다크블루,음...1번 타고 안타요 불편하고...차에 실어 다니기위해 샀는데 그냥 내구성이 안좋은지 엉성해요..핸들이너무 가벼워서 핸들이 털려요,2,1,부정
jung*******,2020-07-04T00:44:23.000+00:00,자전거: 03.화이트라벨 / 컬러: 화이트,"너무 만족스러워요! 후기보고 샀는데, 역시나 너무 좋습니다! 배송도 빠르고, 흠이나 고장없이 잘 왔습니다. 잘 타겠습니다!",5,1,긍정
ru****,2020-08-13T00:27:02.000+00:00,자전거: 02.메이비 20 / 컬러: 라이트핑크,아이가 잘사용하고있어요 안장부분에 뾰족한것이 나와있어서 아이가 가끔 다쳐요,5,1,긍정
hdve****,2020-07-18T15:53:57.000+00:00,자전거: 01.카라 / 컬러: 다크블루,"자전거 못타서 편하게 타려고 샀어요 
조립은 좀 힘들었지만 이쁩니다",4,1,부정
78****,2020-06-25T01:15:57.000+00:00,자전거: 01.카라 / 컬러: 다크블루,"카라 다크블루 구매 했습니다.
초등학생 아이 사주려고 자전거 전문점 갔었는데 이상품처럼 예쁜건 없더라구요 ^^
배송도이랑 조립이 조금 걱정 되었는데 배송도 빠르고 조립도 생각보다 간단했습니다.
 가격도 저렴하고~~100프로 만족 합니다^^",5,1,긍정
hstw******,2020-07-30T23:05:25.000+00:00,자전거: 01.카라 / 컬러: 다크블루,"이가격에 예쁘고 튼튼하고~
역시 삼천리네요.
아이가 좋아하고 잘타고 있어요",5,1,긍정
am****,2020-08-11T06:54:14.000+00:00,자전거: 01.카라 / 컬러: 다크블루,"감사합니다~
만족합니다~",5,1,긍정
suyo*******,2020-07-17T03:19:45.000+00:00,자전거: 03.화이트라벨 / 컬러: 화이트,"어느누가봐도 이건 조금...사용하셨던걸 파시는건지 바퀴도 지저분해요
제돈주고 새거를 샀는데...중고가 온거같은 느낌이에요",1,1,긍정
wl****,2020-08-09T05:13:41.000+00:00,자전거: 01.카라 / 컬러: 다크민트,"조금 무게가 나가지만
아이나 어른 모두 문제없이 사용 가능합니다
좋아요",5,1,부정
rlaw********,2020-07-21T07:57:32.000+00:00,자전거: 03.화이트라벨 / 컬러: 블랙,만족합니다 디자인이뻐용 접혀서좋습니다,5,1,부정
tmdd******,2020-08-13T15:36:39.000+00:00,자전거: 03.화이트라벨 / 컬러: 블랙,다 좋은데 오래타면 엉덩이가 많이 아픕니다.,4,1,긍정
li****,2020-08-08T03:08:26.000+00:00,자전거: 01.카라 / 컬러: 다크블루,"아이가 좋아해요
좋은 제품입니다. 마니 파세요.",5,1,부정
here********,2020-06-27T07:22:57.000+00:00,자전거: 01.카라 / 컬러: 다크민트,전체적으로 마음에 듭니다 배송도 빠르고요 서비스 센터가 불친절하다니 그게 좀 걱정이지만 전체적으로 예쁩니다 바구니가 좀 작게 느껴지는데 나름 괜찮아요 조립은 혼자서도 가능했습니다,5,1,부정
kosm********,2020-06-20T02:14:15.000+00:00,자전거: 02.메이비 20 / 컬러: 라이트핑크,"너무너무 꼼꼼히 포장해주셔서 건장한 성인 남성이 20분 동안 땀 뻘뻘 흘리면서 포장 풀었어요^^ 흠집 하나 없이 왔답니다. 정말 감사해요!

그리고 자전거 넘 이뻐요! 둘째딸 선물인데 엄청 좋아할 듯.

접으면 작아져서 차 트렁크에 싣기에도 좋을 듯 해요. 많이 파시고 번창하세요~!!",5,1,긍정
pihi***,2020-08-13T13:23:39.000+00:00,자전거: 02.바이맥스 샤프리 / 컬러: 아이보리,배송빠르고 제품 매우만족,5,1,부정
okmi****,2020-06-13T14:52:15.000+00:00,자전거: 02.메이비 20 / 컬러: 민트,현재 시중에서 접이식 20인치 여아용 찾아보기 힘들더라구요ㅠㅠ 초3여자 아이가 딱 타기 좋고 예쁘네요. 사실 처음 박스채로 확인하지도 않고 동네 삼천리 대리점에 신랑이 맡겨서 저녁에 퇴근하면서 찾아왔는데 화면에서 보던 색상이랑 달라서 당황스러웠어요. 그런데 며칠 지나 눈에 익어서 그런지 이제는 예쁘네요.아이도 저도 아주 만족합니다^^,5,1,긍정
ch****,2020-08-04T00:36:00.000+00:00,자전거: 02.메이비 20 / 컬러: 라이트핑크,"초등학교 자녀를 위해서 구매했습니다.
저렴하게 구입하여 잘 타고 있습니다.",5,1,긍정
ehah*****,2020-08-29T04:17:40.000+00:00,자전거: 01.삼천리 카라 / 컬러: 다크민트,좋아요~~~~~~~~~,4,1,긍정
luck****,2020-08-15T14:28:20.000+00:00,자전거: 01.카라 / 컬러: 다크블루,완전 만족합니다 많이파세요,5,1,부정
teja****,2020-08-17T06:10:57.000+00:00,자전거: 02.메이비 20 / 컬러: 민트,좋아요 좋아요 굿 ㅎㅎㅎ,5,2,긍정
teja****,2020-08-17T06:10:27.000+00:00,자전거: 02.메이비 20 / 컬러: 라이트핑크,좋아요 좋아요 굿 ㅎㅎㅎ,5,1,부정
tidy****,2020-07-15T00:31:27.000+00:00,,잘 안나가요... 자전거가 뻑뻑한 느낌? 바퀴가 작아서 그런건지.. 맘에 안듭니다,3,1,부정
park****,2020-06-29T05:25:22.000+00:00,자전거: 01.카라 / 컬러: 다크블루,"실물이 훨씬 이쁘네요!! 타는데 문제 없었고 가격대비 대 만족합니다. 배송도 빨리,튼튼하게 잘와서 구매에 만족해요!! 구매수가 많은데엔 이유가 있네요.",5,1,부정
sana*****,2020-07-23T11:13:47.000+00:00,자전거: 01.카라 / 컬러: 다크민트,배송도 빠르고 찌글어진 바구니 교환도 빠르네요,4,1,긍정
algh***,2020-07-01T13:59:15.000+00:00,자전거: 01.카라 / 컬러: 다크블루,가격대비 예쁘고 좋네요~고민하다 구매했는데 딸아이가좋아합니다~키125정도인데 조금크긴한데 탈만하네요~^^,4,1,부정
jbh8***,2020-08-11T13:48:19.000+00:00,자전거: 01.카라 / 컬러: 다크민트,튼튼하고 좋아요 조립두려워요,4,1,긍정
lcw1***,2020-08-21T08:01:04.000+00:00,,잘받았습니다54384,5,1,긍정
park*******,2020-07-12T05:29:23.000+00:00,자전거: 01.카라 / 컬러: 다크민트,"딸이 사용할 자전거로 두발 연습좀하더니 바로타버리네요
매장서 비슷한걸로 두배이상 부르던데
아주만족하고잘타고 있어요",5,1,부정
chan******,2020-07-14T11:52:27.000+00:00,자전거: 03.화이트라벨 / 컬러: 블랙,"8살딸아이 카라네이비를 사줬더니 
남편이 자기도접이식사고싶다고 해서
블랙으로 사줬네여 좋답니다ㅎㅎ
얼마나 타는지 지켜봐야긋네여ㅡㅡ",5,1,부정
ever********,2020-07-11T09:10:16.000+00:00,자전거: 03.화이트라벨 / 컬러: 화이트,"조립방법은 영상있어서 괜츈한데 아쉬운건, 제대로 완성된 기준의 모습이나 설명이없어서 아쉬움
먼가 기울어져있는것같아서 찝찝..",4,1,긍정
blue******,2020-07-03T05:58:51.000+00:00,자전거: 01.카라 / 컬러: 다크블루,"깔끔한 디자인과 색상으로 만족합니다. 조립은 힘들지 않고 할 수 있어요.
아이가 어려서 보조바퀴를 구입했는데 나사 풀기가 조금 힘들었어요.",5,1,부정
khw0***,2020-07-12T03:52:28.000+00:00,자전거: 02.메이비 20 / 컬러: 라이트핑크,"둘째딸이너무좋아하네요
여자아이들타기참 이쁩니다",5,1,부정
qorr****,2020-07-05T04:41:06.000+00:00,자전거: 02.메이비 20 / 컬러: 라이트핑크,아이 자전거가 있었는데 동생한테 물려주고 오래 탈려고 좀 넉넉한 사이즈로 주문했어요. 색깔도 이쁘고 조립도 생각보다 어렵지 않아서 아주 만족스럽네요.,4,1,부정
leey******,2020-07-11T10:19:41.000+00:00,자전거: 01.카라 / 컬러: 다크블루,자전거가 너무 잘 나가요~^^  디자인도 넘 예뻐요  조립도 넘 간단해요 강추!!!,5,1,긍정
ygy0****,2020-07-15T02:57:31.000+00:00,자전거: 01.카라 / 컬러: 다크민트,"아이가  너무  좋아합니다.ㅇ
한주에  하루  등교로 운동부족이였던  아이에게  자전거타기가  운동도  되고  좋으네요^^",5,1,부정
ts****,2020-07-09T08:20:50.000+00:00,,"별 어려움 없이 조립할 수 있어서 좋고, 검정색이 무난하게 잘 탈 수 있을 것 같아서 좋아요 ㅋㅋ",5,1,긍정
thin*******,2020-07-19T11:33:37.000+00:00,자전거: 01.카라 / 컬러: 다크민트,배송이 빠르네요.많이 퍼세어,5,1,긍정
ttl1***,2020-08-03T11:55:24.000+00:00,,배송도 빠르고~ 사진보다 더 이쁜거같아요~ 조립도 쉽고요~,4,1,부정
0574****,2020-07-01T14:32:29.000+00:00,자전거: 01.카라 / 컬러: 다크블루,자전거 타보니 작아서 엘베탈때도 부담없고 가까운곳 다니기 너무좋아요~바구니 좀 큰거사서 새로달았고 뒷자리는 아이태우려고 보조의자사서 달았더니 너무좋아요~^^,5,1,긍정
gl****,2020-07-07T13:31:58.000+00:00,자전거: 02.메이비 20 / 컬러: 라이트핑크,"자전거 조립도 많이 어렵지않게 조립했어요~
근데 자전거가 초1이 끌기엔 좀 무거워요~
타는덴 지장없고요~
키가 123정도인데 안장 낮춰서 타니 충분히 탈수있어요~",4,1,긍정
cmrf******,2020-07-07T00:36:33.000+00:00,자전거: 01.카라 / 컬러: 다크블루,배송빠르게받았어요~여자혼자조립하는데 설명이 자세하지 않아서 유튜브 찾아보고 했어요~ 키 140인 여자아이 안정감있게 잘타네요~,5,1,부정
s010*****,2020-08-08T12:49:26.000+00:00,자전거: 01.카라 / 컬러: 다크블루,아이가 너무좋아하고 잘타고 있네요,5,1,긍정
mijo****,2020-06-02T07:06:09.000+00:00,자전거: 01.카라 / 컬러: 다크블루,"배송 이틀만에왔고 
헬스장가는길이 걷기는 좀 애매해서 구매하게됐는데 
잘산거같습니다 
조립은 30분정도 걸렸고 
유튜브보고 조립했는데 다하고 보니까 자전거에 설명서붙어있네요 
비가와서 오늘은 못타봤지만 
꾸준히 타보고 한달후기도 쓸게요 
귀여워요 잘타겠슴다
아 그리고 근처대리점가서 꼭 조율받으세요
저는 다했다고생각했는데
조율하는거보니까 왜 판매자님이 조율받으라고 한줄알겠더라구요. 생각보다 꼼꼼하게 해주십니다",5,1,부정
seal*****,2020-07-04T08:31:11.000+00:00,자전거: 03.화이트라벨 / 컬러: 블랙,"자전거 초보인데 잘 이용할 수 있을 것 같습니다. 
조립도 어렵지않게 할 수 있었어요.
성인 여자가 사용하기 좋았습니다. 잘 타겠습니다.",5,1,긍정
tj****,2020-07-11T03:49:21.000+00:00,자전거: 03.화이트라벨 / 컬러: 화이트,"깨끗하고 배송빠릅니다 포장도 꼼꼼하게되어 있어요
애들이나 여성분타기에 딱입니다.",5,1,긍정
suha***,2020-08-08T04:40:37.000+00:00,자전거: 01.카라 / 컬러: 다크민트,가성비 짱 온라인 구매추천 합니다,5,1,부정
hang***,2020-08-11T11:21:04.000+00:00,자전거: 02.바이맥스 샤프리 / 컬러: 아이보리,아이가 너무 좋아해요^^,5,2,긍정
ra****,2020-06-29T00:08:26.000+00:00,자전거: 01.카라 / 컬러: 다크블루,"색상도 맘에들고 가성비 짱인것같네요
초등1학년인데 보조바퀴없는 자전거로 바꿨네요
타는거 가르쳐서 아들이랑 자전거같이 타고 다녀야겠어요~ 좋은상품 많이 파세요^^",5,1,부정
zzoo***,2020-07-15T07:59:35.000+00:00,자전거: 02.메이비 20 / 컬러: 민트,"배송 빠르네요. 잘 받았습니다.
잘 탈께요.",5,1,부정
ja****,2020-07-22T12:44:10.000+00:00,자전거: 01.카라 / 컬러: 다크블루,초1 아이가 타기에 딱좋습니다.,5,1,부정
ra****,2020-06-28T13:56:40.000+00:00,자전거: 03.화이트라벨 / 컬러: 블랙,가격저렴하고 배송도 빠르고 다만 택배온다고 연락을 안하네요~ 현관문 열고 나가니 앞에 박스가 3개나쌓여있더라구요 깜놀^^ 우리 애들 좋아합니다,5,1,부정
un****,2020-08-06T14:16:02.000+00:00,자전거: 02.메이비 20 / 컬러: 민트,"무겁긴하지만
아이가잘타네요.
초2학년입니딘",4,1,긍정
xoan*****,2020-07-29T05:33:29.000+00:00,자전거: 01.카라 / 컬러: 다크블루,똑같은걸로 구매했는데 바퀴가잘안돌아간다해서  조금더타보라고해는데 모르겠네요아직은,4,1,긍정
skjj*****,2020-07-01T11:32:04.000+00:00,자전거: 03.화이트라벨 / 컬러: 블랙,지난번 아이 자전거 사주고 너무 괜찮아 또 구매 했어요.사이즈도 적당하고 부드럽게 사용하기 좋았어요.여자가 타긴 좋은데 초등4학년 여자 아이는 타려니 안장을 최대한 낮춰도 좀 높아 힘들어 하네요.키가 좀 작은편이라 평균인 아이들은 괜찮을듯 합니다.저녁마다 아이와 타느라 운동도 되고 너무 좋습니다~,5,1,긍정
jsw1***,2020-07-20T13:26:59.000+00:00,자전거: 01.카라 / 컬러: 다크블루,조립하기도 쉽고  안장도  고정도 잘됩니다,5,1,긍정
divi******,2020-06-16T01:40:30.000+00:00,자전거: 02.메이비 20 / 컬러: 민트,마감도 그렇고 상처가 넘 많네요 새자전거받으며 기분이 좋지는 않네요,2,1,긍정
rkah****,2020-07-27T05:15:29.000+00:00,자전거: 01.카라 / 컬러: 다크블루,"포장상태괜찮구
누구나쉽게 조립할수있게 왔음
부모님 동네 및 마트 다니시기좋고
일반자전거보다좀 가벼워요",5,1,긍정
chan******,2020-07-10T03:51:45.000+00:00,자전거: 01.카라 / 컬러: 다크블루,배송이총알배송이네여ㅎㅎ 너무이뻐요초등1학년여자딱맞아요,5,1,긍정
chei***,2020-07-08T11:48:56.000+00:00,자전거: 03.화이트라벨 / 컬러: 화이트,"디자인 가격 무게 모두 만족합니다.
둘째아이 자전거도 다음에 재구매 해야겠어요",5,1,부정
abcd*******,2020-07-16T02:02:02.000+00:00,자전거: 01.카라 / 컬러: 다크블루,아직 9살아이 발이안닿아서 ㅠㅠ 그래도접히니좋아용,5,1,긍정
cb****,2020-07-26T12:08:25.000+00:00,자전거: 01.카라 / 컬러: 다크민트,"아주 잘쓰고 있어요~~튼튼해요ㅎ
사이즈도 적당하고 둘째 뒤에 태우고 다니기에도 너무 좋아요^^",4,1,부정
dkfk****,2020-07-21T12:54:08.000+00:00,자전거: 03.화이트라벨 / 컬러: 화이트,조금 무겁긴한데 이쁘고 좋아요!!,4,1,긍정
ton4***,2020-07-17T02:07:21.000+00:00,자전거: 01.카라 / 컬러: 다크블루,"배송도 엄청빨리왔고요.. 삼천리자전거매장에서 조립과 조율받고 보조바퀴까지.. 25,000원 지불했네요 일단 자전거 정말 튼튼하고 접는것도 쉬워서 주말에 싣고서 공원가보려고요 ㅋㄷ 추천합니다.",5,1,긍정
arow****,2020-06-24T07:06:37.000+00:00,자전거: 01.카라 / 컬러: 다크블루,"이가격에 이만한 가성비 좋은 자전거가 있겠나 싶으네요. 배송도 빠르고 깔끔하게 포장 되어서 왔어요.
조립도 간편하게 할수 있고 초 3학년 아이가
타기에도 무리가 없네요. 색상도 마음에 듭니다.",5,1,긍정
xz****,2020-07-06T14:28:10.000+00:00,자전거: 03.화이트라벨 / 컬러: 화이트,알루미늄이아니라 그런지 무겁긴한데 가격대 생각하면 맞는거같아요 디자인은 좋습니다,4,1,긍정
skyl******,2020-08-13T05:58:26.000+00:00,,가볍게 타기 좋아요.,5,1,긍정
ym****,2020-07-06T12:54:05.000+00:00,자전거: 03.화이트라벨 / 컬러: 화이트,"신랑이 아이들과 타려고 구매했어요.
바퀴는 작은데 의외로 높이가 높네요^^
10살 아들 태워봤더니..너무 높아요~",5,1,부정
youn********,2020-07-10T07:14:53.000+00:00,자전거: 02.메이비 20 / 컬러: 라이트핑크,"배송도 빠르고 디자인도 사진에서 보는것과 같아요 
가격도 만족입니다",4,1,긍정
nsy7***,2020-07-20T05:31:20.000+00:00,자전거: 02.메이비 22 / 컬러: 민트,초등2학년 잘 타고 다닙니다. 만족해요.,5,1,부정
yuji*****,2020-07-08T08:59:50.000+00:00,자전거: 01.카라 / 컬러: 다크블루,잘받았어요 조율받고 타봐야 알겠지만 튼튼하고 괜찮은것같아요~~,5,1,긍정
hans******,2020-07-14T06:42:36.000+00:00,자전거: 01.카라 / 컬러: 다크민트,"아이가 좋아합니다
빠른 배송과 저렴한 가격 좋습니다!",4,1,긍정
vzsv***,2020-07-28T14:21:57.000+00:00,자전거: 01.카라 / 컬러: 다크민트,배송이빠르고 거의다 조립되어와서 빠르게 준비할수 있었어요!!  배송도 친절했습니다!~,4,1,긍정
seun*******,2020-07-04T21:52:41.000+00:00,자전거: 03.화이트라벨 / 컬러: 화이트,가격도 저렴하고 배송도 빠르고 좋아요.^^ 적극 추천합니다.,5,1,긍정
ae****,2020-07-07T03:15:17.000+00:00,자전거: 02.메이비 20 / 컬러: 라이트핑크,"요즘 자전거~자건거 노래하는바람에 알아본 자전거중
접이식에 저렴한가격에 배송두 빠르네요
하자없이 잘와서 다행이네요",4,1,긍정
ho****,2020-07-08T06:12:27.000+00:00,자전거: 01.카라 / 컬러: 다크블루,"너무 귀엽고 좋아요!
집이 작은 원룸이라 집안에 들여놓기에도 큰 부담이 없습니다",5,1,긍정
soo0***,2020-07-02T02:08:15.000+00:00,자전거: 01.카라 / 컬러: 다크블루,"2학년 아이 자전거로 사주게 되었습니다.
2학년이지만 키가 137정도 되어 더 큰것을 사줄까 고민하다 선택하게 되었는데 정말 딱 맞게 사이즈를 선택한것 같아요.
색상도 화면보다 예쁘고 무엇보다 아이가 너무 좋아합니다.
여기저기 가격 찾아보다 제일 저렴하게 구입하게 되어 상품 전체 만족도가 굿!!!!
아마도.. 아이가 고학년이 되면 요 자전거는 제몫이 되지 않을까 염두해 두고 산 제품이라서 엄마들이 타기에도 무리가 없었어요!",5,1,부정
free******,2020-07-18T05:28:22.000+00:00,자전거: 01.카라 / 컬러: 다크블루,저의 애마랍니다~~~~ 슝슝 타다가 띡띡 소리는 뭔지 모르겠어요,4,1,긍정
suk3*****,2020-07-27T12:10:50.000+00:00,자전거: 01.카라 / 컬러: 다크블루,가격 ㆍ디자인ㆍ넘 좋아요^^,5,1,부정
ar****,2020-06-06T10:03:47.000+00:00,자전거: 02.메이비 20 / 컬러: 민트,"배송 보통이예요~
타다보니 아이가 자전거가 아니라 운동기구같다하더라구요~ 허벅지가 아프다고.. 
살펴보니 브레이크가좀 쪼여있어서 살짝 풀어줬어요~ 그리곤 잘 타네요~
색상은 예뻐요~ 
저희아인 1학년인데 시트 제일 낮게 낮추고, 핸들도 제일 낮게 했더니 맞아요~  쭉 쓸수있은것 같아요~",4,1,긍정
yenh****,2020-07-08T04:52:54.000+00:00,자전거: 01.카라 / 컬러: 다크민트,"둘째 120 조금 안되는데 큰 무리없이 쭉쭉 탈듯해요
색상 상콤하고 튼튼해보이고 접이식이라 휴대가 편해 가성비 짱입니다!!",5,1,부정
skyo*****,2020-07-08T23:53:35.000+00:00,자전거: 02.메이비 20 / 컬러: 민트,상품은대체적으로 만족합니다.배송이 5일걸린게 걸리긴하네요,4,1,부정
2925******,2020-07-08T09:52:18.000+00:00,자전거: 02.메이비 20 / 컬러: 민트,타던 자전거가 작아져서 바꿔줬어요 친구들한테 자랑한다고 좋아하네요,5,1,긍정
m3****,2020-07-09T09:36:03.000+00:00,자전거: 01.카라 / 컬러: 다크민트,아이가 좋아하네요 ^^,5,1,긍정
chlt*******,2020-07-19T01:11:27.000+00:00,자전거: 01.카라 / 컬러: 다크블루,아버지 사드렸는데 좋아하시네요.,5,1,긍정
glas****,2020-07-21T01:21:35.000+00:00,자전거: 02.메이비 20 / 컬러: 민트,조립도 쉽고 예뻐요,5,1,긍정
king*******,2020-08-08T03:13:43.000+00:00,자전거: 01.카라 / 컬러: 다크민트,가격도 저렴히 잘 샀어요^^~,5,1,긍정
dusk***,2020-07-16T02:35:20.000+00:00,자전거: 01.카라 / 컬러: 다크블루,유아안장설치해서 아이랑 너무 잘타고있어요^^,5,1,긍정
pjsp******,2020-07-18T15:16:50.000+00:00,자전거: 01.카라 / 컬러: 다크블루,조립 쉽고 생각보다 괜찮아요,5,1,부정
sexy********,2020-07-10T07:37:51.000+00:00,자전거: 01.카라 / 컬러: 다크블루,상품도 괜찮고 배송도 이틀만에 왔네요,4,1,부정
romy******,2020-07-14T01:26:04.000+00:00,자전거: 01.카라 / 컬러: 다크블루,"7살아이인데도 보조바퀴다니깐  탈수있네요
실물이더예뻐요",5,1,긍정
ghkd*****,2020-07-11T01:06:24.000+00:00,자전거: 02.메이비 20 / 컬러: 라이트핑크,"배송도 완전 빠르고 조립도 쉬워요
색상도 이쁘고 딸이 너무 좋아합니다~",5,1,긍정
nuwa****,2020-08-09T05:20:12.000+00:00,자전거: 01.카라 / 컬러: 다크블루,조립 예상외로 쉬워요,5,1,부정
pj****,2020-06-01T12:48:07.000+00:00,자전거: 03.화이트라벨 / 컬러: 블랙,다른곳에 비해 저렴하게 샀고 배송도 빨랐어요.아이랑 함께 운동하려고 구매했는데 위치변환도 잘되고 무게도 가벼워서 초등저학년 아이도 잘타네요. 색상도 이쁘고 좋은데 아빠가 탈때 자전거 쿠션이 조금 불편하네요. 쿠션보완해서 타야할듯해용.가격대비 만족합니다.,4,1,부정
taek******,2020-06-09T02:21:27.000+00:00,자전거: 01.카라 / 컬러: 다크민트,"아이가 자전거 사달라고해서 며칠동안 검색하다가 주문했어요~아동자전거라도 가격이 천차만별이더라구요. 접이식을 사기전엔 부실하지 않을까 걱정했는데 막상 받고보니 괜한걱정을했었네요~너무 튼튼해요^^색상도 이쁘고가격도 적당하고 모든게 완벽하네요~
무엇보다 아이들이 맘에들어하니 뿌듯하네요^^",5,2,부정
skjj*****,2020-06-09T13:29:40.000+00:00,자전거: 01.카라 / 컬러: 다크민트,택배기사분이 너무 친절하셔서 받을때도 기분좋았구요.조립도 여자혼자서 충분히 할정도로 어렵지 않았슷니다.다만 보조바퀴달러고 나사 돌리기 조금힘들었다는거 말고는 전반적으로 쉬웠어요.조립다하고 초2아들  4시간넘게 자전거 탄다고 신났었네요~가격대비 완전 만족 합니다.,5,1,부정
bp****,2020-08-31T12:26:20.000+00:00,자전거: 02.삼천리 메이비20 / 컬러: 민트,너무너무 좋아여~~,3,1,긍정
ym****,2020-06-24T23:36:49.000+00:00,자전거: 02.메이비 20 / 컬러: 라이트핑크,"초5학년 딸아이 사줬는데 너무 맘에 들어합니다.색도 예쁘고.조립도 쉬워요.
매일같이 자전거타러 나가요",5,1,긍정
yell*******,2020-07-22T22:56:40.000+00:00,자전거: 02.메이비 20 / 컬러: 민트,"오호~~~~~ 좋네요
저렴한 가격에 잘 구매했습니다.
애들이 완전 좋아하네요
바구니도 같이와서 더 좋네요^^",5,1,긍정
wb13***,2020-07-21T23:04:39.000+00:00,자전거: 02.메이비 20 / 컬러: 민트,아이가 좋아하네요~~^^,4,1,부정
taek******,2020-06-09T02:21:53.000+00:00,자전거: 02.메이비 20 / 컬러: 라이트핑크,"아이가 자전거 사달라고해서 며칠동안 검색하다가 주문했어요~아동자전거라도 가격이 천차만별이더라구요. 접이식을 사기전엔 부실하지 않을까 걱정했는데 막상 받고보니 괜한걱정을했었네요~너무 튼튼해요^^색상도 이쁘고가격도 적당하고 모든게 완벽하네요~
무엇보다 아이들이 맘에들어하니 뿌듯하네요^^",5,1,부정
pn****,2020-07-07T12:04:38.000+00:00,자전거: 01.카라 / 컬러: 다크블루,대박 완전 좋아요 겁나게 좋아요 짱 입니다!,5,1,부정
chie****,2020-07-13T01:48:32.000+00:00,자전거: 02.메이비 20 / 컬러: 민트,"조립은 간단하게 했습니다.

브레이크의 경우 앞/뒤 바퀴 모두 한쪽이 타이어와 붙어 있어서 
조율을 진행했습니다. (인터넷 검색으로 방법 확인해서..)

기어도 조율이 제대로 되어있지 않아.. 
맨 윗쪽으로 기어 변속이 되지 않습니다.. 
(인터넷 보고 조율방법은 확인 했지만.. 
  보조바퀴를 달아놔서 나중에 해봐야 할듯 합니다~)",4,1,긍정
jinh*******,2020-08-03T06:13:47.000+00:00,자전거: 02.메이비 22 / 컬러: 라이트핑크,초등학생이 타기에 적당하고 색깔도 이쁘네요,5,1,긍정
silv******,2020-06-30T12:48:01.000+00:00,자전거: 03.화이트라벨 / 컬러: 블랙,"꼼꼼하게 포장해서 왔으며 일요일 밤에 주문했는데 화요일 오후에 받았어요~ 
140cm 아이인데 가장 낮게 설치했더니 잘 타네요~ 감사합니다~^^",5,1,긍정
su53****,2020-08-07T07:38:54.000+00:00,자전거: 01.카라 / 컬러: 다크민트,이쁘고 만족합니다~~,4,1,긍정
lant******,2020-07-14T05:35:53.000+00:00,자전거: 02.메이비 20 / 컬러: 라이트핑크,"사진보다 더 이쁜거 같아요
딸이 아주 좋아하겠네요",5,1,부정
93yo***,2020-08-04T12:21:47.000+00:00,자전거: 02.메이비 20 / 컬러: 민트,예쁜 자전거 만족하며 잘 타고 있습니다,4,1,부정
dlwu****,2020-08-02T05:24:01.000+00:00,자전거: 01.카라 / 컬러: 다크민트,"빠르고좋아요
설명서가 자세히없어서 조금 힘들었지만 좋네요",4,1,긍정
msta***,2020-07-16T06:31:31.000+00:00,자전거: 01.카라 / 컬러: 다크블루,아들이 좋아하네요 많이파세요,4,1,부정
hee8*****,2020-07-17T01:31:56.000+00:00,자전거: 01.카라 / 컬러: 다크블루,"초등학생이 타기 좋아요.
받자마자 '바로조립'
조립어렵지 않고 바로 탔어요.
예뻐요. 선물도 주시고 좋네요^^",4,1,긍정
euni******,2020-07-21T06:46:03.000+00:00,자전거: 02.메이비 20 / 컬러: 민트,너무 잘 타고 있어요. 자전거가 넘 예뻐서 탈때마다 기분이 좋아져요♡,5,1,부정
jjul****,2020-05-25T03:01:33.000+00:00,자전거: 02.메이비 22 / 컬러: 라이트핑크,아.. 이런걸 리뷰로 써도 되나 싶긴한데 정말 최악이예요. 기어가 변속 안되구요.. 왜 그런지 제대로 굴러가지를 않아요. 10도정도의 경사에도 다리가 부서질거 같아 내려서 끌었어요.. 오랜만에 다시 타려고 시작했는데 병원신세만 집니다. 완전 비추예요. 구매후 처음 타던날 다른분들이 이정도 다친거를 감사하라고 ㅠㅠ,1,1,긍정
kkwo****,2020-06-25T03:11:30.000+00:00,자전거: 02.메이비 20 / 컬러: 라이트핑크,"초1여아용으로 샀어요.살짝 큰 감은 있네요.
보조바퀴를 사서 달았어요. 남편이 브레이크가 좀 이상하다며 ... 한시간가량 손보더니 일단 타보라고..
비기 와서 아직 거실에 있는데 날씨 좋을때 타볼려구요.",3,1,부정
me0f******,2020-07-05T03:50:21.000+00:00,자전거: 02.메이비 20 / 컬러: 민트,너무좋습니다 이뻐요!!!애기태우고 다니기 좋습니다.,5,1,부정
mong****,2020-07-31T01:10:25.000+00:00,자전거: 03.화이트라벨 / 컬러: 화이트,잘받았어요~  아이가 좋아하네요,4,1,긍정
dkdl********,2020-06-15T07:54:45.000+00:00,자전거: 01.카라 / 컬러: 다크블루,배송도 너무너무 빠르고 자전거도 안전하게 배송 되었어요! 비가 올까봐 걱정했는데 잘왔네요 ! 조립도 간단하고 미니공구도 있어서 너무 편리 합니다~! 완전 대대대 만족 입니다!!,5,1,부정
aren****,2020-06-27T13:44:18.000+00:00,자전거: 02.메이비 20 / 컬러: 민트,"만족합니다 9살딸아이가 타는데 넘 좋아해요
커서도 충분히 탈수있늘것같아요
배송도 빨랐어요~~",5,1,긍정
sorr****,2020-07-10T05:37:54.000+00:00,자전거: 01.카라 / 컬러: 다크블루,"포장꼼콤하고 판매자님친절하십니다
잘쓸께요",5,1,부정
gyj2***,2020-08-05T15:59:09.000+00:00,자전거: 01.카라 / 컬러: 다크블루,자전거가 예쁘고 맘에 듭니다,4,1,긍정
redm*****,2020-06-20T08:58:51.000+00:00,자전거: 02.메이비 20 / 컬러: 민트,"색깔은 딸아이들이 골라서 샀어요~
남편이 조립했고요 처음 1대 조립할때는 처음이라 힘들었는데 두번째 조립은 쉽게 했네요~
7,9살 두발 성공해서 잘 타고 있어요~
자전거가 생각보다 무거운데 그래서 더 튼튼하다 생각이 들어요~
접이식이라 차에도 실리고 편해요~",5,2,부정
redm*****,2020-06-20T08:58:23.000+00:00,자전거: 02.메이비 20 / 컬러: 라이트핑크,"색깔은 딸아이들이 골라서 샀어요~
남편이 조립했고요 처음 1대 조립할때는 처음이라 힘들었는데 두번째 조립은 쉽게 했네요~
7,9살 두발 성공해서 잘 타고 있어요~
자전거가 생각보다 무거운데 그래서 더 튼튼하다 생각이 들어요~
접이식이라 차에도 실리고 편해요~",5,1,긍정
kayd******,2020-08-27T04:12:33.000+00:00,자전거: 03.삼천리 화이트라벨 / 컬러: 화이트,감사합니다 감사합니다,5,1,긍정
gunp***,2020-06-27T03:52:34.000+00:00,자전거: 01.카라 / 컬러: 다크블루,"장인어른 가게 나가실때 타시는데, 조립식, 접이식 자전거지만 경고하고 튼튼합니다. 엄청 만족스러워 하시고 생각보다 색상도 질리지 않고 이뻐요.",5,1,긍정
jh****,2020-07-15T12:44:47.000+00:00,자전거: 03.화이트라벨 / 컬러: 블랙,구매한지 하루만에옴 조리비잘할지걱정요,5,1,부정
youn******,2020-08-06T08:53:56.000+00:00,자전거: 01.카라 / 컬러: 다크블루,배송이 너무 빠른거아닌가요 ㅎㅎㅎ,5,1,긍정
runa****,2020-07-12T12:44:21.000+00:00,자전거: 01.카라 / 컬러: 다크민트,자전거 가벼워서  아이가  혼자서  잘끌고다닙다,5,1,긍정
shd4***,2020-06-18T13:26:04.000+00:00,자전거: 02.메이비 20 / 컬러: 라이트핑크,자전거는 조율해서 타니 괜찮은거 같애요. 그런데 뒷바퀴 커버쪽에 좀 기스들이 나서 왔더라구요. 타는데 크게 문제는 없어서 걍 타기로 했습니다. 다른분들 배송에는 좀더 신경써서 해주세요. 더운데 수고하세요~~~,3,1,긍정
jshc***,2020-07-15T12:34:08.000+00:00,자전거: 01.카라 / 컬러: 다크블루,아이들이 좋아해요 예쁩니다,5,1,긍정
jsk0***,2020-07-04T23:24:47.000+00:00,자전거: 03.화이트라벨 / 컬러: 화이트,"깔끔하게 포장되어 오고
자전거도 맘에 들고 좋습니다.",5,1,긍정
slel***,2020-07-28T03:37:58.000+00:00,자전거: 02.메이비 22 / 컬러: 라이트핑크,튼튼하고 맘에들어요 담에 또 구매할께요,5,1,긍정
lees********,2020-07-13T15:21:26.000+00:00,자전거: 01.카라 / 컬러: 다크블루,"자전거 잘 받았습니다.
역시 자전거는 삼천리 입니다. 굿",5,1,긍정
sky1*****,2020-07-14T10:32:52.000+00:00,자전거: 02.메이비 20 / 컬러: 민트,이뻐여 감사합니다 잘쓸께여,5,1,부정
kkin****,2020-07-15T07:30:44.000+00:00,자전거: 02.메이비 20 / 컬러: 라이트핑크,배송도빠르고 상태 좋습니다,5,1,부정
foxj****,2020-07-28T14:20:08.000+00:00,자전거: 02.메이비 20 / 컬러: 민트,너무 맘에들어 하나 더 샀어요^^  잘타겠습니다.,5,1,부정
sc****,2020-06-27T04:23:38.000+00:00,자전거: 02.메이비 20 / 컬러: 라이트핑크,배송도 빠르고 조립도 쉬워서 좋았어요 다만 자전거 중간 빨간칠?이 되어있네요 그거외에는 다 좋습니다,5,1,긍정
kwj7***,2020-06-23T14:26:09.000+00:00,자전거: 01.카라 / 컬러: 다크블루,"배송도 빠르고 제품도 너무 마음에 들어요
아이가 너무 좋아해요
오자말자 조립하고 나가서 타고왔어요~~~^^",5,1,부정
lgy0***,2020-06-29T12:16:33.000+00:00,자전거: 02.메이비 20 / 컬러: 라이트핑크,"색도 예쁘고 엄청 고급스러워요!
가격 말해주니 아빠가 안믿어요 ㅋㅋ",5,1,부정
cjsw*****,2020-07-06T02:29:16.000+00:00,자전거: 02.메이비 20 / 컬러: 라이트핑크,"배송도 빠르고 조립도 쉽고 색상 너무 이뻐요
딸아이가 아빠 최고 라네요 ^^",5,1,긍정
lpw4***,2020-06-26T11:25:11.000+00:00,자전거: 01.카라 / 컬러: 다크블루,"너무좋아요 매우매우만족
여자친구도너무좋아하내요^^",5,1,긍정
hhh3*****,2020-07-16T07:45:51.000+00:00,자전거: 01.카라 / 컬러: 다크블루,좋아요 잘 타겠습니다!,5,1,부정
cj****,2020-06-16T14:02:33.000+00:00,자전거: 01.카라 / 컬러: 다크블루,"배송도 빠르고 조립도 거의 되어있어서
쉽게 마무리했네요~~
조립하고 공원에서 저녁까지 신나게 자전거
타고 왔네요~~아이가 너무 좋아해서 좋네요~~맘에 듭니다~~",5,1,부정
bran***,2020-06-17T02:52:56.000+00:00,자전거: 01.카라 / 컬러: 다크민트,조립할 줄 몰라서 결국 3만원 주고 삼천리샵에서 조립했는데 아주 이쁘고 만족합니다. 무엇보다 5학년인데도 키가 작아서 어른 자전거 못타는 우리 아들한테 딱이네요.,5,1,긍정
leew***,2020-08-05T03:52:04.000+00:00,자전거: 01.카라 / 컬러: 다크블루,일단 가볍고 타기 편한것같아요,5,1,부정
boun****,2020-07-08T15:18:01.000+00:00,자전거: 01.카라 / 컬러: 다크블루,"자녀들이 마음에 들어하네요
감사합니다",5,1,긍정
gong*****,2020-07-17T02:18:09.000+00:00,자전거: 01.카라 / 컬러: 다크블루,초등3학년 사이즈 좋아요 조립도 쉬웠고 디자인도 예뻐요 만족합니다^^,5,1,긍정
em****,2020-07-21T01:11:58.000+00:00,자전거: 01.카라 / 컬러: 다크블루,아주 만족합니다.아이들이 너무 좋아하네요,5,1,긍정
sals*****,2020-06-27T06:29:24.000+00:00,자전거: 01.카라 / 컬러: 다크블루,배송은 조금 늦은편인데 자전거는 이쁘네요.,4,1,긍정
rhwj*****,2020-07-16T13:22:37.000+00:00,자전거: 02.메이비 20 / 컬러: 민트,잘타고 있습니다 추천해요,5,1,긍정
leek****,2020-07-12T01:58:59.000+00:00,자전거: 01.카라 / 컬러: 다크블루,"배송 빠릅니다. 당일 오전 주문 다음날 받았네요. 
조립도 간단하고 바퀴 바람만 넣고 바로 탔습니다.좋아요~~ 잘산거 같네요",5,1,긍정
jooh****,2020-07-20T07:05:53.000+00:00,자전거: 01.카라 / 컬러: 다크블루,"초등 3학년 딸부터 우리 마나님까지 모두 탈 수 있어 아주 좋습니다.
조립도 편하고 마감상태도 좋아서 대만족입니다.",5,1,긍정
ks****,2020-08-04T09:09:05.000+00:00,자전거: 02.메이비 22 / 컬러: 라이트핑크,견고함에서 마이너스 일점입니다,4,1,부정
love******,2020-07-02T07:21:29.000+00:00,자전거: 03.화이트라벨 / 컬러: 화이트,빠른배송에 잘받았습니다 초등4학년 키가작은 아이인데 탈수있는 사이즈 입니다,4,1,긍정
jikd***,2020-07-02T09:14:51.000+00:00,자전거: 01.카라 / 컬러: 다크블루,"가성비 최고 상품입니다.추천행요.
우리 아들 선물 .",5,1,부정
9k****,2020-06-02T06:28:35.000+00:00,자전거: 02.메이비 20 / 컬러: 민트,"매장보다 저렴하게 구입했고 배송도 하루만에 와서 너무 만족합니다.
물론 직접 간단한 조립을 해야하지만 유투브동영상 보면서 하시면 더 쉬우실거에요.
초3  아이한테 좋은 추억 남길 수 있게 해주셔서 감사합니다.",5,1,긍정
subu***,2020-08-01T07:54:53.000+00:00,자전거: 01.카라 / 컬러: 다크민트,너무 이쁘고 좋습니다,5,1,부정
rlaw******,2020-08-01T03:22:44.000+00:00,자전거: 01.카라 / 컬러: 다크민트,정말 생각했던 상품과 동일하네요 좋아요,5,1,부정
sara*****,2020-07-08T15:22:54.000+00:00,자전거: 01.카라 / 컬러: 다크블루,"동네 마실다니기 좋아요
튼튼하게 잘 쓰고있어요  잔고장도 없구요",4,1,부정
rlaw******,2020-08-01T03:23:05.000+00:00,자전거: 03.화이트라벨 / 컬러: 화이트,정말 좋네요 강추합니다.,5,1,긍정
hfcl***,2020-07-26T05:11:38.000+00:00,자전거: 02.메이비 20 / 컬러: 민트,가격과 빠른배송. 깔끔한 포장상태. 굳이요.,5,1,긍정
kach***,2020-06-15T12:30:19.000+00:00,자전거: 02.메이비 20 / 컬러: 민트,"조립은 남편이 해서 수월했는데 생각보다 굉장히 무겁네요~ 민트색 좋아하는 딸아이가 좋아하긴 하는데..
암튼 가격대비 모든 게 다 딸려 있어서 좋아요~",4,1,부정
gto1***,2020-07-13T14:20:51.000+00:00,자전거: 02.메이비 20 / 컬러: 라이트핑크,생각보다 이쁘고 튼튼 해요.,5,1,부정
infi****,2020-06-25T08:37:38.000+00:00,자전거: 02.메이비 20 / 컬러: 민트,색감이 민트인줄알앗는데 초록빛이 더 강합니다. 저희아이 헬멧이크지만123cm정도되고 살짝높네요 익숙해지면 금방 자연스러워질듯합니다.,4,1,긍정
lyjs****,2020-06-18T09:46:17.000+00:00,자전거: 02.메이비 20 / 컬러: 민트,색상이 밝아서 화사하네요~~ 조립이 좀 힘들었지만 애들이 좋아하네요^^ 보조바퀴장착하러 대리점 갔네요~~ 빠른배송 감사합니다,4,1,부정
ran8***,2020-07-25T00:22:55.000+00:00,자전거: 02.메이비 20 / 컬러: 라이트핑크,조립되어오니 좋아요 아이가 좋아하네요^^,5,1,부정
wndi****,2020-07-20T12:38:11.000+00:00,자전거: 02.메이비 20 / 컬러: 라이트핑크,"배송이 빠르고 아이가 좋아해요..
보조바퀴를 구매안했는데..필요하네요..ㅜㅜ",5,1,부정
ru****,2020-06-24T00:37:01.000+00:00,자전거: 02.메이비 20 / 컬러: 라이트핑크,"조립이 어려웠다고 해서 걱정했는데80프론 조립해서 왔어요
금방 조립해서 아이가 집안에서 타고 다니며 좋아합니다 한달 사용해보고 좋으면 민트도 구매할려구요~",5,1,부정
shin*****,2020-07-10T21:42:31.000+00:00,자전거: 03.화이트라벨 / 컬러: 화이트,안장이 작아서 엉덩이 아파용...ㅠㅠ,3,1,긍정
ejch***,2020-06-26T22:12:45.000+00:00,자전거: 01.카라 / 컬러: 다크블루,"생각보다 장축이넓네요
그리고 바구니 배송간 부닺혀는지 손상있어요
교환귀찮아그냥 탑니다",3,1,부정
nsyj****,2020-05-17T08:48:50.000+00:00,자전거: 01.카라 / 컬러: 다크블루,"어린이날 선물로 주문하게 되었어요~
색상도 깔끔하고 기어변동도 가능해서 아이가 무척 좋아합니다^^ 사이즈도 적당하고 예뻐요!

엄마는 안장이 불편하다는데 동생은 안장도 편하다고하네요^^ 옵션으로 구매한 후미등과 후레쉬에용",5,1,부정
silv*******,2020-07-18T07:20:17.000+00:00,자전거: 01.카라 / 컬러: 다크블루,이게 조립하고 단을 조절하는데 1단으로 안가네요 뜯었으니 어쩔수없이 타야겠네요 2단으로 아이한테 타라해야겠어요다른건 다 좋아오,2,1,부정
nsyj****,2020-06-29T11:04:40.000+00:00,자전거: 01.카라 / 컬러: 다크블루,"넘좋아요아이가좋아해서더좋네요
디자인도 색감도",5,1,부정
rkfk*****,2020-07-05T04:27:09.000+00:00,자전거: 02.메이비 20 / 컬러: 라이트핑크,"저렴하고 괜찮는 자전거에요
날이 더워서 지금은 안타지만 날씨 시원해지면 또 계속 탈거 같아요!!",5,1,부정
abcd*******,2020-06-14T15:35:11.000+00:00,자전거: 02.메이비 20 / 컬러: 라이트핑크,"아이는 못타고 이모만 신나게타네요~~
보조바퀴사야겠어여~
배송굿~!!!넘빨리왔구요
조립도 쉬워요
여자혼자뚝딱ㅋ 
아파트안에서만 탈건데
조율안해도 잘나가고이상없는데
손봐야할지?
 어서 연습시켜서 잘타고놀겠습니다~~",5,1,부정
alsl****,2020-06-23T15:35:36.000+00:00,자전거: 01.카라 / 컬러: 다크블루,너무 에쁘네요. 무겁고 안장이 좀 부실한 느낌은 있어요. 가격대비 아주 좋습니다.,5,1,부정
itsk*****,2020-07-05T12:48:42.000+00:00,자전거: 01.카라 / 컬러: 다크민트,자전거예쁘다고 친구가 따라샀어요^^느무느무좋아하네요~~,5,1,긍정
ha****,2020-07-22T13:10:22.000+00:00,자전거: 02.메이비 20 / 컬러: 라이트핑크,편안한 안장과 부드럽게 들어가는 기어등..아이가 엄청 좋아해요~~^^,5,1,긍정
dyh1***,2020-05-04T03:41:15.000+00:00,자전거: 02.메이비 20 / 컬러: 라이트핑크,"배송이 생각보다 빨랐어요. 4월 30일 주문했는데 5월 4일에 도착했어요. 어린이날 선물인데 조금 늦게 시켜서 어린이날 전에 도착 못 할 줄 알았는데 도착해서 다행이네요.
조립이 어렵긴한데 자전거점가서 확인해 보려고해요.
자전거 튼튼하고 예쁘네요.",5,1,긍정
taen******,2020-07-03T10:10:28.000+00:00,자전거: 02.메이비 22 / 컬러: 라이트핑크,배송도 빠르고 설치도 쉽네요. 접히면 트렁크에더 잘 들어가요,5,1,긍정
japp****,2020-07-10T23:20:41.000+00:00,자전거: 01.카라 / 컬러: 다크블루,생각보다 안정적이고 잘달려요,4,1,긍정
dkra*****,2020-06-05T13:49:11.000+00:00,자전거: 03.화이트라벨 / 컬러: 화이트,"자전거 너무이뻐요ㅜㅜ
초등학교2학년 키 120센티 아이도 타고
저희부부고 다 탈수있어서 최곱니다 ㅋㅋ
흰색도 너무 맘에들고 ㅋㅋ아이와 함께 타고 싶어서  한대 더 살까 고민중입니다ㅜㅜㅜ",5,1,부정
ahjf*****,2020-06-17T00:06:10.000+00:00,자전거: 01.카라 / 컬러: 다크민트,"이뽀용 딸래미가좋아하네요ㅎㅎ
7살둘째도 안장 젤낮추니 맞아서 하나더구매합니당!",5,1,긍정
kkj0*******,2020-06-22T12:21:54.000+00:00,자전거: 01.카라 / 컬러: 다크블루,"무겁긴한데 아이가너무좋아해요^^
8살 살짝큰듯한데 얼른크길바라며~~
접이식이라 보관시에는 접어서 놔용
근데 많~~이무겁네요^^;;",5,1,부정
h7****,2020-07-03T01:00:21.000+00:00,자전거: 01.카라 / 컬러: 다크민트,배송도 빠르고 좋네요ㅎ 딸이 맘에든다네요ㅎ,5,1,긍정
ms****,2020-07-09T13:54:37.000+00:00,자전거: 01.카라 / 컬러: 다크블루,"자전거수리점에 조립하러가서 들었지만 어른용 자전거라네요 저희 초딩아이가 타기에는 확실히 좀 무거운
느낌은들었어요~ 어차피 산거라 키좀 더 크면 타겠죠~
집에 잘 모셔두었습니다",3,1,긍정
bee6***,2020-07-09T10:59:07.000+00:00,자전거: 01.카라 / 컬러: 다크민트,조립도 편하고 딱좋네요,5,1,부정
uw****,2020-08-02T23:21:33.000+00:00,자전거: 01.카라 / 컬러: 다크민트,가격대비 만족합니다.,4,1,긍정
kill****,2020-07-10T05:23:31.000+00:00,자전거: 01.카라 / 컬러: 다크민트,아이가 너무 좋아합니다.,5,1,부정
kky3***,2020-07-05T03:31:19.000+00:00,자전거: 01.카라 / 컬러: 다크블루,"배송도 빠르고 좋네요.
130cm 22kg 초등1학년 여아가 타도 잘 맞아요.",5,1,부정
tnsw******,2020-07-31T04:25:11.000+00:00,자전거: 01.카라 / 컬러: 다크블루,튼튼하고 잘사요하고잇ㅅ브니다,5,1,긍정
z6eu********,2020-06-30T19:19:45.000+00:00,자전거: 03.화이트라벨 / 컬러: 화이트,저렴하게 잘산것같아요 동네 마실용으로 좋아요,4,1,긍정
cybe******,2020-07-18T03:48:30.000+00:00,자전거: 01.카라 / 컬러: 다크민트,"조립이 생각보다 어렵네요.
뒷바퀴바람없어서 바퀴고무가 분리되어 있어서
결국 자전거가게가서 조율하고 보조바퀴달았어요.
결국 2만5천원추가ㅡㅡ",3,1,긍정
love******,2020-07-02T07:23:11.000+00:00,자전거: 02.메이비 20 / 컬러: 라이트핑크,"초등1학년 딸아이 주려고 샀는데 살짝높은데 잘탑니다
사장님도 친절하시고 많이파세요",4,1,긍정
gkvh*******,2020-06-26T14:10:45.000+00:00,자전거: 01.카라 / 컬러: 다크블루,딸이 출.퇴근길에 탄다고 사 달라고해 구입 했습니다 조립도 쉽고 디자인도 예쁘네요,5,1,부정
slov***,2020-07-17T09:37:54.000+00:00,자전거: 01.카라 / 컬러: 다크블루,잘타고 있어요 튼튼하네요!!,5,1,긍정
xxja*****,2020-06-21T13:17:21.000+00:00,자전거: 02.메이비 20 / 컬러: 라이트핑크,"유아용 자전거 마스터해서 새로 사줬습니다
키 126인데 안장 제일 낮춰서 하니까 딱 좋네요
단, 프레임이 무거운 재질이라서 다루기 힘들어하는 경향이 없잖아 있네요
그래도 가격이 저렴하고 폴딩이 되니까요 ^^;;",4,1,부정
maho****,2020-07-30T06:56:51.000+00:00,자전거: 01.카라 / 컬러: 다크블루,가격도 저렴하고 색상도 이쁘고 깔끔합니딘,5,1,긍정
doye******,2020-07-27T13:51:45.000+00:00,자전거: 03.화이트라벨 / 컬러: 블랙,아직 잘쓰고있어요 고장안나고 굿,4,1,긍정
miki****,2020-06-30T06:21:25.000+00:00,자전거: 02.메이비 20 / 컬러: 라이트핑크,"3학년 130cm 딸  딱이예요
색상도 이쁘구 조립못하는 저도
쉽게 조립했어요 
160인 엄마도 같이 타도되네요^^",5,1,부정
karm*****,2020-06-29T14:40:38.000+00:00,자전거: 02.메이비 22 / 컬러: 라이트핑크,"초등아이가 좋아하네요
근데 무거워서 어른의 도움이 필요합니다",4,1,긍정
jung******,2020-07-21T06:11:32.000+00:00,자전거: 02.메이비 20 / 컬러: 라이트핑크,만족합니다 예뻐요 애들이 좋아합니당,4,1,긍정
juho****,2020-07-27T22:19:16.000+00:00,자전거: 02.메이비 20 / 컬러: 라이트핑크,배송도빠르고 자전거좋아요,4,1,긍정
posi*******,2020-06-22T23:27:37.000+00:00,자전거: 01.카라 / 컬러: 다크블루,"깔끔 디자인에 페인트 마감처리도 괜찮고, 조립하기도쉽네요. 단점은 무겁고, 바구니 달기가 불편합니다.",4,1,부정
sep2***,2020-07-30T13:17:12.000+00:00,자전거: 01.카라 / 컬러: 다크블루,"근처 동네 돌거아니면 비추
다리 너무아픔",3,1,부정
1lif*****,2020-07-11T07:29:55.000+00:00,자전거: 02.메이비 20 / 컬러: 라이트핑크,아이가 무척 좋아합니다,5,1,부정
lett******,2020-06-12T16:40:21.000+00:00,자전거: 02.메이비 20 / 컬러: 민트,"일단 자전거가 넘 예뻐요
배송도 빠르고 추가 주문한 구성품도 좋네요 ㅎㅎ 민트색이 실제로 보니 좀 더 연두연두해요 그래서 더 예쁜듯 ㅎㅎㅎ 조립도 간단해서 금방 했어요 얼른 타보고 싶네용~~=",5,1,긍정
yysz*****,2020-07-21T21:48:17.000+00:00,자전거: 02.메이비 20 / 컬러: 라이트핑크,"아이가 너무 좋아하네요
10살아이에게 딱 맞아요",5,1,긍정
ko****,2020-06-26T11:22:11.000+00:00,자전거: 02.메이비 20 / 컬러: 민트,배송도 총알인데 상품도 만족합니다. 130cm 딸에게 딱이네요.  자전거도 너무 예쁘다고 주위에서 난리네요. ^^ 딸도 좋아합니다.,5,1,부정
k011****,2020-07-23T14:09:20.000+00:00,자전거: 02.메이비 20 / 컬러: 라이트핑크,접이식이라 차에 싣는게 부담없으니 공원나갈때마다 싣고나갑니다,5,1,긍정
care*****,2020-06-14T08:20:55.000+00:00,자전거: 02.메이비 20 / 컬러: 민트,"배송 빠르고 조립도 금방했어요
접어서 차에 넣고 이동가능해서 좋아요
보조바퀴 달고 양쪽 균형 맞추느라 한번 더 손보고는 잘타네요
힘들어하는 동생도 태워줬어요",5,1,긍정
ditt*****,2020-06-25T23:24:47.000+00:00,자전거: 01.카라 / 컬러: 다크블루,가성비대비 자전거 조립도쉬웠구요 색상도만족합니다,5,1,부정
qkre*****,2020-07-09T21:14:31.000+00:00,자전거: 03.화이트라벨 / 컬러: 블랙,생각보다 무겁지도 않고 저렴이 잘샀어요 비싼 자전거보다 가성바 좋은거같아요 공원에서 타려고 주문했네요,5,1,부정
tkdt****,2020-06-18T13:15:07.000+00:00,자전거: 01.카라 / 컬러: 다크민트,"주문한지 하루만에 배송이왔습니다^^
빠른 배송 감사합니다
조립도 생각보다 간편한거 같습니다
잘 사용하겠습니다",5,1,긍정
yuna***,2020-07-28T02:19:57.000+00:00,자전거: 01.카라 / 컬러: 다크블루,무게가 많이 무겁지만 튼튼하고 좋아요,5,1,긍정
oban******,2020-07-15T07:37:46.000+00:00,자전거: 02.메이비 20 / 컬러: 민트,"사진이랑 똑같아요. 
좋은 가격에 잘 받았습니다. 
다만, 육각렌치정도는 동봉하여 보내주셨으면 합니다.",5,1,긍정
a316****,2020-06-22T10:20:46.000+00:00,자전거: 02.메이비 20 / 컬러: 민트,8살 키 122아이 안장이랑 핸들 최대한으로 내리고 타는데 무리없이 잘 타네요~,5,1,긍정
juns*****,2020-07-09T00:18:48.000+00:00,자전거: 01.카라 / 컬러: 다크블루,무거운거 빼면 가성비 좋습니다,4,1,긍정
sliv******,2020-06-21T23:54:06.000+00:00,자전거: 02.메이비 20 / 컬러: 민트,박스에 잘 포장해서 기스없이 도착했어요. 조립하고 태워보니 튼튼하고 좋아요. 2학년인데 살짝 큰느낌이에요. 3학년되도 잘쓸꺼같애요.,5,1,긍정
itsk*****,2020-06-19T09:24:17.000+00:00,자전거: 01.카라 / 컬러: 다크민트,자전거오자마자 조립해서 어제는 비가와서 못타고 오늘 나와서 타네요~~만족합니당^^,5,1,부정
winn****,2020-06-17T01:37:16.000+00:00,자전거: 01.카라 / 컬러: 다크블루,아이가 좋아합니다. 키가 약 120cm 정도인데 적당한 거 같아요. 거의 다 조립되어 와서 나머지 조립도 쉬워요. 사진에 바구니 설치는 안했어요. 구매시 참고하세요.,4,1,부정
wnrj*****,2020-07-13T11:25:10.000+00:00,자전거: 03.화이트라벨 / 컬러: 블랙,아주 잘 쓰고있습니다,5,1,긍정
grea*****,2020-06-01T11:39:14.000+00:00,자전거: 01.카라 / 컬러: 다크블루,"일단 디자인 면에서 너무 이뻐요.
조립은 아주 쉬웠습니다.
핸들감 좋고 안장은 엄청 딱딱하지는 않은데 오래 타지 못해요. 기어소리가 계속 나서 조율받으러 갔는데 괜찮은거라 하는데 계속 소리나서 다른곳도 기ㅡ브ㅡ려고요ㅎ
꼼꼼히 포장되어 왔지만 크나큰 기스가 있었습니다. 그냥 이해하고 넘어갔습니다.",4,1,부정
jyj4***,2020-07-17T03:04:22.000+00:00,자전거: 01.카라 / 컬러: 다크블루,조금 무겁긴하지만 깔끔한디자인이 너무이뻐요..아이도 좋아하네요 ㅎ,5,1,긍정
ange*****,2020-07-22T12:55:22.000+00:00,자전거: 02.메이비 20 / 컬러: 라이트핑크,"빠르고 좋아요
조립도 편하고 애들이 매우 좋아합니다",5,1,부정
gita******,2020-06-24T01:52:16.000+00:00,자전거: 01.카라 / 컬러: 다크블루,두발 자전거를 처음 사서 탔는데 금방익혀서 너무 잘 타고 있어요. 넘 맘에 듭니다.^^~,5,1,부정
al****,2020-06-05T16:22:28.000+00:00,자전거: 01.카라 / 컬러: 다크블루,"여자 혼자 조립하기 어렵진 않았어요
근데 안장색이 화면색이랑은 다르네요
LED조명하고 따릉이 달려있고,
바구니 들어있어요
동네 돌아 다닐때 쓰려고 샀어요
사이즈 적당하고 좋아요",4,1,긍정
ksh2***,2020-07-24T12:39:03.000+00:00,자전거: 02.메이비 20 / 컬러: 라이트핑크,디자인도 이쁘고 실용성이 또 좋은 제품인 거 같습니다,5,1,긍정
gm****,2020-07-06T10:12:07.000+00:00,자전거: 01.카라 / 컬러: 다크블루,잘받았습니다 너무예뻐요,4,1,긍정
ange*****,2020-07-22T12:54:52.000+00:00,자전거: 02.메이비 20 / 컬러: 라이트핑크,"빠르고 좋습니다
조립도 편하고 애들이 좋아하네요",5,1,긍정
open****,2020-07-09T23:18:09.000+00:00,자전거: 03.화이트라벨 / 컬러: 블랙,맘에 들어요 이뻐요,5,1,긍정
hdgf***,2020-07-18T11:03:36.000+00:00,자전거: 01.카라 / 컬러: 다크블루,"조립해서 대리점에 가서 손을 조금 더 봐야하는 것은 있어요.
별도의 금액도 더 들고",5,1,부정
nice*****,2020-07-24T01:56:37.000+00:00,자전거: 01.카라 / 컬러: 다크민트,"두번째 구매입니다
아이가 너무 좋아해요~",5,1,부정
acti*****,2020-07-04T01:24:15.000+00:00,자전거: 01.카라 / 컬러: 다크블루,조립도 생각보다 간편했고 애들이 너무나 좋아합니다.,5,1,부정
taoi****,2020-07-19T01:05:21.000+00:00,자전거: 01.카라 / 컬러: 다크블루,"핸들 끼울때 조금 힘들고
나머지는 금방이네요
조립에 십분 좀 넘게 걸린듯.",4,1,긍정
tg****,2020-05-28T08:10:16.000+00:00,자전거: 01.카라 / 컬러: 다크블루,"상품엔 만족합니다. 아이도 잘 타고있구요^^
다만 기어변속이 끝까지 안되어서서 직접 조정을 해보던지 아니면 매장에 방문해서 조정을해봐야할것 같네요~",4,1,긍정
lpw4***,2020-06-26T11:26:12.000+00:00,자전거: 03.화이트라벨 / 컬러: 화이트,"너무좋아요 매우매우만족
여자친구도너무좋아하내요",5,1,부정
uhok****,2020-06-24T03:55:28.000+00:00,자전거: 01.카라 / 컬러: 다크블루,"8살 125센티 아들 태우려고 구입했어요
디자인도 이쁘고 배송도 빨라서 만족합니다",4,1,긍정
tjdg****,2020-06-18T04:40:05.000+00:00,자전거: 01.카라 / 컬러: 다크민트,물건은 잘 받았어요~포장만 뜯고 조립전이지만 바퀴쪽에 약간 긁힌 자국이 있네요..아이들이 워낙 젛아해서 그냥 타려구요~~색도 산뜻하고 예뻐요~조립후 조율을 받으러 가야하나요?그리고 정품등록하려고 하는데 품질보증서엔 제품명과 제품번호가 없더라구요..상품구매시 사이트에 올라와있는걸로 해야하나요?,4,1,부정
pe****,2020-07-07T21:47:41.000+00:00,자전거: 01.카라 / 컬러: 다크블루,조립 간편하고 커서 좋네요,5,1,긍정
rain*******,2020-06-19T05:57:55.000+00:00,자전거: 01.카라 / 컬러: 다크블루,딸이 넘좋아합니다 시간날때마다 매일 탑니다 바구니있어서 더 좋고요 만족합니다,4,1,긍정
rain****,2020-07-11T00:56:54.000+00:00,자전거: 01.카라 / 컬러: 다크블루,"가성비 최고 ~~초등4학년 따님 첫 자전거 ~~
적당한 무게감이 느껴저서 더 안전하게 느껴지네요
번창하세요~~~^^",5,1,부정
hj****,2020-07-08T10:51:31.000+00:00,자전거: 01.카라 / 컬러: 다크블루,잘 받았습니다. 10살아이 딱 맞아요~,5,1,부정
zest****,2020-07-13T00:37:00.000+00:00,자전거: 01.카라 / 컬러: 다크블루,"잘받았습니다..

생각보다 좋아요...

접이식이라 간편하고 애들이 좋아해요..",5,1,긍정
ggog*****,2020-06-18T07:36:19.000+00:00,자전거: 02.메이비 20 / 컬러: 라이트핑크,"무거워서 별 하나 뺐지만
지금 부지런히 태우려고요
튼튼하고 배송 빠르고
지금 127센티 인데 
안장 제일 낮춰서 잘 탑니다
색상도 예뻐요",4,1,긍정
algi*****,2020-06-06T03:16:05.000+00:00,자전거: 01.카라 / 컬러: 다크민트,"생각했던것보다 너무 무겁고 설명서도 없고, 접이식인데 한번도 못 접어 봤어요 
돈 더 들여 가볍고 쉽게 접을 수 있는 제품으로 구매하는게 좋을 것 같아요",3,1,부정
song***,2020-06-07T23:57:12.000+00:00,자전거: 02.메이비 20 / 컬러: 라이트핑크,"8살 여아용으로 구입했습니다.
핑크와 하얀색 안장 색상이 굉장히 매치가 잘되어 이쁩니다.

접이식이라 트렁크 넣고 공원가서 신나게 탈 수 있으니 좋습니다.

다만 스틸프레임이라 무게는 감안해야 합니다.

조립도 크게 어렵지는 않고 대만족입니다.",5,1,긍정
iamk******,2020-06-16T05:47:13.000+00:00,자전거: 01.카라 / 컬러: 다크블루,"색감이 생각보다 고급지고 보조바퀴도 튼튼해요!
엄마가 자전거 배워보고 싶다고 하셔서 그냥 온라인으로 주문하고 조율+보조바퀴 조립만 대리점에서 3만원 내고 했어요",5,1,긍정
jayk*****,2020-07-24T14:13:15.000+00:00,자전거: 02.메이비 20 / 컬러: 민트,아이들이 예쁘다고 좋아해요,5,1,긍정
dewp********,2020-06-05T08:26:54.000+00:00,자전거: 02.메이비 20 / 컬러: 민트,"배송으로 받다 보니 기스가 있는건  패쓰구요.
보조바퀴  달려보 보니 동전처럼생긴 너트 뒤에 넣는게 없더라구요.조립하면서 급하셨던건지...
사용설명서가 진짜...ㅠㅠ 엄청 헤맸네요..
 그래도 대리점 안가고 할수 있는 정도였어요",3,1,긍정
lake******,2020-06-27T22:41:47.000+00:00,자전거: 02.메이비 20 / 컬러: 라이트핑크,"아이가 너무 좋아해요.
예쁘고 튼튼해요...",5,1,부정
wish*******,2020-07-17T01:38:19.000+00:00,자전거: 02.메이비 20 / 컬러: 라이트핑크,"아이가 너무좋아해요.
1학년 여아가타기 좋아요",5,1,부정
ming******,2020-05-09T14:55:19.000+00:00,,코로나19 잠잠해 지는것 같아서 이제 운동좀 할까 해서 헬스장 알아봤는데 ㅠㅠ 또 최근에 클럽 코로나 감염으로난리더라고요 그래서 실내에서 하는 운동보다는 야외가 낫지 않을까 싶어서 자전거 생각하고 구매했어요 ! 역시 삼천리 자전거다 보니 믿고 구매한감 없지 않아 있었는데요 봄이니까 베이비핑크로 골랐고 역시나 너무 이뽀용~ 자전거 탈맛도 나고 진짜 맘에 짱짱 들어요! 배송도 만족스럽게 잘 왔고요~ 개인적으로 계속 타러 나가고싶을정도에용 ㅠㅠ 감사합니당 잘탈께여~,5,1,부정
surf******,2020-06-12T03:47:29.000+00:00,자전거: 01.카라 / 컬러: 다크블루,"똑같은 자전거 색상만 다른거 두번째 구매 하는 겁니다.
블루 색상도 예쁘네요.. 전체적인 내구성 및 디자인
빠른 배송까지 만족해서 별5개 찍었습니다.",5,1,부정
bagm******,2020-07-23T01:14:58.000+00:00,자전거: 01.카라 / 컬러: 다크블루,"조립 쉬워요
브레이크는 조금ㅠ",5,1,긍정
summ********,2020-06-07T05:46:25.000+00:00,자전거: 02.메이비 20 / 컬러: 민트,"140정도 아이나 작은 성인 여자까지 충분히 탈 수 있는 자전거네요! 자전거샵에서 안장높이 등 체크하는데 3만원 추가 들었지만 아이가 좋아하니 만족합니다. 아직 타고 균형을 잘 잡지
못해서 사용샷은 힘드네요~~",5,1,긍정
cr****,2020-07-14T12:14:26.000+00:00,자전거: 01.카라 / 컬러: 다크블루,잘타고다닙니다....,4,1,긍정
hysp***,2020-05-03T02:15:51.000+00:00,자전거: 02.메이비 20 / 컬러: 라이트핑크,"딸아이 어린이날 선물로 구매했습니다
키가 120cm정도 인데 타기엔 약간 크긴 
한데 어느정도 탈만한 거 같습니다 자전거 포장상태 양호합니다 인터넷에서 보는거랑 똑같이 이쁘구요 ㅋ 
보조 바퀴 직접 조립시 약간 애를 먹었는데 조립방법   설명서에도 자세히 나있지 않아서...
사용하라고 준 스페너는 
힘이 잘 실리지 않아 다이소에서 3000원 짜리 몽키 스페너 구매후 달아 주었구요 그리고 보조바뀌 상하 높이 조절시 너트만 돌리면 헛돌아요  바뀌 밖같쪽 커버분리후 샤프트를 잡아줘야 헛돌지 않네요 보조 바뀌 셀프 조립하실분은 참고하세요 ^^",5,1,부정
zhuz****,2020-06-23T10:59:34.000+00:00,자전거: 01.카라 / 컬러: 다크민트,"상품은 만족합니다 
그러나 배송기사 아저씨가 엉뚱한데 배달해놓고선 cctv 확인해보라고 그러면서 소리를 지르더군요 결국엔 그 기사가 경찰서에 제가 훔쳐갔다고 모함했다며 신고를 했구요 결국엔 자기가 오배송했다며 사과했는데 너무 불쾌했습니다 보조바퀴 추가구매하고 싶은데 같은 배송회사일까 겁나서 주문을 못하겠네요 ㅠ",1,1,부정
rlaq******,2020-07-08T20:45:25.000+00:00,자전거: 01.카라 / 컬러: 다크블루,한달후기입니다 잘타거이써여..,5,1,긍정
soul***,2020-07-10T02:06:19.000+00:00,자전거: 01.카라 / 컬러: 다크블루,"생각보다 튼튼해요ㅡ
부드럽게 굴러가고 남편이 아이 태우고도 곧잘 버텨요 아이랑 남편이 몸무게 합치면 딱100키로인데 괜찮네요ㅡ 기어가 있어서 다행이네요ㅡ",5,1,부정
scor***,2020-07-24T05:47:53.000+00:00,자전거: 02.메이비 20 / 컬러: 라이트핑크,조립하는건 간단했습니다 잘 타겠습니다,4,1,부정
blue****,2020-07-12T05:46:44.000+00:00,자전거: 03.화이트라벨 / 컬러: 블랙,귀엽네요 잘달려요 ㅎㅎ,5,1,부정
yunh***,2020-07-06T02:19:09.000+00:00,자전거: 01.카라 / 컬러: 다크블루,배송도 빠른편이고 조립도 쉽네요,5,1,부정
suhs***,2020-07-26T05:33:07.000+00:00,자전거: 02.메이비 22 / 컬러: 라이트핑크,자전거가 무겁고 잘 안나가요 ㅠㅠ,2,1,부정
jgxl*****,2020-07-04T14:30:58.000+00:00,자전거: 01.카라 / 컬러: 다크블루,출퇴근용 아담한 사이즈 괜찮아요,5,1,긍정
jobo*******,2020-07-01T10:48:19.000+00:00,자전거: 02.메이비 20 / 컬러: 라이트핑크,접이식이라 이동할때도 편하고 핑크핑크 화사해서 좋아요,5,1,부정
maen****,2020-06-08T15:15:01.000+00:00,자전거: 02.메이비 20 / 컬러: 라이트핑크,빠른 배송 하자없이 잘 왔습니다. 자전거 정말 예쁘고 가격도 착하네요~ 별도의 업체 방문하지 않고 직접 체크하고 조립했네요~! 물론 하자없이 아내와 잘 타고 있습니다! 번창하세요!,5,1,긍정
rkdd********,2020-06-22T14:18:32.000+00:00,자전거: 01.카라 / 컬러: 다크블루,매일 걸어다니기에는 너무 힘들어서 자전거 사봤는데 작아서 가지고 다니기도 편하고 디자인도 귀여워서 맘에 들어요 !!,5,1,긍정
kim2****,2020-06-24T10:32:04.000+00:00,자전거: 03.화이트라벨 / 컬러: 화이트,가격대비만족합니다. 마감이 조금 아쉽긴하네여,4,2,긍정
kim2****,2020-06-24T10:31:13.000+00:00,자전거: 01.카라 / 컬러: 다크블루,가격대비만족합니다. 마감이 조금 아쉽긴하네여,4,1,긍정
kwon****,2020-07-26T12:58:49.000+00:00,자전거: 01.카라 / 컬러: 다크블루,크기도 적당하고 예뻐요 잘나가요,3,1,부정
sun8*****,2020-06-11T03:19:26.000+00:00,자전거: 03.화이트라벨 / 컬러: 화이트,"안장이 엄청 딱딱함 안바꾸면 타기 힘든정도구요 브레이크잡을때 소리 엄청큼
디자인 나쁘지않지만 위 두가지 문제점이 구매 취소하고싶을정도임 귀찮아서 
걍 탑니다 싸구려 부품을 쓴탓인듯ㅡㅡ 다바꿔야됨 카라 제품이랑 두개시켰는데 얘는좀 별루네요",1,1,긍정
enci***,2020-06-15T08:04:12.000+00:00,자전거: 02.메이비 20 / 컬러: 민트,"딸이 너무 좋아합니다.
항상 자전거 잘있는지 확인하고 미소짓고있어요",5,1,부정
jjoo****,2020-05-14T23:44:01.000+00:00,자전거: 02.메이비 20 / 컬러: 민트,"초등2학년 128센티정도되는데 
약간큰듯하지만 그래두 잘탈수있어요.
자전거가 좀 무거운게아쉽긴한데 그래두 화이트에민트라 이쁘긴해요. 
또 자전거 앞쪽 칠마감처리가미흡한부분이있었는데
타는데는 지장이없고아이도 빨리타고싶어해서 그냥 타요. 
자전거는 반으로접혀 약간의 조립이필요하나 여자두가능하긴했어요 근데 브레이크등등 다시 다 봐야해서 자전거전문점에 맡겼네요.  배송은빨랐어요",4,1,긍정
hmmh*****,2020-06-17T23:42:06.000+00:00,자전거: 01.카라 / 컬러: 다크블루,"조림이 돼서 도착하니 좋습니다.
튼튼한제품입니다. 아이가 너무좋아하네요",5,1,부정
larv***,2020-07-28T11:12:31.000+00:00,자전거: 01.카라 / 컬러: 다크민트,자전거가 잘나가고 튼튼해요,5,1,부정
nymp****,2020-06-21T07:56:33.000+00:00,자전거: 01.카라 / 컬러: 다크블루,"초 3딸아이 에게 사줬어요
조립도 쉬웠고 자전거도 괜찮네요
바구니는 너무 작아서 안끼웠는데
빼놔도 예뻐요^^",5,1,긍정
dsyl*****,2020-06-26T13:35:48.000+00:00,자전거: 01.카라 / 컬러: 다크민트,"딸이 넘넘 좋아하네요
자기가 딱 원하던 거라면서",5,1,긍정
cybe******,2020-07-17T10:43:41.000+00:00,자전거: 02.메이비 20 / 컬러: 민트,딸아이 아주 좋아합니다 저렴하게 잘샀어요,4,1,긍정
anti*****,2020-07-05T06:12:34.000+00:00,자전거: 03.화이트라벨 / 컬러: 화이트,한달 써도 안부셔져요.좋네요~,5,1,부정
sksd*****,2020-07-18T03:50:05.000+00:00,자전거: 01.카라 / 컬러: 다크블루,디자인 성능 배송 모두 매우 만족합니다,5,1,부정
alsw*****,2020-07-03T06:29:01.000+00:00,자전거: 02.메이비 22 / 컬러: 민트,여자혼자 트렁크에 싣고 내리기가 무거워서 좀 힘들긴하지만 예뻐서 맘에들어욬ㅋ 도로에서 위험히 타는용이라기보단 공터나 산책로에서 타기좋아요,5,1,부정
hyh0***,2020-06-27T23:01:58.000+00:00,자전거: 01.카라 / 컬러: 다크블루,조립도 쉽고 아이가 무척 좋아하네요,5,1,긍정
hist*****,2020-06-23T01:49:34.000+00:00,자전거: 01.카라 / 컬러: 다크블루,빠른 배송 감사합니다. 키큰 7살. 4학년 둘이 같이 잘 탑니다~,5,1,부정
bann****,2020-06-28T08:59:43.000+00:00,자전거: 02.메이비 20 / 컬러: 라이트핑크,"배송도 빠르고  화면보는것 처럼 예뻐요
친구한테 추천해서 친구도 같은걸로 샀어요",5,1,긍정
cma7***,2020-08-10T14:15:22.000+00:00,자전거: 02.메이비 20 / 컬러: 라이트핑크,조아요조아요조아요조아요,5,1,부정
wjsw***,2020-06-28T04:55:59.000+00:00,자전거: 01.카라 / 컬러: 다크블루,"배송동 색상도 너무 이뿌고
딸아이가 마음에 들어해요
고학년인데도 사이즈 좋네요
안장이 자꾸 타다가 내려가서 불편하긴 한데ㅜㅜ
나머지는 만족합니다^^",5,1,부정
ssao****,2020-06-09T06:39:48.000+00:00,자전거: 01.카라 / 컬러: 다크민트,튼튼하고 색도 아주 이뻐요 처음타는데 한시간 타고 터득했습니다. 진잡 사줄걸 그랬나봐요. 지금도 열심히 타고 있습니다. 운동을 못해 몇달동안 살만 쪘는데 드디어 살좀 빠지겠습니다 ㅋ잘 탈게요~~!!,5,1,부정
aldh*******,2020-06-18T01:49:10.000+00:00,자전거: 02.메이비 20 / 컬러: 라이트핑크,"색상 완전 이쁘구요
남편이 조립했는데 쉽게 조립했어요
바퀴 바람만 근처 자전거집가서 넣었어요~~
딸아이가 엄청 좋아해요
제가 타봤는데 튼튼하고 잘 나가네요
아이가 들고 움직이기에는 무겁지만
그래두 무게감때문에 안정감은더있는듯
암튼 자전거 좋은가격에 좋은제품 사서 넘 좋습니다",5,1,긍정
wnrj*****,2020-06-03T09:22:24.000+00:00,자전거: 03.화이트라벨 / 컬러: 블랙,화이트라벨로 블랙으로 구매했는데 이쁘네요 2일만에 도착했는데 혼자 조립할 수 있을것같아서 해보다 결국 삼천리 대리점으로 갔습니다ㅜㅜ 3만원 추가지출이 있었지만 전문가가 야무지게 조립하고 조율하는거 보니 역시 대리점가서 하길 잘했구나 싶네요 조립 끝나자마자 싱싱 타고다녔습니다~,5,1,긍정
p0****,2020-07-14T02:01:45.000+00:00,자전거: 01.카라 / 컬러: 다크민트,"초등2학년아이가 타는데 크기도 적당한 편이에요.
큰 자전거로 갈아타기전 2년 정도는 충분히 탈 수 있겠어요.",5,1,부정
kang********,2020-05-31T04:57:30.000+00:00,자전거: 01.카라 / 컬러: 다크블루,"여성이나 아이들이 타기에 적당한 크기이고
무겁지않아서 편하게 탈 수 있어요.
배송도 빠르고 조립하기도 어렵지않지만
전체적인 균형은 맞춰야되고 바퀴에 바람도
추가로 넣어야해요. 사은품으로 에어펌프를 주면 좋겠다싶더라구요^^.",5,1,부정
le****,2020-07-05T10:06:16.000+00:00,자전거: 01.카라 / 컬러: 다크민트,배송도빠르고 만족합니다.,5,1,부정
n401***,2020-06-24T01:40:44.000+00:00,자전거: 01.카라 / 컬러: 다크민트,"8살아이 18인치 금방작아진다고해서 아이가안타면 저라도 타려고 20인치샀어요 아이가 너무좋아합니다 근데  어른인제가들어도 무겁긴무겁네요 
그리고조립은 혼자 또는 남편 도움받아보려고했는데 둘다 자전거를 잘몰라서 많이헤맸어요 조율도그렇고 전문가한테맡기는게 좋을듯해요",4,1,긍정
limd******,2020-06-30T01:55:28.000+00:00,자전거: 01.카라 / 컬러: 다크민트,초등4학년 딸 선물로 샀는데 색깔이 이뻐서 좋아하네요,5,1,부정
yeon*****,2020-06-23T23:06:36.000+00:00,자전거: 01.카라 / 컬러: 다크블루,"완전 맘에 들어요. 가격 대비 자전거 디테일이 훌륭합니다
색상 디자인 소품 등 모두 만족스럽구요, 배송도 잘 포장돼서 금방 왔네요 145cm 아이에게 딱 적당합니다~",5,1,부정
blac********,2020-07-03T12:06:42.000+00:00,자전거: 01.카라 / 컬러: 다크블루,"너무좋아요
색상도 굿",5,1,긍정
heys***,2020-06-07T02:32:25.000+00:00,자전거: 01.카라 / 컬러: 다크블루,"키 117센치 남아인데 이젠 혼자서도 잘타요.
더워서 요즘엔 자주타지는 못하지만ㅠㅠ
헬멧쓰고 무릎보호대하고 잘타고다녀요!!ㅋ❤️",5,1,부정
heej******,2020-06-19T04:24:30.000+00:00,자전거: 01.카라 / 컬러: 다크블루,가격 만족. 아이가 편하게 탈수 있대요,5,1,긍정
wyip****,2020-07-03T04:13:29.000+00:00,자전거: 01.카라 / 컬러: 다크블루,좋아요 가볍게타고다니기 편할거 같아요,4,1,부정
yuji*****,2020-07-10T02:50:42.000+00:00,자전거: 03.화이트라벨 / 컬러: 블랙,생각보다 택배는 빨리왔슴. 근데 좀 무겁네요 어쩔수없는부분일듯  .  나름 괜찮게 타겠습니다,3,1,부정
mana******,2020-07-16T20:35:10.000+00:00,자전거: 01.카라 / 컬러: 다크블루,좋아요 대리점가서 조립비 2만원 추가입니다.,3,1,부정
jinh*****,2020-06-21T14:53:47.000+00:00,자전거: 03.화이트라벨 / 컬러: 블랙,좋아요. 기본셋팅과 빠른배송 감사합니다.,5,1,긍정
hh83****,2020-07-06T02:47:43.000+00:00,자전거: 02.메이비 20 / 컬러: 라이트핑크,튼튼하고 너무 이뻐요.,5,1,부정
sang******,2020-06-20T03:42:52.000+00:00,자전거: 02.메이비 20 / 컬러: 라이트핑크,포장도 박스에 들어서 왔고고  움직이지않게 접히는 부붑은 모두 케이블타이로 고정시켜서 왔네요  그리고 각 부분별  까짐이 우례되는곳에 박스랑 스펀지같은게 덧대여 왔네요~별도의 조립설명서는 없었지만 핸들 안장  그리고 보조바퀴 결합 정도이니  조립시 어려운것은 없었네요 두대 구매했는데 같이 배송 잘되었네요,5,1,부정
mezo*****,2020-07-13T02:37:20.000+00:00,자전거: 01.카라 / 컬러: 다크블루,초등 조카 생일선물로 사줬는데 아주 좋아합니다. 깔끔하고 이뻐요.,5,1,부정
s970***,2020-06-09T01:07:53.000+00:00,자전거: 02.메이비 20 / 컬러: 라이트핑크,안전하고 빠르게 배송 왔고 조립도 잘 되어 와서 핸들 꽂고 안장 얹으니 바로 탈 수 있었어요 분홍색 너무 예쁘고 자전거도 잘 나가요 생각보다는 좀 무거워요,4,1,긍정
redl*******,2020-06-21T02:16:43.000+00:00,자전거: 02.메이비 20 / 컬러: 라이트핑크,"동네 마실용으로 최고지만, 오르막길에서는 힘들긴하네요. 오르막인 동네시면 알고 사셔야할듯요",5,1,긍정
p981***,2020-06-26T07:42:12.000+00:00,자전거: 03.화이트라벨 / 컬러: 블랙,아이꺼랑 성인이 탈려고 구매했어요~ 조립도 쉬웠고요~~^^,5,1,부정
hyun*******,2020-07-10T06:49:37.000+00:00,자전거: 03.화이트라벨 / 컬러: 화이트,"빠른 배송 감사합니다. 
아직 개봉은 안 했네요~~ ㅋㅋ 빨리 조립해서 타보고 싶어요",5,1,부정
elva****,2020-07-12T04:39:27.000+00:00,자전거: 02.메이비 20 / 컬러: 라이트핑크,불량물건이 올까봐 걱정이었는데  얼룩 한군데 있는거빼곤 전반적으로 깨끗하네요 스틸이라 좀 무겁긴합니다.,4,1,부정
sunp******,2020-06-10T11:24:51.000+00:00,자전거: 02.메이비 20 / 컬러: 라이트핑크,"자전거는 저렴하게 잘 사고 조립도 힘들지 않았는데요.
보조 바퀴 달다가 죽을 뻔 했네요.
몽키 없이 보내 준걸로 했더니 안 움직여서 다이소에서 사다 했어요.
자전거는 굿",5,1,긍정
yj23***,2020-06-25T10:11:50.000+00:00,자전거: 02.메이비 22 / 컬러: 민트,"연습한다고 아직 실내에서만 타서 ㅋㅋ
여자애이가 타기 이쁘고 적당해용ㅋ",4,1,긍정
free*****,2020-07-21T13:02:07.000+00:00,자전거: 02.메이비 20 / 컬러: 라이트핑크,잘받았습니다 좋아하네요,4,1,긍정
duwn***,2020-07-23T22:16:55.000+00:00,자전거: 01.카라 / 컬러: 다크블루,"좋아요
대신 기름칠은 좀해야되나봐요ㅜㅜ",5,1,부정
wind****,2020-07-25T06:06:25.000+00:00,자전거: 01.카라 / 컬러: 다크민트,조금 무겁지만 잘 적응해서 탈래요,4,1,긍정
teai*****,2020-07-01T05:01:34.000+00:00,자전거: 01.카라 / 컬러: 다크블루,"아직 확인은 안했지만
삼천리 자전거니까 믿을수 있겠죠",3,1,긍정
wh****,2020-07-23T13:24:10.000+00:00,자전거: 02.메이비 22 / 컬러: 민트,안장도 편하고 아주 좋습니다,5,1,부정
vick***,2020-05-08T10:20:50.000+00:00,자전거: 01.카라 / 컬러: 다크블루,"8세 딸아이 어린이날 선물로 구매했어요
민트색이 실제 더 이쁘네요 키가 큰편이라 안장을 조금 높였는데 아직 자전거는초보라 보조바퀴추가 구매했어요
걱정과 달리 조립 하는데 별 문제 없었어요 유튜브보고 여자인 저 혼자 조립 할 정도예요
보는 사람마다 민트이쁘다고 하네요~",5,1,긍정
ming******,2020-07-25T20:55:51.000+00:00,자전거: 01.카라 / 컬러: 다크민트,하나구입하고 재구매핫어요,5,1,부정
koun*****,2020-06-25T11:55:00.000+00:00,자전거: 01.카라 / 컬러: 다크블루,"조립하기 쉽고 튼튼하네요
크기에 비해 약간 무겁습니다",5,1,긍정
it****,2020-07-05T05:18:20.000+00:00,자전거: 01.카라 / 컬러: 다크민트,생각보다크네요 니로트렁크에 핸들빼고 넣어야돼고 꽉차요 좀더 작으면 좋겠네요 무게도 좀 나가고,3,1,긍정
ming******,2020-07-23T08:12:34.000+00:00,자전거: 01.카라 / 컬러: 다크블루,하나구입햇는대 괜챦아서 재구매햇어요,5,1,부정
sorn***,2020-05-08T22:51:20.000+00:00,자전거: 02.메이비 20 / 컬러: 민트,"초3 아들한테 줄려고 구매 했구요.

아들 키 또래애들 키보다 살짝 큰정도???

안장 최대 아래로 내려야 두발이 딱

바닥에 닿입니다.

타이어 바람이 애매하게 채워져 있네요.

다시 바람 넣어야 할거 같아요..

구매하실분 참고 하시구요.

도장 불량이 아주 쪼큼 보입니다만

쓰는데 문제 없어서 패스 할랍니다..",4,1,긍정
p981***,2020-06-26T07:41:26.000+00:00,자전거: 03.화이트라벨 / 컬러: 화이트,초등1학년 아이에겐 조금 크네요~ 그래도 연습하면 되겠죠..,5,1,부정
gr8m****,2020-07-05T08:15:07.000+00:00,자전거: 01.카라 / 컬러: 다크민트,딸아이가 너무 만족해요. good,5,1,긍정
zhen********,2020-06-02T10:37:27.000+00:00,자전거: 02.메이비 20 / 컬러: 민트,"초등학교 2학년 여자아이 안장을 최대한 내리고 타니 딱 좋으네요.핸들끼우고 안장 끼우니까 충분합니다. 브레이크 잘들고 바람도 적당하고, 기어도 잘 돌아갑니다.포장은 깔끔합니다. 100점입니다.",5,1,긍정
hwan****,2020-06-10T11:28:02.000+00:00,자전거: 01.카라 / 컬러: 다크민트,"매우 만족 입니다.
아이가 너무 좋아하네요.
변속도 잘되고 브레이크도 잘들어요.
조립도 엄청 쉽네요.",5,1,긍정
scsm****,2020-07-24T06:50:21.000+00:00,자전거: 01.카라 / 컬러: 다크블루,우리아이 자전거 배우고 있어요,5,1,긍정
jjun*****,2020-06-15T00:58:13.000+00:00,자전거: 01.카라 / 컬러: 다크블루,잘 타고 있습니다. 폐달이 좀 무거운 느낌이에요.. 그래도 초등 4학년 여자 아이가 잘 탑니다~,4,1,긍정
l425****,2020-06-03T14:45:11.000+00:00,자전거: 02.메이비 20 / 컬러: 라이트핑크,엄청 기다렸다가 재입고후 받은거라 딸아이가 너무좋아해요~~매일 타러 나갑니다요ㅋㅋㅋ,5,1,부정
wogm******,2020-06-24T01:21:18.000+00:00,자전거: 01.카라 / 컬러: 다크블루,"배송도 빠르고 디쟌도 깔끔해용
아이랑 같이 탈수 있어서 좋아요!",4,1,부정
pkh1***,2020-07-17T15:48:18.000+00:00,자전거: 02.메이비 20 / 컬러: 라이트핑크,접이식으로 트렁크에도 들어가고 튼튼하고 좋아요,5,1,부정
jkjk*****,2020-07-24T13:33:08.000+00:00,자전거: 01.카라 / 컬러: 다크블루,아직 박스 채 그대로 있어요,4,1,긍정
yhma****,2020-07-21T23:37:59.000+00:00,자전거: 03.화이트라벨 / 컬러: 블랙,좋아요 아주 좋아요 굿,5,1,부정
jeeh****,2020-06-15T12:17:55.000+00:00,자전거: 02.메이비 20 / 컬러: 라이트핑크,"대리구매했습니다.
잘 타고 있다고 하네요~♡
색깔이 예뻐요.
2개 조립하는 데 남자 성인이 
1시간 넘게 걸렸어요. 참고하세욤.",5,1,긍정
ad****,2020-07-02T02:05:23.000+00:00,자전거: 01.카라 / 컬러: 다크블루,"조립은 거의 되있어서 어렵지 않았네요
다크블루 색깔 너무 예쁘고 화면과 같아요
127센티인데 안장 제일 낮게하고 잘 타고
있어요",4,1,부정
anda*******,2020-06-29T04:23:40.000+00:00,자전거: 01.카라 / 컬러: 다크블루,"130센티 정도 초등아아가 타기엔 큰듯하지만 오래타려고 20인치로 구매했습니다. 16인치 네발에서 2발 연습하고 산거라 금새 적응하네요~
배송도 빠르고 조립하는것도 어렵지 않았습니다",5,1,긍정
polo****,2020-05-26T14:12:28.000+00:00,자전거: 03.화이트라벨 / 컬러: 블랙,"자고로 지금부터는 자전거 타기 완전 좋은 계절이죠.
작년까지는 따릉이 대여해서 타다가, 진짜 필요한데 없으면 
짜증나고, 그 지정된 장소로 가야해서 이만저만 불편한게 아니더라구요. 저한테는 너무 크기도 하고 그래서 올해는 자전거 꼭 구매하자 다짐했는데 드디어 샀네요! 역시 삼천리답게 디자인이며 튼튼한게 완전 맘에 들더라구요, 고를때 대략적인 키가 적어져 있어서 참고해서 구입했고 블랙이랑 화이트 고민하다가 오래무난하게 타려면 블랙이 좋을 듯해서 블랙으로 했어요. 첫 자전거라 그런지 애착도 많이가지만 너무예쁘고 만족스러워요. 날 풀리면 한강가서 라이딩할거에용ㅎ",5,1,부정
alal******,2020-06-05T06:54:45.000+00:00,자전거: 01.카라 / 컬러: 다크블루,이쁘고 차 트렁크에 딱 들어가서 좋아요ㅎㅎ 좀 많이 무거워서 넣을때 고생한거 빼고는 좋아요 ㅋㅋ 자전거 조율 받았더니 잘 나가네요~,4,1,부정
2180*****,2020-06-23T05:42:07.000+00:00,자전거: 01.카라 / 컬러: 다크블루,자전거 이쁘고 좋아요..딸이랑 같이 탈려고 샀답니다~^^,5,1,긍정
yhma****,2020-07-21T23:36:31.000+00:00,자전거: 03.화이트라벨 / 컬러: 화이트,좋아요 아주 좋아요 굿굿,5,1,긍정
kt****,2020-07-19T13:33:00.000+00:00,,접이 할때 균형이 잘 안 맞아서 자전거 들 때 고생 좀 했어요,4,1,긍정
chy8***,2020-07-19T12:40:57.000+00:00,자전거: 01.카라 / 컬러: 다크민트,접을  수 있어 좋고 아이가 좋아하네요,5,1,긍정
qqlw********,2020-06-10T12:36:19.000+00:00,자전거: 02.메이비 20 / 컬러: 민트,너무너무 마음에 들어요~ 가격대비 튼튼하고 좋은거 같아요 ㅎㅎ 자전거센터에가서 맞기는게 확실하겟지만 왠만해선 다 조립해와서 안가셔도 될거같아요 ㅎㅎ,5,1,부정
34yb***,2020-06-16T13:30:20.000+00:00,자전거: 02.메이비 20 / 컬러: 민트,"조립하는데 무척 뻑뻑해서 고생 했네요
레버 만질때 너무 뻑뻑해요ㅜㅜ
자전거는 이쁜데 성인 여자가 레버만져서 접고 들기에는 무리가있어요ㅠㅠ",4,1,긍정
tk****,2020-07-04T10:11:52.000+00:00,자전거: 01.카라 / 컬러: 다크블루,엄마가 좋아해서 기버여,5,1,긍정
ghfp*****,2020-07-10T03:11:36.000+00:00,자전거: 03.화이트라벨 / 컬러: 블랙,배송도 하루만에 오고 자전거에 문제가 약간있었지만 빠른처리 해주시고 감사합니다,5,1,긍정
envi****,2020-06-03T11:12:03.000+00:00,자전거: 01.카라 / 컬러: 다크블루,모양색깔이쁘고 초3 작을까과 고민하며샀는데 전혀 안작고 지금타기 딱좋아보여요. 단점이라면 너무 무거워요ㅜㅜ 넘어지거나 자전거쓰러질때 무게땜에 아이가 힘들어하네요.,4,1,부정
dw****,2020-06-26T02:54:09.000+00:00,자전거: 01.카라 / 컬러: 다크민트,"빠른배송  너무좋아요 
아이가  이쁘다고하네요",5,1,긍정
equs****,2020-07-13T08:03:26.000+00:00,자전거: 01.카라 / 컬러: 다크블루,"아직 집에가지못해서 자전거상태를 보지못했어요.
궁굼하네요 어떨지.",1,1,긍정
k011****,2020-06-20T20:54:11.000+00:00,자전거: 02.메이비 20 / 컬러: 라이트핑크,아이부터 어른까지 타기 좋습니다~ 공원가서 하루종일 신이나서 타네요~,5,1,긍정
suni********,2020-06-27T06:22:05.000+00:00,자전거: 03.화이트라벨 / 컬러: 화이트,"가격대비 넘 이뻐요
잠깐씩 타는거라 잘 타고 있어요",5,1,긍정
hbg5***,2020-06-09T07:46:44.000+00:00,자전거: 02.메이비 22 / 컬러: 라이트핑크,"적당하게 타고 다닐 접이식 자전거 찾았는데, 좋았어요~ 바퀴에 바람이 좀 빠져왔지만 조립은 나름 했고 자전거 대여하는곳에 잠시 들렀더니 그냥 바람넣어 주시고 좀 봐주시더라구요~ 잘타고있어요!",5,1,부정
wwwc****,2020-05-29T11:00:31.000+00:00,자전거: 02.메이비 20 / 컬러: 라이트핑크,"배송도 빠르고 굿 
그러나 보조바퀴 달기위해 나사풀다가 돌아가는줄 알았어요 ㅠ ㅠ 
자전거는 너무 마음에 들어요👍🏻👍🏻
다만 ... 다음에는 전문가의 손길을 거치도록 자전거샵갈래여 ㅠ",5,1,긍정
em****,2020-07-21T01:12:33.000+00:00,자전거: 01.카라 / 컬러: 다크민트,이이들이 너무 좋아합니다,5,1,긍정
rubi****,2020-07-16T10:19:06.000+00:00,자전거: 01.카라 / 컬러: 다크블루,가성비 좋습니다 아이가 좋아하네요,5,1,긍정
di****,2020-07-06T13:55:22.000+00:00,자전거: 01.카라 / 컬러: 다크블루,잘타고있어요 좋네요,5,1,부정
miye***,2020-06-23T12:50:55.000+00:00,자전거: 03.화이트라벨 / 컬러: 화이트,"가격대비 좋아요 
디자인도 이쁩니다",5,1,긍정
cy****,2020-06-12T05:09:12.000+00:00,자전거: 02.메이비 20 / 컬러: 라이트핑크,배송빠르고 무게는좀있지만 이쁘네요 매장서 맘에드는게없었는데ㅠ 이거는 이뻐요~,4,1,부정
vege****,2020-07-13T23:14:24.000+00:00,자전거: 02.메이비 20 / 컬러: 민트,너무 좋네요. 4학년짜리 딸도 잘타고 저도 같이 잘타고 있어요,5,1,긍정
h163****,2020-07-21T08:58:43.000+00:00,자전거: 02.메이비 20 / 컬러: 라이트핑크,정말 너무나 만족합니다,5,1,부정
team***,2020-06-29T09:10:17.000+00:00,자전거: 02.메이비 20 / 컬러: 민트,품질 디자인 가격 모두 좋습니다,5,1,긍정
rlad*******,2020-07-04T05:17:22.000+00:00,자전거: 01.카라 / 컬러: 다크블루,가볍고 좋습니다~~,5,1,부정
nt****,2020-06-28T14:20:30.000+00:00,자전거: 01.카라 / 컬러: 다크블루,"접이식이지만 튼튼하고, 디자인도 좋음.",5,1,부정
ween****,2020-07-03T02:00:48.000+00:00,자전거: 03.화이트라벨 / 컬러: 화이트,"완벽하게 조립이되어오지않는 불편함이있지만
가볍고 다니기 좋아서 기까운곳들은 재전거로 금방금방 다닙니다~~~너무조아",5,1,긍정
blue*******,2020-06-14T04:31:10.000+00:00,자전거: 01.카라 / 컬러: 다크민트,아빠가 다리가아프셔서 자전거운동을 시작하신다길래보내드렸어요 타기편하시다고 하시더라구요 잘쓰겠습니다 :),5,1,부정
jeeh****,2020-06-15T12:19:27.000+00:00,자전거: 01.카라 / 컬러: 다크블루,"두 개 조립하는 데 성인 남성이 1시간 조금 더 걸렸어요. 참고하세요. 
브레이크오일 좀 칠하고 바람도 넣어야 할 거 같아요.",5,1,부정
alst*****,2020-05-12T16:20:15.000+00:00,,"생각보다 빠른 배송에 일단 놀랐어요! 목요일에 시켰는데 토요일에 배송이 되어서 주말에 바로 탔네요~!! 타이밍 짱좋았습니다!!
이제 슬슬 날도 풀리고 코로나도 잠잠해지길래 한번씩 타려고 고민하다가 큰맘먹고 구매했어요. 근데 이태원 터져서..^^.. 하아...
 저 어릴 땐 예쁜 자전거 없었는데 요즘엔 정말 색상도 다양하게 나오더라구요. 민트랑 핑크 고민 많이하다가.. 핑크로 구매했는데 색상도 딱 마음에 들어요!! 빨리 이태원코로나도 잠잠해져서.. 다시 신나게 타고싶네요!!!!",5,1,부정
tbrl******,2020-06-18T16:30:26.000+00:00,자전거: 01.카라 / 컬러: 다크블루,색상도 크기도 너무 만족해요 출퇴근용으로 샀는데 괜찮네요 :),5,1,부정
suns******,2020-07-08T13:23:50.000+00:00,자전거: 01.카라 / 컬러: 다크민트,"9세 123센치 여아가 타려고 구매했어요
살짝 큰가? 싶었는데 실제로는 불편감없이 탈수있습니다",5,1,부정
yiso********,2020-05-14T07:11:44.000+00:00,,여자친구 생일선물로 사줬어요 요즘 코로나땜 어디 여행도 못간다고 슬퍼하던데 날씨도 좋아서 같이 자전거 타면서 여기저기 다녀보려구요! 되게 좋아하네요 삼천리 자전거라 오래오래 튼튼하게 잘 탈 수 있을 것 같고 견고해서 더 좋습니다. 핑크색으로 골랐는데 더더욱 좋아하니 선물해준 저도 좋네요 ㅎ 하얀색 안장덕분에 자전거가 더더욱 여성스러워보입니다. 바퀴색도 굿이에요!,5,1,부정
ch****,2020-06-17T02:47:12.000+00:00,자전거: 01.카라 / 컬러: 다크블루,"배송도 완전빠르고 조립은 남자 혼자 할수있어요
남편이랑 같이 타려고 구매했는데 너무 만족해요ㅎ",5,1,긍정
myli******,2020-07-18T00:55:01.000+00:00,자전거: 02.메이비 20 / 컬러: 민트,"깔끔하니 예쁘네요
아이가 좋아해요",5,1,긍정
focu***,2020-07-20T05:27:36.000+00:00,자전거: 01.카라 / 컬러: 다크블루,배송도빠르고 만족합니다,5,1,긍정
jaei******,2020-06-25T14:21:34.000+00:00,자전거: 01.카라 / 컬러: 다크블루,"예뻐요.
배송 빨라요.",5,1,부정
lsk0***,2020-07-17T12:32:13.000+00:00,자전거: 02.메이비 20 / 컬러: 민트,사진만큼 이뻐요 좋아요,5,1,긍정
h163****,2020-07-21T08:58:24.000+00:00,자전거: 02.메이비 20 / 컬러: 민트,정말 너무나 만족합니다.,5,1,부정
kosu********,2020-07-21T09:45:48.000+00:00,자전거: 01.카라 / 컬러: 다크블루,"좋아요
튼튼하고 잘타고있어요",5,1,긍정
suji*****,2020-06-06T08:58:37.000+00:00,자전거: 02.메이비 20 / 컬러: 라이트핑크,예뻐요 불량이와서 교환요청했는데 바로 새상품보내주셨어요 빠른처리 감사드립니다!,4,1,긍정
he****,2020-04-06T15:57:32.000+00:00,자전거: 01.카라 / 컬러: 다크블루 (4월 2일 발송),"배송은 조금 느렸어요. 하지만 판매자분께서 문자도 주셨고 주말에 탈 수 있도록 늦어도 토요일에는 받았으면 했는데 토요일 아침에 받아서 덕분에 주말에 즐겁게 타고 다녔네요. 

우선 조립은 간단합니다. 그래도 실수하거나 빠뜨리는 것 없이 안전하게 조립&amp;점검 하시고 나가는게 좋으니 유투브 동영상 한 두개 찾아서 보시고 조립하시면 쉽게 하실 수 있을 거에요.

저와 남편이 둘 다 각각 조립식 자전거를 구매했는데 저는 여기서 카라 20인치 미니벨로를 샀고, 남편은 휠사이즈가 큰 걸 사고 싶어해서 다른 사이트에서 삼천리 접이식 자전거를 샀는데, 받아보니 솔직히 제가 받은 자전거가 ... 훨씬 정성들여 포장 해 주신게 눈에 많이 띄더라고요. 
어디 흡집 안 나게 정말 꼼꼼하게 포장해서 보내주셨고요, 조립할 때 필요한 도구 두 가지 테이프로 묶어서 동봉 해 주셔서 바로 쉽게 할 수 있었어요. (남편 자전거 조립할 때 집에 있는 도구들 꺼내다 써서 당연히 그래야 할 줄 알고 다 꺼내놓고 조립 시작했는데, 이건 필요한 도구는 안에 다 들어있어서 좋았습니다. ^^)

안장, 핸들 높이 조절 간단하게 쉽게 할 수 있고요, 그래서 타면서 높이 조절해서 탔어요. 앞에 바구니는 쉽게 떼고 붙일 수 있게 그냥 걸어 놓고 판매자님께서 자전거 포장 해 주실 때 쓰신 검은색 찍찍이? 를 둘러서 대충 고정해 놓고 다녔는데 전혀 문제 없었습니다. 

기어 조절 잘 되고요, 안장 푹신하고요, 타기 좋아요. 정말 오랜만에 자전거 타는 거라서 솔직히 처음에 조금 긴장했는데 너무 신나게 탔네요. 

현관에 신발장이 깊이가 조금 있는 구조인데 자전거를 접으니까 현관에 보관이 가능하더라고요. 그래서 안 탈 때는 집안에 보관할 수 있으니 더 좋습니다.",5,1,긍정
ccy1***,2020-06-13T06:15:26.000+00:00,자전거: 02.메이비 20 / 컬러: 라이트핑크,배송빠르고 오프라인으로 여러군데 알아보고 인터넷으로 구입했네요~요즘 자전거는  참   예쁘네요^^,5,1,부정
sin0*****,2020-07-18T15:17:06.000+00:00,자전거: 02.메이비 20 / 컬러: 라이트핑크,디자인 색도 이쁘고 튼튼하네요,5,1,부정
wool*****,2020-06-02T07:57:33.000+00:00,자전거: 01.카라 / 컬러: 다크블루,"우선 빠른배송 마음애 들어요...처음에 조립할때 조금 헤매었어요 ㅠㅠ
바퀴 바람도 조금 빠진상태라 다시 넣었그요
자전거는 깔끔하니 마음에 들어요",5,1,부정
tear*****,2020-06-25T00:16:46.000+00:00,자전거: 02.메이비 22 / 컬러: 민트,뒷자리에 애들 태우고 다녀도 튼튼하게 잘 나가네요 좋아요.,5,1,긍정
clam****,2020-05-25T05:54:47.000+00:00,자전거: 02.메이비 22 / 컬러: 민트,자전거 디자인은 예쁜데 좀 많이무거워요..엄청 기대했는데 배송 왔을때 안장이 안와서 따로 받았네요..급해서 빠뜨린건진 모르겠지만 한번에 제대로된 배송이었음 만족도가 이렇게 낮진 않았을듯,2,1,부정
youn*******,2020-06-30T06:50:40.000+00:00,자전거: 01.카라 / 컬러: 다크블루,역시 빠르게 잘 받았어요~,5,1,긍정
go****,2020-06-16T14:32:32.000+00:00,자전거: 02.메이비 20 / 컬러: 라이트핑크,딸아이가 사달라고 해서 샀는데 딸아이보다 제가 더 많이 타고 있습니다. 아이와 같이 타도고장 없이 튼튼합니다.,5,1,긍정
ls****,2020-06-28T01:48:38.000+00:00,자전거: 02.메이비 20 / 컬러: 민트,"배송도 빠르고,  디자인도 좋고 가성비 짱이네요
딸이 많이 좋아합니다. 강력추천합니다.",5,1,긍정
rain****,2020-05-25T16:02:19.000+00:00,자전거: 01.카라 / 컬러: 다크블루,"배송이 빨랐어요.
알고 산거지만 무거워요.
퀄리티도 고급자전거에 비하면 많이 부족해요. 하지만 만족해요. 가격만큼의 성능과 구성이니까요. 양품 잘 왔어요. 고맙습니다.",5,1,부정
jr****,2020-06-17T08:40:06.000+00:00,자전거: 01.카라 / 컬러: 다크민트,배송이 완전 빠르네요! 무겁긴 한데 알고 산거니 괜찮아요~,5,1,부정
sper********,2020-06-30T04:00:30.000+00:00,자전거: 01.카라 / 컬러: 다크블루,조립 쉬웠고 잘 타집니다.,5,1,부정
mosa****,2020-06-16T03:54:48.000+00:00,자전거: 01.카라 / 컬러: 다크민트,"배송 빠르고 잘 포장되어 스크래치 없이 왔네요
조립도 거의되어 있어서 15분만에 조립 완성했어요",5,1,긍정
9str***,2020-06-23T13:40:16.000+00:00,자전거: 02.메이비 20 / 컬러: 라이트핑크,너무이뻐요~배송은하루만에 왔구요 생일날 도착해서 아이가너무좋아하네요~견고하니 가성비좋아요!,5,1,부정
inso******,2020-06-12T09:00:42.000+00:00,자전거: 02.메이비 20 / 컬러: 라이트핑크,"넘 예쁘고 좋아요.
3학년딸 생일선물로 주문했는데 대만족이예요",5,1,부정
star********,2020-07-15T09:18:41.000+00:00,자전거: 03.화이트라벨 / 컬러: 블랙,배송빠르고 친절해서 좋았러요,5,1,부정
romm****,2020-06-13T09:33:50.000+00:00,자전거: 01.카라 / 컬러: 다크블루,"초2 딸래미 새 자전거로 구입했어요~
특히 안장이 편하네요~안장 높이랑 손잡이 높이 조절하면 저랑 초6 언니도 같이 탈 수 있어요~~",5,1,긍정
whtj******,2020-06-11T09:13:50.000+00:00,자전거: 02.메이비 20 / 컬러: 라이트핑크,"초등2학년 여자아이 타려고
주문했구요~너무좋아합니다~~~
타사이트보다 저렴하게 구입해서 엄마도 좋네요^^",5,1,긍정
ahni****,2020-07-08T01:57:32.000+00:00,자전거: 02.메이비 20 / 컬러: 라이트핑크,10살 딸아이 동네에서 타고 다니라고 구매했어요 가성비 최고입니다 ^^,5,1,부정
gk****,2020-06-25T09:02:47.000+00:00,자전거: 01.카라 / 컬러: 다크민트,"아주 좋아요
예쁘고 아이가 좋아하네요",5,1,부정
cook****,2020-07-09T07:35:49.000+00:00,자전거: 01.카라 / 컬러: 다크블루,"아이가 너무 만족하네요 
감사합니다",5,1,부정
sang******,2020-06-20T03:41:25.000+00:00,자전거: 02.메이비 20 / 컬러: 라이트핑크,포장도 박스에 들어서 왔고  움직이지 않게 접히는 부붑은 모두 케이블타이로 고정시켜서 왔네요  그리고 각 부분별  까짐이 우례되는곳에 박스랑 스펀지같은게 덧대여 왔네요~별도의 조립설명서는 없었지만 핸들 안장  그리고 보조바퀴 결합 정도이니  조립시 어려운것은 없었네요,5,1,부정
tjdg****,2020-07-07T11:13:07.000+00:00,자전거: 01.카라 / 컬러: 다크블루,좋아요~~조립은 가능하나 근처 삼천리 매장에서 조율은 받는게 좋을곳 같아요~,5,1,부정
arti****,2020-07-05T13:20:39.000+00:00,자전거: 01.카라 / 컬러: 다크민트,"너무 무거워요
잘 안접어져요
제가 힘이 너무 없나봐요
그래도 가격대비 좋아요",3,1,부정
tk****,2020-07-11T04:23:18.000+00:00,자전거: 01.카라 / 컬러: 다크블루,아직타보지는않았는데 아이가골라서더좋아해요,5,1,부정
ymj7***,2020-07-04T22:01:38.000+00:00,자전거: 03.화이트라벨 / 컬러: 블랙,조립시에. 어려운 부분이. 잇엇는데. 우여곡절끝에. 잘. 조립해서. 쓰고는 잇지만. 처음에는 안되서. 반품을. 고려햇습니다,3,1,긍정
ttlz*******,2020-07-13T02:18:01.000+00:00,자전거: 01.카라 / 컬러: 다크민트,예뻐요 그런데 패달이 좀 빡빡하네요,4,1,부정
rlaq******,2020-06-22T18:53:27.000+00:00,자전거: 01.카라 / 컬러: 다크블루,좀 뮤겁긴하네요 그치만 기엽고 갠차나여,5,1,긍정
myas*****,2020-06-18T16:28:36.000+00:00,자전거: 01.카라 / 컬러: 다크블루,"키 160 여자에요~
너무 낮을까 걱정했는데
높이는 적당히 좋네요~",5,1,부정
6394****,2020-06-10T07:24:50.000+00:00,자전거: 01.카라 / 컬러: 다크블루,배송도 하루만에 도착하고 깔끔하고 조립도 무지 쉽네요..거기다 가성비도 굿입니다~,5,1,부정
funk*****,2020-06-24T02:11:16.000+00:00,자전거: 02.메이비 20 / 컬러: 라이트핑크,아이가 고르고 받아서 좋아해요,3,1,부정
kwk1***,2020-07-14T05:16:45.000+00:00,자전거: 03.화이트라벨 / 컬러: 화이트,배송도 빠르고 자전거가 샹각보다 더 이쁘네요,5,1,부정
dyna*****,2020-06-22T01:18:37.000+00:00,자전거: 01.카라 / 컬러: 다크블루,빠른 배송 좋았고 파손없이 배송되었어요 8살아이에게 크기 적당합니다 저렴하게 구입해서 좋아요 번창하셔용,5,1,긍정
chad***,2020-06-17T13:09:38.000+00:00,자전거: 01.카라 / 컬러: 다크민트,깔끔하게 배송됐어요. 바로 조립하고 탔네요. 너무 예뻐요~!!접기도 쉽더라구요.,5,1,부정
youb*******,2020-07-06T02:07:17.000+00:00,자전거: 01.카라 / 컬러: 다크블루,이동할때 접을수있다는게 장점이지만 무겁다는게 단점이긴하네요,5,1,긍정
jang*****,2020-06-15T01:10:57.000+00:00,자전거: 01.카라 / 컬러: 다크민트,"쓸만합니다 괜찮네요
애들이 좋아하네요 좋습니다",4,1,부정
junn*****,2020-06-24T11:41:38.000+00:00,자전거: 03.화이트라벨 / 컬러: 화이트,조립도 간편하고 이쁘네요,5,1,긍정
yooc******,2020-07-16T09:43:26.000+00:00,자전거: 01.카라 / 컬러: 다크블루,동생선물로 사줬는데 좋아해용,5,1,긍정
he****,2020-07-07T19:47:36.000+00:00,자전거: 01.카라 / 컬러: 다크블루,자전거는 좋은데 배송하신분이 그 크고 무거운 박스를 문앞에 떡하니 두고가서 안에서 문을 못열어  한참을 고생했네요.,5,1,긍정
hyuc********,2020-07-14T10:52:45.000+00:00,자전거: 02.메이비 20 / 컬러: 라이트핑크,"아주 만족합니다
아이가 아주 좋아합니다",5,1,부정
yesm***,2020-05-13T11:43:52.000+00:00,자전거: 01.카라 / 컬러: 다크블루,"받고서 동네 자전거 가게가서초립했어요. 이쁘네요. 접어서 차에도 잘 들어갑니다.
배송은 완전 실망이어서 4점이에요. 문자나 전화연락도 없이 옆동에 오배송해서  분실될뻔한걸 좋은 이웃분이 찾아주셨어요ㅜㅜ",4,1,부정
hide***,2020-06-11T20:13:50.000+00:00,자전거: 02.메이비 20 / 컬러: 라이트핑크,배송 빠르고 상품도 문제없이 잘 왔어요 생각보다 조립도 쉬웠어요,5,1,부정
choo*******,2020-07-21T03:34:01.000+00:00,자전거: 02.메이비 20 / 컬러: 민트,무거운거 빼면 굿이에요.,5,1,부정
refu******,2020-06-24T11:29:41.000+00:00,자전거: 02.메이비 20 / 컬러: 라이트핑크,제품도 좋아보이고 조립도 쉽게했네요. 오늘은 비가와서 못타봤는데 만족합니다. 아쉬운점은 조립방법을 간단한 그림이나 사진으로 해놓으면 좋을꺼같네요. 리뷰 조립된 사진보고 따라했어요,5,1,긍정
kim3***,2020-07-09T08:43:14.000+00:00,자전거: 02.메이비 20 / 컬러: 민트,좋아요 색상도 이쁘고 맘에들어요,4,1,부정
at90****,2020-06-04T01:51:50.000+00:00,자전거: 01.카라 / 컬러: 다크민트,네이비가 품절이라 민트로 했어요~오늘 타고 첫출근 해보니..새제품이라 살짝 뻑뻑한 느낌은 있으나 저렴하고 가볍게 타고다니기 좋아요~타보고 미세조율은 남편이 해줬는데 하고나니 훨~부드러워졌네요~,4,1,부정
sarr***,2020-07-10T12:05:12.000+00:00,자전거: 01.카라 / 컬러: 다크민트,이쁘고 조립도 간편하네요 아이가 잘타요,5,1,부정
ye****,2020-06-23T23:18:08.000+00:00,자전거: 01.카라 / 컬러: 다크블루,3일만에 도착 조잡하지않고 완전 만족합니다~,5,1,긍정
ban7***,2020-05-25T15:48:22.000+00:00,자전거: 02.메이비 22 / 컬러: 라이트핑크,"배송빠르게 잘받았어요 마실용이나 집근처공원에서 타려고 구입했어요 뭐 제대로 라이딩 다니는건 아니기때문에 예쁜디자인 컬러감 안전 등을 고려해서 선택했어요 실제받아보니 훨씬 더 맘에 드는제품이네요 접이식이라 차에 넣어서 갈수도 있고 집안에 보관할때도 공간차지많이안해서 맘에 들어여 자전거받고 계속 타고다녔는데 브레이크도 잘 잡히고 변속하는것도 생각보다 쉬워요 
기대이상으로 더 좋은제품이네여! 장바구니도 은근히 편해서 완전잘쓰고 있어요 가성비 최고, 디자인도 최고인 자전거네요^^",5,1,부정
dbsw********,2020-05-09T12:24:34.000+00:00,,"완전 편하고 좋아요! ㅋ
배송도 무진장 빨랐고 색도 제가 딱 좋아하는 색이라 기쁩니다!
삼천리자전거 원래 유명한 브랜드라 ㅎㅎ 품질은 의심이 하나도 안되구요! 자전거가 접이식인데 가격이 너무 좋은거 같습니다!
디테일 보시면 알겠지만! 엄청 견고하네요! ㅋ생각보다 많이 무겁지않고 트렁크에 넣기 딱좋아서! 요즘 나들이 많이가는데 ㅎㅎ 잘이용해볼려구해용! 넘재밌어요~자전거 ㅎㅎ 감사합니다^^",5,1,긍정
cjsd****,2020-07-15T10:53:40.000+00:00,자전거: 01.카라 / 컬러: 다크민트,"배송도 빠르고, 제품도 안전하게 도착 했습니다.",5,1,긍정
kent********,2020-06-03T11:45:38.000+00:00,자전거: 03.화이트라벨 / 컬러: 화이트,"색상 깔끔하고 이뻐요
다만 안장이 너무 딱딱해서 엉덩이가 넘 아파요ㅠㅠ
부부끼리 운동하려고 샀는데 잘 탈게요~",3,1,부정
gmla******,2020-06-04T06:40:33.000+00:00,자전거: 01.카라 / 컬러: 다크블루,어머니가 작은 자전거가 타고싶다고 하셔서 사드렸는데 정말 좋아하시네요 ㅎㅎ 가격대비 너무 좋은거같습니다 많이파세요~,5,1,부정
naka*****,2020-07-09T11:42:06.000+00:00,자전거: 01.카라 / 컬러: 다크블루,"좋아요^^  가성비 최고에
조립도쉬워요",5,1,부정
6ssi***,2020-07-12T01:06:04.000+00:00,자전거: 02.메이비 20 / 컬러: 라이트핑크,색이 이쁘고 자전거도 잘 동작되요,4,1,부정
jjol*******,2020-07-04T00:40:25.000+00:00,자전거: 02.메이비 20 / 컬러: 민트,유튜브로 동영상 보고 쉽게 조립 했어요. 아이가 자전거 이쁘다고 좋아 합니다.,5,1,긍정
jsun****,2020-05-24T15:39:05.000+00:00,자전거: 01.카라 / 컬러: 다크민트,"빠른배송 예쁜 디자인 간편한 조립으로 좋았어요^^ 
민트색이 이쁘고 좋아요~ 날이 좋아 자전거 타기 좋은데 빨리 배송 받아 좋았어요^^",5,1,부정
nice***,2020-06-17T12:45:24.000+00:00,자전거: 02.메이비 20 / 컬러: 민트,생각보다 사이즈가 크네요 딸냄잘타겠어요~색도화면그대로입니다~,5,1,부정
0609****,2020-07-06T23:00:35.000+00:00,자전거: 01.카라 / 컬러: 다크블루,딸아이가 너무 만족해 합니다. 삼천리라 믿을만 하구요..,5,1,긍정
wls_****,2020-07-13T00:55:05.000+00:00,자전거: 01.카라 / 컬러: 다크블루,배송도 빠르고 사진보다 더만족스럽네요,5,1,긍정
wawa***,2020-05-30T04:46:10.000+00:00,자전거: 02.메이비 20 / 컬러: 라이트핑크,"거의 완벽조립되어 와서 안장과 핸들만 조립하면되어서 편리했구요
140센티미터 초등학교 5학년 딸아이가 앉은 모습이네요
색상도 인터넷상의 사진색상과 같이 화사하고 예뻐요",5,1,부정
hong********,2020-07-18T01:36:15.000+00:00,자전거: 03.화이트라벨 / 컬러: 블랙,잘타고있음 이제두발 마스터,5,1,부정
tjst***,2020-06-12T13:39:48.000+00:00,,빠른 배송 감사합니다. 아이가 금방 배워서 잘 타고 있습니다!,4,1,부정
dusk***,2020-06-11T14:01:14.000+00:00,자전거: 01.카라 / 컬러: 다크블루,받자마자 조립했는데 한곳이 불량이였는데 눈에 잘 안띄어서 그냥 타기로하고 신랑이랑 딸이랑 동네한바퀴 타고왔는데 잘나가고 좋아요^^,4,1,긍정
tara*****,2020-05-30T23:53:48.000+00:00,자전거: 01.카라 / 컬러: 다크민트,민트색 색깔도 예쁘고 보조바퀴 다니까 안전하네요~ 동네에 수리점이 있어 타기 전에 조율도 했고요~ 건강하게 운동할 수 있을 것 같아요~ 잘 타겠습니다~^^,5,1,긍정
yahw*****,2020-06-08T12:40:09.000+00:00,자전거: 02.메이비 20 / 컬러: 민트,조립도 생각보다 쉬웠고 배송도 빨라서 조립하고 바로 나가서 딸아이 태웠네요~ 초3 인데 편하다고합니다~,5,1,부정
dpwl***,2020-07-05T13:54:16.000+00:00,자전거: 01.카라 / 컬러: 다크블루,"빠른배송~!! 꼼꼼한 포장~~!!!
좋은 품질 ㅎㅎ 마음에 드네요",5,1,부정
gnr1******,2020-05-22T02:16:46.000+00:00,자전거: 03.화이트라벨 / 컬러: 화이트,제가 출퇴근용으로 타고있어요~가격도 저렴하고 7단기어라 조절해서 쓰니까 힘안들이고 잘 나갑니다  조립도 간편하고 야외갈때 접어서 차에싣고가기도 편해요 안장은 조금 불편해서 타월한장깔고 묶었네요ㅎㅎ번창하세요~^^,5,1,부정
dmsf******,2020-05-25T22:42:54.000+00:00,자전거: 02.메이비 22 / 컬러: 라이트핑크,"일단 자전거는 너무 예쁘구요
저는 핑크색을 좋아해서 만족이었어요
자전거수리점에 맡겨서 조립했는데 2만5천원 들었어요
승차감좋고  힐링되는 운동 할수있을거같아욤",5,1,긍정
jewe***,2020-05-28T02:27:54.000+00:00,자전거: 03.화이트라벨 / 컬러: 블랙,"요즘 날씨도 계속 좋고 아직 코로나도 덜 끝나서 헬스장 가는것도 찝찝하고 차에 싣고 교외나가서도 타려고 접이식으로 구매했어요~자전거 받아보니 화면과 똑같이 예쁘고 튼튼하네요
접는 방법도 생각보다 간편하고 쉬워서 여자 혼자서 얼마든지 접었다 펼수있고 그리 무겁지 않아서 트렁크에 넣는것도 힘들지 않네요
자전거 오래 다면 엉덩이 엄청 아픈데 안장이 쿠션감도 좋고 물받이가 있어서 흙이나 빗물 튀는것도 어느 정도는 방지 될거 같아요~",5,1,부정
ksun***,2020-07-08T02:06:11.000+00:00,자전거: 01.카라 / 컬러: 다크블루,좋아요 매우만족합니댜,5,1,긍정
jind*****,2020-05-22T07:55:11.000+00:00,자전거: 01.카라 / 컬러: 다크민트,"2학년 남자아이 타기엔  너무 좋아요
 민트색이라  너무 산뜻하게  멋져요
아주 가볍고 포장상태도  좋았어요
배송도  2일만에 도착하였고
만족합니다~~",5,1,부정
kumt***,2020-06-05T01:45:59.000+00:00,자전거: 01.카라 / 컬러: 다크민트,색상 이쁘고 튼튼하네요. 조립하는데 조금 애먹었는데 아이가 무척 좋아하네요.,5,1,부정
jing*****,2020-05-26T11:17:51.000+00:00,자전거: 01.카라 / 컬러: 다크블루,배송도 빠르고 자전거 9살에게 잘  맞고 엄마랑 같이 타도 될만큼 적당하고 좋아요 색깔도 넘 이쁘네요^^,5,1,긍정
hyos******,2020-07-09T07:53:46.000+00:00,자전거: 02.메이비 20 / 컬러: 라이트핑크,배송도 빠르고 포장도 꼼꼼하고 좋아요.,5,1,부정
engl*******,2020-05-29T10:43:18.000+00:00,자전거: 03.화이트라벨 / 컬러: 블랙,큰자전거가있지만 맘처럼 잘 사용을안해서 처분하고 미니벨로를 구매했어요 자그맣고 접고펴기 좋아서 자리차지도안하고 정말 편하고 좋습니다. 혹시 미니벨로인데 접고펴는것이 여자힘으로 힘들까봐 걱정했는데 저같이 마른사람도 접고펴기가 정말 편하구요. 자전거가 일단 정말 예뻐요! 예쁜공원같은데 타고나가면 너무 좋아요! 아주만족스럽습니다. 요즘 미니벨로 데리고 어디가면좋을까 생각중이에요 ㅎㅎ,5,1,부정
0101****,2020-06-27T02:04:47.000+00:00,자전거: 01.카라 / 컬러: 다크민트,아이가 아주 좋아해요~~~,5,1,긍정
jhng****,2020-05-10T16:15:28.000+00:00,,운동도 할겸 자전거 구매 하려니 주위에서 다들 삼천리꺼 추천해 주네요. 그래서 구입 했는데 자전거 받아보니 진짜 넘 이뻐서 맘에 들어요. 접이식이래서 견고하지 않을까봐 좀 걱정했는데 접고 펴는 것도 여자가 하기에도 어렵지 않고 꽤 튼튼합니다. 날좋아 밖에 타고 나갔는데 다들 이쁘다고 했어요. 시트도 안정감 있고 패달도 잘 굴러 가네요. 차량 트렁크에 넣어서 다닐수 있어 이게 젤 큰 장점 같아요. 한동안 요 자전거 타는 재미에 빠져 있을거 같네요.,5,1,부정
ldh2***,2020-05-31T17:43:59.000+00:00,자전거: 03.화이트라벨 / 컬러: 블랙,생각보다는 큰데 생각보다 큰것일뿐 아주 좋습니다. 그리고 상담도 잘해주세요. 이거 타다가 좋으면 전기자전거도 한번 사보려고요,4,1,부정
ans7****,2020-05-16T02:20:14.000+00:00,자전거: 01.카라 / 컬러: 다크블루,"배송도 다음날 바로 왔습니다
색상도 너무 예쁘고 조립후 브레이크와 바퀴는 한번 더 점검하였습니다
조립 후 시승해보았는데 안정감있고 부드럽게 너무 잘 운전 되었어요 
무게감이 있어서 들기는 어렵긴하지만 그만큼 탈 때도 안정감은 있습니다
140 아이도 160  엄마도 잘 맞아서 같이 탈 수 있네요 높이 조절도 간단합니다",5,1,부정
heen*******,2020-05-26T13:43:51.000+00:00,자전거: 01.카라 / 컬러: 다크블루,자전거는 마음에 들어요.  그런데 자전거 바구니의 걸이부분이 비뚤하게 용접되어있어 자전거에 거치하니 비딱하게 거치되요.,4,1,부정
micr****,2020-06-22T20:56:44.000+00:00,자전거: 02.메이비 20 / 컬러: 라이트핑크,무겁긴 하지만 튼튼하고 이쁘네요,5,1,긍정
kutg***,2020-06-09T11:11:16.000+00:00,자전거: 01.카라 / 컬러: 다크블루,꽉 조이셔야해요 중간에 풀려서 아이 넘어져서 다쳤네요 ㅠ,4,1,긍정
yik0*****,2020-06-21T05:44:52.000+00:00,자전거: 03.화이트라벨 / 컬러: 화이트,엄청 험하게타도 튼튼하고 만족스럽네용,5,1,긍정
po****,2020-06-29T01:43:31.000+00:00,자전거: 01.카라 / 컬러: 다크블루,엄청잘타고있습니당ㅎㅎ,5,1,긍정
vn****,2020-06-02T12:56:27.000+00:00,자전거: 03.화이트라벨 / 컬러: 블랙,너무너무 마음에 들어요  색갈도 좋고  바람만넣어면 될거 같아요 자전거 잘 만들어줘서 감사합니다,5,1,부정
gusr********,2020-06-30T02:48:52.000+00:00,자전거: 02.메이비 22 / 컬러: 라이트핑크,코로나때문에사실외출이어렵지만 자전거는 한가한곳가서종종태워주고있어요 우선접이십이라가장좋네요,5,1,긍정
sa****,2020-05-08T12:06:01.000+00:00,자전거: 01.카라 / 컬러: 다크민트,"배송빠르구요
자전거 정말 이쁘고 좋네요^^
역시 삼천리~~
조립하는것도 많이 쉬워요
접이식이라 관리, 이동시 편하구요
아이가 너무 좋아해요
믿고 구매하세요
좋은상품 감사합니다!",5,1,부정
bob4***,2020-06-24T09:48:32.000+00:00,자전거: 01.카라 / 컬러: 다크블루,실물이 더 멋지네요! ^^,5,1,부정
gita******,2020-05-17T04:30:18.000+00:00,자전거: 01.카라 / 컬러: 다크블루,9살된 딸아이 주려 구입 했는데 저렴하니 완전 조으네요. 요즘 자전거 타느라 시간 가는줄 모르게요.색도 이쁘고 사이즈도 적당 합니다. 잘 탈께요^^~,5,1,부정
dhtk****,2020-07-15T05:33:13.000+00:00,자전거: 01.카라 / 컬러: 다크블루,조립도쉽고 만족햐요,5,1,부정
happ********,2020-05-08T16:51:04.000+00:00,자전거: 01.카라 / 컬러: 다크블루,"배송도 빠르고 
저렴한 가격에 잘 샀어요 
아이키가 125인데 
18로 하기엔 사이즈가 애매해서 20으로 구매했어요
잘 맞길 기대합니다 

새것 주문인데 보조바퀴의 스크레치가 좀 그렇지만..
아직 박스안에 있지만 
잘 조립해보려구요 
색도 너무 예쁘고 동네아이들 타는것과는 다르니 더 좋은거 같아요",4,1,긍정
enoc***,2020-06-24T13:30:26.000+00:00,자전거: 02.메이비 20 / 컬러: 라이트핑크,잘쓰고 있어요 튼튼하고 좋아요,5,1,부정
paja******,2020-07-14T22:36:11.000+00:00,자전거: 02.메이비 20 / 컬러: 라이트핑크,"조립을 따로 해야하고 좀 번거로웠어요,,",4,1,부정
beau******,2020-05-30T08:22:09.000+00:00,자전거: 01.카라 / 컬러: 다크민트,"배송빨랐구요.근처가서조립맡기니3만원달라고하시더라구요.
초등1학년이타기엔좀큰편이네요.
2학년이상부터적절할듯.
색상이쁘고만족해요",5,1,긍정
ekle*****,2020-06-10T23:04:49.000+00:00,자전거: 02.메이비 20 / 컬러: 민트,"받아보니 화면보다 더 예쁜자전거였네요^^
아이가 너무 좋아해요",5,1,부정
kims****,2020-07-12T07:14:26.000+00:00,자전거: 03.화이트라벨 / 컬러: 화이트,빠른배송 감사합니다,5,1,부정
kims****,2020-07-12T07:14:11.000+00:00,자전거: 01.카라 / 컬러: 다크블루,빠른배송 감사합니다,5,1,부정
jyp3***,2020-05-28T12:16:49.000+00:00,자전거: 02.메이비 22 / 컬러: 라이트핑크,"역시 자전거는 삼천리네요! 배송빠르게 잘 받았어요:) 
메이비 자전거 컬러는 라이트핑크로 구매했는데 색감 너무 이뻐서 완전 대만족이에요 구매하기전에 엄청 고민 많이했는데 미니벨로라 사이즈도 좋고 접이식 20인치 자전거 정말 이쁘네요! 안장도 안정적이여서 승차감도 좋아서 굿이에요~ 접거나 펼때도 쉽게 접이가 가능해서 굿굿 사이즈가 적당해서 트렁크에도 쏙 들어가네요 오래오래 잘 탈 수잇을거같아요",5,1,부정
gjm0***,2020-05-25T04:27:11.000+00:00,자전거: 01.카라 / 컬러: 다크블루,배송도 엄청빨랐구요 아이가 고른거라 너무만족해하네요 자전거점가서 조율받았더니 훨씬 잘나가네요 자전거 산김에 자전거실고 여행다녀왔네요,4,1,긍정
youn****,2020-06-26T13:55:22.000+00:00,자전거: 02.메이비 20 / 컬러: 라이트핑크,잘 쓰고 있어요 좋아요,5,1,긍정
aisi*****,2020-06-23T04:07:08.000+00:00,자전거: 01.카라 / 컬러: 다크블루,조립은 쉽지 않지만 좋아요,5,1,긍정
dewl****,2020-06-18T08:34:41.000+00:00,자전거: 01.카라 / 컬러: 다크민트,조립전이지만 아이가 너무 조아해요,5,1,긍정
xmoo***,2020-07-14T14:19:13.000+00:00,자전거: 01.카라 / 컬러: 다크민트,조립하기쉽고 좋네요,4,1,긍정
vick***,2020-05-08T10:04:26.000+00:00,자전거: 01.카라 / 컬러: 다크민트,"아들  어린이날 선물로 주문했어요 7세인데 누나따라 샀다고 해서 같이 주문했어요 빠른배송 넘 좋구요 조립 어떻게 하나 걱정했는데 유튜브 보면서 여자인 제가 혼자 할수 있을 만큼 쉬웠어요
색상도 넘 맘에들어요~실제가 훨씬 이쁘네요 보조바퀴 추가주문해서 같이 조립 했어요 지금은 조금 큰 느낌이 강한데 그래도 보조바퀴땜시 잘 타네요..
나중엔 안장 높이 올려서 어른인 제가 타도 될듯 해요",5,1,긍정
aral***,2020-05-25T06:25:47.000+00:00,자전거: 03.화이트라벨 / 컬러: 화이트,"요즘 엄마가 집에서 하도 심심해하셔서
장보러갈때 타시라구 선물로 사드렸어요!

자전거가 많이 크지않아 여자들이 타기 딱 좋은 사이즈인것 같아요.
색도 나쁘지않고 튼튼하니 아주 맘에들어요!

무엇보다 부품들이 견고해서 접이식인데도 불구하고
전혀 후들거리거나 하지 않아요!

완전 짱짱하고 안전하게 탈 수있을 것 같습니다~
안쓸때는 접어놓고 탕땐 가볍게 펼치구 진짜 편하고 대박 조아용! 

디자인이 예뻐서 타고다닐 맛 나신다네용 ㅎㅎ",5,1,부정
ss50******,2020-05-29T23:29:09.000+00:00,자전거: 01.카라 / 컬러: 다크블루,"디자인도 너무 깔끔하고 고급져보여요 
유투브 보고 집에서 자가로 조립했는데 
엄청 간단하네요^^ 고민없이 구매하세요 

참고로 163여자입니다. 안장 높이고 타면 충분히 편해요",5,1,부정
hood***,2020-06-27T10:00:35.000+00:00,자전거: 01.카라 / 컬러: 다크블루,튼튼하고 잘 나갑니다.,5,1,부정
rwlt***,2020-06-30T16:55:19.000+00:00,자전거: 01.카라 / 컬러: 다크블루,생각보다 좀 무겁긴하네요... 와서 조립하고 대리점가서 안전점검 받았습니다,4,1,부정
altj***,2020-06-15T09:54:15.000+00:00,자전거: 01.카라 / 컬러: 다크블루,조립 설명이 없어서 인테넛으로 찾아보고 판매자에 전화 봤어요. 애들한텐 좋은데 어른이한테는 조금 않은 것 같애요. 접었을대도 부피가 크고 엄청 무거워요. 차에 싫기 어렵습니다,3,1,부정
soma******,2020-06-26T03:37:36.000+00:00,자전거: 02.메이비 20 / 컬러: 민트,20인치 1학년 딸램 제일 낮게 안장이랑 핸들맞춰주니 잘 맞네요. 보조바퀴 다느라 고생했습니다. 타이어 바람도 넣어야해서 현장에서 사올껄 후회도..,5,1,긍정
jins***,2020-05-26T12:45:03.000+00:00,자전거: 03.화이트라벨 / 컬러: 화이트,포장 꼼꼼하게해서 도착했어요! 조립은 남자 혼자 하기에 생각보다 괜찮았어요 첨부터 아예 다 조립이 아니라서^^ 제대로 즐기기위해 집 근처 자전거집가서 조율 받아서 타봤는데 기아도 7단 변속 가능하고 제가 진짜 올만에 자전거 타기시작해서 거의 초보나 마찬가진데 제가 변속하기에도 무리없네요^^ 오르막 올라갈때 다른 자전거들 보다 덜 힘들어요. 확실히 삼천리 메이커값 제대로 입니다^^ 접이식이라 차 트렁크에도 실어져서 주말에는 대공원가서 저는 제 자전거 애들은 애들자전거타놀려구요 ㅋㅋ,5,1,부정
ktcs****,2020-05-15T15:50:13.000+00:00,자전거: 02.메이비 22 / 컬러: 라이트핑크,집 근처에 자전거 타고 다닐 곳이 많아여  액시타자니 너무 가깝고 걸어가자니 너무 멀고 ㅜㅜ 특히 도서관 갈 때 요긴하게 잘 타고다니고있어요 처음 자전거 받았을 땐 가까운 곳 위주로 다니다가 최근엔 약간 먼거리까지 도전해보고있어요 자전거도 안정적이고 컬러도 너무 예뻐서 완전 제스탈이예요 나중에 코로나 괜찮아지면 차에 실어서 조금 먼곳으로 라이딩 다녀와도 좋을 것 같아여 여자인 저도 다루기 쉽네요 ^^,5,1,부정
jyfa*****,2020-05-29T10:23:18.000+00:00,자전거: 03.화이트라벨 / 컬러: 화이트,"딱 제가원하던 자전거에요~! 작고예쁜자전거를원했는데 딱 제스타일자전거가 도착했더라구요. 크기가 아담해서 차에 넣어서 어디 길좋은데서 꺼내서 타기좋아요 미니벨로라서 접고 펴기 정말 수월해요 처음만 어렵지, 두세번째부터는 접고펴기 달인이되었답니다. 자전거가 예쁘니 매일 타고싶더라구요. 이제 날씨좋아져서 공원에서자주타려구요 제가 타는거보고 저희동생도 하나사고싶다해서 링크보내줬어요 ㅎㅎ",5,1,긍정
urus****,2020-06-14T04:53:22.000+00:00,자전거: 01.카라 / 컬러: 다크블루,전문가 도움 없이도 핸들하고 안장만 설치하면 끝~~ 가격과 품질 모두 만족합니다.,5,1,긍정
skag****,2020-07-08T11:45:28.000+00:00,자전거: 01.카라 / 컬러: 다크블루,부품 하나가 빠져서 왓습니다. 별도로 연락하겠습니다.,3,1,긍정
happ*******,2020-06-19T08:30:38.000+00:00,자전거: 02.메이비 20 / 컬러: 민트,7살이여서아직크지만잘타고색도이쁘네요~,4,1,긍정
yzad****,2020-06-15T00:25:43.000+00:00,자전거: 01.카라 / 컬러: 다크블루,빠른 배송에 아이가 너무 좋아합니다.,5,1,부정
kjyl*****,2020-06-10T14:17:54.000+00:00,자전거: 02.메이비 20 / 컬러: 민트,저렴한 가격 꼼꼼한 포장 좋았어요. 아이자전거치곤 무거운편이에요.,3,1,부정
panc*****,2020-05-31T15:07:41.000+00:00,자전거: 03.화이트라벨 / 컬러: 화이트,작년에 이사와서 여름에 힘들게 걸어다녔던 것을 생각하니까 앞이 깜깜하더라구요.. 운전도 못해서 뭘 사러 나가더라도 남편이 올 때까지 기다리고는 했는 데 아이 유치원 픽업하거나 마트에 갈 때 자주 이용하고 있어요 생각했던 것보다 훨씬 편하고 잘 나가서 너무 좋네요^^ 이제는 자전거 없이 밖에 못 나갈것 같아요~ 배송도 너무 깔끔하게 잘 해주셔서 저 혼자 간단하게 잘 쓰고 있습니다,5,1,부정
swee********,2020-05-22T07:25:36.000+00:00,자전거: 02.메이비 22 / 컬러: 라이트핑크,"조카 선물로 구입했어요~ 어린이날 선물로 꼭 자전거를 갖고싶다고 전화와서 애교를 부려서 안사준다고 했는데 서프라이즈 선물로 샀답니다. 조카가 지방에 사는데 이번주에 온다고 해서 바로 줄 생각이예요~!
일단 접이식이라 차로 이동하기에도 편할 것 같더라구요.
혹시 불량일지도 몰라서 제가 뜯어서 여기저기 살펴봤는데 결함인 곳은 다행이 없었어요.
접이식이라 혹시나 흔들리면 어쩌나 걱정했는데 마감이나 이음새가 잘 만들어져 있어서 조카 안심하고 탈 수 있을 것 같아요~!
색상도 너무 예쁘네요~",5,1,긍정
bana****,2020-06-17T01:53:30.000+00:00,자전거: 01.카라 / 컬러: 다크블루,아이가 좋아하네요~ 세련되어 보여요,4,1,긍정
nhj0****,2020-06-17T02:17:34.000+00:00,자전거: 01.카라 / 컬러: 다크블루,"완전튼튼하고 완전 무겁습니다
어른 어린이 쉽게 탈수있습니다 단 150정도부터가 적당할듯",5,1,긍정
msw9****,2020-07-07T05:46:47.000+00:00,,예뻐요~~잘 타고 다니고 있습니다,3,1,부정
yik0*****,2020-06-21T05:45:40.000+00:00,자전거: 03.화이트라벨 / 컬러: 블랙,험하게 타도 튼튼하고 좋아용,5,1,부정
post******,2020-07-18T02:22:13.000+00:00,자전거: 01.카라 / 컬러: 다크블루,생ㄱㄱ보다 ㅏ주맘에 ㄷㄹㅇ요~ 조립도 쉽습니다.,5,1,긍정
ssfa*****,2020-05-16T02:45:31.000+00:00,자전거: 02.메이비 22 / 컬러: 민트,초3여아 키 138 인데 메이비 20을 사고싶었으나 품절상태라 22구매했어요. 실물이 꽤 커서 놀랬습니다. 성인여성용자전거 느낌입니다. 그런데 안장과 핸들을 최대로 낮춰 조립한 후 아이가  앉아보니 다행히 땅에 발이 닿네요; 아직 타기 전이지만 아이가 만족해합니다. 디자인도 예쁘고 조립이 쉽네요. 끼우고 고정하면 끝이라는.. &hearts;,5,1,긍정
e2****,2020-05-26T11:12:18.000+00:00,자전거: 02.메이비 22 / 컬러: 민트,"원하던 자전거라서 마음에 들어요.
20인치는 너무 작고 22인치에 민트색상, 바퀴가 흰 자전거가 갖고 싶었거든요. 그 조건을 충족하는 자전거 찾기가 어려워서 겨우 산거라 기쁘네요. 상품 문의했을때 피드백도 매우 빨랐습니다. 
구매 후 안전사고 예방과 자전거 수명을 늘리는 방법등을 들으려고 조립비를 드리고 조립과 조율을 받았습니다. 접는 방법도 상세히 알려주시고 우리동네 삼천리 자전거 매장 직원분도 친절하고 좋았습니다. 번창하세요.",5,1,긍정
dahl****,2020-06-24T15:44:59.000+00:00,자전거: 02.메이비 20 / 컬러: 라이트핑크,너무 좋아요 너무 좋아오ㅡ,5,1,긍정
font***,2020-07-04T06:36:37.000+00:00,자전거: 01.카라 / 컬러: 다크블루,가성비 좋아요 가끔씩 짧은거리 탈만함,4,1,긍정
thgu******,2020-06-25T04:39:53.000+00:00,자전거: 01.카라 / 컬러: 다크민트,"성인 여자가 슬슬타고 동네 다니는데 좋아요.
장마지나고 가을빨리오면 좋겠어요. 튼튼하고 좋아용.",5,1,부정
zion****,2020-05-27T14:50:41.000+00:00,자전거: 03.화이트라벨 / 컬러: 화이트,"온라인으로도 자전거를 구입할 수있어서 편하고 좋았어요. 배송에 대한 걱정이 있었는데 안전하게 배송 잘 와서 괜한걱정했네요ㅎㅎ조립하는 것도 간단하게 할 수있어서 재미있었구요. 디자인도 너무 예뻐서 좋아요. 맨날 차만 타고 다니다가 자전거타니까 꽤 운동효과도 있어서 살빠지는것 같아 기분좋네요ㅎㅎ자전거 타면서 느껴지는 바람도 너무 좋고, 기름값도 절감되어서 좋구요. 튼튼해서 오랫동안 잘 타고 다닐수 있을것같아요!",5,1,부정
dbsw********,2020-05-24T03:19:21.000+00:00,자전거: 03.화이트라벨 / 컬러: 화이트,"조카생일선물로 주려고 구매했어요.  초등학생이 타기에는 조금 크지않을까 내심걱정했는데 다행히 잘맞고 생각보다  많이 무겁지 않네요. 화이트라서  더 깔끔한 느낌이고  조카가  너무예쁘다고 맘에든다고  그래서 저도  좋네요.  어제  나가서  같이  자전거  타봤는데   잘나가고  편해서  좋다고하네요.
접이식이라서 놀러갈때   가져갈수도있어서 실용적인것같아요. 만족해요  잘쓸게요^^",5,1,부정
dhtl*****,2020-07-10T05:20:47.000+00:00,자전거: 03.화이트라벨 / 컬러: 화이트,배송완전빠르고 조립도 쉬워요,5,1,긍정
baby******,2020-03-14T12:30:45.000+00:00,자전거: 01.카라 / 컬러: 다크블루,"배송빠르구요 자전거 사용한지 3주정도 된거 같은데요 올해 열살 138cm 큰딸 도착하자마자 한시간만에 보조바퀴 없이 타버리네요 신기방기^^♡
불안해 해서 안장은 최대한 낮췄어요^^;
어제 어디에 부디쳐서 앞바퀴 브레이크  잡아주는 플라스틱 부분이 깨져서 오늘 만오천원 정도? 주고 고쳤어요 교체하는데 20분정도 걸린거 같아요 저희동네 삼천리사장님께서 알아서 전체적으로 다 봐주시더라구요 인터넷에서 산건 그래야 된다고^^;  구매할때 알고있었는데 귀찮아서 안갔거든용 ㅋㅋ
첫후기는요 여자인 제가 들기엔 마니 무거웠어요ㅠㅜ 접을때도 요령이나 설명서가 없어서 자전거랑 싸울뻔했어요 ㅜㅠ 영상같은거 올려주심 좋을꺼 같아요 저는 너튜브에서 접는법 설치법 숙지후 사용했어요♡
저렴하게 잘산거 같아요♡아이도 신랑도 잘샀다고 칭찬해주네요 좋은제품 감사합니다♡ 둘째꺼도 재구매의사 백퍼센트♡♡",5,1,부정
nkm0***,2020-07-11T08:15:07.000+00:00,자전거: 01.카라 / 컬러: 다크블루,제품싸게 잘구입하였습니다~,5,1,부정
kany****,2020-05-28T06:03:36.000+00:00,자전거: 03.화이트라벨 / 컬러: 화이트,"8세 아이 탈려고 샀는데 아직 좀 크긴 하지만
보조바퀴 달아주니 곧 잘 타네요
배송도 빠르고 아주 만족합니다.
보조바퀴 품절이라 따로 샀어요
기다릴수 없어서.ㅎㅎ잘타겠습니다",4,1,부정
hatp****,2020-06-21T07:30:12.000+00:00,자전거: 02.메이비 20 / 컬러: 민트,사진설명대로 좋습니다,5,1,긍정
kwk8***,2020-05-31T03:23:17.000+00:00,자전거: 03.화이트라벨 / 컬러: 화이트,"커플로 검, 흰 사려다가 흰이 이뻐서 흰색 2개 샀네요. 저렴한 이유가 있어요(중국산) 여성이 타기엔 안장이 딱딱해서 바로 안장 바꿨네요. 동네마실용으로 막 타기는 좋은 것 같네요.",3,1,긍정
miyu******,2020-07-03T00:50:17.000+00:00,자전거: 02.메이비 20 / 컬러: 라이트핑크,아이가 좋아해요~ 빠른배송 굿,5,1,부정
ween****,2020-06-10T14:44:55.000+00:00,자전거: 03.화이트라벨 / 컬러: 화이트,"자전거가 가벼워서 다루기 편하고
가까운데 왔다갔다하니 넘 편하고 좋아요
자전거도 디자인 넘 이뻐요~~",5,1,부정
leew***,2020-06-30T03:23:56.000+00:00,자전거: 01.카라 / 컬러: 다크블루,저렴하고 동네 타고 다니기 좋을꺼 같네요 단점이라면 조금 무겁네요~,4,1,부정
yjja****,2020-06-24T15:33:06.000+00:00,자전거: 01.카라 / 컬러: 다크블루,"가성비 굿~~ 저렴한 가격에 사서 잘 탑니다!!
가볍게 운동하려고 샀는데 완전 만족해요",5,1,부정
eal2***,2020-07-08T14:14:56.000+00:00,자전거: 01.카라 / 컬러: 다크블루,구엽고 깜찍하고 무겁지도 않아서 좋아요 ~~,5,1,부정
cu****,2020-07-13T01:05:33.000+00:00,자전거: 01.카라 / 컬러: 다크블루,아이가 좋아하네요.,5,1,부정
staz***,2020-06-19T22:54:10.000+00:00,자전거: 02.메이비 20 / 컬러: 민트,"코로나로 매장마다 자전거가 귀하더라고요
 바로당일발송되어 다음날받앗어요
삼천리매장가서2만원주고 점검받았어요
매우만족합니다",5,1,부정
dbst*****,2020-05-17T05:53:27.000+00:00,자전거: 02.메이비 22 / 컬러: 라이트핑크,요즘 운동하려고 걷기도 많이하고 왠만한 거리는 자전거 타고 다니려고 구매했습니다! 삼천리 자전거 이니 기능이나 성능은 말할것도 없구요~ 컬러는 화이트랑 핑크중에 많이 고민했는데 핑크사길 잘했네요 이뻐요 엄청 ㅋㅋ 접이식이라 휴대하기도 좋아서 이번에 여행갈때 남자친구 차에 가뿐히 싣고 가서도 잘 탔어요^^ 여자가 들기엔 약간 무거울수 있는데 들고 다니는건 아니니까 충분해요~ 오피스텔에서 살고 있어서 접이식이 아니면 자리 정말 많이 차지 해서 살 엄두도 못냈을텐데 접으면 딱 작은 펜트리안에 들어가서 너무 좋습니다!,5,1,부정
whit******,2020-07-10T03:53:03.000+00:00,자전거: 02.메이비 20 / 컬러: 라이트핑크,접는게 편하고 애들용으로 적정합합니다,5,1,긍정
amc4***,2020-06-04T23:39:47.000+00:00,자전거: 02.메이비 22 / 컬러: 라이트핑크,"조립도 쉽고 이쁘고 16인치에서 22인치로 넘어왔는데.. 의자 최대한 낮추어 세팅해주니까 잘타네요. 굿!!!
참고로 딸 키는 136cm 입니다.",5,1,긍정
at****,2020-05-11T15:32:39.000+00:00,자전거: 01.카라 / 컬러: 다크블루,"배송 빠르고 자전거 상태 좋았습니다 생각보다 더 예쁘더라구요 바구니도 잘 어울리고 조립 마무리도 해보니 할만 했습니다 박스가 튼튼해 자전거 이상없이 배송되었어요
아이들이 너무 좋아합니다
어른인 제가 타도 잘 나가고 좋습니다 
추천합니다 접고 펴고도 잘 됩니다
미니밸로 잘 샀다는 생각이 듭니다",5,1,부정
adon*****,2020-06-30T16:08:55.000+00:00,자전거: 02.메이비 22 / 컬러: 라이트핑크,"잘 타고 있어요~
특히 접이식이라 차에 넣어서 가지고 다디면서 타고 있어요~",4,1,부정
shaz*****,2020-07-09T20:46:30.000+00:00,자전거: 03.화이트라벨 / 컬러: 블랙,튼튼하고 좋아요 마니 파세요,4,1,부정
love*******,2020-06-12T03:19:35.000+00:00,자전거: 01.카라 / 컬러: 다크민트,배송도 빠르고 상품도 좋네요 조립이 어려웠지만,5,1,부정
proj*******,2020-07-08T15:49:53.000+00:00,자전거: 03.화이트라벨 / 컬러: 화이트,"튼튼하고 품질, 디자인 모두 만족합니다.",4,1,부정
banb******,2020-06-17T06:20:15.000+00:00,자전거: 02.메이비 20 / 컬러: 민트,"조립하는데는 40분정도 걸린듯 합니다
브레이크 줄이 꼬여서 오래걸린듯",5,1,긍정
pk32***,2020-07-07T01:56:10.000+00:00,자전거: 02.메이비 20 / 컬러: 민트,배송도빠르고맘에들어요,3,1,부정
like********,2020-06-16T22:51:51.000+00:00,자전거: 01.카라 / 컬러: 다크블루,착용감이좋고사학년아이잘타네요,5,1,부정
ld****,2020-06-04T17:24:37.000+00:00,자전거: 02.메이비 20 / 컬러: 민트,"색상 예쁘고 접혀서 좋아요. 그랜저 LPG차량 트렁크엔 안 들어가서 ㅠㅠ 뒷자리에~ 자전거는
너무 예쁩니다",5,1,긍정
gean*****,2020-06-22T00:37:11.000+00:00,자전거: 01.카라 / 컬러: 다크민트,배송도 빨랐고 디자인도 예뻐요. 다만 배송박스 페달부분이 터져서 페달이 튀어나와 도착했어요.무거워서 질질 끌었는지 페달이 끌린 흔적이...--;,4,1,긍정
rain******,2020-05-24T11:52:29.000+00:00,자전거: 03.화이트라벨 / 컬러: 화이트,"요즘 자전거타기 너무 좋은 날씨라서 샀어요!
자전거 배운지 얼마 안되서 그동안은 따릉이 타면서 연습을 했는데 이제 좀 탈줄 알게 되니까 내 자전거가 갖고싶더라구요ㅎ 큰맘먹고 하나 구매했어요!
디자인도 너무 이쁘고 마음에 쏙 들어요!
역시 자전거 브랜드는 전통있는 브랜드인 삼천리 자전거죠ㅎㅎ 오래된 브랜드라 믿고 구매했어요.
접이식이니 보관할때 자리도 적게 차지하니까 좋으네요ㅎㅎ",5,1,긍정
ik****,2020-06-07T12:39:41.000+00:00,자전거: 01.카라 / 컬러: 다크민트,"빠른 배송과 조립하기가 너무 쉽고
애들이 좋아해요",5,1,긍정
any0***,2020-07-08T02:12:55.000+00:00,자전거: 02.메이비 20 / 컬러: 민트,조립도 쉽고 애가 너무 좋아 합니다.,5,1,긍정
tomo******,2020-07-31T08:19:33.000+00:00,자전거: 01.카라 / 컬러: 다크민트,배송도 빠르고 답변도 빠르고 좋습니다,5,1,부정
l425****,2020-07-09T01:03:13.000+00:00,자전거: 02.메이비 20 / 컬러: 라이트핑크,재입고 기다린만큼 엄청 잘타고있죠~~매일타요ㅋ,4,1,부정
syju****,2020-07-11T07:14:42.000+00:00,자전거: 01.카라 / 컬러: 다크블루,"튼튼하고,색상이 예뻐요~~",4,1,긍정
am****,2020-05-29T05:48:02.000+00:00,자전거: 02.메이비 22 / 컬러: 라이트핑크,"배송 빠르고 자전거도 좋습니다.
조립이 간단하긴 하지만 여성분 혼자서는 좀 어려울것 같습니다.
집사람이 조립을 시도했다가 포기해서 퇴근하고 핸들하고 의자 달아줬습니다. 접이식이지만 튼튼하기도 하고, 가격대비 매우 훌륭한 물건이네요.
살짝 아쉬운점은 바구니가 완전히 고정이 안되서 고무줄로 보강해줬습니다.
코로나때문에 다들 힘든 시기일텐데 판매자분 힘내시고 번창하시길 빕니다.",5,1,긍정
bo****,2020-05-23T04:20:58.000+00:00,자전거: 01.카라 / 컬러: 다크민트,"배송 빠르구요 이 자전거 실물로 보고 진짜 이뻐서 구매해야지 생각하다가 오프라인 대리점은 너무 비싸서 인터넷으로 구매했어요~
자전거라 인터넷으로 구매할지 말지 고민 많이 했는데 저렴하게 잘 구매한것같아요!!ㅎㅎ 진짜 사진보다 실물이 훨씬 이쁘구요
가격도 엄청 부담스러운 정도는 아니라 만족해요
이제 날씨 따뜻해지고 자전거 타기 좋은날씨라 매일매일 타려고 해요 
자전거 의자도 장시간 앉아있어도 엉덩이 아프지않고 바퀴도 튼튼해서 맘에 들어요 ^^!!",5,1,부정
love****,2020-07-10T12:24:22.000+00:00,자전거: 01.카라 / 컬러: 다크민트,배송도 빠르고 제품도 좋습니다,5,1,부정
ksh2***,2020-07-03T00:32:11.000+00:00,자전거: 03.화이트라벨 / 컬러: 블랙,배송도 빠르고 디자인도 너무 예쁘고 정말 만족합니다,5,1,긍정
5323*****,2020-06-04T12:49:22.000+00:00,자전거: 01.카라 / 컬러: 다크블루,"아들자전거를 인터넷으로 저렴하게 구매했네요, 접이식 자전거라 엘베이동이 효율적입니다.",5,1,부정
zzan***,2020-05-21T10:38:11.000+00:00,자전거: 01.카라 / 컬러: 다크민트,코로나로 집에만 있었더니 살이 넘 많이 쪄서 자전거로 운동하려고 구매했어요~ 디자인도 귀엽고 색상도 맘에 쏙 들어요!! 청소년이나 여성분들이 타기 딱 좋은 자전거 같아요~ 접이식이라 보관에도 부피가 덜차지해서 장기간 보관할때 유용할 듯 싶어요~! 배송도 빨랐고 기사님이 안전하게 배송해주셔서 잘 받았어요~ 간만에 자전거 타고 공원에 운동 갔더니 너무 상쾌하고 좋더라구요~ 바구니도 탈부착 가능해서 좋네여~ 앞으로 잘 탈게요~^^,5,1,긍정
dbdb***,2020-05-20T02:37:01.000+00:00,자전거: 02.메이비 20 / 컬러: 민트,디자인 예쁘네요. 가장 아래로 낮추니까 우리 아이에게 딱맞아요. 좀 무거운게 단점이네요.,4,1,긍정
ky****,2020-07-16T00:59:29.000+00:00,자전거: 02.메이비 20 / 컬러: 라이트핑크,만족합니다~~~~~,4,1,부정
elni****,2020-07-02T03:37:45.000+00:00,자전거: 01.카라 / 컬러: 다크블루,배송이 빠르네요. 디자인도 좋네요.,5,1,긍정
skek***,2020-06-28T21:31:54.000+00:00,,기어 잘 들어가고 사진에서 본거랑 같아요 좋은제춤 잘 받았네요,5,1,긍정
sams******,2020-05-22T11:34:25.000+00:00,자전거: 03.화이트라벨 / 컬러: 화이트,"우선 배송 빨라서 좋았고 포장도 안 흔들리게 잘 왔어요~
친척 동생 선물로 구매한건데 직접 같이 가서 볼 시간 없어서 인터넷으로 샀어요 그래서 걱정했는데 걱정 할 필요가 없없네요 ㅎ
제품 깔끔하게 잘 왔고 실제로 보니까 더 이쁘네요 !
탔을때 착용감도 좋고 잘 굴러가니 마음에 든다고 그러네요 ㅎㅎ
안장도 편하고 접이식이라 어디 갈때 차에 실리는게 제일 좋아요!
보관하기도 편리하고 만족합니다~",5,1,부정
aa****,2020-07-05T22:30:52.000+00:00,자전거: 01.카라 / 컬러: 다크민트,초등학교 3학년 여자아이인데 너무좋아하네요ㅎㅎ,5,1,긍정
nice*****,2020-07-11T00:48:03.000+00:00,자전거: 01.카라 / 컬러: 다크민트,애가 너무 좋아해요~,5,1,부정
sa****,2020-07-10T01:49:24.000+00:00,자전거: 01.카라 / 컬러: 다크블루,초등 딸이 아주 좋아해요~~,5,1,긍정
hsk0****,2020-06-17T10:36:27.000+00:00,자전거: 01.카라 / 컬러: 다크블루,"일단 국내 메이커라 그냥 중국산 보나 기대하고 구매했구요,,,하루만에 받았구요 상태는 괜찮아 보여요
성능은 더 타봐야 될거 같아요",3,1,긍정
dah0***,2020-06-21T03:25:59.000+00:00,자전거: 01.카라 / 컬러: 다크블루,접이식으로 사길 잘한듯,5,1,부정
ck****,2020-05-15T09:46:04.000+00:00,자전거: 01.카라 / 컬러: 다크민트,"아주 빠른 배송 감사합니다.
오자마자 바로 조립했구요. 전혀 셋팅 안되어있을줄 알았는데 그래도 브레이크 장력같은건 셋팅 되어있는거 같네요. 보조바퀴 추가해서 같이 달았구요. 아들녀석 탈꺼라 바구니는 안달았습니다. 봐서 뒤에 짐받이도 제거할까 고민해봐야겠네요. 조립용 간단 공구도 들어있네요.",5,1,부정
miny********,2020-05-26T08:15:06.000+00:00,자전거: 02.메이비 20 / 컬러: 민트,저랑 초1 아들이랑 둘이 타는데 134센티 아들도 탈수있게 높낮이 조절 되구요 바구니 때문에 소지품도 싣고 다닐수 있어 좋아요 그리고 색도 사진과 동일해서 이뻐요,3,1,긍정
kkh0***,2020-06-24T11:43:13.000+00:00,자전거: 01.카라 / 컬러: 다크민트,아이가 너무 기다리다가 오늘 왔는데.... 비가 오네요^^;; 바구니가 좀 허접한 느낌이 있지만 그래도 탈만한것 같아요~~,5,1,긍정
gphy****,2020-07-08T11:47:43.000+00:00,자전거: 02.메이비 22 / 컬러: 민트,아이가 더연습하면 혼자 잘탈것같아요 ㅎ,3,1,긍정
9com**********,2020-05-26T13:45:29.000+00:00,,아 드뎌 샀다 진짜 바구니 있는 자전거 완전 로망이었는데ㅠㅠ 요즘 시기에 겨우 구한 알바 진짜 뽑아준 것만도 감사해서 열심히 일하고 자전거 샀음ㅠㅠ 자전거 같은 큰 제품들 오프라인에서 안 사면 불안해지는 어쩌구가 있는데 너무나 다행히도 안전하게 잘 왔고 진짜 그냥 너무 예뻐ㅠㅠㅠ내 살다살다 자전거 하나 사고 이렇게 행복해질 거라고는 생각 못 해서 저녁마다 마스크 꼭 끼고 강변 달리는데 이렇게 행복할 수가 없음.. 자전거 일단 엄청 튼튼하고 안장도 금방 적응하면괜찮아질 것 같아서 아주아주 만족하는 중!!,5,1,긍정
hyes******,2020-06-10T04:58:22.000+00:00,자전거: 01.카라 / 컬러: 다크블루,딸아이가좋아해요.커서도충분히탈수있겠어요,5,1,긍정
youn****,2020-06-01T02:30:04.000+00:00,자전거: 01.카라 / 컬러: 다크블루,딸이 엄청 좋아하네요 브레이크 쪽 파츠가 깨졋으나 판매자가 잘 처리해주셔서 잘타고잇습니다,5,1,부정
kbk2****,2020-06-20T15:49:04.000+00:00,자전거: 01.카라 / 컬러: 다크블루,조립도 쉽고 좋아요^^,4,1,부정
sp****,2020-07-03T04:47:14.000+00:00,자전거: 01.카라 / 컬러: 다크민트,색상도 이쁘고 아이가 너무 좋아해요,5,1,부정
amar********,2020-06-15T08:43:58.000+00:00,자전거: 01.카라 / 컬러: 다크블루,아이가 너무 좋아했어요,5,1,긍정
skag****,2020-07-08T11:44:57.000+00:00,자전거: 01.카라 / 컬러: 다크민트,아이가 좋아합니다. 깔끔해요~,5,1,긍정
yong****,2020-07-01T12:17:57.000+00:00,자전거: 01.카라 / 컬러: 다크블루,"말이 필요없이 그냥 좋습니다~~
우리 아들이 엄청 좋아 합니다~~
감사 합니다~~",5,1,부정
bora****,2020-05-23T05:19:27.000+00:00,자전거: 03.화이트라벨 / 컬러: 화이트,"자전거로 가까운거리 운동삼아 다니려고 삿는데
접이식이라 보관이 용이하고
안장도 푹신해서 엉덩이 덜 아파요
색상이 빈티지틱해서 고급스럽네요
자전거타면서 살도빼고 체력도 키우고
일석이조인데 가격이 저렴해서 만족스러워요
동네에서 어디서삿냐고 하드라구요
요즘 오프라인매장이 많이없는데
인터넷으로 사서 집앞까지 배송해주구
파손없도록 포장도 잘되서 왓어요 좋아요",5,1,부정
kem1****,2020-05-26T04:43:05.000+00:00,자전거: 03.화이트라벨 / 컬러: 화이트,일단 완전 예뻐요~~ 차에 넣고 다닐 자전거를 보다가 결국에는 삼천리자전거가 가장 마음에 들었습니다. 디자인도 좋고 키에 따라 자전거 종류도 고를 수 있어서 마음에 들었구요 안장 높이는 물론 핸들 길이 조절 등 왠만한건 다 사용자에 맞게 맞출 수 있어서 좋습니다~ 혼자 하는 취미생활이 좋은 요즘에 차로 자전거타기 좋은 곳 가서 신나게 타고 다시 집으로 돌아오니 왜 이제 사게 됐나 싶습니다~,5,1,긍정
chem********,2020-07-03T05:15:51.000+00:00,자전거: 02.메이비 20 / 컬러: 민트,쇠로된 자전거라 많이 무겁지만 디자인은 괜찮아요,4,1,긍정
lily*****,2020-05-21T15:21:36.000+00:00,자전거: 03.화이트라벨 / 컬러: 화이트,"자전거를 갖고 싶었는데 구매 기회가 자꾸 없더라구요.. 특히 앞에 바구니있는 이쁜 자전거를 탐냈는데 이쁜 건 이쁜 것일뿐.. 실용적인걸 찾게 되네요. 이번에 선물로 사준다기에 냉큼 골랐어요!
그래도 같이 탈 예정이라 둘다 이용 가능한 키로 골랐어요!
동네에는 마땅히 탈 곳이 없기에 차로 이동해서 탈꺼에요~ 승용차 트렁크에 충분히 들어가네요! 접이식이라 공간도 여유있게 보관되고 조립이 어려울 줄 알았는데 상세설명 동영상에 다 나와 있기에 보고 뚝딱 했어요. 접이식인데도 굉장히 튼튼하고 안정감 있네요^^",5,1,긍정
ekwj*****,2020-06-03T12:48:58.000+00:00,자전거: 02.메이비 20 / 컬러: 민트,색상이 너무 예뻐요~조립도 30 분정도 아이들이 너무 좋아합니다,5,1,긍정
hanr***,2020-06-30T06:22:17.000+00:00,,이쁘고 조립도 편하내요 배송도 빠르고요,4,1,긍정
ya****,2020-06-27T10:10:42.000+00:00,자전거: 03.화이트라벨 / 컬러: 화이트,배송도 빠르고 좋아요. 신나게 자전거 잘 타고 있어요 ~^^,5,1,긍정
surf******,2020-06-05T10:55:21.000+00:00,자전거: 01.카라 / 컬러: 다크민트,"배송도 빠르고 자전거도 매우 마음에 들어요
잘 타겠습니다!",5,1,긍정
godd****,2020-05-28T06:52:06.000+00:00,자전거: 02.메이비 22 / 컬러: 라이트핑크,"3학년 딸이 자전거보고좋아하네요
20인치 사서 두발로배우려고 하는데 무섭다고 
보조바퀴까지 구매했답니다~~^^
 아직 조립중인데 사진 함 올려봅니다",5,1,긍정
dlwp****,2020-06-17T02:27:44.000+00:00,자전거: 02.메이비 20 / 컬러: 라이트핑크,예쁘고 조립도 간단하네요,5,1,부정
amab*******,2020-06-24T06:48:49.000+00:00,자전거: 01.카라 / 컬러: 다크블루,잘 타고 있어요~~,5,1,긍정
kc****,2020-07-02T12:45:15.000+00:00,자전거: 02.메이비 20 / 컬러: 라이트핑크,배송도 빠르고 이이가 너무 좋아해요,5,1,긍정
neom******,2020-06-28T02:07:42.000+00:00,자전거: 02.메이비 20 / 컬러: 라이트핑크,접이식이라 너무 간편하게 사용할수 있고 자전거가 너무 이뿌고 조아요,5,1,긍정
koko*****,2020-04-12T03:28:32.000+00:00,자전거: 03.화이트라벨 / 컬러: 블랙,"이동 중에 자전거가 잘 안 나가서 자세히보니 브레이크가 살짝씩 닿게 되어있었습니다. 조립을 대충 해 준거 같습니다. 그리고 무엇보다도 안장이 거의 쓰지도 못할 정도로 딱딱해 몇 분만 타도 엉덩이가 너무 아픕니다. 동네 삼천리자전거점에 가서 안장을 바꾸었습니다.  

추가: 가끔씩 동네 자전거 점에서 할인할 때도 있으니 참고하세요. 자전거점에서 구입하면 조립다 해주고, 시건장치, 물통거치대, 백라이트를 서비스로 주더라고요. 그리고 문제 생길시 편리한 AS! 가격차이와 서비스 부분을 비교해보고 결정하십시오. 

안장은 자전거점에 가서 2만 5천원 주고 새로 맞췄어요. 안장은 무조건 바꿔야합니다. 

개인 총평: 오프라인과 가격 많이 차이나면 여기서 사라! 브레이크 조절은 유튜브를 보면 쉽다. 기어도 엉망으로 조립되어 온다. 기어는 두 개의 볼트로 세팅가능하니 유튜브 보고 해라. 달려오는 설명서는 없는거나 마찬가지.",4,1,부정
tjwj****,2020-06-04T08:32:31.000+00:00,자전거: 01.카라 / 컬러: 다크민트,"좋습니다..엄청고민하고샀네요
두발자전거배우는딸아이사줬는데
약간무게는있지만..
색상도좋고맘에드네요
여자혼자조립하기도쉽네요
다만바퀴에바람이너무없어서
다시넣었네요
전체적으로맘에듭니다",5,1,긍정
kong*****,2020-06-03T07:44:47.000+00:00,자전거: 01.카라 / 컬러: 다크블루,아이가 타기엔 조금 무거운감은 있으나 그외는 좋네요~ 아이가 넘 좋아해요~,5,1,부정
jjs0***,2020-07-05T08:59:17.000+00:00,자전거: 03.화이트라벨 / 컬러: 화이트,가성비.너무 좋아요 ㅎㅎ,5,1,긍정
eodh****,2020-07-09T22:06:30.000+00:00,자전거: 03.화이트라벨 / 컬러: 블랙,너무 좋아요 상태!,5,1,긍정
gunp***,2020-05-14T05:06:06.000+00:00,자전거: 01.카라 / 컬러: 다크블루,"엄청나게 빠른 배송 감사합니다. 
브레이크 세팅도 쉽고 
조립하는거는 정말 쉽네요.
꼼꼼하고 섬세한 포장도 감사합니다.",5,1,부정
sukf***,2020-06-09T12:15:09.000+00:00,자전거: 02.메이비 20 / 컬러: 민트,배송도 빠르고 보이는 화면과 같아요 안장을 낮게해서 초2 아들 탈 수 있네요^^,5,1,긍정
qwas******,2020-06-17T05:50:04.000+00:00,자전거: 01.카라 / 컬러: 다크블루,자전거가 너무예뻐요,5,1,부정
dlfj****,2020-05-24T06:11:03.000+00:00,자전거: 03.화이트라벨 / 컬러: 블랙,출퇴근시 자전거로 해볼까 생각하다가 질러버렸네요ㅎㅎ 여러군데 알아보다가 삼천리자전거가 알아주잖아요~ 그래서 고민없이 바로구매해버렸네요 저는 색있는걸ㅇ로 살까하다가 금방질릴거같아 깔끔 한 블랙으로 샀는데 간지나고 예쁘네요 ㅎㅎ생각보다 자전거가 가벼워서좋아요 그리고 앞에 짐놓을수있는 바구니도 있고 브레이크 제동력도 탄탄하니 잘먹네요 출퇴근하면서 너무 잘타고있어요 만족해요^^,5,1,부정
syji***,2020-05-28T05:25:34.000+00:00,자전거: 03.화이트라벨 / 컬러: 화이트,이제 날도 좋고 운동도 할 겸 출퇴근용으로 구매했어요 회사에서 집까지 걸어서 한시간 반 걸리는데 자전거를 타고 다니면 더 나을 것 같더라고요 배송오자마자 자전거 타고 동네 한바퀴 돌았는데 잘나가고 디자인도 색도 모두 찰떡이라 귀여웠어요 또 접이식이라 공간도 크게 차지하지 않아서 보관도 쉬웠어요 보통 배란다 한켠을 크게 차지해서 불편했는데 너무 잘 산 것 같아요,5,1,긍정
kima********,2020-05-19T13:56:12.000+00:00,자전거: 03.화이트라벨 / 컬러: 화이트,"이제 슬슬 날도 좋아지고, 운동겸 출퇴근겸 해서 구매했습니다. 배송은 엄청 빨리 왔구요. 혹시나 인터넷으로 오프라인보다 저렴하게 구입했다고 허접한거나 또는 택배송 중에 고장 났을까봐서 노심초사 하고 있었는데 받고보니 괜한 걱정 한 것 같아요. 받자마자 한강 공원 가서 타보았는데 씽씽 잘 나갔어요ㅎㅎ 가성비 좋은 자전거입니다. 원래 삼천리 자전거 가성비 좋잖아요! 만족합니당. 감사합니다!",5,1,부정
rhwj*****,2020-06-10T15:18:43.000+00:00,자전거: 02.메이비 20 / 컬러: 민트,"색깔이쁘고 좋아요
타는동안 고장만 안나면 백점입니다",5,1,부정
vs****,2020-05-24T15:51:02.000+00:00,자전거: 01.카라 / 컬러: 다크민트,아이가 생일선물로 자전거를 사달라고 해서 구입했습니다. 상세페이지를 보긴 했지만 받았을때 다른 제품들이 많잖아요. 근데 이건 사진보다 더 이쁜게 와서 만족중입니다. 크기는 어린아이부터 성인 여성까지 타기 딱 좋은 것 같아요. 접었다 폈다가 가능해서 집안에 공간차지도 안해서 좋구요. 변속도 쉽고 브레이크도 좋은거로 되어있다고 해서 안심하고 구입했습니다. 이거 하나로 다 클때까지 사용했으면 좋겠어요.,5,1,부정
k625****,2020-06-06T03:42:39.000+00:00,자전거: 02.메이비 22 / 컬러: 민트,"아이가 잘 타고 다닙니다. 다만, 변속레버가 뻑뻑해서 아이힘으로 조작하기 쉽지 않네요",4,1,부정
smdo****,2020-06-15T05:08:42.000+00:00,자전거: 01.카라 / 컬러: 다크블루,너무 예쁘고 빨라져서 좋아요,5,1,부정
jins******,2020-07-07T07:06:38.000+00:00,자전거: 03.화이트라벨 / 컬러: 화이트,배송 빠르고 만족합니다.,5,1,긍정
sdjk******,2020-07-02T22:22:32.000+00:00,자전거: 01.카라 / 컬러: 다크민트,12살 키130 몸무게34 여자아이인데 사이즈딱맞게 잘 타네요,5,1,긍정
jane****,2020-06-01T06:33:10.000+00:00,자전거: 01.카라 / 컬러: 다크민트,"사진보다 실제받아보니 더 이쁘네요!!
좋은상품 보내주셔서 감사합니다.",5,1,부정
suha***,2020-06-06T15:08:46.000+00:00,자전거: 01.카라 / 컬러: 다크민트,"배송 만족
색상 만족
자전거 품질 만족

온라인에서 구매 하세요^^
찐찐찐🤟",5,1,부정
ssss*****,2020-06-28T13:23:09.000+00:00,자전거: 01.카라 / 컬러: 다크블루,"너무 예쁜 자전거가 왔네요..
아이도 엄마도 너무너무 만족합니다!",5,1,부정
cny1***,2020-05-24T03:10:17.000+00:00,자전거: 01.카라 / 컬러: 다크블루,코로나때문에 운동도못하고 집순이생활햇더니 확찐자가되어 더이상은안되겟어서 운동하려고 구매햇어요 기존자전거잇엇던건 접이식아니엇는데 녹도많이슬고 이참에 예쁘고 휴대좋은거 사야겟단생각에 남편이 골라줫네용 역시 화면과같이 색상디자인같구요 접이식 정말편하네요 자전거도 진짜 타기편하고 불편하면 잘안타게되는데 이거진짜 잘산거같아요 계단잇는집이라 휴대가좋아야되는데 여자혼자 접고피기넘좋네요,5,1,긍정
anna*****,2020-05-17T16:43:02.000+00:00,자전거: 03.화이트라벨 / 컬러: 화이트,"진짜 완전 예뻐요 ㅠㅠ  요즘 놀러도 못가고, 해외여행도 못가고 거리두기 하고 계시죠? 
마스크착용까지 너무 답답해서 혼자할 수 있는 취미활동이라도 만들어야겠더라고요! 
그래서 선택한 자전거! 일단 취미는 장비필수니까 자전거 구입부터했어요. 
무조건 접을 수 있어야하는 자전거가 필요했거든요. 안 접히는건 공간차지 많이하게 돼서 결국엔 손이 잘 안가게 돼더라고요~ 
초보자도 변속이 쉽고, 브레이크 제동력도 좋은게 마음에 쏙 들어요! 실물로 보니까 더 진짜 더 예뻐요, 꼭 사세요~!",5,1,긍정
m2****,2020-05-24T14:07:34.000+00:00,자전거: 01.카라 / 컬러: 다크민트,날도 따스하고 운동겸 집 주변에 생긴 자전거 둘레길을 본격적으로 달려보고자 거금 들여 구매 했어요. 디자인이 너무 예뻐서 바구니 달고 타고 다니면 손예진이라도 된 기분이 드네요. ㅎㅎ 아파트라 자전거 보관이 마땅치가 않은데 이게 접어지는거라 딱 접어 베란다 보관하면 되니 자리 차지도 많이 하지 않고 좋아요! 아직 자전거 초보라 특별한 기능 이런건 잘 모르고 타면 잘 나가네요! 긱분 좋은 느낌으로 열심히 달려야죠,5,1,부정
fish****,2020-06-27T03:43:14.000+00:00,자전거: 02.메이비 20 / 컬러: 라이트핑크,색상이 잘못와서 다시변경했네요. 다행히 신속히 해결해주셨음,4,1,긍정
jiwo******,2020-07-04T00:39:30.000+00:00,자전거: 01.카라 / 컬러: 다크민트,조금무게만 있지만 이쁘고 좋아요,5,1,부정
ghdn******,2020-07-06T02:44:01.000+00:00,자전거: 01.카라 / 컬러: 다크블루,"아이가 너무너무조아하고
기뻐해요",5,1,긍정
leex***,2020-05-28T10:48:52.000+00:00,자전거: 03.화이트라벨 / 컬러: 화이트,"디자인은 너무예쁘네요.근데 초등학교 4학년이 타기엔 적절하지 못한거 같아 4개줍니다.
성인이 타면 괜찮네요",4,1,부정
cy99****,2020-06-03T00:17:22.000+00:00,자전거: 02.메이비 20 / 컬러: 라이트핑크,디자인 이쁘구 은근 튼튼하네염 단거리일때 타기좋아용,5,1,부정
shk1***,2020-06-01T01:10:10.000+00:00,자전거: 03.화이트라벨 / 컬러: 화이트,저렴하면서도 이쁘고 좋아요,5,1,부정
skea********,2020-06-25T04:42:23.000+00:00,자전거: 03.화이트라벨 / 컬러: 블랙,질 받았습니다 배송 삐르고 좋네요 앞바퀴에 먼지가 묻어있어요,4,1,긍정
du****,2020-06-29T13:04:18.000+00:00,자전거: 02.메이비 20 / 컬러: 민트,자전거 이뻐요^^ 딸이 좋아하네요,5,1,부정
k_yo****,2020-05-20T09:49:16.000+00:00,자전거: 02.메이비 22 / 컬러: 라이트핑크,역시 아이템은 핑크가 진리 인거 같아요 핑칼라가 너무  이뻐요~~!! 배송도 빨리와서 멀리는 못가고 동네한바퀴돌아봤는데요 ㅎ 브레이크도 잘들어서 작동도 수월하고 안장도 막 딱딱하지않고 넓은 스프링이있어서 시승감 좋네요~ㅎ 오래 탈 수 있을꺼 같아요~ 게다가 접이식이다보니까 보관도 용이하고 자리 차지도 크지않아 좋네요 ㅎ 여행갈때 트렁크에 싣고 가야겠어요 ㅋㅋ 잘쓸께요~~^^,5,1,긍정
gjks****,2020-07-02T09:42:44.000+00:00,자전거: 01.카라 / 컬러: 다크민트,"조카가 아직 잘못타지만
이쁘고 튼튼합니다",4,1,부정
sqef****,2020-05-29T13:10:43.000+00:00,자전거: 03.화이트라벨 / 컬러: 화이트,접어지고 디자인도 아주 이쁜데 ㅠㅠ제가 자전거를 잘 못타서 그런가 운전이 어렵네요,4,1,부정
ta****,2020-06-29T00:18:36.000+00:00,자전거: 02.메이비 20 / 컬러: 라이트핑크,"무게감이 있어 아쉽지만
아이가 너무 좋아합니다^^",5,1,부정
ks****,2020-05-28T14:37:18.000+00:00,자전거: 02.메이비 22 / 컬러: 라이트핑크,가성비는 좋음 배송 겁나 빠름 아이도 좋아함,4,1,긍정
jjkk*****,2020-05-21T07:53:18.000+00:00,자전거: 01.카라 / 컬러: 다크민트,아이가 자전거를 너무 타고싶어해 구입했어요 ㅎㅎ 처음엔 걱정이되서 안사주려고 했는데 친구들이 탄다고 자기도 타고싶다고 얼마나 보채는지 남편이랑 상의해서 구매했어요!ㅎㅎ 자전거 오자마자 얼마나 좋아하는지 신나서 나가자고 졸라~다행이 코로나가 약간은 주춤한거같아 아이랑 공원다녀왔는데 아이가 너무좋아하네요 아주신나게 여기저기 고 다니더라구요 ㅎㅎ처음타는거라 걱정했는데 초보자도 손쉽게 변속이 가능해 어렵지않게 탈수있어 좋은거같아요!ㅎㅎ 너무 만족해요!,5,1,부정
ty20****,2020-05-20T13:45:25.000+00:00,자전거: 01.카라 / 컬러: 다크블루,배송빠르고 꼼꼼한 포장으로 제품이 파손없이 잘 도착했네요. 키가 작아서 항상 자전거 고를때 안장과 페달 거리 비교하면서 사는데 사용키나 이런 설명이 잘되어있어 쉽게 골랐어요^^ 조립이 어렵지 않아 쉽게 했습니다. 색도 은은하게 예쁘고 안장도 넓어서 자전거에 앉았을때 편하네요. 접을 수있어 보관하기 좋고 장바구니가 달려있어 물건 담기도 좋네요. 앞으로도 좋은 제품 많이 파세요,5,1,긍정
kih6***,2020-05-16T15:20:27.000+00:00,자전거: 03.화이트라벨 / 컬러: 화이트,"큰자전거 사기에는 보관이 문제라서 접이식 자전거 검색하다가 자전거는 역시 삼천리지 하고 결정하게 됐습니다.
워낙에 자전거를 좋아했던지라 배송 엄청 기다렸는데 빨리 배송해주셔서 감사했어요. 디자인도 예쁘고 성능도 좋아요. 접거나 펴기도 생각보다 쉽구요. 핸들 높이 조절 기능 있어서 제몸에 딱 맞춰서 쓸수 있으니 것도 맘에 드네요. 전체적으로 다 맘에 들어요. 집앞에 체육공원에서 타는데 어찌나 신나던지 ㅎㅎ 잘 타고 다닐게요!",5,1,부정
jang****,2020-06-03T10:02:40.000+00:00,자전거: 02.메이비 20 / 컬러: 민트,좋아요. 집 밖에 이동할때 사용할 수 있어 편리합니다^^,5,1,긍정
pks1***,2020-06-15T13:17:23.000+00:00,자전거: 01.카라 / 컬러: 다크블루,와이프가 자전거 잘배우고 잘탈거같습니다!,5,1,긍정
ysy5***,2020-07-07T05:52:07.000+00:00,자전거: 03.화이트라벨 / 컬러: 화이트,사진과 그대로네요~  좋습니다,3,1,부정
love****,2020-05-25T01:36:30.000+00:00,자전거: 01.카라 / 컬러: 다크블루,배송은 완전 빨랐구요~ 핸들 넣는곳이 삐뚤게 되있어서 힘들어서 문의했는데 친절하게 답변해주셔서 감사했습니다~,5,1,긍정
bb****,2020-07-07T12:04:21.000+00:00,자전거: 02.메이비 22 / 컬러: 민트,가성비 아주 좋네요^^,5,1,긍정
leeh******,2020-05-20T04:22:06.000+00:00,자전거: 01.카라 / 컬러: 다크블루,아들이 너무좋아하네요 색상두너무예쁘고 배송도 진짜빨라서 좋았어요..좋운상품 감사합니다,5,1,긍정
soap****,2020-06-03T09:37:58.000+00:00,자전거: 01.카라 / 컬러: 다크블루,자전거 배송도 빨리 오고 포장 제품상태 문제없었습니다 조립 유투브보면서 하면 간단하고 갠춘합니다!,5,1,부정
sun8*****,2020-06-11T03:12:44.000+00:00,자전거: 01.카라 / 컬러: 다크블루,디자인 괜찮고 168성인여성이 타기에도 괜찮아요,5,1,부정
joa6***,2020-07-03T00:51:04.000+00:00,자전거: 03.화이트라벨 / 컬러: 블랙,가격대비 만족합니다~ 감사합니다,5,1,부정
hong********,2020-05-27T03:47:01.000+00:00,자전거: 03.화이트라벨 / 컬러: 블랙,"핸들조립할때 조금힘들었는데 가성비 좋네요.
큰아들이 좋아하네요.
오늘 타러간다네요.",5,1,부정
th****,2020-07-05T12:56:40.000+00:00,자전거: 03.화이트라벨 / 컬러: 화이트,빠르게 잘 받았습니다,5,1,부정
phil*****,2020-06-25T18:58:35.000+00:00,자전거: 01.카라 / 컬러: 다크블루,일단 하자 없이 빠르게 도착했구요~ 아들이 넘 좋아하네요^^,5,1,부정
swee********,2020-05-14T05:33:54.000+00:00,자전거: 02.메이비 22 / 컬러: 라이트핑크,"어린이날 선물로 자전거 사줄려고 온라인 오프라인매장 다 가봤는데 가격대비 제일 좋은것 같아서 주문했어요.
여자아이라 핑크자전거 갖고 싶다 했는데 색도 예쁘고 흙받이에 바구니까지 딱입니다.",5,1,긍정
java***,2020-06-20T11:57:40.000+00:00,자전거: 01.카라 / 컬러: 다크블루,차체더가볍고 핸들도 가볍게돌아가네요 조립도어렵디않고 좋습니다.,5,1,부정
myun****,2020-05-31T01:56:34.000+00:00,자전거: 01.카라 / 컬러: 다크블루,130센티 아이 잘타요. 어른도 탈 수 있고 접을수 있어 실용적이네요. 색상도 안질리는 색상이라 맘에 들어요,5,1,부정
dkwm********,2020-07-08T06:42:21.000+00:00,자전거: 01.카라 / 컬러: 다크민트,배송이 빨랐어요...,5,1,부정
y0****,2020-05-22T00:05:59.000+00:00,자전거: 03.화이트라벨 / 컬러: 화이트,"조카 선물로 구매했어요 ㅎㅎ
여자아이 탈꺼라서 화이트 컬러주문했는데 깔끔하니 이쁘네요
여자 혼자 조립하기도 쉬워요 ㅎㅎ
조카랑 아파트 단지 한번 같이 돌았는데 아직은 혼자 잘 못타지만
뒤에서 어느 정도 밀어주면 페달은 잘 굴리네요 ㅎㅎ
초등학생이 타기 딱 좋은 사이즈인것 같아요 ㅎㅎ
이모 역할 자전거로 제대로 한거 같네요 ㅎㅎ 뿌듯합니다
배송도 진짜 빠르고 포장도 꼼꼼하게 배송왔어요 ^ㅇ^",5,1,긍정
jiyo******,2020-06-07T05:04:37.000+00:00,자전거: 01.카라 / 컬러: 다크블루,"판매자님도 친절하시고 좋았어요..
근데 생각보다 많이 작아요 ㅎㅎ
키가 164인데.. 다음에 큰거 구입해야겟어요..
동네마실용으로 이용하려구여 ㅎㅎ",5,1,부정
9303****,2020-06-19T03:41:18.000+00:00,자전거: 02.메이비 20 / 컬러: 민트,색깔차이가 있어요!!,5,1,긍정
wb****,2020-06-06T12:19:56.000+00:00,자전거: 01.카라 / 컬러: 다크블루,"약간 애매,, ㅜ 나쁘진 않아료",4,1,긍정
kkae****,2020-06-09T01:42:55.000+00:00,자전거: 02.메이비 22 / 컬러: 라이트핑크 (4월 2일 발송),이쁘고 좋아요 접이식이라 싣고다니기도좋아요,4,1,부정
skim****,2020-04-28T05:43:02.000+00:00,자전거: 03.화이트라벨 / 컬러: 화이트,배송은 엄청 빨리 왔습니다. 조립하는데 조금 헤매긴 했어도 쉽게 했네요...ㅋ 동영상 보믄서...ㅋㅋㅋ 바퀴 바람은 쫌 빠져 있어서 단골 카센타에 가서 바로 넣었어요..ㅋ 딱 몸통 부분만 접어서 넣으니 차 트렁크에 딱~!!입니다. 차량 K3입니다..ㅋ 가격대비 완죤 대박~!! 너므으~ 좋아요~ㅎ,5,1,부정
kj****,2020-07-03T02:00:36.000+00:00,자전거: 01.카라 / 컬러: 다크블루,조립하기 쉬웠고 아이도 좋아하네요.~:),5,1,긍정
heyy*******,2020-05-29T04:22:59.000+00:00,자전거: 02.메이비 22 / 컬러: 라이트핑크,거의 조립되서 와서 안장이랑 손잡이 연결만 하면됩니다. 손잡이 넣으실때 나사를 최대한 풀어줘야 쏙 들어갑니다. 무게는 생각보다 무겁긴 하지만 접어서 차에 충분히 들어가서 좋고 접이식치고 바퀴가 커서 안정감있게 탈 수 있어요. 핑크색이 약간 살구색이라 이쁘고 탈 때 안정감 있고 좋습니다.,4,1,긍정
dlfj****,2020-06-27T17:33:09.000+00:00,자전거: 03.화이트라벨 / 컬러: 블랙,좋아요 추천 합니다 잘쓰는중,5,1,부정
nsy7***,2020-05-26T12:55:39.000+00:00,자전거: 02.메이비 22 / 컬러: 민트,배송도 빠르고 민트색도 예뻐요. 키 130cm인 딸아이에게 약간 큰듯 하지만 그래도 잘 타고 다니네요 만족합니다.,5,1,부정
hoya******,2020-05-25T15:05:16.000+00:00,자전거: 02.메이비 22 / 컬러: 민트,배송빠르고 제품튼튼하고 예뻐요^^완전만족합니다,5,1,긍정
jy****,2020-05-22T03:56:32.000+00:00,자전거: 01.카라 / 컬러: 다크민트,색도 예쁘고 자전거도 좋아요.  아이가 엄청 좋아하네요.  성인 여성까지 탈수 있어서 좋습니다,5,1,부정
toy4***,2020-07-04T05:24:36.000+00:00,자전거: 01.카라 / 컬러: 다크블루,"잘쓰고있어요
저렴하게 잘구매했어요",5,1,긍정
shin****,2020-06-04T05:45:59.000+00:00,자전거: 02.메이비 20 / 컬러: 라이트핑크,자전거가 생각보다 좀 무거운데 전체적으로 마음에 들어요~,5,1,부정
laur****,2020-05-20T14:29:09.000+00:00,자전거: 01.카라 / 컬러: 다크블루,요즘 자전거 타기 좋은 날씨 잖아요 집근처에 자전거 가게가 없어서 아이 자전거 알아보다가 구입했어요 자전거 인터넷 구입은 처음이라서 걱정했는대요 흠집 파손 없이 포장도 꼼꼼하게 해주셔서 자전거 잘 도착했어요 화면과 똑같고 실물이 더 예쁘네요 접이식이라서 현관 입구에 자리 차지도 않고 차에 실을 수 있어서 좋아요 튼튼하고 안정감도 있고 아이도 잘 타고 다녀서 잘 구입했어요,5,1,부정
secr*****,2020-06-04T11:45:33.000+00:00,자전거: 01.카라 / 컬러: 다크블루,"디자인이 멋져요
138딸이 타기에 괜찮아요
166엄마도 같이 탈 수 있었어요~^^",5,1,긍정
bg****,2020-06-22T00:17:15.000+00:00,자전거: 02.메이비 20 / 컬러: 민트,"색상도 너무예쁘고 빠른배송도 감사드립니다~
딸이 엄청 좋아하네요.",5,1,긍정
sara*****,2020-05-19T01:05:07.000+00:00,자전거: 01.카라 / 컬러: 다크블루,"실물이랑 똑같네여
자전거 안장도 푹신하고 안정감 있습니다!
접이식이라 보관하기 쉬울거 같아요
조립 제가 하려고ㅠ하는데 잘 .. 할수 있을거 같긴합니다. 튼튼한 포장 감사해요!",4,1,부정
wooa***,2020-06-12T05:41:34.000+00:00,자전거: 01.카라 / 컬러: 다크블루,배송도 빠르고 만족합니다,5,1,부정
wwwk*****,2020-06-27T00:44:13.000+00:00,자전거: 01.카라 / 컬러: 다크블루,아이가 좋아하네요. 만족학니다,5,1,긍정
alsw*****,2020-05-26T10:38:04.000+00:00,자전거: 02.메이비 22 / 컬러: 민트,크기도 딱 맞구 색깔도 너무예뻐요 핸들조립은 쉬운데 안장조립이 조금 힘들긴한데 어찌저찌 해냈어요 포장뜯는게관건..ㅋㅋㅋ,5,1,긍정
ghdl****,2020-06-24T03:00:52.000+00:00,자전거: 03.화이트라벨 / 컬러: 화이트,"좋아요 배송도 빠르고 조립도 쉽고
잘탈께요",4,1,부정
jo96*****,2020-05-12T06:27:41.000+00:00,자전거: 01.카라 / 컬러: 다크민트,접이식도부피가크네요  바구니가찌그러져왔네요 박스안에같이있으면 찌그러질수밖에없겠구나싶어서 그냥 망치로 폈어요  핸들끼우고 간단했지만 설명이없으니 어떤게정답인지잘모르겠음,4,1,긍정
youb*******,2020-06-12T03:39:16.000+00:00,자전거: 01.카라 / 컬러: 다크블루,딸이 너무 좋아하네요..^^,5,1,부정
plus******,2020-06-30T08:14:40.000+00:00,자전거: 01.카라 / 컬러: 다크블루,좋아 마이 좋아    좋음   딸래미  좋아함,5,1,부정
tlad********,2020-05-20T14:10:38.000+00:00,자전거: 03.화이트라벨 / 컬러: 화이트,"요즘 자전거에 재미 들려서 찾아보다가 구매했어요~
자전거를 잘 탈줄몰르는데 7단 그립시프트 변속시스템으로 초보자도 쉽게 변속 가능하고
안전에 제일 중요한 브레이크도 제동력이 좋은 v-브레이크를 장착했대요 ㅎㅎ
안장 높이도 혼자서 쉽게 바꿀 수 있어요~
그리고 접을수도 있어서 보관할때 자리차지도 많이 안되고 
그 덕에 분실 걱정없이 신발장에 보관할수 있었어요 ㅎㅎ
디자인도 이쁘고 깔끔해서 너무 맘에 들어요",5,1,긍정
mcjm****,2020-07-02T07:43:45.000+00:00,자전거: 02.메이비 20 / 컬러: 라이트핑크,어머니가 타시고는 괜찮다고 하시네요,5,1,부정
arli******,2020-07-03T00:28:53.000+00:00,자전거: 01.카라 / 컬러: 다크블루,저렴하고 좋은 것 같아요.,4,1,긍정
dlag***,2020-06-08T00:42:05.000+00:00,자전거: 01.카라 / 컬러: 다크민트,빠른배송 조립도 그리어렵지않고 좋으네여,5,1,긍정
yosu*****,2020-06-04T11:29:43.000+00:00,자전거: 01.카라 / 컬러: 다크민트,"배송 빠르고 조립도 잘해셨네요
안전하게 잘 도착했어요",5,1,부정
sol7****,2020-06-16T01:40:26.000+00:00,자전거: 01.카라 / 컬러: 다크민트,아이가 좋아하는데 성인여자가 타기엔 바퀴가 좀 작아보이네요. 168까지 탈 수 있다 되어 있는데,4,1,긍정
cs****,2020-06-04T22:04:14.000+00:00,자전거: 02.메이비 20 / 컬러: 라이트핑크,색깔이 너무 이뻐요. 딸이 엄청 좋아 합니다,5,1,긍정
is-l*****,2020-06-24T03:39:40.000+00:00,자전거: 01.카라 / 컬러: 다크블루,"자전거 너무 편하고 좋아요
주변에서 사고 싶어하며 부러워하는 시선이 넘 뜨거워요 ㅋㅋ",5,1,부정
itos****,2020-06-14T04:56:51.000+00:00,자전거: 02.메이비 20 / 컬러: 라이트핑크,실물이 더 예쁘네요. 애가 긴 방학동안 살 좀 쪘는데. 자전거 배우면서 빼고 있어 만족도도 높습니다.,5,1,긍정
tmdd******,2020-05-15T13:40:06.000+00:00,자전거: 02.메이비 22 / 컬러: 라이트핑크,"받자마자 색상이 베이비핑크?같은 화사한 색상이라 살때도 맘에들었는데 실물 색상도 엄청 마음에 들어서 기분 좋았어요~배송도 빠르고 무사히 잘 도착했어요!!
키가 큰 편이 아니라서 항상 자전거는 높아서 걱저했었는데 딱 적당한 높이의 안장이라 좋아요~
집앞에 자전거 도로도 있고 산책로도 있어서 요즘 처럼 시원한 날씨에는 자전거가 딱이네요!
승용차 트렁크에도 쏙 들어가서 나들이가서 타기에도 좋을 것 같아요ㅎㅎ",5,1,부정
ggom*****,2020-06-05T01:13:03.000+00:00,자전거: 01.카라 / 컬러: 다크블루,무거운편이에요. 그래도 예쁘고 아이가 잘 타네요.,5,1,긍정
unam***,2020-05-27T13:13:35.000+00:00,자전거: 01.카라 / 컬러: 다크블루,집에서 유투브보고 조립한다음 자전거 수리점가서 조율 받았어요 아이가 좋아합니다,4,1,부정
kim3***,2020-06-07T01:03:07.000+00:00,자전거: 02.메이비 20 / 컬러: 민트,딸이 아주 좋아하네요 감사합니다.,4,1,부정
hpy7****,2020-06-26T09:43:10.000+00:00,자전거: 01.카라 / 컬러: 다크민트,좋아요~~  가격대비 만족입니다ㅔ,5,1,부정
os****,2020-05-28T23:21:34.000+00:00,자전거: 01.카라 / 컬러: 다크블루,무거운 감이있긴 하지만 만족합니디,3,1,긍정
chal*****,2020-06-18T09:31:19.000+00:00,자전거: 01.카라 / 컬러: 다크민트,와이프한테 딱 맞는 자전거입니다~ 하지만 같이 온 철제 바구니가 찌그러졌고 뽀족하게 튀어 나와있네요..,5,1,긍정
naya****,2020-05-30T14:45:50.000+00:00,자전거: 01.카라 / 컬러: 다크블루,아이가 좋아해요~ 색도 예쁘고 튼튼하네요.,5,1,긍정
4424********,2020-06-14T07:59:24.000+00:00,자전거: 02.메이비 20 / 컬러: 라이트핑크,도색 부분불량 있어요,3,1,부정
wo****,2020-05-17T15:17:23.000+00:00,자전거: 01.카라 / 컬러: 다크민트,"아이 자전거를 사주려고 이것저것 봤는데 역시 삼천리 자전거가 가장 믿음이가서 선택했어요
저도 어릴때 삼천리 자전거 탔는데 정말 튼튼해서 오래탔던 기억이 있어서요
주변에서도 아이자전거는 삼천리 많이 추천 하더라구요
디자인도 너무 세련되어서 아이도 맘에든다고 하네요
색상도 사진과 동일하게 쌈빡하니 예쁘네요
너무 예뻐서 제가 타고싶네요
조립하기도 편하게 되어있고 가격도 만족스럽네요",5,1,부정
ld****,2020-06-04T17:23:07.000+00:00,자전거: 01.카라 / 컬러: 다크블루,배송 굿~!! 조립은 샵에 가져가서 했어요~,5,1,부정
nono****,2020-07-03T04:50:03.000+00:00,자전거: 01.카라 / 컬러: 다크블루,아이들 타기 좋네요 ㅎ,4,1,긍정
hyun****,2020-05-15T01:31:51.000+00:00,자전거: 01.카라 / 컬러: 다크민트,"날이 많이 풀려서 출퇴근용으로 자전거 구매했어요!!
배송 꼼꼼하게 해주셔서 넘 좋아요~ 삼천리 자전거가 워낙 유명해서 어릴때도 안전하게 잘 탔던 기었이 있는데 요즘에도 잘 나와서 바로 구매했어요. 접이식이라서 안정감 없을까봐 걱정되기도 했는데 견고하고 튼튼해서 맘에 들어요~~ 다크민트 색상도 넘 예뻐서 탈때마다 자랑하는 기분이에요! 출근해서 자전거 주차장에 놓는데 이게 젤 예뻐서 흐뭇합니다.",5,1,긍정
wl****,2020-06-23T02:38:55.000+00:00,자전거: 01.카라 / 컬러: 다크민트,"조금 무게가 있지만 튼튼하고 좋아요
조립도 간편합니다",4,1,긍정
leed***,2020-06-04T06:16:32.000+00:00,자전거: 01.카라 / 컬러: 다크블루,차에는 잘드러가는데 어른이 타기에는 좀힘드네요,5,1,긍정
yoos****,2020-05-26T17:45:58.000+00:00,자전거: 03.화이트라벨 / 컬러: 화이트,발이 닿아야 자전거를 탈수 있어요 겁이 많아서 그런거 같아요 엉덩이가 베기는게 없고 편하네요 옛날에 타보고 요즘꺼 처음 타보는데 자전거가 날라요 왜이렇게 가볍고 잘 나가죠? 패달 밟는게 너무 편하고 무릎에 무리가 없어요 부드럽게 잘 나가고 브레이크도 잘 잡히고 자전거 기능이 여러가지가 있어 하나하나 익히며 배워야겠어요 기본적인거는 알겠고 가격에 비해 기능이며 성능이며 훌륭하네요,5,1,부정
hkm9***,2020-06-28T00:47:35.000+00:00,자전거: 03.화이트라벨 / 컬러: 블랙,조립도 간단하고 자전거도 만족 합나다.,5,1,긍정
rain****,2020-05-17T09:15:15.000+00:00,,요즘 운동 해야할 필요를 느껴 재밌고 즐겁게 할수 있는 자전거를 타야겠다 싶어 구매했어요 접이식 자전거라 자리차지도 많이 안해서 자전거 두는 장소가 협소한 저한테 딱이더라구요 그리고 키작은 저도 편하게 탈수 있는 사이즈에 높낮이 조절도 되서 정말 좋더라구요 디자인도 이쁘고 성능도 좋아서 정말 좋아요 자전거 오랫만에 타는데 편하게 잘 타고 다닐 수 있어 완전 마음에 들어요,5,1,긍정
shsh********,2020-06-29T01:36:57.000+00:00,자전거: 03.화이트라벨 / 컬러: 블랙,잘받았습니다.감사합니다.,5,2,부정
shsh********,2020-06-29T01:36:50.000+00:00,자전거: 02.메이비 20 / 컬러: 라이트핑크,잘받았습니다.감사합니다.,5,1,부정
aero********,2020-06-05T08:07:24.000+00:00,자전거: 02.메이비 20 / 컬러: 민트,"초2여아 선물인데 좋아합니다
22인치 샀으면 힘들어 했을뻔이요",5,1,부정
juli*****,2020-06-09T14:00:01.000+00:00,자전거: 02.메이비 20 / 컬러: 라이트핑크,색깔도 이쁘고한데 무거워도 너무 무거워요,3,1,긍정
hyuc********,2020-06-05T07:35:07.000+00:00,자전거: 02.메이비 20 / 컬러: 라이트핑크,"조립하기 전까지는  6살 여자 아이가 타기 큰 것 처럼
보였는데 막상 조립하니  125cm아이가 타기에
괜찮아 보이네욮",5,1,부정
zend***,2020-06-07T05:58:57.000+00:00,자전거: 01.카라 / 컬러: 다크블루,"조립도 비교적 간단하고
아이가 좋아 합니다.",3,1,부정
ep****,2020-06-27T14:20:20.000+00:00,자전거: 02.메이비 20 / 컬러: 민트,조립이 쉽고 튼튼해보이네요~,4,1,긍정
wjdc******,2020-06-09T06:36:21.000+00:00,자전거: 02.메이비 20 / 컬러: 라이트핑크,꼼꼼하게 온거같아요 피곤해서 계속 미류게되는...,4,1,부정
powe******,2020-06-01T01:37:19.000+00:00,자전거: 03.화이트라벨 / 컬러: 블랙,"배송도 빠르고 공기압도 다 맞춰져있어서 조립하기 쉽습니다.
무게감이 좋고 브레이크도 잘 드네요
아쉬운건 사용설명서가 있으면 좋았겠는데 처음에 반으로 안접혀서 고생좀 했네요 
감사합니다.",5,1,부정
kmch***,2020-06-16T02:18:09.000+00:00,자전거: 01.카라 / 컬러: 다크블루,배송 정확하고 하자없는 제품받았네요 딸아이가 너무 좋아합니다.,5,1,부정
mani******,2020-05-20T15:57:23.000+00:00,자전거: 01.카라 / 컬러: 다크블루,매번 자전거 물려타던 저희 아들 첫 새 자전거라 한참을 둘러보며 구매하였는데 무척 만족스럽네요 색상도 예쁘지만 페달이나 손잡이도 부드럽게 잘 움직여서 더욱 좋아요 거기다 접이식이라 집안에 보관할 수 있어서 도난 위험도 없으니 최고에요ㅎ 저희 아들 한동안 나가지 못한 스트레스 아파트 자전거 트렉에서 신나게 자전거 타며 날려버릴 수 있게되서 좋다고 하며 바로 자전거 끌고 나갔답니다ㅎ,5,1,부정
ho****,2020-05-27T04:55:52.000+00:00,자전거: 03.화이트라벨 / 컬러: 화이트,꼼꼼하고 빠른 배송 만족합니다. 성인이 타기에도 좋아요. 추천!,5,1,긍정
di****,2020-06-04T02:13:14.000+00:00,자전거: 02.메이비 20 / 컬러: 민트,좋아요 생각보다 무거워요,4,1,긍정
ab****,2020-05-28T07:51:54.000+00:00,자전거: 02.메이비 22 / 컬러: 라이트핑크,"조립도쉽고 디자인도 너무 이쁘고
딸이 무척 좋아하네요
8세 자전거 강추입니다",5,1,부정
psyc*****,2020-06-26T04:47:28.000+00:00,자전거: 02.메이비 22 / 컬러: 민트,아이가 자전거 타는걸 좋아하네요!!,5,1,긍정
alum***,2020-05-13T10:24:20.000+00:00,자전거: 01.카라 / 컬러: 다크블루,"조립이 쉽네요. 생각보다 무겁지만 그런대로좋습니다.
자전거집에서 조율은 받아야할 듯 합니다.
앞바퀴 브레이크 패드가 바퀴에 닿는부분이 있어 ㅈ느율이 필요할듯요.",4,1,부정
rmh2***,2020-03-30T00:17:32.000+00:00,,자전거 타는건 엄청 좋아라 하는데 개인소장으로 구매하는건 첨이라서 한참 고민했었어요~ 쉽게 편하게 탈수있고 안정감있는걸 젤 우선으로 했는데 요게 딱인것 같더라구요! 일단 변속기어나 안장도 초보자들에게 딱 맞춰 잘 나온것 같구요. 특히 안장이 되게 편했어요. 높이조절도 가능하구요~ 현관입구가 그리 넓은편이 아니어서 보관도 살짝 고민이었는데 이건 접이식이라 보관도 너무 편하더라구요. 도착하자마자 가까운곳에서 시운전 해봤는데 너무 맘에들어요^^ 컬러도 완전 봄봄해서 딸램이가 엄청 탐내내요 ㅎㅎ 삼천리 자전거인데 저렴하게 잘 산것 같아요!,5,1,부정
alex***,2020-06-08T06:06:49.000+00:00,자전거: 02.메이비 20 / 컬러: 민트,배송속도 품질 모두만족합니다,5,1,긍정
lej1***,2020-05-31T13:40:45.000+00:00,자전거: 02.메이비 22 / 컬러: 민트,색감도 너무 예쁘고 아이들터기 적당합니다,5,1,긍정
irok*****,2020-05-16T22:56:00.000+00:00,자전거: 01.카라 / 컬러: 다크민트,"배송도 빠르고, 스크래치 없이 도착 했어요~~
완성된  제품이라 조립이 간편하네요
초등1학년 아이가 너무 좋아 하네요~~^",5,1,부정
ysy1******,2020-05-23T03:35:18.000+00:00,자전거: 03.화이트라벨 / 컬러: 블랙,자전시거가 생각보다 예쁩니다. 다만 상품설명서는 있는데 조립에 대한 설명서가 없어서 조금 헤맸네요.,5,1,긍정
koko*******,2020-05-27T04:03:41.000+00:00,자전거: 01.카라 / 컬러: 다크민트,"아들 주려고 구매했어요~
예전 끌고다니는 자전거도 삼천리였는데 확실히 튼튼하고 오래 쓰더라고요
지금은 둘째가 타고있고~
이번자전거도 오빠잘타고 둘째 물려주려고 색상도 무난한걸로 하고~
접이식이라 확실히 보관도 편하고 아이가 탈때도 편하게 탈수 있어서 매우 만족합니다!
이래서 삼천리 삼천리 하나봅니다.
매일 탄다고해서 좀 힘들긴하지만~잘태워서 혼자 탈수있게 연습 좀 열심히 시키려고요",5,1,부정
hico***,2020-06-03T08:02:37.000+00:00,,포장도 잘해주시고 아이가 참 좋아합니다,5,1,긍정
qksk*******,2020-06-11T08:37:40.000+00:00,자전거: 02.메이비 20 / 컬러: 라이트핑크,조립이 생각보다 어려유ㅓ요,5,1,부정
scsm****,2020-06-23T23:47:18.000+00:00,자전거: 01.카라 / 컬러: 다크블루,"예쁘게 생겼네요
우리딸도 좋아하구요",5,1,긍정
park*******,2020-05-22T01:28:32.000+00:00,자전거: 03.화이트라벨 / 컬러: 블랙,"엄마가 취미용으로 자전거 배우고 싶다고 해서 이번 어버이날 선물로 해드렸어요 제동력이 좋은 v 브레이크를 장착하여 
자전거를 안전감있게 탈 수 있어요! 또한 자전거를 접거나 펼수있다는 점 여성도 쉽게 할 수 있어요 ^^ ㅎ
저는 블랙색상으로 주문했습니다. ㅎ 너무 이뻐서 저도 개별적으로 한개 구입하고 싶어지네요 
자전거하면은 삼천리 자전거가 유명하잖아요 그만큼 튼튼하고, 오래 탈 수 있을 것 같아요 감사합니다.  ㅎ",5,1,부정
lsj2*******,2020-07-03T01:33:13.000+00:00,자전거: 01.카라 / 컬러: 다크민트,깔끔한 디자인 굿!!,5,1,부정
slov***,2020-06-03T07:58:56.000+00:00,자전거: 01.카라 / 컬러: 다크블루,배송도 빨랐고 튼튼하고 기스없이 잘왔어요~!,5,1,부정
suji********,2020-06-25T10:23:15.000+00:00,자전거: 03.화이트라벨 / 컬러: 블랙,약간 무겁기는 하나 가격대비 좋아요~^^,4,1,부정
tnsr***,2020-06-16T13:20:51.000+00:00,자전거: 01.카라 / 컬러: 다크민트,"조금 무겁지만
가격대비 좋아요. 접이식이라 더 좋습니다.",5,1,긍정
ymh9***,2020-06-25T06:49:54.000+00:00,자전거: 01.카라 / 컬러: 다크블루,"배달이 총알입니다
그러나 장마네요ㅠ",4,1,부정
dust****,2020-06-23T15:05:44.000+00:00,자전거: 02.메이비 22 / 컬러: 라이트핑크,색깔도 너무 예쁘고 초등학생이타기편리하고 좋아요,5,1,부정
hs****,2020-06-26T06:26:18.000+00:00,,빠른 배송 자전거 너무 맘에 듭니다...^^,5,1,긍정
budw****,2020-05-24T00:47:50.000+00:00,자전거: 01.카라 / 컬러: 다크블루,"딸아이가 너무 좋아하네요
둘째가 샘나는지 자기도 사달라고 하네요
많이 파세요",5,1,긍정
da****,2020-06-01T04:44:34.000+00:00,자전거: 01.카라 / 컬러: 다크민트,사진하고 같아요..9세 아이가 타기에 좋아요,5,1,긍정
bo****,2020-06-22T09:08:51.000+00:00,자전거: 01.카라 / 컬러: 다크민트,"잘 사용하고 있어요!
저렴하게 잘 구매한것같네요",5,1,긍정
jy****,2020-06-23T02:31:10.000+00:00,자전거: 01.카라 / 컬러: 다크민트,자전거 잘 타고있어요~ 아이가 좋아해요,5,1,부정
jk****,2020-05-27T01:50:52.000+00:00,자전거: 01.카라 / 컬러: 다크민트,배송상태는 별로였지만 자전거는 마음에 들어요.,4,1,긍정
wlsd******,2020-06-16T08:21:18.000+00:00,자전거: 02.메이비 20 / 컬러: 라이트핑크,조립도 쉽고 너무 예뻐요^^아이가 정말 좋아하네요^^,5,1,부정
jjan*****,2020-06-27T07:44:00.000+00:00,자전거: 01.카라 / 컬러: 다크블루,빠른 배송 최고네요,5,1,부정
yeaj*****,2020-05-23T05:32:23.000+00:00,자전거: 01.카라 / 컬러: 다크민트,"자전거가 필요해서 구매하게되었는데 주변에서도 삼천리 자전거가 무난하니 튼튼하다고 하더라구요~ 여기가 종류도 많고 후기도 좋아서 구매했어요 먼저 딱 봤을때 색상이 생각보다 더 예뻐서 만족했구, 타보니까 부드럽게 잘 작동되고 사이즈도 딱 원하던 사이즈라 더 만족했어요 ㅎㅎㅎ 넘 잘쓸것같구, 주변에서도 잘 샀다고 칭찬 듣는 중입니다 ㅋㅋㅋ 배송도 왕빠름!!!",5,1,긍정
dudr******,2020-06-05T07:27:57.000+00:00,자전거: 03.화이트라벨 / 컬러: 블랙,배송이 빠르고 흠집없이 깔끔하게 왔습니당~!,5,1,부정
pink*****,2020-05-23T01:10:24.000+00:00,자전거: 02.메이비 22 / 컬러: 라이트핑크,"아이랑 같이 탈려고 주문했어요~^^
.
첫째가 크면서 기존에 타던 자전거가 작아져서...
같이 사용할수있는 걸로 주문했어요.
.
일단 색상이 정말 러블리합니다♡
마음에 쏙~ 드네요ㅎㅎㅎ
.
접이식이라 차에 넣고 다니기도 편하구요^^
기존에 타던 다른브랜드 접이식 자전거가 있는데 그건 앉아보니 안장이 불편한데 이건 편하고 좋아요~
이래서 삼천리 자전거라고 하나봐요^^",5,1,부정
jiny****,2020-06-01T13:15:55.000+00:00,자전거: 03.화이트라벨 / 컬러: 화이트,"자전거 넘 이쁘고 배송도 왕빠르고 굿굿!
잘 타겠습니당^_^",5,1,부정
wa****,2020-06-10T11:25:26.000+00:00,자전거: 02.메이비 20 / 컬러: 라이트핑크,"승용차에 싫기 위해서 접이식으로 구입했어요.
접고 펴는건 쉬운데 무게감이 ..
무게때문에 여자인 제가 싫기는 힘듭니다.
보조바퀴 다니 접이식이 무용지물같지만 아이는 잘타고있어요.",4,1,긍정
bini***,2020-05-12T00:06:49.000+00:00,자전거: 01.카라 / 컬러: 다크민트,"아이가  너무 좋아하네요~^^ 접을수  있어 차 트렁크에도 쏙  들어가고 민트색이 너무  예뻐요~
어린이날 선물로 주문했는데 맘에 들어해서 좋아요^^",5,1,긍정
dp****,2020-05-07T01:49:49.000+00:00,자전거: 02.메이비 20 / 컬러: 민트,사진보다는 덜 민트 스러운 것 같아 요. 조립이 간단 하긴 하나 처음하는 입장에선 좀 어려워요 간단한 설명서 한장만 있었으면 쉽게 했을 것 같아요. 그리고 바구니가 뾰족하게 돌출된게 있어서 찔릴뻔 했습니다.,3,1,긍정
wjs2****,2020-05-20T09:01:12.000+00:00,자전거: 03.화이트라벨 / 컬러: 화이트,생각보다 커요!! 그래도 예쁘고 조립도 쉬워서 만족해요! 인터넷 구매라서 걱정이였는데 괜한 걱정을 했던 것 같네요!,5,1,부정
ekfr*****,2020-05-21T14:39:55.000+00:00,자전거: 02.메이비 22 / 컬러: 민트,"꺄악!!! 너무 정말 진짜 예뻐요.
코로나 떄문에 되게 엄청 망설였는데, 사니까 그런 망설임의 시간이 너무 아까움.
마스크에 안전복장 다 갖춰서 잘만 타고 다니고 있습니다.
주말이 더 기다려져요.
디자인도 색상도 너무 너무 예뻐서 다들 내 자전거만 쳐다보는 기분.

많이 무겁지도 않아서 혼자서 주행 등등 가지고 다닐 때 정말 편하고 어디든 이 이쁜 자전거랑 함께하고 싶어욤",5,1,긍정
suji********,2020-06-25T10:24:01.000+00:00,자전거: 01.카라 / 컬러: 다크블루,약간 무겁기는 하나 가격대비 괜찮아요,4,1,긍정
bore****,2020-05-27T02:58:58.000+00:00,자전거: 02.메이비 22 / 컬러: 라이트핑크,배송이 빨라서 좋았어요 포장도 튼튼하게 잘되서 왔네요 잘탈게요~!!,5,1,긍정
hsht****,2020-06-21T22:34:08.000+00:00,자전거: 02.메이비 20 / 컬러: 라이트핑크,매우만족합니다  초등학생3학년부터계속사용해도되겠습니다,5,1,긍정
boxe*****,2020-05-21T23:50:25.000+00:00,자전거: 02.메이비 22 / 컬러: 민트,"선물로 줬는데마음에 든다고 합니다
저럼한가격에 좋은제품같습니다
배송도빨랐구요",5,1,부정
watt***,2020-06-01T00:50:34.000+00:00,자전거: 01.카라 / 컬러: 다크블루,"조립이 쉽고 안장이나 핸들높이 조절이 편리 합니다.
디자인도 맘에 들며 변속기 조절도 잘 되네요
아이들이 더 만족해 합니다",5,1,긍정
kdog*****,2020-05-31T10:28:12.000+00:00,자전거: 02.메이비 22 / 컬러: 라이트핑크,"저렴하게 좋은거 잘샀네요~~^^
딸이 좋아합니다",4,1,긍정
x4****,2020-05-20T07:12:26.000+00:00,자전거: 01.카라 / 컬러: 다크블루,"가성비와 퀄리티가 뛰어나고 트랜디한 디자인으로
선호도가 높은 자전거에요
편리한 승하차가 가능한 낮은 프레임이라 아이부터 어른까지 가족 모두 이용하실 수 있어서 아주 좋구요
사용법도 간편해서 좋더라고요
다양한 연령대가 모두 즐길수 있는 깔끔한 디자인의 접이식 자전거입니다
 가성비 좋은 모델이지만 삼천리 제품은 세세한 부분까지 사용자에 대한 배려가 돋보여서 짱좋아요",5,1,긍정
dmst******,2020-06-21T08:40:19.000+00:00,자전거: 01.카라 / 컬러: 다크블루,조립하기도 쉽고 초등 아들 사이즈 딱 좋아요,5,1,긍정
mall******,2020-06-28T00:47:24.000+00:00,자전거: 01.카라 / 컬러: 다크블루,깔끔하니 좋은 것 같아요,5,1,긍정
nedb***,2020-06-24T16:22:46.000+00:00,자전거: 01.카라 / 컬러: 다크블루,꼭 조율해서 타시길 배송 색감 다 좋아요,5,1,긍정
0609****,2020-06-02T10:39:01.000+00:00,자전거: 01.카라 / 컬러: 다크블루,"10살 딸이 너무좋아합니다
조립 간단합니다",4,1,부정
anna***,2020-05-01T04:44:49.000+00:00,자전거: 02.메이비 20 / 컬러: 라이트핑크,"주문한날로부터 공휴일 껴있었는데도 3일째에 받았습니다. 배송 빨라서 감사합니다. 한가지 아쉬운점은 기사 아저씨가 조립해줬다는 리뷰가 많은데도, 저는 조립 관련해서 어떤 안내도 못받았어요. 톡톡에도 물어봤을때 별다른말 없으시더라구요. 다행히 조립은 한 삼십분정도 시간 투자하면 어렵지 않긴했는데, 그래도 수리점에 가서 확인 받아보려구요",4,1,긍정
qnaj******,2020-06-27T17:37:36.000+00:00,자전거: 01.카라 / 컬러: 다크블루,선물했는데 좋아하네요,5,1,부정
sury*******,2020-06-06T00:20:55.000+00:00,자전거: 01.카라 / 컬러: 다크블루,"조립은 별도로 자전거 매장에가서 해야해요.
당연히 비용이 발생하구요.
그런 부분을 제외하고도 저렴한 가격이라 만족합니다",4,1,부정
daye******,2020-06-06T02:50:16.000+00:00,자전거: 02.메이비 20 / 컬러: 라이트핑크,"핑크로 샀는데 실물이 더 귀여워요. 조립하는데 조금 애를 먹었지만, 넘 잘 타고 있습니다. 번창하세요",5,1,긍정
kjih***,2020-05-07T16:43:31.000+00:00,자전거: 02.메이비 20 / 컬러: 라이트핑크,이뻐요~ 접고 펴기 간단하고 생각보다튼튼하고 오래탈수잇을거같아요 매일타러가자할거같네요 보조바퀴같이사길잘했어요,5,1,부정
hwch***,2020-05-24T04:44:15.000+00:00,자전거: 03.화이트라벨 / 컬러: 블랙,"아들이 엄청 좋아합니다
물받이랑 물통꽂이 따로 구매해서 달았습니다
싸고 품질도 좋고 잘 샀습니다",5,1,부정
tank******,2020-06-25T12:54:58.000+00:00,자전거: 03.화이트라벨 / 컬러: 블랙,"좋아요
아이들이 만족하네요",4,1,긍정
wony*****,2020-06-16T02:06:43.000+00:00,자전거: 01.카라 / 컬러: 다크민트,디자인 성능 다 괜찮습니다. 브레이크는 좀 조정이 필요했네요.,5,1,부정
kbab***,2020-06-26T05:25:53.000+00:00,자전거: 02.메이비 20 / 컬러: 민트,주말에 차에실어서 한적한 공원나가서 타고옵니다,5,1,부정
naya****,2020-05-15T16:10:53.000+00:00,자전거: 01.카라 / 컬러: 다크민트,조카의  늦은 어린이날 선물로 주문해줬어요! 날은 좋은데 조카가 답답해 하기도 하고 키가 제법 큰지라 어린이자전거로는 이제 제법 불편해한다고 해서 냉큼 주문해줫네요!  색상도 너무 예쁘고 높이도 아이가 타기 딱 좋은 높이라 크게 불편한 느낌이 없더라구요 주말에 날이 좋으면 데리고 공원이라도 가볼까 했는데 비가와서 조금 아쉽네요 그래도 자전거 기름칠도 적당히 잘되어져 있엏서 안심입니다.!!,5,1,긍정
mira****,2020-06-30T11:30:00.000+00:00,자전거: 01.카라 / 컬러: 다크민트,10살  몇 번 연습하더니 잘 탑니다~^^,4,1,부정
dah0***,2020-05-11T10:52:19.000+00:00,자전거: 01.카라 / 컬러: 다크블루,솔직히 첨에는 조립하느라 힘들었는데 한번 타고나니 기분 좋네요 ㅎㅎ 좋은 가격에 좋은 제품인듯 합니다 포장도 꼼꼼햇고 배송도 빨랐어요,5,1,긍정
lmy0*****,2020-05-19T13:45:31.000+00:00,자전거: 01.카라 / 컬러: 다크블루,배송이 굉장히 빨리 와서 놀랐어요! 그리고 특히 실물 색상이 사진이랑 같아서 너무 너무 마음에 들어요~ 요즘에 날씨가 따뜻해서 집 앞 공원에서 사람들이 많이 자전거 타는 모습이 많이 보여서 고민끝에 요 상품 구입하기로 결정했어요~ 색상이랑 크기도 모두 저한테 딱 맞는 것 같아서 다행이고 동생도 여기 제품 다른 색상 구매하려구요~ 다른 색상들도 너무 이쁠 것 같아서 고민 중이에요~,5,1,긍정
kq****,2020-06-05T14:21:32.000+00:00,자전거: 02.메이비 20 / 컬러: 라이트핑크,넘 예쁘고 귀여워요!,5,1,긍정
mjja******,2020-05-19T00:38:30.000+00:00,자전거: 01.카라 / 컬러: 다크민트,민트색 카라 넘 예쁘네요~^^ 조립도 어렵지않았어요~ 배송도 빠르고 대신 무게감은 좀 있어요~,5,1,긍정
2647***,2020-06-11T08:18:37.000+00:00,자전거: 01.카라 / 컬러: 다크민트,"크고 무겁지만 아이가 너무 좋아합니다~
바퀴가 뻑뻑하니 잘 안굴러져서 앞쪽 브레이크 선 조절하니 잘 나갑니다~~~",5,1,긍정
hamb*****,2020-06-26T11:08:24.000+00:00,자전거: 02.메이비 20 / 컬러: 민트,잘쓰겠습니다잘쓰겠습니다,5,2,긍정
hamb*****,2020-06-26T11:07:42.000+00:00,자전거: 01.카라 / 컬러: 다크민트,잘쓰겠습니다잘쓰겠습니다,5,1,긍정
rapu****,2020-05-29T00:10:34.000+00:00,자전거: 01.카라 / 컬러: 다크블루,배송도 빠르고 동생 선물로 사줬는데 넘 좋아하네요,5,1,부정
koyu***,2020-05-16T01:29:29.000+00:00,자전거: 01.카라 / 컬러: 다크블루,"약간의 오르막길은 확실히 힘드네요 ~ 튼튼하나 무거워요 
가격이 저렴하니까 
가까운 동네 다니실분 사세요~",5,1,긍정
jini*****,2020-07-01T09:52:24.000+00:00,자전거: 03.화이트라벨 / 컬러: 화이트,성인이타도 좋네요^^,4,1,긍정
jinj********,2020-06-05T01:36:38.000+00:00,자전거: 01.카라 / 컬러: 다크블루,생각보다 자전거가 이쁘네요. 조립도 간편해서 금방 조립해서 탔어요. 아이가 너무 좋아합니다.,5,1,부정
wjdc******,2020-06-09T06:37:11.000+00:00,자전거: 01.카라 / 컬러: 다크민트,이번 주말에 조립하려구요 ㅋㅋㅋ,4,1,부정
dust****,2020-06-23T15:05:14.000+00:00,자전거: 02.메이비 22 / 컬러: 라이트핑크,초4학년 여자아이에게 딱!! 취향저격이네용,5,1,긍정
he****,2020-05-21T15:41:05.000+00:00,자전거: 01.카라 / 컬러: 다크민트,아이가 좋아합니다.  사이즈도 딱 좋고 튼튼해보이네요~ㅎ,5,1,부정
lcy8*****,2020-06-04T12:35:22.000+00:00,자전거: 02.메이비 20 / 컬러: 라이트핑크,쵝오 가격대비 정말 굿 이에요,5,1,긍정
coco***,2020-06-30T00:40:11.000+00:00,자전거: 02.메이비 20 / 컬러: 라이트핑크,잘도착해서 잘 타고있습니다,5,1,긍정
eunc*****,2020-06-01T00:30:37.000+00:00,자전거: 02.메이비 20 / 컬러: 라이트핑크,"색상도 예쁘고 가벼워요 
너무 맘에 드네요",5,1,긍정
pkm2***,2020-05-22T12:38:36.000+00:00,자전거: 01.카라 / 컬러: 다크민트,자전거조립후 시승식해보니 아이가너무좋아해요9살128센티 타기에 적합해요!,5,1,부정
lej1***,2020-05-31T13:41:59.000+00:00,자전거: 02.메이비 22 / 컬러: 라이트핑크,접이식이라 차에 넣어 이동하기도 너무 좋아요,5,1,부정
eunj********,2020-05-27T15:17:29.000+00:00,자전거: 01.카라 / 컬러: 다크블루,"아이가 너무 좋아해요
역시 삼천리!!",5,1,긍정
mipi****,2020-06-27T23:44:05.000+00:00,자전거: 02.메이비 22 / 컬러: 라이트핑크,안정감있고 좋아요~~,5,1,부정
cool********,2020-06-02T05:27:34.000+00:00,자전거: 01.카라 / 컬러: 다크민트,가격대비좋은거 같아요,4,1,부정
wjdg*****,2020-06-24T05:53:07.000+00:00,자전거: 01.카라 / 컬러: 다크민트,색이 이쁘고 크기도 적당해요,4,1,긍정
kile***,2020-05-25T00:36:00.000+00:00,자전거: 01.카라 / 컬러: 다크블루,"저렴한 가격에 잘 산것 같아요!
다만 조립 설명서가 있었으면 더 좋았을 것 같아요 ㅠ",5,1,부정
tnsr***,2020-06-16T13:20:02.000+00:00,자전거: 01.카라 / 컬러: 다크블루,"좋아요! 살짝 무겁지만 초등 여아 타기에
딱 이에요.",5,1,긍정
naso*****,2020-05-11T04:21:31.000+00:00,자전거: 01.카라 / 컬러: 다크블루,"기대 이상입니다
배송도 하루만에오고
아이가 너무좋아해요
키가 130이라 좀 크긴해요
조심히 잘타고 다닙니당",5,1,부정
binl*****,2020-06-14T14:39:01.000+00:00,자전거: 02.메이비 20 / 컬러: 민트,아이가 너무 좋아해요 배송도 빠르구요 ^.^!,5,1,긍정
ygy0****,2020-05-20T09:01:48.000+00:00,자전거: 01.카라 / 컬러: 다크민트,빠른  배송  좋은 품질  너무  만족합니다^^,5,1,긍정
seen****,2020-05-19T02:33:15.000+00:00,자전거: 02.메이비 22 / 컬러: 라이트핑크,"빠른 배송
간편하고 애들이 타기 좋아요
2발 자전거 바로 성공했어요

접이식이라도 안전해요~",5,1,긍정
emdg***,2020-06-21T01:20:02.000+00:00,자전거: 01.카라 / 컬러: 다크블루,빠른배송 다만 뒤의자가 삐딱하게 조립되어옴 ㅎㅎ,5,1,긍정
ojh2****,2020-06-02T11:55:32.000+00:00,자전거: 01.카라 / 컬러: 다크블루,"색깔이 예뻐요
접혀읻능편리합니다",5,1,긍정
yhma****,2020-05-26T13:18:55.000+00:00,자전거: 03.화이트라벨 / 컬러: 블랙,"앞 브레이크 사용시 끽 소리나요
그거 하나 아쉽네요",4,1,긍정
mall******,2020-06-28T00:45:01.000+00:00,자전거: 02.메이비 20 / 컬러: 민트,좋은것같아요.깔끔하고,5,1,부정
kiis*****,2020-05-07T05:48:10.000+00:00,자전거: 02.메이비 20 / 컬러: 라이트핑크,"이뿌네요 핑크에 바퀴가 흰색이라 더이쁩니다
핸들끼울때 조금 헤맨거빼곤 조립이 쉽네요
핸들끼울때 참고로 핸들봉밑에 볼트를 풀어서
일자로 최대한 맞춘후 끼우면 쏙들어 갑니다ㅎ",5,1,부정
kk****,2020-06-01T22:12:38.000+00:00,자전거: 01.카라 / 컬러: 다크블루,조립도 쉽고 초2가 타기 좀 크긴했지만 괜찮더라구요ㅋ 가격도 오프라인보다 훨씬싸고 색상도 너무 고급져요~,5,1,긍정
yaho***,2020-06-20T07:06:25.000+00:00,자전거: 03.화이트라벨 / 컬러: 화이트,배송 빠르고 품질 좋아요!!,5,1,부정
kkdn****,2020-05-17T08:05:57.000+00:00,,접이식도 편하고 너무 귀여운데 왼쪽 브레이크가 세게 잡을 때마다 끼익 소리가 나서 불편하네요 ㅠㅠ 그 점 말고는 만족합니당 :),4,1,부정
cgh1***,2020-04-12T13:26:05.000+00:00,자전거: 03.화이트라벨 / 컬러: 화이트,"짧은거리 이동수단으로 구매했습니다. 스스로 조립하다 모르겠어서 삼천리자전거기서 조립받았습니다. 참고로 제주도 세화삼천리 조립비용 2만원받더라구요. 좀더 혼자해볼껄ㅠㅠ
소비자가 조립할수있게 설명서나 동영상이 있었으면 좋겠습니다!!",5,1,긍정
yeji******,2020-05-16T07:34:12.000+00:00,자전거: 01.카라 / 컬러: 다크블루,"스크레치가 좀 있지만 
아기자기하고 가볍게 탈수있어서 넘 좋아요 ㅎㅎ
오랜만에 자전거 타니까 재밌네용",5,1,부정
21go****,2020-05-29T23:16:36.000+00:00,자전거: 01.카라 / 컬러: 다크블루,"예쁩니다
배송도빨랐고 넘좋습니다",5,1,부정
ina0***,2020-06-03T02:20:16.000+00:00,자전거: 01.카라 / 컬러: 다크블루,"배송은 빠르고 좋았어요
블랙이 없어 네이비를 샀지만 컬러가 좀 아쉽네요
가성비 대비 괜찮은듯 해요.",4,1,긍정
dbwl*****,2020-05-27T17:50:44.000+00:00,자전거: 03.화이트라벨 / 컬러: 블랙,160 여성인데 딱 적당한 크기에요! 귀여움 ㅎㅎ  너무 마음에 듭니다 ㅎㅎ 동네 삼천리자전거 대리점에서 2.5주고 조립맡기고 바로 타봤는데 좋아요!! 발송도 바로 해주셔서 엄청 빠르게 받아봤습니다~~감사해용!,5,1,부정
fr****,2020-06-16T07:53:47.000+00:00,자전거: 02.메이비 20 / 컬러: 라이트핑크,디자인 색상 좋습니다. 약간 무겁긴 하네요.,5,1,부정
rain****,2020-05-03T10:26:41.000+00:00,자전거: 02.메이비 20 / 컬러: 라이트핑크,"배송도 빠르고 조립도 쉽고 모든게 넘 좋았는데..아쉬운점이 하나 있었어요..ㅠ
바퀴 뒤축덮개가 비뚤어져 있었어요. 신랑이 할려고하니 옆에꺼 볼트를 잘못 풀면 기스난다고해서 그냥 탈려구요
그래서 별하나 뺐어요~",4,1,긍정
gnsl******,2020-06-20T02:57:11.000+00:00,자전거: 01.카라 / 컬러: 다크블루,어버이날 선물로 어머니께 선물해드렸는데 만족해하세요,5,1,부정
ilsw***,2020-06-01T02:16:00.000+00:00,자전거: 01.카라 / 컬러: 다크블루,배송 빠르고 상품도 좋아요  ^^,5,1,긍정
dpwl***,2020-06-23T04:03:57.000+00:00,자전거: 02.메이비 20 / 컬러: 라이트핑크,"배송도 빠르고~
상품 포장 상태도 굿!! 입니다",5,1,긍정
jydm****,2020-05-12T11:37:56.000+00:00,자전거: 01.카라 / 컬러: 다크블루,"10살 아이가 탈려고 접이식20인치로 구매하였네요. 사진에서 보는바와같이 딱이네요.
조립도 되어있고 만족합니다.^^
배송도 빠르게 잘 받았네요~",4,1,부정
keba******,2020-05-22T04:56:44.000+00:00,자전거: 02.메이비 22 / 컬러: 라이트핑크,아직 받아보진 않았지만 평이 좋아서 구매했는데 저렴하게 잘 구입한것 같습니다~사진보다 실물이 더 예쁘다고 하니 기대가 됩니다~ 저희 딸 아이가 좋아했으면 좋겠네요^^,5,1,긍정
ga****,2020-06-01T14:10:54.000+00:00,자전거: 03.화이트라벨 / 컬러: 화이트,저렴한 가격에 잘 구매하였습니다.,5,1,부정
hong*****,2020-05-08T11:45:06.000+00:00,자전거: 01.카라 / 컬러: 다크블루,"아이가 너무 좋아합니다~ 3학년 여아 자기 스타일이라네요~
배송도 하루만에 왔어요~ 설명서 없어도 남편이 조립하고 브레이크 조절까지 다 하네요~",5,1,부정
dlrl*****,2020-04-28T13:20:12.000+00:00,자전거: 02.메이비 20 / 컬러: 라이트핑크,"연한핑크여서
너무 너무 이뻐요
사진 찍어보는데 넋을 놓게 하네요
9살 딸아이 정말 정말 좋아해요^^",5,1,긍정
heys***,2020-05-07T14:55:27.000+00:00,자전거: 01.카라 / 컬러: 다크블루,"어린이날 선물로 사줬는데 아이가 좋아하네요~
7살남아한테 사이즈 딱이네요!! 접이식이라 보관도 편해요~",5,1,부정
kkal***,2020-06-23T06:58:47.000+00:00,자전거: 02.메이비 20 / 컬러: 라이트핑크,포장깔끔하고 잘받앗습니다..,5,1,부정
djsv****,2020-06-18T00:27:52.000+00:00,자전거: 02.메이비 20 / 컬러: 라이트핑크,배송 빠르고 자전거 상태  너무 좋아요,5,1,긍정
emdg***,2020-06-21T01:20:32.000+00:00,자전거: 01.카라 / 컬러: 다크민트,빠른배송 요건 바구니가찌그러져서옴 ㅎㅎ,5,1,부정
kicu****,2020-05-21T22:21:51.000+00:00,자전거: 01.카라 / 컬러: 다크블루,엄마 선물로 드렸어요. 어른들 타시기 적당한 높이와 핸들링인거 같아요.,5,1,긍정
st****,2020-05-30T13:36:44.000+00:00,자전거: 02.메이비 20 / 컬러: 라이트핑크,색상도 마음에들고 기다린보람있어요,5,1,긍정
kame******,2020-04-24T01:39:44.000+00:00,자전거: 02.메이비 20 / 컬러: 라이트핑크,"토요일에 주문했는데 화요일에 받았으니 배송이 빠른 것 같아요~^^
자전거 색깔이 예뻐서 딸아이가 좋아하네요.
조금 무겁긴 한데..알루미늄 재질로 산 다른 자전거도 13kg정도 한다니 크게 차이는 없는 것 같아요.
딸아이가 만족하는 사양을 다 갖춰서 좋았어요.
바구니도 있고 기어도 있고 색상도 예쁜 라이트 핑크 색이고요^^
삼천리 자전거인데 가격도 저렴하고 잘 산 것 같아요.",5,1,긍정
wh****,2020-06-17T19:10:30.000+00:00,자전거: 02.메이비 22 / 컬러: 민트,색상도 이쁘고 타기 편하고 애들이 너무 좋아하네요,5,1,부정
roro****,2020-05-13T05:53:07.000+00:00,자전거: 01.카라 / 컬러: 다크블루,"좋겠지요상품평이좋아서산건데요뭐
조율이필요한데샵가서돈주고하려니여기서싸게산
맛이없어져서그냥유튜브보고하려고요~
불량있으면연락드릴께요^^",5,1,부정
kiki*****,2020-05-04T06:30:07.000+00:00,자전거: 02.메이비 20 / 컬러: 민트,초등딸에게 선물했는데  우선 색상이 너무 이뻐서 아주 만족하고 있습니다. 조립도 쉬워서 바로 탈 수 있었어요. 무게감은 살짝있지만 안정감이 느껴져서 좋아요,5,1,긍정
meye****,2020-05-25T15:33:51.000+00:00,자전거: 03.화이트라벨 / 컬러: 화이트,자전거 예쁘고 좋아요. 핸들바 조립 방법이 너무 불친절하게 안 나와있어서 이케아 정도 쉽게 조립하는 성인남성인데도 겨우 찾아서 겨우 조립. 핸들바는 수평 맞추는 거 등등 생각보다 좀 까다로움,4,1,부정
ywoo****,2020-06-14T14:02:47.000+00:00,자전거: 02.메이비 20 / 컬러: 민트,"디자인 만족하고조립이 쉬워요
딸아이가 좋아합니다 추천해요",4,1,부정
jung******,2020-06-02T23:56:27.000+00:00,,"좋은제품 저렴하게 잘 구매했네요
딸아이 신랑 둘다 완전 만족하네요
택배기사님이 집안까지 들여나주시고요",5,1,긍정
bang****,2020-06-20T02:05:42.000+00:00,자전거: 02.메이비 20 / 컬러: 라이트핑크,배송이 빨라서 좋았어요,5,1,부정
titi****,2020-06-01T09:53:28.000+00:00,자전거: 01.카라 / 컬러: 다크민트,아이가 좋아하네요 좋아요,5,1,부정
suzu********,2020-05-22T01:41:54.000+00:00,자전거: 01.카라 / 컬러: 다크민트,"배송 빠르고 자전거도 이쁘네요.
핸들 조립 하는 설명서 있었으면 좋겠네요.",5,1,긍정
flff*****,2020-05-17T08:50:59.000+00:00,자전거: 01.카라 / 컬러: 다크민트,"만족합니다 색상도 예쁘고 사이즈도 좋아요
아이가 너무 좋아하네요~",5,1,부정
haba****,2020-05-27T02:32:32.000+00:00,자전거: 01.카라 / 컬러: 다크민트,"보조바퀴도 같이 구매해서 장착하니
아이들이 좋아하네요",5,1,부정
hosa******,2020-06-06T08:05:20.000+00:00,자전거: 02.메이비 20 / 컬러: 민트,"생각보다 작아서 아이들용 같이 보이지만
크기가 작아 보관하기 좋아요",5,1,긍정
slel***,2020-05-31T12:49:27.000+00:00,자전거: 02.메이비 22 / 컬러: 라이트핑크,완전좋아요 잠깐 타봤는데 잘 나가고요,5,1,부정
anfa********,2020-06-01T02:26:10.000+00:00,자전거: 01.카라 / 컬러: 다크블루,"배송이 빠른것과 물건 상태 최고입니다.
깔끔하게 판매하시는 느낌~~
4학년 아이가 타기에 색상도 사이즈도 정말 선택 잘한것같아
기뻐요~~",5,1,긍정
tain***,2020-05-05T12:45:28.000+00:00,자전거: 02.메이비 20 / 컬러: 라이트핑크,초등 중학년 여자아이부터 사용하기에 좋아요 바구니 탈착이 쉽고 접고 핸들을 뽑으면 트렁크에서 차지하는 공간이 많이 줄어듭니다,5,1,부정
nike******,2020-05-09T13:05:04.000+00:00,자전거: 01.카라 / 컬러: 다크민트,색상이 마음에들고 배송도 빠릅니다.바구니고 있고 뒷자석도 있어 편리한 것 같아요.,4,1,부정
ccon****,2020-06-20T08:50:21.000+00:00,자전거: 01.카라 / 컬러: 다크민트,가성비 좋고 아이들이 좋아합니다,5,1,긍정
sep2***,2020-06-18T12:22:44.000+00:00,자전거: 01.카라 / 컬러: 다크블루,가까운곳은 좋은데 멀리 가는건 힘들어요,4,1,부정
alsd********,2020-06-14T12:44:17.000+00:00,자전거: 01.카라 / 컬러: 다크블루,아이가 좋아해요. 배송도 빨랐어요,5,1,긍정
am****,2020-06-22T04:20:53.000+00:00,자전거: 01.카라 / 컬러: 다크블루,"굿입니다~!
수고하세요",5,1,긍정
ch****,2020-05-10T01:15:16.000+00:00,자전거: 02.메이비 20 / 컬러: 라이트핑크,"배송도 빨랐고 제품도 마음에 들어요
나머지 조립은 힘들어서 자전거점에가서 3만원주고 했어요~",4,1,부정
kayl*****,2020-04-09T07:44:41.000+00:00,자전거: 02.메이비 20 / 컬러: 라이트핑크,"빠른배송 감사합니다. 9살 키 125좀 넘는 여자아이가 탈 용도로 구입했는데 확실히 키가 작아서 좀 크긴해요. 다리쪽은 괜찮은데 팔이 짧으니 핸들까지 넘 머네요.
그리고 자전거는 정말정말 무거워요 ㅠㅠ
디자인 예쁘고 가격은 저렴하지만 실제로 보고 들어봤었으면 사실 더 가벼운 제품으로 샀을거 같긴 합니다.
하지만 딸아이가 정말 너무너무 좋아하네요.
근처 삼천리 자전거샵에 가서 조립비 2만원 보조바퀴비 1.8만원 총 3.8만원 내고 조립해왔어요.
아이가 두발 자전거 타게되면 가벼운걸로 바꿔주고 이건 제가 탈까 합니다 ㅎㅎ
그래도 날씨 좋은 봄에 넘 예쁘네요.",5,1,긍정
youn*******,2020-05-30T05:12:32.000+00:00,자전거: 01.카라 / 컬러: 다크블루,배송이 빨라서 좋아요,5,1,긍정
ccon****,2020-06-20T08:49:53.000+00:00,자전거: 01.카라 / 컬러: 다크블루,가성비 좋아요 구매 잘했네요,5,1,부정
nagh****,2020-05-31T05:52:46.000+00:00,자전거: 02.메이비 22 / 컬러: 라이트핑크,배송도 빠르고 마음에 듭니다,5,1,긍정
pife***,2020-06-16T08:57:24.000+00:00,자전거: 01.카라 / 컬러: 다크블루,"배송도 빠르고 조립도 무척 쉽네요
귀엽기까지",5,1,긍정
h163****,2020-06-22T21:43:17.000+00:00,자전거: 02.메이비 20 / 컬러: 라이트핑크,상품 매우 만족합니다.,5,1,긍정
jaeh****,2020-05-05T13:04:05.000+00:00,자전거: 02.메이비 20 / 컬러: 라이트핑크,"배송받고 여러문제있었지만
친절하게 상담해주시고 신속하게
해결해주셔서 감사합니다~!!
자전거는 무게감은 있지만
초1 초3  여자얘들이 잘 타요~!!",5,1,부정
naja****,2020-05-19T06:34:10.000+00:00,자전거: 01.카라 / 컬러: 다크블루,튼튼하네요~생각보다 무거워요.애가 자전거 타기 무서워해서 아직 제대로 타질 못했네요 ㅠㅠ,5,1,부정
hihi****,2020-06-18T02:54:06.000+00:00,자전거: 02.메이비 20 / 컬러: 민트,색상도이쁘고 다좋은데  들고옮길때 좀무겁네요 힘들당,4,1,부정
tlsr*****,2020-05-19T09:07:26.000+00:00,자전거: 02.메이비 22 / 컬러: 라이트핑크,"배송도 빠르고 아이가 이쁘다고 좋아하네요
조립하기도 간편 ㅋ",5,1,긍정
font***,2020-05-16T11:52:37.000+00:00,자전거: 01.카라 / 컬러: 다크블루,"직접 ?조립? 후 타보니 #가격대비# 만족합니다.
색깔 이뻐요.",4,1,부정
anym*****,2020-06-17T05:37:19.000+00:00,자전거: 03.화이트라벨 / 컬러: 화이트,깔끔한 포장으로 망가진 부분 없이 잘 왔어요,5,2,부정
anym*****,2020-06-17T05:37:03.000+00:00,자전거: 01.카라 / 컬러: 다크블루,깔끔한 포장으로 망가진 부분 없이 잘 왔어요,5,1,부정
vege****,2020-06-07T11:31:56.000+00:00,자전거: 02.메이비 20 / 컬러: 민트,4학년 딸아이가 타는데 너무 좋아요. 저도 타도 되고요. 접이식이라 보관도 좋아요,5,1,긍정
xe****,2020-05-26T15:40:55.000+00:00,자전거: 01.카라 / 컬러: 다크민트,아이가 맘에 들어하고 조립도 그리 어렵지 않습니다.,5,1,긍정
bvic*******,2020-05-18T10:23:48.000+00:00,자전거: 02.메이비 22 / 컬러: 라이트핑크,안장이 너무딱딱하고 무거워요ㅠ 여자혼자 피고 접기에 힘드네요ㅠ,4,1,긍정
thds****,2020-05-22T05:02:53.000+00:00,자전거: 01.카라 / 컬러: 다크블루,튼튼하고 디자인 예뻐요 근데 바구니가 찌그러져서 왔어요 ㅠ,5,1,긍정
sunu****,2020-06-12T15:07:09.000+00:00,자전거: 02.메이비 20 / 컬러: 라이트핑크,"디자인도 맘에들고
초등학생 타기 딱 좋은 사이즈에요",5,1,긍정
only*******,2020-05-16T11:56:45.000+00:00,자전거: 01.카라 / 컬러: 다크블루,"저희 아이 첫 두발자전거에요.
조립설명서가 없어서
살짝 헤맸지만 그래도 혼자 잘 조립해서
탔어요",5,1,긍정
hu****,2020-06-02T08:19:56.000+00:00,자전거: 01.카라 / 컬러: 다크블루,내구성이 그래도 괜찮아요,4,1,부정
wpfh****,2020-06-24T04:36:45.000+00:00,자전거: 01.카라 / 컬러: 다크민트,조릭쉽고 튼튼합니다,5,1,긍정
ul****,2020-06-26T04:00:17.000+00:00,자전거: 03.화이트라벨 / 컬러: 블랙,예쁘고 좋아요. ^^..,5,1,긍정
choi****,2020-06-20T12:14:07.000+00:00,자전거: 01.카라 / 컬러: 다크블루,무게는 좀 있지만 사용하는데는 문제가 없음,5,1,부정
00an***,2020-06-08T10:42:46.000+00:00,자전거: 02.메이비 20 / 컬러: 라이트핑크,"8살 또래보다 키 큰 딸 사줬어요 ㅎㅎ
너무 좋아하고 오래탈수 있을꺼 같아 좋네요 ㅎ",4,1,긍정
llsh****,2020-05-07T10:44:06.000+00:00,자전거: 02.메이비 20 / 컬러: 민트,"배송은 빨랐고 자전거도 참 예뻐요 ^^
9살 여아 자전거 처음 타보는거라서 보조바퀴 추가구매해서 잘타네요~^^
조립이 힘들어서 별하나 뺐어요~~~^^",4,1,긍정
bth6***,2020-06-13T12:30:37.000+00:00,자전거: 02.메이비 22 / 컬러: 라이트핑크 (4월 7일 발송),생각보다 바퀴 크기가 작아서 마실용으로 적절,3,1,부정
h163****,2020-06-17T21:45:06.000+00:00,자전거: 02.메이비 20 / 컬러: 민트,너무나 예쁘고 만족합니다.,5,1,긍정
love*****,2020-06-07T05:51:19.000+00:00,자전거: 02.메이비 20 / 컬러: 라이트핑크,아주잘타고있어요..몇번넘어졌는데도 멀쩡해요..점말튼튼한것같아요..잘사서 잘타고 너무좋아요,5,1,긍정
karm*****,2020-05-18T13:14:02.000+00:00,자전거: 02.메이비 22 / 컬러: 라이트핑크,"아이가 너무 좋아해요
130인아이에겐 조금 크고 무겁지만
잘 타네요",4,1,부정
tj****,2020-06-10T13:30:10.000+00:00,자전거: 01.카라 / 컬러: 다크블루,삼천리자전거가  확실히  좋아요  바퀴는   근데  바꿔야겠네요,5,1,부정
pall******,2020-06-20T06:25:32.000+00:00,자전거: 01.카라 / 컬러: 다크블루,빠른배송과 꼼꼼한 포장,3,1,긍정
mira****,2020-05-29T04:27:28.000+00:00,자전거: 01.카라 / 컬러: 다크민트,잘 받앗어요ㅡ 아이가좋아해요,4,1,긍정
jkhw*****,2020-05-03T05:19:51.000+00:00,자전거: 02.메이비 20 / 컬러: 라이트핑크,배송도 빨리왔고 좋습니다 다만 기분탓인지는 모르겠지만 앞바퀴쪽 바람이 자꾸 빠지는듯하네요 일단 바람을 넣고 타보긴 하는중인데 조금더 지켜봐야 알듯해요 무게는 정말 생각보다 무겁습니다,4,1,긍정
arti****,2020-05-22T09:55:18.000+00:00,자전거: 01.카라 / 컬러: 다크민트,"배송도무척빠르고좋네요

다만 힘이없는 엄마는 무겁긴해요",3,1,긍정
inth*********,2020-06-08T00:29:41.000+00:00,자전거: 01.카라 / 컬러: 다크민트,"어느정도 미리 조립되어서,
금방 조립 할 수 있게 포장해 주셨어요~
감사합니다!",5,1,긍정
hwan*******,2020-06-14T04:24:34.000+00:00,자전거: 01.카라 / 컬러: 다크민트,조립한데 어려웠지만 애기가 좋아해요,4,1,긍정
ican**********,2020-06-07T03:51:39.000+00:00,자전거: 03.화이트라벨 / 컬러: 블랙,자전거 튼튼하고 너무 맘에들어요 여성용 아동용으로 괜찮네요,4,1,부정
mion*****,2020-05-18T06:59:36.000+00:00,자전거: 02.메이비 20 / 컬러: 라이트핑크,색상이 너무 사랑스러워 딸애가 너무 좋아하네요 삼천리자전거판매점가서 이만원드리고 이쁘게세팅해서 잘 탑니다. 잘 나가고 브레이크도 잘먹히고 성능 좋습니다.  다만 중량이 꽤나가요 차에 싣으려니 무거워서 아쉽지만 그것외엔 만족해요^^,4,1,부정
puri****,2020-05-27T13:40:30.000+00:00,자전거: 02.메이비 22 / 컬러: 민트,아이가 너무좋아하네요,5,1,부정
tidy****,2020-05-16T13:54:10.000+00:00,자전거: 01.카라 / 컬러: 다크블루,"자건거 작아요ㅋㅋㅋ 성인 여성(163)이 타기에는 매우 작고 속력이 안납니다 ㅠ 외관은 진짜 예쁜데 성능이 영,,",3,1,부정
kyun*****,2020-06-01T23:55:45.000+00:00,자전거: 01.카라 / 컬러: 다크블루,핸들을 조립 할줄 몰라서 자전거샾에 방문해서 셋팅했지만 자전거는 좋아요 설명서가 있었으면 더 좋았을듯 하네요,4,1,부정
sky0******,2020-05-19T23:27:33.000+00:00,자전거: 01.카라 / 컬러: 다크블루,"초3  딸아이 좋아 하네요.
보조바퀴가 좌우가 좀 안맞는거 같아요 한쪽으로
탈때 기울어지네요 ㅜ",4,1,부정
te****,2020-06-04T11:40:01.000+00:00,자전거: 01.카라 / 컬러: 다크블루,접이식이라 차로 이동할 때는 좋은것 같아요~  아이들이 작은 자전거를 타다가 큰거로 바뀌니 조금 어색해하긴하네요.,4,1,긍정
tear*****,2020-05-13T04:05:30.000+00:00,자전거: 02.메이비 22 / 컬러: 민트,조립하기도 쉽고 색깔이 너무 이쁘네요 아이들과 라이딩하러 나가야겠습니다^^,5,1,부정
it****,2020-06-18T16:10:21.000+00:00,자전거: 01.카라 / 컬러: 다크블루,디자인도 이쁘고 짱 좋네용,5,1,긍정
kimt*****,2020-06-19T08:48:12.000+00:00,자전거: 01.카라 / 컬러: 다크블루,자전거  어른이 탈수 있을정도네요,5,1,부정
bigs*******,2020-05-14T09:06:21.000+00:00,자전거: 01.카라 / 컬러: 다크블루,실물이 훨씬 귀엽고 깔끔하니 예뻐요~!! 배송도 주문하고 바로 왔어요! 감사합니다^^,5,1,부정
jsen*****,2020-06-12T09:22:36.000+00:00,자전거: 01.카라 / 컬러: 다크블루,포장도 꼼꼼하게 잘되어있고 조립도 간편하게 할수있어서 좋네요,5,1,긍정
pkh1***,2020-05-18T13:10:20.000+00:00,자전거: 02.메이비 20 / 컬러: 라이트핑크,이쁘고 튼튼하고 8살딸 첫 자전거로는 최고예요,5,1,부정
gpgu***,2020-04-12T23:18:01.000+00:00,자전거: 02.메이비 20 / 컬러: 라이트핑크,"잘 받았습니다. 배송빨랐고요 조립도 어렵지않았어요 
메이비 핑크로 샀는데 색도 이뻐요 
초등4학년 여아가 타려고샀는데 좀 크지만 연습하고있습니다.  
성인까지도 탈수있을것 같아요 ^^",5,1,부정
si****,2020-06-14T05:15:32.000+00:00,자전거: 02.메이비 20 / 컬러: 라이트핑크,핑크색 샀는데 색상도 이쁘고 아이가 좋아해요,5,1,긍정
peri*******,2020-05-17T06:45:29.000+00:00,자전거: 01.카라 / 컬러: 다크블루,"조립을 늦게해서 이제야 리뷰쓰네요.
가볍고 동네 산책하기 좋습니다.",5,1,부정
rec9***,2020-05-11T05:57:00.000+00:00,자전거: 01.카라 / 컬러: 다크민트,"목요일 오전에 구매 토요일에 배송 받았어요~
배송두 빠르고 제품도 가겨대비해 괜찮은거 같아요~",3,1,긍정
ds78****,2020-06-09T23:32:14.000+00:00,자전거: 01.카라 / 컬러: 다크민트,아들넘좋아해요  저녁에 두번이나 타고왔네요,5,1,긍정
80ma****,2020-05-12T06:35:30.000+00:00,자전거: 01.카라 / 컬러: 다크블루,"크게 조율 할 필요없게 잘 조립해서 보내주셨어요. 
앞바퀴 흙받이가 약간 하자가 있긴한데 크게 불편한 점은 아니라 그냥 사용합니다.",5,1,긍정
0101******,2020-05-10T02:28:25.000+00:00,자전거: 02.메이비 20 / 컬러: 라이트핑크,"화면처럼 예뻐요
별하나뺀건
손잡이가 오돌토돌해서 아이가 불편해하네요
장갑끼고타요",4,1,부정
ar****,2020-05-26T05:45:04.000+00:00,자전거: 01.카라 / 컬러: 다크블루,조립이 쉽고 접고펴는게 간단합니다,4,1,긍정
leej******,2020-05-13T15:12:22.000+00:00,자전거: 01.카라 / 컬러: 다크민트,"초2 아들 자전거 처음타봐서 보조바퀴 추가해서 구매했는데 아주아주 만족해요~
7살 둘째도 안장 낮춰서 타기도 해요~~",5,1,부정
enoc***,2020-05-04T11:23:32.000+00:00,자전거: 02.메이비 20 / 컬러: 라이트핑크,"배송이 매우빠르고 물건이 정확해요
매우 만족합니다",5,1,부정
kig8***,2020-05-19T15:41:37.000+00:00,자전거: 01.카라 / 컬러: 다크블루,아이들이 넘이쁘고 좋다고하네요 잘산것같아요,4,1,부정
lapi***,2020-05-20T06:44:45.000+00:00,자전거: 01.카라 / 컬러: 다크블루,"자전거를 접하지 않아서 접이식이고 부분적으로 조립해야 하는 부분이 걱정이 되었어요  동영상 찾아보고 금방 조립하였어요 애들은 잘 타고 다녔어요. 자전거는 만족스럽습니다
손잡이 위치나 조립부분 설명이 더 자세히 설명 되었으면 합니다 핸들부분이 구멍에 들어가지 않아 한참 고민했어요.",4,1,긍정
ppp_***,2020-05-31T01:00:17.000+00:00,자전거: 03.화이트라벨 / 컬러: 블랙,155키에 잘맞고 넘조아요ㅎㅎ,5,1,긍정
ball*****,2020-05-10T13:42:27.000+00:00,자전거: 01.카라 / 컬러: 다크블루,"배송이 빠르고 거의다 조립되어 배송되네요
그런데 생각보다 좀무겁습니다",5,1,부정
mira****,2020-05-07T14:49:50.000+00:00,자전거: 02.메이비 20 / 컬러: 라이트핑크,안장 젤 낮춰 9살 아이 탔어요..근데 손이 작고 아귀힘이 적어 그런지 브레이크를 잘 못잡네요..당분간은 아파트 단지내 평지에서만 태우려구요. 조립은 아주 쉬웠어요~,4,1,부정
cma7***,2020-06-18T02:43:58.000+00:00,자전거: 02.메이비 20 / 컬러: 라이트핑크,애들 타기에는 좀 무거운것 같아요,3,1,부정
qkre*****,2020-06-02T14:32:26.000+00:00,자전거: 02.메이비 20 / 컬러: 라이트핑크,다좋은데 새상품 맞나 의심이 가요 바퀴가 지저분해서 안지워 지더라구요 뭐 그거말고 이뻐요,4,1,부정
redl*******,2020-05-14T12:25:21.000+00:00,자전거: 02.메이비 20 / 컬러: 라이트핑크,"이쁘고 동네나들이용으로 짱이에요ㅋㅋㅋ
성인이 타도 너무 귀여워요",5,1,긍정
kj****,2020-05-09T00:22:19.000+00:00,자전거: 01.카라 / 컬러: 다크블루,"배송, 색상, 제품상태 다 만족하고
애들이 서로 탈려고 난리네요...",5,1,긍정
emtj*****,2020-06-17T07:53:30.000+00:00,자전거: 02.메이비 20 / 컬러: 민트,일단 애기가 너무 맘에 들어해요~~^^,5,1,부정
magi*****,2020-05-31T08:52:13.000+00:00,자전거: 02.메이비 22 / 컬러: 민트,가볍고 예쁩니다. 쿠션감은 조금 떨어져 오래 타니 엉덩이가 좀 아픕니다^^;;,5,1,부정
thdg*****,2020-06-07T01:16:26.000+00:00,자전거: 01.카라 / 컬러: 다크민트,아이가 좋아합니다. 다만 바구니다 좀 덜렁거려서 빼고 탑다.,3,1,부정
happ*******,2020-03-26T05:58:57.000+00:00,,"자전거가 오래되서 바꿀려고 이것저것 알아보다가 이걸로 구입했어요.
실물 색이며 디자인이며너 너무나 마음에 드네요
디자인도 깔끔하고 제가 생각했던것보다 더 좋구요.
뒤에 짐도 실을수 있고 흙받이로 빗물등이 튀는것을 줄여주기까지 하고요.
그리고 안장도 넓고해서 승자감도 편안하고 무엇보다 공구없이 쉽게 안장 높이가 조절이 되니깐..너무나 편하더라고요!
그리고 자전거를 접거나 펼수 있어서 차에 싣고 나들이 갈때도 너무나 편하고 좋네요!",5,1,긍정
gi****,2020-05-27T12:31:53.000+00:00,자전거: 01.카라 / 컬러: 다크블루,제픔은 이상없이 잘 왔어요~ 조립도 많이 어렵진 않지만 좀 더 자세한 설명이 있으면 좋을거 같네요~,5,1,부정
timt*****,2020-05-27T05:08:41.000+00:00,자전거: 01.카라 / 컬러: 다크민트,가까운데 자전거샵이없어서  주문한건데 자전거가 좀 무거워서 그런지 페달도 너무 뻑뻑해요. 오일사다가 칠해봐야겠네요. 문의도드렸는데 가까운자전거샵에가보라는 답변만 들었네요ㅠ,3,1,긍정
jini******,2020-05-25T15:26:56.000+00:00,자전거: 02.메이비 22 / 컬러: 민트,초6 딸 타려고 구있했어요. 민트색이 산뜻하네요. 성인 여성이 타기에도 괜찮아요. 무게감은 있지만 가성비 만족합니다!,5,1,긍정
ye****,2020-05-28T10:58:05.000+00:00,자전거: 01.카라 / 컬러: 다크민트,딸아이가 좋아하네요,5,1,부정
shmg****,2020-05-31T11:40:19.000+00:00,자전거: 03.화이트라벨 / 컬러: 블랙,색깔이 바뀌어서 왔는데 바로 바꾸어주시고 배송도 빠르고 좋아요!! 조율은 받아야할듯해요!,5,1,부정
xx****,2020-05-09T06:48:30.000+00:00,자전거: 01.카라 / 컬러: 다크민트,자동차에 보관하기쉽고 간단하게 이용가능합니다,5,1,긍정
safe***,2020-06-15T00:42:51.000+00:00,자전거: 02.메이비 20 / 컬러: 라이트핑크,딸아이가 너무 좋아해요.,4,1,부정
wkdg*******,2020-05-30T03:14:55.000+00:00,자전거: 02.메이비 20 / 컬러: 민트,너무 예뻐요 핑크없어서 민트샀는데 훨 산뜻하고 예쁘네요,5,1,긍정
3033***,2020-05-27T07:37:52.000+00:00,자전거: 01.카라 / 컬러: 다크블루,배송 엄청 빨라요 선물용,5,1,부정
sury*******,2020-06-06T00:21:34.000+00:00,자전거: 01.카라 / 컬러: 다크민트,어머니와 함께 타려고 주문했어요. 가성비좋은 자전거에요,4,1,긍정
runa****,2020-05-25T14:15:34.000+00:00,자전거: 01.카라 / 컬러: 다크민트,색깔도 이뿌고  딸아이 좋아합니다,5,1,긍정
ajte*******,2020-06-11T12:14:09.000+00:00,자전거: 02.메이비 20 / 컬러: 라이트핑크,잘타고있어요 . 애기가.타기좋아요,4,1,긍정
smil*****,2020-06-11T11:05:27.000+00:00,자전거: 02.메이비 20 / 컬러: 민트,너무무거워서  8살아이가타기엔 힘드네요  바퀴 잘 안굴러가요,2,1,긍정
card******,2020-06-19T22:16:55.000+00:00,자전거: 01.카라 / 컬러: 다크블루,잘사용 하고있습니다,5,1,긍정
came********,2020-06-15T09:32:57.000+00:00,자전거: 01.카라 / 컬러: 다크블루,가격대비 좋지만 아동용이네요ㅠ,4,1,부정
lwh7***,2020-06-14T07:38:27.000+00:00,자전거: 02.메이비 20 / 컬러: 라이트핑크,만족합니다 잘쓸께요,4,1,부정
pois********,2020-05-12T00:57:33.000+00:00,자전거: 02.메이비 20 / 컬러: 라이트핑크,"보조바퀴가 생각보다 약한것같아서 아쉬워요.
자전거 색상은 너무 예쁘네요",3,1,부정
shaz*****,2020-05-27T14:30:56.000+00:00,자전거: 03.화이트라벨 / 컬러: 블랙,조립 간편하고 좋아요,4,1,긍정
no01***,2020-05-29T00:00:36.000+00:00,자전거: 01.카라 / 컬러: 다크블루,조립도쉽고 품질도 좋고 모든면이 마음에 듭니다. 강력추천입니다. 감사합니다.,5,1,긍정
yhma****,2020-05-26T13:18:15.000+00:00,자전거: 03.화이트라벨 / 컬러: 화이트,앞 브레이크 소리나는거 하나 걸리네요,4,1,긍정
jini******,2020-05-25T15:25:26.000+00:00,자전거: 01.카라 / 컬러: 다크블루,초4 아들 타려고 샀는데 성인여성 같이타기 좋아요. 집에서 어렵지않게 조립은 했는데 자전거샵가서 조율했더니 훨씬 안정감 있네요.,5,1,긍정
min3*****,2020-06-08T04:09:08.000+00:00,자전거: 01.카라 / 컬러: 다크블루,"괞찬은 가성비라 생각했는데 
앞바퀴 불량 튜브로 한번 타고 펑크가 나서 튜브교체 했슴. 
뒷바퀴도 불안함.",3,1,긍정
cl****,2020-05-19T01:18:59.000+00:00,자전거: 02.메이비 22 / 컬러: 라이트핑크,예쁘고 튼튼해요. 감사합니다.,5,1,긍정
khak***,2020-05-24T00:04:24.000+00:00,자전거: 02.메이비 20 / 컬러: 민트,내구성 좋고 디자인 예쁨,4,1,긍정
jdk3***,2020-06-01T06:43:43.000+00:00,자전거: 01.카라 / 컬러: 다크블루,"자전거 처음 타는거라서 연습용으로 샀어요.
살짝 무겁빈한데 그래도 가격대비 잘 산 것 같아요,",4,1,긍정
blue****,2020-04-02T20:47:29.000+00:00,자전거: 03.화이트라벨 / 컬러: 블랙,"키가 180까지 소화된다고 해서 구입했어요
성인여성 표준체격 키는168입니다
받았을때 20인치바퀴는 생각보다 좀 작아서 아쉬웠어요...
상품설명서에.. 아동용이 적혀있었는데 게시글에도 함께 적혀있었으면 좋았을텐데.. 
집에  공기주입기가 없어서 자전거를 끌고 인근  삼천리 매장가서 공기주입하고 타보니..
상품자체는 괜찮았으나 개인적으로 나한테는 맞지않은 제품이었습니다. 이미 흙이 다 묻어서 반품은 못하고 잘 타봐야죠..",3,1,부정
jn****,2020-04-30T04:59:50.000+00:00,자전거: 02.메이비 20 / 컬러: 라이트핑크,조립이 거의 다 되어있고 브레이크세팅같은것도 문제가 없어 바람만 넣고 바로 탔는데 엄청 좋아합니다. 좋은 제품이네요 가격도 합리적이고 질도 좋습니다,5,1,긍정
gusr********,2020-05-12T07:22:01.000+00:00,자전거: 02.메이비 22 / 컬러: 라이트핑크,"우선 빨리도착해서 기분좋네요!!^^
구멍뚫린곳이 있긴했지만 망가진곳은딱히없어요 잘받았습니다",5,1,긍정
jjs0***,2020-06-02T04:20:14.000+00:00,자전거: 03.화이트라벨 / 컬러: 화이트,감사합니다. 가성비 너무 좋아요~ 강추입니다.,5,1,긍정
s010*****,2020-05-29T14:08:54.000+00:00,자전거: 01.카라 / 컬러: 다크블루,초등5 학년 딸아이가 자전거 배우고싶다고해서 사줬는데 좋아합니다.브레이크쪽 플라스틱 깨졌는데 타는데 지장없을거 같아 그냥 조립했습니다.,4,1,긍정
bblo****,2020-06-10T10:31:04.000+00:00,자전거: 01.카라 / 컬러: 다크블루,너무 만족해요! 잘 타고다닙니다^^,5,1,긍정
wkqq***,2020-06-08T11:58:51.000+00:00,자전거: 02.메이비 20 / 컬러: 민트,나머지 조립도 어렵지않고 이쁜거 싸게잘샀어요!,5,1,부정
hanc****,2020-05-30T06:39:43.000+00:00,자전거: 01.카라 / 컬러: 다크블루,"디자인은 이쁜데  조립하는데 힘들었어요 ㅜㅜ
그리고 쫌 무거워요 이것빼곤 다 만족합니다",4,1,부정
saba******,2020-05-19T14:08:06.000+00:00,자전거: 03.화이트라벨 / 컬러: 블랙,배송이 빠르구  판매 싸이트 동영상 보고  조립도 완료하였습니다.,5,1,부정
naji********,2020-05-19T02:38:52.000+00:00,자전거: 01.카라 / 컬러: 다크블루,조립하기어렵지않아요~ 3학년145센치 아들 잘타네요~,5,1,긍정
jang****,2020-04-19T12:31:22.000+00:00,자전거: 02.메이비 20 / 컬러: 민트,"주문 가능한 자전거가 이것뿐이라 이 색깔과 상품으로 주문했어요.
배송이 빠르게 도착했고, 조립도 간편하게 했습니다.
접을 때 잘 안접혀진다고 고생했는데, 알고보니 손잡이 나사 같은걸 위로 들어올리면 쉽게 접히더라구요.
설명서에 있는 내용 읽어보길 잘 했다는 생각이 들었습니다.
안그러면 잘 안접힌다고 생각했을 것 같아요.
지금 날씨가 좋으니 자전거 열심히 타보려고요~^^",5,1,긍정
jyyj***,2020-06-07T09:23:22.000+00:00,자전거: 03.화이트라벨 / 컬러: 화이트,엉덩이 납작해지것어요 안장 약간 돌 재질 나머진 조하요,4,1,부정
gudc********,2020-05-19T10:59:57.000+00:00,자전거: 03.화이트라벨 / 컬러: 블랙,일단 조립간단해서좋네요 굿굿,4,1,부정
dudr******,2020-06-05T07:24:42.000+00:00,자전거: 02.메이비 20 / 컬러: 라이트핑크,"자전거 상태 좋습니다
포장도 잘되어서 오고
사장님이 매우 친절하십니당~!!",5,1,긍정
skdi*****,2020-06-03T10:00:18.000+00:00,자전거: 03.화이트라벨 / 컬러: 화이트,안장이 딱딱해요ㅠㅜ커버다시샀어요~디자인은 깔끔하고 이뻐요,5,1,부정
soly***,2020-05-18T14:38:41.000+00:00,자전거: 01.카라 / 컬러: 다크블루,빨리보내주셨고 자전거도 너무얘쁘네요 아들이정말좋아합니다,5,1,부정
kjh2***,2020-05-14T13:32:18.000+00:00,자전거: 02.메이비 20 / 컬러: 라이트핑크,"색상이 너무이쁘고 23키로 딸이 타기에  사이즈도 적당합니다
조금클줄알았는데 좋네요^^",5,1,긍정
kmh6***,2020-05-27T10:08:30.000+00:00,자전거: 01.카라 / 컬러: 다크블루,아주좋아요만족해요...,5,1,긍정
msy2***,2020-07-08T09:47:39.000+00:00,자전거: 02.메이비 20 / 컬러: 민트,빠른 배송 굿굿!!,5,1,부정
purp*****,2020-06-13T10:28:53.000+00:00,자전거: 01.카라 / 컬러: 다크민트,빠른배송 감사합니다.,5,1,부정
zeal*****,2020-06-07T08:38:10.000+00:00,자전거: 01.카라 / 컬러: 다크민트,자전거 잘 배송됐고 나머지 조립도 엄청 쉬웠어요 좋아요,5,1,긍정
maca********,2020-06-15T07:17:31.000+00:00,자전거: 01.카라 / 컬러: 다크민트,빠른 배송 만족합니다,5,1,부정
tm****,2020-06-13T11:00:00.000+00:00,자전거: 01.카라 / 컬러: 다크민트,접이식이라 이동 편하고 좋아요~,5,1,부정
haru*****,2020-06-12T19:56:30.000+00:00,자전거: 01.카라 / 컬러: 다크블루,"좋네요.
잘사용할게요~~많이파세요",5,1,긍정
adon*****,2020-05-27T03:35:19.000+00:00,자전거: 02.메이비 22 / 컬러: 라이트핑크,"배송도 맘에들고 실물이 너무 예뻐요.. 어제 아들이랑 공원에서 타 봤는데, 좋아요~",5,1,긍정
wtop****,2020-06-11T01:18:48.000+00:00,자전거: 02.메이비 20 / 컬러: 라이트핑크,이뻐요.좋아요.타기편해요.,5,1,긍정
zero*****,2020-06-02T09:23:00.000+00:00,자전거: 01.카라 / 컬러: 다크민트,"배송빠르고 생각보다 크기가 조금 크녜요..
다른 22인치랑 사이즈비슷해요..",4,1,부정
efko*****,2020-06-03T14:44:03.000+00:00,자전거: 03.화이트라벨 / 컬러: 블랙,조립이 되어 와서 핸들만 조립하면 되니 편하고 크기가 작아 보관하기 좋아요,5,1,긍정
amy6***,2020-06-02T12:23:58.000+00:00,자전거: 02.메이비 20 / 컬러: 라이트핑크,색상도 예쁘고 배송도 빠르네요 딸아이 선물로 구입했어요,5,1,긍정
ym01****,2020-05-18T11:17:01.000+00:00,자전거: 01.카라 / 컬러: 다크블루,잘 받았어요 자전거도 이뻐요!,5,1,부정
este*****,2020-05-07T12:05:12.000+00:00,자전거: 01.카라 / 컬러: 다크민트,"아이가 너무 좋아해요~배송오자마자 간단한 조립후 집안에서 바로 타보네요ㅎㅎ
초4 142 딱 타기좋네요~",5,1,긍정
eunj********,2020-06-13T00:49:11.000+00:00,자전거: 01.카라 / 컬러: 다크블루,아이가 너무좋아해요^^,5,1,긍정
abra*****,2020-06-03T13:39:28.000+00:00,자전거: 03.화이트라벨 / 컬러: 블랙,"아이가 좋아 하네요.
초등 2학년 130cm 정도로 적당합니다.",5,1,부정
ohjk****,2020-06-13T21:33:04.000+00:00,자전거: 02.메이비 20 / 컬러: 민트,저렴한가격에잘샀습니다.,5,1,부정
acal***,2020-06-03T06:11:15.000+00:00,,"배송 빠르고, 디자인이면 가격이면 모두 만족했어요...아이도 좋아라 하네요",5,1,부정
prio***,2020-06-14T00:51:47.000+00:00,자전거: 02.메이비 20 / 컬러: 라이트핑크,딸이 맘에 들어합니다,5,1,부정
euae***,2020-05-28T15:11:30.000+00:00,자전거: 03.화이트라벨 / 컬러: 화이트,너무 예뻐요 조립은 좀 고생했는데 만족합니다. 오랜만에 야외에서 즐거웠어요,5,1,긍정
auto***,2020-06-15T16:27:17.000+00:00,자전거: 01.카라 / 컬러: 다크블루,역시 자전거는 삼천리네요,5,1,부정
kang*****,2020-05-12T13:39:49.000+00:00,자전거: 01.카라 / 컬러: 다크블루,좋아요 맘에들어요 정말 감사합니다,5,1,부정
fish******,2020-06-11T06:31:19.000+00:00,자전거: 01.카라 / 컬러: 다크민트,큰딸 선물아주 좋아요,5,1,부정
ldw4***,2020-05-24T12:51:23.000+00:00,자전거: 02.메이비 22 / 컬러: 라이트핑크,예쁘고 잘접히고 조금 무급기는  함,5,1,긍정
movi******,2020-05-24T12:48:06.000+00:00,자전거: 01.카라 / 컬러: 다크블루,빠른배송 조렴한가격,5,1,부정
dyh1***,2020-06-03T07:57:59.000+00:00,자전거: 02.메이비 20 / 컬러: 라이트핑크,예쁘고 타기 편리한데 7세 아이가 타기 무거워서 잠시 보관해놨어요. 조금 더 크면 타려고해요.,5,1,긍정
movi******,2020-05-24T12:47:41.000+00:00,자전거: 01.카라 / 컬러: 다크민트,빠른배송 저렴한가격,5,1,부정
ib****,2020-05-10T11:15:10.000+00:00,자전거: 01.카라 / 컬러: 다크블루,"배송도 빠르고 잘왔어요. 아이가 마음에들어해요 
130정도 아이에게 딱입니다 ^^",5,1,긍정
po****,2020-05-09T15:35:13.000+00:00,자전거: 01.카라 / 컬러: 다크블루,"색이 넘나이쁘네용ㅎㅎㅎ
남편이랑 같이 샀는데 잘산것같다며 좋아해욤ㅋ",5,1,긍정
euni******,2020-05-06T13:18:34.000+00:00,자전거: 02.메이비 20 / 컬러: 민트,전반적으로 만족합니다. 근데 살짝 무겁네요. 가성비 괜찮은것 같아요.,4,1,부정
rlag****,2020-05-12T23:25:36.000+00:00,자전거: 01.카라 / 컬러: 다크블루,만족합니다 ㅎㅎ 조립하고 타는데 가성비 최고네요^^,5,1,긍정
hood***,2020-05-22T00:32:24.000+00:00,자전거: 01.카라 / 컬러: 다크블루,조립도 쉽고 튼튼하게 보이네요,5,1,부정
suhs***,2020-06-01T03:34:40.000+00:00,자전거: 02.메이비 22 / 컬러: 라이트핑크,튼튼하고 좋아요. 다만 라이딩할 때 나가는 느낌이 좀 무거운 감은 있네요.,4,1,긍정
cl****,2020-05-16T06:45:43.000+00:00,자전거: 03.화이트라벨 / 컬러: 화이트,최고입니다. 역시 예쁘네요.,5,1,긍정
love*******,2020-05-08T05:58:59.000+00:00,자전거: 01.카라 / 컬러: 다크블루,엄청 무겁네요ㅜㅠ조립도 쉽다는 리뷰였는데 좀 헷갈리는부분도있었네요 그거빼곤 튼튼하고 만족합니당,4,1,부정
kh****,2020-04-24T03:03:20.000+00:00,자전거: 02.메이비 20 / 컬러: 민트,"정말 마음에 쏙 들어요.
배송도 예상보다 빨리 도착했고요, 
딸 아이 어린이날 선물로 구입했는데 미리 와서 더욱 좋아하네요.^^ 
9세 여아 130센치에요.
살짝 크지만 타는데 무리없네요..
번창하세요",5,1,긍정
luck****,2020-06-17T01:25:34.000+00:00,자전거: 01.카라 / 컬러: 다크블루,배송 굿 상품 굿 많이파세요,5,1,부정
mina******,2020-06-13T16:25:14.000+00:00,자전거: 01.카라 / 컬러: 다크민트,아이들 너무 좋아함,4,1,부정
bomc***,2020-06-04T06:17:30.000+00:00,자전거: 01.카라 / 컬러: 다크블루,선물로 사드렸는데 좋아하셔서 다행입니다 바구니가 조금 컸으면 좋겠습니다~,3,1,긍정
secr******,2020-04-29T02:20:24.000+00:00,자전거: 02.메이비 20 / 컬러: 라이트핑크,"자전거는 아이가 너무 만족해요. 색도 이쁘구요.
그런데 보조바퀴를 달려고 하는데 도저히 나사가 빠지질 않아서 자전거 대리점에 가야겠어요 ㅠㅠ",4,1,부정
acut******,2020-05-24T15:11:34.000+00:00,자전거: 01.카라 / 컬러: 다크블루 (4월 2일 발송),잘 타고 있고 딱히 문제있거나 그런것도 없어요~ 다만 앞에 바구니가 좀.. 떨어지거나 할때가 있어서 고정이 더 잘되면 좋겠단 생각이 드네요. 자전거 예쁘다는 말 많이 들었어요~,5,1,긍정
hk****,2020-05-08T12:34:55.000+00:00,자전거: 01.카라 / 컬러: 다크민트,가격도 배송도 만족합니다. 막내 어린이날 선물 대만족이네요^^,5,1,긍정
thom*****,2020-06-07T14:40:45.000+00:00,자전거: 02.메이비 20 / 컬러: 라이트핑크,색깔도 촌스럽지 않고 조립하기도 편해요,4,1,부정
daju********,2020-05-07T14:32:04.000+00:00,자전거: 01.카라 / 컬러: 다크블루,"아이가 너무 좋아해요 
정말 저렴하게 잘 사서 매일매일 타고있어요ㅋ",5,1,긍정
wjdg*****,2020-05-24T13:12:01.000+00:00,자전거: 01.카라 / 컬러: 다크민트,빠른배송 감사해요~,5,1,긍정
murk***,2020-05-09T08:10:05.000+00:00,자전거: 01.카라 / 컬러: 다크블루,"배송도 빠르고 조립도 그닥 힘들지 않았습니다.
예쁘네요.. 잘 타겠습니다.",5,1,긍정
dnjs*******,2020-05-23T11:06:19.000+00:00,자전거: 01.카라 / 컬러: 다크블루,아침마다 자전거타고 운동중이에요~~,4,1,긍정
dhch***,2020-05-18T04:33:35.000+00:00,자전거: 01.카라 / 컬러: 다크블루,"초3 아이도 타고 저도 타고~
배송도 빨랐고 디자인도 굿~~",5,1,긍정
jhio******,2020-05-16T06:39:19.000+00:00,자전거: 01.카라 / 컬러: 다크블루,"배송너무빠르구요 
아들이 너무좋아합니다
초3인데. 딱이네요",5,1,긍정
lee1*****,2020-05-25T01:21:02.000+00:00,,상품 저렴하게 구매했고 자전거도 잘나가네요 무엇보다 배송도 빨라서 좋았어요,5,1,부정
dewe********,2020-06-13T09:06:28.000+00:00,자전거: 02.메이비 20 / 컬러: 민트,좋습니다 좋습니다 좋아요,5,1,부정
tian*******,2020-05-29T14:03:57.000+00:00,자전거: 03.화이트라벨 / 컬러: 블랙,"조립 완성하고 첫 라이딩 준비하고 있습니다.
충격 흡수 소바가 없는게 조금 흠이긴 하지만 가격이 위낙  싸니깐 감안해야줘.
고고씽 ~~~",4,1,긍정
skil*****,2020-05-11T05:51:28.000+00:00,자전거: 01.카라 / 컬러: 다크블루,"친절히 상담해주셧어요.
7살아이가 타기 아직 큰감은잇긴한데 내년엔 괜찮을듯하네요ㅎㅎ",5,1,긍정
slav*****,2020-06-12T02:01:40.000+00:00,자전거: 01.카라 / 컬러: 다크민트,아이가 엄청 좋아합니다~,5,1,부정
pw****,2020-06-12T01:16:54.000+00:00,자전거: 03.화이트라벨 / 컬러: 블랙,아이가 너~~~무 좋아해요~~~~,4,1,부정
larv***,2020-06-07T02:59:02.000+00:00,자전거: 01.카라 / 컬러: 다크민트,조립도할만하고 자전거도 불량없이 깔끔하고좋아요,5,1,긍정
jsy5*****,2020-06-05T23:39:40.000+00:00,자전거: 02.메이비 20 / 컬러: 민트,초등고학년 딸아이가 너무좋아해요,5,1,긍정
go20***,2020-05-19T22:38:07.000+00:00,자전거: 03.화이트라벨 / 컬러: 화이트,조립 그렇게 어렵지 않고  좋습니다,4,1,부정
rkdc*****,2020-05-28T22:45:55.000+00:00,자전거: 01.카라 / 컬러: 다크블루,배송 안전하게 잘 왔어요  간편하게 자전거 연습용으로 좋아요,4,1,긍정
ojy1***,2020-05-17T12:40:08.000+00:00,자전거: 01.카라 / 컬러: 다크블루,생각보다 크고 무겁... 여자 혼자 들고 내리기 힘들어요,3,1,긍정
solo****,2020-05-19T10:40:12.000+00:00,자전거: 01.카라 / 컬러: 다크블루,일단 자전거가 부드럽게 잘나갑니다. 이음새모두 단단히 조립되어있구요 접고 펴는것도 간편하고 안전하게 되어있네요.. 주위분도 타보시더니 애들 사줘야겠다고 합니다. 좋은제품 잘 쓰겠습니다~,5,1,부정
sn****,2020-03-28T10:25:46.000+00:00,,"데일리용으로 가끔 동네나 공원에서 탈려고 구입했어요. 디자인이나 색감도 너무 이쁘고 완전 취향 저격이에요. 가격대도 비교적 가성비 좋게 부담가는 가격대는 아니라 만족스럽구요, 조금 사소한 부분에 예민한 편인데 페인트 벗겨진곳이나 손상된 곳없이 배송도 깔끔하고 빠르게 도착했어요. 튼튼해서 오래 탈수 있을것 같아요. 디테일도 하나하나 마음에 들고 마감도 꼼꼼해서 전체적으로 너무나 만족스러워요.",5,1,부정
cook******,2020-05-20T00:59:59.000+00:00,자전거: 02.메이비 22 / 컬러: 라이트핑크,생각보다 큽니다 하지만 좋네요,5,1,긍정
rkfk*****,2020-04-30T06:09:04.000+00:00,자전거: 02.메이비 20 / 컬러: 라이트핑크,큰 자전거가 아니라서 보관하는게 편하고 조립도 쉽게 할수있었아용 ㅎ,5,1,부정
ch****,2020-05-06T13:08:17.000+00:00,자전거: 02.메이비 20 / 컬러: 민트,자전거도 튼튼하고 이쁘네요 아이가 좋아합니다,5,1,긍정
ssun****,2020-05-21T07:26:03.000+00:00,자전거: 01.카라 / 컬러: 다크블루,"좋아요
색도 넘 이쁘고 고급스러워보여요
성인될때까지 탈수 있을것같아요",5,1,긍정
drea*****,2020-05-10T02:32:25.000+00:00,자전거: 02.메이비 20 / 컬러: 민트,"조립이 조금 어려우니 꼭 대리점 가서 조율 받으면 좋을 것 같습니다
상세한 조립 설명이 같이 동봉되면 좋겠습니다",4,1,부정
hm****,2020-05-07T06:48:22.000+00:00,자전거: 01.카라 / 컬러: 다크블루,하루만에 배송 되어 왔어요.무겁긴하지만 아이가 좋아합니다,5,1,긍정
ps****,2020-06-10T05:01:33.000+00:00,자전거: 01.카라 / 컬러: 다크블루,"귀엽고 튼튼합니다.
추천드립니다.",4,1,부정
ed****,2020-05-05T14:45:19.000+00:00,자전거: 01.카라 / 컬러: 다크민트 (4월말경 입고),"예쁘고 튼튼해요
접이식이라 보관과 이동도 편하네요
키 155 딸이 타니까 딱 좋아요",5,1,긍정
gl****,2020-05-31T01:15:12.000+00:00,자전거: 01.카라 / 컬러: 다크민트,자전거가 참 이뻐요 집사람이 무척 좋아하네요,3,1,부정
ara2***,2020-05-31T05:34:01.000+00:00,자전거: 01.카라 / 컬러: 다크민트,초3에게 딱 맞아요. 접이식이라 차에도 넣어 다닐수 있어 좋아요.,5,1,부정
jeje******,2020-05-15T01:04:41.000+00:00,자전거: 02.메이비 20 / 컬러: 라이트핑크,조립에 조금 애 먹긴했지만 자전거는 너무 예쁘고 튼튼합니다~,4,1,부정
wlfk********,2020-05-12T10:22:59.000+00:00,자전거: 02.메이비 22 / 컬러: 라이트핑크,"딸아이랑 타려고 주문했어요
이쁘고 접이식이고 좋으네요
매일 타려구요",5,1,부정
cl****,2020-05-16T14:13:29.000+00:00,자전거: 01.카라 / 컬러: 다크블루,이 자전거덕분에 아이가 자전거 여행을 아주 좋아해요,5,1,긍정
caps******,2020-05-07T11:18:29.000+00:00,자전거: 01.카라 / 컬러: 다크민트,"배송도 빠르고, 자전거 너무 이뻐요... 단 흠이 있다면 같이 &middot;문한 전방 라이트가 불량이라 안켜져요 ㅜㅜ",5,1,부정
love*******,2020-05-13T12:29:05.000+00:00,자전거: 01.카라 / 컬러: 다크블루,아이가 좋아해요 조립도 쉽게  할수있어요,4,1,부정
kutg***,2020-05-08T11:46:12.000+00:00,자전거: 01.카라 / 컬러: 다크블루,배송빠르고 아이가 좋아해요 조립은유툽보고 함,5,1,긍정
ke****,2020-05-31T10:14:29.000+00:00,자전거: 01.카라 / 컬러: 다크민트,"배송이빨랐구요 초등3학년 여아  키133인데
잘맞게 탔습니다",5,1,부정
haza*****,2020-06-02T18:11:45.000+00:00,자전거: 01.카라 / 컬러: 다크블루,이렇게 좋아할줄 몰랐는데 아이가너무좋아해요,3,1,긍정
hamt****,2020-05-07T06:25:12.000+00:00,자전거: 02.메이비 20 / 컬러: 민트,"배송 빠르네요
연휴라서 좀 걸릴줄 알았는데
덕분에 조카한테 사랑받았습니다.
색상도 너무 이쁘네요",5,1,긍정
ej41***,2020-04-04T06:50:20.000+00:00,자전거: 01.카라 / 컬러: 다크블루,"자전거 너무너무 이쁘네요
저희아이가너무좋아해요
초2올라가는 남아인데요
아이타다 안타면 제가탈예정이네요ㅎㅎ
감사합니다~
배송이 늦어서 사은품으로주신
후미등.자물쇠도 감사해요~^^",5,1,긍정
byun****,2020-06-05T21:54:34.000+00:00,자전거: 01.카라 / 컬러: 다크블루,가격대비 너무 만족스럽습니다~,5,1,부정
eunm********,2020-05-13T11:26:38.000+00:00,자전거: 01.카라 / 컬러: 다크블루,"작긴 해도 좋아요 
혼자 타면 작아도 좋긴한데 
뒤에 애도 같이 탈거면 많이 작네요 
생각을 잘못하고 사서 ㅠㅠ 작긴해요 
그래두 디자인이나 성능은 좋아요!",4,1,부정
fkdl****,2020-06-02T04:37:45.000+00:00,자전거: 01.카라 / 컬러: 다크민트,아이가 너무좋아합니다. 계속 타러 나가자고 하네요,3,1,부정
kill****,2020-05-17T06:07:15.000+00:00,자전거: 01.카라 / 컬러: 다크민트,배송도 빠르고 자전거가 넘 이쁘네요,5,1,부정
ja****,2020-06-04T21:50:29.000+00:00,자전거: 02.메이비 20 / 컬러: 민트,배송빨랐어요   보조바퀴는  자전거점에서장착,5,1,부정
hisu*****,2020-05-19T01:56:10.000+00:00,자전거: 02.메이비 20 / 컬러: 민트,여자아이가 타기 넘 좋아요,5,1,부정
lim0***,2020-05-20T19:38:12.000+00:00,자전거: 02.메이비 22 / 컬러: 라이트핑크,딸이  너무  좋아해요,5,1,부정
miyo*****,2020-05-07T13:56:23.000+00:00,자전거: 01.카라 / 컬러: 다크블루,여자이고 제가 힘이 좀 약한편이긴한데 그래도 상상이상으로 무겁습니다. 크기는 따릉이만하다고 보면 되고 자알못이라 조립을 어떻게 하긴 했지만 힘도 딸리고 자전거 센터에 한번 맡길려구요. 저처럼 힘이 약하고 자전거에 대해 무지하면 포장채로 자전거 조립 맡기는게 훨씬 맘편합니다..,4,1,부정
siri*******,2020-06-02T01:16:25.000+00:00,자전거: 01.카라 / 컬러: 다크블루,접을수있고 튼튼하네요 가격도 착하고요,5,1,부정
icdi****,2020-05-13T13:21:12.000+00:00,자전거: 01.카라 / 컬러: 다크민트 (4월 7일 발송),"조립식 산거 후회없이 진짜 잘타고 다녀요^^
(제품 구매후 삼천리매장 가볼 기회가 안되서 점검하러 가보지 않았지만, 별 이상도 없어서 안가기두 햇어여 ㅎ) 여기 추천해주니 지인들도 몇분 사셨더라구요 ㅎㅎ 너무너무 만족하는 제품입니다^^!",5,1,부정
minj*******,2020-05-20T09:19:43.000+00:00,자전거: 01.카라 / 컬러: 다크블루,대체적으로 만족합니다. 다만 언덕심한 동네 사는데 미니벨로는 언덕오르는데 적합하지는 않는것을 고려못했네요 조립도 거의 80%는 되어서 조립비용 굳었네요 ㅎㅎ,4,1,부정
thfu***,2020-05-27T13:40:28.000+00:00,자전거: 01.카라 / 컬러: 다크블루,아이가 무척 좋아하네요 초등 2학년 아들이 타기 적절해요,4,1,부정
sin0*****,2020-06-13T00:17:35.000+00:00,자전거: 02.메이비 20 / 컬러: 라이트핑크,좀 무거운거 같아요ㅠ,4,1,부정
khr3***,2020-05-10T07:07:52.000+00:00,자전거: 02.메이비 22 / 컬러: 라이트핑크,"싸게 잘 샀고 배송도 빨라서 좋네요
조립도 유튜브 한번 보면 나름 쉬워요",5,1,긍정
hdlr***,2020-04-27T00:40:42.000+00:00,자전거: 01.카라 / 컬러: 다크블루,"저렴한 가격에 괜찮게 사용하고 있습니다.
키가 177인 저도 잘 타고 있어요!

*사진에 있는 바구니는 제가 별도로 장착한 것 입니다*",5,1,부정
80hy***,2020-05-12T12:32:42.000+00:00,자전거: 01.카라 / 컬러: 다크블루,"배송이 꼬여서 오래걸려서 받았으나..
간편한조립에..
깔끔한 디자인..
예쁘네요~~^^",5,1,부정
adam******,2020-05-07T22:37:43.000+00:00,자전거: 01.카라 / 컬러: 다크민트,"물건자체가틀립니다
굿트",5,1,긍정
hyeo****,2020-05-02T12:59:04.000+00:00,자전거: 02.메이비 20 / 컬러: 민트,조립도 쉽고 자전거 너무 예뻐요~ 10살 딸아이 어린이날선물로 샀어요~,5,1,긍정
bblo****,2020-03-23T22:46:52.000+00:00,자전거: 01.카라 / 컬러: 다크블루,"고민하다가 카라 다크블루로 구입했는데, 디자인예쁘네요~딱 내스타일! 딸이랑도 같이 타려고 20인치로 구입했는데, 147cm인 딸, 160cm인 저에게도 적당해요~
안장높이 조절도 폭넓게 가능해서 키차이가 좀 있어도 알맞게 탈 수 있구요~   스프링안장이라 오래 타도 승차감 좋아요~ 브레이크 제동력도 뛰어나 안전성 있고, 접거나 펼 수 있어서  휴대하기 편해요!  
자전거 재질도 튼튼한게 역시 삼천리 자전거네요~ 너무 만족합니다^^",5,1,긍정
oh****,2020-06-06T10:30:15.000+00:00,자전거: 01.카라 / 컬러: 다크블루,배송도 빠르고 아들이 무척좋아해요...,5,1,긍정
ya****,2020-05-15T13:52:04.000+00:00,자전거: 02.메이비 20 / 컬러: 민트,브래이크 손잡이 위치조절이어렵내요,3,1,부정
lapi***,2020-05-20T06:47:40.000+00:00,자전거: 01.카라 / 컬러: 다크민트,"자전거는 만족스러워요 타기도 편하고좋았요.
조립도 전반적으로 쉽지만
자전거에 대해 잘 알지 못하는 사람이 조립하기엔 조금 고민했어요.",4,1,부정
oran********,2020-05-21T09:05:47.000+00:00,자전거: 01.카라 / 컬러: 다크민트,메이비20품절이라 카라구매했는데 생각보다 밝고예뻐요 바구니가 찌그러져와서 문의드렸더니 바로보내주신다고하시네요~ ^^,5,1,긍정
ad41****,2020-05-09T15:36:37.000+00:00,자전거: 01.카라 / 컬러: 다크민트,"색이 너무 예뻐요~~!!! 
박스가 넘커서 놀랬어요ㅎㅎㅎ 
무겁..",5,1,부정
kkh0****,2020-05-07T00:25:30.000+00:00,자전거: 02.메이비 20 / 컬러: 민트,"아이가 너무 좋아하네요
이쁘고 좋아요",5,1,부정
jjoo***,2020-06-08T05:09:50.000+00:00,자전거: 02.메이비 20 / 컬러: 라이트핑크,가격대비 만족합니다,4,1,부정
pk32***,2020-06-03T01:26:29.000+00:00,자전거: 02.메이비 20 / 컬러: 민트,배송도빠르고아주맘에들어요,4,1,부정
mk****,2020-05-30T06:35:23.000+00:00,자전거: 01.카라 / 컬러: 다크민트,"직접 조립도 쉽고 간편해요
엄청 마음에 들어요",5,1,긍정
sikr****,2020-05-26T11:52:07.000+00:00,자전거: 02.메이비 22 / 컬러: 라이트핑크,"코로나로 대리점 재고가 없어 인터넷구매 좋아하네요
많이 파세여",5,1,부정
love****,2020-05-02T05:49:19.000+00:00,자전거: 02.메이비 20 / 컬러: 민트,예뻐요 배송 이틀 걸렸고 조립 쉬워요. 기어 바꿀 수도 있고 좋아요,5,1,부정
dewe********,2020-06-13T09:05:48.000+00:00,자전거: 02.메이비 20 / 컬러: 라이트핑크,좋습니다 좋습니다 좋습니다,5,1,긍정
eccl****,2020-04-15T16:09:19.000+00:00,자전거: 02.메이비 20 / 컬러: 라이트핑크,"저렴한 가격에 예쁜 자전거가 생겼네요!
아이가 너무 좋아합니다!
보조바퀴는 삼천리 매장에 가서 돈주고 설치했는데 인터넷 구매 물건은 점검 싹 해주는데 30,000원 받아야한고 해서 그냥 7,000원주고 보조바퀴만 달았네요ㅠㅠ 에이에스나 점검 받기 어려운점이 조금 아쉽네요~",5,1,부정
dnsg******,2020-03-30T09:47:32.000+00:00,자전거: 01.카라 / 컬러: 다크블루,"깔끔하고 네이비 색상이 깔끔하고 고급집니다.
사진보다 훨씬 예뻐요. 무겁다는 글을 봤는데
성인이 들기엔 괜찮은거같아요. (당연히 자전거가 이정도 무게는 있지않나 라는 생각) 
초등학생이 들기엔 무게감이 있겠네요. 하지만 너무 가벼운거 보다는 안정감이 있어서 좋았어요
바구니 찌그러짐 없이 왔고, 빠른배송도 만족스러웠네요! 
인터넷으로 사는거라 많이 고민했지만 지인들에게 추천해줘야겠어요.
좋은 물건 많이파세요!
잘 쓰겠습니다^^",5,1,부정
like****,2020-05-17T04:10:53.000+00:00,자전거: 01.카라 / 컬러: 다크블루,조립도쉽고 대만족입니다,5,1,긍정
jang*****,2020-05-23T20:18:09.000+00:00,자전거: 02.메이비 22 / 컬러: 라이트핑크,"자전거 바퀴는22인치인데 보조바퀴는20인치용으로 보내줘서 맞지도 않는걸 보내줘서 난감하네요
22인치용 보조바퀴는 엄청 비싸고...
보조바퀴 때문에 자전거를 바꿀수도 없고",1,1,부정
amab*******,2020-05-19T11:34:03.000+00:00,자전거: 01.카라 / 컬러: 다크블루,너무 마음에 들어요~,5,1,부정
love******,2020-05-22T12:07:55.000+00:00,자전거: 03.화이트라벨 / 컬러: 화이트,"너무 좋아요, 여자혼자도 가능하네요^^ 근데 왼쪽 브래이크를 잡으면 끼익~~ 소리가 나는데 왜 그런걸까여???",4,1,부정
decd****,2020-05-17T22:54:44.000+00:00,자전거: 01.카라 / 컬러: 다크블루,너무 예쁘고 마음에 들어요~~,5,1,부정
ekdt****,2020-05-17T01:56:43.000+00:00,자전거: 01.카라 / 컬러: 다크블루,튼튼하고 디자인도 괜찮아요.,5,1,긍정
zang****,2020-05-24T15:20:14.000+00:00,자전거: 01.카라 / 컬러: 다크민트,너무 만족합니다 .빠른배송 감사드려요,5,1,부정
ceoj****,2020-05-07T23:27:39.000+00:00,자전거: 01.카라 / 컬러: 다크블루,"좋아요~♧
조립이 잘 되어서 도착했네요~♧
아침에 딸아이가 잘 타고 노내요~♧",5,1,부정
sesh****,2020-05-27T13:36:11.000+00:00,자전거: 02.메이비 22 / 컬러: 라이트핑크,자전거 이쁘고 좋은데 초2여아가 타기에는 크네요 130이상 되어야 탈수 있을꺼 같아요,4,1,긍정
jung******,2020-06-02T23:57:05.000+00:00,자전거: 03.화이트라벨 / 컬러: 블랙,좋은상품 완전 저렴한 가격에 득템 했어요,5,1,부정
sunn*****,2020-06-07T13:29:04.000+00:00,자전거: 03.화이트라벨 / 컬러: 블랙,잘 받았고 무난해요,5,1,부정
jins****,2020-05-22T03:15:51.000+00:00,자전거: 01.카라 / 컬러: 다크블루,배송 꼼꼼히 왔어요 집근처 엄마 마실용으로 구매했는데 만족합니다,4,1,긍정
nt****,2020-05-24T13:47:25.000+00:00,자전거: 02.메이비 22 / 컬러: 라이트핑크,"이쁜 자전거 좋아요.
배송도 빠르고, 조립도 어렵지 않습니다.",5,1,긍정
myk5***,2020-06-01T05:21:15.000+00:00,자전거: 02.메이비 22 / 컬러: 라이트핑크,핑크로 샀는데 넘 예쁘고 출퇴근용으로 샀는데 정말 좋아요,5,1,긍정
cdma****,2020-05-14T01:33:41.000+00:00,자전거: 03.화이트라벨 / 컬러: 화이트,좋아요 잔고장없이 잘 타고 있습니다,4,1,부정
gh****,2020-05-08T05:58:55.000+00:00,자전거: 02.메이비 20 / 컬러: 라이트핑크,"너무이쁘고 좋아요
애도어른도 같이탈수있네요",5,1,긍정
tmfr*****,2020-05-08T09:15:21.000+00:00,자전거: 01.카라 / 컬러: 다크블루,"제품 상세 설명서가 없어서 힘들었고.
생각보다 가볍진 않지만,그래도 만족합니다.",4,1,부정
mino***,2020-04-13T07:20:32.000+00:00,자전거: 02.메이비 20 / 컬러: 라이트핑크,배송 잘 받았어요~ 포장 꼼꼼하게 해주셔서 안전하게 잘 도착했네요. 살펴봤는데 어디 흠집난 곳도 없고 깨끗한 새 제품으로 보내주셔서 감사해요!ㅎㅎ 핑크색 너무 예쁘네요~ 이번에 이사가면서 딸아이 학교가 조금 멀어져서 딸아이 등하교용으로 선물해준건데 소녀감성에 딱 맞는지 너무 좋아하네요! 근데 너무 예뻐서 저도 출퇴근용으로 타고 다니고 싶을 정도로 탐나는게 문제ㅋㅋ어쨌든 예쁘기도 예쁘고 튼튼하고 접을 수 있어서 보관도 편하고 안전한 것 같아 완전 만족스럽네요! 짐받이도 유용한 것 같고ㅎㅎ최근에 구매한 것들 중에 제일 만족스러워요!!!,5,1,긍정
koko*****,2020-05-19T14:27:38.000+00:00,자전거: 01.카라 / 컬러: 다크블루,"배송도 빠르고 거의 조립된상태라
조립도 쉽구요 색상도 고급집니다
초보용으로 샀는데 딱 적당합니다",5,1,긍정
cuim**********,2020-06-06T05:46:43.000+00:00,자전거: 01.카라 / 컬러: 다크블루,자전거 너무너무 이쁘구 잘나가요~,5,1,긍정
nami****,2020-05-19T04:37:35.000+00:00,자전거: 01.카라 / 컬러: 다크블루,"조립은 생각보다 쉽게 했구요 다시 접으려니 쬐금 빡쎈듯 ㅜㅜ
그래도 너무 좋아하고 색도 너무 이쁘네요",5,1,부정
dmco***,2020-05-27T01:33:48.000+00:00,자전거: 02.메이비 22 / 컬러: 라이트핑크,"배송도 안전하게 잘 됐구요.
자전거도 아주 예뻐요.",5,1,긍정
smai*******,2020-05-31T01:17:35.000+00:00,자전거: 01.카라 / 컬러: 다크블루,울 아들이 너무 좋아합니다. 잘 받았습니다.,5,1,부정
star*****,2020-05-30T12:52:31.000+00:00,자전거: 01.카라 / 컬러: 다크민트,"색이 화면과 같아요.
너무 예쁘고 좋아요.",5,1,긍정
miye***,2020-04-23T07:03:08.000+00:00,자전거: 03.화이트라벨 / 컬러: 화이트,"저렴하게 잘샀어요 ~
곳곳에 미세스크레치가 있긴해요 
배송품은 어쩔수 없는듯 
가성비는 좋아요",4,1,부정
ar****,2020-04-22T11:12:33.000+00:00,자전거: 02.메이비 20 / 컬러: 라이트핑크,무겁긴하지만 너무 예뻐요~ 그리고 기어가 있어서 타는것도 편하다고 하네요~! 키가 130cm인데 안장을 거의 낮추니 발이 땅에 닿아요~~! 암튼 넘 예쁘고 강추합니다~!,5,1,부정
funf****,2020-06-03T05:23:28.000+00:00,,배송빠르고 대응도 잘 해주셨어요.,5,1,부정
seit****,2020-06-07T12:11:44.000+00:00,자전거: 01.카라 / 컬러: 다크민트,아이가 정말 잘 타고 있어요~,5,1,긍정
lcw1***,2020-06-25T01:49:16.000+00:00,,잘받았습니다잘받았습니다,5,1,긍정
janu****,2020-05-09T15:16:36.000+00:00,자전거: 02.메이비 20 / 컬러: 민트,ㅅ ㅏ업 번창하세요~♡ 자전거 너무 이쁘고 좋네요,5,1,긍정
yhy5***,2020-06-03T08:19:35.000+00:00,자전거: 02.메이비 20 / 컬러: 민트,빠른배송감사 합니다.,5,1,부정
hank*******,2020-05-08T10:40:39.000+00:00,자전거: 02.메이비 20 / 컬러: 민트,아이가 매우 만족해합니다.,5,1,부정
sem0***,2020-05-02T13:19:25.000+00:00,자전거: 02.메이비 20 / 컬러: 민트,색이나 이런거는 사진과 똑같지만 엄청 고급은 아니에요. 그래도 아이가 좋아합니다,4,1,부정
dlst******,2020-05-30T08:09:32.000+00:00,자전거: 02.메이비 22 / 컬러: 민트,사이즈 좋아요 ㅎㅎㅎ^^ 애들이.잘타요,5,1,부정
wjsq*******,2020-05-07T13:07:28.000+00:00,자전거: 02.메이비 20 / 컬러: 민트,빠른 배송 아이가 너무 좋아하네요,5,1,긍정
inpe****,2020-05-18T09:27:22.000+00:00,자전거: 02.메이비 22 / 컬러: 민트,아이가 첫 두발 자전거 사서 너무 좋아하네요. 조립도 쉽고 이쁘고 좋네요.,5,1,부정
jc****,2020-05-31T11:50:20.000+00:00,자전거: 02.메이비 22 / 컬러: 라이트핑크,조립도 어렵지 않았고 초3 딸램 타기 적당하네요,5,1,긍정
whit******,2020-05-15T10:57:24.000+00:00,자전거: 01.카라 / 컬러: 다크블루,아이가 많이 좋아해요,5,1,긍정
nkm0***,2020-06-03T04:19:05.000+00:00,자전거: 01.카라 / 컬러: 다크블루,좋습니다~다음에 또 이용할게요,5,1,긍정
newh******,2020-06-03T02:48:21.000+00:00,자전거: 02.메이비 20 / 컬러: 민트,아이들이 타기에 만족합니다,5,1,긍정
annl****,2020-05-18T00:32:02.000+00:00,자전거: 01.카라 / 컬러: 다크블루,"깨끗하고 예뻐요. 조립도 반조립으로 와서 하기 어렵지 않았어요. 
아직 타기전이지만 많이 기대되네요!:)",4,1,부정
ming*****,2020-05-25T09:19:54.000+00:00,자전거: 01.카라 / 컬러: 다크블루,포장 잘되서 왔네요 간단조립하고 좋네요,4,2,긍정
ming*****,2020-05-25T09:19:20.000+00:00,자전거: 01.카라 / 컬러: 다크민트,포장 잘되서 왔네요 간단조립하고 좋네요,4,1,부정
lj****,2020-05-08T10:19:51.000+00:00,자전거: 01.카라 / 컬러: 다크민트,"초2 딸아이에게 딱이네요 
조립도 거의 되어있어서 좋네요~",5,1,부정
rjwl******,2020-05-12T11:54:35.000+00:00,자전거: 01.카라 / 컬러: 다크민트,"배송 빠르고, 흡집없이 포장 해주셨어요~",5,1,긍정
misy***,2020-03-26T23:36:05.000+00:00,자전거: 01.카라 / 컬러: 다크블루,코로나때문에 헬스도 못가고 다른 실내운동 못해서 한가진곳으로 자전거 타고 다니려고 구매했어요 디자인도 너무이쁘고 페달도 부드럽게 밟혀서 좋아요 배송이 빨라서 주문하고 다음날부터 타러 나간거 같아요 첨엔 너무 이뻐서 계속 사진만찍고 친구들테 자랑하기 바빴고 지금은 퇴근후 요놈타구 동네한바퀴 도는 재미로 운동하고있어요 친구들이 어디서 샀냐고 자꾸 물어볼정도로 이쁘고 가격도 저렴해요 감사합니다,5,1,긍정
wing***,2020-06-03T14:06:01.000+00:00,자전거: 01.카라 / 컬러: 다크민트,상품받고 바로 시승 튼튼하고 잘나갑니다,5,1,부정
rich******,2020-05-09T01:56:53.000+00:00,자전거: 01.카라 / 컬러: 다크민트,"저렴하고 제품도 좋네요.
아이가 좋아해요^^",5,1,긍정
skwl******,2020-06-01T07:47:35.000+00:00,자전거: 01.카라 / 컬러: 다크블루,너무좋아요감사합니다,5,1,부정
king******,2020-06-03T08:57:23.000+00:00,자전거: 01.카라 / 컬러: 다크민트,"아이가 좋아합니다.
잘 타겠습니다.",5,1,부정
ljsl****,2020-05-23T04:23:42.000+00:00,자전거: 03.화이트라벨 / 컬러: 화이트,"배송도 빨랐고,조립도 쉽고, 예쁘고
너무좋아요. 잘 탈께요",5,1,부정
juli*****,2020-05-06T10:05:20.000+00:00,자전거: 02.메이비 20 / 컬러: 라이트핑크,배송도 빠르고 아이가 너무 좋아합니다.,5,1,긍정
ct****,2020-05-12T11:46:53.000+00:00,자전거: 01.카라 / 컬러: 다크민트,접어서 차에 넣을 수 있어서 좋아요~,4,1,긍정
doye******,2020-05-26T10:26:31.000+00:00,자전거: 03.화이트라벨 / 컬러: 블랙,자전거 좋아요 ㅎㅎㅎ 핸들 조립은 꼭 유튜브 찾아보세요^^,4,1,긍정
diwi******,2020-04-29T11:38:50.000+00:00,자전거: 02.메이비 20 / 컬러: 라이트핑크,"오랫만에 타는데 잘타네요.
아이가 좋아합니다.
컬러도 상쿰하고 사이즈도 적당해요",5,1,긍정
dmst******,2020-05-25T08:19:09.000+00:00,자전거: 01.카라 / 컬러: 다크민트,"완전이뻐요
애가너무좋아해요
잘타고다닐께요~",5,1,부정
gk****,2020-05-27T00:58:41.000+00:00,자전거: 01.카라 / 컬러: 다크민트,아이가 너무 좋아해요 만족합니다,5,1,긍정
9643****,2020-04-13T06:23:43.000+00:00,,"10살 딸아이가 너무 좋아하네요.
전체적으로 만족하지만, 아쉬운부분이 몇개 있어요.
조립은 쉬운데, 설명서가 부실합니다. 그리고 바구니는 많이 아쉽네요.",4,1,부정
kawa****,2020-05-13T02:27:27.000+00:00,자전거: 02.메이비 22 / 컬러: 민트,"빠른배송 감사합니다~~
이쁘고 145인 딸도 160인 저도 잘탈수있겠어요~~
무게감은 오프라인에서보니 다 이정도 있더라고요~~
13~15정도는 차이를 잘 모르겠더라고요~~
잘타겠습니다~~",5,1,부정
b2****,2020-04-07T03:42:07.000+00:00,자전거: 01.카라 / 컬러: 다크블루 (4월 2일 발송),"제품이상당히만족스럽습니다.

다만 기어에 플라스틱은 아닌거같습니다.

쉽게 마모되지 않을까 걱정이네요",5,1,부정
tear*****,2020-05-13T04:06:17.000+00:00,자전거: 02.메이비 22 / 컬러: 라이트핑크,조립하기도 쉽고 너무 이쁘네요^^,5,1,부정
poro******,2020-03-23T10:15:09.000+00:00,자전거: 01.카라 / 컬러: 다크민트,"대중교통 타고 출퇴근하던  남편이 우한폐렴때문에 자차로 출퇴근하면서 제가 아주 근거리라 자전거로 출퇴근하려고 구매했습니다! 
자전거 잘 모르는데 입문용으로는 미니벨로가 더 낫고 20인치가 제 키에 딱일거같아서 구매했어요!  
메이비랑 많이 고민했는데 제가 받은것도 색감 이쁘고 마음에 들어요! 나중에 멀리 놀러가서도 애기랑 탈까싶어서 접이식에 뒤에 짐받이 있는걸로 했는데 잘 산거같아요! 뒤에 안장에 시트 달고 애기 태우면 될거같아요! 
안장도 푹신하고 높낮이도 쉽게 조절되고 기어는 안쓸줄알았는데 오르막에서 바꿔보니ㅠ진짜 편하고 좋네요~",5,1,긍정
msw9****,2020-06-01T01:21:23.000+00:00,,잘받았습니다. 감사합니다.,4,1,긍정
hi****,2020-04-13T16:35:40.000+00:00,자전거: 02.메이비 20 / 컬러: 라이트핑크,"어린이날 선물로 자전거선물받고싶다고 
노래하는 딸래미~날씨도 좋아지고해서
이것저것 알아보다 디자인도 심플하면서 색상까지
예뻐서 보자마자 겟했네요~
솔직히 화면보다 실물이 훨씬 더 마음에 들더라구요
7단 변속시스템으로 초보자도 손쉽게 변속이 가능하다고 하니 성능도 좋고, 프레임레버를 사용하여 자전거를 접거나 펼 수 있어 자동차에 쉽게 실코 다닐수있어 좋네요. 거기다 넓은 스프링 안장으로 승차감도 좋고 쉽게 안장높이를 조절 할 수 있어 가격대비 퀄리티가 넘나 우수한것같아요~",5,1,긍정
ga****,2020-04-24T06:34:37.000+00:00,자전거: 02.메이비 20 / 컬러: 민트,"자전거 이뻐요~2학년 여아 살짝 크지만 앞으로 더 자랄 생각해서 구매했어요.20인치 딱이예요!
판매자님 자물쇠 잘 쓸께요~^^",5,1,부정
java***,2020-05-18T02:26:57.000+00:00,자전거: 01.카라 / 컬러: 다크블루,"핸들도 가볍고 아이가 운전하기 좋습니다.
차체도 튼튼하고 손쉽게 조립가능합니다.",5,1,긍정
wond******,2020-06-01T14:50:07.000+00:00,자전거: 01.카라 / 컬러: 다크민트,접이식으로 이동할때 편해요,5,1,긍정
enoc****,2020-05-24T13:21:32.000+00:00,자전거: 01.카라 / 컬러: 다크민트,"자전거가 생각보다 이쁘네요.
다만 생각보다 너무 무거워요 ~",5,1,긍정
back******,2020-03-29T06:08:14.000+00:00,자전거: 01.카라 / 컬러: 다크블루,배송 잘 받았습니다. 생각보다 너무 빠르게 와서 너무나 만족스럽네요. 그리고 조립하는게 너무 쉬워요 생각보다 이렇게 간단할 줄이야ㅎㅎ 완전 쉽네요. 너무나 만족해요. 그리고 몇번타보니 더욱 더 만족스러운게 제가 생각한 딱 그대로 타기 좋고 그러네요. 역시 삼천리접이식 자전거라서 그런지 좋아요. 접는 법도 쉬워서 가볍게 차에 가지고 다니기도 쉽네요. 잘 쓸게요,5,1,부정
arom*****,2020-05-11T09:50:37.000+00:00,자전거: 01.카라 / 컬러: 다크블루,"집에오자마조립했어요 ^-^
넘이뿌공 동네 삼천리가게에오 20만원넘게 부르던더..  
저렴하거 잘사서 넘 좋아요 ^-^
이뿌고  우리딸 어린이날선물로 쵝오였답니당 ^-^",5,1,긍정
seve****,2020-05-27T05:09:48.000+00:00,자전거: 01.카라 / 컬러: 다크민트,빠른배송 만족하며 아쉬운점 저학녁이 타기엔 좀 무겁네요,3,1,부정
cool********,2020-05-15T05:41:47.000+00:00,자전거: 01.카라 / 컬러: 다크블루,조카 선물로 구매 했어요 조카가 너무나 좋아 합니다  디자인도 이쁘고  좋네욮   바구니가 잘못되서 왓지만 as또한  신속 했어요,5,1,부정
iaml***,2020-05-10T08:27:48.000+00:00,자전거: 02.메이비 20 / 컬러: 민트,"가볍고 오르막길 잘 올라가요
접는부분이 발에 걸려용",4,1,긍정
true***,2020-05-08T09:35:11.000+00:00,자전거: 02.메이비 20 / 컬러: 라이트핑크,배송 빠르고 딸아이가 좋아해요,5,1,긍정
wofk*****,2020-05-07T05:24:48.000+00:00,자전거: 01.카라 / 컬러: 다크블루,한달동안 별 탈 없이 잘 사용중입니다 자전거가 무거워서 접었다 펴는건 쉽지 않네요! 그냥 펴져있는 상태로 보관하고 있어요 접이식 자전거지만 접는게 불편하다는거 빼고는 좋아요,5,1,부정
ses1***,2020-04-15T13:00:27.000+00:00,자전거: 01.카라 / 컬러: 다크민트 (4월말경 입고),"조립은 어렵지 않았어요..포장도 꼼꼼하게 잘 도착했구요. 키130 여아 타는데는 적응기간이 필요해 보여요.
예쁜 자전거 생겨서 무척 좋아하네요 ㅎㅎ",4,1,긍정
dkrk****,2020-05-26T12:01:01.000+00:00,자전거: 01.카라 / 컬러: 다크블루,맘에듭니다~초심자나 여성분이 타시기에 더 좋은것같습니다 이쁩니다~^^,5,1,긍정
jsha******,2020-04-26T01:13:29.000+00:00,자전거: 02.메이비 22 / 컬러: 라이트핑크 (4월 2일 발송),"색깔도 너무 이뿌고 아이가 너무 좋아해요
요즘 매일 탑니다ㅎ
어른이 타도 될 사이즌것 같아요ㅎ",5,1,부정
le****,2020-05-14T08:38:15.000+00:00,자전거: 02.메이비 20 / 컬러: 라이트핑크,초3 키 130입니다 안장  밑에서 3센티정도올려앉히니 딱 입니다 저도 가끔타구요 색도예쁘고 튼튼해요 좀 무겁긴합니다,4,1,긍정
thel******,2020-04-09T04:54:07.000+00:00,자전거: 02.메이비 22 / 컬러: 민트 (4월 2일 발송),빠른 배송감사합니다. 진짜 좋아요. 조립도 어렵지 않았고 아이 안장도 사서 올렸어요. 접이식 자전거이니 주말에 근거리 공원가서 타고 놀기에도 좋을것 같아요. 코로나만 잠잠해지면 나가보렵니다! 감사해요!!,5,1,부정
misu****,2020-05-07T07:15:37.000+00:00,자전거: 02.메이비 20 / 컬러: 민트,생각했던 색상은 아니라 아이가 그닥.. 바구니도 약간 찌그러져 왔네요. 안장이 편하지는 않다고 해요. 적응되면 괜찮을거라고 말해줬는데 다음부터는 눈으로 보고 사야겠어요.,3,1,부정
mihy*******,2020-04-15T01:45:13.000+00:00,자전거: 02.메이비 20 / 컬러: 라이트핑크,배송도빠르고 자전거도맘에들어요..접이식이라서더편한거같아요,5,1,부정
rlag******,2020-04-01T02:49:11.000+00:00,자전거: 01.카라 / 컬러: 다크블루,"아주 만족해요
배송도 빨랐고요 다만 설명이 없어서 조립이 살짝 어려웠어요
핸들은 유투브 찾아서 조립했네요
조립도 잘 됐고 다 잘되는데 타다보면 안장이 조금씩 내려가나보더라구요 ㅋㅋㅋ 꽉 안조여졌는지
귀찮아서 조율 받으러 안갔는데 오늘은 조율을 받아보러 가야겠어요
출퇴근용으로 샀는데 만족입니다",4,1,긍정
mind******,2020-05-31T09:18:11.000+00:00,자전거: 02.메이비 20 / 컬러: 라이트핑크,자전거가 너무 이쁘고 좋아요,5,1,부정
smdo****,2020-05-10T05:49:26.000+00:00,자전거: 01.카라 / 컬러: 다크블루,저렴하고 예쁘고 의자도편해요,5,1,부정
dlfk*****,2020-05-30T15:45:26.000+00:00,자전거: 01.카라 / 컬러: 다크블루,운동은 하기싫어 조금이라도 움직일려고 샀어요.,5,1,부정
chic******,2020-06-01T01:50:50.000+00:00,자전거: 02.메이비 22 / 컬러: 라이트핑크,예쁘고 가벼워서 좋아요,5,1,부정
cjjk****,2020-05-11T02:50:53.000+00:00,자전거: 02.메이비 20 / 컬러: 라이트핑크,색깔이 이쁘고 아이들이 좋아하네요.,4,1,부정
bud1***,2020-05-30T12:27:01.000+00:00,자전거: 02.메이비 20 / 컬러: 민트,초3아이가 너무좋아해요~~,5,1,부정
dlgk******,2020-05-31T05:16:10.000+00:00,자전거: 03.화이트라벨 / 컬러: 블랙,부모님 산책용으로 사드렸는데 좋으시대여~~,5,1,부정
dewe********,2020-05-04T03:01:05.000+00:00,자전거: 02.메이비 20 / 컬러: 민트,"좋습니다

감사합니다

수고하세요",5,2,부정
lj****,2020-05-12T13:39:41.000+00:00,자전거: 02.메이비 22 / 컬러: 라이트핑크,"빠른 배송 감사합니다. 다만, 뒷바퀴 빗물막이에 도장이 베껴지고 바뀌가 때가 타있네요..중고는 아닌듯 하나..",3,1,긍정
supi*****,2020-04-16T01:29:43.000+00:00,자전거: 02.메이비 20 / 컬러: 민트,초1 여아가 민트색자전거를 원해서 구매했어요. 안장을 제일 낮추니 발이 간당하지만 땅에 닿아요.  조립도 거의 다 되어있어서 어렵지 않았구요. 다만 자전거가 좀 무거워요.,4,1,부정
ss****,2020-05-28T01:39:39.000+00:00,자전거: 01.카라 / 컬러: 다크블루,배송 빠르고 아이가 좋아해요~,5,1,부정
ha****,2020-04-26T10:51:31.000+00:00,자전거: 03.화이트라벨 / 컬러: 블랙,"잘타고 있어요. 근데 앞바퀴 브레이크를 잡으면 끽하고 소리가 엄청나요.....
뒷바퀴를 주로 쓰긴 하지만....
그래도 어쩌다 잡으면 엄청 신경 쓰이네요...",3,1,부정
chae******,2020-03-26T07:46:15.000+00:00,,일단 자전거를 인터넷에서 처음 구입해보는데 삼천리라 믿고 구매해봤어요! 배송도 굉장히 꼼꼼하게 포장되어 오고 엄청 빨리왔어요! 접이식이라 보관도 편리할거같아서 넘 좋네요 ㅎㅎㅎ 색깔도 너무 예쁘고 마음에 들어요!  너무 크면 타기 힘들까봐 고민했는데 여자가 타기 딱 좋은 사이즈네요~! 아 접는 것도 굉장히 편하구 여자 혼자 접기도 큰 무리가 없어요! 추천합니다 ㅎㅎ,5,1,긍정
dlgk******,2020-05-31T05:16:31.000+00:00,자전거: 03.화이트라벨 / 컬러: 화이트,가벼운 입문자용으로 좋을 것 같아요,5,1,부정
mooj****,2020-07-02T04:40:51.000+00:00,자전거: 02.메이비 20 / 컬러: 라이트핑크,goood good~~,5,1,부정
mooj****,2020-07-02T04:40:09.000+00:00,자전거: 02.메이비 20 / 컬러: 라이트핑크,goood good~^^,5,1,부정
jds1***,2020-05-08T12:09:03.000+00:00,자전거: 01.카라 / 컬러: 다크민트,배송도 빠르고 제품도 좋아요,5,1,부정
di****,2020-05-14T09:10:39.000+00:00,자전거: 01.카라 / 컬러: 다크블루,저렴한게 좋네요 잘탈게요,5,1,부정
zzaz********,2020-04-13T13:37:48.000+00:00,자전거: 02.메이비 20 / 컬러: 라이트핑크,결혼해서 촌에 내려와서 사는데 운전도 아직 못하고..그냥 사소한 생필품 하나사는데도 신랑 없이는 나가서 살수가 없는게 너무 답답했는데 자전거라도 하나있으면 가능할거 같다는 생각이 들어서 지인 추천으로 자전거 구매했어요~ㅎㅎ디자인도 너무 예쁘고 자전거가 엄청 튼튼하고 견고하네요ㅎㅎ역시 삼천리자전거라는 생각이 절로드네요ㅎㅎ배송도 빠르고 포장도 완전 꼼꼼하게 잘해서 보내주셨네용ㅎ감사합니다,5,1,긍정
rlgu***,2020-04-27T05:58:29.000+00:00,자전거: 03.화이트라벨 / 컬러: 화이트,"자전거가 실제로 받아보니 더 이쁘네요
조립도 그리 어렵지않구요
만족합니다",4,1,긍정
kkae****,2020-05-07T14:10:27.000+00:00,자전거: 02.메이비 22 / 컬러: 라이트핑크 (4월 2일 발송),너무이쁘고 좋아요 맘에들어요,4,1,부정
wt****,2020-03-25T14:41:11.000+00:00,자전거: 01.카라 / 컬러: 다크민트,"저희아이랑 같이 타려구요, 크기도 적당하고 아이가 타던 제가 타던 크게 불편함없이 잘 맞네요. 디자인이나 색상도 너무 이쁘게 잘 나온것 같고, 크기때문에 배송이 신경쓰였는데 다행이 안전하게 도착했어요. 요즘 코로나19때문에 바깥에 다니기가 신경쓰지만 날씨도 많이 좋아져서 갑갑할때 동네한바퀴씩만 돌고 와서 기분전환 되고 좋아요.
전체적으로 만족스러워요. 추천합니다!",5,1,긍정
jumb***,2020-05-20T10:03:25.000+00:00,자전거: 01.카라 / 컬러: 다크블루,"무거운게 단점인데 디자인 이쁘고
아이가 넘 좋아합니다~^^",4,1,부정
iced****,2020-05-16T09:58:52.000+00:00,자전거: 01.카라 / 컬러: 다크블루,아주 좋아요 배송도 제주도라 늦게올줄 알았는데 바로 와서 너무 좋았어요 ^^,4,1,긍정
banz***,2020-05-12T12:30:07.000+00:00,자전거: 01.카라 / 컬러: 다크민트,자전거 너무 예뻐요~~,4,1,긍정
sshh****,2020-05-22T00:25:27.000+00:00,자전거: 01.카라 / 컬러: 다크블루,"접고 펼 때, 들고 이동 할 때 무게가 좀 있어서  들기 살짝 힘든것 빼고는 아이들이 아주 잘 타고 있네요",4,1,부정
litt******,2020-05-08T10:17:22.000+00:00,자전거: 02.메이비 20 / 컬러: 라이트핑크,하자없는 제품으로 잘 받았습니다.,5,1,부정
cr****,2020-05-29T10:50:11.000+00:00,자전거: 01.카라 / 컬러: 다크블루,자전거 좋아요 아주 좋아요,4,1,긍정
yooj******,2020-03-26T14:11:07.000+00:00,,"코로나 때문에 답답해서 운동하려고 자전거 구매했는데 가격도 적당하고 실물 받아보니 진짜 튼튼하고 퀄리티 높아요!! 진짜 가성비 제품인게 확실합니다~디자인도 이쁘지만 브레이크 등 안전장치도 잘 되어 있고 안장도 넓적해서 진짜 편해요~~요즘 저녁이 매일 자전거 타고 운동하고 바람 쇠는기 낙이 되었습니다 ^^
잡이식이라 아파트에 사는 분들 진짜 강추합니다 .차량에 넣고 다기기에도 너무 편하고 좋아요 ~강추",5,1,긍정
li****,2020-05-04T11:57:47.000+00:00,자전거: 02.메이비 20 / 컬러: 라이트핑크,"배송도 빠르고 핑크 이쁘네요
두발 입문인데 잘탈거 같아요",5,1,긍정
ddun***,2020-04-08T10:03:08.000+00:00,자전거: 02.메이비 20 / 컬러: 민트,"올해 아이 생일 선물로 사줬어요.
민트색상을 넘나 좋아해서 민트색으로 찾고 있었는데 딱 맘에 드는 색상에 디자인이라서 바로 구입.
생일때 받을 수 있을까 했는데~ 판매자님의 빠른 배송 덕분에 생일날 서프라이즈 선물이 됐어요ㅎ
접이식이라 자리도 많이 차지하지 않고 나들이 갈때도 차 트렁크에 접어서 넣을 수 있어 좋을듯 해요.
생각보다 무게도 가볍고 접는 방법도 간단해서 아이 혼자서 접고 제자리에 두고 하네요.
아이한테 사이즈도 딱 좋구요~ 마감처리도 깔끔하게 다 잘 된 상품으로 받아서 굳 입니다^^",5,1,부정
yl****,2020-05-06T14:56:29.000+00:00,자전거: 02.메이비 20 / 컬러: 라이트핑크,"너무 이뻐요
근데 무겁네요~~^^",5,1,부정
bb****,2020-05-25T13:08:45.000+00:00,자전거: 02.메이비 22 / 컬러: 민트,"조립도 간단하고 좋습니다
만족합니다 ^^",5,1,긍정
mylo********,2020-04-25T07:16:41.000+00:00,자전거: 02.메이비 20 / 컬러: 라이트핑크,이쁘고 좋어요 조립도 어렵지않고 좋습니다,5,1,긍정
sisi****,2020-06-02T04:56:59.000+00:00,자전거: 01.카라 / 컬러: 다크민트,무거워요   쓸만합니다,4,1,부정
wi****,2020-05-16T15:23:42.000+00:00,자전거: 01.카라 / 컬러: 다크블루,자전거가 가성비가 좋습니다. 물건도 안전하게 잘배송 받았습니다.,5,1,부정
chy8***,2020-05-25T05:02:50.000+00:00,자전거: 01.카라 / 컬러: 다크민트,초등 2학년 딸에게 선물했는데 엄청 좋아합니다 ~&hearts;,5,1,긍정
hghw*********,2020-04-12T12:54:45.000+00:00,자전거: 02.메이비 20 / 컬러: 라이트핑크,날씨가 너무 좋아져서 주말에 놀러 나가고싶은데 코로나 때문에 어디사람많은곳도 못가고 답답해서 집앞에 운동겸 자전거 타고 산책할려구 구매했어요ㅎㅎ 접이식이라서 휴대하기도 간편해서 트렁크에 넣고 다니면서 짬짬히 산책하는데 너무 좋아요ㅋㅋㅋ 색도 넘 귀여워요ㅎㅎ 이 가격에 너무 재밌는 취미생활을 갖게돼서 뿌듯하고 돌아다닐때마다 자전거탈곳 없나하면서 다니게되네요ㅋㅋ 자전거도 튼튼해서 문제없이 타고다니는중이에요~,5,1,긍정
uewo*****,2020-04-11T10:18:58.000+00:00,자전거: 02.메이비 20 / 컬러: 라이트핑크,"하 정말 먼저 디자인 장난아니게 이쁘네요 ㅎㅎ 
사실 주말에 자전거 타려고 구매한건데 ㅎ 
타기 아까울 정도로 이뻐요 제맘에 쏙드네요 이시국에 자전거 타고 한바퀴 돌면 기분전환되고 좋더라구요 
안장도 편안하고 높낮이 조절도 되고 신랑도 타보고 싶다는걸 말리는 중이에요 혼자 아껴서 타야지 ㅎㅎ 한강 나들이 용으로 딱인것 같네요 
조립도 간단해서 집에서 이동할때도 굉장히 용이하더라구요 감사합니다 많이파세여",5,1,부정
lkwj*****,2020-05-07T07:30:39.000+00:00,자전거: 01.카라 / 컬러: 다크블루,배송도 빠르고 90프로이상 조립되어 배송되어 안장과 핸들만 조립하면 바로 사용할수 있어서 너무 편하게 조립하였습니다.  많이 파세요~,5,1,부정
like*****,2020-04-09T07:29:28.000+00:00,자전거: 02.메이비 20 / 컬러: 라이트핑크,자전거는 삼천리네요. 생각했던 것보다 훨씬 부드럽게 잘 나가고 너무 편해서 좋아요. 기대했던 품질 그 이상이에요. 색깔도 마음에 들고 왠만한 거리는 이제 자동차 말고 자전거로 이동하려 주문했는데 정말 잘 탈수 있을것 같아요.보관하기에도 불편하지 않고 무게도 적당한것 같아요. 자전거 잘 아는 친구가 라이딩해보더니 정말 잘 나간다고 ㅎㅎ 스크래치 같은거 있지 않을까 했는데 판매자님께서 꼼꼼히 검수해서 보내주시나 봅니다. 대만족입니다.,5,1,긍정
mini******,2020-05-27T10:04:51.000+00:00,자전거: 01.카라 / 컬러: 다크민트,생각보다 조립도 편하고 디자인도 이쁩니다,5,1,부정
rn****,2020-05-24T15:24:04.000+00:00,자전거: 01.카라 / 컬러: 다크블루,조립하기쉽고 깔끔하고 이뻤어요,5,1,부정
ioul****,2020-04-13T15:59:05.000+00:00,자전거: 02.메이비 20 / 컬러: 라이트핑크,"사이즈가 딱 저한테 맞아서 좋아요. 
자전거 타기 좋은 계절인데 디자인도 너무 귀엽고 예뻐서 더 마음에 쏙 들어요. 사진상으로 봤을때도 예뻤는데 실제로보니 핑크색이 더 너무 이쁘더라구요.
바로 잠깐 타보니 자전거 아주 잘 나가고 좋아요.
접이식이라 이동할때도 간편하니 좋고 무게도 그리 무겁지 않아서 괜찮고 혼자서 잘 잡고 펴는것도 어렵지  않더라구요. 자전거가 예뻐서 이제 운동할 맛이나네요.",5,1,긍정
mjfi*******,2020-04-13T12:53:29.000+00:00,자전거: 02.메이비 20 / 컬러: 라이트핑크,"컬러 화면과 딱 똑같이 너무 러블리하고 예뻐요~ 날씨가 따뜻해지면서 운동 겸 취미 겸 해서 자전거 타기 하려고 샀어요.접이식이라서 보관이 편하네요. 차에다 싣기도 좋구요~ 안장 슬림하고 정말 편안해요. 브레이크 제동력도 좋고, 변속시스템도  조작이 쉽네요~ 제 꺼보더니 친구들도 사겠다고 난리 ㅎㅎ 가격도 착하구 여러모로 마음에 들어요. 잘 산것 같습니다~!",5,1,부정
mini***,2020-04-24T08:39:15.000+00:00,자전거: 02.메이비 20 / 컬러: 민트,"배송 빠릅니다. 다음날 왔어요.
조립은 핸들을 프레임에 껴주고, 안장을 프레임에 껴줘야 해요. 방향 1자로 맞춰주고요.",5,1,긍정
youn****,2020-05-07T02:30:47.000+00:00,자전거: 02.메이비 20 / 컬러: 라이트핑크,잘받았어요 잘 쓸게용ㅋ,5,1,긍정
abga******,2020-05-23T08:16:59.000+00:00,자전거: 01.카라 / 컬러: 다크블루,너무좋아요 와이프너무 좋아해요,5,1,긍정
tnwl*****,2020-04-14T07:27:16.000+00:00,자전거: 02.메이비 20 / 컬러: 라이트핑크,"디자인이 너무 귀엽고 딱 봄에 자전거로 산책하기 딱 좋은 사이즈에요!!사진으로도 맘에들었는데 실물이 더 맘에들어요ㅜㅜ
바로 조립해서 타봤는데 변속도 부드럽게 잘 되는거같고 안장도 불편한 느낌 없이 좋습니다
접으면 차에다가도 넣고 다닐수잇는 편리함이 제일 좋아요
크기도 크지도 않아서 무겁지도 않고 조립도 간단하고  저한테 딱 이에요 날씨도 좋아져서 자주 타고다니려고요",5,1,부정
xris****,2020-05-29T14:26:24.000+00:00,자전거: 03.화이트라벨 / 컬러: 화이트,배송 빠르고 좋습니다,5,1,부정
tjsd******,2020-05-07T23:25:18.000+00:00,자전거: 01.카라 / 컬러: 다크블루,이쁘고 편안해요 좋아요,5,1,긍정
ssm7***,2020-04-10T04:38:05.000+00:00,자전거: 02.메이비 20 / 컬러: 민트,"집에서 10분 거리에 자전거 타기 정말 좋은 곳을 찾았습니다.
가는 길에 조금 위험한 도로가 있어 차에 실어서 가야 하는데.. 
집에 있는 자전거는 접이 식이 아니라 주문했습니다.
배송은 딱 하루 걸렸고요.
디자인 색상 모두 제가 생각한 딱 그 모습이었습니다.
기분도 좋고 날씨도 좋고 해서 바로 사이클링 해보니
브레이크도 잘 잡히고 변속도 쉽네요. 
안장 높이 조절도 손쉽게 할 수 있고 승차감도 훌륭합니다.  
뒤에 짐받이가 있어 간단한 장 보기도 가능할 거 같아요~
잘 타고 다니겠습니다~~^0^",5,1,긍정
yoyo******,2020-05-06T07:54:28.000+00:00,자전거: 02.메이비 20 / 컬러: 라이트핑크,굿굿 좋네요 다만ㅌ무게가 좀 나가요,5,1,긍정
sson******,2020-04-04T05:37:04.000+00:00,자전거: 02.메이비 22 / 컬러: 민트 (4월 2일 발송),포장 잘 되어서 안전하게 잘 왔어요. 안장 최대한 낮춰서 타게했어요. 키130 초3아이 조금 간당간당 하지만 기존에 두발 자전거 계속 타던중이라 금방 잘 타네요. 첨이라 자전거가  조금 무거워 버거워하는 감도있는데 금방 익숙해지는것같아요. 하나 더 사서 같이 타고싶네요. 만족합니다.,5,1,부정
cade***,2020-05-11T22:44:51.000+00:00,자전거: 01.카라 / 컬러: 다크민트,"택배새측에서 연휴로 인해 배송이 늦긴 했지만, 제품은 마음에 듭니다.
만족이요.
택배사를 변경해 보시는게 어떨지요.ㅎㅎ",4,1,부정
heya*****,2020-05-21T12:13:27.000+00:00,자전거: 02.메이비 22 / 컬러: 민트,조립하는데 조금 힘들었지만 좋아요 마음에 들어용~~,4,1,부정
02****,2020-05-07T16:10:53.000+00:00,자전거: 02.메이비 20 / 컬러: 민트,"예쁘고  배송도  빠르고
조립도  간편하네요^^",5,1,긍정
lcy8*****,2020-05-03T11:09:59.000+00:00,자전거: 02.메이비 20 / 컬러: 라이트핑크,어린이날 선물호 너무 좋아하네요,5,1,부정
lek1***,2020-05-22T03:19:11.000+00:00,자전거: 01.카라 / 컬러: 다크블루,디자인도 맘에들고 접을수있어서 좋아요,5,1,긍정
cp****,2020-05-09T14:48:24.000+00:00,자전거: 03.화이트라벨 / 컬러: 블랙,애가 좋아하며 잘 타고 다닙니다.,3,1,긍정
madp***,2020-04-28T09:54:07.000+00:00,자전거: 02.메이비 20 / 컬러: 민트,"저렴한 가격에 잘 샀네요
아이가 좋아해요",5,1,부정
kyou******,2020-04-09T07:03:24.000+00:00,자전거: 01.카라 / 컬러: 다크민트,"잘 받았어요 
안장이 살짝 아쉽네요
후기가 좋아서 구입했는데
안장은 안써있어서 못 봤어요
좀 타다보면 쉽게 찢어질듯 부실해요",3,1,부정
jh****,2020-04-27T06:50:19.000+00:00,자전거: 02.메이비 20 / 컬러: 라이트핑크,"빠른배송 감사합니다
자전거도 거의 다 조립되서 와서  나머지는 쉽게 조립했어요 ^^",5,1,부정
fw****,2020-05-06T22:16:08.000+00:00,자전거: 02.메이비 20 / 컬러: 라이트핑크,조립도 간단하고 배송도 엄청 빨랐어요~,5,1,부정
ssyo****,2020-04-09T11:44:43.000+00:00,자전거: 02.메이비 20 / 컬러: 민트,회사 걸어다니기엔 부담스럽고 자전거로 출퇴근용으로는 괜찮은 거리라 구매했어요. 어려서도 자전거하면 삼천리자전거가 유명했기에 고민없이 브랜드는 정했는데 종류가 생각보다 많아서 구매결정까지 고민이 많이 들었어요~~ 막상 받아보니 사진보다 실물이 더 예쁜건 물론이고 페인팅도 꼼꼼하고 디테일도 마감도 가격대비 완성도가 높더라구요.^^ 타보니 튼튼해서 더 마음에 들었어요. 요즘 몇십 몇백짜리중에 디자인 내세운 제품 많던데 전혀 안부러워요!!!,5,1,긍정
tear****,2020-04-13T01:57:15.000+00:00,자전거: 02.메이비 20 / 컬러: 민트,"큰 아들 생일 선물로 자전거 가지고 싶다고 해서 검색하다가 구매하게 됐어요, 삼천리 자전거야 워낙에 유명해서 제품력 믿고 구매했어요, 자전거 완전 튼튼하고, 디자인도 사진에서 보던것과 똑같고 실제로 보니 훨씬 이쁘고 내구성 좋아서 완전 만족했습니다, AS 도 삼천리 매장에서 다 처리되는점도 아주 마음에 쏙 들었고, 주말에 날씨 좋아서 접어서 차 뒤에 싣고 공원가서 타봤는데 굿굿 이네요 ^^",5,1,긍정
wldu*****,2020-04-16T02:11:41.000+00:00,자전거: 02.메이비 20 / 컬러: 민트,"날씨도 너무 좋고, 슬슬 다이어트도 생각해야하기 때문에 멀지않은 거리는 자전거를 타고 다니려고 합리적인 제품을 알아보다가 선택했습니다. 익일 바로 배송이 되서 빠르게 받아 볼 수 있었고 여성인 저도 바로 탈 수 있게끔 편리하게 받아 볼 수 있었네요. 외출을 자제해야하는 시기이기 때문에, 동네나들이를 자전거로 계절만끽을 하고 있답니다. 무겁지않고 튼튼해서 좋습니다.",5,1,부정
love******,2020-04-08T07:35:34.000+00:00,자전거: 02.메이비 20 / 컬러: 라이트핑크,"자색감이 너무너무 예쁘네요! 날도 따스해지고 자전거 타는거 좋아하는데 매번 대여해서 타다가 가까운거리는 이동수단 겸 운동겸 카려고 구매했는데 까만색 자전거만 보다가 핑크보니 생각보다 너무 예뻐서 너무 기분좋아요! 막 동화책에서 나온거같이 사랑스러운 디자인과 색감 후회없습니다.승차감도 편하고 잘 나가요~ 차 트렁크에 실어두었는데 여자혼자서도 접고 펴기 쉬워서 너무 만족해요.
두루두루 너무 잘산거같아요 너무 너무 감사합니다.",5,1,긍정
eg****,2020-05-23T11:58:26.000+00:00,자전거: 01.카라 / 컬러: 다크블루,조금무거워요 색깔은 이뻐요,4,1,부정
park*****,2020-04-13T02:38:29.000+00:00,자전거: 02.메이비 20 / 컬러: 라이트핑크,"총알배송되어서 하루만에 도착했네요^^
요새 아이랑 집에만있어서 살이 계속찌고 운동도 못가고해서 몸이 너무 찌뿌둥해지길래 아이와함께 타기위해서 구매했어요
자전거 잘 몰라서 신랑이 골라줬는데 오늘 처음탔는데 아주 마음에 들어요
페달감도 좋고 무겁지않아서 신랑도움없이도 끌고나갈수있어서 더 좋네요
봄이랑 어울리게 핑크색으로 샀는데 완전 러블리칼라라서 예뻐요^^
짱입니다요~~~",5,1,긍정
dd****,2020-03-21T16:45:42.000+00:00,자전거: 01.카라 / 컬러: 다크민트,"너무너무 예뻐요!
색깔도 너무 예쁘고 접이식이라서 보관도 편하고 너무너무 맘에 듭니다.
생각했던거보다 접고 펴는게 어렵지도 않고
미니여도 내구성이 떨어지거나 하지도 않네요.
개인적으로 빗물도 많이 안 튀어서 전 이게 젤 맘에 들었네요!
다른 색상도 또 사고싶어서 고민고민 하다가 결국 언니꺼 하나 더 사주고 한번씩 바꿔 쓰기로 했네요^^;
배송도 꼼꼼하게 보내주시고 감사합니다!",5,1,부정
drea******,2020-05-23T07:10:56.000+00:00,자전거: 01.카라 / 컬러: 다크민트,아직 타보지는 못했는데 디자인이 너무 이뻐욤~,5,1,부정
kwjh****,2020-05-10T13:10:57.000+00:00,자전거: 01.카라 / 컬러: 다크블루,이쁘네요 잘타겠십니당ㅂㅎㅎ,4,1,긍정
park*******,2020-05-19T08:59:31.000+00:00,자전거: 01.카라 / 컬러: 다크민트,"색이 너무좋네요
딸아이도 핑크안하고 민트잘골랐다고 좋아라합니다",5,1,긍정
go****,2020-04-26T23:11:10.000+00:00,자전거: 02.메이비 20 / 컬러: 라이트핑크,접어서 베란다에 보관 가능해서 좋아요. 잘 타겠습니다.,5,1,긍정
milk***,2020-03-25T07:55:15.000+00:00,자전거: 01.카라 / 컬러: 다크블루,"나이 40에 무슨 자전거를 배울까했는데 제가 하고 있네요ㅎ 어렸을때 조금 크게 다쳤더니 더는 타기 싫더라구요ㅜㅜ 그런데 저희 아들과 함께 자전거타기를 같이 하네요. 좀더 밝은색을 사려하는데 아들이 싫은거 같아서 다크블루로 주문했어요. 화면으로 본거보다 색이
훨~~ 이쁘네요. 삼천리자전거 워낙 유명해서 ^^
접이식이라서 자리차지하지않고 보관도 간편해요.",5,1,긍정
gnsl******,2020-05-19T12:31:53.000+00:00,자전거: 01.카라 / 컬러: 다크블루,"어머니 마실용으류 구매했습니다.
안전하게 잘 타겠습니다",5,1,부정
ljsl****,2020-05-23T04:24:27.000+00:00,자전거: 01.카라 / 컬러: 다크민트,"배송빠르고
조립도 쉽네요
색상이 예뻐요.",5,1,부정
dksl****,2020-04-14T01:28:55.000+00:00,자전거: 03.화이트라벨 / 컬러: 화이트,"배송도 빠르고 안전하게 잘왔어요.
초2아들과 번갈아 타보려고 샀어요.
디자인도 맘에들고 다좋아요^^",5,1,부정
wjvn*****,2020-04-21T04:44:17.000+00:00,자전거: 02.메이비 20 / 컬러: 민트,"11살 아이가 두발자전거로 샀어요
자전거 색도 이쁘고 아이도 만족 합니다",5,1,부정
tend******,2020-05-12T17:13:05.000+00:00,자전거: 01.카라 / 컬러: 다크블루,핸들바만 끼우면 바로 탈수있었어요. 배송도 빨랐습니다,5,1,긍정
blue****,2020-05-07T22:46:35.000+00:00,자전거: 02.메이비 20 / 컬러: 라이트핑크,"접었을때 무게감이 있습니다
기어변속도 아이가 하기엔 많은 힘이 필요하고
체인도 소리가 나 기름칠도 한번은 해줘야할듯 싶네요
아이가 좋아해서 그걸로 만족합니다",4,1,부정
shen***,2020-05-10T09:04:03.000+00:00,자전거: 02.메이비 20 / 컬러: 라이트핑크,"어린이날 선물로 구매했는데..딸아이가 너무 좋아해요
잘탈께요",5,1,부정
gs****,2020-05-29T00:11:24.000+00:00,자전거: 03.화이트라벨 / 컬러: 블랙,조립해서 잘 타야겠어요,5,1,긍정
st****,2020-05-20T03:33:15.000+00:00,자전거: 01.카라 / 컬러: 다크블루,조카 선물로 보내줬는데 너무 좋아하네요,4,1,긍정
dbsk***,2020-04-10T06:28:35.000+00:00,자전거: 02.메이비 20 / 컬러: 라이트핑크,날이 따뜻하고 좋아서 자전거타고 출퇴근해볼려고 구매했어요. 회사가 집이랑 가까운데도 차만 타고다니닌깐 하루에 걷는게 천보도 되지않아서 안되겟다싶어서 구매햇는데 자전거도 이쁘고 사이즈도 딱 제가원했던 사이즈라서 딱좋아요. 자전거 프레임이 튼튼하면서 이쁘네요. 자전거를 접을수도 있어서 차에 실을수 잇다는 장점때문에 더 맘에들어요. 포장 꼼꼼하게 보내주셔서 자전거 안전하게 잘도착해서 만족스러워요.,5,1,긍정
cher*****,2020-04-12T11:55:26.000+00:00,자전거: 02.메이비 20 / 컬러: 라이트핑크,아이도 손쉽게 변속이 가능하고 제동력도 좋더라구요*^^* 손쉽게 접고 펼수 있어서 공간차지도 안하고 내구성이 튼튼해서 오래오래 사용할수 있을거 같아요~~~ 승차감도 좋아서 오랜시간 타도 불편함도 없어보이고 정말 구매하길 잘한거 같다라는 생각이 드네요*^^* 착한 가격에 이정도 퀄리티 놀랍네요*^^* 꼼꼼하게 포장해서 빠른 배송 보내주셔서 감사합니다*^^*,5,1,부정
gogo******,2020-04-09T11:07:34.000+00:00,자전거: 02.메이비 20 / 컬러: 라이트핑크,배송이 빨라서 일단 먹고 들어가네요. 조카가 올해 중학교에 입학해서 공부 열심히 하라고 기념겸 선물해주려고 구매했습니다. 애가 코로나 때문에 학교도 못가고 많이 답답해 하더라구요. 크기도 적당하고 견고해서 조카가 아주 맘에 들어합니다. 바로 타지는 말고 코로나좀 잠잠해지면 타라고 타일르느라 애좀 먹었네요. 작은 조카가 자기 자전거도 사달라고 졸라서 나중에 18인치 제품도 구매해야겠습니다~,5,1,부정
kig8***,2020-05-19T15:42:38.000+00:00,자전거: 03.화이트라벨 / 컬러: 블랙,딸아이가 미니벨로가 이쁘다고하네요 저도 이쁘요,4,1,긍정
wing******,2020-05-14T03:08:16.000+00:00,자전거: 01.카라 / 컬러: 다크블루,선물로간건데 좋다고하더라구요  품절이라 한참기다렷다삿네요,5,1,긍정
love*****,2020-05-07T09:23:51.000+00:00,자전거: 02.메이비 20 / 컬러: 라이트핑크,이쁘고 튼튼해요..색상도이쁘고..울딸이 좋아해요~^^대박나세요,5,1,긍정
ttl1***,2020-05-18T00:29:16.000+00:00,자전거: 01.카라 / 컬러: 다크블루,만족합니다.잘받았습니다.,4,1,부정
alll****,2020-05-29T11:26:28.000+00:00,자전거: 01.카라 / 컬러: 다크민트,만족스럽습니다~~~~,4,1,부정
sgin****,2020-05-25T03:50:15.000+00:00,자전거: 02.메이비 22 / 컬러: 라이트핑크,자전거가 이뻐요 좋아요.,5,1,부정
acid****,2020-05-23T03:30:42.000+00:00,자전거: 02.메이비 22 / 컬러: 라이트핑크,"137센치정도되는 키의 초3인데
크게느껴지지않고 잘 타네요.",4,1,부정
s970***,2020-04-24T07:41:28.000+00:00,자전거: 02.메이비 20 / 컬러: 라이트핑크,"135cm 딸이 안장 제일 낮춰서 탑니다 
좀 무겁긴 한데 예쁘고 잘 나가고 배송도 파손된 곳 없이 빠르게 잘 왔어요~",4,1,부정
dewe********,2020-05-04T03:02:26.000+00:00,자전거: 02.메이비 20 / 컬러: 라이트핑크,"좋습니다

감사합니다

수고하세요",5,1,부정
bana********,2020-05-22T13:15:07.000+00:00,자전거: 01.카라 / 컬러: 다크민트,조립때 좀 헤맸지만 하고나니 이쁘네요~~,4,1,부정
juli****,2020-04-10T23:43:28.000+00:00,자전거: 02.메이비 20 / 컬러: 라이트핑크,"핑크로 결정했는데 탁월한 선택! 너무 예쁘네요.
매번 검정색 자전거만 타다가 이렇게 예쁜 핑크색보니 너무 기분 좋네요.
아빠랑 자전거 타러 갈때 접이식이라 차 트렁크에 들어가서 good!! 처음에 접을땐 약간 헤맸는데 한번 해보니 쉽네요. 설치도 여자인 제가 할 수 있읗 정도로 간편하고 앞에 바구니 달린것도 좋아요.
안장이 앉았을때 엉덩이에 끼지 않고 편리해서 저희딸도 잘 타네요~^^",5,1,부정
vivi****,2020-04-11T10:28:54.000+00:00,자전거: 02.메이비 20 / 컬러: 라이트핑크,"배송도 빠르게 잘 도착했어요~ 
라이트 핑크색 샀는데 여리여리하게 분홍빛이
예쁘네요~ 회사가 어중간한 거리에 있어서 
출퇴근용으로 사용하려고 구매했는데 색상도 예쁘고 잘 나가요~ 
처음에 조립하는데 저는 어려웠는데 신랑이 
조립하면서 생각보다 쉽다면서 뚝딱 조립하더라고요~ 그리고 접이식이라 접어 놓으면 자리도 
적게 차지해서 현관이 좁은 저희집에 딱이더라고요~ 잘 타고 다닐게요^^",5,1,부정
icdi****,2020-04-08T09:34:27.000+00:00,자전거: 01.카라 / 컬러: 다크민트 (4월 7일 발송),진짜 배송이 이렇게 빠를 줄 몰랐어요&gt;_&lt; 원하는 카라네이비가 재입고 될때까지 기다릴 수 없어서 카라민트 구매햇는데. 받아보니 이게 더 예쁘네요~~♡,5,1,부정
sung*****,2020-05-22T15:03:48.000+00:00,자전거: 01.카라 / 컬러: 다크블루,딸아이주려고 구매. 마음에 들어하네요^^,4,1,긍정
akfn*****,2020-05-08T04:34:38.000+00:00,자전거: 01.카라 / 컬러: 다크민트,핑크를 원해서 좀기다렸다 사자고하니 딸 아이가 그냥 민트로 사달라고 해서 급하게 구매했네요..아이가 좋아합니다~,5,1,부정
heyn****,2020-05-17T03:27:02.000+00:00,자전거: 01.카라 / 컬러: 다크블루,조립하기 어렵지 않아요. 예쁘구요,5,1,부정
sata****,2020-04-29T04:31:49.000+00:00,자전거: 01.카라 / 컬러: 다크블루,"튼튼하고 좋습니다
초등학년 타기 좋은싸이즈입니다",5,1,긍정
kmr1****,2020-05-24T12:32:23.000+00:00,자전거: 01.카라 / 컬러: 다크블루,초딩 아들도 타고 저도 타니 좋네요^^,5,1,긍정
jy****,2020-04-26T04:18:38.000+00:00,자전거: 02.메이비 20 / 컬러: 라이트핑크,좋네요 조립도 쉽고 품질이 역시 최고,5,1,긍정
ssjj***,2020-05-21T15:18:31.000+00:00,자전거: 01.카라 / 컬러: 다크블루,"아이가 초3인데  초5까진 탈수 있을것같아요
가볍고 잘 굴러가요",5,1,긍정
yj_1******,2020-04-09T14:51:22.000+00:00,자전거: 02.메이비 20 / 컬러: 민트,날씨도 좋은데 마스크는 벗을 수 없고 대중교통은 무섭기도하고 답답해서 고민하다가 자전거를 구매하려고 마음 먹었죠! 근데 가격이 저렴한것도 아니고 많이 찾아봤는데 삼천리가 오래된만큼 리뷰도 좋고 믿음이 가서 구매했는데 완전 잘한거 같아요!!!디자인도 색감도 실물이 훨씬 예쁘고 굴림느낌이나 페달도 좋고 디테일한 마감처리도 좋고 너무 잘 산거 같아요ㅠㅠ 완전 대박나세요~,5,1,긍정
cl****,2020-03-25T12:21:59.000+00:00,자전거: 01.카라 / 컬러: 다크블루,조립도 쉽고 튼튼하네요. 아이가 참 신나하더라구요,5,1,부정
star********,2020-05-24T14:36:20.000+00:00,자전거: 01.카라 / 컬러: 다크블루,배송이 빠르고 조립이 쉬웠어요,5,1,긍정
boin***,2020-04-26T01:47:02.000+00:00,자전거: 01.카라 / 컬러: 다크민트 (4월 7일 발송),"색깔은 예쁜데 생각보다 무겁고 접기는 힘들어요 
조립은 간편해요",4,1,부정
lksu***,2020-04-25T14:19:19.000+00:00,자전거: 03.화이트라벨 / 컬러: 화이트,비오는날은 안 타겠지만 조금 미끄러울수 있을것 같지만 마음에 들어요.,4,1,긍정
jm****,2020-05-23T05:18:34.000+00:00,자전거: 02.메이비 22 / 컬러: 라이트핑크,좋지만 거래처의 연락이 안된다는 단점이 있어요,4,1,부정
dest*******,2020-04-28T23:43:22.000+00:00,자전거: 02.메이비 20 / 컬러: 라이트핑크,너무 예쁜자전거 딸 선물로 최고에요❤️,5,1,긍정
iama****,2020-05-22T01:54:45.000+00:00,자전거: 02.메이비 22 / 컬러: 라이트핑크,좋아요 좋아요 좋아요,5,1,긍정
chld*******,2020-03-22T14:00:43.000+00:00,자전거: 01.카라 / 컬러: 다크블루,"집근처에서 운동겸 산책할라고 가벼운걸 찾고 있었는데 지인추천으로 주문했는데 생각보다 빠른배송해주셔서 너무 감사합니다, 여자가 끌고 다니기에도 너무 가볍지 너무 무겁지않고 혼자 들수있는정도라서 어디든지 편하게 탈수있어요~ 접이식이라 작은원룸에도 수납할수있어서 너무 줗아요 
여자가 끌고다니기 딱 좋게  세련되고 외관이 예뻐서 더 맘에 들어요~",5,1,부정
ddon******,2020-04-08T11:01:05.000+00:00,자전거: 02.메이비 20 / 컬러: 민트,"가족끼리 주말에  자전거 타는데 둘째딸  자전거 없어서 구매했어요  3대는 캐리어에 싣고 한대는 트렁크에  접어서 넣어야해서 접이식으로 샀는데  여자애지만 민트좋아해서 민트색으로 구매했는데  색깔  이쁘네요 맘에 들어해요~~ 접고 펴기도 편해서  여자들도 쉽게 할수 있게 되어 있어요 크기도 적당해서 3학년딸이 타기 딱이네요  이번주말 네명 다같이 라이딩 갈수있겠네요
넘귀여워서 동네타고 다닐때도 눈에  잘 띌것같아요",5,1,긍정
audr*****,2020-05-02T06:49:18.000+00:00,자전거: 02.메이비 20 / 컬러: 민트,빠른 배송이 좋았어요^^,5,1,긍정
algi*****,2020-04-23T07:59:59.000+00:00,자전거: 01.카라 / 컬러: 다크민트,"택배는 빨랐어요.
 올때 설명서도 없이 온 부분이 아쉽고, 많이 무거워요ㅜㅜ
접기도 불편해요",3,1,부정
jobo*******,2020-04-26T10:21:20.000+00:00,자전거: 02.메이비 20 / 컬러: 라이트핑크,배송도 빠르고 디자인도 이뻐서 아이가 정말 좋아한다,5,1,부정
eg****,2020-05-23T11:57:09.000+00:00,자전거: 01.카라 / 컬러: 다크민트,이뻐요 조금무거워요...,4,1,긍정
jhhf*****,2020-05-26T14:01:19.000+00:00,자전거: 03.화이트라벨 / 컬러: 화이트,완전 만족합니다..,5,1,긍정
hyun*******,2020-04-25T01:44:53.000+00:00,자전거: 02.메이비 20 / 컬러: 라이트핑크,조립도 어렵지않고 모양도 예쁘고 만족합니다.,4,1,부정
kbr5***,2020-05-27T13:47:17.000+00:00,자전거: 01.카라 / 컬러: 다크블루,색상도 디자인도 굿뜨~~,4,1,긍정
km****,2020-05-24T14:17:59.000+00:00,자전거: 02.메이비 22 / 컬러: 민트,배송 상품 모두 만족 많이 파세요.,5,1,긍정
df****,2020-05-03T22:45:37.000+00:00,자전거: 02.메이비 20 / 컬러: 민트,"배송도 빠르고 사진에서 보는 그대로예요 
애가 엄청 맘에 들어하구요 차 트렁크에도 쏙 싣고 다닐수 있어 만족입니다 ~",5,1,긍정
song*******,2020-04-22T08:02:30.000+00:00,자전거: 02.메이비 20 / 컬러: 라이트핑크,잘나가고 좋아요 색감도예뻐요,5,1,부정
dksd********,2020-04-24T14:58:40.000+00:00,자전거: 02.메이비 22 / 컬러: 라이트핑크 (4월 7일 발송),"배송도 빠르고 자전거예뻐요~~탈때마다
뿌듯합니다&gt;_&lt;",5,1,긍정
shdb*****,2020-04-06T05:16:00.000+00:00,,회사가 가까운데 교통비 아까워서 회사 출퇴근용으로 구매했어요 코로나때문에 대중교통 이용하는것도 조금 그래서 옛날부터 미니벨로 구매하고 싶었는데 맘잡고 구매했네요 안장도 편하고 잘타고 다니고 있습니다 디자인이랑 색상도 맘에들구요 주말에는 동생이 타고 다니고 평일은 제가 타고 잘산거 같네요 가격도 생각보다 안비싸서 좋았어요 빠른배소오 맘에들었구요 많이 파세요^^ 추천많이 할게요~,5,1,부정
enwj***,2020-04-07T05:42:30.000+00:00,자전거: 03.화이트라벨 / 컬러: 화이트 (4월 7일 발송),"일반 자전거는 타봤는데 조립식은 첨이라 
구매하고 나서도 잘 조립할 수 있을까 하는 걱정이 앞섰지만
배송받고 하나하나 조립하니 잘 되네요
나름 쪼인다고 했는데도 신랑이 더 꽉쪼여주고 ㅋㅋ
색상도 화사하게 화이트로 하니 엄청 맘에 쏙들고
내 키에 맞게 안장 조절도 하니 완전 딱 내 자전거다 하는 생각이 ㅋ
코로나때문에 낮에는 안나가고 
일단 사람이 드문 저녁시간대에 나가서 타니 
기분도 상쾌하고 간만에 타는 자전거라 그런지
기분 업업~~
접이식이라서 공간도 크게 차지 안하니 그게 늠늠 맘에 드네요^^
잘 탈께요~~",5,1,긍정
free******,2020-05-22T11:15:25.000+00:00,자전거: 01.카라 / 컬러: 다크블루,중심을 못잡지만 튼튼하니 탈만해요,5,1,긍정
eu****,2020-05-18T06:23:36.000+00:00,자전거: 01.카라 / 컬러: 다크민트,색상도 예쁘고 아이가 타기 편하다고 하네요,5,1,긍정
vkav****,2020-05-03T11:10:59.000+00:00,자전거: 02.메이비 20 / 컬러: 민트,생각보다 엄청예뻐요 ㅋㅋ,5,1,부정
il****,2020-05-28T03:01:16.000+00:00,자전거: 01.카라 / 컬러: 다크민트,배송은 빨랐어요..,4,1,부정
hdpl*******,2020-05-17T22:38:15.000+00:00,자전거: 02.메이비 22 / 컬러: 민트,조으네요....내구성 있어보이구 어른이 타도 되네요.ㅋ,4,1,부정
snst****,2020-04-08T02:21:35.000+00:00,자전거: 02.메이비 20 / 컬러: 라이트핑크,"너무이뻐요 ㅎ
봄기분 나네요 ~ ㅎ 
포장도 꼼꼼히와서 상태도 좋아요
거의조립되어왔는데도 불구하구 나머지 조립이 어찌하는지 몰라 유튜브보고 했더니 너무 쉬웠어요 ~*",5,1,부정
hjw4***,2020-04-09T02:43:54.000+00:00,자전거: 02.메이비 22 / 컬러: 민트 (4월 2일 발송),"자전거 이쁘긴한데 몇군데 다른색이 칠해져있긴한데 한번 타볼려고요
엄청기다렸는데 씽씽달려야죠
민트 상콤하네요 22인치 생각보다 크고 괜찮아요

설명서좀 상세하게 보내주면좋겠어요
조립방법몰라서 유튜브 보고 했네요",3,1,긍정
muse****,2020-04-25T13:07:11.000+00:00,자전거: 02.메이비 20 / 컬러: 민트,"조립하고 나중에 타다 자전거가 이상해서 보니 오른쪽 앞브레이크가 파손돼서 왔네요~ 아이가 택배와서 넘 좋아하는걸 보니 교환신청해서 기다릴수가 없어서 가까운 삼천리자전거가서 17,000주고 교환했네요. 자전거는 이쁜데 넘아쉽네요ㅠ",2,1,부정
ilov*****,2020-04-09T04:41:26.000+00:00,자전거: 02.메이비 20 / 컬러: 라이트핑크,"초2여자아이예요. 기존에 18인치타다가 큰걸로 바꿔주려고 샀어요~ 22인치 사고싶었지만 접이식이 20, 24인치가 나오는거 같더라구요~ 그래서 선택했는데 좋네요~색상도 아이가 너무 맘에 들어해요~",5,1,부정
u1****,2020-05-09T07:42:03.000+00:00,자전거: 02.메이비 20 / 컬러: 라이트핑크,자전거 방에서 보다 7만원 더 싸게 샀어요   물건 이상없이 잘받았습니다,5,1,긍정
hakd****,2020-05-19T14:59:16.000+00:00,자전거: 01.카라 / 컬러: 다크블루,가격대비 너무 좋아요,5,1,긍정
yeso*****,2020-03-28T12:55:25.000+00:00,자전거: 01.카라 / 컬러: 다크민트,"배송도 빨랐고, 자전거도 깨끗했습니다. 딸아이 자전거가 작아서 좀 있으면 다음단계로 넘어가야  하는데... 저랑 같이 타기도 좋아요. 
 조립은 거의 되어 와서 손잡이랑 안장 바구니만 끼우면 되었고요. 안장도 편했습니다.
 가성비도 좋고 만족스럽습니다~",5,1,긍정
kose*******,2020-05-16T12:45:40.000+00:00,자전거: 01.카라 / 컬러: 다크블루,포장이 잘 되어서 왔어여 조립도 쉬웠어여,5,1,부정
lang****,2020-05-17T11:01:50.000+00:00,자전거: 01.카라 / 컬러: 다크민트,"원하는날에도착했어요
고맙습니다~",5,1,부정
ut****,2020-05-16T08:59:42.000+00:00,자전거: 01.카라 / 컬러: 다크민트,배송빠르고  이쁘고 딸이 엄청 좋아해요~ㅎ,5,1,긍정
star******,2020-05-12T14:43:03.000+00:00,자전거: 01.카라 / 컬러: 다크블루,"배송빠르고 자전거 예쁩니다
판매자분도 친절하신듯해요",5,1,부정
glad*****,2020-05-20T13:57:01.000+00:00,자전거: 01.카라 / 컬러: 다크블루,조립도 힘들지 않고 좋아요,5,1,부정
cuty*******,2020-05-20T12:13:50.000+00:00,자전거: 01.카라 / 컬러: 다크민트,배송도 빠르고  칼라도  넘 이쁘네요,5,1,긍정
sunu****,2020-04-21T02:24:36.000+00:00,자전거: 02.메이비 20 / 컬러: 라이트핑크,"조립도 간편하고
아이가 핑크라 무지 좋아하네요 ^^",5,1,부정
hpy7****,2020-05-23T12:54:00.000+00:00,자전거: 01.카라 / 컬러: 다크민트,"접이식이니
너무 편합니다",5,1,부정
blue****,2020-05-07T22:44:16.000+00:00,자전거: 02.메이비 20 / 컬러: 민트,"접었을때 무게감이 있네요
기어변속기도 아이가 하기엔 힘이 많이 들어가네요",4,1,부정
dlqk****,2020-05-22T23:33:33.000+00:00,자전거: 02.메이비 22 / 컬러: 라이트핑크,실제가 너무 좋아서 좋아서,4,1,부정
bth6***,2020-05-04T14:19:57.000+00:00,자전거: 02.메이비 22 / 컬러: 라이트핑크 (4월 7일 발송),기대한 것과 동일함.,5,1,부정
famo******,2020-03-17T12:00:33.000+00:00,자전거: 01.카라 / 컬러: 다크블루,아이가 자전거를 타고 싶어해서 구매했는데 삼천리자전거는 믿고 구매해요! 항상^^ 배송도 빠르게 오고 조립도구가 있어서 인지 생각보다 조립도 쉽게 되었어요 사이즈도 아이에게 딱 맞고 디자인보더니 다행이 맘에든다니 선물하고 넘 기분이 좋네요~!!!! 자전거도 튼튼하고 실물도 사진보다 이뻐서 더 만족!! 특히 접이식이라 보관이 더 편안해서 잘쓸거 같아요~,5,1,부정
boni*****,2020-05-18T15:18:40.000+00:00,자전거: 01.카라 / 컬러: 다크민트 (4월 7일 발송),아이가 자전거 타는거 넘 좋아해요.,5,1,부정
ajdd*****,2020-03-17T15:45:34.000+00:00,자전거: 01.카라 / 컬러: 다크민트,"아이가 생일선물로 자전거 사달라고 노래노래를 불러서 샀네요.
자전거 타는거 걱정도 되고 요즘 밖에 나가는것 조차도 걱정되는데..
또 남의 자전거 빌려타는것도 찝찝해서 샀어요.
색상 인터넷으로 보는것보다 더 이뻐요~^^
접이식이라 보관도 편하고, 차에 싫고 공원가서 타게 해주기도 좋겠어요~~
자전거 온거보더니 신나서 타러 나가는데.
사람들 많은곳 불안해서 동네 한바퀴만 돌고 왔어요.^^",5,1,긍정
leeb*****,2020-03-16T05:34:18.000+00:00,자전거: 01.카라 / 컬러: 다크민트,"출퇴근용으로 구입했는데 진짜 귀여워요ㅠ 왕복 걸어서 15-20분 거리라 걷기에 애매하고 버스타면 5분이라 요 자전거를 구매했는데 딱인거같아요~ 요즘 날도 따뜻해서 아침, 저녁으로 다니기 괜찮구요! 사이즈도 제키가 164인데 너무 작지 않아 맘에들어요~반으로 접을 수 있어 차 트렁크에 싣고 어디 놀러사서 타도 될 거 같아용~ 색상도 민트라 진짜 상큼해보이고~ 오늘 타봤는데 바퀴, 체인도 다 부드럽고 어디 기스하나 난 곳 없이 깔끔해서 좋네요! 자전거 하면 삼천리인데 진짜 잘산거같아요*_*",5,1,부정
gkft***,2020-03-16T15:11:00.000+00:00,자전거: 01.카라 / 컬러: 다크민트,"일단ㅠㅠ 색깔을 보세요!! 진짜 너무
예쁜 것 같지 않아요? 실제로 봐야
진짜 훨씬 예뻐요! 받자마자 인스타에 바로
올렸는데 친구들도 엄청 예쁘다고 어디서 샀냐고
난리에요..ㅎㅎ 삼천리자전거가 좋다는 건 알았는데
주변에 있는 곳이 없어서 편하게 인터넷으로
구매한거거든요. 이런 제품을 배송이 오래걸릴까봐
걱정이었는데 빨리와서 다행이에요!
예쁘게 잘 사용하겠습니다!",5,1,부정
gjks****,2020-05-17T07:15:47.000+00:00,자전거: 01.카라 / 컬러: 다크민트,"어린이날 선물로 조카사줬는데
좋아하네요~~",5,1,부정
lee5*****,2020-04-01T09:19:58.000+00:00,자전거: 03.화이트라벨 / 컬러: 블랙,"와이프가 장보러갈때 타던 자전거가 오래되어 새로 구입햇습니다.
적당한 가격대의 20인치 자전거를 찾다가 발견한 삼천리 접이식 자전거 카라 역시 자전거는 삼천리!접이식 인데다가 바구니랑 짐받이까지 와이프 장보기용으로 딱인것 같아요.배송도 빠르게 왔고 포장도 꼼꼼하더라구요.가볍고 접었을떄 와이프가 거뜬히 들수있는 무게였어요.가성비가 좋은것 같아요.조립도 어렵지 않아요.거의다 조립되어 있더라구요.
너무 좋아요.",5,1,부정
trad*******,2020-04-13T10:09:14.000+00:00,자전거: 02.메이비 20 / 컬러: 라이트핑크,출퇴근길에 따릉이 타고 다녔어요~ 집 위치가 대중교통 타긴 좀 애매해서 자전거로 다니면 운동도 되고 금방 도착하거든요ㅎ 근데 코로나 터지고 원래 자전거 사려고 했어서 삼천리로 구매했습니다 무엇보다 귀여워서 자전거 타는게 더 재밌어졌어요!ㅋ 20인치라 크기도 딱 적당하고 무엇보다 가격대가 딱 좋은거 같아요 가성비도 쏠쏠하구요~ 튼튼하고 견고해서 오래 탈거 같네요~,5,1,긍정
pure******,2020-04-02T09:52:21.000+00:00,자전거: 03.화이트라벨 / 컬러: 블랙,"여기는 자전거 도로가 잘 되어있어서 자전거 타기 정말 좋아서 구매했는데 배송 안전하게 잘 와서 받았어요^^
접이식이라서 그런지 차에 싣고 다니기도 좋고 집에서 보관하기도 편해요 
삼천리 자전거 유명해서 믿고 샀는데 내구성도 괜찮고 튼튼해서 자전거에 점점 정이 가네요 ㅎ 
브레이크도 제동력이 좋아서 초보자도 안심하고 탈 수 있을거 같아요~ 
앉는 부위 높이 조절되어서 동생들 한테도 빌려주니깐 신나서 잘 타고 다녀요~",5,1,부정
tj****,2020-05-15T01:44:17.000+00:00,자전거: 01.카라 / 컬러: 다크민트,아이가 금방 잘타네요. 만족해요~,5,1,부정
ie****,2020-04-03T01:50:51.000+00:00,자전거: 03.화이트라벨 / 컬러: 블랙,"자전거 너무 귀여워용 ㅠㅠ제가 찾던 바로 그 디자인!!
저는  때 타는거 싫어서 블랙으로 샀는데 블랙도 색깔
되게 잘 나왔어용!! 차가 니로인데 뒷좌석에 아주 잘실리네용ㅎㅎ
접이식이라서 차에 싣고 다니기 편하구 사이즈가 그렇게
크지 않으니까 이런점이 좋네용 ㅎㅎ 삼천리라서 자전거 튼튼하구요!
배송도 빨리 신경써서 보내주셔가지구 넘 감사해용~~
오랜만에 인터넷으로 구매 잘 하고 갑니다 .ㅎㅎ",5,1,긍정
njel****,2020-04-06T09:13:29.000+00:00,자전거: 01.카라 / 컬러: 다크민트 (4월 7일 발송),"아들이랑 같이 탈려고 했는데 173cm인 제게는 생각보다 작네요
보조바퀴 달아 아들 연습시킬려고 했는데
제가 달기에는 어렵고 자전거파는 가게 가도 직접 안산건 조율이랑 조립도 안해준다네요",4,1,긍정
psyc*****,2020-05-14T06:45:35.000+00:00,자전거: 02.메이비 22 / 컬러: 민트,좀 무겁긴 하지만 아이가 너무 좋아해요!!,5,1,긍정
sbuc*******,2020-04-02T13:56:38.000+00:00,,사용하고 있던 자전거가 너무 낡아서 버리고 이번에 이 제품으로 구매했어요~ 실물로 보니까 디자인 훨씬 이쁘더라구요. 그리고 제품이 어찌나 튼튼한지 내구성 정말 좋네요! 배송도 정말 빨라서 매우 만족합니다^^ 탑승감도 좋아서 자전거 구매해본 것 중에 제일 좋은 것 같아요. 남동생도 타보더니 갖고 싶다고 하길래 주문해주려구요. 앞으로도 잘 타고 다닐께요. 자전거 구매하시려는 분들 추천합니다~,5,1,부정
bban******,2020-05-11T08:20:50.000+00:00,자전거: 02.메이비 20 / 컬러: 라이트핑크,"조카선물 해줬어요~
아주 맘에들어 해요",5,1,부정
vest****,2020-05-11T07:57:18.000+00:00,자전거: 01.카라 / 컬러: 다크민트,"거의 조립되어있어서 조립이 어렵지 않아요
아이가 좋아합니다^^",5,1,긍정
tosc*****,2020-04-13T08:46:10.000+00:00,자전거: 01.카라 / 컬러: 다크블루,"배송도빠르고 동영상보며 따라 조립했어요~
일단뭐  예쁩니다ㅋㅋ
잘받았습니다~^^♡",5,1,부정
mo_a****,2020-04-03T16:16:15.000+00:00,자전거: 03.화이트라벨 / 컬러: 화이트 (4월 7일 발송),"한참 따릉이만 타고다니다가 따릉이는 너무 무겁고 안장이나 페달 굴리는 바퀴 이런부분도 불편하기도 해서 그냥 가볍게 출퇴근용으로 탈수있는거 알아보고 구매했는데 완전 가볍고 편해요!! 게다가 접을수도 있어서 회사 밖이 아니라 안에다가 안전하게 보관하고 있다가 타러나가요 ㅋㅋ 기어변속도 많이되서 오르막길 평지 왔다갔다 할때 편한쪽으로 바꿔타기 쉽구요
디자인도 잘빠지고 ㅋㅋ 아주 그냥 다 만족해요",5,1,부정
op****,2020-04-01T14:31:50.000+00:00,자전거: 03.화이트라벨 / 컬러: 블랙,아들이 자전거 배송온것 보고 입이 귀에 걸렸어요. 친구들은 자전거 있는데 자기는 없다며 자꾸 투덜대고 요즘 살도 좀 붙은것 같아 가끔 운동삼아 타보라고 사줬어요. 본인 마음에드는것으로 골랐습니다. 조립은 아빠가 해줬는데 공구 사용없이 조립을 하더라구요. 시간은 쪼~금 걸렸구요 ㅋ 아직 밖에서 타보지는 않았는데 마스크 쓰고 내일은 근처 공원가서 태워봐야겠어요. 실물이 더 예뻐요.,5,1,부정
b3****,2020-05-11T00:59:36.000+00:00,자전거: 02.메이비 22 / 컬러: 라이트핑크,"바구니 상태가 안좋아요
별하나 뺌
초2 딸아이인데 아직은 약간 큰 감이 잇네요",4,1,긍정
mira******,2020-04-05T02:46:39.000+00:00,자전거: 03.화이트라벨 / 컬러: 블랙,"일단 색상도 깔끔하면서 너무 예쁘네요~^^
갑자기 살도 찌고 멀리나들이는 못가니까
아이와같이 아파트단지와 근교 공원이라도
산책하려고 구매했어요~^^
집이 넓은편이이라서 늘 보관이 문제인데
접이식이라서 베란다 한편에 보관하기도 편하고,
변속이나 안장도 초보를 위한거라서,
딱 맞게 안전하게 잘탈수 있을거 같아요~^^
빨리 코로나가 지나가고 
마음대로 편하게 타고다녔으면 좋겠네요ㅜ",5,1,긍정
gowl*******,2020-03-18T01:35:27.000+00:00,자전거: 01.카라 / 컬러: 다크블루,"자전거 오프라인에서 살까.. 온라인에서 살까 하다가 엄처 여러 사이트 찾아보다가 구매했습니다!! 구성과 가격을 모두 만족해서 이 자전거를 구매하게 되었는데요~ 이제 봄이다 보니까 산책하러 갈 때도 탈거고, 장보러 마트갈 때도 탈 예정이예요 ㅋㅋ 그리고 그 뒤에 사람 태울 수 있게 보조장치가 있어서 너무 맘에 듭니다! 튼튼하고 자전거 세우는 것도 딱! 잘 서서 관리하기 쉬워요",5,1,부정
moon********,2020-03-17T15:50:34.000+00:00,,가볍게 동네에서 타고 다니고 산책용이든 운동용이든 자전거를 가지고 싶다고 생각을 했습니다. 전문가용 같은 것은 가격도 부담스럽고 관리도 힘드니까 무난한걸로 골랐어요. 삼천리는 워낙 유명해서 바로 정했고 넓은 안장과 실용성을 보고 두고 주문 했습니다. 자전거도 긁힘없이 왔고 안장 편하고 기어 변속도 초보자도 쉽게 할수 있어요. 잘 구매했습니다. 많이 파세요^^,5,1,긍정
mona****,2020-05-10T15:33:24.000+00:00,자전거: 01.카라 / 컬러: 다크블루,가격 대비 잘 산거 같아요. 좋아요,5,1,긍정
mari******,2020-04-02T06:53:02.000+00:00,자전거: 03.화이트라벨 / 컬러: 블랙,"15녀도 더된 자전거를 꺼냈더니 안장 조절하는곳에도 녹슬고 브레이크도 잘 안되서 새로 장만했어요.
옛날엔 집근처에 자전거가게가 있었는데 사라져서 인터넷서 구매한건데 만족해요
일단 접이식이라서 좁은 베란다에 보관할 수 있다는 점이 젤 맘에 들어요~
초등학생 딸이 있는데 안장만 조절하며 같이 탈 수 있어서 딸도 좋아하네용
인터넷으로 자전거는 첨  구매하는거라 이것저것 문의 많이드렸었는데 친절하게 답해주셔서 넘 감사했어요^^",5,1,부정
newh******,2020-04-22T15:04:06.000+00:00,자전거: 02.메이비 20 / 컬러: 민트,배송도 빠르고 아이들이 타기 좋은 사양 같습니다,5,1,긍정
yuni*******,2020-04-04T06:25:51.000+00:00,,차 구입한 이후 가까운곳 조차 차를 타고다니려고 하다보니 살이 붙더라구요. 그래서 운동도 할겸 걷기애매한 먼거리도 자전거를 이용해 보고자 구매했습니다. 그리고 회사가 대중교통으로 10분정도 걸리는 거리인데 코로나로 인한 접촉을 피하고자 자전거를 타고 다니기 시작했는데 운동도 되고 긍정적인 효과가 많아졌네요.안하던 운동하느라 처음엔 넘 힘들었지만 이제 적응되서 아주 잘타고 다닙니다. 온라인구매라 좀 걱정했는데 잘도착해서 안심입니다. 자전거 구매하실분들께 추천합니당.,5,1,부정
mocm***,2020-05-08T03:30:59.000+00:00,자전거: 01.카라 / 컬러: 다크블루,판매자님도 친절하시고 배송상태도 좋습니다. 접이식이라  무겁습니다.,5,1,부정
rath*****,2020-04-14T11:25:48.000+00:00,자전거: 02.메이비 20 / 컬러: 라이트핑크,"'사회적거리두기' 가 빨리 끝나기를 바라며... 에쁜 자전거 하나 구매했어요. 다행히 제가 사는 곳은 사람이 많이 살지 않는 곳이라서 운동장도 돌고 동네 어귀들 좀 돌려고요..   
자전거가 많이 무거울줄알았는데 많이 안무거워서 여자인 제가 운전/운반하기 어렵지 않았어요.   
빨리 코로나가 끝나서 다른 곳에도 자전거 자랑하러 나가고 싶네요ㅠㅠ
자전거 타더라도 다들 마스크 하세용~",5,1,긍정
call******,2020-03-29T08:29:47.000+00:00,자전거: 01.카라 / 컬러: 다크블루,"요즘 대중교통 이용하기도 좀 글코해서 가까운 곳은 자전거 이용하려고 구매하게됐어요~
디자인도 맘에 들고 색상도 다크블루라서 깔끔하고 고급스러워보여요^-^
키가 작은 편이라 20인치로 구매했는데 제 키랑 잘 맞아서 자전거타기 편하네요ㅎ
접이식이다보니 보관하는데 자리차지도 안해서 만족스럽습니다~
나중에 지하철 탈 때도 좋을 것 같아요^^
울아들도 자전거보더니 이뿌다고 탐내는데 좀 크면 물려줄려고요~ 그만큼 넘 이뻐요!!",5,1,긍정
akfk****,2020-05-11T05:40:45.000+00:00,자전거: 01.카라 / 컬러: 다크블루,디자인이 예쁘고 빠른배송 만족합니다,4,1,긍정
gpwl*****,2020-04-28T12:13:10.000+00:00,자전거: 02.메이비 20 / 컬러: 라이트핑크,배송빠르구요 초3 여자아이 핑크자전거받았다고 너무좋아해요 상품도 잘배송 되었구요,5,1,부정
lees*****,2020-05-11T04:43:02.000+00:00,자전거: 01.카라 / 컬러: 다크민트,"조립하기도 편하고, 딸이 너무 좋아하네요.",5,1,긍정
kl****,2020-04-23T13:54:41.000+00:00,자전거: 02.메이비 20 / 컬러: 민트,배송은 빨랐는데 자전거흙받이가 살짝 찌글어져있네요,3,1,부정
yous*****,2020-05-14T12:48:35.000+00:00,자전거: 01.카라 / 컬러: 다크민트,빠른 배송 감사합니다,5,1,긍정
97kk***,2020-04-13T04:10:50.000+00:00,자전거: 01.카라 / 컬러: 다크블루 (4월 7일 발송),"조립이 비교적 쉬운편이에요
색상 맘에 들어요 예쁘네요",4,1,부정
lj****,2020-05-14T10:06:04.000+00:00,자전거: 02.메이비 20 / 컬러: 라이트핑크,색상도 이쁘고  가격대비  만족합니다.,4,1,긍정
lsy5***,2020-04-22T15:18:05.000+00:00,자전거: 02.메이비 20 / 컬러: 라이트핑크,"유투브보고 조립했고요
예쁘고 애가 엄청 좋아해요
10살 아이 어린이날 선물로 샀어요
키가 135안되서 걱정했는데 
쌩쌩~아주 잘 탑니다",5,1,긍정
k336****,2020-04-10T07:29:01.000+00:00,,"집에 보관하게 용이하게 접이식으로 찾아보다
자전거하면 삼천리~
삼천리제품으로 구매했네요.
동네에 삼천리자전거샵도 있고 해서
혹시 a/s받을일 있으면 빨리 받을수 있어서
좋으네요.
7단변속기가 언덕 문제없이 힘차게 잘올라가구요.
안장높이 조절되어서
저랑 아이랑 같이 사용할수 있어서
더 마음에 듭니다.
색상도 파스텔 톤이라 산뜻하고~
가까운 거리 이동시에 자주 애용할것 같아요~",5,1,부정
jenn*******,2020-04-28T11:32:01.000+00:00,자전거: 01.카라 / 컬러: 다크블루,"바퀴가 작은거라 오르막길 올라갈때
허벅지근육 짱아님 끌고가야해여
중학생용 정도가 맞을듯해요.
평지는 좋은데 좀만 경사있어도 바퀴작아 힘받기 어려워요.^^",3,1,긍정
dean***,2020-04-02T12:16:10.000+00:00,자전거: 01.카라 / 컬러: 다크민트,"11살140센티미터 딸아이가 좋아해요~
무게는 좀 무겁지만 접어서 차에 넣을수도 있고 
기어 바꿀수도 있어서 언덕도 잘올라가네요
브레이크도 잘잡히고 요새같은때 밖에서 놀기 좋아요",5,1,긍정
seno********,2020-05-16T12:59:34.000+00:00,자전거: 01.카라 / 컬러: 다크민트,온식구가 다 탈수 있게 튼튼하네요,5,1,부정
gift***,2020-04-02T06:40:13.000+00:00,자전거: 03.화이트라벨 / 컬러: 블랙,날씨 좋으니 나들이도 가야하고 운동도하고 출퇴근용으로 겸사겸사 구매했습니다. 접이식이여서 집안에 놓기도 편하고 지하철 타고 이동하는 것도 너무 간편하네요. 색상도 완전 취저에요 !! 너무 이뻐서 운동하러 자주 나가게 되네요. 남친이 자꾸 탐내서 하나 더 구매해서 같이 타고 다녀야겠어요! 엄청가벼워서 슝슝 날라가요! 잘 관리해서 오래오래 사용하겠습니당. 가격 대비 퀄리티 너무 좋네용~~,5,1,긍정
ekgh****,2020-03-28T09:07:06.000+00:00,자전거: 03.화이트라벨 / 컬러: 블랙,날도 많이 풀리고해서 애들이랑 같이 타려고 자전거 새로 구입했어요. 사이즈가 성인용이긴한데 안장 높이 조절하니 고학년 아들도 같이 타기 좋아요~  오프라인보다 훨씬 합리적인 가격이고 실물이 사진보다 훨씬 예쁘네요 자전거 탈맛나네요~ 집앞 공원 한바퀴 돌았는데 안장도 편해서 엉덩이도 덜 아프고요 브레이크도 잘 작동해요. 접이식이라 차에 싣고 다닐수도 있고 실내에 보관하기도 편해요. 아주 만족합니다^^,5,1,긍정
xd****,2020-04-25T05:56:03.000+00:00,자전거: 02.메이비 20 / 컬러: 민트,색깔이  너무  맘에듭니다,5,1,부정
ghos*******,2020-05-15T14:56:38.000+00:00,자전거: 03.화이트라벨 / 컬러: 화이트 (4월 7일 발송),휴대좋고 예쁘고 좋아요,5,1,긍정
jhho****,2020-03-16T15:22:40.000+00:00,자전거: 01.카라 / 컬러: 다크블루,"요즘 코로나때문에 밖에 나가지도 못하고 
활동량이 적어서  저녁 먹고 산책겸 가볍게 몇바퀴라도 돌려고 겸사겸사 구입했어요.
안장 높이 조절도 잘되고 튼튼하고 안정감 있네요.역시 자전거는 삼천리가 잘 만드는거 같아요.손잡이,안장도 편하고 마감도 깔끔해서 다 맘에 들어요. 
접이식이라 차량에 싣을 수도 있어서 코로나 종식되면 여기저기 바람쐬러 가고 싶어요",5,1,부정
ind1****,2020-06-04T07:02:32.000+00:00,자전거: 03.화이트라벨 / 컬러: 화이트,가성비가 좋습니다가성비가 좋습니다,5,1,부정
etch******,2020-05-17T20:36:15.000+00:00,자전거: 02.메이비 20 / 컬러: 민트,접을수 있어서 이동이 용이 합니다,4,1,부정
sdos*****,2020-04-06T12:20:39.000+00:00,자전거: 03.화이트라벨 / 컬러: 화이트 (4월 7일 발송),조립도쉽고 재밌고 예프네요 키가170이라 작을까 걱정했는데 탈만합니다,5,1,부정
gent*****,2020-05-07T12:34:42.000+00:00,자전거: 02.메이비 20 / 컬러: 라이트핑크,"좋은데..반으로 어떻게 접는건가요ㅜㅜ?
제가 못접는건지.. 잘 접히지 않는건지..
알슈가업네옹",4,1,부정
kkay****,2020-05-10T14:38:09.000+00:00,자전거: 01.카라 / 컬러: 다크블루,자전거도 너무 예쁘고 아이가 너무 좋아해요~,5,1,긍정
hisu*****,2020-04-20T08:32:58.000+00:00,자전거: 02.메이비 20 / 컬러: 민트,배송도빠르고 아이가 좋아하네요.,4,1,긍정
sung****,2020-05-02T11:04:22.000+00:00,자전거: 02.메이비 20 / 컬러: 라이트핑크,굿 좋아요 아이가 너무 좋아하네오,4,1,긍정
choi****,2020-05-08T11:18:45.000+00:00,자전거: 01.카라 / 컬러: 다크블루,"디자인도 예쁘고, 우리 아들이 너무 좋아합니다",5,1,부정
tldh*****,2020-05-11T01:31:30.000+00:00,자전거: 01.카라 / 컬러: 다크블루,배송도 빠르고 자전거도 조립이 거의 다되서 편하네요 ㅎㅎ,5,1,긍정
npc2***,2020-05-14T09:32:19.000+00:00,자전거: 02.메이비 20 / 컬러: 라이트핑크,아주 만족하고 잘사용하고있습니다,5,1,부정
acut******,2020-04-05T13:22:17.000+00:00,자전거: 01.카라 / 컬러: 다크블루 (4월 2일 발송),포장 꼼꼼하구 배송은 좀 오래 걸렸지만 친절히 답변해 주셔서 괜찮았어요~ 130센치인데 자전거가 조금 버겁네요 ^^;;,5,1,긍정
dkra********,2020-06-04T11:02:52.000+00:00,자전거: 02.메이비 20 / 컬러: 민트,좋아요 좋아요 굿굿,5,2,긍정
wleo***,2020-03-27T10:33:29.000+00:00,자전거: 01.카라 / 컬러: 다크블루,설명서에 조립하는 방법이 자세히 적혀있지않아 조금 힘들었습니다ㅠㅠㅠ 아빠의 도움으로 무사히 조립했어요! 색도 너무 예쁘고 크기도 적당하여 출퇴근 때 잘 사용할 듯 합니다!,5,1,부정
simk********,2020-05-11T03:09:24.000+00:00,자전거: 01.카라 / 컬러: 다크블루,배송 너무 빠르고 조립잘해서 잘 타고 있습니다 ㅎㅎ,5,1,긍정
cand*****,2020-05-10T14:23:00.000+00:00,자전거: 01.카라 / 컬러: 다크민트,좋아요 굿 최고 최고,5,1,긍정
pati********,2020-04-27T02:31:35.000+00:00,자전거: 02.메이비 20 / 컬러: 민트,"자전거가 좀 많이 무고워요.. 하지만 아이가 별 무리없이 잘 타기에 만족합니다
초등 1학년 딸아이에게 좀 클거라 생각했는데 잘 타네요..",5,1,긍정
fant****,2020-05-14T11:54:33.000+00:00,자전거: 01.카라 / 컬러: 다크블루,삼천리접이식자전거 카라 20인치미니벨로,3,1,긍정
bo****,2020-05-13T19:08:04.000+00:00,자전거: 02.메이비 22 / 컬러: 민트,잘 받았습니다ㆍ선물입니다,5,1,긍정
ppks****,2020-04-02T08:29:50.000+00:00,자전거: 03.화이트라벨 / 컬러: 블랙,"집근처에 삼천리 자전거가 있는데 종류가 다양하지 못해서 딱히 눈에 들어오지 않더라구요ㅠㅠ
온라인 이곳저곳 찾아보다 드디어 아이가 원하던 스타일의 자전거를 발견했어요~
매일같이 집콕에 어쩔수없이 나가는 학원말고는 딱히 활동이 없다보니 좀이쑤신지 자전거라도 아파트산책로에서 타고싶다해서 사줬어요~
접이식이라 현관이나 현관밖에 두어도 자리차지도 덜하고 자전거도 맘에 들어하더라구요
디자인 색상이 딱 좋네요",5,1,긍정
tear*****,2020-03-25T18:27:26.000+00:00,자전거: 01.카라 / 컬러: 다크민트,"초등학생 고학년 되는 딸램이 자전거 생일선물로 사달라고 노래를 불러서 사주게 되었어요.
사실 사이즈 애매할까봐 걱정했는데... 
안장 조정만 하면 저도 아이도 타기에 딱인것 같아요. 색상고 너무 이뿌게 나와서 더 맘에들어요.
너무 튀지도 않고 그렇다고 흔하지도 않아서 더 맘에 들어요. 안장도 편안해서 무리되지 않네요~^^
접이식이라 차에 실고 다닐때도 자리차지 많이 안해서 좋을것 같아요~
이제 날도 풀리고 코로나도 없어지면 자전거 타고 나들이 해야겠어요.",5,1,부정
anna****,2020-03-28T14:50:41.000+00:00,자전거: 03.화이트라벨 / 컬러: 블랙,"빠른배송 잘받았습니다.
역시 자전거는 삼천리죠^^접이식자전거를 전부터 사고싶었는데 이 가격을 보고 안살수가요ㅜㅜ바로 구매했어요. 코로나때문에 헬스장도 못다녀서..집근처 공원에서 운동좀하려고 샀는데 손쉽게 변속도 가능하고 접이식이라 차에 싣고다니기도 편하고 참 잘산것같아요.
디자인도 깔끔하고 이쁘구요. 안장높이조절도 쉽게 가능! 은근 넓찍에서 편하게 타기좋네요^^가성비까지 좋아서 별점5개 남겨요.",5,1,부정
as****,2020-04-08T20:09:14.000+00:00,자전거: 01.카라 / 컬러: 다크블루 (4월 2일 발송),9세 키 125 인뎨요  잘탑니다. 165인 저도 타보니 좋네요.이쁘고 매우 만족스럽습니다,5,1,부정
auto***,2020-05-12T09:22:32.000+00:00,자전거: 01.카라 / 컬러: 다크블루,16인치 타다가 20인치루 바꿨는데 넘좋네요,5,1,긍정
slem******,2020-05-06T11:22:58.000+00:00,자전거: 02.메이비 20 / 컬러: 라이트핑크,"예쁜 핑크예요~~사진처럼
아이가 좋아하네요~^^",5,1,긍정
fres****,2020-03-28T14:11:56.000+00:00,자전거: 03.화이트라벨 / 컬러: 블랙,"코로나 때문에 외출을 못하다보니 우울해지는것 같기도하고 아이도 갑갑한지 계속 놀러가자고 하더라구요
사람많은곳은 못가고 사람없는 공원으로 한시간씩 바람쐬러가는데 운동도 할겸 자전거 타려고 구매했어요
접이식이라 트렁크에 충분히 들어가서 싣고가기 편리하구요 안장높이 조절돼서 아이랑 어른 같이 탈수 있어 좋더라구요 디자인도 너무 예쁘고 씽씽 잘나갑니다ㅎㅎ 
저렴하게 아주 잘산것같아요ㅎ",5,1,부정
park*******,2020-05-12T07:22:06.000+00:00,자전거: 03.화이트라벨 / 컬러: 블랙,너무 만족합니다 좋아요~^^,5,1,부정
aego****,2020-05-11T03:04:27.000+00:00,자전거: 02.메이비 20 / 컬러: 라이트핑크,조립도 쉽고 자전거도 이뿌네요,4,1,부정
bemy*****,2020-03-26T13:57:38.000+00:00,자전거: 01.카라 / 컬러: 다크민트,"올해 초1되는 아들 선물로 샀어요. 키가 130이라 카라로 구입했는데 안장 조절이되서 괜찮네요. 
앞으로 계속 클 거 생각하면 잘 산 것 같아요.
자전거 자체가 튼튼하고 안정적이라 맘에들어요.
브레이크도 부드럽게 잘 잡혀서 안전하게 잘 탈 수 있을 것 같네요.
접으면 부피도 줄어서 suv차량에 여유있게 들어가요. 코로나 끝나면 나들이갈때도 가지고가서 열심히 태워야겠어요 ㅎㅎ 디자인도 예쁘고 가격도 좋고 너무 맘에듭니다.",5,1,부정
nani***,2020-03-30T02:28:24.000+00:00,자전거: 03.화이트라벨 / 컬러: 블랙,코로나때문에 집에만 있기 답답해서 개천으로 자잔거라도 타려고 구매했어요! 집이 좁아서 자전거 두기가 애매했는데 접이식이고 무게도 많이 나가지 않아서 꺼내고 하기 편하네요! 색깔도 너무 이쁘고 디자인도 완전 너무 맘에들어요! 날씨 따뜻해져서 자주 자주 자전거 끌고 나가야겠어요! 배송도 빠르고 부품 상한거 없이 제대로 왔어요! 매우 만족합니다!,5,1,긍정
tkdd*****,2020-05-12T13:23:35.000+00:00,자전거: 03.화이트라벨 / 컬러: 블랙,잘접히고 튼튼하고 이뻐요,5,1,긍정
rubi******,2020-05-13T00:51:54.000+00:00,자전거: 01.카라 / 컬러: 다크민트,넘 예쁘고 튼튼하게 잘 만들어졌습니다,5,1,부정
2408******,2020-03-27T14:18:55.000+00:00,자전거: 01.카라 / 컬러: 다크민트,운동하려고 동네에서 탈수 있는 자전거 구매하려고 구입했는데 제가 원하던거여서 좋아요~우선 자전거에 대한 지식이 없어서 제일 기본 삼천리자전거에서 검색했고 가볍고 무난한걸로 사려고 했거든요~ 밖에 외부에 자전거를 놓고 싶진않고 집안에 놓으려면 공간차지를 많이 안하고 싶어서 접이식으로 샀는데 접는방법도 쉽고 무엇보다 가벼워서 좋네요~마트가거나 공원갈때 타는데 편해요^^,5,1,부정
youn*****,2020-04-07T07:38:05.000+00:00,자전거: 02.메이비 20 / 컬러: 민트,너무 예쁘고 좋아요~ 거기에 빠른배송까지 짱입니다.,5,1,부정
hoji****,2020-04-01T11:01:08.000+00:00,자전거: 01.카라 / 컬러: 다크민트 (4월 2일 발송),배송빠르고이뻐요!조립도쉬워요!,5,1,긍정
sunj****,2020-03-28T05:16:40.000+00:00,자전거: 01.카라 / 컬러: 다크민트,"배송도 안전하게 잘왔고, 조립도 어렵지 않았어요.
다만, 자전거가 16인치 어린이 자전거에 비해 엄청 무겁네요.
8살 딸아이 잠깐 적응하고는 잘타네요.",4,1,부정
dnjs*******,2020-04-05T16:12:00.000+00:00,자전거: 01.카라 / 컬러: 다크블루,좋아요ㅋㅋ진짜 오랜만에 달렸는데 재밌었어요,4,1,긍정
yu****,2020-03-27T14:29:37.000+00:00,자전거: 01.카라 / 컬러: 다크민트,"사이즈 딱 알맞아요 제가 원했던 사이즈 너무 크지도 작지도않고
컬러감도 예뻐서,, 디자인에 반했는데 가격도 적당하게 잘샀어요
바구니도 달려있고 집앞 나갈땐 무조건 자전거타요!! 접이식이라 보관할때 접어서 배란다에 두면 분실위험도 없으니 더더욱조네요
접었다폈다 어렵지않고 여자인 저도 쉽게 잘 접어요~  미니 자전거 인데 엉덩이 닿는 안장도 푹신하고 넓은편이라 편해요",5,1,긍정
styl***,2020-05-07T04:21:02.000+00:00,자전거: 02.메이비 20 / 컬러: 민트,"조립상태가 만족스러웠습니다.
배송도 만족스러웠습니다.",5,1,긍정
marr******,2020-04-21T05:34:03.000+00:00,자전거: 03.화이트라벨 / 컬러: 화이트 (4월 2일 발송),조금 무거운감이 있지만 잘타고 있어요~,5,1,긍정
miya****,2020-03-29T07:40:12.000+00:00,자전거: 01.카라 / 컬러: 다크블루,"요즘 밖에도 자주 못나가고 집에서 먹고 노느라
살이 너무 많이 찐 것 같아서 고민하다가
마스크쓰고 뛰기도 너무 힘들 것 같아서
차라리 자전거를 타고 지나다니자 싶어서 구입했어요
근데 보관하거나 이동할 때는 조금 편했으면 해서
고민하다가 접이식으로 구입했는데
너무 잘 산 것 같아서 맘에 쏙 드네요
크기도 딱 적당하고 딱 맞는 것 같고
첫 자전거로 딱인 것 같아요",5,1,긍정
clar***,2020-05-09T02:48:03.000+00:00,자전거: 02.메이비 20 / 컬러: 라이트핑크,이뻐요 무겁긴 진짜 무겁네요^^;,5,1,긍정
to_y****,2020-03-25T23:46:56.000+00:00,자전거: 01.카라 / 컬러: 다크블루,"조카가 자전거 자전거 노래를 불러서 이번 생일에 선물해줬어요. 미니벨로라 크기도 알맞고 다크블루가 화면에서 보는 것보다 더 이쁘게 잘나왔어요!
간편하게 접어지니 둘 곳 없어서 고민할 필요 없이 베란다에 딱 놔두니 좋네요^^
바구니도 탈부착이 가능한게 맘에 들어요
혹시몰라 구입하자마자 점검부터 받아봤는데 이상없이 잘 샀다고 하네요 ㅎㅎ 저희동네 사장님도 인정해주신 ㅎㅎ 나중에 또 사게되면 여기꺼 구매해야겠어요 !",5,1,긍정
ce****,2020-05-11T03:39:31.000+00:00,자전거: 01.카라 / 컬러: 다크블루,아이가 너무 좋아 해요~~^^,5,1,부정
hyoe*******,2020-03-26T07:55:29.000+00:00,자전거: 01.카라 / 컬러: 다크민트,"도착하는날 비가와서 아직 타보진 않았지만
딸램이 너무 좋아하네요^^
자전거매장가서 모델보고 인터넷으로 시킨건데
싸게 잘산듯^^ 잘탈게용~^^",5,1,부정
nk55****,2020-05-06T05:34:16.000+00:00,자전거: 02.메이비 20 / 컬러: 라이트핑크,조립하는게 어렵긴 한대 예쁘고 아이가 좋아합니다,5,1,긍정
hong******,2020-05-11T15:21:39.000+00:00,자전거: 02.메이비 20 / 컬러: 민트,키가 작은데 딱 좋아요,5,1,부정
alfl******,2020-03-27T09:02:57.000+00:00,자전거: 03.화이트라벨 / 컬러: 블랙,이제 날도 풀렸겠다~  운동 좀 하려고 샀어요. 비록코로나때문에 마스크는 쓰고 타야겠지만  마스크쓰고 뛰는것보단 편하겠죠ㅜ 자전거도 예쁘고 가벼워서 집에 엘리베이터가 없는데 들고다녀도 큰무리없이 편하게 운반가능해요.  예전에 접이식자전거샀을때는 무거웠었는데 역시 세상좋아지니 자전거도이렇게가벼워지고..정말좋네요 ㅋㅋ 얼른코로나증식해서 강촌에 자전거끌고 놀러가고싶네요~,5,1,긍정
ya****,2020-05-11T06:27:19.000+00:00,자전거: 01.카라 / 컬러: 다크민트,"별다른 공구없이 조립완료했습니다 
여쁘네요....",5,1,긍정
ku****,2020-05-10T08:30:59.000+00:00,자전거: 02.메이비 20 / 컬러: 라이트핑크,색깔도 마음에들고 좋습니다.,4,1,긍정
utpj*****,2020-05-02T21:58:39.000+00:00,자전거: 02.메이비 20 / 컬러: 라이트핑크,"가성비 최고입니다.
아이가 너무 좋아하네요 ^^",5,1,부정
boni*****,2020-04-16T15:36:17.000+00:00,자전거: 01.카라 / 컬러: 다크민트 (4월 7일 발송),잘 받았어요~ 바구니가 조금 찌그러져있어 걱정했는데 다른곳은 다 괜찮아요~ 아아가 좋아해요~ 감사합니다~,5,1,부정
oppa*****,2020-04-12T07:31:18.000+00:00,자전거: 03.화이트라벨 / 컬러: 블랙,와이프가 좋아하네요 매우 좋아요,5,1,부정
sune*****,2020-05-11T23:59:25.000+00:00,자전거: 02.메이비 20 / 컬러: 민트,색상이랑 너무이뻐요^^,4,1,부정
dms0*******,2020-03-26T14:17:38.000+00:00,자전거: 01.카라 / 컬러: 다크블루,"배송이 너무 빨라서 좋아요.
조카 선물로 고민끝에 구매했는데 조카가 너무 마음에 들어하네요.
크기도 딱 좋고 많이 무겁지 않아서 이동할 때도 너무 좋네요.
특히 접이식이라 사용하지 않을 때 보관하기 진짜 용이한 것 같아요.
깔끔한 디자인에 컬러도 다 이쁘네요^^
조카가 신나게 타는 모습을 보니 너무 뿌듯했어요.
가성비 너무 좋은 제품이라 지인에게도 추천했네요!",5,1,부정
sshh****,2020-03-26T05:07:15.000+00:00,자전거: 01.카라 / 컬러: 다크블루,배송이 빨랐고요..본체에 핸들넣고 안장 꽂는데 다인데 핸들은 유투브 보고 아들이 쏙 넣었어요ㅋ  근데 오늘 비가 오는바람에 밖에는 아직 못나갔네요..빨리 나가서 타고싶은지 집안에서도 자건거로 이동하는 아들..--;;;,5,1,긍정
desp*******,2020-05-09T12:23:39.000+00:00,자전거: 01.카라 / 컬러: 다크블루,가성비 최고입니다 강추요,5,1,부정
hy21***,2020-05-14T23:52:42.000+00:00,자전거: 02.메이비 22 / 컬러: 민트,예쁘고 잘가고 잘서네요,5,1,긍정
gowl****,2020-03-25T11:31:14.000+00:00,자전거: 03.화이트라벨 / 컬러: 화이트,배송은 빨리왔어요. 손잡이부분이 저렇게 까져와서 기분은 썩 좋지않았어요.교환하기 귀찮고 화이트색상도 재고가 없다해서 그냥 탑니다.,3,1,긍정
wofk*****,2020-03-25T03:34:13.000+00:00,자전거: 01.카라 / 컬러: 다크블루,"디자인도 마음에들고 귀여워요! 브레이크도 잘잡히고 동네 가까운거리에 타고 다니기 좋아요
무겁다는거알고 샀지만 진짜 무거워요 근데 자전거를 타고 다니지 들고 다니지는 않아서 크게 상관은 없어요",5,1,긍정
me****,2020-03-27T12:52:53.000+00:00,자전거: 01.카라 / 컬러: 다크민트,"우선 너무 이쁘네요ㅎㅎ
취저네요 ㅎ
우선 브레이크가 잘되야 제일안전적이라고 생각하는데 제동력좋은 vㅡ브레이크장착해서인지 확실히 잘멈추고좋네요ㅎ 안장 또한 엉덩이 안아프고 편안하니 너무 좋아요 높낮이도 조절되서 저같이 다리 짧은사람한텐 너무 좋구요ㅎㅎ 변속하는것도 뻣뻣하지 않아 너무 편안하니 좋네요ㅎ 이제 봄인데 코로나끝나면 많이 타러나갈것같아요ㅎ 많이 파세요",5,1,부정
whyt****,2020-04-06T08:05:02.000+00:00,자전거: 01.카라 / 컬러: 다크블루,"색상 모던하니 예뻐요 딸아이인데 이색상을 원하더라구요  튼튼하게 시작하려구 자전거가게 가서 조립 부탁드려서 타이어까지 확인해주셨구요
166cm 49인 제가 타도 잘 나가더라구요 ㅎㅎ
종종 가까운데 장 보러갈때 애용할 듯 싶어요 
자전거덕분에 좀더 이 시절을 활동적으로 보낼 수 있겠어요
모두들 힘내세요^^♡",5,1,부정
cats*******,2020-05-06T13:55:49.000+00:00,자전거: 02.메이비 20 / 컬러: 라이트핑크,예쁘고 아이가 조아해요,4,1,부정
vest****,2020-05-11T03:00:33.000+00:00,자전거: 01.카라 / 컬러: 다크블루,아이가 좋아합니다~,5,1,긍정
fran***,2020-05-07T12:20:10.000+00:00,자전거: 01.카라 / 컬러: 다크블루,"좋은제풓입니다
배송도좋습니다",5,1,부정
jo38******,2020-04-13T18:02:21.000+00:00,자전거: 02.메이비 22 / 컬러: 라이트핑크,"조금 무겁긴하네요
그래도 색이 예쁘고 아이가 좋아하네요",5,1,부정
imha*****,2020-05-06T21:56:39.000+00:00,자전거: 01.카라 / 컬러: 다크민트,아이들이 잘 타고 색깔도 이뻐요,5,1,긍정
dmsr******,2020-05-07T00:39:02.000+00:00,자전거: 02.메이비 20 / 컬러: 민트,여자혼자조립하기가 힘드네요,2,1,부정
ne****,2020-03-26T10:54:35.000+00:00,자전거: 01.카라 / 컬러: 다크블루,안전하게 잘 배송됐습니다. 핑크보다는 다크블루가 무난하고 예뻐보여서 구매했는데 접어서 베란다에 놓으니 공간차지도 많이 안하고 좋아요~ 안장높낮이 조절 할 수 있어서 내년이나 내후년쯤이면 아들도 탈 수 있을 것 같아요. 남편이 조립해줬는데 어찌어찌하니 잘 됐어요. 아직 자전거초보라 먼데까진 못가보고 동네 몇바퀴 돌아봤는데 안장 좀 낮게 해서 타니까 안정감있어서 좋아요. 잘산거같아요~,5,1,긍정
love*****,2020-05-08T11:27:54.000+00:00,자전거: 03.화이트라벨 / 컬러: 블랙,"좋아요~~^^
가벼워서 좋아요",5,1,부정
wj****,2020-04-14T11:37:56.000+00:00,자전거: 03.화이트라벨 / 컬러: 화이트,잘받았습니다 넘 좋아해요,5,1,부정
ksh8***,2020-05-06T07:27:46.000+00:00,자전거: 02.메이비 20 / 컬러: 라이트핑크,배송도 빠르고 화면처럼 예뻐요,5,1,부정
ch****,2020-03-24T12:34:51.000+00:00,자전거: 01.카라 / 컬러: 다크민트,"접이식이라서 보관할 때 부피도 많이 차지 하지 않고 차 트렁크에도 잘 들어가서 좋습니다.
색상도 깔끔하고 예뻐서 마음에 듭니다.
무엇보다 견고하고 체인도 튼튼해서 만족합니다.
요즘 애매한 거리는 자전거 타고 다니는데
운동도 되고 정말 편하고 좋습니다.
미니벨로가 일반 자전거 보다 무겁지 않아서
끌고 다니기도 부담스럽지 않습니다.
배송도 파손된 곳 없이 안전하게 잘 왔습니다.",5,1,긍정
gygy****,2020-04-05T11:11:47.000+00:00,자전거: 03.화이트라벨 / 컬러: 블랙,너무좋아요 이쁘고만족이예요,5,1,부정
dega*****,2020-04-06T02:39:09.000+00:00,자전거: 01.카라 / 컬러: 다크블루 (4월 2일 발송),"딸아이 주려고  샀어요
조립하기 어렵지  않고
자전거  잘나가요",5,1,긍정
love*****,2020-05-05T13:50:05.000+00:00,자전거: 03.화이트라벨 / 컬러: 블랙,"조립도 간편했고
가볍고 작아서 좋았어요~^^",5,1,긍정
rlae********,2020-03-28T16:19:46.000+00:00,자전거: 01.카라 / 컬러: 다크민트,"배송도 빨리와서 좋았구요 얼마전에 몸도 좀 안좋아지고 쉬면서 운동도 좀 하면서 휴식을 취하려고했는데
코로나때문에 헬스장에 등록도 하기 좀 그래서 운동할만한것을 고민하다가 자전거를 구입하게되었습니다
요즘 외출하는게 좀 꺼려지긴 하지만 그래도 건강을위해 자전거타기를 꾸준히 열심히하고있습니다 
자전거가 타보니 엉덩이쿠션감도괜찮고 색상도 너무 이쁘고 맘에 들어요 ㅎㅎ
추천합니다 !",5,1,긍정
kiyo*******,2020-03-23T13:32:37.000+00:00,자전거: 01.카라 / 컬러: 다크민트,"만족해요! 배송도 빨리와서 금방 받았어요~ 어머니가 타고 다닐거라 구매했는데 딱 적당하네요! 접을수도 있어서 자동차에도 넣을 수 있어서 공원가서 타기에도 좋네요ㅎㅎ 지금 같은 날씨에 밖을 많이 돌아다니질 못해서 아쉬울뿐이네요ㅠㅠ
가격도 딱 좋아서 부담없이 타고 다닐 수 있어서 좋아하시네요! 운동도 되고 시간도 절약하니 일석이조로 만족하신다고 합니다ㅎㅎ
저도 만족스러워요!",5,1,긍정
0163******,2020-04-16T03:33:34.000+00:00,자전거: 03.화이트라벨 / 컬러: 화이트,빠른배송으로 금방받았어요~,4,1,부정
rhan***,2020-04-26T10:27:00.000+00:00,자전거: 01.카라 / 컬러: 다크블루 (4월 2일 발송),"초2 둘째가 너무 좋아해요.
디자인도 예쁘고 튼튼해요",5,1,긍정
jjnc****,2020-03-31T03:18:29.000+00:00,자전거: 01.카라 / 컬러: 다크블루,"자전거 조립하는데 조금걸리긴했지만 좋아요!
바구니가 찌그러져왔는데 금방 교환해주셨어요~~
잘타겠습니다~~~!",5,1,부정
youn******,2020-05-04T03:31:55.000+00:00,자전거: 02.메이비 20 / 컬러: 라이트핑크,"너무이쁘고 좋아요
딸내미 하루종일 탑니다~~~",5,1,부정
h296****,2020-04-26T23:51:43.000+00:00,자전거: 02.메이비 20 / 컬러: 라이트핑크,약간의 어린애들 자전거 타는 느낌이지만 그런대로 씁니다 알고보면 간단한 조립인데 그래도 약간 헷갈릴수 잇어요,4,1,긍정
kkdn****,2020-04-17T13:35:56.000+00:00,자전거: 03.화이트라벨 / 컬러: 화이트,너무 귀엽고 만족합니다!!!,5,1,긍정
a281****,2020-05-09T09:36:47.000+00:00,자전거: 01.카라 / 컬러: 다크민트,빠른배송 좋습니다...,3,1,부정
ca****,2020-04-01T11:13:50.000+00:00,자전거: 01.카라 / 컬러: 다크민트,"초3아이 타려고 샀는데 아주맘에들어요.
130에 25키로인데.좀 무겁긴하지만.이튿날부터 혼자.잘 타네요^^",4,1,부정
dusd****,2020-05-05T14:40:04.000+00:00,자전거: 01.카라 / 컬러: 다크민트,무거워서 비추천.. 가격은 좋네요,3,1,긍정
gods****,2020-04-02T22:12:06.000+00:00,자전거: 02.메이비 22 / 컬러: 라이트핑크,"조립다되어있고 핸들하고 바구니 조립하면되는데
다른데처럼 조율및 셋팅해서보내주는데가 아니라
집에있는공구로 셋팅까지완료 잘가고 절섭니다",4,1,부정
tols****,2020-05-03T05:13:37.000+00:00,자전거: 02.메이비 20 / 컬러: 라이트핑크,조립이 거의 다 되어와서 너무 좋았습니다.,4,1,부정
kyas****,2020-05-02T14:16:21.000+00:00,자전거: 02.메이비 20 / 컬러: 라이트핑크,배상 생각보다 일찍 왓고 색상 만족합니다,5,1,부정
ctdn***,2020-04-09T02:35:33.000+00:00,자전거: 02.메이비 20 / 컬러: 민트,"귀엽고 좋아요
여자 혼자도 조립 가능합니다.",5,1,부정
meca*****,2020-04-28T18:31:06.000+00:00,자전거: 02.메이비 20 / 컬러: 라이트핑크,가격대비 만족하나 의자불량으로 교체된점이 아쉽습니다,3,1,부정
leed*****,2020-04-21T14:38:23.000+00:00,자전거: 02.메이비 20 / 컬러: 라이트핑크,배송 빠르고 좋은데... 브레이크 조절 힘들어 죽을뻔...,5,1,부정
si14****,2020-05-04T13:00:18.000+00:00,자전거: 01.카라 / 컬러: 다크민트,잘나가고 좋아요 좋습니다,5,1,부정
moon********,2020-04-30T14:11:01.000+00:00,,마스크 끼고 잘 타고 다니고 있습니다^^,5,1,부정
jamo******,2020-04-11T03:49:31.000+00:00,자전거: 02.메이비 20 / 컬러: 민트,조립이 쉽다고 해서 조립생각은 못했는데..어려워서 삼천리자전거 대리점 가서 추가금액 내고 조립했어요ㅠㅠ 아이가 너무 갖고싶어했던 민트색 두발자전거라 만족합니다.,4,1,부정
jyny******,2020-04-11T01:54:51.000+00:00,자전거: 02.메이비 20 / 컬러: 라이트핑크,"디자인이며 성능 아주 좋아요
7살  탈만합니다",5,1,부정
gbhk****,2020-03-26T10:31:25.000+00:00,자전거: 03.화이트라벨 / 컬러: 화이트,"155,158
초6,중3 딸아이용으로 샀어여
고민 많이 했는데 애들도
좋아하고 이쁘네요!
주문하고나서 이야기하다보니
동네동생도 이거 주문했더라고요 ㅎㅎ
추천합니다~",5,1,부정
kl****,2020-04-04T12:09:54.000+00:00,자전거: 01.카라 / 컬러: 다크블루 (4월 2일 발송),"조립도 편하고 좋습니다
단 조금 무게가 나가는게 단점 이랄까요",5,1,부정
jyny******,2020-04-11T01:56:19.000+00:00,자전거: 02.메이비 20 / 컬러: 민트,"7살 탈만 합니다
디자인도 아주훌륭합니다",5,1,부정
okh7***,2020-03-17T03:25:08.000+00:00,자전거: 03.화이트라벨 / 컬러: 화이트,"제품 잘 받았습니다. 
저는 접이식 자전거 로그인 시리즈를 구매했는데 동생도 자전거를 원해서 화이트 라벨을 선물해줬네요. 
조립도 거의 다 되어서 오고 조립하기도 매우 쉬웠습니다. 

좋은 제품 잘 타도록 할게요.",5,1,부정
mini*******,2020-05-02T13:28:55.000+00:00,자전거: 01.카라 / 컬러: 다크블루,사진그대루이고 편하고좋아요,5,1,부정
kimd********,2020-04-09T05:51:49.000+00:00,자전거: 02.메이비 20 / 컬러: 민트,선물했는데 만족해합니다. 예뻐요,4,1,긍정
whit******,2020-05-03T00:52:26.000+00:00,자전거: 02.메이비 20 / 컬러: 라이트핑크,조립도 쉽고 색상도 마음에 드네요,5,1,부정
cdma****,2020-03-28T16:28:31.000+00:00,자전거: 03.화이트라벨 / 컬러: 화이트,"조카녀석 탄다고 주문해주었는데
아주 만족 하며 잘타고 있다네요
초2 남자 아이 어려움 없이 잘 탄다고 핫니다",4,1,긍정
anel******,2020-03-23T04:11:49.000+00:00,자전거: 01.카라 / 컬러: 다크민트,"키 130인 초3 여아에게 잘 맞아요.
조립도 어렵지 않았네요.
두발 처음 타는 거였는데 하루만에 잘 타서 아이가 기분좋게 잘 타고 있습니다.",5,1,부정
1mar****,2020-05-03T08:12:12.000+00:00,자전거: 02.메이비 20 / 컬러: 라이트핑크,맘에 들고 상태 양호해요.,4,1,부정
soon******,2020-03-25T12:27:10.000+00:00,자전거: 01.카라 / 컬러: 다크민트,"아동용이나 여성용으로 좋다길래 바로구입요^^
자전거는 삼천리 자전거죠 ㅎ
색상도 이쁘고 디자인도 넘이뻐요
핸들이랑 안장을 끝까지 내리면 아동이 타기에 아주 적당하고요.
핸들이랑 안장을 높이면 여성 자전거로도 손색이 없어네요
초3인 우리아이가 타기에도
별다른 무리가 없어 보여요 안정감 있어보이고 튼튼!!
딸이랑 같이타려고 민트색 했는데 탁월한 선택이었네요ㅋ",5,1,부정
ta****,2020-04-30T14:25:39.000+00:00,자전거: 02.메이비 20 / 컬러: 라이트핑크,배송도 빠르고 정확하게  왔습니다,5,1,긍정
smil*****,2020-04-09T16:37:37.000+00:00,자전거: 02.메이비 20 / 컬러: 민트,친절하게 안내해주시고 좋은거같아요 따르릉 나사가 안 들어왔는데 다시 보내지고 감사합니다  번창하세여,5,1,부정
amur*****,2020-04-26T01:14:41.000+00:00,자전거: 01.카라 / 컬러: 다크민트 (4월 7일 발송),잘 왔어요 아이가 좋아해요,4,1,긍정
kimm*******,2020-03-26T01:43:58.000+00:00,자전거: 01.카라 / 컬러: 다크블루,"면허증만있고 운전을 안해서 집에서 걸어서 10분거리 시내다녀오기가 쉽지않아서 바구니 있는 자전거 구매했어요ㅎ
때 안타는 어두운색으로 샀는데 마음에 들어요~
접이식자전거는 약하다는둥 그러던데 오히려 튼튼하기만하고 보관 용이하고 더 좋은데요
아이들것도 다 삼천리자전거인데 제가 타기에는 작은감이 있어서 웃기기도하고 20인치 구매했는데 내리고 타기 편하고 괜찮아요",5,1,부정
dosl****,2020-04-29T09:59:43.000+00:00,자전거: 02.메이비 22 / 컬러: 라이트핑크 (4월 2일 발송),배송빨라서 아주 좋아요,5,1,부정
haer***,2020-03-17T08:47:58.000+00:00,자전거: 02.메이비 22 / 컬러: 라이트핑크,자전거는 이뻐요 생각보다 마니 무거워요 설명서가 너무 어려워요 초보들이 보고 조립하기에는..근처 삼천리 대리점에서 만원주고 조립했어요,4,1,부정
hyun*******,2020-04-25T15:12:11.000+00:00,자전거: 03.화이트라벨 / 컬러: 화이트,"아주 잘 타고 있어요
코로나로 집콕하는 시기에 가벼운 운동용으로 딱입니다",5,1,긍정
pega********,2020-04-30T20:29:43.000+00:00,,잘 쓰고 있어요 감사합니다,4,1,긍정
ekdt****,2020-04-06T13:35:04.000+00:00,자전거: 01.카라 / 컬러: 다크블루,튼튼하고 색도 예쁘고 잘 굴러가요.,5,1,긍정
oy****,2020-04-08T02:05:44.000+00:00,자전거: 01.카라 / 컬러: 다크민트,빠른배송   감사합니다,5,1,긍정
yang*****,2020-04-30T05:46:11.000+00:00,자전거: 01.카라 / 컬러: 다크민트 (4월 7일 발송),아이가 너무 좋아해요^^,5,1,부정
fo****,2020-04-29T06:19:03.000+00:00,자전거: 02.메이비 20 / 컬러: 민트,거의 조립되어 왔구 오프라인보다 5만원 이상 싸네요.,5,1,긍정
gbhk****,2020-03-26T10:28:24.000+00:00,자전거: 03.화이트라벨 / 컬러: 블랙,"엄청고민하다가 결정했는데
만족도 100%네요.
좋은제품 최저가로 잘구입했어요",5,1,긍정
gpdn*****,2020-04-04T08:14:15.000+00:00,자전거: 01.카라 / 컬러: 다크블루 (4월 2일 발송),배송이 좀 느렸지만 가성비 좋게 잘 샀어요,5,1,긍정
aldu******,2020-03-28T07:38:58.000+00:00,자전거: 01.카라 / 컬러: 다크블루,"친절하시고 좋아요
다만 문의전화하면 받지를 않아서.. 그게좀 아쉽네용 ㅠ",4,1,긍정
choi*****,2020-04-19T10:19:25.000+00:00,자전거: 02.메이비 20 / 컬러: 라이트핑크,초등학교 2학년 조카아이 선물로 사줬는데 크기가 약간 크긴한데.더  클꺼 생각하면 아주딱이네요~~,5,1,긍정
swee******,2020-04-05T13:26:04.000+00:00,자전거: 01.카라 / 컬러: 다크블루,잘받았어요~접이식잘되고 좋네요,4,1,부정
peti*****,2020-03-28T07:18:43.000+00:00,자전거: 01.카라 / 컬러: 다크블루,"배송빨라요
키130조금넘는아이 안장 낮게해서 타니 20인치 조금큰감은있지만 잘탑니다
자전거이뻐요",5,1,부정
rudd*****,2020-03-31T02:49:46.000+00:00,자전거: 01.카라 / 컬러: 다크민트,3학년 여자아이타기 딱좋습니다~조립도 생각보다 엄청 쉬웠구요. 딸램 애타게 기다리고있었는데 배송도 담날 바로왔습니다~기어에 잠깐 문제가 있는거 같았는데 일단은 해결이된거같네요. 자전거인터넷으로 사기 걱정스러웠는데 사도 괜찮을거같네요~,5,1,부정
miin****,2020-04-13T00:18:03.000+00:00,자전거: 02.메이비 20 / 컬러: 라이트핑크,"빠른배송이구요
여자아이라 색상도맘에 들어하고 초4인데 잘맞네요...",5,1,부정
erss***,2020-03-15T14:39:29.000+00:00,자전거: 02.메이비 22 / 컬러: 민트,"빠른 배송
예쁜 색",5,1,부정
bebe*****,2020-03-17T05:45:05.000+00:00,자전거: 02.메이비 22 / 컬러: 라이트핑크,"여자아이가 탈 자전거 고르다
차에 실고 다닐 수 있는 미니벨로로 
주문했네요~
핑크가 사진보다 좀 진하고
제가 기존에 가지고 있는 미니벨로 안장 높이 보다 높다네요~
뭐... 타야지요~
잘 타겠습니다
이제 같이 탈 수 있겠어요~",5,1,긍정
xx****,2020-04-09T05:48:52.000+00:00,자전거: 01.카라 / 컬러: 다크민트,빠른배송 간편한 조립,5,1,긍정
jmso****,2020-04-13T00:00:58.000+00:00,,"좋아요
이쁘고
마음에들어요~!
살짝 핑크컬러가 있엇으면 좋았겠지만 그래도 만족합니다",5,1,긍정
hany*******,2020-04-27T04:19:34.000+00:00,자전거: 02.메이비 20 / 컬러: 라이트핑크,빠른배송.감사합니다,4,1,긍정
zara******,2020-04-24T02:18:35.000+00:00,자전거: 03.화이트라벨 / 컬러: 화이트 (4월 2일 발송),배송직접해주시고 조립완료했습니다 잘탈께요!,5,1,긍정
hae3***,2020-04-18T11:44:47.000+00:00,자전거: 01.카라 / 컬러: 다크블루,아이가 자전거 타는 걸 즐겨 하게 되었어요~ 예쁘니까 좋아해요~,5,1,긍정
du****,2020-04-01T06:01:43.000+00:00,자전거: 01.카라 / 컬러: 다크민트 (4월 2일 발송),키130이라 조금 높은데 잘타네요 튼튼해보여요,5,1,긍정
al****,2020-04-29T13:36:50.000+00:00,자전거: 01.카라 / 컬러: 다크민트,튼튼하고 아주 잘타고 있어요,5,1,부정
cp****,2020-03-25T14:15:32.000+00:00,자전거: 03.화이트라벨 / 컬러: 블랙,가격도 착하고 쓸만합니다. 아이가 좋아하네요.,4,1,긍정
lsj7****,2020-04-05T02:18:20.000+00:00,자전거: 01.카라 / 컬러: 다크블루,가격 대비 모양도 성능도 만족합니다,4,1,긍정
you0****,2020-04-04T10:51:49.000+00:00,자전거: 01.카라 / 컬러: 다크블루,사진과완전똑같고~~ 아이가초1인데완전신나게잘타네요~~,5,1,긍정
ho12******,2020-04-18T10:49:46.000+00:00,자전거: 02.메이비 20 / 컬러: 라이트핑크,핑크색상 예쁩니다 3학년 딸아이가 맘에 들어하네요,4,1,긍정
dudd*****,2020-03-14T00:31:48.000+00:00,자전거: 02.메이비 22 / 컬러: 라이트핑크,"일단 핑크색상 너무 맘에 들고요
성인160정도인데 사이즈는 맞는거 같아요
자전거 못타서 이번기회에 배워보려합니다",4,1,부정
hdlr***,2020-03-24T13:02:52.000+00:00,자전거: 01.카라 / 컬러: 다크블루,"빠른 배송에, 저렴한 가격에 좋은 자전거 샀습니다 :)",5,1,긍정
gygy****,2020-04-05T11:13:02.000+00:00,자전거: 01.카라 / 컬러: 다크블루,출퇴근용으로 너무 좋아요!!,5,1,부정
byun****,2020-03-25T05:23:43.000+00:00,자전거: 01.카라 / 컬러: 다크블루,"배송 빠릅니다.
핸들과 안장만 조립하면 되기 때문에 전문적인
지식은 많이 필요하지 않습니다",5,1,긍정
ara1****,2020-04-04T15:01:00.000+00:00,자전거: 03.화이트라벨 / 컬러: 화이트,바퀴가 얇아서 좀 아쉬워요 ㅠ,4,1,부정
msm3***,2020-05-26T11:02:00.000+00:00,자전거: 02.메이비 22 / 컬러: 라이트핑크,FJFJDJKDKDKAJAJSDDAS,5,1,긍정
cool****,2020-04-14T14:01:27.000+00:00,자전거: 01.카라 / 컬러: 다크민트,배송도빠르고  자전거도 넘 이쁘네요  애들도 좋아하네요~~,5,1,긍정
flyo***,2020-04-19T14:46:25.000+00:00,자전거: 02.메이비 20 / 컬러: 라이트핑크,사이즈도 너무 잘맞고 넘 좋아요,5,1,긍정
baby*******,2020-04-15T14:29:56.000+00:00,자전거: 02.메이비 20 / 컬러: 민트,키 130정도되는 남아인데 잘타고 다녀요. 감사합니다//,5,1,긍정
ha****,2020-03-27T08:42:44.000+00:00,자전거: 03.화이트라벨 / 컬러: 블랙,"똥손인 저는 조립이 어려워...
박스에 적혀있는데로 핸들만 끼고 전문점 찾아가 2만원 주고 조립해 왔어요.
자전거 너무 이쁘고, 전문가의 손길을 느끼고 오니 쌩쌩 나가네요~~
배송도 3일만에 받았고요~~
잘타겠습니다~~",4,1,긍정
yr****,2020-04-18T00:09:17.000+00:00,자전거: 02.메이비 22 / 컬러: 라이트핑크 (4월 2일 발송),접을수 있어 차에넣기 좋고 예뻐요,4,1,긍정
didg*****,2020-04-17T09:24:41.000+00:00,자전거: 02.메이비 20 / 컬러: 라이트핑크,잘타고 있어요~배송도 빨라요,4,1,긍정
jaja****,2020-03-22T13:09:53.000+00:00,자전거: 01.카라 / 컬러: 다크블루,"배송 조금 지연됐지만
안내문자주시고
잘받았습니다
초딩 딸이랑 같ㅇㅣ타려고 샀는데
너무좋아요~",4,1,긍정
sbsk***,2020-04-07T23:40:59.000+00:00,자전거: 03.화이트라벨 / 컬러: 화이트 (4월 7일 발송),디자인이 사진보다 더 이쁜듯. 접는방식이  간편 하여 차 트렁크에  넣고 이동하기 좋습니다.,5,1,부정
dudw***,2020-04-13T13:36:51.000+00:00,자전거: 02.메이비 20 / 컬러: 민트,민트색상 이쁘네요  많이파세요 감사합니다 좋아요,5,1,긍정
arct******,2020-05-07T11:27:45.000+00:00,자전거: 02.메이비 20 / 컬러: 라이트핑크,좋아요좋아요좋아요좋아요,5,1,긍정
rain*****,2020-03-28T08:03:27.000+00:00,자전거: 01.카라 / 컬러: 다크민트,배송도 빠르고 제품도 마음에 들어요,5,1,긍정
hoge******,2020-04-20T07:47:35.000+00:00,,잘 받아서 열심히 자전거 연습하고 있습니다.,4,1,부정
soph******,2020-04-07T11:41:47.000+00:00,자전거: 02.메이비 22 / 컬러: 민트 (4월 2일 발송),가격대비 좋아요 이제  날씨도  따뜻하고   많이타러 다녀야겠어요,4,1,긍정
veni****,2020-03-28T11:14:59.000+00:00,자전거: 03.화이트라벨 / 컬러: 화이트,"가까운거리 가볍게 운동할때
추천드려요.",5,1,긍정
puli***,2020-03-20T00:41:23.000+00:00,자전거: 01.카라 / 컬러: 다크블루,가격대비 최고 만족! 부모님 두 대 사드렸어요~,5,1,긍정
thdr******,2020-03-17T04:10:25.000+00:00,자전거: 01.카라 / 컬러: 다크블루,배송 빨랐고  보조바퀴다는데 좀 애먹었지만 아이도 너무좋아하고 디자인도 이쁘네요,5,1,긍정
kiss********,2020-03-21T03:09:12.000+00:00,자전거: 01.카라 / 컬러: 다크블루,컬러가 넘 맘에 들고 성인  남자가 타기에도 무리없이 딱 좋은 사이즈예요 바구니 사이즉 좀더 컸었으면 하는 아쉬움 ㅋㅋ 마트갈때 바구니에 담아오는데 작아서 몇개 안들어가더라구요 ㅋㅋ 후레쉬도 추가했는데 안했어도 될뻔했어요 기본 조명이 있더락요,5,1,긍정
love********,2020-03-30T09:23:45.000+00:00,자전거: 01.카라 / 컬러: 다크블루,조립도 쉽고 가성비 좋아요~,5,1,긍정
geni******,2020-04-10T01:44:39.000+00:00,자전거: 02.메이비 22 / 컬러: 라이트핑크 (4월 7일 발송),조립도 어렵지 않고 티테일한 부분이 예전의 자전거와 비교해서 좋아진게 보여요,5,1,부정
chan****,2020-04-05T06:31:53.000+00:00,자전거: 02.메이비 22 / 컬러: 민트 (4월 7일 발송),"생각보다 빨리 배달왔어요
민트색도 이쁘고 초등5학년 여아 딱 좋아요",5,1,부정
solr****,2020-03-22T06:49:13.000+00:00,자전거: 02.메이비 22 / 컬러: 민트,배송 빨라요 색은 쨍한 민트는 아니예요~,5,1,부정
rks0***,2020-03-28T20:11:39.000+00:00,자전거: 03.화이트라벨 / 컬러: 화이트,자물쇠도서비스로주시고 디자인도 가격대비 넘 이뻐요. 열심히 운동하겠습니다..근데 타이어에 바람이  없어요 ㅠㅠ,4,1,긍정
love******,2020-02-22T01:25:02.000+00:00,자전거: 01.카라 / 컬러: 다크민트,"일단 너무 무거워요~! 삼천리 동글이 18인치 타다가 이거 타니 너무 무겁네요 키가 작은편인 아이들은 타기 클거같고 무겁네요ㅜㅜ동글이자전거가 훨씬 가벼워요 키가크지않으면 18인치 계속 타도 무난합니다
자전거는 매장에서 타보고 사는것도 괜찮을뻔했네요ㅜㅜ 다른건 가격대비 다 괜찮아요 페달도 접히구요",4,1,부정
liuc*********,2020-04-06T07:57:47.000+00:00,자전거: 02.메이비 22 / 컬러: 라이트핑크 (4월 7일 발송),디자인 및 색상 와이프 넘좋아합니다.그리고 브랜드도 인정되는거니깐,5,1,긍정
nprg***,2020-03-17T08:17:26.000+00:00,자전거: 02.메이비 22 / 컬러: 라이트핑크,브레이크쪽이 파손되었었지만 사장님께서 친절하게 설명 AS해주셨습니다  만족합니다,5,1,부정
jhj0***,2020-03-31T06:51:11.000+00:00,자전거: 01.카라 / 컬러: 다크블루,"3.22(일) 주문해서 3.25(수) 도착해서 배송은 만족.
그런데 자전거 브레이크 패드와 바퀴(앞, 뒤 바퀴 둘다)가 접촉이 되더군요.
가까운 삼천리자전거 대리점에 가서 1만원 주고 조율받았네요.",4,1,부정
msso***,2020-03-21T05:29:36.000+00:00,자전거: 01.카라 / 컬러: 다크블루,좋아요~ 초등부터 어른까지 무난히 탈 수 있네요.,5,1,부정
ak****,2020-03-25T04:01:13.000+00:00,자전거: 01.카라 / 컬러: 다크블루,"배송도빠르고
실물이더예프고
잘나가네요",5,1,긍정
nurs****,2020-04-05T12:05:16.000+00:00,자전거: 01.카라 / 컬러: 다크블루,깔끔한 포장 빠른 배송..늘 타는 삼천리 믿고 구매함,5,1,긍정
ghos*******,2020-04-12T08:14:31.000+00:00,자전거: 03.화이트라벨 / 컬러: 화이트 (4월 7일 발송),사이즈 작아 보관용이하고 좋아요,5,1,부정
seno********,2020-04-07T03:38:35.000+00:00,자전거: 01.카라 / 컬러: 다크민트,일단 배송이 빨랐구요~아직 개봉전이지만 기대가 큽니다~^^,5,1,부정
knj0***,2020-03-25T13:27:55.000+00:00,자전거: 01.카라 / 컬러: 다크민트,3학년 올라가는 딸아이가 넘 좋아하네요~^^,5,1,긍정
3kmi******,2020-03-12T06:55:30.000+00:00,자전거: 01.카라 / 컬러: 다크블루,"아이가 안전하게 탈 수 있는 제품 같아요.
조립도 별로 어렵지 않아요.",5,1,부정
lk****,2020-04-13T15:34:28.000+00:00,자전거: 03.화이트라벨 / 컬러: 화이트,만족합니다 차에싣기도편합니다,5,1,부정
jesu*****,2020-03-27T05:13:54.000+00:00,자전거: 02.메이비 22 / 컬러: 라이트핑크,배송은 늦었지만 별다른 조립도 없고 괜찮아요. 포장이 완박스로 와서 더좋았어요.컬러도 이뻐요,4,1,긍정
xk****,2020-03-07T08:04:13.000+00:00,자전거: 01.카라 / 컬러: 다크블루,조립을 위한 도구도 들어 있고 덕에 조립도 쉬워서 좋았습니다. 함께 주신 바구니는 고정형이 아닌 거치형이라 흔들려서 빼고 타네요^^,4,1,긍정
yj****,2020-04-12T07:05:48.000+00:00,자전거: 02.메이비 20 / 컬러: 라이트핑크,배송빠르고상품도좋아요,5,1,긍정
daju********,2020-04-04T15:03:56.000+00:00,자전거: 01.카라 / 컬러: 다크블루,"자전거 너무 예뻐요
아이가잘타네요
감사합니다",5,1,부정
1111*****,2020-04-08T03:34:00.000+00:00,자전거: 01.카라 / 컬러: 다크블루,이번에 새로나온 자전거이며 접이식 이라 정말 휴대성 좋네여,5,1,긍정
jepi******,2020-03-31T00:01:27.000+00:00,자전거: 01.카라 / 컬러: 다크블루,안전하게 잘 배송되었고 차에 싣기 딱 좋은 사이즈입니다 아이가 정말 좋아하네요,5,1,부정
popo******,2020-04-10T12:03:41.000+00:00,자전거: 02.메이비 20 / 컬러: 민트,색도 예쁘고 조립도 쉬워요,5,1,긍정
lss9***,2020-04-19T14:56:24.000+00:00,자전거: 02.메이비 22 / 컬러: 민트,잘사용하고있어요 ㅎㅎ,4,1,부정
zz****,2020-04-12T07:59:05.000+00:00,자전거: 03.화이트라벨 / 컬러: 화이트,배송빠르고 이상없이 타고있어요,5,1,긍정
secr******,2020-04-13T10:41:03.000+00:00,자전거: 02.메이비 20 / 컬러: 라이트핑크,배송빠르고 가성비 좋습니다,4,1,부정
ae****,2020-03-16T15:05:05.000+00:00,자전거: 01.카라 / 컬러: 다크블루,저렴한 가격에 너무 예쁩니다 초3아이 너무 좋아합니다~~,5,1,긍정
km****,2020-03-21T00:13:39.000+00:00,자전거: 01.카라 / 컬러: 다크민트,"배송빠르고
가격대비 만족합니다.",5,1,부정
shim******,2020-03-07T06:04:13.000+00:00,자전거: 01.카라 / 컬러: 다크블루,자전거 예쁘고 튼튼하고 좋아요^^근데 바구니가 찌그러 져서 속상하네요~,4,1,긍정
keic*******,2020-03-31T09:49:54.000+00:00,자전거: 01.카라 / 컬러: 다크민트,"배송 잘 받았습니다. 
바구니에 문제있었는데 그것도 빠르게 교환해주셔서 정말 기분좋게 타고 있어요~",5,1,긍정
jssu*******,2020-04-11T04:56:42.000+00:00,자전거: 02.메이비 20 / 컬러: 민트,배송이 정말 괜찮은 가격에 대한 생각이 듭니다,5,1,긍정
dlwl******,2020-03-24T08:13:13.000+00:00,자전거: 02.메이비 22 / 컬러: 라이트핑크,이쁘고 조립도 간편해요,5,1,부정
kiss********,2020-03-21T03:10:23.000+00:00,자전거: 01.카라 / 컬러: 다크민트,너무너무 잘 타고 있습니다. 아내랑 같이 타려고 구매했는데 매일 타는거 같더라고요 ㅋㅋ 자물쇠도 생각보다 너무 튼튼해서 깜놀했어요 ㅋㅋ엄청 두꺼워서ㅋ 많이 파세요,5,1,부정
lk****,2020-04-13T15:33:44.000+00:00,자전거: 02.메이비 20 / 컬러: 라이트핑크,생각보다더만족합니다,5,1,부정
saen*****,2020-03-29T01:48:34.000+00:00,자전거: 01.카라 / 컬러: 다크민트,138센티 아이한테도  잘 맞아요~~~^^,4,1,부정
park*******,2020-04-08T19:17:44.000+00:00,자전거: 03.화이트라벨 / 컬러: 블랙,넘  좋네요~^^ 아이가 좋아합니다,5,1,긍정
ost_****,2020-03-31T00:02:51.000+00:00,자전거: 01.카라 / 컬러: 다크블루,아이가 너무 좋아하네요 조립도 쉽습니다!,5,1,부정
npc2***,2020-04-07T12:25:17.000+00:00,자전거: 02.메이비 20 / 컬러: 라이트핑크,빠른배송과 꼼꼼한포장이 최고입니다,5,1,부정
sang****,2020-03-19T11:24:38.000+00:00,자전거: 01.카라 / 컬러: 다크민트,배송만족..조립도간단하고..가격대비가성비..Good,4,1,부정
hack****,2020-03-11T07:45:28.000+00:00,자전거: 02.메이비 22 / 컬러: 라이트핑크,배송빨라요 아이들이 너무 좋아해요,5,1,긍정
chan****,2020-04-05T06:32:36.000+00:00,자전거: 03.화이트라벨 / 컬러: 화이트 (4월 7일 발송),"조립에 조금 낑낑대긴 했지만
만족합니다
열심히 라이딩할게요",5,1,부정
dkdk******,2020-04-08T03:27:41.000+00:00,자전거: 01.카라 / 컬러: 다크민트,어머니 선물로 샀는데 엄청 좋아하시네요,5,1,긍정
suki******,2020-04-07T03:02:21.000+00:00,자전거: 02.메이비 22 / 컬러: 라이트핑크 (4월 7일 발송),"실물이 더 이뻐요
초등학교3학년 여자아인데 넘
좋아하네요~~",5,1,부정
dusd****,2020-04-05T12:52:07.000+00:00,자전거: 01.카라 / 컬러: 다크민트,"자전거나 요즘 나오는 제품들에 비해 많이 무겁네요
그러다보니 아이가 벌써 많이 다쳤어요^^;",3,1,긍정
spri********,2020-03-19T08:11:45.000+00:00,자전거: 02.메이비 22 / 컬러: 라이트핑크,배송정말 빠르네요~매장에는 20인치만있어서 고민했는데 22인치에가 4학년 딸아이에게 딱 좋고 핑크색상도 이쁘고 너무 맘에들어요^^,5,1,긍정
somn****,2020-04-06T03:53:32.000+00:00,자전거: 01.카라 / 컬러: 다크민트 (4월 7일 발송),아이가 초2 130/30인데 크기가 아주좋고색도 아주예쁘고 마음에 들어합니다.,5,1,부정
daec****,2020-03-31T17:26:36.000+00:00,자전거: 01.카라 / 컬러: 다크민트,제품에 만족합니다. 단점은 무겁습니다.,5,1,긍정
kidk*******,2020-03-26T01:48:54.000+00:00,자전거: 02.메이비 22 / 컬러: 라이트핑크,"사진이랑 똑같네요~~이뻐요~~
근데 설명서가 없네요..안장하고 핸들만 조립하면 끝이지만 간단한 조립설명서가 있으면 좋겠네요~",3,1,부정
dkra********,2020-05-01T04:19:07.000+00:00,자전거: 02.메이비 20 / 컬러: 민트,좋아요 좋아요 굿굿,5,1,긍정
ralp***,2020-03-08T05:53:14.000+00:00,자전거: 01.카라 / 컬러: 다크블루,16인치타다 8살 남자아이 바꿔줬는데 접이식이라 차에도 잘들어가고 아이도 잘타네요,5,1,부정
expr*****,2020-03-18T22:06:45.000+00:00,자전거: 01.카라 / 컬러: 다크블루,배송빠르고 좋아요~,5,1,긍정
yj****,2020-04-02T13:51:47.000+00:00,자전거: 01.카라 / 컬러: 다크블루,잘 받았어요 처음 두발 자전거 배우기 좋네요,5,1,긍정
star****,2020-03-20T15:50:56.000+00:00,자전거: 01.카라 / 컬러: 다크민트,좋아요 만족합니다 ~~~,5,1,긍정
puhe***,2020-03-05T09:45:54.000+00:00,자전거: 01.카라 / 컬러: 다크블루,"배송도 빠르고 조립도 쉬웠어요 
레이 뒷자리에  접어서 넣으니 이동도 쉽고 좋아요",5,1,긍정
swam*******,2020-04-05T15:05:03.000+00:00,자전거: 02.메이비 22 / 컬러: 라이트핑크,예쁘고 튼튼해요~잘쓰고있어요!,5,1,부정
eunj*****,2020-04-08T15:01:18.000+00:00,자전거: 02.메이비 22 / 컬러: 라이트핑크,가성비 최고의 선택입니다,5,1,부정
hack****,2020-03-11T07:44:58.000+00:00,자전거: 02.메이비 22 / 컬러: 민트,배송빨라용 아이들이 넘좋아해요,5,1,긍정
maru****,2020-04-06T05:03:56.000+00:00,자전거: 01.카라 / 컬러: 다크민트 (4월 7일 발송),가격대비 성능 좋아요,5,1,부정
lss9***,2020-04-05T04:26:59.000+00:00,자전거: 02.메이비 22 / 컬러: 민트,맘에들어요 잘탈게요,5,1,긍정
star****,2020-03-20T15:50:36.000+00:00,자전거: 03.화이트라벨 / 컬러: 블랙,만족합니다 좋습니다~~~,5,1,긍정
pi****,2020-03-30T09:52:38.000+00:00,자전거: 01.카라 / 컬러: 다크블루,좋아요~~~ 애가너무좋아합니다,5,1,긍정
jy****,2020-03-28T11:30:06.000+00:00,자전거: 01.카라 / 컬러: 다크블루,믿고 샀어요 조립도 편리했구요 잘쓸께요,4,1,긍정
wjsk****,2020-03-29T03:48:30.000+00:00,자전거: 01.카라 / 컬러: 다크민트,너무좋아요 배송도빠르고,4,1,부정
lms8***,2020-04-06T09:39:02.000+00:00,자전거: 01.카라 / 컬러: 다크민트 (4월 7일 발송),빠른배송과 제품도 만족해요~^^,5,1,부정
mini*******,2020-03-27T08:34:47.000+00:00,자전거: 01.카라 / 컬러: 다크블루,자전거포서 앉인보고 아이가 선택했어요 맘에들어요,5,1,부정
cutt*****,2020-04-05T07:17:19.000+00:00,자전거: 01.카라 / 컬러: 다크블루 (4월 2일 발송),배송도 빠르고 튼튼해요,5,1,부정
fbgh***,2020-04-05T09:36:33.000+00:00,자전거: 01.카라 / 컬러: 다크블루 (4월 2일 발송),좋아요! 키164ㄴ데 적당하고 좋네요,5,1,긍정
sj****,2020-04-05T13:34:01.000+00:00,자전거: 03.화이트라벨 / 컬러: 블랙,너무 마음에 들어요,5,1,부정
udon*****,2020-03-26T16:48:31.000+00:00,자전거: 01.카라 / 컬러: 다크민트,색상도 선명한게 산뜻하고 설명서 없었지만 조립도 쉬웠어요,5,1,긍정
sj****,2020-04-05T13:33:48.000+00:00,자전거: 03.화이트라벨 / 컬러: 화이트 (4월 7일 발송),너무 맘에 들어요~,5,1,긍정
jeju*****,2020-03-11T11:24:32.000+00:00,자전거: 01.카라 / 컬러: 다크블루,자전거자체는 너무좋은데 기어에 살짝 문제가 있어요. 남편이 이거 불량인가봐 했는데 애가 당장 끌고나가재서 제가 괜찮겠지하고 한번 탔는데 역시나 기어가 좀 이상해요.,3,1,긍정
nasa****,2020-04-01T08:07:11.000+00:00,자전거: 03.화이트라벨 / 컬러: 화이트,가성비좋고 배송이 빠릅니다,4,1,부정
ro****,2020-04-07T00:30:57.000+00:00,자전거: 01.카라 / 컬러: 다크민트,무겁긴해도 안정감 있ㅇᆢ요,5,1,부정
well******,2020-03-28T08:20:01.000+00:00,자전거: 01.카라 / 컬러: 다크블루,배송 빠르고요 조립하기가 힘드네요,3,1,긍정
icel*****,2020-03-11T14:09:00.000+00:00,자전거: 01.카라 / 컬러: 다크블루,"조립하기가 너무 어려웠어요 ㅠㅠ
설명서가 제대로 안되어있어서 조립하는데 한참 걸렸네요  아들은 만족해합니다! 그리고 자전거 너무 무거워요 ㅋㅋㅋ",3,1,부정
si14****,2020-03-24T10:31:47.000+00:00,자전거: 01.카라 / 컬러: 다크민트,완전빠른배송에 포장도 엄청 신경써주셨네요,5,1,부정
ming*****,2020-03-30T02:22:31.000+00:00,자전거: 01.카라 / 컬러: 다크블루,배송 빠르고 좋아요~,5,1,부정
emu1***,2020-03-25T22:55:13.000+00:00,자전거: 01.카라 / 컬러: 다크민트,접이식으로 보관이 편하고 차에 싣고 다니기 좋아요^^,5,1,부정
duas*****,2020-03-10T01:43:33.000+00:00,자전거: 03.화이트라벨 / 컬러: 블랙,"오빠랑 초등학교5학년 조카가 같이타려고 주문했는데 안장을 제일 낮게 낮추니 150이 조금넘는 조카도 안정적으로 탈 수 있네요~ 조카의 첫 두발자전거 성공과 오빠의 출 퇴근, 두 마리 토끼 다 잡았네요~^^",5,1,긍정
dong****,2020-03-09T10:57:46.000+00:00,자전거: 01.카라 / 컬러: 다크블루,빠른 배송과 조립이 쉬워요!,5,1,부정
pis9*****,2020-03-22T15:23:56.000+00:00,자전거: 01.카라 / 컬러: 다크블루,제품은 좋지만 자세한 설명이 부족해서 아쉽네요,4,1,부정
rks0***,2020-03-23T12:24:47.000+00:00,자전거: 01.카라 / 컬러: 다크블루,포장상때좋구..판매하시는분도 친절하셨어요..,5,1,긍정
al****,2020-03-27T09:13:45.000+00:00,자전거: 01.카라 / 컬러: 다크민트,아직 타지는 않았지만 좋아 보이네요.,5,1,긍정
w4****,2020-03-15T23:15:03.000+00:00,자전거: 02.메이비 22 / 컬러: 민트,20인치 자전거인줄알고 딸아이 사줬는데 22인치로 잘못 주문했네요 ㅜㅜ암튼 그냥타야죠 뮤,3,1,부정
b_d_***,2020-03-24T13:42:27.000+00:00,자전거: 03.화이트라벨 / 컬러: 블랙,배송빠르고 조립도 쉽네요,4,1,부정
youn*******,2020-02-25T18:45:47.000+00:00,자전거: 01.카라 / 컬러: 다크블루,키 168인데 조금 낮아요 그래도 접이식이라 매우 편해요 감사합니당,4,1,부정
ange*****,2020-03-19T02:36:07.000+00:00,자전거: 01.카라 / 컬러: 다크블루,"조립하기 어려웠어요
그래도아이는조아하네요",5,1,긍정
lsw0****,2020-03-23T01:34:38.000+00:00,자전거: 03.화이트라벨 / 컬러: 화이트,기능성이 안정적이고 좋습니다.,4,1,긍정
xxxx****,2020-03-24T12:22:10.000+00:00,자전거: 03.화이트라벨 / 컬러: 화이트,빠른배송이 좋습니다,5,1,긍정
mini****,2020-04-12T22:52:51.000+00:00,자전거: 01.카라 / 컬러: 다크민트,잘받았습니다 잘받았습니다ㅡ,5,1,부정
hae3***,2020-03-13T05:54:36.000+00:00,자전거: 01.카라 / 컬러: 다크블루,키 140센티인 아이들부터 타면 될 같아요. 디자인은 예뻐요~,4,1,긍정
ar****,2020-03-12T14:12:43.000+00:00,자전거: 01.카라 / 컬러: 다크민트,아이가 좋아하네요 *^^* 코로나 때문에 답답했는데 좋아라 하네요,5,1,긍정
mich****,2020-03-24T04:11:22.000+00:00,자전거: 01.카라 / 컬러: 다크블루,아주 아주 좋아요.,5,1,부정
cho2****,2020-02-29T11:43:59.000+00:00,색상: 민트,좋습니다 만족합니다 굿,5,1,부정
bin7***,2020-03-18T10:58:10.000+00:00,자전거: 02.메이비 22 / 컬러: 라이트핑크,좀 무겁긴한데 이쁘네요,4,1,부정
sisi****,2020-03-16T05:56:06.000+00:00,자전거: 01.카라 / 컬러: 다크민트,아이가  좋아합니다  좀  무거워요,4,1,부정
monk****,2020-03-04T12:05:33.000+00:00,자전거: 01.카라 / 컬러: 다크민트,"구매후 조금 문제가 있었지만 빠르게 처리해주셧어요~
잘탈게요 자전거 맘에들어요~",4,1,부정
sunn*****,2020-03-15T06:56:22.000+00:00,자전거: 01.카라 / 컬러: 다크민트,10살 아이가  타기  참 좋습니다,5,1,부정
jjhh****,2020-03-30T07:53:25.000+00:00,자전거: 02.메이비 22 / 컬러: 라이트핑크,좋아요좋아요조아요오옴,5,1,긍정
raul*****,2020-03-25T08:37:03.000+00:00,자전거: 01.카라 / 컬러: 다크민트,적극추천 합니다 적극추천 합니다 적극추천 합니다 적극추천 합니다,5,1,부정
tjsd****,2020-02-14T07:01:48.000+00:00,자전거: 01.카라 / 컬러: 다크블루,실물로 보는게 훨씬 이뻐요,5,1,부정
kyu0***,2020-03-02T15:29:26.000+00:00,자전거: 01.카라 / 컬러: 다크민트,"조립도 쉽고 사이즈도 마음에 들고
매우 만족합니다.",5,1,부정
jjb6***,2020-03-29T04:35:02.000+00:00,자전거: 01.카라 / 컬러: 다크블루,Good 좋아요 좋아여,5,1,부정
jiae****,2020-03-29T01:00:42.000+00:00,자전거: 01.카라 / 컬러: 다크블루,좋아용 좋아용 좋아용,5,1,부정
wand******,2020-01-12T11:16:33.000+00:00,색상: 민트,"자전거는 만족스러운데 바구니가 생각보다 늠흐 적어요.
결국엔 바구니만 다시 재구매 해야 될듯여",4,1,긍정
cho2****,2020-01-25T06:23:40.000+00:00,색상: 민트,좋습니다 굿 만족합니다,5,1,긍정
bett****,2019-11-05T14:08:59.000+00:00,색상: 다크블루,디자인좋구요. 접이식이라 큰아이랑 자전거 공원에서 태우기좋아요,5,1,부정
to_r***,2019-10-16T10:10:30.000+00:00,색상: 민트,"근처에 삼천리매장이 없어서 바퀴 조절을 못했어요
바퀴가 조금 뻑뻑한거 빼곤 다 좋아요",5,1,부정
hong****,2019-10-15T09:27:28.000+00:00,색상: 다크블루,마음에 들어요  사이즈도 적당 합니다,5,1,부정
khj1****,2019-10-19T09:09:31.000+00:00,색상: 민트,상품으로 구매했어요 빠른배송좋아요,5,1,부정
khj1****,2019-10-19T09:09:12.000+00:00,색상: 다크블루,상품으로구입했어요 빠른배송좋아요,5,1,긍정
qlst********,2019-09-12T04:02:22.000+00:00,색상: 다크블루,조립하기에도 어렵지 않고 좋아요,4,1,부정
cc****,2019-08-25T16:13:43.000+00:00,색상: 민트,조금 무게감은 있지만 초등 아이 타기엔 괜찮습니다.,5,1,긍정
west*****,2019-07-10T06:07:06.000+00:00,색상: 다크블루,"안전하게 잘 배송되어 감사합니다
10살 아들 생일선물로 구매했는데
대만족입니다^^",5,1,부정
hi****,2019-08-14T03:28:25.000+00:00,색상: 다크블루,괜찬은가격 괜찮은 제품,4,1,부정
to_r***,2019-08-11T00:42:27.000+00:00,색상: 민트,대만족입니다 ~~^^,5,1,부정
ch****,2019-07-27T05:44:25.000+00:00,색상: 다크블루,아이가ㅈ너무 좋아해요. 접히기까지하니 편의성이 좋아요!!,5,1,긍정
reje*****,2019-06-09T16:26:47.000+00:00,색상: 다크블루,"9살 키130,정도인데
20인치너무작을까. 걱정도서 마지막까지 판매자님과통화하고 일단받아보고결정하기로했는데요 딱좋았어요 안장제일낮게했어도 다리가땅에닿기는 완전하진않았구요. 3년정도는충분히탈수있겠어요~
색상도 차분하니 넘맘에듭니다~",5,1,긍정
sjlo******,2019-06-10T13:58:19.000+00:00,색상: 민트,초1 여아 선물용으로 구입했는데 한번의 사의즈 실패 후 손해를 보고 다시 주문 했어요 ㅎ  또 크면 어쩌나 걱정했는데 딱 좋아요^^,5,1,부정
pppn***,2019-05-24T21:39:06.000+00:00,색상: 다크블루,"생각보다 크네요. 9살아이 사준건데 안장 최대한낮추고도 조금 크게 느껴집니다
색은 예쁘고 핸들이나 안장 조절이 쉬워서 좋네요",5,1,긍정
ch****,2019-05-28T12:46:54.000+00:00,색상: 다크블루,"아이가 너무 좋아합니다. 아이의 물건 중 가장 큰 것이기에 가장 오래 고민했는데 잘 한 선택같아요.
신랑올  때 까지 못 참겠어서 여자혼자 조립했어요.",5,1,부정
ri****,2019-05-20T08:20:56.000+00:00,색상: 다크블루,"자전거는 안전하게 포장해서 발송해 주셨습니다. 빠른 배송도 감사합니다.  단, 함께 구매한 5구 파워 후미등 제품 박스는 뜯긴 후 스테이플러로 재 포장되어 있어서 별하나 뺐습니다. 대체적으로 만족 합니다. 사업 번창하세요. ^^",4,1,긍정
keim***,2019-05-18T11:45:40.000+00:00,색상: 민트,"배송은 주말껴서 4.5일정도 걸렸습니다.
사진은 10살 140cm 입니다.
170cm 엄마가 타도 충분합니다.
주의 사항은 안장 고정에 신경을 써줘야 합니다.",5,1,긍정
your*****,2019-06-12T11:06:28.000+00:00,색상: 다크블루,좋아요 배송빨라서 좋아요,3,1,부정
a589***,2019-05-15T12:29:38.000+00:00,색상: 민트,나는 민트를 주문했는데 이게 민트인감요? 첫 주문인데 정신들 차리고 일하세요!,1,1,부정
jiay*******,2019-05-23T13:46:59.000+00:00,색상: 민트,다 괜찮은데 바구니 좀 작아요 ~,4,1,부정
baes*****,2019-05-17T07:50:54.000+00:00,색상: 민트,"가격대비 이쁘고 튼튼하고
넘좋아요",5,1,긍정
h3****,2019-05-20T07:56:05.000+00:00,색상: 민트,95%셋팅 되어서 출고 되었다고 하는데 체인 걸리는 소리가 나고 크기가 생각보다 좀 작네요  자전거대리점 가서 손 좀 봐야 될 것 같아요,3,1,긍정
wpgh***,2019-05-19T01:02:54.000+00:00,색상: 민트,2학년인데 어른까지 타겠어요~,5,1,부정
li****,2019-05-19T23:38:30.000+00:00,색상: 민트,"배송빠르게  보내주셨고
앞바퀴바퀴물받이가 조금
찌그러져왔지만  타는덴 지장없어서 
조립후 잘타고있어요
감사합니다",5,1,긍정
aodr******,2019-05-19T05:53:14.000+00:00,색상: 민트,"배송이 아주빨리왔어요
아이가 좋아하네요",3,1,부정
only******,2019-05-27T06:23:52.000+00:00,색상: 민트,"생일선물로 사줬는데, 좋아하네요^^",5,1,부정
jkj8***,2019-05-23T00:51:45.000+00:00,색상: 민트,빠른 배송이 맘에 드네요,5,1,부정
emon***,2019-05-23T00:12:24.000+00:00,색상: 다크블루,"예뿌네요
아이가좋아해요",4,1,긍정
astr****,2019-05-16T12:32:29.000+00:00,색상: 민트,"배송 빠르네요
가격도 착하고
가성비  짱입니다",5,1,부정
call*****,2019-05-21T17:30:56.000+00:00,색상: 다크블루,배송빠르고 안전하게 왓어요,5,1,부정
wlsd******,2019-05-21T04:01:13.000+00:00,색상: 다크블루,배송도 빠르고 제품도 만족스러웠어요,5,1,부정
60****,2019-05-14T10:58:00.000+00:00,색상: 민트,색깔(민트)이 마음에 들었어요.,4,1,긍정
